label,issue,expire,fl_low,fl_high,polygon
1W,2012-12-01 00:55:00+00:00,2012-12-01 02:55:00+00:00,0.0,25000.0,"POLYGON ((-124.79484155910072 45.12120838027503, -125.83996818416722 44.13038832538427, -125.8546093072244 44.11293144735626, -126.86734568844854 42.57967736248059, -125.70236802454247 43.98524633948342, -124.65724139947596 44.97606639437418, -126.70046328270944 42.46944913263575, -125.68772690148529 44.002703217511424, -124.79484155910072 45.12120838027503))"
WHISKEY 6,2012-12-01 02:35:00+00:00,2012-12-01 06:35:00+00:00,0.0,46000.0,"POLYGON ((-165.3 34.15, -158.15 32.15, -166.15 22.45, -171.15 21.45, -165.3 34.15))"
2W,2012-12-01 02:55:00+00:00,2012-12-01 04:55:00+00:00,0.0,27000.0,"POLYGON ((-123.71442995234209 45.90303240641455, -125.84138642783253 42.44263667031614, -126.78390448557899 42.52456324755817, -126.82511411859153 43.71865616439779, -124.79062790002388 45.80734302055808, -123.71442995234209 45.90303240641455))"
3W,2012-12-01 03:55:00+00:00,2012-12-01 05:55:00+00:00,0.0,28000.0,"POLYGON ((-124.790055163123 45.87225745846328, -124.03630121758334 45.58112447581779, -125.39068409817814 42.45324557155445, -126.89691172653221 41.46719077260102, -126.82511411859153 43.71865616439779, -124.790055163123 45.87225745846328))"
4W,2012-12-01 04:55:00+00:00,2012-12-01 06:55:00+00:00,0.0,28000.0,"POLYGON ((-123.29770628593495 46.35861016887781, -124.35843986116649 42.02517513952692, -126.68947677385287 41.40806751742454, -126.82511411859153 43.71865616439779, -125.17053208661005 46.23958028086831, -123.29770628593495 46.35861016887781))"
5W,2012-12-01 05:55:00+00:00,2012-12-01 07:55:00+00:00,0.0,28000.0,"POLYGON ((-123.69862552281528 45.19425373731874, -124.23 41.169106867209194, -125.98453876734872 40.656719447971255, -125.58208953257629 45.01560894988671, -123.69862552281528 45.19425373731874))"
ALFA 1,2012-12-01 06:15:00+00:00,2012-12-01 10:15:00+00:00,0.0,48000.0,"POLYGON ((-40 29.45, -40 26, -42 24.45, -43 26.15, -40 29.45))"
WHISKEY 7,2012-12-01 06:30:00+00:00,2012-12-01 10:35:00+00:00,0.0,51000.0,"POLYGON ((-163.51 31.42, -160.2 30.59, -166.01 24.16, -169.28 23.49, -163.51 31.42))"
6W,2012-12-01 06:55:00+00:00,2012-12-01 08:55:00+00:00,0.0,27000.0,"POLYGON ((-123.71442995234209 45.90303240641455, -123.71925651984019 41.591112721781705, -125.76526917941072 40.65983173296003, -125.23274896507364 45.39754013604385, -123.71442995234209 45.90303240641455))"
7W,2012-12-01 07:55:00+00:00,2012-12-01 09:55:00+00:00,0.0,26000.0,"POLYGON ((-122.88072041958624 45.12856388885079, -123.91869842875154 40.90486402255473, -125.45284251088728 41.045569651885316, -124.33030481525161 45.040797521495726, -122.88072041958624 45.12856388885079))"
ALFA 2,2012-12-01 10:15:00+00:00,2012-12-01 14:15:00+00:00,0.0,50000.0,"POLYGON ((-40 31.3, -40 26, -42.15 25, -43.15 27, -40 31.3))"
WHISKEY 8,2012-12-01 10:30:00+00:00,2012-12-01 14:35:00+00:00,0.0,51000.0,"POLYGON ((-163.05 31.26, -159.46 30.23, -161.49 26.58, -161.14 25.16, -167.17 19.32, -167.4 23.41, -163.05 31.26))"
ALFA 3,2012-12-01 12:55:00+00:00,2012-12-01 16:55:00+00:00,0.0,35000.0,"POLYGON ((-43 27.3, -40 27, -40 22, -43 27.3))"
BRAVO 1,2012-12-01 14:00:00+00:00,2012-12-01 18:00:00+00:00,32000.0,40000.0,"POLYGON ((-175 43.54054054054054, -164.3 43.54054054054054, -164.3 42.45945945945946, -175 42.45945945945946, -175 43.54054054054054))"
WHISKEY 9,2012-12-01 14:30:00+00:00,2012-12-01 18:35:00+00:00,0.0,51000.0,"POLYGON ((-160.59 29.13, -158.44 28.57, -160.2 24.16, -166.51 18.02, -166.39 20.23, -160.59 29.13))"
BRAVO 2,2012-12-01 14:30:00+00:00,2012-12-01 18:30:00+00:00,32000.0,40000.0,"POLYGON ((-175 43.54054054054054, -164.3 43.54054054054054, -164.3 42.45945945945946, -175 42.45945945945946, -175 43.54054054054054))"
CHARLIE 2,2012-12-01 14:45:00+00:00,2012-12-01 18:45:00+00:00,32000.0,40000.0,"POLYGON ((165.117259706929 44.82766868118051, 174.117259706929 42.82766868118051, 173.882740293071 41.77233131881948, 164.882740293071 43.77233131881948, 165.117259706929 44.82766868118051))"
CHARLIE 1,2012-12-01 14:45:00+00:00,2012-12-01 18:45:00+00:00,32000.0,40000.0,"POLYGON ((174 42.45945945945946, 170 42.45945945945946, 170 43.54054054054054, 174 43.54054054054054, 174 42.45945945945946))"
WHISKEY 10,2012-12-01 16:30:00+00:00,2012-12-01 20:30:00+00:00,0.0,48000.0,"POLYGON ((-158.45 30, -154.45 29.45, -158 24.15, -163.45 18.15, -167.45 18.3, -158.45 30))"
ALFA 4,2012-12-01 16:30:00+00:00,2012-12-01 20:30:00+00:00,0.0,35000.0,"POLYGON ((-40 27, -40 22, -42.3 22.3, -40 27))"
CHARLIE 3,2012-12-01 18:45:00+00:00,2012-12-01 22:45:00+00:00,32000.0,40000.0,"POLYGON ((170.769202674095 46.256400891365004, 172.769202674095 40.256400891365004, 171.230797325905 39.743599108634996, 169.230797325905 45.743599108634996, 170.769202674095 46.256400891365004))"
CHARLIE 4,2012-12-01 19:00:00+00:00,2012-12-01 23:00:00+00:00,28000.0,42000.0,"POLYGON ((170.769202674095 46.256400891365004, 172.769202674095 40.256400891365004, 171.230797325905 39.743599108634996, 169.230797325905 45.743599108634996, 170.769202674095 46.256400891365004))"
WHISKEY 11,2012-12-01 20:10:00+00:00,2012-12-02 00:10:00+00:00,0.0,48000.0,"POLYGON ((-157.45 30, -154 29.45, -158 24.3, -165.15 17, -171.3 15.15, -157.45 30))"
CHARLIE 5,2012-12-01 23:00:00+00:00,2012-12-02 03:00:00+00:00,32000.0,39000.0,"POLYGON ((175.74598921631738 43.76767004905382, 180.19598921631737 33.31767004905382, 178.7040107836826 32.68232995094618, 174.25401078368262 43.132329950946186, 175.74598921631738 43.76767004905382))"
WHISKEY 12,2012-12-02 00:08:00+00:00,2012-12-02 04:10:00+00:00,0.0,48000.0,"POLYGON ((-159 23.15, -166.15 15.15, -168.45 18, -163.3 23.15, -159 23.15))"
VICTOR 1,2012-12-02 00:08:00+00:00,2012-12-02 04:10:00+00:00,0.0,46000.0,"POLYGON ((-153.45 30, -155.15 27.3, -160.15 26.3, -158.3 29.3, -153.45 30))"
1E,2012-12-02 00:20:00+00:00,2012-12-02 02:55:00+00:00,0.0,28000.0,"POLYGON ((-86.57183952163146 44.091009324912, -86.21547473243919 43.47727608896772, -87.44120723243894 42.862262156768836, -87.82415150494407 43.119095253881625, -86.57183952163146 44.091009324912))"
BRAVO 1,2012-12-02 00:45:00+00:00,2012-12-02 04:45:00+00:00,0.0,38000.0,"POLYGON ((-61 26.3, -63.3 22.15, -68.15 22.45, -66 26, -61 26.3))"
2E,2012-12-02 00:55:00+00:00,2012-12-02 02:55:00+00:00,0.0,28000.0,"POLYGON ((-86.36878657070916 44.078852437569964, -85.77611777559872 43.6308128381232, -87.2326099551059 42.79687486521289, -87.64630165112814 43.30925486933729, -86.36878657070916 44.078852437569964))"
3E,2012-12-02 01:55:00+00:00,2012-12-02 03:55:00+00:00,0.0,28000.0,"POLYGON ((-85.81645721336143 44.20857399630089, -85.22565339572648 43.755332792238704, -86.4606181179614 43.041895329625646, -87.6303284141432 43.58873359749449, -85.81645721336143 44.20857399630089))"
VICTOR 2,2012-12-02 02:49:00+00:00,2012-12-02 06:50:00+00:00,0.0,42000.0,"POLYGON ((-153.45 30, -156 27.3, -158.45 27.15, -157.3 29.45, -153.45 30))"
WHISKEY 13,2012-12-02 02:54:00+00:00,2012-12-20 06:55:00+00:00,0.0,48000.0,"POLYGON ((-161.3 24.3, -158.45 23.45, -165.3 15, -168.15 15.3, -165.15 20.45, -161.3 24.3))"
4E,2012-12-02 02:55:00+00:00,2012-12-02 04:55:00+00:00,0.0,30000.0,"POLYGON ((-85.55 44.170893132790816, -84.56964511433613 43.881880980101606, -85.82903152250668 43.23347296289728, -86.88650195861256 43.421554361752456, -85.55 44.170893132790816))"
1W,2012-12-02 02:55:00+00:00,2012-12-02 04:55:00+00:00,0.0,25000.0,"POLYGON ((-124.92432803743179 47.559609763325824, -124.74532224777816 46.69413791939922, -125.26028867685258 46.05741970525993, -125.11813870767847 47.510239487870464, -124.91998025707301 46.732337769221665, -125.4157940251956 46.18318968036019, -124.90082759612118 46.81990789449947, -124.72616958682633 46.781708044677025, -124.92432803743179 47.559609763325824))"
5E,2012-12-02 03:55:00+00:00,2012-12-02 05:55:00+00:00,0.0,27000.0,"POLYGON ((-85.55 44.170893132790816, -84.56964511433613 43.881880980101606, -85.82903152250668 43.23347296289728, -86.88650195861256 43.421554361752456, -85.55 44.170893132790816))"
6E,2012-12-02 03:55:00+00:00,2012-12-02 05:55:00+00:00,0.0,25000.0,"POLYGON ((-85.18060100899154 42.554273934956434, -84.49300648923911 42.20452299900412, -84.93521336088439 41.44083525882216, -85.8738699088414 41.76913706561058, -85.18060100899154 42.554273934956434))"
7E,2012-12-02 04:55:00+00:00,2012-12-02 06:55:00+00:00,0.0,27000.0,"POLYGON ((-82.30757952064896 44.76323995603632, -82.31931268156929 44.126647723900504, -86.11 42.80273791147278, -86.3927424669127 43.784281109779194, -82.30757952064896 44.76323995603632))"
8E,2012-12-02 05:55:00+00:00,2012-12-02 07:55:00+00:00,0.0,30000.0,"POLYGON ((-82.30757952064896 44.76323995603632, -82.36672524128886 43.87427940158966, -85.66000234828692 42.672247881938034, -85.5979399739475 43.93768018229378, -82.30757952064896 44.76323995603632))"
VICTOR 3,2012-12-02 06:37:00+00:00,2012-12-02 10:40:00+00:00,0.0,44000.0,"POLYGON ((-153.4 30.07, -161.22 22.4, -164.41 23.4, -157.31 29.58, -153.4 30.07))"
9E,2012-12-02 06:55:00+00:00,2012-12-02 08:55:00+00:00,0.0,30000.0,"POLYGON ((-83.37 41.87726208852721, -83.07258124488554 41.031507153297625, -84.78358847629164 40.85195233492249, -84.71999954013063 41.33197033095816, -83.37 41.87726208852721))"
10E,2012-12-02 08:55:00+00:00,2012-12-02 10:55:00+00:00,0.0,26000.0,"POLYGON ((-85.75091143919602 42.76315697284713, -85.56909325737783 42.76315697284713, -85.56909325737783 42.58133879102894, -85.75091143919602 42.58133879102894, -85.75091143919602 42.76315697284713))"
VICTOR 4,2012-12-02 09:33:00+00:00,2012-12-02 13:35:00+00:00,0.0,44000.0,"POLYGON ((-157.31 29.58, -153.42 29.58, -157.05 26.56, -160.28 27.23, -157.31 29.58))"
XRAY 1,2012-12-02 09:39:00+00:00,2012-12-02 13:40:00+00:00,0.0,41000.0,"POLYGON ((-160.24 22.29, -159.26 22, -160.43 20.17, -161.56 20.44, -160.24 22.29))"
11E,2012-12-02 09:55:00+00:00,2012-12-02 11:55:00+00:00,0.0,26000.0,"POLYGON ((-84.6841139702453 42.8773317674975, -84.50229578842712 42.8773317674975, -84.50229578842712 42.695513585679315, -84.6841139702453 42.695513585679315, -84.6841139702453 42.8773317674975))"
VICTOR 5,2012-12-02 11:56:00+00:00,2012-12-02 16:00:00+00:00,0.0,45000.0,"POLYGON ((-162.32 31.4, -153.43 30.35, -161.42 24.5, -166.59 25.53, -162.32 31.4))"
CHARLIE 1,2012-12-02 14:15:00+00:00,2012-12-02 18:15:00+00:00,0.0,35000.0,"POLYGON ((-40 37.3, -40 31.45, -44.45 32, -44.45 35.3, -40 37.3))"
VICTOR 6,2012-12-02 15:17:00+00:00,2012-12-02 19:20:00+00:00,0.0,45000.0,"POLYGON ((-160.49 34.04, -152.56 29.52, -160.32 23.43, -165.56 25.5, -160.49 34.04))"
MIKE 2,2012-12-02 15:35:00+00:00,2012-12-02 19:35:00+00:00,0.0,41000.0,"POLYGON ((-74 30.3, -71.15 30.3, -75.45 26, -78.15 26.15, -74 30.3))"
DELTA 1,2012-12-02 15:50:00+00:00,2012-12-02 19:50:00+00:00,0.0,42000.0,"POLYGON ((-147.45 37.15, -150.45 30, -162 30, -156.45 35.3, -147.45 37.15))"
VICTOR 7,2012-12-02 16:25:00+00:00,2012-12-02 20:25:00+00:00,0.0,45000.0,"POLYGON ((-150.54 30, -160.18 21.24, -163.09 23.06, -163.3 26.42, -162.18 30, -150.54 30))"
MIKE 2,2012-12-02 16:50:00+00:00,2012-12-02 20:50:00+00:00,0.0,41000.0,"POLYGON ((-73.45 30, -71.3 29.45, -75.3 25.45, -77.45 26.15, -73.45 30))"
CHARLIE 2,2012-12-02 18:00:00+00:00,2012-12-02 22:00:00+00:00,0.0,35000.0,"POLYGON ((-40 38.45, -40 34, -43.3 32.45, -44.15 37, -40 38.45))"
DELTA 2,2012-12-02 19:40:00+00:00,2012-12-02 23:40:00+00:00,0.0,42000.0,"POLYGON ((-146.3 38, -150.45 30, -162 30, -156.15 36.3, -146.3 38))"
VICTOR 8,2012-12-02 20:25:00+00:00,2012-12-03 00:25:00+00:00,0.0,45000.0,"POLYGON ((-160.18 30, -150.3 30, -160.12 23.18, -161.54 26.3, -160.18 30))"
DELTA 3,2012-12-02 23:15:00+00:00,2012-12-03 03:15:00+00:00,0.0,45000.0,"POLYGON ((-141 38, -144.15 30, -158 30, -153.45 36.45, -141 38))"
2W,2012-12-02 23:25:00+00:00,2012-12-03 00:55:00+00:00,0.0,25000.0,"POLYGON ((-112.08028306018693 43.402222365049184, -112.40172341675583 42.71396424699441, -113.24450070830288 42.3594805642164, -111.92573587141123 43.27527683956076, -112.36322115334998 42.74266948538867, -113.32204337026688 42.54383656649334, -112.47926607871983 42.89832024927135, -112.51776834212568 42.86961501087709, -112.08028306018693 43.402222365049184))"
3W,2012-12-02 23:55:00+00:00,2012-12-03 01:55:00+00:00,0.0,25000.0,"POLYGON ((-111.94629792056911 43.523540892144645, -112.26944047182742 42.554840930773544, -112.83840303724905 42.11969218275208, -111.77184231432291 43.42573883976704, -112.24296294091205 42.58537166414404, -112.9599035816645 42.27855570187068, -112.39094101624288 42.71370444989214, -112.41741854715825 42.683173716521644, -111.94629792056911 43.523540892144645))"
VICTOR 9,2012-12-03 00:26:00+00:00,2012-12-03 04:25:00+00:00,0.0,45000.0,"POLYGON ((-158 30, -145.3 30, -156.3 23, -161 25.3, -158 30))"
1W,2012-12-03 02:08:00+00:00,2012-12-03 03:55:00+00:00,0.0,30000.0,"POLYGON ((-114.14670407102221 40.19905401177915, -114.79804142914965 39.547296077953206, -115.9832801786265 38.82653308630741, -114.03929198406149 40.030345258079926, -114.79629395651965 39.548383534623184, -116.08719732032722 38.997416753346585, -114.90195857085037 39.71817974499238, -114.90370604348037 39.717092288322405, -114.14670407102221 40.19905401177915))"
2W,2012-12-03 02:55:00+00:00,2012-12-03 04:55:00+00:00,0.0,30000.0,"POLYGON ((-110.58659971091409 42.226087198708484, -111.74344110885566 39.88570045820868, -114.99311054464933 38.719023877543414, -115.92490618625733 39.29505777338911, -111.55171828726712 42.196495871658506, -110.58659971091409 42.226087198708484))"
3W,2012-12-03 03:55:00+00:00,2012-12-03 05:55:00+00:00,0.0,30000.0,"POLYGON ((-110.62126267507642 41.656624311216, -109.17700558329034 41.472252473023865, -111.31175701792806 39.67587535735637, -114.84159554513819 38.602058551282326, -115.30377969680511 38.94619518231154, -110.62126267507642 41.656624311216))"
VICTOR 10,2012-12-03 04:19:00+00:00,2012-12-03 08:20:00+00:00,0.0,42000.0,"POLYGON ((-153.3 31.3, -148.3 31, -149.3 29.3, -156.3 27, -158.3 28, -153.3 31.3))"
ECHO 1,2012-12-03 04:20:00+00:00,2012-12-03 08:20:00+00:00,32000.0,40000.0,"POLYGON ((-55 31.45, -54 28.15, -60 24.15, -61.15 26.3, -60 30, -55 31.45))"
4W,2012-12-03 04:55:00+00:00,2012-12-03 06:55:00+00:00,0.0,28000.0,"POLYGON ((-110.4486162060239 41.13545561217925, -109.35384886826157 40.725624342598714, -111.3295626727824 39.751793032858124, -113.33079902367598 38.24523983824482, -114.85000000000001 38.80089313279083, -110.4486162060239 41.13545561217925))"
FOXTROT 1,2012-12-03 05:30:00+00:00,2012-12-03 09:30:00+00:00,0.0,45000.0,"POLYGON ((-40 38, -40 34.45, -42.15 34.45, -42 37.45, -40 38))"
VICTOR 11,2012-12-03 06:35:00+00:00,2012-12-03 10:35:00+00:00,0.0,42000.0,"POLYGON ((-151 32, -148.3 31, -152.3 27.3, -155 28.3, -151 32))"
VICTOR 12,2012-12-03 08:15:00+00:00,2012-12-03 12:15:00+00:00,0.0,40000.0,"POLYGON ((-150 32, -146 31, -149.3 27, -151.3 28, -154 26.3, -156.3 27, -150 32))"
GOLF 1,2012-12-03 15:30:00+00:00,2012-12-03 19:30:00+00:00,0.0,32000.0,"POLYGON ((-60.45 43.15, -63.3 39.15, -65.15 41, -63.3 42.45, -60.45 43.15))"
1C,2012-12-03 18:55:00+00:00,2012-12-03 20:55:00+00:00,0.0,45000.0,"POLYGON ((-93.99580577507679 29.818693376637544, -92.7033548973466 29.78645152874501, -93.11 28.143572531163294, -94.39425047683054 28.04616856105403, -93.99580577507679 29.818693376637544))"
2C,2012-12-03 19:55:00+00:00,2012-12-03 21:55:00+00:00,0.0,45000.0,"POLYGON ((-92.96321595955078 29.83250860861931, -93.11 28.30994148689969, -93.74317738701265 28.538568298201877, -93.99580577507679 29.818693376637544, -92.96321595955078 29.83250860861931))"
ECHO 1,2012-12-03 19:55:00+00:00,2012-12-03 23:55:00+00:00,0.0,44000.0,"POLYGON ((-148.45 33, -144.15 32.3, -145 30, -149.3 30, -148.45 33))"
HOTEL 1,2012-12-03 19:55:00+00:00,2012-12-03 23:55:00+00:00,0.0,32000.0,"POLYGON ((-62.45 42.15, -58.15 41.15, -61.3 38, -64.45 38.45, -62.45 42.15))"
3C,2012-12-03 20:55:00+00:00,2012-12-03 22:55:00+00:00,0.0,42000.0,"POLYGON ((-92.83858212268726 29.90443960817744, -93.11 28.30994148689969, -93.97750880328364 28.292691090479412, -93.81910307555934 29.88342798996715, -92.83858212268726 29.90443960817744))"
YANKEE 1,2012-12-03 21:43:00+00:00,2012-12-04 01:45:00+00:00,0.0,55000.0,"POLYGON ((158.4 7.5, 165.1 6.3, 166 3.2, 160 3.4, 160 1.5, 157.2 2.1, 156.5 4.3, 158.4 7.5))"
1E,2012-12-03 22:55:00+00:00,2012-12-04 00:55:00+00:00,0.0,25000.0,"POLYGON ((-85.8286043464388 46.78496429338158, -84.75688814729885 46.53646435777024, -85.71508389533295 44.55224031995968, -86.71960838364679 44.66403103341253, -85.8286043464388 46.78496429338158))"
HOTEL 2,2012-12-03 23:45:00+00:00,2012-12-04 03:45:00+00:00,0.0,32000.0,"POLYGON ((-57.3 41, -58.3 39, -62.3 38, -62.3 40.3, -57.3 41))"
2E,2012-12-03 23:55:00+00:00,2012-12-04 01:55:00+00:00,0.0,29000.0,"POLYGON ((-86.05462904487207 46.72414877528793, -84.31 46.41, -84.31000000000002 45.91089313279081, -86.07329922110323 45.96029077467616, -86.05462904487207 46.72414877528793))"
YANKEE 2,2012-12-04 00:08:00+00:00,2012-12-04 04:10:00+00:00,0.0,55000.0,"POLYGON ((158 8.4, 163.5 7, 162.4 3.4, 155.3 3.4, 158 8.4))"
YANKEE 3,2012-12-04 01:36:00+00:00,2012-12-04 05:40:00+00:00,0.0,55000.0,"POLYGON ((163.1 8.2, 163.4 6, 157.5 4.5, 155.4 5.2, 156.5 8.1, 163.1 8.2))"
1C,2012-12-04 01:55:00+00:00,2012-12-04 03:55:00+00:00,0.0,30000.0,"POLYGON ((-93.83232907818 37.79479157972025, -93.71990552464736 37.62938013933266, -94.98465857166721 36.76977797666463, -95.09708212519985 36.935189417052214, -93.83232907818 37.79479157972025))"
HOTEL 3,2012-12-04 02:15:00+00:00,2012-12-04 06:15:00+00:00,0.0,30000.0,"POLYGON ((-62.3 39.3, -57 39.3, -62 37, -62.3 39.3))"
2C,2012-12-04 02:55:00+00:00,2012-12-04 04:55:00+00:00,0.0,35000.0,"POLYGON ((-93.71504101542168 38.05285549080251, -93.59107527110747 37.89590806573084, -95.918336075611 36.057708950888326, -96.0423018199252 36.21465637595999, -93.71504101542168 38.05285549080251))"
YANKEE 4,2012-12-04 03:21:00+00:00,2012-12-04 07:25:00+00:00,0.0,56000.0,"POLYGON ((155.2 8.3, 160.3 8.3, 161.4 5.4, 156 3.4, 153.4 6, 155.2 8.3))"
3C,2012-12-04 03:55:00+00:00,2012-12-04 05:55:00+00:00,0.0,37000.0,"POLYGON ((-94.43207927324401 37.23123099480937, -94.29791101787647 37.08291080315755, -96.03605501331002 35.51061140920635, -96.17022326867756 35.65893160085817, -94.43207927324401 37.23123099480937))"
HOTEL 4,2012-12-04 04:15:00+00:00,2012-12-04 08:15:00+00:00,0.0,34000.0,"POLYGON ((-59.3 39.3, -57.3 37.3, -62.3 37.3, -59.3 39.3))"
4C,2012-12-04 04:55:00+00:00,2012-12-04 06:55:00+00:00,0.0,38000.0,"POLYGON ((-93.77549645052238 37.312488590446385, -93.6567053697928 37.151588997099786, -95.73060445963522 35.62044333611753, -95.8493955403648 35.78134292946413, -93.77549645052238 37.312488590446385))"
ZULU 1,2012-12-04 05:22:00+00:00,2012-12-04 09:22:00+00:00,0.0,48000.0,"POLYGON ((-169.3 9, -164 7, -169 6, -171.3 3.3, -175 6, -169.3 9))"
5C,2012-12-04 05:55:00+00:00,2012-12-04 07:55:00+00:00,0.0,38000.0,"POLYGON ((-93.57654084222489 37.38077118938487, -93.46988846884756 37.21158114460391, -95.73667381331134 35.78266706613674, -95.84332618668867 35.9518571109177, -93.57654084222489 37.38077118938487))"
6C,2012-12-04 06:55:00+00:00,2012-12-04 08:55:00+00:00,0.0,40000.0,"POLYGON ((-91.87152552710461 38.123820259802706, -91.7601051847351 37.957731406154245, -95.42115068782147 35.50172707820803, -95.53257103019098 35.66781593185649, -91.87152552710461 38.123820259802706))"
YANKEE 5,2012-12-04 07:10:00+00:00,2012-12-04 11:10:00+00:00,0.0,55000.0,"POLYGON ((156 8.3, 159.3 6, 155 2, 151 7.3, 156 8.3))"
7C,2012-12-04 07:55:00+00:00,2012-12-04 09:55:00+00:00,0.0,40000.0,"POLYGON ((-91.13751880744886 38.46993547034955, -91.02315915412416 38.30585661829526, -95.00933207048905 35.52757442591978, -95.12369172381375 35.69165327797407, -91.13751880744886 38.46993547034955))"
8C,2012-12-04 08:55:00+00:00,2012-12-04 10:55:00+00:00,0.0,40000.0,"POLYGON ((-90.54758529232319 38.60096574014361, -92.13770511034014 36.87985511869384, -95.17241015367284 35.63551299585461, -90.41241470767682 38.453558436910825, -92.10805809696609 36.89867544770073, -95.24828671157113 35.82056095710118, -92.21358166823842 37.06490307994041, -92.24322868161246 37.046082750933515, -90.54758529232319 38.60096574014361))"
ZULU 2,2012-12-04 08:55:00+00:00,2012-12-04 12:55:00+00:00,0.0,48000.0,"POLYGON ((-171 9, -166 6, -170.3 2.3, -176 6.3, -171 9))"
9C,2012-12-04 09:55:00+00:00,2012-12-04 11:55:00+00:00,0.0,40000.0,"POLYGON ((-92.74838872567811 37.5495776643868, -91.50936662565147 37.18464102448923, -94.27 35.05726208852721, -94.94517724369466 36.24716639307991, -92.74838872567811 37.5495776643868))"
10C,2012-12-04 09:55:00+00:00,2012-12-04 11:55:00+00:00,0.0,40000.0,"POLYGON ((-92.7745568091543 31.02442689702429, -91.82616132357963 30.67990317510534, -93.97750880328364 28.292691090479412, -94.91416845680416 28.243499346776428, -92.7745568091543 31.02442689702429))"
YANKEE 6,2012-12-04 09:55:00+00:00,2012-12-04 13:55:00+00:00,0.0,55000.0,"POLYGON ((146 11.3, 151 9.3, 155 6.3, 152 5.3, 145.3 10, 146 11.3))"
11C,2012-12-04 10:55:00+00:00,2012-12-04 12:55:00+00:00,0.0,40000.0,"POLYGON ((-90.46981515099104 37.208641955032, -93.95996591937745 34.774783481838234, -95.03058532713813 35.942931889211366, -93.17045194639694 37.052482923472624, -90.46981515099104 37.208641955032))"
12C,2012-12-04 10:55:00+00:00,2012-12-04 12:55:00+00:00,0.0,40000.0,"POLYGON ((-92.5 31.26, -91.51271010417838 30.950925413285248, -93.97750880328364 28.292691090479412, -94.74064956887278 28.177940597052682, -92.5 31.26))"
13C,2012-12-04 11:55:00+00:00,2012-12-04 13:55:00+00:00,0.0,40000.0,"POLYGON ((-92.4927753061628 37.35704960400644, -90.23 36.83815522131805, -94.6242549929556 33.69976654940333, -95.02178465790487 35.13300231982025, -92.4927753061628 37.35704960400644))"
14C,2012-12-04 11:55:00+00:00,2012-12-04 13:55:00+00:00,0.0,40000.0,"POLYGON ((-92.3203119342456 31.196208362314515, -90.99257643521081 31.104482076982755, -94.04841832680896 28.138501521682947, -94.69758301530031 28.575049710091037, -92.3203119342456 31.196208362314515))"
ZULU 3,2012-12-04 12:17:00+00:00,2012-12-04 16:15:00+00:00,0.0,50000.0,"POLYGON ((-170.3 9.3, -163 7, -170.3 2.3, -178.3 4.3, -170.3 9.3))"
15C,2012-12-04 12:55:00+00:00,2012-12-04 14:55:00+00:00,0.0,40000.0,"POLYGON ((-91.86493596591734 37.35096498799105, -90.538140537513 36.10929520613403, -94.27 34.72452417705442, -94.42679228464698 35.69730859080518, -91.86493596591734 37.35096498799105))"
16C,2012-12-04 12:55:00+00:00,2012-12-04 14:55:00+00:00,0.0,40000.0,"POLYGON ((-91.91613269755433 31.258680358981128, -91.21599953534887 30.643683980427163, -94.04841832680896 28.138501521682947, -94.69758301530031 28.575049710091037, -91.91613269755433 31.258680358981128))"
17C,2012-12-04 12:55:00+00:00,2012-12-04 14:55:00+00:00,0.0,33000.0,"POLYGON ((-85.44819521672581 38.240602502983606, -85.32082270153067 38.08640703491511, -87.20251902158923 36.53203973656597, -87.32989153678436 36.686235204634464, -85.44819521672581 38.240602502983606))"
INDIA 1,2012-12-04 13:20:00+00:00,2012-12-04 17:20:00+00:00,0.0,39000.0,"POLYGON ((-40 30, -40 24.45, -44.45 24.45, -43.3 29.15, -40 30))"
YANKEE 7,2012-12-04 13:25:00+00:00,2012-12-04 17:25:00+00:00,0.0,52000.0,"POLYGON ((144.3 11, 149 9.3, 152 6.3, 150 5, 146.3 8, 144.3 11))"
18C,2012-12-04 13:55:00+00:00,2012-12-04 15:55:00+00:00,0.0,40000.0,"POLYGON ((-91.32304704344769 38.10071131032931, -89.83193315913948 36.900803767097244, -93.41166701078076 34.681112093951626, -94.41409371323955 35.272273795047624, -91.32304704344769 38.10071131032931))"
19C,2012-12-04 13:55:00+00:00,2012-12-04 15:55:00+00:00,0.0,40000.0,"POLYGON ((-91.13179596163505 32.19840184218151, -90.26 30.967262088527225, -94.04841832680896 28.138501521682947, -94.69758301530031 28.575049710091037, -91.13179596163505 32.19840184218151))"
20C,2012-12-04 13:55:00+00:00,2012-12-04 15:55:00+00:00,0.0,33000.0,"POLYGON ((-84.75756106010961 38.602665526415194, -84.6424389398904 38.43912073916647, -87.57793533052836 36.37277197885921, -87.69305745074757 36.53631676610794, -84.75756106010961 38.602665526415194))"
FOXTROT 1,2012-12-04 14:50:00+00:00,2012-12-04 18:50:00+00:00,0.0,45000.0,"POLYGON ((170.3 36.45, 171.45 33.45, 167.45 32.15, 167 35.15, 170.3 36.45))"
21C,2012-12-04 14:55:00+00:00,2012-12-04 16:55:00+00:00,0.0,40000.0,"POLYGON ((-87.43439737751142 38.54437264639376, -89.61176928872652 36.25492827959779, -91.34023482709601 35.340840671314346, -94.27 34.55815522131803, -90.86053927837679 37.668321685900366, -87.43439737751142 38.54437264639376))"
22C,2012-12-04 14:55:00+00:00,2012-12-04 16:55:00+00:00,0.0,40000.0,"POLYGON ((-91.13179596163505 32.19840184218151, -90.26 30.967262088527225, -94.04841832680896 28.138501521682947, -94.69758301530031 28.575049710091037, -91.13179596163505 32.19840184218151))"
23C,2012-12-04 14:55:00+00:00,2012-12-04 16:55:00+00:00,0.0,33000.0,"POLYGON ((-85.00520455318964 38.17871524713741, -84.88633212541923 38.01787574354464, -87.05955355932849 36.41170249530096, -87.1784259870989 36.572541998893726, -85.00520455318964 38.17871524713741))"
ZULU 4,2012-12-04 15:33:00+00:00,2012-12-04 19:35:00+00:00,0.0,50000.0,"POLYGON ((-169 9, -162 8, -169.3 2, -177.3 4.3, -169 9))"
YANKEE 8,2012-12-04 15:35:00+00:00,2012-12-04 19:35:00+00:00,0.0,52000.0,"POLYGON ((146.3 10, 150.3 6.3, 148.3 4.3, 144.3 9, 146.3 10))"
24C,2012-12-04 15:55:00+00:00,2012-12-04 17:55:00+00:00,0.0,40000.0,"POLYGON ((-86.84199799864682 38.72075875392721, -89.32 36.02, -90.99570825666942 35.01576881035552, -94.6242549929556 33.69976654940333, -91.8316342939706 36.81262527272227, -86.84199799864682 38.72075875392721))"
25C,2012-12-04 16:55:00+00:00,2012-12-04 18:55:00+00:00,0.0,40000.0,"POLYGON ((-87.25 38.65815522131805, -87.1738775961789 38.11954806996818, -90.12385486754178 35.13755578455775, -94.6242549929556 33.69976654940333, -92.79345155051917 35.79699467114139, -87.25 38.65815522131805))"
26C,2012-12-04 17:55:00+00:00,2012-12-04 19:55:00+00:00,0.0,40000.0,"POLYGON ((-86.76145450672361 38.566741806121556, -86.70542469117643 37.92529427799425, -89.37056159140822 35.01847672938205, -94.07 33.51, -93.04573450558972 35.38279149165402, -86.76145450672361 38.566741806121556))"
27C,2012-12-04 17:55:00+00:00,2012-12-04 19:55:00+00:00,0.0,40000.0,"POLYGON ((-89.70651437977187 31.769376365022016, -92.31360642950564 28.446843926913996, -97.29550783166961 28.20733436218424, -97.17412572936232 30.252184507793576, -95.80205953072348 31.53747738328739, -89.70651437977187 31.769376365022016))"
FOXTROT 2,2012-12-04 18:20:00+00:00,2012-12-04 22:20:00+00:00,0.0,45000.0,"POLYGON ((172.45 37.45, 174.3 34.15, 168 32.3, 167.3 35, 172.45 37.45))"
28C,2012-12-04 18:55:00+00:00,2012-12-04 20:55:00+00:00,0.0,40000.0,"POLYGON ((-85.90637555986719 38.71436989484397, -88.18530744532066 35.63264639609369, -93.04243792398498 32.6448138941167, -93.68476638691838 34.277929553358355, -90.71218003793867 36.57088014937359, -85.90637555986719 38.71436989484397))"
29C,2012-12-04 18:55:00+00:00,2012-12-04 20:55:00+00:00,0.0,40000.0,"POLYGON ((-91.61979800349016 32.87222388479775, -90.57544635389695 29.848752505488765, -97.06350101484523 27.899488443853752, -97.17412572936232 30.252184507793576, -92.96722194107782 32.798678519623316, -91.61979800349016 32.87222388479775))"
30C,2012-12-04 19:55:00+00:00,2012-12-04 21:55:00+00:00,0.0,40000.0,"POLYGON ((-89.91089850714192 37.05474913536524, -88.61704676163279 35.08681842954281, -90.39766398805854 32.970909817047776, -92.59516544037785 32.048217220072466, -93.14488707757177 33.82489832260137, -89.91089850714192 37.05474913536524))"
31C,2012-12-04 19:55:00+00:00,2012-12-04 21:55:00+00:00,0.0,40000.0,"POLYGON ((-94.45034416213147 31.804825488468147, -91.94675343382102 31.72937823056986, -90.13579526712327 29.96757114609794, -97.06350101484523 27.899488443853752, -97.17412572936232 30.252184507793576, -94.45034416213147 31.804825488468147))"
32C,2012-12-04 19:55:00+00:00,2012-12-04 21:55:00+00:00,0.0,38000.0,"POLYGON ((-85.54808372556776 38.8429809089284, -87.49938778712297 37.39505118948579, -87.52639148946089 37.36476094381821, -88.46024677371943 35.74795982187129, -87.38020842229801 37.23443898882868, -85.4289043607428 38.68236870827129, -88.28706000421863 35.64792811254934, -87.35320471996009 37.26472923449626, -85.54808372556776 38.8429809089284))"
33C,2012-12-04 20:55:00+00:00,2012-12-04 22:55:00+00:00,0.0,40000.0,"POLYGON ((-90.18651359808558 36.36224755172515, -87.62777489330361 35.81792757448312, -89.48234216612482 33.45744597813521, -92.79988211775628 31.8744716170871, -93.47140605564701 33.50856061925483, -90.18651359808558 36.36224755172515))"
34C,2012-12-04 20:55:00+00:00,2012-12-04 22:55:00+00:00,0.0,40000.0,"POLYGON ((-94.45034416213147 31.804825488468147, -89.84850227976207 30.946421966718926, -90.1 29.18, -97.06350101484523 27.899488443853752, -97.17412572936232 30.252184507793576, -94.45034416213147 31.804825488468147))"
35C,2012-12-04 20:55:00+00:00,2012-12-04 22:55:00+00:00,0.0,38000.0,"POLYGON ((-84.90880628113294 38.80146369258298, -86.88792854958524 37.786836222790946, -86.9297287549839 37.74640378246503, -87.79743073521578 36.18414527202751, -86.79668708144399 37.60886152096108, -84.81756481299169 38.62348899075311, -87.62258885627722 36.08703545084947, -86.75488687604533 37.64929396128699, -84.90880628113294 38.80146369258298))"
1E,2012-12-04 21:55:00+00:00,2012-12-04 23:55:00+00:00,0.0,32000.0,"POLYGON ((-84.2480001706834 38.666203929371676, -85.86459917321937 36.73761094631314, -86.63212182885454 36.8661785981093, -85.33574018850382 38.560862546232066, -84.2480001706834 38.666203929371676))"
36C,2012-12-04 21:55:00+00:00,2012-12-04 23:55:00+00:00,0.0,45000.0,"POLYGON ((-87.09910095748555 35.47790203253922, -93.97750880328364 28.292691090479412, -97.17319299687898 28.13502423335529, -92.96963348234651 33.72090384528462, -87.09910095748555 35.47790203253922))"
37C,2012-12-04 22:55:00+00:00,2012-12-05 00:55:00+00:00,0.0,45000.0,"POLYGON ((-88.58647644583182 33.643681395730304, -93.97750880328364 28.292691090479412, -97.17319299687898 28.13502423335529, -93.0221335565705 33.494962870291, -88.58647644583182 33.643681395730304))"
38C,2012-12-04 23:55:00+00:00,2012-12-05 01:55:00+00:00,0.0,42000.0,"POLYGON ((-88.2995198342207 34.70732305395598, -88.20677986242241 32.87481068160524, -93.44492912534544 32.64213722871149, -93.33687531458527 33.25857422352877, -88.2995198342207 34.70732305395598))"
39C,2012-12-04 23:55:00+00:00,2012-12-05 01:55:00+00:00,0.0,45000.0,"POLYGON ((-92.04 32.52, -91.59792160603413 31.57518423005951, -93.27848409309142 31.257653995815662, -93.50919905695018 32.15482068349432, -92.04 32.52))"
40C,2012-12-04 23:55:00+00:00,2012-12-05 01:55:00+00:00,0.0,45000.0,"POLYGON ((-91.29 30.49, -92.31360642950564 28.446843926913996, -97.51193817282255 27.746276456047113, -95.92608206591001 29.95874695152936, -91.29 30.49))"
1C,2012-12-05 00:55:00+00:00,2012-12-05 02:55:00+00:00,0.0,43000.0,"POLYGON ((-93.38860577586865 33.122217142497185, -88.93146213409968 33.13636413219181, -89.16452037914094 32.50680898743518, -93.22117777636873 31.51265379423271, -93.38860577586865 33.122217142497185))"
2C,2012-12-05 00:55:00+00:00,2012-12-05 02:55:00+00:00,0.0,45000.0,"POLYGON ((-91.82616132357963 30.67990317510534, -90.92345715177676 29.720962911403277, -93.11 28.143572531163294, -97.44 27.40089313279082, -97.00962398334319 28.503532253018168, -91.82616132357963 30.67990317510534))"
3C,2012-12-05 01:55:00+00:00,2012-12-05 03:55:00+00:00,0.0,43000.0,"POLYGON ((-89.5452115586431 33.203164668818594, -89.16349441814505 32.25214511112951, -93.04051957604888 31.449869188631517, -93.26043264071424 32.95980087922701, -89.5452115586431 33.203164668818594))"
4C,2012-12-05 01:55:00+00:00,2012-12-05 03:55:00+00:00,0.0,45000.0,"POLYGON ((-91.29 30.98910686720917, -90.76725683462605 29.847782253663137, -93.11 28.143572531163294, -97.44 27.23452417705443, -97.57325791437071 28.017576519544736, -91.29 30.98910686720917))"
5C,2012-12-05 02:55:00+00:00,2012-12-05 04:55:00+00:00,0.0,40000.0,"POLYGON ((-92.31976583264029 32.75497176625328, -89.57815471757871 32.50861457519895, -89.35431916457122 31.908223781997542, -94.00345373263033 30.903349058535504, -94.30603082177385 31.512259913371345, -92.31976583264029 32.75497176625328))"
6C,2012-12-05 02:55:00+00:00,2012-12-05 04:55:00+00:00,0.0,37000.0,"POLYGON ((-91.29 31.155475822945565, -90.35488374882522 29.976858819699675, -91.80158397365867 29.41306710534244, -92.39722771572859 30.392741474644307, -91.29 31.155475822945565))"
7C,2012-12-05 02:55:00+00:00,2012-12-05 04:55:00+00:00,0.0,45000.0,"POLYGON ((-93.90639357049436 28.446843926913996, -93.11 27.478096708217727, -97.38 26.91821373441836, -97.44 27.733631044263607, -93.90639357049436 28.446843926913996))"
JULIETT 1,2012-12-05 03:00:00+00:00,2012-12-05 07:00:00+00:00,0.0,38000.0,"POLYGON ((-90.1888 27.15, -90.19415073172185 27.04108335366579, -90.21015139641592 26.933215634175678, -90.23664789893436 26.82743566663484, -90.27338506347346 26.72476216995591, -90.32000909105611 26.62618394603895, -90.37607096680941 26.532650357068615, -90.44103078422333 26.445062182637354, -90.51426294474551 26.36426294474551, -90.59506218263735 26.291030784223324, -90.68265035706861 26.22607096680941, -90.77618394603896 26.170009091056105, -90.87476216995591 26.123385063473457, -90.97743566663483 26.086647898934366, -91.08321563417567 26.06015139641593, -91.19108335366579 26.044150731721853, -91.3 26.0388, -91.4089166463342 26.044150731721853, -91.51678436582432 26.06015139641593, -91.62256433336516 26.086647898934366, -91.72523783004408 26.123385063473457, -91.82381605396104 26.170009091056105, -91.91734964293138 26.22607096680941, -92.00493781736265 26.291030784223324, -92.08573705525448 26.36426294474551, -92.15896921577666 26.445062182637354, -92.22392903319059 26.532650357068615, -92.27999090894389 26.62618394603895, -92.32661493652654 26.72476216995591, -92.36335210106563 26.82743566663484, -92.38984860358407 26.933215634175678, -92.40584926827815 27.04108335366579, -92.4112 27.15, -92.40584926827815 27.258916646334207, -92.38984860358407 27.36678436582432, -92.36335210106563 27.472564333365156, -92.32661493652654 27.575237830044085, -92.27999090894389 27.673816053961048, -92.22392903319059 27.76734964293138, -92.15896921577666 27.85493781736264, -92.08573705525448 27.93573705525449, -92.00493781736265 28.00896921577667, -91.91734964293138 28.073929033190588, -91.82381605396104 28.129990908943892, -91.72523783004408 28.17661493652654, -91.62256433336516 28.213352101065627, -91.51678436582432 28.23984860358407, -91.4089166463342 28.255849268278144, -91.3 28.2612, -91.19108335366579 28.255849268278144, -91.08321563417567 28.23984860358407, -90.97743566663483 28.21335210106563, -90.87476216995591 28.17661493652654, -90.77618394603896 28.129990908943892, -90.68265035706861 28.073929033190588, -90.59506218263735 28.008969215776673, -90.51426294474551 27.935737055254492, -90.44103078422333 27.854937817362643, -90.37607096680941 27.767349642931382, -90.32000909105611 27.673816053961048, -90.27338506347346 27.575237830044088, -90.23664789893436 27.472564333365156, -90.21015139641592 27.36678436582432, -90.19415073172185 27.258916646334207, -90.1888 27.15))"
8C,2012-12-05 03:55:00+00:00,2012-12-05 05:55:00+00:00,0.0,40000.0,"POLYGON ((-92.59516544037785 32.048217220072466, -92.27546003726658 31.720919548725604, -93.74793218854317 31.156348824025628, -94.18005595053121 31.349873633731026, -92.59516544037785 32.048217220072466))"
9C,2012-12-05 03:55:00+00:00,2012-12-05 05:55:00+00:00,0.0,37000.0,"POLYGON ((-93.97750880328364 28.292691090479412, -93.11 27.478096708217727, -97.73628050297819 26.688087754764904, -97.65520795436099 27.43871838206908, -93.97750880328364 28.292691090479412))"
JULIETT 2,2012-12-05 04:45:00+00:00,2012-12-05 08:45:00+00:00,0.0,40000.0,"POLYGON ((-95.3 27.69054054054054, -89 27.69054054054054, -89 26.60945945945946, -95.3 26.60945945945946, -95.3 27.69054054054054))"
10C,2012-12-05 04:55:00+00:00,2012-12-05 06:55:00+00:00,0.0,37000.0,"POLYGON ((-92.59516544037785 32.048217220072466, -92.13989614926606 31.386831377906535, -94.17281076557246 30.68828013873573, -94.33116448556851 31.1594157937704, -92.59516544037785 32.048217220072466))"
11C,2012-12-05 04:55:00+00:00,2012-12-05 06:55:00+00:00,0.0,37000.0,"POLYGON ((-94.46010067048853 30.275343160522098, -93.7861456589506 29.55006451683722, -95.35 29.460893132790822, -94.46010067048853 30.275343160522098))"
12C,2012-12-05 04:55:00+00:00,2012-12-05 06:55:00+00:00,0.0,45000.0,"POLYGON ((-94.56734362335169 28.112163378606606, -94.33009926535189 26.980996567516318, -97.59320079600604 26.380958428078156, -97.79768115779606 27.1310146120481, -94.56734362335169 28.112163378606606))"
13C,2012-12-05 04:55:00+00:00,2012-12-05 06:55:00+00:00,0.0,37000.0,"POLYGON ((-90.55612294698675 30.684840624391917, -89.52123273522294 30.724831100523993, -89.03180928940711 28.23463979765442, -91.03571626812398 28.35326538449789, -90.55612294698675 30.684840624391917))"
14C,2012-12-05 05:55:00+00:00,2012-12-05 07:55:00+00:00,0.0,37000.0,"POLYGON ((-92.5 31.92547582294557, -92.57435854838928 31.106273720115034, -94.17281076557246 30.68828013873573, -94.33116448556851 31.1594157937704, -92.5 31.92547582294557))"
15C,2012-12-05 05:55:00+00:00,2012-12-05 07:55:00+00:00,0.0,37000.0,"POLYGON ((-93.82277228427141 30.392741474644307, -94.05438700072355 29.313136185217296, -94.81878765677166 29.767934630286774, -93.82277228427141 30.392741474644307))"
16C,2012-12-05 05:55:00+00:00,2012-12-05 07:55:00+00:00,0.0,45000.0,"POLYGON ((-95.64277059200786 28.17015933080258, -95.53035642193852 25.908262357574902, -97.38 25.92, -98.40870393866415 26.29836449827671, -95.64277059200786 28.17015933080258))"
17C,2012-12-05 05:55:00+00:00,2012-12-05 07:55:00+00:00,0.0,35000.0,"POLYGON ((-89.32770451625778 30.726410429325952, -89.03180928940711 28.23463979765442, -90.9029456318347 28.471762673224408, -90.55612294698675 30.684840624391917, -89.32770451625778 30.726410429325952))"
18C,2012-12-05 06:55:00+00:00,2012-12-05 08:55:00+00:00,0.0,34000.0,"POLYGON ((-93.46592742942194 30.266853240562227, -94.27384345220017 29.0145032395411, -94.38987756723854 29.956519387931614, -93.46592742942194 30.266853240562227))"
19C,2012-12-05 06:55:00+00:00,2012-12-05 08:55:00+00:00,0.0,45000.0,"POLYGON ((-96.40015767798008 27.514100713451217, -95.52363788459166 27.066975541876868, -95.90024978959222 25.91248758424627, -98.30486782019003 25.917065325214264, -96.40015767798008 27.514100713451217))"
20C,2012-12-05 06:55:00+00:00,2012-12-05 08:55:00+00:00,0.0,40000.0,"POLYGON ((-88.87526055622347 32.226272765532755, -89.16428373187601 28.35326538449789, -90.53366277448461 28.25707270258019, -90.26 31.632737911472788, -88.87526055622347 32.226272765532755))"
KILO 1,2012-12-05 07:00:00+00:00,2012-12-05 11:00:00+00:00,0.0,50000.0,"POLYGON ((-42.15 23, -40 22.3, -43.15 20, -45.15 20.3, -42.15 23))"
21C,2012-12-05 07:55:00+00:00,2012-12-05 09:55:00+00:00,0.0,40000.0,"POLYGON ((-88.6608813837235 32.26228298094341, -89.03180928940711 28.23463979765442, -90.1 28.181786265581643, -90.12214928096212 31.41756701238946, -88.6608813837235 32.26228298094341))"
JULIETT 2,2012-12-05 08:45:00+00:00,2012-12-05 12:45:00+00:00,0.0,45000.0,"POLYGON ((-90 28.15, -88.15 28.15, -90.15 25.45, -93.45 25, -96 26, -95.15 27, -90 28.15))"
22C,2012-12-05 08:55:00+00:00,2012-12-05 10:55:00+00:00,0.0,38000.0,"POLYGON ((-89.7787580842627 30.310930216173375, -89.0401522108739 30.140023192072924, -89.03180928940711 28.23463979765442, -90.1 28.348155221318038, -89.7787580842627 30.310930216173375))"
23C,2012-12-05 09:55:00+00:00,2012-12-05 11:55:00+00:00,0.0,32000.0,"POLYGON ((-89.59164770620805 30.202293638944663, -88.80022394291844 29.807027638847178, -89.03180928940711 28.23463979765442, -90.1 28.348155221318038, -89.59164770620805 30.202293638944663))"
KILO 2,2012-12-05 10:30:00+00:00,2012-12-05 14:30:00+00:00,0.0,45000.0,"POLYGON ((-40 31.15, -40 21.45, -42.15 20, -45.15 24, -40 31.15))"
24C,2012-12-05 10:55:00+00:00,2012-12-05 12:55:00+00:00,0.0,32000.0,"POLYGON ((-90.45165617564247 29.052207378927378, -88.87302320796245 28.728742840558308, -89.03180928940711 28.23463979765442, -90.60520459073649 28.10311866850767, -90.45165617564247 29.052207378927378))"
NOVEMBER 1,2012-12-05 11:44:00+00:00,2012-12-05 15:45:00+00:00,0.0,50000.0,"POLYGON ((-158 26.1, -154 26.1, -158.1 22, -159.2 23, -158 26.1))"
LIMA 1,2012-12-05 15:15:00+00:00,2012-12-05 19:15:00+00:00,0.0,49000.0,"POLYGON ((-40 29, -40 23.3, -46.3 22.15, -46.45 23.45, -40 29))"
NOVEMBER 2,2012-12-05 15:33:00+00:00,2012-12-05 19:35:00+00:00,0.0,50000.0,"POLYGON ((-154.4 27.2, -150.3 26.4, -157.2 23, -157 25.2, -154.4 27.2))"
LIMA 2,2012-12-05 19:00:00+00:00,2012-12-05 23:00:00+00:00,0.0,48000.0,"POLYGON ((-40 27.15, -40 21.45, -44 19, -44.45 24.15, -40 27.15))"
OSCAR 1,2012-12-05 19:42:00+00:00,2012-12-05 23:42:00+00:00,0.0,46000.0,"POLYGON ((-148.3 30, -149 27, -153 25.3, -154 30, -148.3 30))"
MIKE 1,2012-12-05 20:35:00+00:00,2012-12-06 00:35:00+00:00,0.0,35000.0,"POLYGON ((-89.45 28.45, -89 28.15, -89.3 26.15, -90 26.45, -90.15 28.15, -89.45 28.45))"
25C,2012-12-05 21:55:00+00:00,2012-12-05 23:55:00+00:00,0.0,35000.0,"POLYGON ((-89.33780512420762 29.177841928328096, -88.38515919365182 29.169075727715725, -88.1766893803871 28.465932883794697, -89.66633722551538 28.25707270258019, -89.33780512420762 29.177841928328096))"
MIKE 2,2012-12-05 22:45:00+00:00,2012-12-06 02:45:00+00:00,0.0,32000.0,"POLYGON ((-88.06704480671411 27.862967533361246, -89.06704480671411 26.162967533361247, -89.53295519328589 26.437032466638755, -88.53295519328589 28.137032466638754, -88.06704480671411 27.862967533361246))"
26C,2012-12-05 22:55:00+00:00,2012-12-06 00:55:00+00:00,0.0,35000.0,"POLYGON ((-87.70271283051545 29.344999420502862, -87.656721967682 28.266506879194484, -89.03180928940711 28.23463979765442, -88.95672772293237 29.1751444707926, -87.70271283051545 29.344999420502862))"
27C,2012-12-05 23:55:00+00:00,2012-12-06 01:55:00+00:00,0.0,35000.0,"POLYGON ((-89.29294429181337 29.59345013510345, -87.27566382904905 29.784366394542687, -87.31116183087472 28.13246539142291, -89.03180928940711 28.23463979765442, -89.29294429181337 29.59345013510345))"
MIKE 3,2012-12-06 00:15:00+00:00,2012-12-06 04:15:00+00:00,0.0,35000.0,"POLYGON ((-87.76570099917365 27.86527807452484, -88.91570099917365 25.86527807452484, -89.38429900082636 26.13472192547516, -88.23429900082635 28.13472192547516, -87.76570099917365 27.86527807452484))"
1C,2012-12-06 00:55:00+00:00,2012-12-06 02:55:00+00:00,0.0,36000.0,"POLYGON ((-87.77484681867278 29.499047987964754, -87.31116183087472 28.13246539142291, -88.89962923593602 28.11588683181027, -89.11674504890887 29.528727933702225, -87.77484681867278 29.499047987964754))"
2C,2012-12-06 01:55:00+00:00,2012-12-06 03:55:00+00:00,0.0,37000.0,"POLYGON ((-88.84913604857537 29.845010210125146, -87.77484681867278 29.499047987964754, -87.31116183087472 28.13246539142291, -88.76774177202475 27.997007400801074, -88.84913604857537 29.845010210125146))"
MIKE 4,2012-12-06 02:45:00+00:00,2012-12-06 06:45:00+00:00,0.0,35000.0,"POLYGON ((-87.20368362171388 27.888760345290134, -87.90368362171388 26.338760345290133, -88.39631637828613 26.561239654709865, -87.69631637828613 28.111239654709866, -87.20368362171388 27.888760345290134))"
3C,2012-12-06 02:55:00+00:00,2012-12-06 04:55:00+00:00,0.0,37000.0,"POLYGON ((-88.84913604857537 29.845010210125146, -87.70271283051545 29.344999420502862, -86.68 28.00172775248132, -88.00314972877277 28.399676889285463, -88.84913604857537 29.845010210125146))"
4C,2012-12-06 03:55:00+00:00,2012-12-06 05:55:00+00:00,0.0,37000.0,"POLYGON ((-88.36 29.39904835410886, -87.70271283051545 29.344999420502862, -86.68 28.00172775248132, -88.00314972877277 28.399676889285463, -88.36 29.39904835410886))"
MIKE 5,2012-12-06 06:30:00+00:00,2012-12-06 10:30:00+00:00,0.0,35000.0,"POLYGON ((-87.3 28.3, -86.15 27.45, -88.15 25.45, -89 26.15, -87.3 28.3))"
GOLF 1,2012-12-06 09:00:00+00:00,2012-12-06 13:00:00+00:00,30000.0,40000.0,"POLYGON ((-150 53.15, -150 49, -160 49, -160 53, -150 53.15))"
ALFA 1,2012-12-06 10:15:00+00:00,2012-12-06 14:15:00+00:00,0.0,40000.0,"POLYGON ((-58.3 41.15, -56.15 41.15, -60 36.3, -62.15 36.45, -58.3 41.15))"
ALFA 2,2012-12-06 13:35:00+00:00,2012-12-06 17:35:00+00:00,0.0,39000.0,"POLYGON ((-56.3 41.15, -52.3 40.45, -58.15 34.3, -61.15 35.15, -56.3 41.15))"
PAPA 1,2012-12-06 15:56:00+00:00,2012-12-06 20:00:00+00:00,0.0,48000.0,"POLYGON ((-172.5 25.5, -176.3 22.4, 179.2 20.2, -178.5 19.1, -173.2 21.4, -170.3 25.3, -172.5 25.5))"
PAPA 2,2012-12-06 16:59:00+00:00,2012-12-06 21:00:00+00:00,0.0,48000.0,"POLYGON ((-173.03 25.15, -171.05 25.05, -170.4 22.27, -173.1 20.37, -178.03 19.23, -179.22 20.25, -175.31 23.08, -173.03 25.15))"
ALFA 3,2012-12-06 17:35:00+00:00,2012-12-06 21:35:00+00:00,0.0,36000.0,"POLYGON ((-55 38.45, -52.15 38.3, -58 33, -60.45 33.45, -55 38.45))"
PAPA 3,2012-12-06 18:43:00+00:00,2012-12-06 22:45:00+00:00,0.0,48000.0,"POLYGON ((-169.53 25.34, -167.49 24.34, -172.05 20.31, -178.56 19.09, -178.44 21.07, -169.53 25.34))"
1E,2012-12-06 20:55:00+00:00,2012-12-06 22:55:00+00:00,0.0,43000.0,"POLYGON ((-79.01170039983428 29.283601544713342, -80.14326693490337 27.552235232348945, -80.57287419208893 28.82836338633747, -79.01170039983428 29.283601544713342))"
PAPA 4,2012-12-06 21:28:00+00:00,2012-12-07 01:30:00+00:00,0.0,50000.0,"POLYGON ((-170.25 25.15, -166.34 25.05, -170.23 19.09, -176.26 18.55, -170.25 25.15))"
2E,2012-12-06 21:55:00+00:00,2012-12-06 23:55:00+00:00,0.0,45000.0,"POLYGON ((-78.62090868383004 30.168248924699977, -79.25560562335131 27.760102874789965, -80.29400701825246 28.153994695366567, -80.62241315859453 30.018669427242475, -78.62090868383004 30.168248924699977))"
3E,2012-12-06 21:55:00+00:00,2012-12-06 23:55:00+00:00,0.0,40000.0,"POLYGON ((-77.87 33.019048354108854, -76.89048327355702 32.347912658677075, -80.58964575885813 31.082999404695936, -80.6947182537145 31.806399583874523, -77.87 33.019048354108854))"
4E,2012-12-06 22:55:00+00:00,2012-12-07 00:55:00+00:00,0.0,45000.0,"POLYGON ((-78.62090868383004 30.168248924699977, -79.25560562335131 27.760102874789965, -80.29400701825246 28.153994695366567, -80.62241315859453 30.018669427242475, -78.62090868383004 30.168248924699977))"
5E,2012-12-06 22:55:00+00:00,2012-12-07 00:55:00+00:00,0.0,38000.0,"POLYGON ((-77.87 33.019048354108854, -76.89048327355702 32.347912658677075, -80.58964575885813 31.082999404695936, -80.6947182537145 31.806399583874523, -77.87 33.019048354108854))"
6E,2012-12-06 23:55:00+00:00,2012-12-07 01:55:00+00:00,0.0,45000.0,"POLYGON ((-78.61907355013102 30.308201531487097, -79.25560562335131 27.760102874789965, -80.01438046279102 28.53356354227378, -80.54617241639168 30.336465830354832, -78.61907355013102 30.308201531487097))"
7E,2012-12-06 23:55:00+00:00,2012-12-07 01:55:00+00:00,0.0,37000.0,"POLYGON ((-77.87 33.18541730984525, -76.89048327355702 32.347912658677075, -79.4862113480442 31.57662182340266, -79.81371501770987 32.42868141715955, -77.87 33.18541730984525))"
1E,2012-12-07 00:55:00+00:00,2012-12-07 02:55:00+00:00,0.0,35000.0,"POLYGON ((-77.87 33.18541730984525, -76.89048327355702 32.347912658677075, -79.4862113480442 31.57662182340266, -79.81371501770987 32.42868141715955, -77.87 33.18541730984525))"
2E,2012-12-07 00:55:00+00:00,2012-12-07 22:55:00+00:00,0.0,45000.0,"POLYGON ((-79.07573000332502 30.888122664194505, -79.25560562335131 27.760102874789965, -80.01438046279102 28.53356354227378, -80.6166222583591 30.655297148386005, -79.07573000332502 30.888122664194505))"
PAPA 5,2012-12-07 01:05:00+00:00,2012-12-07 05:05:00+00:00,0.0,50000.0,"POLYGON ((-164.15 29.45, -166 21.3, -171.3 17, -174.45 17.15, -167 29.15, -164.15 29.45))"
3E,2012-12-07 01:55:00+00:00,2012-12-07 03:55:00+00:00,0.0,45000.0,"POLYGON ((-79.14844043231594 31.04236726841283, -78.49980196219357 28.510451731433342, -79.77385907702141 27.958022948270557, -80.68617845248335 31.04326247893941, -79.14844043231594 31.04236726841283))"
4E,2012-12-07 02:55:00+00:00,2012-12-07 04:55:00+00:00,0.0,45000.0,"POLYGON ((-79.14844043231594 31.04236726841283, -78.49980196219357 28.510451731433342, -79.94703103568942 28.02356449451828, -80.68617845248335 31.04326247893941, -79.14844043231594 31.04236726841283))"
PAPA 6,2012-12-07 03:40:00+00:00,2012-12-07 07:40:00+00:00,0.0,50000.0,"POLYGON ((-163.15 29.45, -165.15 21.15, -170.45 16.3, -174.45 15, -166 29.15, -163.15 29.45))"
5E,2012-12-07 03:55:00+00:00,2012-12-07 05:55:00+00:00,0.0,45000.0,"POLYGON ((-78.24940281019201 31.347874173341076, -78.62494597452293 27.96650717128148, -80.09 27.511844778681965, -80.25764982726768 30.779700634568805, -78.24940281019201 31.347874173341076))"
HOTEL 1,2012-12-07 04:15:00+00:00,2012-12-07 08:15:00+00:00,0.0,44000.0,"POLYGON ((-123.78857262684062 11.497476172139717, -119.78857262684062 9.797476172139717, -120.21142737315938 8.802523827860284, -124.21142737315938 10.502523827860283, -123.78857262684062 11.497476172139717))"
6E,2012-12-07 04:55:00+00:00,2012-12-07 06:55:00+00:00,0.0,45000.0,"POLYGON ((-78.5209752779558 31.586746864214856, -78.62494597452293 27.96650717128148, -80.37656811424745 27.2945315003023, -80.66325012944866 31.236984808497795, -78.5209752779558 31.586746864214856))"
7E,2012-12-07 05:55:00+00:00,2012-12-07 07:55:00+00:00,0.0,45000.0,"POLYGON ((-76.74368634706377 32.03923455358845, -79.17496313484394 27.673791862558097, -80.35729897318505 27.56229618157646, -79.51557544084564 31.812969064738827, -76.74368634706377 32.03923455358845))"
8E,2012-12-07 06:55:00+00:00,2012-12-07 08:55:00+00:00,0.0,45000.0,"POLYGON ((-76.74368634706377 32.03923455358845, -78.70768203712859 27.182633878230448, -79.69379427792553 27.032371714733443, -79.8452766762437 31.70803886102048, -76.74368634706377 32.03923455358845))"
NOVEMBER 7,2012-12-07 07:40:00+00:00,2012-12-07 11:40:00+00:00,0.0,47000.0,"POLYGON ((-162 28, -163 21, -171 14, -172 17, -166 22, -164 28, -162 28))"
9E,2012-12-07 07:55:00+00:00,2012-12-07 09:55:00+00:00,0.0,45000.0,"POLYGON ((-76.81696033297256 32.19359480289175, -77.48643305532741 29.25109171317084, -79.53261669891793 28.717737013844836, -80.04 31.891786265581654, -76.81696033297256 32.19359480289175))"
10E,2012-12-07 08:55:00+00:00,2012-12-07 10:55:00+00:00,0.0,45000.0,"POLYGON ((-80.04 32.224524177054434, -76.74368634706377 32.03923455358845, -77.10528787481553 29.240259834690228, -79.88161041550096 28.84871529436914, -80.04 32.224524177054434))"
11E,2012-12-07 09:55:00+00:00,2012-12-07 11:55:00+00:00,0.0,43000.0,"POLYGON ((-79.589734327649 31.966962443600607, -76.67065906260929 31.884832305941785, -77.15560432621213 28.84966777351555, -80.12795919197538 28.44805318334086, -79.589734327649 31.966962443600607))"
12E,2012-12-07 10:55:00+00:00,2012-12-07 12:55:00+00:00,0.0,40000.0,"POLYGON ((-78.97913111692964 30.047082757571303, -77.3602197125684 30.584602074602635, -77.68695586025213 28.670408845141342, -79.41794339793215 28.61699225679675, -78.97913111692964 30.047082757571303))"
13E,2012-12-07 10:55:00+00:00,2012-12-07 12:55:00+00:00,0.0,37000.0,"POLYGON ((-79.06831981707582 32.062751988236165, -77.50317978545469 31.973007508938025, -77.9792078756522 31.108432486859222, -79.73796961131684 30.976178166474565, -79.06831981707582 32.062751988236165))"
NOVEMBER 8,2012-12-07 11:30:00+00:00,2012-12-07 15:30:00+00:00,0.0,47000.0,"POLYGON ((-161 30, -161 20, -169 15, -174 13, -164 22, -164 30, -161 30))"
14E,2012-12-07 11:55:00+00:00,2012-12-07 13:55:00+00:00,0.0,40000.0,"POLYGON ((-77.72151215644695 30.466881135418134, -77.51004145035955 28.73039262105773, -79.8221676335047 28.26660028191138, -79.15791280685917 29.986136100543057, -77.72151215644695 30.466881135418134))"
15E,2012-12-07 11:55:00+00:00,2012-12-07 13:55:00+00:00,0.0,35000.0,"POLYGON ((-78.58406964409272 32.372222172806104, -77.50317978545469 31.973007508938025, -77.9792078756522 31.108432486859222, -79.60266010499161 30.857001422156422, -78.58406964409272 32.372222172806104))"
16E,2012-12-07 12:55:00+00:00,2012-12-07 14:55:00+00:00,0.0,40000.0,"POLYGON ((-78.26180803897103 30.28843962988686, -77.68695586025213 28.670408845141342, -79.42827635773726 27.266667586075645, -79.88161041550096 28.84871529436914, -78.26180803897103 30.28843962988686))"
17E,2012-12-07 12:55:00+00:00,2012-12-07 14:55:00+00:00,0.0,37000.0,"POLYGON ((-78.85129679023204 32.8843771033571, -77.87 32.1872035754269, -77.9792078756522 31.108432486859222, -79.4862113480442 31.57662182340266, -78.85129679023204 32.8843771033571))"
18E,2012-12-07 13:55:00+00:00,2012-12-07 15:55:00+00:00,0.0,37000.0,"POLYGON ((-79.20241947668596 29.286447168852742, -78.05829211406056 29.265312143249012, -78.01189746295503 27.428848997638664, -79.73129622868689 27.448072961903527, -79.20241947668596 29.286447168852742))"
19E,2012-12-07 13:55:00+00:00,2012-12-07 15:55:00+00:00,0.0,35000.0,"POLYGON ((-77.56377482256872 33.73479851961093, -76.60350539699624 33.28469139114844, -78.04244026577516 32.173763670293084, -78.58406964409272 32.372222172806104, -77.56377482256872 33.73479851961093))"
NOVEMBER 9,2012-12-07 14:27:00+00:00,2012-12-07 18:27:00+00:00,0.0,43000.0,"POLYGON ((-167 17, -168 15, -173 12, -173 16, -167 17))"
OSCAR 1,2012-12-07 14:37:00+00:00,2012-12-07 18:37:00+00:00,0.0,43000.0,"POLYGON ((-163 21, -161 21, -163 18, -164 17, -163 21))"
20E,2012-12-07 16:55:00+00:00,2012-12-07 18:55:00+00:00,0.0,38000.0,"POLYGON ((-76.20591680798546 33.76572079614409, -77.50317978545469 31.973007508938025, -77.87 32.68631044263608, -76.20591680798546 33.76572079614409))"
OSCAR 2,2012-12-07 17:03:00+00:00,2012-12-07 21:05:00+00:00,0.0,50000.0,"POLYGON ((-161.08 20.28, -161.15 18.06, -163.3 17.21, -162.32 20.23, -161.08 20.28))"
NOVEMBER 10,2012-12-07 17:29:00+00:00,2012-12-07 21:30:00+00:00,0.0,50000.0,"POLYGON ((-167.13 16.11, -166.59 15.04, -171.55 12.13, -173.44 13.59, -167.13 16.11))"
21E,2012-12-07 17:55:00+00:00,2012-12-07 19:55:00+00:00,0.0,38000.0,"POLYGON ((-76.20591680798546 33.76572079614409, -76.96628630468636 31.769981500275684, -78.7939420029141 31.825042268081663, -76.20591680798546 33.76572079614409))"
QUEBEC 1,2012-12-07 18:16:00+00:00,2012-12-07 22:20:00+00:00,0.0,30000.0,"POLYGON ((-159.01 24.07, -158.14 23.03, -158.53 22.47, -159.43 23.43, -159.01 24.07))"
QUEBEC 2,2012-12-07 18:50:00+00:00,2012-12-07 22:50:00+00:00,0.0,32000.0,"POLYGON ((-158.34 24.16, -158.22 22.58, -158.5 22.42, -159.32 23.28, -159.29 24.13, -158.34 24.16))"
22E,2012-12-07 18:55:00+00:00,2012-12-07 20:55:00+00:00,0.0,43000.0,"POLYGON ((-76.75806151953049 33.962967262902886, -75.83923781537374 33.63286179856822, -77.68267016581326 32.040179807225364, -78.40326322893375 32.30632635237686, -76.75806151953049 33.962967262902886))"
ROMEO 1,2012-12-07 21:44:00+00:00,2012-12-08 01:45:00+00:00,0.0,57000.0,"POLYGON ((-161.4 8.3, -162.3 5.3, -166.4 5.1, -166.1 7.4, -161.4 8.3))"
ROMEO 2,2012-12-08 00:54:00+00:00,2012-12-08 04:55:00+00:00,0.0,58000.0,"POLYGON ((-163.45 9, -154.45 7.15, -157.3 3.3, -167.3 4.15, -163.45 9))"
ROMEO 3,2012-12-08 03:38:00+00:00,2012-12-08 07:40:00+00:00,0.0,54000.0,"POLYGON ((-161.3 9, -155 5.3, -166.15 4, -170.15 7, -161.3 9))"
1C,2012-12-08 10:55:00+00:00,2012-12-08 12:55:00+00:00,0.0,35000.0,"POLYGON ((-88.9473818765711 36.44752045862524, -90.67843803443347 34.67640928624526, -93.28691378479982 33.1719494837514, -88.81599481482293 36.296731069060904, -90.66270603334483 34.68763933124046, -93.38683684437072 33.34519896330614, -90.77836109400437 34.8496587658, -90.794093095093 34.8384287208048, -88.9473818765711 36.44752045862524))"
1E,2012-12-08 10:55:00+00:00,2012-12-08 12:55:00+00:00,0.0,38000.0,"POLYGON ((-72.22814075416748 37.22160747996579, -72.79933985502997 35.06616814957474, -74.1793894752955 34.596247650832055, -75.55804420623159 35.02874193222278, -72.22814075416748 37.22160747996579))"
2E,2012-12-08 11:55:00+00:00,2012-12-08 13:55:00+00:00,0.0,38000.0,"POLYGON ((-72.418413134897 37.29047722444652, -72.61449218536606 34.997111206835285, -74.03960245309027 34.47617000801013, -75.40549622175546 34.72043723247394, -72.418413134897 37.29047722444652))"
2C,2012-12-08 11:55:00+00:00,2012-12-08 13:55:00+00:00,0.0,35000.0,"POLYGON ((-87.88210865925548 36.60032225100729, -87.7729299898537 36.432751316332876, -92.86909231221219 33.11241284300759, -92.97827098161397 33.279983777682006, -87.88210865925548 36.60032225100729))"
3C,2012-12-08 12:55:00+00:00,2012-12-08 14:55:00+00:00,0.0,35000.0,"POLYGON ((-87.32128598781645 36.69260072920456, -87.21112457055713 36.52567421199588, -92.28700000967663 33.175903057865014, -92.39716142693595 33.342829575073694, -87.32128598781645 36.69260072920456))"
4C,2012-12-08 12:55:00+00:00,2012-12-08 14:55:00+00:00,0.0,32000.0,"POLYGON ((-91.33780844147009 33.106255001902255, -91.6623790075299 31.257995506936137, -95.35 29.12815522131804, -94.99426932416418 30.92442804394434, -91.33780844147009 33.106255001902255))"
3E,2012-12-08 12:55:00+00:00,2012-12-08 14:55:00+00:00,0.0,38000.0,"POLYGON ((-72.22814075416748 37.22160747996579, -72.61449218536606 34.997111206835285, -73.7612320341291 34.23553982536499, -75.32964868748161 34.56621388586957, -72.22814075416748 37.22160747996579))"
BRAVO 1,2012-12-08 13:00:00+00:00,2012-12-08 17:00:00+00:00,0.0,40000.0,"POLYGON ((-71.45 37.15, -68 37.15, -72.45 34, -75 34.45, -71.45 37.15))"
4E,2012-12-08 13:55:00+00:00,2012-12-08 15:55:00+00:00,0.0,41000.0,"POLYGON ((-72.418413134897 37.29047722444652, -72.61449218536606 34.997111206835285, -76.05057862301025 32.80714986095124, -76.0565913501922 34.33663054389656, -72.418413134897 37.29047722444652))"
5C,2012-12-08 13:55:00+00:00,2012-12-08 15:55:00+00:00,0.0,40000.0,"POLYGON ((-85.41886734215153 37.792480026001066, -85.39941605801957 36.925461404494385, -87.40294631435376 35.54961863172338, -92.1156351686856 32.673682250259965, -92.18 33.84815522131803, -85.41886734215153 37.792480026001066))"
6C,2012-12-08 13:55:00+00:00,2012-12-08 15:55:00+00:00,0.0,35000.0,"POLYGON ((-92.5 31.92547582294557, -91.209401029377 31.81142359848943, -95.35 29.294524177054427, -94.72 30.827262088527213, -92.5 31.92547582294557))"
7C,2012-12-08 14:55:00+00:00,2012-12-08 16:55:00+00:00,0.0,38000.0,"POLYGON ((-85.33880365827855 37.63863816680658, -85.25939248632041 36.64244578460034, -91.30878765631445 32.77255260359794, -92.17419952018068 33.72928289715903, -85.33880365827855 37.63863816680658))"
8C,2012-12-08 14:55:00+00:00,2012-12-08 16:55:00+00:00,0.0,33000.0,"POLYGON ((-93.19243105422565 31.846348303066897, -92.63744892994825 31.14228624262458, -95.25414747671384 29.13789487785986, -94.44573067583582 30.92442804394434, -93.19243105422565 31.846348303066897))"
5E,2012-12-08 14:55:00+00:00,2012-12-08 16:55:00+00:00,0.0,41000.0,"POLYGON ((-72.418413134897 37.29047722444652, -72.61449218536606 34.997111206835285, -75.29134565535617 33.431553251189904, -75.8551517234846 34.333495027530304, -72.418413134897 37.29047722444652))"
6E,2012-12-08 15:55:00+00:00,2012-12-08 17:55:00+00:00,0.0,40000.0,"POLYGON ((-72.418413134897 37.29047722444652, -72.61449218536606 34.997111206835285, -75.29134565535617 33.431553251189904, -75.6537279468731 34.33002969055372, -72.418413134897 37.29047722444652))"
9C,2012-12-08 15:55:00+00:00,2012-12-08 17:55:00+00:00,0.0,36000.0,"POLYGON ((-85.6075209519715 36.927095249381146, -85.1019063174182 36.476810842350815, -91.64539032837386 32.519384013702165, -91.63228771258481 33.63709410718481, -88.75126917173131 35.82765630093168, -85.6075209519715 36.927095249381146))"
10C,2012-12-08 15:55:00+00:00,2012-12-08 17:55:00+00:00,0.0,32000.0,"POLYGON ((-92.9144132494033 31.612257300462456, -94.54100709987355 29.251685506579413, -95.25414747671384 29.13789487785986, -93.99959199237763 31.41266170720523, -92.9144132494033 31.612257300462456))"
11C,2012-12-08 16:55:00+00:00,2012-12-08 18:55:00+00:00,0.0,36000.0,"POLYGON ((-86.59865357691422 36.622484581265304, -84.98603941801056 36.320924300493395, -91.49430233877342 32.327821641001485, -91.39029749032743 33.8370566438334, -88.18530744532066 35.63264639609369, -86.59865357691422 36.622484581265304))"
12C,2012-12-08 16:55:00+00:00,2012-12-08 18:55:00+00:00,0.0,35000.0,"POLYGON ((-92.96896789867549 31.696065356416455, -94.05800838190252 30.987157114489502, -94.09505206434459 30.943470693935456, -94.76665142890208 29.410198663506467, -93.94889908335814 30.819541002581506, -92.8598586001311 31.528449244508458, -94.58345476547358 29.329955392706562, -93.91185540091608 30.86322742313555, -92.96896789867549 31.696065356416455))"
7E,2012-12-08 16:55:00+00:00,2012-12-08 18:55:00+00:00,0.0,40000.0,"POLYGON ((-72.66534482445729 36.83763616825466, -72.61449218536606 34.997111206835285, -74.95457283026558 33.79440484970139, -74.60118707224883 34.955516670633756, -72.66534482445729 36.83763616825466))"
BRAVO 2,2012-12-08 17:00:00+00:00,2012-12-08 21:00:00+00:00,0.0,38000.0,"POLYGON ((-70.3 37.15, -67.15 37.15, -72.45 34.15, -74.15 34.45, -70.3 37.15))"
8E,2012-12-08 17:55:00+00:00,2012-12-08 19:55:00+00:00,0.0,40000.0,"POLYGON ((-72.67399383088501 36.208824888541756, -72.61449218536606 34.997111206835285, -73.7612320341291 34.23553982536499, -74.31958095363107 34.7161654317201, -72.67399383088501 36.208824888541756))"
13C,2012-12-08 17:55:00+00:00,2012-12-08 19:55:00+00:00,0.0,35000.0,"POLYGON ((-89.37056159140822 35.01847672938205, -87.92116445146783 35.06216346737892, -90.39766398805854 32.970909817047776, -91.0191177118982 33.71247523151669, -89.37056159140822 35.01847672938205))"
14C,2012-12-08 17:55:00+00:00,2012-12-08 19:55:00+00:00,0.0,33000.0,"POLYGON ((-93.47918728380859 31.638856980174616, -93.82504107838591 31.220021574140734, -93.8402490810591 31.194788274544646, -94.63332399238948 29.29012495709843, -93.67082329870044 31.09267607391052, -93.32496950412312 31.511511479944403, -94.44869020735763 29.213246056060395, -93.65561529602725 31.11790937350661, -93.47918728380859 31.638856980174616))"
9E,2012-12-08 18:55:00+00:00,2012-12-08 20:55:00+00:00,0.0,40000.0,"POLYGON ((-72.67399383088501 36.208824888541756, -72.61449218536606 34.997111206835285, -73.7612320341291 34.23553982536499, -73.72826481178812 35.40721542071722, -72.67399383088501 36.208824888541756))"
15C,2012-12-08 18:55:00+00:00,2012-12-08 20:55:00+00:00,0.0,33000.0,"POLYGON ((-87.95997185477532 35.631330221950975, -87.63331125656914 34.827556757952394, -89.04523239556619 34.6980786917871, -89.54718573676284 35.37215465634712, -87.95997185477532 35.631330221950975))"
16C,2012-12-08 18:55:00+00:00,2012-12-08 20:55:00+00:00,0.0,35000.0,"POLYGON ((-92.3207011393409 32.14197847063168, -93.52843210792211 31.339628596878885, -93.5630621847179 31.299993254373103, -94.37958570633366 29.61741367852022, -93.4177599860064 31.173040237649705, -92.21002901742519 31.975390111402497, -94.19965343082639 29.530096004302603, -93.38312990921062 31.212675580155487, -92.3207011393409 32.14197847063168))"
17C,2012-12-08 19:55:00+00:00,2012-12-08 21:55:00+00:00,0.0,33000.0,"POLYGON ((-91.9006660537423 32.4022825676159, -93.5166451026534 29.78645152874501, -95.35 29.294524177054427, -94.30603082177385 31.512259913371345, -91.9006660537423 32.4022825676159))"
10E,2012-12-08 20:55:00+00:00,2012-12-08 22:55:00+00:00,0.0,37000.0,"POLYGON ((-67.15305874683217 41.24417760921642, -67.44761832863367 39.250770910865164, -68.8813193150752 39.12232121281624, -69.10078458484823 40.57039786335193, -67.15305874683217 41.24417760921642))"
18C,2012-12-08 20:55:00+00:00,2012-12-08 22:55:00+00:00,0.0,33000.0,"POLYGON ((-91.44808887345467 32.51861404163612, -91.94675343382102 31.72937823056986, -93.81910307555934 29.88342798996715, -95.07778466910649 30.195001450539674, -93.88893501327709 31.863176975348615, -91.44808887345467 32.51861404163612))"
19C,2012-12-08 21:55:00+00:00,2012-12-08 23:55:00+00:00,0.0,33000.0,"POLYGON ((-91.01478844135691 33.203164668818594, -90.56456577355782 32.50938425084507, -93.03833641136431 31.067878012929807, -93.40207839396585 31.57518423005951, -91.01478844135691 33.203164668818594))"
20C,2012-12-08 21:55:00+00:00,2012-12-08 23:55:00+00:00,0.0,30000.0,"POLYGON ((-87.25237327401291 36.32963951731279, -86.97047136811534 35.90436769261744, -88.61704676163279 35.08681842954281, -88.88559677526607 35.666293605467956, -87.25237327401291 36.32963951731279))"
21C,2012-12-08 22:55:00+00:00,2012-12-09 00:55:00+00:00,0.0,33000.0,"POLYGON ((-91.19780842575304 33.13828250950137, -90.71563740272835 32.317822094501885, -92.5 31.426368955736397, -92.87547576982467 32.0279791098017, -91.19780842575304 33.13828250950137))"
22C,2012-12-08 22:55:00+00:00,2012-12-09 00:55:00+00:00,0.0,28000.0,"POLYGON ((-86.91791241053664 36.60087989084371, -86.75868251551151 35.98626937672903, -87.7100097957465 36.13559036143849, -86.91791241053664 36.60087989084371))"
23C,2012-12-08 23:55:00+00:00,2012-12-09 01:55:00+00:00,0.0,32000.0,"POLYGON ((-90.8314975397306 33.26777855606409, -90.32151391159145 32.81731900705212, -91.94675343382102 31.72937823056986, -92.40405681683261 32.392142289384296, -90.8314975397306 33.26777855606409))"
1C,2012-12-09 00:55:00+00:00,2012-12-09 02:55:00+00:00,0.0,32000.0,"POLYGON ((-90.04982886053509 33.920902235234664, -89.48234216612482 33.45744597813521, -91.49430233877342 32.327821641001485, -91.8884690307831 32.82731897208351, -90.04982886053509 33.920902235234664))"
2C,2012-12-09 01:55:00+00:00,2012-12-09 03:55:00+00:00,0.0,30000.0,"POLYGON ((-89.59489033265385 34.25086561920501, -89.24937611576308 33.742472734514195, -90.59015461391492 32.862224153697255, -91.19780842575304 33.13828250950137, -89.59489033265385 34.25086561920501))"
1E,2012-12-09 01:55:00+00:00,2012-12-09 03:55:00+00:00,0.0,30000.0,"POLYGON ((-85.24286121323462 37.116353981967414, -85.06104303141643 37.116353981967414, -85.06104303141643 36.93453580014923, -85.24286121323462 36.93453580014923, -85.24286121323462 37.116353981967414))"
2E,2012-12-09 02:55:00+00:00,2012-12-09 04:55:00+00:00,0.0,31000.0,"POLYGON ((-86.23187528143397 36.929818447930145, -85.67344249643658 36.67286716702833, -86.9151321517021 35.67865509373724, -87.25237327401291 36.32963951731279, -86.23187528143397 36.929818447930145))"
3E,2012-12-09 02:55:00+00:00,2012-12-09 04:55:00+00:00,0.0,25000.0,"POLYGON ((-84.44162747272506 37.58178121887048, -84.25980929090687 37.58178121887048, -84.25980929090687 37.399963037052295, -84.44162747272506 37.399963037052295, -84.44162747272506 37.58178121887048))"
3C,2012-12-09 02:55:00+00:00,2012-12-09 04:55:00+00:00,0.0,33000.0,"POLYGON ((-89.4086900535937 34.54809648938937, -89.07732553456908 33.959271652571935, -90.43209028004401 33.15249732626285, -90.83393282566124 33.64976888747607, -89.4086900535937 34.54809648938937))"
4C,2012-12-09 03:55:00+00:00,2012-12-09 05:55:00+00:00,0.0,34000.0,"POLYGON ((-88.59813246043825 35.42962816985863, -87.92116445146783 35.06216346737892, -89.72606717433878 33.64976888747607, -90.04982886053509 33.920902235234664, -88.59813246043825 35.42962816985863))"
4E,2012-12-09 03:55:00+00:00,2012-12-09 05:55:00+00:00,0.0,30000.0,"POLYGON ((-85.58 37.26815522131805, -84.94357369476812 37.027084680374244, -86.29996185055542 36.01206605705635, -86.44 36.59726208852722, -85.58 37.26815522131805))"
5E,2012-12-09 03:55:00+00:00,2012-12-09 05:55:00+00:00,0.0,29000.0,"POLYGON ((-83.30843516534362 37.823424116005356, -83.12661698352544 37.823424116005356, -83.12661698352544 37.64160593418717, -83.30843516534362 37.64160593418717, -83.30843516534362 37.823424116005356))"
5C,2012-12-09 04:55:00+00:00,2012-12-09 06:55:00+00:00,0.0,32000.0,"POLYGON ((-88.18530744532066 35.63264639609369, -87.80212753000067 35.32442246262075, -88.50188751348216 34.70581733632313, -88.93019887534665 35.25084275645092, -88.18530744532066 35.63264639609369))"
6C,2012-12-09 04:55:00+00:00,2012-12-09 06:55:00+00:00,0.0,35000.0,"POLYGON ((-91.09583370269894 36.22755230192825, -91.43005871587378 34.9323722435418, -94.6242549929556 33.69976654940333, -95.06832228897655 34.25971971085531, -91.09583370269894 36.22755230192825))"
CHARLIE 1,2012-12-09 05:15:00+00:00,2012-12-09 09:15:00+00:00,0.0,40000.0,"POLYGON ((-62.15 40.45, -66.3 36.45, -69.45 36.3, -65.3 40.3, -62.15 40.45))"
SIERRA 1,2012-12-09 05:52:00+00:00,2012-12-09 09:52:00+00:00,0.0,43000.0,"POLYGON ((-162 28, -167 21.3, -169 24, -167 27.3, -162 28))"
7C,2012-12-09 05:55:00+00:00,2012-12-09 07:55:00+00:00,0.0,35000.0,"POLYGON ((-87.7100097957465 36.13559036143849, -87.25634542627029 35.17089199700512, -88.8175566141436 34.10444029904697, -89.26687801589598 34.429706570272785, -87.7100097957465 36.13559036143849))"
8C,2012-12-09 05:55:00+00:00,2012-12-09 07:55:00+00:00,0.0,40000.0,"POLYGON ((-92.41356842856416 35.140892246369134, -91.61797451457622 34.869711043060946, -94.49501093707914 33.86219695738831, -95.06832228897655 34.25971971085531, -92.41356842856416 35.140892246369134))"
9C,2012-12-09 05:55:00+00:00,2012-12-09 07:55:00+00:00,0.0,35000.0,"POLYGON ((-90.71218003793867 36.57088014937359, -90.33221542574782 36.10841422826572, -91.26278797123997 35.49477284765312, -92.72914155895839 35.75470791941393, -90.71218003793867 36.57088014937359))"
10C,2012-12-09 06:55:00+00:00,2012-12-09 08:55:00+00:00,0.0,30000.0,"POLYGON ((-86.91791241053664 36.60087989084371, -86.28962017670557 35.3708399752367, -88.51 34.32184477868197, -88.96429174333059 35.01576881035552, -86.91791241053664 36.60087989084371))"
11C,2012-12-09 06:55:00+00:00,2012-12-09 08:55:00+00:00,0.0,40000.0,"POLYGON ((-91.78924672205203 35.44790273046866, -90.99570825666942 35.01576881035552, -93.83969361365506 33.97090183154191, -95.47196803509443 34.23479133629657, -91.78924672205203 35.44790273046866))"
12C,2012-12-09 06:55:00+00:00,2012-12-09 08:55:00+00:00,0.0,35000.0,"POLYGON ((-90.23 37.004524177054435, -89.5575434376016 36.480880923760125, -90.16783099722944 35.08352198604896, -91.361859462487 36.10929520613403, -90.23 37.004524177054435))"
6E,2012-12-09 06:55:00+00:00,2012-12-09 08:55:00+00:00,0.0,30000.0,"POLYGON ((-81.08321371775355 38.58753458744913, -80.9709199900167 37.89754677279836, -82.38289515388303 37.77326041842145, -82.33069687238108 38.51433298328035, -81.08321371775355 38.58753458744913))"
7E,2012-12-09 07:55:00+00:00,2012-12-09 09:55:00+00:00,0.0,28000.0,"POLYGON ((-80.95519553633221 38.906880597650655, -80.53507712525604 37.96955590243658, -82.17243217147465 37.77531963365785, -82.6196765260178 38.55751690824934, -80.95519553633221 38.906880597650655))"
13C,2012-12-09 07:55:00+00:00,2012-12-09 09:55:00+00:00,0.0,30000.0,"POLYGON ((-86.44 36.59726208852722, -85.95705368564626 35.54961863172338, -88.42129263844629 34.388119793937186, -88.37365338896903 35.697943967210314, -86.44 36.59726208852722))"
14C,2012-12-09 07:55:00+00:00,2012-12-09 09:55:00+00:00,0.0,40000.0,"POLYGON ((-91.00278990497081 35.5294548895981, -92.17431403212292 34.58016178202061, -94.84145863912455 34.428263051595664, -90.8972100950292 35.35959346451078, -92.1272100950292 34.59506928745634, -94.85283057487872 34.62793948755444, -92.18568596787709 34.77983821797939, -92.23278990497082 34.76493071254366, -91.00278990497081 35.5294548895981))"
15C,2012-12-09 07:55:00+00:00,2012-12-09 09:55:00+00:00,0.0,35000.0,"POLYGON ((-88.76129844305562 37.09464530839647, -89.69946131675825 35.892068692773385, -92.57075327794799 35.44790273046866, -92.77716626888801 36.28277188330841, -88.76129844305562 37.09464530839647))"
16C,2012-12-09 07:55:00+00:00,2012-12-09 09:55:00+00:00,0.0,25000.0,"POLYGON ((-90.78315707398804 39.09489003487298, -89.41177507363342 38.8551347207555, -91.62007555013886 38.33789878705725, -90.78315707398804 39.09489003487298))"
17C,2012-12-09 08:55:00+00:00,2012-12-09 10:55:00+00:00,0.0,27000.0,"POLYGON ((-86.87048253253573 36.20351588313664, -86.36709514549491 35.52477240044752, -88.42129263844629 34.388119793937186, -88.76116858997545 35.01390720335377, -86.87048253253573 36.20351588313664))"
18C,2012-12-09 08:55:00+00:00,2012-12-09 10:55:00+00:00,0.0,38000.0,"POLYGON ((-88.22048669434933 37.23999539218816, -92.18212986015064 34.580022684094146, -94.27212986015063 34.624546861148566, -89.84394636588908 35.73824516108115, -92.13521553762041 34.590588860149474, -88.09837708410346 37.08159954916947, -89.82767602314574 35.74845837942233, -94.26787013984936 34.82450149296027, -92.17787013984938 34.77997731590585, -92.2247844623796 34.769411139850526, -89.93351529064827 35.917067440782205, -89.94978563339161 35.90685422244103, -88.22048669434933 37.23999539218816))"
19C,2012-12-09 08:55:00+00:00,2012-12-09 10:55:00+00:00,0.0,35000.0,"POLYGON ((-91.3479472659147 36.877868866166466, -89.32 36.68547582294558, -90.19144825131552 35.852939785534595, -92.72914155895839 35.75470791941393, -91.3479472659147 36.877868866166466))"
20C,2012-12-09 08:55:00+00:00,2012-12-09 10:55:00+00:00,0.0,25000.0,"POLYGON ((-90.48 39.35910686720918, -89.18826847650142 39.12471611685555, -90.86053927837679 37.668321685900366, -91.89596673129236 38.194731183142245, -90.48 39.35910686720918))"
CHARLIE 2,2012-12-09 09:00:00+00:00,2012-12-09 13:00:00+00:00,0.0,40000.0,"POLYGON ((-59 41.45, -62.45 35.45, -67.45 35.3, -63.15 41, -59 41.45))"
SIERRA 2,2012-12-09 09:17:00+00:00,2012-12-09 13:17:00+00:00,0.0,44000.0,"POLYGON ((-163 28, -165.3 23, -176 21.3, -175 25, -163 28))"
21C,2012-12-09 09:55:00+00:00,2012-12-09 11:55:00+00:00,0.0,36000.0,"POLYGON ((-87.83918305834445 37.49196721298219, -92.50071415321044 34.35086650315336, -95.5122738718712 35.49125188933681, -88.99362847045643 35.691205641514486, -92.42896183192234 34.3512225279813, -87.68081694165556 37.36981905259945, -88.95078472053511 35.72329515219063, -95.44144784614124 35.67829112072771, -92.42988812748048 34.53790573454426, -92.50164044876858 34.53754970971632, -89.06630708730268 35.87753282324951, -89.10915083722399 35.845443312573366, -87.83918305834445 37.49196721298219))"
22C,2012-12-09 09:55:00+00:00,2012-12-09 11:55:00+00:00,0.0,33000.0,"POLYGON ((-90.46981515099104 37.208641955032, -89.49272395364198 37.07949443936931, -89.61176928872652 36.25492827959779, -91.77370414309638 36.107180886248464, -90.46981515099104 37.208641955032))"
23C,2012-12-09 10:55:00+00:00,2012-12-09 12:55:00+00:00,0.0,35000.0,"POLYGON ((-86.86262890360267 37.676292392736194, -90.9824180087648 34.916655898428594, -92.54110629184242 34.70764827989151, -88.2568808844885 35.92181570911931, -90.96102853377035 34.921974797648716, -86.71713772441352 37.5390615041646, -88.21881501779299 35.94699427754031, -92.56768678765167 34.905874103745354, -91.00899850457404 35.11488172228244, -91.03038797956849 35.10956282306232, -88.32624033028664 36.10940373453291, -88.36430619698214 36.084225166111906, -86.86262890360267 37.676292392736194))"
24C,2012-12-09 10:55:00+00:00,2012-12-09 12:55:00+00:00,0.0,35000.0,"POLYGON ((-89.59946072162323 37.668321685900366, -88.6463834178582 37.22081786509165, -89.16194953571646 36.32730621299748, -90.23 36.83815522131805, -89.59946072162323 37.668321685900366))"
25C,2012-12-09 10:55:00+00:00,2012-12-09 12:55:00+00:00,0.0,28000.0,"POLYGON ((-94.94517724369466 36.24716639307991, -93.97434355523043 36.13227104600553, -94.55945277026778 35.62493638310259, -95.03058532713813 35.942931889211366, -94.94517724369466 36.24716639307991))"
26C,2012-12-09 10:55:00+00:00,2012-12-09 12:55:00+00:00,0.0,25000.0,"POLYGON ((-89.26943821043591 38.970752393120584, -88.93527199690422 38.30616917082372, -89.90556695461525 38.28437682959165, -89.26943821043591 38.970752393120584))"
SIERRA 3,2012-12-09 11:10:00+00:00,2012-12-09 15:10:00+00:00,0.0,45000.0,"POLYGON ((-165.3 29, -162.3 28.3, -165 23, -176 21, -174.3 23.3, -166.3 25.3, -165.3 29))"
27C,2012-12-09 11:55:00+00:00,2012-12-09 13:55:00+00:00,0.0,35000.0,"POLYGON ((-86.56085112725785 38.41426465607478, -84.94357369476812 37.027084680374244, -92.74 33.92547582294558, -94.73331870427374 34.46688303394483, -86.56085112725785 38.41426465607478))"
28C,2012-12-09 11:55:00+00:00,2012-12-09 13:55:00+00:00,0.0,35000.0,"POLYGON ((-94.35825256352085 36.710878941177, -91.8316342939706 36.81262527272227, -92.98202410595856 35.862601163817615, -95.3546129872837 35.84628842029848, -94.35825256352085 36.710878941177))"
29C,2012-12-09 11:55:00+00:00,2012-12-09 13:55:00+00:00,0.0,27000.0,"POLYGON ((-88.86000000000001 39.407262088527226, -88.00579722399486 38.89934000200661, -89.30202840274664 38.47206848159452, -88.86000000000001 39.407262088527226))"
SIERRA 4,2012-12-09 12:40:00+00:00,2012-12-09 16:40:00+00:00,0.0,45000.0,"POLYGON ((-162.3 30, -163 24.3, -167 22.3, -166 29.3, -162.3 30))"
CHARLIE 3,2012-12-09 12:45:00+00:00,2012-12-09 16:45:00+00:00,0.0,40000.0,"POLYGON ((-57.45 41.15, -61.45 35, -68.15 34, -63.15 40.3, -57.45 41.15))"
TANGO 1,2012-12-09 12:45:00+00:00,2012-12-09 16:45:00+00:00,0.0,46000.0,"POLYGON ((-170.3 29.3, -168.3 24.3, -170.3 20, -175.3 19.3, -173.3 28.3, -170.3 29.3))"
30C,2012-12-09 12:55:00+00:00,2012-12-09 14:55:00+00:00,0.0,35000.0,"POLYGON ((-85.88322507541682 38.139441784515384, -89.80620254815666 35.22889357482751, -93.39394095100181 34.582695698952044, -86.40486391277916 36.50363807785256, -89.78879252071478 35.233685959152425, -85.699601876299 38.06017943061556, -86.34818840044109 36.55763091157731, -93.42939307055971 34.77952848895121, -89.84165466771456 35.42572636482667, -89.85906469515645 35.42093398050176, -86.47513608722083 36.69088609920189, -86.5318115995589 36.636893265477134, -85.88322507541682 38.139441784515384))"
31C,2012-12-09 12:55:00+00:00,2012-12-09 14:55:00+00:00,0.0,32000.0,"POLYGON ((-87.90890764784756 37.81226549696037, -87.21169622073586 37.182173970849256, -88.29107470635843 36.83910745709351, -87.90890764784756 37.81226549696037))"
32C,2012-12-09 12:55:00+00:00,2012-12-09 14:55:00+00:00,0.0,29000.0,"POLYGON ((-93.48954805360304 37.052482923472624, -91.26772359628241 36.72440131848143, -92.64979561008604 35.601331230795736, -94.53259610233023 36.24929158266429, -93.48954805360304 37.052482923472624))"
33C,2012-12-09 12:55:00+00:00,2012-12-09 14:55:00+00:00,0.0,27000.0,"POLYGON ((-88.4609624630293 39.61198296093819, -87.55384523953317 39.2543226859481, -88.51175364967199 38.515820689814504, -88.4609624630293 39.61198296093819))"
34C,2012-12-09 13:55:00+00:00,2012-12-09 15:55:00+00:00,0.0,26000.0,"POLYGON ((-86.43320499160014 39.83754002541228, -86.18184944829446 38.569032170249805, -88.54216980012517 38.18208204377095, -87.49915108257476 39.95084966340835, -86.43320499160014 39.83754002541228))"
35C,2012-12-09 13:55:00+00:00,2012-12-09 15:55:00+00:00,0.0,28000.0,"POLYGON ((-85.33574018850382 38.560862546232066, -83.54366212495671 38.10459663679644, -83.95114009907918 36.72248419739157, -87.27247904802852 36.927095249381146, -87.76 38.26273791147279, -85.33574018850382 38.560862546232066))"
36C,2012-12-09 13:55:00+00:00,2012-12-09 15:55:00+00:00,0.0,35000.0,"POLYGON ((-87.27247904802852 36.927095249381146, -83.95114009907918 36.72248419739157, -87.49 35.042737911472784, -93.91673781641025 33.817315470419445, -94.27 34.72452417705442, -87.27247904802852 36.927095249381146))"
37C,2012-12-09 13:55:00+00:00,2012-12-09 15:55:00+00:00,0.0,32000.0,"POLYGON ((-92.9438990898424 37.232038793773086, -90.23 37.004524177054435, -91.38489402586352 35.756291015815584, -94.50564181207379 35.850886294712616, -92.9438990898424 37.232038793773086))"
38C,2012-12-09 14:55:00+00:00,2012-12-09 16:55:00+00:00,0.0,28000.0,"POLYGON ((-84.7 38.85363104426361, -82.35376669395632 38.1347321418727, -83.69320515391075 37.02927115345801, -86.14475472681085 37.16491634055651, -84.7 38.85363104426361))"
39C,2012-12-09 14:55:00+00:00,2012-12-09 16:55:00+00:00,0.0,35000.0,"POLYGON ((-86.14475472681085 37.16491634055651, -83.69320515391075 37.02927115345801, -86.28962017670557 35.3708399752367, -92.18 34.18089313279082, -93.8831814328102 34.62085722434349, -86.14475472681085 37.16491634055651))"
40C,2012-12-09 14:55:00+00:00,2012-12-09 16:55:00+00:00,0.0,32000.0,"POLYGON ((-89.45593390677304 37.412800292515804, -90.57010637933418 35.98206671673675, -95.40598728118714 34.72209398183621, -92.5591128840923 37.10282846638978, -89.45593390677304 37.412800292515804))"
TANGO 2,2012-12-09 15:10:00+00:00,2012-12-09 19:10:00+00:00,0.0,48000.0,"POLYGON ((-169.3 30, -164.3 24, -170 19, -173 19.3, -173.3 29, -169.3 30))"
8E,2012-12-09 15:55:00+00:00,2012-12-09 17:55:00+00:00,0.0,25000.0,"POLYGON ((-83.62936245475711 39.015106850771055, -82.66996495175383 38.748255313631006, -83.66585328888475 37.38209581838609, -84.70312104098544 37.49909034178673, -83.62936245475711 39.015106850771055))"
9E,2012-12-09 15:55:00+00:00,2012-12-09 17:55:00+00:00,0.0,30000.0,"POLYGON ((-84.70312104098544 37.49909034178673, -83.66585328888475 37.38209581838609, -85.95705368564626 35.54961863172338, -87.25921558958264 35.66804004464822, -87.26620527918679 36.60913747060022, -84.70312104098544 37.49909034178673))"
41C,2012-12-09 15:55:00+00:00,2012-12-09 17:55:00+00:00,0.0,35000.0,"POLYGON ((-89.07090574560692 37.282315926781074, -88.88559677526607 35.666293605467956, -90.54173865027033 34.82770495736234, -94.34794826771392 35.23627007730984, -92.07420409425838 37.35336186537687, -89.07090574560692 37.282315926781074))"
ALFA 1,2012-12-09 16:25:00+00:00,2012-12-09 20:25:00+00:00,0.0,43000.0,"POLYGON ((-164.15 33.45, -162.45 30, -171.3 30, -170 32, -164.15 33.45))"
42C,2012-12-09 16:55:00+00:00,2012-12-09 18:55:00+00:00,0.0,32000.0,"POLYGON ((-88.5367702137833 37.67277648245105, -87.9159913809469 36.13365024804879, -89.41563094290318 35.209694617628415, -93.29482275630536 36.24716639307991, -91.86493596591734 37.35096498799105, -88.5367702137833 37.67277648245105))"
10E,2012-12-09 16:55:00+00:00,2012-12-09 18:55:00+00:00,0.0,30000.0,"POLYGON ((-83.70714819342305 37.797846403413594, -83.06804787767447 37.02544489105832, -85.54212217927147 35.727896196103664, -86.24494188853008 35.78629015129647, -86.83829458834961 36.44730575573324, -83.70714819342305 37.797846403413594))"
43C,2012-12-09 17:55:00+00:00,2012-12-09 19:55:00+00:00,0.0,32000.0,"POLYGON ((-90.61903331809752 37.79669489146906, -88.14906139545336 37.80202575280773, -87.62777489330361 35.81792757448312, -93.24965430460212 35.385710408272125, -92.5957155273074 36.76952000007354, -90.61903331809752 37.79669489146906))"
TANGO 3,2012-12-09 18:26:00+00:00,2012-12-09 22:25:00+00:00,0.0,48000.0,"POLYGON ((-173.3 30, -167.3 30, -162.3 25, -165.3 18.3, -174 18, -170 25, -173.3 30))"
44C,2012-12-09 18:55:00+00:00,2012-12-09 20:55:00+00:00,0.0,33000.0,"POLYGON ((-88.20959791255359 38.28206844692847, -87.76 37.264524177054426, -93.6961265625494 34.918078013398485, -92.85519694294676 36.4368170411817, -91.3890942543931 37.282315926781074, -88.20959791255359 38.28206844692847))"
45C,2012-12-09 18:55:00+00:00,2012-12-09 20:55:00+00:00,0.0,34000.0,"POLYGON ((-93.73933040387392 34.36173151069633, -94.92268239266518 33.59124308737267, -94.93466946421378 33.58207994446066, -96.79370049667959 31.924490127083594, -94.8135543587541 33.42363917269672, -93.63020236996284 34.19412759602038, -96.66059831967131 31.77521249823166, -94.8015672872055 33.432802315608726, -93.73933040387392 34.36173151069633))"
46C,2012-12-09 18:55:00+00:00,2012-12-09 20:55:00+00:00,0.0,30000.0,"POLYGON ((-91.90058073256922 31.147054301645337, -90.64958883941824 30.181940136921316, -90.77175455155114 30.023587559490256, -92.02274644470212 30.988701724214277, -91.90058073256922 31.147054301645337))"
47C,2012-12-09 19:55:00+00:00,2012-12-09 21:55:00+00:00,0.0,35000.0,"POLYGON ((-87.76 38.595475822945566, -87.76 37.7636310442636, -90.51118013364265 36.46212312730377, -93.33101463122763 35.068029229266116, -92.5957155273074 36.76952000007354, -87.76 38.595475822945566))"
48C,2012-12-09 19:55:00+00:00,2012-12-09 21:55:00+00:00,0.0,31000.0,"POLYGON ((-86.67618594628044 36.572665149972735, -87.82370527083502 36.61646402217003, -87.85108999401396 36.61371920770466, -89.26470039465893 36.27086149625191, -87.83133337827415 36.41660954517014, -86.68381405371957 36.37281067297285, -89.21755905574018 36.076496648182754, -87.80394865509521 36.419354359635506, -86.67618594628044 36.572665149972735))"
49C,2012-12-09 19:55:00+00:00,2012-12-09 21:55:00+00:00,0.0,30000.0,"POLYGON ((-92.95894513477421 34.51724834426696, -93.79597279916679 34.21862544326605, -93.81642825916263 34.20856952449974, -94.40701087041145 33.829089344243584, -93.72876850411184 34.0302545784112, -92.89174083971926 34.3288774794121, -94.29889565536482 33.66083031692136, -93.708313044116 34.040310497177515, -92.95894513477421 34.51724834426696))"
50C,2012-12-09 19:55:00+00:00,2012-12-09 21:55:00+00:00,0.0,35000.0,"POLYGON ((-94.81952054992175 33.157356927128646, -95.77980719914055 31.951912054649704, -96.79886654217584 31.225001931963995, -94.68047945007825 33.01359471876249, -95.76835811799282 31.961441665451993, -96.91500947972388 31.38782336193473, -95.89595013668858 32.11473348462044, -95.90739921783631 32.10520387381815, -94.81952054992175 33.157356927128646))"
51C,2012-12-09 20:55:00+00:00,2012-12-09 22:55:00+00:00,0.0,37000.0,"POLYGON ((-87.31040208744643 38.28206844692847, -88.20530215644412 37.576237342404134, -93.21646486679604 34.21292315909901, -93.55369237067372 34.79967778427974, -90.65036303972171 37.669254075316225, -87.31040208744643 38.28206844692847))"
52C,2012-12-09 20:55:00+00:00,2012-12-09 22:55:00+00:00,0.0,30000.0,"POLYGON ((-86.45187710385527 36.86292321114504, -88.7465812176636 36.588435908341324, -88.80238697258793 36.562757806878274, -90.60942150904992 34.901319022780726, -88.72282700995306 36.38985157457846, -86.42812289614473 36.66433887738217, -90.47405579149074 34.75409089194396, -88.66702125502874 36.41552967604151, -86.45187710385527 36.86292321114504))"
53C,2012-12-09 20:55:00+00:00,2012-12-09 22:55:00+00:00,0.0,40000.0,"POLYGON ((-94.69804038416447 33.3825024996855, -95.60285625100602 32.01447487734857, -96.99235658410404 31.1147513684786, -94.54558696680726 33.25304997736124, -95.58098170910053 32.03368812992739, -97.10106091765027 31.282630395960503, -95.71156058455225 32.18235390483047, -95.73343512645774 32.16314065225165, -94.69804038416447 33.3825024996855))"
TANGO 4,2012-12-09 21:53:00+00:00,2012-12-10 01:55:00+00:00,0.0,48000.0,"POLYGON ((-167 32.3, -163 27, -165.3 18, -172.3 18.3, -170 25.3, -173.3 30, -167 32.3))"
54C,2012-12-09 21:55:00+00:00,2012-12-09 23:55:00+00:00,0.0,37000.0,"POLYGON ((-89.24289982082635 37.74236626864933, -89.11535891188478 37.588310056355375, -92.7231551244117 34.60146777735899, -92.85069603335327 34.75552398965294, -89.24289982082635 37.74236626864933))"
55C,2012-12-09 21:55:00+00:00,2012-12-09 23:55:00+00:00,0.0,37000.0,"POLYGON ((-93.860903860026 33.81237737573836, -93.71318961419773 33.67754228542659, -95.72820240780935 31.470059838131505, -95.87591665363762 31.604894928443272, -93.860903860026 33.81237737573836))"
BRAVO 1,2012-12-09 22:00:00+00:00,2012-12-10 02:00:00+00:00,0.0,45000.0,"POLYGON ((-159.45 37.45, -161.3 32.3, -165.15 34.15, -163.15 37, -159.45 37.45))"
56C,2012-12-09 22:55:00+00:00,2012-12-10 00:55:00+00:00,0.0,37000.0,"POLYGON ((-87.20521701359779 38.21451038310263, -88.95446360770335 37.63722485401463, -88.9826696536784 37.62260143425818, -92.84647104227643 34.75883477688396, -88.89178477286556 37.44730022774574, -87.14253817876 38.02458575683374, -92.72738011548854 34.598156990127976, -88.86357872689051 37.461923647502196, -87.20521701359779 38.21451038310263))"
57C,2012-12-09 22:55:00+00:00,2012-12-10 00:55:00+00:00,0.0,37000.0,"POLYGON ((-93.11814371823252 34.994743677922806, -92.33427077076796 34.372492966763645, -93.43463510314271 32.00091514507543, -95.49742989538552 30.26732767985268, -96.58328600413182 31.06995703664485, -93.11814371823252 34.994743677922806))"
58C,2012-12-09 23:55:00+00:00,2012-12-10 01:55:00+00:00,0.0,37000.0,"POLYGON ((-86.40841139042529 38.44166445772202, -88.69079227003498 37.31041615663976, -88.70579828216061 37.301253391446146, -93.73034977625154 33.58979579637562, -88.60197456568143 37.13121957354353, -86.31959368607174 38.26246787462579, -93.61152004764672 33.42892474366662, -88.58696855355579 37.14038233873715, -86.40841139042529 38.44166445772202))"
59C,2012-12-09 23:55:00+00:00,2012-12-10 01:55:00+00:00,0.0,39000.0,"POLYGON ((-93.8855194428567 33.57352995440802, -93.33687531458527 33.25857422352877, -93.19243105422565 31.846348303066897, -96.8369632215839 28.949977610162957, -97.9304709149763 29.447948339967343, -93.8855194428567 33.57352995440802))"
TANGO 5,2012-12-09 23:56:00+00:00,2012-12-10 04:00:00+00:00,0.0,48000.0,"POLYGON ((-163 31, -162.3 27, -164 17.3, -170.3 19.3, -167.3 31, -163 31))"
1C,2012-12-10 00:55:00+00:00,2012-12-10 02:55:00+00:00,0.0,37000.0,"POLYGON ((-89.61672002102281 36.56149191540885, -89.49836685418038 36.4002699321114, -93.24662389639809 33.648671905510305, -93.36497706324053 33.80989388880776, -89.61672002102281 36.56149191540885))"
2C,2012-12-10 00:55:00+00:00,2012-12-10 02:55:00+00:00,0.0,40000.0,"POLYGON ((-93.38860577586865 33.122217142497185, -92.5856976612266 32.327821641001485, -95.88121234322834 29.767934630286774, -97.53 29.880893132790824, -93.38860577586865 33.122217142497185))"
3C,2012-12-10 00:55:00+00:00,2012-12-10 02:55:00+00:00,0.0,35000.0,"POLYGON ((-85.09638631018166 39.14666318688431, -85.13367694250037 37.74623219634285, -88.93019887534665 35.25084275645092, -89.63735209239366 36.63440270063658, -85.09638631018166 39.14666318688431))"
4C,2012-12-10 01:55:00+00:00,2012-12-10 03:55:00+00:00,0.0,36000.0,"POLYGON ((-88.64198353707121 36.68968888650063, -88.5325673982644 36.522272911848845, -91.83999079025115 34.36067813152292, -91.94940692905796 34.528094106174706, -88.64198353707121 36.68968888650063))"
5C,2012-12-10 01:55:00+00:00,2012-12-10 03:55:00+00:00,0.0,42000.0,"POLYGON ((-92.44312323883788 33.203326671528856, -94.13846775199461 31.2589317745985, -97.26804663348658 29.82775861516485, -92.3026862193184 33.060927782669125, -94.10983744077147 31.27867418930116, -97.35122303055978 30.0096423334299, -94.22164414906781 31.44081549286355, -94.25027446029095 31.42107307816089, -92.44312323883788 33.203326671528856))"
6C,2012-12-10 01:55:00+00:00,2012-12-10 03:55:00+00:00,0.0,35000.0,"POLYGON ((-84.09026542470889 39.48898075185077, -83.91150595684472 38.76267480859985, -88.56230734955713 35.762947663952644, -88.6463834178582 37.22081786509165, -84.09026542470889 39.48898075185077))"
TANGO 6,2012-12-10 02:29:00+00:00,2012-12-10 06:30:00+00:00,0.0,45000.0,"POLYGON ((-167.3 30.3, -161.3 30.3, -161 21.3, -166 17, -171 18, -166.3 23.3, -167.3 30.3))"
7C,2012-12-10 02:55:00+00:00,2012-12-10 04:55:00+00:00,0.0,32000.0,"POLYGON ((-88.64198353707121 36.68968888650063, -88.5325673982644 36.522272911848845, -91.83999079025115 34.36067813152292, -91.94940692905796 34.528094106174706, -88.64198353707121 36.68968888650063))"
8C,2012-12-10 02:55:00+00:00,2012-12-10 04:55:00+00:00,0.0,42000.0,"POLYGON ((-91.88995478246308 33.946281538773235, -92.4104083656514 32.07786226925829, -97.70790206659349 29.29493827044058, -91.70291195955473 33.87546499834319, -92.36339313480008 32.13098182046532, -97.80091442779919 29.471993913284688, -92.5034207268571 32.2549179121024, -92.55043595770843 32.20179836089537, -91.88995478246308 33.946281538773235))"
9C,2012-12-10 02:55:00+00:00,2012-12-10 04:55:00+00:00,0.0,35000.0,"POLYGON ((-85.09496117267813 38.89200024366335, -84.37502744026494 38.40472781509485, -87.7100097957465 36.13559036143849, -88.43939985241126 36.722635914783176, -85.09496117267813 38.89200024366335))"
10C,2012-12-10 03:55:00+00:00,2012-12-10 05:55:00+00:00,0.0,35000.0,"POLYGON ((-87.49718688700602 36.47678957470493, -87.39037498083016 36.30770019981971, -91.94918926539745 33.42794714634145, -92.05600117157331 33.59703652122667, -87.49718688700602 36.47678957470493))"
11C,2012-12-10 03:55:00+00:00,2012-12-10 05:55:00+00:00,0.0,41000.0,"POLYGON ((-91.03774185097326 32.95169060278682, -93.24318113573955 31.16409277947998, -98.15462433949156 29.310883974069675, -90.92288440566814 32.78795982602819, -93.22105537043886 31.17578860743635, -98.22523025419531 29.49800640674104, -93.3137870504433 31.351215212151345, -93.33591281574398 31.339519384194976, -91.03774185097326 32.95169060278682))"
12C,2012-12-10 03:55:00+00:00,2012-12-10 05:55:00+00:00,0.0,34000.0,"POLYGON ((-84.30361368981833 39.14666318688431, -83.51940418336804 38.63203459211609, -87.0920168853577 36.13929443076551, -87.76 36.93178626558165, -84.30361368981833 39.14666318688431))"
1E,2012-12-10 04:55:00+00:00,2012-12-10 06:55:00+00:00,0.0,33000.0,"POLYGON ((-84.39816781592098 38.784329250947614, -83.80045586891734 38.31068550399571, -86.52170541165039 36.44730575573324, -86.82520694513771 37.05671178123533, -84.39816781592098 38.784329250947614))"
13C,2012-12-10 04:55:00+00:00,2012-12-10 06:55:00+00:00,0.0,38000.0,"POLYGON ((-86.64891007300727 36.708938526232835, -86.54839708082116 36.536030636297774, -91.34004099423437 33.75060269886587, -91.44055398642048 33.92351058880093, -86.64891007300727 36.708938526232835))"
14C,2012-12-10 04:55:00+00:00,2012-12-10 06:55:00+00:00,0.0,41000.0,"POLYGON ((-90.4870421139518 33.6528271552391, -92.4620226164908 31.666598930566984, -96.60407740273526 29.96615668914341, -90.35536148202074 33.50229406527469, -92.43415968403447 31.683840322226963, -96.68003216975366 30.15117256242779, -92.5379773835092 31.851614803851362, -92.56584031596553 31.834373412191383, -90.4870421139518 33.6528271552391))"
15C,2012-12-10 05:55:00+00:00,2012-12-10 07:55:00+00:00,0.0,38000.0,"POLYGON ((-85.67112446494691 37.0042612596265, -90.23582701374539 32.871178321943624, -93.89816557358611 31.06794840554661, -89.65319819703403 34.52707736795549, -90.18511976134272 32.929306105195046, -87.4559841950316 35.28143899498784, -89.71406263072292 34.46462756759354, -85.54391743899608 36.84992923913579, -87.42639648702458 35.29830981270022, -93.98651154609533 31.24737802724102, -90.32417298625461 33.050607943638035, -90.37488023865728 32.99248016038661, -89.8429586743486 34.59025142314706, -89.7820942406597 34.65270122350901, -87.52401580496839 35.46951265090331, -87.55360351297541 35.45264183319093, -85.67112446494691 37.0042612596265))"
16C,2012-12-10 05:55:00+00:00,2012-12-10 07:55:00+00:00,0.0,35000.0,"POLYGON ((-95.5510649867229 31.863176975348615, -93.74793218854317 31.156348824025628, -96.4854404686517 28.82355334282263, -97.3828612280965 30.07250781914057, -95.5510649867229 31.863176975348615))"
2E,2012-12-10 05:55:00+00:00,2012-12-10 07:55:00+00:00,0.0,28000.0,"POLYGON ((-83.01981883374182 39.06416854423543, -82.42346984897536 38.622006634401814, -85.29209587804843 36.54246587941211, -85.8617085447719 37.119599691876296, -83.01981883374182 39.06416854423543))"
TANGO 7,2012-12-10 06:11:00+00:00,2012-12-10 10:11:00+00:00,0.0,46000.0,"POLYGON ((-170 29.3, -160.3 23, -163.3 19.3, -169 17.3, -172 29, -170 29.3))"
17C,2012-12-10 06:55:00+00:00,2012-12-10 08:55:00+00:00,0.0,40000.0,"POLYGON ((-84.74215001592023 37.304336282841284, -88.75733981144712 34.78871876903528, -88.79280029213324 34.75043475616303, -89.69760697408188 33.02577682937182, -89.63882124254263 33.07478586156031, -92.62493299294262 32.143683930575676, -92.65949944202079 32.12477527799328, -96.72457342192715 28.708773315502725, -88.65115420461133 34.61923538666134, -84.63596440908444 37.134852900467344, -89.52050040587386 32.932861472742374, -88.61569372392522 34.657519399533584, -92.56539788781309 31.952750509569256, -89.5792861374131 32.88385244055389, -96.59590541864128 28.5556571996611, -92.53083143873492 31.971659162151653, -84.74215001592023 37.304336282841284))"
18C,2012-12-10 06:55:00+00:00,2012-12-10 08:55:00+00:00,0.0,35000.0,"POLYGON ((-92.74 34.09184477868197, -91.63228771258481 33.63709410718481, -94.94212584025742 30.698694659328147, -96.44697070473799 30.951513136209684, -92.74 34.09184477868197))"
19C,2012-12-10 07:55:00+00:00,2012-12-10 09:55:00+00:00,0.0,43000.0,"POLYGON ((-84.15848716074241 37.1174585344214, -88.34800699496311 34.79478158837738, -88.39268682078477 34.74365365558283, -89.12049697169863 32.8772414434253, -89.05844591326387 32.93594661935959, -92.07111592812932 31.94955995461558, -92.10103858688908 31.933734598784064, -96.51586448227974 28.531723498076285, -88.25103267347829 34.61986451953458, -84.06151283925759 36.9425414655786, -88.93416299857049 32.804580240171596, -88.20635284765663 34.67099245232913, -92.0088840718707 31.759488399493293, -88.99621405700525 32.7458750642373, -96.3937873085016 28.37330265461703, -91.97896141311094 31.77531375532481, -84.15848716074241 37.1174585344214))"
20C,2012-12-10 07:55:00+00:00,2012-12-10 09:55:00+00:00,0.0,33000.0,"POLYGON ((-91.43465701275326 34.42306291183953, -90.84712562975027 33.92927312269615, -95.645785444445 30.574489178409628, -96.44697070473799 30.951513136209684, -91.43465701275326 34.42306291183953))"
3E,2012-12-10 08:55:00+00:00,2012-12-10 10:55:00+00:00,0.0,33000.0,"POLYGON ((-82.92621756800199 38.04071865631651, -83.81125014897005 36.05367918573636, -88.1408534434919 33.61678623961933, -88.21067442012458 35.296086248612134, -82.92621756800199 38.04071865631651))"
21C,2012-12-10 08:55:00+00:00,2012-12-10 10:55:00+00:00,0.0,43000.0,"POLYGON ((-91.02000714966096 32.58686450297853, -90.89823432647765 32.42820959591931, -95.36977156354928 28.996158716306457, -95.49154438673258 29.154813623365673, -91.02000714966096 32.58686450297853))"
22C,2012-12-10 08:55:00+00:00,2012-12-10 10:55:00+00:00,0.0,35000.0,"POLYGON ((-88.14193742313516 33.362122493947865, -88.5221233897181 32.144413883393696, -89.95998756916477 31.91447106896978, -89.60905368997787 32.9793191510571, -88.14193742313516 33.362122493947865))"
TANGO 8,2012-12-10 09:25:00+00:00,2012-12-10 13:25:00+00:00,0.0,45000.0,"POLYGON ((-170 29.3, -161 26, -165 19, -169 18, -172.3 29, -170 29.3))"
4E,2012-12-10 09:55:00+00:00,2012-12-10 11:55:00+00:00,0.0,33000.0,"POLYGON ((-82.75436279282982 37.46797473854981, -82.89675039148989 36.692218128848026, -88.43650558185495 32.25214511112951, -89.39099227638076 32.3786215007424, -86.82588968638024 36.25755220471438, -82.75436279282982 37.46797473854981))"
23C,2012-12-10 09:55:00+00:00,2012-12-10 11:55:00+00:00,0.0,43000.0,"POLYGON ((-90.50783432164731 32.354740285348456, -90.38871382504122 32.19408441932322, -96.25043975169696 27.847827288305425, -96.36956024830305 28.008483154330662, -90.50783432164731 32.354740285348456))"
24C,2012-12-10 10:55:00+00:00,2012-12-10 12:55:00+00:00,0.0,43000.0,"POLYGON ((-90.90113020689671 32.76255341784666, -89.34485676027391 32.18782798091745, -92.74472413812802 29.37097004870952, -95.8780275270073 27.837084685876338, -95.90876945537764 28.40648581890977, -90.90113020689671 32.76255341784666))"
5E,2012-12-10 10:55:00+00:00,2012-12-10 12:55:00+00:00,0.0,33000.0,"POLYGON ((-82.52968086927974 37.20786087199587, -82.32121802209917 36.50351421885207, -88.43650558185495 32.25214511112951, -89.39099227638076 32.3786215007424, -85.06863633778889 36.707804421097194, -82.52968086927974 37.20786087199587))"
25C,2012-12-10 11:55:00+00:00,2012-12-10 13:55:00+00:00,0.0,43000.0,"POLYGON ((-89.24504041496903 33.23316220099817, -87.88677672552993 32.695043713573476, -95.11427998141316 27.695978643763755, -95.80675184763398 27.683134932112573, -89.24504041496903 33.23316220099817))"
6E,2012-12-10 11:55:00+00:00,2012-12-10 13:55:00+00:00,0.0,30000.0,"POLYGON ((-81.70190800387401 37.587567600330026, -81.12712458316797 37.089269564684045, -86.59616144442315 33.0548081558199, -87.26882731711046 33.54211877226146, -81.70190800387401 37.587567600330026))"
TANGO 9,2012-12-10 12:50:00+00:00,2012-12-10 16:50:00+00:00,0.0,45000.0,"POLYGON ((-170 30, -163 22, -166.3 18, -169.3 17.3, -172.3 29.3, -170 30))"
7E,2012-12-10 12:55:00+00:00,2012-12-10 14:55:00+00:00,0.0,32000.0,"POLYGON ((-83.51563027726615 35.62675648405573, -83.3968653101395 35.46583761448662, -86.4182871837018 33.235899817569255, -86.53705215082846 33.39681868713837, -83.51563027726615 35.62675648405573))"
26C,2012-12-10 12:58:00+00:00,2012-12-10 14:55:00+00:00,0.0,43000.0,"POLYGON ((-88.43867860620423 32.81353264924266, -94.68599978053122 28.09419454858339, -96.96906970868024 26.60434170629561, -88.32223984798034 32.65092263853214, -94.68243018976084 28.09663559169742, -97.07836928536337 26.7718338032342, -94.79529935721435 28.261686645521976, -94.79886894798473 28.259245602407944, -88.43867860620423 32.81353264924266))"
27C,2012-12-10 13:55:00+00:00,2012-12-10 15:55:00+00:00,0.0,42000.0,"POLYGON ((-86.671719534236 33.20867528053094, -93.11 28.143572531163294, -94.56734362335169 28.112163378606606, -89.07119337921092 33.018171193646076, -86.671719534236 33.20867528053094))"
28C,2012-12-10 13:55:00+00:00,2012-12-10 15:55:00+00:00,0.0,35000.0,"POLYGON ((-94.44771523516883 28.1306760732398, -96.41447943194314 26.650489367711053, -97.4785022361963 26.137270561008172, -94.34078571849224 27.96166104886826, -96.40445886497527 26.656051840737724, -97.56539061893716 26.317410531433055, -96.50136781468399 26.830629338135935, -96.51138838165186 26.825066865109264, -94.44771523516883 28.1306760732398))"
9E,2012-12-10 14:24:00+00:00,2012-12-10 15:55:00+00:00,0.0,32000.0,"POLYGON ((-74.70272727272729 39.7599893612545, -74.15727272727275 39.7599893612545, -74.15727272727275 39.21453481579995, -74.70272727272729 39.21453481579995, -74.70272727272729 39.7599893612545))"
8E,2012-12-10 14:24:00+00:00,2012-12-10 15:55:00+00:00,0.0,30000.0,"POLYGON ((-83.06848649969443 35.89720252945267, -82.49443858289428 35.21969413245041, -85.51597451673723 33.66444660546039, -85.30479003310272 34.652491948389375, -83.06848649969443 35.89720252945267))"
TANGO 10,2012-12-10 14:45:00+00:00,2012-12-10 18:45:00+00:00,0.0,45000.0,"POLYGON ((-171 29.3, -162.3 21.3, -164 17, -169 17.3, -172.3 29, -171 29.3))"
29C,2012-12-10 14:55:00+00:00,2012-12-10 16:55:00+00:00,0.0,41000.0,"POLYGON ((-87.71206597773451 33.48744306994657, -85.49145279486254 33.28496541010841, -92.24249119671636 28.292691090479412, -94.22136997788162 27.979957013594845, -87.71206597773451 33.48744306994657))"
30C,2012-12-10 14:55:00+00:00,2012-12-10 16:55:00+00:00,0.0,35000.0,"POLYGON ((-94.98287760533132 27.577120497528707, -95.90024978959222 25.91248758424627, -97.38 25.92, -94.98287760533132 27.577120497528707))"
12E,2012-12-10 15:18:00+00:00,2012-12-10 16:55:00+00:00,0.0,25000.0,"POLYGON ((-85.33574018850382 38.560862546232066, -84.09832757812153 38.54788724200906, -84.51285180657695 37.797846403413594, -85.87802537713615 37.86434185504372, -85.33574018850382 38.560862546232066))"
10E,2012-12-10 15:18:00+00:00,2012-12-10 16:55:00+00:00,0.0,30000.0,"POLYGON ((-73.22418647039218 40.51739130223117, -73.10412428350732 40.357437961283175, -74.36996890655759 39.40728541805323, -74.49003109344245 39.56723875900122, -73.22418647039218 40.51739130223117))"
11E,2012-12-10 15:18:00+00:00,2012-12-10 16:55:00+00:00,0.0,35000.0,"POLYGON ((-75.26108348170662 34.31444621437562, -75.59502401989245 33.48701857474235, -76.2649929135061 32.96721689141009, -75.09650371310777 34.20080863358497, -75.57403371568402 33.50920840084337, -76.38759207368811 33.12523412440278, -75.71762318007445 33.64503580773504, -75.73861348428288 33.62284598163402, -75.26108348170662 34.31444621437562))"
32C,2012-12-10 16:15:00+00:00,2012-12-10 17:55:00+00:00,0.0,35000.0,"POLYGON ((-87.47662864005966 31.144339886100433, -88.02965587857629 30.43808876563263, -88.04020713380588 30.421471928087914, -88.44928503498333 29.610452657384993, -87.8721883190688 30.314784395463708, -87.31916108055216 31.02103551593151, -88.27071496501667 29.520381962305503, -87.86163706383921 30.331401233008425, -87.47662864005966 31.144339886100433))"
31C,2012-12-10 16:15:00+00:00,2012-12-10 17:55:00+00:00,0.0,40000.0,"POLYGON ((-87.09990368630436 33.66983909469433, -85.21 33.54910686720919, -91.56385489636386 27.87800241321844, -93.97750880328364 28.292691090479412, -87.09990368630436 33.66983909469433))"
16E,2012-12-10 16:22:00+00:00,2012-12-10 17:55:00+00:00,0.0,20000.0,"POLYGON ((-81.15557599914987 40.63433787258238, -80.56889253615324 40.48084461312056, -81.43025141758233 39.54783132195948, -82.59 39.81726208852722, -81.15557599914987 40.63433787258238))"
13E,2012-12-10 16:22:00+00:00,2012-12-10 17:55:00+00:00,0.0,20000.0,"POLYGON ((-83.00183266742879 39.38074186351281, -84.43161758531153 37.64438700049208, -85.74113265784845 37.792480026001066, -84.94425222436888 38.55862991208368, -83.00183266742879 39.38074186351281))"
14E,2012-12-10 16:22:00+00:00,2012-12-10 17:55:00+00:00,0.0,30000.0,"POLYGON ((-72.54017354086834 40.919790622951, -72.25119473512592 39.09918151101625, -74.04831366555631 38.50937374795807, -74.07892885268637 40.39430638883012, -72.54017354086834 40.919790622951))"
15E,2012-12-10 16:22:00+00:00,2012-12-10 17:55:00+00:00,0.0,35000.0,"POLYGON ((-75.18907190716054 34.15547103719404, -75.42679716750014 33.41060188799391, -76.27939677158344 32.957903419747154, -75.01848997365086 34.051059333060344, -75.38840192275897 33.446718124086345, -76.37318821561078 33.134547596065715, -75.52058861152749 33.587246064312474, -75.55898385626865 33.55112982822004, -75.18907190716054 34.15547103719404))"
33C,2012-12-10 16:55:00+00:00,2012-12-10 18:55:00+00:00,0.0,35000.0,"POLYGON ((-86.96716831099195 31.36804317396184, -87.64948835097047 30.804822983241966, -87.66478124858503 30.789075410077597, -88.4389517807736 29.793159030817357, -87.52217058465237 30.650582306441816, -86.83985054467385 31.21380249716169, -88.28104821922639 29.670413500345944, -87.50687768703781 30.666329879606185, -86.96716831099195 31.36804317396184))"
34C,2012-12-10 16:55:00+00:00,2012-12-10 18:55:00+00:00,0.0,40000.0,"POLYGON ((-85.53483547945474 34.19086697356401, -84.20936765435052 34.090900860738536, -85.90120931136182 32.57223192555957, -91.43225822797524 27.997007400801074, -93.11 28.30994148689969, -85.53483547945474 34.19086697356401))"
17E,2012-12-10 16:55:00+00:00,2012-12-10 18:55:00+00:00,0.0,20000.0,"POLYGON ((-81.08947003227686 40.826660698838374, -80.21 40.66363104426361, -81.81883992248956 39.6973685700695, -82.42416086775295 39.84247168426913, -81.08947003227686 40.826660698838374))"
18E,2012-12-10 16:55:00+00:00,2012-12-10 18:55:00+00:00,0.0,30000.0,"POLYGON ((-70.36786626510806 42.167315332565586, -72.32 39.08994148689969, -73.6706614384017 39.22931115699623, -73.14556251238773 41.09888740083216, -70.36786626510806 42.167315332565586))"
19E,2012-12-10 16:55:00+00:00,2012-12-10 18:55:00+00:00,0.0,36000.0,"POLYGON ((-74.0959147776603 34.55880730044835, -75.4550630668137 33.40067465195113, -76.58487557429612 33.18644206694638, -73.98329012852024 34.39353271557191, -75.41738056494378 33.41628668371497, -76.62213521969636 33.38294071535051, -75.49232271221393 33.59717330035526, -75.53000521408384 33.581561268591415, -74.0959147776603 34.55880730044835))"
35C,2012-12-10 17:55:00+00:00,2012-12-10 19:55:00+00:00,0.0,41000.0,"POLYGON ((-87.46234421062056 33.19816254181924, -84.84377835066681 32.92213152705868, -87.22533425646198 30.358295136734466, -90.63650853168785 28.708368653238324, -92.38492925237696 28.600959686264062, -87.46234421062056 33.19816254181924))"
20E,2012-12-10 17:55:00+00:00,2012-12-10 19:55:00+00:00,0.0,31000.0,"POLYGON ((-69.86431720089824 42.35449411882638, -71.65816773039383 39.6884500990038, -72.698137959761 39.80152794946254, -72.94493505783313 41.4786022307517, -69.86431720089824 42.35449411882638))"
21E,2012-12-10 17:55:00+00:00,2012-12-10 19:55:00+00:00,0.0,36000.0,"POLYGON ((-74.0959147776603 34.55880730044835, -75.4550630668137 33.40067465195113, -76.58487557429612 33.18644206694638, -73.98329012852024 34.39353271557191, -75.41738056494378 33.41628668371497, -76.62213521969636 33.38294071535051, -75.49232271221393 33.59717330035526, -75.53000521408384 33.581561268591415, -74.0959147776603 34.55880730044835))"
22E,2012-12-10 17:55:00+00:00,2012-12-10 19:55:00+00:00,0.0,30000.0,"POLYGON ((-84.31176523453537 34.6958188956079, -83.06896360540937 34.23866700707154, -84.84377835066681 32.92213152705868, -87.46234421062056 33.19816254181924, -84.31176523453537 34.6958188956079))"
DELTA 1,2012-12-10 18:00:00+00:00,2012-12-10 22:00:00+00:00,0.0,42000.0,"POLYGON ((-84.07751005786072 27.296558660593604, -85.07751005786072 25.846558660593605, -85.52248994213927 26.153441339406395, -84.52248994213927 27.603441339406395, -84.07751005786072 27.296558660593604))"
TANGO 11,2012-12-10 18:27:00+00:00,2012-12-10 22:30:00+00:00,0.0,45000.0,"POLYGON ((-170.3 29.3, -163.3 26.3, -163.3 17, -172.3 26, -170.3 29.3))"
23E,2012-12-10 18:55:00+00:00,2012-12-10 20:55:00+00:00,0.0,32000.0,"POLYGON ((-67.99528047686636 43.299555223707664, -70.03 40.44815522131804, -71.82137771183156 39.996688755594256, -72.04961315555371 41.9093385853319, -67.99528047686636 43.299555223707664))"
24E,2012-12-10 18:55:00+00:00,2012-12-10 20:55:00+00:00,0.0,28000.0,"POLYGON ((-83.11290004321083 34.76352369887408, -82.99251476666052 34.084793500183224, -84.44070758035093 32.68751994342753, -86.00392407002113 33.04748552331121, -83.11290004321083 34.76352369887408))"
25E,2012-12-10 18:55:00+00:00,2012-12-10 20:55:00+00:00,0.0,45000.0,"POLYGON ((-82.36952728750863 30.18646741468725, -82.16891420750264 29.278757565572914, -84.10008087615607 26.81844441120513, -84.78199868738596 28.658030819656812, -82.36952728750863 30.18646741468725))"
36C,2012-12-10 18:55:00+00:00,2012-12-10 20:55:00+00:00,0.0,41000.0,"POLYGON ((-86.59616144442315 33.0548081558199, -84.44070758035093 32.68751994342753, -87.04779526586864 30.060955930196414, -90.46191404164996 28.410989377318607, -90.86219487579237 29.177841928328096, -86.59616144442315 33.0548081558199))"
26E,2012-12-10 19:55:00+00:00,2012-12-10 21:55:00+00:00,0.0,32000.0,"POLYGON ((-67.2441221761405 43.65190526715569, -67.12776205799324 42.135165731758825, -70.03 40.28178626558165, -71.65949053594444 40.9181156410265, -70.57313546997231 42.48657917572223, -67.2441221761405 43.65190526715569))"
27E,2012-12-10 19:55:00+00:00,2012-12-10 21:55:00+00:00,0.0,40000.0,"POLYGON ((-83.3 33.86815522131804, -85.43079153839311 29.45442529643398, -89.88221174173675 28.718709245337873, -85.76132089629678 33.239787958019946, -83.3 33.86815522131804))"
28E,2012-12-10 19:55:00+00:00,2012-12-10 21:55:00+00:00,0.0,45000.0,"POLYGON ((-81.7832759799645 30.57499714509143, -80.814149796856 28.729986895242956, -84.10008087615607 26.81844441120513, -84.5195922298091 28.29786480597258, -81.7832759799645 30.57499714509143))"
29E,2012-12-10 19:55:00+00:00,2012-12-10 21:55:00+00:00,0.0,40000.0,"POLYGON ((-80.93959800701167 28.186491202038923, -80.09 27.17910686720918, -80.79299415916647 25.990099428596057, -81.85125531207764 26.68368715822119, -80.93959800701167 28.186491202038923))"
30E,2012-12-10 20:55:00+00:00,2012-12-10 22:55:00+00:00,0.0,32000.0,"POLYGON ((-67.18680514614469 44.38122560188576, -66.70689460191525 42.25129884186158, -69.562897803956 40.92613127388506, -70.95975296798713 41.366116553854944, -70.34837315927247 42.82878184750349, -67.18680514614469 44.38122560188576))"
31E,2012-12-10 20:55:00+00:00,2012-12-10 22:55:00+00:00,0.0,35000.0,"POLYGON ((-83.26844907484815 33.45794791023677, -85.50729061490058 30.394898643962318, -88.76502370959896 29.39858821975994, -85.49145279486254 33.28496541010841, -83.26844907484815 33.45794791023677))"
32E,2012-12-10 20:55:00+00:00,2012-12-10 22:55:00+00:00,0.0,45000.0,"POLYGON ((-81.21304447229758 30.954484094797632, -80.97675315583828 30.147918235775258, -81.26763209118957 28.386275948588, -84.2713189869526 26.752784623665224, -84.93326234313339 29.169065141989194, -81.21304447229758 30.954484094797632))"
33E,2012-12-10 20:55:00+00:00,2012-12-10 22:55:00+00:00,0.0,45000.0,"POLYGON ((-80.8414106939784 28.205445134594115, -80.55038900599892 26.697861550348275, -80.74676363206545 26.65995368523789, -81.03778532004493 28.16753726948373, -80.8414106939784 28.205445134594115))"
DELTA 2,2012-12-10 21:45:00+00:00,2012-12-11 01:45:00+00:00,0.0,50000.0,"POLYGON ((-85.45 27.45, -83.45 27.3, -83.3 26.45, -86 26, -85.45 27.45))"
34E,2012-12-10 21:55:00+00:00,2012-12-10 23:55:00+00:00,0.0,45000.0,"POLYGON ((-80.00960503624667 31.214106549109758, -80.4067456818193 29.043491787627, -83.58517661441802 27.014182684276577, -84.25512281369427 28.53579429790076, -80.00960503624667 31.214106549109758))"
35E,2012-12-10 21:55:00+00:00,2012-12-10 23:55:00+00:00,0.0,43000.0,"POLYGON ((-80.27339745201733 28.14094605091884, -79.97020366320871 27.488030491583192, -80.77961877590428 26.933000350378148, -81.05360465960551 27.678859671358637, -80.27339745201733 28.14094605091884))"
TANGO 12,2012-12-10 22:42:00+00:00,2012-12-11 02:45:00+00:00,0.0,45000.0,"POLYGON ((-168.3 26, -163 26, -162.3 19.3, -166.3 17, -168.3 26))"
36E,2012-12-10 22:55:00+00:00,2012-12-11 00:55:00+00:00,0.0,45000.0,"POLYGON ((-79.36799617291318 31.504854143236706, -78.62090868383004 30.168248924699977, -80.4067456818193 29.043491787627, -83.58517661441802 27.014182684276577, -84.25512281369427 28.53579429790076, -79.36799617291318 31.504854143236706))"
37E,2012-12-10 23:55:00+00:00,2012-12-11 01:55:00+00:00,0.0,45000.0,"POLYGON ((-78.22272011451275 32.24017317440624, -77.84462178688962 30.988500832891024, -80.63844316770998 28.79286331647985, -81.91746169427603 29.986446481500316, -78.22272011451275 32.24017317440624))"
38E,2012-12-10 23:55:00+00:00,2012-12-11 01:55:00+00:00,0.0,45000.0,"POLYGON ((-82.39015455956361 28.524515941007245, -81.92693955452833 27.907952943525746, -83.58517661441802 27.014182684276577, -83.99782149241963 27.903731157228925, -82.39015455956361 28.524515941007245))"
1E,2012-12-11 00:55:00+00:00,2012-12-11 02:55:00+00:00,0.0,45000.0,"POLYGON ((-77.11256866433175 32.810607855650346, -76.787847348351 31.7018065542093, -80.0564361067391 28.913867138718043, -80.79946739632095 30.083412642324504, -77.11256866433175 32.810607855650346))"
2E,2012-12-11 00:55:00+00:00,2012-12-11 02:55:00+00:00,0.0,45000.0,"POLYGON ((-82.14516384028595 28.379529119827293, -81.68186975425486 27.71564427904816, -83.6011659730496 26.454944154176626, -83.71993687404334 27.524099066475177, -82.14516384028595 28.379529119827293))"
DELTA 3,2012-12-11 01:30:00+00:00,2012-12-11 05:30:00+00:00,0.0,48000.0,"POLYGON ((-84.3 27.45, -83.45 27.3, -83.3 25.45, -85.15 25.15, -84.3 27.45))"
3E,2012-12-11 01:55:00+00:00,2012-12-11 03:55:00+00:00,0.0,45000.0,"POLYGON ((-77.11256866433175 32.810607855650346, -76.787847348351 31.7018065542093, -79.77463338462778 29.293358650039814, -80.79946739632095 30.083412642324504, -77.11256866433175 32.810607855650346))"
4E,2012-12-11 01:55:00+00:00,2012-12-11 03:55:00+00:00,0.0,43000.0,"POLYGON ((-81.74040199298834 28.186491202038923, -81.68186975425486 27.71564427904816, -83.6011659730496 26.454944154176626, -83.58517661441802 27.014182684276577, -81.74040199298834 28.186491202038923))"
5E,2012-12-11 01:55:00+00:00,2012-12-11 03:55:00+00:00,0.0,38000.0,"POLYGON ((-67.91026303078768 43.145151384017474, -67.94602523669627 42.79079323355939, -68.75931543449695 42.2141970114123, -69.49127070071425 42.6010167850055, -67.91026303078768 43.145151384017474))"
TANGO 13,2012-12-11 02:32:00+00:00,2012-12-11 06:35:00+00:00,0.0,45000.0,"POLYGON ((-164 26.3, -164 18, -168.3 18, -171 26, -164 26.3))"
6E,2012-12-11 02:55:00+00:00,2012-12-11 04:55:00+00:00,0.0,45000.0,"POLYGON ((-77.0382851343027 32.656419589869714, -76.60967095769928 31.63338351567133, -79.88161041550096 28.84871529436914, -80.43158422428436 29.88648850803795, -77.0382851343027 32.656419589869714))"
7E,2012-12-11 03:55:00+00:00,2012-12-11 05:55:00+00:00,0.0,45000.0,"POLYGON ((-75.47369288951381 33.49892397615319, -77.17672267238457 30.38677481867236, -79.14696250387193 28.849917908083896, -80.5679002798478 29.76946774451852, -75.47369288951381 33.49892397615319))"
8E,2012-12-11 03:55:00+00:00,2012-12-11 05:55:00+00:00,0.0,45000.0,"POLYGON ((-81.78 26.363631044263613, -81.20392955410844 25.79708094283153, -82.64302907886804 24.269323624401174, -83.32829517781497 25.15526690948867, -81.78 26.363631044263613))"
ECHO 1,2012-12-11 04:10:00+00:00,2012-12-11 08:10:00+00:00,0.0,46000.0,"POLYGON ((-72.3 35, -73.3 30.45, -77 29.3, -77 33, -72.3 35))"
9E,2012-12-11 04:55:00+00:00,2012-12-11 06:55:00+00:00,0.0,45000.0,"POLYGON ((-76.67065906260929 31.884832305941785, -77.17924536115109 30.643087863040467, -79.282603940839 28.73352261360218, -80.0485238224346 29.677802702842087, -76.67065906260929 31.884832305941785))"
10E,2012-12-11 04:55:00+00:00,2012-12-11 06:55:00+00:00,0.0,45000.0,"POLYGON ((-81.51648664156929 26.765038902439738, -80.62181246354417 25.92693358338929, -82.53184114465463 24.588231466088477, -83.15779352751315 25.093231182681432, -81.51648664156929 26.765038902439738))"
11E,2012-12-11 05:55:00+00:00,2012-12-11 07:55:00+00:00,0.0,45000.0,"POLYGON ((-76.81696033297256 32.19359480289175, -77.10528787481553 29.240259834690228, -80.0564361067391 28.913867138718043, -78.5209752779558 31.586746864214856, -76.81696033297256 32.19359480289175))"
12E,2012-12-11 05:55:00+00:00,2012-12-11 07:55:00+00:00,0.0,45000.0,"POLYGON ((-81.38432146387322 26.882375296332857, -80.8343635575218 25.798949119323996, -82.81730934868862 24.96857646578228, -83.32829517781497 25.15526690948867, -81.38432146387322 26.882375296332857))"
TANGO 14,2012-12-11 06:30:00+00:00,2012-12-11 10:35:00+00:00,0.0,48000.0,"POLYGON ((-166.08 26.48, -163.05 22.41, -164.44 15.5, -169.13 21.52, -166.08 26.48))"
13E,2012-12-11 06:55:00+00:00,2012-12-11 08:55:00+00:00,0.0,45000.0,"POLYGON ((-76.90242752020269 32.24551165860324, -77.84954704302787 30.32240400675686, -80.17919825253547 28.893549181178795, -76.73149314574242 32.14167794718026, -77.81636276655823 30.355730902971306, -80.28376407405646 29.06403668503067, -77.95411286454886 30.492891510608732, -77.9872971410185 30.459564614394285, -76.90242752020269 32.24551165860324))"
14E,2012-12-11 06:55:00+00:00,2012-12-11 08:55:00+00:00,0.0,45000.0,"POLYGON ((-80.5389432076544 26.743848952756206, -81.17942902191372 25.700128769456327, -83.4744694973959 25.120155045297324, -80.38582786040641 26.61518003484233, -81.12737188048445 25.732746483874593, -83.52347056178535 25.31405939204773, -81.22843008630316 25.894033116206735, -81.28048722773244 25.86141540178847, -80.5389432076544 26.743848952756206))"
ECHO 2,2012-12-11 07:55:00+00:00,2012-12-11 11:55:00+00:00,0.0,40000.0,"POLYGON ((-74.15 33.15, -73.45 30.3, -77 29.15, -77 32.45, -74.15 33.15))"
15E,2012-12-11 07:55:00+00:00,2012-12-11 09:55:00+00:00,0.0,45000.0,"POLYGON ((-77.51496546569011 30.69718782752645, -77.48925516348793 30.440279866191077, -79.53216678103239 29.205739424525145, -77.37080304714617 30.55856172219429, -77.46889415264515 30.456553150486247, -79.63560717789078 29.376912098447644, -77.59269556034631 30.611452540113575, -77.61305657118909 30.595179255818405, -77.51496546569011 30.69718782752645))"
16E,2012-12-11 07:55:00+00:00,2012-12-11 09:55:00+00:00,0.0,45000.0,"POLYGON ((-80.51749432699096 26.606761962333373, -82.68013098111588 25.283416141120092, -82.80918706680269 26.51657681220361, -81.1186377825671 25.379999345895538, -82.56798785457678 25.19463274266968, -80.34981827677014 26.497744797710794, -81.04748605670558 25.424682788522585, -82.61027341222227 26.537394065179456, -82.48121732653546 25.304233394095938, -82.59336045307455 25.39301679254635, -81.14401038106487 25.57838339577221, -81.2151621069264 25.533699953145163, -80.51749432699096 26.606761962333373))"
17E,2012-12-11 08:55:00+00:00,2012-12-11 10:55:00+00:00,0.0,45000.0,"POLYGON ((-76.1841728504819 30.901242947556092, -77.37820193393681 30.68297198725207, -77.42892946940637 30.65725859058893, -79.75643323139492 28.45618666531441, -77.34223749119998 30.4862321619532, -76.14820840774507 30.704503122257222, -79.61901371771897 28.310873633341817, -77.29150995573042 30.51194555861634, -76.1841728504819 30.901242947556092))"
18E,2012-12-11 08:55:00+00:00,2012-12-11 10:55:00+00:00,0.0,40000.0,"POLYGON ((-81.46845496239145 26.93642670174551, -81.300187965355 26.828323890920203, -82.11945606505849 25.553095413025712, -82.28772306209494 25.66119822385102, -81.46845496239145 26.93642670174551))"
19E,2012-12-11 09:55:00+00:00,2012-12-11 11:55:00+00:00,0.0,45000.0,"POLYGON ((-77.43114313562623 30.655099365768752, -78.67302551975496 29.122447293134133, -79.75698467515298 28.19076373438634, -77.28929628951056 30.51410478343652, -78.66728505504885 29.127786549493056, -79.88735059185643 28.34243682943642, -78.80339143645841 29.274120388184212, -78.80913190116452 29.26878113182529, -77.43114313562623 30.655099365768752))"
20E,2012-12-11 09:55:00+00:00,2012-12-11 11:55:00+00:00,0.0,43000.0,"POLYGON ((-81.3308299931828 26.79424057504929, -81.19668494499315 26.645899393827772, -82.64458853170456 25.33655902850248, -82.77873357989421 25.484900209724, -81.3308299931828 26.79424057504929))"
TANGO 15,2012-12-11 10:30:00+00:00,2012-12-11 14:35:00+00:00,0.0,49000.0,"POLYGON ((-166.39 24.3, -163.4 22.1, -165.04 14.29, -169.55 23.38, -166.39 24.3))"
21E,2012-12-11 10:55:00+00:00,2012-12-11 12:55:00+00:00,0.0,45000.0,"POLYGON ((-76.91672891187649 29.334419026038073, -78.74019084641459 29.298264189807853, -78.83820623862364 29.198953087693084, -78.8441798825956 28.306381303207083, -78.73622610979878 29.098303491510492, -76.91276417526068 29.134458327740713, -78.64418436156168 28.30504280913926, -78.63821071758973 29.19761459362526, -76.91672891187649 29.334419026038073))"
ECHO 3,2012-12-11 11:30:00+00:00,2012-12-11 15:30:00+00:00,0.0,45000.0,"POLYGON ((-77 32, -74 32, -73.45 29, -77 28.15, -77 32))"
22E,2012-12-11 11:55:00+00:00,2012-12-11 13:55:00+00:00,0.0,45000.0,"POLYGON ((-76.95239715517236 29.327080090122685, -76.8770959319648 29.141797263656102, -78.79960582717905 28.36046555850541, -78.87490705038661 28.545748384971994, -76.95239715517236 29.327080090122685))"
23E,2012-12-11 11:55:00+00:00,2012-12-11 13:55:00+00:00,0.0,45000.0,"POLYGON ((-80.91029931265868 26.743590638443255, -81.45252612786533 25.82526975294488, -83.11345217011173 25.003599469410965, -80.75923013884022 26.612525369505196, -81.42133289835752 25.849368831746318, -83.20213488491457 25.1828628959519, -81.54120884266817 26.004533179485815, -81.57240207217598 25.980434100684377, -80.91029931265868 26.743590638443255))"
CHARLIE 1,2012-12-11 12:20:00+00:00,2012-12-11 16:20:00+00:00,23000.0,37000.0,"POLYGON ((-165.15 52.15, -170.45 43, -175.3 44.3, -171 51.15, -165.15 52.15))"
FOXTROT 1,2012-12-11 12:55:00+00:00,2012-12-11 16:55:00+00:00,0.0,44000.0,"POLYGON ((-83.3 25.45, -83.15 24, -86 23.45, -86 24.45, -83.3 25.45))"
24E,2012-12-11 12:55:00+00:00,2012-12-11 14:55:00+00:00,0.0,45000.0,"POLYGON ((-76.95239715517236 29.327080090122685, -76.8770959319648 29.141797263656102, -78.79960582717905 28.36046555850541, -78.87490705038661 28.545748384971994, -76.95239715517236 29.327080090122685))"
25E,2012-12-11 12:55:00+00:00,2012-12-11 14:55:00+00:00,0.0,45000.0,"POLYGON ((-81.16088384825042 26.34834433846106, -81.45252612786533 25.82526975294488, -83.11345217011173 25.003599469410965, -81.02780496767636 26.199045940796672, -81.43032804497972 25.840252267383153, -83.20213488491457 25.1828628959519, -81.54120884266817 26.004533179485815, -81.56340692555378 25.989550665047542, -81.16088384825042 26.34834433846106))"
26E,2012-12-11 13:55:00+00:00,2012-12-11 15:55:00+00:00,0.0,45000.0,"POLYGON ((-76.95239715517236 29.327080090122685, -76.8770959319648 29.141797263656102, -78.79960582717905 28.36046555850541, -78.87490705038661 28.545748384971994, -76.95239715517236 29.327080090122685))"
27E,2012-12-11 13:55:00+00:00,2012-12-11 15:55:00+00:00,0.0,45000.0,"POLYGON ((-81.16088384825042 26.34834433846106, -81.45252612786533 25.82526975294488, -83.11345217011173 25.003599469410965, -81.02780496767636 26.199045940796672, -81.43032804497972 25.840252267383153, -83.20213488491457 25.1828628959519, -81.54120884266817 26.004533179485815, -81.56340692555378 25.989550665047542, -81.16088384825042 26.34834433846106))"
TANGO 16,2012-12-11 14:30:00+00:00,2012-12-11 18:35:00+00:00,0.0,47000.0,"POLYGON ((-165.26 24.34, -161.44 18.02, -166.51 18.27, -169.39 16.05, -169.28 22.41, -165.26 24.34))"
28E,2012-12-11 14:55:00+00:00,2012-12-11 16:55:00+00:00,0.0,45000.0,"POLYGON ((-77.44288425641814 30.62787477486037, -77.01001450024647 29.237383014382694, -78.66396287566272 28.386397665847735, -78.8209924521177 29.280485096039094, -77.44288425641814 30.62787477486037))"
29E,2012-12-11 14:55:00+00:00,2012-12-11 16:55:00+00:00,0.0,45000.0,"POLYGON ((-81.14400111094189 26.36049497747033, -81.0446877049849 26.186895301787402, -83.10813682453465 25.006431344839967, -83.20745023049165 25.180031020522897, -81.14400111094189 26.36049497747033))"
GOLF 1,2012-12-11 15:30:00+00:00,2012-12-11 19:30:00+00:00,0.0,38000.0,"POLYGON ((-92.83935376727464 26.93265509690099, -95.13935376727464 25.23265509690099, -95.46064623272535 25.667344903099007, -93.16064623272536 27.367344903099006, -92.83935376727464 26.93265509690099))"
30E,2012-12-11 15:55:00+00:00,2012-12-11 17:55:00+00:00,0.0,45000.0,"POLYGON ((-77.30963848233473 30.50739239400086, -76.91474654356858 29.234438676889393, -78.49088759685516 28.319469415929397, -78.63029664222483 29.27709787387556, -77.30963848233473 30.50739239400086))"
31E,2012-12-11 15:55:00+00:00,2012-12-11 17:55:00+00:00,0.0,45000.0,"POLYGON ((-81.11916574884955 27.116677576406655, -80.54185196553956 26.035046574174213, -83.26364094710507 24.582926252780663, -83.32829517781497 25.15526690948867, -81.11916574884955 27.116677576406655))"
GOLF 2,2012-12-11 16:15:00+00:00,2012-12-11 20:15:00+00:00,0.0,38000.0,"POLYGON ((-91.18294281647479 27.056394509961063, -95.0329428164748 25.20639450996106, -95.26705718352521 25.693605490038937, -91.4170571835252 27.54360549003894, -91.18294281647479 27.056394509961063))"
CHARLIE 2,2012-12-11 16:15:00+00:00,2012-12-11 20:15:00+00:00,30000.0,38000.0,"POLYGON ((-166.59601907395316 50.59772518511608, -170.59601907395316 43.59772518511608, -172.00398092604686 44.40227481488392, -168.00398092604686 51.40227481488392, -166.59601907395316 50.59772518511608))"
FOXTROT 2,2012-12-11 16:45:00+00:00,2012-12-11 20:45:00+00:00,0.0,46000.0,"POLYGON ((-83.75945945945945 27, -83.75945945945945 24, -84.84054054054054 24, -84.84054054054054 27, -83.75945945945945 27))"
HOTEL 1,2012-12-11 16:45:00+00:00,2012-12-11 20:45:00+00:00,0.0,35000.0,"POLYGON ((-67 39, -67 37.3, -74 35, -72.3 37.3, -67 39))"
32E,2012-12-11 16:55:00+00:00,2012-12-11 18:55:00+00:00,0.0,45000.0,"POLYGON ((-77.30963848233473 30.50739239400086, -77.10528787481553 29.240259834690228, -79.01076845063898 28.519596446906537, -79.20241947668596 29.286447168852742, -77.30963848233473 30.50739239400086))"
33E,2012-12-11 17:55:00+00:00,2012-12-11 19:55:00+00:00,0.0,45000.0,"POLYGON ((-77.17672267238457 30.38677481867236, -77.10528787481553 29.240259834690228, -79.18449906741898 28.585865204160374, -78.8209924521177 29.280485096039094, -77.17672267238457 30.38677481867236))"
34E,2012-12-11 17:55:00+00:00,2012-12-11 19:55:00+00:00,0.0,38000.0,"POLYGON ((-74.23245301247248 34.68100767102004, -74.12632593811851 34.51148763064407, -76.41164690519928 33.08077520479666, -76.51777397955324 33.25029524517263, -74.23245301247248 34.68100767102004))"
TANGO 17,2012-12-11 18:10:00+00:00,2012-12-11 22:10:00+00:00,,,"POLYGON ((-164.52 22.11, -162.29 18.19, -169.31 16.43, -169 22.06, -164.52 22.11))"
GOLF 3,2012-12-11 18:30:00+00:00,2012-12-11 22:30:00+00:00,0.0,38000.0,"POLYGON ((-90.16853850350272 27.91385620073637, -95.01853850350273 25.21385620073637, -95.28146149649729 25.68614379926363, -90.43146149649728 28.38614379926363, -90.16853850350272 27.91385620073637))"
HOTEL 2,2012-12-11 18:45:00+00:00,2012-12-11 22:45:00+00:00,0.0,38000.0,"POLYGON ((-67.3 39, -62 38.3, -69 37, -67.3 39))"
35E,2012-12-11 18:55:00+00:00,2012-12-11 20:55:00+00:00,0.0,45000.0,"POLYGON ((-77.30963848233473 30.50739239400086, -77.10528787481553 29.240259834690228, -79.01076845063898 28.519596446906537, -78.97913111692964 30.047082757571303, -77.30963848233473 30.50739239400086))"
36E,2012-12-11 18:55:00+00:00,2012-12-11 20:55:00+00:00,0.0,38000.0,"POLYGON ((-73.95319469479729 34.44074765887209, -73.8472402035189 34.27111969603006, -76.13527205554043 32.84194937028921, -76.24122654681882 33.011577333131235, -73.95319469479729 34.44074765887209))"
INDIA 1,2012-12-11 19:15:00+00:00,2012-12-11 23:15:00+00:00,0.0,39000.0,"POLYGON ((-90.87252641882779 25.211679826504138, -93.0225264188278 24.06167982650414, -93.27747358117222 24.538320173495862, -91.12747358117221 25.68832017349586, -90.87252641882779 25.211679826504138))"
FOXTROT 3,2012-12-11 19:15:00+00:00,2012-12-11 23:15:00+00:00,0.0,48000.0,"POLYGON ((-82.85492947169467 25.697101049577864, -86.15492947169467 23.547101049577865, -86.74507052830533 24.452898950422135, -83.44507052830534 26.602898950422134, -82.85492947169467 25.697101049577864))"
37E,2012-12-11 19:55:00+00:00,2012-12-11 21:55:00+00:00,0.0,45000.0,"POLYGON ((-77.30963848233473 30.50739239400086, -77.10528787481553 29.240259834690228, -79.01076845063898 28.519596446906537, -78.97913111692964 30.047082757571303, -77.30963848233473 30.50739239400086))"
38E,2012-12-11 20:55:00+00:00,2012-12-11 22:55:00+00:00,0.0,45000.0,"POLYGON ((-77.30963848233473 30.50739239400086, -77.10528787481553 29.240259834690228, -79.01076845063898 28.519596446906537, -78.97913111692964 30.047082757571303, -77.30963848233473 30.50739239400086))"
39E,2012-12-11 20:55:00+00:00,2012-12-11 22:55:00+00:00,0.0,45000.0,"POLYGON ((-82.89566769234406 26.525659090347393, -81.78 25.531786265581648, -83.26364094710507 24.582926252780663, -83.6582426741821 25.817390278613956, -82.89566769234406 26.525659090347393))"
TANGO 18,2012-12-11 21:49:00+00:00,2012-12-12 01:50:00+00:00,0.0,40000.0,"POLYGON ((-164.41 21.19, -163.05 18.42, -166.45 18.43, -166.13 21.1, -164.41 21.19))"
40E,2012-12-11 21:55:00+00:00,2012-12-11 23:55:00+00:00,0.0,43000.0,"POLYGON ((-77.44288425641814 30.62787477486037, -77.26264983552646 29.122304362588444, -80.018842671734 26.526277407157078, -80.44870377131313 27.448072961903527, -77.44288425641814 30.62787477486037))"
41E,2012-12-11 21:55:00+00:00,2012-12-11 23:55:00+00:00,0.0,45000.0,"POLYGON ((-82.56412362453968 25.82201670001851, -82.44993973133681 25.176804459684142, -83.26364094710507 24.582926252780663, -83.49897002959062 25.217107218672528, -82.56412362453968 25.82201670001851))"
FOXTROT 4,2012-12-11 22:55:00+00:00,2012-12-12 02:55:00+00:00,0.0,48000.0,"POLYGON ((-84 26.15, -83.3 26, -83.15 24, -86 24, -84 26.15))"
42E,2012-12-11 22:55:00+00:00,2012-12-12 00:55:00+00:00,0.0,43000.0,"POLYGON ((-77.44288425641814 30.62787477486037, -77.26264983552646 29.122304362588444, -80.54185196553956 26.035046574174213, -81.0362111198932 26.52807065944123, -77.44288425641814 30.62787477486037))"
43E,2012-12-11 22:55:00+00:00,2012-12-12 00:55:00+00:00,0.0,41000.0,"POLYGON ((-81.10070542770038 27.578939582492282, -80.91888724588219 27.578939582492282, -80.91888724588219 27.397121400674102, -81.10070542770038 27.397121400674102, -81.10070542770038 27.578939582492282))"
INDIA 2,2012-12-11 23:05:00+00:00,2012-12-12 03:05:00+00:00,0.0,43000.0,"POLYGON ((-89.3 27.3, -88.45 26.15, -92 24.45, -92 25.3, -89.3 27.3))"
44E,2012-12-11 23:55:00+00:00,2012-12-12 01:55:00+00:00,0.0,43000.0,"POLYGON ((-76.787847348351 31.7018065542093, -77.26264983552646 29.122304362588444, -80.54185196553956 26.035046574174213, -81.09129487440971 26.783011200950792, -76.787847348351 31.7018065542093))"
1E,2012-12-12 00:55:00+00:00,2012-12-12 02:55:00+00:00,0.0,45000.0,"POLYGON ((-76.787847348351 31.7018065542093, -77.26264983552646 29.122304362588444, -80.54185196553956 26.035046574174213, -81.09129487440971 26.783011200950792, -76.787847348351 31.7018065542093))"
2E,2012-12-12 00:55:00+00:00,2012-12-12 02:55:00+00:00,0.0,45000.0,"POLYGON ((-82.71166105579938 25.41072961911324, -82.44386152768286 24.000431939860878, -83.14679317876859 24.07469221014595, -83.49897002959062 25.217107218672528, -82.71166105579938 25.41072961911324))"
JULIETT 1,2012-12-12 01:35:00+00:00,2012-12-12 05:35:00+00:00,0.0,36000.0,"POLYGON ((-58.3 40.45, -57.3 38.3, -68 36.45, -68 37.3, -58.3 40.45))"
3E,2012-12-12 01:55:00+00:00,2012-12-12 03:55:00+00:00,0.0,45000.0,"POLYGON ((-78.49005141063668 28.08269304888449, -77.83746882689503 27.489862605286607, -80.49298002028675 26.2609592579917, -80.77654521196041 26.42368438524639, -78.49005141063668 28.08269304888449))"
4E,2012-12-12 01:55:00+00:00,2012-12-12 03:55:00+00:00,0.0,45000.0,"POLYGON ((-82.33784439516555 26.528914736607334, -82.57192140532622 23.882195511106563, -83.14679317876859 24.07469221014595, -83.73133591168641 26.336271200575712, -82.33784439516555 26.528914736607334))"
5E,2012-12-12 02:55:00+00:00,2012-12-12 04:55:00+00:00,0.0,45000.0,"POLYGON ((-80.09 27.678213734418357, -79.56117451794687 27.14958210160337, -79.87709734847402 26.218726895225966, -81.0362111198932 26.52807065944123, -80.09 27.678213734418357))"
6E,2012-12-12 02:55:00+00:00,2012-12-12 04:55:00+00:00,0.0,45000.0,"POLYGON ((-83.18754384595526 26.01521183544697, -82.20358956357671 25.607146818438366, -82.57192140532622 23.882195511106563, -83.31437352999123 24.009448607330512, -83.18754384595526 26.01521183544697))"
FOXTROT 5,2012-12-12 02:55:00+00:00,2012-12-12 06:55:00+00:00,0.0,48000.0,"POLYGON ((-83.3 26.15, -83.15 24, -86 24, -83.3 26.15))"
7E,2012-12-12 03:55:00+00:00,2012-12-12 05:55:00+00:00,0.0,43000.0,"POLYGON ((-79.51367547112858 27.908472425259042, -78.70768203712859 27.182633878230448, -79.95847702015321 26.562298839719954, -80.48620572207447 27.032371714733443, -79.51367547112858 27.908472425259042))"
8E,2012-12-12 03:55:00+00:00,2012-12-12 05:55:00+00:00,0.0,45000.0,"POLYGON ((-81.62822177734516 27.92487648880816, -81.34 27.541786265581646, -83.14679317876859 24.07469221014595, -83.48844103885673 25.883174257129554, -81.62822177734516 27.92487648880816))"
9E,2012-12-12 04:55:00+00:00,2012-12-12 06:55:00+00:00,0.0,43000.0,"POLYGON ((-79.29419503157311 28.3685270794843, -78.62494597452293 27.96650717128148, -79.2274954426497 26.99572638673913, -80.09 27.511844778681965, -79.29419503157311 28.3685270794843))"
10E,2012-12-12 04:55:00+00:00,2012-12-12 06:55:00+00:00,0.0,45000.0,"POLYGON ((-81.15061822490324 28.5398686353591, -80.66632452887144 27.908472425259042, -81.38432146387322 26.882375296332857, -81.98782966187225 27.398873183371546, -81.15061822490324 28.5398686353591))"
11E,2012-12-12 04:55:00+00:00,2012-12-12 06:55:00+00:00,0.0,45000.0,"POLYGON ((-82.55 27.23363104426361, -81.7089352942257 26.376277522685555, -83.14679317876859 24.07469221014595, -83.48844103885673 25.883174257129554, -82.55 27.23363104426361))"
JULIETT 2,2012-12-12 05:20:00+00:00,2012-12-12 09:20:00+00:00,0.0,36000.0,"POLYGON ((-55.45 41.3, -55 38.45, -63 37.3, -63 39, -55.45 41.3))"
12E,2012-12-12 05:55:00+00:00,2012-12-12 07:55:00+00:00,0.0,45000.0,"POLYGON ((-81.195473751244 28.23251377770355, -81.0159823822215 27.84794389072228, -82.15226527965021 25.35811317607286, -82.55 26.734524177054432, -81.195473751244 28.23251377770355))"
FOXTROT 6,2012-12-12 06:40:00+00:00,2012-12-12 10:40:00+00:00,0.0,48000.0,"POLYGON ((-83.3 26.15, -83 24, -85.45 24, -83.3 26.15))"
13E,2012-12-12 06:55:00+00:00,2012-12-12 08:55:00+00:00,0.0,45000.0,"POLYGON ((-80.47230500902452 28.597774590454286, -80.31391502037056 28.475657386530372, -82.22461028042 25.997423437209196, -82.38300026907396 26.11954064113311, -80.47230500902452 28.597774590454286))"
14E,2012-12-12 07:55:00+00:00,2012-12-12 09:55:00+00:00,0.0,45000.0,"POLYGON ((-79.99774711500291 30.904038705754978, -79.85290262584871 28.45819451080527, -81.71320071540333 26.788321142009355, -79.79775568894962 30.902186813431932, -79.81970619741874 28.531685334107177, -81.84679928459667 26.937154680936214, -79.98650119504205 28.60702804973213, -80.01969762347203 28.533537226430223, -79.99774711500291 30.904038705754978))"
15E,2012-12-12 08:55:00+00:00,2012-12-12 10:55:00+00:00,0.0,45000.0,"POLYGON ((-81.54221314334501 28.849955359237768, -80.52688831549027 27.832459097408307, -81.17081908551413 26.941032112451765, -81.6746409370302 28.700079145448946, -80.67416485213087 27.816077360184313, -81.33294436511014 27.058144851792598, -80.68901359508628 27.94957183674914, -80.54173705844568 27.965953573973135, -81.54221314334501 28.849955359237768))"
16E,2012-12-12 08:55:00+00:00,2012-12-12 10:55:00+00:00,0.0,45000.0,"POLYGON ((-79.63035818856781 30.68283785517417, -81.17773096037847 30.30939436361297, -81.20862714168041 30.296121885697836, -82.69987557817979 29.33040166309261, -81.13081001073876 30.11497619449057, -79.5834372389281 30.48841968605177, -82.59116226593619 29.162528449800476, -81.09991382943682 30.128248672405704, -79.63035818856781 30.68283785517417))"
17E,2012-12-12 09:55:00+00:00,2012-12-12 11:55:00+00:00,0.0,45000.0,"POLYGON ((-80.58527784268506 30.42850259276211, -80.50706699009831 30.244429067947554, -82.24554661853101 29.505767850472743, -82.32375747111776 29.6898413752873, -80.58527784268506 30.42850259276211))"
FOXTROT 7,2012-12-12 10:30:00+00:00,2012-12-12 14:30:00+00:00,0.0,48000.0,"POLYGON ((-83.3 26.3, -83 24, -86 24, -83.3 26.3))"
18E,2012-12-12 10:55:00+00:00,2012-12-12 12:55:00+00:00,0.0,40000.0,"POLYGON ((-80.17240733507555 30.43238235214594, -81.52173478052968 30.272940132095087, -81.59455122158388 30.227026652029352, -82.14840477504126 29.350007052798592, -81.49826521947033 30.07432195643213, -80.14893777401619 30.233764176482982, -81.9793023318735 29.243215837267105, -81.42544877841613 30.120235436497865, -80.17240733507555 30.43238235214594))"
19E,2012-12-12 14:16:00+00:00,2012-12-12 15:55:00+00:00,0.0,43000.0,"POLYGON ((-78.07830742724886 31.121821992949467, -77.88010832405553 31.095042980768977, -77.98282907029594 30.334777454655654, -78.18102817348927 30.361556466836145, -78.07830742724886 31.121821992949467))"
20E,2012-12-12 15:55:00+00:00,2012-12-12 17:55:00+00:00,0.0,42000.0,"POLYGON ((-76.52533568609658 31.575903377538353, -77.44288425641814 30.62787477486037, -78.114134192269 31.228223940412413, -76.52533568609658 31.575903377538353))"
21E,2012-12-12 16:55:00+00:00,2012-12-12 18:55:00+00:00,0.0,42000.0,"POLYGON ((-76.65418288416957 31.81302961887406, -79.21421944440803 30.068777268056234, -79.05791745060613 29.9870998058028, -79.04696714761889 28.85088161334364, -79.10160616931032 29.90349493302988, -76.54156960907186 31.647747283847707, -79.24695786012498 28.848954202824153, -79.25790816311222 29.985172395283314, -76.65418288416957 31.81302961887406))"
KILO 1,2012-12-12 17:00:00+00:00,2012-12-12 21:00:00+00:00,0.0,32000.0,"POLYGON ((-85.73384228140056 27.953030990835394, -86.03384228140055 26.253030990835395, -86.56615771859944 26.346969009164606, -86.26615771859944 28.046969009164606, -85.73384228140056 27.953030990835394))"
KILO 2,2012-12-12 17:15:00+00:00,2012-12-12 21:15:00+00:00,0.0,32000.0,"POLYGON ((-84.96360671015844 27.254287045666356, -88.11360671015844 24.254287045666356, -88.48639328984156 24.645712954333643, -85.33639328984157 27.645712954333643, -84.96360671015844 27.254287045666356))"
22E,2012-12-12 17:55:00+00:00,2012-12-12 19:55:00+00:00,0.0,43000.0,"POLYGON ((-76.52533568609658 31.575903377538353, -78.05829211406056 29.265312143249012, -78.97913111692964 30.047082757571303, -77.9792078756522 31.108432486859222, -76.52533568609658 31.575903377538353))"
23E,2012-12-12 17:55:00+00:00,2012-12-12 19:55:00+00:00,0.0,42000.0,"POLYGON ((-85.1483644234394 28.706818749071704, -84.80660029301603 28.95177178152769, -84.93895341632934 27.89157954242784, -85.87981854612578 27.873038097002674, -85.1483644234394 28.706818749071704))"
24E,2012-12-12 18:55:00+00:00,2012-12-12 20:55:00+00:00,0.0,43000.0,"POLYGON ((-76.6687159731655 31.800969845106405, -77.64730176004308 30.818802366337724, -77.6553378411341 30.80969134732507, -78.95364236826452 29.14376985945942, -77.5056223069535 30.677639578846684, -76.52703652007592 31.659807057615364, -78.7958907529929 29.020829109993688, -77.49758622586248 30.686750597859337, -76.6687159731655 31.800969845106405))"
25E,2012-12-12 18:55:00+00:00,2012-12-12 20:55:00+00:00,0.0,40000.0,"POLYGON ((-84.80660029301603 28.95177178152769, -84.12244060010649 28.6545665186507, -84.5625264528548 27.89720728744805, -85.31533768811302 27.88492939681333, -84.80660029301603 28.95177178152769))"
KILO 3,2012-12-12 19:00:00+00:00,2012-12-12 23:00:00+00:00,0.0,38000.0,"POLYGON ((-84.33275253546678 27.206486035200243, -87.03275253546678 25.906486035200242, -87.26724746453323 26.393513964799755, -84.56724746453322 27.693513964799756, -84.33275253546678 27.206486035200243))"
26E,2012-12-12 19:55:00+00:00,2012-12-12 21:55:00+00:00,0.0,42000.0,"POLYGON ((-76.69184545076622 31.69036906374443, -76.52749646463234 31.57639796759823, -78.16677097355881 29.212525787308138, -78.3311199596927 29.32649688345434, -76.69184545076622 31.69036906374443))"
27E,2012-12-12 20:55:00+00:00,2012-12-12 22:55:00+00:00,0.0,42000.0,"POLYGON ((-77.24887270000232 30.456016233409194, -77.10457264476682 30.317533403935528, -78.176795439008 29.200269920644406, -78.32109549424351 29.338752750118072, -77.24887270000232 30.456016233409194))"
28E,2012-12-12 21:55:00+00:00,2012-12-12 23:55:00+00:00,0.0,42000.0,"POLYGON ((-77.44288425641814 30.62787477486037, -77.17924536115109 30.643087863040467, -78.05829211406056 29.265312143249012, -77.84462178688962 30.988500832891024, -77.44288425641814 30.62787477486037))"
29E,2012-12-12 22:55:00+00:00,2012-12-13 00:55:00+00:00,0.0,40000.0,"POLYGON ((-76.30914570201803 31.112204662807493, -76.63501177895323 30.817035872098167, -78.05829211406056 29.265312143249012, -78.0819286218926 30.3481669607459, -76.30914570201803 31.112204662807493))"
30E,2012-12-12 22:55:00+00:00,2012-12-13 00:55:00+00:00,0.0,45000.0,"POLYGON ((-80.54617241639168 30.336465830354832, -79.70700398422596 28.783338289656164, -81.34 27.541786265581646, -80.54617241639168 30.336465830354832))"
31E,2012-12-12 23:55:00+00:00,2012-12-13 01:55:00+00:00,0.0,43000.0,"POLYGON ((-80.15798964139665 30.120107717012306, -79.01076845063898 28.519596446906537, -80.98023729429245 27.771002068902394, -80.15798964139665 30.120107717012306))"
1E,2012-12-13 00:55:00+00:00,2012-12-13 02:55:00+00:00,0.0,45000.0,"POLYGON ((-79.74516328059205 30.46946570809793, -78.05829211406056 29.265312143249012, -80.20374240607963 28.535271092403768, -79.74516328059205 30.46946570809793))"
2E,2012-12-13 01:55:00+00:00,2012-12-13 03:55:00+00:00,0.0,45000.0,"POLYGON ((-77.57646203349829 30.748220972592204, -77.29585037846218 29.245810877021633, -79.82502512814195 28.531593365265664, -79.5148168257957 29.863520091530443, -77.57646203349829 30.748220972592204))"
3E,2012-12-13 02:55:00+00:00,2012-12-13 04:55:00+00:00,0.0,42000.0,"POLYGON ((-76.60967095769928 31.63338351567133, -76.91474654356858 29.234438676889393, -79.18449906741898 28.585865204160374, -78.61907355013102 30.308201531487097, -76.60967095769928 31.63338351567133))"
4E,2012-12-13 03:55:00+00:00,2012-12-13 05:55:00+00:00,0.0,42000.0,"POLYGON ((-76.38097257791527 31.26681110464502, -76.53373138802777 29.221986399634837, -79.01076845063898 28.519596446906537, -78.97913111692964 30.047082757571303, -76.38097257791527 31.26681110464502))"
5E,2012-12-13 04:55:00+00:00,2012-12-13 06:55:00+00:00,0.0,38000.0,"POLYGON ((-77.17672267238457 30.38677481867236, -76.53373138802777 29.221986399634837, -78.83725643878283 28.453106971738702, -78.8209924521177 29.280485096039094, -77.17672267238457 30.38677481867236))"
6E,2012-12-13 05:55:00+00:00,2012-12-13 07:55:00+00:00,0.0,38000.0,"POLYGON ((-77.71702164568048 29.34775955637399, -77.63704816414618 29.164444957251927, -79.31168515006738 28.433861846514308, -79.39165863160167 28.61717644563637, -77.71702164568048 29.34775955637399))"
LIMA 1,2012-12-13 06:30:00+00:00,2012-12-13 10:30:00+00:00,29000.0,41000.0,"POLYGON ((-60.3 42, -51.3 41.45, -51 37, -59.45 37, -67.15 35, -67 40, -60.3 42))"
7E,2012-12-13 06:55:00+00:00,2012-12-13 08:55:00+00:00,0.0,38000.0,"POLYGON ((-79.07436275288498 28.57015639119713, -79.25033146387787 28.47510370711349, -81.19798435549644 32.08074590547686, -81.02201564450355 32.1757985895605, -79.07436275288498 28.57015639119713))"
8E,2012-12-13 08:55:00+00:00,2012-12-13 10:55:00+00:00,0.0,35000.0,"POLYGON ((-78.83614949192125 27.91447494251013, -77.65833093145882 29.317915685460726, -77.50513236076331 29.189345868097348, -78.68295092122574 27.78590512514675, -78.83614949192125 27.91447494251013))"
LIMA 2,2012-12-13 10:05:00+00:00,2012-12-13 14:05:00+00:00,29000.0,41000.0,"POLYGON ((-61.15 41, -52 41, -51.45 36.3, -61 36.15, -69.45 34, -69.45 38.15, -61.15 41))"
MIKE 1,2012-12-13 13:30:00+00:00,2012-12-13 17:30:00+00:00,0.0,35000.0,"POLYGON ((-71.15 35.15, -68 34.3, -75.3 30.45, -71.15 35.15))"
LIMA 3,2012-12-13 14:00:00+00:00,2012-12-13 18:00:00+00:00,29000.0,41000.0,"POLYGON ((-52.3 41.3, -51.3 37, -66.3 35.3, -67 39, -52.3 41.3))"
9E,2012-12-13 15:10:00+00:00,2012-12-13 16:55:00+00:00,0.0,42000.0,"POLYGON ((-76.98612779782454 28.470556708347353, -76.9624293609499 27.791649315363067, -78.70768203712859 27.182633878230448, -78.7595502065735 27.85019003382844, -76.98612779782454 28.470556708347353))"
10E,2012-12-13 15:55:00+00:00,2012-12-13 17:55:00+00:00,0.0,42000.0,"POLYGON ((-76.34325955493269 29.21535548349241, -77.1378234558031 27.731732169128477, -78.18613306186202 27.36761851503847, -77.97296969995931 28.117379860999133, -76.53373138802777 29.221986399634837, -76.34325955493269 29.21535548349241))"
DELTA 1,2012-12-14 06:00:00+00:00,2012-12-14 10:00:00+00:00,0.0,50000.0,"POLYGON ((-134 9.15, -126 9, -126.45 5.45, -130.3 6.15, -134 9.15))"
DELTA 2,2012-12-14 09:45:00+00:00,2012-12-14 13:45:00+00:00,0.0,50000.0,"POLYGON ((-128 10.45, -125.45 9.3, -127.15 5.15, -132.3 8.3, -128 10.45))"
DELTA 3,2012-12-14 13:30:00+00:00,2012-12-14 17:30:00+00:00,0.0,50000.0,"POLYGON ((-132.15 9.3, -121.45 9.3, -120.15 7.3, -131.45 6.45, -132.15 9.3))"
1C,2012-12-14 15:55:00+00:00,2012-12-14 17:55:00+00:00,0.0,33000.0,"POLYGON ((-105.91447328859199 33.77896026488088, -104.90239476065017 33.57496189950146, -106.69694133339604 32.172242563345485, -107.01966014551142 32.27862681453478, -105.91447328859199 33.77896026488088))"
2C,2012-12-14 16:55:00+00:00,2012-12-14 18:55:00+00:00,0.0,30000.0,"POLYGON ((-105.61515586247744 34.15952525366143, -104.43588122273522 33.40353083387864, -106.28 32.152737911472784, -106.88074773996424 32.53257209531643, -105.61515586247744 34.15952525366143))"
3C,2012-12-14 17:55:00+00:00,2012-12-14 19:55:00+00:00,0.0,30000.0,"POLYGON ((-104.92701339274186 33.95444245627896, -104.99773176118931 32.57090283592643, -105.55443991928034 32.07260916537202, -106.58173030019675 32.43446389962778, -105.7287433022592 33.717079142794475, -104.92701339274186 33.95444245627896))"
4C,2012-12-14 18:55:00+00:00,2012-12-14 20:55:00+00:00,0.0,28000.0,"POLYGON ((-104.62 33.00726208852722, -104.06925800104695 33.147784107356394, -105.01987389219816 31.368121387453883, -105.55843088958137 31.56329708580392, -104.62 33.00726208852722))"
5C,2012-12-14 19:55:00+00:00,2012-12-14 21:55:00+00:00,0.0,32000.0,"POLYGON ((-104.34985580422509 34.92302035033242, -102.84 34.83273791147279, -103.52093908231348 32.953155243351134, -104.19925547651093 32.98636818345616, -104.34985580422509 34.92302035033242))"
6C,2012-12-14 20:55:00+00:00,2012-12-14 22:55:00+00:00,0.0,38000.0,"POLYGON ((-102.82836279928422 35.892423389515685, -102.62930384466408 35.87304472636437, -102.9900308824804 32.167631897303394, -103.18908983710054 32.18701056045471, -102.82836279928422 35.892423389515685))"
7C,2012-12-14 21:55:00+00:00,2012-12-14 23:55:00+00:00,0.0,39000.0,"POLYGON ((-102.21137238747721 36.603303179304106, -101.81453315262706 34.16933975359916, -102.4575672004359 32.107049331289026, -102.40862360888727 36.57025842703929, -102.00862561070502 34.182584491076774, -102.64850089518177 32.16658355850907, -102.00546684737293 34.2288739808192, -101.81137438929497 34.21562924334159, -102.21137238747721 36.603303179304106))"
8C,2012-12-14 22:55:00+00:00,2012-12-15 00:55:00+00:00,0.0,39000.0,"POLYGON ((-101.71270855907257 37.07859949666597, -100.79336575466593 35.00423600785077, -101.70183098024053 31.98062113191635, -101.89465835595145 36.99556774722194, -100.9801112361895 34.99149504261125, -101.8933721464088 32.03817095088134, -100.98490692083419 35.06178582681576, -100.79816143931062 35.07452679205528, -101.71270855907257 37.07859949666597))"
9C,2012-12-14 23:55:00+00:00,2012-12-15 01:55:00+00:00,0.0,40000.0,"POLYGON ((-101.22771232233458 37.77976132294639, -99.72441700648795 35.26953489377735, -100.31018328572675 32.64800745814187, -101.39830024843013 37.675359409791405, -99.9073043456527 35.23914065492834, -100.5053700379607 32.691620893598845, -99.9196037587219 35.31314832923432, -99.73671641955715 35.34354256808333, -101.22771232233458 37.77976132294639))"
1C,2012-12-15 00:55:00+00:00,2012-12-15 02:55:00+00:00,0.0,37000.0,"POLYGON ((-99.47778190104891 36.37113251160613, -99.03721274793051 35.04143831849666, -99.29535057156785 33.96409327933966, -99.66691957015546 36.30611757389992, -99.22902901129171 35.032231870871115, -99.48984542918372 34.01069532179478, -99.23170760554638 35.08804036095178, -99.03989134218517 35.097246808577324, -99.47778190104891 36.37113251160613))"
2C,2012-12-15 01:55:00+00:00,2012-12-15 03:55:00+00:00,0.0,31000.0,"POLYGON ((-97.24579343074126 37.322379756530495, -96.77893910669376 36.019769698001205, -96.96721245494417 35.95229269200231, -97.43406677899168 37.2549027505316, -97.24579343074126 37.322379756530495))"
3C,2012-12-15 01:55:00+00:00,2012-12-15 03:55:00+00:00,0.0,39000.0,"POLYGON ((-95.46458859567758 37.94762798906191, -95.35912965156649 36.85248369685842, -96.36303163039172 37.536329464815026, -95.46458859567758 37.94762798906191))"
4C,2012-12-15 02:55:00+00:00,2012-12-15 04:55:00+00:00,0.0,39000.0,"POLYGON ((-96.91108515123823 39.401527199988074, -96.88108909814282 38.221592744640716, -96.89574671857152 38.27122599617613, -95.94278763739322 36.713053983255804, -97.08102450267909 38.216510027560176, -97.11102055577449 39.39644448290753, -96.1134078010721 36.60870476310444, -97.06636688225039 38.166876776024765, -96.91108515123823 39.401527199988074))"
5C,2012-12-15 02:55:00+00:00,2012-12-15 04:55:00+00:00,0.0,39000.0,"POLYGON ((-94.73175056075276 37.808636657037304, -94.62286532551744 36.96759931321484, -95.5850817857034 37.032043322811624, -94.73175056075276 37.808636657037304))"
6C,2012-12-15 03:55:00+00:00,2012-12-15 05:55:00+00:00,0.0,39000.0,"POLYGON ((-96.82184160482629 39.72782108572522, -95.11994936583042 37.31367797604457, -95.494311111041 36.92435441222165, -97.62 38.43089313279083, -96.82184160482629 39.72782108572522))"
7C,2012-12-15 03:55:00+00:00,2012-12-15 05:55:00+00:00,0.0,37000.0,"POLYGON ((-95.33416630240934 39.09748809249021, -94.82208188878768 39.13626627972338, -94.10613633572451 37.61213474549222, -94.61994162044762 37.349587941109924, -95.33416630240934 39.09748809249021))"
8C,2012-12-15 04:55:00+00:00,2012-12-15 06:55:00+00:00,0.0,37000.0,"POLYGON ((-96.293167189999 40.04626533360133, -93.75153378812225 38.967478339823195, -94.64008460589912 38.38754510297381, -96.9734893285589 39.60927760354574, -96.293167189999 40.04626533360133))"
9C,2012-12-15 05:55:00+00:00,2012-12-15 07:55:00+00:00,0.0,33000.0,"POLYGON ((-96.88591207849574 42.45585186373306, -90.42435023966071 37.73350725723733, -92.55386366427547 37.61213474549222, -97.93950576609842 41.5066047162436, -96.88591207849574 42.45585186373306))"
10C,2012-12-15 07:55:00+00:00,2012-12-15 09:55:00+00:00,0.0,33000.0,"POLYGON ((-93.17514724509027 36.29556869148171, -94.60093066770733 33.43492855427243, -97.46233672335434 30.80547480222678, -93.00193769488877 36.19557643318641, -94.58198916925224 33.45856449010718, -97.59766327664566 30.952738932191576, -94.73625722099865 33.58219268423723, -94.75519871945374 33.55855674840248, -93.17514724509027 36.29556869148171))"
11C,2012-12-15 08:55:00+00:00,2012-12-15 10:55:00+00:00,0.0,33000.0,"POLYGON ((-92.39095618444752 36.583470491446064, -93.77226326897443 33.897056394199765, -97.53648618509122 30.459838634726726, -92.21939306772022 36.48067896952519, -93.75391205529141 33.91950607058147, -97.67134687445248 30.607529509411005, -93.90712395833569 34.04474726888405, -93.92547517201871 34.02229759250235, -92.39095618444752 36.583470491446064))"
12C,2012-12-15 09:55:00+00:00,2012-12-15 11:55:00+00:00,0.0,35000.0,"POLYGON ((-93.95614731770006 33.644323338951445, -93.81489156801335 33.5027365698646, -96.12035288131469 31.202665254695933, -96.2616086310014 31.344252023782776, -93.95614731770006 33.644323338951445))"
13C,2012-12-15 10:55:00+00:00,2012-12-15 12:55:00+00:00,0.0,32000.0,"POLYGON ((-94.43512201841932 33.02531037077756, -94.2840127001522 32.89429138767646, -95.3361276104699 31.68084610613209, -95.48723692873702 31.81186508923319, -94.43512201841932 33.02531037077756))"
1C,2012-12-16 01:55:00+00:00,2012-12-16 03:55:00+00:00,0.0,25000.0,"POLYGON ((-91.45247615750121 33.915375309223535, -91.32811882315364 33.758737978443264, -93.4470203897764 32.076502018104186, -93.57137772412396 32.23313934888446, -91.45247615750121 33.915375309223535))"
2C,2012-12-16 04:55:00+00:00,2012-12-16 06:55:00+00:00,0.0,32000.0,"POLYGON ((-88.25487671215049 35.385786624194715, -88.16647212809866 35.206385873029554, -93.91671182305627 32.372799362775226, -94.0051164071081 32.55220011394039, -88.25487671215049 35.385786624194715))"
UNIFORM 1,2012-12-16 05:08:00+00:00,2012-12-16 09:08:00+00:00,0.0,32000.0,"POLYGON ((-153.3 24.3, -150 21, -152.3 18.3, -156.3 22, -153.3 24.3))"
3C,2012-12-16 05:55:00+00:00,2012-12-16 07:55:00+00:00,0.0,34000.0,"POLYGON ((-87.24959332346529 35.94765038022213, -86.55151215997991 35.024739655068615, -93.81 32.10452417705443, -93.99266622560239 32.706200814372764, -87.24959332346529 35.94765038022213))"
1E,2012-12-16 06:55:00+00:00,2012-12-16 08:55:00+00:00,0.0,33000.0,"POLYGON ((-77.46866950944832 36.405405047998535, -78.99369490049139 36.03062792152687, -79.01259532938417 36.023911581591165, -80.58562215256356 35.27971291330731, -78.9459647923633 35.8364068187134, -77.42093940132023 36.21118394518506, -80.50009118664991 35.09892449036525, -78.92706436347052 35.84312315864911, -77.46866950944832 36.405405047998535))"
4C,2012-12-16 06:55:00+00:00,2012-12-16 08:55:00+00:00,0.0,35000.0,"POLYGON ((-85.15 35.79184477868197, -86.47811248651783 34.70581733632313, -94.05769235839675 31.82990200716841, -94.38531729466497 32.54680817755604, -87.25921558958264 35.66804004464822, -85.15 35.79184477868197))"
5C,2012-12-16 07:55:00+00:00,2012-12-16 09:55:00+00:00,0.0,35000.0,"POLYGON ((-84.8425572950873 36.2145776418734, -85.43791252474985 35.194941841013836, -93.88893501327709 31.863176975348615, -94.0078578070473 32.769844516237846, -87.11505811146993 35.78629015129647, -84.8425572950873 36.2145776418734))"
2E,2012-12-16 07:55:00+00:00,2012-12-16 09:55:00+00:00,0.0,33000.0,"POLYGON ((-77.4832602035971 36.40060460128999, -77.40634870717145 36.215984391893606, -80.0972712456072 35.09496475989733, -80.17418274203285 35.279584969293715, -77.4832602035971 36.40060460128999))"
3E,2012-12-16 08:55:00+00:00,2012-12-16 10:55:00+00:00,0.0,34000.0,"POLYGON ((-78.19583329843032 36.33915155277221, -76.59264891464066 36.25929132334866, -78.94354940470178 34.81612399544867, -80.8062603016737 35.07227442596922, -78.19583329843032 36.33915155277221))"
6C,2012-12-16 08:55:00+00:00,2012-12-16 10:55:00+00:00,0.0,35000.0,"POLYGON ((-84.32763754379305 36.25212926975614, -84.71750702860295 35.312156366970754, -93.99959199237763 31.41266170720523, -93.44388311713948 32.89680106012063, -86.9151321517021 35.67865509373724, -84.32763754379305 36.25212926975614))"
UNIFORM 2,2012-12-16 09:00:00+00:00,2012-12-16 13:00:00+00:00,0.0,32000.0,"POLYGON ((-151.3 22.3, -148 19, -150 17, -155.3 21, -151.3 22.3))"
7C,2012-12-16 09:55:00+00:00,2012-12-16 11:55:00+00:00,0.0,35000.0,"POLYGON ((-86.68 35.80726208852722, -86.47811248651783 34.70581733632313, -94.42430491008626 30.54484249149181, -93.88558663337821 32.61627242762484, -86.68 35.80726208852722))"
4E,2012-12-16 09:55:00+00:00,2012-12-16 11:55:00+00:00,0.0,32000.0,"POLYGON ((-78.34253036038214 36.22213014455126, -76.75046094449773 36.067644441501535, -79.28874948719536 34.10210709356195, -80.66293501559007 34.954379757166066, -78.34253036038214 36.22213014455126))"
5E,2012-12-16 09:55:00+00:00,2012-12-16 11:55:00+00:00,0.0,33000.0,"POLYGON ((-83.65282335389878 36.360881953482156, -84.39748126523008 35.212348176683584, -86.47811248651783 34.70581733632313, -86.68 35.80726208852722, -83.65282335389878 36.360881953482156))"
6E,2012-12-16 10:55:00+00:00,2012-12-16 12:55:00+00:00,0.0,32000.0,"POLYGON ((-77.63645762399983 36.246590745255496, -76.47091312496869 36.02436614817622, -79.81345114324604 33.92249458926962, -80.38709689804433 34.99769677012301, -77.63645762399983 36.246590745255496))"
7E,2012-12-16 10:55:00+00:00,2012-12-16 12:55:00+00:00,0.0,33000.0,"POLYGON ((-83.30560813046887 36.369149992920995, -83.89 35.40089313279081, -86.47811248651783 34.70581733632313, -86.68 35.80726208852722, -83.30560813046887 36.369149992920995))"
8C,2012-12-16 10:55:00+00:00,2012-12-16 12:55:00+00:00,0.0,35000.0,"POLYGON ((-86.68 35.80726208852722, -86.47811248651783 34.70581733632313, -94.42430491008626 30.54484249149181, -93.44492912534544 32.64213722871149, -86.68 35.80726208852722))"
9C,2012-12-16 10:55:00+00:00,2012-12-16 12:55:00+00:00,0.0,32000.0,"POLYGON ((-95.30456035651694 31.948221909203493, -94.9144183565415 31.159853947797075, -97.18934202485907 29.075486169836065, -99.42 28.311844778681966, -99.52598656768501 29.984849906577576, -95.30456035651694 31.948221909203493))"
10C,2012-12-16 11:55:00+00:00,2012-12-16 13:55:00+00:00,0.0,34000.0,"POLYGON ((-86.68 35.64089313279083, -86.27575299197076 34.70397707784831, -93.79425429127488 30.726429120294984, -93.81 32.60363104426361, -92.18975920650547 33.06778779978601, -86.68 35.64089313279083))"
11C,2012-12-16 11:55:00+00:00,2012-12-16 13:55:00+00:00,0.0,38000.0,"POLYGON ((-93.81 32.60363104426361, -93.79425429127488 30.726429120294984, -96.16431863336221 29.067331605068702, -98.10921892872766 28.486585306557085, -98.66032801472672 30.594857763419398, -93.81 32.60363104426361))"
8E,2012-12-16 11:55:00+00:00,2012-12-16 13:55:00+00:00,0.0,33000.0,"POLYGON ((-82.89173464079693 36.182910744048996, -83.53362584449808 35.160892080146894, -86.27575299197076 34.70397707784831, -86.68 35.64089313279083, -82.89173464079693 36.182910744048996))"
UNIFORM 3,2012-12-16 12:20:00+00:00,2012-12-16 16:20:00+00:00,0.0,32000.0,"POLYGON ((-151 21.3, -146.3 17.3, -149.3 16, -154 21, -151 21.3))"
12C,2012-12-16 12:55:00+00:00,2012-12-16 14:55:00+00:00,0.0,34000.0,"POLYGON ((-84.18132247285564 36.13492983312297, -84.39748126523008 35.212348176683584, -92.72235659455748 30.798693907059313, -93.26278611156431 32.57781027077064, -90.67883479140566 33.45936148209672, -84.18132247285564 36.13492983312297))"
13C,2012-12-16 12:55:00+00:00,2012-12-16 14:55:00+00:00,0.0,40000.0,"POLYGON ((-93.26278611156431 32.57781027077064, -92.72235659455748 30.798693907059313, -96.17565400206676 28.877574174644174, -97.70680700312101 28.13502423335529, -97.82707999446383 30.99448355733466, -93.26278611156431 32.57781027077064))"
14C,2012-12-16 13:55:00+00:00,2012-12-16 15:55:00+00:00,0.0,40000.0,"POLYGON ((-91.81231023017445 32.98090973809599, -91.34694045296891 31.92989469933052, -96.8369632215839 28.949977610162957, -97.12067642780897 29.463423173109778, -95.30456035651694 31.948221909203493, -91.81231023017445 32.98090973809599))"
15C,2012-12-16 13:55:00+00:00,2012-12-16 15:55:00+00:00,0.0,32000.0,"POLYGON ((-83.64569312002172 35.40860731587887, -83.57848474660392 35.22023790609444, -91.41448468674577 32.424429336743906, -91.48169306016356 32.612798746528334, -83.64569312002172 35.40860731587887))"
16C,2012-12-16 14:55:00+00:00,2012-12-16 16:55:00+00:00,0.0,40000.0,"POLYGON ((-91.61979800349016 32.87222388479775, -91.09233152268966 32.00316222589116, -96.48522660684957 28.69622034753071, -96.84921685976629 29.229491785461253, -94.20490357886702 32.22782617150699, -91.61979800349016 32.87222388479775))"
17C,2012-12-16 14:55:00+00:00,2012-12-16 16:55:00+00:00,0.0,33000.0,"POLYGON ((-84.62357300116477 34.86141899541232, -84.55376700870042 34.67399668239686, -91.27801692716972 32.16952999652064, -91.34782291963407 32.3569523095361, -84.62357300116477 34.86141899541232))"
18C,2012-12-16 15:55:00+00:00,2012-12-16 17:55:00+00:00,0.0,40000.0,"POLYGON ((-90.28 33.46, -89.34716512665663 32.56981874089525, -96.38251891558829 28.606275772737504, -97.80279820275854 28.668048782176804, -93.81 32.27089313279082, -90.28 33.46))"
19C,2012-12-16 15:55:00+00:00,2012-12-16 17:55:00+00:00,0.0,30000.0,"POLYGON ((-83.89 35.234524177054425, -84.13193273380537 34.24443827871876, -89.34716512665663 32.56981874089525, -90.28 33.46, -83.89 35.234524177054425))"
ECHO 1,2012-12-16 16:55:00+00:00,2012-12-16 20:55:00+00:00,30000.0,37000.0,"POLYGON ((-171 49.15, -166 42.3, -171.3 40, -175.3 41, -171 49.15))"
20C,2012-12-16 16:55:00+00:00,2012-12-16 18:55:00+00:00,0.0,40000.0,"POLYGON ((-89.5701194691635 34.04618363965997, -87.35416609556698 32.746938150260945, -96.5988116816614 28.144873699561114, -97.97478574416338 28.369529555461696, -89.5701194691635 34.04618363965997))"
VICTOR 1,2012-12-16 17:10:00+00:00,2012-12-16 21:10:00+00:00,0.0,52000.0,"POLYGON ((-178.3 8.3, 178.3 6.3, -179 3, -175.3 5.3, -178.3 8.3))"
21C,2012-12-16 17:55:00+00:00,2012-12-16 19:55:00+00:00,0.0,37000.0,"POLYGON ((-89.5701194691635 34.04618363965997, -87.35416609556698 32.746938150260945, -96.09307714821306 28.298712267441747, -97.06910828640608 28.757878939558193, -89.5701194691635 34.04618363965997))"
FOXTROT 1,2012-12-16 18:15:00+00:00,2012-12-16 22:15:00+00:00,32000.0,40000.0,"POLYGON ((-120 29, -120 23, -128 23.15, -127.15 27.45, -120 29))"
22C,2012-12-16 18:55:00+00:00,2012-12-16 20:55:00+00:00,0.0,37000.0,"POLYGON ((-94.00345373263033 30.903349058535504, -93.5166451026534 29.78645152874501, -95.74066541144518 28.758806892330902, -95.49652079601978 29.652509198242285, -94.00345373263033 30.903349058535504))"
23C,2012-12-16 19:58:00+00:00,2012-12-16 21:55:00+00:00,0.0,34000.0,"POLYGON ((-93.47309604696426 31.256334417264295, -93.11 30.14, -95.36112187108597 28.756685882953278, -94.8167423007657 30.14992625447171, -93.47309604696426 31.256334417264295))"
24C,2012-12-16 19:58:00+00:00,2012-12-16 21:55:00+00:00,0.0,38000.0,"POLYGON ((-96.31 29.425475822945575, -95.95890514115996 28.8868795036864, -97.06910828640608 28.757878939558193, -96.31 29.425475822945575))"
VICTOR 2,2012-12-16 20:40:00+00:00,2012-12-17 00:40:00+00:00,0.0,52000.0,"POLYGON ((-179 9, 178 6.3, -180 3.3, -176 5, -179 9))"
25C,2012-12-16 20:55:00+00:00,2012-12-16 22:55:00+00:00,0.0,35000.0,"POLYGON ((-94.07186867438337 30.136494069969416, -93.65155372956802 29.668326172639098, -96.16517410460933 28.45251307634666, -96.66109485884004 28.8868795036864, -94.07186867438337 30.136494069969416))"
9E,2012-12-16 20:55:00+00:00,2012-12-16 22:55:00+00:00,0.0,33000.0,"POLYGON ((-85.76132089629678 33.239787958019946, -85.36138655357522 32.74249876404603, -87.50811427913604 31.533211565618476, -87.89318844675336 32.058419402958876, -85.76132089629678 33.239787958019946))"
26C,2012-12-16 21:55:00+00:00,2012-12-16 23:55:00+00:00,0.0,35000.0,"POLYGON ((-95.07907030424181 29.724441624178603, -93.920422786106 29.431667532541404, -94.98159760527773 28.75350453908465, -95.7830367784161 28.949977610162957, -95.07907030424181 29.724441624178603))"
10E,2012-12-16 21:55:00+00:00,2012-12-16 23:55:00+00:00,0.0,30000.0,"POLYGON ((-85.57728227354052 33.17679532557141, -85.05861344642477 32.74249876404603, -87.01081501541877 31.629916575488494, -87.106593793031 32.21756446569643, -85.57728227354052 33.17679532557141))"
FOXTROT 2,2012-12-16 22:10:00+00:00,2012-12-17 02:10:00+00:00,30000.0,42000.0,"POLYGON ((-120 28.15, -120 24.45, -140 17.15, -140 22.3, -129.15 28, -120 28.15))"
27C,2012-12-16 22:55:00+00:00,2012-12-17 00:55:00+00:00,0.0,33000.0,"POLYGON ((-93.99580577507679 29.818693376637544, -93.38141787731274 29.90443960817744, -94.27384345220017 29.0145032395411, -94.91310007556963 29.03705019452595, -93.99580577507679 29.818693376637544))"
11E,2012-12-16 23:55:00+00:00,2012-12-17 01:55:00+00:00,0.0,30000.0,"POLYGON ((-85.21 32.71726208852722, -85.19598765774109 31.97513444044588, -87.01081501541877 31.629916575488494, -86.51665174076201 32.21984777559023, -85.21 32.71726208852722))"
28C,2012-12-16 23:55:00+00:00,2012-12-17 01:55:00+00:00,0.0,35000.0,"POLYGON ((-91.18587222323808 30.887072361419204, -91.09765486708176 30.7075794699923, -93.87631410802784 29.341921086827952, -93.96453146418416 29.521413978254856, -91.18587222323808 30.887072361419204))"
1C,2012-12-17 00:55:00+00:00,2012-12-17 02:55:00+00:00,0.0,35000.0,"POLYGON ((-90.45070209073218 31.08318147446164, -90.36637575168122 30.901828039031635, -94.36510800528488 29.042483875013776, -94.44943434433584 29.22383731044378, -90.45070209073218 31.08318147446164))"
2C,2012-12-17 01:55:00+00:00,2012-12-17 03:55:00+00:00,0.0,30000.0,"POLYGON ((-90.0372412071172 31.149895715677822, -91.41541329475788 30.084932614278877, -93.08811049886637 29.709687246789603, -89.93341438010586 30.978957159486548, -91.38538938238584 30.097038177920858, -93.13188950113363 29.90483693026484, -91.45919229702514 30.280082297754113, -91.48921620939718 30.267976734112132, -90.0372412071172 31.149895715677822))"
ALFA 1,2012-12-17 03:40:00+00:00,2012-12-17 07:40:00+00:00,32000.0,40000.0,"POLYGON ((-66.3 38, -54 35, -56.3 30.45, -67.3 35, -66.3 38))"
3C,2012-12-17 03:55:00+00:00,2012-12-17 05:55:00+00:00,0.0,38000.0,"POLYGON ((-91.05064252750546 30.818913342466953, -93.0708371255728 30.080192558614694, -93.0982595382869 30.064919806892288, -94.33560865017587 29.09314839399465, -93.0021515550496 29.89235674626278, -90.98195695698226 30.63107753011504, -94.21207825422447 28.93585808508755, -92.97472914233549 29.907629497985187, -91.05064252750546 30.818913342466953))"
4C,2012-12-17 04:55:00+00:00,2012-12-17 06:55:00+00:00,0.0,37000.0,"POLYGON ((-90.71454210368704 31.036683703094244, -90.62845333678884 30.856160230343608, -93.2867928026773 29.588440508757817, -93.3728815695755 29.768963981508453, -90.71454210368704 31.036683703094244))"
1E,2012-12-17 05:55:00+00:00,2012-12-17 07:55:00+00:00,0.0,23000.0,"POLYGON ((-82.34179785035907 39.6886194788622, -80.95519553633221 38.906880597650655, -83.54366212495671 38.10459663679644, -84.7 38.188155221318034, -86.91632679447427 37.92698828417791, -82.34179785035907 39.6886194788622))"
5C,2012-12-17 05:55:00+00:00,2012-12-17 07:55:00+00:00,0.0,38000.0,"POLYGON ((-90.46994839162484 31.894824256398206, -88.65817976081344 31.3444788351749, -93.11 29.308155221318042, -93.5166451026534 29.78645152874501, -90.46994839162484 31.894824256398206))"
2E,2012-12-17 06:55:00+00:00,2012-12-17 08:55:00+00:00,0.0,21000.0,"POLYGON ((-81.97860154999317 39.677823934472364, -81.23106814227827 39.250745215485466, -83.01103166767426 38.427558092677764, -87.1738775961789 38.11954806996818, -81.97860154999317 39.677823934472364))"
6C,2012-12-17 06:55:00+00:00,2012-12-17 08:55:00+00:00,0.0,39000.0,"POLYGON ((-90.17 32.177262088527215, -88.36 31.395475822945567, -92.43385434104938 29.55006451683722, -93.11 29.80726208852722, -90.17 32.177262088527215))"
BRAVO 1,2012-12-17 07:45:00+00:00,2012-12-17 11:45:00+00:00,32000.0,39000.0,"POLYGON ((-57 24.45, -54.15 23, -60.45 18.15, -66 18.15, -66.3 21.3, -61.3 22.45, -57 24.45))"
7C,2012-12-17 07:55:00+00:00,2012-12-17 09:55:00+00:00,0.0,37000.0,"POLYGON ((-89.39099227638076 32.3786215007424, -87.6714953229023 31.316386786392243, -92.16561299927645 29.313136185217296, -93.11 29.141786265581647, -89.39099227638076 32.3786215007424))"
8C,2012-12-17 08:55:00+00:00,2012-12-17 10:55:00+00:00,0.0,35000.0,"POLYGON ((-89.34485676027391 32.18782798091745, -87.30323236465192 32.2161945303844, -87.80987630564246 31.199402798588817, -90.99631136022789 29.874851353251074, -91.96850802885571 29.900040061126937, -89.34485676027391 32.18782798091745))"
9C,2012-12-17 09:55:00+00:00,2012-12-17 11:55:00+00:00,0.0,35000.0,"POLYGON ((-88.38045922709229 32.7322276438874, -86.71330216446391 32.219391105173635, -88.36 29.39904835410886, -89.46733530667773 30.0399310133552, -90.88192043809651 30.13644268271019, -88.38045922709229 32.7322276438874))"
10C,2012-12-17 10:55:00+00:00,2012-12-17 12:55:00+00:00,0.0,35000.0,"POLYGON ((-88.01201653144327 32.377549361245386, -86.12334825923799 32.21984777559023, -87.49602613973762 30.121598034629237, -91.24327227706762 29.1751444707926, -92.43385434104938 29.55006451683722, -88.01201653144327 32.377549361245386))"
11C,2012-12-17 10:55:00+00:00,2012-12-17 12:55:00+00:00,0.0,35000.0,"POLYGON ((-91.9684679400903 29.147233129026212, -92.3197135903183 28.525151260464213, -93.04478433794134 27.901395149627046, -91.82876361415569 29.00411534077068, -92.31507708940966 28.529400792136297, -93.17521566205866 28.053012001226744, -92.45014491443563 28.67676811206391, -92.45478141534427 28.672518580391827, -91.9684679400903 29.147233129026212))"
12C,2012-12-17 10:55:00+00:00,2012-12-17 12:55:00+00:00,0.0,35000.0,"POLYGON ((-89.44815773829116 29.009756119466207, -89.34696440519177 28.83724551302058, -90.48306610793492 28.170817399357375, -90.5842594410343 28.343328005803002, -89.44815773829116 29.009756119466207))"
3E,2012-12-17 11:55:00+00:00,2012-12-17 13:55:00+00:00,0.0,35000.0,"POLYGON ((-85.21 32.38452417705443, -85.42341662632886 30.777611824452634, -87.36084317142596 30.240016139093544, -88.74708987921905 30.72942565123441, -87.61805150855713 32.37448623374021, -85.21 32.38452417705443))"
13C,2012-12-17 11:55:00+00:00,2012-12-17 13:55:00+00:00,0.0,35000.0,"POLYGON ((-89.89974262124393 31.42683058754843, -88.36 31.395475822945567, -88.74708987921905 30.72942565123441, -91.56385489636386 27.87800241321844, -93.11 28.30994148689969, -89.89974262124393 31.42683058754843))"
14C,2012-12-17 11:55:00+00:00,2012-12-17 13:55:00+00:00,0.0,40000.0,"POLYGON ((-89.2149207921298 29.25026600342211, -89.07960704639443 29.102990105139124, -90.75095032075646 27.56739791727816, -90.88626406649183 27.714673815561145, -89.2149207921298 29.25026600342211))"
15C,2012-12-17 12:55:00+00:00,2012-12-17 14:55:00+00:00,0.0,35000.0,"POLYGON ((-84.84565865872744 32.12935950199946, -84.87636643938679 31.658659501556194, -91.43225822797524 27.997007400801074, -93.11 27.977203575426895, -88.8 31.714524177054425, -84.84565865872744 32.12935950199946))"
16C,2012-12-17 12:55:00+00:00,2012-12-17 14:55:00+00:00,0.0,37000.0,"POLYGON ((-88.82602368849412 29.25352129319778, -88.70637138395064 29.093261110939583, -90.7587810413524 27.560905775290554, -90.87843334589589 27.721165957548752, -88.82602368849412 29.25352129319778))"
17C,2012-12-17 13:55:00+00:00,2012-12-17 15:55:00+00:00,0.0,35000.0,"POLYGON ((-87.40551463045553 31.833358741004904, -86.38150247329128 31.44447747954094, -90.9029456318347 28.471762673224408, -92.19685027122722 28.399676889285463, -87.40551463045553 31.833358741004904))"
18C,2012-12-17 13:55:00+00:00,2012-12-17 15:55:00+00:00,0.0,37000.0,"POLYGON ((-88.45127360214595 29.24410162317503, -88.31904478515769 29.09404983225642, -89.52868100076937 28.028092773048364, -89.66090981775763 28.178144563966974, -88.45127360214595 29.24410162317503))"
19C,2012-12-17 14:55:00+00:00,2012-12-17 16:55:00+00:00,0.0,36000.0,"POLYGON ((-86.32 31.887262088527212, -85.49207857834335 31.511455019267643, -89.21703552780963 29.495436503440857, -89.11109524872262 30.165356413227506, -86.32 31.887262088527212))"
20C,2012-12-17 14:55:00+00:00,2012-12-17 16:55:00+00:00,0.0,37000.0,"POLYGON ((-88.56637187104803 28.688557555667405, -88.48247008511288 28.507007313814373, -89.55284451629592 28.012343547581153, -89.63674630223107 28.193893789434185, -88.56637187104803 28.688557555667405))"
21C,2012-12-17 15:55:00+00:00,2012-12-17 17:55:00+00:00,0.0,36000.0,"POLYGON ((-84.9833119561588 32.58868016710795, -84.29 32.15910686720918, -88.76619753622238 29.173391202068682, -89.11674504890887 29.528727933702225, -84.9833119561588 32.58868016710795))"
4E,2012-12-17 16:55:00+00:00,2012-12-17 18:55:00+00:00,0.0,35000.0,"POLYGON ((-84.66713192748256 32.427970482899816, -84.1399054787398 31.967321951099766, -87.19331025105335 29.75305350671482, -87.39409634154572 30.57337477620931, -84.66713192748256 32.427970482899816))"
5E,2012-12-17 17:55:00+00:00,2012-12-17 19:55:00+00:00,0.0,33000.0,"POLYGON ((-83.05696451031078 32.6886049528404, -85.41505289156872 30.01367915924098, -86.40666922787842 30.59443181186036, -84.37844765119132 32.43322743954524, -83.05696451031078 32.6886049528404))"
6E,2012-12-17 17:55:00+00:00,2012-12-17 19:55:00+00:00,0.0,35000.0,"POLYGON ((-87.0344227468953 39.48980095968229, -84.86318554706232 38.712476341668044, -87.43883896411941 35.88293715542125, -88.93527199690422 38.30616917082372, -87.0344227468953 39.48980095968229))"
7E,2012-12-17 18:55:00+00:00,2012-12-17 20:55:00+00:00,0.0,35000.0,"POLYGON ((-82.4420665772912 33.47439800742861, -81.65583038422625 32.349828748247305, -86.68 28.833572531163288, -87.6307966136423 29.190912175467794, -82.4420665772912 33.47439800742861))"
8E,2012-12-17 18:55:00+00:00,2012-12-17 20:55:00+00:00,0.0,35000.0,"POLYGON ((-83.62733843074184 39.5207382397039, -87.40294631435376 35.54961863172338, -88.58727546766781 36.60598089917474, -85.67236732982104 39.24784826494092, -83.62733843074184 39.5207382397039))"
9E,2012-12-17 19:55:00+00:00,2012-12-17 21:55:00+00:00,0.0,40000.0,"POLYGON ((-81.73747568140827 33.356358165210715, -81.05 33.194524177054426, -82.88048071823714 30.770941195465262, -85.5945779841221 29.88434846892559, -81.73747568140827 33.356358165210715))"
10E,2012-12-17 19:55:00+00:00,2012-12-17 21:55:00+00:00,0.0,35000.0,"POLYGON ((-83.57972413507423 39.93616369038091, -85.86459917321937 36.73761094631314, -87.92116445146783 35.06216346737892, -88.93019887534665 35.25084275645092, -85.03067399219445 39.63435477280394, -83.57972413507423 39.93616369038091))"
11E,2012-12-17 20:55:00+00:00,2012-12-17 22:55:00+00:00,0.0,40000.0,"POLYGON ((-80.76931562778233 34.030240122941954, -83.55667834742252 30.300133245722602, -85.56996935534765 29.85086034302625, -81.59033967784838 31.8903471275048, -83.51525056574114 30.320241889032456, -80.58919245120089 33.94331693122533, -81.56348552188523 31.924376308507707, -85.61352865664004 30.046059183368392, -83.60023764871491 30.495332086064746, -83.64166543039629 30.475223442754892, -81.71675454250352 32.04532868122724, -81.74360869846667 32.01129950022433, -80.76931562778233 34.030240122941954))"
12E,2012-12-17 20:55:00+00:00,2012-12-17 22:55:00+00:00,0.0,35000.0,"POLYGON ((-83.65973464894815 39.99614966932292, -85.51812720133378 37.1895946918824, -88.36661504135385 34.946179125632966, -83.49971362120031 39.8761777114389, -85.49998948612608 37.20816924237604, -88.49036063868628 35.10330018450426, -85.64187279866621 37.346715750753695, -85.66001051387391 37.328141200260056, -83.65973464894815 39.99614966932292))"
CHARLIE 1,2012-12-17 20:55:00+00:00,2012-12-18 00:55:00+00:00,30000.0,37000.0,"POLYGON ((-40 38.15, -40 34.3, -44.3 34.45, -45 38, -40 38.15))"
13E,2012-12-17 21:55:00+00:00,2012-12-17 23:55:00+00:00,0.0,35000.0,"POLYGON ((-79.56059431988483 33.413594229822166, -80.49801209282148 31.60748404687083, -81.86142349525096 30.61153112504019, -79.3926392062637 33.30500749118197, -80.47302128408823 31.6339406840601, -81.9793969914056 30.77303113805893, -80.61598558897612 31.76898405988957, -80.64097639770937 31.7425274227003, -79.56059431988483 33.413594229822166))"
14E,2012-12-17 21:55:00+00:00,2012-12-17 23:55:00+00:00,0.0,30000.0,"POLYGON ((-82.67291826042545 40.03952882676005, -84.43952868353585 37.07398708862511, -87.589290272563 34.93458868592676, -82.50708173957456 39.92773326176717, -84.4127976070524 37.1008117357392, -87.70166464044698 35.10003354514782, -84.55190305141983 37.239431947846164, -84.57863412790329 37.212607300732074, -82.67291826042545 40.03952882676005))"
15E,2012-12-17 22:55:00+00:00,2012-12-18 00:55:00+00:00,0.0,32000.0,"POLYGON ((-79.21771134340517 33.23221833351636, -79.46072910609664 31.729351605051264, -82.64115748169769 29.643246143522013, -79.02527439550806 33.17773878612425, -79.41935696689708 31.785729291042777, -82.75085015119569 29.81048106289714, -79.57042177559464 31.89658652442639, -79.61179391479419 31.840208838434876, -79.21771134340517 33.23221833351636))"
16E,2012-12-17 22:55:00+00:00,2012-12-18 00:55:00+00:00,0.0,30000.0,"POLYGON ((-82.27584027639816 40.070806800360515, -83.60400012100982 37.30351983208088, -86.67793109346968 34.883793686525905, -82.10130940974031 39.97313911592158, -83.57858785555582 37.333261976166625, -86.80163742921954 35.04094565913633, -83.72770645675968 37.4606718046913, -83.75311872221367 37.43092966060556, -82.27584027639816 40.070806800360515))"
17E,2012-12-17 23:55:00+00:00,2012-12-18 01:55:00+00:00,0.0,30000.0,"POLYGON ((-82.28890849337915 39.088735628454536, -82.81359388806648 36.94124811915642, -86.11180210675704 34.871079983605384, -82.09905049808418 39.025855252958074, -82.77182697159472 36.99450617888159, -86.2181262691085 35.04047647855219, -82.91991805041793 37.11064461410323, -82.96168496688969 37.057386554378056, -82.28890849337915 39.088735628454536))"
18E,2012-12-17 23:55:00+00:00,2012-12-18 01:55:00+00:00,0.0,30000.0,"POLYGON ((-80.11253642503927 30.93531015832186, -80.0430962415793 30.747752004883928, -83.39795805055361 29.505672067393583, -83.46739823401357 29.693230220831516, -80.11253642503927 30.93531015832186))"
19E,2012-12-17 23:55:00+00:00,2012-12-18 01:55:00+00:00,0.0,27000.0,"POLYGON ((-85.44064051922994 38.24626495237442, -85.32837739902654 38.0807445855243, -86.1180162278632 37.5451771478371, -86.2302793480666 37.71069751468722, -85.44064051922994 38.24626495237442))"
1E,2012-12-18 00:55:00+00:00,2012-12-18 02:55:00+00:00,0.0,26000.0,"POLYGON ((-81.73201366874022 38.90141635513176, -82.0821115184188 36.851319092822045, -85.47778883881129 34.99896741915737, -81.53823442032979 38.85192289207362, -82.03311037579478 36.91436013568011, -85.57356580197369 35.17454296793164, -82.17788848158119 37.02689464159632, -82.22688962420521 36.963853598738254, -81.73201366874022 38.90141635513176))"
DELTA 1,2012-12-18 01:45:00+00:00,2012-12-18 05:45:00+00:00,0.0,35000.0,"POLYGON ((-71.3 35, -70 34.3, -74.3 33, -75.3 33, -71.3 35))"
2E,2012-12-18 01:55:00+00:00,2012-12-18 03:55:00+00:00,0.0,24000.0,"POLYGON ((-80.47957916658225 40.05313622838505, -81.30521947760298 37.23508912390796, -84.89205426277184 34.87627925604406, -80.2914561554193 39.985241216263496, -81.2661041789749 37.28469348402283, -85.00194667667864 35.04338298839535, -81.41511189150978 37.402192856259255, -81.45422719013786 37.352588496144385, -80.47957916658225 40.05313622838505))"
ECHO 1,2012-12-18 04:45:00+00:00,2012-12-18 08:45:00+00:00,29000.0,38000.0,"POLYGON ((-64.15 36, -60.15 34.15, -57.3 30, -59.45 27.3, -62 30.45, -65.3 33, -64.15 36))"
3E,2012-12-18 05:23:00+00:00,2012-12-18 06:55:00+00:00,0.0,25000.0,"POLYGON ((-75.37692234061186 39.60761393664049, -74.83146779515732 39.60761393664049, -74.83146779515732 39.06215939118594, -75.37692234061186 39.06215939118594, -75.37692234061186 39.60761393664049))"
GOLF 1,2012-12-18 05:35:00+00:00,2012-12-18 09:35:00+00:00,0.0,38000.0,"POLYGON ((167 42, 172 40, 165 32.45, 164.45 41.3, 167 42))"
4E,2012-12-18 05:55:00+00:00,2012-12-18 07:55:00+00:00,0.0,25000.0,"POLYGON ((-75.07272727272726 39.705465184200065, -74.52727272727273 39.705465184200065, -74.52727272727273 39.16001063874552, -75.07272727272726 39.16001063874552, -75.07272727272726 39.705465184200065))"
5E,2012-12-18 06:55:00+00:00,2012-12-18 08:55:00+00:00,0.0,25000.0,"POLYGON ((-74.68036308969295 40.280846528183645, -73.52005136459486 40.16861494345253, -73.43403988304122 39.49739887272761, -74.82949957680789 39.69198101851925, -74.68036308969295 40.280846528183645))"
ECHO 2,2012-12-18 08:20:00+00:00,2012-12-18 12:20:00+00:00,29000.0,38000.0,"POLYGON ((-61.45 36, -57.45 34.15, -55.15 30, -57.3 27.3, -59.45 30.45, -63 33, -61.45 36))"
WHISKEY 1,2012-12-18 08:26:00+00:00,2012-12-18 12:25:00+00:00,0.0,59000.0,"POLYGON ((171.4 9, 172.2 3.3, 163.1 3.3, 162.5 7.1, 171.4 9))"
6E,2012-12-18 08:55:00+00:00,2012-12-18 10:55:00+00:00,0.0,25000.0,"POLYGON ((-72.69 41.440893132790826, -72.78458052272471 40.56614317245856, -73.4610711473136 40.39430638883012, -73.77 41.12910686720918, -72.69 41.440893132790826))"
7E,2012-12-18 08:55:00+00:00,2012-12-18 10:55:00+00:00,0.0,35000.0,"POLYGON ((-77.87 32.353572531163294, -77.84462178688962 30.988500832891024, -79.38977520360127 30.322896957722662, -80.00960503624667 31.214106549109758, -77.87 32.353572531163294))"
1W,2012-12-18 08:55:00+00:00,2012-12-18 10:55:00+00:00,0.0,25000.0,"POLYGON ((-123.29770628593495 46.35861016887781, -123.68349368740797 44.11906307546192, -124.58797610531903 43.65654210173157, -124.51883788182084 46.33458350675085, -123.29770628593495 46.35861016887781))"
GOLF 2,2012-12-18 09:20:00+00:00,2012-12-18 13:20:00+00:00,0.0,40000.0,"POLYGON ((177.3 46, 171.45 36, 164.45 31.45, 165 43.15, 163.15 45.15, 177.3 46))"
8E,2012-12-18 09:55:00+00:00,2012-12-18 11:55:00+00:00,0.0,25000.0,"POLYGON ((-72.79633736846166 41.25621495237866, -72.25088282300713 41.25621495237866, -72.25088282300713 40.710760406924116, -72.79633736846166 40.710760406924116, -72.79633736846166 41.25621495237866))"
9E,2012-12-18 09:55:00+00:00,2012-12-18 11:55:00+00:00,0.0,37000.0,"POLYGON ((-75.04956751115576 34.3176554899172, -75.77634587804195 32.567473258060815, -78.26180803897103 30.28843962988686, -79.89775140197627 30.903112759593455, -76.46471044237626 33.165535224984644, -75.04956751115576 34.3176554899172))"
2W,2012-12-18 09:55:00+00:00,2012-12-18 11:55:00+00:00,0.0,25000.0,"POLYGON ((-123.45944468961115 46.17507790518707, -123.41049123343767 44.769163354047954, -124.70525564270093 44.38717963245698, -124.790055163123 45.87225745846328, -123.45944468961115 46.17507790518707))"
10E,2012-12-18 10:55:00+00:00,2012-12-18 12:55:00+00:00,0.0,34000.0,"POLYGON ((-74.4601793343904 34.835922168434095, -74.92750143497929 33.29601366051396, -77.7103738594001 30.868429992317218, -78.5209752779558 31.586746864214856, -76.60350539699624 33.28469139114844, -74.4601793343904 34.835922168434095))"
FOXTROT 1,2012-12-18 11:30:00+00:00,2012-12-18 15:30:00+00:00,0.0,41000.0,"POLYGON ((-62 37.45, -60.45 36.15, -64.3 36, -65.45 37.3, -62 37.45))"
WHISKEY 2,2012-12-18 11:47:00+00:00,2012-12-18 15:50:00+00:00,0.0,59000.0,"POLYGON ((170.1 10.3, 173.1 3.3, 162.2 3.3, 161.5 7, 170.1 10.3))"
11E,2012-12-18 11:55:00+00:00,2012-12-18 13:55:00+00:00,0.0,34000.0,"POLYGON ((-74.4601793343904 34.835922168434095, -74.80643783799893 33.48536619789563, -77.57646203349829 30.748220972592204, -77.68267016581326 32.040179807225364, -74.4601793343904 34.835922168434095))"
ECHO 3,2012-12-18 12:05:00+00:00,2012-12-18 16:05:00+00:00,29000.0,38000.0,"POLYGON ((-59.15 36, -55.15 34.15, -53 30, -55.15 27.3, -57.3 30.45, -60.45 33, -59.15 36))"
GOLF 3,2012-12-18 13:05:00+00:00,2012-12-18 17:05:00+00:00,0.0,40000.0,"POLYGON ((173 42.45, 171 33.15, 165 31.15, 165 42.15, 173 42.45))"
FOXTROT 2,2012-12-18 13:10:00+00:00,2012-12-18 17:10:00+00:00,0.0,40000.0,"POLYGON ((-59.15 37.45, -58.3 36, -63.15 36, -64 37.45, -59.15 37.45))"
WHISKEY 3,2012-12-18 14:33:00+00:00,2012-12-18 18:35:00+00:00,0.0,59000.0,"POLYGON ((168 11, 173.2 3.4, 162.1 3.3, 160.5 6.1, 168 11))"
HOTEL 1,2012-12-18 16:00:00+00:00,2012-12-18 20:00:00+00:00,0.0,32000.0,"POLYGON ((-72.3 35.15, -71 35, -74 32.15, -75.45 33, -72.3 35.15))"
HOTEL 2,2012-12-18 16:10:00+00:00,2012-12-18 20:10:00+00:00,0.0,34000.0,"POLYGON ((-71.3 36.15, -70.3 35.15, -73.45 32.15, -75.45 33, -71.3 36.15))"
XRAY 1,2012-12-18 16:20:00+00:00,2012-12-18 20:20:00+00:00,0.0,41000.0,"POLYGON ((177.38 31.15, -177.17 20.46, -171.59 27.47, -175.35 30.16, 177.38 31.15))"
WHISKEY 4,2012-12-18 17:49:00+00:00,2012-12-18 21:50:00+00:00,0.0,59000.0,"POLYGON ((167 10.15, 172.15 3.3, 164.3 3.3, 162 7.15, 167 10.15))"
HOTEL 3,2012-12-18 17:50:00+00:00,2012-12-18 21:50:00+00:00,0.0,34000.0,"POLYGON ((-70 37.3, -68.45 36.45, -72.3 33.3, -74 34, -70 37.3))"
INDIA 1,2012-12-18 18:25:00+00:00,2012-12-18 22:25:00+00:00,0.0,44000.0,"POLYGON ((-58.15 39.3, -57.45 37.3, -63 36.15, -63.15 38, -58.15 39.3))"
XRAY 2,2012-12-18 19:54:00+00:00,2012-12-18 23:55:00+00:00,0.0,41000.0,"POLYGON ((176 32.3, -176 20.45, -172.3 26.45, -174.45 30.3, 176 32.3))"
HOTEL 4,2012-12-18 20:10:00+00:00,2012-12-19 00:10:00+00:00,0.0,35000.0,"POLYGON ((-68 38.3, -66 38, -69.3 34.3, -72 34.45, -68 38.3))"
WHISKEY 5,2012-12-18 21:24:00+00:00,2012-12-19 01:25:00+00:00,0.0,57000.0,"POLYGON ((167.3 9.45, 169 3.3, 161.15 4.3, 161.15 8.3, 167.3 9.45))"
HOTEL 5,2012-12-18 21:30:00+00:00,2012-12-19 01:30:00+00:00,0.0,40000.0,"POLYGON ((-67.45 38.3, -64.45 38.15, -70 32, -74 31.45, -67.45 38.3))"
ALFA 1,2012-12-18 22:15:00+00:00,2012-12-19 02:15:00+00:00,28000.0,39000.0,"POLYGON ((165 37.45, 171.45 35.3, 177.15 30, 172 30, 165 34.3, 165 37.45))"
BRAVO 1,2012-12-18 22:20:00+00:00,2012-12-19 02:20:00+00:00,0.0,50000.0,"POLYGON ((-133 10.3, -122.45 8.3, -122.45 7, -133 7, -133 10.3))"
CHARLIE 1,2012-12-18 22:25:00+00:00,2012-12-19 02:25:00+00:00,22000.0,36000.0,"POLYGON ((-127.15 29.45, -125.3 27, -136.45 20.3, -137 25, -127.15 29.45))"
XRAY 3,2012-12-18 23:49:00+00:00,2012-12-19 03:50:00+00:00,0.0,40000.0,"POLYGON ((175 32.45, -175.3 21, -173 27, -176 31.15, 175 32.45))"
HOTEL 6,2012-12-19 00:05:00+00:00,2012-12-19 04:05:00+00:00,0.0,40000.0,"POLYGON ((-65.45 39.3, -63.15 35.45, -68.15 31.3, -73 31.15, -65.45 39.3))"
WHISKEY 6,2012-12-19 01:14:00+00:00,2012-12-19 05:15:00+00:00,0.0,54000.0,"POLYGON ((164.15 9.15, 170.3 8, 170 3.3, 165.15 3.45, 164.15 9.15))"
HOTEL 7,2012-12-19 02:15:00+00:00,2012-12-19 06:15:00+00:00,0.0,40000.0,"POLYGON ((-64.15 41.3, -60.3 36.45, -67.15 31, -71 30.45, -68.15 37.45, -64.15 41.3))"
ALFA 2,2012-12-19 02:15:00+00:00,2012-12-19 06:15:00+00:00,29000.0,39000.0,"POLYGON ((165 40, 173.15 38, 177.45 30, 173.45 30, 170 34.45, 165 36.45, 165 40))"
BRAVO 2,2012-12-19 02:15:00+00:00,2012-12-19 06:15:00+00:00,0.0,50000.0,"POLYGON ((-131 10.3, -122.45 8.15, -124 6.45, -132.3 6.3, -131 10.3))"
XRAY 4,2012-12-19 03:28:00+00:00,2012-12-19 07:30:00+00:00,0.0,40000.0,"POLYGON ((179 30.3, -174.15 29.3, -170.3 20.3, -175.45 21.15, 179 30.3))"
HOTEL 8,2012-12-19 03:40:00+00:00,2012-12-19 07:40:00+00:00,0.0,45000.0,"POLYGON ((-59.3 39.3, -60 34.15, -65.15 31.45, -68.3 31.3, -65 39.15, -59.3 39.3))"
WHISKEY 7,2012-12-19 04:24:00+00:00,2012-12-19 08:25:00+00:00,0.0,51000.0,"POLYGON ((163.3 10, 171 9, 170 4.2, 163.2 5.1, 163.3 10))"
YANKEE 1,2012-12-19 04:26:00+00:00,2012-12-19 08:30:00+00:00,0.0,56000.0,"POLYGON ((137.4 11.4, 143.3 6.1, 139 3.3, 132.1 7.5, 137.4 11.4))"
1E,2012-12-19 05:08:00+00:00,2012-12-19 06:55:00+00:00,0.0,25000.0,"POLYGON ((-67.20588139869567 40.353886757935626, -67.15378242906115 39.00836505537713, -68.64439000461954 38.65853257062535, -69.28322151599643 39.89421515661165, -67.20588139869567 40.353886757935626))"
ALFA 4,2012-12-19 05:45:00+00:00,2012-12-19 09:45:00+00:00,29000.0,39000.0,"POLYGON ((175.15 39.3, 171 37.45, 173.3 30, -179.45 30, 175.15 39.3))"
ALFA 3,2012-12-19 05:45:00+00:00,2012-12-19 09:45:00+00:00,29000.0,39000.0,"POLYGON ((174.3 39.15, 179.15 30, 172.3 30, 170 37.15, 174.3 39.15))"
BRAVO 3,2012-12-19 05:45:00+00:00,2012-12-19 09:45:00+00:00,0.0,50000.0,"POLYGON ((-128.15 9.3, -121 8, -126.3 6.15, -132.45 6.15, -128.15 9.3))"
XRAY 5,2012-12-19 05:47:00+00:00,2012-12-19 09:50:00+00:00,0.0,49000.0,"POLYGON ((-173.3 30, -171.1 20.3, -176 20.2, -179.1 30, -173.3 30))"
2E,2012-12-19 05:55:00+00:00,2012-12-19 07:55:00+00:00,0.0,25000.0,"POLYGON ((-67.00718342785322 40.285131084847016, -67.15378242906115 39.00836505537713, -68.64439000461954 38.65853257062535, -68.49223994299751 40.09325997119907, -67.00718342785322 40.285131084847016))"
3E,2012-12-19 06:55:00+00:00,2012-12-19 08:55:00+00:00,0.0,25000.0,"POLYGON ((-67.00718342785322 40.285131084847016, -67.15378242906115 39.00836505537713, -68.64439000461954 38.65853257062535, -68.49223994299751 40.09325997119907, -67.00718342785322 40.285131084847016))"
HOTEL 9,2012-12-19 07:00:00+00:00,2012-12-19 11:00:00+00:00,0.0,45000.0,"POLYGON ((-63.45 42.15, -53.15 37.3, -61.45 31.45, -70 34.45, -63.45 42.15))"
YANKEE 2,2012-12-19 07:49:00+00:00,2012-12-19 11:50:00+00:00,0.0,55000.0,"POLYGON ((135.3 10, 142.3 7.3, 141.2 3.2, 133.4 7, 135.3 10))"
XRAY 6,2012-12-19 08:51:00+00:00,2012-12-19 12:50:00+00:00,0.0,46000.0,"POLYGON ((-179 30, -172.5 29.5, -169.5 20.5, -176 20.1, -179 30))"
BRAVO 4,2012-12-19 09:45:00+00:00,2012-12-19 13:45:00+00:00,0.0,50000.0,"POLYGON ((-126 10.15, -118.3 7, -126 6, -131.3 7, -126 10.15))"
ALFA 5,2012-12-19 09:45:00+00:00,2012-12-19 13:45:00+00:00,29000.0,39000.0,"POLYGON ((175.15 39.3, 171 37.45, 173.3 30, -179.45 30, 175.15 39.3))"
YANKEE 3,2012-12-19 09:46:00+00:00,2012-12-19 13:50:00+00:00,0.0,55000.0,"POLYGON ((140.5 10, 143.1 4.1, 138 4.2, 137 9.3, 140.5 10))"
HOTEL 10,2012-12-19 10:45:00+00:00,2012-12-19 14:45:00+00:00,0.0,45000.0,"POLYGON ((-66 37.45, -50.15 37, -61.3 30.15, -67.15 34.45, -66 37.45))"
XRAY 7,2012-12-19 12:17:00+00:00,2012-12-19 16:20:00+00:00,0.0,49000.0,"POLYGON ((-170.3 30.1, -172.2 19.1, -177.3 17.3, -176.3 30, -170.3 30.1))"
ALFA 6,2012-12-19 13:00:00+00:00,2012-12-19 17:00:00+00:00,30000.0,40000.0,"POLYGON ((173.3 40, 176 30, -176.15 29.45, -178.45 40, 173.3 40))"
BRAVO 5,2012-12-19 13:00:00+00:00,2012-12-19 17:00:00+00:00,0.0,50000.0,"POLYGON ((-124 9.45, -119.45 8, -120.3 6.3, -126.45 6, -129.3 7.45, -124 9.45))"
YANKEE 4,2012-12-19 13:42:00+00:00,2012-12-19 17:40:00+00:00,0.0,53000.0,"POLYGON ((137.1 9.3, 143.5 5, 141.3 3.2, 135.4 5.3, 137.1 9.3))"
DELTA 1,2012-12-19 13:45:00+00:00,2012-12-19 17:45:00+00:00,32000.0,40000.0,"POLYGON ((-154.15 46.15, -140.45 40.45, -144.45 39.3, -155.45 44.45, -154.15 46.15))"
HOTEL 11,2012-12-19 14:45:00+00:00,2012-12-19 18:45:00+00:00,0.0,41000.0,"POLYGON ((-59 40.45, -47.3 37.15, -56.45 30.45, -67.3 37.15, -59 40.45))"
XRAY 8,2012-12-19 15:49:00+00:00,2012-12-19 19:50:00+00:00,0.0,46000.0,"POLYGON ((-175.4 30, -169.3 30, -171.4 18.2, -178 16.4, -175.4 30))"
ALFA 7,2012-12-19 16:40:00+00:00,2012-12-19 20:40:00+00:00,30000.0,40000.0,"POLYGON ((172.45 40.15, 176.45 30.15, -177 30, -179.3 40, 172.45 40.15))"
BRAVO 6,2012-12-19 17:00:00+00:00,2012-12-19 21:00:00+00:00,0.0,48000.0,"POLYGON ((-125 10.45, -120 8.3, -120.3 6, -128.15 7.45, -125 10.45))"
HOTEL 12,2012-12-19 18:40:00+00:00,2012-12-19 22:40:00+00:00,0.0,33000.0,"POLYGON ((-66 39.3, -50.15 39, -49 32.45, -67.45 34.15, -66 39.3))"
XRAY 9,2012-12-19 19:50:00+00:00,2012-12-19 23:50:00+00:00,0.0,45000.0,"POLYGON ((-176.3 30, -170.3 30, -171 18, -175 17.3, -176.3 30))"
1W,2012-12-19 19:55:00+00:00,2012-12-19 21:55:00+00:00,0.0,27000.0,"POLYGON ((-123.7104051510274 48.04165443388308, -123.8725876735194 46.48854833389405, -124.83332152724607 46.477392257765814, -124.63000000000001 47.800893132790826, -123.7104051510274 48.04165443388308))"
ALFA 8,2012-12-19 20:35:00+00:00,2012-12-20 00:35:00+00:00,30000.0,40000.0,"POLYGON ((176.45 40.3, 179.15 30, -175.3 30, -178.15 40.3, 176.45 40.3))"
HOTEL 13,2012-12-19 22:15:00+00:00,2012-12-20 02:15:00+00:00,0.0,21000.0,"POLYGON ((-60 37, -57 35.3, -62 33.3, -60 37))"
JULIETT 1,2012-12-19 22:15:00+00:00,2012-12-20 02:15:00+00:00,0.0,42000.0,"POLYGON ((-45.3 39.3, -49.3 34.3, -49 39, -45.3 39.3))"
1C,2012-12-19 22:55:00+00:00,2012-12-20 00:55:00+00:00,0.0,25000.0,"POLYGON ((-94.51253628533436 39.389017608457266, -93.1981578767707 39.22337482061695, -93.2231648129366 39.02494434628502, -94.53754322150027 39.19058713412534, -94.51253628533436 39.389017608457266))"
JULIETT 2,2012-12-19 23:15:00+00:00,2012-12-20 03:15:00+00:00,0.0,40000.0,"POLYGON ((-48.3 39, -45 38.3, -51 31, -48.3 39))"
HOTEL 14,2012-12-19 23:15:00+00:00,2012-12-20 03:15:00+00:00,0.0,21000.0,"POLYGON ((-55 39, -54 33, -61 33.3, -59.3 38, -55 39))"
XRAY 10,2012-12-19 23:50:00+00:00,2012-12-20 03:50:00+00:00,0.0,46000.0,"POLYGON ((-170.3 30, -171.3 18.3, -175 17.3, -176.3 30, -170.3 30))"
2C,2012-12-19 23:55:00+00:00,2012-12-20 01:55:00+00:00,0.0,29000.0,"POLYGON ((-93.91328724453614 39.95550143078844, -92.75307692576636 39.07930153757466, -92.8736082095548 38.91970138209758, -94.03381852832457 39.79590127531136, -93.91328724453614 39.95550143078844))"
ZULU 1,2012-12-19 23:56:00+00:00,2012-12-20 03:56:00+00:00,0.0,55000.0,"POLYGON ((152.3 10, 159 10, 157 3.3, 152 4, 152.3 10))"
ECHO 1,2012-12-20 00:45:00+00:00,2012-12-20 04:45:00+00:00,30000.0,40000.0,"POLYGON ((172.57332982258367 42.42667017741631, 166.57332982258367 36.42667017741631, 165.42667017741633 37.57332982258369, 171.42667017741633 43.57332982258369, 172.57332982258367 42.42667017741631))"
1C,2012-12-20 00:55:00+00:00,2012-12-20 02:55:00+00:00,0.0,32000.0,"POLYGON ((-94.15246894556365 40.516668912916806, -93.35271878407029 39.53928381200256, -94.98517589040931 38.82862744943462, -95.40202973047623 40.45186360664409, -94.15246894556365 40.516668912916806))"
2C,2012-12-20 01:55:00+00:00,2012-12-20 03:55:00+00:00,0.0,35000.0,"POLYGON ((-94.5814460172763 40.73037677179146, -91.93010037896319 39.84818561523695, -91.91705761580361 39.04489073426621, -94.49157377641176 39.75085154885125, -94.5814460172763 40.73037677179146))"
3C,2012-12-20 01:55:00+00:00,2012-12-20 03:55:00+00:00,0.0,42000.0,"POLYGON ((-94.70717124390889 36.72216787415405, -95.01770797139002 35.314474673354745, -97.20002122043616 33.2581270191374, -94.51921715828833 36.653806615399276, -94.99230993198317 35.353073988276535, -97.33717922724301 33.403686907735754, -95.15486597819688 35.4600345619531, -95.18026401760373 35.42143524703131, -94.70717124390889 36.72216787415405))"
4C,2012-12-20 02:55:00+00:00,2012-12-20 04:55:00+00:00,0.0,36000.0,"POLYGON ((-94.26691465981435 41.629354886643505, -90.4034503182134 40.90246580203209, -95.79415694983281 37.62908336415014, -96.44088287444356 38.54205367350181, -94.26691465981435 41.629354886643505))"
5C,2012-12-20 02:55:00+00:00,2012-12-20 04:55:00+00:00,0.0,44000.0,"POLYGON ((-94.4536436647056 36.740887903417686, -94.75696394022297 35.13427291152604, -97.55433132288206 31.723409260887163, -94.2628614623361 36.680869978936315, -94.73889451393696 35.167678132169435, -97.70897467267952 31.850237626655318, -94.91160729002043 35.2611012772942, -94.92967671630645 35.22769605665081, -94.4536436647056 36.740887903417686))"
6C,2012-12-20 03:55:00+00:00,2012-12-20 05:55:00+00:00,0.0,36000.0,"POLYGON ((-92.02138498864039 41.646601115385714, -90.62989962103683 39.84818561523695, -95.12571330478038 38.268285055886736, -95.72846621187776 38.967478339823195, -92.02138498864039 41.646601115385714))"
7C,2012-12-20 03:55:00+00:00,2012-12-20 05:55:00+00:00,0.0,44000.0,"POLYGON ((-92.92533376287905 38.12783820977569, -92.27421922468707 35.65703212667444, -96.9942787735072 31.424422285093417, -97.45045531342971 31.59620638684762, -92.92533376287905 38.12783820977569))"
ZULU 2,2012-12-20 03:56:00+00:00,2012-12-20 07:56:00+00:00,0.0,55000.0,"POLYGON ((158.3 10.3, 156.3 5.3, 151.3 5, 152.3 10, 158.3 10.3))"
ECHO 2,2012-12-20 04:45:00+00:00,2012-12-20 08:45:00+00:00,30000.0,40000.0,"POLYGON ((172.61561346137728 43.472331318819485, 166.61561346137728 36.472331318819485, 165.38438653862272 37.527668681180515, 171.38438653862272 44.527668681180515, 172.61561346137728 43.472331318819485))"
8C,2012-12-20 04:56:00+00:00,2012-12-20 06:55:00+00:00,0.0,36000.0,"POLYGON ((-90.39018783999641 42.63483779365696, -88.00579722399486 38.89934000200661, -94.73483999589918 38.73086099774799, -93.39338616992109 41.90083067810062, -90.39018783999641 42.63483779365696))"
9C,2012-12-20 04:56:00+00:00,2012-12-20 06:55:00+00:00,0.0,44000.0,"POLYGON ((-92.52094784803768 38.57433215630024, -90.81404887543253 37.85956162593002, -96.636252237194 30.695292284022866, -97.53 30.546368955736394, -92.52094784803768 38.57433215630024))"
10C,2012-12-20 04:56:00+00:00,2012-12-20 06:55:00+00:00,0.0,33000.0,"POLYGON ((-89.3627971520263 38.55148610628191, -90.21016811544787 37.903095099553575, -90.22887045186027 37.88437629313248, -91.02947108569207 36.83617464121187, -90.08863061688855 37.7442598501788, -89.24125965346698 38.39265085690713, -90.87052891430794 36.71477700467928, -90.06992828047615 37.76297865659989, -89.3627971520263 38.55148610628191))"
11C,2012-12-20 05:55:00+00:00,2012-12-20 07:55:00+00:00,0.0,31000.0,"POLYGON ((-89.11879276756108 42.862262156768836, -87.67867825960988 40.74940521341606, -88.9689784716891 37.66328709864097, -94.12788178373465 39.758965403599206, -93.66539199648501 42.41730053635912, -89.11879276756108 42.862262156768836))"
12C,2012-12-20 05:55:00+00:00,2012-12-20 07:55:00+00:00,0.0,40000.0,"POLYGON ((-92.0064957018006 38.80980572654348, -89.17912936635557 37.66533816250235, -95.35 30.791844778681966, -96.81546600605128 30.632722857940212, -92.0064957018006 38.80980572654348))"
13C,2012-12-20 06:55:00+00:00,2012-12-20 08:55:00+00:00,0.0,30000.0,"POLYGON ((-90.24410692200819 43.19605311331964, -88.73584849505595 43.119095253881625, -86.94409144381595 39.72488113641312, -94.13605320063564 38.817872298875415, -94.26691465981435 41.629354886643505, -90.24410692200819 43.19605311331964))"
14C,2012-12-20 06:55:00+00:00,2012-12-20 08:55:00+00:00,0.0,33000.0,"POLYGON ((-86.94409144381595 39.72488113641312, -90.33221542574782 36.10841422826572, -92.77716626888801 36.28277188330841, -92.38411904388009 39.11729519476917, -86.94409144381595 39.72488113641312))"
15C,2012-12-20 06:55:00+00:00,2012-12-20 08:55:00+00:00,0.0,38000.0,"POLYGON ((-92.77716626888801 36.28277188330841, -90.33221542574782 36.10841422826572, -96.0177661794798 29.374504975625655, -97.12067642780897 29.463423173109778, -94.14622295066785 33.35627177828047, -92.77716626888801 36.28277188330841))"
1W,2012-12-20 07:08:00+00:00,2012-12-20 08:55:00+00:00,0.0,25000.0,"POLYGON ((-125.13305150226654 44.256624976159294, -124.32605101988756 44.118574968060166, -126.42300976277764 40.649250823919445, -126.89691172653221 41.46719077260102, -125.13305150226654 44.256624976159294))"
2W,2012-12-20 07:55:00+00:00,2012-12-20 09:55:00+00:00,0.0,25000.0,"POLYGON ((-124.70525564270093 44.38717963245698, -124.50111847442501 43.810619410426554, -126.86137173128782 40.64012415363256, -127.10472414339756 41.525940699465124, -124.70525564270093 44.38717963245698))"
16C,2012-12-20 07:55:00+00:00,2012-12-20 09:55:00+00:00,0.0,30000.0,"POLYGON ((-88.62543495212239 42.504657774530514, -87.41573013845809 39.797292377790036, -95.27585081831934 38.52205021385549, -95.1209618090252 40.1948973195314, -91.95340779785933 42.13431154771673, -88.62543495212239 42.504657774530514))"
17C,2012-12-20 07:55:00+00:00,2012-12-20 09:55:00+00:00,0.0,33000.0,"POLYGON ((-86.43320499160014 39.83754002541228, -87.81640095001096 35.752622829259515, -91.71348640191444 36.36224755172515, -90.72689210469558 39.320855565770316, -86.43320499160014 39.83754002541228))"
18C,2012-12-20 07:55:00+00:00,2012-12-20 09:55:00+00:00,0.0,35000.0,"POLYGON ((-91.71348640191444 36.36224755172515, -89.7313885908923 36.01929752869163, -94.00153872867722 30.455321410040522, -95.13089695921627 30.806425572097226, -93.33687531458527 33.25857422352877, -91.71348640191444 36.36224755172515))"
19C,2012-12-20 07:55:00+00:00,2012-12-20 09:55:00+00:00,0.0,30000.0,"POLYGON ((-95.13089695921627 30.806425572097226, -94.00153872867722 30.455321410040522, -97.17319299687898 28.13502423335529, -97.72981795273124 28.514516068949963, -95.13089695921627 30.806425572097226))"
20C,2012-12-20 09:19:00+00:00,2012-12-20 10:55:00+00:00,0.0,30000.0,"POLYGON ((-91.33252750410524 42.2073129730507, -89.67457474531089 42.07699378689661, -93.0882093790144 37.820869202567536, -94.61994162044762 37.349587941109924, -95.1209618090252 40.1948973195314, -91.33252750410524 42.2073129730507))"
21C,2012-12-20 09:19:00+00:00,2012-12-20 10:55:00+00:00,0.0,33000.0,"POLYGON ((-89.74653628718183 41.27753476609719, -86.00124653452164 40.72248389347238, -87.62777489330361 35.81792757448312, -91.52215305503195 36.29964101366536, -89.74653628718183 41.27753476609719))"
24C,2012-12-20 09:19:00+00:00,2012-12-20 10:55:00+00:00,0.0,30000.0,"POLYGON ((-91.66565222728326 31.75092049553061, -89.71201448424335 30.82827374498559, -91.29 29.658155221318033, -92.89016281387359 29.678702245133135, -91.66565222728326 31.75092049553061))"
22C,2012-12-20 09:19:00+00:00,2012-12-20 10:55:00+00:00,0.0,34000.0,"POLYGON ((-91.52215305503195 36.29964101366536, -89.32 36.02, -92.70043585531859 30.492286251810818, -94.17281076557246 30.68828013873573, -92.18734790595039 33.44977821270282, -91.52215305503195 36.29964101366536))"
23C,2012-12-20 09:19:00+00:00,2012-12-20 10:55:00+00:00,0.0,33000.0,"POLYGON ((-94.17281076557246 30.68828013873573, -92.70043585531859 30.492286251810818, -96.31 28.094524177054435, -97.03935097485771 28.252342220654576, -94.17281076557246 30.68828013873573))"
25C,2012-12-20 09:55:00+00:00,2012-12-20 11:55:00+00:00,0.0,30000.0,"POLYGON ((-91.38586530156654 42.39801502377745, -90.39257724961189 42.164279957174344, -92.8838826985863 37.712085859526454, -94.04264740261225 37.91622702658611, -94.74 40.12184477868196, -91.38586530156654 42.39801502377745))"
26C,2012-12-20 09:55:00+00:00,2012-12-20 11:55:00+00:00,0.0,33000.0,"POLYGON ((-89.14804716639662 41.15915538376166, -85.50054880683489 40.74430127463418, -87.62777489330361 35.81792757448312, -90.74406934482849 36.1098238005692, -89.14804716639662 41.15915538376166))"
27C,2012-12-20 09:55:00+00:00,2012-12-20 11:55:00+00:00,0.0,35000.0,"POLYGON ((-90.74406934482849 36.1098238005692, -87.62777489330361 35.81792757448312, -90.90386820387046 30.48943111485389, -93.40633691813858 30.754486775385548, -92.04 32.52, -90.74406934482849 36.1098238005692))"
28C,2012-12-20 09:55:00+00:00,2012-12-20 11:55:00+00:00,0.0,31000.0,"POLYGON ((-93.40633691813858 30.754486775385548, -90.90386820387046 30.48943111485389, -91.65654284822327 29.720962911403277, -96.38420950841589 26.954859640686184, -97.01137644586525 26.97710893728381, -93.40633691813858 30.754486775385548))"
2E,2012-12-20 10:21:00+00:00,2012-12-20 11:55:00+00:00,0.0,30000.0,"POLYGON ((-88.63272727272727 30.669989361254487, -88.08727272727273 30.669989361254487, -88.08727272727273 30.12453481579994, -88.63272727272727 30.12453481579994, -88.63272727272727 30.669989361254487))"
1E,2012-12-20 10:21:00+00:00,2012-12-20 11:55:00+00:00,0.0,30000.0,"POLYGON ((-86.04483788176756 34.3729053719654, -86.47000501972626 31.912501634697623, -87.89318844675336 32.058419402958876, -87.7210638448893 34.24866692576293, -86.04483788176756 34.3729053719654))"
29C,2012-12-20 10:55:00+00:00,2012-12-20 12:55:00+00:00,0.0,28000.0,"POLYGON ((-91.69523610459778 41.6736734493593, -89.84549655912534 41.62083347415383, -92.41742883427916 38.873500595367005, -93.70414918168065 38.52205021385549, -94.23980321931045 40.21116641293662, -91.69523610459778 41.6736734493593))"
30C,2012-12-20 10:55:00+00:00,2012-12-20 12:55:00+00:00,0.0,33000.0,"POLYGON ((-85.59641152370834 40.85195233492249, -85.91621906608191 36.392244887262315, -87.49 35.54184477868197, -89.75440322473392 35.666293605467956, -88.74038900812754 40.780704950474195, -85.59641152370834 40.85195233492249))"
31C,2012-12-20 10:55:00+00:00,2012-12-20 12:55:00+00:00,0.0,34000.0,"POLYGON ((-89.75440322473392 35.666293605467956, -87.49 35.54184477868197, -90.26 30.634524177054434, -92.56325681134877 30.6094298263139, -90.70131818513372 33.10636494355029, -89.75440322473392 35.666293605467956))"
32C,2012-12-20 10:55:00+00:00,2012-12-20 12:55:00+00:00,0.0,31000.0,"POLYGON ((-92.56325681134877 30.6094298263139, -90.26 30.634524177054434, -91.16021316153126 29.557823271061874, -93.97750880328364 28.292691090479412, -95.80675184763398 27.683134932112573, -92.56325681134877 30.6094298263139))"
3E,2012-12-20 10:55:00+00:00,2012-12-20 12:55:00+00:00,0.0,32000.0,"POLYGON ((-85.75899189769076 34.95848012104866, -85.43668804384119 32.58868016710795, -86.59883041052957 32.45497533058373, -87.34709581121456 34.59227592766638, -85.75899189769076 34.95848012104866))"
4E,2012-12-20 10:55:00+00:00,2012-12-20 12:55:00+00:00,0.0,31000.0,"POLYGON ((-88.45403247112579 30.938938226983396, -87.90857792567125 30.938938226983396, -87.90857792567125 30.39348368152885, -88.45403247112579 30.39348368152885, -88.45403247112579 30.938938226983396))"
5E,2012-12-20 10:55:00+00:00,2012-12-20 12:55:00+00:00,0.0,30000.0,"POLYGON ((-88.25514323972608 32.18782798091745, -87.89318844675336 32.058419402958876, -88.36 31.22910686720918, -89.0485046770977 31.316386786392243, -88.25514323972608 32.18782798091745))"
NOVEMBER 1,2012-12-20 11:54:00+00:00,2012-12-20 15:55:00+00:00,0.0,55000.0,"POLYGON ((154 13, 156.45 9.3, 150.45 5.3, 146.3 10, 154 13))"
33C,2012-12-20 11:55:00+00:00,2012-12-20 13:55:00+00:00,0.0,28000.0,"POLYGON ((-91.35306402302874 41.980829874724655, -89.59 41.82547582294556, -91.52713169787127 39.3886222815668, -92.67516884235984 39.16204101951247, -93.89547060341522 40.122670506580974, -91.35306402302874 41.980829874724655))"
34C,2012-12-20 11:55:00+00:00,2012-12-20 13:55:00+00:00,0.0,33000.0,"POLYGON ((-85.59798370149636 41.106614919275195, -85.15195212232553 37.02544489105832, -87.49 35.54184477868197, -89.08522039200069 35.55865610270538, -88.0863802144902 40.87389125569223, -85.59798370149636 41.106614919275195))"
35C,2012-12-20 11:55:00+00:00,2012-12-20 13:55:00+00:00,0.0,34000.0,"POLYGON ((-89.08522039200069 35.55865610270538, -87.49 35.54184477868197, -89.0401522108739 30.140023192072924, -92.00161423697234 30.233401090819576, -89.68175148453419 33.4585633463776, -89.08522039200069 35.55865610270538))"
36C,2012-12-20 11:55:00+00:00,2012-12-20 13:55:00+00:00,0.0,30000.0,"POLYGON ((-92.00161423697234 30.233401090819576, -90 30.182737911472785, -92.02331061961289 28.465932883794697, -93.97750880328364 28.292691090479412, -92.00161423697234 30.233401090819576))"
6E,2012-12-20 11:55:00+00:00,2012-12-20 13:55:00+00:00,0.0,31000.0,"POLYGON ((-85.15 34.79363104426361, -85.02675655423059 32.98619938690149, -86.1689770977002 32.527320017737416, -86.47811248651783 34.70581733632313, -85.15 34.79363104426361))"
7E,2012-12-20 11:55:00+00:00,2012-12-20 13:55:00+00:00,0.0,33000.0,"POLYGON ((-87.81503068148606 32.37617093036559, -87.01081501541877 31.629916575488494, -87.95092209882255 30.37643658054817, -88.77208472143745 31.08227108564997, -87.81503068148606 32.37617093036559))"
3W,2012-12-20 11:55:00+00:00,2012-12-20 13:55:00+00:00,0.0,25000.0,"POLYGON ((-124.06 44.58, -124.53911255141158 40.434305807050166, -126.2037865351323 40.65319244646229, -125.19999716002214 43.75079342358914, -124.06 44.58))"
4W,2012-12-20 12:55:00+00:00,2012-12-20 14:55:00+00:00,0.0,25000.0,"POLYGON ((-124.51042751224581 43.1715387243623, -124.23 41.66821373441836, -124.64494089917999 39.900728329478476, -126.23706943144522 40.01586479005084, -125.39068409817814 42.45324557155445, -124.51042751224581 43.1715387243623))"
37C,2012-12-20 12:55:00+00:00,2012-12-20 14:55:00+00:00,0.0,26000.0,"POLYGON ((-90.71 42.4, -88.79417267727766 41.90195098346136, -90.62989962103683 39.84818561523695, -91.74207580372824 40.202007706211646, -92.42791832381235 41.26242932176415, -90.71 42.4))"
38C,2012-12-20 12:55:00+00:00,2012-12-20 14:55:00+00:00,0.0,31000.0,"POLYGON ((-87.27250866626954 40.62348994047589, -84.72500236403162 40.626141198285254, -84.86318554706232 38.712476341668044, -85.74249414515708 38.40729807859065, -86.85643290630723 38.63240449095374, -87.27250866626954 40.62348994047589))"
39C,2012-12-20 12:55:00+00:00,2012-12-20 14:55:00+00:00,0.0,30000.0,"POLYGON ((-87.259714953378 37.49592000688284, -87.80251930353057 36.173563917626296, -87.80835832101536 36.15368918950662, -88.15754644936722 34.2562106712555, -87.61750028796243 36.09761680525068, -87.07469593780985 37.419972894507225, -87.9608493988295 34.220013015119235, -87.61166127047764 36.117491533370355, -87.259714953378 37.49592000688284))"
40C,2012-12-20 12:55:00+00:00,2012-12-20 14:55:00+00:00,0.0,33000.0,"POLYGON ((-88.51 34.32184477868197, -87.49 34.21089313279084, -86.73555185266774 31.866398006836835, -87.08949744268179 30.47643402914033, -90.93372614557236 30.36218238358918, -88.51 34.32184477868197))"
41C,2012-12-20 12:55:00+00:00,2012-12-20 14:55:00+00:00,0.0,30000.0,"POLYGON ((-87.95092209882255 30.37643658054817, -89.16428373187601 28.35326538449789, -93.11 28.30994148689969, -90.93372614557236 30.36218238358918, -87.95092209882255 30.37643658054817))"
42C,2012-12-20 13:55:00+00:00,2012-12-20 15:55:00+00:00,0.0,23000.0,"POLYGON ((-91.26410250870852 41.53637147479842, -91.37156091258696 40.92191299486787, -91.26299188837304 41.00417842321468, -90.59575325178872 40.936684700890765, -91.17455090985699 40.887459274831585, -91.06709250597855 41.50191775476214, -90.6158812974866 40.73770012416085, -91.28311993407091 40.80519384648477, -91.26410250870852 41.53637147479842))"
43C,2012-12-20 13:55:00+00:00,2012-12-20 15:55:00+00:00,0.0,25000.0,"POLYGON ((-85.59598352893708 40.70687121235252, -84.78396690290784 40.11328236397528, -84.90199511697038 39.95182233584075, -85.71401174299963 40.54541118421799, -85.59598352893708 40.70687121235252))"
44C,2012-12-20 13:55:00+00:00,2012-12-20 15:55:00+00:00,0.0,32000.0,"POLYGON ((-87.3994115470929 34.79962255648711, -90.05537206949386 29.672428580626075, -91.35215466003632 27.937145740253992, -87.72884772437098 32.840634187526554, -90.05487360454576 29.67310145596447, -87.20634319807742 34.74742473461265, -87.71291558275026 32.87372406179801, -91.51236179591416 28.056869061348156, -90.2155792053717 29.79215190172024, -90.21607767031979 29.791479026381843, -87.89005179014501 32.95901175794392, -87.90598393176573 32.925921883672466, -87.3994115470929 34.79962255648711))"
45C,2012-12-20 13:55:00+00:00,2012-12-20 15:55:00+00:00,0.0,31000.0,"POLYGON ((-87.16143802333592 32.30118330569233, -87.05174956272607 32.13394562570053, -88.30515576969508 31.311856982949664, -88.41484423030492 31.47909466294147, -87.16143802333592 32.30118330569233))"
46C,2012-12-20 13:55:00+00:00,2012-12-20 15:55:00+00:00,0.0,40000.0,"POLYGON ((-86.24535283298883 32.178931143922014, -87.4621220452524 31.159335393178544, -87.4818477782495 31.137019161227876, -89.2482366498196 28.407596844709797, -87.33366767535942 31.006040008853397, -86.11689846309585 32.02563575959687, -89.08033081393242 28.298933924285986, -87.31394194236232 31.028356240804065, -86.24535283298883 32.178931143922014))"
OSCAR 1,2012-12-20 14:05:00+00:00,2012-12-20 18:05:00+00:00,,,"POLYGON ((-169.3 26.3, -166.45 21.3, -170.45 21, -172.3 26, -169.3 26.3))"
OSCAR 2,2012-12-20 14:26:00+00:00,2012-12-20 18:05:00+00:00,33000.0,38000.0,"POLYGON ((-169.3 26.3, -166.45 21.3, -170.45 21, -172.3 26, -169.3 26.3))"
47C,2012-12-20 14:55:00+00:00,2012-12-20 16:55:00+00:00,0.0,30000.0,"POLYGON ((-86.75724221509887 34.17842819557008, -87.53644074078389 32.316696246861326, -90.45205200671137 28.199282715701308, -86.58127492693674 34.083372877481764, -87.53006786447607 32.32695857469605, -90.61527354225785 28.31486268945907, -87.69966227633037 32.43227622061909, -87.7060351526382 32.42201389278436, -86.75724221509887 34.17842819557008))"
48C,2012-12-20 14:55:00+00:00,2012-12-20 16:55:00+00:00,0.0,29000.0,"POLYGON ((-86.3847258247215 32.96170290221614, -86.25527417527849 32.809248743675006, -87.04186796830949 32.14133738642586, -87.1713196177525 32.29379154496699, -86.3847258247215 32.96170290221614))"
49C,2012-12-20 14:55:00+00:00,2012-12-20 16:55:00+00:00,0.0,43000.0,"POLYGON ((-86.40564527915771 32.10525357963332, -87.47048128796307 29.95469766317264, -90.02568321485403 27.116662027910298, -86.23435472084228 32.0020085088939, -87.45915279395132 29.969985631055916, -90.17431678514596 27.250483034416273, -87.619114858255 30.088518669678617, -87.63044335226675 30.073230701795342, -86.40564527915771 32.10525357963332))"
NOVEMBER 2,2012-12-20 15:35:00+00:00,2012-12-20 19:40:00+00:00,0.0,54000.0,"POLYGON ((155 13.15, 157.3 9.3, 150.3 7.15, 148 11, 155 13.15))"
KILO 1,2012-12-20 15:40:00+00:00,2012-12-20 19:40:00+00:00,0.0,48000.0,"POLYGON ((-89.45 28.15, -86.3 28, -88 26.15, -92.3 26.15, -89.45 28.15))"
50C,2012-12-20 15:55:00+00:00,2012-12-20 17:55:00+00:00,0.0,38000.0,"POLYGON ((-86.39355503096523 33.70464276411213, -86.5406819831261 32.777799742624005, -88.85837127768372 29.407115072995584, -86.20703481811283 33.63246097833835, -86.52982214775851 32.798367435401325, -89.02317181980092 29.520432244324002, -86.70548252524331 32.89111691395242, -86.71634236061091 32.870549221175104, -86.39355503096523 33.70464276411213))"
51C,2012-12-20 15:55:00+00:00,2012-12-20 17:55:00+00:00,0.0,45000.0,"POLYGON ((-85.71712434824208 32.74432966756443, -86.83060182341909 30.29804651148608, -88.9610386034681 28.16398917832435, -85.54162000567742 32.648422286508804, -86.81362033807576 30.32074344028834, -89.10257997534612 28.30529041698449, -86.97214319529711 30.439347750146222, -86.98912468064043 30.416650821343964, -85.71712434824208 32.74432966756443))"
OSCAR 3,2012-12-20 16:29:00+00:00,2012-12-20 20:30:00+00:00,0.0,31000.0,"POLYGON ((-167.49 26.32, -166.29 19.59, -170.01 16.46, -173.2 16.44, -172.01 19.55, -176.48 26.03, -167.49 26.32))"
OSCAR 4,2012-12-20 16:50:00+00:00,2012-12-20 20:50:00+00:00,0.0,31000.0,"POLYGON ((-175.29 26.34, -167.32 26.25, -167.38 17.09, -172.23 16.28, -172.14 20.05, -175.29 26.34))"
52C,2012-12-20 16:55:00+00:00,2012-12-20 18:55:00+00:00,0.0,38000.0,"POLYGON ((-85.88854620209185 33.10421553525396, -85.72234982053916 32.992955646889854, -88.27690180922366 29.177049454190424, -88.44309819077634 29.28830934255452, -85.88854620209185 33.10421553525396))"
53C,2012-12-20 16:55:00+00:00,2012-12-20 18:55:00+00:00,0.0,45000.0,"POLYGON ((-86.02746616854789 31.510104821622388, -87.11384797477703 29.692343156287677, -88.09722710411079 28.405222533367553, -85.86624618222184 31.39174893453166, -87.11270025789032 29.693875563169456, -88.25615165666342 28.52664323422184, -87.27277252732966 29.813763857141964, -87.27392024421637 29.812231450260185, -86.02746616854789 31.510104821622388))"
54C,2012-12-20 17:55:00+00:00,2012-12-20 19:55:00+00:00,0.0,35000.0,"POLYGON ((-85.44243721032115 33.20698899149321, -85.94837836634811 31.536070615655458, -87.01688620290076 30.40767642696091, -85.25863840216292 33.128134707401536, -85.92909020205002 31.565401075789033, -87.16210868246282 30.545191631319746, -86.09360084591016 31.673585820014292, -86.11288901020825 31.644255359880717, -85.44243721032115 33.20698899149321))"
55C,2012-12-20 17:55:00+00:00,2012-12-20 19:55:00+00:00,0.0,45000.0,"POLYGON ((-85.14962737582069 31.720429342545327, -86.60328324290973 29.601272636009064, -88.29710024728094 27.575474702861705, -84.99400476608561 31.594804490946427, -86.60218869513247 29.602604884045792, -88.4505337614615 27.703764050534062, -86.75671675709029 29.72956198368142, -86.75781130486754 29.728229735644693, -85.14962737582069 31.720429342545327))"
56C,2012-12-20 18:55:00+00:00,2012-12-20 20:55:00+00:00,0.0,22000.0,"POLYGON ((-90.33403228738733 41.78469153080918, -89.7885777419328 41.78469153080918, -89.7885777419328 41.23923698535463, -90.33403228738733 41.23923698535463, -90.33403228738733 41.78469153080918))"
8E,2012-12-20 18:55:00+00:00,2012-12-20 20:55:00+00:00,0.0,35000.0,"POLYGON ((-84.68104203053528 33.36875857932118, -85.38846898691081 31.587631519289324, -86.24824696376817 30.635169082809636, -84.50373054255093 33.27623487301423, -85.37404330104046 31.60837637080955, -86.39670708001182 30.769182492157046, -85.53692910315446 31.721644928636735, -85.55135478902481 31.700900077116508, -84.68104203053528 33.36875857932118))"
9E,2012-12-20 18:55:00+00:00,2012-12-20 20:55:00+00:00,0.0,45000.0,"POLYGON ((-84.14806682656588 32.39588767799846, -86.0173100379975 29.5351871655461, -87.23420429668194 28.06860978923356, -83.98732479054321 32.27688348540303, -86.01389655417896 29.539540671437738, -87.38811936506751 28.196320993612265, -86.17122510638308 29.662898369924804, -86.17463859020162 29.658544864033164, -84.14806682656588 32.39588767799846))"
KILO 2,2012-12-20 19:30:00+00:00,2012-12-20 23:30:00+00:00,0.0,43000.0,"POLYGON ((-88 28.15, -84.3 27.45, -88.15 25, -90.3 25.15, -88 28.15))"
10E,2012-12-20 19:55:00+00:00,2012-12-20 21:55:00+00:00,0.0,45000.0,"POLYGON ((-83.73305782274338 32.246583330143075, -85.49215896571485 29.26653312593283, -86.60769813611371 28.09901385594186, -83.56694217725666 32.13520293543855, -85.48140300685779 29.279925780856424, -86.7523018638863 28.237179560493576, -85.63676269348744 29.40469883048455, -85.6475186523445 29.391306175560956, -83.73305782274338 32.246583330143075))"
OSCAR 5,2012-12-20 20:20:00+00:00,2012-12-21 00:20:00+00:00,0.0,31000.0,"POLYGON ((-173.4 27.1, -167.38 25.41, -168.53 16.43, -174.23 17.48, -178.06 21.21, -177.5 26.43, -173.4 27.1))"
PAPA 1,2012-12-20 20:22:00+00:00,2012-12-21 00:25:00+00:00,0.0,58000.0,"POLYGON ((152.1 12.1, 164.1 8.2, 163.3 6, 151.3 6.5, 152.1 12.1))"
11E,2012-12-20 20:55:00+00:00,2012-12-20 22:55:00+00:00,0.0,45000.0,"POLYGON ((-83.19422094936007 32.53938956651882, -84.1328990956942 30.02102724817776, -86.61006762262808 27.597509336008148, -83.01232575653131 32.456238265712486, -84.11188387665175 30.050932102774986, -86.74993237737193 27.740470346008937, -84.27276385043805 30.16398825817855, -84.29377906948051 30.13408340358132, -83.19422094936007 32.53938956651882))"
12E,2012-12-20 21:55:00+00:00,2012-12-20 23:55:00+00:00,0.0,45000.0,"POLYGON ((-83.68589380684149 31.126312612513484, -84.93815633826829 28.940803228215135, -86.61297975887015 27.428403048609415, -83.5206782014222 31.01360146077622, -84.9225687766885 28.958665489009235, -86.74702024112986 27.57683872193488, -85.07219682052799 29.0892389015406, -85.08778438210778 29.0713766407465, -83.68589380684149 31.126312612513484))"
13E,2012-12-20 22:55:00+00:00,2012-12-21 00:55:00+00:00,0.0,45000.0,"POLYGON ((-82.96923143687523 30.817020582844236, -83.81680073190853 28.79979791390551, -86.2166938282863 27.77191054098872, -82.79172999959904 30.72486180808629, -83.76742128900113 28.845641878550584, -86.2954363797477 27.955757245036814, -83.89554328336993 28.983644617953605, -83.94492272627733 28.937800653308532, -82.96923143687523 30.817020582844236))"
PAPA 2,2012-12-20 23:47:00+00:00,2012-12-21 03:50:00+00:00,0.0,58000.0,"POLYGON ((151.27 11.25, 163.05 8.04, 162.46 6.17, 150.47 7.46, 151.27 11.25))"
QUEBEC 1,2012-12-20 23:48:00+00:00,2012-12-21 03:50:00+00:00,0.0,59000.0,"POLYGON ((149 6.4, 152.3 6, 152.5 3.4, 149 3.5, 149 6.4))"
14E,2012-12-20 23:55:00+00:00,2012-12-21 01:55:00+00:00,0.0,40000.0,"POLYGON ((-82.82081584622249 31.126545087823025, -83.93869776871911 28.687049774287047, -85.452751757516 27.795061671800568, -82.64520192750943 31.03083849685747, -83.90165065085306 28.725355857236693, -85.55427144049695 27.967380428665415, -84.04021745170006 28.859368531151894, -84.07726456956611 28.821062448202248, -82.82081584622249 31.126545087823025))"
15E,2012-12-20 23:55:00+00:00,2012-12-21 01:55:00+00:00,0.0,25000.0,"POLYGON ((-82.74265460563129 40.625359990122604, -82.53844213310397 39.23351260929027, -82.73632358765492 39.204479353447965, -82.94053606018224 40.5963267342803, -82.74265460563129 40.625359990122604))"
1E,2012-12-21 00:55:00+00:00,2012-12-21 02:55:00+00:00,0.0,42000.0,"POLYGON ((-82.556708410528 29.217453389968227, -82.4659204063408 29.039246941443757, -84.89355941423574 27.802476318165606, -84.98434741842294 27.980682766690077, -82.556708410528 29.217453389968227))"
OSCAR 6,2012-12-21 00:57:00+00:00,2012-12-21 05:00:00+00:00,0.0,31000.0,"POLYGON ((-176.1 26, -165.4 24.4, -170.4 15.2, -174.4 13.4, -179.3 16.3, -176.2 19.4, -176.1 26))"
QUEBEC 2,2012-12-21 01:21:00+00:00,2012-12-21 05:25:00+00:00,0.0,58000.0,"POLYGON ((147.4 8, 152.5 6.2, 152.4 3.4, 147.2 3.4, 147.4 8))"
2E,2012-12-21 01:55:00+00:00,2012-12-21 03:55:00+00:00,0.0,41000.0,"POLYGON ((-82.36940637041977 28.763319125838688, -82.2649279649981 28.592778037532828, -84.37153319656102 27.302210716583748, -84.47601160198269 27.472751804889608, -82.36940637041977 28.763319125838688))"
LIMA 1,2012-12-21 02:45:00+00:00,2012-12-21 06:45:00+00:00,0.0,40000.0,"POLYGON ((-83.13723282873016 26.934238865991155, -85.98723282873017 24.784238865991156, -86.31276717126984 25.215761134008844, -83.46276717126983 27.365761134008842, -83.13723282873016 26.934238865991155))"
3E,2012-12-21 02:55:00+00:00,2012-12-21 04:55:00+00:00,0.0,40000.0,"POLYGON ((-82.19927884459253 28.46362172538152, -82.09104883597936 28.295436514273067, -83.62020275110137 27.311400282349048, -83.72843275971454 27.4795854934575, -82.19927884459253 28.46362172538152))"
QUEBEC 3,2012-12-21 02:56:00+00:00,2012-12-21 07:00:00+00:00,0.0,58000.0,"POLYGON ((147 9, 153.1 6.3, 153 3.3, 146.4 3.4, 147 9))"
4E,2012-12-21 03:55:00+00:00,2012-12-21 05:55:00+00:00,0.0,41000.0,"POLYGON ((-82.03507058268687 28.248047978081452, -81.93015977944154 28.077772544261954, -84.21886358532993 26.667646906755476, -84.32377438857526 26.837922340574973, -82.03507058268687 28.248047978081452))"
OSCAR 7,2012-12-21 04:55:00+00:00,2012-12-21 09:00:00+00:00,0.0,28000.0,"POLYGON ((-178.31 26.46, -168.59 26.34, -174.28 11.39, -178.35 11.48, -178.31 26.46))"
5E,2012-12-21 04:55:00+00:00,2012-12-21 06:55:00+00:00,0.0,39000.0,"POLYGON ((-81.91410166372694 27.734262124983644, -81.79768877080573 27.571633596238797, -83.8030326190752 26.136166642927826, -83.9194455119964 26.298795171672673, -81.91410166372694 27.734262124983644))"
6E,2012-12-21 05:55:00+00:00,2012-12-21 07:55:00+00:00,0.0,35000.0,"POLYGON ((-81.40637280357775 27.949321576375734, -81.27362719642225 27.79972677773313, -83.59186987060436 25.742592879292655, -83.72461547775985 25.892187677935258, -81.40637280357775 27.949321576375734))"
7E,2012-12-21 05:55:00+00:00,2012-12-21 07:55:00+00:00,0.0,30000.0,"POLYGON ((-78.10008412916451 33.888669840789085, -76.88223535823266 33.52253858704057, -77.68267016581326 32.040179807225364, -78.76513938306344 32.43785960394257, -78.10008412916451 33.888669840789085))"
8E,2012-12-21 06:55:00+00:00,2012-12-21 08:55:00+00:00,0.0,35000.0,"POLYGON ((-81.41790071636905 27.524573166336474, -81.28119368165818 27.378589651306314, -83.60146467839853 25.20575960522554, -83.7381717131094 25.3517431202557, -81.41790071636905 27.524573166336474))"
9E,2012-12-21 06:55:00+00:00,2012-12-21 08:55:00+00:00,0.0,35000.0,"POLYGON ((-76.64788424630221 34.72728104737817, -76.6603480846292 33.34693445860443, -77.60033863618544 31.983421378519633, -76.84788269962984 34.72649449378255, -76.84267884092084 33.40329961051235, -77.76500169544109 32.09693823593109, -76.82501114388485 33.460451316015885, -76.64268038759322 33.404086164107966, -76.64788424630221 34.72728104737817))"
QUEBEC 4,2012-12-21 06:55:00+00:00,2012-12-21 11:00:00+00:00,0.0,59000.0,"POLYGON ((146.37 10.13, 152.46 6.38, 147.38 2.39, 142.34 6.53, 146.37 10.13))"
10E,2012-12-21 07:55:00+00:00,2012-12-21 09:55:00+00:00,0.0,34000.0,"POLYGON ((-81.18777674106933 27.189427365042896, -81.05055475662978 27.043927787770414, -83.74382782543765 24.503877279944554, -83.8810498098772 24.649376857217035, -81.18777674106933 27.189427365042896))"
11E,2012-12-21 07:55:00+00:00,2012-12-21 09:55:00+00:00,0.0,35000.0,"POLYGON ((-75.80999404710455 35.355495875892046, -75.93071699651485 33.659580661195854, -76.65196779273553 31.999388514990653, -75.61349986216031 35.318212698947164, -75.92418845837096 33.680785111321214, -76.83540490139201 32.07908059218625, -76.11415410517132 33.739272738391456, -76.1206826433152 33.718068288266096, -75.80999404710455 35.355495875892046))"
1W,2012-12-21 07:55:00+00:00,2012-12-21 09:55:00+00:00,0.0,25000.0,"POLYGON ((-124.8794588395365 45.71800752736222, -124.91939156745543 44.32210188079465, -125.92827636766297 44.5647690074824, -125.74573215809355 45.74417473428798, -124.8794588395365 45.71800752736222))"
OSCAR 8,2012-12-21 08:55:00+00:00,2012-12-21 13:00:00+00:00,0.0,28000.0,"POLYGON ((-169.47 23.17, -174.28 11.39, -178.35 11.48, -178.35 23.13, -169.47 23.17))"
2W,2012-12-21 08:55:00+00:00,2012-12-21 10:55:00+00:00,0.0,27000.0,"POLYGON ((-124.43223389403191 47.41076999117034, -124.37921488199913 42.916324018537644, -125.22798819413404 43.157133475559, -125.73919275136686 47.38473610020593, -124.43223389403191 47.41076999117034))"
12E,2012-12-21 08:55:00+00:00,2012-12-21 10:55:00+00:00,0.0,35000.0,"POLYGON ((-75.1192634125356 35.35113493567218, -74.93411878684704 35.27549455241933, -75.95800631016597 32.76932966932482, -76.14315093585454 32.844970052577665, -75.1192634125356 35.35113493567218))"
QUEBEC 5,2012-12-21 10:40:00+00:00,2012-12-21 14:45:00+00:00,0.0,61000.0,"POLYGON ((148.39 11.16, 152.19 7.58, 145.44 4.52, 142.07 7.35, 148.39 11.16))"
MIKE 1,2012-12-21 12:40:00+00:00,2012-12-21 16:40:00+00:00,0.0,41000.0,"POLYGON ((-75.3 30.45, -73.45 30.45, -76.45 28, -77.45 28.3, -75.3 30.45))"
OSCAR 9,2012-12-21 12:55:00+00:00,2012-12-21 17:00:00+00:00,0.0,28000.0,"POLYGON ((-171.46 23.17, -174.15 12.29, -178.04 12.29, -178.35 23.13, -171.46 23.17))"
QUEBEC 6,2012-12-21 14:12:00+00:00,2012-12-21 18:15:00+00:00,0.0,60000.0,"POLYGON ((148.43 12.01, 151.49 8.13, 144.24 4.52, 140.51 7.38, 148.43 12.01))"
FOXTROT 1,2012-12-21 16:10:00+00:00,2012-12-21 20:10:00+00:00,29000.0,39000.0,"POLYGON ((-125.45 29.45, -124 27.15, -133.3 20.15, -133.3 24, -125.45 29.45))"
GOLF 1,2012-12-21 16:20:00+00:00,2012-12-21 20:20:00+00:00,0.0,38000.0,"POLYGON ((174.3 44.45, 175 37.15, 170 33.45, 170 42.15, 174.3 44.45))"
OSCAR 10,2012-12-21 16:23:00+00:00,2012-12-21 20:25:00+00:00,0.0,28000.0,"POLYGON ((-174 22.3, -174.4 12.3, -178.2 12.1, -178.3 22, -174 22.3))"
ROMEO 1,2012-12-21 16:25:00+00:00,2012-12-21 20:25:00+00:00,0.0,56000.0,"POLYGON ((-171 13.1, -168.1 9.4, -176 6.2, -177.4 8.2, -171 13.1))"
QUEBEC 7,2012-12-21 17:47:00+00:00,2012-12-21 21:20:00+00:00,0.0,60000.0,"POLYGON ((140.2 10.3, 153.2 10.2, 151 6, 140.2 5, 140.2 10.3))"
GOLF 2,2012-12-21 19:40:00+00:00,2012-12-21 23:40:00+00:00,0.0,41000.0,"POLYGON ((178.45 42.45, 177.3 35.45, 171.45 33.3, 173.45 40.45, 178.45 42.45))"
OSCAR 11,2012-12-21 19:53:00+00:00,2012-12-21 23:55:00+00:00,0.0,28000.0,"POLYGON ((-174 22.2, -174.3 12.3, -178.3 12, -178.2 21.5, -174 22.2))"
ROMEO 2,2012-12-21 19:54:00+00:00,2012-12-21 23:55:00+00:00,0.0,51000.0,"POLYGON ((-171.2 12.3, -168.5 10, -175.1 7.2, -176.4 8.4, -171.2 12.3))"
QUEBEC 8,2012-12-21 20:50:00+00:00,2012-12-22 00:50:00+00:00,0.0,60000.0,"POLYGON ((142.2 10.3, 154.3 10.2, 154 7.2, 142 6, 142.2 10.3))"
OSCAR 12,2012-12-21 23:18:00+00:00,2012-12-22 03:20:00+00:00,0.0,28000.0,"POLYGON ((-172.3 21.1, -166.5 17.4, -176.1 12.5, -177.4 16.2, -172.3 21.1))"
GOLF 3,2012-12-21 23:40:00+00:00,2012-12-22 03:40:00+00:00,0.0,35000.0,"POLYGON ((177.54054054054055 40, 177.54054054054055 37, 176.45945945945945 37, 176.45945945945945 40, 177.54054054054055 40))"
QUEBEC 9,2012-12-22 00:18:00+00:00,2012-12-22 04:20:00+00:00,0.0,60000.0,"POLYGON ((141.4 10.5, 153.1 10.3, 154.3 7.4, 141.4 6.3, 141.4 10.5))"
1W,2012-12-22 01:14:00+00:00,2012-12-22 02:55:00+00:00,0.0,25000.0,"POLYGON ((-125.6788869741618 43.3920094921828, -125.64847196335091 41.7201632228407, -126.68947677385287 41.40806751742454, -126.82511411859153 43.71865616439779, -125.6788869741618 43.3920094921828))"
QUEBEC 10,2012-12-22 02:38:00+00:00,2012-12-22 06:40:00+00:00,0.0,60000.0,"POLYGON ((140 11, 153.4 10.2, 154.5 8, 140.3 6, 140 11))"
OSCAR 13,2012-12-22 02:52:00+00:00,2012-12-22 06:55:00+00:00,0.0,28000.0,"POLYGON ((-177 23.1, -171 22.3, -172.2 15.3, -176.5 16, -177 23.1))"
2W,2012-12-22 02:55:00+00:00,2012-12-22 04:55:00+00:00,0.0,25000.0,"POLYGON ((-123.79131071430011 40.669169853022275, -123.68443973054273 39.81779504743617, -124.72680831341138 39.74669818797192, -124.6686892856999 40.669169853022275, -123.79131071430011 40.669169853022275))"
3W,2012-12-22 02:55:00+00:00,2012-12-22 04:55:00+00:00,0.0,26000.0,"POLYGON ((-126.1617134715701 44.56072417561365, -125.03909260974524 43.86994085012927, -125.1652788497918 42.45788775602732, -126.29375684550594 42.18119276406982, -126.1617134715701 44.56072417561365))"
HOTEL 1,2012-12-22 05:15:00+00:00,2012-12-22 09:15:00+00:00,0.0,50000.0,"POLYGON ((-117.28554582189746 7.47673008290749, -125.58554582189745 9.62673008290749, -125.31445417810255 10.67326991709251, -117.01445417810255 8.52326991709251, -117.28554582189746 7.47673008290749))"
4W,2012-12-22 05:55:00+00:00,2012-12-22 07:55:00+00:00,0.0,27000.0,"POLYGON ((-123.88857406717538 40.69240431422669, -124.16137259968741 38.69275504311416, -125.10779804557986 36.13970177814971, -123.69404736142484 40.64593539181786, -124.15787394957275 38.704279473091916, -125.29532745110107 36.20921956051405, -124.34890200520863 38.762272825478505, -124.3524006553233 38.75074839550075, -123.88857406717538 40.69240431422669))"
5W,2012-12-22 06:55:00+00:00,2012-12-22 08:55:00+00:00,0.0,27000.0,"POLYGON ((-123.71130238042527 40.22060185791259, -123.93099818918934 38.41613525643782, -124.96906601659586 36.25162866877293, -123.51657378631553 40.17498634918967, -123.92380074296315 38.436570293517704, -125.14939971825322 36.33811425165562, -124.1113318908467 38.50262083932051, -124.11852933707289 38.48218580224062, -123.71130238042527 40.22060185791259))"
6W,2012-12-22 06:55:00+00:00,2012-12-22 08:55:00+00:00,0.0,26000.0,"POLYGON ((-124.68644926903032 43.673950031783406, -124.48950294160774 43.63913417167973, -124.91394204936852 41.238167392773036, -125.1108883767911 41.27298325287671, -124.68644926903032 43.673950031783406))"
7W,2012-12-22 07:55:00+00:00,2012-12-22 09:55:00+00:00,0.0,28000.0,"POLYGON ((-123.36273842679594 39.58651788424175, -123.17726157320405 39.51169585017659, -124.24819535053719 36.85695076195758, -124.43367220412908 36.93177279602274, -123.36273842679594 39.58651788424175))"
8W,2012-12-22 07:55:00+00:00,2012-12-22 09:55:00+00:00,0.0,25000.0,"POLYGON ((-124.29008669980111 43.42748266604722, -124.09316419197567 43.39253233111692, -124.47043573748697 41.26685144647204, -124.6673582453124 41.30180178140234, -124.29008669980111 43.42748266604722))"
9W,2012-12-22 08:55:00+00:00,2012-12-22 10:55:00+00:00,0.0,29000.0,"POLYGON ((-123.28661253538866 39.21929232317178, -123.0890662567979 39.18805984304385, -123.48577618532498 36.67885885293526, -123.68332246391573 36.71009133306318, -123.28661253538866 39.21929232317178))"
10W,2012-12-22 08:55:00+00:00,2012-12-22 10:55:00+00:00,0.0,25000.0,"POLYGON ((-124.55464230800644 41.439994044126784, -124.53454992245496 40.544202508877895, -124.7344996320344 40.53971768568221, -124.75459201758588 41.4355092209311, -124.55464230800644 41.439994044126784))"
HOTEL 2,2012-12-22 09:00:00+00:00,2012-12-22 13:00:00+00:00,0.0,50000.0,"POLYGON ((-117.30302951150554 7.481573491634314, -125.60302951150554 9.931573491634312, -125.29697048849447 10.968426508365686, -116.99697048849447 8.518426508365687, -117.30302951150554 7.481573491634314))"
11W,2012-12-22 09:55:00+00:00,2012-12-22 11:55:00+00:00,0.0,29000.0,"POLYGON ((-122.7247131783601 39.07094530806172, -122.52993832380037 39.02552773402669, -122.89729960661442 37.4500860255857, -123.09207446117416 37.495503599620726, -122.7247131783601 39.07094530806172))"
12W,2012-12-22 10:55:00+00:00,2012-12-22 12:55:00+00:00,0.0,27000.0,"POLYGON ((-122.43267258617462 38.723387266330015, -122.24275698013781 38.66068110567833, -122.71625922861539 37.22660404618645, -122.90617483465219 37.28931020683814, -122.43267258617462 38.723387266330015))"
13W,2012-12-22 10:55:00+00:00,2012-12-22 12:55:00+00:00,0.0,27000.0,"POLYGON ((-123.92182406425142 40.81702476775809, -123.72603073113093 40.77622071519502, -124.15724063588777 38.707111908014795, -124.35303396900827 38.74791596057787, -123.92182406425142 40.81702476775809))"
ALFA 1,2012-12-22 11:00:00+00:00,2012-12-22 15:00:00+00:00,0.0,45000.0,"POLYGON ((-172.45 34.15, -169.15 33.3, -173 30.15, -175.3 30.15, -172.45 34.15))"
14W,2012-12-22 11:55:00+00:00,2012-12-22 13:55:00+00:00,0.0,29000.0,"POLYGON ((-121.63843544501069 39.152157426021766, -121.46156455498931 39.05879421986939, -122.75585141049284 36.606846846701224, -122.93272230051421 36.7002100528536, -121.63843544501069 39.152157426021766))"
15W,2012-12-22 11:55:00+00:00,2012-12-22 13:55:00+00:00,0.0,27000.0,"POLYGON ((-123.51470000103215 40.21011494012283, -123.3340159996754 38.75479705651148, -123.5324921643519 38.730155383368086, -123.71317616570865 40.185473266979436, -123.51470000103215 40.21011494012283))"
HOTEL 3,2012-12-22 12:45:00+00:00,2012-12-22 16:45:00+00:00,0.0,50000.0,"POLYGON ((-118.48843803182044 6.652819607837921, -123.78843803182043 10.652819607837921, -122.81156196817956 11.94718039216208, -117.51156196817956 7.947180392162078, -118.48843803182044 6.652819607837921))"
ALFA 2,2012-12-22 14:45:00+00:00,2012-12-22 18:45:00+00:00,0.0,42000.0,"POLYGON ((-169.45 36.3, -163.45 35.45, -169.45 31.45, -173.15 33, -169.45 36.3))"
ALFA 3,2012-12-22 18:40:00+00:00,2012-12-22 22:40:00+00:00,0.0,40000.0,"POLYGON ((-167.15 36.45, -163.15 36, -167.45 31.15, -172 31.3, -167.15 36.45))"
SIERRA 1,2012-12-22 20:48:00+00:00,2012-12-23 00:49:00+00:00,0.0,42000.0,"POLYGON ((-174.3 30, -170 29, -177 23.3, -175.3 29, -174.3 30))"
SIERRA 2,2012-12-23 00:20:00+00:00,2012-12-23 04:20:00+00:00,0.0,40000.0,"POLYGON ((-173.3 30, -169.3 29.3, -173 25.3, -176 24, -173.3 30))"
ALFA 1,2012-12-23 01:15:00+00:00,2012-12-23 05:15:00+00:00,24000.0,34000.0,"POLYGON ((-69.3 34.3, -66.45 34.15, -69 30.3, -72 28.45, -74.15 29.15, -71.3 31.45, -69.3 34.3))"
TANGO 1,2012-12-23 02:55:00+00:00,2012-12-23 06:55:00+00:00,0.0,55000.0,"POLYGON ((143.3 11, 136 4.3, 134.3 7.3, 140 11, 143.3 11))"
SIERRA 3,2012-12-23 03:01:00+00:00,2012-12-23 07:01:00+00:00,0.0,40000.0,"POLYGON ((-172.3 30, -168.3 30, -174 24, -175 25, -172.3 30))"
TANGO 2,2012-12-23 06:48:00+00:00,2012-12-23 10:50:00+00:00,0.0,59000.0,"POLYGON ((137.3 12, 141.2 11.5, 135.1 8, 133.4 8.3, 137.3 12))"
UNIFORM 1,2012-12-23 10:03:00+00:00,2012-12-23 14:05:00+00:00,0.0,57000.0,"POLYGON ((178.2 10.4, 179.5 9.4, 177.4 5.3, 176.5 6.4, 178.2 10.4))"
BRAVO 1,2012-12-23 10:15:00+00:00,2012-12-23 14:15:00+00:00,0.0,50000.0,"POLYGON ((-120.3 12, -122.3 7.45, -125.15 7.45, -124.45 11.45, -120.3 12))"
UNIFORM 2,2012-12-23 13:34:00+00:00,2012-12-23 17:35:00+00:00,0.0,58000.0,"POLYGON ((178.2 11.2, 176.1 5.5, 177.1 4.4, -179.4 9.5, 178.2 11.2))"
BRAVO 2,2012-12-23 14:10:00+00:00,2012-12-23 18:10:00+00:00,0.0,48000.0,"POLYGON ((-121 13, -123 7.45, -125.15 7.45, -124.3 13, -121 13))"
UNIFORM 3,2012-12-23 15:15:00+00:00,2012-12-23 19:15:00+00:00,0.0,58000.0,"POLYGON ((178.2 11.1, -179.3 10.1, 178.1 5, 176.1 5, 178.2 11.1))"
VICTOR 1,2012-12-23 16:33:00+00:00,2012-12-23 20:33:00+00:00,0.0,58000.0,"POLYGON ((130 10.3, 136 10.3, 134.3 5.3, 130 8, 130 10.3))"
UNIFORM 4,2012-12-23 19:11:00+00:00,2012-12-23 23:11:00+00:00,0.0,55000.0,"POLYGON ((178 11, -178.3 8.3, 178.3 4.3, 175 4.3, 178 11))"
VICTOR 2,2012-12-23 20:25:00+00:00,2012-12-24 00:25:00+00:00,0.0,58000.0,"POLYGON ((131 12.3, 136 11, 134 6.3, 129 9, 131 12.3))"
VICTOR 3,2012-12-24 00:07:00+00:00,2012-12-24 04:07:00+00:00,0.0,50000.0,"POLYGON ((132 13.3, 136.3 10, 130.3 7, 129.3 12, 132 13.3))"
VICTOR 4,2012-12-24 03:05:00+00:00,2012-12-24 07:05:00+00:00,0.0,52000.0,"POLYGON ((131 14, 139 9.3, 136.3 8.3, 130 9, 131 14))"
1C,2012-12-24 05:55:00+00:00,2012-12-24 07:55:00+00:00,0.0,30000.0,"POLYGON ((-87.99453494070968 33.54435201870621, -89.13721263455476 31.51785061560815, -92.8810508360463 30.046786894480192, -87.82855371878114 33.43277140225735, -89.09079307865197 31.55513317094604, -92.95419294616927 30.23293262160483, -89.21035474467773 31.70399634273279, -89.25677430058052 31.6667137873949, -87.99453494070968 33.54435201870621))"
VICTOR 5,2012-12-24 06:07:00+00:00,2012-12-24 10:10:00+00:00,0.0,55000.0,"POLYGON ((130 16, 143.3 7.5, 139.4 5.2, 135.1 9.1, 129.5 8.4, 130 14.2, 130 16))"
2C,2012-12-24 08:55:00+00:00,2012-12-24 10:55:00+00:00,0.0,30000.0,"POLYGON ((-88.0656003938633 30.114848192734076, -88.36 29.232679398372472, -91.15234888172321 28.793887402199687, -90 29.85, -88.0656003938633 30.114848192734076))"
3C,2012-12-24 08:55:00+00:00,2012-12-24 10:55:00+00:00,0.0,30000.0,"POLYGON ((-86.97047136811534 35.90436769261744, -86.91428885410875 35.179210967045584, -89.4086900535937 34.54809648938937, -89.69187451501352 35.25494108293, -86.97047136811534 35.90436769261744))"
VICTOR 6,2012-12-24 09:20:00+00:00,2012-12-24 13:20:00+00:00,0.0,52000.0,"POLYGON ((130 15.5, 136.5 15.4, 135.4 8.4, 130 9, 130 15.5))"
4C,2012-12-24 09:55:00+00:00,2012-12-24 11:55:00+00:00,0.0,31000.0,"POLYGON ((-89.23274316537395 29.847782253663137, -87.84720056099208 29.653057515835197, -89.04765111827678 28.793887402199687, -90.24540738495882 28.872511729238095, -89.23274316537395 29.847782253663137))"
5C,2012-12-24 09:55:00+00:00,2012-12-24 11:55:00+00:00,0.0,30000.0,"POLYGON ((-86.97047136811534 35.90436769261744, -86.91428885410875 35.179210967045584, -88.70424700802923 34.70397707784831, -88.93019887534665 35.25084275645092, -86.97047136811534 35.90436769261744))"
6C,2012-12-24 09:55:00+00:00,2012-12-24 11:55:00+00:00,0.0,28000.0,"POLYGON ((-88.51 33.15726208852722, -88.36 31.561844778681962, -91.56370025775617 30.72499543629099, -90.30968360274686 32.62756346399347, -88.51 33.15726208852722))"
7C,2012-12-24 10:55:00+00:00,2012-12-24 12:55:00+00:00,0.0,32000.0,"POLYGON ((-88.36 30.230893132790825, -87.26573242780971 29.59904276773545, -90.1 28.181786265581643, -90.53366277448461 28.25707270258019, -88.36 30.230893132790825))"
8C,2012-12-24 10:55:00+00:00,2012-12-24 12:55:00+00:00,0.0,30000.0,"POLYGON ((-87.49 34.377262088527225, -87.05373176885418 31.597988300097793, -89.98532779361153 31.064426437582185, -88.51 34.15547582294558, -87.49 34.377262088527225))"
9C,2012-12-24 10:55:00+00:00,2012-12-24 12:55:00+00:00,0.0,30000.0,"POLYGON ((-86.9151321517021 35.67865509373724, -86.91428885410875 35.179210967045584, -88.05223069254924 34.89970959924097, -88.35605666873525 35.41278806580085, -86.9151321517021 35.67865509373724))"
1E,2012-12-24 11:55:00+00:00,2012-12-24 13:55:00+00:00,0.0,30000.0,"POLYGON ((-86.24494188853008 35.78629015129647, -86.16496418793277 34.95577823107879, -87.33452254349498 35.01731111553729, -87.40294631435376 35.54961863172338, -86.24494188853008 35.78629015129647))"
10C,2012-12-24 11:55:00+00:00,2012-12-24 13:55:00+00:00,0.0,35000.0,"POLYGON ((-87.81522181644986 30.258299661579724, -86.68 29.33267939837246, -89.16428373187601 28.35326538449789, -90.53366277448461 28.25707270258019, -87.81522181644986 30.258299661579724))"
11C,2012-12-24 11:55:00+00:00,2012-12-24 13:55:00+00:00,0.0,32000.0,"POLYGON ((-87.04116046382899 33.5522791228222, -87.106593793031 32.21756446569643, -89.25701726296049 31.045249547713563, -89.10363058882231 32.99445608570187, -87.04116046382899 33.5522791228222))"
VICTOR 7,2012-12-24 12:19:00+00:00,2012-12-24 16:20:00+00:00,0.0,56000.0,"POLYGON ((129.3 16.2, 135.5 16, 134.5 8, 128.5 9.1, 129.3 16.2))"
2E,2012-12-24 12:55:00+00:00,2012-12-24 14:55:00+00:00,0.0,36000.0,"POLYGON ((-86.95333077212157 30.59443181186036, -86.68 29.499048354108847, -88.76774177202475 27.997007400801074, -90.1 28.181786265581643, -86.95333077212157 30.59443181186036))"
3E,2012-12-24 12:55:00+00:00,2012-12-24 14:55:00+00:00,0.0,33000.0,"POLYGON ((-85.00826235240366 34.099264778247814, -86.38150247329128 31.44447747954094, -90.2212419157373 30.310930216173375, -88.35785766438907 33.18249722053309, -85.00826235240366 34.099264778247814))"
4E,2012-12-24 13:55:00+00:00,2012-12-24 15:55:00+00:00,0.0,38000.0,"POLYGON ((-86.5011198016139 30.76621046740255, -85.43079153839311 29.45442529643398, -88.00314972877277 28.399676889285463, -89.66633722551538 28.25707270258019, -86.5011198016139 30.76621046740255))"
5E,2012-12-24 13:55:00+00:00,2012-12-24 15:55:00+00:00,0.0,33000.0,"POLYGON ((-84.44 34.461844778681964, -85.7666408155912 31.74823125693894, -89.32770451625778 30.726410429325952, -87.63656013942676 33.41314735839786, -84.44 34.461844778681964))"
6E,2012-12-24 14:55:00+00:00,2012-12-24 16:55:00+00:00,0.0,30000.0,"POLYGON ((-85.9050243199111 30.827693507021543, -84.70594675799578 30.272184121928948, -87.27441384416248 28.419908235051366, -88.69861320022164 28.6633742230678, -85.9050243199111 30.827693507021543))"
7E,2012-12-24 14:55:00+00:00,2012-12-24 16:55:00+00:00,0.0,37000.0,"POLYGON ((-85.55251509587524 34.00702466190276, -83.88496854811909 33.819760926903065, -84.83285059182455 31.849851312657627, -87.82462426596634 30.53790127796301, -88.71715337435619 30.602177732314168, -85.55251509587524 34.00702466190276))"
8E,2012-12-24 15:55:00+00:00,2012-12-24 17:55:00+00:00,0.0,37000.0,"POLYGON ((-83.70471754512607 34.699330999229666, -82.58252431859174 33.356358165210715, -86.68 30.83, -87.6714953229023 31.316386786392243, -83.70471754512607 34.699330999229666))"
12C,2012-12-24 15:55:00+00:00,2012-12-24 17:55:00+00:00,0.0,30000.0,"POLYGON ((-87.6307966136423 29.190912175467794, -86.68 28.500834619690497, -88.37381700437122 27.639619376697883, -89.66633722551538 28.25707270258019, -87.6307966136423 29.190912175467794))"
VICTOR 8,2012-12-24 16:19:00+00:00,2012-12-24 20:20:00+00:00,0.0,56000.0,"POLYGON ((128.21 13.43, 131.4 13.14, 133.16 8.46, 128.19 9.09, 128.21 13.43))"
9E,2012-12-24 16:55:00+00:00,2012-12-24 18:55:00+00:00,0.0,38000.0,"POLYGON ((-83.70471754512607 34.699330999229666, -82.58252431859174 33.356358165210715, -86.68 30.83, -87.6714953229023 31.316386786392243, -83.70471754512607 34.699330999229666))"
13C,2012-12-24 16:55:00+00:00,2012-12-24 18:55:00+00:00,0.0,35000.0,"POLYGON ((-87.6307966136423 29.190912175467794, -86.68 28.500834619690497, -88.37381700437122 27.639619376697883, -89.66633722551538 28.25707270258019, -87.6307966136423 29.190912175467794))"
10E,2012-12-24 17:55:00+00:00,2012-12-24 19:55:00+00:00,0.0,37000.0,"POLYGON ((-83.15995371187611 33.70597143669105, -82.16000000000001 32.87815522131804, -85.96590365845428 30.57337477620931, -86.60573715557297 30.983683695845393, -83.15995371187611 33.70597143669105))"
14C,2012-12-24 17:55:00+00:00,2012-12-24 19:55:00+00:00,0.0,35000.0,"POLYGON ((-87.19331025105335 29.75305350671482, -86.68 28.999941486899676, -89.03180928940711 28.23463979765442, -90.7698769915354 28.590130739400426, -87.19331025105335 29.75305350671482))"
15C,2012-12-24 18:55:00+00:00,2012-12-24 20:55:00+00:00,0.0,35000.0,"POLYGON ((-86.68 29.998155221318033, -86.68 28.500834619690497, -89.16428373187601 28.35326538449789, -89.74834382435752 29.052207378927378, -86.68 29.998155221318033))"
11E,2012-12-24 18:55:00+00:00,2012-12-24 20:55:00+00:00,0.0,35000.0,"POLYGON ((-83.65000000000002 32.35726208852721, -82.6482055444383 31.657566315973035, -85.50729061490058 30.394898643962318, -86.14193492629597 31.019888235875367, -83.65000000000002 32.35726208852721))"
12E,2012-12-24 19:55:00+00:00,2012-12-24 21:55:00+00:00,0.0,35000.0,"POLYGON ((-86.23933479413192 29.907024684205624, -85.73542997423891 28.828408371394563, -87.48760964470245 28.882623084753575, -87.77484681867278 29.499047987964754, -86.23933479413192 29.907024684205624))"
13E,2012-12-24 20:55:00+00:00,2012-12-24 22:55:00+00:00,0.0,33000.0,"POLYGON ((-76.46471044237626 33.165535224984644, -75.91327822438343 32.68738613299373, -77.32395241270709 31.905583005762985, -78.04244026577516 32.173763670293084, -76.46471044237626 33.165535224984644))"
14E,2012-12-24 21:55:00+00:00,2012-12-24 23:55:00+00:00,0.0,33000.0,"POLYGON ((-72.67399383088501 36.208824888541756, -72.61449218536606 34.997111206835285, -77.9792078756522 31.108432486859222, -78.22272011451275 32.24017317440624, -72.67399383088501 36.208824888541756))"
15E,2012-12-24 22:55:00+00:00,2012-12-25 00:55:00+00:00,0.0,35000.0,"POLYGON ((-72.67399383088501 36.208824888541756, -72.61449218536606 34.997111206835285, -76.81696033297256 32.19359480289175, -77.17672267238457 30.38677481867236, -78.22272011451275 32.24017317440624, -72.67399383088501 36.208824888541756))"
16E,2012-12-24 23:55:00+00:00,2012-12-25 01:55:00+00:00,0.0,36000.0,"POLYGON ((-72.03821629078105 37.15243393012763, -72.61449218536606 34.997111206835285, -76.05057862301025 32.80714986095124, -77.17672267238457 30.38677481867236, -77.87 32.85267939837247, -72.03821629078105 37.15243393012763))"
BRAVO 1,2012-12-24 23:55:00+00:00,2012-12-25 03:55:00+00:00,0.0,37000.0,"POLYGON ((-71 37.3, -71.15 34.45, -77 30.15, -77 33, -72.3 37.3, -71 37.3))"
1E,2012-12-25 00:55:00+00:00,2012-12-25 02:55:00+00:00,0.0,35000.0,"POLYGON ((-72.29367851262718 37.07291905053202, -72.61449218536606 34.997111206835285, -76.05057862301025 32.80714986095124, -77.04413479468433 30.266023031357665, -78.7939420029141 31.825042268081663, -72.29367851262718 37.07291905053202))"
2E,2012-12-25 01:55:00+00:00,2012-12-25 03:55:00+00:00,0.0,35000.0,"POLYGON ((-72.29367851262718 37.07291905053202, -72.61449218536606 34.997111206835285, -76.05057862301025 32.80714986095124, -77.17672267238457 30.38677481867236, -78.7939420029141 31.825042268081663, -72.29367851262718 37.07291905053202))"
BRAVO 2,2012-12-25 02:15:00+00:00,2012-12-25 06:15:00+00:00,0.0,36000.0,"POLYGON ((-72 38, -67.45 35.3, -77 30.15, -77 33, -72 38))"
3E,2012-12-25 02:55:00+00:00,2012-12-25 04:55:00+00:00,0.0,35000.0,"POLYGON ((-72.29367851262718 37.07291905053202, -72.61449218536606 34.997111206835285, -77.84462178688962 30.988500832891024, -77.26191260735983 33.11885193382826, -72.29367851262718 37.07291905053202))"
4E,2012-12-25 03:55:00+00:00,2012-12-25 05:55:00+00:00,0.0,35000.0,"POLYGON ((-72.29367851262718 37.07291905053202, -72.61449218536606 34.997111206835285, -76.96628630468636 31.769981500275684, -75.8551517234846 34.333495027530304, -72.29367851262718 37.07291905053202))"
BRAVO 3,2012-12-25 04:20:00+00:00,2012-12-25 08:20:00+00:00,0.0,36000.0,"POLYGON ((-68.15 38.45, -67 35.3, -74 31.3, -77 31.3, -72.3 37.3, -68.15 38.45))"
5E,2012-12-25 04:55:00+00:00,2012-12-25 06:55:00+00:00,0.0,35000.0,"POLYGON ((-72.29367851262718 37.07291905053202, -72.61449218536606 34.997111206835285, -73.7612320341291 34.23553982536499, -74.28936930317946 35.60841081246331, -72.29367851262718 37.07291905053202))"
1C,2012-12-25 06:55:00+00:00,2012-12-25 08:55:00+00:00,0.0,43000.0,"POLYGON ((-96.2061238686462 30.36946658079218, -94.43200643076926 29.732838269565654, -94.46831895944239 29.738682660549685, -92.89269988168144 29.77867005638725, -94.4995573524998 29.544591429025488, -96.27367479037675 30.181219740252015, -92.88762574606574 29.57873443387902, -94.46324482382668 29.538747038041457, -96.2061238686462 30.36946658079218))"
2C,2012-12-25 07:55:00+00:00,2012-12-25 09:55:00+00:00,0.0,45000.0,"POLYGON ((-94.57071281542481 31.46732365748213, -92.22419422492321 29.818693376637544, -94.28961956858002 29.57375484141141, -96.27712857600388 30.819691075850102, -94.57071281542481 31.46732365748213))"
3C,2012-12-25 07:55:00+00:00,2012-12-25 09:55:00+00:00,0.0,40000.0,"POLYGON ((-96.88628549121216 33.974391913160964, -96.12827208388839 32.54835770245518, -97.64713192748255 32.427970482899816, -98.13418954798071 33.06692806077203, -96.88628549121216 33.974391913160964))"
BRAVO 4,2012-12-25 08:15:00+00:00,2012-12-25 12:15:00+00:00,0.0,40000.0,"POLYGON ((-70.45 35.3, -67.3 35.3, -71.3 31.15, -75 31.15, -70.45 35.3))"
4C,2012-12-25 08:55:00+00:00,2012-12-25 10:55:00+00:00,0.0,45000.0,"POLYGON ((-94.55291349477322 32.41984659497573, -91.34368771493612 31.67745238013773, -92.14813132561663 30.136494069969416, -92.96321595955078 29.83250860861931, -95.88646819119171 31.15474239179492, -94.55291349477322 32.41984659497573))"
5C,2012-12-25 08:55:00+00:00,2012-12-25 10:55:00+00:00,0.0,38000.0,"POLYGON ((-96.6136773314642 34.017743509894764, -95.0676369076764 33.50600182421121, -95.83787866791457 32.03332276963507, -97.2228714565373 32.80620030559476, -96.6136773314642 34.017743509894764))"
6C,2012-12-25 09:55:00+00:00,2012-12-25 11:55:00+00:00,0.0,45000.0,"POLYGON ((-94.75 32.91910686720917, -91.34368771493612 31.67745238013773, -90.26 30.800893132790822, -92.72524487579734 30.139439034548282, -95.99988665896187 32.099380884246195, -94.75 32.91910686720917))"
7C,2012-12-25 09:55:00+00:00,2012-12-25 11:55:00+00:00,0.0,42000.0,"POLYGON ((-96.36531305069676 34.20737266021801, -94.80954859806074 33.762471068875364, -94.8052086053976 33.25316055484376, -96.2476913484298 32.86750276830183, -96.36531305069676 34.20737266021801))"
CHARLIE 1,2012-12-25 10:30:00+00:00,2012-12-25 14:30:00+00:00,0.0,50000.0,"POLYGON ((-127 11, -125.15 7.3, -135.3 7, -135.3 8, -127 11))"
8C,2012-12-25 10:55:00+00:00,2012-12-25 12:55:00+00:00,0.0,42000.0,"POLYGON ((-95.78000000000002 35.0163689557364, -89.675885022439 31.298678281230448, -89.82289715498293 29.786215195833986, -94.00345373263033 30.903349058535504, -96.33498721907586 33.45622861203412, -95.78000000000002 35.0163689557364))"
9C,2012-12-25 10:55:00+00:00,2012-12-25 12:55:00+00:00,0.0,41000.0,"POLYGON ((-97.77352069931364 34.20852210402597, -96.33498721907586 33.45622861203412, -97.08954468657026 31.59620638684762, -98.63812988324219 31.65270216974135, -98.57824988205884 32.91917757755634, -97.77352069931364 34.20852210402597))"
10C,2012-12-25 10:55:00+00:00,2012-12-25 12:55:00+00:00,0.0,41000.0,"POLYGON ((-98.7267685262344 32.56105128023159, -98.62671245129869 32.387878586458974, -100.75952309663832 31.155578868155924, -100.85957917157403 31.32875156192853, -98.7267685262344 32.56105128023159))"
11C,2012-12-25 11:55:00+00:00,2012-12-25 13:55:00+00:00,0.0,40000.0,"POLYGON ((-94.27 34.55815522131803, -89.21627609184246 32.0263937913383, -88.63304941424472 30.4944329485803, -92.43385434104938 29.55006451683722, -95.79337126779116 30.773546836606535, -94.27 34.55815522131803))"
12C,2012-12-25 11:55:00+00:00,2012-12-25 13:55:00+00:00,0.0,43000.0,"POLYGON ((-97.17 34.37636895573639, -94.6242549929556 33.69976654940333, -95.44230764160324 31.82990200716841, -100.04296722372968 31.06092458133462, -100.64485149539478 31.369852736129026, -97.17 34.37636895573639))"
13C,2012-12-25 12:55:00+00:00,2012-12-25 14:55:00+00:00,0.0,43000.0,"POLYGON ((-90.05226439129581 32.99867694333922, -87.98666848660484 31.49799042518937, -87.82462426596634 30.53790127796301, -93.47527586187198 29.37097004870952, -92.79988211775628 31.8744716170871, -90.05226439129581 32.99867694333922))"
14C,2012-12-25 12:55:00+00:00,2012-12-25 14:55:00+00:00,0.0,44000.0,"POLYGON ((-94.8438734374506 34.918078013398485, -90.05226439129581 32.99867694333922, -96.06146486666356 30.212755377217896, -100.37531115631897 31.523683239662162, -94.8438734374506 34.918078013398485))"
15C,2012-12-25 13:55:00+00:00,2012-12-25 15:55:00+00:00,0.0,45000.0,"POLYGON ((-95.78000000000002 34.51726208852722, -92.02572922923206 34.372492966763645, -92.04 32.52, -96.75861590814 30.37773447881275, -99.49507320044479 32.60680696138301, -95.78000000000002 34.51726208852722))"
16C,2012-12-25 13:55:00+00:00,2012-12-25 15:55:00+00:00,0.0,45000.0,"POLYGON ((-90.28 33.46, -87.106593793031 32.21756446569643, -86.40666922787842 30.59443181186036, -91.94675343382102 31.72937823056986, -90.28 33.46))"
17C,2012-12-25 13:55:00+00:00,2012-12-25 15:55:00+00:00,0.0,45000.0,"POLYGON ((-91.59792160603413 31.57518423005951, -90.26 31.3, -91.83345496460608 30.01831048375877, -92.75498991222597 30.01218912597088, -91.59792160603413 31.57518423005951))"
18C,2012-12-25 14:55:00+00:00,2012-12-25 16:55:00+00:00,0.0,45000.0,"POLYGON ((-93.8831814328102 34.62085722434349, -91.65919404740981 33.2879516723136, -95.13089695921627 30.806425572097226, -96.98189372496591 30.849418872141715, -97.95829739608767 33.18498112909956, -93.8831814328102 34.62085722434349))"
19C,2012-12-25 14:55:00+00:00,2012-12-25 16:55:00+00:00,0.0,45000.0,"POLYGON ((-90.47941813005426 33.45984036974683, -87.01981198420354 32.80627745496408, -86.0987641671142 30.82870258450018, -88.73333151339516 31.49799042518937, -91.46825362433238 30.426212118609058, -90.47941813005426 33.45984036974683))"
20C,2012-12-25 15:55:00+00:00,2012-12-25 17:55:00+00:00,0.0,45000.0,"POLYGON ((-92.55324690441378 34.55209759638482, -86.09307815150527 32.68091209891812, -84.89822060700128 30.869417956824673, -95.52729800448624 29.896214669760766, -97.26860022383958 33.330906963436576, -92.55324690441378 34.55209759638482))"
21C,2012-12-25 16:55:00+00:00,2012-12-25 18:55:00+00:00,0.0,42000.0,"POLYGON ((-93.8831814328102 34.62085722434349, -85.3501628122811 32.932280991152325, -84.70306198905014 31.30641264694936, -92.13989614926606 31.386831377906535, -96.47674616855943 33.33930182712991, -93.8831814328102 34.62085722434349))"
22C,2012-12-25 16:55:00+00:00,2012-12-25 18:55:00+00:00,0.0,45000.0,"POLYGON ((-93.5178375711149 32.056389006698154, -93.35143263517053 31.94544128345271, -95.26679753202781 29.072681359695316, -95.43320246797218 29.18362908294076, -93.5178375711149 32.056389006698154))"
23C,2012-12-25 17:55:00+00:00,2012-12-25 19:55:00+00:00,0.0,30000.0,"POLYGON ((-88.51 34.15547582294558, -85.21 33.382737911472795, -84.0945428491913 31.65985105393622, -90.17 32.3436310442636, -90.28 33.46, -88.51 34.15547582294558))"
24C,2012-12-25 17:55:00+00:00,2012-12-25 19:55:00+00:00,0.0,38000.0,"POLYGON ((-92.38231070388889 34.67983287365655, -90.17 32.3436310442636, -92.11075311608029 31.259413488542222, -95.26714806626936 33.504242729874754, -92.38231070388889 34.67983287365655))"
25C,2012-12-25 17:55:00+00:00,2012-12-25 19:55:00+00:00,0.0,45000.0,"POLYGON ((-93.27822831784647 31.897717842243136, -93.10663379060483 31.794978763890658, -94.58925583356701 29.318707488930276, -94.76085036080865 29.421446567282754, -93.27822831784647 31.897717842243136))"
27C,2012-12-25 18:55:00+00:00,2012-12-25 20:55:00+00:00,0.0,33000.0,"POLYGON ((-93.98223109754515 35.15437724078143, -92.18 34.84636895573639, -90.17 32.3436310442636, -91.91613269755433 31.258680358981128, -94.99511292242823 33.82489832260137, -93.98223109754515 35.15437724078143))"
26C,2012-12-25 18:55:00+00:00,2012-12-25 20:55:00+00:00,0.0,30000.0,"POLYGON ((-87.06249919976571 34.35633065528978, -84.84271772645945 33.17679532557141, -84.29 31.66, -90.24536854774752 32.356272653220984, -91.0776578338752 33.45744597813521, -87.06249919976571 34.35633065528978))"
28C,2012-12-25 18:55:00+00:00,2012-12-25 20:55:00+00:00,0.0,45000.0,"POLYGON ((-92.42923639479041 31.62903973373322, -92.27186951150465 31.505606901614183, -94.61889957365743 28.51333329403152, -94.77626645694319 28.636766126150555, -92.42923639479041 31.62903973373322))"
6E,2012-12-25 18:55:00+00:00,2012-12-25 20:55:00+00:00,0.0,33000.0,"POLYGON ((-84.49809797611508 30.707326216639554, -83.45606694825167 30.715289850329363, -84.35 29.568155221318033, -85.2968089984912 29.573100777403145, -84.49809797611508 30.707326216639554))"
29C,2012-12-25 19:55:00+00:00,2012-12-25 21:55:00+00:00,0.0,30000.0,"POLYGON ((-92.18 35.17910686720918, -90.42120179798627 33.577560610256896, -91.62308545374576 32.166390090680345, -93.33101463122763 35.068029229266116, -92.18 35.17910686720918))"
30C,2012-12-25 19:55:00+00:00,2012-12-25 21:55:00+00:00,0.0,45000.0,"POLYGON ((-90.46437383526194 33.523530213434526, -89.42812237851928 33.16827865924812, -90.13579526712327 29.96757114609794, -93.97750880328364 28.292691090479412, -94.56734362335169 28.112163378606606, -90.46437383526194 33.523530213434526))"
7E,2012-12-25 19:55:00+00:00,2012-12-25 21:55:00+00:00,0.0,40000.0,"POLYGON ((-83.74937657068881 31.467860282199958, -82.36108508410653 31.232503948185368, -83.05 30.431844778681963, -84.735775479056 30.39943315675927, -83.74937657068881 31.467860282199958))"
CHARLIE 1,2012-12-25 20:30:00+00:00,2012-12-26 00:30:00+00:00,0.0,30000.0,"POLYGON ((-55.3 40, -60 37.3, -59 40, -55.3 40))"
8E,2012-12-25 20:55:00+00:00,2012-12-25 22:55:00+00:00,0.0,40000.0,"POLYGON ((-84.01287885792054 31.89498192102962, -82.11959029579982 31.5394070077945, -83.05 30.598213734418366, -84.89822060700128 30.869417956824673, -84.01287885792054 31.89498192102962))"
9E,2012-12-25 20:55:00+00:00,2012-12-25 22:55:00+00:00,0.0,37000.0,"POLYGON ((-86.32954002209064 30.937011139845673, -85.60226729481792 30.937011139845673, -85.60226729481792 30.209738412572946, -86.32954002209064 30.209738412572946, -86.32954002209064 30.937011139845673))"
31C,2012-12-25 20:55:00+00:00,2012-12-25 22:55:00+00:00,0.0,45000.0,"POLYGON ((-90.04982886053509 33.920902235234664, -86.9 33.67, -87.57796196908012 31.145237279696147, -92.19685027122722 28.399676889285463, -93.97750880328364 28.292691090479412, -90.04982886053509 33.920902235234664))"
32C,2012-12-25 20:55:00+00:00,2012-12-25 22:55:00+00:00,0.0,25000.0,"POLYGON ((-92.18 35.67821373441835, -90.95 35.27815522131805, -91.62056113678169 34.48772123099778, -92.55324690441378 34.55209759638482, -92.18 35.67821373441835))"
10E,2012-12-25 21:55:00+00:00,2012-12-25 23:55:00+00:00,0.0,37000.0,"POLYGON ((-82.53930437815256 32.94089476184316, -81.50304299310636 32.15939251784325, -82.8068634363989 30.924837411008745, -84.5657212264928 31.424422285093417, -82.53930437815256 32.94089476184316))"
33C,2012-12-25 21:55:00+00:00,2012-12-25 23:55:00+00:00,0.0,45000.0,"POLYGON ((-89.55090589158073 34.666321994215245, -86.51403025039139 34.437925929927665, -85.7666408155912 31.74823125693894, -88.89962923593602 28.11588683181027, -93.97750880328364 28.292691090479412, -89.55090589158073 34.666321994215245))"
34C,2012-12-25 22:55:00+00:00,2012-12-26 00:55:00+00:00,0.0,45000.0,"POLYGON ((-88.85915733942898 34.632840088027585, -86.27575299197076 34.70397707784831, -85.18980147557981 31.338508877722262, -88.63614510363612 27.87800241321844, -93.11 28.143572531163294, -88.85915733942898 34.632840088027585))"
1C,2012-12-26 00:10:00+00:00,2012-12-26 01:55:00+00:00,0.0,23000.0,"POLYGON ((-93.04573450558972 35.38279149165402, -92.33427077076796 34.372492966763645, -93.21646486679604 34.21292315909901, -93.83897199837985 35.03631157153431, -93.04573450558972 35.38279149165402))"
35C,2012-12-26 00:10:00+00:00,2012-12-26 01:55:00+00:00,0.0,45000.0,"POLYGON ((-87.67712262741483 34.77352364554988, -85.71132999506742 34.76770783890459, -85.31441910659896 30.39645733599175, -87.656721967682 28.266506879194484, -92.19685027122722 28.399676889285463, -87.67712262741483 34.77352364554988))"
2C,2012-12-26 00:55:00+00:00,2012-12-26 02:55:00+00:00,0.0,45000.0,"POLYGON ((-85.36641502134813 33.944882658822074, -84.86113196711594 29.3230706897234, -89.03180928940711 28.23463979765442, -91.43225822797524 27.997007400801074, -87.64093461279063 33.92245771569492, -85.36641502134813 33.944882658822074))"
3C,2012-12-26 00:55:00+00:00,2012-12-26 02:55:00+00:00,0.0,35000.0,"POLYGON ((-87.40294631435376 35.54961863172338, -85.4630986656228 35.57441874148439, -85.36641502134813 33.944882658822074, -87.64093461279063 33.92245771569492, -87.40294631435376 35.54961863172338))"
4C,2012-12-26 00:55:00+00:00,2012-12-26 02:55:00+00:00,0.0,24000.0,"POLYGON ((-92.64979561008604 35.601331230795736, -91.6726760212763 35.51962101892945, -91.8725873585287 34.064793788121676, -93.11095916581856 34.35812375537841, -93.83897199837985 35.03631157153431, -92.64979561008604 35.601331230795736))"
1E,2012-12-26 01:55:00+00:00,2012-12-26 03:55:00+00:00,0.0,37000.0,"POLYGON ((-78.93700344819342 33.26716295831988, -78.5209752779558 31.586746864214856, -80.14593503855053 31.332856137251873, -79.85682430954624 32.95353314540227, -78.93700344819342 33.26716295831988))"
6C,2012-12-26 02:08:00+00:00,2012-12-26 03:55:00+00:00,0.0,22000.0,"POLYGON ((-92.08597290199695 35.722628727619885, -91.26278797123997 35.49477284765312, -92.60734789973283 34.32633149005137, -93.55369237067372 34.79967778427974, -92.08597290199695 35.722628727619885))"
5C,2012-12-26 02:08:00+00:00,2012-12-26 03:55:00+00:00,0.0,45000.0,"POLYGON ((-86.47811248651783 34.70581733632313, -84.9952099668973 34.652491948389375, -85.02789656995888 29.81004636605923, -89.03180928940711 28.23463979765442, -91.03571626812398 28.35326538449789, -86.47811248651783 34.70581733632313))"
7C,2012-12-26 02:55:00+00:00,2012-12-26 04:55:00+00:00,0.0,22000.0,"POLYGON ((-91.71348640191444 36.36224755172515, -90.793000372768 35.802487692064524, -92.73943886321831 34.48772123099778, -93.6961265625494 34.918078013398485, -91.71348640191444 36.36224755172515))"
8C,2012-12-26 02:55:00+00:00,2012-12-26 04:55:00+00:00,0.0,45000.0,"POLYGON ((-87.04116046382899 33.5522791228222, -84.07101110355468 33.042219304193864, -85.80676761458878 28.98261148211376, -88.89962923593602 28.11588683181027, -90.1 28.348155221318038, -87.04116046382899 33.5522791228222))"
9C,2012-12-26 02:55:00+00:00,2012-12-26 04:55:00+00:00,0.0,36000.0,"POLYGON ((-86.91428885410875 35.179210967045584, -83.6744874380977 34.82676076472563, -84.07101110355468 33.042219304193864, -87.69959978699876 33.6674255783622, -86.91428885410875 35.179210967045584))"
2E,2012-12-26 02:55:00+00:00,2012-12-26 04:55:00+00:00,0.0,37000.0,"POLYGON ((-78.7178250997781 33.641227356518534, -77.68267016581326 32.040179807225364, -80.07781633330929 30.841531081602895, -79.76054928927873 32.654407851613115, -78.7178250997781 33.641227356518534))"
3E,2012-12-26 03:55:00+00:00,2012-12-26 05:55:00+00:00,0.0,38000.0,"POLYGON ((-77.56377482256872 33.73479851961093, -76.05057862301025 32.80714986095124, -78.5209752779558 31.586746864214856, -79.62137657444289 32.536380255278786, -77.56377482256872 33.73479851961093))"
10C,2012-12-26 03:55:00+00:00,2012-12-26 05:55:00+00:00,0.0,45000.0,"POLYGON ((-86.9 33.17089313279082, -83.65000000000002 33.02273791147278, -85.83086723396083 29.097599657211543, -88.37381700437122 27.639619376697883, -89.16428373187601 28.35326538449789, -86.9 33.17089313279082))"
11C,2012-12-26 03:55:00+00:00,2012-12-26 05:55:00+00:00,0.0,36000.0,"POLYGON ((-86.99290485450508 35.52477240044752, -83.3 34.8663689557364, -83.65000000000002 33.02273791147278, -87.77495958503097 33.23316220099817, -86.99290485450508 35.52477240044752))"
12C,2012-12-26 03:55:00+00:00,2012-12-26 05:55:00+00:00,0.0,25000.0,"POLYGON ((-90.63227640371761 36.72440131848143, -90.07769265044286 35.76294766395266, -92.58461977454819 34.679331498059085, -93.04560426444117 35.383823107915106, -90.63227640371761 36.72440131848143))"
13C,2012-12-26 04:55:00+00:00,2012-12-26 06:55:00+00:00,0.0,27000.0,"POLYGON ((-89.26325254141153 37.34771408685742, -88.1742547581263 36.396560812866305, -89.26687801589598 34.429706570272785, -92.98922648406473 34.67732604716009, -93.36010426525934 35.992927494591456, -89.26325254141153 37.34771408685742))"
4E,2012-12-26 04:55:00+00:00,2012-12-26 06:55:00+00:00,0.0,40000.0,"POLYGON ((-77.6399158708355 33.888669840789085, -76.18824930117962 32.92676335171022, -78.65728330880478 31.705967249332993, -79.30992859183051 32.63321123966971, -77.6399158708355 33.888669840789085))"
5E,2012-12-26 04:55:00+00:00,2012-12-26 06:55:00+00:00,0.0,45000.0,"POLYGON ((-83.34529456525038 33.304451717436464, -85.83086723396083 29.097599657211543, -87.48383353268672 28.199594628992333, -88.89962923593602 28.11588683181027, -85.94562435103832 33.30250918377004, -83.34529456525038 33.304451717436464))"
6E,2012-12-26 04:55:00+00:00,2012-12-26 06:55:00+00:00,0.0,35000.0,"POLYGON ((-85.64999020425351 36.13559036143849, -82.58252431859174 33.356358165210715, -87.95831287271236 33.297777165858435, -88.59813246043825 35.42962816985863, -85.64999020425351 36.13559036143849))"
7E,2012-12-26 05:55:00+00:00,2012-12-26 07:55:00+00:00,0.0,37000.0,"POLYGON ((-76.02243555084308 33.699426699793655, -76.32629249359711 33.046225507906435, -77.68267016581326 32.040179807225364, -77.87 33.019048354108854, -76.02243555084308 33.699426699793655))"
8E,2012-12-26 05:55:00+00:00,2012-12-26 07:55:00+00:00,0.0,44000.0,"POLYGON ((-85.36244722449273 33.35731710735726, -83.34529456525038 33.304451717436464, -84.75770828139191 30.046444963365285, -87.656721967682 28.266506879194484, -88.1766893803871 28.465932883794697, -85.36244722449273 33.35731710735726))"
9E,2012-12-26 05:55:00+00:00,2012-12-26 07:55:00+00:00,0.0,35000.0,"POLYGON ((-86.9722187610599 36.374926721293015, -84.71151350030557 35.89720252945267, -83.34529456525038 33.304451717436464, -85.36244722449273 33.35731710735726, -87.86338158143018 34.58209695959877, -86.9722187610599 36.374926721293015))"
10E,2012-12-26 05:55:00+00:00,2012-12-26 07:55:00+00:00,0.0,44000.0,"POLYGON ((-79.68578929285806 31.994773298651918, -79.49367936243993 31.939151588549297, -79.8016964367672 30.875301904542145, -79.99380636718533 30.930923614644765, -79.68578929285806 31.994773298651918))"
14C,2012-12-26 05:55:00+00:00,2012-12-26 07:55:00+00:00,0.0,31000.0,"POLYGON ((-89.45593390677304 37.412800292515804, -87.49 35.375475822945575, -91.24185628176748 34.994743677922806, -91.97961632213422 36.1055952070775, -89.45593390677304 37.412800292515804))"
11E,2012-12-26 06:55:00+00:00,2012-12-26 08:55:00+00:00,0.0,33000.0,"POLYGON ((-75.45232160042883 34.326234603038515, -75.47369288951381 33.49892397615319, -76.81696033297256 32.19359480289175, -77.33697775851961 33.27290691262983, -75.45232160042883 34.326234603038515))"
12E,2012-12-26 06:55:00+00:00,2012-12-26 08:55:00+00:00,0.0,44000.0,"POLYGON ((-84.80865678578284 33.50211960063937, -82.72260134695223 33.238160614364425, -83.34946255558243 32.07482178501174, -86.68 28.00172775248132, -87.656721967682 28.266506879194484, -84.80865678578284 33.50211960063937))"
13E,2012-12-26 06:55:00+00:00,2012-12-26 08:55:00+00:00,0.0,33000.0,"POLYGON ((-84.8425572950873 36.2145776418734, -82.5544786311274 34.4430612191985, -82.72260134695223 33.238160614364425, -84.80865678578284 33.50211960063937, -85.3817545276219 34.49866488673581, -84.8425572950873 36.2145776418734))"
14E,2012-12-26 06:55:00+00:00,2012-12-26 08:55:00+00:00,0.0,35000.0,"POLYGON ((-79.63925968715759 32.284377267777046, -79.50311795289282 30.866559662347033, -79.7022022570904 30.84744318196581, -79.83834399135517 32.26526078739582, -79.63925968715759 32.284377267777046))"
15C,2012-12-26 06:55:00+00:00,2012-12-26 08:55:00+00:00,0.0,33000.0,"POLYGON ((-84.99557039369539 37.90755102526464, -86.82336294942606 33.82368123504988, -91.14010114351493 36.04618315936905, -84.99557039369539 37.90755102526464))"
16C,2012-12-26 07:55:00+00:00,2012-12-26 09:55:00+00:00,0.0,32000.0,"POLYGON ((-85.15199982931661 38.666203929371676, -86.5300790091467 33.79678249590396, -90.23 37.004524177054435, -88.93527199690422 38.30616917082372, -85.15199982931661 38.666203929371676))"
15E,2012-12-26 07:55:00+00:00,2012-12-26 09:55:00+00:00,0.0,42000.0,"POLYGON ((-84.72180666958262 33.394398975966475, -82.16000000000001 33.21089313279082, -86.68 28.00172775248132, -87.31116183087472 28.13246539142291, -85.51755975092713 30.82481054163949, -84.72180666958262 33.394398975966475))"
16E,2012-12-26 07:55:00+00:00,2012-12-26 09:55:00+00:00,0.0,35000.0,"POLYGON ((-83.524182979504 36.55799405122124, -81.93 35.196368955736396, -82.16000000000001 33.21089313279082, -84.72180666958262 33.394398975966475, -85.15 35.62547582294558, -83.524182979504 36.55799405122124))"
17E,2012-12-26 07:55:00+00:00,2012-12-26 09:55:00+00:00,0.0,36000.0,"POLYGON ((-79.59804324803906 32.97831804445845, -78.68114737655995 32.383588591021145, -79.28400416640969 31.450583130315277, -79.68945814358878 32.80043235961665, -78.8108468308383 32.34891676152167, -79.45198817941667 31.559125156158135, -78.84913138956694 32.492130616863996, -78.71943193528858 32.52680244636347, -79.59804324803906 32.97831804445845))"
17C,2012-12-26 08:55:00+00:00,2012-12-26 10:55:00+00:00,0.0,32000.0,"POLYGON ((-85.34240149403729 39.018238407466264, -85.96198138875228 34.957298025751605, -90.23 37.004524177054435, -88.93527199690422 38.30616917082372, -85.34240149403729 39.018238407466264))"
18E,2012-12-26 08:55:00+00:00,2012-12-26 10:55:00+00:00,0.0,44000.0,"POLYGON ((-83.84057353217882 33.628554061276965, -82.16000000000001 33.21089313279082, -86.68 27.83535879674493, -86.68 28.00172775248132, -84.70687616975337 30.526848210490197, -83.84057353217882 33.628554061276965))"
19E,2012-12-26 08:55:00+00:00,2012-12-26 10:55:00+00:00,0.0,31000.0,"POLYGON ((-82.28765719696362 36.13248644798418, -81.55399970865876 35.15675368754693, -82.16000000000001 33.21089313279082, -83.84057353217882 33.628554061276965, -84.13193273380537 34.24443827871876, -82.28765719696362 36.13248644798418))"
20E,2012-12-26 08:55:00+00:00,2012-12-26 10:55:00+00:00,0.0,40000.0,"POLYGON ((-76.74267961425703 33.40369288731016, -77.32395241270709 31.905583005762985, -80.26865272784586 33.35090680421309, -76.74267961425703 33.40369288731016))"
DELTA 1,2012-12-26 09:30:00+00:00,2012-12-26 13:30:00+00:00,0.0,35000.0,"POLYGON ((-45 45, -46 43, -55 40.3, -53 44, -45 45))"
ECHO 1,2012-12-26 09:45:00+00:00,2012-12-26 13:45:00+00:00,0.0,40000.0,"POLYGON ((-48.45 32.45, -46.3 31.45, -43.45 28, -46 26, -52 26.45, -48.45 32.45))"
21E,2012-12-26 09:55:00+00:00,2012-12-26 11:55:00+00:00,0.0,44000.0,"POLYGON ((-82.74009201210643 32.36838044557894, -83.33199868027992 30.831525500939293, -85.50351159900647 27.88122105023299, -86.06794981499371 27.86856361718213, -83.87578563734498 32.2286829735026, -82.74009201210643 32.36838044557894))"
22E,2012-12-26 09:55:00+00:00,2012-12-26 11:55:00+00:00,0.0,35000.0,"POLYGON ((-81.77390929698467 35.33730993272275, -81.05 34.026368955736395, -82.74009201210643 32.36838044557894, -83.87578563734498 32.2286829735026, -83.44288699203285 34.58227595876651, -81.77390929698467 35.33730993272275))"
23E,2012-12-26 09:55:00+00:00,2012-12-26 11:55:00+00:00,0.0,40000.0,"POLYGON ((-78.29568086546855 33.99634063328835, -76.18824930117962 32.92676335171022, -77.87 33.019048354108854, -79.60266010499161 30.857001422156422, -80.31182095488053 33.603131624313455, -78.29568086546855 33.99634063328835))"
18C,2012-12-26 09:55:00+00:00,2012-12-26 11:55:00+00:00,0.0,32000.0,"POLYGON ((-85.34240149403729 39.018238407466264, -85.4440086190531 36.13365024804879, -89.32 36.68547582294558, -87.76 38.595475822945566, -85.34240149403729 39.018238407466264))"
19C,2012-12-26 10:55:00+00:00,2012-12-26 12:55:00+00:00,0.0,32000.0,"POLYGON ((-84.24346525397384 39.3720343731024, -83.54366212495671 38.10459663679644, -88.49982072569345 37.339472839695034, -88.16787113366506 38.697823880951525, -84.24346525397384 39.3720343731024))"
24E,2012-12-26 10:55:00+00:00,2012-12-26 12:55:00+00:00,0.0,44000.0,"POLYGON ((-83.10092920006028 32.87980455594683, -82.16000000000001 32.711786265581644, -83.62401461043007 29.598765082791605, -85.31533768811302 27.88492939681333, -85.69167217971712 27.877257263148433, -83.10092920006028 32.87980455594683))"
25E,2012-12-26 10:55:00+00:00,2012-12-26 12:55:00+00:00,0.0,37000.0,"POLYGON ((-81.55399970865876 35.15675368754693, -80.67925403949161 33.986778527083644, -82.16000000000001 32.711786265581644, -83.10092920006028 32.87980455594683, -82.13317322984292 35.02983068249209, -81.55399970865876 35.15675368754693))"
26E,2012-12-26 10:55:00+00:00,2012-12-26 12:55:00+00:00,0.0,40000.0,"POLYGON ((-80.03125051280462 34.10210709356195, -76.20591680798546 33.76572079614409, -77.87 33.18541730984525, -79.89775140197627 30.903112759593455, -80.03125051280462 34.10210709356195))"
27E,2012-12-26 10:55:00+00:00,2012-12-26 12:55:00+00:00,0.0,25000.0,"POLYGON ((-84.6695644080605 35.453279576969436, -84.47545008637454 35.40511703845242, -84.74450735498931 34.320708475283034, -84.93862167667527 34.36887101380005, -84.6695644080605 35.453279576969436))"
28E,2012-12-26 11:55:00+00:00,2012-12-26 13:55:00+00:00,0.0,45000.0,"POLYGON ((-81.93 35.196368955736396, -80.37751804714729 34.718088020957396, -80.71695700689364 32.15939251784325, -84.93895341632934 27.89157954242784, -85.31533768811302 27.88492939681333, -81.93 35.196368955736396))"
29E,2012-12-26 11:55:00+00:00,2012-12-26 13:55:00+00:00,0.0,40000.0,"POLYGON ((-79.09185911066906 35.254776413331065, -76.38968157471629 33.83174298847364, -79.36799617291318 31.504854143236706, -79.66414237158375 32.120912566492294, -79.09185911066906 35.254776413331065))"
30E,2012-12-26 11:55:00+00:00,2012-12-26 13:55:00+00:00,0.0,25000.0,"POLYGON ((-84.57397530692654 36.37826805173383, -84.37480843213572 36.36003193410816, -84.48646394034003 35.14057946737685, -84.68563081513085 35.15881558500253, -84.57397530692654 36.37826805173383))"
DELTA 2,2012-12-26 12:30:00+00:00,2012-12-26 16:30:00+00:00,0.0,35000.0,"POLYGON ((-47.15 44.15, -51 40, -52.45 41, -50.45 43.15, -47.15 44.15))"
ECHO 2,2012-12-26 12:45:00+00:00,2012-12-26 16:45:00+00:00,0.0,45000.0,"POLYGON ((-45.3 34.15, -43 28.45, -45.45 26, -47.45 27, -48 32.15, -45.3 34.15))"
31E,2012-12-26 12:55:00+00:00,2012-12-26 14:55:00+00:00,0.0,44000.0,"POLYGON ((-81.8159167421292 35.824767909892564, -80.20005279829672 34.93301949383318, -80.04 32.89, -84.18606389676764 27.90181228263276, -84.75074482758868 27.894521238324504, -81.8159167421292 35.824767909892564))"
32E,2012-12-26 12:55:00+00:00,2012-12-26 14:55:00+00:00,0.0,44000.0,"POLYGON ((-77.00777798108662 35.052829008980844, -75.6537279468731 34.33002969055372, -79.60266010499161 30.857001422156422, -79.30571980103298 33.142522346807496, -77.00777798108662 35.052829008980844))"
33E,2012-12-26 12:55:00+00:00,2012-12-26 14:55:00+00:00,0.0,25000.0,"POLYGON ((-83.9118569878645 37.287162401305515, -83.71686925870932 37.242667620949696, -84.08210180374354 35.64212337732663, -84.27708953289871 35.686618157682446, -83.9118569878645 37.287162401305515))"
34E,2012-12-26 13:55:00+00:00,2012-12-26 15:55:00+00:00,0.0,40000.0,"POLYGON ((-80.95 35.19, -79.42770855535744 34.69089596496981, -80.20535714427434 31.83844689022277, -81.38864499150311 32.394976040596944, -80.95 35.19))"
35E,2012-12-26 13:55:00+00:00,2012-12-26 15:55:00+00:00,0.0,43000.0,"POLYGON ((-76.18 35.76089313279082, -74.74260663020704 35.07494773982172, -78.04244026577516 32.173763670293084, -79.24751256817511 32.88750085565589, -76.18 35.76089313279082))"
36E,2012-12-26 13:55:00+00:00,2012-12-26 15:55:00+00:00,0.0,45000.0,"POLYGON ((-81.05958915928515 32.32368144827943, -80.88212674536878 32.23144755186941, -83.28537768453243 27.60747817064691, -83.46284009844881 27.699712067056925, -81.05958915928515 32.32368144827943))"
37E,2012-12-26 14:55:00+00:00,2012-12-26 16:55:00+00:00,0.0,38000.0,"POLYGON ((-80.5744362335576 35.06208670789785, -78.80439182290213 34.66478773594719, -79.589734327649 31.966962443600607, -80.74636667590964 32.28681342894249, -80.5744362335576 35.06208670789785))"
38E,2012-12-26 14:55:00+00:00,2012-12-26 16:55:00+00:00,0.0,40000.0,"POLYGON ((-75.76735108535935 36.25929132334866, -74.74260663020704 35.07494773982172, -78.40326322893375 32.30632635237686, -78.57749948130325 33.759758054480585, -75.76735108535935 36.25929132334866))"
39E,2012-12-26 14:55:00+00:00,2012-12-26 16:55:00+00:00,0.0,45000.0,"POLYGON ((-80.60997177147613 32.203173544047424, -81.73658661955757 29.493052730846614, -83.67682533924665 26.889391074531062, -80.43090579947173 32.114092807240205, -81.72723814587165 29.508265554697477, -83.8371943638792 27.008897459040014, -81.89695564419013 29.612559115355566, -81.90630411787605 29.597346291504703, -80.60997177147613 32.203173544047424))"
40E,2012-12-26 15:55:00+00:00,2012-12-26 17:55:00+00:00,0.0,42000.0,"POLYGON ((-78.70158495107555 35.71626963045475, -75.02669109969132 35.313314744045755, -78.04244026577516 32.173763670293084, -80.46197175845735 33.24221389255473, -78.70158495107555 35.71626963045475))"
41E,2012-12-26 15:55:00+00:00,2012-12-26 17:55:00+00:00,0.0,45000.0,"POLYGON ((-79.73255459653144 32.935352013772956, -81.29930597528828 29.476524646082808, -83.52005125261731 26.3964599500768, -79.5549467950964 32.84339839030214, -81.29161679500305 29.48903203844723, -83.6822806934819 26.513428358276453, -81.46153541615287 29.59349305428246, -81.4692245964381 29.58098566191804, -79.73255459653144 32.935352013772956))"
ECHO 3,2012-12-26 16:45:00+00:00,2012-12-26 20:45:00+00:00,0.0,42000.0,"POLYGON ((-42 33, -40.45 30, -43 25.45, -45.3 25.45, -47 31.45, -42 33))"
42E,2012-12-26 16:55:00+00:00,2012-12-26 18:55:00+00:00,0.0,40000.0,"POLYGON ((-74.85328456059213 35.8069919907005, -78.22272011451275 32.24017317440624, -79.64375069581392 32.88937520203755, -79.34765987058917 35.677663676693896, -74.85328456059213 35.8069919907005))"
43E,2012-12-26 16:55:00+00:00,2012-12-26 18:55:00+00:00,0.0,45000.0,"POLYGON ((-79.40148453830946 32.67342950249079, -80.49414401136475 29.701939877237987, -82.66363497624054 27.33234692960086, -79.21837264535156 32.592992976848635, -80.47634433336886 29.729249481697444, -82.81114751320665 27.467402664161924, -80.64165654833086 29.83699561179905, -80.65945622632675 29.809686007339593, -79.40148453830946 32.67342950249079))"
44E,2012-12-26 17:55:00+00:00,2012-12-26 19:55:00+00:00,0.0,43000.0,"POLYGON ((-76.2794444694263 36.7362686627007, -76.60967095769928 31.63338351567133, -79.44166346475708 31.65893283188886, -78.46326342017949 36.484404997070655, -76.2794444694263 36.7362686627007))"
45E,2012-12-26 17:55:00+00:00,2012-12-26 19:55:00+00:00,0.0,45000.0,"POLYGON ((-79.45659931881893 31.55121665541631, -80.63299661156954 28.878882366204017, -82.33327410333422 27.024927222666015, -79.27939302700743 31.4584916310571, -80.61809266809466 28.90010999798825, -82.48067250819597 27.16010751059369, -80.78039501643129 29.014062654131692, -80.79529895990616 28.99283502234746, -79.45659931881893 31.55121665541631))"
46E,2012-12-26 18:55:00+00:00,2012-12-26 20:55:00+00:00,0.0,43000.0,"POLYGON ((-78.09231674503435 37.242815771409894, -75.36795729713911 36.887099469221184, -77.04413479468433 30.266023031357665, -78.65728330880478 31.705967249332993, -78.09231674503435 37.242815771409894))"
47E,2012-12-26 18:55:00+00:00,2012-12-26 20:55:00+00:00,0.0,45000.0,"POLYGON ((-78.60768615824695 31.636558742709177, -79.98600060543475 28.842882350516582, -81.92390927942373 26.91996939419334, -78.43426439766465 31.536934985720535, -79.96972522644795 28.864055260223722, -82.06478028203242 27.061938970596263, -80.12687160804344 28.984851926919504, -80.14314698703025 28.963679017212364, -78.60768615824695 31.636558742709177))"
48E,2012-12-26 19:55:00+00:00,2012-12-26 21:55:00+00:00,0.0,45000.0,"POLYGON ((-74.32809649220896 36.87531786633469, -75.50357647065483 32.32720439275515, -77.86242363578312 32.10709887104252, -77.32 37.00089313279082, -74.32809649220896 36.87531786633469))"
49E,2012-12-26 19:55:00+00:00,2012-12-26 21:55:00+00:00,0.0,45000.0,"POLYGON ((-77.949861169089 32.15562389313815, -77.77498610247723 32.058573848946885, -79.61956645092008 28.734813267560533, -79.79444151753185 28.831863311751796, -77.949861169089 32.15562389313815))"
50E,2012-12-26 19:55:00+00:00,2012-12-26 21:55:00+00:00,0.0,42000.0,"POLYGON ((-80.36121880817151 28.2280391097128, -80.2267952283334 28.079950281020334, -82.22731534160481 26.264032918863627, -82.36173892144292 26.412121747556093, -80.36121880817151 28.2280391097128))"
ECHO 4,2012-12-26 20:45:00+00:00,2012-12-27 00:45:00+00:00,0.0,43000.0,"POLYGON ((-40 32, -40 29, -42 25, -45 24.3, -44 31, -40 32))"
51E,2012-12-26 20:55:00+00:00,2012-12-26 22:55:00+00:00,0.0,45000.0,"POLYGON ((-73.56735042444014 37.69724202511723, -74.74600432532446 33.227846987791516, -76.81696033297256 32.19359480289175, -76.73729250968316 37.689570437819974, -73.56735042444014 37.69724202511723))"
52E,2012-12-26 20:55:00+00:00,2012-12-26 22:55:00+00:00,0.0,45000.0,"POLYGON ((-76.89820637879049 32.25189643270559, -76.73571428715462 32.13529317307791, -79.27720239118946 28.593610726026636, -79.43969448282533 28.71021398565431, -76.89820637879049 32.25189643270559))"
FOXTROT 1,2012-12-26 21:40:00+00:00,2012-12-27 01:40:00+00:00,0.0,46000.0,"POLYGON ((-72.3 37.3, -69 36, -77 27, -77 32, -72.3 37.3))"
53E,2012-12-26 21:55:00+00:00,2012-12-26 23:55:00+00:00,0.0,45000.0,"POLYGON ((-72.44912037204143 38.31226701060093, -72.61449218536606 34.997111206835285, -76.81696033297256 32.19359480289175, -75.95784009817946 37.99622458548752, -72.44912037204143 38.31226701060093))"
54E,2012-12-26 21:55:00+00:00,2012-12-26 23:55:00+00:00,0.0,45000.0,"POLYGON ((-76.9013775260124 32.24720205537939, -76.73254313993272 32.139987550404115, -79.35630726393656 28.00825551287549, -79.52514165001624 28.115470017850765, -76.9013775260124 32.24720205537939))"
55E,2012-12-26 22:55:00+00:00,2012-12-27 00:55:00+00:00,0.0,45000.0,"POLYGON ((-71.09818341852446 38.60786054786287, -72.61449218536606 34.997111206835285, -76.89048327355702 32.347912658677075, -75.90129695875358 38.22201601428515, -71.09818341852446 38.60786054786287))"
56E,2012-12-26 22:55:00+00:00,2012-12-27 00:55:00+00:00,0.0,45000.0,"POLYGON ((-76.74368634706377 32.03923455358845, -76.7868421747804 27.851344753147554, -79.4407244569764 28.061862765363127, -76.74368634706377 32.03923455358845))"
57E,2012-12-26 22:55:00+00:00,2012-12-27 00:55:00+00:00,0.0,35000.0,"POLYGON ((-80.29668757984977 27.064346115116148, -81.15813924135222 26.35070305631859, -81.16778445026029 26.341566784573054, -81.8534400422969 25.599657910525835, -81.03054957457456 26.196687222939143, -80.16909791307212 26.9103302817367, -81.7065599577031 25.46391462063746, -81.0209043656665 26.20582349468468, -80.29668757984977 27.064346115116148))"
58E,2012-12-26 23:55:00+00:00,2012-12-27 01:55:00+00:00,0.0,45000.0,"POLYGON ((-74.96336853453785 38.79247601683188, -71.09818341852446 38.60786054786287, -72.61449218536606 34.997111206835285, -76.89048327355702 32.347912658677075, -74.96336853453785 38.79247601683188))"
59E,2012-12-26 23:55:00+00:00,2012-12-27 01:55:00+00:00,0.0,45000.0,"POLYGON ((-76.59787624662071 31.730388451360884, -76.7868421747804 27.851344753147554, -78.7595502065735 27.85019003382844, -76.59787624662071 31.730388451360884))"
60E,2012-12-26 23:55:00+00:00,2012-12-27 01:55:00+00:00,0.0,34000.0,"POLYGON ((-76.20150062553495 37.90808855327402, -76.41848793733999 36.587974412089146, -77.0544238000062 35.87152758248233, -76.01081669512249 37.84775913522237, -76.39793383436017 36.62419325270932, -77.20399952445904 36.004294681774326, -76.56806366179282 36.72074151138114, -76.58861776477264 36.68452267076097, -76.20150062553495 37.90808855327402))"
1E,2012-12-27 00:55:00+00:00,2012-12-27 02:55:00+00:00,0.0,45000.0,"POLYGON ((-74.40316226021916 39.22666127022703, -71.17713667859279 38.76239319143765, -72.61449218536606 34.997111206835285, -76.05057862301025 32.80714986095124, -74.40316226021916 39.22666127022703))"
2E,2012-12-27 00:55:00+00:00,2012-12-27 02:55:00+00:00,0.0,45000.0,"POLYGON ((-77.04413479468433 30.266023031357665, -76.9624293609499 27.791649315363067, -78.62494597452293 27.96650717128148, -77.04413479468433 30.266023031357665))"
3E,2012-12-27 00:55:00+00:00,2012-12-27 02:55:00+00:00,0.0,30000.0,"POLYGON ((-75.13584547058939 38.76454376572373, -75.91008148644768 37.79722681836736, -75.92543293670546 37.77040489739473, -76.46419869225618 36.35918162291254, -75.75393784426923 37.6722501685193, -74.97970182841094 38.639567115875664, -76.27735214956216 36.287848815009745, -75.73858639401145 37.699072089491935, -75.13584547058939 38.76454376572373))"
FOXTROT 2,2012-12-27 01:40:00+00:00,2012-12-27 05:40:00+00:00,0.0,48000.0,"POLYGON ((-67 39, -70 32, -77 27, -77 33, -72.3 37.3, -67 39))"
4E,2012-12-27 01:55:00+00:00,2012-12-27 03:55:00+00:00,0.0,45000.0,"POLYGON ((-72.69734210943741 39.807112970885335, -68.56609569777747 38.503830832121295, -72.43731817834639 37.19360502431225, -72.61449218536606 34.997111206835285, -76.05057862301025 32.80714986095124, -72.69734210943741 39.807112970885335))"
5E,2012-12-27 01:55:00+00:00,2012-12-27 03:55:00+00:00,0.0,40000.0,"POLYGON ((-76.91474654356858 29.234438676889393, -76.92536262025473 26.644934515787455, -78.53402530115817 27.244510149211685, -77.48643305532741 29.25109171317084, -76.91474654356858 29.234438676889393))"
6E,2012-12-27 01:55:00+00:00,2012-12-27 03:55:00+00:00,0.0,28000.0,"POLYGON ((-73.43403988304122 39.49739887272761, -73.75109783342728 38.27178990407654, -75.67168126293946 38.04247903401322, -75.25705886686887 39.45203183061822, -73.43403988304122 39.49739887272761))"
9E,2012-12-27 03:21:00+00:00,2012-12-27 04:55:00+00:00,0.0,35000.0,"POLYGON ((-76.99489506021095 27.886232497649825, -77.52049803592357 27.705819154308635, -77.5812681774444 27.64738950564855, -77.94914453332171 26.6986783312949, -77.45556663740146 27.51665278973512, -76.92996366168884 27.69706613307631, -77.76267285175794 26.626371264041552, -77.39479649588063 27.575082438395203, -76.99489506021095 27.886232497649825))"
7E,2012-12-27 03:21:00+00:00,2012-12-27 04:55:00+00:00,0.0,42000.0,"POLYGON ((-72.32 39.75541730984526, -68.72302320957851 38.813181894151555, -72.43731817834639 37.19360502431225, -72.61449218536606 34.997111206835285, -75.10928185556631 33.36391611371047, -72.32 39.75541730984526))"
8E,2012-12-27 03:21:00+00:00,2012-12-27 04:55:00+00:00,0.0,28000.0,"POLYGON ((-73.15430113998076 40.15779641440894, -74.04831366555631 38.50937374795807, -75.35974904469086 38.46754482820481, -75.07981650912815 39.81818754548213, -73.15430113998076 40.15779641440894))"
12E,2012-12-27 04:10:00+00:00,2012-12-27 05:55:00+00:00,0.0,45000.0,"POLYGON ((-78.98671930394144 25.35890957386395, -79.66407873831052 24.486392519585625, -80.39728376261824 23.991790994742622, -78.85342905979905 25.209799846426517, -79.65335667485249 24.494738871270236, -80.50912987984456 24.15759342554928, -79.77592485553684 24.652194950392282, -79.78664691899488 24.64384859870767, -78.98671930394144 25.35890957386395))"
10E,2012-12-27 04:10:00+00:00,2012-12-27 05:55:00+00:00,0.0,40000.0,"POLYGON ((-77.0533109711411 27.833369010101332, -76.8715477507587 27.7499296206248, -77.39277463166546 26.614496139892797, -77.57453785204787 26.697935529369328, -77.0533109711411 27.833369010101332))"
11E,2012-12-27 04:10:00+00:00,2012-12-27 05:55:00+00:00,0.0,41000.0,"POLYGON ((-72.32 39.75541730984526, -68.64439000461954 38.65853257062535, -72.43731817834639 37.19360502431225, -72.61449218536606 34.997111206835285, -73.7612320341291 34.23553982536499, -72.32 39.75541730984526))"
13E,2012-12-27 04:55:00+00:00,2012-12-27 06:55:00+00:00,0.0,41000.0,"POLYGON ((-68.40655729833676 40.75921272945844, -68.56609569777747 38.503830832121295, -72.43731817834639 37.19360502431225, -72.32 39.75541730984526, -68.40655729833676 40.75921272945844))"
FOXTROT 3,2012-12-27 05:40:00+00:00,2012-12-27 09:40:00+00:00,,,"POLYGON ((-66.15 39.15, -66.45 32.3, -72.15 28, -77.15 27.15, -72 32.45, -72.15 37.15, -66.15 39.15))"
HOTEL 1,2012-12-27 05:50:00+00:00,2012-12-27 09:50:00+00:00,0.0,45000.0,"POLYGON ((-40 35.45, -40 25.3, -42.15 23, -43.3 24.15, -40 35.45))"
14E,2012-12-27 05:55:00+00:00,2012-12-27 07:55:00+00:00,0.0,39000.0,"POLYGON ((-68.49223994299751 40.09325997119907, -68.64439000461954 38.65853257062535, -70.63148033279951 37.67957331573068, -70.03 39.78267939837248, -68.49223994299751 40.09325997119907))"
15E,2012-12-27 06:55:00+00:00,2012-12-27 08:55:00+00:00,0.0,39000.0,"POLYGON ((-68.9609888033428 39.27681015139469, -68.64439000461954 38.65853257062535, -70.70844458805594 37.834415251901376, -70.03 38.950834619690504, -68.9609888033428 39.27681015139469))"
16E,2012-12-27 07:55:00+00:00,2012-12-27 09:55:00+00:00,0.0,39000.0,"POLYGON ((-69.0410103661272 39.43124456170233, -68.64439000461954 38.65853257062535, -70.03 38.28535879674494, -69.1213873865366 39.585623900234644, -69.0410103661272 39.43124456170233))"
17E,2012-12-27 07:55:00+00:00,2012-12-27 09:55:00+00:00,0.0,29000.0,"POLYGON ((-73.77 40.96273791147279, -73.52005136459486 40.16861494345253, -73.9681285119776 40.17200868137641, -74.45574790522116 40.91626440514825, -73.77 40.96273791147279))"
18E,2012-12-27 08:55:00+00:00,2012-12-27 10:55:00+00:00,0.0,38000.0,"POLYGON ((-68.19116852601938 39.85350746690818, -67.30044754029973 39.129660194324835, -68.64439000461954 38.65853257062535, -69.28322151599643 39.89421515661165, -68.19116852601938 39.85350746690818))"
FOXTROT 4,2012-12-27 09:40:00+00:00,2012-12-27 13:40:00+00:00,0.0,41000.0,"POLYGON ((-64.45 39.45, -67.3 33, -71.45 31.15, -69.15 38.3, -64.45 39.45))"
19E,2012-12-27 09:55:00+00:00,2012-12-27 11:55:00+00:00,0.0,37000.0,"POLYGON ((-67.00718342785322 40.285131084847016, -67.00761984485005 38.886886920236115, -68.64439000461954 38.65853257062535, -68.34144020317794 39.973481077996794, -67.00718342785322 40.285131084847016))"
20E,2012-12-27 10:55:00+00:00,2012-12-27 12:55:00+00:00,0.0,37000.0,"POLYGON ((-67.00718342785322 40.285131084847016, -67.00761984485005 38.886886920236115, -68.64439000461954 38.65853257062535, -68.19116852601938 39.85350746690818, -67.00718342785322 40.285131084847016))"
FOXTROT 5,2012-12-27 13:30:00+00:00,2012-12-27 17:30:00+00:00,0.0,42000.0,"POLYGON ((-62 42, -64.3 34.3, -68 33, -67 41, -62 42))"
FOXTROT 6,2012-12-27 16:45:00+00:00,2012-12-27 20:45:00+00:00,0.0,40000.0,"POLYGON ((-60 40, -62.3 35, -67 33, -64 40, -60 40))"
FOXTROT 7,2012-12-27 20:45:00+00:00,2012-12-28 00:45:00+00:00,0.0,40000.0,"POLYGON ((-59.3 37.3, -60.3 33.3, -65 33, -62 37.3, -59.3 37.3))"
FOXTROT 8,2012-12-28 00:45:00+00:00,2012-12-28 04:45:00+00:00,0.0,44000.0,"POLYGON ((-60 38, -56 37, -61 30, -66.3 30, -60 38))"
FOXTROT 9,2012-12-28 04:45:00+00:00,2012-12-28 08:45:00+00:00,0.0,38000.0,"POLYGON ((-60 34, -56 34, -61 29, -66 29, -60 34))"
DELTA 1,2012-12-28 05:15:00+00:00,2012-12-28 09:15:00+00:00,0.0,50000.0,"POLYGON ((-120 12.15, -120 9, -126 7.15, -126.45 9.3, -120 12.15))"
INDIA 1,2012-12-28 08:10:00+00:00,2012-12-28 12:10:00+00:00,0.0,44000.0,"POLYGON ((-55.45 44.3, -56.45 40.3, -58.3 40.15, -58.45 43.45, -55.45 44.3))"
DELTA 2,2012-12-28 09:10:00+00:00,2012-12-28 13:10:00+00:00,0.0,52000.0,"POLYGON ((-120 11.45, -120 8.15, -125 7.15, -125.3 9.15, -120 11.45))"
1C,2012-12-28 09:55:00+00:00,2012-12-28 11:55:00+00:00,0.0,26000.0,"POLYGON ((-95.04112170854734 32.958005844740036, -94.913743343769 32.803815208881694, -95.47464343385839 32.3404502588516, -95.60202179863673 32.49464089470994, -95.04112170854734 32.958005844740036))"
INDIA 2,2012-12-28 10:30:00+00:00,2012-12-28 14:30:00+00:00,0.0,40000.0,"POLYGON ((-54.15 44.45, -53.3 40, -55.45 39.15, -57.3 44, -54.15 44.45))"
2C,2012-12-28 10:55:00+00:00,2012-12-28 12:55:00+00:00,0.0,25000.0,"POLYGON ((-94.2109000669342 33.39227960751684, -94.08907674063215 32.53440927700298, -95.66363288527074 32.735038630525686, -95.7525471196927 33.309079560306905, -94.2109000669342 33.39227960751684))"
3C,2012-12-28 11:55:00+00:00,2012-12-28 13:55:00+00:00,0.0,27000.0,"POLYGON ((-93.8855194428567 33.57352995440802, -94.08907674063215 32.53440927700298, -95.34125415367663 32.41861937193263, -94.86811837570964 33.50744113003469, -93.8855194428567 33.57352995440802))"
4C,2012-12-28 11:55:00+00:00,2012-12-28 13:55:00+00:00,0.0,35000.0,"POLYGON ((-94.81930036673168 30.672701484367284, -94.62069963326832 30.649084781214366, -94.81379970883795 29.02524184294949, -95.01240044230131 29.04885854610241, -94.81930036673168 30.672701484367284))"
5C,2012-12-28 12:55:00+00:00,2012-12-28 14:55:00+00:00,0.0,26000.0,"POLYGON ((-94.14622295066785 33.35627177828047, -93.44388311713948 32.89680106012063, -94.52488065368709 31.958685063739296, -94.62181367548587 33.31777623852337, -94.14622295066785 33.35627177828047))"
6C,2012-12-28 12:55:00+00:00,2012-12-28 14:55:00+00:00,0.0,33000.0,"POLYGON ((-94.36027863107654 31.28683335086115, -93.47309604696426 31.256334417264295, -93.49475512420265 30.139439034548282, -94.80941104213585 29.48833419869212, -94.36027863107654 31.28683335086115))"
INDIA 3,2012-12-28 13:25:00+00:00,2012-12-28 17:25:00+00:00,0.0,35000.0,"POLYGON ((-54 44.3, -50.3 43.15, -50.45 38.45, -52.45 34.3, -56.3 34.15, -53.45 40.15, -54 44.3))"
7C,2012-12-28 13:55:00+00:00,2012-12-28 15:55:00+00:00,0.0,26000.0,"POLYGON ((-93.33045140193926 33.762471068875364, -92.74 33.26, -93.81 32.77, -94.07 33.51, -93.33045140193926 33.762471068875364))"
8C,2012-12-28 13:55:00+00:00,2012-12-28 15:55:00+00:00,0.0,34000.0,"POLYGON ((-92.72453996273342 31.720919548725604, -92.53287004757625 30.138737836651895, -94.91310007556963 29.03705019452595, -93.99959199237763 31.41266170720523, -92.72453996273342 31.720919548725604))"
9C,2012-12-28 14:55:00+00:00,2012-12-28 16:55:00+00:00,0.0,34000.0,"POLYGON ((-92.57576601439419 31.32526492980782, -92.42423398560581 31.194735070192184, -96.11627927811233 26.908642101123498, -96.26781130690071 27.039171960739132, -92.57576601439419 31.32526492980782))"
10C,2012-12-28 15:55:00+00:00,2012-12-28 17:55:00+00:00,0.0,39000.0,"POLYGON ((-91.48675571584522 31.70889627899532, -91.34680156453126 31.56602278414764, -95.98871613478434 27.018956760149827, -96.1286702860983 27.161830254997504, -91.48675571584522 31.70889627899532))"
11C,2012-12-28 16:55:00+00:00,2012-12-28 18:55:00+00:00,0.0,40000.0,"POLYGON ((-90.24356000321993 32.57774161148279, -90.09643999678008 32.4422583885172, -95.5882290167328 26.478774362255706, -95.73534902317265 26.61425758522129, -90.24356000321993 32.57774161148279))"
JULIETT 1,2012-12-28 17:05:00+00:00,2012-12-28 21:05:00+00:00,0.0,40000.0,"POLYGON ((-94 28.15, -93 28.15, -95.15 25.45, -96 26, -95 27.3, -94 28.15))"
INDIA 4,2012-12-28 17:10:00+00:00,2012-12-28 21:10:00+00:00,0.0,35000.0,"POLYGON ((-51.15 44.15, -49 40.45, -52.3 33.45, -56.3 33.15, -52.45 39.15, -52.45 43.15, -51.15 44.15))"
KILO 1,2012-12-28 17:15:00+00:00,2012-12-28 21:15:00+00:00,0.0,41000.0,"POLYGON ((-83.45 26.45, -83.15 25, -85.45 24, -88 24.3, -86 26.3, -83.45 26.45))"
12C,2012-12-28 17:55:00+00:00,2012-12-28 19:55:00+00:00,0.0,40000.0,"POLYGON ((-90.86697382384291 31.180814355307504, -90.73015230070915 31.034938137892325, -95.59337825838584 26.473577865030908, -95.7301997815196 26.619454082446087, -90.86697382384291 31.180814355307504))"
1E,2012-12-28 18:55:00+00:00,2012-12-28 20:55:00+00:00,0.0,44000.0,"POLYGON ((-82.40697330576509 27.092517366629853, -83.66981819575396 25.27875136274062, -84.2713189869526 26.752784623665224, -82.40697330576509 27.092517366629853))"
13C,2012-12-28 18:55:00+00:00,2012-12-28 20:55:00+00:00,0.0,40000.0,"POLYGON ((-90.3245323274864 31.376390959603803, -90.19546767251362 31.223609040396198, -95.38881525200804 26.836456313309917, -95.51787990698082 26.989238232517522, -90.3245323274864 31.376390959603803))"
2E,2012-12-28 19:55:00+00:00,2012-12-28 21:55:00+00:00,0.0,44000.0,"POLYGON ((-84.2713189869526 26.752784623665224, -82.46870512559029 26.783011200950792, -83.66981819575396 25.27875136274062, -84.2713189869526 26.752784623665224))"
14C,2012-12-28 19:55:00+00:00,2012-12-28 21:55:00+00:00,0.0,41000.0,"POLYGON ((-89.79119760764102 31.559318517294752, -89.647301208677 31.420416298575287, -93.03805180051799 27.907752466067162, -93.18194819948201 28.046654684786628, -89.79119760764102 31.559318517294752))"
INDIA 5,2012-12-28 20:25:00+00:00,2012-12-29 00:25:00+00:00,0.0,34000.0,"POLYGON ((-52.15 45, -47 43, -51 34.45, -57.15 32, -52.45 38.45, -52.15 45))"
15C,2012-12-28 20:55:00+00:00,2012-12-28 22:55:00+00:00,0.0,39000.0,"POLYGON ((-89.15546961645207 31.371827134724747, -89.02813600561645 31.21759953812944, -93.04633319458219 27.900089777129242, -93.17366680541781 28.054317373724547, -89.15546961645207 31.371827134724747))"
3E,2012-12-28 20:55:00+00:00,2012-12-28 22:55:00+00:00,0.0,40000.0,"POLYGON ((-82.3357546080613 26.93872189329305, -83.48844103885673 25.883174257129554, -83.92864455277763 26.88389790060833, -82.3357546080613 26.93872189329305))"
16C,2012-12-28 21:55:00+00:00,2012-12-28 23:55:00+00:00,0.0,33000.0,"POLYGON ((-91.36830254335804 29.553985234252053, -91.21169745664197 29.429587296911222, -92.16418865335832 28.230492121808997, -92.3207937400744 28.354890059149827, -91.36830254335804 29.553985234252053))"
17C,2012-12-28 22:55:00+00:00,2012-12-29 00:55:00+00:00,0.0,34000.0,"POLYGON ((-90.60219270502434 29.727788277584864, -90.45906859512722 29.58809042804465, -91.42982474482979 28.593525298297703, -91.5729488547269 28.733223147837915, -90.60219270502434 29.727788277584864))"
1C,2012-12-29 00:55:00+00:00,2012-12-29 02:55:00+00:00,0.0,36000.0,"POLYGON ((-88.80806246526528 30.693086823223258, -88.6262442834471 30.693086823223258, -88.6262442834471 30.511268641405078, -88.80806246526528 30.511268641405078, -88.80806246526528 30.693086823223258))"
2C,2012-12-29 02:55:00+00:00,2012-12-29 04:55:00+00:00,0.0,40000.0,"POLYGON ((-88.36 29.89815522131804, -87.1206652058681 29.907024684205624, -88.1766893803871 28.465932883794697, -89.29705436816528 28.471762673224408, -88.36 29.89815522131804))"
3C,2012-12-29 03:55:00+00:00,2012-12-29 05:55:00+00:00,0.0,41000.0,"POLYGON ((-87.81522181644986 30.258299661579724, -86.68 30.164524177054425, -86.68 28.00172775248132, -88.52442097808046 28.59778243474089, -87.81522181644986 30.258299661579724))"
1E,2012-12-29 04:55:00+00:00,2012-12-29 06:55:00+00:00,0.0,41000.0,"POLYGON ((-87.22533425646198 30.358295136734466, -85.99915682857404 30.240016139093544, -85.69167217971712 27.877257263148433, -88.00314972877277 28.399676889285463, -87.22533425646198 30.358295136734466))"
2E,2012-12-29 05:55:00+00:00,2012-12-29 07:55:00+00:00,0.0,40000.0,"POLYGON ((-86.0987641671142 30.82870258450018, -84.05657576268013 29.784852534521278, -83.71993687404334 27.524099066475177, -87.48383353268672 28.199594628992333, -86.0987641671142 30.82870258450018))"
3E,2012-12-29 06:55:00+00:00,2012-12-29 08:55:00+00:00,0.0,42000.0,"POLYGON ((-85.12154200193127 30.397732665893674, -83.38558089340103 30.39645733599175, -82.94683191026505 28.14502412492292, -86.68 28.500834619690497, -85.12154200193127 30.397732665893674))"
LIMA 1,2012-12-29 07:10:00+00:00,2012-12-29 11:10:00+00:00,0.0,50000.0,"POLYGON ((-85.45 28, -83.45 27.3, -85.3 24.15, -88.45 24.3, -85.45 28))"
4E,2012-12-29 07:55:00+00:00,2012-12-29 09:55:00+00:00,0.0,42000.0,"POLYGON ((-84.84005890197581 31.188257217783516, -82.88048071823714 30.770941195465262, -82.01334220794992 29.126541383276393, -84.40914502331523 27.262553444255794, -85.87981854612578 27.873038097002674, -84.84005890197581 31.188257217783516))"
5E,2012-12-29 08:55:00+00:00,2012-12-29 10:55:00+00:00,0.0,45000.0,"POLYGON ((-82.78536945555149 31.30442367277811, -81.51 31.17184477868197, -81.81325431818071 29.043491787627, -84.06494853645357 27.39374959619377, -85.31533768811302 27.88492939681333, -82.78536945555149 31.30442367277811))"
6E,2012-12-29 09:55:00+00:00,2012-12-29 11:55:00+00:00,0.0,45000.0,"POLYGON ((-81.11 31.494524177054434, -80.02070734481462 30.23670416471437, -84.6111169732791 27.384852729032154, -85.31533768811302 27.88492939681333, -81.11 31.494524177054434))"
LIMA 2,2012-12-29 10:40:00+00:00,2012-12-29 14:40:00+00:00,0.0,45000.0,"POLYGON ((-84.45 27.45, -83.45 27.3, -83.15 25.15, -87 25.15, -84.45 27.45))"
7E,2012-12-29 10:55:00+00:00,2012-12-29 12:55:00+00:00,0.0,42000.0,"POLYGON ((-79.27843615600372 33.46088329944218, -79.33647472704759 29.924948248318806, -83.67431775540796 27.395492887903274, -84.75074482758868 27.894521238324504, -79.27843615600372 33.46088329944218))"
8E,2012-12-29 11:55:00+00:00,2012-12-29 13:55:00+00:00,0.0,40000.0,"POLYGON ((-81.6879805759425 30.27621284342232, -81.2861431563618 29.236217809028442, -83.47072757301835 26.57349891344815, -84.37429917982975 27.899637648122294, -81.6879805759425 30.27621284342232))"
9E,2012-12-29 11:55:00+00:00,2012-12-29 13:55:00+00:00,0.0,38000.0,"POLYGON ((-78.49835955213516 32.337256747032846, -78.30816690573235 32.27539595772087, -79.06281648365777 29.955205705887067, -79.25300913006058 30.017066495199046, -78.49835955213516 32.337256747032846))"
10E,2012-12-29 12:55:00+00:00,2012-12-29 14:55:00+00:00,0.0,38000.0,"POLYGON ((-81.15334387111835 30.46684937365633, -80.43158422428436 29.88648850803795, -83.47072757301835 26.57349891344815, -83.71993687404334 27.524099066475177, -81.15334387111835 30.46684937365633))"
11E,2012-12-29 12:55:00+00:00,2012-12-29 14:55:00+00:00,0.0,38000.0,"POLYGON ((-77.86242363578312 32.10709887104252, -77.3602197125684 30.584602074602635, -78.05829211406056 29.265312143249012, -80.56645288982406 31.967837904366018, -77.86242363578312 32.10709887104252))"
12E,2012-12-29 13:55:00+00:00,2012-12-29 15:55:00+00:00,0.0,42000.0,"POLYGON ((-75.92846700392666 32.78622590725484, -75.89808944484021 32.58854635873262, -79.19085439233801 32.08254478953546, -79.22123195142446 32.28022433805768, -75.92846700392666 32.78622590725484))"
LIMA 3,2012-12-29 14:25:00+00:00,2012-12-29 18:25:00+00:00,0.0,42000.0,"POLYGON ((-83.3 27, -83.15 25.15, -86 24, -86.45 24.15, -83.3 27))"
13E,2012-12-29 14:55:00+00:00,2012-12-29 16:55:00+00:00,0.0,42000.0,"POLYGON ((-76.2152216904752 33.023057122099004, -76.16127691188404 32.83046958132144, -78.37629083963817 32.210032581988074, -78.43023561822933 32.40262012276564, -76.2152216904752 33.023057122099004))"
LIMA 4,2012-12-29 17:40:00+00:00,2012-12-29 21:40:00+00:00,0.0,43000.0,"POLYGON ((-83.3 25.3, -83.15 24, -85.15 24, -83.3 25.3))"
MIKE 1,2012-12-29 20:10:00+00:00,2012-12-30 00:10:00+00:00,0.0,42000.0,"POLYGON ((-72.15 35, -70.3 34.3, -77 29.3, -77 31.3, -72.15 35))"
MIKE 2,2012-12-30 00:10:00+00:00,2012-12-30 04:10:00+00:00,0.0,38000.0,"POLYGON ((-70 35, -65 35, -71 30, -76 30, -70 35))"
MIKE 3,2012-12-30 04:10:00+00:00,2012-12-30 08:10:00+00:00,0.0,38000.0,"POLYGON ((-67 35, -62 35, -70 28, -76.3 28, -67 35))"
ECHO 1,2012-12-30 15:05:00+00:00,2012-12-30 19:05:00+00:00,35000.0,43000.0,"POLYGON ((170 47.3, 172.3 43.3, 171.45 40.15, 165 43, 163 46, 170 47.3))"
FOXTROT 1,2012-12-30 16:50:00+00:00,2012-12-30 20:50:00+00:00,0.0,35000.0,"POLYGON ((-162.15 39.3, -166.45 34.15, -169.15 33.45, -165.45 39, -162.15 39.3))"
WHISKEY 1,2012-12-30 18:20:00+00:00,2012-12-30 22:20:00+00:00,0.0,58000.0,"POLYGON ((161 6.3, 164.4 5.4, 167.4 3, 165 1.2, 161.2 2.1, 161 6.3))"
GOLF 1,2012-12-30 18:20:00+00:00,2012-12-30 22:20:00+00:00,22000.0,30000.0,"POLYGON ((-161.3 48.45, -154.45 47.3, -155.15 44.45, -162.45 46.15, -161.3 48.45))"
ECHO 2,2012-12-30 19:00:00+00:00,2012-12-30 23:00:00+00:00,35000.0,43000.0,"POLYGON ((171.3 48, 176 43, 175 40.45, 165 42.45, 163 46, 171.3 48))"
FOXTROT 2,2012-12-30 19:25:00+00:00,2012-12-30 23:25:00+00:00,0.0,35000.0,"POLYGON ((-161 41, -164.15 34.3, -167 33.45, -163.45 40.45, -161 41))"
WHISKEY 2,2012-12-30 19:36:00+00:00,2012-12-30 23:40:00+00:00,0.0,58000.0,"POLYGON ((162.3 7.1, 167.5 3.2, 166.2 1.4, 161.3 5.1, 162.3 7.1))"
WHISKEY 3,2012-12-30 21:28:00+00:00,2012-12-31 01:30:00+00:00,0.0,56000.0,"POLYGON ((162.3 6.3, 165 4.2, 164.1 2.3, 161 4.2, 162.3 6.3))"
GOLF 2,2012-12-30 22:10:00+00:00,2012-12-31 02:10:00+00:00,23000.0,33000.0,"POLYGON ((-150.3 51.3, -141.15 48.3, -146.3 45.45, -155 46, -162.45 46, -160.45 50, -150.3 51.3))"
XRAY 1,2012-12-30 22:25:00+00:00,2012-12-31 02:25:00+00:00,0.0,30000.0,"POLYGON ((178.4 30, 172.5 25, 176.2 22.1, -170.2 30, 178.4 30))"
WHISKEY 4,2012-12-30 23:09:00+00:00,2012-12-31 03:10:00+00:00,0.0,56000.0,"POLYGON ((168.4 6.3, 169.3 3.3, 165.4 3.1, 165 5, 168.4 6.3))"
FOXTROT 3,2012-12-30 23:25:00+00:00,2012-12-31 03:25:00+00:00,0.0,33000.0,"POLYGON ((-156.45 45, -161.15 35, -164.3 32.3, -161 44.3, -156.45 45))"
WHISKEY 5,2012-12-31 01:10:00+00:00,2012-12-31 05:10:00+00:00,0.0,56000.0,"POLYGON ((167.1 7, 168.5 3.2, 164.3 2.5, 162.4 6.3, 167.1 7))"
XRAY 2,2012-12-31 01:48:00+00:00,2012-12-31 05:50:00+00:00,0.0,30000.0,"POLYGON ((178.5 30, 174.2 25.1, 177.1 21.3, -172.4 25.5, -167.5 29.5, 178.5 30))"
GOLF 3,2012-12-31 02:00:00+00:00,2012-12-31 06:00:00+00:00,23000.0,33000.0,"POLYGON ((-157 54.15, -146.15 53, -137 47, -142.3 45.45, -150 48.45, -160.3 50.15, -157 54.15))"
FOXTROT 4,2012-12-31 03:15:00+00:00,2012-12-31 07:15:00+00:00,0.0,31000.0,"POLYGON ((-156.3 45, -155.3 41.15, -157.45 35.3, -160 33.3, -158.3 40.15, -158.15 43.45, -156.3 45))"
GOLF 4,2012-12-31 05:40:00+00:00,2012-12-31 09:40:00+00:00,24000.0,34000.0,"POLYGON ((-150.5 55.3, -151.2 53.05, -160.3 49.4, -160.35 53.1, -155.05 55.05, -150.5 55.3))"
ALFA 1,2012-12-31 06:45:00+00:00,2012-12-31 10:45:00+00:00,30000.0,40000.0,"POLYGON ((-72.25 37.3, -67.45 32.55, -69.45 31.1, -72.3 35, -72.25 37.3))"

