URGENT,AIRCRAFT,REPORT,TURBULENCE,PRODUCT_ID,FL,LAT,LON,datetime,turbulence_intensity,Plane Weight,nexrad_sites,aws_files
T,TBM8,PTW UUA /OV PTW/TM 1318/FL120/TP TBM8/TB SEV,SEV,,12000.0,40.23833,-75.55722,2014-05-01 13:18:00,5.0,U,"('KDIX', 'KDOX', 'KLWX', 'KCCX', 'KBGM')","['s3://unidata-nexrad-level2/2014/05/01/KDIX/KDIX20140501_131710_V06.gz', 's3://unidata-nexrad-level2/2014/05/01/KDOX/KDOX20140501_131458_V07.gz', 's3://unidata-nexrad-level2/2014/05/01/KLWX/KLWX20140501_131610_V06.gz', 's3://unidata-nexrad-level2/2014/05/01/KCCX/KCCX20140501_131723_V06.gz', 's3://unidata-nexrad-level2/2014/05/01/KBGM/KBGM20140501_131501_V06.gz']"
T,PA44,SEE UUA /OV JLI/TM 1520/FL090/TP PA44/TB SEV 090/RM TB MOD-SEV...OVER PILLO /TMU AWC-WEB:FAAZLA,SEV 090,,9000.0,33.14,-116.59,2014-05-01 15:20:00,5.0,L,"('KNKX', 'KSOX', 'KYUX', 'KEYX', 'KVTX')","['s3://unidata-nexrad-level2/2014/05/01/KNKX/KNKX20140501_151405_V06.gz', 's3://unidata-nexrad-level2/2014/05/01/KSOX/KSOX20140501_151815_V06.gz', 's3://unidata-nexrad-level2/2014/05/01/KYUX/KYUX20140501_151348_V06.gz', 's3://unidata-nexrad-level2/2014/05/01/KEYX/KEYX20140501_151239_V06.gz', 's3://unidata-nexrad-level2/2014/05/01/KVTX/KVTX20140501_151414_V06.gz']"
T,DA40,HLX UUA /OV BZM038064/TM 1610/FL085/TP DA40/TB SEV 085-100/RM OUT OF TB AT 080. NO DAMAGE OR INJURIES. ZTL CWSU,SEV 085-100,,8500.0,36.710612888044366,-80.4295354606871,2014-05-01 16:10:00,5.0,L,"('KFCX', 'KRAX', 'KRLX', 'KGSP', 'KCAE')","['s3://unidata-nexrad-level2/2014/05/01/KFCX/KFCX20140501_160929_V06.gz', 's3://unidata-nexrad-level2/2014/05/01/KRAX/KRAX20140501_160424_V06.gz', 's3://unidata-nexrad-level2/2014/05/01/KRLX/KRLX20140501_160028_V06.gz', 's3://unidata-nexrad-level2/2014/05/01/KGSP/KGSP20140501_160636_V06.gz', 's3://unidata-nexrad-level2/2014/05/01/KCAE/KCAE20140501_160849_V06.gz']"
T,DA40,HLX UUA /OV BZM038064 /TM 1610 /FL085 /TP DA40 /TB SEV 085-100 /RM OUT AT 080/ NO DAMAGE OR INJURIES,SEV 085-100,,8500.0,36.710612888044366,-80.4295354606871,2014-05-01 16:10:00,5.0,L,"('KFCX', 'KRAX', 'KRLX', 'KGSP', 'KCAE')","['s3://unidata-nexrad-level2/2014/05/01/KFCX/KFCX20140501_160929_V06.gz', 's3://unidata-nexrad-level2/2014/05/01/KRAX/KRAX20140501_160424_V06.gz', 's3://unidata-nexrad-level2/2014/05/01/KRLX/KRLX20140501_160028_V06.gz', 's3://unidata-nexrad-level2/2014/05/01/KGSP/KGSP20140501_160636_V06.gz', 's3://unidata-nexrad-level2/2014/05/01/KCAE/KCAE20140501_160849_V06.gz']"
T,DA40,HLX UUA /OV BZM038064/TM 1610/FL085/TP DA40/TB SEV 085-100/RM OUT OFTB AT 080. NO DAMAGE OR INJURIES. ZTL CWSU,SEV 085-100,,8500.0,36.710612888044366,-80.4295354606871,2014-05-01 16:10:00,5.0,L,"('KFCX', 'KRAX', 'KRLX', 'KGSP', 'KCAE')","['s3://unidata-nexrad-level2/2014/05/01/KFCX/KFCX20140501_160929_V06.gz', 's3://unidata-nexrad-level2/2014/05/01/KRAX/KRAX20140501_160424_V06.gz', 's3://unidata-nexrad-level2/2014/05/01/KRLX/KRLX20140501_160028_V06.gz', 's3://unidata-nexrad-level2/2014/05/01/KGSP/KGSP20140501_160636_V06.gz', 's3://unidata-nexrad-level2/2014/05/01/KCAE/KCAE20140501_160849_V06.gz']"
T,P28A,MRB UUA /OV MRB /TM 1700 /FL090 /TP P28A /TB SEV /RM NEG INJURY/ NEG DAMAGE,SEV,,9000.0,39.4019,-77.98467,2014-05-01 17:00:00,5.0,L,"('KLWX', 'KCCX', 'KPBZ', 'KDOX', 'KAKQ')","['s3://unidata-nexrad-level2/2014/05/01/KLWX/KLWX20140501_165746_V06.gz', 's3://unidata-nexrad-level2/2014/05/01/KCCX/KCCX20140501_165820_V06.gz', 's3://unidata-nexrad-level2/2014/05/01/KPBZ/KPBZ20140501_165905_V06.gz', 's3://unidata-nexrad-level2/2014/05/01/KDOX/KDOX20140501_165917_V07.gz', 's3://unidata-nexrad-level2/2014/05/01/KAKQ/KAKQ20140501_165728_V06.gz']"
T,C510,LUA UUA /OV LDN /TM 1720 /FL120 /TP C510 /TB SEV /RM LOSS OF 600FT,SEV,,12000.0,38.85,-78.21,2014-05-01 17:20:00,5.0,U,"('KLWX', 'KCCX', 'KAKQ', 'KPBZ', 'KFCX')","['s3://unidata-nexrad-level2/2014/05/01/KLWX/KLWX20140501_171658_V06.gz', 's3://unidata-nexrad-level2/2014/05/01/KCCX/KCCX20140501_171724_V06.gz', 's3://unidata-nexrad-level2/2014/05/01/KAKQ/KAKQ20140501_171859_V06.gz', 's3://unidata-nexrad-level2/2014/05/01/KPBZ/KPBZ20140501_171819_V06.gz', 's3://unidata-nexrad-level2/2014/05/01/KFCX/KFCX20140501_171713_V06.gz']"
T,BE99,CNO UUA /OV CNO330002 /TM 1844 /FL030 /TP BE99 /TB SEV,SEV,201405011850-KWBC-UBCA90-PIREP,3000.0,33.99886985173041,-117.65009816552028,2014-05-01 18:44:00,5.0,L,"('KSOX', 'KEYX', 'KNKX', 'KVTX', 'KVBX')","['s3://unidata-nexrad-level2/2014/05/01/KSOX/KSOX20140501_184124_V06.gz', 's3://unidata-nexrad-level2/2014/05/01/KEYX/KEYX20140501_183942_V06.gz', 's3://unidata-nexrad-level2/2014/05/01/KNKX/KNKX20140501_183816_V06.gz', 's3://unidata-nexrad-level2/2014/05/01/KVTX/KVTX20140501_184230_V06.gz', 's3://unidata-nexrad-level2/2014/05/01/KVBX/KVBX20140501_183532_V06.gz']"
T,SR22,MRN UUA /OV SUG035020/TM 1913/FL100/TP SR22/TB SEV/RM ZTL CWSU,SEV,,10000.0,35.68307279855697,-82.03539708846644,2014-05-01 19:13:00,5.0,L,"('KGSP', 'KMRX', 'KCAE', 'KFCX', 'KJKL')","['s3://unidata-nexrad-level2/2014/05/01/KGSP/KGSP20140501_191003_V06.gz', 's3://unidata-nexrad-level2/2014/05/01/KMRX/KMRX20140501_190452_V06.gz', 's3://unidata-nexrad-level2/2014/05/01/KCAE/KCAE20140501_190949_V06.gz', 's3://unidata-nexrad-level2/2014/05/01/KFCX/KFCX20140501_190339_V06.gz', 's3://unidata-nexrad-level2/2014/05/01/KJKL/KJKL20140501_190601_V06.gz']"
T,M20T,ALS UUA /OV ALS040035/TM 1939/FL200/TP M20T/TB SEV/RM MOD CHOP FL200SEV TURB FL200-210 FOR 8-10 MILES FROM ZDV,SEV,,20000.0,37.88578545412221,-105.38911193571896,2014-05-01 19:39:00,5.0,L,"('KPUX', 'KFTG', 'KGJX', 'KABX', 'KGLD')","['s3://unidata-nexrad-level2/2014/05/01/KPUX/KPUX20140501_193202_V06.gz', 's3://unidata-nexrad-level2/2014/05/01/KFTG/KFTG20140501_193001_V06.gz', 's3://unidata-nexrad-level2/2014/05/01/KGJX/KGJX20140501_193012_V06.gz', 's3://unidata-nexrad-level2/2014/05/01/KABX/KABX20140501_193131_V06.gz', 's3://unidata-nexrad-level2/2014/05/01/KGLD/KGLD20140501_193445_V06.gz']"
F,M20T,ALS UA /OV ALS040035/TM 1939/FL200/TP M20T/TB SEV/RM MOD CHOP FL200SEV FL200-210 FOR 8-10 MILES FROM ZDV,SEV,,20000.0,37.88578545412221,-105.38911193571896,2014-05-01 19:39:00,5.0,L,"('KPUX', 'KFTG', 'KGJX', 'KABX', 'KGLD')","['s3://unidata-nexrad-level2/2014/05/01/KPUX/KPUX20140501_193202_V06.gz', 's3://unidata-nexrad-level2/2014/05/01/KFTG/KFTG20140501_193001_V06.gz', 's3://unidata-nexrad-level2/2014/05/01/KGJX/KGJX20140501_193012_V06.gz', 's3://unidata-nexrad-level2/2014/05/01/KABX/KABX20140501_193131_V06.gz', 's3://unidata-nexrad-level2/2014/05/01/KGLD/KGLD20140501_193445_V06.gz']"
F,M20T,ALS UA /OV ALS040035/TM 1939/FL200/TP M20T/TB SEV/RM MOD CHOP FL200 SEV FL200-210 FOR 8-10 MILES FROM ZDV,SEV,201405011955-KWBC-UBCO90-PIREP,20000.0,37.79689545412221,-105.34828168521382,2014-05-01 19:39:00,5.0,L,"('KPUX', 'KFTG', 'KGJX', 'KABX', 'KGLD')","['s3://unidata-nexrad-level2/2014/05/01/KPUX/KPUX20140501_193202_V06.gz', 's3://unidata-nexrad-level2/2014/05/01/KFTG/KFTG20140501_193001_V06.gz', 's3://unidata-nexrad-level2/2014/05/01/KGJX/KGJX20140501_193012_V06.gz', 's3://unidata-nexrad-level2/2014/05/01/KABX/KABX20140501_193131_V06.gz', 's3://unidata-nexrad-level2/2014/05/01/KGLD/KGLD20140501_193445_V06.gz']"
T,M20T,ALS UUA /OV ALS040035/TM 1939/FL200/TP M20T/TB SEV/RM MOD CHOP FL200 SEV TURB FL200-210 FOR 8-10 MILES FROM ZDV,SEV,201405012000-KWBC-UBCO90-PIREP,20000.0,37.79689545412221,-105.34828168521382,2014-05-01 19:39:00,5.0,L,"('KPUX', 'KFTG', 'KGJX', 'KABX', 'KGLD')","['s3://unidata-nexrad-level2/2014/05/01/KPUX/KPUX20140501_193202_V06.gz', 's3://unidata-nexrad-level2/2014/05/01/KFTG/KFTG20140501_193001_V06.gz', 's3://unidata-nexrad-level2/2014/05/01/KGJX/KGJX20140501_193012_V06.gz', 's3://unidata-nexrad-level2/2014/05/01/KABX/KABX20140501_193131_V06.gz', 's3://unidata-nexrad-level2/2014/05/01/KGLD/KGLD20140501_193445_V06.gz']"
T,GLF4,DMW UUA /OV EMI360010 /TM 2222 /FL090 /TP GLF4 /TB SEV 105-095,SEV 105-095,,9000.0,39.666680166680166,-76.98,2014-05-01 22:22:00,5.0,M,"('KLWX', 'KDOX', 'KCCX', 'KDIX', 'KAKQ')","['s3://unidata-nexrad-level2/2014/05/01/KLWX/KLWX20140501_221821_V06.gz', 's3://unidata-nexrad-level2/2014/05/01/KDOX/KDOX20140501_222007_V07.gz', 's3://unidata-nexrad-level2/2014/05/01/KCCX/KCCX20140501_221945_V06.gz', 's3://unidata-nexrad-level2/2014/05/01/KDIX/KDIX20140501_221831_V06.gz', 's3://unidata-nexrad-level2/2014/05/01/KAKQ/KAKQ20140501_221943_V06.gz']"
T,C208,E80 UUA /OV ABQ160030 /TM 0001 /FL105 /TP C208 /TB SEV /RM VIRGA,SEV,,10500.0,34.572015632017845,-106.40661132140704,2014-05-02 00:01:00,5.0,L,"('KABX', 'KHDX', 'KFDX', 'KEPZ', 'KPUX')","['s3://unidata-nexrad-level2/2014/05/01/KABX/KABX20140501_235613_V06.gz', 's3://unidata-nexrad-level2/2014/05/01/KHDX/KHDX20140501_235226_V07.gz', 's3://unidata-nexrad-level2/2014/05/01/KFDX/KFDX20140501_235747_V07.gz', 's3://unidata-nexrad-level2/2014/05/01/KEPZ/KEPZ20140501_235641_V06.gz', 's3://unidata-nexrad-level2/2014/05/01/KPUX/KPUX20140501_235956_V06.gz']"
T,B737,CDW UUA /OV KLGA270020/TM 0016/FL100/TP B737/TB SEV 100/RM AWC-WEB:SWA,SEV 100,,10000.0,40.77945,-74.32051693250247,2014-05-02 00:16:00,5.0,M,"('KDIX', 'KOKX', 'KENX', 'KBGM', 'KDOX')","['s3://unidata-nexrad-level2/2014/05/02/KDIX/KDIX20140502_001526_V06.gz', 's3://unidata-nexrad-level2/2014/05/02/KENX/KENX20140502_001539_V06.gz', 's3://unidata-nexrad-level2/2014/05/02/KBGM/KBGM20140502_001213_V06.gz', 's3://unidata-nexrad-level2/2014/05/02/KDOX/KDOX20140502_001418_V07.gz']"
F,A319,EMV UA /OV LVL/TM 0057/FL100/TP A319/TB SEV 100,SEV 100,,10000.0,36.7728,-77.7943,2014-05-02 00:57:00,5.0,M,"('KAKQ', 'KRAX', 'KFCX', 'KMHX', 'KLWX')","['s3://unidata-nexrad-level2/2014/05/02/KAKQ/KAKQ20140502_005136_V06.gz', 's3://unidata-nexrad-level2/2014/05/02/KRAX/KRAX20140502_005409_V06.gz', 's3://unidata-nexrad-level2/2014/05/02/KFCX/KFCX20140502_005408_V06.gz', 's3://unidata-nexrad-level2/2014/05/02/KMHX/KMHX20140502_005253_V06.gz', 's3://unidata-nexrad-level2/2014/05/02/KLWX/KLWX20140502_005420_V06.gz']"
T,A319,EMV UUA /OV LVL/TM 0057/FL100/TP A319/TB SEV 100,SEV 100,,10000.0,36.7728,-77.7943,2014-05-02 00:57:00,5.0,M,"('KAKQ', 'KRAX', 'KFCX', 'KMHX', 'KLWX')","['s3://unidata-nexrad-level2/2014/05/02/KAKQ/KAKQ20140502_005136_V06.gz', 's3://unidata-nexrad-level2/2014/05/02/KRAX/KRAX20140502_005409_V06.gz', 's3://unidata-nexrad-level2/2014/05/02/KFCX/KFCX20140502_005408_V06.gz', 's3://unidata-nexrad-level2/2014/05/02/KMHX/KMHX20140502_005253_V06.gz', 's3://unidata-nexrad-level2/2014/05/02/KLWX/KLWX20140502_005420_V06.gz']"
T,C25,PIE UUA /OV 15E PIE/TM 1950/FL230/TP C25/TB SEV TURB/RM REPORTEDFL230-FL270. CWSU ZJX,SEV TURB,,23000.0,27.91,-82.40449050836868,2014-05-02 19:50:00,5.0,M,"('KTBW', 'KMLB', 'KJAX', 'KAMX', 'KAMX')","['s3://unidata-nexrad-level2/2014/05/02/KTBW/KTBW20140502_194657_V06.gz', 's3://unidata-nexrad-level2/2014/05/02/KMLB/KMLB20140502_194924_V06.gz', 's3://unidata-nexrad-level2/2014/05/02/KJAX/KJAX20140502_194503_V06.gz', 's3://unidata-nexrad-level2/2014/05/02/KAMX/KAMX20140502_194849_V06.gz', 's3://unidata-nexrad-level2/2014/05/02/KAMX/KAMX20140502_194849_V06.gz']"
T,C25,PIE UUA /OV 15E PIE/TM 1950/FL230/TP C25/TB SEV TURB/RM REPORTED FL230-FL270. CWSU ZJX,SEV TURB,201405022005-KWBC-UBFL90-PIREP,23000.0,27.91,-82.39707050836869,2014-05-02 19:50:00,5.0,M,"('KTBW', 'KMLB', 'KJAX', 'KAMX', 'KAMX')","['s3://unidata-nexrad-level2/2014/05/02/KTBW/KTBW20140502_194657_V06.gz', 's3://unidata-nexrad-level2/2014/05/02/KMLB/KMLB20140502_194924_V06.gz', 's3://unidata-nexrad-level2/2014/05/02/KJAX/KJAX20140502_194503_V06.gz', 's3://unidata-nexrad-level2/2014/05/02/KAMX/KAMX20140502_194849_V06.gz', 's3://unidata-nexrad-level2/2014/05/02/KAMX/KAMX20140502_194849_V06.gz']"
T,BE36,SJT UUA /OV SJT270035 /TM 2356 /FL070 /TP BE36 /TB SEV 060-070,SEV 060-070,,7000.0,31.35167,-101.17812345681786,2014-05-02 23:56:00,5.0,L,"('KSJT', 'KMAF', 'KDYX', 'KDFX', 'KLBB')","['s3://unidata-nexrad-level2/2014/05/02/KSJT/KSJT20140502_235014_V06.gz', 's3://unidata-nexrad-level2/2014/05/02/KMAF/KMAF20140502_235446_V06.gz', 's3://unidata-nexrad-level2/2014/05/02/KDYX/KDYX20140502_235356_V06.gz', 's3://unidata-nexrad-level2/2014/05/02/KDFX/KDFX20140502_235510_V07.gz', 's3://unidata-nexrad-level2/2014/05/02/KLBB/KLBB20140502_235318_V06.gz']"
T,MD88,OMN UUA /OV OMN/TM 1505/FL320/TP MD88/TB SEV/RM ZJX,SEV,,32000.0,29.30056,-81.11361,2014-05-03 15:05:00,5.0,M,"('KMLB', 'KJAX', 'KTBW', 'KVAX', 'KTLH')","['s3://unidata-nexrad-level2/2014/05/03/KMLB/KMLB20140503_150120_V06.gz', 's3://unidata-nexrad-level2/2014/05/03/KJAX/KJAX20140503_145953_V06.gz', 's3://unidata-nexrad-level2/2014/05/03/KTBW/KTBW20140503_145944_V06.gz', 's3://unidata-nexrad-level2/2014/05/03/KVAX/KVAX20140503_150115_V06.gz', 's3://unidata-nexrad-level2/2014/05/03/KTLH/KTLH20140503_150221_V06.gz']"
T,B737,RDU UUA /OV DIW 180130/TM 1510/FL350/TP B737/TB SEV/RM ZJX.,SEV,,35000.0,32.403157833157834,-77.45,2014-05-03 15:10:00,5.0,M,"('KLTX', 'KMHX', 'KCLX', 'KRAX', 'KCAE')","['s3://unidata-nexrad-level2/2014/05/03/KLTX/KLTX20140503_150932_V06.gz', 's3://unidata-nexrad-level2/2014/05/03/KMHX/KMHX20140503_150926_V06.gz', 's3://unidata-nexrad-level2/2014/05/03/KCLX/KCLX20140503_150723_V06.gz', 's3://unidata-nexrad-level2/2014/05/03/KRAX/KRAX20140503_150053_V06.gz', 's3://unidata-nexrad-level2/2014/05/03/KCAE/KCAE20140503_150357_V06.gz']"
T,B737,RDU UUA /OV DIW 180130/TM 1510/FL350/TP B737/TB SEV/RM ZJX,SEV,201405031555-KWBC-UBNC90-PIREP,35000.0,32.403157833157834,-77.45,2014-05-03 15:10:00,5.0,M,"('KLTX', 'KMHX', 'KCLX', 'KRAX', 'KCAE')","['s3://unidata-nexrad-level2/2014/05/03/KLTX/KLTX20140503_150932_V06.gz', 's3://unidata-nexrad-level2/2014/05/03/KMHX/KMHX20140503_150926_V06.gz', 's3://unidata-nexrad-level2/2014/05/03/KCLX/KCLX20140503_150723_V06.gz', 's3://unidata-nexrad-level2/2014/05/03/KRAX/KRAX20140503_150053_V06.gz', 's3://unidata-nexrad-level2/2014/05/03/KCAE/KCAE20140503_150357_V06.gz']"
T,MD80,OMN UUA /OV OMN/TM 1515/FL320/TP MD80/TB SEV CHOP/RM CWSU ZMA,SEV CHOP,,32000.0,29.30056,-81.11361,2014-05-03 15:15:00,5.0,M,"('KMLB', 'KJAX', 'KTBW', 'KVAX', 'KTLH')","['s3://unidata-nexrad-level2/2014/05/03/KMLB/KMLB20140503_151241_V06.gz', 's3://unidata-nexrad-level2/2014/05/03/KJAX/KJAX20140503_151122_V06.gz', 's3://unidata-nexrad-level2/2014/05/03/KTBW/KTBW20140503_151059_V06.gz', 's3://unidata-nexrad-level2/2014/05/03/KVAX/KVAX20140503_151243_V06.gz', 's3://unidata-nexrad-level2/2014/05/03/KTLH/KTLH20140503_151305_V06.gz']"
T,MD88,OMN UUA /OV OMN /TM 1515 /FL320 /TP MD88 /TB SEV CHOP,SEV CHOP,,32000.0,29.30056,-81.11361,2014-05-03 15:15:00,5.0,M,"('KMLB', 'KJAX', 'KTBW', 'KVAX', 'KTLH')","['s3://unidata-nexrad-level2/2014/05/03/KMLB/KMLB20140503_151241_V06.gz', 's3://unidata-nexrad-level2/2014/05/03/KJAX/KJAX20140503_151122_V06.gz', 's3://unidata-nexrad-level2/2014/05/03/KTBW/KTBW20140503_151059_V06.gz', 's3://unidata-nexrad-level2/2014/05/03/KVAX/KVAX20140503_151243_V06.gz', 's3://unidata-nexrad-level2/2014/05/03/KTLH/KTLH20140503_151305_V06.gz']"
T,MD82,OMN UUA /OV OMN /TM 1515 /FL320 /TP MD82 /TB SEV CHOP,SEV CHOP,,32000.0,29.30056,-81.11361,2014-05-03 15:15:00,5.0,M,"('KMLB', 'KJAX', 'KTBW', 'KVAX', 'KTLH')","['s3://unidata-nexrad-level2/2014/05/03/KMLB/KMLB20140503_151241_V06.gz', 's3://unidata-nexrad-level2/2014/05/03/KJAX/KJAX20140503_151122_V06.gz', 's3://unidata-nexrad-level2/2014/05/03/KTBW/KTBW20140503_151059_V06.gz', 's3://unidata-nexrad-level2/2014/05/03/KVAX/KVAX20140503_151243_V06.gz', 's3://unidata-nexrad-level2/2014/05/03/KTLH/KTLH20140503_151305_V06.gz']"
F,E170,ORL UA /OV 35N ORL/TM 1723/FL350/TP E170/TB SEV/RM ZJX,SEV,,35000.0,29.128840583380583,-81.33294,2014-05-03 17:23:00,5.0,U,"('KMLB', 'KJAX', 'KTBW', 'KVAX', 'KTLH')","['s3://unidata-nexrad-level2/2014/05/03/KMLB/KMLB20140503_171739_V06.gz', 's3://unidata-nexrad-level2/2014/05/03/KJAX/KJAX20140503_171731_V06.gz', 's3://unidata-nexrad-level2/2014/05/03/KTBW/KTBW20140503_172251_V06.gz', 's3://unidata-nexrad-level2/2014/05/03/KVAX/KVAX20140503_172021_V06.gz', 's3://unidata-nexrad-level2/2014/05/03/KTLH/KTLH20140503_172155_V06.gz']"
T,DHC2,SIT UUA /OV SIT090009 /TM 1939 /FL050 /TP DHC2 /TB SEV 050-000 /RMO/SILVER BAY ON DESCENT,SEV 050-000,,5000.0,57.04,-135.0842694374123,2014-05-03 19:39:00,5.0,L,"('PACG', 'PAIH', 'PAIH', 'PAPD', 'KLGX')","['s3://unidata-nexrad-level2/2014/05/03/PACG/PACG20140503_193712_V06.gz', 's3://unidata-nexrad-level2/2014/05/03/PAIH/PAIH20140503_193337_V06.gz', 's3://unidata-nexrad-level2/2014/05/03/PAIH/PAIH20140503_193337_V06.gz', 's3://unidata-nexrad-level2/2014/05/03/PAPD/PAPD20140503_193217_V06.gz', 's3://unidata-nexrad-level2/2014/05/03/KLGX/KLGX20140503_193805_V06.gz']"
T,DHC2,SIT UUA /OV SIT090009 /TM 1939 /FL050 /TP DHC2 /TB SEV 050-000 /RM O/SILVER BAY ON DESCENT,SEV 050-000,201405031945-KWBC-UBAK90-PIREP,5000.0,56.85,-135.255670899985,2014-05-03 19:39:00,5.0,L,"('PACG', 'PAIH', 'PAIH', 'PAPD', 'KLGX')","['s3://unidata-nexrad-level2/2014/05/03/PACG/PACG20140503_193712_V06.gz', 's3://unidata-nexrad-level2/2014/05/03/PAIH/PAIH20140503_193337_V06.gz', 's3://unidata-nexrad-level2/2014/05/03/PAIH/PAIH20140503_193337_V06.gz', 's3://unidata-nexrad-level2/2014/05/03/PAPD/PAPD20140503_193217_V06.gz', 's3://unidata-nexrad-level2/2014/05/03/KLGX/KLGX20140503_193805_V06.gz']"
T,BE35,PRC UUA /OV PRC270020 /TM 2315 /FL095 /TP BE35 /TB SEV,SEV,,9500.0,34.65,-112.8252320862609,2014-05-03 23:15:00,5.0,L,"('KIWA', 'KFSX', 'KFSX', 'KESX', 'KYUX')","['s3://unidata-nexrad-level2/2014/05/03/KIWA/KIWA20140503_230730_V06.gz', 's3://unidata-nexrad-level2/2014/05/03/KFSX/KFSX20140503_230917_V06.gz', 's3://unidata-nexrad-level2/2014/05/03/KFSX/KFSX20140503_230917_V06.gz', 's3://unidata-nexrad-level2/2014/05/03/KESX/KESX20140503_230918_V06.gz', 's3://unidata-nexrad-level2/2014/05/03/KYUX/KYUX20140503_231211_V06.gz']"
T,C182,DMO UUA /OV SHY330030 /TM 1406 /FL035 /TP C182 /TB SEV,SEV,,3500.0,38.47304777595615,-92.91745348067018,2014-05-04 14:06:00,5.0,L,"('KEAX', 'KSGF', 'KLSX', 'KTWX', 'KDMX')","['s3://unidata-nexrad-level2/2014/05/04/KEAX/KEAX20140504_135823_V06.gz', 's3://unidata-nexrad-level2/2014/05/04/KSGF/KSGF20140504_140448_V06.gz', 's3://unidata-nexrad-level2/2014/05/04/KLSX/KLSX20140504_135832_V06.gz', 's3://unidata-nexrad-level2/2014/05/04/KTWX/KTWX20140504_135903_V06.gz', 's3://unidata-nexrad-level2/2014/05/04/KDMX/KDMX20140504_140514_V06.gz']"
T,C182,SHD UUA /OV MOL /TM 1535 /FL085 /TP C182 /TB SEV /RM +/- 100 FEET,SEV,201405041600-KWBC-UBVA90-PIREP,8500.0,37.9,-79.11,2014-05-04 15:35:00,5.0,L,"('KFCX', 'KLWX', 'KAKQ', 'KRLX', 'KRAX')","['s3://unidata-nexrad-level2/2014/05/04/KFCX/KFCX20140504_153448_V06.gz', 's3://unidata-nexrad-level2/2014/05/04/KLWX/KLWX20140504_153325_V06.gz', 's3://unidata-nexrad-level2/2014/05/04/KAKQ/KAKQ20140504_153015_V06.gz', 's3://unidata-nexrad-level2/2014/05/04/KRLX/KRLX20140504_153228_V06.gz', 's3://unidata-nexrad-level2/2014/05/04/KRAX/KRAX20140504_152717_V06.gz']"
T,P46,AVL UUA /OV SUG360020/TM 1725/FL090/TP P46/TB SEV/RM ZTL CWSU,SEV,201405041735-KWBC-UBNC91-PIREP,9000.0,35.74336033336033,-82.27,2014-05-04 17:25:00,5.0,L,"('KGSP', 'KMRX', 'KJKL', 'KCAE', 'KFCX')","['s3://unidata-nexrad-level2/2014/05/04/KGSP/KGSP20140504_171852_V06.gz', 's3://unidata-nexrad-level2/2014/05/04/KMRX/KMRX20140504_171846_V06.gz', 's3://unidata-nexrad-level2/2014/05/04/KJKL/KJKL20140504_172107_V06.gz', 's3://unidata-nexrad-level2/2014/05/04/KCAE/KCAE20140504_171718_V06.gz', 's3://unidata-nexrad-level2/2014/05/04/KFCX/KFCX20140504_172323_V06.gz']"
T,SR22,W99 UUA /OV ESL190020/TM 1841/FL065/TP SR22/TB SEV CAT,SEV CAT,,6500.0,38.901704159160005,-79.06473071141612,2014-05-04 18:41:00,5.0,L,"('KLWX', 'KPBZ', 'KFCX', 'KRLX', 'KCCX')","['s3://unidata-nexrad-level2/2014/05/04/KLWX/KLWX20140504_183903_V06.gz', 's3://unidata-nexrad-level2/2014/05/04/KPBZ/KPBZ20140504_183339_V06.gz', 's3://unidata-nexrad-level2/2014/05/04/KFCX/KFCX20140504_184047_V06.gz', 's3://unidata-nexrad-level2/2014/05/04/KRLX/KRLX20140504_183702_V06.gz', 's3://unidata-nexrad-level2/2014/05/04/KCCX/KCCX20140504_183505_V06.gz']"
T,C172,PIH UUA /OV PIH180010-PIH090015 /TM 1958 /FL080 /TP C172 /TB SEV,SEV,,8000.0,42.74312983331984,-112.59592,2014-05-04 19:58:00,5.0,L,"('KSFX', 'KMTX', 'KCBX', 'KRIW', 'KMSX')","['s3://unidata-nexrad-level2/2014/05/04/KSFX/KSFX20140504_195610_V06.gz', 's3://unidata-nexrad-level2/2014/05/04/KMTX/KMTX20140504_195158_V06.gz', 's3://unidata-nexrad-level2/2014/05/04/KCBX/KCBX20140504_195715_V06.gz', 's3://unidata-nexrad-level2/2014/05/04/KRIW/KRIW20140504_195202_V06.gz', 's3://unidata-nexrad-level2/2014/05/04/KMSX/KMSX20140504_195311_V06.gz']"
T,A332,DOV UUA /OV ENO/TM 2031/FL170/TP A332/TB SEV/RM SEVERE TUBL,SEV,201405042105-KWBC-UBDE91-PIREP,17000.0,39.23,-75.52,2014-05-04 20:31:00,5.0,H,"('KDOX', 'KDIX', 'KLWX', 'KAKQ', 'KCCX')","['s3://unidata-nexrad-level2/2014/05/04/KDOX/KDOX20140504_202527_V07.gz', 's3://unidata-nexrad-level2/2014/05/04/KDIX/KDIX20140504_202907_V06.gz', 's3://unidata-nexrad-level2/2014/05/04/KLWX/KLWX20140504_202626_V06.gz', 's3://unidata-nexrad-level2/2014/05/04/KAKQ/KAKQ20140504_203027_V06.gz', 's3://unidata-nexrad-level2/2014/05/04/KCCX/KCCX20140504_202919_V06.gz']"
T,PAY3,LUA UUA /OV LDN225008 /TM 2224 /FL090 /TP PAY3 /TB SEV,SEV,,9000.0,38.75571145908092,-78.3310704267046,2014-05-04 22:24:00,5.0,L,"('KLWX', 'KAKQ', 'KCCX', 'KPBZ', 'KFCX')","['s3://unidata-nexrad-level2/2014/05/04/KLWX/KLWX20140504_221604_V06.gz', 's3://unidata-nexrad-level2/2014/05/04/KAKQ/KAKQ20140504_221635_V06.gz', 's3://unidata-nexrad-level2/2014/05/04/KCCX/KCCX20140504_221552_V06.gz', 's3://unidata-nexrad-level2/2014/05/04/KPBZ/KPBZ20140504_222259_V06.gz', 's3://unidata-nexrad-level2/2014/05/04/KFCX/KFCX20140504_222339_V06.gz']"
T,C182,EUL UUA /OV BOI270020 /TM 2335 /FL080 /TP C182 /TB SEV /RM -500 FT,SEV,,8000.0,43.56667,-116.70063838812288,2014-05-04 23:35:00,5.0,L,"('KCBX', 'KPDT', 'KLRX', 'KSFX', 'KOTX')","['s3://unidata-nexrad-level2/2014/05/04/KCBX/KCBX20140504_233355_V06.gz', 's3://unidata-nexrad-level2/2014/05/04/KPDT/KPDT20140504_233103_V06.gz', 's3://unidata-nexrad-level2/2014/05/04/KLRX/KLRX20140504_232957_V06.gz', 's3://unidata-nexrad-level2/2014/05/04/KSFX/KSFX20140504_233445_V06.gz', 's3://unidata-nexrad-level2/2014/05/04/KOTX/KOTX20140504_233135_V06.gz']"
F,C680,SFQ UA /OV CVI/TM 0027/FL400/TP C680/TB SEV,SEV,,40000.0,36.37,-76.87,2014-05-05 00:27:00,5.0,U,"('KAKQ', 'KRAX', 'KMHX', 'KLWX', 'KLTX')","['s3://unidata-nexrad-level2/2014/05/05/KAKQ/KAKQ20140505_002108_V06.gz', 's3://unidata-nexrad-level2/2014/05/05/KRAX/KRAX20140505_002628_V06.gz', 's3://unidata-nexrad-level2/2014/05/05/KMHX/KMHX20140505_002625_V06.gz', 's3://unidata-nexrad-level2/2014/05/05/KLWX/KLWX20140505_002254_V06.gz', 's3://unidata-nexrad-level2/2014/05/05/KLTX/KLTX20140505_002551_V06.gz']"
T,MD11,DIK UUA /OV DPR300040/TM 0328/FL390/TP MD11/TB SEV /RM 15-20 SEC,SEV,201405060335-KWBC-UBND90-PIREP,39000.0,45.41336033336033,-102.5377052458331,2014-05-06 03:28:00,5.0,H,"('KUDX', 'KBIS', 'KABR', 'KMBX', 'KLNX')","['s3://unidata-nexrad-level2/2014/05/06/KUDX/KUDX20140506_032618_V06.gz', 's3://unidata-nexrad-level2/2014/05/06/KABR/KABR20140506_032040_V06.gz', 's3://unidata-nexrad-level2/2014/05/06/KMBX/KMBX20140506_032441_V06.gz', 's3://unidata-nexrad-level2/2014/05/06/KLNX/KLNX20140506_032729_V06.gz']"
T,B737,"BCE UUA /OV CDC 140040/TM 1433/FL400/TP B737/TB SEV/RM ""EXTREMETURB""/ZLC",SEV,,40000.0,37.18926233814606,-112.55835814301088,2014-05-06 14:33:00,5.0,M,"('KICX', 'KFSX', 'KFSX', 'KESX', 'KIWA')","['s3://unidata-nexrad-level2/2014/05/06/KICX/KICX20140506_143041_V06.gz', 's3://unidata-nexrad-level2/2014/05/06/KFSX/KFSX20140506_143031_V06.gz', 's3://unidata-nexrad-level2/2014/05/06/KFSX/KFSX20140506_143031_V06.gz', 's3://unidata-nexrad-level2/2014/05/06/KESX/KESX20140506_143224_V06.gz', 's3://unidata-nexrad-level2/2014/05/06/KIWA/KIWA20140506_143131_V06.gz']"
T,B737,"BCE UUA /OV CDC 140040/TM 1433/FL400/TP B737/TB SEV/RM ""EXTREME TURB""/ZLC",SEV,201405061445-KWBC-UBUT91-PIREP,40000.0,37.27926233814605,-112.527699094174,2014-05-06 14:33:00,5.0,M,"('KICX', 'KFSX', 'KFSX', 'KESX', 'KMTX')","['s3://unidata-nexrad-level2/2014/05/06/KICX/KICX20140506_143041_V06.gz', 's3://unidata-nexrad-level2/2014/05/06/KFSX/KFSX20140506_143031_V06.gz', 's3://unidata-nexrad-level2/2014/05/06/KFSX/KFSX20140506_143031_V06.gz', 's3://unidata-nexrad-level2/2014/05/06/KESX/KESX20140506_143224_V06.gz', 's3://unidata-nexrad-level2/2014/05/06/KMTX/KMTX20140506_142957_V06.gz']"
F,B737,CDC UA /OV BCE212040/TM 1434/FL400/TP B737/TB EXTRM CAT 400/RM ZLAWC AWC-WEB:FAAZLA,EXTRM CAT 400,,40000.0,37.1409788079194,-112.59213239014902,2014-05-06 14:34:00,7.0,M,"('KICX', 'KESX', 'KFSX', 'KFSX', 'KIWA')","['s3://unidata-nexrad-level2/2014/05/06/KICX/KICX20140506_143041_V06.gz', 's3://unidata-nexrad-level2/2014/05/06/KESX/KESX20140506_143224_V06.gz', 's3://unidata-nexrad-level2/2014/05/06/KFSX/KFSX20140506_143031_V06.gz', 's3://unidata-nexrad-level2/2014/05/06/KFSX/KFSX20140506_143031_V06.gz', 's3://unidata-nexrad-level2/2014/05/06/KIWA/KIWA20140506_143131_V06.gz']"
T,BE35,ROW UUA /OV ROW310028 /TM 1750 /FL145 /TP BE35 /TB SEV /RM PILOT SAID HEAVY TURB,SEV,201405061810-KWBC-UBNM90-PIREP,14500.0,33.599991848582995,-104.9577497182036,2014-05-06 17:50:00,5.0,L,"('KHDX', 'KFDX', 'KABX', 'KEPZ', 'KLBB')","['s3://unidata-nexrad-level2/2014/05/06/KHDX/KHDX20140506_174406_V07.gz', 's3://unidata-nexrad-level2/2014/05/06/KFDX/KFDX20140506_174607_V07.gz', 's3://unidata-nexrad-level2/2014/05/06/KABX/KABX20140506_174913_V06.gz', 's3://unidata-nexrad-level2/2014/05/06/KEPZ/KEPZ20140506_174448_V06.gz', 's3://unidata-nexrad-level2/2014/05/06/KLBB/KLBB20140506_174823_V06.gz']"
T,C25B,PVU UUA /OV FFU 155020/TM 2354/FL110/TP C25B/TB SEV/RM ZLC,SEV,,11000.0,39.9678729339864,-111.75535662695862,2014-05-06 23:54:00,5.0,U,"('KMTX', 'KICX', 'KGJX', 'KSFX', 'KRIW')","['s3://unidata-nexrad-level2/2014/05/06/KMTX/KMTX20140506_235209_V06.gz', 's3://unidata-nexrad-level2/2014/05/06/KICX/KICX20140506_234951_V06.gz', 's3://unidata-nexrad-level2/2014/05/06/KGJX/KGJX20140506_235059_V06.gz', 's3://unidata-nexrad-level2/2014/05/06/KSFX/KSFX20140506_235153_V06.gz', 's3://unidata-nexrad-level2/2014/05/06/KRIW/KRIW20140506_235256_V06.gz']"
T,C25B,PVU UUA /OV PVU180010-PVU180006 /TM 2356 /FL065 /TP C25B /TB SEV 100-065 /RM DURD,SEV 100-065,,6500.0,40.05250983331983,-111.72336,2014-05-06 23:56:00,5.0,U,"('KMTX', 'KICX', 'KGJX', 'KSFX', 'KRIW')","['s3://unidata-nexrad-level2/2014/05/06/KMTX/KMTX20140506_235209_V06.gz', 's3://unidata-nexrad-level2/2014/05/06/KICX/KICX20140506_235539_V06.gz', 's3://unidata-nexrad-level2/2014/05/06/KGJX/KGJX20140506_235059_V06.gz', 's3://unidata-nexrad-level2/2014/05/06/KSFX/KSFX20140506_235153_V06.gz', 's3://unidata-nexrad-level2/2014/05/06/KRIW/KRIW20140506_235256_V06.gz']"
T,C172,C09 UUA /OV C09180005 /TM 2254 /FL050 /TP C172 /TB SEV,SEV,,5000.0,41.34193991665992,-88.41861,2014-05-07 22:54:00,5.0,L,"('KLOT', 'KILX', 'KMKX', 'KDVN', 'KIND')","['s3://unidata-nexrad-level2/2014/05/07/KLOT/KLOT20140507_224957_V06.gz', 's3://unidata-nexrad-level2/2014/05/07/KILX/KILX20140507_225132_V06.gz', 's3://unidata-nexrad-level2/2014/05/07/KMKX/KMKX20140507_224905_V06.gz', 's3://unidata-nexrad-level2/2014/05/07/KDVN/KDVN20140507_225131_V06.gz', 's3://unidata-nexrad-level2/2014/05/07/KIND/KIND20140507_224859_V06.gz']"
T,B737,4BM UUA /OV DEN225040 /TM 0000 /FL170 /TP B737 /TB SEV,SEV,,17000.0,39.3613572954046,-105.27142407248736,2014-05-08 00:00:00,5.0,M,"('KFTG', 'KPUX', 'KCYS', 'KGJX', 'KGLD')","['s3://unidata-nexrad-level2/2014/05/07/KFTG/KFTG20140507_235336_V06.gz', 's3://unidata-nexrad-level2/2014/05/07/KPUX/KPUX20140507_235848_V06.gz', 's3://unidata-nexrad-level2/2014/05/07/KCYS/KCYS20140507_235648_V06.gz', 's3://unidata-nexrad-level2/2014/05/07/KGJX/KGJX20140507_235619_V06.gz', 's3://unidata-nexrad-level2/2014/05/07/KGLD/KGLD20140507_235903_V06.gz']"
F,C208,LBF UA /OV LBF051030/TM 0014/FL050/TP C208/TB SEV/RM WENT DOWN 300 FEET ZDV,SEV,,5000.0,41.43659568302624,-100.15309873939044,2014-05-08 00:14:00,5.0,L,"('KLNX', 'KUEX', 'KGLD', 'KOAX', 'KDDC')","['s3://unidata-nexrad-level2/2014/05/08/KLNX/KLNX20140508_001306_V06.gz', 's3://unidata-nexrad-level2/2014/05/08/KUEX/KUEX20140508_000957_V06.gz', 's3://unidata-nexrad-level2/2014/05/08/KGLD/KGLD20140508_001147_V06.gz', 's3://unidata-nexrad-level2/2014/05/08/KOAX/KOAX20140508_001202_V06.gz', 's3://unidata-nexrad-level2/2014/05/08/KDDC/KDDC20140508_001100_V06.gz']"
F,C208,LBF UA /OV LBF051030/TM 0014/FL050/TP C208/TB SEV/RM WENT DOWN 300FEET ZDV,SEV,,5000.0,41.43659568302624,-100.15309873939044,2014-05-08 00:14:00,5.0,L,"('KLNX', 'KUEX', 'KGLD', 'KOAX', 'KDDC')","['s3://unidata-nexrad-level2/2014/05/08/KLNX/KLNX20140508_001306_V06.gz', 's3://unidata-nexrad-level2/2014/05/08/KUEX/KUEX20140508_000957_V06.gz', 's3://unidata-nexrad-level2/2014/05/08/KGLD/KGLD20140508_001147_V06.gz', 's3://unidata-nexrad-level2/2014/05/08/KOAX/KOAX20140508_001202_V06.gz', 's3://unidata-nexrad-level2/2014/05/08/KDDC/KDDC20140508_001100_V06.gz']"
T,SW4,LBF UUA /OV LBF/TM 0051/FL100/TP SW4/TB SEV/RM DURC TO FL100 FM ZDV,SEV,,10000.0,41.12191,-100.66896,2014-05-08 00:51:00,5.0,M,"('KLNX', 'KUEX', 'KGLD', 'KUDX', 'KDDC')","['s3://unidata-nexrad-level2/2014/05/08/KLNX/KLNX20140508_005033_V06.gz', 's3://unidata-nexrad-level2/2014/05/08/KUEX/KUEX20140508_004728_V06.gz', 's3://unidata-nexrad-level2/2014/05/08/KGLD/KGLD20140508_004849_V06.gz', 's3://unidata-nexrad-level2/2014/05/08/KUDX/KUDX20140508_004904_V06.gz', 's3://unidata-nexrad-level2/2014/05/08/KDDC/KDDC20140508_004844_V06.gz']"
T,E135,DDC UUA /OV DDC090070/TM 0054/FL360/TP E135/TB EXTRM/RM LOST 4000FT/CWSU ZKC,EXTRM,,36000.0,37.76312,-98.48953345675834,2014-05-08 00:54:00,7.0,M,"('KICT', 'KVNX', 'KDDC', 'KUEX', 'KTLX')","['s3://unidata-nexrad-level2/2014/05/08/KICT/KICT20140508_004925_V06.gz', 's3://unidata-nexrad-level2/2014/05/08/KVNX/KVNX20140508_005147_V07.gz', 's3://unidata-nexrad-level2/2014/05/08/KDDC/KDDC20140508_005301_V06.gz', 's3://unidata-nexrad-level2/2014/05/08/KUEX/KUEX20140508_005209_V06.gz', 's3://unidata-nexrad-level2/2014/05/08/KTLX/KTLX20140508_005157_V06.gz']"
T,E135,DDC UUA /OV DDC090070/TM 0054/FL360/TP E135/TB EXTRM/RM LOST 4000FT/ CWSU ZKC,EXTRM,201405080100-KWBC-UBKS90-PIREP,36000.0,37.85,-98.532376092952,2014-05-08 00:54:00,7.0,M,"('KICT', 'KDDC', 'KVNX', 'KTWX', 'KGLD')","['s3://unidata-nexrad-level2/2014/05/08/KICT/KICT20140508_004925_V06.gz', 's3://unidata-nexrad-level2/2014/05/08/KDDC/KDDC20140508_005301_V06.gz', 's3://unidata-nexrad-level2/2014/05/08/KVNX/KVNX20140508_005147_V07.gz', 's3://unidata-nexrad-level2/2014/05/08/KTWX/KTWX20140508_004940_V06.gz', 's3://unidata-nexrad-level2/2014/05/08/KGLD/KGLD20140508_004849_V06.gz']"
T,H25B,LNK UUA /OV LNK275015 /TM 0350 /FL050 /TP H25B /TB SEV,SEV,201405080400-KWBC-UBNE90-PIREP,5000.0,40.94179070059247,-97.06961970360328,2014-05-08 03:50:00,5.0,M,"('KOAX', 'KUEX', 'KTWX', 'KFSD', 'KICT')","['s3://unidata-nexrad-level2/2014/05/08/KOAX/KOAX20140508_034954_V06.gz', 's3://unidata-nexrad-level2/2014/05/08/KUEX/KUEX20140508_034536_V06.gz', 's3://unidata-nexrad-level2/2014/05/08/KTWX/KTWX20140508_034716_V06.gz', 's3://unidata-nexrad-level2/2014/05/08/KFSD/KFSD20140508_034937_V06.gz', 's3://unidata-nexrad-level2/2014/05/08/KICT/KICT20140508_034535_V06.gz']"
T,B752,BIE UUA /OV PWE/TM 0442/FL390/TP B752/TB SEV,SEV,201405080455-KWBC-UBNE90-PIREP,39000.0,40.2,-96.21,2014-05-08 04:42:00,5.0,M,"('KTWX', 'KOAX', 'KUEX', 'KEAX', 'KDMX')","['s3://unidata-nexrad-level2/2014/05/08/KTWX/KTWX20140508_043830_V06.gz', 's3://unidata-nexrad-level2/2014/05/08/KOAX/KOAX20140508_044109_V06.gz', 's3://unidata-nexrad-level2/2014/05/08/KUEX/KUEX20140508_044156_V06.gz', 's3://unidata-nexrad-level2/2014/05/08/KEAX/KEAX20140508_044029_V06.gz', 's3://unidata-nexrad-level2/2014/05/08/KDMX/KDMX20140508_043807_V06.gz']"
T,C560,PRX UUA /OV BYP090020/TM 1634/FL410/TP C560/TB SEV/RM AWC-WEB:KZFW,SEV,201405081640-KWBC-UBTX90-PIREP,41000.0,33.54,-95.83004773161048,2014-05-08 16:34:00,5.0,M,"('KFWS', 'KTLX', 'KOUN', 'KSHV', 'KSRX')","['s3://unidata-nexrad-level2/2014/05/08/KFWS/KFWS20140508_163301_V06.gz', 's3://unidata-nexrad-level2/2014/05/08/KTLX/KTLX20140508_163340_V06.gz', 's3://unidata-nexrad-level2/2014/05/08/KSHV/KSHV20140508_162859_V06.gz', 's3://unidata-nexrad-level2/2014/05/08/KSRX/KSRX20140508_163140_V06.gz']"
T,E170,FOD UUA /OV FOD/TM 1810/FL350/TP E170/TB SEV CAT 350-330,SEV CAT 350-330,201405081825-KWBC-UBIA90-PIREP,35000.0,42.61,-94.29,2014-05-08 18:10:00,5.0,U,"('KDMX', 'KARX', 'KOAX', 'KFSD', 'KMPX')","['s3://unidata-nexrad-level2/2014/05/08/KDMX/KDMX20140508_180934_V06.gz', 's3://unidata-nexrad-level2/2014/05/08/KARX/KARX20140508_180739_V06.gz', 's3://unidata-nexrad-level2/2014/05/08/KOAX/KOAX20140508_180646_V06.gz', 's3://unidata-nexrad-level2/2014/05/08/KFSD/KFSD20140508_180654_V06.gz', 's3://unidata-nexrad-level2/2014/05/08/KMPX/KMPX20140508_180709_V06.gz']"
T,B752,BWD UUA /OV BWD110010/TM 2131/FL300/TP B752/TB SEV/RM SEV FL320-FL300 MOD BLW FL300 TO 150 AWC-WEB:KZFW,SEV,,30000.0,31.736602025502503,-98.77222109639516,2014-05-08 21:31:00,5.0,M,"('KDYX', 'KFWS', 'KSJT', 'KGRK', 'KFDR')","['s3://unidata-nexrad-level2/2014/05/08/KDYX/KDYX20140508_212723_V06.gz', 's3://unidata-nexrad-level2/2014/05/08/KFWS/KFWS20140508_212738_V06.gz', 's3://unidata-nexrad-level2/2014/05/08/KSJT/KSJT20140508_212946_V06.gz', 's3://unidata-nexrad-level2/2014/05/08/KGRK/KGRK20140508_212743_V06.gz', 's3://unidata-nexrad-level2/2014/05/08/KFDR/KFDR20140508_212729_V06.gz']"
T,B752,BWD UUA /OV BWD225010/TM 2131/FL320/TP B752/TB SEV 300-320/RM MOD TURB BLW FL300; FM ZHU AWC-WEB:KZHU,SEV 300-320,201405082215-KWBC-UBTX90-PIREP,32000.0,31.77213932385115,-99.09881249163011,2014-05-08 21:31:00,5.0,M,"('KDYX', 'KFWS', 'KGRK', 'KSJT', 'KMAF')","['s3://unidata-nexrad-level2/2014/05/08/KDYX/KDYX20140508_212723_V06.gz', 's3://unidata-nexrad-level2/2014/05/08/KFWS/KFWS20140508_212738_V06.gz', 's3://unidata-nexrad-level2/2014/05/08/KGRK/KGRK20140508_212743_V06.gz', 's3://unidata-nexrad-level2/2014/05/08/KSJT/KSJT20140508_212946_V06.gz', 's3://unidata-nexrad-level2/2014/05/08/KMAF/KMAF20140508_212503_V06.gz']"
T,PA46,AFF UUA /OV DEN180045 /TM 2304 /FL170 /TP PA46 /TA M10 /TB SEV 170-140 /IC MOD RIME 170-140,SEV 170-140,,17000.0,39.08273924993925,-104.6575,2014-05-08 23:04:00,5.0,L,"('KFTG', 'KPUX', 'KCYS', 'KGLD', 'KGJX')","['s3://unidata-nexrad-level2/2014/05/08/KFTG/KFTG20140508_230158_V06.gz', 's3://unidata-nexrad-level2/2014/05/08/KPUX/KPUX20140508_225922_V06.gz', 's3://unidata-nexrad-level2/2014/05/08/KCYS/KCYS20140508_230146_V06.gz', 's3://unidata-nexrad-level2/2014/05/08/KGLD/KGLD20140508_230134_V06.gz', 's3://unidata-nexrad-level2/2014/05/08/KGJX/KGJX20140508_230258_V06.gz']"
T,LJ35,ACT UUA /OV ACT090015/TM 2352/FL390/TP LJ35/TB SEV/RM AWC-WEB:KZFW,SEV,201405082355-KWBC-UBTX90-PIREP,39000.0,31.66,-96.97626552458526,2014-05-08 23:52:00,5.0,M,"('KGRK', 'KFWS', 'KDYX', 'KEWX', 'KSHV')","['s3://unidata-nexrad-level2/2014/05/08/KGRK/KGRK20140508_235059_V06.gz', 's3://unidata-nexrad-level2/2014/05/08/KFWS/KFWS20140508_234746_V06.gz', 's3://unidata-nexrad-level2/2014/05/08/KDYX/KDYX20140508_235108_V06.gz', 's3://unidata-nexrad-level2/2014/05/08/KEWX/KEWX20140508_235139_V06.gz', 's3://unidata-nexrad-level2/2014/05/08/KSHV/KSHV20140508_234608_V06.gz']"
T,C550,C75 UUA /OV BDF /TM 0019 /FL120 /TP C550 /TB SEV,SEV,,12000.0,41.16,-89.59,2014-05-09 00:19:00,5.0,L,"('KDVN', 'KILX', 'KLOT', 'KMKX', 'KLSX')","['s3://unidata-nexrad-level2/2014/05/09/KDVN/KDVN20140509_001600_V06.gz', 's3://unidata-nexrad-level2/2014/05/09/KILX/KILX20140509_001646_V06.gz', 's3://unidata-nexrad-level2/2014/05/09/KLOT/KLOT20140509_001831_V06.gz', 's3://unidata-nexrad-level2/2014/05/09/KMKX/KMKX20140509_001548_V06.gz', 's3://unidata-nexrad-level2/2014/05/09/KLSX/KLSX20140509_001800_V06.gz']"
T,C550,C75 UUA /OV BDF090010 /TM 0019 /FL120 /TP C550 /TB SEV,SEV,,12000.0,41.16,-89.36860832114255,2014-05-09 00:19:00,5.0,L,"('KILX', 'KDVN', 'KLOT', 'KMKX', 'KLSX')","['s3://unidata-nexrad-level2/2014/05/09/KILX/KILX20140509_001646_V06.gz', 's3://unidata-nexrad-level2/2014/05/09/KDVN/KDVN20140509_001600_V06.gz', 's3://unidata-nexrad-level2/2014/05/09/KLOT/KLOT20140509_001831_V06.gz', 's3://unidata-nexrad-level2/2014/05/09/KMKX/KMKX20140509_001548_V06.gz', 's3://unidata-nexrad-level2/2014/05/09/KLSX/KLSX20140509_001800_V06.gz']"
T,M20P,SLG UUA /OV DAK245020 /TM 0138 /FL090 /TP M20P /TB SEV,SEV,,9000.0,35.89911583538196,-94.57363920063476,2014-05-09 01:38:00,5.0,L,"('KSRX', 'KINX', 'KSGF', 'KLZK', 'KTLX')","['s3://unidata-nexrad-level2/2014/05/09/KSRX/KSRX20140509_013512_V06.gz', 's3://unidata-nexrad-level2/2014/05/09/KINX/KINX20140509_013510_V06.gz', 's3://unidata-nexrad-level2/2014/05/09/KSGF/KSGF20140509_013535_V06.gz', 's3://unidata-nexrad-level2/2014/05/09/KLZK/KLZK20140509_013645_V06.gz', 's3://unidata-nexrad-level2/2014/05/09/KTLX/KTLX20140509_013752_V06.gz']"
F,CRJ9,UUA /OV CYCC 250030 /TM 1820 /FL120 /TP CRJ9 /TB MDT-SEV 120 /RM TURB OCNL SEV REPD NR KAVSU / CORRECTED COPY,MDT-SEV 120,,12000.0,44.91897607650751,-75.22556313074399,2014-05-09 18:20:00,5.0,U,"('KTYX', 'KCXX', 'KENX', 'KBGM', 'KBUF')","['s3://unidata-nexrad-level2/2014/05/09/KTYX/KTYX20140509_181510_V07.gz', 's3://unidata-nexrad-level2/2014/05/09/KCXX/KCXX20140509_181912_V06.gz', 's3://unidata-nexrad-level2/2014/05/09/KENX/KENX20140509_181921_V06.gz', 's3://unidata-nexrad-level2/2014/05/09/KBGM/KBGM20140509_181138_V06.gz', 's3://unidata-nexrad-level2/2014/05/09/KBUF/KBUF20140509_181614_V06.gz']"
F,CRJ9,UA /OV CYCC 250030 /TM 1820 /FL120 /TP CRJ9 /TB MDT-SEV 120 /RM TURB OCNL SEV REPD NR KAVSU,MDT-SEV 120,,12000.0,44.91897607650751,-75.22556313074399,2014-05-09 18:20:00,5.0,U,"('KTYX', 'KCXX', 'KENX', 'KBGM', 'KBUF')","['s3://unidata-nexrad-level2/2014/05/09/KTYX/KTYX20140509_181510_V07.gz', 's3://unidata-nexrad-level2/2014/05/09/KCXX/KCXX20140509_181912_V06.gz', 's3://unidata-nexrad-level2/2014/05/09/KENX/KENX20140509_181921_V06.gz', 's3://unidata-nexrad-level2/2014/05/09/KBGM/KBGM20140509_181138_V06.gz', 's3://unidata-nexrad-level2/2014/05/09/KBUF/KBUF20140509_181614_V06.gz']"
T,EVOT,AUS UUA /OV CWK360020/TM 1950/FL170/TP EVOT/TB OCNL SEV 170/RM FM ZHU AWC-WEB:KZHU,OCNL SEV 170,,17000.0,30.71336033336033,-97.53,2014-05-09 19:50:00,5.0,U,"('KGRK', 'KEWX', 'KFWS', 'KDYX', 'KHGX')","['s3://unidata-nexrad-level2/2014/05/09/KGRK/KGRK20140509_194519_V06.gz', 's3://unidata-nexrad-level2/2014/05/09/KEWX/KEWX20140509_194840_V06.gz', 's3://unidata-nexrad-level2/2014/05/09/KFWS/KFWS20140509_194941_V06.gz', 's3://unidata-nexrad-level2/2014/05/09/KDYX/KDYX20140509_194544_V06.gz', 's3://unidata-nexrad-level2/2014/05/09/KHGX/KHGX20140509_194923_V06.gz']"
T,C750,CLL UUA /OV CLL180015/TM 2006/FL400/TP C750/TB SEV 400/RM LOSS OF 1500 FT; FM ZHU AWC-WEB:KZHU,SEV 400,,40000.0,30.33803974997975,-96.36389,2014-05-09 20:06:00,5.0,M,"('KGRK', 'KHGX', 'KEWX', 'KFWS', 'KLCH')","['s3://unidata-nexrad-level2/2014/05/09/KGRK/KGRK20140509_200504_V06.gz', 's3://unidata-nexrad-level2/2014/05/09/KHGX/KHGX20140509_200402_V06.gz', 's3://unidata-nexrad-level2/2014/05/09/KEWX/KEWX20140509_200203_V06.gz', 's3://unidata-nexrad-level2/2014/05/09/KFWS/KFWS20140509_200527_V06.gz', 's3://unidata-nexrad-level2/2014/05/09/KLCH/KLCH20140509_200451_V06.gz']"
T,E145,LFK UUA /OV LOA090020/TM 2030/FL270/TP E145/TB SEV 270/RM FM ZHU AWC-WEB:KZHU,SEV 270,201405092050-KWBC-UBTX90-PIREP,27000.0,31.12,-95.5805998115102,2014-05-09 20:30:00,5.0,M,"('KGRK', 'KFWS', 'KPOE', 'KHGX', 'KLCH')","['s3://unidata-nexrad-level2/2014/05/09/KGRK/KGRK20140509_202951_V06.gz', 's3://unidata-nexrad-level2/2014/05/09/KFWS/KFWS20140509_202732_V06.gz', 's3://unidata-nexrad-level2/2014/05/09/KPOE/KPOE20140509_202621_V06.gz', 's3://unidata-nexrad-level2/2014/05/09/KHGX/KHGX20140509_202727_V06.gz', 's3://unidata-nexrad-level2/2014/05/09/KLCH/KLCH20140509_202816_V06.gz']"
F,BE9L,UUA /OV YQB 270030 /TM 2258 /FL130 /TP BE9L /TB SEV 130-150 /RM IN CLOUDS,SEV 130-150,,13000.0,46.79111,-72.12367842233425,2014-05-09 22:58:00,5.0,L,"('KCXX', 'KCBW', 'KGYX', 'KENX', 'KTYX')","['s3://unidata-nexrad-level2/2014/05/09/KCXX/KCXX20140509_225637_V06.gz', 's3://unidata-nexrad-level2/2014/05/09/KCBW/KCBW20140509_225243_V06.gz', 's3://unidata-nexrad-level2/2014/05/09/KGYX/KGYX20140509_225718_V06.gz', 's3://unidata-nexrad-level2/2014/05/09/KENX/KENX20140509_225431_V06.gz', 's3://unidata-nexrad-level2/2014/05/09/KTYX/KTYX20140509_225534_V07.gz']"
T,LJ35,ACT UUA /OV ACT/TM 2343/FL390/TP LJ35/TB SEV 390/RM FM ZHU AWC-WEB:KZHU,SEV 390,,39000.0,31.61797,-97.2283,2014-05-09 23:43:00,5.0,M,"('KFWS', 'KGRK', 'KDYX', 'KEWX', 'KSJT')","['s3://unidata-nexrad-level2/2014/05/09/KFWS/KFWS20140509_234121_V06.gz', 's3://unidata-nexrad-level2/2014/05/09/KGRK/KGRK20140509_234037_V06.gz', 's3://unidata-nexrad-level2/2014/05/09/KDYX/KDYX20140509_233948_V06.gz', 's3://unidata-nexrad-level2/2014/05/09/KEWX/KEWX20140509_234055_V06.gz', 's3://unidata-nexrad-level2/2014/05/09/KSJT/KSJT20140509_234044_V06.gz']"
F,LJ35,ACT UA /OV ACT/TM 2343/FL390/TP LJ35/TB SEV 390/RM FM ZHU AWC-WEB:KZHU,SEV 390,,39000.0,31.61797,-97.2283,2014-05-09 23:43:00,5.0,M,"('KFWS', 'KGRK', 'KDYX', 'KEWX', 'KSJT')","['s3://unidata-nexrad-level2/2014/05/09/KFWS/KFWS20140509_234121_V06.gz', 's3://unidata-nexrad-level2/2014/05/09/KGRK/KGRK20140509_234037_V06.gz', 's3://unidata-nexrad-level2/2014/05/09/KDYX/KDYX20140509_233948_V06.gz', 's3://unidata-nexrad-level2/2014/05/09/KEWX/KEWX20140509_234055_V06.gz', 's3://unidata-nexrad-level2/2014/05/09/KSJT/KSJT20140509_234044_V06.gz']"
T,LJ35,ACT UUA /OV ACT090015/TM 2352/FL390/TP LJ35/TB SEV/RM AWC-WEB:KZFW,SEV,,39000.0,31.61797,-96.93469825629408,2014-05-09 23:52:00,5.0,M,"('KGRK', 'KFWS', 'KEWX', 'KDYX', 'KSHV')","['s3://unidata-nexrad-level2/2014/05/09/KGRK/KGRK20140509_235051_V06.gz', 's3://unidata-nexrad-level2/2014/05/09/KFWS/KFWS20140509_235106_V06.gz', 's3://unidata-nexrad-level2/2014/05/09/KEWX/KEWX20140509_234952_V06.gz', 's3://unidata-nexrad-level2/2014/05/09/KDYX/KDYX20140509_235052_V06.gz', 's3://unidata-nexrad-level2/2014/05/09/KSHV/KSHV20140509_234750_V06.gz']"
T,SR22,GGG UUA /OV GGG/TM 0000/FL080/TP SR22/TB SEV/RM AWC-WEB:KZFW,SEV,201405100025-KWBC-UBTX90-PIREP,8000.0,32.42,-94.75,2014-05-10 00:00:00,5.0,L,"('KSHV', 'KPOE', 'KFWS', 'KLCH', 'KSRX')","['s3://unidata-nexrad-level2/2014/05/09/KSHV/KSHV20140509_235916_V06.gz', 's3://unidata-nexrad-level2/2014/05/09/KPOE/KPOE20140509_235844_V06.gz', 's3://unidata-nexrad-level2/2014/05/09/KFWS/KFWS20140509_235809_V06.gz', 's3://unidata-nexrad-level2/2014/05/09/KLCH/KLCH20140509_235852_V06.gz', 's3://unidata-nexrad-level2/2014/05/09/KSRX/KSRX20140509_235852_V06.gz']"
T,B74,MIA UUA /OV 19N056W/TM 0842/FL380/TP B74/TB SEV-EXTRM,SEV-EXTRM,201405100950-KWBC-UBFL90-PIREP,38000.0,19.0,-56.0,2014-05-10 08:42:00,6.0,U,"('KAMX', 'KAMX', 'KMHX', 'KMLB', 'KBYX')","['s3://unidata-nexrad-level2/2014/05/10/KAMX/KAMX20140510_083647_V06.gz', 's3://unidata-nexrad-level2/2014/05/10/KAMX/KAMX20140510_083647_V06.gz', 's3://unidata-nexrad-level2/2014/05/10/KMHX/KMHX20140510_084004_V06.gz', 's3://unidata-nexrad-level2/2014/05/10/KMLB/KMLB20140510_083909_V06.gz', 's3://unidata-nexrad-level2/2014/05/10/KBYX/KBYX20140510_083459_V06.gz']"
T,B744,MIA UUA /OV 1923N05632W/TM 0847/FL380/TP B744/TB MOS-SEV,MOS-SEV,201405100950-KWBC-UBFL90-PIREP,38000.0,19.3833,-56.5333,2014-05-10 08:47:00,5.0,H,"('KAMX', 'KAMX', 'KMHX', 'KMLB', 'KBYX')","['s3://unidata-nexrad-level2/2014/05/10/KAMX/KAMX20140510_084631_V06.gz', 's3://unidata-nexrad-level2/2014/05/10/KAMX/KAMX20140510_084631_V06.gz', 's3://unidata-nexrad-level2/2014/05/10/KMHX/KMHX20140510_084553_V06.gz', 's3://unidata-nexrad-level2/2014/05/10/KMLB/KMLB20140510_084404_V06.gz', 's3://unidata-nexrad-level2/2014/05/10/KBYX/KBYX20140510_084443_V06.gz']"
T,SR22,IKW UUA /OV MBS315015 /TM 1536 /FL065 /TP SR22 /TB SEV,SEV,,6500.0,43.70679101422328,-84.32384501651578,2014-05-10 15:36:00,5.0,L,"('KDTX', 'KGRR', 'KAPX', 'KIWX', 'KCLE')","['s3://unidata-nexrad-level2/2014/05/10/KDTX/KDTX20140510_153022_V06.gz', 's3://unidata-nexrad-level2/2014/05/10/KGRR/KGRR20140510_153442_V06.gz', 's3://unidata-nexrad-level2/2014/05/10/KAPX/KAPX20140510_153424_V06.gz', 's3://unidata-nexrad-level2/2014/05/10/KIWX/KIWX20140510_153211_V06.gz', 's3://unidata-nexrad-level2/2014/05/10/KCLE/KCLE20140510_153537_V06.gz']"
T,C177,MHV UUA /OV L71360005 /TM 1614 /FL055 /TP C177 /TB SEV /RM 2000FPM DDFTS ACSL ABV,SEV,201405101645-KWBC-UBCA90-PIREP,5500.0,35.08,-118.12,2014-05-10 16:14:00,5.0,L,"('KEYX', 'KVTX', 'KSOX', 'KHNX', 'KVBX')","['s3://unidata-nexrad-level2/2014/05/10/KEYX/KEYX20140510_160604_V06.gz', 's3://unidata-nexrad-level2/2014/05/10/KSOX/KSOX20140510_160839_V06.gz', 's3://unidata-nexrad-level2/2014/05/10/KHNX/KHNX20140510_161202_V06.gz', 's3://unidata-nexrad-level2/2014/05/10/KVBX/KVBX20140510_161312_V06.gz']"
T,C560,PUJ UUA /OV RMG180010 /TM 1710 /FL080 /TP C560 /TB SEV,SEV,,8000.0,34.181099833319834,-85.16111,2014-05-10 17:10:00,5.0,M,"('KFFC', 'KHTX', 'KBMX', 'KMXX', 'KJGX')","['s3://unidata-nexrad-level2/2014/05/10/KFFC/KFFC20140510_170811_V06.gz', 's3://unidata-nexrad-level2/2014/05/10/KHTX/KHTX20140510_170602_V06.gz', 's3://unidata-nexrad-level2/2014/05/10/KBMX/KBMX20140510_170502_V06.gz', 's3://unidata-nexrad-level2/2014/05/10/KMXX/KMXX20140510_170830_V06.gz', 's3://unidata-nexrad-level2/2014/05/10/KJGX/KJGX20140510_170712_V07.gz']"
T,P28A,PSP UUA /OV BNG /TM 2007 /FL065 /TP P28A /TB SEV 065-BLO /RM DURD EASTBOUND TO PSP,SEV 065-BLO,,6500.0,33.92,-116.85,2014-05-10 20:07:00,5.0,L,"('KSOX', 'KNKX', 'KEYX', 'KVTX', 'KYUX')","['s3://unidata-nexrad-level2/2014/05/10/KSOX/KSOX20140510_200124_V06.gz', 's3://unidata-nexrad-level2/2014/05/10/KNKX/KNKX20140510_200109_V06.gz', 's3://unidata-nexrad-level2/2014/05/10/KEYX/KEYX20140510_200335_V06.gz', 's3://unidata-nexrad-level2/2014/05/10/KVTX/KVTX20140510_201540_V06.gz', 's3://unidata-nexrad-level2/2014/05/10/KYUX/KYUX20140510_200642_V06.gz']"
T,C560,TDF UUA /OV RDU360025 /TM 2120 /FL090 /TP C560 /TB SEV,SEV,,9000.0,36.30890041670042,-78.7819,2014-05-10 21:20:00,5.0,M,"('KRAX', 'KFCX', 'KAKQ', 'KMHX', 'KLTX')","['s3://unidata-nexrad-level2/2014/05/10/KRAX/KRAX20140510_211835_V06.gz', 's3://unidata-nexrad-level2/2014/05/10/KFCX/KFCX20140510_211758_V06.gz', 's3://unidata-nexrad-level2/2014/05/10/KAKQ/KAKQ20140510_211726_V06.gz', 's3://unidata-nexrad-level2/2014/05/10/KMHX/KMHX20140510_211509_V06.gz', 's3://unidata-nexrad-level2/2014/05/10/KLTX/KLTX20140510_211715_V06.gz']"
T,C560,SPI UUA /OV SPI270025/TM 0424/FL050/TP C560/TB SEV,SEV,201405110435-KWBC-UBIL91-PIREP,5000.0,39.85,-90.2227732814602,2014-05-11 04:24:00,5.0,M,"('KILX', 'KLSX', 'KDVN', 'KLOT', 'KVWX')","['s3://unidata-nexrad-level2/2014/05/11/KILX/KILX20140511_041952_V06.gz', 's3://unidata-nexrad-level2/2014/05/11/KLSX/KLSX20140511_042214_V06.gz', 's3://unidata-nexrad-level2/2014/05/11/KDVN/KDVN20140511_042239_V06.gz', 's3://unidata-nexrad-level2/2014/05/11/KLOT/KLOT20140511_042329_V06.gz', 's3://unidata-nexrad-level2/2014/05/11/KVWX/KVWX20140511_042338_V06.gz']"
T,SR22,L35 UUA /OV L35180010 /TM 1425 /FL085 /TP SR22 /TB SEV,SEV,,8500.0,34.097097633319834,-116.8560278,2014-05-11 14:25:00,5.0,L,"('KSOX', 'KEYX', 'KNKX', 'KVTX', 'KESX')","['s3://unidata-nexrad-level2/2014/05/11/KSOX/KSOX20140511_142109_V06.gz', 's3://unidata-nexrad-level2/2014/05/11/KEYX/KEYX20140511_141943_V06.gz', 's3://unidata-nexrad-level2/2014/05/11/KNKX/KNKX20140511_141523_V06.gz', 's3://unidata-nexrad-level2/2014/05/11/KESX/KESX20140511_142333_V06.gz']"
F,C172,EED UA /OV EED247016/TM 1435/FL075/TP C172/TB SEV 075/RM MOD-SEV. ZLAWC. AWC-WEB:FAAZLA,SEV 075,,7500.0,34.66214659260205,-114.92211451083608,2014-05-11 14:35:00,5.0,L,"('KESX', 'KYUX', 'KEYX', 'KSOX', 'KNKX')","['s3://unidata-nexrad-level2/2014/05/11/KESX/KESX20140511_143448_V06.gz', 's3://unidata-nexrad-level2/2014/05/11/KYUX/KYUX20140511_143215_V06.gz', 's3://unidata-nexrad-level2/2014/05/11/KEYX/KEYX20140511_142910_V06.gz', 's3://unidata-nexrad-level2/2014/05/11/KSOX/KSOX20140511_143051_V06.gz', 's3://unidata-nexrad-level2/2014/05/11/KNKX/KNKX20140511_143443_V06.gz']"
T,P28A,GNT UUA /OV ONM270056 /TM 1551 /FL125 /TP P28A /TB SEV,SEV,201405111600-KWBC-UBNM90-PIREP,12500.0,34.34,-107.95043919755976,2014-05-11 15:51:00,5.0,L,"('KABX', 'KHDX', 'KEPZ', 'KFSX', 'KFSX')","['s3://unidata-nexrad-level2/2014/05/11/KABX/KABX20140511_154918_V06.gz', 's3://unidata-nexrad-level2/2014/05/11/KHDX/KHDX20140511_154203_V07.gz', 's3://unidata-nexrad-level2/2014/05/11/KEPZ/KEPZ20140511_154906_V06.gz', 's3://unidata-nexrad-level2/2014/05/11/KFSX/KFSX20140511_154444_V06.gz', 's3://unidata-nexrad-level2/2014/05/11/KFSX/KFSX20140511_154444_V06.gz']"
T,C182,SBD UUA /OV L35210013 /TM 1633 /FL095 /TP C182 /TB SEV 095-105 /RM OVR REANS INTXN,SEV 095-105,201405111640-KWBC-UBCA91-PIREP,9500.0,34.076123763752335,-116.98712046503692,2014-05-11 16:33:00,5.0,L,"('KSOX', 'KNKX', 'KEYX', 'KVTX', 'KESX')","['s3://unidata-nexrad-level2/2014/05/11/KSOX/KSOX20140511_162932_V06.gz', 's3://unidata-nexrad-level2/2014/05/11/KNKX/KNKX20140511_163037_V06.gz', 's3://unidata-nexrad-level2/2014/05/11/KEYX/KEYX20140511_163150_V06.gz', 's3://unidata-nexrad-level2/2014/05/11/KESX/KESX20140511_162728_V06.gz']"
T,UNKN,CDC UUA /OV CDC165040/TM 1649/FL090/TP UNKN/TB SEV 090/RM ZLAWC AWC-WEB:FAAZLA,SEV 090,,9000.0,37.055997289093845,-112.88190738884676,2014-05-11 16:49:00,5.0,U,"('KICX', 'KESX', 'KFSX', 'KFSX', 'KIWA')","['s3://unidata-nexrad-level2/2014/05/11/KICX/KICX20140511_164751_V06.gz', 's3://unidata-nexrad-level2/2014/05/11/KESX/KESX20140511_164425_V06.gz', 's3://unidata-nexrad-level2/2014/05/11/KFSX/KFSX20140511_164115_V06.gz', 's3://unidata-nexrad-level2/2014/05/11/KFSX/KFSX20140511_164115_V06.gz', 's3://unidata-nexrad-level2/2014/05/11/KIWA/KIWA20140511_163956_V06.gz']"
T,A319,IIB UUA /OV ALO090015 /TM 1732 /FL320 /TP A319 /TB SEV /RM LOSS OF 600 FEET IN ONE SECOND,SEV,,32000.0,42.554365,-92.06188485353788,2014-05-11 17:32:00,5.0,M,"('KARX', 'KDVN', 'KDMX', 'KMPX', 'KMKX')","['s3://unidata-nexrad-level2/2014/05/11/KARX/KARX20140511_172841_V06.gz', 's3://unidata-nexrad-level2/2014/05/11/KDVN/KDVN20140511_172745_V06.gz', 's3://unidata-nexrad-level2/2014/05/11/KDMX/KDMX20140511_173017_V06.gz', 's3://unidata-nexrad-level2/2014/05/11/KMPX/KMPX20140511_173026_V06.gz', 's3://unidata-nexrad-level2/2014/05/11/KMKX/KMKX20140511_172816_V06.gz']"
T,A319,ALO UUA /OV ALO090015/TM 1732/FL320/TP A319/TB SEV/RM LOSS OF 600FEET IN 1 SECOND,SEV,,32000.0,42.554365,-92.06188485353788,2014-05-11 17:32:00,5.0,M,"('KARX', 'KDVN', 'KDMX', 'KMPX', 'KMKX')","['s3://unidata-nexrad-level2/2014/05/11/KARX/KARX20140511_172841_V06.gz', 's3://unidata-nexrad-level2/2014/05/11/KDVN/KDVN20140511_172745_V06.gz', 's3://unidata-nexrad-level2/2014/05/11/KDMX/KDMX20140511_173017_V06.gz', 's3://unidata-nexrad-level2/2014/05/11/KMPX/KMPX20140511_173026_V06.gz', 's3://unidata-nexrad-level2/2014/05/11/KMKX/KMKX20140511_172816_V06.gz']"
T,A319,ALO UUA /OV ALO090015/TM 1732/FL320/TP A319/TB SEV/RM LOSS OF 600 FEET IN 1 SECOND,SEV,201405111745-KWBC-UBIA90-PIREP,32000.0,42.56,-92.0605612031674,2014-05-11 17:32:00,5.0,M,"('KARX', 'KDVN', 'KDMX', 'KMPX', 'KMKX')","['s3://unidata-nexrad-level2/2014/05/11/KARX/KARX20140511_172841_V06.gz', 's3://unidata-nexrad-level2/2014/05/11/KDVN/KDVN20140511_172745_V06.gz', 's3://unidata-nexrad-level2/2014/05/11/KDMX/KDMX20140511_173017_V06.gz', 's3://unidata-nexrad-level2/2014/05/11/KMPX/KMPX20140511_173026_V06.gz', 's3://unidata-nexrad-level2/2014/05/11/KMKX/KMKX20140511_172816_V06.gz']"
T,A319,ALO UUA /OV ALO/TM 1733/FL320/TP A319/TB SEV,SEV,201405111740-KWBC-UBIA90-PIREP,32000.0,42.56,-92.4,2014-05-11 17:33:00,5.0,M,"('KDMX', 'KARX', 'KDVN', 'KMPX', 'KMKX')","['s3://unidata-nexrad-level2/2014/05/11/KDMX/KDMX20140511_173017_V06.gz', 's3://unidata-nexrad-level2/2014/05/11/KARX/KARX20140511_172841_V06.gz', 's3://unidata-nexrad-level2/2014/05/11/KDVN/KDVN20140511_173204_V06.gz', 's3://unidata-nexrad-level2/2014/05/11/KMPX/KMPX20140511_173026_V06.gz', 's3://unidata-nexrad-level2/2014/05/11/KMKX/KMKX20140511_173255_V06.gz']"
F,A340,UUA /OV YVV 315040 /TM 1741 /FL390 /TP A340 /TB SEV CAT /RM SMOOTH AT FL400,SEV CAT,,39000.0,45.2172727045954,-81.77100259944143,2014-05-11 17:41:00,5.0,L,"('KAPX', 'KDTX', 'KBUF', 'KGRR', 'KCLE')","['s3://unidata-nexrad-level2/2014/05/11/KAPX/KAPX20140511_173623_V06.gz', 's3://unidata-nexrad-level2/2014/05/11/KDTX/KDTX20140511_173636_V06.gz', 's3://unidata-nexrad-level2/2014/05/11/KBUF/KBUF20140511_173905_V06.gz', 's3://unidata-nexrad-level2/2014/05/11/KGRR/KGRR20140511_173607_V06.gz', 's3://unidata-nexrad-level2/2014/05/11/KCLE/KCLE20140511_173545_V06.gz']"
T,PC12,SBD UUA /OV SBD /TM 1830 /FL080 /TP PC12 /TB SEV 100-080,SEV 100-080,,8000.0,34.0953521,-117.2348722,2014-05-11 18:30:00,5.0,L,"('KSOX', 'KEYX', 'KNKX', 'KVTX', 'KESX')","['s3://unidata-nexrad-level2/2014/05/11/KSOX/KSOX20140511_182555_V06.gz', 's3://unidata-nexrad-level2/2014/05/11/KEYX/KEYX20140511_182501_V06.gz', 's3://unidata-nexrad-level2/2014/05/11/KNKX/KNKX20140511_182841_V06.gz', 's3://unidata-nexrad-level2/2014/05/11/KESX/KESX20140511_182542_V06.gz']"
T,O1,EMT UUA /OV EMT001003 /TM 1831 /FL022 /TP O1 /TB SEV /RM 3 - 4 MILES NORTH EMT,SEV,,2200.0,34.135996434145035,-118.0339462764436,2014-05-11 18:31:00,5.0,L,"('KSOX', 'KVTX', 'KEYX', 'KNKX', 'KVBX')","['s3://unidata-nexrad-level2/2014/05/11/KSOX/KSOX20140511_182555_V06.gz', 's3://unidata-nexrad-level2/2014/05/11/KEYX/KEYX20140511_182501_V06.gz', 's3://unidata-nexrad-level2/2014/05/11/KNKX/KNKX20140511_182841_V06.gz', 's3://unidata-nexrad-level2/2014/05/11/KVBX/KVBX20140511_183000_V06.gz']"
T,F900,SNA UUA /OV SNA090015 /TM 1919 /FL080 /TP F900 /TB SEV /RM REPORTED BY A FALCON90,SEV,201405111925-KWBC-UBCA91-PIREP,8000.0,33.68,-117.56954824679156,2014-05-11 19:19:00,5.0,M,"('KSOX', 'KNKX', 'KEYX', 'KVTX', 'KVBX')","['s3://unidata-nexrad-level2/2014/05/11/KSOX/KSOX20140511_191423_V06.gz', 's3://unidata-nexrad-level2/2014/05/11/KNKX/KNKX20140511_191656_V06.gz', 's3://unidata-nexrad-level2/2014/05/11/KEYX/KEYX20140511_191416_V06.gz', 's3://unidata-nexrad-level2/2014/05/11/KVBX/KVBX20140511_191136_V06.gz']"
T,C172,LSV UUA /OV MMM200010/TM 2131/FL100/TP C172/TB SEV 100/RM TMU AWC-WEB:FAAZLA,SEV 100,,10000.0,36.61337187733928,-114.3511670142874,2014-05-11 21:31:00,5.0,L,"('KESX', 'KICX', 'KEYX', 'KFSX', 'KFSX')","['s3://unidata-nexrad-level2/2014/05/11/KESX/KESX20140511_212545_V06.gz', 's3://unidata-nexrad-level2/2014/05/11/KICX/KICX20140511_212943_V06.gz', 's3://unidata-nexrad-level2/2014/05/11/KEYX/KEYX20140511_212615_V06.gz', 's3://unidata-nexrad-level2/2014/05/11/KFSX/KFSX20140511_212349_V06.gz', 's3://unidata-nexrad-level2/2014/05/11/KFSX/KFSX20140511_212349_V06.gz']"
F,C172,LSV UA /OV MMM200010/TM 2131/FL100/TP C172/TB SEV 100/RM TMU AWC-WEB:FAAZLA,SEV 100,,10000.0,36.61337187733928,-114.3511670142874,2014-05-11 21:31:00,5.0,L,"('KESX', 'KICX', 'KEYX', 'KFSX', 'KFSX')","['s3://unidata-nexrad-level2/2014/05/11/KESX/KESX20140511_212545_V06.gz', 's3://unidata-nexrad-level2/2014/05/11/KICX/KICX20140511_212943_V06.gz', 's3://unidata-nexrad-level2/2014/05/11/KEYX/KEYX20140511_212615_V06.gz', 's3://unidata-nexrad-level2/2014/05/11/KFSX/KFSX20140511_212349_V06.gz', 's3://unidata-nexrad-level2/2014/05/11/KFSX/KFSX20140511_212349_V06.gz']"
T,C172,SGU UUA /OV MMM020037/TM 2204/FL100/TP C172/TB SEV 100/RM MOD TO SEV...ZLATMU AWC-WEB:FAAZLA,SEV 100,201405112220-KWBC-UBUT90-PIREP,10000.0,37.34952405384466,-114.01668204713664,2014-05-11 22:04:00,5.0,L,"('KICX', 'KESX', 'KFSX', 'KFSX', 'KEYX')","['s3://unidata-nexrad-level2/2014/05/11/KICX/KICX20140511_215851_V06.gz', 's3://unidata-nexrad-level2/2014/05/11/KESX/KESX20140511_215933_V06.gz', 's3://unidata-nexrad-level2/2014/05/11/KFSX/KFSX20140511_220158_V06.gz', 's3://unidata-nexrad-level2/2014/05/11/KFSX/KFSX20140511_220158_V06.gz', 's3://unidata-nexrad-level2/2014/05/11/KEYX/KEYX20140511_220355_V06.gz']"
F,A306,SUX UA /OV SUX120020/TM 2326/FL320/TP A306/TB SEV /RM SEV SHEAR+/-1000FT FL320,SEV,,32000.0,42.22499783331983,-95.9885806498008,2014-05-11 23:26:00,5.0,H,"('KOAX', 'KFSD', 'KDMX', 'KUEX', 'KMPX')","['s3://unidata-nexrad-level2/2014/05/11/KOAX/KOAX20140511_232225_V06.gz', 's3://unidata-nexrad-level2/2014/05/11/KFSD/KFSD20140511_232321_V06.gz', 's3://unidata-nexrad-level2/2014/05/11/KDMX/KDMX20140511_232549_V06.gz', 's3://unidata-nexrad-level2/2014/05/11/KUEX/KUEX20140511_232441_V06.gz', 's3://unidata-nexrad-level2/2014/05/11/KMPX/KMPX20140511_232347_V06.gz']"
F,A306,SUX UA /OV SUX120020/TM 2326/FL320/TP A306/TB SEV /RM SEV SHEAR +/-1000FT FL320,SEV,,32000.0,42.22499783331983,-95.9885806498008,2014-05-11 23:26:00,5.0,H,"('KOAX', 'KFSD', 'KDMX', 'KUEX', 'KMPX')","['s3://unidata-nexrad-level2/2014/05/11/KOAX/KOAX20140511_232225_V06.gz', 's3://unidata-nexrad-level2/2014/05/11/KFSD/KFSD20140511_232321_V06.gz', 's3://unidata-nexrad-level2/2014/05/11/KDMX/KDMX20140511_232549_V06.gz', 's3://unidata-nexrad-level2/2014/05/11/KUEX/KUEX20140511_232441_V06.gz', 's3://unidata-nexrad-level2/2014/05/11/KMPX/KMPX20140511_232347_V06.gz']"
T,BE33,LBL UUA /OV LBL190015/TM 0013/FL090/TP BE33/TB EXTRM/RM CWSU ZKC,EXTRM,201405120020-KWBC-UBKS90-PIREP,9000.0,36.79377811937,-101.02439079895365,2014-05-12 00:13:00,7.0,L,"('KDDC', 'KAMA', 'KVNX', 'KGLD', 'KFDR')","['s3://unidata-nexrad-level2/2014/05/12/KDDC/KDDC20140512_001158_V06.gz', 's3://unidata-nexrad-level2/2014/05/12/KAMA/KAMA20140512_001225_V06.gz', 's3://unidata-nexrad-level2/2014/05/12/KVNX/KVNX20140512_001023_V07.gz', 's3://unidata-nexrad-level2/2014/05/12/KGLD/KGLD20140512_001214_V06.gz', 's3://unidata-nexrad-level2/2014/05/12/KFDR/KFDR20140512_001104_V06.gz']"
T,M20P,SGU UUA /OV KELY-SGU360015 /TM 0015 /FL115 /TP M20P /TB SEV /RM MOUNTAIN WAVE,SEV,,11500.0,37.0363889,-113.5103056,2014-05-12 00:15:00,5.0,L,"('KICX', 'KESX', 'KFSX', 'KFSX', 'KIWA')","['s3://unidata-nexrad-level2/2014/05/12/KICX/KICX20140512_001254_V06.gz', 's3://unidata-nexrad-level2/2014/05/12/KESX/KESX20140512_001450_V06.gz', 's3://unidata-nexrad-level2/2014/05/12/KFSX/KFSX20140512_000654_V06.gz', 's3://unidata-nexrad-level2/2014/05/12/KFSX/KFSX20140512_000654_V06.gz', 's3://unidata-nexrad-level2/2014/05/12/KIWA/KIWA20140512_000806_V06.gz']"
T,C421,LBL UUA /OV LBL090040/TM 0044/FL090/TP C421/TB SEV CAT,SEV CAT,,9000.0,37.04422,-100.12454922922676,2014-05-12 00:44:00,5.0,L,"('KDDC', 'KVNX', 'KICT', 'KAMA', 'KGLD')","['s3://unidata-nexrad-level2/2014/05/12/KDDC/KDDC20140512_004018_V06.gz', 's3://unidata-nexrad-level2/2014/05/12/KVNX/KVNX20140512_004122_V07.gz', 's3://unidata-nexrad-level2/2014/05/12/KICT/KICT20140512_003859_V06.gz', 's3://unidata-nexrad-level2/2014/05/12/KAMA/KAMA20140512_004254_V06.gz', 's3://unidata-nexrad-level2/2014/05/12/KGLD/KGLD20140512_004357_V06.gz']"
F,A320,MML UA /OV MML/TM 0110/FL370/TP A320/TB SEV,SEV,201405120125-KWBC-UBMN90-PIREP,37000.0,44.45,-95.82,2014-05-12 01:10:00,5.0,M,"('KFSD', 'KMPX', 'KABR', 'KDMX', 'KOAX')","['s3://unidata-nexrad-level2/2014/05/12/KFSD/KFSD20140512_010928_V06.gz', 's3://unidata-nexrad-level2/2014/05/12/KMPX/KMPX20140512_010626_V06.gz', 's3://unidata-nexrad-level2/2014/05/12/KABR/KABR20140512_010946_V06.gz', 's3://unidata-nexrad-level2/2014/05/12/KDMX/KDMX20140512_010631_V06.gz', 's3://unidata-nexrad-level2/2014/05/12/KOAX/KOAX20140512_010508_V06.gz']"
T,B744,AEL UUA /OV AEL/TM 0345/FL350/TP B744/TB SEV CAT,SEV CAT,,35000.0,43.68153,-93.36725,2014-05-12 03:45:00,5.0,H,"('KARX', 'KMPX', 'KDMX', 'KDVN', 'KFSD')","['s3://unidata-nexrad-level2/2014/05/12/KARX/KARX20140512_034129_V06.gz', 's3://unidata-nexrad-level2/2014/05/12/KMPX/KMPX20140512_034057_V06.gz', 's3://unidata-nexrad-level2/2014/05/12/KDMX/KDMX20140512_034426_V06.gz', 's3://unidata-nexrad-level2/2014/05/12/KDVN/KDVN20140512_034254_V06.gz', 's3://unidata-nexrad-level2/2014/05/12/KFSD/KFSD20140512_034325_V06.gz']"
T,C550,RBD UUA /OV DFW124015 /TM 1404 /FL100 /TP C550 /TB SEV,SEV,,10000.0,32.757020450464694,-96.79113975818038,2014-05-12 14:04:00,5.0,L,"('KFWS', 'KDYX', 'KGRK', 'KOUN', 'KTLX')","['s3://unidata-nexrad-level2/2014/05/12/KFWS/KFWS20140512_140133_V06.gz', 's3://unidata-nexrad-level2/2014/05/12/KDYX/KDYX20140512_140034_V06.gz', 's3://unidata-nexrad-level2/2014/05/12/KGRK/KGRK20140512_140249_V06.gz', 's3://unidata-nexrad-level2/2014/05/12/KTLX/KTLX20140512_140042_V06.gz']"
F,B747,UUA /OV YOW 310100 /TM 1502 /FL360 /TP B747 /TB MDT-SEV /RM OVER NAGNO COR COPY,MDT-SEV,,36000.0,46.39389945922498,-77.48515061973768,2014-05-12 15:02:00,5.0,H,"('KTYX', 'KBUF', 'KCXX', 'KBGM', 'KENX')","['s3://unidata-nexrad-level2/2014/05/12/KTYX/KTYX20140512_145312_V07.gz', 's3://unidata-nexrad-level2/2014/05/12/KBUF/KBUF20140512_145608_V06.gz', 's3://unidata-nexrad-level2/2014/05/12/KCXX/KCXX20140512_145514_V06.gz', 's3://unidata-nexrad-level2/2014/05/12/KBGM/KBGM20140512_150102_V06.gz', 's3://unidata-nexrad-level2/2014/05/12/KENX/KENX20140512_150139_V06.gz']"
F,B747,UA /OV YOW 310100 /TM 1502 /FL360 /TP B747 /TB MDT-SEV /RM OVER NAGNO,MDT-SEV,,36000.0,46.39389945922498,-77.48515061973768,2014-05-12 15:02:00,5.0,H,"('KTYX', 'KBUF', 'KCXX', 'KBGM', 'KENX')","['s3://unidata-nexrad-level2/2014/05/12/KTYX/KTYX20140512_145312_V07.gz', 's3://unidata-nexrad-level2/2014/05/12/KBUF/KBUF20140512_145608_V06.gz', 's3://unidata-nexrad-level2/2014/05/12/KCXX/KCXX20140512_145514_V06.gz', 's3://unidata-nexrad-level2/2014/05/12/KBGM/KBGM20140512_150102_V06.gz', 's3://unidata-nexrad-level2/2014/05/12/KENX/KENX20140512_150139_V06.gz']"
T,LARK,LGB UUA /OV SNA240005-LGB /TM 1503 /FL045 /TP LARK /TB SEV CHOP,SEV CHOP,,4500.0,33.63399995832995,-117.95494858266233,2014-05-12 15:03:00,5.0,L,"('KSOX', 'KNKX', 'KVTX', 'KEYX', 'KVBX')","['s3://unidata-nexrad-level2/2014/05/12/KSOX/KSOX20140512_150050_V06.gz', 's3://unidata-nexrad-level2/2014/05/12/KNKX/KNKX20140512_145718_V06.gz', 's3://unidata-nexrad-level2/2014/05/12/KEYX/KEYX20140512_145531_V06.gz', 's3://unidata-nexrad-level2/2014/05/12/KVBX/KVBX20140512_145628_V06.gz']"
T,SR22,RNM UUA /OV JLI /TM 1527 /FL080 /TP SR22 /TB SEV 075-080,SEV 075-080,,8000.0,33.14,-116.59,2014-05-12 15:27:00,5.0,L,"('KNKX', 'KSOX', 'KYUX', 'KEYX', 'KVTX')","['s3://unidata-nexrad-level2/2014/05/12/KNKX/KNKX20140512_152614_V06.gz', 's3://unidata-nexrad-level2/2014/05/12/KSOX/KSOX20140512_152014_V06.gz', 's3://unidata-nexrad-level2/2014/05/12/KYUX/KYUX20140512_152259_V06.gz', 's3://unidata-nexrad-level2/2014/05/12/KEYX/KEYX20140512_152348_V06.gz']"
T,P28A,WHP UUA /OV WHP360004 /TM 1638 /FL025 /TP P28A /TB SEV,SEV,,2500.0,34.32600206667207,-118.41343,2014-05-12 16:38:00,5.0,L,"('KVTX', 'KSOX', 'KEYX', 'KVBX', 'KNKX')","['s3://unidata-nexrad-level2/2014/05/12/KVTX/KVTX20140512_163122_V06.gz', 's3://unidata-nexrad-level2/2014/05/12/KSOX/KSOX20140512_163016_V06.gz', 's3://unidata-nexrad-level2/2014/05/12/KEYX/KEYX20140512_162948_V06.gz', 's3://unidata-nexrad-level2/2014/05/12/KVBX/KVBX20140512_163341_V06.gz', 's3://unidata-nexrad-level2/2014/05/12/KNKX/KNKX20140512_163345_V06.gz']"
T,B738,MIW UUA /OV ALO225020 /TM 2050 /FL370 /TP B738 /TB SEV,SEV,,37000.0,42.318643647702295,-92.72129006927108,2014-05-12 20:50:00,5.0,M,"('KDMX', 'KDVN', 'KARX', 'KMPX', 'KOAX')","['s3://unidata-nexrad-level2/2014/05/12/KDMX/KDMX20140512_204949_V06.gz', 's3://unidata-nexrad-level2/2014/05/12/KDVN/KDVN20140512_204900_V06.gz', 's3://unidata-nexrad-level2/2014/05/12/KARX/KARX20140512_204806_V06.gz', 's3://unidata-nexrad-level2/2014/05/12/KMPX/KMPX20140512_204941_V06.gz', 's3://unidata-nexrad-level2/2014/05/12/KOAX/KOAX20140512_204939_V06.gz']"
T,C550,RNM UUA /OV JLI315015 /TM 2136 /FL073 /TP C550 /TB SEV /RM COULD NOT HOLD ALT ABOVE MEA,SEV,,7300.0,33.31679101422328,-116.8011347749231,2014-05-12 21:36:00,5.0,L,"('KNKX', 'KSOX', 'KEYX', 'KYUX', 'KVTX')","['s3://unidata-nexrad-level2/2014/05/12/KNKX/KNKX20140512_213436_V06.gz', 's3://unidata-nexrad-level2/2014/05/12/KSOX/KSOX20140512_213028_V06.gz', 's3://unidata-nexrad-level2/2014/05/12/KEYX/KEYX20140512_213321_V06.gz', 's3://unidata-nexrad-level2/2014/05/12/KYUX/KYUX20140512_213502_V06.gz', 's3://unidata-nexrad-level2/2014/05/12/KVTX/KVTX20140512_213135_V06.gz']"
T,C550,IRK UUA /OV MCM050020/TM 2306/FL400/TP C550/TB EXTRM,EXTRM,201405122315-KWBC-UBMO91-PIREP,40000.0,39.864279891844994,-92.14833351336412,2014-05-12 23:06:00,7.0,L,"('KDVN', 'KLSX', 'KEAX', 'KILX', 'KDMX')","['s3://unidata-nexrad-level2/2014/05/12/KDVN/KDVN20140512_230420_V06.gz', 's3://unidata-nexrad-level2/2014/05/12/KLSX/KLSX20140512_230314_V06.gz', 's3://unidata-nexrad-level2/2014/05/12/KEAX/KEAX20140512_230359_V06.gz', 's3://unidata-nexrad-level2/2014/05/12/KILX/KILX20140512_230358_V06.gz', 's3://unidata-nexrad-level2/2014/05/12/KDMX/KDMX20140512_230504_V06.gz']"
T,A306,LIT UUA /OV RUE/TM 0020/FL380/TP A306/TB CONT SEV/RM ZME,CONT SEV,201405130030-KWBC-UBAR91-PIREP,38000.0,35.26,-93.09,2014-05-13 00:20:00,5.0,H,"('KLZK', 'KSRX', 'KSGF', 'KINX', 'KNQA')","['s3://unidata-nexrad-level2/2014/05/13/KLZK/KLZK20140513_001730_V06.gz', 's3://unidata-nexrad-level2/2014/05/13/KSRX/KSRX20140513_001906_V06.gz', 's3://unidata-nexrad-level2/2014/05/13/KSGF/KSGF20140513_001651_V06.gz', 's3://unidata-nexrad-level2/2014/05/13/KINX/KINX20140513_001810_V06.gz', 's3://unidata-nexrad-level2/2014/05/13/KNQA/KNQA20140513_001850_V06.gz']"
T,LR45,OMA UUA /OV OVR270010/TM 1724/FL410/TP LR45/TB SEV,SEV,,41000.0,41.17,-95.96142546664744,2014-05-13 17:24:00,5.0,U,"('KOAX', 'KDMX', 'KFSD', 'KUEX', 'KTWX')","['s3://unidata-nexrad-level2/2014/05/13/KOAX/KOAX20140513_171516_V06.gz', 's3://unidata-nexrad-level2/2014/05/13/KDMX/KDMX20140513_171749_V06.gz', 's3://unidata-nexrad-level2/2014/05/13/KFSD/KFSD20140513_172352_V06.gz', 's3://unidata-nexrad-level2/2014/05/13/KUEX/KUEX20140513_172355_V06.gz', 's3://unidata-nexrad-level2/2014/05/13/KTWX/KTWX20140513_171500_V06.gz']"
T,P28A,DVT UUA /OV DVT315005 /TM 2238 /FL035 /TP P28A /TB SEV,SEV,201405132245-KWBC-UBAZ90-PIREP,3500.0,33.72893033807443,-112.20080892259357,2014-05-13 22:38:00,5.0,L,"('KIWA', 'KFSX', 'KFSX', 'KEMX', 'KYUX')","['s3://unidata-nexrad-level2/2014/05/13/KIWA/KIWA20140513_223551_V06.gz', 's3://unidata-nexrad-level2/2014/05/13/KFSX/KFSX20140513_223639_V06.gz', 's3://unidata-nexrad-level2/2014/05/13/KFSX/KFSX20140513_223639_V06.gz', 's3://unidata-nexrad-level2/2014/05/13/KEMX/KEMX20140513_223405_V06.gz', 's3://unidata-nexrad-level2/2014/05/13/KYUX/KYUX20140513_223650_V06.gz']"
T,B747,PADK UUA /OV 4700N 17800W/TM 2300/FL360/TP B747/TB SEV/RM ZOA CWSU,SEV,,36000.0,47.0,-178.0,2014-05-13 23:00:00,5.0,H,"('PABC', 'PAEC', 'PAKC', 'PAHG', 'PHKI')","['s3://unidata-nexrad-level2/2014/05/13/PABC/PABC20140513_225334_V06.gz', 's3://unidata-nexrad-level2/2014/05/13/PAEC/PAEC20140513_225615_V06.gz', 's3://unidata-nexrad-level2/2014/05/13/PAKC/PAKC20140513_225735_V06.gz', 's3://unidata-nexrad-level2/2014/05/13/PAHG/PAHG20140513_225552_V06.gz', 's3://unidata-nexrad-level2/2014/05/13/PHKI/PHKI20140513_225506_V07.gz']"
T,DV20,FFZ UUA /OV FFZ /TM 1404 /FL022 /TP DV20 /TB SEV,SEV,,2200.0,33.46083,-111.72833,2014-05-14 14:04:00,5.0,L,"('KIWA', 'KFSX', 'KFSX', 'KEMX', 'KYUX')","['s3://unidata-nexrad-level2/2014/05/14/KIWA/KIWA20140514_140136_V06.gz', 's3://unidata-nexrad-level2/2014/05/14/KFSX/KFSX20140514_135521_V06.gz', 's3://unidata-nexrad-level2/2014/05/14/KFSX/KFSX20140514_135521_V06.gz', 's3://unidata-nexrad-level2/2014/05/14/KEMX/KEMX20140514_135555_V06.gz', 's3://unidata-nexrad-level2/2014/05/14/KYUX/KYUX20140514_135843_V06.gz']"
T,C172,RNM UUA /OV RNM180005 /TM 1600 /FL025 /TP C172 /TB SEV /RM COR,SEV,,2500.0,32.95582991665992,-116.91525,2014-05-14 16:00:00,5.0,L,"('KNKX', 'KSOX', 'KYUX', 'KEYX', 'KVTX')","['s3://unidata-nexrad-level2/2014/05/14/KNKX/KNKX20140514_155408_V06.gz', 's3://unidata-nexrad-level2/2014/05/14/KSOX/KSOX20140514_155644_V06.gz', 's3://unidata-nexrad-level2/2014/05/14/KYUX/KYUX20140514_155539_V06.gz', 's3://unidata-nexrad-level2/2014/05/14/KEYX/KEYX20140514_155300_V06.gz', 's3://unidata-nexrad-level2/2014/05/14/KVTX/KVTX20140514_155519_V06.gz']"
T,C172,SDM UUA /OV RNM180030 /TM 1600 /FL025 /TP C172 /TB SEV,SEV,201405141605-KWBC-UBCA91-PIREP,2500.0,32.5399594999595,-116.92,2014-05-14 16:00:00,5.0,L,"('KNKX', 'KSOX', 'KYUX', 'KEYX', 'KVTX')","['s3://unidata-nexrad-level2/2014/05/14/KNKX/KNKX20140514_155408_V06.gz', 's3://unidata-nexrad-level2/2014/05/14/KSOX/KSOX20140514_155644_V06.gz', 's3://unidata-nexrad-level2/2014/05/14/KYUX/KYUX20140514_155539_V06.gz', 's3://unidata-nexrad-level2/2014/05/14/KEYX/KEYX20140514_155300_V06.gz', 's3://unidata-nexrad-level2/2014/05/14/KVTX/KVTX20140514_155519_V06.gz']"
T,COL3,IWA UUA /OV PHX090030 /TM 1626 /FL090 /TP COL3 /TB SEV,SEV,,9000.0,33.43428,-111.412383477916,2014-05-14 16:26:00,5.0,L,"('KIWA', 'KFSX', 'KFSX', 'KEMX', 'KYUX')","['s3://unidata-nexrad-level2/2014/05/14/KIWA/KIWA20140514_162025_V06.gz', 's3://unidata-nexrad-level2/2014/05/14/KEMX/KEMX20140514_162114_V06.gz', 's3://unidata-nexrad-level2/2014/05/14/KYUX/KYUX20140514_162458_V06.gz']"
T,BL17,SBD UUA /OV L67 /TM 1646 /FL115 /TP BL17 /TB SEV,SEV,,11500.0,34.12,-117.4,2014-05-14 16:46:00,5.0,L,"('KSOX', 'KEYX', 'KNKX', 'KVTX', 'KESX')","['s3://unidata-nexrad-level2/2014/05/14/KSOX/KSOX20140514_164507_V06.gz', 's3://unidata-nexrad-level2/2014/05/14/KEYX/KEYX20140514_164001_V06.gz', 's3://unidata-nexrad-level2/2014/05/14/KNKX/KNKX20140514_164212_V06.gz', 's3://unidata-nexrad-level2/2014/05/14/KVTX/KVTX20140514_164329_V06.gz', 's3://unidata-nexrad-level2/2014/05/14/KESX/KESX20140514_163804_V06.gz']"
T,C441,BNA UUA /OV BNA090050/TM 1839/FL180/TP C441/TB SEV 180-190/RM ZME,SEV 180-190,,18000.0,36.11889,-85.65747231857722,2014-05-14 18:39:00,5.0,L,"('KOHX', 'KHPX', 'KHTX', 'KMRX', 'KLVX')","['s3://unidata-nexrad-level2/2014/05/14/KOHX/KOHX20140514_183644_V06.gz', 's3://unidata-nexrad-level2/2014/05/14/KHPX/KHPX20140514_183455_V06.gz', 's3://unidata-nexrad-level2/2014/05/14/KHTX/KHTX20140514_183851_V06.gz', 's3://unidata-nexrad-level2/2014/05/14/KMRX/KMRX20140514_183514_V06.gz', 's3://unidata-nexrad-level2/2014/05/14/KLVX/KLVX20140514_183620_V06.gz']"
T,E145,BNA UUA /OV JKS360020/TM 1905/FL280/TP E145/TB SEV/RM ZME,SEV,,28000.0,35.93336033336033,-88.36,2014-05-14 19:05:00,5.0,M,"('KNQA', 'KHPX', 'KPAH', 'KOHX', 'KHTX')","['s3://unidata-nexrad-level2/2014/05/14/KNQA/KNQA20140514_190446_V06.gz', 's3://unidata-nexrad-level2/2014/05/14/KHPX/KHPX20140514_190146_V06.gz', 's3://unidata-nexrad-level2/2014/05/14/KPAH/KPAH20140514_190210_V06.gz', 's3://unidata-nexrad-level2/2014/05/14/KOHX/KOHX20140514_190442_V06.gz', 's3://unidata-nexrad-level2/2014/05/14/KHTX/KHTX20140514_190223_V06.gz']"
T,C421,MQJ UUA /OV VHP065022 /TM 0011 /FL030 /TP C421 /TB SEV,SEV,,3000.0,39.96497258107985,-85.93736269644755,2014-05-15 00:11:00,5.0,L,"('KIND', 'KIWX', 'KILN', 'KLVX', 'KVWX')","['s3://unidata-nexrad-level2/2014/05/15/KIND/KIND20140515_000816_V06.gz', 's3://unidata-nexrad-level2/2014/05/15/KIWX/KIWX20140515_000649_V06.gz', 's3://unidata-nexrad-level2/2014/05/15/KILN/KILN20140515_000828_V06.gz', 's3://unidata-nexrad-level2/2014/05/15/KLVX/KLVX20140515_001050_V06.gz', 's3://unidata-nexrad-level2/2014/05/15/KVWX/KVWX20140515_001042_V06.gz']"
F,B772,UUA /OV YOG 079069 /TM 0042 /FL350 /TP B772 /TB MDT-SEV /RM TURB FOR APRX 4 MINUTES  THEN SMOOTHING OUT,MDT-SEV,,35000.0,49.36944811855872,-116.18397100316596,2014-05-15 00:42:00,5.0,H,"('KOTX', 'KMSX', 'KPDT', 'KTFX', 'KCBX')","['s3://unidata-nexrad-level2/2014/05/15/KOTX/KOTX20140515_003954_V06.gz', 's3://unidata-nexrad-level2/2014/05/15/KMSX/KMSX20140515_003851_V06.gz', 's3://unidata-nexrad-level2/2014/05/15/KPDT/KPDT20140515_003201_V06.gz', 's3://unidata-nexrad-level2/2014/05/15/KTFX/KTFX20140515_003447_V06.gz', 's3://unidata-nexrad-level2/2014/05/15/KCBX/KCBX20140515_003608_V06.gz']"
F,B788,UUA /OV 5755N06340W /TM 0532 /FL390 /TP B788 /TB MDT-SEV,MDT-SEV,,39000.0,57.9166,-63.6666,2014-05-15 05:32:00,5.0,U,"('KCBW', 'KGYX', 'KCXX', 'KBOX', 'KENX')","['s3://unidata-nexrad-level2/2014/05/15/KCBW/KCBW20140515_052617_V06.gz', 's3://unidata-nexrad-level2/2014/05/15/KGYX/KGYX20140515_052924_V06.gz', 's3://unidata-nexrad-level2/2014/05/15/KCXX/KCXX20140515_052957_V06.gz', 's3://unidata-nexrad-level2/2014/05/15/KBOX/KBOX20140515_052402_V06.gz', 's3://unidata-nexrad-level2/2014/05/15/KENX/KENX20140515_053136_V06.gz']"
T,PC12,MEI UUA /OV MEI270020 /TM 1642 /FL038 /TP PC12 /TB EXTRM,EXTRM,,3800.0,32.33475,-89.1456084091021,2014-05-15 16:42:00,7.0,L,"('KDGX', 'KGWX', 'KMOB', 'KLIX', 'KHDC')","['s3://unidata-nexrad-level2/2014/05/15/KDGX/KDGX20140515_161609_V06.gz', 's3://unidata-nexrad-level2/2014/05/15/KGWX/KGWX20140515_163513_V07.gz', 's3://unidata-nexrad-level2/2014/05/15/KMOB/KMOB20140515_164126_V06.gz', 's3://unidata-nexrad-level2/2014/05/15/KLIX/KLIX20140515_163920_V06.gz']"
T,BE35,SEE UUA /OV SEE090005 /TM 1905 /FL045 /TP BE35 /TB SEV,SEV,201405151910-KWBC-UBCA90-PIREP,4500.0,32.85,-116.93079666371288,2014-05-15 19:05:00,5.0,L,"('KNKX', 'KSOX', 'KYUX', 'KEYX', 'KVTX')","['s3://unidata-nexrad-level2/2014/05/15/KNKX/KNKX20140515_185623_V06.gz', 's3://unidata-nexrad-level2/2014/05/15/KSOX/KSOX20140515_190028_V06.gz', 's3://unidata-nexrad-level2/2014/05/15/KYUX/KYUX20140515_190209_V06.gz', 's3://unidata-nexrad-level2/2014/05/15/KEYX/KEYX20140515_190431_V06.gz', 's3://unidata-nexrad-level2/2014/05/15/KVTX/KVTX20140515_190111_V06.gz']"
T,C560,NKX UUA /OV NKX090005 /TM 1914 /FL040 /TP C560 /TB SEV,SEV,,4000.0,32.86454,-117.03739040261551,2014-05-15 19:14:00,5.0,M,"('KNKX', 'KSOX', 'KYUX', 'KEYX', 'KVTX')","['s3://unidata-nexrad-level2/2014/05/15/KNKX/KNKX20140515_190601_V06.gz', 's3://unidata-nexrad-level2/2014/05/15/KSOX/KSOX20140515_191008_V06.gz', 's3://unidata-nexrad-level2/2014/05/15/KYUX/KYUX20140515_191155_V06.gz', 's3://unidata-nexrad-level2/2014/05/15/KEYX/KEYX20140515_191355_V06.gz', 's3://unidata-nexrad-level2/2014/05/15/KVTX/KVTX20140515_191247_V06.gz']"
T,P46T,CHS UUA /OV CHS 290040/TM 0105/FL260/TP P46T/TB SEV/RM NO DAMAGE OR INJURIES. ZJX CWSU,SEV,,26000.0,33.12663189798999,-80.78667408887065,2014-05-16 01:05:00,5.0,L,"('KCLX', 'KCAE', 'KGSP', 'KLTX', 'KJGX')","['s3://unidata-nexrad-level2/2014/05/16/KCLX/KCLX20140516_010253_V06.gz', 's3://unidata-nexrad-level2/2014/05/16/KCAE/KCAE20140516_010241_V06.gz', 's3://unidata-nexrad-level2/2014/05/16/KGSP/KGSP20140516_010432_V06.gz', 's3://unidata-nexrad-level2/2014/05/16/KLTX/KLTX20140516_010336_V06.gz', 's3://unidata-nexrad-level2/2014/05/16/KJGX/KJGX20140516_010116_V07.gz']"
T,P46T,CHS UUA /OV CHS 290040/TM 0105/FL260/TP P46T/TB SEV/RM NO DAMAGE ORINJURIES. ZJX CWSU,SEV,,26000.0,33.12663189798999,-80.78667408887065,2014-05-16 01:05:00,5.0,L,"('KCLX', 'KCAE', 'KGSP', 'KLTX', 'KJGX')","['s3://unidata-nexrad-level2/2014/05/16/KCLX/KCLX20140516_010253_V06.gz', 's3://unidata-nexrad-level2/2014/05/16/KCAE/KCAE20140516_010241_V06.gz', 's3://unidata-nexrad-level2/2014/05/16/KGSP/KGSP20140516_010432_V06.gz', 's3://unidata-nexrad-level2/2014/05/16/KLTX/KLTX20140516_010336_V06.gz', 's3://unidata-nexrad-level2/2014/05/16/KJGX/KJGX20140516_010116_V07.gz']"
T,CL60,LOM UUA /OV PHL020010 /TM 1116 /FL100 /TP CL60 /TB SEV,SEV,,10000.0,40.02495812266072,-75.15683440494756,2014-05-16 11:16:00,5.0,M,"('KDIX', 'KDOX', 'KOKX', 'KLWX', 'KBGM')","['s3://unidata-nexrad-level2/2014/05/16/KDOX/KDOX20140516_111204_V07.gz', 's3://unidata-nexrad-level2/2014/05/16/KOKX/KOKX20140516_111402_V06.gz', 's3://unidata-nexrad-level2/2014/05/16/KLWX/KLWX20140516_111427_V06.gz', 's3://unidata-nexrad-level2/2014/05/16/KBGM/KBGM20140516_111452_V06.gz']"
T,C170,CVS UUA /OV TXO278040/TM 1810/FL085/TP C170/TB SEV/RM ZAB,SEV,,8500.0,34.59278958266168,-103.64112996788457,2014-05-16 18:10:00,5.0,L,"('KFDX', 'KAMA', 'KLBB', 'KHDX', 'KMAF')","['s3://unidata-nexrad-level2/2014/05/16/KFDX/KFDX20140516_180212_V07.gz', 's3://unidata-nexrad-level2/2014/05/16/KAMA/KAMA20140516_180256_V06.gz', 's3://unidata-nexrad-level2/2014/05/16/KLBB/KLBB20140516_180401_V06.gz', 's3://unidata-nexrad-level2/2014/05/16/KHDX/KHDX20140516_180326_V07.gz', 's3://unidata-nexrad-level2/2014/05/16/KMAF/KMAF20140516_180047_V06.gz']"
T,CL30,POU UUA /OV IGN330020 /TM 2324 /FL130 /TP CL30 /TB SEV,SEV,,13000.0,41.9586985173041,-74.04313681759295,2014-05-16 23:24:00,5.0,U,"('KENX', 'KOKX', 'KBGM', 'KDIX', 'KTYX')","['s3://unidata-nexrad-level2/2014/05/16/KENX/KENX20140516_232202_V06.gz', 's3://unidata-nexrad-level2/2014/05/16/KOKX/KOKX20140516_232139_V06.gz', 's3://unidata-nexrad-level2/2014/05/16/KBGM/KBGM20140516_232317_V06.gz', 's3://unidata-nexrad-level2/2014/05/16/KTYX/KTYX20140516_232357_V07.gz']"
T,C210,CCR UUA /OV CCR315004 /TM 0137 /FL025 /TP C210 /TB SEV /RM ONE LARGE JOLT SEVERE TURB,SEV,,2500.0,38.03875058045954,-122.11245074179833,2014-05-17 01:37:00,5.0,L,"('KDAX', 'KMUX', 'KBBX', 'KHNX', 'KRGX')","['s3://unidata-nexrad-level2/2014/05/17/KDAX/KDAX20140517_013351_V06.gz', 's3://unidata-nexrad-level2/2014/05/17/KMUX/KMUX20140517_013644_V06.gz', 's3://unidata-nexrad-level2/2014/05/17/KBBX/KBBX20140517_013617_V07.gz', 's3://unidata-nexrad-level2/2014/05/17/KHNX/KHNX20140517_013056_V06.gz']"
T,B737,MSL UUA /OV MSL/TM 1150/FL330/TP B737/TB SEV/RM ZME,SEV,201405171210-KWBC-UBAL90-PIREP,33000.0,34.71,-87.49,2014-05-17 11:50:00,5.0,M,"('KGWX', 'KHTX', 'KBMX', 'KOHX', 'KPAH')","['s3://unidata-nexrad-level2/2014/05/17/KGWX/KGWX20140517_114947_V07.gz', 's3://unidata-nexrad-level2/2014/05/17/KHTX/KHTX20140517_114633_V06.gz', 's3://unidata-nexrad-level2/2014/05/17/KBMX/KBMX20140517_114426_V06.gz', 's3://unidata-nexrad-level2/2014/05/17/KOHX/KOHX20140517_114621_V06.gz', 's3://unidata-nexrad-level2/2014/05/17/KPAH/KPAH20140517_114932_V06.gz']"
T,MD88,TYS UUA /OV SOT042020/TM 1155/FL320/TP MD88/TB SEV CHOP/RM ZTL,SEV CHOP,,32000.0,36.03773500675615,-82.77501112075873,2014-05-17 11:55:00,5.0,M,"('KMRX', 'KGSP', 'KJKL', 'KFCX', 'KRLX')","['s3://unidata-nexrad-level2/2014/05/17/KMRX/KMRX20140517_115025_V06.gz', 's3://unidata-nexrad-level2/2014/05/17/KGSP/KGSP20140517_115009_V06.gz', 's3://unidata-nexrad-level2/2014/05/17/KJKL/KJKL20140517_114925_V06.gz', 's3://unidata-nexrad-level2/2014/05/17/KFCX/KFCX20140517_115127_V06.gz', 's3://unidata-nexrad-level2/2014/05/17/KRLX/KRLX20140517_115318_V06.gz']"
T,RJ2,RHP UUA /OV HRS021032/TM 1221/FL310/TP RJ2/TB SEV/RM ZTL,SEV,,31000.0,35.43794989151326,-83.6868258229671,2014-05-17 12:21:00,5.0,M,"('KMRX', 'KGSP', 'KHTX', 'KOHX', 'KJKL')","['s3://unidata-nexrad-level2/2014/05/17/KMRX/KMRX20140517_121932_V06.gz', 's3://unidata-nexrad-level2/2014/05/17/KGSP/KGSP20140517_121916_V06.gz', 's3://unidata-nexrad-level2/2014/05/17/KHTX/KHTX20140517_121558_V06.gz', 's3://unidata-nexrad-level2/2014/05/17/KOHX/KOHX20140517_122023_V06.gz', 's3://unidata-nexrad-level2/2014/05/17/KJKL/KJKL20140517_121829_V06.gz']"
T,C717,CHA UUA /OV GQO240030/TM 1424/FL340/TP C717/TB SEV/RM ZTL,SEV,201405171430-KWBC-UBTN90-PIREP,34000.0,34.70997974997975,-85.67839555005716,2014-05-17 14:24:00,5.0,U,"('KHTX', 'KMXX', 'KFFC', 'KOHX', 'KBMX')","['s3://unidata-nexrad-level2/2014/05/17/KHTX/KHTX20140517_141919_V06.gz', 's3://unidata-nexrad-level2/2014/05/17/KMXX/KMXX20140517_142351_V06.gz', 's3://unidata-nexrad-level2/2014/05/17/KFFC/KFFC20140517_142335_V06.gz', 's3://unidata-nexrad-level2/2014/05/17/KOHX/KOHX20140517_142226_V06.gz', 's3://unidata-nexrad-level2/2014/05/17/KBMX/KBMX20140517_142342_V06.gz']"
T,C550,MYNN UUA /OV ZQA130040/TM 2016/FL260/TP C550/TB SEV/RM CWSU ZMA,SEV,,26000.0,24.571440216310005,-76.88646334152783,2014-05-17 20:16:00,5.0,L,"('KAMX', 'KAMX', 'KBYX', 'KMLB', 'KTBW')","['s3://unidata-nexrad-level2/2014/05/17/KAMX/KAMX20140517_201429_V06.gz', 's3://unidata-nexrad-level2/2014/05/17/KAMX/KAMX20140517_201429_V06.gz', 's3://unidata-nexrad-level2/2014/05/17/KBYX/KBYX20140517_201235_V06.gz', 's3://unidata-nexrad-level2/2014/05/17/KMLB/KMLB20140517_201154_V06.gz', 's3://unidata-nexrad-level2/2014/05/17/KTBW/KTBW20140517_201449_V06.gz']"
T,SR22,GAD UUA /OV GAD/TM 1550/FL060/TP SR22/TB SEV/RM ZTL,SEV,201405181555-KWBC-UBAL91-PIREP,6000.0,33.98,-86.08,2014-05-18 15:50:00,5.0,L,"('KHTX', 'KBMX', 'KFFC', 'KMXX', 'KGWX')","['s3://unidata-nexrad-level2/2014/05/18/KHTX/KHTX20140518_154752_V06.gz', 's3://unidata-nexrad-level2/2014/05/18/KBMX/KBMX20140518_154716_V06.gz', 's3://unidata-nexrad-level2/2014/05/18/KFFC/KFFC20140518_154922_V06.gz', 's3://unidata-nexrad-level2/2014/05/18/KMXX/KMXX20140518_154913_V06.gz', 's3://unidata-nexrad-level2/2014/05/18/KGWX/KGWX20140518_154527_V07.gz']"
T,C172,PSP UUA /OV PSP260010 /TM 1552 /FL065 /TP C172 /TB SEV 065,SEV 065,,6500.0,33.80072629280277,-116.70429281001256,2014-05-18 15:52:00,5.0,L,"('KSOX', 'KNKX', 'KEYX', 'KVTX', 'KYUX')","['s3://unidata-nexrad-level2/2014/05/18/KSOX/KSOX20140518_154759_V06.gz', 's3://unidata-nexrad-level2/2014/05/18/KNKX/KNKX20140518_154630_V06.gz', 's3://unidata-nexrad-level2/2014/05/18/KEYX/KEYX20140518_154752_V06.gz', 's3://unidata-nexrad-level2/2014/05/18/KVTX/KVTX20140518_155056_V06.gz', 's3://unidata-nexrad-level2/2014/05/18/KYUX/KYUX20140518_154422_V06.gz']"
T,PA24,SHD UUA /OV CHO315020 /TM 1858 /FL050 /TP PA24 /TB SEV,SEV,,5000.0,38.3743613522977,-78.75256215228784,2014-05-18 18:58:00,5.0,L,"('KLWX', 'KFCX', 'KAKQ', 'KPBZ', 'KCCX')","['s3://unidata-nexrad-level2/2014/05/18/KLWX/KLWX20140518_185353_V06.gz', 's3://unidata-nexrad-level2/2014/05/18/KFCX/KFCX20140518_184927_V06.gz', 's3://unidata-nexrad-level2/2014/05/18/KAKQ/KAKQ20140518_185049_V06.gz', 's3://unidata-nexrad-level2/2014/05/18/KPBZ/KPBZ20140518_185825_V06.gz', 's3://unidata-nexrad-level2/2014/05/18/KCCX/KCCX20140518_184906_V06.gz']"
T,GLF5,MLS UUA /OV MLS 097090/TM 0100/FL380/TP GLF5/TB SEV 380-445/ZLC,SEV 380-445,,38000.0,46.24515117775225,-103.72606809094114,2014-05-19 01:00:00,5.0,M,"('KUDX', 'KBIS', 'KGGW', 'KMBX', 'KBLX')","['s3://unidata-nexrad-level2/2014/05/19/KUDX/KUDX20140519_005849_V06.gz', 's3://unidata-nexrad-level2/2014/05/19/KBIS/KBIS20140519_005830_V06.gz', 's3://unidata-nexrad-level2/2014/05/19/KGGW/KGGW20140519_005717_V06.gz', 's3://unidata-nexrad-level2/2014/05/19/KMBX/KMBX20140519_005654_V06.gz', 's3://unidata-nexrad-level2/2014/05/19/KBLX/KBLX20140519_004049_V06.gz']"
T,AA5,PSP UUA /OV PSP180010 /TM 0143 /FL065 /TP AA5 /TB SEV,SEV,201405190150-KWBC-UBCA90-PIREP,6500.0,33.70331983331983,-116.43,2014-05-19 01:43:00,5.0,L,"('KNKX', 'KSOX', 'KEYX', 'KYUX', 'KESX')","['s3://unidata-nexrad-level2/2014/05/19/KNKX/KNKX20140519_013619_V06.gz', 's3://unidata-nexrad-level2/2014/05/19/KSOX/KSOX20140519_014050_V06.gz', 's3://unidata-nexrad-level2/2014/05/19/KEYX/KEYX20140519_014141_V06.gz', 's3://unidata-nexrad-level2/2014/05/19/KYUX/KYUX20140519_014124_V06.gz', 's3://unidata-nexrad-level2/2014/05/19/KESX/KESX20140519_013755_V06.gz']"
T,C172,TRM UUA /OV TRM /TM 0202 /FL065 /TP C172 /TB SEV /RM MOD TB BLO 045,SEV,201405190210-KWBC-UBCA90-PIREP,6500.0,33.63,-116.16,2014-05-19 02:02:00,5.0,L,"('KNKX', 'KSOX', 'KYUX', 'KEYX', 'KESX')","['s3://unidata-nexrad-level2/2014/05/19/KNKX/KNKX20140519_015534_V06.gz', 's3://unidata-nexrad-level2/2014/05/19/KSOX/KSOX20140519_020012_V06.gz', 's3://unidata-nexrad-level2/2014/05/19/KYUX/KYUX20140519_020053_V06.gz', 's3://unidata-nexrad-level2/2014/05/19/KEYX/KEYX20140519_020028_V06.gz', 's3://unidata-nexrad-level2/2014/05/19/KESX/KESX20140519_015721_V06.gz']"
T,B737,PGA UUA /OV PGA360020/TM 1705/FL320/TP B737/TB SEV 320/RM ZLAWC AWC-WEB:FAAZLA,SEV 320,,32000.0,37.25944033336033,-111.44836,2014-05-19 17:05:00,5.0,M,"('KICX', 'KFSX', 'KFSX', 'KGJX', 'KESX')","['s3://unidata-nexrad-level2/2014/05/19/KICX/KICX20140519_165922_V06.gz', 's3://unidata-nexrad-level2/2014/05/19/KFSX/KFSX20140519_165854_V06.gz', 's3://unidata-nexrad-level2/2014/05/19/KFSX/KFSX20140519_165854_V06.gz', 's3://unidata-nexrad-level2/2014/05/19/KGJX/KGJX20140519_165933_V06.gz', 's3://unidata-nexrad-level2/2014/05/19/KESX/KESX20140519_170253_V06.gz']"
F,B737,BCE UA /OV BCE/TM 1723/FL320/TP B737/TB SEV/RM 50 EAST OF BETHEL LOSS OF 1000FT AWC-WEB:SWA,SEV,,32000.0,37.70639,-112.14556,2014-05-19 17:23:00,5.0,M,"('KICX', 'KESX', 'KFSX', 'KFSX', 'KGJX')","['s3://unidata-nexrad-level2/2014/05/19/KICX/KICX20140519_171848_V06.gz', 's3://unidata-nexrad-level2/2014/05/19/KESX/KESX20140519_172222_V06.gz', 's3://unidata-nexrad-level2/2014/05/19/KFSX/KFSX20140519_171802_V06.gz', 's3://unidata-nexrad-level2/2014/05/19/KFSX/KFSX20140519_171802_V06.gz', 's3://unidata-nexrad-level2/2014/05/19/KGJX/KGJX20140519_171854_V06.gz']"
T,C208,GBD UUA /OV GBD090020/TM 0052/FL070/TP C208/TB SEV CAT/RM CWSU ZKC,SEV CAT,,7000.0,38.34425,-98.43414676893816,2014-05-20 00:52:00,5.0,L,"('KICT', 'KDDC', 'KVNX', 'KTWX', 'KUEX')","['s3://unidata-nexrad-level2/2014/05/20/KICT/KICT20140520_004306_V06.gz', 's3://unidata-nexrad-level2/2014/05/20/KDDC/KDDC20140520_004748_V06.gz', 's3://unidata-nexrad-level2/2014/05/20/KVNX/KVNX20140520_004848_V07.gz', 's3://unidata-nexrad-level2/2014/05/20/KUEX/KUEX20140520_004720_V06.gz']"
T,BE20,PSP UUA /OV PSP180008 /TM 0110 /FL080 /TP BE20 /TB SEV,SEV,,8000.0,33.69632586665587,-116.50669,2014-05-20 01:10:00,5.0,M,"('KNKX', 'KSOX', 'KEYX', 'KYUX', 'KESX')","['s3://unidata-nexrad-level2/2014/05/20/KNKX/KNKX20140520_010946_V06.gz', 's3://unidata-nexrad-level2/2014/05/20/KSOX/KSOX20140520_010247_V06.gz', 's3://unidata-nexrad-level2/2014/05/20/KEYX/KEYX20140520_010845_V06.gz', 's3://unidata-nexrad-level2/2014/05/20/KYUX/KYUX20140520_010227_V06.gz', 's3://unidata-nexrad-level2/2014/05/20/KESX/KESX20140520_010946_V06.gz']"
F,COUC,UUA /OV CYHU /TM 1745 /FL015 /TP COUC /TB MDT-SEV /RM COR COPY,MDT-SEV,,1500.0,45.5166666667,-73.4166666667,2014-05-20 17:45:00,5.0,U,"('KCXX', 'KTYX', 'KGYX', 'KENX', 'KBGM')","['s3://unidata-nexrad-level2/2014/05/20/KCXX/KCXX20140520_173745_V06.gz', 's3://unidata-nexrad-level2/2014/05/20/KTYX/KTYX20140520_174323_V07.gz', 's3://unidata-nexrad-level2/2014/05/20/KGYX/KGYX20140520_174309_V06.gz', 's3://unidata-nexrad-level2/2014/05/20/KBGM/KBGM20140520_174425_V06.gz']"
F,COUC,UA /OV CYHU /TM 1745 /FL015 /TP COUC /TB MDT-SEV,MDT-SEV,,1500.0,45.5166666667,-73.4166666667,2014-05-20 17:45:00,5.0,U,"('KCXX', 'KTYX', 'KGYX', 'KENX', 'KBGM')","['s3://unidata-nexrad-level2/2014/05/20/KCXX/KCXX20140520_173745_V06.gz', 's3://unidata-nexrad-level2/2014/05/20/KTYX/KTYX20140520_174323_V07.gz', 's3://unidata-nexrad-level2/2014/05/20/KGYX/KGYX20140520_174309_V06.gz', 's3://unidata-nexrad-level2/2014/05/20/KBGM/KBGM20140520_174425_V06.gz']"
T,P18T,MUO UUA /OV MUO180010 /TM 1940 /FL045 /TP P18T /SK OVC070 /TB SEV,SEV,,4500.0,42.87691983331983,-115.87243,2014-05-20 19:40:00,5.0,U,"('KCBX', 'KLRX', 'KSFX', 'KMTX', 'KPDT')","['s3://unidata-nexrad-level2/2014/05/20/KCBX/KCBX20140520_193417_V06.gz', 's3://unidata-nexrad-level2/2014/05/20/KLRX/KLRX20140520_193734_V06.gz', 's3://unidata-nexrad-level2/2014/05/20/KSFX/KSFX20140520_193807_V06.gz', 's3://unidata-nexrad-level2/2014/05/20/KMTX/KMTX20140520_193732_V06.gz', 's3://unidata-nexrad-level2/2014/05/20/KPDT/KPDT20140520_193015_V06.gz']"
T,C182,PNC UUA /OV PNC/TM 1945/FL055/TP C182/TB SEV/RM CWSU ZKC,SEV,,5500.0,36.73,-97.1,2014-05-21 19:45:00,5.0,L,"('KVNX', 'KICT', 'KINX', 'KTLX', 'KOUN')","['s3://unidata-nexrad-level2/2014/05/21/KVNX/KVNX20140521_194444_V07.gz', 's3://unidata-nexrad-level2/2014/05/21/KICT/KICT20140521_194420_V06.gz', 's3://unidata-nexrad-level2/2014/05/21/KINX/KINX20140521_194154_V06.gz', 's3://unidata-nexrad-level2/2014/05/21/KTLX/KTLX20140521_193803_V06.gz']"
T,PA46,PNC UUA /OV PNC/TM 1946/FL070/TP PA46/TB SEV/RM CWSU ZKC,SEV,201405212015-KWBC-UBOK90-PIREP,7000.0,36.73,-97.1,2014-05-21 19:46:00,5.0,L,"('KVNX', 'KICT', 'KINX', 'KTLX', 'KOUN')","['s3://unidata-nexrad-level2/2014/05/21/KVNX/KVNX20140521_194444_V07.gz', 's3://unidata-nexrad-level2/2014/05/21/KICT/KICT20140521_194420_V06.gz', 's3://unidata-nexrad-level2/2014/05/21/KINX/KINX20140521_194154_V06.gz', 's3://unidata-nexrad-level2/2014/05/21/KTLX/KTLX20140521_193803_V06.gz']"
T,SR20,FAM UUA /OV FAM230050/TM 2052/FL090/TP SR20/TB SEV,SEV,,9000.0,37.22533027038751,-91.23615481383848,2014-05-21 20:52:00,5.0,L,"('KLSX', 'KSGF', 'KPAH', 'KNQA', 'KLZK')","['s3://unidata-nexrad-level2/2014/05/21/KLSX/KLSX20140521_204730_V06.gz', 's3://unidata-nexrad-level2/2014/05/21/KSGF/KSGF20140521_204813_V06.gz', 's3://unidata-nexrad-level2/2014/05/21/KPAH/KPAH20140521_204901_V06.gz', 's3://unidata-nexrad-level2/2014/05/21/KNQA/KNQA20140521_205149_V06.gz', 's3://unidata-nexrad-level2/2014/05/21/KLZK/KLZK20140521_204527_V06.gz']"
T,B752,SLK UUA /OV SLK /TM 1134 /FL090 /TP B752 /TB SEV,SEV,201405221155-KWBC-UBNY91-PIREP,9000.0,44.38,-74.2,2014-05-22 11:34:00,5.0,M,"('KCXX', 'KTYX', 'KENX', 'KBGM', 'KOKX')","['s3://unidata-nexrad-level2/2014/05/22/KCXX/KCXX20140522_113219_V06.gz', 's3://unidata-nexrad-level2/2014/05/22/KTYX/KTYX20140522_113016_V07.gz', 's3://unidata-nexrad-level2/2014/05/22/KENX/KENX20140522_113042_V06.gz', 's3://unidata-nexrad-level2/2014/05/22/KBGM/KBGM20140522_113243_V06.gz', 's3://unidata-nexrad-level2/2014/05/22/KOKX/KOKX20140522_113203_V06.gz']"
T,TBM8,PSF UUA /OV ALB180030 /TM 1245 /FL120 /TP TBM8 /TB SEV CAT,SEV CAT,,12000.0,42.2575294999595,-73.80361,2014-05-22 12:45:00,5.0,U,"('KENX', 'KOKX', 'KBGM', 'KCXX', 'KDIX')","['s3://unidata-nexrad-level2/2014/05/22/KENX/KENX20140522_124033_V06.gz', 's3://unidata-nexrad-level2/2014/05/22/KOKX/KOKX20140522_124259_V06.gz', 's3://unidata-nexrad-level2/2014/05/22/KBGM/KBGM20140522_124249_V06.gz', 's3://unidata-nexrad-level2/2014/05/22/KCXX/KCXX20140522_124037_V06.gz']"
T,C501,BLM UUA /OV COL205010/TM 1422/FL170/TP C501/TB SEV,SEV,,17000.0,40.1589364669932,-74.25237634322167,2014-05-22 14:22:00,5.0,L,"('KDIX', 'KOKX', 'KDOX', 'KBGM', 'KENX')","['s3://unidata-nexrad-level2/2014/05/22/KOKX/KOKX20140522_142012_V06.gz', 's3://unidata-nexrad-level2/2014/05/22/KDOX/KDOX20140522_141958_V07.gz', 's3://unidata-nexrad-level2/2014/05/22/KBGM/KBGM20140522_142009_V06.gz', 's3://unidata-nexrad-level2/2014/05/22/KENX/KENX20140522_141954_V06.gz']"
T,B737,SNA UUA /OV SXC080030/TM 1825/FL280/TP B737/TB SEV 280/RM ZLAWC AWC-WEB:FAAZLA,SEV 280,201405221845-KWBC-UBCA91-PIREP,28000.0,33.466831121591696,-117.83027521907955,2014-05-22 18:25:00,5.0,M,"('KSOX', 'KNKX', 'KVTX', 'KEYX', 'KVBX')","['s3://unidata-nexrad-level2/2014/05/22/KSOX/KSOX20140522_182413_V06.gz', 's3://unidata-nexrad-level2/2014/05/22/KNKX/KNKX20140522_182339_V06.gz', 's3://unidata-nexrad-level2/2014/05/22/KVTX/KVTX20140522_182221_V06.gz', 's3://unidata-nexrad-level2/2014/05/22/KEYX/KEYX20140522_182412_V06.gz', 's3://unidata-nexrad-level2/2014/05/22/KVBX/KVBX20140522_182050_V06.gz']"
T,A319,SNA UUA /OV SLI165025/TM 1933/FL270/TP A319/TB SEV 270/RM ZLAWC AWC-WEB:FAAZLA,SEV 270,201405221945-KWBC-UBCA90-PIREP,27000.0,33.37749830568365,-117.9202444894192,2014-05-22 19:33:00,5.0,M,"('KSOX', 'KNKX', 'KVTX', 'KEYX', 'KVBX')","['s3://unidata-nexrad-level2/2014/05/22/KSOX/KSOX20140522_193102_V06.gz', 's3://unidata-nexrad-level2/2014/05/22/KNKX/KNKX20140522_193037_V06.gz', 's3://unidata-nexrad-level2/2014/05/22/KVTX/KVTX20140522_193122_V06.gz', 's3://unidata-nexrad-level2/2014/05/22/KEYX/KEYX20140522_193158_V06.gz', 's3://unidata-nexrad-level2/2014/05/22/KVBX/KVBX20140522_193119_V06.gz']"
T,A321,PTW UUA /OV MXE/TM 2139/FL100/TP A321/TB SEV/RM SEVERE TO MODERATE BTWN FL100 AND FL120,SEV,,10000.0,39.92,-75.67,2014-05-22 21:39:00,5.0,M,"('KDIX', 'KDOX', 'KLWX', 'KCCX', 'KBGM')","['s3://unidata-nexrad-level2/2014/05/22/KDIX/KDIX20140522_213951_V06.gz', 's3://unidata-nexrad-level2/2014/05/22/KDOX/KDOX20140522_213504_V07.gz', 's3://unidata-nexrad-level2/2014/05/22/KLWX/KLWX20140522_213520_V06.gz', 's3://unidata-nexrad-level2/2014/05/22/KCCX/KCCX20140522_213829_V06.gz', 's3://unidata-nexrad-level2/2014/05/22/KBGM/KBGM20140522_213709_V06.gz']"
T,A321,PTW UUA /OV MXE/TM 2139/FL100/TP A321/TB SEV/RM SEVERE TO MODERATEBTWN FL100 AND FL120,SEV,,10000.0,39.92,-75.67,2014-05-22 21:39:00,5.0,M,"('KDIX', 'KDOX', 'KLWX', 'KCCX', 'KBGM')","['s3://unidata-nexrad-level2/2014/05/22/KDIX/KDIX20140522_213951_V06.gz', 's3://unidata-nexrad-level2/2014/05/22/KDOX/KDOX20140522_213504_V07.gz', 's3://unidata-nexrad-level2/2014/05/22/KLWX/KLWX20140522_213520_V06.gz', 's3://unidata-nexrad-level2/2014/05/22/KCCX/KCCX20140522_213829_V06.gz', 's3://unidata-nexrad-level2/2014/05/22/KBGM/KBGM20140522_213709_V06.gz']"
T,C182,WJF UUA /OV WJF315005 /TM 2206 /FL057 /TP C182 /TB SEV,SEV,201405222210-KWBC-UBCA90-PIREP,5700.0,34.778930338074424,-117.99169618206172,2014-05-22 22:06:00,5.0,L,"('KEYX', 'KSOX', 'KVTX', 'KNKX', 'KHNX')","['s3://unidata-nexrad-level2/2014/05/22/KEYX/KEYX20140522_220421_V06.gz', 's3://unidata-nexrad-level2/2014/05/22/KSOX/KSOX20140522_220149_V06.gz', 's3://unidata-nexrad-level2/2014/05/22/KVTX/KVTX20140522_220212_V06.gz', 's3://unidata-nexrad-level2/2014/05/22/KNKX/KNKX20140522_220144_V06.gz', 's3://unidata-nexrad-level2/2014/05/22/KHNX/KHNX20140522_220544_V06.gz']"
T,E190,MFV UUA /OV CCV/TM 2320/FL350/TP E190/TB SEV/RM LOST 500 FEET,SEV,,35000.0,37.35,-76.0,2014-05-22 23:20:00,5.0,U,"('KAKQ', 'KDOX', 'KLWX', 'KRAX', 'KMHX')","['s3://unidata-nexrad-level2/2014/05/22/KAKQ/KAKQ20140522_231935_V06.gz', 's3://unidata-nexrad-level2/2014/05/22/KDOX/KDOX20140522_231742_V07.gz', 's3://unidata-nexrad-level2/2014/05/22/KLWX/KLWX20140522_231642_V06.gz', 's3://unidata-nexrad-level2/2014/05/22/KRAX/KRAX20140522_231933_V06.gz', 's3://unidata-nexrad-level2/2014/05/22/KMHX/KMHX20140522_231603_V06.gz']"
T,C210,E11 UUA /OV MAF270035 /TM 1610 /FL050 /TP C210 /TB SEV 130-050,SEV 130-050,,5000.0,31.946615,-102.89496174257424,2014-05-24 16:10:00,5.0,L,"('KMAF', 'KLBB', 'KSJT', 'KFDX', 'KHDX')","['s3://unidata-nexrad-level2/2014/05/24/KMAF/KMAF20140524_160901_V06.gz', 's3://unidata-nexrad-level2/2014/05/24/KLBB/KLBB20140524_160622_V06.gz', 's3://unidata-nexrad-level2/2014/05/24/KSJT/KSJT20140524_160732_V06.gz', 's3://unidata-nexrad-level2/2014/05/24/KFDX/KFDX20140524_160914_V07.gz', 's3://unidata-nexrad-level2/2014/05/24/KHDX/KHDX20140524_160553_V07.gz']"
F,C680,IGM UA /OV LAS125040/TM 2010/FL120/TP C680/TB SEV 120/RM MOD-SEV TURB 100-120 AWC-WEB:FAAZLA,SEV 120,,12000.0,35.689484735940766,-114.48771033646324,2014-05-24 20:10:00,5.0,U,"('KESX', 'KICX', 'KEYX', 'KFSX', 'KYUX')","['s3://unidata-nexrad-level2/2014/05/24/KESX/KESX20140524_200832_V06.gz', 's3://unidata-nexrad-level2/2014/05/24/KICX/KICX20140524_200753_V06.gz', 's3://unidata-nexrad-level2/2014/05/24/KEYX/KEYX20140524_200442_V06.gz', 's3://unidata-nexrad-level2/2014/05/24/KFSX/KFSX20140524_200730_V06.gz', 's3://unidata-nexrad-level2/2014/05/24/KYUX/KYUX20140524_200938_V06.gz']"
T,H25B,HLR UUA /OV LZZ045025/TM 0120/FL410/TP H25B/TB SEV 410/RM AWC-WEB:ZHU,SEV 410,,41000.0,31.400845590372125,-97.85175875966212,2014-05-25 01:20:00,5.0,M,"('KFWS', 'KGRK', 'KDYX', 'KEWX', 'KSJT')","['s3://unidata-nexrad-level2/2014/05/25/KFWS/KFWS20140525_011621_V06.gz', 's3://unidata-nexrad-level2/2014/05/25/KGRK/KGRK20140525_011711_V06.gz', 's3://unidata-nexrad-level2/2014/05/25/KDYX/KDYX20140525_011647_V06.gz', 's3://unidata-nexrad-level2/2014/05/25/KEWX/KEWX20140525_011527_V06.gz', 's3://unidata-nexrad-level2/2014/05/25/KSJT/KSJT20140525_011933_V06.gz']"
T,B739,BWD UUA /OV BWD/TM 1339/FL340/TP B739/TB SEV FL340-350/RM AWC-WEB:KZFW,SEV FL340-350,,34000.0,31.79361,-98.9565,2014-05-26 13:39:00,5.0,M,"('KDYX', 'KFWS', 'KSJT', 'KEWX', 'KGRK')","['s3://unidata-nexrad-level2/2014/05/26/KDYX/KDYX20140526_133503_V06.gz', 's3://unidata-nexrad-level2/2014/05/26/KFWS/KFWS20140526_133621_V06.gz', 's3://unidata-nexrad-level2/2014/05/26/KSJT/KSJT20140526_133811_V06.gz', 's3://unidata-nexrad-level2/2014/05/26/KEWX/KEWX20140526_133532_V06.gz', 's3://unidata-nexrad-level2/2014/05/26/KGRK/KGRK20140526_133734_V06.gz']"
T,B737,BWD UUA /OV BWD/TM 1346/FL340/TP B737/TB SEV FL340-350/RM AWC-WEB:KZHU,SEV FL340-350,201405261355-KWBC-UBTX90-PIREP,34000.0,31.89,-98.96,2014-05-26 13:46:00,5.0,M,"('KDYX', 'KFWS', 'KSJT', 'KGRK', 'KFDR')","['s3://unidata-nexrad-level2/2014/05/26/KDYX/KDYX20140526_134307_V06.gz', 's3://unidata-nexrad-level2/2014/05/26/KFWS/KFWS20140526_134114_V06.gz', 's3://unidata-nexrad-level2/2014/05/26/KSJT/KSJT20140526_134224_V06.gz', 's3://unidata-nexrad-level2/2014/05/26/KGRK/KGRK20140526_134356_V06.gz', 's3://unidata-nexrad-level2/2014/05/26/KFDR/KFDR20140526_134330_V06.gz']"
F,P28A,UUA /OV YEE /TM 1840 /FL040 /TP P28A /TB MDT-SEV BLO 040,MDT-SEV BLO 040,,4000.0,44.68,-79.93,2014-05-26 18:40:00,5.0,L,"('KBUF', 'KDTX', 'KCLE', 'KPBZ', 'KCCX')","['s3://unidata-nexrad-level2/2014/05/26/KBUF/KBUF20140526_183152_V06.gz', 's3://unidata-nexrad-level2/2014/05/26/KDTX/KDTX20140526_183909_V06.gz', 's3://unidata-nexrad-level2/2014/05/26/KCLE/KCLE20140526_183331_V06.gz', 's3://unidata-nexrad-level2/2014/05/26/KPBZ/KPBZ20140526_183837_V06.gz', 's3://unidata-nexrad-level2/2014/05/26/KCCX/KCCX20140526_183643_V06.gz']"
T,GLF4,GGG UUA /OV GGG139043/TM 2110/FL430/TP GLF4/TB SEV/RM AWC-WEB:KZFW,SEV,,43000.0,31.84309098990541,-94.15467971128255,2014-05-26 21:10:00,5.0,M,"('KSHV', 'KPOE', 'KLCH', 'KGRK', 'KHGX')","['s3://unidata-nexrad-level2/2014/05/26/KSHV/KSHV20140526_210746_V06.gz', 's3://unidata-nexrad-level2/2014/05/26/KPOE/KPOE20140526_210632_V06.gz', 's3://unidata-nexrad-level2/2014/05/26/KLCH/KLCH20140526_210836_V06.gz', 's3://unidata-nexrad-level2/2014/05/26/KGRK/KGRK20140526_212543_V06.gz', 's3://unidata-nexrad-level2/2014/05/26/KHGX/KHGX20140526_210530_V06.gz']"
F,B190,UUA /OV YQB 220040 /TM 0000 /FL140 /TP B190 /TB MDT-SEV /RM TURB IN CLOUDS,MDT-SEV,,14000.0,46.28037233814606,-72.0192752221741,2014-05-27 00:00:00,5.0,M,"('KCXX', 'KGYX', 'KCBW', 'KENX', 'KBOX')","['s3://unidata-nexrad-level2/2014/05/26/KCXX/KCXX20140526_235442_V06.gz', 's3://unidata-nexrad-level2/2014/05/26/KGYX/KGYX20140526_235630_V06.gz', 's3://unidata-nexrad-level2/2014/05/26/KCBW/KCBW20140526_235733_V06.gz', 's3://unidata-nexrad-level2/2014/05/26/KENX/KENX20140526_235522_V06.gz', 's3://unidata-nexrad-level2/2014/05/26/KBOX/KBOX20140526_235713_V06.gz']"
T,S76,LBX UUA /OV LBX330008 /TM 1333 /FL050 /TP S76 /TB SEV /RM DECENDING OUT OF 50,SEV,,5000.0,29.22411940692164,-95.5383901207352,2014-05-27 13:33:00,5.0,L,"('KHGX', 'KGRK', 'KLCH', 'KEWX', 'KCRP')","['s3://unidata-nexrad-level2/2014/05/27/KHGX/KHGX20140527_132914_V06.gz', 's3://unidata-nexrad-level2/2014/05/27/KGRK/KGRK20140527_132830_V06.gz', 's3://unidata-nexrad-level2/2014/05/27/KLCH/KLCH20140527_132946_V06.gz', 's3://unidata-nexrad-level2/2014/05/27/KEWX/KEWX20140527_133126_V06.gz', 's3://unidata-nexrad-level2/2014/05/27/KCRP/KCRP20140527_133239_V06.gz']"
T,SR22,ACT UUA /OV ACT315035/TM 2250/FL130/TP SR22/TB SEV 110-130/RM AWC-WEB:KZFW,SEV 110-130,,13000.0,32.03048236652097,-97.71271816253284,2014-05-27 22:50:00,5.0,L,"('KFWS', 'KGRK', 'KDYX', 'KEWX', 'KFDR')","['s3://unidata-nexrad-level2/2014/05/27/KFWS/KFWS20140527_224800_V06.gz', 's3://unidata-nexrad-level2/2014/05/27/KGRK/KGRK20140527_224602_V06.gz', 's3://unidata-nexrad-level2/2014/05/27/KDYX/KDYX20140527_224658_V06.gz', 's3://unidata-nexrad-level2/2014/05/27/KEWX/KEWX20140527_224606_V06.gz', 's3://unidata-nexrad-level2/2014/05/27/KFDR/KFDR20140527_224851_V06.gz']"
T,SR22,GCD UUA /OV IMB120025/TM 2305/FL180/TP SR22/TB SEV/RM ..ZSE,SEV,,18000.0,44.44164979164979,-119.20273750831468,2014-05-27 23:05:00,5.0,L,"('KPDT', 'KCBX', 'KRTX', 'KOTX', 'KMAX')","['s3://unidata-nexrad-level2/2014/05/27/KPDT/KPDT20140527_225913_V06.gz', 's3://unidata-nexrad-level2/2014/05/27/KCBX/KCBX20140527_230411_V06.gz', 's3://unidata-nexrad-level2/2014/05/27/KRTX/KRTX20140527_230136_V06.gz', 's3://unidata-nexrad-level2/2014/05/27/KOTX/KOTX20140527_230407_V06.gz', 's3://unidata-nexrad-level2/2014/05/27/KMAX/KMAX20140527_230044_V06.gz']"
T,CRJ7,FSD UUA /OV FSD090008 /TM 0315 /FL040 /TP CRJ7 /TB SEV /RM DURD,SEV,,4000.0,43.57694,-96.56954726014835,2014-05-28 03:15:00,5.0,M,"('KFSD', 'KOAX', 'KABR', 'KMPX', 'KDMX')","['s3://unidata-nexrad-level2/2014/05/28/KFSD/KFSD20140528_031204_V06.gz', 's3://unidata-nexrad-level2/2014/05/28/KOAX/KOAX20140528_031430_V06.gz', 's3://unidata-nexrad-level2/2014/05/28/KABR/KABR20140528_031319_V06.gz', 's3://unidata-nexrad-level2/2014/05/28/KMPX/KMPX20140528_031135_V06.gz', 's3://unidata-nexrad-level2/2014/05/28/KDMX/KDMX20140528_031217_V06.gz']"
T,A310,BOS UUA /OV 4100N 60000W/TM 0412/FL330/TP A310/TB SEV/RM NO INJURIES,SEV,201405290425-KWBC-UBMA90-PIREP,33000.0,41.0,120.0,2014-05-29 04:12:00,5.0,H,"('RKSG', 'RKJK', 'RODN', 'PGUA', 'LPLA')",['s3://unidata-nexrad-level2/2014/05/29/PGUA/PGUA20140529_041156_V06.gz']
F,C560,UUA /OV 5030N11440W /TM 0624 /FL190 /TP C560 /TB MDT-SEV /RM CONTUS MDT OCNL SEV,MDT-SEV,,19000.0,50.5,-114.6666,2014-05-29 06:24:00,5.0,M,"('KOTX', 'KMSX', 'KTFX', 'KPDT', 'KCBX')","['s3://unidata-nexrad-level2/2014/05/29/KOTX/KOTX20140529_062302_V06.gz', 's3://unidata-nexrad-level2/2014/05/29/KMSX/KMSX20140529_062311_V06.gz', 's3://unidata-nexrad-level2/2014/05/29/KTFX/KTFX20140529_062128_V06.gz', 's3://unidata-nexrad-level2/2014/05/29/KPDT/KPDT20140529_062215_V06.gz', 's3://unidata-nexrad-level2/2014/05/29/KCBX/KCBX20140529_062059_V06.gz']"
T,C172,ANC UUA /OV TED145010/TM 0620/FL037/TP C172/TB SEV,SEV,201405300630-KWBC-UBAK90-PIREP,3700.0,61.15,-150.21,2014-05-30 06:20:00,5.0,L,"('PAHG', 'PAIH', 'PAIH', 'PAPD', 'PAKC')","['s3://unidata-nexrad-level2/2014/05/30/PAHG/PAHG20140530_061656_V06.gz', 's3://unidata-nexrad-level2/2014/05/30/PAIH/PAIH20140530_061725_V06.gz', 's3://unidata-nexrad-level2/2014/05/30/PAIH/PAIH20140530_061725_V06.gz', 's3://unidata-nexrad-level2/2014/05/30/PAPD/PAPD20140530_061925_V06.gz', 's3://unidata-nexrad-level2/2014/05/30/PAKC/PAKC20140530_061739_V06.gz']"
T,C560,VRB UUA /OV TRV350010/TM 1941/FL340/TP C560/TB SEV/RM ZMA CWSU,SEV,201405302005-KWBC-UBFL90-PIREP,34000.0,27.84414792042,-80.52268422626979,2014-05-30 19:41:00,5.0,M,"('KMLB', 'KTBW', 'KAMX', 'KAMX', 'KJAX')","['s3://unidata-nexrad-level2/2014/05/30/KMLB/KMLB20140530_193930_V06.gz', 's3://unidata-nexrad-level2/2014/05/30/KTBW/KTBW20140530_193659_V06.gz', 's3://unidata-nexrad-level2/2014/05/30/KAMX/KAMX20140530_193929_V06.gz', 's3://unidata-nexrad-level2/2014/05/30/KAMX/KAMX20140530_193929_V06.gz', 's3://unidata-nexrad-level2/2014/05/30/KJAX/KJAX20140530_193734_V06.gz']"
T,B772,ELD UUA /OV EIC090050/TM 2201/FL310/TP B772/TB SEV/RM AWC-WEB:KZFW,SEV,201405302210-KWBC-UBAR90-PIREP,31000.0,32.77,-92.81885923945778,2014-05-30 22:01:00,5.0,H,"('KSHV', 'KLZK', 'KPOE', 'KDGX', 'KLCH')","['s3://unidata-nexrad-level2/2014/05/30/KSHV/KSHV20140530_215833_V06.gz', 's3://unidata-nexrad-level2/2014/05/30/KLZK/KLZK20140530_215919_V06.gz', 's3://unidata-nexrad-level2/2014/05/30/KPOE/KPOE20140530_215958_V06.gz', 's3://unidata-nexrad-level2/2014/05/30/KDGX/KDGX20140530_220045_V06.gz', 's3://unidata-nexrad-level2/2014/05/30/KLCH/KLCH20140530_220003_V06.gz']"
T,A109,FAR UUA /OV FAR045015/TM 2207/FL020/TP A109/TB INTMT SEV 020/RM MODERATE TO SEVERE TURBULENCE AWC-WEB:SWA,INTMT SEV 020,,2000.0,47.10207101422328,-96.5522468121542,2014-05-30 22:07:00,5.0,L,"('KMVX', 'KABR', 'KBIS', 'KMPX', 'KFSD')","['s3://unidata-nexrad-level2/2014/05/30/KMVX/KMVX20140530_220339_V06.gz', 's3://unidata-nexrad-level2/2014/05/30/KABR/KABR20140530_220519_V06.gz', 's3://unidata-nexrad-level2/2014/05/30/KBIS/KBIS20140530_220316_V06.gz', 's3://unidata-nexrad-level2/2014/05/30/KMPX/KMPX20140530_220322_V06.gz', 's3://unidata-nexrad-level2/2014/05/30/KFSD/KFSD20140530_220534_V06.gz']"
F,PC12,UUA /OV CYYY 135055 /TM 2215 /FL140 /TP PC12 /TB MDT-SEV /IC LGT-MDT CLR /RM FROM 55 TO 45 MILES SE OF CYYY,MDT-SEV,,14000.0,47.960376281181325,-67.22766894531624,2014-05-30 22:15:00,5.0,L,"('KCBW', 'KGYX', 'KCXX', 'KBOX', 'KENX')","['s3://unidata-nexrad-level2/2014/05/30/KCBW/KCBW20140530_221402_V06.gz', 's3://unidata-nexrad-level2/2014/05/30/KGYX/KGYX20140530_221428_V06.gz', 's3://unidata-nexrad-level2/2014/05/30/KCXX/KCXX20140530_221039_V06.gz', 's3://unidata-nexrad-level2/2014/05/30/KBOX/KBOX20140530_221133_V06.gz', 's3://unidata-nexrad-level2/2014/05/30/KENX/KENX20140530_221448_V06.gz']"
T,A33,DXR UUA /OV BDR330015 /TM 0119 /FL220 /TP A33 /TB SEV CAT 190-220 /RM DURC,SEV CAT 190-220,201405310125-KWBC-UBCT90-PIREP,22000.0,41.37652388797807,-73.2860437591431,2014-05-31 01:19:00,5.0,U,"('KOKX', 'KENX', 'KDIX', 'KBOX', 'KBGM')","['s3://unidata-nexrad-level2/2014/05/31/KOKX/KOKX20140531_011832_V06.gz', 's3://unidata-nexrad-level2/2014/05/31/KENX/KENX20140531_011620_V06.gz', 's3://unidata-nexrad-level2/2014/05/31/KDIX/KDIX20140531_011621_V06.gz', 's3://unidata-nexrad-level2/2014/05/31/KBOX/KBOX20140531_011803_V06.gz', 's3://unidata-nexrad-level2/2014/05/31/KBGM/KBGM20140531_011500_V06.gz']"
T,A310,MYNN UUA /OV ZQA165073/TM 1038/FL370/TP A310/TB SEV/RM CWSU ZMA,SEV,,37000.0,23.82469505259626,-77.10252200629674,2014-05-31 10:38:00,5.0,H,"('KAMX', 'KAMX', 'KBYX', 'KMLB', 'KTBW')","['s3://unidata-nexrad-level2/2014/05/31/KAMX/KAMX20140531_103739_V06.gz', 's3://unidata-nexrad-level2/2014/05/31/KAMX/KAMX20140531_103739_V06.gz', 's3://unidata-nexrad-level2/2014/05/31/KBYX/KBYX20140531_103625_V06.gz', 's3://unidata-nexrad-level2/2014/05/31/KMLB/KMLB20140531_103750_V06.gz', 's3://unidata-nexrad-level2/2014/05/31/KTBW/KTBW20140531_103749_V06.gz']"
T,UNKN,PSP UUA /OV PSP-PSP335007 /TM 1854 /FL035 /TP UNKN /TB SEV 035-BLO /RM MULT ACFT REPORT,SEV 035-BLO,201405311900-KWBC-UBCA91-PIREP,3500.0,33.87,-116.43,2014-05-31 18:54:00,5.0,U,"('KNKX', 'KSOX', 'KEYX', 'KYUX', 'KESX')","['s3://unidata-nexrad-level2/2014/05/31/KNKX/KNKX20140531_185012_V06.gz', 's3://unidata-nexrad-level2/2014/05/31/KSOX/KSOX20140531_184639_V06.gz', 's3://unidata-nexrad-level2/2014/05/31/KEYX/KEYX20140531_184534_V06.gz', 's3://unidata-nexrad-level2/2014/05/31/KYUX/KYUX20140531_185249_V06.gz', 's3://unidata-nexrad-level2/2014/05/31/KESX/KESX20140531_185317_V06.gz']"
T,PA31,MMI UUA /OV TYS225020 /TM 2210 /FL040 /TP PA31 /TB SEV,SEV,,4000.0,35.5823786477023,-84.2764985578266,2014-05-31 22:10:00,5.0,L,"('KMRX', 'KHTX', 'KGSP', 'KJKL', 'KFFC')","['s3://unidata-nexrad-level2/2014/05/31/KMRX/KMRX20140531_220516_V06.gz', 's3://unidata-nexrad-level2/2014/05/31/KHTX/KHTX20140531_220905_V06.gz', 's3://unidata-nexrad-level2/2014/05/31/KGSP/KGSP20140531_220841_V06.gz', 's3://unidata-nexrad-level2/2014/05/31/KJKL/KJKL20140531_220119_V06.gz', 's3://unidata-nexrad-level2/2014/05/31/KFFC/KFFC20140531_220836_V06.gz']"
