URGENT,AIRCRAFT,REPORT,TURBULENCE,PRODUCT_ID,FL,LAT,LON,datetime,turbulence_intensity,Plane Weight,nexrad_sites,aws_files
T,DH8D,PSC UUA /OV PSC320020/TM 0106/FL151/TP DH8D/TB SEV 151-150,SEV 151-150,,15100.0,46.52005883092698,-119.42898409628116,2019-08-09 01:06:00,5.0,M,"('KPDT', 'KOTX', 'KRTX', 'KATX', 'KLGX')","['s3://unidata-nexrad-level2/2019/08/09/KPDT/KPDT20190809_010510_V06', 's3://unidata-nexrad-level2/2019/08/09/KOTX/KOTX20190809_010219_V06', 's3://unidata-nexrad-level2/2019/08/09/KRTX/KRTX20190809_010540_V06', 's3://unidata-nexrad-level2/2019/08/09/KATX/KATX20190809_010358_V06', 's3://unidata-nexrad-level2/2019/08/09/KLGX/KLGX20190809_010426_V06']"
T,A321,ACY UUA /OV VCN/TM 1732/FL090/TP A321/TB SEV,SEV,,9000.0,39.54,-74.97,2019-08-03 17:32:00,5.0,M,"('KDIX', 'KDOX', 'KLWX', 'KOKX', 'KBGM')","['s3://unidata-nexrad-level2/2019/08/03/KDIX/KDIX20190803_172638_V06', 's3://unidata-nexrad-level2/2019/08/03/KDOX/KDOX20190803_172818_V06', 's3://unidata-nexrad-level2/2019/08/03/KLWX/KLWX20190803_172824_V06', 's3://unidata-nexrad-level2/2019/08/03/KOKX/KOKX20190803_172910_V06', 's3://unidata-nexrad-level2/2019/08/03/KBGM/KBGM20190803_172944_V06']"
F,B738,COU UA /OV MCM110020/TM 1221/FL360/TP B738/TB MOD CHOP/RM ZKCFDC/OH,MOD CHOP,,36000.0,39.535984051005,-92.0731508245334,2019-08-01 12:21:00,3.0,M,"('KLSX', 'KEAX', 'KSGF', 'KILX', 'KDVN')","['s3://unidata-nexrad-level2/2019/08/01/KLSX/KLSX20190801_121840_V06', 's3://unidata-nexrad-level2/2019/08/01/KEAX/KEAX20190801_122053_V06', 's3://unidata-nexrad-level2/2019/08/01/KSGF/KSGF20190801_121655_V06', 's3://unidata-nexrad-level2/2019/08/01/KILX/KILX20190801_121914_V06', 's3://unidata-nexrad-level2/2019/08/01/KDVN/KDVN20190801_121420_V06']"
T,B737,IAH UUA /OV IAH180200 /TM 2000 /FL370 /TP B737 /TB SEV /RM FM ZHU AWC-WEB:,SEV,,37000.0,26.650826666396668,-95.34144,2019-08-21 20:00:00,5.0,M,"('KBRO', 'KCRP', 'KHGX', 'KEWX', 'KLCH')","['s3://unidata-nexrad-level2/2019/08/21/KBRO/KBRO20190821_195708_V06', 's3://unidata-nexrad-level2/2019/08/21/KCRP/KCRP20190821_195735_V06', 's3://unidata-nexrad-level2/2019/08/21/KHGX/KHGX20190821_195818_V06', 's3://unidata-nexrad-level2/2019/08/21/KEWX/KEWX20190821_195623_V06', 's3://unidata-nexrad-level2/2019/08/21/KLCH/KLCH20190821_195514_V06']"
F,B737,MEM UA /OV MEM135045/TM 2353/FL400/TP B737/TB CONT MOD/RM SUDDEN WIND PICK UP AND +/-200FT IN ALTITUDE. FELT SIMILAR TO MTN WAVE TURB. ZME,CONT MOD,,40000.0,34.53073695733018,-89.33704979576983,2019-08-01 23:53:00,3.0,M,"('KNQA', 'KGWX', 'KBMX', 'KOHX', 'KDGX')","['s3://unidata-nexrad-level2/2019/08/01/KNQA/KNQA20190801_235101_V06', 's3://unidata-nexrad-level2/2019/08/01/KGWX/KGWX20190801_235110_V06', 's3://unidata-nexrad-level2/2019/08/01/KBMX/KBMX20190801_235208_V06', 's3://unidata-nexrad-level2/2019/08/01/KOHX/KOHX20190801_234930_V06', 's3://unidata-nexrad-level2/2019/08/01/KDGX/KDGX20190801_234919_V06']"
F,B738,MCI UA /OV MCI080020/TM 2205/FL280/TP B738/TB LGT/RM /ZKC FDC/AF,LGT,,28000.0,39.35549741439446,-94.28968206675697,2019-08-07 22:05:00,1.0,M,"('KEAX', 'KTWX', 'KSGF', 'KOAX', 'KDMX')","['s3://unidata-nexrad-level2/2019/08/07/KEAX/KEAX20190807_220432_V06', 's3://unidata-nexrad-level2/2019/08/07/KTWX/KTWX20190807_220300_V06', 's3://unidata-nexrad-level2/2019/08/07/KSGF/KSGF20190807_220406_V06', 's3://unidata-nexrad-level2/2019/08/07/KOAX/KOAX20190807_220144_V06', 's3://unidata-nexrad-level2/2019/08/07/KDMX/KDMX20190807_220246_V06']"
F,FA7C,TUL UA /OV TUL250030/TM 2309/FL410/TP FA7C/TB MOD CHOP/RM ZKCFD,MOD CHOP,,41000.0,36.02736607650751,-96.4703873408792,2019-08-22 23:09:00,3.0,U,"('KINX', 'KVNX', 'KTLX', 'KOUN', 'KICT')","['s3://unidata-nexrad-level2/2019/08/22/KINX/KINX20190822_230632_V06', 's3://unidata-nexrad-level2/2019/08/22/KVNX/KVNX20190822_230733_V06', 's3://unidata-nexrad-level2/2019/08/22/KTLX/KTLX20190822_230221_V06', 's3://unidata-nexrad-level2/2019/08/22/KICT/KICT20190822_230606_V06']"
T,C56X,MLB UUA /OV MLB060220/TM 1240/FL410/TP C56X/TB SEV,SEV,,41000.0,29.93623183348184,-77.04513715584761,2019-08-25 12:40:00,5.0,M,"('KMLB', 'KLTX', 'KJAX', 'KCLX', 'KMHX')","['s3://unidata-nexrad-level2/2019/08/25/KMLB/KMLB20190825_123632_V06', 's3://unidata-nexrad-level2/2019/08/25/KLTX/KLTX20190825_123644_V06', 's3://unidata-nexrad-level2/2019/08/25/KJAX/KJAX20190825_123726_V06', 's3://unidata-nexrad-level2/2019/08/25/KCLX/KCLX20190825_123850_V06', 's3://unidata-nexrad-level2/2019/08/25/KMHX/KMHX20190825_123536_V06']"
F,A330,UUA /OV CYMM 045100 /TM 2212 /FL360 /TP A330 /TB MDT-SEV,MDT-SEV,,36000.0,57.8319067614885,-109.07782422958408,2019-08-03 22:12:00,5.0,L,"('KGGW', 'KTFX', 'KMSX', 'KBLX', 'KMBX')","['s3://unidata-nexrad-level2/2019/08/03/KGGW/KGGW20190803_221131_V06', 's3://unidata-nexrad-level2/2019/08/03/KTFX/KTFX20190803_220327_V06', 's3://unidata-nexrad-level2/2019/08/03/KMSX/KMSX20190803_220620_V06', 's3://unidata-nexrad-level2/2019/08/03/KBLX/KBLX20190803_221012_V06', 's3://unidata-nexrad-level2/2019/08/03/KMBX/KMBX20190803_221055_V06']"
F,C56X,RSW UA /OV RSW085040/TM 1635/FL150/TP C56X/TB MOD CHOP,MOD CHOP,,15000.0,26.596168534913254,-81.0143249534486,2019-08-04 16:35:00,3.0,M,"('KMLB', 'KAMX', 'KAMX', 'KTBW', 'KBYX')","['s3://unidata-nexrad-level2/2019/08/04/KMLB/KMLB20190804_163313_V06', 's3://unidata-nexrad-level2/2019/08/04/KAMX/KAMX20190804_163144_V06', 's3://unidata-nexrad-level2/2019/08/04/KAMX/KAMX20190804_163144_V06', 's3://unidata-nexrad-level2/2019/08/04/KTBW/KTBW20190804_162922_V06', 's3://unidata-nexrad-level2/2019/08/04/KBYX/KBYX20190804_163313_V06']"
F,DA7X,LBF UA /OV KLBF /TM 1531 /FL410 /TP DA7X /SK BKN /WX 99 /TA M57 /WV 290037KT /TB NONE /IC NONE /RM CB NORTH OBH. TOPS ABOVE 410 AND GROWING. POSSIBLE HAIL SHAFT. AWC-WEB,NONE,,41000.0,41.12191,-100.66896,2019-08-02 15:31:00,0.0,U,"('KLNX', 'KUEX', 'KGLD', 'KOAX', 'KCYS')","['s3://unidata-nexrad-level2/2019/08/02/KLNX/KLNX20190802_152643_V06', 's3://unidata-nexrad-level2/2019/08/02/KUEX/KUEX20190802_152843_V06', 's3://unidata-nexrad-level2/2019/08/02/KGLD/KGLD20190802_152713_V06', 's3://unidata-nexrad-level2/2019/08/02/KOAX/KOAX20190802_152657_V06', 's3://unidata-nexrad-level2/2019/08/02/KCYS/KCYS20190802_152407_V06']"
F,NUMEROUS,FDY UA /OV LFD-CRL-FBC-FWA/TM 1200/FL320/TP NUMEROUS/TB CONS LGT-MOD CHOP FL320-FL350,CONS LGT-MOD CHOP FL320-FL350,,32000.0,42.055,-84.115,2019-08-13 12:00:00,2.0,U,"('KDTX', 'KCLE', 'KGRR', 'KIWX', 'KIND')","['s3://unidata-nexrad-level2/2019/08/13/KDTX/KDTX20190813_115932_V06', 's3://unidata-nexrad-level2/2019/08/13/KCLE/KCLE20190813_115703_V06', 's3://unidata-nexrad-level2/2019/08/13/KGRR/KGRR20190813_115612_V06', 's3://unidata-nexrad-level2/2019/08/13/KIWX/KIWX20190813_115912_V06']"
F,B763,GCK UA /OV GCK250030/TM 1016/FL380/TP B763/TB MOD CHOP/RM /ZKC FDC/AF,MOD CHOP,,38000.0,37.75650607650751,-101.32012362346067,2019-08-24 10:16:00,3.0,H,"('KDDC', 'KGLD', 'KAMA', 'KVNX', 'KPUX')","['s3://unidata-nexrad-level2/2019/08/24/KDDC/KDDC20190824_101053_V06', 's3://unidata-nexrad-level2/2019/08/24/KGLD/KGLD20190824_101403_V06', 's3://unidata-nexrad-level2/2019/08/24/KAMA/KAMA20190824_101416_V06', 's3://unidata-nexrad-level2/2019/08/24/KVNX/KVNX20190824_101404_V06', 's3://unidata-nexrad-level2/2019/08/24/KPUX/KPUX20190824_101408_V06']"
F,MULTP,AKR UA /OV ACO/TM 2025/FL390/TP MULTP/TB CONS LGT ONCL MOD,CONS LGT ONCL MOD,,39000.0,41.11,-81.2,2019-08-30 20:25:00,2.0,U,"('KCLE', 'KPBZ', 'KRLX', 'KDTX', 'KCCX')","['s3://unidata-nexrad-level2/2019/08/30/KCLE/KCLE20190830_202144_V06', 's3://unidata-nexrad-level2/2019/08/30/KPBZ/KPBZ20190830_201944_V06', 's3://unidata-nexrad-level2/2019/08/30/KRLX/KRLX20190830_202135_V06', 's3://unidata-nexrad-level2/2019/08/30/KDTX/KDTX20190830_202405_V06', 's3://unidata-nexrad-level2/2019/08/30/KCCX/KCCX20190830_201624_V06']"
F,C177,UUA /OV 5104N11505W /TM 1530 /FL085 /TP C177 /TB MDT-SEV 085 /RM STGWND IN MTS,MDT-SEV 085,,8500.0,51.666,-115.833,2019-08-18 15:30:00,5.0,L,"('KOTX', 'KMSX', 'KTFX', 'KPDT', 'KATX')","['s3://unidata-nexrad-level2/2019/08/18/KOTX/KOTX20190818_152754_V06', 's3://unidata-nexrad-level2/2019/08/18/KMSX/KMSX20190818_152638_V06', 's3://unidata-nexrad-level2/2019/08/18/KTFX/KTFX20190818_152846_V06', 's3://unidata-nexrad-level2/2019/08/18/KPDT/KPDT20190818_152757_V06', 's3://unidata-nexrad-level2/2019/08/18/KATX/KATX20190818_152207_V06']"
F,B763,IKK UA /OV EON/TM 1107/FL300/TP B763/TB CONS LGT,CONS LGT,,30000.0,41.27,-87.79,2019-08-13 11:07:00,1.0,H,"('KLOT', 'KILX', 'KIND', 'KIWX', 'KGRR')","['s3://unidata-nexrad-level2/2019/08/13/KLOT/KLOT20190813_110335_V06', 's3://unidata-nexrad-level2/2019/08/13/KILX/KILX20190813_110343_V06', 's3://unidata-nexrad-level2/2019/08/13/KIND/KIND20190813_110057_V06', 's3://unidata-nexrad-level2/2019/08/13/KIWX/KIWX20190813_110508_V06', 's3://unidata-nexrad-level2/2019/08/13/KGRR/KGRR20190813_105957_V06']"
F,A320,CAK UA /OV BSV/TM 1543/FL300/TP A320/TB MOD CHOP,MOD CHOP,,30000.0,40.74,-81.43,2019-08-11 15:43:00,3.0,M,"('KCLE', 'KPBZ', 'KILN', 'KCCX', 'KRLX')","['s3://unidata-nexrad-level2/2019/08/11/KCLE/KCLE20190811_153740_V06', 's3://unidata-nexrad-level2/2019/08/11/KPBZ/KPBZ20190811_154213_V06', 's3://unidata-nexrad-level2/2019/08/11/KILN/KILN20190811_153738_V06', 's3://unidata-nexrad-level2/2019/08/11/KCCX/KCCX20190811_153515_V06', 's3://unidata-nexrad-level2/2019/08/11/KRLX/KRLX20190811_153600_V06']"
T,B772,BKH UUA /OV PHLI293225 /TM 2201 /FL350 /TP B772 /TB SEV /RM OV ECEDO COR,SEV,,35000.0,23.443833876533738,-163.06212699407138,2019-08-05 22:01:00,5.0,H,"('PHKI', 'PHMO', 'PHKM', 'PHWA', 'PAKC')","['s3://unidata-nexrad-level2/2019/08/05/PHKI/PHKI20190805_215634_V06', 's3://unidata-nexrad-level2/2019/08/05/PHMO/PHMO20190805_220029_V06', 's3://unidata-nexrad-level2/2019/08/05/PHKM/PHKM20190805_215736_V06', 's3://unidata-nexrad-level2/2019/08/05/PHWA/PHWA20190805_215929_V06', 's3://unidata-nexrad-level2/2019/08/05/PAKC/PAKC20190805_215707_V06']"
F,E146,SHD UA /OV MOL/TM 2100/FL350/TP E146/TB MOD,MOD,,35000.0,37.9,-79.11,2019-08-08 21:00:00,3.0,U,"('KFCX', 'KLWX', 'KAKQ', 'KRAX', 'KRLX')","['s3://unidata-nexrad-level2/2019/08/08/KFCX/KFCX20190808_205108_V06', 's3://unidata-nexrad-level2/2019/08/08/KLWX/KLWX20190808_205846_V06', 's3://unidata-nexrad-level2/2019/08/08/KAKQ/KAKQ20190808_205709_V06', 's3://unidata-nexrad-level2/2019/08/08/KRAX/KRAX20190808_205637_V06', 's3://unidata-nexrad-level2/2019/08/08/KRLX/KRLX20190808_205941_V06']"
T,F2TH,MEM UUA /OV 10 NE UTA/TM 2244/FL040/TP F2TH/TB EXTRM,EXTRM,,4000.0,34.79897067614885,-90.20334501509082,2019-08-07 22:44:00,7.0,M,"('KNQA', 'KLZK', 'KGWX', 'KDGX', 'KPAH')","['s3://unidata-nexrad-level2/2019/08/07/KNQA/KNQA20190807_224334_V06', 's3://unidata-nexrad-level2/2019/08/07/KLZK/KLZK20190807_223852_V06', 's3://unidata-nexrad-level2/2019/08/07/KGWX/KGWX20190807_224154_V06', 's3://unidata-nexrad-level2/2019/08/07/KDGX/KDGX20190807_224215_V06', 's3://unidata-nexrad-level2/2019/08/07/KPAH/KPAH20190807_224337_V06']"
T,C525,VIH UUA /OV VIH060010/TM 2054/FL120/TP C525/TB EXTRM/RM ZKC FDC,EXTRM,,12000.0,38.213340083340086,-91.58649238893692,2019-08-30 20:54:00,7.0,L,"('KLSX', 'KSGF', 'KEAX', 'KPAH', 'KILX')","['s3://unidata-nexrad-level2/2019/08/30/KLSX/KLSX20190830_205247_V06', 's3://unidata-nexrad-level2/2019/08/30/KSGF/KSGF20190830_205313_V06', 's3://unidata-nexrad-level2/2019/08/30/KEAX/KEAX20190830_205314_V06', 's3://unidata-nexrad-level2/2019/08/30/KPAH/KPAH20190830_204655_V06', 's3://unidata-nexrad-level2/2019/08/30/KILX/KILX20190830_204828_V06']"
T,H25B,LWA UUA /OV ELX270015/TM 1923/FL215/TP H25B/TB SEV CAT/RM LASTED FOR 5 SECONDS,SEV CAT,,21500.0,42.14,-86.45717826392922,2019-08-06 19:23:00,5.0,M,"('KIWX', 'KGRR', 'KLOT', 'KMKX', 'KDTX')","['s3://unidata-nexrad-level2/2019/08/06/KIWX/KIWX20190806_191852_V06', 's3://unidata-nexrad-level2/2019/08/06/KGRR/KGRR20190806_192149_V06', 's3://unidata-nexrad-level2/2019/08/06/KLOT/KLOT20190806_192229_V06', 's3://unidata-nexrad-level2/2019/08/06/KMKX/KMKX20190806_192039_V06', 's3://unidata-nexrad-level2/2019/08/06/KDTX/KDTX20190806_192046_V06']"
F,A332,UUA /OV 4606N05829W /TM 0116 /FL290 /TP A332 /TB SEV /RM ACFTCLIMBED ABV TURB,SEV,,29000.0,46.1,-58.4833,2019-08-27 01:16:00,5.0,H,"('KCBW', 'KGYX', 'KBOX', 'KCXX', 'KOKX')","['s3://unidata-nexrad-level2/2019/08/27/KCBW/KCBW20190827_011313_V06', 's3://unidata-nexrad-level2/2019/08/27/KGYX/KGYX20190827_011219_V06', 's3://unidata-nexrad-level2/2019/08/27/KBOX/KBOX20190827_011424_V06', 's3://unidata-nexrad-level2/2019/08/27/KCXX/KCXX20190827_011136_V06', 's3://unidata-nexrad-level2/2019/08/27/KOKX/KOKX20190827_010744_V06']"
T,BE36,MRI UUA /OV MRI160001/TM 2042/FL002/TP BE36/WV 07030KT/TB SEV/RM LLWS +/-10 KT 002-SFC DURD RY34 MRI,SEV,,200.0,61.19433718773393,-149.82816281374875,2019-08-18 20:42:00,5.0,L,"('PAHG', 'PAIH', 'PAIH', 'PAPD', 'PAKC')","['s3://unidata-nexrad-level2/2019/08/18/PAHG/PAHG20190818_203519_V06', 's3://unidata-nexrad-level2/2019/08/18/PAIH/PAIH20190818_203839_V06', 's3://unidata-nexrad-level2/2019/08/18/PAIH/PAIH20190818_203839_V06', 's3://unidata-nexrad-level2/2019/08/18/PAPD/PAPD20190818_204011_V06', 's3://unidata-nexrad-level2/2019/08/18/PAKC/PAKC20190818_203729_V06']"
F,A319,MCI UA /OV MCI080020/TM 0952/FL350/TP A319/TB LGT CONS CHOP/RM SMOOTH BELOW FL38 ZKCFDC/OH,LGT CONS CHOP,,35000.0,39.35549741439446,-94.28968206675697,2019-08-23 09:52:00,1.0,M,"('KEAX', 'KTWX', 'KSGF', 'KOAX', 'KDMX')","['s3://unidata-nexrad-level2/2019/08/23/KEAX/KEAX20190823_095132_V06', 's3://unidata-nexrad-level2/2019/08/23/KTWX/KTWX20190823_094939_V06', 's3://unidata-nexrad-level2/2019/08/23/KSGF/KSGF20190823_095054_V06', 's3://unidata-nexrad-level2/2019/08/23/KOAX/KOAX20190823_095052_V06', 's3://unidata-nexrad-level2/2019/08/23/KDMX/KDMX20190823_094227_V06']"
F,B738,MKE UA /OV BAE292070 /TM 0032 /FL350 /TP B738 /TB CONT LGT CHOP 350 /RM DURGC AWC-WEB:,CONT LGT CHOP 350,,35000.0,43.557076426010376,-89.7620755641944,2019-08-03 00:32:00,1.0,M,"('KMKX', 'KARX', 'KGRB', 'KLOT', 'KDVN')","['s3://unidata-nexrad-level2/2019/08/03/KMKX/KMKX20190803_002530_V06', 's3://unidata-nexrad-level2/2019/08/03/KARX/KARX20190803_003055_V06', 's3://unidata-nexrad-level2/2019/08/03/KGRB/KGRB20190803_002823_V06', 's3://unidata-nexrad-level2/2019/08/03/KLOT/KLOT20190803_002554_V06', 's3://unidata-nexrad-level2/2019/08/03/KDVN/KDVN20190803_003127_V06']"
F,A359,MDY UA /OV 4000N 17800W/TM 1710/FL390/TP A359/TB LGT-MOD/RM ZOA CWSU,LGT-MOD,,39000.0,40.0,-178.0,2019-08-16 17:10:00,2.0,U,"('PHKI', 'PABC', 'PAEC', 'PHMO', 'PAKC')","['s3://unidata-nexrad-level2/2019/08/16/PHKI/PHKI20190816_170707_V06', 's3://unidata-nexrad-level2/2019/08/16/PABC/PABC20190816_170904_V06', 's3://unidata-nexrad-level2/2019/08/16/PAEC/PAEC20190816_170904_V06', 's3://unidata-nexrad-level2/2019/08/16/PHMO/PHMO20190816_170935_V06', 's3://unidata-nexrad-level2/2019/08/16/PAKC/PAKC20190816_170759_V06']"
T,C550,TXK UUA /OV TXK355040 /TM 2001 /FL160 /TP C550 /TB SEV /RM SMALL JOLT ZFW AWC-WEB:,SEV,,16000.0,34.11790359329532,-94.06067682973188,2019-08-04 20:01:00,5.0,L,"('KSRX', 'KLZK', 'KSHV', 'KINX', 'KTLX')","['s3://unidata-nexrad-level2/2019/08/04/KSRX/KSRX20190804_195909_V06', 's3://unidata-nexrad-level2/2019/08/04/KLZK/KLZK20190804_200049_V06', 's3://unidata-nexrad-level2/2019/08/04/KSHV/KSHV20190804_200018_V06', 's3://unidata-nexrad-level2/2019/08/04/KINX/KINX20190804_195944_V06', 's3://unidata-nexrad-level2/2019/08/04/KTLX/KTLX20190804_195843_V06']"
T,BE9L,CEW UUA /OV CEW160015/TM 1818/FL100/TP BE9L/TB CONS SEV,CONS SEV,,10000.0,30.545057816008924,-86.4204677899351,2019-08-08 18:18:00,5.0,L,"('KEVX', 'KEOX', 'KMOB', 'KTLH', 'KMXX')","['s3://unidata-nexrad-level2/2019/08/08/KEVX/KEVX20190808_181255_V06', 's3://unidata-nexrad-level2/2019/08/08/KEOX/KEOX20190808_181651_V06', 's3://unidata-nexrad-level2/2019/08/08/KMOB/KMOB20190808_181545_V06', 's3://unidata-nexrad-level2/2019/08/08/KTLH/KTLH20190808_181358_V06', 's3://unidata-nexrad-level2/2019/08/08/KMXX/KMXX20190808_181734_V06']"
T,C172,DEN UUA /OV DEN130012/TM 1700/FL065/TP C172/TB SEV/RM MOD-SEV TURB W/ 1500 FT DOWNDRAFT,SEV,,6500.0,39.704232064893,-104.45797152562866,2019-08-23 17:00:00,5.0,L,"('KFTG', 'KPUX', 'KCYS', 'KGLD', 'KGJX')","['s3://unidata-nexrad-level2/2019/08/23/KFTG/KFTG20190823_165654_V06', 's3://unidata-nexrad-level2/2019/08/23/KPUX/KPUX20190823_165615_V06', 's3://unidata-nexrad-level2/2019/08/23/KCYS/KCYS20190823_165901_V06', 's3://unidata-nexrad-level2/2019/08/23/KGLD/KGLD20190823_165738_V06', 's3://unidata-nexrad-level2/2019/08/23/KGJX/KGJX20190823_165506_V06']"
F,C208,MCG UA /OV MCG100060/TM 2136/FL100/TP C208/TA 0/WV 250051/TB CONT LGT/IC NEG/RM ZAN,CONT LGT,,10000.0,62.776337756816616,-153.4343071859504,2019-08-03 21:36:00,1.0,L,"('PAHG', 'PAPD', 'PAKC', 'PAIH', 'PAIH')","['s3://unidata-nexrad-level2/2019/08/03/PAHG/PAHG20190803_213505_V06', 's3://unidata-nexrad-level2/2019/08/03/PAPD/PAPD20190803_213128_V06', 's3://unidata-nexrad-level2/2019/08/03/PAKC/PAKC20190803_213329_V06', 's3://unidata-nexrad-level2/2019/08/03/PAIH/PAIH20190803_213432_V06', 's3://unidata-nexrad-level2/2019/08/03/PAIH/PAIH20190803_213432_V06']"
F,B738,SRQ UA /OV LEV110150/TM 1213/FL380/TP B738/TB CONS LGT CHOP,CONS LGT CHOP,,38000.0,28.324880382537547,-87.40907970651004,2019-08-10 12:13:00,1.0,M,"('KMOB', 'KEVX', 'KLIX', 'KTLH', 'KHDC')","['s3://unidata-nexrad-level2/2019/08/10/KMOB/KMOB20190810_121000_V06', 's3://unidata-nexrad-level2/2019/08/10/KEVX/KEVX20190810_121030_V06', 's3://unidata-nexrad-level2/2019/08/10/KLIX/KLIX20190810_120940_V06', 's3://unidata-nexrad-level2/2019/08/10/KTLH/KTLH20190810_120554_V06']"
T,RV8,GCK UUA /OV GCK015030/TM 0011/FL095/TP RV8/TB EXTRM/ -1000FT/RM ZKCFD,EXTRM,,9500.0,38.410532033179614,-100.56034566379924,2019-08-30 00:11:00,7.0,L,"('KDDC', 'KGLD', 'KUEX', 'KVNX', 'KICT')","['s3://unidata-nexrad-level2/2019/08/30/KDDC/KDDC20190830_000520_V06', 's3://unidata-nexrad-level2/2019/08/30/KGLD/KGLD20190830_001027_V06', 's3://unidata-nexrad-level2/2019/08/30/KUEX/KUEX20190830_001029_V06', 's3://unidata-nexrad-level2/2019/08/30/KVNX/KVNX20190830_001045_V06', 's3://unidata-nexrad-level2/2019/08/30/KICT/KICT20190830_000904_V06']"
T,B777,JFK UUA /OV JFK180015/TM 2344/FL110/TP B777/TB SEV,SEV,,11000.0,40.38858974997975,-73.76222,2019-08-07 23:44:00,5.0,H,"('KDIX', 'KOKX', 'KDOX', 'KENX', 'KBGM')","['s3://unidata-nexrad-level2/2019/08/07/KDIX/KDIX20190807_234004_V06', 's3://unidata-nexrad-level2/2019/08/07/KOKX/KOKX20190807_234026_V06', 's3://unidata-nexrad-level2/2019/08/07/KDOX/KDOX20190807_234200_V06', 's3://unidata-nexrad-level2/2019/08/07/KENX/KENX20190807_234334_V06', 's3://unidata-nexrad-level2/2019/08/07/KBGM/KBGM20190807_233956_V06']"
F,E145,CMH UA /OV APE180035/TM 1428/FL300/TP E145/TB CONT LGT CHOP,CONT LGT CHOP,,30000.0,39.56661941661942,-82.59,2019-08-17 14:28:00,1.0,M,"('KILN', 'KRLX', 'KCLE', 'KPBZ', 'KJKL')","['s3://unidata-nexrad-level2/2019/08/17/KILN/KILN20190817_142749_V06', 's3://unidata-nexrad-level2/2019/08/17/KRLX/KRLX20190817_142505_V06', 's3://unidata-nexrad-level2/2019/08/17/KCLE/KCLE20190817_142711_V06', 's3://unidata-nexrad-level2/2019/08/17/KPBZ/KPBZ20190817_142700_V06', 's3://unidata-nexrad-level2/2019/08/17/KJKL/KJKL20190817_142301_V06']"
T,B777,BOS UUA /OV 4320N04150W/TM 0159/FL370/TP B777/TB SEV,SEV,,37000.0,43.3333,-41.8333,2019-08-06 01:59:00,5.0,H,"('LPLA', 'KCBW', 'KGYX', 'KBOX', 'KOKX')","['s3://unidata-nexrad-level2/2019/08/06/KCBW/KCBW20190806_015809_V06', 's3://unidata-nexrad-level2/2019/08/06/KGYX/KGYX20190806_015607_V06', 's3://unidata-nexrad-level2/2019/08/06/KBOX/KBOX20190806_015439_V06', 's3://unidata-nexrad-level2/2019/08/06/KOKX/KOKX20190806_015320_V06']"
F,CRJ2,DSM UA /OV DSM360040/TM 1149/FL310/TP CRJ2/TB CONS LGT-MOD CHOP,CONS LGT-MOD CHOP,,31000.0,42.20067066672066,-93.653114,2019-08-17 11:49:00,2.0,M,"('KDMX', 'KDVN', 'KARX', 'KFSD', 'KMPX')","['s3://unidata-nexrad-level2/2019/08/17/KDMX/KDMX20190817_114439_V06', 's3://unidata-nexrad-level2/2019/08/17/KDVN/KDVN20190817_114801_V06', 's3://unidata-nexrad-level2/2019/08/17/KARX/KARX20190817_114520_V06', 's3://unidata-nexrad-level2/2019/08/17/KFSD/KFSD20190817_114549_V06', 's3://unidata-nexrad-level2/2019/08/17/KMPX/KMPX20190817_114745_V06']"
F,B752,TVC UA /OV TVC/TM 1350/FL380/TP B752/TB CONS LGT CHOP,CONS LGT CHOP,,38000.0,44.74164,-85.58236,2019-08-30 13:50:00,1.0,M,"('KAPX', 'KGRB', 'KGRR', 'KMKX', 'KMQT')","['s3://unidata-nexrad-level2/2019/08/30/KAPX/KAPX20190830_134722_V06', 's3://unidata-nexrad-level2/2019/08/30/KGRB/KGRB20190830_134839_V06', 's3://unidata-nexrad-level2/2019/08/30/KGRR/KGRR20190830_134821_V06', 's3://unidata-nexrad-level2/2019/08/30/KMKX/KMKX20190830_134336_V06', 's3://unidata-nexrad-level2/2019/08/30/KMQT/KMQT20190830_134652_V06']"
F,BE58,UUA /OV CYOD 090020 /TM 0210 /FL035 /TP BE58 /TB MDT-SEV /RM AT 0100FROM 20 NM E CYOD - 50 NM W CYVC,MDT-SEV,,3500.0,54.40717,-109.70556679946002,2019-08-17 02:10:00,5.0,L,"('KGGW', 'KTFX', 'KMSX', 'KBLX', 'KOTX')","['s3://unidata-nexrad-level2/2019/08/17/KGGW/KGGW20190817_020756_V06', 's3://unidata-nexrad-level2/2019/08/17/KTFX/KTFX20190817_020749_V06', 's3://unidata-nexrad-level2/2019/08/17/KMSX/KMSX20190817_020812_V06', 's3://unidata-nexrad-level2/2019/08/17/KBLX/KBLX20190817_020915_V06', 's3://unidata-nexrad-level2/2019/08/17/KOTX/KOTX20190817_020605_V06']"
T,A320,OMN UUA /OV OMN250035/TM 1904/FL350/TP A320/TB EXTRM,EXTRM,,35000.0,29.10103208925876,-81.74223143347734,2019-08-14 19:04:00,7.0,M,"('KMLB', 'KJAX', 'KTBW', 'KTLH', 'KVAX')","['s3://unidata-nexrad-level2/2019/08/14/KMLB/KMLB20190814_190229_V06', 's3://unidata-nexrad-level2/2019/08/14/KJAX/KJAX20190814_190027_V06', 's3://unidata-nexrad-level2/2019/08/14/KTBW/KTBW20190814_185741_V06', 's3://unidata-nexrad-level2/2019/08/14/KTLH/KTLH20190814_190236_V06', 's3://unidata-nexrad-level2/2019/08/14/KVAX/KVAX20190814_185934_V06']"
F,C560,ATW UA /OV ATW/TM 1807/FL270/TP C560/TB OCNL-CONS MOD CHOP,OCNL-CONS MOD CHOP,,27000.0,44.25808,-88.51908,2019-08-05 18:07:00,3.0,M,"('KGRB', 'KMKX', 'KMQT', 'KARX', 'KGRR')","['s3://unidata-nexrad-level2/2019/08/05/KGRB/KGRB20190805_180603_V06', 's3://unidata-nexrad-level2/2019/08/05/KMKX/KMKX20190805_180231_V06', 's3://unidata-nexrad-level2/2019/08/05/KMQT/KMQT20190805_180630_V06', 's3://unidata-nexrad-level2/2019/08/05/KARX/KARX20190805_180351_V06', 's3://unidata-nexrad-level2/2019/08/05/KGRR/KGRR20190805_180623_V06']"
F,A332,UUA /OV 4422N05916W /TM 2320 /FL390 /TP A332 /TB SEV,SEV,,39000.0,44.3666,-59.2666,2019-08-26 23:20:00,5.0,H,"('KCBW', 'KGYX', 'KBOX', 'KCXX', 'KOKX')","['s3://unidata-nexrad-level2/2019/08/26/KCBW/KCBW20190826_231907_V06', 's3://unidata-nexrad-level2/2019/08/26/KGYX/KGYX20190826_231757_V06', 's3://unidata-nexrad-level2/2019/08/26/KBOX/KBOX20190826_231324_V06', 's3://unidata-nexrad-level2/2019/08/26/KCXX/KCXX20190826_231751_V06', 's3://unidata-nexrad-level2/2019/08/26/KOKX/KOKX20190826_231819_V06']"
T,B752,AVP UUA /OV LVZ270015/TM 2304/FL120/TP B752/TB SEV,SEV,,12000.0,41.27,-76.02264642686087,2019-08-17 23:04:00,5.0,M,"('KBGM', 'KCCX', 'KDIX', 'KENX', 'KTYX')","['s3://unidata-nexrad-level2/2019/08/17/KBGM/KBGM20190817_225921_V06', 's3://unidata-nexrad-level2/2019/08/17/KCCX/KCCX20190817_230227_V06', 's3://unidata-nexrad-level2/2019/08/17/KDIX/KDIX20190817_230210_V06', 's3://unidata-nexrad-level2/2019/08/17/KENX/KENX20190817_230018_V06', 's3://unidata-nexrad-level2/2019/08/17/KTYX/KTYX20190817_230235_V06']"
F,PC12,GEG UA /OV GEG005005/TM 2202/FL095/TP PC12/TB OCNL LGT CHOP BLO 095,OCNL LGT CHOP BLO 095,,9500.0,47.70462294916192,-117.51722357747144,2019-08-09 22:02:00,1.0,L,"('KOTX', 'KPDT', 'KMSX', 'KATX', 'KCBX')","['s3://unidata-nexrad-level2/2019/08/09/KOTX/KOTX20190809_215937_V06', 's3://unidata-nexrad-level2/2019/08/09/KPDT/KPDT20190809_215721_V06', 's3://unidata-nexrad-level2/2019/08/09/KMSX/KMSX20190809_215814_V06', 's3://unidata-nexrad-level2/2019/08/09/KATX/KATX20190809_220154_V06', 's3://unidata-nexrad-level2/2019/08/09/KCBX/KCBX20190809_215938_V06']"
T,C182,PTT UUA /OV PTT /TM 2250 /FL075 /TP C182 /TB OCNL SEV /RM ENCOUNTERED 2000Z,OCNL SEV,,7500.0,37.7016125,-98.7468681,2019-08-05 22:50:00,5.0,L,"('KICT', 'KDDC', 'KVNX', 'KUEX', 'KOUN')","['s3://unidata-nexrad-level2/2019/08/05/KICT/KICT20190805_224718_V06', 's3://unidata-nexrad-level2/2019/08/05/KDDC/KDDC20190805_224510_V06', 's3://unidata-nexrad-level2/2019/08/05/KVNX/KVNX20190805_224806_V06', 's3://unidata-nexrad-level2/2019/08/05/KUEX/KUEX20190805_224712_V06']"
T,C25B,BIE UUA /OV PWE195015/TM 0330/FL450/TP C25B/TB SEV-EXTREME/RM ZKCFDC/OH,SEV-EXTREME,,45000.0,39.9584989834102,-96.29472157479296,2019-08-30 03:30:00,5.0,U,"('KOAX', 'KTWX', 'KUEX', 'KEAX', 'KICT')","['s3://unidata-nexrad-level2/2019/08/30/KOAX/KOAX20190830_032840_V06', 's3://unidata-nexrad-level2/2019/08/30/KTWX/KTWX20190830_032543_V06', 's3://unidata-nexrad-level2/2019/08/30/KUEX/KUEX20190830_032811_V06', 's3://unidata-nexrad-level2/2019/08/30/KEAX/KEAX20190830_032720_V06', 's3://unidata-nexrad-level2/2019/08/30/KICT/KICT20190830_032705_V06']"
T,C68A,MGJ UUA /OV HUO036006/TM 2226/FL100/TP C68A/TB SEV,SEV,,10000.0,41.4909082524817,-74.51162182904214,2019-08-18 22:26:00,5.0,U,"('KENX', 'KBGM', 'KOKX', 'KDIX', 'KTYX')","['s3://unidata-nexrad-level2/2019/08/18/KENX/KENX20190818_222457_V06', 's3://unidata-nexrad-level2/2019/08/18/KBGM/KBGM20190818_222506_V06', 's3://unidata-nexrad-level2/2019/08/18/KOKX/KOKX20190818_222053_V06', 's3://unidata-nexrad-level2/2019/08/18/KDIX/KDIX20190818_222319_V06', 's3://unidata-nexrad-level2/2019/08/18/KTYX/KTYX20190818_222213_V06']"
F,NG5,LNS UA /OV LNS090008 /TM 1913 /FL069 /TP NG5 /SK SCT035-TOPUNKN /TA 59 /TB NEG /RM SCT035-040 S CI ABV,NEG,,6900.0,40.12028,-76.12006404791198,2019-08-19 19:13:00,0.0,U,"('KDIX', 'KDOX', 'KLWX', 'KCCX', 'KBGM')","['s3://unidata-nexrad-level2/2019/08/19/KDIX/KDIX20190819_190903_V06', 's3://unidata-nexrad-level2/2019/08/19/KDOX/KDOX20190819_191205_V06', 's3://unidata-nexrad-level2/2019/08/19/KLWX/KLWX20190819_190959_V06', 's3://unidata-nexrad-level2/2019/08/19/KCCX/KCCX20190819_190334_V06', 's3://unidata-nexrad-level2/2019/08/19/KBGM/KBGM20190819_191134_V06']"
T,CRJ9,ABQ UUA /OV ABQ180025/TM 2118/FL370/TP CRJ9/TB SEV/RM ZAB/FDCS,SEV,,37000.0,34.62519958329958,-106.6155,2019-08-11 21:18:00,5.0,U,"('KABX', 'KHDX', 'KFDX', 'KEPZ', 'KPUX')","['s3://unidata-nexrad-level2/2019/08/11/KABX/KABX20190811_211543_V06', 's3://unidata-nexrad-level2/2019/08/11/KHDX/KHDX20190811_211612_V06', 's3://unidata-nexrad-level2/2019/08/11/KFDX/KFDX20190811_211537_V06', 's3://unidata-nexrad-level2/2019/08/11/KEPZ/KEPZ20190811_211656_V06', 's3://unidata-nexrad-level2/2019/08/11/KPUX/KPUX20190811_211642_V06']"
F,CRJ2,ATL UA /OV ATL080050/TM 1847/FL230/TP CRJ2/SK BASE300 TOP350/TB NEG/RM ZTLFD,NEG,,23000.0,33.77481853598616,-83.45608100947243,2019-08-10 18:47:00,0.0,M,"('KFFC', 'KJGX', 'KGSP', 'KCAE', 'KCLX')","['s3://unidata-nexrad-level2/2019/08/10/KFFC/KFFC20190810_184336_V06', 's3://unidata-nexrad-level2/2019/08/10/KJGX/KJGX20190810_184653_V06', 's3://unidata-nexrad-level2/2019/08/10/KGSP/KGSP20190810_184645_V06', 's3://unidata-nexrad-level2/2019/08/10/KCAE/KCAE20190810_184105_V06', 's3://unidata-nexrad-level2/2019/08/10/KCLX/KCLX20190810_184309_V06']"
F,B789,PANC UA /OV 4500N 16000W/TM 1314/FL390/TP B789/TB LGT-MOD 390/RM ZOA CWSU,LGT-MOD 390,,39000.0,45.0,-160.0,2019-08-28 13:14:00,2.0,U,"('PAKC', 'PABC', 'PAHG', 'PAIH', 'PAIH')","['s3://unidata-nexrad-level2/2019/08/28/PAKC/PAKC20190828_130933_V06', 's3://unidata-nexrad-level2/2019/08/28/PABC/PABC20190828_131334_V06', 's3://unidata-nexrad-level2/2019/08/28/PAHG/PAHG20190828_131008_V06', 's3://unidata-nexrad-level2/2019/08/28/PAIH/PAIH20190828_130755_V06', 's3://unidata-nexrad-level2/2019/08/28/PAIH/PAIH20190828_130755_V06']"
F,B190,YAK UA /OV YAK/TM 1621/FL001/TP B190/SK OVC 001-006/TB NEG/IC NEG/RM DURC/ZAN,NEG,,100.0,59.5,-139.66,2019-08-03 16:21:00,0.0,M,"('PAIH', 'PAIH', 'PACG', 'PAPD', 'PAHG')","['s3://unidata-nexrad-level2/2019/08/03/PAIH/PAIH20190803_161526_V06', 's3://unidata-nexrad-level2/2019/08/03/PAIH/PAIH20190803_161526_V06', 's3://unidata-nexrad-level2/2019/08/03/PACG/PACG20190803_161434_V06', 's3://unidata-nexrad-level2/2019/08/03/PAHG/PAHG20190803_161654_V06']"
T,C68A,HYS UUA /OV HYS170026/TM 0252/FL400/TP C68A/TB SEV-EXTRM/RM ZKCFD/ MOD-EXTRM,SEV-EXTRM,,40000.0,38.41543540690801,-99.1765517494592,2019-08-30 02:52:00,6.0,U,"('KDDC', 'KICT', 'KVNX', 'KUEX', 'KGLD')","['s3://unidata-nexrad-level2/2019/08/30/KDDC/KDDC20190830_025147_V06', 's3://unidata-nexrad-level2/2019/08/30/KICT/KICT20190830_025052_V06', 's3://unidata-nexrad-level2/2019/08/30/KVNX/KVNX20190830_024942_V06', 's3://unidata-nexrad-level2/2019/08/30/KUEX/KUEX20190830_025033_V06', 's3://unidata-nexrad-level2/2019/08/30/KGLD/KGLD20190830_024656_V06']"
F,MD11,VEL UA /OV VEL045050/TM 2142/FL360/TP MD11/TB CONS LGT  INTMT MOD /ZLC,CONS LGT  INTMT MOD,,36000.0,41.030223380744246,-108.73561628486203,2019-08-06 21:42:00,2.0,H,"('KGJX', 'KRIW', 'KMTX', 'KCYS', 'KFTG')","['s3://unidata-nexrad-level2/2019/08/06/KGJX/KGJX20190806_214144_V06', 's3://unidata-nexrad-level2/2019/08/06/KRIW/KRIW20190806_214040_V06', 's3://unidata-nexrad-level2/2019/08/06/KMTX/KMTX20190806_214019_V06', 's3://unidata-nexrad-level2/2019/08/06/KCYS/KCYS20190806_213849_V06', 's3://unidata-nexrad-level2/2019/08/06/KFTG/KFTG20190806_214055_V06']"
F,AA5,ZZV UA /OV ZZV360020 /TM 0844 /FL030 /TP AA5 /SK SKC /TB NEG /RM SMTH GOOD VFR,NEG,,3000.0,40.277810333360335,-81.89209,2019-08-06 08:44:00,0.0,L,"('KCLE', 'KPBZ', 'KILN', 'KRLX', 'KDTX')","['s3://unidata-nexrad-level2/2019/08/06/KCLE/KCLE20190806_084058_V06', 's3://unidata-nexrad-level2/2019/08/06/KPBZ/KPBZ20190806_083523_V06', 's3://unidata-nexrad-level2/2019/08/06/KILN/KILN20190806_083902_V06', 's3://unidata-nexrad-level2/2019/08/06/KRLX/KRLX20190806_084120_V06', 's3://unidata-nexrad-level2/2019/08/06/KDTX/KDTX20190806_084145_V06']"
T,SR22,42J UUA /OV VQQ204018 /TM 1317 /FL091 /TP SR22 /SK OVC140 /TA 11 /TB SEV /RM AEROVIE : SMTH THIN OVC ABV CI EST BASES FL140,SEV,,9100.0,29.9446033635304,-82.01793915034263,2019-08-21 13:17:00,5.0,L,"('KJAX', 'KVAX', 'KTLH', 'KMLB', 'KTBW')","['s3://unidata-nexrad-level2/2019/08/21/KJAX/KJAX20190821_131438_V06', 's3://unidata-nexrad-level2/2019/08/21/KVAX/KVAX20190821_130756_V06', 's3://unidata-nexrad-level2/2019/08/21/KTLH/KTLH20190821_130121_V06', 's3://unidata-nexrad-level2/2019/08/21/KMLB/KMLB20190821_131516_V06', 's3://unidata-nexrad-level2/2019/08/21/KTBW/KTBW20190821_131325_V06']"
F,B772,ORF UA /OV 3942N04753W/TM 1907/FL400/TP B772/TB LGT-MOD,LGT-MOD,,40000.0,39.7,-47.8833,2019-08-26 19:07:00,2.0,H,"('LPLA', 'KCBW', 'KGYX', 'KBOX', 'KOKX')","['s3://unidata-nexrad-level2/2019/08/26/KCBW/KCBW20190826_190144_V06', 's3://unidata-nexrad-level2/2019/08/26/KGYX/KGYX20190826_190314_V06', 's3://unidata-nexrad-level2/2019/08/26/KBOX/KBOX20190826_190514_V06', 's3://unidata-nexrad-level2/2019/08/26/KOKX/KOKX20190826_190413_V06']"
F,CRJ9,DAY UA /OV DQN/TM 1640/FL320/TP CRJ9/TB CONT LGT CHOP,CONT LGT CHOP,,32000.0,40.02,-84.4,2019-08-21 16:40:00,1.0,U,"('KILN', 'KIND', 'KIWX', 'KLVX', 'KCLE')","['s3://unidata-nexrad-level2/2019/08/21/KILN/KILN20190821_163558_V06', 's3://unidata-nexrad-level2/2019/08/21/KIND/KIND20190821_163641_V06', 's3://unidata-nexrad-level2/2019/08/21/KIWX/KIWX20190821_163610_V06', 's3://unidata-nexrad-level2/2019/08/21/KLVX/KLVX20190821_163228_V06', 's3://unidata-nexrad-level2/2019/08/21/KCLE/KCLE20190821_163651_V06']"
T,TBM,SAF UUA /OV SAF/TM 1931/FL190/TP TBM/TB CONS SEV CAT/RM ZAB/FDCS,CONS SEV CAT,,19000.0,35.61711,-106.08942,2019-08-23 19:31:00,5.0,L,"('KABX', 'KFDX', 'KHDX', 'KPUX', 'KAMA')","['s3://unidata-nexrad-level2/2019/08/23/KABX/KABX20190823_192923_V06', 's3://unidata-nexrad-level2/2019/08/23/KFDX/KFDX20190823_193013_V06', 's3://unidata-nexrad-level2/2019/08/23/KHDX/KHDX20190823_192949_V06', 's3://unidata-nexrad-level2/2019/08/23/KPUX/KPUX20190823_192746_V06', 's3://unidata-nexrad-level2/2019/08/23/KAMA/KAMA20190823_192912_V06']"
F,B737,SGF UA /OV SGF190030/TM 1859/FL370/TP B737/TB LGT/RM ZKC/FDCS/AF/KI,LGT,,37000.0,36.747256238740015,-93.49876914124977,2019-08-01 18:59:00,1.0,M,"('KSGF', 'KSRX', 'KINX', 'KEAX', 'KLZK')","['s3://unidata-nexrad-level2/2019/08/01/KSGF/KSGF20190801_185508_V06', 's3://unidata-nexrad-level2/2019/08/01/KSRX/KSRX20190801_185513_V06', 's3://unidata-nexrad-level2/2019/08/01/KINX/KINX20190801_185247_V06', 's3://unidata-nexrad-level2/2019/08/01/KEAX/KEAX20190801_185820_V06', 's3://unidata-nexrad-level2/2019/08/01/KLZK/KLZK20190801_185317_V06']"
F,B772,UUA /OV CYGL 225020 /TM 1827 /FL380 /TP B772 /TB MDT-SEV /RM OCNL SEV,MDT-SEV,,38000.0,53.389558647702295,-78.10163380463321,2019-08-20 18:27:00,5.0,H,"('KTYX', 'KCXX', 'KBUF', 'KAPX', 'KBGM')","['s3://unidata-nexrad-level2/2019/08/20/KTYX/KTYX20190820_182649_V06', 's3://unidata-nexrad-level2/2019/08/20/KCXX/KCXX20190820_182524_V06', 's3://unidata-nexrad-level2/2019/08/20/KBUF/KBUF20190820_182441_V06', 's3://unidata-nexrad-level2/2019/08/20/KAPX/KAPX20190820_182428_V06', 's3://unidata-nexrad-level2/2019/08/20/KBGM/KBGM20190820_182401_V06']"
T,LJ60,MBPV UUA /OV GTK312136/TM 1820/FL380/TP LJ60/TB SEV/RM +500FT,SEV,,38000.0,22.846818893582256,-72.95847709579252,2019-08-21 18:20:00,5.0,M,"('KAMX', 'KAMX', 'KBYX', 'KMLB', 'KTBW')","['s3://unidata-nexrad-level2/2019/08/21/KAMX/KAMX20190821_181515_V06', 's3://unidata-nexrad-level2/2019/08/21/KAMX/KAMX20190821_181515_V06', 's3://unidata-nexrad-level2/2019/08/21/KBYX/KBYX20190821_181802_V06', 's3://unidata-nexrad-level2/2019/08/21/KMLB/KMLB20190821_181754_V06', 's3://unidata-nexrad-level2/2019/08/21/KTBW/KTBW20190821_181648_V06']"
T,BE20,CYS UUA /OV CYS290040/TM 2307/FL130/TP BE20/TB SEV/RM ZDV,SEV,,13000.0,41.383671897989984,-105.6425751555309,2019-08-23 23:07:00,5.0,M,"('KCYS', 'KFTG', 'KRIW', 'KGJX', 'KPUX')","['s3://unidata-nexrad-level2/2019/08/23/KCYS/KCYS20190823_230450_V06', 's3://unidata-nexrad-level2/2019/08/23/KFTG/KFTG20190823_230408_V06', 's3://unidata-nexrad-level2/2019/08/23/KRIW/KRIW20190823_230347_V06', 's3://unidata-nexrad-level2/2019/08/23/KGJX/KGJX20190823_230400_V06', 's3://unidata-nexrad-level2/2019/08/23/KPUX/KPUX20190823_230428_V06']"
F,B77W,PANC UA /OV 4602N 17923W /TM 0246 /FL320 /TP B77W /TB MOD /RM ZOA CWSU AWC-WEB,MOD,,32000.0,46.333,-179.3833,2019-08-13 02:46:00,3.0,U,"('PABC', 'PAEC', 'PAKC', 'PHKI', 'PAHG')","['s3://unidata-nexrad-level2/2019/08/13/PABC/PABC20190813_024053_V06', 's3://unidata-nexrad-level2/2019/08/13/PAEC/PAEC20190813_024304_V06', 's3://unidata-nexrad-level2/2019/08/13/PAKC/PAKC20190813_024212_V06', 's3://unidata-nexrad-level2/2019/08/13/PHKI/PHKI20190813_024523_V06', 's3://unidata-nexrad-level2/2019/08/13/PAHG/PAHG20190813_024544_V06']"
F,B738,ORF UA /OV ORF/TM 2056/FL330/TP B738/TB LGT-MOD,LGT-MOD,,33000.0,36.90333,-76.19222,2019-08-12 20:56:00,2.0,M,"('KAKQ', 'KMHX', 'KRAX', 'KDOX', 'KLWX')","['s3://unidata-nexrad-level2/2019/08/12/KAKQ/KAKQ20190812_205200_V06', 's3://unidata-nexrad-level2/2019/08/12/KMHX/KMHX20190812_205258_V06', 's3://unidata-nexrad-level2/2019/08/12/KRAX/KRAX20190812_205335_V06', 's3://unidata-nexrad-level2/2019/08/12/KDOX/KDOX20190812_205133_V06', 's3://unidata-nexrad-level2/2019/08/12/KLWX/KLWX20190812_205515_V06']"
T,C550,ALB UUA /OV ALB/TM 2337/FL330/TP C550/TB SEV/RM LOSS OF 1000 FEET,SEV,,33000.0,42.75757,-73.80361,2019-08-18 23:37:00,5.0,L,"('KENX', 'KTYX', 'KBGM', 'KCXX', 'KBOX')","['s3://unidata-nexrad-level2/2019/08/18/KENX/KENX20190818_233607_V06', 's3://unidata-nexrad-level2/2019/08/18/KTYX/KTYX20190818_233509_V06', 's3://unidata-nexrad-level2/2019/08/18/KBGM/KBGM20190818_233329_V06', 's3://unidata-nexrad-level2/2019/08/18/KCXX/KCXX20190818_233247_V06', 's3://unidata-nexrad-level2/2019/08/18/KBOX/KBOX20190818_233554_V06']"
F,E75L,MKE UA /OV 10 NW MKE/TM 1647/FL130/TP E75L/TB MOD TURB,MOD TURB,,13000.0,43.04281381601481,-88.08325978443631,2019-08-18 16:47:00,3.0,U,"('KMKX', 'KLOT', 'KGRB', 'KGRR', 'KDVN')","['s3://unidata-nexrad-level2/2019/08/18/KMKX/KMKX20190818_164353_V06', 's3://unidata-nexrad-level2/2019/08/18/KLOT/KLOT20190818_164334_V06', 's3://unidata-nexrad-level2/2019/08/18/KGRB/KGRB20190818_164530_V06', 's3://unidata-nexrad-level2/2019/08/18/KGRR/KGRR20190818_164425_V06', 's3://unidata-nexrad-level2/2019/08/18/KDVN/KDVN20190818_164259_V06']"
F,B712,HNL UA /OV KOA300006/TM 0122/FL060/TP B712/SK SKC/TB NONE,NONE,,6000.0,19.78000405000405,-156.13201117099112,2019-08-03 01:22:00,0.0,M,"('PHKM', 'PHWA', 'PHMO', 'PHKI', 'KBHX')","['s3://unidata-nexrad-level2/2019/08/03/PHKM/PHKM20190803_011727_V06', 's3://unidata-nexrad-level2/2019/08/03/PHWA/PHWA20190803_011919_V06', 's3://unidata-nexrad-level2/2019/08/03/PHMO/PHMO20190803_011619_V06', 's3://unidata-nexrad-level2/2019/08/03/PHKI/PHKI20190803_012113_V06', 's3://unidata-nexrad-level2/2019/08/03/KBHX/KBHX20190803_011539_V06']"
T,B190,ABI UUA /OV ABI350060 /TM 1022 /FL180 /TP B190 /TB SEV-EXTRM/RM AWC-WEB:,SEV-EXTRM,,18000.0,33.39551603251997,-99.8877908867535,2019-08-28 10:22:00,6.0,M,"('KDYX', 'KFDR', 'KLBB', 'KSJT', 'KFWS')","['s3://unidata-nexrad-level2/2019/08/28/KDYX/KDYX20190828_101844_V06', 's3://unidata-nexrad-level2/2019/08/28/KFDR/KFDR20190828_101855_V06', 's3://unidata-nexrad-level2/2019/08/28/KLBB/KLBB20190828_101908_V06', 's3://unidata-nexrad-level2/2019/08/28/KSJT/KSJT20190828_101951_V06', 's3://unidata-nexrad-level2/2019/08/28/KFWS/KFWS20190828_102141_V06']"
F,C172,MRI UA /OV MRI140002/TM 1613/FL010/TP C172/WX FV10SM/TB CONT LGT,CONT LGT,,1000.0,61.1844631169073,-149.7955067337153,2019-08-17 16:13:00,1.0,L,"('PAHG', 'PAIH', 'PAIH', 'PAPD', 'PAKC')","['s3://unidata-nexrad-level2/2019/08/17/PAHG/PAHG20190817_161107_V06', 's3://unidata-nexrad-level2/2019/08/17/PAIH/PAIH20190817_161112_V06', 's3://unidata-nexrad-level2/2019/08/17/PAIH/PAIH20190817_161112_V06', 's3://unidata-nexrad-level2/2019/08/17/PAPD/PAPD20190817_161007_V06', 's3://unidata-nexrad-level2/2019/08/17/PAKC/PAKC20190817_161132_V06']"
T,PC12,HOB UUA /OV HOB090030 /TM 2152 /FL125 /TP PC12 /TB SEV /RM ZFW ISOLATED POCKET AT 12 500 AWC-WEB,SEV,,12500.0,32.68753,-102.62289542122774,2019-08-26 21:52:00,5.0,L,"('KMAF', 'KLBB', 'KFDX', 'KSJT', 'KAMA')","['s3://unidata-nexrad-level2/2019/08/26/KMAF/KMAF20190826_214451_V06', 's3://unidata-nexrad-level2/2019/08/26/KLBB/KLBB20190826_214718_V06', 's3://unidata-nexrad-level2/2019/08/26/KFDX/KFDX20190826_214353_V06', 's3://unidata-nexrad-level2/2019/08/26/KSJT/KSJT20190826_214720_V06', 's3://unidata-nexrad-level2/2019/08/26/KAMA/KAMA20190826_215009_V06']"
T,B190,ABI UUA /OV ABI350060 /TM 1022 /FL180 /TP B190 /TB SEV-EXTRM/RM AWC-WEB,SEV-EXTRM,,18000.0,33.39551603251997,-99.8877908867535,2019-08-28 10:22:00,6.0,M,"('KDYX', 'KFDR', 'KLBB', 'KSJT', 'KFWS')","['s3://unidata-nexrad-level2/2019/08/28/KDYX/KDYX20190828_101844_V06', 's3://unidata-nexrad-level2/2019/08/28/KFDR/KFDR20190828_101855_V06', 's3://unidata-nexrad-level2/2019/08/28/KLBB/KLBB20190828_101908_V06', 's3://unidata-nexrad-level2/2019/08/28/KSJT/KSJT20190828_101951_V06', 's3://unidata-nexrad-level2/2019/08/28/KFWS/KFWS20190828_102141_V06']"
F,C425,CID UA /OV CID 100015/TM 1430/FL070/TP C425/TB SEV,SEV,,7000.0,41.83948343920415,-91.39387168624565,2019-08-20 14:30:00,5.0,L,"('KDVN', 'KDMX', 'KARX', 'KILX', 'KMKX')","['s3://unidata-nexrad-level2/2019/08/20/KDVN/KDVN20190820_142607_V06', 's3://unidata-nexrad-level2/2019/08/20/KDMX/KDMX20190820_142825_V06', 's3://unidata-nexrad-level2/2019/08/20/KARX/KARX20190820_142839_V06', 's3://unidata-nexrad-level2/2019/08/20/KILX/KILX20190820_142941_V06', 's3://unidata-nexrad-level2/2019/08/20/KMKX/KMKX20190820_142603_V06']"
F,A319,CEW UA /OV CEW/TM 1331/FL370/TP A319/TB NEG,NEG,,37000.0,30.78,-86.52,2019-08-13 13:31:00,0.0,M,"('KEVX', 'KEOX', 'KMOB', 'KMXX', 'KTLH')","['s3://unidata-nexrad-level2/2019/08/13/KEVX/KEVX20190813_132847_V06', 's3://unidata-nexrad-level2/2019/08/13/KEOX/KEOX20190813_132743_V06', 's3://unidata-nexrad-level2/2019/08/13/KMOB/KMOB20190813_132809_V06', 's3://unidata-nexrad-level2/2019/08/13/KMXX/KMXX20190813_132958_V06', 's3://unidata-nexrad-level2/2019/08/13/KTLH/KTLH20190813_132754_V06']"
T,CRJ9,OYM UUA /OV ETG270020/TM 1816/FL320/TP CRJ9/TB SEV/RM ZOB,SEV,,32000.0,41.21,-78.5831215770467,2019-08-08 18:16:00,5.0,U,"('KCCX', 'KPBZ', 'KBUF', 'KLWX', 'KCLE')","['s3://unidata-nexrad-level2/2019/08/08/KCCX/KCCX20190808_181527_V06', 's3://unidata-nexrad-level2/2019/08/08/KPBZ/KPBZ20190808_181449_V06', 's3://unidata-nexrad-level2/2019/08/08/KBUF/KBUF20190808_180955_V06', 's3://unidata-nexrad-level2/2019/08/08/KLWX/KLWX20190808_181558_V06', 's3://unidata-nexrad-level2/2019/08/08/KCLE/KCLE20190808_181141_V06']"
F,BE40,SUS UA /OV FTZ360010/TM 2036/FL430/TP BE40/TB MOD/RM ZKCFD/KI/OH,MOD,,43000.0,38.85668016668016,-90.97,2019-08-27 20:36:00,3.0,M,"('KLSX', 'KILX', 'KEAX', 'KVWX', 'KPAH')","['s3://unidata-nexrad-level2/2019/08/27/KLSX/KLSX20190827_203456_V06', 's3://unidata-nexrad-level2/2019/08/27/KILX/KILX20190827_202724_V06', 's3://unidata-nexrad-level2/2019/08/27/KEAX/KEAX20190827_203036_V06', 's3://unidata-nexrad-level2/2019/08/27/KVWX/KVWX20190827_203208_V06', 's3://unidata-nexrad-level2/2019/08/27/KPAH/KPAH20190827_203340_V06']"
T,B777,ACV UUA /OV 42N 150W/TM 0007/FL310/TP B777/TB SEV/RM ZOA CWSU,SEV,,31000.0,40.97811,-124.10861,2019-08-29 00:07:00,5.0,H,"('KBHX', 'KMAX', 'KBBX', 'KDAX', 'KMUX')","['s3://unidata-nexrad-level2/2019/08/29/KBHX/KBHX20190829_000604_V06', 's3://unidata-nexrad-level2/2019/08/29/KMAX/KMAX20190829_000616_V06', 's3://unidata-nexrad-level2/2019/08/29/KBBX/KBBX20190829_000624_V06', 's3://unidata-nexrad-level2/2019/08/29/KDAX/KDAX20190829_000608_V06', 's3://unidata-nexrad-level2/2019/08/29/KMUX/KMUX20190829_000625_V06']"
F,EPIC,MYNN UA /OV PVN305065/TM 1918/FL270/TP EPIC/TB SEV,SEV,,27000.0,22.391424804096253,-73.21564290660358,2019-08-21 19:18:00,5.0,U,"('KAMX', 'KAMX', 'KBYX', 'KMLB', 'KTBW')","['s3://unidata-nexrad-level2/2019/08/21/KAMX/KAMX20190821_191326_V06', 's3://unidata-nexrad-level2/2019/08/21/KAMX/KAMX20190821_191326_V06', 's3://unidata-nexrad-level2/2019/08/21/KBYX/KBYX20190821_191643_V06', 's3://unidata-nexrad-level2/2019/08/21/KMLB/KMLB20190821_191650_V06', 's3://unidata-nexrad-level2/2019/08/21/KTBW/KTBW20190821_191433_V06']"
T,A332,MYNN UUA /OV ZFP051173/TM 0014/FL370/TP A332/TB SEV/RM SEV OVER SUMRS EVENTUALLY REDUCED TO MOD TB,SEV,,37000.0,28.31468743878468,-76.27595897274128,2019-08-03 00:14:00,5.0,H,"('KMLB', 'KAMX', 'KAMX', 'KJAX', 'KLTX')","['s3://unidata-nexrad-level2/2019/08/03/KMLB/KMLB20190803_001343_V06', 's3://unidata-nexrad-level2/2019/08/03/KAMX/KAMX20190803_001031_V06', 's3://unidata-nexrad-level2/2019/08/03/KAMX/KAMX20190803_001031_V06', 's3://unidata-nexrad-level2/2019/08/03/KJAX/KJAX20190803_001059_V06', 's3://unidata-nexrad-level2/2019/08/03/KLTX/KLTX20190803_001117_V06']"
F,B77W,UUA /OV 4507N05931W /TM 0236 /FL310 /TP B77W /TB MDT-SEV /RM ACCLIMBING - F320,MDT-SEV,,31000.0,45.1166,-59.5166,2019-08-17 02:36:00,5.0,U,"('KCBW', 'KGYX', 'KBOX', 'KCXX', 'KOKX')","['s3://unidata-nexrad-level2/2019/08/17/KCBW/KCBW20190817_023508_V06', 's3://unidata-nexrad-level2/2019/08/17/KGYX/KGYX20190817_023057_V06', 's3://unidata-nexrad-level2/2019/08/17/KBOX/KBOX20190817_023426_V06', 's3://unidata-nexrad-level2/2019/08/17/KCXX/KCXX20190817_023420_V06', 's3://unidata-nexrad-level2/2019/08/17/KOKX/KOKX20190817_023148_V06']"
F,A319,LAF UA /OV BVT180010/TM 0830/FL330/TP A319/TB CONS LGT,CONS LGT,,33000.0,40.39331983331984,-87.07,2019-08-22 08:30:00,1.0,M,"('KIND', 'KILX', 'KIWX', 'KLOT', 'KVWX')","['s3://unidata-nexrad-level2/2019/08/22/KIND/KIND20190822_082944_V06', 's3://unidata-nexrad-level2/2019/08/22/KILX/KILX20190822_082801_V06', 's3://unidata-nexrad-level2/2019/08/22/KIWX/KIWX20190822_082822_V06', 's3://unidata-nexrad-level2/2019/08/22/KLOT/KLOT20190822_082942_V06', 's3://unidata-nexrad-level2/2019/08/22/KVWX/KVWX20190822_082948_V06']"
F,SR22,TPF UA /OV PIE077012 /TM 1205 /FL030 /TP SR22 /TB NEG /RM AEROVIE : DURD KPIE BASES BKN NORTH 2300,NEG,,3000.0,27.954993855079497,-82.46687757832764,2019-08-12 12:05:00,0.0,L,"('KTBW', 'KMLB', 'KJAX', 'KTLH', 'KVAX')","['s3://unidata-nexrad-level2/2019/08/12/KTBW/KTBW20190812_120121_V06', 's3://unidata-nexrad-level2/2019/08/12/KMLB/KMLB20190812_120329_V06', 's3://unidata-nexrad-level2/2019/08/12/KJAX/KJAX20190812_120026_V06', 's3://unidata-nexrad-level2/2019/08/12/KTLH/KTLH20190812_120454_V06', 's3://unidata-nexrad-level2/2019/08/12/KVAX/KVAX20190812_113550_V06']"
F,MD88,CRG UA /OV CRG340155/TM 0013/FL240/TP MD88/TB OCNL LGT,OCNL LGT,,24000.0,32.76383590124112,-82.53850563762691,2019-08-02 00:13:00,1.0,M,"('KJGX', 'KCLX', 'KCAE', 'KFFC', 'KVAX')","['s3://unidata-nexrad-level2/2019/08/02/KJGX/KJGX20190802_000907_V06', 's3://unidata-nexrad-level2/2019/08/02/KCLX/KCLX20190802_001134_V06', 's3://unidata-nexrad-level2/2019/08/02/KCAE/KCAE20190802_001037_V06', 's3://unidata-nexrad-level2/2019/08/02/KFFC/KFFC20190802_001246_V06', 's3://unidata-nexrad-level2/2019/08/02/KVAX/KVAX20190802_001211_V06']"
T,B789,PASY UUA /OV SYA245305/TM 0420/FL360/TP B789/TB SEV/RM DURATION 10 MIN ZAN,SEV,,36000.0,50.56151648957483,166.5050794041388,2019-08-18 04:20:00,5.0,U,"('RKSG', 'RKJK', 'PGUA', 'RODN', 'LPLA')","['s3://unidata-nexrad-level2/2019/08/18/RKSG/RKSG20190818_041901_V06', 's3://unidata-nexrad-level2/2019/08/18/PGUA/PGUA20190818_041724_V06', 's3://unidata-nexrad-level2/2019/08/18/RODN/RODN20190818_041814_V06']"
F,B739,WRG UA /OV LVD110020/TM 0406/FL360/TP B739/TB CONT LGT,CONT LGT,,36000.0,56.355984051005,-132.51289055754657,2019-08-26 04:06:00,1.0,M,"('PACG', 'KLGX', 'KATX', 'PAIH', 'PAIH')","['s3://unidata-nexrad-level2/2019/08/26/PACG/PACG20190826_035928_V06', 's3://unidata-nexrad-level2/2019/08/26/KLGX/KLGX20190826_040530_V06', 's3://unidata-nexrad-level2/2019/08/26/KATX/KATX20190826_035918_V06', 's3://unidata-nexrad-level2/2019/08/26/PAIH/PAIH20190826_040355_V06', 's3://unidata-nexrad-level2/2019/08/26/PAIH/PAIH20190826_040355_V06']"
F,E55P,AMA UA /OV DHT358030/TM 0036/FL450/TP E55P/TB INTMT MOD/RM ZAB/FDCS,INTMT MOD,,45000.0,36.52232588887852,-102.56885700474189,2019-08-12 00:36:00,3.0,U,"('KAMA', 'KFDX', 'KPUX', 'KGLD', 'KLBB')","['s3://unidata-nexrad-level2/2019/08/12/KAMA/KAMA20190812_003222_V06', 's3://unidata-nexrad-level2/2019/08/12/KPUX/KPUX20190812_003509_V06', 's3://unidata-nexrad-level2/2019/08/12/KGLD/KGLD20190812_003118_V06', 's3://unidata-nexrad-level2/2019/08/12/KLBB/KLBB20190812_003302_V06']"
F,A320,DEC UA /OV AXC/TM 1058/FL340/TP A320/TB NEG/RM ZKCFD,NEG,,34000.0,39.74,-88.86,2019-08-05 10:58:00,0.0,M,"('KILX', 'KVWX', 'KLSX', 'KLOT', 'KIND')","['s3://unidata-nexrad-level2/2019/08/05/KILX/KILX20190805_105335_V06', 's3://unidata-nexrad-level2/2019/08/05/KVWX/KVWX20190805_105208_V06', 's3://unidata-nexrad-level2/2019/08/05/KLSX/KLSX20190805_105626_V06', 's3://unidata-nexrad-level2/2019/08/05/KLOT/KLOT20190805_105717_V06', 's3://unidata-nexrad-level2/2019/08/05/KIND/KIND20190805_105013_V06']"
F,B737,PHX UA /OV PXR025060/TM 0228/FL250/TP B737/TB MOD TURB 250-230/RM ZAB/FDCS,MOD TURB 250-230,,25000.0,34.33638119804081,-111.46356219078255,2019-08-11 02:28:00,3.0,M,"('KFSX', 'KFSX', 'KIWA', 'KEMX', 'KESX')","['s3://unidata-nexrad-level2/2019/08/11/KFSX/KFSX20190811_022723_V06', 's3://unidata-nexrad-level2/2019/08/11/KFSX/KFSX20190811_022723_V06', 's3://unidata-nexrad-level2/2019/08/11/KIWA/KIWA20190811_022448_V06', 's3://unidata-nexrad-level2/2019/08/11/KEMX/KEMX20190811_022646_V06', 's3://unidata-nexrad-level2/2019/08/11/KESX/KESX20190811_022253_V06']"
T,E75L,GTR UUA /OV IGB135030/TM 1854/FL340/TP E75L/TB SEV/RM NO INJURIES/DAMAGE. ZME,SEV,,34000.0,33.126417971553444,-88.09608060081969,2019-08-08 18:54:00,5.0,U,"('KGWX', 'KBMX', 'KDGX', 'KHTX', 'KMXX')","['s3://unidata-nexrad-level2/2019/08/08/KGWX/KGWX20190808_185243_V06', 's3://unidata-nexrad-level2/2019/08/08/KBMX/KBMX20190808_185200_V06', 's3://unidata-nexrad-level2/2019/08/08/KDGX/KDGX20190808_185039_V06', 's3://unidata-nexrad-level2/2019/08/08/KHTX/KHTX20190808_184952_V06', 's3://unidata-nexrad-level2/2019/08/08/KMXX/KMXX20190808_185212_V06']"
T,S22T,MEI UUA /OV EWA180015/TM 2101/FL100/TP S22T/TB SEV/RM UPDRAFT 300FT THEN DROPPED 400FT. ZME,SEV,,10000.0,32.11997974997975,-88.46,2019-08-04 21:01:00,5.0,U,"('KDGX', 'KMOB', 'KBMX', 'KGWX', 'KLIX')","['s3://unidata-nexrad-level2/2019/08/04/KDGX/KDGX20190804_205911_V06', 's3://unidata-nexrad-level2/2019/08/04/KMOB/KMOB20190804_205751_V06', 's3://unidata-nexrad-level2/2019/08/04/KBMX/KBMX20190804_205804_V06', 's3://unidata-nexrad-level2/2019/08/04/KGWX/KGWX20190804_210000_V06']"
T,CRJ7,MEI UUA /OV MEI/TM 1925/FL330/TP CRJ7/TB OCNL SEV 330-340/RM +/-800FT. ZME,OCNL SEV 330-340,,33000.0,32.33475,-88.75107,2019-08-09 19:25:00,5.0,M,"('KDGX', 'KBMX', 'KGWX', 'KLIX', 'KMOB')","['s3://unidata-nexrad-level2/2019/08/09/KDGX/KDGX20190809_192419_V06', 's3://unidata-nexrad-level2/2019/08/09/KBMX/KBMX20190809_192153_V06', 's3://unidata-nexrad-level2/2019/08/09/KGWX/KGWX20190809_192332_V06', 's3://unidata-nexrad-level2/2019/08/09/KLIX/KLIX20190809_192433_V06', 's3://unidata-nexrad-level2/2019/08/09/KMOB/KMOB20190809_192351_V06']"
T,C172,ERI UUA /OV ERI/TM 1800/FL005/TP C172/TB SEV 500FT AND BELOW RWY24 FINAL,SEV 500FT AND BELOW RWY24 FINAL,,500.0,42.08,-80.18,2019-08-08 18:00:00,5.0,L,"('KBUF', 'KCLE', 'KPBZ', 'KCCX', 'KDTX')","['s3://unidata-nexrad-level2/2019/08/08/KBUF/KBUF20190808_175547_V06', 's3://unidata-nexrad-level2/2019/08/08/KCLE/KCLE20190808_175701_V06', 's3://unidata-nexrad-level2/2019/08/08/KPBZ/KPBZ20190808_175625_V06', 's3://unidata-nexrad-level2/2019/08/08/KCCX/KCCX20190808_175732_V06', 's3://unidata-nexrad-level2/2019/08/08/KDTX/KDTX20190808_175716_V06']"
T,F900,MLB UUA /OV OMN090140/TM 1700/FL390/TP F900/TB EXTRM/RM AIRCRAFT CLIMBED 1000FT,EXTRM,,39000.0,29.30056,-78.43775017276585,2019-08-14 17:00:00,7.0,M,"('KMLB', 'KJAX', 'KAMX', 'KAMX', 'KCLX')","['s3://unidata-nexrad-level2/2019/08/14/KMLB/KMLB20190814_165411_V06', 's3://unidata-nexrad-level2/2019/08/14/KJAX/KJAX20190814_165616_V06', 's3://unidata-nexrad-level2/2019/08/14/KAMX/KAMX20190814_165922_V06', 's3://unidata-nexrad-level2/2019/08/14/KAMX/KAMX20190814_165922_V06', 's3://unidata-nexrad-level2/2019/08/14/KCLX/KCLX20190814_165612_V06']"
F,CRJ9,LBB UA /OV PVW070038 /TM 1359 /FL370 /TP CRJ9 /SK TOP370 /TB NEG /RM ZFW AWC-WEB,NEG,,37000.0,34.38478030309049,-100.99798784575972,2019-08-15 13:59:00,0.0,U,"('KAMA', 'KLBB', 'KFDR', 'KFDX', 'KDYX')","['s3://unidata-nexrad-level2/2019/08/15/KAMA/KAMA20190815_135545_V06', 's3://unidata-nexrad-level2/2019/08/15/KLBB/KLBB20190815_135552_V06', 's3://unidata-nexrad-level2/2019/08/15/KFDR/KFDR20190815_135722_V06', 's3://unidata-nexrad-level2/2019/08/15/KFDX/KFDX20190815_135812_V06', 's3://unidata-nexrad-level2/2019/08/15/KDYX/KDYX20190815_135740_V06']"
T,CRJ9,BNA UUA /OV BNA270065/TM 2027/FL350/TP CRJ9/TB CONT SEV/RM ZME,CONT SEV,,35000.0,36.11889,-88.03037698584963,2019-08-07 20:27:00,5.0,U,"('KHPX', 'KPAH', 'KOHX', 'KGWX', 'KNQA')","['s3://unidata-nexrad-level2/2019/08/07/KHPX/KHPX20190807_202513_V06', 's3://unidata-nexrad-level2/2019/08/07/KPAH/KPAH20190807_202636_V06', 's3://unidata-nexrad-level2/2019/08/07/KOHX/KOHX20190807_202345_V06', 's3://unidata-nexrad-level2/2019/08/07/KGWX/KGWX20190807_202437_V06', 's3://unidata-nexrad-level2/2019/08/07/KNQA/KNQA20190807_202559_V06']"
F,B77W,UUA /OV 49N035W /TM 2309 /FL340 /TP B77W /TB MDT-SEV /RM MDT - SEVLAST 15 MINUTES,MDT-SEV,,34000.0,49.0,-35.0,2019-08-22 23:09:00,5.0,U,"('LPLA', 'KCBW', 'KGYX', 'KBOX', 'KCXX')","['s3://unidata-nexrad-level2/2019/08/22/KCBW/KCBW20190822_230537_V06', 's3://unidata-nexrad-level2/2019/08/22/KGYX/KGYX20190822_230550_V06', 's3://unidata-nexrad-level2/2019/08/22/KBOX/KBOX20190822_230738_V06', 's3://unidata-nexrad-level2/2019/08/22/KCXX/KCXX20190822_230156_V06']"
F,C560,MOP UA /OV MOP/TM 2215/FL410/TP C560/SK TOP410/TB OCNL LGT CHOP,OCNL LGT CHOP,,41000.0,43.62167,-84.73722,2019-08-05 22:15:00,1.0,M,"('KGRR', 'KAPX', 'KDTX', 'KMKX', 'KIWX')","['s3://unidata-nexrad-level2/2019/08/05/KGRR/KGRR20190805_221251_V06', 's3://unidata-nexrad-level2/2019/08/05/KAPX/KAPX20190805_221031_V06', 's3://unidata-nexrad-level2/2019/08/05/KDTX/KDTX20190805_221422_V06', 's3://unidata-nexrad-level2/2019/08/05/KMKX/KMKX20190805_221441_V06', 's3://unidata-nexrad-level2/2019/08/05/KIWX/KIWX20190805_221118_V06']"
F,B738,SAW UA /OV SAW-CMX/TM 1314/FL360/TP B738/TB CONS LGT CHOP,CONS LGT CHOP,,36000.0,46.76103,-87.94220999999999,2019-08-10 13:14:00,1.0,M,"('KMQT', 'KGRB', 'KAPX', 'KDLH', 'KMKX')","['s3://unidata-nexrad-level2/2019/08/10/KMQT/KMQT20190810_130855_V06', 's3://unidata-nexrad-level2/2019/08/10/KGRB/KGRB20190810_130834_V06', 's3://unidata-nexrad-level2/2019/08/10/KAPX/KAPX20190810_131306_V06', 's3://unidata-nexrad-level2/2019/08/10/KDLH/KDLH20190810_131334_V06', 's3://unidata-nexrad-level2/2019/08/10/KMKX/KMKX20190810_131309_V06']"
F,P28A,LVS UA /OV FTI045005/TM 2030/FL100/TP P28A/TB SEV/RM LOSS OF 1000-2000FPM ZAB/FDCS,SEV,,10000.0,35.71893033807442,-105.06746952451329,2019-08-16 20:30:00,5.0,L,"('KABX', 'KFDX', 'KAMA', 'KHDX', 'KPUX')","['s3://unidata-nexrad-level2/2019/08/16/KABX/KABX20190816_202721_V06', 's3://unidata-nexrad-level2/2019/08/16/KFDX/KFDX20190816_202832_V06', 's3://unidata-nexrad-level2/2019/08/16/KAMA/KAMA20190816_202055_V06', 's3://unidata-nexrad-level2/2019/08/16/KHDX/KHDX20190816_202749_V06', 's3://unidata-nexrad-level2/2019/08/16/KPUX/KPUX20190816_202854_V06']"
F,E75S,CAE UA /OV FLO300040/TM 1426/FL130/TP E75S/TB SEV/RM NO DAMAGE REPORTED,SEV,,13000.0,34.518720333360335,-80.42188342967327,2019-08-23 14:26:00,5.0,U,"('KCAE', 'KGSP', 'KLTX', 'KCLX', 'KRAX')","['s3://unidata-nexrad-level2/2019/08/23/KCAE/KCAE20190823_142355_V06', 's3://unidata-nexrad-level2/2019/08/23/KGSP/KGSP20190823_142516_V06', 's3://unidata-nexrad-level2/2019/08/23/KLTX/KLTX20190823_142126_V06', 's3://unidata-nexrad-level2/2019/08/23/KCLX/KCLX20190823_142229_V06', 's3://unidata-nexrad-level2/2019/08/23/KRAX/KRAX20190823_142558_V06']"
F,B777,JMS UA /OV JMS/TM 2148/FL350/TP B777/TB CONS LGT,CONS LGT,,35000.0,46.93,-98.68,2019-08-13 21:48:00,1.0,H,"('KMVX', 'KBIS', 'KABR', 'KMBX', 'KFSD')","['s3://unidata-nexrad-level2/2019/08/13/KMVX/KMVX20190813_214335_V06', 's3://unidata-nexrad-level2/2019/08/13/KBIS/KBIS20190813_214544_V06', 's3://unidata-nexrad-level2/2019/08/13/KABR/KABR20190813_214451_V06', 's3://unidata-nexrad-level2/2019/08/13/KMBX/KMBX20190813_214116_V06', 's3://unidata-nexrad-level2/2019/08/13/KFSD/KFSD20190813_214545_V06']"
F,B738,ALO UA /OV ALO270020/TM 2040/FL330/TP B738/TB CONS LGT-OCNL MOD CHOP,CONS LGT-OCNL MOD CHOP,,33000.0,42.554365,-92.8538371952828,2019-08-27 20:40:00,2.0,M,"('KDMX', 'KARX', 'KDVN', 'KOAX', 'KMPX')","['s3://unidata-nexrad-level2/2019/08/27/KDMX/KDMX20190827_203932_V06', 's3://unidata-nexrad-level2/2019/08/27/KARX/KARX20190827_203838_V06', 's3://unidata-nexrad-level2/2019/08/27/KDVN/KDVN20190827_203342_V06', 's3://unidata-nexrad-level2/2019/08/27/KOAX/KOAX20190827_203509_V06', 's3://unidata-nexrad-level2/2019/08/27/KMPX/KMPX20190827_203644_V06']"
T,TBM,MKG UUA /OV MKG/TM 1938/FL230/TP TBM/TB SEV,SEV,,23000.0,43.17111,-86.23667,2019-08-20 19:38:00,5.0,L,"('KGRR', 'KMKX', 'KIWX', 'KGRB', 'KAPX')","['s3://unidata-nexrad-level2/2019/08/20/KGRR/KGRR20190820_193628_V06', 's3://unidata-nexrad-level2/2019/08/20/KMKX/KMKX20190820_193737_V06', 's3://unidata-nexrad-level2/2019/08/20/KIWX/KIWX20190820_193630_V06', 's3://unidata-nexrad-level2/2019/08/20/KGRB/KGRB20190820_193733_V06', 's3://unidata-nexrad-level2/2019/08/20/KAPX/KAPX20190820_193355_V06']"
T,EPIC,PBI UUA /OV PBI010075/TM 1305/FL240/TP EPIC/TB SEV/RM LV FL260-240,SEV,,24000.0,27.915809403149964,-79.85644543051573,2019-08-14 13:05:00,5.0,U,"('KMLB', 'KTBW', 'KAMX', 'KAMX', 'KJAX')","['s3://unidata-nexrad-level2/2019/08/14/KMLB/KMLB20190814_130425_V06', 's3://unidata-nexrad-level2/2019/08/14/KTBW/KTBW20190814_130313_V06', 's3://unidata-nexrad-level2/2019/08/14/KAMX/KAMX20190814_125956_V06', 's3://unidata-nexrad-level2/2019/08/14/KAMX/KAMX20190814_125956_V06', 's3://unidata-nexrad-level2/2019/08/14/KJAX/KJAX20190814_130125_V06']"
F,B744,UUA /OV 4556N06027W /TM 0105 /FL370 /TP B744 /TB MDT-SEV,MDT-SEV,,37000.0,45.9333,-60.45,2019-08-27 01:05:00,5.0,H,"('KCBW', 'KGYX', 'KBOX', 'KCXX', 'KOKX')","['s3://unidata-nexrad-level2/2019/08/27/KCBW/KCBW20190827_005946_V06', 's3://unidata-nexrad-level2/2019/08/27/KGYX/KGYX20190827_010126_V06', 's3://unidata-nexrad-level2/2019/08/27/KBOX/KBOX20190827_010011_V06', 's3://unidata-nexrad-level2/2019/08/27/KCXX/KCXX20190827_010429_V06', 's3://unidata-nexrad-level2/2019/08/27/KOKX/KOKX20190827_005758_V06']"
F,B753,STL UA /OV STL/TM 1814/FL370/TP B753/TB MOD CHOP/RM ZKCFD,MOD CHOP,,37000.0,38.75245,-90.3734,2019-08-30 18:14:00,3.0,M,"('KLSX', 'KILX', 'KPAH', 'KVWX', 'KEAX')","['s3://unidata-nexrad-level2/2019/08/30/KLSX/KLSX20190830_181116_V06', 's3://unidata-nexrad-level2/2019/08/30/KILX/KILX20190830_181016_V06', 's3://unidata-nexrad-level2/2019/08/30/KPAH/KPAH20190830_181252_V06', 's3://unidata-nexrad-level2/2019/08/30/KVWX/KVWX20190830_180830_V06', 's3://unidata-nexrad-level2/2019/08/30/KEAX/KEAX20190830_181215_V06']"
T,E145,TOL UUA /OV TOL285050/TM 2200/FL150/TP E145/TB SEV,SEV,,15000.0,41.80431000788845,-84.87769837709112,2019-08-20 22:00:00,5.0,M,"('KIWX', 'KGRR', 'KDTX', 'KCLE', 'KIND')","['s3://unidata-nexrad-level2/2019/08/20/KIWX/KIWX20190820_215519_V06', 's3://unidata-nexrad-level2/2019/08/20/KGRR/KGRR20190820_215746_V06', 's3://unidata-nexrad-level2/2019/08/20/KCLE/KCLE20190820_215940_V06', 's3://unidata-nexrad-level2/2019/08/20/KIND/KIND20190820_215722_V06']"
F,E170,EYW UA /OV EYW030070/TM 1620/FL150/TP E170/TB MOD,MOD,,15000.0,25.56655591056434,-81.11816418806242,2019-08-05 16:20:00,3.0,U,"('KAMX', 'KAMX', 'KBYX', 'KTBW', 'KMLB')","['s3://unidata-nexrad-level2/2019/08/05/KAMX/KAMX20190805_161409_V06', 's3://unidata-nexrad-level2/2019/08/05/KAMX/KAMX20190805_161409_V06', 's3://unidata-nexrad-level2/2019/08/05/KBYX/KBYX20190805_161457_V06', 's3://unidata-nexrad-level2/2019/08/05/KTBW/KTBW20190805_161659_V06', 's3://unidata-nexrad-level2/2019/08/05/KMLB/KMLB20190805_161831_V06']"
F,PA24,MSL UA /OV 35 S MSL/TM 2353/FL090/TP PA24/TB SEV CONS 090,SEV CONS 090,,9000.0,34.16046941661942,-87.59962,2019-08-07 23:53:00,5.0,L,"('KGWX', 'KBMX', 'KHTX', 'KMXX', 'KOHX')","['s3://unidata-nexrad-level2/2019/08/07/KGWX/KGWX20190807_234838_V06', 's3://unidata-nexrad-level2/2019/08/07/KBMX/KBMX20190807_235106_V06', 's3://unidata-nexrad-level2/2019/08/07/KHTX/KHTX20190807_234820_V06', 's3://unidata-nexrad-level2/2019/08/07/KMXX/KMXX20190807_235257_V06', 's3://unidata-nexrad-level2/2019/08/07/KOHX/KOHX20190807_234805_V06']"
F,A319,MCI UA /OV MCI270035/TM 1517/FL360/TP A319/TB CONS LGT CHOP LGT CAT/RM ZKCFD,CONS LGT CHOP LGT CAT,,36000.0,39.29761,-95.46776158261048,2019-08-22 15:17:00,1.0,M,"('KTWX', 'KEAX', 'KICT', 'KUEX', 'KSGF')","['s3://unidata-nexrad-level2/2019/08/22/KTWX/KTWX20190822_151327_V06', 's3://unidata-nexrad-level2/2019/08/22/KEAX/KEAX20190822_151524_V06', 's3://unidata-nexrad-level2/2019/08/22/KICT/KICT20190822_151421_V06', 's3://unidata-nexrad-level2/2019/08/22/KUEX/KUEX20190822_151422_V06', 's3://unidata-nexrad-level2/2019/08/22/KSGF/KSGF20190822_151627_V06']"
F,AC11,NID UA /OV NID290020/TM 2130/FL065/TP AC11/TB MOD/RM PILOT REFERRED TO IT AS MOD TO HEAVY   BUT NOT SEVERE.,MOD,,6500.0,35.799515948994994,-118.07767375067672,2019-08-16 21:30:00,3.0,L,"('KEYX', 'KHNX', 'KVTX', 'KSOX', 'KVBX')","['s3://unidata-nexrad-level2/2019/08/16/KEYX/KEYX20190816_212431_V06', 's3://unidata-nexrad-level2/2019/08/16/KHNX/KHNX20190816_212407_V06', 's3://unidata-nexrad-level2/2019/08/16/KVTX/KVTX20190816_212656_V06', 's3://unidata-nexrad-level2/2019/08/16/KSOX/KSOX20190816_212226_V06', 's3://unidata-nexrad-level2/2019/08/16/KVBX/KVBX20190816_212555_V06']"
F,CRJ9,ATW UA /OV ATW/TM 2123/FL350/TP CRJ9/TB CONS LGT CHOP,CONS LGT CHOP,,35000.0,44.25808,-88.51908,2019-08-05 21:23:00,1.0,U,"('KGRB', 'KMKX', 'KARX', 'KGRR', 'KLOT')","['s3://unidata-nexrad-level2/2019/08/05/KGRB/KGRB20190805_211748_V06', 's3://unidata-nexrad-level2/2019/08/05/KMKX/KMKX20190805_212201_V06', 's3://unidata-nexrad-level2/2019/08/05/KARX/KARX20190805_212208_V06', 's3://unidata-nexrad-level2/2019/08/05/KGRR/KGRR20190805_211931_V06', 's3://unidata-nexrad-level2/2019/08/05/KLOT/KLOT20190805_212123_V06']"
F,A319,PBI UA /OV PBI270025/TM 1230/FL180/TP A319/SK TOP 180/TB NEG,NEG,,18000.0,26.6847,-80.56577320116361,2019-08-20 12:30:00,0.0,M,"('KMLB', 'KAMX', 'KAMX', 'KTBW', 'KBYX')","['s3://unidata-nexrad-level2/2019/08/20/KMLB/KMLB20190820_122937_V06', 's3://unidata-nexrad-level2/2019/08/20/KAMX/KAMX20190820_122650_V06', 's3://unidata-nexrad-level2/2019/08/20/KAMX/KAMX20190820_122650_V06', 's3://unidata-nexrad-level2/2019/08/20/KTBW/KTBW20190820_122604_V06', 's3://unidata-nexrad-level2/2019/08/20/KBYX/KBYX20190820_122803_V06']"
T,PC12,ORF UUA /OV ORF270010/TM 0036/FL030/TP PC12/TB SEV,SEV,,3000.0,36.90333,-76.40066146375344,2019-08-01 00:36:00,5.0,L,"('KAKQ', 'KDOX', 'KRAX', 'KMHX', 'KLWX')","['s3://unidata-nexrad-level2/2019/08/01/KAKQ/KAKQ20190801_003417_V06', 's3://unidata-nexrad-level2/2019/08/01/KDOX/KDOX20190801_003546_V06', 's3://unidata-nexrad-level2/2019/08/01/KRAX/KRAX20190801_003514_V06', 's3://unidata-nexrad-level2/2019/08/01/KMHX/KMHX20190801_003231_V06', 's3://unidata-nexrad-level2/2019/08/01/KLWX/KLWX20190801_003447_V06']"
F,PC12,SOP UA /OV SDZ255010/TM 0106/FL160/TP PC12/TB SEV 160,SEV 160,,16000.0,35.17685999842231,-79.7870768492306,2019-08-02 01:06:00,5.0,L,"('KLTX', 'KCAE', 'KRAX', 'KFCX', 'KGSP')","['s3://unidata-nexrad-level2/2019/08/02/KLTX/KLTX20190802_010103_V06', 's3://unidata-nexrad-level2/2019/08/02/KCAE/KCAE20190802_010132_V06', 's3://unidata-nexrad-level2/2019/08/02/KRAX/KRAX20190802_010208_V06', 's3://unidata-nexrad-level2/2019/08/02/KFCX/KFCX20190802_010230_V06', 's3://unidata-nexrad-level2/2019/08/02/KGSP/KGSP20190802_010553_V06']"
T,E190,CVG UUA /OV CVG310025/TM 2000/FL380/TP E190/TB SEV/RM LOST 2000FT BEFORE RECOVERING TO FL380,SEV,,38000.0,39.31090986480624,-85.0826681004868,2019-08-20 20:00:00,5.0,U,"('KILN', 'KIND', 'KLVX', 'KIWX', 'KJKL')","['s3://unidata-nexrad-level2/2019/08/20/KILN/KILN20190820_195615_V06', 's3://unidata-nexrad-level2/2019/08/20/KIND/KIND20190820_195238_V06', 's3://unidata-nexrad-level2/2019/08/20/KLVX/KLVX20190820_195541_V06', 's3://unidata-nexrad-level2/2019/08/20/KIWX/KIWX20190820_195937_V06', 's3://unidata-nexrad-level2/2019/08/20/KJKL/KJKL20190820_195842_V06']"
T,BE20,MSY UUA /OV PCU045030 /TM 2121 /FL210 /TP BE20 /TB SEV /RM FM ZHU AWC-WEB:,SEV,,21000.0,30.913582028446548,-89.31938197635397,2019-08-14 21:21:00,5.0,M,"('KLIX', 'KMOB', 'KHDC', 'KDGX', 'KEVX')","['s3://unidata-nexrad-level2/2019/08/14/KLIX/KLIX20190814_211420_V06', 's3://unidata-nexrad-level2/2019/08/14/KMOB/KMOB20190814_211835_V06', 's3://unidata-nexrad-level2/2019/08/14/KDGX/KDGX20190814_211852_V06', 's3://unidata-nexrad-level2/2019/08/14/KEVX/KEVX20190814_211730_V06']"
T,A306,CYS UUA /OV CYS/TM 2225/FL380/TP A306/TB SEV/RM UNABLE TO HOLD ALT ZDV,SEV,,38000.0,41.15564,-104.81047,2019-08-23 22:25:00,5.0,H,"('KCYS', 'KFTG', 'KGLD', 'KPUX', 'KLNX')","['s3://unidata-nexrad-level2/2019/08/23/KCYS/KCYS20190823_222321_V06', 's3://unidata-nexrad-level2/2019/08/23/KFTG/KFTG20190823_222402_V06', 's3://unidata-nexrad-level2/2019/08/23/KGLD/KGLD20190823_222422_V06', 's3://unidata-nexrad-level2/2019/08/23/KPUX/KPUX20190823_222309_V06', 's3://unidata-nexrad-level2/2019/08/23/KLNX/KLNX20190823_222135_V06']"
F,P46T,OXC UA /OV OXC /TM 1314 /FL175 /TP P46T /WX FV25SM /WV 26642KT /TB NEG /RM SMOOTH,NEG,,17500.0,41.47412,-73.13539,2019-08-30 13:14:00,0.0,L,"('KOKX', 'KENX', 'KBOX', 'KDIX', 'KBGM')","['s3://unidata-nexrad-level2/2019/08/30/KOKX/KOKX20190830_130443_V06', 's3://unidata-nexrad-level2/2019/08/30/KENX/KENX20190830_131055_V06', 's3://unidata-nexrad-level2/2019/08/30/KBOX/KBOX20190830_131158_V06', 's3://unidata-nexrad-level2/2019/08/30/KDIX/KDIX20190830_131034_V06', 's3://unidata-nexrad-level2/2019/08/30/KBGM/KBGM20190830_131223_V06']"
F,C172,CLS UA /OV UBG335080 /TM 2020 /FL070 /TP C172 /TA 16 /WV 17714KT /TB NEG,NEG,,7000.0,46.55850826405442,-123.7818744885268,2019-08-05 20:20:00,0.0,L,"('KLGX', 'KRTX', 'KATX', 'KPDT', 'KMAX')","['s3://unidata-nexrad-level2/2019/08/05/KRTX/KRTX20190805_201617_V06', 's3://unidata-nexrad-level2/2019/08/05/KATX/KATX20190805_201929_V06', 's3://unidata-nexrad-level2/2019/08/05/KPDT/KPDT20190805_201642_V06', 's3://unidata-nexrad-level2/2019/08/05/KMAX/KMAX20190805_201320_V06']"
F,B752,DAY UA /OV FBC10030/TM 1517/FL340/TP B752/TB OCNL MOD,OCNL MOD,,34000.0,39.90611,-84.21861,2019-08-20 15:17:00,3.0,M,"('KILN', 'KIND', 'KIWX', 'KJKL', 'KRLX')","['s3://unidata-nexrad-level2/2019/08/20/KILN/KILN20190820_151614_V06', 's3://unidata-nexrad-level2/2019/08/20/KIND/KIND20190820_151353_V06', 's3://unidata-nexrad-level2/2019/08/20/KIWX/KIWX20190820_151452_V06', 's3://unidata-nexrad-level2/2019/08/20/KJKL/KJKL20190820_151318_V06', 's3://unidata-nexrad-level2/2019/08/20/KRLX/KRLX20190820_151325_V06']"
T,P32R,MSS UUA /OV MSS/TM 1840/FL090/TP P32R/SK OVC 035/WX -RA/TB SEV 090-045,SEV 090-045,,9000.0,44.93583,-74.84556,2019-08-22 18:40:00,5.0,L,"('KCXX', 'KTYX', 'KENX', 'KBGM', 'KBUF')","['s3://unidata-nexrad-level2/2019/08/22/KCXX/KCXX20190822_183334_V06', 's3://unidata-nexrad-level2/2019/08/22/KTYX/KTYX20190822_183724_V06', 's3://unidata-nexrad-level2/2019/08/22/KENX/KENX20190822_183458_V06', 's3://unidata-nexrad-level2/2019/08/22/KBGM/KBGM20190822_183921_V06', 's3://unidata-nexrad-level2/2019/08/22/KBUF/KBUF20190822_183652_V06']"
T,LJ55,MYNN UUA /OV PVN290125/TM 2000/FL430/TP LJ55/TB SEV,SEV,,43000.0,22.482599681218712,-74.36820866459168,2019-08-21 20:00:00,5.0,M,"('KAMX', 'KAMX', 'KBYX', 'KMLB', 'KTBW')","['s3://unidata-nexrad-level2/2019/08/21/KAMX/KAMX20190821_195853_V06', 's3://unidata-nexrad-level2/2019/08/21/KAMX/KAMX20190821_195853_V06', 's3://unidata-nexrad-level2/2019/08/21/KBYX/KBYX20190821_195809_V06', 's3://unidata-nexrad-level2/2019/08/21/KMLB/KMLB20190821_195615_V06', 's3://unidata-nexrad-level2/2019/08/21/KTBW/KTBW20190821_195802_V06']"
F,CL60,POU UA /OV DNY110025/TM 1641/FL120/TP CL60/TB LGT-MOD CHOP/RM NEG CHOP 110,LGT-MOD CHOP,,12000.0,42.037480063756256,-74.43159286760509,2019-08-27 16:41:00,2.0,M,"('KENX', 'KBGM', 'KOKX', 'KTYX', 'KDIX')","['s3://unidata-nexrad-level2/2019/08/27/KENX/KENX20190827_163713_V06', 's3://unidata-nexrad-level2/2019/08/27/KBGM/KBGM20190827_163431_V06', 's3://unidata-nexrad-level2/2019/08/27/KOKX/KOKX20190827_163652_V06', 's3://unidata-nexrad-level2/2019/08/27/KDIX/KDIX20190827_163422_V06']"
F,C182,MRI UA /OV TED015012-TED066042-PAQ-MRI /TM 0038 /FL030 /TP C182/SK SCT070 /WX FV99SM /WV 09010KT /TB MOD /RM MOD TB OVR COLONYGLACIER,MOD,,3000.0,61.36320081327185,-149.8826448231613,2019-08-07 00:38:00,3.0,L,"('PAHG', 'PAIH', 'PAIH', 'PAPD', 'PAKC')","['s3://unidata-nexrad-level2/2019/08/07/PAHG/PAHG20190807_003757_V06', 's3://unidata-nexrad-level2/2019/08/07/PAIH/PAIH20190807_003458_V06', 's3://unidata-nexrad-level2/2019/08/07/PAIH/PAIH20190807_003458_V06', 's3://unidata-nexrad-level2/2019/08/07/PAPD/PAPD20190807_003533_V06', 's3://unidata-nexrad-level2/2019/08/07/PAKC/PAKC20190807_003106_V06']"
T,TBM,SAF UUA /OV SAF001014/TM 1931/FL190/TP TBM/TB CONS SEV CAT/RM COR - ZAB/FDCS,CONS SEV CAT,,19000.0,35.85042669267683,-106.0844102530222,2019-08-23 19:31:00,5.0,L,"('KABX', 'KFDX', 'KHDX', 'KPUX', 'KGJX')","['s3://unidata-nexrad-level2/2019/08/23/KABX/KABX20190823_192923_V06', 's3://unidata-nexrad-level2/2019/08/23/KFDX/KFDX20190823_193013_V06', 's3://unidata-nexrad-level2/2019/08/23/KHDX/KHDX20190823_192949_V06', 's3://unidata-nexrad-level2/2019/08/23/KPUX/KPUX20190823_192746_V06', 's3://unidata-nexrad-level2/2019/08/23/KGJX/KGJX20190823_192533_V06']"
T,E75L,LWS UUA /OV MQG110069/TM 2156/FL330/TP E75L/TB SEV TURB/RM ..ZSE,SEV TURB,,33000.0,45.98664497596727,-115.30342881101724,2019-08-10 21:56:00,5.0,U,"('KMSX', 'KOTX', 'KPDT', 'KCBX', 'KTFX')","['s3://unidata-nexrad-level2/2019/08/10/KMSX/KMSX20190810_215428_V06', 's3://unidata-nexrad-level2/2019/08/10/KOTX/KOTX20190810_215346_V06', 's3://unidata-nexrad-level2/2019/08/10/KPDT/KPDT20190810_215410_V06', 's3://unidata-nexrad-level2/2019/08/10/KCBX/KCBX20190810_215402_V06', 's3://unidata-nexrad-level2/2019/08/10/KTFX/KTFX20190810_215347_V06']"
F,B777,OSC UA /OV OSC/TM 1902/FL370/TP B777/TB CONS MOD CHOP,CONS MOD CHOP,,37000.0,44.45153,-83.39417,2019-08-20 19:02:00,3.0,H,"('KAPX', 'KDTX', 'KGRR', 'KCLE', 'KGRB')","['s3://unidata-nexrad-level2/2019/08/20/KAPX/KAPX20190820_185914_V06', 's3://unidata-nexrad-level2/2019/08/20/KDTX/KDTX20190820_185926_V06', 's3://unidata-nexrad-level2/2019/08/20/KGRR/KGRR20190820_185801_V06', 's3://unidata-nexrad-level2/2019/08/20/KCLE/KCLE20190820_190159_V06', 's3://unidata-nexrad-level2/2019/08/20/KGRB/KGRB20190820_185649_V06']"
F,B777,UUA /OV 5954N13716W /TM 0046 /FL330 /TP B777 /TB SEV MOUNTIAN WAVEACT /RM BTN 330-350 MDT TURB,SEV MOUNTIAN WAVEACT,,33000.0,59.9,-137.2666,2019-08-18 00:46:00,5.0,H,"('PACG', 'PAIH', 'PAIH', 'PAPD', 'PAHG')","['s3://unidata-nexrad-level2/2019/08/18/PACG/PACG20190818_004115_V06', 's3://unidata-nexrad-level2/2019/08/18/PAIH/PAIH20190818_004402_V06', 's3://unidata-nexrad-level2/2019/08/18/PAIH/PAIH20190818_004402_V06', 's3://unidata-nexrad-level2/2019/08/18/PAPD/PAPD20190818_003806_V06', 's3://unidata-nexrad-level2/2019/08/18/PAHG/PAHG20190818_004151_V06']"
F,B763,DYR UA /OV DYR045030/TM 1312/FL290/TP B763/TB MOD CHOP 330-290/RM ZME,MOD CHOP 330-290,,29000.0,36.35155202844656,-88.96953982702854,2019-08-07 13:12:00,3.0,H,"('KPAH', 'KHPX', 'KNQA', 'KOHX', 'KVWX')","['s3://unidata-nexrad-level2/2019/08/07/KPAH/KPAH20190807_131048_V06', 's3://unidata-nexrad-level2/2019/08/07/KHPX/KHPX20190807_130718_V06', 's3://unidata-nexrad-level2/2019/08/07/KNQA/KNQA20190807_130431_V06', 's3://unidata-nexrad-level2/2019/08/07/KOHX/KOHX20190807_131022_V06', 's3://unidata-nexrad-level2/2019/08/07/KVWX/KVWX20190807_130900_V06']"
F,H25A,EHR UA /OV MWA090050 /TM 1921 /FL410 /TP H25A /TB NEG,NEG,,41000.0,37.75497,-87.95699146501681,2019-08-17 19:21:00,0.0,M,"('KVWX', 'KPAH', 'KHPX', 'KLVX', 'KOHX')","['s3://unidata-nexrad-level2/2019/08/17/KVWX/KVWX20190817_191718_V06', 's3://unidata-nexrad-level2/2019/08/17/KPAH/KPAH20190817_192019_V06', 's3://unidata-nexrad-level2/2019/08/17/KHPX/KHPX20190817_191856_V06', 's3://unidata-nexrad-level2/2019/08/17/KLVX/KLVX20190817_192045_V06', 's3://unidata-nexrad-level2/2019/08/17/KOHX/KOHX20190817_192022_V06']"
T,C550,TXK UUA /OV TXK355040 /TM 2001 /FL160 /TP C550 /TB SEV /RM SMALL JOLT ZFW AWC-WEB,SEV,,16000.0,34.11790359329532,-94.06067682973188,2019-08-04 20:01:00,5.0,L,"('KSRX', 'KLZK', 'KSHV', 'KINX', 'KTLX')","['s3://unidata-nexrad-level2/2019/08/04/KSRX/KSRX20190804_195909_V06', 's3://unidata-nexrad-level2/2019/08/04/KLZK/KLZK20190804_200049_V06', 's3://unidata-nexrad-level2/2019/08/04/KSHV/KSHV20190804_200018_V06', 's3://unidata-nexrad-level2/2019/08/04/KINX/KINX20190804_195944_V06', 's3://unidata-nexrad-level2/2019/08/04/KTLX/KTLX20190804_195843_V06']"
F,C208,ICT UA /OV ICT270025/TM 1218/FL080/TP C208/TB LGT CHOP,LGT CHOP,,8000.0,37.65,-97.95629844104027,2019-08-21 12:18:00,1.0,L,"('KICT', 'KVNX', 'KDDC', 'KTWX', 'KTLX')","['s3://unidata-nexrad-level2/2019/08/21/KICT/KICT20190821_121555_V06', 's3://unidata-nexrad-level2/2019/08/21/KVNX/KVNX20190821_121605_V06', 's3://unidata-nexrad-level2/2019/08/21/KDDC/KDDC20190821_121752_V06', 's3://unidata-nexrad-level2/2019/08/21/KTWX/KTWX20190821_121324_V06', 's3://unidata-nexrad-level2/2019/08/21/KTLX/KTLX20190821_120840_V06']"
T,B772,FOK UUA /OV CCC360010/TM 0022/FL190/TP B772/TB SEV,SEV,,19000.0,41.096680166680166,-72.8,2019-08-08 00:22:00,5.0,H,"('KOKX', 'KBOX', 'KENX', 'KDIX', 'KBGM')","['s3://unidata-nexrad-level2/2019/08/08/KOKX/KOKX20190808_001732_V06', 's3://unidata-nexrad-level2/2019/08/08/KBOX/KBOX20190808_001514_V06', 's3://unidata-nexrad-level2/2019/08/08/KENX/KENX20190808_002047_V06', 's3://unidata-nexrad-level2/2019/08/08/KDIX/KDIX20190808_001718_V06', 's3://unidata-nexrad-level2/2019/08/08/KBGM/KBGM20190808_001828_V06']"
F,B738,D25 UA /OV OGM/TM 0907/FL350/TP B738/TB CONS LGT CHOP 350-380 NEG 390,CONS LGT CHOP 350-380 NEG 390,,35000.0,46.84,-89.36,2019-08-18 09:07:00,0.0,M,"('KMQT', 'KGRB', 'KDLH', 'KARX', 'KMPX')","['s3://unidata-nexrad-level2/2019/08/18/KMQT/KMQT20190818_090655_V06', 's3://unidata-nexrad-level2/2019/08/18/KGRB/KGRB20190818_090629_V06', 's3://unidata-nexrad-level2/2019/08/18/KDLH/KDLH20190818_090452_V06', 's3://unidata-nexrad-level2/2019/08/18/KARX/KARX20190818_090345_V06', 's3://unidata-nexrad-level2/2019/08/18/KMPX/KMPX20190818_090111_V06']"
T,A332,MYNN UUA /OV ZFP0511731/TM 0014/FL370/TP A332/TB SEV/RM SEVERE OVER SUMRS EVENTUALLY REDUCED TO MOD TB,SEV,,37000.0,25.03896,-77.46623,2019-08-03 00:14:00,5.0,H,"('KAMX', 'KAMX', 'KBYX', 'KMLB', 'KTBW')","['s3://unidata-nexrad-level2/2019/08/03/KAMX/KAMX20190803_001031_V06', 's3://unidata-nexrad-level2/2019/08/03/KAMX/KAMX20190803_001031_V06', 's3://unidata-nexrad-level2/2019/08/03/KBYX/KBYX20190803_001117_V06', 's3://unidata-nexrad-level2/2019/08/03/KMLB/KMLB20190803_001343_V06', 's3://unidata-nexrad-level2/2019/08/03/KTBW/KTBW20190803_001141_V06']"
T,C525,SDB UUA /OV FIM200020 /TM 2147 /FL220 /TP C525 /TB SEV /RM FOLLOWING A388 ...ZLAWC AWC-WEB:,SEV,,22000.0,34.046743754678566,-119.01811615134962,2019-08-30 21:47:00,5.0,L,"('KVTX', 'KSOX', 'KVBX', 'KEYX', 'KHNX')","['s3://unidata-nexrad-level2/2019/08/30/KVTX/KVTX20190830_215645_V06', 's3://unidata-nexrad-level2/2019/08/30/KSOX/KSOX20190830_213855_V06', 's3://unidata-nexrad-level2/2019/08/30/KVBX/KVBX20190830_214540_V06', 's3://unidata-nexrad-level2/2019/08/30/KEYX/KEYX20190830_214440_V06', 's3://unidata-nexrad-level2/2019/08/30/KHNX/KHNX20190830_213807_V06']"
T,E75L,SHD UUA /OV MOL/TM 1959/FL350/TP E75L/TB SEV,SEV,,35000.0,37.9,-79.11,2019-08-08 19:59:00,5.0,U,"('KFCX', 'KLWX', 'KAKQ', 'KRAX', 'KRLX')","['s3://unidata-nexrad-level2/2019/08/08/KFCX/KFCX20190808_195351_V06', 's3://unidata-nexrad-level2/2019/08/08/KLWX/KLWX20190808_195845_V06', 's3://unidata-nexrad-level2/2019/08/08/KAKQ/KAKQ20190808_195353_V06', 's3://unidata-nexrad-level2/2019/08/08/KRAX/KRAX20190808_195353_V06', 's3://unidata-nexrad-level2/2019/08/08/KRLX/KRLX20190808_195850_V06']"
F,A320,LAS UA /OV BLD065020 /TM 0140 /FL110 /TP A320 /TB LGT-MOD OCNL /RM ALT 110-150 AWC-WEB:,LGT-MOD OCNL,,11000.0,36.14088416461804,-114.48655040856464,2019-08-07 01:40:00,2.0,M,"('KESX', 'KICX', 'KEYX', 'KFSX', 'KFSX')","['s3://unidata-nexrad-level2/2019/08/07/KESX/KESX20190807_013551_V06', 's3://unidata-nexrad-level2/2019/08/07/KICX/KICX20190807_013943_V06', 's3://unidata-nexrad-level2/2019/08/07/KEYX/KEYX20190807_013930_V06', 's3://unidata-nexrad-level2/2019/08/07/KFSX/KFSX20190807_013549_V06', 's3://unidata-nexrad-level2/2019/08/07/KFSX/KFSX20190807_013549_V06']"
F,B712,LIH UA /OV 20SE LIH/TM 0340/FL060/TP B712/SK BKN075/WX FV10SM/TB NEG,NEG,,6000.0,21.7342786477023,-159.07582006827508,2019-08-03 03:40:00,0.0,M,"('PHKI', 'PHMO', 'PHKM', 'PHWA', 'PAKC')","['s3://unidata-nexrad-level2/2019/08/03/PHKI/PHKI20190803_033633_V06', 's3://unidata-nexrad-level2/2019/08/03/PHMO/PHMO20190803_033407_V06', 's3://unidata-nexrad-level2/2019/08/03/PHKM/PHKM20190803_033704_V06', 's3://unidata-nexrad-level2/2019/08/03/PHWA/PHWA20190803_033903_V06', 's3://unidata-nexrad-level2/2019/08/03/PAKC/PAKC20190803_033336_V06']"
F,SB20,ILI UA /OV ILI038030/TM 1541/FL260/TP SB20/SK SCT 220/TA M26/TB NEG/IC LGT RIME,NEG,,26000.0,60.1440372912708,-154.29890120171947,2019-08-06 15:41:00,0.0,M,"('PAHG', 'PAKC', 'PABC', 'PAIH', 'PAIH')","['s3://unidata-nexrad-level2/2019/08/06/PAHG/PAHG20190806_153907_V06', 's3://unidata-nexrad-level2/2019/08/06/PAKC/PAKC20190806_153938_V06', 's3://unidata-nexrad-level2/2019/08/06/PABC/PABC20190806_153925_V06', 's3://unidata-nexrad-level2/2019/08/06/PAIH/PAIH20190806_153345_V06', 's3://unidata-nexrad-level2/2019/08/06/PAIH/PAIH20190806_153345_V06']"
T,BE30,RWF UUA /OV RWF108026/TM 0216/FL240/TP BE30/TB SEV CAT 200-240,SEV CAT 200-240,,24000.0,44.4129717892635,-94.50367615107388,2019-08-18 02:16:00,5.0,L,"('KMPX', 'KFSD', 'KARX', 'KDMX', 'KDLH')","['s3://unidata-nexrad-level2/2019/08/18/KMPX/KMPX20190818_021553_V06', 's3://unidata-nexrad-level2/2019/08/18/KFSD/KFSD20190818_021230_V06', 's3://unidata-nexrad-level2/2019/08/18/KARX/KARX20190818_021216_V06', 's3://unidata-nexrad-level2/2019/08/18/KDMX/KDMX20190818_021524_V06', 's3://unidata-nexrad-level2/2019/08/18/KDLH/KDLH20190818_021558_V06']"
F,C172,VNC UA /OV KVNC-KVNC045015 /TM 1745 /FL025 /TP C172 /TB NEG BLO 025 /RM DURC,NEG BLO 025,,2500.0,27.24839101422328,-82.24175623211299,2019-08-19 17:45:00,0.0,L,"('KTBW', 'KMLB', 'KAMX', 'KAMX', 'KBYX')","['s3://unidata-nexrad-level2/2019/08/19/KTBW/KTBW20190819_174120_V06', 's3://unidata-nexrad-level2/2019/08/19/KMLB/KMLB20190819_174215_V06', 's3://unidata-nexrad-level2/2019/08/19/KAMX/KAMX20190819_174302_V06', 's3://unidata-nexrad-level2/2019/08/19/KAMX/KAMX20190819_174302_V06', 's3://unidata-nexrad-level2/2019/08/19/KBYX/KBYX20190819_174030_V06']"
F,C56X,SGF UA /OV SGF210020/TM 1927/FL410/TP C56X/TB LGT-MOD CHOP/RM ZKC/FD1/CJ,LGT-MOD CHOP,,41000.0,36.9510014826959,-93.599068050417,2019-08-26 19:27:00,2.0,M,"('KSGF', 'KINX', 'KSRX', 'KEAX', 'KLSX')","['s3://unidata-nexrad-level2/2019/08/26/KSGF/KSGF20190826_192432_V06', 's3://unidata-nexrad-level2/2019/08/26/KINX/KINX20190826_192404_V06', 's3://unidata-nexrad-level2/2019/08/26/KSRX/KSRX20190826_192310_V06', 's3://unidata-nexrad-level2/2019/08/26/KEAX/KEAX20190826_192504_V06', 's3://unidata-nexrad-level2/2019/08/26/KLSX/KLSX20190826_192519_V06']"
F,A319,SDF UA /OV IIU/TM 1826/FL290/TP A319/TB NEG,NEG,,29000.0,38.1,-85.58,2019-08-30 18:26:00,0.0,M,"('KLVX', 'KVWX', 'KIND', 'KJKL', 'KILN')","['s3://unidata-nexrad-level2/2019/08/30/KLVX/KLVX20190830_182427_V06', 's3://unidata-nexrad-level2/2019/08/30/KVWX/KVWX20190830_181810_V06', 's3://unidata-nexrad-level2/2019/08/30/KIND/KIND20190830_182228_V06', 's3://unidata-nexrad-level2/2019/08/30/KJKL/KJKL20190830_182016_V06', 's3://unidata-nexrad-level2/2019/08/30/KILN/KILN20190830_182539_V06']"
F,CRJ2,PIA UA /OV PIA170015/TM 1631/FL250/TP CRJ2/TB MOD CHOP 250,MOD CHOP 250,,25000.0,40.42127811937,-89.62666160077107,2019-08-30 16:31:00,3.0,M,"('KILX', 'KDVN', 'KLOT', 'KLSX', 'KVWX')","['s3://unidata-nexrad-level2/2019/08/30/KILX/KILX20190830_162655_V06', 's3://unidata-nexrad-level2/2019/08/30/KDVN/KDVN20190830_163054_V06', 's3://unidata-nexrad-level2/2019/08/30/KLOT/KLOT20190830_162929_V06', 's3://unidata-nexrad-level2/2019/08/30/KLSX/KLSX20190830_162939_V06', 's3://unidata-nexrad-level2/2019/08/30/KVWX/KVWX20190830_162014_V06']"
T,C208,DUJ UUA /OV DUJ225010/TM 2344/FL042/TP C208/TB SEV TURB/RM NO DAMAGE/NO INJURIES 500FT LOSS,SEV TURB,,4200.0,41.06213932385115,-79.05659535263368,2019-08-18 23:44:00,5.0,L,"('KCCX', 'KPBZ', 'KBUF', 'KCLE', 'KLWX')","['s3://unidata-nexrad-level2/2019/08/18/KCCX/KCCX20190818_234119_V06', 's3://unidata-nexrad-level2/2019/08/18/KPBZ/KPBZ20190818_234106_V06', 's3://unidata-nexrad-level2/2019/08/18/KBUF/KBUF20190818_234140_V06', 's3://unidata-nexrad-level2/2019/08/18/KCLE/KCLE20190818_234329_V06', 's3://unidata-nexrad-level2/2019/08/18/KLWX/KLWX20190818_234230_V06']"
F,A319,DEC UA /OV AXC/TM 2015/FL340/TP A319/TB LGT 340/RM ZKC FDC/AF,LGT 340,,34000.0,39.74,-88.86,2019-08-14 20:15:00,1.0,M,"('KILX', 'KVWX', 'KLSX', 'KLOT', 'KIND')","['s3://unidata-nexrad-level2/2019/08/14/KILX/KILX20190814_201254_V06', 's3://unidata-nexrad-level2/2019/08/14/KVWX/KVWX20190814_200958_V06', 's3://unidata-nexrad-level2/2019/08/14/KLSX/KLSX20190814_201152_V06', 's3://unidata-nexrad-level2/2019/08/14/KLOT/KLOT20190814_201352_V06']"
T,B777,PASY UUA /OV 4718N 17353E /TM 0226 /FL320 /TP B777 /TB SEV /RM ZOA CWSU AWC-WEB:,SEV,,32000.0,47.3,173.8833,2019-08-18 02:26:00,5.0,H,"('PGUA', 'RKSG', 'RKJK', 'RODN', 'LPLA')","['s3://unidata-nexrad-level2/2019/08/18/PGUA/PGUA20190818_022220_V06', 's3://unidata-nexrad-level2/2019/08/18/RKSG/RKSG20190818_022249_V06', 's3://unidata-nexrad-level2/2019/08/18/RODN/RODN20190818_022223_V06']"
F,A320,OMN UA /OV OMN250035/TM 1904/FL350/TP A320/TB EXTRM/RM NO DAMAGE NO INJURIES. +/- 300FT,EXTRM,,35000.0,29.10103208925876,-81.74223143347734,2019-08-14 19:04:00,7.0,M,"('KMLB', 'KJAX', 'KTBW', 'KTLH', 'KVAX')","['s3://unidata-nexrad-level2/2019/08/14/KMLB/KMLB20190814_190229_V06', 's3://unidata-nexrad-level2/2019/08/14/KJAX/KJAX20190814_190027_V06', 's3://unidata-nexrad-level2/2019/08/14/KTBW/KTBW20190814_185741_V06', 's3://unidata-nexrad-level2/2019/08/14/KTLH/KTLH20190814_190236_V06', 's3://unidata-nexrad-level2/2019/08/14/KVAX/KVAX20190814_185934_V06']"
F,B738,ALO UA /OV ALO090025/TM 1419/FL360/TP B738/TB CONS LGT CHOP,CONS LGT CHOP,,36000.0,42.554365,-91.83561275589648,2019-08-05 14:19:00,1.0,M,"('KDVN', 'KARX', 'KDMX', 'KMPX', 'KMKX')","['s3://unidata-nexrad-level2/2019/08/05/KDVN/KDVN20190805_141110_V06', 's3://unidata-nexrad-level2/2019/08/05/KARX/KARX20190805_141636_V06', 's3://unidata-nexrad-level2/2019/08/05/KDMX/KDMX20190805_141709_V06', 's3://unidata-nexrad-level2/2019/08/05/KMPX/KMPX20190805_141516_V06', 's3://unidata-nexrad-level2/2019/08/05/KMKX/KMKX20190805_141503_V06']"
T,C560,SPA UUA /OV SPA120010/TM 2037/FL380/TP C560/TA M05/TB SEV/IC LGT RIME/RM NO DAMAGE OR INJURIES REPORTED/ ZTLFD,SEV,,38000.0,34.832382116659915,-81.7804632122169,2019-08-13 20:37:00,5.0,M,"('KGSP', 'KCAE', 'KMRX', 'KFFC', 'KRAX')","['s3://unidata-nexrad-level2/2019/08/13/KGSP/KGSP20190813_203213_V06', 's3://unidata-nexrad-level2/2019/08/13/KCAE/KCAE20190813_203455_V06', 's3://unidata-nexrad-level2/2019/08/13/KFFC/KFFC20190813_203518_V06', 's3://unidata-nexrad-level2/2019/08/13/KRAX/KRAX20190813_203602_V06']"
T,C525,SDB UUA /OV FIM200020 /TM 2147 /FL220 /TP C525 /TB SEV /RM FOLLOWING A388 ...ZLAWC AWC-WEB,SEV,,22000.0,34.046743754678566,-119.01811615134962,2019-08-30 21:47:00,5.0,L,"('KVTX', 'KSOX', 'KVBX', 'KEYX', 'KHNX')","['s3://unidata-nexrad-level2/2019/08/30/KVTX/KVTX20190830_215645_V06', 's3://unidata-nexrad-level2/2019/08/30/KSOX/KSOX20190830_213855_V06', 's3://unidata-nexrad-level2/2019/08/30/KVBX/KVBX20190830_214540_V06', 's3://unidata-nexrad-level2/2019/08/30/KEYX/KEYX20190830_214440_V06', 's3://unidata-nexrad-level2/2019/08/30/KHNX/KHNX20190830_213807_V06']"
F,B738,ROX UA /OV ROX360020/TM 1113/FL370/TP B738/TB CONS LGT CHOP,CONS LGT CHOP,,37000.0,49.189360333360334,-95.69708,2019-08-21 11:13:00,1.0,M,"('KMVX', 'KDLH', 'KMBX', 'KABR', 'KMPX')","['s3://unidata-nexrad-level2/2019/08/21/KMVX/KMVX20190821_110523_V06', 's3://unidata-nexrad-level2/2019/08/21/KMBX/KMBX20190821_110805_V06', 's3://unidata-nexrad-level2/2019/08/21/KABR/KABR20190821_111251_V06', 's3://unidata-nexrad-level2/2019/08/21/KMPX/KMPX20190821_110452_V06']"
T,BE9,MSL UUA /OV MSL135010/TM 2230/FL140/TP BE9/L/TB EXTRM/RM ZME,EXTRM,,14000.0,34.62598932385115,-87.4561862502985,2019-08-07 22:30:00,7.0,L,"('KGWX', 'KHTX', 'KBMX', 'KOHX', 'KHPX')","['s3://unidata-nexrad-level2/2019/08/07/KGWX/KGWX20190807_222904_V06', 's3://unidata-nexrad-level2/2019/08/07/KHTX/KHTX20190807_222434_V06', 's3://unidata-nexrad-level2/2019/08/07/KBMX/KBMX20190807_222830_V06', 's3://unidata-nexrad-level2/2019/08/07/KOHX/KOHX20190807_222752_V06', 's3://unidata-nexrad-level2/2019/08/07/KHPX/KHPX20190807_222720_V06']"
F,B788,PANC UA /OV 4510N 17421W /TM 0059 /FL400 /TP B788 /TB LGT 380/LGT 400 /RM ZOA CWSU AWC-WEB:,LGT 380,,40000.0,45.1666,-174.35,2019-08-13 00:59:00,1.0,U,"('PABC', 'PAEC', 'PAKC', 'PHKI', 'PAHG')","['s3://unidata-nexrad-level2/2019/08/13/PABC/PABC20190813_005350_V06', 's3://unidata-nexrad-level2/2019/08/13/PAEC/PAEC20190813_005604_V06', 's3://unidata-nexrad-level2/2019/08/13/PAKC/PAKC20190813_005719_V06', 's3://unidata-nexrad-level2/2019/08/13/PHKI/PHKI20190813_005701_V06', 's3://unidata-nexrad-level2/2019/08/13/PAHG/PAHG20190813_005712_V06']"
F,A319,CCR UA /OV CCR060015/TM 1728/FL160/TP A319/TB LGT CHOP/RM VERY LIGHT CHOP,LGT CHOP,,16000.0,38.11661643501013,-121.77788933511434,2019-08-18 17:28:00,1.0,M,"('KDAX', 'KMUX', 'KBBX', 'KRGX', 'KHNX')","['s3://unidata-nexrad-level2/2019/08/18/KDAX/KDAX20190818_172554_V06', 's3://unidata-nexrad-level2/2019/08/18/KMUX/KMUX20190818_172042_V06', 's3://unidata-nexrad-level2/2019/08/18/KBBX/KBBX20190818_172420_V06', 's3://unidata-nexrad-level2/2019/08/18/KRGX/KRGX20190818_172221_V06', 's3://unidata-nexrad-level2/2019/08/18/KHNX/KHNX20190818_172118_V06']"
F,CRJ2,MHK UA /OV MHK/TM 1745/FL160/TP CRJ2/TB SEV CONS CAT 160/RM ZKCFD,SEV CONS CAT 160,,16000.0,39.13528,-96.67778,2019-08-21 17:45:00,5.0,M,"('KTWX', 'KICT', 'KUEX', 'KEAX', 'KOAX')","['s3://unidata-nexrad-level2/2019/08/21/KTWX/KTWX20190821_174009_V06', 's3://unidata-nexrad-level2/2019/08/21/KICT/KICT20190821_174023_V06', 's3://unidata-nexrad-level2/2019/08/21/KUEX/KUEX20190821_174154_V06', 's3://unidata-nexrad-level2/2019/08/21/KEAX/KEAX20190821_174301_V06', 's3://unidata-nexrad-level2/2019/08/21/KOAX/KOAX20190821_174455_V06']"
T,FA20,SZL UUA /OV SZL080015/TM 0500/FL370/TP FA20/TB SEV/RM ZKC FDC,SEV,,37000.0,38.77370556079585,-93.23236128930738,2019-08-13 05:00:00,5.0,M,"('KEAX', 'KLSX', 'KSGF', 'KTWX', 'KDMX')","['s3://unidata-nexrad-level2/2019/08/13/KEAX/KEAX20190813_045712_V06', 's3://unidata-nexrad-level2/2019/08/13/KLSX/KLSX20190813_045946_V06', 's3://unidata-nexrad-level2/2019/08/13/KSGF/KSGF20190813_045555_V06', 's3://unidata-nexrad-level2/2019/08/13/KTWX/KTWX20190813_045650_V06', 's3://unidata-nexrad-level2/2019/08/13/KDMX/KDMX20190813_045242_V06']"
F,A321,ENV UA /OV LCU063027/TM 0145/FL350/TP A321/TB MOD /ZLC,MOD,,35000.0,41.56431227285306,-113.30576063480004,2019-08-09 01:45:00,3.0,M,"('KMTX', 'KSFX', 'KCBX', 'KLRX', 'KICX')","['s3://unidata-nexrad-level2/2019/08/09/KMTX/KMTX20190809_014325_V06', 's3://unidata-nexrad-level2/2019/08/09/KSFX/KSFX20190809_014414_V06', 's3://unidata-nexrad-level2/2019/08/09/KCBX/KCBX20190809_013954_V06', 's3://unidata-nexrad-level2/2019/08/09/KLRX/KLRX20190809_013917_V06', 's3://unidata-nexrad-level2/2019/08/09/KICX/KICX20190809_014036_V06']"
T,BE20,MSY UUA /OV PCU045030 /TM 2121 /FL210 /TP BE20 /TB SEV /RM FM ZHU AWC-WEB,SEV,,21000.0,30.913582028446548,-89.31938197635397,2019-08-14 21:21:00,5.0,M,"('KLIX', 'KMOB', 'KHDC', 'KDGX', 'KEVX')","['s3://unidata-nexrad-level2/2019/08/14/KLIX/KLIX20190814_211420_V06', 's3://unidata-nexrad-level2/2019/08/14/KMOB/KMOB20190814_211835_V06', 's3://unidata-nexrad-level2/2019/08/14/KDGX/KDGX20190814_211852_V06', 's3://unidata-nexrad-level2/2019/08/14/KEVX/KEVX20190814_211730_V06']"
F,B190,UUA /OV CYYC 310035 /TM 0000 /FL120 /TP B190 /TB MDT-SEV 120-135,MDT-SEV 120-135,,12000.0,51.48887981072874,-114.73215272624786,2019-08-23 00:00:00,5.0,M,"('KMSX', 'KOTX', 'KTFX', 'KPDT', 'KCBX')","['s3://unidata-nexrad-level2/2019/08/22/KMSX/KMSX20190822_235952_V06', 's3://unidata-nexrad-level2/2019/08/22/KOTX/KOTX20190822_235547_V06', 's3://unidata-nexrad-level2/2019/08/22/KTFX/KTFX20190822_235822_V06', 's3://unidata-nexrad-level2/2019/08/22/KPDT/KPDT20190822_235021_V06', 's3://unidata-nexrad-level2/2019/08/22/KCBX/KCBX20190822_235804_V06']"
F,CRJ7,LRD UA /OV LRD /TM 2125 /FL080 /TP CRJ7 /TB CONT MOD CHOP SFC-080 /RM FM ZHU AWC-WEB,CONT MOD CHOP SFC-080,,8000.0,27.5438,-99.46153,2019-08-10 21:25:00,3.0,M,"('KCRP', 'KDFX', 'KBRO', 'KEWX', 'KGRK')","['s3://unidata-nexrad-level2/2019/08/10/KCRP/KCRP20190810_212335_V06', 's3://unidata-nexrad-level2/2019/08/10/KDFX/KDFX20190810_212328_V06', 's3://unidata-nexrad-level2/2019/08/10/KBRO/KBRO20190810_211801_V06', 's3://unidata-nexrad-level2/2019/08/10/KEWX/KEWX20190810_211959_V06']"
F,A319,MCI UA /OV MCI/TM 0152/FL370/TP A319/TB LGT CHOP/RM ZKC FDC,LGT CHOP,,37000.0,39.29761,-94.71391,2019-08-04 01:52:00,1.0,M,"('KEAX', 'KTWX', 'KSGF', 'KICT', 'KOAX')","['s3://unidata-nexrad-level2/2019/08/04/KEAX/KEAX20190804_014840_V06', 's3://unidata-nexrad-level2/2019/08/04/KTWX/KTWX20190804_014935_V06', 's3://unidata-nexrad-level2/2019/08/04/KSGF/KSGF20190804_015104_V06', 's3://unidata-nexrad-level2/2019/08/04/KICT/KICT20190804_014736_V06', 's3://unidata-nexrad-level2/2019/08/04/KOAX/KOAX20190804_015103_V06']"
F,SR22,CMH UA /OV YRK/TM 1731/FL100/TP SR22/TB SEV/RM IN CLOUDS,SEV,,10000.0,38.64,-82.98,2019-08-14 17:31:00,5.0,L,"('KILN', 'KRLX', 'KJKL', 'KMRX', 'KCLE')","['s3://unidata-nexrad-level2/2019/08/14/KILN/KILN20190814_173047_V06', 's3://unidata-nexrad-level2/2019/08/14/KRLX/KRLX20190814_172714_V06', 's3://unidata-nexrad-level2/2019/08/14/KJKL/KJKL20190814_173007_V06', 's3://unidata-nexrad-level2/2019/08/14/KMRX/KMRX20190814_173102_V06', 's3://unidata-nexrad-level2/2019/08/14/KCLE/KCLE20190814_172954_V06']"
F,C172,DFW UA /OV BYP045020 /TM 2128 /FL100 /TP C172 /TB MOD/RM AWC-WEB:,MOD,,10000.0,33.7757213522977,-95.94719103887084,2019-08-13 21:28:00,3.0,L,"('KFWS', 'KTLX', 'KOUN', 'KSRX', 'KINX')","['s3://unidata-nexrad-level2/2019/08/13/KFWS/KFWS20190813_212610_V06', 's3://unidata-nexrad-level2/2019/08/13/KTLX/KTLX20190813_212621_V06', 's3://unidata-nexrad-level2/2019/08/13/KSRX/KSRX20190813_212310_V06', 's3://unidata-nexrad-level2/2019/08/13/KINX/KINX20190813_212658_V06']"
F,B739,HLN UA /OV HLN250020/TM 1555/FL350/TP B739/TB CONT LGT OCNL MOD /ZLC,CONT LGT OCNL MOD,,35000.0,46.491584051005006,-112.41956612075484,2019-08-25 15:55:00,2.0,M,"('KTFX', 'KMSX', 'KBLX', 'KSFX', 'KCBX')","['s3://unidata-nexrad-level2/2019/08/25/KTFX/KTFX20190825_155221_V06', 's3://unidata-nexrad-level2/2019/08/25/KMSX/KMSX20190825_155112_V06', 's3://unidata-nexrad-level2/2019/08/25/KBLX/KBLX20190825_155451_V06', 's3://unidata-nexrad-level2/2019/08/25/KSFX/KSFX20190825_155359_V06', 's3://unidata-nexrad-level2/2019/08/25/KCBX/KCBX20190825_154613_V06']"
T,C55B,PUB UUA /OV PUB250015/TM 2305/FL430/TP C55B/TB SEV/RM SEV MTN WAVE +400FT ACTUAL HAD TO FLY MANUALLY ZDV,SEV,,43000.0,38.20448803825376,-104.79766343680916,2019-08-02 23:05:00,5.0,U,"('KPUX', 'KFTG', 'KGLD', 'KGJX', 'KCYS')","['s3://unidata-nexrad-level2/2019/08/02/KPUX/KPUX20190802_230014_V06', 's3://unidata-nexrad-level2/2019/08/02/KFTG/KFTG20190802_230215_V06', 's3://unidata-nexrad-level2/2019/08/02/KGLD/KGLD20190802_230211_V06', 's3://unidata-nexrad-level2/2019/08/02/KGJX/KGJX20190802_230137_V06', 's3://unidata-nexrad-level2/2019/08/02/KCYS/KCYS20190802_230037_V06']"
T,BE35,ALS UUA /OV ALS032065/TM 1715/FL125/TP BE35/TB SEV/RM ZDV,SEV,,12500.0,38.35768318713098,-105.13831175070052,2019-08-25 17:15:00,5.0,L,"('KPUX', 'KFTG', 'KGJX', 'KCYS', 'KGLD')","['s3://unidata-nexrad-level2/2019/08/25/KPUX/KPUX20190825_171207_V06', 's3://unidata-nexrad-level2/2019/08/25/KFTG/KFTG20190825_171431_V06', 's3://unidata-nexrad-level2/2019/08/25/KGJX/KGJX20190825_171337_V06', 's3://unidata-nexrad-level2/2019/08/25/KCYS/KCYS20190825_170903_V06', 's3://unidata-nexrad-level2/2019/08/25/KGLD/KGLD20190825_170828_V06']"
T,BE20,BTT UUA /OV BTT/TM 2100/FL200/TP BE20/TB SEV 220-205/RM UNCONTROLLED CLIMB OF 1500FT. ZAN,SEV 220-205,,20000.0,66.91,-151.52,2019-08-16 21:00:00,5.0,M,"('PAPD', 'PAHG', 'PAIH', 'PAIH', 'PAKC')","['s3://unidata-nexrad-level2/2019/08/16/PAPD/PAPD20190816_205920_V06', 's3://unidata-nexrad-level2/2019/08/16/PAHG/PAHG20190816_205540_V06', 's3://unidata-nexrad-level2/2019/08/16/PAIH/PAIH20190816_205715_V06', 's3://unidata-nexrad-level2/2019/08/16/PAIH/PAIH20190816_205715_V06', 's3://unidata-nexrad-level2/2019/08/16/PAKC/PAKC20190816_205906_V06']"
F,B737,IOW UA /OV IOW/TM 1923/FL370/TP B737/TB CONS LGT CHOP,CONS LGT CHOP,,37000.0,41.63939,-91.544535,2019-08-25 19:23:00,1.0,M,"('KDVN', 'KDMX', 'KARX', 'KILX', 'KLSX')","['s3://unidata-nexrad-level2/2019/08/25/KDVN/KDVN20190825_192016_V06', 's3://unidata-nexrad-level2/2019/08/25/KDMX/KDMX20190825_192224_V06', 's3://unidata-nexrad-level2/2019/08/25/KARX/KARX20190825_191920_V06', 's3://unidata-nexrad-level2/2019/08/25/KILX/KILX20190825_191719_V06', 's3://unidata-nexrad-level2/2019/08/25/KLSX/KLSX20190825_192159_V06']"
F,B739,RFD UA /OV RFD/TM 2320/FL226/TP B739/TB MOD,MOD,,22600.0,42.1927,-89.093,2019-08-11 23:20:00,3.0,M,"('KMKX', 'KLOT', 'KDVN', 'KARX', 'KILX')","['s3://unidata-nexrad-level2/2019/08/11/KMKX/KMKX20190811_231526_V06', 's3://unidata-nexrad-level2/2019/08/11/KLOT/KLOT20190811_231806_V06', 's3://unidata-nexrad-level2/2019/08/11/KDVN/KDVN20190811_231753_V06', 's3://unidata-nexrad-level2/2019/08/11/KARX/KARX20190811_231627_V06', 's3://unidata-nexrad-level2/2019/08/11/KILX/KILX20190811_231701_V06']"
F,C310,GNV UA /OV TAY/TM 1134/FL080/TP C310/TB NEG,NEG,,8000.0,30.5,-82.55,2019-08-14 11:34:00,0.0,L,"('KVAX', 'KJAX', 'KTLH', 'KJGX', 'KCLX')","['s3://unidata-nexrad-level2/2019/08/14/KVAX/KVAX20190814_113151_V06', 's3://unidata-nexrad-level2/2019/08/14/KJAX/KJAX20190814_113146_V06', 's3://unidata-nexrad-level2/2019/08/14/KTLH/KTLH20190814_113233_V06', 's3://unidata-nexrad-level2/2019/08/14/KJGX/KJGX20190814_112847_V06', 's3://unidata-nexrad-level2/2019/08/14/KCLX/KCLX20190814_113208_V06']"
F,CRJ9,RYV UA /OV BAE090040/TM 1733/FL290/TP CRJ9/TB CONS LGT OCNL MOD,CONS LGT OCNL MOD,,29000.0,43.12,-87.3665885787102,2019-08-20 17:33:00,2.0,U,"('KMKX', 'KGRR', 'KLOT', 'KGRB', 'KIWX')","['s3://unidata-nexrad-level2/2019/08/20/KMKX/KMKX20190820_173100_V06', 's3://unidata-nexrad-level2/2019/08/20/KGRR/KGRR20190820_172748_V06', 's3://unidata-nexrad-level2/2019/08/20/KLOT/KLOT20190820_173255_V06', 's3://unidata-nexrad-level2/2019/08/20/KGRB/KGRB20190820_172741_V06', 's3://unidata-nexrad-level2/2019/08/20/KIWX/KIWX20190820_173038_V06']"
T,C206,SOV UUA /OV 5925N 15153W /TM 1748 /FL015 /TP C206 /TB OCNL SEV BLO015 /RM NEAR DANGEROUS CAPE,OCNL SEV BLO015,,1500.0,59.4166,-151.8833,2019-08-15 17:48:00,5.0,L,"('PAHG', 'PAKC', 'PAIH', 'PAIH', 'PAPD')","['s3://unidata-nexrad-level2/2019/08/15/PAHG/PAHG20190815_174419_V06', 's3://unidata-nexrad-level2/2019/08/15/PAKC/PAKC20190815_174203_V06', 's3://unidata-nexrad-level2/2019/08/15/PAIH/PAIH20190815_174416_V06', 's3://unidata-nexrad-level2/2019/08/15/PAIH/PAIH20190815_174416_V06', 's3://unidata-nexrad-level2/2019/08/15/PAPD/PAPD20190815_173819_V06']"
F,B739,BJI UA /OV BJI050040/TM 1127/FL350/TP B739/TB ONCL MOD CHOP,ONCL MOD CHOP,,35000.0,47.93798978368999,-94.17759681412238,2019-08-05 11:27:00,3.0,M,"('KMVX', 'KDLH', 'KMPX', 'KABR', 'KFSD')","['s3://unidata-nexrad-level2/2019/08/05/KMVX/KMVX20190805_112416_V06', 's3://unidata-nexrad-level2/2019/08/05/KDLH/KDLH20190805_112412_V06', 's3://unidata-nexrad-level2/2019/08/05/KMPX/KMPX20190805_112647_V06', 's3://unidata-nexrad-level2/2019/08/05/KABR/KABR20190805_112654_V06', 's3://unidata-nexrad-level2/2019/08/05/KFSD/KFSD20190805_112355_V06']"
T,CRJ2,MHK UUA /OV MHK/TM 1745/FL160/TP CRJ2/TB SEV CONS CAT 160/RM ZKCFD,SEV CONS CAT 160,,16000.0,39.13528,-96.67778,2019-08-21 17:45:00,5.0,M,"('KTWX', 'KICT', 'KUEX', 'KEAX', 'KOAX')","['s3://unidata-nexrad-level2/2019/08/21/KTWX/KTWX20190821_174009_V06', 's3://unidata-nexrad-level2/2019/08/21/KICT/KICT20190821_174023_V06', 's3://unidata-nexrad-level2/2019/08/21/KUEX/KUEX20190821_174154_V06', 's3://unidata-nexrad-level2/2019/08/21/KEAX/KEAX20190821_174301_V06', 's3://unidata-nexrad-level2/2019/08/21/KOAX/KOAX20190821_174455_V06']"
T,C525,SFO UUA /OV APC038007/TM 1643/FL070/TP C525/TB SEV/RM DURD...ZOA CWSU,SEV,,7000.0,38.299405624629856,-122.18898373313723,2019-08-09 16:43:00,5.0,L,"('KDAX', 'KBBX', 'KMUX', 'KRGX', 'KBHX')","['s3://unidata-nexrad-level2/2019/08/09/KDAX/KDAX20190809_164047_V06', 's3://unidata-nexrad-level2/2019/08/09/KBBX/KBBX20190809_163956_V06', 's3://unidata-nexrad-level2/2019/08/09/KMUX/KMUX20190809_164148_V06', 's3://unidata-nexrad-level2/2019/08/09/KRGX/KRGX20190809_164020_V06', 's3://unidata-nexrad-level2/2019/08/09/KBHX/KBHX20190809_164114_V06']"
F,B789,BET UA /OV BET065182/TM 2234/FL380/TP B789/TB CONST LGT OCNL MOD/RM ZAN,CONST LGT OCNL MOD,,38000.0,62.05204589802421,-156.19972652303878,2019-08-18 22:34:00,2.0,U,"('PAHG', 'PABC', 'PAKC', 'PAPD', 'PAEC')","['s3://unidata-nexrad-level2/2019/08/18/PAHG/PAHG20190818_223317_V06', 's3://unidata-nexrad-level2/2019/08/18/PABC/PABC20190818_222644_V06', 's3://unidata-nexrad-level2/2019/08/18/PAKC/PAKC20190818_223259_V06', 's3://unidata-nexrad-level2/2019/08/18/PAPD/PAPD20190818_222950_V06', 's3://unidata-nexrad-level2/2019/08/18/PAEC/PAEC20190818_223054_V06']"
T,BE58,ALB UUA /OV ALB200015/TM 1842/FL120/TP BE58/TB SEV,SEV,,12000.0,42.52262781600892,-73.92007436871855,2019-08-03 18:42:00,5.0,L,"('KENX', 'KBGM', 'KTYX', 'KOKX', 'KCXX')","['s3://unidata-nexrad-level2/2019/08/03/KENX/KENX20190803_183756_V06', 's3://unidata-nexrad-level2/2019/08/03/KBGM/KBGM20190803_184014_V06', 's3://unidata-nexrad-level2/2019/08/03/KTYX/KTYX20190803_183742_V06', 's3://unidata-nexrad-level2/2019/08/03/KOKX/KOKX20190803_183658_V06', 's3://unidata-nexrad-level2/2019/08/03/KCXX/KCXX20190803_183827_V06']"
F,C56X,DEH UA /OV UKN120020/TM 1156/FL360/TP C56X/TB CONS LGT CHOP/RM DURC,CONS LGT CHOP,,36000.0,43.11331983331984,-91.14344269868155,2019-08-20 11:56:00,1.0,M,"('KARX', 'KMKX', 'KDVN', 'KGRB', 'KLOT')","['s3://unidata-nexrad-level2/2019/08/20/KARX/KARX20190820_115557_V06', 's3://unidata-nexrad-level2/2019/08/20/KMKX/KMKX20190820_115152_V06', 's3://unidata-nexrad-level2/2019/08/20/KDVN/KDVN20190820_115333_V06', 's3://unidata-nexrad-level2/2019/08/20/KGRB/KGRB20190820_115400_V06', 's3://unidata-nexrad-level2/2019/08/20/KLOT/KLOT20190820_115500_V06']"
F,B767,UUA /OV 4422N05916W /TM 2350 /FL370 /TP B767 /TB SEV,SEV,,37000.0,44.3666,-59.2666,2019-08-26 23:50:00,5.0,H,"('KCBW', 'KGYX', 'KBOX', 'KCXX', 'KOKX')","['s3://unidata-nexrad-level2/2019/08/26/KCBW/KCBW20190826_234355_V06', 's3://unidata-nexrad-level2/2019/08/26/KGYX/KGYX20190826_234646_V06', 's3://unidata-nexrad-level2/2019/08/26/KBOX/KBOX20190826_234758_V06', 's3://unidata-nexrad-level2/2019/08/26/KCXX/KCXX20190826_234539_V06', 's3://unidata-nexrad-level2/2019/08/26/KOKX/KOKX20190826_234737_V06']"
T,PC12,BJC UUA /OV BJC/TM 2024/FL060/TP PC12/TB SEV/RM 060-070,SEV,,6000.0,39.90881,-105.11719,2019-08-22 20:24:00,5.0,L,"('KFTG', 'KCYS', 'KPUX', 'KGJX', 'KGLD')","['s3://unidata-nexrad-level2/2019/08/22/KFTG/KFTG20190822_201954_V06', 's3://unidata-nexrad-level2/2019/08/22/KCYS/KCYS20190822_202316_V06', 's3://unidata-nexrad-level2/2019/08/22/KPUX/KPUX20190822_201950_V06', 's3://unidata-nexrad-level2/2019/08/22/KGJX/KGJX20190822_202017_V06', 's3://unidata-nexrad-level2/2019/08/22/KGLD/KGLD20190822_202032_V06']"
T,EPIC,MYNN UUA /OV PVN305065/TM 1918/FL270/TP EPIC/TB SEV,SEV,,27000.0,22.391424804096253,-73.21564290660358,2019-08-21 19:18:00,5.0,U,"('KAMX', 'KAMX', 'KBYX', 'KMLB', 'KTBW')","['s3://unidata-nexrad-level2/2019/08/21/KAMX/KAMX20190821_191326_V06', 's3://unidata-nexrad-level2/2019/08/21/KAMX/KAMX20190821_191326_V06', 's3://unidata-nexrad-level2/2019/08/21/KBYX/KBYX20190821_191643_V06', 's3://unidata-nexrad-level2/2019/08/21/KMLB/KMLB20190821_191650_V06', 's3://unidata-nexrad-level2/2019/08/21/KTBW/KTBW20190821_191433_V06']"
F,H60,CDV UA /OV JOH260020 /TM 2056 /FL015 /TP H60 /SK SKC /WX FV99SM/TA 15 /WV 00000KT /TB NEG /IC NEG,NEG,,1500.0,60.42211258560553,-147.26628297875328,2019-08-03 20:56:00,0.0,L,"('PAIH', 'PAIH', 'PAHG', 'PAPD', 'PAKC')","['s3://unidata-nexrad-level2/2019/08/03/PAIH/PAIH20190803_205452_V06', 's3://unidata-nexrad-level2/2019/08/03/PAIH/PAIH20190803_205452_V06', 's3://unidata-nexrad-level2/2019/08/03/PAHG/PAHG20190803_205348_V06', 's3://unidata-nexrad-level2/2019/08/03/PAPD/PAPD20190803_205426_V06', 's3://unidata-nexrad-level2/2019/08/03/PAKC/PAKC20190803_204827_V06']"
F,B737,DTW UA /OV CRL260032/TM 2117/FL100/TP B737/TB MOD/RM DURD,MOD,,10000.0,41.95738013696886,-84.16738110000081,2019-08-15 21:17:00,3.0,M,"('KDTX', 'KIWX', 'KGRR', 'KCLE', 'KILN')","['s3://unidata-nexrad-level2/2019/08/15/KDTX/KDTX20190815_211555_V06', 's3://unidata-nexrad-level2/2019/08/15/KIWX/KIWX20190815_211535_V06', 's3://unidata-nexrad-level2/2019/08/15/KGRR/KGRR20190815_211619_V06', 's3://unidata-nexrad-level2/2019/08/15/KCLE/KCLE20190815_211443_V06', 's3://unidata-nexrad-level2/2019/08/15/KILN/KILN20190815_211413_V06']"
T,P32R,MSS UUA /OV MSS /TM 1840 /FL090 /TP P32R /SK OVC035 /WX -RA /TB SEV 090-045,SEV 090-045,,9000.0,44.93583,-74.84556,2019-08-22 18:40:00,5.0,L,"('KCXX', 'KTYX', 'KENX', 'KBGM', 'KBUF')","['s3://unidata-nexrad-level2/2019/08/22/KCXX/KCXX20190822_183334_V06', 's3://unidata-nexrad-level2/2019/08/22/KTYX/KTYX20190822_183724_V06', 's3://unidata-nexrad-level2/2019/08/22/KENX/KENX20190822_183458_V06', 's3://unidata-nexrad-level2/2019/08/22/KBGM/KBGM20190822_183921_V06', 's3://unidata-nexrad-level2/2019/08/22/KBUF/KBUF20190822_183652_V06']"
T,B777,BID UUA /OV BID090025/TM 2109/FL330/TP B777/TB SEV 330-320,SEV 330-320,,33000.0,41.17,-71.0264363333814,2019-08-03 21:09:00,5.0,H,"('KBOX', 'KOKX', 'KDIX', 'KENX', 'KGYX')","['s3://unidata-nexrad-level2/2019/08/03/KBOX/KBOX20190803_210702_V06', 's3://unidata-nexrad-level2/2019/08/03/KOKX/KOKX20190803_210829_V06', 's3://unidata-nexrad-level2/2019/08/03/KDIX/KDIX20190803_210815_V06', 's3://unidata-nexrad-level2/2019/08/03/KENX/KENX20190803_210814_V06', 's3://unidata-nexrad-level2/2019/08/03/KGYX/KGYX20190803_210441_V06']"
F,B777,LIH UA /OV ECEDO/TM 2149/FL350/TP B777/TB SEV,SEV,,35000.0,29.32,-96.25,2019-08-05 21:49:00,5.0,H,"('KHGX', 'KEWX', 'KCRP', 'KGRK', 'KLCH')","['s3://unidata-nexrad-level2/2019/08/05/KHGX/KHGX20190805_214846_V06', 's3://unidata-nexrad-level2/2019/08/05/KEWX/KEWX20190805_214352_V06', 's3://unidata-nexrad-level2/2019/08/05/KCRP/KCRP20190805_214522_V06', 's3://unidata-nexrad-level2/2019/08/05/KGRK/KGRK20190805_214641_V06', 's3://unidata-nexrad-level2/2019/08/05/KLCH/KLCH20190805_214801_V06']"
F,BE20,DEN UA /OV 10 NW GLL/TM 1800/FL110/TP BE20/TB SEV,SEV,,11000.0,40.59560381601481,-104.72955724370304,2019-08-17 18:00:00,5.0,M,"('KCYS', 'KFTG', 'KPUX', 'KGLD', 'KGJX')","['s3://unidata-nexrad-level2/2019/08/17/KCYS/KCYS20190817_175457_V06', 's3://unidata-nexrad-level2/2019/08/17/KFTG/KFTG20190817_175957_V06', 's3://unidata-nexrad-level2/2019/08/17/KPUX/KPUX20190817_175705_V06', 's3://unidata-nexrad-level2/2019/08/17/KGLD/KGLD20190817_175209_V06', 's3://unidata-nexrad-level2/2019/08/17/KGJX/KGJX20190817_175849_V06']"
F,B737,IND UA /OV VHP090020/TM 2305/FL220/TP B737/TB CONS LGT CHOP,CONS LGT CHOP,,22000.0,39.81,-85.93603413849159,2019-08-20 23:05:00,1.0,M,"('KIND', 'KIWX', 'KILN', 'KLVX', 'KVWX')","['s3://unidata-nexrad-level2/2019/08/20/KIND/KIND20190820_230052_V06', 's3://unidata-nexrad-level2/2019/08/20/KIWX/KIWX20190820_230043_V06', 's3://unidata-nexrad-level2/2019/08/20/KILN/KILN20190820_230121_V06', 's3://unidata-nexrad-level2/2019/08/20/KLVX/KLVX20190820_230055_V06', 's3://unidata-nexrad-level2/2019/08/20/KVWX/KVWX20190820_230036_V06']"
F,DH3T,TKA UA /OV TKA292043 /TM 2225 /FL080 /TP DH3T /SK SCT070/BKN080 /WX FV08SM /TB NEG /RM CUMULUS BUILD UP TO THE EAST,NEG,,8000.0,62.58848980454923,-151.52054561766911,2019-08-23 22:25:00,0.0,L,"('PAHG', 'PAPD', 'PAIH', 'PAIH', 'PAKC')","['s3://unidata-nexrad-level2/2019/08/23/PAHG/PAHG20190823_221819_V06', 's3://unidata-nexrad-level2/2019/08/23/PAPD/PAPD20190823_221955_V06', 's3://unidata-nexrad-level2/2019/08/23/PAKC/PAKC20190823_222106_V06']"
T,A320,ELY UUA /OV ILC250020/TM 0113/FL350/TP A320/TB SEV/RM 2 JOLTS ONLY LASTED 3 SEC /ZLC,SEV,,35000.0,38.135984051005,-114.78889149590869,2019-08-06 01:13:00,5.0,M,"('KICX', 'KESX', 'KLRX', 'KMTX', 'KEYX')","['s3://unidata-nexrad-level2/2019/08/06/KICX/KICX20190806_011113_V06', 's3://unidata-nexrad-level2/2019/08/06/KESX/KESX20190806_011037_V06', 's3://unidata-nexrad-level2/2019/08/06/KLRX/KLRX20190806_010918_V06', 's3://unidata-nexrad-level2/2019/08/06/KMTX/KMTX20190806_010930_V06', 's3://unidata-nexrad-level2/2019/08/06/KEYX/KEYX20190806_010517_V06']"
F,A333,SPI UA /OV SPI/TM 1730/FL400/TP A333/TB LGT CAT/RM ZKC/FD1/CJ,LGT CAT,,40000.0,39.8447,-89.6839,2019-08-25 17:30:00,1.0,H,"('KILX', 'KLSX', 'KLOT', 'KDVN', 'KVWX')","['s3://unidata-nexrad-level2/2019/08/25/KILX/KILX20190825_172928_V06', 's3://unidata-nexrad-level2/2019/08/25/KLSX/KLSX20190825_172415_V06', 's3://unidata-nexrad-level2/2019/08/25/KLOT/KLOT20190825_172530_V06', 's3://unidata-nexrad-level2/2019/08/25/KDVN/KDVN20190825_172320_V06', 's3://unidata-nexrad-level2/2019/08/25/KVWX/KVWX20190825_172858_V06']"
T,BE20,CID UUA /OV CID 180005/TM 1415/FL050/TP BE20/TB SEV,SEV,,5000.0,41.79955891665992,-91.724588,2019-08-20 14:15:00,5.0,M,"('KDVN', 'KDMX', 'KARX', 'KILX', 'KLSX')","['s3://unidata-nexrad-level2/2019/08/20/KDVN/KDVN20190820_141325_V06', 's3://unidata-nexrad-level2/2019/08/20/KDMX/KDMX20190820_141219_V06', 's3://unidata-nexrad-level2/2019/08/20/KARX/KARX20190820_141133_V06', 's3://unidata-nexrad-level2/2019/08/20/KILX/KILX20190820_141220_V06', 's3://unidata-nexrad-level2/2019/08/20/KLSX/KLSX20190820_141218_V06']"
F,B738,OJC UA /OV BUM260012/TM 1151/FL300/TP B738/TB CONT LGT 300-340/RM ZKCFDC/AF,CONT LGT 300-340,,30000.0,38.24526755136333,-94.59092910154726,2019-08-24 11:51:00,1.0,M,"('KEAX', 'KSGF', 'KTWX', 'KINX', 'KICT')","['s3://unidata-nexrad-level2/2019/08/24/KEAX/KEAX20190824_115021_V06', 's3://unidata-nexrad-level2/2019/08/24/KSGF/KSGF20190824_114648_V06', 's3://unidata-nexrad-level2/2019/08/24/KTWX/KTWX20190824_114706_V06', 's3://unidata-nexrad-level2/2019/08/24/KINX/KINX20190824_114612_V06', 's3://unidata-nexrad-level2/2019/08/24/KICT/KICT20190824_114900_V06']"
F,B737,CRG UA /OV CRG300030/TM 0036/FL380/TP B737/SK SKC/TB OCNL LGT CHOP,OCNL LGT CHOP,,38000.0,30.586120250020247,-82.01644842774894,2019-08-20 00:36:00,1.0,M,"('KJAX', 'KVAX', 'KJGX', 'KTLH', 'KMLB')","['s3://unidata-nexrad-level2/2019/08/20/KJAX/KJAX20190820_003308_V06', 's3://unidata-nexrad-level2/2019/08/20/KVAX/KVAX20190820_003549_V06', 's3://unidata-nexrad-level2/2019/08/20/KJGX/KJGX20190820_003305_V06', 's3://unidata-nexrad-level2/2019/08/20/KTLH/KTLH20190820_003545_V06', 's3://unidata-nexrad-level2/2019/08/20/KMLB/KMLB20190820_003211_V06']"
F,A320,AMG UA /OV AMG170030/TM 1225/FL350/TP A320/TB CONT LGT CHOP,CONT LGT CHOP,,35000.0,31.04361623874001,-82.40468274390123,2019-08-20 12:25:00,1.0,M,"('KVAX', 'KJAX', 'KCLX', 'KTLH', 'KJGX')","['s3://unidata-nexrad-level2/2019/08/20/KVAX/KVAX20190820_122309_V06', 's3://unidata-nexrad-level2/2019/08/20/KJAX/KJAX20190820_122316_V06', 's3://unidata-nexrad-level2/2019/08/20/KCLX/KCLX20190820_122115_V06', 's3://unidata-nexrad-level2/2019/08/20/KTLH/KTLH20190820_122129_V06', 's3://unidata-nexrad-level2/2019/08/20/KJGX/KJGX20190820_122413_V06']"
F,B737,CNU UA /OV EMP /TM 1255 /FL380 /TP B737 /TB CONT LGT CHOP /RM OCNL LGT TURB AWC-WEB:,CONT LGT CHOP,,38000.0,38.33056,-96.18972,2019-08-10 12:55:00,1.0,M,"('KTWX', 'KICT', 'KEAX', 'KUEX', 'KVNX')","['s3://unidata-nexrad-level2/2019/08/10/KTWX/KTWX20190810_125400_V06', 's3://unidata-nexrad-level2/2019/08/10/KICT/KICT20190810_125309_V06', 's3://unidata-nexrad-level2/2019/08/10/KEAX/KEAX20190810_124538_V06', 's3://unidata-nexrad-level2/2019/08/10/KUEX/KUEX20190810_125316_V06', 's3://unidata-nexrad-level2/2019/08/10/KVNX/KVNX20190810_125102_V06']"
T,B777,PASY UUA /OV 4718N 17353E /TM 0226 /FL320 /TP B777 /TB SEV /RM ZOA CWSU AWC-WEB,SEV,,32000.0,47.3,173.8833,2019-08-18 02:26:00,5.0,H,"('PGUA', 'RKSG', 'RKJK', 'RODN', 'LPLA')","['s3://unidata-nexrad-level2/2019/08/18/PGUA/PGUA20190818_022220_V06', 's3://unidata-nexrad-level2/2019/08/18/RKSG/RKSG20190818_022249_V06', 's3://unidata-nexrad-level2/2019/08/18/RODN/RODN20190818_022223_V06']"
T,PA31,BTT UUA /OV BTT045060/TM 2106/FL230/TP PA31/TB SEV /RM UNCONTROLLED CLIMB. ZAN,SEV,,23000.0,67.6171640568931,-149.71682227777535,2019-08-16 21:06:00,5.0,L,"('PAPD', 'PAHG', 'PAIH', 'PAIH', 'PAKC')","['s3://unidata-nexrad-level2/2019/08/16/PAPD/PAPD20190816_210452_V06', 's3://unidata-nexrad-level2/2019/08/16/PAHG/PAHG20190816_210102_V06', 's3://unidata-nexrad-level2/2019/08/16/PAIH/PAIH20190816_210256_V06', 's3://unidata-nexrad-level2/2019/08/16/PAIH/PAIH20190816_210256_V06', 's3://unidata-nexrad-level2/2019/08/16/PAKC/PAKC20190816_205906_V06']"
T,PC12,HOB UUA /OV HOB090030 /TM 2152 /FL125 /TP PC12 /TB SEV /RM ZFW ISOLATED POCKET AT 12 500 AWC-WEB:,SEV,,12500.0,32.68753,-102.62289542122774,2019-08-26 21:52:00,5.0,L,"('KMAF', 'KLBB', 'KFDX', 'KSJT', 'KAMA')","['s3://unidata-nexrad-level2/2019/08/26/KMAF/KMAF20190826_214451_V06', 's3://unidata-nexrad-level2/2019/08/26/KLBB/KLBB20190826_214718_V06', 's3://unidata-nexrad-level2/2019/08/26/KFDX/KFDX20190826_214353_V06', 's3://unidata-nexrad-level2/2019/08/26/KSJT/KSJT20190826_214720_V06', 's3://unidata-nexrad-level2/2019/08/26/KAMA/KAMA20190826_215009_V06']"
T,E75L,RSW UUA /OV RSW260040/TM 2157/FL340/TP E75L/TB SEV/RM LOST 1200,SEV,,34000.0,26.42228517121108,-82.49064902920155,2019-08-15 21:57:00,5.0,U,"('KTBW', 'KBYX', 'KAMX', 'KAMX', 'KMLB')","['s3://unidata-nexrad-level2/2019/08/15/KTBW/KTBW20190815_215414_V06', 's3://unidata-nexrad-level2/2019/08/15/KBYX/KBYX20190815_215359_V06', 's3://unidata-nexrad-level2/2019/08/15/KAMX/KAMX20190815_215511_V06', 's3://unidata-nexrad-level2/2019/08/15/KAMX/KAMX20190815_215511_V06', 's3://unidata-nexrad-level2/2019/08/15/KMLB/KMLB20190815_215325_V06']"
F,B757,HLC UA /OV HLC040045/TM 0130/FL360/TP B757/TB MOD/RM ZDV,MOD,,36000.0,39.95013986958569,-99.20601093906748,2019-08-18 01:30:00,3.0,M,"('KUEX', 'KDDC', 'KOAX', 'KGLD', 'KICT')","['s3://unidata-nexrad-level2/2019/08/18/KUEX/KUEX20190818_012740_V06', 's3://unidata-nexrad-level2/2019/08/18/KDDC/KDDC20190818_012804_V06', 's3://unidata-nexrad-level2/2019/08/18/KOAX/KOAX20190818_012141_V06', 's3://unidata-nexrad-level2/2019/08/18/KGLD/KGLD20190818_012702_V06', 's3://unidata-nexrad-level2/2019/08/18/KICT/KICT20190818_012544_V06']"
F,B777,ADK UA /OV 4550N 17600W/TM 2141/FL350/TP B777/TB MOD/RM ZOA CWSU,MOD,,35000.0,45.8333,-176.0,2019-08-22 21:41:00,3.0,H,"('PABC', 'PAEC', 'PAKC', 'PAHG', 'PHKI')","['s3://unidata-nexrad-level2/2019/08/22/PABC/PABC20190822_213828_V06', 's3://unidata-nexrad-level2/2019/08/22/PAEC/PAEC20190822_213708_V06', 's3://unidata-nexrad-level2/2019/08/22/PAKC/PAKC20190822_214008_V06', 's3://unidata-nexrad-level2/2019/08/22/PAHG/PAHG20190822_213649_V06', 's3://unidata-nexrad-level2/2019/08/22/PHKI/PHKI20190822_213626_V06']"
F,A319,ENL UA /OV ENL/TM 2036/FL260/TP A319/TB CONT LGT-MOD CHOP/RM ZKC FDC,CONT LGT-MOD CHOP,,26000.0,38.51508,-89.09114,2019-08-16 20:36:00,2.0,M,"('KLSX', 'KPAH', 'KVWX', 'KILX', 'KIND')","['s3://unidata-nexrad-level2/2019/08/16/KLSX/KLSX20190816_203521_V06', 's3://unidata-nexrad-level2/2019/08/16/KPAH/KPAH20190816_203530_V06', 's3://unidata-nexrad-level2/2019/08/16/KVWX/KVWX20190816_202946_V06', 's3://unidata-nexrad-level2/2019/08/16/KILX/KILX20190816_202942_V06', 's3://unidata-nexrad-level2/2019/08/16/KIND/KIND20190816_203358_V06']"
F,B738,DLL UA /OV DLL/TM 0238/FL300/TP B738/TB MOD,MOD,,30000.0,43.522,-89.771,2019-08-23 02:38:00,3.0,M,"('KARX', 'KMKX', 'KDVN', 'KGRB', 'KLOT')","['s3://unidata-nexrad-level2/2019/08/23/KARX/KARX20190823_023159_V06', 's3://unidata-nexrad-level2/2019/08/23/KMKX/KMKX20190823_023605_V06', 's3://unidata-nexrad-level2/2019/08/23/KDVN/KDVN20190823_023504_V06', 's3://unidata-nexrad-level2/2019/08/23/KGRB/KGRB20190823_023551_V06', 's3://unidata-nexrad-level2/2019/08/23/KLOT/KLOT20190823_023617_V06']"
F,A333,JFK UA /OV PNN/TM 1604/FL380/TP A333/TB LGT-MOD,LGT-MOD,,38000.0,45.2,-67.56,2019-08-29 16:04:00,2.0,H,"('KCBW', 'KGYX', 'KBOX', 'KCXX', 'KOKX')","['s3://unidata-nexrad-level2/2019/08/29/KCBW/KCBW20190829_155930_V06', 's3://unidata-nexrad-level2/2019/08/29/KGYX/KGYX20190829_160026_V06', 's3://unidata-nexrad-level2/2019/08/29/KBOX/KBOX20190829_160006_V06', 's3://unidata-nexrad-level2/2019/08/29/KCXX/KCXX20190829_160050_V06', 's3://unidata-nexrad-level2/2019/08/29/KOKX/KOKX20190829_155452_V06']"
F,LJ55,MBPV UA /OV PVN340060/TM 1355/FL410/TP LJ55/TB MOD,MOD,,41000.0,22.709768735964307,-72.62831609673607,2019-08-21 13:55:00,3.0,M,"('KAMX', 'KAMX', 'KBYX', 'KMLB', 'KTBW')","['s3://unidata-nexrad-level2/2019/08/21/KAMX/KAMX20190821_135105_V06', 's3://unidata-nexrad-level2/2019/08/21/KAMX/KAMX20190821_135105_V06', 's3://unidata-nexrad-level2/2019/08/21/KBYX/KBYX20190821_135247_V06', 's3://unidata-nexrad-level2/2019/08/21/KMLB/KMLB20190821_135148_V06', 's3://unidata-nexrad-level2/2019/08/21/KTBW/KTBW20190821_134956_V06']"
F,P28A,DBN UA /OV DBN315012 /TM 0043 /FL030 /TP P28A /SK SKC /WX FV20SM /TB NEG,NEG,,3000.0,32.705849511378624,-83.15309343898136,2019-08-10 00:43:00,0.0,L,"('KJGX', 'KFFC', 'KCLX', 'KVAX', 'KGSP')","['s3://unidata-nexrad-level2/2019/08/10/KJGX/KJGX20190810_004218_V06', 's3://unidata-nexrad-level2/2019/08/10/KFFC/KFFC20190810_004136_V06', 's3://unidata-nexrad-level2/2019/08/10/KCLX/KCLX20190810_004222_V06', 's3://unidata-nexrad-level2/2019/08/10/KVAX/KVAX20190810_004215_V06', 's3://unidata-nexrad-level2/2019/08/10/KGSP/KGSP20190810_003824_V06']"
F,B737,BOI UA /OV BOI090040/TM 1955/FL150/TP B737/TB MOD 120-150/RM IN DESCENT /ZLC,MOD 120-150,,15000.0,43.56667,-115.32040322375424,2019-08-21 19:55:00,3.0,M,"('KCBX', 'KSFX', 'KLRX', 'KMTX', 'KPDT')","['s3://unidata-nexrad-level2/2019/08/21/KCBX/KCBX20190821_195027_V06', 's3://unidata-nexrad-level2/2019/08/21/KSFX/KSFX20190821_195400_V06', 's3://unidata-nexrad-level2/2019/08/21/KLRX/KLRX20190821_195328_V06', 's3://unidata-nexrad-level2/2019/08/21/KMTX/KMTX20190821_194812_V06', 's3://unidata-nexrad-level2/2019/08/21/KPDT/KPDT20190821_195121_V06']"
T,UNKN,LVR UUA /OV LVR /TM 0343 /FL015 /TP UNKN /WV 27050KT /TB SEV /RMWEST END NARROWS,SEV,,1500.0,60.81,-152.29,2019-08-17 03:43:00,5.0,U,"('PAHG', 'PAKC', 'PAIH', 'PAIH', 'PAPD')","['s3://unidata-nexrad-level2/2019/08/17/PAHG/PAHG20190817_034012_V06', 's3://unidata-nexrad-level2/2019/08/17/PAKC/PAKC20190817_033847_V06', 's3://unidata-nexrad-level2/2019/08/17/PAIH/PAIH20190817_034140_V06', 's3://unidata-nexrad-level2/2019/08/17/PAIH/PAIH20190817_034140_V06', 's3://unidata-nexrad-level2/2019/08/17/PAPD/PAPD20190817_033952_V06']"
T,C206,SOV UUA /OV 5925N 15153W /TM 1748 /FL015 /TP C206 /TB OCNL SEV BLO 015 /RM NEAR DANGEROUS CAPE,OCNL SEV BLO 015,,1500.0,59.4166,-151.8833,2019-08-15 17:48:00,5.0,L,"('PAHG', 'PAKC', 'PAIH', 'PAIH', 'PAPD')","['s3://unidata-nexrad-level2/2019/08/15/PAHG/PAHG20190815_174419_V06', 's3://unidata-nexrad-level2/2019/08/15/PAKC/PAKC20190815_174203_V06', 's3://unidata-nexrad-level2/2019/08/15/PAIH/PAIH20190815_174416_V06', 's3://unidata-nexrad-level2/2019/08/15/PAIH/PAIH20190815_174416_V06', 's3://unidata-nexrad-level2/2019/08/15/PAPD/PAPD20190815_173819_V06']"
F,B777,UUA /OV CYVO 090060 /TM 0118 /FL310 /TP B777 /TB SEV,SEV,,31000.0,48.0564,-76.29046591655943,2019-08-22 01:18:00,5.0,H,"('KTYX', 'KCXX', 'KBUF', 'KBGM', 'KENX')","['s3://unidata-nexrad-level2/2019/08/22/KTYX/KTYX20190822_011506_V06', 's3://unidata-nexrad-level2/2019/08/22/KCXX/KCXX20190822_011155_V06', 's3://unidata-nexrad-level2/2019/08/22/KBUF/KBUF20190822_011436_V06', 's3://unidata-nexrad-level2/2019/08/22/KBGM/KBGM20190822_011713_V06', 's3://unidata-nexrad-level2/2019/08/22/KENX/KENX20190822_011541_V06']"
T,CRJ2,JLN UUA /OV EOS160010/TM 1637/FL260/TP CRJ2/TB SEV +20 -20KTS/RM ZKCFDC/OH,SEV +20 -20KTS,,26000.0,36.65337187733928,-94.31879582119,2019-08-07 16:37:00,5.0,M,"('KSGF', 'KINX', 'KSRX', 'KEAX', 'KLZK')","['s3://unidata-nexrad-level2/2019/08/07/KSGF/KSGF20190807_163523_V06', 's3://unidata-nexrad-level2/2019/08/07/KINX/KINX20190807_163405_V06', 's3://unidata-nexrad-level2/2019/08/07/KSRX/KSRX20190807_163317_V06', 's3://unidata-nexrad-level2/2019/08/07/KEAX/KEAX20190807_163254_V06', 's3://unidata-nexrad-level2/2019/08/07/KLZK/KLZK20190807_163232_V06']"
T,UNKN,LVR UUA /OV LVR /TM 0343 /FL015 /TP UNKN /WV 27050KT /TB SEV /RM WEST END NARROWS,SEV,,1500.0,60.81,-152.29,2019-08-17 03:43:00,5.0,U,"('PAHG', 'PAKC', 'PAIH', 'PAIH', 'PAPD')","['s3://unidata-nexrad-level2/2019/08/17/PAHG/PAHG20190817_034012_V06', 's3://unidata-nexrad-level2/2019/08/17/PAKC/PAKC20190817_033847_V06', 's3://unidata-nexrad-level2/2019/08/17/PAIH/PAIH20190817_034140_V06', 's3://unidata-nexrad-level2/2019/08/17/PAIH/PAIH20190817_034140_V06', 's3://unidata-nexrad-level2/2019/08/17/PAPD/PAPD20190817_033952_V06']"
F,CRJ9,DAY UA /OV ROD330025/TM 1055/FL350/TP CRJ9/TB INTMT LGT CHOP,INTMT LGT CHOP,,35000.0,40.65087314663012,-84.31314544092776,2019-08-17 10:55:00,1.0,U,"('KILN', 'KIWX', 'KIND', 'KCLE', 'KDTX')","['s3://unidata-nexrad-level2/2019/08/17/KILN/KILN20190817_105403_V06', 's3://unidata-nexrad-level2/2019/08/17/KIWX/KIWX20190817_105221_V06', 's3://unidata-nexrad-level2/2019/08/17/KIND/KIND20190817_104953_V06', 's3://unidata-nexrad-level2/2019/08/17/KCLE/KCLE20190817_105401_V06', 's3://unidata-nexrad-level2/2019/08/17/KDTX/KDTX20190817_105347_V06']"
F,A321,VJI UA /OV GZG/TM 1308/FL340/TP A321/TB ONCL LGT CHOP 340/RM VMC/ ZTLFD,ONCL LGT CHOP 340,,34000.0,36.83,-82.08,2019-08-01 13:08:00,1.0,M,"('KJKL', 'KMRX', 'KFCX', 'KRLX', 'KGSP')","['s3://unidata-nexrad-level2/2019/08/01/KJKL/KJKL20190801_130356_V06', 's3://unidata-nexrad-level2/2019/08/01/KFCX/KFCX20190801_130215_V06', 's3://unidata-nexrad-level2/2019/08/01/KRLX/KRLX20190801_130445_V06', 's3://unidata-nexrad-level2/2019/08/01/KGSP/KGSP20190801_130744_V06']"
F,B731,FAI UA /OV FAI180040/TM 1345/FL370/TP B731/TB LGT TO MOD/RM DURC. ZAN.,LGT TO MOD,,37000.0,64.14327933327934,-147.85,2019-08-31 13:45:00,2.0,U,"('PAPD', 'PAHG', 'PAIH', 'PAIH', 'PAKC')","['s3://unidata-nexrad-level2/2019/08/31/PAPD/PAPD20190831_134036_V06', 's3://unidata-nexrad-level2/2019/08/31/PAHG/PAHG20190831_134343_V06', 's3://unidata-nexrad-level2/2019/08/31/PAIH/PAIH20190831_133956_V06', 's3://unidata-nexrad-level2/2019/08/31/PAIH/PAIH20190831_133956_V06', 's3://unidata-nexrad-level2/2019/08/31/PAKC/PAKC20190831_134139_V06']"
F,B350,BVU UA /OV LAS150030 /TM 0035 /FL270 /TP B350 /SK SKC /WX FV99SM /TB NEG,NEG,,27000.0,35.647012224043856,-114.84289361299132,2019-08-17 00:35:00,0.0,M,"('KESX', 'KEYX', 'KICX', 'KSOX', 'KYUX')","['s3://unidata-nexrad-level2/2019/08/17/KESX/KESX20190817_002730_V06', 's3://unidata-nexrad-level2/2019/08/17/KEYX/KEYX20190817_003200_V06', 's3://unidata-nexrad-level2/2019/08/17/KICX/KICX20190817_003020_V06', 's3://unidata-nexrad-level2/2019/08/17/KSOX/KSOX20190817_002700_V06', 's3://unidata-nexrad-level2/2019/08/17/KYUX/KYUX20190817_003334_V06']"
F,P46,MKT UA /OV MKT360015/TM 0023/FL100/TP P46/SK SKC 100/TB NEG,NEG,,10000.0,44.47002025002025,-93.92,2019-08-19 00:23:00,0.0,L,"('KMPX', 'KARX', 'KFSD', 'KDLH', 'KDMX')","['s3://unidata-nexrad-level2/2019/08/19/KMPX/KMPX20190819_002117_V06', 's3://unidata-nexrad-level2/2019/08/19/KARX/KARX20190819_001622_V06', 's3://unidata-nexrad-level2/2019/08/19/KFSD/KFSD20190819_001642_V06', 's3://unidata-nexrad-level2/2019/08/19/KDLH/KDLH20190819_002142_V06', 's3://unidata-nexrad-level2/2019/08/19/KDMX/KDMX20190819_002045_V06']"
F,B77W,SDP UA /OV 45N 153W/TM 2020/FL320/TP B77W/TB CONT LGT 300-320/RM ZOA CWSU,CONT LGT 300-320,,32000.0,55.31,-160.52,2019-08-08 20:20:00,1.0,U,"('PAKC', 'PABC', 'PAEC', 'PAHG', 'PAIH')","['s3://unidata-nexrad-level2/2019/08/08/PAKC/PAKC20190808_201904_V06', 's3://unidata-nexrad-level2/2019/08/08/PABC/PABC20190808_201501_V06', 's3://unidata-nexrad-level2/2019/08/08/PAEC/PAEC20190808_201718_V06', 's3://unidata-nexrad-level2/2019/08/08/PAHG/PAHG20190808_201705_V06', 's3://unidata-nexrad-level2/2019/08/08/PAIH/PAIH20190808_201522_V06']"
T,C172,GNV UUA /OV GNV/TM 0130/FL040/TP C172/TB SEV 025-060/RM AIRCRAFT SAID MODERATE BUT COULD NOT MAINTAIN CONTROL OF AIRCRAFT,SEV 025-060,,4000.0,29.6917,-82.27602,2019-08-11 01:30:00,5.0,L,"('KJAX', 'KVAX', 'KTLH', 'KTBW', 'KMLB')","['s3://unidata-nexrad-level2/2019/08/11/KJAX/KJAX20190811_012534_V06', 's3://unidata-nexrad-level2/2019/08/11/KVAX/KVAX20190811_012547_V06', 's3://unidata-nexrad-level2/2019/08/11/KTLH/KTLH20190811_012530_V06', 's3://unidata-nexrad-level2/2019/08/11/KTBW/KTBW20190811_012516_V06', 's3://unidata-nexrad-level2/2019/08/11/KMLB/KMLB20190811_012804_V06']"
F,B190,DLG UA /OV DLG360010 /TM 1649 /FL045 /TP B190 /SK OVC045 /TA UNKN /TB NEG /IC NEG,NEG,,4500.0,59.206680166680165,-158.5,2019-08-10 16:49:00,0.0,M,"('PAKC', 'PABC', 'PAHG', 'PAEC', 'PAIH')","['s3://unidata-nexrad-level2/2019/08/10/PAKC/PAKC20190810_164714_V06', 's3://unidata-nexrad-level2/2019/08/10/PABC/PABC20190810_164634_V06', 's3://unidata-nexrad-level2/2019/08/10/PAHG/PAHG20190810_164734_V06', 's3://unidata-nexrad-level2/2019/08/10/PAEC/PAEC20190810_164532_V06', 's3://unidata-nexrad-level2/2019/08/10/PAIH/PAIH20190810_164440_V06']"
F,C402,S32 UA /OV S32/TM 1009/FL060/TP C402/WX VMC/TB NEG/IC NEG,NEG,,6000.0,47.4228,-98.1059,2019-08-14 10:09:00,0.0,L,"('KMVX', 'KBIS', 'KABR', 'KMBX', 'KFSD')","['s3://unidata-nexrad-level2/2019/08/14/KMVX/KMVX20190814_100352_V06', 's3://unidata-nexrad-level2/2019/08/14/KBIS/KBIS20190814_100832_V06', 's3://unidata-nexrad-level2/2019/08/14/KABR/KABR20190814_100521_V06', 's3://unidata-nexrad-level2/2019/08/14/KFSD/KFSD20190814_100101_V06']"
T,PC12,SOP UUA /OV SDZ255010/TM 0106/FL160/TP PC12/TB SEV 160,SEV 160,,16000.0,35.17685999842231,-79.7870768492306,2019-08-02 01:06:00,5.0,L,"('KLTX', 'KCAE', 'KRAX', 'KFCX', 'KGSP')","['s3://unidata-nexrad-level2/2019/08/02/KLTX/KLTX20190802_010103_V06', 's3://unidata-nexrad-level2/2019/08/02/KCAE/KCAE20190802_010132_V06', 's3://unidata-nexrad-level2/2019/08/02/KRAX/KRAX20190802_010208_V06', 's3://unidata-nexrad-level2/2019/08/02/KFCX/KFCX20190802_010230_V06', 's3://unidata-nexrad-level2/2019/08/02/KGSP/KGSP20190802_010553_V06']"
T,P28A,LVS UUA /OV FTI045005/TM 2030/FL100/TP P28A/TB SEV/RM LOSS OF 1000-2000FPM ZAB/FDCS,SEV,,10000.0,35.71893033807442,-105.06746952451329,2019-08-16 20:30:00,5.0,L,"('KABX', 'KFDX', 'KAMA', 'KHDX', 'KPUX')","['s3://unidata-nexrad-level2/2019/08/16/KABX/KABX20190816_202721_V06', 's3://unidata-nexrad-level2/2019/08/16/KFDX/KFDX20190816_202832_V06', 's3://unidata-nexrad-level2/2019/08/16/KAMA/KAMA20190816_202055_V06', 's3://unidata-nexrad-level2/2019/08/16/KHDX/KHDX20190816_202749_V06', 's3://unidata-nexrad-level2/2019/08/16/KPUX/KPUX20190816_202854_V06']"
F,B739,KTN UA /OV ANN251076/TM 1016/FL350/TP B739/TB NEG/RM SMOOTH ZAN,NEG,,35000.0,54.62758026769488,-133.66030476842133,2019-08-22 10:16:00,0.0,M,"('PACG', 'KLGX', 'KATX', 'PAIH', 'PAIH')","['s3://unidata-nexrad-level2/2019/08/22/PACG/PACG20190822_101549_V06', 's3://unidata-nexrad-level2/2019/08/22/KLGX/KLGX20190822_101011_V06', 's3://unidata-nexrad-level2/2019/08/22/KATX/KATX20190822_101123_V06', 's3://unidata-nexrad-level2/2019/08/22/PAIH/PAIH20190822_101156_V06', 's3://unidata-nexrad-level2/2019/08/22/PAIH/PAIH20190822_101156_V06']"
F,B737,LAS UA /OV LAS245030 /TM 1445 /FL140 /TP B737 /TB LGT MOD OCNL/RM AWC-WEB,LGT MOD OCNL,,14000.0,35.86873375307294,-115.71299420503094,2019-08-06 14:45:00,2.0,M,"('KESX', 'KEYX', 'KSOX', 'KICX', 'KNKX')","['s3://unidata-nexrad-level2/2019/08/06/KESX/KESX20190806_144414_V06', 's3://unidata-nexrad-level2/2019/08/06/KEYX/KEYX20190806_144210_V06', 's3://unidata-nexrad-level2/2019/08/06/KSOX/KSOX20190806_144433_V06', 's3://unidata-nexrad-level2/2019/08/06/KICX/KICX20190806_144152_V06', 's3://unidata-nexrad-level2/2019/08/06/KNKX/KNKX20190806_144214_V06']"
F,B777,WMC UA /OV BAM/TM 1912/FL350/TP B777/TB MOD /ZLC,MOD,,35000.0,40.599,-116.8743,2019-08-03 19:12:00,3.0,H,"('KLRX', 'KRGX', 'KCBX', 'KMTX', 'KSFX')","['s3://unidata-nexrad-level2/2019/08/03/KLRX/KLRX20190803_190852_V06', 's3://unidata-nexrad-level2/2019/08/03/KRGX/KRGX20190803_190740_V06', 's3://unidata-nexrad-level2/2019/08/03/KCBX/KCBX20190803_190225_V06', 's3://unidata-nexrad-level2/2019/08/03/KMTX/KMTX20190803_191013_V06', 's3://unidata-nexrad-level2/2019/08/03/KSFX/KSFX20190803_190623_V06']"
T,C208,BWD UUA /OV BWD250008 /TM 0118 /FL040 /TP C208 /SK UNKN /WX LT RA TS /TB SEV /RM ZFW AWC-WEB:,SEV,,4000.0,31.748003620402,-99.10392312288388,2019-08-24 01:18:00,5.0,L,"('KDYX', 'KSJT', 'KFWS', 'KGRK', 'KEWX')","['s3://unidata-nexrad-level2/2019/08/24/KDYX/KDYX20190824_011621_V06', 's3://unidata-nexrad-level2/2019/08/24/KSJT/KSJT20190824_011740_V06', 's3://unidata-nexrad-level2/2019/08/24/KFWS/KFWS20190824_011713_V06', 's3://unidata-nexrad-level2/2019/08/24/KEWX/KEWX20190824_011319_V06']"
F,C310,UUA /OV CYML /TM 2000 /FL025 /TP C310 /TB MDT-SEV /RM TURB LOCALY SEV ENRTE SAGUENAY-CYML,MDT-SEV,,2500.0,47.5975,-70.2239,2019-08-23 20:00:00,5.0,L,"('KCBW', 'KGYX', 'KCXX', 'KBOX', 'KENX')","['s3://unidata-nexrad-level2/2019/08/23/KCBW/KCBW20190823_195416_V06', 's3://unidata-nexrad-level2/2019/08/23/KGYX/KGYX20190823_195812_V06', 's3://unidata-nexrad-level2/2019/08/23/KCXX/KCXX20190823_195713_V06', 's3://unidata-nexrad-level2/2019/08/23/KBOX/KBOX20190823_195748_V06', 's3://unidata-nexrad-level2/2019/08/23/KENX/KENX20190823_195915_V06']"
F,A330,UUA /OV 6631N06457W /TM 1315 /FL370 /TP A330 /TB MDT-SEV 340-380,MDT-SEV 340-380,,37000.0,66.5166,-64.95,2019-08-29 13:15:00,5.0,L,"('KCBW', 'KGYX', 'KCXX', 'KTYX', 'KBOX')","['s3://unidata-nexrad-level2/2019/08/29/KCBW/KCBW20190829_131353_V06', 's3://unidata-nexrad-level2/2019/08/29/KGYX/KGYX20190829_131433_V06', 's3://unidata-nexrad-level2/2019/08/29/KCXX/KCXX20190829_131358_V06', 's3://unidata-nexrad-level2/2019/08/29/KTYX/KTYX20190829_131222_V06', 's3://unidata-nexrad-level2/2019/08/29/KBOX/KBOX20190829_131327_V06']"
T,B737,IAH UUA /OV IAH180200 /TM 2000 /FL370 /TP B737 /TB SEV /RM FM ZHU AWC-WEB,SEV,,37000.0,26.650826666396668,-95.34144,2019-08-21 20:00:00,5.0,M,"('KBRO', 'KCRP', 'KHGX', 'KEWX', 'KLCH')","['s3://unidata-nexrad-level2/2019/08/21/KBRO/KBRO20190821_195708_V06', 's3://unidata-nexrad-level2/2019/08/21/KCRP/KCRP20190821_195735_V06', 's3://unidata-nexrad-level2/2019/08/21/KHGX/KHGX20190821_195818_V06', 's3://unidata-nexrad-level2/2019/08/21/KEWX/KEWX20190821_195623_V06', 's3://unidata-nexrad-level2/2019/08/21/KLCH/KLCH20190821_195514_V06']"
F,A321,TYS UA /OV VXV015020/TM 2259/FL310/TP A321/TB CONS LGT/RM ZTLFD,CONS LGT,,31000.0,36.22200135545308,-83.78348695320416,2019-08-15 22:59:00,1.0,M,"('KMRX', 'KJKL', 'KHTX', 'KGSP', 'KLVX')","['s3://unidata-nexrad-level2/2019/08/15/KMRX/KMRX20190815_225444_V06', 's3://unidata-nexrad-level2/2019/08/15/KJKL/KJKL20190815_225607_V06', 's3://unidata-nexrad-level2/2019/08/15/KHTX/KHTX20190815_225858_V06', 's3://unidata-nexrad-level2/2019/08/15/KGSP/KGSP20190815_225522_V06', 's3://unidata-nexrad-level2/2019/08/15/KLVX/KLVX20190815_225621_V06']"
T,B738,DNV UUA /OV DNV350005/TM 1618/FL290/TP B738/TB SEV 295,SEV 295,,29000.0,40.28177396021,-87.61446719142569,2019-08-20 16:18:00,5.0,M,"('KILX', 'KLOT', 'KIND', 'KVWX', 'KIWX')","['s3://unidata-nexrad-level2/2019/08/20/KILX/KILX20190820_161407_V06', 's3://unidata-nexrad-level2/2019/08/20/KLOT/KLOT20190820_161559_V06', 's3://unidata-nexrad-level2/2019/08/20/KIND/KIND20190820_161514_V06', 's3://unidata-nexrad-level2/2019/08/20/KVWX/KVWX20190820_161518_V06', 's3://unidata-nexrad-level2/2019/08/20/KIWX/KIWX20190820_161731_V06']"
F,BE9L,AHN UA /OV AHN360010/TM 1147/FL107/TP BE9L/WX +RA/TB NEG/RM ZTLFD,NEG,,10700.0,34.115280166680165,-83.32635,2019-08-05 11:47:00,0.0,L,"('KGSP', 'KFFC', 'KJGX', 'KCAE', 'KMRX')","['s3://unidata-nexrad-level2/2019/08/05/KGSP/KGSP20190805_114556_V06', 's3://unidata-nexrad-level2/2019/08/05/KFFC/KFFC20190805_114358_V06', 's3://unidata-nexrad-level2/2019/08/05/KJGX/KJGX20190805_114455_V06', 's3://unidata-nexrad-level2/2019/08/05/KCAE/KCAE20190805_114435_V06', 's3://unidata-nexrad-level2/2019/08/05/KMRX/KMRX20190805_114445_V06']"
F,B767,MBG UA /OV DPR360030/TM 1158/FL380/TP B767/TB CONS LGT OCNL MOD,CONS LGT OCNL MOD,,38000.0,45.5800405000405,-101.72,2019-08-16 11:58:00,2.0,H,"('KBIS', 'KUDX', 'KABR', 'KMBX', 'KMVX')","['s3://unidata-nexrad-level2/2019/08/16/KBIS/KBIS20190816_115028_V06', 's3://unidata-nexrad-level2/2019/08/16/KUDX/KUDX20190816_115527_V06', 's3://unidata-nexrad-level2/2019/08/16/KABR/KABR20190816_115125_V06', 's3://unidata-nexrad-level2/2019/08/16/KMBX/KMBX20190816_115553_V06', 's3://unidata-nexrad-level2/2019/08/16/KMVX/KMVX20190816_115504_V06']"
T,COL3,ABQ UUA /OV ACH/TM 2146/FL095/TP COL3/SK BASE120/WX MOD RA/TB SEV/RM CONT LTGCG ZAB/FDCS,SEV,,9500.0,35.11,-105.04,2019-08-30 21:46:00,5.0,L,"('KFDX', 'KABX', 'KHDX', 'KAMA', 'KPUX')","['s3://unidata-nexrad-level2/2019/08/30/KFDX/KFDX20190830_214055_V06', 's3://unidata-nexrad-level2/2019/08/30/KABX/KABX20190830_214547_V06', 's3://unidata-nexrad-level2/2019/08/30/KHDX/KHDX20190830_214227_V06', 's3://unidata-nexrad-level2/2019/08/30/KAMA/KAMA20190830_214341_V06', 's3://unidata-nexrad-level2/2019/08/30/KPUX/KPUX20190830_214053_V06']"
F,B738,CHS UA /OV CHS250040/TM 2314/FL370/TP B738/TB LGT CHOP,LGT CHOP,,37000.0,32.670568102010016,-80.78667408887065,2019-08-04 23:14:00,1.0,M,"('KCLX', 'KCAE', 'KJAX', 'KLTX', 'KJGX')","['s3://unidata-nexrad-level2/2019/08/04/KCLX/KCLX20190804_231258_V06', 's3://unidata-nexrad-level2/2019/08/04/KCAE/KCAE20190804_231015_V06', 's3://unidata-nexrad-level2/2019/08/04/KJAX/KJAX20190804_231326_V06', 's3://unidata-nexrad-level2/2019/08/04/KLTX/KLTX20190804_230857_V06', 's3://unidata-nexrad-level2/2019/08/04/KJGX/KJGX20190804_231002_V06']"
T,CRJ2,SDF UUA /OV IIU3346028/TM 2326/FL290/TP CRJ2/TB SEV/RM 30 SECONDS,SEV,,29000.0,38.17439,-85.736,2019-08-06 23:26:00,5.0,M,"('KLVX', 'KVWX', 'KIND', 'KHPX', 'KILN')","['s3://unidata-nexrad-level2/2019/08/06/KLVX/KLVX20190806_232506_V06', 's3://unidata-nexrad-level2/2019/08/06/KVWX/KVWX20190806_232407_V06', 's3://unidata-nexrad-level2/2019/08/06/KIND/KIND20190806_232523_V06', 's3://unidata-nexrad-level2/2019/08/06/KHPX/KHPX20190806_232423_V06', 's3://unidata-nexrad-level2/2019/08/06/KILN/KILN20190806_232213_V06']"
F,A320,HSI UA /OV HSI/TM 0628/FL380/TP A320/TB CONS LGT-MOD,CONS LGT-MOD,,38000.0,40.60525,-98.42789,2019-08-25 06:28:00,2.0,M,"('KUEX', 'KOAX', 'KTWX', 'KLNX', 'KICT')","['s3://unidata-nexrad-level2/2019/08/25/KUEX/KUEX20190825_062310_V06', 's3://unidata-nexrad-level2/2019/08/25/KOAX/KOAX20190825_062758_V06', 's3://unidata-nexrad-level2/2019/08/25/KTWX/KTWX20190825_062301_V06', 's3://unidata-nexrad-level2/2019/08/25/KLNX/KLNX20190825_062517_V06', 's3://unidata-nexrad-level2/2019/08/25/KICT/KICT20190825_062308_V06']"
F,E170,UUA /OV YXU 315025 /TM 0139 /FL350 /TP E170 /TB SEV,SEV,,35000.0,43.29465169037213,-81.55288534770493,2019-08-19 01:39:00,5.0,U,"('KDTX', 'KCLE', 'KBUF', 'KPBZ', 'KGRR')","['s3://unidata-nexrad-level2/2019/08/19/KDTX/KDTX20190819_013429_V06', 's3://unidata-nexrad-level2/2019/08/19/KCLE/KCLE20190819_013626_V06', 's3://unidata-nexrad-level2/2019/08/19/KBUF/KBUF20190819_013747_V06', 's3://unidata-nexrad-level2/2019/08/19/KPBZ/KPBZ20190819_013859_V06', 's3://unidata-nexrad-level2/2019/08/19/KGRR/KGRR20190819_013529_V06']"
T,C550,BZN UUA /OV BZN180016/TM 1844/FL130/TP C550/TB SEV TB,SEV TB,,13000.0,45.52137173331173,-111.16083,2019-08-25 18:44:00,5.0,L,"('KBLX', 'KTFX', 'KMSX', 'KSFX', 'KRIW')","['s3://unidata-nexrad-level2/2019/08/25/KBLX/KBLX20190825_181956_V06', 's3://unidata-nexrad-level2/2019/08/25/KTFX/KTFX20190825_184047_V06', 's3://unidata-nexrad-level2/2019/08/25/KMSX/KMSX20190825_183938_V06', 's3://unidata-nexrad-level2/2019/08/25/KSFX/KSFX20190825_184314_V06', 's3://unidata-nexrad-level2/2019/08/25/KRIW/KRIW20190825_183927_V06']"
T,B772,HNL UUA /OV 2412N 16320W/TM 2150/FL350/TP B772/TA M44/WV 205065KT/TB SEV/RM ZOA CWSU,SEV,,35000.0,24.2,-163.3333,2019-08-05 21:50:00,5.0,H,"('PHKI', 'PHMO', 'PHKM', 'PHWA', 'PAKC')","['s3://unidata-nexrad-level2/2019/08/05/PHKI/PHKI20190805_214652_V06', 's3://unidata-nexrad-level2/2019/08/05/PHMO/PHMO20190805_214821_V06', 's3://unidata-nexrad-level2/2019/08/05/PHKM/PHKM20190805_214838_V06', 's3://unidata-nexrad-level2/2019/08/05/PHWA/PHWA20190805_214922_V06', 's3://unidata-nexrad-level2/2019/08/05/PAKC/PAKC20190805_214830_V06']"
F,PC12,BJC UA /OV BJC 3S/TM 2025/FL070/TP PC12/TB SEV,SEV,,7000.0,39.90881,-105.11719,2019-08-22 20:25:00,5.0,L,"('KFTG', 'KCYS', 'KPUX', 'KGJX', 'KGLD')","['s3://unidata-nexrad-level2/2019/08/22/KFTG/KFTG20190822_201954_V06', 's3://unidata-nexrad-level2/2019/08/22/KCYS/KCYS20190822_202316_V06', 's3://unidata-nexrad-level2/2019/08/22/KPUX/KPUX20190822_202428_V06', 's3://unidata-nexrad-level2/2019/08/22/KGJX/KGJX20190822_202438_V06', 's3://unidata-nexrad-level2/2019/08/22/KGLD/KGLD20190822_202032_V06']"
F,A319,GNV UA /OV GNV275020/TM 2115/FL310/TP A319/TB OCNL LGT CHOP,OCNL LGT CHOP,,31000.0,29.720754267456627,-82.65830449784978,2019-08-15 21:15:00,1.0,M,"('KVAX', 'KJAX', 'KTBW', 'KTLH', 'KMLB')","['s3://unidata-nexrad-level2/2019/08/15/KVAX/KVAX20190815_211213_V06', 's3://unidata-nexrad-level2/2019/08/15/KJAX/KJAX20190815_211333_V06', 's3://unidata-nexrad-level2/2019/08/15/KTBW/KTBW20190815_211242_V06', 's3://unidata-nexrad-level2/2019/08/15/KTLH/KTLH20190815_211355_V06', 's3://unidata-nexrad-level2/2019/08/15/KMLB/KMLB20190815_211243_V06']"
T,C208,BWD UUA /OV BWD250008 /TM 0118 /FL040 /TP C208 /SK UNKN /WX LT RA TS /TB SEV /RM ZFW AWC-WEB,SEV,,4000.0,31.748003620402,-99.10392312288388,2019-08-24 01:18:00,5.0,L,"('KDYX', 'KSJT', 'KFWS', 'KGRK', 'KEWX')","['s3://unidata-nexrad-level2/2019/08/24/KDYX/KDYX20190824_011621_V06', 's3://unidata-nexrad-level2/2019/08/24/KSJT/KSJT20190824_011740_V06', 's3://unidata-nexrad-level2/2019/08/24/KFWS/KFWS20190824_011713_V06', 's3://unidata-nexrad-level2/2019/08/24/KEWX/KEWX20190824_011319_V06']"
