URGENT,AIRCRAFT,REPORT,TURBULENCE,PRODUCT_ID,FL,LAT,LON,datetime,turbulence_intensity,Plane Weight,nexrad_sites,aws_files
F,B737,CHS UA /OV CHS 010020/TM 1158/FL380/TP B737/TB MOD/RM ZJX,MOD,,38000.0,33.226895840839994,-79.97155630081126,2010-03-07 11:58:00,3.0,M,"('KCAE', 'KCLX', 'KLTX', 'KRAX', 'KGSP')","['s3://unidata-nexrad-level2/2010/03/07/KCAE/KCAE20100307_115410_V03.gz', 's3://unidata-nexrad-level2/2010/03/07/KCLX/KCLX20100307_115130_V03.gz', 's3://unidata-nexrad-level2/2010/03/07/KLTX/KLTX20100307_114821_V03.gz', 's3://unidata-nexrad-level2/2010/03/07/KRAX/KRAX20100307_115310_V03.gz', 's3://unidata-nexrad-level2/2010/03/07/KGSP/KGSP20100307_115409_V03.gz']"
F,B752,MOP UA /OV MOP330030/TM 1710/FL300/TP B752/TB CONT LGT OCNL MOD CHOP,CONT LGT OCNL MOD CHOP,,30000.0,44.05471777595615,-85.08259429963314,2010-03-27 17:10:00,2.0,M,"('KAPX', 'KGRR', 'KGRB', 'KDTX', 'KIWX')","['s3://unidata-nexrad-level2/2010/03/27/KAPX/KAPX20100327_170804_V03.gz', 's3://unidata-nexrad-level2/2010/03/27/KGRR/KGRR20100327_170626_V04.gz', 's3://unidata-nexrad-level2/2010/03/27/KGRB/KGRB20100327_170941_V03.gz', 's3://unidata-nexrad-level2/2010/03/27/KDTX/KDTX20100327_170830_V03.gz', 's3://unidata-nexrad-level2/2010/03/27/KIWX/KIWX20100327_170414_V03.gz']"
F,B738,LCH UA /OV LCH180010/TM 2337/FL270/TP B738/TB MOD CHOP/RM AWC-WEB:KZHU,MOD CHOP,,27000.0,29.95882068331984,-93.2277037,2010-03-16 23:37:00,3.0,M,"('KPOE', 'KLCH', 'KHGX', 'KHDC', 'KSHV')","['s3://unidata-nexrad-level2/2010/03/16/KLCH/KLCH20100316_233505_V03.gz', 's3://unidata-nexrad-level2/2010/03/16/KHGX/KHGX20100316_233454_V03.gz', 's3://unidata-nexrad-level2/2010/03/16/KSHV/KSHV20100316_233512_V03.gz']"
T,B757,ACY UUA /OV SIE/TM 0010/FL240/TP B757/TB SEV,SEV,201003300020-KWBC-UBNJ91-PIREP,24000.0,39.1,-74.8,2010-03-30 00:10:00,5.0,M,"('KDOX', 'KDIX', 'KLWX', 'KOKX', 'KAKQ')","['s3://unidata-nexrad-level2/2010/03/30/KDOX/KDOX20100330_000616_V04.gz', 's3://unidata-nexrad-level2/2010/03/30/KDIX/KDIX20100330_000522_V03.gz', 's3://unidata-nexrad-level2/2010/03/30/KLWX/KLWX20100330_000514_V03.gz', 's3://unidata-nexrad-level2/2010/03/30/KOKX/KOKX20100330_000921_V03.gz', 's3://unidata-nexrad-level2/2010/03/30/KAKQ/KAKQ20100330_000751_V03.gz']"
T,PA24,PSX UUA /OV PSX030030/TM 1917/FL080/TP PA24/TB SEV/RM AWC-WEB:KZHU,SEV,201003091930-KWBC-UBTX90-PIREP,8000.0,29.19304777595615,-96.024798032063,2010-03-09 19:17:00,5.0,L,"('KHGX', 'KEWX', 'KCRP', 'KGRK', 'KLCH')","['s3://unidata-nexrad-level2/2010/03/09/KHGX/KHGX20100309_191420_V03.gz', 's3://unidata-nexrad-level2/2010/03/09/KEWX/KEWX20100309_191344_V03.gz', 's3://unidata-nexrad-level2/2010/03/09/KCRP/KCRP20100309_191325_V03.gz', 's3://unidata-nexrad-level2/2010/03/09/KGRK/KGRK20100309_191355_V03.gz', 's3://unidata-nexrad-level2/2010/03/09/KLCH/KLCH20100309_191547_V03.gz']"
F,C172,29G UA /OV ACO /TM 1955 /FL030 /TP C172 /TB CONT LGT CHOP,CONT LGT CHOP,201003262000-KMSC-UBUS01-PIREP,3000.0,41.11,-81.2,2010-03-26 19:55:00,1.0,L,"('KCLE', 'KPBZ', 'KDTX', 'KBUF', 'KRLX')","['s3://unidata-nexrad-level2/2010/03/26/KCLE/KCLE20100326_195030_V03.gz', 's3://unidata-nexrad-level2/2010/03/26/KPBZ/KPBZ20100326_194616_V03.gz', 's3://unidata-nexrad-level2/2010/03/26/KBUF/KBUF20100326_194554_V03.gz', 's3://unidata-nexrad-level2/2010/03/26/KRLX/KRLX20100326_195258_V04.gz']"
F,B737,SNS UA /OV PXN245020/TM 0351/FL390/TP B737/TB LGT-MDT CHOP/RM AWC-WEB:KZOA,LGT-MDT CHOP,201003100405-KWBC-UBCA90-PIREP,39000.0,36.57911583538196,-121.1569205465246,2010-03-10 03:51:00,1.0,M,"('KMUX', 'KHNX', 'KVBX', 'KDAX', 'KVTX')","['s3://unidata-nexrad-level2/2010/03/10/KMUX/KMUX20100310_034630_V03.gz', 's3://unidata-nexrad-level2/2010/03/10/KHNX/KHNX20100310_034200_V03.gz', 's3://unidata-nexrad-level2/2010/03/10/KDAX/KDAX20100310_034845_V03.gz', 's3://unidata-nexrad-level2/2010/03/10/KVTX/KVTX20100310_034741_V03.gz']"
F,F2TH,ORL UA /OV ORL060080/TM 2255/FL350/TP F2TH/TB MOD/RM CWSU ZMA,MOD,201003112325-KWBC-UBFL90-PIREP,35000.0,29.206720666720667,-80.0254691037072,2010-03-11 22:55:00,3.0,M,"('KMLB', 'KJAX', 'KTBW', 'KVAX', 'KCLX')","['s3://unidata-nexrad-level2/2010/03/11/KMLB/KMLB20100311_225206_V03.gz', 's3://unidata-nexrad-level2/2010/03/11/KJAX/KJAX20100311_225208_V03.gz', 's3://unidata-nexrad-level2/2010/03/11/KTBW/KTBW20100311_225042_V03.gz', 's3://unidata-nexrad-level2/2010/03/11/KCLX/KCLX20100311_225125_V03.gz']"
F,E145,ALI UA /OV THX/TM 1847/FL290/TP E145/TB MOD CHOP/RM AWC-WEB:KZHU,MOD CHOP,,29000.0,28.51,-98.15,2010-03-13 18:47:00,3.0,M,"('KCRP', 'KEWX', 'KDFX', 'KGRK', 'KBRO')","['s3://unidata-nexrad-level2/2010/03/13/KCRP/KCRP20100313_184246_V03.gz', 's3://unidata-nexrad-level2/2010/03/13/KEWX/KEWX20100313_183835_V03.gz', 's3://unidata-nexrad-level2/2010/03/13/KDFX/KDFX20100313_184315_V04.gz', 's3://unidata-nexrad-level2/2010/03/13/KGRK/KGRK20100313_184203_V03.gz', 's3://unidata-nexrad-level2/2010/03/13/KBRO/KBRO20100313_184303_V03.gz']"
T,C560,EGE UUA /OV DBL315015 /TM 1805 /FL160 /TP C560 /TB SEV,SEV,201003141815-KWBC-UBCO91-PIREP,16000.0,39.61679101422328,-107.11891783496668,2010-03-14 18:05:00,5.0,M,"('KGJX', 'KFTG', 'KCYS', 'KPUX', 'KRIW')","['s3://unidata-nexrad-level2/2010/03/14/KGJX/KGJX20100314_180445_V03.gz', 's3://unidata-nexrad-level2/2010/03/14/KFTG/KFTG20100314_175637_V03.gz', 's3://unidata-nexrad-level2/2010/03/14/KCYS/KCYS20100314_180319_V03.gz', 's3://unidata-nexrad-level2/2010/03/14/KPUX/KPUX20100314_180358_V03.gz', 's3://unidata-nexrad-level2/2010/03/14/KRIW/KRIW20100314_180259_V03.gz']"
F,E145,PBF UA /OV MON/TM 1740/FL360/TP E145/TB CONT MOD/RM ZME,CONT MOD,201003051800-KMSC-UBUS01-PIREP,36000.0,33.56,-91.72,2010-03-05 17:40:00,3.0,M,"('KLZK', 'KDGX', 'KNQA', 'KPOE', 'KSHV')","['s3://unidata-nexrad-level2/2010/03/05/KLZK/KLZK20100305_173650_V03.gz', 's3://unidata-nexrad-level2/2010/03/05/KDGX/KDGX20100305_173021_V03.gz', 's3://unidata-nexrad-level2/2010/03/05/KNQA/KNQA20100305_173945_V03.gz', 's3://unidata-nexrad-level2/2010/03/05/KSHV/KSHV20100305_173930_V03.gz']"
T,CRJ9,CVG UUA /OV CVG270020/TM 2100/FL350/TP CRJ9/TB SEV,SEV,,35000.0,39.04306,-85.10088593302176,2010-03-14 21:00:00,5.0,U,"('KILN', 'KIND', 'KLVX', 'KVWX', 'KJKL')","['s3://unidata-nexrad-level2/2010/03/14/KILN/KILN20100314_205219_V03.gz', 's3://unidata-nexrad-level2/2010/03/14/KIND/KIND20100314_205640_V03.gz', 's3://unidata-nexrad-level2/2010/03/14/KLVX/KLVX20100314_205940_V03.gz', 's3://unidata-nexrad-level2/2010/03/14/KVWX/KVWX20100314_205629_V03.gz', 's3://unidata-nexrad-level2/2010/03/14/KJKL/KJKL20100314_205639_V03.gz']"
T,B747,PASY UUA /OV SYA350160/TM 0025/FL360/TP B747/TB SEV/RM LGT AT FL340/CWSU ZAN,SEV,,36000.0,55.33636672671992,173.34561994632924,2010-03-17 00:25:00,5.0,H,"('RKSG', 'RKJK', 'PGUA', 'RODN', 'LPLA')",['s3://unidata-nexrad-level2/2010/03/17/RKSG/RKSG20100317_001711_V04.gz']
T,M20P,MHV UUA /OV MHV025005-MHV225005 /TM 2006 /FL055 /TP M20P /TB SEV,SEV,,5500.0,35.1345317665034,-118.10897200048107,2010-03-10 20:06:00,5.0,L,"('KEYX', 'KVTX', 'KSOX', 'KHNX', 'KVBX')","['s3://unidata-nexrad-level2/2010/03/10/KVTX/KVTX20100310_200045_V03.gz', 's3://unidata-nexrad-level2/2010/03/10/KSOX/KSOX20100310_195937_V03.gz', 's3://unidata-nexrad-level2/2010/03/10/KHNX/KHNX20100310_195556_V03.gz']"
F,PP31,RSW UA /OV LBV120030/TM 1309/FL040/TP PP31/TB SEV/RM CWSU ZMA,SEV,201003121350-KWBC-UBFL90-PIREP,4000.0,26.57997974997975,-80.9047106385004,2010-03-12 13:09:00,5.0,U,"('KAMX', 'KAMX', 'KMLB', 'KTBW', 'KBYX')","['s3://unidata-nexrad-level2/2010/03/12/KAMX/KAMX20100312_130450_V03.gz', 's3://unidata-nexrad-level2/2010/03/12/KAMX/KAMX20100312_130450_V03.gz', 's3://unidata-nexrad-level2/2010/03/12/KMLB/KMLB20100312_130543_V03.gz', 's3://unidata-nexrad-level2/2010/03/12/KTBW/KTBW20100312_130754_V03.gz', 's3://unidata-nexrad-level2/2010/03/12/KBYX/KBYX20100312_130731_V03.gz']"
T,C750,VGT UUA /OV LAS315015/TM 2015/FL080/TP C750/TB SEV SFC-080/RM CORTURB ALT. ZLA CWSU,SEV SFC-080,,8000.0,36.24869101422328,-115.38212530246165,2010-03-31 20:15:00,5.0,M,"('KESX', 'KEYX', 'KICX', 'KSOX', 'KNKX')","['s3://unidata-nexrad-level2/2010/03/31/KESX/KESX20100331_201455_V03.gz', 's3://unidata-nexrad-level2/2010/03/31/KICX/KICX20100331_201455_V03.gz', 's3://unidata-nexrad-level2/2010/03/31/KSOX/KSOX20100331_201039_V03.gz', 's3://unidata-nexrad-level2/2010/03/31/KNKX/KNKX20100331_201303_V03.gz']"
F,A320,DTW UA /OV DTW045010 /TM 2159 /FL100 /TP A320 /TB LGT-MOD,LGT-MOD,,10000.0,42.34786067614885,-83.1708262094407,2010-03-22 21:59:00,2.0,M,"('KDTX', 'KCLE', 'KGRR', 'KIWX', 'KAPX')","['s3://unidata-nexrad-level2/2010/03/22/KDTX/KDTX20100322_215441_V03.gz', 's3://unidata-nexrad-level2/2010/03/22/KCLE/KCLE20100322_215816_V03.gz', 's3://unidata-nexrad-level2/2010/03/22/KGRR/KGRR20100322_215442_V04.gz', 's3://unidata-nexrad-level2/2010/03/22/KIWX/KIWX20100322_215415_V03.gz', 's3://unidata-nexrad-level2/2010/03/22/KAPX/KAPX20100322_215351_V03.gz']"
T,CRJ2,UKT UUA /OV ABE135010 /TM 1715 /FL030 /TP CRJ2 /TB SEV /RM LLWS +/-20KTS DURD RY6 ABE,SEV,,3000.0,40.53296932385115,-75.29382314496256,2010-03-13 17:15:00,5.0,M,"('KDIX', 'KDOX', 'KBGM', 'KOKX', 'KENX')","['s3://unidata-nexrad-level2/2010/03/13/KDIX/KDIX20100313_171220_V03.gz', 's3://unidata-nexrad-level2/2010/03/13/KDOX/KDOX20100313_171255_V04.gz', 's3://unidata-nexrad-level2/2010/03/13/KBGM/KBGM20100313_171354_V03.gz', 's3://unidata-nexrad-level2/2010/03/13/KOKX/KOKX20100313_171340_V03.gz', 's3://unidata-nexrad-level2/2010/03/13/KENX/KENX20100313_171006_V03.gz']"
T,BE20,AKW UUA /OV AKW/TM 1320/FL070/TP BE20/TA M08/TB SEV-EXTRM 060-030/IC MOD RIME 070-030/RM DURD,SEV-EXTRM 060-030,201003091300-KMSC-UBUS01-PIREP,7000.0,55.57,-133.08,2010-03-09 13:20:00,6.0,M,"('PACG', 'KLGX', 'KATX', 'PAIH', 'PAIH')",['s3://unidata-nexrad-level2/2010/03/09/KATX/KATX20100309_131840_V03.gz']
T,BE36,PGD UUA /OV PGD070025 /TM 1404 /FL040 /TP BE36 /WX RA /TB EXTRM /RM LOSS OF +/-300 FEET BTWN 040 AND 020,EXTRM,,4000.0,27.059739936243744,-81.55224319219118,2010-03-02 14:04:00,7.0,L,"('KTBW', 'KMLB', 'KAMX', 'KAMX', 'KBYX')","['s3://unidata-nexrad-level2/2010/03/02/KTBW/KTBW20100302_135948_V03.gz', 's3://unidata-nexrad-level2/2010/03/02/KMLB/KMLB20100302_140246_V03.gz', 's3://unidata-nexrad-level2/2010/03/02/KAMX/KAMX20100302_140222_V03.gz', 's3://unidata-nexrad-level2/2010/03/02/KAMX/KAMX20100302_140222_V03.gz', 's3://unidata-nexrad-level2/2010/03/02/KBYX/KBYX20100302_135954_V03.gz']"
T,B738,OGG UUA /OV OGG180010 /TM 0659 /FL040 /TP B738 /TB MOD SEV 030-040,MOD SEV 030-040,,4000.0,20.723319833319835,-156.43,2010-03-31 06:59:00,4.0,M,"('PHMO', 'PHKM', 'PHWA', 'PHKI', 'KBHX')","['s3://unidata-nexrad-level2/2010/03/31/PHMO/PHMO20100331_065345_V04.gz', 's3://unidata-nexrad-level2/2010/03/31/PHKM/PHKM20100331_065348_V04.gz', 's3://unidata-nexrad-level2/2010/03/31/PHWA/PHWA20100331_065328_V04.gz', 's3://unidata-nexrad-level2/2010/03/31/PHKI/PHKI20100331_065852_V04.gz', 's3://unidata-nexrad-level2/2010/03/31/KBHX/KBHX20100331_065658_V03.gz']"
F,B738,4BK UA /OV FOT270638/TM 1827/FL360/TP B738/SK OVC/TA M51/WV 21587KT/TB OCNL LGT CHOP 360/RM SEA-HNL AT ZAGER AWC-WEB:ASA,OCNL LGT CHOP 360,,36000.0,40.5539,-138.1288426700204,2010-03-15 18:27:00,1.0,M,"('KBHX', 'KLGX', 'KMAX', 'KRTX', 'PACG')","['s3://unidata-nexrad-level2/2010/03/15/KBHX/KBHX20100315_182639_V03.gz', 's3://unidata-nexrad-level2/2010/03/15/KMAX/KMAX20100315_182020_V03.gz', 's3://unidata-nexrad-level2/2010/03/15/KRTX/KRTX20100315_182215_V03.gz']"
T,B737,GLS UUA /OV VUH090035/TM 2304/FL310/TP B737/TB SEV/RM NO DMG OR INJ AWC-WEB:KZHU,SEV,,31000.0,29.27,-94.20123512383373,2010-03-08 23:04:00,5.0,M,"('KHGX', 'KLCH', 'KPOE', 'KGRK', 'KSHV')","['s3://unidata-nexrad-level2/2010/03/08/KHGX/KHGX20100308_225853_V03.gz', 's3://unidata-nexrad-level2/2010/03/08/KLCH/KLCH20100308_230233_V03.gz', 's3://unidata-nexrad-level2/2010/03/08/KGRK/KGRK20100308_230025_V03.gz', 's3://unidata-nexrad-level2/2010/03/08/KSHV/KSHV20100308_225953_V03.gz']"
F,C172,MYL UA /OV DNJ340020 /TM 2351 /FL085 /TP C172 /SK FEW085/BKN150 /TA 00 /TB NEG /RM 1/2 WAY BTN SQUAW BUTTE/S80,NEG,,8500.0,45.08325624532144,-116.37059950934702,2010-03-06 23:51:00,0.0,L,"('KCBX', 'KPDT', 'KMSX', 'KOTX', 'KSFX')","['s3://unidata-nexrad-level2/2010/03/06/KCBX/KCBX20100306_234819_V03.gz', 's3://unidata-nexrad-level2/2010/03/06/KPDT/KPDT20100306_234708_V03.gz', 's3://unidata-nexrad-level2/2010/03/06/KMSX/KMSX20100306_234303_V04.gz', 's3://unidata-nexrad-level2/2010/03/06/KOTX/KOTX20100306_234756_V03.gz', 's3://unidata-nexrad-level2/2010/03/06/KSFX/KSFX20100306_234632_V03.gz']"
F,DH8C,MTV UA /OV GSO360030 /TM 1158 /FL100 /TP DH8C /TB LGT-MOD CHOP,LGT-MOD CHOP,,10000.0,36.597540500040495,-79.94361,2010-03-29 11:58:00,2.0,M,"('KFCX', 'KRAX', 'KRLX', 'KGSP', 'KCAE')","['s3://unidata-nexrad-level2/2010/03/29/KFCX/KFCX20100329_115744_V03.gz', 's3://unidata-nexrad-level2/2010/03/29/KRAX/KRAX20100329_115620_V03.gz', 's3://unidata-nexrad-level2/2010/03/29/KRLX/KRLX20100329_115501_V04.gz', 's3://unidata-nexrad-level2/2010/03/29/KGSP/KGSP20100329_115705_V03.gz', 's3://unidata-nexrad-level2/2010/03/29/KCAE/KCAE20100329_115448_V03.gz']"
F,B737,MLB UA /OV MLB037150/TM 1433/FL380/TP B737/TB MOD/RM CWSU ZMA,MOD,201003121445-KWBC-UBFL90-PIREP,38000.0,30.10675049897074,-78.93412328137951,2010-03-12 14:33:00,3.0,M,"('KJAX', 'KMLB', 'KCLX', 'KVAX', 'KLTX')","['s3://unidata-nexrad-level2/2010/03/12/KJAX/KJAX20100312_142845_V03.gz', 's3://unidata-nexrad-level2/2010/03/12/KMLB/KMLB20100312_143129_V03.gz', 's3://unidata-nexrad-level2/2010/03/12/KCLX/KCLX20100312_142424_V03.gz', 's3://unidata-nexrad-level2/2010/03/12/KLTX/KLTX20100312_143045_V03.gz']"
F,C172,SNA UA /OV SNA135010 /TM 2059 /FL028 /TP C172 /SK FEW-SCT035-TOP040 /WX FV99SM /TA 06 /TB OCNL LGT CHOP,OCNL LGT CHOP,201003042100-KMSC-UBUS01-PIREP,2800.0,33.56213932385115,-117.72836568525794,2010-03-04 20:59:00,1.0,L,"('KSOX', 'KNKX', 'KVTX', 'KEYX', 'KVBX')","['s3://unidata-nexrad-level2/2010/03/04/KSOX/KSOX20100304_205157_V03.gz', 's3://unidata-nexrad-level2/2010/03/04/KNKX/KNKX20100304_205202_V03.gz', 's3://unidata-nexrad-level2/2010/03/04/KVTX/KVTX20100304_205140_V03.gz']"
F,B737,BHM UA /OV VUZ225030/TM 0037/FL290/TP B737/TB MOD 290-350/RM ZTL CWSU,MOD 290-350,201003080045-KWBC-UBAL90-PIREP,29000.0,33.31641797155345,-87.32485353556146,2010-03-08 00:37:00,3.0,M,"('KBMX', 'KGWX', 'KHTX', 'KMXX', 'KFFC')","['s3://unidata-nexrad-level2/2010/03/08/KBMX/KBMX20100308_003212_V03.gz', 's3://unidata-nexrad-level2/2010/03/08/KGWX/KGWX20100308_002808_V04.gz', 's3://unidata-nexrad-level2/2010/03/08/KHTX/KHTX20100308_002908_V03.gz', 's3://unidata-nexrad-level2/2010/03/08/KFFC/KFFC20100308_002945_V03.gz']"
T,E145,EVV UUA /OV PXV210020/TM 2003/FL290/TP E145/TB SEV 280-290/RM SW PXV,SEV 280-290,201003252000-KMSC-UBUS01-PIREP,29000.0,37.6413014826959,-87.97131861742434,2010-03-25 20:03:00,5.0,M,"('KPAH', 'KHPX', 'KVWX', 'KLVX', 'KOHX')","['s3://unidata-nexrad-level2/2010/03/25/KPAH/KPAH20100325_200111_V03.gz', 's3://unidata-nexrad-level2/2010/03/25/KVWX/KVWX20100325_200124_V03.gz', 's3://unidata-nexrad-level2/2010/03/25/KLVX/KLVX20100325_195749_V03.gz', 's3://unidata-nexrad-level2/2010/03/25/KOHX/KOHX20100325_200000_V03.gz']"
T,C525,APA UUA /OV APA235015 /TM 1917 /FL170 /TP C525 /TB SEV 150/ SEV 170,SEV 150,,17000.0,39.42659427597778,-105.11568777945388,2010-03-30 19:17:00,5.0,L,"('KFTG', 'KPUX', 'KCYS', 'KGJX', 'KGLD')","['s3://unidata-nexrad-level2/2010/03/30/KFTG/KFTG20100330_190754_V03.gz', 's3://unidata-nexrad-level2/2010/03/30/KPUX/KPUX20100330_191531_V03.gz', 's3://unidata-nexrad-level2/2010/03/30/KCYS/KCYS20100330_190857_V03.gz', 's3://unidata-nexrad-level2/2010/03/30/KGJX/KGJX20100330_190908_V03.gz', 's3://unidata-nexrad-level2/2010/03/30/KGLD/KGLD20100330_191657_V03.gz']"
T,B737,PBI UUA /OV FLL030050 /TM 1124 /FL230 /TP B737 /TB SEV 230-250 /RM ZMA,SEV 230-250,,23000.0,26.79174629326025,-79.68610153485592,2010-03-29 11:24:00,5.0,M,"('KAMX', 'KAMX', 'KMLB', 'KTBW', 'KBYX')","['s3://unidata-nexrad-level2/2010/03/29/KAMX/KAMX20100329_112055_V03.gz', 's3://unidata-nexrad-level2/2010/03/29/KAMX/KAMX20100329_112055_V03.gz', 's3://unidata-nexrad-level2/2010/03/29/KMLB/KMLB20100329_112119_V03.gz', 's3://unidata-nexrad-level2/2010/03/29/KTBW/KTBW20100329_111903_V03.gz', 's3://unidata-nexrad-level2/2010/03/29/KBYX/KBYX20100329_112231_V03.gz']"
F,B738,GSP UA /OV SPA140010/TM 1800/FL390/TP B738/TB MOD/RM CWSU ZTL,MOD,,39000.0,34.78803778453651,-81.82584070808832,2010-03-01 18:00:00,3.0,M,"('KGSP', 'KCAE', 'KMRX', 'KJGX', 'KCLX')","['s3://unidata-nexrad-level2/2010/03/01/KGSP/KGSP20100301_175759_V03.gz', 's3://unidata-nexrad-level2/2010/03/01/KCAE/KCAE20100301_175838_V03.gz', 's3://unidata-nexrad-level2/2010/03/01/KMRX/KMRX20100301_175324_V03.gz', 's3://unidata-nexrad-level2/2010/03/01/KJGX/KJGX20100301_175610_V04.gz', 's3://unidata-nexrad-level2/2010/03/01/KCLX/KCLX20100301_175232_V03.gz']"
F,C82R,UA /OV YHU 090015 /TM 2309 /FL055 /TP C82R /TB OCNL SEV,OCNL SEV,,5500.0,45.5166666667,-73.05985259140145,2010-03-25 23:09:00,5.0,L,"('KCXX', 'KTYX', 'KGYX', 'KENX', 'KBOX')","['s3://unidata-nexrad-level2/2010/03/25/KCXX/KCXX20100325_230828_V03.gz', 's3://unidata-nexrad-level2/2010/03/25/KTYX/KTYX20100325_230744_V04.gz', 's3://unidata-nexrad-level2/2010/03/25/KGYX/KGYX20100325_230412_V03.gz', 's3://unidata-nexrad-level2/2010/03/25/KENX/KENX20100325_230450_V03.gz', 's3://unidata-nexrad-level2/2010/03/25/KBOX/KBOX20100325_230417_V03.gz']"
T,P180,RSW UUA /OV PHK260015/TM 0035/FL120/TP P180/TB SEV/RM CWSU ZMA,SEV,,12000.0,26.736584439204155,-80.96580371871127,2010-03-12 00:35:00,5.0,L,"('KAMX', 'KAMX', 'KMLB', 'KTBW', 'KBYX')","['s3://unidata-nexrad-level2/2010/03/12/KAMX/KAMX20100312_003037_V03.gz', 's3://unidata-nexrad-level2/2010/03/12/KAMX/KAMX20100312_003037_V03.gz', 's3://unidata-nexrad-level2/2010/03/12/KMLB/KMLB20100312_003453_V03.gz', 's3://unidata-nexrad-level2/2010/03/12/KTBW/KTBW20100312_003059_V03.gz', 's3://unidata-nexrad-level2/2010/03/12/KBYX/KBYX20100312_002917_V03.gz']"
F,C172,OAK UA /OV SAU135003 /TM 2236 /FL018 /TP C172 /SK FEW020 /TA 08 /TB CONT LGT-OCNL MOD,CONT LGT-OCNL MOD,,1800.0,37.824641797155344,-122.47521515885332,2010-03-24 22:36:00,2.0,L,"('KDAX', 'KMUX', 'KBBX', 'KHNX', 'KBHX')","['s3://unidata-nexrad-level2/2010/03/24/KDAX/KDAX20100324_223106_V03.gz', 's3://unidata-nexrad-level2/2010/03/24/KMUX/KMUX20100324_223417_V03.gz', 's3://unidata-nexrad-level2/2010/03/24/KBBX/KBBX20100324_223545_V04.gz', 's3://unidata-nexrad-level2/2010/03/24/KHNX/KHNX20100324_223216_V03.gz', 's3://unidata-nexrad-level2/2010/03/24/KBHX/KBHX20100324_223140_V03.gz']"
F,C82R,UUA /OV YHU 090015 /TM 2309 /FL055 /TP C82R /TB OCNL SEV,OCNL SEV,,5500.0,45.5166666667,-73.05985259140145,2010-03-25 23:09:00,5.0,L,"('KCXX', 'KTYX', 'KGYX', 'KENX', 'KBOX')","['s3://unidata-nexrad-level2/2010/03/25/KCXX/KCXX20100325_230828_V03.gz', 's3://unidata-nexrad-level2/2010/03/25/KTYX/KTYX20100325_230744_V04.gz', 's3://unidata-nexrad-level2/2010/03/25/KGYX/KGYX20100325_230412_V03.gz', 's3://unidata-nexrad-level2/2010/03/25/KENX/KENX20100325_230450_V03.gz', 's3://unidata-nexrad-level2/2010/03/25/KBOX/KBOX20100325_230417_V03.gz']"
F,CRJ9,BMG UA /OV OOM100040/TM 2233/FL300/TP CRJ9/TB LGT-MOD 300-260,LGT-MOD 300-260,,30000.0,39.02422517121108,-85.7634467929768,2010-03-25 22:33:00,2.0,U,"('KIND', 'KLVX', 'KVWX', 'KILN', 'KIWX')","['s3://unidata-nexrad-level2/2010/03/25/KIND/KIND20100325_223235_V03.gz', 's3://unidata-nexrad-level2/2010/03/25/KLVX/KLVX20100325_223213_V03.gz', 's3://unidata-nexrad-level2/2010/03/25/KVWX/KVWX20100325_223049_V03.gz', 's3://unidata-nexrad-level2/2010/03/25/KILN/KILN20100325_222956_V03.gz', 's3://unidata-nexrad-level2/2010/03/25/KIWX/KIWX20100325_222713_V03.gz']"
F,B738,RKS UA /OV KRKS/TM 2314/FL350/TP B738/TB CONT MOD CHOP 350/RM ENROUTE SEA TO DEN /RIDE WAS GOOD UNTIL NOW/DESCEND TO 290 MOD CHOP/TURB 350 AND BELOW. AWC-WEB:ASA,CONT MOD CHOP 350,,35000.0,41.59422,-109.06519,2010-03-08 23:14:00,3.0,M,"('KRIW', 'KMTX', 'KGJX', 'KSFX', 'KCYS')","['s3://unidata-nexrad-level2/2010/03/08/KRIW/KRIW20100308_230559_V03.gz', 's3://unidata-nexrad-level2/2010/03/08/KMTX/KMTX20100308_230956_V03.gz', 's3://unidata-nexrad-level2/2010/03/08/KGJX/KGJX20100308_231245_V03.gz', 's3://unidata-nexrad-level2/2010/03/08/KSFX/KSFX20100308_231227_V03.gz', 's3://unidata-nexrad-level2/2010/03/08/KCYS/KCYS20100308_230822_V03.gz']"
T,AEST,PBI UUA /OV ZFP020020 /TM 1945 /FL130 /TP AEST /TB SEV,SEV,,13000.0,26.81325624532144,-78.65259853472283,2010-03-29 19:45:00,5.0,L,"('KAMX', 'KAMX', 'KMLB', 'KTBW', 'KBYX')","['s3://unidata-nexrad-level2/2010/03/29/KAMX/KAMX20100329_194417_V03.gz', 's3://unidata-nexrad-level2/2010/03/29/KAMX/KAMX20100329_194417_V03.gz', 's3://unidata-nexrad-level2/2010/03/29/KMLB/KMLB20100329_194315_V03.gz', 's3://unidata-nexrad-level2/2010/03/29/KTBW/KTBW20100329_193618_V03.gz', 's3://unidata-nexrad-level2/2010/03/29/KBYX/KBYX20100329_194115_V03.gz']"
T,LJ45,TXK UUA /OV TXK135015/TM 0115/FL270/TP LJ45/TB SEV/RM AWC-WEB:KZFW,SEV,201003120125-KWBC-UBAR91-PIREP,27000.0,33.33320898577672,-93.8579668443322,2010-03-12 01:15:00,5.0,M,"('KSHV', 'KSRX', 'KLZK', 'KPOE', 'KFWS')","['s3://unidata-nexrad-level2/2010/03/12/KSHV/KSHV20100312_011020_V03.gz', 's3://unidata-nexrad-level2/2010/03/12/KSRX/KSRX20100312_011233_V03.gz', 's3://unidata-nexrad-level2/2010/03/12/KLZK/KLZK20100312_011455_V03.gz', 's3://unidata-nexrad-level2/2010/03/12/KFWS/KFWS20100312_011434_V03.gz']"
T,E145,ARA UUA /OV LFT180010 /TM 1840 /FL020 /TP E145 /TB SEV,SEV,,2000.0,30.031916423319835,-91.98956295,2010-03-01 18:40:00,5.0,M,"('KLCH', 'KPOE', 'KHDC', 'KLIX', 'KDGX')","['s3://unidata-nexrad-level2/2010/03/01/KLCH/KLCH20100301_183729_V03.gz', 's3://unidata-nexrad-level2/2010/03/01/KLIX/KLIX20100301_183653_V03.gz', 's3://unidata-nexrad-level2/2010/03/01/KDGX/KDGX20100301_183908_V03.gz']"
F,PA31,SIT UA /OV AFE-SIT /TM 2152 /FL050 /TP PA31 /TB CONT LGT OCNL MOD 050/BLO /RM LLWS +/- 5KT DURD BLO 020 RY 11,CONT LGT OCNL MOD 050,201003232200-KWBC-UBAK90-PIREP,5000.0,56.905,-134.72,2010-03-23 21:52:00,2.0,L,"('PACG', 'PAIH', 'PAIH', 'KLGX', 'KATX')",['s3://unidata-nexrad-level2/2010/03/23/KATX/KATX20100323_214912_V03.gz']
F,C182,PAN UA /OV SEZ180040 /TM 1558 /FL065 /TP C182 /SK SKC /TA M05 /TB NEG,NEG,201003111600-KMSC-UBUS01-PIREP,6500.0,34.163279333279334,-111.81,2010-03-11 15:58:00,0.0,L,"('KIWA', 'KFSX', 'KFSX', 'KEMX', 'KYUX')","['s3://unidata-nexrad-level2/2010/03/11/KIWA/KIWA20100311_155730_V03.gz', 's3://unidata-nexrad-level2/2010/03/11/KFSX/KFSX20100311_155457_V03.gz', 's3://unidata-nexrad-level2/2010/03/11/KFSX/KFSX20100311_155457_V03.gz', 's3://unidata-nexrad-level2/2010/03/11/KEMX/KEMX20100311_155353_V03.gz', 's3://unidata-nexrad-level2/2010/03/11/KYUX/KYUX20100311_155239_V03.gz']"
T,B744,ORF UUA /OV 3231N 07422W/TM 2257/FL370/TP B744/TB SEV,SEV,201003292305-KWBC-UBVA90-PIREP,37000.0,32.5166,-74.3666,2010-03-29 22:57:00,5.0,H,"('KMHX', 'KLTX', 'KRAX', 'KAKQ', 'KDOX')","['s3://unidata-nexrad-level2/2010/03/29/KMHX/KMHX20100329_225217_V03.gz', 's3://unidata-nexrad-level2/2010/03/29/KLTX/KLTX20100329_225321_V03.gz', 's3://unidata-nexrad-level2/2010/03/29/KRAX/KRAX20100329_225359_V03.gz', 's3://unidata-nexrad-level2/2010/03/29/KAKQ/KAKQ20100329_225325_V03.gz', 's3://unidata-nexrad-level2/2010/03/29/KDOX/KDOX20100329_225118_V04.gz']"
F,UNKN,FAT UA /OV FAT120010 /TM 1557 /FL060 /TP UNKN /TA 01 /TB LGT CHOP 060-080 /IC TRACE 060-080,LGT CHOP 060-080,,6000.0,36.69665991665992,-119.53917528553232,2010-03-31 15:57:00,1.0,U,"('KHNX', 'KMUX', 'KVBX', 'KEYX', 'KVTX')","['s3://unidata-nexrad-level2/2010/03/31/KHNX/KHNX20100331_155108_V03.gz', 's3://unidata-nexrad-level2/2010/03/31/KMUX/KMUX20100331_155526_V03.gz', 's3://unidata-nexrad-level2/2010/03/31/KVTX/KVTX20100331_155250_V03.gz']"
F,C150,PAE UA /OV BFI-PAE /TM 1803 /FL015 /TP C150 /TA 02 /TB MOD /RM CARB ICING OV PAE,MOD,,1500.0,47.718495,-122.290785,2010-03-13 18:03:00,3.0,L,"('KATX', 'KLGX', 'KRTX', 'KPDT', 'KOTX')","['s3://unidata-nexrad-level2/2010/03/13/KATX/KATX20100313_175626_V03.gz', 's3://unidata-nexrad-level2/2010/03/13/KRTX/KRTX20100313_175938_V03.gz', 's3://unidata-nexrad-level2/2010/03/13/KPDT/KPDT20100313_175606_V03.gz', 's3://unidata-nexrad-level2/2010/03/13/KOTX/KOTX20100313_180032_V03.gz']"
T,B737,PIE UUA /OV PIE360015/TM 1515/FL270/TP B737/TB SEV/RM CWSU ZMA,SEV,201003111555-KWBC-UBFL90-PIREP,27000.0,28.16002025002025,-82.68,2010-03-11 15:15:00,5.0,M,"('KTBW', 'KMLB', 'KJAX', 'KTLH', 'KVAX')","['s3://unidata-nexrad-level2/2010/03/11/KTBW/KTBW20100311_151119_V03.gz', 's3://unidata-nexrad-level2/2010/03/11/KMLB/KMLB20100311_151316_V03.gz', 's3://unidata-nexrad-level2/2010/03/11/KJAX/KJAX20100311_151334_V03.gz', 's3://unidata-nexrad-level2/2010/03/11/KTLH/KTLH20100311_151450_V03.gz']"
T,BE36,GNV UUA /OV CTY /TM 2155 /FL015 /TP BE36 /TB SEV /RM FL015 DURD CTY,SEV,,1500.0,29.63553,-83.10475,2010-03-13 21:55:00,5.0,L,"('KVAX', 'KTLH', 'KJAX', 'KTBW', 'KMLB')","['s3://unidata-nexrad-level2/2010/03/13/KTLH/KTLH20100313_214805_V03.gz', 's3://unidata-nexrad-level2/2010/03/13/KJAX/KJAX20100313_215033_V03.gz', 's3://unidata-nexrad-level2/2010/03/13/KTBW/KTBW20100313_214754_V03.gz', 's3://unidata-nexrad-level2/2010/03/13/KMLB/KMLB20100313_215039_V03.gz']"
T,FA900,SBY UUA /OV 20N SBY/TM 1650/FL340/TP FA900/TB MDT SEV/RM MDT SEVERE,MDT SEV,,34000.0,38.67386033336033,-75.5103,2010-03-30 16:50:00,5.0,U,"('KDOX', 'KDIX', 'KLWX', 'KAKQ', 'KOKX')","['s3://unidata-nexrad-level2/2010/03/30/KDOX/KDOX20100330_164432_V04.gz', 's3://unidata-nexrad-level2/2010/03/30/KDIX/KDIX20100330_164942_V03.gz', 's3://unidata-nexrad-level2/2010/03/30/KLWX/KLWX20100330_164604_V03.gz', 's3://unidata-nexrad-level2/2010/03/30/KAKQ/KAKQ20100330_164443_V03.gz', 's3://unidata-nexrad-level2/2010/03/30/KOKX/KOKX20100330_164740_V03.gz']"
F,A320,PGA UA /OV TBC/TM 1700/FL380/TP A320/TB MOD CHOP/RM CWSU ZDV,MOD CHOP,,38000.0,36.12,-111.27,2010-03-13 17:00:00,3.0,M,"('KICX', 'KFSX', 'KFSX', 'KESX', 'KIWA')","['s3://unidata-nexrad-level2/2010/03/13/KICX/KICX20100313_165730_V03.gz', 's3://unidata-nexrad-level2/2010/03/13/KFSX/KFSX20100313_165258_V03.gz', 's3://unidata-nexrad-level2/2010/03/13/KFSX/KFSX20100313_165258_V03.gz', 's3://unidata-nexrad-level2/2010/03/13/KESX/KESX20100313_165234_V03.gz', 's3://unidata-nexrad-level2/2010/03/13/KIWA/KIWA20100313_165702_V03.gz']"
T,P180,ABQ UUA /OV TAS/TM 1810/FL220/TP P180/TB SEV/RM CWSU ZDVTAS,SEV,,22000.0,36.61,-105.91,2010-03-14 18:10:00,5.0,L,"('KABX', 'KPUX', 'KFDX', 'KGJX', 'KFTG')","['s3://unidata-nexrad-level2/2010/03/14/KABX/KABX20100314_180608_V03.gz', 's3://unidata-nexrad-level2/2010/03/14/KPUX/KPUX20100314_180358_V03.gz', 's3://unidata-nexrad-level2/2010/03/14/KFDX/KFDX20100314_180722_V04.gz', 's3://unidata-nexrad-level2/2010/03/14/KGJX/KGJX20100314_180445_V03.gz', 's3://unidata-nexrad-level2/2010/03/14/KFTG/KFTG20100314_180621_V03.gz']"
F,B737,LNK UA /OV LNK/TM 1242/FL380/TP B737/TB NEG/RM AWC-WEB:SWA,NEG,201003211245-KWBC-UBNE90-PIREP,38000.0,40.92,-96.74,2010-03-21 12:42:00,0.0,M,"('KOAX', 'KTWX', 'KUEX', 'KDMX', 'KFSD')","['s3://unidata-nexrad-level2/2010/03/21/KOAX/KOAX20100321_123712_V03.gz', 's3://unidata-nexrad-level2/2010/03/21/KTWX/KTWX20100321_123336_V03.gz', 's3://unidata-nexrad-level2/2010/03/21/KUEX/KUEX20100321_123718_V03.gz', 's3://unidata-nexrad-level2/2010/03/21/KDMX/KDMX20100321_123923_V03.gz', 's3://unidata-nexrad-level2/2010/03/21/KFSD/KFSD20100321_123500_V03.gz']"
T,C172,RNM UUA /OV JLI180010 /TM 0001 /FL100 /TP C172 /TB SEV,SEV,,10000.0,32.973319833319835,-116.59,2010-03-08 00:01:00,5.0,L,"('KNKX', 'KSOX', 'KYUX', 'KEYX', 'KVTX')","['s3://unidata-nexrad-level2/2010/03/07/KNKX/KNKX20100307_235709_V03.gz', 's3://unidata-nexrad-level2/2010/03/08/KSOX/KSOX20100308_000022_V03.gz', 's3://unidata-nexrad-level2/2010/03/07/KYUX/KYUX20100307_235924_V03.gz', 's3://unidata-nexrad-level2/2010/03/07/KVTX/KVTX20100307_235827_V03.gz']"
T,B757,OMN UUA /OV OMN 270030/TM 1712/FL330/TP B757/TB SEV/RM ZJX CWSU,SEV,,33000.0,29.30056,-81.68700853440731,2010-03-11 17:12:00,5.0,M,"('KMLB', 'KJAX', 'KTBW', 'KVAX', 'KTLH')","['s3://unidata-nexrad-level2/2010/03/11/KMLB/KMLB20100311_171116_V03.gz', 's3://unidata-nexrad-level2/2010/03/11/KJAX/KJAX20100311_170759_V03.gz', 's3://unidata-nexrad-level2/2010/03/11/KTBW/KTBW20100311_170754_V03.gz', 's3://unidata-nexrad-level2/2010/03/11/KTLH/KTLH20100311_170719_V03.gz']"
T,SR22,LGC UUA /OV LGC180010 /TM 1510 /FL080 /TP SR22 /TB SEV /RM HEAVY RA,SEV,201003101500-KMSC-UBUS01-PIREP,8000.0,32.88331983331983,-85.21,2010-03-10 15:10:00,5.0,L,"('KMXX', 'KFFC', 'KBMX', 'KEOX', 'KJGX')","['s3://unidata-nexrad-level2/2010/03/10/KFFC/KFFC20100310_150500_V03.gz', 's3://unidata-nexrad-level2/2010/03/10/KBMX/KBMX20100310_150941_V03.gz', 's3://unidata-nexrad-level2/2010/03/10/KJGX/KJGX20100310_150503_V04.gz']"
T,C340,CCO UUA /OV ATL240040 /TM 1906 /FL090 /TP C340 /TB SEV,SEV,201003281900-KMSC-UBUS01-PIREP,9000.0,33.29663966663967,-85.13346058103713,2010-03-28 19:06:00,5.0,L,"('KFFC', 'KMXX', 'KBMX', 'KJGX', 'KEOX')","['s3://unidata-nexrad-level2/2010/03/28/KFFC/KFFC20100328_190451_V03.gz', 's3://unidata-nexrad-level2/2010/03/28/KBMX/KBMX20100328_190437_V03.gz', 's3://unidata-nexrad-level2/2010/03/28/KJGX/KJGX20100328_190528_V04.gz']"
T,E190,ACY UUA /OV SIE/TM 1913/FL290/TP E190/TB SEV 290-280,SEV 290-280,,29000.0,39.1,-74.8,2010-03-29 19:13:00,5.0,U,"('KDOX', 'KDIX', 'KOKX', 'KLWX', 'KAKQ')","['s3://unidata-nexrad-level2/2010/03/29/KDOX/KDOX20100329_191212_V04.gz', 's3://unidata-nexrad-level2/2010/03/29/KDIX/KDIX20100329_191200_V03.gz', 's3://unidata-nexrad-level2/2010/03/29/KOKX/KOKX20100329_190753_V03.gz', 's3://unidata-nexrad-level2/2010/03/29/KLWX/KLWX20100329_190750_V03.gz', 's3://unidata-nexrad-level2/2010/03/29/KAKQ/KAKQ20100329_191200_V03.gz']"
T,C172,OBE UUA /OV LBV010020 /TM 1840 /FL050 /TP C172 /TB SEV /RM IN CLOUDS 200 FT UPDRAFT,SEV,,5000.0,27.15829584083999,-81.32512922146216,2010-03-26 18:40:00,5.0,L,"('KTBW', 'KMLB', 'KAMX', 'KAMX', 'KBYX')","['s3://unidata-nexrad-level2/2010/03/26/KTBW/KTBW20100326_183546_V03.gz', 's3://unidata-nexrad-level2/2010/03/26/KMLB/KMLB20100326_183730_V03.gz', 's3://unidata-nexrad-level2/2010/03/26/KAMX/KAMX20100326_183739_V03.gz', 's3://unidata-nexrad-level2/2010/03/26/KAMX/KAMX20100326_183739_V03.gz', 's3://unidata-nexrad-level2/2010/03/26/KBYX/KBYX20100326_183950_V03.gz']"
T,A332,ORF UUA /OV 3051N 06338W/TM 0133/FL370/TP A332/TB SEV 370-390,SEV 370-390,201003140205-KWBC-UBVA90-PIREP,37000.0,30.85,-63.6333,2010-03-14 01:33:00,5.0,H,"('KBOX', 'KOKX', 'KMHX', 'KDIX', 'KDOX')","['s3://unidata-nexrad-level2/2010/03/14/KBOX/KBOX20100314_012813_V03.gz', 's3://unidata-nexrad-level2/2010/03/14/KOKX/KOKX20100314_012734_V03.gz', 's3://unidata-nexrad-level2/2010/03/14/KMHX/KMHX20100314_012852_V03.gz', 's3://unidata-nexrad-level2/2010/03/14/KDIX/KDIX20100314_012852_V03.gz', 's3://unidata-nexrad-level2/2010/03/14/KDOX/KDOX20100314_013256_V04.gz']"
F,B737,ALS UA /OV ALS 055015/TM 1537/FL400/TP B737/TB MOD CHOP/RM CWSU ZDV,MOD CHOP,,40000.0,37.58229572402222,-105.6034504060021,2010-03-02 15:37:00,3.0,M,"('KPUX', 'KABX', 'KFTG', 'KGJX', 'KFDX')","['s3://unidata-nexrad-level2/2010/03/02/KPUX/KPUX20100302_152112_V03.gz', 's3://unidata-nexrad-level2/2010/03/02/KABX/KABX20100302_153539_V03.gz', 's3://unidata-nexrad-level2/2010/03/02/KFTG/KFTG20100302_153232_V03.gz', 's3://unidata-nexrad-level2/2010/03/02/KGJX/KGJX20100302_153338_V03.gz', 's3://unidata-nexrad-level2/2010/03/02/KFDX/KFDX20100302_152812_V04.gz']"
F,B190,4BM UA /OV DEN225050 /TM 2152 /FL160 /TP B190 /TB MOD,MOD,,16000.0,39.24349661925575,-105.4249050906092,2010-03-07 21:52:00,3.0,M,"('KFTG', 'KPUX', 'KCYS', 'KGJX', 'KGLD')","['s3://unidata-nexrad-level2/2010/03/07/KFTG/KFTG20100307_214448_V03.gz', 's3://unidata-nexrad-level2/2010/03/07/KPUX/KPUX20100307_215137_V03.gz', 's3://unidata-nexrad-level2/2010/03/07/KCYS/KCYS20100307_214646_V03.gz', 's3://unidata-nexrad-level2/2010/03/07/KGJX/KGJX20100307_214950_V03.gz', 's3://unidata-nexrad-level2/2010/03/07/KGLD/KGLD20100307_214638_V03.gz']"
F,A320,MMH UA /OV FRA005060 /TM 0502 /FL320 /TP A320 /TB MOD CAT,MOD CAT,201003190500-KMSC-UBUS01-PIREP,32000.0,38.09627538994298,-119.49071645099689,2010-03-19 05:02:00,3.0,M,"('KRGX', 'KDAX', 'KHNX', 'KBBX', 'KMUX')","['s3://unidata-nexrad-level2/2010/03/19/KRGX/KRGX20100319_045333_V03.gz', 's3://unidata-nexrad-level2/2010/03/19/KDAX/KDAX20100319_050002_V03.gz', 's3://unidata-nexrad-level2/2010/03/19/KHNX/KHNX20100319_050059_V03.gz', 's3://unidata-nexrad-level2/2010/03/19/KBBX/KBBX20100319_045541_V04.gz']"
T,BE40,JAX UUA /OV JAX345008 /TM 0215 /FL020 /TP BE40 /TB SEV /RM FINAL RWY 13,SEV,201003260225-KWBC-UBFL91-PIREP,2000.0,30.62880054218123,-81.72005435615071,2010-03-26 02:15:00,5.0,M,"('KJAX', 'KVAX', 'KCLX', 'KTLH', 'KJGX')","['s3://unidata-nexrad-level2/2010/03/26/KJAX/KJAX20100326_021033_V03.gz', 's3://unidata-nexrad-level2/2010/03/26/KCLX/KCLX20100326_021236_V03.gz', 's3://unidata-nexrad-level2/2010/03/26/KTLH/KTLH20100326_021156_V03.gz', 's3://unidata-nexrad-level2/2010/03/26/KJGX/KJGX20100326_020653_V04.gz']"
T,M20P,SHR UUA /OV SHR /TM 1758 /FL115 /TP M20P /TB SEV /RM OVR BIG HORN MTNS,SEV,,11500.0,44.77,-106.97,2010-03-29 17:58:00,5.0,L,"('KBLX', 'KRIW', 'KUDX', 'KGGW', 'KCYS')","['s3://unidata-nexrad-level2/2010/03/29/KBLX/KBLX20100329_175742_V03.gz', 's3://unidata-nexrad-level2/2010/03/29/KRIW/KRIW20100329_175448_V03.gz', 's3://unidata-nexrad-level2/2010/03/29/KUDX/KUDX20100329_175749_V03.gz', 's3://unidata-nexrad-level2/2010/03/29/KGGW/KGGW20100329_175154_V03.gz', 's3://unidata-nexrad-level2/2010/03/29/KCYS/KCYS20100329_175730_V03.gz']"
T,C560,SDB UUA /OV LHS240010 /TM 0648 /FL090 /TP C560 /TB SEV,SEV,201003090725-KWBC-UBCA90-PIREP,9000.0,34.59665991665992,-118.75553418717872,2010-03-09 06:48:00,5.0,M,"('KVTX', 'KEYX', 'KSOX', 'KVBX', 'KHNX')","['s3://unidata-nexrad-level2/2010/03/09/KVTX/KVTX20100309_064322_V03.gz', 's3://unidata-nexrad-level2/2010/03/09/KSOX/KSOX20100309_064639_V03.gz', 's3://unidata-nexrad-level2/2010/03/09/KHNX/KHNX20100309_064424_V03.gz']"
F,CRJ2,IKK UA /OV IKK180010 /TM 1314 /FL270 /TP CRJ2 /TB CONT LGT-OCNL MOD CHOP BLO 275,CONT LGT-OCNL MOD CHOP BLO 275,,27000.0,40.90470983331984,-87.84628,2010-03-12 13:14:00,2.0,M,"('KLOT', 'KILX', 'KMKX', 'KDVN', 'KIWX')","['s3://unidata-nexrad-level2/2010/03/12/KLOT/KLOT20100312_131247_V03.gz', 's3://unidata-nexrad-level2/2010/03/12/KILX/KILX20100312_131224_V03.gz', 's3://unidata-nexrad-level2/2010/03/12/KMKX/KMKX20100312_131145_V03.gz', 's3://unidata-nexrad-level2/2010/03/12/KDVN/KDVN20100312_131220_V03.gz', 's3://unidata-nexrad-level2/2010/03/12/KIWX/KIWX20100312_130834_V03.gz']"
T,E145,PSX UUA /OV PSX225020/TM 1400/FL290/TP E145/TB SEV/RM AWC-WEB:KZHU,SEV,201003081425-KWBC-UBTX91-PIREP,29000.0,28.524278647702303,-96.578890994048,2010-03-08 14:00:00,5.0,M,"('KCRP', 'KHGX', 'KEWX', 'KGRK', 'KBRO')","['s3://unidata-nexrad-level2/2010/03/08/KCRP/KCRP20100308_135925_V03.gz', 's3://unidata-nexrad-level2/2010/03/08/KHGX/KHGX20100308_135434_V03.gz', 's3://unidata-nexrad-level2/2010/03/08/KEWX/KEWX20100308_135822_V03.gz', 's3://unidata-nexrad-level2/2010/03/08/KGRK/KGRK20100308_135753_V03.gz', 's3://unidata-nexrad-level2/2010/03/08/KBRO/KBRO20100308_135711_V03.gz']"
F,B738,GRR UA /OV GRR360017/TM 1937/FL380/TP B738/WV 260044KT/TB CONT LGT CHOP/RM AWC-WEB:ASA,CONT LGT CHOP,201003201940-KWBC-UBMI90-PIREP,38000.0,43.07335628335628,-85.5,2010-03-20 19:37:00,1.0,M,"('KGRR', 'KIWX', 'KDTX', 'KGRB', 'KLOT')","['s3://unidata-nexrad-level2/2010/03/20/KGRR/KGRR20100320_192741_V04.gz', 's3://unidata-nexrad-level2/2010/03/20/KIWX/KIWX20100320_193127_V03.gz', 's3://unidata-nexrad-level2/2010/03/20/KDTX/KDTX20100320_192934_V03.gz', 's3://unidata-nexrad-level2/2010/03/20/KGRB/KGRB20100320_193152_V03.gz', 's3://unidata-nexrad-level2/2010/03/20/KLOT/KLOT20100320_193348_V03.gz']"
F,SR22,GDP UA /OV SFL360020 /TM 1959 /FL170 /TP SR22 /WX FV99SM /WV 25240KT /TB NEG,NEG,,17000.0,32.08336033336033,-105.09,2010-03-13 19:59:00,0.0,L,"('KHDX', 'KEPZ', 'KMAF', 'KFDX', 'KLBB')","['s3://unidata-nexrad-level2/2010/03/13/KHDX/KHDX20100313_195157_V04.gz', 's3://unidata-nexrad-level2/2010/03/13/KEPZ/KEPZ20100313_195650_V03.gz', 's3://unidata-nexrad-level2/2010/03/13/KMAF/KMAF20100313_194929_V03.gz', 's3://unidata-nexrad-level2/2010/03/13/KFDX/KFDX20100313_195537_V04.gz', 's3://unidata-nexrad-level2/2010/03/13/KLBB/KLBB20100313_195047_V03.gz']"
T,C25B,ACT UUA /OV ACT090030/TM 1853/FL280/TP C25B/TB SEV/RM AWC-WEB:KZFW,SEV,,28000.0,31.61797,-96.64109651258816,2010-03-07 18:53:00,5.0,U,"('KGRK', 'KFWS', 'KEWX', 'KSHV', 'KHGX')","['s3://unidata-nexrad-level2/2010/03/07/KGRK/KGRK20100307_185050_V03.gz', 's3://unidata-nexrad-level2/2010/03/07/KFWS/KFWS20100307_184933_V03.gz', 's3://unidata-nexrad-level2/2010/03/07/KEWX/KEWX20100307_184824_V03.gz', 's3://unidata-nexrad-level2/2010/03/07/KSHV/KSHV20100307_184741_V03.gz', 's3://unidata-nexrad-level2/2010/03/07/KHGX/KHGX20100307_185135_V03.gz']"
F,AA5,DMN UA /OV LRU270030 /TM 2043 /FL095 /TP AA5 /TB CONT LGT OCNL MOD CHOP,CONT LGT OCNL MOD CHOP,,9500.0,32.28942,-107.51348155738002,2010-03-27 20:43:00,2.0,L,"('KEPZ', 'KHDX', 'KEMX', 'KABX', 'KIWA')","['s3://unidata-nexrad-level2/2010/03/27/KEPZ/KEPZ20100327_204155_V03.gz', 's3://unidata-nexrad-level2/2010/03/27/KHDX/KHDX20100327_203825_V04.gz', 's3://unidata-nexrad-level2/2010/03/27/KEMX/KEMX20100327_204252_V03.gz', 's3://unidata-nexrad-level2/2010/03/27/KABX/KABX20100327_203627_V03.gz', 's3://unidata-nexrad-level2/2010/03/27/KIWA/KIWA20100327_203809_V03.gz']"
T,A319,ACY UUA /OV VCN/TM 1942/FL080/TP A319/TB MDT-SEV CHOP,MDT-SEV CHOP,,8000.0,39.54,-74.97,2010-03-13 19:42:00,5.0,M,"('KDIX', 'KDOX', 'KLWX', 'KOKX', 'KBGM')","['s3://unidata-nexrad-level2/2010/03/13/KDIX/KDIX20100313_193628_V03.gz', 's3://unidata-nexrad-level2/2010/03/13/KDOX/KDOX20100313_193852_V04.gz', 's3://unidata-nexrad-level2/2010/03/13/KLWX/KLWX20100313_193957_V03.gz', 's3://unidata-nexrad-level2/2010/03/13/KOKX/KOKX20100313_193933_V03.gz', 's3://unidata-nexrad-level2/2010/03/13/KBGM/KBGM20100313_193815_V03.gz']"
T,PC12,MSY UUA /OV MSY225015 /TM 0007 /FL030 /TP PC12 /TB SEV,SEV,,3000.0,29.816508985776725,-90.45522689934928,2010-03-02 00:07:00,5.0,L,"('KHDC', 'KLIX', 'KMOB', 'KLCH', 'KDGX')","['s3://unidata-nexrad-level2/2010/03/02/KLIX/KLIX20100302_000123_V03.gz', 's3://unidata-nexrad-level2/2010/03/02/KMOB/KMOB20100302_000610_V03.gz', 's3://unidata-nexrad-level2/2010/03/02/KLCH/KLCH20100302_000542_V03.gz', 's3://unidata-nexrad-level2/2010/03/02/KDGX/KDGX20100302_000425_V03.gz']"
T,LJ60,XMR UUA /OV MLB080215 /TM 2322 /FL320 /TP LJ60 /TB SEV /RM HARD TIME HOLDING ALT,SEV,,32000.0,28.72503970474047,-76.64439473174394,2010-03-28 23:22:00,5.0,M,"('KMLB', 'KAMX', 'KAMX', 'KJAX', 'KLTX')","['s3://unidata-nexrad-level2/2010/03/28/KMLB/KMLB20100328_232030_V03.gz', 's3://unidata-nexrad-level2/2010/03/28/KAMX/KAMX20100328_231747_V03.gz', 's3://unidata-nexrad-level2/2010/03/28/KAMX/KAMX20100328_231747_V03.gz', 's3://unidata-nexrad-level2/2010/03/28/KJAX/KJAX20100328_232154_V03.gz', 's3://unidata-nexrad-level2/2010/03/28/KLTX/KLTX20100328_232132_V03.gz']"
T,H25B,MMU UUA /OV EWR270010 /TM 2335 /FL030 /TP H25B /TB SEV 030/BLO,SEV 030,,3000.0,40.68272,-74.38911870700628,2010-03-13 23:35:00,5.0,M,"('KDIX', 'KOKX', 'KENX', 'KBGM', 'KDOX')","['s3://unidata-nexrad-level2/2010/03/13/KDIX/KDIX20100313_233242_V03.gz', 's3://unidata-nexrad-level2/2010/03/13/KOKX/KOKX20100313_233136_V03.gz', 's3://unidata-nexrad-level2/2010/03/13/KENX/KENX20100313_233321_V03.gz', 's3://unidata-nexrad-level2/2010/03/13/KBGM/KBGM20100313_233016_V03.gz', 's3://unidata-nexrad-level2/2010/03/13/KDOX/KDOX20100313_233430_V04.gz']"
T,BE35,IZA UUA /OV GVO /TM 0312 /FL060 /TP BE35 /TB SEV,SEV,201003270300-KMSC-UBUS01-PIREP,6000.0,34.53,-120.09,2010-03-27 03:12:00,5.0,L,"('KVBX', 'KVTX', 'KHNX', 'KSOX', 'KEYX')","['s3://unidata-nexrad-level2/2010/03/27/KVTX/KVTX20100327_030658_V03.gz', 's3://unidata-nexrad-level2/2010/03/27/KHNX/KHNX20100327_030534_V03.gz', 's3://unidata-nexrad-level2/2010/03/27/KSOX/KSOX20100327_031026_V03.gz']"
F,B737,DLS UA /OV PDX120060 /TM 0308 /FL390 /TP B737 /TB LGT MOD,LGT MOD,,39000.0,45.0907894999595,-121.362607556314,2010-03-08 03:08:00,2.0,M,"('KRTX', 'KPDT', 'KLGX', 'KATX', 'KMAX')","['s3://unidata-nexrad-level2/2010/03/08/KRTX/KRTX20100308_030700_V03.gz', 's3://unidata-nexrad-level2/2010/03/08/KPDT/KPDT20100308_025903_V03.gz', 's3://unidata-nexrad-level2/2010/03/08/KATX/KATX20100308_030503_V03.gz', 's3://unidata-nexrad-level2/2010/03/08/KMAX/KMAX20100308_030203_V03.gz']"
F,COL4,OXC UA /OV HFD270020 /TM 1451 /FL070 /TP COL4 /TA 00 /TB NEG /IC NEG /RM IMC,NEG,,7000.0,41.73672,-73.0961769468165,2010-03-12 14:51:00,0.0,U,"('KOKX', 'KENX', 'KBOX', 'KDIX', 'KCXX')","['s3://unidata-nexrad-level2/2010/03/12/KOKX/KOKX20100312_144510_V03.gz', 's3://unidata-nexrad-level2/2010/03/12/KENX/KENX20100312_144346_V03.gz', 's3://unidata-nexrad-level2/2010/03/12/KBOX/KBOX20100312_144544_V03.gz', 's3://unidata-nexrad-level2/2010/03/12/KDIX/KDIX20100312_144914_V03.gz', 's3://unidata-nexrad-level2/2010/03/12/KCXX/KCXX20100312_145027_V03.gz']"
T,B737,RSW UUA /OV RSW040030 /TM 0115 /FL070 /TP B737 /TB SEV,SEV,,7000.0,26.921113246390465,-81.39745628106274,2010-03-13 01:15:00,5.0,M,"('KTBW', 'KMLB', 'KAMX', 'KAMX', 'KBYX')","['s3://unidata-nexrad-level2/2010/03/13/KTBW/KTBW20100313_011058_V03.gz', 's3://unidata-nexrad-level2/2010/03/13/KMLB/KMLB20100313_011224_V03.gz', 's3://unidata-nexrad-level2/2010/03/13/KAMX/KAMX20100313_011443_V03.gz', 's3://unidata-nexrad-level2/2010/03/13/KAMX/KAMX20100313_011443_V03.gz', 's3://unidata-nexrad-level2/2010/03/13/KBYX/KBYX20100313_011049_V03.gz']"
T,BE30,ORL UUA /OV ORL/TM 1456/FL170/TP BE30/TB SEV/RM ZJX CWSU,SEV,,17000.0,28.54546,-81.33294,2010-03-11 14:56:00,5.0,L,"('KMLB', 'KTBW', 'KJAX', 'KVAX', 'KAMX')","['s3://unidata-nexrad-level2/2010/03/11/KMLB/KMLB20100311_145017_V03.gz', 's3://unidata-nexrad-level2/2010/03/11/KTBW/KTBW20100311_145102_V03.gz', 's3://unidata-nexrad-level2/2010/03/11/KJAX/KJAX20100311_145515_V03.gz', 's3://unidata-nexrad-level2/2010/03/11/KAMX/KAMX20100311_145338_V03.gz']"
F,B738,JAC UA /OV BPI351043/TM 1550/FL360/TP B738/WV 260025KT/TB OCNL LGT CHOP/RM AWC-WEB:ASA,OCNL LGT CHOP,201003191552-KKCI-UBUS31-PIREP,36000.0,43.28790064612535,-110.26226860597107,2010-03-19 15:50:00,1.0,M,"('KSFX', 'KRIW', 'KBLX', 'KMTX', 'KTFX')","['s3://unidata-nexrad-level2/2010/03/19/KSFX/KSFX20100319_154640_V03.gz', 's3://unidata-nexrad-level2/2010/03/19/KRIW/KRIW20100319_154350_V03.gz', 's3://unidata-nexrad-level2/2010/03/19/KBLX/KBLX20100319_154348_V03.gz', 's3://unidata-nexrad-level2/2010/03/19/KMTX/KMTX20100319_154733_V03.gz', 's3://unidata-nexrad-level2/2010/03/19/KTFX/KTFX20100319_154245_V03.gz']"
F,B738,OTH UA /OV OTH282255/TM 1651/FL360/TP B738/SK SKC/TA M46/WV 22264KT/TB NEG/RM SEA-OGG AT ZANNG AWC-WEB:ASA,NEG,201003161715-KWBC-UBOR90-PIREP,36000.0,44.30369625964661,-129.89389495847917,2010-03-16 16:51:00,0.0,M,"('KLGX', 'KBHX', 'KRTX', 'KMAX', 'KATX')","['s3://unidata-nexrad-level2/2010/03/16/KBHX/KBHX20100316_165312_V03.gz', 's3://unidata-nexrad-level2/2010/03/16/KMAX/KMAX20100316_164723_V03.gz', 's3://unidata-nexrad-level2/2010/03/16/KATX/KATX20100316_164907_V03.gz']"
F,B737,SPS UA /OV SPS320020/TM 1900/FL310/TP B737/TB MOD/RM SVRL ACFT AWC-WEB:KZFW,MOD,201003081910-KWBC-UBTX90-PIREP,31000.0,34.24536883092698,-98.8484378311624,2010-03-08 19:00:00,3.0,M,"('KFDR', 'KTLX', 'KDYX', 'KOUN', 'KFWS')","['s3://unidata-nexrad-level2/2010/03/08/KFDR/KFDR20100308_185812_V03.gz', 's3://unidata-nexrad-level2/2010/03/08/KTLX/KTLX20100308_185644_V03.gz', 's3://unidata-nexrad-level2/2010/03/08/KDYX/KDYX20100308_185654_V03.gz', 's3://unidata-nexrad-level2/2010/03/08/KFWS/KFWS20100308_185612_V03.gz']"
T,P180,RSW UUA /OV PHK260015 /TM 0035 /FL120 /TP P180 /TB SEV,SEV,,12000.0,26.736584439204155,-80.96580371871127,2010-03-12 00:35:00,5.0,L,"('KAMX', 'KAMX', 'KMLB', 'KTBW', 'KBYX')","['s3://unidata-nexrad-level2/2010/03/12/KAMX/KAMX20100312_003037_V03.gz', 's3://unidata-nexrad-level2/2010/03/12/KAMX/KAMX20100312_003037_V03.gz', 's3://unidata-nexrad-level2/2010/03/12/KMLB/KMLB20100312_003453_V03.gz', 's3://unidata-nexrad-level2/2010/03/12/KTBW/KTBW20100312_003059_V03.gz', 's3://unidata-nexrad-level2/2010/03/12/KBYX/KBYX20100312_002917_V03.gz']"
T,A330,MIA UUA /OV 22N 059W/TM 2150/FL380/TP A330/TB MDT-SEV,MDT-SEV,,38000.0,25.78805,-80.31693,2010-03-07 21:50:00,5.0,L,"('KAMX', 'KAMX', 'KBYX', 'KMLB', 'KTBW')","['s3://unidata-nexrad-level2/2010/03/07/KAMX/KAMX20100307_214910_V03.gz', 's3://unidata-nexrad-level2/2010/03/07/KAMX/KAMX20100307_214910_V03.gz', 's3://unidata-nexrad-level2/2010/03/07/KBYX/KBYX20100307_214359_V03.gz', 's3://unidata-nexrad-level2/2010/03/07/KMLB/KMLB20100307_214557_V03.gz', 's3://unidata-nexrad-level2/2010/03/07/KTBW/KTBW20100307_214321_V03.gz']"
T,MD83,FAT UUA /OV FRA020010/TM 1324/FL150/TP MD83/TB SEV/RM ZOA CWSU,SEV,201003301345-KWBC-UBCA91-PIREP,15000.0,37.25662812266072,-119.52852416850791,2010-03-30 13:24:00,5.0,M,"('KHNX', 'KMUX', 'KDAX', 'KRGX', 'KVBX')","['s3://unidata-nexrad-level2/2010/03/30/KHNX/KHNX20100330_132226_V03.gz', 's3://unidata-nexrad-level2/2010/03/30/KMUX/KMUX20100330_131920_V03.gz', 's3://unidata-nexrad-level2/2010/03/30/KDAX/KDAX20100330_132237_V03.gz', 's3://unidata-nexrad-level2/2010/03/30/KRGX/KRGX20100330_132136_V03.gz']"
F,BE35,BLH UA /OV FUL-P20270040 /TM 0148 /FL115 /TP BE35 /TB NEG /RM VC PSP LGT CHOP DURD,NEG,,11500.0,33.61917,-114.71689,2010-03-27 01:48:00,0.0,L,"('KYUX', 'KNKX', 'KESX', 'KSOX', 'KIWA')","['s3://unidata-nexrad-level2/2010/03/27/KYUX/KYUX20100327_014240_V03.gz', 's3://unidata-nexrad-level2/2010/03/27/KNKX/KNKX20100327_013952_V03.gz', 's3://unidata-nexrad-level2/2010/03/27/KESX/KESX20100327_014749_V03.gz', 's3://unidata-nexrad-level2/2010/03/27/KSOX/KSOX20100327_014045_V03.gz', 's3://unidata-nexrad-level2/2010/03/27/KIWA/KIWA20100327_014015_V03.gz']"
F,A320,CHO UA /OV GVE/TM 0229/FL240/TP A320/TB MDT-SEV/RM FL240-FL330GSO-LYH-CSN,MDT-SEV,,24000.0,38.156,-78.1658,2010-03-29 02:29:00,5.0,M,"('KLWX', 'KAKQ', 'KFCX', 'KDOX', 'KRAX')","['s3://unidata-nexrad-level2/2010/03/29/KLWX/KLWX20100329_022516_V03.gz', 's3://unidata-nexrad-level2/2010/03/29/KAKQ/KAKQ20100329_022726_V03.gz', 's3://unidata-nexrad-level2/2010/03/29/KFCX/KFCX20100329_022732_V03.gz', 's3://unidata-nexrad-level2/2010/03/29/KDOX/KDOX20100329_022854_V04.gz', 's3://unidata-nexrad-level2/2010/03/29/KRAX/KRAX20100329_022820_V03.gz']"
T,LJ35,PMP UUA /OV ZBV360028 /TM 1919 /FL130 /TP LJ35 /TB SEV,SEV,,13000.0,26.13670446670447,-79.3,2010-03-12 19:19:00,5.0,M,"('KAMX', 'KAMX', 'KMLB', 'KBYX', 'KTBW')","['s3://unidata-nexrad-level2/2010/03/12/KAMX/KAMX20100312_191645_V03.gz', 's3://unidata-nexrad-level2/2010/03/12/KAMX/KAMX20100312_191645_V03.gz', 's3://unidata-nexrad-level2/2010/03/12/KMLB/KMLB20100312_191837_V03.gz', 's3://unidata-nexrad-level2/2010/03/12/KBYX/KBYX20100312_191536_V03.gz', 's3://unidata-nexrad-level2/2010/03/12/KTBW/KTBW20100312_191558_V03.gz']"
T,B737,MCN UUA /OV MCN/TM 2021/FL290/TP B737/TB MOD-OCNL SEV 230-290/RM BDRLN SEV,MOD-OCNL SEV 230-290,,29000.0,32.69285,-83.64921,2010-03-12 20:21:00,4.0,M,"('KJGX', 'KFFC', 'KVAX', 'KEOX', 'KCLX')","['s3://unidata-nexrad-level2/2010/03/12/KJGX/KJGX20100312_202003_V04.gz', 's3://unidata-nexrad-level2/2010/03/12/KFFC/KFFC20100312_201702_V03.gz', 's3://unidata-nexrad-level2/2010/03/12/KCLX/KCLX20100312_202046_V03.gz']"
F,A333,MVY UA /OV ACK270030 /TM 2215 /FL340 /TP A333 /TB MOD,MOD,201003292300-KMSC-UBUS01-PIREP,34000.0,41.28,-70.69539478176195,2010-03-29 22:15:00,3.0,H,"('KBOX', 'KOKX', 'KGYX', 'KENX', 'KDIX')","['s3://unidata-nexrad-level2/2010/03/29/KBOX/KBOX20100329_221247_V03.gz', 's3://unidata-nexrad-level2/2010/03/29/KOKX/KOKX20100329_221337_V03.gz', 's3://unidata-nexrad-level2/2010/03/29/KGYX/KGYX20100329_221028_V03.gz', 's3://unidata-nexrad-level2/2010/03/29/KENX/KENX20100329_221326_V03.gz', 's3://unidata-nexrad-level2/2010/03/29/KDIX/KDIX20100329_221019_V03.gz']"
T,B737,PBI UUA /OV PBI 020100/TM 1124/FL330/TP B737/TB SEV 330-350/RM CWSUZMA,SEV 330-350,,33000.0,28.250981226607177,-79.46136388357908,2010-03-29 11:24:00,5.0,M,"('KMLB', 'KTBW', 'KAMX', 'KAMX', 'KJAX')","['s3://unidata-nexrad-level2/2010/03/29/KMLB/KMLB20100329_112119_V03.gz', 's3://unidata-nexrad-level2/2010/03/29/KTBW/KTBW20100329_111903_V03.gz', 's3://unidata-nexrad-level2/2010/03/29/KAMX/KAMX20100329_112055_V03.gz', 's3://unidata-nexrad-level2/2010/03/29/KAMX/KAMX20100329_112055_V03.gz', 's3://unidata-nexrad-level2/2010/03/29/KJAX/KJAX20100329_112001_V03.gz']"
F,P28A,UUA /OV CEE4 /TM 1832 /FL045 /TP P28A /TB MDT - SEV /RM FM 20NM ECEE4 TO CYJA,MDT - SEV,,4500.0,53.38,-117.7,2010-03-27 18:32:00,5.0,L,"('KOTX', 'KATX', 'KMSX', 'KPDT', 'KTFX')","['s3://unidata-nexrad-level2/2010/03/27/KOTX/KOTX20100327_183110_V03.gz', 's3://unidata-nexrad-level2/2010/03/27/KATX/KATX20100327_182838_V03.gz', 's3://unidata-nexrad-level2/2010/03/27/KMSX/KMSX20100327_182954_V04.gz', 's3://unidata-nexrad-level2/2010/03/27/KPDT/KPDT20100327_183026_V03.gz', 's3://unidata-nexrad-level2/2010/03/27/KTFX/KTFX20100327_182331_V03.gz']"
T,MD11,ORF UUA /OV 3100N 0770W/TM 1815/FL320/TP MD11/TB MDT-SEV,MDT-SEV,,32000.0,31.0,-7.11666,2010-03-12 18:15:00,5.0,H,"('LPLA', 'KCBW', 'KGYX', 'KBOX', 'KOKX')","['s3://unidata-nexrad-level2/2010/03/12/KCBW/KCBW20100312_180934_V03.gz', 's3://unidata-nexrad-level2/2010/03/12/KGYX/KGYX20100312_181447_V03.gz', 's3://unidata-nexrad-level2/2010/03/12/KBOX/KBOX20100312_181020_V03.gz', 's3://unidata-nexrad-level2/2010/03/12/KOKX/KOKX20100312_181125_V03.gz']"
F,P28A,FRG UA /OV FRG360009 /TM 1556 /FL018 /TP P28A /SK OVC023 /WX FV10SM /TA M01 /TB LGT CHOP,LGT CHOP,,1800.0,40.87879215001215,-73.41341,2010-03-28 15:56:00,1.0,L,"('KOKX', 'KDIX', 'KENX', 'KBOX', 'KDOX')","['s3://unidata-nexrad-level2/2010/03/28/KOKX/KOKX20100328_154952_V03.gz', 's3://unidata-nexrad-level2/2010/03/28/KDIX/KDIX20100328_155020_V03.gz', 's3://unidata-nexrad-level2/2010/03/28/KENX/KENX20100328_154902_V03.gz', 's3://unidata-nexrad-level2/2010/03/28/KBOX/KBOX20100328_154827_V03.gz', 's3://unidata-nexrad-level2/2010/03/28/KDOX/KDOX20100328_155125_V04.gz']"
T,CL30,ORF UUA /OV 3614N 07240W/TM 1419/FL410/TP CL30/TB MDT-SEV,MDT-SEV,,41000.0,36.2333,-72.6666,2010-03-26 14:19:00,5.0,U,"('KDOX', 'KAKQ', 'KDIX', 'KMHX', 'KOKX')","['s3://unidata-nexrad-level2/2010/03/26/KDOX/KDOX20100326_141507_V04.gz', 's3://unidata-nexrad-level2/2010/03/26/KAKQ/KAKQ20100326_141716_V03.gz', 's3://unidata-nexrad-level2/2010/03/26/KDIX/KDIX20100326_141451_V03.gz', 's3://unidata-nexrad-level2/2010/03/26/KMHX/KMHX20100326_141549_V03.gz', 's3://unidata-nexrad-level2/2010/03/26/KOKX/KOKX20100326_141509_V03.gz']"
T,C172,SBA UUA /OV RZS135010 /TM 2024 /FL075 /TP C172 /TB SEV /RM UDDFS 1000 FPM,SEV,,7500.0,34.39213932385115,-119.62696994097762,2010-03-10 20:24:00,5.0,L,"('KVTX', 'KVBX', 'KSOX', 'KEYX', 'KHNX')","['s3://unidata-nexrad-level2/2010/03/10/KVTX/KVTX20100310_202004_V03.gz', 's3://unidata-nexrad-level2/2010/03/10/KSOX/KSOX20100310_201938_V03.gz', 's3://unidata-nexrad-level2/2010/03/10/KHNX/KHNX20100310_201619_V03.gz']"
F,E170,CHS UA /OV CHS 030050/TM 1625/FL200/TP E170/TB MOD CHOP BTN170-FL200/RM ZJX,MOD CHOP BTN170-FL200,,20000.0,33.62034629326025,-79.54421132514148,2010-03-02 16:25:00,3.0,U,"('KLTX', 'KCLX', 'KCAE', 'KRAX', 'KMHX')","['s3://unidata-nexrad-level2/2010/03/02/KLTX/KLTX20100302_162409_V03.gz', 's3://unidata-nexrad-level2/2010/03/02/KCLX/KCLX20100302_162236_V03.gz', 's3://unidata-nexrad-level2/2010/03/02/KCAE/KCAE20100302_162357_V03.gz', 's3://unidata-nexrad-level2/2010/03/02/KRAX/KRAX20100302_162331_V03.gz', 's3://unidata-nexrad-level2/2010/03/02/KMHX/KMHX20100302_162429_V03.gz']"
T,E145,MGJ UUA /OV SAX360030 /TM 0138 /FL280 /TP E145 /TB SEV,SEV,,28000.0,41.5700405000405,-74.54,2010-03-23 01:38:00,5.0,M,"('KENX', 'KBGM', 'KDIX', 'KOKX', 'KBOX')","['s3://unidata-nexrad-level2/2010/03/23/KENX/KENX20100323_013555_V03.gz', 's3://unidata-nexrad-level2/2010/03/23/KBGM/KBGM20100323_013258_V03.gz', 's3://unidata-nexrad-level2/2010/03/23/KDIX/KDIX20100323_013658_V03.gz', 's3://unidata-nexrad-level2/2010/03/23/KOKX/KOKX20100323_013542_V03.gz', 's3://unidata-nexrad-level2/2010/03/23/KBOX/KBOX20100323_013758_V03.gz']"
T,MD88,SGJ UUA /OV OMN360035 /TM 1410 /FL290 /TP MD88 /TB SEV,SEV,,29000.0,29.883940583380586,-81.11361,2010-03-10 14:10:00,5.0,M,"('KJAX', 'KVAX', 'KMLB', 'KTBW', 'KCLX')","['s3://unidata-nexrad-level2/2010/03/10/KJAX/KJAX20100310_140700_V03.gz', 's3://unidata-nexrad-level2/2010/03/10/KMLB/KMLB20100310_140841_V03.gz', 's3://unidata-nexrad-level2/2010/03/10/KTBW/KTBW20100310_140750_V03.gz', 's3://unidata-nexrad-level2/2010/03/10/KCLX/KCLX20100310_140525_V03.gz']"
F,C340,GYB UA /OV AUS090040 /TM 1845 /FL160 /TP C340 /SK SCT-BKN-TOP100 /TA M03 /WV 23020KT /TB NEG /IC NEG,NEG,,16000.0,30.1945278,-96.89850969357228,2010-03-15 18:45:00,0.0,L,"('KGRK', 'KEWX', 'KHGX', 'KFWS', 'KCRP')","['s3://unidata-nexrad-level2/2010/03/15/KGRK/KGRK20100315_184457_V03.gz', 's3://unidata-nexrad-level2/2010/03/15/KEWX/KEWX20100315_184107_V03.gz', 's3://unidata-nexrad-level2/2010/03/15/KHGX/KHGX20100315_183440_V03.gz', 's3://unidata-nexrad-level2/2010/03/15/KFWS/KFWS20100315_183641_V03.gz', 's3://unidata-nexrad-level2/2010/03/15/KCRP/KCRP20100315_183948_V03.gz']"
T,C172,LCI UUA /OV LCI /TM 1420 /FL060 /TP C172 /TB SEV /RM SEV DWN DRAFTS UNABLE TO HOLD ALT,SEV,,6000.0,43.57348238,-71.42154495,2010-03-09 14:20:00,5.0,L,"('KGYX', 'KCXX', 'KBOX', 'KENX', 'KOKX')","['s3://unidata-nexrad-level2/2010/03/09/KGYX/KGYX20100309_141231_V03.gz', 's3://unidata-nexrad-level2/2010/03/09/KCXX/KCXX20100309_141627_V03.gz', 's3://unidata-nexrad-level2/2010/03/09/KBOX/KBOX20100309_141925_V03.gz', 's3://unidata-nexrad-level2/2010/03/09/KENX/KENX20100309_141156_V03.gz', 's3://unidata-nexrad-level2/2010/03/09/KOKX/KOKX20100309_141611_V03.gz']"
F,CRJ2,GJT UA /OV GJT180008 /TM 1845 /FL100 /TP CRJ2 /TB MOD 100-110,MOD 100-110,,10000.0,39.000825866655866,-108.54,2010-03-30 18:45:00,3.0,M,"('KGJX', 'KFTG', 'KCYS', 'KRIW', 'KABX')","['s3://unidata-nexrad-level2/2010/03/30/KGJX/KGJX20100330_183954_V03.gz', 's3://unidata-nexrad-level2/2010/03/30/KFTG/KFTG20100330_183844_V03.gz', 's3://unidata-nexrad-level2/2010/03/30/KCYS/KCYS20100330_183957_V03.gz', 's3://unidata-nexrad-level2/2010/03/30/KRIW/KRIW20100330_184026_V03.gz', 's3://unidata-nexrad-level2/2010/03/30/KABX/KABX20100330_184305_V03.gz']"
T,C180,TSP UUA /OV KTSP/TM 1651/FL075/TP C180/TB SEV/RM AWC-WEB:KZLA,SEV,201003261720-KWBC-UBCA91-PIREP,7500.0,35.25,-118.33,2010-03-26 16:51:00,5.0,L,"('KEYX', 'KVTX', 'KHNX', 'KSOX', 'KVBX')","['s3://unidata-nexrad-level2/2010/03/26/KVTX/KVTX20100326_164903_V03.gz', 's3://unidata-nexrad-level2/2010/03/26/KHNX/KHNX20100326_164422_V03.gz', 's3://unidata-nexrad-level2/2010/03/26/KSOX/KSOX20100326_165056_V03.gz']"
F,CRJ9,PDT UA /OV PDT140020/TM 0110/FL370/TP CRJ9/TB MOD/RM ..ZSE ..ZSE,MOD,201003160200-KMSC-UBUS01-PIREP,37000.0,45.44463116907303,-118.63319129132066,2010-03-16 01:10:00,3.0,U,"('KPDT', 'KCBX', 'KOTX', 'KRTX', 'KMSX')","['s3://unidata-nexrad-level2/2010/03/16/KPDT/KPDT20100316_010435_V03.gz', 's3://unidata-nexrad-level2/2010/03/16/KCBX/KCBX20100316_010338_V04.gz', 's3://unidata-nexrad-level2/2010/03/16/KOTX/KOTX20100316_010022_V03.gz', 's3://unidata-nexrad-level2/2010/03/16/KRTX/KRTX20100316_010354_V03.gz', 's3://unidata-nexrad-level2/2010/03/16/KMSX/KMSX20100316_010414_V04.gz']"
T,C210,COS UUA /OV COS135010 /TM 1738 /FL080 /TP C210 /TB SEV,SEV,201003121745-KWBC-UBCO90-PIREP,8000.0,38.70213932385115,-104.56872574383974,2010-03-12 17:38:00,5.0,L,"('KPUX', 'KFTG', 'KGLD', 'KCYS', 'KGJX')","['s3://unidata-nexrad-level2/2010/03/12/KPUX/KPUX20100312_173110_V03.gz', 's3://unidata-nexrad-level2/2010/03/12/KFTG/KFTG20100312_173133_V03.gz', 's3://unidata-nexrad-level2/2010/03/12/KGLD/KGLD20100312_173707_V03.gz', 's3://unidata-nexrad-level2/2010/03/12/KCYS/KCYS20100312_173556_V03.gz', 's3://unidata-nexrad-level2/2010/03/12/KGJX/KGJX20100312_172814_V03.gz']"
T,MD80,TPH UUA /OV OAL120010/TM 0343/FL280/TP MD80/TB MDT-SEV/RM AWC-WEB:KZOA,MDT-SEV,201003090400-KWBC-UBNV90-PIREP,28000.0,37.91665991665992,-117.58681816143832,2010-03-09 03:43:00,5.0,M,"('KHNX', 'KRGX', 'KEYX', 'KLRX', 'KESX')","['s3://unidata-nexrad-level2/2010/03/09/KHNX/KHNX20100309_033846_V03.gz', 's3://unidata-nexrad-level2/2010/03/09/KRGX/KRGX20100309_034017_V03.gz', 's3://unidata-nexrad-level2/2010/03/09/KLRX/KLRX20100309_033914_V03.gz', 's3://unidata-nexrad-level2/2010/03/09/KESX/KESX20100309_034100_V03.gz']"
F,F900,ASE UA /OV ASE325004 /TM 1738 /FL110 /TP F900 /TB MOD 110-130,MOD 110-130,201003301745-KWBC-UBCO90-PIREP,11000.0,39.2746145597114,-106.919361495461,2010-03-30 17:38:00,3.0,M,"('KGJX', 'KFTG', 'KPUX', 'KCYS', 'KRIW')","['s3://unidata-nexrad-level2/2010/03/30/KGJX/KGJX20100330_173044_V03.gz', 's3://unidata-nexrad-level2/2010/03/30/KFTG/KFTG20100330_173039_V03.gz', 's3://unidata-nexrad-level2/2010/03/30/KPUX/KPUX20100330_175211_V03.gz', 's3://unidata-nexrad-level2/2010/03/30/KCYS/KCYS20100330_173216_V03.gz', 's3://unidata-nexrad-level2/2010/03/30/KRIW/KRIW20100330_173650_V03.gz']"
F,PA27,FLL UA /OV ZBV090040 /TM 1650 /FL075 /TP PA27 /SK SCT025 /WX FV08SM HZ /TB NEG /RM BKN CI ABV,NEG,,7500.0,25.67,-78.56027101238658,2010-03-28 16:50:00,0.0,L,"('KAMX', 'KAMX', 'KBYX', 'KMLB', 'KTBW')","['s3://unidata-nexrad-level2/2010/03/28/KAMX/KAMX20100328_164126_V03.gz', 's3://unidata-nexrad-level2/2010/03/28/KAMX/KAMX20100328_164126_V03.gz', 's3://unidata-nexrad-level2/2010/03/28/KBYX/KBYX20100328_164253_V03.gz', 's3://unidata-nexrad-level2/2010/03/28/KMLB/KMLB20100328_164716_V03.gz', 's3://unidata-nexrad-level2/2010/03/28/KTBW/KTBW20100328_164643_V03.gz']"
F,A321,FLO UA /OV 20SW FLO/TM 2053/FL160/TP A321/TB MOD TURB/RM REPORTED BTN160-FL210. CWSU ZJX,MOD TURB,,16000.0,33.9496386477023,-80.00884462441913,2010-03-12 20:53:00,3.0,M,"('KCAE', 'KLTX', 'KCLX', 'KGSP', 'KRAX')","['s3://unidata-nexrad-level2/2010/03/12/KCAE/KCAE20100312_204916_V03.gz', 's3://unidata-nexrad-level2/2010/03/12/KLTX/KLTX20100312_204716_V03.gz', 's3://unidata-nexrad-level2/2010/03/12/KCLX/KCLX20100312_205047_V03.gz', 's3://unidata-nexrad-level2/2010/03/12/KGSP/KGSP20100312_205056_V03.gz', 's3://unidata-nexrad-level2/2010/03/12/KRAX/KRAX20100312_205217_V03.gz']"
F,K35R,MLC UA /OV OKM225015/TM 1838/FL160/TP K35R/TA 00/TB MOD/IC TRACE RIME/RM AWC-WEB:KZFW,MOD,201003101905-KWBC-UBOK90-PIREP,16000.0,35.51320898577672,-96.08767323392556,2010-03-10 18:38:00,3.0,H,"('KINX', 'KTLX', 'KOUN', 'KSRX', 'KVNX')","['s3://unidata-nexrad-level2/2010/03/10/KINX/KINX20100310_183613_V03.gz', 's3://unidata-nexrad-level2/2010/03/10/KTLX/KTLX20100310_183657_V03.gz', 's3://unidata-nexrad-level2/2010/03/10/KSRX/KSRX20100310_183705_V03.gz', 's3://unidata-nexrad-level2/2010/03/10/KVNX/KVNX20100310_183743_V03.gz']"
T,B737,RSW UUA /OV RSW040030/TM 0115/FL070/TP B737/TB SEV 070-120/RM CWSU ZMA,SEV 070-120,201003130130-KWBC-UBFL90-PIREP,7000.0,26.91305324639046,-81.42075151613376,2010-03-13 01:15:00,5.0,M,"('KTBW', 'KMLB', 'KAMX', 'KAMX', 'KBYX')","['s3://unidata-nexrad-level2/2010/03/13/KTBW/KTBW20100313_011058_V03.gz', 's3://unidata-nexrad-level2/2010/03/13/KMLB/KMLB20100313_011224_V03.gz', 's3://unidata-nexrad-level2/2010/03/13/KAMX/KAMX20100313_011443_V03.gz', 's3://unidata-nexrad-level2/2010/03/13/KAMX/KAMX20100313_011443_V03.gz', 's3://unidata-nexrad-level2/2010/03/13/KBYX/KBYX20100313_011049_V03.gz']"
T,PC12,TRK UUA /OV TRK/TM 1849/FL115/TP PC12/TB SEV CAT BLO 115/RM ZOA CWSU,SEV CAT BLO 115,,11500.0,39.32004,-120.13956,2010-03-29 18:49:00,5.0,L,"('KRGX', 'KBBX', 'KDAX', 'KMUX', 'KHNX')","['s3://unidata-nexrad-level2/2010/03/29/KRGX/KRGX20100329_184445_V03.gz', 's3://unidata-nexrad-level2/2010/03/29/KBBX/KBBX20100329_184639_V04.gz', 's3://unidata-nexrad-level2/2010/03/29/KDAX/KDAX20100329_184410_V03.gz', 's3://unidata-nexrad-level2/2010/03/29/KMUX/KMUX20100329_191217_V03.gz', 's3://unidata-nexrad-level2/2010/03/29/KHNX/KHNX20100329_184208_V03.gz']"
F,PC12,CVO UA /OV CVO090018 /TM 0417 /FL260 /TP PC12 /SK BKN-TOP180/ SKC /WX FV10SM /TA M42 /WV 17739KT /TB NEG /IC TRACE,NEG,201003030425-KWBC-UBOR90-PIREP,26000.0,44.5,-122.86935631112452,2010-03-03 04:17:00,0.0,L,"('KRTX', 'KMAX', 'KLGX', 'KPDT', 'KATX')","['s3://unidata-nexrad-level2/2010/03/03/KRTX/KRTX20100303_041401_V03.gz', 's3://unidata-nexrad-level2/2010/03/03/KMAX/KMAX20100303_041350_V03.gz', 's3://unidata-nexrad-level2/2010/03/03/KPDT/KPDT20100303_041336_V03.gz', 's3://unidata-nexrad-level2/2010/03/03/KATX/KATX20100303_041442_V03.gz']"
F,B733,MMH UA /OV MOD090100/TM 0317/FL320/TP B733/TB CONT LGT CAT 320/RM OCNL MOD 320 TO 280 SMOOTH 260 AWC-WEB:SWA,CONT LGT CAT 320,201003020325-KWBC-UBCA90-PIREP,32000.0,37.63,-118.85537288893508,2010-03-02 03:17:00,1.0,M,"('KHNX', 'KDAX', 'KRGX', 'KEYX', 'KBBX')","['s3://unidata-nexrad-level2/2010/03/02/KHNX/KHNX20100302_031539_V03.gz', 's3://unidata-nexrad-level2/2010/03/02/KDAX/KDAX20100302_031404_V03.gz', 's3://unidata-nexrad-level2/2010/03/02/KRGX/KRGX20100302_031159_V03.gz', 's3://unidata-nexrad-level2/2010/03/02/KBBX/KBBX20100302_031512_V04.gz']"
T,C150,TUS UUA /OV SSO080003/TM 1610/FL080/TP C150/TB SEV/RM /ZAB UPDRAFT+1000FT,SEV,,8000.0,32.27868311215917,-109.20175995392586,2010-03-26 16:10:00,5.0,L,"('KEMX', 'KEPZ', 'KIWA', 'KFSX', 'KFSX')","['s3://unidata-nexrad-level2/2010/03/26/KEMX/KEMX20100326_160445_V03.gz', 's3://unidata-nexrad-level2/2010/03/26/KEPZ/KEPZ20100326_160129_V03.gz', 's3://unidata-nexrad-level2/2010/03/26/KIWA/KIWA20100326_160145_V03.gz', 's3://unidata-nexrad-level2/2010/03/26/KFSX/KFSX20100326_160859_V03.gz', 's3://unidata-nexrad-level2/2010/03/26/KFSX/KFSX20100326_160859_V03.gz']"
F,B737,RDM UA /OV KEUG100053/TM 0118/FL300/TP B737/TB CONT LGT CHOP 300/RM AWC-WEB:ASA,CONT LGT CHOP 300,201003010120-KWBC-UBOR90-PIREP,30000.0,43.96659835185467,-122.00812623686248,2010-03-01 01:18:00,1.0,M,"('KRTX', 'KMAX', 'KPDT', 'KLGX', 'KBHX')","['s3://unidata-nexrad-level2/2010/03/01/KRTX/KRTX20100301_011519_V03.gz', 's3://unidata-nexrad-level2/2010/03/01/KMAX/KMAX20100301_011025_V03.gz', 's3://unidata-nexrad-level2/2010/03/01/KPDT/KPDT20100301_011423_V03.gz', 's3://unidata-nexrad-level2/2010/03/01/KBHX/KBHX20100301_011240_V03.gz']"
T,C441,RSW UUA /OV RSW020050/TM 2200/FL070/TP C441/TB SEV-EXTRM/RM CWSU ZMA,SEV-EXTRM,,7000.0,27.321200613303592,-81.43812074506017,2010-03-12 22:00:00,6.0,L,"('KTBW', 'KMLB', 'KAMX', 'KAMX', 'KBYX')","['s3://unidata-nexrad-level2/2010/03/12/KTBW/KTBW20100312_215933_V03.gz', 's3://unidata-nexrad-level2/2010/03/12/KMLB/KMLB20100312_215546_V03.gz', 's3://unidata-nexrad-level2/2010/03/12/KAMX/KAMX20100312_215720_V03.gz', 's3://unidata-nexrad-level2/2010/03/12/KAMX/KAMX20100312_215720_V03.gz', 's3://unidata-nexrad-level2/2010/03/12/KBYX/KBYX20100312_215551_V03.gz']"
F,CRJ2,CDC UA /OV DTA180020/TM 0033/FL290/TP CRJ2/TB MOD/ZLC,MOD,,29000.0,39.04723966663967,-112.5077,2010-03-01 00:33:00,3.0,M,"('KICX', 'KMTX', 'KGJX', 'KSFX', 'KESX')","['s3://unidata-nexrad-level2/2010/03/01/KICX/KICX20100301_002919_V03.gz', 's3://unidata-nexrad-level2/2010/03/01/KMTX/KMTX20100301_002606_V03.gz', 's3://unidata-nexrad-level2/2010/03/01/KGJX/KGJX20100301_003017_V03.gz', 's3://unidata-nexrad-level2/2010/03/01/KSFX/KSFX20100301_003036_V03.gz', 's3://unidata-nexrad-level2/2010/03/01/KESX/KESX20100301_002411_V03.gz']"
T,A319,DCA UUA /OV BKT/TM 1735/FL260/TP A319/TB SEV,SEV,,26000.0,37.0742,-77.9575,2010-03-29 17:35:00,5.0,M,"('KAKQ', 'KRAX', 'KFCX', 'KMHX', 'KLWX')","['s3://unidata-nexrad-level2/2010/03/29/KAKQ/KAKQ20100329_173257_V03.gz', 's3://unidata-nexrad-level2/2010/03/29/KRAX/KRAX20100329_172930_V03.gz', 's3://unidata-nexrad-level2/2010/03/29/KFCX/KFCX20100329_173322_V03.gz', 's3://unidata-nexrad-level2/2010/03/29/KMHX/KMHX20100329_173350_V03.gz', 's3://unidata-nexrad-level2/2010/03/29/KLWX/KLWX20100329_173444_V03.gz']"
F,E45,IND UA /OV VHP270040/TM 2118/FL350/TP E45/TB LGT-MOD,LGT-MOD,,35000.0,39.81,-87.23793172301681,2010-03-31 21:18:00,2.0,U,"('KIND', 'KVWX', 'KILX', 'KLOT', 'KIWX')","['s3://unidata-nexrad-level2/2010/03/31/KIND/KIND20100331_211047_V03.gz', 's3://unidata-nexrad-level2/2010/03/31/KVWX/KVWX20100331_211503_V03.gz', 's3://unidata-nexrad-level2/2010/03/31/KILX/KILX20100331_211301_V03.gz', 's3://unidata-nexrad-level2/2010/03/31/KLOT/KLOT20100331_211053_V03.gz', 's3://unidata-nexrad-level2/2010/03/31/KIWX/KIWX20100331_211723_V03.gz']"
F,BE99,MHT UA /OV MHT /TM 1319 /FL008 /TP BE99 /SK OVC008-TOPUNKN /TB LGT-OCNL MOD /RM DURC TA 06 AT 040,LGT-OCNL MOD,,800.0,42.93281,-71.43575,2010-03-30 13:19:00,2.0,L,"('KBOX', 'KGYX', 'KENX', 'KCXX', 'KOKX')","['s3://unidata-nexrad-level2/2010/03/30/KBOX/KBOX20100330_131702_V03.gz', 's3://unidata-nexrad-level2/2010/03/30/KGYX/KGYX20100330_131325_V03.gz', 's3://unidata-nexrad-level2/2010/03/30/KENX/KENX20100330_131835_V03.gz', 's3://unidata-nexrad-level2/2010/03/30/KCXX/KCXX20100330_131044_V03.gz', 's3://unidata-nexrad-level2/2010/03/30/KOKX/KOKX20100330_131806_V03.gz']"
T,GLF5,RNO UUA /OV FMG325040/TM 2038/FL490/TP GLF5/TB SEV/RM ZOA CWSU,SEV,201003292045-KWBC-UBNV91-PIREP,49000.0,40.07614559711396,-120.1558116351996,2010-03-29 20:38:00,5.0,M,"('KRGX', 'KBBX', 'KDAX', 'KLRX', 'KBHX')","['s3://unidata-nexrad-level2/2010/03/29/KRGX/KRGX20100329_203619_V03.gz', 's3://unidata-nexrad-level2/2010/03/29/KBBX/KBBX20100329_203626_V04.gz', 's3://unidata-nexrad-level2/2010/03/29/KDAX/KDAX20100329_203450_V03.gz', 's3://unidata-nexrad-level2/2010/03/29/KLRX/KLRX20100329_202937_V03.gz', 's3://unidata-nexrad-level2/2010/03/29/KBHX/KBHX20100329_203212_V03.gz']"
T,B737,PAKT UUA /OV KTN 290014 /TM 2041 /FL050 /TP B737 /TB MOD /RM CONTLLWS +/- 20 KTS FROM TONGS TO LNDG RWY11,MOD,,5000.0,55.429811164296495,-132.09567373354687,2010-03-14 20:41:00,3.0,M,"('PACG', 'KLGX', 'KATX', 'KRTX', 'PAIH')","['s3://unidata-nexrad-level2/2010/03/14/KATX/KATX20100314_203120_V03.gz', 's3://unidata-nexrad-level2/2010/03/14/KRTX/KRTX20100314_203607_V03.gz']"
F,B757,PUB UA /OV PUB 125040/TM 1633/FL380/TP B757/TB MOD CHOP/RM CWSU ZDV,MOD CHOP,,38000.0,37.907584735940766,-103.80250077169713,2010-03-02 16:33:00,3.0,M,"('KPUX', 'KGLD', 'KFTG', 'KDDC', 'KAMA')","['s3://unidata-nexrad-level2/2010/03/02/KFTG/KFTG20100302_163155_V03.gz', 's3://unidata-nexrad-level2/2010/03/02/KDDC/KDDC20100302_162657_V03.gz', 's3://unidata-nexrad-level2/2010/03/02/KAMA/KAMA20100302_162829_V03.gz']"
F,C210,SDB UA /OV SMO-GMN /TM 1522 /FL120 /TP C210 /TB LGT CHOP,LGT CHOP,,12000.0,34.4105,-118.65354,2010-03-31 15:22:00,1.0,L,"('KVTX', 'KSOX', 'KEYX', 'KVBX', 'KHNX')","['s3://unidata-nexrad-level2/2010/03/31/KVTX/KVTX20100331_151858_V03.gz', 's3://unidata-nexrad-level2/2010/03/31/KSOX/KSOX20100331_152029_V03.gz', 's3://unidata-nexrad-level2/2010/03/31/KHNX/KHNX20100331_152026_V03.gz']"
F,B737,COU UA /OV HLV063026/TM 0254/FL400/TP B737/SK CLR/TA M33/WV 328038KT/TB NEG/RM AWC-WEB:ATRA,NEG,201003300310-KWBC-UBMO90-PIREP,40000.0,39.30674515163628,-91.63236367240113,2010-03-30 02:54:00,0.0,M,"('KLSX', 'KEAX', 'KDVN', 'KSGF', 'KILX')","['s3://unidata-nexrad-level2/2010/03/30/KLSX/KLSX20100330_024654_V03.gz', 's3://unidata-nexrad-level2/2010/03/30/KEAX/KEAX20100330_025206_V03.gz', 's3://unidata-nexrad-level2/2010/03/30/KDVN/KDVN20100330_025222_V03.gz', 's3://unidata-nexrad-level2/2010/03/30/KSGF/KSGF20100330_024934_V03.gz', 's3://unidata-nexrad-level2/2010/03/30/KILX/KILX20100330_024723_V03.gz']"
F,B735,PVU UA /OV DTA 270080/TM 1516/FL330/TP B735/TB LGT-MOD CHOP/RM ZLC,LGT-MOD CHOP,201003231500-KMSC-UBUS01-PIREP,33000.0,39.3,-114.23314815989286,2010-03-23 15:16:00,2.0,M,"('KICX', 'KLRX', 'KMTX', 'KESX', 'KSFX')","['s3://unidata-nexrad-level2/2010/03/23/KICX/KICX20100323_151030_V03.gz', 's3://unidata-nexrad-level2/2010/03/23/KLRX/KLRX20100323_151203_V03.gz', 's3://unidata-nexrad-level2/2010/03/23/KMTX/KMTX20100323_151521_V03.gz', 's3://unidata-nexrad-level2/2010/03/23/KESX/KESX20100323_151354_V03.gz', 's3://unidata-nexrad-level2/2010/03/23/KSFX/KSFX20100323_151208_V03.gz']"
F,PA24,MEZ UA /OV PGO090020 /TM 1321 /FL055 /TP PA24 /SK SKC /WX FV99SM /TA 04 /TB NEG,NEG,,5500.0,34.68,-94.20462115912152,2010-03-26 13:21:00,0.0,L,"('KSRX', 'KLZK', 'KINX', 'KSHV', 'KSGF')","['s3://unidata-nexrad-level2/2010/03/26/KSRX/KSRX20100326_131634_V03.gz', 's3://unidata-nexrad-level2/2010/03/26/KLZK/KLZK20100326_131254_V03.gz', 's3://unidata-nexrad-level2/2010/03/26/KINX/KINX20100326_131510_V03.gz', 's3://unidata-nexrad-level2/2010/03/26/KSHV/KSHV20100326_131421_V03.gz', 's3://unidata-nexrad-level2/2010/03/26/KSGF/KSGF20100326_131724_V03.gz']"
F,BE36,MOB UA /OV GCV /TM 1856 /FL100 /TP BE36 /SK BKN-TOP045 /TA 04 /WV 23070KT /TB NEG,NEG,201003211900-KMSC-UBUS01-PIREP,10000.0,31.1,-88.49,2010-03-21 18:56:00,0.0,L,"('KMOB', 'KLIX', 'KDGX', 'KHDC', 'KEVX')","['s3://unidata-nexrad-level2/2010/03/21/KMOB/KMOB20100321_185017_V03.gz', 's3://unidata-nexrad-level2/2010/03/21/KLIX/KLIX20100321_185044_V03.gz', 's3://unidata-nexrad-level2/2010/03/21/KDGX/KDGX20100321_185349_V03.gz', 's3://unidata-nexrad-level2/2010/03/21/KEVX/KEVX20100321_185527_V04.gz']"
F,A320,HTS UA /OV HNN270015/TM 0004/FL380/TP A320/TB LGT-MOD CHOP,LGT-MOD CHOP,201003010045-KWBC-UBWV90-PIREP,38000.0,38.75,-82.35058626045324,2010-03-01 00:04:00,2.0,M,"('KRLX', 'KJKL', 'KILN', 'KCLE', 'KMRX')","['s3://unidata-nexrad-level2/2010/02/28/KRLX/KRLX20100228_235542_V04.gz', 's3://unidata-nexrad-level2/2010/02/28/KJKL/KJKL20100228_235525_V03.gz', 's3://unidata-nexrad-level2/2010/03/01/KILN/KILN20100301_000055_V03.gz', 's3://unidata-nexrad-level2/2010/02/28/KCLE/KCLE20100228_235524_V03.gz', 's3://unidata-nexrad-level2/2010/02/28/KMRX/KMRX20100228_235944_V03.gz']"
F,B733,CTY UA /OV CTY 175050/TM 1451/FL280/TP B733/TB LGT/RM ZJX,LGT,,28000.0,28.80530050838085,-83.02118277393598,2010-03-07 14:51:00,1.0,M,"('KTBW', 'KTLH', 'KMLB', 'KJAX', 'KVAX')","['s3://unidata-nexrad-level2/2010/03/07/KTBW/KTBW20100307_144713_V03.gz', 's3://unidata-nexrad-level2/2010/03/07/KTLH/KTLH20100307_145021_V03.gz', 's3://unidata-nexrad-level2/2010/03/07/KMLB/KMLB20100307_144809_V03.gz', 's3://unidata-nexrad-level2/2010/03/07/KJAX/KJAX20100307_145012_V03.gz']"
F,B373,PSP UA /OV PSP/TM 1416/FL120/TP B373/TB LGT-MOD SFC-120/RM AWC-WEB:KZLA,LGT-MOD SFC-120,,12000.0,33.82967,-116.50669,2010-03-27 14:16:00,2.0,M,"('KSOX', 'KNKX', 'KEYX', 'KYUX', 'KESX')","['s3://unidata-nexrad-level2/2010/03/27/KSOX/KSOX20100327_140940_V03.gz', 's3://unidata-nexrad-level2/2010/03/27/KNKX/KNKX20100327_141516_V03.gz', 's3://unidata-nexrad-level2/2010/03/27/KYUX/KYUX20100327_141036_V03.gz', 's3://unidata-nexrad-level2/2010/03/27/KESX/KESX20100327_141411_V03.gz']"
F,BE60,BCE UA /OV BCE090045 /TM 2242 /FL190 /TP BE60 /TA M21 /WV 33086KT /TB NEG,NEG,201003192250-KWBC-UBUT90-PIREP,19000.0,37.69,-111.35215205955664,2010-03-19 22:42:00,0.0,L,"('KICX', 'KGJX', 'KFSX', 'KFSX', 'KESX')","['s3://unidata-nexrad-level2/2010/03/19/KICX/KICX20100319_223701_V03.gz', 's3://unidata-nexrad-level2/2010/03/19/KGJX/KGJX20100319_224136_V03.gz', 's3://unidata-nexrad-level2/2010/03/19/KFSX/KFSX20100319_224129_V03.gz', 's3://unidata-nexrad-level2/2010/03/19/KFSX/KFSX20100319_224129_V03.gz', 's3://unidata-nexrad-level2/2010/03/19/KESX/KESX20100319_224106_V03.gz']"
T,P180,SFO UUA /OV SAU020020/TM 1900/FL100/TP P180/TB SEV/RM ZOA CWSU,SEV,201003301910-KWBC-UBCA91-PIREP,10000.0,38.17325624532143,-122.37558694296872,2010-03-30 19:00:00,5.0,L,"('KDAX', 'KMUX', 'KBBX', 'KBHX', 'KHNX')","['s3://unidata-nexrad-level2/2010/03/30/KDAX/KDAX20100330_185706_V03.gz', 's3://unidata-nexrad-level2/2010/03/30/KMUX/KMUX20100330_185642_V03.gz', 's3://unidata-nexrad-level2/2010/03/30/KBBX/KBBX20100330_185959_V04.gz', 's3://unidata-nexrad-level2/2010/03/30/KBHX/KBHX20100330_185600_V03.gz', 's3://unidata-nexrad-level2/2010/03/30/KHNX/KHNX20100330_185721_V03.gz']"
F,BE36,YNG UA /OV YNG180010 /TM 2002 /FL040 /TP BE36 /TB LGT,LGT,,4000.0,41.08775983331984,-80.67389,2010-03-28 20:02:00,1.0,L,"('KPBZ', 'KCLE', 'KCCX', 'KBUF', 'KRLX')","['s3://unidata-nexrad-level2/2010/03/28/KPBZ/KPBZ20100328_195811_V03.gz', 's3://unidata-nexrad-level2/2010/03/28/KCLE/KCLE20100328_200039_V03.gz', 's3://unidata-nexrad-level2/2010/03/28/KCCX/KCCX20100328_195935_V03.gz', 's3://unidata-nexrad-level2/2010/03/28/KBUF/KBUF20100328_200110_V03.gz', 's3://unidata-nexrad-level2/2010/03/28/KRLX/KRLX20100328_195841_V04.gz']"
F,B737,SEA UA /OV SEA160035/TM 1333/FL270/TP B737/TB LGT OCNL MOD CHOP150-270/RM DURC ..ZSE ..ZSE,LGT OCNL MOD CHOP150-270,,27000.0,46.89649157068749,-122.01934200411203,2010-03-29 13:33:00,2.0,M,"('KATX', 'KRTX', 'KLGX', 'KPDT', 'KOTX')","['s3://unidata-nexrad-level2/2010/03/29/KATX/KATX20100329_132847_V03.gz', 's3://unidata-nexrad-level2/2010/03/29/KRTX/KRTX20100329_133158_V03.gz', 's3://unidata-nexrad-level2/2010/03/29/KPDT/KPDT20100329_132859_V03.gz', 's3://unidata-nexrad-level2/2010/03/29/KOTX/KOTX20100329_133029_V03.gz']"
T,A319,ORL UUA /OV TAY180104/TM 1737/FL350/TP A319/TB SEV/RM ZJX CWSU,SEV,,35000.0,28.766526266526267,-82.55,2010-03-11 17:37:00,5.0,M,"('KTBW', 'KTLH', 'KMLB', 'KJAX', 'KVAX')","['s3://unidata-nexrad-level2/2010/03/11/KTBW/KTBW20100311_173313_V03.gz', 's3://unidata-nexrad-level2/2010/03/11/KTLH/KTLH20100311_173526_V03.gz', 's3://unidata-nexrad-level2/2010/03/11/KMLB/KMLB20100311_173449_V03.gz', 's3://unidata-nexrad-level2/2010/03/11/KJAX/KJAX20100311_173526_V03.gz']"
T,B767,ILM UUA /OV CLB/TM 1139/FL290/TP B767/TB SEV/RM COULD NOT HOLD ALTITUDE AT FL290,SEV,201003121150-KWBC-UBNC90-PIREP,29000.0,34.11,-77.96,2010-03-12 11:39:00,5.0,H,"('KLTX', 'KMHX', 'KRAX', 'KCAE', 'KCLX')","['s3://unidata-nexrad-level2/2010/03/12/KLTX/KLTX20100312_113752_V03.gz', 's3://unidata-nexrad-level2/2010/03/12/KMHX/KMHX20100312_113655_V03.gz', 's3://unidata-nexrad-level2/2010/03/12/KRAX/KRAX20100312_113837_V03.gz', 's3://unidata-nexrad-level2/2010/03/12/KCAE/KCAE20100312_113804_V03.gz', 's3://unidata-nexrad-level2/2010/03/12/KCLX/KCLX20100312_113603_V03.gz']"
T,SR22,ROA UUA /OV ROA315005 /TM 1451 /FL060 /TP SR22 /TB SEV,SEV,,6000.0,37.37617049807442,-80.04777823862294,2010-03-30 14:51:00,5.0,L,"('KFCX', 'KRLX', 'KRAX', 'KAKQ', 'KLWX')","['s3://unidata-nexrad-level2/2010/03/30/KFCX/KFCX20100330_144956_V03.gz', 's3://unidata-nexrad-level2/2010/03/30/KRLX/KRLX20100330_145013_V04.gz', 's3://unidata-nexrad-level2/2010/03/30/KRAX/KRAX20100330_144826_V03.gz', 's3://unidata-nexrad-level2/2010/03/30/KAKQ/KAKQ20100330_144928_V03.gz', 's3://unidata-nexrad-level2/2010/03/30/KLWX/KLWX20100330_145001_V03.gz']"
T,C172,RSW UUA /OV LBV010020/TM 1840/FL050/TP C172/TB SEV/RM IN CLOUDS. 200FOOT UPDRAFT. ZMA CWSU.,SEV,,5000.0,27.15829584083999,-81.32512922146216,2010-03-26 18:40:00,5.0,L,"('KTBW', 'KMLB', 'KAMX', 'KAMX', 'KBYX')","['s3://unidata-nexrad-level2/2010/03/26/KTBW/KTBW20100326_183546_V03.gz', 's3://unidata-nexrad-level2/2010/03/26/KMLB/KMLB20100326_183730_V03.gz', 's3://unidata-nexrad-level2/2010/03/26/KAMX/KAMX20100326_183739_V03.gz', 's3://unidata-nexrad-level2/2010/03/26/KAMX/KAMX20100326_183739_V03.gz', 's3://unidata-nexrad-level2/2010/03/26/KBYX/KBYX20100326_183950_V03.gz']"
F,B744,UA /OV CYAZ 315190 /TM 0845 /FL300 /TP B744 /TB SEV /RM LGT TURB ATF320,SEV,,30000.0,51.31900085682815,-129.18536720264828,2010-03-02 08:45:00,5.0,H,"('KLGX', 'KATX', 'KRTX', 'PACG', 'KMAX')","['s3://unidata-nexrad-level2/2010/03/02/KATX/KATX20100302_084414_V03.gz', 's3://unidata-nexrad-level2/2010/03/02/KRTX/KRTX20100302_084132_V03.gz', 's3://unidata-nexrad-level2/2010/03/02/KMAX/KMAX20100302_084445_V03.gz']"
T,PA32,TVL UUA /OV SWR 120012/TM 1855/FL115/TP PA32/TB SEV/RM SEV TURB JUSTNORTH OF TVL ZOA CWSU,SEV,,11500.0,39.0799918999919,-120.04653906371308,2010-03-28 18:55:00,5.0,L,"('KBBX', 'KRGX', 'KDAX', 'KMUX', 'KHNX')","['s3://unidata-nexrad-level2/2010/03/28/KBBX/KBBX20100328_185152_V04.gz', 's3://unidata-nexrad-level2/2010/03/28/KRGX/KRGX20100328_185308_V03.gz', 's3://unidata-nexrad-level2/2010/03/28/KDAX/KDAX20100328_184558_V03.gz', 's3://unidata-nexrad-level2/2010/03/28/KMUX/KMUX20100328_185351_V03.gz', 's3://unidata-nexrad-level2/2010/03/28/KHNX/KHNX20100328_184841_V03.gz']"
F,PC12,GGG UA /OV LFK360060/TM 1815/FL270/TP PC12/TB MOD/RM AWC-WEB:KZFW,MOD,201003161825-KWBC-UBTX90-PIREP,27000.0,32.160081000081,-94.72,2010-03-16 18:15:00,3.0,L,"('KSHV', 'KPOE', 'KFWS', 'KLCH', 'KGRK')","['s3://unidata-nexrad-level2/2010/03/16/KSHV/KSHV20100316_181336_V03.gz', 's3://unidata-nexrad-level2/2010/03/16/KFWS/KFWS20100316_180555_V03.gz', 's3://unidata-nexrad-level2/2010/03/16/KLCH/KLCH20100316_181243_V03.gz', 's3://unidata-nexrad-level2/2010/03/16/KGRK/KGRK20100316_181418_V03.gz']"
F,UNKN,BOS UA /OV BOS /TM 1457 /FL020 /TP UNKN /TB LGT CHOP /RM 020-080 NEG TB TA M01,LGT CHOP,201003181500-KMSC-UBUS01-PIREP,2000.0,42.36,-70.99,2010-03-18 14:57:00,1.0,U,"('KBOX', 'KGYX', 'KOKX', 'KENX', 'KCXX')","['s3://unidata-nexrad-level2/2010/03/18/KBOX/KBOX20100318_144816_V03.gz', 's3://unidata-nexrad-level2/2010/03/18/KGYX/KGYX20100318_144730_V03.gz', 's3://unidata-nexrad-level2/2010/03/18/KOKX/KOKX20100318_145103_V03.gz', 's3://unidata-nexrad-level2/2010/03/18/KENX/KENX20100318_145142_V03.gz', 's3://unidata-nexrad-level2/2010/03/18/KCXX/KCXX20100318_144954_V03.gz']"
F,A320,MLS UA /OV MLS/TM 0005/FL300/TP A320/TB MOD/ZLC,MOD,,30000.0,46.42797,-105.88625,2010-03-09 00:05:00,3.0,M,"('KGGW', 'KBLX', 'KUDX', 'KBIS', 'KRIW')","['s3://unidata-nexrad-level2/2010/03/08/KGGW/KGGW20100308_235955_V03.gz', 's3://unidata-nexrad-level2/2010/03/09/KBLX/KBLX20100309_000407_V03.gz', 's3://unidata-nexrad-level2/2010/03/09/KUDX/KUDX20100309_000352_V03.gz', 's3://unidata-nexrad-level2/2010/03/09/KBIS/KBIS20100309_000419_V03.gz', 's3://unidata-nexrad-level2/2010/03/09/KRIW/KRIW20100309_000414_V03.gz']"
F,C56X,LIC UA /OV HGO /TM 0338 /FL410 /TP C56X /WX FV99SM /TA M50 /WV 26255KT /TB NEG,NEG,201003060300-KMSC-UBUS01-PIREP,41000.0,38.81,-103.63,2010-03-06 03:38:00,0.0,M,"('KPUX', 'KFTG', 'KGLD', 'KCYS', 'KDDC')","['s3://unidata-nexrad-level2/2010/03/06/KPUX/KPUX20100306_032912_V03.gz', 's3://unidata-nexrad-level2/2010/03/06/KFTG/KFTG20100306_033033_V03.gz', 's3://unidata-nexrad-level2/2010/03/06/KGLD/KGLD20100306_033604_V03.gz', 's3://unidata-nexrad-level2/2010/03/06/KCYS/KCYS20100306_033711_V03.gz', 's3://unidata-nexrad-level2/2010/03/06/KDDC/KDDC20100306_033431_V03.gz']"
T,C210,FVX UUA /OV OFP-FVX /TM 1855 /FL050 /TP C210 /TB SEV 050-000 /RM FAIRLY CONT SEV TURB SFC-050 1600Z-1855Z,SEV 050-000,,5000.0,37.533235,-77.937225,2010-03-31 18:55:00,5.0,L,"('KAKQ', 'KLWX', 'KRAX', 'KFCX', 'KDOX')","['s3://unidata-nexrad-level2/2010/03/31/KAKQ/KAKQ20100331_184954_V03.gz', 's3://unidata-nexrad-level2/2010/03/31/KLWX/KLWX20100331_184623_V03.gz', 's3://unidata-nexrad-level2/2010/03/31/KRAX/KRAX20100331_185441_V03.gz', 's3://unidata-nexrad-level2/2010/03/31/KFCX/KFCX20100331_185003_V03.gz', 's3://unidata-nexrad-level2/2010/03/31/KDOX/KDOX20100331_185133_V04.gz']"
T,E135,OYM UUA /OV SLT/TM 1612/FL250/TP E135/TB SEV,SEV,,25000.0,41.51,-77.97,2010-03-29 16:12:00,5.0,M,"('KCCX', 'KBGM', 'KPBZ', 'KBUF', 'KLWX')","['s3://unidata-nexrad-level2/2010/03/29/KCCX/KCCX20100329_160512_V03.gz', 's3://unidata-nexrad-level2/2010/03/29/KBGM/KBGM20100329_160306_V03.gz', 's3://unidata-nexrad-level2/2010/03/29/KPBZ/KPBZ20100329_160257_V03.gz', 's3://unidata-nexrad-level2/2010/03/29/KBUF/KBUF20100329_160332_V03.gz', 's3://unidata-nexrad-level2/2010/03/29/KLWX/KLWX20100329_160725_V03.gz']"
T,C525,CTY UUA /OV CTY045020 /TM 0017 /FL230 /TP C525 /TB SEV,SEV,,23000.0,29.871251352297698,-82.83355294345766,2010-03-13 00:17:00,5.0,L,"('KVAX', 'KJAX', 'KTLH', 'KTBW', 'KMLB')","['s3://unidata-nexrad-level2/2010/03/13/KJAX/KJAX20100313_001341_V03.gz', 's3://unidata-nexrad-level2/2010/03/13/KTLH/KTLH20100313_001140_V03.gz', 's3://unidata-nexrad-level2/2010/03/13/KTBW/KTBW20100313_001331_V03.gz', 's3://unidata-nexrad-level2/2010/03/13/KMLB/KMLB20100313_001655_V03.gz']"
T,CL30,ORF UUA /OV 3614N 0724W/TM 1419/FL410/TP CL30/TB MDT-SEV,MDT-SEV,,41000.0,36.2333,-7.4,2010-03-26 14:19:00,5.0,U,"('LPLA', 'KCBW', 'KGYX', 'KBOX', 'KOKX')","['s3://unidata-nexrad-level2/2010/03/26/KCBW/KCBW20100326_141827_V03.gz', 's3://unidata-nexrad-level2/2010/03/26/KGYX/KGYX20100326_141638_V03.gz', 's3://unidata-nexrad-level2/2010/03/26/KBOX/KBOX20100326_141746_V03.gz', 's3://unidata-nexrad-level2/2010/03/26/KOKX/KOKX20100326_141509_V03.gz']"
T,B767,MIA UUA /OV 2112N05915W/TM 2330/FL340/TP B767/TB SEV,SEV,201003080000-KMSC-UBUS01-PIREP,34000.0,21.2,-59.25,2010-03-07 23:30:00,5.0,H,"('KAMX', 'KAMX', 'KMHX', 'KMLB', 'KBYX')","['s3://unidata-nexrad-level2/2010/03/07/KAMX/KAMX20100307_232810_V03.gz', 's3://unidata-nexrad-level2/2010/03/07/KAMX/KAMX20100307_232810_V03.gz', 's3://unidata-nexrad-level2/2010/03/07/KMHX/KMHX20100307_232445_V03.gz', 's3://unidata-nexrad-level2/2010/03/07/KMLB/KMLB20100307_232506_V03.gz', 's3://unidata-nexrad-level2/2010/03/07/KBYX/KBYX20100307_232052_V03.gz']"
T,E145,HLR UUA /OV TPL270010/TM 2211/FL250/TP E145/TB SEV 250/RM FM ZHU AWC-WEB:KZHU,SEV 250,,25000.0,31.1525,-97.60254682275892,2010-03-07 22:11:00,5.0,M,"('KGRK', 'KFWS', 'KEWX', 'KDYX', 'KSJT')","['s3://unidata-nexrad-level2/2010/03/07/KGRK/KGRK20100307_220733_V03.gz', 's3://unidata-nexrad-level2/2010/03/07/KFWS/KFWS20100307_220839_V03.gz', 's3://unidata-nexrad-level2/2010/03/07/KEWX/KEWX20100307_221033_V03.gz', 's3://unidata-nexrad-level2/2010/03/07/KDYX/KDYX20100307_220922_V03.gz', 's3://unidata-nexrad-level2/2010/03/07/KSJT/KSJT20100307_221025_V03.gz']"
T,P46T,PGA UUA /OV TBC 064050/TM 2105/FL280/TP P46T/TB SEV/RM CWSU ZDV,SEV,,28000.0,36.48533887907289,-110.34270315704887,2010-03-09 21:05:00,5.0,L,"('KFSX', 'KFSX', 'KICX', 'KGJX', 'KABX')","['s3://unidata-nexrad-level2/2010/03/09/KFSX/KFSX20100309_210358_V03.gz', 's3://unidata-nexrad-level2/2010/03/09/KFSX/KFSX20100309_210358_V03.gz', 's3://unidata-nexrad-level2/2010/03/09/KICX/KICX20100309_210059_V03.gz', 's3://unidata-nexrad-level2/2010/03/09/KGJX/KGJX20100309_205910_V03.gz']"
T,C750,VGT UUA /OV LAS315015 /TM 2015 /FL080 /TP C750 /TB SEV /RM BTWN SFC-080,SEV,,8000.0,36.24869101422328,-115.38212530246165,2010-03-31 20:15:00,5.0,M,"('KESX', 'KEYX', 'KICX', 'KSOX', 'KNKX')","['s3://unidata-nexrad-level2/2010/03/31/KESX/KESX20100331_201455_V03.gz', 's3://unidata-nexrad-level2/2010/03/31/KICX/KICX20100331_201455_V03.gz', 's3://unidata-nexrad-level2/2010/03/31/KSOX/KSOX20100331_201039_V03.gz', 's3://unidata-nexrad-level2/2010/03/31/KNKX/KNKX20100331_201303_V03.gz']"
F,B737,MMH UA /OV MVA230015/TM 1334/FL290/TP B737/TB NEG/RM SMOOTH AT 290 AND SMOOTH IN CLIMB OUT FROM RNO. AWC-WEB:SWA,NEG,,29000.0,38.409290081116254,-118.27496687506452,2010-03-26 13:34:00,0.0,M,"('KRGX', 'KHNX', 'KDAX', 'KLRX', 'KBBX')","['s3://unidata-nexrad-level2/2010/03/26/KRGX/KRGX20100326_133059_V03.gz', 's3://unidata-nexrad-level2/2010/03/26/KHNX/KHNX20100326_133038_V03.gz', 's3://unidata-nexrad-level2/2010/03/26/KDAX/KDAX20100326_132434_V03.gz', 's3://unidata-nexrad-level2/2010/03/26/KLRX/KLRX20100326_132919_V03.gz', 's3://unidata-nexrad-level2/2010/03/26/KBBX/KBBX20100326_132935_V04.gz']"
T,BE36,PGD UUA /OV PGD070025 /TM 1412 /FL040 /TP BE36 /WX RA /TB EXTRM /RM 40 DEG WING PTCH EITHER SIDE UNCONTROLLED,EXTRM,,4000.0,27.059739936243744,-81.55224319219118,2010-03-02 14:12:00,7.0,L,"('KTBW', 'KMLB', 'KAMX', 'KAMX', 'KBYX')","['s3://unidata-nexrad-level2/2010/03/02/KTBW/KTBW20100302_140923_V03.gz', 's3://unidata-nexrad-level2/2010/03/02/KMLB/KMLB20100302_141130_V03.gz', 's3://unidata-nexrad-level2/2010/03/02/KAMX/KAMX20100302_141150_V03.gz', 's3://unidata-nexrad-level2/2010/03/02/KAMX/KAMX20100302_141150_V03.gz', 's3://unidata-nexrad-level2/2010/03/02/KBYX/KBYX20100302_140821_V03.gz']"
F,UNKN,W22 UA /OV PKB120040 /TM 1836 /FL260 /TP UNKN /TA M33 /TB CONT LGT CHOP,CONT LGT CHOP,201003121800-KMSC-UBUS01-PIREP,26000.0,39.01663966663967,-80.68332134681849,2010-03-12 18:36:00,1.0,U,"('KPBZ', 'KRLX', 'KFCX', 'KILN', 'KLWX')","['s3://unidata-nexrad-level2/2010/03/12/KPBZ/KPBZ20100312_183439_V03.gz', 's3://unidata-nexrad-level2/2010/03/12/KRLX/KRLX20100312_183114_V04.gz', 's3://unidata-nexrad-level2/2010/03/12/KFCX/KFCX20100312_183204_V03.gz', 's3://unidata-nexrad-level2/2010/03/12/KILN/KILN20100312_183354_V03.gz', 's3://unidata-nexrad-level2/2010/03/12/KLWX/KLWX20100312_183443_V03.gz']"
F,C172,CXO UA /OV CLL090075 /TM 2228 /FL075 /TP C172 /SK BKN045-TOP055/ SKC /TB NEG,NEG,,7500.0,30.58806,-94.91171595604176,2010-03-02 22:28:00,0.0,L,"('KHGX', 'KLCH', 'KPOE', 'KSHV', 'KGRK')","['s3://unidata-nexrad-level2/2010/03/02/KHGX/KHGX20100302_222447_V03.gz', 's3://unidata-nexrad-level2/2010/03/02/KLCH/KLCH20100302_221957_V03.gz', 's3://unidata-nexrad-level2/2010/03/02/KSHV/KSHV20100302_222215_V03.gz', 's3://unidata-nexrad-level2/2010/03/02/KGRK/KGRK20100302_222600_V03.gz']"
T,MU2,APA UUA /OV DEN225030 /TM 2225 /FL150 /TP MU2 /TB SEV /RM ALT GAIN OF 1500,SEV,201003302235-KWBC-UBCO90-PIREP,15000.0,39.45641797155345,-105.12029030521408,2010-03-30 22:25:00,5.0,L,"('KFTG', 'KPUX', 'KCYS', 'KGJX', 'KGLD')","['s3://unidata-nexrad-level2/2010/03/30/KFTG/KFTG20100330_222215_V03.gz', 's3://unidata-nexrad-level2/2010/03/30/KPUX/KPUX20100330_221925_V03.gz', 's3://unidata-nexrad-level2/2010/03/30/KCYS/KCYS20100330_222212_V03.gz', 's3://unidata-nexrad-level2/2010/03/30/KGJX/KGJX20100330_222357_V03.gz', 's3://unidata-nexrad-level2/2010/03/30/KGLD/KGLD20100330_222018_V03.gz']"
T,BE33,PEA UUA /OV PEA090007 /TM 1527 /FL050 /TP BE33 /TB SEV,SEV,,5000.0,41.3989138889,-92.7875658122728,2010-03-24 15:27:00,5.0,L,"('KDMX', 'KDVN', 'KARX', 'KEAX', 'KLSX')","['s3://unidata-nexrad-level2/2010/03/24/KDMX/KDMX20100324_152555_V03.gz', 's3://unidata-nexrad-level2/2010/03/24/KDVN/KDVN20100324_152347_V03.gz', 's3://unidata-nexrad-level2/2010/03/24/KARX/KARX20100324_152310_V03.gz', 's3://unidata-nexrad-level2/2010/03/24/KEAX/KEAX20100324_152428_V03.gz', 's3://unidata-nexrad-level2/2010/03/24/KLSX/KLSX20100324_152151_V03.gz']"
F,C551,MLE UA /OV PTK-OVR270030 /TM 2006 /FL360 /TP C551 /TB NEG,NEG,,36000.0,41.196,-96.112,2010-03-05 20:06:00,0.0,L,"('KOAX', 'KTWX', 'KDMX', 'KUEX', 'KFSD')","['s3://unidata-nexrad-level2/2010/03/05/KOAX/KOAX20100305_195718_V03.gz', 's3://unidata-nexrad-level2/2010/03/05/KTWX/KTWX20100305_200402_V03.gz', 's3://unidata-nexrad-level2/2010/03/05/KDMX/KDMX20100305_200130_V03.gz', 's3://unidata-nexrad-level2/2010/03/05/KUEX/KUEX20100305_200207_V03.gz', 's3://unidata-nexrad-level2/2010/03/05/KFSD/KFSD20100305_200247_V03.gz']"
F,BE35,AXS UA /OV LTS295025 /TM 0203 /FL045 /TP BE35 /TB NEG,NEG,,4500.0,34.84317520577256,-99.72585581367096,2010-03-13 02:03:00,0.0,L,"('KFDR', 'KAMA', 'KOUN', 'KLBB', 'KDYX')","['s3://unidata-nexrad-level2/2010/03/13/KFDR/KFDR20100313_015522_V03.gz', 's3://unidata-nexrad-level2/2010/03/13/KAMA/KAMA20100313_015632_V03.gz', 's3://unidata-nexrad-level2/2010/03/13/KLBB/KLBB20100313_015706_V03.gz', 's3://unidata-nexrad-level2/2010/03/13/KDYX/KDYX20100313_020217_V03.gz']"
T,J328,BVO UUA /OV TUL360025 /TM 2131 /FL080 /TP J328 /TB SEV,SEV,,8000.0,36.61509041670042,-95.88811,2010-03-10 21:31:00,5.0,M,"('KINX', 'KICT', 'KTLX', 'KSRX', 'KOUN')","['s3://unidata-nexrad-level2/2010/03/10/KINX/KINX20100310_212743_V03.gz', 's3://unidata-nexrad-level2/2010/03/10/KICT/KICT20100310_212948_V03.gz', 's3://unidata-nexrad-level2/2010/03/10/KTLX/KTLX20100310_212728_V03.gz', 's3://unidata-nexrad-level2/2010/03/10/KSRX/KSRX20100310_212858_V03.gz']"
F,B734,KTN UA /OV ANN285050/TM 0223/FL180/TP B734/SK BKN011-TOP210/TA M39/TBLGT CHOP/IC LGT RIME/RM CWSU ZAN,LGT CHOP,,18000.0,55.25570000788845,-132.97488163734408,2010-03-10 02:23:00,1.0,M,"('PACG', 'KLGX', 'KATX', 'KRTX', 'PAIH')","['s3://unidata-nexrad-level2/2010/03/10/KATX/KATX20100310_021854_V03.gz', 's3://unidata-nexrad-level2/2010/03/10/KRTX/KRTX20100310_022034_V03.gz']"
T,CRJ2,OGD UUA /OV OGD /TM 2042 /FL200 /TP CRJ2 /TB SEV,SEV,,20000.0,41.19567,-112.01294,2010-03-30 20:42:00,5.0,M,"('KMTX', 'KSFX', 'KRIW', 'KICX', 'KGJX')","['s3://unidata-nexrad-level2/2010/03/30/KMTX/KMTX20100330_203648_V03.gz', 's3://unidata-nexrad-level2/2010/03/30/KSFX/KSFX20100330_204018_V03.gz', 's3://unidata-nexrad-level2/2010/03/30/KRIW/KRIW20100330_204152_V03.gz', 's3://unidata-nexrad-level2/2010/03/30/KICX/KICX20100330_203702_V03.gz', 's3://unidata-nexrad-level2/2010/03/30/KGJX/KGJX20100330_203649_V03.gz']"
T,E145,FTW UUA /OV FUZ315025/TM 1546/FL300/TP E145/TB SEV/RM TURB VCNTY TS AWC-WEB:KZFW,SEV,,30000.0,33.18465169037213,-97.53089502025352,2010-03-10 15:46:00,5.0,M,"('KFWS', 'KDYX', 'KFDR', 'KOUN', 'KTLX')","['s3://unidata-nexrad-level2/2010/03/10/KFWS/KFWS20100310_154353_V03.gz', 's3://unidata-nexrad-level2/2010/03/10/KDYX/KDYX20100310_154157_V03.gz', 's3://unidata-nexrad-level2/2010/03/10/KFDR/KFDR20100310_154445_V03.gz', 's3://unidata-nexrad-level2/2010/03/10/KTLX/KTLX20100310_154527_V03.gz']"
F,B737,ATL UA /OV ATL070005 /TM 1145 /FL110 /TP B737 /SK SCT002 /WV 16030KT /TB LGT CHOP 080-110 /RM THIN LYR 015-TOP020,LGT CHOP 080-110,201003111200-KMSC-UBUS01-PIREP,11000.0,33.65850398724875,-84.3459438978408,2010-03-11 11:45:00,1.0,M,"('KFFC', 'KJGX', 'KMXX', 'KHTX', 'KGSP')","['s3://unidata-nexrad-level2/2010/03/11/KFFC/KFFC20100311_114212_V03.gz', 's3://unidata-nexrad-level2/2010/03/11/KJGX/KJGX20100311_114307_V04.gz', 's3://unidata-nexrad-level2/2010/03/11/KHTX/KHTX20100311_114439_V03.gz', 's3://unidata-nexrad-level2/2010/03/11/KGSP/KGSP20100311_113958_V03.gz']"
F,P28A,PMD UA /OV PMD090015 /TM 1905 /FL075 /TP P28A /TA 07 /TB NEG,NEG,,7500.0,34.62939,-117.78070145619408,2010-03-13 19:05:00,0.0,L,"('KEYX', 'KSOX', 'KVTX', 'KNKX', 'KHNX')","['s3://unidata-nexrad-level2/2010/03/13/KSOX/KSOX20100313_190456_V03.gz', 's3://unidata-nexrad-level2/2010/03/13/KVTX/KVTX20100313_185556_V03.gz', 's3://unidata-nexrad-level2/2010/03/13/KNKX/KNKX20100313_185535_V03.gz', 's3://unidata-nexrad-level2/2010/03/13/KHNX/KHNX20100313_190112_V03.gz']"
T,A320,XMR UUA /OV ORL070090 /TM 1118 /FL350 /TP A320 /TB SEV,SEV,,35000.0,29.058531770477472,-79.72821353115704,2010-03-29 11:18:00,5.0,M,"('KMLB', 'KJAX', 'KTBW', 'KVAX', 'KAMX')","['s3://unidata-nexrad-level2/2010/03/29/KMLB/KMLB20100329_111700_V03.gz', 's3://unidata-nexrad-level2/2010/03/29/KJAX/KJAX20100329_111527_V03.gz', 's3://unidata-nexrad-level2/2010/03/29/KTBW/KTBW20100329_111400_V03.gz', 's3://unidata-nexrad-level2/2010/03/29/KAMX/KAMX20100329_111635_V03.gz']"
T,P28A,MWS UUA /OV EMT360005 /TM 2014 /FL050 /TP P28A /TB SEV,SEV,201003272020-KWBC-UBCA90-PIREP,5000.0,34.173340083340086,-118.03,2010-03-27 20:14:00,5.0,L,"('KSOX', 'KVTX', 'KEYX', 'KNKX', 'KVBX')","['s3://unidata-nexrad-level2/2010/03/27/KSOX/KSOX20100327_200944_V03.gz', 's3://unidata-nexrad-level2/2010/03/27/KVTX/KVTX20100327_201058_V03.gz', 's3://unidata-nexrad-level2/2010/03/27/KNKX/KNKX20100327_200909_V03.gz']"
F,C340,MCE UA /OV PXN328025 /TM 2232 /FL110 /TP C340 /SK SCTUNKN-TOP030/BKN250 /WX FV99SM /TA M04 /WV 13010KT /TB NEG /IC NEG /RM NEG PCPN,NEG,201003012245-KWBC-UBCA90-PIREP,11000.0,37.073381995050376,-121.05548237688348,2010-03-01 22:32:00,0.0,L,"('KMUX', 'KHNX', 'KDAX', 'KVBX', 'KBBX')","['s3://unidata-nexrad-level2/2010/03/01/KMUX/KMUX20100301_222538_V03.gz', 's3://unidata-nexrad-level2/2010/03/01/KHNX/KHNX20100301_223033_V03.gz', 's3://unidata-nexrad-level2/2010/03/01/KDAX/KDAX20100301_222936_V03.gz', 's3://unidata-nexrad-level2/2010/03/01/KBBX/KBBX20100301_222504_V04.gz']"
T,SR22,TRK UUA /OV TRK /TM 1835 /FL090 /TP SR22 /TB SEV,SEV,201003291845-KWBC-UBCA90-PIREP,9000.0,39.37,-120.17,2010-03-29 18:35:00,5.0,L,"('KBBX', 'KRGX', 'KDAX', 'KMUX', 'KHNX')","['s3://unidata-nexrad-level2/2010/03/29/KBBX/KBBX20100329_182928_V04.gz', 's3://unidata-nexrad-level2/2010/03/29/KRGX/KRGX20100329_183457_V03.gz', 's3://unidata-nexrad-level2/2010/03/29/KDAX/KDAX20100329_183424_V03.gz', 's3://unidata-nexrad-level2/2010/03/29/KHNX/KHNX20100329_183158_V03.gz']"
T,B752,SLC UUA /OV SLC /TM 2050 /FL100 /TP B752 /TB SEV,SEV,,10000.0,40.78,-111.97,2010-03-30 20:50:00,5.0,M,"('KMTX', 'KSFX', 'KICX', 'KGJX', 'KRIW')","['s3://unidata-nexrad-level2/2010/03/30/KMTX/KMTX20100330_204825_V03.gz', 's3://unidata-nexrad-level2/2010/03/30/KSFX/KSFX20100330_204515_V03.gz', 's3://unidata-nexrad-level2/2010/03/30/KICX/KICX20100330_204836_V03.gz', 's3://unidata-nexrad-level2/2010/03/30/KGJX/KGJX20100330_204634_V03.gz', 's3://unidata-nexrad-level2/2010/03/30/KRIW/KRIW20100330_204739_V03.gz']"
F,C56X,CAE UA /OV 20S CAE/TM 2215/FL260/TP C56X/TB SEV TURB/RM CWSU ZJX,SEV TURB,,26000.0,33.608539666639665,-81.1181,2010-03-12 22:15:00,5.0,M,"('KCAE', 'KCLX', 'KGSP', 'KJGX', 'KLTX')","['s3://unidata-nexrad-level2/2010/03/12/KCAE/KCAE20100312_221438_V03.gz', 's3://unidata-nexrad-level2/2010/03/12/KCLX/KCLX20100312_221351_V03.gz', 's3://unidata-nexrad-level2/2010/03/12/KGSP/KGSP20100312_221113_V03.gz', 's3://unidata-nexrad-level2/2010/03/12/KJGX/KJGX20100312_221140_V04.gz', 's3://unidata-nexrad-level2/2010/03/12/KLTX/KLTX20100312_221401_V03.gz']"
F,DH8C,GTF UA /OV GTF270010 /TM 1854 /FL080 /TP DH8C /TB MOD /RM DURD,MOD,201003271905-KWBC-UBMT90-PIREP,8000.0,47.45,-111.65648321120462,2010-03-27 18:54:00,3.0,M,"('KTFX', 'KMSX', 'KBLX', 'KGGW', 'KSFX')","['s3://unidata-nexrad-level2/2010/03/27/KTFX/KTFX20100327_185237_V03.gz', 's3://unidata-nexrad-level2/2010/03/27/KMSX/KMSX20100327_184941_V04.gz', 's3://unidata-nexrad-level2/2010/03/27/KBLX/KBLX20100327_184525_V03.gz', 's3://unidata-nexrad-level2/2010/03/27/KGGW/KGGW20100327_185319_V03.gz', 's3://unidata-nexrad-level2/2010/03/27/KSFX/KSFX20100327_184832_V03.gz']"
T,LJ35,BCE UUA /OV BCE 223026/TM 2005/FL390/TP LJ35/TB SEV MTN WAVE/RM ZLC,SEV MTN WAVE,,39000.0,37.38944439209109,-112.51913589709726,2010-03-27 20:05:00,5.0,M,"('KICX', 'KESX', 'KFSX', 'KFSX', 'KMTX')","['s3://unidata-nexrad-level2/2010/03/27/KICX/KICX20100327_200420_V03.gz', 's3://unidata-nexrad-level2/2010/03/27/KESX/KESX20100327_195925_V03.gz', 's3://unidata-nexrad-level2/2010/03/27/KFSX/KFSX20100327_200238_V03.gz', 's3://unidata-nexrad-level2/2010/03/27/KFSX/KFSX20100327_200238_V03.gz', 's3://unidata-nexrad-level2/2010/03/27/KMTX/KMTX20100327_200214_V03.gz']"
F,PA31,SMP UA /OV PAE-SEA107036 /TM 0409 /FL110 /TP PA31 /TA M09 /TB NEG /IC MOD RIME /RM OVC-TOP140 EAST OF BANDR INT,NEG,201003080435-KWBC-UBWA90-PIREP,11000.0,47.28,-121.33,2010-03-08 04:09:00,0.0,L,"('KATX', 'KLGX', 'KRTX', 'KPDT', 'KOTX')","['s3://unidata-nexrad-level2/2010/03/08/KATX/KATX20100308_040835_V03.gz', 's3://unidata-nexrad-level2/2010/03/08/KRTX/KRTX20100308_040433_V03.gz', 's3://unidata-nexrad-level2/2010/03/08/KPDT/KPDT20100308_040240_V03.gz', 's3://unidata-nexrad-level2/2010/03/08/KOTX/KOTX20100308_040037_V03.gz']"
T,B747,PASY UUA /OV SYA260135/TM 0145/FL330/TP B747/TB SEV/RM OVER FIX PLADO/MOD TURB AT FL350 /SMOOTH AT FL370 /CWSU ZAN,SEV,,33000.0,52.31925995283738,170.45233134547314,2010-03-26 01:45:00,5.0,H,"('RKSG', 'PGUA', 'RKJK', 'RODN', 'LPLA')","['s3://unidata-nexrad-level2/2010/03/26/RKSG/RKSG20100326_014246_V04.gz', 's3://unidata-nexrad-level2/2010/03/26/RKJK/RKJK20100326_013748_V04.gz']"
T,CL30,CRG UUA /OV CRG 050077/TM 1400/FL300/TP CL30/TB OCNL SEV/RM ZJX,OCNL SEV,,30000.0,31.16107758360324,-80.37555547915925,2010-03-02 14:00:00,5.0,U,"('KJAX', 'KCLX', 'KVAX', 'KCAE', 'KJGX')","['s3://unidata-nexrad-level2/2010/03/02/KJAX/KJAX20100302_135841_V03.gz', 's3://unidata-nexrad-level2/2010/03/02/KCLX/KCLX20100302_135937_V03.gz', 's3://unidata-nexrad-level2/2010/03/02/KCAE/KCAE20100302_135907_V03.gz', 's3://unidata-nexrad-level2/2010/03/02/KJGX/KJGX20100302_135438_V04.gz']"
F,A320,BYI UA /OV BYI/TM 0153/FL380/TP A320/TB LGT-MOD MTN WAVE +-10K 700FTUP-DOWN/ZLC,LGT-MOD MTN WAVE +-10K 700FTUP-DOWN,,38000.0,42.5426,-113.77154,2010-03-23 01:53:00,2.0,M,"('KSFX', 'KMTX', 'KCBX', 'KLRX', 'KMSX')","['s3://unidata-nexrad-level2/2010/03/23/KSFX/KSFX20100323_014819_V03.gz', 's3://unidata-nexrad-level2/2010/03/23/KMTX/KMTX20100323_015102_V03.gz', 's3://unidata-nexrad-level2/2010/03/23/KCBX/KCBX20100323_015218_V04.gz', 's3://unidata-nexrad-level2/2010/03/23/KLRX/KLRX20100323_015035_V03.gz', 's3://unidata-nexrad-level2/2010/03/23/KMSX/KMSX20100323_014955_V04.gz']"
T,B737,ORF UUA /OV 3645N 07223W/TM 1231/FL350/TP B737/TB MDT-SEV MDT,MDT-SEV MDT,,35000.0,36.75,-72.3833,2010-03-29 12:31:00,5.0,M,"('KDOX', 'KDIX', 'KOKX', 'KAKQ', 'KMHX')","['s3://unidata-nexrad-level2/2010/03/29/KDOX/KDOX20100329_122842_V04.gz', 's3://unidata-nexrad-level2/2010/03/29/KDIX/KDIX20100329_122814_V03.gz', 's3://unidata-nexrad-level2/2010/03/29/KOKX/KOKX20100329_122844_V03.gz', 's3://unidata-nexrad-level2/2010/03/29/KAKQ/KAKQ20100329_123033_V03.gz', 's3://unidata-nexrad-level2/2010/03/29/KMHX/KMHX20100329_122938_V03.gz']"
F,BE36,CDS UA /OV SYO244044 /TM 1546 /FL065 /TP BE36 /SK SKC /TA 06 /TB NEG,NEG,,6500.0,35.02850178641585,-100.44816864884646,2010-03-25 15:46:00,0.0,L,"('KAMA', 'KFDR', 'KLBB', 'KDYX', 'KDDC')","['s3://unidata-nexrad-level2/2010/03/25/KAMA/KAMA20100325_153919_V03.gz', 's3://unidata-nexrad-level2/2010/03/25/KFDR/KFDR20100325_154544_V03.gz', 's3://unidata-nexrad-level2/2010/03/25/KLBB/KLBB20100325_153844_V03.gz', 's3://unidata-nexrad-level2/2010/03/25/KDYX/KDYX20100325_154329_V03.gz', 's3://unidata-nexrad-level2/2010/03/25/KDDC/KDDC20100325_154416_V03.gz']"
F,D328,LIC UA /OV BRK040040 /TM 1722 /FL300 /TP D328 /SK SCT-TOPUNKN /TA M53 /TB OCNL LGT CHOP,OCNL LGT CHOP,201003111730-KWBC-UBCO90-PIREP,30000.0,39.45073766185394,-104.07901353522932,2010-03-11 17:22:00,1.0,M,"('KFTG', 'KPUX', 'KCYS', 'KGLD', 'KGJX')","['s3://unidata-nexrad-level2/2010/03/11/KFTG/KFTG20100311_171845_V03.gz', 's3://unidata-nexrad-level2/2010/03/11/KPUX/KPUX20100311_171437_V03.gz', 's3://unidata-nexrad-level2/2010/03/11/KCYS/KCYS20100311_171220_V03.gz', 's3://unidata-nexrad-level2/2010/03/11/KGLD/KGLD20100311_171522_V03.gz', 's3://unidata-nexrad-level2/2010/03/11/KGJX/KGJX20100311_171811_V03.gz']"
F,C182,SBA UA /OV PRB-SBA /TM 1726 /FL075 /TP C182 /WV 28015KT /TB NEG /RM GREAT RIDE GREAT DAY TO FLY SMTH,NEG,201003181735-KWBC-UBCA90-PIREP,7500.0,35.05,-120.23,2010-03-18 17:26:00,0.0,L,"('KVBX', 'KVTX', 'KHNX', 'KEYX', 'KMUX')","['s3://unidata-nexrad-level2/2010/03/18/KVTX/KVTX20100318_171755_V03.gz', 's3://unidata-nexrad-level2/2010/03/18/KHNX/KHNX20100318_171936_V03.gz', 's3://unidata-nexrad-level2/2010/03/18/KMUX/KMUX20100318_171721_V03.gz']"
T,AC95,SGF UUA /OV SGF 330014/TM 0010/FL270/TP AC95/TB SEV /RM FOR 1SECOND..CWSU ZKC,SEV,,27000.0,37.44178896211287,-93.5362576352919,2010-03-11 00:10:00,5.0,L,"('KSGF', 'KEAX', 'KINX', 'KSRX', 'KLSX')","['s3://unidata-nexrad-level2/2010/03/11/KSGF/KSGF20100311_000645_V03.gz', 's3://unidata-nexrad-level2/2010/03/11/KEAX/KEAX20100311_000510_V03.gz', 's3://unidata-nexrad-level2/2010/03/11/KINX/KINX20100311_000605_V03.gz', 's3://unidata-nexrad-level2/2010/03/11/KSRX/KSRX20100311_000651_V03.gz', 's3://unidata-nexrad-level2/2010/03/11/KLSX/KLSX20100311_000714_V03.gz']"
F,E190,IJD UA /OV BDL120015 /TM 1509 /FL170 /TP E190 /TB MOD CAT,MOD CAT,201003151500-KMSC-UBUS01-PIREP,17000.0,41.81498987498987,-72.3989126764408,2010-03-15 15:09:00,3.0,U,"('KBOX', 'KOKX', 'KENX', 'KDIX', 'KGYX')","['s3://unidata-nexrad-level2/2010/03/15/KBOX/KBOX20100315_150823_V03.gz', 's3://unidata-nexrad-level2/2010/03/15/KOKX/KOKX20100315_150457_V03.gz', 's3://unidata-nexrad-level2/2010/03/15/KENX/KENX20100315_150422_V03.gz', 's3://unidata-nexrad-level2/2010/03/15/KDIX/KDIX20100315_150500_V03.gz', 's3://unidata-nexrad-level2/2010/03/15/KGYX/KGYX20100315_150356_V03.gz']"
F,E170,ASH UA /OV MHT180008 /TM 1701 /FL040 /TP E170 /WV 09461KT /TB MOD 040-020,MOD 040-020,,4000.0,42.79946586665587,-71.43575,2010-03-14 17:01:00,3.0,U,"('KBOX', 'KGYX', 'KENX', 'KCXX', 'KOKX')","['s3://unidata-nexrad-level2/2010/03/14/KBOX/KBOX20100314_165845_V03.gz', 's3://unidata-nexrad-level2/2010/03/14/KGYX/KGYX20100314_165815_V03.gz', 's3://unidata-nexrad-level2/2010/03/14/KENX/KENX20100314_165739_V03.gz', 's3://unidata-nexrad-level2/2010/03/14/KCXX/KCXX20100314_165951_V03.gz', 's3://unidata-nexrad-level2/2010/03/14/KOKX/KOKX20100314_170038_V03.gz']"
T,P46T,RDM UUA /OV DSD302033 /TM 1830 /FL160 /TP P46T /SK OVC035-TOP130/ SKC /WX FV99SM /TA M15 /WV 23018KT /TB SEV /IC NEG /RM SEV TURB ON CREST OF CASCADES,SEV,201003251900-KWBC-UBOR90-PIREP,16000.0,44.54147920325509,-121.95121173793878,2010-03-25 18:30:00,5.0,L,"('KRTX', 'KPDT', 'KMAX', 'KLGX', 'KATX')","['s3://unidata-nexrad-level2/2010/03/25/KRTX/KRTX20100325_182443_V03.gz', 's3://unidata-nexrad-level2/2010/03/25/KPDT/KPDT20100325_182842_V03.gz', 's3://unidata-nexrad-level2/2010/03/25/KMAX/KMAX20100325_182937_V03.gz', 's3://unidata-nexrad-level2/2010/03/25/KATX/KATX20100325_182737_V03.gz']"
T,A320,ACY UUA /OV SIE360040/TM 1954/FL200/TP A320/TB SEV/RM REPORTED IN THEDECENT FL200 TO FL190,SEV,,20000.0,39.766720666720666,-74.8,2010-03-23 19:54:00,5.0,M,"('KDIX', 'KDOX', 'KOKX', 'KLWX', 'KBGM')","['s3://unidata-nexrad-level2/2010/03/23/KDIX/KDIX20100323_195106_V03.gz', 's3://unidata-nexrad-level2/2010/03/23/KDOX/KDOX20100323_195329_V04.gz', 's3://unidata-nexrad-level2/2010/03/23/KOKX/KOKX20100323_195300_V03.gz', 's3://unidata-nexrad-level2/2010/03/23/KLWX/KLWX20100323_194820_V03.gz', 's3://unidata-nexrad-level2/2010/03/23/KBGM/KBGM20100323_194830_V03.gz']"
F,B722,PSB UA /OV TON090010/TM 0243/FL320/TP B722/TB CONT LGT OCNL MDT CHOP,CONT LGT OCNL MDT CHOP,,32000.0,40.74,-78.110012131156,2010-03-03 02:43:00,1.0,M,"('KCCX', 'KLWX', 'KPBZ', 'KBGM', 'KDOX')","['s3://unidata-nexrad-level2/2010/03/03/KCCX/KCCX20100303_024230_V03.gz', 's3://unidata-nexrad-level2/2010/03/03/KLWX/KLWX20100303_023759_V03.gz', 's3://unidata-nexrad-level2/2010/03/03/KPBZ/KPBZ20100303_023436_V03.gz', 's3://unidata-nexrad-level2/2010/03/03/KBGM/KBGM20100303_024220_V03.gz', 's3://unidata-nexrad-level2/2010/03/03/KDOX/KDOX20100303_023959_V04.gz']"
T,C560,BOW UUA /OV LAL150040 /TM 1521 /FL150 /TP C560 /TB SEV,SEV,,15000.0,27.411522965391804,-81.64104488063546,2010-03-11 15:21:00,5.0,M,"('KTBW', 'KMLB', 'KAMX', 'KAMX', 'KBYX')","['s3://unidata-nexrad-level2/2010/03/11/KTBW/KTBW20100311_151623_V03.gz', 's3://unidata-nexrad-level2/2010/03/11/KMLB/KMLB20100311_151801_V03.gz', 's3://unidata-nexrad-level2/2010/03/11/KAMX/KAMX20100311_151718_V03.gz', 's3://unidata-nexrad-level2/2010/03/11/KAMX/KAMX20100311_151718_V03.gz', 's3://unidata-nexrad-level2/2010/03/11/KBYX/KBYX20100311_151653_V03.gz']"
T,DH8C,KLS UUA /OV PDX360030 /TM 0441 /FL090 /TP DH8C /TB SEV 090-070,SEV 090-070,201003290450-KWBC-UBWA90-PIREP,9000.0,46.0900405000405,-122.61,2010-03-29 04:41:00,5.0,M,"('KRTX', 'KLGX', 'KATX', 'KPDT', 'KMAX')","['s3://unidata-nexrad-level2/2010/03/29/KRTX/KRTX20100329_043419_V03.gz', 's3://unidata-nexrad-level2/2010/03/29/KATX/KATX20100329_044011_V03.gz', 's3://unidata-nexrad-level2/2010/03/29/KPDT/KPDT20100329_043617_V03.gz', 's3://unidata-nexrad-level2/2010/03/29/KMAX/KMAX20100329_043514_V03.gz']"
F,B350,CRG UA /OV SAV-CRG /TM 2214 /FL280 /TP B350 /TB LGT OCNL MOD CHOP,LGT OCNL MOD CHOP,,28000.0,31.23184,-81.35842,2010-03-09 22:14:00,2.0,M,"('KJAX', 'KVAX', 'KCLX', 'KJGX', 'KTLH')","['s3://unidata-nexrad-level2/2010/03/09/KJAX/KJAX20100309_221355_V03.gz', 's3://unidata-nexrad-level2/2010/03/09/KCLX/KCLX20100309_221132_V03.gz', 's3://unidata-nexrad-level2/2010/03/09/KJGX/KJGX20100309_221239_V04.gz', 's3://unidata-nexrad-level2/2010/03/09/KTLH/KTLH20100309_221205_V03.gz']"
F,E145,LEX UA /OV HYK180015/TM 1416/FL220/TP E145/TB MOD,MOD,,22000.0,37.71997974997975,-84.47,2010-03-11 14:16:00,3.0,M,"('KJKL', 'KLVX', 'KMRX', 'KILN', 'KOHX')","['s3://unidata-nexrad-level2/2010/03/11/KJKL/KJKL20100311_141409_V03.gz', 's3://unidata-nexrad-level2/2010/03/11/KLVX/KLVX20100311_141145_V03.gz', 's3://unidata-nexrad-level2/2010/03/11/KMRX/KMRX20100311_141317_V03.gz', 's3://unidata-nexrad-level2/2010/03/11/KILN/KILN20100311_141537_V03.gz', 's3://unidata-nexrad-level2/2010/03/11/KOHX/KOHX20100311_141529_V03.gz']"
T,C152,VLD UUA /OV VLD180005 /TM 1837 /FL025 /TP C152 /TB SEV,SEV,,2500.0,30.69915991665992,-83.27667,2010-03-05 18:37:00,5.0,L,"('KVAX', 'KTLH', 'KJAX', 'KJGX', 'KEOX')","['s3://unidata-nexrad-level2/2010/03/05/KTLH/KTLH20100305_183420_V03.gz', 's3://unidata-nexrad-level2/2010/03/05/KJAX/KJAX20100305_183311_V03.gz', 's3://unidata-nexrad-level2/2010/03/05/KJGX/KJGX20100305_183449_V04.gz']"
T,B744,ORF UUA /OV 3106N 05213W/TM 2340/FL350/TP B744/TB SEV,SEV,201003210025-KWBC-UBVA91-PIREP,35000.0,31.1,-52.2166,2010-03-20 23:40:00,5.0,H,"('KCBW', 'KBOX', 'KGYX', 'KOKX', 'KDIX')","['s3://unidata-nexrad-level2/2010/03/20/KCBW/KCBW20100320_233814_V03.gz', 's3://unidata-nexrad-level2/2010/03/20/KBOX/KBOX20100320_233501_V03.gz', 's3://unidata-nexrad-level2/2010/03/20/KGYX/KGYX20100320_233243_V03.gz', 's3://unidata-nexrad-level2/2010/03/20/KOKX/KOKX20100320_233735_V03.gz', 's3://unidata-nexrad-level2/2010/03/20/KDIX/KDIX20100320_233120_V03.gz']"
F,PA12,TAN UA /OV PYM270010 /TM 1520 /FL035 /TP PA12 /TB LGT CHOP 000-023 /RM SMTH 023-035,LGT CHOP 000-023,,3500.0,41.90903,-70.95275038317182,2010-03-10 15:20:00,1.0,L,"('KBOX', 'KOKX', 'KGYX', 'KENX', 'KCXX')","['s3://unidata-nexrad-level2/2010/03/10/KBOX/KBOX20100310_151442_V03.gz', 's3://unidata-nexrad-level2/2010/03/10/KOKX/KOKX20100310_151221_V03.gz', 's3://unidata-nexrad-level2/2010/03/10/KGYX/KGYX20100310_151252_V03.gz', 's3://unidata-nexrad-level2/2010/03/10/KENX/KENX20100310_151643_V03.gz', 's3://unidata-nexrad-level2/2010/03/10/KCXX/KCXX20100310_151305_V03.gz']"
T,M20T,RNM UUA /OV RNM070005 /TM 1602 /FL075 /TP M20T /TB SEV,SEV,,7500.0,33.067673987248746,-116.82182969082275,2010-03-15 16:02:00,5.0,L,"('KNKX', 'KSOX', 'KYUX', 'KEYX', 'KVTX')","['s3://unidata-nexrad-level2/2010/03/15/KNKX/KNKX20100315_160031_V03.gz', 's3://unidata-nexrad-level2/2010/03/15/KSOX/KSOX20100315_155529_V03.gz', 's3://unidata-nexrad-level2/2010/03/15/KYUX/KYUX20100315_155550_V03.gz', 's3://unidata-nexrad-level2/2010/03/15/KVTX/KVTX20100315_155301_V03.gz']"
F,A320,CHO UA /OV GVE/TM 0229/FL240/TP A320/TB MDT-SEV/RM FL240-FL330 GSO-LYH-CSN,MDT-SEV,201003290320-KWBC-UBVA90-PIREP,24000.0,38.01,-78.15,2010-03-29 02:29:00,5.0,M,"('KLWX', 'KAKQ', 'KFCX', 'KDOX', 'KRAX')","['s3://unidata-nexrad-level2/2010/03/29/KLWX/KLWX20100329_022516_V03.gz', 's3://unidata-nexrad-level2/2010/03/29/KAKQ/KAKQ20100329_022726_V03.gz', 's3://unidata-nexrad-level2/2010/03/29/KFCX/KFCX20100329_022732_V03.gz', 's3://unidata-nexrad-level2/2010/03/29/KDOX/KDOX20100329_022854_V04.gz', 's3://unidata-nexrad-level2/2010/03/29/KRAX/KRAX20100329_022820_V03.gz']"
T,A320,TTS UUA /OV ORL080040 /TM 0650 /FL120 /TP A320 /TB SEV 120-160,SEV 120-160,,12000.0,28.661234828788924,-80.58548656775898,2010-03-13 06:50:00,5.0,M,"('KMLB', 'KTBW', 'KJAX', 'KAMX', 'KAMX')","['s3://unidata-nexrad-level2/2010/03/13/KMLB/KMLB20100313_064559_V03.gz', 's3://unidata-nexrad-level2/2010/03/13/KTBW/KTBW20100313_064659_V03.gz', 's3://unidata-nexrad-level2/2010/03/13/KJAX/KJAX20100313_064633_V03.gz', 's3://unidata-nexrad-level2/2010/03/13/KAMX/KAMX20100313_064940_V03.gz', 's3://unidata-nexrad-level2/2010/03/13/KAMX/KAMX20100313_064940_V03.gz']"
F,BE36,MQS UA /OV OQN /TM 1946 /FL060 /TP BE36 /SK OVC011-TOP049 /TB LGT CHOP /RM LYR 120 ABV,LGT CHOP,,6000.0,39.9889,-75.5803,2010-03-12 19:46:00,1.0,L,"('KDIX', 'KDOX', 'KLWX', 'KCCX', 'KBGM')","['s3://unidata-nexrad-level2/2010/03/12/KDIX/KDIX20100312_194405_V03.gz', 's3://unidata-nexrad-level2/2010/03/12/KDOX/KDOX20100312_194434_V04.gz', 's3://unidata-nexrad-level2/2010/03/12/KLWX/KLWX20100312_194416_V03.gz', 's3://unidata-nexrad-level2/2010/03/12/KCCX/KCCX20100312_194538_V03.gz', 's3://unidata-nexrad-level2/2010/03/12/KBGM/KBGM20100312_194445_V03.gz']"
T,C425,CTY UUA /OV CTY /TM 1521 /FL220 /TP C425 /TB SEV,SEV,,22000.0,29.63553,-83.10475,2010-03-11 15:21:00,5.0,L,"('KVAX', 'KTLH', 'KJAX', 'KTBW', 'KEVX')","['s3://unidata-nexrad-level2/2010/03/11/KTLH/KTLH20100311_152027_V03.gz', 's3://unidata-nexrad-level2/2010/03/11/KJAX/KJAX20100311_151809_V03.gz', 's3://unidata-nexrad-level2/2010/03/11/KTBW/KTBW20100311_151623_V03.gz', 's3://unidata-nexrad-level2/2010/03/11/KEVX/KEVX20100311_151710_V04.gz']"
F,E145,MEM UA /OV MEM180005 /TM 1858 /FL050 /TP E145 /TB LGT-MOD CONT CHOP,LGT-MOD CONT CHOP,201003041900-KMSC-UBUS01-PIREP,5000.0,34.93665991665992,-89.98,2010-03-04 18:58:00,2.0,M,"('KNQA', 'KGWX', 'KLZK', 'KPAH', 'KDGX')","['s3://unidata-nexrad-level2/2010/03/04/KNQA/KNQA20100304_185132_V03.gz', 's3://unidata-nexrad-level2/2010/03/04/KGWX/KGWX20100304_185731_V04.gz', 's3://unidata-nexrad-level2/2010/03/04/KLZK/KLZK20100304_185320_V03.gz', 's3://unidata-nexrad-level2/2010/03/04/KPAH/KPAH20100304_191432_V03.gz', 's3://unidata-nexrad-level2/2010/03/04/KDGX/KDGX20100304_185602_V03.gz']"
T,BE20,AKW UUA /OV AKW/TM 1320/FL070/TP BE20/TA M08/TB SEV-EXTRM 060-030/ICMOD RIME 070-030/RM DURD,SEV-EXTRM 060-030,,7000.0,55.57,-133.07,2010-03-09 13:20:00,6.0,M,"('PACG', 'KLGX', 'KATX', 'PAIH', 'PAIH')",['s3://unidata-nexrad-level2/2010/03/09/KATX/KATX20100309_131840_V03.gz']
F,B737,PUB UA /OV PUB 270055/TM 2004/FL310/TP B737/TB MOD/RM CWSU ZDV,MOD,,31000.0,38.29,-105.66632463004076,2010-03-08 20:04:00,3.0,M,"('KPUX', 'KFTG', 'KGJX', 'KCYS', 'KGLD')","['s3://unidata-nexrad-level2/2010/03/08/KPUX/KPUX20100308_200226_V03.gz', 's3://unidata-nexrad-level2/2010/03/08/KFTG/KFTG20100308_200107_V03.gz', 's3://unidata-nexrad-level2/2010/03/08/KGJX/KGJX20100308_195955_V03.gz', 's3://unidata-nexrad-level2/2010/03/08/KCYS/KCYS20100308_195455_V03.gz', 's3://unidata-nexrad-level2/2010/03/08/KGLD/KGLD20100308_195845_V03.gz']"
F,MD80,JCT UA /OV LLO270040/TM 2300/FL280/TP MD80/TB MOD/RM AWC-WEB:KZHU,MOD,,28000.0,30.8,-99.5661953370618,2010-03-15 23:00:00,3.0,M,"('KSJT', 'KDFX', 'KDYX', 'KGRK', 'KEWX')","['s3://unidata-nexrad-level2/2010/03/15/KSJT/KSJT20100315_225449_V03.gz', 's3://unidata-nexrad-level2/2010/03/15/KDFX/KDFX20100315_225637_V04.gz', 's3://unidata-nexrad-level2/2010/03/15/KDYX/KDYX20100315_225544_V03.gz', 's3://unidata-nexrad-level2/2010/03/15/KGRK/KGRK20100315_225631_V03.gz', 's3://unidata-nexrad-level2/2010/03/15/KEWX/KEWX20100315_225656_V03.gz']"
T,B737,RIC UUA /OV HCM/TM 1405/FL290/TP B737/TB MDT SEV/RM FL295 THRU FL320 MDT SEV,MDT SEV,201003221415-KWBC-UBVA90-PIREP,29000.0,37.45,-76.71,2010-03-22 14:05:00,5.0,M,"('KAKQ', 'KLWX', 'KDOX', 'KRAX', 'KMHX')","['s3://unidata-nexrad-level2/2010/03/22/KAKQ/KAKQ20100322_140233_V03.gz', 's3://unidata-nexrad-level2/2010/03/22/KLWX/KLWX20100322_140037_V03.gz', 's3://unidata-nexrad-level2/2010/03/22/KDOX/KDOX20100322_135953_V04.gz', 's3://unidata-nexrad-level2/2010/03/22/KRAX/KRAX20100322_140457_V03.gz', 's3://unidata-nexrad-level2/2010/03/22/KMHX/KMHX20100322_140232_V03.gz']"
T,E45X,EVV UUA /OV PXV030025/TM 0227/FL270/TP E45X/TB SEV,SEV,,27000.0,38.29087314663012,-87.49585172821959,2010-03-28 02:27:00,5.0,M,"('KVWX', 'KLVX', 'KHPX', 'KPAH', 'KOHX')","['s3://unidata-nexrad-level2/2010/03/28/KVWX/KVWX20100328_022502_V03.gz', 's3://unidata-nexrad-level2/2010/03/28/KLVX/KLVX20100328_022216_V03.gz', 's3://unidata-nexrad-level2/2010/03/28/KPAH/KPAH20100328_022424_V03.gz', 's3://unidata-nexrad-level2/2010/03/28/KOHX/KOHX20100328_022508_V03.gz']"
T,B757,TPA UUA /OV CYY 300210/TM 1642/FL410/TP B757/TB SEV/RM CWSU ZMA,SEV,,41000.0,27.90014175014175,-85.15699215565586,2010-03-28 16:42:00,5.0,M,"('KTBW', 'KTLH', 'KEVX', 'KVAX', 'KEOX')","['s3://unidata-nexrad-level2/2010/03/28/KTBW/KTBW20100328_164137_V03.gz', 's3://unidata-nexrad-level2/2010/03/28/KTLH/KTLH20100328_163758_V03.gz', 's3://unidata-nexrad-level2/2010/03/28/KEVX/KEVX20100328_164044_V04.gz']"
T,B739,CTY UUA /OV CTY 170040/TM 1513/FL270/TP B739/TB SEV/RM ZJX CWSU,SEV,,27000.0,28.97893831832002,-82.97155123593727,2010-03-11 15:13:00,5.0,M,"('KTBW', 'KTLH', 'KJAX', 'KVAX', 'KMLB')","['s3://unidata-nexrad-level2/2010/03/11/KTBW/KTBW20100311_151119_V03.gz', 's3://unidata-nexrad-level2/2010/03/11/KTLH/KTLH20100311_150913_V03.gz', 's3://unidata-nexrad-level2/2010/03/11/KJAX/KJAX20100311_150900_V03.gz', 's3://unidata-nexrad-level2/2010/03/11/KMLB/KMLB20100311_150834_V03.gz']"
F,SR22,RHV UA /OV SJC060015 /TM 2018 /FL060 /TP SR22 /SK BKN040-TOP060 /TA 06 /TB LGT CHOP /RM CIRRUS ABOVE,LGT CHOP,,6000.0,37.48441012501013,-121.6520097315972,2010-03-29 20:18:00,1.0,L,"('KMUX', 'KDAX', 'KHNX', 'KBBX', 'KVBX')","['s3://unidata-nexrad-level2/2010/03/29/KMUX/KMUX20100329_201617_V03.gz', 's3://unidata-nexrad-level2/2010/03/29/KDAX/KDAX20100329_201747_V03.gz', 's3://unidata-nexrad-level2/2010/03/29/KHNX/KHNX20100329_201344_V03.gz', 's3://unidata-nexrad-level2/2010/03/29/KBBX/KBBX20100329_201331_V04.gz']"
T,PA31,OBE UUA /OV LBV120030 /TM 1309 /FL040 /TP PA31 /TB SEV,SEV,,4000.0,26.57997974997975,-80.9047106385004,2010-03-12 13:09:00,5.0,L,"('KAMX', 'KAMX', 'KMLB', 'KTBW', 'KBYX')","['s3://unidata-nexrad-level2/2010/03/12/KAMX/KAMX20100312_130450_V03.gz', 's3://unidata-nexrad-level2/2010/03/12/KAMX/KAMX20100312_130450_V03.gz', 's3://unidata-nexrad-level2/2010/03/12/KMLB/KMLB20100312_130543_V03.gz', 's3://unidata-nexrad-level2/2010/03/12/KTBW/KTBW20100312_130754_V03.gz', 's3://unidata-nexrad-level2/2010/03/12/KBYX/KBYX20100312_130731_V03.gz']"
F,B738,LKV UA /OV LMT090030/TM 1407/FL370/TP B738/WV 23655KT/TB NEG/RM AWC-WEB:ASA,NEG,201003281415-KWBC-UBOR90-PIREP,37000.0,42.15,-121.0555369479214,2010-03-28 14:07:00,0.0,M,"('KMAX', 'KRGX', 'KBBX', 'KBHX', 'KLRX')","['s3://unidata-nexrad-level2/2010/03/28/KMAX/KMAX20100328_140338_V03.gz', 's3://unidata-nexrad-level2/2010/03/28/KRGX/KRGX20100328_135853_V03.gz', 's3://unidata-nexrad-level2/2010/03/28/KBBX/KBBX20100328_135907_V04.gz', 's3://unidata-nexrad-level2/2010/03/28/KBHX/KBHX20100328_140645_V03.gz', 's3://unidata-nexrad-level2/2010/03/28/KLRX/KLRX20100328_140109_V03.gz']"
T,C560,CRG UUA /OV 25NE CRG/TM 0120/FL310/TP C560/TB SEV/RM NO DAMAGE NOINJURIES. ZJX CWSU,SEV,,31000.0,30.63075169037212,-81.17330343688094,2010-03-06 01:20:00,5.0,M,"('KJAX', 'KCLX', 'KVAX', 'KTLH', 'KJGX')","['s3://unidata-nexrad-level2/2010/03/06/KJAX/KJAX20100306_011334_V03.gz', 's3://unidata-nexrad-level2/2010/03/06/KCLX/KCLX20100306_011724_V03.gz', 's3://unidata-nexrad-level2/2010/03/06/KTLH/KTLH20100306_011314_V03.gz', 's3://unidata-nexrad-level2/2010/03/06/KJGX/KJGX20100306_011520_V04.gz']"
T,B757,BOS UUA /OV 4102N 06530W/TM 0004/FL350/TP B757/TB SEV,SEV,,35000.0,41.333,-65.5,2010-03-01 00:04:00,5.0,M,"('KCBW', 'KGYX', 'KBOX', 'KOKX', 'KCXX')","['s3://unidata-nexrad-level2/2010/02/28/KCBW/KCBW20100228_235922_V03.gz', 's3://unidata-nexrad-level2/2010/03/01/KGYX/KGYX20100301_000324_V03.gz', 's3://unidata-nexrad-level2/2010/03/01/KBOX/KBOX20100301_000121_V03.gz', 's3://unidata-nexrad-level2/2010/02/28/KOKX/KOKX20100228_235941_V03.gz', 's3://unidata-nexrad-level2/2010/03/01/KCXX/KCXX20100301_000224_V03.gz']"
F,CRJ2,BOS UA /OV BOS /TM 0106 /FL140 /TP CRJ2 /SK OVC008 /TB NEG /IC NEG /RM /TA UNKN  SMOOTH  DURC,NEG,,14000.0,42.36057,-71.00973,2010-03-24 01:06:00,0.0,M,"('KBOX', 'KGYX', 'KOKX', 'KENX', 'KCXX')","['s3://unidata-nexrad-level2/2010/03/24/KBOX/KBOX20100324_010237_V03.gz', 's3://unidata-nexrad-level2/2010/03/24/KGYX/KGYX20100324_010522_V03.gz', 's3://unidata-nexrad-level2/2010/03/24/KOKX/KOKX20100324_010441_V03.gz', 's3://unidata-nexrad-level2/2010/03/24/KENX/KENX20100324_010300_V03.gz', 's3://unidata-nexrad-level2/2010/03/24/KCXX/KCXX20100324_010217_V03.gz']"
T,MD88,RSW UUA /OV LBV350025/TM 2204/FL340/TP MD88/TB SEV/RM CWSU ZMA,SEV,,34000.0,27.240369801049987,-81.47108847317229,2010-03-28 22:04:00,5.0,M,"('KTBW', 'KMLB', 'KAMX', 'KAMX', 'KBYX')","['s3://unidata-nexrad-level2/2010/03/28/KTBW/KTBW20100328_220013_V03.gz', 's3://unidata-nexrad-level2/2010/03/28/KMLB/KMLB20100328_220002_V03.gz', 's3://unidata-nexrad-level2/2010/03/28/KAMX/KAMX20100328_220043_V03.gz', 's3://unidata-nexrad-level2/2010/03/28/KAMX/KAMX20100328_220043_V03.gz', 's3://unidata-nexrad-level2/2010/03/28/KBYX/KBYX20100328_220305_V03.gz']"
F,P28A,SCK UA /OV LIN /TM 1637 /FL055 /TP P28A /SK OVC140 /WX FV60SM HZ /TA M01 /WV 13016KT /TB LGT,LGT,,5500.0,38.07,-121.0,2010-03-25 16:37:00,1.0,L,"('KDAX', 'KMUX', 'KBBX', 'KRGX', 'KHNX')","['s3://unidata-nexrad-level2/2010/03/25/KDAX/KDAX20100325_163238_V03.gz', 's3://unidata-nexrad-level2/2010/03/25/KMUX/KMUX20100325_163159_V03.gz', 's3://unidata-nexrad-level2/2010/03/25/KBBX/KBBX20100325_163459_V04.gz', 's3://unidata-nexrad-level2/2010/03/25/KRGX/KRGX20100325_162757_V03.gz', 's3://unidata-nexrad-level2/2010/03/25/KHNX/KHNX20100325_163016_V03.gz']"
T,PA31,RNO UUA /OV RNO315011 /TM 1546 /FL100 /TP PA31 /TA M10 /TB SEV /IC MOD RIME,SEV,,10000.0,39.61353674376374,-119.93908897451676,2010-03-30 15:46:00,5.0,L,"('KRGX', 'KBBX', 'KDAX', 'KMUX', 'KHNX')","['s3://unidata-nexrad-level2/2010/03/30/KRGX/KRGX20100330_154406_V03.gz', 's3://unidata-nexrad-level2/2010/03/30/KBBX/KBBX20100330_154506_V04.gz', 's3://unidata-nexrad-level2/2010/03/30/KDAX/KDAX20100330_154455_V03.gz', 's3://unidata-nexrad-level2/2010/03/30/KMUX/KMUX20100330_154521_V03.gz', 's3://unidata-nexrad-level2/2010/03/30/KHNX/KHNX20100330_154338_V03.gz']"
T,PA32,VCV UUA /OV L26 /TM 0510 /FL110 /TP PA32 /TB SEV,SEV,201003090525-KWBC-UBCA90-PIREP,11000.0,34.59,-117.39,2010-03-09 05:10:00,5.0,L,"('KEYX', 'KSOX', 'KVTX', 'KNKX', 'KESX')","['s3://unidata-nexrad-level2/2010/03/09/KSOX/KSOX20100309_050558_V03.gz', 's3://unidata-nexrad-level2/2010/03/09/KVTX/KVTX20100309_050537_V03.gz', 's3://unidata-nexrad-level2/2010/03/09/KNKX/KNKX20100309_050817_V03.gz', 's3://unidata-nexrad-level2/2010/03/09/KESX/KESX20100309_050848_V03.gz']"
T,C56X,PBI UUA /OV PBI010030/TM 1211/FL230/TP C56X/TB SEV/RM CWSU ZMA,SEV,201003121235-KWBC-UBFL90-PIREP,23000.0,27.172443761259984,-79.99282217848092,2010-03-12 12:11:00,5.0,M,"('KMLB', 'KAMX', 'KAMX', 'KTBW', 'KBYX')","['s3://unidata-nexrad-level2/2010/03/12/KMLB/KMLB20100312_121012_V03.gz', 's3://unidata-nexrad-level2/2010/03/12/KAMX/KAMX20100312_120830_V03.gz', 's3://unidata-nexrad-level2/2010/03/12/KAMX/KAMX20100312_120830_V03.gz', 's3://unidata-nexrad-level2/2010/03/12/KTBW/KTBW20100312_121027_V03.gz', 's3://unidata-nexrad-level2/2010/03/12/KBYX/KBYX20100312_120825_V03.gz']"
F,B738,ORL UA /OV ORL /TM 2111 /FL250 /TP B738 /TB LGT,LGT,201003312100-KMSC-UBUS01-PIREP,25000.0,28.54,-81.34,2010-03-31 21:11:00,1.0,M,"('KMLB', 'KTBW', 'KJAX', 'KVAX', 'KAMX')","['s3://unidata-nexrad-level2/2010/03/31/KMLB/KMLB20100331_210905_V03.gz', 's3://unidata-nexrad-level2/2010/03/31/KTBW/KTBW20100331_211007_V03.gz', 's3://unidata-nexrad-level2/2010/03/31/KJAX/KJAX20100331_210836_V03.gz', 's3://unidata-nexrad-level2/2010/03/31/KAMX/KAMX20100331_210809_V03.gz']"
T,BE9L,JRF UUA /OV HNL270010 /TM 0450 /FL030 /TP BE9L /TB SEV /RM ON APCH TO RWY 8L,SEV,201003270500-KMSC-UBUS01-PIREP,3000.0,21.31,-158.10891282780344,2010-03-27 04:50:00,5.0,L,"('PHMO', 'PHKI', 'PHKM', 'PHWA', 'PAKC')","['s3://unidata-nexrad-level2/2010/03/27/PHMO/PHMO20100327_044814_V04.gz', 's3://unidata-nexrad-level2/2010/03/27/PHKI/PHKI20100327_044515_V04.gz', 's3://unidata-nexrad-level2/2010/03/27/PHKM/PHKM20100327_044708_V04.gz', 's3://unidata-nexrad-level2/2010/03/27/PHWA/PHWA20100327_044719_V04.gz']"
T,B737,CGC UUA /OV CTY170040 /TM 1513 /FL270 /TP B737 /TB SEV /RM SEVERE JOLT,SEV,,27000.0,28.97893831832002,-82.97155123593727,2010-03-11 15:13:00,5.0,M,"('KTBW', 'KTLH', 'KJAX', 'KVAX', 'KMLB')","['s3://unidata-nexrad-level2/2010/03/11/KTBW/KTBW20100311_151119_V03.gz', 's3://unidata-nexrad-level2/2010/03/11/KTLH/KTLH20100311_150913_V03.gz', 's3://unidata-nexrad-level2/2010/03/11/KJAX/KJAX20100311_150900_V03.gz', 's3://unidata-nexrad-level2/2010/03/11/KMLB/KMLB20100311_150834_V03.gz']"
T,B737,DSM UUA /OV DSM-OVR/TM 1635/FL380/TP B737/TB SEV CAT/RM FL 380 N J60 +/- 500 FT  WAVE ACTION  FL 360 S J60 +/- 300 FT,SEV CAT,201003201645-KWBC-UBIA90-PIREP,38000.0,41.305,-94.695,2010-03-20 16:35:00,5.0,M,"('KDMX', 'KOAX', 'KFSD', 'KUEX', 'KEAX')","['s3://unidata-nexrad-level2/2010/03/20/KDMX/KDMX20100320_162907_V03.gz', 's3://unidata-nexrad-level2/2010/03/20/KOAX/KOAX20100320_163000_V03.gz', 's3://unidata-nexrad-level2/2010/03/20/KFSD/KFSD20100320_162533_V03.gz', 's3://unidata-nexrad-level2/2010/03/20/KUEX/KUEX20100320_163127_V03.gz', 's3://unidata-nexrad-level2/2010/03/20/KEAX/KEAX20100320_163446_V03.gz']"
F,B737,MIA UA /OV 2551N 06555W/TM 1559/FL360/TP B737/TB LGT - MDT,LGT - MDT,201003091600-KMSC-UBUS01-PIREP,36000.0,25.85,-65.9166,2010-03-09 15:59:00,1.0,M,"('KMHX', 'KAMX', 'KAMX', 'KMLB', 'KLTX')","['s3://unidata-nexrad-level2/2010/03/09/KMHX/KMHX20100309_155707_V03.gz', 's3://unidata-nexrad-level2/2010/03/09/KAMX/KAMX20100309_155309_V03.gz', 's3://unidata-nexrad-level2/2010/03/09/KAMX/KAMX20100309_155309_V03.gz', 's3://unidata-nexrad-level2/2010/03/09/KMLB/KMLB20100309_155515_V03.gz', 's3://unidata-nexrad-level2/2010/03/09/KLTX/KLTX20100309_155429_V03.gz']"
F,B77W,PASY UA /OV SYA335154/TM 0249/FL360/TP B77W/TB NEG/RM IMC /CWSU ZAN,NEG,,36000.0,55.03637840830475,172.31944315448965,2010-03-17 02:49:00,0.0,U,"('RKSG', 'RKJK', 'PGUA', 'RODN', 'LPLA')",['s3://unidata-nexrad-level2/2010/03/17/RKSG/RKSG20100317_024651_V04.gz']
T,GLEX,LGB UUA /OV LGB /TM 1729 /FL070 /TP GLEX /TB SEV,SEV,,7000.0,33.81179,-118.14716,2010-03-03 17:29:00,5.0,M,"('KSOX', 'KVTX', 'KNKX', 'KEYX', 'KVBX')","['s3://unidata-nexrad-level2/2010/03/03/KSOX/KSOX20100303_172434_V03.gz', 's3://unidata-nexrad-level2/2010/03/03/KVTX/KVTX20100303_172446_V03.gz', 's3://unidata-nexrad-level2/2010/03/03/KNKX/KNKX20100303_172306_V03.gz']"
T,BE55,CEW UUA /OV CEW270005 /TM 1820 /FL060 /TP BE55 /TB SEV,SEV,,6000.0,30.78,-86.61700423791522,2010-03-29 18:20:00,5.0,L,"('KEVX', 'KEOX', 'KMOB', 'KMXX', 'KTLH')","['s3://unidata-nexrad-level2/2010/03/29/KEVX/KEVX20100329_181707_V04.gz', 's3://unidata-nexrad-level2/2010/03/29/KMOB/KMOB20100329_181307_V03.gz', 's3://unidata-nexrad-level2/2010/03/29/KTLH/KTLH20100329_181118_V03.gz']"
F,C206,WDR UA /OV 19A /TM 1839 /FL055 /TP C206 /TB LGT-MOD,LGT-MOD,,5500.0,34.1759,-83.5616,2010-03-05 18:39:00,2.0,L,"('KFFC', 'KGSP', 'KJGX', 'KMRX', 'KCAE')","['s3://unidata-nexrad-level2/2010/03/05/KFFC/KFFC20100305_183354_V03.gz', 's3://unidata-nexrad-level2/2010/03/05/KGSP/KGSP20100305_184058_V03.gz', 's3://unidata-nexrad-level2/2010/03/05/KJGX/KJGX20100305_183449_V04.gz', 's3://unidata-nexrad-level2/2010/03/05/KMRX/KMRX20100305_183426_V03.gz', 's3://unidata-nexrad-level2/2010/03/05/KCAE/KCAE20100305_183336_V03.gz']"
T,B190,CTY UUA /OV CTY /TM 0057 /FL210 /TP B190 /TB SEV,SEV,201003130100-KMSC-UBUS01-PIREP,21000.0,29.6,-83.05,2010-03-13 00:57:00,5.0,M,"('KVAX', 'KTLH', 'KJAX', 'KTBW', 'KMLB')","['s3://unidata-nexrad-level2/2010/03/13/KTLH/KTLH20100313_005637_V03.gz', 's3://unidata-nexrad-level2/2010/03/13/KJAX/KJAX20100313_005451_V03.gz', 's3://unidata-nexrad-level2/2010/03/13/KTBW/KTBW20100313_005635_V03.gz', 's3://unidata-nexrad-level2/2010/03/13/KMLB/KMLB20100313_005215_V03.gz']"
F,B734,SMQ UA /OV SBJ090010 /TM 1440 /FL050 /TP B734 /TB LGT CHOP /RM SMOOTH AT 060,LGT CHOP,,5000.0,40.58,-74.52053915401937,2010-03-28 14:40:00,1.0,M,"('KDIX', 'KOKX', 'KDOX', 'KBGM', 'KENX')","['s3://unidata-nexrad-level2/2010/03/28/KDIX/KDIX20100328_143238_V03.gz', 's3://unidata-nexrad-level2/2010/03/28/KOKX/KOKX20100328_143215_V03.gz', 's3://unidata-nexrad-level2/2010/03/28/KDOX/KDOX20100328_143339_V04.gz', 's3://unidata-nexrad-level2/2010/03/28/KBGM/KBGM20100328_143434_V03.gz', 's3://unidata-nexrad-level2/2010/03/28/KENX/KENX20100328_143031_V03.gz']"
F,P28A,SUA UA /OV VRB180025 /TM 1341 /FL030 /TP P28A /TB NEG /RM SMTH,NEG,,3000.0,27.238859583299583,-80.41794,2010-03-14 13:41:00,0.0,L,"('KMLB', 'KAMX', 'KAMX', 'KTBW', 'KBYX')","['s3://unidata-nexrad-level2/2010/03/14/KMLB/KMLB20100314_133341_V03.gz', 's3://unidata-nexrad-level2/2010/03/14/KAMX/KAMX20100314_134013_V03.gz', 's3://unidata-nexrad-level2/2010/03/14/KAMX/KAMX20100314_134013_V03.gz', 's3://unidata-nexrad-level2/2010/03/14/KTBW/KTBW20100314_133306_V03.gz', 's3://unidata-nexrad-level2/2010/03/14/KBYX/KBYX20100314_133411_V03.gz']"
F,A320,CAK UA /OV ACO180015/TM 1858/FL340/TP A320/L/TB CONT LGT CHOP,CONT LGT CHOP,201003131910-KWBC-UBOH90-PIREP,34000.0,40.85997974997975,-81.2,2010-03-13 18:58:00,1.0,M,"('KPBZ', 'KCLE', 'KCCX', 'KILN', 'KDTX')","['s3://unidata-nexrad-level2/2010/03/13/KPBZ/KPBZ20100313_185501_V03.gz', 's3://unidata-nexrad-level2/2010/03/13/KCLE/KCLE20100313_185341_V03.gz', 's3://unidata-nexrad-level2/2010/03/13/KCCX/KCCX20100313_185747_V03.gz', 's3://unidata-nexrad-level2/2010/03/13/KILN/KILN20100313_185424_V03.gz', 's3://unidata-nexrad-level2/2010/03/13/KDTX/KDTX20100313_185405_V03.gz']"
T,BE20,SDF UUA /OV SER/TM 0043/FL030/TP BE20/TB SEV,SEV,201003080100-KMSC-UBUS01-PIREP,3000.0,38.93,-85.9,2010-03-08 00:43:00,5.0,M,"('KIND', 'KLVX', 'KVWX', 'KILN', 'KIWX')","['s3://unidata-nexrad-level2/2010/03/08/KIND/KIND20100308_004245_V03.gz', 's3://unidata-nexrad-level2/2010/03/08/KLVX/KLVX20100308_003916_V03.gz', 's3://unidata-nexrad-level2/2010/03/08/KVWX/KVWX20100308_003840_V03.gz', 's3://unidata-nexrad-level2/2010/03/08/KILN/KILN20100308_004153_V03.gz', 's3://unidata-nexrad-level2/2010/03/08/KIWX/KIWX20100308_004155_V03.gz']"
T,C56X,SGU UUA /OV OZN005025/TM 1746/FL110/TP C56X/TB SEV 110-122/RM AWC-WEB:KZLA,SEV 110-122,,11000.0,37.50511474580958,-113.5444711969426,2010-03-23 17:46:00,5.0,M,"('KICX', 'KESX', 'KFSX', 'KFSX', 'KMTX')","['s3://unidata-nexrad-level2/2010/03/23/KICX/KICX20100323_174520_V03.gz', 's3://unidata-nexrad-level2/2010/03/23/KESX/KESX20100323_174118_V03.gz', 's3://unidata-nexrad-level2/2010/03/23/KFSX/KFSX20100323_174302_V03.gz', 's3://unidata-nexrad-level2/2010/03/23/KFSX/KFSX20100323_174302_V03.gz', 's3://unidata-nexrad-level2/2010/03/23/KMTX/KMTX20100323_174046_V03.gz']"
F,B737,DRA UA /OV BTY/TM 1531/FL340/TP B737/TB CONT. LGT OCNL MOD CHOP/RM MOD TURBC/CHOP FL220 TO FL310  FL310 AND ABOVE  CONT. LGT OCNL MOD,CONT. LGT OCNL MOD CHOP,201003231532-KKCI-UBUS31-PIREP,34000.0,36.8,-116.75,2010-03-23 15:31:00,2.0,M,"('KEYX', 'KESX', 'KHNX', 'KSOX', 'KVTX')","['s3://unidata-nexrad-level2/2010/03/23/KESX/KESX20100323_152343_V03.gz', 's3://unidata-nexrad-level2/2010/03/23/KHNX/KHNX20100323_153004_V03.gz', 's3://unidata-nexrad-level2/2010/03/23/KSOX/KSOX20100323_152503_V03.gz', 's3://unidata-nexrad-level2/2010/03/23/KVTX/KVTX20100323_152531_V03.gz']"
F,C206,OKM UA /OV F10090008 /TM 1541 /FL045 /TP C206 /WV 19648KT /TB LGT,LGT,201003301500-KMSC-UBUS01-PIREP,4500.0,35.69,-95.87,2010-03-30 15:41:00,1.0,L,"('KINX', 'KTLX', 'KSRX', 'KOUN', 'KVNX')","['s3://unidata-nexrad-level2/2010/03/30/KINX/KINX20100330_154034_V03.gz', 's3://unidata-nexrad-level2/2010/03/30/KTLX/KTLX20100330_153505_V03.gz', 's3://unidata-nexrad-level2/2010/03/30/KSRX/KSRX20100330_153702_V03.gz', 's3://unidata-nexrad-level2/2010/03/30/KVNX/KVNX20100330_154048_V03.gz']"
F,B772,UUA /OV 5207N11631W /TM 2003 /FL320 /TP B772 /TB MDT-SEV /RM COR COPY,MDT-SEV,,32000.0,52.1166,-116.5166,2010-03-11 20:03:00,5.0,H,"('KOTX', 'KMSX', 'KPDT', 'KTFX', 'KATX')","['s3://unidata-nexrad-level2/2010/03/11/KOTX/KOTX20100311_195833_V03.gz', 's3://unidata-nexrad-level2/2010/03/11/KMSX/KMSX20100311_195335_V04.gz', 's3://unidata-nexrad-level2/2010/03/11/KPDT/KPDT20100311_195737_V03.gz', 's3://unidata-nexrad-level2/2010/03/11/KTFX/KTFX20100311_200009_V03.gz', 's3://unidata-nexrad-level2/2010/03/11/KATX/KATX20100311_200047_V03.gz']"
F,LJ60,BNA UA /OV BNA090105 /TM 1432 /FL370 /TP LJ60 /SK SKC /TA M52 /WV 29229KT /TB NEG,NEG,,37000.0,36.11889,-84.52260486901214,2010-03-15 14:32:00,0.0,M,"('KMRX', 'KOHX', 'KHTX', 'KHPX', 'KJKL')","['s3://unidata-nexrad-level2/2010/03/15/KMRX/KMRX20100315_142513_V03.gz', 's3://unidata-nexrad-level2/2010/03/15/KOHX/KOHX20100315_143112_V03.gz', 's3://unidata-nexrad-level2/2010/03/15/KHTX/KHTX20100315_142237_V03.gz', 's3://unidata-nexrad-level2/2010/03/15/KJKL/KJKL20100315_142812_V03.gz']"
F,B737,LAX UA /OV LAX/TM 1532/FL200/TP B737/TB OCNL LGT CHOP 180-200/RM DURC. SWA. COR TURB. ZLA CWSU,OCNL LGT CHOP 180-200,201003071615-KWBC-UBCA90-PIREP,20000.0,33.93,-118.43,2010-03-07 15:32:00,1.0,M,"('KVTX', 'KSOX', 'KEYX', 'KNKX', 'KVBX')","['s3://unidata-nexrad-level2/2010/03/07/KVTX/KVTX20100307_153039_V03.gz', 's3://unidata-nexrad-level2/2010/03/07/KSOX/KSOX20100307_153135_V03.gz', 's3://unidata-nexrad-level2/2010/03/07/KNKX/KNKX20100307_152800_V03.gz']"
F,P28A,TYS UA /OV MOR150007 /TM 1712 /FL065 /TP P28A /TB LGT-MOD,LGT-MOD,,6500.0,36.07835551894357,-83.30312542332044,2010-03-05 17:12:00,2.0,L,"('KMRX', 'KGSP', 'KJKL', 'KRLX', 'KFFC')","['s3://unidata-nexrad-level2/2010/03/05/KMRX/KMRX20100305_170252_V03.gz', 's3://unidata-nexrad-level2/2010/03/05/KGSP/KGSP20100305_171010_V03.gz', 's3://unidata-nexrad-level2/2010/03/05/KJKL/KJKL20100305_170359_V03.gz', 's3://unidata-nexrad-level2/2010/03/05/KRLX/KRLX20100305_170816_V04.gz', 's3://unidata-nexrad-level2/2010/03/05/KFFC/KFFC20100305_170540_V03.gz']"
F,UNKN,T82 UA /OV T82 /TM 2202 /FL085 /TP UNKN /TB LGT /RM TYP ACFT BL26,LGT,,8500.0,30.24325,-98.90919,2010-03-28 22:02:00,1.0,U,"('KEWX', 'KGRK', 'KDFX', 'KSJT', 'KDYX')","['s3://unidata-nexrad-level2/2010/03/28/KEWX/KEWX20100328_220116_V03.gz', 's3://unidata-nexrad-level2/2010/03/28/KGRK/KGRK20100328_215305_V03.gz', 's3://unidata-nexrad-level2/2010/03/28/KDFX/KDFX20100328_220046_V04.gz', 's3://unidata-nexrad-level2/2010/03/28/KSJT/KSJT20100328_215849_V03.gz', 's3://unidata-nexrad-level2/2010/03/28/KDYX/KDYX20100328_215914_V03.gz']"
F,DA40,TIP UA /OV TIP360005 /TM 0009 /FL055 /TP DA40 /TB NEG,NEG,,5500.0,40.37690008334008,-88.14239,2010-03-29 00:09:00,0.0,L,"('KILX', 'KLOT', 'KIND', 'KVWX', 'KMKX')","['s3://unidata-nexrad-level2/2010/03/29/KILX/KILX20100329_000600_V03.gz', 's3://unidata-nexrad-level2/2010/03/29/KLOT/KLOT20100329_000254_V03.gz', 's3://unidata-nexrad-level2/2010/03/29/KIND/KIND20100329_000452_V03.gz', 's3://unidata-nexrad-level2/2010/03/29/KVWX/KVWX20100329_000715_V03.gz', 's3://unidata-nexrad-level2/2010/03/29/KMKX/KMKX20100329_000529_V03.gz']"
F,B737,UA /OV CYSC 180050 /TM 0223 /FL330 /TP B737 /TB CAT MDT-SEV /RM FL330-340,CAT MDT-SEV,,33000.0,44.60520916659917,-71.69139,2010-03-30 02:23:00,5.0,M,"('KCXX', 'KGYX', 'KENX', 'KBOX', 'KTYX')","['s3://unidata-nexrad-level2/2010/03/30/KCXX/KCXX20100330_021408_V03.gz', 's3://unidata-nexrad-level2/2010/03/30/KGYX/KGYX20100330_021945_V03.gz', 's3://unidata-nexrad-level2/2010/03/30/KENX/KENX20100330_021727_V03.gz', 's3://unidata-nexrad-level2/2010/03/30/KBOX/KBOX20100330_022047_V03.gz', 's3://unidata-nexrad-level2/2010/03/30/KTYX/KTYX20100330_021953_V04.gz']"
F,C172,GUS UA /OV OKK328008 /TM 1329 /FL090 /TP C172 /SK SKC /WX FV10SM HZ /TB NEG,NEG,,9000.0,40.64126223841612,-86.1519552472276,2010-03-31 13:29:00,0.0,L,"('KIWX', 'KIND', 'KLOT', 'KILN', 'KGRR')","['s3://unidata-nexrad-level2/2010/03/31/KIWX/KIWX20100331_132058_V03.gz', 's3://unidata-nexrad-level2/2010/03/31/KIND/KIND20100331_132237_V03.gz', 's3://unidata-nexrad-level2/2010/03/31/KLOT/KLOT20100331_132645_V03.gz', 's3://unidata-nexrad-level2/2010/03/31/KILN/KILN20100331_132815_V03.gz', 's3://unidata-nexrad-level2/2010/03/31/KGRR/KGRR20100331_132501_V04.gz']"
T,DH8B,APA UUA /OV DEN235040 /TM 1934 /FL160 /TP DH8B /TB SEV,SEV,,16000.0,39.450384735940766,-105.36870398275968,2010-03-30 19:34:00,5.0,M,"('KFTG', 'KPUX', 'KCYS', 'KGJX', 'KGLD')","['s3://unidata-nexrad-level2/2010/03/30/KFTG/KFTG20100330_192720_V03.gz', 's3://unidata-nexrad-level2/2010/03/30/KPUX/KPUX20100330_192512_V03.gz', 's3://unidata-nexrad-level2/2010/03/30/KCYS/KCYS20100330_192817_V03.gz', 's3://unidata-nexrad-level2/2010/03/30/KGJX/KGJX20100330_192837_V03.gz', 's3://unidata-nexrad-level2/2010/03/30/KGLD/KGLD20100330_192637_V03.gz']"
T,G4,ORF UUA /OV 3406N 06854W /TM 0155/FL410/TP G4 /TB SEV,SEV,,41000.0,34.1,-68.9,2010-03-13 01:55:00,5.0,L,"('KOKX', 'KMHX', 'KDIX', 'KDOX', 'KBOX')","['s3://unidata-nexrad-level2/2010/03/13/KOKX/KOKX20100313_015424_V03.gz', 's3://unidata-nexrad-level2/2010/03/13/KMHX/KMHX20100313_014703_V03.gz', 's3://unidata-nexrad-level2/2010/03/13/KDIX/KDIX20100313_015345_V03.gz', 's3://unidata-nexrad-level2/2010/03/13/KDOX/KDOX20100313_015326_V04.gz', 's3://unidata-nexrad-level2/2010/03/13/KBOX/KBOX20100313_015445_V03.gz']"
T,B734,ILM UUA /OV DIW/TM 1523/FL280/TP B734/TB SEV,SEV,,28000.0,34.57,-77.45,2010-03-12 15:23:00,5.0,M,"('KMHX', 'KRAX', 'KLTX', 'KAKQ', 'KCAE')","['s3://unidata-nexrad-level2/2010/03/12/KMHX/KMHX20100312_152145_V03.gz', 's3://unidata-nexrad-level2/2010/03/12/KRAX/KRAX20100312_152254_V03.gz', 's3://unidata-nexrad-level2/2010/03/12/KLTX/KLTX20100312_152240_V03.gz', 's3://unidata-nexrad-level2/2010/03/12/KAKQ/KAKQ20100312_152251_V03.gz', 's3://unidata-nexrad-level2/2010/03/12/KCAE/KCAE20100312_151751_V03.gz']"
F,A306,DAY UA /OV RID/TM 1315/FL360/TP A306/TB LGT-MOD,LGT-MOD,,36000.0,39.7572,-84.8428,2010-03-02 13:15:00,2.0,H,"('KIND', 'KILN', 'KLVX', 'KIWX', 'KVWX')","['s3://unidata-nexrad-level2/2010/03/02/KIND/KIND20100302_130527_V03.gz', 's3://unidata-nexrad-level2/2010/03/02/KILN/KILN20100302_131052_V03.gz', 's3://unidata-nexrad-level2/2010/03/02/KLVX/KLVX20100302_130744_V03.gz', 's3://unidata-nexrad-level2/2010/03/02/KIWX/KIWX20100302_131448_V03.gz', 's3://unidata-nexrad-level2/2010/03/02/KVWX/KVWX20100302_130932_V03.gz']"
F,BE36,RFI UA /OV GGG230020 /TM 1505 /FL060 /TP BE36 /SK OVCUNKN-TOP060 /TB NEG,NEG,,6000.0,32.16973010815501,-95.01388864536791,2010-03-28 15:05:00,0.0,L,"('KSHV', 'KFWS', 'KPOE', 'KLCH', 'KHGX')","['s3://unidata-nexrad-level2/2010/03/28/KSHV/KSHV20100328_150237_V03.gz', 's3://unidata-nexrad-level2/2010/03/28/KFWS/KFWS20100328_145933_V03.gz', 's3://unidata-nexrad-level2/2010/03/28/KLCH/KLCH20100328_145713_V03.gz', 's3://unidata-nexrad-level2/2010/03/28/KHGX/KHGX20100328_145508_V03.gz']"
T,P32,GTF UUA /OV GTF290050/TM 1840/FL130/TP P32/TB SEV/RM MOD CHOP 100-120/ZLC,SEV,201003211855-KWBC-UBMT90-PIREP,13000.0,47.73503987248749,-112.568092273583,2010-03-21 18:40:00,5.0,L,"('KTFX', 'KMSX', 'KBLX', 'KOTX', 'KSFX')","['s3://unidata-nexrad-level2/2010/03/21/KTFX/KTFX20100321_183233_V03.gz', 's3://unidata-nexrad-level2/2010/03/21/KMSX/KMSX20100321_183428_V04.gz', 's3://unidata-nexrad-level2/2010/03/21/KBLX/KBLX20100321_183636_V03.gz', 's3://unidata-nexrad-level2/2010/03/21/KOTX/KOTX20100321_183550_V03.gz', 's3://unidata-nexrad-level2/2010/03/21/KSFX/KSFX20100321_183111_V03.gz']"
F,SR22,5SM UA /OV RIL090010 /TM 2346 /FL135 /TP SR22 /SK OVC160 /WV 21021KT /TB LGT CHOP,LGT CHOP,,13500.0,39.52631,-107.51084618244198,2010-03-25 23:46:00,1.0,L,"('KGJX', 'KFTG', 'KCYS', 'KPUX', 'KRIW')","['s3://unidata-nexrad-level2/2010/03/25/KGJX/KGJX20100325_234527_V03.gz', 's3://unidata-nexrad-level2/2010/03/25/KFTG/KFTG20100325_233805_V03.gz', 's3://unidata-nexrad-level2/2010/03/25/KCYS/KCYS20100325_233932_V03.gz', 's3://unidata-nexrad-level2/2010/03/25/KPUX/KPUX20100325_233939_V03.gz', 's3://unidata-nexrad-level2/2010/03/25/KRIW/KRIW20100325_234332_V03.gz']"
F,MD82,RVS UA /OV TUL180010 /TM 1128 /FL050 /TP MD82 /TB MOD 050-120 /RM DURC,MOD 050-120,,5000.0,36.03170983331984,-95.88811,2010-03-24 11:28:00,3.0,M,"('KINX', 'KTLX', 'KSRX', 'KOUN', 'KICT')","['s3://unidata-nexrad-level2/2010/03/24/KINX/KINX20100324_112527_V03.gz', 's3://unidata-nexrad-level2/2010/03/24/KTLX/KTLX20100324_112356_V03.gz', 's3://unidata-nexrad-level2/2010/03/24/KSRX/KSRX20100324_112433_V03.gz', 's3://unidata-nexrad-level2/2010/03/24/KICT/KICT20100324_112740_V03.gz']"
F,CRJ1,SFZ UA /OV PUT /TM 1012 /FL200 /TP CRJ1 /SK TOP210 /TA M24 /TB LGT CHOP /IC LGT MX,LGT CHOP,,20000.0,41.96,-71.84,2010-03-14 10:12:00,1.0,M,"('KBOX', 'KOKX', 'KENX', 'KGYX', 'KCXX')","['s3://unidata-nexrad-level2/2010/03/14/KBOX/KBOX20100314_100921_V03.gz', 's3://unidata-nexrad-level2/2010/03/14/KOKX/KOKX20100314_101116_V03.gz', 's3://unidata-nexrad-level2/2010/03/14/KENX/KENX20100314_101112_V03.gz', 's3://unidata-nexrad-level2/2010/03/14/KGYX/KGYX20100314_100706_V03.gz', 's3://unidata-nexrad-level2/2010/03/14/KCXX/KCXX20100314_100626_V03.gz']"
F,PA31,UA /OV YRM 120020 /TM 0029 /FL100 /TP PA31 /TB MDT-SEV /RM TURBCONTD UNTIL OVR YRM WESTBOUND  THEN SMOOTH,MDT-SEV,,10000.0,52.26331983331984,-114.42651435155368,2010-03-13 00:29:00,5.0,L,"('KMSX', 'KOTX', 'KTFX', 'KPDT', 'KBLX')","['s3://unidata-nexrad-level2/2010/03/13/KMSX/KMSX20100313_001932_V04.gz', 's3://unidata-nexrad-level2/2010/03/13/KOTX/KOTX20100313_002521_V03.gz', 's3://unidata-nexrad-level2/2010/03/13/KTFX/KTFX20100313_002126_V03.gz', 's3://unidata-nexrad-level2/2010/03/13/KPDT/KPDT20100313_002644_V03.gz', 's3://unidata-nexrad-level2/2010/03/13/KBLX/KBLX20100313_002853_V03.gz']"
F,C525,CTY UA /OV 20NE CTY/TM 0017/FL230/TP C525/TB SEV TURB/RM DVLPG LN OFTS IN AREA. CWSU ZJX.,SEV TURB,,23000.0,29.871251352297698,-82.83355294345766,2010-03-13 00:17:00,5.0,L,"('KVAX', 'KJAX', 'KTLH', 'KTBW', 'KMLB')","['s3://unidata-nexrad-level2/2010/03/13/KJAX/KJAX20100313_001341_V03.gz', 's3://unidata-nexrad-level2/2010/03/13/KTLH/KTLH20100313_001140_V03.gz', 's3://unidata-nexrad-level2/2010/03/13/KTBW/KTBW20100313_001331_V03.gz', 's3://unidata-nexrad-level2/2010/03/13/KMLB/KMLB20100313_001655_V03.gz']"
F,E145,CVG UA /OV CVG325012 /TM 1754 /FL040 /TP E145 /SK OVC050 /TB LGT /IC NEG /RM LYR ABV /TA UNKN,LGT,201003251800-KMSC-UBUS01-PIREP,4000.0,39.18384367913419,-84.84766469882497,2010-03-25 17:54:00,1.0,M,"('KILN', 'KIND', 'KLVX', 'KJKL', 'KIWX')","['s3://unidata-nexrad-level2/2010/03/25/KILN/KILN20100325_175301_V03.gz', 's3://unidata-nexrad-level2/2010/03/25/KIND/KIND20100325_175134_V03.gz', 's3://unidata-nexrad-level2/2010/03/25/KLVX/KLVX20100325_175041_V03.gz', 's3://unidata-nexrad-level2/2010/03/25/KJKL/KJKL20100325_175153_V03.gz', 's3://unidata-nexrad-level2/2010/03/25/KIWX/KIWX20100325_175015_V03.gz']"
T,B772,ORF UUA /OV 3600N05500W/TM 0554/FL330/TP B772/TB SEV,SEV,201003040600-KMSC-UBUS01-PIREP,33000.0,36.0,-55.0,2010-03-04 05:54:00,5.0,H,"('KCBW', 'KGYX', 'KBOX', 'KOKX', 'KDIX')","['s3://unidata-nexrad-level2/2010/03/04/KCBW/KCBW20100304_055336_V03.gz', 's3://unidata-nexrad-level2/2010/03/04/KGYX/KGYX20100304_054848_V03.gz', 's3://unidata-nexrad-level2/2010/03/04/KBOX/KBOX20100304_055222_V03.gz', 's3://unidata-nexrad-level2/2010/03/04/KOKX/KOKX20100304_055029_V03.gz', 's3://unidata-nexrad-level2/2010/03/04/KDIX/KDIX20100304_055004_V03.gz']"
T,C182,SBD UUA /OV ONT045015 /TM 1622 /FL060 /TP C182 /TB SEV,SEV,,6000.0,34.232791014223274,-117.38780072585722,2010-03-14 16:22:00,5.0,L,"('KSOX', 'KEYX', 'KNKX', 'KVTX', 'KESX')","['s3://unidata-nexrad-level2/2010/03/14/KSOX/KSOX20100314_161551_V03.gz', 's3://unidata-nexrad-level2/2010/03/14/KNKX/KNKX20100314_161340_V03.gz', 's3://unidata-nexrad-level2/2010/03/14/KVTX/KVTX20100314_162159_V03.gz', 's3://unidata-nexrad-level2/2010/03/14/KESX/KESX20100314_161941_V03.gz']"
F,B772,GRB UA /OV GRB/TM 1809/FL370/TP B772/TB CONT LGT OCNL MOD CHOP,CONT LGT OCNL MOD CHOP,,37000.0,44.4794,-88.1367,2010-03-27 18:09:00,2.0,H,"('KGRB', 'KMKX', 'KARX', 'KMQT', 'KGRR')","['s3://unidata-nexrad-level2/2010/03/27/KGRB/KGRB20100327_180808_V03.gz', 's3://unidata-nexrad-level2/2010/03/27/KMKX/KMKX20100327_180847_V03.gz', 's3://unidata-nexrad-level2/2010/03/27/KARX/KARX20100327_180744_V03.gz', 's3://unidata-nexrad-level2/2010/03/27/KMQT/KMQT20100327_180749_V03.gz', 's3://unidata-nexrad-level2/2010/03/27/KGRR/KGRR20100327_180303_V04.gz']"
T,A319,SAV UUA /OV SAV 090035/TM 1437/FL340/TP A319/TB SEV/RM SEVERE TURBFOR 30 SECONDS. ZJX,SEV,,34000.0,32.12758,-80.51327002067923,2010-03-02 14:37:00,5.0,M,"('KCLX', 'KCAE', 'KJAX', 'KJGX', 'KLTX')","['s3://unidata-nexrad-level2/2010/03/02/KCLX/KCLX20100302_143253_V03.gz', 's3://unidata-nexrad-level2/2010/03/02/KCAE/KCAE20100302_143340_V03.gz', 's3://unidata-nexrad-level2/2010/03/02/KJAX/KJAX20100302_143306_V03.gz', 's3://unidata-nexrad-level2/2010/03/02/KJGX/KJGX20100302_143519_V04.gz', 's3://unidata-nexrad-level2/2010/03/02/KLTX/KLTX20100302_143355_V03.gz']"
F,BE36,GCK UA /OV GCK280040 /TM 1932 /FL080 /TP BE36 /SK BKN060-TOP120 /TA 01 /WV 02070KT /TB LGT CHOP /RM WEST BOUND 40KT HEADWIND,LGT CHOP,,8000.0,38.04330482878892,-101.556824886314,2010-03-27 19:32:00,1.0,L,"('KDDC', 'KGLD', 'KPUX', 'KAMA', 'KFTG')","['s3://unidata-nexrad-level2/2010/03/27/KDDC/KDDC20100327_192714_V03.gz', 's3://unidata-nexrad-level2/2010/03/27/KGLD/KGLD20100327_192900_V03.gz', 's3://unidata-nexrad-level2/2010/03/27/KPUX/KPUX20100327_192616_V03.gz', 's3://unidata-nexrad-level2/2010/03/27/KAMA/KAMA20100327_193110_V03.gz', 's3://unidata-nexrad-level2/2010/03/27/KFTG/KFTG20100327_192835_V03.gz']"
T,M20P,SBA UUA /OV RZS090008 /TM 0412 /FL090 /TP M20P /TB SEV,SEV,201003140420-KWBC-UBCA90-PIREP,9000.0,34.51,-119.60817996056282,2010-03-14 04:12:00,5.0,L,"('KVTX', 'KVBX', 'KHNX', 'KSOX', 'KEYX')","['s3://unidata-nexrad-level2/2010/03/14/KVTX/KVTX20100314_040623_V03.gz', 's3://unidata-nexrad-level2/2010/03/14/KHNX/KHNX20100314_040917_V03.gz', 's3://unidata-nexrad-level2/2010/03/14/KSOX/KSOX20100314_040450_V03.gz']"
F,RV6,FSM UA /OV FSM /TM 1652 /FL025 /TP RV6 /SK OVC-BKN035 /WX FV08SM /TA 05 /WV 04815KT /TB LGT,LGT,,2500.0,35.33658,-94.36744,2010-03-28 16:52:00,1.0,L,"('KSRX', 'KINX', 'KLZK', 'KSGF', 'KTLX')","['s3://unidata-nexrad-level2/2010/03/28/KSRX/KSRX20100328_165118_V03.gz', 's3://unidata-nexrad-level2/2010/03/28/KINX/KINX20100328_164542_V03.gz', 's3://unidata-nexrad-level2/2010/03/28/KLZK/KLZK20100328_164351_V03.gz', 's3://unidata-nexrad-level2/2010/03/28/KSGF/KSGF20100328_164313_V03.gz', 's3://unidata-nexrad-level2/2010/03/28/KTLX/KTLX20100328_165157_V03.gz']"
F,LJ45,RSL UA /OV HLC090050 /TM 1729 /FL400 /TP LJ45 /WV 28525KT /TB NEG,NEG,201003271700-KMSC-UBUS01-PIREP,40000.0,39.26,-99.15364718097564,2010-03-27 17:29:00,0.0,M,"('KUEX', 'KGLD', 'KICT', 'KDDC', 'KTWX')","['s3://unidata-nexrad-level2/2010/03/27/KUEX/KUEX20100327_172652_V03.gz', 's3://unidata-nexrad-level2/2010/03/27/KGLD/KGLD20100327_171947_V03.gz', 's3://unidata-nexrad-level2/2010/03/27/KICT/KICT20100327_172320_V03.gz', 's3://unidata-nexrad-level2/2010/03/27/KDDC/KDDC20100327_172530_V03.gz', 's3://unidata-nexrad-level2/2010/03/27/KTWX/KTWX20100327_172412_V03.gz']"
F,AS50,UUA /OV CYYC 220057 /TM 1724 /FL080 /TP AS50 /TB SEV SFC-080,SEV SFC-080,,8000.0,50.386088831858125,-114.9930780598933,2010-03-28 17:24:00,5.0,L,"('KOTX', 'KMSX', 'KTFX', 'KPDT', 'KCBX')","['s3://unidata-nexrad-level2/2010/03/28/KOTX/KOTX20100328_171856_V03.gz', 's3://unidata-nexrad-level2/2010/03/28/KMSX/KMSX20100328_171741_V04.gz', 's3://unidata-nexrad-level2/2010/03/28/KTFX/KTFX20100328_172006_V03.gz', 's3://unidata-nexrad-level2/2010/03/28/KPDT/KPDT20100328_172220_V03.gz', 's3://unidata-nexrad-level2/2010/03/28/KCBX/KCBX20100328_172055_V04.gz']"
F,A320,SPI UA /OV SPI 010050/TM 1645/FL340/TP A320/TB MOD/RM CWSU ZKC.,MOD,,34000.0,40.66543960209998,-89.49541136941062,2010-03-01 16:45:00,3.0,M,"('KILX', 'KDVN', 'KLOT', 'KLSX', 'KIWX')","['s3://unidata-nexrad-level2/2010/03/01/KILX/KILX20100301_163937_V03.gz', 's3://unidata-nexrad-level2/2010/03/01/KDVN/KDVN20100301_164310_V03.gz', 's3://unidata-nexrad-level2/2010/03/01/KLOT/KLOT20100301_164246_V03.gz', 's3://unidata-nexrad-level2/2010/03/01/KLSX/KLSX20100301_163723_V03.gz', 's3://unidata-nexrad-level2/2010/03/01/KIWX/KIWX20100301_164419_V03.gz']"
F,LNC2,UUA /OV CYBW 000000 /TM 1720 /FL055 /TP LNC2 /TB MDT-SEV BLO 055 /RMMDT TB 055-075 CYBW CFN7,MDT-SEV BLO 055,,5500.0,51.10306,-114.37444,2010-03-29 17:20:00,5.0,L,"('KMSX', 'KTFX', 'KOTX', 'KPDT', 'KBLX')","['s3://unidata-nexrad-level2/2010/03/29/KMSX/KMSX20100329_171800_V04.gz', 's3://unidata-nexrad-level2/2010/03/29/KTFX/KTFX20100329_171506_V03.gz', 's3://unidata-nexrad-level2/2010/03/29/KOTX/KOTX20100329_171736_V03.gz', 's3://unidata-nexrad-level2/2010/03/29/KPDT/KPDT20100329_171430_V03.gz', 's3://unidata-nexrad-level2/2010/03/29/KBLX/KBLX20100329_171846_V03.gz']"
T,BE9,RDU UUA /OV AQE/TM 1259/FL120/TP BE9/SK SKC/TB SEV CHOP,SEV CHOP,201003131315-KWBC-UBNC90-PIREP,12000.0,35.71,-77.37,2010-03-13 12:59:00,5.0,L,"('KRAX', 'KMHX', 'KAKQ', 'KLTX', 'KFCX')","['s3://unidata-nexrad-level2/2010/03/13/KRAX/KRAX20100313_125828_V03.gz', 's3://unidata-nexrad-level2/2010/03/13/KMHX/KMHX20100313_125557_V03.gz', 's3://unidata-nexrad-level2/2010/03/13/KAKQ/KAKQ20100313_125819_V03.gz', 's3://unidata-nexrad-level2/2010/03/13/KLTX/KLTX20100313_125432_V03.gz', 's3://unidata-nexrad-level2/2010/03/13/KFCX/KFCX20100313_125614_V03.gz']"
T,E170,GNV UUA /OV 30S TAY/TM 1628/FL330/TP E170/TB SEV/RM ZJX CWSU,SEV,,33000.0,29.9999594999595,-82.55,2010-03-12 16:28:00,5.0,U,"('KJAX', 'KVAX', 'KTLH', 'KMLB', 'KTBW')","['s3://unidata-nexrad-level2/2010/03/12/KJAX/KJAX20100312_162532_V03.gz', 's3://unidata-nexrad-level2/2010/03/12/KTLH/KTLH20100312_162549_V03.gz', 's3://unidata-nexrad-level2/2010/03/12/KMLB/KMLB20100312_162718_V03.gz', 's3://unidata-nexrad-level2/2010/03/12/KTBW/KTBW20100312_162349_V03.gz']"
F,BE9L,TCS UA /OV TCS315020 /TM 1213 /FL190 /TP BE9L /TA M10 /TB LGT CHOP,LGT CHOP,201003221200-KMSC-UBUS01-PIREP,19000.0,33.5157213522977,-107.56196369233444,2010-03-22 12:13:00,1.0,L,"('KHDX', 'KABX', 'KEPZ', 'KEMX', 'KFSX')","['s3://unidata-nexrad-level2/2010/03/22/KHDX/KHDX20100322_121255_V04.gz', 's3://unidata-nexrad-level2/2010/03/22/KABX/KABX20100322_120852_V03.gz', 's3://unidata-nexrad-level2/2010/03/22/KEPZ/KEPZ20100322_120625_V03.gz', 's3://unidata-nexrad-level2/2010/03/22/KEMX/KEMX20100322_120322_V03.gz', 's3://unidata-nexrad-level2/2010/03/22/KFSX/KFSX20100322_120336_V03.gz']"
T,AEST,MYGF UUA /OV ZFP020020/TM 1945/FL130/TP AEST/TB SEV/RM CWSU ZMA,SEV,,13000.0,26.81325624532144,-78.65259853472283,2010-03-29 19:45:00,5.0,L,"('KAMX', 'KAMX', 'KMLB', 'KTBW', 'KBYX')","['s3://unidata-nexrad-level2/2010/03/29/KAMX/KAMX20100329_194417_V03.gz', 's3://unidata-nexrad-level2/2010/03/29/KAMX/KAMX20100329_194417_V03.gz', 's3://unidata-nexrad-level2/2010/03/29/KMLB/KMLB20100329_194315_V03.gz', 's3://unidata-nexrad-level2/2010/03/29/KTBW/KTBW20100329_193618_V03.gz', 's3://unidata-nexrad-level2/2010/03/29/KBYX/KBYX20100329_194115_V03.gz']"
T,B767,ILM UUA /OV CLB/TM 1139/FL290/TP B767/TB SEV/RM COULD NOT HOLDALTITUDE AT FL290,SEV,,29000.0,34.11,-77.96,2010-03-12 11:39:00,5.0,H,"('KLTX', 'KMHX', 'KRAX', 'KCAE', 'KCLX')","['s3://unidata-nexrad-level2/2010/03/12/KLTX/KLTX20100312_113752_V03.gz', 's3://unidata-nexrad-level2/2010/03/12/KMHX/KMHX20100312_113655_V03.gz', 's3://unidata-nexrad-level2/2010/03/12/KRAX/KRAX20100312_113837_V03.gz', 's3://unidata-nexrad-level2/2010/03/12/KCAE/KCAE20100312_113804_V03.gz', 's3://unidata-nexrad-level2/2010/03/12/KCLX/KCLX20100312_113603_V03.gz']"
T,BE9L,SDB UUA /OV LHS210005/TM 2055/FL160/TP BE9L/TB SEV/RM AWC-WEB:KZLA,SEV,201003312105-KWBC-UBCA91-PIREP,16000.0,34.60782537067398,-118.6306723551098,2010-03-31 20:55:00,5.0,L,"('KEYX', 'KVTX', 'KSOX', 'KVBX', 'KHNX')","['s3://unidata-nexrad-level2/2010/03/31/KVTX/KVTX20100331_205228_V03.gz', 's3://unidata-nexrad-level2/2010/03/31/KSOX/KSOX20100331_205428_V03.gz', 's3://unidata-nexrad-level2/2010/03/31/KHNX/KHNX20100331_205222_V03.gz']"
T,PA30,RUT UUA /OV RUT /TM 1648 /FL025 /TP PA30 /TB SEV,SEV,201003141715-KWBC-UBVT91-PIREP,2500.0,43.53,-72.95,2010-03-14 16:48:00,5.0,L,"('KCXX', 'KENX', 'KGYX', 'KBOX', 'KOKX')","['s3://unidata-nexrad-level2/2010/03/14/KCXX/KCXX20100314_164308_V03.gz', 's3://unidata-nexrad-level2/2010/03/14/KENX/KENX20100314_164213_V03.gz', 's3://unidata-nexrad-level2/2010/03/14/KGYX/KGYX20100314_164641_V03.gz', 's3://unidata-nexrad-level2/2010/03/14/KBOX/KBOX20100314_164712_V03.gz', 's3://unidata-nexrad-level2/2010/03/14/KOKX/KOKX20100314_164751_V03.gz']"
T,B767,MIA UUA /OV 2112N05915W/TM 2330/FL340/TP B767/TB SEV,SEV,,34000.0,21.2,-59.25,2010-03-08 23:30:00,5.0,H,"('KAMX', 'KAMX', 'KMHX', 'KMLB', 'KBYX')","['s3://unidata-nexrad-level2/2010/03/08/KAMX/KAMX20100308_232131_V03.gz', 's3://unidata-nexrad-level2/2010/03/08/KAMX/KAMX20100308_232131_V03.gz', 's3://unidata-nexrad-level2/2010/03/08/KMHX/KMHX20100308_232110_V03.gz', 's3://unidata-nexrad-level2/2010/03/08/KMLB/KMLB20100308_232606_V03.gz', 's3://unidata-nexrad-level2/2010/03/08/KBYX/KBYX20100308_232722_V03.gz']"
F,DH8D,BOI UA /OV IDA-BOI /TM 1752 /FL240 /TP DH8D /TB MOD CHOP,MOD CHOP,,24000.0,43.540195,-114.155655,2010-03-30 17:52:00,3.0,M,"('KSFX', 'KCBX', 'KMTX', 'KLRX', 'KMSX')","['s3://unidata-nexrad-level2/2010/03/30/KSFX/KSFX20100330_174707_V03.gz', 's3://unidata-nexrad-level2/2010/03/30/KCBX/KCBX20100330_174953_V04.gz', 's3://unidata-nexrad-level2/2010/03/30/KMTX/KMTX20100330_174657_V03.gz', 's3://unidata-nexrad-level2/2010/03/30/KLRX/KLRX20100330_174805_V03.gz', 's3://unidata-nexrad-level2/2010/03/30/KMSX/KMSX20100330_174942_V04.gz']"
T,C172,RSW UUA /OV LBV010020/TM 1840/FL050/TP C172/TB SEV/RM IN CLOUDS. 200 FOOT UPDRAFT. ZMA CWSU,SEV,201003261855-KWBC-UBFL91-PIREP,5000.0,27.15829584083999,-81.32512922146216,2010-03-26 18:40:00,5.0,L,"('KTBW', 'KMLB', 'KAMX', 'KAMX', 'KBYX')","['s3://unidata-nexrad-level2/2010/03/26/KTBW/KTBW20100326_183546_V03.gz', 's3://unidata-nexrad-level2/2010/03/26/KMLB/KMLB20100326_183730_V03.gz', 's3://unidata-nexrad-level2/2010/03/26/KAMX/KAMX20100326_183739_V03.gz', 's3://unidata-nexrad-level2/2010/03/26/KAMX/KAMX20100326_183739_V03.gz', 's3://unidata-nexrad-level2/2010/03/26/KBYX/KBYX20100326_183950_V03.gz']"
T,SR22,TRK UUA /OV SWR/TM 1840/FL095/TP SR22/WV 18365KT/TB SEV CAT/RM ZOA CWSU,SEV CAT,201003291845-KWBC-UBCA90-PIREP,9500.0,39.18,-120.27,2010-03-29 18:40:00,5.0,L,"('KBBX', 'KDAX', 'KRGX', 'KMUX', 'KHNX')","['s3://unidata-nexrad-level2/2010/03/29/KBBX/KBBX20100329_183511_V04.gz', 's3://unidata-nexrad-level2/2010/03/29/KDAX/KDAX20100329_183424_V03.gz', 's3://unidata-nexrad-level2/2010/03/29/KRGX/KRGX20100329_183457_V03.gz', 's3://unidata-nexrad-level2/2010/03/29/KHNX/KHNX20100329_183158_V03.gz']"
T,E170Q,LNS UUA /OV LRP248020/TM 0055/FL330/TP E170Q/TB SEV /RM 330-336,SEV,,33000.0,39.99512102113989,-76.69419475398108,2010-03-03 00:55:00,5.0,U,"('KDOX', 'KLWX', 'KCCX', 'KDIX', 'KBGM')","['s3://unidata-nexrad-level2/2010/03/03/KDOX/KDOX20100303_005028_V04.gz', 's3://unidata-nexrad-level2/2010/03/03/KLWX/KLWX20100303_005343_V03.gz', 's3://unidata-nexrad-level2/2010/03/03/KCCX/KCCX20100303_004611_V03.gz', 's3://unidata-nexrad-level2/2010/03/03/KDIX/KDIX20100303_005152_V03.gz', 's3://unidata-nexrad-level2/2010/03/03/KBGM/KBGM20100303_004522_V03.gz']"
F,C210,STJ UA /OV STJ 150025/TM 2355/FL060/TP C210/WX MOD PRECIP/TA 00/TB LGT-MOD/IC LGT RIME/RM CWSU ZKC,LGT-MOD,201003100030-KWBC-UBMO90-PIREP,6000.0,39.59912685336988,-94.65817728733433,2010-03-09 23:55:00,2.0,L,"('KEAX', 'KTWX', 'KOAX', 'KDMX', 'KSGF')","['s3://unidata-nexrad-level2/2010/03/09/KEAX/KEAX20100309_235249_V03.gz', 's3://unidata-nexrad-level2/2010/03/09/KTWX/KTWX20100309_235318_V03.gz', 's3://unidata-nexrad-level2/2010/03/09/KOAX/KOAX20100309_235224_V03.gz', 's3://unidata-nexrad-level2/2010/03/09/KDMX/KDMX20100309_235221_V03.gz', 's3://unidata-nexrad-level2/2010/03/09/KSGF/KSGF20100309_235404_V03.gz']"
T,P46T,RDM UUA /OV DSD339027/TM 0102/FL090/TP P46T/TB SEV 090-070/RM DURD ..ZSE ..ZSE,SEV 090-070,201003290110-KWBC-UBOR90-PIREP,9000.0,44.67014522096432,-121.52515454732556,2010-03-29 01:02:00,5.0,L,"('KRTX', 'KPDT', 'KMAX', 'KLGX', 'KATX')","['s3://unidata-nexrad-level2/2010/03/29/KRTX/KRTX20100329_010105_V03.gz', 's3://unidata-nexrad-level2/2010/03/29/KPDT/KPDT20100329_010135_V03.gz', 's3://unidata-nexrad-level2/2010/03/29/KMAX/KMAX20100329_010121_V03.gz', 's3://unidata-nexrad-level2/2010/03/29/KATX/KATX20100329_005921_V03.gz']"
F,M20P,TRM UA /OV AJO-PSP180022 /TM 1457 /FL100 /TP M20P /WX FV99SM /TA M08 /WV 30040KT /TB NEG /RM TOP090 WV 30030-40,NEG,,10000.0,33.62667,-116.15967,2010-03-09 14:57:00,0.0,L,"('KNKX', 'KSOX', 'KYUX', 'KEYX', 'KESX')","['s3://unidata-nexrad-level2/2010/03/09/KNKX/KNKX20100309_145433_V03.gz', 's3://unidata-nexrad-level2/2010/03/09/KSOX/KSOX20100309_145347_V03.gz', 's3://unidata-nexrad-level2/2010/03/09/KYUX/KYUX20100309_145305_V03.gz', 's3://unidata-nexrad-level2/2010/03/09/KESX/KESX20100309_145358_V03.gz']"
F,B757,SEA UA /OV SEA072045/TM 2115/FL170/TP B757/TB LGT-MOD 170-260/RM DURC..ZSE ..ZSE,LGT-MOD 170-260,,17000.0,47.6764715185824,-121.25958889965987,2010-03-29 21:15:00,2.0,M,"('KATX', 'KLGX', 'KRTX', 'KOTX', 'KPDT')","['s3://unidata-nexrad-level2/2010/03/29/KATX/KATX20100329_211345_V03.gz', 's3://unidata-nexrad-level2/2010/03/29/KRTX/KRTX20100329_211435_V03.gz', 's3://unidata-nexrad-level2/2010/03/29/KOTX/KOTX20100329_211051_V03.gz', 's3://unidata-nexrad-level2/2010/03/29/KPDT/KPDT20100329_211309_V03.gz']"
T,ALL,SMQ UUA /OV PTW/TM 2158/FL180/TP ALL/TB MDT - SEV 180 - 280/RM MOD -SEV TURB ALL ALT,MDT - SEV 180 - 280,,18000.0,40.23833,-75.55722,2010-03-22 21:58:00,5.0,L,"('KDOX', 'KDIX', 'KLWX', 'KBGM', 'KCCX')","['s3://unidata-nexrad-level2/2010/03/22/KDOX/KDOX20100322_215405_V04.gz', 's3://unidata-nexrad-level2/2010/03/22/KDIX/KDIX20100322_215731_V03.gz', 's3://unidata-nexrad-level2/2010/03/22/KLWX/KLWX20100322_215744_V03.gz', 's3://unidata-nexrad-level2/2010/03/22/KBGM/KBGM20100322_215246_V03.gz', 's3://unidata-nexrad-level2/2010/03/22/KCCX/KCCX20100322_215612_V03.gz']"
F,NMRS,LAN UA /OV FNT270030/TM 2121/FL320/TP NMRS/TB CONT LGT TURB/RM ACFT TYPES E170 AND A346,CONT LGT TURB,201003282130-KWBC-UBMI90-PIREP,32000.0,42.97,-84.42338552867317,2010-03-28 21:21:00,1.0,U,"('KGRR', 'KDTX', 'KIWX', 'KCLE', 'KAPX')","['s3://unidata-nexrad-level2/2010/03/28/KGRR/KGRR20100328_211748_V04.gz', 's3://unidata-nexrad-level2/2010/03/28/KDTX/KDTX20100328_211634_V03.gz', 's3://unidata-nexrad-level2/2010/03/28/KIWX/KIWX20100328_211915_V03.gz', 's3://unidata-nexrad-level2/2010/03/28/KCLE/KCLE20100328_211827_V03.gz', 's3://unidata-nexrad-level2/2010/03/28/KAPX/KAPX20100328_211614_V03.gz']"
F,B752,NEW UA /OV HRV/TM 1842/FL360/TP B752/TB MOD 360/RM FM ZHU AWC-WEB:KZHU,MOD 360,201003211920-KWBC-UBLA90-PIREP,36000.0,29.85,-90.0,2010-03-21 18:42:00,3.0,M,"('KLIX', 'KHDC', 'KMOB', 'KDGX', 'KLCH')","['s3://unidata-nexrad-level2/2010/03/21/KLIX/KLIX20100321_184100_V03.gz', 's3://unidata-nexrad-level2/2010/03/21/KMOB/KMOB20100321_184104_V03.gz', 's3://unidata-nexrad-level2/2010/03/21/KDGX/KDGX20100321_183808_V03.gz', 's3://unidata-nexrad-level2/2010/03/21/KLCH/KLCH20100321_184112_V03.gz']"
F,SF34,BRD UA /OV BRD/TM 1753/FL160/TP SF34/TB CONT LGT CHOP,CONT LGT CHOP,201003191800-KMSC-UBUS01-PIREP,16000.0,46.35,-94.03,2010-03-19 17:53:00,1.0,M,"('KMPX', 'KDLH', 'KMVX', 'KABR', 'KARX')","['s3://unidata-nexrad-level2/2010/03/19/KMPX/KMPX20100319_174537_V03.gz', 's3://unidata-nexrad-level2/2010/03/19/KDLH/KDLH20100319_174526_V03.gz', 's3://unidata-nexrad-level2/2010/03/19/KMVX/KMVX20100319_174611_V03.gz', 's3://unidata-nexrad-level2/2010/03/19/KABR/KABR20100319_174347_V03.gz', 's3://unidata-nexrad-level2/2010/03/19/KARX/KARX20100319_174831_V03.gz']"
T,C560,LAL UUA /OV LAL150040/TM 1521/FL150/TP C560/TB SEV/RM CWSU ZMA,SEV,,15000.0,27.411522965391804,-81.64104488063546,2010-03-11 15:21:00,5.0,M,"('KTBW', 'KMLB', 'KAMX', 'KAMX', 'KBYX')","['s3://unidata-nexrad-level2/2010/03/11/KTBW/KTBW20100311_151623_V03.gz', 's3://unidata-nexrad-level2/2010/03/11/KMLB/KMLB20100311_151801_V03.gz', 's3://unidata-nexrad-level2/2010/03/11/KAMX/KAMX20100311_151718_V03.gz', 's3://unidata-nexrad-level2/2010/03/11/KAMX/KAMX20100311_151718_V03.gz', 's3://unidata-nexrad-level2/2010/03/11/KBYX/KBYX20100311_151653_V03.gz']"
T,B744,PASY UUA /OV SYA287193/TM 0019/FL410/TP B744/TB SEV/RM CWSU ZAN,SEV,,41000.0,53.65053849438198,169.03223313007106,2010-03-17 00:19:00,5.0,H,"('RKSG', 'RKJK', 'PGUA', 'RODN', 'LPLA')",['s3://unidata-nexrad-level2/2010/03/17/RKSG/RKSG20100317_001711_V04.gz']
T,C152,GNV UUA /OV 28J275005 /TM 1712 /FL020 /TP C152 /SK SKC /WX FV99SM /TA 10 /TB SEV,SEV,,2000.0,29.66586356686416,-81.78443966910227,2010-03-30 17:12:00,5.0,L,"('KJAX', 'KVAX', 'KMLB', 'KTBW', 'KTLH')","['s3://unidata-nexrad-level2/2010/03/30/KJAX/KJAX20100330_170936_V03.gz', 's3://unidata-nexrad-level2/2010/03/30/KMLB/KMLB20100330_171128_V03.gz', 's3://unidata-nexrad-level2/2010/03/30/KTBW/KTBW20100330_171053_V03.gz', 's3://unidata-nexrad-level2/2010/03/30/KTLH/KTLH20100330_170544_V03.gz']"
F,C182,LVK UA /OV C83 /TM 1658 /FL075 /TP C182 /SK SKC /WX FV30SM /TA 01 /WV 31514KT /TB NEG,NEG,,7500.0,37.8276,-121.6244,2010-03-11 16:58:00,0.0,L,"('KDAX', 'KMUX', 'KBBX', 'KHNX', 'KRGX')","['s3://unidata-nexrad-level2/2010/03/11/KDAX/KDAX20100311_164943_V03.gz', 's3://unidata-nexrad-level2/2010/03/11/KMUX/KMUX20100311_165204_V03.gz', 's3://unidata-nexrad-level2/2010/03/11/KBBX/KBBX20100311_164911_V04.gz', 's3://unidata-nexrad-level2/2010/03/11/KHNX/KHNX20100311_165434_V03.gz', 's3://unidata-nexrad-level2/2010/03/11/KRGX/KRGX20100311_165429_V03.gz']"
F,B738,ACV UA /OV FOT255922/TM 2120/FL350/TP B738/SK SCT/TA M55/WV 245100KT/TB NEG/RM OVR HELOP SMOOTH AWC-WEB:ASA,NEG,,35000.0,36.57639185453701,-143.66990265027272,2010-03-23 21:20:00,0.0,M,"('KBHX', 'PHKM', 'PHMO', 'PHWA', 'PHKI')","['s3://unidata-nexrad-level2/2010/03/23/KBHX/KBHX20100323_211021_V03.gz', 's3://unidata-nexrad-level2/2010/03/23/PHKM/PHKM20100323_211751_V04.gz', 's3://unidata-nexrad-level2/2010/03/23/PHMO/PHMO20100323_211846_V04.gz', 's3://unidata-nexrad-level2/2010/03/23/PHWA/PHWA20100323_211712_V04.gz', 's3://unidata-nexrad-level2/2010/03/23/PHKI/PHKI20100323_211742_V04.gz']"
F,P28A,NFL UA /OV A34-O43 /TM 1947 /FL075 /TP P28A /TB LGT,LGT,,7500.0,39.115,-119.35,2010-03-14 19:47:00,1.0,L,"('KRGX', 'KBBX', 'KDAX', 'KLRX', 'KHNX')","['s3://unidata-nexrad-level2/2010/03/14/KRGX/KRGX20100314_194151_V03.gz', 's3://unidata-nexrad-level2/2010/03/14/KBBX/KBBX20100314_194126_V04.gz', 's3://unidata-nexrad-level2/2010/03/14/KDAX/KDAX20100314_194146_V03.gz', 's3://unidata-nexrad-level2/2010/03/14/KLRX/KLRX20100314_193747_V03.gz', 's3://unidata-nexrad-level2/2010/03/14/KHNX/KHNX20100314_193739_V03.gz']"
F,B757,CRG UA /OV CRG 090130/TM 1431/FL380/TP B757/TB MOD/RM ZJX CWSU,MOD,201003121500-KMSC-UBUS01-PIREP,38000.0,30.34,-78.99930020651328,2010-03-12 14:31:00,3.0,M,"('KJAX', 'KMLB', 'KCLX', 'KVAX', 'KLTX')","['s3://unidata-nexrad-level2/2010/03/12/KJAX/KJAX20100312_142845_V03.gz', 's3://unidata-nexrad-level2/2010/03/12/KMLB/KMLB20100312_142629_V03.gz', 's3://unidata-nexrad-level2/2010/03/12/KCLX/KCLX20100312_142424_V03.gz', 's3://unidata-nexrad-level2/2010/03/12/KLTX/KLTX20100312_143045_V03.gz']"
T,BE20,HND UUA /OV HND180005 /TM 2357 /FL042 /TP BE20 /TB SEV,SEV,,4200.0,35.889519916659914,-115.13444,2010-03-01 23:57:00,5.0,M,"('KESX', 'KEYX', 'KICX', 'KSOX', 'KYUX')","['s3://unidata-nexrad-level2/2010/03/01/KESX/KESX20100301_235254_V03.gz', 's3://unidata-nexrad-level2/2010/03/01/KICX/KICX20100301_234857_V03.gz', 's3://unidata-nexrad-level2/2010/03/01/KSOX/KSOX20100301_235039_V03.gz', 's3://unidata-nexrad-level2/2010/03/01/KYUX/KYUX20100301_234850_V03.gz']"
T,B738,MIA UUA /OV 2500N07100W/TM 0020/FL370/TP B738/TB EXTRM,EXTRM,,37000.0,25.0,-71.0,2010-03-08 00:20:00,7.0,M,"('KAMX', 'KAMX', 'KMLB', 'KBYX', 'KMHX')","['s3://unidata-nexrad-level2/2010/03/08/KAMX/KAMX20100308_001740_V03.gz', 's3://unidata-nexrad-level2/2010/03/08/KAMX/KAMX20100308_001740_V03.gz', 's3://unidata-nexrad-level2/2010/03/08/KMLB/KMLB20100308_001439_V03.gz', 's3://unidata-nexrad-level2/2010/03/08/KBYX/KBYX20100308_001856_V03.gz', 's3://unidata-nexrad-level2/2010/03/08/KMHX/KMHX20100308_001422_V03.gz']"
F,B739,GNV UA /OV OMN061084 /TM 1221 /FL370 /TP B739 /TB LGT,LGT,201003111240-KWBC-UBFL90-PIREP,37000.0,29.978788445810785,-79.70579185888074,2010-03-11 12:21:00,1.0,M,"('KMLB', 'KJAX', 'KCLX', 'KVAX', 'KTBW')","['s3://unidata-nexrad-level2/2010/03/11/KMLB/KMLB20100311_121727_V03.gz', 's3://unidata-nexrad-level2/2010/03/11/KJAX/KJAX20100311_121637_V03.gz', 's3://unidata-nexrad-level2/2010/03/11/KCLX/KCLX20100311_122033_V03.gz', 's3://unidata-nexrad-level2/2010/03/11/KTBW/KTBW20100311_121647_V03.gz']"
F,B738,ITO UA /OV ITO050618/TM 1902/FL370/TP B738/TB NEG/RM AWC-WEB:ASA,NEG,201003121925-KWBC-UBHI90-PIREP,37000.0,26.3412486580104,-146.62749270171514,2010-03-12 19:02:00,0.0,M,"('PHKM', 'PHWA', 'PHMO', 'PHKI', 'KBHX')","['s3://unidata-nexrad-level2/2010/03/12/PHKM/PHKM20100312_185835_V04.gz', 's3://unidata-nexrad-level2/2010/03/12/PHWA/PHWA20100312_190102_V04.gz', 's3://unidata-nexrad-level2/2010/03/12/PHMO/PHMO20100312_185648_V04.gz', 's3://unidata-nexrad-level2/2010/03/12/PHKI/PHKI20100312_185810_V04.gz', 's3://unidata-nexrad-level2/2010/03/12/KBHX/KBHX20100312_185838_V03.gz']"
F,P28A,LAS UA /OV MMM020010/TM 0425/FL120/TP P28A/TA M16/TB MOD/IC LGT RIME/RM ZLA CWSU,MOD,201003090500-KWBC-UBNV90-PIREP,12000.0,36.92662812266072,-114.2088329857126,2010-03-09 04:25:00,3.0,L,"('KESX', 'KICX', 'KEYX', 'KFSX', 'KFSX')","['s3://unidata-nexrad-level2/2010/03/09/KESX/KESX20100309_042201_V03.gz', 's3://unidata-nexrad-level2/2010/03/09/KICX/KICX20100309_042251_V03.gz', 's3://unidata-nexrad-level2/2010/03/09/KFSX/KFSX20100309_041619_V03.gz', 's3://unidata-nexrad-level2/2010/03/09/KFSX/KFSX20100309_041619_V03.gz']"
T,E145,PSX UUA /OV PSX225020/TM 1400/FL290/TP E145/TB SEV 290/RM AWC-WEB:KZHU,SEV 290,201003081415-KWBC-UBTX90-PIREP,29000.0,28.524278647702303,-96.578890994048,2010-03-08 14:00:00,5.0,M,"('KCRP', 'KHGX', 'KEWX', 'KGRK', 'KBRO')","['s3://unidata-nexrad-level2/2010/03/08/KCRP/KCRP20100308_135925_V03.gz', 's3://unidata-nexrad-level2/2010/03/08/KHGX/KHGX20100308_135434_V03.gz', 's3://unidata-nexrad-level2/2010/03/08/KEWX/KEWX20100308_135822_V03.gz', 's3://unidata-nexrad-level2/2010/03/08/KGRK/KGRK20100308_135753_V03.gz', 's3://unidata-nexrad-level2/2010/03/08/KBRO/KBRO20100308_135711_V03.gz']"
F,B737,MLB UA /OV ORL145053 /TM 2248 /FL340 /TP B737 /TB MOD,MOD,,34000.0,27.82181708382401,-80.75612059644972,2010-03-28 22:48:00,3.0,M,"('KMLB', 'KTBW', 'KAMX', 'KAMX', 'KJAX')","['s3://unidata-nexrad-level2/2010/03/28/KMLB/KMLB20100328_224521_V03.gz', 's3://unidata-nexrad-level2/2010/03/28/KTBW/KTBW20100328_224317_V03.gz', 's3://unidata-nexrad-level2/2010/03/28/KAMX/KAMX20100328_224718_V03.gz', 's3://unidata-nexrad-level2/2010/03/28/KAMX/KAMX20100328_224718_V03.gz', 's3://unidata-nexrad-level2/2010/03/28/KJAX/KJAX20100328_224515_V03.gz']"
F,C421,4O4 UA /OV PGO225033 /TM 1757 /FL140 /TP C421 /SK OVC-TOP100/ SKC /TA M08 /WV 015555KT /TB OCNL LGT CHOP,OCNL LGT CHOP,,14000.0,34.29105976870879,-95.08296611010228,2010-03-28 17:57:00,1.0,L,"('KSRX', 'KINX', 'KTLX', 'KSHV', 'KOUN')","['s3://unidata-nexrad-level2/2010/03/28/KSRX/KSRX20100328_174952_V03.gz', 's3://unidata-nexrad-level2/2010/03/28/KINX/KINX20100328_175413_V03.gz', 's3://unidata-nexrad-level2/2010/03/28/KTLX/KTLX20100328_175001_V03.gz', 's3://unidata-nexrad-level2/2010/03/28/KSHV/KSHV20100328_174822_V03.gz']"
T,C208,MKK UUA /OV MKK045003 /TM 1935 /FL016 /TP C208 /TB SEV-EXTRM /RM PER MKK ATCT,SEV-EXTRM,201003011945-KWBC-UBHI90-PIREP,1600.0,21.175358202844656,-157.13209056749594,2010-03-01 19:35:00,6.0,L,"('PHMO', 'PHKM', 'PHKI', 'PHWA', 'PAKC')","['s3://unidata-nexrad-level2/2010/03/01/PHMO/PHMO20100301_193330_V04.gz', 's3://unidata-nexrad-level2/2010/03/01/PHKM/PHKM20100301_193248_V04.gz', 's3://unidata-nexrad-level2/2010/03/01/PHKI/PHKI20100301_193155_V04.gz', 's3://unidata-nexrad-level2/2010/03/01/PHWA/PHWA20100301_193444_V04.gz']"
F,BE55,RBL UA /OV RBL /TM 0116 /FL075 /TP BE55 /SK OVC090 /TA M04 /TB LGT CHOP,LGT CHOP,201003100125-KWBC-UBCA90-PIREP,7500.0,40.1,-122.24,2010-03-10 01:16:00,1.0,L,"('KBBX', 'KDAX', 'KBHX', 'KMAX', 'KRGX')","['s3://unidata-nexrad-level2/2010/03/10/KBBX/KBBX20100310_011517_V04.gz', 's3://unidata-nexrad-level2/2010/03/10/KDAX/KDAX20100310_011103_V03.gz', 's3://unidata-nexrad-level2/2010/03/10/KBHX/KBHX20100310_011452_V03.gz', 's3://unidata-nexrad-level2/2010/03/10/KMAX/KMAX20100310_011353_V03.gz', 's3://unidata-nexrad-level2/2010/03/10/KRGX/KRGX20100310_011248_V03.gz']"
F,B737,VNY UA /OV LAX360030/TM 1521/FL350/TP B737/WV 316080KT/TB CONT LGT CHOP/RM AWC-WEB:SWA,CONT LGT CHOP,,35000.0,34.4382005000405,-118.38653,2010-03-10 15:21:00,1.0,M,"('KVTX', 'KSOX', 'KEYX', 'KNKX', 'KVBX')","['s3://unidata-nexrad-level2/2010/03/10/KVTX/KVTX20100310_151922_V03.gz', 's3://unidata-nexrad-level2/2010/03/10/KNKX/KNKX20100310_152004_V03.gz']"
T,FA20,ILG UUA /OV ILG /TM 0123 /FL040 /TP FA20 /TB SEV 040-000 /RM LLWS +/-20KT DURD RY27 ILG,SEV 040-000,201003310130-KWBC-UBDE90-PIREP,4000.0,39.68,-75.6,2010-03-31 01:23:00,5.0,M,"('KDOX', 'KDIX', 'KLWX', 'KCCX', 'KBGM')","['s3://unidata-nexrad-level2/2010/03/31/KDOX/KDOX20100331_011812_V04.gz', 's3://unidata-nexrad-level2/2010/03/31/KDIX/KDIX20100331_011734_V03.gz', 's3://unidata-nexrad-level2/2010/03/31/KLWX/KLWX20100331_011809_V03.gz', 's3://unidata-nexrad-level2/2010/03/31/KCCX/KCCX20100331_011845_V03.gz', 's3://unidata-nexrad-level2/2010/03/31/KBGM/KBGM20100331_011714_V03.gz']"
F,H,MYGF UA /OV ZFP180015/TM 1905/FL400/TP H/A332/TB SEV/RM NO INJURIESOR DMG. CWSU ZMA.,SEV,,40000.0,26.24997974997975,-78.78,2010-03-29 19:05:00,5.0,L,"('KAMX', 'KAMX', 'KMLB', 'KBYX', 'KTBW')","['s3://unidata-nexrad-level2/2010/03/29/KAMX/KAMX20100329_190059_V03.gz', 's3://unidata-nexrad-level2/2010/03/29/KAMX/KAMX20100329_190059_V03.gz', 's3://unidata-nexrad-level2/2010/03/29/KMLB/KMLB20100329_190307_V03.gz', 's3://unidata-nexrad-level2/2010/03/29/KBYX/KBYX20100329_190319_V03.gz', 's3://unidata-nexrad-level2/2010/03/29/KTBW/KTBW20100329_185603_V03.gz']"
F,B737,SEA UA /OV BTG150055/TM 0024/FL250/TP B737/TB LGT-MOD CHOP/RM DURC250-290 ..ZSE ..ZSE,LGT-MOD CHOP,,25000.0,44.95607907741373,-121.93311160047324,2010-03-29 00:24:00,2.0,M,"('KRTX', 'KPDT', 'KLGX', 'KMAX', 'KATX')","['s3://unidata-nexrad-level2/2010/03/29/KRTX/KRTX20100329_002040_V03.gz', 's3://unidata-nexrad-level2/2010/03/29/KPDT/KPDT20100329_002109_V03.gz', 's3://unidata-nexrad-level2/2010/03/29/KMAX/KMAX20100329_001956_V03.gz', 's3://unidata-nexrad-level2/2010/03/29/KATX/KATX20100329_002016_V03.gz']"
F,DHC8,UUA /OV 5044N11509W /TM 1940 /FL170 /TP DHC8 /TB MDT SEV /RM TBENCOUNTERED 10SW OPALE INTERSECTION,MDT SEV,,17000.0,50.7333,-115.15,2010-03-29 19:40:00,5.0,L,"('KOTX', 'KMSX', 'KTFX', 'KPDT', 'KCBX')","['s3://unidata-nexrad-level2/2010/03/29/KOTX/KOTX20100329_193719_V03.gz', 's3://unidata-nexrad-level2/2010/03/29/KMSX/KMSX20100329_193448_V04.gz', 's3://unidata-nexrad-level2/2010/03/29/KTFX/KTFX20100329_193153_V03.gz', 's3://unidata-nexrad-level2/2010/03/29/KPDT/KPDT20100329_193921_V03.gz', 's3://unidata-nexrad-level2/2010/03/29/KCBX/KCBX20100329_193748_V04.gz']"
F,DA42,FLP UA /OV FLP /TM 1355 /FL075 /TP DA42 /WV 22525KT /TB NEG,NEG,,7500.0,36.29089,-92.59025,2010-03-10 13:55:00,0.0,U,"('KSGF', 'KLZK', 'KSRX', 'KNQA', 'KINX')","['s3://unidata-nexrad-level2/2010/03/10/KSGF/KSGF20100310_135311_V03.gz', 's3://unidata-nexrad-level2/2010/03/10/KLZK/KLZK20100310_135300_V03.gz', 's3://unidata-nexrad-level2/2010/03/10/KSRX/KSRX20100310_134544_V03.gz', 's3://unidata-nexrad-level2/2010/03/10/KNQA/KNQA20100310_135436_V03.gz', 's3://unidata-nexrad-level2/2010/03/10/KINX/KINX20100310_135007_V03.gz']"
T,F900,GPI UUA /OV FCA 200040/TM 2322/FL160/TP F900/TB SEV/RM ZLC,SEV,,16000.0,47.58348750935713,-114.52218351419822,2010-03-26 23:22:00,5.0,M,"('KMSX', 'KOTX', 'KTFX', 'KPDT', 'KCBX')","['s3://unidata-nexrad-level2/2010/03/26/KMSX/KMSX20100326_231758_V04.gz', 's3://unidata-nexrad-level2/2010/03/26/KOTX/KOTX20100326_231617_V03.gz', 's3://unidata-nexrad-level2/2010/03/26/KTFX/KTFX20100326_231957_V03.gz', 's3://unidata-nexrad-level2/2010/03/26/KPDT/KPDT20100326_231920_V03.gz', 's3://unidata-nexrad-level2/2010/03/26/KCBX/KCBX20100326_231820_V04.gz']"
F,BK17,RPJ UA /OV RFD180025 /TM 2002 /FL020 /TP BK17 /SK BKN030 /WX FV10SM /TB NEG,NEG,,2000.0,41.77599958329959,-89.093,2010-03-10 20:02:00,0.0,L,"('KLOT', 'KDVN', 'KMKX', 'KILX', 'KGRB')","['s3://unidata-nexrad-level2/2010/03/10/KLOT/KLOT20100310_195710_V03.gz', 's3://unidata-nexrad-level2/2010/03/10/KDVN/KDVN20100310_195755_V03.gz', 's3://unidata-nexrad-level2/2010/03/10/KMKX/KMKX20100310_195944_V03.gz', 's3://unidata-nexrad-level2/2010/03/10/KILX/KILX20100310_195428_V03.gz', 's3://unidata-nexrad-level2/2010/03/10/KGRB/KGRB20100310_200049_V03.gz']"
T,A320,MCO UUA /OV MCO 070090/TM 1118/FL350/TP A320/TB SEV/RM CWSU ZMA,SEV,,35000.0,28.942461770477475,-79.70602671225586,2010-03-29 11:18:00,5.0,M,"('KMLB', 'KJAX', 'KTBW', 'KAMX', 'KAMX')","['s3://unidata-nexrad-level2/2010/03/29/KMLB/KMLB20100329_111700_V03.gz', 's3://unidata-nexrad-level2/2010/03/29/KJAX/KJAX20100329_111527_V03.gz', 's3://unidata-nexrad-level2/2010/03/29/KTBW/KTBW20100329_111400_V03.gz', 's3://unidata-nexrad-level2/2010/03/29/KAMX/KAMX20100329_111635_V03.gz', 's3://unidata-nexrad-level2/2010/03/29/KAMX/KAMX20100329_111635_V03.gz']"
T,E145,CRP UUA /OV CRP360020/TM 1500/FL270/TP E145/TB SEV 270/RM DO DAMAGE OR INJURIES AWC-WEB:KZHU,SEV 270,,27000.0,28.106420333360333,-97.51278,2010-03-08 15:00:00,5.0,M,"('KCRP', 'KBRO', 'KEWX', 'KHGX', 'KGRK')","['s3://unidata-nexrad-level2/2010/03/08/KCRP/KCRP20100308_145711_V03.gz', 's3://unidata-nexrad-level2/2010/03/08/KBRO/KBRO20100308_145811_V03.gz', 's3://unidata-nexrad-level2/2010/03/08/KEWX/KEWX20100308_145726_V03.gz', 's3://unidata-nexrad-level2/2010/03/08/KHGX/KHGX20100308_145512_V03.gz', 's3://unidata-nexrad-level2/2010/03/08/KGRK/KGRK20100308_145703_V03.gz']"
T,C185,BKE UUA /OV IMB226016/TM 1530/FL085/TP C185/TA M02/WV 24616KT/TB CONTMOD OCNL SEV 070-060/RM SMOOTH OCNL LGT TB AT 085 .. VFR ..ZSE ..ZSE,CONTMOD OCNL SEV 070-060,,8500.0,44.464742763241794,-119.97965978440348,2010-03-27 15:30:00,5.0,L,"('KPDT', 'KRTX', 'KCBX', 'KMAX', 'KOTX')","['s3://unidata-nexrad-level2/2010/03/27/KPDT/KPDT20100327_152651_V03.gz', 's3://unidata-nexrad-level2/2010/03/27/KRTX/KRTX20100327_152445_V03.gz', 's3://unidata-nexrad-level2/2010/03/27/KCBX/KCBX20100327_152836_V04.gz', 's3://unidata-nexrad-level2/2010/03/27/KMAX/KMAX20100327_152020_V03.gz', 's3://unidata-nexrad-level2/2010/03/27/KOTX/KOTX20100327_152645_V03.gz']"
T,MD82,SPS UUA /OV SPS220040/TM 1632/FL280/TP MD82/TB SEV/RM AWC-WEB:KZFW,SEV,,28000.0,33.467862338146055,-99.00960634051552,2010-03-07 16:32:00,5.0,M,"('KFDR', 'KDYX', 'KOUN', 'KFWS', 'KLBB')","['s3://unidata-nexrad-level2/2010/03/07/KFDR/KFDR20100307_162914_V03.gz', 's3://unidata-nexrad-level2/2010/03/07/KDYX/KDYX20100307_163003_V03.gz', 's3://unidata-nexrad-level2/2010/03/07/KFWS/KFWS20100307_163058_V03.gz', 's3://unidata-nexrad-level2/2010/03/07/KLBB/KLBB20100307_162936_V03.gz']"
T,C206,HND UUA /OV 0L7270005 /TM 1842 /FL090 /TP C206 /TB SEV 090-040,SEV 090-040,,9000.0,35.76,-115.4227023525928,2010-03-13 18:42:00,5.0,L,"('KESX', 'KEYX', 'KSOX', 'KICX', 'KNKX')","['s3://unidata-nexrad-level2/2010/03/13/KESX/KESX20100313_184039_V03.gz', 's3://unidata-nexrad-level2/2010/03/13/KSOX/KSOX20100313_183459_V03.gz', 's3://unidata-nexrad-level2/2010/03/13/KICX/KICX20100313_183618_V03.gz', 's3://unidata-nexrad-level2/2010/03/13/KNKX/KNKX20100313_183557_V03.gz']"
T,P28A,COU UUA /OV JEF040015 /TM 0107 /FL040 /TP P28A /TB SEV,SEV,201003280110-KWBC-UBMO90-PIREP,4000.0,38.79152662319523,-91.9443624964982,2010-03-28 01:07:00,5.0,L,"('KLSX', 'KEAX', 'KSGF', 'KILX', 'KDVN')","['s3://unidata-nexrad-level2/2010/03/28/KLSX/KLSX20100328_010620_V03.gz', 's3://unidata-nexrad-level2/2010/03/28/KEAX/KEAX20100328_010206_V03.gz', 's3://unidata-nexrad-level2/2010/03/28/KSGF/KSGF20100328_010647_V03.gz', 's3://unidata-nexrad-level2/2010/03/28/KILX/KILX20100328_010638_V03.gz', 's3://unidata-nexrad-level2/2010/03/28/KDVN/KDVN20100328_010446_V03.gz']"
F,PA34,TUP UA /OV OTB /TM 0106 /FL060 /TP PA34 /WV 31522KT /TB NEG /IC NEG /RM /TA UNKN/SMTH,NEG,,6000.0,34.22,-88.8,2010-03-04 01:06:00,0.0,L,"('KGWX', 'KNQA', 'KBMX', 'KDGX', 'KHTX')","['s3://unidata-nexrad-level2/2010/03/04/KGWX/KGWX20100304_005750_V04.gz', 's3://unidata-nexrad-level2/2010/03/04/KNQA/KNQA20100304_010349_V03.gz', 's3://unidata-nexrad-level2/2010/03/04/KBMX/KBMX20100304_010145_V03.gz', 's3://unidata-nexrad-level2/2010/03/04/KDGX/KDGX20100304_010459_V03.gz', 's3://unidata-nexrad-level2/2010/03/04/KHTX/KHTX20100304_010112_V03.gz']"
T,P180,ALS UUA /OV TAS/TM 1810/FL220/TP P180/TB SEV/RM CWSU ZDV,SEV,,22000.0,36.61,-105.91,2010-03-14 18:10:00,5.0,L,"('KABX', 'KPUX', 'KFDX', 'KGJX', 'KFTG')","['s3://unidata-nexrad-level2/2010/03/14/KABX/KABX20100314_180608_V03.gz', 's3://unidata-nexrad-level2/2010/03/14/KPUX/KPUX20100314_180358_V03.gz', 's3://unidata-nexrad-level2/2010/03/14/KFDX/KFDX20100314_180722_V04.gz', 's3://unidata-nexrad-level2/2010/03/14/KGJX/KGJX20100314_180445_V03.gz', 's3://unidata-nexrad-level2/2010/03/14/KFTG/KFTG20100314_180621_V03.gz']"
F,CRJ7,VEL UA /OV MTU090020/TM 0246/FL320/TP CRJ7/TB MOD MTN WAVE 320-300/ZLC,MOD MTN WAVE 320-300,201003180310-KWBC-UBUT90-PIREP,32000.0,40.14,-109.69393361994818,2010-03-18 02:46:00,3.0,M,"('KGJX', 'KMTX', 'KRIW', 'KICX', 'KSFX')","['s3://unidata-nexrad-level2/2010/03/18/KGJX/KGJX20100318_024126_V03.gz', 's3://unidata-nexrad-level2/2010/03/18/KMTX/KMTX20100318_023925_V03.gz', 's3://unidata-nexrad-level2/2010/03/18/KRIW/KRIW20100318_024533_V03.gz', 's3://unidata-nexrad-level2/2010/03/18/KICX/KICX20100318_024202_V03.gz', 's3://unidata-nexrad-level2/2010/03/18/KSFX/KSFX20100318_024452_V03.gz']"
T,CL30,BOS UUA /OV 4007N 07522W/TM 0345/FL240/TP CL30/TB SEV/RM FL240-280,SEV,201003230405-KWBC-UBMA90-PIREP,24000.0,40.1166,-75.3666,2010-03-23 03:45:00,5.0,U,"('KDIX', 'KDOX', 'KLWX', 'KOKX', 'KBGM')","['s3://unidata-nexrad-level2/2010/03/23/KDIX/KDIX20100323_034319_V03.gz', 's3://unidata-nexrad-level2/2010/03/23/KDOX/KDOX20100323_034322_V04.gz', 's3://unidata-nexrad-level2/2010/03/23/KLWX/KLWX20100323_034038_V03.gz', 's3://unidata-nexrad-level2/2010/03/23/KOKX/KOKX20100323_034334_V03.gz', 's3://unidata-nexrad-level2/2010/03/23/KBGM/KBGM20100323_033953_V03.gz']"
F,MD82,TYR UA /OV GGG270020/TM 1358/FL240/TP MD82/TB MOD/RM AWC-WEB:KZFW,MOD,201003161400-KMSC-UBUS01-PIREP,24000.0,32.42,-95.14491080095571,2010-03-16 13:58:00,3.0,M,"('KSHV', 'KFWS', 'KPOE', 'KGRK', 'KLCH')","['s3://unidata-nexrad-level2/2010/03/16/KSHV/KSHV20100316_135646_V03.gz', 's3://unidata-nexrad-level2/2010/03/16/KFWS/KFWS20100316_135238_V03.gz', 's3://unidata-nexrad-level2/2010/03/16/KGRK/KGRK20100316_135341_V03.gz', 's3://unidata-nexrad-level2/2010/03/16/KLCH/KLCH20100316_134837_V03.gz']"
F,B737,LSV UA /OV LAS090020 /TM 1830 /FL080 /TP B737 /TB MOD,MOD,,8000.0,36.0719,-114.75096761443277,2010-03-30 18:30:00,3.0,M,"('KESX', 'KICX', 'KEYX', 'KSOX', 'KYUX')","['s3://unidata-nexrad-level2/2010/03/30/KESX/KESX20100330_182122_V03.gz', 's3://unidata-nexrad-level2/2010/03/30/KICX/KICX20100330_182856_V03.gz', 's3://unidata-nexrad-level2/2010/03/30/KSOX/KSOX20100330_182245_V03.gz', 's3://unidata-nexrad-level2/2010/03/30/KYUX/KYUX20100330_182427_V03.gz']"
F,MD82,TYR UA /OV FZT/TM 1444/FL240/TP MD82/TB MOD FL240-200/RM AWC-WEB:KZFW,MOD FL240-200,,24000.0,32.07,-95.53,2010-03-28 14:44:00,3.0,M,"('KSHV', 'KFWS', 'KGRK', 'KPOE', 'KHGX')","['s3://unidata-nexrad-level2/2010/03/28/KSHV/KSHV20100328_144313_V03.gz', 's3://unidata-nexrad-level2/2010/03/28/KFWS/KFWS20100328_144014_V03.gz', 's3://unidata-nexrad-level2/2010/03/28/KGRK/KGRK20100328_144144_V03.gz', 's3://unidata-nexrad-level2/2010/03/28/KHGX/KHGX20100328_143329_V03.gz']"
F,DH8,EUG UA /OV EUG040030/TM 1640/FL200/TP DH8/TB CONT LGT/RM SMOOTH BELOW..ZSE ..ZSE,CONT LGT,,20000.0,44.50763324639046,-122.76420259698556,2010-03-27 16:40:00,1.0,M,"('KRTX', 'KMAX', 'KLGX', 'KPDT', 'KATX')","['s3://unidata-nexrad-level2/2010/03/27/KRTX/KRTX20100327_163233_V03.gz', 's3://unidata-nexrad-level2/2010/03/27/KMAX/KMAX20100327_163844_V03.gz', 's3://unidata-nexrad-level2/2010/03/27/KPDT/KPDT20100327_163429_V03.gz', 's3://unidata-nexrad-level2/2010/03/27/KATX/KATX20100327_163126_V03.gz']"
F,CRJ2,SLC UA /OV SLC360015 /TM 2156 /FL130 /TP CRJ2 /SK OVC130 /TA M14 /TB LGT /IC LGT RIME,LGT,,13000.0,41.03002025002025,-111.97,2010-03-09 21:56:00,1.0,M,"('KMTX', 'KSFX', 'KRIW', 'KGJX', 'KICX')","['s3://unidata-nexrad-level2/2010/03/09/KMTX/KMTX20100309_214925_V03.gz', 's3://unidata-nexrad-level2/2010/03/09/KSFX/KSFX20100309_215110_V03.gz', 's3://unidata-nexrad-level2/2010/03/09/KRIW/KRIW20100309_214831_V03.gz', 's3://unidata-nexrad-level2/2010/03/09/KGJX/KGJX20100309_215144_V03.gz', 's3://unidata-nexrad-level2/2010/03/09/KICX/KICX20100309_215212_V03.gz']"
T,C172,PSP UUA /OV BNG /TM 0152 /FL045 /TP C172 /TB SEV 045-040,SEV 045-040,,4500.0,33.92,-116.85,2010-03-14 01:52:00,5.0,L,"('KSOX', 'KNKX', 'KEYX', 'KVTX', 'KYUX')","['s3://unidata-nexrad-level2/2010/03/14/KSOX/KSOX20100314_014509_V03.gz', 's3://unidata-nexrad-level2/2010/03/14/KNKX/KNKX20100314_014826_V03.gz', 's3://unidata-nexrad-level2/2010/03/14/KVTX/KVTX20100314_015126_V03.gz', 's3://unidata-nexrad-level2/2010/03/14/KYUX/KYUX20100314_014503_V03.gz']"
F,GLF3,BFM UA /OV MOB045030 /TM 1728 /FL110 /TP GLF3 /TB CONT MOD 110-060,CONT MOD 110-060,,11000.0,31.04191202844655,-87.83439718549094,2010-03-28 17:28:00,3.0,M,"('KMOB', 'KEVX', 'KLIX', 'KEOX', 'KBMX')","['s3://unidata-nexrad-level2/2010/03/28/KMOB/KMOB20100328_172234_V03.gz', 's3://unidata-nexrad-level2/2010/03/28/KEVX/KEVX20100328_172652_V04.gz', 's3://unidata-nexrad-level2/2010/03/28/KLIX/KLIX20100328_172218_V03.gz', 's3://unidata-nexrad-level2/2010/03/28/KBMX/KBMX20100328_172348_V03.gz']"
T,BE36,CTY UUA /OV CTY /TM 2155 /FL015 /TP BE36 /TB SEV /RM FL015 DURD CTY,SEV,,1500.0,29.63553,-83.10475,2010-03-13 21:55:00,5.0,L,"('KVAX', 'KTLH', 'KJAX', 'KTBW', 'KMLB')","['s3://unidata-nexrad-level2/2010/03/13/KTLH/KTLH20100313_214805_V03.gz', 's3://unidata-nexrad-level2/2010/03/13/KJAX/KJAX20100313_215033_V03.gz', 's3://unidata-nexrad-level2/2010/03/13/KTBW/KTBW20100313_214754_V03.gz', 's3://unidata-nexrad-level2/2010/03/13/KMLB/KMLB20100313_215039_V03.gz']"
T,B737,B23 UUA /OV BAM107024/TM 2040/FL390/TP B737/TB SEV/RM LASTED 3-5 SECONDS AWC-WEB:SWA,SEV,,39000.0,40.4820418452582,-116.37046538854756,2010-03-30 20:40:00,5.0,M,"('KLRX', 'KRGX', 'KCBX', 'KMTX', 'KSFX')","['s3://unidata-nexrad-level2/2010/03/30/KLRX/KLRX20100330_203728_V03.gz', 's3://unidata-nexrad-level2/2010/03/30/KRGX/KRGX20100330_203933_V03.gz', 's3://unidata-nexrad-level2/2010/03/30/KCBX/KCBX20100330_203724_V04.gz', 's3://unidata-nexrad-level2/2010/03/30/KMTX/KMTX20100330_203648_V03.gz', 's3://unidata-nexrad-level2/2010/03/30/KSFX/KSFX20100330_203521_V03.gz']"
F,B737,PHL UA /OV OOD/TM 0224/FL220/TP B737/TB SEV/RM FL220-300,SEV,,22000.0,39.64,-75.3,2010-03-23 02:24:00,5.0,M,"('KDIX', 'KDOX', 'KLWX', 'KOKX', 'KCCX')","['s3://unidata-nexrad-level2/2010/03/23/KDIX/KDIX20100323_022255_V03.gz', 's3://unidata-nexrad-level2/2010/03/23/KDOX/KDOX20100323_022035_V04.gz', 's3://unidata-nexrad-level2/2010/03/23/KLWX/KLWX20100323_022150_V03.gz', 's3://unidata-nexrad-level2/2010/03/23/KOKX/KOKX20100323_022236_V03.gz', 's3://unidata-nexrad-level2/2010/03/23/KCCX/KCCX20100323_022324_V03.gz']"
F,CRJ7,MWL UA /OV MQP311032/TM 1614/FL390/TP CRJ7/TB OCNL MOD 390/RM OCNL MOD TB/ KDEN-KIAH AWC-WEB:SKW,OCNL MOD 390,,39000.0,33.07992649057333,-98.47852006416392,2010-03-27 16:14:00,3.0,M,"('KDYX', 'KFWS', 'KFDR', 'KSJT', 'KTLX')","['s3://unidata-nexrad-level2/2010/03/27/KDYX/KDYX20100327_160946_V03.gz', 's3://unidata-nexrad-level2/2010/03/27/KFWS/KFWS20100327_161318_V03.gz', 's3://unidata-nexrad-level2/2010/03/27/KFDR/KFDR20100327_161245_V03.gz', 's3://unidata-nexrad-level2/2010/03/27/KSJT/KSJT20100327_161313_V03.gz', 's3://unidata-nexrad-level2/2010/03/27/KTLX/KTLX20100327_161211_V03.gz']"
F,E190,TVC UA /OV TVC030030/TM 2120/FL380/TP E190/TB CONT MOD CHOP,CONT MOD CHOP,201003142130-KWBC-UBMI90-PIREP,38000.0,45.10304777595615,-85.19843698679911,2010-03-14 21:20:00,3.0,U,"('KAPX', 'KDTX', 'KGRB', 'KMQT', 'KGRR')","['s3://unidata-nexrad-level2/2010/03/14/KAPX/KAPX20100314_211835_V03.gz', 's3://unidata-nexrad-level2/2010/03/14/KDTX/KDTX20100314_211827_V03.gz', 's3://unidata-nexrad-level2/2010/03/14/KGRB/KGRB20100314_211351_V03.gz', 's3://unidata-nexrad-level2/2010/03/14/KMQT/KMQT20100314_211913_V03.gz', 's3://unidata-nexrad-level2/2010/03/14/KGRR/KGRR20100314_211251_V04.gz']"
T,PC12,HBI UUA /OV GSO180025 /TM 0341 /FL080 /TP PC12 /TB SEV /RM DURD 080-060 LOST OF CONTROL EXTREM PRICIP,SEV,,8000.0,35.68079958329958,-79.94361,2010-03-13 03:41:00,5.0,L,"('KRAX', 'KFCX', 'KCAE', 'KGSP', 'KLTX')","['s3://unidata-nexrad-level2/2010/03/13/KRAX/KRAX20100313_033758_V03.gz', 's3://unidata-nexrad-level2/2010/03/13/KFCX/KFCX20100313_033914_V03.gz', 's3://unidata-nexrad-level2/2010/03/13/KCAE/KCAE20100313_034013_V03.gz', 's3://unidata-nexrad-level2/2010/03/13/KGSP/KGSP20100313_033654_V03.gz', 's3://unidata-nexrad-level2/2010/03/13/KLTX/KLTX20100313_033614_V03.gz']"
F,C210,TOI UA /OV TOI225012 /TM 1614 /FL075 /TP C210 /SK BKN-SCT035 /TB CONT LGT-MOD BLO 050 /RM BASES 035-045 W PPSN SCT035,CONT LGT-MOD BLO 050,,7500.0,31.71898718862138,-86.17866152147938,2010-03-13 16:14:00,2.0,L,"('KEOX', 'KMXX', 'KEVX', 'KBMX', 'KTLH')","['s3://unidata-nexrad-level2/2010/03/13/KEVX/KEVX20100313_160507_V04.gz', 's3://unidata-nexrad-level2/2010/03/13/KBMX/KBMX20100313_161151_V03.gz', 's3://unidata-nexrad-level2/2010/03/13/KTLH/KTLH20100313_160716_V03.gz']"
T,J328,TRK UUA /OV SWR120035/TM 2340/FL130/TP J328/TB SEV 130-140/RM ZOACWSU,SEV 130-140,,13000.0,38.888309708309706,-119.61823893582984,2010-03-26 23:40:00,5.0,M,"('KRGX', 'KDAX', 'KBBX', 'KMUX', 'KHNX')","['s3://unidata-nexrad-level2/2010/03/26/KRGX/KRGX20100326_233801_V03.gz', 's3://unidata-nexrad-level2/2010/03/26/KDAX/KDAX20100326_233253_V03.gz', 's3://unidata-nexrad-level2/2010/03/26/KBBX/KBBX20100326_233829_V04.gz', 's3://unidata-nexrad-level2/2010/03/26/KMUX/KMUX20100326_233112_V03.gz', 's3://unidata-nexrad-level2/2010/03/26/KHNX/KHNX20100326_233153_V03.gz']"
F,B737,KTN UA /OV KTN 290014 /TM 2206 /FL041 /TP B737 /TB MOD /RM CONTMOD,MOD,,4100.0,55.429811164296495,-132.09567373354687,2010-03-13 22:06:00,3.0,M,"('PACG', 'KLGX', 'KATX', 'KRTX', 'PAIH')","['s3://unidata-nexrad-level2/2010/03/13/KATX/KATX20100313_220528_V03.gz', 's3://unidata-nexrad-level2/2010/03/13/KRTX/KRTX20100313_220529_V03.gz']"
F,C340,UUA /OV CYYC 180010 /TM 1731 /FL102 /TP C340 /TB SEV /RM SMTH AT 110,SEV,,10200.0,50.94720983331983,-114.02028,2010-03-11 17:31:00,5.0,L,"('KMSX', 'KTFX', 'KOTX', 'KPDT', 'KBLX')","['s3://unidata-nexrad-level2/2010/03/11/KMSX/KMSX20100311_172456_V04.gz', 's3://unidata-nexrad-level2/2010/03/11/KTFX/KTFX20100311_172356_V03.gz', 's3://unidata-nexrad-level2/2010/03/11/KOTX/KOTX20100311_172300_V03.gz', 's3://unidata-nexrad-level2/2010/03/11/KPDT/KPDT20100311_172704_V03.gz', 's3://unidata-nexrad-level2/2010/03/11/KBLX/KBLX20100311_172545_V03.gz']"
F,B739,HDN UA /OV KHDN/TM 1657/FL350/TP B739/TB OCNL LGT CHOP 350/RM AWC-WEB:ASA,OCNL LGT CHOP 350,,35000.0,40.48,-107.22,2010-03-31 16:57:00,1.0,M,"('KCYS', 'KGJX', 'KFTG', 'KRIW', 'KPUX')","['s3://unidata-nexrad-level2/2010/03/31/KCYS/KCYS20100331_165620_V03.gz', 's3://unidata-nexrad-level2/2010/03/31/KGJX/KGJX20100331_165657_V03.gz', 's3://unidata-nexrad-level2/2010/03/31/KFTG/KFTG20100331_165253_V03.gz', 's3://unidata-nexrad-level2/2010/03/31/KRIW/KRIW20100331_165335_V03.gz', 's3://unidata-nexrad-level2/2010/03/31/KPUX/KPUX20100331_165323_V03.gz']"
T,C182,SDB UUA /OV LHS/TM 2347/FL090/TP C182/TB SEV/RM 1000 FPM UP/DOWN DRAFTS. ALSO REPORTED BY C172 AND H60. AWC-WEB:KZLA,SEV,,9000.0,34.68,-118.58,2010-03-09 23:47:00,5.0,L,"('KVTX', 'KEYX', 'KSOX', 'KVBX', 'KHNX')","['s3://unidata-nexrad-level2/2010/03/09/KVTX/KVTX20100309_234525_V03.gz', 's3://unidata-nexrad-level2/2010/03/09/KSOX/KSOX20100309_234446_V03.gz', 's3://unidata-nexrad-level2/2010/03/09/KHNX/KHNX20100309_234657_V03.gz']"
F,B733,CHS UA /OV CHS/TM 1737/FL260/TP B733/TB LGT CHOP/RM AWC-WEB:SWA,LGT CHOP,,26000.0,32.8986,-80.0405,2010-03-11 17:37:00,1.0,M,"('KCLX', 'KLTX', 'KCAE', 'KGSP', 'KJGX')","['s3://unidata-nexrad-level2/2010/03/11/KCLX/KCLX20100311_173257_V03.gz', 's3://unidata-nexrad-level2/2010/03/11/KLTX/KLTX20100311_173644_V03.gz', 's3://unidata-nexrad-level2/2010/03/11/KCAE/KCAE20100311_173602_V03.gz', 's3://unidata-nexrad-level2/2010/03/11/KGSP/KGSP20100311_173257_V03.gz', 's3://unidata-nexrad-level2/2010/03/11/KJGX/KJGX20100311_173226_V04.gz']"
F,MD83,EKO UA /OV LWL 170030/TM 2157/FL330/TP MD83/TB MOD CHOP/ZLC,MOD CHOP,,33000.0,40.617556238740015,-114.80475508992636,2010-03-28 21:57:00,3.0,M,"('KLRX', 'KMTX', 'KSFX', 'KCBX', 'KICX')","['s3://unidata-nexrad-level2/2010/03/28/KLRX/KLRX20100328_215238_V03.gz', 's3://unidata-nexrad-level2/2010/03/28/KMTX/KMTX20100328_214823_V03.gz', 's3://unidata-nexrad-level2/2010/03/28/KSFX/KSFX20100328_215154_V03.gz', 's3://unidata-nexrad-level2/2010/03/28/KCBX/KCBX20100328_215356_V04.gz', 's3://unidata-nexrad-level2/2010/03/28/KICX/KICX20100328_215027_V03.gz']"
T,P46T,OBE UUA /OV PHK010010 /TM 1325 /FL150 /TP P46T /TB SEV,SEV,,15000.0,26.94414792042,-80.65757890867431,2010-03-12 13:25:00,5.0,L,"('KMLB', 'KAMX', 'KAMX', 'KTBW', 'KBYX')","['s3://unidata-nexrad-level2/2010/03/12/KMLB/KMLB20100312_132055_V03.gz', 's3://unidata-nexrad-level2/2010/03/12/KAMX/KAMX20100312_132208_V03.gz', 's3://unidata-nexrad-level2/2010/03/12/KAMX/KAMX20100312_132208_V03.gz', 's3://unidata-nexrad-level2/2010/03/12/KTBW/KTBW20100312_132214_V03.gz', 's3://unidata-nexrad-level2/2010/03/12/KBYX/KBYX20100312_132427_V03.gz']"
F,C210,NFL UA /OV HZN180017 /TM 1905 /FL105 /TP C210 /WX FV99SM /TA 00 /TB NEG /RM SCT CI,NEG,,10500.0,39.23664371664372,-119.0,2010-03-12 19:05:00,0.0,L,"('KRGX', 'KBBX', 'KDAX', 'KLRX', 'KHNX')","['s3://unidata-nexrad-level2/2010/03/12/KRGX/KRGX20100312_190158_V03.gz', 's3://unidata-nexrad-level2/2010/03/12/KBBX/KBBX20100312_190236_V04.gz', 's3://unidata-nexrad-level2/2010/03/12/KDAX/KDAX20100312_190439_V03.gz', 's3://unidata-nexrad-level2/2010/03/12/KLRX/KLRX20100312_185610_V03.gz', 's3://unidata-nexrad-level2/2010/03/12/KHNX/KHNX20100312_190341_V03.gz']"
F,B737,YKM UA /OV YKM250040/TM 0343/FL240/TP B737/TB LGT TB / MOD CHOP/RM DURC 240-290 ..ZSE,LGT TB,201003030355-KWBC-UBWA90-PIREP,24000.0,46.341968102010014,-121.35133351247026,2010-03-03 03:43:00,1.0,M,"('KRTX', 'KPDT', 'KATX', 'KLGX', 'KOTX')","['s3://unidata-nexrad-level2/2010/03/03/KRTX/KRTX20100303_033928_V03.gz', 's3://unidata-nexrad-level2/2010/03/03/KPDT/KPDT20100303_034225_V03.gz', 's3://unidata-nexrad-level2/2010/03/03/KATX/KATX20100303_034031_V03.gz', 's3://unidata-nexrad-level2/2010/03/03/KOTX/KOTX20100303_033902_V03.gz']"
F,E120,BYI UA /OV BYI/TM 2357/FL240/TP E120/TB LGT-MOD CHOP/RM ZLC,LGT-MOD CHOP,,24000.0,42.5426,-113.77154,2010-03-27 23:57:00,2.0,M,"('KSFX', 'KMTX', 'KCBX', 'KLRX', 'KMSX')","['s3://unidata-nexrad-level2/2010/03/27/KSFX/KSFX20100327_235114_V03.gz', 's3://unidata-nexrad-level2/2010/03/27/KMTX/KMTX20100327_234749_V03.gz', 's3://unidata-nexrad-level2/2010/03/27/KCBX/KCBX20100327_235018_V04.gz', 's3://unidata-nexrad-level2/2010/03/27/KLRX/KLRX20100327_235622_V03.gz', 's3://unidata-nexrad-level2/2010/03/27/KMSX/KMSX20100327_235614_V04.gz']"
T,BE20,ABY UUA /OV PZD130020 /TM 2211 /FL160 /TP BE20 /TB SEV,SEV,,16000.0,31.445720108155005,-83.98998178314143,2010-03-25 22:11:00,5.0,M,"('KVAX', 'KTLH', 'KEOX', 'KJGX', 'KEVX')","['s3://unidata-nexrad-level2/2010/03/25/KTLH/KTLH20100325_220944_V03.gz', 's3://unidata-nexrad-level2/2010/03/25/KJGX/KJGX20100325_220757_V04.gz', 's3://unidata-nexrad-level2/2010/03/25/KEVX/KEVX20100325_220834_V04.gz']"
F,B764,VEL UA /OV SLC120120 /TM 1311 /FL380 /TP B764 /SK SKC /WV 24455KT /TB NEG,NEG,,38000.0,39.779918999919005,-109.6824428557704,2010-03-03 13:11:00,0.0,H,"('KGJX', 'KMTX', 'KICX', 'KRIW', 'KSFX')","['s3://unidata-nexrad-level2/2010/03/03/KGJX/KGJX20100303_130242_V03.gz', 's3://unidata-nexrad-level2/2010/03/03/KMTX/KMTX20100303_130837_V03.gz', 's3://unidata-nexrad-level2/2010/03/03/KICX/KICX20100303_130951_V03.gz', 's3://unidata-nexrad-level2/2010/03/03/KRIW/KRIW20100303_130146_V03.gz', 's3://unidata-nexrad-level2/2010/03/03/KSFX/KSFX20100303_130932_V03.gz']"
F,PA32,ARR UA /OV ARR135010 /TM 2018 /FL025 /TP PA32 /SK SKC /WX FV99SM /TA 02 /TB NEG /RM TB OCNL LGT CHOP 020-024 DURC,NEG,,2500.0,41.65213932385115,-88.32197272410062,2010-03-04 20:18:00,0.0,L,"('KLOT', 'KMKX', 'KILX', 'KDVN', 'KIWX')","['s3://unidata-nexrad-level2/2010/03/04/KLOT/KLOT20100304_201311_V03.gz', 's3://unidata-nexrad-level2/2010/03/04/KMKX/KMKX20100304_201721_V03.gz', 's3://unidata-nexrad-level2/2010/03/04/KILX/KILX20100304_201000_V03.gz', 's3://unidata-nexrad-level2/2010/03/04/KDVN/KDVN20100304_201031_V03.gz', 's3://unidata-nexrad-level2/2010/03/04/KIWX/KIWX20100304_201018_V03.gz']"
F,B763,ORF UA /OV 3307N 48022W/TM 2256/FL350/TP B763/TB MOD,MOD,,35000.0,33.1166,-120.3666,2010-03-13 22:56:00,3.0,H,"('KVTX', 'KVBX', 'KSOX', 'KNKX', 'KEYX')","['s3://unidata-nexrad-level2/2010/03/13/KVTX/KVTX20100313_224814_V03.gz', 's3://unidata-nexrad-level2/2010/03/13/KSOX/KSOX20100313_225429_V03.gz', 's3://unidata-nexrad-level2/2010/03/13/KNKX/KNKX20100313_225100_V03.gz']"
F,A320,MYNN UA /OV ZQA 180030/TM 1358/FL360/TP A320/TB LGT TO MDT CHOP/RMCWSU ZMA,LGT TO MDT CHOP,,36000.0,24.4999594999595,-77.45,2010-03-02 13:58:00,1.0,M,"('KAMX', 'KAMX', 'KBYX', 'KMLB', 'KTBW')","['s3://unidata-nexrad-level2/2010/03/02/KAMX/KAMX20100302_135738_V03.gz', 's3://unidata-nexrad-level2/2010/03/02/KAMX/KAMX20100302_135738_V03.gz', 's3://unidata-nexrad-level2/2010/03/02/KBYX/KBYX20100302_135541_V03.gz', 's3://unidata-nexrad-level2/2010/03/02/KMLB/KMLB20100302_135404_V03.gz', 's3://unidata-nexrad-level2/2010/03/02/KTBW/KTBW20100302_135500_V03.gz']"
T,BE36,PGD UUA /OV PGD090020 /TM 1350 /FL030 /TP BE36 /TB SEV,SEV,,3000.0,26.91722,-81.61752578262089,2010-03-02 13:50:00,5.0,L,"('KTBW', 'KMLB', 'KAMX', 'KAMX', 'KBYX')","['s3://unidata-nexrad-level2/2010/03/02/KTBW/KTBW20100302_134525_V03.gz', 's3://unidata-nexrad-level2/2010/03/02/KMLB/KMLB20100302_134942_V03.gz', 's3://unidata-nexrad-level2/2010/03/02/KAMX/KAMX20100302_134810_V03.gz', 's3://unidata-nexrad-level2/2010/03/02/KAMX/KAMX20100302_134810_V03.gz', 's3://unidata-nexrad-level2/2010/03/02/KBYX/KBYX20100302_134714_V03.gz']"
F,C182,MOD UA /OV MOD270005 /TM 2004 /FL025 /TP C182 /TB MOD,MOD,,2500.0,37.62582,-121.05964543757496,2010-03-06 20:04:00,3.0,L,"('KDAX', 'KMUX', 'KHNX', 'KBBX', 'KRGX')","['s3://unidata-nexrad-level2/2010/03/06/KDAX/KDAX20100306_195647_V03.gz', 's3://unidata-nexrad-level2/2010/03/06/KMUX/KMUX20100306_200059_V03.gz', 's3://unidata-nexrad-level2/2010/03/06/KHNX/KHNX20100306_200127_V03.gz', 's3://unidata-nexrad-level2/2010/03/06/KBBX/KBBX20100306_195646_V04.gz', 's3://unidata-nexrad-level2/2010/03/06/KRGX/KRGX20100306_200046_V03.gz']"
T,CRJ7,LEX UUA /OV CVG145035-CVG145055 /TM 2324 /FL110 /TP CRJ7 /TB SEV,SEV,,11000.0,38.56518260252529,-84.24084074574652,2010-03-12 23:24:00,5.0,M,"('KILN', 'KJKL', 'KLVX', 'KIND', 'KRLX')","['s3://unidata-nexrad-level2/2010/03/12/KILN/KILN20100312_232334_V03.gz', 's3://unidata-nexrad-level2/2010/03/12/KJKL/KJKL20100312_232153_V03.gz', 's3://unidata-nexrad-level2/2010/03/12/KLVX/KLVX20100312_231907_V03.gz', 's3://unidata-nexrad-level2/2010/03/12/KIND/KIND20100312_231937_V03.gz', 's3://unidata-nexrad-level2/2010/03/12/KRLX/KRLX20100312_232030_V04.gz']"
T,C526,CXO UUA /OV IAH320035 /TM 0011 /FL120 /TP C526 /TB SEV,SEV,,12000.0,30.431295454122203,-95.79363289708724,2010-03-29 00:11:00,5.0,L,"('KHGX', 'KGRK', 'KEWX', 'KLCH', 'KFWS')","['s3://unidata-nexrad-level2/2010/03/29/KHGX/KHGX20100329_000739_V03.gz', 's3://unidata-nexrad-level2/2010/03/29/KGRK/KGRK20100329_000608_V03.gz', 's3://unidata-nexrad-level2/2010/03/29/KEWX/KEWX20100329_000742_V03.gz', 's3://unidata-nexrad-level2/2010/03/29/KLCH/KLCH20100329_000358_V03.gz', 's3://unidata-nexrad-level2/2010/03/29/KFWS/KFWS20100329_000202_V03.gz']"
T,C526,LGU UUA /OV LHO 030040/TM 1914/FL230/TP C526/TB SEV 230-200/RM LGTCHOP BLW 200 ZLC,SEV 230-200,,23000.0,42.3673970346082,-111.56289194331364,2010-03-30 19:14:00,5.0,L,"('KSFX', 'KMTX', 'KRIW', 'KBLX', 'KGJX')","['s3://unidata-nexrad-level2/2010/03/30/KSFX/KSFX20100330_191113_V03.gz', 's3://unidata-nexrad-level2/2010/03/30/KMTX/KMTX20100330_190834_V03.gz', 's3://unidata-nexrad-level2/2010/03/30/KRIW/KRIW20100330_190922_V03.gz', 's3://unidata-nexrad-level2/2010/03/30/KBLX/KBLX20100330_190740_V03.gz', 's3://unidata-nexrad-level2/2010/03/30/KGJX/KGJX20100330_190908_V03.gz']"
F,P28A,MLB UA /OV MLB180009 /TM 1705 /FL025 /TP P28A /SK SCT035 /WX FV15SM /TA 04 /WV 28625KT /TB LGT,LGT,,2500.0,27.95273784998785,-80.64526,2010-03-03 17:05:00,1.0,L,"('KMLB', 'KTBW', 'KAMX', 'KAMX', 'KJAX')","['s3://unidata-nexrad-level2/2010/03/03/KMLB/KMLB20100303_165754_V03.gz', 's3://unidata-nexrad-level2/2010/03/03/KTBW/KTBW20100303_170401_V03.gz', 's3://unidata-nexrad-level2/2010/03/03/KAMX/KAMX20100303_165647_V03.gz', 's3://unidata-nexrad-level2/2010/03/03/KAMX/KAMX20100303_165647_V03.gz', 's3://unidata-nexrad-level2/2010/03/03/KJAX/KJAX20100303_170417_V03.gz']"
F,MD80,CMH UA /OV TVT/TM 2255/FL390/TP MD80/TB LGT CHOP/RM CWSU ZID,LGT CHOP,,39000.0,40.46,-82.13,2010-03-31 22:55:00,1.0,M,"('KCLE', 'KPBZ', 'KILN', 'KDTX', 'KRLX')","['s3://unidata-nexrad-level2/2010/03/31/KCLE/KCLE20100331_224651_V03.gz', 's3://unidata-nexrad-level2/2010/03/31/KPBZ/KPBZ20100331_224636_V03.gz', 's3://unidata-nexrad-level2/2010/03/31/KILN/KILN20100331_224559_V03.gz', 's3://unidata-nexrad-level2/2010/03/31/KDTX/KDTX20100331_224937_V03.gz', 's3://unidata-nexrad-level2/2010/03/31/KRLX/KRLX20100331_224825_V04.gz']"
F,B752,LAA UA /OV LAA 118015/TM 2046/FL350/TP B752/TB MOD CHOP/RM ALSO RPRTDBY NMRS ACFT FL340-370..CWSU ZDV,MOD CHOP,,35000.0,37.95262260249488,-102.40765029975051,2010-03-15 20:46:00,3.0,M,"('KPUX', 'KGLD', 'KDDC', 'KAMA', 'KFTG')","['s3://unidata-nexrad-level2/2010/03/15/KPUX/KPUX20100315_204549_V03.gz', 's3://unidata-nexrad-level2/2010/03/15/KGLD/KGLD20100315_204448_V03.gz', 's3://unidata-nexrad-level2/2010/03/15/KDDC/KDDC20100315_204155_V03.gz', 's3://unidata-nexrad-level2/2010/03/15/KAMA/KAMA20100315_204514_V03.gz', 's3://unidata-nexrad-level2/2010/03/15/KFTG/KFTG20100315_204519_V03.gz']"
T,E145,BPT UUA /OV BPT130025/TM 0114/FL310/TP E145/TB SEV/RM AWC-WEB:KZHU,SEV,201003090125-KWBC-UBTX91-PIREP,31000.0,29.682150135193755,-93.651592317507,2010-03-09 01:14:00,5.0,M,"('KLCH', 'KHGX', 'KPOE', 'KSHV', 'KHDC')","['s3://unidata-nexrad-level2/2010/03/09/KLCH/KLCH20100309_011028_V03.gz', 's3://unidata-nexrad-level2/2010/03/09/KHGX/KHGX20100309_010856_V03.gz', 's3://unidata-nexrad-level2/2010/03/09/KSHV/KSHV20100309_011257_V03.gz']"
T,B738,PBI UUA /OV PBI050070/TM 0225/FL370/TP B738/TB SEV/RM ZMA CWSU,SEV,,37000.0,27.434679621457487,-79.09906472232122,2010-03-12 02:25:00,5.0,M,"('KMLB', 'KAMX', 'KAMX', 'KTBW', 'KBYX')","['s3://unidata-nexrad-level2/2010/03/12/KMLB/KMLB20100312_022345_V03.gz', 's3://unidata-nexrad-level2/2010/03/12/KAMX/KAMX20100312_022449_V03.gz', 's3://unidata-nexrad-level2/2010/03/12/KAMX/KAMX20100312_022449_V03.gz', 's3://unidata-nexrad-level2/2010/03/12/KTBW/KTBW20100312_022044_V03.gz', 's3://unidata-nexrad-level2/2010/03/12/KBYX/KBYX20100312_022428_V03.gz']"
F,HXB,BJC UA /OV LMO /TM 2304 /FL075 /TP HXB /WX FV20SM /TA 00 /TB NEG,NEG,201003242310-KWBC-UBCO90-PIREP,7500.0,40.16367,-105.16304,2010-03-24 23:04:00,0.0,U,"('KFTG', 'KCYS', 'KPUX', 'KGJX', 'KGLD')","['s3://unidata-nexrad-level2/2010/03/24/KFTG/KFTG20100324_225601_V03.gz', 's3://unidata-nexrad-level2/2010/03/24/KCYS/KCYS20100324_225926_V03.gz', 's3://unidata-nexrad-level2/2010/03/24/KPUX/KPUX20100324_225440_V03.gz', 's3://unidata-nexrad-level2/2010/03/24/KGJX/KGJX20100324_225955_V03.gz', 's3://unidata-nexrad-level2/2010/03/24/KGLD/KGLD20100324_230127_V03.gz']"
F,SR22,I16 UA /OV HNN180056 /TM 0057 /FL250 /TP SR22 /TA M35 /WV 01415KT /TB NEG,NEG,201003150100-KMSC-UBUS01-PIREP,25000.0,37.816591066591066,-82.03,2010-03-15 00:57:00,0.0,L,"('KRLX', 'KJKL', 'KFCX', 'KMRX', 'KILN')","['s3://unidata-nexrad-level2/2010/03/15/KRLX/KRLX20100315_005638_V04.gz', 's3://unidata-nexrad-level2/2010/03/15/KJKL/KJKL20100315_005640_V03.gz', 's3://unidata-nexrad-level2/2010/03/15/KFCX/KFCX20100315_005230_V03.gz', 's3://unidata-nexrad-level2/2010/03/15/KMRX/KMRX20100315_005529_V03.gz', 's3://unidata-nexrad-level2/2010/03/15/KILN/KILN20100315_005254_V03.gz']"
F,B190,HYS UA /OV HYS/TM 1222/FL080/TP B190/SK OVC033-TOP047/TB NEG/ICNEG/RM SECOND LAYER OVC064-TOP078. CLR ABV 078. CWSU ZKC.,NEG,,8000.0,38.84222,-99.27317,2010-03-09 12:22:00,0.0,M,"('KDDC', 'KUEX', 'KICT', 'KGLD', 'KVNX')","['s3://unidata-nexrad-level2/2010/03/09/KDDC/KDDC20100309_121642_V03.gz', 's3://unidata-nexrad-level2/2010/03/09/KUEX/KUEX20100309_121844_V03.gz', 's3://unidata-nexrad-level2/2010/03/09/KICT/KICT20100309_121719_V03.gz', 's3://unidata-nexrad-level2/2010/03/09/KGLD/KGLD20100309_122003_V03.gz', 's3://unidata-nexrad-level2/2010/03/09/KVNX/KVNX20100309_121812_V03.gz']"
T,A320,XMR UUA /OV ORL070090 /TM 1118 /FL350 /TP A320 /TB SEV 350 /RM ZMATMU291138BF,SEV 350,,35000.0,29.058531770477472,-79.72821353115704,2010-03-29 11:18:00,5.0,M,"('KMLB', 'KJAX', 'KTBW', 'KVAX', 'KAMX')","['s3://unidata-nexrad-level2/2010/03/29/KMLB/KMLB20100329_111700_V03.gz', 's3://unidata-nexrad-level2/2010/03/29/KJAX/KJAX20100329_111527_V03.gz', 's3://unidata-nexrad-level2/2010/03/29/KTBW/KTBW20100329_111400_V03.gz', 's3://unidata-nexrad-level2/2010/03/29/KAMX/KAMX20100329_111635_V03.gz']"
F,B737,GCN UA /OV GCN060020/TM 1517/FL290/TP B737/TB MOD 300-290/RM DURD. ZLA CWSU,MOD 300-290,201003081525-KWBC-UBAZ90-PIREP,29000.0,36.12668016668017,-111.793329831764,2010-03-08 15:17:00,3.0,M,"('KFSX', 'KFSX', 'KICX', 'KESX', 'KIWA')","['s3://unidata-nexrad-level2/2010/03/08/KFSX/KFSX20100308_150915_V03.gz', 's3://unidata-nexrad-level2/2010/03/08/KFSX/KFSX20100308_150915_V03.gz', 's3://unidata-nexrad-level2/2010/03/08/KICX/KICX20100308_151445_V03.gz', 's3://unidata-nexrad-level2/2010/03/08/KESX/KESX20100308_151111_V03.gz', 's3://unidata-nexrad-level2/2010/03/08/KIWA/KIWA20100308_151422_V03.gz']"
T,A332,ORF UUA /OV 3541N04851W/TM 1333/FL380/TP A332/TB SEV,SEV,,38000.0,35.6833,-48.85,2010-03-30 13:33:00,5.0,H,"('KCBW', 'LPLA', 'KGYX', 'KBOX', 'KOKX')","['s3://unidata-nexrad-level2/2010/03/30/KCBW/KCBW20100330_132959_V03.gz', 's3://unidata-nexrad-level2/2010/03/30/KGYX/KGYX20100330_133044_V03.gz', 's3://unidata-nexrad-level2/2010/03/30/KBOX/KBOX20100330_132835_V03.gz', 's3://unidata-nexrad-level2/2010/03/30/KOKX/KOKX20100330_133042_V03.gz']"
T,B190,PBI UUA /OV PHK270012/TM 0256/FL100/TP B190/TB SEV 100-090/RM MODTURB AT 070/ CWSU ZMA,SEV 100-090,,10000.0,26.78,-80.91404674850918,2010-03-13 02:56:00,5.0,M,"('KAMX', 'KAMX', 'KMLB', 'KTBW', 'KBYX')","['s3://unidata-nexrad-level2/2010/03/13/KAMX/KAMX20100313_025328_V03.gz', 's3://unidata-nexrad-level2/2010/03/13/KAMX/KAMX20100313_025328_V03.gz', 's3://unidata-nexrad-level2/2010/03/13/KMLB/KMLB20100313_025307_V03.gz', 's3://unidata-nexrad-level2/2010/03/13/KTBW/KTBW20100313_025127_V03.gz', 's3://unidata-nexrad-level2/2010/03/13/KBYX/KBYX20100313_025210_V03.gz']"
T,B737,XMR UUA /OV PBI020100 /TM 1124 /FL350 /TP B737 /TB SEV /RM SEV TB FL330-350,SEV,,35000.0,28.250981226607177,-79.46136388357908,2010-03-29 11:24:00,5.0,M,"('KMLB', 'KTBW', 'KJAX', 'KAMX', 'KAMX')","['s3://unidata-nexrad-level2/2010/03/29/KMLB/KMLB20100329_112119_V03.gz', 's3://unidata-nexrad-level2/2010/03/29/KTBW/KTBW20100329_111903_V03.gz', 's3://unidata-nexrad-level2/2010/03/29/KJAX/KJAX20100329_112001_V03.gz', 's3://unidata-nexrad-level2/2010/03/29/KAMX/KAMX20100329_112055_V03.gz', 's3://unidata-nexrad-level2/2010/03/29/KAMX/KAMX20100329_112055_V03.gz']"
F,C340,BMG UA /OV IND190025 /TM 1512 /FL125 /TP C340 /SK SKC /WX FV99SM /TA M05 /TB NEG,NEG,201003231520-KWBC-UBIN90-PIREP,12500.0,39.30963019895001,-86.37407368086875,2010-03-23 15:12:00,0.0,L,"('KIND', 'KLVX', 'KVWX', 'KILN', 'KIWX')","['s3://unidata-nexrad-level2/2010/03/23/KIND/KIND20100323_150607_V03.gz', 's3://unidata-nexrad-level2/2010/03/23/KLVX/KLVX20100323_150915_V03.gz', 's3://unidata-nexrad-level2/2010/03/23/KVWX/KVWX20100323_150524_V03.gz', 's3://unidata-nexrad-level2/2010/03/23/KILN/KILN20100323_150326_V03.gz', 's3://unidata-nexrad-level2/2010/03/23/KIWX/KIWX20100323_150850_V03.gz']"
F,B737,OLM UA /OV OLM150010/TM 2248/FL270/TP B737/TB LGT-MOD 270-210/ICDURGD/RM ..ZSE,LGT-MOD 270-210,,27000.0,46.82895074134795,-122.78116119325712,2010-03-02 22:48:00,2.0,M,"('KLGX', 'KRTX', 'KATX', 'KPDT', 'KMAX')","['s3://unidata-nexrad-level2/2010/03/02/KRTX/KRTX20100302_224439_V03.gz', 's3://unidata-nexrad-level2/2010/03/02/KATX/KATX20100302_224627_V03.gz', 's3://unidata-nexrad-level2/2010/03/02/KPDT/KPDT20100302_224357_V03.gz', 's3://unidata-nexrad-level2/2010/03/02/KMAX/KMAX20100302_224335_V03.gz']"
F,B737,IGM UA /OV PGS080020/TM 2005/FL270/TP B737/TB MOD 240-270/RM AWC-WEB:KZLA,MOD 240-270,201003232015-KWBC-UBAZ90-PIREP,27000.0,35.67788741439446,-113.13614116676848,2010-03-23 20:05:00,3.0,M,"('KESX', 'KICX', 'KFSX', 'KFSX', 'KIWA')","['s3://unidata-nexrad-level2/2010/03/23/KESX/KESX20100323_195856_V03.gz', 's3://unidata-nexrad-level2/2010/03/23/KICX/KICX20100323_195959_V03.gz', 's3://unidata-nexrad-level2/2010/03/23/KFSX/KFSX20100323_200207_V03.gz', 's3://unidata-nexrad-level2/2010/03/23/KFSX/KFSX20100323_200207_V03.gz', 's3://unidata-nexrad-level2/2010/03/23/KIWA/KIWA20100323_200206_V03.gz']"
T,C550,SPS UUA /OV SPS220030/TM 1643/FL320/TP C550/TB SEV/RM AWC-WEB:KZFW,SEV,201003071655-KWBC-UBTX91-PIREP,32000.0,33.60694675360954,-98.9776567467436,2010-03-07 16:43:00,5.0,L,"('KFDR', 'KDYX', 'KFWS', 'KOUN', 'KLBB')","['s3://unidata-nexrad-level2/2010/03/07/KFDR/KFDR20100307_164054_V03.gz', 's3://unidata-nexrad-level2/2010/03/07/KDYX/KDYX20100307_164046_V03.gz', 's3://unidata-nexrad-level2/2010/03/07/KFWS/KFWS20100307_164047_V03.gz', 's3://unidata-nexrad-level2/2010/03/07/KLBB/KLBB20100307_164105_V03.gz']"
T,C310,BHM UUA /OV VUZ142028/TM 1710/FL100/TP C310/TB SEV/RM LOST 30KTS IASAND +/-100FT ATL. ZTL CWSU,SEV,,10000.0,33.30223186148059,-86.55475055437687,2010-03-12 17:10:00,5.0,L,"('KBMX', 'KMXX', 'KGWX', 'KFFC', 'KHTX')","['s3://unidata-nexrad-level2/2010/03/12/KBMX/KBMX20100312_170823_V03.gz', 's3://unidata-nexrad-level2/2010/03/12/KGWX/KGWX20100312_170653_V04.gz', 's3://unidata-nexrad-level2/2010/03/12/KFFC/KFFC20100312_170806_V03.gz', 's3://unidata-nexrad-level2/2010/03/12/KHTX/KHTX20100312_170706_V03.gz']"
T,C72R,HKY UUA /OV BZM315015/TM 2027/FL065/TP C72R/TB SEV/RM ZTL CWSU,SEV,,6500.0,36.04679101422328,-81.45816663152686,2010-03-30 20:27:00,5.0,L,"('KGSP', 'KFCX', 'KMRX', 'KCAE', 'KRLX')","['s3://unidata-nexrad-level2/2010/03/30/KGSP/KGSP20100330_201721_V03.gz', 's3://unidata-nexrad-level2/2010/03/30/KFCX/KFCX20100330_201955_V03.gz', 's3://unidata-nexrad-level2/2010/03/30/KMRX/KMRX20100330_202218_V03.gz', 's3://unidata-nexrad-level2/2010/03/30/KCAE/KCAE20100330_202232_V03.gz', 's3://unidata-nexrad-level2/2010/03/30/KRLX/KRLX20100330_202054_V04.gz']"
T,E148,PTW UUA /OV MXE/TM 2052/FL180/TP E148/TB SEV/RM 170 - 190,SEV,,18000.0,39.92,-75.67,2010-03-23 20:52:00,5.0,M,"('KDIX', 'KDOX', 'KLWX', 'KCCX', 'KBGM')","['s3://unidata-nexrad-level2/2010/03/23/KDIX/KDIX20100323_204932_V03.gz', 's3://unidata-nexrad-level2/2010/03/23/KDOX/KDOX20100323_205110_V04.gz', 's3://unidata-nexrad-level2/2010/03/23/KLWX/KLWX20100323_204620_V03.gz', 's3://unidata-nexrad-level2/2010/03/23/KCCX/KCCX20100323_205017_V03.gz', 's3://unidata-nexrad-level2/2010/03/23/KBGM/KBGM20100323_204613_V03.gz']"
F,SR22,FZY UA /OV SYR270015 /TM 1549 /FL030 /TP SR22 /TB MOD,MOD,,3000.0,43.11119,-76.44878997332302,2010-03-14 15:49:00,3.0,L,"('KTYX', 'KBGM', 'KBUF', 'KENX', 'KCCX')","['s3://unidata-nexrad-level2/2010/03/14/KTYX/KTYX20100314_154347_V04.gz', 's3://unidata-nexrad-level2/2010/03/14/KBGM/KBGM20100314_154513_V03.gz', 's3://unidata-nexrad-level2/2010/03/14/KBUF/KBUF20100314_154609_V03.gz', 's3://unidata-nexrad-level2/2010/03/14/KENX/KENX20100314_154808_V03.gz', 's3://unidata-nexrad-level2/2010/03/14/KCCX/KCCX20100314_154601_V03.gz']"
F,B738,LMT UA /OV KMFR056055/TM 1520/FL350/TP B738/WV 325110KT/TB CONT LGT CHOP 350/RM PDX-SAN AWC-WEB:ASA,CONT LGT CHOP 350,,35000.0,42.89373501496279,-121.84331739980134,2010-03-13 15:20:00,1.0,M,"('KMAX', 'KRTX', 'KBHX', 'KBBX', 'KPDT')","['s3://unidata-nexrad-level2/2010/03/13/KMAX/KMAX20100313_151415_V03.gz', 's3://unidata-nexrad-level2/2010/03/13/KRTX/KRTX20100313_151748_V03.gz', 's3://unidata-nexrad-level2/2010/03/13/KBHX/KBHX20100313_151224_V03.gz', 's3://unidata-nexrad-level2/2010/03/13/KBBX/KBBX20100313_151646_V04.gz', 's3://unidata-nexrad-level2/2010/03/13/KPDT/KPDT20100313_151158_V03.gz']"
T,B737,RSW UUA /OV RSW040030 /TM 0115 /FL070 /TP B737 /TB SEV /RM FL070-120,SEV,,7000.0,26.921113246390465,-81.39745628106274,2010-03-13 01:15:00,5.0,M,"('KTBW', 'KMLB', 'KAMX', 'KAMX', 'KBYX')","['s3://unidata-nexrad-level2/2010/03/13/KTBW/KTBW20100313_011058_V03.gz', 's3://unidata-nexrad-level2/2010/03/13/KMLB/KMLB20100313_011224_V03.gz', 's3://unidata-nexrad-level2/2010/03/13/KAMX/KAMX20100313_011443_V03.gz', 's3://unidata-nexrad-level2/2010/03/13/KAMX/KAMX20100313_011443_V03.gz', 's3://unidata-nexrad-level2/2010/03/13/KBYX/KBYX20100313_011049_V03.gz']"
F,A319,DCA UA /OV MTN270015 /TM 1430 /FL110 /TP E145 /TB LGT-MOD CHOPDCA UA /OV DCA /TM 1431 /FLUNKN /TP A319 /SK OVC005/OVC020-TOP040 /RM OVC005/OVC020-TOP040/LYR ABV,LGT-MOD CHOPDCA UA,,11000.0,38.8472,-77.03455,2010-03-29 14:31:00,2.0,M,"('KLWX', 'KDOX', 'KAKQ', 'KCCX', 'KDIX')","['s3://unidata-nexrad-level2/2010/03/29/KLWX/KLWX20100329_142837_V03.gz', 's3://unidata-nexrad-level2/2010/03/29/KDOX/KDOX20100329_142944_V04.gz', 's3://unidata-nexrad-level2/2010/03/29/KAKQ/KAKQ20100329_142951_V03.gz', 's3://unidata-nexrad-level2/2010/03/29/KCCX/KCCX20100329_142819_V03.gz', 's3://unidata-nexrad-level2/2010/03/29/KDIX/KDIX20100329_142906_V03.gz']"
F,B737,SEG UA /OV MIP135025/TM 2008/FL190/TP B737/TB MOD CHOP /RM 190-160,MOD CHOP,,19000.0,40.72534830962788,-76.27946415441566,2010-03-29 20:08:00,3.0,M,"('KCCX', 'KBGM', 'KDIX', 'KLWX', 'KDOX')","['s3://unidata-nexrad-level2/2010/03/29/KCCX/KCCX20100329_200609_V03.gz', 's3://unidata-nexrad-level2/2010/03/29/KBGM/KBGM20100329_200637_V03.gz', 's3://unidata-nexrad-level2/2010/03/29/KDIX/KDIX20100329_200346_V03.gz', 's3://unidata-nexrad-level2/2010/03/29/KLWX/KLWX20100329_200658_V03.gz', 's3://unidata-nexrad-level2/2010/03/29/KDOX/KDOX20100329_200407_V04.gz']"
F,E170,MGW UA /OV MGW360020/TM 0030/FL160/TP E170/TB MOD CHOP FL160-180,MOD CHOP FL160-180,,16000.0,39.97627033336033,-79.91631,2010-03-13 00:30:00,3.0,U,"('KPBZ', 'KCCX', 'KCLE', 'KLWX', 'KRLX')","['s3://unidata-nexrad-level2/2010/03/13/KPBZ/KPBZ20100313_002846_V03.gz', 's3://unidata-nexrad-level2/2010/03/13/KCCX/KCCX20100313_002950_V03.gz', 's3://unidata-nexrad-level2/2010/03/13/KCLE/KCLE20100313_002645_V03.gz', 's3://unidata-nexrad-level2/2010/03/13/KLWX/KLWX20100313_002913_V03.gz', 's3://unidata-nexrad-level2/2010/03/13/KRLX/KRLX20100313_002916_V04.gz']"
F,B77L,GGW UA /OV GGW 117078/TM 1320/FL300/TP B77L/TB CONT MOD CHOP/RM ZLC,CONT MOD CHOP,,30000.0,47.62356454509116,-104.88297835237832,2010-03-08 13:20:00,3.0,U,"('KGGW', 'KMBX', 'KBIS', 'KBLX', 'KUDX')","['s3://unidata-nexrad-level2/2010/03/08/KGGW/KGGW20100308_131730_V03.gz', 's3://unidata-nexrad-level2/2010/03/08/KBIS/KBIS20100308_131539_V03.gz', 's3://unidata-nexrad-level2/2010/03/08/KBLX/KBLX20100308_131031_V03.gz', 's3://unidata-nexrad-level2/2010/03/08/KUDX/KUDX20100308_131038_V03.gz']"
T,B737,RSW UUA /OV RSW040030/TM 0115/FL070/TP B737/TB SEV 070-120/RM CWSUZMA,SEV 070-120,,7000.0,26.921113246390465,-81.39745628106274,2010-03-13 01:15:00,5.0,M,"('KTBW', 'KMLB', 'KAMX', 'KAMX', 'KBYX')","['s3://unidata-nexrad-level2/2010/03/13/KTBW/KTBW20100313_011058_V03.gz', 's3://unidata-nexrad-level2/2010/03/13/KMLB/KMLB20100313_011224_V03.gz', 's3://unidata-nexrad-level2/2010/03/13/KAMX/KAMX20100313_011443_V03.gz', 's3://unidata-nexrad-level2/2010/03/13/KAMX/KAMX20100313_011443_V03.gz', 's3://unidata-nexrad-level2/2010/03/13/KBYX/KBYX20100313_011049_V03.gz']"
F,CRJ2,PIB UA /OV MCB045025/TM 0035/FL280/TP CRJ2/TB MOD 265-280/RM FM ZHU AWC-WEB:KZHU,MOD 265-280,,28000.0,31.474651690372124,-90.12559768474382,2010-03-07 00:35:00,3.0,M,"('KDGX', 'KHDC', 'KLIX', 'KMOB', 'KPOE')","['s3://unidata-nexrad-level2/2010/03/07/KDGX/KDGX20100307_003235_V03.gz', 's3://unidata-nexrad-level2/2010/03/07/KLIX/KLIX20100307_003311_V03.gz', 's3://unidata-nexrad-level2/2010/03/07/KMOB/KMOB20100307_003219_V03.gz']"
F,C208,MCI UA /OV BQS230020 /TM 0949 /FL080 /TP C208 /TA 00 /WV 24520KT /TB NEG /RM SKC ABV/UNDERCAST BLO,NEG,201003100955-KWBC-UBMO90-PIREP,8000.0,39.41572010815501,-94.21157058815972,2010-03-10 09:49:00,0.0,L,"('KEAX', 'KTWX', 'KSGF', 'KDMX', 'KOAX')","['s3://unidata-nexrad-level2/2010/03/10/KEAX/KEAX20100310_094832_V03.gz', 's3://unidata-nexrad-level2/2010/03/10/KTWX/KTWX20100310_094542_V03.gz', 's3://unidata-nexrad-level2/2010/03/10/KSGF/KSGF20100310_094852_V03.gz', 's3://unidata-nexrad-level2/2010/03/10/KDMX/KDMX20100310_094719_V03.gz', 's3://unidata-nexrad-level2/2010/03/10/KOAX/KOAX20100310_094559_V03.gz']"
F,B737,FTK UA /OV KSDF230025/TM 1521/FL390/TP B737/TB CONT LGT CHOP 390/RM AWC-WEB:SWA,CONT LGT CHOP 390,,39000.0,37.90654013519376,-86.14205208688419,2010-03-01 15:21:00,1.0,M,"('KLVX', 'KHPX', 'KVWX', 'KOHX', 'KILN')","['s3://unidata-nexrad-level2/2010/03/01/KLVX/KLVX20100301_151136_V03.gz', 's3://unidata-nexrad-level2/2010/03/01/KVWX/KVWX20100301_151826_V03.gz', 's3://unidata-nexrad-level2/2010/03/01/KOHX/KOHX20100301_151339_V03.gz', 's3://unidata-nexrad-level2/2010/03/01/KILN/KILN20100301_153354_V03.gz']"
F,B738,PIR UA /OV PIR/TM 0224/FL380/TP B738/TB CONT LGT CHOP,CONT LGT CHOP,,38000.0,44.38269,-100.28597,2010-03-24 02:24:00,1.0,M,"('KABR', 'KUDX', 'KFSD', 'KBIS', 'KLNX')","['s3://unidata-nexrad-level2/2010/03/24/KABR/KABR20100324_021721_V03.gz', 's3://unidata-nexrad-level2/2010/03/24/KUDX/KUDX20100324_021613_V03.gz', 's3://unidata-nexrad-level2/2010/03/24/KFSD/KFSD20100324_022023_V03.gz', 's3://unidata-nexrad-level2/2010/03/24/KBIS/KBIS20100324_022038_V03.gz', 's3://unidata-nexrad-level2/2010/03/24/KLNX/KLNX20100324_021945_V03.gz']"
T,C210,RSW UUA /OV RSW130040/TM 1420/FL120/TP C210/TB SEV/RM LOST OF 700 FT CWSU ZMA,SEV,201003121435-KWBC-UBFL91-PIREP,12000.0,26.101440216310007,-81.20915243829118,2010-03-12 14:20:00,5.0,L,"('KAMX', 'KAMX', 'KBYX', 'KTBW', 'KMLB')","['s3://unidata-nexrad-level2/2010/03/12/KAMX/KAMX20100312_141834_V03.gz', 's3://unidata-nexrad-level2/2010/03/12/KAMX/KAMX20100312_141834_V03.gz', 's3://unidata-nexrad-level2/2010/03/12/KBYX/KBYX20100312_141918_V03.gz', 's3://unidata-nexrad-level2/2010/03/12/KTBW/KTBW20100312_141933_V03.gz', 's3://unidata-nexrad-level2/2010/03/12/KMLB/KMLB20100312_141625_V03.gz']"
T,B738,MLB UUA /OV MLB050015/TM 1538/FL190/TP B738/TB SEV/RM CWSU ZMA,SEV,201003111615-KWBC-UBFL90-PIREP,19000.0,28.270709918883743,-80.42286062483105,2010-03-11 15:38:00,5.0,M,"('KMLB', 'KTBW', 'KJAX', 'KAMX', 'KAMX')","['s3://unidata-nexrad-level2/2010/03/11/KMLB/KMLB20100311_153654_V03.gz', 's3://unidata-nexrad-level2/2010/03/11/KTBW/KTBW20100311_153639_V03.gz', 's3://unidata-nexrad-level2/2010/03/11/KJAX/KJAX20100311_153629_V03.gz', 's3://unidata-nexrad-level2/2010/03/11/KAMX/KAMX20100311_153459_V03.gz', 's3://unidata-nexrad-level2/2010/03/11/KAMX/KAMX20100311_153459_V03.gz']"
T,A346,ORF UUA /OV 3742N 07059W /TM 0048/FL350/TP A346/TB SEV,SEV,201003130055-KWBC-UBVA90-PIREP,35000.0,37.7,-70.9833,2010-03-13 00:48:00,5.0,H,"('KOKX', 'KDIX', 'KBOX', 'KDOX', 'KENX')","['s3://unidata-nexrad-level2/2010/03/13/KOKX/KOKX20100313_004412_V03.gz', 's3://unidata-nexrad-level2/2010/03/13/KDIX/KDIX20100313_004436_V03.gz', 's3://unidata-nexrad-level2/2010/03/13/KBOX/KBOX20100313_004432_V03.gz', 's3://unidata-nexrad-level2/2010/03/13/KDOX/KDOX20100313_004414_V04.gz', 's3://unidata-nexrad-level2/2010/03/13/KENX/KENX20100313_004610_V03.gz']"
T,C550,GNV UUA /OV GNV120010-GNV120015 /TM 1534 /FL110 /TP C550 /TB SEV /RM MOD-SEV 250-270,SEV,,11000.0,29.60835991665992,-82.10985364354124,2010-03-28 15:34:00,5.0,L,"('KJAX', 'KVAX', 'KTBW', 'KMLB', 'KTLH')","['s3://unidata-nexrad-level2/2010/03/28/KJAX/KJAX20100328_153058_V03.gz', 's3://unidata-nexrad-level2/2010/03/28/KTBW/KTBW20100328_152938_V03.gz', 's3://unidata-nexrad-level2/2010/03/28/KMLB/KMLB20100328_152723_V03.gz', 's3://unidata-nexrad-level2/2010/03/28/KTLH/KTLH20100328_152859_V03.gz']"
F,B752,EUG UA /OV EUG260071/TM 0305/FL360/TP B752/TB OCNL MOD CHOP/RM ..ZSE..ZSE,OCNL MOD CHOP,,36000.0,43.919079678899664,-124.83554939287468,2010-03-17 03:05:00,3.0,M,"('KRTX', 'KMAX', 'KLGX', 'KBHX', 'KATX')","['s3://unidata-nexrad-level2/2010/03/17/KRTX/KRTX20100317_030006_V03.gz', 's3://unidata-nexrad-level2/2010/03/17/KMAX/KMAX20100317_030137_V03.gz', 's3://unidata-nexrad-level2/2010/03/17/KBHX/KBHX20100317_030154_V03.gz', 's3://unidata-nexrad-level2/2010/03/17/KATX/KATX20100317_030034_V03.gz']"
F,MD82,JDD UA /OV UIM /TM 2134 /FL270 /TP MD82 /SK OVC-TOP190 /TA M32 /WV 26045KT /TB CONT LGT CHOP ABV 170 /IC LGT RIME 180-190 /RM TA/UNKN DURC DFW,CONT LGT CHOP ABV 170,,27000.0,32.88,-95.37,2010-03-07 21:34:00,1.0,M,"('KSHV', 'KFWS', 'KSRX', 'KPOE', 'KGRK')","['s3://unidata-nexrad-level2/2010/03/07/KSHV/KSHV20100307_212934_V03.gz', 's3://unidata-nexrad-level2/2010/03/07/KFWS/KFWS20100307_213142_V03.gz', 's3://unidata-nexrad-level2/2010/03/07/KSRX/KSRX20100307_212741_V03.gz', 's3://unidata-nexrad-level2/2010/03/07/KGRK/KGRK20100307_213030_V03.gz']"
T,AC90,RSW UUA /OV RSW040040/TM 1549/FL140/TP AC90/TB SEV/RM CWSU ZMA,SEV,201003111555-KWBC-UBFL90-PIREP,14000.0,27.04073766185395,-81.30100202151169,2010-03-11 15:49:00,5.0,L,"('KTBW', 'KMLB', 'KAMX', 'KAMX', 'KBYX')","['s3://unidata-nexrad-level2/2010/03/11/KTBW/KTBW20100311_154649_V03.gz', 's3://unidata-nexrad-level2/2010/03/11/KMLB/KMLB20100311_154621_V03.gz', 's3://unidata-nexrad-level2/2010/03/11/KAMX/KAMX20100311_154645_V03.gz', 's3://unidata-nexrad-level2/2010/03/11/KAMX/KAMX20100311_154645_V03.gz', 's3://unidata-nexrad-level2/2010/03/11/KBYX/KBYX20100311_154650_V03.gz']"
F,C560,LGC UA /OV LGC270030/TM 1510/FL210/TP C560/TB MOD CHOP 210-130/RMDURGD; CWSU ZTL,MOD CHOP 210-130,,21000.0,33.00886,-85.66889982486833,2010-03-11 15:10:00,3.0,M,"('KMXX', 'KBMX', 'KFFC', 'KEOX', 'KHTX')","['s3://unidata-nexrad-level2/2010/03/11/KBMX/KBMX20100311_150632_V03.gz', 's3://unidata-nexrad-level2/2010/03/11/KFFC/KFFC20100311_150637_V03.gz', 's3://unidata-nexrad-level2/2010/03/11/KHTX/KHTX20100311_150538_V03.gz']"
F,P28A,SJN UA /OV LRU330030-SJN /TM 2131 /FL105 /TP P28A /WX FV99SM /TA 00 /TB CONT LGT-MOD /RM CI ABV,CONT LGT-MOD,,10500.0,32.72246777595615,-107.21772577869,2010-03-22 21:31:00,2.0,L,"('KEPZ', 'KHDX', 'KABX', 'KEMX', 'KFDX')","['s3://unidata-nexrad-level2/2010/03/22/KEPZ/KEPZ20100322_212417_V03.gz', 's3://unidata-nexrad-level2/2010/03/22/KHDX/KHDX20100322_212243_V04.gz', 's3://unidata-nexrad-level2/2010/03/22/KEMX/KEMX20100322_212142_V03.gz', 's3://unidata-nexrad-level2/2010/03/22/KFDX/KFDX20100322_213006_V04.gz']"
T,SR22,TRK UUA /OV SWR/TM 1840/FL095/TP SR22/WV 18365KT/TB SEV CAT/RM ZOACWSU,SEV CAT,,9500.0,39.18,-120.27,2010-03-29 18:40:00,5.0,L,"('KBBX', 'KDAX', 'KRGX', 'KMUX', 'KHNX')","['s3://unidata-nexrad-level2/2010/03/29/KBBX/KBBX20100329_183511_V04.gz', 's3://unidata-nexrad-level2/2010/03/29/KDAX/KDAX20100329_183424_V03.gz', 's3://unidata-nexrad-level2/2010/03/29/KRGX/KRGX20100329_183457_V03.gz', 's3://unidata-nexrad-level2/2010/03/29/KHNX/KHNX20100329_183158_V03.gz']"
F,B737,UUA /OV CYSC 180050 /TM 0225 /FL330 /TP B737 /TB CAT MDT-SEV /RM FL330-340  CORCOPY,CAT MDT-SEV,,33000.0,44.60520916659917,-71.69139,2010-03-30 02:25:00,5.0,M,"('KCXX', 'KGYX', 'KENX', 'KBOX', 'KTYX')","['s3://unidata-nexrad-level2/2010/03/30/KCXX/KCXX20100330_022342_V03.gz', 's3://unidata-nexrad-level2/2010/03/30/KGYX/KGYX20100330_021945_V03.gz', 's3://unidata-nexrad-level2/2010/03/30/KENX/KENX20100330_022314_V03.gz', 's3://unidata-nexrad-level2/2010/03/30/KBOX/KBOX20100330_022047_V03.gz', 's3://unidata-nexrad-level2/2010/03/30/KTYX/KTYX20100330_021953_V04.gz']"
T,P46T,RDM UUA /OV DSD339027/TM 0102/FL090/TP P46T/TB SEV 090-070/RM DURD..ZSE ..ZSE,SEV 090-070,,9000.0,44.67014522096432,-121.52515454732556,2010-03-29 01:02:00,5.0,L,"('KRTX', 'KPDT', 'KMAX', 'KLGX', 'KATX')","['s3://unidata-nexrad-level2/2010/03/29/KRTX/KRTX20100329_010105_V03.gz', 's3://unidata-nexrad-level2/2010/03/29/KPDT/KPDT20100329_010135_V03.gz', 's3://unidata-nexrad-level2/2010/03/29/KMAX/KMAX20100329_010121_V03.gz', 's3://unidata-nexrad-level2/2010/03/29/KATX/KATX20100329_005921_V03.gz']"
F,B752,RSW UA /OV RSW350040/TM 0140/FL280/TP B752/TB LGT-MOD 280-250/RM CWSUZMA,LGT-MOD 280-250,,28000.0,27.194651681679986,-81.8861397265036,2010-03-05 01:40:00,2.0,M,"('KTBW', 'KMLB', 'KBYX', 'KAMX', 'KAMX')","['s3://unidata-nexrad-level2/2010/03/05/KTBW/KTBW20100305_013145_V03.gz', 's3://unidata-nexrad-level2/2010/03/05/KMLB/KMLB20100305_013737_V03.gz', 's3://unidata-nexrad-level2/2010/03/05/KBYX/KBYX20100305_013443_V03.gz', 's3://unidata-nexrad-level2/2010/03/05/KAMX/KAMX20100305_013133_V03.gz', 's3://unidata-nexrad-level2/2010/03/05/KAMX/KAMX20100305_013133_V03.gz']"
T,C210,APF UUA /OV RSW130040 /TM 1420 /FL120 /TP C210 /TB SEV /RM LOST 700 FEET,SEV,201003121435-KWBC-UBFL91-PIREP,12000.0,26.101440216310007,-81.20915243829118,2010-03-12 14:20:00,5.0,L,"('KAMX', 'KAMX', 'KBYX', 'KTBW', 'KMLB')","['s3://unidata-nexrad-level2/2010/03/12/KAMX/KAMX20100312_141834_V03.gz', 's3://unidata-nexrad-level2/2010/03/12/KAMX/KAMX20100312_141834_V03.gz', 's3://unidata-nexrad-level2/2010/03/12/KBYX/KBYX20100312_141918_V03.gz', 's3://unidata-nexrad-level2/2010/03/12/KTBW/KTBW20100312_141933_V03.gz', 's3://unidata-nexrad-level2/2010/03/12/KMLB/KMLB20100312_141625_V03.gz']"
T,F2TH,PBI UUA /OV PBI030068/TM 1835/FL180/TP F2TH/SK CLR/TB EXTRM/RM UNEXPECTED JOLTS DURGD. CWSU ZMA,EXTRM,201003201845-KWBC-UBFL91-PIREP,18000.0,27.66157495883393,-79.45575859379565,2010-03-20 18:35:00,7.0,M,"('KMLB', 'KAMX', 'KAMX', 'KTBW', 'KJAX')","['s3://unidata-nexrad-level2/2010/03/20/KMLB/KMLB20100320_183033_V03.gz', 's3://unidata-nexrad-level2/2010/03/20/KAMX/KAMX20100320_183351_V03.gz', 's3://unidata-nexrad-level2/2010/03/20/KAMX/KAMX20100320_183351_V03.gz', 's3://unidata-nexrad-level2/2010/03/20/KTBW/KTBW20100320_182745_V03.gz', 's3://unidata-nexrad-level2/2010/03/20/KJAX/KJAX20100320_182609_V03.gz']"
T,PA31,VGT UUA /OV VGT180003 /TM 1400 /FL035 /TP PA31 /TB SEV CHOP,SEV CHOP,,3500.0,36.16068594999595,-115.19444,2010-03-25 14:00:00,5.0,L,"('KESX', 'KEYX', 'KICX', 'KSOX', 'KYUX')","['s3://unidata-nexrad-level2/2010/03/25/KESX/KESX20100325_135743_V03.gz', 's3://unidata-nexrad-level2/2010/03/25/KICX/KICX20100325_135630_V03.gz', 's3://unidata-nexrad-level2/2010/03/25/KSOX/KSOX20100325_135024_V03.gz', 's3://unidata-nexrad-level2/2010/03/25/KYUX/KYUX20100325_135219_V03.gz']"
F,B738,MTC UA /OV FNT102030/TM 1304/FL360/TP B738/TB MOD CHOP/RM AWC-WEB:ASA,MOD CHOP,201003221305-KWBC-UBMI90-PIREP,36000.0,42.86603573415922,-83.07154808475212,2010-03-22 13:04:00,3.0,M,"('KDTX', 'KCLE', 'KGRR', 'KAPX', 'KIWX')","['s3://unidata-nexrad-level2/2010/03/22/KDTX/KDTX20100322_125922_V03.gz', 's3://unidata-nexrad-level2/2010/03/22/KCLE/KCLE20100322_130356_V03.gz', 's3://unidata-nexrad-level2/2010/03/22/KGRR/KGRR20100322_130126_V04.gz', 's3://unidata-nexrad-level2/2010/03/22/KAPX/KAPX20100322_130204_V03.gz', 's3://unidata-nexrad-level2/2010/03/22/KIWX/KIWX20100322_130250_V03.gz']"
F,B752,PVU UA /OV DTA 270010/TM 1736/FL350/TP B752/TB MOD CHOP/RM ZLC,MOD CHOP,,35000.0,39.3806,-112.72334202340406,2010-03-13 17:36:00,3.0,M,"('KICX', 'KMTX', 'KLRX', 'KGJX', 'KSFX')","['s3://unidata-nexrad-level2/2010/03/13/KICX/KICX20100313_173559_V03.gz', 's3://unidata-nexrad-level2/2010/03/13/KMTX/KMTX20100313_173445_V03.gz', 's3://unidata-nexrad-level2/2010/03/13/KLRX/KLRX20100313_173302_V03.gz', 's3://unidata-nexrad-level2/2010/03/13/KGJX/KGJX20100313_173458_V03.gz', 's3://unidata-nexrad-level2/2010/03/13/KSFX/KSFX20100313_173313_V03.gz']"
T,UNKN,SJU UUA /OV SJU225007 /TM 1730 /FL050 /TP UNKN /TB SEV /RM ACFT ATR76,SEV,,5000.0,18.347497526695804,-66.08696273931896,2010-03-28 17:30:00,5.0,U,"('KAMX', 'KAMX', 'KBYX', 'KMLB', 'KTBW')","['s3://unidata-nexrad-level2/2010/03/28/KAMX/KAMX20100328_172057_V03.gz', 's3://unidata-nexrad-level2/2010/03/28/KAMX/KAMX20100328_172057_V03.gz', 's3://unidata-nexrad-level2/2010/03/28/KBYX/KBYX20100328_172125_V03.gz', 's3://unidata-nexrad-level2/2010/03/28/KMLB/KMLB20100328_172738_V03.gz', 's3://unidata-nexrad-level2/2010/03/28/KTBW/KTBW20100328_172717_V03.gz']"
F,B737,LSV UA /OV BLD040040/TM 0135/FL370/TP B737/TB CONT LGT CHOP 370/RM OCNL MOD AWC-WEB:SWA,CONT LGT CHOP 370,,37000.0,36.510737661853945,-114.33027097493655,2010-03-01 01:35:00,1.0,M,"('KESX', 'KICX', 'KEYX', 'KFSX', 'KFSX')","['s3://unidata-nexrad-level2/2010/03/01/KESX/KESX20100301_013302_V03.gz', 's3://unidata-nexrad-level2/2010/03/01/KICX/KICX20100301_012657_V03.gz', 's3://unidata-nexrad-level2/2010/03/01/KFSX/KFSX20100301_013421_V03.gz', 's3://unidata-nexrad-level2/2010/03/01/KFSX/KFSX20100301_013421_V03.gz']"
F,B737,YKM UA /OV YKM230030/TM 1912/FL245/TP B737/TB MOD 245-257/RM DURC..ZSE ..ZSE,MOD 245-257,,24500.0,46.24675016223251,-121.10123561600057,2010-03-26 19:12:00,3.0,M,"('KRTX', 'KPDT', 'KATX', 'KLGX', 'KOTX')","['s3://unidata-nexrad-level2/2010/03/26/KRTX/KRTX20100326_190827_V03.gz', 's3://unidata-nexrad-level2/2010/03/26/KPDT/KPDT20100326_191133_V03.gz', 's3://unidata-nexrad-level2/2010/03/26/KATX/KATX20100326_191020_V03.gz', 's3://unidata-nexrad-level2/2010/03/26/KOTX/KOTX20100326_191146_V03.gz']"
F,CH7A,SDB UA /OV MIT-LHS /TM 0144 /FL115 /TP CH7A /WX FV99SM HZ /TA 00 /WV 27060KT /TB NEG /RM HZ VC LOS ANGELES AREA,NEG,,11500.0,35.09,-118.885,2010-03-27 01:44:00,0.0,L,"('KVTX', 'KEYX', 'KVBX', 'KHNX', 'KSOX')","['s3://unidata-nexrad-level2/2010/03/27/KVTX/KVTX20100327_014020_V03.gz', 's3://unidata-nexrad-level2/2010/03/27/KHNX/KHNX20100327_013401_V03.gz', 's3://unidata-nexrad-level2/2010/03/27/KSOX/KSOX20100327_014045_V03.gz']"
F,PC12,EEO UA /OV EEO120016 /TM 1450 /FL260 /TP PC12 /SK SKC /TB NEG /RM OVC BELOW,NEG,,26000.0,39.91545586665587,-107.58420894505925,2010-03-23 14:50:00,0.0,L,"('KGJX', 'KFTG', 'KCYS', 'KPUX', 'KRIW')","['s3://unidata-nexrad-level2/2010/03/23/KGJX/KGJX20100323_144841_V03.gz', 's3://unidata-nexrad-level2/2010/03/23/KFTG/KFTG20100323_144446_V03.gz', 's3://unidata-nexrad-level2/2010/03/23/KCYS/KCYS20100323_144049_V03.gz', 's3://unidata-nexrad-level2/2010/03/23/KPUX/KPUX20100323_144735_V03.gz', 's3://unidata-nexrad-level2/2010/03/23/KRIW/KRIW20100323_144407_V03.gz']"
F,BE35,POE UA /OV BBD-POE /TM 1604 /FL070 /TP BE35 /SK BKN-OVC-TOP035/ SKC /WX FV99SM HZ /TB NEG /RM BKN-OVC CLOUDS AHEAD,NEG,,7000.0,31.11203415,-96.25778335,2010-03-26 16:04:00,0.0,L,"('KGRK', 'KFWS', 'KHGX', 'KEWX', 'KSHV')","['s3://unidata-nexrad-level2/2010/03/26/KGRK/KGRK20100326_160343_V03.gz', 's3://unidata-nexrad-level2/2010/03/26/KFWS/KFWS20100326_155559_V03.gz', 's3://unidata-nexrad-level2/2010/03/26/KHGX/KHGX20100326_155726_V03.gz', 's3://unidata-nexrad-level2/2010/03/26/KEWX/KEWX20100326_155829_V03.gz', 's3://unidata-nexrad-level2/2010/03/26/KSHV/KSHV20100326_160016_V03.gz']"
F,E135,MYGF UA /OV ZFP 025145/TM 1441/FL350/TP E135/TB MOD/RM CWSU ZMA,MOD,201003311500-KMSC-UBUS01-PIREP,35000.0,28.690421228598627,-77.63867585679425,2010-03-31 14:41:00,3.0,M,"('KMLB', 'KAMX', 'KAMX', 'KJAX', 'KTBW')","['s3://unidata-nexrad-level2/2010/03/31/KMLB/KMLB20100331_143236_V03.gz', 's3://unidata-nexrad-level2/2010/03/31/KAMX/KAMX20100331_143518_V03.gz', 's3://unidata-nexrad-level2/2010/03/31/KAMX/KAMX20100331_143518_V03.gz', 's3://unidata-nexrad-level2/2010/03/31/KTBW/KTBW20100331_143516_V03.gz']"
F,BE58,AOO UA /OV AOO /TM 1933 /FL060 /TP BE58 /TA 08 /TB NEG /RM SMOOTH IMC,NEG,,6000.0,40.29636,-78.32003,2010-03-12 19:33:00,0.0,L,"('KCCX', 'KLWX', 'KPBZ', 'KBGM', 'KBUF')","['s3://unidata-nexrad-level2/2010/03/12/KCCX/KCCX20100312_193254_V03.gz', 's3://unidata-nexrad-level2/2010/03/12/KLWX/KLWX20100312_193239_V03.gz', 's3://unidata-nexrad-level2/2010/03/12/KPBZ/KPBZ20100312_193159_V03.gz', 's3://unidata-nexrad-level2/2010/03/12/KBGM/KBGM20100312_192724_V03.gz', 's3://unidata-nexrad-level2/2010/03/12/KBUF/KBUF20100312_193248_V03.gz']"
T,E170,GNV UUA /OV TAY180030 /TM 1628 /FL330 /TP E170 /TB SEV,SEV,,33000.0,29.9999594999595,-82.55,2010-03-12 16:28:00,5.0,U,"('KJAX', 'KVAX', 'KTLH', 'KMLB', 'KTBW')","['s3://unidata-nexrad-level2/2010/03/12/KJAX/KJAX20100312_162532_V03.gz', 's3://unidata-nexrad-level2/2010/03/12/KTLH/KTLH20100312_162549_V03.gz', 's3://unidata-nexrad-level2/2010/03/12/KMLB/KMLB20100312_162718_V03.gz', 's3://unidata-nexrad-level2/2010/03/12/KTBW/KTBW20100312_162349_V03.gz']"
F,PA31,CRG UA /OV CRG 330045/TM 1432/FL080/TP PA31/TB MOD/RM ZJX CWSU,MOD,201003111440-KWBC-UBFL90-PIREP,8000.0,30.98957166393422,-81.94454419502655,2010-03-11 14:32:00,3.0,L,"('KJAX', 'KVAX', 'KCLX', 'KJGX', 'KTLH')","['s3://unidata-nexrad-level2/2010/03/11/KJAX/KJAX20100311_142749_V03.gz', 's3://unidata-nexrad-level2/2010/03/11/KCLX/KCLX20100311_142841_V03.gz', 's3://unidata-nexrad-level2/2010/03/11/KJGX/KJGX20100311_143147_V04.gz', 's3://unidata-nexrad-level2/2010/03/11/KTLH/KTLH20100311_142950_V03.gz']"
F,A320,MYGF UA /OV ZQA360120/TM 1815/FL350/TP A320/G/TB MOD/RM CWSU ZMA,MOD,,35000.0,27.000162000162,-77.45,2010-03-30 18:15:00,3.0,M,"('KAMX', 'KAMX', 'KMLB', 'KBYX', 'KTBW')","['s3://unidata-nexrad-level2/2010/03/30/KAMX/KAMX20100330_180945_V03.gz', 's3://unidata-nexrad-level2/2010/03/30/KAMX/KAMX20100330_180945_V03.gz', 's3://unidata-nexrad-level2/2010/03/30/KMLB/KMLB20100330_181056_V03.gz', 's3://unidata-nexrad-level2/2010/03/30/KBYX/KBYX20100330_181344_V03.gz', 's3://unidata-nexrad-level2/2010/03/30/KTBW/KTBW20100330_181130_V03.gz']"
F,B738,MKK UA /OV NGF026174/TM 1811/FL390/TP B738/SK CLEAR/TA M54/WV 301048KT/TB NEG/RM SMOOTH OVER APACK AWC-WEB:ASA,NEG,,39000.0,24.056713861200187,-156.39400806468416,2010-03-12 18:11:00,0.0,M,"('PHMO', 'PHKI', 'PHKM', 'PHWA', 'PAKC')","['s3://unidata-nexrad-level2/2010/03/12/PHMO/PHMO20100312_180810_V04.gz', 's3://unidata-nexrad-level2/2010/03/12/PHKI/PHKI20100312_180915_V04.gz', 's3://unidata-nexrad-level2/2010/03/12/PHKM/PHKM20100312_181051_V04.gz', 's3://unidata-nexrad-level2/2010/03/12/PHWA/PHWA20100312_180831_V04.gz']"
T,C182,IGM UUA /OV EED090030/TM 1939/FL100/TP C182/TB SEV/RM AWC-WEB:KZLA,SEV,201003261945-KWBC-UBAZ90-PIREP,10000.0,34.77,-113.861269383046,2010-03-26 19:39:00,5.0,L,"('KESX', 'KFSX', 'KFSX', 'KIWA', 'KYUX')","['s3://unidata-nexrad-level2/2010/03/26/KESX/KESX20100326_193438_V03.gz', 's3://unidata-nexrad-level2/2010/03/26/KFSX/KFSX20100326_193504_V03.gz', 's3://unidata-nexrad-level2/2010/03/26/KFSX/KFSX20100326_193504_V03.gz', 's3://unidata-nexrad-level2/2010/03/26/KIWA/KIWA20100326_193716_V03.gz', 's3://unidata-nexrad-level2/2010/03/26/KYUX/KYUX20100326_193320_V03.gz']"
F,SR22,CXY UA /OV HAR180010 /TM 1433 /FL075 /TP SR22 /SK SKC /TA M01 /WV 31412KT /TB NEG /IC NEG /RM /TA UNKN,NEG,,7500.0,40.06331983331983,-77.02,2010-03-27 14:33:00,0.0,L,"('KCCX', 'KLWX', 'KDOX', 'KDIX', 'KBGM')","['s3://unidata-nexrad-level2/2010/03/27/KCCX/KCCX20100327_143026_V03.gz', 's3://unidata-nexrad-level2/2010/03/27/KLWX/KLWX20100327_143110_V03.gz', 's3://unidata-nexrad-level2/2010/03/27/KDOX/KDOX20100327_142517_V04.gz', 's3://unidata-nexrad-level2/2010/03/27/KDIX/KDIX20100327_142331_V03.gz', 's3://unidata-nexrad-level2/2010/03/27/KBGM/KBGM20100327_142754_V03.gz']"
T,B738,NGP UUA /OV CRP180020/TM 1817/FL280/TP B738/TB SEV 280/RM NO RPTD INJURIES OR DAMAGE AWC-WEB:KZHU,SEV 280,,28000.0,27.43969966663967,-97.51278,2010-03-08 18:17:00,5.0,M,"('KCRP', 'KBRO', 'KEWX', 'KHGX', 'KDFX')","['s3://unidata-nexrad-level2/2010/03/08/KCRP/KCRP20100308_181331_V03.gz', 's3://unidata-nexrad-level2/2010/03/08/KBRO/KBRO20100308_181617_V03.gz', 's3://unidata-nexrad-level2/2010/03/08/KEWX/KEWX20100308_181532_V03.gz', 's3://unidata-nexrad-level2/2010/03/08/KHGX/KHGX20100308_181556_V03.gz', 's3://unidata-nexrad-level2/2010/03/08/KDFX/KDFX20100308_181541_V04.gz']"
T,C172,OBE UUA /OV LBV010020 /TM 1840 /FL050 /TP C172 /TB SEV /RM IN CLOUDS 200 FT UPDFT,SEV,,5000.0,27.15829584083999,-81.32512922146216,2010-03-26 18:40:00,5.0,L,"('KTBW', 'KMLB', 'KAMX', 'KAMX', 'KBYX')","['s3://unidata-nexrad-level2/2010/03/26/KTBW/KTBW20100326_183546_V03.gz', 's3://unidata-nexrad-level2/2010/03/26/KMLB/KMLB20100326_183730_V03.gz', 's3://unidata-nexrad-level2/2010/03/26/KAMX/KAMX20100326_183739_V03.gz', 's3://unidata-nexrad-level2/2010/03/26/KAMX/KAMX20100326_183739_V03.gz', 's3://unidata-nexrad-level2/2010/03/26/KBYX/KBYX20100326_183950_V03.gz']"
T,B752,TMB UUA /OV MIA270025 /TM 1730 /FL120 /TP B752 /TB SEV,SEV,,12000.0,25.78805,-80.77971987992859,2010-03-12 17:30:00,5.0,M,"('KAMX', 'KAMX', 'KBYX', 'KMLB', 'KTBW')","['s3://unidata-nexrad-level2/2010/03/12/KAMX/KAMX20100312_172929_V03.gz', 's3://unidata-nexrad-level2/2010/03/12/KAMX/KAMX20100312_172929_V03.gz', 's3://unidata-nexrad-level2/2010/03/12/KBYX/KBYX20100312_172557_V03.gz', 's3://unidata-nexrad-level2/2010/03/12/KMLB/KMLB20100312_172750_V03.gz', 's3://unidata-nexrad-level2/2010/03/12/KTBW/KTBW20100312_172558_V03.gz']"
F,MD83,LIC UA /OV HGO 180020/TM 2255/FL320/TP MD83/TB MOD CHOP/RM CWSU ZDV,MOD CHOP,,32000.0,38.47663966663967,-103.63,2010-03-15 22:55:00,3.0,M,"('KPUX', 'KFTG', 'KGLD', 'KCYS', 'KDDC')","['s3://unidata-nexrad-level2/2010/03/15/KPUX/KPUX20100315_225246_V03.gz', 's3://unidata-nexrad-level2/2010/03/15/KFTG/KFTG20100315_225247_V03.gz', 's3://unidata-nexrad-level2/2010/03/15/KGLD/KGLD20100315_225041_V03.gz', 's3://unidata-nexrad-level2/2010/03/15/KCYS/KCYS20100315_224948_V03.gz', 's3://unidata-nexrad-level2/2010/03/15/KDDC/KDDC20100315_224920_V03.gz']"
F,B738,ONP UA /OV ONP298125/TM 1621/FL340/TP B738/SK SKC/TA M52/WV 19378KT/TB INTMT LGT CHOP 340/RM SEA-KOA AT SEDAR AWC-WEB:ASA,INTMT LGT CHOP 340,201003161645-KWBC-UBOR90-PIREP,34000.0,45.55814497920938,-126.64275697087048,2010-03-16 16:21:00,1.0,M,"('KRTX', 'KLGX', 'KATX', 'KMAX', 'KBHX')","['s3://unidata-nexrad-level2/2010/03/16/KATX/KATX20100316_161949_V03.gz', 's3://unidata-nexrad-level2/2010/03/16/KMAX/KMAX20100316_161828_V03.gz', 's3://unidata-nexrad-level2/2010/03/16/KBHX/KBHX20100316_160550_V03.gz']"
T,C310,DNN UUA /OV 9A5 /TM 2115 /FL090 /TP C310 /TB SEV,SEV,201003212100-KMSC-UBUS01-PIREP,9000.0,34.6885,-85.2903,2010-03-21 21:15:00,5.0,L,"('KHTX', 'KFFC', 'KOHX', 'KBMX', 'KMXX')","['s3://unidata-nexrad-level2/2010/03/21/KHTX/KHTX20100321_211324_V03.gz', 's3://unidata-nexrad-level2/2010/03/21/KFFC/KFFC20100321_211320_V03.gz', 's3://unidata-nexrad-level2/2010/03/21/KOHX/KOHX20100321_211201_V03.gz', 's3://unidata-nexrad-level2/2010/03/21/KBMX/KBMX20100321_211108_V03.gz']"
F,C172,BFL UA /OV BFL /TM 1728 /FL100 /TP C172 /TA 03 /WV 35421KT /TB NEG,NEG,201003181735-KWBC-UBCA90-PIREP,10000.0,35.43,-119.05,2010-03-18 17:28:00,0.0,L,"('KHNX', 'KVTX', 'KVBX', 'KEYX', 'KSOX')","['s3://unidata-nexrad-level2/2010/03/18/KHNX/KHNX20100318_171936_V03.gz', 's3://unidata-nexrad-level2/2010/03/18/KVTX/KVTX20100318_172733_V03.gz', 's3://unidata-nexrad-level2/2010/03/18/KSOX/KSOX20100318_172304_V03.gz']"
F,CL60,SGJ UA /OV SGJ/TM 0024/FL380/TP CL60/TB MOD/RM ZJX CWSU,MOD,,38000.0,29.95925,-81.33972,2010-03-08 00:24:00,3.0,M,"('KJAX', 'KVAX', 'KTBW', 'KMLB', 'KCLX')","['s3://unidata-nexrad-level2/2010/03/08/KJAX/KJAX20100308_002347_V03.gz', 's3://unidata-nexrad-level2/2010/03/08/KTBW/KTBW20100308_001457_V03.gz', 's3://unidata-nexrad-level2/2010/03/08/KMLB/KMLB20100308_001439_V03.gz', 's3://unidata-nexrad-level2/2010/03/08/KCLX/KCLX20100308_001518_V03.gz']"
F,CRJ,STS UA /OV PYE340010/TM 1456/FL130/TP CRJ/TB MOD CHOP 130-100/RM AWC-WEB:KZOA,MOD CHOP 130-100,,13000.0,38.23662812266072,-122.94242323370776,2010-03-02 14:56:00,3.0,M,"('KDAX', 'KMUX', 'KBBX', 'KBHX', 'KRGX')","['s3://unidata-nexrad-level2/2010/03/02/KDAX/KDAX20100302_145530_V03.gz', 's3://unidata-nexrad-level2/2010/03/02/KMUX/KMUX20100302_145252_V03.gz', 's3://unidata-nexrad-level2/2010/03/02/KBBX/KBBX20100302_145032_V04.gz', 's3://unidata-nexrad-level2/2010/03/02/KBHX/KBHX20100302_145425_V03.gz', 's3://unidata-nexrad-level2/2010/03/02/KRGX/KRGX20100302_145253_V03.gz']"
T,C500,GNV UUA /OV 30S GNV/TM 1710/FL340/TP C500/TB SEV/RM LOST 3000 FEET INALTITUDE. ZJX CWSU,SEV,,34000.0,29.1916594999595,-82.27602,2010-03-11 17:10:00,5.0,L,"('KJAX', 'KTBW', 'KTLH', 'KMLB', 'KVAX')","['s3://unidata-nexrad-level2/2010/03/11/KJAX/KJAX20100311_170759_V03.gz', 's3://unidata-nexrad-level2/2010/03/11/KTBW/KTBW20100311_170754_V03.gz', 's3://unidata-nexrad-level2/2010/03/11/KTLH/KTLH20100311_170719_V03.gz', 's3://unidata-nexrad-level2/2010/03/11/KMLB/KMLB20100311_170633_V03.gz']"
F,LJ45,PWK UA /OV OBK090020 /TM 2040 /FL310 /TP LJ45 /TB CONT LGT OCNL MOD CHOP,CONT LGT OCNL MOD CHOP,,31000.0,42.22,-87.49985983910845,2010-03-30 20:40:00,2.0,M,"('KLOT', 'KMKX', 'KGRR', 'KIWX', 'KGRB')","['s3://unidata-nexrad-level2/2010/03/30/KLOT/KLOT20100330_203435_V03.gz', 's3://unidata-nexrad-level2/2010/03/30/KMKX/KMKX20100330_203920_V03.gz', 's3://unidata-nexrad-level2/2010/03/30/KGRR/KGRR20100330_203156_V04.gz', 's3://unidata-nexrad-level2/2010/03/30/KIWX/KIWX20100330_203917_V03.gz', 's3://unidata-nexrad-level2/2010/03/30/KGRB/KGRB20100330_203804_V03.gz']"
F,B757,PIE UA /OV PIE 360040/TM 1648/FL195/TP B757/TB LGT BTN FL195-FL240/RMZJX CWSU,LGT BTN FL195-FL240,,19500.0,28.576720666720668,-82.68742,2010-03-09 16:48:00,1.0,M,"('KTBW', 'KMLB', 'KJAX', 'KTLH', 'KVAX')","['s3://unidata-nexrad-level2/2010/03/09/KTBW/KTBW20100309_164356_V03.gz', 's3://unidata-nexrad-level2/2010/03/09/KMLB/KMLB20100309_164220_V03.gz', 's3://unidata-nexrad-level2/2010/03/09/KJAX/KJAX20100309_164704_V03.gz', 's3://unidata-nexrad-level2/2010/03/09/KTLH/KTLH20100309_164430_V03.gz']"
F,C180,INW UA /OV INW067031 /TM 2009 /FL095 /TP C180 /SK SKC /TA 04 /TB NEG,NEG,,9500.0,35.22381410183354,-110.14173406167284,2010-03-12 20:09:00,0.0,L,"('KFSX', 'KFSX', 'KIWA', 'KABX', 'KEMX')","['s3://unidata-nexrad-level2/2010/03/12/KFSX/KFSX20100312_200627_V03.gz', 's3://unidata-nexrad-level2/2010/03/12/KFSX/KFSX20100312_200627_V03.gz', 's3://unidata-nexrad-level2/2010/03/12/KIWA/KIWA20100312_200010_V03.gz', 's3://unidata-nexrad-level2/2010/03/12/KEMX/KEMX20100312_200745_V03.gz']"
T,DC10,ASE UUA /OV DBL 090075/TM 0418/FL350/TP DC10/TB MDT-SEV/RM ZDV,MDT-SEV,201003300435-KWBC-UBCO90-PIREP,35000.0,39.44,-105.2713064656052,2010-03-30 04:18:00,5.0,H,"('KFTG', 'KPUX', 'KCYS', 'KGJX', 'KGLD')","['s3://unidata-nexrad-level2/2010/03/30/KFTG/KFTG20100330_041059_V03.gz', 's3://unidata-nexrad-level2/2010/03/30/KPUX/KPUX20100330_041200_V03.gz', 's3://unidata-nexrad-level2/2010/03/30/KCYS/KCYS20100330_041723_V03.gz', 's3://unidata-nexrad-level2/2010/03/30/KGJX/KGJX20100330_041030_V03.gz', 's3://unidata-nexrad-level2/2010/03/30/KGLD/KGLD20100330_041128_V03.gz']"
T,B757,FLL UUA /OV FLL 030050/TM 1124/FL230/TP B757/TB SEV 230-250/RM CWSUZMA,SEV 230-250,,23000.0,26.79174629326025,-79.68610153485592,2010-03-29 11:24:00,5.0,M,"('KAMX', 'KAMX', 'KMLB', 'KTBW', 'KBYX')","['s3://unidata-nexrad-level2/2010/03/29/KAMX/KAMX20100329_112055_V03.gz', 's3://unidata-nexrad-level2/2010/03/29/KAMX/KAMX20100329_112055_V03.gz', 's3://unidata-nexrad-level2/2010/03/29/KMLB/KMLB20100329_112119_V03.gz', 's3://unidata-nexrad-level2/2010/03/29/KTBW/KTBW20100329_111903_V03.gz', 's3://unidata-nexrad-level2/2010/03/29/KBYX/KBYX20100329_112231_V03.gz']"
T,B737,DWH UUA /OV IAH360030/TM 1525/FL240/TP B737/TB SEV 240/RM NO RPTD INJURIES OR DAMAGE AWC-WEB:KZHU,SEV 240,201003081540-KWBC-UBTX90-PIREP,24000.0,30.460040500040503,-95.35,2010-03-08 15:25:00,5.0,M,"('KHGX', 'KGRK', 'KLCH', 'KSHV', 'KEWX')","['s3://unidata-nexrad-level2/2010/03/08/KHGX/KHGX20100308_152221_V03.gz', 's3://unidata-nexrad-level2/2010/03/08/KGRK/KGRK20100308_152146_V03.gz', 's3://unidata-nexrad-level2/2010/03/08/KLCH/KLCH20100308_152214_V03.gz', 's3://unidata-nexrad-level2/2010/03/08/KSHV/KSHV20100308_152130_V03.gz', 's3://unidata-nexrad-level2/2010/03/08/KEWX/KEWX20100308_152206_V03.gz']"
F,B739,CVS UA /OV TXO/TM 2042/FL370/TP B739/TB OCNL CONT MOD CHOP/RM AWC-WEB:ASA,OCNL CONT MOD CHOP,,37000.0,34.5,-102.84,2010-03-12 20:42:00,3.0,M,"('KFDX', 'KAMA', 'KLBB', 'KMAF', 'KHDX')","['s3://unidata-nexrad-level2/2010/03/12/KFDX/KFDX20100312_204026_V04.gz', 's3://unidata-nexrad-level2/2010/03/12/KAMA/KAMA20100312_203553_V03.gz', 's3://unidata-nexrad-level2/2010/03/12/KLBB/KLBB20100312_203743_V03.gz', 's3://unidata-nexrad-level2/2010/03/12/KMAF/KMAF20100312_203659_V03.gz', 's3://unidata-nexrad-level2/2010/03/12/KHDX/KHDX20100312_203319_V04.gz']"
F,BE36,FUL UA /OV PDZ270015 /TM 2355 /FL055 /TP BE36 /SK SKC /WX FV10SM /TA 10 /WV 00000KT /TB NEG /RM SMTH,NEG,,5500.0,33.92,-117.8312954493414,2010-03-12 23:55:00,0.0,L,"('KSOX', 'KNKX', 'KEYX', 'KVTX', 'KVBX')","['s3://unidata-nexrad-level2/2010/03/12/KSOX/KSOX20100312_234540_V03.gz', 's3://unidata-nexrad-level2/2010/03/12/KNKX/KNKX20100312_234841_V03.gz', 's3://unidata-nexrad-level2/2010/03/12/KVTX/KVTX20100312_235433_V03.gz']"
T,B738,SUA UUA /OV PBI050070 /TM 0225 /FL370 /TP B738 /TB SEV,SEV,,37000.0,27.434679621457487,-79.09906472232122,2010-03-12 02:25:00,5.0,M,"('KMLB', 'KAMX', 'KAMX', 'KTBW', 'KBYX')","['s3://unidata-nexrad-level2/2010/03/12/KMLB/KMLB20100312_022345_V03.gz', 's3://unidata-nexrad-level2/2010/03/12/KAMX/KAMX20100312_022449_V03.gz', 's3://unidata-nexrad-level2/2010/03/12/KAMX/KAMX20100312_022449_V03.gz', 's3://unidata-nexrad-level2/2010/03/12/KTBW/KTBW20100312_022044_V03.gz', 's3://unidata-nexrad-level2/2010/03/12/KBYX/KBYX20100312_022428_V03.gz']"
T,C208,GRK UUA /OV AGJ270025/TM 0108/FL050/TP C208/TB SEV/RM AWC-WEB:KZHU,SEV,,5000.0,31.07,-97.83,2010-03-16 01:08:00,5.0,L,"('KGRK', 'KEWX', 'KFWS', 'KDYX', 'KSJT')","['s3://unidata-nexrad-level2/2010/03/16/KGRK/KGRK20100316_010505_V03.gz', 's3://unidata-nexrad-level2/2010/03/16/KEWX/KEWX20100316_010456_V03.gz', 's3://unidata-nexrad-level2/2010/03/16/KFWS/KFWS20100316_010519_V03.gz', 's3://unidata-nexrad-level2/2010/03/16/KDYX/KDYX20100316_010431_V03.gz', 's3://unidata-nexrad-level2/2010/03/16/KSJT/KSJT20100316_010753_V03.gz']"
F,B737,MCI UA /OV BQS 050020/TM 1555/FL270/TP B737/TB LGT-MOD CHOP/RM BQS4ARRIVAL CWSU ZKC,LGT-MOD CHOP,,27000.0,39.844279891845,-93.54842941184027,2010-03-24 15:55:00,2.0,M,"('KEAX', 'KDMX', 'KTWX', 'KLSX', 'KOAX')","['s3://unidata-nexrad-level2/2010/03/24/KEAX/KEAX20100324_155349_V03.gz', 's3://unidata-nexrad-level2/2010/03/24/KDMX/KDMX20100324_155443_V03.gz', 's3://unidata-nexrad-level2/2010/03/24/KTWX/KTWX20100324_154929_V03.gz', 's3://unidata-nexrad-level2/2010/03/24/KLSX/KLSX20100324_155107_V03.gz', 's3://unidata-nexrad-level2/2010/03/24/KOAX/KOAX20100324_155000_V03.gz']"
F,TBM,AJO UA /OV PDZ /TM 2112 /FL090 /TP TBM /TA 00 /TB MOD /IC LGT RIME,MOD,,9000.0,33.92,-117.53,2010-03-06 21:12:00,3.0,L,"('KSOX', 'KNKX', 'KEYX', 'KVTX', 'KVBX')","['s3://unidata-nexrad-level2/2010/03/06/KSOX/KSOX20100306_211054_V03.gz', 's3://unidata-nexrad-level2/2010/03/06/KNKX/KNKX20100306_210819_V03.gz', 's3://unidata-nexrad-level2/2010/03/06/KVTX/KVTX20100306_211039_V03.gz']"
F,P28A,POC UA /OV DAG235060 /TM 1441 /FL110 /TP P28A /TB NEG /RM SMOOTH,NEG,201003101445-KWBC-UBCA90-PIREP,11000.0,34.38637710391115,-117.57959260578518,2010-03-10 14:41:00,0.0,L,"('KSOX', 'KEYX', 'KVTX', 'KNKX', 'KHNX')","['s3://unidata-nexrad-level2/2010/03/10/KVTX/KVTX20100310_144042_V03.gz', 's3://unidata-nexrad-level2/2010/03/10/KNKX/KNKX20100310_144047_V03.gz', 's3://unidata-nexrad-level2/2010/03/10/KHNX/KHNX20100310_143605_V03.gz']"
F,M20P,COS UA /OV COS090010 /TM 1740 /FL085 /TP M20P /TB MOD CHOP /RM UDDF,MOD CHOP,,8500.0,38.80581,-104.48688851045112,2010-03-26 17:40:00,3.0,L,"('KPUX', 'KFTG', 'KGLD', 'KCYS', 'KGJX')","['s3://unidata-nexrad-level2/2010/03/26/KPUX/KPUX20100326_173024_V03.gz', 's3://unidata-nexrad-level2/2010/03/26/KFTG/KFTG20100326_173118_V03.gz', 's3://unidata-nexrad-level2/2010/03/26/KGLD/KGLD20100326_173457_V03.gz', 's3://unidata-nexrad-level2/2010/03/26/KCYS/KCYS20100326_173951_V03.gz', 's3://unidata-nexrad-level2/2010/03/26/KGJX/KGJX20100326_173822_V03.gz']"
F,B733,MCN UA /OV ATL170050/TM 1345/FL350/TP B733/WV 269077KT/TB CONT LGT TURB/RM AWC-WEB:SWA,CONT LGT TURB,,35000.0,32.80936039790002,-84.26799114657328,2010-03-10 13:45:00,1.0,M,"('KFFC', 'KMXX', 'KJGX', 'KVAX', 'KEOX')","['s3://unidata-nexrad-level2/2010/03/10/KFFC/KFFC20100310_134236_V03.gz', 's3://unidata-nexrad-level2/2010/03/10/KJGX/KJGX20100310_134344_V04.gz']"
T,P46T,PVU UUA /OV SLC180020 /TM 0006 /FL090 /TP P46T /TB SEV,SEV,,9000.0,40.44663966663967,-111.97,2010-03-31 00:06:00,5.0,L,"('KMTX', 'KSFX', 'KICX', 'KGJX', 'KRIW')","['s3://unidata-nexrad-level2/2010/03/31/KMTX/KMTX20100331_000016_V03.gz', 's3://unidata-nexrad-level2/2010/03/31/KSFX/KSFX20100331_000311_V03.gz', 's3://unidata-nexrad-level2/2010/03/31/KICX/KICX20100331_000504_V03.gz', 's3://unidata-nexrad-level2/2010/03/31/KGJX/KGJX20100331_000119_V03.gz', 's3://unidata-nexrad-level2/2010/03/31/KRIW/KRIW20100331_000514_V03.gz']"
F,LJ60,DSM UA /OV DSM /TM 0032 /FL400 /TP LJ60 /TA M55 /WV 24468KT /TB LGT CHOP /RM VRY LGT CHOP,LGT CHOP,,40000.0,41.53395,-93.653114,2010-03-25 00:32:00,1.0,M,"('KDMX', 'KOAX', 'KEAX', 'KDVN', 'KTWX')","['s3://unidata-nexrad-level2/2010/03/25/KDMX/KDMX20100325_002836_V03.gz', 's3://unidata-nexrad-level2/2010/03/25/KOAX/KOAX20100325_002746_V03.gz', 's3://unidata-nexrad-level2/2010/03/25/KEAX/KEAX20100325_003121_V03.gz', 's3://unidata-nexrad-level2/2010/03/25/KDVN/KDVN20100325_002953_V03.gz', 's3://unidata-nexrad-level2/2010/03/25/KTWX/KTWX20100325_002755_V03.gz']"
T,BE40,HTS UUA /OV HNN/TM 0302/FL340/TP BE40/TB SEV/RM SEV CAT FL340-FL320,SEV,,34000.0,38.75,-82.03,2010-03-13 03:02:00,5.0,M,"('KRLX', 'KJKL', 'KILN', 'KFCX', 'KMRX')","['s3://unidata-nexrad-level2/2010/03/13/KRLX/KRLX20100313_025733_V04.gz', 's3://unidata-nexrad-level2/2010/03/13/KJKL/KJKL20100313_025804_V03.gz', 's3://unidata-nexrad-level2/2010/03/13/KILN/KILN20100313_025945_V03.gz', 's3://unidata-nexrad-level2/2010/03/13/KFCX/KFCX20100313_030102_V03.gz', 's3://unidata-nexrad-level2/2010/03/13/KMRX/KMRX20100313_025657_V03.gz']"
T,PP2,APF UUA /OV APF090020 /TM 1550 /FL030 /TP PP2 /TB SEV /RM ACFT TYPE P1,SEV,,3000.0,26.1525,-81.40389921879544,2010-03-14 15:50:00,5.0,U,"('KAMX', 'KAMX', 'KBYX', 'KTBW', 'KMLB')","['s3://unidata-nexrad-level2/2010/03/14/KAMX/KAMX20100314_154857_V03.gz', 's3://unidata-nexrad-level2/2010/03/14/KAMX/KAMX20100314_154857_V03.gz', 's3://unidata-nexrad-level2/2010/03/14/KBYX/KBYX20100314_154927_V03.gz', 's3://unidata-nexrad-level2/2010/03/14/KTBW/KTBW20100314_154426_V03.gz', 's3://unidata-nexrad-level2/2010/03/14/KMLB/KMLB20100314_154236_V03.gz']"
T,C172,PMD UUA /OV EDW-EDW180015 /TM 1940 /FL030 /TP C172 /TB SEV /RM DURGC,SEV,,3000.0,34.62939,-118.08455,2010-03-27 19:40:00,5.0,L,"('KEYX', 'KSOX', 'KVTX', 'KNKX', 'KHNX')","['s3://unidata-nexrad-level2/2010/03/27/KSOX/KSOX20100327_193950_V03.gz', 's3://unidata-nexrad-level2/2010/03/27/KVTX/KVTX20100327_193226_V03.gz', 's3://unidata-nexrad-level2/2010/03/27/KNKX/KNKX20100327_193947_V03.gz', 's3://unidata-nexrad-level2/2010/03/27/KHNX/KHNX20100327_193338_V03.gz']"
T,CRJ2,IDA UUA /OV IDA/TM 2017/FL240/TP CRJ2/TB SEV/RM FLEW THROUGH SOME SEVERE TURBULENCE AT FL240 LEAVING IDA AWC-WEB:SKW,SEV,,24000.0,43.51372,-112.07075,2010-03-30 20:17:00,5.0,M,"('KSFX', 'KMTX', 'KRIW', 'KCBX', 'KBLX')","['s3://unidata-nexrad-level2/2010/03/30/KSFX/KSFX20100330_201533_V03.gz', 's3://unidata-nexrad-level2/2010/03/30/KMTX/KMTX20100330_201333_V03.gz', 's3://unidata-nexrad-level2/2010/03/30/KRIW/KRIW20100330_201257_V03.gz', 's3://unidata-nexrad-level2/2010/03/30/KCBX/KCBX20100330_201409_V04.gz', 's3://unidata-nexrad-level2/2010/03/30/KBLX/KBLX20100330_201542_V03.gz']"
F,C172,TRI UA /OV GCY330005 /TM 2136 /FL065 /TP C172 /SK OVC120 /WX FV20SM /TB NEG /RM SMOOTH,NEG,,6500.0,36.26818752932602,-82.86262644919634,2010-03-09 21:36:00,0.0,L,"('KMRX', 'KJKL', 'KGSP', 'KFCX', 'KRLX')","['s3://unidata-nexrad-level2/2010/03/09/KMRX/KMRX20100309_213336_V03.gz', 's3://unidata-nexrad-level2/2010/03/09/KJKL/KJKL20100309_213120_V03.gz', 's3://unidata-nexrad-level2/2010/03/09/KGSP/KGSP20100309_213454_V03.gz', 's3://unidata-nexrad-level2/2010/03/09/KFCX/KFCX20100309_213220_V03.gz', 's3://unidata-nexrad-level2/2010/03/09/KRLX/KRLX20100309_212914_V04.gz']"
T,BE99,SGU UUA /OV KSGU013019/TM 2229/FL130/TP BE99/TB SEV/RM AWC-WEB:KZLA,SEV,,13000.0,37.34496441313248,-113.42106038738142,2010-03-13 22:29:00,5.0,L,"('KICX', 'KESX', 'KFSX', 'KFSX', 'KMTX')","['s3://unidata-nexrad-level2/2010/03/13/KICX/KICX20100313_222829_V03.gz', 's3://unidata-nexrad-level2/2010/03/13/KESX/KESX20100313_222737_V03.gz', 's3://unidata-nexrad-level2/2010/03/13/KFSX/KFSX20100313_222335_V03.gz', 's3://unidata-nexrad-level2/2010/03/13/KFSX/KFSX20100313_222335_V03.gz', 's3://unidata-nexrad-level2/2010/03/13/KMTX/KMTX20100313_222536_V03.gz']"
T,C210,PAH UUA /OV PAH180010 /TM 1851 /FL041 /TP C210 /TB SEV,SEV,,4100.0,36.88961983331984,-88.7744,2010-03-31 18:51:00,5.0,L,"('KPAH', 'KHPX', 'KVWX', 'KNQA', 'KOHX')","['s3://unidata-nexrad-level2/2010/03/31/KPAH/KPAH20100331_184933_V03.gz', 's3://unidata-nexrad-level2/2010/03/31/KVWX/KVWX20100331_184959_V03.gz', 's3://unidata-nexrad-level2/2010/03/31/KNQA/KNQA20100331_184216_V03.gz', 's3://unidata-nexrad-level2/2010/03/31/KOHX/KOHX20100331_185008_V03.gz']"
T,C441,OBE UUA /OV RSW020050 /TM 2200 /FL070 /TP C441 /TB SEV EXTRM /RM ZMATMU122206Z,SEV EXTRM,,7000.0,27.321200613303592,-81.43812074506017,2010-03-12 22:00:00,6.0,L,"('KTBW', 'KMLB', 'KAMX', 'KAMX', 'KBYX')","['s3://unidata-nexrad-level2/2010/03/12/KTBW/KTBW20100312_215933_V03.gz', 's3://unidata-nexrad-level2/2010/03/12/KMLB/KMLB20100312_215546_V03.gz', 's3://unidata-nexrad-level2/2010/03/12/KAMX/KAMX20100312_215720_V03.gz', 's3://unidata-nexrad-level2/2010/03/12/KAMX/KAMX20100312_215720_V03.gz', 's3://unidata-nexrad-level2/2010/03/12/KBYX/KBYX20100312_215551_V03.gz']"
F,B752,DPG UA /OV DTA 020060/TM 0312/FL400/TP B752/TB CONT LGT-OCNL MOD/ZLC,CONT LGT-OCNL MOD,201003070325-KWBC-UBUT90-PIREP,40000.0,40.239768735964304,-112.06798646453656,2010-03-07 03:12:00,2.0,M,"('KMTX', 'KICX', 'KSFX', 'KGJX', 'KRIW')","['s3://unidata-nexrad-level2/2010/03/07/KMTX/KMTX20100307_030545_V03.gz', 's3://unidata-nexrad-level2/2010/03/07/KICX/KICX20100307_031146_V03.gz', 's3://unidata-nexrad-level2/2010/03/07/KSFX/KSFX20100307_031130_V03.gz', 's3://unidata-nexrad-level2/2010/03/07/KGJX/KGJX20100307_031046_V03.gz', 's3://unidata-nexrad-level2/2010/03/07/KRIW/KRIW20100307_030324_V03.gz']"
F,C402,PVC UA /OV HYA360015 /TM 1505 /FL060 /TP C402 /SK OVC005 /TA 00 /TB LGT MOD /IC NEG /RM MOD TB 060 LGT TB 050 AND BLW,LGT MOD,,6000.0,41.92002025002025,-70.28,2010-03-15 15:05:00,2.0,L,"('KBOX', 'KGYX', 'KOKX', 'KENX', 'KCXX')","['s3://unidata-nexrad-level2/2010/03/15/KBOX/KBOX20100315_150236_V03.gz', 's3://unidata-nexrad-level2/2010/03/15/KGYX/KGYX20100315_150356_V03.gz', 's3://unidata-nexrad-level2/2010/03/15/KOKX/KOKX20100315_150457_V03.gz', 's3://unidata-nexrad-level2/2010/03/15/KENX/KENX20100315_150422_V03.gz', 's3://unidata-nexrad-level2/2010/03/15/KCXX/KCXX20100315_150354_V03.gz']"
T,A320,MJX UUA /OV CYN170030/TM 1956/FL190/TP A320/TB SEV CAT 190 - 200/RMACY,SEV CAT 190 - 200,,19000.0,39.327556238740016,-74.31694748134043,2010-03-23 19:56:00,5.0,M,"('KDOX', 'KDIX', 'KOKX', 'KLWX', 'KBGM')","['s3://unidata-nexrad-level2/2010/03/23/KDOX/KDOX20100323_195329_V04.gz', 's3://unidata-nexrad-level2/2010/03/23/KDIX/KDIX20100323_195106_V03.gz', 's3://unidata-nexrad-level2/2010/03/23/KOKX/KOKX20100323_195300_V03.gz', 's3://unidata-nexrad-level2/2010/03/23/KLWX/KLWX20100323_195409_V03.gz', 's3://unidata-nexrad-level2/2010/03/23/KBGM/KBGM20100323_195417_V03.gz']"
F,H25B,JEF UA /OV STL270070 /TM 2125 /FL370 /TP H25B /TA M62 /WV 22853KT /TB CONT LGT,CONT LGT,201003012130-KWBC-UBMO90-PIREP,37000.0,38.86,-91.97838075888788,2010-03-01 21:25:00,1.0,M,"('KLSX', 'KSGF', 'KEAX', 'KILX', 'KPAH')","['s3://unidata-nexrad-level2/2010/03/01/KLSX/KLSX20100301_212039_V03.gz', 's3://unidata-nexrad-level2/2010/03/01/KSGF/KSGF20100301_211654_V03.gz', 's3://unidata-nexrad-level2/2010/03/01/KEAX/KEAX20100301_211920_V03.gz', 's3://unidata-nexrad-level2/2010/03/01/KILX/KILX20100301_212302_V03.gz', 's3://unidata-nexrad-level2/2010/03/01/KPAH/KPAH20100301_211901_V03.gz']"
F,A320,CHO UA /OV GVE/TM 0229/FL240/TP A320/TB MDT-SEV,MDT-SEV,201003290300-KMSC-UBUS01-PIREP,24000.0,38.01,-78.15,2010-03-29 02:29:00,5.0,M,"('KLWX', 'KAKQ', 'KFCX', 'KDOX', 'KRAX')","['s3://unidata-nexrad-level2/2010/03/29/KLWX/KLWX20100329_022516_V03.gz', 's3://unidata-nexrad-level2/2010/03/29/KAKQ/KAKQ20100329_022726_V03.gz', 's3://unidata-nexrad-level2/2010/03/29/KFCX/KFCX20100329_022732_V03.gz', 's3://unidata-nexrad-level2/2010/03/29/KDOX/KDOX20100329_022854_V04.gz', 's3://unidata-nexrad-level2/2010/03/29/KRAX/KRAX20100329_022820_V03.gz']"
T,C185,SBD UUA /OV PDZ038027 /TM 1939 /FL085 /TP C185 /TB SEV /RM /OV LAKE ARROWHEAD 085-095,SEV,,8500.0,34.0953521,-117.2348722,2010-03-27 19:39:00,5.0,L,"('KSOX', 'KEYX', 'KNKX', 'KVTX', 'KESX')","['s3://unidata-nexrad-level2/2010/03/27/KSOX/KSOX20100327_192952_V03.gz', 's3://unidata-nexrad-level2/2010/03/27/KNKX/KNKX20100327_192959_V03.gz', 's3://unidata-nexrad-level2/2010/03/27/KVTX/KVTX20100327_193226_V03.gz', 's3://unidata-nexrad-level2/2010/03/27/KESX/KESX20100327_192954_V03.gz']"
F,B190,ANN UA /OV ANN/TM 1810/FL120/TP B190/TB LGT-OCNL MOD BLO 120/RM (CWSUZAN),LGT-OCNL MOD BLO 120,,12000.0,55.04,-131.57,2010-03-11 18:10:00,2.0,M,"('PACG', 'KLGX', 'KATX', 'KRTX', 'PAIH')","['s3://unidata-nexrad-level2/2010/03/11/KATX/KATX20100311_180821_V03.gz', 's3://unidata-nexrad-level2/2010/03/11/KRTX/KRTX20100311_180442_V03.gz']"
T,C56X,SUA UUA /OV PBI010030 /TM 1211 /FL230 /TP C56X /TB SEV,SEV,,23000.0,27.177143761259984,-80.0022181722063,2010-03-12 12:11:00,5.0,M,"('KMLB', 'KAMX', 'KAMX', 'KTBW', 'KBYX')","['s3://unidata-nexrad-level2/2010/03/12/KMLB/KMLB20100312_121012_V03.gz', 's3://unidata-nexrad-level2/2010/03/12/KAMX/KAMX20100312_120830_V03.gz', 's3://unidata-nexrad-level2/2010/03/12/KAMX/KAMX20100312_120830_V03.gz', 's3://unidata-nexrad-level2/2010/03/12/KTBW/KTBW20100312_121027_V03.gz', 's3://unidata-nexrad-level2/2010/03/12/KBYX/KBYX20100312_120825_V03.gz']"
T,P46,PBI UUA /OV PHK018010/TM 1325/FL150/TP P46/TB SEV/RM CWSU ZMA,SEV,201003121350-KWBC-UBFL90-PIREP,15000.0,26.93852225865833,-80.63230478931351,2010-03-12 13:25:00,5.0,L,"('KMLB', 'KAMX', 'KAMX', 'KTBW', 'KBYX')","['s3://unidata-nexrad-level2/2010/03/12/KMLB/KMLB20100312_132055_V03.gz', 's3://unidata-nexrad-level2/2010/03/12/KAMX/KAMX20100312_132208_V03.gz', 's3://unidata-nexrad-level2/2010/03/12/KAMX/KAMX20100312_132208_V03.gz', 's3://unidata-nexrad-level2/2010/03/12/KTBW/KTBW20100312_132214_V03.gz', 's3://unidata-nexrad-level2/2010/03/12/KBYX/KBYX20100312_132427_V03.gz']"
F,LJ40,GUC UA /OV ETL 200035/TM 2357/FL170/TP LJ40/TB MOD CHOP/RM CWSU ZDV,MOD CHOP,,17000.0,37.491801570687485,-108.51334279823546,2010-03-05 23:57:00,3.0,M,"('KGJX', 'KABX', 'KICX', 'KPUX', 'KFSX')","['s3://unidata-nexrad-level2/2010/03/05/KGJX/KGJX20100305_234747_V03.gz', 's3://unidata-nexrad-level2/2010/03/05/KABX/KABX20100305_235518_V03.gz', 's3://unidata-nexrad-level2/2010/03/05/KICX/KICX20100305_235308_V03.gz', 's3://unidata-nexrad-level2/2010/03/05/KPUX/KPUX20100305_235613_V03.gz', 's3://unidata-nexrad-level2/2010/03/05/KFSX/KFSX20100305_235020_V03.gz']"
T,A320,BCT UUA /OV ZFP180015 /TM 1905 /FL400 /TP A320 /TB SEV,SEV,,40000.0,26.24997974997975,-78.78,2010-03-29 19:05:00,5.0,M,"('KAMX', 'KAMX', 'KMLB', 'KBYX', 'KTBW')","['s3://unidata-nexrad-level2/2010/03/29/KAMX/KAMX20100329_190059_V03.gz', 's3://unidata-nexrad-level2/2010/03/29/KAMX/KAMX20100329_190059_V03.gz', 's3://unidata-nexrad-level2/2010/03/29/KMLB/KMLB20100329_190307_V03.gz', 's3://unidata-nexrad-level2/2010/03/29/KBYX/KBYX20100329_190319_V03.gz', 's3://unidata-nexrad-level2/2010/03/29/KTBW/KTBW20100329_185603_V03.gz']"
F,M20P,PIR UA /OV PIR265030 /TM 1959 /FL080 /TP M20P /SK SKC /TA 04 /WV 26511KT /TB LGT,LGT,,8000.0,44.33910859881506,-100.98297409726712,2010-03-28 19:59:00,1.0,L,"('KUDX', 'KABR', 'KLNX', 'KBIS', 'KMBX')","['s3://unidata-nexrad-level2/2010/03/28/KUDX/KUDX20100328_195536_V03.gz', 's3://unidata-nexrad-level2/2010/03/28/KABR/KABR20100328_194939_V03.gz', 's3://unidata-nexrad-level2/2010/03/28/KLNX/KLNX20100328_195527_V03.gz', 's3://unidata-nexrad-level2/2010/03/28/KBIS/KBIS20100328_195714_V03.gz']"
F,C208,BRL UA /OV BRL180005 /TM 0347 /FL050 /TP C208 /SK SKC /WX FV10SM /TA M02 /WV 36010KT /TB NEG /IC NEG,NEG,,5000.0,40.68958891665992,-91.125494,2010-03-05 03:47:00,0.0,L,"('KDVN', 'KILX', 'KLSX', 'KDMX', 'KARX')","['s3://unidata-nexrad-level2/2010/03/05/KDVN/KDVN20100305_034621_V03.gz', 's3://unidata-nexrad-level2/2010/03/05/KILX/KILX20100305_033822_V03.gz', 's3://unidata-nexrad-level2/2010/03/05/KLSX/KLSX20100305_033801_V03.gz', 's3://unidata-nexrad-level2/2010/03/05/KDMX/KDMX20100305_033928_V03.gz', 's3://unidata-nexrad-level2/2010/03/05/KARX/KARX20100305_033915_V03.gz']"
T,BE58,AVL UUA /OV SUG /TM 2107 /FL100 /TP BE58 /TB SEV,SEV,201003262115-KWBC-UBNC90-PIREP,10000.0,35.41,-82.27,2010-03-26 21:07:00,5.0,L,"('KGSP', 'KMRX', 'KCAE', 'KFCX', 'KJKL')","['s3://unidata-nexrad-level2/2010/03/26/KGSP/KGSP20100326_205921_V03.gz', 's3://unidata-nexrad-level2/2010/03/26/KMRX/KMRX20100326_210553_V03.gz', 's3://unidata-nexrad-level2/2010/03/26/KCAE/KCAE20100326_210249_V03.gz', 's3://unidata-nexrad-level2/2010/03/26/KFCX/KFCX20100326_210142_V03.gz', 's3://unidata-nexrad-level2/2010/03/26/KJKL/KJKL20100326_205854_V03.gz']"
F,C172,PVB UA /OV DBQ045020 /TM 0011 /FL065 /TP C172 /SK SKC /TA 04 /TB NEG,NEG,201003190000-KMSC-UBUS01-PIREP,6500.0,42.6357213522977,-90.39079132300957,2010-03-19 00:11:00,0.0,L,"('KDVN', 'KARX', 'KMKX', 'KLOT', 'KILX')","['s3://unidata-nexrad-level2/2010/03/19/KDVN/KDVN20100319_000126_V03.gz', 's3://unidata-nexrad-level2/2010/03/19/KARX/KARX20100319_000314_V03.gz', 's3://unidata-nexrad-level2/2010/03/19/KMKX/KMKX20100319_001024_V03.gz', 's3://unidata-nexrad-level2/2010/03/19/KLOT/KLOT20100319_000830_V03.gz', 's3://unidata-nexrad-level2/2010/03/19/KILX/KILX20100319_000158_V03.gz']"
F,B737,SEA UA /OV SEA285030/TM 0409/FL180/TP B737/TB LGT-MOD CHOP/RM DURC180-230 ..ZSE ..ZSE,LGT-MOD CHOP,,18000.0,47.57411000473307,-123.02855139612356,2010-03-29 04:09:00,2.0,M,"('KATX', 'KLGX', 'KRTX', 'KPDT', 'KOTX')","['s3://unidata-nexrad-level2/2010/03/29/KATX/KATX20100329_040558_V03.gz', 's3://unidata-nexrad-level2/2010/03/29/KRTX/KRTX20100329_040531_V03.gz', 's3://unidata-nexrad-level2/2010/03/29/KPDT/KPDT20100329_040725_V03.gz', 's3://unidata-nexrad-level2/2010/03/29/KOTX/KOTX20100329_040513_V03.gz']"
F,C172,LEX UA /OV HYK161012 /TM 1726 /FL035 /TP C172 /WX FV99SM /TB CONT LGT,CONT LGT,,3500.0,37.78088096746389,-84.38739670332977,2010-03-05 17:26:00,1.0,L,"('KJKL', 'KLVX', 'KILN', 'KMRX', 'KOHX')","['s3://unidata-nexrad-level2/2010/03/05/KJKL/KJKL20100305_172316_V03.gz', 's3://unidata-nexrad-level2/2010/03/05/KLVX/KLVX20100305_172424_V03.gz', 's3://unidata-nexrad-level2/2010/03/05/KILN/KILN20100305_172558_V03.gz', 's3://unidata-nexrad-level2/2010/03/05/KMRX/KMRX20100305_172111_V03.gz', 's3://unidata-nexrad-level2/2010/03/05/KOHX/KOHX20100305_172048_V03.gz']"
F,PA34,ALS UA /OV ALS260015 /TM 2248 /FL145 /TP PA34 /WX FV50SM /TA M07 /WV 19037KT /TB OCNL MOD /RM HI CI,OCNL MOD,,14500.0,37.39547443920415,-106.1714922743567,2010-03-25 22:48:00,3.0,L,"('KPUX', 'KABX', 'KGJX', 'KFTG', 'KFDX')","['s3://unidata-nexrad-level2/2010/03/25/KPUX/KPUX20100325_224132_V03.gz', 's3://unidata-nexrad-level2/2010/03/25/KABX/KABX20100325_224654_V03.gz', 's3://unidata-nexrad-level2/2010/03/25/KGJX/KGJX20100325_224601_V03.gz', 's3://unidata-nexrad-level2/2010/03/25/KFTG/KFTG20100325_223942_V03.gz', 's3://unidata-nexrad-level2/2010/03/25/KFDX/KFDX20100325_224148_V04.gz']"
T,C172,ALW UUA /OV ALW225015 /TM 1736 /FL060 /TP C172 /TB MOD-SEV 030-060,MOD-SEV 030-060,201003291745-KWBC-UBWA90-PIREP,6000.0,45.91320898577673,-118.5449156225816,2010-03-29 17:36:00,4.0,L,"('KPDT', 'KOTX', 'KCBX', 'KRTX', 'KATX')","['s3://unidata-nexrad-level2/2010/03/29/KPDT/KPDT20100329_173150_V03.gz', 's3://unidata-nexrad-level2/2010/03/29/KOTX/KOTX20100329_173456_V03.gz', 's3://unidata-nexrad-level2/2010/03/29/KCBX/KCBX20100329_173220_V04.gz', 's3://unidata-nexrad-level2/2010/03/29/KRTX/KRTX20100329_173404_V03.gz', 's3://unidata-nexrad-level2/2010/03/29/KATX/KATX20100329_173300_V03.gz']"
F,E120,EUG UA /OV EUG240020/TM 1515/FL180/TP E120/TB MOD/RM ..ZSE ..ZSE,MOD,,18000.0,43.95789983331984,-123.61415359341242,2010-03-29 15:15:00,3.0,M,"('KRTX', 'KMAX', 'KLGX', 'KBHX', 'KATX')","['s3://unidata-nexrad-level2/2010/03/29/KRTX/KRTX20100329_150959_V03.gz', 's3://unidata-nexrad-level2/2010/03/29/KMAX/KMAX20100329_151343_V03.gz', 's3://unidata-nexrad-level2/2010/03/29/KBHX/KBHX20100329_151119_V03.gz', 's3://unidata-nexrad-level2/2010/03/29/KATX/KATX20100329_151121_V03.gz']"
F,E145,IMT UA /OV IMT090020/TM 1135/FL155/TP E145/TB CONT LGT,CONT LGT,201003311145-KWBC-UBMI90-PIREP,15500.0,45.82,-87.63166272273276,2010-03-31 11:35:00,1.0,M,"('KMQT', 'KGRB', 'KAPX', 'KMKX', 'KARX')","['s3://unidata-nexrad-level2/2010/03/31/KMQT/KMQT20100331_113311_V03.gz', 's3://unidata-nexrad-level2/2010/03/31/KGRB/KGRB20100331_113126_V03.gz', 's3://unidata-nexrad-level2/2010/03/31/KAPX/KAPX20100331_112703_V03.gz', 's3://unidata-nexrad-level2/2010/03/31/KMKX/KMKX20100331_113237_V03.gz', 's3://unidata-nexrad-level2/2010/03/31/KARX/KARX20100331_113031_V03.gz']"
F,B737,CHS UA /OV CHS 100100/TM 1331/FL380/TP B737/TB CONT MOD/RM ZJX CWSU,CONT MOD,,38000.0,32.60916292802769,-78.0855042610687,2010-03-12 13:31:00,3.0,M,"('KLTX', 'KMHX', 'KCLX', 'KCAE', 'KRAX')","['s3://unidata-nexrad-level2/2010/03/12/KLTX/KLTX20100312_132708_V03.gz', 's3://unidata-nexrad-level2/2010/03/12/KMHX/KMHX20100312_132626_V03.gz', 's3://unidata-nexrad-level2/2010/03/12/KCLX/KCLX20100312_132816_V03.gz', 's3://unidata-nexrad-level2/2010/03/12/KCAE/KCAE20100312_132757_V03.gz', 's3://unidata-nexrad-level2/2010/03/12/KRAX/KRAX20100312_133013_V03.gz']"
T,A319,BKV UUA /OV PIE010030 /TM 0333 /FL350 /TP A319 /TB SEV,SEV,,35000.0,28.402443761259985,-82.58915961873998,2010-03-11 03:33:00,5.0,M,"('KTBW', 'KJAX', 'KMLB', 'KTLH', 'KVAX')","['s3://unidata-nexrad-level2/2010/03/11/KTBW/KTBW20100311_032946_V03.gz', 's3://unidata-nexrad-level2/2010/03/11/KJAX/KJAX20100311_033249_V03.gz', 's3://unidata-nexrad-level2/2010/03/11/KMLB/KMLB20100311_033250_V03.gz', 's3://unidata-nexrad-level2/2010/03/11/KTLH/KTLH20100311_032755_V03.gz']"
T,BE20,CEW UUA /OV CEW 350030/TM 1634/FL080/TP BE20/TB SEV/RM NO INJURIES ORDAMAGE. ZJX CWSU,SEV,,8000.0,31.272443761259986,-86.62106765483969,2010-03-28 16:34:00,5.0,M,"('KEVX', 'KEOX', 'KMXX', 'KMOB', 'KBMX')","['s3://unidata-nexrad-level2/2010/03/28/KEVX/KEVX20100328_162912_V04.gz', 's3://unidata-nexrad-level2/2010/03/28/KMOB/KMOB20100328_163311_V03.gz', 's3://unidata-nexrad-level2/2010/03/28/KBMX/KBMX20100328_163321_V03.gz']"
T,B752,EWR UUA /OV EWR /TM 2015 /FL030 /TP B752 /TB SEV /RM RY 4,SEV,,3000.0,40.68272,-74.16932,2010-03-13 20:15:00,5.0,M,"('KDIX', 'KOKX', 'KENX', 'KBGM', 'KDOX')","['s3://unidata-nexrad-level2/2010/03/13/KDIX/KDIX20100313_201102_V03.gz', 's3://unidata-nexrad-level2/2010/03/13/KOKX/KOKX20100313_201421_V03.gz', 's3://unidata-nexrad-level2/2010/03/13/KENX/KENX20100313_201040_V03.gz', 's3://unidata-nexrad-level2/2010/03/13/KBGM/KBGM20100313_201259_V03.gz', 's3://unidata-nexrad-level2/2010/03/13/KDOX/KDOX20100313_201233_V04.gz']"
T,C208,LBF UUA /OV LBF 062040/TM 0142/FL070/TP C208/WX SN/TA -01/TB CONTMOD-SEV/RM +SN RPRTD..CWSU ZDV,CONTMOD-SEV,,7000.0,41.434916393347,-99.88750498229145,2010-03-06 01:42:00,5.0,L,"('KLNX', 'KUEX', 'KGLD', 'KOAX', 'KDDC')","['s3://unidata-nexrad-level2/2010/03/06/KLNX/KLNX20100306_013637_V03.gz', 's3://unidata-nexrad-level2/2010/03/06/KUEX/KUEX20100306_013657_V03.gz', 's3://unidata-nexrad-level2/2010/03/06/KGLD/KGLD20100306_014033_V03.gz', 's3://unidata-nexrad-level2/2010/03/06/KOAX/KOAX20100306_013714_V03.gz', 's3://unidata-nexrad-level2/2010/03/06/KDDC/KDDC20100306_014135_V03.gz']"
T,A320,BOS UUA /OV BOS /TM 1133 /FL060 /TP A320 /TB SEV,SEV,,6000.0,42.36057,-71.00973,2010-03-14 11:33:00,5.0,M,"('KBOX', 'KGYX', 'KOKX', 'KENX', 'KCXX')","['s3://unidata-nexrad-level2/2010/03/14/KBOX/KBOX20100314_113005_V03.gz', 's3://unidata-nexrad-level2/2010/03/14/KGYX/KGYX20100314_112758_V03.gz', 's3://unidata-nexrad-level2/2010/03/14/KOKX/KOKX20100314_113224_V03.gz', 's3://unidata-nexrad-level2/2010/03/14/KENX/KENX20100314_113214_V03.gz', 's3://unidata-nexrad-level2/2010/03/14/KCXX/KCXX20100314_113100_V03.gz']"
F,DC12,INW UA /OV INW165028/TM 1847/FL130/TP DC12/TA -7/TB MOD TURB/IC LGTRIME,MOD TURB,,13000.0,34.57111810236569,-110.57503066716572,2010-03-07 18:47:00,3.0,U,"('KFSX', 'KFSX', 'KIWA', 'KEMX', 'KICX')","['s3://unidata-nexrad-level2/2010/03/07/KFSX/KFSX20100307_184625_V03.gz', 's3://unidata-nexrad-level2/2010/03/07/KFSX/KFSX20100307_184625_V03.gz', 's3://unidata-nexrad-level2/2010/03/07/KIWA/KIWA20100307_184241_V03.gz', 's3://unidata-nexrad-level2/2010/03/07/KICX/KICX20100307_184219_V03.gz']"
F,B737,ORL UA /OV ORL070060/TM 1949/FL240/TP B737/TB LGT-MOD CHOP/RM CWSUZMA,LGT-MOD CHOP,,24000.0,28.88750784698498,-80.2631223541047,2010-03-02 19:49:00,2.0,M,"('KMLB', 'KJAX', 'KTBW', 'KVAX', 'KAMX')","['s3://unidata-nexrad-level2/2010/03/02/KMLB/KMLB20100302_194536_V03.gz', 's3://unidata-nexrad-level2/2010/03/02/KJAX/KJAX20100302_194747_V03.gz', 's3://unidata-nexrad-level2/2010/03/02/KTBW/KTBW20100302_194524_V03.gz', 's3://unidata-nexrad-level2/2010/03/02/KAMX/KAMX20100302_194734_V03.gz']"
F,C172,WYS UA /OV BZN-WYS /TM 1817 /FL110 /TP C172 /TB NEG,NEG,,11000.0,45.23822445,-111.13923445,2010-03-27 18:17:00,0.0,L,"('KBLX', 'KTFX', 'KSFX', 'KMSX', 'KRIW')","['s3://unidata-nexrad-level2/2010/03/27/KBLX/KBLX20100327_181612_V03.gz', 's3://unidata-nexrad-level2/2010/03/27/KTFX/KTFX20100327_181348_V03.gz', 's3://unidata-nexrad-level2/2010/03/27/KSFX/KSFX20100327_180929_V03.gz', 's3://unidata-nexrad-level2/2010/03/27/KMSX/KMSX20100327_181005_V04.gz', 's3://unidata-nexrad-level2/2010/03/27/KRIW/KRIW20100327_181611_V03.gz']"
T,B738,COF UUA /OV MLB050015 /TM 1538 /FL190 /TP B738 /TB SEV,SEV,,19000.0,28.263459918883747,-80.42813529909705,2010-03-11 15:38:00,5.0,M,"('KMLB', 'KTBW', 'KJAX', 'KAMX', 'KAMX')","['s3://unidata-nexrad-level2/2010/03/11/KMLB/KMLB20100311_153654_V03.gz', 's3://unidata-nexrad-level2/2010/03/11/KTBW/KTBW20100311_153639_V03.gz', 's3://unidata-nexrad-level2/2010/03/11/KJAX/KJAX20100311_153629_V03.gz', 's3://unidata-nexrad-level2/2010/03/11/KAMX/KAMX20100311_153459_V03.gz', 's3://unidata-nexrad-level2/2010/03/11/KAMX/KAMX20100311_153459_V03.gz']"
F,C182,UUA /OV CYBW 180020 /TM 1615 /FL070 /TP C182 /TB SEV 060-070,SEV 060-070,,7000.0,50.76969966663967,-114.37444,2010-03-28 16:15:00,5.0,L,"('KMSX', 'KTFX', 'KOTX', 'KPDT', 'KCBX')","['s3://unidata-nexrad-level2/2010/03/28/KMSX/KMSX20100328_160726_V04.gz', 's3://unidata-nexrad-level2/2010/03/28/KTFX/KTFX20100328_161216_V03.gz', 's3://unidata-nexrad-level2/2010/03/28/KOTX/KOTX20100328_161423_V03.gz', 's3://unidata-nexrad-level2/2010/03/28/KPDT/KPDT20100328_161301_V03.gz', 's3://unidata-nexrad-level2/2010/03/28/KCBX/KCBX20100328_161214_V04.gz']"
F,LJ45,GEG UA /OV GEG140030/TM 1857/FL001/TP LJ45/TA UNKN/TB MOD 001-200/ICMOD RIME/RM DURC ..ZSE ..ZSE,MOD 001-200,,100.0,47.23854675360954,-117.051132911746,2010-03-29 18:57:00,3.0,M,"('KOTX', 'KPDT', 'KMSX', 'KCBX', 'KATX')","['s3://unidata-nexrad-level2/2010/03/29/KOTX/KOTX20100329_185554_V03.gz', 's3://unidata-nexrad-level2/2010/03/29/KPDT/KPDT20100329_185259_V03.gz', 's3://unidata-nexrad-level2/2010/03/29/KMSX/KMSX20100329_185309_V04.gz', 's3://unidata-nexrad-level2/2010/03/29/KCBX/KCBX20100329_185559_V04.gz', 's3://unidata-nexrad-level2/2010/03/29/KATX/KATX20100329_185602_V03.gz']"
F,B737,BOI UA /OV BOI280050/TM 0003/FL250/TP B737/TB MOD 250-190/ZLC,MOD 250-190,,25000.0,43.71138853598616,-117.37328190904192,2010-03-11 00:03:00,3.0,M,"('KCBX', 'KPDT', 'KLRX', 'KSFX', 'KOTX')","['s3://unidata-nexrad-level2/2010/03/10/KCBX/KCBX20100310_235337_V03.gz', 's3://unidata-nexrad-level2/2010/03/11/KPDT/KPDT20100311_000045_V03.gz', 's3://unidata-nexrad-level2/2010/03/11/KLRX/KLRX20100311_000125_V03.gz', 's3://unidata-nexrad-level2/2010/03/11/KSFX/KSFX20100311_000030_V03.gz', 's3://unidata-nexrad-level2/2010/03/10/KOTX/KOTX20100310_235840_V03.gz']"
T,B752,CAR UUA /OV CAR /TM 2149 /FL360 /TP B752 /TB SEV /RM +/- 400FT +/-30KTS,SEV,,36000.0,46.87,-68.02,2010-03-25 21:49:00,5.0,M,"('KCBW', 'KGYX', 'KCXX', 'KBOX', 'KENX')","['s3://unidata-nexrad-level2/2010/03/25/KCBW/KCBW20100325_214406_V03.gz', 's3://unidata-nexrad-level2/2010/03/25/KGYX/KGYX20100325_214328_V03.gz', 's3://unidata-nexrad-level2/2010/03/25/KCXX/KCXX20100325_214457_V03.gz', 's3://unidata-nexrad-level2/2010/03/25/KBOX/KBOX20100325_214645_V03.gz', 's3://unidata-nexrad-level2/2010/03/25/KENX/KENX20100325_214843_V03.gz']"
F,B737,TWF UA /OV TWF140018/TM 1952/FL350/TP B737/TB MOD/ZLC,MOD,,35000.0,42.251978052165725,-114.22625298114802,2010-03-14 19:52:00,3.0,M,"('KSFX', 'KMTX', 'KCBX', 'KLRX', 'KMSX')","['s3://unidata-nexrad-level2/2010/03/14/KSFX/KSFX20100314_195019_V03.gz', 's3://unidata-nexrad-level2/2010/03/14/KMTX/KMTX20100314_194819_V03.gz', 's3://unidata-nexrad-level2/2010/03/14/KCBX/KCBX20100314_195125_V03.gz', 's3://unidata-nexrad-level2/2010/03/14/KLRX/KLRX20100314_194737_V03.gz', 's3://unidata-nexrad-level2/2010/03/14/KMSX/KMSX20100314_194755_V04.gz']"
F,DH8D,CLE UA /OV CTW180020/TM 0122/FL180/TP DH8D/TB MOD BLO 180 ABV 130/RMWORST ALT 200 200 FT DEV CMH ARRIVAL,MOD BLO 180 ABV 130,,18000.0,39.89663966663967,-81.48,2010-03-23 01:22:00,3.0,M,"('KPBZ', 'KCLE', 'KRLX', 'KILN', 'KJKL')","['s3://unidata-nexrad-level2/2010/03/23/KPBZ/KPBZ20100323_011816_V03.gz', 's3://unidata-nexrad-level2/2010/03/23/KCLE/KCLE20100323_011746_V03.gz', 's3://unidata-nexrad-level2/2010/03/23/KRLX/KRLX20100323_011916_V04.gz', 's3://unidata-nexrad-level2/2010/03/23/KILN/KILN20100323_012000_V03.gz', 's3://unidata-nexrad-level2/2010/03/23/KJKL/KJKL20100323_012051_V03.gz']"
F,C402,SCH UA /OV ALB-ALB300010 /TM 1810 /FL045 /TP C402 /TB LGT-MOD 000-045 /RM DURC,LGT-MOD 000-045,201003261825-KWBC-UBNY90-PIREP,4500.0,42.87,-73.97,2010-03-26 18:10:00,2.0,L,"('KENX', 'KTYX', 'KBGM', 'KCXX', 'KOKX')","['s3://unidata-nexrad-level2/2010/03/26/KENX/KENX20100326_180048_V03.gz', 's3://unidata-nexrad-level2/2010/03/26/KTYX/KTYX20100326_180244_V04.gz', 's3://unidata-nexrad-level2/2010/03/26/KBGM/KBGM20100326_180408_V03.gz', 's3://unidata-nexrad-level2/2010/03/26/KCXX/KCXX20100326_180043_V03.gz', 's3://unidata-nexrad-level2/2010/03/26/KOKX/KOKX20100326_180815_V03.gz']"
T,C180,TSP UUA /OV TSP180010 /TM 1650 /FL075 /TP C180 /TB SEV,SEV,201003261720-KWBC-UBCA91-PIREP,7500.0,35.083319833319834,-118.33,2010-03-26 16:50:00,5.0,L,"('KEYX', 'KVTX', 'KSOX', 'KHNX', 'KVBX')","['s3://unidata-nexrad-level2/2010/03/26/KVTX/KVTX20100326_164903_V03.gz', 's3://unidata-nexrad-level2/2010/03/26/KSOX/KSOX20100326_164057_V03.gz', 's3://unidata-nexrad-level2/2010/03/26/KHNX/KHNX20100326_164422_V03.gz']"
T,SR22,7R3 UUA /OV TBD330020 /TM 2234 /FL020 /TP SR22 /TB EXTRM,EXTRM,,2000.0,29.9486985173041,-91.02181189913652,2010-03-01 22:34:00,7.0,L,"('KHDC', 'KLIX', 'KLCH', 'KPOE', 'KDGX')","['s3://unidata-nexrad-level2/2010/03/01/KLIX/KLIX20100301_222859_V03.gz', 's3://unidata-nexrad-level2/2010/03/01/KLCH/KLCH20100301_222949_V03.gz', 's3://unidata-nexrad-level2/2010/03/01/KDGX/KDGX20100301_223134_V03.gz']"
T,PA24,GDP UUA /OV CNM-SFL330030 /TM 2326 /FL080 /TP PA24 /WX +RA /TB MOD-SEV,MOD-SEV,201003232300-KMSC-UBUS01-PIREP,8000.0,31.83,-104.8,2010-03-23 23:26:00,4.0,L,"('KEPZ', 'KHDX', 'KMAF', 'KFDX', 'KLBB')","['s3://unidata-nexrad-level2/2010/03/23/KEPZ/KEPZ20100323_232256_V03.gz', 's3://unidata-nexrad-level2/2010/03/23/KHDX/KHDX20100323_232102_V04.gz', 's3://unidata-nexrad-level2/2010/03/23/KMAF/KMAF20100323_232232_V03.gz', 's3://unidata-nexrad-level2/2010/03/23/KFDX/KFDX20100323_232309_V04.gz', 's3://unidata-nexrad-level2/2010/03/23/KLBB/KLBB20100323_231901_V03.gz']"
T,BE58,RSW UUA /OV LBV /TM 1629 /FL090 /TP BE58 /TB SEV,SEV,,9000.0,26.83,-81.39,2010-03-11 16:29:00,5.0,L,"('KTBW', 'KMLB', 'KAMX', 'KAMX', 'KBYX')","['s3://unidata-nexrad-level2/2010/03/11/KTBW/KTBW20100311_162722_V03.gz', 's3://unidata-nexrad-level2/2010/03/11/KMLB/KMLB20100311_162847_V03.gz', 's3://unidata-nexrad-level2/2010/03/11/KAMX/KAMX20100311_162802_V03.gz', 's3://unidata-nexrad-level2/2010/03/11/KAMX/KAMX20100311_162802_V03.gz', 's3://unidata-nexrad-level2/2010/03/11/KBYX/KBYX20100311_162528_V03.gz']"
F,B772,HNL UA /OV CKH045013 /TM 0344 /FL130 /TP B772 /TB NEG,NEG,,13000.0,21.423218878993502,-157.53558112029776,2010-03-01 03:44:00,0.0,H,"('PHMO', 'PHKI', 'PHKM', 'PHWA', 'PAKC')","['s3://unidata-nexrad-level2/2010/03/01/PHMO/PHMO20100301_034255_V04.gz', 's3://unidata-nexrad-level2/2010/03/01/PHKI/PHKI20100301_034236_V04.gz', 's3://unidata-nexrad-level2/2010/03/01/PHKM/PHKM20100301_034322_V04.gz', 's3://unidata-nexrad-level2/2010/03/01/PHWA/PHWA20100301_034303_V04.gz']"
F,C182,FAM UA /OV FAM 310030/TM 1905/FL050/TP C182/G/SK OVCUNKN-TOP050/TAM04/TB NEG/IC TRACE RIME 030-050/RM CWSU ZKC.,NEG,,5000.0,38.08244983776749,-90.9131368883031,2010-03-01 19:05:00,0.0,L,"('KLSX', 'KPAH', 'KSGF', 'KILX', 'KNQA')","['s3://unidata-nexrad-level2/2010/03/01/KLSX/KLSX20100301_190356_V03.gz', 's3://unidata-nexrad-level2/2010/03/01/KPAH/KPAH20100301_190216_V03.gz', 's3://unidata-nexrad-level2/2010/03/01/KSGF/KSGF20100301_190042_V03.gz', 's3://unidata-nexrad-level2/2010/03/01/KILX/KILX20100301_185658_V03.gz', 's3://unidata-nexrad-level2/2010/03/01/KNQA/KNQA20100301_185636_V03.gz']"
T,PAY3,MCK UUA /OV HCT 350010/TM 2305/FL270/TP PAY3/TB SEV/RM CWSU ZDV,SEV,201003052315-KWBC-UBNE91-PIREP,27000.0,40.61414792042,-100.95803515895707,2010-03-05 23:05:00,5.0,L,"('KGLD', 'KLNX', 'KUEX', 'KFTG', 'KDDC')","['s3://unidata-nexrad-level2/2010/03/05/KGLD/KGLD20100305_230345_V03.gz', 's3://unidata-nexrad-level2/2010/03/05/KLNX/KLNX20100305_230446_V03.gz', 's3://unidata-nexrad-level2/2010/03/05/KUEX/KUEX20100305_230155_V03.gz', 's3://unidata-nexrad-level2/2010/03/05/KFTG/KFTG20100305_225710_V03.gz', 's3://unidata-nexrad-level2/2010/03/05/KDDC/KDDC20100305_230133_V03.gz']"
T,B737,ADM UUA /OV ADM/TM 2124/FL290/TP B737/TB SEV 290-310/RM AWC-WEB:KZFW,SEV 290-310,,29000.0,34.3032,-97.0195,2010-03-24 21:24:00,5.0,M,"('KTLX', 'KOUN', 'KFDR', 'KINX', 'KFWS')","['s3://unidata-nexrad-level2/2010/03/24/KTLX/KTLX20100324_212158_V03.gz', 's3://unidata-nexrad-level2/2010/03/24/KFDR/KFDR20100324_211926_V03.gz', 's3://unidata-nexrad-level2/2010/03/24/KINX/KINX20100324_212043_V03.gz', 's3://unidata-nexrad-level2/2010/03/24/KFWS/KFWS20100324_212154_V03.gz']"
T,LJ35,MIA UUA /OV ZBV 360028/TM 1919/FL130/TP LJ35/TB SEV/RM CWSU ZMA,SEV,201003121935-KWBC-UBFL90-PIREP,13000.0,26.13670446670447,-79.3,2010-03-12 19:19:00,5.0,M,"('KAMX', 'KAMX', 'KMLB', 'KBYX', 'KTBW')","['s3://unidata-nexrad-level2/2010/03/12/KAMX/KAMX20100312_191645_V03.gz', 's3://unidata-nexrad-level2/2010/03/12/KAMX/KAMX20100312_191645_V03.gz', 's3://unidata-nexrad-level2/2010/03/12/KMLB/KMLB20100312_191837_V03.gz', 's3://unidata-nexrad-level2/2010/03/12/KBYX/KBYX20100312_191536_V03.gz', 's3://unidata-nexrad-level2/2010/03/12/KTBW/KTBW20100312_191558_V03.gz']"
F,C172,FSE UA /OV BJI279023 /TM 1712 /FL065 /TP C172 /TB MOD,MOD,201003221700-KMSC-UBUS01-PIREP,6500.0,47.63997140222708,-95.58132066311865,2010-03-22 17:12:00,3.0,L,"('KMVX', 'KDLH', 'KABR', 'KMPX', 'KFSD')","['s3://unidata-nexrad-level2/2010/03/22/KMVX/KMVX20100322_170755_V03.gz', 's3://unidata-nexrad-level2/2010/03/22/KDLH/KDLH20100322_170701_V03.gz', 's3://unidata-nexrad-level2/2010/03/22/KABR/KABR20100322_170842_V03.gz', 's3://unidata-nexrad-level2/2010/03/22/KMPX/KMPX20100322_171110_V03.gz', 's3://unidata-nexrad-level2/2010/03/22/KFSD/KFSD20100322_170805_V03.gz']"
T,P28A,PMD UUA /OV PMD233015 /TM 1626 /FL085 /TP P28A /TB SEV,SEV,,8500.0,34.47892405744558,-118.32721423675956,2010-03-27 16:26:00,5.0,L,"('KVTX', 'KSOX', 'KEYX', 'KVBX', 'KNKX')","['s3://unidata-nexrad-level2/2010/03/27/KVTX/KVTX20100327_161912_V03.gz', 's3://unidata-nexrad-level2/2010/03/27/KSOX/KSOX20100327_162021_V03.gz', 's3://unidata-nexrad-level2/2010/03/27/KNKX/KNKX20100327_162344_V03.gz']"
F,C206,ERI UA /OV ERI220015 /TM 1713 /FL080 /TP C206 /WX FV25SM /TA 07 /WV 32013KT /TB NEG /RM VFR /NW BND,NEG,,8000.0,41.88847337680477,-80.3965289582702,2010-03-31 17:13:00,0.0,L,"('KCLE', 'KPBZ', 'KBUF', 'KCCX', 'KDTX')","['s3://unidata-nexrad-level2/2010/03/31/KCLE/KCLE20100331_170722_V03.gz', 's3://unidata-nexrad-level2/2010/03/31/KPBZ/KPBZ20100331_170910_V03.gz', 's3://unidata-nexrad-level2/2010/03/31/KBUF/KBUF20100331_170809_V03.gz', 's3://unidata-nexrad-level2/2010/03/31/KCCX/KCCX20100331_171247_V03.gz', 's3://unidata-nexrad-level2/2010/03/31/KDTX/KDTX20100331_170811_V03.gz']"
F,CRJ2,BMG UA /OV OOM/TM 1947/FL230/TP CRJ2/TB LGT CHOP,LGT CHOP,,23000.0,39.14,-86.61,2010-03-25 19:47:00,1.0,M,"('KIND', 'KVWX', 'KLVX', 'KILN', 'KIWX')","['s3://unidata-nexrad-level2/2010/03/25/KIND/KIND20100325_194340_V03.gz', 's3://unidata-nexrad-level2/2010/03/25/KVWX/KVWX20100325_194410_V03.gz', 's3://unidata-nexrad-level2/2010/03/25/KLVX/KLVX20100325_194612_V03.gz', 's3://unidata-nexrad-level2/2010/03/25/KILN/KILN20100325_194517_V03.gz', 's3://unidata-nexrad-level2/2010/03/25/KIWX/KIWX20100325_194538_V03.gz']"
T,E145,ILG UUA /OV DQO240025/TM 2006/FL250/TP E145/TB SEV,SEV,201003292015-KWBC-UBDE90-PIREP,25000.0,39.47164979164979,-76.07889631723943,2010-03-29 20:06:00,5.0,M,"('KDOX', 'KLWX', 'KDIX', 'KCCX', 'KAKQ')","['s3://unidata-nexrad-level2/2010/03/29/KDOX/KDOX20100329_200407_V04.gz', 's3://unidata-nexrad-level2/2010/03/29/KLWX/KLWX20100329_200109_V03.gz', 's3://unidata-nexrad-level2/2010/03/29/KDIX/KDIX20100329_200346_V03.gz', 's3://unidata-nexrad-level2/2010/03/29/KCCX/KCCX20100329_200153_V03.gz', 's3://unidata-nexrad-level2/2010/03/29/KAKQ/KAKQ20100329_200312_V03.gz']"
F,SR20,RNP UA /OV LAN030025 /TM 1959 /FL045 /TP SR20 /WX FV10SM /TA 03 /WV 08040KT /TB LGT CHOP /RM SMOOTH RIDE 055 /WV 09025 FL055,LGT CHOP,201003222000-KMSC-UBUS01-PIREP,4500.0,43.08087314663012,-84.41640602123847,2010-03-22 19:59:00,1.0,L,"('KDTX', 'KGRR', 'KAPX', 'KIWX', 'KCLE')","['s3://unidata-nexrad-level2/2010/03/22/KDTX/KDTX20100322_195834_V03.gz', 's3://unidata-nexrad-level2/2010/03/22/KGRR/KGRR20100322_195118_V04.gz', 's3://unidata-nexrad-level2/2010/03/22/KAPX/KAPX20100322_195249_V03.gz', 's3://unidata-nexrad-level2/2010/03/22/KIWX/KIWX20100322_195856_V03.gz', 's3://unidata-nexrad-level2/2010/03/22/KCLE/KCLE20100322_195730_V03.gz']"
F,C56X,AND UA /OV IRQ 140020/TM 2222/FL280/TP C56X/TB SEV CHOP/RM CWSU ZJX,SEV CHOP,201003122300-KMSC-UBUS01-PIREP,28000.0,33.454631169073025,-81.90240786327567,2010-03-12 22:22:00,5.0,M,"('KCLX', 'KCAE', 'KJGX', 'KGSP', 'KFFC')","['s3://unidata-nexrad-level2/2010/03/12/KCLX/KCLX20100312_221756_V03.gz', 's3://unidata-nexrad-level2/2010/03/12/KCAE/KCAE20100312_221854_V03.gz', 's3://unidata-nexrad-level2/2010/03/12/KJGX/KJGX20100312_222014_V04.gz', 's3://unidata-nexrad-level2/2010/03/12/KGSP/KGSP20100312_221941_V03.gz', 's3://unidata-nexrad-level2/2010/03/12/KFFC/KFFC20100312_222130_V03.gz']"
F,C172,DXR UA /OV CMK190002 /TM 1345 /FL070 /TP C172 /WX FV99SM /WV 07030KT /TB LGT BLO 030 /RM SMOOTH,LGT BLO 030,201003161355-KWBC-UBCT90-PIREP,7000.0,41.247170415916,-73.58770297275214,2010-03-16 13:45:00,1.0,L,"('KOKX', 'KENX', 'KDIX', 'KBOX', 'KBGM')","['s3://unidata-nexrad-level2/2010/03/16/KOKX/KOKX20100316_134208_V03.gz', 's3://unidata-nexrad-level2/2010/03/16/KENX/KENX20100316_134123_V03.gz', 's3://unidata-nexrad-level2/2010/03/16/KDIX/KDIX20100316_133902_V03.gz', 's3://unidata-nexrad-level2/2010/03/16/KBOX/KBOX20100316_133624_V03.gz', 's3://unidata-nexrad-level2/2010/03/16/KBGM/KBGM20100316_133827_V03.gz']"
T,A320,APF UUA /OV RSW220025 /TM 1718 /FL030 /TP A320 /WX RA /TB SEV,SEV,201003121730-KWBC-UBFL91-PIREP,3000.0,26.210788961341283,-82.0793737365552,2010-03-12 17:18:00,5.0,M,"('KTBW', 'KAMX', 'KAMX', 'KBYX', 'KMLB')","['s3://unidata-nexrad-level2/2010/03/12/KTBW/KTBW20100312_171625_V03.gz', 's3://unidata-nexrad-level2/2010/03/12/KAMX/KAMX20100312_171627_V03.gz', 's3://unidata-nexrad-level2/2010/03/12/KAMX/KAMX20100312_171627_V03.gz', 's3://unidata-nexrad-level2/2010/03/12/KBYX/KBYX20100312_171730_V03.gz', 's3://unidata-nexrad-level2/2010/03/12/KMLB/KMLB20100312_171743_V03.gz']"
F,B738,MSP UA /OV MSP/TM 1449/FL400/TP B738/SK SKC/TA M50/WV 338024KT/TB NEG/RM AWC-WEB:ASA,NEG,201003021457-KKCI-UBUS31-PIREP,40000.0,44.87,-93.24,2010-03-02 14:49:00,0.0,M,"('KMPX', 'KARX', 'KDLH', 'KFSD', 'KDMX')","['s3://unidata-nexrad-level2/2010/03/02/KMPX/KMPX20100302_144856_V03.gz', 's3://unidata-nexrad-level2/2010/03/02/KARX/KARX20100302_144442_V03.gz', 's3://unidata-nexrad-level2/2010/03/02/KDLH/KDLH20100302_144654_V03.gz', 's3://unidata-nexrad-level2/2010/03/02/KFSD/KFSD20100302_143942_V03.gz', 's3://unidata-nexrad-level2/2010/03/02/KDMX/KDMX20100302_144839_V03.gz']"
F,B738,GEG UA /OV GEG120050/TM 2138/FL350/TP B738/TB CONT LGT OCNL MODCHOP/RM ..ZSE,CONT LGT OCNL MODCHOP,,35000.0,47.20489958329959,-116.45719785002784,2010-03-01 21:38:00,1.0,M,"('KOTX', 'KPDT', 'KMSX', 'KTFX', 'KCBX')","['s3://unidata-nexrad-level2/2010/03/01/KOTX/KOTX20100301_213621_V03.gz', 's3://unidata-nexrad-level2/2010/03/01/KPDT/KPDT20100301_213218_V03.gz', 's3://unidata-nexrad-level2/2010/03/01/KMSX/KMSX20100301_213226_V04.gz', 's3://unidata-nexrad-level2/2010/03/01/KTFX/KTFX20100301_213039_V03.gz', 's3://unidata-nexrad-level2/2010/03/01/KCBX/KCBX20100301_213210_V03.gz']"
T,B753,XMR UUA /OV MLB060025 /TM 2240 /FL230 /TP B753 /TB SEV,SEV,,23000.0,28.311100208350208,-80.23615513134631,2010-03-02 22:40:00,5.0,M,"('KMLB', 'KTBW', 'KJAX', 'KAMX', 'KAMX')","['s3://unidata-nexrad-level2/2010/03/02/KMLB/KMLB20100302_223745_V03.gz', 's3://unidata-nexrad-level2/2010/03/02/KTBW/KTBW20100302_223033_V03.gz', 's3://unidata-nexrad-level2/2010/03/02/KJAX/KJAX20100302_223729_V03.gz', 's3://unidata-nexrad-level2/2010/03/02/KAMX/KAMX20100302_223704_V03.gz', 's3://unidata-nexrad-level2/2010/03/02/KAMX/KAMX20100302_223704_V03.gz']"
T,A320,EWR UUA /OV EWR/TM 1735/FL030/TP A320/TB SEV/RM ALSO REPORTED BY AB757 AND A B737,SEV,,3000.0,40.68272,-74.16932,2010-03-13 17:35:00,5.0,M,"('KDIX', 'KOKX', 'KENX', 'KBGM', 'KDOX')","['s3://unidata-nexrad-level2/2010/03/13/KDIX/KDIX20100313_172936_V03.gz', 's3://unidata-nexrad-level2/2010/03/13/KOKX/KOKX20100313_173159_V03.gz', 's3://unidata-nexrad-level2/2010/03/13/KENX/KENX20100313_173320_V03.gz', 's3://unidata-nexrad-level2/2010/03/13/KBGM/KBGM20100313_173111_V03.gz', 's3://unidata-nexrad-level2/2010/03/13/KDOX/KDOX20100313_172945_V04.gz']"
T,H25B,MCN UUA /OV MCN250020/TM 2138/FL330/TP H25B/TB SEV/RM ZTL CWSU,SEV,,33000.0,32.578834051005,-84.0214347654423,2010-03-07 21:38:00,5.0,M,"('KJGX', 'KFFC', 'KMXX', 'KVAX', 'KTLH')","['s3://unidata-nexrad-level2/2010/03/07/KJGX/KJGX20100307_213352_V04.gz', 's3://unidata-nexrad-level2/2010/03/07/KFFC/KFFC20100307_213242_V03.gz', 's3://unidata-nexrad-level2/2010/03/07/KTLH/KTLH20100307_213023_V03.gz']"
F,AC68,ORH UA /OV ORH225010 /TM 1935 /FL080 /TP AC68 /TB LGT,LGT,,8000.0,42.149479323851146,-72.03497803985333,2010-03-11 19:35:00,1.0,L,"('KBOX', 'KOKX', 'KENX', 'KGYX', 'KCXX')","['s3://unidata-nexrad-level2/2010/03/11/KBOX/KBOX20100311_193028_V03.gz', 's3://unidata-nexrad-level2/2010/03/11/KOKX/KOKX20100311_192959_V03.gz', 's3://unidata-nexrad-level2/2010/03/11/KENX/KENX20100311_193430_V03.gz', 's3://unidata-nexrad-level2/2010/03/11/KGYX/KGYX20100311_193353_V03.gz', 's3://unidata-nexrad-level2/2010/03/11/KCXX/KCXX20100311_192930_V03.gz']"
F,B737,BDL UA /OV BDL360005 /TM 1217 /FL100 /TP B737 /SK OVC012 /TB NEG /RM DURC NO TOP REPORTED,NEG,201003301230-KWBC-UBCT90-PIREP,10000.0,42.02334008334008,-72.69,2010-03-30 12:17:00,0.0,M,"('KBOX', 'KENX', 'KOKX', 'KDIX', 'KCXX')","['s3://unidata-nexrad-level2/2010/03/30/KBOX/KBOX20100330_121337_V03.gz', 's3://unidata-nexrad-level2/2010/03/30/KENX/KENX20100330_121453_V03.gz', 's3://unidata-nexrad-level2/2010/03/30/KOKX/KOKX20100330_121421_V03.gz', 's3://unidata-nexrad-level2/2010/03/30/KDIX/KDIX20100330_121218_V03.gz', 's3://unidata-nexrad-level2/2010/03/30/KCXX/KCXX20100330_121315_V03.gz']"
F,A310,MIA UA /OV KASAR/TM 1345/FL370/TP A310/TB SEV,SEV,201003221355-KWBC-UBFL90-PIREP,37000.0,25.8,-80.28,2010-03-22 13:45:00,5.0,H,"('KAMX', 'KAMX', 'KBYX', 'KMLB', 'KTBW')","['s3://unidata-nexrad-level2/2010/03/22/KAMX/KAMX20100322_133910_V03.gz', 's3://unidata-nexrad-level2/2010/03/22/KAMX/KAMX20100322_133910_V03.gz', 's3://unidata-nexrad-level2/2010/03/22/KBYX/KBYX20100322_134455_V03.gz', 's3://unidata-nexrad-level2/2010/03/22/KMLB/KMLB20100322_134202_V03.gz', 's3://unidata-nexrad-level2/2010/03/22/KTBW/KTBW20100322_134228_V03.gz']"
T,PA34,SRR UUA /OV SRR090015 /TM 1645 /FL100 /TP PA34 /TB EXTRM,EXTRM,,10000.0,33.46285,-105.235053035142,2010-03-26 16:45:00,7.0,L,"('KHDX', 'KFDX', 'KEPZ', 'KABX', 'KMAF')","['s3://unidata-nexrad-level2/2010/03/26/KHDX/KHDX20100326_164340_V04.gz', 's3://unidata-nexrad-level2/2010/03/26/KFDX/KFDX20100326_164326_V04.gz', 's3://unidata-nexrad-level2/2010/03/26/KEPZ/KEPZ20100326_164033_V03.gz', 's3://unidata-nexrad-level2/2010/03/26/KABX/KABX20100326_163849_V03.gz', 's3://unidata-nexrad-level2/2010/03/26/KMAF/KMAF20100326_164040_V03.gz']"
T,E145,CLL UUA /OV LOA360020/TM 1724/FL290/TP E145/TB SEV/RM FL290-FL300 AWC-WEB:KZFW,SEV,,29000.0,31.453360333360333,-95.97,2010-03-08 17:24:00,5.0,M,"('KGRK', 'KFWS', 'KPOE', 'KSHV', 'KHGX')","['s3://unidata-nexrad-level2/2010/03/08/KGRK/KGRK20100308_172011_V03.gz', 's3://unidata-nexrad-level2/2010/03/08/KFWS/KFWS20100308_172149_V03.gz', 's3://unidata-nexrad-level2/2010/03/08/KSHV/KSHV20100308_172311_V03.gz', 's3://unidata-nexrad-level2/2010/03/08/KHGX/KHGX20100308_172141_V03.gz']"
F,P28A,T82 UA /OV T82360003 /TM 1649 /FL045 /TP P28A /SK SKC /WX FV99SM /WV 19660KT /TB LGT-MOD CHOP,LGT-MOD CHOP,,4500.0,30.293254050004048,-98.90919,2010-03-23 16:49:00,2.0,L,"('KEWX', 'KGRK', 'KDFX', 'KSJT', 'KDYX')","['s3://unidata-nexrad-level2/2010/03/23/KEWX/KEWX20100323_164342_V03.gz', 's3://unidata-nexrad-level2/2010/03/23/KGRK/KGRK20100323_164701_V03.gz', 's3://unidata-nexrad-level2/2010/03/23/KDFX/KDFX20100323_164829_V04.gz', 's3://unidata-nexrad-level2/2010/03/23/KDYX/KDYX20100323_164545_V03.gz']"
T,C560,BJC UUA /OV BJC315020 /TM 1320 /FL130 /TP C560 /TB OCNL SEV 130-110,OCNL SEV 130-110,201003301300-KMSC-UBUS01-PIREP,13000.0,40.1457213522977,-105.44730770249627,2010-03-30 13:20:00,5.0,M,"('KFTG', 'KCYS', 'KPUX', 'KGJX', 'KGLD')","['s3://unidata-nexrad-level2/2010/03/30/KFTG/KFTG20100330_131631_V03.gz', 's3://unidata-nexrad-level2/2010/03/30/KCYS/KCYS20100330_131950_V03.gz', 's3://unidata-nexrad-level2/2010/03/30/KPUX/KPUX20100330_131556_V03.gz', 's3://unidata-nexrad-level2/2010/03/30/KGJX/KGJX20100330_131715_V03.gz', 's3://unidata-nexrad-level2/2010/03/30/KGLD/KGLD20100330_131322_V03.gz']"
T,LJ60,MYGF UUA /OV MLB080215/TM 2322/FL320/TP LJ60/TB SEV/RM DIFFICULT TIMEHOLDING ALTITUDE. CWSU ZMA,SEV,,32000.0,28.72503970474047,-76.64439473174394,2010-03-28 23:22:00,5.0,M,"('KMLB', 'KAMX', 'KAMX', 'KJAX', 'KLTX')","['s3://unidata-nexrad-level2/2010/03/28/KMLB/KMLB20100328_232030_V03.gz', 's3://unidata-nexrad-level2/2010/03/28/KAMX/KAMX20100328_231747_V03.gz', 's3://unidata-nexrad-level2/2010/03/28/KAMX/KAMX20100328_231747_V03.gz', 's3://unidata-nexrad-level2/2010/03/28/KJAX/KJAX20100328_232154_V03.gz', 's3://unidata-nexrad-level2/2010/03/28/KLTX/KLTX20100328_232132_V03.gz']"
F,DC9Q,JYO UA /OV AML270015 /TM 1654 /FL110 /TP DC9Q /TB MOD 090-110,MOD 090-110,,11000.0,38.93,-77.79139821690787,2010-03-13 16:54:00,3.0,M,"('KLWX', 'KDOX', 'KCCX', 'KAKQ', 'KPBZ')","['s3://unidata-nexrad-level2/2010/03/13/KLWX/KLWX20100313_165145_V03.gz', 's3://unidata-nexrad-level2/2010/03/13/KDOX/KDOX20100313_165028_V04.gz', 's3://unidata-nexrad-level2/2010/03/13/KCCX/KCCX20100313_165033_V03.gz', 's3://unidata-nexrad-level2/2010/03/13/KAKQ/KAKQ20100313_164856_V03.gz', 's3://unidata-nexrad-level2/2010/03/13/KPBZ/KPBZ20100313_165229_V03.gz']"
F,PA31,ACK UA /OV ACK315005 /TM 1700 /FL030 /TP PA31 /SK OVC-TOP028 /TB CONT MOD 000-005/NEG 030 /RM DURC,CONT MOD 000-005,,3000.0,41.312040338074425,-70.13869523966633,2010-03-14 17:00:00,3.0,L,"('KBOX', 'KOKX', 'KGYX', 'KENX', 'KCXX')","['s3://unidata-nexrad-level2/2010/03/14/KBOX/KBOX20100314_165845_V03.gz', 's3://unidata-nexrad-level2/2010/03/14/KOKX/KOKX20100314_165622_V03.gz', 's3://unidata-nexrad-level2/2010/03/14/KGYX/KGYX20100314_165815_V03.gz', 's3://unidata-nexrad-level2/2010/03/14/KENX/KENX20100314_165739_V03.gz', 's3://unidata-nexrad-level2/2010/03/14/KCXX/KCXX20100314_165951_V03.gz']"
T,CL30,RIC UUA /OV RIC/TM 1337/FL230/TP CL30/TB SEV CHOP 230/RM SEVERE CHOP,SEV CHOP 230,201003291350-KWBC-UBVA91-PIREP,23000.0,37.5,-77.32,2010-03-29 13:37:00,5.0,U,"('KAKQ', 'KDOX', 'KLWX', 'KRAX', 'KFCX')","['s3://unidata-nexrad-level2/2010/03/29/KAKQ/KAKQ20100329_133431_V03.gz', 's3://unidata-nexrad-level2/2010/03/29/KDOX/KDOX20100329_133205_V04.gz', 's3://unidata-nexrad-level2/2010/03/29/KLWX/KLWX20100329_133617_V03.gz', 's3://unidata-nexrad-level2/2010/03/29/KRAX/KRAX20100329_133450_V03.gz', 's3://unidata-nexrad-level2/2010/03/29/KFCX/KFCX20100329_133437_V03.gz']"
T,C172,MDT UUA /OV MDT045007 /TM 1302 /FL045 /TP C172 /TB SEV,SEV,,4500.0,40.2761124733042,-76.65532381009137,2010-03-25 13:02:00,5.0,L,"('KCCX', 'KLWX', 'KDOX', 'KDIX', 'KBGM')","['s3://unidata-nexrad-level2/2010/03/25/KCCX/KCCX20100325_125423_V03.gz', 's3://unidata-nexrad-level2/2010/03/25/KLWX/KLWX20100325_130151_V03.gz', 's3://unidata-nexrad-level2/2010/03/25/KDOX/KDOX20100325_125317_V04.gz', 's3://unidata-nexrad-level2/2010/03/25/KDIX/KDIX20100325_125749_V03.gz', 's3://unidata-nexrad-level2/2010/03/25/KBGM/KBGM20100325_125446_V03.gz']"
T,B737,EWR UUA /OV EWR /TM 2115 /FL020 /TP B737 /TB SEV /RM DURD RWY 4R 020 BLW,SEV,201003132130-KWBC-UBNJ90-PIREP,2000.0,40.7,-74.17,2010-03-13 21:15:00,5.0,M,"('KDIX', 'KOKX', 'KENX', 'KBGM', 'KDOX')","['s3://unidata-nexrad-level2/2010/03/13/KDIX/KDIX20100313_211427_V03.gz', 's3://unidata-nexrad-level2/2010/03/13/KOKX/KOKX20100313_211225_V03.gz', 's3://unidata-nexrad-level2/2010/03/13/KENX/KENX20100313_211421_V03.gz', 's3://unidata-nexrad-level2/2010/03/13/KBGM/KBGM20100313_211140_V03.gz', 's3://unidata-nexrad-level2/2010/03/13/KDOX/KDOX20100313_211416_V04.gz']"
F,A320,MYEG UA /OV ZIN300031/TM 1503/FL350/TP A320/TB MOD/RM CWSU ZMA,MOD,,35000.0,21.08835425835425,-74.14877566367633,2010-03-07 15:03:00,3.0,M,"('KAMX', 'KAMX', 'KBYX', 'KMLB', 'KTBW')","['s3://unidata-nexrad-level2/2010/03/07/KAMX/KAMX20100307_145836_V03.gz', 's3://unidata-nexrad-level2/2010/03/07/KAMX/KAMX20100307_145836_V03.gz', 's3://unidata-nexrad-level2/2010/03/07/KBYX/KBYX20100307_145605_V03.gz', 's3://unidata-nexrad-level2/2010/03/07/KMLB/KMLB20100307_145804_V03.gz', 's3://unidata-nexrad-level2/2010/03/07/KTBW/KTBW20100307_145721_V03.gz']"
F,PA32,ABQ UA /OV CNX025015/TM 2209/FL105/TP PA32/TB MOD,MOD,,10500.0,34.5965952995102,-105.55198698135295,2010-03-13 22:09:00,3.0,L,"('KABX', 'KHDX', 'KFDX', 'KEPZ', 'KLBB')","['s3://unidata-nexrad-level2/2010/03/13/KHDX/KHDX20100313_220643_V04.gz', 's3://unidata-nexrad-level2/2010/03/13/KFDX/KFDX20100313_220302_V04.gz', 's3://unidata-nexrad-level2/2010/03/13/KEPZ/KEPZ20100313_220340_V03.gz', 's3://unidata-nexrad-level2/2010/03/13/KLBB/KLBB20100313_220552_V03.gz']"
F,B733,GSO UA /OV GSO/TM 1547/FL340/TP B733/TB CONT MOD CHOP/RM 50NM SOUTH OF GSO AWC-WEB:SWA,CONT MOD CHOP,201003301550-KWBC-UBNC90-PIREP,34000.0,36.05,-79.98,2010-03-30 15:47:00,3.0,M,"('KFCX', 'KRAX', 'KGSP', 'KAKQ', 'KCAE')","['s3://unidata-nexrad-level2/2010/03/30/KFCX/KFCX20100330_153823_V03.gz', 's3://unidata-nexrad-level2/2010/03/30/KRAX/KRAX20100330_153738_V03.gz', 's3://unidata-nexrad-level2/2010/03/30/KGSP/KGSP20100330_154648_V03.gz', 's3://unidata-nexrad-level2/2010/03/30/KAKQ/KAKQ20100330_153734_V03.gz', 's3://unidata-nexrad-level2/2010/03/30/KCAE/KCAE20100330_154147_V03.gz']"
T,CL30,ORL UUA /OV TAY 170085/TM 1739/FL380/TP CL30/TB SEV/RM ZJX CWSU,SEV,,38000.0,29.10474267643004,-82.26446937676715,2010-03-11 17:39:00,5.0,U,"('KJAX', 'KMLB', 'KTBW', 'KVAX', 'KTLH')","['s3://unidata-nexrad-level2/2010/03/11/KJAX/KJAX20100311_173526_V03.gz', 's3://unidata-nexrad-level2/2010/03/11/KMLB/KMLB20100311_173449_V03.gz', 's3://unidata-nexrad-level2/2010/03/11/KTBW/KTBW20100311_173817_V03.gz', 's3://unidata-nexrad-level2/2010/03/11/KTLH/KTLH20100311_173526_V03.gz']"
F,C310,SPS UA /OV UKW270015/TM 2141/FL055/TP C310/TB MOD/RM AWC-WEB:KZFW,MOD,,5500.0,33.54,-98.11996420129212,2010-03-10 21:41:00,3.0,L,"('KFDR', 'KFWS', 'KDYX', 'KOUN', 'KTLX')","['s3://unidata-nexrad-level2/2010/03/10/KFDR/KFDR20100310_213746_V03.gz', 's3://unidata-nexrad-level2/2010/03/10/KFWS/KFWS20100310_214059_V03.gz', 's3://unidata-nexrad-level2/2010/03/10/KDYX/KDYX20100310_214029_V03.gz', 's3://unidata-nexrad-level2/2010/03/10/KTLX/KTLX20100310_214014_V03.gz']"
T,H25B,MTO UUA /OV MTO 300010/TM 1601/FL350/TP H25B/TB SEV/RM WINDSHEAR.CWSU ZKC.,SEV,,35000.0,39.56128008334008,-88.46625253510975,2010-03-01 16:01:00,5.0,M,"('KILX', 'KLSX', 'KVWX', 'KIND', 'KLVX')","['s3://unidata-nexrad-level2/2010/03/01/KILX/KILX20100301_160039_V03.gz', 's3://unidata-nexrad-level2/2010/03/01/KLSX/KLSX20100301_155818_V03.gz', 's3://unidata-nexrad-level2/2010/03/01/KVWX/KVWX20100301_155711_V03.gz', 's3://unidata-nexrad-level2/2010/03/01/KIND/KIND20100301_155742_V03.gz', 's3://unidata-nexrad-level2/2010/03/01/KLVX/KLVX20100301_160016_V03.gz']"
F,B752,MIA UA /OV ZBV210050 /TM 2200 /FL200 /TP B752 /TB MOD CHOP /RM LGT TURB,MOD CHOP,,20000.0,24.94825370673976,-79.76233061725839,2010-03-26 22:00:00,3.0,M,"('KAMX', 'KAMX', 'KBYX', 'KMLB', 'KTBW')","['s3://unidata-nexrad-level2/2010/03/26/KAMX/KAMX20100326_215654_V03.gz', 's3://unidata-nexrad-level2/2010/03/26/KAMX/KAMX20100326_215654_V03.gz', 's3://unidata-nexrad-level2/2010/03/26/KBYX/KBYX20100326_215802_V03.gz', 's3://unidata-nexrad-level2/2010/03/26/KMLB/KMLB20100326_215813_V03.gz', 's3://unidata-nexrad-level2/2010/03/26/KTBW/KTBW20100326_215724_V03.gz']"
F,B737,APC UA /OV SGD/TM 0405/FL130/TP B737/TB LGT-MOD/RM AWC-WEB:KZOA,LGT-MOD,,13000.0,38.18,-122.37,2010-03-13 04:05:00,2.0,M,"('KDAX', 'KMUX', 'KBBX', 'KBHX', 'KRGX')","['s3://unidata-nexrad-level2/2010/03/13/KDAX/KDAX20100313_040311_V03.gz', 's3://unidata-nexrad-level2/2010/03/13/KMUX/KMUX20100313_040322_V03.gz', 's3://unidata-nexrad-level2/2010/03/13/KBBX/KBBX20100313_040027_V04.gz', 's3://unidata-nexrad-level2/2010/03/13/KBHX/KBHX20100313_040134_V03.gz', 's3://unidata-nexrad-level2/2010/03/13/KRGX/KRGX20100313_040245_V03.gz']"
T,RV6,HNL UUA /OV HNL105005 /TM 1846 /FL015 /TP RV6 /TB SEV,SEV,,1500.0,21.28842999921116,-157.83359173948512,2010-03-10 18:46:00,5.0,L,"('PHMO', 'PHKI', 'PHKM', 'PHWA', 'PAKC')","['s3://unidata-nexrad-level2/2010/03/10/PHMO/PHMO20100310_184229_V04.gz', 's3://unidata-nexrad-level2/2010/03/10/PHKI/PHKI20100310_184255_V04.gz', 's3://unidata-nexrad-level2/2010/03/10/PHKM/PHKM20100310_184513_V04.gz', 's3://unidata-nexrad-level2/2010/03/10/PHWA/PHWA20100310_184031_V04.gz']"
T,C310,AVL UUA /OV 2NC0 /TM 2104 /FL090 /TP C310 /WX SN /TA M10 /TB EXTRM,EXTRM,,9000.0,35.86,-82.34,2010-03-25 21:04:00,7.0,L,"('KMRX', 'KGSP', 'KJKL', 'KFCX', 'KCAE')","['s3://unidata-nexrad-level2/2010/03/25/KMRX/KMRX20100325_205934_V03.gz', 's3://unidata-nexrad-level2/2010/03/25/KGSP/KGSP20100325_210051_V03.gz', 's3://unidata-nexrad-level2/2010/03/25/KJKL/KJKL20100325_210243_V03.gz', 's3://unidata-nexrad-level2/2010/03/25/KFCX/KFCX20100325_205828_V03.gz', 's3://unidata-nexrad-level2/2010/03/25/KCAE/KCAE20100325_205945_V03.gz']"
T,PA34,PSK UUA /OV PSK270020/TM 0128/FL070/TP PA34/TB SEV/RM PILOTMAINTAINED CONTROL OF ACFT. ZTL CWSU,SEV,,7000.0,37.13735,-81.09664895294777,2010-03-06 01:28:00,5.0,L,"('KFCX', 'KRLX', 'KJKL', 'KMRX', 'KGSP')","['s3://unidata-nexrad-level2/2010/03/06/KFCX/KFCX20100306_012025_V03.gz', 's3://unidata-nexrad-level2/2010/03/06/KRLX/KRLX20100306_012625_V04.gz', 's3://unidata-nexrad-level2/2010/03/06/KJKL/KJKL20100306_011923_V03.gz', 's3://unidata-nexrad-level2/2010/03/06/KMRX/KMRX20100306_012705_V03.gz', 's3://unidata-nexrad-level2/2010/03/06/KGSP/KGSP20100306_011824_V03.gz']"
F,P28A,ANE UA /OV ANE /TM 2027 /FL035 /TP P28A /WX FV07SM BR /TB NEG,NEG,,3500.0,45.14489,-93.21019,2010-03-27 20:27:00,0.0,L,"('KMPX', 'KDLH', 'KARX', 'KFSD', 'KDMX')","['s3://unidata-nexrad-level2/2010/03/27/KMPX/KMPX20100327_202553_V03.gz', 's3://unidata-nexrad-level2/2010/03/27/KDLH/KDLH20100327_202411_V03.gz', 's3://unidata-nexrad-level2/2010/03/27/KARX/KARX20100327_202257_V03.gz', 's3://unidata-nexrad-level2/2010/03/27/KFSD/KFSD20100327_202125_V03.gz', 's3://unidata-nexrad-level2/2010/03/27/KDMX/KDMX20100327_202610_V03.gz']"
F,C172,MYV UA /OV CIC-ILA /TM 0330 /FL075 /TP C172 /WX FV99SM /TA M02 /WV 35015KT /TB NEG,NEG,,7500.0,39.432695,-121.94421,2010-03-11 03:30:00,0.0,L,"('KBBX', 'KDAX', 'KRGX', 'KBHX', 'KMUX')","['s3://unidata-nexrad-level2/2010/03/11/KBBX/KBBX20100311_032230_V04.gz', 's3://unidata-nexrad-level2/2010/03/11/KDAX/KDAX20100311_032619_V03.gz', 's3://unidata-nexrad-level2/2010/03/11/KRGX/KRGX20100311_032407_V03.gz', 's3://unidata-nexrad-level2/2010/03/11/KBHX/KBHX20100311_032102_V03.gz', 's3://unidata-nexrad-level2/2010/03/11/KMUX/KMUX20100311_032929_V03.gz']"
F,B737,EVV UA /OV PXV/TM 0139/FL350/TP B737/TB LGT CHOP/RM CWSU ZID,LGT CHOP,,35000.0,37.93,-87.76,2010-03-11 01:39:00,1.0,M,"('KVWX', 'KPAH', 'KHPX', 'KOHX', 'KLVX')","['s3://unidata-nexrad-level2/2010/03/11/KVWX/KVWX20100311_013354_V03.gz', 's3://unidata-nexrad-level2/2010/03/11/KPAH/KPAH20100311_013734_V03.gz', 's3://unidata-nexrad-level2/2010/03/11/KOHX/KOHX20100311_013849_V03.gz', 's3://unidata-nexrad-level2/2010/03/11/KLVX/KLVX20100311_013424_V03.gz']"
T,C425,PIE UUA /OV CDK/TM 1521/FL220/TP C425/TB SEV/RM ZJX CWSU,SEV,,22000.0,29.13,-83.05,2010-03-11 15:21:00,5.0,L,"('KTBW', 'KTLH', 'KVAX', 'KJAX', 'KMLB')","['s3://unidata-nexrad-level2/2010/03/11/KTBW/KTBW20100311_151623_V03.gz', 's3://unidata-nexrad-level2/2010/03/11/KTLH/KTLH20100311_152027_V03.gz', 's3://unidata-nexrad-level2/2010/03/11/KJAX/KJAX20100311_151809_V03.gz', 's3://unidata-nexrad-level2/2010/03/11/KMLB/KMLB20100311_151801_V03.gz']"
F,E170,EFT UA /OV JVL270015 /TM 2114 /FL160 /TP E170 /TB MOD CHOP 160-180,MOD CHOP 160-180,201003112100-KMSC-UBUS01-PIREP,16000.0,42.62,-89.37976570146847,2010-03-11 21:14:00,3.0,U,"('KMKX', 'KDVN', 'KLOT', 'KARX', 'KGRB')","['s3://unidata-nexrad-level2/2010/03/11/KMKX/KMKX20100311_211119_V03.gz', 's3://unidata-nexrad-level2/2010/03/11/KDVN/KDVN20100311_211257_V03.gz', 's3://unidata-nexrad-level2/2010/03/11/KLOT/KLOT20100311_211039_V03.gz', 's3://unidata-nexrad-level2/2010/03/11/KARX/KARX20100311_211147_V03.gz', 's3://unidata-nexrad-level2/2010/03/11/KGRB/KGRB20100311_211231_V03.gz']"
F,LJ60,NCA UA /OV DIW /TM 0122 /FL410 /TP LJ60 /TA M52 /WV 27168KT /TB NEG,NEG,,41000.0,34.57,-77.45,2010-03-31 01:22:00,0.0,M,"('KMHX', 'KLTX', 'KRAX', 'KAKQ', 'KCAE')","['s3://unidata-nexrad-level2/2010/03/31/KMHX/KMHX20100331_012134_V03.gz', 's3://unidata-nexrad-level2/2010/03/31/KLTX/KLTX20100331_012122_V03.gz', 's3://unidata-nexrad-level2/2010/03/31/KRAX/KRAX20100331_011840_V03.gz', 's3://unidata-nexrad-level2/2010/03/31/KAKQ/KAKQ20100331_011306_V03.gz', 's3://unidata-nexrad-level2/2010/03/31/KCAE/KCAE20100331_011358_V03.gz']"
F,C172,TVC UA /OV TVC315010 /TM 2009 /FL055 /TP C172 /TB CONT LGT,CONT LGT,,5500.0,44.85950067614885,-85.74829362288106,2010-03-31 20:09:00,1.0,L,"('KAPX', 'KGRB', 'KGRR', 'KMQT', 'KDTX')","['s3://unidata-nexrad-level2/2010/03/31/KAPX/KAPX20100331_195953_V03.gz', 's3://unidata-nexrad-level2/2010/03/31/KGRB/KGRB20100331_200413_V03.gz', 's3://unidata-nexrad-level2/2010/03/31/KGRR/KGRR20100331_200253_V04.gz', 's3://unidata-nexrad-level2/2010/03/31/KMQT/KMQT20100331_200319_V03.gz', 's3://unidata-nexrad-level2/2010/03/31/KDTX/KDTX20100331_200322_V03.gz']"
T,PAY2,VJI UUA /OV VJI225010-VJI /TM 1630 /FL037 /TP PAY2 /TB SEV 037-BLO,SEV 037-BLO,,3700.0,36.56923932385115,-82.1803049099394,2010-03-28 16:30:00,5.0,L,"('KMRX', 'KJKL', 'KFCX', 'KGSP', 'KRLX')","['s3://unidata-nexrad-level2/2010/03/28/KMRX/KMRX20100328_162515_V03.gz', 's3://unidata-nexrad-level2/2010/03/28/KFCX/KFCX20100328_162437_V03.gz', 's3://unidata-nexrad-level2/2010/03/28/KGSP/KGSP20100328_162822_V03.gz', 's3://unidata-nexrad-level2/2010/03/28/KRLX/KRLX20100328_162704_V04.gz']"
T,A319,HXD UUA /OV SAV090035 /TM 1437 /FL340 /TP A319 /TB OCNL SEV,OCNL SEV,,34000.0,32.12758,-80.51327002067923,2010-03-02 14:37:00,5.0,M,"('KCLX', 'KCAE', 'KJAX', 'KJGX', 'KLTX')","['s3://unidata-nexrad-level2/2010/03/02/KCLX/KCLX20100302_143253_V03.gz', 's3://unidata-nexrad-level2/2010/03/02/KCAE/KCAE20100302_143340_V03.gz', 's3://unidata-nexrad-level2/2010/03/02/KJAX/KJAX20100302_143306_V03.gz', 's3://unidata-nexrad-level2/2010/03/02/KJGX/KJGX20100302_143519_V04.gz', 's3://unidata-nexrad-level2/2010/03/02/KLTX/KLTX20100302_143355_V03.gz']"
T,C172,APC UUA /OV SGD /TM 0010 /FL020 /TP C172 /SK BKN035 /WX FV10SM /TA 10 /TB OCNL SEV,OCNL SEV,,2000.0,38.18,-122.37,2010-03-31 00:10:00,5.0,L,"('KDAX', 'KMUX', 'KBBX', 'KBHX', 'KRGX')","['s3://unidata-nexrad-level2/2010/03/31/KDAX/KDAX20100331_000857_V03.gz', 's3://unidata-nexrad-level2/2010/03/31/KMUX/KMUX20100331_000828_V03.gz', 's3://unidata-nexrad-level2/2010/03/31/KBBX/KBBX20100331_000947_V04.gz', 's3://unidata-nexrad-level2/2010/03/31/KBHX/KBHX20100331_000946_V03.gz', 's3://unidata-nexrad-level2/2010/03/31/KRGX/KRGX20100331_000732_V03.gz']"
F,PA31,MDS UA /OV FSD315030 /TM 2123 /FL100 /TP PA31 /TA 05 /TB OCNL LGT /RM /TB LGT OCNL MOD BLO 070,OCNL LGT,,10000.0,43.93052202844655,-97.24168004317325,2010-03-30 21:23:00,1.0,L,"('KFSD', 'KABR', 'KOAX', 'KMPX', 'KMVX')","['s3://unidata-nexrad-level2/2010/03/30/KFSD/KFSD20100330_212034_V03.gz', 's3://unidata-nexrad-level2/2010/03/30/KABR/KABR20100330_211711_V03.gz', 's3://unidata-nexrad-level2/2010/03/30/KOAX/KOAX20100330_211903_V03.gz', 's3://unidata-nexrad-level2/2010/03/30/KMPX/KMPX20100330_211820_V03.gz', 's3://unidata-nexrad-level2/2010/03/30/KMVX/KMVX20100330_211835_V03.gz']"
T,B737,EMV UUA /OV LVL135010/TM 1734/FL280/TP B737/TB SEV 280,SEV 280,,28000.0,36.654939323851146,-77.64716095792815,2010-03-29 17:34:00,5.0,M,"('KAKQ', 'KRAX', 'KMHX', 'KFCX', 'KLWX')","['s3://unidata-nexrad-level2/2010/03/29/KAKQ/KAKQ20100329_173257_V03.gz', 's3://unidata-nexrad-level2/2010/03/29/KRAX/KRAX20100329_172930_V03.gz', 's3://unidata-nexrad-level2/2010/03/29/KMHX/KMHX20100329_173350_V03.gz', 's3://unidata-nexrad-level2/2010/03/29/KFCX/KFCX20100329_173322_V03.gz', 's3://unidata-nexrad-level2/2010/03/29/KLWX/KLWX20100329_172854_V03.gz']"
T,A332,ORF UUA /OV 3115N 06302W/TM 0040/FL390/TP A332/TB SEV,SEV,,39000.0,31.25,-63.333,2010-03-14 00:40:00,5.0,H,"('KBOX', 'KOKX', 'KMHX', 'KDIX', 'KDOX')","['s3://unidata-nexrad-level2/2010/03/14/KBOX/KBOX20100314_003614_V03.gz', 's3://unidata-nexrad-level2/2010/03/14/KOKX/KOKX20100314_003525_V03.gz', 's3://unidata-nexrad-level2/2010/03/14/KMHX/KMHX20100314_003700_V03.gz', 's3://unidata-nexrad-level2/2010/03/14/KDIX/KDIX20100314_003704_V03.gz', 's3://unidata-nexrad-level2/2010/03/14/KDOX/KDOX20100314_003614_V04.gz']"
F,C172,NXP UA /OV TNP360020 /TM 2207 /FL095 /TP C172 /WX FV99SM /WV 31031KT /TB NEG,NEG,201003142200-KMSC-UBUS01-PIREP,9500.0,34.44336033336033,-115.77,2010-03-14 22:07:00,0.0,L,"('KEYX', 'KESX', 'KSOX', 'KNKX', 'KYUX')","['s3://unidata-nexrad-level2/2010/03/14/KESX/KESX20100314_220405_V03.gz', 's3://unidata-nexrad-level2/2010/03/14/KSOX/KSOX20100314_220621_V03.gz', 's3://unidata-nexrad-level2/2010/03/14/KNKX/KNKX20100314_220649_V03.gz', 's3://unidata-nexrad-level2/2010/03/14/KYUX/KYUX20100314_220455_V03.gz']"
F,B737,ROW UA /OV CNX120037/TM 2124/FL360/TP B737/TB NEG/RM AWC-WEB:ASA,NEG,,36000.0,34.06164169164169,-105.03293639052998,2010-03-26 21:24:00,0.0,M,"('KFDX', 'KHDX', 'KABX', 'KEPZ', 'KLBB')","['s3://unidata-nexrad-level2/2010/03/26/KFDX/KFDX20100326_211650_V04.gz', 's3://unidata-nexrad-level2/2010/03/26/KHDX/KHDX20100326_212322_V04.gz', 's3://unidata-nexrad-level2/2010/03/26/KABX/KABX20100326_212315_V03.gz', 's3://unidata-nexrad-level2/2010/03/26/KEPZ/KEPZ20100326_212324_V03.gz', 's3://unidata-nexrad-level2/2010/03/26/KLBB/KLBB20100326_212304_V03.gz']"
F,FA10,MCI UA /OV MCI090009 /TM 1719 /FL380 /TP FA10 /SK SKC /TB NEG,NEG,,38000.0,39.29761,-94.52006245018588,2010-03-10 17:19:00,0.0,M,"('KEAX', 'KTWX', 'KSGF', 'KOAX', 'KDMX')","['s3://unidata-nexrad-level2/2010/03/10/KEAX/KEAX20100310_171125_V03.gz', 's3://unidata-nexrad-level2/2010/03/10/KTWX/KTWX20100310_171435_V03.gz', 's3://unidata-nexrad-level2/2010/03/10/KSGF/KSGF20100310_171255_V03.gz', 's3://unidata-nexrad-level2/2010/03/10/KOAX/KOAX20100310_171610_V03.gz', 's3://unidata-nexrad-level2/2010/03/10/KDMX/KDMX20100310_171601_V03.gz']"
F,CL60,GCD UA /OV IMB105040/TM 2225/FL400/TP CL60/TB LGT CHOP/RM MTN WAVE+/- 300 FT ..ZSE ..ZSE,LGT CHOP,,40000.0,44.47743999368924,-118.80475553158524,2010-03-11 22:25:00,1.0,M,"('KPDT', 'KCBX', 'KRTX', 'KOTX', 'KLRX')","['s3://unidata-nexrad-level2/2010/03/11/KPDT/KPDT20100311_222313_V03.gz', 's3://unidata-nexrad-level2/2010/03/11/KCBX/KCBX20100311_222057_V03.gz', 's3://unidata-nexrad-level2/2010/03/11/KRTX/KRTX20100311_222002_V03.gz', 's3://unidata-nexrad-level2/2010/03/11/KOTX/KOTX20100311_222424_V03.gz', 's3://unidata-nexrad-level2/2010/03/11/KLRX/KLRX20100311_222312_V03.gz']"
T,B752,AAF UUA /OV CYY300210 /TM 1642 /FL410 /TP B752 /TB SEV,SEV,,41000.0,27.90014175014175,-85.15699215565586,2010-03-28 16:42:00,5.0,M,"('KTBW', 'KTLH', 'KEVX', 'KVAX', 'KEOX')","['s3://unidata-nexrad-level2/2010/03/28/KTBW/KTBW20100328_164137_V03.gz', 's3://unidata-nexrad-level2/2010/03/28/KTLH/KTLH20100328_163758_V03.gz', 's3://unidata-nexrad-level2/2010/03/28/KEVX/KEVX20100328_164044_V04.gz']"
F,B738,FAR UA /OV FAR/TM 1411/FL380/TP B738/TB INTMT LGT CHP/RM AWC-WEB:ASA,INTMT LGT CHP,,38000.0,46.92528,-96.81111,2010-03-16 14:11:00,1.0,M,"('KMVX', 'KABR', 'KBIS', 'KMPX', 'KMBX')","['s3://unidata-nexrad-level2/2010/03/16/KMVX/KMVX20100316_140918_V03.gz', 's3://unidata-nexrad-level2/2010/03/16/KABR/KABR20100316_140229_V03.gz', 's3://unidata-nexrad-level2/2010/03/16/KBIS/KBIS20100316_140504_V03.gz', 's3://unidata-nexrad-level2/2010/03/16/KMPX/KMPX20100316_140538_V03.gz']"
F,DH8C,RQE UA /OV DVC180120 /TM 2047 /FL250 /TP DH8C /TB NEG,NEG,,25000.0,35.809837999838,-108.93,2010-03-10 20:47:00,0.0,M,"('KABX', 'KFSX', 'KFSX', 'KGJX', 'KIWA')","['s3://unidata-nexrad-level2/2010/03/10/KABX/KABX20100310_203927_V03.gz', 's3://unidata-nexrad-level2/2010/03/10/KFSX/KFSX20100310_204222_V03.gz', 's3://unidata-nexrad-level2/2010/03/10/KFSX/KFSX20100310_204222_V03.gz', 's3://unidata-nexrad-level2/2010/03/10/KGJX/KGJX20100310_204153_V03.gz', 's3://unidata-nexrad-level2/2010/03/10/KIWA/KIWA20100310_204428_V03.gz']"
T,EA50,CXY UUA /OV HAR315025/TM 2043/FL375/TP EA50/TB SEV,SEV,,37500.0,40.52465169037213,-77.40594356810085,2010-03-22 20:43:00,5.0,U,"('KCCX', 'KBGM', 'KLWX', 'KDIX', 'KPBZ')","['s3://unidata-nexrad-level2/2010/03/22/KCCX/KCCX20100322_203952_V03.gz', 's3://unidata-nexrad-level2/2010/03/22/KBGM/KBGM20100322_203754_V03.gz', 's3://unidata-nexrad-level2/2010/03/22/KLWX/KLWX20100322_203913_V03.gz', 's3://unidata-nexrad-level2/2010/03/22/KDIX/KDIX20100322_203953_V03.gz', 's3://unidata-nexrad-level2/2010/03/22/KPBZ/KPBZ20100322_204007_V03.gz']"
F,B733,TRI UA /OV HMV290010/TM 1540/FL360/TP B733/TB CONT MOD CHOP 360/RM AWC-WEB:SWA,CONT MOD CHOP 360,,36000.0,36.49700797449749,-82.3246950274647,2010-03-02 15:40:00,3.0,M,"('KJKL', 'KMRX', 'KGSP', 'KRLX', 'KFCX')","['s3://unidata-nexrad-level2/2010/03/02/KJKL/KJKL20100302_153649_V03.gz', 's3://unidata-nexrad-level2/2010/03/02/KMRX/KMRX20100302_153552_V03.gz', 's3://unidata-nexrad-level2/2010/03/02/KGSP/KGSP20100302_153948_V03.gz', 's3://unidata-nexrad-level2/2010/03/02/KRLX/KRLX20100302_153424_V04.gz', 's3://unidata-nexrad-level2/2010/03/02/KFCX/KFCX20100302_153404_V03.gz']"
F,LJ25,ADH UA /OV ADH /TM 0644 /FL410 /TP LJ25 /TB OCNL LGT CHOP,OCNL LGT CHOP,,41000.0,34.80426,-96.6712,2010-03-15 06:44:00,1.0,L,"('KTLX', 'KOUN', 'KINX', 'KFDR', 'KSRX')","['s3://unidata-nexrad-level2/2010/03/15/KTLX/KTLX20100315_063745_V03.gz', 's3://unidata-nexrad-level2/2010/03/15/KINX/KINX20100315_064146_V03.gz', 's3://unidata-nexrad-level2/2010/03/15/KFDR/KFDR20100315_064247_V03.gz', 's3://unidata-nexrad-level2/2010/03/15/KSRX/KSRX20100315_063957_V03.gz']"
T,E145,BPT UUA /OV BPT130025/TM 0114/FL340/TP E145/TB SEV FL340-320/RM AWC-WEB:KZHU,SEV FL340-320,,34000.0,29.68421385519376,-93.65772156135216,2010-03-09 01:14:00,5.0,M,"('KLCH', 'KPOE', 'KHGX', 'KHDC', 'KSHV')","['s3://unidata-nexrad-level2/2010/03/09/KLCH/KLCH20100309_011028_V03.gz', 's3://unidata-nexrad-level2/2010/03/09/KHGX/KHGX20100309_010856_V03.gz', 's3://unidata-nexrad-level2/2010/03/09/KSHV/KSHV20100309_011257_V03.gz']"
F,MD80,NUW UA /OV NUW335020/TM 1737/FL160/TP MD80/TB CONT LGT OCNL MOD DURC080-160/RM ..ZSE ..ZSE,CONT LGT OCNL MOD DURC080-160,,16000.0,48.65396706601361,-122.86795789649588,2010-03-12 17:37:00,2.0,M,"('KATX', 'KLGX', 'KRTX', 'KPDT', 'KOTX')","['s3://unidata-nexrad-level2/2010/03/12/KATX/KATX20100312_173319_V03.gz', 's3://unidata-nexrad-level2/2010/03/12/KRTX/KRTX20100312_173647_V03.gz', 's3://unidata-nexrad-level2/2010/03/12/KPDT/KPDT20100312_173328_V03.gz', 's3://unidata-nexrad-level2/2010/03/12/KOTX/KOTX20100312_173629_V03.gz']"
F,SR22,MWL UA /OV ADS-MWL /TM 1759 /FL085 /TP SR22 /TB NEG,NEG,201003301800-KMSC-UBUS01-PIREP,8500.0,32.86,-97.455,2010-03-30 17:59:00,0.0,L,"('KFWS', 'KDYX', 'KFDR', 'KGRK', 'KOUN')","['s3://unidata-nexrad-level2/2010/03/30/KFWS/KFWS20100330_175436_V03.gz', 's3://unidata-nexrad-level2/2010/03/30/KDYX/KDYX20100330_175503_V03.gz', 's3://unidata-nexrad-level2/2010/03/30/KFDR/KFDR20100330_175438_V03.gz', 's3://unidata-nexrad-level2/2010/03/30/KGRK/KGRK20100330_175834_V03.gz']"
T,C525,DWH UUA /OV IDU090030/TM 0010/FL120/TP C525/TB SEV/RM AWC-WEB:KZHU,SEV,201003290030-KWBC-UBTX90-PIREP,12000.0,29.96,-95.98283546042695,2010-03-29 00:10:00,5.0,L,"('KHGX', 'KGRK', 'KEWX', 'KLCH', 'KCRP')","['s3://unidata-nexrad-level2/2010/03/29/KHGX/KHGX20100329_000739_V03.gz', 's3://unidata-nexrad-level2/2010/03/29/KGRK/KGRK20100329_000608_V03.gz', 's3://unidata-nexrad-level2/2010/03/29/KEWX/KEWX20100329_000742_V03.gz', 's3://unidata-nexrad-level2/2010/03/29/KLCH/KLCH20100329_000358_V03.gz', 's3://unidata-nexrad-level2/2010/03/29/KCRP/KCRP20100329_000928_V03.gz']"
T,B190,DEN UUA /OV FQF 310060/TM 2350/FL170/TP B190/TB SEV/RM CWSU ZDV,SEV,201003310000-KWBC-UBCO90-PIREP,17000.0,40.33283967553498,-105.61557571440476,2010-03-30 23:50:00,5.0,M,"('KFTG', 'KCYS', 'KPUX', 'KGJX', 'KGLD')","['s3://unidata-nexrad-level2/2010/03/30/KFTG/KFTG20100330_234941_V03.gz', 's3://unidata-nexrad-level2/2010/03/30/KCYS/KCYS20100330_234026_V03.gz', 's3://unidata-nexrad-level2/2010/03/30/KPUX/KPUX20100330_234627_V03.gz', 's3://unidata-nexrad-level2/2010/03/30/KGJX/KGJX20100330_234151_V03.gz', 's3://unidata-nexrad-level2/2010/03/30/KGLD/KGLD20100330_234801_V03.gz']"
F,BE36,SEZ UA /OV FLG-FLG180025 /TM 1839 /FL090 /TP BE36 /TB LGT,LGT,,9000.0,34.8485833,-111.7884444,2010-03-04 18:39:00,1.0,L,"('KFSX', 'KFSX', 'KIWA', 'KICX', 'KEMX')","['s3://unidata-nexrad-level2/2010/03/04/KFSX/KFSX20100304_183420_V03.gz', 's3://unidata-nexrad-level2/2010/03/04/KFSX/KFSX20100304_183420_V03.gz', 's3://unidata-nexrad-level2/2010/03/04/KIWA/KIWA20100304_183002_V03.gz', 's3://unidata-nexrad-level2/2010/03/04/KICX/KICX20100304_183537_V03.gz']"
T,E145,ACY UUA /OV ACY /TM 2100 /FL008 /TP E145 /TB SEV /RM DURC,SEV,,800.0,39.45758,-74.57717,2010-03-13 21:00:00,5.0,M,"('KDIX', 'KDOX', 'KOKX', 'KLWX', 'KBGM')","['s3://unidata-nexrad-level2/2010/03/13/KDIX/KDIX20100313_205711_V03.gz', 's3://unidata-nexrad-level2/2010/03/13/KDOX/KDOX20100313_205727_V04.gz', 's3://unidata-nexrad-level2/2010/03/13/KOKX/KOKX20100313_205458_V03.gz', 's3://unidata-nexrad-level2/2010/03/13/KLWX/KLWX20100313_205814_V03.gz', 's3://unidata-nexrad-level2/2010/03/13/KBGM/KBGM20100313_205420_V03.gz']"
T,B747,SHR UUA /OV SHR 140030/TM 1759/FL380/TP B747/TB SEV MTN WAVE DROPPED600FT IN A SECOND/ZLC,SEV MTN WAVE DROPPED600FT IN A SECOND,,38000.0,44.38694675360954,-106.51725747849432,2010-03-29 17:59:00,5.0,H,"('KRIW', 'KBLX', 'KUDX', 'KCYS', 'KGGW')","['s3://unidata-nexrad-level2/2010/03/29/KRIW/KRIW20100329_175448_V03.gz', 's3://unidata-nexrad-level2/2010/03/29/KBLX/KBLX20100329_175742_V03.gz', 's3://unidata-nexrad-level2/2010/03/29/KUDX/KUDX20100329_175749_V03.gz', 's3://unidata-nexrad-level2/2010/03/29/KCYS/KCYS20100329_175730_V03.gz', 's3://unidata-nexrad-level2/2010/03/29/KGGW/KGGW20100329_175154_V03.gz']"
T,E145,FWN UUA /OV SAX360025/TM 0137/FL280/TP E145/TB SEV,SEV,,28000.0,41.486700416700415,-74.54,2010-03-23 01:37:00,5.0,M,"('KBGM', 'KOKX', 'KDIX', 'KENX', 'KTYX')","['s3://unidata-nexrad-level2/2010/03/23/KBGM/KBGM20100323_013258_V03.gz', 's3://unidata-nexrad-level2/2010/03/23/KOKX/KOKX20100323_013542_V03.gz', 's3://unidata-nexrad-level2/2010/03/23/KDIX/KDIX20100323_013658_V03.gz', 's3://unidata-nexrad-level2/2010/03/23/KENX/KENX20100323_013555_V03.gz', 's3://unidata-nexrad-level2/2010/03/23/KTYX/KTYX20100323_013254_V04.gz']"
F,B737,SAD UA /OV SSO/TM 1639/FL330/TP B737/TB INT LGT CHOP/RM AWC-WEB:SWA,INT LGT CHOP,201003151645-KWBC-UBAZ90-PIREP,33000.0,32.27,-109.26,2010-03-15 16:39:00,1.0,M,"('KEMX', 'KEPZ', 'KIWA', 'KHDX', 'KFSX')","['s3://unidata-nexrad-level2/2010/03/15/KEMX/KEMX20100315_163523_V03.gz', 's3://unidata-nexrad-level2/2010/03/15/KEPZ/KEPZ20100315_163626_V03.gz', 's3://unidata-nexrad-level2/2010/03/15/KIWA/KIWA20100315_163313_V03.gz', 's3://unidata-nexrad-level2/2010/03/15/KHDX/KHDX20100315_163519_V04.gz', 's3://unidata-nexrad-level2/2010/03/15/KFSX/KFSX20100315_163159_V03.gz']"
F,BE9L,SJN UA /OV D68 /TM 0020 /FL160 /TP BE9L /SK OVC085-TOP120 /WX FV99SM /TA M20 /TB NEG /RM SMTH,NEG,,16000.0,34.52,-109.38,2010-03-11 00:20:00,0.0,L,"('KFSX', 'KFSX', 'KIWA', 'KABX', 'KEMX')","['s3://unidata-nexrad-level2/2010/03/11/KFSX/KFSX20100311_001807_V03.gz', 's3://unidata-nexrad-level2/2010/03/11/KFSX/KFSX20100311_001807_V03.gz', 's3://unidata-nexrad-level2/2010/03/11/KIWA/KIWA20100311_001900_V03.gz', 's3://unidata-nexrad-level2/2010/03/11/KABX/KABX20100311_001219_V03.gz']"
F,EXPL,UKI UA /OV UKI360010 /TM 1630 /FL065 /TP EXPL /SK BKN-OVC-TOP055 /WX FV99SM /TA 05 /TB NEG /RM TOP HIER E-NE THN OVC 120,NEG,,6500.0,39.29248016668016,-123.2008,2010-03-29 16:30:00,0.0,L,"('KBBX', 'KDAX', 'KBHX', 'KMUX', 'KMAX')","['s3://unidata-nexrad-level2/2010/03/29/KBBX/KBBX20100329_162914_V04.gz', 's3://unidata-nexrad-level2/2010/03/29/KDAX/KDAX20100329_162723_V03.gz', 's3://unidata-nexrad-level2/2010/03/29/KBHX/KBHX20100329_162653_V03.gz', 's3://unidata-nexrad-level2/2010/03/29/KMUX/KMUX20100329_160401_V03.gz', 's3://unidata-nexrad-level2/2010/03/29/KMAX/KMAX20100329_162848_V03.gz']"
F,MD88,CRW UA /OV HNN220030/TM 1847/FL350/TP MD88/TB LGT MOD CHOP,LGT MOD CHOP,201003151900-KMSC-UBUS01-PIREP,35000.0,38.36694675360954,-82.44213775211016,2010-03-15 18:47:00,2.0,M,"('KRLX', 'KJKL', 'KILN', 'KFCX', 'KMRX')","['s3://unidata-nexrad-level2/2010/03/15/KRLX/KRLX20100315_183635_V04.gz', 's3://unidata-nexrad-level2/2010/03/15/KJKL/KJKL20100315_184035_V03.gz', 's3://unidata-nexrad-level2/2010/03/15/KILN/KILN20100315_184023_V03.gz', 's3://unidata-nexrad-level2/2010/03/15/KFCX/KFCX20100315_184040_V03.gz', 's3://unidata-nexrad-level2/2010/03/15/KMRX/KMRX20100315_184202_V03.gz']"
T,CRJ7,FNL UUA /OV DEN325045 /TM 2027 /FL130 /TP CRJ7 /TB SEV,SEV,201003302035-KWBC-UBCO91-PIREP,13000.0,40.4244137967532,-105.2200533327695,2010-03-30 20:27:00,5.0,M,"('KCYS', 'KFTG', 'KPUX', 'KGJX', 'KGLD')","['s3://unidata-nexrad-level2/2010/03/30/KCYS/KCYS20100330_202613_V03.gz', 's3://unidata-nexrad-level2/2010/03/30/KFTG/KFTG20100330_202538_V03.gz', 's3://unidata-nexrad-level2/2010/03/30/KPUX/KPUX20100330_202318_V03.gz', 's3://unidata-nexrad-level2/2010/03/30/KGJX/KGJX20100330_201720_V03.gz', 's3://unidata-nexrad-level2/2010/03/30/KGLD/KGLD20100330_202432_V03.gz']"
T,B763,TMB UUA /OV MIA225020 /TM 1733 /FL090 /TP B763 /TB SEV,SEV,,9000.0,25.5523286477023,-80.57872348988961,2010-03-12 17:33:00,5.0,H,"('KAMX', 'KAMX', 'KBYX', 'KMLB', 'KTBW')","['s3://unidata-nexrad-level2/2010/03/12/KAMX/KAMX20100312_172929_V03.gz', 's3://unidata-nexrad-level2/2010/03/12/KAMX/KAMX20100312_172929_V03.gz', 's3://unidata-nexrad-level2/2010/03/12/KBYX/KBYX20100312_173011_V03.gz', 's3://unidata-nexrad-level2/2010/03/12/KMLB/KMLB20100312_173250_V03.gz', 's3://unidata-nexrad-level2/2010/03/12/KTBW/KTBW20100312_173044_V03.gz']"
T,B752,CTY UUA /OV CTY 175042/TM 1634/FL370/TP B752/TB SEV/RM NO INJURIES ORDAMAGE. ZJX CWSU,SEV,,37000.0,28.93813722703991,-83.03455353010622,2010-03-11 16:34:00,5.0,M,"('KTBW', 'KTLH', 'KJAX', 'KVAX', 'KMLB')","['s3://unidata-nexrad-level2/2010/03/11/KTBW/KTBW20100311_163226_V03.gz', 's3://unidata-nexrad-level2/2010/03/11/KTLH/KTLH20100311_163333_V03.gz', 's3://unidata-nexrad-level2/2010/03/11/KJAX/KJAX20100311_163123_V03.gz', 's3://unidata-nexrad-level2/2010/03/11/KMLB/KMLB20100311_163330_V03.gz']"
F,MD82,DFW UA /OV FUZ010040/TM 1215/FL230/TP MD82/TB MOD 190-230/RM AWC-WEB:KZFW,MOD 190-230,201003011232-KKCI-UBUS31-PIREP,23000.0,33.546591681679985,-97.04212598732616,2010-03-01 12:15:00,3.0,M,"('KFWS', 'KOUN', 'KTLX', 'KFDR', 'KDYX')","['s3://unidata-nexrad-level2/2010/03/01/KFWS/KFWS20100301_121448_V03.gz', 's3://unidata-nexrad-level2/2010/03/01/KTLX/KTLX20100301_121420_V03.gz', 's3://unidata-nexrad-level2/2010/03/01/KFDR/KFDR20100301_121040_V03.gz', 's3://unidata-nexrad-level2/2010/03/01/KDYX/KDYX20100301_121353_V03.gz']"
T,BE30,ORL UUA /OV ORL /TM 1501 /FL170 /TP BE30 /TB SEV,SEV,201003111500-KMSC-UBUS01-PIREP,17000.0,28.54,-81.34,2010-03-11 15:01:00,5.0,L,"('KMLB', 'KTBW', 'KJAX', 'KVAX', 'KAMX')","['s3://unidata-nexrad-level2/2010/03/11/KMLB/KMLB20100311_145609_V03.gz', 's3://unidata-nexrad-level2/2010/03/11/KTBW/KTBW20100311_145606_V03.gz', 's3://unidata-nexrad-level2/2010/03/11/KJAX/KJAX20100311_145950_V03.gz', 's3://unidata-nexrad-level2/2010/03/11/KAMX/KAMX20100311_145931_V03.gz']"
F,PRM1,FPR UA /OV FPR /TM 2004 /FL080 /TP PRM1 /TB NEG BLO 080,NEG BLO 080,201003142000-KMSC-UBUS01-PIREP,8000.0,27.49,-80.37,2010-03-14 20:04:00,0.0,L,"('KMLB', 'KTBW', 'KAMX', 'KAMX', 'KBYX')","['s3://unidata-nexrad-level2/2010/03/14/KMLB/KMLB20100314_200118_V03.gz', 's3://unidata-nexrad-level2/2010/03/14/KTBW/KTBW20100314_195652_V03.gz', 's3://unidata-nexrad-level2/2010/03/14/KAMX/KAMX20100314_195622_V03.gz', 's3://unidata-nexrad-level2/2010/03/14/KAMX/KAMX20100314_195622_V03.gz', 's3://unidata-nexrad-level2/2010/03/14/KBYX/KBYX20100314_200129_V03.gz']"
F,C650,CSV UA /OV HCH /TM 0144 /FL430 /TP C650 /WV 23461KT /TB NEG /RM SMOOTH,NEG,201003150150-KWBC-UBTN90-PIREP,43000.0,35.78,-84.98,2010-03-15 01:44:00,0.0,M,"('KHTX', 'KMRX', 'KOHX', 'KJKL', 'KHPX')","['s3://unidata-nexrad-level2/2010/03/15/KHTX/KHTX20100315_014009_V03.gz', 's3://unidata-nexrad-level2/2010/03/15/KMRX/KMRX20100315_013858_V03.gz', 's3://unidata-nexrad-level2/2010/03/15/KOHX/KOHX20100315_014358_V03.gz', 's3://unidata-nexrad-level2/2010/03/15/KJKL/KJKL20100315_014118_V03.gz']"
T,C172,PSP UUA /OV PSP325010 /TM 1503 /FL095 /TP C172 /TB SEV,SEV,201003261500-KMSC-UBUS01-PIREP,9500.0,34.00653639927849,-116.54514311902597,2010-03-26 15:03:00,5.0,L,"('KSOX', 'KNKX', 'KEYX', 'KESX', 'KYUX')","['s3://unidata-nexrad-level2/2010/03/26/KSOX/KSOX20100326_150105_V03.gz', 's3://unidata-nexrad-level2/2010/03/26/KNKX/KNKX20100326_150057_V03.gz', 's3://unidata-nexrad-level2/2010/03/26/KESX/KESX20100326_145759_V03.gz', 's3://unidata-nexrad-level2/2010/03/26/KYUX/KYUX20100326_145639_V03.gz']"
F,C310,EKO UA /OV EKO /TM 1603 /FL160 /TP C310 /SK BKN250 /TB NEG /RM SMOOTH,NEG,,16000.0,40.8242,-115.78601,2010-03-16 16:03:00,0.0,L,"('KLRX', 'KMTX', 'KCBX', 'KRGX', 'KSFX')","['s3://unidata-nexrad-level2/2010/03/16/KLRX/KLRX20100316_155452_V03.gz', 's3://unidata-nexrad-level2/2010/03/16/KMTX/KMTX20100316_155621_V03.gz', 's3://unidata-nexrad-level2/2010/03/16/KCBX/KCBX20100316_155702_V04.gz', 's3://unidata-nexrad-level2/2010/03/16/KRGX/KRGX20100316_160121_V03.gz', 's3://unidata-nexrad-level2/2010/03/16/KSFX/KSFX20100316_153757_V03.gz']"
T,C210,RSW UUA /OV RSW130040/TM 1420/FL120/TP C210/TB SEV/RM LOST OF 700 FTCWSU ZMA,SEV,,12000.0,26.109500216310007,-81.18584233964245,2010-03-12 14:20:00,5.0,L,"('KAMX', 'KAMX', 'KBYX', 'KTBW', 'KMLB')","['s3://unidata-nexrad-level2/2010/03/12/KAMX/KAMX20100312_141834_V03.gz', 's3://unidata-nexrad-level2/2010/03/12/KAMX/KAMX20100312_141834_V03.gz', 's3://unidata-nexrad-level2/2010/03/12/KBYX/KBYX20100312_141918_V03.gz', 's3://unidata-nexrad-level2/2010/03/12/KTBW/KTBW20100312_141933_V03.gz', 's3://unidata-nexrad-level2/2010/03/12/KMLB/KMLB20100312_141625_V03.gz']"
F,PA32,LRF UA /OV HOT320030-CWS /TM 1815 /FL055 /TP PA32 /TB OCNL LGT BLO 055,OCNL LGT BLO 055,201003051925-KWBC-UBAR90-PIREP,5500.0,34.86305324639046,-93.47991937111708,2010-03-05 18:15:00,1.0,L,"('KSRX', 'KLZK', 'KINX', 'KSGF', 'KSHV')","['s3://unidata-nexrad-level2/2010/03/05/KSRX/KSRX20100305_180959_V03.gz', 's3://unidata-nexrad-level2/2010/03/05/KLZK/KLZK20100305_180554_V03.gz', 's3://unidata-nexrad-level2/2010/03/05/KINX/KINX20100305_181133_V03.gz', 's3://unidata-nexrad-level2/2010/03/05/KSGF/KSGF20100305_181340_V03.gz', 's3://unidata-nexrad-level2/2010/03/05/KSHV/KSHV20100305_180938_V03.gz']"
T,PA22,OGD UUA /OV OGD /TM 1845 /FL000 /TP PA22 /TB SEV /RM LLWS 50AGL FA RRWY 16,SEV,201003041855-KWBC-UBUT90-PIREP,0.0,41.22,-112.1,2010-03-04 18:45:00,5.0,L,"('KMTX', 'KSFX', 'KRIW', 'KICX', 'KGJX')","['s3://unidata-nexrad-level2/2010/03/04/KMTX/KMTX20100304_184354_V03.gz', 's3://unidata-nexrad-level2/2010/03/04/KSFX/KSFX20100304_184459_V03.gz', 's3://unidata-nexrad-level2/2010/03/04/KRIW/KRIW20100304_184141_V03.gz', 's3://unidata-nexrad-level2/2010/03/04/KICX/KICX20100304_184124_V03.gz', 's3://unidata-nexrad-level2/2010/03/04/KGJX/KGJX20100304_183904_V03.gz']"
T,GLF3,MSY UUA /OV HRV315020/TM 1557/FL450/TP GLF3/TB SEV/RM NO DAMAGE OR INJURIES AWC-WEB:KZHU,SEV,201003091600-KMSC-UBUS01-PIREP,45000.0,30.0857213522977,-90.27177771237363,2010-03-09 15:57:00,5.0,M,"('KHDC', 'KLIX', 'KMOB', 'KDGX', 'KLCH')","['s3://unidata-nexrad-level2/2010/03/09/KLIX/KLIX20100309_155557_V03.gz', 's3://unidata-nexrad-level2/2010/03/09/KMOB/KMOB20100309_155340_V03.gz', 's3://unidata-nexrad-level2/2010/03/09/KDGX/KDGX20100309_155523_V03.gz', 's3://unidata-nexrad-level2/2010/03/09/KLCH/KLCH20100309_155508_V03.gz']"
T,B737,BKV UUA /OV PIE360040 /TM 1816 /FL250 /TP B737 /TB SEV 250-270,SEV 250-270,,25000.0,28.576720666720668,-82.68742,2010-03-11 18:16:00,5.0,M,"('KTBW', 'KMLB', 'KJAX', 'KTLH', 'KVAX')","['s3://unidata-nexrad-level2/2010/03/11/KTBW/KTBW20100311_181345_V03.gz', 's3://unidata-nexrad-level2/2010/03/11/KMLB/KMLB20100311_181235_V03.gz', 's3://unidata-nexrad-level2/2010/03/11/KJAX/KJAX20100311_181302_V03.gz', 's3://unidata-nexrad-level2/2010/03/11/KTLH/KTLH20100311_181446_V03.gz']"
T,CRJ2,ITH UUA /OV SYR225025 /TM 1407 /FL270 /TP CRJ2 /TB SEV,SEV,201003291415-KWBC-UBNY90-PIREP,27000.0,42.86534830962787,-76.60393880762881,2010-03-29 14:07:00,5.0,M,"('KBGM', 'KBUF', 'KTYX', 'KENX', 'KCCX')","['s3://unidata-nexrad-level2/2010/03/29/KBGM/KBGM20100329_140521_V03.gz', 's3://unidata-nexrad-level2/2010/03/29/KBUF/KBUF20100329_140550_V03.gz', 's3://unidata-nexrad-level2/2010/03/29/KTYX/KTYX20100329_140255_V04.gz', 's3://unidata-nexrad-level2/2010/03/29/KENX/KENX20100329_140642_V03.gz', 's3://unidata-nexrad-level2/2010/03/29/KCCX/KCCX20100329_135915_V03.gz']"
F,B733,CNU UA /OV BUM270050/TM 1934/FL350/TP B733/TB MOD CHOP/RM FROM 50W BUM-20E BUM AWC-WEB:SWA,MOD CHOP,201003031940-KWBC-UBKS90-PIREP,35000.0,38.27,-95.55152083431764,2010-03-03 19:34:00,3.0,M,"('KTWX', 'KICT', 'KEAX', 'KSGF', 'KVNX')","['s3://unidata-nexrad-level2/2010/03/03/KTWX/KTWX20100303_192639_V03.gz', 's3://unidata-nexrad-level2/2010/03/03/KICT/KICT20100303_192627_V03.gz', 's3://unidata-nexrad-level2/2010/03/03/KEAX/KEAX20100303_192805_V03.gz', 's3://unidata-nexrad-level2/2010/03/03/KSGF/KSGF20100303_192629_V03.gz', 's3://unidata-nexrad-level2/2010/03/03/KVNX/KVNX20100303_193230_V03.gz']"
F,B737,OMN UA /OV OMN 270030/TM 1715/FL330/TP B737/TB SEV/RM ZJX CWSU,SEV,,33000.0,29.30056,-81.68700853440731,2010-03-11 17:15:00,5.0,M,"('KMLB', 'KJAX', 'KTBW', 'KVAX', 'KTLH')","['s3://unidata-nexrad-level2/2010/03/11/KMLB/KMLB20100311_171116_V03.gz', 's3://unidata-nexrad-level2/2010/03/11/KJAX/KJAX20100311_171234_V03.gz', 's3://unidata-nexrad-level2/2010/03/11/KTBW/KTBW20100311_171258_V03.gz', 's3://unidata-nexrad-level2/2010/03/11/KTLH/KTLH20100311_171256_V03.gz']"
