Resetting environment
Deactivating conda environment (if any)
Purging all modules
Done! Environment has been torn down
Allocating resources with slurm...
Loading cuda and miniforge...
Activating conda environment...
Redirecting into the NEXRAD repo...
Done! Environment has now been set up
Fri Apr 17 14:42:18 2026       
+-----------------------------------------------------------------------------------------+
| NVIDIA-SMI 575.57.08              Driver Version: 575.57.08      CUDA Version: 12.9     |
|-----------------------------------------+------------------------+----------------------+
| GPU  Name                 Persistence-M | Bus-Id          Disp.A | Volatile Uncorr. ECC |
| Fan  Temp   Perf          Pwr:Usage/Cap |           Memory-Usage | GPU-Util  Compute M. |
|                                         |                        |               MIG M. |
|=========================================+========================+======================|
|   0  NVIDIA L40S                    On  |   00000000:B0:00.0 Off |                    0 |
| N/A   36C    P8             34W /  350W |       0MiB /  46068MiB |      0%      Default |
|                                         |                        |                  N/A |
+-----------------------------------------+------------------------+----------------------+
                                                                                         
+-----------------------------------------------------------------------------------------+
| Processes:                                                                              |
|  GPU   GI   CI              PID   Type   Process name                        GPU Memory |
|        ID   ID                                                               Usage      |
|=========================================================================================|
|  No running processes found                                                             |
+-----------------------------------------------------------------------------------------+
About to train the resnet model with seed 42
Using GPU!!!
Original dataset length: 27181
Training the resnet model
Using CrossEntropyLoss
Using 42 as the seed for splitting the dataset
No checkpoint found.
Beginning search over different values of l2_alpha

Beginning 6-fold Cross Validation with l2_alpha = 0.1
Fold 0 with l2_alpha = 0.1
Train subset size: 19253, Validation subset size: 3851
BEGINNING EPOCH 1
[Epoch 1, Batch    50] avg loss: 3.9711
[Epoch 1, Batch   100] avg loss: 1.0076
[Epoch 1, Batch   150] avg loss: 0.8500
[Epoch 1, Batch   200] avg loss: 0.7287
[Epoch 1, Batch   250] avg loss: 0.7405
[Epoch 1, Batch   300] avg loss: 0.7041
Validation loss: 0.6832 (61 batches)
loss_per_epoch_list on epoch 1 is [0.683244770667592]

Checkpoint saved at /cluster/tufts/capstone25skyblue/eelkus01/NEXRADTurbulencePrediction/model_training/trained_model_outputs/resnet_42_model_checkpoint.pth for l2_alpha_idx: 0, fold 0, and epoch 1
BEGINNING EPOCH 2
[Epoch 2, Batch    50] avg loss: 0.7002
[Epoch 2, Batch   100] avg loss: 0.7020
[Epoch 2, Batch   150] avg loss: 0.6967
[Epoch 2, Batch   200] avg loss: 0.6931
[Epoch 2, Batch   250] avg loss: 0.6944
[Epoch 2, Batch   300] avg loss: 0.6946
Validation loss: 0.6897 (61 batches)
loss_per_epoch_list on epoch 2 is [0.683244770667592, 0.6896549394873323]

Checkpoint saved at /cluster/tufts/capstone25skyblue/eelkus01/NEXRADTurbulencePrediction/model_training/trained_model_outputs/resnet_42_model_checkpoint.pth for l2_alpha_idx: 0, fold 0, and epoch 2
BEGINNING EPOCH 3
[Epoch 3, Batch    50] avg loss: 0.6923
[Epoch 3, Batch   100] avg loss: 0.6950
[Epoch 3, Batch   150] avg loss: 0.6923
[Epoch 3, Batch   200] avg loss: 0.6923
[Epoch 3, Batch   250] avg loss: 0.6934
[Epoch 3, Batch   300] avg loss: 0.6946
Validation loss: 0.6900 (61 batches)
loss_per_epoch_list on epoch 3 is [0.683244770667592, 0.6896549394873323, 0.6900340045084719]

Checkpoint saved at /cluster/tufts/capstone25skyblue/eelkus01/NEXRADTurbulencePrediction/model_training/trained_model_outputs/resnet_42_model_checkpoint.pth for l2_alpha_idx: 0, fold 0, and epoch 3
BEGINNING EPOCH 4
[Epoch 4, Batch    50] avg loss: 0.6924
[Epoch 4, Batch   100] avg loss: 0.6918
[Epoch 4, Batch   150] avg loss: 0.6895
[Epoch 4, Batch   200] avg loss: 0.6896
[Epoch 4, Batch   250] avg loss: 0.6945
[Epoch 4, Batch   300] avg loss: 0.6909
Validation loss: 0.6944 (61 batches)
loss_per_epoch_list on epoch 4 is [0.683244770667592, 0.6896549394873323, 0.6900340045084719, 0.6944059964086189]

Checkpoint saved at /cluster/tufts/capstone25skyblue/eelkus01/NEXRADTurbulencePrediction/model_training/trained_model_outputs/resnet_42_model_checkpoint.pth for l2_alpha_idx: 0, fold 0, and epoch 4
BEGINNING EPOCH 5
[Epoch 5, Batch    50] avg loss: 0.6915
[Epoch 5, Batch   100] avg loss: 0.6889
[Epoch 5, Batch   150] avg loss: 0.6920
[Epoch 5, Batch   200] avg loss: 0.6918
[Epoch 5, Batch   250] avg loss: 0.6889
[Epoch 5, Batch   300] avg loss: 0.6887
Validation loss: 0.6859 (61 batches)
loss_per_epoch_list on epoch 5 is [0.683244770667592, 0.6896549394873323, 0.6900340045084719, 0.6944059964086189, 0.6858518582875611]

Checkpoint saved at /cluster/tufts/capstone25skyblue/eelkus01/NEXRADTurbulencePrediction/model_training/trained_model_outputs/resnet_42_model_checkpoint.pth for l2_alpha_idx: 0, fold 0, and epoch 5
BEGINNING EPOCH 6
[Epoch 6, Batch    50] avg loss: 0.6900
[Epoch 6, Batch   100] avg loss: 0.6858
[Epoch 6, Batch   150] avg loss: 0.6872
[Epoch 6, Batch   200] avg loss: 0.6799
[Epoch 6, Batch   250] avg loss: 0.6759
[Epoch 6, Batch   300] avg loss: 0.6783
Validation loss: 0.6552 (61 batches)
loss_per_epoch_list on epoch 6 is [0.683244770667592, 0.6896549394873323, 0.6900340045084719, 0.6944059964086189, 0.6858518582875611, 0.6551715428711938]

Checkpoint saved at /cluster/tufts/capstone25skyblue/eelkus01/NEXRADTurbulencePrediction/model_training/trained_model_outputs/resnet_42_model_checkpoint.pth for l2_alpha_idx: 0, fold 0, and epoch 6
BEGINNING EPOCH 7
[Epoch 7, Batch    50] avg loss: 0.6763
[Epoch 7, Batch   100] avg loss: 0.6747
[Epoch 7, Batch   150] avg loss: 0.6655
[Epoch 7, Batch   200] avg loss: 0.6745
[Epoch 7, Batch   250] avg loss: 0.6749
[Epoch 7, Batch   300] avg loss: 0.6705
Validation loss: 0.6895 (61 batches)
loss_per_epoch_list on epoch 7 is [0.683244770667592, 0.6896549394873323, 0.6900340045084719, 0.6944059964086189, 0.6858518582875611, 0.6551715428711938, 0.6895082260741562]

Checkpoint saved at /cluster/tufts/capstone25skyblue/eelkus01/NEXRADTurbulencePrediction/model_training/trained_model_outputs/resnet_42_model_checkpoint.pth for l2_alpha_idx: 0, fold 0, and epoch 7
BEGINNING EPOCH 8
[Epoch 8, Batch    50] avg loss: 0.6582
[Epoch 8, Batch   100] avg loss: 0.6744
[Epoch 8, Batch   150] avg loss: 0.6607
[Epoch 8, Batch   200] avg loss: 0.6559
[Epoch 8, Batch   250] avg loss: 0.6619
[Epoch 8, Batch   300] avg loss: 0.6587
Validation loss: 0.6514 (61 batches)
loss_per_epoch_list on epoch 8 is [0.683244770667592, 0.6896549394873323, 0.6900340045084719, 0.6944059964086189, 0.6858518582875611, 0.6551715428711938, 0.6895082260741562, 0.6513661341589005]

Checkpoint saved at /cluster/tufts/capstone25skyblue/eelkus01/NEXRADTurbulencePrediction/model_training/trained_model_outputs/resnet_42_model_checkpoint.pth for l2_alpha_idx: 0, fold 0, and epoch 8
BEGINNING EPOCH 9
[Epoch 9, Batch    50] avg loss: 0.6656
[Epoch 9, Batch   100] avg loss: 0.6600
[Epoch 9, Batch   150] avg loss: 0.6606
[Epoch 9, Batch   200] avg loss: 0.6549
[Epoch 9, Batch   250] avg loss: 0.6629
[Epoch 9, Batch   300] avg loss: 0.6566
Validation loss: 0.6414 (61 batches)
loss_per_epoch_list on epoch 9 is [0.683244770667592, 0.6896549394873323, 0.6900340045084719, 0.6944059964086189, 0.6858518582875611, 0.6551715428711938, 0.6895082260741562, 0.6513661341589005, 0.6413532221903566]

Checkpoint saved at /cluster/tufts/capstone25skyblue/eelkus01/NEXRADTurbulencePrediction/model_training/trained_model_outputs/resnet_42_model_checkpoint.pth for l2_alpha_idx: 0, fold 0, and epoch 9
BEGINNING EPOCH 10
[Epoch 10, Batch    50] avg loss: 0.6583
[Epoch 10, Batch   100] avg loss: 0.6598
[Epoch 10, Batch   150] avg loss: 0.6493
[Epoch 10, Batch   200] avg loss: 0.6542
[Epoch 10, Batch   250] avg loss: 0.6521
[Epoch 10, Batch   300] avg loss: 0.6485
Validation loss: 0.6956 (61 batches)
loss_per_epoch_list on epoch 10 is [0.683244770667592, 0.6896549394873323, 0.6900340045084719, 0.6944059964086189, 0.6858518582875611, 0.6551715428711938, 0.6895082260741562, 0.6513661341589005, 0.6413532221903566, 0.6956326521810938]

Checkpoint saved at /cluster/tufts/capstone25skyblue/eelkus01/NEXRADTurbulencePrediction/model_training/trained_model_outputs/resnet_42_model_checkpoint.pth for l2_alpha_idx: 0, fold 0, and epoch 10
BEGINNING EPOCH 11
[Epoch 11, Batch    50] avg loss: 0.6450
[Epoch 11, Batch   100] avg loss: 0.6457
[Epoch 11, Batch   150] avg loss: 0.6507
[Epoch 11, Batch   200] avg loss: 0.6572
[Epoch 11, Batch   250] avg loss: 0.6619
[Epoch 11, Batch   300] avg loss: 0.6501
Validation loss: 0.6645 (61 batches)
loss_per_epoch_list on epoch 11 is [0.683244770667592, 0.6896549394873323, 0.6900340045084719, 0.6944059964086189, 0.6858518582875611, 0.6551715428711938, 0.6895082260741562, 0.6513661341589005, 0.6413532221903566, 0.6956326521810938, 0.6644650404570532]

Checkpoint saved at /cluster/tufts/capstone25skyblue/eelkus01/NEXRADTurbulencePrediction/model_training/trained_model_outputs/resnet_42_model_checkpoint.pth for l2_alpha_idx: 0, fold 0, and epoch 11
BEGINNING EPOCH 12
[Epoch 12, Batch    50] avg loss: 0.6453
[Epoch 12, Batch   100] avg loss: 0.6513
[Epoch 12, Batch   150] avg loss: 0.6510
[Epoch 12, Batch   200] avg loss: 0.6414
[Epoch 12, Batch   250] avg loss: 0.6393
[Epoch 12, Batch   300] avg loss: 0.6413
Validation loss: 0.6782 (61 batches)
loss_per_epoch_list on epoch 12 is [0.683244770667592, 0.6896549394873323, 0.6900340045084719, 0.6944059964086189, 0.6858518582875611, 0.6551715428711938, 0.6895082260741562, 0.6513661341589005, 0.6413532221903566, 0.6956326521810938, 0.6644650404570532, 0.6782310917729237]

Checkpoint saved at /cluster/tufts/capstone25skyblue/eelkus01/NEXRADTurbulencePrediction/model_training/trained_model_outputs/resnet_42_model_checkpoint.pth for l2_alpha_idx: 0, fold 0, and epoch 12
BEGINNING EPOCH 13
[Epoch 13, Batch    50] avg loss: 0.6475
[Epoch 13, Batch   100] avg loss: 0.6501
[Epoch 13, Batch   150] avg loss: 0.6389
[Epoch 13, Batch   200] avg loss: 0.6377
[Epoch 13, Batch   250] avg loss: 0.6518
[Epoch 13, Batch   300] avg loss: 0.6463
Validation loss: 0.6475 (61 batches)
loss_per_epoch_list on epoch 13 is [0.683244770667592, 0.6896549394873323, 0.6900340045084719, 0.6944059964086189, 0.6858518582875611, 0.6551715428711938, 0.6895082260741562, 0.6513661341589005, 0.6413532221903566, 0.6956326521810938, 0.6644650404570532, 0.6782310917729237, 0.647458689134629]

Checkpoint saved at /cluster/tufts/capstone25skyblue/eelkus01/NEXRADTurbulencePrediction/model_training/trained_model_outputs/resnet_42_model_checkpoint.pth for l2_alpha_idx: 0, fold 0, and epoch 13
BEGINNING EPOCH 14
[Epoch 14, Batch    50] avg loss: 0.6502
[Epoch 14, Batch   100] avg loss: 0.6340
[Epoch 14, Batch   150] avg loss: 0.6450
[Epoch 14, Batch   200] avg loss: 0.6379
[Epoch 14, Batch   250] avg loss: 0.6364
[Epoch 14, Batch   300] avg loss: 0.6447
Validation loss: 0.6485 (61 batches)
loss_per_epoch_list on epoch 14 is [0.683244770667592, 0.6896549394873323, 0.6900340045084719, 0.6944059964086189, 0.6858518582875611, 0.6551715428711938, 0.6895082260741562, 0.6513661341589005, 0.6413532221903566, 0.6956326521810938, 0.6644650404570532, 0.6782310917729237, 0.647458689134629, 0.6485121435806399]

Checkpoint saved at /cluster/tufts/capstone25skyblue/eelkus01/NEXRADTurbulencePrediction/model_training/trained_model_outputs/resnet_42_model_checkpoint.pth for l2_alpha_idx: 0, fold 0, and epoch 14
BEGINNING EPOCH 15
[Epoch 15, Batch    50] avg loss: 0.6378
[Epoch 15, Batch   100] avg loss: 0.6413
[Epoch 15, Batch   150] avg loss: 0.6400
[Epoch 15, Batch   200] avg loss: 0.6449
[Epoch 15, Batch   250] avg loss: 0.6373
[Epoch 15, Batch   300] avg loss: 0.6410
Validation loss: 0.6305 (61 batches)
loss_per_epoch_list on epoch 15 is [0.683244770667592, 0.6896549394873323, 0.6900340045084719, 0.6944059964086189, 0.6858518582875611, 0.6551715428711938, 0.6895082260741562, 0.6513661341589005, 0.6413532221903566, 0.6956326521810938, 0.6644650404570532, 0.6782310917729237, 0.647458689134629, 0.6485121435806399, 0.6304715422333264]

Checkpoint saved at /cluster/tufts/capstone25skyblue/eelkus01/NEXRADTurbulencePrediction/model_training/trained_model_outputs/resnet_42_model_checkpoint.pth for l2_alpha_idx: 0, fold 0, and epoch 15
BEGINNING EPOCH 16
[Epoch 16, Batch    50] avg loss: 0.6403
[Epoch 16, Batch   100] avg loss: 0.6381
[Epoch 16, Batch   150] avg loss: 0.6391
[Epoch 16, Batch   200] avg loss: 0.6262
[Epoch 16, Batch   250] avg loss: 0.6368
[Epoch 16, Batch   300] avg loss: 0.6303
Validation loss: 0.6723 (61 batches)
loss_per_epoch_list on epoch 16 is [0.683244770667592, 0.6896549394873323, 0.6900340045084719, 0.6944059964086189, 0.6858518582875611, 0.6551715428711938, 0.6895082260741562, 0.6513661341589005, 0.6413532221903566, 0.6956326521810938, 0.6644650404570532, 0.6782310917729237, 0.647458689134629, 0.6485121435806399, 0.6304715422333264, 0.6722918514345513]

Checkpoint saved at /cluster/tufts/capstone25skyblue/eelkus01/NEXRADTurbulencePrediction/model_training/trained_model_outputs/resnet_42_model_checkpoint.pth for l2_alpha_idx: 0, fold 0, and epoch 16
BEGINNING EPOCH 17
[Epoch 17, Batch    50] avg loss: 0.6326
[Epoch 17, Batch   100] avg loss: 0.6262
[Epoch 17, Batch   150] avg loss: 0.6161
[Epoch 17, Batch   200] avg loss: 0.6315
[Epoch 17, Batch   250] avg loss: 0.6259
[Epoch 17, Batch   300] avg loss: 0.6278
Validation loss: 0.6466 (61 batches)
loss_per_epoch_list on epoch 17 is [0.683244770667592, 0.6896549394873323, 0.6900340045084719, 0.6944059964086189, 0.6858518582875611, 0.6551715428711938, 0.6895082260741562, 0.6513661341589005, 0.6413532221903566, 0.6956326521810938, 0.6644650404570532, 0.6782310917729237, 0.647458689134629, 0.6485121435806399, 0.6304715422333264, 0.6722918514345513, 0.646572303087985]

Checkpoint saved at /cluster/tufts/capstone25skyblue/eelkus01/NEXRADTurbulencePrediction/model_training/trained_model_outputs/resnet_42_model_checkpoint.pth for l2_alpha_idx: 0, fold 0, and epoch 17
BEGINNING EPOCH 18
[Epoch 18, Batch    50] avg loss: 0.6209
[Epoch 18, Batch   100] avg loss: 0.6317
[Epoch 18, Batch   150] avg loss: 0.6139
[Epoch 18, Batch   200] avg loss: 0.6249
[Epoch 18, Batch   250] avg loss: 0.6285
[Epoch 18, Batch   300] avg loss: 0.6103
Validation loss: 0.6466 (61 batches)
loss_per_epoch_list on epoch 18 is [0.683244770667592, 0.6896549394873323, 0.6900340045084719, 0.6944059964086189, 0.6858518582875611, 0.6551715428711938, 0.6895082260741562, 0.6513661341589005, 0.6413532221903566, 0.6956326521810938, 0.6644650404570532, 0.6782310917729237, 0.647458689134629, 0.6485121435806399, 0.6304715422333264, 0.6722918514345513, 0.646572303087985, 0.6465700571654273]

Checkpoint saved at /cluster/tufts/capstone25skyblue/eelkus01/NEXRADTurbulencePrediction/model_training/trained_model_outputs/resnet_42_model_checkpoint.pth for l2_alpha_idx: 0, fold 0, and epoch 18
BEGINNING EPOCH 19
[Epoch 19, Batch    50] avg loss: 0.6127
[Epoch 19, Batch   100] avg loss: 0.6152
[Epoch 19, Batch   150] avg loss: 0.6211
[Epoch 19, Batch   200] avg loss: 0.6317
[Epoch 19, Batch   250] avg loss: 0.6153
[Epoch 19, Batch   300] avg loss: 0.6068
Validation loss: 0.6515 (61 batches)
loss_per_epoch_list on epoch 19 is [0.683244770667592, 0.6896549394873323, 0.6900340045084719, 0.6944059964086189, 0.6858518582875611, 0.6551715428711938, 0.6895082260741562, 0.6513661341589005, 0.6413532221903566, 0.6956326521810938, 0.6644650404570532, 0.6782310917729237, 0.647458689134629, 0.6485121435806399, 0.6304715422333264, 0.6722918514345513, 0.646572303087985, 0.6465700571654273, 0.6514763499869675]

Checkpoint saved at /cluster/tufts/capstone25skyblue/eelkus01/NEXRADTurbulencePrediction/model_training/trained_model_outputs/resnet_42_model_checkpoint.pth for l2_alpha_idx: 0, fold 0, and epoch 19
BEGINNING EPOCH 20
[Epoch 20, Batch    50] avg loss: 0.6130
[Epoch 20, Batch   100] avg loss: 0.6074
[Epoch 20, Batch   150] avg loss: 0.5996
[Epoch 20, Batch   200] avg loss: 0.6136
[Epoch 20, Batch   250] avg loss: 0.6148
[Epoch 20, Batch   300] avg loss: 0.5930
Validation loss: 0.6534 (61 batches)
loss_per_epoch_list on epoch 20 is [0.683244770667592, 0.6896549394873323, 0.6900340045084719, 0.6944059964086189, 0.6858518582875611, 0.6551715428711938, 0.6895082260741562, 0.6513661341589005, 0.6413532221903566, 0.6956326521810938, 0.6644650404570532, 0.6782310917729237, 0.647458689134629, 0.6485121435806399, 0.6304715422333264, 0.6722918514345513, 0.646572303087985, 0.6465700571654273, 0.6514763499869675, 0.6533584726638482]

Checkpoint saved at /cluster/tufts/capstone25skyblue/eelkus01/NEXRADTurbulencePrediction/model_training/trained_model_outputs/resnet_42_model_checkpoint.pth for l2_alpha_idx: 0, fold 0, and epoch 20
BEGINNING EPOCH 21
[Epoch 21, Batch    50] avg loss: 0.5941
[Epoch 21, Batch   100] avg loss: 0.5884
[Epoch 21, Batch   150] avg loss: 0.5975
[Epoch 21, Batch   200] avg loss: 0.5936
[Epoch 21, Batch   250] avg loss: 0.5895
[Epoch 21, Batch   300] avg loss: 0.5825
Validation loss: 0.7494 (61 batches)
loss_per_epoch_list on epoch 21 is [0.683244770667592, 0.6896549394873323, 0.6900340045084719, 0.6944059964086189, 0.6858518582875611, 0.6551715428711938, 0.6895082260741562, 0.6513661341589005, 0.6413532221903566, 0.6956326521810938, 0.6644650404570532, 0.6782310917729237, 0.647458689134629, 0.6485121435806399, 0.6304715422333264, 0.6722918514345513, 0.646572303087985, 0.6465700571654273, 0.6514763499869675, 0.6533584726638482, 0.7493613802018713]

Checkpoint saved at /cluster/tufts/capstone25skyblue/eelkus01/NEXRADTurbulencePrediction/model_training/trained_model_outputs/resnet_42_model_checkpoint.pth for l2_alpha_idx: 0, fold 0, and epoch 21
BEGINNING EPOCH 22
[Epoch 22, Batch    50] avg loss: 0.5864
[Epoch 22, Batch   100] avg loss: 0.5837
[Epoch 22, Batch   150] avg loss: 0.5601
[Epoch 22, Batch   200] avg loss: 0.5767
[Epoch 22, Batch   250] avg loss: 0.5848
[Epoch 22, Batch   300] avg loss: 0.5880
Validation loss: 0.6939 (61 batches)
loss_per_epoch_list on epoch 22 is [0.683244770667592, 0.6896549394873323, 0.6900340045084719, 0.6944059964086189, 0.6858518582875611, 0.6551715428711938, 0.6895082260741562, 0.6513661341589005, 0.6413532221903566, 0.6956326521810938, 0.6644650404570532, 0.6782310917729237, 0.647458689134629, 0.6485121435806399, 0.6304715422333264, 0.6722918514345513, 0.646572303087985, 0.6465700571654273, 0.6514763499869675, 0.6533584726638482, 0.7493613802018713, 0.6939307881183312]

Checkpoint saved at /cluster/tufts/capstone25skyblue/eelkus01/NEXRADTurbulencePrediction/model_training/trained_model_outputs/resnet_42_model_checkpoint.pth for l2_alpha_idx: 0, fold 0, and epoch 22
BEGINNING EPOCH 23
[Epoch 23, Batch    50] avg loss: 0.5718
[Epoch 23, Batch   100] avg loss: 0.5658
[Epoch 23, Batch   150] avg loss: 0.5513
[Epoch 23, Batch   200] avg loss: 0.5679
[Epoch 23, Batch   250] avg loss: 0.5673
[Epoch 23, Batch   300] avg loss: 0.5294
Validation loss: 0.7604 (61 batches)
loss_per_epoch_list on epoch 23 is [0.683244770667592, 0.6896549394873323, 0.6900340045084719, 0.6944059964086189, 0.6858518582875611, 0.6551715428711938, 0.6895082260741562, 0.6513661341589005, 0.6413532221903566, 0.6956326521810938, 0.6644650404570532, 0.6782310917729237, 0.647458689134629, 0.6485121435806399, 0.6304715422333264, 0.6722918514345513, 0.646572303087985, 0.6465700571654273, 0.6514763499869675, 0.6533584726638482, 0.7493613802018713, 0.6939307881183312, 0.7603901546509539]

Checkpoint saved at /cluster/tufts/capstone25skyblue/eelkus01/NEXRADTurbulencePrediction/model_training/trained_model_outputs/resnet_42_model_checkpoint.pth for l2_alpha_idx: 0, fold 0, and epoch 23
BEGINNING EPOCH 24
[Epoch 24, Batch    50] avg loss: 0.5688
[Epoch 24, Batch   100] avg loss: 0.5402
[Epoch 24, Batch   150] avg loss: 0.5433
[Epoch 24, Batch   200] avg loss: 0.5464
[Epoch 24, Batch   250] avg loss: 0.5405
[Epoch 24, Batch   300] avg loss: 0.5332
Validation loss: 0.7929 (61 batches)
loss_per_epoch_list on epoch 24 is [0.683244770667592, 0.6896549394873323, 0.6900340045084719, 0.6944059964086189, 0.6858518582875611, 0.6551715428711938, 0.6895082260741562, 0.6513661341589005, 0.6413532221903566, 0.6956326521810938, 0.6644650404570532, 0.6782310917729237, 0.647458689134629, 0.6485121435806399, 0.6304715422333264, 0.6722918514345513, 0.646572303087985, 0.6465700571654273, 0.6514763499869675, 0.6533584726638482, 0.7493613802018713, 0.6939307881183312, 0.7603901546509539, 0.792876835729255]

Checkpoint saved at /cluster/tufts/capstone25skyblue/eelkus01/NEXRADTurbulencePrediction/model_training/trained_model_outputs/resnet_42_model_checkpoint.pth for l2_alpha_idx: 0, fold 0, and epoch 24
BEGINNING EPOCH 25
[Epoch 25, Batch    50] avg loss: 0.5321
[Epoch 25, Batch   100] avg loss: 0.5308
[Epoch 25, Batch   150] avg loss: 0.5133
[Epoch 25, Batch   200] avg loss: 0.5131
[Epoch 25, Batch   250] avg loss: 0.5201
[Epoch 25, Batch   300] avg loss: 0.5053
Validation loss: 0.9080 (61 batches)
loss_per_epoch_list on epoch 25 is [0.683244770667592, 0.6896549394873323, 0.6900340045084719, 0.6944059964086189, 0.6858518582875611, 0.6551715428711938, 0.6895082260741562, 0.6513661341589005, 0.6413532221903566, 0.6956326521810938, 0.6644650404570532, 0.6782310917729237, 0.647458689134629, 0.6485121435806399, 0.6304715422333264, 0.6722918514345513, 0.646572303087985, 0.6465700571654273, 0.6514763499869675, 0.6533584726638482, 0.7493613802018713, 0.6939307881183312, 0.7603901546509539, 0.792876835729255, 0.9080120969991214]

Checkpoint saved at /cluster/tufts/capstone25skyblue/eelkus01/NEXRADTurbulencePrediction/model_training/trained_model_outputs/resnet_42_model_checkpoint.pth for l2_alpha_idx: 0, fold 0, and epoch 25
BEGINNING EPOCH 26
[Epoch 26, Batch    50] avg loss: 0.4982
[Epoch 26, Batch   100] avg loss: 0.5063
[Epoch 26, Batch   150] avg loss: 0.4850
[Epoch 26, Batch   200] avg loss: 0.5040
[Epoch 26, Batch   250] avg loss: 0.4727
[Epoch 26, Batch   300] avg loss: 0.4846
Validation loss: 0.8623 (61 batches)
loss_per_epoch_list on epoch 26 is [0.683244770667592, 0.6896549394873323, 0.6900340045084719, 0.6944059964086189, 0.6858518582875611, 0.6551715428711938, 0.6895082260741562, 0.6513661341589005, 0.6413532221903566, 0.6956326521810938, 0.6644650404570532, 0.6782310917729237, 0.647458689134629, 0.6485121435806399, 0.6304715422333264, 0.6722918514345513, 0.646572303087985, 0.6465700571654273, 0.6514763499869675, 0.6533584726638482, 0.7493613802018713, 0.6939307881183312, 0.7603901546509539, 0.792876835729255, 0.9080120969991214, 0.8623028553900172]

Checkpoint saved at /cluster/tufts/capstone25skyblue/eelkus01/NEXRADTurbulencePrediction/model_training/trained_model_outputs/resnet_42_model_checkpoint.pth for l2_alpha_idx: 0, fold 0, and epoch 26
BEGINNING EPOCH 27
[Epoch 27, Batch    50] avg loss: 0.4819
[Epoch 27, Batch   100] avg loss: 0.4580
[Epoch 27, Batch   150] avg loss: 0.4660
[Epoch 27, Batch   200] avg loss: 0.4603
[Epoch 27, Batch   250] avg loss: 0.4368
[Epoch 27, Batch   300] avg loss: 0.4322
Validation loss: 0.8702 (61 batches)
loss_per_epoch_list on epoch 27 is [0.683244770667592, 0.6896549394873323, 0.6900340045084719, 0.6944059964086189, 0.6858518582875611, 0.6551715428711938, 0.6895082260741562, 0.6513661341589005, 0.6413532221903566, 0.6956326521810938, 0.6644650404570532, 0.6782310917729237, 0.647458689134629, 0.6485121435806399, 0.6304715422333264, 0.6722918514345513, 0.646572303087985, 0.6465700571654273, 0.6514763499869675, 0.6533584726638482, 0.7493613802018713, 0.6939307881183312, 0.7603901546509539, 0.792876835729255, 0.9080120969991214, 0.8623028553900172, 0.8702477177635568]

Checkpoint saved at /cluster/tufts/capstone25skyblue/eelkus01/NEXRADTurbulencePrediction/model_training/trained_model_outputs/resnet_42_model_checkpoint.pth for l2_alpha_idx: 0, fold 0, and epoch 27
BEGINNING EPOCH 28
[Epoch 28, Batch    50] avg loss: 0.4571
[Epoch 28, Batch   100] avg loss: 0.4199
[Epoch 28, Batch   150] avg loss: 0.4492
[Epoch 28, Batch   200] avg loss: 0.4325
[Epoch 28, Batch   250] avg loss: 0.4048
[Epoch 28, Batch   300] avg loss: 0.4203
Validation loss: 0.9199 (61 batches)
loss_per_epoch_list on epoch 28 is [0.683244770667592, 0.6896549394873323, 0.6900340045084719, 0.6944059964086189, 0.6858518582875611, 0.6551715428711938, 0.6895082260741562, 0.6513661341589005, 0.6413532221903566, 0.6956326521810938, 0.6644650404570532, 0.6782310917729237, 0.647458689134629, 0.6485121435806399, 0.6304715422333264, 0.6722918514345513, 0.646572303087985, 0.6465700571654273, 0.6514763499869675, 0.6533584726638482, 0.7493613802018713, 0.6939307881183312, 0.7603901546509539, 0.792876835729255, 0.9080120969991214, 0.8623028553900172, 0.8702477177635568, 0.9198664241149778]

Checkpoint saved at /cluster/tufts/capstone25skyblue/eelkus01/NEXRADTurbulencePrediction/model_training/trained_model_outputs/resnet_42_model_checkpoint.pth for l2_alpha_idx: 0, fold 0, and epoch 28
BEGINNING EPOCH 29
[Epoch 29, Batch    50] avg loss: 0.4273
[Epoch 29, Batch   100] avg loss: 0.4043
[Epoch 29, Batch   150] avg loss: 0.4128
[Epoch 29, Batch   200] avg loss: 0.4280
[Epoch 29, Batch   250] avg loss: 0.3674
[Epoch 29, Batch   300] avg loss: 0.3943
Validation loss: 0.9066 (61 batches)
loss_per_epoch_list on epoch 29 is [0.683244770667592, 0.6896549394873323, 0.6900340045084719, 0.6944059964086189, 0.6858518582875611, 0.6551715428711938, 0.6895082260741562, 0.6513661341589005, 0.6413532221903566, 0.6956326521810938, 0.6644650404570532, 0.6782310917729237, 0.647458689134629, 0.6485121435806399, 0.6304715422333264, 0.6722918514345513, 0.646572303087985, 0.6465700571654273, 0.6514763499869675, 0.6533584726638482, 0.7493613802018713, 0.6939307881183312, 0.7603901546509539, 0.792876835729255, 0.9080120969991214, 0.8623028553900172, 0.8702477177635568, 0.9198664241149778, 0.9066202493964649]

Checkpoint saved at /cluster/tufts/capstone25skyblue/eelkus01/NEXRADTurbulencePrediction/model_training/trained_model_outputs/resnet_42_model_checkpoint.pth for l2_alpha_idx: 0, fold 0, and epoch 29
Fold 0 had loss: 0.9066202493964649 on its last epoch

Fold 1 with l2_alpha = 0.1
Train subset size: 19253, Validation subset size: 3851
BEGINNING EPOCH 1
[Epoch 1, Batch    50] avg loss: 3.8633
[Epoch 1, Batch   100] avg loss: 0.9160
[Epoch 1, Batch   150] avg loss: 0.7430
[Epoch 1, Batch   200] avg loss: 0.9022
[Epoch 1, Batch   250] avg loss: 0.7975
[Epoch 1, Batch   300] avg loss: 0.7149
Validation loss: 0.6770 (61 batches)
loss_per_epoch_list on epoch 1 is [0.6769531808915685]

Checkpoint saved at /cluster/tufts/capstone25skyblue/eelkus01/NEXRADTurbulencePrediction/model_training/trained_model_outputs/resnet_42_model_checkpoint.pth for l2_alpha_idx: 0, fold 1, and epoch 1
BEGINNING EPOCH 2
[Epoch 2, Batch    50] avg loss: 0.7996
[Epoch 2, Batch   100] avg loss: 0.7771
[Epoch 2, Batch   150] avg loss: 0.7058
[Epoch 2, Batch   200] avg loss: 0.7438
[Epoch 2, Batch   250] avg loss: 0.6799
[Epoch 2, Batch   300] avg loss: 0.6893
Validation loss: 0.6900 (61 batches)
loss_per_epoch_list on epoch 2 is [0.6769531808915685, 0.6899503000447007]

Checkpoint saved at /cluster/tufts/capstone25skyblue/eelkus01/NEXRADTurbulencePrediction/model_training/trained_model_outputs/resnet_42_model_checkpoint.pth for l2_alpha_idx: 0, fold 1, and epoch 2
BEGINNING EPOCH 3
[Epoch 3, Batch    50] avg loss: 0.6894
[Epoch 3, Batch   100] avg loss: 0.6770
[Epoch 3, Batch   150] avg loss: 0.6784
[Epoch 3, Batch   200] avg loss: 0.6695
[Epoch 3, Batch   250] avg loss: 0.6827
[Epoch 3, Batch   300] avg loss: 0.6674
Validation loss: 0.6647 (61 batches)
loss_per_epoch_list on epoch 3 is [0.6769531808915685, 0.6899503000447007, 0.6646700931377099]

Checkpoint saved at /cluster/tufts/capstone25skyblue/eelkus01/NEXRADTurbulencePrediction/model_training/trained_model_outputs/resnet_42_model_checkpoint.pth for l2_alpha_idx: 0, fold 1, and epoch 3
BEGINNING EPOCH 4
[Epoch 4, Batch    50] avg loss: 0.6682
[Epoch 4, Batch   100] avg loss: 0.6856
[Epoch 4, Batch   150] avg loss: 0.6638
[Epoch 4, Batch   200] avg loss: 0.6706
[Epoch 4, Batch   250] avg loss: 0.6600
[Epoch 4, Batch   300] avg loss: 0.6707
Validation loss: 0.6795 (61 batches)
loss_per_epoch_list on epoch 4 is [0.6769531808915685, 0.6899503000447007, 0.6646700931377099, 0.6794915326306077]

Checkpoint saved at /cluster/tufts/capstone25skyblue/eelkus01/NEXRADTurbulencePrediction/model_training/trained_model_outputs/resnet_42_model_checkpoint.pth for l2_alpha_idx: 0, fold 1, and epoch 4
BEGINNING EPOCH 5
[Epoch 5, Batch    50] avg loss: 0.6677
[Epoch 5, Batch   100] avg loss: 0.6632
[Epoch 5, Batch   150] avg loss: 0.6665
[Epoch 5, Batch   200] avg loss: 0.6655
[Epoch 5, Batch   250] avg loss: 0.6680
[Epoch 5, Batch   300] avg loss: 0.6663
Validation loss: 0.6415 (61 batches)
loss_per_epoch_list on epoch 5 is [0.6769531808915685, 0.6899503000447007, 0.6646700931377099, 0.6794915326306077, 0.6414759628108291]

Checkpoint saved at /cluster/tufts/capstone25skyblue/eelkus01/NEXRADTurbulencePrediction/model_training/trained_model_outputs/resnet_42_model_checkpoint.pth for l2_alpha_idx: 0, fold 1, and epoch 5
BEGINNING EPOCH 6
[Epoch 6, Batch    50] avg loss: 0.6604
[Epoch 6, Batch   100] avg loss: 0.6662
[Epoch 6, Batch   150] avg loss: 0.6659
[Epoch 6, Batch   200] avg loss: 0.6537
[Epoch 6, Batch   250] avg loss: 0.6674
[Epoch 6, Batch   300] avg loss: 0.6577
Validation loss: 0.7035 (61 batches)
loss_per_epoch_list on epoch 6 is [0.6769531808915685, 0.6899503000447007, 0.6646700931377099, 0.6794915326306077, 0.6414759628108291, 0.7035415348459463]

Checkpoint saved at /cluster/tufts/capstone25skyblue/eelkus01/NEXRADTurbulencePrediction/model_training/trained_model_outputs/resnet_42_model_checkpoint.pth for l2_alpha_idx: 0, fold 1, and epoch 6
BEGINNING EPOCH 7
[Epoch 7, Batch    50] avg loss: 0.6612
[Epoch 7, Batch   100] avg loss: 0.6537
[Epoch 7, Batch   150] avg loss: 0.6668
[Epoch 7, Batch   200] avg loss: 0.6524
[Epoch 7, Batch   250] avg loss: 0.6457
[Epoch 7, Batch   300] avg loss: 0.6614
Validation loss: 0.6624 (61 batches)
loss_per_epoch_list on epoch 7 is [0.6769531808915685, 0.6899503000447007, 0.6646700931377099, 0.6794915326306077, 0.6414759628108291, 0.7035415348459463, 0.6624302795675935]

Checkpoint saved at /cluster/tufts/capstone25skyblue/eelkus01/NEXRADTurbulencePrediction/model_training/trained_model_outputs/resnet_42_model_checkpoint.pth for l2_alpha_idx: 0, fold 1, and epoch 7
BEGINNING EPOCH 8
[Epoch 8, Batch    50] avg loss: 0.6524
[Epoch 8, Batch   100] avg loss: 0.6402
[Epoch 8, Batch   150] avg loss: 0.6477
[Epoch 8, Batch   200] avg loss: 0.6572
[Epoch 8, Batch   250] avg loss: 0.6291
[Epoch 8, Batch   300] avg loss: 0.6479
Validation loss: 0.6634 (61 batches)
loss_per_epoch_list on epoch 8 is [0.6769531808915685, 0.6899503000447007, 0.6646700931377099, 0.6794915326306077, 0.6414759628108291, 0.7035415348459463, 0.6624302795675935, 0.6634283808411144]

Checkpoint saved at /cluster/tufts/capstone25skyblue/eelkus01/NEXRADTurbulencePrediction/model_training/trained_model_outputs/resnet_42_model_checkpoint.pth for l2_alpha_idx: 0, fold 1, and epoch 8
BEGINNING EPOCH 9
[Epoch 9, Batch    50] avg loss: 0.6406
[Epoch 9, Batch   100] avg loss: 0.6407
[Epoch 9, Batch   150] avg loss: 0.6449
[Epoch 9, Batch   200] avg loss: 0.6594
[Epoch 9, Batch   250] avg loss: 0.6490
[Epoch 9, Batch   300] avg loss: 0.6463
Validation loss: 0.6624 (61 batches)
loss_per_epoch_list on epoch 9 is [0.6769531808915685, 0.6899503000447007, 0.6646700931377099, 0.6794915326306077, 0.6414759628108291, 0.7035415348459463, 0.6624302795675935, 0.6634283808411144, 0.6624343258435609]

Checkpoint saved at /cluster/tufts/capstone25skyblue/eelkus01/NEXRADTurbulencePrediction/model_training/trained_model_outputs/resnet_42_model_checkpoint.pth for l2_alpha_idx: 0, fold 1, and epoch 9
BEGINNING EPOCH 10
[Epoch 10, Batch    50] avg loss: 0.6452
[Epoch 10, Batch   100] avg loss: 0.6506
[Epoch 10, Batch   150] avg loss: 0.6522
[Epoch 10, Batch   200] avg loss: 0.6449
[Epoch 10, Batch   250] avg loss: 0.6411
[Epoch 10, Batch   300] avg loss: 0.6463
Validation loss: 0.6592 (61 batches)
loss_per_epoch_list on epoch 10 is [0.6769531808915685, 0.6899503000447007, 0.6646700931377099, 0.6794915326306077, 0.6414759628108291, 0.7035415348459463, 0.6624302795675935, 0.6634283808411144, 0.6624343258435609, 0.6592439149246841]

Checkpoint saved at /cluster/tufts/capstone25skyblue/eelkus01/NEXRADTurbulencePrediction/model_training/trained_model_outputs/resnet_42_model_checkpoint.pth for l2_alpha_idx: 0, fold 1, and epoch 10
BEGINNING EPOCH 11
[Epoch 11, Batch    50] avg loss: 0.6364
[Epoch 11, Batch   100] avg loss: 0.6435
[Epoch 11, Batch   150] avg loss: 0.6381
[Epoch 11, Batch   200] avg loss: 0.6301
[Epoch 11, Batch   250] avg loss: 0.6402
[Epoch 11, Batch   300] avg loss: 0.6312
Validation loss: 0.6444 (61 batches)
loss_per_epoch_list on epoch 11 is [0.6769531808915685, 0.6899503000447007, 0.6646700931377099, 0.6794915326306077, 0.6414759628108291, 0.7035415348459463, 0.6624302795675935, 0.6634283808411144, 0.6624343258435609, 0.6592439149246841, 0.6444175057723874]

Checkpoint saved at /cluster/tufts/capstone25skyblue/eelkus01/NEXRADTurbulencePrediction/model_training/trained_model_outputs/resnet_42_model_checkpoint.pth for l2_alpha_idx: 0, fold 1, and epoch 11
BEGINNING EPOCH 12
[Epoch 12, Batch    50] avg loss: 0.6244
[Epoch 12, Batch   100] avg loss: 0.6435
[Epoch 12, Batch   150] avg loss: 0.6337
[Epoch 12, Batch   200] avg loss: 0.6305
[Epoch 12, Batch   250] avg loss: 0.6328
[Epoch 12, Batch   300] avg loss: 0.6427
Validation loss: 0.6277 (61 batches)
loss_per_epoch_list on epoch 12 is [0.6769531808915685, 0.6899503000447007, 0.6646700931377099, 0.6794915326306077, 0.6414759628108291, 0.7035415348459463, 0.6624302795675935, 0.6634283808411144, 0.6624343258435609, 0.6592439149246841, 0.6444175057723874, 0.6277111651467495]

Checkpoint saved at /cluster/tufts/capstone25skyblue/eelkus01/NEXRADTurbulencePrediction/model_training/trained_model_outputs/resnet_42_model_checkpoint.pth for l2_alpha_idx: 0, fold 1, and epoch 12
BEGINNING EPOCH 13
[Epoch 13, Batch    50] avg loss: 0.6278
[Epoch 13, Batch   100] avg loss: 0.6303
[Epoch 13, Batch   150] avg loss: 0.6243
[Epoch 13, Batch   200] avg loss: 0.6325
[Epoch 13, Batch   250] avg loss: 0.6207
[Epoch 13, Batch   300] avg loss: 0.6084
Validation loss: 0.6957 (61 batches)
loss_per_epoch_list on epoch 13 is [0.6769531808915685, 0.6899503000447007, 0.6646700931377099, 0.6794915326306077, 0.6414759628108291, 0.7035415348459463, 0.6624302795675935, 0.6634283808411144, 0.6624343258435609, 0.6592439149246841, 0.6444175057723874, 0.6277111651467495, 0.6956590883067397]

Checkpoint saved at /cluster/tufts/capstone25skyblue/eelkus01/NEXRADTurbulencePrediction/model_training/trained_model_outputs/resnet_42_model_checkpoint.pth for l2_alpha_idx: 0, fold 1, and epoch 13
BEGINNING EPOCH 14
[Epoch 14, Batch    50] avg loss: 0.6220
[Epoch 14, Batch   100] avg loss: 0.6154
[Epoch 14, Batch   150] avg loss: 0.6109
[Epoch 14, Batch   200] avg loss: 0.6154
[Epoch 14, Batch   250] avg loss: 0.6194
[Epoch 14, Batch   300] avg loss: 0.6058
Validation loss: 0.6425 (61 batches)
loss_per_epoch_list on epoch 14 is [0.6769531808915685, 0.6899503000447007, 0.6646700931377099, 0.6794915326306077, 0.6414759628108291, 0.7035415348459463, 0.6624302795675935, 0.6634283808411144, 0.6624343258435609, 0.6592439149246841, 0.6444175057723874, 0.6277111651467495, 0.6956590883067397, 0.6424929089233523]

Checkpoint saved at /cluster/tufts/capstone25skyblue/eelkus01/NEXRADTurbulencePrediction/model_training/trained_model_outputs/resnet_42_model_checkpoint.pth for l2_alpha_idx: 0, fold 1, and epoch 14
BEGINNING EPOCH 15
[Epoch 15, Batch    50] avg loss: 0.6020
[Epoch 15, Batch   100] avg loss: 0.6256
[Epoch 15, Batch   150] avg loss: 0.5933
[Epoch 15, Batch   200] avg loss: 0.6156
[Epoch 15, Batch   250] avg loss: 0.6044
[Epoch 15, Batch   300] avg loss: 0.6130
Validation loss: 0.7534 (61 batches)
loss_per_epoch_list on epoch 15 is [0.6769531808915685, 0.6899503000447007, 0.6646700931377099, 0.6794915326306077, 0.6414759628108291, 0.7035415348459463, 0.6624302795675935, 0.6634283808411144, 0.6624343258435609, 0.6592439149246841, 0.6444175057723874, 0.6277111651467495, 0.6956590883067397, 0.6424929089233523, 0.7534125769724611]

Checkpoint saved at /cluster/tufts/capstone25skyblue/eelkus01/NEXRADTurbulencePrediction/model_training/trained_model_outputs/resnet_42_model_checkpoint.pth for l2_alpha_idx: 0, fold 1, and epoch 15
BEGINNING EPOCH 16
[Epoch 16, Batch    50] avg loss: 0.6165
[Epoch 16, Batch   100] avg loss: 0.5963
[Epoch 16, Batch   150] avg loss: 0.6038
[Epoch 16, Batch   200] avg loss: 0.5944
[Epoch 16, Batch   250] avg loss: 0.6048
[Epoch 16, Batch   300] avg loss: 0.5825
Validation loss: 0.6789 (61 batches)
loss_per_epoch_list on epoch 16 is [0.6769531808915685, 0.6899503000447007, 0.6646700931377099, 0.6794915326306077, 0.6414759628108291, 0.7035415348459463, 0.6624302795675935, 0.6634283808411144, 0.6624343258435609, 0.6592439149246841, 0.6444175057723874, 0.6277111651467495, 0.6956590883067397, 0.6424929089233523, 0.7534125769724611, 0.6789253158647506]

Checkpoint saved at /cluster/tufts/capstone25skyblue/eelkus01/NEXRADTurbulencePrediction/model_training/trained_model_outputs/resnet_42_model_checkpoint.pth for l2_alpha_idx: 0, fold 1, and epoch 16
BEGINNING EPOCH 17
[Epoch 17, Batch    50] avg loss: 0.5747
[Epoch 17, Batch   100] avg loss: 0.5895
[Epoch 17, Batch   150] avg loss: 0.5795
[Epoch 17, Batch   200] avg loss: 0.5797
[Epoch 17, Batch   250] avg loss: 0.5744
[Epoch 17, Batch   300] avg loss: 0.5759
Validation loss: 0.6715 (61 batches)
loss_per_epoch_list on epoch 17 is [0.6769531808915685, 0.6899503000447007, 0.6646700931377099, 0.6794915326306077, 0.6414759628108291, 0.7035415348459463, 0.6624302795675935, 0.6634283808411144, 0.6624343258435609, 0.6592439149246841, 0.6444175057723874, 0.6277111651467495, 0.6956590883067397, 0.6424929089233523, 0.7534125769724611, 0.6789253158647506, 0.6714567796128695]

Checkpoint saved at /cluster/tufts/capstone25skyblue/eelkus01/NEXRADTurbulencePrediction/model_training/trained_model_outputs/resnet_42_model_checkpoint.pth for l2_alpha_idx: 0, fold 1, and epoch 17
BEGINNING EPOCH 18
[Epoch 18, Batch    50] avg loss: 0.5568
[Epoch 18, Batch   100] avg loss: 0.5498
[Epoch 18, Batch   150] avg loss: 0.5638
[Epoch 18, Batch   200] avg loss: 0.5470
[Epoch 18, Batch   250] avg loss: 0.5454
[Epoch 18, Batch   300] avg loss: 0.5493
Validation loss: 0.6786 (61 batches)
loss_per_epoch_list on epoch 18 is [0.6769531808915685, 0.6899503000447007, 0.6646700931377099, 0.6794915326306077, 0.6414759628108291, 0.7035415348459463, 0.6624302795675935, 0.6634283808411144, 0.6624343258435609, 0.6592439149246841, 0.6444175057723874, 0.6277111651467495, 0.6956590883067397, 0.6424929089233523, 0.7534125769724611, 0.6789253158647506, 0.6714567796128695, 0.6786390660239048]

Checkpoint saved at /cluster/tufts/capstone25skyblue/eelkus01/NEXRADTurbulencePrediction/model_training/trained_model_outputs/resnet_42_model_checkpoint.pth for l2_alpha_idx: 0, fold 1, and epoch 18
BEGINNING EPOCH 19
[Epoch 19, Batch    50] avg loss: 0.5470
[Epoch 19, Batch   100] avg loss: 0.5391
[Epoch 19, Batch   150] avg loss: 0.5387
[Epoch 19, Batch   200] avg loss: 0.5404
[Epoch 19, Batch   250] avg loss: 0.5214
[Epoch 19, Batch   300] avg loss: 0.5141
Validation loss: 0.7282 (61 batches)
loss_per_epoch_list on epoch 19 is [0.6769531808915685, 0.6899503000447007, 0.6646700931377099, 0.6794915326306077, 0.6414759628108291, 0.7035415348459463, 0.6624302795675935, 0.6634283808411144, 0.6624343258435609, 0.6592439149246841, 0.6444175057723874, 0.6277111651467495, 0.6956590883067397, 0.6424929089233523, 0.7534125769724611, 0.6789253158647506, 0.6714567796128695, 0.6786390660239048, 0.728175012791743]

Checkpoint saved at /cluster/tufts/capstone25skyblue/eelkus01/NEXRADTurbulencePrediction/model_training/trained_model_outputs/resnet_42_model_checkpoint.pth for l2_alpha_idx: 0, fold 1, and epoch 19
BEGINNING EPOCH 20
[Epoch 20, Batch    50] avg loss: 0.4978
[Epoch 20, Batch   100] avg loss: 0.5159
[Epoch 20, Batch   150] avg loss: 0.5109
[Epoch 20, Batch   200] avg loss: 0.5057
[Epoch 20, Batch   250] avg loss: 0.4915
[Epoch 20, Batch   300] avg loss: 0.4947
Validation loss: 0.7509 (61 batches)
loss_per_epoch_list on epoch 20 is [0.6769531808915685, 0.6899503000447007, 0.6646700931377099, 0.6794915326306077, 0.6414759628108291, 0.7035415348459463, 0.6624302795675935, 0.6634283808411144, 0.6624343258435609, 0.6592439149246841, 0.6444175057723874, 0.6277111651467495, 0.6956590883067397, 0.6424929089233523, 0.7534125769724611, 0.6789253158647506, 0.6714567796128695, 0.6786390660239048, 0.728175012791743, 0.7508598781022869]

Checkpoint saved at /cluster/tufts/capstone25skyblue/eelkus01/NEXRADTurbulencePrediction/model_training/trained_model_outputs/resnet_42_model_checkpoint.pth for l2_alpha_idx: 0, fold 1, and epoch 20
BEGINNING EPOCH 21
[Epoch 21, Batch    50] avg loss: 0.4540
[Epoch 21, Batch   100] avg loss: 0.4792
[Epoch 21, Batch   150] avg loss: 0.4732
[Epoch 21, Batch   200] avg loss: 0.4704
[Epoch 21, Batch   250] avg loss: 0.4722
[Epoch 21, Batch   300] avg loss: 0.4170
Validation loss: 0.9688 (61 batches)
loss_per_epoch_list on epoch 21 is [0.6769531808915685, 0.6899503000447007, 0.6646700931377099, 0.6794915326306077, 0.6414759628108291, 0.7035415348459463, 0.6624302795675935, 0.6634283808411144, 0.6624343258435609, 0.6592439149246841, 0.6444175057723874, 0.6277111651467495, 0.6956590883067397, 0.6424929089233523, 0.7534125769724611, 0.6789253158647506, 0.6714567796128695, 0.6786390660239048, 0.728175012791743, 0.7508598781022869, 0.9688271254789634]

Checkpoint saved at /cluster/tufts/capstone25skyblue/eelkus01/NEXRADTurbulencePrediction/model_training/trained_model_outputs/resnet_42_model_checkpoint.pth for l2_alpha_idx: 0, fold 1, and epoch 21
BEGINNING EPOCH 22
[Epoch 22, Batch    50] avg loss: 0.4259
[Epoch 22, Batch   100] avg loss: 0.4628
[Epoch 22, Batch   150] avg loss: 0.4318
[Epoch 22, Batch   200] avg loss: 0.4200
[Epoch 22, Batch   250] avg loss: 0.4297
[Epoch 22, Batch   300] avg loss: 0.4143
Validation loss: 0.8104 (61 batches)
loss_per_epoch_list on epoch 22 is [0.6769531808915685, 0.6899503000447007, 0.6646700931377099, 0.6794915326306077, 0.6414759628108291, 0.7035415348459463, 0.6624302795675935, 0.6634283808411144, 0.6624343258435609, 0.6592439149246841, 0.6444175057723874, 0.6277111651467495, 0.6956590883067397, 0.6424929089233523, 0.7534125769724611, 0.6789253158647506, 0.6714567796128695, 0.6786390660239048, 0.728175012791743, 0.7508598781022869, 0.9688271254789634, 0.8104155278596722]

Checkpoint saved at /cluster/tufts/capstone25skyblue/eelkus01/NEXRADTurbulencePrediction/model_training/trained_model_outputs/resnet_42_model_checkpoint.pth for l2_alpha_idx: 0, fold 1, and epoch 22
BEGINNING EPOCH 23
[Epoch 23, Batch    50] avg loss: 0.3987
[Epoch 23, Batch   100] avg loss: 0.4000
[Epoch 23, Batch   150] avg loss: 0.3988
[Epoch 23, Batch   200] avg loss: 0.3960
[Epoch 23, Batch   250] avg loss: 0.3780
[Epoch 23, Batch   300] avg loss: 0.3664
Validation loss: 0.9110 (61 batches)
loss_per_epoch_list on epoch 23 is [0.6769531808915685, 0.6899503000447007, 0.6646700931377099, 0.6794915326306077, 0.6414759628108291, 0.7035415348459463, 0.6624302795675935, 0.6634283808411144, 0.6624343258435609, 0.6592439149246841, 0.6444175057723874, 0.6277111651467495, 0.6956590883067397, 0.6424929089233523, 0.7534125769724611, 0.6789253158647506, 0.6714567796128695, 0.6786390660239048, 0.728175012791743, 0.7508598781022869, 0.9688271254789634, 0.8104155278596722, 0.9109573803964208]

Checkpoint saved at /cluster/tufts/capstone25skyblue/eelkus01/NEXRADTurbulencePrediction/model_training/trained_model_outputs/resnet_42_model_checkpoint.pth for l2_alpha_idx: 0, fold 1, and epoch 23
BEGINNING EPOCH 24
[Epoch 24, Batch    50] avg loss: 0.3501
[Epoch 24, Batch   100] avg loss: 0.3621
[Epoch 24, Batch   150] avg loss: 0.3515
[Epoch 24, Batch   200] avg loss: 0.3711
[Epoch 24, Batch   250] avg loss: 0.3470
[Epoch 24, Batch   300] avg loss: 0.3668
Validation loss: 0.9906 (61 batches)
loss_per_epoch_list on epoch 24 is [0.6769531808915685, 0.6899503000447007, 0.6646700931377099, 0.6794915326306077, 0.6414759628108291, 0.7035415348459463, 0.6624302795675935, 0.6634283808411144, 0.6624343258435609, 0.6592439149246841, 0.6444175057723874, 0.6277111651467495, 0.6956590883067397, 0.6424929089233523, 0.7534125769724611, 0.6789253158647506, 0.6714567796128695, 0.6786390660239048, 0.728175012791743, 0.7508598781022869, 0.9688271254789634, 0.8104155278596722, 0.9109573803964208, 0.9905915123517396]

Checkpoint saved at /cluster/tufts/capstone25skyblue/eelkus01/NEXRADTurbulencePrediction/model_training/trained_model_outputs/resnet_42_model_checkpoint.pth for l2_alpha_idx: 0, fold 1, and epoch 24
BEGINNING EPOCH 25
[Epoch 25, Batch    50] avg loss: 0.3487
[Epoch 25, Batch   100] avg loss: 0.3305
[Epoch 25, Batch   150] avg loss: 0.3143
[Epoch 25, Batch   200] avg loss: 0.3277
[Epoch 25, Batch   250] avg loss: 0.3265
[Epoch 25, Batch   300] avg loss: 0.3234
Validation loss: 0.9904 (61 batches)
loss_per_epoch_list on epoch 25 is [0.6769531808915685, 0.6899503000447007, 0.6646700931377099, 0.6794915326306077, 0.6414759628108291, 0.7035415348459463, 0.6624302795675935, 0.6634283808411144, 0.6624343258435609, 0.6592439149246841, 0.6444175057723874, 0.6277111651467495, 0.6956590883067397, 0.6424929089233523, 0.7534125769724611, 0.6789253158647506, 0.6714567796128695, 0.6786390660239048, 0.728175012791743, 0.7508598781022869, 0.9688271254789634, 0.8104155278596722, 0.9109573803964208, 0.9905915123517396, 0.9904450749764677]

Checkpoint saved at /cluster/tufts/capstone25skyblue/eelkus01/NEXRADTurbulencePrediction/model_training/trained_model_outputs/resnet_42_model_checkpoint.pth for l2_alpha_idx: 0, fold 1, and epoch 25
BEGINNING EPOCH 26
[Epoch 26, Batch    50] avg loss: 0.3229
[Epoch 26, Batch   100] avg loss: 0.2989
[Epoch 26, Batch   150] avg loss: 0.3316
[Epoch 26, Batch   200] avg loss: 0.2862
[Epoch 26, Batch   250] avg loss: 0.3005
[Epoch 26, Batch   300] avg loss: 0.2891
Validation loss: 0.9551 (61 batches)
loss_per_epoch_list on epoch 26 is [0.6769531808915685, 0.6899503000447007, 0.6646700931377099, 0.6794915326306077, 0.6414759628108291, 0.7035415348459463, 0.6624302795675935, 0.6634283808411144, 0.6624343258435609, 0.6592439149246841, 0.6444175057723874, 0.6277111651467495, 0.6956590883067397, 0.6424929089233523, 0.7534125769724611, 0.6789253158647506, 0.6714567796128695, 0.6786390660239048, 0.728175012791743, 0.7508598781022869, 0.9688271254789634, 0.8104155278596722, 0.9109573803964208, 0.9905915123517396, 0.9904450749764677, 0.95513558876319]

Checkpoint saved at /cluster/tufts/capstone25skyblue/eelkus01/NEXRADTurbulencePrediction/model_training/trained_model_outputs/resnet_42_model_checkpoint.pth for l2_alpha_idx: 0, fold 1, and epoch 26
BEGINNING EPOCH 27
[Epoch 27, Batch    50] avg loss: 0.2970
[Epoch 27, Batch   100] avg loss: 0.2807
[Epoch 27, Batch   150] avg loss: 0.2795
[Epoch 27, Batch   200] avg loss: 0.2802
[Epoch 27, Batch   250] avg loss: 0.2830
[Epoch 27, Batch   300] avg loss: 0.2719
Validation loss: 1.3053 (61 batches)
loss_per_epoch_list on epoch 27 is [0.6769531808915685, 0.6899503000447007, 0.6646700931377099, 0.6794915326306077, 0.6414759628108291, 0.7035415348459463, 0.6624302795675935, 0.6634283808411144, 0.6624343258435609, 0.6592439149246841, 0.6444175057723874, 0.6277111651467495, 0.6956590883067397, 0.6424929089233523, 0.7534125769724611, 0.6789253158647506, 0.6714567796128695, 0.6786390660239048, 0.728175012791743, 0.7508598781022869, 0.9688271254789634, 0.8104155278596722, 0.9109573803964208, 0.9905915123517396, 0.9904450749764677, 0.95513558876319, 1.3053021147602895]

Checkpoint saved at /cluster/tufts/capstone25skyblue/eelkus01/NEXRADTurbulencePrediction/model_training/trained_model_outputs/resnet_42_model_checkpoint.pth for l2_alpha_idx: 0, fold 1, and epoch 27
BEGINNING EPOCH 28
[Epoch 28, Batch    50] avg loss: 0.2707
[Epoch 28, Batch   100] avg loss: 0.2635
[Epoch 28, Batch   150] avg loss: 0.2413
[Epoch 28, Batch   200] avg loss: 0.2447
[Epoch 28, Batch   250] avg loss: 0.2639
[Epoch 28, Batch   300] avg loss: 0.2544
Validation loss: 1.1166 (61 batches)
loss_per_epoch_list on epoch 28 is [0.6769531808915685, 0.6899503000447007, 0.6646700931377099, 0.6794915326306077, 0.6414759628108291, 0.7035415348459463, 0.6624302795675935, 0.6634283808411144, 0.6624343258435609, 0.6592439149246841, 0.6444175057723874, 0.6277111651467495, 0.6956590883067397, 0.6424929089233523, 0.7534125769724611, 0.6789253158647506, 0.6714567796128695, 0.6786390660239048, 0.728175012791743, 0.7508598781022869, 0.9688271254789634, 0.8104155278596722, 0.9109573803964208, 0.9905915123517396, 0.9904450749764677, 0.95513558876319, 1.3053021147602895, 1.1166287328376145]

Checkpoint saved at /cluster/tufts/capstone25skyblue/eelkus01/NEXRADTurbulencePrediction/model_training/trained_model_outputs/resnet_42_model_checkpoint.pth for l2_alpha_idx: 0, fold 1, and epoch 28
BEGINNING EPOCH 29
[Epoch 29, Batch    50] avg loss: 0.2439
[Epoch 29, Batch   100] avg loss: 0.2558
[Epoch 29, Batch   150] avg loss: 0.2240
[Epoch 29, Batch   200] avg loss: 0.2227
[Epoch 29, Batch   250] avg loss: 0.2058
[Epoch 29, Batch   300] avg loss: 0.2353
Validation loss: 1.1794 (61 batches)
loss_per_epoch_list on epoch 29 is [0.6769531808915685, 0.6899503000447007, 0.6646700931377099, 0.6794915326306077, 0.6414759628108291, 0.7035415348459463, 0.6624302795675935, 0.6634283808411144, 0.6624343258435609, 0.6592439149246841, 0.6444175057723874, 0.6277111651467495, 0.6956590883067397, 0.6424929089233523, 0.7534125769724611, 0.6789253158647506, 0.6714567796128695, 0.6786390660239048, 0.728175012791743, 0.7508598781022869, 0.9688271254789634, 0.8104155278596722, 0.9109573803964208, 0.9905915123517396, 0.9904450749764677, 0.95513558876319, 1.3053021147602895, 1.1166287328376145, 1.1794496554820264]

Checkpoint saved at /cluster/tufts/capstone25skyblue/eelkus01/NEXRADTurbulencePrediction/model_training/trained_model_outputs/resnet_42_model_checkpoint.pth for l2_alpha_idx: 0, fold 1, and epoch 29
Fold 1 had loss: 1.1794496554820264 on its last epoch

Fold 2 with l2_alpha = 0.1
Train subset size: 19253, Validation subset size: 3851
BEGINNING EPOCH 1
[Epoch 1, Batch    50] avg loss: 11.1510
[Epoch 1, Batch   100] avg loss: 1.1695
[Epoch 1, Batch   150] avg loss: 0.8956
[Epoch 1, Batch   200] avg loss: 0.7976
[Epoch 1, Batch   250] avg loss: 0.7372
[Epoch 1, Batch   300] avg loss: 0.7318
Validation loss: 0.7123 (61 batches)
loss_per_epoch_list on epoch 1 is [0.7122771163455776]

Checkpoint saved at /cluster/tufts/capstone25skyblue/eelkus01/NEXRADTurbulencePrediction/model_training/trained_model_outputs/resnet_42_model_checkpoint.pth for l2_alpha_idx: 0, fold 2, and epoch 1
BEGINNING EPOCH 2
[Epoch 2, Batch    50] avg loss: 0.7184
[Epoch 2, Batch   100] avg loss: 0.7116
[Epoch 2, Batch   150] avg loss: 0.7068
[Epoch 2, Batch   200] avg loss: 0.6960
[Epoch 2, Batch   250] avg loss: 0.6969
[Epoch 2, Batch   300] avg loss: 0.6924
Validation loss: 0.7099 (61 batches)
loss_per_epoch_list on epoch 2 is [0.7122771163455776, 0.7099282946742949]

Checkpoint saved at /cluster/tufts/capstone25skyblue/eelkus01/NEXRADTurbulencePrediction/model_training/trained_model_outputs/resnet_42_model_checkpoint.pth for l2_alpha_idx: 0, fold 2, and epoch 2
BEGINNING EPOCH 3
[Epoch 3, Batch    50] avg loss: 0.6941
[Epoch 3, Batch   100] avg loss: 0.6899
[Epoch 3, Batch   150] avg loss: 0.6878
[Epoch 3, Batch   200] avg loss: 0.6893
[Epoch 3, Batch   250] avg loss: 0.6902
[Epoch 3, Batch   300] avg loss: 0.6908
Validation loss: 0.7043 (61 batches)
loss_per_epoch_list on epoch 3 is [0.7122771163455776, 0.7099282946742949, 0.7043321308542471]

Checkpoint saved at /cluster/tufts/capstone25skyblue/eelkus01/NEXRADTurbulencePrediction/model_training/trained_model_outputs/resnet_42_model_checkpoint.pth for l2_alpha_idx: 0, fold 2, and epoch 3
BEGINNING EPOCH 4
[Epoch 4, Batch    50] avg loss: 0.6879
[Epoch 4, Batch   100] avg loss: 0.6843
[Epoch 4, Batch   150] avg loss: 0.6790
[Epoch 4, Batch   200] avg loss: 0.6791
[Epoch 4, Batch   250] avg loss: 0.6796
[Epoch 4, Batch   300] avg loss: 0.6865
Validation loss: 0.6898 (61 batches)
loss_per_epoch_list on epoch 4 is [0.7122771163455776, 0.7099282946742949, 0.7043321308542471, 0.6898431387103972]

Checkpoint saved at /cluster/tufts/capstone25skyblue/eelkus01/NEXRADTurbulencePrediction/model_training/trained_model_outputs/resnet_42_model_checkpoint.pth for l2_alpha_idx: 0, fold 2, and epoch 4
BEGINNING EPOCH 5
[Epoch 5, Batch    50] avg loss: 0.6823
[Epoch 5, Batch   100] avg loss: 0.6767
[Epoch 5, Batch   150] avg loss: 0.6799
[Epoch 5, Batch   200] avg loss: 0.6790
[Epoch 5, Batch   250] avg loss: 0.6799
[Epoch 5, Batch   300] avg loss: 0.6669
Validation loss: 0.6843 (61 batches)
loss_per_epoch_list on epoch 5 is [0.7122771163455776, 0.7099282946742949, 0.7043321308542471, 0.6898431387103972, 0.6842636847105182]

Checkpoint saved at /cluster/tufts/capstone25skyblue/eelkus01/NEXRADTurbulencePrediction/model_training/trained_model_outputs/resnet_42_model_checkpoint.pth for l2_alpha_idx: 0, fold 2, and epoch 5
BEGINNING EPOCH 6
[Epoch 6, Batch    50] avg loss: 0.6711
[Epoch 6, Batch   100] avg loss: 0.6815
[Epoch 6, Batch   150] avg loss: 0.6717
[Epoch 6, Batch   200] avg loss: 0.6656
[Epoch 6, Batch   250] avg loss: 0.6652
[Epoch 6, Batch   300] avg loss: 0.6714
Validation loss: 0.6680 (61 batches)
loss_per_epoch_list on epoch 6 is [0.7122771163455776, 0.7099282946742949, 0.7043321308542471, 0.6898431387103972, 0.6842636847105182, 0.6679744231896322]

Checkpoint saved at /cluster/tufts/capstone25skyblue/eelkus01/NEXRADTurbulencePrediction/model_training/trained_model_outputs/resnet_42_model_checkpoint.pth for l2_alpha_idx: 0, fold 2, and epoch 6
BEGINNING EPOCH 7
[Epoch 7, Batch    50] avg loss: 0.6714
[Epoch 7, Batch   100] avg loss: 0.6704
[Epoch 7, Batch   150] avg loss: 0.6708
[Epoch 7, Batch   200] avg loss: 0.6618
[Epoch 7, Batch   250] avg loss: 0.6556
[Epoch 7, Batch   300] avg loss: 0.6606
Validation loss: 0.6573 (61 batches)
loss_per_epoch_list on epoch 7 is [0.7122771163455776, 0.7099282946742949, 0.7043321308542471, 0.6898431387103972, 0.6842636847105182, 0.6679744231896322, 0.6572764164111653]

Checkpoint saved at /cluster/tufts/capstone25skyblue/eelkus01/NEXRADTurbulencePrediction/model_training/trained_model_outputs/resnet_42_model_checkpoint.pth for l2_alpha_idx: 0, fold 2, and epoch 7
BEGINNING EPOCH 8
[Epoch 8, Batch    50] avg loss: 0.6631
[Epoch 8, Batch   100] avg loss: 0.6529
[Epoch 8, Batch   150] avg loss: 0.6602
[Epoch 8, Batch   200] avg loss: 0.6558
[Epoch 8, Batch   250] avg loss: 0.6668
[Epoch 8, Batch   300] avg loss: 0.6518
Validation loss: 0.6727 (61 batches)
loss_per_epoch_list on epoch 8 is [0.7122771163455776, 0.7099282946742949, 0.7043321308542471, 0.6898431387103972, 0.6842636847105182, 0.6679744231896322, 0.6572764164111653, 0.6727424088071604]

Checkpoint saved at /cluster/tufts/capstone25skyblue/eelkus01/NEXRADTurbulencePrediction/model_training/trained_model_outputs/resnet_42_model_checkpoint.pth for l2_alpha_idx: 0, fold 2, and epoch 8
BEGINNING EPOCH 9
[Epoch 9, Batch    50] avg loss: 0.6723
[Epoch 9, Batch   100] avg loss: 0.6564
[Epoch 9, Batch   150] avg loss: 0.6565
[Epoch 9, Batch   200] avg loss: 0.6594
[Epoch 9, Batch   250] avg loss: 0.6900
[Epoch 9, Batch   300] avg loss: 0.6525
Validation loss: 0.6402 (61 batches)
loss_per_epoch_list on epoch 9 is [0.7122771163455776, 0.7099282946742949, 0.7043321308542471, 0.6898431387103972, 0.6842636847105182, 0.6679744231896322, 0.6572764164111653, 0.6727424088071604, 0.6401613628278013]

Checkpoint saved at /cluster/tufts/capstone25skyblue/eelkus01/NEXRADTurbulencePrediction/model_training/trained_model_outputs/resnet_42_model_checkpoint.pth for l2_alpha_idx: 0, fold 2, and epoch 9
BEGINNING EPOCH 10
[Epoch 10, Batch    50] avg loss: 0.6594
[Epoch 10, Batch   100] avg loss: 0.6461
[Epoch 10, Batch   150] avg loss: 0.6564
[Epoch 10, Batch   200] avg loss: 0.6488
[Epoch 10, Batch   250] avg loss: 0.6463
[Epoch 10, Batch   300] avg loss: 0.6471
Validation loss: 0.6437 (61 batches)
loss_per_epoch_list on epoch 10 is [0.7122771163455776, 0.7099282946742949, 0.7043321308542471, 0.6898431387103972, 0.6842636847105182, 0.6679744231896322, 0.6572764164111653, 0.6727424088071604, 0.6401613628278013, 0.6437041720405954]

Checkpoint saved at /cluster/tufts/capstone25skyblue/eelkus01/NEXRADTurbulencePrediction/model_training/trained_model_outputs/resnet_42_model_checkpoint.pth for l2_alpha_idx: 0, fold 2, and epoch 10
BEGINNING EPOCH 11
[Epoch 11, Batch    50] avg loss: 0.6417
[Epoch 11, Batch   100] avg loss: 0.6567
[Epoch 11, Batch   150] avg loss: 0.6469
[Epoch 11, Batch   200] avg loss: 0.6469
[Epoch 11, Batch   250] avg loss: 0.6423
[Epoch 11, Batch   300] avg loss: 0.6514
Validation loss: 0.6695 (61 batches)
loss_per_epoch_list on epoch 11 is [0.7122771163455776, 0.7099282946742949, 0.7043321308542471, 0.6898431387103972, 0.6842636847105182, 0.6679744231896322, 0.6572764164111653, 0.6727424088071604, 0.6401613628278013, 0.6437041720405954, 0.6695370801159592]

Checkpoint saved at /cluster/tufts/capstone25skyblue/eelkus01/NEXRADTurbulencePrediction/model_training/trained_model_outputs/resnet_42_model_checkpoint.pth for l2_alpha_idx: 0, fold 2, and epoch 11
BEGINNING EPOCH 12
[Epoch 12, Batch    50] avg loss: 0.6516
[Epoch 12, Batch   100] avg loss: 0.6378
[Epoch 12, Batch   150] avg loss: 0.6434
[Epoch 12, Batch   200] avg loss: 0.6471
[Epoch 12, Batch   250] avg loss: 0.6489
[Epoch 12, Batch   300] avg loss: 0.6434
Validation loss: 0.6592 (61 batches)
loss_per_epoch_list on epoch 12 is [0.7122771163455776, 0.7099282946742949, 0.7043321308542471, 0.6898431387103972, 0.6842636847105182, 0.6679744231896322, 0.6572764164111653, 0.6727424088071604, 0.6401613628278013, 0.6437041720405954, 0.6695370801159592, 0.6592100585093263]

Checkpoint saved at /cluster/tufts/capstone25skyblue/eelkus01/NEXRADTurbulencePrediction/model_training/trained_model_outputs/resnet_42_model_checkpoint.pth for l2_alpha_idx: 0, fold 2, and epoch 12
BEGINNING EPOCH 13
[Epoch 13, Batch    50] avg loss: 0.6283
[Epoch 13, Batch   100] avg loss: 0.6145
[Epoch 13, Batch   150] avg loss: 0.6443
[Epoch 13, Batch   200] avg loss: 0.6439
[Epoch 13, Batch   250] avg loss: 0.6341
[Epoch 13, Batch   300] avg loss: 0.6388
Validation loss: 0.6400 (61 batches)
loss_per_epoch_list on epoch 13 is [0.7122771163455776, 0.7099282946742949, 0.7043321308542471, 0.6898431387103972, 0.6842636847105182, 0.6679744231896322, 0.6572764164111653, 0.6727424088071604, 0.6401613628278013, 0.6437041720405954, 0.6695370801159592, 0.6592100585093263, 0.6399874413599733]

Checkpoint saved at /cluster/tufts/capstone25skyblue/eelkus01/NEXRADTurbulencePrediction/model_training/trained_model_outputs/resnet_42_model_checkpoint.pth for l2_alpha_idx: 0, fold 2, and epoch 13
BEGINNING EPOCH 14
[Epoch 14, Batch    50] avg loss: 0.6303
[Epoch 14, Batch   100] avg loss: 0.6397
[Epoch 14, Batch   150] avg loss: 0.6338
[Epoch 14, Batch   200] avg loss: 0.6364
[Epoch 14, Batch   250] avg loss: 0.6319
[Epoch 14, Batch   300] avg loss: 0.6353
Validation loss: 0.6181 (61 batches)
loss_per_epoch_list on epoch 14 is [0.7122771163455776, 0.7099282946742949, 0.7043321308542471, 0.6898431387103972, 0.6842636847105182, 0.6679744231896322, 0.6572764164111653, 0.6727424088071604, 0.6401613628278013, 0.6437041720405954, 0.6695370801159592, 0.6592100585093263, 0.6399874413599733, 0.6181436513291031]

Checkpoint saved at /cluster/tufts/capstone25skyblue/eelkus01/NEXRADTurbulencePrediction/model_training/trained_model_outputs/resnet_42_model_checkpoint.pth for l2_alpha_idx: 0, fold 2, and epoch 14
BEGINNING EPOCH 15
[Epoch 15, Batch    50] avg loss: 0.6315
[Epoch 15, Batch   100] avg loss: 0.6265
[Epoch 15, Batch   150] avg loss: 0.6291
[Epoch 15, Batch   200] avg loss: 0.6305
[Epoch 15, Batch   250] avg loss: 0.6166
[Epoch 15, Batch   300] avg loss: 0.6191
Validation loss: 0.6451 (61 batches)
loss_per_epoch_list on epoch 15 is [0.7122771163455776, 0.7099282946742949, 0.7043321308542471, 0.6898431387103972, 0.6842636847105182, 0.6679744231896322, 0.6572764164111653, 0.6727424088071604, 0.6401613628278013, 0.6437041720405954, 0.6695370801159592, 0.6592100585093263, 0.6399874413599733, 0.6181436513291031, 0.6451355658593725]

Checkpoint saved at /cluster/tufts/capstone25skyblue/eelkus01/NEXRADTurbulencePrediction/model_training/trained_model_outputs/resnet_42_model_checkpoint.pth for l2_alpha_idx: 0, fold 2, and epoch 15
BEGINNING EPOCH 16
[Epoch 16, Batch    50] avg loss: 0.6094
[Epoch 16, Batch   100] avg loss: 0.6365
[Epoch 16, Batch   150] avg loss: 0.6112
[Epoch 16, Batch   200] avg loss: 0.6245
[Epoch 16, Batch   250] avg loss: 0.6185
[Epoch 16, Batch   300] avg loss: 0.5949
Validation loss: 0.6674 (61 batches)
loss_per_epoch_list on epoch 16 is [0.7122771163455776, 0.7099282946742949, 0.7043321308542471, 0.6898431387103972, 0.6842636847105182, 0.6679744231896322, 0.6572764164111653, 0.6727424088071604, 0.6401613628278013, 0.6437041720405954, 0.6695370801159592, 0.6592100585093263, 0.6399874413599733, 0.6181436513291031, 0.6451355658593725, 0.6674223942834823]

Checkpoint saved at /cluster/tufts/capstone25skyblue/eelkus01/NEXRADTurbulencePrediction/model_training/trained_model_outputs/resnet_42_model_checkpoint.pth for l2_alpha_idx: 0, fold 2, and epoch 16
BEGINNING EPOCH 17
[Epoch 17, Batch    50] avg loss: 0.6085
[Epoch 17, Batch   100] avg loss: 0.6095
[Epoch 17, Batch   150] avg loss: 0.6012
[Epoch 17, Batch   200] avg loss: 0.6173
[Epoch 17, Batch   250] avg loss: 0.5933
[Epoch 17, Batch   300] avg loss: 0.6007
Validation loss: 0.6177 (61 batches)
loss_per_epoch_list on epoch 17 is [0.7122771163455776, 0.7099282946742949, 0.7043321308542471, 0.6898431387103972, 0.6842636847105182, 0.6679744231896322, 0.6572764164111653, 0.6727424088071604, 0.6401613628278013, 0.6437041720405954, 0.6695370801159592, 0.6592100585093263, 0.6399874413599733, 0.6181436513291031, 0.6451355658593725, 0.6674223942834823, 0.6176693229401697]

Checkpoint saved at /cluster/tufts/capstone25skyblue/eelkus01/NEXRADTurbulencePrediction/model_training/trained_model_outputs/resnet_42_model_checkpoint.pth for l2_alpha_idx: 0, fold 2, and epoch 17
BEGINNING EPOCH 18
[Epoch 18, Batch    50] avg loss: 0.5917
[Epoch 18, Batch   100] avg loss: 0.6022
[Epoch 18, Batch   150] avg loss: 0.5879
[Epoch 18, Batch   200] avg loss: 0.5785
[Epoch 18, Batch   250] avg loss: 0.5847
[Epoch 18, Batch   300] avg loss: 0.5886
Validation loss: 0.6572 (61 batches)
loss_per_epoch_list on epoch 18 is [0.7122771163455776, 0.7099282946742949, 0.7043321308542471, 0.6898431387103972, 0.6842636847105182, 0.6679744231896322, 0.6572764164111653, 0.6727424088071604, 0.6401613628278013, 0.6437041720405954, 0.6695370801159592, 0.6592100585093263, 0.6399874413599733, 0.6181436513291031, 0.6451355658593725, 0.6674223942834823, 0.6176693229401697, 0.6572457161106047]

Checkpoint saved at /cluster/tufts/capstone25skyblue/eelkus01/NEXRADTurbulencePrediction/model_training/trained_model_outputs/resnet_42_model_checkpoint.pth for l2_alpha_idx: 0, fold 2, and epoch 18
BEGINNING EPOCH 19
[Epoch 19, Batch    50] avg loss: 0.5831
[Epoch 19, Batch   100] avg loss: 0.5658
[Epoch 19, Batch   150] avg loss: 0.5640
[Epoch 19, Batch   200] avg loss: 0.5597
[Epoch 19, Batch   250] avg loss: 0.5563
[Epoch 19, Batch   300] avg loss: 0.5645
Validation loss: 0.6712 (61 batches)
loss_per_epoch_list on epoch 19 is [0.7122771163455776, 0.7099282946742949, 0.7043321308542471, 0.6898431387103972, 0.6842636847105182, 0.6679744231896322, 0.6572764164111653, 0.6727424088071604, 0.6401613628278013, 0.6437041720405954, 0.6695370801159592, 0.6592100585093263, 0.6399874413599733, 0.6181436513291031, 0.6451355658593725, 0.6674223942834823, 0.6176693229401697, 0.6572457161106047, 0.6711915340579924]

Checkpoint saved at /cluster/tufts/capstone25skyblue/eelkus01/NEXRADTurbulencePrediction/model_training/trained_model_outputs/resnet_42_model_checkpoint.pth for l2_alpha_idx: 0, fold 2, and epoch 19
BEGINNING EPOCH 20
[Epoch 20, Batch    50] avg loss: 0.5472
[Epoch 20, Batch   100] avg loss: 0.5602
[Epoch 20, Batch   150] avg loss: 0.5589
[Epoch 20, Batch   200] avg loss: 0.5589
[Epoch 20, Batch   250] avg loss: 0.5188
[Epoch 20, Batch   300] avg loss: 0.5366
Validation loss: 0.7583 (61 batches)
loss_per_epoch_list on epoch 20 is [0.7122771163455776, 0.7099282946742949, 0.7043321308542471, 0.6898431387103972, 0.6842636847105182, 0.6679744231896322, 0.6572764164111653, 0.6727424088071604, 0.6401613628278013, 0.6437041720405954, 0.6695370801159592, 0.6592100585093263, 0.6399874413599733, 0.6181436513291031, 0.6451355658593725, 0.6674223942834823, 0.6176693229401697, 0.6572457161106047, 0.6711915340579924, 0.758257908899276]

Checkpoint saved at /cluster/tufts/capstone25skyblue/eelkus01/NEXRADTurbulencePrediction/model_training/trained_model_outputs/resnet_42_model_checkpoint.pth for l2_alpha_idx: 0, fold 2, and epoch 20
BEGINNING EPOCH 21
[Epoch 21, Batch    50] avg loss: 0.5234
[Epoch 21, Batch   100] avg loss: 0.5228
[Epoch 21, Batch   150] avg loss: 0.4989
[Epoch 21, Batch   200] avg loss: 0.5049
[Epoch 21, Batch   250] avg loss: 0.4805
[Epoch 21, Batch   300] avg loss: 0.5007
Validation loss: 0.7061 (61 batches)
loss_per_epoch_list on epoch 21 is [0.7122771163455776, 0.7099282946742949, 0.7043321308542471, 0.6898431387103972, 0.6842636847105182, 0.6679744231896322, 0.6572764164111653, 0.6727424088071604, 0.6401613628278013, 0.6437041720405954, 0.6695370801159592, 0.6592100585093263, 0.6399874413599733, 0.6181436513291031, 0.6451355658593725, 0.6674223942834823, 0.6176693229401697, 0.6572457161106047, 0.6711915340579924, 0.758257908899276, 0.7060976331351233]

Checkpoint saved at /cluster/tufts/capstone25skyblue/eelkus01/NEXRADTurbulencePrediction/model_training/trained_model_outputs/resnet_42_model_checkpoint.pth for l2_alpha_idx: 0, fold 2, and epoch 21
BEGINNING EPOCH 22
[Epoch 22, Batch    50] avg loss: 0.4982
[Epoch 22, Batch   100] avg loss: 0.4750
[Epoch 22, Batch   150] avg loss: 0.4752
[Epoch 22, Batch   200] avg loss: 0.4539
[Epoch 22, Batch   250] avg loss: 0.4650
[Epoch 22, Batch   300] avg loss: 0.4563
Validation loss: 1.0059 (61 batches)
loss_per_epoch_list on epoch 22 is [0.7122771163455776, 0.7099282946742949, 0.7043321308542471, 0.6898431387103972, 0.6842636847105182, 0.6679744231896322, 0.6572764164111653, 0.6727424088071604, 0.6401613628278013, 0.6437041720405954, 0.6695370801159592, 0.6592100585093263, 0.6399874413599733, 0.6181436513291031, 0.6451355658593725, 0.6674223942834823, 0.6176693229401697, 0.6572457161106047, 0.6711915340579924, 0.758257908899276, 0.7060976331351233, 1.0059202225481878]

Checkpoint saved at /cluster/tufts/capstone25skyblue/eelkus01/NEXRADTurbulencePrediction/model_training/trained_model_outputs/resnet_42_model_checkpoint.pth for l2_alpha_idx: 0, fold 2, and epoch 22
BEGINNING EPOCH 23
[Epoch 23, Batch    50] avg loss: 0.4506
[Epoch 23, Batch   100] avg loss: 0.4561
[Epoch 23, Batch   150] avg loss: 0.4322
[Epoch 23, Batch   200] avg loss: 0.4286
[Epoch 23, Batch   250] avg loss: 0.4066
[Epoch 23, Batch   300] avg loss: 0.4014
Validation loss: 0.7769 (61 batches)
loss_per_epoch_list on epoch 23 is [0.7122771163455776, 0.7099282946742949, 0.7043321308542471, 0.6898431387103972, 0.6842636847105182, 0.6679744231896322, 0.6572764164111653, 0.6727424088071604, 0.6401613628278013, 0.6437041720405954, 0.6695370801159592, 0.6592100585093263, 0.6399874413599733, 0.6181436513291031, 0.6451355658593725, 0.6674223942834823, 0.6176693229401697, 0.6572457161106047, 0.6711915340579924, 0.758257908899276, 0.7060976331351233, 1.0059202225481878, 0.7769482526622835]

Checkpoint saved at /cluster/tufts/capstone25skyblue/eelkus01/NEXRADTurbulencePrediction/model_training/trained_model_outputs/resnet_42_model_checkpoint.pth for l2_alpha_idx: 0, fold 2, and epoch 23
BEGINNING EPOCH 24
[Epoch 24, Batch    50] avg loss: 0.4232
[Epoch 24, Batch   100] avg loss: 0.4142
[Epoch 24, Batch   150] avg loss: 0.4026
[Epoch 24, Batch   200] avg loss: 0.3881
[Epoch 24, Batch   250] avg loss: 0.3871
[Epoch 24, Batch   300] avg loss: 0.3963
Validation loss: 0.8545 (61 batches)
loss_per_epoch_list on epoch 24 is [0.7122771163455776, 0.7099282946742949, 0.7043321308542471, 0.6898431387103972, 0.6842636847105182, 0.6679744231896322, 0.6572764164111653, 0.6727424088071604, 0.6401613628278013, 0.6437041720405954, 0.6695370801159592, 0.6592100585093263, 0.6399874413599733, 0.6181436513291031, 0.6451355658593725, 0.6674223942834823, 0.6176693229401697, 0.6572457161106047, 0.6711915340579924, 0.758257908899276, 0.7060976331351233, 1.0059202225481878, 0.7769482526622835, 0.8544731247620504]

Checkpoint saved at /cluster/tufts/capstone25skyblue/eelkus01/NEXRADTurbulencePrediction/model_training/trained_model_outputs/resnet_42_model_checkpoint.pth for l2_alpha_idx: 0, fold 2, and epoch 24
BEGINNING EPOCH 25
[Epoch 25, Batch    50] avg loss: 0.3544
[Epoch 25, Batch   100] avg loss: 0.3712
[Epoch 25, Batch   150] avg loss: 0.3773
[Epoch 25, Batch   200] avg loss: 0.3521
[Epoch 25, Batch   250] avg loss: 0.3623
[Epoch 25, Batch   300] avg loss: 0.3614
Validation loss: 0.8977 (61 batches)
loss_per_epoch_list on epoch 25 is [0.7122771163455776, 0.7099282946742949, 0.7043321308542471, 0.6898431387103972, 0.6842636847105182, 0.6679744231896322, 0.6572764164111653, 0.6727424088071604, 0.6401613628278013, 0.6437041720405954, 0.6695370801159592, 0.6592100585093263, 0.6399874413599733, 0.6181436513291031, 0.6451355658593725, 0.6674223942834823, 0.6176693229401697, 0.6572457161106047, 0.6711915340579924, 0.758257908899276, 0.7060976331351233, 1.0059202225481878, 0.7769482526622835, 0.8544731247620504, 0.8977382261244977]

Checkpoint saved at /cluster/tufts/capstone25skyblue/eelkus01/NEXRADTurbulencePrediction/model_training/trained_model_outputs/resnet_42_model_checkpoint.pth for l2_alpha_idx: 0, fold 2, and epoch 25
BEGINNING EPOCH 26
[Epoch 26, Batch    50] avg loss: 0.3437
[Epoch 26, Batch   100] avg loss: 0.3358
[Epoch 26, Batch   150] avg loss: 0.3241
[Epoch 26, Batch   200] avg loss: 0.3161
[Epoch 26, Batch   250] avg loss: 0.3158
[Epoch 26, Batch   300] avg loss: 0.3198
Validation loss: 0.9609 (61 batches)
loss_per_epoch_list on epoch 26 is [0.7122771163455776, 0.7099282946742949, 0.7043321308542471, 0.6898431387103972, 0.6842636847105182, 0.6679744231896322, 0.6572764164111653, 0.6727424088071604, 0.6401613628278013, 0.6437041720405954, 0.6695370801159592, 0.6592100585093263, 0.6399874413599733, 0.6181436513291031, 0.6451355658593725, 0.6674223942834823, 0.6176693229401697, 0.6572457161106047, 0.6711915340579924, 0.758257908899276, 0.7060976331351233, 1.0059202225481878, 0.7769482526622835, 0.8544731247620504, 0.8977382261244977, 0.9608736243404326]

Checkpoint saved at /cluster/tufts/capstone25skyblue/eelkus01/NEXRADTurbulencePrediction/model_training/trained_model_outputs/resnet_42_model_checkpoint.pth for l2_alpha_idx: 0, fold 2, and epoch 26
BEGINNING EPOCH 27
[Epoch 27, Batch    50] avg loss: 0.2965
[Epoch 27, Batch   100] avg loss: 0.3134
[Epoch 27, Batch   150] avg loss: 0.2945
[Epoch 27, Batch   200] avg loss: 0.2949
[Epoch 27, Batch   250] avg loss: 0.2973
[Epoch 27, Batch   300] avg loss: 0.3058
Validation loss: 1.3123 (61 batches)
loss_per_epoch_list on epoch 27 is [0.7122771163455776, 0.7099282946742949, 0.7043321308542471, 0.6898431387103972, 0.6842636847105182, 0.6679744231896322, 0.6572764164111653, 0.6727424088071604, 0.6401613628278013, 0.6437041720405954, 0.6695370801159592, 0.6592100585093263, 0.6399874413599733, 0.6181436513291031, 0.6451355658593725, 0.6674223942834823, 0.6176693229401697, 0.6572457161106047, 0.6711915340579924, 0.758257908899276, 0.7060976331351233, 1.0059202225481878, 0.7769482526622835, 0.8544731247620504, 0.8977382261244977, 0.9608736243404326, 1.3122954876696478]

Checkpoint saved at /cluster/tufts/capstone25skyblue/eelkus01/NEXRADTurbulencePrediction/model_training/trained_model_outputs/resnet_42_model_checkpoint.pth for l2_alpha_idx: 0, fold 2, and epoch 27
BEGINNING EPOCH 28
[Epoch 28, Batch    50] avg loss: 0.2839
[Epoch 28, Batch   100] avg loss: 0.2904
[Epoch 28, Batch   150] avg loss: 0.2776
[Epoch 28, Batch   200] avg loss: 0.2774
[Epoch 28, Batch   250] avg loss: 0.2662
[Epoch 28, Batch   300] avg loss: 0.2855
Validation loss: 1.2615 (61 batches)
loss_per_epoch_list on epoch 28 is [0.7122771163455776, 0.7099282946742949, 0.7043321308542471, 0.6898431387103972, 0.6842636847105182, 0.6679744231896322, 0.6572764164111653, 0.6727424088071604, 0.6401613628278013, 0.6437041720405954, 0.6695370801159592, 0.6592100585093263, 0.6399874413599733, 0.6181436513291031, 0.6451355658593725, 0.6674223942834823, 0.6176693229401697, 0.6572457161106047, 0.6711915340579924, 0.758257908899276, 0.7060976331351233, 1.0059202225481878, 0.7769482526622835, 0.8544731247620504, 0.8977382261244977, 0.9608736243404326, 1.3122954876696478, 1.2615381078641923]

Checkpoint saved at /cluster/tufts/capstone25skyblue/eelkus01/NEXRADTurbulencePrediction/model_training/trained_model_outputs/resnet_42_model_checkpoint.pth for l2_alpha_idx: 0, fold 2, and epoch 28
BEGINNING EPOCH 29
[Epoch 29, Batch    50] avg loss: 0.2582
[Epoch 29, Batch   100] avg loss: 0.2512
[Epoch 29, Batch   150] avg loss: 0.2549
[Epoch 29, Batch   200] avg loss: 0.2462
[Epoch 29, Batch   250] avg loss: 0.2528
[Epoch 29, Batch   300] avg loss: 0.2436
Validation loss: 1.2508 (61 batches)
loss_per_epoch_list on epoch 29 is [0.7122771163455776, 0.7099282946742949, 0.7043321308542471, 0.6898431387103972, 0.6842636847105182, 0.6679744231896322, 0.6572764164111653, 0.6727424088071604, 0.6401613628278013, 0.6437041720405954, 0.6695370801159592, 0.6592100585093263, 0.6399874413599733, 0.6181436513291031, 0.6451355658593725, 0.6674223942834823, 0.6176693229401697, 0.6572457161106047, 0.6711915340579924, 0.758257908899276, 0.7060976331351233, 1.0059202225481878, 0.7769482526622835, 0.8544731247620504, 0.8977382261244977, 0.9608736243404326, 1.3122954876696478, 1.2615381078641923, 1.2508065534419701]

Checkpoint saved at /cluster/tufts/capstone25skyblue/eelkus01/NEXRADTurbulencePrediction/model_training/trained_model_outputs/resnet_42_model_checkpoint.pth for l2_alpha_idx: 0, fold 2, and epoch 29
Fold 2 had loss: 1.2508065534419701 on its last epoch

Fold 3 with l2_alpha = 0.1
Train subset size: 19253, Validation subset size: 3851
BEGINNING EPOCH 1
[Epoch 1, Batch    50] avg loss: 6.8267
[Epoch 1, Batch   100] avg loss: 1.0180
[Epoch 1, Batch   150] avg loss: 0.8037
[Epoch 1, Batch   200] avg loss: 0.7387
[Epoch 1, Batch   250] avg loss: 0.7105
[Epoch 1, Batch   300] avg loss: 0.7219
Validation loss: 0.6953 (61 batches)
loss_per_epoch_list on epoch 1 is [0.6953221774492108]

Checkpoint saved at /cluster/tufts/capstone25skyblue/eelkus01/NEXRADTurbulencePrediction/model_training/trained_model_outputs/resnet_42_model_checkpoint.pth for l2_alpha_idx: 0, fold 3, and epoch 1
BEGINNING EPOCH 2
[Epoch 2, Batch    50] avg loss: 0.6960
[Epoch 2, Batch   100] avg loss: 0.6975
[Epoch 2, Batch   150] avg loss: 0.6884
[Epoch 2, Batch   200] avg loss: 0.6891
[Epoch 2, Batch   250] avg loss: 0.6888
[Epoch 2, Batch   300] avg loss: 0.6893
Validation loss: 0.6775 (61 batches)
loss_per_epoch_list on epoch 2 is [0.6953221774492108, 0.67753894211816]

Checkpoint saved at /cluster/tufts/capstone25skyblue/eelkus01/NEXRADTurbulencePrediction/model_training/trained_model_outputs/resnet_42_model_checkpoint.pth for l2_alpha_idx: 0, fold 3, and epoch 2
BEGINNING EPOCH 3
[Epoch 3, Batch    50] avg loss: 0.6929
[Epoch 3, Batch   100] avg loss: 0.6864
[Epoch 3, Batch   150] avg loss: 0.6852
[Epoch 3, Batch   200] avg loss: 0.6772
[Epoch 3, Batch   250] avg loss: 0.6733
[Epoch 3, Batch   300] avg loss: 0.6750
Validation loss: 0.6745 (61 batches)
loss_per_epoch_list on epoch 3 is [0.6953221774492108, 0.67753894211816, 0.6744770681271788]

Checkpoint saved at /cluster/tufts/capstone25skyblue/eelkus01/NEXRADTurbulencePrediction/model_training/trained_model_outputs/resnet_42_model_checkpoint.pth for l2_alpha_idx: 0, fold 3, and epoch 3
BEGINNING EPOCH 4
[Epoch 4, Batch    50] avg loss: 0.6795
[Epoch 4, Batch   100] avg loss: 0.6755
[Epoch 4, Batch   150] avg loss: 0.6725
[Epoch 4, Batch   200] avg loss: 0.6790
[Epoch 4, Batch   250] avg loss: 0.6730
[Epoch 4, Batch   300] avg loss: 0.6700
Validation loss: 0.6698 (61 batches)
loss_per_epoch_list on epoch 4 is [0.6953221774492108, 0.67753894211816, 0.6744770681271788, 0.6698416403082551]

Checkpoint saved at /cluster/tufts/capstone25skyblue/eelkus01/NEXRADTurbulencePrediction/model_training/trained_model_outputs/resnet_42_model_checkpoint.pth for l2_alpha_idx: 0, fold 3, and epoch 4
BEGINNING EPOCH 5
[Epoch 5, Batch    50] avg loss: 0.6721
[Epoch 5, Batch   100] avg loss: 0.6701
[Epoch 5, Batch   150] avg loss: 0.6687
[Epoch 5, Batch   200] avg loss: 0.6668
[Epoch 5, Batch   250] avg loss: 0.6700
[Epoch 5, Batch   300] avg loss: 0.6726
Validation loss: 0.6671 (61 batches)
loss_per_epoch_list on epoch 5 is [0.6953221774492108, 0.67753894211816, 0.6744770681271788, 0.6698416403082551, 0.667069423394125]

Checkpoint saved at /cluster/tufts/capstone25skyblue/eelkus01/NEXRADTurbulencePrediction/model_training/trained_model_outputs/resnet_42_model_checkpoint.pth for l2_alpha_idx: 0, fold 3, and epoch 5
BEGINNING EPOCH 6
[Epoch 6, Batch    50] avg loss: 0.6710
[Epoch 6, Batch   100] avg loss: 0.6611
[Epoch 6, Batch   150] avg loss: 0.6693
[Epoch 6, Batch   200] avg loss: 0.6743
[Epoch 6, Batch   250] avg loss: 0.6656
[Epoch 6, Batch   300] avg loss: 0.6693
Validation loss: 0.6985 (61 batches)
loss_per_epoch_list on epoch 6 is [0.6953221774492108, 0.67753894211816, 0.6744770681271788, 0.6698416403082551, 0.667069423394125, 0.6985298522183152]

Checkpoint saved at /cluster/tufts/capstone25skyblue/eelkus01/NEXRADTurbulencePrediction/model_training/trained_model_outputs/resnet_42_model_checkpoint.pth for l2_alpha_idx: 0, fold 3, and epoch 6
BEGINNING EPOCH 7
[Epoch 7, Batch    50] avg loss: 0.6580
[Epoch 7, Batch   100] avg loss: 0.6583
[Epoch 7, Batch   150] avg loss: 0.6621
[Epoch 7, Batch   200] avg loss: 0.6694
[Epoch 7, Batch   250] avg loss: 0.6535
[Epoch 7, Batch   300] avg loss: 0.6703
Validation loss: 0.6793 (61 batches)
loss_per_epoch_list on epoch 7 is [0.6953221774492108, 0.67753894211816, 0.6744770681271788, 0.6698416403082551, 0.667069423394125, 0.6985298522183152, 0.6793139850507017]

Checkpoint saved at /cluster/tufts/capstone25skyblue/eelkus01/NEXRADTurbulencePrediction/model_training/trained_model_outputs/resnet_42_model_checkpoint.pth for l2_alpha_idx: 0, fold 3, and epoch 7
BEGINNING EPOCH 8
[Epoch 8, Batch    50] avg loss: 0.6569
[Epoch 8, Batch   100] avg loss: 0.6691
[Epoch 8, Batch   150] avg loss: 0.6628
[Epoch 8, Batch   200] avg loss: 0.6556
[Epoch 8, Batch   250] avg loss: 0.6708
[Epoch 8, Batch   300] avg loss: 0.6562
Validation loss: 0.6823 (61 batches)
loss_per_epoch_list on epoch 8 is [0.6953221774492108, 0.67753894211816, 0.6744770681271788, 0.6698416403082551, 0.667069423394125, 0.6985298522183152, 0.6793139850507017, 0.6822542333212055]

Checkpoint saved at /cluster/tufts/capstone25skyblue/eelkus01/NEXRADTurbulencePrediction/model_training/trained_model_outputs/resnet_42_model_checkpoint.pth for l2_alpha_idx: 0, fold 3, and epoch 8
BEGINNING EPOCH 9
[Epoch 9, Batch    50] avg loss: 0.6520
[Epoch 9, Batch   100] avg loss: 0.6591
[Epoch 9, Batch   150] avg loss: 0.6539
[Epoch 9, Batch   200] avg loss: 0.6624
[Epoch 9, Batch   250] avg loss: 0.6557
[Epoch 9, Batch   300] avg loss: 0.6594
Validation loss: 0.6602 (61 batches)
loss_per_epoch_list on epoch 9 is [0.6953221774492108, 0.67753894211816, 0.6744770681271788, 0.6698416403082551, 0.667069423394125, 0.6985298522183152, 0.6793139850507017, 0.6822542333212055, 0.66020923755208]

Checkpoint saved at /cluster/tufts/capstone25skyblue/eelkus01/NEXRADTurbulencePrediction/model_training/trained_model_outputs/resnet_42_model_checkpoint.pth for l2_alpha_idx: 0, fold 3, and epoch 9
BEGINNING EPOCH 10
[Epoch 10, Batch    50] avg loss: 0.6519
[Epoch 10, Batch   100] avg loss: 0.6537
[Epoch 10, Batch   150] avg loss: 0.6546
[Epoch 10, Batch   200] avg loss: 0.6501
[Epoch 10, Batch   250] avg loss: 0.6494
[Epoch 10, Batch   300] avg loss: 0.6449
Validation loss: 0.6383 (61 batches)
loss_per_epoch_list on epoch 10 is [0.6953221774492108, 0.67753894211816, 0.6744770681271788, 0.6698416403082551, 0.667069423394125, 0.6985298522183152, 0.6793139850507017, 0.6822542333212055, 0.66020923755208, 0.6383244932674971]

Checkpoint saved at /cluster/tufts/capstone25skyblue/eelkus01/NEXRADTurbulencePrediction/model_training/trained_model_outputs/resnet_42_model_checkpoint.pth for l2_alpha_idx: 0, fold 3, and epoch 10
BEGINNING EPOCH 11
[Epoch 11, Batch    50] avg loss: 0.6465
[Epoch 11, Batch   100] avg loss: 0.6418
[Epoch 11, Batch   150] avg loss: 0.6488
[Epoch 11, Batch   200] avg loss: 0.6558
[Epoch 11, Batch   250] avg loss: 0.6417
[Epoch 11, Batch   300] avg loss: 0.6722
Validation loss: 0.6999 (61 batches)
loss_per_epoch_list on epoch 11 is [0.6953221774492108, 0.67753894211816, 0.6744770681271788, 0.6698416403082551, 0.667069423394125, 0.6985298522183152, 0.6793139850507017, 0.6822542333212055, 0.66020923755208, 0.6383244932674971, 0.6999035741462082]

Checkpoint saved at /cluster/tufts/capstone25skyblue/eelkus01/NEXRADTurbulencePrediction/model_training/trained_model_outputs/resnet_42_model_checkpoint.pth for l2_alpha_idx: 0, fold 3, and epoch 11
BEGINNING EPOCH 12
[Epoch 12, Batch    50] avg loss: 0.6501
[Epoch 12, Batch   100] avg loss: 0.6425
[Epoch 12, Batch   150] avg loss: 0.6398
[Epoch 12, Batch   200] avg loss: 0.6483
[Epoch 12, Batch   250] avg loss: 0.6398
[Epoch 12, Batch   300] avg loss: 0.6362
Validation loss: 0.6881 (61 batches)
loss_per_epoch_list on epoch 12 is [0.6953221774492108, 0.67753894211816, 0.6744770681271788, 0.6698416403082551, 0.667069423394125, 0.6985298522183152, 0.6793139850507017, 0.6822542333212055, 0.66020923755208, 0.6383244932674971, 0.6999035741462082, 0.688118004408039]

Checkpoint saved at /cluster/tufts/capstone25skyblue/eelkus01/NEXRADTurbulencePrediction/model_training/trained_model_outputs/resnet_42_model_checkpoint.pth for l2_alpha_idx: 0, fold 3, and epoch 12
BEGINNING EPOCH 13
[Epoch 13, Batch    50] avg loss: 0.6418
[Epoch 13, Batch   100] avg loss: 0.6345
[Epoch 13, Batch   150] avg loss: 0.6326
[Epoch 13, Batch   200] avg loss: 0.6473
[Epoch 13, Batch   250] avg loss: 0.6441
[Epoch 13, Batch   300] avg loss: 0.6444
Validation loss: 0.6273 (61 batches)
loss_per_epoch_list on epoch 13 is [0.6953221774492108, 0.67753894211816, 0.6744770681271788, 0.6698416403082551, 0.667069423394125, 0.6985298522183152, 0.6793139850507017, 0.6822542333212055, 0.66020923755208, 0.6383244932674971, 0.6999035741462082, 0.688118004408039, 0.6273291247789977]

Checkpoint saved at /cluster/tufts/capstone25skyblue/eelkus01/NEXRADTurbulencePrediction/model_training/trained_model_outputs/resnet_42_model_checkpoint.pth for l2_alpha_idx: 0, fold 3, and epoch 13
BEGINNING EPOCH 14
[Epoch 14, Batch    50] avg loss: 0.6357
[Epoch 14, Batch   100] avg loss: 0.6196
[Epoch 14, Batch   150] avg loss: 0.6424
[Epoch 14, Batch   200] avg loss: 0.6307
[Epoch 14, Batch   250] avg loss: 0.6273
[Epoch 14, Batch   300] avg loss: 0.6244
Validation loss: 0.6461 (61 batches)
loss_per_epoch_list on epoch 14 is [0.6953221774492108, 0.67753894211816, 0.6744770681271788, 0.6698416403082551, 0.667069423394125, 0.6985298522183152, 0.6793139850507017, 0.6822542333212055, 0.66020923755208, 0.6383244932674971, 0.6999035741462082, 0.688118004408039, 0.6273291247789977, 0.6461053314756174]

Checkpoint saved at /cluster/tufts/capstone25skyblue/eelkus01/NEXRADTurbulencePrediction/model_training/trained_model_outputs/resnet_42_model_checkpoint.pth for l2_alpha_idx: 0, fold 3, and epoch 14
BEGINNING EPOCH 15
[Epoch 15, Batch    50] avg loss: 0.6259
[Epoch 15, Batch   100] avg loss: 0.6219
[Epoch 15, Batch   150] avg loss: 0.6323
[Epoch 15, Batch   200] avg loss: 0.6238
[Epoch 15, Batch   250] avg loss: 0.6126
[Epoch 15, Batch   300] avg loss: 0.6285
Validation loss: 0.6515 (61 batches)
loss_per_epoch_list on epoch 15 is [0.6953221774492108, 0.67753894211816, 0.6744770681271788, 0.6698416403082551, 0.667069423394125, 0.6985298522183152, 0.6793139850507017, 0.6822542333212055, 0.66020923755208, 0.6383244932674971, 0.6999035741462082, 0.688118004408039, 0.6273291247789977, 0.6461053314756174, 0.651516755096248]

Checkpoint saved at /cluster/tufts/capstone25skyblue/eelkus01/NEXRADTurbulencePrediction/model_training/trained_model_outputs/resnet_42_model_checkpoint.pth for l2_alpha_idx: 0, fold 3, and epoch 15
BEGINNING EPOCH 16
[Epoch 16, Batch    50] avg loss: 0.6136
[Epoch 16, Batch   100] avg loss: 0.6233
[Epoch 16, Batch   150] avg loss: 0.6143
[Epoch 16, Batch   200] avg loss: 0.6105
[Epoch 16, Batch   250] avg loss: 0.6041
[Epoch 16, Batch   300] avg loss: 0.6088
Validation loss: 0.6725 (61 batches)
loss_per_epoch_list on epoch 16 is [0.6953221774492108, 0.67753894211816, 0.6744770681271788, 0.6698416403082551, 0.667069423394125, 0.6985298522183152, 0.6793139850507017, 0.6822542333212055, 0.66020923755208, 0.6383244932674971, 0.6999035741462082, 0.688118004408039, 0.6273291247789977, 0.6461053314756174, 0.651516755096248, 0.6724829527198292]

Checkpoint saved at /cluster/tufts/capstone25skyblue/eelkus01/NEXRADTurbulencePrediction/model_training/trained_model_outputs/resnet_42_model_checkpoint.pth for l2_alpha_idx: 0, fold 3, and epoch 16
BEGINNING EPOCH 17
[Epoch 17, Batch    50] avg loss: 0.5966
[Epoch 17, Batch   100] avg loss: 0.6000
[Epoch 17, Batch   150] avg loss: 0.5987
[Epoch 17, Batch   200] avg loss: 0.6052
[Epoch 17, Batch   250] avg loss: 0.5951
[Epoch 17, Batch   300] avg loss: 0.5993
Validation loss: 0.6790 (61 batches)
loss_per_epoch_list on epoch 17 is [0.6953221774492108, 0.67753894211816, 0.6744770681271788, 0.6698416403082551, 0.667069423394125, 0.6985298522183152, 0.6793139850507017, 0.6822542333212055, 0.66020923755208, 0.6383244932674971, 0.6999035741462082, 0.688118004408039, 0.6273291247789977, 0.6461053314756174, 0.651516755096248, 0.6724829527198292, 0.6790124226789005]

Checkpoint saved at /cluster/tufts/capstone25skyblue/eelkus01/NEXRADTurbulencePrediction/model_training/trained_model_outputs/resnet_42_model_checkpoint.pth for l2_alpha_idx: 0, fold 3, and epoch 17
BEGINNING EPOCH 18
[Epoch 18, Batch    50] avg loss: 0.5887
[Epoch 18, Batch   100] avg loss: 0.5942
[Epoch 18, Batch   150] avg loss: 0.5854
[Epoch 18, Batch   200] avg loss: 0.5821
[Epoch 18, Batch   250] avg loss: 0.5811
[Epoch 18, Batch   300] avg loss: 0.5847
Validation loss: 0.7146 (61 batches)
loss_per_epoch_list on epoch 18 is [0.6953221774492108, 0.67753894211816, 0.6744770681271788, 0.6698416403082551, 0.667069423394125, 0.6985298522183152, 0.6793139850507017, 0.6822542333212055, 0.66020923755208, 0.6383244932674971, 0.6999035741462082, 0.688118004408039, 0.6273291247789977, 0.6461053314756174, 0.651516755096248, 0.6724829527198292, 0.6790124226789005, 0.7146313317486497]

Checkpoint saved at /cluster/tufts/capstone25skyblue/eelkus01/NEXRADTurbulencePrediction/model_training/trained_model_outputs/resnet_42_model_checkpoint.pth for l2_alpha_idx: 0, fold 3, and epoch 18
BEGINNING EPOCH 19
[Epoch 19, Batch    50] avg loss: 0.5701
[Epoch 19, Batch   100] avg loss: 0.5726
[Epoch 19, Batch   150] avg loss: 0.5651
[Epoch 19, Batch   200] avg loss: 0.5608
[Epoch 19, Batch   250] avg loss: 0.5634
[Epoch 19, Batch   300] avg loss: 0.5652
Validation loss: 0.7029 (61 batches)
loss_per_epoch_list on epoch 19 is [0.6953221774492108, 0.67753894211816, 0.6744770681271788, 0.6698416403082551, 0.667069423394125, 0.6985298522183152, 0.6793139850507017, 0.6822542333212055, 0.66020923755208, 0.6383244932674971, 0.6999035741462082, 0.688118004408039, 0.6273291247789977, 0.6461053314756174, 0.651516755096248, 0.6724829527198292, 0.6790124226789005, 0.7146313317486497, 0.7028685857038028]

Checkpoint saved at /cluster/tufts/capstone25skyblue/eelkus01/NEXRADTurbulencePrediction/model_training/trained_model_outputs/resnet_42_model_checkpoint.pth for l2_alpha_idx: 0, fold 3, and epoch 19
BEGINNING EPOCH 20
[Epoch 20, Batch    50] avg loss: 0.5642
[Epoch 20, Batch   100] avg loss: 0.5516
[Epoch 20, Batch   150] avg loss: 0.5525
[Epoch 20, Batch   200] avg loss: 0.5358
[Epoch 20, Batch   250] avg loss: 0.5337
[Epoch 20, Batch   300] avg loss: 0.5287
Validation loss: 0.6832 (61 batches)
loss_per_epoch_list on epoch 20 is [0.6953221774492108, 0.67753894211816, 0.6744770681271788, 0.6698416403082551, 0.667069423394125, 0.6985298522183152, 0.6793139850507017, 0.6822542333212055, 0.66020923755208, 0.6383244932674971, 0.6999035741462082, 0.688118004408039, 0.6273291247789977, 0.6461053314756174, 0.651516755096248, 0.6724829527198292, 0.6790124226789005, 0.7146313317486497, 0.7028685857038028, 0.68323451671444]

Checkpoint saved at /cluster/tufts/capstone25skyblue/eelkus01/NEXRADTurbulencePrediction/model_training/trained_model_outputs/resnet_42_model_checkpoint.pth for l2_alpha_idx: 0, fold 3, and epoch 20
BEGINNING EPOCH 21
[Epoch 21, Batch    50] avg loss: 0.5367
[Epoch 21, Batch   100] avg loss: 0.5162
[Epoch 21, Batch   150] avg loss: 0.5210
[Epoch 21, Batch   200] avg loss: 0.5141
[Epoch 21, Batch   250] avg loss: 0.5157
[Epoch 21, Batch   300] avg loss: 0.5130
Validation loss: 0.7539 (61 batches)
loss_per_epoch_list on epoch 21 is [0.6953221774492108, 0.67753894211816, 0.6744770681271788, 0.6698416403082551, 0.667069423394125, 0.6985298522183152, 0.6793139850507017, 0.6822542333212055, 0.66020923755208, 0.6383244932674971, 0.6999035741462082, 0.688118004408039, 0.6273291247789977, 0.6461053314756174, 0.651516755096248, 0.6724829527198292, 0.6790124226789005, 0.7146313317486497, 0.7028685857038028, 0.68323451671444, 0.7539281854864026]

Checkpoint saved at /cluster/tufts/capstone25skyblue/eelkus01/NEXRADTurbulencePrediction/model_training/trained_model_outputs/resnet_42_model_checkpoint.pth for l2_alpha_idx: 0, fold 3, and epoch 21
BEGINNING EPOCH 22
[Epoch 22, Batch    50] avg loss: 0.4965
[Epoch 22, Batch   100] avg loss: 0.4770
[Epoch 22, Batch   150] avg loss: 0.4801
[Epoch 22, Batch   200] avg loss: 0.5047
[Epoch 22, Batch   250] avg loss: 0.4608
[Epoch 22, Batch   300] avg loss: 0.4612
Validation loss: 0.9299 (61 batches)
loss_per_epoch_list on epoch 22 is [0.6953221774492108, 0.67753894211816, 0.6744770681271788, 0.6698416403082551, 0.667069423394125, 0.6985298522183152, 0.6793139850507017, 0.6822542333212055, 0.66020923755208, 0.6383244932674971, 0.6999035741462082, 0.688118004408039, 0.6273291247789977, 0.6461053314756174, 0.651516755096248, 0.6724829527198292, 0.6790124226789005, 0.7146313317486497, 0.7028685857038028, 0.68323451671444, 0.7539281854864026, 0.929927342250699]

Checkpoint saved at /cluster/tufts/capstone25skyblue/eelkus01/NEXRADTurbulencePrediction/model_training/trained_model_outputs/resnet_42_model_checkpoint.pth for l2_alpha_idx: 0, fold 3, and epoch 22
BEGINNING EPOCH 23
[Epoch 23, Batch    50] avg loss: 0.4710
[Epoch 23, Batch   100] avg loss: 0.4477
[Epoch 23, Batch   150] avg loss: 0.4482
[Epoch 23, Batch   200] avg loss: 0.4373
[Epoch 23, Batch   250] avg loss: 0.4278
[Epoch 23, Batch   300] avg loss: 0.4329
Validation loss: 0.8221 (61 batches)
loss_per_epoch_list on epoch 23 is [0.6953221774492108, 0.67753894211816, 0.6744770681271788, 0.6698416403082551, 0.667069423394125, 0.6985298522183152, 0.6793139850507017, 0.6822542333212055, 0.66020923755208, 0.6383244932674971, 0.6999035741462082, 0.688118004408039, 0.6273291247789977, 0.6461053314756174, 0.651516755096248, 0.6724829527198292, 0.6790124226789005, 0.7146313317486497, 0.7028685857038028, 0.68323451671444, 0.7539281854864026, 0.929927342250699, 0.8221040074942542]

Checkpoint saved at /cluster/tufts/capstone25skyblue/eelkus01/NEXRADTurbulencePrediction/model_training/trained_model_outputs/resnet_42_model_checkpoint.pth for l2_alpha_idx: 0, fold 3, and epoch 23
BEGINNING EPOCH 24
[Epoch 24, Batch    50] avg loss: 0.4207
[Epoch 24, Batch   100] avg loss: 0.4297
[Epoch 24, Batch   150] avg loss: 0.4206
[Epoch 24, Batch   200] avg loss: 0.3930
[Epoch 24, Batch   250] avg loss: 0.4180
[Epoch 24, Batch   300] avg loss: 0.3989
Validation loss: 0.8584 (61 batches)
loss_per_epoch_list on epoch 24 is [0.6953221774492108, 0.67753894211816, 0.6744770681271788, 0.6698416403082551, 0.667069423394125, 0.6985298522183152, 0.6793139850507017, 0.6822542333212055, 0.66020923755208, 0.6383244932674971, 0.6999035741462082, 0.688118004408039, 0.6273291247789977, 0.6461053314756174, 0.651516755096248, 0.6724829527198292, 0.6790124226789005, 0.7146313317486497, 0.7028685857038028, 0.68323451671444, 0.7539281854864026, 0.929927342250699, 0.8221040074942542, 0.8583895446824246]

Checkpoint saved at /cluster/tufts/capstone25skyblue/eelkus01/NEXRADTurbulencePrediction/model_training/trained_model_outputs/resnet_42_model_checkpoint.pth for l2_alpha_idx: 0, fold 3, and epoch 24
BEGINNING EPOCH 25
[Epoch 25, Batch    50] avg loss: 0.3810
[Epoch 25, Batch   100] avg loss: 0.3724
[Epoch 25, Batch   150] avg loss: 0.3890
[Epoch 25, Batch   200] avg loss: 0.3867
[Epoch 25, Batch   250] avg loss: 0.3663
[Epoch 25, Batch   300] avg loss: 0.3765
Validation loss: 0.9896 (61 batches)
loss_per_epoch_list on epoch 25 is [0.6953221774492108, 0.67753894211816, 0.6744770681271788, 0.6698416403082551, 0.667069423394125, 0.6985298522183152, 0.6793139850507017, 0.6822542333212055, 0.66020923755208, 0.6383244932674971, 0.6999035741462082, 0.688118004408039, 0.6273291247789977, 0.6461053314756174, 0.651516755096248, 0.6724829527198292, 0.6790124226789005, 0.7146313317486497, 0.7028685857038028, 0.68323451671444, 0.7539281854864026, 0.929927342250699, 0.8221040074942542, 0.8583895446824246, 0.9896162943761857]

Checkpoint saved at /cluster/tufts/capstone25skyblue/eelkus01/NEXRADTurbulencePrediction/model_training/trained_model_outputs/resnet_42_model_checkpoint.pth for l2_alpha_idx: 0, fold 3, and epoch 25
BEGINNING EPOCH 26
[Epoch 26, Batch    50] avg loss: 0.3532
[Epoch 26, Batch   100] avg loss: 0.3843
[Epoch 26, Batch   150] avg loss: 0.3384
[Epoch 26, Batch   200] avg loss: 0.3398
[Epoch 26, Batch   250] avg loss: 0.3486
[Epoch 26, Batch   300] avg loss: 0.3449
Validation loss: 0.9662 (61 batches)
loss_per_epoch_list on epoch 26 is [0.6953221774492108, 0.67753894211816, 0.6744770681271788, 0.6698416403082551, 0.667069423394125, 0.6985298522183152, 0.6793139850507017, 0.6822542333212055, 0.66020923755208, 0.6383244932674971, 0.6999035741462082, 0.688118004408039, 0.6273291247789977, 0.6461053314756174, 0.651516755096248, 0.6724829527198292, 0.6790124226789005, 0.7146313317486497, 0.7028685857038028, 0.68323451671444, 0.7539281854864026, 0.929927342250699, 0.8221040074942542, 0.8583895446824246, 0.9896162943761857, 0.9661728251175802]

Checkpoint saved at /cluster/tufts/capstone25skyblue/eelkus01/NEXRADTurbulencePrediction/model_training/trained_model_outputs/resnet_42_model_checkpoint.pth for l2_alpha_idx: 0, fold 3, and epoch 26
BEGINNING EPOCH 27
[Epoch 27, Batch    50] avg loss: 0.3189
[Epoch 27, Batch   100] avg loss: 0.3433
[Epoch 27, Batch   150] avg loss: 0.2920
[Epoch 27, Batch   200] avg loss: 0.3150
[Epoch 27, Batch   250] avg loss: 0.3163
[Epoch 27, Batch   300] avg loss: 0.2969
Validation loss: 1.2041 (61 batches)
loss_per_epoch_list on epoch 27 is [0.6953221774492108, 0.67753894211816, 0.6744770681271788, 0.6698416403082551, 0.667069423394125, 0.6985298522183152, 0.6793139850507017, 0.6822542333212055, 0.66020923755208, 0.6383244932674971, 0.6999035741462082, 0.688118004408039, 0.6273291247789977, 0.6461053314756174, 0.651516755096248, 0.6724829527198292, 0.6790124226789005, 0.7146313317486497, 0.7028685857038028, 0.68323451671444, 0.7539281854864026, 0.929927342250699, 0.8221040074942542, 0.8583895446824246, 0.9896162943761857, 0.9661728251175802, 1.2041006195740622]

Checkpoint saved at /cluster/tufts/capstone25skyblue/eelkus01/NEXRADTurbulencePrediction/model_training/trained_model_outputs/resnet_42_model_checkpoint.pth for l2_alpha_idx: 0, fold 3, and epoch 27
BEGINNING EPOCH 28
[Epoch 28, Batch    50] avg loss: 0.3137
[Epoch 28, Batch   100] avg loss: 0.2841
[Epoch 28, Batch   150] avg loss: 0.3155
[Epoch 28, Batch   200] avg loss: 0.2786
[Epoch 28, Batch   250] avg loss: 0.2863
[Epoch 28, Batch   300] avg loss: 0.2820
Validation loss: 1.1674 (61 batches)
loss_per_epoch_list on epoch 28 is [0.6953221774492108, 0.67753894211816, 0.6744770681271788, 0.6698416403082551, 0.667069423394125, 0.6985298522183152, 0.6793139850507017, 0.6822542333212055, 0.66020923755208, 0.6383244932674971, 0.6999035741462082, 0.688118004408039, 0.6273291247789977, 0.6461053314756174, 0.651516755096248, 0.6724829527198292, 0.6790124226789005, 0.7146313317486497, 0.7028685857038028, 0.68323451671444, 0.7539281854864026, 0.929927342250699, 0.8221040074942542, 0.8583895446824246, 0.9896162943761857, 0.9661728251175802, 1.2041006195740622, 1.167354764996982]

Checkpoint saved at /cluster/tufts/capstone25skyblue/eelkus01/NEXRADTurbulencePrediction/model_training/trained_model_outputs/resnet_42_model_checkpoint.pth for l2_alpha_idx: 0, fold 3, and epoch 28
BEGINNING EPOCH 29
[Epoch 29, Batch    50] avg loss: 0.2694
[Epoch 29, Batch   100] avg loss: 0.2970
[Epoch 29, Batch   150] avg loss: 0.2585
[Epoch 29, Batch   200] avg loss: 0.2714
[Epoch 29, Batch   250] avg loss: 0.2928
[Epoch 29, Batch   300] avg loss: 0.2483
Validation loss: 1.2701 (61 batches)
loss_per_epoch_list on epoch 29 is [0.6953221774492108, 0.67753894211816, 0.6744770681271788, 0.6698416403082551, 0.667069423394125, 0.6985298522183152, 0.6793139850507017, 0.6822542333212055, 0.66020923755208, 0.6383244932674971, 0.6999035741462082, 0.688118004408039, 0.6273291247789977, 0.6461053314756174, 0.651516755096248, 0.6724829527198292, 0.6790124226789005, 0.7146313317486497, 0.7028685857038028, 0.68323451671444, 0.7539281854864026, 0.929927342250699, 0.8221040074942542, 0.8583895446824246, 0.9896162943761857, 0.9661728251175802, 1.2041006195740622, 1.167354764996982, 1.2701081506541518]

Checkpoint saved at /cluster/tufts/capstone25skyblue/eelkus01/NEXRADTurbulencePrediction/model_training/trained_model_outputs/resnet_42_model_checkpoint.pth for l2_alpha_idx: 0, fold 3, and epoch 29
Fold 3 had loss: 1.2701081506541518 on its last epoch

Fold 4 with l2_alpha = 0.1
Train subset size: 19254, Validation subset size: 3850
BEGINNING EPOCH 1
[Epoch 1, Batch    50] avg loss: 3.1498
[Epoch 1, Batch   100] avg loss: 0.8515
[Epoch 1, Batch   150] avg loss: 0.7599
[Epoch 1, Batch   200] avg loss: 0.7407
[Epoch 1, Batch   250] avg loss: 0.7152
[Epoch 1, Batch   300] avg loss: 0.7552
Validation loss: 0.6518 (61 batches)
loss_per_epoch_list on epoch 1 is [0.6518250821066685]

Checkpoint saved at /cluster/tufts/capstone25skyblue/eelkus01/NEXRADTurbulencePrediction/model_training/trained_model_outputs/resnet_42_model_checkpoint.pth for l2_alpha_idx: 0, fold 4, and epoch 1
BEGINNING EPOCH 2
[Epoch 2, Batch    50] avg loss: 0.6806
[Epoch 2, Batch   100] avg loss: 0.6821
[Epoch 2, Batch   150] avg loss: 0.6896
[Epoch 2, Batch   200] avg loss: 0.6636
[Epoch 2, Batch   250] avg loss: 0.6723
[Epoch 2, Batch   300] avg loss: 0.6679
Validation loss: 0.6617 (61 batches)
loss_per_epoch_list on epoch 2 is [0.6518250821066685, 0.6616733035103219]

Checkpoint saved at /cluster/tufts/capstone25skyblue/eelkus01/NEXRADTurbulencePrediction/model_training/trained_model_outputs/resnet_42_model_checkpoint.pth for l2_alpha_idx: 0, fold 4, and epoch 2
BEGINNING EPOCH 3
[Epoch 3, Batch    50] avg loss: 0.6678
[Epoch 3, Batch   100] avg loss: 0.6677
[Epoch 3, Batch   150] avg loss: 0.6666
[Epoch 3, Batch   200] avg loss: 0.6695
[Epoch 3, Batch   250] avg loss: 0.6703
[Epoch 3, Batch   300] avg loss: 0.6599
Validation loss: 0.6755 (61 batches)
loss_per_epoch_list on epoch 3 is [0.6518250821066685, 0.6616733035103219, 0.6754919388255135]

Checkpoint saved at /cluster/tufts/capstone25skyblue/eelkus01/NEXRADTurbulencePrediction/model_training/trained_model_outputs/resnet_42_model_checkpoint.pth for l2_alpha_idx: 0, fold 4, and epoch 3
BEGINNING EPOCH 4
[Epoch 4, Batch    50] avg loss: 0.6640
[Epoch 4, Batch   100] avg loss: 0.6488
[Epoch 4, Batch   150] avg loss: 0.6538
[Epoch 4, Batch   200] avg loss: 0.6567
[Epoch 4, Batch   250] avg loss: 0.6552
[Epoch 4, Batch   300] avg loss: 0.6682
Validation loss: 0.6607 (61 batches)
loss_per_epoch_list on epoch 4 is [0.6518250821066685, 0.6616733035103219, 0.6754919388255135, 0.6606794849770968]

Checkpoint saved at /cluster/tufts/capstone25skyblue/eelkus01/NEXRADTurbulencePrediction/model_training/trained_model_outputs/resnet_42_model_checkpoint.pth for l2_alpha_idx: 0, fold 4, and epoch 4
BEGINNING EPOCH 5
[Epoch 5, Batch    50] avg loss: 0.6502
[Epoch 5, Batch   100] avg loss: 0.6595
[Epoch 5, Batch   150] avg loss: 0.6562
[Epoch 5, Batch   200] avg loss: 0.6631
[Epoch 5, Batch   250] avg loss: 0.6618
[Epoch 5, Batch   300] avg loss: 0.6511
Validation loss: 0.6476 (61 batches)
loss_per_epoch_list on epoch 5 is [0.6518250821066685, 0.6616733035103219, 0.6754919388255135, 0.6606794849770968, 0.6476358654069119]

Checkpoint saved at /cluster/tufts/capstone25skyblue/eelkus01/NEXRADTurbulencePrediction/model_training/trained_model_outputs/resnet_42_model_checkpoint.pth for l2_alpha_idx: 0, fold 4, and epoch 5
BEGINNING EPOCH 6
[Epoch 6, Batch    50] avg loss: 0.6557
[Epoch 6, Batch   100] avg loss: 0.6568
[Epoch 6, Batch   150] avg loss: 0.6571
[Epoch 6, Batch   200] avg loss: 0.6494
[Epoch 6, Batch   250] avg loss: 0.6518
[Epoch 6, Batch   300] avg loss: 0.6470
Validation loss: 0.6510 (61 batches)
loss_per_epoch_list on epoch 6 is [0.6518250821066685, 0.6616733035103219, 0.6754919388255135, 0.6606794849770968, 0.6476358654069119, 0.6510128808803246]

Checkpoint saved at /cluster/tufts/capstone25skyblue/eelkus01/NEXRADTurbulencePrediction/model_training/trained_model_outputs/resnet_42_model_checkpoint.pth for l2_alpha_idx: 0, fold 4, and epoch 6
BEGINNING EPOCH 7
[Epoch 7, Batch    50] avg loss: 0.6473
[Epoch 7, Batch   100] avg loss: 0.6494
[Epoch 7, Batch   150] avg loss: 0.6449
[Epoch 7, Batch   200] avg loss: 0.6451
[Epoch 7, Batch   250] avg loss: 0.6491
[Epoch 7, Batch   300] avg loss: 0.6445
Validation loss: 0.6354 (61 batches)
loss_per_epoch_list on epoch 7 is [0.6518250821066685, 0.6616733035103219, 0.6754919388255135, 0.6606794849770968, 0.6476358654069119, 0.6510128808803246, 0.6353677560071476]

Checkpoint saved at /cluster/tufts/capstone25skyblue/eelkus01/NEXRADTurbulencePrediction/model_training/trained_model_outputs/resnet_42_model_checkpoint.pth for l2_alpha_idx: 0, fold 4, and epoch 7
BEGINNING EPOCH 8
[Epoch 8, Batch    50] avg loss: 0.6408
[Epoch 8, Batch   100] avg loss: 0.6470
[Epoch 8, Batch   150] avg loss: 0.6461
[Epoch 8, Batch   200] avg loss: 0.6397
[Epoch 8, Batch   250] avg loss: 0.6356
[Epoch 8, Batch   300] avg loss: 0.6438
Validation loss: 0.7276 (61 batches)
loss_per_epoch_list on epoch 8 is [0.6518250821066685, 0.6616733035103219, 0.6754919388255135, 0.6606794849770968, 0.6476358654069119, 0.6510128808803246, 0.6353677560071476, 0.7275748145384867]

Checkpoint saved at /cluster/tufts/capstone25skyblue/eelkus01/NEXRADTurbulencePrediction/model_training/trained_model_outputs/resnet_42_model_checkpoint.pth for l2_alpha_idx: 0, fold 4, and epoch 8
BEGINNING EPOCH 9
[Epoch 9, Batch    50] avg loss: 0.6475
[Epoch 9, Batch   100] avg loss: 0.6408
[Epoch 9, Batch   150] avg loss: 0.6409
[Epoch 9, Batch   200] avg loss: 0.6394
[Epoch 9, Batch   250] avg loss: 0.6397
[Epoch 9, Batch   300] avg loss: 0.6345
Validation loss: 0.6289 (61 batches)
loss_per_epoch_list on epoch 9 is [0.6518250821066685, 0.6616733035103219, 0.6754919388255135, 0.6606794849770968, 0.6476358654069119, 0.6510128808803246, 0.6353677560071476, 0.7275748145384867, 0.6289243004361137]

Checkpoint saved at /cluster/tufts/capstone25skyblue/eelkus01/NEXRADTurbulencePrediction/model_training/trained_model_outputs/resnet_42_model_checkpoint.pth for l2_alpha_idx: 0, fold 4, and epoch 9
BEGINNING EPOCH 10
[Epoch 10, Batch    50] avg loss: 0.6402
[Epoch 10, Batch   100] avg loss: 0.6389
[Epoch 10, Batch   150] avg loss: 0.6332
[Epoch 10, Batch   200] avg loss: 0.6318
[Epoch 10, Batch   250] avg loss: 0.6352
[Epoch 10, Batch   300] avg loss: 0.6357
Validation loss: 0.6524 (61 batches)
loss_per_epoch_list on epoch 10 is [0.6518250821066685, 0.6616733035103219, 0.6754919388255135, 0.6606794849770968, 0.6476358654069119, 0.6510128808803246, 0.6353677560071476, 0.7275748145384867, 0.6289243004361137, 0.652425184601643]

Checkpoint saved at /cluster/tufts/capstone25skyblue/eelkus01/NEXRADTurbulencePrediction/model_training/trained_model_outputs/resnet_42_model_checkpoint.pth for l2_alpha_idx: 0, fold 4, and epoch 10
BEGINNING EPOCH 11
[Epoch 11, Batch    50] avg loss: 0.6303
[Epoch 11, Batch   100] avg loss: 0.6381
[Epoch 11, Batch   150] avg loss: 0.6331
[Epoch 11, Batch   200] avg loss: 0.6269
[Epoch 11, Batch   250] avg loss: 0.6250
[Epoch 11, Batch   300] avg loss: 0.6266
Validation loss: 0.6631 (61 batches)
loss_per_epoch_list on epoch 11 is [0.6518250821066685, 0.6616733035103219, 0.6754919388255135, 0.6606794849770968, 0.6476358654069119, 0.6510128808803246, 0.6353677560071476, 0.7275748145384867, 0.6289243004361137, 0.652425184601643, 0.6631022769896711]

Checkpoint saved at /cluster/tufts/capstone25skyblue/eelkus01/NEXRADTurbulencePrediction/model_training/trained_model_outputs/resnet_42_model_checkpoint.pth for l2_alpha_idx: 0, fold 4, and epoch 11
BEGINNING EPOCH 12
[Epoch 12, Batch    50] avg loss: 0.6365
[Epoch 12, Batch   100] avg loss: 0.6134
[Epoch 12, Batch   150] avg loss: 0.6091
[Epoch 12, Batch   200] avg loss: 0.6280
[Epoch 12, Batch   250] avg loss: 0.6082
[Epoch 12, Batch   300] avg loss: 0.6178
Validation loss: 0.6864 (61 batches)
loss_per_epoch_list on epoch 12 is [0.6518250821066685, 0.6616733035103219, 0.6754919388255135, 0.6606794849770968, 0.6476358654069119, 0.6510128808803246, 0.6353677560071476, 0.7275748145384867, 0.6289243004361137, 0.652425184601643, 0.6631022769896711, 0.6863973883331799]

Checkpoint saved at /cluster/tufts/capstone25skyblue/eelkus01/NEXRADTurbulencePrediction/model_training/trained_model_outputs/resnet_42_model_checkpoint.pth for l2_alpha_idx: 0, fold 4, and epoch 12
BEGINNING EPOCH 13
[Epoch 13, Batch    50] avg loss: 0.6166
[Epoch 13, Batch   100] avg loss: 0.6203
[Epoch 13, Batch   150] avg loss: 0.6227
[Epoch 13, Batch   200] avg loss: 0.6130
[Epoch 13, Batch   250] avg loss: 0.6001
[Epoch 13, Batch   300] avg loss: 0.6054
Validation loss: 0.6842 (61 batches)
loss_per_epoch_list on epoch 13 is [0.6518250821066685, 0.6616733035103219, 0.6754919388255135, 0.6606794849770968, 0.6476358654069119, 0.6510128808803246, 0.6353677560071476, 0.7275748145384867, 0.6289243004361137, 0.652425184601643, 0.6631022769896711, 0.6863973883331799, 0.6841507544283008]

Checkpoint saved at /cluster/tufts/capstone25skyblue/eelkus01/NEXRADTurbulencePrediction/model_training/trained_model_outputs/resnet_42_model_checkpoint.pth for l2_alpha_idx: 0, fold 4, and epoch 13
BEGINNING EPOCH 14
[Epoch 14, Batch    50] avg loss: 0.6106
[Epoch 14, Batch   100] avg loss: 0.5979
[Epoch 14, Batch   150] avg loss: 0.6054
[Epoch 14, Batch   200] avg loss: 0.6052
[Epoch 14, Batch   250] avg loss: 0.6017
[Epoch 14, Batch   300] avg loss: 0.5942
Validation loss: 0.6595 (61 batches)
loss_per_epoch_list on epoch 14 is [0.6518250821066685, 0.6616733035103219, 0.6754919388255135, 0.6606794849770968, 0.6476358654069119, 0.6510128808803246, 0.6353677560071476, 0.7275748145384867, 0.6289243004361137, 0.652425184601643, 0.6631022769896711, 0.6863973883331799, 0.6841507544283008, 0.6594663956126229]

Checkpoint saved at /cluster/tufts/capstone25skyblue/eelkus01/NEXRADTurbulencePrediction/model_training/trained_model_outputs/resnet_42_model_checkpoint.pth for l2_alpha_idx: 0, fold 4, and epoch 14
BEGINNING EPOCH 15
[Epoch 15, Batch    50] avg loss: 0.5945
[Epoch 15, Batch   100] avg loss: 0.5909
[Epoch 15, Batch   150] avg loss: 0.6003
[Epoch 15, Batch   200] avg loss: 0.5895
[Epoch 15, Batch   250] avg loss: 0.5909
[Epoch 15, Batch   300] avg loss: 0.5752
Validation loss: 0.6790 (61 batches)
loss_per_epoch_list on epoch 15 is [0.6518250821066685, 0.6616733035103219, 0.6754919388255135, 0.6606794849770968, 0.6476358654069119, 0.6510128808803246, 0.6353677560071476, 0.7275748145384867, 0.6289243004361137, 0.652425184601643, 0.6631022769896711, 0.6863973883331799, 0.6841507544283008, 0.6594663956126229, 0.6789822314606339]

Checkpoint saved at /cluster/tufts/capstone25skyblue/eelkus01/NEXRADTurbulencePrediction/model_training/trained_model_outputs/resnet_42_model_checkpoint.pth for l2_alpha_idx: 0, fold 4, and epoch 15
BEGINNING EPOCH 16
[Epoch 16, Batch    50] avg loss: 0.5862
[Epoch 16, Batch   100] avg loss: 0.5766
[Epoch 16, Batch   150] avg loss: 0.5708
[Epoch 16, Batch   200] avg loss: 0.5596
[Epoch 16, Batch   250] avg loss: 0.5582
[Epoch 16, Batch   300] avg loss: 0.5503
Validation loss: 0.6818 (61 batches)
loss_per_epoch_list on epoch 16 is [0.6518250821066685, 0.6616733035103219, 0.6754919388255135, 0.6606794849770968, 0.6476358654069119, 0.6510128808803246, 0.6353677560071476, 0.7275748145384867, 0.6289243004361137, 0.652425184601643, 0.6631022769896711, 0.6863973883331799, 0.6841507544283008, 0.6594663956126229, 0.6789822314606339, 0.6818365835752643]

Checkpoint saved at /cluster/tufts/capstone25skyblue/eelkus01/NEXRADTurbulencePrediction/model_training/trained_model_outputs/resnet_42_model_checkpoint.pth for l2_alpha_idx: 0, fold 4, and epoch 16
BEGINNING EPOCH 17
[Epoch 17, Batch    50] avg loss: 0.5453
[Epoch 17, Batch   100] avg loss: 0.5761
[Epoch 17, Batch   150] avg loss: 0.5502
[Epoch 17, Batch   200] avg loss: 0.5348
[Epoch 17, Batch   250] avg loss: 0.5368
[Epoch 17, Batch   300] avg loss: 0.5298
Validation loss: 0.6863 (61 batches)
loss_per_epoch_list on epoch 17 is [0.6518250821066685, 0.6616733035103219, 0.6754919388255135, 0.6606794849770968, 0.6476358654069119, 0.6510128808803246, 0.6353677560071476, 0.7275748145384867, 0.6289243004361137, 0.652425184601643, 0.6631022769896711, 0.6863973883331799, 0.6841507544283008, 0.6594663956126229, 0.6789822314606339, 0.6818365835752643, 0.6862856823889936]

Checkpoint saved at /cluster/tufts/capstone25skyblue/eelkus01/NEXRADTurbulencePrediction/model_training/trained_model_outputs/resnet_42_model_checkpoint.pth for l2_alpha_idx: 0, fold 4, and epoch 17
BEGINNING EPOCH 18
[Epoch 18, Batch    50] avg loss: 0.5326
[Epoch 18, Batch   100] avg loss: 0.5182
[Epoch 18, Batch   150] avg loss: 0.5268
[Epoch 18, Batch   200] avg loss: 0.5204
[Epoch 18, Batch   250] avg loss: 0.5198
[Epoch 18, Batch   300] avg loss: 0.4814
Validation loss: 0.7681 (61 batches)
loss_per_epoch_list on epoch 18 is [0.6518250821066685, 0.6616733035103219, 0.6754919388255135, 0.6606794849770968, 0.6476358654069119, 0.6510128808803246, 0.6353677560071476, 0.7275748145384867, 0.6289243004361137, 0.652425184601643, 0.6631022769896711, 0.6863973883331799, 0.6841507544283008, 0.6594663956126229, 0.6789822314606339, 0.6818365835752643, 0.6862856823889936, 0.768104536122963]

Checkpoint saved at /cluster/tufts/capstone25skyblue/eelkus01/NEXRADTurbulencePrediction/model_training/trained_model_outputs/resnet_42_model_checkpoint.pth for l2_alpha_idx: 0, fold 4, and epoch 18
BEGINNING EPOCH 19
[Epoch 19, Batch    50] avg loss: 0.5008
[Epoch 19, Batch   100] avg loss: 0.4896
[Epoch 19, Batch   150] avg loss: 0.4865
[Epoch 19, Batch   200] avg loss: 0.4680
[Epoch 19, Batch   250] avg loss: 0.4632
[Epoch 19, Batch   300] avg loss: 0.4585
Validation loss: 0.8190 (61 batches)
loss_per_epoch_list on epoch 19 is [0.6518250821066685, 0.6616733035103219, 0.6754919388255135, 0.6606794849770968, 0.6476358654069119, 0.6510128808803246, 0.6353677560071476, 0.7275748145384867, 0.6289243004361137, 0.652425184601643, 0.6631022769896711, 0.6863973883331799, 0.6841507544283008, 0.6594663956126229, 0.6789822314606339, 0.6818365835752643, 0.6862856823889936, 0.768104536122963, 0.8189974055915582]

Checkpoint saved at /cluster/tufts/capstone25skyblue/eelkus01/NEXRADTurbulencePrediction/model_training/trained_model_outputs/resnet_42_model_checkpoint.pth for l2_alpha_idx: 0, fold 4, and epoch 19
BEGINNING EPOCH 20
[Epoch 20, Batch    50] avg loss: 0.4527
[Epoch 20, Batch   100] avg loss: 0.4468
[Epoch 20, Batch   150] avg loss: 0.4547
[Epoch 20, Batch   200] avg loss: 0.4161
[Epoch 20, Batch   250] avg loss: 0.4514
[Epoch 20, Batch   300] avg loss: 0.4129
Validation loss: 0.7682 (61 batches)
loss_per_epoch_list on epoch 20 is [0.6518250821066685, 0.6616733035103219, 0.6754919388255135, 0.6606794849770968, 0.6476358654069119, 0.6510128808803246, 0.6353677560071476, 0.7275748145384867, 0.6289243004361137, 0.652425184601643, 0.6631022769896711, 0.6863973883331799, 0.6841507544283008, 0.6594663956126229, 0.6789822314606339, 0.6818365835752643, 0.6862856823889936, 0.768104536122963, 0.8189974055915582, 0.7682123936590601]

Checkpoint saved at /cluster/tufts/capstone25skyblue/eelkus01/NEXRADTurbulencePrediction/model_training/trained_model_outputs/resnet_42_model_checkpoint.pth for l2_alpha_idx: 0, fold 4, and epoch 20
BEGINNING EPOCH 21
[Epoch 21, Batch    50] avg loss: 0.4311
[Epoch 21, Batch   100] avg loss: 0.3875
[Epoch 21, Batch   150] avg loss: 0.3914
[Epoch 21, Batch   200] avg loss: 0.4279
[Epoch 21, Batch   250] avg loss: 0.4000
[Epoch 21, Batch   300] avg loss: 0.3882
Validation loss: 0.7582 (61 batches)
loss_per_epoch_list on epoch 21 is [0.6518250821066685, 0.6616733035103219, 0.6754919388255135, 0.6606794849770968, 0.6476358654069119, 0.6510128808803246, 0.6353677560071476, 0.7275748145384867, 0.6289243004361137, 0.652425184601643, 0.6631022769896711, 0.6863973883331799, 0.6841507544283008, 0.6594663956126229, 0.6789822314606339, 0.6818365835752643, 0.6862856823889936, 0.768104536122963, 0.8189974055915582, 0.7682123936590601, 0.7582496775955451]

Checkpoint saved at /cluster/tufts/capstone25skyblue/eelkus01/NEXRADTurbulencePrediction/model_training/trained_model_outputs/resnet_42_model_checkpoint.pth for l2_alpha_idx: 0, fold 4, and epoch 21
BEGINNING EPOCH 22
[Epoch 22, Batch    50] avg loss: 0.3759
[Epoch 22, Batch   100] avg loss: 0.3847
[Epoch 22, Batch   150] avg loss: 0.3670
[Epoch 22, Batch   200] avg loss: 0.3814
[Epoch 22, Batch   250] avg loss: 0.3612
[Epoch 22, Batch   300] avg loss: 0.3596
Validation loss: 0.8651 (61 batches)
loss_per_epoch_list on epoch 22 is [0.6518250821066685, 0.6616733035103219, 0.6754919388255135, 0.6606794849770968, 0.6476358654069119, 0.6510128808803246, 0.6353677560071476, 0.7275748145384867, 0.6289243004361137, 0.652425184601643, 0.6631022769896711, 0.6863973883331799, 0.6841507544283008, 0.6594663956126229, 0.6789822314606339, 0.6818365835752643, 0.6862856823889936, 0.768104536122963, 0.8189974055915582, 0.7682123936590601, 0.7582496775955451, 0.8650533322428093]

Checkpoint saved at /cluster/tufts/capstone25skyblue/eelkus01/NEXRADTurbulencePrediction/model_training/trained_model_outputs/resnet_42_model_checkpoint.pth for l2_alpha_idx: 0, fold 4, and epoch 22
BEGINNING EPOCH 23
[Epoch 23, Batch    50] avg loss: 0.3593
[Epoch 23, Batch   100] avg loss: 0.3405
[Epoch 23, Batch   150] avg loss: 0.3418
[Epoch 23, Batch   200] avg loss: 0.3278
[Epoch 23, Batch   250] avg loss: 0.3336
[Epoch 23, Batch   300] avg loss: 0.3081
Validation loss: 1.0880 (61 batches)
loss_per_epoch_list on epoch 23 is [0.6518250821066685, 0.6616733035103219, 0.6754919388255135, 0.6606794849770968, 0.6476358654069119, 0.6510128808803246, 0.6353677560071476, 0.7275748145384867, 0.6289243004361137, 0.652425184601643, 0.6631022769896711, 0.6863973883331799, 0.6841507544283008, 0.6594663956126229, 0.6789822314606339, 0.6818365835752643, 0.6862856823889936, 0.768104536122963, 0.8189974055915582, 0.7682123936590601, 0.7582496775955451, 0.8650533322428093, 1.0879743617089068]

Checkpoint saved at /cluster/tufts/capstone25skyblue/eelkus01/NEXRADTurbulencePrediction/model_training/trained_model_outputs/resnet_42_model_checkpoint.pth for l2_alpha_idx: 0, fold 4, and epoch 23
BEGINNING EPOCH 24
[Epoch 24, Batch    50] avg loss: 0.3001
[Epoch 24, Batch   100] avg loss: 0.3107
[Epoch 24, Batch   150] avg loss: 0.3152
[Epoch 24, Batch   200] avg loss: 0.3078
[Epoch 24, Batch   250] avg loss: 0.2868
[Epoch 24, Batch   300] avg loss: 0.3037
Validation loss: 1.0031 (61 batches)
loss_per_epoch_list on epoch 24 is [0.6518250821066685, 0.6616733035103219, 0.6754919388255135, 0.6606794849770968, 0.6476358654069119, 0.6510128808803246, 0.6353677560071476, 0.7275748145384867, 0.6289243004361137, 0.652425184601643, 0.6631022769896711, 0.6863973883331799, 0.6841507544283008, 0.6594663956126229, 0.6789822314606339, 0.6818365835752643, 0.6862856823889936, 0.768104536122963, 0.8189974055915582, 0.7682123936590601, 0.7582496775955451, 0.8650533322428093, 1.0879743617089068, 1.0031137065809281]

Checkpoint saved at /cluster/tufts/capstone25skyblue/eelkus01/NEXRADTurbulencePrediction/model_training/trained_model_outputs/resnet_42_model_checkpoint.pth for l2_alpha_idx: 0, fold 4, and epoch 24
BEGINNING EPOCH 25
[Epoch 25, Batch    50] avg loss: 0.2979
[Epoch 25, Batch   100] avg loss: 0.2831
[Epoch 25, Batch   150] avg loss: 0.2948
[Epoch 25, Batch   200] avg loss: 0.2787
[Epoch 25, Batch   250] avg loss: 0.2649
[Epoch 25, Batch   300] avg loss: 0.2747
Validation loss: 1.2828 (61 batches)
loss_per_epoch_list on epoch 25 is [0.6518250821066685, 0.6616733035103219, 0.6754919388255135, 0.6606794849770968, 0.6476358654069119, 0.6510128808803246, 0.6353677560071476, 0.7275748145384867, 0.6289243004361137, 0.652425184601643, 0.6631022769896711, 0.6863973883331799, 0.6841507544283008, 0.6594663956126229, 0.6789822314606339, 0.6818365835752643, 0.6862856823889936, 0.768104536122963, 0.8189974055915582, 0.7682123936590601, 0.7582496775955451, 0.8650533322428093, 1.0879743617089068, 1.0031137065809281, 1.282849721244124]

Checkpoint saved at /cluster/tufts/capstone25skyblue/eelkus01/NEXRADTurbulencePrediction/model_training/trained_model_outputs/resnet_42_model_checkpoint.pth for l2_alpha_idx: 0, fold 4, and epoch 25
BEGINNING EPOCH 26
[Epoch 26, Batch    50] avg loss: 0.2460
[Epoch 26, Batch   100] avg loss: 0.2625
[Epoch 26, Batch   150] avg loss: 0.2594
[Epoch 26, Batch   200] avg loss: 0.2725
[Epoch 26, Batch   250] avg loss: 0.2554
[Epoch 26, Batch   300] avg loss: 0.2324
Validation loss: 1.1164 (61 batches)
loss_per_epoch_list on epoch 26 is [0.6518250821066685, 0.6616733035103219, 0.6754919388255135, 0.6606794849770968, 0.6476358654069119, 0.6510128808803246, 0.6353677560071476, 0.7275748145384867, 0.6289243004361137, 0.652425184601643, 0.6631022769896711, 0.6863973883331799, 0.6841507544283008, 0.6594663956126229, 0.6789822314606339, 0.6818365835752643, 0.6862856823889936, 0.768104536122963, 0.8189974055915582, 0.7682123936590601, 0.7582496775955451, 0.8650533322428093, 1.0879743617089068, 1.0031137065809281, 1.282849721244124, 1.116404827500953]

Checkpoint saved at /cluster/tufts/capstone25skyblue/eelkus01/NEXRADTurbulencePrediction/model_training/trained_model_outputs/resnet_42_model_checkpoint.pth for l2_alpha_idx: 0, fold 4, and epoch 26
BEGINNING EPOCH 27
[Epoch 27, Batch    50] avg loss: 0.2445
[Epoch 27, Batch   100] avg loss: 0.2207
[Epoch 27, Batch   150] avg loss: 0.2264
[Epoch 27, Batch   200] avg loss: 0.2356
[Epoch 27, Batch   250] avg loss: 0.2423
[Epoch 27, Batch   300] avg loss: 0.2309
Validation loss: 1.2568 (61 batches)
loss_per_epoch_list on epoch 27 is [0.6518250821066685, 0.6616733035103219, 0.6754919388255135, 0.6606794849770968, 0.6476358654069119, 0.6510128808803246, 0.6353677560071476, 0.7275748145384867, 0.6289243004361137, 0.652425184601643, 0.6631022769896711, 0.6863973883331799, 0.6841507544283008, 0.6594663956126229, 0.6789822314606339, 0.6818365835752643, 0.6862856823889936, 0.768104536122963, 0.8189974055915582, 0.7682123936590601, 0.7582496775955451, 0.8650533322428093, 1.0879743617089068, 1.0031137065809281, 1.282849721244124, 1.116404827500953, 1.2567521714773335]

Checkpoint saved at /cluster/tufts/capstone25skyblue/eelkus01/NEXRADTurbulencePrediction/model_training/trained_model_outputs/resnet_42_model_checkpoint.pth for l2_alpha_idx: 0, fold 4, and epoch 27
BEGINNING EPOCH 28
[Epoch 28, Batch    50] avg loss: 0.2059
[Epoch 28, Batch   100] avg loss: 0.2318
[Epoch 28, Batch   150] avg loss: 0.2054
[Epoch 28, Batch   200] avg loss: 0.2016
[Epoch 28, Batch   250] avg loss: 0.2166
[Epoch 28, Batch   300] avg loss: 0.2034
Validation loss: 1.3907 (61 batches)
loss_per_epoch_list on epoch 28 is [0.6518250821066685, 0.6616733035103219, 0.6754919388255135, 0.6606794849770968, 0.6476358654069119, 0.6510128808803246, 0.6353677560071476, 0.7275748145384867, 0.6289243004361137, 0.652425184601643, 0.6631022769896711, 0.6863973883331799, 0.6841507544283008, 0.6594663956126229, 0.6789822314606339, 0.6818365835752643, 0.6862856823889936, 0.768104536122963, 0.8189974055915582, 0.7682123936590601, 0.7582496775955451, 0.8650533322428093, 1.0879743617089068, 1.0031137065809281, 1.282849721244124, 1.116404827500953, 1.2567521714773335, 1.3907237150630012]

Checkpoint saved at /cluster/tufts/capstone25skyblue/eelkus01/NEXRADTurbulencePrediction/model_training/trained_model_outputs/resnet_42_model_checkpoint.pth for l2_alpha_idx: 0, fold 4, and epoch 28
BEGINNING EPOCH 29
[Epoch 29, Batch    50] avg loss: 0.2163
[Epoch 29, Batch   100] avg loss: 0.2074
[Epoch 29, Batch   150] avg loss: 0.2032
[Epoch 29, Batch   200] avg loss: 0.2189
[Epoch 29, Batch   250] avg loss: 0.1749
[Epoch 29, Batch   300] avg loss: 0.2084
Validation loss: 1.5896 (61 batches)
loss_per_epoch_list on epoch 29 is [0.6518250821066685, 0.6616733035103219, 0.6754919388255135, 0.6606794849770968, 0.6476358654069119, 0.6510128808803246, 0.6353677560071476, 0.7275748145384867, 0.6289243004361137, 0.652425184601643, 0.6631022769896711, 0.6863973883331799, 0.6841507544283008, 0.6594663956126229, 0.6789822314606339, 0.6818365835752643, 0.6862856823889936, 0.768104536122963, 0.8189974055915582, 0.7682123936590601, 0.7582496775955451, 0.8650533322428093, 1.0879743617089068, 1.0031137065809281, 1.282849721244124, 1.116404827500953, 1.2567521714773335, 1.3907237150630012, 1.5895526585031727]

Checkpoint saved at /cluster/tufts/capstone25skyblue/eelkus01/NEXRADTurbulencePrediction/model_training/trained_model_outputs/resnet_42_model_checkpoint.pth for l2_alpha_idx: 0, fold 4, and epoch 29
Fold 4 had loss: 1.5895526585031727 on its last epoch

Fold 5 with l2_alpha = 0.1
Train subset size: 19254, Validation subset size: 3850
BEGINNING EPOCH 1
[Epoch 1, Batch    50] avg loss: 2.6085
[Epoch 1, Batch   100] avg loss: 0.7157
[Epoch 1, Batch   150] avg loss: 0.7084
[Epoch 1, Batch   200] avg loss: 0.7115
[Epoch 1, Batch   250] avg loss: 0.7012
[Epoch 1, Batch   300] avg loss: 0.6898
Validation loss: 0.6915 (61 batches)
loss_per_epoch_list on epoch 1 is [0.6914526263221366]

Checkpoint saved at /cluster/tufts/capstone25skyblue/eelkus01/NEXRADTurbulencePrediction/model_training/trained_model_outputs/resnet_42_model_checkpoint.pth for l2_alpha_idx: 0, fold 5, and epoch 1
BEGINNING EPOCH 2
[Epoch 2, Batch    50] avg loss: 0.6825
[Epoch 2, Batch   100] avg loss: 0.6842
[Epoch 2, Batch   150] avg loss: 0.6870
[Epoch 2, Batch   200] avg loss: 0.6861
[Epoch 2, Batch   250] avg loss: 0.6789
[Epoch 2, Batch   300] avg loss: 0.6696
Validation loss: 0.7109 (61 batches)
loss_per_epoch_list on epoch 2 is [0.6914526263221366, 0.7108716202563927]

Checkpoint saved at /cluster/tufts/capstone25skyblue/eelkus01/NEXRADTurbulencePrediction/model_training/trained_model_outputs/resnet_42_model_checkpoint.pth for l2_alpha_idx: 0, fold 5, and epoch 2
BEGINNING EPOCH 3
[Epoch 3, Batch    50] avg loss: 0.6749
[Epoch 3, Batch   100] avg loss: 0.6725
[Epoch 3, Batch   150] avg loss: 0.6821
[Epoch 3, Batch   200] avg loss: 0.6717
[Epoch 3, Batch   250] avg loss: 0.6636
[Epoch 3, Batch   300] avg loss: 0.6650
Validation loss: 0.6577 (61 batches)
loss_per_epoch_list on epoch 3 is [0.6914526263221366, 0.7108716202563927, 0.6577115054013299]

Checkpoint saved at /cluster/tufts/capstone25skyblue/eelkus01/NEXRADTurbulencePrediction/model_training/trained_model_outputs/resnet_42_model_checkpoint.pth for l2_alpha_idx: 0, fold 5, and epoch 3
BEGINNING EPOCH 4
[Epoch 4, Batch    50] avg loss: 0.6627
[Epoch 4, Batch   100] avg loss: 0.6586
[Epoch 4, Batch   150] avg loss: 0.6628
[Epoch 4, Batch   200] avg loss: 0.6621
[Epoch 4, Batch   250] avg loss: 0.6602
[Epoch 4, Batch   300] avg loss: 0.6596
Validation loss: 0.6737 (61 batches)
loss_per_epoch_list on epoch 4 is [0.6914526263221366, 0.7108716202563927, 0.6577115054013299, 0.6736928732668768]

Checkpoint saved at /cluster/tufts/capstone25skyblue/eelkus01/NEXRADTurbulencePrediction/model_training/trained_model_outputs/resnet_42_model_checkpoint.pth for l2_alpha_idx: 0, fold 5, and epoch 4
BEGINNING EPOCH 5
[Epoch 5, Batch    50] avg loss: 0.6571
[Epoch 5, Batch   100] avg loss: 0.6574
[Epoch 5, Batch   150] avg loss: 0.6554
[Epoch 5, Batch   200] avg loss: 0.6539
[Epoch 5, Batch   250] avg loss: 0.6510
[Epoch 5, Batch   300] avg loss: 0.6418
Validation loss: 0.7023 (61 batches)
loss_per_epoch_list on epoch 5 is [0.6914526263221366, 0.7108716202563927, 0.6577115054013299, 0.6736928732668768, 0.7023121607108195]

Checkpoint saved at /cluster/tufts/capstone25skyblue/eelkus01/NEXRADTurbulencePrediction/model_training/trained_model_outputs/resnet_42_model_checkpoint.pth for l2_alpha_idx: 0, fold 5, and epoch 5
BEGINNING EPOCH 6
[Epoch 6, Batch    50] avg loss: 0.6626
[Epoch 6, Batch   100] avg loss: 0.6558
[Epoch 6, Batch   150] avg loss: 0.6515
[Epoch 6, Batch   200] avg loss: 0.6433
[Epoch 6, Batch   250] avg loss: 0.6554
[Epoch 6, Batch   300] avg loss: 0.6423
Validation loss: 0.6536 (61 batches)
loss_per_epoch_list on epoch 6 is [0.6914526263221366, 0.7108716202563927, 0.6577115054013299, 0.6736928732668768, 0.7023121607108195, 0.6536221797349023]

Checkpoint saved at /cluster/tufts/capstone25skyblue/eelkus01/NEXRADTurbulencePrediction/model_training/trained_model_outputs/resnet_42_model_checkpoint.pth for l2_alpha_idx: 0, fold 5, and epoch 6
BEGINNING EPOCH 7
[Epoch 7, Batch    50] avg loss: 0.6469
[Epoch 7, Batch   100] avg loss: 0.6487
[Epoch 7, Batch   150] avg loss: 0.6331
[Epoch 7, Batch   200] avg loss: 0.6450
[Epoch 7, Batch   250] avg loss: 0.6529
[Epoch 7, Batch   300] avg loss: 0.6560
Validation loss: 0.6358 (61 batches)
loss_per_epoch_list on epoch 7 is [0.6914526263221366, 0.7108716202563927, 0.6577115054013299, 0.6736928732668768, 0.7023121607108195, 0.6536221797349023, 0.635768225935639]

Checkpoint saved at /cluster/tufts/capstone25skyblue/eelkus01/NEXRADTurbulencePrediction/model_training/trained_model_outputs/resnet_42_model_checkpoint.pth for l2_alpha_idx: 0, fold 5, and epoch 7
BEGINNING EPOCH 8
[Epoch 8, Batch    50] avg loss: 0.6434
[Epoch 8, Batch   100] avg loss: 0.6348
[Epoch 8, Batch   150] avg loss: 0.6559
[Epoch 8, Batch   200] avg loss: 0.6381
[Epoch 8, Batch   250] avg loss: 0.6447
[Epoch 8, Batch   300] avg loss: 0.6421
Validation loss: 0.6467 (61 batches)
loss_per_epoch_list on epoch 8 is [0.6914526263221366, 0.7108716202563927, 0.6577115054013299, 0.6736928732668768, 0.7023121607108195, 0.6536221797349023, 0.635768225935639, 0.646706443341052]

Checkpoint saved at /cluster/tufts/capstone25skyblue/eelkus01/NEXRADTurbulencePrediction/model_training/trained_model_outputs/resnet_42_model_checkpoint.pth for l2_alpha_idx: 0, fold 5, and epoch 8
BEGINNING EPOCH 9
[Epoch 9, Batch    50] avg loss: 0.6265
[Epoch 9, Batch   100] avg loss: 0.6416
[Epoch 9, Batch   150] avg loss: 0.6403
[Epoch 9, Batch   200] avg loss: 0.6412
[Epoch 9, Batch   250] avg loss: 0.6338
[Epoch 9, Batch   300] avg loss: 0.6345
Validation loss: 0.6418 (61 batches)
loss_per_epoch_list on epoch 9 is [0.6914526263221366, 0.7108716202563927, 0.6577115054013299, 0.6736928732668768, 0.7023121607108195, 0.6536221797349023, 0.635768225935639, 0.646706443341052, 0.6418486999683692]

Checkpoint saved at /cluster/tufts/capstone25skyblue/eelkus01/NEXRADTurbulencePrediction/model_training/trained_model_outputs/resnet_42_model_checkpoint.pth for l2_alpha_idx: 0, fold 5, and epoch 9
BEGINNING EPOCH 10
[Epoch 10, Batch    50] avg loss: 0.6391
[Epoch 10, Batch   100] avg loss: 0.6407
[Epoch 10, Batch   150] avg loss: 0.6271
[Epoch 10, Batch   200] avg loss: 0.6320
[Epoch 10, Batch   250] avg loss: 0.6264
[Epoch 10, Batch   300] avg loss: 0.6305
Validation loss: 0.7253 (61 batches)
loss_per_epoch_list on epoch 10 is [0.6914526263221366, 0.7108716202563927, 0.6577115054013299, 0.6736928732668768, 0.7023121607108195, 0.6536221797349023, 0.635768225935639, 0.646706443341052, 0.6418486999683692, 0.7253062871635937]

Checkpoint saved at /cluster/tufts/capstone25skyblue/eelkus01/NEXRADTurbulencePrediction/model_training/trained_model_outputs/resnet_42_model_checkpoint.pth for l2_alpha_idx: 0, fold 5, and epoch 10
BEGINNING EPOCH 11
[Epoch 11, Batch    50] avg loss: 0.6277
[Epoch 11, Batch   100] avg loss: 0.6262
[Epoch 11, Batch   150] avg loss: 0.6283
[Epoch 11, Batch   200] avg loss: 0.6209
[Epoch 11, Batch   250] avg loss: 0.6143
[Epoch 11, Batch   300] avg loss: 0.6256
Validation loss: 0.6653 (61 batches)
loss_per_epoch_list on epoch 11 is [0.6914526263221366, 0.7108716202563927, 0.6577115054013299, 0.6736928732668768, 0.7023121607108195, 0.6536221797349023, 0.635768225935639, 0.646706443341052, 0.6418486999683692, 0.7253062871635937, 0.6653040237114077]

Checkpoint saved at /cluster/tufts/capstone25skyblue/eelkus01/NEXRADTurbulencePrediction/model_training/trained_model_outputs/resnet_42_model_checkpoint.pth for l2_alpha_idx: 0, fold 5, and epoch 11
BEGINNING EPOCH 12
[Epoch 12, Batch    50] avg loss: 0.6248
[Epoch 12, Batch   100] avg loss: 0.6297
[Epoch 12, Batch   150] avg loss: 0.6149
[Epoch 12, Batch   200] avg loss: 0.6207
[Epoch 12, Batch   250] avg loss: 0.5954
[Epoch 12, Batch   300] avg loss: 0.6305
Validation loss: 0.6461 (61 batches)
loss_per_epoch_list on epoch 12 is [0.6914526263221366, 0.7108716202563927, 0.6577115054013299, 0.6736928732668768, 0.7023121607108195, 0.6536221797349023, 0.635768225935639, 0.646706443341052, 0.6418486999683692, 0.7253062871635937, 0.6653040237114077, 0.6461170882475181]

Checkpoint saved at /cluster/tufts/capstone25skyblue/eelkus01/NEXRADTurbulencePrediction/model_training/trained_model_outputs/resnet_42_model_checkpoint.pth for l2_alpha_idx: 0, fold 5, and epoch 12
BEGINNING EPOCH 13
[Epoch 13, Batch    50] avg loss: 0.6110
[Epoch 13, Batch   100] avg loss: 0.6178
[Epoch 13, Batch   150] avg loss: 0.6018
[Epoch 13, Batch   200] avg loss: 0.6049
[Epoch 13, Batch   250] avg loss: 0.5922
[Epoch 13, Batch   300] avg loss: 0.5977
Validation loss: 0.7195 (61 batches)
loss_per_epoch_list on epoch 13 is [0.6914526263221366, 0.7108716202563927, 0.6577115054013299, 0.6736928732668768, 0.7023121607108195, 0.6536221797349023, 0.635768225935639, 0.646706443341052, 0.6418486999683692, 0.7253062871635937, 0.6653040237114077, 0.6461170882475181, 0.719503330402687]

Checkpoint saved at /cluster/tufts/capstone25skyblue/eelkus01/NEXRADTurbulencePrediction/model_training/trained_model_outputs/resnet_42_model_checkpoint.pth for l2_alpha_idx: 0, fold 5, and epoch 13
BEGINNING EPOCH 14
[Epoch 14, Batch    50] avg loss: 0.5895
[Epoch 14, Batch   100] avg loss: 0.6120
[Epoch 14, Batch   150] avg loss: 0.5857
[Epoch 14, Batch   200] avg loss: 0.5851
[Epoch 14, Batch   250] avg loss: 0.5833
[Epoch 14, Batch   300] avg loss: 0.5935
Validation loss: 0.6895 (61 batches)
loss_per_epoch_list on epoch 14 is [0.6914526263221366, 0.7108716202563927, 0.6577115054013299, 0.6736928732668768, 0.7023121607108195, 0.6536221797349023, 0.635768225935639, 0.646706443341052, 0.6418486999683692, 0.7253062871635937, 0.6653040237114077, 0.6461170882475181, 0.719503330402687, 0.6895354302203069]

Checkpoint saved at /cluster/tufts/capstone25skyblue/eelkus01/NEXRADTurbulencePrediction/model_training/trained_model_outputs/resnet_42_model_checkpoint.pth for l2_alpha_idx: 0, fold 5, and epoch 14
BEGINNING EPOCH 15
[Epoch 15, Batch    50] avg loss: 0.5835
[Epoch 15, Batch   100] avg loss: 0.5890
[Epoch 15, Batch   150] avg loss: 0.5703
[Epoch 15, Batch   200] avg loss: 0.5831
[Epoch 15, Batch   250] avg loss: 0.5617
[Epoch 15, Batch   300] avg loss: 0.5771
Validation loss: 0.7234 (61 batches)
loss_per_epoch_list on epoch 15 is [0.6914526263221366, 0.7108716202563927, 0.6577115054013299, 0.6736928732668768, 0.7023121607108195, 0.6536221797349023, 0.635768225935639, 0.646706443341052, 0.6418486999683692, 0.7253062871635937, 0.6653040237114077, 0.6461170882475181, 0.719503330402687, 0.6895354302203069, 0.7234294316807731]

Checkpoint saved at /cluster/tufts/capstone25skyblue/eelkus01/NEXRADTurbulencePrediction/model_training/trained_model_outputs/resnet_42_model_checkpoint.pth for l2_alpha_idx: 0, fold 5, and epoch 15
BEGINNING EPOCH 16
[Epoch 16, Batch    50] avg loss: 0.5764
[Epoch 16, Batch   100] avg loss: 0.5647
[Epoch 16, Batch   150] avg loss: 0.5407
[Epoch 16, Batch   200] avg loss: 0.5676
[Epoch 16, Batch   250] avg loss: 0.5366
[Epoch 16, Batch   300] avg loss: 0.5382
Validation loss: 0.8913 (61 batches)
loss_per_epoch_list on epoch 16 is [0.6914526263221366, 0.7108716202563927, 0.6577115054013299, 0.6736928732668768, 0.7023121607108195, 0.6536221797349023, 0.635768225935639, 0.646706443341052, 0.6418486999683692, 0.7253062871635937, 0.6653040237114077, 0.6461170882475181, 0.719503330402687, 0.6895354302203069, 0.7234294316807731, 0.8912951066845753]

Checkpoint saved at /cluster/tufts/capstone25skyblue/eelkus01/NEXRADTurbulencePrediction/model_training/trained_model_outputs/resnet_42_model_checkpoint.pth for l2_alpha_idx: 0, fold 5, and epoch 16
BEGINNING EPOCH 17
[Epoch 17, Batch    50] avg loss: 0.5414
[Epoch 17, Batch   100] avg loss: 0.5320
[Epoch 17, Batch   150] avg loss: 0.5170
[Epoch 17, Batch   200] avg loss: 0.5231
[Epoch 17, Batch   250] avg loss: 0.5281
[Epoch 17, Batch   300] avg loss: 0.5006
Validation loss: 0.7307 (61 batches)
loss_per_epoch_list on epoch 17 is [0.6914526263221366, 0.7108716202563927, 0.6577115054013299, 0.6736928732668768, 0.7023121607108195, 0.6536221797349023, 0.635768225935639, 0.646706443341052, 0.6418486999683692, 0.7253062871635937, 0.6653040237114077, 0.6461170882475181, 0.719503330402687, 0.6895354302203069, 0.7234294316807731, 0.8912951066845753, 0.7307092097939037]

Checkpoint saved at /cluster/tufts/capstone25skyblue/eelkus01/NEXRADTurbulencePrediction/model_training/trained_model_outputs/resnet_42_model_checkpoint.pth for l2_alpha_idx: 0, fold 5, and epoch 17
BEGINNING EPOCH 18
[Epoch 18, Batch    50] avg loss: 0.5012
[Epoch 18, Batch   100] avg loss: 0.4839
[Epoch 18, Batch   150] avg loss: 0.4893
[Epoch 18, Batch   200] avg loss: 0.4768
[Epoch 18, Batch   250] avg loss: 0.4776
[Epoch 18, Batch   300] avg loss: 0.4656
Validation loss: 0.8918 (61 batches)
loss_per_epoch_list on epoch 18 is [0.6914526263221366, 0.7108716202563927, 0.6577115054013299, 0.6736928732668768, 0.7023121607108195, 0.6536221797349023, 0.635768225935639, 0.646706443341052, 0.6418486999683692, 0.7253062871635937, 0.6653040237114077, 0.6461170882475181, 0.719503330402687, 0.6895354302203069, 0.7234294316807731, 0.8912951066845753, 0.7307092097939037, 0.8918366471274954]

Checkpoint saved at /cluster/tufts/capstone25skyblue/eelkus01/NEXRADTurbulencePrediction/model_training/trained_model_outputs/resnet_42_model_checkpoint.pth for l2_alpha_idx: 0, fold 5, and epoch 18
BEGINNING EPOCH 19
[Epoch 19, Batch    50] avg loss: 0.4707
[Epoch 19, Batch   100] avg loss: 0.4499
[Epoch 19, Batch   150] avg loss: 0.4645
[Epoch 19, Batch   200] avg loss: 0.4455
[Epoch 19, Batch   250] avg loss: 0.4307
[Epoch 19, Batch   300] avg loss: 0.4341
Validation loss: 0.8059 (61 batches)
loss_per_epoch_list on epoch 19 is [0.6914526263221366, 0.7108716202563927, 0.6577115054013299, 0.6736928732668768, 0.7023121607108195, 0.6536221797349023, 0.635768225935639, 0.646706443341052, 0.6418486999683692, 0.7253062871635937, 0.6653040237114077, 0.6461170882475181, 0.719503330402687, 0.6895354302203069, 0.7234294316807731, 0.8912951066845753, 0.7307092097939037, 0.8918366471274954, 0.8058892771845958]

Checkpoint saved at /cluster/tufts/capstone25skyblue/eelkus01/NEXRADTurbulencePrediction/model_training/trained_model_outputs/resnet_42_model_checkpoint.pth for l2_alpha_idx: 0, fold 5, and epoch 19
BEGINNING EPOCH 20
[Epoch 20, Batch    50] avg loss: 0.4226
[Epoch 20, Batch   100] avg loss: 0.4158
[Epoch 20, Batch   150] avg loss: 0.4236
[Epoch 20, Batch   200] avg loss: 0.4080
[Epoch 20, Batch   250] avg loss: 0.4094
[Epoch 20, Batch   300] avg loss: 0.3966
Validation loss: 0.8769 (61 batches)
loss_per_epoch_list on epoch 20 is [0.6914526263221366, 0.7108716202563927, 0.6577115054013299, 0.6736928732668768, 0.7023121607108195, 0.6536221797349023, 0.635768225935639, 0.646706443341052, 0.6418486999683692, 0.7253062871635937, 0.6653040237114077, 0.6461170882475181, 0.719503330402687, 0.6895354302203069, 0.7234294316807731, 0.8912951066845753, 0.7307092097939037, 0.8918366471274954, 0.8058892771845958, 0.8769305065029958]

Checkpoint saved at /cluster/tufts/capstone25skyblue/eelkus01/NEXRADTurbulencePrediction/model_training/trained_model_outputs/resnet_42_model_checkpoint.pth for l2_alpha_idx: 0, fold 5, and epoch 20
BEGINNING EPOCH 21
[Epoch 21, Batch    50] avg loss: 0.3709
[Epoch 21, Batch   100] avg loss: 0.3802
[Epoch 21, Batch   150] avg loss: 0.3883
[Epoch 21, Batch   200] avg loss: 0.3617
[Epoch 21, Batch   250] avg loss: 0.3286
[Epoch 21, Batch   300] avg loss: 0.3630
Validation loss: 0.9131 (61 batches)
loss_per_epoch_list on epoch 21 is [0.6914526263221366, 0.7108716202563927, 0.6577115054013299, 0.6736928732668768, 0.7023121607108195, 0.6536221797349023, 0.635768225935639, 0.646706443341052, 0.6418486999683692, 0.7253062871635937, 0.6653040237114077, 0.6461170882475181, 0.719503330402687, 0.6895354302203069, 0.7234294316807731, 0.8912951066845753, 0.7307092097939037, 0.8918366471274954, 0.8058892771845958, 0.8769305065029958, 0.9131444682840442]

Checkpoint saved at /cluster/tufts/capstone25skyblue/eelkus01/NEXRADTurbulencePrediction/model_training/trained_model_outputs/resnet_42_model_checkpoint.pth for l2_alpha_idx: 0, fold 5, and epoch 21
BEGINNING EPOCH 22
[Epoch 22, Batch    50] avg loss: 0.3451
[Epoch 22, Batch   100] avg loss: 0.3563
[Epoch 22, Batch   150] avg loss: 0.3389
[Epoch 22, Batch   200] avg loss: 0.3135
[Epoch 22, Batch   250] avg loss: 0.3235
[Epoch 22, Batch   300] avg loss: 0.3324
Validation loss: 1.1380 (61 batches)
loss_per_epoch_list on epoch 22 is [0.6914526263221366, 0.7108716202563927, 0.6577115054013299, 0.6736928732668768, 0.7023121607108195, 0.6536221797349023, 0.635768225935639, 0.646706443341052, 0.6418486999683692, 0.7253062871635937, 0.6653040237114077, 0.6461170882475181, 0.719503330402687, 0.6895354302203069, 0.7234294316807731, 0.8912951066845753, 0.7307092097939037, 0.8918366471274954, 0.8058892771845958, 0.8769305065029958, 0.9131444682840442, 1.137971697283573]

Checkpoint saved at /cluster/tufts/capstone25skyblue/eelkus01/NEXRADTurbulencePrediction/model_training/trained_model_outputs/resnet_42_model_checkpoint.pth for l2_alpha_idx: 0, fold 5, and epoch 22
BEGINNING EPOCH 23
[Epoch 23, Batch    50] avg loss: 0.3221
[Epoch 23, Batch   100] avg loss: 0.2958
[Epoch 23, Batch   150] avg loss: 0.3184
[Epoch 23, Batch   200] avg loss: 0.2893
[Epoch 23, Batch   250] avg loss: 0.3038
[Epoch 23, Batch   300] avg loss: 0.2894
Validation loss: 1.1234 (61 batches)
loss_per_epoch_list on epoch 23 is [0.6914526263221366, 0.7108716202563927, 0.6577115054013299, 0.6736928732668768, 0.7023121607108195, 0.6536221797349023, 0.635768225935639, 0.646706443341052, 0.6418486999683692, 0.7253062871635937, 0.6653040237114077, 0.6461170882475181, 0.719503330402687, 0.6895354302203069, 0.7234294316807731, 0.8912951066845753, 0.7307092097939037, 0.8918366471274954, 0.8058892771845958, 0.8769305065029958, 0.9131444682840442, 1.137971697283573, 1.1233587685178539]

Checkpoint saved at /cluster/tufts/capstone25skyblue/eelkus01/NEXRADTurbulencePrediction/model_training/trained_model_outputs/resnet_42_model_checkpoint.pth for l2_alpha_idx: 0, fold 5, and epoch 23
BEGINNING EPOCH 24
[Epoch 24, Batch    50] avg loss: 0.3054
[Epoch 24, Batch   100] avg loss: 0.2725
[Epoch 24, Batch   150] avg loss: 0.2771
[Epoch 24, Batch   200] avg loss: 0.2447
[Epoch 24, Batch   250] avg loss: 0.2685
[Epoch 24, Batch   300] avg loss: 0.2817
Validation loss: 1.1941 (61 batches)
loss_per_epoch_list on epoch 24 is [0.6914526263221366, 0.7108716202563927, 0.6577115054013299, 0.6736928732668768, 0.7023121607108195, 0.6536221797349023, 0.635768225935639, 0.646706443341052, 0.6418486999683692, 0.7253062871635937, 0.6653040237114077, 0.6461170882475181, 0.719503330402687, 0.6895354302203069, 0.7234294316807731, 0.8912951066845753, 0.7307092097939037, 0.8918366471274954, 0.8058892771845958, 0.8769305065029958, 0.9131444682840442, 1.137971697283573, 1.1233587685178539, 1.1940747391982156]

Checkpoint saved at /cluster/tufts/capstone25skyblue/eelkus01/NEXRADTurbulencePrediction/model_training/trained_model_outputs/resnet_42_model_checkpoint.pth for l2_alpha_idx: 0, fold 5, and epoch 24
BEGINNING EPOCH 25
[Epoch 25, Batch    50] avg loss: 0.2626
[Epoch 25, Batch   100] avg loss: 0.2628
[Epoch 25, Batch   150] avg loss: 0.2327
[Epoch 25, Batch   200] avg loss: 0.2483
[Epoch 25, Batch   250] avg loss: 0.2577
[Epoch 25, Batch   300] avg loss: 0.2307
Validation loss: 1.5090 (61 batches)
loss_per_epoch_list on epoch 25 is [0.6914526263221366, 0.7108716202563927, 0.6577115054013299, 0.6736928732668768, 0.7023121607108195, 0.6536221797349023, 0.635768225935639, 0.646706443341052, 0.6418486999683692, 0.7253062871635937, 0.6653040237114077, 0.6461170882475181, 0.719503330402687, 0.6895354302203069, 0.7234294316807731, 0.8912951066845753, 0.7307092097939037, 0.8918366471274954, 0.8058892771845958, 0.8769305065029958, 0.9131444682840442, 1.137971697283573, 1.1233587685178539, 1.1940747391982156, 1.5090467978696354]

Checkpoint saved at /cluster/tufts/capstone25skyblue/eelkus01/NEXRADTurbulencePrediction/model_training/trained_model_outputs/resnet_42_model_checkpoint.pth for l2_alpha_idx: 0, fold 5, and epoch 25
BEGINNING EPOCH 26
[Epoch 26, Batch    50] avg loss: 0.2177
[Epoch 26, Batch   100] avg loss: 0.2186
[Epoch 26, Batch   150] avg loss: 0.2217
[Epoch 26, Batch   200] avg loss: 0.2365
[Epoch 26, Batch   250] avg loss: 0.2244
[Epoch 26, Batch   300] avg loss: 0.2313
Validation loss: 1.4239 (61 batches)
loss_per_epoch_list on epoch 26 is [0.6914526263221366, 0.7108716202563927, 0.6577115054013299, 0.6736928732668768, 0.7023121607108195, 0.6536221797349023, 0.635768225935639, 0.646706443341052, 0.6418486999683692, 0.7253062871635937, 0.6653040237114077, 0.6461170882475181, 0.719503330402687, 0.6895354302203069, 0.7234294316807731, 0.8912951066845753, 0.7307092097939037, 0.8918366471274954, 0.8058892771845958, 0.8769305065029958, 0.9131444682840442, 1.137971697283573, 1.1233587685178539, 1.1940747391982156, 1.5090467978696354, 1.423888801551256]

Checkpoint saved at /cluster/tufts/capstone25skyblue/eelkus01/NEXRADTurbulencePrediction/model_training/trained_model_outputs/resnet_42_model_checkpoint.pth for l2_alpha_idx: 0, fold 5, and epoch 26
BEGINNING EPOCH 27
[Epoch 27, Batch    50] avg loss: 0.1988
[Epoch 27, Batch   100] avg loss: 0.1882
[Epoch 27, Batch   150] avg loss: 0.2128
[Epoch 27, Batch   200] avg loss: 0.2167
[Epoch 27, Batch   250] avg loss: 0.1916
[Epoch 27, Batch   300] avg loss: 0.1856
Validation loss: 1.7888 (61 batches)
loss_per_epoch_list on epoch 27 is [0.6914526263221366, 0.7108716202563927, 0.6577115054013299, 0.6736928732668768, 0.7023121607108195, 0.6536221797349023, 0.635768225935639, 0.646706443341052, 0.6418486999683692, 0.7253062871635937, 0.6653040237114077, 0.6461170882475181, 0.719503330402687, 0.6895354302203069, 0.7234294316807731, 0.8912951066845753, 0.7307092097939037, 0.8918366471274954, 0.8058892771845958, 0.8769305065029958, 0.9131444682840442, 1.137971697283573, 1.1233587685178539, 1.1940747391982156, 1.5090467978696354, 1.423888801551256, 1.7887606738043613]

Checkpoint saved at /cluster/tufts/capstone25skyblue/eelkus01/NEXRADTurbulencePrediction/model_training/trained_model_outputs/resnet_42_model_checkpoint.pth for l2_alpha_idx: 0, fold 5, and epoch 27
BEGINNING EPOCH 28
[Epoch 28, Batch    50] avg loss: 0.1979
[Epoch 28, Batch   100] avg loss: 0.2065
[Epoch 28, Batch   150] avg loss: 0.2039
[Epoch 28, Batch   200] avg loss: 0.1917
[Epoch 28, Batch   250] avg loss: 0.1903
[Epoch 28, Batch   300] avg loss: 0.2163
Validation loss: 1.3229 (61 batches)
loss_per_epoch_list on epoch 28 is [0.6914526263221366, 0.7108716202563927, 0.6577115054013299, 0.6736928732668768, 0.7023121607108195, 0.6536221797349023, 0.635768225935639, 0.646706443341052, 0.6418486999683692, 0.7253062871635937, 0.6653040237114077, 0.6461170882475181, 0.719503330402687, 0.6895354302203069, 0.7234294316807731, 0.8912951066845753, 0.7307092097939037, 0.8918366471274954, 0.8058892771845958, 0.8769305065029958, 0.9131444682840442, 1.137971697283573, 1.1233587685178539, 1.1940747391982156, 1.5090467978696354, 1.423888801551256, 1.7887606738043613, 1.3229490606511225]

Checkpoint saved at /cluster/tufts/capstone25skyblue/eelkus01/NEXRADTurbulencePrediction/model_training/trained_model_outputs/resnet_42_model_checkpoint.pth for l2_alpha_idx: 0, fold 5, and epoch 28
BEGINNING EPOCH 29
[Epoch 29, Batch    50] avg loss: 0.1946
[Epoch 29, Batch   100] avg loss: 0.1868
[Epoch 29, Batch   150] avg loss: 0.1719
[Epoch 29, Batch   200] avg loss: 0.1665
[Epoch 29, Batch   250] avg loss: 0.1710
[Epoch 29, Batch   300] avg loss: 0.1778
Validation loss: 1.5538 (61 batches)
loss_per_epoch_list on epoch 29 is [0.6914526263221366, 0.7108716202563927, 0.6577115054013299, 0.6736928732668768, 0.7023121607108195, 0.6536221797349023, 0.635768225935639, 0.646706443341052, 0.6418486999683692, 0.7253062871635937, 0.6653040237114077, 0.6461170882475181, 0.719503330402687, 0.6895354302203069, 0.7234294316807731, 0.8912951066845753, 0.7307092097939037, 0.8918366471274954, 0.8058892771845958, 0.8769305065029958, 0.9131444682840442, 1.137971697283573, 1.1233587685178539, 1.1940747391982156, 1.5090467978696354, 1.423888801551256, 1.7887606738043613, 1.3229490606511225, 1.5537970476463192]

Checkpoint saved at /cluster/tufts/capstone25skyblue/eelkus01/NEXRADTurbulencePrediction/model_training/trained_model_outputs/resnet_42_model_checkpoint.pth for l2_alpha_idx: 0, fold 5, and epoch 29
Fold 5 had loss: 1.5537970476463192 on its last epoch

l2_loss_list is now [1.2917223858540174]

Beginning 6-fold Cross Validation with l2_alpha = 0.01
Fold 0 with l2_alpha = 0.01
Train subset size: 19253, Validation subset size: 3851
BEGINNING EPOCH 1
[Epoch 1, Batch    50] avg loss: 6.7976
[Epoch 1, Batch   100] avg loss: 0.9397
[Epoch 1, Batch   150] avg loss: 0.7714
[Epoch 1, Batch   200] avg loss: 0.7406
[Epoch 1, Batch   250] avg loss: 0.7049
[Epoch 1, Batch   300] avg loss: 0.6971
Validation loss: 0.6739 (61 batches)
loss_per_epoch_list on epoch 1 is [0.6739415223481225]

Checkpoint saved at /cluster/tufts/capstone25skyblue/eelkus01/NEXRADTurbulencePrediction/model_training/trained_model_outputs/resnet_42_model_checkpoint.pth for l2_alpha_idx: 1, fold 0, and epoch 1
BEGINNING EPOCH 2
[Epoch 2, Batch    50] avg loss: 0.7007
[Epoch 2, Batch   100] avg loss: 0.6979
[Epoch 2, Batch   150] avg loss: 0.7018
[Epoch 2, Batch   200] avg loss: 0.6943
[Epoch 2, Batch   250] avg loss: 0.6933
[Epoch 2, Batch   300] avg loss: 0.6908
Validation loss: 0.6676 (61 batches)
loss_per_epoch_list on epoch 2 is [0.6739415223481225, 0.6676334992783969]

Checkpoint saved at /cluster/tufts/capstone25skyblue/eelkus01/NEXRADTurbulencePrediction/model_training/trained_model_outputs/resnet_42_model_checkpoint.pth for l2_alpha_idx: 1, fold 0, and epoch 2
BEGINNING EPOCH 3
[Epoch 3, Batch    50] avg loss: 0.6873
[Epoch 3, Batch   100] avg loss: 0.6862
[Epoch 3, Batch   150] avg loss: 0.6867
[Epoch 3, Batch   200] avg loss: 0.6845
[Epoch 3, Batch   250] avg loss: 0.6823
[Epoch 3, Batch   300] avg loss: 0.6752
Validation loss: 0.6892 (61 batches)
loss_per_epoch_list on epoch 3 is [0.6739415223481225, 0.6676334992783969, 0.6892268198435424]

Checkpoint saved at /cluster/tufts/capstone25skyblue/eelkus01/NEXRADTurbulencePrediction/model_training/trained_model_outputs/resnet_42_model_checkpoint.pth for l2_alpha_idx: 1, fold 0, and epoch 3
BEGINNING EPOCH 4
[Epoch 4, Batch    50] avg loss: 0.6734
[Epoch 4, Batch   100] avg loss: 0.6762
[Epoch 4, Batch   150] avg loss: 0.6719
[Epoch 4, Batch   200] avg loss: 0.6816
[Epoch 4, Batch   250] avg loss: 0.6690
[Epoch 4, Batch   300] avg loss: 0.6800
Validation loss: 0.6680 (61 batches)
loss_per_epoch_list on epoch 4 is [0.6739415223481225, 0.6676334992783969, 0.6892268198435424, 0.6679632429216729]

Checkpoint saved at /cluster/tufts/capstone25skyblue/eelkus01/NEXRADTurbulencePrediction/model_training/trained_model_outputs/resnet_42_model_checkpoint.pth for l2_alpha_idx: 1, fold 0, and epoch 4
BEGINNING EPOCH 5
[Epoch 5, Batch    50] avg loss: 0.6697
[Epoch 5, Batch   100] avg loss: 0.6658
[Epoch 5, Batch   150] avg loss: 0.6782
[Epoch 5, Batch   200] avg loss: 0.6697
[Epoch 5, Batch   250] avg loss: 0.6710
[Epoch 5, Batch   300] avg loss: 0.6694
Validation loss: 0.6804 (61 batches)
loss_per_epoch_list on epoch 5 is [0.6739415223481225, 0.6676334992783969, 0.6892268198435424, 0.6679632429216729, 0.6804056587766428]

Checkpoint saved at /cluster/tufts/capstone25skyblue/eelkus01/NEXRADTurbulencePrediction/model_training/trained_model_outputs/resnet_42_model_checkpoint.pth for l2_alpha_idx: 1, fold 0, and epoch 5
BEGINNING EPOCH 6
[Epoch 6, Batch    50] avg loss: 0.6568
[Epoch 6, Batch   100] avg loss: 0.6614
[Epoch 6, Batch   150] avg loss: 0.6666
[Epoch 6, Batch   200] avg loss: 0.7205
[Epoch 6, Batch   250] avg loss: 0.6698
[Epoch 6, Batch   300] avg loss: 0.6688
Validation loss: 0.6505 (61 batches)
loss_per_epoch_list on epoch 6 is [0.6739415223481225, 0.6676334992783969, 0.6892268198435424, 0.6679632429216729, 0.6804056587766428, 0.6505104958033953]

Checkpoint saved at /cluster/tufts/capstone25skyblue/eelkus01/NEXRADTurbulencePrediction/model_training/trained_model_outputs/resnet_42_model_checkpoint.pth for l2_alpha_idx: 1, fold 0, and epoch 6
BEGINNING EPOCH 7
[Epoch 7, Batch    50] avg loss: 0.6622
[Epoch 7, Batch   100] avg loss: 0.6529
[Epoch 7, Batch   150] avg loss: 0.6688
[Epoch 7, Batch   200] avg loss: 0.6568
[Epoch 7, Batch   250] avg loss: 0.6583
[Epoch 7, Batch   300] avg loss: 0.6691
Validation loss: 0.6769 (61 batches)
loss_per_epoch_list on epoch 7 is [0.6739415223481225, 0.6676334992783969, 0.6892268198435424, 0.6679632429216729, 0.6804056587766428, 0.6505104958033953, 0.6768949481307484]

Checkpoint saved at /cluster/tufts/capstone25skyblue/eelkus01/NEXRADTurbulencePrediction/model_training/trained_model_outputs/resnet_42_model_checkpoint.pth for l2_alpha_idx: 1, fold 0, and epoch 7
BEGINNING EPOCH 8
[Epoch 8, Batch    50] avg loss: 0.6537
[Epoch 8, Batch   100] avg loss: 0.6602
[Epoch 8, Batch   150] avg loss: 0.6626
[Epoch 8, Batch   200] avg loss: 0.6605
[Epoch 8, Batch   250] avg loss: 0.6606
[Epoch 8, Batch   300] avg loss: 0.6537
Validation loss: 0.6934 (61 batches)
loss_per_epoch_list on epoch 8 is [0.6739415223481225, 0.6676334992783969, 0.6892268198435424, 0.6679632429216729, 0.6804056587766428, 0.6505104958033953, 0.6768949481307484, 0.6934327434320919]

Checkpoint saved at /cluster/tufts/capstone25skyblue/eelkus01/NEXRADTurbulencePrediction/model_training/trained_model_outputs/resnet_42_model_checkpoint.pth for l2_alpha_idx: 1, fold 0, and epoch 8
BEGINNING EPOCH 9
[Epoch 9, Batch    50] avg loss: 0.6644
[Epoch 9, Batch   100] avg loss: 0.6529
[Epoch 9, Batch   150] avg loss: 0.6510
[Epoch 9, Batch   200] avg loss: 0.6430
[Epoch 9, Batch   250] avg loss: 0.6576
[Epoch 9, Batch   300] avg loss: 0.6510
Validation loss: 0.6722 (61 batches)
loss_per_epoch_list on epoch 9 is [0.6739415223481225, 0.6676334992783969, 0.6892268198435424, 0.6679632429216729, 0.6804056587766428, 0.6505104958033953, 0.6768949481307484, 0.6934327434320919, 0.6722153943093097]

Checkpoint saved at /cluster/tufts/capstone25skyblue/eelkus01/NEXRADTurbulencePrediction/model_training/trained_model_outputs/resnet_42_model_checkpoint.pth for l2_alpha_idx: 1, fold 0, and epoch 9
BEGINNING EPOCH 10
[Epoch 10, Batch    50] avg loss: 0.6438
[Epoch 10, Batch   100] avg loss: 0.6414
[Epoch 10, Batch   150] avg loss: 0.6567
[Epoch 10, Batch   200] avg loss: 0.6457
[Epoch 10, Batch   250] avg loss: 0.6521
[Epoch 10, Batch   300] avg loss: 0.6459
Validation loss: 0.6496 (61 batches)
loss_per_epoch_list on epoch 10 is [0.6739415223481225, 0.6676334992783969, 0.6892268198435424, 0.6679632429216729, 0.6804056587766428, 0.6505104958033953, 0.6768949481307484, 0.6934327434320919, 0.6722153943093097, 0.6495877484806248]

Checkpoint saved at /cluster/tufts/capstone25skyblue/eelkus01/NEXRADTurbulencePrediction/model_training/trained_model_outputs/resnet_42_model_checkpoint.pth for l2_alpha_idx: 1, fold 0, and epoch 10
BEGINNING EPOCH 11
[Epoch 11, Batch    50] avg loss: 0.6456
[Epoch 11, Batch   100] avg loss: 0.6472
[Epoch 11, Batch   150] avg loss: 0.6382
[Epoch 11, Batch   200] avg loss: 0.6499
[Epoch 11, Batch   250] avg loss: 0.6431
[Epoch 11, Batch   300] avg loss: 0.6381
Validation loss: 0.6428 (61 batches)
loss_per_epoch_list on epoch 11 is [0.6739415223481225, 0.6676334992783969, 0.6892268198435424, 0.6679632429216729, 0.6804056587766428, 0.6505104958033953, 0.6768949481307484, 0.6934327434320919, 0.6722153943093097, 0.6495877484806248, 0.6428480656420599]

Checkpoint saved at /cluster/tufts/capstone25skyblue/eelkus01/NEXRADTurbulencePrediction/model_training/trained_model_outputs/resnet_42_model_checkpoint.pth for l2_alpha_idx: 1, fold 0, and epoch 11
BEGINNING EPOCH 12
[Epoch 12, Batch    50] avg loss: 0.6403
[Epoch 12, Batch   100] avg loss: 0.6461
[Epoch 12, Batch   150] avg loss: 0.6344
[Epoch 12, Batch   200] avg loss: 0.6196
[Epoch 12, Batch   250] avg loss: 0.6407
[Epoch 12, Batch   300] avg loss: 0.6318
Validation loss: 0.6557 (61 batches)
loss_per_epoch_list on epoch 12 is [0.6739415223481225, 0.6676334992783969, 0.6892268198435424, 0.6679632429216729, 0.6804056587766428, 0.6505104958033953, 0.6768949481307484, 0.6934327434320919, 0.6722153943093097, 0.6495877484806248, 0.6428480656420599, 0.6557334143607343]

Checkpoint saved at /cluster/tufts/capstone25skyblue/eelkus01/NEXRADTurbulencePrediction/model_training/trained_model_outputs/resnet_42_model_checkpoint.pth for l2_alpha_idx: 1, fold 0, and epoch 12
BEGINNING EPOCH 13
[Epoch 13, Batch    50] avg loss: 0.6313
[Epoch 13, Batch   100] avg loss: 0.6348
[Epoch 13, Batch   150] avg loss: 0.6250
[Epoch 13, Batch   200] avg loss: 0.6142
[Epoch 13, Batch   250] avg loss: 0.6178
[Epoch 13, Batch   300] avg loss: 0.6163
Validation loss: 0.6568 (61 batches)
loss_per_epoch_list on epoch 13 is [0.6739415223481225, 0.6676334992783969, 0.6892268198435424, 0.6679632429216729, 0.6804056587766428, 0.6505104958033953, 0.6768949481307484, 0.6934327434320919, 0.6722153943093097, 0.6495877484806248, 0.6428480656420599, 0.6557334143607343, 0.656770688588502]

Checkpoint saved at /cluster/tufts/capstone25skyblue/eelkus01/NEXRADTurbulencePrediction/model_training/trained_model_outputs/resnet_42_model_checkpoint.pth for l2_alpha_idx: 1, fold 0, and epoch 13
BEGINNING EPOCH 14
[Epoch 14, Batch    50] avg loss: 0.6136
[Epoch 14, Batch   100] avg loss: 0.6109
[Epoch 14, Batch   150] avg loss: 0.6253
[Epoch 14, Batch   200] avg loss: 0.6150
[Epoch 14, Batch   250] avg loss: 0.6102
[Epoch 14, Batch   300] avg loss: 0.6062
Validation loss: 0.7019 (61 batches)
loss_per_epoch_list on epoch 14 is [0.6739415223481225, 0.6676334992783969, 0.6892268198435424, 0.6679632429216729, 0.6804056587766428, 0.6505104958033953, 0.6768949481307484, 0.6934327434320919, 0.6722153943093097, 0.6495877484806248, 0.6428480656420599, 0.6557334143607343, 0.656770688588502, 0.7019036128872731]

Checkpoint saved at /cluster/tufts/capstone25skyblue/eelkus01/NEXRADTurbulencePrediction/model_training/trained_model_outputs/resnet_42_model_checkpoint.pth for l2_alpha_idx: 1, fold 0, and epoch 14
BEGINNING EPOCH 15
[Epoch 15, Batch    50] avg loss: 0.6154
[Epoch 15, Batch   100] avg loss: 0.6044
[Epoch 15, Batch   150] avg loss: 0.6090
[Epoch 15, Batch   200] avg loss: 0.6151
[Epoch 15, Batch   250] avg loss: 0.6021
[Epoch 15, Batch   300] avg loss: 0.6103
Validation loss: 0.6626 (61 batches)
loss_per_epoch_list on epoch 15 is [0.6739415223481225, 0.6676334992783969, 0.6892268198435424, 0.6679632429216729, 0.6804056587766428, 0.6505104958033953, 0.6768949481307484, 0.6934327434320919, 0.6722153943093097, 0.6495877484806248, 0.6428480656420599, 0.6557334143607343, 0.656770688588502, 0.7019036128872731, 0.6625714243435469]

Checkpoint saved at /cluster/tufts/capstone25skyblue/eelkus01/NEXRADTurbulencePrediction/model_training/trained_model_outputs/resnet_42_model_checkpoint.pth for l2_alpha_idx: 1, fold 0, and epoch 15
BEGINNING EPOCH 16
[Epoch 16, Batch    50] avg loss: 0.5891
[Epoch 16, Batch   100] avg loss: 0.5900
[Epoch 16, Batch   150] avg loss: 0.5815
[Epoch 16, Batch   200] avg loss: 0.5933
[Epoch 16, Batch   250] avg loss: 0.5870
[Epoch 16, Batch   300] avg loss: 0.5996
Validation loss: 0.6485 (61 batches)
loss_per_epoch_list on epoch 16 is [0.6739415223481225, 0.6676334992783969, 0.6892268198435424, 0.6679632429216729, 0.6804056587766428, 0.6505104958033953, 0.6768949481307484, 0.6934327434320919, 0.6722153943093097, 0.6495877484806248, 0.6428480656420599, 0.6557334143607343, 0.656770688588502, 0.7019036128872731, 0.6625714243435469, 0.6484714668305194]

Checkpoint saved at /cluster/tufts/capstone25skyblue/eelkus01/NEXRADTurbulencePrediction/model_training/trained_model_outputs/resnet_42_model_checkpoint.pth for l2_alpha_idx: 1, fold 0, and epoch 16
BEGINNING EPOCH 17
[Epoch 17, Batch    50] avg loss: 0.5811
[Epoch 17, Batch   100] avg loss: 0.5764
[Epoch 17, Batch   150] avg loss: 0.5693
[Epoch 17, Batch   200] avg loss: 0.5790
[Epoch 17, Batch   250] avg loss: 0.5816
[Epoch 17, Batch   300] avg loss: 0.5664
Validation loss: 0.6897 (61 batches)
loss_per_epoch_list on epoch 17 is [0.6739415223481225, 0.6676334992783969, 0.6892268198435424, 0.6679632429216729, 0.6804056587766428, 0.6505104958033953, 0.6768949481307484, 0.6934327434320919, 0.6722153943093097, 0.6495877484806248, 0.6428480656420599, 0.6557334143607343, 0.656770688588502, 0.7019036128872731, 0.6625714243435469, 0.6484714668305194, 0.6897153356036202]

Checkpoint saved at /cluster/tufts/capstone25skyblue/eelkus01/NEXRADTurbulencePrediction/model_training/trained_model_outputs/resnet_42_model_checkpoint.pth for l2_alpha_idx: 1, fold 0, and epoch 17
BEGINNING EPOCH 18
[Epoch 18, Batch    50] avg loss: 0.5641
[Epoch 18, Batch   100] avg loss: 0.5615
[Epoch 18, Batch   150] avg loss: 0.5565
[Epoch 18, Batch   200] avg loss: 0.5550
[Epoch 18, Batch   250] avg loss: 0.5289
[Epoch 18, Batch   300] avg loss: 0.5499
Validation loss: 0.7704 (61 batches)
loss_per_epoch_list on epoch 18 is [0.6739415223481225, 0.6676334992783969, 0.6892268198435424, 0.6679632429216729, 0.6804056587766428, 0.6505104958033953, 0.6768949481307484, 0.6934327434320919, 0.6722153943093097, 0.6495877484806248, 0.6428480656420599, 0.6557334143607343, 0.656770688588502, 0.7019036128872731, 0.6625714243435469, 0.6484714668305194, 0.6897153356036202, 0.7704236399931986]

Checkpoint saved at /cluster/tufts/capstone25skyblue/eelkus01/NEXRADTurbulencePrediction/model_training/trained_model_outputs/resnet_42_model_checkpoint.pth for l2_alpha_idx: 1, fold 0, and epoch 18
BEGINNING EPOCH 19
[Epoch 19, Batch    50] avg loss: 0.5366
[Epoch 19, Batch   100] avg loss: 0.5501
[Epoch 19, Batch   150] avg loss: 0.5315
[Epoch 19, Batch   200] avg loss: 0.5244
[Epoch 19, Batch   250] avg loss: 0.5048
[Epoch 19, Batch   300] avg loss: 0.5142
Validation loss: 0.7170 (61 batches)
loss_per_epoch_list on epoch 19 is [0.6739415223481225, 0.6676334992783969, 0.6892268198435424, 0.6679632429216729, 0.6804056587766428, 0.6505104958033953, 0.6768949481307484, 0.6934327434320919, 0.6722153943093097, 0.6495877484806248, 0.6428480656420599, 0.6557334143607343, 0.656770688588502, 0.7019036128872731, 0.6625714243435469, 0.6484714668305194, 0.6897153356036202, 0.7704236399931986, 0.717016984204777]

Checkpoint saved at /cluster/tufts/capstone25skyblue/eelkus01/NEXRADTurbulencePrediction/model_training/trained_model_outputs/resnet_42_model_checkpoint.pth for l2_alpha_idx: 1, fold 0, and epoch 19
BEGINNING EPOCH 20
[Epoch 20, Batch    50] avg loss: 0.4988
[Epoch 20, Batch   100] avg loss: 0.5044
[Epoch 20, Batch   150] avg loss: 0.4747
[Epoch 20, Batch   200] avg loss: 0.5086
[Epoch 20, Batch   250] avg loss: 0.4737
[Epoch 20, Batch   300] avg loss: 0.4896
Validation loss: 0.7296 (61 batches)
loss_per_epoch_list on epoch 20 is [0.6739415223481225, 0.6676334992783969, 0.6892268198435424, 0.6679632429216729, 0.6804056587766428, 0.6505104958033953, 0.6768949481307484, 0.6934327434320919, 0.6722153943093097, 0.6495877484806248, 0.6428480656420599, 0.6557334143607343, 0.656770688588502, 0.7019036128872731, 0.6625714243435469, 0.6484714668305194, 0.6897153356036202, 0.7704236399931986, 0.717016984204777, 0.7296384133276392]

Checkpoint saved at /cluster/tufts/capstone25skyblue/eelkus01/NEXRADTurbulencePrediction/model_training/trained_model_outputs/resnet_42_model_checkpoint.pth for l2_alpha_idx: 1, fold 0, and epoch 20
BEGINNING EPOCH 21
[Epoch 21, Batch    50] avg loss: 0.4727
[Epoch 21, Batch   100] avg loss: 0.4549
[Epoch 21, Batch   150] avg loss: 0.4647
[Epoch 21, Batch   200] avg loss: 0.4500
[Epoch 21, Batch   250] avg loss: 0.4416
[Epoch 21, Batch   300] avg loss: 0.4444
Validation loss: 0.8427 (61 batches)
loss_per_epoch_list on epoch 21 is [0.6739415223481225, 0.6676334992783969, 0.6892268198435424, 0.6679632429216729, 0.6804056587766428, 0.6505104958033953, 0.6768949481307484, 0.6934327434320919, 0.6722153943093097, 0.6495877484806248, 0.6428480656420599, 0.6557334143607343, 0.656770688588502, 0.7019036128872731, 0.6625714243435469, 0.6484714668305194, 0.6897153356036202, 0.7704236399931986, 0.717016984204777, 0.7296384133276392, 0.8427424108395811]

Checkpoint saved at /cluster/tufts/capstone25skyblue/eelkus01/NEXRADTurbulencePrediction/model_training/trained_model_outputs/resnet_42_model_checkpoint.pth for l2_alpha_idx: 1, fold 0, and epoch 21
BEGINNING EPOCH 22
[Epoch 22, Batch    50] avg loss: 0.4275
[Epoch 22, Batch   100] avg loss: 0.4143
[Epoch 22, Batch   150] avg loss: 0.4052
[Epoch 22, Batch   200] avg loss: 0.4139
[Epoch 22, Batch   250] avg loss: 0.4057
[Epoch 22, Batch   300] avg loss: 0.4034
Validation loss: 0.8417 (61 batches)
loss_per_epoch_list on epoch 22 is [0.6739415223481225, 0.6676334992783969, 0.6892268198435424, 0.6679632429216729, 0.6804056587766428, 0.6505104958033953, 0.6768949481307484, 0.6934327434320919, 0.6722153943093097, 0.6495877484806248, 0.6428480656420599, 0.6557334143607343, 0.656770688588502, 0.7019036128872731, 0.6625714243435469, 0.6484714668305194, 0.6897153356036202, 0.7704236399931986, 0.717016984204777, 0.7296384133276392, 0.8427424108395811, 0.8416590006625067]

Checkpoint saved at /cluster/tufts/capstone25skyblue/eelkus01/NEXRADTurbulencePrediction/model_training/trained_model_outputs/resnet_42_model_checkpoint.pth for l2_alpha_idx: 1, fold 0, and epoch 22
BEGINNING EPOCH 23
[Epoch 23, Batch    50] avg loss: 0.3821
[Epoch 23, Batch   100] avg loss: 0.3797
[Epoch 23, Batch   150] avg loss: 0.3885
[Epoch 23, Batch   200] avg loss: 0.3614
[Epoch 23, Batch   250] avg loss: 0.3678
[Epoch 23, Batch   300] avg loss: 0.3317
Validation loss: 1.0434 (61 batches)
loss_per_epoch_list on epoch 23 is [0.6739415223481225, 0.6676334992783969, 0.6892268198435424, 0.6679632429216729, 0.6804056587766428, 0.6505104958033953, 0.6768949481307484, 0.6934327434320919, 0.6722153943093097, 0.6495877484806248, 0.6428480656420599, 0.6557334143607343, 0.656770688588502, 0.7019036128872731, 0.6625714243435469, 0.6484714668305194, 0.6897153356036202, 0.7704236399931986, 0.717016984204777, 0.7296384133276392, 0.8427424108395811, 0.8416590006625067, 1.0433505817514952]

Checkpoint saved at /cluster/tufts/capstone25skyblue/eelkus01/NEXRADTurbulencePrediction/model_training/trained_model_outputs/resnet_42_model_checkpoint.pth for l2_alpha_idx: 1, fold 0, and epoch 23
BEGINNING EPOCH 24
[Epoch 24, Batch    50] avg loss: 0.3298
[Epoch 24, Batch   100] avg loss: 0.3500
[Epoch 24, Batch   150] avg loss: 0.3019
[Epoch 24, Batch   200] avg loss: 0.3176
[Epoch 24, Batch   250] avg loss: 0.3360
[Epoch 24, Batch   300] avg loss: 0.3108
Validation loss: 1.1025 (61 batches)
loss_per_epoch_list on epoch 24 is [0.6739415223481225, 0.6676334992783969, 0.6892268198435424, 0.6679632429216729, 0.6804056587766428, 0.6505104958033953, 0.6768949481307484, 0.6934327434320919, 0.6722153943093097, 0.6495877484806248, 0.6428480656420599, 0.6557334143607343, 0.656770688588502, 0.7019036128872731, 0.6625714243435469, 0.6484714668305194, 0.6897153356036202, 0.7704236399931986, 0.717016984204777, 0.7296384133276392, 0.8427424108395811, 0.8416590006625067, 1.0433505817514952, 1.102464825403495]

Checkpoint saved at /cluster/tufts/capstone25skyblue/eelkus01/NEXRADTurbulencePrediction/model_training/trained_model_outputs/resnet_42_model_checkpoint.pth for l2_alpha_idx: 1, fold 0, and epoch 24
BEGINNING EPOCH 25
[Epoch 25, Batch    50] avg loss: 0.3175
[Epoch 25, Batch   100] avg loss: 0.2873
[Epoch 25, Batch   150] avg loss: 0.3148
[Epoch 25, Batch   200] avg loss: 0.3021
[Epoch 25, Batch   250] avg loss: 0.3049
[Epoch 25, Batch   300] avg loss: 0.2746
Validation loss: 1.0330 (61 batches)
loss_per_epoch_list on epoch 25 is [0.6739415223481225, 0.6676334992783969, 0.6892268198435424, 0.6679632429216729, 0.6804056587766428, 0.6505104958033953, 0.6768949481307484, 0.6934327434320919, 0.6722153943093097, 0.6495877484806248, 0.6428480656420599, 0.6557334143607343, 0.656770688588502, 0.7019036128872731, 0.6625714243435469, 0.6484714668305194, 0.6897153356036202, 0.7704236399931986, 0.717016984204777, 0.7296384133276392, 0.8427424108395811, 0.8416590006625067, 1.0433505817514952, 1.102464825403495, 1.0329785190644811]

Checkpoint saved at /cluster/tufts/capstone25skyblue/eelkus01/NEXRADTurbulencePrediction/model_training/trained_model_outputs/resnet_42_model_checkpoint.pth for l2_alpha_idx: 1, fold 0, and epoch 25
BEGINNING EPOCH 26
[Epoch 26, Batch    50] avg loss: 0.2831
[Epoch 26, Batch   100] avg loss: 0.2800
[Epoch 26, Batch   150] avg loss: 0.2707
[Epoch 26, Batch   200] avg loss: 0.2489
[Epoch 26, Batch   250] avg loss: 0.2804
[Epoch 26, Batch   300] avg loss: 0.2510
Validation loss: 1.2084 (61 batches)
loss_per_epoch_list on epoch 26 is [0.6739415223481225, 0.6676334992783969, 0.6892268198435424, 0.6679632429216729, 0.6804056587766428, 0.6505104958033953, 0.6768949481307484, 0.6934327434320919, 0.6722153943093097, 0.6495877484806248, 0.6428480656420599, 0.6557334143607343, 0.656770688588502, 0.7019036128872731, 0.6625714243435469, 0.6484714668305194, 0.6897153356036202, 0.7704236399931986, 0.717016984204777, 0.7296384133276392, 0.8427424108395811, 0.8416590006625067, 1.0433505817514952, 1.102464825403495, 1.0329785190644811, 1.2084328600617706]

Checkpoint saved at /cluster/tufts/capstone25skyblue/eelkus01/NEXRADTurbulencePrediction/model_training/trained_model_outputs/resnet_42_model_checkpoint.pth for l2_alpha_idx: 1, fold 0, and epoch 26
BEGINNING EPOCH 27
[Epoch 27, Batch    50] avg loss: 0.2632
[Epoch 27, Batch   100] avg loss: 0.2477
[Epoch 27, Batch   150] avg loss: 0.2349
[Epoch 27, Batch   200] avg loss: 0.2279
[Epoch 27, Batch   250] avg loss: 0.2356
[Epoch 27, Batch   300] avg loss: 0.2464
Validation loss: 1.1865 (61 batches)
loss_per_epoch_list on epoch 27 is [0.6739415223481225, 0.6676334992783969, 0.6892268198435424, 0.6679632429216729, 0.6804056587766428, 0.6505104958033953, 0.6768949481307484, 0.6934327434320919, 0.6722153943093097, 0.6495877484806248, 0.6428480656420599, 0.6557334143607343, 0.656770688588502, 0.7019036128872731, 0.6625714243435469, 0.6484714668305194, 0.6897153356036202, 0.7704236399931986, 0.717016984204777, 0.7296384133276392, 0.8427424108395811, 0.8416590006625067, 1.0433505817514952, 1.102464825403495, 1.0329785190644811, 1.2084328600617706, 1.1865253468028834]

Checkpoint saved at /cluster/tufts/capstone25skyblue/eelkus01/NEXRADTurbulencePrediction/model_training/trained_model_outputs/resnet_42_model_checkpoint.pth for l2_alpha_idx: 1, fold 0, and epoch 27
BEGINNING EPOCH 28
[Epoch 28, Batch    50] avg loss: 0.2114
[Epoch 28, Batch   100] avg loss: 0.2239
[Epoch 28, Batch   150] avg loss: 0.2192
[Epoch 28, Batch   200] avg loss: 0.1999
[Epoch 28, Batch   250] avg loss: 0.2038
[Epoch 28, Batch   300] avg loss: 0.2082
Validation loss: 1.2993 (61 batches)
loss_per_epoch_list on epoch 28 is [0.6739415223481225, 0.6676334992783969, 0.6892268198435424, 0.6679632429216729, 0.6804056587766428, 0.6505104958033953, 0.6768949481307484, 0.6934327434320919, 0.6722153943093097, 0.6495877484806248, 0.6428480656420599, 0.6557334143607343, 0.656770688588502, 0.7019036128872731, 0.6625714243435469, 0.6484714668305194, 0.6897153356036202, 0.7704236399931986, 0.717016984204777, 0.7296384133276392, 0.8427424108395811, 0.8416590006625067, 1.0433505817514952, 1.102464825403495, 1.0329785190644811, 1.2084328600617706, 1.1865253468028834, 1.299332420356938]

Checkpoint saved at /cluster/tufts/capstone25skyblue/eelkus01/NEXRADTurbulencePrediction/model_training/trained_model_outputs/resnet_42_model_checkpoint.pth for l2_alpha_idx: 1, fold 0, and epoch 28
BEGINNING EPOCH 29
[Epoch 29, Batch    50] avg loss: 0.1854
[Epoch 29, Batch   100] avg loss: 0.1927
[Epoch 29, Batch   150] avg loss: 0.2047
[Epoch 29, Batch   200] avg loss: 0.1998
[Epoch 29, Batch   250] avg loss: 0.1826
[Epoch 29, Batch   300] avg loss: 0.1689
Validation loss: 1.5802 (61 batches)
loss_per_epoch_list on epoch 29 is [0.6739415223481225, 0.6676334992783969, 0.6892268198435424, 0.6679632429216729, 0.6804056587766428, 0.6505104958033953, 0.6768949481307484, 0.6934327434320919, 0.6722153943093097, 0.6495877484806248, 0.6428480656420599, 0.6557334143607343, 0.656770688588502, 0.7019036128872731, 0.6625714243435469, 0.6484714668305194, 0.6897153356036202, 0.7704236399931986, 0.717016984204777, 0.7296384133276392, 0.8427424108395811, 0.8416590006625067, 1.0433505817514952, 1.102464825403495, 1.0329785190644811, 1.2084328600617706, 1.1865253468028834, 1.299332420356938, 1.5801562637579245]

Checkpoint saved at /cluster/tufts/capstone25skyblue/eelkus01/NEXRADTurbulencePrediction/model_training/trained_model_outputs/resnet_42_model_checkpoint.pth for l2_alpha_idx: 1, fold 0, and epoch 29
Fold 0 had loss: 1.5801562637579245 on its last epoch

Fold 1 with l2_alpha = 0.01
Train subset size: 19253, Validation subset size: 3851
BEGINNING EPOCH 1
[Epoch 1, Batch    50] avg loss: 2.8451
[Epoch 1, Batch   100] avg loss: 0.8831
[Epoch 1, Batch   150] avg loss: 0.8228
[Epoch 1, Batch   200] avg loss: 0.7300
[Epoch 1, Batch   250] avg loss: 0.7066
[Epoch 1, Batch   300] avg loss: 0.7040
Validation loss: 0.6572 (61 batches)
loss_per_epoch_list on epoch 1 is [0.6571567068334485]

Checkpoint saved at /cluster/tufts/capstone25skyblue/eelkus01/NEXRADTurbulencePrediction/model_training/trained_model_outputs/resnet_42_model_checkpoint.pth for l2_alpha_idx: 1, fold 1, and epoch 1
BEGINNING EPOCH 2
[Epoch 2, Batch    50] avg loss: 0.6919
[Epoch 2, Batch   100] avg loss: 0.6783
[Epoch 2, Batch   150] avg loss: 0.6946
[Epoch 2, Batch   200] avg loss: 0.6871
[Epoch 2, Batch   250] avg loss: 0.6731
[Epoch 2, Batch   300] avg loss: 0.6768
Validation loss: 0.7036 (61 batches)
loss_per_epoch_list on epoch 2 is [0.6571567068334485, 0.703556583553064]

Checkpoint saved at /cluster/tufts/capstone25skyblue/eelkus01/NEXRADTurbulencePrediction/model_training/trained_model_outputs/resnet_42_model_checkpoint.pth for l2_alpha_idx: 1, fold 1, and epoch 2
BEGINNING EPOCH 3
[Epoch 3, Batch    50] avg loss: 0.6720
[Epoch 3, Batch   100] avg loss: 0.6771
[Epoch 3, Batch   150] avg loss: 0.6707
[Epoch 3, Batch   200] avg loss: 0.6704
[Epoch 3, Batch   250] avg loss: 0.6701
[Epoch 3, Batch   300] avg loss: 0.6672
Validation loss: 0.6658 (61 batches)
loss_per_epoch_list on epoch 3 is [0.6571567068334485, 0.703556583553064, 0.6658054687937752]

Checkpoint saved at /cluster/tufts/capstone25skyblue/eelkus01/NEXRADTurbulencePrediction/model_training/trained_model_outputs/resnet_42_model_checkpoint.pth for l2_alpha_idx: 1, fold 1, and epoch 3
BEGINNING EPOCH 4
[Epoch 4, Batch    50] avg loss: 0.6678
[Epoch 4, Batch   100] avg loss: 0.6697
[Epoch 4, Batch   150] avg loss: 0.6650
[Epoch 4, Batch   200] avg loss: 0.6659
[Epoch 4, Batch   250] avg loss: 0.6639
[Epoch 4, Batch   300] avg loss: 0.6562
Validation loss: 0.6521 (61 batches)
loss_per_epoch_list on epoch 4 is [0.6571567068334485, 0.703556583553064, 0.6658054687937752, 0.6521034172323884]

Checkpoint saved at /cluster/tufts/capstone25skyblue/eelkus01/NEXRADTurbulencePrediction/model_training/trained_model_outputs/resnet_42_model_checkpoint.pth for l2_alpha_idx: 1, fold 1, and epoch 4
BEGINNING EPOCH 5
[Epoch 5, Batch    50] avg loss: 0.6597
[Epoch 5, Batch   100] avg loss: 0.6639
[Epoch 5, Batch   150] avg loss: 0.6593
[Epoch 5, Batch   200] avg loss: 0.6551
[Epoch 5, Batch   250] avg loss: 0.6524
[Epoch 5, Batch   300] avg loss: 0.6641
Validation loss: 0.6598 (61 batches)
loss_per_epoch_list on epoch 5 is [0.6571567068334485, 0.703556583553064, 0.6658054687937752, 0.6521034172323884, 0.6597947058130483]

Checkpoint saved at /cluster/tufts/capstone25skyblue/eelkus01/NEXRADTurbulencePrediction/model_training/trained_model_outputs/resnet_42_model_checkpoint.pth for l2_alpha_idx: 1, fold 1, and epoch 5
BEGINNING EPOCH 6
[Epoch 6, Batch    50] avg loss: 0.6530
[Epoch 6, Batch   100] avg loss: 0.6439
[Epoch 6, Batch   150] avg loss: 0.6600
[Epoch 6, Batch   200] avg loss: 0.6578
[Epoch 6, Batch   250] avg loss: 0.6542
[Epoch 6, Batch   300] avg loss: 0.6575
Validation loss: 0.6658 (61 batches)
loss_per_epoch_list on epoch 6 is [0.6571567068334485, 0.703556583553064, 0.6658054687937752, 0.6521034172323884, 0.6597947058130483, 0.6657972482384228]

Checkpoint saved at /cluster/tufts/capstone25skyblue/eelkus01/NEXRADTurbulencePrediction/model_training/trained_model_outputs/resnet_42_model_checkpoint.pth for l2_alpha_idx: 1, fold 1, and epoch 6
BEGINNING EPOCH 7
[Epoch 7, Batch    50] avg loss: 0.6469
[Epoch 7, Batch   100] avg loss: 0.6402
[Epoch 7, Batch   150] avg loss: 0.6464
[Epoch 7, Batch   200] avg loss: 0.6553
[Epoch 7, Batch   250] avg loss: 0.6486
[Epoch 7, Batch   300] avg loss: 0.6524
Validation loss: 0.6780 (61 batches)
loss_per_epoch_list on epoch 7 is [0.6571567068334485, 0.703556583553064, 0.6658054687937752, 0.6521034172323884, 0.6597947058130483, 0.6657972482384228, 0.6780009201315583]

Checkpoint saved at /cluster/tufts/capstone25skyblue/eelkus01/NEXRADTurbulencePrediction/model_training/trained_model_outputs/resnet_42_model_checkpoint.pth for l2_alpha_idx: 1, fold 1, and epoch 7
BEGINNING EPOCH 8
[Epoch 8, Batch    50] avg loss: 0.6393
[Epoch 8, Batch   100] avg loss: 0.6500
[Epoch 8, Batch   150] avg loss: 0.6477
[Epoch 8, Batch   200] avg loss: 0.6380
[Epoch 8, Batch   250] avg loss: 0.6466
[Epoch 8, Batch   300] avg loss: 0.6485
Validation loss: 0.6658 (61 batches)
loss_per_epoch_list on epoch 8 is [0.6571567068334485, 0.703556583553064, 0.6658054687937752, 0.6521034172323884, 0.6597947058130483, 0.6657972482384228, 0.6780009201315583, 0.6658337096698949]

Checkpoint saved at /cluster/tufts/capstone25skyblue/eelkus01/NEXRADTurbulencePrediction/model_training/trained_model_outputs/resnet_42_model_checkpoint.pth for l2_alpha_idx: 1, fold 1, and epoch 8
BEGINNING EPOCH 9
[Epoch 9, Batch    50] avg loss: 0.6383
[Epoch 9, Batch   100] avg loss: 0.6402
[Epoch 9, Batch   150] avg loss: 0.6397
[Epoch 9, Batch   200] avg loss: 0.6455
[Epoch 9, Batch   250] avg loss: 0.6450
[Epoch 9, Batch   300] avg loss: 0.6367
Validation loss: 0.6531 (61 batches)
loss_per_epoch_list on epoch 9 is [0.6571567068334485, 0.703556583553064, 0.6658054687937752, 0.6521034172323884, 0.6597947058130483, 0.6657972482384228, 0.6780009201315583, 0.6658337096698949, 0.6531013602116069]

Checkpoint saved at /cluster/tufts/capstone25skyblue/eelkus01/NEXRADTurbulencePrediction/model_training/trained_model_outputs/resnet_42_model_checkpoint.pth for l2_alpha_idx: 1, fold 1, and epoch 9
BEGINNING EPOCH 10
[Epoch 10, Batch    50] avg loss: 0.6414
[Epoch 10, Batch   100] avg loss: 0.6324
[Epoch 10, Batch   150] avg loss: 0.6400
[Epoch 10, Batch   200] avg loss: 0.6287
[Epoch 10, Batch   250] avg loss: 0.6346
[Epoch 10, Batch   300] avg loss: 0.6307
Validation loss: 0.6202 (61 batches)
loss_per_epoch_list on epoch 10 is [0.6571567068334485, 0.703556583553064, 0.6658054687937752, 0.6521034172323884, 0.6597947058130483, 0.6657972482384228, 0.6780009201315583, 0.6658337096698949, 0.6531013602116069, 0.6201593221211043]

Checkpoint saved at /cluster/tufts/capstone25skyblue/eelkus01/NEXRADTurbulencePrediction/model_training/trained_model_outputs/resnet_42_model_checkpoint.pth for l2_alpha_idx: 1, fold 1, and epoch 10
BEGINNING EPOCH 11
[Epoch 11, Batch    50] avg loss: 0.6328
[Epoch 11, Batch   100] avg loss: 0.6454
[Epoch 11, Batch   150] avg loss: 0.6291
[Epoch 11, Batch   200] avg loss: 0.6392
[Epoch 11, Batch   250] avg loss: 0.6297
[Epoch 11, Batch   300] avg loss: 0.6299
Validation loss: 0.6473 (61 batches)
loss_per_epoch_list on epoch 11 is [0.6571567068334485, 0.703556583553064, 0.6658054687937752, 0.6521034172323884, 0.6597947058130483, 0.6657972482384228, 0.6780009201315583, 0.6658337096698949, 0.6531013602116069, 0.6201593221211043, 0.647335190264905]

Checkpoint saved at /cluster/tufts/capstone25skyblue/eelkus01/NEXRADTurbulencePrediction/model_training/trained_model_outputs/resnet_42_model_checkpoint.pth for l2_alpha_idx: 1, fold 1, and epoch 11
BEGINNING EPOCH 12
[Epoch 12, Batch    50] avg loss: 0.6213
[Epoch 12, Batch   100] avg loss: 0.6275
[Epoch 12, Batch   150] avg loss: 0.6318
[Epoch 12, Batch   200] avg loss: 0.6252
[Epoch 12, Batch   250] avg loss: 0.6205
[Epoch 12, Batch   300] avg loss: 0.6288
Validation loss: 0.6502 (61 batches)
loss_per_epoch_list on epoch 12 is [0.6571567068334485, 0.703556583553064, 0.6658054687937752, 0.6521034172323884, 0.6597947058130483, 0.6657972482384228, 0.6780009201315583, 0.6658337096698949, 0.6531013602116069, 0.6201593221211043, 0.647335190264905, 0.6501848492466036]

Checkpoint saved at /cluster/tufts/capstone25skyblue/eelkus01/NEXRADTurbulencePrediction/model_training/trained_model_outputs/resnet_42_model_checkpoint.pth for l2_alpha_idx: 1, fold 1, and epoch 12
BEGINNING EPOCH 13
[Epoch 13, Batch    50] avg loss: 0.6211
[Epoch 13, Batch   100] avg loss: 0.6208
[Epoch 13, Batch   150] avg loss: 0.6162
[Epoch 13, Batch   200] avg loss: 0.6209
[Epoch 13, Batch   250] avg loss: 0.6113
[Epoch 13, Batch   300] avg loss: 0.6134
Validation loss: 0.7064 (61 batches)
loss_per_epoch_list on epoch 13 is [0.6571567068334485, 0.703556583553064, 0.6658054687937752, 0.6521034172323884, 0.6597947058130483, 0.6657972482384228, 0.6780009201315583, 0.6658337096698949, 0.6531013602116069, 0.6201593221211043, 0.647335190264905, 0.6501848492466036, 0.7064123124372764]

Checkpoint saved at /cluster/tufts/capstone25skyblue/eelkus01/NEXRADTurbulencePrediction/model_training/trained_model_outputs/resnet_42_model_checkpoint.pth for l2_alpha_idx: 1, fold 1, and epoch 13
BEGINNING EPOCH 14
[Epoch 14, Batch    50] avg loss: 0.6159
[Epoch 14, Batch   100] avg loss: 0.6107
[Epoch 14, Batch   150] avg loss: 0.6041
[Epoch 14, Batch   200] avg loss: 0.6164
[Epoch 14, Batch   250] avg loss: 0.6087
[Epoch 14, Batch   300] avg loss: 0.6083
Validation loss: 0.6339 (61 batches)
loss_per_epoch_list on epoch 14 is [0.6571567068334485, 0.703556583553064, 0.6658054687937752, 0.6521034172323884, 0.6597947058130483, 0.6657972482384228, 0.6780009201315583, 0.6658337096698949, 0.6531013602116069, 0.6201593221211043, 0.647335190264905, 0.6501848492466036, 0.7064123124372764, 0.6338846321965828]

Checkpoint saved at /cluster/tufts/capstone25skyblue/eelkus01/NEXRADTurbulencePrediction/model_training/trained_model_outputs/resnet_42_model_checkpoint.pth for l2_alpha_idx: 1, fold 1, and epoch 14
BEGINNING EPOCH 15
[Epoch 15, Batch    50] avg loss: 0.5967
[Epoch 15, Batch   100] avg loss: 0.6013
[Epoch 15, Batch   150] avg loss: 0.5898
[Epoch 15, Batch   200] avg loss: 0.5902
[Epoch 15, Batch   250] avg loss: 0.5995
[Epoch 15, Batch   300] avg loss: 0.5971
Validation loss: 0.6310 (61 batches)
loss_per_epoch_list on epoch 15 is [0.6571567068334485, 0.703556583553064, 0.6658054687937752, 0.6521034172323884, 0.6597947058130483, 0.6657972482384228, 0.6780009201315583, 0.6658337096698949, 0.6531013602116069, 0.6201593221211043, 0.647335190264905, 0.6501848492466036, 0.7064123124372764, 0.6338846321965828, 0.6309617034724502]

Checkpoint saved at /cluster/tufts/capstone25skyblue/eelkus01/NEXRADTurbulencePrediction/model_training/trained_model_outputs/resnet_42_model_checkpoint.pth for l2_alpha_idx: 1, fold 1, and epoch 15
BEGINNING EPOCH 16
[Epoch 16, Batch    50] avg loss: 0.5923
[Epoch 16, Batch   100] avg loss: 0.5956
[Epoch 16, Batch   150] avg loss: 0.5592
[Epoch 16, Batch   200] avg loss: 0.5809
[Epoch 16, Batch   250] avg loss: 0.5751
[Epoch 16, Batch   300] avg loss: 0.5743
Validation loss: 0.6291 (61 batches)
loss_per_epoch_list on epoch 16 is [0.6571567068334485, 0.703556583553064, 0.6658054687937752, 0.6521034172323884, 0.6597947058130483, 0.6657972482384228, 0.6780009201315583, 0.6658337096698949, 0.6531013602116069, 0.6201593221211043, 0.647335190264905, 0.6501848492466036, 0.7064123124372764, 0.6338846321965828, 0.6309617034724502, 0.6290850395061931]

Checkpoint saved at /cluster/tufts/capstone25skyblue/eelkus01/NEXRADTurbulencePrediction/model_training/trained_model_outputs/resnet_42_model_checkpoint.pth for l2_alpha_idx: 1, fold 1, and epoch 16
BEGINNING EPOCH 17
[Epoch 17, Batch    50] avg loss: 0.5691
[Epoch 17, Batch   100] avg loss: 0.5599
[Epoch 17, Batch   150] avg loss: 0.5523
[Epoch 17, Batch   200] avg loss: 0.5571
[Epoch 17, Batch   250] avg loss: 0.5508
[Epoch 17, Batch   300] avg loss: 0.5480
Validation loss: 0.6384 (61 batches)
loss_per_epoch_list on epoch 17 is [0.6571567068334485, 0.703556583553064, 0.6658054687937752, 0.6521034172323884, 0.6597947058130483, 0.6657972482384228, 0.6780009201315583, 0.6658337096698949, 0.6531013602116069, 0.6201593221211043, 0.647335190264905, 0.6501848492466036, 0.7064123124372764, 0.6338846321965828, 0.6309617034724502, 0.6290850395061931, 0.6384441578974489]

Checkpoint saved at /cluster/tufts/capstone25skyblue/eelkus01/NEXRADTurbulencePrediction/model_training/trained_model_outputs/resnet_42_model_checkpoint.pth for l2_alpha_idx: 1, fold 1, and epoch 17
BEGINNING EPOCH 18
[Epoch 18, Batch    50] avg loss: 0.5562
[Epoch 18, Batch   100] avg loss: 0.5284
[Epoch 18, Batch   150] avg loss: 0.5277
[Epoch 18, Batch   200] avg loss: 0.5242
[Epoch 18, Batch   250] avg loss: 0.5206
[Epoch 18, Batch   300] avg loss: 0.5263
Validation loss: 0.6494 (61 batches)
loss_per_epoch_list on epoch 18 is [0.6571567068334485, 0.703556583553064, 0.6658054687937752, 0.6521034172323884, 0.6597947058130483, 0.6657972482384228, 0.6780009201315583, 0.6658337096698949, 0.6531013602116069, 0.6201593221211043, 0.647335190264905, 0.6501848492466036, 0.7064123124372764, 0.6338846321965828, 0.6309617034724502, 0.6290850395061931, 0.6384441578974489, 0.6493883005908279]

Checkpoint saved at /cluster/tufts/capstone25skyblue/eelkus01/NEXRADTurbulencePrediction/model_training/trained_model_outputs/resnet_42_model_checkpoint.pth for l2_alpha_idx: 1, fold 1, and epoch 18
BEGINNING EPOCH 19
[Epoch 19, Batch    50] avg loss: 0.5104
[Epoch 19, Batch   100] avg loss: 0.5126
[Epoch 19, Batch   150] avg loss: 0.4833
[Epoch 19, Batch   200] avg loss: 0.5061
[Epoch 19, Batch   250] avg loss: 0.4819
[Epoch 19, Batch   300] avg loss: 0.5034
Validation loss: 0.7376 (61 batches)
loss_per_epoch_list on epoch 19 is [0.6571567068334485, 0.703556583553064, 0.6658054687937752, 0.6521034172323884, 0.6597947058130483, 0.6657972482384228, 0.6780009201315583, 0.6658337096698949, 0.6531013602116069, 0.6201593221211043, 0.647335190264905, 0.6501848492466036, 0.7064123124372764, 0.6338846321965828, 0.6309617034724502, 0.6290850395061931, 0.6384441578974489, 0.6493883005908279, 0.7376399362673525]

Checkpoint saved at /cluster/tufts/capstone25skyblue/eelkus01/NEXRADTurbulencePrediction/model_training/trained_model_outputs/resnet_42_model_checkpoint.pth for l2_alpha_idx: 1, fold 1, and epoch 19
BEGINNING EPOCH 20
[Epoch 20, Batch    50] avg loss: 0.4725
[Epoch 20, Batch   100] avg loss: 0.4576
[Epoch 20, Batch   150] avg loss: 0.4662
[Epoch 20, Batch   200] avg loss: 0.4733
[Epoch 20, Batch   250] avg loss: 0.4576
[Epoch 20, Batch   300] avg loss: 0.4582
Validation loss: 0.8445 (61 batches)
loss_per_epoch_list on epoch 20 is [0.6571567068334485, 0.703556583553064, 0.6658054687937752, 0.6521034172323884, 0.6597947058130483, 0.6657972482384228, 0.6780009201315583, 0.6658337096698949, 0.6531013602116069, 0.6201593221211043, 0.647335190264905, 0.6501848492466036, 0.7064123124372764, 0.6338846321965828, 0.6309617034724502, 0.6290850395061931, 0.6384441578974489, 0.6493883005908279, 0.7376399362673525, 0.8445482938016047]

Checkpoint saved at /cluster/tufts/capstone25skyblue/eelkus01/NEXRADTurbulencePrediction/model_training/trained_model_outputs/resnet_42_model_checkpoint.pth for l2_alpha_idx: 1, fold 1, and epoch 20
BEGINNING EPOCH 21
[Epoch 21, Batch    50] avg loss: 0.4503
[Epoch 21, Batch   100] avg loss: 0.4283
[Epoch 21, Batch   150] avg loss: 0.4375
[Epoch 21, Batch   200] avg loss: 0.4202
[Epoch 21, Batch   250] avg loss: 0.4077
[Epoch 21, Batch   300] avg loss: 0.4067
Validation loss: 0.8813 (61 batches)
loss_per_epoch_list on epoch 21 is [0.6571567068334485, 0.703556583553064, 0.6658054687937752, 0.6521034172323884, 0.6597947058130483, 0.6657972482384228, 0.6780009201315583, 0.6658337096698949, 0.6531013602116069, 0.6201593221211043, 0.647335190264905, 0.6501848492466036, 0.7064123124372764, 0.6338846321965828, 0.6309617034724502, 0.6290850395061931, 0.6384441578974489, 0.6493883005908279, 0.7376399362673525, 0.8445482938016047, 0.881291992351657]

Checkpoint saved at /cluster/tufts/capstone25skyblue/eelkus01/NEXRADTurbulencePrediction/model_training/trained_model_outputs/resnet_42_model_checkpoint.pth for l2_alpha_idx: 1, fold 1, and epoch 21
BEGINNING EPOCH 22
[Epoch 22, Batch    50] avg loss: 0.4171
[Epoch 22, Batch   100] avg loss: 0.3927
[Epoch 22, Batch   150] avg loss: 0.3924
[Epoch 22, Batch   200] avg loss: 0.4067
[Epoch 22, Batch   250] avg loss: 0.3790
[Epoch 22, Batch   300] avg loss: 0.3644
Validation loss: 0.8981 (61 batches)
loss_per_epoch_list on epoch 22 is [0.6571567068334485, 0.703556583553064, 0.6658054687937752, 0.6521034172323884, 0.6597947058130483, 0.6657972482384228, 0.6780009201315583, 0.6658337096698949, 0.6531013602116069, 0.6201593221211043, 0.647335190264905, 0.6501848492466036, 0.7064123124372764, 0.6338846321965828, 0.6309617034724502, 0.6290850395061931, 0.6384441578974489, 0.6493883005908279, 0.7376399362673525, 0.8445482938016047, 0.881291992351657, 0.8980794734642153]

Checkpoint saved at /cluster/tufts/capstone25skyblue/eelkus01/NEXRADTurbulencePrediction/model_training/trained_model_outputs/resnet_42_model_checkpoint.pth for l2_alpha_idx: 1, fold 1, and epoch 22
BEGINNING EPOCH 23
[Epoch 23, Batch    50] avg loss: 0.3839
[Epoch 23, Batch   100] avg loss: 0.3676
[Epoch 23, Batch   150] avg loss: 0.3658
[Epoch 23, Batch   200] avg loss: 0.3693
[Epoch 23, Batch   250] avg loss: 0.3485
[Epoch 23, Batch   300] avg loss: 0.3340
Validation loss: 0.9904 (61 batches)
loss_per_epoch_list on epoch 23 is [0.6571567068334485, 0.703556583553064, 0.6658054687937752, 0.6521034172323884, 0.6597947058130483, 0.6657972482384228, 0.6780009201315583, 0.6658337096698949, 0.6531013602116069, 0.6201593221211043, 0.647335190264905, 0.6501848492466036, 0.7064123124372764, 0.6338846321965828, 0.6309617034724502, 0.6290850395061931, 0.6384441578974489, 0.6493883005908279, 0.7376399362673525, 0.8445482938016047, 0.881291992351657, 0.8980794734642153, 0.9903818935644432]

Checkpoint saved at /cluster/tufts/capstone25skyblue/eelkus01/NEXRADTurbulencePrediction/model_training/trained_model_outputs/resnet_42_model_checkpoint.pth for l2_alpha_idx: 1, fold 1, and epoch 23
BEGINNING EPOCH 24
[Epoch 24, Batch    50] avg loss: 0.3364
[Epoch 24, Batch   100] avg loss: 0.3408
[Epoch 24, Batch   150] avg loss: 0.3098
[Epoch 24, Batch   200] avg loss: 0.3348
[Epoch 24, Batch   250] avg loss: 0.3377
[Epoch 24, Batch   300] avg loss: 0.3074
Validation loss: 1.1218 (61 batches)
loss_per_epoch_list on epoch 24 is [0.6571567068334485, 0.703556583553064, 0.6658054687937752, 0.6521034172323884, 0.6597947058130483, 0.6657972482384228, 0.6780009201315583, 0.6658337096698949, 0.6531013602116069, 0.6201593221211043, 0.647335190264905, 0.6501848492466036, 0.7064123124372764, 0.6338846321965828, 0.6309617034724502, 0.6290850395061931, 0.6384441578974489, 0.6493883005908279, 0.7376399362673525, 0.8445482938016047, 0.881291992351657, 0.8980794734642153, 0.9903818935644432, 1.1218073827321413]

Checkpoint saved at /cluster/tufts/capstone25skyblue/eelkus01/NEXRADTurbulencePrediction/model_training/trained_model_outputs/resnet_42_model_checkpoint.pth for l2_alpha_idx: 1, fold 1, and epoch 24
BEGINNING EPOCH 25
[Epoch 25, Batch    50] avg loss: 0.3151
[Epoch 25, Batch   100] avg loss: 0.3150
[Epoch 25, Batch   150] avg loss: 0.3037
[Epoch 25, Batch   200] avg loss: 0.2906
[Epoch 25, Batch   250] avg loss: 0.2935
[Epoch 25, Batch   300] avg loss: 0.2832
Validation loss: 1.0237 (61 batches)
loss_per_epoch_list on epoch 25 is [0.6571567068334485, 0.703556583553064, 0.6658054687937752, 0.6521034172323884, 0.6597947058130483, 0.6657972482384228, 0.6780009201315583, 0.6658337096698949, 0.6531013602116069, 0.6201593221211043, 0.647335190264905, 0.6501848492466036, 0.7064123124372764, 0.6338846321965828, 0.6309617034724502, 0.6290850395061931, 0.6384441578974489, 0.6493883005908279, 0.7376399362673525, 0.8445482938016047, 0.881291992351657, 0.8980794734642153, 0.9903818935644432, 1.1218073827321413, 1.023714552648732]

Checkpoint saved at /cluster/tufts/capstone25skyblue/eelkus01/NEXRADTurbulencePrediction/model_training/trained_model_outputs/resnet_42_model_checkpoint.pth for l2_alpha_idx: 1, fold 1, and epoch 25
BEGINNING EPOCH 26
[Epoch 26, Batch    50] avg loss: 0.2820
[Epoch 26, Batch   100] avg loss: 0.2818
[Epoch 26, Batch   150] avg loss: 0.3164
[Epoch 26, Batch   200] avg loss: 0.2781
[Epoch 26, Batch   250] avg loss: 0.2569
[Epoch 26, Batch   300] avg loss: 0.2493
Validation loss: 1.2514 (61 batches)
loss_per_epoch_list on epoch 26 is [0.6571567068334485, 0.703556583553064, 0.6658054687937752, 0.6521034172323884, 0.6597947058130483, 0.6657972482384228, 0.6780009201315583, 0.6658337096698949, 0.6531013602116069, 0.6201593221211043, 0.647335190264905, 0.6501848492466036, 0.7064123124372764, 0.6338846321965828, 0.6309617034724502, 0.6290850395061931, 0.6384441578974489, 0.6493883005908279, 0.7376399362673525, 0.8445482938016047, 0.881291992351657, 0.8980794734642153, 0.9903818935644432, 1.1218073827321413, 1.023714552648732, 1.2513861304423848]

Checkpoint saved at /cluster/tufts/capstone25skyblue/eelkus01/NEXRADTurbulencePrediction/model_training/trained_model_outputs/resnet_42_model_checkpoint.pth for l2_alpha_idx: 1, fold 1, and epoch 26
BEGINNING EPOCH 27
[Epoch 27, Batch    50] avg loss: 0.2757
[Epoch 27, Batch   100] avg loss: 0.2705
[Epoch 27, Batch   150] avg loss: 0.2447
[Epoch 27, Batch   200] avg loss: 0.2588
[Epoch 27, Batch   250] avg loss: 0.2387
[Epoch 27, Batch   300] avg loss: 0.2373
Validation loss: 1.2951 (61 batches)
loss_per_epoch_list on epoch 27 is [0.6571567068334485, 0.703556583553064, 0.6658054687937752, 0.6521034172323884, 0.6597947058130483, 0.6657972482384228, 0.6780009201315583, 0.6658337096698949, 0.6531013602116069, 0.6201593221211043, 0.647335190264905, 0.6501848492466036, 0.7064123124372764, 0.6338846321965828, 0.6309617034724502, 0.6290850395061931, 0.6384441578974489, 0.6493883005908279, 0.7376399362673525, 0.8445482938016047, 0.881291992351657, 0.8980794734642153, 0.9903818935644432, 1.1218073827321413, 1.023714552648732, 1.2513861304423848, 1.2951454510454272]

Checkpoint saved at /cluster/tufts/capstone25skyblue/eelkus01/NEXRADTurbulencePrediction/model_training/trained_model_outputs/resnet_42_model_checkpoint.pth for l2_alpha_idx: 1, fold 1, and epoch 27
BEGINNING EPOCH 28
[Epoch 28, Batch    50] avg loss: 0.2527
[Epoch 28, Batch   100] avg loss: 0.2323
[Epoch 28, Batch   150] avg loss: 0.2394
[Epoch 28, Batch   200] avg loss: 0.2223
[Epoch 28, Batch   250] avg loss: 0.2277
[Epoch 28, Batch   300] avg loss: 0.1909
Validation loss: 1.3380 (61 batches)
loss_per_epoch_list on epoch 28 is [0.6571567068334485, 0.703556583553064, 0.6658054687937752, 0.6521034172323884, 0.6597947058130483, 0.6657972482384228, 0.6780009201315583, 0.6658337096698949, 0.6531013602116069, 0.6201593221211043, 0.647335190264905, 0.6501848492466036, 0.7064123124372764, 0.6338846321965828, 0.6309617034724502, 0.6290850395061931, 0.6384441578974489, 0.6493883005908279, 0.7376399362673525, 0.8445482938016047, 0.881291992351657, 0.8980794734642153, 0.9903818935644432, 1.1218073827321413, 1.023714552648732, 1.2513861304423848, 1.2951454510454272, 1.3379785379425424]

Checkpoint saved at /cluster/tufts/capstone25skyblue/eelkus01/NEXRADTurbulencePrediction/model_training/trained_model_outputs/resnet_42_model_checkpoint.pth for l2_alpha_idx: 1, fold 1, and epoch 28
BEGINNING EPOCH 29
[Epoch 29, Batch    50] avg loss: 0.2121
[Epoch 29, Batch   100] avg loss: 0.2023
[Epoch 29, Batch   150] avg loss: 0.2075
[Epoch 29, Batch   200] avg loss: 0.2026
[Epoch 29, Batch   250] avg loss: 0.2306
[Epoch 29, Batch   300] avg loss: 0.1897
Validation loss: 1.3643 (61 batches)
loss_per_epoch_list on epoch 29 is [0.6571567068334485, 0.703556583553064, 0.6658054687937752, 0.6521034172323884, 0.6597947058130483, 0.6657972482384228, 0.6780009201315583, 0.6658337096698949, 0.6531013602116069, 0.6201593221211043, 0.647335190264905, 0.6501848492466036, 0.7064123124372764, 0.6338846321965828, 0.6309617034724502, 0.6290850395061931, 0.6384441578974489, 0.6493883005908279, 0.7376399362673525, 0.8445482938016047, 0.881291992351657, 0.8980794734642153, 0.9903818935644432, 1.1218073827321413, 1.023714552648732, 1.2513861304423848, 1.2951454510454272, 1.3379785379425424, 1.3643258350794432]

Checkpoint saved at /cluster/tufts/capstone25skyblue/eelkus01/NEXRADTurbulencePrediction/model_training/trained_model_outputs/resnet_42_model_checkpoint.pth for l2_alpha_idx: 1, fold 1, and epoch 29
Fold 1 had loss: 1.3643258350794432 on its last epoch

Fold 2 with l2_alpha = 0.01
Train subset size: 19253, Validation subset size: 3851
BEGINNING EPOCH 1
[Epoch 1, Batch    50] avg loss: 5.3102
[Epoch 1, Batch   100] avg loss: 0.9624
[Epoch 1, Batch   150] avg loss: 0.8064
[Epoch 1, Batch   200] avg loss: 0.7521
[Epoch 1, Batch   250] avg loss: 0.7235
[Epoch 1, Batch   300] avg loss: 0.7350
Validation loss: 0.7299 (61 batches)
loss_per_epoch_list on epoch 1 is [0.7298821289031232]

Checkpoint saved at /cluster/tufts/capstone25skyblue/eelkus01/NEXRADTurbulencePrediction/model_training/trained_model_outputs/resnet_42_model_checkpoint.pth for l2_alpha_idx: 1, fold 2, and epoch 1
BEGINNING EPOCH 2
[Epoch 2, Batch    50] avg loss: 0.7093
[Epoch 2, Batch   100] avg loss: 0.6975
[Epoch 2, Batch   150] avg loss: 0.6973
[Epoch 2, Batch   200] avg loss: 0.7036
[Epoch 2, Batch   250] avg loss: 0.7122
[Epoch 2, Batch   300] avg loss: 0.7104
Validation loss: 0.6846 (61 batches)
loss_per_epoch_list on epoch 2 is [0.7298821289031232, 0.6846235062255234]

Checkpoint saved at /cluster/tufts/capstone25skyblue/eelkus01/NEXRADTurbulencePrediction/model_training/trained_model_outputs/resnet_42_model_checkpoint.pth for l2_alpha_idx: 1, fold 2, and epoch 2
BEGINNING EPOCH 3
[Epoch 3, Batch    50] avg loss: 0.6942
[Epoch 3, Batch   100] avg loss: 0.6933
[Epoch 3, Batch   150] avg loss: 0.7022
[Epoch 3, Batch   200] avg loss: 0.6882
[Epoch 3, Batch   250] avg loss: 0.6791
[Epoch 3, Batch   300] avg loss: 0.6828
Validation loss: 0.6838 (61 batches)
loss_per_epoch_list on epoch 3 is [0.7298821289031232, 0.6846235062255234, 0.6837950769017954]

Checkpoint saved at /cluster/tufts/capstone25skyblue/eelkus01/NEXRADTurbulencePrediction/model_training/trained_model_outputs/resnet_42_model_checkpoint.pth for l2_alpha_idx: 1, fold 2, and epoch 3
BEGINNING EPOCH 4
[Epoch 4, Batch    50] avg loss: 0.6858
[Epoch 4, Batch   100] avg loss: 0.6855
[Epoch 4, Batch   150] avg loss: 0.6771
[Epoch 4, Batch   200] avg loss: 0.6787
[Epoch 4, Batch   250] avg loss: 0.6672
[Epoch 4, Batch   300] avg loss: 0.6794
Validation loss: 0.6722 (61 batches)
loss_per_epoch_list on epoch 4 is [0.7298821289031232, 0.6846235062255234, 0.6837950769017954, 0.6721955518253514]

Checkpoint saved at /cluster/tufts/capstone25skyblue/eelkus01/NEXRADTurbulencePrediction/model_training/trained_model_outputs/resnet_42_model_checkpoint.pth for l2_alpha_idx: 1, fold 2, and epoch 4
BEGINNING EPOCH 5
[Epoch 5, Batch    50] avg loss: 0.6691
[Epoch 5, Batch   100] avg loss: 0.6818
[Epoch 5, Batch   150] avg loss: 0.6810
[Epoch 5, Batch   200] avg loss: 0.6760
[Epoch 5, Batch   250] avg loss: 0.6628
[Epoch 5, Batch   300] avg loss: 0.6754
Validation loss: 0.6569 (61 batches)
loss_per_epoch_list on epoch 5 is [0.7298821289031232, 0.6846235062255234, 0.6837950769017954, 0.6721955518253514, 0.6569099269929479]

Checkpoint saved at /cluster/tufts/capstone25skyblue/eelkus01/NEXRADTurbulencePrediction/model_training/trained_model_outputs/resnet_42_model_checkpoint.pth for l2_alpha_idx: 1, fold 2, and epoch 5
BEGINNING EPOCH 6
[Epoch 6, Batch    50] avg loss: 0.6713
[Epoch 6, Batch   100] avg loss: 0.6645
[Epoch 6, Batch   150] avg loss: 0.6647
[Epoch 6, Batch   200] avg loss: 0.6675
[Epoch 6, Batch   250] avg loss: 0.6637
[Epoch 6, Batch   300] avg loss: 0.6755
Validation loss: 0.6643 (61 batches)
loss_per_epoch_list on epoch 6 is [0.7298821289031232, 0.6846235062255234, 0.6837950769017954, 0.6721955518253514, 0.6569099269929479, 0.664281433723012]

Checkpoint saved at /cluster/tufts/capstone25skyblue/eelkus01/NEXRADTurbulencePrediction/model_training/trained_model_outputs/resnet_42_model_checkpoint.pth for l2_alpha_idx: 1, fold 2, and epoch 6
BEGINNING EPOCH 7
[Epoch 7, Batch    50] avg loss: 0.6659
[Epoch 7, Batch   100] avg loss: 0.6673
[Epoch 7, Batch   150] avg loss: 0.6645
[Epoch 7, Batch   200] avg loss: 0.6656
[Epoch 7, Batch   250] avg loss: 0.6543
[Epoch 7, Batch   300] avg loss: 0.6566
Validation loss: 0.6347 (61 batches)
loss_per_epoch_list on epoch 7 is [0.7298821289031232, 0.6846235062255234, 0.6837950769017954, 0.6721955518253514, 0.6569099269929479, 0.664281433723012, 0.6346819894235642]

Checkpoint saved at /cluster/tufts/capstone25skyblue/eelkus01/NEXRADTurbulencePrediction/model_training/trained_model_outputs/resnet_42_model_checkpoint.pth for l2_alpha_idx: 1, fold 2, and epoch 7
BEGINNING EPOCH 8
[Epoch 8, Batch    50] avg loss: 0.6574
[Epoch 8, Batch   100] avg loss: 0.6595
[Epoch 8, Batch   150] avg loss: 0.6571
[Epoch 8, Batch   200] avg loss: 0.6617
[Epoch 8, Batch   250] avg loss: 0.6588
[Epoch 8, Batch   300] avg loss: 0.6533
Validation loss: 0.6817 (61 batches)
loss_per_epoch_list on epoch 8 is [0.7298821289031232, 0.6846235062255234, 0.6837950769017954, 0.6721955518253514, 0.6569099269929479, 0.664281433723012, 0.6346819894235642, 0.6816550600724142]

Checkpoint saved at /cluster/tufts/capstone25skyblue/eelkus01/NEXRADTurbulencePrediction/model_training/trained_model_outputs/resnet_42_model_checkpoint.pth for l2_alpha_idx: 1, fold 2, and epoch 8
BEGINNING EPOCH 9
[Epoch 9, Batch    50] avg loss: 0.6533
[Epoch 9, Batch   100] avg loss: 0.6582
[Epoch 9, Batch   150] avg loss: 0.6469
[Epoch 9, Batch   200] avg loss: 0.6499
[Epoch 9, Batch   250] avg loss: 0.6456
[Epoch 9, Batch   300] avg loss: 0.6474
Validation loss: 0.6447 (61 batches)
loss_per_epoch_list on epoch 9 is [0.7298821289031232, 0.6846235062255234, 0.6837950769017954, 0.6721955518253514, 0.6569099269929479, 0.664281433723012, 0.6346819894235642, 0.6816550600724142, 0.6446629088433062]

Checkpoint saved at /cluster/tufts/capstone25skyblue/eelkus01/NEXRADTurbulencePrediction/model_training/trained_model_outputs/resnet_42_model_checkpoint.pth for l2_alpha_idx: 1, fold 2, and epoch 9
BEGINNING EPOCH 10
[Epoch 10, Batch    50] avg loss: 0.6538
[Epoch 10, Batch   100] avg loss: 0.6485
[Epoch 10, Batch   150] avg loss: 0.6545
[Epoch 10, Batch   200] avg loss: 0.6496
[Epoch 10, Batch   250] avg loss: 0.6462
[Epoch 10, Batch   300] avg loss: 0.6468
Validation loss: 0.6402 (61 batches)
loss_per_epoch_list on epoch 10 is [0.7298821289031232, 0.6846235062255234, 0.6837950769017954, 0.6721955518253514, 0.6569099269929479, 0.664281433723012, 0.6346819894235642, 0.6816550600724142, 0.6446629088433062, 0.640197684530352]

Checkpoint saved at /cluster/tufts/capstone25skyblue/eelkus01/NEXRADTurbulencePrediction/model_training/trained_model_outputs/resnet_42_model_checkpoint.pth for l2_alpha_idx: 1, fold 2, and epoch 10
BEGINNING EPOCH 11
[Epoch 11, Batch    50] avg loss: 0.6397
[Epoch 11, Batch   100] avg loss: 0.6476
[Epoch 11, Batch   150] avg loss: 0.6433
[Epoch 11, Batch   200] avg loss: 0.6432
[Epoch 11, Batch   250] avg loss: 0.6482
[Epoch 11, Batch   300] avg loss: 0.6441
Validation loss: 0.6591 (61 batches)
loss_per_epoch_list on epoch 11 is [0.7298821289031232, 0.6846235062255234, 0.6837950769017954, 0.6721955518253514, 0.6569099269929479, 0.664281433723012, 0.6346819894235642, 0.6816550600724142, 0.6446629088433062, 0.640197684530352, 0.6590633402105237]

Checkpoint saved at /cluster/tufts/capstone25skyblue/eelkus01/NEXRADTurbulencePrediction/model_training/trained_model_outputs/resnet_42_model_checkpoint.pth for l2_alpha_idx: 1, fold 2, and epoch 11
BEGINNING EPOCH 12
[Epoch 12, Batch    50] avg loss: 0.6407
[Epoch 12, Batch   100] avg loss: 0.6465
[Epoch 12, Batch   150] avg loss: 0.6347
[Epoch 12, Batch   200] avg loss: 0.6517
[Epoch 12, Batch   250] avg loss: 0.6277
[Epoch 12, Batch   300] avg loss: 0.6509
Validation loss: 0.6670 (61 batches)
loss_per_epoch_list on epoch 12 is [0.7298821289031232, 0.6846235062255234, 0.6837950769017954, 0.6721955518253514, 0.6569099269929479, 0.664281433723012, 0.6346819894235642, 0.6816550600724142, 0.6446629088433062, 0.640197684530352, 0.6590633402105237, 0.6670203443433418]

Checkpoint saved at /cluster/tufts/capstone25skyblue/eelkus01/NEXRADTurbulencePrediction/model_training/trained_model_outputs/resnet_42_model_checkpoint.pth for l2_alpha_idx: 1, fold 2, and epoch 12
BEGINNING EPOCH 13
[Epoch 13, Batch    50] avg loss: 0.6360
[Epoch 13, Batch   100] avg loss: 0.6360
[Epoch 13, Batch   150] avg loss: 0.6370
[Epoch 13, Batch   200] avg loss: 0.6333
[Epoch 13, Batch   250] avg loss: 0.6289
[Epoch 13, Batch   300] avg loss: 0.6250
Validation loss: 0.6890 (61 batches)
loss_per_epoch_list on epoch 13 is [0.7298821289031232, 0.6846235062255234, 0.6837950769017954, 0.6721955518253514, 0.6569099269929479, 0.664281433723012, 0.6346819894235642, 0.6816550600724142, 0.6446629088433062, 0.640197684530352, 0.6590633402105237, 0.6670203443433418, 0.6889938682806297]

Checkpoint saved at /cluster/tufts/capstone25skyblue/eelkus01/NEXRADTurbulencePrediction/model_training/trained_model_outputs/resnet_42_model_checkpoint.pth for l2_alpha_idx: 1, fold 2, and epoch 13
BEGINNING EPOCH 14
[Epoch 14, Batch    50] avg loss: 0.6344
[Epoch 14, Batch   100] avg loss: 0.6202
[Epoch 14, Batch   150] avg loss: 0.6329
[Epoch 14, Batch   200] avg loss: 0.6271
[Epoch 14, Batch   250] avg loss: 0.6220
[Epoch 14, Batch   300] avg loss: 0.6203
Validation loss: 0.6410 (61 batches)
loss_per_epoch_list on epoch 14 is [0.7298821289031232, 0.6846235062255234, 0.6837950769017954, 0.6721955518253514, 0.6569099269929479, 0.664281433723012, 0.6346819894235642, 0.6816550600724142, 0.6446629088433062, 0.640197684530352, 0.6590633402105237, 0.6670203443433418, 0.6889938682806297, 0.641012683266499]

Checkpoint saved at /cluster/tufts/capstone25skyblue/eelkus01/NEXRADTurbulencePrediction/model_training/trained_model_outputs/resnet_42_model_checkpoint.pth for l2_alpha_idx: 1, fold 2, and epoch 14
BEGINNING EPOCH 15
[Epoch 15, Batch    50] avg loss: 0.6226
[Epoch 15, Batch   100] avg loss: 0.6135
[Epoch 15, Batch   150] avg loss: 0.6184
[Epoch 15, Batch   200] avg loss: 0.6227
[Epoch 15, Batch   250] avg loss: 0.6140
[Epoch 15, Batch   300] avg loss: 0.6079
Validation loss: 0.6454 (61 batches)
loss_per_epoch_list on epoch 15 is [0.7298821289031232, 0.6846235062255234, 0.6837950769017954, 0.6721955518253514, 0.6569099269929479, 0.664281433723012, 0.6346819894235642, 0.6816550600724142, 0.6446629088433062, 0.640197684530352, 0.6590633402105237, 0.6670203443433418, 0.6889938682806297, 0.641012683266499, 0.6454488410324347]

Checkpoint saved at /cluster/tufts/capstone25skyblue/eelkus01/NEXRADTurbulencePrediction/model_training/trained_model_outputs/resnet_42_model_checkpoint.pth for l2_alpha_idx: 1, fold 2, and epoch 15
BEGINNING EPOCH 16
[Epoch 16, Batch    50] avg loss: 0.6033
[Epoch 16, Batch   100] avg loss: 0.6166
[Epoch 16, Batch   150] avg loss: 0.5941
[Epoch 16, Batch   200] avg loss: 0.6119
[Epoch 16, Batch   250] avg loss: 0.5959
[Epoch 16, Batch   300] avg loss: 0.6070
Validation loss: 0.6535 (61 batches)
loss_per_epoch_list on epoch 16 is [0.7298821289031232, 0.6846235062255234, 0.6837950769017954, 0.6721955518253514, 0.6569099269929479, 0.664281433723012, 0.6346819894235642, 0.6816550600724142, 0.6446629088433062, 0.640197684530352, 0.6590633402105237, 0.6670203443433418, 0.6889938682806297, 0.641012683266499, 0.6454488410324347, 0.6534777684289901]

Checkpoint saved at /cluster/tufts/capstone25skyblue/eelkus01/NEXRADTurbulencePrediction/model_training/trained_model_outputs/resnet_42_model_checkpoint.pth for l2_alpha_idx: 1, fold 2, and epoch 16
BEGINNING EPOCH 17
[Epoch 17, Batch    50] avg loss: 0.6106
[Epoch 17, Batch   100] avg loss: 0.6057
[Epoch 17, Batch   150] avg loss: 0.6038
[Epoch 17, Batch   200] avg loss: 0.5888
[Epoch 17, Batch   250] avg loss: 0.5906
[Epoch 17, Batch   300] avg loss: 0.5737
Validation loss: 0.6825 (61 batches)
loss_per_epoch_list on epoch 17 is [0.7298821289031232, 0.6846235062255234, 0.6837950769017954, 0.6721955518253514, 0.6569099269929479, 0.664281433723012, 0.6346819894235642, 0.6816550600724142, 0.6446629088433062, 0.640197684530352, 0.6590633402105237, 0.6670203443433418, 0.6889938682806297, 0.641012683266499, 0.6454488410324347, 0.6534777684289901, 0.6825321609856653]

Checkpoint saved at /cluster/tufts/capstone25skyblue/eelkus01/NEXRADTurbulencePrediction/model_training/trained_model_outputs/resnet_42_model_checkpoint.pth for l2_alpha_idx: 1, fold 2, and epoch 17
BEGINNING EPOCH 18
[Epoch 18, Batch    50] avg loss: 0.5828
[Epoch 18, Batch   100] avg loss: 0.5819
[Epoch 18, Batch   150] avg loss: 0.5757
[Epoch 18, Batch   200] avg loss: 0.5788
[Epoch 18, Batch   250] avg loss: 0.5727
[Epoch 18, Batch   300] avg loss: 0.5729
Validation loss: 0.6421 (61 batches)
loss_per_epoch_list on epoch 18 is [0.7298821289031232, 0.6846235062255234, 0.6837950769017954, 0.6721955518253514, 0.6569099269929479, 0.664281433723012, 0.6346819894235642, 0.6816550600724142, 0.6446629088433062, 0.640197684530352, 0.6590633402105237, 0.6670203443433418, 0.6889938682806297, 0.641012683266499, 0.6454488410324347, 0.6534777684289901, 0.6825321609856653, 0.6420660468398548]

Checkpoint saved at /cluster/tufts/capstone25skyblue/eelkus01/NEXRADTurbulencePrediction/model_training/trained_model_outputs/resnet_42_model_checkpoint.pth for l2_alpha_idx: 1, fold 2, and epoch 18
BEGINNING EPOCH 19
[Epoch 19, Batch    50] avg loss: 0.5643
[Epoch 19, Batch   100] avg loss: 0.5581
[Epoch 19, Batch   150] avg loss: 0.5574
[Epoch 19, Batch   200] avg loss: 0.5637
[Epoch 19, Batch   250] avg loss: 0.5518
[Epoch 19, Batch   300] avg loss: 0.5572
Validation loss: 0.7339 (61 batches)
loss_per_epoch_list on epoch 19 is [0.7298821289031232, 0.6846235062255234, 0.6837950769017954, 0.6721955518253514, 0.6569099269929479, 0.664281433723012, 0.6346819894235642, 0.6816550600724142, 0.6446629088433062, 0.640197684530352, 0.6590633402105237, 0.6670203443433418, 0.6889938682806297, 0.641012683266499, 0.6454488410324347, 0.6534777684289901, 0.6825321609856653, 0.6420660468398548, 0.7338805921742173]

Checkpoint saved at /cluster/tufts/capstone25skyblue/eelkus01/NEXRADTurbulencePrediction/model_training/trained_model_outputs/resnet_42_model_checkpoint.pth for l2_alpha_idx: 1, fold 2, and epoch 19
BEGINNING EPOCH 20
[Epoch 20, Batch    50] avg loss: 0.5401
[Epoch 20, Batch   100] avg loss: 0.5218
[Epoch 20, Batch   150] avg loss: 0.5399
[Epoch 20, Batch   200] avg loss: 0.5339
[Epoch 20, Batch   250] avg loss: 0.5352
[Epoch 20, Batch   300] avg loss: 0.5300
Validation loss: 0.7208 (61 batches)
loss_per_epoch_list on epoch 20 is [0.7298821289031232, 0.6846235062255234, 0.6837950769017954, 0.6721955518253514, 0.6569099269929479, 0.664281433723012, 0.6346819894235642, 0.6816550600724142, 0.6446629088433062, 0.640197684530352, 0.6590633402105237, 0.6670203443433418, 0.6889938682806297, 0.641012683266499, 0.6454488410324347, 0.6534777684289901, 0.6825321609856653, 0.6420660468398548, 0.7338805921742173, 0.7208237120362578]

Checkpoint saved at /cluster/tufts/capstone25skyblue/eelkus01/NEXRADTurbulencePrediction/model_training/trained_model_outputs/resnet_42_model_checkpoint.pth for l2_alpha_idx: 1, fold 2, and epoch 20
BEGINNING EPOCH 21
[Epoch 21, Batch    50] avg loss: 0.5068
[Epoch 21, Batch   100] avg loss: 0.5092
[Epoch 21, Batch   150] avg loss: 0.5095
[Epoch 21, Batch   200] avg loss: 0.4913
[Epoch 21, Batch   250] avg loss: 0.4999
[Epoch 21, Batch   300] avg loss: 0.4828
Validation loss: 0.7158 (61 batches)
loss_per_epoch_list on epoch 21 is [0.7298821289031232, 0.6846235062255234, 0.6837950769017954, 0.6721955518253514, 0.6569099269929479, 0.664281433723012, 0.6346819894235642, 0.6816550600724142, 0.6446629088433062, 0.640197684530352, 0.6590633402105237, 0.6670203443433418, 0.6889938682806297, 0.641012683266499, 0.6454488410324347, 0.6534777684289901, 0.6825321609856653, 0.6420660468398548, 0.7338805921742173, 0.7208237120362578, 0.7157638669013977]

Checkpoint saved at /cluster/tufts/capstone25skyblue/eelkus01/NEXRADTurbulencePrediction/model_training/trained_model_outputs/resnet_42_model_checkpoint.pth for l2_alpha_idx: 1, fold 2, and epoch 21
BEGINNING EPOCH 22
[Epoch 22, Batch    50] avg loss: 0.4841
[Epoch 22, Batch   100] avg loss: 0.4693
[Epoch 22, Batch   150] avg loss: 0.4737
[Epoch 22, Batch   200] avg loss: 0.4706
[Epoch 22, Batch   250] avg loss: 0.4553
[Epoch 22, Batch   300] avg loss: 0.4603
Validation loss: 0.7618 (61 batches)
loss_per_epoch_list on epoch 22 is [0.7298821289031232, 0.6846235062255234, 0.6837950769017954, 0.6721955518253514, 0.6569099269929479, 0.664281433723012, 0.6346819894235642, 0.6816550600724142, 0.6446629088433062, 0.640197684530352, 0.6590633402105237, 0.6670203443433418, 0.6889938682806297, 0.641012683266499, 0.6454488410324347, 0.6534777684289901, 0.6825321609856653, 0.6420660468398548, 0.7338805921742173, 0.7208237120362578, 0.7157638669013977, 0.7618174592002493]

Checkpoint saved at /cluster/tufts/capstone25skyblue/eelkus01/NEXRADTurbulencePrediction/model_training/trained_model_outputs/resnet_42_model_checkpoint.pth for l2_alpha_idx: 1, fold 2, and epoch 22
BEGINNING EPOCH 23
[Epoch 23, Batch    50] avg loss: 0.4478
[Epoch 23, Batch   100] avg loss: 0.4356
[Epoch 23, Batch   150] avg loss: 0.4446
[Epoch 23, Batch   200] avg loss: 0.4114
[Epoch 23, Batch   250] avg loss: 0.4177
[Epoch 23, Batch   300] avg loss: 0.4195
Validation loss: 0.8424 (61 batches)
loss_per_epoch_list on epoch 23 is [0.7298821289031232, 0.6846235062255234, 0.6837950769017954, 0.6721955518253514, 0.6569099269929479, 0.664281433723012, 0.6346819894235642, 0.6816550600724142, 0.6446629088433062, 0.640197684530352, 0.6590633402105237, 0.6670203443433418, 0.6889938682806297, 0.641012683266499, 0.6454488410324347, 0.6534777684289901, 0.6825321609856653, 0.6420660468398548, 0.7338805921742173, 0.7208237120362578, 0.7157638669013977, 0.7618174592002493, 0.8424499679784305]

Checkpoint saved at /cluster/tufts/capstone25skyblue/eelkus01/NEXRADTurbulencePrediction/model_training/trained_model_outputs/resnet_42_model_checkpoint.pth for l2_alpha_idx: 1, fold 2, and epoch 23
BEGINNING EPOCH 24
[Epoch 24, Batch    50] avg loss: 0.4288
[Epoch 24, Batch   100] avg loss: 0.4238
[Epoch 24, Batch   150] avg loss: 0.4054
[Epoch 24, Batch   200] avg loss: 0.4107
[Epoch 24, Batch   250] avg loss: 0.3950
[Epoch 24, Batch   300] avg loss: 0.3821
Validation loss: 0.8738 (61 batches)
loss_per_epoch_list on epoch 24 is [0.7298821289031232, 0.6846235062255234, 0.6837950769017954, 0.6721955518253514, 0.6569099269929479, 0.664281433723012, 0.6346819894235642, 0.6816550600724142, 0.6446629088433062, 0.640197684530352, 0.6590633402105237, 0.6670203443433418, 0.6889938682806297, 0.641012683266499, 0.6454488410324347, 0.6534777684289901, 0.6825321609856653, 0.6420660468398548, 0.7338805921742173, 0.7208237120362578, 0.7157638669013977, 0.7618174592002493, 0.8424499679784305, 0.8737996464870015]

Checkpoint saved at /cluster/tufts/capstone25skyblue/eelkus01/NEXRADTurbulencePrediction/model_training/trained_model_outputs/resnet_42_model_checkpoint.pth for l2_alpha_idx: 1, fold 2, and epoch 24
BEGINNING EPOCH 25
[Epoch 25, Batch    50] avg loss: 0.3943
[Epoch 25, Batch   100] avg loss: 0.3628
[Epoch 25, Batch   150] avg loss: 0.3670
[Epoch 25, Batch   200] avg loss: 0.3675
[Epoch 25, Batch   250] avg loss: 0.3558
[Epoch 25, Batch   300] avg loss: 0.3635
Validation loss: 1.0225 (61 batches)
loss_per_epoch_list on epoch 25 is [0.7298821289031232, 0.6846235062255234, 0.6837950769017954, 0.6721955518253514, 0.6569099269929479, 0.664281433723012, 0.6346819894235642, 0.6816550600724142, 0.6446629088433062, 0.640197684530352, 0.6590633402105237, 0.6670203443433418, 0.6889938682806297, 0.641012683266499, 0.6454488410324347, 0.6534777684289901, 0.6825321609856653, 0.6420660468398548, 0.7338805921742173, 0.7208237120362578, 0.7157638669013977, 0.7618174592002493, 0.8424499679784305, 0.8737996464870015, 1.022475516209837]

Checkpoint saved at /cluster/tufts/capstone25skyblue/eelkus01/NEXRADTurbulencePrediction/model_training/trained_model_outputs/resnet_42_model_checkpoint.pth for l2_alpha_idx: 1, fold 2, and epoch 25
BEGINNING EPOCH 26
[Epoch 26, Batch    50] avg loss: 0.3523
[Epoch 26, Batch   100] avg loss: 0.3500
[Epoch 26, Batch   150] avg loss: 0.3608
[Epoch 26, Batch   200] avg loss: 0.3412
[Epoch 26, Batch   250] avg loss: 0.3385
[Epoch 26, Batch   300] avg loss: 0.3234
Validation loss: 1.1447 (61 batches)
loss_per_epoch_list on epoch 26 is [0.7298821289031232, 0.6846235062255234, 0.6837950769017954, 0.6721955518253514, 0.6569099269929479, 0.664281433723012, 0.6346819894235642, 0.6816550600724142, 0.6446629088433062, 0.640197684530352, 0.6590633402105237, 0.6670203443433418, 0.6889938682806297, 0.641012683266499, 0.6454488410324347, 0.6534777684289901, 0.6825321609856653, 0.6420660468398548, 0.7338805921742173, 0.7208237120362578, 0.7157638669013977, 0.7618174592002493, 0.8424499679784305, 0.8737996464870015, 1.022475516209837, 1.1447264473946368]

Checkpoint saved at /cluster/tufts/capstone25skyblue/eelkus01/NEXRADTurbulencePrediction/model_training/trained_model_outputs/resnet_42_model_checkpoint.pth for l2_alpha_idx: 1, fold 2, and epoch 26
BEGINNING EPOCH 27
[Epoch 27, Batch    50] avg loss: 0.3277
[Epoch 27, Batch   100] avg loss: 0.3321
[Epoch 27, Batch   150] avg loss: 0.3073
[Epoch 27, Batch   200] avg loss: 0.2829
[Epoch 27, Batch   250] avg loss: 0.3008
[Epoch 27, Batch   300] avg loss: 0.3049
Validation loss: 1.1272 (61 batches)
loss_per_epoch_list on epoch 27 is [0.7298821289031232, 0.6846235062255234, 0.6837950769017954, 0.6721955518253514, 0.6569099269929479, 0.664281433723012, 0.6346819894235642, 0.6816550600724142, 0.6446629088433062, 0.640197684530352, 0.6590633402105237, 0.6670203443433418, 0.6889938682806297, 0.641012683266499, 0.6454488410324347, 0.6534777684289901, 0.6825321609856653, 0.6420660468398548, 0.7338805921742173, 0.7208237120362578, 0.7157638669013977, 0.7618174592002493, 0.8424499679784305, 0.8737996464870015, 1.022475516209837, 1.1447264473946368, 1.1272068932408192]

Checkpoint saved at /cluster/tufts/capstone25skyblue/eelkus01/NEXRADTurbulencePrediction/model_training/trained_model_outputs/resnet_42_model_checkpoint.pth for l2_alpha_idx: 1, fold 2, and epoch 27
BEGINNING EPOCH 28
[Epoch 28, Batch    50] avg loss: 0.2897
[Epoch 28, Batch   100] avg loss: 0.2835
[Epoch 28, Batch   150] avg loss: 0.2642
[Epoch 28, Batch   200] avg loss: 0.2823
[Epoch 28, Batch   250] avg loss: 0.2750
[Epoch 28, Batch   300] avg loss: 0.2794
Validation loss: 1.0077 (61 batches)
loss_per_epoch_list on epoch 28 is [0.7298821289031232, 0.6846235062255234, 0.6837950769017954, 0.6721955518253514, 0.6569099269929479, 0.664281433723012, 0.6346819894235642, 0.6816550600724142, 0.6446629088433062, 0.640197684530352, 0.6590633402105237, 0.6670203443433418, 0.6889938682806297, 0.641012683266499, 0.6454488410324347, 0.6534777684289901, 0.6825321609856653, 0.6420660468398548, 0.7338805921742173, 0.7208237120362578, 0.7157638669013977, 0.7618174592002493, 0.8424499679784305, 0.8737996464870015, 1.022475516209837, 1.1447264473946368, 1.1272068932408192, 1.007714952601761]

Checkpoint saved at /cluster/tufts/capstone25skyblue/eelkus01/NEXRADTurbulencePrediction/model_training/trained_model_outputs/resnet_42_model_checkpoint.pth for l2_alpha_idx: 1, fold 2, and epoch 28
BEGINNING EPOCH 29
[Epoch 29, Batch    50] avg loss: 0.2823
[Epoch 29, Batch   100] avg loss: 0.2658
[Epoch 29, Batch   150] avg loss: 0.2623
[Epoch 29, Batch   200] avg loss: 0.2543
[Epoch 29, Batch   250] avg loss: 0.2552
[Epoch 29, Batch   300] avg loss: 0.2599
Validation loss: 1.4037 (61 batches)
loss_per_epoch_list on epoch 29 is [0.7298821289031232, 0.6846235062255234, 0.6837950769017954, 0.6721955518253514, 0.6569099269929479, 0.664281433723012, 0.6346819894235642, 0.6816550600724142, 0.6446629088433062, 0.640197684530352, 0.6590633402105237, 0.6670203443433418, 0.6889938682806297, 0.641012683266499, 0.6454488410324347, 0.6534777684289901, 0.6825321609856653, 0.6420660468398548, 0.7338805921742173, 0.7208237120362578, 0.7157638669013977, 0.7618174592002493, 0.8424499679784305, 0.8737996464870015, 1.022475516209837, 1.1447264473946368, 1.1272068932408192, 1.007714952601761, 1.4037240284388182]

Checkpoint saved at /cluster/tufts/capstone25skyblue/eelkus01/NEXRADTurbulencePrediction/model_training/trained_model_outputs/resnet_42_model_checkpoint.pth for l2_alpha_idx: 1, fold 2, and epoch 29
Fold 2 had loss: 1.4037240284388182 on its last epoch

Fold 3 with l2_alpha = 0.01
Train subset size: 19253, Validation subset size: 3851
BEGINNING EPOCH 1
[Epoch 1, Batch    50] avg loss: 4.5611
[Epoch 1, Batch   100] avg loss: 0.9515
[Epoch 1, Batch   150] avg loss: 0.9036
[Epoch 1, Batch   200] avg loss: 0.7942
[Epoch 1, Batch   250] avg loss: 0.7356
[Epoch 1, Batch   300] avg loss: 0.7209
Validation loss: 0.7020 (61 batches)
loss_per_epoch_list on epoch 1 is [0.7019780297748378]

Checkpoint saved at /cluster/tufts/capstone25skyblue/eelkus01/NEXRADTurbulencePrediction/model_training/trained_model_outputs/resnet_42_model_checkpoint.pth for l2_alpha_idx: 1, fold 3, and epoch 1
BEGINNING EPOCH 2
[Epoch 2, Batch    50] avg loss: 0.7493
[Epoch 2, Batch   100] avg loss: 0.7540
[Epoch 2, Batch   150] avg loss: 0.7060
[Epoch 2, Batch   200] avg loss: 0.7194
[Epoch 2, Batch   250] avg loss: 0.7006
[Epoch 2, Batch   300] avg loss: 0.7312
Validation loss: 0.7106 (61 batches)
loss_per_epoch_list on epoch 2 is [0.7019780297748378, 0.7106192453962857]

Checkpoint saved at /cluster/tufts/capstone25skyblue/eelkus01/NEXRADTurbulencePrediction/model_training/trained_model_outputs/resnet_42_model_checkpoint.pth for l2_alpha_idx: 1, fold 3, and epoch 2
BEGINNING EPOCH 3
[Epoch 3, Batch    50] avg loss: 0.7193
[Epoch 3, Batch   100] avg loss: 0.6943
[Epoch 3, Batch   150] avg loss: 0.6967
[Epoch 3, Batch   200] avg loss: 0.6985
[Epoch 3, Batch   250] avg loss: 0.7047
[Epoch 3, Batch   300] avg loss: 0.6965
Validation loss: 0.6921 (61 batches)
loss_per_epoch_list on epoch 3 is [0.7019780297748378, 0.7106192453962857, 0.6920598676947297]

Checkpoint saved at /cluster/tufts/capstone25skyblue/eelkus01/NEXRADTurbulencePrediction/model_training/trained_model_outputs/resnet_42_model_checkpoint.pth for l2_alpha_idx: 1, fold 3, and epoch 3
BEGINNING EPOCH 4
[Epoch 4, Batch    50] avg loss: 0.7024
[Epoch 4, Batch   100] avg loss: 0.7009
[Epoch 4, Batch   150] avg loss: 0.6974
[Epoch 4, Batch   200] avg loss: 0.6988
[Epoch 4, Batch   250] avg loss: 0.7017
[Epoch 4, Batch   300] avg loss: 0.6920
Validation loss: 0.6900 (61 batches)
loss_per_epoch_list on epoch 4 is [0.7019780297748378, 0.7106192453962857, 0.6920598676947297, 0.6899631424028365]

Checkpoint saved at /cluster/tufts/capstone25skyblue/eelkus01/NEXRADTurbulencePrediction/model_training/trained_model_outputs/resnet_42_model_checkpoint.pth for l2_alpha_idx: 1, fold 3, and epoch 4
BEGINNING EPOCH 5
[Epoch 5, Batch    50] avg loss: 0.6922
[Epoch 5, Batch   100] avg loss: 0.6912
[Epoch 5, Batch   150] avg loss: 0.6932
[Epoch 5, Batch   200] avg loss: 0.6879
[Epoch 5, Batch   250] avg loss: 0.6887
[Epoch 5, Batch   300] avg loss: 0.6959
Validation loss: 0.6897 (61 batches)
loss_per_epoch_list on epoch 5 is [0.7019780297748378, 0.7106192453962857, 0.6920598676947297, 0.6899631424028365, 0.6897257585994533]

Checkpoint saved at /cluster/tufts/capstone25skyblue/eelkus01/NEXRADTurbulencePrediction/model_training/trained_model_outputs/resnet_42_model_checkpoint.pth for l2_alpha_idx: 1, fold 3, and epoch 5
BEGINNING EPOCH 6
[Epoch 6, Batch    50] avg loss: 0.7060
[Epoch 6, Batch   100] avg loss: 0.6927
[Epoch 6, Batch   150] avg loss: 0.6911
[Epoch 6, Batch   200] avg loss: 0.6896
[Epoch 6, Batch   250] avg loss: 0.6886
[Epoch 6, Batch   300] avg loss: 0.6877
Validation loss: 0.6876 (61 batches)
loss_per_epoch_list on epoch 6 is [0.7019780297748378, 0.7106192453962857, 0.6920598676947297, 0.6899631424028365, 0.6897257585994533, 0.6875519078285968]

Checkpoint saved at /cluster/tufts/capstone25skyblue/eelkus01/NEXRADTurbulencePrediction/model_training/trained_model_outputs/resnet_42_model_checkpoint.pth for l2_alpha_idx: 1, fold 3, and epoch 6
BEGINNING EPOCH 7
[Epoch 7, Batch    50] avg loss: 0.6882
[Epoch 7, Batch   100] avg loss: 0.6878
[Epoch 7, Batch   150] avg loss: 0.6875
[Epoch 7, Batch   200] avg loss: 0.6866
[Epoch 7, Batch   250] avg loss: 0.6880
[Epoch 7, Batch   300] avg loss: 0.6802
Validation loss: 0.6952 (61 batches)
loss_per_epoch_list on epoch 7 is [0.7019780297748378, 0.7106192453962857, 0.6920598676947297, 0.6899631424028365, 0.6897257585994533, 0.6875519078285968, 0.6951646540985733]

Checkpoint saved at /cluster/tufts/capstone25skyblue/eelkus01/NEXRADTurbulencePrediction/model_training/trained_model_outputs/resnet_42_model_checkpoint.pth for l2_alpha_idx: 1, fold 3, and epoch 7
BEGINNING EPOCH 8
[Epoch 8, Batch    50] avg loss: 0.6924
[Epoch 8, Batch   100] avg loss: 0.6841
[Epoch 8, Batch   150] avg loss: 0.6825
[Epoch 8, Batch   200] avg loss: 0.6829
[Epoch 8, Batch   250] avg loss: 0.6863
[Epoch 8, Batch   300] avg loss: 0.6894
Validation loss: 0.6741 (61 batches)
loss_per_epoch_list on epoch 8 is [0.7019780297748378, 0.7106192453962857, 0.6920598676947297, 0.6899631424028365, 0.6897257585994533, 0.6875519078285968, 0.6951646540985733, 0.6740578676833481]

Checkpoint saved at /cluster/tufts/capstone25skyblue/eelkus01/NEXRADTurbulencePrediction/model_training/trained_model_outputs/resnet_42_model_checkpoint.pth for l2_alpha_idx: 1, fold 3, and epoch 8
BEGINNING EPOCH 9
[Epoch 9, Batch    50] avg loss: 0.6826
[Epoch 9, Batch   100] avg loss: 0.6797
[Epoch 9, Batch   150] avg loss: 0.6807
[Epoch 9, Batch   200] avg loss: 0.6829
[Epoch 9, Batch   250] avg loss: 0.6820
[Epoch 9, Batch   300] avg loss: 0.6815
Validation loss: 0.6730 (61 batches)
loss_per_epoch_list on epoch 9 is [0.7019780297748378, 0.7106192453962857, 0.6920598676947297, 0.6899631424028365, 0.6897257585994533, 0.6875519078285968, 0.6951646540985733, 0.6740578676833481, 0.6730438832376824]

Checkpoint saved at /cluster/tufts/capstone25skyblue/eelkus01/NEXRADTurbulencePrediction/model_training/trained_model_outputs/resnet_42_model_checkpoint.pth for l2_alpha_idx: 1, fold 3, and epoch 9
BEGINNING EPOCH 10
[Epoch 10, Batch    50] avg loss: 0.6718
[Epoch 10, Batch   100] avg loss: 0.6816
[Epoch 10, Batch   150] avg loss: 0.6725
[Epoch 10, Batch   200] avg loss: 0.6733
[Epoch 10, Batch   250] avg loss: 0.6783
[Epoch 10, Batch   300] avg loss: 0.6739
Validation loss: 0.6825 (61 batches)
loss_per_epoch_list on epoch 10 is [0.7019780297748378, 0.7106192453962857, 0.6920598676947297, 0.6899631424028365, 0.6897257585994533, 0.6875519078285968, 0.6951646540985733, 0.6740578676833481, 0.6730438832376824, 0.6824970235590075]

Checkpoint saved at /cluster/tufts/capstone25skyblue/eelkus01/NEXRADTurbulencePrediction/model_training/trained_model_outputs/resnet_42_model_checkpoint.pth for l2_alpha_idx: 1, fold 3, and epoch 10
BEGINNING EPOCH 11
[Epoch 11, Batch    50] avg loss: 0.6720
[Epoch 11, Batch   100] avg loss: 0.6670
[Epoch 11, Batch   150] avg loss: 0.6783
[Epoch 11, Batch   200] avg loss: 0.6685
[Epoch 11, Batch   250] avg loss: 0.6636
[Epoch 11, Batch   300] avg loss: 0.6643
Validation loss: 0.6673 (61 batches)
loss_per_epoch_list on epoch 11 is [0.7019780297748378, 0.7106192453962857, 0.6920598676947297, 0.6899631424028365, 0.6897257585994533, 0.6875519078285968, 0.6951646540985733, 0.6740578676833481, 0.6730438832376824, 0.6824970235590075, 0.6673231887035682]

Checkpoint saved at /cluster/tufts/capstone25skyblue/eelkus01/NEXRADTurbulencePrediction/model_training/trained_model_outputs/resnet_42_model_checkpoint.pth for l2_alpha_idx: 1, fold 3, and epoch 11
BEGINNING EPOCH 12
[Epoch 12, Batch    50] avg loss: 0.6755
[Epoch 12, Batch   100] avg loss: 0.6717
[Epoch 12, Batch   150] avg loss: 0.6578
[Epoch 12, Batch   200] avg loss: 0.6673
[Epoch 12, Batch   250] avg loss: 0.6640
[Epoch 12, Batch   300] avg loss: 0.6686
Validation loss: 0.6497 (61 batches)
loss_per_epoch_list on epoch 12 is [0.7019780297748378, 0.7106192453962857, 0.6920598676947297, 0.6899631424028365, 0.6897257585994533, 0.6875519078285968, 0.6951646540985733, 0.6740578676833481, 0.6730438832376824, 0.6824970235590075, 0.6673231887035682, 0.6497461776264378]

Checkpoint saved at /cluster/tufts/capstone25skyblue/eelkus01/NEXRADTurbulencePrediction/model_training/trained_model_outputs/resnet_42_model_checkpoint.pth for l2_alpha_idx: 1, fold 3, and epoch 12
BEGINNING EPOCH 13
[Epoch 13, Batch    50] avg loss: 0.6658
[Epoch 13, Batch   100] avg loss: 0.6603
[Epoch 13, Batch   150] avg loss: 0.6681
[Epoch 13, Batch   200] avg loss: 0.6572
[Epoch 13, Batch   250] avg loss: 0.6596
[Epoch 13, Batch   300] avg loss: 0.6648
Validation loss: 0.6349 (61 batches)
loss_per_epoch_list on epoch 13 is [0.7019780297748378, 0.7106192453962857, 0.6920598676947297, 0.6899631424028365, 0.6897257585994533, 0.6875519078285968, 0.6951646540985733, 0.6740578676833481, 0.6730438832376824, 0.6824970235590075, 0.6673231887035682, 0.6497461776264378, 0.6348589717364702]

Checkpoint saved at /cluster/tufts/capstone25skyblue/eelkus01/NEXRADTurbulencePrediction/model_training/trained_model_outputs/resnet_42_model_checkpoint.pth for l2_alpha_idx: 1, fold 3, and epoch 13
BEGINNING EPOCH 14
[Epoch 14, Batch    50] avg loss: 0.6594
[Epoch 14, Batch   100] avg loss: 0.6609
[Epoch 14, Batch   150] avg loss: 0.6516
[Epoch 14, Batch   200] avg loss: 0.6535
[Epoch 14, Batch   250] avg loss: 0.6587
[Epoch 14, Batch   300] avg loss: 0.6552
Validation loss: 0.6642 (61 batches)
loss_per_epoch_list on epoch 14 is [0.7019780297748378, 0.7106192453962857, 0.6920598676947297, 0.6899631424028365, 0.6897257585994533, 0.6875519078285968, 0.6951646540985733, 0.6740578676833481, 0.6730438832376824, 0.6824970235590075, 0.6673231887035682, 0.6497461776264378, 0.6348589717364702, 0.6641668335336154]

Checkpoint saved at /cluster/tufts/capstone25skyblue/eelkus01/NEXRADTurbulencePrediction/model_training/trained_model_outputs/resnet_42_model_checkpoint.pth for l2_alpha_idx: 1, fold 3, and epoch 14
BEGINNING EPOCH 15
[Epoch 15, Batch    50] avg loss: 0.6608
[Epoch 15, Batch   100] avg loss: 0.6583
[Epoch 15, Batch   150] avg loss: 0.6485
[Epoch 15, Batch   200] avg loss: 0.6573
[Epoch 15, Batch   250] avg loss: 0.6560
[Epoch 15, Batch   300] avg loss: 0.6468
Validation loss: 0.6547 (61 batches)
loss_per_epoch_list on epoch 15 is [0.7019780297748378, 0.7106192453962857, 0.6920598676947297, 0.6899631424028365, 0.6897257585994533, 0.6875519078285968, 0.6951646540985733, 0.6740578676833481, 0.6730438832376824, 0.6824970235590075, 0.6673231887035682, 0.6497461776264378, 0.6348589717364702, 0.6641668335336154, 0.6547305339672527]

Checkpoint saved at /cluster/tufts/capstone25skyblue/eelkus01/NEXRADTurbulencePrediction/model_training/trained_model_outputs/resnet_42_model_checkpoint.pth for l2_alpha_idx: 1, fold 3, and epoch 15
BEGINNING EPOCH 16
[Epoch 16, Batch    50] avg loss: 0.6535
[Epoch 16, Batch   100] avg loss: 0.6557
[Epoch 16, Batch   150] avg loss: 0.6467
[Epoch 16, Batch   200] avg loss: 0.6551
[Epoch 16, Batch   250] avg loss: 0.6462
[Epoch 16, Batch   300] avg loss: 0.6445
Validation loss: 0.6766 (61 batches)
loss_per_epoch_list on epoch 16 is [0.7019780297748378, 0.7106192453962857, 0.6920598676947297, 0.6899631424028365, 0.6897257585994533, 0.6875519078285968, 0.6951646540985733, 0.6740578676833481, 0.6730438832376824, 0.6824970235590075, 0.6673231887035682, 0.6497461776264378, 0.6348589717364702, 0.6641668335336154, 0.6547305339672527, 0.6766035683819505]

Checkpoint saved at /cluster/tufts/capstone25skyblue/eelkus01/NEXRADTurbulencePrediction/model_training/trained_model_outputs/resnet_42_model_checkpoint.pth for l2_alpha_idx: 1, fold 3, and epoch 16
BEGINNING EPOCH 17
[Epoch 17, Batch    50] avg loss: 0.6534
[Epoch 17, Batch   100] avg loss: 0.6436
[Epoch 17, Batch   150] avg loss: 0.6438
[Epoch 17, Batch   200] avg loss: 0.6471
[Epoch 17, Batch   250] avg loss: 0.6424
[Epoch 17, Batch   300] avg loss: 0.6380
Validation loss: 0.6401 (61 batches)
loss_per_epoch_list on epoch 17 is [0.7019780297748378, 0.7106192453962857, 0.6920598676947297, 0.6899631424028365, 0.6897257585994533, 0.6875519078285968, 0.6951646540985733, 0.6740578676833481, 0.6730438832376824, 0.6824970235590075, 0.6673231887035682, 0.6497461776264378, 0.6348589717364702, 0.6641668335336154, 0.6547305339672527, 0.6766035683819505, 0.6400705976564376]

Checkpoint saved at /cluster/tufts/capstone25skyblue/eelkus01/NEXRADTurbulencePrediction/model_training/trained_model_outputs/resnet_42_model_checkpoint.pth for l2_alpha_idx: 1, fold 3, and epoch 17
BEGINNING EPOCH 18
[Epoch 18, Batch    50] avg loss: 0.6443
[Epoch 18, Batch   100] avg loss: 0.6444
[Epoch 18, Batch   150] avg loss: 0.6410
[Epoch 18, Batch   200] avg loss: 0.6390
[Epoch 18, Batch   250] avg loss: 0.6391
[Epoch 18, Batch   300] avg loss: 0.6433
Validation loss: 0.6337 (61 batches)
loss_per_epoch_list on epoch 18 is [0.7019780297748378, 0.7106192453962857, 0.6920598676947297, 0.6899631424028365, 0.6897257585994533, 0.6875519078285968, 0.6951646540985733, 0.6740578676833481, 0.6730438832376824, 0.6824970235590075, 0.6673231887035682, 0.6497461776264378, 0.6348589717364702, 0.6641668335336154, 0.6547305339672527, 0.6766035683819505, 0.6400705976564376, 0.6336878567445473]

Checkpoint saved at /cluster/tufts/capstone25skyblue/eelkus01/NEXRADTurbulencePrediction/model_training/trained_model_outputs/resnet_42_model_checkpoint.pth for l2_alpha_idx: 1, fold 3, and epoch 18
BEGINNING EPOCH 19
[Epoch 19, Batch    50] avg loss: 0.6293
[Epoch 19, Batch   100] avg loss: 0.6413
[Epoch 19, Batch   150] avg loss: 0.6386
[Epoch 19, Batch   200] avg loss: 0.6345
[Epoch 19, Batch   250] avg loss: 0.6235
[Epoch 19, Batch   300] avg loss: 0.6397
Validation loss: 0.6691 (61 batches)
loss_per_epoch_list on epoch 19 is [0.7019780297748378, 0.7106192453962857, 0.6920598676947297, 0.6899631424028365, 0.6897257585994533, 0.6875519078285968, 0.6951646540985733, 0.6740578676833481, 0.6730438832376824, 0.6824970235590075, 0.6673231887035682, 0.6497461776264378, 0.6348589717364702, 0.6641668335336154, 0.6547305339672527, 0.6766035683819505, 0.6400705976564376, 0.6336878567445473, 0.669142228658082]

Checkpoint saved at /cluster/tufts/capstone25skyblue/eelkus01/NEXRADTurbulencePrediction/model_training/trained_model_outputs/resnet_42_model_checkpoint.pth for l2_alpha_idx: 1, fold 3, and epoch 19
BEGINNING EPOCH 20
[Epoch 20, Batch    50] avg loss: 0.6399
[Epoch 20, Batch   100] avg loss: 0.6286
[Epoch 20, Batch   150] avg loss: 0.6272
[Epoch 20, Batch   200] avg loss: 0.6298
[Epoch 20, Batch   250] avg loss: 0.6233
[Epoch 20, Batch   300] avg loss: 0.6265
Validation loss: 0.6840 (61 batches)
loss_per_epoch_list on epoch 20 is [0.7019780297748378, 0.7106192453962857, 0.6920598676947297, 0.6899631424028365, 0.6897257585994533, 0.6875519078285968, 0.6951646540985733, 0.6740578676833481, 0.6730438832376824, 0.6824970235590075, 0.6673231887035682, 0.6497461776264378, 0.6348589717364702, 0.6641668335336154, 0.6547305339672527, 0.6766035683819505, 0.6400705976564376, 0.6336878567445473, 0.669142228658082, 0.6839678580643701]

Checkpoint saved at /cluster/tufts/capstone25skyblue/eelkus01/NEXRADTurbulencePrediction/model_training/trained_model_outputs/resnet_42_model_checkpoint.pth for l2_alpha_idx: 1, fold 3, and epoch 20
BEGINNING EPOCH 21
[Epoch 21, Batch    50] avg loss: 0.6204
[Epoch 21, Batch   100] avg loss: 0.6208
[Epoch 21, Batch   150] avg loss: 0.6236
[Epoch 21, Batch   200] avg loss: 0.6236
[Epoch 21, Batch   250] avg loss: 0.6069
[Epoch 21, Batch   300] avg loss: 0.6242
Validation loss: 0.6605 (61 batches)
loss_per_epoch_list on epoch 21 is [0.7019780297748378, 0.7106192453962857, 0.6920598676947297, 0.6899631424028365, 0.6897257585994533, 0.6875519078285968, 0.6951646540985733, 0.6740578676833481, 0.6730438832376824, 0.6824970235590075, 0.6673231887035682, 0.6497461776264378, 0.6348589717364702, 0.6641668335336154, 0.6547305339672527, 0.6766035683819505, 0.6400705976564376, 0.6336878567445473, 0.669142228658082, 0.6839678580643701, 0.6604716895056553]

Checkpoint saved at /cluster/tufts/capstone25skyblue/eelkus01/NEXRADTurbulencePrediction/model_training/trained_model_outputs/resnet_42_model_checkpoint.pth for l2_alpha_idx: 1, fold 3, and epoch 21
BEGINNING EPOCH 22
[Epoch 22, Batch    50] avg loss: 0.6240
[Epoch 22, Batch   100] avg loss: 0.6266
[Epoch 22, Batch   150] avg loss: 0.6030
[Epoch 22, Batch   200] avg loss: 0.6190
[Epoch 22, Batch   250] avg loss: 0.6156
[Epoch 22, Batch   300] avg loss: 0.6133
Validation loss: 0.6392 (61 batches)
loss_per_epoch_list on epoch 22 is [0.7019780297748378, 0.7106192453962857, 0.6920598676947297, 0.6899631424028365, 0.6897257585994533, 0.6875519078285968, 0.6951646540985733, 0.6740578676833481, 0.6730438832376824, 0.6824970235590075, 0.6673231887035682, 0.6497461776264378, 0.6348589717364702, 0.6641668335336154, 0.6547305339672527, 0.6766035683819505, 0.6400705976564376, 0.6336878567445473, 0.669142228658082, 0.6839678580643701, 0.6604716895056553, 0.6392394177249221]

Checkpoint saved at /cluster/tufts/capstone25skyblue/eelkus01/NEXRADTurbulencePrediction/model_training/trained_model_outputs/resnet_42_model_checkpoint.pth for l2_alpha_idx: 1, fold 3, and epoch 22
BEGINNING EPOCH 23
[Epoch 23, Batch    50] avg loss: 0.6074
[Epoch 23, Batch   100] avg loss: 0.5999
[Epoch 23, Batch   150] avg loss: 0.6132
[Epoch 23, Batch   200] avg loss: 0.5891
[Epoch 23, Batch   250] avg loss: 0.6036
[Epoch 23, Batch   300] avg loss: 0.5989
Validation loss: 0.6863 (61 batches)
loss_per_epoch_list on epoch 23 is [0.7019780297748378, 0.7106192453962857, 0.6920598676947297, 0.6899631424028365, 0.6897257585994533, 0.6875519078285968, 0.6951646540985733, 0.6740578676833481, 0.6730438832376824, 0.6824970235590075, 0.6673231887035682, 0.6497461776264378, 0.6348589717364702, 0.6641668335336154, 0.6547305339672527, 0.6766035683819505, 0.6400705976564376, 0.6336878567445473, 0.669142228658082, 0.6839678580643701, 0.6604716895056553, 0.6392394177249221, 0.6862586971189155]

Checkpoint saved at /cluster/tufts/capstone25skyblue/eelkus01/NEXRADTurbulencePrediction/model_training/trained_model_outputs/resnet_42_model_checkpoint.pth for l2_alpha_idx: 1, fold 3, and epoch 23
BEGINNING EPOCH 24
[Epoch 24, Batch    50] avg loss: 0.6006
[Epoch 24, Batch   100] avg loss: 0.6075
[Epoch 24, Batch   150] avg loss: 0.5858
[Epoch 24, Batch   200] avg loss: 0.5892
[Epoch 24, Batch   250] avg loss: 0.5915
[Epoch 24, Batch   300] avg loss: 0.5911
Validation loss: 0.6952 (61 batches)
loss_per_epoch_list on epoch 24 is [0.7019780297748378, 0.7106192453962857, 0.6920598676947297, 0.6899631424028365, 0.6897257585994533, 0.6875519078285968, 0.6951646540985733, 0.6740578676833481, 0.6730438832376824, 0.6824970235590075, 0.6673231887035682, 0.6497461776264378, 0.6348589717364702, 0.6641668335336154, 0.6547305339672527, 0.6766035683819505, 0.6400705976564376, 0.6336878567445473, 0.669142228658082, 0.6839678580643701, 0.6604716895056553, 0.6392394177249221, 0.6862586971189155, 0.6952367913527567]

Checkpoint saved at /cluster/tufts/capstone25skyblue/eelkus01/NEXRADTurbulencePrediction/model_training/trained_model_outputs/resnet_42_model_checkpoint.pth for l2_alpha_idx: 1, fold 3, and epoch 24
BEGINNING EPOCH 25
[Epoch 25, Batch    50] avg loss: 0.5811
[Epoch 25, Batch   100] avg loss: 0.5744
[Epoch 25, Batch   150] avg loss: 0.5890
[Epoch 25, Batch   200] avg loss: 0.5746
[Epoch 25, Batch   250] avg loss: 0.5694
[Epoch 25, Batch   300] avg loss: 0.5690
Validation loss: 0.6850 (61 batches)
loss_per_epoch_list on epoch 25 is [0.7019780297748378, 0.7106192453962857, 0.6920598676947297, 0.6899631424028365, 0.6897257585994533, 0.6875519078285968, 0.6951646540985733, 0.6740578676833481, 0.6730438832376824, 0.6824970235590075, 0.6673231887035682, 0.6497461776264378, 0.6348589717364702, 0.6641668335336154, 0.6547305339672527, 0.6766035683819505, 0.6400705976564376, 0.6336878567445473, 0.669142228658082, 0.6839678580643701, 0.6604716895056553, 0.6392394177249221, 0.6862586971189155, 0.6952367913527567, 0.6850420275672537]

Checkpoint saved at /cluster/tufts/capstone25skyblue/eelkus01/NEXRADTurbulencePrediction/model_training/trained_model_outputs/resnet_42_model_checkpoint.pth for l2_alpha_idx: 1, fold 3, and epoch 25
BEGINNING EPOCH 26
[Epoch 26, Batch    50] avg loss: 0.5723
[Epoch 26, Batch   100] avg loss: 0.5674
[Epoch 26, Batch   150] avg loss: 0.5502
[Epoch 26, Batch   200] avg loss: 0.5616
[Epoch 26, Batch   250] avg loss: 0.5394
[Epoch 26, Batch   300] avg loss: 0.5552
Validation loss: 0.6659 (61 batches)
loss_per_epoch_list on epoch 26 is [0.7019780297748378, 0.7106192453962857, 0.6920598676947297, 0.6899631424028365, 0.6897257585994533, 0.6875519078285968, 0.6951646540985733, 0.6740578676833481, 0.6730438832376824, 0.6824970235590075, 0.6673231887035682, 0.6497461776264378, 0.6348589717364702, 0.6641668335336154, 0.6547305339672527, 0.6766035683819505, 0.6400705976564376, 0.6336878567445473, 0.669142228658082, 0.6839678580643701, 0.6604716895056553, 0.6392394177249221, 0.6862586971189155, 0.6952367913527567, 0.6850420275672537, 0.6658552347636614]

Checkpoint saved at /cluster/tufts/capstone25skyblue/eelkus01/NEXRADTurbulencePrediction/model_training/trained_model_outputs/resnet_42_model_checkpoint.pth for l2_alpha_idx: 1, fold 3, and epoch 26
BEGINNING EPOCH 27
[Epoch 27, Batch    50] avg loss: 0.5276
[Epoch 27, Batch   100] avg loss: 0.5397
[Epoch 27, Batch   150] avg loss: 0.5602
[Epoch 27, Batch   200] avg loss: 0.5148
[Epoch 27, Batch   250] avg loss: 0.5320
[Epoch 27, Batch   300] avg loss: 0.5293
Validation loss: 0.7669 (61 batches)
loss_per_epoch_list on epoch 27 is [0.7019780297748378, 0.7106192453962857, 0.6920598676947297, 0.6899631424028365, 0.6897257585994533, 0.6875519078285968, 0.6951646540985733, 0.6740578676833481, 0.6730438832376824, 0.6824970235590075, 0.6673231887035682, 0.6497461776264378, 0.6348589717364702, 0.6641668335336154, 0.6547305339672527, 0.6766035683819505, 0.6400705976564376, 0.6336878567445473, 0.669142228658082, 0.6839678580643701, 0.6604716895056553, 0.6392394177249221, 0.6862586971189155, 0.6952367913527567, 0.6850420275672537, 0.6658552347636614, 0.7669201073099355]

Checkpoint saved at /cluster/tufts/capstone25skyblue/eelkus01/NEXRADTurbulencePrediction/model_training/trained_model_outputs/resnet_42_model_checkpoint.pth for l2_alpha_idx: 1, fold 3, and epoch 27
BEGINNING EPOCH 28
[Epoch 28, Batch    50] avg loss: 0.5245
[Epoch 28, Batch   100] avg loss: 0.5121
[Epoch 28, Batch   150] avg loss: 0.5212
[Epoch 28, Batch   200] avg loss: 0.5061
[Epoch 28, Batch   250] avg loss: 0.5171
[Epoch 28, Batch   300] avg loss: 0.5105
Validation loss: 0.6824 (61 batches)
loss_per_epoch_list on epoch 28 is [0.7019780297748378, 0.7106192453962857, 0.6920598676947297, 0.6899631424028365, 0.6897257585994533, 0.6875519078285968, 0.6951646540985733, 0.6740578676833481, 0.6730438832376824, 0.6824970235590075, 0.6673231887035682, 0.6497461776264378, 0.6348589717364702, 0.6641668335336154, 0.6547305339672527, 0.6766035683819505, 0.6400705976564376, 0.6336878567445473, 0.669142228658082, 0.6839678580643701, 0.6604716895056553, 0.6392394177249221, 0.6862586971189155, 0.6952367913527567, 0.6850420275672537, 0.6658552347636614, 0.7669201073099355, 0.682357339096851]

Checkpoint saved at /cluster/tufts/capstone25skyblue/eelkus01/NEXRADTurbulencePrediction/model_training/trained_model_outputs/resnet_42_model_checkpoint.pth for l2_alpha_idx: 1, fold 3, and epoch 28
BEGINNING EPOCH 29
[Epoch 29, Batch    50] avg loss: 0.4915
[Epoch 29, Batch   100] avg loss: 0.4861
[Epoch 29, Batch   150] avg loss: 0.4760
[Epoch 29, Batch   200] avg loss: 0.4721
[Epoch 29, Batch   250] avg loss: 0.4755
[Epoch 29, Batch   300] avg loss: 0.4555
Validation loss: 0.7414 (61 batches)
loss_per_epoch_list on epoch 29 is [0.7019780297748378, 0.7106192453962857, 0.6920598676947297, 0.6899631424028365, 0.6897257585994533, 0.6875519078285968, 0.6951646540985733, 0.6740578676833481, 0.6730438832376824, 0.6824970235590075, 0.6673231887035682, 0.6497461776264378, 0.6348589717364702, 0.6641668335336154, 0.6547305339672527, 0.6766035683819505, 0.6400705976564376, 0.6336878567445473, 0.669142228658082, 0.6839678580643701, 0.6604716895056553, 0.6392394177249221, 0.6862586971189155, 0.6952367913527567, 0.6850420275672537, 0.6658552347636614, 0.7669201073099355, 0.682357339096851, 0.7414421351229559]

Checkpoint saved at /cluster/tufts/capstone25skyblue/eelkus01/NEXRADTurbulencePrediction/model_training/trained_model_outputs/resnet_42_model_checkpoint.pth for l2_alpha_idx: 1, fold 3, and epoch 29
Fold 3 had loss: 0.7414421351229559 on its last epoch

Fold 4 with l2_alpha = 0.01
Train subset size: 19254, Validation subset size: 3850
BEGINNING EPOCH 1
[Epoch 1, Batch    50] avg loss: 4.5293
[Epoch 1, Batch   100] avg loss: 0.7837
[Epoch 1, Batch   150] avg loss: 0.7132
[Epoch 1, Batch   200] avg loss: 0.8661
[Epoch 1, Batch   250] avg loss: 0.7309
[Epoch 1, Batch   300] avg loss: 0.7920
Validation loss: 0.7064 (61 batches)
loss_per_epoch_list on epoch 1 is [0.7063648593230326]

Checkpoint saved at /cluster/tufts/capstone25skyblue/eelkus01/NEXRADTurbulencePrediction/model_training/trained_model_outputs/resnet_42_model_checkpoint.pth for l2_alpha_idx: 1, fold 4, and epoch 1
BEGINNING EPOCH 2
[Epoch 2, Batch    50] avg loss: 0.7290
[Epoch 2, Batch   100] avg loss: 0.7480
[Epoch 2, Batch   150] avg loss: 0.7003
[Epoch 2, Batch   200] avg loss: 0.6920
[Epoch 2, Batch   250] avg loss: 0.7098
[Epoch 2, Batch   300] avg loss: 0.6854
Validation loss: 0.6657 (61 batches)
loss_per_epoch_list on epoch 2 is [0.7063648593230326, 0.6656749316903411]

Checkpoint saved at /cluster/tufts/capstone25skyblue/eelkus01/NEXRADTurbulencePrediction/model_training/trained_model_outputs/resnet_42_model_checkpoint.pth for l2_alpha_idx: 1, fold 4, and epoch 2
BEGINNING EPOCH 3
[Epoch 3, Batch    50] avg loss: 0.6986
[Epoch 3, Batch   100] avg loss: 0.6720
[Epoch 3, Batch   150] avg loss: 0.6608
[Epoch 3, Batch   200] avg loss: 0.6632
[Epoch 3, Batch   250] avg loss: 0.6583
[Epoch 3, Batch   300] avg loss: 0.6569
Validation loss: 0.6394 (61 batches)
loss_per_epoch_list on epoch 3 is [0.7063648593230326, 0.6656749316903411, 0.6393831880366216]

Checkpoint saved at /cluster/tufts/capstone25skyblue/eelkus01/NEXRADTurbulencePrediction/model_training/trained_model_outputs/resnet_42_model_checkpoint.pth for l2_alpha_idx: 1, fold 4, and epoch 3
BEGINNING EPOCH 4
[Epoch 4, Batch    50] avg loss: 0.6650
[Epoch 4, Batch   100] avg loss: 0.6585
[Epoch 4, Batch   150] avg loss: 0.6572
[Epoch 4, Batch   200] avg loss: 0.6554
[Epoch 4, Batch   250] avg loss: 0.6604
[Epoch 4, Batch   300] avg loss: 0.6553
Validation loss: 0.6926 (61 batches)
loss_per_epoch_list on epoch 4 is [0.7063648593230326, 0.6656749316903411, 0.6393831880366216, 0.6925923619113985]

Checkpoint saved at /cluster/tufts/capstone25skyblue/eelkus01/NEXRADTurbulencePrediction/model_training/trained_model_outputs/resnet_42_model_checkpoint.pth for l2_alpha_idx: 1, fold 4, and epoch 4
BEGINNING EPOCH 5
[Epoch 5, Batch    50] avg loss: 0.6525
[Epoch 5, Batch   100] avg loss: 0.6609
[Epoch 5, Batch   150] avg loss: 0.6568
[Epoch 5, Batch   200] avg loss: 0.6563
[Epoch 5, Batch   250] avg loss: 0.6541
[Epoch 5, Batch   300] avg loss: 0.6598
Validation loss: 0.6768 (61 batches)
loss_per_epoch_list on epoch 5 is [0.7063648593230326, 0.6656749316903411, 0.6393831880366216, 0.6925923619113985, 0.6768118426448009]

Checkpoint saved at /cluster/tufts/capstone25skyblue/eelkus01/NEXRADTurbulencePrediction/model_training/trained_model_outputs/resnet_42_model_checkpoint.pth for l2_alpha_idx: 1, fold 4, and epoch 5
BEGINNING EPOCH 6
[Epoch 6, Batch    50] avg loss: 0.6569
[Epoch 6, Batch   100] avg loss: 0.6479
[Epoch 6, Batch   150] avg loss: 0.6501
[Epoch 6, Batch   200] avg loss: 0.6468
[Epoch 6, Batch   250] avg loss: 0.6425
[Epoch 6, Batch   300] avg loss: 0.6453
Validation loss: 0.6596 (61 batches)
loss_per_epoch_list on epoch 6 is [0.7063648593230326, 0.6656749316903411, 0.6393831880366216, 0.6925923619113985, 0.6768118426448009, 0.6595925102468396]

Checkpoint saved at /cluster/tufts/capstone25skyblue/eelkus01/NEXRADTurbulencePrediction/model_training/trained_model_outputs/resnet_42_model_checkpoint.pth for l2_alpha_idx: 1, fold 4, and epoch 6
BEGINNING EPOCH 7
[Epoch 7, Batch    50] avg loss: 0.6517
[Epoch 7, Batch   100] avg loss: 0.6536
[Epoch 7, Batch   150] avg loss: 0.6548
[Epoch 7, Batch   200] avg loss: 0.6465
[Epoch 7, Batch   250] avg loss: 0.6481
[Epoch 7, Batch   300] avg loss: 0.6455
Validation loss: 0.7022 (61 batches)
loss_per_epoch_list on epoch 7 is [0.7063648593230326, 0.6656749316903411, 0.6393831880366216, 0.6925923619113985, 0.6768118426448009, 0.6595925102468396, 0.7022407817058876]

Checkpoint saved at /cluster/tufts/capstone25skyblue/eelkus01/NEXRADTurbulencePrediction/model_training/trained_model_outputs/resnet_42_model_checkpoint.pth for l2_alpha_idx: 1, fold 4, and epoch 7
BEGINNING EPOCH 8
[Epoch 8, Batch    50] avg loss: 0.6552
[Epoch 8, Batch   100] avg loss: 0.6544
[Epoch 8, Batch   150] avg loss: 0.6349
[Epoch 8, Batch   200] avg loss: 0.6467
[Epoch 8, Batch   250] avg loss: 0.6377
[Epoch 8, Batch   300] avg loss: 0.6428
Validation loss: 0.6421 (61 batches)
loss_per_epoch_list on epoch 8 is [0.7063648593230326, 0.6656749316903411, 0.6393831880366216, 0.6925923619113985, 0.6768118426448009, 0.6595925102468396, 0.7022407817058876, 0.6420516723492107]

Checkpoint saved at /cluster/tufts/capstone25skyblue/eelkus01/NEXRADTurbulencePrediction/model_training/trained_model_outputs/resnet_42_model_checkpoint.pth for l2_alpha_idx: 1, fold 4, and epoch 8
BEGINNING EPOCH 9
[Epoch 9, Batch    50] avg loss: 0.6479
[Epoch 9, Batch   100] avg loss: 0.6432
[Epoch 9, Batch   150] avg loss: 0.6379
[Epoch 9, Batch   200] avg loss: 0.6483
[Epoch 9, Batch   250] avg loss: 0.6251
[Epoch 9, Batch   300] avg loss: 0.6336
Validation loss: 0.6883 (61 batches)
loss_per_epoch_list on epoch 9 is [0.7063648593230326, 0.6656749316903411, 0.6393831880366216, 0.6925923619113985, 0.6768118426448009, 0.6595925102468396, 0.7022407817058876, 0.6420516723492107, 0.688287479955642]

Checkpoint saved at /cluster/tufts/capstone25skyblue/eelkus01/NEXRADTurbulencePrediction/model_training/trained_model_outputs/resnet_42_model_checkpoint.pth for l2_alpha_idx: 1, fold 4, and epoch 9
BEGINNING EPOCH 10
[Epoch 10, Batch    50] avg loss: 0.6384
[Epoch 10, Batch   100] avg loss: 0.6350
[Epoch 10, Batch   150] avg loss: 0.6379
[Epoch 10, Batch   200] avg loss: 0.6407
[Epoch 10, Batch   250] avg loss: 0.6195
[Epoch 10, Batch   300] avg loss: 0.6326
Validation loss: 0.6351 (61 batches)
loss_per_epoch_list on epoch 10 is [0.7063648593230326, 0.6656749316903411, 0.6393831880366216, 0.6925923619113985, 0.6768118426448009, 0.6595925102468396, 0.7022407817058876, 0.6420516723492107, 0.688287479955642, 0.6351315007835138]

Checkpoint saved at /cluster/tufts/capstone25skyblue/eelkus01/NEXRADTurbulencePrediction/model_training/trained_model_outputs/resnet_42_model_checkpoint.pth for l2_alpha_idx: 1, fold 4, and epoch 10
BEGINNING EPOCH 11
[Epoch 11, Batch    50] avg loss: 0.6365
[Epoch 11, Batch   100] avg loss: 0.6381
[Epoch 11, Batch   150] avg loss: 0.6240
[Epoch 11, Batch   200] avg loss: 0.6173
[Epoch 11, Batch   250] avg loss: 0.6176
[Epoch 11, Batch   300] avg loss: 0.6205
Validation loss: 0.6683 (61 batches)
loss_per_epoch_list on epoch 11 is [0.7063648593230326, 0.6656749316903411, 0.6393831880366216, 0.6925923619113985, 0.6768118426448009, 0.6595925102468396, 0.7022407817058876, 0.6420516723492107, 0.688287479955642, 0.6351315007835138, 0.6682803689456377]

Checkpoint saved at /cluster/tufts/capstone25skyblue/eelkus01/NEXRADTurbulencePrediction/model_training/trained_model_outputs/resnet_42_model_checkpoint.pth for l2_alpha_idx: 1, fold 4, and epoch 11
BEGINNING EPOCH 12
[Epoch 12, Batch    50] avg loss: 0.6252
[Epoch 12, Batch   100] avg loss: 0.6255
[Epoch 12, Batch   150] avg loss: 0.6276
[Epoch 12, Batch   200] avg loss: 0.6069
[Epoch 12, Batch   250] avg loss: 0.6181
[Epoch 12, Batch   300] avg loss: 0.6081
Validation loss: 0.6581 (61 batches)
loss_per_epoch_list on epoch 12 is [0.7063648593230326, 0.6656749316903411, 0.6393831880366216, 0.6925923619113985, 0.6768118426448009, 0.6595925102468396, 0.7022407817058876, 0.6420516723492107, 0.688287479955642, 0.6351315007835138, 0.6682803689456377, 0.6580744121895462]

Checkpoint saved at /cluster/tufts/capstone25skyblue/eelkus01/NEXRADTurbulencePrediction/model_training/trained_model_outputs/resnet_42_model_checkpoint.pth for l2_alpha_idx: 1, fold 4, and epoch 12
BEGINNING EPOCH 13
[Epoch 13, Batch    50] avg loss: 0.6096
[Epoch 13, Batch   100] avg loss: 0.6033
[Epoch 13, Batch   150] avg loss: 0.6133
[Epoch 13, Batch   200] avg loss: 0.6042
[Epoch 13, Batch   250] avg loss: 0.6138
[Epoch 13, Batch   300] avg loss: 0.5988
Validation loss: 0.6563 (61 batches)
loss_per_epoch_list on epoch 13 is [0.7063648593230326, 0.6656749316903411, 0.6393831880366216, 0.6925923619113985, 0.6768118426448009, 0.6595925102468396, 0.7022407817058876, 0.6420516723492107, 0.688287479955642, 0.6351315007835138, 0.6682803689456377, 0.6580744121895462, 0.6563254037841422]

Checkpoint saved at /cluster/tufts/capstone25skyblue/eelkus01/NEXRADTurbulencePrediction/model_training/trained_model_outputs/resnet_42_model_checkpoint.pth for l2_alpha_idx: 1, fold 4, and epoch 13
BEGINNING EPOCH 14
[Epoch 14, Batch    50] avg loss: 0.6012
[Epoch 14, Batch   100] avg loss: 0.5993
[Epoch 14, Batch   150] avg loss: 0.5995
[Epoch 14, Batch   200] avg loss: 0.5938
[Epoch 14, Batch   250] avg loss: 0.6018
[Epoch 14, Batch   300] avg loss: 0.5913
Validation loss: 0.7174 (61 batches)
loss_per_epoch_list on epoch 14 is [0.7063648593230326, 0.6656749316903411, 0.6393831880366216, 0.6925923619113985, 0.6768118426448009, 0.6595925102468396, 0.7022407817058876, 0.6420516723492107, 0.688287479955642, 0.6351315007835138, 0.6682803689456377, 0.6580744121895462, 0.6563254037841422, 0.7174049410663668]

Checkpoint saved at /cluster/tufts/capstone25skyblue/eelkus01/NEXRADTurbulencePrediction/model_training/trained_model_outputs/resnet_42_model_checkpoint.pth for l2_alpha_idx: 1, fold 4, and epoch 14
BEGINNING EPOCH 15
[Epoch 15, Batch    50] avg loss: 0.6135
[Epoch 15, Batch   100] avg loss: 0.5788
[Epoch 15, Batch   150] avg loss: 0.5654
[Epoch 15, Batch   200] avg loss: 0.5695
[Epoch 15, Batch   250] avg loss: 0.5755
[Epoch 15, Batch   300] avg loss: 0.5752
Validation loss: 0.6493 (61 batches)
loss_per_epoch_list on epoch 15 is [0.7063648593230326, 0.6656749316903411, 0.6393831880366216, 0.6925923619113985, 0.6768118426448009, 0.6595925102468396, 0.7022407817058876, 0.6420516723492107, 0.688287479955642, 0.6351315007835138, 0.6682803689456377, 0.6580744121895462, 0.6563254037841422, 0.7174049410663668, 0.6493212482968315]

Checkpoint saved at /cluster/tufts/capstone25skyblue/eelkus01/NEXRADTurbulencePrediction/model_training/trained_model_outputs/resnet_42_model_checkpoint.pth for l2_alpha_idx: 1, fold 4, and epoch 15
BEGINNING EPOCH 16
[Epoch 16, Batch    50] avg loss: 0.5605
[Epoch 16, Batch   100] avg loss: 0.5607
[Epoch 16, Batch   150] avg loss: 0.5644
[Epoch 16, Batch   200] avg loss: 0.5462
[Epoch 16, Batch   250] avg loss: 0.5480
[Epoch 16, Batch   300] avg loss: 0.5455
Validation loss: 0.6933 (61 batches)
loss_per_epoch_list on epoch 16 is [0.7063648593230326, 0.6656749316903411, 0.6393831880366216, 0.6925923619113985, 0.6768118426448009, 0.6595925102468396, 0.7022407817058876, 0.6420516723492107, 0.688287479955642, 0.6351315007835138, 0.6682803689456377, 0.6580744121895462, 0.6563254037841422, 0.7174049410663668, 0.6493212482968315, 0.6932837044606444]

Checkpoint saved at /cluster/tufts/capstone25skyblue/eelkus01/NEXRADTurbulencePrediction/model_training/trained_model_outputs/resnet_42_model_checkpoint.pth for l2_alpha_idx: 1, fold 4, and epoch 16
BEGINNING EPOCH 17
[Epoch 17, Batch    50] avg loss: 0.5376
[Epoch 17, Batch   100] avg loss: 0.5424
[Epoch 17, Batch   150] avg loss: 0.5182
[Epoch 17, Batch   200] avg loss: 0.5312
[Epoch 17, Batch   250] avg loss: 0.5203
[Epoch 17, Batch   300] avg loss: 0.5170
Validation loss: 0.8178 (61 batches)
loss_per_epoch_list on epoch 17 is [0.7063648593230326, 0.6656749316903411, 0.6393831880366216, 0.6925923619113985, 0.6768118426448009, 0.6595925102468396, 0.7022407817058876, 0.6420516723492107, 0.688287479955642, 0.6351315007835138, 0.6682803689456377, 0.6580744121895462, 0.6563254037841422, 0.7174049410663668, 0.6493212482968315, 0.6932837044606444, 0.8178063455175181]

Checkpoint saved at /cluster/tufts/capstone25skyblue/eelkus01/NEXRADTurbulencePrediction/model_training/trained_model_outputs/resnet_42_model_checkpoint.pth for l2_alpha_idx: 1, fold 4, and epoch 17
BEGINNING EPOCH 18
[Epoch 18, Batch    50] avg loss: 0.5333
[Epoch 18, Batch   100] avg loss: 0.5043
[Epoch 18, Batch   150] avg loss: 0.4945
[Epoch 18, Batch   200] avg loss: 0.5219
[Epoch 18, Batch   250] avg loss: 0.4882
[Epoch 18, Batch   300] avg loss: 0.4964
Validation loss: 0.7187 (61 batches)
loss_per_epoch_list on epoch 18 is [0.7063648593230326, 0.6656749316903411, 0.6393831880366216, 0.6925923619113985, 0.6768118426448009, 0.6595925102468396, 0.7022407817058876, 0.6420516723492107, 0.688287479955642, 0.6351315007835138, 0.6682803689456377, 0.6580744121895462, 0.6563254037841422, 0.7174049410663668, 0.6493212482968315, 0.6932837044606444, 0.8178063455175181, 0.7186537854007033]

Checkpoint saved at /cluster/tufts/capstone25skyblue/eelkus01/NEXRADTurbulencePrediction/model_training/trained_model_outputs/resnet_42_model_checkpoint.pth for l2_alpha_idx: 1, fold 4, and epoch 18
BEGINNING EPOCH 19
[Epoch 19, Batch    50] avg loss: 0.4745
[Epoch 19, Batch   100] avg loss: 0.4760
[Epoch 19, Batch   150] avg loss: 0.4623
[Epoch 19, Batch   200] avg loss: 0.4712
[Epoch 19, Batch   250] avg loss: 0.4258
[Epoch 19, Batch   300] avg loss: 0.4416
Validation loss: 0.8024 (61 batches)
loss_per_epoch_list on epoch 19 is [0.7063648593230326, 0.6656749316903411, 0.6393831880366216, 0.6925923619113985, 0.6768118426448009, 0.6595925102468396, 0.7022407817058876, 0.6420516723492107, 0.688287479955642, 0.6351315007835138, 0.6682803689456377, 0.6580744121895462, 0.6563254037841422, 0.7174049410663668, 0.6493212482968315, 0.6932837044606444, 0.8178063455175181, 0.7186537854007033, 0.8024357752721818]

Checkpoint saved at /cluster/tufts/capstone25skyblue/eelkus01/NEXRADTurbulencePrediction/model_training/trained_model_outputs/resnet_42_model_checkpoint.pth for l2_alpha_idx: 1, fold 4, and epoch 19
BEGINNING EPOCH 20
[Epoch 20, Batch    50] avg loss: 0.4424
[Epoch 20, Batch   100] avg loss: 0.4118
[Epoch 20, Batch   150] avg loss: 0.4129
[Epoch 20, Batch   200] avg loss: 0.4057
[Epoch 20, Batch   250] avg loss: 0.3897
[Epoch 20, Batch   300] avg loss: 0.4063
Validation loss: 0.8591 (61 batches)
loss_per_epoch_list on epoch 20 is [0.7063648593230326, 0.6656749316903411, 0.6393831880366216, 0.6925923619113985, 0.6768118426448009, 0.6595925102468396, 0.7022407817058876, 0.6420516723492107, 0.688287479955642, 0.6351315007835138, 0.6682803689456377, 0.6580744121895462, 0.6563254037841422, 0.7174049410663668, 0.6493212482968315, 0.6932837044606444, 0.8178063455175181, 0.7186537854007033, 0.8024357752721818, 0.8590579873225728]

Checkpoint saved at /cluster/tufts/capstone25skyblue/eelkus01/NEXRADTurbulencePrediction/model_training/trained_model_outputs/resnet_42_model_checkpoint.pth for l2_alpha_idx: 1, fold 4, and epoch 20
BEGINNING EPOCH 21
[Epoch 21, Batch    50] avg loss: 0.3780
[Epoch 21, Batch   100] avg loss: 0.3872
[Epoch 21, Batch   150] avg loss: 0.3736
[Epoch 21, Batch   200] avg loss: 0.3521
[Epoch 21, Batch   250] avg loss: 0.3492
[Epoch 21, Batch   300] avg loss: 0.3559
Validation loss: 1.0262 (61 batches)
loss_per_epoch_list on epoch 21 is [0.7063648593230326, 0.6656749316903411, 0.6393831880366216, 0.6925923619113985, 0.6768118426448009, 0.6595925102468396, 0.7022407817058876, 0.6420516723492107, 0.688287479955642, 0.6351315007835138, 0.6682803689456377, 0.6580744121895462, 0.6563254037841422, 0.7174049410663668, 0.6493212482968315, 0.6932837044606444, 0.8178063455175181, 0.7186537854007033, 0.8024357752721818, 0.8590579873225728, 1.0261856835396563]

Checkpoint saved at /cluster/tufts/capstone25skyblue/eelkus01/NEXRADTurbulencePrediction/model_training/trained_model_outputs/resnet_42_model_checkpoint.pth for l2_alpha_idx: 1, fold 4, and epoch 21
BEGINNING EPOCH 22
[Epoch 22, Batch    50] avg loss: 0.3746
[Epoch 22, Batch   100] avg loss: 0.3363
[Epoch 22, Batch   150] avg loss: 0.3532
[Epoch 22, Batch   200] avg loss: 0.3196
[Epoch 22, Batch   250] avg loss: 0.3018
[Epoch 22, Batch   300] avg loss: 0.3151
Validation loss: 1.0490 (61 batches)
loss_per_epoch_list on epoch 22 is [0.7063648593230326, 0.6656749316903411, 0.6393831880366216, 0.6925923619113985, 0.6768118426448009, 0.6595925102468396, 0.7022407817058876, 0.6420516723492107, 0.688287479955642, 0.6351315007835138, 0.6682803689456377, 0.6580744121895462, 0.6563254037841422, 0.7174049410663668, 0.6493212482968315, 0.6932837044606444, 0.8178063455175181, 0.7186537854007033, 0.8024357752721818, 0.8590579873225728, 1.0261856835396563, 1.0490471515499178]

Checkpoint saved at /cluster/tufts/capstone25skyblue/eelkus01/NEXRADTurbulencePrediction/model_training/trained_model_outputs/resnet_42_model_checkpoint.pth for l2_alpha_idx: 1, fold 4, and epoch 22
BEGINNING EPOCH 23
[Epoch 23, Batch    50] avg loss: 0.2994
[Epoch 23, Batch   100] avg loss: 0.2874
[Epoch 23, Batch   150] avg loss: 0.2850
[Epoch 23, Batch   200] avg loss: 0.2826
[Epoch 23, Batch   250] avg loss: 0.3103
[Epoch 23, Batch   300] avg loss: 0.2863
Validation loss: 1.1733 (61 batches)
loss_per_epoch_list on epoch 23 is [0.7063648593230326, 0.6656749316903411, 0.6393831880366216, 0.6925923619113985, 0.6768118426448009, 0.6595925102468396, 0.7022407817058876, 0.6420516723492107, 0.688287479955642, 0.6351315007835138, 0.6682803689456377, 0.6580744121895462, 0.6563254037841422, 0.7174049410663668, 0.6493212482968315, 0.6932837044606444, 0.8178063455175181, 0.7186537854007033, 0.8024357752721818, 0.8590579873225728, 1.0261856835396563, 1.0490471515499178, 1.1733375025577233]

Checkpoint saved at /cluster/tufts/capstone25skyblue/eelkus01/NEXRADTurbulencePrediction/model_training/trained_model_outputs/resnet_42_model_checkpoint.pth for l2_alpha_idx: 1, fold 4, and epoch 23
BEGINNING EPOCH 24
[Epoch 24, Batch    50] avg loss: 0.3333
[Epoch 24, Batch   100] avg loss: 0.2687
[Epoch 24, Batch   150] avg loss: 0.2563
[Epoch 24, Batch   200] avg loss: 0.2757
[Epoch 24, Batch   250] avg loss: 0.2698
[Epoch 24, Batch   300] avg loss: 0.2550
Validation loss: 1.3328 (61 batches)
loss_per_epoch_list on epoch 24 is [0.7063648593230326, 0.6656749316903411, 0.6393831880366216, 0.6925923619113985, 0.6768118426448009, 0.6595925102468396, 0.7022407817058876, 0.6420516723492107, 0.688287479955642, 0.6351315007835138, 0.6682803689456377, 0.6580744121895462, 0.6563254037841422, 0.7174049410663668, 0.6493212482968315, 0.6932837044606444, 0.8178063455175181, 0.7186537854007033, 0.8024357752721818, 0.8590579873225728, 1.0261856835396563, 1.0490471515499178, 1.1733375025577233, 1.3327842589284553]

Checkpoint saved at /cluster/tufts/capstone25skyblue/eelkus01/NEXRADTurbulencePrediction/model_training/trained_model_outputs/resnet_42_model_checkpoint.pth for l2_alpha_idx: 1, fold 4, and epoch 24
BEGINNING EPOCH 25
[Epoch 25, Batch    50] avg loss: 0.2430
[Epoch 25, Batch   100] avg loss: 0.2356
[Epoch 25, Batch   150] avg loss: 0.2665
[Epoch 25, Batch   200] avg loss: 0.2284
[Epoch 25, Batch   250] avg loss: 0.2206
[Epoch 25, Batch   300] avg loss: 0.1959
Validation loss: 1.4906 (61 batches)
loss_per_epoch_list on epoch 25 is [0.7063648593230326, 0.6656749316903411, 0.6393831880366216, 0.6925923619113985, 0.6768118426448009, 0.6595925102468396, 0.7022407817058876, 0.6420516723492107, 0.688287479955642, 0.6351315007835138, 0.6682803689456377, 0.6580744121895462, 0.6563254037841422, 0.7174049410663668, 0.6493212482968315, 0.6932837044606444, 0.8178063455175181, 0.7186537854007033, 0.8024357752721818, 0.8590579873225728, 1.0261856835396563, 1.0490471515499178, 1.1733375025577233, 1.3327842589284553, 1.4905543395730316]

Checkpoint saved at /cluster/tufts/capstone25skyblue/eelkus01/NEXRADTurbulencePrediction/model_training/trained_model_outputs/resnet_42_model_checkpoint.pth for l2_alpha_idx: 1, fold 4, and epoch 25
BEGINNING EPOCH 26
[Epoch 26, Batch    50] avg loss: 0.2504
[Epoch 26, Batch   100] avg loss: 0.2216
[Epoch 26, Batch   150] avg loss: 0.2040
[Epoch 26, Batch   200] avg loss: 0.2200
[Epoch 26, Batch   250] avg loss: 0.2078
[Epoch 26, Batch   300] avg loss: 0.2000
Validation loss: 1.4374 (61 batches)
loss_per_epoch_list on epoch 26 is [0.7063648593230326, 0.6656749316903411, 0.6393831880366216, 0.6925923619113985, 0.6768118426448009, 0.6595925102468396, 0.7022407817058876, 0.6420516723492107, 0.688287479955642, 0.6351315007835138, 0.6682803689456377, 0.6580744121895462, 0.6563254037841422, 0.7174049410663668, 0.6493212482968315, 0.6932837044606444, 0.8178063455175181, 0.7186537854007033, 0.8024357752721818, 0.8590579873225728, 1.0261856835396563, 1.0490471515499178, 1.1733375025577233, 1.3327842589284553, 1.4905543395730316, 1.437437952541914]

Checkpoint saved at /cluster/tufts/capstone25skyblue/eelkus01/NEXRADTurbulencePrediction/model_training/trained_model_outputs/resnet_42_model_checkpoint.pth for l2_alpha_idx: 1, fold 4, and epoch 26
BEGINNING EPOCH 27
[Epoch 27, Batch    50] avg loss: 0.1841
[Epoch 27, Batch   100] avg loss: 0.1967
[Epoch 27, Batch   150] avg loss: 0.2208
[Epoch 27, Batch   200] avg loss: 0.1899
[Epoch 27, Batch   250] avg loss: 0.1682
[Epoch 27, Batch   300] avg loss: 0.2025
Validation loss: 1.4639 (61 batches)
loss_per_epoch_list on epoch 27 is [0.7063648593230326, 0.6656749316903411, 0.6393831880366216, 0.6925923619113985, 0.6768118426448009, 0.6595925102468396, 0.7022407817058876, 0.6420516723492107, 0.688287479955642, 0.6351315007835138, 0.6682803689456377, 0.6580744121895462, 0.6563254037841422, 0.7174049410663668, 0.6493212482968315, 0.6932837044606444, 0.8178063455175181, 0.7186537854007033, 0.8024357752721818, 0.8590579873225728, 1.0261856835396563, 1.0490471515499178, 1.1733375025577233, 1.3327842589284553, 1.4905543395730316, 1.437437952541914, 1.4638656495047397]

Checkpoint saved at /cluster/tufts/capstone25skyblue/eelkus01/NEXRADTurbulencePrediction/model_training/trained_model_outputs/resnet_42_model_checkpoint.pth for l2_alpha_idx: 1, fold 4, and epoch 27
BEGINNING EPOCH 28
[Epoch 28, Batch    50] avg loss: 0.1766
[Epoch 28, Batch   100] avg loss: 0.1664
[Epoch 28, Batch   150] avg loss: 0.1719
[Epoch 28, Batch   200] avg loss: 0.1583
[Epoch 28, Batch   250] avg loss: 0.1566
[Epoch 28, Batch   300] avg loss: 0.1707
Validation loss: 1.4869 (61 batches)
loss_per_epoch_list on epoch 28 is [0.7063648593230326, 0.6656749316903411, 0.6393831880366216, 0.6925923619113985, 0.6768118426448009, 0.6595925102468396, 0.7022407817058876, 0.6420516723492107, 0.688287479955642, 0.6351315007835138, 0.6682803689456377, 0.6580744121895462, 0.6563254037841422, 0.7174049410663668, 0.6493212482968315, 0.6932837044606444, 0.8178063455175181, 0.7186537854007033, 0.8024357752721818, 0.8590579873225728, 1.0261856835396563, 1.0490471515499178, 1.1733375025577233, 1.3327842589284553, 1.4905543395730316, 1.437437952541914, 1.4638656495047397, 1.4868754568647167]

Checkpoint saved at /cluster/tufts/capstone25skyblue/eelkus01/NEXRADTurbulencePrediction/model_training/trained_model_outputs/resnet_42_model_checkpoint.pth for l2_alpha_idx: 1, fold 4, and epoch 28
BEGINNING EPOCH 29
[Epoch 29, Batch    50] avg loss: 0.1712
[Epoch 29, Batch   100] avg loss: 0.1363
[Epoch 29, Batch   150] avg loss: 0.1749
[Epoch 29, Batch   200] avg loss: 0.1391
[Epoch 29, Batch   250] avg loss: 0.1455
[Epoch 29, Batch   300] avg loss: 0.1583
Validation loss: 1.5547 (61 batches)
loss_per_epoch_list on epoch 29 is [0.7063648593230326, 0.6656749316903411, 0.6393831880366216, 0.6925923619113985, 0.6768118426448009, 0.6595925102468396, 0.7022407817058876, 0.6420516723492107, 0.688287479955642, 0.6351315007835138, 0.6682803689456377, 0.6580744121895462, 0.6563254037841422, 0.7174049410663668, 0.6493212482968315, 0.6932837044606444, 0.8178063455175181, 0.7186537854007033, 0.8024357752721818, 0.8590579873225728, 1.0261856835396563, 1.0490471515499178, 1.1733375025577233, 1.3327842589284553, 1.4905543395730316, 1.437437952541914, 1.4638656495047397, 1.4868754568647167, 1.5547176814470134]

Checkpoint saved at /cluster/tufts/capstone25skyblue/eelkus01/NEXRADTurbulencePrediction/model_training/trained_model_outputs/resnet_42_model_checkpoint.pth for l2_alpha_idx: 1, fold 4, and epoch 29
Fold 4 had loss: 1.5547176814470134 on its last epoch

Fold 5 with l2_alpha = 0.01
Train subset size: 19254, Validation subset size: 3850
BEGINNING EPOCH 1
[Epoch 1, Batch    50] avg loss: 3.1734
[Epoch 1, Batch   100] avg loss: 0.8823
[Epoch 1, Batch   150] avg loss: 0.7793
[Epoch 1, Batch   200] avg loss: 0.7444
[Epoch 1, Batch   250] avg loss: 0.7401
[Epoch 1, Batch   300] avg loss: 0.7033
Validation loss: 0.7027 (61 batches)
loss_per_epoch_list on epoch 1 is [0.7026755555731351]

Checkpoint saved at /cluster/tufts/capstone25skyblue/eelkus01/NEXRADTurbulencePrediction/model_training/trained_model_outputs/resnet_42_model_checkpoint.pth for l2_alpha_idx: 1, fold 5, and epoch 1
BEGINNING EPOCH 2
[Epoch 2, Batch    50] avg loss: 0.6942
[Epoch 2, Batch   100] avg loss: 0.7022
[Epoch 2, Batch   150] avg loss: 0.6973
[Epoch 2, Batch   200] avg loss: 0.7017
[Epoch 2, Batch   250] avg loss: 0.6792
[Epoch 2, Batch   300] avg loss: 0.6794
Validation loss: 0.7161 (61 batches)
loss_per_epoch_list on epoch 2 is [0.7026755555731351, 0.7161354021947892]

Checkpoint saved at /cluster/tufts/capstone25skyblue/eelkus01/NEXRADTurbulencePrediction/model_training/trained_model_outputs/resnet_42_model_checkpoint.pth for l2_alpha_idx: 1, fold 5, and epoch 2
BEGINNING EPOCH 3
[Epoch 3, Batch    50] avg loss: 0.6943
[Epoch 3, Batch   100] avg loss: 0.6794
[Epoch 3, Batch   150] avg loss: 0.6736
[Epoch 3, Batch   200] avg loss: 0.6696
[Epoch 3, Batch   250] avg loss: 0.6708
[Epoch 3, Batch   300] avg loss: 0.6710
Validation loss: 0.6611 (61 batches)
loss_per_epoch_list on epoch 3 is [0.7026755555731351, 0.7161354021947892, 0.661102695543258]

Checkpoint saved at /cluster/tufts/capstone25skyblue/eelkus01/NEXRADTurbulencePrediction/model_training/trained_model_outputs/resnet_42_model_checkpoint.pth for l2_alpha_idx: 1, fold 5, and epoch 3
BEGINNING EPOCH 4
[Epoch 4, Batch    50] avg loss: 0.6633
[Epoch 4, Batch   100] avg loss: 0.6704
[Epoch 4, Batch   150] avg loss: 0.6572
[Epoch 4, Batch   200] avg loss: 0.6643
[Epoch 4, Batch   250] avg loss: 0.6609
[Epoch 4, Batch   300] avg loss: 0.6616
Validation loss: 0.6598 (61 batches)
loss_per_epoch_list on epoch 4 is [0.7026755555731351, 0.7161354021947892, 0.661102695543258, 0.6597967939298661]

Checkpoint saved at /cluster/tufts/capstone25skyblue/eelkus01/NEXRADTurbulencePrediction/model_training/trained_model_outputs/resnet_42_model_checkpoint.pth for l2_alpha_idx: 1, fold 5, and epoch 4
BEGINNING EPOCH 5
[Epoch 5, Batch    50] avg loss: 0.6578
[Epoch 5, Batch   100] avg loss: 0.6599
[Epoch 5, Batch   150] avg loss: 0.6564
[Epoch 5, Batch   200] avg loss: 0.6534
[Epoch 5, Batch   250] avg loss: 0.6618
[Epoch 5, Batch   300] avg loss: 0.6475
Validation loss: 0.7040 (61 batches)
loss_per_epoch_list on epoch 5 is [0.7026755555731351, 0.7161354021947892, 0.661102695543258, 0.6597967939298661, 0.7040193041817087]

Checkpoint saved at /cluster/tufts/capstone25skyblue/eelkus01/NEXRADTurbulencePrediction/model_training/trained_model_outputs/resnet_42_model_checkpoint.pth for l2_alpha_idx: 1, fold 5, and epoch 5
BEGINNING EPOCH 6
[Epoch 6, Batch    50] avg loss: 0.6553
[Epoch 6, Batch   100] avg loss: 0.6497
[Epoch 6, Batch   150] avg loss: 0.6556
[Epoch 6, Batch   200] avg loss: 0.6423
[Epoch 6, Batch   250] avg loss: 0.6473
[Epoch 6, Batch   300] avg loss: 0.6496
Validation loss: 0.6703 (61 batches)
loss_per_epoch_list on epoch 6 is [0.7026755555731351, 0.7161354021947892, 0.661102695543258, 0.6597967939298661, 0.7040193041817087, 0.670319215196078]

Checkpoint saved at /cluster/tufts/capstone25skyblue/eelkus01/NEXRADTurbulencePrediction/model_training/trained_model_outputs/resnet_42_model_checkpoint.pth for l2_alpha_idx: 1, fold 5, and epoch 6
BEGINNING EPOCH 7
[Epoch 7, Batch    50] avg loss: 0.6487
[Epoch 7, Batch   100] avg loss: 0.6537
[Epoch 7, Batch   150] avg loss: 0.6534
[Epoch 7, Batch   200] avg loss: 0.6529
[Epoch 7, Batch   250] avg loss: 0.6437
[Epoch 7, Batch   300] avg loss: 0.6482
Validation loss: 0.6239 (61 batches)
loss_per_epoch_list on epoch 7 is [0.7026755555731351, 0.7161354021947892, 0.661102695543258, 0.6597967939298661, 0.7040193041817087, 0.670319215196078, 0.6239217402505093]

Checkpoint saved at /cluster/tufts/capstone25skyblue/eelkus01/NEXRADTurbulencePrediction/model_training/trained_model_outputs/resnet_42_model_checkpoint.pth for l2_alpha_idx: 1, fold 5, and epoch 7
BEGINNING EPOCH 8
[Epoch 8, Batch    50] avg loss: 0.6421
[Epoch 8, Batch   100] avg loss: 0.6393
[Epoch 8, Batch   150] avg loss: 0.6427
[Epoch 8, Batch   200] avg loss: 0.6441
[Epoch 8, Batch   250] avg loss: 0.6444
[Epoch 8, Batch   300] avg loss: 0.6403
Validation loss: 0.6393 (61 batches)
loss_per_epoch_list on epoch 8 is [0.7026755555731351, 0.7161354021947892, 0.661102695543258, 0.6597967939298661, 0.7040193041817087, 0.670319215196078, 0.6239217402505093, 0.6393296063923445]

Checkpoint saved at /cluster/tufts/capstone25skyblue/eelkus01/NEXRADTurbulencePrediction/model_training/trained_model_outputs/resnet_42_model_checkpoint.pth for l2_alpha_idx: 1, fold 5, and epoch 8
BEGINNING EPOCH 9
[Epoch 9, Batch    50] avg loss: 0.6376
[Epoch 9, Batch   100] avg loss: 0.6369
[Epoch 9, Batch   150] avg loss: 0.6395
[Epoch 9, Batch   200] avg loss: 0.6402
[Epoch 9, Batch   250] avg loss: 0.6250
[Epoch 9, Batch   300] avg loss: 0.6404
Validation loss: 0.6427 (61 batches)
loss_per_epoch_list on epoch 9 is [0.7026755555731351, 0.7161354021947892, 0.661102695543258, 0.6597967939298661, 0.7040193041817087, 0.670319215196078, 0.6239217402505093, 0.6393296063923445, 0.6427378928075071]

Checkpoint saved at /cluster/tufts/capstone25skyblue/eelkus01/NEXRADTurbulencePrediction/model_training/trained_model_outputs/resnet_42_model_checkpoint.pth for l2_alpha_idx: 1, fold 5, and epoch 9
BEGINNING EPOCH 10
[Epoch 10, Batch    50] avg loss: 0.6231
[Epoch 10, Batch   100] avg loss: 0.6383
[Epoch 10, Batch   150] avg loss: 0.6372
[Epoch 10, Batch   200] avg loss: 0.6301
[Epoch 10, Batch   250] avg loss: 0.6266
[Epoch 10, Batch   300] avg loss: 0.6246
Validation loss: 0.6652 (61 batches)
loss_per_epoch_list on epoch 10 is [0.7026755555731351, 0.7161354021947892, 0.661102695543258, 0.6597967939298661, 0.7040193041817087, 0.670319215196078, 0.6239217402505093, 0.6393296063923445, 0.6427378928075071, 0.665172809460124]

Checkpoint saved at /cluster/tufts/capstone25skyblue/eelkus01/NEXRADTurbulencePrediction/model_training/trained_model_outputs/resnet_42_model_checkpoint.pth for l2_alpha_idx: 1, fold 5, and epoch 10
BEGINNING EPOCH 11
[Epoch 11, Batch    50] avg loss: 0.6246
[Epoch 11, Batch   100] avg loss: 0.6241
[Epoch 11, Batch   150] avg loss: 0.6299
[Epoch 11, Batch   200] avg loss: 0.6196
[Epoch 11, Batch   250] avg loss: 0.6158
[Epoch 11, Batch   300] avg loss: 0.6185
Validation loss: 0.6864 (61 batches)
loss_per_epoch_list on epoch 11 is [0.7026755555731351, 0.7161354021947892, 0.661102695543258, 0.6597967939298661, 0.7040193041817087, 0.670319215196078, 0.6239217402505093, 0.6393296063923445, 0.6427378928075071, 0.665172809460124, 0.6863587283697284]

Checkpoint saved at /cluster/tufts/capstone25skyblue/eelkus01/NEXRADTurbulencePrediction/model_training/trained_model_outputs/resnet_42_model_checkpoint.pth for l2_alpha_idx: 1, fold 5, and epoch 11
BEGINNING EPOCH 12
[Epoch 12, Batch    50] avg loss: 0.6267
[Epoch 12, Batch   100] avg loss: 0.6094
[Epoch 12, Batch   150] avg loss: 0.6004
[Epoch 12, Batch   200] avg loss: 0.6097
[Epoch 12, Batch   250] avg loss: 0.6204
[Epoch 12, Batch   300] avg loss: 0.6038
Validation loss: 0.6651 (61 batches)
loss_per_epoch_list on epoch 12 is [0.7026755555731351, 0.7161354021947892, 0.661102695543258, 0.6597967939298661, 0.7040193041817087, 0.670319215196078, 0.6239217402505093, 0.6393296063923445, 0.6427378928075071, 0.665172809460124, 0.6863587283697284, 0.6650595244814138]

Checkpoint saved at /cluster/tufts/capstone25skyblue/eelkus01/NEXRADTurbulencePrediction/model_training/trained_model_outputs/resnet_42_model_checkpoint.pth for l2_alpha_idx: 1, fold 5, and epoch 12
BEGINNING EPOCH 13
[Epoch 13, Batch    50] avg loss: 0.6115
[Epoch 13, Batch   100] avg loss: 0.5960
[Epoch 13, Batch   150] avg loss: 0.6068
[Epoch 13, Batch   200] avg loss: 0.6145
[Epoch 13, Batch   250] avg loss: 0.5997
[Epoch 13, Batch   300] avg loss: 0.5966
Validation loss: 0.6907 (61 batches)
loss_per_epoch_list on epoch 13 is [0.7026755555731351, 0.7161354021947892, 0.661102695543258, 0.6597967939298661, 0.7040193041817087, 0.670319215196078, 0.6239217402505093, 0.6393296063923445, 0.6427378928075071, 0.665172809460124, 0.6863587283697284, 0.6650595244814138, 0.6907023083968241]

Checkpoint saved at /cluster/tufts/capstone25skyblue/eelkus01/NEXRADTurbulencePrediction/model_training/trained_model_outputs/resnet_42_model_checkpoint.pth for l2_alpha_idx: 1, fold 5, and epoch 13
BEGINNING EPOCH 14
[Epoch 14, Batch    50] avg loss: 0.5829
[Epoch 14, Batch   100] avg loss: 0.5997
[Epoch 14, Batch   150] avg loss: 0.5743
[Epoch 14, Batch   200] avg loss: 0.5697
[Epoch 14, Batch   250] avg loss: 0.5763
[Epoch 14, Batch   300] avg loss: 0.5780
Validation loss: 0.6612 (61 batches)
loss_per_epoch_list on epoch 14 is [0.7026755555731351, 0.7161354021947892, 0.661102695543258, 0.6597967939298661, 0.7040193041817087, 0.670319215196078, 0.6239217402505093, 0.6393296063923445, 0.6427378928075071, 0.665172809460124, 0.6863587283697284, 0.6650595244814138, 0.6907023083968241, 0.6611653488190448]

Checkpoint saved at /cluster/tufts/capstone25skyblue/eelkus01/NEXRADTurbulencePrediction/model_training/trained_model_outputs/resnet_42_model_checkpoint.pth for l2_alpha_idx: 1, fold 5, and epoch 14
BEGINNING EPOCH 15
[Epoch 15, Batch    50] avg loss: 0.5479
[Epoch 15, Batch   100] avg loss: 0.5772
[Epoch 15, Batch   150] avg loss: 0.5594
[Epoch 15, Batch   200] avg loss: 0.5471
[Epoch 15, Batch   250] avg loss: 0.5517
[Epoch 15, Batch   300] avg loss: 0.5494
Validation loss: 0.7489 (61 batches)
loss_per_epoch_list on epoch 15 is [0.7026755555731351, 0.7161354021947892, 0.661102695543258, 0.6597967939298661, 0.7040193041817087, 0.670319215196078, 0.6239217402505093, 0.6393296063923445, 0.6427378928075071, 0.665172809460124, 0.6863587283697284, 0.6650595244814138, 0.6907023083968241, 0.6611653488190448, 0.7488673124157015]

Checkpoint saved at /cluster/tufts/capstone25skyblue/eelkus01/NEXRADTurbulencePrediction/model_training/trained_model_outputs/resnet_42_model_checkpoint.pth for l2_alpha_idx: 1, fold 5, and epoch 15
BEGINNING EPOCH 16
[Epoch 16, Batch    50] avg loss: 0.5473
[Epoch 16, Batch   100] avg loss: 0.5272
[Epoch 16, Batch   150] avg loss: 0.5337
[Epoch 16, Batch   200] avg loss: 0.5113
[Epoch 16, Batch   250] avg loss: 0.5383
[Epoch 16, Batch   300] avg loss: 0.5082
Validation loss: 0.7559 (61 batches)
loss_per_epoch_list on epoch 16 is [0.7026755555731351, 0.7161354021947892, 0.661102695543258, 0.6597967939298661, 0.7040193041817087, 0.670319215196078, 0.6239217402505093, 0.6393296063923445, 0.6427378928075071, 0.665172809460124, 0.6863587283697284, 0.6650595244814138, 0.6907023083968241, 0.6611653488190448, 0.7488673124157015, 0.7558608084428505]

Checkpoint saved at /cluster/tufts/capstone25skyblue/eelkus01/NEXRADTurbulencePrediction/model_training/trained_model_outputs/resnet_42_model_checkpoint.pth for l2_alpha_idx: 1, fold 5, and epoch 16
BEGINNING EPOCH 17
[Epoch 17, Batch    50] avg loss: 0.5184
[Epoch 17, Batch   100] avg loss: 0.4868
[Epoch 17, Batch   150] avg loss: 0.4916
[Epoch 17, Batch   200] avg loss: 0.5026
[Epoch 17, Batch   250] avg loss: 0.4894
[Epoch 17, Batch   300] avg loss: 0.4630
Validation loss: 0.7205 (61 batches)
loss_per_epoch_list on epoch 17 is [0.7026755555731351, 0.7161354021947892, 0.661102695543258, 0.6597967939298661, 0.7040193041817087, 0.670319215196078, 0.6239217402505093, 0.6393296063923445, 0.6427378928075071, 0.665172809460124, 0.6863587283697284, 0.6650595244814138, 0.6907023083968241, 0.6611653488190448, 0.7488673124157015, 0.7558608084428505, 0.7205054447299144]

Checkpoint saved at /cluster/tufts/capstone25skyblue/eelkus01/NEXRADTurbulencePrediction/model_training/trained_model_outputs/resnet_42_model_checkpoint.pth for l2_alpha_idx: 1, fold 5, and epoch 17
BEGINNING EPOCH 18
[Epoch 18, Batch    50] avg loss: 0.4779
[Epoch 18, Batch   100] avg loss: 0.4707
[Epoch 18, Batch   150] avg loss: 0.4607
[Epoch 18, Batch   200] avg loss: 0.4580
[Epoch 18, Batch   250] avg loss: 0.4516
[Epoch 18, Batch   300] avg loss: 0.4255
Validation loss: 0.8870 (61 batches)
loss_per_epoch_list on epoch 18 is [0.7026755555731351, 0.7161354021947892, 0.661102695543258, 0.6597967939298661, 0.7040193041817087, 0.670319215196078, 0.6239217402505093, 0.6393296063923445, 0.6427378928075071, 0.665172809460124, 0.6863587283697284, 0.6650595244814138, 0.6907023083968241, 0.6611653488190448, 0.7488673124157015, 0.7558608084428505, 0.7205054447299144, 0.8869695091833834]

Checkpoint saved at /cluster/tufts/capstone25skyblue/eelkus01/NEXRADTurbulencePrediction/model_training/trained_model_outputs/resnet_42_model_checkpoint.pth for l2_alpha_idx: 1, fold 5, and epoch 18
BEGINNING EPOCH 19
[Epoch 19, Batch    50] avg loss: 0.4327
[Epoch 19, Batch   100] avg loss: 0.4411
[Epoch 19, Batch   150] avg loss: 0.4224
[Epoch 19, Batch   200] avg loss: 0.4047
[Epoch 19, Batch   250] avg loss: 0.4266
[Epoch 19, Batch   300] avg loss: 0.3869
Validation loss: 0.9193 (61 batches)
loss_per_epoch_list on epoch 19 is [0.7026755555731351, 0.7161354021947892, 0.661102695543258, 0.6597967939298661, 0.7040193041817087, 0.670319215196078, 0.6239217402505093, 0.6393296063923445, 0.6427378928075071, 0.665172809460124, 0.6863587283697284, 0.6650595244814138, 0.6907023083968241, 0.6611653488190448, 0.7488673124157015, 0.7558608084428505, 0.7205054447299144, 0.8869695091833834, 0.9193109459564334]

Checkpoint saved at /cluster/tufts/capstone25skyblue/eelkus01/NEXRADTurbulencePrediction/model_training/trained_model_outputs/resnet_42_model_checkpoint.pth for l2_alpha_idx: 1, fold 5, and epoch 19
BEGINNING EPOCH 20
[Epoch 20, Batch    50] avg loss: 0.3908
[Epoch 20, Batch   100] avg loss: 0.3874
[Epoch 20, Batch   150] avg loss: 0.4033
[Epoch 20, Batch   200] avg loss: 0.3658
[Epoch 20, Batch   250] avg loss: 0.3492
[Epoch 20, Batch   300] avg loss: 0.3464
Validation loss: 1.0008 (61 batches)
loss_per_epoch_list on epoch 20 is [0.7026755555731351, 0.7161354021947892, 0.661102695543258, 0.6597967939298661, 0.7040193041817087, 0.670319215196078, 0.6239217402505093, 0.6393296063923445, 0.6427378928075071, 0.665172809460124, 0.6863587283697284, 0.6650595244814138, 0.6907023083968241, 0.6611653488190448, 0.7488673124157015, 0.7558608084428505, 0.7205054447299144, 0.8869695091833834, 0.9193109459564334, 1.0007884678293446]

Checkpoint saved at /cluster/tufts/capstone25skyblue/eelkus01/NEXRADTurbulencePrediction/model_training/trained_model_outputs/resnet_42_model_checkpoint.pth for l2_alpha_idx: 1, fold 5, and epoch 20
BEGINNING EPOCH 21
[Epoch 21, Batch    50] avg loss: 0.3485
[Epoch 21, Batch   100] avg loss: 0.3316
[Epoch 21, Batch   150] avg loss: 0.3229
[Epoch 21, Batch   200] avg loss: 0.3273
[Epoch 21, Batch   250] avg loss: 0.3195
[Epoch 21, Batch   300] avg loss: 0.3225
Validation loss: 1.1013 (61 batches)
loss_per_epoch_list on epoch 21 is [0.7026755555731351, 0.7161354021947892, 0.661102695543258, 0.6597967939298661, 0.7040193041817087, 0.670319215196078, 0.6239217402505093, 0.6393296063923445, 0.6427378928075071, 0.665172809460124, 0.6863587283697284, 0.6650595244814138, 0.6907023083968241, 0.6611653488190448, 0.7488673124157015, 0.7558608084428505, 0.7205054447299144, 0.8869695091833834, 0.9193109459564334, 1.0007884678293446, 1.1012734477637245]

Checkpoint saved at /cluster/tufts/capstone25skyblue/eelkus01/NEXRADTurbulencePrediction/model_training/trained_model_outputs/resnet_42_model_checkpoint.pth for l2_alpha_idx: 1, fold 5, and epoch 21
BEGINNING EPOCH 22
[Epoch 22, Batch    50] avg loss: 0.3343
[Epoch 22, Batch   100] avg loss: 0.3125
[Epoch 22, Batch   150] avg loss: 0.3007
[Epoch 22, Batch   200] avg loss: 0.3129
[Epoch 22, Batch   250] avg loss: 0.2921
[Epoch 22, Batch   300] avg loss: 0.2917
Validation loss: 1.1163 (61 batches)
loss_per_epoch_list on epoch 22 is [0.7026755555731351, 0.7161354021947892, 0.661102695543258, 0.6597967939298661, 0.7040193041817087, 0.670319215196078, 0.6239217402505093, 0.6393296063923445, 0.6427378928075071, 0.665172809460124, 0.6863587283697284, 0.6650595244814138, 0.6907023083968241, 0.6611653488190448, 0.7488673124157015, 0.7558608084428505, 0.7205054447299144, 0.8869695091833834, 0.9193109459564334, 1.0007884678293446, 1.1012734477637245, 1.1163185082498144]

Checkpoint saved at /cluster/tufts/capstone25skyblue/eelkus01/NEXRADTurbulencePrediction/model_training/trained_model_outputs/resnet_42_model_checkpoint.pth for l2_alpha_idx: 1, fold 5, and epoch 22
BEGINNING EPOCH 23
[Epoch 23, Batch    50] avg loss: 0.2661
[Epoch 23, Batch   100] avg loss: 0.3004
[Epoch 23, Batch   150] avg loss: 0.2558
[Epoch 23, Batch   200] avg loss: 0.2914
[Epoch 23, Batch   250] avg loss: 0.2671
[Epoch 23, Batch   300] avg loss: 0.2764
Validation loss: 1.0588 (61 batches)
loss_per_epoch_list on epoch 23 is [0.7026755555731351, 0.7161354021947892, 0.661102695543258, 0.6597967939298661, 0.7040193041817087, 0.670319215196078, 0.6239217402505093, 0.6393296063923445, 0.6427378928075071, 0.665172809460124, 0.6863587283697284, 0.6650595244814138, 0.6907023083968241, 0.6611653488190448, 0.7488673124157015, 0.7558608084428505, 0.7205054447299144, 0.8869695091833834, 0.9193109459564334, 1.0007884678293446, 1.1012734477637245, 1.1163185082498144, 1.0587549072797182]

Checkpoint saved at /cluster/tufts/capstone25skyblue/eelkus01/NEXRADTurbulencePrediction/model_training/trained_model_outputs/resnet_42_model_checkpoint.pth for l2_alpha_idx: 1, fold 5, and epoch 23
BEGINNING EPOCH 24
[Epoch 24, Batch    50] avg loss: 0.2515
[Epoch 24, Batch   100] avg loss: 0.2634
[Epoch 24, Batch   150] avg loss: 0.2393
[Epoch 24, Batch   200] avg loss: 0.2571
[Epoch 24, Batch   250] avg loss: 0.2294
[Epoch 24, Batch   300] avg loss: 0.2405
Validation loss: 1.2664 (61 batches)
loss_per_epoch_list on epoch 24 is [0.7026755555731351, 0.7161354021947892, 0.661102695543258, 0.6597967939298661, 0.7040193041817087, 0.670319215196078, 0.6239217402505093, 0.6393296063923445, 0.6427378928075071, 0.665172809460124, 0.6863587283697284, 0.6650595244814138, 0.6907023083968241, 0.6611653488190448, 0.7488673124157015, 0.7558608084428505, 0.7205054447299144, 0.8869695091833834, 0.9193109459564334, 1.0007884678293446, 1.1012734477637245, 1.1163185082498144, 1.0587549072797182, 1.266422917608355]

Checkpoint saved at /cluster/tufts/capstone25skyblue/eelkus01/NEXRADTurbulencePrediction/model_training/trained_model_outputs/resnet_42_model_checkpoint.pth for l2_alpha_idx: 1, fold 5, and epoch 24
BEGINNING EPOCH 25
[Epoch 25, Batch    50] avg loss: 0.2336
[Epoch 25, Batch   100] avg loss: 0.2357
[Epoch 25, Batch   150] avg loss: 0.2225
[Epoch 25, Batch   200] avg loss: 0.2221
[Epoch 25, Batch   250] avg loss: 0.2268
[Epoch 25, Batch   300] avg loss: 0.2099
Validation loss: 1.3801 (61 batches)
loss_per_epoch_list on epoch 25 is [0.7026755555731351, 0.7161354021947892, 0.661102695543258, 0.6597967939298661, 0.7040193041817087, 0.670319215196078, 0.6239217402505093, 0.6393296063923445, 0.6427378928075071, 0.665172809460124, 0.6863587283697284, 0.6650595244814138, 0.6907023083968241, 0.6611653488190448, 0.7488673124157015, 0.7558608084428505, 0.7205054447299144, 0.8869695091833834, 0.9193109459564334, 1.0007884678293446, 1.1012734477637245, 1.1163185082498144, 1.0587549072797182, 1.266422917608355, 1.3800833508616588]

Checkpoint saved at /cluster/tufts/capstone25skyblue/eelkus01/NEXRADTurbulencePrediction/model_training/trained_model_outputs/resnet_42_model_checkpoint.pth for l2_alpha_idx: 1, fold 5, and epoch 25
BEGINNING EPOCH 26
[Epoch 26, Batch    50] avg loss: 0.1966
[Epoch 26, Batch   100] avg loss: 0.2166
[Epoch 26, Batch   150] avg loss: 0.2000
[Epoch 26, Batch   200] avg loss: 0.1995
[Epoch 26, Batch   250] avg loss: 0.2161
[Epoch 26, Batch   300] avg loss: 0.1958
Validation loss: 1.5721 (61 batches)
loss_per_epoch_list on epoch 26 is [0.7026755555731351, 0.7161354021947892, 0.661102695543258, 0.6597967939298661, 0.7040193041817087, 0.670319215196078, 0.6239217402505093, 0.6393296063923445, 0.6427378928075071, 0.665172809460124, 0.6863587283697284, 0.6650595244814138, 0.6907023083968241, 0.6611653488190448, 0.7488673124157015, 0.7558608084428505, 0.7205054447299144, 0.8869695091833834, 0.9193109459564334, 1.0007884678293446, 1.1012734477637245, 1.1163185082498144, 1.0587549072797182, 1.266422917608355, 1.3800833508616588, 1.5721377417689464]

Checkpoint saved at /cluster/tufts/capstone25skyblue/eelkus01/NEXRADTurbulencePrediction/model_training/trained_model_outputs/resnet_42_model_checkpoint.pth for l2_alpha_idx: 1, fold 5, and epoch 26
BEGINNING EPOCH 27
[Epoch 27, Batch    50] avg loss: 0.1911
[Epoch 27, Batch   100] avg loss: 0.1914
[Epoch 27, Batch   150] avg loss: 0.1825
[Epoch 27, Batch   200] avg loss: 0.1746
[Epoch 27, Batch   250] avg loss: 0.1733
[Epoch 27, Batch   300] avg loss: 0.1735
Validation loss: 1.6335 (61 batches)
loss_per_epoch_list on epoch 27 is [0.7026755555731351, 0.7161354021947892, 0.661102695543258, 0.6597967939298661, 0.7040193041817087, 0.670319215196078, 0.6239217402505093, 0.6393296063923445, 0.6427378928075071, 0.665172809460124, 0.6863587283697284, 0.6650595244814138, 0.6907023083968241, 0.6611653488190448, 0.7488673124157015, 0.7558608084428505, 0.7205054447299144, 0.8869695091833834, 0.9193109459564334, 1.0007884678293446, 1.1012734477637245, 1.1163185082498144, 1.0587549072797182, 1.266422917608355, 1.3800833508616588, 1.5721377417689464, 1.633486181009011]

Checkpoint saved at /cluster/tufts/capstone25skyblue/eelkus01/NEXRADTurbulencePrediction/model_training/trained_model_outputs/resnet_42_model_checkpoint.pth for l2_alpha_idx: 1, fold 5, and epoch 27
BEGINNING EPOCH 28
[Epoch 28, Batch    50] avg loss: 0.1836
[Epoch 28, Batch   100] avg loss: 0.1726
[Epoch 28, Batch   150] avg loss: 0.1601
[Epoch 28, Batch   200] avg loss: 0.1646
[Epoch 28, Batch   250] avg loss: 0.1781
[Epoch 28, Batch   300] avg loss: 0.1820
Validation loss: 1.5599 (61 batches)
loss_per_epoch_list on epoch 28 is [0.7026755555731351, 0.7161354021947892, 0.661102695543258, 0.6597967939298661, 0.7040193041817087, 0.670319215196078, 0.6239217402505093, 0.6393296063923445, 0.6427378928075071, 0.665172809460124, 0.6863587283697284, 0.6650595244814138, 0.6907023083968241, 0.6611653488190448, 0.7488673124157015, 0.7558608084428505, 0.7205054447299144, 0.8869695091833834, 0.9193109459564334, 1.0007884678293446, 1.1012734477637245, 1.1163185082498144, 1.0587549072797182, 1.266422917608355, 1.3800833508616588, 1.5721377417689464, 1.633486181009011, 1.559853295810887]

Checkpoint saved at /cluster/tufts/capstone25skyblue/eelkus01/NEXRADTurbulencePrediction/model_training/trained_model_outputs/resnet_42_model_checkpoint.pth for l2_alpha_idx: 1, fold 5, and epoch 28
BEGINNING EPOCH 29
[Epoch 29, Batch    50] avg loss: 0.1610
[Epoch 29, Batch   100] avg loss: 0.1595
[Epoch 29, Batch   150] avg loss: 0.1565
[Epoch 29, Batch   200] avg loss: 0.1537
[Epoch 29, Batch   250] avg loss: 0.1690
[Epoch 29, Batch   300] avg loss: 0.1766
Validation loss: 1.7185 (61 batches)
loss_per_epoch_list on epoch 29 is [0.7026755555731351, 0.7161354021947892, 0.661102695543258, 0.6597967939298661, 0.7040193041817087, 0.670319215196078, 0.6239217402505093, 0.6393296063923445, 0.6427378928075071, 0.665172809460124, 0.6863587283697284, 0.6650595244814138, 0.6907023083968241, 0.6611653488190448, 0.7488673124157015, 0.7558608084428505, 0.7205054447299144, 0.8869695091833834, 0.9193109459564334, 1.0007884678293446, 1.1012734477637245, 1.1163185082498144, 1.0587549072797182, 1.266422917608355, 1.3800833508616588, 1.5721377417689464, 1.633486181009011, 1.559853295810887, 1.7185363280968589]

Checkpoint saved at /cluster/tufts/capstone25skyblue/eelkus01/NEXRADTurbulencePrediction/model_training/trained_model_outputs/resnet_42_model_checkpoint.pth for l2_alpha_idx: 1, fold 5, and epoch 29
Fold 5 had loss: 1.7185363280968589 on its last epoch

l2_loss_list is now [1.2917223858540174, 1.3938170453238357]

Beginning 6-fold Cross Validation with l2_alpha = 0.001
Fold 0 with l2_alpha = 0.001
Train subset size: 19253, Validation subset size: 3851
BEGINNING EPOCH 1
[Epoch 1, Batch    50] avg loss: 9.0510
[Epoch 1, Batch   100] avg loss: 1.3948
[Epoch 1, Batch   150] avg loss: 0.9529
[Epoch 1, Batch   200] avg loss: 0.7728
[Epoch 1, Batch   250] avg loss: 0.7412
[Epoch 1, Batch   300] avg loss: 0.7124
Validation loss: 0.7126 (61 batches)
loss_per_epoch_list on epoch 1 is [0.7126187047020334]

Checkpoint saved at /cluster/tufts/capstone25skyblue/eelkus01/NEXRADTurbulencePrediction/model_training/trained_model_outputs/resnet_42_model_checkpoint.pth for l2_alpha_idx: 2, fold 0, and epoch 1
BEGINNING EPOCH 2
[Epoch 2, Batch    50] avg loss: 0.7215
[Epoch 2, Batch   100] avg loss: 0.7087
[Epoch 2, Batch   150] avg loss: 0.7045
[Epoch 2, Batch   200] avg loss: 0.7474
[Epoch 2, Batch   250] avg loss: 0.7030
[Epoch 2, Batch   300] avg loss: 0.6984
Validation loss: 0.6979 (61 batches)
loss_per_epoch_list on epoch 2 is [0.7126187047020334, 0.6979304210084384]

Checkpoint saved at /cluster/tufts/capstone25skyblue/eelkus01/NEXRADTurbulencePrediction/model_training/trained_model_outputs/resnet_42_model_checkpoint.pth for l2_alpha_idx: 2, fold 0, and epoch 2
BEGINNING EPOCH 3
[Epoch 3, Batch    50] avg loss: 0.7071
[Epoch 3, Batch   100] avg loss: 0.7106
[Epoch 3, Batch   150] avg loss: 0.7134
[Epoch 3, Batch   200] avg loss: 0.7179
[Epoch 3, Batch   250] avg loss: 0.7033
[Epoch 3, Batch   300] avg loss: 0.6955
Validation loss: 0.7097 (61 batches)
loss_per_epoch_list on epoch 3 is [0.7126187047020334, 0.6979304210084384, 0.7097268104553223]

Checkpoint saved at /cluster/tufts/capstone25skyblue/eelkus01/NEXRADTurbulencePrediction/model_training/trained_model_outputs/resnet_42_model_checkpoint.pth for l2_alpha_idx: 2, fold 0, and epoch 3
BEGINNING EPOCH 4
[Epoch 4, Batch    50] avg loss: 0.6969
[Epoch 4, Batch   100] avg loss: 0.7028
[Epoch 4, Batch   150] avg loss: 0.6920
[Epoch 4, Batch   200] avg loss: 0.6903
[Epoch 4, Batch   250] avg loss: 0.6977
[Epoch 4, Batch   300] avg loss: 0.6934
Validation loss: 0.6867 (61 batches)
loss_per_epoch_list on epoch 4 is [0.7126187047020334, 0.6979304210084384, 0.7097268104553223, 0.6867204826386248]

Checkpoint saved at /cluster/tufts/capstone25skyblue/eelkus01/NEXRADTurbulencePrediction/model_training/trained_model_outputs/resnet_42_model_checkpoint.pth for l2_alpha_idx: 2, fold 0, and epoch 4
BEGINNING EPOCH 5
[Epoch 5, Batch    50] avg loss: 0.6993
[Epoch 5, Batch   100] avg loss: 0.6950
[Epoch 5, Batch   150] avg loss: 0.6994
[Epoch 5, Batch   200] avg loss: 0.6918
[Epoch 5, Batch   250] avg loss: 0.6924
[Epoch 5, Batch   300] avg loss: 0.6948
Validation loss: 0.6892 (61 batches)
loss_per_epoch_list on epoch 5 is [0.7126187047020334, 0.6979304210084384, 0.7097268104553223, 0.6867204826386248, 0.6892211964873017]

Checkpoint saved at /cluster/tufts/capstone25skyblue/eelkus01/NEXRADTurbulencePrediction/model_training/trained_model_outputs/resnet_42_model_checkpoint.pth for l2_alpha_idx: 2, fold 0, and epoch 5
BEGINNING EPOCH 6
[Epoch 6, Batch    50] avg loss: 0.6892
[Epoch 6, Batch   100] avg loss: 0.6949
[Epoch 6, Batch   150] avg loss: 0.7108
[Epoch 6, Batch   200] avg loss: 0.6960
[Epoch 6, Batch   250] avg loss: 0.6931
[Epoch 6, Batch   300] avg loss: 0.7067
Validation loss: 0.6986 (61 batches)
loss_per_epoch_list on epoch 6 is [0.7126187047020334, 0.6979304210084384, 0.7097268104553223, 0.6867204826386248, 0.6892211964873017, 0.6985623660634775]

Checkpoint saved at /cluster/tufts/capstone25skyblue/eelkus01/NEXRADTurbulencePrediction/model_training/trained_model_outputs/resnet_42_model_checkpoint.pth for l2_alpha_idx: 2, fold 0, and epoch 6
BEGINNING EPOCH 7
[Epoch 7, Batch    50] avg loss: 0.6906
[Epoch 7, Batch   100] avg loss: 0.6911
[Epoch 7, Batch   150] avg loss: 0.6935
[Epoch 7, Batch   200] avg loss: 0.6921
[Epoch 7, Batch   250] avg loss: 0.7062
[Epoch 7, Batch   300] avg loss: 0.6983
Validation loss: 0.6921 (61 batches)
loss_per_epoch_list on epoch 7 is [0.7126187047020334, 0.6979304210084384, 0.7097268104553223, 0.6867204826386248, 0.6892211964873017, 0.6985623660634775, 0.6921101789005467]

Checkpoint saved at /cluster/tufts/capstone25skyblue/eelkus01/NEXRADTurbulencePrediction/model_training/trained_model_outputs/resnet_42_model_checkpoint.pth for l2_alpha_idx: 2, fold 0, and epoch 7
BEGINNING EPOCH 8
[Epoch 8, Batch    50] avg loss: 0.6890
[Epoch 8, Batch   100] avg loss: 0.6963
[Epoch 8, Batch   150] avg loss: 0.6944
[Epoch 8, Batch   200] avg loss: 0.6951
[Epoch 8, Batch   250] avg loss: 0.6932
[Epoch 8, Batch   300] avg loss: 0.6877
Validation loss: 0.6818 (61 batches)
loss_per_epoch_list on epoch 8 is [0.7126187047020334, 0.6979304210084384, 0.7097268104553223, 0.6867204826386248, 0.6892211964873017, 0.6985623660634775, 0.6921101789005467, 0.6818136006105141]

Checkpoint saved at /cluster/tufts/capstone25skyblue/eelkus01/NEXRADTurbulencePrediction/model_training/trained_model_outputs/resnet_42_model_checkpoint.pth for l2_alpha_idx: 2, fold 0, and epoch 8
BEGINNING EPOCH 9
[Epoch 9, Batch    50] avg loss: 0.6909
[Epoch 9, Batch   100] avg loss: 0.6872
[Epoch 9, Batch   150] avg loss: 0.6932
[Epoch 9, Batch   200] avg loss: 0.6888
[Epoch 9, Batch   250] avg loss: 0.6872
[Epoch 9, Batch   300] avg loss: 0.6905
Validation loss: 0.6824 (61 batches)
loss_per_epoch_list on epoch 9 is [0.7126187047020334, 0.6979304210084384, 0.7097268104553223, 0.6867204826386248, 0.6892211964873017, 0.6985623660634775, 0.6921101789005467, 0.6818136006105141, 0.6823825220592686]

Checkpoint saved at /cluster/tufts/capstone25skyblue/eelkus01/NEXRADTurbulencePrediction/model_training/trained_model_outputs/resnet_42_model_checkpoint.pth for l2_alpha_idx: 2, fold 0, and epoch 9
BEGINNING EPOCH 10
[Epoch 10, Batch    50] avg loss: 0.6899
[Epoch 10, Batch   100] avg loss: 0.6919
[Epoch 10, Batch   150] avg loss: 0.6874
[Epoch 10, Batch   200] avg loss: 0.6851
[Epoch 10, Batch   250] avg loss: 0.6899
[Epoch 10, Batch   300] avg loss: 0.6825
Validation loss: 0.7137 (61 batches)
loss_per_epoch_list on epoch 10 is [0.7126187047020334, 0.6979304210084384, 0.7097268104553223, 0.6867204826386248, 0.6892211964873017, 0.6985623660634775, 0.6921101789005467, 0.6818136006105141, 0.6823825220592686, 0.7137075242449026]

Checkpoint saved at /cluster/tufts/capstone25skyblue/eelkus01/NEXRADTurbulencePrediction/model_training/trained_model_outputs/resnet_42_model_checkpoint.pth for l2_alpha_idx: 2, fold 0, and epoch 10
BEGINNING EPOCH 11
[Epoch 11, Batch    50] avg loss: 0.6817
[Epoch 11, Batch   100] avg loss: 0.6817
[Epoch 11, Batch   150] avg loss: 0.6864
[Epoch 11, Batch   200] avg loss: 0.6786
[Epoch 11, Batch   250] avg loss: 0.6881
[Epoch 11, Batch   300] avg loss: 0.6875
Validation loss: 0.6776 (61 batches)
loss_per_epoch_list on epoch 11 is [0.7126187047020334, 0.6979304210084384, 0.7097268104553223, 0.6867204826386248, 0.6892211964873017, 0.6985623660634775, 0.6921101789005467, 0.6818136006105141, 0.6823825220592686, 0.7137075242449026, 0.6775564228902098]

Checkpoint saved at /cluster/tufts/capstone25skyblue/eelkus01/NEXRADTurbulencePrediction/model_training/trained_model_outputs/resnet_42_model_checkpoint.pth for l2_alpha_idx: 2, fold 0, and epoch 11
BEGINNING EPOCH 12
[Epoch 12, Batch    50] avg loss: 0.6826
[Epoch 12, Batch   100] avg loss: 0.6905
[Epoch 12, Batch   150] avg loss: 0.6831
[Epoch 12, Batch   200] avg loss: 0.6847
[Epoch 12, Batch   250] avg loss: 0.6825
[Epoch 12, Batch   300] avg loss: 0.6876
Validation loss: 0.6913 (61 batches)
loss_per_epoch_list on epoch 12 is [0.7126187047020334, 0.6979304210084384, 0.7097268104553223, 0.6867204826386248, 0.6892211964873017, 0.6985623660634775, 0.6921101789005467, 0.6818136006105141, 0.6823825220592686, 0.7137075242449026, 0.6775564228902098, 0.6913184572438724]

Checkpoint saved at /cluster/tufts/capstone25skyblue/eelkus01/NEXRADTurbulencePrediction/model_training/trained_model_outputs/resnet_42_model_checkpoint.pth for l2_alpha_idx: 2, fold 0, and epoch 12
BEGINNING EPOCH 13
[Epoch 13, Batch    50] avg loss: 0.6824
[Epoch 13, Batch   100] avg loss: 0.6812
[Epoch 13, Batch   150] avg loss: 0.6881
[Epoch 13, Batch   200] avg loss: 0.6791
[Epoch 13, Batch   250] avg loss: 0.6841
[Epoch 13, Batch   300] avg loss: 0.6764
Validation loss: 0.6834 (61 batches)
loss_per_epoch_list on epoch 13 is [0.7126187047020334, 0.6979304210084384, 0.7097268104553223, 0.6867204826386248, 0.6892211964873017, 0.6985623660634775, 0.6921101789005467, 0.6818136006105141, 0.6823825220592686, 0.7137075242449026, 0.6775564228902098, 0.6913184572438724, 0.683429904648515]

Checkpoint saved at /cluster/tufts/capstone25skyblue/eelkus01/NEXRADTurbulencePrediction/model_training/trained_model_outputs/resnet_42_model_checkpoint.pth for l2_alpha_idx: 2, fold 0, and epoch 13
BEGINNING EPOCH 14
[Epoch 14, Batch    50] avg loss: 0.6841
[Epoch 14, Batch   100] avg loss: 0.6707
[Epoch 14, Batch   150] avg loss: 0.6826
[Epoch 14, Batch   200] avg loss: 0.6796
[Epoch 14, Batch   250] avg loss: 0.6818
[Epoch 14, Batch   300] avg loss: 0.6815
Validation loss: 0.6695 (61 batches)
loss_per_epoch_list on epoch 14 is [0.7126187047020334, 0.6979304210084384, 0.7097268104553223, 0.6867204826386248, 0.6892211964873017, 0.6985623660634775, 0.6921101789005467, 0.6818136006105141, 0.6823825220592686, 0.7137075242449026, 0.6775564228902098, 0.6913184572438724, 0.683429904648515, 0.6694939742322827]

Checkpoint saved at /cluster/tufts/capstone25skyblue/eelkus01/NEXRADTurbulencePrediction/model_training/trained_model_outputs/resnet_42_model_checkpoint.pth for l2_alpha_idx: 2, fold 0, and epoch 14
BEGINNING EPOCH 15
[Epoch 15, Batch    50] avg loss: 0.6814
[Epoch 15, Batch   100] avg loss: 0.6750
[Epoch 15, Batch   150] avg loss: 0.6714
[Epoch 15, Batch   200] avg loss: 0.6773
[Epoch 15, Batch   250] avg loss: 0.6791
[Epoch 15, Batch   300] avg loss: 0.6758
Validation loss: 0.6785 (61 batches)
loss_per_epoch_list on epoch 15 is [0.7126187047020334, 0.6979304210084384, 0.7097268104553223, 0.6867204826386248, 0.6892211964873017, 0.6985623660634775, 0.6921101789005467, 0.6818136006105141, 0.6823825220592686, 0.7137075242449026, 0.6775564228902098, 0.6913184572438724, 0.683429904648515, 0.6694939742322827, 0.6784598973930859]

Checkpoint saved at /cluster/tufts/capstone25skyblue/eelkus01/NEXRADTurbulencePrediction/model_training/trained_model_outputs/resnet_42_model_checkpoint.pth for l2_alpha_idx: 2, fold 0, and epoch 15
BEGINNING EPOCH 16
[Epoch 16, Batch    50] avg loss: 0.6790
[Epoch 16, Batch   100] avg loss: 0.6802
[Epoch 16, Batch   150] avg loss: 0.6804
[Epoch 16, Batch   200] avg loss: 0.6795
[Epoch 16, Batch   250] avg loss: 0.6788
[Epoch 16, Batch   300] avg loss: 0.6729
Validation loss: 0.6753 (61 batches)
loss_per_epoch_list on epoch 16 is [0.7126187047020334, 0.6979304210084384, 0.7097268104553223, 0.6867204826386248, 0.6892211964873017, 0.6985623660634775, 0.6921101789005467, 0.6818136006105141, 0.6823825220592686, 0.7137075242449026, 0.6775564228902098, 0.6913184572438724, 0.683429904648515, 0.6694939742322827, 0.6784598973930859, 0.6753225355851845]

Checkpoint saved at /cluster/tufts/capstone25skyblue/eelkus01/NEXRADTurbulencePrediction/model_training/trained_model_outputs/resnet_42_model_checkpoint.pth for l2_alpha_idx: 2, fold 0, and epoch 16
BEGINNING EPOCH 17
[Epoch 17, Batch    50] avg loss: 0.6743
[Epoch 17, Batch   100] avg loss: 0.6846
[Epoch 17, Batch   150] avg loss: 0.6753
[Epoch 17, Batch   200] avg loss: 0.6684
[Epoch 17, Batch   250] avg loss: 0.6638
[Epoch 17, Batch   300] avg loss: 0.6774
Validation loss: 0.6607 (61 batches)
loss_per_epoch_list on epoch 17 is [0.7126187047020334, 0.6979304210084384, 0.7097268104553223, 0.6867204826386248, 0.6892211964873017, 0.6985623660634775, 0.6921101789005467, 0.6818136006105141, 0.6823825220592686, 0.7137075242449026, 0.6775564228902098, 0.6913184572438724, 0.683429904648515, 0.6694939742322827, 0.6784598973930859, 0.6753225355851845, 0.6606888946939687]

Checkpoint saved at /cluster/tufts/capstone25skyblue/eelkus01/NEXRADTurbulencePrediction/model_training/trained_model_outputs/resnet_42_model_checkpoint.pth for l2_alpha_idx: 2, fold 0, and epoch 17
BEGINNING EPOCH 18
[Epoch 18, Batch    50] avg loss: 0.6739
[Epoch 18, Batch   100] avg loss: 0.6725
[Epoch 18, Batch   150] avg loss: 0.6730
[Epoch 18, Batch   200] avg loss: 0.6694
[Epoch 18, Batch   250] avg loss: 0.6724
[Epoch 18, Batch   300] avg loss: 0.6817
Validation loss: 0.6732 (61 batches)
loss_per_epoch_list on epoch 18 is [0.7126187047020334, 0.6979304210084384, 0.7097268104553223, 0.6867204826386248, 0.6892211964873017, 0.6985623660634775, 0.6921101789005467, 0.6818136006105141, 0.6823825220592686, 0.7137075242449026, 0.6775564228902098, 0.6913184572438724, 0.683429904648515, 0.6694939742322827, 0.6784598973930859, 0.6753225355851845, 0.6606888946939687, 0.6732092323850413]

Checkpoint saved at /cluster/tufts/capstone25skyblue/eelkus01/NEXRADTurbulencePrediction/model_training/trained_model_outputs/resnet_42_model_checkpoint.pth for l2_alpha_idx: 2, fold 0, and epoch 18
BEGINNING EPOCH 19
[Epoch 19, Batch    50] avg loss: 0.6691
[Epoch 19, Batch   100] avg loss: 0.6752
[Epoch 19, Batch   150] avg loss: 0.6732
[Epoch 19, Batch   200] avg loss: 0.6726
[Epoch 19, Batch   250] avg loss: 0.6692
[Epoch 19, Batch   300] avg loss: 0.6638
Validation loss: 0.7463 (61 batches)
loss_per_epoch_list on epoch 19 is [0.7126187047020334, 0.6979304210084384, 0.7097268104553223, 0.6867204826386248, 0.6892211964873017, 0.6985623660634775, 0.6921101789005467, 0.6818136006105141, 0.6823825220592686, 0.7137075242449026, 0.6775564228902098, 0.6913184572438724, 0.683429904648515, 0.6694939742322827, 0.6784598973930859, 0.6753225355851845, 0.6606888946939687, 0.6732092323850413, 0.7462515029750887]

Checkpoint saved at /cluster/tufts/capstone25skyblue/eelkus01/NEXRADTurbulencePrediction/model_training/trained_model_outputs/resnet_42_model_checkpoint.pth for l2_alpha_idx: 2, fold 0, and epoch 19
BEGINNING EPOCH 20
[Epoch 20, Batch    50] avg loss: 0.6850
[Epoch 20, Batch   100] avg loss: 0.6658
[Epoch 20, Batch   150] avg loss: 0.6713
[Epoch 20, Batch   200] avg loss: 0.6717
[Epoch 20, Batch   250] avg loss: 0.6750
[Epoch 20, Batch   300] avg loss: 0.6710
Validation loss: 0.6794 (61 batches)
loss_per_epoch_list on epoch 20 is [0.7126187047020334, 0.6979304210084384, 0.7097268104553223, 0.6867204826386248, 0.6892211964873017, 0.6985623660634775, 0.6921101789005467, 0.6818136006105141, 0.6823825220592686, 0.7137075242449026, 0.6775564228902098, 0.6913184572438724, 0.683429904648515, 0.6694939742322827, 0.6784598973930859, 0.6753225355851845, 0.6606888946939687, 0.6732092323850413, 0.7462515029750887, 0.6793823017448676]

Checkpoint saved at /cluster/tufts/capstone25skyblue/eelkus01/NEXRADTurbulencePrediction/model_training/trained_model_outputs/resnet_42_model_checkpoint.pth for l2_alpha_idx: 2, fold 0, and epoch 20
BEGINNING EPOCH 21
[Epoch 21, Batch    50] avg loss: 0.6695
[Epoch 21, Batch   100] avg loss: 0.6841
[Epoch 21, Batch   150] avg loss: 0.6805
[Epoch 21, Batch   200] avg loss: 0.6720
[Epoch 21, Batch   250] avg loss: 0.6751
[Epoch 21, Batch   300] avg loss: 0.6655
Validation loss: 0.6704 (61 batches)
loss_per_epoch_list on epoch 21 is [0.7126187047020334, 0.6979304210084384, 0.7097268104553223, 0.6867204826386248, 0.6892211964873017, 0.6985623660634775, 0.6921101789005467, 0.6818136006105141, 0.6823825220592686, 0.7137075242449026, 0.6775564228902098, 0.6913184572438724, 0.683429904648515, 0.6694939742322827, 0.6784598973930859, 0.6753225355851845, 0.6606888946939687, 0.6732092323850413, 0.7462515029750887, 0.6793823017448676, 0.6704248414664972]

Checkpoint saved at /cluster/tufts/capstone25skyblue/eelkus01/NEXRADTurbulencePrediction/model_training/trained_model_outputs/resnet_42_model_checkpoint.pth for l2_alpha_idx: 2, fold 0, and epoch 21
BEGINNING EPOCH 22
[Epoch 22, Batch    50] avg loss: 0.6654
[Epoch 22, Batch   100] avg loss: 0.6618
[Epoch 22, Batch   150] avg loss: 0.6737
[Epoch 22, Batch   200] avg loss: 0.6674
[Epoch 22, Batch   250] avg loss: 0.6592
[Epoch 22, Batch   300] avg loss: 0.6635
Validation loss: 0.6727 (61 batches)
loss_per_epoch_list on epoch 22 is [0.7126187047020334, 0.6979304210084384, 0.7097268104553223, 0.6867204826386248, 0.6892211964873017, 0.6985623660634775, 0.6921101789005467, 0.6818136006105141, 0.6823825220592686, 0.7137075242449026, 0.6775564228902098, 0.6913184572438724, 0.683429904648515, 0.6694939742322827, 0.6784598973930859, 0.6753225355851845, 0.6606888946939687, 0.6732092323850413, 0.7462515029750887, 0.6793823017448676, 0.6704248414664972, 0.6726758636412073]

Checkpoint saved at /cluster/tufts/capstone25skyblue/eelkus01/NEXRADTurbulencePrediction/model_training/trained_model_outputs/resnet_42_model_checkpoint.pth for l2_alpha_idx: 2, fold 0, and epoch 22
BEGINNING EPOCH 23
[Epoch 23, Batch    50] avg loss: 0.6642
[Epoch 23, Batch   100] avg loss: 0.6656
[Epoch 23, Batch   150] avg loss: 0.6645
[Epoch 23, Batch   200] avg loss: 0.6577
[Epoch 23, Batch   250] avg loss: 0.6664
[Epoch 23, Batch   300] avg loss: 0.6730
Validation loss: 0.6587 (61 batches)
loss_per_epoch_list on epoch 23 is [0.7126187047020334, 0.6979304210084384, 0.7097268104553223, 0.6867204826386248, 0.6892211964873017, 0.6985623660634775, 0.6921101789005467, 0.6818136006105141, 0.6823825220592686, 0.7137075242449026, 0.6775564228902098, 0.6913184572438724, 0.683429904648515, 0.6694939742322827, 0.6784598973930859, 0.6753225355851845, 0.6606888946939687, 0.6732092323850413, 0.7462515029750887, 0.6793823017448676, 0.6704248414664972, 0.6726758636412073, 0.6587458897809513]

Checkpoint saved at /cluster/tufts/capstone25skyblue/eelkus01/NEXRADTurbulencePrediction/model_training/trained_model_outputs/resnet_42_model_checkpoint.pth for l2_alpha_idx: 2, fold 0, and epoch 23
BEGINNING EPOCH 24
[Epoch 24, Batch    50] avg loss: 0.6633
[Epoch 24, Batch   100] avg loss: 0.6572
[Epoch 24, Batch   150] avg loss: 0.6589
[Epoch 24, Batch   200] avg loss: 0.6692
[Epoch 24, Batch   250] avg loss: 0.6509
[Epoch 24, Batch   300] avg loss: 0.6565
Validation loss: 0.6648 (61 batches)
loss_per_epoch_list on epoch 24 is [0.7126187047020334, 0.6979304210084384, 0.7097268104553223, 0.6867204826386248, 0.6892211964873017, 0.6985623660634775, 0.6921101789005467, 0.6818136006105141, 0.6823825220592686, 0.7137075242449026, 0.6775564228902098, 0.6913184572438724, 0.683429904648515, 0.6694939742322827, 0.6784598973930859, 0.6753225355851845, 0.6606888946939687, 0.6732092323850413, 0.7462515029750887, 0.6793823017448676, 0.6704248414664972, 0.6726758636412073, 0.6587458897809513, 0.6648113502830756]

Checkpoint saved at /cluster/tufts/capstone25skyblue/eelkus01/NEXRADTurbulencePrediction/model_training/trained_model_outputs/resnet_42_model_checkpoint.pth for l2_alpha_idx: 2, fold 0, and epoch 24
BEGINNING EPOCH 25
[Epoch 25, Batch    50] avg loss: 0.6571
[Epoch 25, Batch   100] avg loss: 0.6543
[Epoch 25, Batch   150] avg loss: 0.6614
[Epoch 25, Batch   200] avg loss: 0.6601
[Epoch 25, Batch   250] avg loss: 0.6544
[Epoch 25, Batch   300] avg loss: 0.6483
Validation loss: 0.6468 (61 batches)
loss_per_epoch_list on epoch 25 is [0.7126187047020334, 0.6979304210084384, 0.7097268104553223, 0.6867204826386248, 0.6892211964873017, 0.6985623660634775, 0.6921101789005467, 0.6818136006105141, 0.6823825220592686, 0.7137075242449026, 0.6775564228902098, 0.6913184572438724, 0.683429904648515, 0.6694939742322827, 0.6784598973930859, 0.6753225355851845, 0.6606888946939687, 0.6732092323850413, 0.7462515029750887, 0.6793823017448676, 0.6704248414664972, 0.6726758636412073, 0.6587458897809513, 0.6648113502830756, 0.6468480766796675]

Checkpoint saved at /cluster/tufts/capstone25skyblue/eelkus01/NEXRADTurbulencePrediction/model_training/trained_model_outputs/resnet_42_model_checkpoint.pth for l2_alpha_idx: 2, fold 0, and epoch 25
BEGINNING EPOCH 26
[Epoch 26, Batch    50] avg loss: 0.6567
[Epoch 26, Batch   100] avg loss: 0.6596
[Epoch 26, Batch   150] avg loss: 0.6577
[Epoch 26, Batch   200] avg loss: 0.6597
[Epoch 26, Batch   250] avg loss: 0.6601
[Epoch 26, Batch   300] avg loss: 0.6548
Validation loss: 0.6505 (61 batches)
loss_per_epoch_list on epoch 26 is [0.7126187047020334, 0.6979304210084384, 0.7097268104553223, 0.6867204826386248, 0.6892211964873017, 0.6985623660634775, 0.6921101789005467, 0.6818136006105141, 0.6823825220592686, 0.7137075242449026, 0.6775564228902098, 0.6913184572438724, 0.683429904648515, 0.6694939742322827, 0.6784598973930859, 0.6753225355851845, 0.6606888946939687, 0.6732092323850413, 0.7462515029750887, 0.6793823017448676, 0.6704248414664972, 0.6726758636412073, 0.6587458897809513, 0.6648113502830756, 0.6468480766796675, 0.6505016391394568]

Checkpoint saved at /cluster/tufts/capstone25skyblue/eelkus01/NEXRADTurbulencePrediction/model_training/trained_model_outputs/resnet_42_model_checkpoint.pth for l2_alpha_idx: 2, fold 0, and epoch 26
BEGINNING EPOCH 27
[Epoch 27, Batch    50] avg loss: 0.6570
[Epoch 27, Batch   100] avg loss: 0.6539
[Epoch 27, Batch   150] avg loss: 0.6584
[Epoch 27, Batch   200] avg loss: 0.6427
[Epoch 27, Batch   250] avg loss: 0.6608
[Epoch 27, Batch   300] avg loss: 0.6589
Validation loss: 0.6739 (61 batches)
loss_per_epoch_list on epoch 27 is [0.7126187047020334, 0.6979304210084384, 0.7097268104553223, 0.6867204826386248, 0.6892211964873017, 0.6985623660634775, 0.6921101789005467, 0.6818136006105141, 0.6823825220592686, 0.7137075242449026, 0.6775564228902098, 0.6913184572438724, 0.683429904648515, 0.6694939742322827, 0.6784598973930859, 0.6753225355851845, 0.6606888946939687, 0.6732092323850413, 0.7462515029750887, 0.6793823017448676, 0.6704248414664972, 0.6726758636412073, 0.6587458897809513, 0.6648113502830756, 0.6468480766796675, 0.6505016391394568, 0.6738769070046847]

Checkpoint saved at /cluster/tufts/capstone25skyblue/eelkus01/NEXRADTurbulencePrediction/model_training/trained_model_outputs/resnet_42_model_checkpoint.pth for l2_alpha_idx: 2, fold 0, and epoch 27
BEGINNING EPOCH 28
[Epoch 28, Batch    50] avg loss: 0.6504
[Epoch 28, Batch   100] avg loss: 0.6514
[Epoch 28, Batch   150] avg loss: 0.6464
[Epoch 28, Batch   200] avg loss: 0.6504
[Epoch 28, Batch   250] avg loss: 0.6515
[Epoch 28, Batch   300] avg loss: 0.6462
Validation loss: 0.6521 (61 batches)
loss_per_epoch_list on epoch 28 is [0.7126187047020334, 0.6979304210084384, 0.7097268104553223, 0.6867204826386248, 0.6892211964873017, 0.6985623660634775, 0.6921101789005467, 0.6818136006105141, 0.6823825220592686, 0.7137075242449026, 0.6775564228902098, 0.6913184572438724, 0.683429904648515, 0.6694939742322827, 0.6784598973930859, 0.6753225355851845, 0.6606888946939687, 0.6732092323850413, 0.7462515029750887, 0.6793823017448676, 0.6704248414664972, 0.6726758636412073, 0.6587458897809513, 0.6648113502830756, 0.6468480766796675, 0.6505016391394568, 0.6738769070046847, 0.6521244137013544]

Checkpoint saved at /cluster/tufts/capstone25skyblue/eelkus01/NEXRADTurbulencePrediction/model_training/trained_model_outputs/resnet_42_model_checkpoint.pth for l2_alpha_idx: 2, fold 0, and epoch 28
BEGINNING EPOCH 29
[Epoch 29, Batch    50] avg loss: 0.6486
[Epoch 29, Batch   100] avg loss: 0.6510
[Epoch 29, Batch   150] avg loss: 0.6507
[Epoch 29, Batch   200] avg loss: 0.6478
[Epoch 29, Batch   250] avg loss: 0.6559
[Epoch 29, Batch   300] avg loss: 0.6431
Validation loss: 0.6703 (61 batches)
loss_per_epoch_list on epoch 29 is [0.7126187047020334, 0.6979304210084384, 0.7097268104553223, 0.6867204826386248, 0.6892211964873017, 0.6985623660634775, 0.6921101789005467, 0.6818136006105141, 0.6823825220592686, 0.7137075242449026, 0.6775564228902098, 0.6913184572438724, 0.683429904648515, 0.6694939742322827, 0.6784598973930859, 0.6753225355851845, 0.6606888946939687, 0.6732092323850413, 0.7462515029750887, 0.6793823017448676, 0.6704248414664972, 0.6726758636412073, 0.6587458897809513, 0.6648113502830756, 0.6468480766796675, 0.6505016391394568, 0.6738769070046847, 0.6521244137013544, 0.6702577305621789]

Checkpoint saved at /cluster/tufts/capstone25skyblue/eelkus01/NEXRADTurbulencePrediction/model_training/trained_model_outputs/resnet_42_model_checkpoint.pth for l2_alpha_idx: 2, fold 0, and epoch 29
Fold 0 had loss: 0.6702577305621789 on its last epoch

Fold 1 with l2_alpha = 0.001
Train subset size: 19253, Validation subset size: 3851
BEGINNING EPOCH 1
[Epoch 1, Batch    50] avg loss: 3.9088
[Epoch 1, Batch   100] avg loss: 0.7627
[Epoch 1, Batch   150] avg loss: 0.7643
[Epoch 1, Batch   200] avg loss: 0.8656
[Epoch 1, Batch   250] avg loss: 0.7738
[Epoch 1, Batch   300] avg loss: 0.7684
Validation loss: 0.6657 (61 batches)
loss_per_epoch_list on epoch 1 is [0.6657470982582843]

Checkpoint saved at /cluster/tufts/capstone25skyblue/eelkus01/NEXRADTurbulencePrediction/model_training/trained_model_outputs/resnet_42_model_checkpoint.pth for l2_alpha_idx: 2, fold 1, and epoch 1
BEGINNING EPOCH 2
[Epoch 2, Batch    50] avg loss: 0.7276
[Epoch 2, Batch   100] avg loss: 0.7320
[Epoch 2, Batch   150] avg loss: 0.6980
[Epoch 2, Batch   200] avg loss: 0.6923
[Epoch 2, Batch   250] avg loss: 0.6765
[Epoch 2, Batch   300] avg loss: 0.6911
Validation loss: 0.6460 (61 batches)
loss_per_epoch_list on epoch 2 is [0.6657470982582843, 0.6460393061403369]

Checkpoint saved at /cluster/tufts/capstone25skyblue/eelkus01/NEXRADTurbulencePrediction/model_training/trained_model_outputs/resnet_42_model_checkpoint.pth for l2_alpha_idx: 2, fold 1, and epoch 2
BEGINNING EPOCH 3
[Epoch 3, Batch    50] avg loss: 0.6786
[Epoch 3, Batch   100] avg loss: 0.6666
[Epoch 3, Batch   150] avg loss: 0.6637
[Epoch 3, Batch   200] avg loss: 0.6781
[Epoch 3, Batch   250] avg loss: 0.6694
[Epoch 3, Batch   300] avg loss: 0.6639
Validation loss: 0.6632 (61 batches)
loss_per_epoch_list on epoch 3 is [0.6657470982582843, 0.6460393061403369, 0.6632049552729873]

Checkpoint saved at /cluster/tufts/capstone25skyblue/eelkus01/NEXRADTurbulencePrediction/model_training/trained_model_outputs/resnet_42_model_checkpoint.pth for l2_alpha_idx: 2, fold 1, and epoch 3
BEGINNING EPOCH 4
[Epoch 4, Batch    50] avg loss: 0.6707
[Epoch 4, Batch   100] avg loss: 0.6669
[Epoch 4, Batch   150] avg loss: 0.6614
[Epoch 4, Batch   200] avg loss: 0.6599
[Epoch 4, Batch   250] avg loss: 0.6583
[Epoch 4, Batch   300] avg loss: 0.6515
Validation loss: 0.6713 (61 batches)
loss_per_epoch_list on epoch 4 is [0.6657470982582843, 0.6460393061403369, 0.6632049552729873, 0.6712591159539144]

Checkpoint saved at /cluster/tufts/capstone25skyblue/eelkus01/NEXRADTurbulencePrediction/model_training/trained_model_outputs/resnet_42_model_checkpoint.pth for l2_alpha_idx: 2, fold 1, and epoch 4
BEGINNING EPOCH 5
[Epoch 5, Batch    50] avg loss: 0.6590
[Epoch 5, Batch   100] avg loss: 0.6596
[Epoch 5, Batch   150] avg loss: 0.6573
[Epoch 5, Batch   200] avg loss: 0.6626
[Epoch 5, Batch   250] avg loss: 0.6492
[Epoch 5, Batch   300] avg loss: 0.6635
Validation loss: 0.6741 (61 batches)
loss_per_epoch_list on epoch 5 is [0.6657470982582843, 0.6460393061403369, 0.6632049552729873, 0.6712591159539144, 0.6741344410865033]

Checkpoint saved at /cluster/tufts/capstone25skyblue/eelkus01/NEXRADTurbulencePrediction/model_training/trained_model_outputs/resnet_42_model_checkpoint.pth for l2_alpha_idx: 2, fold 1, and epoch 5
BEGINNING EPOCH 6
[Epoch 6, Batch    50] avg loss: 0.6559
[Epoch 6, Batch   100] avg loss: 0.6515
[Epoch 6, Batch   150] avg loss: 0.6621
[Epoch 6, Batch   200] avg loss: 0.6515
[Epoch 6, Batch   250] avg loss: 0.6542
[Epoch 6, Batch   300] avg loss: 0.6540
Validation loss: 0.6711 (61 batches)
loss_per_epoch_list on epoch 6 is [0.6657470982582843, 0.6460393061403369, 0.6632049552729873, 0.6712591159539144, 0.6741344410865033, 0.6710552973825423]

Checkpoint saved at /cluster/tufts/capstone25skyblue/eelkus01/NEXRADTurbulencePrediction/model_training/trained_model_outputs/resnet_42_model_checkpoint.pth for l2_alpha_idx: 2, fold 1, and epoch 6
BEGINNING EPOCH 7
[Epoch 7, Batch    50] avg loss: 0.6642
[Epoch 7, Batch   100] avg loss: 0.6535
[Epoch 7, Batch   150] avg loss: 0.6543
[Epoch 7, Batch   200] avg loss: 0.6490
[Epoch 7, Batch   250] avg loss: 0.6543
[Epoch 7, Batch   300] avg loss: 0.6446
Validation loss: 0.6977 (61 batches)
loss_per_epoch_list on epoch 7 is [0.6657470982582843, 0.6460393061403369, 0.6632049552729873, 0.6712591159539144, 0.6741344410865033, 0.6710552973825423, 0.6977431681312498]

Checkpoint saved at /cluster/tufts/capstone25skyblue/eelkus01/NEXRADTurbulencePrediction/model_training/trained_model_outputs/resnet_42_model_checkpoint.pth for l2_alpha_idx: 2, fold 1, and epoch 7
BEGINNING EPOCH 8
[Epoch 8, Batch    50] avg loss: 0.6487
[Epoch 8, Batch   100] avg loss: 0.6519
[Epoch 8, Batch   150] avg loss: 0.6434
[Epoch 8, Batch   200] avg loss: 0.6490
[Epoch 8, Batch   250] avg loss: 0.6403
[Epoch 8, Batch   300] avg loss: 0.6439
Validation loss: 0.6517 (61 batches)
loss_per_epoch_list on epoch 8 is [0.6657470982582843, 0.6460393061403369, 0.6632049552729873, 0.6712591159539144, 0.6741344410865033, 0.6710552973825423, 0.6977431681312498, 0.6516903345702124]

Checkpoint saved at /cluster/tufts/capstone25skyblue/eelkus01/NEXRADTurbulencePrediction/model_training/trained_model_outputs/resnet_42_model_checkpoint.pth for l2_alpha_idx: 2, fold 1, and epoch 8
BEGINNING EPOCH 9
[Epoch 9, Batch    50] avg loss: 0.6475
[Epoch 9, Batch   100] avg loss: 0.6541
[Epoch 9, Batch   150] avg loss: 0.6556
[Epoch 9, Batch   200] avg loss: 0.6404
[Epoch 9, Batch   250] avg loss: 0.6326
[Epoch 9, Batch   300] avg loss: 0.6329
Validation loss: 0.6820 (61 batches)
loss_per_epoch_list on epoch 9 is [0.6657470982582843, 0.6460393061403369, 0.6632049552729873, 0.6712591159539144, 0.6741344410865033, 0.6710552973825423, 0.6977431681312498, 0.6516903345702124, 0.6819561202017987]

Checkpoint saved at /cluster/tufts/capstone25skyblue/eelkus01/NEXRADTurbulencePrediction/model_training/trained_model_outputs/resnet_42_model_checkpoint.pth for l2_alpha_idx: 2, fold 1, and epoch 9
BEGINNING EPOCH 10
[Epoch 10, Batch    50] avg loss: 0.6419
[Epoch 10, Batch   100] avg loss: 0.6317
[Epoch 10, Batch   150] avg loss: 0.6346
[Epoch 10, Batch   200] avg loss: 0.6362
[Epoch 10, Batch   250] avg loss: 0.6472
[Epoch 10, Batch   300] avg loss: 0.6393
Validation loss: 0.6509 (61 batches)
loss_per_epoch_list on epoch 10 is [0.6657470982582843, 0.6460393061403369, 0.6632049552729873, 0.6712591159539144, 0.6741344410865033, 0.6710552973825423, 0.6977431681312498, 0.6516903345702124, 0.6819561202017987, 0.6509110409705365]

Checkpoint saved at /cluster/tufts/capstone25skyblue/eelkus01/NEXRADTurbulencePrediction/model_training/trained_model_outputs/resnet_42_model_checkpoint.pth for l2_alpha_idx: 2, fold 1, and epoch 10
BEGINNING EPOCH 11
[Epoch 11, Batch    50] avg loss: 0.6387
[Epoch 11, Batch   100] avg loss: 0.6323
[Epoch 11, Batch   150] avg loss: 0.6360
[Epoch 11, Batch   200] avg loss: 0.6268
[Epoch 11, Batch   250] avg loss: 0.6407
[Epoch 11, Batch   300] avg loss: 0.6283
Validation loss: 0.6733 (61 batches)
loss_per_epoch_list on epoch 11 is [0.6657470982582843, 0.6460393061403369, 0.6632049552729873, 0.6712591159539144, 0.6741344410865033, 0.6710552973825423, 0.6977431681312498, 0.6516903345702124, 0.6819561202017987, 0.6509110409705365, 0.6733331729154117]

Checkpoint saved at /cluster/tufts/capstone25skyblue/eelkus01/NEXRADTurbulencePrediction/model_training/trained_model_outputs/resnet_42_model_checkpoint.pth for l2_alpha_idx: 2, fold 1, and epoch 11
BEGINNING EPOCH 12
[Epoch 12, Batch    50] avg loss: 0.6346
[Epoch 12, Batch   100] avg loss: 0.6271
[Epoch 12, Batch   150] avg loss: 0.6080
[Epoch 12, Batch   200] avg loss: 0.6339
[Epoch 12, Batch   250] avg loss: 0.6214
[Epoch 12, Batch   300] avg loss: 0.6195
Validation loss: 0.6663 (61 batches)
loss_per_epoch_list on epoch 12 is [0.6657470982582843, 0.6460393061403369, 0.6632049552729873, 0.6712591159539144, 0.6741344410865033, 0.6710552973825423, 0.6977431681312498, 0.6516903345702124, 0.6819561202017987, 0.6509110409705365, 0.6733331729154117, 0.6662503734963839]

Checkpoint saved at /cluster/tufts/capstone25skyblue/eelkus01/NEXRADTurbulencePrediction/model_training/trained_model_outputs/resnet_42_model_checkpoint.pth for l2_alpha_idx: 2, fold 1, and epoch 12
BEGINNING EPOCH 13
[Epoch 13, Batch    50] avg loss: 0.6824
[Epoch 13, Batch   100] avg loss: 0.6187
[Epoch 13, Batch   150] avg loss: 0.6292
[Epoch 13, Batch   200] avg loss: 0.6155
[Epoch 13, Batch   250] avg loss: 0.6185
[Epoch 13, Batch   300] avg loss: 0.6065
Validation loss: 0.6451 (61 batches)
loss_per_epoch_list on epoch 13 is [0.6657470982582843, 0.6460393061403369, 0.6632049552729873, 0.6712591159539144, 0.6741344410865033, 0.6710552973825423, 0.6977431681312498, 0.6516903345702124, 0.6819561202017987, 0.6509110409705365, 0.6733331729154117, 0.6662503734963839, 0.6451035659821307]

Checkpoint saved at /cluster/tufts/capstone25skyblue/eelkus01/NEXRADTurbulencePrediction/model_training/trained_model_outputs/resnet_42_model_checkpoint.pth for l2_alpha_idx: 2, fold 1, and epoch 13
BEGINNING EPOCH 14
[Epoch 14, Batch    50] avg loss: 0.6079
[Epoch 14, Batch   100] avg loss: 0.6112
[Epoch 14, Batch   150] avg loss: 0.6118
[Epoch 14, Batch   200] avg loss: 0.6074
[Epoch 14, Batch   250] avg loss: 0.5903
[Epoch 14, Batch   300] avg loss: 0.6063
Validation loss: 0.6666 (61 batches)
loss_per_epoch_list on epoch 14 is [0.6657470982582843, 0.6460393061403369, 0.6632049552729873, 0.6712591159539144, 0.6741344410865033, 0.6710552973825423, 0.6977431681312498, 0.6516903345702124, 0.6819561202017987, 0.6509110409705365, 0.6733331729154117, 0.6662503734963839, 0.6451035659821307, 0.6665765779917358]

Checkpoint saved at /cluster/tufts/capstone25skyblue/eelkus01/NEXRADTurbulencePrediction/model_training/trained_model_outputs/resnet_42_model_checkpoint.pth for l2_alpha_idx: 2, fold 1, and epoch 14
BEGINNING EPOCH 15
[Epoch 15, Batch    50] avg loss: 0.5899
[Epoch 15, Batch   100] avg loss: 0.5883
[Epoch 15, Batch   150] avg loss: 0.5820
[Epoch 15, Batch   200] avg loss: 0.5886
[Epoch 15, Batch   250] avg loss: 0.5812
[Epoch 15, Batch   300] avg loss: 0.5742
Validation loss: 0.6956 (61 batches)
loss_per_epoch_list on epoch 15 is [0.6657470982582843, 0.6460393061403369, 0.6632049552729873, 0.6712591159539144, 0.6741344410865033, 0.6710552973825423, 0.6977431681312498, 0.6516903345702124, 0.6819561202017987, 0.6509110409705365, 0.6733331729154117, 0.6662503734963839, 0.6451035659821307, 0.6665765779917358, 0.695602011485178]

Checkpoint saved at /cluster/tufts/capstone25skyblue/eelkus01/NEXRADTurbulencePrediction/model_training/trained_model_outputs/resnet_42_model_checkpoint.pth for l2_alpha_idx: 2, fold 1, and epoch 15
BEGINNING EPOCH 16
[Epoch 16, Batch    50] avg loss: 0.5632
[Epoch 16, Batch   100] avg loss: 0.5661
[Epoch 16, Batch   150] avg loss: 0.5521
[Epoch 16, Batch   200] avg loss: 0.5479
[Epoch 16, Batch   250] avg loss: 0.5593
[Epoch 16, Batch   300] avg loss: 0.5324
Validation loss: 0.6735 (61 batches)
loss_per_epoch_list on epoch 16 is [0.6657470982582843, 0.6460393061403369, 0.6632049552729873, 0.6712591159539144, 0.6741344410865033, 0.6710552973825423, 0.6977431681312498, 0.6516903345702124, 0.6819561202017987, 0.6509110409705365, 0.6733331729154117, 0.6662503734963839, 0.6451035659821307, 0.6665765779917358, 0.695602011485178, 0.6734626215012347]

Checkpoint saved at /cluster/tufts/capstone25skyblue/eelkus01/NEXRADTurbulencePrediction/model_training/trained_model_outputs/resnet_42_model_checkpoint.pth for l2_alpha_idx: 2, fold 1, and epoch 16
BEGINNING EPOCH 17
[Epoch 17, Batch    50] avg loss: 0.5377
[Epoch 17, Batch   100] avg loss: 0.5498
[Epoch 17, Batch   150] avg loss: 0.5344
[Epoch 17, Batch   200] avg loss: 0.5398
[Epoch 17, Batch   250] avg loss: 0.5321
[Epoch 17, Batch   300] avg loss: 0.5315
Validation loss: 0.6719 (61 batches)
loss_per_epoch_list on epoch 17 is [0.6657470982582843, 0.6460393061403369, 0.6632049552729873, 0.6712591159539144, 0.6741344410865033, 0.6710552973825423, 0.6977431681312498, 0.6516903345702124, 0.6819561202017987, 0.6509110409705365, 0.6733331729154117, 0.6662503734963839, 0.6451035659821307, 0.6665765779917358, 0.695602011485178, 0.6734626215012347, 0.6718581538708484]

Checkpoint saved at /cluster/tufts/capstone25skyblue/eelkus01/NEXRADTurbulencePrediction/model_training/trained_model_outputs/resnet_42_model_checkpoint.pth for l2_alpha_idx: 2, fold 1, and epoch 17
BEGINNING EPOCH 18
[Epoch 18, Batch    50] avg loss: 0.5145
[Epoch 18, Batch   100] avg loss: 0.4921
[Epoch 18, Batch   150] avg loss: 0.4864
[Epoch 18, Batch   200] avg loss: 0.4996
[Epoch 18, Batch   250] avg loss: 0.5067
[Epoch 18, Batch   300] avg loss: 0.4948
Validation loss: 0.7153 (61 batches)
loss_per_epoch_list on epoch 18 is [0.6657470982582843, 0.6460393061403369, 0.6632049552729873, 0.6712591159539144, 0.6741344410865033, 0.6710552973825423, 0.6977431681312498, 0.6516903345702124, 0.6819561202017987, 0.6509110409705365, 0.6733331729154117, 0.6662503734963839, 0.6451035659821307, 0.6665765779917358, 0.695602011485178, 0.6734626215012347, 0.6718581538708484, 0.7153272956121163]

Checkpoint saved at /cluster/tufts/capstone25skyblue/eelkus01/NEXRADTurbulencePrediction/model_training/trained_model_outputs/resnet_42_model_checkpoint.pth for l2_alpha_idx: 2, fold 1, and epoch 18
BEGINNING EPOCH 19
[Epoch 19, Batch    50] avg loss: 0.4708
[Epoch 19, Batch   100] avg loss: 0.4938
[Epoch 19, Batch   150] avg loss: 0.4589
[Epoch 19, Batch   200] avg loss: 0.4607
[Epoch 19, Batch   250] avg loss: 0.4449
[Epoch 19, Batch   300] avg loss: 0.4422
Validation loss: 0.7603 (61 batches)
loss_per_epoch_list on epoch 19 is [0.6657470982582843, 0.6460393061403369, 0.6632049552729873, 0.6712591159539144, 0.6741344410865033, 0.6710552973825423, 0.6977431681312498, 0.6516903345702124, 0.6819561202017987, 0.6509110409705365, 0.6733331729154117, 0.6662503734963839, 0.6451035659821307, 0.6665765779917358, 0.695602011485178, 0.6734626215012347, 0.6718581538708484, 0.7153272956121163, 0.7603256379971739]

Checkpoint saved at /cluster/tufts/capstone25skyblue/eelkus01/NEXRADTurbulencePrediction/model_training/trained_model_outputs/resnet_42_model_checkpoint.pth for l2_alpha_idx: 2, fold 1, and epoch 19
BEGINNING EPOCH 20
[Epoch 20, Batch    50] avg loss: 0.4524
[Epoch 20, Batch   100] avg loss: 0.4499
[Epoch 20, Batch   150] avg loss: 0.4380
[Epoch 20, Batch   200] avg loss: 0.4255
[Epoch 20, Batch   250] avg loss: 0.4269
[Epoch 20, Batch   300] avg loss: 0.4260
Validation loss: 0.7521 (61 batches)
loss_per_epoch_list on epoch 20 is [0.6657470982582843, 0.6460393061403369, 0.6632049552729873, 0.6712591159539144, 0.6741344410865033, 0.6710552973825423, 0.6977431681312498, 0.6516903345702124, 0.6819561202017987, 0.6509110409705365, 0.6733331729154117, 0.6662503734963839, 0.6451035659821307, 0.6665765779917358, 0.695602011485178, 0.6734626215012347, 0.6718581538708484, 0.7153272956121163, 0.7603256379971739, 0.7521412450759137]

Checkpoint saved at /cluster/tufts/capstone25skyblue/eelkus01/NEXRADTurbulencePrediction/model_training/trained_model_outputs/resnet_42_model_checkpoint.pth for l2_alpha_idx: 2, fold 1, and epoch 20
BEGINNING EPOCH 21
[Epoch 21, Batch    50] avg loss: 0.4043
[Epoch 21, Batch   100] avg loss: 0.4010
[Epoch 21, Batch   150] avg loss: 0.4023
[Epoch 21, Batch   200] avg loss: 0.3899
[Epoch 21, Batch   250] avg loss: 0.3859
[Epoch 21, Batch   300] avg loss: 0.3810
Validation loss: 0.8206 (61 batches)
loss_per_epoch_list on epoch 21 is [0.6657470982582843, 0.6460393061403369, 0.6632049552729873, 0.6712591159539144, 0.6741344410865033, 0.6710552973825423, 0.6977431681312498, 0.6516903345702124, 0.6819561202017987, 0.6509110409705365, 0.6733331729154117, 0.6662503734963839, 0.6451035659821307, 0.6665765779917358, 0.695602011485178, 0.6734626215012347, 0.6718581538708484, 0.7153272956121163, 0.7603256379971739, 0.7521412450759137, 0.8206346797161415]

Checkpoint saved at /cluster/tufts/capstone25skyblue/eelkus01/NEXRADTurbulencePrediction/model_training/trained_model_outputs/resnet_42_model_checkpoint.pth for l2_alpha_idx: 2, fold 1, and epoch 21
BEGINNING EPOCH 22
[Epoch 22, Batch    50] avg loss: 0.3717
[Epoch 22, Batch   100] avg loss: 0.3550
[Epoch 22, Batch   150] avg loss: 0.3644
[Epoch 22, Batch   200] avg loss: 0.3601
[Epoch 22, Batch   250] avg loss: 0.3444
[Epoch 22, Batch   300] avg loss: 0.3501
Validation loss: 0.9121 (61 batches)
loss_per_epoch_list on epoch 22 is [0.6657470982582843, 0.6460393061403369, 0.6632049552729873, 0.6712591159539144, 0.6741344410865033, 0.6710552973825423, 0.6977431681312498, 0.6516903345702124, 0.6819561202017987, 0.6509110409705365, 0.6733331729154117, 0.6662503734963839, 0.6451035659821307, 0.6665765779917358, 0.695602011485178, 0.6734626215012347, 0.6718581538708484, 0.7153272956121163, 0.7603256379971739, 0.7521412450759137, 0.8206346797161415, 0.9120852702953777]

Checkpoint saved at /cluster/tufts/capstone25skyblue/eelkus01/NEXRADTurbulencePrediction/model_training/trained_model_outputs/resnet_42_model_checkpoint.pth for l2_alpha_idx: 2, fold 1, and epoch 22
BEGINNING EPOCH 23
[Epoch 23, Batch    50] avg loss: 0.3625
[Epoch 23, Batch   100] avg loss: 0.3331
[Epoch 23, Batch   150] avg loss: 0.3315
[Epoch 23, Batch   200] avg loss: 0.3097
[Epoch 23, Batch   250] avg loss: 0.3113
[Epoch 23, Batch   300] avg loss: 0.3237
Validation loss: 1.0528 (61 batches)
loss_per_epoch_list on epoch 23 is [0.6657470982582843, 0.6460393061403369, 0.6632049552729873, 0.6712591159539144, 0.6741344410865033, 0.6710552973825423, 0.6977431681312498, 0.6516903345702124, 0.6819561202017987, 0.6509110409705365, 0.6733331729154117, 0.6662503734963839, 0.6451035659821307, 0.6665765779917358, 0.695602011485178, 0.6734626215012347, 0.6718581538708484, 0.7153272956121163, 0.7603256379971739, 0.7521412450759137, 0.8206346797161415, 0.9120852702953777, 1.0527720627237538]

Checkpoint saved at /cluster/tufts/capstone25skyblue/eelkus01/NEXRADTurbulencePrediction/model_training/trained_model_outputs/resnet_42_model_checkpoint.pth for l2_alpha_idx: 2, fold 1, and epoch 23
BEGINNING EPOCH 24
[Epoch 24, Batch    50] avg loss: 0.3001
[Epoch 24, Batch   100] avg loss: 0.2906
[Epoch 24, Batch   150] avg loss: 0.3067
[Epoch 24, Batch   200] avg loss: 0.2916
[Epoch 24, Batch   250] avg loss: 0.2736
[Epoch 24, Batch   300] avg loss: 0.2950
Validation loss: 1.0403 (61 batches)
loss_per_epoch_list on epoch 24 is [0.6657470982582843, 0.6460393061403369, 0.6632049552729873, 0.6712591159539144, 0.6741344410865033, 0.6710552973825423, 0.6977431681312498, 0.6516903345702124, 0.6819561202017987, 0.6509110409705365, 0.6733331729154117, 0.6662503734963839, 0.6451035659821307, 0.6665765779917358, 0.695602011485178, 0.6734626215012347, 0.6718581538708484, 0.7153272956121163, 0.7603256379971739, 0.7521412450759137, 0.8206346797161415, 0.9120852702953777, 1.0527720627237538, 1.0402607927556897]

Checkpoint saved at /cluster/tufts/capstone25skyblue/eelkus01/NEXRADTurbulencePrediction/model_training/trained_model_outputs/resnet_42_model_checkpoint.pth for l2_alpha_idx: 2, fold 1, and epoch 24
BEGINNING EPOCH 25
[Epoch 25, Batch    50] avg loss: 0.2621
[Epoch 25, Batch   100] avg loss: 0.2805
[Epoch 25, Batch   150] avg loss: 0.2587
[Epoch 25, Batch   200] avg loss: 0.2623
[Epoch 25, Batch   250] avg loss: 0.2747
[Epoch 25, Batch   300] avg loss: 0.2332
Validation loss: 1.2847 (61 batches)
loss_per_epoch_list on epoch 25 is [0.6657470982582843, 0.6460393061403369, 0.6632049552729873, 0.6712591159539144, 0.6741344410865033, 0.6710552973825423, 0.6977431681312498, 0.6516903345702124, 0.6819561202017987, 0.6509110409705365, 0.6733331729154117, 0.6662503734963839, 0.6451035659821307, 0.6665765779917358, 0.695602011485178, 0.6734626215012347, 0.6718581538708484, 0.7153272956121163, 0.7603256379971739, 0.7521412450759137, 0.8206346797161415, 0.9120852702953777, 1.0527720627237538, 1.0402607927556897, 1.28472143900199]

Checkpoint saved at /cluster/tufts/capstone25skyblue/eelkus01/NEXRADTurbulencePrediction/model_training/trained_model_outputs/resnet_42_model_checkpoint.pth for l2_alpha_idx: 2, fold 1, and epoch 25
BEGINNING EPOCH 26
[Epoch 26, Batch    50] avg loss: 0.2669
[Epoch 26, Batch   100] avg loss: 0.2474
[Epoch 26, Batch   150] avg loss: 0.2416
[Epoch 26, Batch   200] avg loss: 0.2423
[Epoch 26, Batch   250] avg loss: 0.2445
[Epoch 26, Batch   300] avg loss: 0.2629
Validation loss: 1.2654 (61 batches)
loss_per_epoch_list on epoch 26 is [0.6657470982582843, 0.6460393061403369, 0.6632049552729873, 0.6712591159539144, 0.6741344410865033, 0.6710552973825423, 0.6977431681312498, 0.6516903345702124, 0.6819561202017987, 0.6509110409705365, 0.6733331729154117, 0.6662503734963839, 0.6451035659821307, 0.6665765779917358, 0.695602011485178, 0.6734626215012347, 0.6718581538708484, 0.7153272956121163, 0.7603256379971739, 0.7521412450759137, 0.8206346797161415, 0.9120852702953777, 1.0527720627237538, 1.0402607927556897, 1.28472143900199, 1.2654061366300113]

Checkpoint saved at /cluster/tufts/capstone25skyblue/eelkus01/NEXRADTurbulencePrediction/model_training/trained_model_outputs/resnet_42_model_checkpoint.pth for l2_alpha_idx: 2, fold 1, and epoch 26
BEGINNING EPOCH 27
[Epoch 27, Batch    50] avg loss: 0.2101
[Epoch 27, Batch   100] avg loss: 0.2158
[Epoch 27, Batch   150] avg loss: 0.2118
[Epoch 27, Batch   200] avg loss: 0.2084
[Epoch 27, Batch   250] avg loss: 0.2030
[Epoch 27, Batch   300] avg loss: 0.2165
Validation loss: 1.3582 (61 batches)
loss_per_epoch_list on epoch 27 is [0.6657470982582843, 0.6460393061403369, 0.6632049552729873, 0.6712591159539144, 0.6741344410865033, 0.6710552973825423, 0.6977431681312498, 0.6516903345702124, 0.6819561202017987, 0.6509110409705365, 0.6733331729154117, 0.6662503734963839, 0.6451035659821307, 0.6665765779917358, 0.695602011485178, 0.6734626215012347, 0.6718581538708484, 0.7153272956121163, 0.7603256379971739, 0.7521412450759137, 0.8206346797161415, 0.9120852702953777, 1.0527720627237538, 1.0402607927556897, 1.28472143900199, 1.2654061366300113, 1.358198356432993]

Checkpoint saved at /cluster/tufts/capstone25skyblue/eelkus01/NEXRADTurbulencePrediction/model_training/trained_model_outputs/resnet_42_model_checkpoint.pth for l2_alpha_idx: 2, fold 1, and epoch 27
BEGINNING EPOCH 28
[Epoch 28, Batch    50] avg loss: 0.2131
[Epoch 28, Batch   100] avg loss: 0.1900
[Epoch 28, Batch   150] avg loss: 0.2247
[Epoch 28, Batch   200] avg loss: 0.2106
[Epoch 28, Batch   250] avg loss: 0.1827
[Epoch 28, Batch   300] avg loss: 0.2090
Validation loss: 1.6389 (61 batches)
loss_per_epoch_list on epoch 28 is [0.6657470982582843, 0.6460393061403369, 0.6632049552729873, 0.6712591159539144, 0.6741344410865033, 0.6710552973825423, 0.6977431681312498, 0.6516903345702124, 0.6819561202017987, 0.6509110409705365, 0.6733331729154117, 0.6662503734963839, 0.6451035659821307, 0.6665765779917358, 0.695602011485178, 0.6734626215012347, 0.6718581538708484, 0.7153272956121163, 0.7603256379971739, 0.7521412450759137, 0.8206346797161415, 0.9120852702953777, 1.0527720627237538, 1.0402607927556897, 1.28472143900199, 1.2654061366300113, 1.358198356432993, 1.6389306343969752]

Checkpoint saved at /cluster/tufts/capstone25skyblue/eelkus01/NEXRADTurbulencePrediction/model_training/trained_model_outputs/resnet_42_model_checkpoint.pth for l2_alpha_idx: 2, fold 1, and epoch 28
BEGINNING EPOCH 29
[Epoch 29, Batch    50] avg loss: 0.1873
[Epoch 29, Batch   100] avg loss: 0.1910
[Epoch 29, Batch   150] avg loss: 0.2171
[Epoch 29, Batch   200] avg loss: 0.1702
[Epoch 29, Batch   250] avg loss: 0.1831
[Epoch 29, Batch   300] avg loss: 0.1900
Validation loss: 1.6109 (61 batches)
loss_per_epoch_list on epoch 29 is [0.6657470982582843, 0.6460393061403369, 0.6632049552729873, 0.6712591159539144, 0.6741344410865033, 0.6710552973825423, 0.6977431681312498, 0.6516903345702124, 0.6819561202017987, 0.6509110409705365, 0.6733331729154117, 0.6662503734963839, 0.6451035659821307, 0.6665765779917358, 0.695602011485178, 0.6734626215012347, 0.6718581538708484, 0.7153272956121163, 0.7603256379971739, 0.7521412450759137, 0.8206346797161415, 0.9120852702953777, 1.0527720627237538, 1.0402607927556897, 1.28472143900199, 1.2654061366300113, 1.358198356432993, 1.6389306343969752, 1.6108909698783374]

Checkpoint saved at /cluster/tufts/capstone25skyblue/eelkus01/NEXRADTurbulencePrediction/model_training/trained_model_outputs/resnet_42_model_checkpoint.pth for l2_alpha_idx: 2, fold 1, and epoch 29
Fold 1 had loss: 1.6108909698783374 on its last epoch

Fold 2 with l2_alpha = 0.001
Train subset size: 19253, Validation subset size: 3851
BEGINNING EPOCH 1
[Epoch 1, Batch    50] avg loss: 6.4818
[Epoch 1, Batch   100] avg loss: 1.0998
[Epoch 1, Batch   150] avg loss: 0.8144
[Epoch 1, Batch   200] avg loss: 0.7360
[Epoch 1, Batch   250] avg loss: 0.7258
[Epoch 1, Batch   300] avg loss: 0.7135
Validation loss: 0.6910 (61 batches)
loss_per_epoch_list on epoch 1 is [0.6910474007246924]

Checkpoint saved at /cluster/tufts/capstone25skyblue/eelkus01/NEXRADTurbulencePrediction/model_training/trained_model_outputs/resnet_42_model_checkpoint.pth for l2_alpha_idx: 2, fold 2, and epoch 1
BEGINNING EPOCH 2
[Epoch 2, Batch    50] avg loss: 0.7096
[Epoch 2, Batch   100] avg loss: 0.7020
[Epoch 2, Batch   150] avg loss: 0.6997
[Epoch 2, Batch   200] avg loss: 0.7031
[Epoch 2, Batch   250] avg loss: 0.6943
[Epoch 2, Batch   300] avg loss: 0.6984
Validation loss: 0.7006 (61 batches)
loss_per_epoch_list on epoch 2 is [0.6910474007246924, 0.7006383929096285]

Checkpoint saved at /cluster/tufts/capstone25skyblue/eelkus01/NEXRADTurbulencePrediction/model_training/trained_model_outputs/resnet_42_model_checkpoint.pth for l2_alpha_idx: 2, fold 2, and epoch 2
BEGINNING EPOCH 3
[Epoch 3, Batch    50] avg loss: 0.6916
[Epoch 3, Batch   100] avg loss: 0.6975
[Epoch 3, Batch   150] avg loss: 0.6926
[Epoch 3, Batch   200] avg loss: 0.6916
[Epoch 3, Batch   250] avg loss: 0.6922
[Epoch 3, Batch   300] avg loss: 0.6881
Validation loss: 0.6888 (61 batches)
loss_per_epoch_list on epoch 3 is [0.6910474007246924, 0.7006383929096285, 0.6888304499329113]

Checkpoint saved at /cluster/tufts/capstone25skyblue/eelkus01/NEXRADTurbulencePrediction/model_training/trained_model_outputs/resnet_42_model_checkpoint.pth for l2_alpha_idx: 2, fold 2, and epoch 3
BEGINNING EPOCH 4
[Epoch 4, Batch    50] avg loss: 0.6907
[Epoch 4, Batch   100] avg loss: 0.6890
[Epoch 4, Batch   150] avg loss: 0.6905
[Epoch 4, Batch   200] avg loss: 0.6912
[Epoch 4, Batch   250] avg loss: 0.6862
[Epoch 4, Batch   300] avg loss: 0.6964
Validation loss: 0.6873 (61 batches)
loss_per_epoch_list on epoch 4 is [0.6910474007246924, 0.7006383929096285, 0.6888304499329113, 0.6872613254140635]

Checkpoint saved at /cluster/tufts/capstone25skyblue/eelkus01/NEXRADTurbulencePrediction/model_training/trained_model_outputs/resnet_42_model_checkpoint.pth for l2_alpha_idx: 2, fold 2, and epoch 4
BEGINNING EPOCH 5
[Epoch 5, Batch    50] avg loss: 0.6922
[Epoch 5, Batch   100] avg loss: 0.6935
[Epoch 5, Batch   150] avg loss: 0.6892
[Epoch 5, Batch   200] avg loss: 0.6853
[Epoch 5, Batch   250] avg loss: 0.6836
[Epoch 5, Batch   300] avg loss: 0.6858
Validation loss: 0.6755 (61 batches)
loss_per_epoch_list on epoch 5 is [0.6910474007246924, 0.7006383929096285, 0.6888304499329113, 0.6872613254140635, 0.6755175346233806]

Checkpoint saved at /cluster/tufts/capstone25skyblue/eelkus01/NEXRADTurbulencePrediction/model_training/trained_model_outputs/resnet_42_model_checkpoint.pth for l2_alpha_idx: 2, fold 2, and epoch 5
BEGINNING EPOCH 6
[Epoch 6, Batch    50] avg loss: 0.6814
[Epoch 6, Batch   100] avg loss: 0.6787
[Epoch 6, Batch   150] avg loss: 0.6794
[Epoch 6, Batch   200] avg loss: 0.6808
[Epoch 6, Batch   250] avg loss: 0.6678
[Epoch 6, Batch   300] avg loss: 0.6794
Validation loss: 0.6649 (61 batches)
loss_per_epoch_list on epoch 6 is [0.6910474007246924, 0.7006383929096285, 0.6888304499329113, 0.6872613254140635, 0.6755175346233806, 0.6649284157596651]

Checkpoint saved at /cluster/tufts/capstone25skyblue/eelkus01/NEXRADTurbulencePrediction/model_training/trained_model_outputs/resnet_42_model_checkpoint.pth for l2_alpha_idx: 2, fold 2, and epoch 6
BEGINNING EPOCH 7
[Epoch 7, Batch    50] avg loss: 0.6741
[Epoch 7, Batch   100] avg loss: 0.6750
[Epoch 7, Batch   150] avg loss: 0.6720
[Epoch 7, Batch   200] avg loss: 0.6763
[Epoch 7, Batch   250] avg loss: 0.6754
[Epoch 7, Batch   300] avg loss: 0.6728
Validation loss: 0.6537 (61 batches)
loss_per_epoch_list on epoch 7 is [0.6910474007246924, 0.7006383929096285, 0.6888304499329113, 0.6872613254140635, 0.6755175346233806, 0.6649284157596651, 0.6537014441412003]

Checkpoint saved at /cluster/tufts/capstone25skyblue/eelkus01/NEXRADTurbulencePrediction/model_training/trained_model_outputs/resnet_42_model_checkpoint.pth for l2_alpha_idx: 2, fold 2, and epoch 7
BEGINNING EPOCH 8
[Epoch 8, Batch    50] avg loss: 0.6637
[Epoch 8, Batch   100] avg loss: 0.6594
[Epoch 8, Batch   150] avg loss: 0.6679
[Epoch 8, Batch   200] avg loss: 0.6652
[Epoch 8, Batch   250] avg loss: 0.6669
[Epoch 8, Batch   300] avg loss: 0.6698
Validation loss: 0.6758 (61 batches)
loss_per_epoch_list on epoch 8 is [0.6910474007246924, 0.7006383929096285, 0.6888304499329113, 0.6872613254140635, 0.6755175346233806, 0.6649284157596651, 0.6537014441412003, 0.6758285536140692]

Checkpoint saved at /cluster/tufts/capstone25skyblue/eelkus01/NEXRADTurbulencePrediction/model_training/trained_model_outputs/resnet_42_model_checkpoint.pth for l2_alpha_idx: 2, fold 2, and epoch 8
BEGINNING EPOCH 9
[Epoch 9, Batch    50] avg loss: 0.6638
[Epoch 9, Batch   100] avg loss: 0.6676
[Epoch 9, Batch   150] avg loss: 0.6605
[Epoch 9, Batch   200] avg loss: 0.6553
[Epoch 9, Batch   250] avg loss: 0.6540
[Epoch 9, Batch   300] avg loss: 0.6701
Validation loss: 0.6887 (61 batches)
loss_per_epoch_list on epoch 9 is [0.6910474007246924, 0.7006383929096285, 0.6888304499329113, 0.6872613254140635, 0.6755175346233806, 0.6649284157596651, 0.6537014441412003, 0.6758285536140692, 0.6886941096821769]

Checkpoint saved at /cluster/tufts/capstone25skyblue/eelkus01/NEXRADTurbulencePrediction/model_training/trained_model_outputs/resnet_42_model_checkpoint.pth for l2_alpha_idx: 2, fold 2, and epoch 9
BEGINNING EPOCH 10
[Epoch 10, Batch    50] avg loss: 0.6673
[Epoch 10, Batch   100] avg loss: 0.6572
[Epoch 10, Batch   150] avg loss: 0.6610
[Epoch 10, Batch   200] avg loss: 0.6608
[Epoch 10, Batch   250] avg loss: 0.6630
[Epoch 10, Batch   300] avg loss: 0.6563
Validation loss: 0.6439 (61 batches)
loss_per_epoch_list on epoch 10 is [0.6910474007246924, 0.7006383929096285, 0.6888304499329113, 0.6872613254140635, 0.6755175346233806, 0.6649284157596651, 0.6537014441412003, 0.6758285536140692, 0.6886941096821769, 0.6439407917319752]

Checkpoint saved at /cluster/tufts/capstone25skyblue/eelkus01/NEXRADTurbulencePrediction/model_training/trained_model_outputs/resnet_42_model_checkpoint.pth for l2_alpha_idx: 2, fold 2, and epoch 10
BEGINNING EPOCH 11
[Epoch 11, Batch    50] avg loss: 0.6485
[Epoch 11, Batch   100] avg loss: 0.6497
[Epoch 11, Batch   150] avg loss: 0.6574
[Epoch 11, Batch   200] avg loss: 0.6502
[Epoch 11, Batch   250] avg loss: 0.6574
[Epoch 11, Batch   300] avg loss: 0.6458
Validation loss: 0.6645 (61 batches)
loss_per_epoch_list on epoch 11 is [0.6910474007246924, 0.7006383929096285, 0.6888304499329113, 0.6872613254140635, 0.6755175346233806, 0.6649284157596651, 0.6537014441412003, 0.6758285536140692, 0.6886941096821769, 0.6439407917319752, 0.6645171056028272]

Checkpoint saved at /cluster/tufts/capstone25skyblue/eelkus01/NEXRADTurbulencePrediction/model_training/trained_model_outputs/resnet_42_model_checkpoint.pth for l2_alpha_idx: 2, fold 2, and epoch 11
BEGINNING EPOCH 12
[Epoch 12, Batch    50] avg loss: 0.6526
[Epoch 12, Batch   100] avg loss: 0.6513
[Epoch 12, Batch   150] avg loss: 0.6551
[Epoch 12, Batch   200] avg loss: 0.6525
[Epoch 12, Batch   250] avg loss: 0.6444
[Epoch 12, Batch   300] avg loss: 0.6585
Validation loss: 0.6806 (61 batches)
loss_per_epoch_list on epoch 12 is [0.6910474007246924, 0.7006383929096285, 0.6888304499329113, 0.6872613254140635, 0.6755175346233806, 0.6649284157596651, 0.6537014441412003, 0.6758285536140692, 0.6886941096821769, 0.6439407917319752, 0.6645171056028272, 0.6806055962062273]

Checkpoint saved at /cluster/tufts/capstone25skyblue/eelkus01/NEXRADTurbulencePrediction/model_training/trained_model_outputs/resnet_42_model_checkpoint.pth for l2_alpha_idx: 2, fold 2, and epoch 12
BEGINNING EPOCH 13
[Epoch 13, Batch    50] avg loss: 0.6525
[Epoch 13, Batch   100] avg loss: 0.6502
[Epoch 13, Batch   150] avg loss: 0.6456
[Epoch 13, Batch   200] avg loss: 0.6591
[Epoch 13, Batch   250] avg loss: 0.6432
[Epoch 13, Batch   300] avg loss: 0.6473
Validation loss: 0.6560 (61 batches)
loss_per_epoch_list on epoch 13 is [0.6910474007246924, 0.7006383929096285, 0.6888304499329113, 0.6872613254140635, 0.6755175346233806, 0.6649284157596651, 0.6537014441412003, 0.6758285536140692, 0.6886941096821769, 0.6439407917319752, 0.6645171056028272, 0.6806055962062273, 0.656031722905206]

Checkpoint saved at /cluster/tufts/capstone25skyblue/eelkus01/NEXRADTurbulencePrediction/model_training/trained_model_outputs/resnet_42_model_checkpoint.pth for l2_alpha_idx: 2, fold 2, and epoch 13
BEGINNING EPOCH 14
[Epoch 14, Batch    50] avg loss: 0.6430
[Epoch 14, Batch   100] avg loss: 0.6495
[Epoch 14, Batch   150] avg loss: 0.6437
[Epoch 14, Batch   200] avg loss: 0.6377
[Epoch 14, Batch   250] avg loss: 0.6465
[Epoch 14, Batch   300] avg loss: 0.6330
Validation loss: 0.6473 (61 batches)
loss_per_epoch_list on epoch 14 is [0.6910474007246924, 0.7006383929096285, 0.6888304499329113, 0.6872613254140635, 0.6755175346233806, 0.6649284157596651, 0.6537014441412003, 0.6758285536140692, 0.6886941096821769, 0.6439407917319752, 0.6645171056028272, 0.6806055962062273, 0.656031722905206, 0.6472888745245386]

Checkpoint saved at /cluster/tufts/capstone25skyblue/eelkus01/NEXRADTurbulencePrediction/model_training/trained_model_outputs/resnet_42_model_checkpoint.pth for l2_alpha_idx: 2, fold 2, and epoch 14
BEGINNING EPOCH 15
[Epoch 15, Batch    50] avg loss: 0.6448
[Epoch 15, Batch   100] avg loss: 0.6357
[Epoch 15, Batch   150] avg loss: 0.6416
[Epoch 15, Batch   200] avg loss: 0.6403
[Epoch 15, Batch   250] avg loss: 0.6355
[Epoch 15, Batch   300] avg loss: 0.6466
Validation loss: 0.6530 (61 batches)
loss_per_epoch_list on epoch 15 is [0.6910474007246924, 0.7006383929096285, 0.6888304499329113, 0.6872613254140635, 0.6755175346233806, 0.6649284157596651, 0.6537014441412003, 0.6758285536140692, 0.6886941096821769, 0.6439407917319752, 0.6645171056028272, 0.6806055962062273, 0.656031722905206, 0.6472888745245386, 0.6530415806613985]

Checkpoint saved at /cluster/tufts/capstone25skyblue/eelkus01/NEXRADTurbulencePrediction/model_training/trained_model_outputs/resnet_42_model_checkpoint.pth for l2_alpha_idx: 2, fold 2, and epoch 15
BEGINNING EPOCH 16
[Epoch 16, Batch    50] avg loss: 0.6344
[Epoch 16, Batch   100] avg loss: 0.6465
[Epoch 16, Batch   150] avg loss: 0.6162
[Epoch 16, Batch   200] avg loss: 0.6471
[Epoch 16, Batch   250] avg loss: 0.6322
[Epoch 16, Batch   300] avg loss: 0.6339
Validation loss: 0.6482 (61 batches)
loss_per_epoch_list on epoch 16 is [0.6910474007246924, 0.7006383929096285, 0.6888304499329113, 0.6872613254140635, 0.6755175346233806, 0.6649284157596651, 0.6537014441412003, 0.6758285536140692, 0.6886941096821769, 0.6439407917319752, 0.6645171056028272, 0.6806055962062273, 0.656031722905206, 0.6472888745245386, 0.6530415806613985, 0.6482052285163129]

Checkpoint saved at /cluster/tufts/capstone25skyblue/eelkus01/NEXRADTurbulencePrediction/model_training/trained_model_outputs/resnet_42_model_checkpoint.pth for l2_alpha_idx: 2, fold 2, and epoch 16
BEGINNING EPOCH 17
[Epoch 17, Batch    50] avg loss: 0.6411
[Epoch 17, Batch   100] avg loss: 0.6391
[Epoch 17, Batch   150] avg loss: 0.6389
[Epoch 17, Batch   200] avg loss: 0.6376
[Epoch 17, Batch   250] avg loss: 0.6273
[Epoch 17, Batch   300] avg loss: 0.6238
Validation loss: 0.7159 (61 batches)
loss_per_epoch_list on epoch 17 is [0.6910474007246924, 0.7006383929096285, 0.6888304499329113, 0.6872613254140635, 0.6755175346233806, 0.6649284157596651, 0.6537014441412003, 0.6758285536140692, 0.6886941096821769, 0.6439407917319752, 0.6645171056028272, 0.6806055962062273, 0.656031722905206, 0.6472888745245386, 0.6530415806613985, 0.6482052285163129, 0.7159487311957312]

Checkpoint saved at /cluster/tufts/capstone25skyblue/eelkus01/NEXRADTurbulencePrediction/model_training/trained_model_outputs/resnet_42_model_checkpoint.pth for l2_alpha_idx: 2, fold 2, and epoch 17
BEGINNING EPOCH 18
[Epoch 18, Batch    50] avg loss: 0.6293
[Epoch 18, Batch   100] avg loss: 0.6256
[Epoch 18, Batch   150] avg loss: 0.6386
[Epoch 18, Batch   200] avg loss: 0.6311
[Epoch 18, Batch   250] avg loss: 0.6219
[Epoch 18, Batch   300] avg loss: 0.6276
Validation loss: 0.6368 (61 batches)
loss_per_epoch_list on epoch 18 is [0.6910474007246924, 0.7006383929096285, 0.6888304499329113, 0.6872613254140635, 0.6755175346233806, 0.6649284157596651, 0.6537014441412003, 0.6758285536140692, 0.6886941096821769, 0.6439407917319752, 0.6645171056028272, 0.6806055962062273, 0.656031722905206, 0.6472888745245386, 0.6530415806613985, 0.6482052285163129, 0.7159487311957312, 0.6368018506003208]

Checkpoint saved at /cluster/tufts/capstone25skyblue/eelkus01/NEXRADTurbulencePrediction/model_training/trained_model_outputs/resnet_42_model_checkpoint.pth for l2_alpha_idx: 2, fold 2, and epoch 18
BEGINNING EPOCH 19
[Epoch 19, Batch    50] avg loss: 0.6258
[Epoch 19, Batch   100] avg loss: 0.6238
[Epoch 19, Batch   150] avg loss: 0.6247
[Epoch 19, Batch   200] avg loss: 0.6325
[Epoch 19, Batch   250] avg loss: 0.6164
[Epoch 19, Batch   300] avg loss: 0.6025
Validation loss: 0.6794 (61 batches)
loss_per_epoch_list on epoch 19 is [0.6910474007246924, 0.7006383929096285, 0.6888304499329113, 0.6872613254140635, 0.6755175346233806, 0.6649284157596651, 0.6537014441412003, 0.6758285536140692, 0.6886941096821769, 0.6439407917319752, 0.6645171056028272, 0.6806055962062273, 0.656031722905206, 0.6472888745245386, 0.6530415806613985, 0.6482052285163129, 0.7159487311957312, 0.6368018506003208, 0.6793834010108573]

Checkpoint saved at /cluster/tufts/capstone25skyblue/eelkus01/NEXRADTurbulencePrediction/model_training/trained_model_outputs/resnet_42_model_checkpoint.pth for l2_alpha_idx: 2, fold 2, and epoch 19
BEGINNING EPOCH 20
[Epoch 20, Batch    50] avg loss: 0.6071
[Epoch 20, Batch   100] avg loss: 0.6177
[Epoch 20, Batch   150] avg loss: 0.5995
[Epoch 20, Batch   200] avg loss: 0.6109
[Epoch 20, Batch   250] avg loss: 0.6164
[Epoch 20, Batch   300] avg loss: 0.6011
Validation loss: 0.6906 (61 batches)
loss_per_epoch_list on epoch 20 is [0.6910474007246924, 0.7006383929096285, 0.6888304499329113, 0.6872613254140635, 0.6755175346233806, 0.6649284157596651, 0.6537014441412003, 0.6758285536140692, 0.6886941096821769, 0.6439407917319752, 0.6645171056028272, 0.6806055962062273, 0.656031722905206, 0.6472888745245386, 0.6530415806613985, 0.6482052285163129, 0.7159487311957312, 0.6368018506003208, 0.6793834010108573, 0.6906036969091072]

Checkpoint saved at /cluster/tufts/capstone25skyblue/eelkus01/NEXRADTurbulencePrediction/model_training/trained_model_outputs/resnet_42_model_checkpoint.pth for l2_alpha_idx: 2, fold 2, and epoch 20
BEGINNING EPOCH 21
[Epoch 21, Batch    50] avg loss: 0.5966
[Epoch 21, Batch   100] avg loss: 0.5982
[Epoch 21, Batch   150] avg loss: 0.5901
[Epoch 21, Batch   200] avg loss: 0.5981
[Epoch 21, Batch   250] avg loss: 0.5965
[Epoch 21, Batch   300] avg loss: 0.6050
Validation loss: 0.6501 (61 batches)
loss_per_epoch_list on epoch 21 is [0.6910474007246924, 0.7006383929096285, 0.6888304499329113, 0.6872613254140635, 0.6755175346233806, 0.6649284157596651, 0.6537014441412003, 0.6758285536140692, 0.6886941096821769, 0.6439407917319752, 0.6645171056028272, 0.6806055962062273, 0.656031722905206, 0.6472888745245386, 0.6530415806613985, 0.6482052285163129, 0.7159487311957312, 0.6368018506003208, 0.6793834010108573, 0.6906036969091072, 0.6501365645987088]

Checkpoint saved at /cluster/tufts/capstone25skyblue/eelkus01/NEXRADTurbulencePrediction/model_training/trained_model_outputs/resnet_42_model_checkpoint.pth for l2_alpha_idx: 2, fold 2, and epoch 21
BEGINNING EPOCH 22
[Epoch 22, Batch    50] avg loss: 0.5857
[Epoch 22, Batch   100] avg loss: 0.5827
[Epoch 22, Batch   150] avg loss: 0.5695
[Epoch 22, Batch   200] avg loss: 0.5760
[Epoch 22, Batch   250] avg loss: 0.5682
[Epoch 22, Batch   300] avg loss: 0.5681
Validation loss: 0.6707 (61 batches)
loss_per_epoch_list on epoch 22 is [0.6910474007246924, 0.7006383929096285, 0.6888304499329113, 0.6872613254140635, 0.6755175346233806, 0.6649284157596651, 0.6537014441412003, 0.6758285536140692, 0.6886941096821769, 0.6439407917319752, 0.6645171056028272, 0.6806055962062273, 0.656031722905206, 0.6472888745245386, 0.6530415806613985, 0.6482052285163129, 0.7159487311957312, 0.6368018506003208, 0.6793834010108573, 0.6906036969091072, 0.6501365645987088, 0.6707275925112552]

Checkpoint saved at /cluster/tufts/capstone25skyblue/eelkus01/NEXRADTurbulencePrediction/model_training/trained_model_outputs/resnet_42_model_checkpoint.pth for l2_alpha_idx: 2, fold 2, and epoch 22
BEGINNING EPOCH 23
[Epoch 23, Batch    50] avg loss: 0.5564
[Epoch 23, Batch   100] avg loss: 0.5740
[Epoch 23, Batch   150] avg loss: 0.5613
[Epoch 23, Batch   200] avg loss: 0.5565
[Epoch 23, Batch   250] avg loss: 0.5502
[Epoch 23, Batch   300] avg loss: 0.5478
Validation loss: 0.6825 (61 batches)
loss_per_epoch_list on epoch 23 is [0.6910474007246924, 0.7006383929096285, 0.6888304499329113, 0.6872613254140635, 0.6755175346233806, 0.6649284157596651, 0.6537014441412003, 0.6758285536140692, 0.6886941096821769, 0.6439407917319752, 0.6645171056028272, 0.6806055962062273, 0.656031722905206, 0.6472888745245386, 0.6530415806613985, 0.6482052285163129, 0.7159487311957312, 0.6368018506003208, 0.6793834010108573, 0.6906036969091072, 0.6501365645987088, 0.6707275925112552, 0.6825140255396484]

Checkpoint saved at /cluster/tufts/capstone25skyblue/eelkus01/NEXRADTurbulencePrediction/model_training/trained_model_outputs/resnet_42_model_checkpoint.pth for l2_alpha_idx: 2, fold 2, and epoch 23
BEGINNING EPOCH 24
[Epoch 24, Batch    50] avg loss: 0.5336
[Epoch 24, Batch   100] avg loss: 0.5438
[Epoch 24, Batch   150] avg loss: 0.5344
[Epoch 24, Batch   200] avg loss: 0.5387
[Epoch 24, Batch   250] avg loss: 0.5278
[Epoch 24, Batch   300] avg loss: 0.5264
Validation loss: 0.6896 (61 batches)
loss_per_epoch_list on epoch 24 is [0.6910474007246924, 0.7006383929096285, 0.6888304499329113, 0.6872613254140635, 0.6755175346233806, 0.6649284157596651, 0.6537014441412003, 0.6758285536140692, 0.6886941096821769, 0.6439407917319752, 0.6645171056028272, 0.6806055962062273, 0.656031722905206, 0.6472888745245386, 0.6530415806613985, 0.6482052285163129, 0.7159487311957312, 0.6368018506003208, 0.6793834010108573, 0.6906036969091072, 0.6501365645987088, 0.6707275925112552, 0.6825140255396484, 0.6896187946444652]

Checkpoint saved at /cluster/tufts/capstone25skyblue/eelkus01/NEXRADTurbulencePrediction/model_training/trained_model_outputs/resnet_42_model_checkpoint.pth for l2_alpha_idx: 2, fold 2, and epoch 24
BEGINNING EPOCH 25
[Epoch 25, Batch    50] avg loss: 0.5113
[Epoch 25, Batch   100] avg loss: 0.5199
[Epoch 25, Batch   150] avg loss: 0.4908
[Epoch 25, Batch   200] avg loss: 0.4987
[Epoch 25, Batch   250] avg loss: 0.5014
[Epoch 25, Batch   300] avg loss: 0.4857
Validation loss: 0.7495 (61 batches)
loss_per_epoch_list on epoch 25 is [0.6910474007246924, 0.7006383929096285, 0.6888304499329113, 0.6872613254140635, 0.6755175346233806, 0.6649284157596651, 0.6537014441412003, 0.6758285536140692, 0.6886941096821769, 0.6439407917319752, 0.6645171056028272, 0.6806055962062273, 0.656031722905206, 0.6472888745245386, 0.6530415806613985, 0.6482052285163129, 0.7159487311957312, 0.6368018506003208, 0.6793834010108573, 0.6906036969091072, 0.6501365645987088, 0.6707275925112552, 0.6825140255396484, 0.6896187946444652, 0.7495017745455758]

Checkpoint saved at /cluster/tufts/capstone25skyblue/eelkus01/NEXRADTurbulencePrediction/model_training/trained_model_outputs/resnet_42_model_checkpoint.pth for l2_alpha_idx: 2, fold 2, and epoch 25
BEGINNING EPOCH 26
[Epoch 26, Batch    50] avg loss: 0.4881
[Epoch 26, Batch   100] avg loss: 0.4695
[Epoch 26, Batch   150] avg loss: 0.4741
[Epoch 26, Batch   200] avg loss: 0.4625
[Epoch 26, Batch   250] avg loss: 0.4594
[Epoch 26, Batch   300] avg loss: 0.4369
Validation loss: 0.8017 (61 batches)
loss_per_epoch_list on epoch 26 is [0.6910474007246924, 0.7006383929096285, 0.6888304499329113, 0.6872613254140635, 0.6755175346233806, 0.6649284157596651, 0.6537014441412003, 0.6758285536140692, 0.6886941096821769, 0.6439407917319752, 0.6645171056028272, 0.6806055962062273, 0.656031722905206, 0.6472888745245386, 0.6530415806613985, 0.6482052285163129, 0.7159487311957312, 0.6368018506003208, 0.6793834010108573, 0.6906036969091072, 0.6501365645987088, 0.6707275925112552, 0.6825140255396484, 0.6896187946444652, 0.7495017745455758, 0.8016541932449966]

Checkpoint saved at /cluster/tufts/capstone25skyblue/eelkus01/NEXRADTurbulencePrediction/model_training/trained_model_outputs/resnet_42_model_checkpoint.pth for l2_alpha_idx: 2, fold 2, and epoch 26
BEGINNING EPOCH 27
[Epoch 27, Batch    50] avg loss: 0.4246
[Epoch 27, Batch   100] avg loss: 0.4424
[Epoch 27, Batch   150] avg loss: 0.4359
[Epoch 27, Batch   200] avg loss: 0.4339
[Epoch 27, Batch   250] avg loss: 0.4119
[Epoch 27, Batch   300] avg loss: 0.4248
Validation loss: 0.8210 (61 batches)
loss_per_epoch_list on epoch 27 is [0.6910474007246924, 0.7006383929096285, 0.6888304499329113, 0.6872613254140635, 0.6755175346233806, 0.6649284157596651, 0.6537014441412003, 0.6758285536140692, 0.6886941096821769, 0.6439407917319752, 0.6645171056028272, 0.6806055962062273, 0.656031722905206, 0.6472888745245386, 0.6530415806613985, 0.6482052285163129, 0.7159487311957312, 0.6368018506003208, 0.6793834010108573, 0.6906036969091072, 0.6501365645987088, 0.6707275925112552, 0.6825140255396484, 0.6896187946444652, 0.7495017745455758, 0.8016541932449966, 0.8210328025896041]

Checkpoint saved at /cluster/tufts/capstone25skyblue/eelkus01/NEXRADTurbulencePrediction/model_training/trained_model_outputs/resnet_42_model_checkpoint.pth for l2_alpha_idx: 2, fold 2, and epoch 27
BEGINNING EPOCH 28
[Epoch 28, Batch    50] avg loss: 0.4243
[Epoch 28, Batch   100] avg loss: 0.4161
[Epoch 28, Batch   150] avg loss: 0.4109
[Epoch 28, Batch   200] avg loss: 0.3776
[Epoch 28, Batch   250] avg loss: 0.4053
[Epoch 28, Batch   300] avg loss: 0.3794
Validation loss: 0.9688 (61 batches)
loss_per_epoch_list on epoch 28 is [0.6910474007246924, 0.7006383929096285, 0.6888304499329113, 0.6872613254140635, 0.6755175346233806, 0.6649284157596651, 0.6537014441412003, 0.6758285536140692, 0.6886941096821769, 0.6439407917319752, 0.6645171056028272, 0.6806055962062273, 0.656031722905206, 0.6472888745245386, 0.6530415806613985, 0.6482052285163129, 0.7159487311957312, 0.6368018506003208, 0.6793834010108573, 0.6906036969091072, 0.6501365645987088, 0.6707275925112552, 0.6825140255396484, 0.6896187946444652, 0.7495017745455758, 0.8016541932449966, 0.8210328025896041, 0.9688245204628491]

Checkpoint saved at /cluster/tufts/capstone25skyblue/eelkus01/NEXRADTurbulencePrediction/model_training/trained_model_outputs/resnet_42_model_checkpoint.pth for l2_alpha_idx: 2, fold 2, and epoch 28
BEGINNING EPOCH 29
[Epoch 29, Batch    50] avg loss: 0.4003
[Epoch 29, Batch   100] avg loss: 0.3896
[Epoch 29, Batch   150] avg loss: 0.3578
[Epoch 29, Batch   200] avg loss: 0.3823
[Epoch 29, Batch   250] avg loss: 0.3667
[Epoch 29, Batch   300] avg loss: 0.3531
Validation loss: 1.0199 (61 batches)
loss_per_epoch_list on epoch 29 is [0.6910474007246924, 0.7006383929096285, 0.6888304499329113, 0.6872613254140635, 0.6755175346233806, 0.6649284157596651, 0.6537014441412003, 0.6758285536140692, 0.6886941096821769, 0.6439407917319752, 0.6645171056028272, 0.6806055962062273, 0.656031722905206, 0.6472888745245386, 0.6530415806613985, 0.6482052285163129, 0.7159487311957312, 0.6368018506003208, 0.6793834010108573, 0.6906036969091072, 0.6501365645987088, 0.6707275925112552, 0.6825140255396484, 0.6896187946444652, 0.7495017745455758, 0.8016541932449966, 0.8210328025896041, 0.9688245204628491, 1.0199369260522186]

Checkpoint saved at /cluster/tufts/capstone25skyblue/eelkus01/NEXRADTurbulencePrediction/model_training/trained_model_outputs/resnet_42_model_checkpoint.pth for l2_alpha_idx: 2, fold 2, and epoch 29
Fold 2 had loss: 1.0199369260522186 on its last epoch

Fold 3 with l2_alpha = 0.001
Train subset size: 19253, Validation subset size: 3851
BEGINNING EPOCH 1
[Epoch 1, Batch    50] avg loss: 7.8303
[Epoch 1, Batch   100] avg loss: 1.1823
[Epoch 1, Batch   150] avg loss: 0.8033
[Epoch 1, Batch   200] avg loss: 0.9706
[Epoch 1, Batch   250] avg loss: 0.7565
[Epoch 1, Batch   300] avg loss: 0.7767
Validation loss: 0.6875 (61 batches)
loss_per_epoch_list on epoch 1 is [0.6874512434005737]

Checkpoint saved at /cluster/tufts/capstone25skyblue/eelkus01/NEXRADTurbulencePrediction/model_training/trained_model_outputs/resnet_42_model_checkpoint.pth for l2_alpha_idx: 2, fold 3, and epoch 1
BEGINNING EPOCH 2
[Epoch 2, Batch    50] avg loss: 0.7372
[Epoch 2, Batch   100] avg loss: 0.7092
[Epoch 2, Batch   150] avg loss: 0.7056
[Epoch 2, Batch   200] avg loss: 0.6948
[Epoch 2, Batch   250] avg loss: 0.6992
[Epoch 2, Batch   300] avg loss: 0.6876
Validation loss: 0.6785 (61 batches)
loss_per_epoch_list on epoch 2 is [0.6874512434005737, 0.6784741331319339]

Checkpoint saved at /cluster/tufts/capstone25skyblue/eelkus01/NEXRADTurbulencePrediction/model_training/trained_model_outputs/resnet_42_model_checkpoint.pth for l2_alpha_idx: 2, fold 3, and epoch 2
BEGINNING EPOCH 3
[Epoch 3, Batch    50] avg loss: 0.6888
[Epoch 3, Batch   100] avg loss: 0.6838
[Epoch 3, Batch   150] avg loss: 0.6759
[Epoch 3, Batch   200] avg loss: 0.6796
[Epoch 3, Batch   250] avg loss: 0.6840
[Epoch 3, Batch   300] avg loss: 0.6772
Validation loss: 0.7034 (61 batches)
loss_per_epoch_list on epoch 3 is [0.6874512434005737, 0.6784741331319339, 0.7033558497663404]

Checkpoint saved at /cluster/tufts/capstone25skyblue/eelkus01/NEXRADTurbulencePrediction/model_training/trained_model_outputs/resnet_42_model_checkpoint.pth for l2_alpha_idx: 2, fold 3, and epoch 3
BEGINNING EPOCH 4
[Epoch 4, Batch    50] avg loss: 0.6726
[Epoch 4, Batch   100] avg loss: 0.6801
[Epoch 4, Batch   150] avg loss: 0.6742
[Epoch 4, Batch   200] avg loss: 0.6770
[Epoch 4, Batch   250] avg loss: 0.6716
[Epoch 4, Batch   300] avg loss: 0.6667
Validation loss: 0.6736 (61 batches)
loss_per_epoch_list on epoch 4 is [0.6874512434005737, 0.6784741331319339, 0.7033558497663404, 0.6735744652200918]

Checkpoint saved at /cluster/tufts/capstone25skyblue/eelkus01/NEXRADTurbulencePrediction/model_training/trained_model_outputs/resnet_42_model_checkpoint.pth for l2_alpha_idx: 2, fold 3, and epoch 4
BEGINNING EPOCH 5
[Epoch 5, Batch    50] avg loss: 0.6624
[Epoch 5, Batch   100] avg loss: 0.6666
[Epoch 5, Batch   150] avg loss: 0.6692
[Epoch 5, Batch   200] avg loss: 0.6724
[Epoch 5, Batch   250] avg loss: 0.6633
[Epoch 5, Batch   300] avg loss: 0.6594
Validation loss: 0.6501 (61 batches)
loss_per_epoch_list on epoch 5 is [0.6874512434005737, 0.6784741331319339, 0.7033558497663404, 0.6735744652200918, 0.6500559957301031]

Checkpoint saved at /cluster/tufts/capstone25skyblue/eelkus01/NEXRADTurbulencePrediction/model_training/trained_model_outputs/resnet_42_model_checkpoint.pth for l2_alpha_idx: 2, fold 3, and epoch 5
BEGINNING EPOCH 6
[Epoch 6, Batch    50] avg loss: 0.6676
[Epoch 6, Batch   100] avg loss: 0.6655
[Epoch 6, Batch   150] avg loss: 0.6594
[Epoch 6, Batch   200] avg loss: 0.6642
[Epoch 6, Batch   250] avg loss: 0.6644
[Epoch 6, Batch   300] avg loss: 0.6604
Validation loss: 0.6551 (61 batches)
loss_per_epoch_list on epoch 6 is [0.6874512434005737, 0.6784741331319339, 0.7033558497663404, 0.6735744652200918, 0.6500559957301031, 0.6551063920630783]

Checkpoint saved at /cluster/tufts/capstone25skyblue/eelkus01/NEXRADTurbulencePrediction/model_training/trained_model_outputs/resnet_42_model_checkpoint.pth for l2_alpha_idx: 2, fold 3, and epoch 6
BEGINNING EPOCH 7
[Epoch 7, Batch    50] avg loss: 0.6568
[Epoch 7, Batch   100] avg loss: 0.6574
[Epoch 7, Batch   150] avg loss: 0.6563
[Epoch 7, Batch   200] avg loss: 0.6606
[Epoch 7, Batch   250] avg loss: 0.6423
[Epoch 7, Batch   300] avg loss: 0.6635
Validation loss: 0.6367 (61 batches)
loss_per_epoch_list on epoch 7 is [0.6874512434005737, 0.6784741331319339, 0.7033558497663404, 0.6735744652200918, 0.6500559957301031, 0.6551063920630783, 0.6367426651423095]

Checkpoint saved at /cluster/tufts/capstone25skyblue/eelkus01/NEXRADTurbulencePrediction/model_training/trained_model_outputs/resnet_42_model_checkpoint.pth for l2_alpha_idx: 2, fold 3, and epoch 7
BEGINNING EPOCH 8
[Epoch 8, Batch    50] avg loss: 0.6506
[Epoch 8, Batch   100] avg loss: 0.6476
[Epoch 8, Batch   150] avg loss: 0.6555
[Epoch 8, Batch   200] avg loss: 0.6474
[Epoch 8, Batch   250] avg loss: 0.6496
[Epoch 8, Batch   300] avg loss: 0.6507
Validation loss: 0.7134 (61 batches)
loss_per_epoch_list on epoch 8 is [0.6874512434005737, 0.6784741331319339, 0.7033558497663404, 0.6735744652200918, 0.6500559957301031, 0.6551063920630783, 0.6367426651423095, 0.7133540579530059]

Checkpoint saved at /cluster/tufts/capstone25skyblue/eelkus01/NEXRADTurbulencePrediction/model_training/trained_model_outputs/resnet_42_model_checkpoint.pth for l2_alpha_idx: 2, fold 3, and epoch 8
BEGINNING EPOCH 9
[Epoch 9, Batch    50] avg loss: 0.6425
[Epoch 9, Batch   100] avg loss: 0.6529
[Epoch 9, Batch   150] avg loss: 0.6462
[Epoch 9, Batch   200] avg loss: 0.6488
[Epoch 9, Batch   250] avg loss: 0.6491
[Epoch 9, Batch   300] avg loss: 0.6449
Validation loss: 0.6335 (61 batches)
loss_per_epoch_list on epoch 9 is [0.6874512434005737, 0.6784741331319339, 0.7033558497663404, 0.6735744652200918, 0.6500559957301031, 0.6551063920630783, 0.6367426651423095, 0.7133540579530059, 0.6335450518326681]

Checkpoint saved at /cluster/tufts/capstone25skyblue/eelkus01/NEXRADTurbulencePrediction/model_training/trained_model_outputs/resnet_42_model_checkpoint.pth for l2_alpha_idx: 2, fold 3, and epoch 9
BEGINNING EPOCH 10
[Epoch 10, Batch    50] avg loss: 0.6466
[Epoch 10, Batch   100] avg loss: 0.6231
[Epoch 10, Batch   150] avg loss: 0.6470
[Epoch 10, Batch   200] avg loss: 0.6322
[Epoch 10, Batch   250] avg loss: 0.6352
[Epoch 10, Batch   300] avg loss: 0.6312
Validation loss: 0.6070 (61 batches)
loss_per_epoch_list on epoch 10 is [0.6874512434005737, 0.6784741331319339, 0.7033558497663404, 0.6735744652200918, 0.6500559957301031, 0.6551063920630783, 0.6367426651423095, 0.7133540579530059, 0.6335450518326681, 0.6070375911525039]

Checkpoint saved at /cluster/tufts/capstone25skyblue/eelkus01/NEXRADTurbulencePrediction/model_training/trained_model_outputs/resnet_42_model_checkpoint.pth for l2_alpha_idx: 2, fold 3, and epoch 10
BEGINNING EPOCH 11
[Epoch 11, Batch    50] avg loss: 0.6431
[Epoch 11, Batch   100] avg loss: 0.6287
[Epoch 11, Batch   150] avg loss: 0.6287
[Epoch 11, Batch   200] avg loss: 0.6294
[Epoch 11, Batch   250] avg loss: 0.6378
[Epoch 11, Batch   300] avg loss: 0.6284
Validation loss: 0.6322 (61 batches)
loss_per_epoch_list on epoch 11 is [0.6874512434005737, 0.6784741331319339, 0.7033558497663404, 0.6735744652200918, 0.6500559957301031, 0.6551063920630783, 0.6367426651423095, 0.7133540579530059, 0.6335450518326681, 0.6070375911525039, 0.6321941262385884]

Checkpoint saved at /cluster/tufts/capstone25skyblue/eelkus01/NEXRADTurbulencePrediction/model_training/trained_model_outputs/resnet_42_model_checkpoint.pth for l2_alpha_idx: 2, fold 3, and epoch 11
BEGINNING EPOCH 12
[Epoch 12, Batch    50] avg loss: 0.6267
[Epoch 12, Batch   100] avg loss: 0.6194
[Epoch 12, Batch   150] avg loss: 0.6115
[Epoch 12, Batch   200] avg loss: 0.6269
[Epoch 12, Batch   250] avg loss: 0.6143
[Epoch 12, Batch   300] avg loss: 0.6222
Validation loss: 0.6100 (61 batches)
loss_per_epoch_list on epoch 12 is [0.6874512434005737, 0.6784741331319339, 0.7033558497663404, 0.6735744652200918, 0.6500559957301031, 0.6551063920630783, 0.6367426651423095, 0.7133540579530059, 0.6335450518326681, 0.6070375911525039, 0.6321941262385884, 0.6100491896027425]

Checkpoint saved at /cluster/tufts/capstone25skyblue/eelkus01/NEXRADTurbulencePrediction/model_training/trained_model_outputs/resnet_42_model_checkpoint.pth for l2_alpha_idx: 2, fold 3, and epoch 12
BEGINNING EPOCH 13
[Epoch 13, Batch    50] avg loss: 0.6135
[Epoch 13, Batch   100] avg loss: 0.6219
[Epoch 13, Batch   150] avg loss: 0.6212
[Epoch 13, Batch   200] avg loss: 0.6072
[Epoch 13, Batch   250] avg loss: 0.6054
[Epoch 13, Batch   300] avg loss: 0.6093
Validation loss: 0.6551 (61 batches)
loss_per_epoch_list on epoch 13 is [0.6874512434005737, 0.6784741331319339, 0.7033558497663404, 0.6735744652200918, 0.6500559957301031, 0.6551063920630783, 0.6367426651423095, 0.7133540579530059, 0.6335450518326681, 0.6070375911525039, 0.6321941262385884, 0.6100491896027425, 0.6550659674112914]

Checkpoint saved at /cluster/tufts/capstone25skyblue/eelkus01/NEXRADTurbulencePrediction/model_training/trained_model_outputs/resnet_42_model_checkpoint.pth for l2_alpha_idx: 2, fold 3, and epoch 13
BEGINNING EPOCH 14
[Epoch 14, Batch    50] avg loss: 0.5965
[Epoch 14, Batch   100] avg loss: 0.6129
[Epoch 14, Batch   150] avg loss: 0.6073
[Epoch 14, Batch   200] avg loss: 0.5968
[Epoch 14, Batch   250] avg loss: 0.5977
[Epoch 14, Batch   300] avg loss: 0.5776
Validation loss: 0.7234 (61 batches)
loss_per_epoch_list on epoch 14 is [0.6874512434005737, 0.6784741331319339, 0.7033558497663404, 0.6735744652200918, 0.6500559957301031, 0.6551063920630783, 0.6367426651423095, 0.7133540579530059, 0.6335450518326681, 0.6070375911525039, 0.6321941262385884, 0.6100491896027425, 0.6550659674112914, 0.7234205505887016]

Checkpoint saved at /cluster/tufts/capstone25skyblue/eelkus01/NEXRADTurbulencePrediction/model_training/trained_model_outputs/resnet_42_model_checkpoint.pth for l2_alpha_idx: 2, fold 3, and epoch 14
BEGINNING EPOCH 15
[Epoch 15, Batch    50] avg loss: 0.5874
[Epoch 15, Batch   100] avg loss: 0.5793
[Epoch 15, Batch   150] avg loss: 0.5835
[Epoch 15, Batch   200] avg loss: 0.5814
[Epoch 15, Batch   250] avg loss: 0.5780
[Epoch 15, Batch   300] avg loss: 0.5839
Validation loss: 0.7212 (61 batches)
loss_per_epoch_list on epoch 15 is [0.6874512434005737, 0.6784741331319339, 0.7033558497663404, 0.6735744652200918, 0.6500559957301031, 0.6551063920630783, 0.6367426651423095, 0.7133540579530059, 0.6335450518326681, 0.6070375911525039, 0.6321941262385884, 0.6100491896027425, 0.6550659674112914, 0.7234205505887016, 0.7211740847493782]

Checkpoint saved at /cluster/tufts/capstone25skyblue/eelkus01/NEXRADTurbulencePrediction/model_training/trained_model_outputs/resnet_42_model_checkpoint.pth for l2_alpha_idx: 2, fold 3, and epoch 15
BEGINNING EPOCH 16
[Epoch 16, Batch    50] avg loss: 0.5744
[Epoch 16, Batch   100] avg loss: 0.5615
[Epoch 16, Batch   150] avg loss: 0.5677
[Epoch 16, Batch   200] avg loss: 0.5433
[Epoch 16, Batch   250] avg loss: 0.5370
[Epoch 16, Batch   300] avg loss: 0.5361
Validation loss: 0.6572 (61 batches)
loss_per_epoch_list on epoch 16 is [0.6874512434005737, 0.6784741331319339, 0.7033558497663404, 0.6735744652200918, 0.6500559957301031, 0.6551063920630783, 0.6367426651423095, 0.7133540579530059, 0.6335450518326681, 0.6070375911525039, 0.6321941262385884, 0.6100491896027425, 0.6550659674112914, 0.7234205505887016, 0.7211740847493782, 0.6571680776408462]

Checkpoint saved at /cluster/tufts/capstone25skyblue/eelkus01/NEXRADTurbulencePrediction/model_training/trained_model_outputs/resnet_42_model_checkpoint.pth for l2_alpha_idx: 2, fold 3, and epoch 16
BEGINNING EPOCH 17
[Epoch 17, Batch    50] avg loss: 0.5405
[Epoch 17, Batch   100] avg loss: 0.5305
[Epoch 17, Batch   150] avg loss: 0.5138
[Epoch 17, Batch   200] avg loss: 0.5184
[Epoch 17, Batch   250] avg loss: 0.5068
[Epoch 17, Batch   300] avg loss: 0.5135
Validation loss: 0.6559 (61 batches)
loss_per_epoch_list on epoch 17 is [0.6874512434005737, 0.6784741331319339, 0.7033558497663404, 0.6735744652200918, 0.6500559957301031, 0.6551063920630783, 0.6367426651423095, 0.7133540579530059, 0.6335450518326681, 0.6070375911525039, 0.6321941262385884, 0.6100491896027425, 0.6550659674112914, 0.7234205505887016, 0.7211740847493782, 0.6571680776408462, 0.6559322134393161]

Checkpoint saved at /cluster/tufts/capstone25skyblue/eelkus01/NEXRADTurbulencePrediction/model_training/trained_model_outputs/resnet_42_model_checkpoint.pth for l2_alpha_idx: 2, fold 3, and epoch 17
BEGINNING EPOCH 18
[Epoch 18, Batch    50] avg loss: 0.4992
[Epoch 18, Batch   100] avg loss: 0.4794
[Epoch 18, Batch   150] avg loss: 0.4767
[Epoch 18, Batch   200] avg loss: 0.4950
[Epoch 18, Batch   250] avg loss: 0.4732
[Epoch 18, Batch   300] avg loss: 0.4545
Validation loss: 0.7265 (61 batches)
loss_per_epoch_list on epoch 18 is [0.6874512434005737, 0.6784741331319339, 0.7033558497663404, 0.6735744652200918, 0.6500559957301031, 0.6551063920630783, 0.6367426651423095, 0.7133540579530059, 0.6335450518326681, 0.6070375911525039, 0.6321941262385884, 0.6100491896027425, 0.6550659674112914, 0.7234205505887016, 0.7211740847493782, 0.6571680776408462, 0.6559322134393161, 0.7264536067110593]

Checkpoint saved at /cluster/tufts/capstone25skyblue/eelkus01/NEXRADTurbulencePrediction/model_training/trained_model_outputs/resnet_42_model_checkpoint.pth for l2_alpha_idx: 2, fold 3, and epoch 18
BEGINNING EPOCH 19
[Epoch 19, Batch    50] avg loss: 0.4708
[Epoch 19, Batch   100] avg loss: 0.4194
[Epoch 19, Batch   150] avg loss: 0.4590
[Epoch 19, Batch   200] avg loss: 0.4200
[Epoch 19, Batch   250] avg loss: 0.4220
[Epoch 19, Batch   300] avg loss: 0.4143
Validation loss: 0.7860 (61 batches)
loss_per_epoch_list on epoch 19 is [0.6874512434005737, 0.6784741331319339, 0.7033558497663404, 0.6735744652200918, 0.6500559957301031, 0.6551063920630783, 0.6367426651423095, 0.7133540579530059, 0.6335450518326681, 0.6070375911525039, 0.6321941262385884, 0.6100491896027425, 0.6550659674112914, 0.7234205505887016, 0.7211740847493782, 0.6571680776408462, 0.6559322134393161, 0.7264536067110593, 0.7859912485372825]

Checkpoint saved at /cluster/tufts/capstone25skyblue/eelkus01/NEXRADTurbulencePrediction/model_training/trained_model_outputs/resnet_42_model_checkpoint.pth for l2_alpha_idx: 2, fold 3, and epoch 19
BEGINNING EPOCH 20
[Epoch 20, Batch    50] avg loss: 0.4047
[Epoch 20, Batch   100] avg loss: 0.4152
[Epoch 20, Batch   150] avg loss: 0.3921
[Epoch 20, Batch   200] avg loss: 0.4085
[Epoch 20, Batch   250] avg loss: 0.3756
[Epoch 20, Batch   300] avg loss: 0.3459
Validation loss: 0.8676 (61 batches)
loss_per_epoch_list on epoch 20 is [0.6874512434005737, 0.6784741331319339, 0.7033558497663404, 0.6735744652200918, 0.6500559957301031, 0.6551063920630783, 0.6367426651423095, 0.7133540579530059, 0.6335450518326681, 0.6070375911525039, 0.6321941262385884, 0.6100491896027425, 0.6550659674112914, 0.7234205505887016, 0.7211740847493782, 0.6571680776408462, 0.6559322134393161, 0.7264536067110593, 0.7859912485372825, 0.8676282216290958]

Checkpoint saved at /cluster/tufts/capstone25skyblue/eelkus01/NEXRADTurbulencePrediction/model_training/trained_model_outputs/resnet_42_model_checkpoint.pth for l2_alpha_idx: 2, fold 3, and epoch 20
BEGINNING EPOCH 21
[Epoch 21, Batch    50] avg loss: 0.3774
[Epoch 21, Batch   100] avg loss: 0.3359
[Epoch 21, Batch   150] avg loss: 0.3637
[Epoch 21, Batch   200] avg loss: 0.3440
[Epoch 21, Batch   250] avg loss: 0.3514
[Epoch 21, Batch   300] avg loss: 0.3374
Validation loss: 0.8755 (61 batches)
loss_per_epoch_list on epoch 21 is [0.6874512434005737, 0.6784741331319339, 0.7033558497663404, 0.6735744652200918, 0.6500559957301031, 0.6551063920630783, 0.6367426651423095, 0.7133540579530059, 0.6335450518326681, 0.6070375911525039, 0.6321941262385884, 0.6100491896027425, 0.6550659674112914, 0.7234205505887016, 0.7211740847493782, 0.6571680776408462, 0.6559322134393161, 0.7264536067110593, 0.7859912485372825, 0.8676282216290958, 0.8754652885139965]

Checkpoint saved at /cluster/tufts/capstone25skyblue/eelkus01/NEXRADTurbulencePrediction/model_training/trained_model_outputs/resnet_42_model_checkpoint.pth for l2_alpha_idx: 2, fold 3, and epoch 21
BEGINNING EPOCH 22
[Epoch 22, Batch    50] avg loss: 0.3055
[Epoch 22, Batch   100] avg loss: 0.3322
[Epoch 22, Batch   150] avg loss: 0.3038
[Epoch 22, Batch   200] avg loss: 0.2925
[Epoch 22, Batch   250] avg loss: 0.3073
[Epoch 22, Batch   300] avg loss: 0.2779
Validation loss: 1.0093 (61 batches)
loss_per_epoch_list on epoch 22 is [0.6874512434005737, 0.6784741331319339, 0.7033558497663404, 0.6735744652200918, 0.6500559957301031, 0.6551063920630783, 0.6367426651423095, 0.7133540579530059, 0.6335450518326681, 0.6070375911525039, 0.6321941262385884, 0.6100491896027425, 0.6550659674112914, 0.7234205505887016, 0.7211740847493782, 0.6571680776408462, 0.6559322134393161, 0.7264536067110593, 0.7859912485372825, 0.8676282216290958, 0.8754652885139965, 1.0092704550164644]

Checkpoint saved at /cluster/tufts/capstone25skyblue/eelkus01/NEXRADTurbulencePrediction/model_training/trained_model_outputs/resnet_42_model_checkpoint.pth for l2_alpha_idx: 2, fold 3, and epoch 22
BEGINNING EPOCH 23
[Epoch 23, Batch    50] avg loss: 0.2914
[Epoch 23, Batch   100] avg loss: 0.2668
[Epoch 23, Batch   150] avg loss: 0.2712
[Epoch 23, Batch   200] avg loss: 0.2703
[Epoch 23, Batch   250] avg loss: 0.2952
[Epoch 23, Batch   300] avg loss: 0.2503
Validation loss: 1.2347 (61 batches)
loss_per_epoch_list on epoch 23 is [0.6874512434005737, 0.6784741331319339, 0.7033558497663404, 0.6735744652200918, 0.6500559957301031, 0.6551063920630783, 0.6367426651423095, 0.7133540579530059, 0.6335450518326681, 0.6070375911525039, 0.6321941262385884, 0.6100491896027425, 0.6550659674112914, 0.7234205505887016, 0.7211740847493782, 0.6571680776408462, 0.6559322134393161, 0.7264536067110593, 0.7859912485372825, 0.8676282216290958, 0.8754652885139965, 1.0092704550164644, 1.2346788713189423]

Checkpoint saved at /cluster/tufts/capstone25skyblue/eelkus01/NEXRADTurbulencePrediction/model_training/trained_model_outputs/resnet_42_model_checkpoint.pth for l2_alpha_idx: 2, fold 3, and epoch 23
BEGINNING EPOCH 24
[Epoch 24, Batch    50] avg loss: 0.2275
[Epoch 24, Batch   100] avg loss: 0.2382
[Epoch 24, Batch   150] avg loss: 0.2440
[Epoch 24, Batch   200] avg loss: 0.2782
[Epoch 24, Batch   250] avg loss: 0.2284
[Epoch 24, Batch   300] avg loss: 0.2267
Validation loss: 1.0641 (61 batches)
loss_per_epoch_list on epoch 24 is [0.6874512434005737, 0.6784741331319339, 0.7033558497663404, 0.6735744652200918, 0.6500559957301031, 0.6551063920630783, 0.6367426651423095, 0.7133540579530059, 0.6335450518326681, 0.6070375911525039, 0.6321941262385884, 0.6100491896027425, 0.6550659674112914, 0.7234205505887016, 0.7211740847493782, 0.6571680776408462, 0.6559322134393161, 0.7264536067110593, 0.7859912485372825, 0.8676282216290958, 0.8754652885139965, 1.0092704550164644, 1.2346788713189423, 1.064056149271668]

Checkpoint saved at /cluster/tufts/capstone25skyblue/eelkus01/NEXRADTurbulencePrediction/model_training/trained_model_outputs/resnet_42_model_checkpoint.pth for l2_alpha_idx: 2, fold 3, and epoch 24
BEGINNING EPOCH 25
[Epoch 25, Batch    50] avg loss: 0.2290
[Epoch 25, Batch   100] avg loss: 0.1949
[Epoch 25, Batch   150] avg loss: 0.2081
[Epoch 25, Batch   200] avg loss: 0.2080
[Epoch 25, Batch   250] avg loss: 0.1961
[Epoch 25, Batch   300] avg loss: 0.2083
Validation loss: 1.2565 (61 batches)
loss_per_epoch_list on epoch 25 is [0.6874512434005737, 0.6784741331319339, 0.7033558497663404, 0.6735744652200918, 0.6500559957301031, 0.6551063920630783, 0.6367426651423095, 0.7133540579530059, 0.6335450518326681, 0.6070375911525039, 0.6321941262385884, 0.6100491896027425, 0.6550659674112914, 0.7234205505887016, 0.7211740847493782, 0.6571680776408462, 0.6559322134393161, 0.7264536067110593, 0.7859912485372825, 0.8676282216290958, 0.8754652885139965, 1.0092704550164644, 1.2346788713189423, 1.064056149271668, 1.2565054610127309]

Checkpoint saved at /cluster/tufts/capstone25skyblue/eelkus01/NEXRADTurbulencePrediction/model_training/trained_model_outputs/resnet_42_model_checkpoint.pth for l2_alpha_idx: 2, fold 3, and epoch 25
BEGINNING EPOCH 26
[Epoch 26, Batch    50] avg loss: 0.1949
[Epoch 26, Batch   100] avg loss: 0.2056
[Epoch 26, Batch   150] avg loss: 0.1878
[Epoch 26, Batch   200] avg loss: 0.1899
[Epoch 26, Batch   250] avg loss: 0.1688
[Epoch 26, Batch   300] avg loss: 0.2107
Validation loss: 1.1796 (61 batches)
loss_per_epoch_list on epoch 26 is [0.6874512434005737, 0.6784741331319339, 0.7033558497663404, 0.6735744652200918, 0.6500559957301031, 0.6551063920630783, 0.6367426651423095, 0.7133540579530059, 0.6335450518326681, 0.6070375911525039, 0.6321941262385884, 0.6100491896027425, 0.6550659674112914, 0.7234205505887016, 0.7211740847493782, 0.6571680776408462, 0.6559322134393161, 0.7264536067110593, 0.7859912485372825, 0.8676282216290958, 0.8754652885139965, 1.0092704550164644, 1.2346788713189423, 1.064056149271668, 1.2565054610127309, 1.1795911202665235]

Checkpoint saved at /cluster/tufts/capstone25skyblue/eelkus01/NEXRADTurbulencePrediction/model_training/trained_model_outputs/resnet_42_model_checkpoint.pth for l2_alpha_idx: 2, fold 3, and epoch 26
BEGINNING EPOCH 27
[Epoch 27, Batch    50] avg loss: 0.1864
[Epoch 27, Batch   100] avg loss: 0.1923
[Epoch 27, Batch   150] avg loss: 0.1785
[Epoch 27, Batch   200] avg loss: 0.1688
[Epoch 27, Batch   250] avg loss: 0.1873
[Epoch 27, Batch   300] avg loss: 0.1830
Validation loss: 1.3895 (61 batches)
loss_per_epoch_list on epoch 27 is [0.6874512434005737, 0.6784741331319339, 0.7033558497663404, 0.6735744652200918, 0.6500559957301031, 0.6551063920630783, 0.6367426651423095, 0.7133540579530059, 0.6335450518326681, 0.6070375911525039, 0.6321941262385884, 0.6100491896027425, 0.6550659674112914, 0.7234205505887016, 0.7211740847493782, 0.6571680776408462, 0.6559322134393161, 0.7264536067110593, 0.7859912485372825, 0.8676282216290958, 0.8754652885139965, 1.0092704550164644, 1.2346788713189423, 1.064056149271668, 1.2565054610127309, 1.1795911202665235, 1.3894785251773771]

Checkpoint saved at /cluster/tufts/capstone25skyblue/eelkus01/NEXRADTurbulencePrediction/model_training/trained_model_outputs/resnet_42_model_checkpoint.pth for l2_alpha_idx: 2, fold 3, and epoch 27
BEGINNING EPOCH 28
[Epoch 28, Batch    50] avg loss: 0.1463
[Epoch 28, Batch   100] avg loss: 0.1674
[Epoch 28, Batch   150] avg loss: 0.1582
[Epoch 28, Batch   200] avg loss: 0.1526
[Epoch 28, Batch   250] avg loss: 0.1439
[Epoch 28, Batch   300] avg loss: 0.1437
Validation loss: 1.6462 (61 batches)
loss_per_epoch_list on epoch 28 is [0.6874512434005737, 0.6784741331319339, 0.7033558497663404, 0.6735744652200918, 0.6500559957301031, 0.6551063920630783, 0.6367426651423095, 0.7133540579530059, 0.6335450518326681, 0.6070375911525039, 0.6321941262385884, 0.6100491896027425, 0.6550659674112914, 0.7234205505887016, 0.7211740847493782, 0.6571680776408462, 0.6559322134393161, 0.7264536067110593, 0.7859912485372825, 0.8676282216290958, 0.8754652885139965, 1.0092704550164644, 1.2346788713189423, 1.064056149271668, 1.2565054610127309, 1.1795911202665235, 1.3894785251773771, 1.6461678899702479]

Checkpoint saved at /cluster/tufts/capstone25skyblue/eelkus01/NEXRADTurbulencePrediction/model_training/trained_model_outputs/resnet_42_model_checkpoint.pth for l2_alpha_idx: 2, fold 3, and epoch 28
BEGINNING EPOCH 29
[Epoch 29, Batch    50] avg loss: 0.1551
[Epoch 29, Batch   100] avg loss: 0.1447
[Epoch 29, Batch   150] avg loss: 0.1691
[Epoch 29, Batch   200] avg loss: 0.1632
[Epoch 29, Batch   250] avg loss: 0.1606
[Epoch 29, Batch   300] avg loss: 0.1441
Validation loss: 1.6054 (61 batches)
loss_per_epoch_list on epoch 29 is [0.6874512434005737, 0.6784741331319339, 0.7033558497663404, 0.6735744652200918, 0.6500559957301031, 0.6551063920630783, 0.6367426651423095, 0.7133540579530059, 0.6335450518326681, 0.6070375911525039, 0.6321941262385884, 0.6100491896027425, 0.6550659674112914, 0.7234205505887016, 0.7211740847493782, 0.6571680776408462, 0.6559322134393161, 0.7264536067110593, 0.7859912485372825, 0.8676282216290958, 0.8754652885139965, 1.0092704550164644, 1.2346788713189423, 1.064056149271668, 1.2565054610127309, 1.1795911202665235, 1.3894785251773771, 1.6461678899702479, 1.605351501800975]

Checkpoint saved at /cluster/tufts/capstone25skyblue/eelkus01/NEXRADTurbulencePrediction/model_training/trained_model_outputs/resnet_42_model_checkpoint.pth for l2_alpha_idx: 2, fold 3, and epoch 29
Fold 3 had loss: 1.605351501800975 on its last epoch

Fold 4 with l2_alpha = 0.001
Train subset size: 19254, Validation subset size: 3850
BEGINNING EPOCH 1
[Epoch 1, Batch    50] avg loss: 5.8152
[Epoch 1, Batch   100] avg loss: 0.8690
[Epoch 1, Batch   150] avg loss: 0.7740
[Epoch 1, Batch   200] avg loss: 0.7855
[Epoch 1, Batch   250] avg loss: 0.7201
[Epoch 1, Batch   300] avg loss: 0.7035
Validation loss: 0.6984 (61 batches)
loss_per_epoch_list on epoch 1 is [0.6983927253816948]

Checkpoint saved at /cluster/tufts/capstone25skyblue/eelkus01/NEXRADTurbulencePrediction/model_training/trained_model_outputs/resnet_42_model_checkpoint.pth for l2_alpha_idx: 2, fold 4, and epoch 1
BEGINNING EPOCH 2
[Epoch 2, Batch    50] avg loss: 0.7029
[Epoch 2, Batch   100] avg loss: 0.7005
[Epoch 2, Batch   150] avg loss: 0.7011
[Epoch 2, Batch   200] avg loss: 0.6986
[Epoch 2, Batch   250] avg loss: 0.6947
[Epoch 2, Batch   300] avg loss: 0.6944
Validation loss: 0.7015 (61 batches)
loss_per_epoch_list on epoch 2 is [0.6983927253816948, 0.7014738917350769]

Checkpoint saved at /cluster/tufts/capstone25skyblue/eelkus01/NEXRADTurbulencePrediction/model_training/trained_model_outputs/resnet_42_model_checkpoint.pth for l2_alpha_idx: 2, fold 4, and epoch 2
BEGINNING EPOCH 3
[Epoch 3, Batch    50] avg loss: 0.6933
[Epoch 3, Batch   100] avg loss: 0.6941
[Epoch 3, Batch   150] avg loss: 0.6942
[Epoch 3, Batch   200] avg loss: 0.6930
[Epoch 3, Batch   250] avg loss: 0.6933
[Epoch 3, Batch   300] avg loss: 0.6903
Validation loss: 0.7072 (61 batches)
loss_per_epoch_list on epoch 3 is [0.6983927253816948, 0.7014738917350769, 0.7072108690855933]

Checkpoint saved at /cluster/tufts/capstone25skyblue/eelkus01/NEXRADTurbulencePrediction/model_training/trained_model_outputs/resnet_42_model_checkpoint.pth for l2_alpha_idx: 2, fold 4, and epoch 3
BEGINNING EPOCH 4
[Epoch 4, Batch    50] avg loss: 0.6943
[Epoch 4, Batch   100] avg loss: 0.6918
[Epoch 4, Batch   150] avg loss: 0.6956
[Epoch 4, Batch   200] avg loss: 0.6981
[Epoch 4, Batch   250] avg loss: 0.6932
[Epoch 4, Batch   300] avg loss: 0.6917
Validation loss: 0.6777 (61 batches)
loss_per_epoch_list on epoch 4 is [0.6983927253816948, 0.7014738917350769, 0.7072108690855933, 0.67770994588977]

Checkpoint saved at /cluster/tufts/capstone25skyblue/eelkus01/NEXRADTurbulencePrediction/model_training/trained_model_outputs/resnet_42_model_checkpoint.pth for l2_alpha_idx: 2, fold 4, and epoch 4
BEGINNING EPOCH 5
[Epoch 5, Batch    50] avg loss: 0.6946
[Epoch 5, Batch   100] avg loss: 0.6893
[Epoch 5, Batch   150] avg loss: 0.6917
[Epoch 5, Batch   200] avg loss: 0.6874
[Epoch 5, Batch   250] avg loss: 0.6885
[Epoch 5, Batch   300] avg loss: 0.6876
Validation loss: 0.7019 (61 batches)
loss_per_epoch_list on epoch 5 is [0.6983927253816948, 0.7014738917350769, 0.7072108690855933, 0.67770994588977, 0.7019454016060126]

Checkpoint saved at /cluster/tufts/capstone25skyblue/eelkus01/NEXRADTurbulencePrediction/model_training/trained_model_outputs/resnet_42_model_checkpoint.pth for l2_alpha_idx: 2, fold 4, and epoch 5
BEGINNING EPOCH 6
[Epoch 6, Batch    50] avg loss: 0.6841
[Epoch 6, Batch   100] avg loss: 0.6935
[Epoch 6, Batch   150] avg loss: 0.6865
[Epoch 6, Batch   200] avg loss: 0.6849
[Epoch 6, Batch   250] avg loss: 0.6873
[Epoch 6, Batch   300] avg loss: 0.6867
Validation loss: 0.6897 (61 batches)
loss_per_epoch_list on epoch 6 is [0.6983927253816948, 0.7014738917350769, 0.7072108690855933, 0.67770994588977, 0.7019454016060126, 0.6897033746125268]

Checkpoint saved at /cluster/tufts/capstone25skyblue/eelkus01/NEXRADTurbulencePrediction/model_training/trained_model_outputs/resnet_42_model_checkpoint.pth for l2_alpha_idx: 2, fold 4, and epoch 6
BEGINNING EPOCH 7
[Epoch 7, Batch    50] avg loss: 0.6791
[Epoch 7, Batch   100] avg loss: 0.6867
[Epoch 7, Batch   150] avg loss: 0.6819
[Epoch 7, Batch   200] avg loss: 0.6761
[Epoch 7, Batch   250] avg loss: 0.6857
[Epoch 7, Batch   300] avg loss: 0.6802
Validation loss: 0.6706 (61 batches)
loss_per_epoch_list on epoch 7 is [0.6983927253816948, 0.7014738917350769, 0.7072108690855933, 0.67770994588977, 0.7019454016060126, 0.6897033746125268, 0.6706363959390609]

Checkpoint saved at /cluster/tufts/capstone25skyblue/eelkus01/NEXRADTurbulencePrediction/model_training/trained_model_outputs/resnet_42_model_checkpoint.pth for l2_alpha_idx: 2, fold 4, and epoch 7
BEGINNING EPOCH 8
[Epoch 8, Batch    50] avg loss: 0.6744
[Epoch 8, Batch   100] avg loss: 0.6760
[Epoch 8, Batch   150] avg loss: 0.6783
[Epoch 8, Batch   200] avg loss: 0.6798
[Epoch 8, Batch   250] avg loss: 0.6755
[Epoch 8, Batch   300] avg loss: 0.6707
Validation loss: 0.6890 (61 batches)
loss_per_epoch_list on epoch 8 is [0.6983927253816948, 0.7014738917350769, 0.7072108690855933, 0.67770994588977, 0.7019454016060126, 0.6897033746125268, 0.6706363959390609, 0.6889835390888277]

Checkpoint saved at /cluster/tufts/capstone25skyblue/eelkus01/NEXRADTurbulencePrediction/model_training/trained_model_outputs/resnet_42_model_checkpoint.pth for l2_alpha_idx: 2, fold 4, and epoch 8
BEGINNING EPOCH 9
[Epoch 9, Batch    50] avg loss: 0.6730
[Epoch 9, Batch   100] avg loss: 0.6774
[Epoch 9, Batch   150] avg loss: 0.6750
[Epoch 9, Batch   200] avg loss: 0.6737
[Epoch 9, Batch   250] avg loss: 0.6701
[Epoch 9, Batch   300] avg loss: 0.6698
Validation loss: 0.6614 (61 batches)
loss_per_epoch_list on epoch 9 is [0.6983927253816948, 0.7014738917350769, 0.7072108690855933, 0.67770994588977, 0.7019454016060126, 0.6897033746125268, 0.6706363959390609, 0.6889835390888277, 0.661362286473884]

Checkpoint saved at /cluster/tufts/capstone25skyblue/eelkus01/NEXRADTurbulencePrediction/model_training/trained_model_outputs/resnet_42_model_checkpoint.pth for l2_alpha_idx: 2, fold 4, and epoch 9
BEGINNING EPOCH 10
[Epoch 10, Batch    50] avg loss: 0.6772
[Epoch 10, Batch   100] avg loss: 0.6673
[Epoch 10, Batch   150] avg loss: 0.6697
[Epoch 10, Batch   200] avg loss: 0.6625
[Epoch 10, Batch   250] avg loss: 0.6688
[Epoch 10, Batch   300] avg loss: 0.6539
Validation loss: 0.6595 (61 batches)
loss_per_epoch_list on epoch 10 is [0.6983927253816948, 0.7014738917350769, 0.7072108690855933, 0.67770994588977, 0.7019454016060126, 0.6897033746125268, 0.6706363959390609, 0.6889835390888277, 0.661362286473884, 0.6594744041317799]

Checkpoint saved at /cluster/tufts/capstone25skyblue/eelkus01/NEXRADTurbulencePrediction/model_training/trained_model_outputs/resnet_42_model_checkpoint.pth for l2_alpha_idx: 2, fold 4, and epoch 10
BEGINNING EPOCH 11
[Epoch 11, Batch    50] avg loss: 0.6607
[Epoch 11, Batch   100] avg loss: 0.6539
[Epoch 11, Batch   150] avg loss: 0.6611
[Epoch 11, Batch   200] avg loss: 0.6561
[Epoch 11, Batch   250] avg loss: 0.6605
[Epoch 11, Batch   300] avg loss: 0.6583
Validation loss: 0.6787 (61 batches)
loss_per_epoch_list on epoch 11 is [0.6983927253816948, 0.7014738917350769, 0.7072108690855933, 0.67770994588977, 0.7019454016060126, 0.6897033746125268, 0.6706363959390609, 0.6889835390888277, 0.661362286473884, 0.6594744041317799, 0.6787384640975077]

Checkpoint saved at /cluster/tufts/capstone25skyblue/eelkus01/NEXRADTurbulencePrediction/model_training/trained_model_outputs/resnet_42_model_checkpoint.pth for l2_alpha_idx: 2, fold 4, and epoch 11
BEGINNING EPOCH 12
[Epoch 12, Batch    50] avg loss: 0.6546
[Epoch 12, Batch   100] avg loss: 0.6610
[Epoch 12, Batch   150] avg loss: 0.6550
[Epoch 12, Batch   200] avg loss: 0.6637
[Epoch 12, Batch   250] avg loss: 0.6669
[Epoch 12, Batch   300] avg loss: 0.6415
Validation loss: 0.6876 (61 batches)
loss_per_epoch_list on epoch 12 is [0.6983927253816948, 0.7014738917350769, 0.7072108690855933, 0.67770994588977, 0.7019454016060126, 0.6897033746125268, 0.6706363959390609, 0.6889835390888277, 0.661362286473884, 0.6594744041317799, 0.6787384640975077, 0.6875862039503504]

Checkpoint saved at /cluster/tufts/capstone25skyblue/eelkus01/NEXRADTurbulencePrediction/model_training/trained_model_outputs/resnet_42_model_checkpoint.pth for l2_alpha_idx: 2, fold 4, and epoch 12
BEGINNING EPOCH 13
[Epoch 13, Batch    50] avg loss: 0.6625
[Epoch 13, Batch   100] avg loss: 0.6550
[Epoch 13, Batch   150] avg loss: 0.6482
[Epoch 13, Batch   200] avg loss: 0.6514
[Epoch 13, Batch   250] avg loss: 0.6477
[Epoch 13, Batch   300] avg loss: 0.6415
Validation loss: 0.6332 (61 batches)
loss_per_epoch_list on epoch 13 is [0.6983927253816948, 0.7014738917350769, 0.7072108690855933, 0.67770994588977, 0.7019454016060126, 0.6897033746125268, 0.6706363959390609, 0.6889835390888277, 0.661362286473884, 0.6594744041317799, 0.6787384640975077, 0.6875862039503504, 0.6332434669869845]

Checkpoint saved at /cluster/tufts/capstone25skyblue/eelkus01/NEXRADTurbulencePrediction/model_training/trained_model_outputs/resnet_42_model_checkpoint.pth for l2_alpha_idx: 2, fold 4, and epoch 13
BEGINNING EPOCH 14
[Epoch 14, Batch    50] avg loss: 0.6513
[Epoch 14, Batch   100] avg loss: 0.6497
[Epoch 14, Batch   150] avg loss: 0.6474
[Epoch 14, Batch   200] avg loss: 0.6423
[Epoch 14, Batch   250] avg loss: 0.6464
[Epoch 14, Batch   300] avg loss: 0.6506
Validation loss: 0.6765 (61 batches)
loss_per_epoch_list on epoch 14 is [0.6983927253816948, 0.7014738917350769, 0.7072108690855933, 0.67770994588977, 0.7019454016060126, 0.6897033746125268, 0.6706363959390609, 0.6889835390888277, 0.661362286473884, 0.6594744041317799, 0.6787384640975077, 0.6875862039503504, 0.6332434669869845, 0.6764862683952831]

Checkpoint saved at /cluster/tufts/capstone25skyblue/eelkus01/NEXRADTurbulencePrediction/model_training/trained_model_outputs/resnet_42_model_checkpoint.pth for l2_alpha_idx: 2, fold 4, and epoch 14
BEGINNING EPOCH 15
[Epoch 15, Batch    50] avg loss: 0.6419
[Epoch 15, Batch   100] avg loss: 0.6420
[Epoch 15, Batch   150] avg loss: 0.6463
[Epoch 15, Batch   200] avg loss: 0.6558
[Epoch 15, Batch   250] avg loss: 0.6445
[Epoch 15, Batch   300] avg loss: 0.6466
Validation loss: 0.7113 (61 batches)
loss_per_epoch_list on epoch 15 is [0.6983927253816948, 0.7014738917350769, 0.7072108690855933, 0.67770994588977, 0.7019454016060126, 0.6897033746125268, 0.6706363959390609, 0.6889835390888277, 0.661362286473884, 0.6594744041317799, 0.6787384640975077, 0.6875862039503504, 0.6332434669869845, 0.6764862683952831, 0.7113379025068439]

Checkpoint saved at /cluster/tufts/capstone25skyblue/eelkus01/NEXRADTurbulencePrediction/model_training/trained_model_outputs/resnet_42_model_checkpoint.pth for l2_alpha_idx: 2, fold 4, and epoch 15
BEGINNING EPOCH 16
[Epoch 16, Batch    50] avg loss: 0.6427
[Epoch 16, Batch   100] avg loss: 0.6389
[Epoch 16, Batch   150] avg loss: 0.6282
[Epoch 16, Batch   200] avg loss: 0.6420
[Epoch 16, Batch   250] avg loss: 0.6383
[Epoch 16, Batch   300] avg loss: 0.6365
Validation loss: 0.6382 (61 batches)
loss_per_epoch_list on epoch 16 is [0.6983927253816948, 0.7014738917350769, 0.7072108690855933, 0.67770994588977, 0.7019454016060126, 0.6897033746125268, 0.6706363959390609, 0.6889835390888277, 0.661362286473884, 0.6594744041317799, 0.6787384640975077, 0.6875862039503504, 0.6332434669869845, 0.6764862683952831, 0.7113379025068439, 0.6382376385516808]

Checkpoint saved at /cluster/tufts/capstone25skyblue/eelkus01/NEXRADTurbulencePrediction/model_training/trained_model_outputs/resnet_42_model_checkpoint.pth for l2_alpha_idx: 2, fold 4, and epoch 16
BEGINNING EPOCH 17
[Epoch 17, Batch    50] avg loss: 0.6330
[Epoch 17, Batch   100] avg loss: 0.6413
[Epoch 17, Batch   150] avg loss: 0.6295
[Epoch 17, Batch   200] avg loss: 0.6363
[Epoch 17, Batch   250] avg loss: 0.6239
[Epoch 17, Batch   300] avg loss: 0.6300
Validation loss: 0.6093 (61 batches)
loss_per_epoch_list on epoch 17 is [0.6983927253816948, 0.7014738917350769, 0.7072108690855933, 0.67770994588977, 0.7019454016060126, 0.6897033746125268, 0.6706363959390609, 0.6889835390888277, 0.661362286473884, 0.6594744041317799, 0.6787384640975077, 0.6875862039503504, 0.6332434669869845, 0.6764862683952831, 0.7113379025068439, 0.6382376385516808, 0.609257228061801]

Checkpoint saved at /cluster/tufts/capstone25skyblue/eelkus01/NEXRADTurbulencePrediction/model_training/trained_model_outputs/resnet_42_model_checkpoint.pth for l2_alpha_idx: 2, fold 4, and epoch 17
BEGINNING EPOCH 18
[Epoch 18, Batch    50] avg loss: 0.6335
[Epoch 18, Batch   100] avg loss: 0.6284
[Epoch 18, Batch   150] avg loss: 0.6375
[Epoch 18, Batch   200] avg loss: 0.6283
[Epoch 18, Batch   250] avg loss: 0.6230
[Epoch 18, Batch   300] avg loss: 0.6293
Validation loss: 0.7008 (61 batches)
loss_per_epoch_list on epoch 18 is [0.6983927253816948, 0.7014738917350769, 0.7072108690855933, 0.67770994588977, 0.7019454016060126, 0.6897033746125268, 0.6706363959390609, 0.6889835390888277, 0.661362286473884, 0.6594744041317799, 0.6787384640975077, 0.6875862039503504, 0.6332434669869845, 0.6764862683952831, 0.7113379025068439, 0.6382376385516808, 0.609257228061801, 0.7007683613261239]

Checkpoint saved at /cluster/tufts/capstone25skyblue/eelkus01/NEXRADTurbulencePrediction/model_training/trained_model_outputs/resnet_42_model_checkpoint.pth for l2_alpha_idx: 2, fold 4, and epoch 18
BEGINNING EPOCH 19
[Epoch 19, Batch    50] avg loss: 0.6173
[Epoch 19, Batch   100] avg loss: 0.6297
[Epoch 19, Batch   150] avg loss: 0.6142
[Epoch 19, Batch   200] avg loss: 0.6309
[Epoch 19, Batch   250] avg loss: 0.6096
[Epoch 19, Batch   300] avg loss: 0.6225
Validation loss: 0.6402 (61 batches)
loss_per_epoch_list on epoch 19 is [0.6983927253816948, 0.7014738917350769, 0.7072108690855933, 0.67770994588977, 0.7019454016060126, 0.6897033746125268, 0.6706363959390609, 0.6889835390888277, 0.661362286473884, 0.6594744041317799, 0.6787384640975077, 0.6875862039503504, 0.6332434669869845, 0.6764862683952831, 0.7113379025068439, 0.6382376385516808, 0.609257228061801, 0.7007683613261239, 0.6402337560888196]

Checkpoint saved at /cluster/tufts/capstone25skyblue/eelkus01/NEXRADTurbulencePrediction/model_training/trained_model_outputs/resnet_42_model_checkpoint.pth for l2_alpha_idx: 2, fold 4, and epoch 19
BEGINNING EPOCH 20
[Epoch 20, Batch    50] avg loss: 0.6132
[Epoch 20, Batch   100] avg loss: 0.6183
[Epoch 20, Batch   150] avg loss: 0.6127
[Epoch 20, Batch   200] avg loss: 0.6120
[Epoch 20, Batch   250] avg loss: 0.6115
[Epoch 20, Batch   300] avg loss: 0.6066
Validation loss: 0.6513 (61 batches)
loss_per_epoch_list on epoch 20 is [0.6983927253816948, 0.7014738917350769, 0.7072108690855933, 0.67770994588977, 0.7019454016060126, 0.6897033746125268, 0.6706363959390609, 0.6889835390888277, 0.661362286473884, 0.6594744041317799, 0.6787384640975077, 0.6875862039503504, 0.6332434669869845, 0.6764862683952831, 0.7113379025068439, 0.6382376385516808, 0.609257228061801, 0.7007683613261239, 0.6402337560888196, 0.6512911251333894]

Checkpoint saved at /cluster/tufts/capstone25skyblue/eelkus01/NEXRADTurbulencePrediction/model_training/trained_model_outputs/resnet_42_model_checkpoint.pth for l2_alpha_idx: 2, fold 4, and epoch 20
BEGINNING EPOCH 21
[Epoch 21, Batch    50] avg loss: 0.5984
[Epoch 21, Batch   100] avg loss: 0.6135
[Epoch 21, Batch   150] avg loss: 0.5992
[Epoch 21, Batch   200] avg loss: 0.5961
[Epoch 21, Batch   250] avg loss: 0.5943
[Epoch 21, Batch   300] avg loss: 0.6094
Validation loss: 0.6461 (61 batches)
loss_per_epoch_list on epoch 21 is [0.6983927253816948, 0.7014738917350769, 0.7072108690855933, 0.67770994588977, 0.7019454016060126, 0.6897033746125268, 0.6706363959390609, 0.6889835390888277, 0.661362286473884, 0.6594744041317799, 0.6787384640975077, 0.6875862039503504, 0.6332434669869845, 0.6764862683952831, 0.7113379025068439, 0.6382376385516808, 0.609257228061801, 0.7007683613261239, 0.6402337560888196, 0.6512911251333894, 0.6460991707004484]

Checkpoint saved at /cluster/tufts/capstone25skyblue/eelkus01/NEXRADTurbulencePrediction/model_training/trained_model_outputs/resnet_42_model_checkpoint.pth for l2_alpha_idx: 2, fold 4, and epoch 21
BEGINNING EPOCH 22
[Epoch 22, Batch    50] avg loss: 0.5899
[Epoch 22, Batch   100] avg loss: 0.5881
[Epoch 22, Batch   150] avg loss: 0.5867
[Epoch 22, Batch   200] avg loss: 0.5844
[Epoch 22, Batch   250] avg loss: 0.5899
[Epoch 22, Batch   300] avg loss: 0.5759
Validation loss: 0.6789 (61 batches)
loss_per_epoch_list on epoch 22 is [0.6983927253816948, 0.7014738917350769, 0.7072108690855933, 0.67770994588977, 0.7019454016060126, 0.6897033746125268, 0.6706363959390609, 0.6889835390888277, 0.661362286473884, 0.6594744041317799, 0.6787384640975077, 0.6875862039503504, 0.6332434669869845, 0.6764862683952831, 0.7113379025068439, 0.6382376385516808, 0.609257228061801, 0.7007683613261239, 0.6402337560888196, 0.6512911251333894, 0.6460991707004484, 0.6789291530358986]

Checkpoint saved at /cluster/tufts/capstone25skyblue/eelkus01/NEXRADTurbulencePrediction/model_training/trained_model_outputs/resnet_42_model_checkpoint.pth for l2_alpha_idx: 2, fold 4, and epoch 22
BEGINNING EPOCH 23
[Epoch 23, Batch    50] avg loss: 0.5761
[Epoch 23, Batch   100] avg loss: 0.5603
[Epoch 23, Batch   150] avg loss: 0.5730
[Epoch 23, Batch   200] avg loss: 0.5637
[Epoch 23, Batch   250] avg loss: 0.5739
[Epoch 23, Batch   300] avg loss: 0.5609
Validation loss: 0.6674 (61 batches)
loss_per_epoch_list on epoch 23 is [0.6983927253816948, 0.7014738917350769, 0.7072108690855933, 0.67770994588977, 0.7019454016060126, 0.6897033746125268, 0.6706363959390609, 0.6889835390888277, 0.661362286473884, 0.6594744041317799, 0.6787384640975077, 0.6875862039503504, 0.6332434669869845, 0.6764862683952831, 0.7113379025068439, 0.6382376385516808, 0.609257228061801, 0.7007683613261239, 0.6402337560888196, 0.6512911251333894, 0.6460991707004484, 0.6789291530358986, 0.6673956063927197]

Checkpoint saved at /cluster/tufts/capstone25skyblue/eelkus01/NEXRADTurbulencePrediction/model_training/trained_model_outputs/resnet_42_model_checkpoint.pth for l2_alpha_idx: 2, fold 4, and epoch 23
BEGINNING EPOCH 24
[Epoch 24, Batch    50] avg loss: 0.5711
[Epoch 24, Batch   100] avg loss: 0.5461
[Epoch 24, Batch   150] avg loss: 0.5422
[Epoch 24, Batch   200] avg loss: 0.5332
[Epoch 24, Batch   250] avg loss: 0.5454
[Epoch 24, Batch   300] avg loss: 0.5336
Validation loss: 0.7691 (61 batches)
loss_per_epoch_list on epoch 24 is [0.6983927253816948, 0.7014738917350769, 0.7072108690855933, 0.67770994588977, 0.7019454016060126, 0.6897033746125268, 0.6706363959390609, 0.6889835390888277, 0.661362286473884, 0.6594744041317799, 0.6787384640975077, 0.6875862039503504, 0.6332434669869845, 0.6764862683952831, 0.7113379025068439, 0.6382376385516808, 0.609257228061801, 0.7007683613261239, 0.6402337560888196, 0.6512911251333894, 0.6460991707004484, 0.6789291530358986, 0.6673956063927197, 0.7690513984101718]

Checkpoint saved at /cluster/tufts/capstone25skyblue/eelkus01/NEXRADTurbulencePrediction/model_training/trained_model_outputs/resnet_42_model_checkpoint.pth for l2_alpha_idx: 2, fold 4, and epoch 24
BEGINNING EPOCH 25
[Epoch 25, Batch    50] avg loss: 0.5299
[Epoch 25, Batch   100] avg loss: 0.5123
[Epoch 25, Batch   150] avg loss: 0.5366
[Epoch 25, Batch   200] avg loss: 0.5142
[Epoch 25, Batch   250] avg loss: 0.5250
[Epoch 25, Batch   300] avg loss: 0.5192
Validation loss: 0.6745 (61 batches)
loss_per_epoch_list on epoch 25 is [0.6983927253816948, 0.7014738917350769, 0.7072108690855933, 0.67770994588977, 0.7019454016060126, 0.6897033746125268, 0.6706363959390609, 0.6889835390888277, 0.661362286473884, 0.6594744041317799, 0.6787384640975077, 0.6875862039503504, 0.6332434669869845, 0.6764862683952831, 0.7113379025068439, 0.6382376385516808, 0.609257228061801, 0.7007683613261239, 0.6402337560888196, 0.6512911251333894, 0.6460991707004484, 0.6789291530358986, 0.6673956063927197, 0.7690513984101718, 0.6744767608212643]

Checkpoint saved at /cluster/tufts/capstone25skyblue/eelkus01/NEXRADTurbulencePrediction/model_training/trained_model_outputs/resnet_42_model_checkpoint.pth for l2_alpha_idx: 2, fold 4, and epoch 25
BEGINNING EPOCH 26
[Epoch 26, Batch    50] avg loss: 0.5086
[Epoch 26, Batch   100] avg loss: 0.4900
[Epoch 26, Batch   150] avg loss: 0.4824
[Epoch 26, Batch   200] avg loss: 0.4940
[Epoch 26, Batch   250] avg loss: 0.4777
[Epoch 26, Batch   300] avg loss: 0.4792
Validation loss: 0.7486 (61 batches)
loss_per_epoch_list on epoch 26 is [0.6983927253816948, 0.7014738917350769, 0.7072108690855933, 0.67770994588977, 0.7019454016060126, 0.6897033746125268, 0.6706363959390609, 0.6889835390888277, 0.661362286473884, 0.6594744041317799, 0.6787384640975077, 0.6875862039503504, 0.6332434669869845, 0.6764862683952831, 0.7113379025068439, 0.6382376385516808, 0.609257228061801, 0.7007683613261239, 0.6402337560888196, 0.6512911251333894, 0.6460991707004484, 0.6789291530358986, 0.6673956063927197, 0.7690513984101718, 0.6744767608212643, 0.7485571112789091]

Checkpoint saved at /cluster/tufts/capstone25skyblue/eelkus01/NEXRADTurbulencePrediction/model_training/trained_model_outputs/resnet_42_model_checkpoint.pth for l2_alpha_idx: 2, fold 4, and epoch 26
BEGINNING EPOCH 27
[Epoch 27, Batch    50] avg loss: 0.4874
[Epoch 27, Batch   100] avg loss: 0.4678
[Epoch 27, Batch   150] avg loss: 0.4653
[Epoch 27, Batch   200] avg loss: 0.4560
[Epoch 27, Batch   250] avg loss: 0.4583
[Epoch 27, Batch   300] avg loss: 0.4337
Validation loss: 0.7410 (61 batches)
loss_per_epoch_list on epoch 27 is [0.6983927253816948, 0.7014738917350769, 0.7072108690855933, 0.67770994588977, 0.7019454016060126, 0.6897033746125268, 0.6706363959390609, 0.6889835390888277, 0.661362286473884, 0.6594744041317799, 0.6787384640975077, 0.6875862039503504, 0.6332434669869845, 0.6764862683952831, 0.7113379025068439, 0.6382376385516808, 0.609257228061801, 0.7007683613261239, 0.6402337560888196, 0.6512911251333894, 0.6460991707004484, 0.6789291530358986, 0.6673956063927197, 0.7690513984101718, 0.6744767608212643, 0.7485571112789091, 0.7410004524911036]

Checkpoint saved at /cluster/tufts/capstone25skyblue/eelkus01/NEXRADTurbulencePrediction/model_training/trained_model_outputs/resnet_42_model_checkpoint.pth for l2_alpha_idx: 2, fold 4, and epoch 27
BEGINNING EPOCH 28
[Epoch 28, Batch    50] avg loss: 0.4429
[Epoch 28, Batch   100] avg loss: 0.4467
[Epoch 28, Batch   150] avg loss: 0.4222
[Epoch 28, Batch   200] avg loss: 0.4013
[Epoch 28, Batch   250] avg loss: 0.4285
[Epoch 28, Batch   300] avg loss: 0.3945
Validation loss: 0.8438 (61 batches)
loss_per_epoch_list on epoch 28 is [0.6983927253816948, 0.7014738917350769, 0.7072108690855933, 0.67770994588977, 0.7019454016060126, 0.6897033746125268, 0.6706363959390609, 0.6889835390888277, 0.661362286473884, 0.6594744041317799, 0.6787384640975077, 0.6875862039503504, 0.6332434669869845, 0.6764862683952831, 0.7113379025068439, 0.6382376385516808, 0.609257228061801, 0.7007683613261239, 0.6402337560888196, 0.6512911251333894, 0.6460991707004484, 0.6789291530358986, 0.6673956063927197, 0.7690513984101718, 0.6744767608212643, 0.7485571112789091, 0.7410004524911036, 0.8438398202911752]

Checkpoint saved at /cluster/tufts/capstone25skyblue/eelkus01/NEXRADTurbulencePrediction/model_training/trained_model_outputs/resnet_42_model_checkpoint.pth for l2_alpha_idx: 2, fold 4, and epoch 28
BEGINNING EPOCH 29
[Epoch 29, Batch    50] avg loss: 0.3886
[Epoch 29, Batch   100] avg loss: 0.4004
[Epoch 29, Batch   150] avg loss: 0.3845
[Epoch 29, Batch   200] avg loss: 0.3736
[Epoch 29, Batch   250] avg loss: 0.3710
[Epoch 29, Batch   300] avg loss: 0.3697
Validation loss: 0.8980 (61 batches)
loss_per_epoch_list on epoch 29 is [0.6983927253816948, 0.7014738917350769, 0.7072108690855933, 0.67770994588977, 0.7019454016060126, 0.6897033746125268, 0.6706363959390609, 0.6889835390888277, 0.661362286473884, 0.6594744041317799, 0.6787384640975077, 0.6875862039503504, 0.6332434669869845, 0.6764862683952831, 0.7113379025068439, 0.6382376385516808, 0.609257228061801, 0.7007683613261239, 0.6402337560888196, 0.6512911251333894, 0.6460991707004484, 0.6789291530358986, 0.6673956063927197, 0.7690513984101718, 0.6744767608212643, 0.7485571112789091, 0.7410004524911036, 0.8438398202911752, 0.8980456380570521]

Checkpoint saved at /cluster/tufts/capstone25skyblue/eelkus01/NEXRADTurbulencePrediction/model_training/trained_model_outputs/resnet_42_model_checkpoint.pth for l2_alpha_idx: 2, fold 4, and epoch 29
Fold 4 had loss: 0.8980456380570521 on its last epoch

Fold 5 with l2_alpha = 0.001
Train subset size: 19254, Validation subset size: 3850
BEGINNING EPOCH 1
[Epoch 1, Batch    50] avg loss: 6.0162
[Epoch 1, Batch   100] avg loss: 0.8442
[Epoch 1, Batch   150] avg loss: 0.8200
[Epoch 1, Batch   200] avg loss: 0.7260
[Epoch 1, Batch   250] avg loss: 0.7061
[Epoch 1, Batch   300] avg loss: 0.7109
Validation loss: 0.6575 (61 batches)
loss_per_epoch_list on epoch 1 is [0.6575208022946217]

Checkpoint saved at /cluster/tufts/capstone25skyblue/eelkus01/NEXRADTurbulencePrediction/model_training/trained_model_outputs/resnet_42_model_checkpoint.pth for l2_alpha_idx: 2, fold 5, and epoch 1
BEGINNING EPOCH 2
[Epoch 2, Batch    50] avg loss: 0.7001
[Epoch 2, Batch   100] avg loss: 0.6909
[Epoch 2, Batch   150] avg loss: 0.6732
[Epoch 2, Batch   200] avg loss: 0.6748
[Epoch 2, Batch   250] avg loss: 0.6707
[Epoch 2, Batch   300] avg loss: 0.6732
Validation loss: 0.7377 (61 batches)
loss_per_epoch_list on epoch 2 is [0.6575208022946217, 0.7377377562835569]

Checkpoint saved at /cluster/tufts/capstone25skyblue/eelkus01/NEXRADTurbulencePrediction/model_training/trained_model_outputs/resnet_42_model_checkpoint.pth for l2_alpha_idx: 2, fold 5, and epoch 2
BEGINNING EPOCH 3
[Epoch 3, Batch    50] avg loss: 0.6654
[Epoch 3, Batch   100] avg loss: 0.6623
[Epoch 3, Batch   150] avg loss: 0.6630
[Epoch 3, Batch   200] avg loss: 0.6590
[Epoch 3, Batch   250] avg loss: 0.6614
[Epoch 3, Batch   300] avg loss: 0.6534
Validation loss: 0.6276 (61 batches)
loss_per_epoch_list on epoch 3 is [0.6575208022946217, 0.7377377562835569, 0.6275574535620018]

Checkpoint saved at /cluster/tufts/capstone25skyblue/eelkus01/NEXRADTurbulencePrediction/model_training/trained_model_outputs/resnet_42_model_checkpoint.pth for l2_alpha_idx: 2, fold 5, and epoch 3
BEGINNING EPOCH 4
[Epoch 4, Batch    50] avg loss: 0.6670
[Epoch 4, Batch   100] avg loss: 0.6575
[Epoch 4, Batch   150] avg loss: 0.6574
[Epoch 4, Batch   200] avg loss: 0.6606
[Epoch 4, Batch   250] avg loss: 0.6471
[Epoch 4, Batch   300] avg loss: 0.6569
Validation loss: 0.6678 (61 batches)
loss_per_epoch_list on epoch 4 is [0.6575208022946217, 0.7377377562835569, 0.6275574535620018, 0.6678025018973429]

Checkpoint saved at /cluster/tufts/capstone25skyblue/eelkus01/NEXRADTurbulencePrediction/model_training/trained_model_outputs/resnet_42_model_checkpoint.pth for l2_alpha_idx: 2, fold 5, and epoch 4
BEGINNING EPOCH 5
[Epoch 5, Batch    50] avg loss: 0.6578
[Epoch 5, Batch   100] avg loss: 0.6550
[Epoch 5, Batch   150] avg loss: 0.6582
[Epoch 5, Batch   200] avg loss: 0.6554
[Epoch 5, Batch   250] avg loss: 0.6562
[Epoch 5, Batch   300] avg loss: 0.6562
Validation loss: 0.6624 (61 batches)
loss_per_epoch_list on epoch 5 is [0.6575208022946217, 0.7377377562835569, 0.6275574535620018, 0.6678025018973429, 0.6624208307657086]

Checkpoint saved at /cluster/tufts/capstone25skyblue/eelkus01/NEXRADTurbulencePrediction/model_training/trained_model_outputs/resnet_42_model_checkpoint.pth for l2_alpha_idx: 2, fold 5, and epoch 5
BEGINNING EPOCH 6
[Epoch 6, Batch    50] avg loss: 0.6485
[Epoch 6, Batch   100] avg loss: 0.6424
[Epoch 6, Batch   150] avg loss: 0.6512
[Epoch 6, Batch   200] avg loss: 0.6582
[Epoch 6, Batch   250] avg loss: 0.6459
[Epoch 6, Batch   300] avg loss: 0.6527
Validation loss: 0.6265 (61 batches)
loss_per_epoch_list on epoch 6 is [0.6575208022946217, 0.7377377562835569, 0.6275574535620018, 0.6678025018973429, 0.6624208307657086, 0.6265338190266343]

Checkpoint saved at /cluster/tufts/capstone25skyblue/eelkus01/NEXRADTurbulencePrediction/model_training/trained_model_outputs/resnet_42_model_checkpoint.pth for l2_alpha_idx: 2, fold 5, and epoch 6
BEGINNING EPOCH 7
[Epoch 7, Batch    50] avg loss: 0.6467
[Epoch 7, Batch   100] avg loss: 0.6350
[Epoch 7, Batch   150] avg loss: 0.6449
[Epoch 7, Batch   200] avg loss: 0.6463
[Epoch 7, Batch   250] avg loss: 0.6490
[Epoch 7, Batch   300] avg loss: 0.6435
Validation loss: 0.6266 (61 batches)
loss_per_epoch_list on epoch 7 is [0.6575208022946217, 0.7377377562835569, 0.6275574535620018, 0.6678025018973429, 0.6624208307657086, 0.6265338190266343, 0.6265808275488557]

Checkpoint saved at /cluster/tufts/capstone25skyblue/eelkus01/NEXRADTurbulencePrediction/model_training/trained_model_outputs/resnet_42_model_checkpoint.pth for l2_alpha_idx: 2, fold 5, and epoch 7
BEGINNING EPOCH 8
[Epoch 8, Batch    50] avg loss: 0.6370
[Epoch 8, Batch   100] avg loss: 0.6438
[Epoch 8, Batch   150] avg loss: 0.6364
[Epoch 8, Batch   200] avg loss: 0.6304
[Epoch 8, Batch   250] avg loss: 0.6393
[Epoch 8, Batch   300] avg loss: 0.6463
Validation loss: 0.6656 (61 batches)
loss_per_epoch_list on epoch 8 is [0.6575208022946217, 0.7377377562835569, 0.6275574535620018, 0.6678025018973429, 0.6624208307657086, 0.6265338190266343, 0.6265808275488557, 0.6655810123584309]

Checkpoint saved at /cluster/tufts/capstone25skyblue/eelkus01/NEXRADTurbulencePrediction/model_training/trained_model_outputs/resnet_42_model_checkpoint.pth for l2_alpha_idx: 2, fold 5, and epoch 8
BEGINNING EPOCH 9
[Epoch 9, Batch    50] avg loss: 0.6501
[Epoch 9, Batch   100] avg loss: 0.6350
[Epoch 9, Batch   150] avg loss: 0.6517
[Epoch 9, Batch   200] avg loss: 0.6366
[Epoch 9, Batch   250] avg loss: 0.6401
[Epoch 9, Batch   300] avg loss: 0.6348
Validation loss: 0.6712 (61 batches)
loss_per_epoch_list on epoch 9 is [0.6575208022946217, 0.7377377562835569, 0.6275574535620018, 0.6678025018973429, 0.6624208307657086, 0.6265338190266343, 0.6265808275488557, 0.6655810123584309, 0.6711866240032384]

Checkpoint saved at /cluster/tufts/capstone25skyblue/eelkus01/NEXRADTurbulencePrediction/model_training/trained_model_outputs/resnet_42_model_checkpoint.pth for l2_alpha_idx: 2, fold 5, and epoch 9
BEGINNING EPOCH 10
[Epoch 10, Batch    50] avg loss: 0.6406
[Epoch 10, Batch   100] avg loss: 0.6373
[Epoch 10, Batch   150] avg loss: 0.6329
[Epoch 10, Batch   200] avg loss: 0.6180
[Epoch 10, Batch   250] avg loss: 0.6387
[Epoch 10, Batch   300] avg loss: 0.6368
Validation loss: 0.6331 (61 batches)
loss_per_epoch_list on epoch 10 is [0.6575208022946217, 0.7377377562835569, 0.6275574535620018, 0.6678025018973429, 0.6624208307657086, 0.6265338190266343, 0.6265808275488557, 0.6655810123584309, 0.6711866240032384, 0.633083315169225]

Checkpoint saved at /cluster/tufts/capstone25skyblue/eelkus01/NEXRADTurbulencePrediction/model_training/trained_model_outputs/resnet_42_model_checkpoint.pth for l2_alpha_idx: 2, fold 5, and epoch 10
BEGINNING EPOCH 11
[Epoch 11, Batch    50] avg loss: 0.6311
[Epoch 11, Batch   100] avg loss: 0.6316
[Epoch 11, Batch   150] avg loss: 0.6219
[Epoch 11, Batch   200] avg loss: 0.6306
[Epoch 11, Batch   250] avg loss: 0.6246
[Epoch 11, Batch   300] avg loss: 0.6173
Validation loss: 0.6383 (61 batches)
loss_per_epoch_list on epoch 11 is [0.6575208022946217, 0.7377377562835569, 0.6275574535620018, 0.6678025018973429, 0.6624208307657086, 0.6265338190266343, 0.6265808275488557, 0.6655810123584309, 0.6711866240032384, 0.633083315169225, 0.638284764328941]

Checkpoint saved at /cluster/tufts/capstone25skyblue/eelkus01/NEXRADTurbulencePrediction/model_training/trained_model_outputs/resnet_42_model_checkpoint.pth for l2_alpha_idx: 2, fold 5, and epoch 11
BEGINNING EPOCH 12
[Epoch 12, Batch    50] avg loss: 0.6156
[Epoch 12, Batch   100] avg loss: 0.5976
[Epoch 12, Batch   150] avg loss: 0.6267
[Epoch 12, Batch   200] avg loss: 0.6264
[Epoch 12, Batch   250] avg loss: 0.6190
[Epoch 12, Batch   300] avg loss: 0.6204
Validation loss: 0.6716 (61 batches)
loss_per_epoch_list on epoch 12 is [0.6575208022946217, 0.7377377562835569, 0.6275574535620018, 0.6678025018973429, 0.6624208307657086, 0.6265338190266343, 0.6265808275488557, 0.6655810123584309, 0.6711866240032384, 0.633083315169225, 0.638284764328941, 0.6715870714578472]

Checkpoint saved at /cluster/tufts/capstone25skyblue/eelkus01/NEXRADTurbulencePrediction/model_training/trained_model_outputs/resnet_42_model_checkpoint.pth for l2_alpha_idx: 2, fold 5, and epoch 12
BEGINNING EPOCH 13
[Epoch 13, Batch    50] avg loss: 0.6102
[Epoch 13, Batch   100] avg loss: 0.6120
[Epoch 13, Batch   150] avg loss: 0.6053
[Epoch 13, Batch   200] avg loss: 0.6102
[Epoch 13, Batch   250] avg loss: 0.6258
[Epoch 13, Batch   300] avg loss: 0.6044
Validation loss: 0.6191 (61 batches)
loss_per_epoch_list on epoch 13 is [0.6575208022946217, 0.7377377562835569, 0.6275574535620018, 0.6678025018973429, 0.6624208307657086, 0.6265338190266343, 0.6265808275488557, 0.6655810123584309, 0.6711866240032384, 0.633083315169225, 0.638284764328941, 0.6715870714578472, 0.6191002374789754]

Checkpoint saved at /cluster/tufts/capstone25skyblue/eelkus01/NEXRADTurbulencePrediction/model_training/trained_model_outputs/resnet_42_model_checkpoint.pth for l2_alpha_idx: 2, fold 5, and epoch 13
BEGINNING EPOCH 14
[Epoch 14, Batch    50] avg loss: 0.6048
[Epoch 14, Batch   100] avg loss: 0.6036
[Epoch 14, Batch   150] avg loss: 0.6039
[Epoch 14, Batch   200] avg loss: 0.5873
[Epoch 14, Batch   250] avg loss: 0.5938
[Epoch 14, Batch   300] avg loss: 0.5862
Validation loss: 0.6545 (61 batches)
loss_per_epoch_list on epoch 14 is [0.6575208022946217, 0.7377377562835569, 0.6275574535620018, 0.6678025018973429, 0.6624208307657086, 0.6265338190266343, 0.6265808275488557, 0.6655810123584309, 0.6711866240032384, 0.633083315169225, 0.638284764328941, 0.6715870714578472, 0.6191002374789754, 0.6544551868907741]

Checkpoint saved at /cluster/tufts/capstone25skyblue/eelkus01/NEXRADTurbulencePrediction/model_training/trained_model_outputs/resnet_42_model_checkpoint.pth for l2_alpha_idx: 2, fold 5, and epoch 14
BEGINNING EPOCH 15
[Epoch 15, Batch    50] avg loss: 0.5904
[Epoch 15, Batch   100] avg loss: 0.5865
[Epoch 15, Batch   150] avg loss: 0.5940
[Epoch 15, Batch   200] avg loss: 0.5618
[Epoch 15, Batch   250] avg loss: 0.5816
[Epoch 15, Batch   300] avg loss: 0.5787
Validation loss: 0.6466 (61 batches)
loss_per_epoch_list on epoch 15 is [0.6575208022946217, 0.7377377562835569, 0.6275574535620018, 0.6678025018973429, 0.6624208307657086, 0.6265338190266343, 0.6265808275488557, 0.6655810123584309, 0.6711866240032384, 0.633083315169225, 0.638284764328941, 0.6715870714578472, 0.6191002374789754, 0.6544551868907741, 0.646580409808237]

Checkpoint saved at /cluster/tufts/capstone25skyblue/eelkus01/NEXRADTurbulencePrediction/model_training/trained_model_outputs/resnet_42_model_checkpoint.pth for l2_alpha_idx: 2, fold 5, and epoch 15
BEGINNING EPOCH 16
[Epoch 16, Batch    50] avg loss: 0.5712
[Epoch 16, Batch   100] avg loss: 0.5684
[Epoch 16, Batch   150] avg loss: 0.5657
[Epoch 16, Batch   200] avg loss: 0.5646
[Epoch 16, Batch   250] avg loss: 0.5424
[Epoch 16, Batch   300] avg loss: 0.5626
Validation loss: 0.6490 (61 batches)
loss_per_epoch_list on epoch 16 is [0.6575208022946217, 0.7377377562835569, 0.6275574535620018, 0.6678025018973429, 0.6624208307657086, 0.6265338190266343, 0.6265808275488557, 0.6655810123584309, 0.6711866240032384, 0.633083315169225, 0.638284764328941, 0.6715870714578472, 0.6191002374789754, 0.6544551868907741, 0.646580409808237, 0.6490237478350029]

Checkpoint saved at /cluster/tufts/capstone25skyblue/eelkus01/NEXRADTurbulencePrediction/model_training/trained_model_outputs/resnet_42_model_checkpoint.pth for l2_alpha_idx: 2, fold 5, and epoch 16
BEGINNING EPOCH 17
[Epoch 17, Batch    50] avg loss: 0.5431
[Epoch 17, Batch   100] avg loss: 0.5411
[Epoch 17, Batch   150] avg loss: 0.5246
[Epoch 17, Batch   200] avg loss: 0.5328
[Epoch 17, Batch   250] avg loss: 0.5364
[Epoch 17, Batch   300] avg loss: 0.5077
Validation loss: 0.7108 (61 batches)
loss_per_epoch_list on epoch 17 is [0.6575208022946217, 0.7377377562835569, 0.6275574535620018, 0.6678025018973429, 0.6624208307657086, 0.6265338190266343, 0.6265808275488557, 0.6655810123584309, 0.6711866240032384, 0.633083315169225, 0.638284764328941, 0.6715870714578472, 0.6191002374789754, 0.6544551868907741, 0.646580409808237, 0.6490237478350029, 0.710776903590218]

Checkpoint saved at /cluster/tufts/capstone25skyblue/eelkus01/NEXRADTurbulencePrediction/model_training/trained_model_outputs/resnet_42_model_checkpoint.pth for l2_alpha_idx: 2, fold 5, and epoch 17
BEGINNING EPOCH 18
[Epoch 18, Batch    50] avg loss: 0.5424
[Epoch 18, Batch   100] avg loss: 0.5138
[Epoch 18, Batch   150] avg loss: 0.5236
[Epoch 18, Batch   200] avg loss: 0.5058
[Epoch 18, Batch   250] avg loss: 0.4995
[Epoch 18, Batch   300] avg loss: 0.4880
Validation loss: 0.6880 (61 batches)
loss_per_epoch_list on epoch 18 is [0.6575208022946217, 0.7377377562835569, 0.6275574535620018, 0.6678025018973429, 0.6624208307657086, 0.6265338190266343, 0.6265808275488557, 0.6655810123584309, 0.6711866240032384, 0.633083315169225, 0.638284764328941, 0.6715870714578472, 0.6191002374789754, 0.6544551868907741, 0.646580409808237, 0.6490237478350029, 0.710776903590218, 0.6880044585368672]

Checkpoint saved at /cluster/tufts/capstone25skyblue/eelkus01/NEXRADTurbulencePrediction/model_training/trained_model_outputs/resnet_42_model_checkpoint.pth for l2_alpha_idx: 2, fold 5, and epoch 18
BEGINNING EPOCH 19
[Epoch 19, Batch    50] avg loss: 0.4868
[Epoch 19, Batch   100] avg loss: 0.4737
[Epoch 19, Batch   150] avg loss: 0.4778
[Epoch 19, Batch   200] avg loss: 0.4746
[Epoch 19, Batch   250] avg loss: 0.4662
[Epoch 19, Batch   300] avg loss: 0.4522
Validation loss: 0.8089 (61 batches)
loss_per_epoch_list on epoch 19 is [0.6575208022946217, 0.7377377562835569, 0.6275574535620018, 0.6678025018973429, 0.6624208307657086, 0.6265338190266343, 0.6265808275488557, 0.6655810123584309, 0.6711866240032384, 0.633083315169225, 0.638284764328941, 0.6715870714578472, 0.6191002374789754, 0.6544551868907741, 0.646580409808237, 0.6490237478350029, 0.710776903590218, 0.6880044585368672, 0.8088604602657381]

Checkpoint saved at /cluster/tufts/capstone25skyblue/eelkus01/NEXRADTurbulencePrediction/model_training/trained_model_outputs/resnet_42_model_checkpoint.pth for l2_alpha_idx: 2, fold 5, and epoch 19
BEGINNING EPOCH 20
[Epoch 20, Batch    50] avg loss: 0.4496
[Epoch 20, Batch   100] avg loss: 0.4477
[Epoch 20, Batch   150] avg loss: 0.4288
[Epoch 20, Batch   200] avg loss: 0.4381
[Epoch 20, Batch   250] avg loss: 0.4102
[Epoch 20, Batch   300] avg loss: 0.4113
Validation loss: 0.9235 (61 batches)
loss_per_epoch_list on epoch 20 is [0.6575208022946217, 0.7377377562835569, 0.6275574535620018, 0.6678025018973429, 0.6624208307657086, 0.6265338190266343, 0.6265808275488557, 0.6655810123584309, 0.6711866240032384, 0.633083315169225, 0.638284764328941, 0.6715870714578472, 0.6191002374789754, 0.6544551868907741, 0.646580409808237, 0.6490237478350029, 0.710776903590218, 0.6880044585368672, 0.8088604602657381, 0.9234807686727555]

Checkpoint saved at /cluster/tufts/capstone25skyblue/eelkus01/NEXRADTurbulencePrediction/model_training/trained_model_outputs/resnet_42_model_checkpoint.pth for l2_alpha_idx: 2, fold 5, and epoch 20
BEGINNING EPOCH 21
[Epoch 21, Batch    50] avg loss: 0.4208
[Epoch 21, Batch   100] avg loss: 0.3884
[Epoch 21, Batch   150] avg loss: 0.3947
[Epoch 21, Batch   200] avg loss: 0.3870
[Epoch 21, Batch   250] avg loss: 0.3970
[Epoch 21, Batch   300] avg loss: 0.3631
Validation loss: 1.1221 (61 batches)
loss_per_epoch_list on epoch 21 is [0.6575208022946217, 0.7377377562835569, 0.6275574535620018, 0.6678025018973429, 0.6624208307657086, 0.6265338190266343, 0.6265808275488557, 0.6655810123584309, 0.6711866240032384, 0.633083315169225, 0.638284764328941, 0.6715870714578472, 0.6191002374789754, 0.6544551868907741, 0.646580409808237, 0.6490237478350029, 0.710776903590218, 0.6880044585368672, 0.8088604602657381, 0.9234807686727555, 1.1221001285021421]

Checkpoint saved at /cluster/tufts/capstone25skyblue/eelkus01/NEXRADTurbulencePrediction/model_training/trained_model_outputs/resnet_42_model_checkpoint.pth for l2_alpha_idx: 2, fold 5, and epoch 21
BEGINNING EPOCH 22
[Epoch 22, Batch    50] avg loss: 0.3718
[Epoch 22, Batch   100] avg loss: 0.3679
[Epoch 22, Batch   150] avg loss: 0.3443
[Epoch 22, Batch   200] avg loss: 0.3593
[Epoch 22, Batch   250] avg loss: 0.3405
[Epoch 22, Batch   300] avg loss: 0.3385
Validation loss: 0.8876 (61 batches)
loss_per_epoch_list on epoch 22 is [0.6575208022946217, 0.7377377562835569, 0.6275574535620018, 0.6678025018973429, 0.6624208307657086, 0.6265338190266343, 0.6265808275488557, 0.6655810123584309, 0.6711866240032384, 0.633083315169225, 0.638284764328941, 0.6715870714578472, 0.6191002374789754, 0.6544551868907741, 0.646580409808237, 0.6490237478350029, 0.710776903590218, 0.6880044585368672, 0.8088604602657381, 0.9234807686727555, 1.1221001285021421, 0.8875987510212132]

Checkpoint saved at /cluster/tufts/capstone25skyblue/eelkus01/NEXRADTurbulencePrediction/model_training/trained_model_outputs/resnet_42_model_checkpoint.pth for l2_alpha_idx: 2, fold 5, and epoch 22
BEGINNING EPOCH 23
[Epoch 23, Batch    50] avg loss: 0.3263
[Epoch 23, Batch   100] avg loss: 0.3304
[Epoch 23, Batch   150] avg loss: 0.3473
[Epoch 23, Batch   200] avg loss: 0.3098
[Epoch 23, Batch   250] avg loss: 0.2977
[Epoch 23, Batch   300] avg loss: 0.2846
Validation loss: 1.1950 (61 batches)
loss_per_epoch_list on epoch 23 is [0.6575208022946217, 0.7377377562835569, 0.6275574535620018, 0.6678025018973429, 0.6624208307657086, 0.6265338190266343, 0.6265808275488557, 0.6655810123584309, 0.6711866240032384, 0.633083315169225, 0.638284764328941, 0.6715870714578472, 0.6191002374789754, 0.6544551868907741, 0.646580409808237, 0.6490237478350029, 0.710776903590218, 0.6880044585368672, 0.8088604602657381, 0.9234807686727555, 1.1221001285021421, 0.8875987510212132, 1.1949968592065279]

Checkpoint saved at /cluster/tufts/capstone25skyblue/eelkus01/NEXRADTurbulencePrediction/model_training/trained_model_outputs/resnet_42_model_checkpoint.pth for l2_alpha_idx: 2, fold 5, and epoch 23
BEGINNING EPOCH 24
[Epoch 24, Batch    50] avg loss: 0.3198
[Epoch 24, Batch   100] avg loss: 0.2972
[Epoch 24, Batch   150] avg loss: 0.2995
[Epoch 24, Batch   200] avg loss: 0.3016
[Epoch 24, Batch   250] avg loss: 0.2866
[Epoch 24, Batch   300] avg loss: 0.2609
Validation loss: 1.2499 (61 batches)
loss_per_epoch_list on epoch 24 is [0.6575208022946217, 0.7377377562835569, 0.6275574535620018, 0.6678025018973429, 0.6624208307657086, 0.6265338190266343, 0.6265808275488557, 0.6655810123584309, 0.6711866240032384, 0.633083315169225, 0.638284764328941, 0.6715870714578472, 0.6191002374789754, 0.6544551868907741, 0.646580409808237, 0.6490237478350029, 0.710776903590218, 0.6880044585368672, 0.8088604602657381, 0.9234807686727555, 1.1221001285021421, 0.8875987510212132, 1.1949968592065279, 1.249882287666446]

Checkpoint saved at /cluster/tufts/capstone25skyblue/eelkus01/NEXRADTurbulencePrediction/model_training/trained_model_outputs/resnet_42_model_checkpoint.pth for l2_alpha_idx: 2, fold 5, and epoch 24
BEGINNING EPOCH 25
[Epoch 25, Batch    50] avg loss: 0.2727
[Epoch 25, Batch   100] avg loss: 0.2571
[Epoch 25, Batch   150] avg loss: 0.2687
[Epoch 25, Batch   200] avg loss: 0.2612
[Epoch 25, Batch   250] avg loss: 0.2581
[Epoch 25, Batch   300] avg loss: 0.2646
Validation loss: 1.1607 (61 batches)
loss_per_epoch_list on epoch 25 is [0.6575208022946217, 0.7377377562835569, 0.6275574535620018, 0.6678025018973429, 0.6624208307657086, 0.6265338190266343, 0.6265808275488557, 0.6655810123584309, 0.6711866240032384, 0.633083315169225, 0.638284764328941, 0.6715870714578472, 0.6191002374789754, 0.6544551868907741, 0.646580409808237, 0.6490237478350029, 0.710776903590218, 0.6880044585368672, 0.8088604602657381, 0.9234807686727555, 1.1221001285021421, 0.8875987510212132, 1.1949968592065279, 1.249882287666446, 1.1606843202817636]

Checkpoint saved at /cluster/tufts/capstone25skyblue/eelkus01/NEXRADTurbulencePrediction/model_training/trained_model_outputs/resnet_42_model_checkpoint.pth for l2_alpha_idx: 2, fold 5, and epoch 25
BEGINNING EPOCH 26
[Epoch 26, Batch    50] avg loss: 0.2724
[Epoch 26, Batch   100] avg loss: 0.2620
[Epoch 26, Batch   150] avg loss: 0.2157
[Epoch 26, Batch   200] avg loss: 0.2333
[Epoch 26, Batch   250] avg loss: 0.2372
[Epoch 26, Batch   300] avg loss: 0.2421
Validation loss: 1.1706 (61 batches)
loss_per_epoch_list on epoch 26 is [0.6575208022946217, 0.7377377562835569, 0.6275574535620018, 0.6678025018973429, 0.6624208307657086, 0.6265338190266343, 0.6265808275488557, 0.6655810123584309, 0.6711866240032384, 0.633083315169225, 0.638284764328941, 0.6715870714578472, 0.6191002374789754, 0.6544551868907741, 0.646580409808237, 0.6490237478350029, 0.710776903590218, 0.6880044585368672, 0.8088604602657381, 0.9234807686727555, 1.1221001285021421, 0.8875987510212132, 1.1949968592065279, 1.249882287666446, 1.1606843202817636, 1.1706197291124063]

Checkpoint saved at /cluster/tufts/capstone25skyblue/eelkus01/NEXRADTurbulencePrediction/model_training/trained_model_outputs/resnet_42_model_checkpoint.pth for l2_alpha_idx: 2, fold 5, and epoch 26
BEGINNING EPOCH 27
[Epoch 27, Batch    50] avg loss: 0.2208
[Epoch 27, Batch   100] avg loss: 0.2128
[Epoch 27, Batch   150] avg loss: 0.2414
[Epoch 27, Batch   200] avg loss: 0.2074
[Epoch 27, Batch   250] avg loss: 0.2128
[Epoch 27, Batch   300] avg loss: 0.2110
Validation loss: 1.5480 (61 batches)
loss_per_epoch_list on epoch 27 is [0.6575208022946217, 0.7377377562835569, 0.6275574535620018, 0.6678025018973429, 0.6624208307657086, 0.6265338190266343, 0.6265808275488557, 0.6655810123584309, 0.6711866240032384, 0.633083315169225, 0.638284764328941, 0.6715870714578472, 0.6191002374789754, 0.6544551868907741, 0.646580409808237, 0.6490237478350029, 0.710776903590218, 0.6880044585368672, 0.8088604602657381, 0.9234807686727555, 1.1221001285021421, 0.8875987510212132, 1.1949968592065279, 1.249882287666446, 1.1606843202817636, 1.1706197291124063, 1.5480062707525786]

Checkpoint saved at /cluster/tufts/capstone25skyblue/eelkus01/NEXRADTurbulencePrediction/model_training/trained_model_outputs/resnet_42_model_checkpoint.pth for l2_alpha_idx: 2, fold 5, and epoch 27
BEGINNING EPOCH 28
[Epoch 28, Batch    50] avg loss: 0.1979
[Epoch 28, Batch   100] avg loss: 0.2086
[Epoch 28, Batch   150] avg loss: 0.2021
[Epoch 28, Batch   200] avg loss: 0.1855
[Epoch 28, Batch   250] avg loss: 0.1768
[Epoch 28, Batch   300] avg loss: 0.1886
Validation loss: 1.8040 (61 batches)
loss_per_epoch_list on epoch 28 is [0.6575208022946217, 0.7377377562835569, 0.6275574535620018, 0.6678025018973429, 0.6624208307657086, 0.6265338190266343, 0.6265808275488557, 0.6655810123584309, 0.6711866240032384, 0.633083315169225, 0.638284764328941, 0.6715870714578472, 0.6191002374789754, 0.6544551868907741, 0.646580409808237, 0.6490237478350029, 0.710776903590218, 0.6880044585368672, 0.8088604602657381, 0.9234807686727555, 1.1221001285021421, 0.8875987510212132, 1.1949968592065279, 1.249882287666446, 1.1606843202817636, 1.1706197291124063, 1.5480062707525786, 1.803983947292703]

Checkpoint saved at /cluster/tufts/capstone25skyblue/eelkus01/NEXRADTurbulencePrediction/model_training/trained_model_outputs/resnet_42_model_checkpoint.pth for l2_alpha_idx: 2, fold 5, and epoch 28
BEGINNING EPOCH 29
[Epoch 29, Batch    50] avg loss: 0.1991
[Epoch 29, Batch   100] avg loss: 0.1941
[Epoch 29, Batch   150] avg loss: 0.1894
[Epoch 29, Batch   200] avg loss: 0.2086
[Epoch 29, Batch   250] avg loss: 0.1816
[Epoch 29, Batch   300] avg loss: 0.1602
Validation loss: 1.5965 (61 batches)
loss_per_epoch_list on epoch 29 is [0.6575208022946217, 0.7377377562835569, 0.6275574535620018, 0.6678025018973429, 0.6624208307657086, 0.6265338190266343, 0.6265808275488557, 0.6655810123584309, 0.6711866240032384, 0.633083315169225, 0.638284764328941, 0.6715870714578472, 0.6191002374789754, 0.6544551868907741, 0.646580409808237, 0.6490237478350029, 0.710776903590218, 0.6880044585368672, 0.8088604602657381, 0.9234807686727555, 1.1221001285021421, 0.8875987510212132, 1.1949968592065279, 1.249882287666446, 1.1606843202817636, 1.1706197291124063, 1.5480062707525786, 1.803983947292703, 1.5964789400335218]

Checkpoint saved at /cluster/tufts/capstone25skyblue/eelkus01/NEXRADTurbulencePrediction/model_training/trained_model_outputs/resnet_42_model_checkpoint.pth for l2_alpha_idx: 2, fold 5, and epoch 29
Fold 5 had loss: 1.5964789400335218 on its last epoch

l2_loss_list is now [1.2917223858540174, 1.3938170453238357, 1.2334936177307139]

Beginning 6-fold Cross Validation with l2_alpha = 0
Fold 0 with l2_alpha = 0
Train subset size: 19253, Validation subset size: 3851
BEGINNING EPOCH 1
[Epoch 1, Batch    50] avg loss: 3.8870
[Epoch 1, Batch   100] avg loss: 0.8005
[Epoch 1, Batch   150] avg loss: 0.7359
[Epoch 1, Batch   200] avg loss: 0.7156
[Epoch 1, Batch   250] avg loss: 0.7139
[Epoch 1, Batch   300] avg loss: 0.7010
Validation loss: 0.7067 (61 batches)
loss_per_epoch_list on epoch 1 is [0.7067361005017014]

Checkpoint saved at /cluster/tufts/capstone25skyblue/eelkus01/NEXRADTurbulencePrediction/model_training/trained_model_outputs/resnet_42_model_checkpoint.pth for l2_alpha_idx: 3, fold 0, and epoch 1
BEGINNING EPOCH 2
[Epoch 2, Batch    50] avg loss: 0.7057
[Epoch 2, Batch   100] avg loss: 0.6967
[Epoch 2, Batch   150] avg loss: 0.6962
[Epoch 2, Batch   200] avg loss: 0.6965
[Epoch 2, Batch   250] avg loss: 0.7046
[Epoch 2, Batch   300] avg loss: 0.7014
Validation loss: 0.7010 (61 batches)
loss_per_epoch_list on epoch 2 is [0.7067361005017014, 0.700968975903558]

Checkpoint saved at /cluster/tufts/capstone25skyblue/eelkus01/NEXRADTurbulencePrediction/model_training/trained_model_outputs/resnet_42_model_checkpoint.pth for l2_alpha_idx: 3, fold 0, and epoch 2
BEGINNING EPOCH 3
[Epoch 3, Batch    50] avg loss: 0.6951
[Epoch 3, Batch   100] avg loss: 0.7006
[Epoch 3, Batch   150] avg loss: 0.6938
[Epoch 3, Batch   200] avg loss: 0.6923
[Epoch 3, Batch   250] avg loss: 0.7009
[Epoch 3, Batch   300] avg loss: 0.6939
Validation loss: 0.6993 (61 batches)
loss_per_epoch_list on epoch 3 is [0.7067361005017014, 0.700968975903558, 0.6992634466437043]

Checkpoint saved at /cluster/tufts/capstone25skyblue/eelkus01/NEXRADTurbulencePrediction/model_training/trained_model_outputs/resnet_42_model_checkpoint.pth for l2_alpha_idx: 3, fold 0, and epoch 3
BEGINNING EPOCH 4
[Epoch 4, Batch    50] avg loss: 0.6955
[Epoch 4, Batch   100] avg loss: 0.6929
[Epoch 4, Batch   150] avg loss: 0.6987
[Epoch 4, Batch   200] avg loss: 0.6946
[Epoch 4, Batch   250] avg loss: 0.6931
[Epoch 4, Batch   300] avg loss: 0.6911
Validation loss: 0.6999 (61 batches)
loss_per_epoch_list on epoch 4 is [0.7067361005017014, 0.700968975903558, 0.6992634466437043, 0.6999148208586896]

Checkpoint saved at /cluster/tufts/capstone25skyblue/eelkus01/NEXRADTurbulencePrediction/model_training/trained_model_outputs/resnet_42_model_checkpoint.pth for l2_alpha_idx: 3, fold 0, and epoch 4
BEGINNING EPOCH 5
[Epoch 5, Batch    50] avg loss: 0.6920
[Epoch 5, Batch   100] avg loss: 0.6938
[Epoch 5, Batch   150] avg loss: 0.6940
[Epoch 5, Batch   200] avg loss: 0.6908
[Epoch 5, Batch   250] avg loss: 0.6939
[Epoch 5, Batch   300] avg loss: 0.7357
Validation loss: 0.7040 (61 batches)
loss_per_epoch_list on epoch 5 is [0.7067361005017014, 0.700968975903558, 0.6992634466437043, 0.6999148208586896, 0.704021122611937]

Checkpoint saved at /cluster/tufts/capstone25skyblue/eelkus01/NEXRADTurbulencePrediction/model_training/trained_model_outputs/resnet_42_model_checkpoint.pth for l2_alpha_idx: 3, fold 0, and epoch 5
BEGINNING EPOCH 6
[Epoch 6, Batch    50] avg loss: 0.6903
[Epoch 6, Batch   100] avg loss: 0.6951
[Epoch 6, Batch   150] avg loss: 0.6935
[Epoch 6, Batch   200] avg loss: 0.6888
[Epoch 6, Batch   250] avg loss: 0.6860
[Epoch 6, Batch   300] avg loss: 0.6846
Validation loss: 0.6650 (61 batches)
loss_per_epoch_list on epoch 6 is [0.7067361005017014, 0.700968975903558, 0.6992634466437043, 0.6999148208586896, 0.704021122611937, 0.6650186425349751]

Checkpoint saved at /cluster/tufts/capstone25skyblue/eelkus01/NEXRADTurbulencePrediction/model_training/trained_model_outputs/resnet_42_model_checkpoint.pth for l2_alpha_idx: 3, fold 0, and epoch 6
BEGINNING EPOCH 7
[Epoch 7, Batch    50] avg loss: 0.6826
[Epoch 7, Batch   100] avg loss: 0.6855
[Epoch 7, Batch   150] avg loss: 0.6831
[Epoch 7, Batch   200] avg loss: 0.6835
[Epoch 7, Batch   250] avg loss: 0.6836
[Epoch 7, Batch   300] avg loss: 0.6812
Validation loss: 0.7032 (61 batches)
loss_per_epoch_list on epoch 7 is [0.7067361005017014, 0.700968975903558, 0.6992634466437043, 0.6999148208586896, 0.704021122611937, 0.6650186425349751, 0.7032277330023343]

Checkpoint saved at /cluster/tufts/capstone25skyblue/eelkus01/NEXRADTurbulencePrediction/model_training/trained_model_outputs/resnet_42_model_checkpoint.pth for l2_alpha_idx: 3, fold 0, and epoch 7
BEGINNING EPOCH 8
[Epoch 8, Batch    50] avg loss: 0.6820
[Epoch 8, Batch   100] avg loss: 0.6780
[Epoch 8, Batch   150] avg loss: 0.6757
[Epoch 8, Batch   200] avg loss: 0.6799
[Epoch 8, Batch   250] avg loss: 0.6803
[Epoch 8, Batch   300] avg loss: 0.6821
Validation loss: 0.6897 (61 batches)
loss_per_epoch_list on epoch 8 is [0.7067361005017014, 0.700968975903558, 0.6992634466437043, 0.6999148208586896, 0.704021122611937, 0.6650186425349751, 0.7032277330023343, 0.6897133139313244]

Checkpoint saved at /cluster/tufts/capstone25skyblue/eelkus01/NEXRADTurbulencePrediction/model_training/trained_model_outputs/resnet_42_model_checkpoint.pth for l2_alpha_idx: 3, fold 0, and epoch 8
BEGINNING EPOCH 9
[Epoch 9, Batch    50] avg loss: 0.6752
[Epoch 9, Batch   100] avg loss: 0.6775
[Epoch 9, Batch   150] avg loss: 0.6766
[Epoch 9, Batch   200] avg loss: 0.6749
[Epoch 9, Batch   250] avg loss: 0.6817
[Epoch 9, Batch   300] avg loss: 0.6787
Validation loss: 0.6818 (61 batches)
loss_per_epoch_list on epoch 9 is [0.7067361005017014, 0.700968975903558, 0.6992634466437043, 0.6999148208586896, 0.704021122611937, 0.6650186425349751, 0.7032277330023343, 0.6897133139313244, 0.6817817541419483]

Checkpoint saved at /cluster/tufts/capstone25skyblue/eelkus01/NEXRADTurbulencePrediction/model_training/trained_model_outputs/resnet_42_model_checkpoint.pth for l2_alpha_idx: 3, fold 0, and epoch 9
BEGINNING EPOCH 10
[Epoch 10, Batch    50] avg loss: 0.6730
[Epoch 10, Batch   100] avg loss: 0.6674
[Epoch 10, Batch   150] avg loss: 0.6714
[Epoch 10, Batch   200] avg loss: 0.6702
[Epoch 10, Batch   250] avg loss: 0.6739
[Epoch 10, Batch   300] avg loss: 0.6640
Validation loss: 0.6452 (61 batches)
loss_per_epoch_list on epoch 10 is [0.7067361005017014, 0.700968975903558, 0.6992634466437043, 0.6999148208586896, 0.704021122611937, 0.6650186425349751, 0.7032277330023343, 0.6897133139313244, 0.6817817541419483, 0.6451790537990507]

Checkpoint saved at /cluster/tufts/capstone25skyblue/eelkus01/NEXRADTurbulencePrediction/model_training/trained_model_outputs/resnet_42_model_checkpoint.pth for l2_alpha_idx: 3, fold 0, and epoch 10
BEGINNING EPOCH 11
[Epoch 11, Batch    50] avg loss: 0.6725
[Epoch 11, Batch   100] avg loss: 0.6678
[Epoch 11, Batch   150] avg loss: 0.6685
[Epoch 11, Batch   200] avg loss: 0.6559
[Epoch 11, Batch   250] avg loss: 0.6561
[Epoch 11, Batch   300] avg loss: 0.6688
Validation loss: 0.6519 (61 batches)
loss_per_epoch_list on epoch 11 is [0.7067361005017014, 0.700968975903558, 0.6992634466437043, 0.6999148208586896, 0.704021122611937, 0.6650186425349751, 0.7032277330023343, 0.6897133139313244, 0.6817817541419483, 0.6451790537990507, 0.6519209723003575]

Checkpoint saved at /cluster/tufts/capstone25skyblue/eelkus01/NEXRADTurbulencePrediction/model_training/trained_model_outputs/resnet_42_model_checkpoint.pth for l2_alpha_idx: 3, fold 0, and epoch 11
BEGINNING EPOCH 12
[Epoch 12, Batch    50] avg loss: 0.6659
[Epoch 12, Batch   100] avg loss: 0.6677
[Epoch 12, Batch   150] avg loss: 0.6622
[Epoch 12, Batch   200] avg loss: 0.6529
[Epoch 12, Batch   250] avg loss: 0.6612
[Epoch 12, Batch   300] avg loss: 0.6587
Validation loss: 0.6553 (61 batches)
loss_per_epoch_list on epoch 12 is [0.7067361005017014, 0.700968975903558, 0.6992634466437043, 0.6999148208586896, 0.704021122611937, 0.6650186425349751, 0.7032277330023343, 0.6897133139313244, 0.6817817541419483, 0.6451790537990507, 0.6519209723003575, 0.6553445077333294]

Checkpoint saved at /cluster/tufts/capstone25skyblue/eelkus01/NEXRADTurbulencePrediction/model_training/trained_model_outputs/resnet_42_model_checkpoint.pth for l2_alpha_idx: 3, fold 0, and epoch 12
BEGINNING EPOCH 13
[Epoch 13, Batch    50] avg loss: 0.6639
[Epoch 13, Batch   100] avg loss: 0.6504
[Epoch 13, Batch   150] avg loss: 0.6611
[Epoch 13, Batch   200] avg loss: 0.6602
[Epoch 13, Batch   250] avg loss: 0.6584
[Epoch 13, Batch   300] avg loss: 0.6584
Validation loss: 0.6705 (61 batches)
loss_per_epoch_list on epoch 13 is [0.7067361005017014, 0.700968975903558, 0.6992634466437043, 0.6999148208586896, 0.704021122611937, 0.6650186425349751, 0.7032277330023343, 0.6897133139313244, 0.6817817541419483, 0.6451790537990507, 0.6519209723003575, 0.6553445077333294, 0.6704923315126388]

Checkpoint saved at /cluster/tufts/capstone25skyblue/eelkus01/NEXRADTurbulencePrediction/model_training/trained_model_outputs/resnet_42_model_checkpoint.pth for l2_alpha_idx: 3, fold 0, and epoch 13
BEGINNING EPOCH 14
[Epoch 14, Batch    50] avg loss: 0.6511
[Epoch 14, Batch   100] avg loss: 0.6571
[Epoch 14, Batch   150] avg loss: 0.6529
[Epoch 14, Batch   200] avg loss: 0.6549
[Epoch 14, Batch   250] avg loss: 0.6457
[Epoch 14, Batch   300] avg loss: 0.6554
Validation loss: 0.6914 (61 batches)
loss_per_epoch_list on epoch 14 is [0.7067361005017014, 0.700968975903558, 0.6992634466437043, 0.6999148208586896, 0.704021122611937, 0.6650186425349751, 0.7032277330023343, 0.6897133139313244, 0.6817817541419483, 0.6451790537990507, 0.6519209723003575, 0.6553445077333294, 0.6704923315126388, 0.6914092566146225]

Checkpoint saved at /cluster/tufts/capstone25skyblue/eelkus01/NEXRADTurbulencePrediction/model_training/trained_model_outputs/resnet_42_model_checkpoint.pth for l2_alpha_idx: 3, fold 0, and epoch 14
BEGINNING EPOCH 15
[Epoch 15, Batch    50] avg loss: 0.6443
[Epoch 15, Batch   100] avg loss: 0.6557
[Epoch 15, Batch   150] avg loss: 0.6521
[Epoch 15, Batch   200] avg loss: 0.6492
[Epoch 15, Batch   250] avg loss: 0.6467
[Epoch 15, Batch   300] avg loss: 0.6386
Validation loss: 0.6883 (61 batches)
loss_per_epoch_list on epoch 15 is [0.7067361005017014, 0.700968975903558, 0.6992634466437043, 0.6999148208586896, 0.704021122611937, 0.6650186425349751, 0.7032277330023343, 0.6897133139313244, 0.6817817541419483, 0.6451790537990507, 0.6519209723003575, 0.6553445077333294, 0.6704923315126388, 0.6914092566146225, 0.6882688207704513]

Checkpoint saved at /cluster/tufts/capstone25skyblue/eelkus01/NEXRADTurbulencePrediction/model_training/trained_model_outputs/resnet_42_model_checkpoint.pth for l2_alpha_idx: 3, fold 0, and epoch 15
BEGINNING EPOCH 16
[Epoch 16, Batch    50] avg loss: 0.6518
[Epoch 16, Batch   100] avg loss: 0.6449
[Epoch 16, Batch   150] avg loss: 0.6489
[Epoch 16, Batch   200] avg loss: 0.6351
[Epoch 16, Batch   250] avg loss: 0.6502
[Epoch 16, Batch   300] avg loss: 0.6488
Validation loss: 0.6489 (61 batches)
loss_per_epoch_list on epoch 16 is [0.7067361005017014, 0.700968975903558, 0.6992634466437043, 0.6999148208586896, 0.704021122611937, 0.6650186425349751, 0.7032277330023343, 0.6897133139313244, 0.6817817541419483, 0.6451790537990507, 0.6519209723003575, 0.6553445077333294, 0.6704923315126388, 0.6914092566146225, 0.6882688207704513, 0.6488514249442053]

Checkpoint saved at /cluster/tufts/capstone25skyblue/eelkus01/NEXRADTurbulencePrediction/model_training/trained_model_outputs/resnet_42_model_checkpoint.pth for l2_alpha_idx: 3, fold 0, and epoch 16
BEGINNING EPOCH 17
[Epoch 17, Batch    50] avg loss: 0.6443
[Epoch 17, Batch   100] avg loss: 0.6461
[Epoch 17, Batch   150] avg loss: 0.6459
[Epoch 17, Batch   200] avg loss: 0.6434
[Epoch 17, Batch   250] avg loss: 0.6422
[Epoch 17, Batch   300] avg loss: 0.6380
Validation loss: 0.6482 (61 batches)
loss_per_epoch_list on epoch 17 is [0.7067361005017014, 0.700968975903558, 0.6992634466437043, 0.6999148208586896, 0.704021122611937, 0.6650186425349751, 0.7032277330023343, 0.6897133139313244, 0.6817817541419483, 0.6451790537990507, 0.6519209723003575, 0.6553445077333294, 0.6704923315126388, 0.6914092566146225, 0.6882688207704513, 0.6488514249442053, 0.6481904661069151]

Checkpoint saved at /cluster/tufts/capstone25skyblue/eelkus01/NEXRADTurbulencePrediction/model_training/trained_model_outputs/resnet_42_model_checkpoint.pth for l2_alpha_idx: 3, fold 0, and epoch 17
BEGINNING EPOCH 18
[Epoch 18, Batch    50] avg loss: 0.6321
[Epoch 18, Batch   100] avg loss: 0.6332
[Epoch 18, Batch   150] avg loss: 0.6328
[Epoch 18, Batch   200] avg loss: 0.6343
[Epoch 18, Batch   250] avg loss: 0.6397
[Epoch 18, Batch   300] avg loss: 0.6311
Validation loss: 0.6813 (61 batches)
loss_per_epoch_list on epoch 18 is [0.7067361005017014, 0.700968975903558, 0.6992634466437043, 0.6999148208586896, 0.704021122611937, 0.6650186425349751, 0.7032277330023343, 0.6897133139313244, 0.6817817541419483, 0.6451790537990507, 0.6519209723003575, 0.6553445077333294, 0.6704923315126388, 0.6914092566146225, 0.6882688207704513, 0.6488514249442053, 0.6481904661069151, 0.681347846007738]

Checkpoint saved at /cluster/tufts/capstone25skyblue/eelkus01/NEXRADTurbulencePrediction/model_training/trained_model_outputs/resnet_42_model_checkpoint.pth for l2_alpha_idx: 3, fold 0, and epoch 18
BEGINNING EPOCH 19
[Epoch 19, Batch    50] avg loss: 0.6352
[Epoch 19, Batch   100] avg loss: 0.6399
[Epoch 19, Batch   150] avg loss: 0.6436
[Epoch 19, Batch   200] avg loss: 0.6343
[Epoch 19, Batch   250] avg loss: 0.6300
[Epoch 19, Batch   300] avg loss: 0.6366
Validation loss: 0.6629 (61 batches)
loss_per_epoch_list on epoch 19 is [0.7067361005017014, 0.700968975903558, 0.6992634466437043, 0.6999148208586896, 0.704021122611937, 0.6650186425349751, 0.7032277330023343, 0.6897133139313244, 0.6817817541419483, 0.6451790537990507, 0.6519209723003575, 0.6553445077333294, 0.6704923315126388, 0.6914092566146225, 0.6882688207704513, 0.6488514249442053, 0.6481904661069151, 0.681347846007738, 0.6628916546946666]

Checkpoint saved at /cluster/tufts/capstone25skyblue/eelkus01/NEXRADTurbulencePrediction/model_training/trained_model_outputs/resnet_42_model_checkpoint.pth for l2_alpha_idx: 3, fold 0, and epoch 19
BEGINNING EPOCH 20
[Epoch 20, Batch    50] avg loss: 0.6222
[Epoch 20, Batch   100] avg loss: 0.6271
[Epoch 20, Batch   150] avg loss: 0.6256
[Epoch 20, Batch   200] avg loss: 0.6304
[Epoch 20, Batch   250] avg loss: 0.6318
[Epoch 20, Batch   300] avg loss: 0.6177
Validation loss: 0.6281 (61 batches)
loss_per_epoch_list on epoch 20 is [0.7067361005017014, 0.700968975903558, 0.6992634466437043, 0.6999148208586896, 0.704021122611937, 0.6650186425349751, 0.7032277330023343, 0.6897133139313244, 0.6817817541419483, 0.6451790537990507, 0.6519209723003575, 0.6553445077333294, 0.6704923315126388, 0.6914092566146225, 0.6882688207704513, 0.6488514249442053, 0.6481904661069151, 0.681347846007738, 0.6628916546946666, 0.6280690060287225]

Checkpoint saved at /cluster/tufts/capstone25skyblue/eelkus01/NEXRADTurbulencePrediction/model_training/trained_model_outputs/resnet_42_model_checkpoint.pth for l2_alpha_idx: 3, fold 0, and epoch 20
BEGINNING EPOCH 21
[Epoch 21, Batch    50] avg loss: 0.6119
[Epoch 21, Batch   100] avg loss: 0.6200
[Epoch 21, Batch   150] avg loss: 0.6290
[Epoch 21, Batch   200] avg loss: 0.6158
[Epoch 21, Batch   250] avg loss: 0.6329
[Epoch 21, Batch   300] avg loss: 0.6159
Validation loss: 0.6624 (61 batches)
loss_per_epoch_list on epoch 21 is [0.7067361005017014, 0.700968975903558, 0.6992634466437043, 0.6999148208586896, 0.704021122611937, 0.6650186425349751, 0.7032277330023343, 0.6897133139313244, 0.6817817541419483, 0.6451790537990507, 0.6519209723003575, 0.6553445077333294, 0.6704923315126388, 0.6914092566146225, 0.6882688207704513, 0.6488514249442053, 0.6481904661069151, 0.681347846007738, 0.6628916546946666, 0.6280690060287225, 0.662377866565204]

Checkpoint saved at /cluster/tufts/capstone25skyblue/eelkus01/NEXRADTurbulencePrediction/model_training/trained_model_outputs/resnet_42_model_checkpoint.pth for l2_alpha_idx: 3, fold 0, and epoch 21
BEGINNING EPOCH 22
[Epoch 22, Batch    50] avg loss: 0.5987
[Epoch 22, Batch   100] avg loss: 0.6168
[Epoch 22, Batch   150] avg loss: 0.6061
[Epoch 22, Batch   200] avg loss: 0.6083
[Epoch 22, Batch   250] avg loss: 0.6168
[Epoch 22, Batch   300] avg loss: 0.6100
Validation loss: 0.6604 (61 batches)
loss_per_epoch_list on epoch 22 is [0.7067361005017014, 0.700968975903558, 0.6992634466437043, 0.6999148208586896, 0.704021122611937, 0.6650186425349751, 0.7032277330023343, 0.6897133139313244, 0.6817817541419483, 0.6451790537990507, 0.6519209723003575, 0.6553445077333294, 0.6704923315126388, 0.6914092566146225, 0.6882688207704513, 0.6488514249442053, 0.6481904661069151, 0.681347846007738, 0.6628916546946666, 0.6280690060287225, 0.662377866565204, 0.6603775737715549]

Checkpoint saved at /cluster/tufts/capstone25skyblue/eelkus01/NEXRADTurbulencePrediction/model_training/trained_model_outputs/resnet_42_model_checkpoint.pth for l2_alpha_idx: 3, fold 0, and epoch 22
BEGINNING EPOCH 23
[Epoch 23, Batch    50] avg loss: 0.6109
[Epoch 23, Batch   100] avg loss: 0.6046
[Epoch 23, Batch   150] avg loss: 0.6001
[Epoch 23, Batch   200] avg loss: 0.5900
[Epoch 23, Batch   250] avg loss: 0.5968
[Epoch 23, Batch   300] avg loss: 0.6022
Validation loss: 0.6757 (61 batches)
loss_per_epoch_list on epoch 23 is [0.7067361005017014, 0.700968975903558, 0.6992634466437043, 0.6999148208586896, 0.704021122611937, 0.6650186425349751, 0.7032277330023343, 0.6897133139313244, 0.6817817541419483, 0.6451790537990507, 0.6519209723003575, 0.6553445077333294, 0.6704923315126388, 0.6914092566146225, 0.6882688207704513, 0.6488514249442053, 0.6481904661069151, 0.681347846007738, 0.6628916546946666, 0.6280690060287225, 0.662377866565204, 0.6603775737715549, 0.6756866662228693]

Checkpoint saved at /cluster/tufts/capstone25skyblue/eelkus01/NEXRADTurbulencePrediction/model_training/trained_model_outputs/resnet_42_model_checkpoint.pth for l2_alpha_idx: 3, fold 0, and epoch 23
BEGINNING EPOCH 24
[Epoch 24, Batch    50] avg loss: 0.5919
[Epoch 24, Batch   100] avg loss: 0.5826
[Epoch 24, Batch   150] avg loss: 0.5878
[Epoch 24, Batch   200] avg loss: 0.5935
[Epoch 24, Batch   250] avg loss: 0.5919
[Epoch 24, Batch   300] avg loss: 0.5804
Validation loss: 0.6782 (61 batches)
loss_per_epoch_list on epoch 24 is [0.7067361005017014, 0.700968975903558, 0.6992634466437043, 0.6999148208586896, 0.704021122611937, 0.6650186425349751, 0.7032277330023343, 0.6897133139313244, 0.6817817541419483, 0.6451790537990507, 0.6519209723003575, 0.6553445077333294, 0.6704923315126388, 0.6914092566146225, 0.6882688207704513, 0.6488514249442053, 0.6481904661069151, 0.681347846007738, 0.6628916546946666, 0.6280690060287225, 0.662377866565204, 0.6603775737715549, 0.6756866662228693, 0.6781584796358328]

Checkpoint saved at /cluster/tufts/capstone25skyblue/eelkus01/NEXRADTurbulencePrediction/model_training/trained_model_outputs/resnet_42_model_checkpoint.pth for l2_alpha_idx: 3, fold 0, and epoch 24
BEGINNING EPOCH 25
[Epoch 25, Batch    50] avg loss: 0.5882
[Epoch 25, Batch   100] avg loss: 0.5697
[Epoch 25, Batch   150] avg loss: 0.5977
[Epoch 25, Batch   200] avg loss: 0.5736
[Epoch 25, Batch   250] avg loss: 0.5583
[Epoch 25, Batch   300] avg loss: 0.5529
Validation loss: 0.6635 (61 batches)
loss_per_epoch_list on epoch 25 is [0.7067361005017014, 0.700968975903558, 0.6992634466437043, 0.6999148208586896, 0.704021122611937, 0.6650186425349751, 0.7032277330023343, 0.6897133139313244, 0.6817817541419483, 0.6451790537990507, 0.6519209723003575, 0.6553445077333294, 0.6704923315126388, 0.6914092566146225, 0.6882688207704513, 0.6488514249442053, 0.6481904661069151, 0.681347846007738, 0.6628916546946666, 0.6280690060287225, 0.662377866565204, 0.6603775737715549, 0.6756866662228693, 0.6781584796358328, 0.6634503730007859]

Checkpoint saved at /cluster/tufts/capstone25skyblue/eelkus01/NEXRADTurbulencePrediction/model_training/trained_model_outputs/resnet_42_model_checkpoint.pth for l2_alpha_idx: 3, fold 0, and epoch 25
BEGINNING EPOCH 26
[Epoch 26, Batch    50] avg loss: 0.5736
[Epoch 26, Batch   100] avg loss: 0.5665
[Epoch 26, Batch   150] avg loss: 0.5586
[Epoch 26, Batch   200] avg loss: 0.5602
[Epoch 26, Batch   250] avg loss: 0.5433
[Epoch 26, Batch   300] avg loss: 0.5531
Validation loss: 0.7079 (61 batches)
loss_per_epoch_list on epoch 26 is [0.7067361005017014, 0.700968975903558, 0.6992634466437043, 0.6999148208586896, 0.704021122611937, 0.6650186425349751, 0.7032277330023343, 0.6897133139313244, 0.6817817541419483, 0.6451790537990507, 0.6519209723003575, 0.6553445077333294, 0.6704923315126388, 0.6914092566146225, 0.6882688207704513, 0.6488514249442053, 0.6481904661069151, 0.681347846007738, 0.6628916546946666, 0.6280690060287225, 0.662377866565204, 0.6603775737715549, 0.6756866662228693, 0.6781584796358328, 0.6634503730007859, 0.7079129424251493]

Checkpoint saved at /cluster/tufts/capstone25skyblue/eelkus01/NEXRADTurbulencePrediction/model_training/trained_model_outputs/resnet_42_model_checkpoint.pth for l2_alpha_idx: 3, fold 0, and epoch 26
BEGINNING EPOCH 27
[Epoch 27, Batch    50] avg loss: 0.5471
[Epoch 27, Batch   100] avg loss: 0.5255
[Epoch 27, Batch   150] avg loss: 0.5386
[Epoch 27, Batch   200] avg loss: 0.5174
[Epoch 27, Batch   250] avg loss: 0.5252
[Epoch 27, Batch   300] avg loss: 0.5240
Validation loss: 0.8734 (61 batches)
loss_per_epoch_list on epoch 27 is [0.7067361005017014, 0.700968975903558, 0.6992634466437043, 0.6999148208586896, 0.704021122611937, 0.6650186425349751, 0.7032277330023343, 0.6897133139313244, 0.6817817541419483, 0.6451790537990507, 0.6519209723003575, 0.6553445077333294, 0.6704923315126388, 0.6914092566146225, 0.6882688207704513, 0.6488514249442053, 0.6481904661069151, 0.681347846007738, 0.6628916546946666, 0.6280690060287225, 0.662377866565204, 0.6603775737715549, 0.6756866662228693, 0.6781584796358328, 0.6634503730007859, 0.7079129424251493, 0.8734371818479945]

Checkpoint saved at /cluster/tufts/capstone25skyblue/eelkus01/NEXRADTurbulencePrediction/model_training/trained_model_outputs/resnet_42_model_checkpoint.pth for l2_alpha_idx: 3, fold 0, and epoch 27
BEGINNING EPOCH 28
[Epoch 28, Batch    50] avg loss: 0.5040
[Epoch 28, Batch   100] avg loss: 0.5047
[Epoch 28, Batch   150] avg loss: 0.4848
[Epoch 28, Batch   200] avg loss: 0.4821
[Epoch 28, Batch   250] avg loss: 0.4775
[Epoch 28, Batch   300] avg loss: 0.4893
Validation loss: 0.7910 (61 batches)
loss_per_epoch_list on epoch 28 is [0.7067361005017014, 0.700968975903558, 0.6992634466437043, 0.6999148208586896, 0.704021122611937, 0.6650186425349751, 0.7032277330023343, 0.6897133139313244, 0.6817817541419483, 0.6451790537990507, 0.6519209723003575, 0.6553445077333294, 0.6704923315126388, 0.6914092566146225, 0.6882688207704513, 0.6488514249442053, 0.6481904661069151, 0.681347846007738, 0.6628916546946666, 0.6280690060287225, 0.662377866565204, 0.6603775737715549, 0.6756866662228693, 0.6781584796358328, 0.6634503730007859, 0.7079129424251493, 0.8734371818479945, 0.7909673178782228]

Checkpoint saved at /cluster/tufts/capstone25skyblue/eelkus01/NEXRADTurbulencePrediction/model_training/trained_model_outputs/resnet_42_model_checkpoint.pth for l2_alpha_idx: 3, fold 0, and epoch 28
BEGINNING EPOCH 29
[Epoch 29, Batch    50] avg loss: 0.5151
[Epoch 29, Batch   100] avg loss: 0.4666
[Epoch 29, Batch   150] avg loss: 0.4561
[Epoch 29, Batch   200] avg loss: 0.4627
[Epoch 29, Batch   250] avg loss: 0.4476
[Epoch 29, Batch   300] avg loss: 0.4767
Validation loss: 0.7696 (61 batches)
loss_per_epoch_list on epoch 29 is [0.7067361005017014, 0.700968975903558, 0.6992634466437043, 0.6999148208586896, 0.704021122611937, 0.6650186425349751, 0.7032277330023343, 0.6897133139313244, 0.6817817541419483, 0.6451790537990507, 0.6519209723003575, 0.6553445077333294, 0.6704923315126388, 0.6914092566146225, 0.6882688207704513, 0.6488514249442053, 0.6481904661069151, 0.681347846007738, 0.6628916546946666, 0.6280690060287225, 0.662377866565204, 0.6603775737715549, 0.6756866662228693, 0.6781584796358328, 0.6634503730007859, 0.7079129424251493, 0.8734371818479945, 0.7909673178782228, 0.7695837958914334]

Checkpoint saved at /cluster/tufts/capstone25skyblue/eelkus01/NEXRADTurbulencePrediction/model_training/trained_model_outputs/resnet_42_model_checkpoint.pth for l2_alpha_idx: 3, fold 0, and epoch 29
Fold 0 had loss: 0.7695837958914334 on its last epoch

Fold 1 with l2_alpha = 0
Train subset size: 19253, Validation subset size: 3851
BEGINNING EPOCH 1
[Epoch 1, Batch    50] avg loss: 3.5982
[Epoch 1, Batch   100] avg loss: 0.8975
[Epoch 1, Batch   150] avg loss: 0.7671
[Epoch 1, Batch   200] avg loss: 0.7403
[Epoch 1, Batch   250] avg loss: 0.7258
[Epoch 1, Batch   300] avg loss: 0.7142
Validation loss: 0.7123 (61 batches)
loss_per_epoch_list on epoch 1 is [0.7123108799340295]

Checkpoint saved at /cluster/tufts/capstone25skyblue/eelkus01/NEXRADTurbulencePrediction/model_training/trained_model_outputs/resnet_42_model_checkpoint.pth for l2_alpha_idx: 3, fold 1, and epoch 1
BEGINNING EPOCH 2
[Epoch 2, Batch    50] avg loss: 0.7005
[Epoch 2, Batch   100] avg loss: 0.6964
[Epoch 2, Batch   150] avg loss: 0.7007
[Epoch 2, Batch   200] avg loss: 0.6945
[Epoch 2, Batch   250] avg loss: 0.7102
[Epoch 2, Batch   300] avg loss: 0.6924
Validation loss: 0.6973 (61 batches)
loss_per_epoch_list on epoch 2 is [0.7123108799340295, 0.6972554081776103]

Checkpoint saved at /cluster/tufts/capstone25skyblue/eelkus01/NEXRADTurbulencePrediction/model_training/trained_model_outputs/resnet_42_model_checkpoint.pth for l2_alpha_idx: 3, fold 1, and epoch 2
BEGINNING EPOCH 3
[Epoch 3, Batch    50] avg loss: 0.6895
[Epoch 3, Batch   100] avg loss: 0.6908
[Epoch 3, Batch   150] avg loss: 0.6912
[Epoch 3, Batch   200] avg loss: 0.6902
[Epoch 3, Batch   250] avg loss: 0.6892
[Epoch 3, Batch   300] avg loss: 0.6878
Validation loss: 0.6589 (61 batches)
loss_per_epoch_list on epoch 3 is [0.7123108799340295, 0.6972554081776103, 0.6588596711393262]

Checkpoint saved at /cluster/tufts/capstone25skyblue/eelkus01/NEXRADTurbulencePrediction/model_training/trained_model_outputs/resnet_42_model_checkpoint.pth for l2_alpha_idx: 3, fold 1, and epoch 3
BEGINNING EPOCH 4
[Epoch 4, Batch    50] avg loss: 0.6853
[Epoch 4, Batch   100] avg loss: 0.6810
[Epoch 4, Batch   150] avg loss: 0.6901
[Epoch 4, Batch   200] avg loss: 0.6883
[Epoch 4, Batch   250] avg loss: 0.6943
[Epoch 4, Batch   300] avg loss: 0.6807
Validation loss: 0.6800 (61 batches)
loss_per_epoch_list on epoch 4 is [0.7123108799340295, 0.6972554081776103, 0.6588596711393262, 0.6800467870274528]

Checkpoint saved at /cluster/tufts/capstone25skyblue/eelkus01/NEXRADTurbulencePrediction/model_training/trained_model_outputs/resnet_42_model_checkpoint.pth for l2_alpha_idx: 3, fold 1, and epoch 4
BEGINNING EPOCH 5
[Epoch 5, Batch    50] avg loss: 0.6975
[Epoch 5, Batch   100] avg loss: 0.6774
[Epoch 5, Batch   150] avg loss: 0.6780
[Epoch 5, Batch   200] avg loss: 0.6769
[Epoch 5, Batch   250] avg loss: 0.6790
[Epoch 5, Batch   300] avg loss: 0.6769
Validation loss: 0.7063 (61 batches)
loss_per_epoch_list on epoch 5 is [0.7123108799340295, 0.6972554081776103, 0.6588596711393262, 0.6800467870274528, 0.7063217055602152]

Checkpoint saved at /cluster/tufts/capstone25skyblue/eelkus01/NEXRADTurbulencePrediction/model_training/trained_model_outputs/resnet_42_model_checkpoint.pth for l2_alpha_idx: 3, fold 1, and epoch 5
BEGINNING EPOCH 6
[Epoch 6, Batch    50] avg loss: 0.6735
[Epoch 6, Batch   100] avg loss: 0.6800
[Epoch 6, Batch   150] avg loss: 0.6761
[Epoch 6, Batch   200] avg loss: 0.6809
[Epoch 6, Batch   250] avg loss: 0.6762
[Epoch 6, Batch   300] avg loss: 0.6774
Validation loss: 0.7096 (61 batches)
loss_per_epoch_list on epoch 6 is [0.7123108799340295, 0.6972554081776103, 0.6588596711393262, 0.6800467870274528, 0.7063217055602152, 0.7096210913579972]

Checkpoint saved at /cluster/tufts/capstone25skyblue/eelkus01/NEXRADTurbulencePrediction/model_training/trained_model_outputs/resnet_42_model_checkpoint.pth for l2_alpha_idx: 3, fold 1, and epoch 6
BEGINNING EPOCH 7
[Epoch 7, Batch    50] avg loss: 0.6731
[Epoch 7, Batch   100] avg loss: 0.6788
[Epoch 7, Batch   150] avg loss: 0.6870
[Epoch 7, Batch   200] avg loss: 0.6682
[Epoch 7, Batch   250] avg loss: 0.6743
[Epoch 7, Batch   300] avg loss: 0.6746
Validation loss: 0.6474 (61 batches)
loss_per_epoch_list on epoch 7 is [0.7123108799340295, 0.6972554081776103, 0.6588596711393262, 0.6800467870274528, 0.7063217055602152, 0.7096210913579972, 0.6474200653248146]

Checkpoint saved at /cluster/tufts/capstone25skyblue/eelkus01/NEXRADTurbulencePrediction/model_training/trained_model_outputs/resnet_42_model_checkpoint.pth for l2_alpha_idx: 3, fold 1, and epoch 7
BEGINNING EPOCH 8
[Epoch 8, Batch    50] avg loss: 0.6788
[Epoch 8, Batch   100] avg loss: 0.6812
[Epoch 8, Batch   150] avg loss: 0.6755
[Epoch 8, Batch   200] avg loss: 0.6604
[Epoch 8, Batch   250] avg loss: 0.6717
[Epoch 8, Batch   300] avg loss: 0.6683
Validation loss: 0.6459 (61 batches)
loss_per_epoch_list on epoch 8 is [0.7123108799340295, 0.6972554081776103, 0.6588596711393262, 0.6800467870274528, 0.7063217055602152, 0.7096210913579972, 0.6474200653248146, 0.6458724815337384]

Checkpoint saved at /cluster/tufts/capstone25skyblue/eelkus01/NEXRADTurbulencePrediction/model_training/trained_model_outputs/resnet_42_model_checkpoint.pth for l2_alpha_idx: 3, fold 1, and epoch 8
BEGINNING EPOCH 9
[Epoch 9, Batch    50] avg loss: 0.6701
[Epoch 9, Batch   100] avg loss: 0.6633
[Epoch 9, Batch   150] avg loss: 0.6682
[Epoch 9, Batch   200] avg loss: 0.6621
[Epoch 9, Batch   250] avg loss: 0.6498
[Epoch 9, Batch   300] avg loss: 0.6870
Validation loss: 0.6619 (61 batches)
loss_per_epoch_list on epoch 9 is [0.7123108799340295, 0.6972554081776103, 0.6588596711393262, 0.6800467870274528, 0.7063217055602152, 0.7096210913579972, 0.6474200653248146, 0.6458724815337384, 0.6618952897728466]

Checkpoint saved at /cluster/tufts/capstone25skyblue/eelkus01/NEXRADTurbulencePrediction/model_training/trained_model_outputs/resnet_42_model_checkpoint.pth for l2_alpha_idx: 3, fold 1, and epoch 9
BEGINNING EPOCH 10
[Epoch 10, Batch    50] avg loss: 0.6560
[Epoch 10, Batch   100] avg loss: 0.6674
[Epoch 10, Batch   150] avg loss: 0.6623
[Epoch 10, Batch   200] avg loss: 0.6565
[Epoch 10, Batch   250] avg loss: 0.6551
[Epoch 10, Batch   300] avg loss: 0.6545
Validation loss: 0.6990 (61 batches)
loss_per_epoch_list on epoch 10 is [0.7123108799340295, 0.6972554081776103, 0.6588596711393262, 0.6800467870274528, 0.7063217055602152, 0.7096210913579972, 0.6474200653248146, 0.6458724815337384, 0.6618952897728466, 0.6989529660490693]

Checkpoint saved at /cluster/tufts/capstone25skyblue/eelkus01/NEXRADTurbulencePrediction/model_training/trained_model_outputs/resnet_42_model_checkpoint.pth for l2_alpha_idx: 3, fold 1, and epoch 10
BEGINNING EPOCH 11
[Epoch 11, Batch    50] avg loss: 0.6541
[Epoch 11, Batch   100] avg loss: 0.6540
[Epoch 11, Batch   150] avg loss: 0.6575
[Epoch 11, Batch   200] avg loss: 0.6528
[Epoch 11, Batch   250] avg loss: 0.6459
[Epoch 11, Batch   300] avg loss: 0.6478
Validation loss: 0.6551 (61 batches)
loss_per_epoch_list on epoch 11 is [0.7123108799340295, 0.6972554081776103, 0.6588596711393262, 0.6800467870274528, 0.7063217055602152, 0.7096210913579972, 0.6474200653248146, 0.6458724815337384, 0.6618952897728466, 0.6989529660490693, 0.655081684472131]

Checkpoint saved at /cluster/tufts/capstone25skyblue/eelkus01/NEXRADTurbulencePrediction/model_training/trained_model_outputs/resnet_42_model_checkpoint.pth for l2_alpha_idx: 3, fold 1, and epoch 11
BEGINNING EPOCH 12
[Epoch 12, Batch    50] avg loss: 0.6447
[Epoch 12, Batch   100] avg loss: 0.6558
[Epoch 12, Batch   150] avg loss: 0.6442
[Epoch 12, Batch   200] avg loss: 0.6432
[Epoch 12, Batch   250] avg loss: 0.6426
[Epoch 12, Batch   300] avg loss: 0.6480
Validation loss: 0.6900 (61 batches)
loss_per_epoch_list on epoch 12 is [0.7123108799340295, 0.6972554081776103, 0.6588596711393262, 0.6800467870274528, 0.7063217055602152, 0.7096210913579972, 0.6474200653248146, 0.6458724815337384, 0.6618952897728466, 0.6989529660490693, 0.655081684472131, 0.6900419084752192]

Checkpoint saved at /cluster/tufts/capstone25skyblue/eelkus01/NEXRADTurbulencePrediction/model_training/trained_model_outputs/resnet_42_model_checkpoint.pth for l2_alpha_idx: 3, fold 1, and epoch 12
BEGINNING EPOCH 13
[Epoch 13, Batch    50] avg loss: 0.6442
[Epoch 13, Batch   100] avg loss: 0.6398
[Epoch 13, Batch   150] avg loss: 0.6457
[Epoch 13, Batch   200] avg loss: 0.6517
[Epoch 13, Batch   250] avg loss: 0.6401
[Epoch 13, Batch   300] avg loss: 0.6363
Validation loss: 0.6432 (61 batches)
loss_per_epoch_list on epoch 13 is [0.7123108799340295, 0.6972554081776103, 0.6588596711393262, 0.6800467870274528, 0.7063217055602152, 0.7096210913579972, 0.6474200653248146, 0.6458724815337384, 0.6618952897728466, 0.6989529660490693, 0.655081684472131, 0.6900419084752192, 0.6431800693762108]

Checkpoint saved at /cluster/tufts/capstone25skyblue/eelkus01/NEXRADTurbulencePrediction/model_training/trained_model_outputs/resnet_42_model_checkpoint.pth for l2_alpha_idx: 3, fold 1, and epoch 13
BEGINNING EPOCH 14
[Epoch 14, Batch    50] avg loss: 0.6461
[Epoch 14, Batch   100] avg loss: 0.6496
[Epoch 14, Batch   150] avg loss: 0.6418
[Epoch 14, Batch   200] avg loss: 0.6340
[Epoch 14, Batch   250] avg loss: 0.6340
[Epoch 14, Batch   300] avg loss: 0.6253
Validation loss: 0.6781 (61 batches)
loss_per_epoch_list on epoch 14 is [0.7123108799340295, 0.6972554081776103, 0.6588596711393262, 0.6800467870274528, 0.7063217055602152, 0.7096210913579972, 0.6474200653248146, 0.6458724815337384, 0.6618952897728466, 0.6989529660490693, 0.655081684472131, 0.6900419084752192, 0.6431800693762108, 0.6781422749894565]

Checkpoint saved at /cluster/tufts/capstone25skyblue/eelkus01/NEXRADTurbulencePrediction/model_training/trained_model_outputs/resnet_42_model_checkpoint.pth for l2_alpha_idx: 3, fold 1, and epoch 14
BEGINNING EPOCH 15
[Epoch 15, Batch    50] avg loss: 0.6325
[Epoch 15, Batch   100] avg loss: 0.6154
[Epoch 15, Batch   150] avg loss: 0.6288
[Epoch 15, Batch   200] avg loss: 0.6258
[Epoch 15, Batch   250] avg loss: 0.6302
[Epoch 15, Batch   300] avg loss: 0.6263
Validation loss: 0.6490 (61 batches)
loss_per_epoch_list on epoch 15 is [0.7123108799340295, 0.6972554081776103, 0.6588596711393262, 0.6800467870274528, 0.7063217055602152, 0.7096210913579972, 0.6474200653248146, 0.6458724815337384, 0.6618952897728466, 0.6989529660490693, 0.655081684472131, 0.6900419084752192, 0.6431800693762108, 0.6781422749894565, 0.6489681083647931]

Checkpoint saved at /cluster/tufts/capstone25skyblue/eelkus01/NEXRADTurbulencePrediction/model_training/trained_model_outputs/resnet_42_model_checkpoint.pth for l2_alpha_idx: 3, fold 1, and epoch 15
BEGINNING EPOCH 16
[Epoch 16, Batch    50] avg loss: 0.6255
[Epoch 16, Batch   100] avg loss: 0.6240
[Epoch 16, Batch   150] avg loss: 0.6159
[Epoch 16, Batch   200] avg loss: 0.6209
[Epoch 16, Batch   250] avg loss: 0.6144
[Epoch 16, Batch   300] avg loss: 0.6124
Validation loss: 0.6410 (61 batches)
loss_per_epoch_list on epoch 16 is [0.7123108799340295, 0.6972554081776103, 0.6588596711393262, 0.6800467870274528, 0.7063217055602152, 0.7096210913579972, 0.6474200653248146, 0.6458724815337384, 0.6618952897728466, 0.6989529660490693, 0.655081684472131, 0.6900419084752192, 0.6431800693762108, 0.6781422749894565, 0.6489681083647931, 0.6409734888154952]

Checkpoint saved at /cluster/tufts/capstone25skyblue/eelkus01/NEXRADTurbulencePrediction/model_training/trained_model_outputs/resnet_42_model_checkpoint.pth for l2_alpha_idx: 3, fold 1, and epoch 16
BEGINNING EPOCH 17
[Epoch 17, Batch    50] avg loss: 0.6194
[Epoch 17, Batch   100] avg loss: 0.6032
[Epoch 17, Batch   150] avg loss: 0.6095
[Epoch 17, Batch   200] avg loss: 0.5920
[Epoch 17, Batch   250] avg loss: 0.5942
[Epoch 17, Batch   300] avg loss: 0.5893
Validation loss: 0.6787 (61 batches)
loss_per_epoch_list on epoch 17 is [0.7123108799340295, 0.6972554081776103, 0.6588596711393262, 0.6800467870274528, 0.7063217055602152, 0.7096210913579972, 0.6474200653248146, 0.6458724815337384, 0.6618952897728466, 0.6989529660490693, 0.655081684472131, 0.6900419084752192, 0.6431800693762108, 0.6781422749894565, 0.6489681083647931, 0.6409734888154952, 0.6786628482771702]

Checkpoint saved at /cluster/tufts/capstone25skyblue/eelkus01/NEXRADTurbulencePrediction/model_training/trained_model_outputs/resnet_42_model_checkpoint.pth for l2_alpha_idx: 3, fold 1, and epoch 17
BEGINNING EPOCH 18
[Epoch 18, Batch    50] avg loss: 0.5811
[Epoch 18, Batch   100] avg loss: 0.5965
[Epoch 18, Batch   150] avg loss: 0.5770
[Epoch 18, Batch   200] avg loss: 0.5952
[Epoch 18, Batch   250] avg loss: 0.5767
[Epoch 18, Batch   300] avg loss: 0.5702
Validation loss: 0.6347 (61 batches)
loss_per_epoch_list on epoch 18 is [0.7123108799340295, 0.6972554081776103, 0.6588596711393262, 0.6800467870274528, 0.7063217055602152, 0.7096210913579972, 0.6474200653248146, 0.6458724815337384, 0.6618952897728466, 0.6989529660490693, 0.655081684472131, 0.6900419084752192, 0.6431800693762108, 0.6781422749894565, 0.6489681083647931, 0.6409734888154952, 0.6786628482771702, 0.6347179872090699]

Checkpoint saved at /cluster/tufts/capstone25skyblue/eelkus01/NEXRADTurbulencePrediction/model_training/trained_model_outputs/resnet_42_model_checkpoint.pth for l2_alpha_idx: 3, fold 1, and epoch 18
BEGINNING EPOCH 19
[Epoch 19, Batch    50] avg loss: 0.5887
[Epoch 19, Batch   100] avg loss: 0.5592
[Epoch 19, Batch   150] avg loss: 0.5655
[Epoch 19, Batch   200] avg loss: 0.5616
[Epoch 19, Batch   250] avg loss: 0.5566
[Epoch 19, Batch   300] avg loss: 0.5373
Validation loss: 0.7661 (61 batches)
loss_per_epoch_list on epoch 19 is [0.7123108799340295, 0.6972554081776103, 0.6588596711393262, 0.6800467870274528, 0.7063217055602152, 0.7096210913579972, 0.6474200653248146, 0.6458724815337384, 0.6618952897728466, 0.6989529660490693, 0.655081684472131, 0.6900419084752192, 0.6431800693762108, 0.6781422749894565, 0.6489681083647931, 0.6409734888154952, 0.6786628482771702, 0.6347179872090699, 0.7661094216049694]

Checkpoint saved at /cluster/tufts/capstone25skyblue/eelkus01/NEXRADTurbulencePrediction/model_training/trained_model_outputs/resnet_42_model_checkpoint.pth for l2_alpha_idx: 3, fold 1, and epoch 19
BEGINNING EPOCH 20
[Epoch 20, Batch    50] avg loss: 0.5376
[Epoch 20, Batch   100] avg loss: 0.5420
[Epoch 20, Batch   150] avg loss: 0.5428
[Epoch 20, Batch   200] avg loss: 0.5373
[Epoch 20, Batch   250] avg loss: 0.5163
[Epoch 20, Batch   300] avg loss: 0.5219
Validation loss: 0.6601 (61 batches)
loss_per_epoch_list on epoch 20 is [0.7123108799340295, 0.6972554081776103, 0.6588596711393262, 0.6800467870274528, 0.7063217055602152, 0.7096210913579972, 0.6474200653248146, 0.6458724815337384, 0.6618952897728466, 0.6989529660490693, 0.655081684472131, 0.6900419084752192, 0.6431800693762108, 0.6781422749894565, 0.6489681083647931, 0.6409734888154952, 0.6786628482771702, 0.6347179872090699, 0.7661094216049694, 0.6600524079604227]

Checkpoint saved at /cluster/tufts/capstone25skyblue/eelkus01/NEXRADTurbulencePrediction/model_training/trained_model_outputs/resnet_42_model_checkpoint.pth for l2_alpha_idx: 3, fold 1, and epoch 20
BEGINNING EPOCH 21
[Epoch 21, Batch    50] avg loss: 0.5471
[Epoch 21, Batch   100] avg loss: 0.5188
[Epoch 21, Batch   150] avg loss: 0.4984
[Epoch 21, Batch   200] avg loss: 0.4921
[Epoch 21, Batch   250] avg loss: 0.4867
[Epoch 21, Batch   300] avg loss: 0.4658
Validation loss: 0.7472 (61 batches)
loss_per_epoch_list on epoch 21 is [0.7123108799340295, 0.6972554081776103, 0.6588596711393262, 0.6800467870274528, 0.7063217055602152, 0.7096210913579972, 0.6474200653248146, 0.6458724815337384, 0.6618952897728466, 0.6989529660490693, 0.655081684472131, 0.6900419084752192, 0.6431800693762108, 0.6781422749894565, 0.6489681083647931, 0.6409734888154952, 0.6786628482771702, 0.6347179872090699, 0.7661094216049694, 0.6600524079604227, 0.7471530926032145]

Checkpoint saved at /cluster/tufts/capstone25skyblue/eelkus01/NEXRADTurbulencePrediction/model_training/trained_model_outputs/resnet_42_model_checkpoint.pth for l2_alpha_idx: 3, fold 1, and epoch 21
BEGINNING EPOCH 22
[Epoch 22, Batch    50] avg loss: 0.4898
[Epoch 22, Batch   100] avg loss: 0.4628
[Epoch 22, Batch   150] avg loss: 0.4790
[Epoch 22, Batch   200] avg loss: 0.4613
[Epoch 22, Batch   250] avg loss: 0.4514
[Epoch 22, Batch   300] avg loss: 0.4367
Validation loss: 0.7882 (61 batches)
loss_per_epoch_list on epoch 22 is [0.7123108799340295, 0.6972554081776103, 0.6588596711393262, 0.6800467870274528, 0.7063217055602152, 0.7096210913579972, 0.6474200653248146, 0.6458724815337384, 0.6618952897728466, 0.6989529660490693, 0.655081684472131, 0.6900419084752192, 0.6431800693762108, 0.6781422749894565, 0.6489681083647931, 0.6409734888154952, 0.6786628482771702, 0.6347179872090699, 0.7661094216049694, 0.6600524079604227, 0.7471530926032145, 0.7882017981810648]

Checkpoint saved at /cluster/tufts/capstone25skyblue/eelkus01/NEXRADTurbulencePrediction/model_training/trained_model_outputs/resnet_42_model_checkpoint.pth for l2_alpha_idx: 3, fold 1, and epoch 22
BEGINNING EPOCH 23
[Epoch 23, Batch    50] avg loss: 0.4312
[Epoch 23, Batch   100] avg loss: 0.4181
[Epoch 23, Batch   150] avg loss: 0.4313
[Epoch 23, Batch   200] avg loss: 0.4088
[Epoch 23, Batch   250] avg loss: 0.4166
[Epoch 23, Batch   300] avg loss: 0.4012
Validation loss: 0.8356 (61 batches)
loss_per_epoch_list on epoch 23 is [0.7123108799340295, 0.6972554081776103, 0.6588596711393262, 0.6800467870274528, 0.7063217055602152, 0.7096210913579972, 0.6474200653248146, 0.6458724815337384, 0.6618952897728466, 0.6989529660490693, 0.655081684472131, 0.6900419084752192, 0.6431800693762108, 0.6781422749894565, 0.6489681083647931, 0.6409734888154952, 0.6786628482771702, 0.6347179872090699, 0.7661094216049694, 0.6600524079604227, 0.7471530926032145, 0.7882017981810648, 0.8356415433961837]

Checkpoint saved at /cluster/tufts/capstone25skyblue/eelkus01/NEXRADTurbulencePrediction/model_training/trained_model_outputs/resnet_42_model_checkpoint.pth for l2_alpha_idx: 3, fold 1, and epoch 23
BEGINNING EPOCH 24
[Epoch 24, Batch    50] avg loss: 0.4070
[Epoch 24, Batch   100] avg loss: 0.3904
[Epoch 24, Batch   150] avg loss: 0.3626
[Epoch 24, Batch   200] avg loss: 0.3854
[Epoch 24, Batch   250] avg loss: 0.3481
[Epoch 24, Batch   300] avg loss: 0.3735
Validation loss: 0.8711 (61 batches)
loss_per_epoch_list on epoch 24 is [0.7123108799340295, 0.6972554081776103, 0.6588596711393262, 0.6800467870274528, 0.7063217055602152, 0.7096210913579972, 0.6474200653248146, 0.6458724815337384, 0.6618952897728466, 0.6989529660490693, 0.655081684472131, 0.6900419084752192, 0.6431800693762108, 0.6781422749894565, 0.6489681083647931, 0.6409734888154952, 0.6786628482771702, 0.6347179872090699, 0.7661094216049694, 0.6600524079604227, 0.7471530926032145, 0.7882017981810648, 0.8356415433961837, 0.8711245333562132]

Checkpoint saved at /cluster/tufts/capstone25skyblue/eelkus01/NEXRADTurbulencePrediction/model_training/trained_model_outputs/resnet_42_model_checkpoint.pth for l2_alpha_idx: 3, fold 1, and epoch 24
BEGINNING EPOCH 25
[Epoch 25, Batch    50] avg loss: 0.3471
[Epoch 25, Batch   100] avg loss: 0.3448
[Epoch 25, Batch   150] avg loss: 0.3448
[Epoch 25, Batch   200] avg loss: 0.3410
[Epoch 25, Batch   250] avg loss: 0.3397
[Epoch 25, Batch   300] avg loss: 0.3104
Validation loss: 0.9238 (61 batches)
loss_per_epoch_list on epoch 25 is [0.7123108799340295, 0.6972554081776103, 0.6588596711393262, 0.6800467870274528, 0.7063217055602152, 0.7096210913579972, 0.6474200653248146, 0.6458724815337384, 0.6618952897728466, 0.6989529660490693, 0.655081684472131, 0.6900419084752192, 0.6431800693762108, 0.6781422749894565, 0.6489681083647931, 0.6409734888154952, 0.6786628482771702, 0.6347179872090699, 0.7661094216049694, 0.6600524079604227, 0.7471530926032145, 0.7882017981810648, 0.8356415433961837, 0.8711245333562132, 0.923848599684043]

Checkpoint saved at /cluster/tufts/capstone25skyblue/eelkus01/NEXRADTurbulencePrediction/model_training/trained_model_outputs/resnet_42_model_checkpoint.pth for l2_alpha_idx: 3, fold 1, and epoch 25
BEGINNING EPOCH 26
[Epoch 26, Batch    50] avg loss: 0.3039
[Epoch 26, Batch   100] avg loss: 0.3191
[Epoch 26, Batch   150] avg loss: 0.3108
[Epoch 26, Batch   200] avg loss: 0.2956
[Epoch 26, Batch   250] avg loss: 0.2926
[Epoch 26, Batch   300] avg loss: 0.2797
Validation loss: 1.0971 (61 batches)
loss_per_epoch_list on epoch 26 is [0.7123108799340295, 0.6972554081776103, 0.6588596711393262, 0.6800467870274528, 0.7063217055602152, 0.7096210913579972, 0.6474200653248146, 0.6458724815337384, 0.6618952897728466, 0.6989529660490693, 0.655081684472131, 0.6900419084752192, 0.6431800693762108, 0.6781422749894565, 0.6489681083647931, 0.6409734888154952, 0.6786628482771702, 0.6347179872090699, 0.7661094216049694, 0.6600524079604227, 0.7471530926032145, 0.7882017981810648, 0.8356415433961837, 0.8711245333562132, 0.923848599684043, 1.097143439972987]

Checkpoint saved at /cluster/tufts/capstone25skyblue/eelkus01/NEXRADTurbulencePrediction/model_training/trained_model_outputs/resnet_42_model_checkpoint.pth for l2_alpha_idx: 3, fold 1, and epoch 26
BEGINNING EPOCH 27
[Epoch 27, Batch    50] avg loss: 0.2863
[Epoch 27, Batch   100] avg loss: 0.2824
[Epoch 27, Batch   150] avg loss: 0.2441
[Epoch 27, Batch   200] avg loss: 0.2807
[Epoch 27, Batch   250] avg loss: 0.2733
[Epoch 27, Batch   300] avg loss: 0.2521
Validation loss: 1.0861 (61 batches)
loss_per_epoch_list on epoch 27 is [0.7123108799340295, 0.6972554081776103, 0.6588596711393262, 0.6800467870274528, 0.7063217055602152, 0.7096210913579972, 0.6474200653248146, 0.6458724815337384, 0.6618952897728466, 0.6989529660490693, 0.655081684472131, 0.6900419084752192, 0.6431800693762108, 0.6781422749894565, 0.6489681083647931, 0.6409734888154952, 0.6786628482771702, 0.6347179872090699, 0.7661094216049694, 0.6600524079604227, 0.7471530926032145, 0.7882017981810648, 0.8356415433961837, 0.8711245333562132, 0.923848599684043, 1.097143439972987, 1.0860857826764467]

Checkpoint saved at /cluster/tufts/capstone25skyblue/eelkus01/NEXRADTurbulencePrediction/model_training/trained_model_outputs/resnet_42_model_checkpoint.pth for l2_alpha_idx: 3, fold 1, and epoch 27
BEGINNING EPOCH 28
[Epoch 28, Batch    50] avg loss: 0.2372
[Epoch 28, Batch   100] avg loss: 0.2395
[Epoch 28, Batch   150] avg loss: 0.2396
[Epoch 28, Batch   200] avg loss: 0.2578
[Epoch 28, Batch   250] avg loss: 0.2354
[Epoch 28, Batch   300] avg loss: 0.2204
Validation loss: 1.3460 (61 batches)
loss_per_epoch_list on epoch 28 is [0.7123108799340295, 0.6972554081776103, 0.6588596711393262, 0.6800467870274528, 0.7063217055602152, 0.7096210913579972, 0.6474200653248146, 0.6458724815337384, 0.6618952897728466, 0.6989529660490693, 0.655081684472131, 0.6900419084752192, 0.6431800693762108, 0.6781422749894565, 0.6489681083647931, 0.6409734888154952, 0.6786628482771702, 0.6347179872090699, 0.7661094216049694, 0.6600524079604227, 0.7471530926032145, 0.7882017981810648, 0.8356415433961837, 0.8711245333562132, 0.923848599684043, 1.097143439972987, 1.0860857826764467, 1.346023214645073]

Checkpoint saved at /cluster/tufts/capstone25skyblue/eelkus01/NEXRADTurbulencePrediction/model_training/trained_model_outputs/resnet_42_model_checkpoint.pth for l2_alpha_idx: 3, fold 1, and epoch 28
BEGINNING EPOCH 29
[Epoch 29, Batch    50] avg loss: 0.2362
[Epoch 29, Batch   100] avg loss: 0.2122
[Epoch 29, Batch   150] avg loss: 0.2066
[Epoch 29, Batch   200] avg loss: 0.1977
[Epoch 29, Batch   250] avg loss: 0.1970
[Epoch 29, Batch   300] avg loss: 0.1962
Validation loss: 1.4827 (61 batches)
loss_per_epoch_list on epoch 29 is [0.7123108799340295, 0.6972554081776103, 0.6588596711393262, 0.6800467870274528, 0.7063217055602152, 0.7096210913579972, 0.6474200653248146, 0.6458724815337384, 0.6618952897728466, 0.6989529660490693, 0.655081684472131, 0.6900419084752192, 0.6431800693762108, 0.6781422749894565, 0.6489681083647931, 0.6409734888154952, 0.6786628482771702, 0.6347179872090699, 0.7661094216049694, 0.6600524079604227, 0.7471530926032145, 0.7882017981810648, 0.8356415433961837, 0.8711245333562132, 0.923848599684043, 1.097143439972987, 1.0860857826764467, 1.346023214645073, 1.4827356416671003]

Checkpoint saved at /cluster/tufts/capstone25skyblue/eelkus01/NEXRADTurbulencePrediction/model_training/trained_model_outputs/resnet_42_model_checkpoint.pth for l2_alpha_idx: 3, fold 1, and epoch 29
Fold 1 had loss: 1.4827356416671003 on its last epoch

Fold 2 with l2_alpha = 0
Train subset size: 19253, Validation subset size: 3851
BEGINNING EPOCH 1
[Epoch 1, Batch    50] avg loss: 3.9318
[Epoch 1, Batch   100] avg loss: 0.8467
[Epoch 1, Batch   150] avg loss: 0.7412
[Epoch 1, Batch   200] avg loss: 0.7130
[Epoch 1, Batch   250] avg loss: 0.7210
[Epoch 1, Batch   300] avg loss: 0.6984
Validation loss: 0.7069 (61 batches)
loss_per_epoch_list on epoch 1 is [0.7069350060869436]

Checkpoint saved at /cluster/tufts/capstone25skyblue/eelkus01/NEXRADTurbulencePrediction/model_training/trained_model_outputs/resnet_42_model_checkpoint.pth for l2_alpha_idx: 3, fold 2, and epoch 1
BEGINNING EPOCH 2
[Epoch 2, Batch    50] avg loss: 0.6988
[Epoch 2, Batch   100] avg loss: 0.6989
[Epoch 2, Batch   150] avg loss: 0.7031
[Epoch 2, Batch   200] avg loss: 0.6994
[Epoch 2, Batch   250] avg loss: 0.6993
[Epoch 2, Batch   300] avg loss: 0.6987
Validation loss: 0.7098 (61 batches)
loss_per_epoch_list on epoch 2 is [0.7069350060869436, 0.709804575951373]

Checkpoint saved at /cluster/tufts/capstone25skyblue/eelkus01/NEXRADTurbulencePrediction/model_training/trained_model_outputs/resnet_42_model_checkpoint.pth for l2_alpha_idx: 3, fold 2, and epoch 2
BEGINNING EPOCH 3
[Epoch 3, Batch    50] avg loss: 0.6952
[Epoch 3, Batch   100] avg loss: 0.6937
[Epoch 3, Batch   150] avg loss: 0.6903
[Epoch 3, Batch   200] avg loss: 0.6917
[Epoch 3, Batch   250] avg loss: 0.6885
[Epoch 3, Batch   300] avg loss: 0.6978
Validation loss: 0.6968 (61 batches)
loss_per_epoch_list on epoch 3 is [0.7069350060869436, 0.709804575951373, 0.6967936324291542]

Checkpoint saved at /cluster/tufts/capstone25skyblue/eelkus01/NEXRADTurbulencePrediction/model_training/trained_model_outputs/resnet_42_model_checkpoint.pth for l2_alpha_idx: 3, fold 2, and epoch 3
BEGINNING EPOCH 4
[Epoch 4, Batch    50] avg loss: 0.6894
[Epoch 4, Batch   100] avg loss: 0.6931
[Epoch 4, Batch   150] avg loss: 0.6921
[Epoch 4, Batch   200] avg loss: 0.6883
[Epoch 4, Batch   250] avg loss: 0.6924
[Epoch 4, Batch   300] avg loss: 0.6944
Validation loss: 0.6940 (61 batches)
loss_per_epoch_list on epoch 4 is [0.7069350060869436, 0.709804575951373, 0.6967936324291542, 0.6940059554381449]

Checkpoint saved at /cluster/tufts/capstone25skyblue/eelkus01/NEXRADTurbulencePrediction/model_training/trained_model_outputs/resnet_42_model_checkpoint.pth for l2_alpha_idx: 3, fold 2, and epoch 4
BEGINNING EPOCH 5
[Epoch 5, Batch    50] avg loss: 0.6873
[Epoch 5, Batch   100] avg loss: 0.6875
[Epoch 5, Batch   150] avg loss: 0.6895
[Epoch 5, Batch   200] avg loss: 0.6878
[Epoch 5, Batch   250] avg loss: 0.6850
[Epoch 5, Batch   300] avg loss: 0.6861
Validation loss: 0.7032 (61 batches)
loss_per_epoch_list on epoch 5 is [0.7069350060869436, 0.709804575951373, 0.6967936324291542, 0.6940059554381449, 0.7032380807595174]

Checkpoint saved at /cluster/tufts/capstone25skyblue/eelkus01/NEXRADTurbulencePrediction/model_training/trained_model_outputs/resnet_42_model_checkpoint.pth for l2_alpha_idx: 3, fold 2, and epoch 5
BEGINNING EPOCH 6
[Epoch 6, Batch    50] avg loss: 0.6848
[Epoch 6, Batch   100] avg loss: 0.6804
[Epoch 6, Batch   150] avg loss: 0.6771
[Epoch 6, Batch   200] avg loss: 0.6809
[Epoch 6, Batch   250] avg loss: 0.6775
[Epoch 6, Batch   300] avg loss: 0.6793
Validation loss: 0.6720 (61 batches)
loss_per_epoch_list on epoch 6 is [0.7069350060869436, 0.709804575951373, 0.6967936324291542, 0.6940059554381449, 0.7032380807595174, 0.6720107354101588]

Checkpoint saved at /cluster/tufts/capstone25skyblue/eelkus01/NEXRADTurbulencePrediction/model_training/trained_model_outputs/resnet_42_model_checkpoint.pth for l2_alpha_idx: 3, fold 2, and epoch 6
BEGINNING EPOCH 7
[Epoch 7, Batch    50] avg loss: 0.6773
[Epoch 7, Batch   100] avg loss: 0.6738
[Epoch 7, Batch   150] avg loss: 0.6675
[Epoch 7, Batch   200] avg loss: 0.6793
[Epoch 7, Batch   250] avg loss: 0.6821
[Epoch 7, Batch   300] avg loss: 0.6733
Validation loss: 0.6648 (61 batches)
loss_per_epoch_list on epoch 7 is [0.7069350060869436, 0.709804575951373, 0.6967936324291542, 0.6940059554381449, 0.7032380807595174, 0.6720107354101588, 0.6647702797514493]

Checkpoint saved at /cluster/tufts/capstone25skyblue/eelkus01/NEXRADTurbulencePrediction/model_training/trained_model_outputs/resnet_42_model_checkpoint.pth for l2_alpha_idx: 3, fold 2, and epoch 7
BEGINNING EPOCH 8
[Epoch 8, Batch    50] avg loss: 0.6757
[Epoch 8, Batch   100] avg loss: 0.6648
[Epoch 8, Batch   150] avg loss: 0.6705
[Epoch 8, Batch   200] avg loss: 0.6728
[Epoch 8, Batch   250] avg loss: 0.6734
[Epoch 8, Batch   300] avg loss: 0.6713
Validation loss: 0.6481 (61 batches)
loss_per_epoch_list on epoch 8 is [0.7069350060869436, 0.709804575951373, 0.6967936324291542, 0.6940059554381449, 0.7032380807595174, 0.6720107354101588, 0.6647702797514493, 0.6480659295300968]

Checkpoint saved at /cluster/tufts/capstone25skyblue/eelkus01/NEXRADTurbulencePrediction/model_training/trained_model_outputs/resnet_42_model_checkpoint.pth for l2_alpha_idx: 3, fold 2, and epoch 8
BEGINNING EPOCH 9
[Epoch 9, Batch    50] avg loss: 0.6625
[Epoch 9, Batch   100] avg loss: 0.6667
[Epoch 9, Batch   150] avg loss: 0.6675
[Epoch 9, Batch   200] avg loss: 0.6545
[Epoch 9, Batch   250] avg loss: 0.6724
[Epoch 9, Batch   300] avg loss: 0.6578
Validation loss: 0.6785 (61 batches)
loss_per_epoch_list on epoch 9 is [0.7069350060869436, 0.709804575951373, 0.6967936324291542, 0.6940059554381449, 0.7032380807595174, 0.6720107354101588, 0.6647702797514493, 0.6480659295300968, 0.6784640716724708]

Checkpoint saved at /cluster/tufts/capstone25skyblue/eelkus01/NEXRADTurbulencePrediction/model_training/trained_model_outputs/resnet_42_model_checkpoint.pth for l2_alpha_idx: 3, fold 2, and epoch 9
BEGINNING EPOCH 10
[Epoch 10, Batch    50] avg loss: 0.6617
[Epoch 10, Batch   100] avg loss: 0.6636
[Epoch 10, Batch   150] avg loss: 0.6600
[Epoch 10, Batch   200] avg loss: 0.6534
[Epoch 10, Batch   250] avg loss: 0.6564
[Epoch 10, Batch   300] avg loss: 0.6633
Validation loss: 0.6527 (61 batches)
loss_per_epoch_list on epoch 10 is [0.7069350060869436, 0.709804575951373, 0.6967936324291542, 0.6940059554381449, 0.7032380807595174, 0.6720107354101588, 0.6647702797514493, 0.6480659295300968, 0.6784640716724708, 0.652724666673629]

Checkpoint saved at /cluster/tufts/capstone25skyblue/eelkus01/NEXRADTurbulencePrediction/model_training/trained_model_outputs/resnet_42_model_checkpoint.pth for l2_alpha_idx: 3, fold 2, and epoch 10
BEGINNING EPOCH 11
[Epoch 11, Batch    50] avg loss: 0.6633
[Epoch 11, Batch   100] avg loss: 0.6544
[Epoch 11, Batch   150] avg loss: 0.6603
[Epoch 11, Batch   200] avg loss: 0.6542
[Epoch 11, Batch   250] avg loss: 0.6566
[Epoch 11, Batch   300] avg loss: 0.6379
Validation loss: 0.6446 (61 batches)
loss_per_epoch_list on epoch 11 is [0.7069350060869436, 0.709804575951373, 0.6967936324291542, 0.6940059554381449, 0.7032380807595174, 0.6720107354101588, 0.6647702797514493, 0.6480659295300968, 0.6784640716724708, 0.652724666673629, 0.6446012932746137]

Checkpoint saved at /cluster/tufts/capstone25skyblue/eelkus01/NEXRADTurbulencePrediction/model_training/trained_model_outputs/resnet_42_model_checkpoint.pth for l2_alpha_idx: 3, fold 2, and epoch 11
BEGINNING EPOCH 12
[Epoch 12, Batch    50] avg loss: 0.6517
[Epoch 12, Batch   100] avg loss: 0.6529
[Epoch 12, Batch   150] avg loss: 0.6497
[Epoch 12, Batch   200] avg loss: 0.6434
[Epoch 12, Batch   250] avg loss: 0.6514
[Epoch 12, Batch   300] avg loss: 0.6403
Validation loss: 0.6313 (61 batches)
loss_per_epoch_list on epoch 12 is [0.7069350060869436, 0.709804575951373, 0.6967936324291542, 0.6940059554381449, 0.7032380807595174, 0.6720107354101588, 0.6647702797514493, 0.6480659295300968, 0.6784640716724708, 0.652724666673629, 0.6446012932746137, 0.6313041477906899]

Checkpoint saved at /cluster/tufts/capstone25skyblue/eelkus01/NEXRADTurbulencePrediction/model_training/trained_model_outputs/resnet_42_model_checkpoint.pth for l2_alpha_idx: 3, fold 2, and epoch 12
BEGINNING EPOCH 13
[Epoch 13, Batch    50] avg loss: 0.6460
[Epoch 13, Batch   100] avg loss: 0.6339
[Epoch 13, Batch   150] avg loss: 0.6458
[Epoch 13, Batch   200] avg loss: 0.6433
[Epoch 13, Batch   250] avg loss: 0.6373
[Epoch 13, Batch   300] avg loss: 0.6293
Validation loss: 0.6467 (61 batches)
loss_per_epoch_list on epoch 13 is [0.7069350060869436, 0.709804575951373, 0.6967936324291542, 0.6940059554381449, 0.7032380807595174, 0.6720107354101588, 0.6647702797514493, 0.6480659295300968, 0.6784640716724708, 0.652724666673629, 0.6446012932746137, 0.6313041477906899, 0.6467027283105694]

Checkpoint saved at /cluster/tufts/capstone25skyblue/eelkus01/NEXRADTurbulencePrediction/model_training/trained_model_outputs/resnet_42_model_checkpoint.pth for l2_alpha_idx: 3, fold 2, and epoch 13
BEGINNING EPOCH 14
[Epoch 14, Batch    50] avg loss: 0.6442
[Epoch 14, Batch   100] avg loss: 0.6469
[Epoch 14, Batch   150] avg loss: 0.6354
[Epoch 14, Batch   200] avg loss: 0.6364
[Epoch 14, Batch   250] avg loss: 0.6397
[Epoch 14, Batch   300] avg loss: 0.6365
Validation loss: 0.6823 (61 batches)
loss_per_epoch_list on epoch 14 is [0.7069350060869436, 0.709804575951373, 0.6967936324291542, 0.6940059554381449, 0.7032380807595174, 0.6720107354101588, 0.6647702797514493, 0.6480659295300968, 0.6784640716724708, 0.652724666673629, 0.6446012932746137, 0.6313041477906899, 0.6467027283105694, 0.6822898964412877]

Checkpoint saved at /cluster/tufts/capstone25skyblue/eelkus01/NEXRADTurbulencePrediction/model_training/trained_model_outputs/resnet_42_model_checkpoint.pth for l2_alpha_idx: 3, fold 2, and epoch 14
BEGINNING EPOCH 15
[Epoch 15, Batch    50] avg loss: 0.6235
[Epoch 15, Batch   100] avg loss: 0.6386
[Epoch 15, Batch   150] avg loss: 0.6270
[Epoch 15, Batch   200] avg loss: 0.6310
[Epoch 15, Batch   250] avg loss: 0.6391
[Epoch 15, Batch   300] avg loss: 0.6231
Validation loss: 0.6845 (61 batches)
loss_per_epoch_list on epoch 15 is [0.7069350060869436, 0.709804575951373, 0.6967936324291542, 0.6940059554381449, 0.7032380807595174, 0.6720107354101588, 0.6647702797514493, 0.6480659295300968, 0.6784640716724708, 0.652724666673629, 0.6446012932746137, 0.6313041477906899, 0.6467027283105694, 0.6822898964412877, 0.6845291002852018]

Checkpoint saved at /cluster/tufts/capstone25skyblue/eelkus01/NEXRADTurbulencePrediction/model_training/trained_model_outputs/resnet_42_model_checkpoint.pth for l2_alpha_idx: 3, fold 2, and epoch 15
BEGINNING EPOCH 16
[Epoch 16, Batch    50] avg loss: 0.6233
[Epoch 16, Batch   100] avg loss: 0.6220
[Epoch 16, Batch   150] avg loss: 0.6131
[Epoch 16, Batch   200] avg loss: 0.6248
[Epoch 16, Batch   250] avg loss: 0.6145
[Epoch 16, Batch   300] avg loss: 0.6106
Validation loss: 0.6847 (61 batches)
loss_per_epoch_list on epoch 16 is [0.7069350060869436, 0.709804575951373, 0.6967936324291542, 0.6940059554381449, 0.7032380807595174, 0.6720107354101588, 0.6647702797514493, 0.6480659295300968, 0.6784640716724708, 0.652724666673629, 0.6446012932746137, 0.6313041477906899, 0.6467027283105694, 0.6822898964412877, 0.6845291002852018, 0.6846508667117259]

Checkpoint saved at /cluster/tufts/capstone25skyblue/eelkus01/NEXRADTurbulencePrediction/model_training/trained_model_outputs/resnet_42_model_checkpoint.pth for l2_alpha_idx: 3, fold 2, and epoch 16
BEGINNING EPOCH 17
[Epoch 17, Batch    50] avg loss: 0.6165
[Epoch 17, Batch   100] avg loss: 0.6034
[Epoch 17, Batch   150] avg loss: 0.6141
[Epoch 17, Batch   200] avg loss: 0.6217
[Epoch 17, Batch   250] avg loss: 0.5962
[Epoch 17, Batch   300] avg loss: 0.5946
Validation loss: 0.6510 (61 batches)
loss_per_epoch_list on epoch 17 is [0.7069350060869436, 0.709804575951373, 0.6967936324291542, 0.6940059554381449, 0.7032380807595174, 0.6720107354101588, 0.6647702797514493, 0.6480659295300968, 0.6784640716724708, 0.652724666673629, 0.6446012932746137, 0.6313041477906899, 0.6467027283105694, 0.6822898964412877, 0.6845291002852018, 0.6846508667117259, 0.6509756787878568]

Checkpoint saved at /cluster/tufts/capstone25skyblue/eelkus01/NEXRADTurbulencePrediction/model_training/trained_model_outputs/resnet_42_model_checkpoint.pth for l2_alpha_idx: 3, fold 2, and epoch 17
BEGINNING EPOCH 18
[Epoch 18, Batch    50] avg loss: 0.6116
[Epoch 18, Batch   100] avg loss: 0.5977
[Epoch 18, Batch   150] avg loss: 0.5945
[Epoch 18, Batch   200] avg loss: 0.5840
[Epoch 18, Batch   250] avg loss: 0.5964
[Epoch 18, Batch   300] avg loss: 0.5849
Validation loss: 0.6710 (61 batches)
loss_per_epoch_list on epoch 18 is [0.7069350060869436, 0.709804575951373, 0.6967936324291542, 0.6940059554381449, 0.7032380807595174, 0.6720107354101588, 0.6647702797514493, 0.6480659295300968, 0.6784640716724708, 0.652724666673629, 0.6446012932746137, 0.6313041477906899, 0.6467027283105694, 0.6822898964412877, 0.6845291002852018, 0.6846508667117259, 0.6509756787878568, 0.6710297348069363]

Checkpoint saved at /cluster/tufts/capstone25skyblue/eelkus01/NEXRADTurbulencePrediction/model_training/trained_model_outputs/resnet_42_model_checkpoint.pth for l2_alpha_idx: 3, fold 2, and epoch 18
BEGINNING EPOCH 19
[Epoch 19, Batch    50] avg loss: 0.5920
[Epoch 19, Batch   100] avg loss: 0.5911
[Epoch 19, Batch   150] avg loss: 0.5705
[Epoch 19, Batch   200] avg loss: 0.5723
[Epoch 19, Batch   250] avg loss: 0.5591
[Epoch 19, Batch   300] avg loss: 0.5634
Validation loss: 0.7231 (61 batches)
loss_per_epoch_list on epoch 19 is [0.7069350060869436, 0.709804575951373, 0.6967936324291542, 0.6940059554381449, 0.7032380807595174, 0.6720107354101588, 0.6647702797514493, 0.6480659295300968, 0.6784640716724708, 0.652724666673629, 0.6446012932746137, 0.6313041477906899, 0.6467027283105694, 0.6822898964412877, 0.6845291002852018, 0.6846508667117259, 0.6509756787878568, 0.6710297348069363, 0.72309431677959]

Checkpoint saved at /cluster/tufts/capstone25skyblue/eelkus01/NEXRADTurbulencePrediction/model_training/trained_model_outputs/resnet_42_model_checkpoint.pth for l2_alpha_idx: 3, fold 2, and epoch 19
BEGINNING EPOCH 20
[Epoch 20, Batch    50] avg loss: 0.5522
[Epoch 20, Batch   100] avg loss: 0.5522
[Epoch 20, Batch   150] avg loss: 0.5551
[Epoch 20, Batch   200] avg loss: 0.5475
[Epoch 20, Batch   250] avg loss: 0.5346
[Epoch 20, Batch   300] avg loss: 0.5386
Validation loss: 0.7025 (61 batches)
loss_per_epoch_list on epoch 20 is [0.7069350060869436, 0.709804575951373, 0.6967936324291542, 0.6940059554381449, 0.7032380807595174, 0.6720107354101588, 0.6647702797514493, 0.6480659295300968, 0.6784640716724708, 0.652724666673629, 0.6446012932746137, 0.6313041477906899, 0.6467027283105694, 0.6822898964412877, 0.6845291002852018, 0.6846508667117259, 0.6509756787878568, 0.6710297348069363, 0.72309431677959, 0.7025130137068326]

Checkpoint saved at /cluster/tufts/capstone25skyblue/eelkus01/NEXRADTurbulencePrediction/model_training/trained_model_outputs/resnet_42_model_checkpoint.pth for l2_alpha_idx: 3, fold 2, and epoch 20
BEGINNING EPOCH 21
[Epoch 21, Batch    50] avg loss: 0.5311
[Epoch 21, Batch   100] avg loss: 0.5321
[Epoch 21, Batch   150] avg loss: 0.5012
[Epoch 21, Batch   200] avg loss: 0.5056
[Epoch 21, Batch   250] avg loss: 0.4941
[Epoch 21, Batch   300] avg loss: 0.5027
Validation loss: 0.8418 (61 batches)
loss_per_epoch_list on epoch 21 is [0.7069350060869436, 0.709804575951373, 0.6967936324291542, 0.6940059554381449, 0.7032380807595174, 0.6720107354101588, 0.6647702797514493, 0.6480659295300968, 0.6784640716724708, 0.652724666673629, 0.6446012932746137, 0.6313041477906899, 0.6467027283105694, 0.6822898964412877, 0.6845291002852018, 0.6846508667117259, 0.6509756787878568, 0.6710297348069363, 0.72309431677959, 0.7025130137068326, 0.8418276505392106]

Checkpoint saved at /cluster/tufts/capstone25skyblue/eelkus01/NEXRADTurbulencePrediction/model_training/trained_model_outputs/resnet_42_model_checkpoint.pth for l2_alpha_idx: 3, fold 2, and epoch 21
BEGINNING EPOCH 22
[Epoch 22, Batch    50] avg loss: 0.4823
[Epoch 22, Batch   100] avg loss: 0.4807
[Epoch 22, Batch   150] avg loss: 0.4601
[Epoch 22, Batch   200] avg loss: 0.4782
[Epoch 22, Batch   250] avg loss: 0.4642
[Epoch 22, Batch   300] avg loss: 0.4447
Validation loss: 0.7627 (61 batches)
loss_per_epoch_list on epoch 22 is [0.7069350060869436, 0.709804575951373, 0.6967936324291542, 0.6940059554381449, 0.7032380807595174, 0.6720107354101588, 0.6647702797514493, 0.6480659295300968, 0.6784640716724708, 0.652724666673629, 0.6446012932746137, 0.6313041477906899, 0.6467027283105694, 0.6822898964412877, 0.6845291002852018, 0.6846508667117259, 0.6509756787878568, 0.6710297348069363, 0.72309431677959, 0.7025130137068326, 0.8418276505392106, 0.7627350942033236]

Checkpoint saved at /cluster/tufts/capstone25skyblue/eelkus01/NEXRADTurbulencePrediction/model_training/trained_model_outputs/resnet_42_model_checkpoint.pth for l2_alpha_idx: 3, fold 2, and epoch 22
BEGINNING EPOCH 23
[Epoch 23, Batch    50] avg loss: 0.4358
[Epoch 23, Batch   100] avg loss: 0.4507
[Epoch 23, Batch   150] avg loss: 0.4291
[Epoch 23, Batch   200] avg loss: 0.4232
[Epoch 23, Batch   250] avg loss: 0.4218
[Epoch 23, Batch   300] avg loss: 0.4122
Validation loss: 0.8695 (61 batches)
loss_per_epoch_list on epoch 23 is [0.7069350060869436, 0.709804575951373, 0.6967936324291542, 0.6940059554381449, 0.7032380807595174, 0.6720107354101588, 0.6647702797514493, 0.6480659295300968, 0.6784640716724708, 0.652724666673629, 0.6446012932746137, 0.6313041477906899, 0.6467027283105694, 0.6822898964412877, 0.6845291002852018, 0.6846508667117259, 0.6509756787878568, 0.6710297348069363, 0.72309431677959, 0.7025130137068326, 0.8418276505392106, 0.7627350942033236, 0.8695461251696602]

Checkpoint saved at /cluster/tufts/capstone25skyblue/eelkus01/NEXRADTurbulencePrediction/model_training/trained_model_outputs/resnet_42_model_checkpoint.pth for l2_alpha_idx: 3, fold 2, and epoch 23
BEGINNING EPOCH 24
[Epoch 24, Batch    50] avg loss: 0.4032
[Epoch 24, Batch   100] avg loss: 0.4082
[Epoch 24, Batch   150] avg loss: 0.3924
[Epoch 24, Batch   200] avg loss: 0.3936
[Epoch 24, Batch   250] avg loss: 0.3861
[Epoch 24, Batch   300] avg loss: 0.3705
Validation loss: 0.8843 (61 batches)
loss_per_epoch_list on epoch 24 is [0.7069350060869436, 0.709804575951373, 0.6967936324291542, 0.6940059554381449, 0.7032380807595174, 0.6720107354101588, 0.6647702797514493, 0.6480659295300968, 0.6784640716724708, 0.652724666673629, 0.6446012932746137, 0.6313041477906899, 0.6467027283105694, 0.6822898964412877, 0.6845291002852018, 0.6846508667117259, 0.6509756787878568, 0.6710297348069363, 0.72309431677959, 0.7025130137068326, 0.8418276505392106, 0.7627350942033236, 0.8695461251696602, 0.8843420079497041]

Checkpoint saved at /cluster/tufts/capstone25skyblue/eelkus01/NEXRADTurbulencePrediction/model_training/trained_model_outputs/resnet_42_model_checkpoint.pth for l2_alpha_idx: 3, fold 2, and epoch 24
BEGINNING EPOCH 25
[Epoch 25, Batch    50] avg loss: 0.3576
[Epoch 25, Batch   100] avg loss: 0.3486
[Epoch 25, Batch   150] avg loss: 0.3552
[Epoch 25, Batch   200] avg loss: 0.3623
[Epoch 25, Batch   250] avg loss: 0.3662
[Epoch 25, Batch   300] avg loss: 0.3397
Validation loss: 1.0044 (61 batches)
loss_per_epoch_list on epoch 25 is [0.7069350060869436, 0.709804575951373, 0.6967936324291542, 0.6940059554381449, 0.7032380807595174, 0.6720107354101588, 0.6647702797514493, 0.6480659295300968, 0.6784640716724708, 0.652724666673629, 0.6446012932746137, 0.6313041477906899, 0.6467027283105694, 0.6822898964412877, 0.6845291002852018, 0.6846508667117259, 0.6509756787878568, 0.6710297348069363, 0.72309431677959, 0.7025130137068326, 0.8418276505392106, 0.7627350942033236, 0.8695461251696602, 0.8843420079497041, 1.0044227349953574]

Checkpoint saved at /cluster/tufts/capstone25skyblue/eelkus01/NEXRADTurbulencePrediction/model_training/trained_model_outputs/resnet_42_model_checkpoint.pth for l2_alpha_idx: 3, fold 2, and epoch 25
BEGINNING EPOCH 26
[Epoch 26, Batch    50] avg loss: 0.3310
[Epoch 26, Batch   100] avg loss: 0.3193
[Epoch 26, Batch   150] avg loss: 0.3711
[Epoch 26, Batch   200] avg loss: 0.3161
[Epoch 26, Batch   250] avg loss: 0.3337
[Epoch 26, Batch   300] avg loss: 0.2899
Validation loss: 1.2909 (61 batches)
loss_per_epoch_list on epoch 26 is [0.7069350060869436, 0.709804575951373, 0.6967936324291542, 0.6940059554381449, 0.7032380807595174, 0.6720107354101588, 0.6647702797514493, 0.6480659295300968, 0.6784640716724708, 0.652724666673629, 0.6446012932746137, 0.6313041477906899, 0.6467027283105694, 0.6822898964412877, 0.6845291002852018, 0.6846508667117259, 0.6509756787878568, 0.6710297348069363, 0.72309431677959, 0.7025130137068326, 0.8418276505392106, 0.7627350942033236, 0.8695461251696602, 0.8843420079497041, 1.0044227349953574, 1.2908792612982578]

Checkpoint saved at /cluster/tufts/capstone25skyblue/eelkus01/NEXRADTurbulencePrediction/model_training/trained_model_outputs/resnet_42_model_checkpoint.pth for l2_alpha_idx: 3, fold 2, and epoch 26
BEGINNING EPOCH 27
[Epoch 27, Batch    50] avg loss: 0.2956
[Epoch 27, Batch   100] avg loss: 0.2984
[Epoch 27, Batch   150] avg loss: 0.3000
[Epoch 27, Batch   200] avg loss: 0.2799
[Epoch 27, Batch   250] avg loss: 0.2858
[Epoch 27, Batch   300] avg loss: 0.2735
Validation loss: 1.2468 (61 batches)
loss_per_epoch_list on epoch 27 is [0.7069350060869436, 0.709804575951373, 0.6967936324291542, 0.6940059554381449, 0.7032380807595174, 0.6720107354101588, 0.6647702797514493, 0.6480659295300968, 0.6784640716724708, 0.652724666673629, 0.6446012932746137, 0.6313041477906899, 0.6467027283105694, 0.6822898964412877, 0.6845291002852018, 0.6846508667117259, 0.6509756787878568, 0.6710297348069363, 0.72309431677959, 0.7025130137068326, 0.8418276505392106, 0.7627350942033236, 0.8695461251696602, 0.8843420079497041, 1.0044227349953574, 1.2908792612982578, 1.2467855136902606]

Checkpoint saved at /cluster/tufts/capstone25skyblue/eelkus01/NEXRADTurbulencePrediction/model_training/trained_model_outputs/resnet_42_model_checkpoint.pth for l2_alpha_idx: 3, fold 2, and epoch 27
BEGINNING EPOCH 28
[Epoch 28, Batch    50] avg loss: 0.2713
[Epoch 28, Batch   100] avg loss: 0.2732
[Epoch 28, Batch   150] avg loss: 0.2644
[Epoch 28, Batch   200] avg loss: 0.2525
[Epoch 28, Batch   250] avg loss: 0.2809
[Epoch 28, Batch   300] avg loss: 0.2504
Validation loss: 1.3525 (61 batches)
loss_per_epoch_list on epoch 28 is [0.7069350060869436, 0.709804575951373, 0.6967936324291542, 0.6940059554381449, 0.7032380807595174, 0.6720107354101588, 0.6647702797514493, 0.6480659295300968, 0.6784640716724708, 0.652724666673629, 0.6446012932746137, 0.6313041477906899, 0.6467027283105694, 0.6822898964412877, 0.6845291002852018, 0.6846508667117259, 0.6509756787878568, 0.6710297348069363, 0.72309431677959, 0.7025130137068326, 0.8418276505392106, 0.7627350942033236, 0.8695461251696602, 0.8843420079497041, 1.0044227349953574, 1.2908792612982578, 1.2467855136902606, 1.3524889369479944]

Checkpoint saved at /cluster/tufts/capstone25skyblue/eelkus01/NEXRADTurbulencePrediction/model_training/trained_model_outputs/resnet_42_model_checkpoint.pth for l2_alpha_idx: 3, fold 2, and epoch 28
BEGINNING EPOCH 29
[Epoch 29, Batch    50] avg loss: 0.2382
[Epoch 29, Batch   100] avg loss: 0.2371
[Epoch 29, Batch   150] avg loss: 0.2239
[Epoch 29, Batch   200] avg loss: 0.2558
[Epoch 29, Batch   250] avg loss: 0.2372
[Epoch 29, Batch   300] avg loss: 0.2373
Validation loss: 1.3861 (61 batches)
loss_per_epoch_list on epoch 29 is [0.7069350060869436, 0.709804575951373, 0.6967936324291542, 0.6940059554381449, 0.7032380807595174, 0.6720107354101588, 0.6647702797514493, 0.6480659295300968, 0.6784640716724708, 0.652724666673629, 0.6446012932746137, 0.6313041477906899, 0.6467027283105694, 0.6822898964412877, 0.6845291002852018, 0.6846508667117259, 0.6509756787878568, 0.6710297348069363, 0.72309431677959, 0.7025130137068326, 0.8418276505392106, 0.7627350942033236, 0.8695461251696602, 0.8843420079497041, 1.0044227349953574, 1.2908792612982578, 1.2467855136902606, 1.3524889369479944, 1.3861065428765094]

Checkpoint saved at /cluster/tufts/capstone25skyblue/eelkus01/NEXRADTurbulencePrediction/model_training/trained_model_outputs/resnet_42_model_checkpoint.pth for l2_alpha_idx: 3, fold 2, and epoch 29
Fold 2 had loss: 1.3861065428765094 on its last epoch

Fold 3 with l2_alpha = 0
Train subset size: 19253, Validation subset size: 3851
BEGINNING EPOCH 1
[Epoch 1, Batch    50] avg loss: 6.0573
[Epoch 1, Batch   100] avg loss: 1.0843
[Epoch 1, Batch   150] avg loss: 0.7994
[Epoch 1, Batch   200] avg loss: 0.7422
[Epoch 1, Batch   250] avg loss: 0.7174
[Epoch 1, Batch   300] avg loss: 0.7230
Validation loss: 0.6938 (61 batches)
loss_per_epoch_list on epoch 1 is [0.6937675241564141]

Checkpoint saved at /cluster/tufts/capstone25skyblue/eelkus01/NEXRADTurbulencePrediction/model_training/trained_model_outputs/resnet_42_model_checkpoint.pth for l2_alpha_idx: 3, fold 3, and epoch 1
BEGINNING EPOCH 2
[Epoch 2, Batch    50] avg loss: 0.7009
[Epoch 2, Batch   100] avg loss: 0.7041
[Epoch 2, Batch   150] avg loss: 0.7015
[Epoch 2, Batch   200] avg loss: 0.6988
[Epoch 2, Batch   250] avg loss: 0.6979
[Epoch 2, Batch   300] avg loss: 0.6967
Validation loss: 0.6916 (61 batches)
loss_per_epoch_list on epoch 2 is [0.6937675241564141, 0.6916099796529676]

Checkpoint saved at /cluster/tufts/capstone25skyblue/eelkus01/NEXRADTurbulencePrediction/model_training/trained_model_outputs/resnet_42_model_checkpoint.pth for l2_alpha_idx: 3, fold 3, and epoch 2
BEGINNING EPOCH 3
[Epoch 3, Batch    50] avg loss: 0.6912
[Epoch 3, Batch   100] avg loss: 0.6941
[Epoch 3, Batch   150] avg loss: 0.6931
[Epoch 3, Batch   200] avg loss: 0.6966
[Epoch 3, Batch   250] avg loss: 0.6982
[Epoch 3, Batch   300] avg loss: 0.6978
Validation loss: 0.6976 (61 batches)
loss_per_epoch_list on epoch 3 is [0.6937675241564141, 0.6916099796529676, 0.6976433103201819]

Checkpoint saved at /cluster/tufts/capstone25skyblue/eelkus01/NEXRADTurbulencePrediction/model_training/trained_model_outputs/resnet_42_model_checkpoint.pth for l2_alpha_idx: 3, fold 3, and epoch 3
BEGINNING EPOCH 4
[Epoch 4, Batch    50] avg loss: 0.6988
[Epoch 4, Batch   100] avg loss: 0.6888
[Epoch 4, Batch   150] avg loss: 0.6924
[Epoch 4, Batch   200] avg loss: 0.6959
[Epoch 4, Batch   250] avg loss: 0.6925
[Epoch 4, Batch   300] avg loss: 0.6906
Validation loss: 0.6852 (61 batches)
loss_per_epoch_list on epoch 4 is [0.6937675241564141, 0.6916099796529676, 0.6976433103201819, 0.6851981028181607]

Checkpoint saved at /cluster/tufts/capstone25skyblue/eelkus01/NEXRADTurbulencePrediction/model_training/trained_model_outputs/resnet_42_model_checkpoint.pth for l2_alpha_idx: 3, fold 3, and epoch 4
BEGINNING EPOCH 5
[Epoch 5, Batch    50] avg loss: 0.6877
[Epoch 5, Batch   100] avg loss: 0.6896
[Epoch 5, Batch   150] avg loss: 0.6885
[Epoch 5, Batch   200] avg loss: 0.6898
[Epoch 5, Batch   250] avg loss: 0.6894
[Epoch 5, Batch   300] avg loss: 0.6931
Validation loss: 0.6893 (61 batches)
loss_per_epoch_list on epoch 5 is [0.6937675241564141, 0.6916099796529676, 0.6976433103201819, 0.6851981028181607, 0.689296305179596]

Checkpoint saved at /cluster/tufts/capstone25skyblue/eelkus01/NEXRADTurbulencePrediction/model_training/trained_model_outputs/resnet_42_model_checkpoint.pth for l2_alpha_idx: 3, fold 3, and epoch 5
BEGINNING EPOCH 6
[Epoch 6, Batch    50] avg loss: 0.6898
[Epoch 6, Batch   100] avg loss: 0.6864
[Epoch 6, Batch   150] avg loss: 0.6832
[Epoch 6, Batch   200] avg loss: 0.6901
[Epoch 6, Batch   250] avg loss: 0.6830
[Epoch 6, Batch   300] avg loss: 0.6880
Validation loss: 0.6829 (61 batches)
loss_per_epoch_list on epoch 6 is [0.6937675241564141, 0.6916099796529676, 0.6976433103201819, 0.6851981028181607, 0.689296305179596, 0.6828952197168694]

Checkpoint saved at /cluster/tufts/capstone25skyblue/eelkus01/NEXRADTurbulencePrediction/model_training/trained_model_outputs/resnet_42_model_checkpoint.pth for l2_alpha_idx: 3, fold 3, and epoch 6
BEGINNING EPOCH 7
[Epoch 7, Batch    50] avg loss: 0.6812
[Epoch 7, Batch   100] avg loss: 0.6819
[Epoch 7, Batch   150] avg loss: 0.6858
[Epoch 7, Batch   200] avg loss: 0.6870
[Epoch 7, Batch   250] avg loss: 0.6841
[Epoch 7, Batch   300] avg loss: 0.6833
Validation loss: 0.6689 (61 batches)
loss_per_epoch_list on epoch 7 is [0.6937675241564141, 0.6916099796529676, 0.6976433103201819, 0.6851981028181607, 0.689296305179596, 0.6828952197168694, 0.6689451258690631]

Checkpoint saved at /cluster/tufts/capstone25skyblue/eelkus01/NEXRADTurbulencePrediction/model_training/trained_model_outputs/resnet_42_model_checkpoint.pth for l2_alpha_idx: 3, fold 3, and epoch 7
BEGINNING EPOCH 8
[Epoch 8, Batch    50] avg loss: 0.6777
[Epoch 8, Batch   100] avg loss: 0.6805
[Epoch 8, Batch   150] avg loss: 0.6824
[Epoch 8, Batch   200] avg loss: 0.6790
[Epoch 8, Batch   250] avg loss: 0.6797
[Epoch 8, Batch   300] avg loss: 0.6773
Validation loss: 0.6447 (61 batches)
loss_per_epoch_list on epoch 8 is [0.6937675241564141, 0.6916099796529676, 0.6976433103201819, 0.6851981028181607, 0.689296305179596, 0.6828952197168694, 0.6689451258690631, 0.6447240524604673]

Checkpoint saved at /cluster/tufts/capstone25skyblue/eelkus01/NEXRADTurbulencePrediction/model_training/trained_model_outputs/resnet_42_model_checkpoint.pth for l2_alpha_idx: 3, fold 3, and epoch 8
BEGINNING EPOCH 9
[Epoch 9, Batch    50] avg loss: 0.6807
[Epoch 9, Batch   100] avg loss: 0.6760
[Epoch 9, Batch   150] avg loss: 0.6714
[Epoch 9, Batch   200] avg loss: 0.6765
[Epoch 9, Batch   250] avg loss: 0.6769
[Epoch 9, Batch   300] avg loss: 0.6739
Validation loss: 0.6498 (61 batches)
loss_per_epoch_list on epoch 9 is [0.6937675241564141, 0.6916099796529676, 0.6976433103201819, 0.6851981028181607, 0.689296305179596, 0.6828952197168694, 0.6689451258690631, 0.6447240524604673, 0.6497716463980128]

Checkpoint saved at /cluster/tufts/capstone25skyblue/eelkus01/NEXRADTurbulencePrediction/model_training/trained_model_outputs/resnet_42_model_checkpoint.pth for l2_alpha_idx: 3, fold 3, and epoch 9
BEGINNING EPOCH 10
[Epoch 10, Batch    50] avg loss: 0.6699
[Epoch 10, Batch   100] avg loss: 0.6737
[Epoch 10, Batch   150] avg loss: 0.6765
[Epoch 10, Batch   200] avg loss: 0.6648
[Epoch 10, Batch   250] avg loss: 0.6651
[Epoch 10, Batch   300] avg loss: 0.6727
Validation loss: 0.6514 (61 batches)
loss_per_epoch_list on epoch 10 is [0.6937675241564141, 0.6916099796529676, 0.6976433103201819, 0.6851981028181607, 0.689296305179596, 0.6828952197168694, 0.6689451258690631, 0.6447240524604673, 0.6497716463980128, 0.6513677757294452]

Checkpoint saved at /cluster/tufts/capstone25skyblue/eelkus01/NEXRADTurbulencePrediction/model_training/trained_model_outputs/resnet_42_model_checkpoint.pth for l2_alpha_idx: 3, fold 3, and epoch 10
BEGINNING EPOCH 11
[Epoch 11, Batch    50] avg loss: 0.6813
[Epoch 11, Batch   100] avg loss: 0.6703
[Epoch 11, Batch   150] avg loss: 0.6739
[Epoch 11, Batch   200] avg loss: 0.6684
[Epoch 11, Batch   250] avg loss: 0.6695
[Epoch 11, Batch   300] avg loss: 0.6624
Validation loss: 0.6593 (61 batches)
loss_per_epoch_list on epoch 11 is [0.6937675241564141, 0.6916099796529676, 0.6976433103201819, 0.6851981028181607, 0.689296305179596, 0.6828952197168694, 0.6689451258690631, 0.6447240524604673, 0.6497716463980128, 0.6513677757294452, 0.659308415944459]

Checkpoint saved at /cluster/tufts/capstone25skyblue/eelkus01/NEXRADTurbulencePrediction/model_training/trained_model_outputs/resnet_42_model_checkpoint.pth for l2_alpha_idx: 3, fold 3, and epoch 11
BEGINNING EPOCH 12
[Epoch 12, Batch    50] avg loss: 0.6648
[Epoch 12, Batch   100] avg loss: 0.6752
[Epoch 12, Batch   150] avg loss: 0.6654
[Epoch 12, Batch   200] avg loss: 0.6607
[Epoch 12, Batch   250] avg loss: 0.6697
[Epoch 12, Batch   300] avg loss: 0.6804
Validation loss: 0.6534 (61 batches)
loss_per_epoch_list on epoch 12 is [0.6937675241564141, 0.6916099796529676, 0.6976433103201819, 0.6851981028181607, 0.689296305179596, 0.6828952197168694, 0.6689451258690631, 0.6447240524604673, 0.6497716463980128, 0.6513677757294452, 0.659308415944459, 0.6533720004753988]

Checkpoint saved at /cluster/tufts/capstone25skyblue/eelkus01/NEXRADTurbulencePrediction/model_training/trained_model_outputs/resnet_42_model_checkpoint.pth for l2_alpha_idx: 3, fold 3, and epoch 12
BEGINNING EPOCH 13
[Epoch 13, Batch    50] avg loss: 0.7080
[Epoch 13, Batch   100] avg loss: 0.6720
[Epoch 13, Batch   150] avg loss: 0.6671
[Epoch 13, Batch   200] avg loss: 0.6602
[Epoch 13, Batch   250] avg loss: 0.6704
[Epoch 13, Batch   300] avg loss: 0.6614
Validation loss: 0.6428 (61 batches)
loss_per_epoch_list on epoch 13 is [0.6937675241564141, 0.6916099796529676, 0.6976433103201819, 0.6851981028181607, 0.689296305179596, 0.6828952197168694, 0.6689451258690631, 0.6447240524604673, 0.6497716463980128, 0.6513677757294452, 0.659308415944459, 0.6533720004753988, 0.642809124266515]

Checkpoint saved at /cluster/tufts/capstone25skyblue/eelkus01/NEXRADTurbulencePrediction/model_training/trained_model_outputs/resnet_42_model_checkpoint.pth for l2_alpha_idx: 3, fold 3, and epoch 13
BEGINNING EPOCH 14
[Epoch 14, Batch    50] avg loss: 0.6576
[Epoch 14, Batch   100] avg loss: 0.6501
[Epoch 14, Batch   150] avg loss: 0.6679
[Epoch 14, Batch   200] avg loss: 0.6568
[Epoch 14, Batch   250] avg loss: 0.6602
[Epoch 14, Batch   300] avg loss: 0.6554
Validation loss: 0.6587 (61 batches)
loss_per_epoch_list on epoch 14 is [0.6937675241564141, 0.6916099796529676, 0.6976433103201819, 0.6851981028181607, 0.689296305179596, 0.6828952197168694, 0.6689451258690631, 0.6447240524604673, 0.6497716463980128, 0.6513677757294452, 0.659308415944459, 0.6533720004753988, 0.642809124266515, 0.6586545959847873]

Checkpoint saved at /cluster/tufts/capstone25skyblue/eelkus01/NEXRADTurbulencePrediction/model_training/trained_model_outputs/resnet_42_model_checkpoint.pth for l2_alpha_idx: 3, fold 3, and epoch 14
BEGINNING EPOCH 15
[Epoch 15, Batch    50] avg loss: 0.6621
[Epoch 15, Batch   100] avg loss: 0.6583
[Epoch 15, Batch   150] avg loss: 0.6579
[Epoch 15, Batch   200] avg loss: 0.6578
[Epoch 15, Batch   250] avg loss: 0.6608
[Epoch 15, Batch   300] avg loss: 0.6571
Validation loss: 0.6843 (61 batches)
loss_per_epoch_list on epoch 15 is [0.6937675241564141, 0.6916099796529676, 0.6976433103201819, 0.6851981028181607, 0.689296305179596, 0.6828952197168694, 0.6689451258690631, 0.6447240524604673, 0.6497716463980128, 0.6513677757294452, 0.659308415944459, 0.6533720004753988, 0.642809124266515, 0.6586545959847873, 0.6842971952235113]

Checkpoint saved at /cluster/tufts/capstone25skyblue/eelkus01/NEXRADTurbulencePrediction/model_training/trained_model_outputs/resnet_42_model_checkpoint.pth for l2_alpha_idx: 3, fold 3, and epoch 15
BEGINNING EPOCH 16
[Epoch 16, Batch    50] avg loss: 0.6575
[Epoch 16, Batch   100] avg loss: 0.6667
[Epoch 16, Batch   150] avg loss: 0.6571
[Epoch 16, Batch   200] avg loss: 0.6556
[Epoch 16, Batch   250] avg loss: 0.6620
[Epoch 16, Batch   300] avg loss: 0.6568
Validation loss: 0.6606 (61 batches)
loss_per_epoch_list on epoch 16 is [0.6937675241564141, 0.6916099796529676, 0.6976433103201819, 0.6851981028181607, 0.689296305179596, 0.6828952197168694, 0.6689451258690631, 0.6447240524604673, 0.6497716463980128, 0.6513677757294452, 0.659308415944459, 0.6533720004753988, 0.642809124266515, 0.6586545959847873, 0.6842971952235113, 0.6605692105215104]

Checkpoint saved at /cluster/tufts/capstone25skyblue/eelkus01/NEXRADTurbulencePrediction/model_training/trained_model_outputs/resnet_42_model_checkpoint.pth for l2_alpha_idx: 3, fold 3, and epoch 16
BEGINNING EPOCH 17
[Epoch 17, Batch    50] avg loss: 0.6469
[Epoch 17, Batch   100] avg loss: 0.6461
[Epoch 17, Batch   150] avg loss: 0.6529
[Epoch 17, Batch   200] avg loss: 0.6548
[Epoch 17, Batch   250] avg loss: 0.6510
[Epoch 17, Batch   300] avg loss: 0.6516
Validation loss: 0.6686 (61 batches)
loss_per_epoch_list on epoch 17 is [0.6937675241564141, 0.6916099796529676, 0.6976433103201819, 0.6851981028181607, 0.689296305179596, 0.6828952197168694, 0.6689451258690631, 0.6447240524604673, 0.6497716463980128, 0.6513677757294452, 0.659308415944459, 0.6533720004753988, 0.642809124266515, 0.6586545959847873, 0.6842971952235113, 0.6605692105215104, 0.668632222003624]

Checkpoint saved at /cluster/tufts/capstone25skyblue/eelkus01/NEXRADTurbulencePrediction/model_training/trained_model_outputs/resnet_42_model_checkpoint.pth for l2_alpha_idx: 3, fold 3, and epoch 17
BEGINNING EPOCH 18
[Epoch 18, Batch    50] avg loss: 0.6512
[Epoch 18, Batch   100] avg loss: 0.6388
[Epoch 18, Batch   150] avg loss: 0.6444
[Epoch 18, Batch   200] avg loss: 0.6486
[Epoch 18, Batch   250] avg loss: 0.6420
[Epoch 18, Batch   300] avg loss: 0.6506
Validation loss: 0.6549 (61 batches)
loss_per_epoch_list on epoch 18 is [0.6937675241564141, 0.6916099796529676, 0.6976433103201819, 0.6851981028181607, 0.689296305179596, 0.6828952197168694, 0.6689451258690631, 0.6447240524604673, 0.6497716463980128, 0.6513677757294452, 0.659308415944459, 0.6533720004753988, 0.642809124266515, 0.6586545959847873, 0.6842971952235113, 0.6605692105215104, 0.668632222003624, 0.6549286949829977]

Checkpoint saved at /cluster/tufts/capstone25skyblue/eelkus01/NEXRADTurbulencePrediction/model_training/trained_model_outputs/resnet_42_model_checkpoint.pth for l2_alpha_idx: 3, fold 3, and epoch 18
BEGINNING EPOCH 19
[Epoch 19, Batch    50] avg loss: 0.6560
[Epoch 19, Batch   100] avg loss: 0.6572
[Epoch 19, Batch   150] avg loss: 0.6492
[Epoch 19, Batch   200] avg loss: 0.6446
[Epoch 19, Batch   250] avg loss: 0.6481
[Epoch 19, Batch   300] avg loss: 0.6456
Validation loss: 0.6728 (61 batches)
loss_per_epoch_list on epoch 19 is [0.6937675241564141, 0.6916099796529676, 0.6976433103201819, 0.6851981028181607, 0.689296305179596, 0.6828952197168694, 0.6689451258690631, 0.6447240524604673, 0.6497716463980128, 0.6513677757294452, 0.659308415944459, 0.6533720004753988, 0.642809124266515, 0.6586545959847873, 0.6842971952235113, 0.6605692105215104, 0.668632222003624, 0.6549286949829977, 0.6727962708864056]

Checkpoint saved at /cluster/tufts/capstone25skyblue/eelkus01/NEXRADTurbulencePrediction/model_training/trained_model_outputs/resnet_42_model_checkpoint.pth for l2_alpha_idx: 3, fold 3, and epoch 19
BEGINNING EPOCH 20
[Epoch 20, Batch    50] avg loss: 0.6491
[Epoch 20, Batch   100] avg loss: 0.6445
[Epoch 20, Batch   150] avg loss: 0.6428
[Epoch 20, Batch   200] avg loss: 0.6509
[Epoch 20, Batch   250] avg loss: 0.6371
[Epoch 20, Batch   300] avg loss: 0.6446
Validation loss: 0.6252 (61 batches)
loss_per_epoch_list on epoch 20 is [0.6937675241564141, 0.6916099796529676, 0.6976433103201819, 0.6851981028181607, 0.689296305179596, 0.6828952197168694, 0.6689451258690631, 0.6447240524604673, 0.6497716463980128, 0.6513677757294452, 0.659308415944459, 0.6533720004753988, 0.642809124266515, 0.6586545959847873, 0.6842971952235113, 0.6605692105215104, 0.668632222003624, 0.6549286949829977, 0.6727962708864056, 0.6251678759934473]

Checkpoint saved at /cluster/tufts/capstone25skyblue/eelkus01/NEXRADTurbulencePrediction/model_training/trained_model_outputs/resnet_42_model_checkpoint.pth for l2_alpha_idx: 3, fold 3, and epoch 20
BEGINNING EPOCH 21
[Epoch 21, Batch    50] avg loss: 0.6436
[Epoch 21, Batch   100] avg loss: 0.6420
[Epoch 21, Batch   150] avg loss: 0.6355
[Epoch 21, Batch   200] avg loss: 0.6338
[Epoch 21, Batch   250] avg loss: 0.6342
[Epoch 21, Batch   300] avg loss: 0.6367
Validation loss: 0.6903 (61 batches)
loss_per_epoch_list on epoch 21 is [0.6937675241564141, 0.6916099796529676, 0.6976433103201819, 0.6851981028181607, 0.689296305179596, 0.6828952197168694, 0.6689451258690631, 0.6447240524604673, 0.6497716463980128, 0.6513677757294452, 0.659308415944459, 0.6533720004753988, 0.642809124266515, 0.6586545959847873, 0.6842971952235113, 0.6605692105215104, 0.668632222003624, 0.6549286949829977, 0.6727962708864056, 0.6251678759934473, 0.690271650181442]

Checkpoint saved at /cluster/tufts/capstone25skyblue/eelkus01/NEXRADTurbulencePrediction/model_training/trained_model_outputs/resnet_42_model_checkpoint.pth for l2_alpha_idx: 3, fold 3, and epoch 21
BEGINNING EPOCH 22
[Epoch 22, Batch    50] avg loss: 0.6407
[Epoch 22, Batch   100] avg loss: 0.6320
[Epoch 22, Batch   150] avg loss: 0.6429
[Epoch 22, Batch   200] avg loss: 0.6321
[Epoch 22, Batch   250] avg loss: 0.6490
[Epoch 22, Batch   300] avg loss: 0.6302
Validation loss: 0.6499 (61 batches)
loss_per_epoch_list on epoch 22 is [0.6937675241564141, 0.6916099796529676, 0.6976433103201819, 0.6851981028181607, 0.689296305179596, 0.6828952197168694, 0.6689451258690631, 0.6447240524604673, 0.6497716463980128, 0.6513677757294452, 0.659308415944459, 0.6533720004753988, 0.642809124266515, 0.6586545959847873, 0.6842971952235113, 0.6605692105215104, 0.668632222003624, 0.6549286949829977, 0.6727962708864056, 0.6251678759934473, 0.690271650181442, 0.6499193682045233]

Checkpoint saved at /cluster/tufts/capstone25skyblue/eelkus01/NEXRADTurbulencePrediction/model_training/trained_model_outputs/resnet_42_model_checkpoint.pth for l2_alpha_idx: 3, fold 3, and epoch 22
BEGINNING EPOCH 23
[Epoch 23, Batch    50] avg loss: 0.6278
[Epoch 23, Batch   100] avg loss: 0.6343
[Epoch 23, Batch   150] avg loss: 0.6298
[Epoch 23, Batch   200] avg loss: 0.6300
[Epoch 23, Batch   250] avg loss: 0.6339
[Epoch 23, Batch   300] avg loss: 0.6234
Validation loss: 0.6337 (61 batches)
loss_per_epoch_list on epoch 23 is [0.6937675241564141, 0.6916099796529676, 0.6976433103201819, 0.6851981028181607, 0.689296305179596, 0.6828952197168694, 0.6689451258690631, 0.6447240524604673, 0.6497716463980128, 0.6513677757294452, 0.659308415944459, 0.6533720004753988, 0.642809124266515, 0.6586545959847873, 0.6842971952235113, 0.6605692105215104, 0.668632222003624, 0.6549286949829977, 0.6727962708864056, 0.6251678759934473, 0.690271650181442, 0.6499193682045233, 0.6337248751374541]

Checkpoint saved at /cluster/tufts/capstone25skyblue/eelkus01/NEXRADTurbulencePrediction/model_training/trained_model_outputs/resnet_42_model_checkpoint.pth for l2_alpha_idx: 3, fold 3, and epoch 23
BEGINNING EPOCH 24
[Epoch 24, Batch    50] avg loss: 0.6241
[Epoch 24, Batch   100] avg loss: 0.6477
[Epoch 24, Batch   150] avg loss: 0.6323
[Epoch 24, Batch   200] avg loss: 0.6281
[Epoch 24, Batch   250] avg loss: 0.6306
[Epoch 24, Batch   300] avg loss: 0.6227
Validation loss: 0.6244 (61 batches)
loss_per_epoch_list on epoch 24 is [0.6937675241564141, 0.6916099796529676, 0.6976433103201819, 0.6851981028181607, 0.689296305179596, 0.6828952197168694, 0.6689451258690631, 0.6447240524604673, 0.6497716463980128, 0.6513677757294452, 0.659308415944459, 0.6533720004753988, 0.642809124266515, 0.6586545959847873, 0.6842971952235113, 0.6605692105215104, 0.668632222003624, 0.6549286949829977, 0.6727962708864056, 0.6251678759934473, 0.690271650181442, 0.6499193682045233, 0.6337248751374541, 0.6244382711707569]

Checkpoint saved at /cluster/tufts/capstone25skyblue/eelkus01/NEXRADTurbulencePrediction/model_training/trained_model_outputs/resnet_42_model_checkpoint.pth for l2_alpha_idx: 3, fold 3, and epoch 24
BEGINNING EPOCH 25
[Epoch 25, Batch    50] avg loss: 0.6396
[Epoch 25, Batch   100] avg loss: 0.6464
[Epoch 25, Batch   150] avg loss: 0.6214
[Epoch 25, Batch   200] avg loss: 0.6203
[Epoch 25, Batch   250] avg loss: 0.6170
[Epoch 25, Batch   300] avg loss: 0.6235
Validation loss: 0.6628 (61 batches)
loss_per_epoch_list on epoch 25 is [0.6937675241564141, 0.6916099796529676, 0.6976433103201819, 0.6851981028181607, 0.689296305179596, 0.6828952197168694, 0.6689451258690631, 0.6447240524604673, 0.6497716463980128, 0.6513677757294452, 0.659308415944459, 0.6533720004753988, 0.642809124266515, 0.6586545959847873, 0.6842971952235113, 0.6605692105215104, 0.668632222003624, 0.6549286949829977, 0.6727962708864056, 0.6251678759934473, 0.690271650181442, 0.6499193682045233, 0.6337248751374541, 0.6244382711707569, 0.6627644065950737]

Checkpoint saved at /cluster/tufts/capstone25skyblue/eelkus01/NEXRADTurbulencePrediction/model_training/trained_model_outputs/resnet_42_model_checkpoint.pth for l2_alpha_idx: 3, fold 3, and epoch 25
BEGINNING EPOCH 26
[Epoch 26, Batch    50] avg loss: 0.6204
[Epoch 26, Batch   100] avg loss: 0.6068
[Epoch 26, Batch   150] avg loss: 0.6176
[Epoch 26, Batch   200] avg loss: 0.5989
[Epoch 26, Batch   250] avg loss: 0.6087
[Epoch 26, Batch   300] avg loss: 0.6183
Validation loss: 0.6425 (61 batches)
loss_per_epoch_list on epoch 26 is [0.6937675241564141, 0.6916099796529676, 0.6976433103201819, 0.6851981028181607, 0.689296305179596, 0.6828952197168694, 0.6689451258690631, 0.6447240524604673, 0.6497716463980128, 0.6513677757294452, 0.659308415944459, 0.6533720004753988, 0.642809124266515, 0.6586545959847873, 0.6842971952235113, 0.6605692105215104, 0.668632222003624, 0.6549286949829977, 0.6727962708864056, 0.6251678759934473, 0.690271650181442, 0.6499193682045233, 0.6337248751374541, 0.6244382711707569, 0.6627644065950737, 0.6425273946074189]

Checkpoint saved at /cluster/tufts/capstone25skyblue/eelkus01/NEXRADTurbulencePrediction/model_training/trained_model_outputs/resnet_42_model_checkpoint.pth for l2_alpha_idx: 3, fold 3, and epoch 26
BEGINNING EPOCH 27
[Epoch 27, Batch    50] avg loss: 0.6084
[Epoch 27, Batch   100] avg loss: 0.5993
[Epoch 27, Batch   150] avg loss: 0.5992
[Epoch 27, Batch   200] avg loss: 0.5972
[Epoch 27, Batch   250] avg loss: 0.5981
[Epoch 27, Batch   300] avg loss: 0.6059
Validation loss: 0.6525 (61 batches)
loss_per_epoch_list on epoch 27 is [0.6937675241564141, 0.6916099796529676, 0.6976433103201819, 0.6851981028181607, 0.689296305179596, 0.6828952197168694, 0.6689451258690631, 0.6447240524604673, 0.6497716463980128, 0.6513677757294452, 0.659308415944459, 0.6533720004753988, 0.642809124266515, 0.6586545959847873, 0.6842971952235113, 0.6605692105215104, 0.668632222003624, 0.6549286949829977, 0.6727962708864056, 0.6251678759934473, 0.690271650181442, 0.6499193682045233, 0.6337248751374541, 0.6244382711707569, 0.6627644065950737, 0.6425273946074189, 0.6525051398355453]

Checkpoint saved at /cluster/tufts/capstone25skyblue/eelkus01/NEXRADTurbulencePrediction/model_training/trained_model_outputs/resnet_42_model_checkpoint.pth for l2_alpha_idx: 3, fold 3, and epoch 27
BEGINNING EPOCH 28
[Epoch 28, Batch    50] avg loss: 0.6024
[Epoch 28, Batch   100] avg loss: 0.5876
[Epoch 28, Batch   150] avg loss: 0.5955
[Epoch 28, Batch   200] avg loss: 0.5916
[Epoch 28, Batch   250] avg loss: 0.5948
[Epoch 28, Batch   300] avg loss: 0.5844
Validation loss: 0.6782 (61 batches)
loss_per_epoch_list on epoch 28 is [0.6937675241564141, 0.6916099796529676, 0.6976433103201819, 0.6851981028181607, 0.689296305179596, 0.6828952197168694, 0.6689451258690631, 0.6447240524604673, 0.6497716463980128, 0.6513677757294452, 0.659308415944459, 0.6533720004753988, 0.642809124266515, 0.6586545959847873, 0.6842971952235113, 0.6605692105215104, 0.668632222003624, 0.6549286949829977, 0.6727962708864056, 0.6251678759934473, 0.690271650181442, 0.6499193682045233, 0.6337248751374541, 0.6244382711707569, 0.6627644065950737, 0.6425273946074189, 0.6525051398355453, 0.6782396504136382]

Checkpoint saved at /cluster/tufts/capstone25skyblue/eelkus01/NEXRADTurbulencePrediction/model_training/trained_model_outputs/resnet_42_model_checkpoint.pth for l2_alpha_idx: 3, fold 3, and epoch 28
BEGINNING EPOCH 29
[Epoch 29, Batch    50] avg loss: 0.5937
[Epoch 29, Batch   100] avg loss: 0.5680
[Epoch 29, Batch   150] avg loss: 0.5839
[Epoch 29, Batch   200] avg loss: 0.5842
[Epoch 29, Batch   250] avg loss: 0.5692
[Epoch 29, Batch   300] avg loss: 0.5773
Validation loss: 0.6620 (61 batches)
loss_per_epoch_list on epoch 29 is [0.6937675241564141, 0.6916099796529676, 0.6976433103201819, 0.6851981028181607, 0.689296305179596, 0.6828952197168694, 0.6689451258690631, 0.6447240524604673, 0.6497716463980128, 0.6513677757294452, 0.659308415944459, 0.6533720004753988, 0.642809124266515, 0.6586545959847873, 0.6842971952235113, 0.6605692105215104, 0.668632222003624, 0.6549286949829977, 0.6727962708864056, 0.6251678759934473, 0.690271650181442, 0.6499193682045233, 0.6337248751374541, 0.6244382711707569, 0.6627644065950737, 0.6425273946074189, 0.6525051398355453, 0.6782396504136382, 0.6620316280693305]

Checkpoint saved at /cluster/tufts/capstone25skyblue/eelkus01/NEXRADTurbulencePrediction/model_training/trained_model_outputs/resnet_42_model_checkpoint.pth for l2_alpha_idx: 3, fold 3, and epoch 29
Fold 3 had loss: 0.6620316280693305 on its last epoch

Fold 4 with l2_alpha = 0
Train subset size: 19254, Validation subset size: 3850
BEGINNING EPOCH 1
[Epoch 1, Batch    50] avg loss: 3.4953
[Epoch 1, Batch   100] avg loss: 0.8572
[Epoch 1, Batch   150] avg loss: 0.7244
[Epoch 1, Batch   200] avg loss: 0.7065
[Epoch 1, Batch   250] avg loss: 0.7212
[Epoch 1, Batch   300] avg loss: 0.7084
Validation loss: 0.6858 (61 batches)
loss_per_epoch_list on epoch 1 is [0.6858474778347328]

Checkpoint saved at /cluster/tufts/capstone25skyblue/eelkus01/NEXRADTurbulencePrediction/model_training/trained_model_outputs/resnet_42_model_checkpoint.pth for l2_alpha_idx: 3, fold 4, and epoch 1
BEGINNING EPOCH 2
[Epoch 2, Batch    50] avg loss: 0.6988
[Epoch 2, Batch   100] avg loss: 0.6996
[Epoch 2, Batch   150] avg loss: 0.6935
[Epoch 2, Batch   200] avg loss: 0.6988
[Epoch 2, Batch   250] avg loss: 0.6902
[Epoch 2, Batch   300] avg loss: 0.6925
Validation loss: 0.6978 (61 batches)
loss_per_epoch_list on epoch 2 is [0.6858474778347328, 0.6978307346828648]

Checkpoint saved at /cluster/tufts/capstone25skyblue/eelkus01/NEXRADTurbulencePrediction/model_training/trained_model_outputs/resnet_42_model_checkpoint.pth for l2_alpha_idx: 3, fold 4, and epoch 2
BEGINNING EPOCH 3
[Epoch 3, Batch    50] avg loss: 0.6916
[Epoch 3, Batch   100] avg loss: 0.6915
[Epoch 3, Batch   150] avg loss: 0.6838
[Epoch 3, Batch   200] avg loss: 0.6838
[Epoch 3, Batch   250] avg loss: 0.6862
[Epoch 3, Batch   300] avg loss: 0.6839
Validation loss: 0.6793 (61 batches)
loss_per_epoch_list on epoch 3 is [0.6858474778347328, 0.6978307346828648, 0.6792970837139692]

Checkpoint saved at /cluster/tufts/capstone25skyblue/eelkus01/NEXRADTurbulencePrediction/model_training/trained_model_outputs/resnet_42_model_checkpoint.pth for l2_alpha_idx: 3, fold 4, and epoch 3
BEGINNING EPOCH 4
[Epoch 4, Batch    50] avg loss: 0.6824
[Epoch 4, Batch   100] avg loss: 0.6849
[Epoch 4, Batch   150] avg loss: 0.6842
[Epoch 4, Batch   200] avg loss: 0.6807
[Epoch 4, Batch   250] avg loss: 0.6848
[Epoch 4, Batch   300] avg loss: 0.6772
Validation loss: 0.6923 (61 batches)
loss_per_epoch_list on epoch 4 is [0.6858474778347328, 0.6978307346828648, 0.6792970837139692, 0.6922621981042331]

Checkpoint saved at /cluster/tufts/capstone25skyblue/eelkus01/NEXRADTurbulencePrediction/model_training/trained_model_outputs/resnet_42_model_checkpoint.pth for l2_alpha_idx: 3, fold 4, and epoch 4
BEGINNING EPOCH 5
[Epoch 5, Batch    50] avg loss: 0.6716
[Epoch 5, Batch   100] avg loss: 0.6717
[Epoch 5, Batch   150] avg loss: 0.6773
[Epoch 5, Batch   200] avg loss: 0.6632
[Epoch 5, Batch   250] avg loss: 0.6695
[Epoch 5, Batch   300] avg loss: 0.6737
Validation loss: 0.6668 (61 batches)
loss_per_epoch_list on epoch 5 is [0.6858474778347328, 0.6978307346828648, 0.6792970837139692, 0.6922621981042331, 0.6668198616778265]

Checkpoint saved at /cluster/tufts/capstone25skyblue/eelkus01/NEXRADTurbulencePrediction/model_training/trained_model_outputs/resnet_42_model_checkpoint.pth for l2_alpha_idx: 3, fold 4, and epoch 5
BEGINNING EPOCH 6
[Epoch 6, Batch    50] avg loss: 0.6696
[Epoch 6, Batch   100] avg loss: 0.6662
[Epoch 6, Batch   150] avg loss: 0.6650
[Epoch 6, Batch   200] avg loss: 0.6564
[Epoch 6, Batch   250] avg loss: 0.6617
[Epoch 6, Batch   300] avg loss: 0.6541
Validation loss: 0.6672 (61 batches)
loss_per_epoch_list on epoch 6 is [0.6858474778347328, 0.6978307346828648, 0.6792970837139692, 0.6922621981042331, 0.6668198616778265, 0.66719266918839]

Checkpoint saved at /cluster/tufts/capstone25skyblue/eelkus01/NEXRADTurbulencePrediction/model_training/trained_model_outputs/resnet_42_model_checkpoint.pth for l2_alpha_idx: 3, fold 4, and epoch 6
BEGINNING EPOCH 7
[Epoch 7, Batch    50] avg loss: 0.6632
[Epoch 7, Batch   100] avg loss: 0.6671
[Epoch 7, Batch   150] avg loss: 0.6560
[Epoch 7, Batch   200] avg loss: 0.6567
[Epoch 7, Batch   250] avg loss: 0.6661
[Epoch 7, Batch   300] avg loss: 0.6469
Validation loss: 0.6588 (61 batches)
loss_per_epoch_list on epoch 7 is [0.6858474778347328, 0.6978307346828648, 0.6792970837139692, 0.6922621981042331, 0.6668198616778265, 0.66719266918839, 0.6588281832757543]

Checkpoint saved at /cluster/tufts/capstone25skyblue/eelkus01/NEXRADTurbulencePrediction/model_training/trained_model_outputs/resnet_42_model_checkpoint.pth for l2_alpha_idx: 3, fold 4, and epoch 7
BEGINNING EPOCH 8
[Epoch 8, Batch    50] avg loss: 0.6481
[Epoch 8, Batch   100] avg loss: 0.6560
[Epoch 8, Batch   150] avg loss: 0.6557
[Epoch 8, Batch   200] avg loss: 0.6570
[Epoch 8, Batch   250] avg loss: 0.6539
[Epoch 8, Batch   300] avg loss: 0.6493
Validation loss: 0.6295 (61 batches)
loss_per_epoch_list on epoch 8 is [0.6858474778347328, 0.6978307346828648, 0.6792970837139692, 0.6922621981042331, 0.6668198616778265, 0.66719266918839, 0.6588281832757543, 0.6294868920670181]

Checkpoint saved at /cluster/tufts/capstone25skyblue/eelkus01/NEXRADTurbulencePrediction/model_training/trained_model_outputs/resnet_42_model_checkpoint.pth for l2_alpha_idx: 3, fold 4, and epoch 8
BEGINNING EPOCH 9
[Epoch 9, Batch    50] avg loss: 0.6515
[Epoch 9, Batch   100] avg loss: 0.6475
[Epoch 9, Batch   150] avg loss: 0.6574
[Epoch 9, Batch   200] avg loss: 0.6505
[Epoch 9, Batch   250] avg loss: 0.6468
[Epoch 9, Batch   300] avg loss: 0.6512
Validation loss: 0.6405 (61 batches)
loss_per_epoch_list on epoch 9 is [0.6858474778347328, 0.6978307346828648, 0.6792970837139692, 0.6922621981042331, 0.6668198616778265, 0.66719266918839, 0.6588281832757543, 0.6294868920670181, 0.6405482380116572]

Checkpoint saved at /cluster/tufts/capstone25skyblue/eelkus01/NEXRADTurbulencePrediction/model_training/trained_model_outputs/resnet_42_model_checkpoint.pth for l2_alpha_idx: 3, fold 4, and epoch 9
BEGINNING EPOCH 10
[Epoch 10, Batch    50] avg loss: 0.6563
[Epoch 10, Batch   100] avg loss: 0.6446
[Epoch 10, Batch   150] avg loss: 0.6474
[Epoch 10, Batch   200] avg loss: 0.6539
[Epoch 10, Batch   250] avg loss: 0.6401
[Epoch 10, Batch   300] avg loss: 0.6508
Validation loss: 0.6634 (61 batches)
loss_per_epoch_list on epoch 10 is [0.6858474778347328, 0.6978307346828648, 0.6792970837139692, 0.6922621981042331, 0.6668198616778265, 0.66719266918839, 0.6588281832757543, 0.6294868920670181, 0.6405482380116572, 0.6634045135779459]

Checkpoint saved at /cluster/tufts/capstone25skyblue/eelkus01/NEXRADTurbulencePrediction/model_training/trained_model_outputs/resnet_42_model_checkpoint.pth for l2_alpha_idx: 3, fold 4, and epoch 10
BEGINNING EPOCH 11
[Epoch 11, Batch    50] avg loss: 0.6398
[Epoch 11, Batch   100] avg loss: 0.6446
[Epoch 11, Batch   150] avg loss: 0.6378
[Epoch 11, Batch   200] avg loss: 0.6303
[Epoch 11, Batch   250] avg loss: 0.6393
[Epoch 11, Batch   300] avg loss: 0.6328
Validation loss: 0.6690 (61 batches)
loss_per_epoch_list on epoch 11 is [0.6858474778347328, 0.6978307346828648, 0.6792970837139692, 0.6922621981042331, 0.6668198616778265, 0.66719266918839, 0.6588281832757543, 0.6294868920670181, 0.6405482380116572, 0.6634045135779459, 0.6689899583331874]

Checkpoint saved at /cluster/tufts/capstone25skyblue/eelkus01/NEXRADTurbulencePrediction/model_training/trained_model_outputs/resnet_42_model_checkpoint.pth for l2_alpha_idx: 3, fold 4, and epoch 11
BEGINNING EPOCH 12
[Epoch 12, Batch    50] avg loss: 0.6371
[Epoch 12, Batch   100] avg loss: 0.6398
[Epoch 12, Batch   150] avg loss: 0.6439
[Epoch 12, Batch   200] avg loss: 0.6328
[Epoch 12, Batch   250] avg loss: 0.6185
[Epoch 12, Batch   300] avg loss: 0.6284
Validation loss: 0.6253 (61 batches)
loss_per_epoch_list on epoch 12 is [0.6858474778347328, 0.6978307346828648, 0.6792970837139692, 0.6922621981042331, 0.6668198616778265, 0.66719266918839, 0.6588281832757543, 0.6294868920670181, 0.6405482380116572, 0.6634045135779459, 0.6689899583331874, 0.6253407079665387]

Checkpoint saved at /cluster/tufts/capstone25skyblue/eelkus01/NEXRADTurbulencePrediction/model_training/trained_model_outputs/resnet_42_model_checkpoint.pth for l2_alpha_idx: 3, fold 4, and epoch 12
BEGINNING EPOCH 13
[Epoch 13, Batch    50] avg loss: 0.6260
[Epoch 13, Batch   100] avg loss: 0.6325
[Epoch 13, Batch   150] avg loss: 0.6275
[Epoch 13, Batch   200] avg loss: 0.6364
[Epoch 13, Batch   250] avg loss: 0.6194
[Epoch 13, Batch   300] avg loss: 0.6331
Validation loss: 0.6702 (61 batches)
loss_per_epoch_list on epoch 13 is [0.6858474778347328, 0.6978307346828648, 0.6792970837139692, 0.6922621981042331, 0.6668198616778265, 0.66719266918839, 0.6588281832757543, 0.6294868920670181, 0.6405482380116572, 0.6634045135779459, 0.6689899583331874, 0.6253407079665387, 0.670242678923685]

Checkpoint saved at /cluster/tufts/capstone25skyblue/eelkus01/NEXRADTurbulencePrediction/model_training/trained_model_outputs/resnet_42_model_checkpoint.pth for l2_alpha_idx: 3, fold 4, and epoch 13
BEGINNING EPOCH 14
[Epoch 14, Batch    50] avg loss: 0.6193
[Epoch 14, Batch   100] avg loss: 0.6175
[Epoch 14, Batch   150] avg loss: 0.6208
[Epoch 14, Batch   200] avg loss: 0.6333
[Epoch 14, Batch   250] avg loss: 0.6315
[Epoch 14, Batch   300] avg loss: 0.6192
Validation loss: 0.6709 (61 batches)
loss_per_epoch_list on epoch 14 is [0.6858474778347328, 0.6978307346828648, 0.6792970837139692, 0.6922621981042331, 0.6668198616778265, 0.66719266918839, 0.6588281832757543, 0.6294868920670181, 0.6405482380116572, 0.6634045135779459, 0.6689899583331874, 0.6253407079665387, 0.670242678923685, 0.670900927215326]

Checkpoint saved at /cluster/tufts/capstone25skyblue/eelkus01/NEXRADTurbulencePrediction/model_training/trained_model_outputs/resnet_42_model_checkpoint.pth for l2_alpha_idx: 3, fold 4, and epoch 14
BEGINNING EPOCH 15
[Epoch 15, Batch    50] avg loss: 0.6129
[Epoch 15, Batch   100] avg loss: 0.6271
[Epoch 15, Batch   150] avg loss: 0.6157
[Epoch 15, Batch   200] avg loss: 0.6079
[Epoch 15, Batch   250] avg loss: 0.6236
[Epoch 15, Batch   300] avg loss: 0.6199
Validation loss: 0.6694 (61 batches)
loss_per_epoch_list on epoch 15 is [0.6858474778347328, 0.6978307346828648, 0.6792970837139692, 0.6922621981042331, 0.6668198616778265, 0.66719266918839, 0.6588281832757543, 0.6294868920670181, 0.6405482380116572, 0.6634045135779459, 0.6689899583331874, 0.6253407079665387, 0.670242678923685, 0.670900927215326, 0.6694496039484368]

Checkpoint saved at /cluster/tufts/capstone25skyblue/eelkus01/NEXRADTurbulencePrediction/model_training/trained_model_outputs/resnet_42_model_checkpoint.pth for l2_alpha_idx: 3, fold 4, and epoch 15
BEGINNING EPOCH 16
[Epoch 16, Batch    50] avg loss: 0.6057
[Epoch 16, Batch   100] avg loss: 0.5943
[Epoch 16, Batch   150] avg loss: 0.6108
[Epoch 16, Batch   200] avg loss: 0.6055
[Epoch 16, Batch   250] avg loss: 0.5994
[Epoch 16, Batch   300] avg loss: 0.6041
Validation loss: 0.6342 (61 batches)
loss_per_epoch_list on epoch 16 is [0.6858474778347328, 0.6978307346828648, 0.6792970837139692, 0.6922621981042331, 0.6668198616778265, 0.66719266918839, 0.6588281832757543, 0.6294868920670181, 0.6405482380116572, 0.6634045135779459, 0.6689899583331874, 0.6253407079665387, 0.670242678923685, 0.670900927215326, 0.6694496039484368, 0.634242475521369]

Checkpoint saved at /cluster/tufts/capstone25skyblue/eelkus01/NEXRADTurbulencePrediction/model_training/trained_model_outputs/resnet_42_model_checkpoint.pth for l2_alpha_idx: 3, fold 4, and epoch 16
BEGINNING EPOCH 17
[Epoch 17, Batch    50] avg loss: 0.6014
[Epoch 17, Batch   100] avg loss: 0.5989
[Epoch 17, Batch   150] avg loss: 0.6007
[Epoch 17, Batch   200] avg loss: 0.5967
[Epoch 17, Batch   250] avg loss: 0.5829
[Epoch 17, Batch   300] avg loss: 0.5877
Validation loss: 0.6873 (61 batches)
loss_per_epoch_list on epoch 17 is [0.6858474778347328, 0.6978307346828648, 0.6792970837139692, 0.6922621981042331, 0.6668198616778265, 0.66719266918839, 0.6588281832757543, 0.6294868920670181, 0.6405482380116572, 0.6634045135779459, 0.6689899583331874, 0.6253407079665387, 0.670242678923685, 0.670900927215326, 0.6694496039484368, 0.634242475521369, 0.6872778505575462]

Checkpoint saved at /cluster/tufts/capstone25skyblue/eelkus01/NEXRADTurbulencePrediction/model_training/trained_model_outputs/resnet_42_model_checkpoint.pth for l2_alpha_idx: 3, fold 4, and epoch 17
BEGINNING EPOCH 18
[Epoch 18, Batch    50] avg loss: 0.5773
[Epoch 18, Batch   100] avg loss: 0.5691
[Epoch 18, Batch   150] avg loss: 0.5726
[Epoch 18, Batch   200] avg loss: 0.5741
[Epoch 18, Batch   250] avg loss: 0.5775
[Epoch 18, Batch   300] avg loss: 0.5632
Validation loss: 0.6638 (61 batches)
loss_per_epoch_list on epoch 18 is [0.6858474778347328, 0.6978307346828648, 0.6792970837139692, 0.6922621981042331, 0.6668198616778265, 0.66719266918839, 0.6588281832757543, 0.6294868920670181, 0.6405482380116572, 0.6634045135779459, 0.6689899583331874, 0.6253407079665387, 0.670242678923685, 0.670900927215326, 0.6694496039484368, 0.634242475521369, 0.6872778505575462, 0.663822663612053]

Checkpoint saved at /cluster/tufts/capstone25skyblue/eelkus01/NEXRADTurbulencePrediction/model_training/trained_model_outputs/resnet_42_model_checkpoint.pth for l2_alpha_idx: 3, fold 4, and epoch 18
BEGINNING EPOCH 19
[Epoch 19, Batch    50] avg loss: 0.5654
[Epoch 19, Batch   100] avg loss: 0.5548
[Epoch 19, Batch   150] avg loss: 0.5634
[Epoch 19, Batch   200] avg loss: 0.5412
[Epoch 19, Batch   250] avg loss: 0.5581
[Epoch 19, Batch   300] avg loss: 0.5478
Validation loss: 0.6753 (61 batches)
loss_per_epoch_list on epoch 19 is [0.6858474778347328, 0.6978307346828648, 0.6792970837139692, 0.6922621981042331, 0.6668198616778265, 0.66719266918839, 0.6588281832757543, 0.6294868920670181, 0.6405482380116572, 0.6634045135779459, 0.6689899583331874, 0.6253407079665387, 0.670242678923685, 0.670900927215326, 0.6694496039484368, 0.634242475521369, 0.6872778505575462, 0.663822663612053, 0.6753248210813179]

Checkpoint saved at /cluster/tufts/capstone25skyblue/eelkus01/NEXRADTurbulencePrediction/model_training/trained_model_outputs/resnet_42_model_checkpoint.pth for l2_alpha_idx: 3, fold 4, and epoch 19
BEGINNING EPOCH 20
[Epoch 20, Batch    50] avg loss: 0.5466
[Epoch 20, Batch   100] avg loss: 0.5355
[Epoch 20, Batch   150] avg loss: 0.5300
[Epoch 20, Batch   200] avg loss: 0.5237
[Epoch 20, Batch   250] avg loss: 0.5415
[Epoch 20, Batch   300] avg loss: 0.5198
Validation loss: 0.7351 (61 batches)
loss_per_epoch_list on epoch 20 is [0.6858474778347328, 0.6978307346828648, 0.6792970837139692, 0.6922621981042331, 0.6668198616778265, 0.66719266918839, 0.6588281832757543, 0.6294868920670181, 0.6405482380116572, 0.6634045135779459, 0.6689899583331874, 0.6253407079665387, 0.670242678923685, 0.670900927215326, 0.6694496039484368, 0.634242475521369, 0.6872778505575462, 0.663822663612053, 0.6753248210813179, 0.7350630154375171]

Checkpoint saved at /cluster/tufts/capstone25skyblue/eelkus01/NEXRADTurbulencePrediction/model_training/trained_model_outputs/resnet_42_model_checkpoint.pth for l2_alpha_idx: 3, fold 4, and epoch 20
BEGINNING EPOCH 21
[Epoch 21, Batch    50] avg loss: 0.4898
[Epoch 21, Batch   100] avg loss: 0.5228
[Epoch 21, Batch   150] avg loss: 0.4959
[Epoch 21, Batch   200] avg loss: 0.5113
[Epoch 21, Batch   250] avg loss: 0.4763
[Epoch 21, Batch   300] avg loss: 0.4773
Validation loss: 0.7559 (61 batches)
loss_per_epoch_list on epoch 21 is [0.6858474778347328, 0.6978307346828648, 0.6792970837139692, 0.6922621981042331, 0.6668198616778265, 0.66719266918839, 0.6588281832757543, 0.6294868920670181, 0.6405482380116572, 0.6634045135779459, 0.6689899583331874, 0.6253407079665387, 0.670242678923685, 0.670900927215326, 0.6694496039484368, 0.634242475521369, 0.6872778505575462, 0.663822663612053, 0.6753248210813179, 0.7350630154375171, 0.7558528087178215]

Checkpoint saved at /cluster/tufts/capstone25skyblue/eelkus01/NEXRADTurbulencePrediction/model_training/trained_model_outputs/resnet_42_model_checkpoint.pth for l2_alpha_idx: 3, fold 4, and epoch 21
BEGINNING EPOCH 22
[Epoch 22, Batch    50] avg loss: 0.4800
[Epoch 22, Batch   100] avg loss: 0.4865
[Epoch 22, Batch   150] avg loss: 0.4588
[Epoch 22, Batch   200] avg loss: 0.4655
[Epoch 22, Batch   250] avg loss: 0.4678
[Epoch 22, Batch   300] avg loss: 0.4534
Validation loss: 0.7552 (61 batches)
loss_per_epoch_list on epoch 22 is [0.6858474778347328, 0.6978307346828648, 0.6792970837139692, 0.6922621981042331, 0.6668198616778265, 0.66719266918839, 0.6588281832757543, 0.6294868920670181, 0.6405482380116572, 0.6634045135779459, 0.6689899583331874, 0.6253407079665387, 0.670242678923685, 0.670900927215326, 0.6694496039484368, 0.634242475521369, 0.6872778505575462, 0.663822663612053, 0.6753248210813179, 0.7350630154375171, 0.7558528087178215, 0.7552084688280449]

Checkpoint saved at /cluster/tufts/capstone25skyblue/eelkus01/NEXRADTurbulencePrediction/model_training/trained_model_outputs/resnet_42_model_checkpoint.pth for l2_alpha_idx: 3, fold 4, and epoch 22
BEGINNING EPOCH 23
[Epoch 23, Batch    50] avg loss: 0.4449
[Epoch 23, Batch   100] avg loss: 0.4462
[Epoch 23, Batch   150] avg loss: 0.4212
[Epoch 23, Batch   200] avg loss: 0.4466
[Epoch 23, Batch   250] avg loss: 0.4348
[Epoch 23, Batch   300] avg loss: 0.4221
Validation loss: 1.0078 (61 batches)
loss_per_epoch_list on epoch 23 is [0.6858474778347328, 0.6978307346828648, 0.6792970837139692, 0.6922621981042331, 0.6668198616778265, 0.66719266918839, 0.6588281832757543, 0.6294868920670181, 0.6405482380116572, 0.6634045135779459, 0.6689899583331874, 0.6253407079665387, 0.670242678923685, 0.670900927215326, 0.6694496039484368, 0.634242475521369, 0.6872778505575462, 0.663822663612053, 0.6753248210813179, 0.7350630154375171, 0.7558528087178215, 0.7552084688280449, 1.0077645856826032]

Checkpoint saved at /cluster/tufts/capstone25skyblue/eelkus01/NEXRADTurbulencePrediction/model_training/trained_model_outputs/resnet_42_model_checkpoint.pth for l2_alpha_idx: 3, fold 4, and epoch 23
BEGINNING EPOCH 24
[Epoch 24, Batch    50] avg loss: 0.4188
[Epoch 24, Batch   100] avg loss: 0.4198
[Epoch 24, Batch   150] avg loss: 0.4076
[Epoch 24, Batch   200] avg loss: 0.3963
[Epoch 24, Batch   250] avg loss: 0.3929
[Epoch 24, Batch   300] avg loss: 0.3957
Validation loss: 0.8940 (61 batches)
loss_per_epoch_list on epoch 24 is [0.6858474778347328, 0.6978307346828648, 0.6792970837139692, 0.6922621981042331, 0.6668198616778265, 0.66719266918839, 0.6588281832757543, 0.6294868920670181, 0.6405482380116572, 0.6634045135779459, 0.6689899583331874, 0.6253407079665387, 0.670242678923685, 0.670900927215326, 0.6694496039484368, 0.634242475521369, 0.6872778505575462, 0.663822663612053, 0.6753248210813179, 0.7350630154375171, 0.7558528087178215, 0.7552084688280449, 1.0077645856826032, 0.8940144894553013]

Checkpoint saved at /cluster/tufts/capstone25skyblue/eelkus01/NEXRADTurbulencePrediction/model_training/trained_model_outputs/resnet_42_model_checkpoint.pth for l2_alpha_idx: 3, fold 4, and epoch 24
BEGINNING EPOCH 25
[Epoch 25, Batch    50] avg loss: 0.3868
[Epoch 25, Batch   100] avg loss: 0.3926
[Epoch 25, Batch   150] avg loss: 0.3739
[Epoch 25, Batch   200] avg loss: 0.3374
[Epoch 25, Batch   250] avg loss: 0.3631
[Epoch 25, Batch   300] avg loss: 0.3566
Validation loss: 0.8954 (61 batches)
loss_per_epoch_list on epoch 25 is [0.6858474778347328, 0.6978307346828648, 0.6792970837139692, 0.6922621981042331, 0.6668198616778265, 0.66719266918839, 0.6588281832757543, 0.6294868920670181, 0.6405482380116572, 0.6634045135779459, 0.6689899583331874, 0.6253407079665387, 0.670242678923685, 0.670900927215326, 0.6694496039484368, 0.634242475521369, 0.6872778505575462, 0.663822663612053, 0.6753248210813179, 0.7350630154375171, 0.7558528087178215, 0.7552084688280449, 1.0077645856826032, 0.8940144894553013, 0.8954440003535786]

Checkpoint saved at /cluster/tufts/capstone25skyblue/eelkus01/NEXRADTurbulencePrediction/model_training/trained_model_outputs/resnet_42_model_checkpoint.pth for l2_alpha_idx: 3, fold 4, and epoch 25
BEGINNING EPOCH 26
[Epoch 26, Batch    50] avg loss: 0.3474
[Epoch 26, Batch   100] avg loss: 0.3485
[Epoch 26, Batch   150] avg loss: 0.3300
[Epoch 26, Batch   200] avg loss: 0.3373
[Epoch 26, Batch   250] avg loss: 0.3279
[Epoch 26, Batch   300] avg loss: 0.2975
Validation loss: 1.1284 (61 batches)
loss_per_epoch_list on epoch 26 is [0.6858474778347328, 0.6978307346828648, 0.6792970837139692, 0.6922621981042331, 0.6668198616778265, 0.66719266918839, 0.6588281832757543, 0.6294868920670181, 0.6405482380116572, 0.6634045135779459, 0.6689899583331874, 0.6253407079665387, 0.670242678923685, 0.670900927215326, 0.6694496039484368, 0.634242475521369, 0.6872778505575462, 0.663822663612053, 0.6753248210813179, 0.7350630154375171, 0.7558528087178215, 0.7552084688280449, 1.0077645856826032, 0.8940144894553013, 0.8954440003535786, 1.1284372630666515]

Checkpoint saved at /cluster/tufts/capstone25skyblue/eelkus01/NEXRADTurbulencePrediction/model_training/trained_model_outputs/resnet_42_model_checkpoint.pth for l2_alpha_idx: 3, fold 4, and epoch 26
BEGINNING EPOCH 27
[Epoch 27, Batch    50] avg loss: 0.3338
[Epoch 27, Batch   100] avg loss: 0.3037
[Epoch 27, Batch   150] avg loss: 0.3274
[Epoch 27, Batch   200] avg loss: 0.3366
[Epoch 27, Batch   250] avg loss: 0.2678
[Epoch 27, Batch   300] avg loss: 0.2998
Validation loss: 0.9687 (61 batches)
loss_per_epoch_list on epoch 27 is [0.6858474778347328, 0.6978307346828648, 0.6792970837139692, 0.6922621981042331, 0.6668198616778265, 0.66719266918839, 0.6588281832757543, 0.6294868920670181, 0.6405482380116572, 0.6634045135779459, 0.6689899583331874, 0.6253407079665387, 0.670242678923685, 0.670900927215326, 0.6694496039484368, 0.634242475521369, 0.6872778505575462, 0.663822663612053, 0.6753248210813179, 0.7350630154375171, 0.7558528087178215, 0.7552084688280449, 1.0077645856826032, 0.8940144894553013, 0.8954440003535786, 1.1284372630666515, 0.9687404466457055]

Checkpoint saved at /cluster/tufts/capstone25skyblue/eelkus01/NEXRADTurbulencePrediction/model_training/trained_model_outputs/resnet_42_model_checkpoint.pth for l2_alpha_idx: 3, fold 4, and epoch 27
BEGINNING EPOCH 28
[Epoch 28, Batch    50] avg loss: 0.3033
[Epoch 28, Batch   100] avg loss: 0.2673
[Epoch 28, Batch   150] avg loss: 0.2872
[Epoch 28, Batch   200] avg loss: 0.2811
[Epoch 28, Batch   250] avg loss: 0.2575
[Epoch 28, Batch   300] avg loss: 0.2841
Validation loss: 1.2504 (61 batches)
loss_per_epoch_list on epoch 28 is [0.6858474778347328, 0.6978307346828648, 0.6792970837139692, 0.6922621981042331, 0.6668198616778265, 0.66719266918839, 0.6588281832757543, 0.6294868920670181, 0.6405482380116572, 0.6634045135779459, 0.6689899583331874, 0.6253407079665387, 0.670242678923685, 0.670900927215326, 0.6694496039484368, 0.634242475521369, 0.6872778505575462, 0.663822663612053, 0.6753248210813179, 0.7350630154375171, 0.7558528087178215, 0.7552084688280449, 1.0077645856826032, 0.8940144894553013, 0.8954440003535786, 1.1284372630666515, 0.9687404466457055, 1.2504316265465782]

Checkpoint saved at /cluster/tufts/capstone25skyblue/eelkus01/NEXRADTurbulencePrediction/model_training/trained_model_outputs/resnet_42_model_checkpoint.pth for l2_alpha_idx: 3, fold 4, and epoch 28
BEGINNING EPOCH 29
[Epoch 29, Batch    50] avg loss: 0.2527
[Epoch 29, Batch   100] avg loss: 0.2534
[Epoch 29, Batch   150] avg loss: 0.2868
[Epoch 29, Batch   200] avg loss: 0.2237
[Epoch 29, Batch   250] avg loss: 0.2646
[Epoch 29, Batch   300] avg loss: 0.2470
Validation loss: 1.5787 (61 batches)
loss_per_epoch_list on epoch 29 is [0.6858474778347328, 0.6978307346828648, 0.6792970837139692, 0.6922621981042331, 0.6668198616778265, 0.66719266918839, 0.6588281832757543, 0.6294868920670181, 0.6405482380116572, 0.6634045135779459, 0.6689899583331874, 0.6253407079665387, 0.670242678923685, 0.670900927215326, 0.6694496039484368, 0.634242475521369, 0.6872778505575462, 0.663822663612053, 0.6753248210813179, 0.7350630154375171, 0.7558528087178215, 0.7552084688280449, 1.0077645856826032, 0.8940144894553013, 0.8954440003535786, 1.1284372630666515, 0.9687404466457055, 1.2504316265465782, 1.5787019602587966]

Checkpoint saved at /cluster/tufts/capstone25skyblue/eelkus01/NEXRADTurbulencePrediction/model_training/trained_model_outputs/resnet_42_model_checkpoint.pth for l2_alpha_idx: 3, fold 4, and epoch 29
Fold 4 had loss: 1.5787019602587966 on its last epoch

Fold 5 with l2_alpha = 0
Train subset size: 19254, Validation subset size: 3850
BEGINNING EPOCH 1
[Epoch 1, Batch    50] avg loss: 10.0599
[Epoch 1, Batch   100] avg loss: 1.6624
[Epoch 1, Batch   150] avg loss: 0.9242
[Epoch 1, Batch   200] avg loss: 0.8068
[Epoch 1, Batch   250] avg loss: 0.7494
[Epoch 1, Batch   300] avg loss: 0.7502
Validation loss: 0.6961 (61 batches)
loss_per_epoch_list on epoch 1 is [0.6961350568005296]

Checkpoint saved at /cluster/tufts/capstone25skyblue/eelkus01/NEXRADTurbulencePrediction/model_training/trained_model_outputs/resnet_42_model_checkpoint.pth for l2_alpha_idx: 3, fold 5, and epoch 1
BEGINNING EPOCH 2
[Epoch 2, Batch    50] avg loss: 0.7176
[Epoch 2, Batch   100] avg loss: 0.7118
[Epoch 2, Batch   150] avg loss: 0.7056
[Epoch 2, Batch   200] avg loss: 0.7181
[Epoch 2, Batch   250] avg loss: 0.7011
[Epoch 2, Batch   300] avg loss: 0.6987
Validation loss: 0.7042 (61 batches)
loss_per_epoch_list on epoch 2 is [0.6961350568005296, 0.7042066933678799]

Checkpoint saved at /cluster/tufts/capstone25skyblue/eelkus01/NEXRADTurbulencePrediction/model_training/trained_model_outputs/resnet_42_model_checkpoint.pth for l2_alpha_idx: 3, fold 5, and epoch 2
BEGINNING EPOCH 3
[Epoch 3, Batch    50] avg loss: 0.6970
[Epoch 3, Batch   100] avg loss: 0.6975
[Epoch 3, Batch   150] avg loss: 0.6986
[Epoch 3, Batch   200] avg loss: 0.6941
[Epoch 3, Batch   250] avg loss: 0.6981
[Epoch 3, Batch   300] avg loss: 0.6923
Validation loss: 0.7153 (61 batches)
loss_per_epoch_list on epoch 3 is [0.6961350568005296, 0.7042066933678799, 0.7153022777838786]

Checkpoint saved at /cluster/tufts/capstone25skyblue/eelkus01/NEXRADTurbulencePrediction/model_training/trained_model_outputs/resnet_42_model_checkpoint.pth for l2_alpha_idx: 3, fold 5, and epoch 3
BEGINNING EPOCH 4
[Epoch 4, Batch    50] avg loss: 0.6926
[Epoch 4, Batch   100] avg loss: 0.6921
[Epoch 4, Batch   150] avg loss: 0.6926
[Epoch 4, Batch   200] avg loss: 0.6917
[Epoch 4, Batch   250] avg loss: 0.6941
[Epoch 4, Batch   300] avg loss: 0.6933
Validation loss: 0.6887 (61 batches)
loss_per_epoch_list on epoch 4 is [0.6961350568005296, 0.7042066933678799, 0.7153022777838786, 0.6887268883283021]

Checkpoint saved at /cluster/tufts/capstone25skyblue/eelkus01/NEXRADTurbulencePrediction/model_training/trained_model_outputs/resnet_42_model_checkpoint.pth for l2_alpha_idx: 3, fold 5, and epoch 4
BEGINNING EPOCH 5
[Epoch 5, Batch    50] avg loss: 0.6895
[Epoch 5, Batch   100] avg loss: 0.6906
[Epoch 5, Batch   150] avg loss: 0.6912
[Epoch 5, Batch   200] avg loss: 0.6885
[Epoch 5, Batch   250] avg loss: 0.6911
[Epoch 5, Batch   300] avg loss: 0.6915
Validation loss: 0.7265 (61 batches)
loss_per_epoch_list on epoch 5 is [0.6961350568005296, 0.7042066933678799, 0.7153022777838786, 0.6887268883283021, 0.726461079276976]

Checkpoint saved at /cluster/tufts/capstone25skyblue/eelkus01/NEXRADTurbulencePrediction/model_training/trained_model_outputs/resnet_42_model_checkpoint.pth for l2_alpha_idx: 3, fold 5, and epoch 5
BEGINNING EPOCH 6
[Epoch 6, Batch    50] avg loss: 0.6843
[Epoch 6, Batch   100] avg loss: 0.6935
[Epoch 6, Batch   150] avg loss: 0.6900
[Epoch 6, Batch   200] avg loss: 0.6907
[Epoch 6, Batch   250] avg loss: 0.6899
[Epoch 6, Batch   300] avg loss: 0.6861
Validation loss: 0.6865 (61 batches)
loss_per_epoch_list on epoch 6 is [0.6961350568005296, 0.7042066933678799, 0.7153022777838786, 0.6887268883283021, 0.726461079276976, 0.6864819213992259]

Checkpoint saved at /cluster/tufts/capstone25skyblue/eelkus01/NEXRADTurbulencePrediction/model_training/trained_model_outputs/resnet_42_model_checkpoint.pth for l2_alpha_idx: 3, fold 5, and epoch 6
BEGINNING EPOCH 7
[Epoch 7, Batch    50] avg loss: 0.6860
[Epoch 7, Batch   100] avg loss: 0.6931
[Epoch 7, Batch   150] avg loss: 0.6913
[Epoch 7, Batch   200] avg loss: 0.6867
[Epoch 7, Batch   250] avg loss: 0.6871
[Epoch 7, Batch   300] avg loss: 0.6878
Validation loss: 0.6824 (61 batches)
loss_per_epoch_list on epoch 7 is [0.6961350568005296, 0.7042066933678799, 0.7153022777838786, 0.6887268883283021, 0.726461079276976, 0.6864819213992259, 0.6824209748721514]

Checkpoint saved at /cluster/tufts/capstone25skyblue/eelkus01/NEXRADTurbulencePrediction/model_training/trained_model_outputs/resnet_42_model_checkpoint.pth for l2_alpha_idx: 3, fold 5, and epoch 7
BEGINNING EPOCH 8
[Epoch 8, Batch    50] avg loss: 0.6837
[Epoch 8, Batch   100] avg loss: 0.6831
[Epoch 8, Batch   150] avg loss: 0.6853
[Epoch 8, Batch   200] avg loss: 0.6845
[Epoch 8, Batch   250] avg loss: 0.6834
[Epoch 8, Batch   300] avg loss: 0.6843
Validation loss: 0.6729 (61 batches)
loss_per_epoch_list on epoch 8 is [0.6961350568005296, 0.7042066933678799, 0.7153022777838786, 0.6887268883283021, 0.726461079276976, 0.6864819213992259, 0.6824209748721514, 0.672887454267408]

Checkpoint saved at /cluster/tufts/capstone25skyblue/eelkus01/NEXRADTurbulencePrediction/model_training/trained_model_outputs/resnet_42_model_checkpoint.pth for l2_alpha_idx: 3, fold 5, and epoch 8
BEGINNING EPOCH 9
[Epoch 9, Batch    50] avg loss: 0.6798
[Epoch 9, Batch   100] avg loss: 0.6766
[Epoch 9, Batch   150] avg loss: 0.6804
[Epoch 9, Batch   200] avg loss: 0.6855
[Epoch 9, Batch   250] avg loss: 0.6860
[Epoch 9, Batch   300] avg loss: 0.6796
Validation loss: 0.6838 (61 batches)
loss_per_epoch_list on epoch 9 is [0.6961350568005296, 0.7042066933678799, 0.7153022777838786, 0.6887268883283021, 0.726461079276976, 0.6864819213992259, 0.6824209748721514, 0.672887454267408, 0.6838232063856281]

Checkpoint saved at /cluster/tufts/capstone25skyblue/eelkus01/NEXRADTurbulencePrediction/model_training/trained_model_outputs/resnet_42_model_checkpoint.pth for l2_alpha_idx: 3, fold 5, and epoch 9
BEGINNING EPOCH 10
[Epoch 10, Batch    50] avg loss: 0.6825
[Epoch 10, Batch   100] avg loss: 0.6809
[Epoch 10, Batch   150] avg loss: 0.6793
[Epoch 10, Batch   200] avg loss: 0.6771
[Epoch 10, Batch   250] avg loss: 0.6711
[Epoch 10, Batch   300] avg loss: 0.6820
Validation loss: 0.7024 (61 batches)
loss_per_epoch_list on epoch 10 is [0.6961350568005296, 0.7042066933678799, 0.7153022777838786, 0.6887268883283021, 0.726461079276976, 0.6864819213992259, 0.6824209748721514, 0.672887454267408, 0.6838232063856281, 0.7024156441454028]

Checkpoint saved at /cluster/tufts/capstone25skyblue/eelkus01/NEXRADTurbulencePrediction/model_training/trained_model_outputs/resnet_42_model_checkpoint.pth for l2_alpha_idx: 3, fold 5, and epoch 10
BEGINNING EPOCH 11
[Epoch 11, Batch    50] avg loss: 0.6739
[Epoch 11, Batch   100] avg loss: 0.6810
[Epoch 11, Batch   150] avg loss: 0.6716
[Epoch 11, Batch   200] avg loss: 0.6720
[Epoch 11, Batch   250] avg loss: 0.6710
[Epoch 11, Batch   300] avg loss: 0.6681
Validation loss: 0.6610 (61 batches)
loss_per_epoch_list on epoch 11 is [0.6961350568005296, 0.7042066933678799, 0.7153022777838786, 0.6887268883283021, 0.726461079276976, 0.6864819213992259, 0.6824209748721514, 0.672887454267408, 0.6838232063856281, 0.7024156441454028, 0.6609771730469876]

Checkpoint saved at /cluster/tufts/capstone25skyblue/eelkus01/NEXRADTurbulencePrediction/model_training/trained_model_outputs/resnet_42_model_checkpoint.pth for l2_alpha_idx: 3, fold 5, and epoch 11
BEGINNING EPOCH 12
[Epoch 12, Batch    50] avg loss: 0.6675
[Epoch 12, Batch   100] avg loss: 0.6657
[Epoch 12, Batch   150] avg loss: 0.6669
[Epoch 12, Batch   200] avg loss: 0.6593
[Epoch 12, Batch   250] avg loss: 0.6738
[Epoch 12, Batch   300] avg loss: 0.6647
Validation loss: 0.6887 (61 batches)
loss_per_epoch_list on epoch 12 is [0.6961350568005296, 0.7042066933678799, 0.7153022777838786, 0.6887268883283021, 0.726461079276976, 0.6864819213992259, 0.6824209748721514, 0.672887454267408, 0.6838232063856281, 0.7024156441454028, 0.6609771730469876, 0.688694531800317]

Checkpoint saved at /cluster/tufts/capstone25skyblue/eelkus01/NEXRADTurbulencePrediction/model_training/trained_model_outputs/resnet_42_model_checkpoint.pth for l2_alpha_idx: 3, fold 5, and epoch 12
BEGINNING EPOCH 13
[Epoch 13, Batch    50] avg loss: 0.6684
[Epoch 13, Batch   100] avg loss: 0.6662
[Epoch 13, Batch   150] avg loss: 0.6763
[Epoch 13, Batch   200] avg loss: 0.6658
[Epoch 13, Batch   250] avg loss: 0.6652
[Epoch 13, Batch   300] avg loss: 0.6578
Validation loss: 0.7263 (61 batches)
loss_per_epoch_list on epoch 13 is [0.6961350568005296, 0.7042066933678799, 0.7153022777838786, 0.6887268883283021, 0.726461079276976, 0.6864819213992259, 0.6824209748721514, 0.672887454267408, 0.6838232063856281, 0.7024156441454028, 0.6609771730469876, 0.688694531800317, 0.7262523545593512]

Checkpoint saved at /cluster/tufts/capstone25skyblue/eelkus01/NEXRADTurbulencePrediction/model_training/trained_model_outputs/resnet_42_model_checkpoint.pth for l2_alpha_idx: 3, fold 5, and epoch 13
BEGINNING EPOCH 14
[Epoch 14, Batch    50] avg loss: 0.6555
[Epoch 14, Batch   100] avg loss: 0.6663
[Epoch 14, Batch   150] avg loss: 0.6587
[Epoch 14, Batch   200] avg loss: 0.6595
[Epoch 14, Batch   250] avg loss: 0.6667
[Epoch 14, Batch   300] avg loss: 0.6588
Validation loss: 0.6445 (61 batches)
loss_per_epoch_list on epoch 14 is [0.6961350568005296, 0.7042066933678799, 0.7153022777838786, 0.6887268883283021, 0.726461079276976, 0.6864819213992259, 0.6824209748721514, 0.672887454267408, 0.6838232063856281, 0.7024156441454028, 0.6609771730469876, 0.688694531800317, 0.7262523545593512, 0.6444967916754426]

Checkpoint saved at /cluster/tufts/capstone25skyblue/eelkus01/NEXRADTurbulencePrediction/model_training/trained_model_outputs/resnet_42_model_checkpoint.pth for l2_alpha_idx: 3, fold 5, and epoch 14
BEGINNING EPOCH 15
[Epoch 15, Batch    50] avg loss: 0.6598
[Epoch 15, Batch   100] avg loss: 0.6630
[Epoch 15, Batch   150] avg loss: 0.6653
[Epoch 15, Batch   200] avg loss: 0.6588
[Epoch 15, Batch   250] avg loss: 0.6552
[Epoch 15, Batch   300] avg loss: 0.6583
Validation loss: 0.7024 (61 batches)
loss_per_epoch_list on epoch 15 is [0.6961350568005296, 0.7042066933678799, 0.7153022777838786, 0.6887268883283021, 0.726461079276976, 0.6864819213992259, 0.6824209748721514, 0.672887454267408, 0.6838232063856281, 0.7024156441454028, 0.6609771730469876, 0.688694531800317, 0.7262523545593512, 0.6444967916754426, 0.7023735920913884]

Checkpoint saved at /cluster/tufts/capstone25skyblue/eelkus01/NEXRADTurbulencePrediction/model_training/trained_model_outputs/resnet_42_model_checkpoint.pth for l2_alpha_idx: 3, fold 5, and epoch 15
BEGINNING EPOCH 16
[Epoch 16, Batch    50] avg loss: 0.6507
[Epoch 16, Batch   100] avg loss: 0.6505
[Epoch 16, Batch   150] avg loss: 0.6489
[Epoch 16, Batch   200] avg loss: 0.6496
[Epoch 16, Batch   250] avg loss: 0.6539
[Epoch 16, Batch   300] avg loss: 0.6569
Validation loss: 0.6726 (61 batches)
loss_per_epoch_list on epoch 16 is [0.6961350568005296, 0.7042066933678799, 0.7153022777838786, 0.6887268883283021, 0.726461079276976, 0.6864819213992259, 0.6824209748721514, 0.672887454267408, 0.6838232063856281, 0.7024156441454028, 0.6609771730469876, 0.688694531800317, 0.7262523545593512, 0.6444967916754426, 0.7023735920913884, 0.6725680964892028]

Checkpoint saved at /cluster/tufts/capstone25skyblue/eelkus01/NEXRADTurbulencePrediction/model_training/trained_model_outputs/resnet_42_model_checkpoint.pth for l2_alpha_idx: 3, fold 5, and epoch 16
BEGINNING EPOCH 17
[Epoch 17, Batch    50] avg loss: 0.6570
[Epoch 17, Batch   100] avg loss: 0.6614
[Epoch 17, Batch   150] avg loss: 0.6529
[Epoch 17, Batch   200] avg loss: 0.6397
[Epoch 17, Batch   250] avg loss: 0.6571
[Epoch 17, Batch   300] avg loss: 0.6428
Validation loss: 0.6778 (61 batches)
loss_per_epoch_list on epoch 17 is [0.6961350568005296, 0.7042066933678799, 0.7153022777838786, 0.6887268883283021, 0.726461079276976, 0.6864819213992259, 0.6824209748721514, 0.672887454267408, 0.6838232063856281, 0.7024156441454028, 0.6609771730469876, 0.688694531800317, 0.7262523545593512, 0.6444967916754426, 0.7023735920913884, 0.6725680964892028, 0.6777742505073547]

Checkpoint saved at /cluster/tufts/capstone25skyblue/eelkus01/NEXRADTurbulencePrediction/model_training/trained_model_outputs/resnet_42_model_checkpoint.pth for l2_alpha_idx: 3, fold 5, and epoch 17
BEGINNING EPOCH 18
[Epoch 18, Batch    50] avg loss: 0.6534
[Epoch 18, Batch   100] avg loss: 0.6436
[Epoch 18, Batch   150] avg loss: 0.6552
[Epoch 18, Batch   200] avg loss: 0.6420
[Epoch 18, Batch   250] avg loss: 0.6438
[Epoch 18, Batch   300] avg loss: 0.6389
Validation loss: 0.6799 (61 batches)
loss_per_epoch_list on epoch 18 is [0.6961350568005296, 0.7042066933678799, 0.7153022777838786, 0.6887268883283021, 0.726461079276976, 0.6864819213992259, 0.6824209748721514, 0.672887454267408, 0.6838232063856281, 0.7024156441454028, 0.6609771730469876, 0.688694531800317, 0.7262523545593512, 0.6444967916754426, 0.7023735920913884, 0.6725680964892028, 0.6777742505073547, 0.6799315819974805]

Checkpoint saved at /cluster/tufts/capstone25skyblue/eelkus01/NEXRADTurbulencePrediction/model_training/trained_model_outputs/resnet_42_model_checkpoint.pth for l2_alpha_idx: 3, fold 5, and epoch 18
BEGINNING EPOCH 19
[Epoch 19, Batch    50] avg loss: 0.6481
[Epoch 19, Batch   100] avg loss: 0.6344
[Epoch 19, Batch   150] avg loss: 0.6455
[Epoch 19, Batch   200] avg loss: 0.6531
[Epoch 19, Batch   250] avg loss: 0.6547
[Epoch 19, Batch   300] avg loss: 0.6378
Validation loss: 0.6248 (61 batches)
loss_per_epoch_list on epoch 19 is [0.6961350568005296, 0.7042066933678799, 0.7153022777838786, 0.6887268883283021, 0.726461079276976, 0.6864819213992259, 0.6824209748721514, 0.672887454267408, 0.6838232063856281, 0.7024156441454028, 0.6609771730469876, 0.688694531800317, 0.7262523545593512, 0.6444967916754426, 0.7023735920913884, 0.6725680964892028, 0.6777742505073547, 0.6799315819974805, 0.624833375704093]

Checkpoint saved at /cluster/tufts/capstone25skyblue/eelkus01/NEXRADTurbulencePrediction/model_training/trained_model_outputs/resnet_42_model_checkpoint.pth for l2_alpha_idx: 3, fold 5, and epoch 19
BEGINNING EPOCH 20
[Epoch 20, Batch    50] avg loss: 0.6307
[Epoch 20, Batch   100] avg loss: 0.6585
[Epoch 20, Batch   150] avg loss: 0.6422
[Epoch 20, Batch   200] avg loss: 0.6312
[Epoch 20, Batch   250] avg loss: 0.6362
[Epoch 20, Batch   300] avg loss: 0.6384
Validation loss: 0.6726 (61 batches)
loss_per_epoch_list on epoch 20 is [0.6961350568005296, 0.7042066933678799, 0.7153022777838786, 0.6887268883283021, 0.726461079276976, 0.6864819213992259, 0.6824209748721514, 0.672887454267408, 0.6838232063856281, 0.7024156441454028, 0.6609771730469876, 0.688694531800317, 0.7262523545593512, 0.6444967916754426, 0.7023735920913884, 0.6725680964892028, 0.6777742505073547, 0.6799315819974805, 0.624833375704093, 0.6726073984239922]

Checkpoint saved at /cluster/tufts/capstone25skyblue/eelkus01/NEXRADTurbulencePrediction/model_training/trained_model_outputs/resnet_42_model_checkpoint.pth for l2_alpha_idx: 3, fold 5, and epoch 20
BEGINNING EPOCH 21
[Epoch 21, Batch    50] avg loss: 0.6323
[Epoch 21, Batch   100] avg loss: 0.6356
[Epoch 21, Batch   150] avg loss: 0.6399
[Epoch 21, Batch   200] avg loss: 0.6365
[Epoch 21, Batch   250] avg loss: 0.6351
[Epoch 21, Batch   300] avg loss: 0.6319
Validation loss: 0.6687 (61 batches)
loss_per_epoch_list on epoch 21 is [0.6961350568005296, 0.7042066933678799, 0.7153022777838786, 0.6887268883283021, 0.726461079276976, 0.6864819213992259, 0.6824209748721514, 0.672887454267408, 0.6838232063856281, 0.7024156441454028, 0.6609771730469876, 0.688694531800317, 0.7262523545593512, 0.6444967916754426, 0.7023735920913884, 0.6725680964892028, 0.6777742505073547, 0.6799315819974805, 0.624833375704093, 0.6726073984239922, 0.6687195838474836]

Checkpoint saved at /cluster/tufts/capstone25skyblue/eelkus01/NEXRADTurbulencePrediction/model_training/trained_model_outputs/resnet_42_model_checkpoint.pth for l2_alpha_idx: 3, fold 5, and epoch 21
BEGINNING EPOCH 22
[Epoch 22, Batch    50] avg loss: 0.6299
[Epoch 22, Batch   100] avg loss: 0.6276
[Epoch 22, Batch   150] avg loss: 0.6313
[Epoch 22, Batch   200] avg loss: 0.6370
[Epoch 22, Batch   250] avg loss: 0.6308
[Epoch 22, Batch   300] avg loss: 0.6165
Validation loss: 0.6311 (61 batches)
loss_per_epoch_list on epoch 22 is [0.6961350568005296, 0.7042066933678799, 0.7153022777838786, 0.6887268883283021, 0.726461079276976, 0.6864819213992259, 0.6824209748721514, 0.672887454267408, 0.6838232063856281, 0.7024156441454028, 0.6609771730469876, 0.688694531800317, 0.7262523545593512, 0.6444967916754426, 0.7023735920913884, 0.6725680964892028, 0.6777742505073547, 0.6799315819974805, 0.624833375704093, 0.6726073984239922, 0.6687195838474836, 0.6311060278142084]

Checkpoint saved at /cluster/tufts/capstone25skyblue/eelkus01/NEXRADTurbulencePrediction/model_training/trained_model_outputs/resnet_42_model_checkpoint.pth for l2_alpha_idx: 3, fold 5, and epoch 22
BEGINNING EPOCH 23
[Epoch 23, Batch    50] avg loss: 0.6256
[Epoch 23, Batch   100] avg loss: 0.6192
[Epoch 23, Batch   150] avg loss: 0.6213
[Epoch 23, Batch   200] avg loss: 0.6193
[Epoch 23, Batch   250] avg loss: 0.6218
[Epoch 23, Batch   300] avg loss: 0.6194
Validation loss: 0.6304 (61 batches)
loss_per_epoch_list on epoch 23 is [0.6961350568005296, 0.7042066933678799, 0.7153022777838786, 0.6887268883283021, 0.726461079276976, 0.6864819213992259, 0.6824209748721514, 0.672887454267408, 0.6838232063856281, 0.7024156441454028, 0.6609771730469876, 0.688694531800317, 0.7262523545593512, 0.6444967916754426, 0.7023735920913884, 0.6725680964892028, 0.6777742505073547, 0.6799315819974805, 0.624833375704093, 0.6726073984239922, 0.6687195838474836, 0.6311060278142084, 0.6304170743363803]

Checkpoint saved at /cluster/tufts/capstone25skyblue/eelkus01/NEXRADTurbulencePrediction/model_training/trained_model_outputs/resnet_42_model_checkpoint.pth for l2_alpha_idx: 3, fold 5, and epoch 23
BEGINNING EPOCH 24
[Epoch 24, Batch    50] avg loss: 0.6215
[Epoch 24, Batch   100] avg loss: 0.6076
[Epoch 24, Batch   150] avg loss: 0.6150
[Epoch 24, Batch   200] avg loss: 0.5958
[Epoch 24, Batch   250] avg loss: 0.5940
[Epoch 24, Batch   300] avg loss: 0.6008
Validation loss: 0.6775 (61 batches)
loss_per_epoch_list on epoch 24 is [0.6961350568005296, 0.7042066933678799, 0.7153022777838786, 0.6887268883283021, 0.726461079276976, 0.6864819213992259, 0.6824209748721514, 0.672887454267408, 0.6838232063856281, 0.7024156441454028, 0.6609771730469876, 0.688694531800317, 0.7262523545593512, 0.6444967916754426, 0.7023735920913884, 0.6725680964892028, 0.6777742505073547, 0.6799315819974805, 0.624833375704093, 0.6726073984239922, 0.6687195838474836, 0.6311060278142084, 0.6304170743363803, 0.6775017048491806]

Checkpoint saved at /cluster/tufts/capstone25skyblue/eelkus01/NEXRADTurbulencePrediction/model_training/trained_model_outputs/resnet_42_model_checkpoint.pth for l2_alpha_idx: 3, fold 5, and epoch 24
BEGINNING EPOCH 25
[Epoch 25, Batch    50] avg loss: 0.6072
[Epoch 25, Batch   100] avg loss: 0.5918
[Epoch 25, Batch   150] avg loss: 0.6136
[Epoch 25, Batch   200] avg loss: 0.5951
[Epoch 25, Batch   250] avg loss: 0.6012
[Epoch 25, Batch   300] avg loss: 0.5852
Validation loss: 0.7234 (61 batches)
loss_per_epoch_list on epoch 25 is [0.6961350568005296, 0.7042066933678799, 0.7153022777838786, 0.6887268883283021, 0.726461079276976, 0.6864819213992259, 0.6824209748721514, 0.672887454267408, 0.6838232063856281, 0.7024156441454028, 0.6609771730469876, 0.688694531800317, 0.7262523545593512, 0.6444967916754426, 0.7023735920913884, 0.6725680964892028, 0.6777742505073547, 0.6799315819974805, 0.624833375704093, 0.6726073984239922, 0.6687195838474836, 0.6311060278142084, 0.6304170743363803, 0.6775017048491806, 0.7233819170076339]

Checkpoint saved at /cluster/tufts/capstone25skyblue/eelkus01/NEXRADTurbulencePrediction/model_training/trained_model_outputs/resnet_42_model_checkpoint.pth for l2_alpha_idx: 3, fold 5, and epoch 25
BEGINNING EPOCH 26
[Epoch 26, Batch    50] avg loss: 0.5977
[Epoch 26, Batch   100] avg loss: 0.5844
[Epoch 26, Batch   150] avg loss: 0.5952
[Epoch 26, Batch   200] avg loss: 0.5844
[Epoch 26, Batch   250] avg loss: 0.5699
[Epoch 26, Batch   300] avg loss: 0.5772
Validation loss: 0.6494 (61 batches)
loss_per_epoch_list on epoch 26 is [0.6961350568005296, 0.7042066933678799, 0.7153022777838786, 0.6887268883283021, 0.726461079276976, 0.6864819213992259, 0.6824209748721514, 0.672887454267408, 0.6838232063856281, 0.7024156441454028, 0.6609771730469876, 0.688694531800317, 0.7262523545593512, 0.6444967916754426, 0.7023735920913884, 0.6725680964892028, 0.6777742505073547, 0.6799315819974805, 0.624833375704093, 0.6726073984239922, 0.6687195838474836, 0.6311060278142084, 0.6304170743363803, 0.6775017048491806, 0.7233819170076339, 0.64943820531251]

Checkpoint saved at /cluster/tufts/capstone25skyblue/eelkus01/NEXRADTurbulencePrediction/model_training/trained_model_outputs/resnet_42_model_checkpoint.pth for l2_alpha_idx: 3, fold 5, and epoch 26
BEGINNING EPOCH 27
[Epoch 27, Batch    50] avg loss: 0.5816
[Epoch 27, Batch   100] avg loss: 0.5741
[Epoch 27, Batch   150] avg loss: 0.5667
[Epoch 27, Batch   200] avg loss: 0.5675
[Epoch 27, Batch   250] avg loss: 0.5721
[Epoch 27, Batch   300] avg loss: 0.5602
Validation loss: 0.6704 (61 batches)
loss_per_epoch_list on epoch 27 is [0.6961350568005296, 0.7042066933678799, 0.7153022777838786, 0.6887268883283021, 0.726461079276976, 0.6864819213992259, 0.6824209748721514, 0.672887454267408, 0.6838232063856281, 0.7024156441454028, 0.6609771730469876, 0.688694531800317, 0.7262523545593512, 0.6444967916754426, 0.7023735920913884, 0.6725680964892028, 0.6777742505073547, 0.6799315819974805, 0.624833375704093, 0.6726073984239922, 0.6687195838474836, 0.6311060278142084, 0.6304170743363803, 0.6775017048491806, 0.7233819170076339, 0.64943820531251, 0.6703873892299465]

Checkpoint saved at /cluster/tufts/capstone25skyblue/eelkus01/NEXRADTurbulencePrediction/model_training/trained_model_outputs/resnet_42_model_checkpoint.pth for l2_alpha_idx: 3, fold 5, and epoch 27
BEGINNING EPOCH 28
[Epoch 28, Batch    50] avg loss: 0.5740
[Epoch 28, Batch   100] avg loss: 0.5663
[Epoch 28, Batch   150] avg loss: 0.5528
[Epoch 28, Batch   200] avg loss: 0.5542
[Epoch 28, Batch   250] avg loss: 0.5571
[Epoch 28, Batch   300] avg loss: 0.5483
Validation loss: 0.7058 (61 batches)
loss_per_epoch_list on epoch 28 is [0.6961350568005296, 0.7042066933678799, 0.7153022777838786, 0.6887268883283021, 0.726461079276976, 0.6864819213992259, 0.6824209748721514, 0.672887454267408, 0.6838232063856281, 0.7024156441454028, 0.6609771730469876, 0.688694531800317, 0.7262523545593512, 0.6444967916754426, 0.7023735920913884, 0.6725680964892028, 0.6777742505073547, 0.6799315819974805, 0.624833375704093, 0.6726073984239922, 0.6687195838474836, 0.6311060278142084, 0.6304170743363803, 0.6775017048491806, 0.7233819170076339, 0.64943820531251, 0.6703873892299465, 0.705827314345563]

Checkpoint saved at /cluster/tufts/capstone25skyblue/eelkus01/NEXRADTurbulencePrediction/model_training/trained_model_outputs/resnet_42_model_checkpoint.pth for l2_alpha_idx: 3, fold 5, and epoch 28
BEGINNING EPOCH 29
[Epoch 29, Batch    50] avg loss: 0.5410
[Epoch 29, Batch   100] avg loss: 0.5361
[Epoch 29, Batch   150] avg loss: 0.5309
[Epoch 29, Batch   200] avg loss: 0.5398
[Epoch 29, Batch   250] avg loss: 0.5306
[Epoch 29, Batch   300] avg loss: 0.5142
Validation loss: 0.6927 (61 batches)
loss_per_epoch_list on epoch 29 is [0.6961350568005296, 0.7042066933678799, 0.7153022777838786, 0.6887268883283021, 0.726461079276976, 0.6864819213992259, 0.6824209748721514, 0.672887454267408, 0.6838232063856281, 0.7024156441454028, 0.6609771730469876, 0.688694531800317, 0.7262523545593512, 0.6444967916754426, 0.7023735920913884, 0.6725680964892028, 0.6777742505073547, 0.6799315819974805, 0.624833375704093, 0.6726073984239922, 0.6687195838474836, 0.6311060278142084, 0.6304170743363803, 0.6775017048491806, 0.7233819170076339, 0.64943820531251, 0.6703873892299465, 0.705827314345563, 0.6927358390855007]

Checkpoint saved at /cluster/tufts/capstone25skyblue/eelkus01/NEXRADTurbulencePrediction/model_training/trained_model_outputs/resnet_42_model_checkpoint.pth for l2_alpha_idx: 3, fold 5, and epoch 29
Fold 5 had loss: 0.6927358390855007 on its last epoch

l2_loss_list is now [1.2917223858540174, 1.3938170453238357, 1.2334936177307139, 1.0953159013081117]

length of l2_loss_list is 4

l2_loss_list is [1.2917223858540174, 1.3938170453238357, 1.2334936177307139, 1.0953159013081117]

best l2_alpha value is 0 with a loss of: 1.0953159013081117
Completed 6-fold Cross Validation
Retraining best model on 90 percent of the data

Testing the retrained best model

Accuracy: 2662/4077 = 65.29%
False positive rate: 733/4077 = 17.98%
False negative rate: 682/4077 = 16.73%
Precision: 0.7399
Recall: 0.7535
F1 Score: 0.7466
Finished training and testing the model!
Deactivating conda environment (if any)
Purging all modules
Done! Environment has been torn down
All done!
