Resetting environment
Deactivating conda environment (if any)
Purging all modules
Done! Environment has been torn down
Allocating resources with slurm...
Loading cuda and miniforge...
Activating conda environment...
Redirecting into the NEXRAD repo...
Done! Environment has now been set up
Fri Apr 17 14:42:23 2026       
+-----------------------------------------------------------------------------------------+
| NVIDIA-SMI 575.57.08              Driver Version: 575.57.08      CUDA Version: 12.9     |
|-----------------------------------------+------------------------+----------------------+
| GPU  Name                 Persistence-M | Bus-Id          Disp.A | Volatile Uncorr. ECC |
| Fan  Temp   Perf          Pwr:Usage/Cap |           Memory-Usage | GPU-Util  Compute M. |
|                                         |                        |               MIG M. |
|=========================================+========================+======================|
|   0  NVIDIA L40S                    On  |   00000000:40:00.0 Off |                    0 |
| N/A   34C    P8             34W /  350W |       0MiB /  46068MiB |      0%      Default |
|                                         |                        |                  N/A |
+-----------------------------------------+------------------------+----------------------+
                                                                                         
+-----------------------------------------------------------------------------------------+
| Processes:                                                                              |
|  GPU   GI   CI              PID   Type   Process name                        GPU Memory |
|        ID   ID                                                               Usage      |
|=========================================================================================|
|  No running processes found                                                             |
+-----------------------------------------------------------------------------------------+
About to train the hybrid model with seed 42
Using GPU!!!
Original dataset length: 27181
Training the hybrid model
Using CrossEntropyLoss
Using 42 as the seed for splitting the dataset
No checkpoint found.
Beginning search over different values of l2_alpha

Beginning 6-fold Cross Validation with l2_alpha = 0.1
Fold 0 with l2_alpha = 0.1
Train subset size: 19253, Validation subset size: 3851
BEGINNING EPOCH 1
[Epoch 1, Batch    50] avg loss: 2.4873
[Epoch 1, Batch   100] avg loss: 0.7885
[Epoch 1, Batch   150] avg loss: 0.7224
[Epoch 1, Batch   200] avg loss: 0.7045
[Epoch 1, Batch   250] avg loss: 0.7120
[Epoch 1, Batch   300] avg loss: 0.6988
Validation loss: 0.7034 (61 batches)
loss_per_epoch_list on epoch 1 is [0.7033608575336269]

Checkpoint saved at /cluster/tufts/capstone25skyblue/eelkus01/NEXRADTurbulencePrediction/model_training/trained_model_outputs/hybrid_42_model_checkpoint.pth for l2_alpha_idx: 0, fold 0, and epoch 1
BEGINNING EPOCH 2
[Epoch 2, Batch    50] avg loss: 0.6953
[Epoch 2, Batch   100] avg loss: 0.6953
[Epoch 2, Batch   150] avg loss: 0.6948
[Epoch 2, Batch   200] avg loss: 0.6918
[Epoch 2, Batch   250] avg loss: 0.6938
[Epoch 2, Batch   300] avg loss: 0.6897
Validation loss: 0.6949 (61 batches)
loss_per_epoch_list on epoch 2 is [0.7033608575336269, 0.6948781433652659]

Checkpoint saved at /cluster/tufts/capstone25skyblue/eelkus01/NEXRADTurbulencePrediction/model_training/trained_model_outputs/hybrid_42_model_checkpoint.pth for l2_alpha_idx: 0, fold 0, and epoch 2
BEGINNING EPOCH 3
[Epoch 3, Batch    50] avg loss: 0.6894
[Epoch 3, Batch   100] avg loss: 0.6927
[Epoch 3, Batch   150] avg loss: 0.6878
[Epoch 3, Batch   200] avg loss: 0.6871
[Epoch 3, Batch   250] avg loss: 0.6881
[Epoch 3, Batch   300] avg loss: 0.6829
Validation loss: 0.6757 (61 batches)
loss_per_epoch_list on epoch 3 is [0.7033608575336269, 0.6948781433652659, 0.675712731040892]

Checkpoint saved at /cluster/tufts/capstone25skyblue/eelkus01/NEXRADTurbulencePrediction/model_training/trained_model_outputs/hybrid_42_model_checkpoint.pth for l2_alpha_idx: 0, fold 0, and epoch 3
BEGINNING EPOCH 4
[Epoch 4, Batch    50] avg loss: 0.6849
[Epoch 4, Batch   100] avg loss: 0.6797
[Epoch 4, Batch   150] avg loss: 0.6791
[Epoch 4, Batch   200] avg loss: 0.6783
[Epoch 4, Batch   250] avg loss: 0.6669
[Epoch 4, Batch   300] avg loss: 0.6748
Validation loss: 0.6703 (61 batches)
loss_per_epoch_list on epoch 4 is [0.7033608575336269, 0.6948781433652659, 0.675712731040892, 0.6702513684991931]

Checkpoint saved at /cluster/tufts/capstone25skyblue/eelkus01/NEXRADTurbulencePrediction/model_training/trained_model_outputs/hybrid_42_model_checkpoint.pth for l2_alpha_idx: 0, fold 0, and epoch 4
BEGINNING EPOCH 5
[Epoch 5, Batch    50] avg loss: 0.6746
[Epoch 5, Batch   100] avg loss: 0.6742
[Epoch 5, Batch   150] avg loss: 0.6663
[Epoch 5, Batch   200] avg loss: 0.6611
[Epoch 5, Batch   250] avg loss: 0.6635
[Epoch 5, Batch   300] avg loss: 0.6581
Validation loss: 0.6484 (61 batches)
loss_per_epoch_list on epoch 5 is [0.7033608575336269, 0.6948781433652659, 0.675712731040892, 0.6702513684991931, 0.6483839652577384]

Checkpoint saved at /cluster/tufts/capstone25skyblue/eelkus01/NEXRADTurbulencePrediction/model_training/trained_model_outputs/hybrid_42_model_checkpoint.pth for l2_alpha_idx: 0, fold 0, and epoch 5
BEGINNING EPOCH 6
[Epoch 6, Batch    50] avg loss: 0.6636
[Epoch 6, Batch   100] avg loss: 0.6625
[Epoch 6, Batch   150] avg loss: 0.6633
[Epoch 6, Batch   200] avg loss: 0.6532
[Epoch 6, Batch   250] avg loss: 0.6637
[Epoch 6, Batch   300] avg loss: 0.6517
Validation loss: 0.6644 (61 batches)
loss_per_epoch_list on epoch 6 is [0.7033608575336269, 0.6948781433652659, 0.675712731040892, 0.6702513684991931, 0.6483839652577384, 0.6644492755170728]

Checkpoint saved at /cluster/tufts/capstone25skyblue/eelkus01/NEXRADTurbulencePrediction/model_training/trained_model_outputs/hybrid_42_model_checkpoint.pth for l2_alpha_idx: 0, fold 0, and epoch 6
BEGINNING EPOCH 7
[Epoch 7, Batch    50] avg loss: 0.6593
[Epoch 7, Batch   100] avg loss: 0.6517
[Epoch 7, Batch   150] avg loss: 0.6499
[Epoch 7, Batch   200] avg loss: 0.6505
[Epoch 7, Batch   250] avg loss: 0.6562
[Epoch 7, Batch   300] avg loss: 0.6522
Validation loss: 0.6437 (61 batches)
loss_per_epoch_list on epoch 7 is [0.7033608575336269, 0.6948781433652659, 0.675712731040892, 0.6702513684991931, 0.6483839652577384, 0.6644492755170728, 0.6436914078524856]

Checkpoint saved at /cluster/tufts/capstone25skyblue/eelkus01/NEXRADTurbulencePrediction/model_training/trained_model_outputs/hybrid_42_model_checkpoint.pth for l2_alpha_idx: 0, fold 0, and epoch 7
BEGINNING EPOCH 8
[Epoch 8, Batch    50] avg loss: 0.6593
[Epoch 8, Batch   100] avg loss: 0.6514
[Epoch 8, Batch   150] avg loss: 0.6466
[Epoch 8, Batch   200] avg loss: 0.6564
[Epoch 8, Batch   250] avg loss: 0.6546
[Epoch 8, Batch   300] avg loss: 0.6546
Validation loss: 0.6754 (61 batches)
loss_per_epoch_list on epoch 8 is [0.7033608575336269, 0.6948781433652659, 0.675712731040892, 0.6702513684991931, 0.6483839652577384, 0.6644492755170728, 0.6436914078524856, 0.6754457383859352]

Checkpoint saved at /cluster/tufts/capstone25skyblue/eelkus01/NEXRADTurbulencePrediction/model_training/trained_model_outputs/hybrid_42_model_checkpoint.pth for l2_alpha_idx: 0, fold 0, and epoch 8
BEGINNING EPOCH 9
[Epoch 9, Batch    50] avg loss: 0.6451
[Epoch 9, Batch   100] avg loss: 0.6555
[Epoch 9, Batch   150] avg loss: 0.6412
[Epoch 9, Batch   200] avg loss: 0.6432
[Epoch 9, Batch   250] avg loss: 0.6421
[Epoch 9, Batch   300] avg loss: 0.6519
Validation loss: 0.7092 (61 batches)
loss_per_epoch_list on epoch 9 is [0.7033608575336269, 0.6948781433652659, 0.675712731040892, 0.6702513684991931, 0.6483839652577384, 0.6644492755170728, 0.6436914078524856, 0.6754457383859352, 0.7091873327239615]

Checkpoint saved at /cluster/tufts/capstone25skyblue/eelkus01/NEXRADTurbulencePrediction/model_training/trained_model_outputs/hybrid_42_model_checkpoint.pth for l2_alpha_idx: 0, fold 0, and epoch 9
BEGINNING EPOCH 10
[Epoch 10, Batch    50] avg loss: 0.6493
[Epoch 10, Batch   100] avg loss: 0.6422
[Epoch 10, Batch   150] avg loss: 0.6395
[Epoch 10, Batch   200] avg loss: 0.6367
[Epoch 10, Batch   250] avg loss: 0.6444
[Epoch 10, Batch   300] avg loss: 0.6408
Validation loss: 0.6531 (61 batches)
loss_per_epoch_list on epoch 10 is [0.7033608575336269, 0.6948781433652659, 0.675712731040892, 0.6702513684991931, 0.6483839652577384, 0.6644492755170728, 0.6436914078524856, 0.6754457383859352, 0.7091873327239615, 0.6531313061714172]

Checkpoint saved at /cluster/tufts/capstone25skyblue/eelkus01/NEXRADTurbulencePrediction/model_training/trained_model_outputs/hybrid_42_model_checkpoint.pth for l2_alpha_idx: 0, fold 0, and epoch 10
BEGINNING EPOCH 11
[Epoch 11, Batch    50] avg loss: 0.6458
[Epoch 11, Batch   100] avg loss: 0.6453
[Epoch 11, Batch   150] avg loss: 0.6414
[Epoch 11, Batch   200] avg loss: 0.6453
[Epoch 11, Batch   250] avg loss: 0.6376
[Epoch 11, Batch   300] avg loss: 0.6264
Validation loss: 0.7011 (61 batches)
loss_per_epoch_list on epoch 11 is [0.7033608575336269, 0.6948781433652659, 0.675712731040892, 0.6702513684991931, 0.6483839652577384, 0.6644492755170728, 0.6436914078524856, 0.6754457383859352, 0.7091873327239615, 0.6531313061714172, 0.701074058892297]

Checkpoint saved at /cluster/tufts/capstone25skyblue/eelkus01/NEXRADTurbulencePrediction/model_training/trained_model_outputs/hybrid_42_model_checkpoint.pth for l2_alpha_idx: 0, fold 0, and epoch 11
BEGINNING EPOCH 12
[Epoch 12, Batch    50] avg loss: 0.6333
[Epoch 12, Batch   100] avg loss: 0.6394
[Epoch 12, Batch   150] avg loss: 0.6442
[Epoch 12, Batch   200] avg loss: 0.6360
[Epoch 12, Batch   250] avg loss: 0.6335
[Epoch 12, Batch   300] avg loss: 0.6308
Validation loss: 0.6320 (61 batches)
loss_per_epoch_list on epoch 12 is [0.7033608575336269, 0.6948781433652659, 0.675712731040892, 0.6702513684991931, 0.6483839652577384, 0.6644492755170728, 0.6436914078524856, 0.6754457383859352, 0.7091873327239615, 0.6531313061714172, 0.701074058892297, 0.63199967732195]

Checkpoint saved at /cluster/tufts/capstone25skyblue/eelkus01/NEXRADTurbulencePrediction/model_training/trained_model_outputs/hybrid_42_model_checkpoint.pth for l2_alpha_idx: 0, fold 0, and epoch 12
BEGINNING EPOCH 13
[Epoch 13, Batch    50] avg loss: 0.6413
[Epoch 13, Batch   100] avg loss: 0.6357
[Epoch 13, Batch   150] avg loss: 0.6299
[Epoch 13, Batch   200] avg loss: 0.6362
[Epoch 13, Batch   250] avg loss: 0.6305
[Epoch 13, Batch   300] avg loss: 0.6330
Validation loss: 0.6669 (61 batches)
loss_per_epoch_list on epoch 13 is [0.7033608575336269, 0.6948781433652659, 0.675712731040892, 0.6702513684991931, 0.6483839652577384, 0.6644492755170728, 0.6436914078524856, 0.6754457383859352, 0.7091873327239615, 0.6531313061714172, 0.701074058892297, 0.63199967732195, 0.6669054441764707]

Checkpoint saved at /cluster/tufts/capstone25skyblue/eelkus01/NEXRADTurbulencePrediction/model_training/trained_model_outputs/hybrid_42_model_checkpoint.pth for l2_alpha_idx: 0, fold 0, and epoch 13
BEGINNING EPOCH 14
[Epoch 14, Batch    50] avg loss: 0.6319
[Epoch 14, Batch   100] avg loss: 0.6317
[Epoch 14, Batch   150] avg loss: 0.6357
[Epoch 14, Batch   200] avg loss: 0.6310
[Epoch 14, Batch   250] avg loss: 0.6271
[Epoch 14, Batch   300] avg loss: 0.6113
Validation loss: 0.7046 (61 batches)
loss_per_epoch_list on epoch 14 is [0.7033608575336269, 0.6948781433652659, 0.675712731040892, 0.6702513684991931, 0.6483839652577384, 0.6644492755170728, 0.6436914078524856, 0.6754457383859352, 0.7091873327239615, 0.6531313061714172, 0.701074058892297, 0.63199967732195, 0.6669054441764707, 0.7045753998834579]

Checkpoint saved at /cluster/tufts/capstone25skyblue/eelkus01/NEXRADTurbulencePrediction/model_training/trained_model_outputs/hybrid_42_model_checkpoint.pth for l2_alpha_idx: 0, fold 0, and epoch 14
BEGINNING EPOCH 15
[Epoch 15, Batch    50] avg loss: 0.6144
[Epoch 15, Batch   100] avg loss: 0.6295
[Epoch 15, Batch   150] avg loss: 0.6263
[Epoch 15, Batch   200] avg loss: 0.6190
[Epoch 15, Batch   250] avg loss: 0.6105
[Epoch 15, Batch   300] avg loss: 0.6313
Validation loss: 0.7833 (61 batches)
loss_per_epoch_list on epoch 15 is [0.7033608575336269, 0.6948781433652659, 0.675712731040892, 0.6702513684991931, 0.6483839652577384, 0.6644492755170728, 0.6436914078524856, 0.6754457383859352, 0.7091873327239615, 0.6531313061714172, 0.701074058892297, 0.63199967732195, 0.6669054441764707, 0.7045753998834579, 0.7832890338585025]

Checkpoint saved at /cluster/tufts/capstone25skyblue/eelkus01/NEXRADTurbulencePrediction/model_training/trained_model_outputs/hybrid_42_model_checkpoint.pth for l2_alpha_idx: 0, fold 0, and epoch 15
BEGINNING EPOCH 16
[Epoch 16, Batch    50] avg loss: 0.6164
[Epoch 16, Batch   100] avg loss: 0.6233
[Epoch 16, Batch   150] avg loss: 0.6139
[Epoch 16, Batch   200] avg loss: 0.6230
[Epoch 16, Batch   250] avg loss: 0.6147
[Epoch 16, Batch   300] avg loss: 0.6182
Validation loss: 0.7669 (61 batches)
loss_per_epoch_list on epoch 16 is [0.7033608575336269, 0.6948781433652659, 0.675712731040892, 0.6702513684991931, 0.6483839652577384, 0.6644492755170728, 0.6436914078524856, 0.6754457383859352, 0.7091873327239615, 0.6531313061714172, 0.701074058892297, 0.63199967732195, 0.6669054441764707, 0.7045753998834579, 0.7832890338585025, 0.7669148621011953]

Checkpoint saved at /cluster/tufts/capstone25skyblue/eelkus01/NEXRADTurbulencePrediction/model_training/trained_model_outputs/hybrid_42_model_checkpoint.pth for l2_alpha_idx: 0, fold 0, and epoch 16
BEGINNING EPOCH 17
[Epoch 17, Batch    50] avg loss: 0.6134
[Epoch 17, Batch   100] avg loss: 0.6090
[Epoch 17, Batch   150] avg loss: 0.6078
[Epoch 17, Batch   200] avg loss: 0.6053
[Epoch 17, Batch   250] avg loss: 0.5968
[Epoch 17, Batch   300] avg loss: 0.6077
Validation loss: 0.7579 (61 batches)
loss_per_epoch_list on epoch 17 is [0.7033608575336269, 0.6948781433652659, 0.675712731040892, 0.6702513684991931, 0.6483839652577384, 0.6644492755170728, 0.6436914078524856, 0.6754457383859352, 0.7091873327239615, 0.6531313061714172, 0.701074058892297, 0.63199967732195, 0.6669054441764707, 0.7045753998834579, 0.7832890338585025, 0.7669148621011953, 0.7578536750840359]

Checkpoint saved at /cluster/tufts/capstone25skyblue/eelkus01/NEXRADTurbulencePrediction/model_training/trained_model_outputs/hybrid_42_model_checkpoint.pth for l2_alpha_idx: 0, fold 0, and epoch 17
BEGINNING EPOCH 18
[Epoch 18, Batch    50] avg loss: 0.6064
[Epoch 18, Batch   100] avg loss: 0.6084
[Epoch 18, Batch   150] avg loss: 0.5982
[Epoch 18, Batch   200] avg loss: 0.5934
[Epoch 18, Batch   250] avg loss: 0.6081
[Epoch 18, Batch   300] avg loss: 0.5762
Validation loss: 0.6982 (61 batches)
loss_per_epoch_list on epoch 18 is [0.7033608575336269, 0.6948781433652659, 0.675712731040892, 0.6702513684991931, 0.6483839652577384, 0.6644492755170728, 0.6436914078524856, 0.6754457383859352, 0.7091873327239615, 0.6531313061714172, 0.701074058892297, 0.63199967732195, 0.6669054441764707, 0.7045753998834579, 0.7832890338585025, 0.7669148621011953, 0.7578536750840359, 0.6982273361721977]

Checkpoint saved at /cluster/tufts/capstone25skyblue/eelkus01/NEXRADTurbulencePrediction/model_training/trained_model_outputs/hybrid_42_model_checkpoint.pth for l2_alpha_idx: 0, fold 0, and epoch 18
BEGINNING EPOCH 19
[Epoch 19, Batch    50] avg loss: 0.5908
[Epoch 19, Batch   100] avg loss: 0.5912
[Epoch 19, Batch   150] avg loss: 0.5931
[Epoch 19, Batch   200] avg loss: 0.5814
[Epoch 19, Batch   250] avg loss: 0.5733
[Epoch 19, Batch   300] avg loss: 0.5919
Validation loss: 0.6748 (61 batches)
loss_per_epoch_list on epoch 19 is [0.7033608575336269, 0.6948781433652659, 0.675712731040892, 0.6702513684991931, 0.6483839652577384, 0.6644492755170728, 0.6436914078524856, 0.6754457383859352, 0.7091873327239615, 0.6531313061714172, 0.701074058892297, 0.63199967732195, 0.6669054441764707, 0.7045753998834579, 0.7832890338585025, 0.7669148621011953, 0.7578536750840359, 0.6982273361721977, 0.6748489200091753]

Checkpoint saved at /cluster/tufts/capstone25skyblue/eelkus01/NEXRADTurbulencePrediction/model_training/trained_model_outputs/hybrid_42_model_checkpoint.pth for l2_alpha_idx: 0, fold 0, and epoch 19
BEGINNING EPOCH 20
[Epoch 20, Batch    50] avg loss: 0.5835
[Epoch 20, Batch   100] avg loss: 0.5801
[Epoch 20, Batch   150] avg loss: 0.5666
[Epoch 20, Batch   200] avg loss: 0.5756
[Epoch 20, Batch   250] avg loss: 0.5698
[Epoch 20, Batch   300] avg loss: 0.5855
Validation loss: 0.7110 (61 batches)
loss_per_epoch_list on epoch 20 is [0.7033608575336269, 0.6948781433652659, 0.675712731040892, 0.6702513684991931, 0.6483839652577384, 0.6644492755170728, 0.6436914078524856, 0.6754457383859352, 0.7091873327239615, 0.6531313061714172, 0.701074058892297, 0.63199967732195, 0.6669054441764707, 0.7045753998834579, 0.7832890338585025, 0.7669148621011953, 0.7578536750840359, 0.6982273361721977, 0.6748489200091753, 0.7110119471784497]

Checkpoint saved at /cluster/tufts/capstone25skyblue/eelkus01/NEXRADTurbulencePrediction/model_training/trained_model_outputs/hybrid_42_model_checkpoint.pth for l2_alpha_idx: 0, fold 0, and epoch 20
BEGINNING EPOCH 21
[Epoch 21, Batch    50] avg loss: 0.5710
[Epoch 21, Batch   100] avg loss: 0.5666
[Epoch 21, Batch   150] avg loss: 0.5682
[Epoch 21, Batch   200] avg loss: 0.5632
[Epoch 21, Batch   250] avg loss: 0.5745
[Epoch 21, Batch   300] avg loss: 0.5629
Validation loss: 0.6746 (61 batches)
loss_per_epoch_list on epoch 21 is [0.7033608575336269, 0.6948781433652659, 0.675712731040892, 0.6702513684991931, 0.6483839652577384, 0.6644492755170728, 0.6436914078524856, 0.6754457383859352, 0.7091873327239615, 0.6531313061714172, 0.701074058892297, 0.63199967732195, 0.6669054441764707, 0.7045753998834579, 0.7832890338585025, 0.7669148621011953, 0.7578536750840359, 0.6982273361721977, 0.6748489200091753, 0.7110119471784497, 0.6746151491266782]

Checkpoint saved at /cluster/tufts/capstone25skyblue/eelkus01/NEXRADTurbulencePrediction/model_training/trained_model_outputs/hybrid_42_model_checkpoint.pth for l2_alpha_idx: 0, fold 0, and epoch 21
BEGINNING EPOCH 22
[Epoch 22, Batch    50] avg loss: 0.5419
[Epoch 22, Batch   100] avg loss: 0.5714
[Epoch 22, Batch   150] avg loss: 0.5789
[Epoch 22, Batch   200] avg loss: 0.5560
[Epoch 22, Batch   250] avg loss: 0.5376
[Epoch 22, Batch   300] avg loss: 0.5573
Validation loss: 0.8965 (61 batches)
loss_per_epoch_list on epoch 22 is [0.7033608575336269, 0.6948781433652659, 0.675712731040892, 0.6702513684991931, 0.6483839652577384, 0.6644492755170728, 0.6436914078524856, 0.6754457383859352, 0.7091873327239615, 0.6531313061714172, 0.701074058892297, 0.63199967732195, 0.6669054441764707, 0.7045753998834579, 0.7832890338585025, 0.7669148621011953, 0.7578536750840359, 0.6982273361721977, 0.6748489200091753, 0.7110119471784497, 0.6746151491266782, 0.8965106303574609]

Checkpoint saved at /cluster/tufts/capstone25skyblue/eelkus01/NEXRADTurbulencePrediction/model_training/trained_model_outputs/hybrid_42_model_checkpoint.pth for l2_alpha_idx: 0, fold 0, and epoch 22
BEGINNING EPOCH 23
[Epoch 23, Batch    50] avg loss: 0.5433
[Epoch 23, Batch   100] avg loss: 0.5589
[Epoch 23, Batch   150] avg loss: 0.5521
[Epoch 23, Batch   200] avg loss: 0.5393
[Epoch 23, Batch   250] avg loss: 0.5474
[Epoch 23, Batch   300] avg loss: 0.5307
Validation loss: 0.7499 (61 batches)
loss_per_epoch_list on epoch 23 is [0.7033608575336269, 0.6948781433652659, 0.675712731040892, 0.6702513684991931, 0.6483839652577384, 0.6644492755170728, 0.6436914078524856, 0.6754457383859352, 0.7091873327239615, 0.6531313061714172, 0.701074058892297, 0.63199967732195, 0.6669054441764707, 0.7045753998834579, 0.7832890338585025, 0.7669148621011953, 0.7578536750840359, 0.6982273361721977, 0.6748489200091753, 0.7110119471784497, 0.6746151491266782, 0.8965106303574609, 0.7498555671973307]

Checkpoint saved at /cluster/tufts/capstone25skyblue/eelkus01/NEXRADTurbulencePrediction/model_training/trained_model_outputs/hybrid_42_model_checkpoint.pth for l2_alpha_idx: 0, fold 0, and epoch 23
BEGINNING EPOCH 24
[Epoch 24, Batch    50] avg loss: 0.5477
[Epoch 24, Batch   100] avg loss: 0.5256
[Epoch 24, Batch   150] avg loss: 0.5313
[Epoch 24, Batch   200] avg loss: 0.5510
[Epoch 24, Batch   250] avg loss: 0.5340
[Epoch 24, Batch   300] avg loss: 0.5345
Validation loss: 0.8943 (61 batches)
loss_per_epoch_list on epoch 24 is [0.7033608575336269, 0.6948781433652659, 0.675712731040892, 0.6702513684991931, 0.6483839652577384, 0.6644492755170728, 0.6436914078524856, 0.6754457383859352, 0.7091873327239615, 0.6531313061714172, 0.701074058892297, 0.63199967732195, 0.6669054441764707, 0.7045753998834579, 0.7832890338585025, 0.7669148621011953, 0.7578536750840359, 0.6982273361721977, 0.6748489200091753, 0.7110119471784497, 0.6746151491266782, 0.8965106303574609, 0.7498555671973307, 0.8942998471807261]

Checkpoint saved at /cluster/tufts/capstone25skyblue/eelkus01/NEXRADTurbulencePrediction/model_training/trained_model_outputs/hybrid_42_model_checkpoint.pth for l2_alpha_idx: 0, fold 0, and epoch 24
BEGINNING EPOCH 25
[Epoch 25, Batch    50] avg loss: 0.5294
[Epoch 25, Batch   100] avg loss: 0.5253
[Epoch 25, Batch   150] avg loss: 0.5150
[Epoch 25, Batch   200] avg loss: 0.5194
[Epoch 25, Batch   250] avg loss: 0.5231
[Epoch 25, Batch   300] avg loss: 0.5292
Validation loss: 0.7767 (61 batches)
loss_per_epoch_list on epoch 25 is [0.7033608575336269, 0.6948781433652659, 0.675712731040892, 0.6702513684991931, 0.6483839652577384, 0.6644492755170728, 0.6436914078524856, 0.6754457383859352, 0.7091873327239615, 0.6531313061714172, 0.701074058892297, 0.63199967732195, 0.6669054441764707, 0.7045753998834579, 0.7832890338585025, 0.7669148621011953, 0.7578536750840359, 0.6982273361721977, 0.6748489200091753, 0.7110119471784497, 0.6746151491266782, 0.8965106303574609, 0.7498555671973307, 0.8942998471807261, 0.7766688915549732]

Checkpoint saved at /cluster/tufts/capstone25skyblue/eelkus01/NEXRADTurbulencePrediction/model_training/trained_model_outputs/hybrid_42_model_checkpoint.pth for l2_alpha_idx: 0, fold 0, and epoch 25
BEGINNING EPOCH 26
[Epoch 26, Batch    50] avg loss: 0.5120
[Epoch 26, Batch   100] avg loss: 0.5339
[Epoch 26, Batch   150] avg loss: 0.5146
[Epoch 26, Batch   200] avg loss: 0.5235
[Epoch 26, Batch   250] avg loss: 0.4956
[Epoch 26, Batch   300] avg loss: 0.4970
Validation loss: 0.7908 (61 batches)
loss_per_epoch_list on epoch 26 is [0.7033608575336269, 0.6948781433652659, 0.675712731040892, 0.6702513684991931, 0.6483839652577384, 0.6644492755170728, 0.6436914078524856, 0.6754457383859352, 0.7091873327239615, 0.6531313061714172, 0.701074058892297, 0.63199967732195, 0.6669054441764707, 0.7045753998834579, 0.7832890338585025, 0.7669148621011953, 0.7578536750840359, 0.6982273361721977, 0.6748489200091753, 0.7110119471784497, 0.6746151491266782, 0.8965106303574609, 0.7498555671973307, 0.8942998471807261, 0.7766688915549732, 0.7907590006218582]

Checkpoint saved at /cluster/tufts/capstone25skyblue/eelkus01/NEXRADTurbulencePrediction/model_training/trained_model_outputs/hybrid_42_model_checkpoint.pth for l2_alpha_idx: 0, fold 0, and epoch 26
BEGINNING EPOCH 27
[Epoch 27, Batch    50] avg loss: 0.5040
[Epoch 27, Batch   100] avg loss: 0.5004
[Epoch 27, Batch   150] avg loss: 0.5179
[Epoch 27, Batch   200] avg loss: 0.4966
[Epoch 27, Batch   250] avg loss: 0.4973
[Epoch 27, Batch   300] avg loss: 0.5189
Validation loss: 0.7832 (61 batches)
loss_per_epoch_list on epoch 27 is [0.7033608575336269, 0.6948781433652659, 0.675712731040892, 0.6702513684991931, 0.6483839652577384, 0.6644492755170728, 0.6436914078524856, 0.6754457383859352, 0.7091873327239615, 0.6531313061714172, 0.701074058892297, 0.63199967732195, 0.6669054441764707, 0.7045753998834579, 0.7832890338585025, 0.7669148621011953, 0.7578536750840359, 0.6982273361721977, 0.6748489200091753, 0.7110119471784497, 0.6746151491266782, 0.8965106303574609, 0.7498555671973307, 0.8942998471807261, 0.7766688915549732, 0.7907590006218582, 0.783249165191025]

Checkpoint saved at /cluster/tufts/capstone25skyblue/eelkus01/NEXRADTurbulencePrediction/model_training/trained_model_outputs/hybrid_42_model_checkpoint.pth for l2_alpha_idx: 0, fold 0, and epoch 27
BEGINNING EPOCH 28
[Epoch 28, Batch    50] avg loss: 0.4891
[Epoch 28, Batch   100] avg loss: 0.5000
[Epoch 28, Batch   150] avg loss: 0.4975
[Epoch 28, Batch   200] avg loss: 0.4785
[Epoch 28, Batch   250] avg loss: 0.4951
[Epoch 28, Batch   300] avg loss: 0.4669
Validation loss: 0.8262 (61 batches)
loss_per_epoch_list on epoch 28 is [0.7033608575336269, 0.6948781433652659, 0.675712731040892, 0.6702513684991931, 0.6483839652577384, 0.6644492755170728, 0.6436914078524856, 0.6754457383859352, 0.7091873327239615, 0.6531313061714172, 0.701074058892297, 0.63199967732195, 0.6669054441764707, 0.7045753998834579, 0.7832890338585025, 0.7669148621011953, 0.7578536750840359, 0.6982273361721977, 0.6748489200091753, 0.7110119471784497, 0.6746151491266782, 0.8965106303574609, 0.7498555671973307, 0.8942998471807261, 0.7766688915549732, 0.7907590006218582, 0.783249165191025, 0.8262268959498796]

Checkpoint saved at /cluster/tufts/capstone25skyblue/eelkus01/NEXRADTurbulencePrediction/model_training/trained_model_outputs/hybrid_42_model_checkpoint.pth for l2_alpha_idx: 0, fold 0, and epoch 28
BEGINNING EPOCH 29
[Epoch 29, Batch    50] avg loss: 0.4802
[Epoch 29, Batch   100] avg loss: 0.4860
[Epoch 29, Batch   150] avg loss: 0.4647
[Epoch 29, Batch   200] avg loss: 0.5073
[Epoch 29, Batch   250] avg loss: 0.4750
[Epoch 29, Batch   300] avg loss: 0.4812
Validation loss: 0.9134 (61 batches)
loss_per_epoch_list on epoch 29 is [0.7033608575336269, 0.6948781433652659, 0.675712731040892, 0.6702513684991931, 0.6483839652577384, 0.6644492755170728, 0.6436914078524856, 0.6754457383859352, 0.7091873327239615, 0.6531313061714172, 0.701074058892297, 0.63199967732195, 0.6669054441764707, 0.7045753998834579, 0.7832890338585025, 0.7669148621011953, 0.7578536750840359, 0.6982273361721977, 0.6748489200091753, 0.7110119471784497, 0.6746151491266782, 0.8965106303574609, 0.7498555671973307, 0.8942998471807261, 0.7766688915549732, 0.7907590006218582, 0.783249165191025, 0.8262268959498796, 0.9133789441624626]

Checkpoint saved at /cluster/tufts/capstone25skyblue/eelkus01/NEXRADTurbulencePrediction/model_training/trained_model_outputs/hybrid_42_model_checkpoint.pth for l2_alpha_idx: 0, fold 0, and epoch 29
Fold 0 had loss: 0.9133789441624626 on its last epoch

Fold 1 with l2_alpha = 0.1
Train subset size: 19253, Validation subset size: 3851
BEGINNING EPOCH 1
[Epoch 1, Batch    50] avg loss: 5.2692
[Epoch 1, Batch   100] avg loss: 0.9196
[Epoch 1, Batch   150] avg loss: 0.7469
[Epoch 1, Batch   200] avg loss: 0.7072
[Epoch 1, Batch   250] avg loss: 0.7119
[Epoch 1, Batch   300] avg loss: 0.7059
Validation loss: 0.6817 (61 batches)
loss_per_epoch_list on epoch 1 is [0.6816722389127388]

Checkpoint saved at /cluster/tufts/capstone25skyblue/eelkus01/NEXRADTurbulencePrediction/model_training/trained_model_outputs/hybrid_42_model_checkpoint.pth for l2_alpha_idx: 0, fold 1, and epoch 1
BEGINNING EPOCH 2
[Epoch 2, Batch    50] avg loss: 0.6972
[Epoch 2, Batch   100] avg loss: 0.6985
[Epoch 2, Batch   150] avg loss: 0.6970
[Epoch 2, Batch   200] avg loss: 0.6956
[Epoch 2, Batch   250] avg loss: 0.6952
[Epoch 2, Batch   300] avg loss: 0.6921
Validation loss: 0.6963 (61 batches)
loss_per_epoch_list on epoch 2 is [0.6816722389127388, 0.6962545279596672]

Checkpoint saved at /cluster/tufts/capstone25skyblue/eelkus01/NEXRADTurbulencePrediction/model_training/trained_model_outputs/hybrid_42_model_checkpoint.pth for l2_alpha_idx: 0, fold 1, and epoch 2
BEGINNING EPOCH 3
[Epoch 3, Batch    50] avg loss: 0.6957
[Epoch 3, Batch   100] avg loss: 0.6951
[Epoch 3, Batch   150] avg loss: 0.6943
[Epoch 3, Batch   200] avg loss: 0.6972
[Epoch 3, Batch   250] avg loss: 0.6936
[Epoch 3, Batch   300] avg loss: 0.6916
Validation loss: 0.6957 (61 batches)
loss_per_epoch_list on epoch 3 is [0.6816722389127388, 0.6962545279596672, 0.6957455599894289]

Checkpoint saved at /cluster/tufts/capstone25skyblue/eelkus01/NEXRADTurbulencePrediction/model_training/trained_model_outputs/hybrid_42_model_checkpoint.pth for l2_alpha_idx: 0, fold 1, and epoch 3
BEGINNING EPOCH 4
[Epoch 4, Batch    50] avg loss: 0.6938
[Epoch 4, Batch   100] avg loss: 0.6920
[Epoch 4, Batch   150] avg loss: 0.6919
[Epoch 4, Batch   200] avg loss: 0.6910
[Epoch 4, Batch   250] avg loss: 0.6916
[Epoch 4, Batch   300] avg loss: 0.6947
Validation loss: 0.6862 (61 batches)
loss_per_epoch_list on epoch 4 is [0.6816722389127388, 0.6962545279596672, 0.6957455599894289, 0.6861884056544695]

Checkpoint saved at /cluster/tufts/capstone25skyblue/eelkus01/NEXRADTurbulencePrediction/model_training/trained_model_outputs/hybrid_42_model_checkpoint.pth for l2_alpha_idx: 0, fold 1, and epoch 4
BEGINNING EPOCH 5
[Epoch 5, Batch    50] avg loss: 0.6920
[Epoch 5, Batch   100] avg loss: 0.6927
[Epoch 5, Batch   150] avg loss: 0.6925
[Epoch 5, Batch   200] avg loss: 0.6923
[Epoch 5, Batch   250] avg loss: 0.6920
[Epoch 5, Batch   300] avg loss: 0.6928
Validation loss: 0.6918 (61 batches)
loss_per_epoch_list on epoch 5 is [0.6816722389127388, 0.6962545279596672, 0.6957455599894289, 0.6861884056544695, 0.6918257572611825]

Checkpoint saved at /cluster/tufts/capstone25skyblue/eelkus01/NEXRADTurbulencePrediction/model_training/trained_model_outputs/hybrid_42_model_checkpoint.pth for l2_alpha_idx: 0, fold 1, and epoch 5
BEGINNING EPOCH 6
[Epoch 6, Batch    50] avg loss: 0.6935
[Epoch 6, Batch   100] avg loss: 0.6911
[Epoch 6, Batch   150] avg loss: 0.6877
[Epoch 6, Batch   200] avg loss: 0.6908
[Epoch 6, Batch   250] avg loss: 0.6881
[Epoch 6, Batch   300] avg loss: 0.6903
Validation loss: 0.6799 (61 batches)
loss_per_epoch_list on epoch 6 is [0.6816722389127388, 0.6962545279596672, 0.6957455599894289, 0.6861884056544695, 0.6918257572611825, 0.6798966419501383]

Checkpoint saved at /cluster/tufts/capstone25skyblue/eelkus01/NEXRADTurbulencePrediction/model_training/trained_model_outputs/hybrid_42_model_checkpoint.pth for l2_alpha_idx: 0, fold 1, and epoch 6
BEGINNING EPOCH 7
[Epoch 7, Batch    50] avg loss: 0.6870
[Epoch 7, Batch   100] avg loss: 0.6860
[Epoch 7, Batch   150] avg loss: 0.6853
[Epoch 7, Batch   200] avg loss: 0.6847
[Epoch 7, Batch   250] avg loss: 0.6802
[Epoch 7, Batch   300] avg loss: 0.6823
Validation loss: 0.6853 (61 batches)
loss_per_epoch_list on epoch 7 is [0.6816722389127388, 0.6962545279596672, 0.6957455599894289, 0.6861884056544695, 0.6918257572611825, 0.6798966419501383, 0.6852702615691013]

Checkpoint saved at /cluster/tufts/capstone25skyblue/eelkus01/NEXRADTurbulencePrediction/model_training/trained_model_outputs/hybrid_42_model_checkpoint.pth for l2_alpha_idx: 0, fold 1, and epoch 7
BEGINNING EPOCH 8
[Epoch 8, Batch    50] avg loss: 0.6805
[Epoch 8, Batch   100] avg loss: 0.6835
[Epoch 8, Batch   150] avg loss: 0.6766
[Epoch 8, Batch   200] avg loss: 0.6797
[Epoch 8, Batch   250] avg loss: 0.6724
[Epoch 8, Batch   300] avg loss: 0.6787
Validation loss: 0.6764 (61 batches)
loss_per_epoch_list on epoch 8 is [0.6816722389127388, 0.6962545279596672, 0.6957455599894289, 0.6861884056544695, 0.6918257572611825, 0.6798966419501383, 0.6852702615691013, 0.6764012917143399]

Checkpoint saved at /cluster/tufts/capstone25skyblue/eelkus01/NEXRADTurbulencePrediction/model_training/trained_model_outputs/hybrid_42_model_checkpoint.pth for l2_alpha_idx: 0, fold 1, and epoch 8
BEGINNING EPOCH 9
[Epoch 9, Batch    50] avg loss: 0.6688
[Epoch 9, Batch   100] avg loss: 0.6709
[Epoch 9, Batch   150] avg loss: 0.6784
[Epoch 9, Batch   200] avg loss: 0.6734
[Epoch 9, Batch   250] avg loss: 0.6736
[Epoch 9, Batch   300] avg loss: 0.6715
Validation loss: 0.6696 (61 batches)
loss_per_epoch_list on epoch 9 is [0.6816722389127388, 0.6962545279596672, 0.6957455599894289, 0.6861884056544695, 0.6918257572611825, 0.6798966419501383, 0.6852702615691013, 0.6764012917143399, 0.6696305323819645]

Checkpoint saved at /cluster/tufts/capstone25skyblue/eelkus01/NEXRADTurbulencePrediction/model_training/trained_model_outputs/hybrid_42_model_checkpoint.pth for l2_alpha_idx: 0, fold 1, and epoch 9
BEGINNING EPOCH 10
[Epoch 10, Batch    50] avg loss: 0.6680
[Epoch 10, Batch   100] avg loss: 0.6668
[Epoch 10, Batch   150] avg loss: 0.6588
[Epoch 10, Batch   200] avg loss: 0.6612
[Epoch 10, Batch   250] avg loss: 0.6535
[Epoch 10, Batch   300] avg loss: 0.6671
Validation loss: 0.6730 (61 batches)
loss_per_epoch_list on epoch 10 is [0.6816722389127388, 0.6962545279596672, 0.6957455599894289, 0.6861884056544695, 0.6918257572611825, 0.6798966419501383, 0.6852702615691013, 0.6764012917143399, 0.6696305323819645, 0.6730460143480145]

Checkpoint saved at /cluster/tufts/capstone25skyblue/eelkus01/NEXRADTurbulencePrediction/model_training/trained_model_outputs/hybrid_42_model_checkpoint.pth for l2_alpha_idx: 0, fold 1, and epoch 10
BEGINNING EPOCH 11
[Epoch 11, Batch    50] avg loss: 0.6562
[Epoch 11, Batch   100] avg loss: 0.6648
[Epoch 11, Batch   150] avg loss: 0.6659
[Epoch 11, Batch   200] avg loss: 0.6591
[Epoch 11, Batch   250] avg loss: 0.6624
[Epoch 11, Batch   300] avg loss: 0.6555
Validation loss: 0.6496 (61 batches)
loss_per_epoch_list on epoch 11 is [0.6816722389127388, 0.6962545279596672, 0.6957455599894289, 0.6861884056544695, 0.6918257572611825, 0.6798966419501383, 0.6852702615691013, 0.6764012917143399, 0.6696305323819645, 0.6730460143480145, 0.6495875237418003]

Checkpoint saved at /cluster/tufts/capstone25skyblue/eelkus01/NEXRADTurbulencePrediction/model_training/trained_model_outputs/hybrid_42_model_checkpoint.pth for l2_alpha_idx: 0, fold 1, and epoch 11
BEGINNING EPOCH 12
[Epoch 12, Batch    50] avg loss: 0.6504
[Epoch 12, Batch   100] avg loss: 0.6423
[Epoch 12, Batch   150] avg loss: 0.6582
[Epoch 12, Batch   200] avg loss: 0.6527
[Epoch 12, Batch   250] avg loss: 0.6479
[Epoch 12, Batch   300] avg loss: 0.6519
Validation loss: 0.6718 (61 batches)
loss_per_epoch_list on epoch 12 is [0.6816722389127388, 0.6962545279596672, 0.6957455599894289, 0.6861884056544695, 0.6918257572611825, 0.6798966419501383, 0.6852702615691013, 0.6764012917143399, 0.6696305323819645, 0.6730460143480145, 0.6495875237418003, 0.6718241064274897]

Checkpoint saved at /cluster/tufts/capstone25skyblue/eelkus01/NEXRADTurbulencePrediction/model_training/trained_model_outputs/hybrid_42_model_checkpoint.pth for l2_alpha_idx: 0, fold 1, and epoch 12
BEGINNING EPOCH 13
[Epoch 13, Batch    50] avg loss: 0.6475
[Epoch 13, Batch   100] avg loss: 0.6516
[Epoch 13, Batch   150] avg loss: 0.6516
[Epoch 13, Batch   200] avg loss: 0.6499
[Epoch 13, Batch   250] avg loss: 0.6491
[Epoch 13, Batch   300] avg loss: 0.6535
Validation loss: 0.6528 (61 batches)
loss_per_epoch_list on epoch 13 is [0.6816722389127388, 0.6962545279596672, 0.6957455599894289, 0.6861884056544695, 0.6918257572611825, 0.6798966419501383, 0.6852702615691013, 0.6764012917143399, 0.6696305323819645, 0.6730460143480145, 0.6495875237418003, 0.6718241064274897, 0.6528131248521023]

Checkpoint saved at /cluster/tufts/capstone25skyblue/eelkus01/NEXRADTurbulencePrediction/model_training/trained_model_outputs/hybrid_42_model_checkpoint.pth for l2_alpha_idx: 0, fold 1, and epoch 13
BEGINNING EPOCH 14
[Epoch 14, Batch    50] avg loss: 0.6510
[Epoch 14, Batch   100] avg loss: 0.6480
[Epoch 14, Batch   150] avg loss: 0.6471
[Epoch 14, Batch   200] avg loss: 0.6556
[Epoch 14, Batch   250] avg loss: 0.6469
[Epoch 14, Batch   300] avg loss: 0.6465
Validation loss: 0.6384 (61 batches)
loss_per_epoch_list on epoch 14 is [0.6816722389127388, 0.6962545279596672, 0.6957455599894289, 0.6861884056544695, 0.6918257572611825, 0.6798966419501383, 0.6852702615691013, 0.6764012917143399, 0.6696305323819645, 0.6730460143480145, 0.6495875237418003, 0.6718241064274897, 0.6528131248521023, 0.6383549815318623]

Checkpoint saved at /cluster/tufts/capstone25skyblue/eelkus01/NEXRADTurbulencePrediction/model_training/trained_model_outputs/hybrid_42_model_checkpoint.pth for l2_alpha_idx: 0, fold 1, and epoch 14
BEGINNING EPOCH 15
[Epoch 15, Batch    50] avg loss: 0.6397
[Epoch 15, Batch   100] avg loss: 0.6480
[Epoch 15, Batch   150] avg loss: 0.6487
[Epoch 15, Batch   200] avg loss: 0.6480
[Epoch 15, Batch   250] avg loss: 0.6461
[Epoch 15, Batch   300] avg loss: 0.6407
Validation loss: 0.6610 (61 batches)
loss_per_epoch_list on epoch 15 is [0.6816722389127388, 0.6962545279596672, 0.6957455599894289, 0.6861884056544695, 0.6918257572611825, 0.6798966419501383, 0.6852702615691013, 0.6764012917143399, 0.6696305323819645, 0.6730460143480145, 0.6495875237418003, 0.6718241064274897, 0.6528131248521023, 0.6383549815318623, 0.6609956006534764]

Checkpoint saved at /cluster/tufts/capstone25skyblue/eelkus01/NEXRADTurbulencePrediction/model_training/trained_model_outputs/hybrid_42_model_checkpoint.pth for l2_alpha_idx: 0, fold 1, and epoch 15
BEGINNING EPOCH 16
[Epoch 16, Batch    50] avg loss: 0.6372
[Epoch 16, Batch   100] avg loss: 0.6340
[Epoch 16, Batch   150] avg loss: 0.6351
[Epoch 16, Batch   200] avg loss: 0.6358
[Epoch 16, Batch   250] avg loss: 0.6301
[Epoch 16, Batch   300] avg loss: 0.6316
Validation loss: 0.6322 (61 batches)
loss_per_epoch_list on epoch 16 is [0.6816722389127388, 0.6962545279596672, 0.6957455599894289, 0.6861884056544695, 0.6918257572611825, 0.6798966419501383, 0.6852702615691013, 0.6764012917143399, 0.6696305323819645, 0.6730460143480145, 0.6495875237418003, 0.6718241064274897, 0.6528131248521023, 0.6383549815318623, 0.6609956006534764, 0.632206455605929]

Checkpoint saved at /cluster/tufts/capstone25skyblue/eelkus01/NEXRADTurbulencePrediction/model_training/trained_model_outputs/hybrid_42_model_checkpoint.pth for l2_alpha_idx: 0, fold 1, and epoch 16
BEGINNING EPOCH 17
[Epoch 17, Batch    50] avg loss: 0.6342
[Epoch 17, Batch   100] avg loss: 0.6362
[Epoch 17, Batch   150] avg loss: 0.6337
[Epoch 17, Batch   200] avg loss: 0.6207
[Epoch 17, Batch   250] avg loss: 0.6268
[Epoch 17, Batch   300] avg loss: 0.6407
Validation loss: 0.6630 (61 batches)
loss_per_epoch_list on epoch 17 is [0.6816722389127388, 0.6962545279596672, 0.6957455599894289, 0.6861884056544695, 0.6918257572611825, 0.6798966419501383, 0.6852702615691013, 0.6764012917143399, 0.6696305323819645, 0.6730460143480145, 0.6495875237418003, 0.6718241064274897, 0.6528131248521023, 0.6383549815318623, 0.6609956006534764, 0.632206455605929, 0.6629734185875439]

Checkpoint saved at /cluster/tufts/capstone25skyblue/eelkus01/NEXRADTurbulencePrediction/model_training/trained_model_outputs/hybrid_42_model_checkpoint.pth for l2_alpha_idx: 0, fold 1, and epoch 17
BEGINNING EPOCH 18
[Epoch 18, Batch    50] avg loss: 0.6196
[Epoch 18, Batch   100] avg loss: 0.6313
[Epoch 18, Batch   150] avg loss: 0.6222
[Epoch 18, Batch   200] avg loss: 0.6193
[Epoch 18, Batch   250] avg loss: 0.6147
[Epoch 18, Batch   300] avg loss: 0.6294
Validation loss: 0.6352 (61 batches)
loss_per_epoch_list on epoch 18 is [0.6816722389127388, 0.6962545279596672, 0.6957455599894289, 0.6861884056544695, 0.6918257572611825, 0.6798966419501383, 0.6852702615691013, 0.6764012917143399, 0.6696305323819645, 0.6730460143480145, 0.6495875237418003, 0.6718241064274897, 0.6528131248521023, 0.6383549815318623, 0.6609956006534764, 0.632206455605929, 0.6629734185875439, 0.6351998956477056]

Checkpoint saved at /cluster/tufts/capstone25skyblue/eelkus01/NEXRADTurbulencePrediction/model_training/trained_model_outputs/hybrid_42_model_checkpoint.pth for l2_alpha_idx: 0, fold 1, and epoch 18
BEGINNING EPOCH 19
[Epoch 19, Batch    50] avg loss: 0.6266
[Epoch 19, Batch   100] avg loss: 0.6282
[Epoch 19, Batch   150] avg loss: 0.6175
[Epoch 19, Batch   200] avg loss: 0.6243
[Epoch 19, Batch   250] avg loss: 0.6237
[Epoch 19, Batch   300] avg loss: 0.6080
Validation loss: 0.6764 (61 batches)
loss_per_epoch_list on epoch 19 is [0.6816722389127388, 0.6962545279596672, 0.6957455599894289, 0.6861884056544695, 0.6918257572611825, 0.6798966419501383, 0.6852702615691013, 0.6764012917143399, 0.6696305323819645, 0.6730460143480145, 0.6495875237418003, 0.6718241064274897, 0.6528131248521023, 0.6383549815318623, 0.6609956006534764, 0.632206455605929, 0.6629734185875439, 0.6351998956477056, 0.6763795154993651]

Checkpoint saved at /cluster/tufts/capstone25skyblue/eelkus01/NEXRADTurbulencePrediction/model_training/trained_model_outputs/hybrid_42_model_checkpoint.pth for l2_alpha_idx: 0, fold 1, and epoch 19
BEGINNING EPOCH 20
[Epoch 20, Batch    50] avg loss: 0.6224
[Epoch 20, Batch   100] avg loss: 0.6070
[Epoch 20, Batch   150] avg loss: 0.6112
[Epoch 20, Batch   200] avg loss: 0.6117
[Epoch 20, Batch   250] avg loss: 0.6054
[Epoch 20, Batch   300] avg loss: 0.6136
Validation loss: 0.6176 (61 batches)
loss_per_epoch_list on epoch 20 is [0.6816722389127388, 0.6962545279596672, 0.6957455599894289, 0.6861884056544695, 0.6918257572611825, 0.6798966419501383, 0.6852702615691013, 0.6764012917143399, 0.6696305323819645, 0.6730460143480145, 0.6495875237418003, 0.6718241064274897, 0.6528131248521023, 0.6383549815318623, 0.6609956006534764, 0.632206455605929, 0.6629734185875439, 0.6351998956477056, 0.6763795154993651, 0.6175799066903161]

Checkpoint saved at /cluster/tufts/capstone25skyblue/eelkus01/NEXRADTurbulencePrediction/model_training/trained_model_outputs/hybrid_42_model_checkpoint.pth for l2_alpha_idx: 0, fold 1, and epoch 20
BEGINNING EPOCH 21
[Epoch 21, Batch    50] avg loss: 0.6145
[Epoch 21, Batch   100] avg loss: 0.6033
[Epoch 21, Batch   150] avg loss: 0.6028
[Epoch 21, Batch   200] avg loss: 0.6072
[Epoch 21, Batch   250] avg loss: 0.6005
[Epoch 21, Batch   300] avg loss: 0.5916
Validation loss: 0.7385 (61 batches)
loss_per_epoch_list on epoch 21 is [0.6816722389127388, 0.6962545279596672, 0.6957455599894289, 0.6861884056544695, 0.6918257572611825, 0.6798966419501383, 0.6852702615691013, 0.6764012917143399, 0.6696305323819645, 0.6730460143480145, 0.6495875237418003, 0.6718241064274897, 0.6528131248521023, 0.6383549815318623, 0.6609956006534764, 0.632206455605929, 0.6629734185875439, 0.6351998956477056, 0.6763795154993651, 0.6175799066903161, 0.7385301707220859]

Checkpoint saved at /cluster/tufts/capstone25skyblue/eelkus01/NEXRADTurbulencePrediction/model_training/trained_model_outputs/hybrid_42_model_checkpoint.pth for l2_alpha_idx: 0, fold 1, and epoch 21
BEGINNING EPOCH 22
[Epoch 22, Batch    50] avg loss: 0.5993
[Epoch 22, Batch   100] avg loss: 0.6015
[Epoch 22, Batch   150] avg loss: 0.5866
[Epoch 22, Batch   200] avg loss: 0.5875
[Epoch 22, Batch   250] avg loss: 0.5838
[Epoch 22, Batch   300] avg loss: 0.5882
Validation loss: 0.6812 (61 batches)
loss_per_epoch_list on epoch 22 is [0.6816722389127388, 0.6962545279596672, 0.6957455599894289, 0.6861884056544695, 0.6918257572611825, 0.6798966419501383, 0.6852702615691013, 0.6764012917143399, 0.6696305323819645, 0.6730460143480145, 0.6495875237418003, 0.6718241064274897, 0.6528131248521023, 0.6383549815318623, 0.6609956006534764, 0.632206455605929, 0.6629734185875439, 0.6351998956477056, 0.6763795154993651, 0.6175799066903161, 0.7385301707220859, 0.6811534078394781]

Checkpoint saved at /cluster/tufts/capstone25skyblue/eelkus01/NEXRADTurbulencePrediction/model_training/trained_model_outputs/hybrid_42_model_checkpoint.pth for l2_alpha_idx: 0, fold 1, and epoch 22
BEGINNING EPOCH 23
[Epoch 23, Batch    50] avg loss: 0.5856
[Epoch 23, Batch   100] avg loss: 0.5798
[Epoch 23, Batch   150] avg loss: 0.5921
[Epoch 23, Batch   200] avg loss: 0.5705
[Epoch 23, Batch   250] avg loss: 0.5857
[Epoch 23, Batch   300] avg loss: 0.5764
Validation loss: 0.8397 (61 batches)
loss_per_epoch_list on epoch 23 is [0.6816722389127388, 0.6962545279596672, 0.6957455599894289, 0.6861884056544695, 0.6918257572611825, 0.6798966419501383, 0.6852702615691013, 0.6764012917143399, 0.6696305323819645, 0.6730460143480145, 0.6495875237418003, 0.6718241064274897, 0.6528131248521023, 0.6383549815318623, 0.6609956006534764, 0.632206455605929, 0.6629734185875439, 0.6351998956477056, 0.6763795154993651, 0.6175799066903161, 0.7385301707220859, 0.6811534078394781, 0.8397247077988796]

Checkpoint saved at /cluster/tufts/capstone25skyblue/eelkus01/NEXRADTurbulencePrediction/model_training/trained_model_outputs/hybrid_42_model_checkpoint.pth for l2_alpha_idx: 0, fold 1, and epoch 23
BEGINNING EPOCH 24
[Epoch 24, Batch    50] avg loss: 0.5867
[Epoch 24, Batch   100] avg loss: 0.5544
[Epoch 24, Batch   150] avg loss: 0.5843
[Epoch 24, Batch   200] avg loss: 0.5622
[Epoch 24, Batch   250] avg loss: 0.5523
[Epoch 24, Batch   300] avg loss: 0.5615
Validation loss: 0.7240 (61 batches)
loss_per_epoch_list on epoch 24 is [0.6816722389127388, 0.6962545279596672, 0.6957455599894289, 0.6861884056544695, 0.6918257572611825, 0.6798966419501383, 0.6852702615691013, 0.6764012917143399, 0.6696305323819645, 0.6730460143480145, 0.6495875237418003, 0.6718241064274897, 0.6528131248521023, 0.6383549815318623, 0.6609956006534764, 0.632206455605929, 0.6629734185875439, 0.6351998956477056, 0.6763795154993651, 0.6175799066903161, 0.7385301707220859, 0.6811534078394781, 0.8397247077988796, 0.7239700291977554]

Checkpoint saved at /cluster/tufts/capstone25skyblue/eelkus01/NEXRADTurbulencePrediction/model_training/trained_model_outputs/hybrid_42_model_checkpoint.pth for l2_alpha_idx: 0, fold 1, and epoch 24
BEGINNING EPOCH 25
[Epoch 25, Batch    50] avg loss: 0.5679
[Epoch 25, Batch   100] avg loss: 0.5506
[Epoch 25, Batch   150] avg loss: 0.5681
[Epoch 25, Batch   200] avg loss: 0.5491
[Epoch 25, Batch   250] avg loss: 0.5443
[Epoch 25, Batch   300] avg loss: 0.5366
Validation loss: 0.6961 (61 batches)
loss_per_epoch_list on epoch 25 is [0.6816722389127388, 0.6962545279596672, 0.6957455599894289, 0.6861884056544695, 0.6918257572611825, 0.6798966419501383, 0.6852702615691013, 0.6764012917143399, 0.6696305323819645, 0.6730460143480145, 0.6495875237418003, 0.6718241064274897, 0.6528131248521023, 0.6383549815318623, 0.6609956006534764, 0.632206455605929, 0.6629734185875439, 0.6351998956477056, 0.6763795154993651, 0.6175799066903161, 0.7385301707220859, 0.6811534078394781, 0.8397247077988796, 0.7239700291977554, 0.6961236493509324]

Checkpoint saved at /cluster/tufts/capstone25skyblue/eelkus01/NEXRADTurbulencePrediction/model_training/trained_model_outputs/hybrid_42_model_checkpoint.pth for l2_alpha_idx: 0, fold 1, and epoch 25
BEGINNING EPOCH 26
[Epoch 26, Batch    50] avg loss: 0.5368
[Epoch 26, Batch   100] avg loss: 0.5605
[Epoch 26, Batch   150] avg loss: 0.5496
[Epoch 26, Batch   200] avg loss: 0.5448
[Epoch 26, Batch   250] avg loss: 0.5350
[Epoch 26, Batch   300] avg loss: 0.5348
Validation loss: 0.8851 (61 batches)
loss_per_epoch_list on epoch 26 is [0.6816722389127388, 0.6962545279596672, 0.6957455599894289, 0.6861884056544695, 0.6918257572611825, 0.6798966419501383, 0.6852702615691013, 0.6764012917143399, 0.6696305323819645, 0.6730460143480145, 0.6495875237418003, 0.6718241064274897, 0.6528131248521023, 0.6383549815318623, 0.6609956006534764, 0.632206455605929, 0.6629734185875439, 0.6351998956477056, 0.6763795154993651, 0.6175799066903161, 0.7385301707220859, 0.6811534078394781, 0.8397247077988796, 0.7239700291977554, 0.6961236493509324, 0.8850875369838027]

Checkpoint saved at /cluster/tufts/capstone25skyblue/eelkus01/NEXRADTurbulencePrediction/model_training/trained_model_outputs/hybrid_42_model_checkpoint.pth for l2_alpha_idx: 0, fold 1, and epoch 26
BEGINNING EPOCH 27
[Epoch 27, Batch    50] avg loss: 0.5628
[Epoch 27, Batch   100] avg loss: 0.5354
[Epoch 27, Batch   150] avg loss: 0.5401
[Epoch 27, Batch   200] avg loss: 0.5322
[Epoch 27, Batch   250] avg loss: 0.5283
[Epoch 27, Batch   300] avg loss: 0.5247
Validation loss: 0.6955 (61 batches)
loss_per_epoch_list on epoch 27 is [0.6816722389127388, 0.6962545279596672, 0.6957455599894289, 0.6861884056544695, 0.6918257572611825, 0.6798966419501383, 0.6852702615691013, 0.6764012917143399, 0.6696305323819645, 0.6730460143480145, 0.6495875237418003, 0.6718241064274897, 0.6528131248521023, 0.6383549815318623, 0.6609956006534764, 0.632206455605929, 0.6629734185875439, 0.6351998956477056, 0.6763795154993651, 0.6175799066903161, 0.7385301707220859, 0.6811534078394781, 0.8397247077988796, 0.7239700291977554, 0.6961236493509324, 0.8850875369838027, 0.6954776258742223]

Checkpoint saved at /cluster/tufts/capstone25skyblue/eelkus01/NEXRADTurbulencePrediction/model_training/trained_model_outputs/hybrid_42_model_checkpoint.pth for l2_alpha_idx: 0, fold 1, and epoch 27
BEGINNING EPOCH 28
[Epoch 28, Batch    50] avg loss: 0.5276
[Epoch 28, Batch   100] avg loss: 0.5186
[Epoch 28, Batch   150] avg loss: 0.5149
[Epoch 28, Batch   200] avg loss: 0.5243
[Epoch 28, Batch   250] avg loss: 0.5254
[Epoch 28, Batch   300] avg loss: 0.5037
Validation loss: 0.7297 (61 batches)
loss_per_epoch_list on epoch 28 is [0.6816722389127388, 0.6962545279596672, 0.6957455599894289, 0.6861884056544695, 0.6918257572611825, 0.6798966419501383, 0.6852702615691013, 0.6764012917143399, 0.6696305323819645, 0.6730460143480145, 0.6495875237418003, 0.6718241064274897, 0.6528131248521023, 0.6383549815318623, 0.6609956006534764, 0.632206455605929, 0.6629734185875439, 0.6351998956477056, 0.6763795154993651, 0.6175799066903161, 0.7385301707220859, 0.6811534078394781, 0.8397247077988796, 0.7239700291977554, 0.6961236493509324, 0.8850875369838027, 0.6954776258742223, 0.7296775696707554]

Checkpoint saved at /cluster/tufts/capstone25skyblue/eelkus01/NEXRADTurbulencePrediction/model_training/trained_model_outputs/hybrid_42_model_checkpoint.pth for l2_alpha_idx: 0, fold 1, and epoch 28
BEGINNING EPOCH 29
[Epoch 29, Batch    50] avg loss: 0.5119
[Epoch 29, Batch   100] avg loss: 0.5075
[Epoch 29, Batch   150] avg loss: 0.5197
[Epoch 29, Batch   200] avg loss: 0.5048
[Epoch 29, Batch   250] avg loss: 0.4942
[Epoch 29, Batch   300] avg loss: 0.5041
Validation loss: 0.7850 (61 batches)
loss_per_epoch_list on epoch 29 is [0.6816722389127388, 0.6962545279596672, 0.6957455599894289, 0.6861884056544695, 0.6918257572611825, 0.6798966419501383, 0.6852702615691013, 0.6764012917143399, 0.6696305323819645, 0.6730460143480145, 0.6495875237418003, 0.6718241064274897, 0.6528131248521023, 0.6383549815318623, 0.6609956006534764, 0.632206455605929, 0.6629734185875439, 0.6351998956477056, 0.6763795154993651, 0.6175799066903161, 0.7385301707220859, 0.6811534078394781, 0.8397247077988796, 0.7239700291977554, 0.6961236493509324, 0.8850875369838027, 0.6954776258742223, 0.7296775696707554, 0.7850401000898393]

Checkpoint saved at /cluster/tufts/capstone25skyblue/eelkus01/NEXRADTurbulencePrediction/model_training/trained_model_outputs/hybrid_42_model_checkpoint.pth for l2_alpha_idx: 0, fold 1, and epoch 29
Fold 1 had loss: 0.7850401000898393 on its last epoch

Fold 2 with l2_alpha = 0.1
Train subset size: 19253, Validation subset size: 3851
BEGINNING EPOCH 1
[Epoch 1, Batch    50] avg loss: 3.3926
[Epoch 1, Batch   100] avg loss: 0.9529
[Epoch 1, Batch   150] avg loss: 0.7841
[Epoch 1, Batch   200] avg loss: 0.7697
[Epoch 1, Batch   250] avg loss: 0.7248
[Epoch 1, Batch   300] avg loss: 0.7137
Validation loss: 0.7133 (61 batches)
loss_per_epoch_list on epoch 1 is [0.7132768953432802]

Checkpoint saved at /cluster/tufts/capstone25skyblue/eelkus01/NEXRADTurbulencePrediction/model_training/trained_model_outputs/hybrid_42_model_checkpoint.pth for l2_alpha_idx: 0, fold 2, and epoch 1
BEGINNING EPOCH 2
[Epoch 2, Batch    50] avg loss: 0.6984
[Epoch 2, Batch   100] avg loss: 0.7001
[Epoch 2, Batch   150] avg loss: 0.7047
[Epoch 2, Batch   200] avg loss: 0.7010
[Epoch 2, Batch   250] avg loss: 0.6978
[Epoch 2, Batch   300] avg loss: 0.6997
Validation loss: 0.6913 (61 batches)
loss_per_epoch_list on epoch 2 is [0.7132768953432802, 0.6912698579616234]

Checkpoint saved at /cluster/tufts/capstone25skyblue/eelkus01/NEXRADTurbulencePrediction/model_training/trained_model_outputs/hybrid_42_model_checkpoint.pth for l2_alpha_idx: 0, fold 2, and epoch 2
BEGINNING EPOCH 3
[Epoch 3, Batch    50] avg loss: 0.7145
[Epoch 3, Batch   100] avg loss: 0.6939
[Epoch 3, Batch   150] avg loss: 0.6944
[Epoch 3, Batch   200] avg loss: 0.6944
[Epoch 3, Batch   250] avg loss: 0.6948
[Epoch 3, Batch   300] avg loss: 0.6937
Validation loss: 0.6919 (61 batches)
loss_per_epoch_list on epoch 3 is [0.7132768953432802, 0.6912698579616234, 0.6918766889415804]

Checkpoint saved at /cluster/tufts/capstone25skyblue/eelkus01/NEXRADTurbulencePrediction/model_training/trained_model_outputs/hybrid_42_model_checkpoint.pth for l2_alpha_idx: 0, fold 2, and epoch 3
BEGINNING EPOCH 4
[Epoch 4, Batch    50] avg loss: 0.6937
[Epoch 4, Batch   100] avg loss: 0.6940
[Epoch 4, Batch   150] avg loss: 0.6926
[Epoch 4, Batch   200] avg loss: 0.6942
[Epoch 4, Batch   250] avg loss: 0.6932
[Epoch 4, Batch   300] avg loss: 0.6946
Validation loss: 0.6893 (61 batches)
loss_per_epoch_list on epoch 4 is [0.7132768953432802, 0.6912698579616234, 0.6918766889415804, 0.6892515587025001]

Checkpoint saved at /cluster/tufts/capstone25skyblue/eelkus01/NEXRADTurbulencePrediction/model_training/trained_model_outputs/hybrid_42_model_checkpoint.pth for l2_alpha_idx: 0, fold 2, and epoch 4
BEGINNING EPOCH 5
[Epoch 5, Batch    50] avg loss: 0.6940
[Epoch 5, Batch   100] avg loss: 0.6933
[Epoch 5, Batch   150] avg loss: 0.6959
[Epoch 5, Batch   200] avg loss: 0.6924
[Epoch 5, Batch   250] avg loss: 0.6925
[Epoch 5, Batch   300] avg loss: 0.6925
Validation loss: 0.6952 (61 batches)
loss_per_epoch_list on epoch 5 is [0.7132768953432802, 0.6912698579616234, 0.6918766889415804, 0.6892515587025001, 0.6952155799162193]

Checkpoint saved at /cluster/tufts/capstone25skyblue/eelkus01/NEXRADTurbulencePrediction/model_training/trained_model_outputs/hybrid_42_model_checkpoint.pth for l2_alpha_idx: 0, fold 2, and epoch 5
BEGINNING EPOCH 6
[Epoch 6, Batch    50] avg loss: 0.6915
[Epoch 6, Batch   100] avg loss: 0.6923
[Epoch 6, Batch   150] avg loss: 0.6923
[Epoch 6, Batch   200] avg loss: 0.6913
[Epoch 6, Batch   250] avg loss: 0.6874
[Epoch 6, Batch   300] avg loss: 0.6908
Validation loss: 0.6961 (61 batches)
loss_per_epoch_list on epoch 6 is [0.7132768953432802, 0.6912698579616234, 0.6918766889415804, 0.6892515587025001, 0.6952155799162193, 0.696140173028727]

Checkpoint saved at /cluster/tufts/capstone25skyblue/eelkus01/NEXRADTurbulencePrediction/model_training/trained_model_outputs/hybrid_42_model_checkpoint.pth for l2_alpha_idx: 0, fold 2, and epoch 6
BEGINNING EPOCH 7
[Epoch 7, Batch    50] avg loss: 0.6870
[Epoch 7, Batch   100] avg loss: 0.6870
[Epoch 7, Batch   150] avg loss: 0.6858
[Epoch 7, Batch   200] avg loss: 0.6848
[Epoch 7, Batch   250] avg loss: 0.6848
[Epoch 7, Batch   300] avg loss: 0.6873
Validation loss: 0.6752 (61 batches)
loss_per_epoch_list on epoch 7 is [0.7132768953432802, 0.6912698579616234, 0.6918766889415804, 0.6892515587025001, 0.6952155799162193, 0.696140173028727, 0.675242118171004]

Checkpoint saved at /cluster/tufts/capstone25skyblue/eelkus01/NEXRADTurbulencePrediction/model_training/trained_model_outputs/hybrid_42_model_checkpoint.pth for l2_alpha_idx: 0, fold 2, and epoch 7
BEGINNING EPOCH 8
[Epoch 8, Batch    50] avg loss: 0.6785
[Epoch 8, Batch   100] avg loss: 0.6848
[Epoch 8, Batch   150] avg loss: 0.6881
[Epoch 8, Batch   200] avg loss: 0.6792
[Epoch 8, Batch   250] avg loss: 0.6828
[Epoch 8, Batch   300] avg loss: 0.6857
Validation loss: 0.6677 (61 batches)
loss_per_epoch_list on epoch 8 is [0.7132768953432802, 0.6912698579616234, 0.6918766889415804, 0.6892515587025001, 0.6952155799162193, 0.696140173028727, 0.675242118171004, 0.6677368429840588]

Checkpoint saved at /cluster/tufts/capstone25skyblue/eelkus01/NEXRADTurbulencePrediction/model_training/trained_model_outputs/hybrid_42_model_checkpoint.pth for l2_alpha_idx: 0, fold 2, and epoch 8
BEGINNING EPOCH 9
[Epoch 9, Batch    50] avg loss: 0.6720
[Epoch 9, Batch   100] avg loss: 0.6732
[Epoch 9, Batch   150] avg loss: 0.6715
[Epoch 9, Batch   200] avg loss: 0.6717
[Epoch 9, Batch   250] avg loss: 0.6635
[Epoch 9, Batch   300] avg loss: 0.6615
Validation loss: 0.6675 (61 batches)
loss_per_epoch_list on epoch 9 is [0.7132768953432802, 0.6912698579616234, 0.6918766889415804, 0.6892515587025001, 0.6952155799162193, 0.696140173028727, 0.675242118171004, 0.6677368429840588, 0.6675481806035901]

Checkpoint saved at /cluster/tufts/capstone25skyblue/eelkus01/NEXRADTurbulencePrediction/model_training/trained_model_outputs/hybrid_42_model_checkpoint.pth for l2_alpha_idx: 0, fold 2, and epoch 9
BEGINNING EPOCH 10
[Epoch 10, Batch    50] avg loss: 0.6607
[Epoch 10, Batch   100] avg loss: 0.6644
[Epoch 10, Batch   150] avg loss: 0.6608
[Epoch 10, Batch   200] avg loss: 0.6480
[Epoch 10, Batch   250] avg loss: 0.6661
[Epoch 10, Batch   300] avg loss: 0.6656
Validation loss: 0.6458 (61 batches)
loss_per_epoch_list on epoch 10 is [0.7132768953432802, 0.6912698579616234, 0.6918766889415804, 0.6892515587025001, 0.6952155799162193, 0.696140173028727, 0.675242118171004, 0.6677368429840588, 0.6675481806035901, 0.6458257749432423]

Checkpoint saved at /cluster/tufts/capstone25skyblue/eelkus01/NEXRADTurbulencePrediction/model_training/trained_model_outputs/hybrid_42_model_checkpoint.pth for l2_alpha_idx: 0, fold 2, and epoch 10
BEGINNING EPOCH 11
[Epoch 11, Batch    50] avg loss: 0.6591
[Epoch 11, Batch   100] avg loss: 0.6486
[Epoch 11, Batch   150] avg loss: 0.6520
[Epoch 11, Batch   200] avg loss: 0.6469
[Epoch 11, Batch   250] avg loss: 0.6482
[Epoch 11, Batch   300] avg loss: 0.6500
Validation loss: 0.6365 (61 batches)
loss_per_epoch_list on epoch 11 is [0.7132768953432802, 0.6912698579616234, 0.6918766889415804, 0.6892515587025001, 0.6952155799162193, 0.696140173028727, 0.675242118171004, 0.6677368429840588, 0.6675481806035901, 0.6458257749432423, 0.636467586775295]

Checkpoint saved at /cluster/tufts/capstone25skyblue/eelkus01/NEXRADTurbulencePrediction/model_training/trained_model_outputs/hybrid_42_model_checkpoint.pth for l2_alpha_idx: 0, fold 2, and epoch 11
BEGINNING EPOCH 12
[Epoch 12, Batch    50] avg loss: 0.6475
[Epoch 12, Batch   100] avg loss: 0.6579
[Epoch 12, Batch   150] avg loss: 0.6550
[Epoch 12, Batch   200] avg loss: 0.6571
[Epoch 12, Batch   250] avg loss: 0.6447
[Epoch 12, Batch   300] avg loss: 0.6494
Validation loss: 0.6692 (61 batches)
loss_per_epoch_list on epoch 12 is [0.7132768953432802, 0.6912698579616234, 0.6918766889415804, 0.6892515587025001, 0.6952155799162193, 0.696140173028727, 0.675242118171004, 0.6677368429840588, 0.6675481806035901, 0.6458257749432423, 0.636467586775295, 0.6692359579391167]

Checkpoint saved at /cluster/tufts/capstone25skyblue/eelkus01/NEXRADTurbulencePrediction/model_training/trained_model_outputs/hybrid_42_model_checkpoint.pth for l2_alpha_idx: 0, fold 2, and epoch 12
BEGINNING EPOCH 13
[Epoch 13, Batch    50] avg loss: 0.6523
[Epoch 13, Batch   100] avg loss: 0.6515
[Epoch 13, Batch   150] avg loss: 0.6367
[Epoch 13, Batch   200] avg loss: 0.6522
[Epoch 13, Batch   250] avg loss: 0.6512
[Epoch 13, Batch   300] avg loss: 0.6519
Validation loss: 0.6567 (61 batches)
loss_per_epoch_list on epoch 13 is [0.7132768953432802, 0.6912698579616234, 0.6918766889415804, 0.6892515587025001, 0.6952155799162193, 0.696140173028727, 0.675242118171004, 0.6677368429840588, 0.6675481806035901, 0.6458257749432423, 0.636467586775295, 0.6692359579391167, 0.6567333487213635]

Checkpoint saved at /cluster/tufts/capstone25skyblue/eelkus01/NEXRADTurbulencePrediction/model_training/trained_model_outputs/hybrid_42_model_checkpoint.pth for l2_alpha_idx: 0, fold 2, and epoch 13
BEGINNING EPOCH 14
[Epoch 14, Batch    50] avg loss: 0.6403
[Epoch 14, Batch   100] avg loss: 0.6486
[Epoch 14, Batch   150] avg loss: 0.6424
[Epoch 14, Batch   200] avg loss: 0.6478
[Epoch 14, Batch   250] avg loss: 0.6454
[Epoch 14, Batch   300] avg loss: 0.6407
Validation loss: 0.6370 (61 batches)
loss_per_epoch_list on epoch 14 is [0.7132768953432802, 0.6912698579616234, 0.6918766889415804, 0.6892515587025001, 0.6952155799162193, 0.696140173028727, 0.675242118171004, 0.6677368429840588, 0.6675481806035901, 0.6458257749432423, 0.636467586775295, 0.6692359579391167, 0.6567333487213635, 0.6370319157350258]

Checkpoint saved at /cluster/tufts/capstone25skyblue/eelkus01/NEXRADTurbulencePrediction/model_training/trained_model_outputs/hybrid_42_model_checkpoint.pth for l2_alpha_idx: 0, fold 2, and epoch 14
BEGINNING EPOCH 15
[Epoch 15, Batch    50] avg loss: 0.6414
[Epoch 15, Batch   100] avg loss: 0.6370
[Epoch 15, Batch   150] avg loss: 0.6295
[Epoch 15, Batch   200] avg loss: 0.6361
[Epoch 15, Batch   250] avg loss: 0.6388
[Epoch 15, Batch   300] avg loss: 0.6331
Validation loss: 0.6515 (61 batches)
loss_per_epoch_list on epoch 15 is [0.7132768953432802, 0.6912698579616234, 0.6918766889415804, 0.6892515587025001, 0.6952155799162193, 0.696140173028727, 0.675242118171004, 0.6677368429840588, 0.6675481806035901, 0.6458257749432423, 0.636467586775295, 0.6692359579391167, 0.6567333487213635, 0.6370319157350258, 0.6514919849692798]

Checkpoint saved at /cluster/tufts/capstone25skyblue/eelkus01/NEXRADTurbulencePrediction/model_training/trained_model_outputs/hybrid_42_model_checkpoint.pth for l2_alpha_idx: 0, fold 2, and epoch 15
BEGINNING EPOCH 16
[Epoch 16, Batch    50] avg loss: 0.6514
[Epoch 16, Batch   100] avg loss: 0.6351
[Epoch 16, Batch   150] avg loss: 0.6420
[Epoch 16, Batch   200] avg loss: 0.6365
[Epoch 16, Batch   250] avg loss: 0.6398
[Epoch 16, Batch   300] avg loss: 0.6427
Validation loss: 0.6497 (61 batches)
loss_per_epoch_list on epoch 16 is [0.7132768953432802, 0.6912698579616234, 0.6918766889415804, 0.6892515587025001, 0.6952155799162193, 0.696140173028727, 0.675242118171004, 0.6677368429840588, 0.6675481806035901, 0.6458257749432423, 0.636467586775295, 0.6692359579391167, 0.6567333487213635, 0.6370319157350258, 0.6514919849692798, 0.6497292430674444]

Checkpoint saved at /cluster/tufts/capstone25skyblue/eelkus01/NEXRADTurbulencePrediction/model_training/trained_model_outputs/hybrid_42_model_checkpoint.pth for l2_alpha_idx: 0, fold 2, and epoch 16
BEGINNING EPOCH 17
[Epoch 17, Batch    50] avg loss: 0.6391
[Epoch 17, Batch   100] avg loss: 0.6421
[Epoch 17, Batch   150] avg loss: 0.6327
[Epoch 17, Batch   200] avg loss: 0.6396
[Epoch 17, Batch   250] avg loss: 0.6400
[Epoch 17, Batch   300] avg loss: 0.6418
Validation loss: 0.6717 (61 batches)
loss_per_epoch_list on epoch 17 is [0.7132768953432802, 0.6912698579616234, 0.6918766889415804, 0.6892515587025001, 0.6952155799162193, 0.696140173028727, 0.675242118171004, 0.6677368429840588, 0.6675481806035901, 0.6458257749432423, 0.636467586775295, 0.6692359579391167, 0.6567333487213635, 0.6370319157350258, 0.6514919849692798, 0.6497292430674444, 0.6717134968179171]

Checkpoint saved at /cluster/tufts/capstone25skyblue/eelkus01/NEXRADTurbulencePrediction/model_training/trained_model_outputs/hybrid_42_model_checkpoint.pth for l2_alpha_idx: 0, fold 2, and epoch 17
BEGINNING EPOCH 18
[Epoch 18, Batch    50] avg loss: 0.6300
[Epoch 18, Batch   100] avg loss: 0.6273
[Epoch 18, Batch   150] avg loss: 0.6357
[Epoch 18, Batch   200] avg loss: 0.6247
[Epoch 18, Batch   250] avg loss: 0.6241
[Epoch 18, Batch   300] avg loss: 0.6323
Validation loss: 0.7379 (61 batches)
loss_per_epoch_list on epoch 18 is [0.7132768953432802, 0.6912698579616234, 0.6918766889415804, 0.6892515587025001, 0.6952155799162193, 0.696140173028727, 0.675242118171004, 0.6677368429840588, 0.6675481806035901, 0.6458257749432423, 0.636467586775295, 0.6692359579391167, 0.6567333487213635, 0.6370319157350258, 0.6514919849692798, 0.6497292430674444, 0.6717134968179171, 0.7378907320929355]

Checkpoint saved at /cluster/tufts/capstone25skyblue/eelkus01/NEXRADTurbulencePrediction/model_training/trained_model_outputs/hybrid_42_model_checkpoint.pth for l2_alpha_idx: 0, fold 2, and epoch 18
BEGINNING EPOCH 19
[Epoch 19, Batch    50] avg loss: 0.6170
[Epoch 19, Batch   100] avg loss: 0.6307
[Epoch 19, Batch   150] avg loss: 0.6232
[Epoch 19, Batch   200] avg loss: 0.6348
[Epoch 19, Batch   250] avg loss: 0.6210
[Epoch 19, Batch   300] avg loss: 0.6175
Validation loss: 0.6365 (61 batches)
loss_per_epoch_list on epoch 19 is [0.7132768953432802, 0.6912698579616234, 0.6918766889415804, 0.6892515587025001, 0.6952155799162193, 0.696140173028727, 0.675242118171004, 0.6677368429840588, 0.6675481806035901, 0.6458257749432423, 0.636467586775295, 0.6692359579391167, 0.6567333487213635, 0.6370319157350258, 0.6514919849692798, 0.6497292430674444, 0.6717134968179171, 0.7378907320929355, 0.6365028912903833]

Checkpoint saved at /cluster/tufts/capstone25skyblue/eelkus01/NEXRADTurbulencePrediction/model_training/trained_model_outputs/hybrid_42_model_checkpoint.pth for l2_alpha_idx: 0, fold 2, and epoch 19
BEGINNING EPOCH 20
[Epoch 20, Batch    50] avg loss: 0.6154
[Epoch 20, Batch   100] avg loss: 0.6232
[Epoch 20, Batch   150] avg loss: 0.6165
[Epoch 20, Batch   200] avg loss: 0.6246
[Epoch 20, Batch   250] avg loss: 0.6242
[Epoch 20, Batch   300] avg loss: 0.6292
Validation loss: 0.6897 (61 batches)
loss_per_epoch_list on epoch 20 is [0.7132768953432802, 0.6912698579616234, 0.6918766889415804, 0.6892515587025001, 0.6952155799162193, 0.696140173028727, 0.675242118171004, 0.6677368429840588, 0.6675481806035901, 0.6458257749432423, 0.636467586775295, 0.6692359579391167, 0.6567333487213635, 0.6370319157350258, 0.6514919849692798, 0.6497292430674444, 0.6717134968179171, 0.7378907320929355, 0.6365028912903833, 0.6897045266432841]

Checkpoint saved at /cluster/tufts/capstone25skyblue/eelkus01/NEXRADTurbulencePrediction/model_training/trained_model_outputs/hybrid_42_model_checkpoint.pth for l2_alpha_idx: 0, fold 2, and epoch 20
BEGINNING EPOCH 21
[Epoch 21, Batch    50] avg loss: 0.6095
[Epoch 21, Batch   100] avg loss: 0.6161
[Epoch 21, Batch   150] avg loss: 0.6237
[Epoch 21, Batch   200] avg loss: 0.6181
[Epoch 21, Batch   250] avg loss: 0.6115
[Epoch 21, Batch   300] avg loss: 0.6061
Validation loss: 0.6880 (61 batches)
loss_per_epoch_list on epoch 21 is [0.7132768953432802, 0.6912698579616234, 0.6918766889415804, 0.6892515587025001, 0.6952155799162193, 0.696140173028727, 0.675242118171004, 0.6677368429840588, 0.6675481806035901, 0.6458257749432423, 0.636467586775295, 0.6692359579391167, 0.6567333487213635, 0.6370319157350258, 0.6514919849692798, 0.6497292430674444, 0.6717134968179171, 0.7378907320929355, 0.6365028912903833, 0.6897045266432841, 0.6880195761313204]

Checkpoint saved at /cluster/tufts/capstone25skyblue/eelkus01/NEXRADTurbulencePrediction/model_training/trained_model_outputs/hybrid_42_model_checkpoint.pth for l2_alpha_idx: 0, fold 2, and epoch 21
BEGINNING EPOCH 22
[Epoch 22, Batch    50] avg loss: 0.6142
[Epoch 22, Batch   100] avg loss: 0.6079
[Epoch 22, Batch   150] avg loss: 0.6095
[Epoch 22, Batch   200] avg loss: 0.6038
[Epoch 22, Batch   250] avg loss: 0.5978
[Epoch 22, Batch   300] avg loss: 0.5909
Validation loss: 0.7271 (61 batches)
loss_per_epoch_list on epoch 22 is [0.7132768953432802, 0.6912698579616234, 0.6918766889415804, 0.6892515587025001, 0.6952155799162193, 0.696140173028727, 0.675242118171004, 0.6677368429840588, 0.6675481806035901, 0.6458257749432423, 0.636467586775295, 0.6692359579391167, 0.6567333487213635, 0.6370319157350258, 0.6514919849692798, 0.6497292430674444, 0.6717134968179171, 0.7378907320929355, 0.6365028912903833, 0.6897045266432841, 0.6880195761313204, 0.7271474531439485]

Checkpoint saved at /cluster/tufts/capstone25skyblue/eelkus01/NEXRADTurbulencePrediction/model_training/trained_model_outputs/hybrid_42_model_checkpoint.pth for l2_alpha_idx: 0, fold 2, and epoch 22
BEGINNING EPOCH 23
[Epoch 23, Batch    50] avg loss: 0.5959
[Epoch 23, Batch   100] avg loss: 0.5962
[Epoch 23, Batch   150] avg loss: 0.5946
[Epoch 23, Batch   200] avg loss: 0.6151
[Epoch 23, Batch   250] avg loss: 0.5780
[Epoch 23, Batch   300] avg loss: 0.6003
Validation loss: 0.6628 (61 batches)
loss_per_epoch_list on epoch 23 is [0.7132768953432802, 0.6912698579616234, 0.6918766889415804, 0.6892515587025001, 0.6952155799162193, 0.696140173028727, 0.675242118171004, 0.6677368429840588, 0.6675481806035901, 0.6458257749432423, 0.636467586775295, 0.6692359579391167, 0.6567333487213635, 0.6370319157350258, 0.6514919849692798, 0.6497292430674444, 0.6717134968179171, 0.7378907320929355, 0.6365028912903833, 0.6897045266432841, 0.6880195761313204, 0.7271474531439485, 0.6627952368533025]

Checkpoint saved at /cluster/tufts/capstone25skyblue/eelkus01/NEXRADTurbulencePrediction/model_training/trained_model_outputs/hybrid_42_model_checkpoint.pth for l2_alpha_idx: 0, fold 2, and epoch 23
BEGINNING EPOCH 24
[Epoch 24, Batch    50] avg loss: 0.5931
[Epoch 24, Batch   100] avg loss: 0.6042
[Epoch 24, Batch   150] avg loss: 0.6071
[Epoch 24, Batch   200] avg loss: 0.5939
[Epoch 24, Batch   250] avg loss: 0.5967
[Epoch 24, Batch   300] avg loss: 0.5818
Validation loss: 0.7157 (61 batches)
loss_per_epoch_list on epoch 24 is [0.7132768953432802, 0.6912698579616234, 0.6918766889415804, 0.6892515587025001, 0.6952155799162193, 0.696140173028727, 0.675242118171004, 0.6677368429840588, 0.6675481806035901, 0.6458257749432423, 0.636467586775295, 0.6692359579391167, 0.6567333487213635, 0.6370319157350258, 0.6514919849692798, 0.6497292430674444, 0.6717134968179171, 0.7378907320929355, 0.6365028912903833, 0.6897045266432841, 0.6880195761313204, 0.7271474531439485, 0.6627952368533025, 0.7157100395101016]

Checkpoint saved at /cluster/tufts/capstone25skyblue/eelkus01/NEXRADTurbulencePrediction/model_training/trained_model_outputs/hybrid_42_model_checkpoint.pth for l2_alpha_idx: 0, fold 2, and epoch 24
BEGINNING EPOCH 25
[Epoch 25, Batch    50] avg loss: 0.5580
[Epoch 25, Batch   100] avg loss: 0.5764
[Epoch 25, Batch   150] avg loss: 0.5805
[Epoch 25, Batch   200] avg loss: 0.5588
[Epoch 25, Batch   250] avg loss: 0.5743
[Epoch 25, Batch   300] avg loss: 0.5739
Validation loss: 0.6775 (61 batches)
loss_per_epoch_list on epoch 25 is [0.7132768953432802, 0.6912698579616234, 0.6918766889415804, 0.6892515587025001, 0.6952155799162193, 0.696140173028727, 0.675242118171004, 0.6677368429840588, 0.6675481806035901, 0.6458257749432423, 0.636467586775295, 0.6692359579391167, 0.6567333487213635, 0.6370319157350258, 0.6514919849692798, 0.6497292430674444, 0.6717134968179171, 0.7378907320929355, 0.6365028912903833, 0.6897045266432841, 0.6880195761313204, 0.7271474531439485, 0.6627952368533025, 0.7157100395101016, 0.6774964176240514]

Checkpoint saved at /cluster/tufts/capstone25skyblue/eelkus01/NEXRADTurbulencePrediction/model_training/trained_model_outputs/hybrid_42_model_checkpoint.pth for l2_alpha_idx: 0, fold 2, and epoch 25
BEGINNING EPOCH 26
[Epoch 26, Batch    50] avg loss: 0.5725
[Epoch 26, Batch   100] avg loss: 0.5719
[Epoch 26, Batch   150] avg loss: 0.5695
[Epoch 26, Batch   200] avg loss: 0.5660
[Epoch 26, Batch   250] avg loss: 0.5666
[Epoch 26, Batch   300] avg loss: 0.5672
Validation loss: 0.7930 (61 batches)
loss_per_epoch_list on epoch 26 is [0.7132768953432802, 0.6912698579616234, 0.6918766889415804, 0.6892515587025001, 0.6952155799162193, 0.696140173028727, 0.675242118171004, 0.6677368429840588, 0.6675481806035901, 0.6458257749432423, 0.636467586775295, 0.6692359579391167, 0.6567333487213635, 0.6370319157350258, 0.6514919849692798, 0.6497292430674444, 0.6717134968179171, 0.7378907320929355, 0.6365028912903833, 0.6897045266432841, 0.6880195761313204, 0.7271474531439485, 0.6627952368533025, 0.7157100395101016, 0.6774964176240514, 0.79297245721348]

Checkpoint saved at /cluster/tufts/capstone25skyblue/eelkus01/NEXRADTurbulencePrediction/model_training/trained_model_outputs/hybrid_42_model_checkpoint.pth for l2_alpha_idx: 0, fold 2, and epoch 26
BEGINNING EPOCH 27
[Epoch 27, Batch    50] avg loss: 0.5576
[Epoch 27, Batch   100] avg loss: 0.5477
[Epoch 27, Batch   150] avg loss: 0.5615
[Epoch 27, Batch   200] avg loss: 0.5390
[Epoch 27, Batch   250] avg loss: 0.5530
[Epoch 27, Batch   300] avg loss: 0.5362
Validation loss: 0.7078 (61 batches)
loss_per_epoch_list on epoch 27 is [0.7132768953432802, 0.6912698579616234, 0.6918766889415804, 0.6892515587025001, 0.6952155799162193, 0.696140173028727, 0.675242118171004, 0.6677368429840588, 0.6675481806035901, 0.6458257749432423, 0.636467586775295, 0.6692359579391167, 0.6567333487213635, 0.6370319157350258, 0.6514919849692798, 0.6497292430674444, 0.6717134968179171, 0.7378907320929355, 0.6365028912903833, 0.6897045266432841, 0.6880195761313204, 0.7271474531439485, 0.6627952368533025, 0.7157100395101016, 0.6774964176240514, 0.79297245721348, 0.7078373666669502]

Checkpoint saved at /cluster/tufts/capstone25skyblue/eelkus01/NEXRADTurbulencePrediction/model_training/trained_model_outputs/hybrid_42_model_checkpoint.pth for l2_alpha_idx: 0, fold 2, and epoch 27
BEGINNING EPOCH 28
[Epoch 28, Batch    50] avg loss: 0.5474
[Epoch 28, Batch   100] avg loss: 0.5368
[Epoch 28, Batch   150] avg loss: 0.5414
[Epoch 28, Batch   200] avg loss: 0.5176
[Epoch 28, Batch   250] avg loss: 0.5383
[Epoch 28, Batch   300] avg loss: 0.5424
Validation loss: 0.6962 (61 batches)
loss_per_epoch_list on epoch 28 is [0.7132768953432802, 0.6912698579616234, 0.6918766889415804, 0.6892515587025001, 0.6952155799162193, 0.696140173028727, 0.675242118171004, 0.6677368429840588, 0.6675481806035901, 0.6458257749432423, 0.636467586775295, 0.6692359579391167, 0.6567333487213635, 0.6370319157350258, 0.6514919849692798, 0.6497292430674444, 0.6717134968179171, 0.7378907320929355, 0.6365028912903833, 0.6897045266432841, 0.6880195761313204, 0.7271474531439485, 0.6627952368533025, 0.7157100395101016, 0.6774964176240514, 0.79297245721348, 0.7078373666669502, 0.6961831968338763]

Checkpoint saved at /cluster/tufts/capstone25skyblue/eelkus01/NEXRADTurbulencePrediction/model_training/trained_model_outputs/hybrid_42_model_checkpoint.pth for l2_alpha_idx: 0, fold 2, and epoch 28
BEGINNING EPOCH 29
[Epoch 29, Batch    50] avg loss: 0.5324
[Epoch 29, Batch   100] avg loss: 0.5188
[Epoch 29, Batch   150] avg loss: 0.5338
[Epoch 29, Batch   200] avg loss: 0.5126
[Epoch 29, Batch   250] avg loss: 0.5325
[Epoch 29, Batch   300] avg loss: 0.5332
Validation loss: 0.8212 (61 batches)
loss_per_epoch_list on epoch 29 is [0.7132768953432802, 0.6912698579616234, 0.6918766889415804, 0.6892515587025001, 0.6952155799162193, 0.696140173028727, 0.675242118171004, 0.6677368429840588, 0.6675481806035901, 0.6458257749432423, 0.636467586775295, 0.6692359579391167, 0.6567333487213635, 0.6370319157350258, 0.6514919849692798, 0.6497292430674444, 0.6717134968179171, 0.7378907320929355, 0.6365028912903833, 0.6897045266432841, 0.6880195761313204, 0.7271474531439485, 0.6627952368533025, 0.7157100395101016, 0.6774964176240514, 0.79297245721348, 0.7078373666669502, 0.6961831968338763, 0.821210373620518]

Checkpoint saved at /cluster/tufts/capstone25skyblue/eelkus01/NEXRADTurbulencePrediction/model_training/trained_model_outputs/hybrid_42_model_checkpoint.pth for l2_alpha_idx: 0, fold 2, and epoch 29
Fold 2 had loss: 0.821210373620518 on its last epoch

Fold 3 with l2_alpha = 0.1
Train subset size: 19253, Validation subset size: 3851
BEGINNING EPOCH 1
[Epoch 1, Batch    50] avg loss: 2.6776
[Epoch 1, Batch   100] avg loss: 0.8760
[Epoch 1, Batch   150] avg loss: 0.8596
[Epoch 1, Batch   200] avg loss: 0.7100
[Epoch 1, Batch   250] avg loss: 0.8652
[Epoch 1, Batch   300] avg loss: 0.7340
Validation loss: 0.6997 (61 batches)
loss_per_epoch_list on epoch 1 is [0.6996689497447405]

Checkpoint saved at /cluster/tufts/capstone25skyblue/eelkus01/NEXRADTurbulencePrediction/model_training/trained_model_outputs/hybrid_42_model_checkpoint.pth for l2_alpha_idx: 0, fold 3, and epoch 1
BEGINNING EPOCH 2
[Epoch 2, Batch    50] avg loss: 0.7197
[Epoch 2, Batch   100] avg loss: 0.7251
[Epoch 2, Batch   150] avg loss: 0.6950
[Epoch 2, Batch   200] avg loss: 0.7032
[Epoch 2, Batch   250] avg loss: 0.6934
[Epoch 2, Batch   300] avg loss: 0.7033
Validation loss: 0.7089 (61 batches)
loss_per_epoch_list on epoch 2 is [0.6996689497447405, 0.708945523519985]

Checkpoint saved at /cluster/tufts/capstone25skyblue/eelkus01/NEXRADTurbulencePrediction/model_training/trained_model_outputs/hybrid_42_model_checkpoint.pth for l2_alpha_idx: 0, fold 3, and epoch 2
BEGINNING EPOCH 3
[Epoch 3, Batch    50] avg loss: 0.7006
[Epoch 3, Batch   100] avg loss: 0.6961
[Epoch 3, Batch   150] avg loss: 0.6927
[Epoch 3, Batch   200] avg loss: 0.6929
[Epoch 3, Batch   250] avg loss: 0.6975
[Epoch 3, Batch   300] avg loss: 0.6952
Validation loss: 0.6959 (61 batches)
loss_per_epoch_list on epoch 3 is [0.6996689497447405, 0.708945523519985, 0.6959241188940455]

Checkpoint saved at /cluster/tufts/capstone25skyblue/eelkus01/NEXRADTurbulencePrediction/model_training/trained_model_outputs/hybrid_42_model_checkpoint.pth for l2_alpha_idx: 0, fold 3, and epoch 3
BEGINNING EPOCH 4
[Epoch 4, Batch    50] avg loss: 0.6964
[Epoch 4, Batch   100] avg loss: 0.6909
[Epoch 4, Batch   150] avg loss: 0.6977
[Epoch 4, Batch   200] avg loss: 0.6909
[Epoch 4, Batch   250] avg loss: 0.6867
[Epoch 4, Batch   300] avg loss: 0.6820
Validation loss: 0.7781 (61 batches)
loss_per_epoch_list on epoch 4 is [0.6996689497447405, 0.708945523519985, 0.6959241188940455, 0.7781286327565302]

Checkpoint saved at /cluster/tufts/capstone25skyblue/eelkus01/NEXRADTurbulencePrediction/model_training/trained_model_outputs/hybrid_42_model_checkpoint.pth for l2_alpha_idx: 0, fold 3, and epoch 4
BEGINNING EPOCH 5
[Epoch 5, Batch    50] avg loss: 0.6768
[Epoch 5, Batch   100] avg loss: 0.6879
[Epoch 5, Batch   150] avg loss: 0.6791
[Epoch 5, Batch   200] avg loss: 0.6790
[Epoch 5, Batch   250] avg loss: 0.6758
[Epoch 5, Batch   300] avg loss: 0.6676
Validation loss: 0.6941 (61 batches)
loss_per_epoch_list on epoch 5 is [0.6996689497447405, 0.708945523519985, 0.6959241188940455, 0.7781286327565302, 0.6940673452908875]

Checkpoint saved at /cluster/tufts/capstone25skyblue/eelkus01/NEXRADTurbulencePrediction/model_training/trained_model_outputs/hybrid_42_model_checkpoint.pth for l2_alpha_idx: 0, fold 3, and epoch 5
BEGINNING EPOCH 6
[Epoch 6, Batch    50] avg loss: 0.6738
[Epoch 6, Batch   100] avg loss: 0.6723
[Epoch 6, Batch   150] avg loss: 0.6773
[Epoch 6, Batch   200] avg loss: 0.6608
[Epoch 6, Batch   250] avg loss: 0.6679
[Epoch 6, Batch   300] avg loss: 0.6681
Validation loss: 0.6454 (61 batches)
loss_per_epoch_list on epoch 6 is [0.6996689497447405, 0.708945523519985, 0.6959241188940455, 0.7781286327565302, 0.6940673452908875, 0.6454154673169871]

Checkpoint saved at /cluster/tufts/capstone25skyblue/eelkus01/NEXRADTurbulencePrediction/model_training/trained_model_outputs/hybrid_42_model_checkpoint.pth for l2_alpha_idx: 0, fold 3, and epoch 6
BEGINNING EPOCH 7
[Epoch 7, Batch    50] avg loss: 0.6643
[Epoch 7, Batch   100] avg loss: 0.6681
[Epoch 7, Batch   150] avg loss: 0.6556
[Epoch 7, Batch   200] avg loss: 0.6590
[Epoch 7, Batch   250] avg loss: 0.6612
[Epoch 7, Batch   300] avg loss: 0.6611
Validation loss: 0.6436 (61 batches)
loss_per_epoch_list on epoch 7 is [0.6996689497447405, 0.708945523519985, 0.6959241188940455, 0.7781286327565302, 0.6940673452908875, 0.6454154673169871, 0.6436267749207919]

Checkpoint saved at /cluster/tufts/capstone25skyblue/eelkus01/NEXRADTurbulencePrediction/model_training/trained_model_outputs/hybrid_42_model_checkpoint.pth for l2_alpha_idx: 0, fold 3, and epoch 7
BEGINNING EPOCH 8
[Epoch 8, Batch    50] avg loss: 0.6566
[Epoch 8, Batch   100] avg loss: 0.6563
[Epoch 8, Batch   150] avg loss: 0.6602
[Epoch 8, Batch   200] avg loss: 0.6557
[Epoch 8, Batch   250] avg loss: 0.6549
[Epoch 8, Batch   300] avg loss: 0.6587
Validation loss: 0.6734 (61 batches)
loss_per_epoch_list on epoch 8 is [0.6996689497447405, 0.708945523519985, 0.6959241188940455, 0.7781286327565302, 0.6940673452908875, 0.6454154673169871, 0.6436267749207919, 0.6734287523832477]

Checkpoint saved at /cluster/tufts/capstone25skyblue/eelkus01/NEXRADTurbulencePrediction/model_training/trained_model_outputs/hybrid_42_model_checkpoint.pth for l2_alpha_idx: 0, fold 3, and epoch 8
BEGINNING EPOCH 9
[Epoch 9, Batch    50] avg loss: 0.6576
[Epoch 9, Batch   100] avg loss: 0.6539
[Epoch 9, Batch   150] avg loss: 0.6607
[Epoch 9, Batch   200] avg loss: 0.6581
[Epoch 9, Batch   250] avg loss: 0.6615
[Epoch 9, Batch   300] avg loss: 0.6574
Validation loss: 0.7059 (61 batches)
loss_per_epoch_list on epoch 9 is [0.6996689497447405, 0.708945523519985, 0.6959241188940455, 0.7781286327565302, 0.6940673452908875, 0.6454154673169871, 0.6436267749207919, 0.6734287523832477, 0.705851068262194]

Checkpoint saved at /cluster/tufts/capstone25skyblue/eelkus01/NEXRADTurbulencePrediction/model_training/trained_model_outputs/hybrid_42_model_checkpoint.pth for l2_alpha_idx: 0, fold 3, and epoch 9
BEGINNING EPOCH 10
[Epoch 10, Batch    50] avg loss: 0.6548
[Epoch 10, Batch   100] avg loss: 0.6539
[Epoch 10, Batch   150] avg loss: 0.6572
[Epoch 10, Batch   200] avg loss: 0.6447
[Epoch 10, Batch   250] avg loss: 0.6555
[Epoch 10, Batch   300] avg loss: 0.6469
Validation loss: 0.6914 (61 batches)
loss_per_epoch_list on epoch 10 is [0.6996689497447405, 0.708945523519985, 0.6959241188940455, 0.7781286327565302, 0.6940673452908875, 0.6454154673169871, 0.6436267749207919, 0.6734287523832477, 0.705851068262194, 0.6914072388508281]

Checkpoint saved at /cluster/tufts/capstone25skyblue/eelkus01/NEXRADTurbulencePrediction/model_training/trained_model_outputs/hybrid_42_model_checkpoint.pth for l2_alpha_idx: 0, fold 3, and epoch 10
BEGINNING EPOCH 11
[Epoch 11, Batch    50] avg loss: 0.6454
[Epoch 11, Batch   100] avg loss: 0.6475
[Epoch 11, Batch   150] avg loss: 0.6389
[Epoch 11, Batch   200] avg loss: 0.6470
[Epoch 11, Batch   250] avg loss: 0.6445
[Epoch 11, Batch   300] avg loss: 0.6470
Validation loss: 0.6421 (61 batches)
loss_per_epoch_list on epoch 11 is [0.6996689497447405, 0.708945523519985, 0.6959241188940455, 0.7781286327565302, 0.6940673452908875, 0.6454154673169871, 0.6436267749207919, 0.6734287523832477, 0.705851068262194, 0.6914072388508281, 0.6421202899979763]

Checkpoint saved at /cluster/tufts/capstone25skyblue/eelkus01/NEXRADTurbulencePrediction/model_training/trained_model_outputs/hybrid_42_model_checkpoint.pth for l2_alpha_idx: 0, fold 3, and epoch 11
BEGINNING EPOCH 12
[Epoch 12, Batch    50] avg loss: 0.6478
[Epoch 12, Batch   100] avg loss: 0.6345
[Epoch 12, Batch   150] avg loss: 0.6439
[Epoch 12, Batch   200] avg loss: 0.6405
[Epoch 12, Batch   250] avg loss: 0.6324
[Epoch 12, Batch   300] avg loss: 0.6471
Validation loss: 0.6285 (61 batches)
loss_per_epoch_list on epoch 12 is [0.6996689497447405, 0.708945523519985, 0.6959241188940455, 0.7781286327565302, 0.6940673452908875, 0.6454154673169871, 0.6436267749207919, 0.6734287523832477, 0.705851068262194, 0.6914072388508281, 0.6421202899979763, 0.6285238881580165]

Checkpoint saved at /cluster/tufts/capstone25skyblue/eelkus01/NEXRADTurbulencePrediction/model_training/trained_model_outputs/hybrid_42_model_checkpoint.pth for l2_alpha_idx: 0, fold 3, and epoch 12
BEGINNING EPOCH 13
[Epoch 13, Batch    50] avg loss: 0.6402
[Epoch 13, Batch   100] avg loss: 0.6427
[Epoch 13, Batch   150] avg loss: 0.6345
[Epoch 13, Batch   200] avg loss: 0.6448
[Epoch 13, Batch   250] avg loss: 0.6400
[Epoch 13, Batch   300] avg loss: 0.6411
Validation loss: 0.6394 (61 batches)
loss_per_epoch_list on epoch 13 is [0.6996689497447405, 0.708945523519985, 0.6959241188940455, 0.7781286327565302, 0.6940673452908875, 0.6454154673169871, 0.6436267749207919, 0.6734287523832477, 0.705851068262194, 0.6914072388508281, 0.6421202899979763, 0.6285238881580165, 0.6394235227928787]

Checkpoint saved at /cluster/tufts/capstone25skyblue/eelkus01/NEXRADTurbulencePrediction/model_training/trained_model_outputs/hybrid_42_model_checkpoint.pth for l2_alpha_idx: 0, fold 3, and epoch 13
BEGINNING EPOCH 14
[Epoch 14, Batch    50] avg loss: 0.6288
[Epoch 14, Batch   100] avg loss: 0.6293
[Epoch 14, Batch   150] avg loss: 0.6330
[Epoch 14, Batch   200] avg loss: 0.6432
[Epoch 14, Batch   250] avg loss: 0.6317
[Epoch 14, Batch   300] avg loss: 0.6308
Validation loss: 0.6322 (61 batches)
loss_per_epoch_list on epoch 14 is [0.6996689497447405, 0.708945523519985, 0.6959241188940455, 0.7781286327565302, 0.6940673452908875, 0.6454154673169871, 0.6436267749207919, 0.6734287523832477, 0.705851068262194, 0.6914072388508281, 0.6421202899979763, 0.6285238881580165, 0.6394235227928787, 0.6321811988705495]

Checkpoint saved at /cluster/tufts/capstone25skyblue/eelkus01/NEXRADTurbulencePrediction/model_training/trained_model_outputs/hybrid_42_model_checkpoint.pth for l2_alpha_idx: 0, fold 3, and epoch 14
BEGINNING EPOCH 15
[Epoch 15, Batch    50] avg loss: 0.6287
[Epoch 15, Batch   100] avg loss: 0.6329
[Epoch 15, Batch   150] avg loss: 0.6292
[Epoch 15, Batch   200] avg loss: 0.6324
[Epoch 15, Batch   250] avg loss: 0.6294
[Epoch 15, Batch   300] avg loss: 0.6309
Validation loss: 0.6464 (61 batches)
loss_per_epoch_list on epoch 15 is [0.6996689497447405, 0.708945523519985, 0.6959241188940455, 0.7781286327565302, 0.6940673452908875, 0.6454154673169871, 0.6436267749207919, 0.6734287523832477, 0.705851068262194, 0.6914072388508281, 0.6421202899979763, 0.6285238881580165, 0.6394235227928787, 0.6321811988705495, 0.6464105297307499]

Checkpoint saved at /cluster/tufts/capstone25skyblue/eelkus01/NEXRADTurbulencePrediction/model_training/trained_model_outputs/hybrid_42_model_checkpoint.pth for l2_alpha_idx: 0, fold 3, and epoch 15
BEGINNING EPOCH 16
[Epoch 16, Batch    50] avg loss: 0.6356
[Epoch 16, Batch   100] avg loss: 0.6195
[Epoch 16, Batch   150] avg loss: 0.6322
[Epoch 16, Batch   200] avg loss: 0.6324
[Epoch 16, Batch   250] avg loss: 0.6241
[Epoch 16, Batch   300] avg loss: 0.6177
Validation loss: 0.7176 (61 batches)
loss_per_epoch_list on epoch 16 is [0.6996689497447405, 0.708945523519985, 0.6959241188940455, 0.7781286327565302, 0.6940673452908875, 0.6454154673169871, 0.6436267749207919, 0.6734287523832477, 0.705851068262194, 0.6914072388508281, 0.6421202899979763, 0.6285238881580165, 0.6394235227928787, 0.6321811988705495, 0.6464105297307499, 0.7176491022109985]

Checkpoint saved at /cluster/tufts/capstone25skyblue/eelkus01/NEXRADTurbulencePrediction/model_training/trained_model_outputs/hybrid_42_model_checkpoint.pth for l2_alpha_idx: 0, fold 3, and epoch 16
BEGINNING EPOCH 17
[Epoch 17, Batch    50] avg loss: 0.6202
[Epoch 17, Batch   100] avg loss: 0.6182
[Epoch 17, Batch   150] avg loss: 0.6156
[Epoch 17, Batch   200] avg loss: 0.6100
[Epoch 17, Batch   250] avg loss: 0.6192
[Epoch 17, Batch   300] avg loss: 0.6165
Validation loss: 0.6227 (61 batches)
loss_per_epoch_list on epoch 17 is [0.6996689497447405, 0.708945523519985, 0.6959241188940455, 0.7781286327565302, 0.6940673452908875, 0.6454154673169871, 0.6436267749207919, 0.6734287523832477, 0.705851068262194, 0.6914072388508281, 0.6421202899979763, 0.6285238881580165, 0.6394235227928787, 0.6321811988705495, 0.6464105297307499, 0.7176491022109985, 0.6226694906344179]

Checkpoint saved at /cluster/tufts/capstone25skyblue/eelkus01/NEXRADTurbulencePrediction/model_training/trained_model_outputs/hybrid_42_model_checkpoint.pth for l2_alpha_idx: 0, fold 3, and epoch 17
BEGINNING EPOCH 18
[Epoch 18, Batch    50] avg loss: 0.6146
[Epoch 18, Batch   100] avg loss: 0.6162
[Epoch 18, Batch   150] avg loss: 0.6132
[Epoch 18, Batch   200] avg loss: 0.6085
[Epoch 18, Batch   250] avg loss: 0.6197
[Epoch 18, Batch   300] avg loss: 0.6142
Validation loss: 0.6313 (61 batches)
loss_per_epoch_list on epoch 18 is [0.6996689497447405, 0.708945523519985, 0.6959241188940455, 0.7781286327565302, 0.6940673452908875, 0.6454154673169871, 0.6436267749207919, 0.6734287523832477, 0.705851068262194, 0.6914072388508281, 0.6421202899979763, 0.6285238881580165, 0.6394235227928787, 0.6321811988705495, 0.6464105297307499, 0.7176491022109985, 0.6226694906344179, 0.6313434614509833]

Checkpoint saved at /cluster/tufts/capstone25skyblue/eelkus01/NEXRADTurbulencePrediction/model_training/trained_model_outputs/hybrid_42_model_checkpoint.pth for l2_alpha_idx: 0, fold 3, and epoch 18
BEGINNING EPOCH 19
[Epoch 19, Batch    50] avg loss: 0.6155
[Epoch 19, Batch   100] avg loss: 0.6161
[Epoch 19, Batch   150] avg loss: 0.6138
[Epoch 19, Batch   200] avg loss: 0.6210
[Epoch 19, Batch   250] avg loss: 0.6075
[Epoch 19, Batch   300] avg loss: 0.6203
Validation loss: 0.7054 (61 batches)
loss_per_epoch_list on epoch 19 is [0.6996689497447405, 0.708945523519985, 0.6959241188940455, 0.7781286327565302, 0.6940673452908875, 0.6454154673169871, 0.6436267749207919, 0.6734287523832477, 0.705851068262194, 0.6914072388508281, 0.6421202899979763, 0.6285238881580165, 0.6394235227928787, 0.6321811988705495, 0.6464105297307499, 0.7176491022109985, 0.6226694906344179, 0.6313434614509833, 0.7054284400627261]

Checkpoint saved at /cluster/tufts/capstone25skyblue/eelkus01/NEXRADTurbulencePrediction/model_training/trained_model_outputs/hybrid_42_model_checkpoint.pth for l2_alpha_idx: 0, fold 3, and epoch 19
BEGINNING EPOCH 20
[Epoch 20, Batch    50] avg loss: 0.6053
[Epoch 20, Batch   100] avg loss: 0.5983
[Epoch 20, Batch   150] avg loss: 0.5952
[Epoch 20, Batch   200] avg loss: 0.5972
[Epoch 20, Batch   250] avg loss: 0.6039
[Epoch 20, Batch   300] avg loss: 0.6038
Validation loss: 0.6780 (61 batches)
loss_per_epoch_list on epoch 20 is [0.6996689497447405, 0.708945523519985, 0.6959241188940455, 0.7781286327565302, 0.6940673452908875, 0.6454154673169871, 0.6436267749207919, 0.6734287523832477, 0.705851068262194, 0.6914072388508281, 0.6421202899979763, 0.6285238881580165, 0.6394235227928787, 0.6321811988705495, 0.6464105297307499, 0.7176491022109985, 0.6226694906344179, 0.6313434614509833, 0.7054284400627261, 0.677962731142513]

Checkpoint saved at /cluster/tufts/capstone25skyblue/eelkus01/NEXRADTurbulencePrediction/model_training/trained_model_outputs/hybrid_42_model_checkpoint.pth for l2_alpha_idx: 0, fold 3, and epoch 20
BEGINNING EPOCH 21
[Epoch 21, Batch    50] avg loss: 0.5957
[Epoch 21, Batch   100] avg loss: 0.6062
[Epoch 21, Batch   150] avg loss: 0.6166
[Epoch 21, Batch   200] avg loss: 0.5842
[Epoch 21, Batch   250] avg loss: 0.5951
[Epoch 21, Batch   300] avg loss: 0.5950
Validation loss: 0.6610 (61 batches)
loss_per_epoch_list on epoch 21 is [0.6996689497447405, 0.708945523519985, 0.6959241188940455, 0.7781286327565302, 0.6940673452908875, 0.6454154673169871, 0.6436267749207919, 0.6734287523832477, 0.705851068262194, 0.6914072388508281, 0.6421202899979763, 0.6285238881580165, 0.6394235227928787, 0.6321811988705495, 0.6464105297307499, 0.7176491022109985, 0.6226694906344179, 0.6313434614509833, 0.7054284400627261, 0.677962731142513, 0.660968119980859]

Checkpoint saved at /cluster/tufts/capstone25skyblue/eelkus01/NEXRADTurbulencePrediction/model_training/trained_model_outputs/hybrid_42_model_checkpoint.pth for l2_alpha_idx: 0, fold 3, and epoch 21
BEGINNING EPOCH 22
[Epoch 22, Batch    50] avg loss: 0.5948
[Epoch 22, Batch   100] avg loss: 0.5921
[Epoch 22, Batch   150] avg loss: 0.5886
[Epoch 22, Batch   200] avg loss: 0.5725
[Epoch 22, Batch   250] avg loss: 0.5982
[Epoch 22, Batch   300] avg loss: 0.5938
Validation loss: 0.6776 (61 batches)
loss_per_epoch_list on epoch 22 is [0.6996689497447405, 0.708945523519985, 0.6959241188940455, 0.7781286327565302, 0.6940673452908875, 0.6454154673169871, 0.6436267749207919, 0.6734287523832477, 0.705851068262194, 0.6914072388508281, 0.6421202899979763, 0.6285238881580165, 0.6394235227928787, 0.6321811988705495, 0.6464105297307499, 0.7176491022109985, 0.6226694906344179, 0.6313434614509833, 0.7054284400627261, 0.677962731142513, 0.660968119980859, 0.6775981090107902]

Checkpoint saved at /cluster/tufts/capstone25skyblue/eelkus01/NEXRADTurbulencePrediction/model_training/trained_model_outputs/hybrid_42_model_checkpoint.pth for l2_alpha_idx: 0, fold 3, and epoch 22
BEGINNING EPOCH 23
[Epoch 23, Batch    50] avg loss: 0.5860
[Epoch 23, Batch   100] avg loss: 0.5808
[Epoch 23, Batch   150] avg loss: 0.5883
[Epoch 23, Batch   200] avg loss: 0.5837
[Epoch 23, Batch   250] avg loss: 0.5728
[Epoch 23, Batch   300] avg loss: 0.5664
Validation loss: 0.6913 (61 batches)
loss_per_epoch_list on epoch 23 is [0.6996689497447405, 0.708945523519985, 0.6959241188940455, 0.7781286327565302, 0.6940673452908875, 0.6454154673169871, 0.6436267749207919, 0.6734287523832477, 0.705851068262194, 0.6914072388508281, 0.6421202899979763, 0.6285238881580165, 0.6394235227928787, 0.6321811988705495, 0.6464105297307499, 0.7176491022109985, 0.6226694906344179, 0.6313434614509833, 0.7054284400627261, 0.677962731142513, 0.660968119980859, 0.6775981090107902, 0.6913099567421147]

Checkpoint saved at /cluster/tufts/capstone25skyblue/eelkus01/NEXRADTurbulencePrediction/model_training/trained_model_outputs/hybrid_42_model_checkpoint.pth for l2_alpha_idx: 0, fold 3, and epoch 23
BEGINNING EPOCH 24
[Epoch 24, Batch    50] avg loss: 0.5746
[Epoch 24, Batch   100] avg loss: 0.5586
[Epoch 24, Batch   150] avg loss: 0.5773
[Epoch 24, Batch   200] avg loss: 0.5668
[Epoch 24, Batch   250] avg loss: 0.5627
[Epoch 24, Batch   300] avg loss: 0.5666
Validation loss: 0.6430 (61 batches)
loss_per_epoch_list on epoch 24 is [0.6996689497447405, 0.708945523519985, 0.6959241188940455, 0.7781286327565302, 0.6940673452908875, 0.6454154673169871, 0.6436267749207919, 0.6734287523832477, 0.705851068262194, 0.6914072388508281, 0.6421202899979763, 0.6285238881580165, 0.6394235227928787, 0.6321811988705495, 0.6464105297307499, 0.7176491022109985, 0.6226694906344179, 0.6313434614509833, 0.7054284400627261, 0.677962731142513, 0.660968119980859, 0.6775981090107902, 0.6913099567421147, 0.643044469786472]

Checkpoint saved at /cluster/tufts/capstone25skyblue/eelkus01/NEXRADTurbulencePrediction/model_training/trained_model_outputs/hybrid_42_model_checkpoint.pth for l2_alpha_idx: 0, fold 3, and epoch 24
BEGINNING EPOCH 25
[Epoch 25, Batch    50] avg loss: 0.5713
[Epoch 25, Batch   100] avg loss: 0.5699
[Epoch 25, Batch   150] avg loss: 0.5517
[Epoch 25, Batch   200] avg loss: 0.5663
[Epoch 25, Batch   250] avg loss: 0.5532
[Epoch 25, Batch   300] avg loss: 0.5696
Validation loss: 0.8599 (61 batches)
loss_per_epoch_list on epoch 25 is [0.6996689497447405, 0.708945523519985, 0.6959241188940455, 0.7781286327565302, 0.6940673452908875, 0.6454154673169871, 0.6436267749207919, 0.6734287523832477, 0.705851068262194, 0.6914072388508281, 0.6421202899979763, 0.6285238881580165, 0.6394235227928787, 0.6321811988705495, 0.6464105297307499, 0.7176491022109985, 0.6226694906344179, 0.6313434614509833, 0.7054284400627261, 0.677962731142513, 0.660968119980859, 0.6775981090107902, 0.6913099567421147, 0.643044469786472, 0.8598853046776819]

Checkpoint saved at /cluster/tufts/capstone25skyblue/eelkus01/NEXRADTurbulencePrediction/model_training/trained_model_outputs/hybrid_42_model_checkpoint.pth for l2_alpha_idx: 0, fold 3, and epoch 25
BEGINNING EPOCH 26
[Epoch 26, Batch    50] avg loss: 0.5811
[Epoch 26, Batch   100] avg loss: 0.5478
[Epoch 26, Batch   150] avg loss: 0.5387
[Epoch 26, Batch   200] avg loss: 0.5506
[Epoch 26, Batch   250] avg loss: 0.5479
[Epoch 26, Batch   300] avg loss: 0.5654
Validation loss: 0.7733 (61 batches)
loss_per_epoch_list on epoch 26 is [0.6996689497447405, 0.708945523519985, 0.6959241188940455, 0.7781286327565302, 0.6940673452908875, 0.6454154673169871, 0.6436267749207919, 0.6734287523832477, 0.705851068262194, 0.6914072388508281, 0.6421202899979763, 0.6285238881580165, 0.6394235227928787, 0.6321811988705495, 0.6464105297307499, 0.7176491022109985, 0.6226694906344179, 0.6313434614509833, 0.7054284400627261, 0.677962731142513, 0.660968119980859, 0.6775981090107902, 0.6913099567421147, 0.643044469786472, 0.8598853046776819, 0.7733394913986081]

Checkpoint saved at /cluster/tufts/capstone25skyblue/eelkus01/NEXRADTurbulencePrediction/model_training/trained_model_outputs/hybrid_42_model_checkpoint.pth for l2_alpha_idx: 0, fold 3, and epoch 26
BEGINNING EPOCH 27
[Epoch 27, Batch    50] avg loss: 0.5635
[Epoch 27, Batch   100] avg loss: 0.5399
[Epoch 27, Batch   150] avg loss: 0.5366
[Epoch 27, Batch   200] avg loss: 0.5513
[Epoch 27, Batch   250] avg loss: 0.5269
[Epoch 27, Batch   300] avg loss: 0.5484
Validation loss: 0.7000 (61 batches)
loss_per_epoch_list on epoch 27 is [0.6996689497447405, 0.708945523519985, 0.6959241188940455, 0.7781286327565302, 0.6940673452908875, 0.6454154673169871, 0.6436267749207919, 0.6734287523832477, 0.705851068262194, 0.6914072388508281, 0.6421202899979763, 0.6285238881580165, 0.6394235227928787, 0.6321811988705495, 0.6464105297307499, 0.7176491022109985, 0.6226694906344179, 0.6313434614509833, 0.7054284400627261, 0.677962731142513, 0.660968119980859, 0.6775981090107902, 0.6913099567421147, 0.643044469786472, 0.8598853046776819, 0.7733394913986081, 0.7000162884837291]

Checkpoint saved at /cluster/tufts/capstone25skyblue/eelkus01/NEXRADTurbulencePrediction/model_training/trained_model_outputs/hybrid_42_model_checkpoint.pth for l2_alpha_idx: 0, fold 3, and epoch 27
BEGINNING EPOCH 28
[Epoch 28, Batch    50] avg loss: 0.5457
[Epoch 28, Batch   100] avg loss: 0.5468
[Epoch 28, Batch   150] avg loss: 0.5302
[Epoch 28, Batch   200] avg loss: 0.5379
[Epoch 28, Batch   250] avg loss: 0.5304
[Epoch 28, Batch   300] avg loss: 0.5360
Validation loss: 0.6816 (61 batches)
loss_per_epoch_list on epoch 28 is [0.6996689497447405, 0.708945523519985, 0.6959241188940455, 0.7781286327565302, 0.6940673452908875, 0.6454154673169871, 0.6436267749207919, 0.6734287523832477, 0.705851068262194, 0.6914072388508281, 0.6421202899979763, 0.6285238881580165, 0.6394235227928787, 0.6321811988705495, 0.6464105297307499, 0.7176491022109985, 0.6226694906344179, 0.6313434614509833, 0.7054284400627261, 0.677962731142513, 0.660968119980859, 0.6775981090107902, 0.6913099567421147, 0.643044469786472, 0.8598853046776819, 0.7733394913986081, 0.7000162884837291, 0.6815548143425926]

Checkpoint saved at /cluster/tufts/capstone25skyblue/eelkus01/NEXRADTurbulencePrediction/model_training/trained_model_outputs/hybrid_42_model_checkpoint.pth for l2_alpha_idx: 0, fold 3, and epoch 28
BEGINNING EPOCH 29
[Epoch 29, Batch    50] avg loss: 0.5233
[Epoch 29, Batch   100] avg loss: 0.5208
[Epoch 29, Batch   150] avg loss: 0.5247
[Epoch 29, Batch   200] avg loss: 0.5340
[Epoch 29, Batch   250] avg loss: 0.5190
[Epoch 29, Batch   300] avg loss: 0.5338
Validation loss: 0.6564 (61 batches)
loss_per_epoch_list on epoch 29 is [0.6996689497447405, 0.708945523519985, 0.6959241188940455, 0.7781286327565302, 0.6940673452908875, 0.6454154673169871, 0.6436267749207919, 0.6734287523832477, 0.705851068262194, 0.6914072388508281, 0.6421202899979763, 0.6285238881580165, 0.6394235227928787, 0.6321811988705495, 0.6464105297307499, 0.7176491022109985, 0.6226694906344179, 0.6313434614509833, 0.7054284400627261, 0.677962731142513, 0.660968119980859, 0.6775981090107902, 0.6913099567421147, 0.643044469786472, 0.8598853046776819, 0.7733394913986081, 0.7000162884837291, 0.6815548143425926, 0.656403026131333]

Checkpoint saved at /cluster/tufts/capstone25skyblue/eelkus01/NEXRADTurbulencePrediction/model_training/trained_model_outputs/hybrid_42_model_checkpoint.pth for l2_alpha_idx: 0, fold 3, and epoch 29
Fold 3 had loss: 0.656403026131333 on its last epoch

Fold 4 with l2_alpha = 0.1
Train subset size: 19254, Validation subset size: 3850
BEGINNING EPOCH 1
[Epoch 1, Batch    50] avg loss: 5.5542
[Epoch 1, Batch   100] avg loss: 1.0890
[Epoch 1, Batch   150] avg loss: 0.8212
[Epoch 1, Batch   200] avg loss: 0.7666
[Epoch 1, Batch   250] avg loss: 0.7562
[Epoch 1, Batch   300] avg loss: 0.7763
Validation loss: 0.7055 (61 batches)
loss_per_epoch_list on epoch 1 is [0.7054925326441155]

Checkpoint saved at /cluster/tufts/capstone25skyblue/eelkus01/NEXRADTurbulencePrediction/model_training/trained_model_outputs/hybrid_42_model_checkpoint.pth for l2_alpha_idx: 0, fold 4, and epoch 1
BEGINNING EPOCH 2
[Epoch 2, Batch    50] avg loss: 0.7490
[Epoch 2, Batch   100] avg loss: 0.7161
[Epoch 2, Batch   150] avg loss: 0.7054
[Epoch 2, Batch   200] avg loss: 0.7041
[Epoch 2, Batch   250] avg loss: 0.6953
[Epoch 2, Batch   300] avg loss: 0.7013
Validation loss: 0.6992 (61 batches)
loss_per_epoch_list on epoch 2 is [0.7054925326441155, 0.699229154430452]

Checkpoint saved at /cluster/tufts/capstone25skyblue/eelkus01/NEXRADTurbulencePrediction/model_training/trained_model_outputs/hybrid_42_model_checkpoint.pth for l2_alpha_idx: 0, fold 4, and epoch 2
BEGINNING EPOCH 3
[Epoch 3, Batch    50] avg loss: 0.6943
[Epoch 3, Batch   100] avg loss: 0.6927
[Epoch 3, Batch   150] avg loss: 0.6938
[Epoch 3, Batch   200] avg loss: 0.6947
[Epoch 3, Batch   250] avg loss: 0.6933
[Epoch 3, Batch   300] avg loss: 0.6924
Validation loss: 0.6968 (61 batches)
loss_per_epoch_list on epoch 3 is [0.7054925326441155, 0.699229154430452, 0.6967849516477741]

Checkpoint saved at /cluster/tufts/capstone25skyblue/eelkus01/NEXRADTurbulencePrediction/model_training/trained_model_outputs/hybrid_42_model_checkpoint.pth for l2_alpha_idx: 0, fold 4, and epoch 3
BEGINNING EPOCH 4
[Epoch 4, Batch    50] avg loss: 0.6952
[Epoch 4, Batch   100] avg loss: 0.6920
[Epoch 4, Batch   150] avg loss: 0.6953
[Epoch 4, Batch   200] avg loss: 0.7180
[Epoch 4, Batch   250] avg loss: 0.6933
[Epoch 4, Batch   300] avg loss: 0.6910
Validation loss: 0.7020 (61 batches)
loss_per_epoch_list on epoch 4 is [0.7054925326441155, 0.699229154430452, 0.6967849516477741, 0.7020388714602737]

Checkpoint saved at /cluster/tufts/capstone25skyblue/eelkus01/NEXRADTurbulencePrediction/model_training/trained_model_outputs/hybrid_42_model_checkpoint.pth for l2_alpha_idx: 0, fold 4, and epoch 4
BEGINNING EPOCH 5
[Epoch 5, Batch    50] avg loss: 0.6951
[Epoch 5, Batch   100] avg loss: 0.6928
[Epoch 5, Batch   150] avg loss: 0.6926
[Epoch 5, Batch   200] avg loss: 0.6927
[Epoch 5, Batch   250] avg loss: 0.6917
[Epoch 5, Batch   300] avg loss: 0.6911
Validation loss: 0.6903 (61 batches)
loss_per_epoch_list on epoch 5 is [0.7054925326441155, 0.699229154430452, 0.6967849516477741, 0.7020388714602737, 0.6902523372994095]

Checkpoint saved at /cluster/tufts/capstone25skyblue/eelkus01/NEXRADTurbulencePrediction/model_training/trained_model_outputs/hybrid_42_model_checkpoint.pth for l2_alpha_idx: 0, fold 4, and epoch 5
BEGINNING EPOCH 6
[Epoch 6, Batch    50] avg loss: 0.6909
[Epoch 6, Batch   100] avg loss: 0.6935
[Epoch 6, Batch   150] avg loss: 0.6932
[Epoch 6, Batch   200] avg loss: 0.6925
[Epoch 6, Batch   250] avg loss: 0.6902
[Epoch 6, Batch   300] avg loss: 0.6909
Validation loss: 0.6928 (61 batches)
loss_per_epoch_list on epoch 6 is [0.7054925326441155, 0.699229154430452, 0.6967849516477741, 0.7020388714602737, 0.6902523372994095, 0.6928108881731503]

Checkpoint saved at /cluster/tufts/capstone25skyblue/eelkus01/NEXRADTurbulencePrediction/model_training/trained_model_outputs/hybrid_42_model_checkpoint.pth for l2_alpha_idx: 0, fold 4, and epoch 6
BEGINNING EPOCH 7
[Epoch 7, Batch    50] avg loss: 0.6907
[Epoch 7, Batch   100] avg loss: 0.6912
[Epoch 7, Batch   150] avg loss: 0.6874
[Epoch 7, Batch   200] avg loss: 0.6854
[Epoch 7, Batch   250] avg loss: 0.6863
[Epoch 7, Batch   300] avg loss: 0.6815
Validation loss: 0.6626 (61 batches)
loss_per_epoch_list on epoch 7 is [0.7054925326441155, 0.699229154430452, 0.6967849516477741, 0.7020388714602737, 0.6902523372994095, 0.6928108881731503, 0.6626252649260349]

Checkpoint saved at /cluster/tufts/capstone25skyblue/eelkus01/NEXRADTurbulencePrediction/model_training/trained_model_outputs/hybrid_42_model_checkpoint.pth for l2_alpha_idx: 0, fold 4, and epoch 7
BEGINNING EPOCH 8
[Epoch 8, Batch    50] avg loss: 0.6795
[Epoch 8, Batch   100] avg loss: 0.6758
[Epoch 8, Batch   150] avg loss: 0.6823
[Epoch 8, Batch   200] avg loss: 0.6693
[Epoch 8, Batch   250] avg loss: 0.6639
[Epoch 8, Batch   300] avg loss: 0.6710
Validation loss: 0.6901 (61 batches)
loss_per_epoch_list on epoch 8 is [0.7054925326441155, 0.699229154430452, 0.6967849516477741, 0.7020388714602737, 0.6902523372994095, 0.6928108881731503, 0.6626252649260349, 0.6901163234085333]

Checkpoint saved at /cluster/tufts/capstone25skyblue/eelkus01/NEXRADTurbulencePrediction/model_training/trained_model_outputs/hybrid_42_model_checkpoint.pth for l2_alpha_idx: 0, fold 4, and epoch 8
BEGINNING EPOCH 9
[Epoch 9, Batch    50] avg loss: 0.6686
[Epoch 9, Batch   100] avg loss: 0.6652
[Epoch 9, Batch   150] avg loss: 0.6651
[Epoch 9, Batch   200] avg loss: 0.6712
[Epoch 9, Batch   250] avg loss: 0.6646
[Epoch 9, Batch   300] avg loss: 0.6731
Validation loss: 0.6662 (61 batches)
loss_per_epoch_list on epoch 9 is [0.7054925326441155, 0.699229154430452, 0.6967849516477741, 0.7020388714602737, 0.6902523372994095, 0.6928108881731503, 0.6626252649260349, 0.6901163234085333, 0.6662331790220543]

Checkpoint saved at /cluster/tufts/capstone25skyblue/eelkus01/NEXRADTurbulencePrediction/model_training/trained_model_outputs/hybrid_42_model_checkpoint.pth for l2_alpha_idx: 0, fold 4, and epoch 9
BEGINNING EPOCH 10
[Epoch 10, Batch    50] avg loss: 0.6614
[Epoch 10, Batch   100] avg loss: 0.6631
[Epoch 10, Batch   150] avg loss: 0.6651
[Epoch 10, Batch   200] avg loss: 0.6532
[Epoch 10, Batch   250] avg loss: 0.6656
[Epoch 10, Batch   300] avg loss: 0.6485
Validation loss: 0.6916 (61 batches)
loss_per_epoch_list on epoch 10 is [0.7054925326441155, 0.699229154430452, 0.6967849516477741, 0.7020388714602737, 0.6902523372994095, 0.6928108881731503, 0.6626252649260349, 0.6901163234085333, 0.6662331790220543, 0.6916184464439017]

Checkpoint saved at /cluster/tufts/capstone25skyblue/eelkus01/NEXRADTurbulencePrediction/model_training/trained_model_outputs/hybrid_42_model_checkpoint.pth for l2_alpha_idx: 0, fold 4, and epoch 10
BEGINNING EPOCH 11
[Epoch 11, Batch    50] avg loss: 0.6624
[Epoch 11, Batch   100] avg loss: 0.6521
[Epoch 11, Batch   150] avg loss: 0.6513
[Epoch 11, Batch   200] avg loss: 0.6625
[Epoch 11, Batch   250] avg loss: 0.6554
[Epoch 11, Batch   300] avg loss: 0.6565
Validation loss: 0.6738 (61 batches)
loss_per_epoch_list on epoch 11 is [0.7054925326441155, 0.699229154430452, 0.6967849516477741, 0.7020388714602737, 0.6902523372994095, 0.6928108881731503, 0.6626252649260349, 0.6901163234085333, 0.6662331790220543, 0.6916184464439017, 0.6738290395893034]

Checkpoint saved at /cluster/tufts/capstone25skyblue/eelkus01/NEXRADTurbulencePrediction/model_training/trained_model_outputs/hybrid_42_model_checkpoint.pth for l2_alpha_idx: 0, fold 4, and epoch 11
BEGINNING EPOCH 12
[Epoch 12, Batch    50] avg loss: 0.6448
[Epoch 12, Batch   100] avg loss: 0.6476
[Epoch 12, Batch   150] avg loss: 0.6421
[Epoch 12, Batch   200] avg loss: 0.6553
[Epoch 12, Batch   250] avg loss: 0.6468
[Epoch 12, Batch   300] avg loss: 0.6497
Validation loss: 0.6681 (61 batches)
loss_per_epoch_list on epoch 12 is [0.7054925326441155, 0.699229154430452, 0.6967849516477741, 0.7020388714602737, 0.6902523372994095, 0.6928108881731503, 0.6626252649260349, 0.6901163234085333, 0.6662331790220543, 0.6916184464439017, 0.6738290395893034, 0.668115571874087]

Checkpoint saved at /cluster/tufts/capstone25skyblue/eelkus01/NEXRADTurbulencePrediction/model_training/trained_model_outputs/hybrid_42_model_checkpoint.pth for l2_alpha_idx: 0, fold 4, and epoch 12
BEGINNING EPOCH 13
[Epoch 13, Batch    50] avg loss: 0.6449
[Epoch 13, Batch   100] avg loss: 0.6429
[Epoch 13, Batch   150] avg loss: 0.6477
[Epoch 13, Batch   200] avg loss: 0.6444
[Epoch 13, Batch   250] avg loss: 0.6356
[Epoch 13, Batch   300] avg loss: 0.6476
Validation loss: 0.6431 (61 batches)
loss_per_epoch_list on epoch 13 is [0.7054925326441155, 0.699229154430452, 0.6967849516477741, 0.7020388714602737, 0.6902523372994095, 0.6928108881731503, 0.6626252649260349, 0.6901163234085333, 0.6662331790220543, 0.6916184464439017, 0.6738290395893034, 0.668115571874087, 0.6431022882461548]

Checkpoint saved at /cluster/tufts/capstone25skyblue/eelkus01/NEXRADTurbulencePrediction/model_training/trained_model_outputs/hybrid_42_model_checkpoint.pth for l2_alpha_idx: 0, fold 4, and epoch 13
BEGINNING EPOCH 14
[Epoch 14, Batch    50] avg loss: 0.6511
[Epoch 14, Batch   100] avg loss: 0.6493
[Epoch 14, Batch   150] avg loss: 0.6399
[Epoch 14, Batch   200] avg loss: 0.6393
[Epoch 14, Batch   250] avg loss: 0.6438
[Epoch 14, Batch   300] avg loss: 0.6370
Validation loss: 0.6759 (61 batches)
loss_per_epoch_list on epoch 14 is [0.7054925326441155, 0.699229154430452, 0.6967849516477741, 0.7020388714602737, 0.6902523372994095, 0.6928108881731503, 0.6626252649260349, 0.6901163234085333, 0.6662331790220543, 0.6916184464439017, 0.6738290395893034, 0.668115571874087, 0.6431022882461548, 0.6758539715751273]

Checkpoint saved at /cluster/tufts/capstone25skyblue/eelkus01/NEXRADTurbulencePrediction/model_training/trained_model_outputs/hybrid_42_model_checkpoint.pth for l2_alpha_idx: 0, fold 4, and epoch 14
BEGINNING EPOCH 15
[Epoch 15, Batch    50] avg loss: 0.6392
[Epoch 15, Batch   100] avg loss: 0.6419
[Epoch 15, Batch   150] avg loss: 0.6532
[Epoch 15, Batch   200] avg loss: 0.6434
[Epoch 15, Batch   250] avg loss: 0.6475
[Epoch 15, Batch   300] avg loss: 0.6319
Validation loss: 0.6831 (61 batches)
loss_per_epoch_list on epoch 15 is [0.7054925326441155, 0.699229154430452, 0.6967849516477741, 0.7020388714602737, 0.6902523372994095, 0.6928108881731503, 0.6626252649260349, 0.6901163234085333, 0.6662331790220543, 0.6916184464439017, 0.6738290395893034, 0.668115571874087, 0.6431022882461548, 0.6758539715751273, 0.6831229934926892]

Checkpoint saved at /cluster/tufts/capstone25skyblue/eelkus01/NEXRADTurbulencePrediction/model_training/trained_model_outputs/hybrid_42_model_checkpoint.pth for l2_alpha_idx: 0, fold 4, and epoch 15
BEGINNING EPOCH 16
[Epoch 16, Batch    50] avg loss: 0.6461
[Epoch 16, Batch   100] avg loss: 0.6368
[Epoch 16, Batch   150] avg loss: 0.6363
[Epoch 16, Batch   200] avg loss: 0.6392
[Epoch 16, Batch   250] avg loss: 0.6329
[Epoch 16, Batch   300] avg loss: 0.6398
Validation loss: 0.7170 (61 batches)
loss_per_epoch_list on epoch 16 is [0.7054925326441155, 0.699229154430452, 0.6967849516477741, 0.7020388714602737, 0.6902523372994095, 0.6928108881731503, 0.6626252649260349, 0.6901163234085333, 0.6662331790220543, 0.6916184464439017, 0.6738290395893034, 0.668115571874087, 0.6431022882461548, 0.6758539715751273, 0.6831229934926892, 0.717037625000125]

Checkpoint saved at /cluster/tufts/capstone25skyblue/eelkus01/NEXRADTurbulencePrediction/model_training/trained_model_outputs/hybrid_42_model_checkpoint.pth for l2_alpha_idx: 0, fold 4, and epoch 16
BEGINNING EPOCH 17
[Epoch 17, Batch    50] avg loss: 0.6314
[Epoch 17, Batch   100] avg loss: 0.6390
[Epoch 17, Batch   150] avg loss: 0.6267
[Epoch 17, Batch   200] avg loss: 0.6347
[Epoch 17, Batch   250] avg loss: 0.6223
[Epoch 17, Batch   300] avg loss: 0.6381
Validation loss: 0.6411 (61 batches)
loss_per_epoch_list on epoch 17 is [0.7054925326441155, 0.699229154430452, 0.6967849516477741, 0.7020388714602737, 0.6902523372994095, 0.6928108881731503, 0.6626252649260349, 0.6901163234085333, 0.6662331790220543, 0.6916184464439017, 0.6738290395893034, 0.668115571874087, 0.6431022882461548, 0.6758539715751273, 0.6831229934926892, 0.717037625000125, 0.6410947852447385]

Checkpoint saved at /cluster/tufts/capstone25skyblue/eelkus01/NEXRADTurbulencePrediction/model_training/trained_model_outputs/hybrid_42_model_checkpoint.pth for l2_alpha_idx: 0, fold 4, and epoch 17
BEGINNING EPOCH 18
[Epoch 18, Batch    50] avg loss: 0.6277
[Epoch 18, Batch   100] avg loss: 0.6246
[Epoch 18, Batch   150] avg loss: 0.6228
[Epoch 18, Batch   200] avg loss: 0.6306
[Epoch 18, Batch   250] avg loss: 0.6326
[Epoch 18, Batch   300] avg loss: 0.6359
Validation loss: 0.7586 (61 batches)
loss_per_epoch_list on epoch 18 is [0.7054925326441155, 0.699229154430452, 0.6967849516477741, 0.7020388714602737, 0.6902523372994095, 0.6928108881731503, 0.6626252649260349, 0.6901163234085333, 0.6662331790220543, 0.6916184464439017, 0.6738290395893034, 0.668115571874087, 0.6431022882461548, 0.6758539715751273, 0.6831229934926892, 0.717037625000125, 0.6410947852447385, 0.7585798697393449]

Checkpoint saved at /cluster/tufts/capstone25skyblue/eelkus01/NEXRADTurbulencePrediction/model_training/trained_model_outputs/hybrid_42_model_checkpoint.pth for l2_alpha_idx: 0, fold 4, and epoch 18
BEGINNING EPOCH 19
[Epoch 19, Batch    50] avg loss: 0.6067
[Epoch 19, Batch   100] avg loss: 0.6244
[Epoch 19, Batch   150] avg loss: 0.6271
[Epoch 19, Batch   200] avg loss: 0.6298
[Epoch 19, Batch   250] avg loss: 0.6233
[Epoch 19, Batch   300] avg loss: 0.6206
Validation loss: 0.7032 (61 batches)
loss_per_epoch_list on epoch 19 is [0.7054925326441155, 0.699229154430452, 0.6967849516477741, 0.7020388714602737, 0.6902523372994095, 0.6928108881731503, 0.6626252649260349, 0.6901163234085333, 0.6662331790220543, 0.6916184464439017, 0.6738290395893034, 0.668115571874087, 0.6431022882461548, 0.6758539715751273, 0.6831229934926892, 0.717037625000125, 0.6410947852447385, 0.7585798697393449, 0.7031937231783008]

Checkpoint saved at /cluster/tufts/capstone25skyblue/eelkus01/NEXRADTurbulencePrediction/model_training/trained_model_outputs/hybrid_42_model_checkpoint.pth for l2_alpha_idx: 0, fold 4, and epoch 19
BEGINNING EPOCH 20
[Epoch 20, Batch    50] avg loss: 0.6230
[Epoch 20, Batch   100] avg loss: 0.6186
[Epoch 20, Batch   150] avg loss: 0.6220
[Epoch 20, Batch   200] avg loss: 0.6130
[Epoch 20, Batch   250] avg loss: 0.6198
[Epoch 20, Batch   300] avg loss: 0.6129
Validation loss: 0.6741 (61 batches)
loss_per_epoch_list on epoch 20 is [0.7054925326441155, 0.699229154430452, 0.6967849516477741, 0.7020388714602737, 0.6902523372994095, 0.6928108881731503, 0.6626252649260349, 0.6901163234085333, 0.6662331790220543, 0.6916184464439017, 0.6738290395893034, 0.668115571874087, 0.6431022882461548, 0.6758539715751273, 0.6831229934926892, 0.717037625000125, 0.6410947852447385, 0.7585798697393449, 0.7031937231783008, 0.6741150764168286]

Checkpoint saved at /cluster/tufts/capstone25skyblue/eelkus01/NEXRADTurbulencePrediction/model_training/trained_model_outputs/hybrid_42_model_checkpoint.pth for l2_alpha_idx: 0, fold 4, and epoch 20
BEGINNING EPOCH 21
[Epoch 21, Batch    50] avg loss: 0.6223
[Epoch 21, Batch   100] avg loss: 0.6092
[Epoch 21, Batch   150] avg loss: 0.6219
[Epoch 21, Batch   200] avg loss: 0.6039
[Epoch 21, Batch   250] avg loss: 0.5954
[Epoch 21, Batch   300] avg loss: 0.6079
Validation loss: 0.6792 (61 batches)
loss_per_epoch_list on epoch 21 is [0.7054925326441155, 0.699229154430452, 0.6967849516477741, 0.7020388714602737, 0.6902523372994095, 0.6928108881731503, 0.6626252649260349, 0.6901163234085333, 0.6662331790220543, 0.6916184464439017, 0.6738290395893034, 0.668115571874087, 0.6431022882461548, 0.6758539715751273, 0.6831229934926892, 0.717037625000125, 0.6410947852447385, 0.7585798697393449, 0.7031937231783008, 0.6741150764168286, 0.6792130245537055]

Checkpoint saved at /cluster/tufts/capstone25skyblue/eelkus01/NEXRADTurbulencePrediction/model_training/trained_model_outputs/hybrid_42_model_checkpoint.pth for l2_alpha_idx: 0, fold 4, and epoch 21
BEGINNING EPOCH 22
[Epoch 22, Batch    50] avg loss: 0.6221
[Epoch 22, Batch   100] avg loss: 0.6223
[Epoch 22, Batch   150] avg loss: 0.6153
[Epoch 22, Batch   200] avg loss: 0.5923
[Epoch 22, Batch   250] avg loss: 0.5991
[Epoch 22, Batch   300] avg loss: 0.6044
Validation loss: 0.6701 (61 batches)
loss_per_epoch_list on epoch 22 is [0.7054925326441155, 0.699229154430452, 0.6967849516477741, 0.7020388714602737, 0.6902523372994095, 0.6928108881731503, 0.6626252649260349, 0.6901163234085333, 0.6662331790220543, 0.6916184464439017, 0.6738290395893034, 0.668115571874087, 0.6431022882461548, 0.6758539715751273, 0.6831229934926892, 0.717037625000125, 0.6410947852447385, 0.7585798697393449, 0.7031937231783008, 0.6741150764168286, 0.6792130245537055, 0.6701435632393008]

Checkpoint saved at /cluster/tufts/capstone25skyblue/eelkus01/NEXRADTurbulencePrediction/model_training/trained_model_outputs/hybrid_42_model_checkpoint.pth for l2_alpha_idx: 0, fold 4, and epoch 22
BEGINNING EPOCH 23
[Epoch 23, Batch    50] avg loss: 0.6192
[Epoch 23, Batch   100] avg loss: 0.6066
[Epoch 23, Batch   150] avg loss: 0.5971
[Epoch 23, Batch   200] avg loss: 0.5959
[Epoch 23, Batch   250] avg loss: 0.5980
[Epoch 23, Batch   300] avg loss: 0.5950
Validation loss: 0.6254 (61 batches)
loss_per_epoch_list on epoch 23 is [0.7054925326441155, 0.699229154430452, 0.6967849516477741, 0.7020388714602737, 0.6902523372994095, 0.6928108881731503, 0.6626252649260349, 0.6901163234085333, 0.6662331790220543, 0.6916184464439017, 0.6738290395893034, 0.668115571874087, 0.6431022882461548, 0.6758539715751273, 0.6831229934926892, 0.717037625000125, 0.6410947852447385, 0.7585798697393449, 0.7031937231783008, 0.6741150764168286, 0.6792130245537055, 0.6701435632393008, 0.6253831073886058]

Checkpoint saved at /cluster/tufts/capstone25skyblue/eelkus01/NEXRADTurbulencePrediction/model_training/trained_model_outputs/hybrid_42_model_checkpoint.pth for l2_alpha_idx: 0, fold 4, and epoch 23
BEGINNING EPOCH 24
[Epoch 24, Batch    50] avg loss: 0.6076
[Epoch 24, Batch   100] avg loss: 0.5860
[Epoch 24, Batch   150] avg loss: 0.5872
[Epoch 24, Batch   200] avg loss: 0.5946
[Epoch 24, Batch   250] avg loss: 0.5975
[Epoch 24, Batch   300] avg loss: 0.5825
Validation loss: 0.7715 (61 batches)
loss_per_epoch_list on epoch 24 is [0.7054925326441155, 0.699229154430452, 0.6967849516477741, 0.7020388714602737, 0.6902523372994095, 0.6928108881731503, 0.6626252649260349, 0.6901163234085333, 0.6662331790220543, 0.6916184464439017, 0.6738290395893034, 0.668115571874087, 0.6431022882461548, 0.6758539715751273, 0.6831229934926892, 0.717037625000125, 0.6410947852447385, 0.7585798697393449, 0.7031937231783008, 0.6741150764168286, 0.6792130245537055, 0.6701435632393008, 0.6253831073886058, 0.7714642081104341]

Checkpoint saved at /cluster/tufts/capstone25skyblue/eelkus01/NEXRADTurbulencePrediction/model_training/trained_model_outputs/hybrid_42_model_checkpoint.pth for l2_alpha_idx: 0, fold 4, and epoch 24
BEGINNING EPOCH 25
[Epoch 25, Batch    50] avg loss: 0.5832
[Epoch 25, Batch   100] avg loss: 0.5851
[Epoch 25, Batch   150] avg loss: 0.6014
[Epoch 25, Batch   200] avg loss: 0.5881
[Epoch 25, Batch   250] avg loss: 0.5798
[Epoch 25, Batch   300] avg loss: 0.5879
Validation loss: 0.7209 (61 batches)
loss_per_epoch_list on epoch 25 is [0.7054925326441155, 0.699229154430452, 0.6967849516477741, 0.7020388714602737, 0.6902523372994095, 0.6928108881731503, 0.6626252649260349, 0.6901163234085333, 0.6662331790220543, 0.6916184464439017, 0.6738290395893034, 0.668115571874087, 0.6431022882461548, 0.6758539715751273, 0.6831229934926892, 0.717037625000125, 0.6410947852447385, 0.7585798697393449, 0.7031937231783008, 0.6741150764168286, 0.6792130245537055, 0.6701435632393008, 0.6253831073886058, 0.7714642081104341, 0.7208733636824811]

Checkpoint saved at /cluster/tufts/capstone25skyblue/eelkus01/NEXRADTurbulencePrediction/model_training/trained_model_outputs/hybrid_42_model_checkpoint.pth for l2_alpha_idx: 0, fold 4, and epoch 25
BEGINNING EPOCH 26
[Epoch 26, Batch    50] avg loss: 0.5890
[Epoch 26, Batch   100] avg loss: 0.5829
[Epoch 26, Batch   150] avg loss: 0.5740
[Epoch 26, Batch   200] avg loss: 0.5763
[Epoch 26, Batch   250] avg loss: 0.5642
[Epoch 26, Batch   300] avg loss: 0.5855
Validation loss: 0.6579 (61 batches)
loss_per_epoch_list on epoch 26 is [0.7054925326441155, 0.699229154430452, 0.6967849516477741, 0.7020388714602737, 0.6902523372994095, 0.6928108881731503, 0.6626252649260349, 0.6901163234085333, 0.6662331790220543, 0.6916184464439017, 0.6738290395893034, 0.668115571874087, 0.6431022882461548, 0.6758539715751273, 0.6831229934926892, 0.717037625000125, 0.6410947852447385, 0.7585798697393449, 0.7031937231783008, 0.6741150764168286, 0.6792130245537055, 0.6701435632393008, 0.6253831073886058, 0.7714642081104341, 0.7208733636824811, 0.6578879488296197]

Checkpoint saved at /cluster/tufts/capstone25skyblue/eelkus01/NEXRADTurbulencePrediction/model_training/trained_model_outputs/hybrid_42_model_checkpoint.pth for l2_alpha_idx: 0, fold 4, and epoch 26
BEGINNING EPOCH 27
[Epoch 27, Batch    50] avg loss: 0.5707
[Epoch 27, Batch   100] avg loss: 0.5732
[Epoch 27, Batch   150] avg loss: 0.5722
[Epoch 27, Batch   200] avg loss: 0.5696
[Epoch 27, Batch   250] avg loss: 0.5591
[Epoch 27, Batch   300] avg loss: 0.5815
Validation loss: 0.7337 (61 batches)
loss_per_epoch_list on epoch 27 is [0.7054925326441155, 0.699229154430452, 0.6967849516477741, 0.7020388714602737, 0.6902523372994095, 0.6928108881731503, 0.6626252649260349, 0.6901163234085333, 0.6662331790220543, 0.6916184464439017, 0.6738290395893034, 0.668115571874087, 0.6431022882461548, 0.6758539715751273, 0.6831229934926892, 0.717037625000125, 0.6410947852447385, 0.7585798697393449, 0.7031937231783008, 0.6741150764168286, 0.6792130245537055, 0.6701435632393008, 0.6253831073886058, 0.7714642081104341, 0.7208733636824811, 0.6578879488296197, 0.733736831633771]

Checkpoint saved at /cluster/tufts/capstone25skyblue/eelkus01/NEXRADTurbulencePrediction/model_training/trained_model_outputs/hybrid_42_model_checkpoint.pth for l2_alpha_idx: 0, fold 4, and epoch 27
BEGINNING EPOCH 28
[Epoch 28, Batch    50] avg loss: 0.5670
[Epoch 28, Batch   100] avg loss: 0.5565
[Epoch 28, Batch   150] avg loss: 0.5535
[Epoch 28, Batch   200] avg loss: 0.5673
[Epoch 28, Batch   250] avg loss: 0.5591
[Epoch 28, Batch   300] avg loss: 0.5478
Validation loss: 0.6627 (61 batches)
loss_per_epoch_list on epoch 28 is [0.7054925326441155, 0.699229154430452, 0.6967849516477741, 0.7020388714602737, 0.6902523372994095, 0.6928108881731503, 0.6626252649260349, 0.6901163234085333, 0.6662331790220543, 0.6916184464439017, 0.6738290395893034, 0.668115571874087, 0.6431022882461548, 0.6758539715751273, 0.6831229934926892, 0.717037625000125, 0.6410947852447385, 0.7585798697393449, 0.7031937231783008, 0.6741150764168286, 0.6792130245537055, 0.6701435632393008, 0.6253831073886058, 0.7714642081104341, 0.7208733636824811, 0.6578879488296197, 0.733736831633771, 0.6627104590173627]

Checkpoint saved at /cluster/tufts/capstone25skyblue/eelkus01/NEXRADTurbulencePrediction/model_training/trained_model_outputs/hybrid_42_model_checkpoint.pth for l2_alpha_idx: 0, fold 4, and epoch 28
BEGINNING EPOCH 29
[Epoch 29, Batch    50] avg loss: 0.5417
[Epoch 29, Batch   100] avg loss: 0.5491
[Epoch 29, Batch   150] avg loss: 0.5655
[Epoch 29, Batch   200] avg loss: 0.5393
[Epoch 29, Batch   250] avg loss: 0.5436
[Epoch 29, Batch   300] avg loss: 0.5404
Validation loss: 0.9688 (61 batches)
loss_per_epoch_list on epoch 29 is [0.7054925326441155, 0.699229154430452, 0.6967849516477741, 0.7020388714602737, 0.6902523372994095, 0.6928108881731503, 0.6626252649260349, 0.6901163234085333, 0.6662331790220543, 0.6916184464439017, 0.6738290395893034, 0.668115571874087, 0.6431022882461548, 0.6758539715751273, 0.6831229934926892, 0.717037625000125, 0.6410947852447385, 0.7585798697393449, 0.7031937231783008, 0.6741150764168286, 0.6792130245537055, 0.6701435632393008, 0.6253831073886058, 0.7714642081104341, 0.7208733636824811, 0.6578879488296197, 0.733736831633771, 0.6627104590173627, 0.9687827864631278]

Checkpoint saved at /cluster/tufts/capstone25skyblue/eelkus01/NEXRADTurbulencePrediction/model_training/trained_model_outputs/hybrid_42_model_checkpoint.pth for l2_alpha_idx: 0, fold 4, and epoch 29
Fold 4 had loss: 0.9687827864631278 on its last epoch

Fold 5 with l2_alpha = 0.1
Train subset size: 19254, Validation subset size: 3850
BEGINNING EPOCH 1
[Epoch 1, Batch    50] avg loss: 2.8351
[Epoch 1, Batch   100] avg loss: 0.7658
[Epoch 1, Batch   150] avg loss: 0.7458
[Epoch 1, Batch   200] avg loss: 0.7292
[Epoch 1, Batch   250] avg loss: 0.7255
[Epoch 1, Batch   300] avg loss: 0.6862
Validation loss: 0.6770 (61 batches)
loss_per_epoch_list on epoch 1 is [0.677031819937659]

Checkpoint saved at /cluster/tufts/capstone25skyblue/eelkus01/NEXRADTurbulencePrediction/model_training/trained_model_outputs/hybrid_42_model_checkpoint.pth for l2_alpha_idx: 0, fold 5, and epoch 1
BEGINNING EPOCH 2
[Epoch 2, Batch    50] avg loss: 0.6972
[Epoch 2, Batch   100] avg loss: 0.6857
[Epoch 2, Batch   150] avg loss: 0.6720
[Epoch 2, Batch   200] avg loss: 0.6694
[Epoch 2, Batch   250] avg loss: 0.6695
[Epoch 2, Batch   300] avg loss: 0.6685
Validation loss: 0.6524 (61 batches)
loss_per_epoch_list on epoch 2 is [0.677031819937659, 0.6523826884441688]

Checkpoint saved at /cluster/tufts/capstone25skyblue/eelkus01/NEXRADTurbulencePrediction/model_training/trained_model_outputs/hybrid_42_model_checkpoint.pth for l2_alpha_idx: 0, fold 5, and epoch 2
BEGINNING EPOCH 3
[Epoch 3, Batch    50] avg loss: 0.6769
[Epoch 3, Batch   100] avg loss: 0.6743
[Epoch 3, Batch   150] avg loss: 0.6730
[Epoch 3, Batch   200] avg loss: 0.6613
[Epoch 3, Batch   250] avg loss: 0.6699
[Epoch 3, Batch   300] avg loss: 0.6616
Validation loss: 0.6710 (61 batches)
loss_per_epoch_list on epoch 3 is [0.677031819937659, 0.6523826884441688, 0.6710283863739889]

Checkpoint saved at /cluster/tufts/capstone25skyblue/eelkus01/NEXRADTurbulencePrediction/model_training/trained_model_outputs/hybrid_42_model_checkpoint.pth for l2_alpha_idx: 0, fold 5, and epoch 3
BEGINNING EPOCH 4
[Epoch 4, Batch    50] avg loss: 0.6615
[Epoch 4, Batch   100] avg loss: 0.6539
[Epoch 4, Batch   150] avg loss: 0.6636
[Epoch 4, Batch   200] avg loss: 0.6725
[Epoch 4, Batch   250] avg loss: 0.6682
[Epoch 4, Batch   300] avg loss: 0.6586
Validation loss: 0.6759 (61 batches)
loss_per_epoch_list on epoch 4 is [0.677031819937659, 0.6523826884441688, 0.6710283863739889, 0.6759212310196924]

Checkpoint saved at /cluster/tufts/capstone25skyblue/eelkus01/NEXRADTurbulencePrediction/model_training/trained_model_outputs/hybrid_42_model_checkpoint.pth for l2_alpha_idx: 0, fold 5, and epoch 4
BEGINNING EPOCH 5
[Epoch 5, Batch    50] avg loss: 0.6550
[Epoch 5, Batch   100] avg loss: 0.6626
[Epoch 5, Batch   150] avg loss: 0.6488
[Epoch 5, Batch   200] avg loss: 0.6550
[Epoch 5, Batch   250] avg loss: 0.6473
[Epoch 5, Batch   300] avg loss: 0.6496
Validation loss: 0.6852 (61 batches)
loss_per_epoch_list on epoch 5 is [0.677031819937659, 0.6523826884441688, 0.6710283863739889, 0.6759212310196924, 0.6851638428500442]

Checkpoint saved at /cluster/tufts/capstone25skyblue/eelkus01/NEXRADTurbulencePrediction/model_training/trained_model_outputs/hybrid_42_model_checkpoint.pth for l2_alpha_idx: 0, fold 5, and epoch 5
BEGINNING EPOCH 6
[Epoch 6, Batch    50] avg loss: 0.6455
[Epoch 6, Batch   100] avg loss: 0.6572
[Epoch 6, Batch   150] avg loss: 0.6544
[Epoch 6, Batch   200] avg loss: 0.6619
[Epoch 6, Batch   250] avg loss: 0.6507
[Epoch 6, Batch   300] avg loss: 0.6432
Validation loss: 0.6863 (61 batches)
loss_per_epoch_list on epoch 6 is [0.677031819937659, 0.6523826884441688, 0.6710283863739889, 0.6759212310196924, 0.6851638428500442, 0.6862915773860744]

Checkpoint saved at /cluster/tufts/capstone25skyblue/eelkus01/NEXRADTurbulencePrediction/model_training/trained_model_outputs/hybrid_42_model_checkpoint.pth for l2_alpha_idx: 0, fold 5, and epoch 6
BEGINNING EPOCH 7
[Epoch 7, Batch    50] avg loss: 0.6510
[Epoch 7, Batch   100] avg loss: 0.6558
[Epoch 7, Batch   150] avg loss: 0.6547
[Epoch 7, Batch   200] avg loss: 0.6429
[Epoch 7, Batch   250] avg loss: 0.6379
[Epoch 7, Batch   300] avg loss: 0.6461
Validation loss: 0.6636 (61 batches)
loss_per_epoch_list on epoch 7 is [0.677031819937659, 0.6523826884441688, 0.6710283863739889, 0.6759212310196924, 0.6851638428500442, 0.6862915773860744, 0.6635582388424482]

Checkpoint saved at /cluster/tufts/capstone25skyblue/eelkus01/NEXRADTurbulencePrediction/model_training/trained_model_outputs/hybrid_42_model_checkpoint.pth for l2_alpha_idx: 0, fold 5, and epoch 7
BEGINNING EPOCH 8
[Epoch 8, Batch    50] avg loss: 0.6413
[Epoch 8, Batch   100] avg loss: 0.6443
[Epoch 8, Batch   150] avg loss: 0.6379
[Epoch 8, Batch   200] avg loss: 0.6354
[Epoch 8, Batch   250] avg loss: 0.6524
[Epoch 8, Batch   300] avg loss: 0.6448
Validation loss: 0.6787 (61 batches)
loss_per_epoch_list on epoch 8 is [0.677031819937659, 0.6523826884441688, 0.6710283863739889, 0.6759212310196924, 0.6851638428500442, 0.6862915773860744, 0.6635582388424482, 0.6786810716644662]

Checkpoint saved at /cluster/tufts/capstone25skyblue/eelkus01/NEXRADTurbulencePrediction/model_training/trained_model_outputs/hybrid_42_model_checkpoint.pth for l2_alpha_idx: 0, fold 5, and epoch 8
BEGINNING EPOCH 9
[Epoch 9, Batch    50] avg loss: 0.6412
[Epoch 9, Batch   100] avg loss: 0.6432
[Epoch 9, Batch   150] avg loss: 0.6413
[Epoch 9, Batch   200] avg loss: 0.6385
[Epoch 9, Batch   250] avg loss: 0.6421
[Epoch 9, Batch   300] avg loss: 0.6334
Validation loss: 0.6468 (61 batches)
loss_per_epoch_list on epoch 9 is [0.677031819937659, 0.6523826884441688, 0.6710283863739889, 0.6759212310196924, 0.6851638428500442, 0.6862915773860744, 0.6635582388424482, 0.6786810716644662, 0.6467515826225281]

Checkpoint saved at /cluster/tufts/capstone25skyblue/eelkus01/NEXRADTurbulencePrediction/model_training/trained_model_outputs/hybrid_42_model_checkpoint.pth for l2_alpha_idx: 0, fold 5, and epoch 9
BEGINNING EPOCH 10
[Epoch 10, Batch    50] avg loss: 0.6426
[Epoch 10, Batch   100] avg loss: 0.6425
[Epoch 10, Batch   150] avg loss: 0.6342
[Epoch 10, Batch   200] avg loss: 0.6259
[Epoch 10, Batch   250] avg loss: 0.6414
[Epoch 10, Batch   300] avg loss: 0.6251
Validation loss: 0.6618 (61 batches)
loss_per_epoch_list on epoch 10 is [0.677031819937659, 0.6523826884441688, 0.6710283863739889, 0.6759212310196924, 0.6851638428500442, 0.6862915773860744, 0.6635582388424482, 0.6786810716644662, 0.6467515826225281, 0.6617777073969606]

Checkpoint saved at /cluster/tufts/capstone25skyblue/eelkus01/NEXRADTurbulencePrediction/model_training/trained_model_outputs/hybrid_42_model_checkpoint.pth for l2_alpha_idx: 0, fold 5, and epoch 10
BEGINNING EPOCH 11
[Epoch 11, Batch    50] avg loss: 0.6233
[Epoch 11, Batch   100] avg loss: 0.6278
[Epoch 11, Batch   150] avg loss: 0.6161
[Epoch 11, Batch   200] avg loss: 0.6328
[Epoch 11, Batch   250] avg loss: 0.6256
[Epoch 11, Batch   300] avg loss: 0.6236
Validation loss: 0.7461 (61 batches)
loss_per_epoch_list on epoch 11 is [0.677031819937659, 0.6523826884441688, 0.6710283863739889, 0.6759212310196924, 0.6851638428500442, 0.6862915773860744, 0.6635582388424482, 0.6786810716644662, 0.6467515826225281, 0.6617777073969606, 0.7461485569594336]

Checkpoint saved at /cluster/tufts/capstone25skyblue/eelkus01/NEXRADTurbulencePrediction/model_training/trained_model_outputs/hybrid_42_model_checkpoint.pth for l2_alpha_idx: 0, fold 5, and epoch 11
BEGINNING EPOCH 12
[Epoch 12, Batch    50] avg loss: 0.6320
[Epoch 12, Batch   100] avg loss: 0.6291
[Epoch 12, Batch   150] avg loss: 0.6252
[Epoch 12, Batch   200] avg loss: 0.6211
[Epoch 12, Batch   250] avg loss: 0.6330
[Epoch 12, Batch   300] avg loss: 0.6162
Validation loss: 0.6158 (61 batches)
loss_per_epoch_list on epoch 12 is [0.677031819937659, 0.6523826884441688, 0.6710283863739889, 0.6759212310196924, 0.6851638428500442, 0.6862915773860744, 0.6635582388424482, 0.6786810716644662, 0.6467515826225281, 0.6617777073969606, 0.7461485569594336, 0.6157575625865186]

Checkpoint saved at /cluster/tufts/capstone25skyblue/eelkus01/NEXRADTurbulencePrediction/model_training/trained_model_outputs/hybrid_42_model_checkpoint.pth for l2_alpha_idx: 0, fold 5, and epoch 12
BEGINNING EPOCH 13
[Epoch 13, Batch    50] avg loss: 0.6189
[Epoch 13, Batch   100] avg loss: 0.6180
[Epoch 13, Batch   150] avg loss: 0.6110
[Epoch 13, Batch   200] avg loss: 0.6128
[Epoch 13, Batch   250] avg loss: 0.6126
[Epoch 13, Batch   300] avg loss: 0.6077
Validation loss: 0.7404 (61 batches)
loss_per_epoch_list on epoch 13 is [0.677031819937659, 0.6523826884441688, 0.6710283863739889, 0.6759212310196924, 0.6851638428500442, 0.6862915773860744, 0.6635582388424482, 0.6786810716644662, 0.6467515826225281, 0.6617777073969606, 0.7461485569594336, 0.6157575625865186, 0.7404484035538845]

Checkpoint saved at /cluster/tufts/capstone25skyblue/eelkus01/NEXRADTurbulencePrediction/model_training/trained_model_outputs/hybrid_42_model_checkpoint.pth for l2_alpha_idx: 0, fold 5, and epoch 13
BEGINNING EPOCH 14
[Epoch 14, Batch    50] avg loss: 0.6125
[Epoch 14, Batch   100] avg loss: 0.6174
[Epoch 14, Batch   150] avg loss: 0.6129
[Epoch 14, Batch   200] avg loss: 0.6101
[Epoch 14, Batch   250] avg loss: 0.6033
[Epoch 14, Batch   300] avg loss: 0.6009
Validation loss: 0.6606 (61 batches)
loss_per_epoch_list on epoch 14 is [0.677031819937659, 0.6523826884441688, 0.6710283863739889, 0.6759212310196924, 0.6851638428500442, 0.6862915773860744, 0.6635582388424482, 0.6786810716644662, 0.6467515826225281, 0.6617777073969606, 0.7461485569594336, 0.6157575625865186, 0.7404484035538845, 0.6605816248987542]

Checkpoint saved at /cluster/tufts/capstone25skyblue/eelkus01/NEXRADTurbulencePrediction/model_training/trained_model_outputs/hybrid_42_model_checkpoint.pth for l2_alpha_idx: 0, fold 5, and epoch 14
BEGINNING EPOCH 15
[Epoch 15, Batch    50] avg loss: 0.6095
[Epoch 15, Batch   100] avg loss: 0.6034
[Epoch 15, Batch   150] avg loss: 0.5914
[Epoch 15, Batch   200] avg loss: 0.5930
[Epoch 15, Batch   250] avg loss: 0.5889
[Epoch 15, Batch   300] avg loss: 0.5823
Validation loss: 0.7774 (61 batches)
loss_per_epoch_list on epoch 15 is [0.677031819937659, 0.6523826884441688, 0.6710283863739889, 0.6759212310196924, 0.6851638428500442, 0.6862915773860744, 0.6635582388424482, 0.6786810716644662, 0.6467515826225281, 0.6617777073969606, 0.7461485569594336, 0.6157575625865186, 0.7404484035538845, 0.6605816248987542, 0.7774499576599871]

Checkpoint saved at /cluster/tufts/capstone25skyblue/eelkus01/NEXRADTurbulencePrediction/model_training/trained_model_outputs/hybrid_42_model_checkpoint.pth for l2_alpha_idx: 0, fold 5, and epoch 15
BEGINNING EPOCH 16
[Epoch 16, Batch    50] avg loss: 0.6037
[Epoch 16, Batch   100] avg loss: 0.5853
[Epoch 16, Batch   150] avg loss: 0.6082
[Epoch 16, Batch   200] avg loss: 0.5793
[Epoch 16, Batch   250] avg loss: 0.5925
[Epoch 16, Batch   300] avg loss: 0.5756
Validation loss: 0.6576 (61 batches)
loss_per_epoch_list on epoch 16 is [0.677031819937659, 0.6523826884441688, 0.6710283863739889, 0.6759212310196924, 0.6851638428500442, 0.6862915773860744, 0.6635582388424482, 0.6786810716644662, 0.6467515826225281, 0.6617777073969606, 0.7461485569594336, 0.6157575625865186, 0.7404484035538845, 0.6605816248987542, 0.7774499576599871, 0.6576419599720689]

Checkpoint saved at /cluster/tufts/capstone25skyblue/eelkus01/NEXRADTurbulencePrediction/model_training/trained_model_outputs/hybrid_42_model_checkpoint.pth for l2_alpha_idx: 0, fold 5, and epoch 16
BEGINNING EPOCH 17
[Epoch 17, Batch    50] avg loss: 0.5778
[Epoch 17, Batch   100] avg loss: 0.5840
[Epoch 17, Batch   150] avg loss: 0.5856
[Epoch 17, Batch   200] avg loss: 0.5605
[Epoch 17, Batch   250] avg loss: 0.5551
[Epoch 17, Batch   300] avg loss: 0.5562
Validation loss: 0.6877 (61 batches)
loss_per_epoch_list on epoch 17 is [0.677031819937659, 0.6523826884441688, 0.6710283863739889, 0.6759212310196924, 0.6851638428500442, 0.6862915773860744, 0.6635582388424482, 0.6786810716644662, 0.6467515826225281, 0.6617777073969606, 0.7461485569594336, 0.6157575625865186, 0.7404484035538845, 0.6605816248987542, 0.7774499576599871, 0.6576419599720689, 0.6877465433761721]

Checkpoint saved at /cluster/tufts/capstone25skyblue/eelkus01/NEXRADTurbulencePrediction/model_training/trained_model_outputs/hybrid_42_model_checkpoint.pth for l2_alpha_idx: 0, fold 5, and epoch 17
BEGINNING EPOCH 18
[Epoch 18, Batch    50] avg loss: 0.5737
[Epoch 18, Batch   100] avg loss: 0.5769
[Epoch 18, Batch   150] avg loss: 0.5707
[Epoch 18, Batch   200] avg loss: 0.5536
[Epoch 18, Batch   250] avg loss: 0.5638
[Epoch 18, Batch   300] avg loss: 0.5567
Validation loss: 0.7421 (61 batches)
loss_per_epoch_list on epoch 18 is [0.677031819937659, 0.6523826884441688, 0.6710283863739889, 0.6759212310196924, 0.6851638428500442, 0.6862915773860744, 0.6635582388424482, 0.6786810716644662, 0.6467515826225281, 0.6617777073969606, 0.7461485569594336, 0.6157575625865186, 0.7404484035538845, 0.6605816248987542, 0.7774499576599871, 0.6576419599720689, 0.6877465433761721, 0.742096438759663]

Checkpoint saved at /cluster/tufts/capstone25skyblue/eelkus01/NEXRADTurbulencePrediction/model_training/trained_model_outputs/hybrid_42_model_checkpoint.pth for l2_alpha_idx: 0, fold 5, and epoch 18
BEGINNING EPOCH 19
[Epoch 19, Batch    50] avg loss: 0.5589
[Epoch 19, Batch   100] avg loss: 0.5543
[Epoch 19, Batch   150] avg loss: 0.5643
[Epoch 19, Batch   200] avg loss: 0.5470
[Epoch 19, Batch   250] avg loss: 0.5479
[Epoch 19, Batch   300] avg loss: 0.5600
Validation loss: 1.0514 (61 batches)
loss_per_epoch_list on epoch 19 is [0.677031819937659, 0.6523826884441688, 0.6710283863739889, 0.6759212310196924, 0.6851638428500442, 0.6862915773860744, 0.6635582388424482, 0.6786810716644662, 0.6467515826225281, 0.6617777073969606, 0.7461485569594336, 0.6157575625865186, 0.7404484035538845, 0.6605816248987542, 0.7774499576599871, 0.6576419599720689, 0.6877465433761721, 0.742096438759663, 1.0513885490229873]

Checkpoint saved at /cluster/tufts/capstone25skyblue/eelkus01/NEXRADTurbulencePrediction/model_training/trained_model_outputs/hybrid_42_model_checkpoint.pth for l2_alpha_idx: 0, fold 5, and epoch 19
BEGINNING EPOCH 20
[Epoch 20, Batch    50] avg loss: 0.5167
[Epoch 20, Batch   100] avg loss: 0.5383
[Epoch 20, Batch   150] avg loss: 0.5407
[Epoch 20, Batch   200] avg loss: 0.5289
[Epoch 20, Batch   250] avg loss: 0.5107
[Epoch 20, Batch   300] avg loss: 0.5104
Validation loss: 0.7193 (61 batches)
loss_per_epoch_list on epoch 20 is [0.677031819937659, 0.6523826884441688, 0.6710283863739889, 0.6759212310196924, 0.6851638428500442, 0.6862915773860744, 0.6635582388424482, 0.6786810716644662, 0.6467515826225281, 0.6617777073969606, 0.7461485569594336, 0.6157575625865186, 0.7404484035538845, 0.6605816248987542, 0.7774499576599871, 0.6576419599720689, 0.6877465433761721, 0.742096438759663, 1.0513885490229873, 0.7192592982385979]

Checkpoint saved at /cluster/tufts/capstone25skyblue/eelkus01/NEXRADTurbulencePrediction/model_training/trained_model_outputs/hybrid_42_model_checkpoint.pth for l2_alpha_idx: 0, fold 5, and epoch 20
BEGINNING EPOCH 21
[Epoch 21, Batch    50] avg loss: 0.5300
[Epoch 21, Batch   100] avg loss: 0.5187
[Epoch 21, Batch   150] avg loss: 0.5087
[Epoch 21, Batch   200] avg loss: 0.5108
[Epoch 21, Batch   250] avg loss: 0.5034
[Epoch 21, Batch   300] avg loss: 0.5068
Validation loss: 0.7127 (61 batches)
loss_per_epoch_list on epoch 21 is [0.677031819937659, 0.6523826884441688, 0.6710283863739889, 0.6759212310196924, 0.6851638428500442, 0.6862915773860744, 0.6635582388424482, 0.6786810716644662, 0.6467515826225281, 0.6617777073969606, 0.7461485569594336, 0.6157575625865186, 0.7404484035538845, 0.6605816248987542, 0.7774499576599871, 0.6576419599720689, 0.6877465433761721, 0.742096438759663, 1.0513885490229873, 0.7192592982385979, 0.7127318734028301]

Checkpoint saved at /cluster/tufts/capstone25skyblue/eelkus01/NEXRADTurbulencePrediction/model_training/trained_model_outputs/hybrid_42_model_checkpoint.pth for l2_alpha_idx: 0, fold 5, and epoch 21
BEGINNING EPOCH 22
[Epoch 22, Batch    50] avg loss: 0.5192
[Epoch 22, Batch   100] avg loss: 0.5055
[Epoch 22, Batch   150] avg loss: 0.4901
[Epoch 22, Batch   200] avg loss: 0.5287
[Epoch 22, Batch   250] avg loss: 0.5029
[Epoch 22, Batch   300] avg loss: 0.4904
Validation loss: 0.7974 (61 batches)
loss_per_epoch_list on epoch 22 is [0.677031819937659, 0.6523826884441688, 0.6710283863739889, 0.6759212310196924, 0.6851638428500442, 0.6862915773860744, 0.6635582388424482, 0.6786810716644662, 0.6467515826225281, 0.6617777073969606, 0.7461485569594336, 0.6157575625865186, 0.7404484035538845, 0.6605816248987542, 0.7774499576599871, 0.6576419599720689, 0.6877465433761721, 0.742096438759663, 1.0513885490229873, 0.7192592982385979, 0.7127318734028301, 0.7973581923813117]

Checkpoint saved at /cluster/tufts/capstone25skyblue/eelkus01/NEXRADTurbulencePrediction/model_training/trained_model_outputs/hybrid_42_model_checkpoint.pth for l2_alpha_idx: 0, fold 5, and epoch 22
BEGINNING EPOCH 23
[Epoch 23, Batch    50] avg loss: 0.4883
[Epoch 23, Batch   100] avg loss: 0.5003
[Epoch 23, Batch   150] avg loss: 0.5020
[Epoch 23, Batch   200] avg loss: 0.4600
[Epoch 23, Batch   250] avg loss: 0.4938
[Epoch 23, Batch   300] avg loss: 0.4876
Validation loss: 0.9619 (61 batches)
loss_per_epoch_list on epoch 23 is [0.677031819937659, 0.6523826884441688, 0.6710283863739889, 0.6759212310196924, 0.6851638428500442, 0.6862915773860744, 0.6635582388424482, 0.6786810716644662, 0.6467515826225281, 0.6617777073969606, 0.7461485569594336, 0.6157575625865186, 0.7404484035538845, 0.6605816248987542, 0.7774499576599871, 0.6576419599720689, 0.6877465433761721, 0.742096438759663, 1.0513885490229873, 0.7192592982385979, 0.7127318734028301, 0.7973581923813117, 0.9619255446996845]

Checkpoint saved at /cluster/tufts/capstone25skyblue/eelkus01/NEXRADTurbulencePrediction/model_training/trained_model_outputs/hybrid_42_model_checkpoint.pth for l2_alpha_idx: 0, fold 5, and epoch 23
BEGINNING EPOCH 24
[Epoch 24, Batch    50] avg loss: 0.4777
[Epoch 24, Batch   100] avg loss: 0.4872
[Epoch 24, Batch   150] avg loss: 0.4574
[Epoch 24, Batch   200] avg loss: 0.4864
[Epoch 24, Batch   250] avg loss: 0.4788
[Epoch 24, Batch   300] avg loss: 0.4733
Validation loss: 0.7664 (61 batches)
loss_per_epoch_list on epoch 24 is [0.677031819937659, 0.6523826884441688, 0.6710283863739889, 0.6759212310196924, 0.6851638428500442, 0.6862915773860744, 0.6635582388424482, 0.6786810716644662, 0.6467515826225281, 0.6617777073969606, 0.7461485569594336, 0.6157575625865186, 0.7404484035538845, 0.6605816248987542, 0.7774499576599871, 0.6576419599720689, 0.6877465433761721, 0.742096438759663, 1.0513885490229873, 0.7192592982385979, 0.7127318734028301, 0.7973581923813117, 0.9619255446996845, 0.7663716131546459]

Checkpoint saved at /cluster/tufts/capstone25skyblue/eelkus01/NEXRADTurbulencePrediction/model_training/trained_model_outputs/hybrid_42_model_checkpoint.pth for l2_alpha_idx: 0, fold 5, and epoch 24
BEGINNING EPOCH 25
[Epoch 25, Batch    50] avg loss: 0.4891
[Epoch 25, Batch   100] avg loss: 0.4802
[Epoch 25, Batch   150] avg loss: 0.4574
[Epoch 25, Batch   200] avg loss: 0.4548
[Epoch 25, Batch   250] avg loss: 0.4405
[Epoch 25, Batch   300] avg loss: 0.4697
Validation loss: 0.8783 (61 batches)
loss_per_epoch_list on epoch 25 is [0.677031819937659, 0.6523826884441688, 0.6710283863739889, 0.6759212310196924, 0.6851638428500442, 0.6862915773860744, 0.6635582388424482, 0.6786810716644662, 0.6467515826225281, 0.6617777073969606, 0.7461485569594336, 0.6157575625865186, 0.7404484035538845, 0.6605816248987542, 0.7774499576599871, 0.6576419599720689, 0.6877465433761721, 0.742096438759663, 1.0513885490229873, 0.7192592982385979, 0.7127318734028301, 0.7973581923813117, 0.9619255446996845, 0.7663716131546459, 0.8783119399039472]

Checkpoint saved at /cluster/tufts/capstone25skyblue/eelkus01/NEXRADTurbulencePrediction/model_training/trained_model_outputs/hybrid_42_model_checkpoint.pth for l2_alpha_idx: 0, fold 5, and epoch 25
BEGINNING EPOCH 26
[Epoch 26, Batch    50] avg loss: 0.4741
[Epoch 26, Batch   100] avg loss: 0.4676
[Epoch 26, Batch   150] avg loss: 0.4519
[Epoch 26, Batch   200] avg loss: 0.4363
[Epoch 26, Batch   250] avg loss: 0.4531
[Epoch 26, Batch   300] avg loss: 0.4150
Validation loss: 1.1387 (61 batches)
loss_per_epoch_list on epoch 26 is [0.677031819937659, 0.6523826884441688, 0.6710283863739889, 0.6759212310196924, 0.6851638428500442, 0.6862915773860744, 0.6635582388424482, 0.6786810716644662, 0.6467515826225281, 0.6617777073969606, 0.7461485569594336, 0.6157575625865186, 0.7404484035538845, 0.6605816248987542, 0.7774499576599871, 0.6576419599720689, 0.6877465433761721, 0.742096438759663, 1.0513885490229873, 0.7192592982385979, 0.7127318734028301, 0.7973581923813117, 0.9619255446996845, 0.7663716131546459, 0.8783119399039472, 1.1386933727342574]

Checkpoint saved at /cluster/tufts/capstone25skyblue/eelkus01/NEXRADTurbulencePrediction/model_training/trained_model_outputs/hybrid_42_model_checkpoint.pth for l2_alpha_idx: 0, fold 5, and epoch 26
BEGINNING EPOCH 27
[Epoch 27, Batch    50] avg loss: 0.4451
[Epoch 27, Batch   100] avg loss: 0.4588
[Epoch 27, Batch   150] avg loss: 0.4348
[Epoch 27, Batch   200] avg loss: 0.4611
[Epoch 27, Batch   250] avg loss: 0.4268
[Epoch 27, Batch   300] avg loss: 0.4315
Validation loss: 0.8591 (61 batches)
loss_per_epoch_list on epoch 27 is [0.677031819937659, 0.6523826884441688, 0.6710283863739889, 0.6759212310196924, 0.6851638428500442, 0.6862915773860744, 0.6635582388424482, 0.6786810716644662, 0.6467515826225281, 0.6617777073969606, 0.7461485569594336, 0.6157575625865186, 0.7404484035538845, 0.6605816248987542, 0.7774499576599871, 0.6576419599720689, 0.6877465433761721, 0.742096438759663, 1.0513885490229873, 0.7192592982385979, 0.7127318734028301, 0.7973581923813117, 0.9619255446996845, 0.7663716131546459, 0.8783119399039472, 1.1386933727342574, 0.8590721810450319]

Checkpoint saved at /cluster/tufts/capstone25skyblue/eelkus01/NEXRADTurbulencePrediction/model_training/trained_model_outputs/hybrid_42_model_checkpoint.pth for l2_alpha_idx: 0, fold 5, and epoch 27
BEGINNING EPOCH 28
[Epoch 28, Batch    50] avg loss: 0.4334
[Epoch 28, Batch   100] avg loss: 0.4358
[Epoch 28, Batch   150] avg loss: 0.4524
[Epoch 28, Batch   200] avg loss: 0.4319
[Epoch 28, Batch   250] avg loss: 0.4260
[Epoch 28, Batch   300] avg loss: 0.4270
Validation loss: 1.1784 (61 batches)
loss_per_epoch_list on epoch 28 is [0.677031819937659, 0.6523826884441688, 0.6710283863739889, 0.6759212310196924, 0.6851638428500442, 0.6862915773860744, 0.6635582388424482, 0.6786810716644662, 0.6467515826225281, 0.6617777073969606, 0.7461485569594336, 0.6157575625865186, 0.7404484035538845, 0.6605816248987542, 0.7774499576599871, 0.6576419599720689, 0.6877465433761721, 0.742096438759663, 1.0513885490229873, 0.7192592982385979, 0.7127318734028301, 0.7973581923813117, 0.9619255446996845, 0.7663716131546459, 0.8783119399039472, 1.1386933727342574, 0.8590721810450319, 1.1783767049429847]

Checkpoint saved at /cluster/tufts/capstone25skyblue/eelkus01/NEXRADTurbulencePrediction/model_training/trained_model_outputs/hybrid_42_model_checkpoint.pth for l2_alpha_idx: 0, fold 5, and epoch 28
BEGINNING EPOCH 29
[Epoch 29, Batch    50] avg loss: 0.4445
[Epoch 29, Batch   100] avg loss: 0.4174
[Epoch 29, Batch   150] avg loss: 0.4414
[Epoch 29, Batch   200] avg loss: 0.4156
[Epoch 29, Batch   250] avg loss: 0.4097
[Epoch 29, Batch   300] avg loss: 0.4229
Validation loss: 0.8292 (61 batches)
loss_per_epoch_list on epoch 29 is [0.677031819937659, 0.6523826884441688, 0.6710283863739889, 0.6759212310196924, 0.6851638428500442, 0.6862915773860744, 0.6635582388424482, 0.6786810716644662, 0.6467515826225281, 0.6617777073969606, 0.7461485569594336, 0.6157575625865186, 0.7404484035538845, 0.6605816248987542, 0.7774499576599871, 0.6576419599720689, 0.6877465433761721, 0.742096438759663, 1.0513885490229873, 0.7192592982385979, 0.7127318734028301, 0.7973581923813117, 0.9619255446996845, 0.7663716131546459, 0.8783119399039472, 1.1386933727342574, 0.8590721810450319, 1.1783767049429847, 0.8291649290772735]

Checkpoint saved at /cluster/tufts/capstone25skyblue/eelkus01/NEXRADTurbulencePrediction/model_training/trained_model_outputs/hybrid_42_model_checkpoint.pth for l2_alpha_idx: 0, fold 5, and epoch 29
Fold 5 had loss: 0.8291649290772735 on its last epoch

l2_loss_list is now [0.8289966932574256]

Beginning 6-fold Cross Validation with l2_alpha = 0.01
Fold 0 with l2_alpha = 0.01
Train subset size: 19253, Validation subset size: 3851
BEGINNING EPOCH 1
[Epoch 1, Batch    50] avg loss: 2.3273
[Epoch 1, Batch   100] avg loss: 0.7360
[Epoch 1, Batch   150] avg loss: 0.7282
[Epoch 1, Batch   200] avg loss: 0.6993
[Epoch 1, Batch   250] avg loss: 0.6947
[Epoch 1, Batch   300] avg loss: 0.6810
Validation loss: 0.6900 (61 batches)
loss_per_epoch_list on epoch 1 is [0.689989152501841]

Checkpoint saved at /cluster/tufts/capstone25skyblue/eelkus01/NEXRADTurbulencePrediction/model_training/trained_model_outputs/hybrid_42_model_checkpoint.pth for l2_alpha_idx: 1, fold 0, and epoch 1
BEGINNING EPOCH 2
[Epoch 2, Batch    50] avg loss: 0.6816
[Epoch 2, Batch   100] avg loss: 0.6669
[Epoch 2, Batch   150] avg loss: 0.6642
[Epoch 2, Batch   200] avg loss: 0.6669
[Epoch 2, Batch   250] avg loss: 0.6682
[Epoch 2, Batch   300] avg loss: 0.6691
Validation loss: 0.6606 (61 batches)
loss_per_epoch_list on epoch 2 is [0.689989152501841, 0.6606308427013334]

Checkpoint saved at /cluster/tufts/capstone25skyblue/eelkus01/NEXRADTurbulencePrediction/model_training/trained_model_outputs/hybrid_42_model_checkpoint.pth for l2_alpha_idx: 1, fold 0, and epoch 2
BEGINNING EPOCH 3
[Epoch 3, Batch    50] avg loss: 0.6563
[Epoch 3, Batch   100] avg loss: 0.6535
[Epoch 3, Batch   150] avg loss: 0.6542
[Epoch 3, Batch   200] avg loss: 0.6651
[Epoch 3, Batch   250] avg loss: 0.6504
[Epoch 3, Batch   300] avg loss: 0.6625
Validation loss: 0.6509 (61 batches)
loss_per_epoch_list on epoch 3 is [0.689989152501841, 0.6606308427013334, 0.6509001958565633]

Checkpoint saved at /cluster/tufts/capstone25skyblue/eelkus01/NEXRADTurbulencePrediction/model_training/trained_model_outputs/hybrid_42_model_checkpoint.pth for l2_alpha_idx: 1, fold 0, and epoch 3
BEGINNING EPOCH 4
[Epoch 4, Batch    50] avg loss: 0.6543
[Epoch 4, Batch   100] avg loss: 0.6570
[Epoch 4, Batch   150] avg loss: 0.6546
[Epoch 4, Batch   200] avg loss: 0.6588
[Epoch 4, Batch   250] avg loss: 0.6536
[Epoch 4, Batch   300] avg loss: 0.6484
Validation loss: 0.6640 (61 batches)
loss_per_epoch_list on epoch 4 is [0.689989152501841, 0.6606308427013334, 0.6509001958565633, 0.6639604265572595]

Checkpoint saved at /cluster/tufts/capstone25skyblue/eelkus01/NEXRADTurbulencePrediction/model_training/trained_model_outputs/hybrid_42_model_checkpoint.pth for l2_alpha_idx: 1, fold 0, and epoch 4
BEGINNING EPOCH 5
[Epoch 5, Batch    50] avg loss: 0.6582
[Epoch 5, Batch   100] avg loss: 0.6537
[Epoch 5, Batch   150] avg loss: 0.6478
[Epoch 5, Batch   200] avg loss: 0.6460
[Epoch 5, Batch   250] avg loss: 0.6585
[Epoch 5, Batch   300] avg loss: 0.6450
Validation loss: 0.7103 (61 batches)
loss_per_epoch_list on epoch 5 is [0.689989152501841, 0.6606308427013334, 0.6509001958565633, 0.6639604265572595, 0.7102679844762458]

Checkpoint saved at /cluster/tufts/capstone25skyblue/eelkus01/NEXRADTurbulencePrediction/model_training/trained_model_outputs/hybrid_42_model_checkpoint.pth for l2_alpha_idx: 1, fold 0, and epoch 5
BEGINNING EPOCH 6
[Epoch 6, Batch    50] avg loss: 0.6468
[Epoch 6, Batch   100] avg loss: 0.7719
[Epoch 6, Batch   150] avg loss: 0.6534
[Epoch 6, Batch   200] avg loss: 0.6503
[Epoch 6, Batch   250] avg loss: 0.6432
[Epoch 6, Batch   300] avg loss: 0.6381
Validation loss: 0.6430 (61 batches)
loss_per_epoch_list on epoch 6 is [0.689989152501841, 0.6606308427013334, 0.6509001958565633, 0.6639604265572595, 0.7102679844762458, 0.6430457517748973]

Checkpoint saved at /cluster/tufts/capstone25skyblue/eelkus01/NEXRADTurbulencePrediction/model_training/trained_model_outputs/hybrid_42_model_checkpoint.pth for l2_alpha_idx: 1, fold 0, and epoch 6
BEGINNING EPOCH 7
[Epoch 7, Batch    50] avg loss: 0.6520
[Epoch 7, Batch   100] avg loss: 0.6391
[Epoch 7, Batch   150] avg loss: 0.6404
[Epoch 7, Batch   200] avg loss: 0.6486
[Epoch 7, Batch   250] avg loss: 0.6386
[Epoch 7, Batch   300] avg loss: 0.6441
Validation loss: 0.6618 (61 batches)
loss_per_epoch_list on epoch 7 is [0.689989152501841, 0.6606308427013334, 0.6509001958565633, 0.6639604265572595, 0.7102679844762458, 0.6430457517748973, 0.6618457133652734]

Checkpoint saved at /cluster/tufts/capstone25skyblue/eelkus01/NEXRADTurbulencePrediction/model_training/trained_model_outputs/hybrid_42_model_checkpoint.pth for l2_alpha_idx: 1, fold 0, and epoch 7
BEGINNING EPOCH 8
[Epoch 8, Batch    50] avg loss: 0.6470
[Epoch 8, Batch   100] avg loss: 0.6328
[Epoch 8, Batch   150] avg loss: 0.6411
[Epoch 8, Batch   200] avg loss: 0.6418
[Epoch 8, Batch   250] avg loss: 0.6457
[Epoch 8, Batch   300] avg loss: 0.6434
Validation loss: 0.6803 (61 batches)
loss_per_epoch_list on epoch 8 is [0.689989152501841, 0.6606308427013334, 0.6509001958565633, 0.6639604265572595, 0.7102679844762458, 0.6430457517748973, 0.6618457133652734, 0.6803117922095002]

Checkpoint saved at /cluster/tufts/capstone25skyblue/eelkus01/NEXRADTurbulencePrediction/model_training/trained_model_outputs/hybrid_42_model_checkpoint.pth for l2_alpha_idx: 1, fold 0, and epoch 8
BEGINNING EPOCH 9
[Epoch 9, Batch    50] avg loss: 0.6337
[Epoch 9, Batch   100] avg loss: 0.6411
[Epoch 9, Batch   150] avg loss: 0.6397
[Epoch 9, Batch   200] avg loss: 0.6252
[Epoch 9, Batch   250] avg loss: 0.6468
[Epoch 9, Batch   300] avg loss: 0.6307
Validation loss: 0.7144 (61 batches)
loss_per_epoch_list on epoch 9 is [0.689989152501841, 0.6606308427013334, 0.6509001958565633, 0.6639604265572595, 0.7102679844762458, 0.6430457517748973, 0.6618457133652734, 0.6803117922095002, 0.7144014889099559]

Checkpoint saved at /cluster/tufts/capstone25skyblue/eelkus01/NEXRADTurbulencePrediction/model_training/trained_model_outputs/hybrid_42_model_checkpoint.pth for l2_alpha_idx: 1, fold 0, and epoch 9
BEGINNING EPOCH 10
[Epoch 10, Batch    50] avg loss: 0.6345
[Epoch 10, Batch   100] avg loss: 0.6371
[Epoch 10, Batch   150] avg loss: 0.6194
[Epoch 10, Batch   200] avg loss: 0.6272
[Epoch 10, Batch   250] avg loss: 0.6195
[Epoch 10, Batch   300] avg loss: 0.6322
Validation loss: 0.6677 (61 batches)
loss_per_epoch_list on epoch 10 is [0.689989152501841, 0.6606308427013334, 0.6509001958565633, 0.6639604265572595, 0.7102679844762458, 0.6430457517748973, 0.6618457133652734, 0.6803117922095002, 0.7144014889099559, 0.6677115667061727]

Checkpoint saved at /cluster/tufts/capstone25skyblue/eelkus01/NEXRADTurbulencePrediction/model_training/trained_model_outputs/hybrid_42_model_checkpoint.pth for l2_alpha_idx: 1, fold 0, and epoch 10
BEGINNING EPOCH 11
[Epoch 11, Batch    50] avg loss: 0.6264
[Epoch 11, Batch   100] avg loss: 0.6366
[Epoch 11, Batch   150] avg loss: 0.6171
[Epoch 11, Batch   200] avg loss: 0.6192
[Epoch 11, Batch   250] avg loss: 0.6202
[Epoch 11, Batch   300] avg loss: 0.6309
Validation loss: 0.7057 (61 batches)
loss_per_epoch_list on epoch 11 is [0.689989152501841, 0.6606308427013334, 0.6509001958565633, 0.6639604265572595, 0.7102679844762458, 0.6430457517748973, 0.6618457133652734, 0.6803117922095002, 0.7144014889099559, 0.6677115667061727, 0.7056766240323176]

Checkpoint saved at /cluster/tufts/capstone25skyblue/eelkus01/NEXRADTurbulencePrediction/model_training/trained_model_outputs/hybrid_42_model_checkpoint.pth for l2_alpha_idx: 1, fold 0, and epoch 11
BEGINNING EPOCH 12
[Epoch 12, Batch    50] avg loss: 0.6339
[Epoch 12, Batch   100] avg loss: 0.6255
[Epoch 12, Batch   150] avg loss: 0.6212
[Epoch 12, Batch   200] avg loss: 0.6244
[Epoch 12, Batch   250] avg loss: 0.6213
[Epoch 12, Batch   300] avg loss: 0.6121
Validation loss: 0.7595 (61 batches)
loss_per_epoch_list on epoch 12 is [0.689989152501841, 0.6606308427013334, 0.6509001958565633, 0.6639604265572595, 0.7102679844762458, 0.6430457517748973, 0.6618457133652734, 0.6803117922095002, 0.7144014889099559, 0.6677115667061727, 0.7056766240323176, 0.7595005201511695]

Checkpoint saved at /cluster/tufts/capstone25skyblue/eelkus01/NEXRADTurbulencePrediction/model_training/trained_model_outputs/hybrid_42_model_checkpoint.pth for l2_alpha_idx: 1, fold 0, and epoch 12
BEGINNING EPOCH 13
[Epoch 13, Batch    50] avg loss: 0.6187
[Epoch 13, Batch   100] avg loss: 0.6125
[Epoch 13, Batch   150] avg loss: 0.6132
[Epoch 13, Batch   200] avg loss: 0.6021
[Epoch 13, Batch   250] avg loss: 0.6125
[Epoch 13, Batch   300] avg loss: 0.6163
Validation loss: 0.6444 (61 batches)
loss_per_epoch_list on epoch 13 is [0.689989152501841, 0.6606308427013334, 0.6509001958565633, 0.6639604265572595, 0.7102679844762458, 0.6430457517748973, 0.6618457133652734, 0.6803117922095002, 0.7144014889099559, 0.6677115667061727, 0.7056766240323176, 0.7595005201511695, 0.6443944446376113]

Checkpoint saved at /cluster/tufts/capstone25skyblue/eelkus01/NEXRADTurbulencePrediction/model_training/trained_model_outputs/hybrid_42_model_checkpoint.pth for l2_alpha_idx: 1, fold 0, and epoch 13
BEGINNING EPOCH 14
[Epoch 14, Batch    50] avg loss: 0.6103
[Epoch 14, Batch   100] avg loss: 0.5978
[Epoch 14, Batch   150] avg loss: 0.6147
[Epoch 14, Batch   200] avg loss: 0.5948
[Epoch 14, Batch   250] avg loss: 0.5960
[Epoch 14, Batch   300] avg loss: 0.5895
Validation loss: 0.7577 (61 batches)
loss_per_epoch_list on epoch 14 is [0.689989152501841, 0.6606308427013334, 0.6509001958565633, 0.6639604265572595, 0.7102679844762458, 0.6430457517748973, 0.6618457133652734, 0.6803117922095002, 0.7144014889099559, 0.6677115667061727, 0.7056766240323176, 0.7595005201511695, 0.6443944446376113, 0.7577107109007288]

Checkpoint saved at /cluster/tufts/capstone25skyblue/eelkus01/NEXRADTurbulencePrediction/model_training/trained_model_outputs/hybrid_42_model_checkpoint.pth for l2_alpha_idx: 1, fold 0, and epoch 14
BEGINNING EPOCH 15
[Epoch 15, Batch    50] avg loss: 0.5994
[Epoch 15, Batch   100] avg loss: 0.5977
[Epoch 15, Batch   150] avg loss: 0.6014
[Epoch 15, Batch   200] avg loss: 0.5910
[Epoch 15, Batch   250] avg loss: 0.5852
[Epoch 15, Batch   300] avg loss: 0.5860
Validation loss: 0.8952 (61 batches)
loss_per_epoch_list on epoch 15 is [0.689989152501841, 0.6606308427013334, 0.6509001958565633, 0.6639604265572595, 0.7102679844762458, 0.6430457517748973, 0.6618457133652734, 0.6803117922095002, 0.7144014889099559, 0.6677115667061727, 0.7056766240323176, 0.7595005201511695, 0.6443944446376113, 0.7577107109007288, 0.8952204164911489]

Checkpoint saved at /cluster/tufts/capstone25skyblue/eelkus01/NEXRADTurbulencePrediction/model_training/trained_model_outputs/hybrid_42_model_checkpoint.pth for l2_alpha_idx: 1, fold 0, and epoch 15
BEGINNING EPOCH 16
[Epoch 16, Batch    50] avg loss: 0.5990
[Epoch 16, Batch   100] avg loss: 0.5892
[Epoch 16, Batch   150] avg loss: 0.6060
[Epoch 16, Batch   200] avg loss: 0.5968
[Epoch 16, Batch   250] avg loss: 0.5726
[Epoch 16, Batch   300] avg loss: 0.5770
Validation loss: 0.6836 (61 batches)
loss_per_epoch_list on epoch 16 is [0.689989152501841, 0.6606308427013334, 0.6509001958565633, 0.6639604265572595, 0.7102679844762458, 0.6430457517748973, 0.6618457133652734, 0.6803117922095002, 0.7144014889099559, 0.6677115667061727, 0.7056766240323176, 0.7595005201511695, 0.6443944446376113, 0.7577107109007288, 0.8952204164911489, 0.6835955654988524]

Checkpoint saved at /cluster/tufts/capstone25skyblue/eelkus01/NEXRADTurbulencePrediction/model_training/trained_model_outputs/hybrid_42_model_checkpoint.pth for l2_alpha_idx: 1, fold 0, and epoch 16
BEGINNING EPOCH 17
[Epoch 17, Batch    50] avg loss: 0.5830
[Epoch 17, Batch   100] avg loss: 0.5830
[Epoch 17, Batch   150] avg loss: 0.5755
[Epoch 17, Batch   200] avg loss: 0.5775
[Epoch 17, Batch   250] avg loss: 0.5694
[Epoch 17, Batch   300] avg loss: 0.5646
Validation loss: 1.1199 (61 batches)
loss_per_epoch_list on epoch 17 is [0.689989152501841, 0.6606308427013334, 0.6509001958565633, 0.6639604265572595, 0.7102679844762458, 0.6430457517748973, 0.6618457133652734, 0.6803117922095002, 0.7144014889099559, 0.6677115667061727, 0.7056766240323176, 0.7595005201511695, 0.6443944446376113, 0.7577107109007288, 0.8952204164911489, 0.6835955654988524, 1.119939908629558]

Checkpoint saved at /cluster/tufts/capstone25skyblue/eelkus01/NEXRADTurbulencePrediction/model_training/trained_model_outputs/hybrid_42_model_checkpoint.pth for l2_alpha_idx: 1, fold 0, and epoch 17
BEGINNING EPOCH 18
[Epoch 18, Batch    50] avg loss: 0.5678
[Epoch 18, Batch   100] avg loss: 0.5486
[Epoch 18, Batch   150] avg loss: 0.5442
[Epoch 18, Batch   200] avg loss: 0.5548
[Epoch 18, Batch   250] avg loss: 0.5556
[Epoch 18, Batch   300] avg loss: 0.5602
Validation loss: 1.1259 (61 batches)
loss_per_epoch_list on epoch 18 is [0.689989152501841, 0.6606308427013334, 0.6509001958565633, 0.6639604265572595, 0.7102679844762458, 0.6430457517748973, 0.6618457133652734, 0.6803117922095002, 0.7144014889099559, 0.6677115667061727, 0.7056766240323176, 0.7595005201511695, 0.6443944446376113, 0.7577107109007288, 0.8952204164911489, 0.6835955654988524, 1.119939908629558, 1.1259499612401744]

Checkpoint saved at /cluster/tufts/capstone25skyblue/eelkus01/NEXRADTurbulencePrediction/model_training/trained_model_outputs/hybrid_42_model_checkpoint.pth for l2_alpha_idx: 1, fold 0, and epoch 18
BEGINNING EPOCH 19
[Epoch 19, Batch    50] avg loss: 0.5630
[Epoch 19, Batch   100] avg loss: 0.5458
[Epoch 19, Batch   150] avg loss: 0.5408
[Epoch 19, Batch   200] avg loss: 0.5484
[Epoch 19, Batch   250] avg loss: 0.5174
[Epoch 19, Batch   300] avg loss: 0.5286
Validation loss: 0.7675 (61 batches)
loss_per_epoch_list on epoch 19 is [0.689989152501841, 0.6606308427013334, 0.6509001958565633, 0.6639604265572595, 0.7102679844762458, 0.6430457517748973, 0.6618457133652734, 0.6803117922095002, 0.7144014889099559, 0.6677115667061727, 0.7056766240323176, 0.7595005201511695, 0.6443944446376113, 0.7577107109007288, 0.8952204164911489, 0.6835955654988524, 1.119939908629558, 1.1259499612401744, 0.7674775939495837]

Checkpoint saved at /cluster/tufts/capstone25skyblue/eelkus01/NEXRADTurbulencePrediction/model_training/trained_model_outputs/hybrid_42_model_checkpoint.pth for l2_alpha_idx: 1, fold 0, and epoch 19
BEGINNING EPOCH 20
[Epoch 20, Batch    50] avg loss: 0.5400
[Epoch 20, Batch   100] avg loss: 0.5425
[Epoch 20, Batch   150] avg loss: 0.5446
[Epoch 20, Batch   200] avg loss: 0.5230
[Epoch 20, Batch   250] avg loss: 0.5295
[Epoch 20, Batch   300] avg loss: 0.5367
Validation loss: 0.7035 (61 batches)
loss_per_epoch_list on epoch 20 is [0.689989152501841, 0.6606308427013334, 0.6509001958565633, 0.6639604265572595, 0.7102679844762458, 0.6430457517748973, 0.6618457133652734, 0.6803117922095002, 0.7144014889099559, 0.6677115667061727, 0.7056766240323176, 0.7595005201511695, 0.6443944446376113, 0.7577107109007288, 0.8952204164911489, 0.6835955654988524, 1.119939908629558, 1.1259499612401744, 0.7674775939495837, 0.7035037064161457]

Checkpoint saved at /cluster/tufts/capstone25skyblue/eelkus01/NEXRADTurbulencePrediction/model_training/trained_model_outputs/hybrid_42_model_checkpoint.pth for l2_alpha_idx: 1, fold 0, and epoch 20
BEGINNING EPOCH 21
[Epoch 21, Batch    50] avg loss: 0.5328
[Epoch 21, Batch   100] avg loss: 0.5307
[Epoch 21, Batch   150] avg loss: 0.5238
[Epoch 21, Batch   200] avg loss: 0.5213
[Epoch 21, Batch   250] avg loss: 0.5157
[Epoch 21, Batch   300] avg loss: 0.4868
Validation loss: 0.8125 (61 batches)
loss_per_epoch_list on epoch 21 is [0.689989152501841, 0.6606308427013334, 0.6509001958565633, 0.6639604265572595, 0.7102679844762458, 0.6430457517748973, 0.6618457133652734, 0.6803117922095002, 0.7144014889099559, 0.6677115667061727, 0.7056766240323176, 0.7595005201511695, 0.6443944446376113, 0.7577107109007288, 0.8952204164911489, 0.6835955654988524, 1.119939908629558, 1.1259499612401744, 0.7674775939495837, 0.7035037064161457, 0.8124848125410862]

Checkpoint saved at /cluster/tufts/capstone25skyblue/eelkus01/NEXRADTurbulencePrediction/model_training/trained_model_outputs/hybrid_42_model_checkpoint.pth for l2_alpha_idx: 1, fold 0, and epoch 21
BEGINNING EPOCH 22
[Epoch 22, Batch    50] avg loss: 0.5369
[Epoch 22, Batch   100] avg loss: 0.5042
[Epoch 22, Batch   150] avg loss: 0.5116
[Epoch 22, Batch   200] avg loss: 0.4880
[Epoch 22, Batch   250] avg loss: 0.5124
[Epoch 22, Batch   300] avg loss: 0.4874
Validation loss: 0.9982 (61 batches)
loss_per_epoch_list on epoch 22 is [0.689989152501841, 0.6606308427013334, 0.6509001958565633, 0.6639604265572595, 0.7102679844762458, 0.6430457517748973, 0.6618457133652734, 0.6803117922095002, 0.7144014889099559, 0.6677115667061727, 0.7056766240323176, 0.7595005201511695, 0.6443944446376113, 0.7577107109007288, 0.8952204164911489, 0.6835955654988524, 1.119939908629558, 1.1259499612401744, 0.7674775939495837, 0.7035037064161457, 0.8124848125410862, 0.9982338049372689]

Checkpoint saved at /cluster/tufts/capstone25skyblue/eelkus01/NEXRADTurbulencePrediction/model_training/trained_model_outputs/hybrid_42_model_checkpoint.pth for l2_alpha_idx: 1, fold 0, and epoch 22
BEGINNING EPOCH 23
[Epoch 23, Batch    50] avg loss: 0.5130
[Epoch 23, Batch   100] avg loss: 0.4892
[Epoch 23, Batch   150] avg loss: 0.4969
[Epoch 23, Batch   200] avg loss: 0.4882
[Epoch 23, Batch   250] avg loss: 0.4952
[Epoch 23, Batch   300] avg loss: 0.4834
Validation loss: 0.8581 (61 batches)
loss_per_epoch_list on epoch 23 is [0.689989152501841, 0.6606308427013334, 0.6509001958565633, 0.6639604265572595, 0.7102679844762458, 0.6430457517748973, 0.6618457133652734, 0.6803117922095002, 0.7144014889099559, 0.6677115667061727, 0.7056766240323176, 0.7595005201511695, 0.6443944446376113, 0.7577107109007288, 0.8952204164911489, 0.6835955654988524, 1.119939908629558, 1.1259499612401744, 0.7674775939495837, 0.7035037064161457, 0.8124848125410862, 0.9982338049372689, 0.858092934870329]

Checkpoint saved at /cluster/tufts/capstone25skyblue/eelkus01/NEXRADTurbulencePrediction/model_training/trained_model_outputs/hybrid_42_model_checkpoint.pth for l2_alpha_idx: 1, fold 0, and epoch 23
BEGINNING EPOCH 24
[Epoch 24, Batch    50] avg loss: 0.4761
[Epoch 24, Batch   100] avg loss: 0.4804
[Epoch 24, Batch   150] avg loss: 0.5006
[Epoch 24, Batch   200] avg loss: 0.4947
[Epoch 24, Batch   250] avg loss: 0.4828
[Epoch 24, Batch   300] avg loss: 0.4849
Validation loss: 0.8245 (61 batches)
loss_per_epoch_list on epoch 24 is [0.689989152501841, 0.6606308427013334, 0.6509001958565633, 0.6639604265572595, 0.7102679844762458, 0.6430457517748973, 0.6618457133652734, 0.6803117922095002, 0.7144014889099559, 0.6677115667061727, 0.7056766240323176, 0.7595005201511695, 0.6443944446376113, 0.7577107109007288, 0.8952204164911489, 0.6835955654988524, 1.119939908629558, 1.1259499612401744, 0.7674775939495837, 0.7035037064161457, 0.8124848125410862, 0.9982338049372689, 0.858092934870329, 0.8244551899003201]

Checkpoint saved at /cluster/tufts/capstone25skyblue/eelkus01/NEXRADTurbulencePrediction/model_training/trained_model_outputs/hybrid_42_model_checkpoint.pth for l2_alpha_idx: 1, fold 0, and epoch 24
BEGINNING EPOCH 25
[Epoch 25, Batch    50] avg loss: 0.5031
[Epoch 25, Batch   100] avg loss: 0.4793
[Epoch 25, Batch   150] avg loss: 0.4621
[Epoch 25, Batch   200] avg loss: 0.4745
[Epoch 25, Batch   250] avg loss: 0.4772
[Epoch 25, Batch   300] avg loss: 0.4619
Validation loss: 0.8427 (61 batches)
loss_per_epoch_list on epoch 25 is [0.689989152501841, 0.6606308427013334, 0.6509001958565633, 0.6639604265572595, 0.7102679844762458, 0.6430457517748973, 0.6618457133652734, 0.6803117922095002, 0.7144014889099559, 0.6677115667061727, 0.7056766240323176, 0.7595005201511695, 0.6443944446376113, 0.7577107109007288, 0.8952204164911489, 0.6835955654988524, 1.119939908629558, 1.1259499612401744, 0.7674775939495837, 0.7035037064161457, 0.8124848125410862, 0.9982338049372689, 0.858092934870329, 0.8244551899003201, 0.8427275614660295]

Checkpoint saved at /cluster/tufts/capstone25skyblue/eelkus01/NEXRADTurbulencePrediction/model_training/trained_model_outputs/hybrid_42_model_checkpoint.pth for l2_alpha_idx: 1, fold 0, and epoch 25
BEGINNING EPOCH 26
[Epoch 26, Batch    50] avg loss: 0.4661
[Epoch 26, Batch   100] avg loss: 0.4522
[Epoch 26, Batch   150] avg loss: 0.4645
[Epoch 26, Batch   200] avg loss: 0.4566
[Epoch 26, Batch   250] avg loss: 0.4561
[Epoch 26, Batch   300] avg loss: 0.4377
Validation loss: 0.9152 (61 batches)
loss_per_epoch_list on epoch 26 is [0.689989152501841, 0.6606308427013334, 0.6509001958565633, 0.6639604265572595, 0.7102679844762458, 0.6430457517748973, 0.6618457133652734, 0.6803117922095002, 0.7144014889099559, 0.6677115667061727, 0.7056766240323176, 0.7595005201511695, 0.6443944446376113, 0.7577107109007288, 0.8952204164911489, 0.6835955654988524, 1.119939908629558, 1.1259499612401744, 0.7674775939495837, 0.7035037064161457, 0.8124848125410862, 0.9982338049372689, 0.858092934870329, 0.8244551899003201, 0.8427275614660295, 0.9152316157935095]

Checkpoint saved at /cluster/tufts/capstone25skyblue/eelkus01/NEXRADTurbulencePrediction/model_training/trained_model_outputs/hybrid_42_model_checkpoint.pth for l2_alpha_idx: 1, fold 0, and epoch 26
BEGINNING EPOCH 27
[Epoch 27, Batch    50] avg loss: 0.4510
[Epoch 27, Batch   100] avg loss: 0.4605
[Epoch 27, Batch   150] avg loss: 0.4545
[Epoch 27, Batch   200] avg loss: 0.4367
[Epoch 27, Batch   250] avg loss: 0.4519
[Epoch 27, Batch   300] avg loss: 0.4363
Validation loss: 1.1466 (61 batches)
loss_per_epoch_list on epoch 27 is [0.689989152501841, 0.6606308427013334, 0.6509001958565633, 0.6639604265572595, 0.7102679844762458, 0.6430457517748973, 0.6618457133652734, 0.6803117922095002, 0.7144014889099559, 0.6677115667061727, 0.7056766240323176, 0.7595005201511695, 0.6443944446376113, 0.7577107109007288, 0.8952204164911489, 0.6835955654988524, 1.119939908629558, 1.1259499612401744, 0.7674775939495837, 0.7035037064161457, 0.8124848125410862, 0.9982338049372689, 0.858092934870329, 0.8244551899003201, 0.8427275614660295, 0.9152316157935095, 1.1465914513244004]

Checkpoint saved at /cluster/tufts/capstone25skyblue/eelkus01/NEXRADTurbulencePrediction/model_training/trained_model_outputs/hybrid_42_model_checkpoint.pth for l2_alpha_idx: 1, fold 0, and epoch 27
BEGINNING EPOCH 28
[Epoch 28, Batch    50] avg loss: 0.4325
[Epoch 28, Batch   100] avg loss: 0.4628
[Epoch 28, Batch   150] avg loss: 0.4325
[Epoch 28, Batch   200] avg loss: 0.4429
[Epoch 28, Batch   250] avg loss: 0.4137
[Epoch 28, Batch   300] avg loss: 0.4521
Validation loss: 0.8852 (61 batches)
loss_per_epoch_list on epoch 28 is [0.689989152501841, 0.6606308427013334, 0.6509001958565633, 0.6639604265572595, 0.7102679844762458, 0.6430457517748973, 0.6618457133652734, 0.6803117922095002, 0.7144014889099559, 0.6677115667061727, 0.7056766240323176, 0.7595005201511695, 0.6443944446376113, 0.7577107109007288, 0.8952204164911489, 0.6835955654988524, 1.119939908629558, 1.1259499612401744, 0.7674775939495837, 0.7035037064161457, 0.8124848125410862, 0.9982338049372689, 0.858092934870329, 0.8244551899003201, 0.8427275614660295, 0.9152316157935095, 1.1465914513244004, 0.8852402733974769]

Checkpoint saved at /cluster/tufts/capstone25skyblue/eelkus01/NEXRADTurbulencePrediction/model_training/trained_model_outputs/hybrid_42_model_checkpoint.pth for l2_alpha_idx: 1, fold 0, and epoch 28
BEGINNING EPOCH 29
[Epoch 29, Batch    50] avg loss: 0.4178
[Epoch 29, Batch   100] avg loss: 0.4275
[Epoch 29, Batch   150] avg loss: 0.4220
[Epoch 29, Batch   200] avg loss: 0.4321
[Epoch 29, Batch   250] avg loss: 0.4355
[Epoch 29, Batch   300] avg loss: 0.4189
Validation loss: 0.8862 (61 batches)
loss_per_epoch_list on epoch 29 is [0.689989152501841, 0.6606308427013334, 0.6509001958565633, 0.6639604265572595, 0.7102679844762458, 0.6430457517748973, 0.6618457133652734, 0.6803117922095002, 0.7144014889099559, 0.6677115667061727, 0.7056766240323176, 0.7595005201511695, 0.6443944446376113, 0.7577107109007288, 0.8952204164911489, 0.6835955654988524, 1.119939908629558, 1.1259499612401744, 0.7674775939495837, 0.7035037064161457, 0.8124848125410862, 0.9982338049372689, 0.858092934870329, 0.8244551899003201, 0.8427275614660295, 0.9152316157935095, 1.1465914513244004, 0.8852402733974769, 0.8861695234892798]

Checkpoint saved at /cluster/tufts/capstone25skyblue/eelkus01/NEXRADTurbulencePrediction/model_training/trained_model_outputs/hybrid_42_model_checkpoint.pth for l2_alpha_idx: 1, fold 0, and epoch 29
Fold 0 had loss: 0.8861695234892798 on its last epoch

Fold 1 with l2_alpha = 0.01
Train subset size: 19253, Validation subset size: 3851
BEGINNING EPOCH 1
[Epoch 1, Batch    50] avg loss: 3.5425
[Epoch 1, Batch   100] avg loss: 0.7229
[Epoch 1, Batch   150] avg loss: 0.7428
[Epoch 1, Batch   200] avg loss: 0.8187
[Epoch 1, Batch   250] avg loss: 0.6818
[Epoch 1, Batch   300] avg loss: 0.6867
Validation loss: 0.6742 (61 batches)
loss_per_epoch_list on epoch 1 is [0.6742160076000652]

Checkpoint saved at /cluster/tufts/capstone25skyblue/eelkus01/NEXRADTurbulencePrediction/model_training/trained_model_outputs/hybrid_42_model_checkpoint.pth for l2_alpha_idx: 1, fold 1, and epoch 1
BEGINNING EPOCH 2
[Epoch 2, Batch    50] avg loss: 0.7543
[Epoch 2, Batch   100] avg loss: 0.6892
[Epoch 2, Batch   150] avg loss: 0.7018
[Epoch 2, Batch   200] avg loss: 0.7012
[Epoch 2, Batch   250] avg loss: 0.6749
[Epoch 2, Batch   300] avg loss: 0.6736
Validation loss: 0.6637 (61 batches)
loss_per_epoch_list on epoch 2 is [0.6742160076000652, 0.6637481451034546]

Checkpoint saved at /cluster/tufts/capstone25skyblue/eelkus01/NEXRADTurbulencePrediction/model_training/trained_model_outputs/hybrid_42_model_checkpoint.pth for l2_alpha_idx: 1, fold 1, and epoch 2
BEGINNING EPOCH 3
[Epoch 3, Batch    50] avg loss: 0.6642
[Epoch 3, Batch   100] avg loss: 0.6646
[Epoch 3, Batch   150] avg loss: 0.6725
[Epoch 3, Batch   200] avg loss: 0.6686
[Epoch 3, Batch   250] avg loss: 0.6614
[Epoch 3, Batch   300] avg loss: 0.6598
Validation loss: 0.6630 (61 batches)
loss_per_epoch_list on epoch 3 is [0.6742160076000652, 0.6637481451034546, 0.6630140406186463]

Checkpoint saved at /cluster/tufts/capstone25skyblue/eelkus01/NEXRADTurbulencePrediction/model_training/trained_model_outputs/hybrid_42_model_checkpoint.pth for l2_alpha_idx: 1, fold 1, and epoch 3
BEGINNING EPOCH 4
[Epoch 4, Batch    50] avg loss: 0.6589
[Epoch 4, Batch   100] avg loss: 0.6530
[Epoch 4, Batch   150] avg loss: 0.6644
[Epoch 4, Batch   200] avg loss: 0.6610
[Epoch 4, Batch   250] avg loss: 0.6599
[Epoch 4, Batch   300] avg loss: 0.6613
Validation loss: 0.6451 (61 batches)
loss_per_epoch_list on epoch 4 is [0.6742160076000652, 0.6637481451034546, 0.6630140406186463, 0.6450837200782338]

Checkpoint saved at /cluster/tufts/capstone25skyblue/eelkus01/NEXRADTurbulencePrediction/model_training/trained_model_outputs/hybrid_42_model_checkpoint.pth for l2_alpha_idx: 1, fold 1, and epoch 4
BEGINNING EPOCH 5
[Epoch 5, Batch    50] avg loss: 0.6552
[Epoch 5, Batch   100] avg loss: 0.6551
[Epoch 5, Batch   150] avg loss: 0.6566
[Epoch 5, Batch   200] avg loss: 0.6571
[Epoch 5, Batch   250] avg loss: 0.6597
[Epoch 5, Batch   300] avg loss: 0.6470
Validation loss: 0.6941 (61 batches)
loss_per_epoch_list on epoch 5 is [0.6742160076000652, 0.6637481451034546, 0.6630140406186463, 0.6450837200782338, 0.6941300738053243]

Checkpoint saved at /cluster/tufts/capstone25skyblue/eelkus01/NEXRADTurbulencePrediction/model_training/trained_model_outputs/hybrid_42_model_checkpoint.pth for l2_alpha_idx: 1, fold 1, and epoch 5
BEGINNING EPOCH 6
[Epoch 6, Batch    50] avg loss: 0.6518
[Epoch 6, Batch   100] avg loss: 0.6519
[Epoch 6, Batch   150] avg loss: 0.6492
[Epoch 6, Batch   200] avg loss: 0.6523
[Epoch 6, Batch   250] avg loss: 0.6425
[Epoch 6, Batch   300] avg loss: 0.6505
Validation loss: 0.7053 (61 batches)
loss_per_epoch_list on epoch 6 is [0.6742160076000652, 0.6637481451034546, 0.6630140406186463, 0.6450837200782338, 0.6941300738053243, 0.7053022599611126]

Checkpoint saved at /cluster/tufts/capstone25skyblue/eelkus01/NEXRADTurbulencePrediction/model_training/trained_model_outputs/hybrid_42_model_checkpoint.pth for l2_alpha_idx: 1, fold 1, and epoch 6
BEGINNING EPOCH 7
[Epoch 7, Batch    50] avg loss: 0.6563
[Epoch 7, Batch   100] avg loss: 0.6538
[Epoch 7, Batch   150] avg loss: 0.6522
[Epoch 7, Batch   200] avg loss: 0.6371
[Epoch 7, Batch   250] avg loss: 0.6562
[Epoch 7, Batch   300] avg loss: 0.6449
Validation loss: 0.6553 (61 batches)
loss_per_epoch_list on epoch 7 is [0.6742160076000652, 0.6637481451034546, 0.6630140406186463, 0.6450837200782338, 0.6941300738053243, 0.7053022599611126, 0.6552874387287703]

Checkpoint saved at /cluster/tufts/capstone25skyblue/eelkus01/NEXRADTurbulencePrediction/model_training/trained_model_outputs/hybrid_42_model_checkpoint.pth for l2_alpha_idx: 1, fold 1, and epoch 7
BEGINNING EPOCH 8
[Epoch 8, Batch    50] avg loss: 0.6434
[Epoch 8, Batch   100] avg loss: 0.6519
[Epoch 8, Batch   150] avg loss: 0.6428
[Epoch 8, Batch   200] avg loss: 0.6356
[Epoch 8, Batch   250] avg loss: 0.6444
[Epoch 8, Batch   300] avg loss: 0.6485
Validation loss: 0.6593 (61 batches)
loss_per_epoch_list on epoch 8 is [0.6742160076000652, 0.6637481451034546, 0.6630140406186463, 0.6450837200782338, 0.6941300738053243, 0.7053022599611126, 0.6552874387287703, 0.6592760154458343]

Checkpoint saved at /cluster/tufts/capstone25skyblue/eelkus01/NEXRADTurbulencePrediction/model_training/trained_model_outputs/hybrid_42_model_checkpoint.pth for l2_alpha_idx: 1, fold 1, and epoch 8
BEGINNING EPOCH 9
[Epoch 9, Batch    50] avg loss: 0.6445
[Epoch 9, Batch   100] avg loss: 0.6401
[Epoch 9, Batch   150] avg loss: 0.6343
[Epoch 9, Batch   200] avg loss: 0.6399
[Epoch 9, Batch   250] avg loss: 0.6345
[Epoch 9, Batch   300] avg loss: 0.6395
Validation loss: 0.6600 (61 batches)
loss_per_epoch_list on epoch 9 is [0.6742160076000652, 0.6637481451034546, 0.6630140406186463, 0.6450837200782338, 0.6941300738053243, 0.7053022599611126, 0.6552874387287703, 0.6592760154458343, 0.6600364778862625]

Checkpoint saved at /cluster/tufts/capstone25skyblue/eelkus01/NEXRADTurbulencePrediction/model_training/trained_model_outputs/hybrid_42_model_checkpoint.pth for l2_alpha_idx: 1, fold 1, and epoch 9
BEGINNING EPOCH 10
[Epoch 10, Batch    50] avg loss: 0.6413
[Epoch 10, Batch   100] avg loss: 0.6253
[Epoch 10, Batch   150] avg loss: 0.6326
[Epoch 10, Batch   200] avg loss: 0.6260
[Epoch 10, Batch   250] avg loss: 0.6405
[Epoch 10, Batch   300] avg loss: 0.6282
Validation loss: 0.6359 (61 batches)
loss_per_epoch_list on epoch 10 is [0.6742160076000652, 0.6637481451034546, 0.6630140406186463, 0.6450837200782338, 0.6941300738053243, 0.7053022599611126, 0.6552874387287703, 0.6592760154458343, 0.6600364778862625, 0.6359069591662923]

Checkpoint saved at /cluster/tufts/capstone25skyblue/eelkus01/NEXRADTurbulencePrediction/model_training/trained_model_outputs/hybrid_42_model_checkpoint.pth for l2_alpha_idx: 1, fold 1, and epoch 10
BEGINNING EPOCH 11
[Epoch 11, Batch    50] avg loss: 0.6360
[Epoch 11, Batch   100] avg loss: 0.6376
[Epoch 11, Batch   150] avg loss: 0.6278
[Epoch 11, Batch   200] avg loss: 0.6211
[Epoch 11, Batch   250] avg loss: 0.6354
[Epoch 11, Batch   300] avg loss: 0.6314
Validation loss: 0.6066 (61 batches)
loss_per_epoch_list on epoch 11 is [0.6742160076000652, 0.6637481451034546, 0.6630140406186463, 0.6450837200782338, 0.6941300738053243, 0.7053022599611126, 0.6552874387287703, 0.6592760154458343, 0.6600364778862625, 0.6359069591662923, 0.6066084279388678]

Checkpoint saved at /cluster/tufts/capstone25skyblue/eelkus01/NEXRADTurbulencePrediction/model_training/trained_model_outputs/hybrid_42_model_checkpoint.pth for l2_alpha_idx: 1, fold 1, and epoch 11
BEGINNING EPOCH 12
[Epoch 12, Batch    50] avg loss: 0.6260
[Epoch 12, Batch   100] avg loss: 0.6283
[Epoch 12, Batch   150] avg loss: 0.6242
[Epoch 12, Batch   200] avg loss: 0.6252
[Epoch 12, Batch   250] avg loss: 0.6178
[Epoch 12, Batch   300] avg loss: 0.6191
Validation loss: 0.8093 (61 batches)
loss_per_epoch_list on epoch 12 is [0.6742160076000652, 0.6637481451034546, 0.6630140406186463, 0.6450837200782338, 0.6941300738053243, 0.7053022599611126, 0.6552874387287703, 0.6592760154458343, 0.6600364778862625, 0.6359069591662923, 0.6066084279388678, 0.8093064065839424]

Checkpoint saved at /cluster/tufts/capstone25skyblue/eelkus01/NEXRADTurbulencePrediction/model_training/trained_model_outputs/hybrid_42_model_checkpoint.pth for l2_alpha_idx: 1, fold 1, and epoch 12
BEGINNING EPOCH 13
[Epoch 13, Batch    50] avg loss: 0.6192
[Epoch 13, Batch   100] avg loss: 0.6169
[Epoch 13, Batch   150] avg loss: 0.6142
[Epoch 13, Batch   200] avg loss: 0.6068
[Epoch 13, Batch   250] avg loss: 0.6097
[Epoch 13, Batch   300] avg loss: 0.6133
Validation loss: 0.6099 (61 batches)
loss_per_epoch_list on epoch 13 is [0.6742160076000652, 0.6637481451034546, 0.6630140406186463, 0.6450837200782338, 0.6941300738053243, 0.7053022599611126, 0.6552874387287703, 0.6592760154458343, 0.6600364778862625, 0.6359069591662923, 0.6066084279388678, 0.8093064065839424, 0.6098744126616932]

Checkpoint saved at /cluster/tufts/capstone25skyblue/eelkus01/NEXRADTurbulencePrediction/model_training/trained_model_outputs/hybrid_42_model_checkpoint.pth for l2_alpha_idx: 1, fold 1, and epoch 13
BEGINNING EPOCH 14
[Epoch 14, Batch    50] avg loss: 0.6035
[Epoch 14, Batch   100] avg loss: 0.6129
[Epoch 14, Batch   150] avg loss: 0.6179
[Epoch 14, Batch   200] avg loss: 0.6037
[Epoch 14, Batch   250] avg loss: 0.6139
[Epoch 14, Batch   300] avg loss: 0.6134
Validation loss: 0.7560 (61 batches)
loss_per_epoch_list on epoch 14 is [0.6742160076000652, 0.6637481451034546, 0.6630140406186463, 0.6450837200782338, 0.6941300738053243, 0.7053022599611126, 0.6552874387287703, 0.6592760154458343, 0.6600364778862625, 0.6359069591662923, 0.6066084279388678, 0.8093064065839424, 0.6098744126616932, 0.7560072238328027]

Checkpoint saved at /cluster/tufts/capstone25skyblue/eelkus01/NEXRADTurbulencePrediction/model_training/trained_model_outputs/hybrid_42_model_checkpoint.pth for l2_alpha_idx: 1, fold 1, and epoch 14
BEGINNING EPOCH 15
[Epoch 15, Batch    50] avg loss: 0.5974
[Epoch 15, Batch   100] avg loss: 0.5984
[Epoch 15, Batch   150] avg loss: 0.5824
[Epoch 15, Batch   200] avg loss: 0.5907
[Epoch 15, Batch   250] avg loss: 0.5935
[Epoch 15, Batch   300] avg loss: 0.5884
Validation loss: 0.6781 (61 batches)
loss_per_epoch_list on epoch 15 is [0.6742160076000652, 0.6637481451034546, 0.6630140406186463, 0.6450837200782338, 0.6941300738053243, 0.7053022599611126, 0.6552874387287703, 0.6592760154458343, 0.6600364778862625, 0.6359069591662923, 0.6066084279388678, 0.8093064065839424, 0.6098744126616932, 0.7560072238328027, 0.6781171316006145]

Checkpoint saved at /cluster/tufts/capstone25skyblue/eelkus01/NEXRADTurbulencePrediction/model_training/trained_model_outputs/hybrid_42_model_checkpoint.pth for l2_alpha_idx: 1, fold 1, and epoch 15
BEGINNING EPOCH 16
[Epoch 16, Batch    50] avg loss: 0.5999
[Epoch 16, Batch   100] avg loss: 0.6029
[Epoch 16, Batch   150] avg loss: 0.5937
[Epoch 16, Batch   200] avg loss: 0.5789
[Epoch 16, Batch   250] avg loss: 0.5719
[Epoch 16, Batch   300] avg loss: 0.5856
Validation loss: 0.8040 (61 batches)
loss_per_epoch_list on epoch 16 is [0.6742160076000652, 0.6637481451034546, 0.6630140406186463, 0.6450837200782338, 0.6941300738053243, 0.7053022599611126, 0.6552874387287703, 0.6592760154458343, 0.6600364778862625, 0.6359069591662923, 0.6066084279388678, 0.8093064065839424, 0.6098744126616932, 0.7560072238328027, 0.6781171316006145, 0.8040143026680243]

Checkpoint saved at /cluster/tufts/capstone25skyblue/eelkus01/NEXRADTurbulencePrediction/model_training/trained_model_outputs/hybrid_42_model_checkpoint.pth for l2_alpha_idx: 1, fold 1, and epoch 16
BEGINNING EPOCH 17
[Epoch 17, Batch    50] avg loss: 0.5717
[Epoch 17, Batch   100] avg loss: 0.5784
[Epoch 17, Batch   150] avg loss: 0.5782
[Epoch 17, Batch   200] avg loss: 0.5716
[Epoch 17, Batch   250] avg loss: 0.5737
[Epoch 17, Batch   300] avg loss: 0.5817
Validation loss: 0.6465 (61 batches)
loss_per_epoch_list on epoch 17 is [0.6742160076000652, 0.6637481451034546, 0.6630140406186463, 0.6450837200782338, 0.6941300738053243, 0.7053022599611126, 0.6552874387287703, 0.6592760154458343, 0.6600364778862625, 0.6359069591662923, 0.6066084279388678, 0.8093064065839424, 0.6098744126616932, 0.7560072238328027, 0.6781171316006145, 0.8040143026680243, 0.64647227330286]

Checkpoint saved at /cluster/tufts/capstone25skyblue/eelkus01/NEXRADTurbulencePrediction/model_training/trained_model_outputs/hybrid_42_model_checkpoint.pth for l2_alpha_idx: 1, fold 1, and epoch 17
BEGINNING EPOCH 18
[Epoch 18, Batch    50] avg loss: 0.5683
[Epoch 18, Batch   100] avg loss: 0.5726
[Epoch 18, Batch   150] avg loss: 0.5590
[Epoch 18, Batch   200] avg loss: 0.5644
[Epoch 18, Batch   250] avg loss: 0.5672
[Epoch 18, Batch   300] avg loss: 0.5556
Validation loss: 0.7092 (61 batches)
loss_per_epoch_list on epoch 18 is [0.6742160076000652, 0.6637481451034546, 0.6630140406186463, 0.6450837200782338, 0.6941300738053243, 0.7053022599611126, 0.6552874387287703, 0.6592760154458343, 0.6600364778862625, 0.6359069591662923, 0.6066084279388678, 0.8093064065839424, 0.6098744126616932, 0.7560072238328027, 0.6781171316006145, 0.8040143026680243, 0.64647227330286, 0.7092106034521197]

Checkpoint saved at /cluster/tufts/capstone25skyblue/eelkus01/NEXRADTurbulencePrediction/model_training/trained_model_outputs/hybrid_42_model_checkpoint.pth for l2_alpha_idx: 1, fold 1, and epoch 18
BEGINNING EPOCH 19
[Epoch 19, Batch    50] avg loss: 0.5549
[Epoch 19, Batch   100] avg loss: 0.5653
[Epoch 19, Batch   150] avg loss: 0.5484
[Epoch 19, Batch   200] avg loss: 0.5467
[Epoch 19, Batch   250] avg loss: 0.5443
[Epoch 19, Batch   300] avg loss: 0.5542
Validation loss: 0.6932 (61 batches)
loss_per_epoch_list on epoch 19 is [0.6742160076000652, 0.6637481451034546, 0.6630140406186463, 0.6450837200782338, 0.6941300738053243, 0.7053022599611126, 0.6552874387287703, 0.6592760154458343, 0.6600364778862625, 0.6359069591662923, 0.6066084279388678, 0.8093064065839424, 0.6098744126616932, 0.7560072238328027, 0.6781171316006145, 0.8040143026680243, 0.64647227330286, 0.7092106034521197, 0.6931656491561015]

Checkpoint saved at /cluster/tufts/capstone25skyblue/eelkus01/NEXRADTurbulencePrediction/model_training/trained_model_outputs/hybrid_42_model_checkpoint.pth for l2_alpha_idx: 1, fold 1, and epoch 19
BEGINNING EPOCH 20
[Epoch 20, Batch    50] avg loss: 0.5376
[Epoch 20, Batch   100] avg loss: 0.5412
[Epoch 20, Batch   150] avg loss: 0.5322
[Epoch 20, Batch   200] avg loss: 0.5334
[Epoch 20, Batch   250] avg loss: 0.5397
[Epoch 20, Batch   300] avg loss: 0.5331
Validation loss: 0.7590 (61 batches)
loss_per_epoch_list on epoch 20 is [0.6742160076000652, 0.6637481451034546, 0.6630140406186463, 0.6450837200782338, 0.6941300738053243, 0.7053022599611126, 0.6552874387287703, 0.6592760154458343, 0.6600364778862625, 0.6359069591662923, 0.6066084279388678, 0.8093064065839424, 0.6098744126616932, 0.7560072238328027, 0.6781171316006145, 0.8040143026680243, 0.64647227330286, 0.7092106034521197, 0.6931656491561015, 0.7589746488899481]

Checkpoint saved at /cluster/tufts/capstone25skyblue/eelkus01/NEXRADTurbulencePrediction/model_training/trained_model_outputs/hybrid_42_model_checkpoint.pth for l2_alpha_idx: 1, fold 1, and epoch 20
BEGINNING EPOCH 21
[Epoch 21, Batch    50] avg loss: 0.5145
[Epoch 21, Batch   100] avg loss: 0.5065
[Epoch 21, Batch   150] avg loss: 0.5186
[Epoch 21, Batch   200] avg loss: 0.5284
[Epoch 21, Batch   250] avg loss: 0.5285
[Epoch 21, Batch   300] avg loss: 0.5257
Validation loss: 0.7229 (61 batches)
loss_per_epoch_list on epoch 21 is [0.6742160076000652, 0.6637481451034546, 0.6630140406186463, 0.6450837200782338, 0.6941300738053243, 0.7053022599611126, 0.6552874387287703, 0.6592760154458343, 0.6600364778862625, 0.6359069591662923, 0.6066084279388678, 0.8093064065839424, 0.6098744126616932, 0.7560072238328027, 0.6781171316006145, 0.8040143026680243, 0.64647227330286, 0.7092106034521197, 0.6931656491561015, 0.7589746488899481, 0.7229382859878852]

Checkpoint saved at /cluster/tufts/capstone25skyblue/eelkus01/NEXRADTurbulencePrediction/model_training/trained_model_outputs/hybrid_42_model_checkpoint.pth for l2_alpha_idx: 1, fold 1, and epoch 21
BEGINNING EPOCH 22
[Epoch 22, Batch    50] avg loss: 0.4882
[Epoch 22, Batch   100] avg loss: 0.5124
[Epoch 22, Batch   150] avg loss: 0.4993
[Epoch 22, Batch   200] avg loss: 0.5131
[Epoch 22, Batch   250] avg loss: 0.5055
[Epoch 22, Batch   300] avg loss: 0.5086
Validation loss: 1.4184 (61 batches)
loss_per_epoch_list on epoch 22 is [0.6742160076000652, 0.6637481451034546, 0.6630140406186463, 0.6450837200782338, 0.6941300738053243, 0.7053022599611126, 0.6552874387287703, 0.6592760154458343, 0.6600364778862625, 0.6359069591662923, 0.6066084279388678, 0.8093064065839424, 0.6098744126616932, 0.7560072238328027, 0.6781171316006145, 0.8040143026680243, 0.64647227330286, 0.7092106034521197, 0.6931656491561015, 0.7589746488899481, 0.7229382859878852, 1.418439263203105]

Checkpoint saved at /cluster/tufts/capstone25skyblue/eelkus01/NEXRADTurbulencePrediction/model_training/trained_model_outputs/hybrid_42_model_checkpoint.pth for l2_alpha_idx: 1, fold 1, and epoch 22
BEGINNING EPOCH 23
[Epoch 23, Batch    50] avg loss: 0.5160
[Epoch 23, Batch   100] avg loss: 0.5034
[Epoch 23, Batch   150] avg loss: 0.4742
[Epoch 23, Batch   200] avg loss: 0.5110
[Epoch 23, Batch   250] avg loss: 0.4823
[Epoch 23, Batch   300] avg loss: 0.4842
Validation loss: 0.7908 (61 batches)
loss_per_epoch_list on epoch 23 is [0.6742160076000652, 0.6637481451034546, 0.6630140406186463, 0.6450837200782338, 0.6941300738053243, 0.7053022599611126, 0.6552874387287703, 0.6592760154458343, 0.6600364778862625, 0.6359069591662923, 0.6066084279388678, 0.8093064065839424, 0.6098744126616932, 0.7560072238328027, 0.6781171316006145, 0.8040143026680243, 0.64647227330286, 0.7092106034521197, 0.6931656491561015, 0.7589746488899481, 0.7229382859878852, 1.418439263203105, 0.7907949080232715]

Checkpoint saved at /cluster/tufts/capstone25skyblue/eelkus01/NEXRADTurbulencePrediction/model_training/trained_model_outputs/hybrid_42_model_checkpoint.pth for l2_alpha_idx: 1, fold 1, and epoch 23
BEGINNING EPOCH 24
[Epoch 24, Batch    50] avg loss: 0.4954
[Epoch 24, Batch   100] avg loss: 0.4991
[Epoch 24, Batch   150] avg loss: 0.4822
[Epoch 24, Batch   200] avg loss: 0.4767
[Epoch 24, Batch   250] avg loss: 0.4931
[Epoch 24, Batch   300] avg loss: 0.4724
Validation loss: 0.7639 (61 batches)
loss_per_epoch_list on epoch 24 is [0.6742160076000652, 0.6637481451034546, 0.6630140406186463, 0.6450837200782338, 0.6941300738053243, 0.7053022599611126, 0.6552874387287703, 0.6592760154458343, 0.6600364778862625, 0.6359069591662923, 0.6066084279388678, 0.8093064065839424, 0.6098744126616932, 0.7560072238328027, 0.6781171316006145, 0.8040143026680243, 0.64647227330286, 0.7092106034521197, 0.6931656491561015, 0.7589746488899481, 0.7229382859878852, 1.418439263203105, 0.7907949080232715, 0.7639164641255238]

Checkpoint saved at /cluster/tufts/capstone25skyblue/eelkus01/NEXRADTurbulencePrediction/model_training/trained_model_outputs/hybrid_42_model_checkpoint.pth for l2_alpha_idx: 1, fold 1, and epoch 24
BEGINNING EPOCH 25
[Epoch 25, Batch    50] avg loss: 0.4794
[Epoch 25, Batch   100] avg loss: 0.4807
[Epoch 25, Batch   150] avg loss: 0.4953
[Epoch 25, Batch   200] avg loss: 0.4583
[Epoch 25, Batch   250] avg loss: 0.4566
[Epoch 25, Batch   300] avg loss: 0.4670
Validation loss: 0.8419 (61 batches)
loss_per_epoch_list on epoch 25 is [0.6742160076000652, 0.6637481451034546, 0.6630140406186463, 0.6450837200782338, 0.6941300738053243, 0.7053022599611126, 0.6552874387287703, 0.6592760154458343, 0.6600364778862625, 0.6359069591662923, 0.6066084279388678, 0.8093064065839424, 0.6098744126616932, 0.7560072238328027, 0.6781171316006145, 0.8040143026680243, 0.64647227330286, 0.7092106034521197, 0.6931656491561015, 0.7589746488899481, 0.7229382859878852, 1.418439263203105, 0.7907949080232715, 0.7639164641255238, 0.8419088457451492]

Checkpoint saved at /cluster/tufts/capstone25skyblue/eelkus01/NEXRADTurbulencePrediction/model_training/trained_model_outputs/hybrid_42_model_checkpoint.pth for l2_alpha_idx: 1, fold 1, and epoch 25
BEGINNING EPOCH 26
[Epoch 26, Batch    50] avg loss: 0.4647
[Epoch 26, Batch   100] avg loss: 0.4460
[Epoch 26, Batch   150] avg loss: 0.4596
[Epoch 26, Batch   200] avg loss: 0.4623
[Epoch 26, Batch   250] avg loss: 0.4546
[Epoch 26, Batch   300] avg loss: 0.4556
Validation loss: 0.7672 (61 batches)
loss_per_epoch_list on epoch 26 is [0.6742160076000652, 0.6637481451034546, 0.6630140406186463, 0.6450837200782338, 0.6941300738053243, 0.7053022599611126, 0.6552874387287703, 0.6592760154458343, 0.6600364778862625, 0.6359069591662923, 0.6066084279388678, 0.8093064065839424, 0.6098744126616932, 0.7560072238328027, 0.6781171316006145, 0.8040143026680243, 0.64647227330286, 0.7092106034521197, 0.6931656491561015, 0.7589746488899481, 0.7229382859878852, 1.418439263203105, 0.7907949080232715, 0.7639164641255238, 0.8419088457451492, 0.7671854603485982]

Checkpoint saved at /cluster/tufts/capstone25skyblue/eelkus01/NEXRADTurbulencePrediction/model_training/trained_model_outputs/hybrid_42_model_checkpoint.pth for l2_alpha_idx: 1, fold 1, and epoch 26
BEGINNING EPOCH 27
[Epoch 27, Batch    50] avg loss: 0.4440
[Epoch 27, Batch   100] avg loss: 0.4489
[Epoch 27, Batch   150] avg loss: 0.4362
[Epoch 27, Batch   200] avg loss: 0.4503
[Epoch 27, Batch   250] avg loss: 0.4378
[Epoch 27, Batch   300] avg loss: 0.4343
Validation loss: 0.8052 (61 batches)
loss_per_epoch_list on epoch 27 is [0.6742160076000652, 0.6637481451034546, 0.6630140406186463, 0.6450837200782338, 0.6941300738053243, 0.7053022599611126, 0.6552874387287703, 0.6592760154458343, 0.6600364778862625, 0.6359069591662923, 0.6066084279388678, 0.8093064065839424, 0.6098744126616932, 0.7560072238328027, 0.6781171316006145, 0.8040143026680243, 0.64647227330286, 0.7092106034521197, 0.6931656491561015, 0.7589746488899481, 0.7229382859878852, 1.418439263203105, 0.7907949080232715, 0.7639164641255238, 0.8419088457451492, 0.7671854603485982, 0.8051863557002583]

Checkpoint saved at /cluster/tufts/capstone25skyblue/eelkus01/NEXRADTurbulencePrediction/model_training/trained_model_outputs/hybrid_42_model_checkpoint.pth for l2_alpha_idx: 1, fold 1, and epoch 27
BEGINNING EPOCH 28
[Epoch 28, Batch    50] avg loss: 0.4349
[Epoch 28, Batch   100] avg loss: 0.4405
[Epoch 28, Batch   150] avg loss: 0.4301
[Epoch 28, Batch   200] avg loss: 0.4554
[Epoch 28, Batch   250] avg loss: 0.4209
[Epoch 28, Batch   300] avg loss: 0.4532
Validation loss: 0.8446 (61 batches)
loss_per_epoch_list on epoch 28 is [0.6742160076000652, 0.6637481451034546, 0.6630140406186463, 0.6450837200782338, 0.6941300738053243, 0.7053022599611126, 0.6552874387287703, 0.6592760154458343, 0.6600364778862625, 0.6359069591662923, 0.6066084279388678, 0.8093064065839424, 0.6098744126616932, 0.7560072238328027, 0.6781171316006145, 0.8040143026680243, 0.64647227330286, 0.7092106034521197, 0.6931656491561015, 0.7589746488899481, 0.7229382859878852, 1.418439263203105, 0.7907949080232715, 0.7639164641255238, 0.8419088457451492, 0.7671854603485982, 0.8051863557002583, 0.844563107510082]

Checkpoint saved at /cluster/tufts/capstone25skyblue/eelkus01/NEXRADTurbulencePrediction/model_training/trained_model_outputs/hybrid_42_model_checkpoint.pth for l2_alpha_idx: 1, fold 1, and epoch 28
BEGINNING EPOCH 29
[Epoch 29, Batch    50] avg loss: 0.4295
[Epoch 29, Batch   100] avg loss: 0.4231
[Epoch 29, Batch   150] avg loss: 0.4339
[Epoch 29, Batch   200] avg loss: 0.4219
[Epoch 29, Batch   250] avg loss: 0.3966
[Epoch 29, Batch   300] avg loss: 0.4173
Validation loss: 0.9838 (61 batches)
loss_per_epoch_list on epoch 29 is [0.6742160076000652, 0.6637481451034546, 0.6630140406186463, 0.6450837200782338, 0.6941300738053243, 0.7053022599611126, 0.6552874387287703, 0.6592760154458343, 0.6600364778862625, 0.6359069591662923, 0.6066084279388678, 0.8093064065839424, 0.6098744126616932, 0.7560072238328027, 0.6781171316006145, 0.8040143026680243, 0.64647227330286, 0.7092106034521197, 0.6931656491561015, 0.7589746488899481, 0.7229382859878852, 1.418439263203105, 0.7907949080232715, 0.7639164641255238, 0.8419088457451492, 0.7671854603485982, 0.8051863557002583, 0.844563107510082, 0.9838119647541984]

Checkpoint saved at /cluster/tufts/capstone25skyblue/eelkus01/NEXRADTurbulencePrediction/model_training/trained_model_outputs/hybrid_42_model_checkpoint.pth for l2_alpha_idx: 1, fold 1, and epoch 29
Fold 1 had loss: 0.9838119647541984 on its last epoch

Fold 2 with l2_alpha = 0.01
Train subset size: 19253, Validation subset size: 3851
BEGINNING EPOCH 1
[Epoch 1, Batch    50] avg loss: 0.9195
[Epoch 1, Batch   100] avg loss: 0.7925
[Epoch 1, Batch   150] avg loss: 0.8013
[Epoch 1, Batch   200] avg loss: 0.7414
[Epoch 1, Batch   250] avg loss: 0.6922
[Epoch 1, Batch   300] avg loss: 0.6820
Validation loss: 0.6501 (61 batches)
loss_per_epoch_list on epoch 1 is [0.6501146222724289]

Checkpoint saved at /cluster/tufts/capstone25skyblue/eelkus01/NEXRADTurbulencePrediction/model_training/trained_model_outputs/hybrid_42_model_checkpoint.pth for l2_alpha_idx: 1, fold 2, and epoch 1
BEGINNING EPOCH 2
[Epoch 2, Batch    50] avg loss: 0.7067
[Epoch 2, Batch   100] avg loss: 0.7530
[Epoch 2, Batch   150] avg loss: 0.6905
[Epoch 2, Batch   200] avg loss: 0.6646
[Epoch 2, Batch   250] avg loss: 0.6706
[Epoch 2, Batch   300] avg loss: 0.6655
Validation loss: 0.6504 (61 batches)
loss_per_epoch_list on epoch 2 is [0.6501146222724289, 0.6503764117350344]

Checkpoint saved at /cluster/tufts/capstone25skyblue/eelkus01/NEXRADTurbulencePrediction/model_training/trained_model_outputs/hybrid_42_model_checkpoint.pth for l2_alpha_idx: 1, fold 2, and epoch 2
BEGINNING EPOCH 3
[Epoch 3, Batch    50] avg loss: 0.6666
[Epoch 3, Batch   100] avg loss: 0.6641
[Epoch 3, Batch   150] avg loss: 0.6600
[Epoch 3, Batch   200] avg loss: 0.6513
[Epoch 3, Batch   250] avg loss: 0.6592
[Epoch 3, Batch   300] avg loss: 0.6579
Validation loss: 0.6608 (61 batches)
loss_per_epoch_list on epoch 3 is [0.6501146222724289, 0.6503764117350344, 0.6607726665793873]

Checkpoint saved at /cluster/tufts/capstone25skyblue/eelkus01/NEXRADTurbulencePrediction/model_training/trained_model_outputs/hybrid_42_model_checkpoint.pth for l2_alpha_idx: 1, fold 2, and epoch 3
BEGINNING EPOCH 4
[Epoch 4, Batch    50] avg loss: 0.6549
[Epoch 4, Batch   100] avg loss: 0.6600
[Epoch 4, Batch   150] avg loss: 0.6566
[Epoch 4, Batch   200] avg loss: 0.6513
[Epoch 4, Batch   250] avg loss: 0.6576
[Epoch 4, Batch   300] avg loss: 0.6608
Validation loss: 0.6539 (61 batches)
loss_per_epoch_list on epoch 4 is [0.6501146222724289, 0.6503764117350344, 0.6607726665793873, 0.6538634945134647]

Checkpoint saved at /cluster/tufts/capstone25skyblue/eelkus01/NEXRADTurbulencePrediction/model_training/trained_model_outputs/hybrid_42_model_checkpoint.pth for l2_alpha_idx: 1, fold 2, and epoch 4
BEGINNING EPOCH 5
[Epoch 5, Batch    50] avg loss: 0.6488
[Epoch 5, Batch   100] avg loss: 0.6546
[Epoch 5, Batch   150] avg loss: 0.6516
[Epoch 5, Batch   200] avg loss: 0.6553
[Epoch 5, Batch   250] avg loss: 0.6466
[Epoch 5, Batch   300] avg loss: 0.6560
Validation loss: 0.6531 (61 batches)
loss_per_epoch_list on epoch 5 is [0.6501146222724289, 0.6503764117350344, 0.6607726665793873, 0.6538634945134647, 0.6531173020112709]

Checkpoint saved at /cluster/tufts/capstone25skyblue/eelkus01/NEXRADTurbulencePrediction/model_training/trained_model_outputs/hybrid_42_model_checkpoint.pth for l2_alpha_idx: 1, fold 2, and epoch 5
BEGINNING EPOCH 6
[Epoch 6, Batch    50] avg loss: 0.6487
[Epoch 6, Batch   100] avg loss: 0.6505
[Epoch 6, Batch   150] avg loss: 0.6525
[Epoch 6, Batch   200] avg loss: 0.6517
[Epoch 6, Batch   250] avg loss: 0.6518
[Epoch 6, Batch   300] avg loss: 0.6510
Validation loss: 0.6406 (61 batches)
loss_per_epoch_list on epoch 6 is [0.6501146222724289, 0.6503764117350344, 0.6607726665793873, 0.6538634945134647, 0.6531173020112709, 0.6406287248017358]

Checkpoint saved at /cluster/tufts/capstone25skyblue/eelkus01/NEXRADTurbulencePrediction/model_training/trained_model_outputs/hybrid_42_model_checkpoint.pth for l2_alpha_idx: 1, fold 2, and epoch 6
BEGINNING EPOCH 7
[Epoch 7, Batch    50] avg loss: 0.6511
[Epoch 7, Batch   100] avg loss: 0.6480
[Epoch 7, Batch   150] avg loss: 0.6435
[Epoch 7, Batch   200] avg loss: 0.6480
[Epoch 7, Batch   250] avg loss: 0.6441
[Epoch 7, Batch   300] avg loss: 0.6551
Validation loss: 0.6180 (61 batches)
loss_per_epoch_list on epoch 7 is [0.6501146222724289, 0.6503764117350344, 0.6607726665793873, 0.6538634945134647, 0.6531173020112709, 0.6406287248017358, 0.6179925027440806]

Checkpoint saved at /cluster/tufts/capstone25skyblue/eelkus01/NEXRADTurbulencePrediction/model_training/trained_model_outputs/hybrid_42_model_checkpoint.pth for l2_alpha_idx: 1, fold 2, and epoch 7
BEGINNING EPOCH 8
[Epoch 8, Batch    50] avg loss: 0.6493
[Epoch 8, Batch   100] avg loss: 0.6393
[Epoch 8, Batch   150] avg loss: 0.6462
[Epoch 8, Batch   200] avg loss: 0.6521
[Epoch 8, Batch   250] avg loss: 0.6384
[Epoch 8, Batch   300] avg loss: 0.6370
Validation loss: 0.6399 (61 batches)
loss_per_epoch_list on epoch 8 is [0.6501146222724289, 0.6503764117350344, 0.6607726665793873, 0.6538634945134647, 0.6531173020112709, 0.6406287248017358, 0.6179925027440806, 0.6399168445438635]

Checkpoint saved at /cluster/tufts/capstone25skyblue/eelkus01/NEXRADTurbulencePrediction/model_training/trained_model_outputs/hybrid_42_model_checkpoint.pth for l2_alpha_idx: 1, fold 2, and epoch 8
BEGINNING EPOCH 9
[Epoch 9, Batch    50] avg loss: 0.6357
[Epoch 9, Batch   100] avg loss: 0.6389
[Epoch 9, Batch   150] avg loss: 0.6438
[Epoch 9, Batch   200] avg loss: 0.6314
[Epoch 9, Batch   250] avg loss: 0.6436
[Epoch 9, Batch   300] avg loss: 0.6299
Validation loss: 0.6608 (61 batches)
loss_per_epoch_list on epoch 9 is [0.6501146222724289, 0.6503764117350344, 0.6607726665793873, 0.6538634945134647, 0.6531173020112709, 0.6406287248017358, 0.6179925027440806, 0.6399168445438635, 0.6608401048378866]

Checkpoint saved at /cluster/tufts/capstone25skyblue/eelkus01/NEXRADTurbulencePrediction/model_training/trained_model_outputs/hybrid_42_model_checkpoint.pth for l2_alpha_idx: 1, fold 2, and epoch 9
BEGINNING EPOCH 10
[Epoch 10, Batch    50] avg loss: 0.6454
[Epoch 10, Batch   100] avg loss: 0.6356
[Epoch 10, Batch   150] avg loss: 0.6409
[Epoch 10, Batch   200] avg loss: 0.6338
[Epoch 10, Batch   250] avg loss: 0.6352
[Epoch 10, Batch   300] avg loss: 0.6371
Validation loss: 0.6668 (61 batches)
loss_per_epoch_list on epoch 10 is [0.6501146222724289, 0.6503764117350344, 0.6607726665793873, 0.6538634945134647, 0.6531173020112709, 0.6406287248017358, 0.6179925027440806, 0.6399168445438635, 0.6608401048378866, 0.6667806760209506]

Checkpoint saved at /cluster/tufts/capstone25skyblue/eelkus01/NEXRADTurbulencePrediction/model_training/trained_model_outputs/hybrid_42_model_checkpoint.pth for l2_alpha_idx: 1, fold 2, and epoch 10
BEGINNING EPOCH 11
[Epoch 11, Batch    50] avg loss: 0.6311
[Epoch 11, Batch   100] avg loss: 0.6420
[Epoch 11, Batch   150] avg loss: 0.6326
[Epoch 11, Batch   200] avg loss: 0.6245
[Epoch 11, Batch   250] avg loss: 0.6318
[Epoch 11, Batch   300] avg loss: 0.6186
Validation loss: 0.6207 (61 batches)
loss_per_epoch_list on epoch 11 is [0.6501146222724289, 0.6503764117350344, 0.6607726665793873, 0.6538634945134647, 0.6531173020112709, 0.6406287248017358, 0.6179925027440806, 0.6399168445438635, 0.6608401048378866, 0.6667806760209506, 0.6206659967782068]

Checkpoint saved at /cluster/tufts/capstone25skyblue/eelkus01/NEXRADTurbulencePrediction/model_training/trained_model_outputs/hybrid_42_model_checkpoint.pth for l2_alpha_idx: 1, fold 2, and epoch 11
BEGINNING EPOCH 12
[Epoch 12, Batch    50] avg loss: 0.6220
[Epoch 12, Batch   100] avg loss: 0.6360
[Epoch 12, Batch   150] avg loss: 0.6236
[Epoch 12, Batch   200] avg loss: 0.6224
[Epoch 12, Batch   250] avg loss: 0.6283
[Epoch 12, Batch   300] avg loss: 0.6242
Validation loss: 0.6109 (61 batches)
loss_per_epoch_list on epoch 12 is [0.6501146222724289, 0.6503764117350344, 0.6607726665793873, 0.6538634945134647, 0.6531173020112709, 0.6406287248017358, 0.6179925027440806, 0.6399168445438635, 0.6608401048378866, 0.6667806760209506, 0.6206659967782068, 0.6109211229887165]

Checkpoint saved at /cluster/tufts/capstone25skyblue/eelkus01/NEXRADTurbulencePrediction/model_training/trained_model_outputs/hybrid_42_model_checkpoint.pth for l2_alpha_idx: 1, fold 2, and epoch 12
BEGINNING EPOCH 13
[Epoch 13, Batch    50] avg loss: 0.6106
[Epoch 13, Batch   100] avg loss: 0.6238
[Epoch 13, Batch   150] avg loss: 0.6178
[Epoch 13, Batch   200] avg loss: 0.6185
[Epoch 13, Batch   250] avg loss: 0.6257
[Epoch 13, Batch   300] avg loss: 0.6186
Validation loss: 0.6802 (61 batches)
loss_per_epoch_list on epoch 13 is [0.6501146222724289, 0.6503764117350344, 0.6607726665793873, 0.6538634945134647, 0.6531173020112709, 0.6406287248017358, 0.6179925027440806, 0.6399168445438635, 0.6608401048378866, 0.6667806760209506, 0.6206659967782068, 0.6109211229887165, 0.6802281766641335]

Checkpoint saved at /cluster/tufts/capstone25skyblue/eelkus01/NEXRADTurbulencePrediction/model_training/trained_model_outputs/hybrid_42_model_checkpoint.pth for l2_alpha_idx: 1, fold 2, and epoch 13
BEGINNING EPOCH 14
[Epoch 14, Batch    50] avg loss: 0.6224
[Epoch 14, Batch   100] avg loss: 0.6083
[Epoch 14, Batch   150] avg loss: 0.6190
[Epoch 14, Batch   200] avg loss: 0.6105
[Epoch 14, Batch   250] avg loss: 0.6135
[Epoch 14, Batch   300] avg loss: 0.6050
Validation loss: 0.7069 (61 batches)
loss_per_epoch_list on epoch 14 is [0.6501146222724289, 0.6503764117350344, 0.6607726665793873, 0.6538634945134647, 0.6531173020112709, 0.6406287248017358, 0.6179925027440806, 0.6399168445438635, 0.6608401048378866, 0.6667806760209506, 0.6206659967782068, 0.6109211229887165, 0.6802281766641335, 0.7069268715186198]

Checkpoint saved at /cluster/tufts/capstone25skyblue/eelkus01/NEXRADTurbulencePrediction/model_training/trained_model_outputs/hybrid_42_model_checkpoint.pth for l2_alpha_idx: 1, fold 2, and epoch 14
BEGINNING EPOCH 15
[Epoch 15, Batch    50] avg loss: 0.5961
[Epoch 15, Batch   100] avg loss: 0.6114
[Epoch 15, Batch   150] avg loss: 0.6021
[Epoch 15, Batch   200] avg loss: 0.5978
[Epoch 15, Batch   250] avg loss: 0.6103
[Epoch 15, Batch   300] avg loss: 0.6014
Validation loss: 0.6461 (61 batches)
loss_per_epoch_list on epoch 15 is [0.6501146222724289, 0.6503764117350344, 0.6607726665793873, 0.6538634945134647, 0.6531173020112709, 0.6406287248017358, 0.6179925027440806, 0.6399168445438635, 0.6608401048378866, 0.6667806760209506, 0.6206659967782068, 0.6109211229887165, 0.6802281766641335, 0.7069268715186198, 0.6460732373057819]

Checkpoint saved at /cluster/tufts/capstone25skyblue/eelkus01/NEXRADTurbulencePrediction/model_training/trained_model_outputs/hybrid_42_model_checkpoint.pth for l2_alpha_idx: 1, fold 2, and epoch 15
BEGINNING EPOCH 16
[Epoch 16, Batch    50] avg loss: 0.5918
[Epoch 16, Batch   100] avg loss: 0.5969
[Epoch 16, Batch   150] avg loss: 0.5999
[Epoch 16, Batch   200] avg loss: 0.5849
[Epoch 16, Batch   250] avg loss: 0.5946
[Epoch 16, Batch   300] avg loss: 0.5900
Validation loss: 0.6336 (61 batches)
loss_per_epoch_list on epoch 16 is [0.6501146222724289, 0.6503764117350344, 0.6607726665793873, 0.6538634945134647, 0.6531173020112709, 0.6406287248017358, 0.6179925027440806, 0.6399168445438635, 0.6608401048378866, 0.6667806760209506, 0.6206659967782068, 0.6109211229887165, 0.6802281766641335, 0.7069268715186198, 0.6460732373057819, 0.6336356831378624]

Checkpoint saved at /cluster/tufts/capstone25skyblue/eelkus01/NEXRADTurbulencePrediction/model_training/trained_model_outputs/hybrid_42_model_checkpoint.pth for l2_alpha_idx: 1, fold 2, and epoch 16
BEGINNING EPOCH 17
[Epoch 17, Batch    50] avg loss: 0.5946
[Epoch 17, Batch   100] avg loss: 0.5772
[Epoch 17, Batch   150] avg loss: 0.5785
[Epoch 17, Batch   200] avg loss: 0.5840
[Epoch 17, Batch   250] avg loss: 0.5643
[Epoch 17, Batch   300] avg loss: 0.5662
Validation loss: 0.6989 (61 batches)
loss_per_epoch_list on epoch 17 is [0.6501146222724289, 0.6503764117350344, 0.6607726665793873, 0.6538634945134647, 0.6531173020112709, 0.6406287248017358, 0.6179925027440806, 0.6399168445438635, 0.6608401048378866, 0.6667806760209506, 0.6206659967782068, 0.6109211229887165, 0.6802281766641335, 0.7069268715186198, 0.6460732373057819, 0.6336356831378624, 0.6989086260561084]

Checkpoint saved at /cluster/tufts/capstone25skyblue/eelkus01/NEXRADTurbulencePrediction/model_training/trained_model_outputs/hybrid_42_model_checkpoint.pth for l2_alpha_idx: 1, fold 2, and epoch 17
BEGINNING EPOCH 18
[Epoch 18, Batch    50] avg loss: 0.5862
[Epoch 18, Batch   100] avg loss: 0.5656
[Epoch 18, Batch   150] avg loss: 0.5828
[Epoch 18, Batch   200] avg loss: 0.5899
[Epoch 18, Batch   250] avg loss: 0.5802
[Epoch 18, Batch   300] avg loss: 0.5610
Validation loss: 0.7721 (61 batches)
loss_per_epoch_list on epoch 18 is [0.6501146222724289, 0.6503764117350344, 0.6607726665793873, 0.6538634945134647, 0.6531173020112709, 0.6406287248017358, 0.6179925027440806, 0.6399168445438635, 0.6608401048378866, 0.6667806760209506, 0.6206659967782068, 0.6109211229887165, 0.6802281766641335, 0.7069268715186198, 0.6460732373057819, 0.6336356831378624, 0.6989086260561084, 0.7720840739422157]

Checkpoint saved at /cluster/tufts/capstone25skyblue/eelkus01/NEXRADTurbulencePrediction/model_training/trained_model_outputs/hybrid_42_model_checkpoint.pth for l2_alpha_idx: 1, fold 2, and epoch 18
BEGINNING EPOCH 19
[Epoch 19, Batch    50] avg loss: 0.5586
[Epoch 19, Batch   100] avg loss: 0.5646
[Epoch 19, Batch   150] avg loss: 0.5736
[Epoch 19, Batch   200] avg loss: 0.5644
[Epoch 19, Batch   250] avg loss: 0.5586
[Epoch 19, Batch   300] avg loss: 0.5515
Validation loss: 0.7622 (61 batches)
loss_per_epoch_list on epoch 19 is [0.6501146222724289, 0.6503764117350344, 0.6607726665793873, 0.6538634945134647, 0.6531173020112709, 0.6406287248017358, 0.6179925027440806, 0.6399168445438635, 0.6608401048378866, 0.6667806760209506, 0.6206659967782068, 0.6109211229887165, 0.6802281766641335, 0.7069268715186198, 0.6460732373057819, 0.6336356831378624, 0.6989086260561084, 0.7720840739422157, 0.7622092454159846]

Checkpoint saved at /cluster/tufts/capstone25skyblue/eelkus01/NEXRADTurbulencePrediction/model_training/trained_model_outputs/hybrid_42_model_checkpoint.pth for l2_alpha_idx: 1, fold 2, and epoch 19
BEGINNING EPOCH 20
[Epoch 20, Batch    50] avg loss: 0.5641
[Epoch 20, Batch   100] avg loss: 0.5547
[Epoch 20, Batch   150] avg loss: 0.5381
[Epoch 20, Batch   200] avg loss: 0.5692
[Epoch 20, Batch   250] avg loss: 0.5525
[Epoch 20, Batch   300] avg loss: 0.5451
Validation loss: 0.7276 (61 batches)
loss_per_epoch_list on epoch 20 is [0.6501146222724289, 0.6503764117350344, 0.6607726665793873, 0.6538634945134647, 0.6531173020112709, 0.6406287248017358, 0.6179925027440806, 0.6399168445438635, 0.6608401048378866, 0.6667806760209506, 0.6206659967782068, 0.6109211229887165, 0.6802281766641335, 0.7069268715186198, 0.6460732373057819, 0.6336356831378624, 0.6989086260561084, 0.7720840739422157, 0.7622092454159846, 0.7275717395250915]

Checkpoint saved at /cluster/tufts/capstone25skyblue/eelkus01/NEXRADTurbulencePrediction/model_training/trained_model_outputs/hybrid_42_model_checkpoint.pth for l2_alpha_idx: 1, fold 2, and epoch 20
BEGINNING EPOCH 21
[Epoch 21, Batch    50] avg loss: 0.5420
[Epoch 21, Batch   100] avg loss: 0.5450
[Epoch 21, Batch   150] avg loss: 0.5344
[Epoch 21, Batch   200] avg loss: 0.5380
[Epoch 21, Batch   250] avg loss: 0.5324
[Epoch 21, Batch   300] avg loss: 0.5396
Validation loss: 0.7304 (61 batches)
loss_per_epoch_list on epoch 21 is [0.6501146222724289, 0.6503764117350344, 0.6607726665793873, 0.6538634945134647, 0.6531173020112709, 0.6406287248017358, 0.6179925027440806, 0.6399168445438635, 0.6608401048378866, 0.6667806760209506, 0.6206659967782068, 0.6109211229887165, 0.6802281766641335, 0.7069268715186198, 0.6460732373057819, 0.6336356831378624, 0.6989086260561084, 0.7720840739422157, 0.7622092454159846, 0.7275717395250915, 0.7304250197332414]

Checkpoint saved at /cluster/tufts/capstone25skyblue/eelkus01/NEXRADTurbulencePrediction/model_training/trained_model_outputs/hybrid_42_model_checkpoint.pth for l2_alpha_idx: 1, fold 2, and epoch 21
BEGINNING EPOCH 22
[Epoch 22, Batch    50] avg loss: 0.5242
[Epoch 22, Batch   100] avg loss: 0.5318
[Epoch 22, Batch   150] avg loss: 0.5112
[Epoch 22, Batch   200] avg loss: 0.5135
[Epoch 22, Batch   250] avg loss: 0.6160
[Epoch 22, Batch   300] avg loss: 0.5712
Validation loss: 0.7989 (61 batches)
loss_per_epoch_list on epoch 22 is [0.6501146222724289, 0.6503764117350344, 0.6607726665793873, 0.6538634945134647, 0.6531173020112709, 0.6406287248017358, 0.6179925027440806, 0.6399168445438635, 0.6608401048378866, 0.6667806760209506, 0.6206659967782068, 0.6109211229887165, 0.6802281766641335, 0.7069268715186198, 0.6460732373057819, 0.6336356831378624, 0.6989086260561084, 0.7720840739422157, 0.7622092454159846, 0.7275717395250915, 0.7304250197332414, 0.7989084891608504]

Checkpoint saved at /cluster/tufts/capstone25skyblue/eelkus01/NEXRADTurbulencePrediction/model_training/trained_model_outputs/hybrid_42_model_checkpoint.pth for l2_alpha_idx: 1, fold 2, and epoch 22
BEGINNING EPOCH 23
[Epoch 23, Batch    50] avg loss: 0.5195
[Epoch 23, Batch   100] avg loss: 0.5140
[Epoch 23, Batch   150] avg loss: 0.5046
[Epoch 23, Batch   200] avg loss: 0.4978
[Epoch 23, Batch   250] avg loss: 0.5323
[Epoch 23, Batch   300] avg loss: 0.4998
Validation loss: 0.9017 (61 batches)
loss_per_epoch_list on epoch 23 is [0.6501146222724289, 0.6503764117350344, 0.6607726665793873, 0.6538634945134647, 0.6531173020112709, 0.6406287248017358, 0.6179925027440806, 0.6399168445438635, 0.6608401048378866, 0.6667806760209506, 0.6206659967782068, 0.6109211229887165, 0.6802281766641335, 0.7069268715186198, 0.6460732373057819, 0.6336356831378624, 0.6989086260561084, 0.7720840739422157, 0.7622092454159846, 0.7275717395250915, 0.7304250197332414, 0.7989084891608504, 0.9016731508442613]

Checkpoint saved at /cluster/tufts/capstone25skyblue/eelkus01/NEXRADTurbulencePrediction/model_training/trained_model_outputs/hybrid_42_model_checkpoint.pth for l2_alpha_idx: 1, fold 2, and epoch 23
BEGINNING EPOCH 24
[Epoch 24, Batch    50] avg loss: 0.4983
[Epoch 24, Batch   100] avg loss: 0.5038
[Epoch 24, Batch   150] avg loss: 0.4912
[Epoch 24, Batch   200] avg loss: 0.4944
[Epoch 24, Batch   250] avg loss: 0.4971
[Epoch 24, Batch   300] avg loss: 0.5013
Validation loss: 0.7544 (61 batches)
loss_per_epoch_list on epoch 24 is [0.6501146222724289, 0.6503764117350344, 0.6607726665793873, 0.6538634945134647, 0.6531173020112709, 0.6406287248017358, 0.6179925027440806, 0.6399168445438635, 0.6608401048378866, 0.6667806760209506, 0.6206659967782068, 0.6109211229887165, 0.6802281766641335, 0.7069268715186198, 0.6460732373057819, 0.6336356831378624, 0.6989086260561084, 0.7720840739422157, 0.7622092454159846, 0.7275717395250915, 0.7304250197332414, 0.7989084891608504, 0.9016731508442613, 0.7543562631138035]

Checkpoint saved at /cluster/tufts/capstone25skyblue/eelkus01/NEXRADTurbulencePrediction/model_training/trained_model_outputs/hybrid_42_model_checkpoint.pth for l2_alpha_idx: 1, fold 2, and epoch 24
BEGINNING EPOCH 25
[Epoch 25, Batch    50] avg loss: 0.4876
[Epoch 25, Batch   100] avg loss: 0.5127
[Epoch 25, Batch   150] avg loss: 0.5015
[Epoch 25, Batch   200] avg loss: 0.4743
[Epoch 25, Batch   250] avg loss: 0.4736
[Epoch 25, Batch   300] avg loss: 0.4654
Validation loss: 0.8330 (61 batches)
loss_per_epoch_list on epoch 25 is [0.6501146222724289, 0.6503764117350344, 0.6607726665793873, 0.6538634945134647, 0.6531173020112709, 0.6406287248017358, 0.6179925027440806, 0.6399168445438635, 0.6608401048378866, 0.6667806760209506, 0.6206659967782068, 0.6109211229887165, 0.6802281766641335, 0.7069268715186198, 0.6460732373057819, 0.6336356831378624, 0.6989086260561084, 0.7720840739422157, 0.7622092454159846, 0.7275717395250915, 0.7304250197332414, 0.7989084891608504, 0.9016731508442613, 0.7543562631138035, 0.832980893674444]

Checkpoint saved at /cluster/tufts/capstone25skyblue/eelkus01/NEXRADTurbulencePrediction/model_training/trained_model_outputs/hybrid_42_model_checkpoint.pth for l2_alpha_idx: 1, fold 2, and epoch 25
BEGINNING EPOCH 26
[Epoch 26, Batch    50] avg loss: 0.4818
[Epoch 26, Batch   100] avg loss: 0.4963
[Epoch 26, Batch   150] avg loss: 0.4990
[Epoch 26, Batch   200] avg loss: 0.4773
[Epoch 26, Batch   250] avg loss: 0.4715
[Epoch 26, Batch   300] avg loss: 0.4608
Validation loss: 0.8332 (61 batches)
loss_per_epoch_list on epoch 26 is [0.6501146222724289, 0.6503764117350344, 0.6607726665793873, 0.6538634945134647, 0.6531173020112709, 0.6406287248017358, 0.6179925027440806, 0.6399168445438635, 0.6608401048378866, 0.6667806760209506, 0.6206659967782068, 0.6109211229887165, 0.6802281766641335, 0.7069268715186198, 0.6460732373057819, 0.6336356831378624, 0.6989086260561084, 0.7720840739422157, 0.7622092454159846, 0.7275717395250915, 0.7304250197332414, 0.7989084891608504, 0.9016731508442613, 0.7543562631138035, 0.832980893674444, 0.8331828488678229]

Checkpoint saved at /cluster/tufts/capstone25skyblue/eelkus01/NEXRADTurbulencePrediction/model_training/trained_model_outputs/hybrid_42_model_checkpoint.pth for l2_alpha_idx: 1, fold 2, and epoch 26
BEGINNING EPOCH 27
[Epoch 27, Batch    50] avg loss: 0.4690
[Epoch 27, Batch   100] avg loss: 0.4555
[Epoch 27, Batch   150] avg loss: 0.4485
[Epoch 27, Batch   200] avg loss: 0.4541
[Epoch 27, Batch   250] avg loss: 0.4569
[Epoch 27, Batch   300] avg loss: 0.4978
Validation loss: 0.9044 (61 batches)
loss_per_epoch_list on epoch 27 is [0.6501146222724289, 0.6503764117350344, 0.6607726665793873, 0.6538634945134647, 0.6531173020112709, 0.6406287248017358, 0.6179925027440806, 0.6399168445438635, 0.6608401048378866, 0.6667806760209506, 0.6206659967782068, 0.6109211229887165, 0.6802281766641335, 0.7069268715186198, 0.6460732373057819, 0.6336356831378624, 0.6989086260561084, 0.7720840739422157, 0.7622092454159846, 0.7275717395250915, 0.7304250197332414, 0.7989084891608504, 0.9016731508442613, 0.7543562631138035, 0.832980893674444, 0.8331828488678229, 0.9044499739271695]

Checkpoint saved at /cluster/tufts/capstone25skyblue/eelkus01/NEXRADTurbulencePrediction/model_training/trained_model_outputs/hybrid_42_model_checkpoint.pth for l2_alpha_idx: 1, fold 2, and epoch 27
BEGINNING EPOCH 28
[Epoch 28, Batch    50] avg loss: 0.4581
[Epoch 28, Batch   100] avg loss: 0.4447
[Epoch 28, Batch   150] avg loss: 0.4542
[Epoch 28, Batch   200] avg loss: 0.4229
[Epoch 28, Batch   250] avg loss: 0.4619
[Epoch 28, Batch   300] avg loss: 0.4380
Validation loss: 0.8752 (61 batches)
loss_per_epoch_list on epoch 28 is [0.6501146222724289, 0.6503764117350344, 0.6607726665793873, 0.6538634945134647, 0.6531173020112709, 0.6406287248017358, 0.6179925027440806, 0.6399168445438635, 0.6608401048378866, 0.6667806760209506, 0.6206659967782068, 0.6109211229887165, 0.6802281766641335, 0.7069268715186198, 0.6460732373057819, 0.6336356831378624, 0.6989086260561084, 0.7720840739422157, 0.7622092454159846, 0.7275717395250915, 0.7304250197332414, 0.7989084891608504, 0.9016731508442613, 0.7543562631138035, 0.832980893674444, 0.8331828488678229, 0.9044499739271695, 0.8751739468730864]

Checkpoint saved at /cluster/tufts/capstone25skyblue/eelkus01/NEXRADTurbulencePrediction/model_training/trained_model_outputs/hybrid_42_model_checkpoint.pth for l2_alpha_idx: 1, fold 2, and epoch 28
BEGINNING EPOCH 29
[Epoch 29, Batch    50] avg loss: 0.4401
[Epoch 29, Batch   100] avg loss: 0.4321
[Epoch 29, Batch   150] avg loss: 0.4429
[Epoch 29, Batch   200] avg loss: 0.4319
[Epoch 29, Batch   250] avg loss: 0.4289
[Epoch 29, Batch   300] avg loss: 0.4432
Validation loss: 1.3458 (61 batches)
loss_per_epoch_list on epoch 29 is [0.6501146222724289, 0.6503764117350344, 0.6607726665793873, 0.6538634945134647, 0.6531173020112709, 0.6406287248017358, 0.6179925027440806, 0.6399168445438635, 0.6608401048378866, 0.6667806760209506, 0.6206659967782068, 0.6109211229887165, 0.6802281766641335, 0.7069268715186198, 0.6460732373057819, 0.6336356831378624, 0.6989086260561084, 0.7720840739422157, 0.7622092454159846, 0.7275717395250915, 0.7304250197332414, 0.7989084891608504, 0.9016731508442613, 0.7543562631138035, 0.832980893674444, 0.8331828488678229, 0.9044499739271695, 0.8751739468730864, 1.345816391413329]

Checkpoint saved at /cluster/tufts/capstone25skyblue/eelkus01/NEXRADTurbulencePrediction/model_training/trained_model_outputs/hybrid_42_model_checkpoint.pth for l2_alpha_idx: 1, fold 2, and epoch 29
Fold 2 had loss: 1.345816391413329 on its last epoch

Fold 3 with l2_alpha = 0.01
Train subset size: 19253, Validation subset size: 3851
BEGINNING EPOCH 1
[Epoch 1, Batch    50] avg loss: 3.5940
[Epoch 1, Batch   100] avg loss: 1.0473
[Epoch 1, Batch   150] avg loss: 0.8034
[Epoch 1, Batch   200] avg loss: 0.7541
[Epoch 1, Batch   250] avg loss: 0.7485
[Epoch 1, Batch   300] avg loss: 0.6994
Validation loss: 0.6501 (61 batches)
loss_per_epoch_list on epoch 1 is [0.6500670519031462]

Checkpoint saved at /cluster/tufts/capstone25skyblue/eelkus01/NEXRADTurbulencePrediction/model_training/trained_model_outputs/hybrid_42_model_checkpoint.pth for l2_alpha_idx: 1, fold 3, and epoch 1
BEGINNING EPOCH 2
[Epoch 2, Batch    50] avg loss: 0.6834
[Epoch 2, Batch   100] avg loss: 0.6770
[Epoch 2, Batch   150] avg loss: 0.7000
[Epoch 2, Batch   200] avg loss: 0.6876
[Epoch 2, Batch   250] avg loss: 0.6608
[Epoch 2, Batch   300] avg loss: 0.6963
Validation loss: 0.6582 (61 batches)
loss_per_epoch_list on epoch 2 is [0.6500670519031462, 0.6582465289069004]

Checkpoint saved at /cluster/tufts/capstone25skyblue/eelkus01/NEXRADTurbulencePrediction/model_training/trained_model_outputs/hybrid_42_model_checkpoint.pth for l2_alpha_idx: 1, fold 3, and epoch 2
BEGINNING EPOCH 3
[Epoch 3, Batch    50] avg loss: 0.6805
[Epoch 3, Batch   100] avg loss: 0.6686
[Epoch 3, Batch   150] avg loss: 0.6683
[Epoch 3, Batch   200] avg loss: 0.6712
[Epoch 3, Batch   250] avg loss: 0.6667
[Epoch 3, Batch   300] avg loss: 0.6724
Validation loss: 0.7202 (61 batches)
loss_per_epoch_list on epoch 3 is [0.6500670519031462, 0.6582465289069004, 0.7202149170343993]

Checkpoint saved at /cluster/tufts/capstone25skyblue/eelkus01/NEXRADTurbulencePrediction/model_training/trained_model_outputs/hybrid_42_model_checkpoint.pth for l2_alpha_idx: 1, fold 3, and epoch 3
BEGINNING EPOCH 4
[Epoch 4, Batch    50] avg loss: 0.6593
[Epoch 4, Batch   100] avg loss: 0.6603
[Epoch 4, Batch   150] avg loss: 0.6949
[Epoch 4, Batch   200] avg loss: 0.6601
[Epoch 4, Batch   250] avg loss: 0.6725
[Epoch 4, Batch   300] avg loss: 0.6639
Validation loss: 0.6689 (61 batches)
loss_per_epoch_list on epoch 4 is [0.6500670519031462, 0.6582465289069004, 0.7202149170343993, 0.668861873814317]

Checkpoint saved at /cluster/tufts/capstone25skyblue/eelkus01/NEXRADTurbulencePrediction/model_training/trained_model_outputs/hybrid_42_model_checkpoint.pth for l2_alpha_idx: 1, fold 3, and epoch 4
BEGINNING EPOCH 5
[Epoch 5, Batch    50] avg loss: 0.6664
[Epoch 5, Batch   100] avg loss: 0.6651
[Epoch 5, Batch   150] avg loss: 0.6604
[Epoch 5, Batch   200] avg loss: 0.6642
[Epoch 5, Batch   250] avg loss: 0.6639
[Epoch 5, Batch   300] avg loss: 0.6622
Validation loss: 0.6440 (61 batches)
loss_per_epoch_list on epoch 5 is [0.6500670519031462, 0.6582465289069004, 0.7202149170343993, 0.668861873814317, 0.6439513779077374]

Checkpoint saved at /cluster/tufts/capstone25skyblue/eelkus01/NEXRADTurbulencePrediction/model_training/trained_model_outputs/hybrid_42_model_checkpoint.pth for l2_alpha_idx: 1, fold 3, and epoch 5
BEGINNING EPOCH 6
[Epoch 6, Batch    50] avg loss: 0.6584
[Epoch 6, Batch   100] avg loss: 0.6574
[Epoch 6, Batch   150] avg loss: 0.6514
[Epoch 6, Batch   200] avg loss: 0.6535
[Epoch 6, Batch   250] avg loss: 0.6527
[Epoch 6, Batch   300] avg loss: 0.6529
Validation loss: 0.6502 (61 batches)
loss_per_epoch_list on epoch 6 is [0.6500670519031462, 0.6582465289069004, 0.7202149170343993, 0.668861873814317, 0.6439513779077374, 0.6501612370131445]

Checkpoint saved at /cluster/tufts/capstone25skyblue/eelkus01/NEXRADTurbulencePrediction/model_training/trained_model_outputs/hybrid_42_model_checkpoint.pth for l2_alpha_idx: 1, fold 3, and epoch 6
BEGINNING EPOCH 7
[Epoch 7, Batch    50] avg loss: 0.6554
[Epoch 7, Batch   100] avg loss: 0.6718
[Epoch 7, Batch   150] avg loss: 0.6490
[Epoch 7, Batch   200] avg loss: 0.6559
[Epoch 7, Batch   250] avg loss: 0.6520
[Epoch 7, Batch   300] avg loss: 0.6493
Validation loss: 0.6458 (61 batches)
loss_per_epoch_list on epoch 7 is [0.6500670519031462, 0.6582465289069004, 0.7202149170343993, 0.668861873814317, 0.6439513779077374, 0.6501612370131445, 0.645799744324606]

Checkpoint saved at /cluster/tufts/capstone25skyblue/eelkus01/NEXRADTurbulencePrediction/model_training/trained_model_outputs/hybrid_42_model_checkpoint.pth for l2_alpha_idx: 1, fold 3, and epoch 7
BEGINNING EPOCH 8
[Epoch 8, Batch    50] avg loss: 0.6446
[Epoch 8, Batch   100] avg loss: 0.6439
[Epoch 8, Batch   150] avg loss: 0.6502
[Epoch 8, Batch   200] avg loss: 0.6525
[Epoch 8, Batch   250] avg loss: 0.6408
[Epoch 8, Batch   300] avg loss: 0.6504
Validation loss: 0.6324 (61 batches)
loss_per_epoch_list on epoch 8 is [0.6500670519031462, 0.6582465289069004, 0.7202149170343993, 0.668861873814317, 0.6439513779077374, 0.6501612370131445, 0.645799744324606, 0.632434931934857]

Checkpoint saved at /cluster/tufts/capstone25skyblue/eelkus01/NEXRADTurbulencePrediction/model_training/trained_model_outputs/hybrid_42_model_checkpoint.pth for l2_alpha_idx: 1, fold 3, and epoch 8
BEGINNING EPOCH 9
[Epoch 9, Batch    50] avg loss: 0.6393
[Epoch 9, Batch   100] avg loss: 0.6365
[Epoch 9, Batch   150] avg loss: 0.6368
[Epoch 9, Batch   200] avg loss: 0.6433
[Epoch 9, Batch   250] avg loss: 0.6496
[Epoch 9, Batch   300] avg loss: 0.6373
Validation loss: 0.6375 (61 batches)
loss_per_epoch_list on epoch 9 is [0.6500670519031462, 0.6582465289069004, 0.7202149170343993, 0.668861873814317, 0.6439513779077374, 0.6501612370131445, 0.645799744324606, 0.632434931934857, 0.6375059749259323]

Checkpoint saved at /cluster/tufts/capstone25skyblue/eelkus01/NEXRADTurbulencePrediction/model_training/trained_model_outputs/hybrid_42_model_checkpoint.pth for l2_alpha_idx: 1, fold 3, and epoch 9
BEGINNING EPOCH 10
[Epoch 10, Batch    50] avg loss: 0.6382
[Epoch 10, Batch   100] avg loss: 0.6402
[Epoch 10, Batch   150] avg loss: 0.6522
[Epoch 10, Batch   200] avg loss: 0.6352
[Epoch 10, Batch   250] avg loss: 0.6334
[Epoch 10, Batch   300] avg loss: 0.6321
Validation loss: 0.6341 (61 batches)
loss_per_epoch_list on epoch 10 is [0.6500670519031462, 0.6582465289069004, 0.7202149170343993, 0.668861873814317, 0.6439513779077374, 0.6501612370131445, 0.645799744324606, 0.632434931934857, 0.6375059749259323, 0.634065924120731]

Checkpoint saved at /cluster/tufts/capstone25skyblue/eelkus01/NEXRADTurbulencePrediction/model_training/trained_model_outputs/hybrid_42_model_checkpoint.pth for l2_alpha_idx: 1, fold 3, and epoch 10
BEGINNING EPOCH 11
[Epoch 11, Batch    50] avg loss: 0.6315
[Epoch 11, Batch   100] avg loss: 0.6401
[Epoch 11, Batch   150] avg loss: 0.6258
[Epoch 11, Batch   200] avg loss: 0.6352
[Epoch 11, Batch   250] avg loss: 0.6351
[Epoch 11, Batch   300] avg loss: 0.6395
Validation loss: 0.6443 (61 batches)
loss_per_epoch_list on epoch 11 is [0.6500670519031462, 0.6582465289069004, 0.7202149170343993, 0.668861873814317, 0.6439513779077374, 0.6501612370131445, 0.645799744324606, 0.632434931934857, 0.6375059749259323, 0.634065924120731, 0.644254958043333]

Checkpoint saved at /cluster/tufts/capstone25skyblue/eelkus01/NEXRADTurbulencePrediction/model_training/trained_model_outputs/hybrid_42_model_checkpoint.pth for l2_alpha_idx: 1, fold 3, and epoch 11
BEGINNING EPOCH 12
[Epoch 12, Batch    50] avg loss: 0.6340
[Epoch 12, Batch   100] avg loss: 0.6328
[Epoch 12, Batch   150] avg loss: 0.6239
[Epoch 12, Batch   200] avg loss: 0.6368
[Epoch 12, Batch   250] avg loss: 0.6347
[Epoch 12, Batch   300] avg loss: 0.6225
Validation loss: 0.6731 (61 batches)
loss_per_epoch_list on epoch 12 is [0.6500670519031462, 0.6582465289069004, 0.7202149170343993, 0.668861873814317, 0.6439513779077374, 0.6501612370131445, 0.645799744324606, 0.632434931934857, 0.6375059749259323, 0.634065924120731, 0.644254958043333, 0.6730921844967076]

Checkpoint saved at /cluster/tufts/capstone25skyblue/eelkus01/NEXRADTurbulencePrediction/model_training/trained_model_outputs/hybrid_42_model_checkpoint.pth for l2_alpha_idx: 1, fold 3, and epoch 12
BEGINNING EPOCH 13
[Epoch 13, Batch    50] avg loss: 0.6386
[Epoch 13, Batch   100] avg loss: 0.6270
[Epoch 13, Batch   150] avg loss: 0.6262
[Epoch 13, Batch   200] avg loss: 0.6286
[Epoch 13, Batch   250] avg loss: 0.6327
[Epoch 13, Batch   300] avg loss: 0.6228
Validation loss: 0.6170 (61 batches)
loss_per_epoch_list on epoch 13 is [0.6500670519031462, 0.6582465289069004, 0.7202149170343993, 0.668861873814317, 0.6439513779077374, 0.6501612370131445, 0.645799744324606, 0.632434931934857, 0.6375059749259323, 0.634065924120731, 0.644254958043333, 0.6730921844967076, 0.6170466591100223]

Checkpoint saved at /cluster/tufts/capstone25skyblue/eelkus01/NEXRADTurbulencePrediction/model_training/trained_model_outputs/hybrid_42_model_checkpoint.pth for l2_alpha_idx: 1, fold 3, and epoch 13
BEGINNING EPOCH 14
[Epoch 14, Batch    50] avg loss: 0.6230
[Epoch 14, Batch   100] avg loss: 0.6114
[Epoch 14, Batch   150] avg loss: 0.6108
[Epoch 14, Batch   200] avg loss: 0.6076
[Epoch 14, Batch   250] avg loss: 0.6280
[Epoch 14, Batch   300] avg loss: 0.6246
Validation loss: 0.6330 (61 batches)
loss_per_epoch_list on epoch 14 is [0.6500670519031462, 0.6582465289069004, 0.7202149170343993, 0.668861873814317, 0.6439513779077374, 0.6501612370131445, 0.645799744324606, 0.632434931934857, 0.6375059749259323, 0.634065924120731, 0.644254958043333, 0.6730921844967076, 0.6170466591100223, 0.6329650527141133]

Checkpoint saved at /cluster/tufts/capstone25skyblue/eelkus01/NEXRADTurbulencePrediction/model_training/trained_model_outputs/hybrid_42_model_checkpoint.pth for l2_alpha_idx: 1, fold 3, and epoch 14
BEGINNING EPOCH 15
[Epoch 15, Batch    50] avg loss: 0.6226
[Epoch 15, Batch   100] avg loss: 0.6191
[Epoch 15, Batch   150] avg loss: 0.6187
[Epoch 15, Batch   200] avg loss: 0.6154
[Epoch 15, Batch   250] avg loss: 0.6144
[Epoch 15, Batch   300] avg loss: 0.6081
Validation loss: 0.7634 (61 batches)
loss_per_epoch_list on epoch 15 is [0.6500670519031462, 0.6582465289069004, 0.7202149170343993, 0.668861873814317, 0.6439513779077374, 0.6501612370131445, 0.645799744324606, 0.632434931934857, 0.6375059749259323, 0.634065924120731, 0.644254958043333, 0.6730921844967076, 0.6170466591100223, 0.6329650527141133, 0.7633979203271084]

Checkpoint saved at /cluster/tufts/capstone25skyblue/eelkus01/NEXRADTurbulencePrediction/model_training/trained_model_outputs/hybrid_42_model_checkpoint.pth for l2_alpha_idx: 1, fold 3, and epoch 15
BEGINNING EPOCH 16
[Epoch 16, Batch    50] avg loss: 0.6073
[Epoch 16, Batch   100] avg loss: 0.6131
[Epoch 16, Batch   150] avg loss: 0.6189
[Epoch 16, Batch   200] avg loss: 0.5941
[Epoch 16, Batch   250] avg loss: 0.6068
[Epoch 16, Batch   300] avg loss: 0.6110
Validation loss: 0.6430 (61 batches)
loss_per_epoch_list on epoch 16 is [0.6500670519031462, 0.6582465289069004, 0.7202149170343993, 0.668861873814317, 0.6439513779077374, 0.6501612370131445, 0.645799744324606, 0.632434931934857, 0.6375059749259323, 0.634065924120731, 0.644254958043333, 0.6730921844967076, 0.6170466591100223, 0.6329650527141133, 0.7633979203271084, 0.6430499133516531]

Checkpoint saved at /cluster/tufts/capstone25skyblue/eelkus01/NEXRADTurbulencePrediction/model_training/trained_model_outputs/hybrid_42_model_checkpoint.pth for l2_alpha_idx: 1, fold 3, and epoch 16
BEGINNING EPOCH 17
[Epoch 17, Batch    50] avg loss: 0.6001
[Epoch 17, Batch   100] avg loss: 0.6101
[Epoch 17, Batch   150] avg loss: 0.5990
[Epoch 17, Batch   200] avg loss: 0.5976
[Epoch 17, Batch   250] avg loss: 0.5902
[Epoch 17, Batch   300] avg loss: 0.6050
Validation loss: 0.6124 (61 batches)
loss_per_epoch_list on epoch 17 is [0.6500670519031462, 0.6582465289069004, 0.7202149170343993, 0.668861873814317, 0.6439513779077374, 0.6501612370131445, 0.645799744324606, 0.632434931934857, 0.6375059749259323, 0.634065924120731, 0.644254958043333, 0.6730921844967076, 0.6170466591100223, 0.6329650527141133, 0.7633979203271084, 0.6430499133516531, 0.6123551677484982]

Checkpoint saved at /cluster/tufts/capstone25skyblue/eelkus01/NEXRADTurbulencePrediction/model_training/trained_model_outputs/hybrid_42_model_checkpoint.pth for l2_alpha_idx: 1, fold 3, and epoch 17
BEGINNING EPOCH 18
[Epoch 18, Batch    50] avg loss: 0.5993
[Epoch 18, Batch   100] avg loss: 0.5908
[Epoch 18, Batch   150] avg loss: 0.5789
[Epoch 18, Batch   200] avg loss: 0.5925
[Epoch 18, Batch   250] avg loss: 0.5752
[Epoch 18, Batch   300] avg loss: 0.5737
Validation loss: 0.6758 (61 batches)
loss_per_epoch_list on epoch 18 is [0.6500670519031462, 0.6582465289069004, 0.7202149170343993, 0.668861873814317, 0.6439513779077374, 0.6501612370131445, 0.645799744324606, 0.632434931934857, 0.6375059749259323, 0.634065924120731, 0.644254958043333, 0.6730921844967076, 0.6170466591100223, 0.6329650527141133, 0.7633979203271084, 0.6430499133516531, 0.6123551677484982, 0.6758402136505627]

Checkpoint saved at /cluster/tufts/capstone25skyblue/eelkus01/NEXRADTurbulencePrediction/model_training/trained_model_outputs/hybrid_42_model_checkpoint.pth for l2_alpha_idx: 1, fold 3, and epoch 18
BEGINNING EPOCH 19
[Epoch 19, Batch    50] avg loss: 0.5759
[Epoch 19, Batch   100] avg loss: 0.5774
[Epoch 19, Batch   150] avg loss: 0.5782
[Epoch 19, Batch   200] avg loss: 0.5913
[Epoch 19, Batch   250] avg loss: 0.5697
[Epoch 19, Batch   300] avg loss: 0.5602
Validation loss: 0.9387 (61 batches)
loss_per_epoch_list on epoch 19 is [0.6500670519031462, 0.6582465289069004, 0.7202149170343993, 0.668861873814317, 0.6439513779077374, 0.6501612370131445, 0.645799744324606, 0.632434931934857, 0.6375059749259323, 0.634065924120731, 0.644254958043333, 0.6730921844967076, 0.6170466591100223, 0.6329650527141133, 0.7633979203271084, 0.6430499133516531, 0.6123551677484982, 0.6758402136505627, 0.9386715576296947]

Checkpoint saved at /cluster/tufts/capstone25skyblue/eelkus01/NEXRADTurbulencePrediction/model_training/trained_model_outputs/hybrid_42_model_checkpoint.pth for l2_alpha_idx: 1, fold 3, and epoch 19
BEGINNING EPOCH 20
[Epoch 20, Batch    50] avg loss: 0.5884
[Epoch 20, Batch   100] avg loss: 0.5671
[Epoch 20, Batch   150] avg loss: 0.5684
[Epoch 20, Batch   200] avg loss: 0.5469
[Epoch 20, Batch   250] avg loss: 0.5530
[Epoch 20, Batch   300] avg loss: 0.5558
Validation loss: 0.8482 (61 batches)
loss_per_epoch_list on epoch 20 is [0.6500670519031462, 0.6582465289069004, 0.7202149170343993, 0.668861873814317, 0.6439513779077374, 0.6501612370131445, 0.645799744324606, 0.632434931934857, 0.6375059749259323, 0.634065924120731, 0.644254958043333, 0.6730921844967076, 0.6170466591100223, 0.6329650527141133, 0.7633979203271084, 0.6430499133516531, 0.6123551677484982, 0.6758402136505627, 0.9386715576296947, 0.8481647538357093]

Checkpoint saved at /cluster/tufts/capstone25skyblue/eelkus01/NEXRADTurbulencePrediction/model_training/trained_model_outputs/hybrid_42_model_checkpoint.pth for l2_alpha_idx: 1, fold 3, and epoch 20
BEGINNING EPOCH 21
[Epoch 21, Batch    50] avg loss: 0.5647
[Epoch 21, Batch   100] avg loss: 0.5528
[Epoch 21, Batch   150] avg loss: 0.5584
[Epoch 21, Batch   200] avg loss: 0.5591
[Epoch 21, Batch   250] avg loss: 0.5615
[Epoch 21, Batch   300] avg loss: 0.5525
Validation loss: 0.6675 (61 batches)
loss_per_epoch_list on epoch 21 is [0.6500670519031462, 0.6582465289069004, 0.7202149170343993, 0.668861873814317, 0.6439513779077374, 0.6501612370131445, 0.645799744324606, 0.632434931934857, 0.6375059749259323, 0.634065924120731, 0.644254958043333, 0.6730921844967076, 0.6170466591100223, 0.6329650527141133, 0.7633979203271084, 0.6430499133516531, 0.6123551677484982, 0.6758402136505627, 0.9386715576296947, 0.8481647538357093, 0.667545037679985]

Checkpoint saved at /cluster/tufts/capstone25skyblue/eelkus01/NEXRADTurbulencePrediction/model_training/trained_model_outputs/hybrid_42_model_checkpoint.pth for l2_alpha_idx: 1, fold 3, and epoch 21
BEGINNING EPOCH 22
[Epoch 22, Batch    50] avg loss: 0.5537
[Epoch 22, Batch   100] avg loss: 0.5453
[Epoch 22, Batch   150] avg loss: 0.5424
[Epoch 22, Batch   200] avg loss: 0.5541
[Epoch 22, Batch   250] avg loss: 0.5322
[Epoch 22, Batch   300] avg loss: 0.5404
Validation loss: 0.6967 (61 batches)
loss_per_epoch_list on epoch 22 is [0.6500670519031462, 0.6582465289069004, 0.7202149170343993, 0.668861873814317, 0.6439513779077374, 0.6501612370131445, 0.645799744324606, 0.632434931934857, 0.6375059749259323, 0.634065924120731, 0.644254958043333, 0.6730921844967076, 0.6170466591100223, 0.6329650527141133, 0.7633979203271084, 0.6430499133516531, 0.6123551677484982, 0.6758402136505627, 0.9386715576296947, 0.8481647538357093, 0.667545037679985, 0.6966967174752814]

Checkpoint saved at /cluster/tufts/capstone25skyblue/eelkus01/NEXRADTurbulencePrediction/model_training/trained_model_outputs/hybrid_42_model_checkpoint.pth for l2_alpha_idx: 1, fold 3, and epoch 22
BEGINNING EPOCH 23
[Epoch 23, Batch    50] avg loss: 0.5326
[Epoch 23, Batch   100] avg loss: 0.5549
[Epoch 23, Batch   150] avg loss: 0.5278
[Epoch 23, Batch   200] avg loss: 0.5361
[Epoch 23, Batch   250] avg loss: 0.5268
[Epoch 23, Batch   300] avg loss: 0.5015
Validation loss: 0.7009 (61 batches)
loss_per_epoch_list on epoch 23 is [0.6500670519031462, 0.6582465289069004, 0.7202149170343993, 0.668861873814317, 0.6439513779077374, 0.6501612370131445, 0.645799744324606, 0.632434931934857, 0.6375059749259323, 0.634065924120731, 0.644254958043333, 0.6730921844967076, 0.6170466591100223, 0.6329650527141133, 0.7633979203271084, 0.6430499133516531, 0.6123551677484982, 0.6758402136505627, 0.9386715576296947, 0.8481647538357093, 0.667545037679985, 0.6966967174752814, 0.7009424567222595]

Checkpoint saved at /cluster/tufts/capstone25skyblue/eelkus01/NEXRADTurbulencePrediction/model_training/trained_model_outputs/hybrid_42_model_checkpoint.pth for l2_alpha_idx: 1, fold 3, and epoch 23
BEGINNING EPOCH 24
[Epoch 24, Batch    50] avg loss: 0.5256
[Epoch 24, Batch   100] avg loss: 0.5026
[Epoch 24, Batch   150] avg loss: 0.5199
[Epoch 24, Batch   200] avg loss: 0.5321
[Epoch 24, Batch   250] avg loss: 0.4985
[Epoch 24, Batch   300] avg loss: 0.5073
Validation loss: 1.1652 (61 batches)
loss_per_epoch_list on epoch 24 is [0.6500670519031462, 0.6582465289069004, 0.7202149170343993, 0.668861873814317, 0.6439513779077374, 0.6501612370131445, 0.645799744324606, 0.632434931934857, 0.6375059749259323, 0.634065924120731, 0.644254958043333, 0.6730921844967076, 0.6170466591100223, 0.6329650527141133, 0.7633979203271084, 0.6430499133516531, 0.6123551677484982, 0.6758402136505627, 0.9386715576296947, 0.8481647538357093, 0.667545037679985, 0.6966967174752814, 0.7009424567222595, 1.165237660290765]

Checkpoint saved at /cluster/tufts/capstone25skyblue/eelkus01/NEXRADTurbulencePrediction/model_training/trained_model_outputs/hybrid_42_model_checkpoint.pth for l2_alpha_idx: 1, fold 3, and epoch 24
BEGINNING EPOCH 25
[Epoch 25, Batch    50] avg loss: 0.5207
[Epoch 25, Batch   100] avg loss: 0.5126
[Epoch 25, Batch   150] avg loss: 0.4971
[Epoch 25, Batch   200] avg loss: 0.5157
[Epoch 25, Batch   250] avg loss: 0.4919
[Epoch 25, Batch   300] avg loss: 0.5066
Validation loss: 0.9154 (61 batches)
loss_per_epoch_list on epoch 25 is [0.6500670519031462, 0.6582465289069004, 0.7202149170343993, 0.668861873814317, 0.6439513779077374, 0.6501612370131445, 0.645799744324606, 0.632434931934857, 0.6375059749259323, 0.634065924120731, 0.644254958043333, 0.6730921844967076, 0.6170466591100223, 0.6329650527141133, 0.7633979203271084, 0.6430499133516531, 0.6123551677484982, 0.6758402136505627, 0.9386715576296947, 0.8481647538357093, 0.667545037679985, 0.6966967174752814, 0.7009424567222595, 1.165237660290765, 0.915419701670037]

Checkpoint saved at /cluster/tufts/capstone25skyblue/eelkus01/NEXRADTurbulencePrediction/model_training/trained_model_outputs/hybrid_42_model_checkpoint.pth for l2_alpha_idx: 1, fold 3, and epoch 25
BEGINNING EPOCH 26
[Epoch 26, Batch    50] avg loss: 0.4997
[Epoch 26, Batch   100] avg loss: 0.4981
[Epoch 26, Batch   150] avg loss: 0.4936
[Epoch 26, Batch   200] avg loss: 0.4857
[Epoch 26, Batch   250] avg loss: 0.4840
[Epoch 26, Batch   300] avg loss: 0.4689
Validation loss: 1.3343 (61 batches)
loss_per_epoch_list on epoch 26 is [0.6500670519031462, 0.6582465289069004, 0.7202149170343993, 0.668861873814317, 0.6439513779077374, 0.6501612370131445, 0.645799744324606, 0.632434931934857, 0.6375059749259323, 0.634065924120731, 0.644254958043333, 0.6730921844967076, 0.6170466591100223, 0.6329650527141133, 0.7633979203271084, 0.6430499133516531, 0.6123551677484982, 0.6758402136505627, 0.9386715576296947, 0.8481647538357093, 0.667545037679985, 0.6966967174752814, 0.7009424567222595, 1.165237660290765, 0.915419701670037, 1.3342655174067763]

Checkpoint saved at /cluster/tufts/capstone25skyblue/eelkus01/NEXRADTurbulencePrediction/model_training/trained_model_outputs/hybrid_42_model_checkpoint.pth for l2_alpha_idx: 1, fold 3, and epoch 26
BEGINNING EPOCH 27
[Epoch 27, Batch    50] avg loss: 0.4914
[Epoch 27, Batch   100] avg loss: 0.4899
[Epoch 27, Batch   150] avg loss: 0.4884
[Epoch 27, Batch   200] avg loss: 0.4957
[Epoch 27, Batch   250] avg loss: 0.5092
[Epoch 27, Batch   300] avg loss: 0.4876
Validation loss: 0.8890 (61 batches)
loss_per_epoch_list on epoch 27 is [0.6500670519031462, 0.6582465289069004, 0.7202149170343993, 0.668861873814317, 0.6439513779077374, 0.6501612370131445, 0.645799744324606, 0.632434931934857, 0.6375059749259323, 0.634065924120731, 0.644254958043333, 0.6730921844967076, 0.6170466591100223, 0.6329650527141133, 0.7633979203271084, 0.6430499133516531, 0.6123551677484982, 0.6758402136505627, 0.9386715576296947, 0.8481647538357093, 0.667545037679985, 0.6966967174752814, 0.7009424567222595, 1.165237660290765, 0.915419701670037, 1.3342655174067763, 0.8890421786269204]

Checkpoint saved at /cluster/tufts/capstone25skyblue/eelkus01/NEXRADTurbulencePrediction/model_training/trained_model_outputs/hybrid_42_model_checkpoint.pth for l2_alpha_idx: 1, fold 3, and epoch 27
BEGINNING EPOCH 28
[Epoch 28, Batch    50] avg loss: 0.4912
[Epoch 28, Batch   100] avg loss: 0.4848
[Epoch 28, Batch   150] avg loss: 0.4726
[Epoch 28, Batch   200] avg loss: 0.4636
[Epoch 28, Batch   250] avg loss: 0.4678
[Epoch 28, Batch   300] avg loss: 0.4622
Validation loss: 0.7954 (61 batches)
loss_per_epoch_list on epoch 28 is [0.6500670519031462, 0.6582465289069004, 0.7202149170343993, 0.668861873814317, 0.6439513779077374, 0.6501612370131445, 0.645799744324606, 0.632434931934857, 0.6375059749259323, 0.634065924120731, 0.644254958043333, 0.6730921844967076, 0.6170466591100223, 0.6329650527141133, 0.7633979203271084, 0.6430499133516531, 0.6123551677484982, 0.6758402136505627, 0.9386715576296947, 0.8481647538357093, 0.667545037679985, 0.6966967174752814, 0.7009424567222595, 1.165237660290765, 0.915419701670037, 1.3342655174067763, 0.8890421786269204, 0.7954336893363078]

Checkpoint saved at /cluster/tufts/capstone25skyblue/eelkus01/NEXRADTurbulencePrediction/model_training/trained_model_outputs/hybrid_42_model_checkpoint.pth for l2_alpha_idx: 1, fold 3, and epoch 28
BEGINNING EPOCH 29
[Epoch 29, Batch    50] avg loss: 0.4696
[Epoch 29, Batch   100] avg loss: 0.4747
[Epoch 29, Batch   150] avg loss: 0.4505
[Epoch 29, Batch   200] avg loss: 0.4571
[Epoch 29, Batch   250] avg loss: 0.4591
[Epoch 29, Batch   300] avg loss: 0.4516
Validation loss: 0.9023 (61 batches)
loss_per_epoch_list on epoch 29 is [0.6500670519031462, 0.6582465289069004, 0.7202149170343993, 0.668861873814317, 0.6439513779077374, 0.6501612370131445, 0.645799744324606, 0.632434931934857, 0.6375059749259323, 0.634065924120731, 0.644254958043333, 0.6730921844967076, 0.6170466591100223, 0.6329650527141133, 0.7633979203271084, 0.6430499133516531, 0.6123551677484982, 0.6758402136505627, 0.9386715576296947, 0.8481647538357093, 0.667545037679985, 0.6966967174752814, 0.7009424567222595, 1.165237660290765, 0.915419701670037, 1.3342655174067763, 0.8890421786269204, 0.7954336893363078, 0.9023287423321458]

Checkpoint saved at /cluster/tufts/capstone25skyblue/eelkus01/NEXRADTurbulencePrediction/model_training/trained_model_outputs/hybrid_42_model_checkpoint.pth for l2_alpha_idx: 1, fold 3, and epoch 29
Fold 3 had loss: 0.9023287423321458 on its last epoch

Fold 4 with l2_alpha = 0.01
Train subset size: 19254, Validation subset size: 3850
BEGINNING EPOCH 1
[Epoch 1, Batch    50] avg loss: 9.8457
[Epoch 1, Batch   100] avg loss: 1.7751
[Epoch 1, Batch   150] avg loss: 0.9052
[Epoch 1, Batch   200] avg loss: 0.7937
[Epoch 1, Batch   250] avg loss: 0.8264
[Epoch 1, Batch   300] avg loss: 0.7900
Validation loss: 0.6805 (61 batches)
loss_per_epoch_list on epoch 1 is [0.6805169592138196]

Checkpoint saved at /cluster/tufts/capstone25skyblue/eelkus01/NEXRADTurbulencePrediction/model_training/trained_model_outputs/hybrid_42_model_checkpoint.pth for l2_alpha_idx: 1, fold 4, and epoch 1
BEGINNING EPOCH 2
[Epoch 2, Batch    50] avg loss: 0.7243
[Epoch 2, Batch   100] avg loss: 0.7070
[Epoch 2, Batch   150] avg loss: 0.7031
[Epoch 2, Batch   200] avg loss: 0.7037
[Epoch 2, Batch   250] avg loss: 0.7205
[Epoch 2, Batch   300] avg loss: 0.7021
Validation loss: 0.6913 (61 batches)
loss_per_epoch_list on epoch 2 is [0.6805169592138196, 0.6913322532763246]

Checkpoint saved at /cluster/tufts/capstone25skyblue/eelkus01/NEXRADTurbulencePrediction/model_training/trained_model_outputs/hybrid_42_model_checkpoint.pth for l2_alpha_idx: 1, fold 4, and epoch 2
BEGINNING EPOCH 3
[Epoch 3, Batch    50] avg loss: 0.7125
[Epoch 3, Batch   100] avg loss: 0.7042
[Epoch 3, Batch   150] avg loss: 0.6963
[Epoch 3, Batch   200] avg loss: 0.6939
[Epoch 3, Batch   250] avg loss: 0.6974
[Epoch 3, Batch   300] avg loss: 0.6935
Validation loss: 0.6904 (61 batches)
loss_per_epoch_list on epoch 3 is [0.6805169592138196, 0.6913322532763246, 0.6904079415759102]

Checkpoint saved at /cluster/tufts/capstone25skyblue/eelkus01/NEXRADTurbulencePrediction/model_training/trained_model_outputs/hybrid_42_model_checkpoint.pth for l2_alpha_idx: 1, fold 4, and epoch 3
BEGINNING EPOCH 4
[Epoch 4, Batch    50] avg loss: 0.7073
[Epoch 4, Batch   100] avg loss: 0.6950
[Epoch 4, Batch   150] avg loss: 0.7036
[Epoch 4, Batch   200] avg loss: 0.6924
[Epoch 4, Batch   250] avg loss: 0.6991
[Epoch 4, Batch   300] avg loss: 0.6991
Validation loss: 0.6906 (61 batches)
loss_per_epoch_list on epoch 4 is [0.6805169592138196, 0.6913322532763246, 0.6904079415759102, 0.690612859413272]

Checkpoint saved at /cluster/tufts/capstone25skyblue/eelkus01/NEXRADTurbulencePrediction/model_training/trained_model_outputs/hybrid_42_model_checkpoint.pth for l2_alpha_idx: 1, fold 4, and epoch 4
BEGINNING EPOCH 5
[Epoch 5, Batch    50] avg loss: 0.6930
[Epoch 5, Batch   100] avg loss: 0.6928
[Epoch 5, Batch   150] avg loss: 0.6902
[Epoch 5, Batch   200] avg loss: 0.6934
[Epoch 5, Batch   250] avg loss: 0.6948
[Epoch 5, Batch   300] avg loss: 0.6930
Validation loss: 0.6948 (61 batches)
loss_per_epoch_list on epoch 5 is [0.6805169592138196, 0.6913322532763246, 0.6904079415759102, 0.690612859413272, 0.694774362884584]

Checkpoint saved at /cluster/tufts/capstone25skyblue/eelkus01/NEXRADTurbulencePrediction/model_training/trained_model_outputs/hybrid_42_model_checkpoint.pth for l2_alpha_idx: 1, fold 4, and epoch 5
BEGINNING EPOCH 6
[Epoch 6, Batch    50] avg loss: 0.6929
[Epoch 6, Batch   100] avg loss: 0.6960
[Epoch 6, Batch   150] avg loss: 0.6944
[Epoch 6, Batch   200] avg loss: 0.6912
[Epoch 6, Batch   250] avg loss: 0.7066
[Epoch 6, Batch   300] avg loss: 0.6955
Validation loss: 0.6929 (61 batches)
loss_per_epoch_list on epoch 6 is [0.6805169592138196, 0.6913322532763246, 0.6904079415759102, 0.690612859413272, 0.694774362884584, 0.6928810956048184]

Checkpoint saved at /cluster/tufts/capstone25skyblue/eelkus01/NEXRADTurbulencePrediction/model_training/trained_model_outputs/hybrid_42_model_checkpoint.pth for l2_alpha_idx: 1, fold 4, and epoch 6
BEGINNING EPOCH 7
[Epoch 7, Batch    50] avg loss: 0.6942
[Epoch 7, Batch   100] avg loss: 0.6931
[Epoch 7, Batch   150] avg loss: 0.6927
[Epoch 7, Batch   200] avg loss: 0.6919
[Epoch 7, Batch   250] avg loss: 0.6934
[Epoch 7, Batch   300] avg loss: 0.6931
Validation loss: 0.6950 (61 batches)
loss_per_epoch_list on epoch 7 is [0.6805169592138196, 0.6913322532763246, 0.6904079415759102, 0.690612859413272, 0.694774362884584, 0.6928810956048184, 0.6950133130198619]

Checkpoint saved at /cluster/tufts/capstone25skyblue/eelkus01/NEXRADTurbulencePrediction/model_training/trained_model_outputs/hybrid_42_model_checkpoint.pth for l2_alpha_idx: 1, fold 4, and epoch 7
BEGINNING EPOCH 8
[Epoch 8, Batch    50] avg loss: 0.6914
[Epoch 8, Batch   100] avg loss: 0.6933
[Epoch 8, Batch   150] avg loss: 0.6920
[Epoch 8, Batch   200] avg loss: 0.6958
[Epoch 8, Batch   250] avg loss: 0.6927
[Epoch 8, Batch   300] avg loss: 0.6937
Validation loss: 0.7118 (61 batches)
loss_per_epoch_list on epoch 8 is [0.6805169592138196, 0.6913322532763246, 0.6904079415759102, 0.690612859413272, 0.694774362884584, 0.6928810956048184, 0.6950133130198619, 0.71176727677955]

Checkpoint saved at /cluster/tufts/capstone25skyblue/eelkus01/NEXRADTurbulencePrediction/model_training/trained_model_outputs/hybrid_42_model_checkpoint.pth for l2_alpha_idx: 1, fold 4, and epoch 8
BEGINNING EPOCH 9
[Epoch 9, Batch    50] avg loss: 0.6944
[Epoch 9, Batch   100] avg loss: 0.6911
[Epoch 9, Batch   150] avg loss: 0.7095
[Epoch 9, Batch   200] avg loss: 0.6942
[Epoch 9, Batch   250] avg loss: 0.6924
[Epoch 9, Batch   300] avg loss: 0.7149
Validation loss: 0.6909 (61 batches)
loss_per_epoch_list on epoch 9 is [0.6805169592138196, 0.6913322532763246, 0.6904079415759102, 0.690612859413272, 0.694774362884584, 0.6928810956048184, 0.6950133130198619, 0.71176727677955, 0.6909300479732576]

Checkpoint saved at /cluster/tufts/capstone25skyblue/eelkus01/NEXRADTurbulencePrediction/model_training/trained_model_outputs/hybrid_42_model_checkpoint.pth for l2_alpha_idx: 1, fold 4, and epoch 9
BEGINNING EPOCH 10
[Epoch 10, Batch    50] avg loss: 0.6985
[Epoch 10, Batch   100] avg loss: 0.6968
[Epoch 10, Batch   150] avg loss: 0.6947
[Epoch 10, Batch   200] avg loss: 0.6916
[Epoch 10, Batch   250] avg loss: 0.6970
[Epoch 10, Batch   300] avg loss: 0.6939
Validation loss: 0.6933 (61 batches)
loss_per_epoch_list on epoch 10 is [0.6805169592138196, 0.6913322532763246, 0.6904079415759102, 0.690612859413272, 0.694774362884584, 0.6928810956048184, 0.6950133130198619, 0.71176727677955, 0.6909300479732576, 0.6933038547390797]

Checkpoint saved at /cluster/tufts/capstone25skyblue/eelkus01/NEXRADTurbulencePrediction/model_training/trained_model_outputs/hybrid_42_model_checkpoint.pth for l2_alpha_idx: 1, fold 4, and epoch 10
BEGINNING EPOCH 11
[Epoch 11, Batch    50] avg loss: 0.7024
[Epoch 11, Batch   100] avg loss: 0.6909
[Epoch 11, Batch   150] avg loss: 0.6916
[Epoch 11, Batch   200] avg loss: 0.6908
[Epoch 11, Batch   250] avg loss: 0.6921
[Epoch 11, Batch   300] avg loss: 0.6913
Validation loss: 0.6983 (61 batches)
loss_per_epoch_list on epoch 11 is [0.6805169592138196, 0.6913322532763246, 0.6904079415759102, 0.690612859413272, 0.694774362884584, 0.6928810956048184, 0.6950133130198619, 0.71176727677955, 0.6909300479732576, 0.6933038547390797, 0.698323802869828]

Checkpoint saved at /cluster/tufts/capstone25skyblue/eelkus01/NEXRADTurbulencePrediction/model_training/trained_model_outputs/hybrid_42_model_checkpoint.pth for l2_alpha_idx: 1, fold 4, and epoch 11
BEGINNING EPOCH 12
[Epoch 12, Batch    50] avg loss: 0.6919
[Epoch 12, Batch   100] avg loss: 0.6916
[Epoch 12, Batch   150] avg loss: 0.7528
[Epoch 12, Batch   200] avg loss: 0.6951
[Epoch 12, Batch   250] avg loss: 0.6944
[Epoch 12, Batch   300] avg loss: 0.6931
Validation loss: 0.6924 (61 batches)
loss_per_epoch_list on epoch 12 is [0.6805169592138196, 0.6913322532763246, 0.6904079415759102, 0.690612859413272, 0.694774362884584, 0.6928810956048184, 0.6950133130198619, 0.71176727677955, 0.6909300479732576, 0.6933038547390797, 0.698323802869828, 0.6924287315274849]

Checkpoint saved at /cluster/tufts/capstone25skyblue/eelkus01/NEXRADTurbulencePrediction/model_training/trained_model_outputs/hybrid_42_model_checkpoint.pth for l2_alpha_idx: 1, fold 4, and epoch 12
BEGINNING EPOCH 13
[Epoch 13, Batch    50] avg loss: 0.6924
[Epoch 13, Batch   100] avg loss: 0.6928
[Epoch 13, Batch   150] avg loss: 0.6916
[Epoch 13, Batch   200] avg loss: 0.6931
[Epoch 13, Batch   250] avg loss: 0.6925
[Epoch 13, Batch   300] avg loss: 0.6921
Validation loss: 0.6914 (61 batches)
loss_per_epoch_list on epoch 13 is [0.6805169592138196, 0.6913322532763246, 0.6904079415759102, 0.690612859413272, 0.694774362884584, 0.6928810956048184, 0.6950133130198619, 0.71176727677955, 0.6909300479732576, 0.6933038547390797, 0.698323802869828, 0.6924287315274849, 0.6913644954806468]

Checkpoint saved at /cluster/tufts/capstone25skyblue/eelkus01/NEXRADTurbulencePrediction/model_training/trained_model_outputs/hybrid_42_model_checkpoint.pth for l2_alpha_idx: 1, fold 4, and epoch 13
BEGINNING EPOCH 14
[Epoch 14, Batch    50] avg loss: 0.6957
[Epoch 14, Batch   100] avg loss: 0.6906
[Epoch 14, Batch   150] avg loss: 0.6926
[Epoch 14, Batch   200] avg loss: 0.6903
[Epoch 14, Batch   250] avg loss: 0.6891
[Epoch 14, Batch   300] avg loss: 0.6928
Validation loss: 0.6859 (61 batches)
loss_per_epoch_list on epoch 14 is [0.6805169592138196, 0.6913322532763246, 0.6904079415759102, 0.690612859413272, 0.694774362884584, 0.6928810956048184, 0.6950133130198619, 0.71176727677955, 0.6909300479732576, 0.6933038547390797, 0.698323802869828, 0.6924287315274849, 0.6913644954806468, 0.685937406586819]

Checkpoint saved at /cluster/tufts/capstone25skyblue/eelkus01/NEXRADTurbulencePrediction/model_training/trained_model_outputs/hybrid_42_model_checkpoint.pth for l2_alpha_idx: 1, fold 4, and epoch 14
BEGINNING EPOCH 15
[Epoch 15, Batch    50] avg loss: 0.6895
[Epoch 15, Batch   100] avg loss: 0.6841
[Epoch 15, Batch   150] avg loss: 0.6890
[Epoch 15, Batch   200] avg loss: 0.6878
[Epoch 15, Batch   250] avg loss: 0.6864
[Epoch 15, Batch   300] avg loss: 0.6883
Validation loss: 0.6848 (61 batches)
loss_per_epoch_list on epoch 15 is [0.6805169592138196, 0.6913322532763246, 0.6904079415759102, 0.690612859413272, 0.694774362884584, 0.6928810956048184, 0.6950133130198619, 0.71176727677955, 0.6909300479732576, 0.6933038547390797, 0.698323802869828, 0.6924287315274849, 0.6913644954806468, 0.685937406586819, 0.6847812396581056]

Checkpoint saved at /cluster/tufts/capstone25skyblue/eelkus01/NEXRADTurbulencePrediction/model_training/trained_model_outputs/hybrid_42_model_checkpoint.pth for l2_alpha_idx: 1, fold 4, and epoch 15
BEGINNING EPOCH 16
[Epoch 16, Batch    50] avg loss: 0.6847
[Epoch 16, Batch   100] avg loss: 0.6860
[Epoch 16, Batch   150] avg loss: 0.6848
[Epoch 16, Batch   200] avg loss: 0.6930
[Epoch 16, Batch   250] avg loss: 0.6835
[Epoch 16, Batch   300] avg loss: 0.6887
Validation loss: 0.6815 (61 batches)
loss_per_epoch_list on epoch 16 is [0.6805169592138196, 0.6913322532763246, 0.6904079415759102, 0.690612859413272, 0.694774362884584, 0.6928810956048184, 0.6950133130198619, 0.71176727677955, 0.6909300479732576, 0.6933038547390797, 0.698323802869828, 0.6924287315274849, 0.6913644954806468, 0.685937406586819, 0.6847812396581056, 0.6815101445698347]

Checkpoint saved at /cluster/tufts/capstone25skyblue/eelkus01/NEXRADTurbulencePrediction/model_training/trained_model_outputs/hybrid_42_model_checkpoint.pth for l2_alpha_idx: 1, fold 4, and epoch 16
BEGINNING EPOCH 17
[Epoch 17, Batch    50] avg loss: 0.6853
[Epoch 17, Batch   100] avg loss: 0.6834
[Epoch 17, Batch   150] avg loss: 0.6863
[Epoch 17, Batch   200] avg loss: 0.6818
[Epoch 17, Batch   250] avg loss: 0.6829
[Epoch 17, Batch   300] avg loss: 0.6837
Validation loss: 0.6899 (61 batches)
loss_per_epoch_list on epoch 17 is [0.6805169592138196, 0.6913322532763246, 0.6904079415759102, 0.690612859413272, 0.694774362884584, 0.6928810956048184, 0.6950133130198619, 0.71176727677955, 0.6909300479732576, 0.6933038547390797, 0.698323802869828, 0.6924287315274849, 0.6913644954806468, 0.685937406586819, 0.6847812396581056, 0.6815101445698347, 0.6898541235532917]

Checkpoint saved at /cluster/tufts/capstone25skyblue/eelkus01/NEXRADTurbulencePrediction/model_training/trained_model_outputs/hybrid_42_model_checkpoint.pth for l2_alpha_idx: 1, fold 4, and epoch 17
BEGINNING EPOCH 18
[Epoch 18, Batch    50] avg loss: 0.6857
[Epoch 18, Batch   100] avg loss: 0.6877
[Epoch 18, Batch   150] avg loss: 0.6850
[Epoch 18, Batch   200] avg loss: 0.6825
[Epoch 18, Batch   250] avg loss: 0.6815
[Epoch 18, Batch   300] avg loss: 0.6892
Validation loss: 0.6721 (61 batches)
loss_per_epoch_list on epoch 18 is [0.6805169592138196, 0.6913322532763246, 0.6904079415759102, 0.690612859413272, 0.694774362884584, 0.6928810956048184, 0.6950133130198619, 0.71176727677955, 0.6909300479732576, 0.6933038547390797, 0.698323802869828, 0.6924287315274849, 0.6913644954806468, 0.685937406586819, 0.6847812396581056, 0.6815101445698347, 0.6898541235532917, 0.6720914811384483]

Checkpoint saved at /cluster/tufts/capstone25skyblue/eelkus01/NEXRADTurbulencePrediction/model_training/trained_model_outputs/hybrid_42_model_checkpoint.pth for l2_alpha_idx: 1, fold 4, and epoch 18
BEGINNING EPOCH 19
[Epoch 19, Batch    50] avg loss: 0.6837
[Epoch 19, Batch   100] avg loss: 0.6819
[Epoch 19, Batch   150] avg loss: 0.6830
[Epoch 19, Batch   200] avg loss: 0.6851
[Epoch 19, Batch   250] avg loss: 0.6799
[Epoch 19, Batch   300] avg loss: 0.6809
Validation loss: 0.7381 (61 batches)
loss_per_epoch_list on epoch 19 is [0.6805169592138196, 0.6913322532763246, 0.6904079415759102, 0.690612859413272, 0.694774362884584, 0.6928810956048184, 0.6950133130198619, 0.71176727677955, 0.6909300479732576, 0.6933038547390797, 0.698323802869828, 0.6924287315274849, 0.6913644954806468, 0.685937406586819, 0.6847812396581056, 0.6815101445698347, 0.6898541235532917, 0.6720914811384483, 0.7381317459168981]

Checkpoint saved at /cluster/tufts/capstone25skyblue/eelkus01/NEXRADTurbulencePrediction/model_training/trained_model_outputs/hybrid_42_model_checkpoint.pth for l2_alpha_idx: 1, fold 4, and epoch 19
BEGINNING EPOCH 20
[Epoch 20, Batch    50] avg loss: 0.6775
[Epoch 20, Batch   100] avg loss: 0.6834
[Epoch 20, Batch   150] avg loss: 0.6764
[Epoch 20, Batch   200] avg loss: 0.6768
[Epoch 20, Batch   250] avg loss: 0.6790
[Epoch 20, Batch   300] avg loss: 0.6784
Validation loss: 0.6921 (61 batches)
loss_per_epoch_list on epoch 20 is [0.6805169592138196, 0.6913322532763246, 0.6904079415759102, 0.690612859413272, 0.694774362884584, 0.6928810956048184, 0.6950133130198619, 0.71176727677955, 0.6909300479732576, 0.6933038547390797, 0.698323802869828, 0.6924287315274849, 0.6913644954806468, 0.685937406586819, 0.6847812396581056, 0.6815101445698347, 0.6898541235532917, 0.6720914811384483, 0.7381317459168981, 0.6921174663012145]

Checkpoint saved at /cluster/tufts/capstone25skyblue/eelkus01/NEXRADTurbulencePrediction/model_training/trained_model_outputs/hybrid_42_model_checkpoint.pth for l2_alpha_idx: 1, fold 4, and epoch 20
BEGINNING EPOCH 21
[Epoch 21, Batch    50] avg loss: 0.6748
[Epoch 21, Batch   100] avg loss: 0.6686
[Epoch 21, Batch   150] avg loss: 0.6686
[Epoch 21, Batch   200] avg loss: 0.6638
[Epoch 21, Batch   250] avg loss: 0.6723
[Epoch 21, Batch   300] avg loss: 0.6584
Validation loss: 0.6998 (61 batches)
loss_per_epoch_list on epoch 21 is [0.6805169592138196, 0.6913322532763246, 0.6904079415759102, 0.690612859413272, 0.694774362884584, 0.6928810956048184, 0.6950133130198619, 0.71176727677955, 0.6909300479732576, 0.6933038547390797, 0.698323802869828, 0.6924287315274849, 0.6913644954806468, 0.685937406586819, 0.6847812396581056, 0.6815101445698347, 0.6898541235532917, 0.6720914811384483, 0.7381317459168981, 0.6921174663012145, 0.6998448938619896]

Checkpoint saved at /cluster/tufts/capstone25skyblue/eelkus01/NEXRADTurbulencePrediction/model_training/trained_model_outputs/hybrid_42_model_checkpoint.pth for l2_alpha_idx: 1, fold 4, and epoch 21
BEGINNING EPOCH 22
[Epoch 22, Batch    50] avg loss: 0.6567
[Epoch 22, Batch   100] avg loss: 0.6609
[Epoch 22, Batch   150] avg loss: 0.6602
[Epoch 22, Batch   200] avg loss: 0.6650
[Epoch 22, Batch   250] avg loss: 0.6588
[Epoch 22, Batch   300] avg loss: 0.6558
Validation loss: 0.6528 (61 batches)
loss_per_epoch_list on epoch 22 is [0.6805169592138196, 0.6913322532763246, 0.6904079415759102, 0.690612859413272, 0.694774362884584, 0.6928810956048184, 0.6950133130198619, 0.71176727677955, 0.6909300479732576, 0.6933038547390797, 0.698323802869828, 0.6924287315274849, 0.6913644954806468, 0.685937406586819, 0.6847812396581056, 0.6815101445698347, 0.6898541235532917, 0.6720914811384483, 0.7381317459168981, 0.6921174663012145, 0.6998448938619896, 0.6528143667783893]

Checkpoint saved at /cluster/tufts/capstone25skyblue/eelkus01/NEXRADTurbulencePrediction/model_training/trained_model_outputs/hybrid_42_model_checkpoint.pth for l2_alpha_idx: 1, fold 4, and epoch 22
BEGINNING EPOCH 23
[Epoch 23, Batch    50] avg loss: 0.6507
[Epoch 23, Batch   100] avg loss: 0.6614
[Epoch 23, Batch   150] avg loss: 0.6509
[Epoch 23, Batch   200] avg loss: 0.6542
[Epoch 23, Batch   250] avg loss: 0.6626
[Epoch 23, Batch   300] avg loss: 0.6521
Validation loss: 0.6321 (61 batches)
loss_per_epoch_list on epoch 23 is [0.6805169592138196, 0.6913322532763246, 0.6904079415759102, 0.690612859413272, 0.694774362884584, 0.6928810956048184, 0.6950133130198619, 0.71176727677955, 0.6909300479732576, 0.6933038547390797, 0.698323802869828, 0.6924287315274849, 0.6913644954806468, 0.685937406586819, 0.6847812396581056, 0.6815101445698347, 0.6898541235532917, 0.6720914811384483, 0.7381317459168981, 0.6921174663012145, 0.6998448938619896, 0.6528143667783893, 0.6321117575051355]

Checkpoint saved at /cluster/tufts/capstone25skyblue/eelkus01/NEXRADTurbulencePrediction/model_training/trained_model_outputs/hybrid_42_model_checkpoint.pth for l2_alpha_idx: 1, fold 4, and epoch 23
BEGINNING EPOCH 24
[Epoch 24, Batch    50] avg loss: 0.6552
[Epoch 24, Batch   100] avg loss: 0.6520
[Epoch 24, Batch   150] avg loss: 0.6488
[Epoch 24, Batch   200] avg loss: 0.6525
[Epoch 24, Batch   250] avg loss: 0.6509
[Epoch 24, Batch   300] avg loss: 0.6480
Validation loss: 0.7126 (61 batches)
loss_per_epoch_list on epoch 24 is [0.6805169592138196, 0.6913322532763246, 0.6904079415759102, 0.690612859413272, 0.694774362884584, 0.6928810956048184, 0.6950133130198619, 0.71176727677955, 0.6909300479732576, 0.6933038547390797, 0.698323802869828, 0.6924287315274849, 0.6913644954806468, 0.685937406586819, 0.6847812396581056, 0.6815101445698347, 0.6898541235532917, 0.6720914811384483, 0.7381317459168981, 0.6921174663012145, 0.6998448938619896, 0.6528143667783893, 0.6321117575051355, 0.712620385357591]

Checkpoint saved at /cluster/tufts/capstone25skyblue/eelkus01/NEXRADTurbulencePrediction/model_training/trained_model_outputs/hybrid_42_model_checkpoint.pth for l2_alpha_idx: 1, fold 4, and epoch 24
BEGINNING EPOCH 25
[Epoch 25, Batch    50] avg loss: 0.6481
[Epoch 25, Batch   100] avg loss: 0.6450
[Epoch 25, Batch   150] avg loss: 0.6476
[Epoch 25, Batch   200] avg loss: 0.6406
[Epoch 25, Batch   250] avg loss: 0.6460
[Epoch 25, Batch   300] avg loss: 0.6449
Validation loss: 0.6972 (61 batches)
loss_per_epoch_list on epoch 25 is [0.6805169592138196, 0.6913322532763246, 0.6904079415759102, 0.690612859413272, 0.694774362884584, 0.6928810956048184, 0.6950133130198619, 0.71176727677955, 0.6909300479732576, 0.6933038547390797, 0.698323802869828, 0.6924287315274849, 0.6913644954806468, 0.685937406586819, 0.6847812396581056, 0.6815101445698347, 0.6898541235532917, 0.6720914811384483, 0.7381317459168981, 0.6921174663012145, 0.6998448938619896, 0.6528143667783893, 0.6321117575051355, 0.712620385357591, 0.6971754246070737]

Checkpoint saved at /cluster/tufts/capstone25skyblue/eelkus01/NEXRADTurbulencePrediction/model_training/trained_model_outputs/hybrid_42_model_checkpoint.pth for l2_alpha_idx: 1, fold 4, and epoch 25
BEGINNING EPOCH 26
[Epoch 26, Batch    50] avg loss: 0.6460
[Epoch 26, Batch   100] avg loss: 0.6445
[Epoch 26, Batch   150] avg loss: 0.6543
[Epoch 26, Batch   200] avg loss: 0.6397
[Epoch 26, Batch   250] avg loss: 0.6349
[Epoch 26, Batch   300] avg loss: 0.6341
Validation loss: 0.6709 (61 batches)
loss_per_epoch_list on epoch 26 is [0.6805169592138196, 0.6913322532763246, 0.6904079415759102, 0.690612859413272, 0.694774362884584, 0.6928810956048184, 0.6950133130198619, 0.71176727677955, 0.6909300479732576, 0.6933038547390797, 0.698323802869828, 0.6924287315274849, 0.6913644954806468, 0.685937406586819, 0.6847812396581056, 0.6815101445698347, 0.6898541235532917, 0.6720914811384483, 0.7381317459168981, 0.6921174663012145, 0.6998448938619896, 0.6528143667783893, 0.6321117575051355, 0.712620385357591, 0.6971754246070737, 0.6709225295019932]

Checkpoint saved at /cluster/tufts/capstone25skyblue/eelkus01/NEXRADTurbulencePrediction/model_training/trained_model_outputs/hybrid_42_model_checkpoint.pth for l2_alpha_idx: 1, fold 4, and epoch 26
BEGINNING EPOCH 27
[Epoch 27, Batch    50] avg loss: 0.6377
[Epoch 27, Batch   100] avg loss: 0.6504
[Epoch 27, Batch   150] avg loss: 0.6439
[Epoch 27, Batch   200] avg loss: 0.6371
[Epoch 27, Batch   250] avg loss: 0.6395
[Epoch 27, Batch   300] avg loss: 0.6383
Validation loss: 0.6573 (61 batches)
loss_per_epoch_list on epoch 27 is [0.6805169592138196, 0.6913322532763246, 0.6904079415759102, 0.690612859413272, 0.694774362884584, 0.6928810956048184, 0.6950133130198619, 0.71176727677955, 0.6909300479732576, 0.6933038547390797, 0.698323802869828, 0.6924287315274849, 0.6913644954806468, 0.685937406586819, 0.6847812396581056, 0.6815101445698347, 0.6898541235532917, 0.6720914811384483, 0.7381317459168981, 0.6921174663012145, 0.6998448938619896, 0.6528143667783893, 0.6321117575051355, 0.712620385357591, 0.6971754246070737, 0.6709225295019932, 0.6573223061248904]

Checkpoint saved at /cluster/tufts/capstone25skyblue/eelkus01/NEXRADTurbulencePrediction/model_training/trained_model_outputs/hybrid_42_model_checkpoint.pth for l2_alpha_idx: 1, fold 4, and epoch 27
BEGINNING EPOCH 28
[Epoch 28, Batch    50] avg loss: 0.6369
[Epoch 28, Batch   100] avg loss: 0.6412
[Epoch 28, Batch   150] avg loss: 0.6353
[Epoch 28, Batch   200] avg loss: 0.6356
[Epoch 28, Batch   250] avg loss: 0.6476
[Epoch 28, Batch   300] avg loss: 0.6415
Validation loss: 0.6654 (61 batches)
loss_per_epoch_list on epoch 28 is [0.6805169592138196, 0.6913322532763246, 0.6904079415759102, 0.690612859413272, 0.694774362884584, 0.6928810956048184, 0.6950133130198619, 0.71176727677955, 0.6909300479732576, 0.6933038547390797, 0.698323802869828, 0.6924287315274849, 0.6913644954806468, 0.685937406586819, 0.6847812396581056, 0.6815101445698347, 0.6898541235532917, 0.6720914811384483, 0.7381317459168981, 0.6921174663012145, 0.6998448938619896, 0.6528143667783893, 0.6321117575051355, 0.712620385357591, 0.6971754246070737, 0.6709225295019932, 0.6573223061248904, 0.6654486206711315]

Checkpoint saved at /cluster/tufts/capstone25skyblue/eelkus01/NEXRADTurbulencePrediction/model_training/trained_model_outputs/hybrid_42_model_checkpoint.pth for l2_alpha_idx: 1, fold 4, and epoch 28
BEGINNING EPOCH 29
[Epoch 29, Batch    50] avg loss: 0.6261
[Epoch 29, Batch   100] avg loss: 0.6352
[Epoch 29, Batch   150] avg loss: 0.6351
[Epoch 29, Batch   200] avg loss: 0.6338
[Epoch 29, Batch   250] avg loss: 0.6413
[Epoch 29, Batch   300] avg loss: 0.6216
Validation loss: 0.6346 (61 batches)
loss_per_epoch_list on epoch 29 is [0.6805169592138196, 0.6913322532763246, 0.6904079415759102, 0.690612859413272, 0.694774362884584, 0.6928810956048184, 0.6950133130198619, 0.71176727677955, 0.6909300479732576, 0.6933038547390797, 0.698323802869828, 0.6924287315274849, 0.6913644954806468, 0.685937406586819, 0.6847812396581056, 0.6815101445698347, 0.6898541235532917, 0.6720914811384483, 0.7381317459168981, 0.6921174663012145, 0.6998448938619896, 0.6528143667783893, 0.6321117575051355, 0.712620385357591, 0.6971754246070737, 0.6709225295019932, 0.6573223061248904, 0.6654486206711315, 0.6345945137446044]

Checkpoint saved at /cluster/tufts/capstone25skyblue/eelkus01/NEXRADTurbulencePrediction/model_training/trained_model_outputs/hybrid_42_model_checkpoint.pth for l2_alpha_idx: 1, fold 4, and epoch 29
Fold 4 had loss: 0.6345945137446044 on its last epoch

Fold 5 with l2_alpha = 0.01
Train subset size: 19254, Validation subset size: 3850
BEGINNING EPOCH 1
[Epoch 1, Batch    50] avg loss: 5.6925
[Epoch 1, Batch   100] avg loss: 0.8177
[Epoch 1, Batch   150] avg loss: 0.7510
[Epoch 1, Batch   200] avg loss: 0.7037
[Epoch 1, Batch   250] avg loss: 0.6839
[Epoch 1, Batch   300] avg loss: 0.6780
Validation loss: 0.6419 (61 batches)
loss_per_epoch_list on epoch 1 is [0.6418599310468455]

Checkpoint saved at /cluster/tufts/capstone25skyblue/eelkus01/NEXRADTurbulencePrediction/model_training/trained_model_outputs/hybrid_42_model_checkpoint.pth for l2_alpha_idx: 1, fold 5, and epoch 1
BEGINNING EPOCH 2
[Epoch 2, Batch    50] avg loss: 0.6694
[Epoch 2, Batch   100] avg loss: 0.6712
[Epoch 2, Batch   150] avg loss: 0.6634
[Epoch 2, Batch   200] avg loss: 0.6703
[Epoch 2, Batch   250] avg loss: 0.6639
[Epoch 2, Batch   300] avg loss: 0.6659
Validation loss: 0.7122 (61 batches)
loss_per_epoch_list on epoch 2 is [0.6418599310468455, 0.7122049136239974]

Checkpoint saved at /cluster/tufts/capstone25skyblue/eelkus01/NEXRADTurbulencePrediction/model_training/trained_model_outputs/hybrid_42_model_checkpoint.pth for l2_alpha_idx: 1, fold 5, and epoch 2
BEGINNING EPOCH 3
[Epoch 3, Batch    50] avg loss: 0.6586
[Epoch 3, Batch   100] avg loss: 0.6628
[Epoch 3, Batch   150] avg loss: 0.6624
[Epoch 3, Batch   200] avg loss: 0.6654
[Epoch 3, Batch   250] avg loss: 0.6539
[Epoch 3, Batch   300] avg loss: 0.6577
Validation loss: 0.6514 (61 batches)
loss_per_epoch_list on epoch 3 is [0.6418599310468455, 0.7122049136239974, 0.6514069164385561]

Checkpoint saved at /cluster/tufts/capstone25skyblue/eelkus01/NEXRADTurbulencePrediction/model_training/trained_model_outputs/hybrid_42_model_checkpoint.pth for l2_alpha_idx: 1, fold 5, and epoch 3
BEGINNING EPOCH 4
[Epoch 4, Batch    50] avg loss: 0.6601
[Epoch 4, Batch   100] avg loss: 0.6545
[Epoch 4, Batch   150] avg loss: 0.6544
[Epoch 4, Batch   200] avg loss: 0.6549
[Epoch 4, Batch   250] avg loss: 0.6525
[Epoch 4, Batch   300] avg loss: 0.6562
Validation loss: 0.6494 (61 batches)
loss_per_epoch_list on epoch 4 is [0.6418599310468455, 0.7122049136239974, 0.6514069164385561, 0.6493530244123741]

Checkpoint saved at /cluster/tufts/capstone25skyblue/eelkus01/NEXRADTurbulencePrediction/model_training/trained_model_outputs/hybrid_42_model_checkpoint.pth for l2_alpha_idx: 1, fold 5, and epoch 4
BEGINNING EPOCH 5
[Epoch 5, Batch    50] avg loss: 0.6607
[Epoch 5, Batch   100] avg loss: 0.6527
[Epoch 5, Batch   150] avg loss: 0.6498
[Epoch 5, Batch   200] avg loss: 0.6531
[Epoch 5, Batch   250] avg loss: 0.6537
[Epoch 5, Batch   300] avg loss: 0.6531
Validation loss: 0.6817 (61 batches)
loss_per_epoch_list on epoch 5 is [0.6418599310468455, 0.7122049136239974, 0.6514069164385561, 0.6493530244123741, 0.6816661035428282]

Checkpoint saved at /cluster/tufts/capstone25skyblue/eelkus01/NEXRADTurbulencePrediction/model_training/trained_model_outputs/hybrid_42_model_checkpoint.pth for l2_alpha_idx: 1, fold 5, and epoch 5
BEGINNING EPOCH 6
[Epoch 6, Batch    50] avg loss: 0.6510
[Epoch 6, Batch   100] avg loss: 0.6486
[Epoch 6, Batch   150] avg loss: 0.6516
[Epoch 6, Batch   200] avg loss: 0.6605
[Epoch 6, Batch   250] avg loss: 0.6427
[Epoch 6, Batch   300] avg loss: 0.6593
Validation loss: 0.6637 (61 batches)
loss_per_epoch_list on epoch 6 is [0.6418599310468455, 0.7122049136239974, 0.6514069164385561, 0.6493530244123741, 0.6816661035428282, 0.6637374172445203]

Checkpoint saved at /cluster/tufts/capstone25skyblue/eelkus01/NEXRADTurbulencePrediction/model_training/trained_model_outputs/hybrid_42_model_checkpoint.pth for l2_alpha_idx: 1, fold 5, and epoch 6
BEGINNING EPOCH 7
[Epoch 7, Batch    50] avg loss: 0.6495
[Epoch 7, Batch   100] avg loss: 0.6449
[Epoch 7, Batch   150] avg loss: 0.6425
[Epoch 7, Batch   200] avg loss: 0.6411
[Epoch 7, Batch   250] avg loss: 0.6370
[Epoch 7, Batch   300] avg loss: 0.6525
Validation loss: 0.6375 (61 batches)
loss_per_epoch_list on epoch 7 is [0.6418599310468455, 0.7122049136239974, 0.6514069164385561, 0.6493530244123741, 0.6816661035428282, 0.6637374172445203, 0.637503553609379]

Checkpoint saved at /cluster/tufts/capstone25skyblue/eelkus01/NEXRADTurbulencePrediction/model_training/trained_model_outputs/hybrid_42_model_checkpoint.pth for l2_alpha_idx: 1, fold 5, and epoch 7
BEGINNING EPOCH 8
[Epoch 8, Batch    50] avg loss: 0.6423
[Epoch 8, Batch   100] avg loss: 0.6531
[Epoch 8, Batch   150] avg loss: 0.6417
[Epoch 8, Batch   200] avg loss: 0.6470
[Epoch 8, Batch   250] avg loss: 0.6436
[Epoch 8, Batch   300] avg loss: 0.6454
Validation loss: 0.8139 (61 batches)
loss_per_epoch_list on epoch 8 is [0.6418599310468455, 0.7122049136239974, 0.6514069164385561, 0.6493530244123741, 0.6816661035428282, 0.6637374172445203, 0.637503553609379, 0.813857596428668]

Checkpoint saved at /cluster/tufts/capstone25skyblue/eelkus01/NEXRADTurbulencePrediction/model_training/trained_model_outputs/hybrid_42_model_checkpoint.pth for l2_alpha_idx: 1, fold 5, and epoch 8
BEGINNING EPOCH 9
[Epoch 9, Batch    50] avg loss: 0.6502
[Epoch 9, Batch   100] avg loss: 0.6377
[Epoch 9, Batch   150] avg loss: 0.6393
[Epoch 9, Batch   200] avg loss: 0.6522
[Epoch 9, Batch   250] avg loss: 0.6434
[Epoch 9, Batch   300] avg loss: 0.6460
Validation loss: 0.6227 (61 batches)
loss_per_epoch_list on epoch 9 is [0.6418599310468455, 0.7122049136239974, 0.6514069164385561, 0.6493530244123741, 0.6816661035428282, 0.6637374172445203, 0.637503553609379, 0.813857596428668, 0.6226662973888585]

Checkpoint saved at /cluster/tufts/capstone25skyblue/eelkus01/NEXRADTurbulencePrediction/model_training/trained_model_outputs/hybrid_42_model_checkpoint.pth for l2_alpha_idx: 1, fold 5, and epoch 9
BEGINNING EPOCH 10
[Epoch 10, Batch    50] avg loss: 0.6381
[Epoch 10, Batch   100] avg loss: 0.6498
[Epoch 10, Batch   150] avg loss: 0.6316
[Epoch 10, Batch   200] avg loss: 0.6310
[Epoch 10, Batch   250] avg loss: 0.6312
[Epoch 10, Batch   300] avg loss: 0.6333
Validation loss: 0.6148 (61 batches)
loss_per_epoch_list on epoch 10 is [0.6418599310468455, 0.7122049136239974, 0.6514069164385561, 0.6493530244123741, 0.6816661035428282, 0.6637374172445203, 0.637503553609379, 0.813857596428668, 0.6226662973888585, 0.614832946023003]

Checkpoint saved at /cluster/tufts/capstone25skyblue/eelkus01/NEXRADTurbulencePrediction/model_training/trained_model_outputs/hybrid_42_model_checkpoint.pth for l2_alpha_idx: 1, fold 5, and epoch 10
BEGINNING EPOCH 11
[Epoch 11, Batch    50] avg loss: 0.6225
[Epoch 11, Batch   100] avg loss: 0.6297
[Epoch 11, Batch   150] avg loss: 0.6352
[Epoch 11, Batch   200] avg loss: 0.6520
[Epoch 11, Batch   250] avg loss: 0.6320
[Epoch 11, Batch   300] avg loss: 0.6295
Validation loss: 0.6424 (61 batches)
loss_per_epoch_list on epoch 11 is [0.6418599310468455, 0.7122049136239974, 0.6514069164385561, 0.6493530244123741, 0.6816661035428282, 0.6637374172445203, 0.637503553609379, 0.813857596428668, 0.6226662973888585, 0.614832946023003, 0.6424285232043657]

Checkpoint saved at /cluster/tufts/capstone25skyblue/eelkus01/NEXRADTurbulencePrediction/model_training/trained_model_outputs/hybrid_42_model_checkpoint.pth for l2_alpha_idx: 1, fold 5, and epoch 11
BEGINNING EPOCH 12
[Epoch 12, Batch    50] avg loss: 0.6353
[Epoch 12, Batch   100] avg loss: 0.6235
[Epoch 12, Batch   150] avg loss: 0.6409
[Epoch 12, Batch   200] avg loss: 0.6248
[Epoch 12, Batch   250] avg loss: 0.6195
[Epoch 12, Batch   300] avg loss: 0.6197
Validation loss: 0.6513 (61 batches)
loss_per_epoch_list on epoch 12 is [0.6418599310468455, 0.7122049136239974, 0.6514069164385561, 0.6493530244123741, 0.6816661035428282, 0.6637374172445203, 0.637503553609379, 0.813857596428668, 0.6226662973888585, 0.614832946023003, 0.6424285232043657, 0.6512903922893962]

Checkpoint saved at /cluster/tufts/capstone25skyblue/eelkus01/NEXRADTurbulencePrediction/model_training/trained_model_outputs/hybrid_42_model_checkpoint.pth for l2_alpha_idx: 1, fold 5, and epoch 12
BEGINNING EPOCH 13
[Epoch 13, Batch    50] avg loss: 0.6275
[Epoch 13, Batch   100] avg loss: 0.6272
[Epoch 13, Batch   150] avg loss: 0.6311
[Epoch 13, Batch   200] avg loss: 0.6243
[Epoch 13, Batch   250] avg loss: 0.6169
[Epoch 13, Batch   300] avg loss: 0.6207
Validation loss: 0.6330 (61 batches)
loss_per_epoch_list on epoch 13 is [0.6418599310468455, 0.7122049136239974, 0.6514069164385561, 0.6493530244123741, 0.6816661035428282, 0.6637374172445203, 0.637503553609379, 0.813857596428668, 0.6226662973888585, 0.614832946023003, 0.6424285232043657, 0.6512903922893962, 0.6329821660870412]

Checkpoint saved at /cluster/tufts/capstone25skyblue/eelkus01/NEXRADTurbulencePrediction/model_training/trained_model_outputs/hybrid_42_model_checkpoint.pth for l2_alpha_idx: 1, fold 5, and epoch 13
BEGINNING EPOCH 14
[Epoch 14, Batch    50] avg loss: 0.6260
[Epoch 14, Batch   100] avg loss: 0.6221
[Epoch 14, Batch   150] avg loss: 0.6157
[Epoch 14, Batch   200] avg loss: 0.6179
[Epoch 14, Batch   250] avg loss: 0.6107
[Epoch 14, Batch   300] avg loss: 0.6049
Validation loss: 0.9140 (61 batches)
loss_per_epoch_list on epoch 14 is [0.6418599310468455, 0.7122049136239974, 0.6514069164385561, 0.6493530244123741, 0.6816661035428282, 0.6637374172445203, 0.637503553609379, 0.813857596428668, 0.6226662973888585, 0.614832946023003, 0.6424285232043657, 0.6512903922893962, 0.6329821660870412, 0.9139894882186514]

Checkpoint saved at /cluster/tufts/capstone25skyblue/eelkus01/NEXRADTurbulencePrediction/model_training/trained_model_outputs/hybrid_42_model_checkpoint.pth for l2_alpha_idx: 1, fold 5, and epoch 14
BEGINNING EPOCH 15
[Epoch 15, Batch    50] avg loss: 0.6198
[Epoch 15, Batch   100] avg loss: 0.6154
[Epoch 15, Batch   150] avg loss: 0.6030
[Epoch 15, Batch   200] avg loss: 0.6044
[Epoch 15, Batch   250] avg loss: 0.6025
[Epoch 15, Batch   300] avg loss: 0.5866
Validation loss: 0.7032 (61 batches)
loss_per_epoch_list on epoch 15 is [0.6418599310468455, 0.7122049136239974, 0.6514069164385561, 0.6493530244123741, 0.6816661035428282, 0.6637374172445203, 0.637503553609379, 0.813857596428668, 0.6226662973888585, 0.614832946023003, 0.6424285232043657, 0.6512903922893962, 0.6329821660870412, 0.9139894882186514, 0.7031980088499726]

Checkpoint saved at /cluster/tufts/capstone25skyblue/eelkus01/NEXRADTurbulencePrediction/model_training/trained_model_outputs/hybrid_42_model_checkpoint.pth for l2_alpha_idx: 1, fold 5, and epoch 15
BEGINNING EPOCH 16
[Epoch 16, Batch    50] avg loss: 0.6027
[Epoch 16, Batch   100] avg loss: 0.6036
[Epoch 16, Batch   150] avg loss: 0.6020
[Epoch 16, Batch   200] avg loss: 0.6048
[Epoch 16, Batch   250] avg loss: 0.6002
[Epoch 16, Batch   300] avg loss: 0.5987
Validation loss: 0.6467 (61 batches)
loss_per_epoch_list on epoch 16 is [0.6418599310468455, 0.7122049136239974, 0.6514069164385561, 0.6493530244123741, 0.6816661035428282, 0.6637374172445203, 0.637503553609379, 0.813857596428668, 0.6226662973888585, 0.614832946023003, 0.6424285232043657, 0.6512903922893962, 0.6329821660870412, 0.9139894882186514, 0.7031980088499726, 0.6466515137523902]

Checkpoint saved at /cluster/tufts/capstone25skyblue/eelkus01/NEXRADTurbulencePrediction/model_training/trained_model_outputs/hybrid_42_model_checkpoint.pth for l2_alpha_idx: 1, fold 5, and epoch 16
BEGINNING EPOCH 17
[Epoch 17, Batch    50] avg loss: 0.5982
[Epoch 17, Batch   100] avg loss: 0.5910
[Epoch 17, Batch   150] avg loss: 0.5979
[Epoch 17, Batch   200] avg loss: 0.5948
[Epoch 17, Batch   250] avg loss: 0.5775
[Epoch 17, Batch   300] avg loss: 0.5822
Validation loss: 0.8322 (61 batches)
loss_per_epoch_list on epoch 17 is [0.6418599310468455, 0.7122049136239974, 0.6514069164385561, 0.6493530244123741, 0.6816661035428282, 0.6637374172445203, 0.637503553609379, 0.813857596428668, 0.6226662973888585, 0.614832946023003, 0.6424285232043657, 0.6512903922893962, 0.6329821660870412, 0.9139894882186514, 0.7031980088499726, 0.6466515137523902, 0.8322132395916297]

Checkpoint saved at /cluster/tufts/capstone25skyblue/eelkus01/NEXRADTurbulencePrediction/model_training/trained_model_outputs/hybrid_42_model_checkpoint.pth for l2_alpha_idx: 1, fold 5, and epoch 17
BEGINNING EPOCH 18
[Epoch 18, Batch    50] avg loss: 0.5871
[Epoch 18, Batch   100] avg loss: 0.5869
[Epoch 18, Batch   150] avg loss: 0.5624
[Epoch 18, Batch   200] avg loss: 0.5783
[Epoch 18, Batch   250] avg loss: 0.5880
[Epoch 18, Batch   300] avg loss: 0.5661
Validation loss: 0.7924 (61 batches)
loss_per_epoch_list on epoch 18 is [0.6418599310468455, 0.7122049136239974, 0.6514069164385561, 0.6493530244123741, 0.6816661035428282, 0.6637374172445203, 0.637503553609379, 0.813857596428668, 0.6226662973888585, 0.614832946023003, 0.6424285232043657, 0.6512903922893962, 0.6329821660870412, 0.9139894882186514, 0.7031980088499726, 0.6466515137523902, 0.8322132395916297, 0.7923651445107381]

Checkpoint saved at /cluster/tufts/capstone25skyblue/eelkus01/NEXRADTurbulencePrediction/model_training/trained_model_outputs/hybrid_42_model_checkpoint.pth for l2_alpha_idx: 1, fold 5, and epoch 18
BEGINNING EPOCH 19
[Epoch 19, Batch    50] avg loss: 0.5839
[Epoch 19, Batch   100] avg loss: 0.5666
[Epoch 19, Batch   150] avg loss: 0.5821
[Epoch 19, Batch   200] avg loss: 0.5663
[Epoch 19, Batch   250] avg loss: 0.5652
[Epoch 19, Batch   300] avg loss: 0.5533
Validation loss: 0.8795 (61 batches)
loss_per_epoch_list on epoch 19 is [0.6418599310468455, 0.7122049136239974, 0.6514069164385561, 0.6493530244123741, 0.6816661035428282, 0.6637374172445203, 0.637503553609379, 0.813857596428668, 0.6226662973888585, 0.614832946023003, 0.6424285232043657, 0.6512903922893962, 0.6329821660870412, 0.9139894882186514, 0.7031980088499726, 0.6466515137523902, 0.8322132395916297, 0.7923651445107381, 0.8794963838624172]

Checkpoint saved at /cluster/tufts/capstone25skyblue/eelkus01/NEXRADTurbulencePrediction/model_training/trained_model_outputs/hybrid_42_model_checkpoint.pth for l2_alpha_idx: 1, fold 5, and epoch 19
BEGINNING EPOCH 20
[Epoch 20, Batch    50] avg loss: 0.5678
[Epoch 20, Batch   100] avg loss: 0.5537
[Epoch 20, Batch   150] avg loss: 0.5448
[Epoch 20, Batch   200] avg loss: 0.5522
[Epoch 20, Batch   250] avg loss: 0.5503
[Epoch 20, Batch   300] avg loss: 0.5426
Validation loss: 0.9294 (61 batches)
loss_per_epoch_list on epoch 20 is [0.6418599310468455, 0.7122049136239974, 0.6514069164385561, 0.6493530244123741, 0.6816661035428282, 0.6637374172445203, 0.637503553609379, 0.813857596428668, 0.6226662973888585, 0.614832946023003, 0.6424285232043657, 0.6512903922893962, 0.6329821660870412, 0.9139894882186514, 0.7031980088499726, 0.6466515137523902, 0.8322132395916297, 0.7923651445107381, 0.8794963838624172, 0.9294477691415881]

Checkpoint saved at /cluster/tufts/capstone25skyblue/eelkus01/NEXRADTurbulencePrediction/model_training/trained_model_outputs/hybrid_42_model_checkpoint.pth for l2_alpha_idx: 1, fold 5, and epoch 20
BEGINNING EPOCH 21
[Epoch 21, Batch    50] avg loss: 0.5364
[Epoch 21, Batch   100] avg loss: 0.5546
[Epoch 21, Batch   150] avg loss: 0.5410
[Epoch 21, Batch   200] avg loss: 0.5551
[Epoch 21, Batch   250] avg loss: 0.5428
[Epoch 21, Batch   300] avg loss: 0.5402
Validation loss: 0.6911 (61 batches)
loss_per_epoch_list on epoch 21 is [0.6418599310468455, 0.7122049136239974, 0.6514069164385561, 0.6493530244123741, 0.6816661035428282, 0.6637374172445203, 0.637503553609379, 0.813857596428668, 0.6226662973888585, 0.614832946023003, 0.6424285232043657, 0.6512903922893962, 0.6329821660870412, 0.9139894882186514, 0.7031980088499726, 0.6466515137523902, 0.8322132395916297, 0.7923651445107381, 0.8794963838624172, 0.9294477691415881, 0.6911048894045783]

Checkpoint saved at /cluster/tufts/capstone25skyblue/eelkus01/NEXRADTurbulencePrediction/model_training/trained_model_outputs/hybrid_42_model_checkpoint.pth for l2_alpha_idx: 1, fold 5, and epoch 21
BEGINNING EPOCH 22
[Epoch 22, Batch    50] avg loss: 0.5276
[Epoch 22, Batch   100] avg loss: 0.5329
[Epoch 22, Batch   150] avg loss: 0.5168
[Epoch 22, Batch   200] avg loss: 0.5264
[Epoch 22, Batch   250] avg loss: 0.5247
[Epoch 22, Batch   300] avg loss: 0.5287
Validation loss: 0.7834 (61 batches)
loss_per_epoch_list on epoch 22 is [0.6418599310468455, 0.7122049136239974, 0.6514069164385561, 0.6493530244123741, 0.6816661035428282, 0.6637374172445203, 0.637503553609379, 0.813857596428668, 0.6226662973888585, 0.614832946023003, 0.6424285232043657, 0.6512903922893962, 0.6329821660870412, 0.9139894882186514, 0.7031980088499726, 0.6466515137523902, 0.8322132395916297, 0.7923651445107381, 0.8794963838624172, 0.9294477691415881, 0.6911048894045783, 0.7833819350258249]

Checkpoint saved at /cluster/tufts/capstone25skyblue/eelkus01/NEXRADTurbulencePrediction/model_training/trained_model_outputs/hybrid_42_model_checkpoint.pth for l2_alpha_idx: 1, fold 5, and epoch 22
BEGINNING EPOCH 23
[Epoch 23, Batch    50] avg loss: 0.5277
[Epoch 23, Batch   100] avg loss: 0.5269
[Epoch 23, Batch   150] avg loss: 0.5295
[Epoch 23, Batch   200] avg loss: 0.4984
[Epoch 23, Batch   250] avg loss: 0.5091
[Epoch 23, Batch   300] avg loss: 0.5279
Validation loss: 0.8662 (61 batches)
loss_per_epoch_list on epoch 23 is [0.6418599310468455, 0.7122049136239974, 0.6514069164385561, 0.6493530244123741, 0.6816661035428282, 0.6637374172445203, 0.637503553609379, 0.813857596428668, 0.6226662973888585, 0.614832946023003, 0.6424285232043657, 0.6512903922893962, 0.6329821660870412, 0.9139894882186514, 0.7031980088499726, 0.6466515137523902, 0.8322132395916297, 0.7923651445107381, 0.8794963838624172, 0.9294477691415881, 0.6911048894045783, 0.7833819350258249, 0.8662222916962671]

Checkpoint saved at /cluster/tufts/capstone25skyblue/eelkus01/NEXRADTurbulencePrediction/model_training/trained_model_outputs/hybrid_42_model_checkpoint.pth for l2_alpha_idx: 1, fold 5, and epoch 23
BEGINNING EPOCH 24
[Epoch 24, Batch    50] avg loss: 0.5129
[Epoch 24, Batch   100] avg loss: 0.5291
[Epoch 24, Batch   150] avg loss: 0.5108
[Epoch 24, Batch   200] avg loss: 0.5193
[Epoch 24, Batch   250] avg loss: 0.4993
[Epoch 24, Batch   300] avg loss: 0.5018
Validation loss: 1.2234 (61 batches)
loss_per_epoch_list on epoch 24 is [0.6418599310468455, 0.7122049136239974, 0.6514069164385561, 0.6493530244123741, 0.6816661035428282, 0.6637374172445203, 0.637503553609379, 0.813857596428668, 0.6226662973888585, 0.614832946023003, 0.6424285232043657, 0.6512903922893962, 0.6329821660870412, 0.9139894882186514, 0.7031980088499726, 0.6466515137523902, 0.8322132395916297, 0.7923651445107381, 0.8794963838624172, 0.9294477691415881, 0.6911048894045783, 0.7833819350258249, 0.8662222916962671, 1.2233799617798602]

Checkpoint saved at /cluster/tufts/capstone25skyblue/eelkus01/NEXRADTurbulencePrediction/model_training/trained_model_outputs/hybrid_42_model_checkpoint.pth for l2_alpha_idx: 1, fold 5, and epoch 24
BEGINNING EPOCH 25
[Epoch 25, Batch    50] avg loss: 0.4897
[Epoch 25, Batch   100] avg loss: 0.4945
[Epoch 25, Batch   150] avg loss: 0.5063
[Epoch 25, Batch   200] avg loss: 0.4996
[Epoch 25, Batch   250] avg loss: 0.4973
[Epoch 25, Batch   300] avg loss: 0.4795
Validation loss: 0.8227 (61 batches)
loss_per_epoch_list on epoch 25 is [0.6418599310468455, 0.7122049136239974, 0.6514069164385561, 0.6493530244123741, 0.6816661035428282, 0.6637374172445203, 0.637503553609379, 0.813857596428668, 0.6226662973888585, 0.614832946023003, 0.6424285232043657, 0.6512903922893962, 0.6329821660870412, 0.9139894882186514, 0.7031980088499726, 0.6466515137523902, 0.8322132395916297, 0.7923651445107381, 0.8794963838624172, 0.9294477691415881, 0.6911048894045783, 0.7833819350258249, 0.8662222916962671, 1.2233799617798602, 0.8226959558783985]

Checkpoint saved at /cluster/tufts/capstone25skyblue/eelkus01/NEXRADTurbulencePrediction/model_training/trained_model_outputs/hybrid_42_model_checkpoint.pth for l2_alpha_idx: 1, fold 5, and epoch 25
BEGINNING EPOCH 26
[Epoch 26, Batch    50] avg loss: 0.4866
[Epoch 26, Batch   100] avg loss: 0.4640
[Epoch 26, Batch   150] avg loss: 0.4853
[Epoch 26, Batch   200] avg loss: 0.4961
[Epoch 26, Batch   250] avg loss: 0.4810
[Epoch 26, Batch   300] avg loss: 0.4753
Validation loss: 0.7755 (61 batches)
loss_per_epoch_list on epoch 26 is [0.6418599310468455, 0.7122049136239974, 0.6514069164385561, 0.6493530244123741, 0.6816661035428282, 0.6637374172445203, 0.637503553609379, 0.813857596428668, 0.6226662973888585, 0.614832946023003, 0.6424285232043657, 0.6512903922893962, 0.6329821660870412, 0.9139894882186514, 0.7031980088499726, 0.6466515137523902, 0.8322132395916297, 0.7923651445107381, 0.8794963838624172, 0.9294477691415881, 0.6911048894045783, 0.7833819350258249, 0.8662222916962671, 1.2233799617798602, 0.8226959558783985, 0.7755331055062716]

Checkpoint saved at /cluster/tufts/capstone25skyblue/eelkus01/NEXRADTurbulencePrediction/model_training/trained_model_outputs/hybrid_42_model_checkpoint.pth for l2_alpha_idx: 1, fold 5, and epoch 26
BEGINNING EPOCH 27
[Epoch 27, Batch    50] avg loss: 0.4539
[Epoch 27, Batch   100] avg loss: 0.4746
[Epoch 27, Batch   150] avg loss: 0.4780
[Epoch 27, Batch   200] avg loss: 0.4664
[Epoch 27, Batch   250] avg loss: 0.4585
[Epoch 27, Batch   300] avg loss: 0.4587
Validation loss: 0.8103 (61 batches)
loss_per_epoch_list on epoch 27 is [0.6418599310468455, 0.7122049136239974, 0.6514069164385561, 0.6493530244123741, 0.6816661035428282, 0.6637374172445203, 0.637503553609379, 0.813857596428668, 0.6226662973888585, 0.614832946023003, 0.6424285232043657, 0.6512903922893962, 0.6329821660870412, 0.9139894882186514, 0.7031980088499726, 0.6466515137523902, 0.8322132395916297, 0.7923651445107381, 0.8794963838624172, 0.9294477691415881, 0.6911048894045783, 0.7833819350258249, 0.8662222916962671, 1.2233799617798602, 0.8226959558783985, 0.7755331055062716, 0.810346851583387]

Checkpoint saved at /cluster/tufts/capstone25skyblue/eelkus01/NEXRADTurbulencePrediction/model_training/trained_model_outputs/hybrid_42_model_checkpoint.pth for l2_alpha_idx: 1, fold 5, and epoch 27
BEGINNING EPOCH 28
[Epoch 28, Batch    50] avg loss: 0.4678
[Epoch 28, Batch   100] avg loss: 0.4393
[Epoch 28, Batch   150] avg loss: 0.4691
[Epoch 28, Batch   200] avg loss: 0.4448
[Epoch 28, Batch   250] avg loss: 0.4545
[Epoch 28, Batch   300] avg loss: 0.4468
Validation loss: 1.0355 (61 batches)
loss_per_epoch_list on epoch 28 is [0.6418599310468455, 0.7122049136239974, 0.6514069164385561, 0.6493530244123741, 0.6816661035428282, 0.6637374172445203, 0.637503553609379, 0.813857596428668, 0.6226662973888585, 0.614832946023003, 0.6424285232043657, 0.6512903922893962, 0.6329821660870412, 0.9139894882186514, 0.7031980088499726, 0.6466515137523902, 0.8322132395916297, 0.7923651445107381, 0.8794963838624172, 0.9294477691415881, 0.6911048894045783, 0.7833819350258249, 0.8662222916962671, 1.2233799617798602, 0.8226959558783985, 0.7755331055062716, 0.810346851583387, 1.035506148807338]

Checkpoint saved at /cluster/tufts/capstone25skyblue/eelkus01/NEXRADTurbulencePrediction/model_training/trained_model_outputs/hybrid_42_model_checkpoint.pth for l2_alpha_idx: 1, fold 5, and epoch 28
BEGINNING EPOCH 29
[Epoch 29, Batch    50] avg loss: 0.4460
[Epoch 29, Batch   100] avg loss: 0.4541
[Epoch 29, Batch   150] avg loss: 0.4387
[Epoch 29, Batch   200] avg loss: 0.4488
[Epoch 29, Batch   250] avg loss: 0.4370
[Epoch 29, Batch   300] avg loss: 0.4212
Validation loss: 0.9166 (61 batches)
loss_per_epoch_list on epoch 29 is [0.6418599310468455, 0.7122049136239974, 0.6514069164385561, 0.6493530244123741, 0.6816661035428282, 0.6637374172445203, 0.637503553609379, 0.813857596428668, 0.6226662973888585, 0.614832946023003, 0.6424285232043657, 0.6512903922893962, 0.6329821660870412, 0.9139894882186514, 0.7031980088499726, 0.6466515137523902, 0.8322132395916297, 0.7923651445107381, 0.8794963838624172, 0.9294477691415881, 0.6911048894045783, 0.7833819350258249, 0.8662222916962671, 1.2233799617798602, 0.8226959558783985, 0.7755331055062716, 0.810346851583387, 1.035506148807338, 0.916612015395868]

Checkpoint saved at /cluster/tufts/capstone25skyblue/eelkus01/NEXRADTurbulencePrediction/model_training/trained_model_outputs/hybrid_42_model_checkpoint.pth for l2_alpha_idx: 1, fold 5, and epoch 29
Fold 5 had loss: 0.916612015395868 on its last epoch

l2_loss_list is now [0.8289966932574256, 0.9448888585215709]

Beginning 6-fold Cross Validation with l2_alpha = 0.001
Fold 0 with l2_alpha = 0.001
Train subset size: 19253, Validation subset size: 3851
BEGINNING EPOCH 1
[Epoch 1, Batch    50] avg loss: 2.8527
[Epoch 1, Batch   100] avg loss: 0.8163
[Epoch 1, Batch   150] avg loss: 0.7475
[Epoch 1, Batch   200] avg loss: 0.7553
[Epoch 1, Batch   250] avg loss: 0.6877
[Epoch 1, Batch   300] avg loss: 0.7138
Validation loss: 0.6751 (61 batches)
loss_per_epoch_list on epoch 1 is [0.675134611911461]

Checkpoint saved at /cluster/tufts/capstone25skyblue/eelkus01/NEXRADTurbulencePrediction/model_training/trained_model_outputs/hybrid_42_model_checkpoint.pth for l2_alpha_idx: 2, fold 0, and epoch 1
BEGINNING EPOCH 2
[Epoch 2, Batch    50] avg loss: 0.7057
[Epoch 2, Batch   100] avg loss: 0.6887
[Epoch 2, Batch   150] avg loss: 0.6850
[Epoch 2, Batch   200] avg loss: 0.6702
[Epoch 2, Batch   250] avg loss: 0.6662
[Epoch 2, Batch   300] avg loss: 0.6546
Validation loss: 0.6519 (61 batches)
loss_per_epoch_list on epoch 2 is [0.675134611911461, 0.6519299569677134]

Checkpoint saved at /cluster/tufts/capstone25skyblue/eelkus01/NEXRADTurbulencePrediction/model_training/trained_model_outputs/hybrid_42_model_checkpoint.pth for l2_alpha_idx: 2, fold 0, and epoch 2
BEGINNING EPOCH 3
[Epoch 3, Batch    50] avg loss: 0.6576
[Epoch 3, Batch   100] avg loss: 0.6625
[Epoch 3, Batch   150] avg loss: 0.6607
[Epoch 3, Batch   200] avg loss: 0.6577
[Epoch 3, Batch   250] avg loss: 0.6575
[Epoch 3, Batch   300] avg loss: 0.6574
Validation loss: 0.6990 (61 batches)
loss_per_epoch_list on epoch 3 is [0.675134611911461, 0.6519299569677134, 0.6989535728438956]

Checkpoint saved at /cluster/tufts/capstone25skyblue/eelkus01/NEXRADTurbulencePrediction/model_training/trained_model_outputs/hybrid_42_model_checkpoint.pth for l2_alpha_idx: 2, fold 0, and epoch 3
BEGINNING EPOCH 4
[Epoch 4, Batch    50] avg loss: 0.6533
[Epoch 4, Batch   100] avg loss: 0.6539
[Epoch 4, Batch   150] avg loss: 0.6470
[Epoch 4, Batch   200] avg loss: 0.6545
[Epoch 4, Batch   250] avg loss: 0.6558
[Epoch 4, Batch   300] avg loss: 0.6516
Validation loss: 0.6633 (61 batches)
loss_per_epoch_list on epoch 4 is [0.675134611911461, 0.6519299569677134, 0.6989535728438956, 0.6633254592535925]

Checkpoint saved at /cluster/tufts/capstone25skyblue/eelkus01/NEXRADTurbulencePrediction/model_training/trained_model_outputs/hybrid_42_model_checkpoint.pth for l2_alpha_idx: 2, fold 0, and epoch 4
BEGINNING EPOCH 5
[Epoch 5, Batch    50] avg loss: 0.6506
[Epoch 5, Batch   100] avg loss: 0.6598
[Epoch 5, Batch   150] avg loss: 0.6512
[Epoch 5, Batch   200] avg loss: 0.6486
[Epoch 5, Batch   250] avg loss: 0.6558
[Epoch 5, Batch   300] avg loss: 0.6475
Validation loss: 0.6175 (61 batches)
loss_per_epoch_list on epoch 5 is [0.675134611911461, 0.6519299569677134, 0.6989535728438956, 0.6633254592535925, 0.6174769714230397]

Checkpoint saved at /cluster/tufts/capstone25skyblue/eelkus01/NEXRADTurbulencePrediction/model_training/trained_model_outputs/hybrid_42_model_checkpoint.pth for l2_alpha_idx: 2, fold 0, and epoch 5
BEGINNING EPOCH 6
[Epoch 6, Batch    50] avg loss: 0.6500
[Epoch 6, Batch   100] avg loss: 0.6536
[Epoch 6, Batch   150] avg loss: 0.6405
[Epoch 6, Batch   200] avg loss: 0.6542
[Epoch 6, Batch   250] avg loss: 0.6499
[Epoch 6, Batch   300] avg loss: 0.6472
Validation loss: 0.6535 (61 batches)
loss_per_epoch_list on epoch 6 is [0.675134611911461, 0.6519299569677134, 0.6989535728438956, 0.6633254592535925, 0.6174769714230397, 0.6535371180440559]

Checkpoint saved at /cluster/tufts/capstone25skyblue/eelkus01/NEXRADTurbulencePrediction/model_training/trained_model_outputs/hybrid_42_model_checkpoint.pth for l2_alpha_idx: 2, fold 0, and epoch 6
BEGINNING EPOCH 7
[Epoch 7, Batch    50] avg loss: 0.6413
[Epoch 7, Batch   100] avg loss: 0.6397
[Epoch 7, Batch   150] avg loss: 0.6320
[Epoch 7, Batch   200] avg loss: 0.6409
[Epoch 7, Batch   250] avg loss: 0.6404
[Epoch 7, Batch   300] avg loss: 0.6442
Validation loss: 0.6449 (61 batches)
loss_per_epoch_list on epoch 7 is [0.675134611911461, 0.6519299569677134, 0.6989535728438956, 0.6633254592535925, 0.6174769714230397, 0.6535371180440559, 0.6449274674790805]

Checkpoint saved at /cluster/tufts/capstone25skyblue/eelkus01/NEXRADTurbulencePrediction/model_training/trained_model_outputs/hybrid_42_model_checkpoint.pth for l2_alpha_idx: 2, fold 0, and epoch 7
BEGINNING EPOCH 8
[Epoch 8, Batch    50] avg loss: 0.6301
[Epoch 8, Batch   100] avg loss: 0.6367
[Epoch 8, Batch   150] avg loss: 0.6230
[Epoch 8, Batch   200] avg loss: 0.6392
[Epoch 8, Batch   250] avg loss: 0.6309
[Epoch 8, Batch   300] avg loss: 0.6344
Validation loss: 0.6239 (61 batches)
loss_per_epoch_list on epoch 8 is [0.675134611911461, 0.6519299569677134, 0.6989535728438956, 0.6633254592535925, 0.6174769714230397, 0.6535371180440559, 0.6449274674790805, 0.6238694537858493]

Checkpoint saved at /cluster/tufts/capstone25skyblue/eelkus01/NEXRADTurbulencePrediction/model_training/trained_model_outputs/hybrid_42_model_checkpoint.pth for l2_alpha_idx: 2, fold 0, and epoch 8
BEGINNING EPOCH 9
[Epoch 9, Batch    50] avg loss: 0.6372
[Epoch 9, Batch   100] avg loss: 0.6372
[Epoch 9, Batch   150] avg loss: 0.6302
[Epoch 9, Batch   200] avg loss: 0.6383
[Epoch 9, Batch   250] avg loss: 0.6144
[Epoch 9, Batch   300] avg loss: 0.6251
Validation loss: 0.6293 (61 batches)
loss_per_epoch_list on epoch 9 is [0.675134611911461, 0.6519299569677134, 0.6989535728438956, 0.6633254592535925, 0.6174769714230397, 0.6535371180440559, 0.6449274674790805, 0.6238694537858493, 0.6292938580278491]

Checkpoint saved at /cluster/tufts/capstone25skyblue/eelkus01/NEXRADTurbulencePrediction/model_training/trained_model_outputs/hybrid_42_model_checkpoint.pth for l2_alpha_idx: 2, fold 0, and epoch 9
BEGINNING EPOCH 10
[Epoch 10, Batch    50] avg loss: 0.6360
[Epoch 10, Batch   100] avg loss: 0.6220
[Epoch 10, Batch   150] avg loss: 0.6243
[Epoch 10, Batch   200] avg loss: 0.6231
[Epoch 10, Batch   250] avg loss: 0.6210
[Epoch 10, Batch   300] avg loss: 0.6167
Validation loss: 0.6368 (61 batches)
loss_per_epoch_list on epoch 10 is [0.675134611911461, 0.6519299569677134, 0.6989535728438956, 0.6633254592535925, 0.6174769714230397, 0.6535371180440559, 0.6449274674790805, 0.6238694537858493, 0.6292938580278491, 0.6367982039686109]

Checkpoint saved at /cluster/tufts/capstone25skyblue/eelkus01/NEXRADTurbulencePrediction/model_training/trained_model_outputs/hybrid_42_model_checkpoint.pth for l2_alpha_idx: 2, fold 0, and epoch 10
BEGINNING EPOCH 11
[Epoch 11, Batch    50] avg loss: 0.6191
[Epoch 11, Batch   100] avg loss: 0.6081
[Epoch 11, Batch   150] avg loss: 0.6306
[Epoch 11, Batch   200] avg loss: 0.6155
[Epoch 11, Batch   250] avg loss: 0.6009
[Epoch 11, Batch   300] avg loss: 0.6124
Validation loss: 0.6378 (61 batches)
loss_per_epoch_list on epoch 11 is [0.675134611911461, 0.6519299569677134, 0.6989535728438956, 0.6633254592535925, 0.6174769714230397, 0.6535371180440559, 0.6449274674790805, 0.6238694537858493, 0.6292938580278491, 0.6367982039686109, 0.6377847790718079]

Checkpoint saved at /cluster/tufts/capstone25skyblue/eelkus01/NEXRADTurbulencePrediction/model_training/trained_model_outputs/hybrid_42_model_checkpoint.pth for l2_alpha_idx: 2, fold 0, and epoch 11
BEGINNING EPOCH 12
[Epoch 12, Batch    50] avg loss: 0.6087
[Epoch 12, Batch   100] avg loss: 0.6133
[Epoch 12, Batch   150] avg loss: 0.6095
[Epoch 12, Batch   200] avg loss: 0.6002
[Epoch 12, Batch   250] avg loss: 0.6012
[Epoch 12, Batch   300] avg loss: 0.6013
Validation loss: 0.7187 (61 batches)
loss_per_epoch_list on epoch 12 is [0.675134611911461, 0.6519299569677134, 0.6989535728438956, 0.6633254592535925, 0.6174769714230397, 0.6535371180440559, 0.6449274674790805, 0.6238694537858493, 0.6292938580278491, 0.6367982039686109, 0.6377847790718079, 0.7186847495251014]

Checkpoint saved at /cluster/tufts/capstone25skyblue/eelkus01/NEXRADTurbulencePrediction/model_training/trained_model_outputs/hybrid_42_model_checkpoint.pth for l2_alpha_idx: 2, fold 0, and epoch 12
BEGINNING EPOCH 13
[Epoch 13, Batch    50] avg loss: 0.6004
[Epoch 13, Batch   100] avg loss: 0.5978
[Epoch 13, Batch   150] avg loss: 0.6013
[Epoch 13, Batch   200] avg loss: 0.6081
[Epoch 13, Batch   250] avg loss: 0.5890
[Epoch 13, Batch   300] avg loss: 0.6095
Validation loss: 0.6420 (61 batches)
loss_per_epoch_list on epoch 13 is [0.675134611911461, 0.6519299569677134, 0.6989535728438956, 0.6633254592535925, 0.6174769714230397, 0.6535371180440559, 0.6449274674790805, 0.6238694537858493, 0.6292938580278491, 0.6367982039686109, 0.6377847790718079, 0.7186847495251014, 0.6420049642930266]

Checkpoint saved at /cluster/tufts/capstone25skyblue/eelkus01/NEXRADTurbulencePrediction/model_training/trained_model_outputs/hybrid_42_model_checkpoint.pth for l2_alpha_idx: 2, fold 0, and epoch 13
BEGINNING EPOCH 14
[Epoch 14, Batch    50] avg loss: 0.5890
[Epoch 14, Batch   100] avg loss: 0.5769
[Epoch 14, Batch   150] avg loss: 0.6005
[Epoch 14, Batch   200] avg loss: 0.5727
[Epoch 14, Batch   250] avg loss: 0.5694
[Epoch 14, Batch   300] avg loss: 0.5933
Validation loss: 0.6794 (61 batches)
loss_per_epoch_list on epoch 14 is [0.675134611911461, 0.6519299569677134, 0.6989535728438956, 0.6633254592535925, 0.6174769714230397, 0.6535371180440559, 0.6449274674790805, 0.6238694537858493, 0.6292938580278491, 0.6367982039686109, 0.6377847790718079, 0.7186847495251014, 0.6420049642930266, 0.6794044448704016]

Checkpoint saved at /cluster/tufts/capstone25skyblue/eelkus01/NEXRADTurbulencePrediction/model_training/trained_model_outputs/hybrid_42_model_checkpoint.pth for l2_alpha_idx: 2, fold 0, and epoch 14
BEGINNING EPOCH 15
[Epoch 15, Batch    50] avg loss: 0.5694
[Epoch 15, Batch   100] avg loss: 0.5597
[Epoch 15, Batch   150] avg loss: 0.5650
[Epoch 15, Batch   200] avg loss: 0.5878
[Epoch 15, Batch   250] avg loss: 0.5782
[Epoch 15, Batch   300] avg loss: 0.5646
Validation loss: 0.7252 (61 batches)
loss_per_epoch_list on epoch 15 is [0.675134611911461, 0.6519299569677134, 0.6989535728438956, 0.6633254592535925, 0.6174769714230397, 0.6535371180440559, 0.6449274674790805, 0.6238694537858493, 0.6292938580278491, 0.6367982039686109, 0.6377847790718079, 0.7186847495251014, 0.6420049642930266, 0.6794044448704016, 0.725193310956486]

Checkpoint saved at /cluster/tufts/capstone25skyblue/eelkus01/NEXRADTurbulencePrediction/model_training/trained_model_outputs/hybrid_42_model_checkpoint.pth for l2_alpha_idx: 2, fold 0, and epoch 15
BEGINNING EPOCH 16
[Epoch 16, Batch    50] avg loss: 0.5565
[Epoch 16, Batch   100] avg loss: 0.5625
[Epoch 16, Batch   150] avg loss: 0.5635
[Epoch 16, Batch   200] avg loss: 0.5442
[Epoch 16, Batch   250] avg loss: 0.5564
[Epoch 16, Batch   300] avg loss: 0.5573
Validation loss: 0.6582 (61 batches)
loss_per_epoch_list on epoch 16 is [0.675134611911461, 0.6519299569677134, 0.6989535728438956, 0.6633254592535925, 0.6174769714230397, 0.6535371180440559, 0.6449274674790805, 0.6238694537858493, 0.6292938580278491, 0.6367982039686109, 0.6377847790718079, 0.7186847495251014, 0.6420049642930266, 0.6794044448704016, 0.725193310956486, 0.6581796060820095]

Checkpoint saved at /cluster/tufts/capstone25skyblue/eelkus01/NEXRADTurbulencePrediction/model_training/trained_model_outputs/hybrid_42_model_checkpoint.pth for l2_alpha_idx: 2, fold 0, and epoch 16
BEGINNING EPOCH 17
[Epoch 17, Batch    50] avg loss: 0.5590
[Epoch 17, Batch   100] avg loss: 0.5453
[Epoch 17, Batch   150] avg loss: 0.5301
[Epoch 17, Batch   200] avg loss: 0.5444
[Epoch 17, Batch   250] avg loss: 0.5304
[Epoch 17, Batch   300] avg loss: 0.5522
Validation loss: 0.8787 (61 batches)
loss_per_epoch_list on epoch 17 is [0.675134611911461, 0.6519299569677134, 0.6989535728438956, 0.6633254592535925, 0.6174769714230397, 0.6535371180440559, 0.6449274674790805, 0.6238694537858493, 0.6292938580278491, 0.6367982039686109, 0.6377847790718079, 0.7186847495251014, 0.6420049642930266, 0.6794044448704016, 0.725193310956486, 0.6581796060820095, 0.8787382557743886]

Checkpoint saved at /cluster/tufts/capstone25skyblue/eelkus01/NEXRADTurbulencePrediction/model_training/trained_model_outputs/hybrid_42_model_checkpoint.pth for l2_alpha_idx: 2, fold 0, and epoch 17
BEGINNING EPOCH 18
[Epoch 18, Batch    50] avg loss: 0.5289
[Epoch 18, Batch   100] avg loss: 0.5391
[Epoch 18, Batch   150] avg loss: 0.5342
[Epoch 18, Batch   200] avg loss: 0.5219
[Epoch 18, Batch   250] avg loss: 0.5204
[Epoch 18, Batch   300] avg loss: 0.5291
Validation loss: 0.7364 (61 batches)
loss_per_epoch_list on epoch 18 is [0.675134611911461, 0.6519299569677134, 0.6989535728438956, 0.6633254592535925, 0.6174769714230397, 0.6535371180440559, 0.6449274674790805, 0.6238694537858493, 0.6292938580278491, 0.6367982039686109, 0.6377847790718079, 0.7186847495251014, 0.6420049642930266, 0.6794044448704016, 0.725193310956486, 0.6581796060820095, 0.8787382557743886, 0.7363582781103791]

Checkpoint saved at /cluster/tufts/capstone25skyblue/eelkus01/NEXRADTurbulencePrediction/model_training/trained_model_outputs/hybrid_42_model_checkpoint.pth for l2_alpha_idx: 2, fold 0, and epoch 18
BEGINNING EPOCH 19
[Epoch 19, Batch    50] avg loss: 0.5341
[Epoch 19, Batch   100] avg loss: 0.5192
[Epoch 19, Batch   150] avg loss: 0.5226
[Epoch 19, Batch   200] avg loss: 0.5221
[Epoch 19, Batch   250] avg loss: 0.5030
[Epoch 19, Batch   300] avg loss: 0.5227
Validation loss: 0.8423 (61 batches)
loss_per_epoch_list on epoch 19 is [0.675134611911461, 0.6519299569677134, 0.6989535728438956, 0.6633254592535925, 0.6174769714230397, 0.6535371180440559, 0.6449274674790805, 0.6238694537858493, 0.6292938580278491, 0.6367982039686109, 0.6377847790718079, 0.7186847495251014, 0.6420049642930266, 0.6794044448704016, 0.725193310956486, 0.6581796060820095, 0.8787382557743886, 0.7363582781103791, 0.8422764920797504]

Checkpoint saved at /cluster/tufts/capstone25skyblue/eelkus01/NEXRADTurbulencePrediction/model_training/trained_model_outputs/hybrid_42_model_checkpoint.pth for l2_alpha_idx: 2, fold 0, and epoch 19
BEGINNING EPOCH 20
[Epoch 20, Batch    50] avg loss: 0.4983
[Epoch 20, Batch   100] avg loss: 0.5097
[Epoch 20, Batch   150] avg loss: 0.5022
[Epoch 20, Batch   200] avg loss: 0.5149
[Epoch 20, Batch   250] avg loss: 0.4993
[Epoch 20, Batch   300] avg loss: 0.5057
Validation loss: 0.7636 (61 batches)
loss_per_epoch_list on epoch 20 is [0.675134611911461, 0.6519299569677134, 0.6989535728438956, 0.6633254592535925, 0.6174769714230397, 0.6535371180440559, 0.6449274674790805, 0.6238694537858493, 0.6292938580278491, 0.6367982039686109, 0.6377847790718079, 0.7186847495251014, 0.6420049642930266, 0.6794044448704016, 0.725193310956486, 0.6581796060820095, 0.8787382557743886, 0.7363582781103791, 0.8422764920797504, 0.7636036144905403]

Checkpoint saved at /cluster/tufts/capstone25skyblue/eelkus01/NEXRADTurbulencePrediction/model_training/trained_model_outputs/hybrid_42_model_checkpoint.pth for l2_alpha_idx: 2, fold 0, and epoch 20
BEGINNING EPOCH 21
[Epoch 21, Batch    50] avg loss: 0.4862
[Epoch 21, Batch   100] avg loss: 0.4909
[Epoch 21, Batch   150] avg loss: 0.5034
[Epoch 21, Batch   200] avg loss: 0.4836
[Epoch 21, Batch   250] avg loss: 0.4787
[Epoch 21, Batch   300] avg loss: 0.4801
Validation loss: 1.2856 (61 batches)
loss_per_epoch_list on epoch 21 is [0.675134611911461, 0.6519299569677134, 0.6989535728438956, 0.6633254592535925, 0.6174769714230397, 0.6535371180440559, 0.6449274674790805, 0.6238694537858493, 0.6292938580278491, 0.6367982039686109, 0.6377847790718079, 0.7186847495251014, 0.6420049642930266, 0.6794044448704016, 0.725193310956486, 0.6581796060820095, 0.8787382557743886, 0.7363582781103791, 0.8422764920797504, 0.7636036144905403, 1.2856044573862044]

Checkpoint saved at /cluster/tufts/capstone25skyblue/eelkus01/NEXRADTurbulencePrediction/model_training/trained_model_outputs/hybrid_42_model_checkpoint.pth for l2_alpha_idx: 2, fold 0, and epoch 21
BEGINNING EPOCH 22
[Epoch 22, Batch    50] avg loss: 0.4961
[Epoch 22, Batch   100] avg loss: 0.4820
[Epoch 22, Batch   150] avg loss: 0.4842
[Epoch 22, Batch   200] avg loss: 0.4790
[Epoch 22, Batch   250] avg loss: 0.4726
[Epoch 22, Batch   300] avg loss: 0.4886
Validation loss: 1.2948 (61 batches)
loss_per_epoch_list on epoch 22 is [0.675134611911461, 0.6519299569677134, 0.6989535728438956, 0.6633254592535925, 0.6174769714230397, 0.6535371180440559, 0.6449274674790805, 0.6238694537858493, 0.6292938580278491, 0.6367982039686109, 0.6377847790718079, 0.7186847495251014, 0.6420049642930266, 0.6794044448704016, 0.725193310956486, 0.6581796060820095, 0.8787382557743886, 0.7363582781103791, 0.8422764920797504, 0.7636036144905403, 1.2856044573862044, 1.294767153067667]

Checkpoint saved at /cluster/tufts/capstone25skyblue/eelkus01/NEXRADTurbulencePrediction/model_training/trained_model_outputs/hybrid_42_model_checkpoint.pth for l2_alpha_idx: 2, fold 0, and epoch 22
BEGINNING EPOCH 23
[Epoch 23, Batch    50] avg loss: 0.4699
[Epoch 23, Batch   100] avg loss: 0.4662
[Epoch 23, Batch   150] avg loss: 0.4670
[Epoch 23, Batch   200] avg loss: 0.4546
[Epoch 23, Batch   250] avg loss: 0.4489
[Epoch 23, Batch   300] avg loss: 0.4792
Validation loss: 0.9604 (61 batches)
loss_per_epoch_list on epoch 23 is [0.675134611911461, 0.6519299569677134, 0.6989535728438956, 0.6633254592535925, 0.6174769714230397, 0.6535371180440559, 0.6449274674790805, 0.6238694537858493, 0.6292938580278491, 0.6367982039686109, 0.6377847790718079, 0.7186847495251014, 0.6420049642930266, 0.6794044448704016, 0.725193310956486, 0.6581796060820095, 0.8787382557743886, 0.7363582781103791, 0.8422764920797504, 0.7636036144905403, 1.2856044573862044, 1.294767153067667, 0.9603578575321885]

Checkpoint saved at /cluster/tufts/capstone25skyblue/eelkus01/NEXRADTurbulencePrediction/model_training/trained_model_outputs/hybrid_42_model_checkpoint.pth for l2_alpha_idx: 2, fold 0, and epoch 23
BEGINNING EPOCH 24
[Epoch 24, Batch    50] avg loss: 0.4413
[Epoch 24, Batch   100] avg loss: 0.4607
[Epoch 24, Batch   150] avg loss: 0.4630
[Epoch 24, Batch   200] avg loss: 0.4465
[Epoch 24, Batch   250] avg loss: 0.4491
[Epoch 24, Batch   300] avg loss: 0.4518
Validation loss: 0.8296 (61 batches)
loss_per_epoch_list on epoch 24 is [0.675134611911461, 0.6519299569677134, 0.6989535728438956, 0.6633254592535925, 0.6174769714230397, 0.6535371180440559, 0.6449274674790805, 0.6238694537858493, 0.6292938580278491, 0.6367982039686109, 0.6377847790718079, 0.7186847495251014, 0.6420049642930266, 0.6794044448704016, 0.725193310956486, 0.6581796060820095, 0.8787382557743886, 0.7363582781103791, 0.8422764920797504, 0.7636036144905403, 1.2856044573862044, 1.294767153067667, 0.9603578575321885, 0.829608645595488]

Checkpoint saved at /cluster/tufts/capstone25skyblue/eelkus01/NEXRADTurbulencePrediction/model_training/trained_model_outputs/hybrid_42_model_checkpoint.pth for l2_alpha_idx: 2, fold 0, and epoch 24
BEGINNING EPOCH 25
[Epoch 25, Batch    50] avg loss: 0.4445
[Epoch 25, Batch   100] avg loss: 0.4700
[Epoch 25, Batch   150] avg loss: 0.4331
[Epoch 25, Batch   200] avg loss: 0.4541
[Epoch 25, Batch   250] avg loss: 0.4290
[Epoch 25, Batch   300] avg loss: 0.4463
Validation loss: 1.0316 (61 batches)
loss_per_epoch_list on epoch 25 is [0.675134611911461, 0.6519299569677134, 0.6989535728438956, 0.6633254592535925, 0.6174769714230397, 0.6535371180440559, 0.6449274674790805, 0.6238694537858493, 0.6292938580278491, 0.6367982039686109, 0.6377847790718079, 0.7186847495251014, 0.6420049642930266, 0.6794044448704016, 0.725193310956486, 0.6581796060820095, 0.8787382557743886, 0.7363582781103791, 0.8422764920797504, 0.7636036144905403, 1.2856044573862044, 1.294767153067667, 0.9603578575321885, 0.829608645595488, 1.031574184288744]

Checkpoint saved at /cluster/tufts/capstone25skyblue/eelkus01/NEXRADTurbulencePrediction/model_training/trained_model_outputs/hybrid_42_model_checkpoint.pth for l2_alpha_idx: 2, fold 0, and epoch 25
BEGINNING EPOCH 26
[Epoch 26, Batch    50] avg loss: 0.4273
[Epoch 26, Batch   100] avg loss: 0.4201
[Epoch 26, Batch   150] avg loss: 0.4229
[Epoch 26, Batch   200] avg loss: 0.4342
[Epoch 26, Batch   250] avg loss: 0.4126
[Epoch 26, Batch   300] avg loss: 0.4325
Validation loss: 0.8924 (61 batches)
loss_per_epoch_list on epoch 26 is [0.675134611911461, 0.6519299569677134, 0.6989535728438956, 0.6633254592535925, 0.6174769714230397, 0.6535371180440559, 0.6449274674790805, 0.6238694537858493, 0.6292938580278491, 0.6367982039686109, 0.6377847790718079, 0.7186847495251014, 0.6420049642930266, 0.6794044448704016, 0.725193310956486, 0.6581796060820095, 0.8787382557743886, 0.7363582781103791, 0.8422764920797504, 0.7636036144905403, 1.2856044573862044, 1.294767153067667, 0.9603578575321885, 0.829608645595488, 1.031574184288744, 0.892399151794246]

Checkpoint saved at /cluster/tufts/capstone25skyblue/eelkus01/NEXRADTurbulencePrediction/model_training/trained_model_outputs/hybrid_42_model_checkpoint.pth for l2_alpha_idx: 2, fold 0, and epoch 26
BEGINNING EPOCH 27
[Epoch 27, Batch    50] avg loss: 0.4423
[Epoch 27, Batch   100] avg loss: 0.4045
[Epoch 27, Batch   150] avg loss: 0.4075
[Epoch 27, Batch   200] avg loss: 0.3882
[Epoch 27, Batch   250] avg loss: 0.4177
[Epoch 27, Batch   300] avg loss: 0.4090
Validation loss: 1.0453 (61 batches)
loss_per_epoch_list on epoch 27 is [0.675134611911461, 0.6519299569677134, 0.6989535728438956, 0.6633254592535925, 0.6174769714230397, 0.6535371180440559, 0.6449274674790805, 0.6238694537858493, 0.6292938580278491, 0.6367982039686109, 0.6377847790718079, 0.7186847495251014, 0.6420049642930266, 0.6794044448704016, 0.725193310956486, 0.6581796060820095, 0.8787382557743886, 0.7363582781103791, 0.8422764920797504, 0.7636036144905403, 1.2856044573862044, 1.294767153067667, 0.9603578575321885, 0.829608645595488, 1.031574184288744, 0.892399151794246, 1.045340196031039]

Checkpoint saved at /cluster/tufts/capstone25skyblue/eelkus01/NEXRADTurbulencePrediction/model_training/trained_model_outputs/hybrid_42_model_checkpoint.pth for l2_alpha_idx: 2, fold 0, and epoch 27
BEGINNING EPOCH 28
[Epoch 28, Batch    50] avg loss: 0.4229
[Epoch 28, Batch   100] avg loss: 0.4029
[Epoch 28, Batch   150] avg loss: 0.4269
[Epoch 28, Batch   200] avg loss: 0.3990
[Epoch 28, Batch   250] avg loss: 0.3926
[Epoch 28, Batch   300] avg loss: 0.3936
Validation loss: 1.0238 (61 batches)
loss_per_epoch_list on epoch 28 is [0.675134611911461, 0.6519299569677134, 0.6989535728438956, 0.6633254592535925, 0.6174769714230397, 0.6535371180440559, 0.6449274674790805, 0.6238694537858493, 0.6292938580278491, 0.6367982039686109, 0.6377847790718079, 0.7186847495251014, 0.6420049642930266, 0.6794044448704016, 0.725193310956486, 0.6581796060820095, 0.8787382557743886, 0.7363582781103791, 0.8422764920797504, 0.7636036144905403, 1.2856044573862044, 1.294767153067667, 0.9603578575321885, 0.829608645595488, 1.031574184288744, 0.892399151794246, 1.045340196031039, 1.0238023341679183]

Checkpoint saved at /cluster/tufts/capstone25skyblue/eelkus01/NEXRADTurbulencePrediction/model_training/trained_model_outputs/hybrid_42_model_checkpoint.pth for l2_alpha_idx: 2, fold 0, and epoch 28
BEGINNING EPOCH 29
[Epoch 29, Batch    50] avg loss: 0.3826
[Epoch 29, Batch   100] avg loss: 0.3964
[Epoch 29, Batch   150] avg loss: 0.3868
[Epoch 29, Batch   200] avg loss: 0.3996
[Epoch 29, Batch   250] avg loss: 0.3872
[Epoch 29, Batch   300] avg loss: 0.3968
Validation loss: 0.9956 (61 batches)
loss_per_epoch_list on epoch 29 is [0.675134611911461, 0.6519299569677134, 0.6989535728438956, 0.6633254592535925, 0.6174769714230397, 0.6535371180440559, 0.6449274674790805, 0.6238694537858493, 0.6292938580278491, 0.6367982039686109, 0.6377847790718079, 0.7186847495251014, 0.6420049642930266, 0.6794044448704016, 0.725193310956486, 0.6581796060820095, 0.8787382557743886, 0.7363582781103791, 0.8422764920797504, 0.7636036144905403, 1.2856044573862044, 1.294767153067667, 0.9603578575321885, 0.829608645595488, 1.031574184288744, 0.892399151794246, 1.045340196031039, 1.0238023341679183, 0.995600907040424]

Checkpoint saved at /cluster/tufts/capstone25skyblue/eelkus01/NEXRADTurbulencePrediction/model_training/trained_model_outputs/hybrid_42_model_checkpoint.pth for l2_alpha_idx: 2, fold 0, and epoch 29
Fold 0 had loss: 0.995600907040424 on its last epoch

Fold 1 with l2_alpha = 0.001
Train subset size: 19253, Validation subset size: 3851
BEGINNING EPOCH 1
[Epoch 1, Batch    50] avg loss: 2.1461
[Epoch 1, Batch   100] avg loss: 0.7653
[Epoch 1, Batch   150] avg loss: 0.7856
[Epoch 1, Batch   200] avg loss: 0.7752
[Epoch 1, Batch   250] avg loss: 0.7411
[Epoch 1, Batch   300] avg loss: 0.6991
Validation loss: 0.6965 (61 batches)
loss_per_epoch_list on epoch 1 is [0.6965162998340169]

Checkpoint saved at /cluster/tufts/capstone25skyblue/eelkus01/NEXRADTurbulencePrediction/model_training/trained_model_outputs/hybrid_42_model_checkpoint.pth for l2_alpha_idx: 2, fold 1, and epoch 1
BEGINNING EPOCH 2
[Epoch 2, Batch    50] avg loss: 0.7278
[Epoch 2, Batch   100] avg loss: 0.6956
[Epoch 2, Batch   150] avg loss: 0.7000
[Epoch 2, Batch   200] avg loss: 0.6917
[Epoch 2, Batch   250] avg loss: 0.7230
[Epoch 2, Batch   300] avg loss: 0.7027
Validation loss: 0.6551 (61 batches)
loss_per_epoch_list on epoch 2 is [0.6965162998340169, 0.6550791625116692]

Checkpoint saved at /cluster/tufts/capstone25skyblue/eelkus01/NEXRADTurbulencePrediction/model_training/trained_model_outputs/hybrid_42_model_checkpoint.pth for l2_alpha_idx: 2, fold 1, and epoch 2
BEGINNING EPOCH 3
[Epoch 3, Batch    50] avg loss: 0.6691
[Epoch 3, Batch   100] avg loss: 0.6745
[Epoch 3, Batch   150] avg loss: 0.6872
[Epoch 3, Batch   200] avg loss: 0.6578
[Epoch 3, Batch   250] avg loss: 0.6718
[Epoch 3, Batch   300] avg loss: 0.6585
Validation loss: 0.6448 (61 batches)
loss_per_epoch_list on epoch 3 is [0.6965162998340169, 0.6550791625116692, 0.644750033245712]

Checkpoint saved at /cluster/tufts/capstone25skyblue/eelkus01/NEXRADTurbulencePrediction/model_training/trained_model_outputs/hybrid_42_model_checkpoint.pth for l2_alpha_idx: 2, fold 1, and epoch 3
BEGINNING EPOCH 4
[Epoch 4, Batch    50] avg loss: 0.6588
[Epoch 4, Batch   100] avg loss: 0.6673
[Epoch 4, Batch   150] avg loss: 0.6484
[Epoch 4, Batch   200] avg loss: 0.6619
[Epoch 4, Batch   250] avg loss: 0.6658
[Epoch 4, Batch   300] avg loss: 0.6639
Validation loss: 0.6534 (61 batches)
loss_per_epoch_list on epoch 4 is [0.6965162998340169, 0.6550791625116692, 0.644750033245712, 0.6534317106497093]

Checkpoint saved at /cluster/tufts/capstone25skyblue/eelkus01/NEXRADTurbulencePrediction/model_training/trained_model_outputs/hybrid_42_model_checkpoint.pth for l2_alpha_idx: 2, fold 1, and epoch 4
BEGINNING EPOCH 5
[Epoch 5, Batch    50] avg loss: 0.6510
[Epoch 5, Batch   100] avg loss: 0.6670
[Epoch 5, Batch   150] avg loss: 0.6847
[Epoch 5, Batch   200] avg loss: 0.6598
[Epoch 5, Batch   250] avg loss: 0.6589
[Epoch 5, Batch   300] avg loss: 0.6538
Validation loss: 0.6889 (61 batches)
loss_per_epoch_list on epoch 5 is [0.6965162998340169, 0.6550791625116692, 0.644750033245712, 0.6534317106497093, 0.6889395459753568]

Checkpoint saved at /cluster/tufts/capstone25skyblue/eelkus01/NEXRADTurbulencePrediction/model_training/trained_model_outputs/hybrid_42_model_checkpoint.pth for l2_alpha_idx: 2, fold 1, and epoch 5
BEGINNING EPOCH 6
[Epoch 6, Batch    50] avg loss: 0.6552
[Epoch 6, Batch   100] avg loss: 0.6512
[Epoch 6, Batch   150] avg loss: 0.6546
[Epoch 6, Batch   200] avg loss: 0.6494
[Epoch 6, Batch   250] avg loss: 0.6481
[Epoch 6, Batch   300] avg loss: 0.6431
Validation loss: 0.6697 (61 batches)
loss_per_epoch_list on epoch 6 is [0.6965162998340169, 0.6550791625116692, 0.644750033245712, 0.6534317106497093, 0.6889395459753568, 0.6696814699251143]

Checkpoint saved at /cluster/tufts/capstone25skyblue/eelkus01/NEXRADTurbulencePrediction/model_training/trained_model_outputs/hybrid_42_model_checkpoint.pth for l2_alpha_idx: 2, fold 1, and epoch 6
BEGINNING EPOCH 7
[Epoch 7, Batch    50] avg loss: 0.6551
[Epoch 7, Batch   100] avg loss: 0.6485
[Epoch 7, Batch   150] avg loss: 0.6467
[Epoch 7, Batch   200] avg loss: 0.6492
[Epoch 7, Batch   250] avg loss: 0.6481
[Epoch 7, Batch   300] avg loss: 0.6441
Validation loss: 0.6658 (61 batches)
loss_per_epoch_list on epoch 7 is [0.6965162998340169, 0.6550791625116692, 0.644750033245712, 0.6534317106497093, 0.6889395459753568, 0.6696814699251143, 0.6658089874220676]

Checkpoint saved at /cluster/tufts/capstone25skyblue/eelkus01/NEXRADTurbulencePrediction/model_training/trained_model_outputs/hybrid_42_model_checkpoint.pth for l2_alpha_idx: 2, fold 1, and epoch 7
BEGINNING EPOCH 8
[Epoch 8, Batch    50] avg loss: 0.6469
[Epoch 8, Batch   100] avg loss: 0.6504
[Epoch 8, Batch   150] avg loss: 0.6491
[Epoch 8, Batch   200] avg loss: 0.6560
[Epoch 8, Batch   250] avg loss: 0.6471
[Epoch 8, Batch   300] avg loss: 0.6442
Validation loss: 0.6604 (61 batches)
loss_per_epoch_list on epoch 8 is [0.6965162998340169, 0.6550791625116692, 0.644750033245712, 0.6534317106497093, 0.6889395459753568, 0.6696814699251143, 0.6658089874220676, 0.6604336109317717]

Checkpoint saved at /cluster/tufts/capstone25skyblue/eelkus01/NEXRADTurbulencePrediction/model_training/trained_model_outputs/hybrid_42_model_checkpoint.pth for l2_alpha_idx: 2, fold 1, and epoch 8
BEGINNING EPOCH 9
[Epoch 9, Batch    50] avg loss: 0.6406
[Epoch 9, Batch   100] avg loss: 0.6434
[Epoch 9, Batch   150] avg loss: 0.6506
[Epoch 9, Batch   200] avg loss: 0.6458
[Epoch 9, Batch   250] avg loss: 0.6509
[Epoch 9, Batch   300] avg loss: 0.6426
Validation loss: 0.7049 (61 batches)
loss_per_epoch_list on epoch 9 is [0.6965162998340169, 0.6550791625116692, 0.644750033245712, 0.6534317106497093, 0.6889395459753568, 0.6696814699251143, 0.6658089874220676, 0.6604336109317717, 0.7049278919814063]

Checkpoint saved at /cluster/tufts/capstone25skyblue/eelkus01/NEXRADTurbulencePrediction/model_training/trained_model_outputs/hybrid_42_model_checkpoint.pth for l2_alpha_idx: 2, fold 1, and epoch 9
BEGINNING EPOCH 10
[Epoch 10, Batch    50] avg loss: 0.6539
[Epoch 10, Batch   100] avg loss: 0.6487
[Epoch 10, Batch   150] avg loss: 0.6398
[Epoch 10, Batch   200] avg loss: 0.6261
[Epoch 10, Batch   250] avg loss: 0.6445
[Epoch 10, Batch   300] avg loss: 0.6454
Validation loss: 0.6395 (61 batches)
loss_per_epoch_list on epoch 10 is [0.6965162998340169, 0.6550791625116692, 0.644750033245712, 0.6534317106497093, 0.6889395459753568, 0.6696814699251143, 0.6658089874220676, 0.6604336109317717, 0.7049278919814063, 0.6394725182994467]

Checkpoint saved at /cluster/tufts/capstone25skyblue/eelkus01/NEXRADTurbulencePrediction/model_training/trained_model_outputs/hybrid_42_model_checkpoint.pth for l2_alpha_idx: 2, fold 1, and epoch 10
BEGINNING EPOCH 11
[Epoch 11, Batch    50] avg loss: 0.6281
[Epoch 11, Batch   100] avg loss: 0.6266
[Epoch 11, Batch   150] avg loss: 0.6189
[Epoch 11, Batch   200] avg loss: 0.6374
[Epoch 11, Batch   250] avg loss: 0.6337
[Epoch 11, Batch   300] avg loss: 0.6326
Validation loss: 0.6637 (61 batches)
loss_per_epoch_list on epoch 11 is [0.6965162998340169, 0.6550791625116692, 0.644750033245712, 0.6534317106497093, 0.6889395459753568, 0.6696814699251143, 0.6658089874220676, 0.6604336109317717, 0.7049278919814063, 0.6394725182994467, 0.6636925036789941]

Checkpoint saved at /cluster/tufts/capstone25skyblue/eelkus01/NEXRADTurbulencePrediction/model_training/trained_model_outputs/hybrid_42_model_checkpoint.pth for l2_alpha_idx: 2, fold 1, and epoch 11
BEGINNING EPOCH 12
[Epoch 12, Batch    50] avg loss: 0.6271
[Epoch 12, Batch   100] avg loss: 0.6132
[Epoch 12, Batch   150] avg loss: 0.6231
[Epoch 12, Batch   200] avg loss: 0.6267
[Epoch 12, Batch   250] avg loss: 0.6392
[Epoch 12, Batch   300] avg loss: 0.6328
Validation loss: 0.7440 (61 batches)
loss_per_epoch_list on epoch 12 is [0.6965162998340169, 0.6550791625116692, 0.644750033245712, 0.6534317106497093, 0.6889395459753568, 0.6696814699251143, 0.6658089874220676, 0.6604336109317717, 0.7049278919814063, 0.6394725182994467, 0.6636925036789941, 0.7439645059773179]

Checkpoint saved at /cluster/tufts/capstone25skyblue/eelkus01/NEXRADTurbulencePrediction/model_training/trained_model_outputs/hybrid_42_model_checkpoint.pth for l2_alpha_idx: 2, fold 1, and epoch 12
BEGINNING EPOCH 13
[Epoch 13, Batch    50] avg loss: 0.6274
[Epoch 13, Batch   100] avg loss: 0.6234
[Epoch 13, Batch   150] avg loss: 0.6362
[Epoch 13, Batch   200] avg loss: 0.6231
[Epoch 13, Batch   250] avg loss: 0.6112
[Epoch 13, Batch   300] avg loss: 0.6129
Validation loss: 0.6341 (61 batches)
loss_per_epoch_list on epoch 13 is [0.6965162998340169, 0.6550791625116692, 0.644750033245712, 0.6534317106497093, 0.6889395459753568, 0.6696814699251143, 0.6658089874220676, 0.6604336109317717, 0.7049278919814063, 0.6394725182994467, 0.6636925036789941, 0.7439645059773179, 0.6340749004825217]

Checkpoint saved at /cluster/tufts/capstone25skyblue/eelkus01/NEXRADTurbulencePrediction/model_training/trained_model_outputs/hybrid_42_model_checkpoint.pth for l2_alpha_idx: 2, fold 1, and epoch 13
BEGINNING EPOCH 14
[Epoch 14, Batch    50] avg loss: 0.6240
[Epoch 14, Batch   100] avg loss: 0.6068
[Epoch 14, Batch   150] avg loss: 0.6192
[Epoch 14, Batch   200] avg loss: 0.6123
[Epoch 14, Batch   250] avg loss: 0.6247
[Epoch 14, Batch   300] avg loss: 0.6135
Validation loss: 0.6688 (61 batches)
loss_per_epoch_list on epoch 14 is [0.6965162998340169, 0.6550791625116692, 0.644750033245712, 0.6534317106497093, 0.6889395459753568, 0.6696814699251143, 0.6658089874220676, 0.6604336109317717, 0.7049278919814063, 0.6394725182994467, 0.6636925036789941, 0.7439645059773179, 0.6340749004825217, 0.6688487793578476]

Checkpoint saved at /cluster/tufts/capstone25skyblue/eelkus01/NEXRADTurbulencePrediction/model_training/trained_model_outputs/hybrid_42_model_checkpoint.pth for l2_alpha_idx: 2, fold 1, and epoch 14
BEGINNING EPOCH 15
[Epoch 15, Batch    50] avg loss: 0.6200
[Epoch 15, Batch   100] avg loss: 0.6164
[Epoch 15, Batch   150] avg loss: 0.6074
[Epoch 15, Batch   200] avg loss: 0.5939
[Epoch 15, Batch   250] avg loss: 0.6188
[Epoch 15, Batch   300] avg loss: 0.6065
Validation loss: 0.6567 (61 batches)
loss_per_epoch_list on epoch 15 is [0.6965162998340169, 0.6550791625116692, 0.644750033245712, 0.6534317106497093, 0.6889395459753568, 0.6696814699251143, 0.6658089874220676, 0.6604336109317717, 0.7049278919814063, 0.6394725182994467, 0.6636925036789941, 0.7439645059773179, 0.6340749004825217, 0.6688487793578476, 0.6566686337111426]

Checkpoint saved at /cluster/tufts/capstone25skyblue/eelkus01/NEXRADTurbulencePrediction/model_training/trained_model_outputs/hybrid_42_model_checkpoint.pth for l2_alpha_idx: 2, fold 1, and epoch 15
BEGINNING EPOCH 16
[Epoch 16, Batch    50] avg loss: 0.6077
[Epoch 16, Batch   100] avg loss: 0.6021
[Epoch 16, Batch   150] avg loss: 0.5881
[Epoch 16, Batch   200] avg loss: 0.5789
[Epoch 16, Batch   250] avg loss: 0.5906
[Epoch 16, Batch   300] avg loss: 0.5978
Validation loss: 0.7321 (61 batches)
loss_per_epoch_list on epoch 16 is [0.6965162998340169, 0.6550791625116692, 0.644750033245712, 0.6534317106497093, 0.6889395459753568, 0.6696814699251143, 0.6658089874220676, 0.6604336109317717, 0.7049278919814063, 0.6394725182994467, 0.6636925036789941, 0.7439645059773179, 0.6340749004825217, 0.6688487793578476, 0.6566686337111426, 0.7321309242092195]

Checkpoint saved at /cluster/tufts/capstone25skyblue/eelkus01/NEXRADTurbulencePrediction/model_training/trained_model_outputs/hybrid_42_model_checkpoint.pth for l2_alpha_idx: 2, fold 1, and epoch 16
BEGINNING EPOCH 17
[Epoch 17, Batch    50] avg loss: 0.5938
[Epoch 17, Batch   100] avg loss: 0.5957
[Epoch 17, Batch   150] avg loss: 0.5975
[Epoch 17, Batch   200] avg loss: 0.5883
[Epoch 17, Batch   250] avg loss: 0.5921
[Epoch 17, Batch   300] avg loss: 0.5864
Validation loss: 0.7123 (61 batches)
loss_per_epoch_list on epoch 17 is [0.6965162998340169, 0.6550791625116692, 0.644750033245712, 0.6534317106497093, 0.6889395459753568, 0.6696814699251143, 0.6658089874220676, 0.6604336109317717, 0.7049278919814063, 0.6394725182994467, 0.6636925036789941, 0.7439645059773179, 0.6340749004825217, 0.6688487793578476, 0.6566686337111426, 0.7321309242092195, 0.712259370772565]

Checkpoint saved at /cluster/tufts/capstone25skyblue/eelkus01/NEXRADTurbulencePrediction/model_training/trained_model_outputs/hybrid_42_model_checkpoint.pth for l2_alpha_idx: 2, fold 1, and epoch 17
BEGINNING EPOCH 18
[Epoch 18, Batch    50] avg loss: 0.5830
[Epoch 18, Batch   100] avg loss: 0.5673
[Epoch 18, Batch   150] avg loss: 0.5876
[Epoch 18, Batch   200] avg loss: 0.5669
[Epoch 18, Batch   250] avg loss: 0.5688
[Epoch 18, Batch   300] avg loss: 0.5698
Validation loss: 0.6438 (61 batches)
loss_per_epoch_list on epoch 18 is [0.6965162998340169, 0.6550791625116692, 0.644750033245712, 0.6534317106497093, 0.6889395459753568, 0.6696814699251143, 0.6658089874220676, 0.6604336109317717, 0.7049278919814063, 0.6394725182994467, 0.6636925036789941, 0.7439645059773179, 0.6340749004825217, 0.6688487793578476, 0.6566686337111426, 0.7321309242092195, 0.712259370772565, 0.6438049547007827]

Checkpoint saved at /cluster/tufts/capstone25skyblue/eelkus01/NEXRADTurbulencePrediction/model_training/trained_model_outputs/hybrid_42_model_checkpoint.pth for l2_alpha_idx: 2, fold 1, and epoch 18
BEGINNING EPOCH 19
[Epoch 19, Batch    50] avg loss: 0.5623
[Epoch 19, Batch   100] avg loss: 0.5729
[Epoch 19, Batch   150] avg loss: 0.5618
[Epoch 19, Batch   200] avg loss: 0.5765
[Epoch 19, Batch   250] avg loss: 0.5639
[Epoch 19, Batch   300] avg loss: 0.5538
Validation loss: 0.8191 (61 batches)
loss_per_epoch_list on epoch 19 is [0.6965162998340169, 0.6550791625116692, 0.644750033245712, 0.6534317106497093, 0.6889395459753568, 0.6696814699251143, 0.6658089874220676, 0.6604336109317717, 0.7049278919814063, 0.6394725182994467, 0.6636925036789941, 0.7439645059773179, 0.6340749004825217, 0.6688487793578476, 0.6566686337111426, 0.7321309242092195, 0.712259370772565, 0.6438049547007827, 0.8191497384524736]

Checkpoint saved at /cluster/tufts/capstone25skyblue/eelkus01/NEXRADTurbulencePrediction/model_training/trained_model_outputs/hybrid_42_model_checkpoint.pth for l2_alpha_idx: 2, fold 1, and epoch 19
BEGINNING EPOCH 20
[Epoch 20, Batch    50] avg loss: 0.5526
[Epoch 20, Batch   100] avg loss: 0.5536
[Epoch 20, Batch   150] avg loss: 0.5537
[Epoch 20, Batch   200] avg loss: 0.5528
[Epoch 20, Batch   250] avg loss: 0.5522
[Epoch 20, Batch   300] avg loss: 0.5462
Validation loss: 0.7526 (61 batches)
loss_per_epoch_list on epoch 20 is [0.6965162998340169, 0.6550791625116692, 0.644750033245712, 0.6534317106497093, 0.6889395459753568, 0.6696814699251143, 0.6658089874220676, 0.6604336109317717, 0.7049278919814063, 0.6394725182994467, 0.6636925036789941, 0.7439645059773179, 0.6340749004825217, 0.6688487793578476, 0.6566686337111426, 0.7321309242092195, 0.712259370772565, 0.6438049547007827, 0.8191497384524736, 0.7525930179924262]

Checkpoint saved at /cluster/tufts/capstone25skyblue/eelkus01/NEXRADTurbulencePrediction/model_training/trained_model_outputs/hybrid_42_model_checkpoint.pth for l2_alpha_idx: 2, fold 1, and epoch 20
BEGINNING EPOCH 21
[Epoch 21, Batch    50] avg loss: 0.5576
[Epoch 21, Batch   100] avg loss: 0.5450
[Epoch 21, Batch   150] avg loss: 0.5467
[Epoch 21, Batch   200] avg loss: 0.5477
[Epoch 21, Batch   250] avg loss: 0.5312
[Epoch 21, Batch   300] avg loss: 0.5428
Validation loss: 0.8248 (61 batches)
loss_per_epoch_list on epoch 21 is [0.6965162998340169, 0.6550791625116692, 0.644750033245712, 0.6534317106497093, 0.6889395459753568, 0.6696814699251143, 0.6658089874220676, 0.6604336109317717, 0.7049278919814063, 0.6394725182994467, 0.6636925036789941, 0.7439645059773179, 0.6340749004825217, 0.6688487793578476, 0.6566686337111426, 0.7321309242092195, 0.712259370772565, 0.6438049547007827, 0.8191497384524736, 0.7525930179924262, 0.8247947067510887]

Checkpoint saved at /cluster/tufts/capstone25skyblue/eelkus01/NEXRADTurbulencePrediction/model_training/trained_model_outputs/hybrid_42_model_checkpoint.pth for l2_alpha_idx: 2, fold 1, and epoch 21
BEGINNING EPOCH 22
[Epoch 22, Batch    50] avg loss: 0.5368
[Epoch 22, Batch   100] avg loss: 0.5367
[Epoch 22, Batch   150] avg loss: 0.5199
[Epoch 22, Batch   200] avg loss: 0.5098
[Epoch 22, Batch   250] avg loss: 0.5454
[Epoch 22, Batch   300] avg loss: 0.5202
Validation loss: 0.7617 (61 batches)
loss_per_epoch_list on epoch 22 is [0.6965162998340169, 0.6550791625116692, 0.644750033245712, 0.6534317106497093, 0.6889395459753568, 0.6696814699251143, 0.6658089874220676, 0.6604336109317717, 0.7049278919814063, 0.6394725182994467, 0.6636925036789941, 0.7439645059773179, 0.6340749004825217, 0.6688487793578476, 0.6566686337111426, 0.7321309242092195, 0.712259370772565, 0.6438049547007827, 0.8191497384524736, 0.7525930179924262, 0.8247947067510887, 0.7616768225294644]

Checkpoint saved at /cluster/tufts/capstone25skyblue/eelkus01/NEXRADTurbulencePrediction/model_training/trained_model_outputs/hybrid_42_model_checkpoint.pth for l2_alpha_idx: 2, fold 1, and epoch 22
BEGINNING EPOCH 23
[Epoch 23, Batch    50] avg loss: 0.5182
[Epoch 23, Batch   100] avg loss: 0.5158
[Epoch 23, Batch   150] avg loss: 0.5037
[Epoch 23, Batch   200] avg loss: 0.5197
[Epoch 23, Batch   250] avg loss: 0.5275
[Epoch 23, Batch   300] avg loss: 0.5107
Validation loss: 0.8191 (61 batches)
loss_per_epoch_list on epoch 23 is [0.6965162998340169, 0.6550791625116692, 0.644750033245712, 0.6534317106497093, 0.6889395459753568, 0.6696814699251143, 0.6658089874220676, 0.6604336109317717, 0.7049278919814063, 0.6394725182994467, 0.6636925036789941, 0.7439645059773179, 0.6340749004825217, 0.6688487793578476, 0.6566686337111426, 0.7321309242092195, 0.712259370772565, 0.6438049547007827, 0.8191497384524736, 0.7525930179924262, 0.8247947067510887, 0.7616768225294644, 0.8191054062765153]

Checkpoint saved at /cluster/tufts/capstone25skyblue/eelkus01/NEXRADTurbulencePrediction/model_training/trained_model_outputs/hybrid_42_model_checkpoint.pth for l2_alpha_idx: 2, fold 1, and epoch 23
BEGINNING EPOCH 24
[Epoch 24, Batch    50] avg loss: 0.4917
[Epoch 24, Batch   100] avg loss: 0.5199
[Epoch 24, Batch   150] avg loss: 0.5067
[Epoch 24, Batch   200] avg loss: 0.5004
[Epoch 24, Batch   250] avg loss: 0.5149
[Epoch 24, Batch   300] avg loss: 0.5126
Validation loss: 0.7715 (61 batches)
loss_per_epoch_list on epoch 24 is [0.6965162998340169, 0.6550791625116692, 0.644750033245712, 0.6534317106497093, 0.6889395459753568, 0.6696814699251143, 0.6658089874220676, 0.6604336109317717, 0.7049278919814063, 0.6394725182994467, 0.6636925036789941, 0.7439645059773179, 0.6340749004825217, 0.6688487793578476, 0.6566686337111426, 0.7321309242092195, 0.712259370772565, 0.6438049547007827, 0.8191497384524736, 0.7525930179924262, 0.8247947067510887, 0.7616768225294644, 0.8191054062765153, 0.7715179587973923]

Checkpoint saved at /cluster/tufts/capstone25skyblue/eelkus01/NEXRADTurbulencePrediction/model_training/trained_model_outputs/hybrid_42_model_checkpoint.pth for l2_alpha_idx: 2, fold 1, and epoch 24
BEGINNING EPOCH 25
[Epoch 25, Batch    50] avg loss: 0.4991
[Epoch 25, Batch   100] avg loss: 0.4906
[Epoch 25, Batch   150] avg loss: 0.4951
[Epoch 25, Batch   200] avg loss: 0.5014
[Epoch 25, Batch   250] avg loss: 0.5127
[Epoch 25, Batch   300] avg loss: 0.5011
Validation loss: 0.9484 (61 batches)
loss_per_epoch_list on epoch 25 is [0.6965162998340169, 0.6550791625116692, 0.644750033245712, 0.6534317106497093, 0.6889395459753568, 0.6696814699251143, 0.6658089874220676, 0.6604336109317717, 0.7049278919814063, 0.6394725182994467, 0.6636925036789941, 0.7439645059773179, 0.6340749004825217, 0.6688487793578476, 0.6566686337111426, 0.7321309242092195, 0.712259370772565, 0.6438049547007827, 0.8191497384524736, 0.7525930179924262, 0.8247947067510887, 0.7616768225294644, 0.8191054062765153, 0.7715179587973923, 0.9483815060287225]

Checkpoint saved at /cluster/tufts/capstone25skyblue/eelkus01/NEXRADTurbulencePrediction/model_training/trained_model_outputs/hybrid_42_model_checkpoint.pth for l2_alpha_idx: 2, fold 1, and epoch 25
BEGINNING EPOCH 26
[Epoch 26, Batch    50] avg loss: 0.4968
[Epoch 26, Batch   100] avg loss: 0.4804
[Epoch 26, Batch   150] avg loss: 0.4647
[Epoch 26, Batch   200] avg loss: 0.4764
[Epoch 26, Batch   250] avg loss: 0.4544
[Epoch 26, Batch   300] avg loss: 0.4809
Validation loss: 0.7756 (61 batches)
loss_per_epoch_list on epoch 26 is [0.6965162998340169, 0.6550791625116692, 0.644750033245712, 0.6534317106497093, 0.6889395459753568, 0.6696814699251143, 0.6658089874220676, 0.6604336109317717, 0.7049278919814063, 0.6394725182994467, 0.6636925036789941, 0.7439645059773179, 0.6340749004825217, 0.6688487793578476, 0.6566686337111426, 0.7321309242092195, 0.712259370772565, 0.6438049547007827, 0.8191497384524736, 0.7525930179924262, 0.8247947067510887, 0.7616768225294644, 0.8191054062765153, 0.7715179587973923, 0.9483815060287225, 0.7756276150218776]

Checkpoint saved at /cluster/tufts/capstone25skyblue/eelkus01/NEXRADTurbulencePrediction/model_training/trained_model_outputs/hybrid_42_model_checkpoint.pth for l2_alpha_idx: 2, fold 1, and epoch 26
BEGINNING EPOCH 27
[Epoch 27, Batch    50] avg loss: 0.4726
[Epoch 27, Batch   100] avg loss: 0.4661
[Epoch 27, Batch   150] avg loss: 0.4838
[Epoch 27, Batch   200] avg loss: 0.4620
[Epoch 27, Batch   250] avg loss: 0.4671
[Epoch 27, Batch   300] avg loss: 0.4620
Validation loss: 0.9460 (61 batches)
loss_per_epoch_list on epoch 27 is [0.6965162998340169, 0.6550791625116692, 0.644750033245712, 0.6534317106497093, 0.6889395459753568, 0.6696814699251143, 0.6658089874220676, 0.6604336109317717, 0.7049278919814063, 0.6394725182994467, 0.6636925036789941, 0.7439645059773179, 0.6340749004825217, 0.6688487793578476, 0.6566686337111426, 0.7321309242092195, 0.712259370772565, 0.6438049547007827, 0.8191497384524736, 0.7525930179924262, 0.8247947067510887, 0.7616768225294644, 0.8191054062765153, 0.7715179587973923, 0.9483815060287225, 0.7756276150218776, 0.9459989989390138]

Checkpoint saved at /cluster/tufts/capstone25skyblue/eelkus01/NEXRADTurbulencePrediction/model_training/trained_model_outputs/hybrid_42_model_checkpoint.pth for l2_alpha_idx: 2, fold 1, and epoch 27
BEGINNING EPOCH 28
[Epoch 28, Batch    50] avg loss: 0.4548
[Epoch 28, Batch   100] avg loss: 0.4501
[Epoch 28, Batch   150] avg loss: 0.4598
[Epoch 28, Batch   200] avg loss: 0.4475
[Epoch 28, Batch   250] avg loss: 0.4830
[Epoch 28, Batch   300] avg loss: 0.4623
Validation loss: 0.8489 (61 batches)
loss_per_epoch_list on epoch 28 is [0.6965162998340169, 0.6550791625116692, 0.644750033245712, 0.6534317106497093, 0.6889395459753568, 0.6696814699251143, 0.6658089874220676, 0.6604336109317717, 0.7049278919814063, 0.6394725182994467, 0.6636925036789941, 0.7439645059773179, 0.6340749004825217, 0.6688487793578476, 0.6566686337111426, 0.7321309242092195, 0.712259370772565, 0.6438049547007827, 0.8191497384524736, 0.7525930179924262, 0.8247947067510887, 0.7616768225294644, 0.8191054062765153, 0.7715179587973923, 0.9483815060287225, 0.7756276150218776, 0.9459989989390138, 0.8488902117385239]

Checkpoint saved at /cluster/tufts/capstone25skyblue/eelkus01/NEXRADTurbulencePrediction/model_training/trained_model_outputs/hybrid_42_model_checkpoint.pth for l2_alpha_idx: 2, fold 1, and epoch 28
BEGINNING EPOCH 29
[Epoch 29, Batch    50] avg loss: 0.4506
[Epoch 29, Batch   100] avg loss: 0.4536
[Epoch 29, Batch   150] avg loss: 0.4350
[Epoch 29, Batch   200] avg loss: 0.4600
[Epoch 29, Batch   250] avg loss: 0.4444
[Epoch 29, Batch   300] avg loss: 0.4382
Validation loss: 0.9013 (61 batches)
loss_per_epoch_list on epoch 29 is [0.6965162998340169, 0.6550791625116692, 0.644750033245712, 0.6534317106497093, 0.6889395459753568, 0.6696814699251143, 0.6658089874220676, 0.6604336109317717, 0.7049278919814063, 0.6394725182994467, 0.6636925036789941, 0.7439645059773179, 0.6340749004825217, 0.6688487793578476, 0.6566686337111426, 0.7321309242092195, 0.712259370772565, 0.6438049547007827, 0.8191497384524736, 0.7525930179924262, 0.8247947067510887, 0.7616768225294644, 0.8191054062765153, 0.7715179587973923, 0.9483815060287225, 0.7756276150218776, 0.9459989989390138, 0.8488902117385239, 0.9012681397258259]

Checkpoint saved at /cluster/tufts/capstone25skyblue/eelkus01/NEXRADTurbulencePrediction/model_training/trained_model_outputs/hybrid_42_model_checkpoint.pth for l2_alpha_idx: 2, fold 1, and epoch 29
Fold 1 had loss: 0.9012681397258259 on its last epoch

Fold 2 with l2_alpha = 0.001
Train subset size: 19253, Validation subset size: 3851
BEGINNING EPOCH 1
[Epoch 1, Batch    50] avg loss: 8.1990
[Epoch 1, Batch   100] avg loss: 1.3550
[Epoch 1, Batch   150] avg loss: 0.7935
[Epoch 1, Batch   200] avg loss: 0.8153
[Epoch 1, Batch   250] avg loss: 0.8210
[Epoch 1, Batch   300] avg loss: 0.7065
Validation loss: 0.7013 (61 batches)
loss_per_epoch_list on epoch 1 is [0.7012630466554985]

Checkpoint saved at /cluster/tufts/capstone25skyblue/eelkus01/NEXRADTurbulencePrediction/model_training/trained_model_outputs/hybrid_42_model_checkpoint.pth for l2_alpha_idx: 2, fold 2, and epoch 1
BEGINNING EPOCH 2
[Epoch 2, Batch    50] avg loss: 0.7072
[Epoch 2, Batch   100] avg loss: 0.6772
[Epoch 2, Batch   150] avg loss: 0.6814
[Epoch 2, Batch   200] avg loss: 0.6699
[Epoch 2, Batch   250] avg loss: 0.6697
[Epoch 2, Batch   300] avg loss: 0.6691
Validation loss: 0.6625 (61 batches)
loss_per_epoch_list on epoch 2 is [0.7012630466554985, 0.6625252239039687]

Checkpoint saved at /cluster/tufts/capstone25skyblue/eelkus01/NEXRADTurbulencePrediction/model_training/trained_model_outputs/hybrid_42_model_checkpoint.pth for l2_alpha_idx: 2, fold 2, and epoch 2
BEGINNING EPOCH 3
[Epoch 3, Batch    50] avg loss: 0.6672
[Epoch 3, Batch   100] avg loss: 0.6717
[Epoch 3, Batch   150] avg loss: 0.6645
[Epoch 3, Batch   200] avg loss: 0.6581
[Epoch 3, Batch   250] avg loss: 0.6611
[Epoch 3, Batch   300] avg loss: 0.6665
Validation loss: 0.6687 (61 batches)
loss_per_epoch_list on epoch 3 is [0.7012630466554985, 0.6625252239039687, 0.668687846816954]

Checkpoint saved at /cluster/tufts/capstone25skyblue/eelkus01/NEXRADTurbulencePrediction/model_training/trained_model_outputs/hybrid_42_model_checkpoint.pth for l2_alpha_idx: 2, fold 2, and epoch 3
BEGINNING EPOCH 4
[Epoch 4, Batch    50] avg loss: 0.6607
[Epoch 4, Batch   100] avg loss: 0.6590
[Epoch 4, Batch   150] avg loss: 0.6574
[Epoch 4, Batch   200] avg loss: 0.6543
[Epoch 4, Batch   250] avg loss: 0.6524
[Epoch 4, Batch   300] avg loss: 0.6541
Validation loss: 0.6547 (61 batches)
loss_per_epoch_list on epoch 4 is [0.7012630466554985, 0.6625252239039687, 0.668687846816954, 0.65472769248681]

Checkpoint saved at /cluster/tufts/capstone25skyblue/eelkus01/NEXRADTurbulencePrediction/model_training/trained_model_outputs/hybrid_42_model_checkpoint.pth for l2_alpha_idx: 2, fold 2, and epoch 4
BEGINNING EPOCH 5
[Epoch 5, Batch    50] avg loss: 0.6518
[Epoch 5, Batch   100] avg loss: 0.6587
[Epoch 5, Batch   150] avg loss: 0.6597
[Epoch 5, Batch   200] avg loss: 0.6481
[Epoch 5, Batch   250] avg loss: 0.6529
[Epoch 5, Batch   300] avg loss: 0.6590
Validation loss: 0.6452 (61 batches)
loss_per_epoch_list on epoch 5 is [0.7012630466554985, 0.6625252239039687, 0.668687846816954, 0.65472769248681, 0.6451961495837227]

Checkpoint saved at /cluster/tufts/capstone25skyblue/eelkus01/NEXRADTurbulencePrediction/model_training/trained_model_outputs/hybrid_42_model_checkpoint.pth for l2_alpha_idx: 2, fold 2, and epoch 5
BEGINNING EPOCH 6
[Epoch 6, Batch    50] avg loss: 0.6547
[Epoch 6, Batch   100] avg loss: 0.6493
[Epoch 6, Batch   150] avg loss: 0.6457
[Epoch 6, Batch   200] avg loss: 0.6535
[Epoch 6, Batch   250] avg loss: 0.6468
[Epoch 6, Batch   300] avg loss: 0.6490
Validation loss: 0.6558 (61 batches)
loss_per_epoch_list on epoch 6 is [0.7012630466554985, 0.6625252239039687, 0.668687846816954, 0.65472769248681, 0.6451961495837227, 0.6557976789161807]

Checkpoint saved at /cluster/tufts/capstone25skyblue/eelkus01/NEXRADTurbulencePrediction/model_training/trained_model_outputs/hybrid_42_model_checkpoint.pth for l2_alpha_idx: 2, fold 2, and epoch 6
BEGINNING EPOCH 7
[Epoch 7, Batch    50] avg loss: 0.6513
[Epoch 7, Batch   100] avg loss: 0.6498
[Epoch 7, Batch   150] avg loss: 0.6476
[Epoch 7, Batch   200] avg loss: 0.6469
[Epoch 7, Batch   250] avg loss: 0.6437
[Epoch 7, Batch   300] avg loss: 0.6525
Validation loss: 0.6672 (61 batches)
loss_per_epoch_list on epoch 7 is [0.7012630466554985, 0.6625252239039687, 0.668687846816954, 0.65472769248681, 0.6451961495837227, 0.6557976789161807, 0.6671844935808026]

Checkpoint saved at /cluster/tufts/capstone25skyblue/eelkus01/NEXRADTurbulencePrediction/model_training/trained_model_outputs/hybrid_42_model_checkpoint.pth for l2_alpha_idx: 2, fold 2, and epoch 7
BEGINNING EPOCH 8
[Epoch 8, Batch    50] avg loss: 0.6422
[Epoch 8, Batch   100] avg loss: 0.6399
[Epoch 8, Batch   150] avg loss: 0.6455
[Epoch 8, Batch   200] avg loss: 0.6451
[Epoch 8, Batch   250] avg loss: 0.6419
[Epoch 8, Batch   300] avg loss: 0.6403
Validation loss: 0.6775 (61 batches)
loss_per_epoch_list on epoch 8 is [0.7012630466554985, 0.6625252239039687, 0.668687846816954, 0.65472769248681, 0.6451961495837227, 0.6557976789161807, 0.6671844935808026, 0.6774572759378151]

Checkpoint saved at /cluster/tufts/capstone25skyblue/eelkus01/NEXRADTurbulencePrediction/model_training/trained_model_outputs/hybrid_42_model_checkpoint.pth for l2_alpha_idx: 2, fold 2, and epoch 8
BEGINNING EPOCH 9
[Epoch 9, Batch    50] avg loss: 0.6415
[Epoch 9, Batch   100] avg loss: 0.6404
[Epoch 9, Batch   150] avg loss: 0.6433
[Epoch 9, Batch   200] avg loss: 0.6407
[Epoch 9, Batch   250] avg loss: 0.6430
[Epoch 9, Batch   300] avg loss: 0.6389
Validation loss: 0.6249 (61 batches)
loss_per_epoch_list on epoch 9 is [0.7012630466554985, 0.6625252239039687, 0.668687846816954, 0.65472769248681, 0.6451961495837227, 0.6557976789161807, 0.6671844935808026, 0.6774572759378151, 0.6248663986315492]

Checkpoint saved at /cluster/tufts/capstone25skyblue/eelkus01/NEXRADTurbulencePrediction/model_training/trained_model_outputs/hybrid_42_model_checkpoint.pth for l2_alpha_idx: 2, fold 2, and epoch 9
BEGINNING EPOCH 10
[Epoch 10, Batch    50] avg loss: 0.6273
[Epoch 10, Batch   100] avg loss: 0.6425
[Epoch 10, Batch   150] avg loss: 0.6409
[Epoch 10, Batch   200] avg loss: 0.6360
[Epoch 10, Batch   250] avg loss: 0.6401
[Epoch 10, Batch   300] avg loss: 0.6329
Validation loss: 0.6545 (61 batches)
loss_per_epoch_list on epoch 10 is [0.7012630466554985, 0.6625252239039687, 0.668687846816954, 0.65472769248681, 0.6451961495837227, 0.6557976789161807, 0.6671844935808026, 0.6774572759378151, 0.6248663986315492, 0.6545074797067486]

Checkpoint saved at /cluster/tufts/capstone25skyblue/eelkus01/NEXRADTurbulencePrediction/model_training/trained_model_outputs/hybrid_42_model_checkpoint.pth for l2_alpha_idx: 2, fold 2, and epoch 10
BEGINNING EPOCH 11
[Epoch 11, Batch    50] avg loss: 0.6320
[Epoch 11, Batch   100] avg loss: 0.6355
[Epoch 11, Batch   150] avg loss: 0.6290
[Epoch 11, Batch   200] avg loss: 0.6399
[Epoch 11, Batch   250] avg loss: 0.6309
[Epoch 11, Batch   300] avg loss: 0.6324
Validation loss: 0.6643 (61 batches)
loss_per_epoch_list on epoch 11 is [0.7012630466554985, 0.6625252239039687, 0.668687846816954, 0.65472769248681, 0.6451961495837227, 0.6557976789161807, 0.6671844935808026, 0.6774572759378151, 0.6248663986315492, 0.6545074797067486, 0.6642747970878101]

Checkpoint saved at /cluster/tufts/capstone25skyblue/eelkus01/NEXRADTurbulencePrediction/model_training/trained_model_outputs/hybrid_42_model_checkpoint.pth for l2_alpha_idx: 2, fold 2, and epoch 11
BEGINNING EPOCH 12
[Epoch 12, Batch    50] avg loss: 0.6301
[Epoch 12, Batch   100] avg loss: 0.6233
[Epoch 12, Batch   150] avg loss: 0.6374
[Epoch 12, Batch   200] avg loss: 0.6231
[Epoch 12, Batch   250] avg loss: 0.6202
[Epoch 12, Batch   300] avg loss: 0.6139
Validation loss: 0.6132 (61 batches)
loss_per_epoch_list on epoch 12 is [0.7012630466554985, 0.6625252239039687, 0.668687846816954, 0.65472769248681, 0.6451961495837227, 0.6557976789161807, 0.6671844935808026, 0.6774572759378151, 0.6248663986315492, 0.6545074797067486, 0.6642747970878101, 0.6131936634173158]

Checkpoint saved at /cluster/tufts/capstone25skyblue/eelkus01/NEXRADTurbulencePrediction/model_training/trained_model_outputs/hybrid_42_model_checkpoint.pth for l2_alpha_idx: 2, fold 2, and epoch 12
BEGINNING EPOCH 13
[Epoch 13, Batch    50] avg loss: 0.6222
[Epoch 13, Batch   100] avg loss: 0.6158
[Epoch 13, Batch   150] avg loss: 0.6186
[Epoch 13, Batch   200] avg loss: 0.6050
[Epoch 13, Batch   250] avg loss: 0.6173
[Epoch 13, Batch   300] avg loss: 0.6205
Validation loss: 0.7687 (61 batches)
loss_per_epoch_list on epoch 13 is [0.7012630466554985, 0.6625252239039687, 0.668687846816954, 0.65472769248681, 0.6451961495837227, 0.6557976789161807, 0.6671844935808026, 0.6774572759378151, 0.6248663986315492, 0.6545074797067486, 0.6642747970878101, 0.6131936634173158, 0.7687202574776821]

Checkpoint saved at /cluster/tufts/capstone25skyblue/eelkus01/NEXRADTurbulencePrediction/model_training/trained_model_outputs/hybrid_42_model_checkpoint.pth for l2_alpha_idx: 2, fold 2, and epoch 13
BEGINNING EPOCH 14
[Epoch 14, Batch    50] avg loss: 0.6151
[Epoch 14, Batch   100] avg loss: 0.6136
[Epoch 14, Batch   150] avg loss: 0.6071
[Epoch 14, Batch   200] avg loss: 0.6115
[Epoch 14, Batch   250] avg loss: 0.6065
[Epoch 14, Batch   300] avg loss: 0.5941
Validation loss: 0.6410 (61 batches)
loss_per_epoch_list on epoch 14 is [0.7012630466554985, 0.6625252239039687, 0.668687846816954, 0.65472769248681, 0.6451961495837227, 0.6557976789161807, 0.6671844935808026, 0.6774572759378151, 0.6248663986315492, 0.6545074797067486, 0.6642747970878101, 0.6131936634173158, 0.7687202574776821, 0.6410141255034775]

Checkpoint saved at /cluster/tufts/capstone25skyblue/eelkus01/NEXRADTurbulencePrediction/model_training/trained_model_outputs/hybrid_42_model_checkpoint.pth for l2_alpha_idx: 2, fold 2, and epoch 14
BEGINNING EPOCH 15
[Epoch 15, Batch    50] avg loss: 0.6010
[Epoch 15, Batch   100] avg loss: 0.6135
[Epoch 15, Batch   150] avg loss: 0.6025
[Epoch 15, Batch   200] avg loss: 0.5915
[Epoch 15, Batch   250] avg loss: 0.5982
[Epoch 15, Batch   300] avg loss: 0.6026
Validation loss: 0.6378 (61 batches)
loss_per_epoch_list on epoch 15 is [0.7012630466554985, 0.6625252239039687, 0.668687846816954, 0.65472769248681, 0.6451961495837227, 0.6557976789161807, 0.6671844935808026, 0.6774572759378151, 0.6248663986315492, 0.6545074797067486, 0.6642747970878101, 0.6131936634173158, 0.7687202574776821, 0.6410141255034775, 0.6378323787548503]

Checkpoint saved at /cluster/tufts/capstone25skyblue/eelkus01/NEXRADTurbulencePrediction/model_training/trained_model_outputs/hybrid_42_model_checkpoint.pth for l2_alpha_idx: 2, fold 2, and epoch 15
BEGINNING EPOCH 16
[Epoch 16, Batch    50] avg loss: 0.5948
[Epoch 16, Batch   100] avg loss: 0.5817
[Epoch 16, Batch   150] avg loss: 0.6017
[Epoch 16, Batch   200] avg loss: 0.5964
[Epoch 16, Batch   250] avg loss: 0.5973
[Epoch 16, Batch   300] avg loss: 0.5915
Validation loss: 0.6967 (61 batches)
loss_per_epoch_list on epoch 16 is [0.7012630466554985, 0.6625252239039687, 0.668687846816954, 0.65472769248681, 0.6451961495837227, 0.6557976789161807, 0.6671844935808026, 0.6774572759378151, 0.6248663986315492, 0.6545074797067486, 0.6642747970878101, 0.6131936634173158, 0.7687202574776821, 0.6410141255034775, 0.6378323787548503, 0.696727735097291]

Checkpoint saved at /cluster/tufts/capstone25skyblue/eelkus01/NEXRADTurbulencePrediction/model_training/trained_model_outputs/hybrid_42_model_checkpoint.pth for l2_alpha_idx: 2, fold 2, and epoch 16
BEGINNING EPOCH 17
[Epoch 17, Batch    50] avg loss: 0.5748
[Epoch 17, Batch   100] avg loss: 0.5841
[Epoch 17, Batch   150] avg loss: 0.5770
[Epoch 17, Batch   200] avg loss: 0.5673
[Epoch 17, Batch   250] avg loss: 0.5696
[Epoch 17, Batch   300] avg loss: 0.5712
Validation loss: 0.6846 (61 batches)
loss_per_epoch_list on epoch 17 is [0.7012630466554985, 0.6625252239039687, 0.668687846816954, 0.65472769248681, 0.6451961495837227, 0.6557976789161807, 0.6671844935808026, 0.6774572759378151, 0.6248663986315492, 0.6545074797067486, 0.6642747970878101, 0.6131936634173158, 0.7687202574776821, 0.6410141255034775, 0.6378323787548503, 0.696727735097291, 0.6845913045719022]

Checkpoint saved at /cluster/tufts/capstone25skyblue/eelkus01/NEXRADTurbulencePrediction/model_training/trained_model_outputs/hybrid_42_model_checkpoint.pth for l2_alpha_idx: 2, fold 2, and epoch 17
BEGINNING EPOCH 18
[Epoch 18, Batch    50] avg loss: 0.5636
[Epoch 18, Batch   100] avg loss: 0.5834
[Epoch 18, Batch   150] avg loss: 0.5777
[Epoch 18, Batch   200] avg loss: 0.5585
[Epoch 18, Batch   250] avg loss: 0.5609
[Epoch 18, Batch   300] avg loss: 0.5833
Validation loss: 0.6743 (61 batches)
loss_per_epoch_list on epoch 18 is [0.7012630466554985, 0.6625252239039687, 0.668687846816954, 0.65472769248681, 0.6451961495837227, 0.6557976789161807, 0.6671844935808026, 0.6774572759378151, 0.6248663986315492, 0.6545074797067486, 0.6642747970878101, 0.6131936634173158, 0.7687202574776821, 0.6410141255034775, 0.6378323787548503, 0.696727735097291, 0.6845913045719022, 0.6743443002466296]

Checkpoint saved at /cluster/tufts/capstone25skyblue/eelkus01/NEXRADTurbulencePrediction/model_training/trained_model_outputs/hybrid_42_model_checkpoint.pth for l2_alpha_idx: 2, fold 2, and epoch 18
BEGINNING EPOCH 19
[Epoch 19, Batch    50] avg loss: 0.5676
[Epoch 19, Batch   100] avg loss: 0.5556
[Epoch 19, Batch   150] avg loss: 0.5557
[Epoch 19, Batch   200] avg loss: 0.5638
[Epoch 19, Batch   250] avg loss: 0.5404
[Epoch 19, Batch   300] avg loss: 0.5506
Validation loss: 0.7037 (61 batches)
loss_per_epoch_list on epoch 19 is [0.7012630466554985, 0.6625252239039687, 0.668687846816954, 0.65472769248681, 0.6451961495837227, 0.6557976789161807, 0.6671844935808026, 0.6774572759378151, 0.6248663986315492, 0.6545074797067486, 0.6642747970878101, 0.6131936634173158, 0.7687202574776821, 0.6410141255034775, 0.6378323787548503, 0.696727735097291, 0.6845913045719022, 0.6743443002466296, 0.703652703859767]

Checkpoint saved at /cluster/tufts/capstone25skyblue/eelkus01/NEXRADTurbulencePrediction/model_training/trained_model_outputs/hybrid_42_model_checkpoint.pth for l2_alpha_idx: 2, fold 2, and epoch 19
BEGINNING EPOCH 20
[Epoch 20, Batch    50] avg loss: 0.5577
[Epoch 20, Batch   100] avg loss: 0.5633
[Epoch 20, Batch   150] avg loss: 0.5528
[Epoch 20, Batch   200] avg loss: 0.5505
[Epoch 20, Batch   250] avg loss: 0.5433
[Epoch 20, Batch   300] avg loss: 0.5490
Validation loss: 0.7331 (61 batches)
loss_per_epoch_list on epoch 20 is [0.7012630466554985, 0.6625252239039687, 0.668687846816954, 0.65472769248681, 0.6451961495837227, 0.6557976789161807, 0.6671844935808026, 0.6774572759378151, 0.6248663986315492, 0.6545074797067486, 0.6642747970878101, 0.6131936634173158, 0.7687202574776821, 0.6410141255034775, 0.6378323787548503, 0.696727735097291, 0.6845913045719022, 0.6743443002466296, 0.703652703859767, 0.7330877556175482]

Checkpoint saved at /cluster/tufts/capstone25skyblue/eelkus01/NEXRADTurbulencePrediction/model_training/trained_model_outputs/hybrid_42_model_checkpoint.pth for l2_alpha_idx: 2, fold 2, and epoch 20
BEGINNING EPOCH 21
[Epoch 21, Batch    50] avg loss: 0.5420
[Epoch 21, Batch   100] avg loss: 0.5334
[Epoch 21, Batch   150] avg loss: 0.5363
[Epoch 21, Batch   200] avg loss: 0.5322
[Epoch 21, Batch   250] avg loss: 0.5298
[Epoch 21, Batch   300] avg loss: 0.5381
Validation loss: 0.7380 (61 batches)
loss_per_epoch_list on epoch 21 is [0.7012630466554985, 0.6625252239039687, 0.668687846816954, 0.65472769248681, 0.6451961495837227, 0.6557976789161807, 0.6671844935808026, 0.6774572759378151, 0.6248663986315492, 0.6545074797067486, 0.6642747970878101, 0.6131936634173158, 0.7687202574776821, 0.6410141255034775, 0.6378323787548503, 0.696727735097291, 0.6845913045719022, 0.6743443002466296, 0.703652703859767, 0.7330877556175482, 0.7380479261523387]

Checkpoint saved at /cluster/tufts/capstone25skyblue/eelkus01/NEXRADTurbulencePrediction/model_training/trained_model_outputs/hybrid_42_model_checkpoint.pth for l2_alpha_idx: 2, fold 2, and epoch 21
BEGINNING EPOCH 22
[Epoch 22, Batch    50] avg loss: 0.5112
[Epoch 22, Batch   100] avg loss: 0.5206
[Epoch 22, Batch   150] avg loss: 0.5278
[Epoch 22, Batch   200] avg loss: 0.5154
[Epoch 22, Batch   250] avg loss: 0.5234
[Epoch 22, Batch   300] avg loss: 0.5044
Validation loss: 0.7447 (61 batches)
loss_per_epoch_list on epoch 22 is [0.7012630466554985, 0.6625252239039687, 0.668687846816954, 0.65472769248681, 0.6451961495837227, 0.6557976789161807, 0.6671844935808026, 0.6774572759378151, 0.6248663986315492, 0.6545074797067486, 0.6642747970878101, 0.6131936634173158, 0.7687202574776821, 0.6410141255034775, 0.6378323787548503, 0.696727735097291, 0.6845913045719022, 0.6743443002466296, 0.703652703859767, 0.7330877556175482, 0.7380479261523387, 0.7447181265862262]

Checkpoint saved at /cluster/tufts/capstone25skyblue/eelkus01/NEXRADTurbulencePrediction/model_training/trained_model_outputs/hybrid_42_model_checkpoint.pth for l2_alpha_idx: 2, fold 2, and epoch 22
BEGINNING EPOCH 23
[Epoch 23, Batch    50] avg loss: 0.5201
[Epoch 23, Batch   100] avg loss: 0.5062
[Epoch 23, Batch   150] avg loss: 0.5283
[Epoch 23, Batch   200] avg loss: 0.5008
[Epoch 23, Batch   250] avg loss: 0.5144
[Epoch 23, Batch   300] avg loss: 0.5090
Validation loss: 0.8322 (61 batches)
loss_per_epoch_list on epoch 23 is [0.7012630466554985, 0.6625252239039687, 0.668687846816954, 0.65472769248681, 0.6451961495837227, 0.6557976789161807, 0.6671844935808026, 0.6774572759378151, 0.6248663986315492, 0.6545074797067486, 0.6642747970878101, 0.6131936634173158, 0.7687202574776821, 0.6410141255034775, 0.6378323787548503, 0.696727735097291, 0.6845913045719022, 0.6743443002466296, 0.703652703859767, 0.7330877556175482, 0.7380479261523387, 0.7447181265862262, 0.8322066293388116]

Checkpoint saved at /cluster/tufts/capstone25skyblue/eelkus01/NEXRADTurbulencePrediction/model_training/trained_model_outputs/hybrid_42_model_checkpoint.pth for l2_alpha_idx: 2, fold 2, and epoch 23
BEGINNING EPOCH 24
[Epoch 24, Batch    50] avg loss: 0.5110
[Epoch 24, Batch   100] avg loss: 0.4972
[Epoch 24, Batch   150] avg loss: 0.4916
[Epoch 24, Batch   200] avg loss: 0.4849
[Epoch 24, Batch   250] avg loss: 0.5031
[Epoch 24, Batch   300] avg loss: 0.4721
Validation loss: 0.7991 (61 batches)
loss_per_epoch_list on epoch 24 is [0.7012630466554985, 0.6625252239039687, 0.668687846816954, 0.65472769248681, 0.6451961495837227, 0.6557976789161807, 0.6671844935808026, 0.6774572759378151, 0.6248663986315492, 0.6545074797067486, 0.6642747970878101, 0.6131936634173158, 0.7687202574776821, 0.6410141255034775, 0.6378323787548503, 0.696727735097291, 0.6845913045719022, 0.6743443002466296, 0.703652703859767, 0.7330877556175482, 0.7380479261523387, 0.7447181265862262, 0.8322066293388116, 0.7990539582049261]

Checkpoint saved at /cluster/tufts/capstone25skyblue/eelkus01/NEXRADTurbulencePrediction/model_training/trained_model_outputs/hybrid_42_model_checkpoint.pth for l2_alpha_idx: 2, fold 2, and epoch 24
BEGINNING EPOCH 25
[Epoch 25, Batch    50] avg loss: 0.4924
[Epoch 25, Batch   100] avg loss: 0.4918
[Epoch 25, Batch   150] avg loss: 0.4804
[Epoch 25, Batch   200] avg loss: 0.4788
[Epoch 25, Batch   250] avg loss: 0.4856
[Epoch 25, Batch   300] avg loss: 0.4879
Validation loss: 0.8218 (61 batches)
loss_per_epoch_list on epoch 25 is [0.7012630466554985, 0.6625252239039687, 0.668687846816954, 0.65472769248681, 0.6451961495837227, 0.6557976789161807, 0.6671844935808026, 0.6774572759378151, 0.6248663986315492, 0.6545074797067486, 0.6642747970878101, 0.6131936634173158, 0.7687202574776821, 0.6410141255034775, 0.6378323787548503, 0.696727735097291, 0.6845913045719022, 0.6743443002466296, 0.703652703859767, 0.7330877556175482, 0.7380479261523387, 0.7447181265862262, 0.8322066293388116, 0.7990539582049261, 0.821755765891466]

Checkpoint saved at /cluster/tufts/capstone25skyblue/eelkus01/NEXRADTurbulencePrediction/model_training/trained_model_outputs/hybrid_42_model_checkpoint.pth for l2_alpha_idx: 2, fold 2, and epoch 25
BEGINNING EPOCH 26
[Epoch 26, Batch    50] avg loss: 0.4814
[Epoch 26, Batch   100] avg loss: 0.4672
[Epoch 26, Batch   150] avg loss: 0.4694
[Epoch 26, Batch   200] avg loss: 0.4655
[Epoch 26, Batch   250] avg loss: 0.4624
[Epoch 26, Batch   300] avg loss: 0.4605
Validation loss: 0.8350 (61 batches)
loss_per_epoch_list on epoch 26 is [0.7012630466554985, 0.6625252239039687, 0.668687846816954, 0.65472769248681, 0.6451961495837227, 0.6557976789161807, 0.6671844935808026, 0.6774572759378151, 0.6248663986315492, 0.6545074797067486, 0.6642747970878101, 0.6131936634173158, 0.7687202574776821, 0.6410141255034775, 0.6378323787548503, 0.696727735097291, 0.6845913045719022, 0.6743443002466296, 0.703652703859767, 0.7330877556175482, 0.7380479261523387, 0.7447181265862262, 0.8322066293388116, 0.7990539582049261, 0.821755765891466, 0.8349985118772163]

Checkpoint saved at /cluster/tufts/capstone25skyblue/eelkus01/NEXRADTurbulencePrediction/model_training/trained_model_outputs/hybrid_42_model_checkpoint.pth for l2_alpha_idx: 2, fold 2, and epoch 26
BEGINNING EPOCH 27
[Epoch 27, Batch    50] avg loss: 0.4603
[Epoch 27, Batch   100] avg loss: 0.4694
[Epoch 27, Batch   150] avg loss: 0.4682
[Epoch 27, Batch   200] avg loss: 0.4675
[Epoch 27, Batch   250] avg loss: 0.4642
[Epoch 27, Batch   300] avg loss: 0.4716
Validation loss: 0.7841 (61 batches)
loss_per_epoch_list on epoch 27 is [0.7012630466554985, 0.6625252239039687, 0.668687846816954, 0.65472769248681, 0.6451961495837227, 0.6557976789161807, 0.6671844935808026, 0.6774572759378151, 0.6248663986315492, 0.6545074797067486, 0.6642747970878101, 0.6131936634173158, 0.7687202574776821, 0.6410141255034775, 0.6378323787548503, 0.696727735097291, 0.6845913045719022, 0.6743443002466296, 0.703652703859767, 0.7330877556175482, 0.7380479261523387, 0.7447181265862262, 0.8322066293388116, 0.7990539582049261, 0.821755765891466, 0.8349985118772163, 0.7840605915569868]

Checkpoint saved at /cluster/tufts/capstone25skyblue/eelkus01/NEXRADTurbulencePrediction/model_training/trained_model_outputs/hybrid_42_model_checkpoint.pth for l2_alpha_idx: 2, fold 2, and epoch 27
BEGINNING EPOCH 28
[Epoch 28, Batch    50] avg loss: 0.4396
[Epoch 28, Batch   100] avg loss: 0.4442
[Epoch 28, Batch   150] avg loss: 0.4551
[Epoch 28, Batch   200] avg loss: 0.4420
[Epoch 28, Batch   250] avg loss: 0.4692
[Epoch 28, Batch   300] avg loss: 0.4641
Validation loss: 0.9013 (61 batches)
loss_per_epoch_list on epoch 28 is [0.7012630466554985, 0.6625252239039687, 0.668687846816954, 0.65472769248681, 0.6451961495837227, 0.6557976789161807, 0.6671844935808026, 0.6774572759378151, 0.6248663986315492, 0.6545074797067486, 0.6642747970878101, 0.6131936634173158, 0.7687202574776821, 0.6410141255034775, 0.6378323787548503, 0.696727735097291, 0.6845913045719022, 0.6743443002466296, 0.703652703859767, 0.7330877556175482, 0.7380479261523387, 0.7447181265862262, 0.8322066293388116, 0.7990539582049261, 0.821755765891466, 0.8349985118772163, 0.7840605915569868, 0.9013123702807505]

Checkpoint saved at /cluster/tufts/capstone25skyblue/eelkus01/NEXRADTurbulencePrediction/model_training/trained_model_outputs/hybrid_42_model_checkpoint.pth for l2_alpha_idx: 2, fold 2, and epoch 28
BEGINNING EPOCH 29
[Epoch 29, Batch    50] avg loss: 0.4503
[Epoch 29, Batch   100] avg loss: 0.4284
[Epoch 29, Batch   150] avg loss: 0.4414
[Epoch 29, Batch   200] avg loss: 0.4235
[Epoch 29, Batch   250] avg loss: 0.4297
[Epoch 29, Batch   300] avg loss: 0.4272
Validation loss: 0.8570 (61 batches)
loss_per_epoch_list on epoch 29 is [0.7012630466554985, 0.6625252239039687, 0.668687846816954, 0.65472769248681, 0.6451961495837227, 0.6557976789161807, 0.6671844935808026, 0.6774572759378151, 0.6248663986315492, 0.6545074797067486, 0.6642747970878101, 0.6131936634173158, 0.7687202574776821, 0.6410141255034775, 0.6378323787548503, 0.696727735097291, 0.6845913045719022, 0.6743443002466296, 0.703652703859767, 0.7330877556175482, 0.7380479261523387, 0.7447181265862262, 0.8322066293388116, 0.7990539582049261, 0.821755765891466, 0.8349985118772163, 0.7840605915569868, 0.9013123702807505, 0.857001540113668]

Checkpoint saved at /cluster/tufts/capstone25skyblue/eelkus01/NEXRADTurbulencePrediction/model_training/trained_model_outputs/hybrid_42_model_checkpoint.pth for l2_alpha_idx: 2, fold 2, and epoch 29
Fold 2 had loss: 0.857001540113668 on its last epoch

Fold 3 with l2_alpha = 0.001
Train subset size: 19253, Validation subset size: 3851
BEGINNING EPOCH 1
[Epoch 1, Batch    50] avg loss: 4.5294
[Epoch 1, Batch   100] avg loss: 1.1219
[Epoch 1, Batch   150] avg loss: 0.7616
[Epoch 1, Batch   200] avg loss: 0.7606
[Epoch 1, Batch   250] avg loss: 0.7041
[Epoch 1, Batch   300] avg loss: 0.7306
Validation loss: 0.7093 (61 batches)
loss_per_epoch_list on epoch 1 is [0.7093408479065192]

Checkpoint saved at /cluster/tufts/capstone25skyblue/eelkus01/NEXRADTurbulencePrediction/model_training/trained_model_outputs/hybrid_42_model_checkpoint.pth for l2_alpha_idx: 2, fold 3, and epoch 1
BEGINNING EPOCH 2
[Epoch 2, Batch    50] avg loss: 0.7090
[Epoch 2, Batch   100] avg loss: 0.7285
[Epoch 2, Batch   150] avg loss: 0.7018
[Epoch 2, Batch   200] avg loss: 0.7032
[Epoch 2, Batch   250] avg loss: 0.7089
[Epoch 2, Batch   300] avg loss: 0.6961
Validation loss: 0.6800 (61 batches)
loss_per_epoch_list on epoch 2 is [0.7093408479065192, 0.6799934887495197]

Checkpoint saved at /cluster/tufts/capstone25skyblue/eelkus01/NEXRADTurbulencePrediction/model_training/trained_model_outputs/hybrid_42_model_checkpoint.pth for l2_alpha_idx: 2, fold 3, and epoch 2
BEGINNING EPOCH 3
[Epoch 3, Batch    50] avg loss: 0.6906
[Epoch 3, Batch   100] avg loss: 0.6938
[Epoch 3, Batch   150] avg loss: 0.6846
[Epoch 3, Batch   200] avg loss: 0.6870
[Epoch 3, Batch   250] avg loss: 0.6766
[Epoch 3, Batch   300] avg loss: 0.6700
Validation loss: 0.6389 (61 batches)
loss_per_epoch_list on epoch 3 is [0.7093408479065192, 0.6799934887495197, 0.6389132493832073]

Checkpoint saved at /cluster/tufts/capstone25skyblue/eelkus01/NEXRADTurbulencePrediction/model_training/trained_model_outputs/hybrid_42_model_checkpoint.pth for l2_alpha_idx: 2, fold 3, and epoch 3
BEGINNING EPOCH 4
[Epoch 4, Batch    50] avg loss: 0.6770
[Epoch 4, Batch   100] avg loss: 0.6709
[Epoch 4, Batch   150] avg loss: 0.6599
[Epoch 4, Batch   200] avg loss: 0.6566
[Epoch 4, Batch   250] avg loss: 0.6613
[Epoch 4, Batch   300] avg loss: 0.6687
Validation loss: 0.6715 (61 batches)
loss_per_epoch_list on epoch 4 is [0.7093408479065192, 0.6799934887495197, 0.6389132493832073, 0.6715179691549207]

Checkpoint saved at /cluster/tufts/capstone25skyblue/eelkus01/NEXRADTurbulencePrediction/model_training/trained_model_outputs/hybrid_42_model_checkpoint.pth for l2_alpha_idx: 2, fold 3, and epoch 4
BEGINNING EPOCH 5
[Epoch 5, Batch    50] avg loss: 0.6630
[Epoch 5, Batch   100] avg loss: 0.6648
[Epoch 5, Batch   150] avg loss: 0.6607
[Epoch 5, Batch   200] avg loss: 0.6610
[Epoch 5, Batch   250] avg loss: 0.6536
[Epoch 5, Batch   300] avg loss: 0.6691
Validation loss: 0.6756 (61 batches)
loss_per_epoch_list on epoch 5 is [0.7093408479065192, 0.6799934887495197, 0.6389132493832073, 0.6715179691549207, 0.6755862353277988]

Checkpoint saved at /cluster/tufts/capstone25skyblue/eelkus01/NEXRADTurbulencePrediction/model_training/trained_model_outputs/hybrid_42_model_checkpoint.pth for l2_alpha_idx: 2, fold 3, and epoch 5
BEGINNING EPOCH 6
[Epoch 6, Batch    50] avg loss: 0.6730
[Epoch 6, Batch   100] avg loss: 0.6601
[Epoch 6, Batch   150] avg loss: 0.6580
[Epoch 6, Batch   200] avg loss: 0.6586
[Epoch 6, Batch   250] avg loss: 0.6555
[Epoch 6, Batch   300] avg loss: 0.6468
Validation loss: 0.6259 (61 batches)
loss_per_epoch_list on epoch 6 is [0.7093408479065192, 0.6799934887495197, 0.6389132493832073, 0.6715179691549207, 0.6755862353277988, 0.6258791255169227]

Checkpoint saved at /cluster/tufts/capstone25skyblue/eelkus01/NEXRADTurbulencePrediction/model_training/trained_model_outputs/hybrid_42_model_checkpoint.pth for l2_alpha_idx: 2, fold 3, and epoch 6
BEGINNING EPOCH 7
[Epoch 7, Batch    50] avg loss: 0.6563
[Epoch 7, Batch   100] avg loss: 0.6549
[Epoch 7, Batch   150] avg loss: 0.6521
[Epoch 7, Batch   200] avg loss: 0.6605
[Epoch 7, Batch   250] avg loss: 0.6585
[Epoch 7, Batch   300] avg loss: 0.6386
Validation loss: 0.6486 (61 batches)
loss_per_epoch_list on epoch 7 is [0.7093408479065192, 0.6799934887495197, 0.6389132493832073, 0.6715179691549207, 0.6755862353277988, 0.6258791255169227, 0.6485792730675369]

Checkpoint saved at /cluster/tufts/capstone25skyblue/eelkus01/NEXRADTurbulencePrediction/model_training/trained_model_outputs/hybrid_42_model_checkpoint.pth for l2_alpha_idx: 2, fold 3, and epoch 7
BEGINNING EPOCH 8
[Epoch 8, Batch    50] avg loss: 0.6492
[Epoch 8, Batch   100] avg loss: 0.6464
[Epoch 8, Batch   150] avg loss: 0.6521
[Epoch 8, Batch   200] avg loss: 0.6500
[Epoch 8, Batch   250] avg loss: 0.6523
[Epoch 8, Batch   300] avg loss: 0.6490
Validation loss: 0.6947 (61 batches)
loss_per_epoch_list on epoch 8 is [0.7093408479065192, 0.6799934887495197, 0.6389132493832073, 0.6715179691549207, 0.6755862353277988, 0.6258791255169227, 0.6485792730675369, 0.6946559411580445]

Checkpoint saved at /cluster/tufts/capstone25skyblue/eelkus01/NEXRADTurbulencePrediction/model_training/trained_model_outputs/hybrid_42_model_checkpoint.pth for l2_alpha_idx: 2, fold 3, and epoch 8
BEGINNING EPOCH 9
[Epoch 9, Batch    50] avg loss: 0.6492
[Epoch 9, Batch   100] avg loss: 0.6442
[Epoch 9, Batch   150] avg loss: 0.6305
[Epoch 9, Batch   200] avg loss: 0.6585
[Epoch 9, Batch   250] avg loss: 0.6350
[Epoch 9, Batch   300] avg loss: 0.6382
Validation loss: 0.6503 (61 batches)
loss_per_epoch_list on epoch 9 is [0.7093408479065192, 0.6799934887495197, 0.6389132493832073, 0.6715179691549207, 0.6755862353277988, 0.6258791255169227, 0.6485792730675369, 0.6946559411580445, 0.6503057274662081]

Checkpoint saved at /cluster/tufts/capstone25skyblue/eelkus01/NEXRADTurbulencePrediction/model_training/trained_model_outputs/hybrid_42_model_checkpoint.pth for l2_alpha_idx: 2, fold 3, and epoch 9
BEGINNING EPOCH 10
[Epoch 10, Batch    50] avg loss: 0.6449
[Epoch 10, Batch   100] avg loss: 0.6483
[Epoch 10, Batch   150] avg loss: 0.6308
[Epoch 10, Batch   200] avg loss: 0.6306
[Epoch 10, Batch   250] avg loss: 0.6372
[Epoch 10, Batch   300] avg loss: 0.6404
Validation loss: 0.6490 (61 batches)
loss_per_epoch_list on epoch 10 is [0.7093408479065192, 0.6799934887495197, 0.6389132493832073, 0.6715179691549207, 0.6755862353277988, 0.6258791255169227, 0.6485792730675369, 0.6946559411580445, 0.6503057274662081, 0.6490059749024814]

Checkpoint saved at /cluster/tufts/capstone25skyblue/eelkus01/NEXRADTurbulencePrediction/model_training/trained_model_outputs/hybrid_42_model_checkpoint.pth for l2_alpha_idx: 2, fold 3, and epoch 10
BEGINNING EPOCH 11
[Epoch 11, Batch    50] avg loss: 0.6416
[Epoch 11, Batch   100] avg loss: 0.6262
[Epoch 11, Batch   150] avg loss: 0.6368
[Epoch 11, Batch   200] avg loss: 0.6266
[Epoch 11, Batch   250] avg loss: 0.6352
[Epoch 11, Batch   300] avg loss: 0.6190
Validation loss: 0.6610 (61 batches)
loss_per_epoch_list on epoch 11 is [0.7093408479065192, 0.6799934887495197, 0.6389132493832073, 0.6715179691549207, 0.6755862353277988, 0.6258791255169227, 0.6485792730675369, 0.6946559411580445, 0.6503057274662081, 0.6490059749024814, 0.6609937832003734]

Checkpoint saved at /cluster/tufts/capstone25skyblue/eelkus01/NEXRADTurbulencePrediction/model_training/trained_model_outputs/hybrid_42_model_checkpoint.pth for l2_alpha_idx: 2, fold 3, and epoch 11
BEGINNING EPOCH 12
[Epoch 12, Batch    50] avg loss: 0.6280
[Epoch 12, Batch   100] avg loss: 0.6292
[Epoch 12, Batch   150] avg loss: 0.6259
[Epoch 12, Batch   200] avg loss: 0.6153
[Epoch 12, Batch   250] avg loss: 0.6288
[Epoch 12, Batch   300] avg loss: 0.6257
Validation loss: 0.7642 (61 batches)
loss_per_epoch_list on epoch 12 is [0.7093408479065192, 0.6799934887495197, 0.6389132493832073, 0.6715179691549207, 0.6755862353277988, 0.6258791255169227, 0.6485792730675369, 0.6946559411580445, 0.6503057274662081, 0.6490059749024814, 0.6609937832003734, 0.7641774904532511]

Checkpoint saved at /cluster/tufts/capstone25skyblue/eelkus01/NEXRADTurbulencePrediction/model_training/trained_model_outputs/hybrid_42_model_checkpoint.pth for l2_alpha_idx: 2, fold 3, and epoch 12
BEGINNING EPOCH 13
[Epoch 13, Batch    50] avg loss: 0.6313
[Epoch 13, Batch   100] avg loss: 0.6326
[Epoch 13, Batch   150] avg loss: 0.6231
[Epoch 13, Batch   200] avg loss: 0.6293
[Epoch 13, Batch   250] avg loss: 0.6164
[Epoch 13, Batch   300] avg loss: 0.6154
Validation loss: 0.6511 (61 batches)
loss_per_epoch_list on epoch 13 is [0.7093408479065192, 0.6799934887495197, 0.6389132493832073, 0.6715179691549207, 0.6755862353277988, 0.6258791255169227, 0.6485792730675369, 0.6946559411580445, 0.6503057274662081, 0.6490059749024814, 0.6609937832003734, 0.7641774904532511, 0.6510974159006213]

Checkpoint saved at /cluster/tufts/capstone25skyblue/eelkus01/NEXRADTurbulencePrediction/model_training/trained_model_outputs/hybrid_42_model_checkpoint.pth for l2_alpha_idx: 2, fold 3, and epoch 13
BEGINNING EPOCH 14
[Epoch 14, Batch    50] avg loss: 0.6207
[Epoch 14, Batch   100] avg loss: 0.6160
[Epoch 14, Batch   150] avg loss: 0.6272
[Epoch 14, Batch   200] avg loss: 0.6129
[Epoch 14, Batch   250] avg loss: 0.6129
[Epoch 14, Batch   300] avg loss: 0.6088
Validation loss: 0.6283 (61 batches)
loss_per_epoch_list on epoch 14 is [0.7093408479065192, 0.6799934887495197, 0.6389132493832073, 0.6715179691549207, 0.6755862353277988, 0.6258791255169227, 0.6485792730675369, 0.6946559411580445, 0.6503057274662081, 0.6490059749024814, 0.6609937832003734, 0.7641774904532511, 0.6510974159006213, 0.628280189193663]

Checkpoint saved at /cluster/tufts/capstone25skyblue/eelkus01/NEXRADTurbulencePrediction/model_training/trained_model_outputs/hybrid_42_model_checkpoint.pth for l2_alpha_idx: 2, fold 3, and epoch 14
BEGINNING EPOCH 15
[Epoch 15, Batch    50] avg loss: 0.6283
[Epoch 15, Batch   100] avg loss: 0.6116
[Epoch 15, Batch   150] avg loss: 0.6131
[Epoch 15, Batch   200] avg loss: 0.6095
[Epoch 15, Batch   250] avg loss: 0.6004
[Epoch 15, Batch   300] avg loss: 0.6082
Validation loss: 0.8546 (61 batches)
loss_per_epoch_list on epoch 15 is [0.7093408479065192, 0.6799934887495197, 0.6389132493832073, 0.6715179691549207, 0.6755862353277988, 0.6258791255169227, 0.6485792730675369, 0.6946559411580445, 0.6503057274662081, 0.6490059749024814, 0.6609937832003734, 0.7641774904532511, 0.6510974159006213, 0.628280189193663, 0.8546140174396702]

Checkpoint saved at /cluster/tufts/capstone25skyblue/eelkus01/NEXRADTurbulencePrediction/model_training/trained_model_outputs/hybrid_42_model_checkpoint.pth for l2_alpha_idx: 2, fold 3, and epoch 15
BEGINNING EPOCH 16
[Epoch 16, Batch    50] avg loss: 0.6076
[Epoch 16, Batch   100] avg loss: 0.6095
[Epoch 16, Batch   150] avg loss: 0.6074
[Epoch 16, Batch   200] avg loss: 0.6102
[Epoch 16, Batch   250] avg loss: 0.6012
[Epoch 16, Batch   300] avg loss: 0.6057
Validation loss: 0.8416 (61 batches)
loss_per_epoch_list on epoch 16 is [0.7093408479065192, 0.6799934887495197, 0.6389132493832073, 0.6715179691549207, 0.6755862353277988, 0.6258791255169227, 0.6485792730675369, 0.6946559411580445, 0.6503057274662081, 0.6490059749024814, 0.6609937832003734, 0.7641774904532511, 0.6510974159006213, 0.628280189193663, 0.8546140174396702, 0.8415532835194321]

Checkpoint saved at /cluster/tufts/capstone25skyblue/eelkus01/NEXRADTurbulencePrediction/model_training/trained_model_outputs/hybrid_42_model_checkpoint.pth for l2_alpha_idx: 2, fold 3, and epoch 16
BEGINNING EPOCH 17
[Epoch 17, Batch    50] avg loss: 0.5974
[Epoch 17, Batch   100] avg loss: 0.5966
[Epoch 17, Batch   150] avg loss: 0.5993
[Epoch 17, Batch   200] avg loss: 0.5783
[Epoch 17, Batch   250] avg loss: 0.5961
[Epoch 17, Batch   300] avg loss: 0.5849
Validation loss: 0.6243 (61 batches)
loss_per_epoch_list on epoch 17 is [0.7093408479065192, 0.6799934887495197, 0.6389132493832073, 0.6715179691549207, 0.6755862353277988, 0.6258791255169227, 0.6485792730675369, 0.6946559411580445, 0.6503057274662081, 0.6490059749024814, 0.6609937832003734, 0.7641774904532511, 0.6510974159006213, 0.628280189193663, 0.8546140174396702, 0.8415532835194321, 0.6243278618718757]

Checkpoint saved at /cluster/tufts/capstone25skyblue/eelkus01/NEXRADTurbulencePrediction/model_training/trained_model_outputs/hybrid_42_model_checkpoint.pth for l2_alpha_idx: 2, fold 3, and epoch 17
BEGINNING EPOCH 18
[Epoch 18, Batch    50] avg loss: 0.5946
[Epoch 18, Batch   100] avg loss: 0.5766
[Epoch 18, Batch   150] avg loss: 0.5933
[Epoch 18, Batch   200] avg loss: 0.5676
[Epoch 18, Batch   250] avg loss: 0.5751
[Epoch 18, Batch   300] avg loss: 0.5868
Validation loss: 0.6594 (61 batches)
loss_per_epoch_list on epoch 18 is [0.7093408479065192, 0.6799934887495197, 0.6389132493832073, 0.6715179691549207, 0.6755862353277988, 0.6258791255169227, 0.6485792730675369, 0.6946559411580445, 0.6503057274662081, 0.6490059749024814, 0.6609937832003734, 0.7641774904532511, 0.6510974159006213, 0.628280189193663, 0.8546140174396702, 0.8415532835194321, 0.6243278618718757, 0.6593691994909381]

Checkpoint saved at /cluster/tufts/capstone25skyblue/eelkus01/NEXRADTurbulencePrediction/model_training/trained_model_outputs/hybrid_42_model_checkpoint.pth for l2_alpha_idx: 2, fold 3, and epoch 18
BEGINNING EPOCH 19
[Epoch 19, Batch    50] avg loss: 0.5813
[Epoch 19, Batch   100] avg loss: 0.5760
[Epoch 19, Batch   150] avg loss: 0.5839
[Epoch 19, Batch   200] avg loss: 0.5780
[Epoch 19, Batch   250] avg loss: 0.5753
[Epoch 19, Batch   300] avg loss: 0.5922
Validation loss: 0.7365 (61 batches)
loss_per_epoch_list on epoch 19 is [0.7093408479065192, 0.6799934887495197, 0.6389132493832073, 0.6715179691549207, 0.6755862353277988, 0.6258791255169227, 0.6485792730675369, 0.6946559411580445, 0.6503057274662081, 0.6490059749024814, 0.6609937832003734, 0.7641774904532511, 0.6510974159006213, 0.628280189193663, 0.8546140174396702, 0.8415532835194321, 0.6243278618718757, 0.6593691994909381, 0.7365392602857996]

Checkpoint saved at /cluster/tufts/capstone25skyblue/eelkus01/NEXRADTurbulencePrediction/model_training/trained_model_outputs/hybrid_42_model_checkpoint.pth for l2_alpha_idx: 2, fold 3, and epoch 19
BEGINNING EPOCH 20
[Epoch 20, Batch    50] avg loss: 0.5775
[Epoch 20, Batch   100] avg loss: 0.5619
[Epoch 20, Batch   150] avg loss: 0.5561
[Epoch 20, Batch   200] avg loss: 0.5788
[Epoch 20, Batch   250] avg loss: 0.5525
[Epoch 20, Batch   300] avg loss: 0.5500
Validation loss: 0.6480 (61 batches)
loss_per_epoch_list on epoch 20 is [0.7093408479065192, 0.6799934887495197, 0.6389132493832073, 0.6715179691549207, 0.6755862353277988, 0.6258791255169227, 0.6485792730675369, 0.6946559411580445, 0.6503057274662081, 0.6490059749024814, 0.6609937832003734, 0.7641774904532511, 0.6510974159006213, 0.628280189193663, 0.8546140174396702, 0.8415532835194321, 0.6243278618718757, 0.6593691994909381, 0.7365392602857996, 0.6479632659036605]

Checkpoint saved at /cluster/tufts/capstone25skyblue/eelkus01/NEXRADTurbulencePrediction/model_training/trained_model_outputs/hybrid_42_model_checkpoint.pth for l2_alpha_idx: 2, fold 3, and epoch 20
BEGINNING EPOCH 21
[Epoch 21, Batch    50] avg loss: 0.5555
[Epoch 21, Batch   100] avg loss: 0.5527
[Epoch 21, Batch   150] avg loss: 0.5447
[Epoch 21, Batch   200] avg loss: 0.5468
[Epoch 21, Batch   250] avg loss: 0.5536
[Epoch 21, Batch   300] avg loss: 0.5515
Validation loss: 0.6826 (61 batches)
loss_per_epoch_list on epoch 21 is [0.7093408479065192, 0.6799934887495197, 0.6389132493832073, 0.6715179691549207, 0.6755862353277988, 0.6258791255169227, 0.6485792730675369, 0.6946559411580445, 0.6503057274662081, 0.6490059749024814, 0.6609937832003734, 0.7641774904532511, 0.6510974159006213, 0.628280189193663, 0.8546140174396702, 0.8415532835194321, 0.6243278618718757, 0.6593691994909381, 0.7365392602857996, 0.6479632659036605, 0.6825879602158655]

Checkpoint saved at /cluster/tufts/capstone25skyblue/eelkus01/NEXRADTurbulencePrediction/model_training/trained_model_outputs/hybrid_42_model_checkpoint.pth for l2_alpha_idx: 2, fold 3, and epoch 21
BEGINNING EPOCH 22
[Epoch 22, Batch    50] avg loss: 0.5426
[Epoch 22, Batch   100] avg loss: 0.5430
[Epoch 22, Batch   150] avg loss: 0.5378
[Epoch 22, Batch   200] avg loss: 0.5571
[Epoch 22, Batch   250] avg loss: 0.5927
[Epoch 22, Batch   300] avg loss: 0.5401
Validation loss: 0.6823 (61 batches)
loss_per_epoch_list on epoch 22 is [0.7093408479065192, 0.6799934887495197, 0.6389132493832073, 0.6715179691549207, 0.6755862353277988, 0.6258791255169227, 0.6485792730675369, 0.6946559411580445, 0.6503057274662081, 0.6490059749024814, 0.6609937832003734, 0.7641774904532511, 0.6510974159006213, 0.628280189193663, 0.8546140174396702, 0.8415532835194321, 0.6243278618718757, 0.6593691994909381, 0.7365392602857996, 0.6479632659036605, 0.6825879602158655, 0.682294706340696]

Checkpoint saved at /cluster/tufts/capstone25skyblue/eelkus01/NEXRADTurbulencePrediction/model_training/trained_model_outputs/hybrid_42_model_checkpoint.pth for l2_alpha_idx: 2, fold 3, and epoch 22
BEGINNING EPOCH 23
[Epoch 23, Batch    50] avg loss: 0.5333
[Epoch 23, Batch   100] avg loss: 0.5327
[Epoch 23, Batch   150] avg loss: 0.5433
[Epoch 23, Batch   200] avg loss: 0.5194
[Epoch 23, Batch   250] avg loss: 0.5281
[Epoch 23, Batch   300] avg loss: 0.5320
Validation loss: 0.6910 (61 batches)
loss_per_epoch_list on epoch 23 is [0.7093408479065192, 0.6799934887495197, 0.6389132493832073, 0.6715179691549207, 0.6755862353277988, 0.6258791255169227, 0.6485792730675369, 0.6946559411580445, 0.6503057274662081, 0.6490059749024814, 0.6609937832003734, 0.7641774904532511, 0.6510974159006213, 0.628280189193663, 0.8546140174396702, 0.8415532835194321, 0.6243278618718757, 0.6593691994909381, 0.7365392602857996, 0.6479632659036605, 0.6825879602158655, 0.682294706340696, 0.6910029571564471]

Checkpoint saved at /cluster/tufts/capstone25skyblue/eelkus01/NEXRADTurbulencePrediction/model_training/trained_model_outputs/hybrid_42_model_checkpoint.pth for l2_alpha_idx: 2, fold 3, and epoch 23
BEGINNING EPOCH 24
[Epoch 24, Batch    50] avg loss: 0.5200
[Epoch 24, Batch   100] avg loss: 0.5292
[Epoch 24, Batch   150] avg loss: 0.5389
[Epoch 24, Batch   200] avg loss: 0.5082
[Epoch 24, Batch   250] avg loss: 0.5151
[Epoch 24, Batch   300] avg loss: 0.5108
Validation loss: 0.6947 (61 batches)
loss_per_epoch_list on epoch 24 is [0.7093408479065192, 0.6799934887495197, 0.6389132493832073, 0.6715179691549207, 0.6755862353277988, 0.6258791255169227, 0.6485792730675369, 0.6946559411580445, 0.6503057274662081, 0.6490059749024814, 0.6609937832003734, 0.7641774904532511, 0.6510974159006213, 0.628280189193663, 0.8546140174396702, 0.8415532835194321, 0.6243278618718757, 0.6593691994909381, 0.7365392602857996, 0.6479632659036605, 0.6825879602158655, 0.682294706340696, 0.6910029571564471, 0.6947237477927911]

Checkpoint saved at /cluster/tufts/capstone25skyblue/eelkus01/NEXRADTurbulencePrediction/model_training/trained_model_outputs/hybrid_42_model_checkpoint.pth for l2_alpha_idx: 2, fold 3, and epoch 24
BEGINNING EPOCH 25
[Epoch 25, Batch    50] avg loss: 0.4975
[Epoch 25, Batch   100] avg loss: 0.5010
[Epoch 25, Batch   150] avg loss: 0.5133
[Epoch 25, Batch   200] avg loss: 0.4882
[Epoch 25, Batch   250] avg loss: 0.5109
[Epoch 25, Batch   300] avg loss: 0.5003
Validation loss: 0.9574 (61 batches)
loss_per_epoch_list on epoch 25 is [0.7093408479065192, 0.6799934887495197, 0.6389132493832073, 0.6715179691549207, 0.6755862353277988, 0.6258791255169227, 0.6485792730675369, 0.6946559411580445, 0.6503057274662081, 0.6490059749024814, 0.6609937832003734, 0.7641774904532511, 0.6510974159006213, 0.628280189193663, 0.8546140174396702, 0.8415532835194321, 0.6243278618718757, 0.6593691994909381, 0.7365392602857996, 0.6479632659036605, 0.6825879602158655, 0.682294706340696, 0.6910029571564471, 0.6947237477927911, 0.9573822021484375]

Checkpoint saved at /cluster/tufts/capstone25skyblue/eelkus01/NEXRADTurbulencePrediction/model_training/trained_model_outputs/hybrid_42_model_checkpoint.pth for l2_alpha_idx: 2, fold 3, and epoch 25
BEGINNING EPOCH 26
[Epoch 26, Batch    50] avg loss: 0.5220
[Epoch 26, Batch   100] avg loss: 0.5635
[Epoch 26, Batch   150] avg loss: 0.6012
[Epoch 26, Batch   200] avg loss: 0.4909
[Epoch 26, Batch   250] avg loss: 0.4938
[Epoch 26, Batch   300] avg loss: 0.4870
Validation loss: 0.7736 (61 batches)
loss_per_epoch_list on epoch 26 is [0.7093408479065192, 0.6799934887495197, 0.6389132493832073, 0.6715179691549207, 0.6755862353277988, 0.6258791255169227, 0.6485792730675369, 0.6946559411580445, 0.6503057274662081, 0.6490059749024814, 0.6609937832003734, 0.7641774904532511, 0.6510974159006213, 0.628280189193663, 0.8546140174396702, 0.8415532835194321, 0.6243278618718757, 0.6593691994909381, 0.7365392602857996, 0.6479632659036605, 0.6825879602158655, 0.682294706340696, 0.6910029571564471, 0.6947237477927911, 0.9573822021484375, 0.7736139483139163]

Checkpoint saved at /cluster/tufts/capstone25skyblue/eelkus01/NEXRADTurbulencePrediction/model_training/trained_model_outputs/hybrid_42_model_checkpoint.pth for l2_alpha_idx: 2, fold 3, and epoch 26
BEGINNING EPOCH 27
[Epoch 27, Batch    50] avg loss: 0.4829
[Epoch 27, Batch   100] avg loss: 0.4830
[Epoch 27, Batch   150] avg loss: 0.4808
[Epoch 27, Batch   200] avg loss: 0.4782
[Epoch 27, Batch   250] avg loss: 0.4911
[Epoch 27, Batch   300] avg loss: 0.4823
Validation loss: 0.7677 (61 batches)
loss_per_epoch_list on epoch 27 is [0.7093408479065192, 0.6799934887495197, 0.6389132493832073, 0.6715179691549207, 0.6755862353277988, 0.6258791255169227, 0.6485792730675369, 0.6946559411580445, 0.6503057274662081, 0.6490059749024814, 0.6609937832003734, 0.7641774904532511, 0.6510974159006213, 0.628280189193663, 0.8546140174396702, 0.8415532835194321, 0.6243278618718757, 0.6593691994909381, 0.7365392602857996, 0.6479632659036605, 0.6825879602158655, 0.682294706340696, 0.6910029571564471, 0.6947237477927911, 0.9573822021484375, 0.7736139483139163, 0.7677434213825913]

Checkpoint saved at /cluster/tufts/capstone25skyblue/eelkus01/NEXRADTurbulencePrediction/model_training/trained_model_outputs/hybrid_42_model_checkpoint.pth for l2_alpha_idx: 2, fold 3, and epoch 27
BEGINNING EPOCH 28
[Epoch 28, Batch    50] avg loss: 0.4803
[Epoch 28, Batch   100] avg loss: 0.4618
[Epoch 28, Batch   150] avg loss: 0.4729
[Epoch 28, Batch   200] avg loss: 0.4794
[Epoch 28, Batch   250] avg loss: 0.4687
[Epoch 28, Batch   300] avg loss: 0.4939
Validation loss: 0.7299 (61 batches)
loss_per_epoch_list on epoch 28 is [0.7093408479065192, 0.6799934887495197, 0.6389132493832073, 0.6715179691549207, 0.6755862353277988, 0.6258791255169227, 0.6485792730675369, 0.6946559411580445, 0.6503057274662081, 0.6490059749024814, 0.6609937832003734, 0.7641774904532511, 0.6510974159006213, 0.628280189193663, 0.8546140174396702, 0.8415532835194321, 0.6243278618718757, 0.6593691994909381, 0.7365392602857996, 0.6479632659036605, 0.6825879602158655, 0.682294706340696, 0.6910029571564471, 0.6947237477927911, 0.9573822021484375, 0.7736139483139163, 0.7677434213825913, 0.7299472308549725]

Checkpoint saved at /cluster/tufts/capstone25skyblue/eelkus01/NEXRADTurbulencePrediction/model_training/trained_model_outputs/hybrid_42_model_checkpoint.pth for l2_alpha_idx: 2, fold 3, and epoch 28
BEGINNING EPOCH 29
[Epoch 29, Batch    50] avg loss: 0.4665
[Epoch 29, Batch   100] avg loss: 0.4543
[Epoch 29, Batch   150] avg loss: 0.4675
[Epoch 29, Batch   200] avg loss: 0.4515
[Epoch 29, Batch   250] avg loss: 0.4667
[Epoch 29, Batch   300] avg loss: 0.4423
Validation loss: 0.8870 (61 batches)
loss_per_epoch_list on epoch 29 is [0.7093408479065192, 0.6799934887495197, 0.6389132493832073, 0.6715179691549207, 0.6755862353277988, 0.6258791255169227, 0.6485792730675369, 0.6946559411580445, 0.6503057274662081, 0.6490059749024814, 0.6609937832003734, 0.7641774904532511, 0.6510974159006213, 0.628280189193663, 0.8546140174396702, 0.8415532835194321, 0.6243278618718757, 0.6593691994909381, 0.7365392602857996, 0.6479632659036605, 0.6825879602158655, 0.682294706340696, 0.6910029571564471, 0.6947237477927911, 0.9573822021484375, 0.7736139483139163, 0.7677434213825913, 0.7299472308549725, 0.8870231714404997]

Checkpoint saved at /cluster/tufts/capstone25skyblue/eelkus01/NEXRADTurbulencePrediction/model_training/trained_model_outputs/hybrid_42_model_checkpoint.pth for l2_alpha_idx: 2, fold 3, and epoch 29
Fold 3 had loss: 0.8870231714404997 on its last epoch

Fold 4 with l2_alpha = 0.001
Train subset size: 19254, Validation subset size: 3850
BEGINNING EPOCH 1
[Epoch 1, Batch    50] avg loss: 7.5019
[Epoch 1, Batch   100] avg loss: 1.0673
[Epoch 1, Batch   150] avg loss: 0.8925
[Epoch 1, Batch   200] avg loss: 0.7213
[Epoch 1, Batch   250] avg loss: 0.7719
[Epoch 1, Batch   300] avg loss: 0.7347
Validation loss: 0.7148 (61 batches)
loss_per_epoch_list on epoch 1 is [0.7148215086733709]

Checkpoint saved at /cluster/tufts/capstone25skyblue/eelkus01/NEXRADTurbulencePrediction/model_training/trained_model_outputs/hybrid_42_model_checkpoint.pth for l2_alpha_idx: 2, fold 4, and epoch 1
BEGINNING EPOCH 2
[Epoch 2, Batch    50] avg loss: 0.7053
[Epoch 2, Batch   100] avg loss: 0.7146
[Epoch 2, Batch   150] avg loss: 0.6849
[Epoch 2, Batch   200] avg loss: 0.8414
[Epoch 2, Batch   250] avg loss: 0.6852
[Epoch 2, Batch   300] avg loss: 0.6989
Validation loss: 0.6482 (61 batches)
loss_per_epoch_list on epoch 2 is [0.7148215086733709, 0.6482206172630435]

Checkpoint saved at /cluster/tufts/capstone25skyblue/eelkus01/NEXRADTurbulencePrediction/model_training/trained_model_outputs/hybrid_42_model_checkpoint.pth for l2_alpha_idx: 2, fold 4, and epoch 2
BEGINNING EPOCH 3
[Epoch 3, Batch    50] avg loss: 0.6894
[Epoch 3, Batch   100] avg loss: 0.6944
[Epoch 3, Batch   150] avg loss: 0.6816
[Epoch 3, Batch   200] avg loss: 0.6687
[Epoch 3, Batch   250] avg loss: 0.6921
[Epoch 3, Batch   300] avg loss: 0.6738
Validation loss: 0.6402 (61 batches)
loss_per_epoch_list on epoch 3 is [0.7148215086733709, 0.6482206172630435, 0.6401958231066094]

Checkpoint saved at /cluster/tufts/capstone25skyblue/eelkus01/NEXRADTurbulencePrediction/model_training/trained_model_outputs/hybrid_42_model_checkpoint.pth for l2_alpha_idx: 2, fold 4, and epoch 3
BEGINNING EPOCH 4
[Epoch 4, Batch    50] avg loss: 0.6675
[Epoch 4, Batch   100] avg loss: 0.6657
[Epoch 4, Batch   150] avg loss: 0.6708
[Epoch 4, Batch   200] avg loss: 0.6704
[Epoch 4, Batch   250] avg loss: 0.6530
[Epoch 4, Batch   300] avg loss: 0.6655
Validation loss: 0.6583 (61 batches)
loss_per_epoch_list on epoch 4 is [0.7148215086733709, 0.6482206172630435, 0.6401958231066094, 0.65830403664073]

Checkpoint saved at /cluster/tufts/capstone25skyblue/eelkus01/NEXRADTurbulencePrediction/model_training/trained_model_outputs/hybrid_42_model_checkpoint.pth for l2_alpha_idx: 2, fold 4, and epoch 4
BEGINNING EPOCH 5
[Epoch 5, Batch    50] avg loss: 0.6659
[Epoch 5, Batch   100] avg loss: 0.6759
[Epoch 5, Batch   150] avg loss: 0.6580
[Epoch 5, Batch   200] avg loss: 0.6534
[Epoch 5, Batch   250] avg loss: 0.6642
[Epoch 5, Batch   300] avg loss: 0.6658
Validation loss: 0.6890 (61 batches)
loss_per_epoch_list on epoch 5 is [0.7148215086733709, 0.6482206172630435, 0.6401958231066094, 0.65830403664073, 0.6889991340090017]

Checkpoint saved at /cluster/tufts/capstone25skyblue/eelkus01/NEXRADTurbulencePrediction/model_training/trained_model_outputs/hybrid_42_model_checkpoint.pth for l2_alpha_idx: 2, fold 4, and epoch 5
BEGINNING EPOCH 6
[Epoch 6, Batch    50] avg loss: 0.6620
[Epoch 6, Batch   100] avg loss: 0.6604
[Epoch 6, Batch   150] avg loss: 0.6552
[Epoch 6, Batch   200] avg loss: 0.6474
[Epoch 6, Batch   250] avg loss: 0.6512
[Epoch 6, Batch   300] avg loss: 0.6549
Validation loss: 0.6581 (61 batches)
loss_per_epoch_list on epoch 6 is [0.7148215086733709, 0.6482206172630435, 0.6401958231066094, 0.65830403664073, 0.6889991340090017, 0.65810491120229]

Checkpoint saved at /cluster/tufts/capstone25skyblue/eelkus01/NEXRADTurbulencePrediction/model_training/trained_model_outputs/hybrid_42_model_checkpoint.pth for l2_alpha_idx: 2, fold 4, and epoch 6
BEGINNING EPOCH 7
[Epoch 7, Batch    50] avg loss: 0.6525
[Epoch 7, Batch   100] avg loss: 0.6463
[Epoch 7, Batch   150] avg loss: 0.6607
[Epoch 7, Batch   200] avg loss: 0.6527
[Epoch 7, Batch   250] avg loss: 0.6512
[Epoch 7, Batch   300] avg loss: 0.6544
Validation loss: 0.6227 (61 batches)
loss_per_epoch_list on epoch 7 is [0.7148215086733709, 0.6482206172630435, 0.6401958231066094, 0.65830403664073, 0.6889991340090017, 0.65810491120229, 0.6227307876602548]

Checkpoint saved at /cluster/tufts/capstone25skyblue/eelkus01/NEXRADTurbulencePrediction/model_training/trained_model_outputs/hybrid_42_model_checkpoint.pth for l2_alpha_idx: 2, fold 4, and epoch 7
BEGINNING EPOCH 8
[Epoch 8, Batch    50] avg loss: 0.6341
[Epoch 8, Batch   100] avg loss: 0.6444
[Epoch 8, Batch   150] avg loss: 0.6552
[Epoch 8, Batch   200] avg loss: 0.6486
[Epoch 8, Batch   250] avg loss: 0.6479
[Epoch 8, Batch   300] avg loss: 0.6658
Validation loss: 0.6865 (61 batches)
loss_per_epoch_list on epoch 8 is [0.7148215086733709, 0.6482206172630435, 0.6401958231066094, 0.65830403664073, 0.6889991340090017, 0.65810491120229, 0.6227307876602548, 0.6864676133531039]

Checkpoint saved at /cluster/tufts/capstone25skyblue/eelkus01/NEXRADTurbulencePrediction/model_training/trained_model_outputs/hybrid_42_model_checkpoint.pth for l2_alpha_idx: 2, fold 4, and epoch 8
BEGINNING EPOCH 9
[Epoch 9, Batch    50] avg loss: 0.6366
[Epoch 9, Batch   100] avg loss: 0.6565
[Epoch 9, Batch   150] avg loss: 0.6465
[Epoch 9, Batch   200] avg loss: 0.6452
[Epoch 9, Batch   250] avg loss: 0.6460
[Epoch 9, Batch   300] avg loss: 0.6538
Validation loss: 0.6766 (61 batches)
loss_per_epoch_list on epoch 9 is [0.7148215086733709, 0.6482206172630435, 0.6401958231066094, 0.65830403664073, 0.6889991340090017, 0.65810491120229, 0.6227307876602548, 0.6864676133531039, 0.6766015642979106]

Checkpoint saved at /cluster/tufts/capstone25skyblue/eelkus01/NEXRADTurbulencePrediction/model_training/trained_model_outputs/hybrid_42_model_checkpoint.pth for l2_alpha_idx: 2, fold 4, and epoch 9
BEGINNING EPOCH 10
[Epoch 10, Batch    50] avg loss: 0.6473
[Epoch 10, Batch   100] avg loss: 0.6390
[Epoch 10, Batch   150] avg loss: 0.6369
[Epoch 10, Batch   200] avg loss: 0.6440
[Epoch 10, Batch   250] avg loss: 0.6451
[Epoch 10, Batch   300] avg loss: 0.6332
Validation loss: 0.6231 (61 batches)
loss_per_epoch_list on epoch 10 is [0.7148215086733709, 0.6482206172630435, 0.6401958231066094, 0.65830403664073, 0.6889991340090017, 0.65810491120229, 0.6227307876602548, 0.6864676133531039, 0.6766015642979106, 0.6231264432922738]

Checkpoint saved at /cluster/tufts/capstone25skyblue/eelkus01/NEXRADTurbulencePrediction/model_training/trained_model_outputs/hybrid_42_model_checkpoint.pth for l2_alpha_idx: 2, fold 4, and epoch 10
BEGINNING EPOCH 11
[Epoch 11, Batch    50] avg loss: 0.6306
[Epoch 11, Batch   100] avg loss: 0.6333
[Epoch 11, Batch   150] avg loss: 0.6360
[Epoch 11, Batch   200] avg loss: 0.6409
[Epoch 11, Batch   250] avg loss: 0.6315
[Epoch 11, Batch   300] avg loss: 0.6264
Validation loss: 0.6852 (61 batches)
loss_per_epoch_list on epoch 11 is [0.7148215086733709, 0.6482206172630435, 0.6401958231066094, 0.65830403664073, 0.6889991340090017, 0.65810491120229, 0.6227307876602548, 0.6864676133531039, 0.6766015642979106, 0.6231264432922738, 0.685226423818557]

Checkpoint saved at /cluster/tufts/capstone25skyblue/eelkus01/NEXRADTurbulencePrediction/model_training/trained_model_outputs/hybrid_42_model_checkpoint.pth for l2_alpha_idx: 2, fold 4, and epoch 11
BEGINNING EPOCH 12
[Epoch 12, Batch    50] avg loss: 0.6397
[Epoch 12, Batch   100] avg loss: 0.6336
[Epoch 12, Batch   150] avg loss: 0.6239
[Epoch 12, Batch   200] avg loss: 0.6331
[Epoch 12, Batch   250] avg loss: 0.6286
[Epoch 12, Batch   300] avg loss: 0.6281
Validation loss: 0.6570 (61 batches)
loss_per_epoch_list on epoch 12 is [0.7148215086733709, 0.6482206172630435, 0.6401958231066094, 0.65830403664073, 0.6889991340090017, 0.65810491120229, 0.6227307876602548, 0.6864676133531039, 0.6766015642979106, 0.6231264432922738, 0.685226423818557, 0.6569785260763324]

Checkpoint saved at /cluster/tufts/capstone25skyblue/eelkus01/NEXRADTurbulencePrediction/model_training/trained_model_outputs/hybrid_42_model_checkpoint.pth for l2_alpha_idx: 2, fold 4, and epoch 12
BEGINNING EPOCH 13
[Epoch 13, Batch    50] avg loss: 0.6423
[Epoch 13, Batch   100] avg loss: 0.6320
[Epoch 13, Batch   150] avg loss: 0.6281
[Epoch 13, Batch   200] avg loss: 0.6207
[Epoch 13, Batch   250] avg loss: 0.6198
[Epoch 13, Batch   300] avg loss: 0.6254
Validation loss: 0.6365 (61 batches)
loss_per_epoch_list on epoch 13 is [0.7148215086733709, 0.6482206172630435, 0.6401958231066094, 0.65830403664073, 0.6889991340090017, 0.65810491120229, 0.6227307876602548, 0.6864676133531039, 0.6766015642979106, 0.6231264432922738, 0.685226423818557, 0.6569785260763324, 0.6364877468249837]

Checkpoint saved at /cluster/tufts/capstone25skyblue/eelkus01/NEXRADTurbulencePrediction/model_training/trained_model_outputs/hybrid_42_model_checkpoint.pth for l2_alpha_idx: 2, fold 4, and epoch 13
BEGINNING EPOCH 14
[Epoch 14, Batch    50] avg loss: 0.6158
[Epoch 14, Batch   100] avg loss: 0.6155
[Epoch 14, Batch   150] avg loss: 0.6139
[Epoch 14, Batch   200] avg loss: 0.6147
[Epoch 14, Batch   250] avg loss: 0.6128
[Epoch 14, Batch   300] avg loss: 0.6199
Validation loss: 0.6415 (61 batches)
loss_per_epoch_list on epoch 14 is [0.7148215086733709, 0.6482206172630435, 0.6401958231066094, 0.65830403664073, 0.6889991340090017, 0.65810491120229, 0.6227307876602548, 0.6864676133531039, 0.6766015642979106, 0.6231264432922738, 0.685226423818557, 0.6569785260763324, 0.6364877468249837, 0.6414948613917242]

Checkpoint saved at /cluster/tufts/capstone25skyblue/eelkus01/NEXRADTurbulencePrediction/model_training/trained_model_outputs/hybrid_42_model_checkpoint.pth for l2_alpha_idx: 2, fold 4, and epoch 14
BEGINNING EPOCH 15
[Epoch 15, Batch    50] avg loss: 0.5949
[Epoch 15, Batch   100] avg loss: 0.6277
[Epoch 15, Batch   150] avg loss: 0.6377
[Epoch 15, Batch   200] avg loss: 0.6219
[Epoch 15, Batch   250] avg loss: 0.6006
[Epoch 15, Batch   300] avg loss: 0.6218
Validation loss: 0.7659 (61 batches)
loss_per_epoch_list on epoch 15 is [0.7148215086733709, 0.6482206172630435, 0.6401958231066094, 0.65830403664073, 0.6889991340090017, 0.65810491120229, 0.6227307876602548, 0.6864676133531039, 0.6766015642979106, 0.6231264432922738, 0.685226423818557, 0.6569785260763324, 0.6364877468249837, 0.6414948613917242, 0.7659015430778754]

Checkpoint saved at /cluster/tufts/capstone25skyblue/eelkus01/NEXRADTurbulencePrediction/model_training/trained_model_outputs/hybrid_42_model_checkpoint.pth for l2_alpha_idx: 2, fold 4, and epoch 15
BEGINNING EPOCH 16
[Epoch 16, Batch    50] avg loss: 0.6049
[Epoch 16, Batch   100] avg loss: 0.6031
[Epoch 16, Batch   150] avg loss: 0.6023
[Epoch 16, Batch   200] avg loss: 0.6104
[Epoch 16, Batch   250] avg loss: 0.6007
[Epoch 16, Batch   300] avg loss: 0.5963
Validation loss: 0.7136 (61 batches)
loss_per_epoch_list on epoch 16 is [0.7148215086733709, 0.6482206172630435, 0.6401958231066094, 0.65830403664073, 0.6889991340090017, 0.65810491120229, 0.6227307876602548, 0.6864676133531039, 0.6766015642979106, 0.6231264432922738, 0.685226423818557, 0.6569785260763324, 0.6364877468249837, 0.6414948613917242, 0.7659015430778754, 0.7136470499585886]

Checkpoint saved at /cluster/tufts/capstone25skyblue/eelkus01/NEXRADTurbulencePrediction/model_training/trained_model_outputs/hybrid_42_model_checkpoint.pth for l2_alpha_idx: 2, fold 4, and epoch 16
BEGINNING EPOCH 17
[Epoch 17, Batch    50] avg loss: 0.6047
[Epoch 17, Batch   100] avg loss: 0.5927
[Epoch 17, Batch   150] avg loss: 0.6045
[Epoch 17, Batch   200] avg loss: 0.5990
[Epoch 17, Batch   250] avg loss: 0.5794
[Epoch 17, Batch   300] avg loss: 0.5916
Validation loss: 0.6960 (61 batches)
loss_per_epoch_list on epoch 17 is [0.7148215086733709, 0.6482206172630435, 0.6401958231066094, 0.65830403664073, 0.6889991340090017, 0.65810491120229, 0.6227307876602548, 0.6864676133531039, 0.6766015642979106, 0.6231264432922738, 0.685226423818557, 0.6569785260763324, 0.6364877468249837, 0.6414948613917242, 0.7659015430778754, 0.7136470499585886, 0.6959660365933278]

Checkpoint saved at /cluster/tufts/capstone25skyblue/eelkus01/NEXRADTurbulencePrediction/model_training/trained_model_outputs/hybrid_42_model_checkpoint.pth for l2_alpha_idx: 2, fold 4, and epoch 17
BEGINNING EPOCH 18
[Epoch 18, Batch    50] avg loss: 0.5842
[Epoch 18, Batch   100] avg loss: 0.5926
[Epoch 18, Batch   150] avg loss: 0.5806
[Epoch 18, Batch   200] avg loss: 0.5712
[Epoch 18, Batch   250] avg loss: 0.5794
[Epoch 18, Batch   300] avg loss: 0.5709
Validation loss: 0.6405 (61 batches)
loss_per_epoch_list on epoch 18 is [0.7148215086733709, 0.6482206172630435, 0.6401958231066094, 0.65830403664073, 0.6889991340090017, 0.65810491120229, 0.6227307876602548, 0.6864676133531039, 0.6766015642979106, 0.6231264432922738, 0.685226423818557, 0.6569785260763324, 0.6364877468249837, 0.6414948613917242, 0.7659015430778754, 0.7136470499585886, 0.6959660365933278, 0.6404637552675654]

Checkpoint saved at /cluster/tufts/capstone25skyblue/eelkus01/NEXRADTurbulencePrediction/model_training/trained_model_outputs/hybrid_42_model_checkpoint.pth for l2_alpha_idx: 2, fold 4, and epoch 18
BEGINNING EPOCH 19
[Epoch 19, Batch    50] avg loss: 0.5839
[Epoch 19, Batch   100] avg loss: 0.5710
[Epoch 19, Batch   150] avg loss: 0.5743
[Epoch 19, Batch   200] avg loss: 0.5763
[Epoch 19, Batch   250] avg loss: 0.5783
[Epoch 19, Batch   300] avg loss: 0.5704
Validation loss: 0.6564 (61 batches)
loss_per_epoch_list on epoch 19 is [0.7148215086733709, 0.6482206172630435, 0.6401958231066094, 0.65830403664073, 0.6889991340090017, 0.65810491120229, 0.6227307876602548, 0.6864676133531039, 0.6766015642979106, 0.6231264432922738, 0.685226423818557, 0.6569785260763324, 0.6364877468249837, 0.6414948613917242, 0.7659015430778754, 0.7136470499585886, 0.6959660365933278, 0.6404637552675654, 0.6563612769861691]

Checkpoint saved at /cluster/tufts/capstone25skyblue/eelkus01/NEXRADTurbulencePrediction/model_training/trained_model_outputs/hybrid_42_model_checkpoint.pth for l2_alpha_idx: 2, fold 4, and epoch 19
BEGINNING EPOCH 20
[Epoch 20, Batch    50] avg loss: 0.5857
[Epoch 20, Batch   100] avg loss: 0.5765
[Epoch 20, Batch   150] avg loss: 0.5594
[Epoch 20, Batch   200] avg loss: 0.5686
[Epoch 20, Batch   250] avg loss: 0.5642
[Epoch 20, Batch   300] avg loss: 0.5424
Validation loss: 0.7037 (61 batches)
loss_per_epoch_list on epoch 20 is [0.7148215086733709, 0.6482206172630435, 0.6401958231066094, 0.65830403664073, 0.6889991340090017, 0.65810491120229, 0.6227307876602548, 0.6864676133531039, 0.6766015642979106, 0.6231264432922738, 0.685226423818557, 0.6569785260763324, 0.6364877468249837, 0.6414948613917242, 0.7659015430778754, 0.7136470499585886, 0.6959660365933278, 0.6404637552675654, 0.6563612769861691, 0.7037106239404834]

Checkpoint saved at /cluster/tufts/capstone25skyblue/eelkus01/NEXRADTurbulencePrediction/model_training/trained_model_outputs/hybrid_42_model_checkpoint.pth for l2_alpha_idx: 2, fold 4, and epoch 20
BEGINNING EPOCH 21
[Epoch 21, Batch    50] avg loss: 0.5688
[Epoch 21, Batch   100] avg loss: 0.5545
[Epoch 21, Batch   150] avg loss: 0.5485
[Epoch 21, Batch   200] avg loss: 0.5548
[Epoch 21, Batch   250] avg loss: 0.5568
[Epoch 21, Batch   300] avg loss: 0.5555
Validation loss: 0.6500 (61 batches)
loss_per_epoch_list on epoch 21 is [0.7148215086733709, 0.6482206172630435, 0.6401958231066094, 0.65830403664073, 0.6889991340090017, 0.65810491120229, 0.6227307876602548, 0.6864676133531039, 0.6766015642979106, 0.6231264432922738, 0.685226423818557, 0.6569785260763324, 0.6364877468249837, 0.6414948613917242, 0.7659015430778754, 0.7136470499585886, 0.6959660365933278, 0.6404637552675654, 0.6563612769861691, 0.7037106239404834, 0.6499502854269059]

Checkpoint saved at /cluster/tufts/capstone25skyblue/eelkus01/NEXRADTurbulencePrediction/model_training/trained_model_outputs/hybrid_42_model_checkpoint.pth for l2_alpha_idx: 2, fold 4, and epoch 21
BEGINNING EPOCH 22
[Epoch 22, Batch    50] avg loss: 0.5443
[Epoch 22, Batch   100] avg loss: 0.5520
[Epoch 22, Batch   150] avg loss: 0.5334
[Epoch 22, Batch   200] avg loss: 0.5423
[Epoch 22, Batch   250] avg loss: 0.5432
[Epoch 22, Batch   300] avg loss: 0.5275
Validation loss: 0.7017 (61 batches)
loss_per_epoch_list on epoch 22 is [0.7148215086733709, 0.6482206172630435, 0.6401958231066094, 0.65830403664073, 0.6889991340090017, 0.65810491120229, 0.6227307876602548, 0.6864676133531039, 0.6766015642979106, 0.6231264432922738, 0.685226423818557, 0.6569785260763324, 0.6364877468249837, 0.6414948613917242, 0.7659015430778754, 0.7136470499585886, 0.6959660365933278, 0.6404637552675654, 0.6563612769861691, 0.7037106239404834, 0.6499502854269059, 0.7017088473820295]

Checkpoint saved at /cluster/tufts/capstone25skyblue/eelkus01/NEXRADTurbulencePrediction/model_training/trained_model_outputs/hybrid_42_model_checkpoint.pth for l2_alpha_idx: 2, fold 4, and epoch 22
BEGINNING EPOCH 23
[Epoch 23, Batch    50] avg loss: 0.5065
[Epoch 23, Batch   100] avg loss: 0.5236
[Epoch 23, Batch   150] avg loss: 0.5315
[Epoch 23, Batch   200] avg loss: 0.5188
[Epoch 23, Batch   250] avg loss: 0.5405
[Epoch 23, Batch   300] avg loss: 0.5620
Validation loss: 0.7090 (61 batches)
loss_per_epoch_list on epoch 23 is [0.7148215086733709, 0.6482206172630435, 0.6401958231066094, 0.65830403664073, 0.6889991340090017, 0.65810491120229, 0.6227307876602548, 0.6864676133531039, 0.6766015642979106, 0.6231264432922738, 0.685226423818557, 0.6569785260763324, 0.6364877468249837, 0.6414948613917242, 0.7659015430778754, 0.7136470499585886, 0.6959660365933278, 0.6404637552675654, 0.6563612769861691, 0.7037106239404834, 0.6499502854269059, 0.7017088473820295, 0.7089968465390752]

Checkpoint saved at /cluster/tufts/capstone25skyblue/eelkus01/NEXRADTurbulencePrediction/model_training/trained_model_outputs/hybrid_42_model_checkpoint.pth for l2_alpha_idx: 2, fold 4, and epoch 23
BEGINNING EPOCH 24
[Epoch 24, Batch    50] avg loss: 0.5173
[Epoch 24, Batch   100] avg loss: 0.5197
[Epoch 24, Batch   150] avg loss: 0.5124
[Epoch 24, Batch   200] avg loss: 0.5322
[Epoch 24, Batch   250] avg loss: 0.5124
[Epoch 24, Batch   300] avg loss: 0.5046
Validation loss: 0.7136 (61 batches)
loss_per_epoch_list on epoch 24 is [0.7148215086733709, 0.6482206172630435, 0.6401958231066094, 0.65830403664073, 0.6889991340090017, 0.65810491120229, 0.6227307876602548, 0.6864676133531039, 0.6766015642979106, 0.6231264432922738, 0.685226423818557, 0.6569785260763324, 0.6364877468249837, 0.6414948613917242, 0.7659015430778754, 0.7136470499585886, 0.6959660365933278, 0.6404637552675654, 0.6563612769861691, 0.7037106239404834, 0.6499502854269059, 0.7017088473820295, 0.7089968465390752, 0.7135954450388424]

Checkpoint saved at /cluster/tufts/capstone25skyblue/eelkus01/NEXRADTurbulencePrediction/model_training/trained_model_outputs/hybrid_42_model_checkpoint.pth for l2_alpha_idx: 2, fold 4, and epoch 24
BEGINNING EPOCH 25
[Epoch 25, Batch    50] avg loss: 0.5133
[Epoch 25, Batch   100] avg loss: 0.5202
[Epoch 25, Batch   150] avg loss: 0.5098
[Epoch 25, Batch   200] avg loss: 0.5142
[Epoch 25, Batch   250] avg loss: 0.5112
[Epoch 25, Batch   300] avg loss: 0.5167
Validation loss: 0.7511 (61 batches)
loss_per_epoch_list on epoch 25 is [0.7148215086733709, 0.6482206172630435, 0.6401958231066094, 0.65830403664073, 0.6889991340090017, 0.65810491120229, 0.6227307876602548, 0.6864676133531039, 0.6766015642979106, 0.6231264432922738, 0.685226423818557, 0.6569785260763324, 0.6364877468249837, 0.6414948613917242, 0.7659015430778754, 0.7136470499585886, 0.6959660365933278, 0.6404637552675654, 0.6563612769861691, 0.7037106239404834, 0.6499502854269059, 0.7017088473820295, 0.7089968465390752, 0.7135954450388424, 0.7511119373509141]

Checkpoint saved at /cluster/tufts/capstone25skyblue/eelkus01/NEXRADTurbulencePrediction/model_training/trained_model_outputs/hybrid_42_model_checkpoint.pth for l2_alpha_idx: 2, fold 4, and epoch 25
BEGINNING EPOCH 26
[Epoch 26, Batch    50] avg loss: 0.5146
[Epoch 26, Batch   100] avg loss: 0.4848
[Epoch 26, Batch   150] avg loss: 0.4880
[Epoch 26, Batch   200] avg loss: 0.5097
[Epoch 26, Batch   250] avg loss: 0.4905
[Epoch 26, Batch   300] avg loss: 0.4879
Validation loss: 1.1066 (61 batches)
loss_per_epoch_list on epoch 26 is [0.7148215086733709, 0.6482206172630435, 0.6401958231066094, 0.65830403664073, 0.6889991340090017, 0.65810491120229, 0.6227307876602548, 0.6864676133531039, 0.6766015642979106, 0.6231264432922738, 0.685226423818557, 0.6569785260763324, 0.6364877468249837, 0.6414948613917242, 0.7659015430778754, 0.7136470499585886, 0.6959660365933278, 0.6404637552675654, 0.6563612769861691, 0.7037106239404834, 0.6499502854269059, 0.7017088473820295, 0.7089968465390752, 0.7135954450388424, 0.7511119373509141, 1.106552957511339]

Checkpoint saved at /cluster/tufts/capstone25skyblue/eelkus01/NEXRADTurbulencePrediction/model_training/trained_model_outputs/hybrid_42_model_checkpoint.pth for l2_alpha_idx: 2, fold 4, and epoch 26
BEGINNING EPOCH 27
[Epoch 27, Batch    50] avg loss: 0.5011
[Epoch 27, Batch   100] avg loss: 0.4812
[Epoch 27, Batch   150] avg loss: 0.4771
[Epoch 27, Batch   200] avg loss: 0.4628
[Epoch 27, Batch   250] avg loss: 0.4808
[Epoch 27, Batch   300] avg loss: 0.4844
Validation loss: 0.8053 (61 batches)
loss_per_epoch_list on epoch 27 is [0.7148215086733709, 0.6482206172630435, 0.6401958231066094, 0.65830403664073, 0.6889991340090017, 0.65810491120229, 0.6227307876602548, 0.6864676133531039, 0.6766015642979106, 0.6231264432922738, 0.685226423818557, 0.6569785260763324, 0.6364877468249837, 0.6414948613917242, 0.7659015430778754, 0.7136470499585886, 0.6959660365933278, 0.6404637552675654, 0.6563612769861691, 0.7037106239404834, 0.6499502854269059, 0.7017088473820295, 0.7089968465390752, 0.7135954450388424, 0.7511119373509141, 1.106552957511339, 0.8052725107943426]

Checkpoint saved at /cluster/tufts/capstone25skyblue/eelkus01/NEXRADTurbulencePrediction/model_training/trained_model_outputs/hybrid_42_model_checkpoint.pth for l2_alpha_idx: 2, fold 4, and epoch 27
BEGINNING EPOCH 28
[Epoch 28, Batch    50] avg loss: 0.4687
[Epoch 28, Batch   100] avg loss: 0.4653
[Epoch 28, Batch   150] avg loss: 0.4655
[Epoch 28, Batch   200] avg loss: 0.4712
[Epoch 28, Batch   250] avg loss: 0.4810
[Epoch 28, Batch   300] avg loss: 0.4671
Validation loss: 0.7491 (61 batches)
loss_per_epoch_list on epoch 28 is [0.7148215086733709, 0.6482206172630435, 0.6401958231066094, 0.65830403664073, 0.6889991340090017, 0.65810491120229, 0.6227307876602548, 0.6864676133531039, 0.6766015642979106, 0.6231264432922738, 0.685226423818557, 0.6569785260763324, 0.6364877468249837, 0.6414948613917242, 0.7659015430778754, 0.7136470499585886, 0.6959660365933278, 0.6404637552675654, 0.6563612769861691, 0.7037106239404834, 0.6499502854269059, 0.7017088473820295, 0.7089968465390752, 0.7135954450388424, 0.7511119373509141, 1.106552957511339, 0.8052725107943426, 0.7490519343829546]

Checkpoint saved at /cluster/tufts/capstone25skyblue/eelkus01/NEXRADTurbulencePrediction/model_training/trained_model_outputs/hybrid_42_model_checkpoint.pth for l2_alpha_idx: 2, fold 4, and epoch 28
BEGINNING EPOCH 29
[Epoch 29, Batch    50] avg loss: 0.4605
[Epoch 29, Batch   100] avg loss: 0.4844
[Epoch 29, Batch   150] avg loss: 0.4732
[Epoch 29, Batch   200] avg loss: 0.4640
[Epoch 29, Batch   250] avg loss: 0.4522
[Epoch 29, Batch   300] avg loss: 0.4681
Validation loss: 0.7532 (61 batches)
loss_per_epoch_list on epoch 29 is [0.7148215086733709, 0.6482206172630435, 0.6401958231066094, 0.65830403664073, 0.6889991340090017, 0.65810491120229, 0.6227307876602548, 0.6864676133531039, 0.6766015642979106, 0.6231264432922738, 0.685226423818557, 0.6569785260763324, 0.6364877468249837, 0.6414948613917242, 0.7659015430778754, 0.7136470499585886, 0.6959660365933278, 0.6404637552675654, 0.6563612769861691, 0.7037106239404834, 0.6499502854269059, 0.7017088473820295, 0.7089968465390752, 0.7135954450388424, 0.7511119373509141, 1.106552957511339, 0.8052725107943426, 0.7490519343829546, 0.7532056657994379]

Checkpoint saved at /cluster/tufts/capstone25skyblue/eelkus01/NEXRADTurbulencePrediction/model_training/trained_model_outputs/hybrid_42_model_checkpoint.pth for l2_alpha_idx: 2, fold 4, and epoch 29
Fold 4 had loss: 0.7532056657994379 on its last epoch

Fold 5 with l2_alpha = 0.001
Train subset size: 19254, Validation subset size: 3850
BEGINNING EPOCH 1
[Epoch 1, Batch    50] avg loss: 10.7271
[Epoch 1, Batch   100] avg loss: 1.1692
[Epoch 1, Batch   150] avg loss: 0.7388
[Epoch 1, Batch   200] avg loss: 0.7355
[Epoch 1, Batch   250] avg loss: 0.6950
[Epoch 1, Batch   300] avg loss: 0.6963
Validation loss: 0.7099 (61 batches)
loss_per_epoch_list on epoch 1 is [0.7099431157112122]

Checkpoint saved at /cluster/tufts/capstone25skyblue/eelkus01/NEXRADTurbulencePrediction/model_training/trained_model_outputs/hybrid_42_model_checkpoint.pth for l2_alpha_idx: 2, fold 5, and epoch 1
BEGINNING EPOCH 2
[Epoch 2, Batch    50] avg loss: 0.6746
[Epoch 2, Batch   100] avg loss: 0.6702
[Epoch 2, Batch   150] avg loss: 0.6843
[Epoch 2, Batch   200] avg loss: 0.6816
[Epoch 2, Batch   250] avg loss: 0.6741
[Epoch 2, Batch   300] avg loss: 0.6730
Validation loss: 0.6623 (61 batches)
loss_per_epoch_list on epoch 2 is [0.7099431157112122, 0.6623056052161045]

Checkpoint saved at /cluster/tufts/capstone25skyblue/eelkus01/NEXRADTurbulencePrediction/model_training/trained_model_outputs/hybrid_42_model_checkpoint.pth for l2_alpha_idx: 2, fold 5, and epoch 2
BEGINNING EPOCH 3
[Epoch 3, Batch    50] avg loss: 0.6660
[Epoch 3, Batch   100] avg loss: 0.6612
[Epoch 3, Batch   150] avg loss: 0.6715
[Epoch 3, Batch   200] avg loss: 0.6639
[Epoch 3, Batch   250] avg loss: 0.6627
[Epoch 3, Batch   300] avg loss: 0.6541
Validation loss: 0.6590 (61 batches)
loss_per_epoch_list on epoch 3 is [0.7099431157112122, 0.6623056052161045, 0.6590231588629426]

Checkpoint saved at /cluster/tufts/capstone25skyblue/eelkus01/NEXRADTurbulencePrediction/model_training/trained_model_outputs/hybrid_42_model_checkpoint.pth for l2_alpha_idx: 2, fold 5, and epoch 3
BEGINNING EPOCH 4
[Epoch 4, Batch    50] avg loss: 0.6568
[Epoch 4, Batch   100] avg loss: 0.6557
[Epoch 4, Batch   150] avg loss: 0.6556
[Epoch 4, Batch   200] avg loss: 0.6574
[Epoch 4, Batch   250] avg loss: 0.6580
[Epoch 4, Batch   300] avg loss: 0.6563
Validation loss: 0.6600 (61 batches)
loss_per_epoch_list on epoch 4 is [0.7099431157112122, 0.6623056052161045, 0.6590231588629426, 0.6599835450532007]

Checkpoint saved at /cluster/tufts/capstone25skyblue/eelkus01/NEXRADTurbulencePrediction/model_training/trained_model_outputs/hybrid_42_model_checkpoint.pth for l2_alpha_idx: 2, fold 5, and epoch 4
BEGINNING EPOCH 5
[Epoch 5, Batch    50] avg loss: 0.6645
[Epoch 5, Batch   100] avg loss: 0.6527
[Epoch 5, Batch   150] avg loss: 0.6547
[Epoch 5, Batch   200] avg loss: 0.6462
[Epoch 5, Batch   250] avg loss: 0.6511
[Epoch 5, Batch   300] avg loss: 0.6377
Validation loss: 0.7130 (61 batches)
loss_per_epoch_list on epoch 5 is [0.7099431157112122, 0.6623056052161045, 0.6590231588629426, 0.6599835450532007, 0.7130138131438709]

Checkpoint saved at /cluster/tufts/capstone25skyblue/eelkus01/NEXRADTurbulencePrediction/model_training/trained_model_outputs/hybrid_42_model_checkpoint.pth for l2_alpha_idx: 2, fold 5, and epoch 5
BEGINNING EPOCH 6
[Epoch 6, Batch    50] avg loss: 0.6440
[Epoch 6, Batch   100] avg loss: 0.6477
[Epoch 6, Batch   150] avg loss: 0.6496
[Epoch 6, Batch   200] avg loss: 0.6463
[Epoch 6, Batch   250] avg loss: 0.6465
[Epoch 6, Batch   300] avg loss: 0.6486
Validation loss: 0.6563 (61 batches)
loss_per_epoch_list on epoch 6 is [0.7099431157112122, 0.6623056052161045, 0.6590231588629426, 0.6599835450532007, 0.7130138131438709, 0.656345926347326]

Checkpoint saved at /cluster/tufts/capstone25skyblue/eelkus01/NEXRADTurbulencePrediction/model_training/trained_model_outputs/hybrid_42_model_checkpoint.pth for l2_alpha_idx: 2, fold 5, and epoch 6
BEGINNING EPOCH 7
[Epoch 7, Batch    50] avg loss: 0.6443
[Epoch 7, Batch   100] avg loss: 0.6458
[Epoch 7, Batch   150] avg loss: 0.6414
[Epoch 7, Batch   200] avg loss: 0.6471
[Epoch 7, Batch   250] avg loss: 0.6479
[Epoch 7, Batch   300] avg loss: 0.6426
Validation loss: 0.6957 (61 batches)
loss_per_epoch_list on epoch 7 is [0.7099431157112122, 0.6623056052161045, 0.6590231588629426, 0.6599835450532007, 0.7130138131438709, 0.656345926347326, 0.695669207416597]

Checkpoint saved at /cluster/tufts/capstone25skyblue/eelkus01/NEXRADTurbulencePrediction/model_training/trained_model_outputs/hybrid_42_model_checkpoint.pth for l2_alpha_idx: 2, fold 5, and epoch 7
BEGINNING EPOCH 8
[Epoch 8, Batch    50] avg loss: 0.6383
[Epoch 8, Batch   100] avg loss: 0.6379
[Epoch 8, Batch   150] avg loss: 0.6397
[Epoch 8, Batch   200] avg loss: 0.6373
[Epoch 8, Batch   250] avg loss: 0.6355
[Epoch 8, Batch   300] avg loss: 0.6429
Validation loss: 0.6765 (61 batches)
loss_per_epoch_list on epoch 8 is [0.7099431157112122, 0.6623056052161045, 0.6590231588629426, 0.6599835450532007, 0.7130138131438709, 0.656345926347326, 0.695669207416597, 0.6765335241302115]

Checkpoint saved at /cluster/tufts/capstone25skyblue/eelkus01/NEXRADTurbulencePrediction/model_training/trained_model_outputs/hybrid_42_model_checkpoint.pth for l2_alpha_idx: 2, fold 5, and epoch 8
BEGINNING EPOCH 9
[Epoch 9, Batch    50] avg loss: 0.6456
[Epoch 9, Batch   100] avg loss: 0.6252
[Epoch 9, Batch   150] avg loss: 0.6360
[Epoch 9, Batch   200] avg loss: 0.6270
[Epoch 9, Batch   250] avg loss: 0.6328
[Epoch 9, Batch   300] avg loss: 0.6316
Validation loss: 0.7509 (61 batches)
loss_per_epoch_list on epoch 9 is [0.7099431157112122, 0.6623056052161045, 0.6590231588629426, 0.6599835450532007, 0.7130138131438709, 0.656345926347326, 0.695669207416597, 0.6765335241302115, 0.7509409189224243]

Checkpoint saved at /cluster/tufts/capstone25skyblue/eelkus01/NEXRADTurbulencePrediction/model_training/trained_model_outputs/hybrid_42_model_checkpoint.pth for l2_alpha_idx: 2, fold 5, and epoch 9
BEGINNING EPOCH 10
[Epoch 10, Batch    50] avg loss: 0.6257
[Epoch 10, Batch   100] avg loss: 0.6241
[Epoch 10, Batch   150] avg loss: 0.6283
[Epoch 10, Batch   200] avg loss: 0.6396
[Epoch 10, Batch   250] avg loss: 0.6273
[Epoch 10, Batch   300] avg loss: 0.6348
Validation loss: 0.6368 (61 batches)
loss_per_epoch_list on epoch 10 is [0.7099431157112122, 0.6623056052161045, 0.6590231588629426, 0.6599835450532007, 0.7130138131438709, 0.656345926347326, 0.695669207416597, 0.6765335241302115, 0.7509409189224243, 0.6367865458863681]

Checkpoint saved at /cluster/tufts/capstone25skyblue/eelkus01/NEXRADTurbulencePrediction/model_training/trained_model_outputs/hybrid_42_model_checkpoint.pth for l2_alpha_idx: 2, fold 5, and epoch 10
BEGINNING EPOCH 11
[Epoch 11, Batch    50] avg loss: 0.6150
[Epoch 11, Batch   100] avg loss: 0.6222
[Epoch 11, Batch   150] avg loss: 0.6289
[Epoch 11, Batch   200] avg loss: 0.6157
[Epoch 11, Batch   250] avg loss: 0.6338
[Epoch 11, Batch   300] avg loss: 0.6204
Validation loss: 0.7579 (61 batches)
loss_per_epoch_list on epoch 11 is [0.7099431157112122, 0.6623056052161045, 0.6590231588629426, 0.6599835450532007, 0.7130138131438709, 0.656345926347326, 0.695669207416597, 0.6765335241302115, 0.7509409189224243, 0.6367865458863681, 0.7578946508345057]

Checkpoint saved at /cluster/tufts/capstone25skyblue/eelkus01/NEXRADTurbulencePrediction/model_training/trained_model_outputs/hybrid_42_model_checkpoint.pth for l2_alpha_idx: 2, fold 5, and epoch 11
BEGINNING EPOCH 12
[Epoch 12, Batch    50] avg loss: 0.6131
[Epoch 12, Batch   100] avg loss: 0.6144
[Epoch 12, Batch   150] avg loss: 0.6160
[Epoch 12, Batch   200] avg loss: 0.6142
[Epoch 12, Batch   250] avg loss: 0.6144
[Epoch 12, Batch   300] avg loss: 0.6098
Validation loss: 0.6327 (61 batches)
loss_per_epoch_list on epoch 12 is [0.7099431157112122, 0.6623056052161045, 0.6590231588629426, 0.6599835450532007, 0.7130138131438709, 0.656345926347326, 0.695669207416597, 0.6765335241302115, 0.7509409189224243, 0.6367865458863681, 0.7578946508345057, 0.6327065405298452]

Checkpoint saved at /cluster/tufts/capstone25skyblue/eelkus01/NEXRADTurbulencePrediction/model_training/trained_model_outputs/hybrid_42_model_checkpoint.pth for l2_alpha_idx: 2, fold 5, and epoch 12
BEGINNING EPOCH 13
[Epoch 13, Batch    50] avg loss: 0.6055
[Epoch 13, Batch   100] avg loss: 0.6152
[Epoch 13, Batch   150] avg loss: 0.6138
[Epoch 13, Batch   200] avg loss: 0.6070
[Epoch 13, Batch   250] avg loss: 0.6111
[Epoch 13, Batch   300] avg loss: 0.5988
Validation loss: 0.9473 (61 batches)
loss_per_epoch_list on epoch 13 is [0.7099431157112122, 0.6623056052161045, 0.6590231588629426, 0.6599835450532007, 0.7130138131438709, 0.656345926347326, 0.695669207416597, 0.6765335241302115, 0.7509409189224243, 0.6367865458863681, 0.7578946508345057, 0.6327065405298452, 0.9472860019715106]

Checkpoint saved at /cluster/tufts/capstone25skyblue/eelkus01/NEXRADTurbulencePrediction/model_training/trained_model_outputs/hybrid_42_model_checkpoint.pth for l2_alpha_idx: 2, fold 5, and epoch 13
BEGINNING EPOCH 14
[Epoch 14, Batch    50] avg loss: 0.6091
[Epoch 14, Batch   100] avg loss: 0.6075
[Epoch 14, Batch   150] avg loss: 0.5961
[Epoch 14, Batch   200] avg loss: 0.5892
[Epoch 14, Batch   250] avg loss: 0.5909
[Epoch 14, Batch   300] avg loss: 0.5872
Validation loss: 0.9525 (61 batches)
loss_per_epoch_list on epoch 14 is [0.7099431157112122, 0.6623056052161045, 0.6590231588629426, 0.6599835450532007, 0.7130138131438709, 0.656345926347326, 0.695669207416597, 0.6765335241302115, 0.7509409189224243, 0.6367865458863681, 0.7578946508345057, 0.6327065405298452, 0.9472860019715106, 0.9524888132439285]

Checkpoint saved at /cluster/tufts/capstone25skyblue/eelkus01/NEXRADTurbulencePrediction/model_training/trained_model_outputs/hybrid_42_model_checkpoint.pth for l2_alpha_idx: 2, fold 5, and epoch 14
BEGINNING EPOCH 15
[Epoch 15, Batch    50] avg loss: 0.5940
[Epoch 15, Batch   100] avg loss: 0.5990
[Epoch 15, Batch   150] avg loss: 0.5739
[Epoch 15, Batch   200] avg loss: 0.5946
[Epoch 15, Batch   250] avg loss: 0.5850
[Epoch 15, Batch   300] avg loss: 0.5882
Validation loss: 0.6256 (61 batches)
loss_per_epoch_list on epoch 15 is [0.7099431157112122, 0.6623056052161045, 0.6590231588629426, 0.6599835450532007, 0.7130138131438709, 0.656345926347326, 0.695669207416597, 0.6765335241302115, 0.7509409189224243, 0.6367865458863681, 0.7578946508345057, 0.6327065405298452, 0.9472860019715106, 0.9524888132439285, 0.6256275777934027]

Checkpoint saved at /cluster/tufts/capstone25skyblue/eelkus01/NEXRADTurbulencePrediction/model_training/trained_model_outputs/hybrid_42_model_checkpoint.pth for l2_alpha_idx: 2, fold 5, and epoch 15
BEGINNING EPOCH 16
[Epoch 16, Batch    50] avg loss: 0.5878
[Epoch 16, Batch   100] avg loss: 0.5808
[Epoch 16, Batch   150] avg loss: 0.5833
[Epoch 16, Batch   200] avg loss: 0.5823
[Epoch 16, Batch   250] avg loss: 0.5826
[Epoch 16, Batch   300] avg loss: 0.5711
Validation loss: 0.6501 (61 batches)
loss_per_epoch_list on epoch 16 is [0.7099431157112122, 0.6623056052161045, 0.6590231588629426, 0.6599835450532007, 0.7130138131438709, 0.656345926347326, 0.695669207416597, 0.6765335241302115, 0.7509409189224243, 0.6367865458863681, 0.7578946508345057, 0.6327065405298452, 0.9472860019715106, 0.9524888132439285, 0.6256275777934027, 0.6501401418545207]

Checkpoint saved at /cluster/tufts/capstone25skyblue/eelkus01/NEXRADTurbulencePrediction/model_training/trained_model_outputs/hybrid_42_model_checkpoint.pth for l2_alpha_idx: 2, fold 5, and epoch 16
BEGINNING EPOCH 17
[Epoch 17, Batch    50] avg loss: 0.5737
[Epoch 17, Batch   100] avg loss: 0.5760
[Epoch 17, Batch   150] avg loss: 0.5663
[Epoch 17, Batch   200] avg loss: 0.5590
[Epoch 17, Batch   250] avg loss: 0.5602
[Epoch 17, Batch   300] avg loss: 0.5649
Validation loss: 0.7185 (61 batches)
loss_per_epoch_list on epoch 17 is [0.7099431157112122, 0.6623056052161045, 0.6590231588629426, 0.6599835450532007, 0.7130138131438709, 0.656345926347326, 0.695669207416597, 0.6765335241302115, 0.7509409189224243, 0.6367865458863681, 0.7578946508345057, 0.6327065405298452, 0.9472860019715106, 0.9524888132439285, 0.6256275777934027, 0.6501401418545207, 0.7184527770417636]

Checkpoint saved at /cluster/tufts/capstone25skyblue/eelkus01/NEXRADTurbulencePrediction/model_training/trained_model_outputs/hybrid_42_model_checkpoint.pth for l2_alpha_idx: 2, fold 5, and epoch 17
BEGINNING EPOCH 18
[Epoch 18, Batch    50] avg loss: 0.5627
[Epoch 18, Batch   100] avg loss: 0.5600
[Epoch 18, Batch   150] avg loss: 0.5589
[Epoch 18, Batch   200] avg loss: 0.5523
[Epoch 18, Batch   250] avg loss: 0.5832
[Epoch 18, Batch   300] avg loss: 0.5438
Validation loss: 0.6649 (61 batches)
loss_per_epoch_list on epoch 18 is [0.7099431157112122, 0.6623056052161045, 0.6590231588629426, 0.6599835450532007, 0.7130138131438709, 0.656345926347326, 0.695669207416597, 0.6765335241302115, 0.7509409189224243, 0.6367865458863681, 0.7578946508345057, 0.6327065405298452, 0.9472860019715106, 0.9524888132439285, 0.6256275777934027, 0.6501401418545207, 0.7184527770417636, 0.6649056487396116]

Checkpoint saved at /cluster/tufts/capstone25skyblue/eelkus01/NEXRADTurbulencePrediction/model_training/trained_model_outputs/hybrid_42_model_checkpoint.pth for l2_alpha_idx: 2, fold 5, and epoch 18
BEGINNING EPOCH 19
[Epoch 19, Batch    50] avg loss: 0.5446
[Epoch 19, Batch   100] avg loss: 0.5541
[Epoch 19, Batch   150] avg loss: 0.5447
[Epoch 19, Batch   200] avg loss: 0.5359
[Epoch 19, Batch   250] avg loss: 0.5406
[Epoch 19, Batch   300] avg loss: 0.5287
Validation loss: 0.7435 (61 batches)
loss_per_epoch_list on epoch 19 is [0.7099431157112122, 0.6623056052161045, 0.6590231588629426, 0.6599835450532007, 0.7130138131438709, 0.656345926347326, 0.695669207416597, 0.6765335241302115, 0.7509409189224243, 0.6367865458863681, 0.7578946508345057, 0.6327065405298452, 0.9472860019715106, 0.9524888132439285, 0.6256275777934027, 0.6501401418545207, 0.7184527770417636, 0.6649056487396116, 0.7435065864539537]

Checkpoint saved at /cluster/tufts/capstone25skyblue/eelkus01/NEXRADTurbulencePrediction/model_training/trained_model_outputs/hybrid_42_model_checkpoint.pth for l2_alpha_idx: 2, fold 5, and epoch 19
BEGINNING EPOCH 20
[Epoch 20, Batch    50] avg loss: 0.5272
[Epoch 20, Batch   100] avg loss: 0.5579
[Epoch 20, Batch   150] avg loss: 0.5325
[Epoch 20, Batch   200] avg loss: 0.5434
[Epoch 20, Batch   250] avg loss: 0.5330
[Epoch 20, Batch   300] avg loss: 0.5250
Validation loss: 0.8909 (61 batches)
loss_per_epoch_list on epoch 20 is [0.7099431157112122, 0.6623056052161045, 0.6590231588629426, 0.6599835450532007, 0.7130138131438709, 0.656345926347326, 0.695669207416597, 0.6765335241302115, 0.7509409189224243, 0.6367865458863681, 0.7578946508345057, 0.6327065405298452, 0.9472860019715106, 0.9524888132439285, 0.6256275777934027, 0.6501401418545207, 0.7184527770417636, 0.6649056487396116, 0.7435065864539537, 0.8908514683363867]

Checkpoint saved at /cluster/tufts/capstone25skyblue/eelkus01/NEXRADTurbulencePrediction/model_training/trained_model_outputs/hybrid_42_model_checkpoint.pth for l2_alpha_idx: 2, fold 5, and epoch 20
BEGINNING EPOCH 21
[Epoch 21, Batch    50] avg loss: 0.5297
[Epoch 21, Batch   100] avg loss: 0.5261
[Epoch 21, Batch   150] avg loss: 0.5094
[Epoch 21, Batch   200] avg loss: 0.5174
[Epoch 21, Batch   250] avg loss: 0.5148
[Epoch 21, Batch   300] avg loss: 0.5038
Validation loss: 0.9532 (61 batches)
loss_per_epoch_list on epoch 21 is [0.7099431157112122, 0.6623056052161045, 0.6590231588629426, 0.6599835450532007, 0.7130138131438709, 0.656345926347326, 0.695669207416597, 0.6765335241302115, 0.7509409189224243, 0.6367865458863681, 0.7578946508345057, 0.6327065405298452, 0.9472860019715106, 0.9524888132439285, 0.6256275777934027, 0.6501401418545207, 0.7184527770417636, 0.6649056487396116, 0.7435065864539537, 0.8908514683363867, 0.9531925711475435]

Checkpoint saved at /cluster/tufts/capstone25skyblue/eelkus01/NEXRADTurbulencePrediction/model_training/trained_model_outputs/hybrid_42_model_checkpoint.pth for l2_alpha_idx: 2, fold 5, and epoch 21
BEGINNING EPOCH 22
[Epoch 22, Batch    50] avg loss: 0.5114
[Epoch 22, Batch   100] avg loss: 0.4978
[Epoch 22, Batch   150] avg loss: 0.5053
[Epoch 22, Batch   200] avg loss: 0.4993
[Epoch 22, Batch   250] avg loss: 0.5047
[Epoch 22, Batch   300] avg loss: 0.4936
Validation loss: 0.8493 (61 batches)
loss_per_epoch_list on epoch 22 is [0.7099431157112122, 0.6623056052161045, 0.6590231588629426, 0.6599835450532007, 0.7130138131438709, 0.656345926347326, 0.695669207416597, 0.6765335241302115, 0.7509409189224243, 0.6367865458863681, 0.7578946508345057, 0.6327065405298452, 0.9472860019715106, 0.9524888132439285, 0.6256275777934027, 0.6501401418545207, 0.7184527770417636, 0.6649056487396116, 0.7435065864539537, 0.8908514683363867, 0.9531925711475435, 0.8492890933498007]

Checkpoint saved at /cluster/tufts/capstone25skyblue/eelkus01/NEXRADTurbulencePrediction/model_training/trained_model_outputs/hybrid_42_model_checkpoint.pth for l2_alpha_idx: 2, fold 5, and epoch 22
BEGINNING EPOCH 23
[Epoch 23, Batch    50] avg loss: 0.4989
[Epoch 23, Batch   100] avg loss: 0.5103
[Epoch 23, Batch   150] avg loss: 0.4920
[Epoch 23, Batch   200] avg loss: 0.4900
[Epoch 23, Batch   250] avg loss: 0.4765
[Epoch 23, Batch   300] avg loss: 0.4878
Validation loss: 0.8772 (61 batches)
loss_per_epoch_list on epoch 23 is [0.7099431157112122, 0.6623056052161045, 0.6590231588629426, 0.6599835450532007, 0.7130138131438709, 0.656345926347326, 0.695669207416597, 0.6765335241302115, 0.7509409189224243, 0.6367865458863681, 0.7578946508345057, 0.6327065405298452, 0.9472860019715106, 0.9524888132439285, 0.6256275777934027, 0.6501401418545207, 0.7184527770417636, 0.6649056487396116, 0.7435065864539537, 0.8908514683363867, 0.9531925711475435, 0.8492890933498007, 0.8772022235588949]

Checkpoint saved at /cluster/tufts/capstone25skyblue/eelkus01/NEXRADTurbulencePrediction/model_training/trained_model_outputs/hybrid_42_model_checkpoint.pth for l2_alpha_idx: 2, fold 5, and epoch 23
BEGINNING EPOCH 24
[Epoch 24, Batch    50] avg loss: 0.4812
[Epoch 24, Batch   100] avg loss: 0.4921
[Epoch 24, Batch   150] avg loss: 0.4794
[Epoch 24, Batch   200] avg loss: 0.4800
[Epoch 24, Batch   250] avg loss: 0.4746
[Epoch 24, Batch   300] avg loss: 0.4817
Validation loss: 0.7854 (61 batches)
loss_per_epoch_list on epoch 24 is [0.7099431157112122, 0.6623056052161045, 0.6590231588629426, 0.6599835450532007, 0.7130138131438709, 0.656345926347326, 0.695669207416597, 0.6765335241302115, 0.7509409189224243, 0.6367865458863681, 0.7578946508345057, 0.6327065405298452, 0.9472860019715106, 0.9524888132439285, 0.6256275777934027, 0.6501401418545207, 0.7184527770417636, 0.6649056487396116, 0.7435065864539537, 0.8908514683363867, 0.9531925711475435, 0.8492890933498007, 0.8772022235588949, 0.7853883573266326]

Checkpoint saved at /cluster/tufts/capstone25skyblue/eelkus01/NEXRADTurbulencePrediction/model_training/trained_model_outputs/hybrid_42_model_checkpoint.pth for l2_alpha_idx: 2, fold 5, and epoch 24
BEGINNING EPOCH 25
[Epoch 25, Batch    50] avg loss: 0.4633
[Epoch 25, Batch   100] avg loss: 0.4851
[Epoch 25, Batch   150] avg loss: 0.4643
[Epoch 25, Batch   200] avg loss: 0.4650
[Epoch 25, Batch   250] avg loss: 0.4603
[Epoch 25, Batch   300] avg loss: 0.4520
Validation loss: 0.8182 (61 batches)
loss_per_epoch_list on epoch 25 is [0.7099431157112122, 0.6623056052161045, 0.6590231588629426, 0.6599835450532007, 0.7130138131438709, 0.656345926347326, 0.695669207416597, 0.6765335241302115, 0.7509409189224243, 0.6367865458863681, 0.7578946508345057, 0.6327065405298452, 0.9472860019715106, 0.9524888132439285, 0.6256275777934027, 0.6501401418545207, 0.7184527770417636, 0.6649056487396116, 0.7435065864539537, 0.8908514683363867, 0.9531925711475435, 0.8492890933498007, 0.8772022235588949, 0.7853883573266326, 0.8181871019425939]

Checkpoint saved at /cluster/tufts/capstone25skyblue/eelkus01/NEXRADTurbulencePrediction/model_training/trained_model_outputs/hybrid_42_model_checkpoint.pth for l2_alpha_idx: 2, fold 5, and epoch 25
BEGINNING EPOCH 26
[Epoch 26, Batch    50] avg loss: 0.4558
[Epoch 26, Batch   100] avg loss: 0.4724
[Epoch 26, Batch   150] avg loss: 0.4531
[Epoch 26, Batch   200] avg loss: 0.4470
[Epoch 26, Batch   250] avg loss: 0.4570
[Epoch 26, Batch   300] avg loss: 0.4483
Validation loss: 0.7848 (61 batches)
loss_per_epoch_list on epoch 26 is [0.7099431157112122, 0.6623056052161045, 0.6590231588629426, 0.6599835450532007, 0.7130138131438709, 0.656345926347326, 0.695669207416597, 0.6765335241302115, 0.7509409189224243, 0.6367865458863681, 0.7578946508345057, 0.6327065405298452, 0.9472860019715106, 0.9524888132439285, 0.6256275777934027, 0.6501401418545207, 0.7184527770417636, 0.6649056487396116, 0.7435065864539537, 0.8908514683363867, 0.9531925711475435, 0.8492890933498007, 0.8772022235588949, 0.7853883573266326, 0.8181871019425939, 0.7848400688562237]

Checkpoint saved at /cluster/tufts/capstone25skyblue/eelkus01/NEXRADTurbulencePrediction/model_training/trained_model_outputs/hybrid_42_model_checkpoint.pth for l2_alpha_idx: 2, fold 5, and epoch 26
BEGINNING EPOCH 27
[Epoch 27, Batch    50] avg loss: 0.4445
[Epoch 27, Batch   100] avg loss: 0.4412
[Epoch 27, Batch   150] avg loss: 0.4458
[Epoch 27, Batch   200] avg loss: 0.4322
[Epoch 27, Batch   250] avg loss: 0.4409
[Epoch 27, Batch   300] avg loss: 0.4328
Validation loss: 0.8262 (61 batches)
loss_per_epoch_list on epoch 27 is [0.7099431157112122, 0.6623056052161045, 0.6590231588629426, 0.6599835450532007, 0.7130138131438709, 0.656345926347326, 0.695669207416597, 0.6765335241302115, 0.7509409189224243, 0.6367865458863681, 0.7578946508345057, 0.6327065405298452, 0.9472860019715106, 0.9524888132439285, 0.6256275777934027, 0.6501401418545207, 0.7184527770417636, 0.6649056487396116, 0.7435065864539537, 0.8908514683363867, 0.9531925711475435, 0.8492890933498007, 0.8772022235588949, 0.7853883573266326, 0.8181871019425939, 0.7848400688562237, 0.8261747330915733]

Checkpoint saved at /cluster/tufts/capstone25skyblue/eelkus01/NEXRADTurbulencePrediction/model_training/trained_model_outputs/hybrid_42_model_checkpoint.pth for l2_alpha_idx: 2, fold 5, and epoch 27
BEGINNING EPOCH 28
[Epoch 28, Batch    50] avg loss: 0.4249
[Epoch 28, Batch   100] avg loss: 0.4202
[Epoch 28, Batch   150] avg loss: 0.4407
[Epoch 28, Batch   200] avg loss: 0.4211
[Epoch 28, Batch   250] avg loss: 0.4442
[Epoch 28, Batch   300] avg loss: 0.4118
Validation loss: 0.9313 (61 batches)
loss_per_epoch_list on epoch 28 is [0.7099431157112122, 0.6623056052161045, 0.6590231588629426, 0.6599835450532007, 0.7130138131438709, 0.656345926347326, 0.695669207416597, 0.6765335241302115, 0.7509409189224243, 0.6367865458863681, 0.7578946508345057, 0.6327065405298452, 0.9472860019715106, 0.9524888132439285, 0.6256275777934027, 0.6501401418545207, 0.7184527770417636, 0.6649056487396116, 0.7435065864539537, 0.8908514683363867, 0.9531925711475435, 0.8492890933498007, 0.8772022235588949, 0.7853883573266326, 0.8181871019425939, 0.7848400688562237, 0.8261747330915733, 0.9312767210553904]

Checkpoint saved at /cluster/tufts/capstone25skyblue/eelkus01/NEXRADTurbulencePrediction/model_training/trained_model_outputs/hybrid_42_model_checkpoint.pth for l2_alpha_idx: 2, fold 5, and epoch 28
BEGINNING EPOCH 29
[Epoch 29, Batch    50] avg loss: 0.4314
[Epoch 29, Batch   100] avg loss: 0.4282
[Epoch 29, Batch   150] avg loss: 0.4220
[Epoch 29, Batch   200] avg loss: 0.4155
[Epoch 29, Batch   250] avg loss: 0.4321
[Epoch 29, Batch   300] avg loss: 0.4006
Validation loss: 0.8425 (61 batches)
loss_per_epoch_list on epoch 29 is [0.7099431157112122, 0.6623056052161045, 0.6590231588629426, 0.6599835450532007, 0.7130138131438709, 0.656345926347326, 0.695669207416597, 0.6765335241302115, 0.7509409189224243, 0.6367865458863681, 0.7578946508345057, 0.6327065405298452, 0.9472860019715106, 0.9524888132439285, 0.6256275777934027, 0.6501401418545207, 0.7184527770417636, 0.6649056487396116, 0.7435065864539537, 0.8908514683363867, 0.9531925711475435, 0.8492890933498007, 0.8772022235588949, 0.7853883573266326, 0.8181871019425939, 0.7848400688562237, 0.8261747330915733, 0.9312767210553904, 0.84245900834193]

Checkpoint saved at /cluster/tufts/capstone25skyblue/eelkus01/NEXRADTurbulencePrediction/model_training/trained_model_outputs/hybrid_42_model_checkpoint.pth for l2_alpha_idx: 2, fold 5, and epoch 29
Fold 5 had loss: 0.84245900834193 on its last epoch

l2_loss_list is now [0.8289966932574256, 0.9448888585215709, 0.872759738743631]

Beginning 6-fold Cross Validation with l2_alpha = 0
Fold 0 with l2_alpha = 0
Train subset size: 19253, Validation subset size: 3851
BEGINNING EPOCH 1
[Epoch 1, Batch    50] avg loss: 1.3191
[Epoch 1, Batch   100] avg loss: 0.7135
[Epoch 1, Batch   150] avg loss: 0.8203
[Epoch 1, Batch   200] avg loss: 0.7145
[Epoch 1, Batch   250] avg loss: 0.7017
[Epoch 1, Batch   300] avg loss: 0.7336
Validation loss: 0.6978 (61 batches)
loss_per_epoch_list on epoch 1 is [0.6977984250568953]

Checkpoint saved at /cluster/tufts/capstone25skyblue/eelkus01/NEXRADTurbulencePrediction/model_training/trained_model_outputs/hybrid_42_model_checkpoint.pth for l2_alpha_idx: 3, fold 0, and epoch 1
BEGINNING EPOCH 2
[Epoch 2, Batch    50] avg loss: 0.6926
[Epoch 2, Batch   100] avg loss: 0.6796
[Epoch 2, Batch   150] avg loss: 0.6757
[Epoch 2, Batch   200] avg loss: 0.6794
[Epoch 2, Batch   250] avg loss: 0.6712
[Epoch 2, Batch   300] avg loss: 0.6608
Validation loss: 0.6886 (61 batches)
loss_per_epoch_list on epoch 2 is [0.6977984250568953, 0.6886268091983483]

Checkpoint saved at /cluster/tufts/capstone25skyblue/eelkus01/NEXRADTurbulencePrediction/model_training/trained_model_outputs/hybrid_42_model_checkpoint.pth for l2_alpha_idx: 3, fold 0, and epoch 2
BEGINNING EPOCH 3
[Epoch 3, Batch    50] avg loss: 0.6783
[Epoch 3, Batch   100] avg loss: 0.6584
[Epoch 3, Batch   150] avg loss: 0.6569
[Epoch 3, Batch   200] avg loss: 0.6626
[Epoch 3, Batch   250] avg loss: 0.6611
[Epoch 3, Batch   300] avg loss: 0.6574
Validation loss: 0.6679 (61 batches)
loss_per_epoch_list on epoch 3 is [0.6977984250568953, 0.6886268091983483, 0.6679200793876022]

Checkpoint saved at /cluster/tufts/capstone25skyblue/eelkus01/NEXRADTurbulencePrediction/model_training/trained_model_outputs/hybrid_42_model_checkpoint.pth for l2_alpha_idx: 3, fold 0, and epoch 3
BEGINNING EPOCH 4
[Epoch 4, Batch    50] avg loss: 0.6534
[Epoch 4, Batch   100] avg loss: 0.6530
[Epoch 4, Batch   150] avg loss: 0.6549
[Epoch 4, Batch   200] avg loss: 0.6550
[Epoch 4, Batch   250] avg loss: 0.6513
[Epoch 4, Batch   300] avg loss: 0.6531
Validation loss: 0.6817 (61 batches)
loss_per_epoch_list on epoch 4 is [0.6977984250568953, 0.6886268091983483, 0.6679200793876022, 0.6817395491678206]

Checkpoint saved at /cluster/tufts/capstone25skyblue/eelkus01/NEXRADTurbulencePrediction/model_training/trained_model_outputs/hybrid_42_model_checkpoint.pth for l2_alpha_idx: 3, fold 0, and epoch 4
BEGINNING EPOCH 5
[Epoch 5, Batch    50] avg loss: 0.6469
[Epoch 5, Batch   100] avg loss: 0.6473
[Epoch 5, Batch   150] avg loss: 0.6522
[Epoch 5, Batch   200] avg loss: 0.6388
[Epoch 5, Batch   250] avg loss: 0.6483
[Epoch 5, Batch   300] avg loss: 0.6490
Validation loss: 0.6897 (61 batches)
loss_per_epoch_list on epoch 5 is [0.6977984250568953, 0.6886268091983483, 0.6679200793876022, 0.6817395491678206, 0.6896719121542133]

Checkpoint saved at /cluster/tufts/capstone25skyblue/eelkus01/NEXRADTurbulencePrediction/model_training/trained_model_outputs/hybrid_42_model_checkpoint.pth for l2_alpha_idx: 3, fold 0, and epoch 5
BEGINNING EPOCH 6
[Epoch 6, Batch    50] avg loss: 0.6404
[Epoch 6, Batch   100] avg loss: 0.6461
[Epoch 6, Batch   150] avg loss: 0.6468
[Epoch 6, Batch   200] avg loss: 0.6424
[Epoch 6, Batch   250] avg loss: 0.6498
[Epoch 6, Batch   300] avg loss: 0.6405
Validation loss: 0.6851 (61 batches)
loss_per_epoch_list on epoch 6 is [0.6977984250568953, 0.6886268091983483, 0.6679200793876022, 0.6817395491678206, 0.6896719121542133, 0.6851007567077386]

Checkpoint saved at /cluster/tufts/capstone25skyblue/eelkus01/NEXRADTurbulencePrediction/model_training/trained_model_outputs/hybrid_42_model_checkpoint.pth for l2_alpha_idx: 3, fold 0, and epoch 6
BEGINNING EPOCH 7
[Epoch 7, Batch    50] avg loss: 0.6421
[Epoch 7, Batch   100] avg loss: 0.6460
[Epoch 7, Batch   150] avg loss: 0.6490
[Epoch 7, Batch   200] avg loss: 0.6419
[Epoch 7, Batch   250] avg loss: 0.6426
[Epoch 7, Batch   300] avg loss: 0.6422
Validation loss: 0.6898 (61 batches)
loss_per_epoch_list on epoch 7 is [0.6977984250568953, 0.6886268091983483, 0.6679200793876022, 0.6817395491678206, 0.6896719121542133, 0.6851007567077386, 0.6897686680809396]

Checkpoint saved at /cluster/tufts/capstone25skyblue/eelkus01/NEXRADTurbulencePrediction/model_training/trained_model_outputs/hybrid_42_model_checkpoint.pth for l2_alpha_idx: 3, fold 0, and epoch 7
BEGINNING EPOCH 8
[Epoch 8, Batch    50] avg loss: 0.6471
[Epoch 8, Batch   100] avg loss: 0.6431
[Epoch 8, Batch   150] avg loss: 0.6287
[Epoch 8, Batch   200] avg loss: 0.6319
[Epoch 8, Batch   250] avg loss: 0.6219
[Epoch 8, Batch   300] avg loss: 0.6319
Validation loss: 0.7947 (61 batches)
loss_per_epoch_list on epoch 8 is [0.6977984250568953, 0.6886268091983483, 0.6679200793876022, 0.6817395491678206, 0.6896719121542133, 0.6851007567077386, 0.6897686680809396, 0.7946813819838352]

Checkpoint saved at /cluster/tufts/capstone25skyblue/eelkus01/NEXRADTurbulencePrediction/model_training/trained_model_outputs/hybrid_42_model_checkpoint.pth for l2_alpha_idx: 3, fold 0, and epoch 8
BEGINNING EPOCH 9
[Epoch 9, Batch    50] avg loss: 0.6314
[Epoch 9, Batch   100] avg loss: 0.6348
[Epoch 9, Batch   150] avg loss: 0.6317
[Epoch 9, Batch   200] avg loss: 0.6284
[Epoch 9, Batch   250] avg loss: 0.6268
[Epoch 9, Batch   300] avg loss: 0.6480
Validation loss: 0.6493 (61 batches)
loss_per_epoch_list on epoch 9 is [0.6977984250568953, 0.6886268091983483, 0.6679200793876022, 0.6817395491678206, 0.6896719121542133, 0.6851007567077386, 0.6897686680809396, 0.7946813819838352, 0.6492509118846206]

Checkpoint saved at /cluster/tufts/capstone25skyblue/eelkus01/NEXRADTurbulencePrediction/model_training/trained_model_outputs/hybrid_42_model_checkpoint.pth for l2_alpha_idx: 3, fold 0, and epoch 9
BEGINNING EPOCH 10
[Epoch 10, Batch    50] avg loss: 0.6319
[Epoch 10, Batch   100] avg loss: 0.6178
[Epoch 10, Batch   150] avg loss: 0.6317
[Epoch 10, Batch   200] avg loss: 0.6232
[Epoch 10, Batch   250] avg loss: 0.6186
[Epoch 10, Batch   300] avg loss: 0.6282
Validation loss: 0.6400 (61 batches)
loss_per_epoch_list on epoch 10 is [0.6977984250568953, 0.6886268091983483, 0.6679200793876022, 0.6817395491678206, 0.6896719121542133, 0.6851007567077386, 0.6897686680809396, 0.7946813819838352, 0.6492509118846206, 0.6400457806274539]

Checkpoint saved at /cluster/tufts/capstone25skyblue/eelkus01/NEXRADTurbulencePrediction/model_training/trained_model_outputs/hybrid_42_model_checkpoint.pth for l2_alpha_idx: 3, fold 0, and epoch 10
BEGINNING EPOCH 11
[Epoch 11, Batch    50] avg loss: 0.6224
[Epoch 11, Batch   100] avg loss: 0.6304
[Epoch 11, Batch   150] avg loss: 0.6341
[Epoch 11, Batch   200] avg loss: 0.6255
[Epoch 11, Batch   250] avg loss: 0.6172
[Epoch 11, Batch   300] avg loss: 0.6262
Validation loss: 0.7337 (61 batches)
loss_per_epoch_list on epoch 11 is [0.6977984250568953, 0.6886268091983483, 0.6679200793876022, 0.6817395491678206, 0.6896719121542133, 0.6851007567077386, 0.6897686680809396, 0.7946813819838352, 0.6492509118846206, 0.6400457806274539, 0.7337013463504979]

Checkpoint saved at /cluster/tufts/capstone25skyblue/eelkus01/NEXRADTurbulencePrediction/model_training/trained_model_outputs/hybrid_42_model_checkpoint.pth for l2_alpha_idx: 3, fold 0, and epoch 11
BEGINNING EPOCH 12
[Epoch 12, Batch    50] avg loss: 0.6194
[Epoch 12, Batch   100] avg loss: 0.6173
[Epoch 12, Batch   150] avg loss: 0.6174
[Epoch 12, Batch   200] avg loss: 0.6173
[Epoch 12, Batch   250] avg loss: 0.6200
[Epoch 12, Batch   300] avg loss: 0.6108
Validation loss: 0.6287 (61 batches)
loss_per_epoch_list on epoch 12 is [0.6977984250568953, 0.6886268091983483, 0.6679200793876022, 0.6817395491678206, 0.6896719121542133, 0.6851007567077386, 0.6897686680809396, 0.7946813819838352, 0.6492509118846206, 0.6400457806274539, 0.7337013463504979, 0.6286506037243077]

Checkpoint saved at /cluster/tufts/capstone25skyblue/eelkus01/NEXRADTurbulencePrediction/model_training/trained_model_outputs/hybrid_42_model_checkpoint.pth for l2_alpha_idx: 3, fold 0, and epoch 12
BEGINNING EPOCH 13
[Epoch 13, Batch    50] avg loss: 0.5924
[Epoch 13, Batch   100] avg loss: 0.6120
[Epoch 13, Batch   150] avg loss: 0.5968
[Epoch 13, Batch   200] avg loss: 0.6123
[Epoch 13, Batch   250] avg loss: 0.5988
[Epoch 13, Batch   300] avg loss: 0.5989
Validation loss: 0.8395 (61 batches)
loss_per_epoch_list on epoch 13 is [0.6977984250568953, 0.6886268091983483, 0.6679200793876022, 0.6817395491678206, 0.6896719121542133, 0.6851007567077386, 0.6897686680809396, 0.7946813819838352, 0.6492509118846206, 0.6400457806274539, 0.7337013463504979, 0.6286506037243077, 0.8394753815697842]

Checkpoint saved at /cluster/tufts/capstone25skyblue/eelkus01/NEXRADTurbulencePrediction/model_training/trained_model_outputs/hybrid_42_model_checkpoint.pth for l2_alpha_idx: 3, fold 0, and epoch 13
BEGINNING EPOCH 14
[Epoch 14, Batch    50] avg loss: 0.5873
[Epoch 14, Batch   100] avg loss: 0.6006
[Epoch 14, Batch   150] avg loss: 0.5961
[Epoch 14, Batch   200] avg loss: 0.5924
[Epoch 14, Batch   250] avg loss: 0.5962
[Epoch 14, Batch   300] avg loss: 0.5913
Validation loss: 0.6902 (61 batches)
loss_per_epoch_list on epoch 14 is [0.6977984250568953, 0.6886268091983483, 0.6679200793876022, 0.6817395491678206, 0.6896719121542133, 0.6851007567077386, 0.6897686680809396, 0.7946813819838352, 0.6492509118846206, 0.6400457806274539, 0.7337013463504979, 0.6286506037243077, 0.8394753815697842, 0.690214605605016]

Checkpoint saved at /cluster/tufts/capstone25skyblue/eelkus01/NEXRADTurbulencePrediction/model_training/trained_model_outputs/hybrid_42_model_checkpoint.pth for l2_alpha_idx: 3, fold 0, and epoch 14
BEGINNING EPOCH 15
[Epoch 15, Batch    50] avg loss: 0.6012
[Epoch 15, Batch   100] avg loss: 0.5852
[Epoch 15, Batch   150] avg loss: 0.5964
[Epoch 15, Batch   200] avg loss: 0.5947
[Epoch 15, Batch   250] avg loss: 0.5817
[Epoch 15, Batch   300] avg loss: 0.5914
Validation loss: 0.6624 (61 batches)
loss_per_epoch_list on epoch 15 is [0.6977984250568953, 0.6886268091983483, 0.6679200793876022, 0.6817395491678206, 0.6896719121542133, 0.6851007567077386, 0.6897686680809396, 0.7946813819838352, 0.6492509118846206, 0.6400457806274539, 0.7337013463504979, 0.6286506037243077, 0.8394753815697842, 0.690214605605016, 0.66237722899093]

Checkpoint saved at /cluster/tufts/capstone25skyblue/eelkus01/NEXRADTurbulencePrediction/model_training/trained_model_outputs/hybrid_42_model_checkpoint.pth for l2_alpha_idx: 3, fold 0, and epoch 15
BEGINNING EPOCH 16
[Epoch 16, Batch    50] avg loss: 0.5899
[Epoch 16, Batch   100] avg loss: 0.5834
[Epoch 16, Batch   150] avg loss: 0.5821
[Epoch 16, Batch   200] avg loss: 0.5758
[Epoch 16, Batch   250] avg loss: 0.5716
[Epoch 16, Batch   300] avg loss: 0.5688
Validation loss: 0.7745 (61 batches)
loss_per_epoch_list on epoch 16 is [0.6977984250568953, 0.6886268091983483, 0.6679200793876022, 0.6817395491678206, 0.6896719121542133, 0.6851007567077386, 0.6897686680809396, 0.7946813819838352, 0.6492509118846206, 0.6400457806274539, 0.7337013463504979, 0.6286506037243077, 0.8394753815697842, 0.690214605605016, 0.66237722899093, 0.7745469740179719]

Checkpoint saved at /cluster/tufts/capstone25skyblue/eelkus01/NEXRADTurbulencePrediction/model_training/trained_model_outputs/hybrid_42_model_checkpoint.pth for l2_alpha_idx: 3, fold 0, and epoch 16
BEGINNING EPOCH 17
[Epoch 17, Batch    50] avg loss: 0.5766
[Epoch 17, Batch   100] avg loss: 0.5720
[Epoch 17, Batch   150] avg loss: 0.5868
[Epoch 17, Batch   200] avg loss: 0.5629
[Epoch 17, Batch   250] avg loss: 0.5679
[Epoch 17, Batch   300] avg loss: 0.5650
Validation loss: 0.7019 (61 batches)
loss_per_epoch_list on epoch 17 is [0.6977984250568953, 0.6886268091983483, 0.6679200793876022, 0.6817395491678206, 0.6896719121542133, 0.6851007567077386, 0.6897686680809396, 0.7946813819838352, 0.6492509118846206, 0.6400457806274539, 0.7337013463504979, 0.6286506037243077, 0.8394753815697842, 0.690214605605016, 0.66237722899093, 0.7745469740179719, 0.7018621935219062]

Checkpoint saved at /cluster/tufts/capstone25skyblue/eelkus01/NEXRADTurbulencePrediction/model_training/trained_model_outputs/hybrid_42_model_checkpoint.pth for l2_alpha_idx: 3, fold 0, and epoch 17
BEGINNING EPOCH 18
[Epoch 18, Batch    50] avg loss: 0.5648
[Epoch 18, Batch   100] avg loss: 0.5642
[Epoch 18, Batch   150] avg loss: 0.5551
[Epoch 18, Batch   200] avg loss: 0.5497
[Epoch 18, Batch   250] avg loss: 0.5566
[Epoch 18, Batch   300] avg loss: 0.5496
Validation loss: 0.7510 (61 batches)
loss_per_epoch_list on epoch 18 is [0.6977984250568953, 0.6886268091983483, 0.6679200793876022, 0.6817395491678206, 0.6896719121542133, 0.6851007567077386, 0.6897686680809396, 0.7946813819838352, 0.6492509118846206, 0.6400457806274539, 0.7337013463504979, 0.6286506037243077, 0.8394753815697842, 0.690214605605016, 0.66237722899093, 0.7745469740179719, 0.7018621935219062, 0.7510123575320009]

Checkpoint saved at /cluster/tufts/capstone25skyblue/eelkus01/NEXRADTurbulencePrediction/model_training/trained_model_outputs/hybrid_42_model_checkpoint.pth for l2_alpha_idx: 3, fold 0, and epoch 18
BEGINNING EPOCH 19
[Epoch 19, Batch    50] avg loss: 0.5323
[Epoch 19, Batch   100] avg loss: 0.5402
[Epoch 19, Batch   150] avg loss: 0.5403
[Epoch 19, Batch   200] avg loss: 0.5294
[Epoch 19, Batch   250] avg loss: 0.5470
[Epoch 19, Batch   300] avg loss: 0.5487
Validation loss: 0.7150 (61 batches)
loss_per_epoch_list on epoch 19 is [0.6977984250568953, 0.6886268091983483, 0.6679200793876022, 0.6817395491678206, 0.6896719121542133, 0.6851007567077386, 0.6897686680809396, 0.7946813819838352, 0.6492509118846206, 0.6400457806274539, 0.7337013463504979, 0.6286506037243077, 0.8394753815697842, 0.690214605605016, 0.66237722899093, 0.7745469740179719, 0.7018621935219062, 0.7510123575320009, 0.7150249749910637]

Checkpoint saved at /cluster/tufts/capstone25skyblue/eelkus01/NEXRADTurbulencePrediction/model_training/trained_model_outputs/hybrid_42_model_checkpoint.pth for l2_alpha_idx: 3, fold 0, and epoch 19
BEGINNING EPOCH 20
[Epoch 20, Batch    50] avg loss: 0.5301
[Epoch 20, Batch   100] avg loss: 0.5287
[Epoch 20, Batch   150] avg loss: 0.5432
[Epoch 20, Batch   200] avg loss: 0.5247
[Epoch 20, Batch   250] avg loss: 0.5172
[Epoch 20, Batch   300] avg loss: 0.5418
Validation loss: 0.7595 (61 batches)
loss_per_epoch_list on epoch 20 is [0.6977984250568953, 0.6886268091983483, 0.6679200793876022, 0.6817395491678206, 0.6896719121542133, 0.6851007567077386, 0.6897686680809396, 0.7946813819838352, 0.6492509118846206, 0.6400457806274539, 0.7337013463504979, 0.6286506037243077, 0.8394753815697842, 0.690214605605016, 0.66237722899093, 0.7745469740179719, 0.7018621935219062, 0.7510123575320009, 0.7150249749910637, 0.7595283994909192]

Checkpoint saved at /cluster/tufts/capstone25skyblue/eelkus01/NEXRADTurbulencePrediction/model_training/trained_model_outputs/hybrid_42_model_checkpoint.pth for l2_alpha_idx: 3, fold 0, and epoch 20
BEGINNING EPOCH 21
[Epoch 21, Batch    50] avg loss: 0.5119
[Epoch 21, Batch   100] avg loss: 0.5333
[Epoch 21, Batch   150] avg loss: 0.5097
[Epoch 21, Batch   200] avg loss: 0.5295
[Epoch 21, Batch   250] avg loss: 0.5213
[Epoch 21, Batch   300] avg loss: 0.5183
Validation loss: 0.7267 (61 batches)
loss_per_epoch_list on epoch 21 is [0.6977984250568953, 0.6886268091983483, 0.6679200793876022, 0.6817395491678206, 0.6896719121542133, 0.6851007567077386, 0.6897686680809396, 0.7946813819838352, 0.6492509118846206, 0.6400457806274539, 0.7337013463504979, 0.6286506037243077, 0.8394753815697842, 0.690214605605016, 0.66237722899093, 0.7745469740179719, 0.7018621935219062, 0.7510123575320009, 0.7150249749910637, 0.7595283994909192, 0.7266640804830145]

Checkpoint saved at /cluster/tufts/capstone25skyblue/eelkus01/NEXRADTurbulencePrediction/model_training/trained_model_outputs/hybrid_42_model_checkpoint.pth for l2_alpha_idx: 3, fold 0, and epoch 21
BEGINNING EPOCH 22
[Epoch 22, Batch    50] avg loss: 0.5201
[Epoch 22, Batch   100] avg loss: 0.5152
[Epoch 22, Batch   150] avg loss: 0.4946
[Epoch 22, Batch   200] avg loss: 0.5236
[Epoch 22, Batch   250] avg loss: 0.4962
[Epoch 22, Batch   300] avg loss: 0.5110
Validation loss: 0.7413 (61 batches)
loss_per_epoch_list on epoch 22 is [0.6977984250568953, 0.6886268091983483, 0.6679200793876022, 0.6817395491678206, 0.6896719121542133, 0.6851007567077386, 0.6897686680809396, 0.7946813819838352, 0.6492509118846206, 0.6400457806274539, 0.7337013463504979, 0.6286506037243077, 0.8394753815697842, 0.690214605605016, 0.66237722899093, 0.7745469740179719, 0.7018621935219062, 0.7510123575320009, 0.7150249749910637, 0.7595283994909192, 0.7266640804830145, 0.741251807232372]

Checkpoint saved at /cluster/tufts/capstone25skyblue/eelkus01/NEXRADTurbulencePrediction/model_training/trained_model_outputs/hybrid_42_model_checkpoint.pth for l2_alpha_idx: 3, fold 0, and epoch 22
BEGINNING EPOCH 23
[Epoch 23, Batch    50] avg loss: 0.5061
[Epoch 23, Batch   100] avg loss: 0.4892
[Epoch 23, Batch   150] avg loss: 0.5016
[Epoch 23, Batch   200] avg loss: 0.4988
[Epoch 23, Batch   250] avg loss: 0.4837
[Epoch 23, Batch   300] avg loss: 0.4863
Validation loss: 0.7520 (61 batches)
loss_per_epoch_list on epoch 23 is [0.6977984250568953, 0.6886268091983483, 0.6679200793876022, 0.6817395491678206, 0.6896719121542133, 0.6851007567077386, 0.6897686680809396, 0.7946813819838352, 0.6492509118846206, 0.6400457806274539, 0.7337013463504979, 0.6286506037243077, 0.8394753815697842, 0.690214605605016, 0.66237722899093, 0.7745469740179719, 0.7018621935219062, 0.7510123575320009, 0.7150249749910637, 0.7595283994909192, 0.7266640804830145, 0.741251807232372, 0.7520215804459619]

Checkpoint saved at /cluster/tufts/capstone25skyblue/eelkus01/NEXRADTurbulencePrediction/model_training/trained_model_outputs/hybrid_42_model_checkpoint.pth for l2_alpha_idx: 3, fold 0, and epoch 23
BEGINNING EPOCH 24
[Epoch 24, Batch    50] avg loss: 0.4902
[Epoch 24, Batch   100] avg loss: 0.4717
[Epoch 24, Batch   150] avg loss: 0.4806
[Epoch 24, Batch   200] avg loss: 0.4555
[Epoch 24, Batch   250] avg loss: 0.4874
[Epoch 24, Batch   300] avg loss: 0.4563
Validation loss: 0.8724 (61 batches)
loss_per_epoch_list on epoch 24 is [0.6977984250568953, 0.6886268091983483, 0.6679200793876022, 0.6817395491678206, 0.6896719121542133, 0.6851007567077386, 0.6897686680809396, 0.7946813819838352, 0.6492509118846206, 0.6400457806274539, 0.7337013463504979, 0.6286506037243077, 0.8394753815697842, 0.690214605605016, 0.66237722899093, 0.7745469740179719, 0.7018621935219062, 0.7510123575320009, 0.7150249749910637, 0.7595283994909192, 0.7266640804830145, 0.741251807232372, 0.7520215804459619, 0.8724303470283258]

Checkpoint saved at /cluster/tufts/capstone25skyblue/eelkus01/NEXRADTurbulencePrediction/model_training/trained_model_outputs/hybrid_42_model_checkpoint.pth for l2_alpha_idx: 3, fold 0, and epoch 24
BEGINNING EPOCH 25
[Epoch 25, Batch    50] avg loss: 0.4755
[Epoch 25, Batch   100] avg loss: 0.4449
[Epoch 25, Batch   150] avg loss: 0.4605
[Epoch 25, Batch   200] avg loss: 0.4614
[Epoch 25, Batch   250] avg loss: 0.4685
[Epoch 25, Batch   300] avg loss: 0.4604
Validation loss: 0.7857 (61 batches)
loss_per_epoch_list on epoch 25 is [0.6977984250568953, 0.6886268091983483, 0.6679200793876022, 0.6817395491678206, 0.6896719121542133, 0.6851007567077386, 0.6897686680809396, 0.7946813819838352, 0.6492509118846206, 0.6400457806274539, 0.7337013463504979, 0.6286506037243077, 0.8394753815697842, 0.690214605605016, 0.66237722899093, 0.7745469740179719, 0.7018621935219062, 0.7510123575320009, 0.7150249749910637, 0.7595283994909192, 0.7266640804830145, 0.741251807232372, 0.7520215804459619, 0.8724303470283258, 0.7857140546939412]

Checkpoint saved at /cluster/tufts/capstone25skyblue/eelkus01/NEXRADTurbulencePrediction/model_training/trained_model_outputs/hybrid_42_model_checkpoint.pth for l2_alpha_idx: 3, fold 0, and epoch 25
BEGINNING EPOCH 26
[Epoch 26, Batch    50] avg loss: 0.4444
[Epoch 26, Batch   100] avg loss: 0.4364
[Epoch 26, Batch   150] avg loss: 0.4638
[Epoch 26, Batch   200] avg loss: 0.4385
[Epoch 26, Batch   250] avg loss: 0.4571
[Epoch 26, Batch   300] avg loss: 0.4493
Validation loss: 0.9632 (61 batches)
loss_per_epoch_list on epoch 26 is [0.6977984250568953, 0.6886268091983483, 0.6679200793876022, 0.6817395491678206, 0.6896719121542133, 0.6851007567077386, 0.6897686680809396, 0.7946813819838352, 0.6492509118846206, 0.6400457806274539, 0.7337013463504979, 0.6286506037243077, 0.8394753815697842, 0.690214605605016, 0.66237722899093, 0.7745469740179719, 0.7018621935219062, 0.7510123575320009, 0.7150249749910637, 0.7595283994909192, 0.7266640804830145, 0.741251807232372, 0.7520215804459619, 0.8724303470283258, 0.7857140546939412, 0.9631645904212701]

Checkpoint saved at /cluster/tufts/capstone25skyblue/eelkus01/NEXRADTurbulencePrediction/model_training/trained_model_outputs/hybrid_42_model_checkpoint.pth for l2_alpha_idx: 3, fold 0, and epoch 26
BEGINNING EPOCH 27
[Epoch 27, Batch    50] avg loss: 0.4522
[Epoch 27, Batch   100] avg loss: 0.4370
[Epoch 27, Batch   150] avg loss: 0.4257
[Epoch 27, Batch   200] avg loss: 0.4368
[Epoch 27, Batch   250] avg loss: 0.4283
[Epoch 27, Batch   300] avg loss: 0.4228
Validation loss: 1.0286 (61 batches)
loss_per_epoch_list on epoch 27 is [0.6977984250568953, 0.6886268091983483, 0.6679200793876022, 0.6817395491678206, 0.6896719121542133, 0.6851007567077386, 0.6897686680809396, 0.7946813819838352, 0.6492509118846206, 0.6400457806274539, 0.7337013463504979, 0.6286506037243077, 0.8394753815697842, 0.690214605605016, 0.66237722899093, 0.7745469740179719, 0.7018621935219062, 0.7510123575320009, 0.7150249749910637, 0.7595283994909192, 0.7266640804830145, 0.741251807232372, 0.7520215804459619, 0.8724303470283258, 0.7857140546939412, 0.9631645904212701, 1.0285970666369453]

Checkpoint saved at /cluster/tufts/capstone25skyblue/eelkus01/NEXRADTurbulencePrediction/model_training/trained_model_outputs/hybrid_42_model_checkpoint.pth for l2_alpha_idx: 3, fold 0, and epoch 27
BEGINNING EPOCH 28
[Epoch 28, Batch    50] avg loss: 0.4203
[Epoch 28, Batch   100] avg loss: 0.4448
[Epoch 28, Batch   150] avg loss: 0.4190
[Epoch 28, Batch   200] avg loss: 0.4419
[Epoch 28, Batch   250] avg loss: 0.4260
[Epoch 28, Batch   300] avg loss: 0.4267
Validation loss: 0.9435 (61 batches)
loss_per_epoch_list on epoch 28 is [0.6977984250568953, 0.6886268091983483, 0.6679200793876022, 0.6817395491678206, 0.6896719121542133, 0.6851007567077386, 0.6897686680809396, 0.7946813819838352, 0.6492509118846206, 0.6400457806274539, 0.7337013463504979, 0.6286506037243077, 0.8394753815697842, 0.690214605605016, 0.66237722899093, 0.7745469740179719, 0.7018621935219062, 0.7510123575320009, 0.7150249749910637, 0.7595283994909192, 0.7266640804830145, 0.741251807232372, 0.7520215804459619, 0.8724303470283258, 0.7857140546939412, 0.9631645904212701, 1.0285970666369453, 0.9434625594342341]

Checkpoint saved at /cluster/tufts/capstone25skyblue/eelkus01/NEXRADTurbulencePrediction/model_training/trained_model_outputs/hybrid_42_model_checkpoint.pth for l2_alpha_idx: 3, fold 0, and epoch 28
BEGINNING EPOCH 29
[Epoch 29, Batch    50] avg loss: 0.4434
[Epoch 29, Batch   100] avg loss: 0.4248
[Epoch 29, Batch   150] avg loss: 0.4535
[Epoch 29, Batch   200] avg loss: 0.3992
[Epoch 29, Batch   250] avg loss: 0.4601
[Epoch 29, Batch   300] avg loss: 0.3986
Validation loss: 0.9348 (61 batches)
loss_per_epoch_list on epoch 29 is [0.6977984250568953, 0.6886268091983483, 0.6679200793876022, 0.6817395491678206, 0.6896719121542133, 0.6851007567077386, 0.6897686680809396, 0.7946813819838352, 0.6492509118846206, 0.6400457806274539, 0.7337013463504979, 0.6286506037243077, 0.8394753815697842, 0.690214605605016, 0.66237722899093, 0.7745469740179719, 0.7018621935219062, 0.7510123575320009, 0.7150249749910637, 0.7595283994909192, 0.7266640804830145, 0.741251807232372, 0.7520215804459619, 0.8724303470283258, 0.7857140546939412, 0.9631645904212701, 1.0285970666369453, 0.9434625594342341, 0.9348205591811508]

Checkpoint saved at /cluster/tufts/capstone25skyblue/eelkus01/NEXRADTurbulencePrediction/model_training/trained_model_outputs/hybrid_42_model_checkpoint.pth for l2_alpha_idx: 3, fold 0, and epoch 29
Fold 0 had loss: 0.9348205591811508 on its last epoch

Fold 1 with l2_alpha = 0
Train subset size: 19253, Validation subset size: 3851
BEGINNING EPOCH 1
[Epoch 1, Batch    50] avg loss: 4.7095
[Epoch 1, Batch   100] avg loss: 1.0509
[Epoch 1, Batch   150] avg loss: 0.7638
[Epoch 1, Batch   200] avg loss: 0.7825
[Epoch 1, Batch   250] avg loss: 0.7110
[Epoch 1, Batch   300] avg loss: 0.7605
Validation loss: 0.7115 (61 batches)
loss_per_epoch_list on epoch 1 is [0.7115378975868225]

Checkpoint saved at /cluster/tufts/capstone25skyblue/eelkus01/NEXRADTurbulencePrediction/model_training/trained_model_outputs/hybrid_42_model_checkpoint.pth for l2_alpha_idx: 3, fold 1, and epoch 1
BEGINNING EPOCH 2
[Epoch 2, Batch    50] avg loss: 0.7030
[Epoch 2, Batch   100] avg loss: 0.7182
[Epoch 2, Batch   150] avg loss: 0.7135
[Epoch 2, Batch   200] avg loss: 0.6976
[Epoch 2, Batch   250] avg loss: 0.6986
[Epoch 2, Batch   300] avg loss: 0.6955
Validation loss: 0.6987 (61 batches)
loss_per_epoch_list on epoch 2 is [0.7115378975868225, 0.698704870020757]

Checkpoint saved at /cluster/tufts/capstone25skyblue/eelkus01/NEXRADTurbulencePrediction/model_training/trained_model_outputs/hybrid_42_model_checkpoint.pth for l2_alpha_idx: 3, fold 1, and epoch 2
BEGINNING EPOCH 3
[Epoch 3, Batch    50] avg loss: 0.6941
[Epoch 3, Batch   100] avg loss: 0.6926
[Epoch 3, Batch   150] avg loss: 0.6956
[Epoch 3, Batch   200] avg loss: 0.6990
[Epoch 3, Batch   250] avg loss: 0.6953
[Epoch 3, Batch   300] avg loss: 0.6978
Validation loss: 0.6967 (61 batches)
loss_per_epoch_list on epoch 3 is [0.7115378975868225, 0.698704870020757, 0.6967157037531744]

Checkpoint saved at /cluster/tufts/capstone25skyblue/eelkus01/NEXRADTurbulencePrediction/model_training/trained_model_outputs/hybrid_42_model_checkpoint.pth for l2_alpha_idx: 3, fold 1, and epoch 3
BEGINNING EPOCH 4
[Epoch 4, Batch    50] avg loss: 0.7003
[Epoch 4, Batch   100] avg loss: 0.6942
[Epoch 4, Batch   150] avg loss: 0.6926
[Epoch 4, Batch   200] avg loss: 0.6941
[Epoch 4, Batch   250] avg loss: 0.6915
[Epoch 4, Batch   300] avg loss: 0.6970
Validation loss: 0.7027 (61 batches)
loss_per_epoch_list on epoch 4 is [0.7115378975868225, 0.698704870020757, 0.6967157037531744, 0.7026590577891616]

Checkpoint saved at /cluster/tufts/capstone25skyblue/eelkus01/NEXRADTurbulencePrediction/model_training/trained_model_outputs/hybrid_42_model_checkpoint.pth for l2_alpha_idx: 3, fold 1, and epoch 4
BEGINNING EPOCH 5
[Epoch 5, Batch    50] avg loss: 0.6924
[Epoch 5, Batch   100] avg loss: 0.6934
[Epoch 5, Batch   150] avg loss: 0.6944
[Epoch 5, Batch   200] avg loss: 0.6902
[Epoch 5, Batch   250] avg loss: 0.6936
[Epoch 5, Batch   300] avg loss: 0.6928
Validation loss: 0.6914 (61 batches)
loss_per_epoch_list on epoch 5 is [0.7115378975868225, 0.698704870020757, 0.6967157037531744, 0.7026590577891616, 0.6913925526572056]

Checkpoint saved at /cluster/tufts/capstone25skyblue/eelkus01/NEXRADTurbulencePrediction/model_training/trained_model_outputs/hybrid_42_model_checkpoint.pth for l2_alpha_idx: 3, fold 1, and epoch 5
BEGINNING EPOCH 6
[Epoch 6, Batch    50] avg loss: 0.6875
[Epoch 6, Batch   100] avg loss: 0.6868
[Epoch 6, Batch   150] avg loss: 0.6891
[Epoch 6, Batch   200] avg loss: 0.6868
[Epoch 6, Batch   250] avg loss: 0.6856
[Epoch 6, Batch   300] avg loss: 0.6843
Validation loss: 0.6812 (61 batches)
loss_per_epoch_list on epoch 6 is [0.7115378975868225, 0.698704870020757, 0.6967157037531744, 0.7026590577891616, 0.6913925526572056, 0.6812104797754132]

Checkpoint saved at /cluster/tufts/capstone25skyblue/eelkus01/NEXRADTurbulencePrediction/model_training/trained_model_outputs/hybrid_42_model_checkpoint.pth for l2_alpha_idx: 3, fold 1, and epoch 6
BEGINNING EPOCH 7
[Epoch 7, Batch    50] avg loss: 0.6789
[Epoch 7, Batch   100] avg loss: 0.6774
[Epoch 7, Batch   150] avg loss: 0.6768
[Epoch 7, Batch   200] avg loss: 0.6791
[Epoch 7, Batch   250] avg loss: 0.6733
[Epoch 7, Batch   300] avg loss: 0.6795
Validation loss: 0.6662 (61 batches)
loss_per_epoch_list on epoch 7 is [0.7115378975868225, 0.698704870020757, 0.6967157037531744, 0.7026590577891616, 0.6913925526572056, 0.6812104797754132, 0.6661954727329191]

Checkpoint saved at /cluster/tufts/capstone25skyblue/eelkus01/NEXRADTurbulencePrediction/model_training/trained_model_outputs/hybrid_42_model_checkpoint.pth for l2_alpha_idx: 3, fold 1, and epoch 7
BEGINNING EPOCH 8
[Epoch 8, Batch    50] avg loss: 0.6735
[Epoch 8, Batch   100] avg loss: 0.6711
[Epoch 8, Batch   150] avg loss: 0.6766
[Epoch 8, Batch   200] avg loss: 0.6724
[Epoch 8, Batch   250] avg loss: 0.6662
[Epoch 8, Batch   300] avg loss: 0.6654
Validation loss: 0.6894 (61 batches)
loss_per_epoch_list on epoch 8 is [0.7115378975868225, 0.698704870020757, 0.6967157037531744, 0.7026590577891616, 0.6913925526572056, 0.6812104797754132, 0.6661954727329191, 0.6894119772754732]

Checkpoint saved at /cluster/tufts/capstone25skyblue/eelkus01/NEXRADTurbulencePrediction/model_training/trained_model_outputs/hybrid_42_model_checkpoint.pth for l2_alpha_idx: 3, fold 1, and epoch 8
BEGINNING EPOCH 9
[Epoch 9, Batch    50] avg loss: 0.6708
[Epoch 9, Batch   100] avg loss: 0.6667
[Epoch 9, Batch   150] avg loss: 0.6652
[Epoch 9, Batch   200] avg loss: 0.6557
[Epoch 9, Batch   250] avg loss: 0.6588
[Epoch 9, Batch   300] avg loss: 0.6568
Validation loss: 0.6602 (61 batches)
loss_per_epoch_list on epoch 9 is [0.7115378975868225, 0.698704870020757, 0.6967157037531744, 0.7026590577891616, 0.6913925526572056, 0.6812104797754132, 0.6661954727329191, 0.6894119772754732, 0.6601573316777338]

Checkpoint saved at /cluster/tufts/capstone25skyblue/eelkus01/NEXRADTurbulencePrediction/model_training/trained_model_outputs/hybrid_42_model_checkpoint.pth for l2_alpha_idx: 3, fold 1, and epoch 9
BEGINNING EPOCH 10
[Epoch 10, Batch    50] avg loss: 0.6638
[Epoch 10, Batch   100] avg loss: 0.6604
[Epoch 10, Batch   150] avg loss: 0.6580
[Epoch 10, Batch   200] avg loss: 0.6596
[Epoch 10, Batch   250] avg loss: 0.6559
[Epoch 10, Batch   300] avg loss: 0.6515
Validation loss: 0.6525 (61 batches)
loss_per_epoch_list on epoch 10 is [0.7115378975868225, 0.698704870020757, 0.6967157037531744, 0.7026590577891616, 0.6913925526572056, 0.6812104797754132, 0.6661954727329191, 0.6894119772754732, 0.6601573316777338, 0.6524850892238929]

Checkpoint saved at /cluster/tufts/capstone25skyblue/eelkus01/NEXRADTurbulencePrediction/model_training/trained_model_outputs/hybrid_42_model_checkpoint.pth for l2_alpha_idx: 3, fold 1, and epoch 10
BEGINNING EPOCH 11
[Epoch 11, Batch    50] avg loss: 0.6546
[Epoch 11, Batch   100] avg loss: 0.6523
[Epoch 11, Batch   150] avg loss: 0.6477
[Epoch 11, Batch   200] avg loss: 0.6596
[Epoch 11, Batch   250] avg loss: 0.6485
[Epoch 11, Batch   300] avg loss: 0.6503
Validation loss: 0.6885 (61 batches)
loss_per_epoch_list on epoch 11 is [0.7115378975868225, 0.698704870020757, 0.6967157037531744, 0.7026590577891616, 0.6913925526572056, 0.6812104797754132, 0.6661954727329191, 0.6894119772754732, 0.6601573316777338, 0.6524850892238929, 0.68852285869786]

Checkpoint saved at /cluster/tufts/capstone25skyblue/eelkus01/NEXRADTurbulencePrediction/model_training/trained_model_outputs/hybrid_42_model_checkpoint.pth for l2_alpha_idx: 3, fold 1, and epoch 11
BEGINNING EPOCH 12
[Epoch 12, Batch    50] avg loss: 0.6606
[Epoch 12, Batch   100] avg loss: 0.6561
[Epoch 12, Batch   150] avg loss: 0.6439
[Epoch 12, Batch   200] avg loss: 0.6501
[Epoch 12, Batch   250] avg loss: 0.6580
[Epoch 12, Batch   300] avg loss: 0.6494
Validation loss: 0.6556 (61 batches)
loss_per_epoch_list on epoch 12 is [0.7115378975868225, 0.698704870020757, 0.6967157037531744, 0.7026590577891616, 0.6913925526572056, 0.6812104797754132, 0.6661954727329191, 0.6894119772754732, 0.6601573316777338, 0.6524850892238929, 0.68852285869786, 0.6555646755656258]

Checkpoint saved at /cluster/tufts/capstone25skyblue/eelkus01/NEXRADTurbulencePrediction/model_training/trained_model_outputs/hybrid_42_model_checkpoint.pth for l2_alpha_idx: 3, fold 1, and epoch 12
BEGINNING EPOCH 13
[Epoch 13, Batch    50] avg loss: 0.6430
[Epoch 13, Batch   100] avg loss: 0.6462
[Epoch 13, Batch   150] avg loss: 0.6502
[Epoch 13, Batch   200] avg loss: 0.6453
[Epoch 13, Batch   250] avg loss: 0.6558
[Epoch 13, Batch   300] avg loss: 0.6462
Validation loss: 0.6558 (61 batches)
loss_per_epoch_list on epoch 13 is [0.7115378975868225, 0.698704870020757, 0.6967157037531744, 0.7026590577891616, 0.6913925526572056, 0.6812104797754132, 0.6661954727329191, 0.6894119772754732, 0.6601573316777338, 0.6524850892238929, 0.68852285869786, 0.6555646755656258, 0.6557605354512324]

Checkpoint saved at /cluster/tufts/capstone25skyblue/eelkus01/NEXRADTurbulencePrediction/model_training/trained_model_outputs/hybrid_42_model_checkpoint.pth for l2_alpha_idx: 3, fold 1, and epoch 13
BEGINNING EPOCH 14
[Epoch 14, Batch    50] avg loss: 0.6406
[Epoch 14, Batch   100] avg loss: 0.6419
[Epoch 14, Batch   150] avg loss: 0.6466
[Epoch 14, Batch   200] avg loss: 0.6405
[Epoch 14, Batch   250] avg loss: 0.6462
[Epoch 14, Batch   300] avg loss: 0.6422
Validation loss: 0.6228 (61 batches)
loss_per_epoch_list on epoch 14 is [0.7115378975868225, 0.698704870020757, 0.6967157037531744, 0.7026590577891616, 0.6913925526572056, 0.6812104797754132, 0.6661954727329191, 0.6894119772754732, 0.6601573316777338, 0.6524850892238929, 0.68852285869786, 0.6555646755656258, 0.6557605354512324, 0.6228032268461634]

Checkpoint saved at /cluster/tufts/capstone25skyblue/eelkus01/NEXRADTurbulencePrediction/model_training/trained_model_outputs/hybrid_42_model_checkpoint.pth for l2_alpha_idx: 3, fold 1, and epoch 14
BEGINNING EPOCH 15
[Epoch 15, Batch    50] avg loss: 0.6466
[Epoch 15, Batch   100] avg loss: 0.6331
[Epoch 15, Batch   150] avg loss: 0.6234
[Epoch 15, Batch   200] avg loss: 0.6375
[Epoch 15, Batch   250] avg loss: 0.6291
[Epoch 15, Batch   300] avg loss: 0.6366
Validation loss: 0.6794 (61 batches)
loss_per_epoch_list on epoch 15 is [0.7115378975868225, 0.698704870020757, 0.6967157037531744, 0.7026590577891616, 0.6913925526572056, 0.6812104797754132, 0.6661954727329191, 0.6894119772754732, 0.6601573316777338, 0.6524850892238929, 0.68852285869786, 0.6555646755656258, 0.6557605354512324, 0.6228032268461634, 0.6794244588398543]

Checkpoint saved at /cluster/tufts/capstone25skyblue/eelkus01/NEXRADTurbulencePrediction/model_training/trained_model_outputs/hybrid_42_model_checkpoint.pth for l2_alpha_idx: 3, fold 1, and epoch 15
BEGINNING EPOCH 16
[Epoch 16, Batch    50] avg loss: 0.6367
[Epoch 16, Batch   100] avg loss: 0.6443
[Epoch 16, Batch   150] avg loss: 0.6310
[Epoch 16, Batch   200] avg loss: 0.6350
[Epoch 16, Batch   250] avg loss: 0.6342
[Epoch 16, Batch   300] avg loss: 0.6348
Validation loss: 0.6330 (61 batches)
loss_per_epoch_list on epoch 16 is [0.7115378975868225, 0.698704870020757, 0.6967157037531744, 0.7026590577891616, 0.6913925526572056, 0.6812104797754132, 0.6661954727329191, 0.6894119772754732, 0.6601573316777338, 0.6524850892238929, 0.68852285869786, 0.6555646755656258, 0.6557605354512324, 0.6228032268461634, 0.6794244588398543, 0.633006893220495]

Checkpoint saved at /cluster/tufts/capstone25skyblue/eelkus01/NEXRADTurbulencePrediction/model_training/trained_model_outputs/hybrid_42_model_checkpoint.pth for l2_alpha_idx: 3, fold 1, and epoch 16
BEGINNING EPOCH 17
[Epoch 17, Batch    50] avg loss: 0.6318
[Epoch 17, Batch   100] avg loss: 0.6378
[Epoch 17, Batch   150] avg loss: 0.6361
[Epoch 17, Batch   200] avg loss: 0.6334
[Epoch 17, Batch   250] avg loss: 0.6270
[Epoch 17, Batch   300] avg loss: 0.6314
Validation loss: 0.6581 (61 batches)
loss_per_epoch_list on epoch 17 is [0.7115378975868225, 0.698704870020757, 0.6967157037531744, 0.7026590577891616, 0.6913925526572056, 0.6812104797754132, 0.6661954727329191, 0.6894119772754732, 0.6601573316777338, 0.6524850892238929, 0.68852285869786, 0.6555646755656258, 0.6557605354512324, 0.6228032268461634, 0.6794244588398543, 0.633006893220495, 0.6580596986364146]

Checkpoint saved at /cluster/tufts/capstone25skyblue/eelkus01/NEXRADTurbulencePrediction/model_training/trained_model_outputs/hybrid_42_model_checkpoint.pth for l2_alpha_idx: 3, fold 1, and epoch 17
BEGINNING EPOCH 18
[Epoch 18, Batch    50] avg loss: 0.6318
[Epoch 18, Batch   100] avg loss: 0.6311
[Epoch 18, Batch   150] avg loss: 0.6249
[Epoch 18, Batch   200] avg loss: 0.6286
[Epoch 18, Batch   250] avg loss: 0.6200
[Epoch 18, Batch   300] avg loss: 0.6221
Validation loss: 0.6403 (61 batches)
loss_per_epoch_list on epoch 18 is [0.7115378975868225, 0.698704870020757, 0.6967157037531744, 0.7026590577891616, 0.6913925526572056, 0.6812104797754132, 0.6661954727329191, 0.6894119772754732, 0.6601573316777338, 0.6524850892238929, 0.68852285869786, 0.6555646755656258, 0.6557605354512324, 0.6228032268461634, 0.6794244588398543, 0.633006893220495, 0.6580596986364146, 0.640287097360267]

Checkpoint saved at /cluster/tufts/capstone25skyblue/eelkus01/NEXRADTurbulencePrediction/model_training/trained_model_outputs/hybrid_42_model_checkpoint.pth for l2_alpha_idx: 3, fold 1, and epoch 18
BEGINNING EPOCH 19
[Epoch 19, Batch    50] avg loss: 0.6260
[Epoch 19, Batch   100] avg loss: 0.6261
[Epoch 19, Batch   150] avg loss: 0.6146
[Epoch 19, Batch   200] avg loss: 0.6142
[Epoch 19, Batch   250] avg loss: 0.6004
[Epoch 19, Batch   300] avg loss: 0.6104
Validation loss: 0.6502 (61 batches)
loss_per_epoch_list on epoch 19 is [0.7115378975868225, 0.698704870020757, 0.6967157037531744, 0.7026590577891616, 0.6913925526572056, 0.6812104797754132, 0.6661954727329191, 0.6894119772754732, 0.6601573316777338, 0.6524850892238929, 0.68852285869786, 0.6555646755656258, 0.6557605354512324, 0.6228032268461634, 0.6794244588398543, 0.633006893220495, 0.6580596986364146, 0.640287097360267, 0.6501731305825905]

Checkpoint saved at /cluster/tufts/capstone25skyblue/eelkus01/NEXRADTurbulencePrediction/model_training/trained_model_outputs/hybrid_42_model_checkpoint.pth for l2_alpha_idx: 3, fold 1, and epoch 19
BEGINNING EPOCH 20
[Epoch 20, Batch    50] avg loss: 0.6218
[Epoch 20, Batch   100] avg loss: 0.6112
[Epoch 20, Batch   150] avg loss: 0.6053
[Epoch 20, Batch   200] avg loss: 0.6155
[Epoch 20, Batch   250] avg loss: 0.6192
[Epoch 20, Batch   300] avg loss: 0.5992
Validation loss: 0.6638 (61 batches)
loss_per_epoch_list on epoch 20 is [0.7115378975868225, 0.698704870020757, 0.6967157037531744, 0.7026590577891616, 0.6913925526572056, 0.6812104797754132, 0.6661954727329191, 0.6894119772754732, 0.6601573316777338, 0.6524850892238929, 0.68852285869786, 0.6555646755656258, 0.6557605354512324, 0.6228032268461634, 0.6794244588398543, 0.633006893220495, 0.6580596986364146, 0.640287097360267, 0.6501731305825905, 0.6637889674452485]

Checkpoint saved at /cluster/tufts/capstone25skyblue/eelkus01/NEXRADTurbulencePrediction/model_training/trained_model_outputs/hybrid_42_model_checkpoint.pth for l2_alpha_idx: 3, fold 1, and epoch 20
BEGINNING EPOCH 21
[Epoch 21, Batch    50] avg loss: 0.6081
[Epoch 21, Batch   100] avg loss: 0.5940
[Epoch 21, Batch   150] avg loss: 0.6129
[Epoch 21, Batch   200] avg loss: 0.6080
[Epoch 21, Batch   250] avg loss: 0.5989
[Epoch 21, Batch   300] avg loss: 0.6062
Validation loss: 0.6829 (61 batches)
loss_per_epoch_list on epoch 21 is [0.7115378975868225, 0.698704870020757, 0.6967157037531744, 0.7026590577891616, 0.6913925526572056, 0.6812104797754132, 0.6661954727329191, 0.6894119772754732, 0.6601573316777338, 0.6524850892238929, 0.68852285869786, 0.6555646755656258, 0.6557605354512324, 0.6228032268461634, 0.6794244588398543, 0.633006893220495, 0.6580596986364146, 0.640287097360267, 0.6501731305825905, 0.6637889674452485, 0.6828623721834088]

Checkpoint saved at /cluster/tufts/capstone25skyblue/eelkus01/NEXRADTurbulencePrediction/model_training/trained_model_outputs/hybrid_42_model_checkpoint.pth for l2_alpha_idx: 3, fold 1, and epoch 21
BEGINNING EPOCH 22
[Epoch 22, Batch    50] avg loss: 0.5943
[Epoch 22, Batch   100] avg loss: 0.6139
[Epoch 22, Batch   150] avg loss: 0.5944
[Epoch 22, Batch   200] avg loss: 0.6076
[Epoch 22, Batch   250] avg loss: 0.5845
[Epoch 22, Batch   300] avg loss: 0.5837
Validation loss: 0.7436 (61 batches)
loss_per_epoch_list on epoch 22 is [0.7115378975868225, 0.698704870020757, 0.6967157037531744, 0.7026590577891616, 0.6913925526572056, 0.6812104797754132, 0.6661954727329191, 0.6894119772754732, 0.6601573316777338, 0.6524850892238929, 0.68852285869786, 0.6555646755656258, 0.6557605354512324, 0.6228032268461634, 0.6794244588398543, 0.633006893220495, 0.6580596986364146, 0.640287097360267, 0.6501731305825905, 0.6637889674452485, 0.6828623721834088, 0.7436020247271804]

Checkpoint saved at /cluster/tufts/capstone25skyblue/eelkus01/NEXRADTurbulencePrediction/model_training/trained_model_outputs/hybrid_42_model_checkpoint.pth for l2_alpha_idx: 3, fold 1, and epoch 22
BEGINNING EPOCH 23
[Epoch 23, Batch    50] avg loss: 0.5928
[Epoch 23, Batch   100] avg loss: 0.5979
[Epoch 23, Batch   150] avg loss: 0.5861
[Epoch 23, Batch   200] avg loss: 0.5906
[Epoch 23, Batch   250] avg loss: 0.5839
[Epoch 23, Batch   300] avg loss: 0.5809
Validation loss: 0.6573 (61 batches)
loss_per_epoch_list on epoch 23 is [0.7115378975868225, 0.698704870020757, 0.6967157037531744, 0.7026590577891616, 0.6913925526572056, 0.6812104797754132, 0.6661954727329191, 0.6894119772754732, 0.6601573316777338, 0.6524850892238929, 0.68852285869786, 0.6555646755656258, 0.6557605354512324, 0.6228032268461634, 0.6794244588398543, 0.633006893220495, 0.6580596986364146, 0.640287097360267, 0.6501731305825905, 0.6637889674452485, 0.6828623721834088, 0.7436020247271804, 0.6572859218863191]

Checkpoint saved at /cluster/tufts/capstone25skyblue/eelkus01/NEXRADTurbulencePrediction/model_training/trained_model_outputs/hybrid_42_model_checkpoint.pth for l2_alpha_idx: 3, fold 1, and epoch 23
BEGINNING EPOCH 24
[Epoch 24, Batch    50] avg loss: 0.5747
[Epoch 24, Batch   100] avg loss: 0.5810
[Epoch 24, Batch   150] avg loss: 0.5686
[Epoch 24, Batch   200] avg loss: 0.5819
[Epoch 24, Batch   250] avg loss: 0.5791
[Epoch 24, Batch   300] avg loss: 0.5817
Validation loss: 0.6502 (61 batches)
loss_per_epoch_list on epoch 24 is [0.7115378975868225, 0.698704870020757, 0.6967157037531744, 0.7026590577891616, 0.6913925526572056, 0.6812104797754132, 0.6661954727329191, 0.6894119772754732, 0.6601573316777338, 0.6524850892238929, 0.68852285869786, 0.6555646755656258, 0.6557605354512324, 0.6228032268461634, 0.6794244588398543, 0.633006893220495, 0.6580596986364146, 0.640287097360267, 0.6501731305825905, 0.6637889674452485, 0.6828623721834088, 0.7436020247271804, 0.6572859218863191, 0.6501514530572735]

Checkpoint saved at /cluster/tufts/capstone25skyblue/eelkus01/NEXRADTurbulencePrediction/model_training/trained_model_outputs/hybrid_42_model_checkpoint.pth for l2_alpha_idx: 3, fold 1, and epoch 24
BEGINNING EPOCH 25
[Epoch 25, Batch    50] avg loss: 0.5848
[Epoch 25, Batch   100] avg loss: 0.5782
[Epoch 25, Batch   150] avg loss: 0.5586
[Epoch 25, Batch   200] avg loss: 0.5552
[Epoch 25, Batch   250] avg loss: 0.5750
[Epoch 25, Batch   300] avg loss: 0.5542
Validation loss: 0.7143 (61 batches)
loss_per_epoch_list on epoch 25 is [0.7115378975868225, 0.698704870020757, 0.6967157037531744, 0.7026590577891616, 0.6913925526572056, 0.6812104797754132, 0.6661954727329191, 0.6894119772754732, 0.6601573316777338, 0.6524850892238929, 0.68852285869786, 0.6555646755656258, 0.6557605354512324, 0.6228032268461634, 0.6794244588398543, 0.633006893220495, 0.6580596986364146, 0.640287097360267, 0.6501731305825905, 0.6637889674452485, 0.6828623721834088, 0.7436020247271804, 0.6572859218863191, 0.6501514530572735, 0.7142799985213358]

Checkpoint saved at /cluster/tufts/capstone25skyblue/eelkus01/NEXRADTurbulencePrediction/model_training/trained_model_outputs/hybrid_42_model_checkpoint.pth for l2_alpha_idx: 3, fold 1, and epoch 25
BEGINNING EPOCH 26
[Epoch 26, Batch    50] avg loss: 0.5674
[Epoch 26, Batch   100] avg loss: 0.5628
[Epoch 26, Batch   150] avg loss: 0.5616
[Epoch 26, Batch   200] avg loss: 0.5542
[Epoch 26, Batch   250] avg loss: 0.5602
[Epoch 26, Batch   300] avg loss: 0.5554
Validation loss: 0.7221 (61 batches)
loss_per_epoch_list on epoch 26 is [0.7115378975868225, 0.698704870020757, 0.6967157037531744, 0.7026590577891616, 0.6913925526572056, 0.6812104797754132, 0.6661954727329191, 0.6894119772754732, 0.6601573316777338, 0.6524850892238929, 0.68852285869786, 0.6555646755656258, 0.6557605354512324, 0.6228032268461634, 0.6794244588398543, 0.633006893220495, 0.6580596986364146, 0.640287097360267, 0.6501731305825905, 0.6637889674452485, 0.6828623721834088, 0.7436020247271804, 0.6572859218863191, 0.6501514530572735, 0.7142799985213358, 0.7220910299019735]

Checkpoint saved at /cluster/tufts/capstone25skyblue/eelkus01/NEXRADTurbulencePrediction/model_training/trained_model_outputs/hybrid_42_model_checkpoint.pth for l2_alpha_idx: 3, fold 1, and epoch 26
BEGINNING EPOCH 27
[Epoch 27, Batch    50] avg loss: 0.5560
[Epoch 27, Batch   100] avg loss: 0.5381
[Epoch 27, Batch   150] avg loss: 0.5537
[Epoch 27, Batch   200] avg loss: 0.5450
[Epoch 27, Batch   250] avg loss: 0.5247
[Epoch 27, Batch   300] avg loss: 0.5383
Validation loss: 0.6807 (61 batches)
loss_per_epoch_list on epoch 27 is [0.7115378975868225, 0.698704870020757, 0.6967157037531744, 0.7026590577891616, 0.6913925526572056, 0.6812104797754132, 0.6661954727329191, 0.6894119772754732, 0.6601573316777338, 0.6524850892238929, 0.68852285869786, 0.6555646755656258, 0.6557605354512324, 0.6228032268461634, 0.6794244588398543, 0.633006893220495, 0.6580596986364146, 0.640287097360267, 0.6501731305825905, 0.6637889674452485, 0.6828623721834088, 0.7436020247271804, 0.6572859218863191, 0.6501514530572735, 0.7142799985213358, 0.7220910299019735, 0.6806715995561882]

Checkpoint saved at /cluster/tufts/capstone25skyblue/eelkus01/NEXRADTurbulencePrediction/model_training/trained_model_outputs/hybrid_42_model_checkpoint.pth for l2_alpha_idx: 3, fold 1, and epoch 27
BEGINNING EPOCH 28
[Epoch 28, Batch    50] avg loss: 0.5434
[Epoch 28, Batch   100] avg loss: 0.5515
[Epoch 28, Batch   150] avg loss: 0.5374
[Epoch 28, Batch   200] avg loss: 0.5443
[Epoch 28, Batch   250] avg loss: 0.5306
[Epoch 28, Batch   300] avg loss: 0.5274
Validation loss: 0.7282 (61 batches)
loss_per_epoch_list on epoch 28 is [0.7115378975868225, 0.698704870020757, 0.6967157037531744, 0.7026590577891616, 0.6913925526572056, 0.6812104797754132, 0.6661954727329191, 0.6894119772754732, 0.6601573316777338, 0.6524850892238929, 0.68852285869786, 0.6555646755656258, 0.6557605354512324, 0.6228032268461634, 0.6794244588398543, 0.633006893220495, 0.6580596986364146, 0.640287097360267, 0.6501731305825905, 0.6637889674452485, 0.6828623721834088, 0.7436020247271804, 0.6572859218863191, 0.6501514530572735, 0.7142799985213358, 0.7220910299019735, 0.6806715995561882, 0.7281553266478367]

Checkpoint saved at /cluster/tufts/capstone25skyblue/eelkus01/NEXRADTurbulencePrediction/model_training/trained_model_outputs/hybrid_42_model_checkpoint.pth for l2_alpha_idx: 3, fold 1, and epoch 28
BEGINNING EPOCH 29
[Epoch 29, Batch    50] avg loss: 0.5418
[Epoch 29, Batch   100] avg loss: 0.5320
[Epoch 29, Batch   150] avg loss: 0.5169
[Epoch 29, Batch   200] avg loss: 0.5224
[Epoch 29, Batch   250] avg loss: 0.5287
[Epoch 29, Batch   300] avg loss: 0.5292
Validation loss: 0.7676 (61 batches)
loss_per_epoch_list on epoch 29 is [0.7115378975868225, 0.698704870020757, 0.6967157037531744, 0.7026590577891616, 0.6913925526572056, 0.6812104797754132, 0.6661954727329191, 0.6894119772754732, 0.6601573316777338, 0.6524850892238929, 0.68852285869786, 0.6555646755656258, 0.6557605354512324, 0.6228032268461634, 0.6794244588398543, 0.633006893220495, 0.6580596986364146, 0.640287097360267, 0.6501731305825905, 0.6637889674452485, 0.6828623721834088, 0.7436020247271804, 0.6572859218863191, 0.6501514530572735, 0.7142799985213358, 0.7220910299019735, 0.6806715995561882, 0.7281553266478367, 0.7676197026596695]

Checkpoint saved at /cluster/tufts/capstone25skyblue/eelkus01/NEXRADTurbulencePrediction/model_training/trained_model_outputs/hybrid_42_model_checkpoint.pth for l2_alpha_idx: 3, fold 1, and epoch 29
Fold 1 had loss: 0.7676197026596695 on its last epoch

Fold 2 with l2_alpha = 0
Train subset size: 19253, Validation subset size: 3851
BEGINNING EPOCH 1
[Epoch 1, Batch    50] avg loss: 7.0099
[Epoch 1, Batch   100] avg loss: 0.8160
[Epoch 1, Batch   150] avg loss: 0.7349
[Epoch 1, Batch   200] avg loss: 0.7290
[Epoch 1, Batch   250] avg loss: 0.7165
[Epoch 1, Batch   300] avg loss: 0.7016
Validation loss: 0.6944 (61 batches)
loss_per_epoch_list on epoch 1 is [0.6944100632042182]

Checkpoint saved at /cluster/tufts/capstone25skyblue/eelkus01/NEXRADTurbulencePrediction/model_training/trained_model_outputs/hybrid_42_model_checkpoint.pth for l2_alpha_idx: 3, fold 2, and epoch 1
BEGINNING EPOCH 2
[Epoch 2, Batch    50] avg loss: 0.6975
[Epoch 2, Batch   100] avg loss: 0.6967
[Epoch 2, Batch   150] avg loss: 0.7072
[Epoch 2, Batch   200] avg loss: 0.6936
[Epoch 2, Batch   250] avg loss: 0.7037
[Epoch 2, Batch   300] avg loss: 0.6932
Validation loss: 0.6962 (61 batches)
loss_per_epoch_list on epoch 2 is [0.6944100632042182, 0.6961703759724976]

Checkpoint saved at /cluster/tufts/capstone25skyblue/eelkus01/NEXRADTurbulencePrediction/model_training/trained_model_outputs/hybrid_42_model_checkpoint.pth for l2_alpha_idx: 3, fold 2, and epoch 2
BEGINNING EPOCH 3
[Epoch 3, Batch    50] avg loss: 0.6917
[Epoch 3, Batch   100] avg loss: 0.6932
[Epoch 3, Batch   150] avg loss: 0.6916
[Epoch 3, Batch   200] avg loss: 0.6963
[Epoch 3, Batch   250] avg loss: 0.6917
[Epoch 3, Batch   300] avg loss: 0.6932
Validation loss: 0.6908 (61 batches)
loss_per_epoch_list on epoch 3 is [0.6944100632042182, 0.6961703759724976, 0.6907657678010034]

Checkpoint saved at /cluster/tufts/capstone25skyblue/eelkus01/NEXRADTurbulencePrediction/model_training/trained_model_outputs/hybrid_42_model_checkpoint.pth for l2_alpha_idx: 3, fold 2, and epoch 3
BEGINNING EPOCH 4
[Epoch 4, Batch    50] avg loss: 0.6969
[Epoch 4, Batch   100] avg loss: 0.6949
[Epoch 4, Batch   150] avg loss: 0.6915
[Epoch 4, Batch   200] avg loss: 0.6951
[Epoch 4, Batch   250] avg loss: 0.6988
[Epoch 4, Batch   300] avg loss: 0.6941
Validation loss: 0.6892 (61 batches)
loss_per_epoch_list on epoch 4 is [0.6944100632042182, 0.6961703759724976, 0.6907657678010034, 0.6892250502695803]

Checkpoint saved at /cluster/tufts/capstone25skyblue/eelkus01/NEXRADTurbulencePrediction/model_training/trained_model_outputs/hybrid_42_model_checkpoint.pth for l2_alpha_idx: 3, fold 2, and epoch 4
BEGINNING EPOCH 5
[Epoch 5, Batch    50] avg loss: 0.6938
[Epoch 5, Batch   100] avg loss: 0.6974
[Epoch 5, Batch   150] avg loss: 0.6942
[Epoch 5, Batch   200] avg loss: 0.6912
[Epoch 5, Batch   250] avg loss: 0.6895
[Epoch 5, Batch   300] avg loss: 0.6886
Validation loss: 0.6859 (61 batches)
loss_per_epoch_list on epoch 5 is [0.6944100632042182, 0.6961703759724976, 0.6907657678010034, 0.6892250502695803, 0.6858870650901169]

Checkpoint saved at /cluster/tufts/capstone25skyblue/eelkus01/NEXRADTurbulencePrediction/model_training/trained_model_outputs/hybrid_42_model_checkpoint.pth for l2_alpha_idx: 3, fold 2, and epoch 5
BEGINNING EPOCH 6
[Epoch 6, Batch    50] avg loss: 0.6860
[Epoch 6, Batch   100] avg loss: 0.6830
[Epoch 6, Batch   150] avg loss: 0.6841
[Epoch 6, Batch   200] avg loss: 0.6893
[Epoch 6, Batch   250] avg loss: 0.6773
[Epoch 6, Batch   300] avg loss: 0.6768
Validation loss: 0.6877 (61 batches)
loss_per_epoch_list on epoch 6 is [0.6944100632042182, 0.6961703759724976, 0.6907657678010034, 0.6892250502695803, 0.6858870650901169, 0.6876554831129605]

Checkpoint saved at /cluster/tufts/capstone25skyblue/eelkus01/NEXRADTurbulencePrediction/model_training/trained_model_outputs/hybrid_42_model_checkpoint.pth for l2_alpha_idx: 3, fold 2, and epoch 6
BEGINNING EPOCH 7
[Epoch 7, Batch    50] avg loss: 0.6812
[Epoch 7, Batch   100] avg loss: 0.6742
[Epoch 7, Batch   150] avg loss: 0.6703
[Epoch 7, Batch   200] avg loss: 0.6705
[Epoch 7, Batch   250] avg loss: 0.6652
[Epoch 7, Batch   300] avg loss: 0.6787
Validation loss: 0.6564 (61 batches)
loss_per_epoch_list on epoch 7 is [0.6944100632042182, 0.6961703759724976, 0.6907657678010034, 0.6892250502695803, 0.6858870650901169, 0.6876554831129605, 0.6564467246415185]

Checkpoint saved at /cluster/tufts/capstone25skyblue/eelkus01/NEXRADTurbulencePrediction/model_training/trained_model_outputs/hybrid_42_model_checkpoint.pth for l2_alpha_idx: 3, fold 2, and epoch 7
BEGINNING EPOCH 8
[Epoch 8, Batch    50] avg loss: 0.6710
[Epoch 8, Batch   100] avg loss: 0.6600
[Epoch 8, Batch   150] avg loss: 0.6640
[Epoch 8, Batch   200] avg loss: 0.6692
[Epoch 8, Batch   250] avg loss: 0.6604
[Epoch 8, Batch   300] avg loss: 0.6688
Validation loss: 0.6817 (61 batches)
loss_per_epoch_list on epoch 8 is [0.6944100632042182, 0.6961703759724976, 0.6907657678010034, 0.6892250502695803, 0.6858870650901169, 0.6876554831129605, 0.6564467246415185, 0.6816640398541435]

Checkpoint saved at /cluster/tufts/capstone25skyblue/eelkus01/NEXRADTurbulencePrediction/model_training/trained_model_outputs/hybrid_42_model_checkpoint.pth for l2_alpha_idx: 3, fold 2, and epoch 8
BEGINNING EPOCH 9
[Epoch 9, Batch    50] avg loss: 0.6668
[Epoch 9, Batch   100] avg loss: 0.6631
[Epoch 9, Batch   150] avg loss: 0.6732
[Epoch 9, Batch   200] avg loss: 0.6576
[Epoch 9, Batch   250] avg loss: 0.6579
[Epoch 9, Batch   300] avg loss: 0.6580
Validation loss: 0.6654 (61 batches)
loss_per_epoch_list on epoch 9 is [0.6944100632042182, 0.6961703759724976, 0.6907657678010034, 0.6892250502695803, 0.6858870650901169, 0.6876554831129605, 0.6564467246415185, 0.6816640398541435, 0.6654465911818332]

Checkpoint saved at /cluster/tufts/capstone25skyblue/eelkus01/NEXRADTurbulencePrediction/model_training/trained_model_outputs/hybrid_42_model_checkpoint.pth for l2_alpha_idx: 3, fold 2, and epoch 9
BEGINNING EPOCH 10
[Epoch 10, Batch    50] avg loss: 0.6598
[Epoch 10, Batch   100] avg loss: 0.6592
[Epoch 10, Batch   150] avg loss: 0.6454
[Epoch 10, Batch   200] avg loss: 0.6500
[Epoch 10, Batch   250] avg loss: 0.6531
[Epoch 10, Batch   300] avg loss: 0.6589
Validation loss: 0.6827 (61 batches)
loss_per_epoch_list on epoch 10 is [0.6944100632042182, 0.6961703759724976, 0.6907657678010034, 0.6892250502695803, 0.6858870650901169, 0.6876554831129605, 0.6564467246415185, 0.6816640398541435, 0.6654465911818332, 0.6827211174808565]

Checkpoint saved at /cluster/tufts/capstone25skyblue/eelkus01/NEXRADTurbulencePrediction/model_training/trained_model_outputs/hybrid_42_model_checkpoint.pth for l2_alpha_idx: 3, fold 2, and epoch 10
BEGINNING EPOCH 11
[Epoch 11, Batch    50] avg loss: 0.6589
[Epoch 11, Batch   100] avg loss: 0.6597
[Epoch 11, Batch   150] avg loss: 0.6446
[Epoch 11, Batch   200] avg loss: 0.6434
[Epoch 11, Batch   250] avg loss: 0.6464
[Epoch 11, Batch   300] avg loss: 0.6553
Validation loss: 0.6679 (61 batches)
loss_per_epoch_list on epoch 11 is [0.6944100632042182, 0.6961703759724976, 0.6907657678010034, 0.6892250502695803, 0.6858870650901169, 0.6876554831129605, 0.6564467246415185, 0.6816640398541435, 0.6654465911818332, 0.6827211174808565, 0.667898566996465]

Checkpoint saved at /cluster/tufts/capstone25skyblue/eelkus01/NEXRADTurbulencePrediction/model_training/trained_model_outputs/hybrid_42_model_checkpoint.pth for l2_alpha_idx: 3, fold 2, and epoch 11
BEGINNING EPOCH 12
[Epoch 12, Batch    50] avg loss: 0.6513
[Epoch 12, Batch   100] avg loss: 0.6480
[Epoch 12, Batch   150] avg loss: 0.6506
[Epoch 12, Batch   200] avg loss: 0.6575
[Epoch 12, Batch   250] avg loss: 0.6393
[Epoch 12, Batch   300] avg loss: 0.6508
Validation loss: 0.6314 (61 batches)
loss_per_epoch_list on epoch 12 is [0.6944100632042182, 0.6961703759724976, 0.6907657678010034, 0.6892250502695803, 0.6858870650901169, 0.6876554831129605, 0.6564467246415185, 0.6816640398541435, 0.6654465911818332, 0.6827211174808565, 0.667898566996465, 0.6313542352348077]

Checkpoint saved at /cluster/tufts/capstone25skyblue/eelkus01/NEXRADTurbulencePrediction/model_training/trained_model_outputs/hybrid_42_model_checkpoint.pth for l2_alpha_idx: 3, fold 2, and epoch 12
BEGINNING EPOCH 13
[Epoch 13, Batch    50] avg loss: 0.6447
[Epoch 13, Batch   100] avg loss: 0.6504
[Epoch 13, Batch   150] avg loss: 0.6471
[Epoch 13, Batch   200] avg loss: 0.6509
[Epoch 13, Batch   250] avg loss: 0.6516
[Epoch 13, Batch   300] avg loss: 0.6343
Validation loss: 0.7255 (61 batches)
loss_per_epoch_list on epoch 13 is [0.6944100632042182, 0.6961703759724976, 0.6907657678010034, 0.6892250502695803, 0.6858870650901169, 0.6876554831129605, 0.6564467246415185, 0.6816640398541435, 0.6654465911818332, 0.6827211174808565, 0.667898566996465, 0.6313542352348077, 0.7254751295339866]

Checkpoint saved at /cluster/tufts/capstone25skyblue/eelkus01/NEXRADTurbulencePrediction/model_training/trained_model_outputs/hybrid_42_model_checkpoint.pth for l2_alpha_idx: 3, fold 2, and epoch 13
BEGINNING EPOCH 14
[Epoch 14, Batch    50] avg loss: 0.6456
[Epoch 14, Batch   100] avg loss: 0.6450
[Epoch 14, Batch   150] avg loss: 0.6397
[Epoch 14, Batch   200] avg loss: 0.6317
[Epoch 14, Batch   250] avg loss: 0.6327
[Epoch 14, Batch   300] avg loss: 0.6297
Validation loss: 0.6935 (61 batches)
loss_per_epoch_list on epoch 14 is [0.6944100632042182, 0.6961703759724976, 0.6907657678010034, 0.6892250502695803, 0.6858870650901169, 0.6876554831129605, 0.6564467246415185, 0.6816640398541435, 0.6654465911818332, 0.6827211174808565, 0.667898566996465, 0.6313542352348077, 0.7254751295339866, 0.6935207208649057]

Checkpoint saved at /cluster/tufts/capstone25skyblue/eelkus01/NEXRADTurbulencePrediction/model_training/trained_model_outputs/hybrid_42_model_checkpoint.pth for l2_alpha_idx: 3, fold 2, and epoch 14
BEGINNING EPOCH 15
[Epoch 15, Batch    50] avg loss: 0.6371
[Epoch 15, Batch   100] avg loss: 0.6368
[Epoch 15, Batch   150] avg loss: 0.6326
[Epoch 15, Batch   200] avg loss: 0.6337
[Epoch 15, Batch   250] avg loss: 0.6349
[Epoch 15, Batch   300] avg loss: 0.6333
Validation loss: 0.6250 (61 batches)
loss_per_epoch_list on epoch 15 is [0.6944100632042182, 0.6961703759724976, 0.6907657678010034, 0.6892250502695803, 0.6858870650901169, 0.6876554831129605, 0.6564467246415185, 0.6816640398541435, 0.6654465911818332, 0.6827211174808565, 0.667898566996465, 0.6313542352348077, 0.7254751295339866, 0.6935207208649057, 0.6249519098000448]

Checkpoint saved at /cluster/tufts/capstone25skyblue/eelkus01/NEXRADTurbulencePrediction/model_training/trained_model_outputs/hybrid_42_model_checkpoint.pth for l2_alpha_idx: 3, fold 2, and epoch 15
BEGINNING EPOCH 16
[Epoch 16, Batch    50] avg loss: 0.6319
[Epoch 16, Batch   100] avg loss: 0.6389
[Epoch 16, Batch   150] avg loss: 0.6312
[Epoch 16, Batch   200] avg loss: 0.6342
[Epoch 16, Batch   250] avg loss: 0.6237
[Epoch 16, Batch   300] avg loss: 0.6293
Validation loss: 0.6671 (61 batches)
loss_per_epoch_list on epoch 16 is [0.6944100632042182, 0.6961703759724976, 0.6907657678010034, 0.6892250502695803, 0.6858870650901169, 0.6876554831129605, 0.6564467246415185, 0.6816640398541435, 0.6654465911818332, 0.6827211174808565, 0.667898566996465, 0.6313542352348077, 0.7254751295339866, 0.6935207208649057, 0.6249519098000448, 0.667070776712699]

Checkpoint saved at /cluster/tufts/capstone25skyblue/eelkus01/NEXRADTurbulencePrediction/model_training/trained_model_outputs/hybrid_42_model_checkpoint.pth for l2_alpha_idx: 3, fold 2, and epoch 16
BEGINNING EPOCH 17
[Epoch 17, Batch    50] avg loss: 0.6168
[Epoch 17, Batch   100] avg loss: 0.6217
[Epoch 17, Batch   150] avg loss: 0.6294
[Epoch 17, Batch   200] avg loss: 0.6273
[Epoch 17, Batch   250] avg loss: 0.6334
[Epoch 17, Batch   300] avg loss: 0.6257
Validation loss: 0.6555 (61 batches)
loss_per_epoch_list on epoch 17 is [0.6944100632042182, 0.6961703759724976, 0.6907657678010034, 0.6892250502695803, 0.6858870650901169, 0.6876554831129605, 0.6564467246415185, 0.6816640398541435, 0.6654465911818332, 0.6827211174808565, 0.667898566996465, 0.6313542352348077, 0.7254751295339866, 0.6935207208649057, 0.6249519098000448, 0.667070776712699, 0.6554776195619927]

Checkpoint saved at /cluster/tufts/capstone25skyblue/eelkus01/NEXRADTurbulencePrediction/model_training/trained_model_outputs/hybrid_42_model_checkpoint.pth for l2_alpha_idx: 3, fold 2, and epoch 17
BEGINNING EPOCH 18
[Epoch 18, Batch    50] avg loss: 0.6246
[Epoch 18, Batch   100] avg loss: 0.6252
[Epoch 18, Batch   150] avg loss: 0.6080
[Epoch 18, Batch   200] avg loss: 0.6171
[Epoch 18, Batch   250] avg loss: 0.6126
[Epoch 18, Batch   300] avg loss: 0.6040
Validation loss: 0.7725 (61 batches)
loss_per_epoch_list on epoch 18 is [0.6944100632042182, 0.6961703759724976, 0.6907657678010034, 0.6892250502695803, 0.6858870650901169, 0.6876554831129605, 0.6564467246415185, 0.6816640398541435, 0.6654465911818332, 0.6827211174808565, 0.667898566996465, 0.6313542352348077, 0.7254751295339866, 0.6935207208649057, 0.6249519098000448, 0.667070776712699, 0.6554776195619927, 0.7724902346485951]

Checkpoint saved at /cluster/tufts/capstone25skyblue/eelkus01/NEXRADTurbulencePrediction/model_training/trained_model_outputs/hybrid_42_model_checkpoint.pth for l2_alpha_idx: 3, fold 2, and epoch 18
BEGINNING EPOCH 19
[Epoch 19, Batch    50] avg loss: 0.6309
[Epoch 19, Batch   100] avg loss: 0.6162
[Epoch 19, Batch   150] avg loss: 0.6153
[Epoch 19, Batch   200] avg loss: 0.6272
[Epoch 19, Batch   250] avg loss: 0.6185
[Epoch 19, Batch   300] avg loss: 0.6034
Validation loss: 0.6671 (61 batches)
loss_per_epoch_list on epoch 19 is [0.6944100632042182, 0.6961703759724976, 0.6907657678010034, 0.6892250502695803, 0.6858870650901169, 0.6876554831129605, 0.6564467246415185, 0.6816640398541435, 0.6654465911818332, 0.6827211174808565, 0.667898566996465, 0.6313542352348077, 0.7254751295339866, 0.6935207208649057, 0.6249519098000448, 0.667070776712699, 0.6554776195619927, 0.7724902346485951, 0.6670953455518503]

Checkpoint saved at /cluster/tufts/capstone25skyblue/eelkus01/NEXRADTurbulencePrediction/model_training/trained_model_outputs/hybrid_42_model_checkpoint.pth for l2_alpha_idx: 3, fold 2, and epoch 19
BEGINNING EPOCH 20
[Epoch 20, Batch    50] avg loss: 0.6026
[Epoch 20, Batch   100] avg loss: 0.6155
[Epoch 20, Batch   150] avg loss: 0.6044
[Epoch 20, Batch   200] avg loss: 0.6059
[Epoch 20, Batch   250] avg loss: 0.5896
[Epoch 20, Batch   300] avg loss: 0.6082
Validation loss: 0.7559 (61 batches)
loss_per_epoch_list on epoch 20 is [0.6944100632042182, 0.6961703759724976, 0.6907657678010034, 0.6892250502695803, 0.6858870650901169, 0.6876554831129605, 0.6564467246415185, 0.6816640398541435, 0.6654465911818332, 0.6827211174808565, 0.667898566996465, 0.6313542352348077, 0.7254751295339866, 0.6935207208649057, 0.6249519098000448, 0.667070776712699, 0.6554776195619927, 0.7724902346485951, 0.6670953455518503, 0.7559432651175827]

Checkpoint saved at /cluster/tufts/capstone25skyblue/eelkus01/NEXRADTurbulencePrediction/model_training/trained_model_outputs/hybrid_42_model_checkpoint.pth for l2_alpha_idx: 3, fold 2, and epoch 20
BEGINNING EPOCH 21
[Epoch 21, Batch    50] avg loss: 0.5897
[Epoch 21, Batch   100] avg loss: 0.6122
[Epoch 21, Batch   150] avg loss: 0.5875
[Epoch 21, Batch   200] avg loss: 0.5798
[Epoch 21, Batch   250] avg loss: 0.5998
[Epoch 21, Batch   300] avg loss: 0.5929
Validation loss: 0.7238 (61 batches)
loss_per_epoch_list on epoch 21 is [0.6944100632042182, 0.6961703759724976, 0.6907657678010034, 0.6892250502695803, 0.6858870650901169, 0.6876554831129605, 0.6564467246415185, 0.6816640398541435, 0.6654465911818332, 0.6827211174808565, 0.667898566996465, 0.6313542352348077, 0.7254751295339866, 0.6935207208649057, 0.6249519098000448, 0.667070776712699, 0.6554776195619927, 0.7724902346485951, 0.6670953455518503, 0.7559432651175827, 0.723798864200467]

Checkpoint saved at /cluster/tufts/capstone25skyblue/eelkus01/NEXRADTurbulencePrediction/model_training/trained_model_outputs/hybrid_42_model_checkpoint.pth for l2_alpha_idx: 3, fold 2, and epoch 21
BEGINNING EPOCH 22
[Epoch 22, Batch    50] avg loss: 0.5849
[Epoch 22, Batch   100] avg loss: 0.5815
[Epoch 22, Batch   150] avg loss: 0.5728
[Epoch 22, Batch   200] avg loss: 0.5724
[Epoch 22, Batch   250] avg loss: 0.5903
[Epoch 22, Batch   300] avg loss: 0.5742
Validation loss: 0.7043 (61 batches)
loss_per_epoch_list on epoch 22 is [0.6944100632042182, 0.6961703759724976, 0.6907657678010034, 0.6892250502695803, 0.6858870650901169, 0.6876554831129605, 0.6564467246415185, 0.6816640398541435, 0.6654465911818332, 0.6827211174808565, 0.667898566996465, 0.6313542352348077, 0.7254751295339866, 0.6935207208649057, 0.6249519098000448, 0.667070776712699, 0.6554776195619927, 0.7724902346485951, 0.6670953455518503, 0.7559432651175827, 0.723798864200467, 0.7042771304239992]

Checkpoint saved at /cluster/tufts/capstone25skyblue/eelkus01/NEXRADTurbulencePrediction/model_training/trained_model_outputs/hybrid_42_model_checkpoint.pth for l2_alpha_idx: 3, fold 2, and epoch 22
BEGINNING EPOCH 23
[Epoch 23, Batch    50] avg loss: 0.5806
[Epoch 23, Batch   100] avg loss: 0.5767
[Epoch 23, Batch   150] avg loss: 0.5764
[Epoch 23, Batch   200] avg loss: 0.5796
[Epoch 23, Batch   250] avg loss: 0.5678
[Epoch 23, Batch   300] avg loss: 0.5612
Validation loss: 0.8521 (61 batches)
loss_per_epoch_list on epoch 23 is [0.6944100632042182, 0.6961703759724976, 0.6907657678010034, 0.6892250502695803, 0.6858870650901169, 0.6876554831129605, 0.6564467246415185, 0.6816640398541435, 0.6654465911818332, 0.6827211174808565, 0.667898566996465, 0.6313542352348077, 0.7254751295339866, 0.6935207208649057, 0.6249519098000448, 0.667070776712699, 0.6554776195619927, 0.7724902346485951, 0.6670953455518503, 0.7559432651175827, 0.723798864200467, 0.7042771304239992, 0.852131998929821]

Checkpoint saved at /cluster/tufts/capstone25skyblue/eelkus01/NEXRADTurbulencePrediction/model_training/trained_model_outputs/hybrid_42_model_checkpoint.pth for l2_alpha_idx: 3, fold 2, and epoch 23
BEGINNING EPOCH 24
[Epoch 24, Batch    50] avg loss: 0.5675
[Epoch 24, Batch   100] avg loss: 0.5633
[Epoch 24, Batch   150] avg loss: 0.5556
[Epoch 24, Batch   200] avg loss: 0.5648
[Epoch 24, Batch   250] avg loss: 0.5545
[Epoch 24, Batch   300] avg loss: 0.5581
Validation loss: 0.6886 (61 batches)
loss_per_epoch_list on epoch 24 is [0.6944100632042182, 0.6961703759724976, 0.6907657678010034, 0.6892250502695803, 0.6858870650901169, 0.6876554831129605, 0.6564467246415185, 0.6816640398541435, 0.6654465911818332, 0.6827211174808565, 0.667898566996465, 0.6313542352348077, 0.7254751295339866, 0.6935207208649057, 0.6249519098000448, 0.667070776712699, 0.6554776195619927, 0.7724902346485951, 0.6670953455518503, 0.7559432651175827, 0.723798864200467, 0.7042771304239992, 0.852131998929821, 0.6885744997712432]

Checkpoint saved at /cluster/tufts/capstone25skyblue/eelkus01/NEXRADTurbulencePrediction/model_training/trained_model_outputs/hybrid_42_model_checkpoint.pth for l2_alpha_idx: 3, fold 2, and epoch 24
BEGINNING EPOCH 25
[Epoch 25, Batch    50] avg loss: 0.5504
[Epoch 25, Batch   100] avg loss: 0.5357
[Epoch 25, Batch   150] avg loss: 0.5558
[Epoch 25, Batch   200] avg loss: 0.5578
[Epoch 25, Batch   250] avg loss: 0.5421
[Epoch 25, Batch   300] avg loss: 0.5433
Validation loss: 0.6873 (61 batches)
loss_per_epoch_list on epoch 25 is [0.6944100632042182, 0.6961703759724976, 0.6907657678010034, 0.6892250502695803, 0.6858870650901169, 0.6876554831129605, 0.6564467246415185, 0.6816640398541435, 0.6654465911818332, 0.6827211174808565, 0.667898566996465, 0.6313542352348077, 0.7254751295339866, 0.6935207208649057, 0.6249519098000448, 0.667070776712699, 0.6554776195619927, 0.7724902346485951, 0.6670953455518503, 0.7559432651175827, 0.723798864200467, 0.7042771304239992, 0.852131998929821, 0.6885744997712432, 0.6873397025905672]

Checkpoint saved at /cluster/tufts/capstone25skyblue/eelkus01/NEXRADTurbulencePrediction/model_training/trained_model_outputs/hybrid_42_model_checkpoint.pth for l2_alpha_idx: 3, fold 2, and epoch 25
BEGINNING EPOCH 26
[Epoch 26, Batch    50] avg loss: 0.5326
[Epoch 26, Batch   100] avg loss: 0.5441
[Epoch 26, Batch   150] avg loss: 0.5401
[Epoch 26, Batch   200] avg loss: 0.5385
[Epoch 26, Batch   250] avg loss: 0.5301
[Epoch 26, Batch   300] avg loss: 0.5369
Validation loss: 0.7476 (61 batches)
loss_per_epoch_list on epoch 26 is [0.6944100632042182, 0.6961703759724976, 0.6907657678010034, 0.6892250502695803, 0.6858870650901169, 0.6876554831129605, 0.6564467246415185, 0.6816640398541435, 0.6654465911818332, 0.6827211174808565, 0.667898566996465, 0.6313542352348077, 0.7254751295339866, 0.6935207208649057, 0.6249519098000448, 0.667070776712699, 0.6554776195619927, 0.7724902346485951, 0.6670953455518503, 0.7559432651175827, 0.723798864200467, 0.7042771304239992, 0.852131998929821, 0.6885744997712432, 0.6873397025905672, 0.7475613756257979]

Checkpoint saved at /cluster/tufts/capstone25skyblue/eelkus01/NEXRADTurbulencePrediction/model_training/trained_model_outputs/hybrid_42_model_checkpoint.pth for l2_alpha_idx: 3, fold 2, and epoch 26
BEGINNING EPOCH 27
[Epoch 27, Batch    50] avg loss: 0.5337
[Epoch 27, Batch   100] avg loss: 0.5188
[Epoch 27, Batch   150] avg loss: 0.5185
[Epoch 27, Batch   200] avg loss: 0.5270
[Epoch 27, Batch   250] avg loss: 0.5228
[Epoch 27, Batch   300] avg loss: 0.5212
Validation loss: 0.7446 (61 batches)
loss_per_epoch_list on epoch 27 is [0.6944100632042182, 0.6961703759724976, 0.6907657678010034, 0.6892250502695803, 0.6858870650901169, 0.6876554831129605, 0.6564467246415185, 0.6816640398541435, 0.6654465911818332, 0.6827211174808565, 0.667898566996465, 0.6313542352348077, 0.7254751295339866, 0.6935207208649057, 0.6249519098000448, 0.667070776712699, 0.6554776195619927, 0.7724902346485951, 0.6670953455518503, 0.7559432651175827, 0.723798864200467, 0.7042771304239992, 0.852131998929821, 0.6885744997712432, 0.6873397025905672, 0.7475613756257979, 0.7446194359513579]

Checkpoint saved at /cluster/tufts/capstone25skyblue/eelkus01/NEXRADTurbulencePrediction/model_training/trained_model_outputs/hybrid_42_model_checkpoint.pth for l2_alpha_idx: 3, fold 2, and epoch 27
BEGINNING EPOCH 28
[Epoch 28, Batch    50] avg loss: 0.5101
[Epoch 28, Batch   100] avg loss: 0.5034
[Epoch 28, Batch   150] avg loss: 0.4937
[Epoch 28, Batch   200] avg loss: 0.5088
[Epoch 28, Batch   250] avg loss: 0.5166
[Epoch 28, Batch   300] avg loss: 0.5048
Validation loss: 0.7644 (61 batches)
loss_per_epoch_list on epoch 28 is [0.6944100632042182, 0.6961703759724976, 0.6907657678010034, 0.6892250502695803, 0.6858870650901169, 0.6876554831129605, 0.6564467246415185, 0.6816640398541435, 0.6654465911818332, 0.6827211174808565, 0.667898566996465, 0.6313542352348077, 0.7254751295339866, 0.6935207208649057, 0.6249519098000448, 0.667070776712699, 0.6554776195619927, 0.7724902346485951, 0.6670953455518503, 0.7559432651175827, 0.723798864200467, 0.7042771304239992, 0.852131998929821, 0.6885744997712432, 0.6873397025905672, 0.7475613756257979, 0.7446194359513579, 0.7643587393838851]

Checkpoint saved at /cluster/tufts/capstone25skyblue/eelkus01/NEXRADTurbulencePrediction/model_training/trained_model_outputs/hybrid_42_model_checkpoint.pth for l2_alpha_idx: 3, fold 2, and epoch 28
BEGINNING EPOCH 29
[Epoch 29, Batch    50] avg loss: 0.4874
[Epoch 29, Batch   100] avg loss: 0.5187
[Epoch 29, Batch   150] avg loss: 0.4836
[Epoch 29, Batch   200] avg loss: 0.5126
[Epoch 29, Batch   250] avg loss: 0.4872
[Epoch 29, Batch   300] avg loss: 0.4921
Validation loss: 0.8250 (61 batches)
loss_per_epoch_list on epoch 29 is [0.6944100632042182, 0.6961703759724976, 0.6907657678010034, 0.6892250502695803, 0.6858870650901169, 0.6876554831129605, 0.6564467246415185, 0.6816640398541435, 0.6654465911818332, 0.6827211174808565, 0.667898566996465, 0.6313542352348077, 0.7254751295339866, 0.6935207208649057, 0.6249519098000448, 0.667070776712699, 0.6554776195619927, 0.7724902346485951, 0.6670953455518503, 0.7559432651175827, 0.723798864200467, 0.7042771304239992, 0.852131998929821, 0.6885744997712432, 0.6873397025905672, 0.7475613756257979, 0.7446194359513579, 0.7643587393838851, 0.8249553007180573]

Checkpoint saved at /cluster/tufts/capstone25skyblue/eelkus01/NEXRADTurbulencePrediction/model_training/trained_model_outputs/hybrid_42_model_checkpoint.pth for l2_alpha_idx: 3, fold 2, and epoch 29
Fold 2 had loss: 0.8249553007180573 on its last epoch

Fold 3 with l2_alpha = 0
Train subset size: 19253, Validation subset size: 3851
BEGINNING EPOCH 1
[Epoch 1, Batch    50] avg loss: 2.2309
[Epoch 1, Batch   100] avg loss: 0.8511
[Epoch 1, Batch   150] avg loss: 0.7456
[Epoch 1, Batch   200] avg loss: 0.7145
[Epoch 1, Batch   250] avg loss: 0.7110
[Epoch 1, Batch   300] avg loss: 0.7004
Validation loss: 0.7032 (61 batches)
loss_per_epoch_list on epoch 1 is [0.7032258168595736]

Checkpoint saved at /cluster/tufts/capstone25skyblue/eelkus01/NEXRADTurbulencePrediction/model_training/trained_model_outputs/hybrid_42_model_checkpoint.pth for l2_alpha_idx: 3, fold 3, and epoch 1
BEGINNING EPOCH 2
[Epoch 2, Batch    50] avg loss: 0.6993
[Epoch 2, Batch   100] avg loss: 0.6953
[Epoch 2, Batch   150] avg loss: 0.6947
[Epoch 2, Batch   200] avg loss: 0.6944
[Epoch 2, Batch   250] avg loss: 0.6878
[Epoch 2, Batch   300] avg loss: 0.6880
Validation loss: 0.6955 (61 batches)
loss_per_epoch_list on epoch 2 is [0.7032258168595736, 0.6954846528709911]

Checkpoint saved at /cluster/tufts/capstone25skyblue/eelkus01/NEXRADTurbulencePrediction/model_training/trained_model_outputs/hybrid_42_model_checkpoint.pth for l2_alpha_idx: 3, fold 3, and epoch 2
BEGINNING EPOCH 3
[Epoch 3, Batch    50] avg loss: 0.6830
[Epoch 3, Batch   100] avg loss: 0.6866
[Epoch 3, Batch   150] avg loss: 0.6875
[Epoch 3, Batch   200] avg loss: 0.6814
[Epoch 3, Batch   250] avg loss: 0.6780
[Epoch 3, Batch   300] avg loss: 0.6765
Validation loss: 0.6684 (61 batches)
loss_per_epoch_list on epoch 3 is [0.7032258168595736, 0.6954846528709911, 0.6683923758444239]

Checkpoint saved at /cluster/tufts/capstone25skyblue/eelkus01/NEXRADTurbulencePrediction/model_training/trained_model_outputs/hybrid_42_model_checkpoint.pth for l2_alpha_idx: 3, fold 3, and epoch 3
BEGINNING EPOCH 4
[Epoch 4, Batch    50] avg loss: 0.6828
[Epoch 4, Batch   100] avg loss: 0.6753
[Epoch 4, Batch   150] avg loss: 0.6760
[Epoch 4, Batch   200] avg loss: 0.6711
[Epoch 4, Batch   250] avg loss: 0.6752
[Epoch 4, Batch   300] avg loss: 0.6686
Validation loss: 0.6524 (61 batches)
loss_per_epoch_list on epoch 4 is [0.7032258168595736, 0.6954846528709911, 0.6683923758444239, 0.6523852612151474]

Checkpoint saved at /cluster/tufts/capstone25skyblue/eelkus01/NEXRADTurbulencePrediction/model_training/trained_model_outputs/hybrid_42_model_checkpoint.pth for l2_alpha_idx: 3, fold 3, and epoch 4
BEGINNING EPOCH 5
[Epoch 5, Batch    50] avg loss: 0.6672
[Epoch 5, Batch   100] avg loss: 0.6593
[Epoch 5, Batch   150] avg loss: 0.6657
[Epoch 5, Batch   200] avg loss: 0.6650
[Epoch 5, Batch   250] avg loss: 0.6622
[Epoch 5, Batch   300] avg loss: 0.6634
Validation loss: 0.6987 (61 batches)
loss_per_epoch_list on epoch 5 is [0.7032258168595736, 0.6954846528709911, 0.6683923758444239, 0.6523852612151474, 0.6986881445665829]

Checkpoint saved at /cluster/tufts/capstone25skyblue/eelkus01/NEXRADTurbulencePrediction/model_training/trained_model_outputs/hybrid_42_model_checkpoint.pth for l2_alpha_idx: 3, fold 3, and epoch 5
BEGINNING EPOCH 6
[Epoch 6, Batch    50] avg loss: 0.6621
[Epoch 6, Batch   100] avg loss: 0.6548
[Epoch 6, Batch   150] avg loss: 0.6629
[Epoch 6, Batch   200] avg loss: 0.6597
[Epoch 6, Batch   250] avg loss: 0.6650
[Epoch 6, Batch   300] avg loss: 0.6636
Validation loss: 0.6786 (61 batches)
loss_per_epoch_list on epoch 6 is [0.7032258168595736, 0.6954846528709911, 0.6683923758444239, 0.6523852612151474, 0.6986881445665829, 0.6785502179724271]

Checkpoint saved at /cluster/tufts/capstone25skyblue/eelkus01/NEXRADTurbulencePrediction/model_training/trained_model_outputs/hybrid_42_model_checkpoint.pth for l2_alpha_idx: 3, fold 3, and epoch 6
BEGINNING EPOCH 7
[Epoch 7, Batch    50] avg loss: 0.6568
[Epoch 7, Batch   100] avg loss: 0.6566
[Epoch 7, Batch   150] avg loss: 0.6691
[Epoch 7, Batch   200] avg loss: 0.6549
[Epoch 7, Batch   250] avg loss: 0.6547
[Epoch 7, Batch   300] avg loss: 0.6598
Validation loss: 0.6473 (61 batches)
loss_per_epoch_list on epoch 7 is [0.7032258168595736, 0.6954846528709911, 0.6683923758444239, 0.6523852612151474, 0.6986881445665829, 0.6785502179724271, 0.6472961931932167]

Checkpoint saved at /cluster/tufts/capstone25skyblue/eelkus01/NEXRADTurbulencePrediction/model_training/trained_model_outputs/hybrid_42_model_checkpoint.pth for l2_alpha_idx: 3, fold 3, and epoch 7
BEGINNING EPOCH 8
[Epoch 8, Batch    50] avg loss: 0.6539
[Epoch 8, Batch   100] avg loss: 0.6655
[Epoch 8, Batch   150] avg loss: 0.6529
[Epoch 8, Batch   200] avg loss: 0.6520
[Epoch 8, Batch   250] avg loss: 0.6547
[Epoch 8, Batch   300] avg loss: 0.6614
Validation loss: 0.6605 (61 batches)
loss_per_epoch_list on epoch 8 is [0.7032258168595736, 0.6954846528709911, 0.6683923758444239, 0.6523852612151474, 0.6986881445665829, 0.6785502179724271, 0.6472961931932167, 0.6605089277517601]

Checkpoint saved at /cluster/tufts/capstone25skyblue/eelkus01/NEXRADTurbulencePrediction/model_training/trained_model_outputs/hybrid_42_model_checkpoint.pth for l2_alpha_idx: 3, fold 3, and epoch 8
BEGINNING EPOCH 9
[Epoch 9, Batch    50] avg loss: 0.6458
[Epoch 9, Batch   100] avg loss: 0.6452
[Epoch 9, Batch   150] avg loss: 0.6482
[Epoch 9, Batch   200] avg loss: 0.6460
[Epoch 9, Batch   250] avg loss: 0.6623
[Epoch 9, Batch   300] avg loss: 0.6399
Validation loss: 0.6929 (61 batches)
loss_per_epoch_list on epoch 9 is [0.7032258168595736, 0.6954846528709911, 0.6683923758444239, 0.6523852612151474, 0.6986881445665829, 0.6785502179724271, 0.6472961931932167, 0.6605089277517601, 0.6929009947620455]

Checkpoint saved at /cluster/tufts/capstone25skyblue/eelkus01/NEXRADTurbulencePrediction/model_training/trained_model_outputs/hybrid_42_model_checkpoint.pth for l2_alpha_idx: 3, fold 3, and epoch 9
BEGINNING EPOCH 10
[Epoch 10, Batch    50] avg loss: 0.6513
[Epoch 10, Batch   100] avg loss: 0.6493
[Epoch 10, Batch   150] avg loss: 0.6545
[Epoch 10, Batch   200] avg loss: 0.6494
[Epoch 10, Batch   250] avg loss: 0.6487
[Epoch 10, Batch   300] avg loss: 0.6428
Validation loss: 0.6276 (61 batches)
loss_per_epoch_list on epoch 10 is [0.7032258168595736, 0.6954846528709911, 0.6683923758444239, 0.6523852612151474, 0.6986881445665829, 0.6785502179724271, 0.6472961931932167, 0.6605089277517601, 0.6929009947620455, 0.627553572420214]

Checkpoint saved at /cluster/tufts/capstone25skyblue/eelkus01/NEXRADTurbulencePrediction/model_training/trained_model_outputs/hybrid_42_model_checkpoint.pth for l2_alpha_idx: 3, fold 3, and epoch 10
BEGINNING EPOCH 11
[Epoch 11, Batch    50] avg loss: 0.6520
[Epoch 11, Batch   100] avg loss: 0.6419
[Epoch 11, Batch   150] avg loss: 0.6551
[Epoch 11, Batch   200] avg loss: 0.6373
[Epoch 11, Batch   250] avg loss: 0.6507
[Epoch 11, Batch   300] avg loss: 0.6450
Validation loss: 0.7144 (61 batches)
loss_per_epoch_list on epoch 11 is [0.7032258168595736, 0.6954846528709911, 0.6683923758444239, 0.6523852612151474, 0.6986881445665829, 0.6785502179724271, 0.6472961931932167, 0.6605089277517601, 0.6929009947620455, 0.627553572420214, 0.714350986676138]

Checkpoint saved at /cluster/tufts/capstone25skyblue/eelkus01/NEXRADTurbulencePrediction/model_training/trained_model_outputs/hybrid_42_model_checkpoint.pth for l2_alpha_idx: 3, fold 3, and epoch 11
BEGINNING EPOCH 12
[Epoch 12, Batch    50] avg loss: 0.6475
[Epoch 12, Batch   100] avg loss: 0.6381
[Epoch 12, Batch   150] avg loss: 0.6369
[Epoch 12, Batch   200] avg loss: 0.6478
[Epoch 12, Batch   250] avg loss: 0.6407
[Epoch 12, Batch   300] avg loss: 0.6393
Validation loss: 0.6477 (61 batches)
loss_per_epoch_list on epoch 12 is [0.7032258168595736, 0.6954846528709911, 0.6683923758444239, 0.6523852612151474, 0.6986881445665829, 0.6785502179724271, 0.6472961931932167, 0.6605089277517601, 0.6929009947620455, 0.627553572420214, 0.714350986676138, 0.6477276419029862]

Checkpoint saved at /cluster/tufts/capstone25skyblue/eelkus01/NEXRADTurbulencePrediction/model_training/trained_model_outputs/hybrid_42_model_checkpoint.pth for l2_alpha_idx: 3, fold 3, and epoch 12
BEGINNING EPOCH 13
[Epoch 13, Batch    50] avg loss: 0.6336
[Epoch 13, Batch   100] avg loss: 0.6320
[Epoch 13, Batch   150] avg loss: 0.6276
[Epoch 13, Batch   200] avg loss: 0.6342
[Epoch 13, Batch   250] avg loss: 0.6392
[Epoch 13, Batch   300] avg loss: 0.6261
Validation loss: 0.6521 (61 batches)
loss_per_epoch_list on epoch 13 is [0.7032258168595736, 0.6954846528709911, 0.6683923758444239, 0.6523852612151474, 0.6986881445665829, 0.6785502179724271, 0.6472961931932167, 0.6605089277517601, 0.6929009947620455, 0.627553572420214, 0.714350986676138, 0.6477276419029862, 0.6520858788099445]

Checkpoint saved at /cluster/tufts/capstone25skyblue/eelkus01/NEXRADTurbulencePrediction/model_training/trained_model_outputs/hybrid_42_model_checkpoint.pth for l2_alpha_idx: 3, fold 3, and epoch 13
BEGINNING EPOCH 14
[Epoch 14, Batch    50] avg loss: 0.6309
[Epoch 14, Batch   100] avg loss: 0.6240
[Epoch 14, Batch   150] avg loss: 0.6393
[Epoch 14, Batch   200] avg loss: 0.6315
[Epoch 14, Batch   250] avg loss: 0.6279
[Epoch 14, Batch   300] avg loss: 0.6371
Validation loss: 0.6106 (61 batches)
loss_per_epoch_list on epoch 14 is [0.7032258168595736, 0.6954846528709911, 0.6683923758444239, 0.6523852612151474, 0.6986881445665829, 0.6785502179724271, 0.6472961931932167, 0.6605089277517601, 0.6929009947620455, 0.627553572420214, 0.714350986676138, 0.6477276419029862, 0.6520858788099445, 0.6106430477783328]

Checkpoint saved at /cluster/tufts/capstone25skyblue/eelkus01/NEXRADTurbulencePrediction/model_training/trained_model_outputs/hybrid_42_model_checkpoint.pth for l2_alpha_idx: 3, fold 3, and epoch 14
BEGINNING EPOCH 15
[Epoch 15, Batch    50] avg loss: 0.6271
[Epoch 15, Batch   100] avg loss: 0.6213
[Epoch 15, Batch   150] avg loss: 0.6307
[Epoch 15, Batch   200] avg loss: 0.6262
[Epoch 15, Batch   250] avg loss: 0.6302
[Epoch 15, Batch   300] avg loss: 0.6193
Validation loss: 0.7466 (61 batches)
loss_per_epoch_list on epoch 15 is [0.7032258168595736, 0.6954846528709911, 0.6683923758444239, 0.6523852612151474, 0.6986881445665829, 0.6785502179724271, 0.6472961931932167, 0.6605089277517601, 0.6929009947620455, 0.627553572420214, 0.714350986676138, 0.6477276419029862, 0.6520858788099445, 0.6106430477783328, 0.7466221402903073]

Checkpoint saved at /cluster/tufts/capstone25skyblue/eelkus01/NEXRADTurbulencePrediction/model_training/trained_model_outputs/hybrid_42_model_checkpoint.pth for l2_alpha_idx: 3, fold 3, and epoch 15
BEGINNING EPOCH 16
[Epoch 16, Batch    50] avg loss: 0.6242
[Epoch 16, Batch   100] avg loss: 0.6206
[Epoch 16, Batch   150] avg loss: 0.6234
[Epoch 16, Batch   200] avg loss: 0.6246
[Epoch 16, Batch   250] avg loss: 0.6212
[Epoch 16, Batch   300] avg loss: 0.6121
Validation loss: 0.6993 (61 batches)
loss_per_epoch_list on epoch 16 is [0.7032258168595736, 0.6954846528709911, 0.6683923758444239, 0.6523852612151474, 0.6986881445665829, 0.6785502179724271, 0.6472961931932167, 0.6605089277517601, 0.6929009947620455, 0.627553572420214, 0.714350986676138, 0.6477276419029862, 0.6520858788099445, 0.6106430477783328, 0.7466221402903073, 0.6993291983838941]

Checkpoint saved at /cluster/tufts/capstone25skyblue/eelkus01/NEXRADTurbulencePrediction/model_training/trained_model_outputs/hybrid_42_model_checkpoint.pth for l2_alpha_idx: 3, fold 3, and epoch 16
BEGINNING EPOCH 17
[Epoch 17, Batch    50] avg loss: 0.6115
[Epoch 17, Batch   100] avg loss: 0.6074
[Epoch 17, Batch   150] avg loss: 0.6120
[Epoch 17, Batch   200] avg loss: 0.6173
[Epoch 17, Batch   250] avg loss: 0.6181
[Epoch 17, Batch   300] avg loss: 0.6022
Validation loss: 0.6561 (61 batches)
loss_per_epoch_list on epoch 17 is [0.7032258168595736, 0.6954846528709911, 0.6683923758444239, 0.6523852612151474, 0.6986881445665829, 0.6785502179724271, 0.6472961931932167, 0.6605089277517601, 0.6929009947620455, 0.627553572420214, 0.714350986676138, 0.6477276419029862, 0.6520858788099445, 0.6106430477783328, 0.7466221402903073, 0.6993291983838941, 0.6561022723307375]

Checkpoint saved at /cluster/tufts/capstone25skyblue/eelkus01/NEXRADTurbulencePrediction/model_training/trained_model_outputs/hybrid_42_model_checkpoint.pth for l2_alpha_idx: 3, fold 3, and epoch 17
BEGINNING EPOCH 18
[Epoch 18, Batch    50] avg loss: 0.6061
[Epoch 18, Batch   100] avg loss: 0.6074
[Epoch 18, Batch   150] avg loss: 0.6173
[Epoch 18, Batch   200] avg loss: 0.6025
[Epoch 18, Batch   250] avg loss: 0.6144
[Epoch 18, Batch   300] avg loss: 0.5964
Validation loss: 0.6069 (61 batches)
loss_per_epoch_list on epoch 18 is [0.7032258168595736, 0.6954846528709911, 0.6683923758444239, 0.6523852612151474, 0.6986881445665829, 0.6785502179724271, 0.6472961931932167, 0.6605089277517601, 0.6929009947620455, 0.627553572420214, 0.714350986676138, 0.6477276419029862, 0.6520858788099445, 0.6106430477783328, 0.7466221402903073, 0.6993291983838941, 0.6561022723307375, 0.6069470687967832]

Checkpoint saved at /cluster/tufts/capstone25skyblue/eelkus01/NEXRADTurbulencePrediction/model_training/trained_model_outputs/hybrid_42_model_checkpoint.pth for l2_alpha_idx: 3, fold 3, and epoch 18
BEGINNING EPOCH 19
[Epoch 19, Batch    50] avg loss: 0.5918
[Epoch 19, Batch   100] avg loss: 0.5958
[Epoch 19, Batch   150] avg loss: 0.5906
[Epoch 19, Batch   200] avg loss: 0.5971
[Epoch 19, Batch   250] avg loss: 0.5959
[Epoch 19, Batch   300] avg loss: 0.5963
Validation loss: 0.6764 (61 batches)
loss_per_epoch_list on epoch 19 is [0.7032258168595736, 0.6954846528709911, 0.6683923758444239, 0.6523852612151474, 0.6986881445665829, 0.6785502179724271, 0.6472961931932167, 0.6605089277517601, 0.6929009947620455, 0.627553572420214, 0.714350986676138, 0.6477276419029862, 0.6520858788099445, 0.6106430477783328, 0.7466221402903073, 0.6993291983838941, 0.6561022723307375, 0.6069470687967832, 0.6764242258228239]

Checkpoint saved at /cluster/tufts/capstone25skyblue/eelkus01/NEXRADTurbulencePrediction/model_training/trained_model_outputs/hybrid_42_model_checkpoint.pth for l2_alpha_idx: 3, fold 3, and epoch 19
BEGINNING EPOCH 20
[Epoch 20, Batch    50] avg loss: 0.5950
[Epoch 20, Batch   100] avg loss: 0.5956
[Epoch 20, Batch   150] avg loss: 0.5859
[Epoch 20, Batch   200] avg loss: 0.5725
[Epoch 20, Batch   250] avg loss: 0.5817
[Epoch 20, Batch   300] avg loss: 0.5858
Validation loss: 0.6736 (61 batches)
loss_per_epoch_list on epoch 20 is [0.7032258168595736, 0.6954846528709911, 0.6683923758444239, 0.6523852612151474, 0.6986881445665829, 0.6785502179724271, 0.6472961931932167, 0.6605089277517601, 0.6929009947620455, 0.627553572420214, 0.714350986676138, 0.6477276419029862, 0.6520858788099445, 0.6106430477783328, 0.7466221402903073, 0.6993291983838941, 0.6561022723307375, 0.6069470687967832, 0.6764242258228239, 0.6735849497748203]

Checkpoint saved at /cluster/tufts/capstone25skyblue/eelkus01/NEXRADTurbulencePrediction/model_training/trained_model_outputs/hybrid_42_model_checkpoint.pth for l2_alpha_idx: 3, fold 3, and epoch 20
BEGINNING EPOCH 21
[Epoch 21, Batch    50] avg loss: 0.5807
[Epoch 21, Batch   100] avg loss: 0.5700
[Epoch 21, Batch   150] avg loss: 0.5738
[Epoch 21, Batch   200] avg loss: 0.5841
[Epoch 21, Batch   250] avg loss: 0.5711
[Epoch 21, Batch   300] avg loss: 0.5590
Validation loss: 0.7571 (61 batches)
loss_per_epoch_list on epoch 21 is [0.7032258168595736, 0.6954846528709911, 0.6683923758444239, 0.6523852612151474, 0.6986881445665829, 0.6785502179724271, 0.6472961931932167, 0.6605089277517601, 0.6929009947620455, 0.627553572420214, 0.714350986676138, 0.6477276419029862, 0.6520858788099445, 0.6106430477783328, 0.7466221402903073, 0.6993291983838941, 0.6561022723307375, 0.6069470687967832, 0.6764242258228239, 0.6735849497748203, 0.7571079985040133]

Checkpoint saved at /cluster/tufts/capstone25skyblue/eelkus01/NEXRADTurbulencePrediction/model_training/trained_model_outputs/hybrid_42_model_checkpoint.pth for l2_alpha_idx: 3, fold 3, and epoch 21
BEGINNING EPOCH 22
[Epoch 22, Batch    50] avg loss: 0.5725
[Epoch 22, Batch   100] avg loss: 0.5849
[Epoch 22, Batch   150] avg loss: 0.5504
[Epoch 22, Batch   200] avg loss: 0.5583
[Epoch 22, Batch   250] avg loss: 0.5829
[Epoch 22, Batch   300] avg loss: 0.5714
Validation loss: 0.7122 (61 batches)
loss_per_epoch_list on epoch 22 is [0.7032258168595736, 0.6954846528709911, 0.6683923758444239, 0.6523852612151474, 0.6986881445665829, 0.6785502179724271, 0.6472961931932167, 0.6605089277517601, 0.6929009947620455, 0.627553572420214, 0.714350986676138, 0.6477276419029862, 0.6520858788099445, 0.6106430477783328, 0.7466221402903073, 0.6993291983838941, 0.6561022723307375, 0.6069470687967832, 0.6764242258228239, 0.6735849497748203, 0.7571079985040133, 0.7121532334656012]

Checkpoint saved at /cluster/tufts/capstone25skyblue/eelkus01/NEXRADTurbulencePrediction/model_training/trained_model_outputs/hybrid_42_model_checkpoint.pth for l2_alpha_idx: 3, fold 3, and epoch 22
BEGINNING EPOCH 23
[Epoch 23, Batch    50] avg loss: 0.5715
[Epoch 23, Batch   100] avg loss: 0.5690
[Epoch 23, Batch   150] avg loss: 0.5678
[Epoch 23, Batch   200] avg loss: 0.5464
[Epoch 23, Batch   250] avg loss: 0.5522
[Epoch 23, Batch   300] avg loss: 0.5445
Validation loss: 0.7076 (61 batches)
loss_per_epoch_list on epoch 23 is [0.7032258168595736, 0.6954846528709911, 0.6683923758444239, 0.6523852612151474, 0.6986881445665829, 0.6785502179724271, 0.6472961931932167, 0.6605089277517601, 0.6929009947620455, 0.627553572420214, 0.714350986676138, 0.6477276419029862, 0.6520858788099445, 0.6106430477783328, 0.7466221402903073, 0.6993291983838941, 0.6561022723307375, 0.6069470687967832, 0.6764242258228239, 0.6735849497748203, 0.7571079985040133, 0.7121532334656012, 0.7075617508810075]

Checkpoint saved at /cluster/tufts/capstone25skyblue/eelkus01/NEXRADTurbulencePrediction/model_training/trained_model_outputs/hybrid_42_model_checkpoint.pth for l2_alpha_idx: 3, fold 3, and epoch 23
BEGINNING EPOCH 24
[Epoch 24, Batch    50] avg loss: 0.5478
[Epoch 24, Batch   100] avg loss: 0.5581
[Epoch 24, Batch   150] avg loss: 0.5512
[Epoch 24, Batch   200] avg loss: 0.5536
[Epoch 24, Batch   250] avg loss: 0.5380
[Epoch 24, Batch   300] avg loss: 0.5496
Validation loss: 0.6476 (61 batches)
loss_per_epoch_list on epoch 24 is [0.7032258168595736, 0.6954846528709911, 0.6683923758444239, 0.6523852612151474, 0.6986881445665829, 0.6785502179724271, 0.6472961931932167, 0.6605089277517601, 0.6929009947620455, 0.627553572420214, 0.714350986676138, 0.6477276419029862, 0.6520858788099445, 0.6106430477783328, 0.7466221402903073, 0.6993291983838941, 0.6561022723307375, 0.6069470687967832, 0.6764242258228239, 0.6735849497748203, 0.7571079985040133, 0.7121532334656012, 0.7075617508810075, 0.6475732536589514]

Checkpoint saved at /cluster/tufts/capstone25skyblue/eelkus01/NEXRADTurbulencePrediction/model_training/trained_model_outputs/hybrid_42_model_checkpoint.pth for l2_alpha_idx: 3, fold 3, and epoch 24
BEGINNING EPOCH 25
[Epoch 25, Batch    50] avg loss: 0.5266
[Epoch 25, Batch   100] avg loss: 0.5266
[Epoch 25, Batch   150] avg loss: 0.5405
[Epoch 25, Batch   200] avg loss: 0.5355
[Epoch 25, Batch   250] avg loss: 0.5222
[Epoch 25, Batch   300] avg loss: 0.5357
Validation loss: 0.7311 (61 batches)
loss_per_epoch_list on epoch 25 is [0.7032258168595736, 0.6954846528709911, 0.6683923758444239, 0.6523852612151474, 0.6986881445665829, 0.6785502179724271, 0.6472961931932167, 0.6605089277517601, 0.6929009947620455, 0.627553572420214, 0.714350986676138, 0.6477276419029862, 0.6520858788099445, 0.6106430477783328, 0.7466221402903073, 0.6993291983838941, 0.6561022723307375, 0.6069470687967832, 0.6764242258228239, 0.6735849497748203, 0.7571079985040133, 0.7121532334656012, 0.7075617508810075, 0.6475732536589514, 0.731060752126037]

Checkpoint saved at /cluster/tufts/capstone25skyblue/eelkus01/NEXRADTurbulencePrediction/model_training/trained_model_outputs/hybrid_42_model_checkpoint.pth for l2_alpha_idx: 3, fold 3, and epoch 25
BEGINNING EPOCH 26
[Epoch 26, Batch    50] avg loss: 0.5227
[Epoch 26, Batch   100] avg loss: 0.5207
[Epoch 26, Batch   150] avg loss: 0.5194
[Epoch 26, Batch   200] avg loss: 0.5072
[Epoch 26, Batch   250] avg loss: 0.5215
[Epoch 26, Batch   300] avg loss: 0.5039
Validation loss: 0.7123 (61 batches)
loss_per_epoch_list on epoch 26 is [0.7032258168595736, 0.6954846528709911, 0.6683923758444239, 0.6523852612151474, 0.6986881445665829, 0.6785502179724271, 0.6472961931932167, 0.6605089277517601, 0.6929009947620455, 0.627553572420214, 0.714350986676138, 0.6477276419029862, 0.6520858788099445, 0.6106430477783328, 0.7466221402903073, 0.6993291983838941, 0.6561022723307375, 0.6069470687967832, 0.6764242258228239, 0.6735849497748203, 0.7571079985040133, 0.7121532334656012, 0.7075617508810075, 0.6475732536589514, 0.731060752126037, 0.7122782537194549]

Checkpoint saved at /cluster/tufts/capstone25skyblue/eelkus01/NEXRADTurbulencePrediction/model_training/trained_model_outputs/hybrid_42_model_checkpoint.pth for l2_alpha_idx: 3, fold 3, and epoch 26
BEGINNING EPOCH 27
[Epoch 27, Batch    50] avg loss: 0.5045
[Epoch 27, Batch   100] avg loss: 0.5138
[Epoch 27, Batch   150] avg loss: 0.5175
[Epoch 27, Batch   200] avg loss: 0.4874
[Epoch 27, Batch   250] avg loss: 0.5262
[Epoch 27, Batch   300] avg loss: 0.4854
Validation loss: 0.7454 (61 batches)
loss_per_epoch_list on epoch 27 is [0.7032258168595736, 0.6954846528709911, 0.6683923758444239, 0.6523852612151474, 0.6986881445665829, 0.6785502179724271, 0.6472961931932167, 0.6605089277517601, 0.6929009947620455, 0.627553572420214, 0.714350986676138, 0.6477276419029862, 0.6520858788099445, 0.6106430477783328, 0.7466221402903073, 0.6993291983838941, 0.6561022723307375, 0.6069470687967832, 0.6764242258228239, 0.6735849497748203, 0.7571079985040133, 0.7121532334656012, 0.7075617508810075, 0.6475732536589514, 0.731060752126037, 0.7122782537194549, 0.7453740151202093]

Checkpoint saved at /cluster/tufts/capstone25skyblue/eelkus01/NEXRADTurbulencePrediction/model_training/trained_model_outputs/hybrid_42_model_checkpoint.pth for l2_alpha_idx: 3, fold 3, and epoch 27
BEGINNING EPOCH 28
[Epoch 28, Batch    50] avg loss: 0.4936
[Epoch 28, Batch   100] avg loss: 0.4969
[Epoch 28, Batch   150] avg loss: 0.4874
[Epoch 28, Batch   200] avg loss: 0.4854
[Epoch 28, Batch   250] avg loss: 0.5107
[Epoch 28, Batch   300] avg loss: 0.5168
Validation loss: 0.9010 (61 batches)
loss_per_epoch_list on epoch 28 is [0.7032258168595736, 0.6954846528709911, 0.6683923758444239, 0.6523852612151474, 0.6986881445665829, 0.6785502179724271, 0.6472961931932167, 0.6605089277517601, 0.6929009947620455, 0.627553572420214, 0.714350986676138, 0.6477276419029862, 0.6520858788099445, 0.6106430477783328, 0.7466221402903073, 0.6993291983838941, 0.6561022723307375, 0.6069470687967832, 0.6764242258228239, 0.6735849497748203, 0.7571079985040133, 0.7121532334656012, 0.7075617508810075, 0.6475732536589514, 0.731060752126037, 0.7122782537194549, 0.7453740151202093, 0.9009533563598258]

Checkpoint saved at /cluster/tufts/capstone25skyblue/eelkus01/NEXRADTurbulencePrediction/model_training/trained_model_outputs/hybrid_42_model_checkpoint.pth for l2_alpha_idx: 3, fold 3, and epoch 28
BEGINNING EPOCH 29
[Epoch 29, Batch    50] avg loss: 0.4930
[Epoch 29, Batch   100] avg loss: 0.4915
[Epoch 29, Batch   150] avg loss: 0.4837
[Epoch 29, Batch   200] avg loss: 0.4929
[Epoch 29, Batch   250] avg loss: 0.4766
[Epoch 29, Batch   300] avg loss: 0.4794
Validation loss: 0.7281 (61 batches)
loss_per_epoch_list on epoch 29 is [0.7032258168595736, 0.6954846528709911, 0.6683923758444239, 0.6523852612151474, 0.6986881445665829, 0.6785502179724271, 0.6472961931932167, 0.6605089277517601, 0.6929009947620455, 0.627553572420214, 0.714350986676138, 0.6477276419029862, 0.6520858788099445, 0.6106430477783328, 0.7466221402903073, 0.6993291983838941, 0.6561022723307375, 0.6069470687967832, 0.6764242258228239, 0.6735849497748203, 0.7571079985040133, 0.7121532334656012, 0.7075617508810075, 0.6475732536589514, 0.731060752126037, 0.7122782537194549, 0.7453740151202093, 0.9009533563598258, 0.7281497775531206]

Checkpoint saved at /cluster/tufts/capstone25skyblue/eelkus01/NEXRADTurbulencePrediction/model_training/trained_model_outputs/hybrid_42_model_checkpoint.pth for l2_alpha_idx: 3, fold 3, and epoch 29
Fold 3 had loss: 0.7281497775531206 on its last epoch

Fold 4 with l2_alpha = 0
Train subset size: 19254, Validation subset size: 3850
BEGINNING EPOCH 1
[Epoch 1, Batch    50] avg loss: 2.9863
[Epoch 1, Batch   100] avg loss: 0.7939
[Epoch 1, Batch   150] avg loss: 0.7552
[Epoch 1, Batch   200] avg loss: 0.8138
[Epoch 1, Batch   250] avg loss: 0.7166
[Epoch 1, Batch   300] avg loss: 0.7561
Validation loss: 0.7268 (61 batches)
loss_per_epoch_list on epoch 1 is [0.7268395609542971]

Checkpoint saved at /cluster/tufts/capstone25skyblue/eelkus01/NEXRADTurbulencePrediction/model_training/trained_model_outputs/hybrid_42_model_checkpoint.pth for l2_alpha_idx: 3, fold 4, and epoch 1
BEGINNING EPOCH 2
[Epoch 2, Batch    50] avg loss: 0.6831
[Epoch 2, Batch   100] avg loss: 0.6933
[Epoch 2, Batch   150] avg loss: 0.7225
[Epoch 2, Batch   200] avg loss: 0.6830
[Epoch 2, Batch   250] avg loss: 0.7136
[Epoch 2, Batch   300] avg loss: 0.6893
Validation loss: 0.6684 (61 batches)
loss_per_epoch_list on epoch 2 is [0.7268395609542971, 0.6683902027177029]

Checkpoint saved at /cluster/tufts/capstone25skyblue/eelkus01/NEXRADTurbulencePrediction/model_training/trained_model_outputs/hybrid_42_model_checkpoint.pth for l2_alpha_idx: 3, fold 4, and epoch 2
BEGINNING EPOCH 3
[Epoch 3, Batch    50] avg loss: 0.6683
[Epoch 3, Batch   100] avg loss: 0.6697
[Epoch 3, Batch   150] avg loss: 0.6777
[Epoch 3, Batch   200] avg loss: 0.6746
[Epoch 3, Batch   250] avg loss: 0.6721
[Epoch 3, Batch   300] avg loss: 0.6627
Validation loss: 0.6654 (61 batches)
loss_per_epoch_list on epoch 3 is [0.7268395609542971, 0.6683902027177029, 0.6653765156620839]

Checkpoint saved at /cluster/tufts/capstone25skyblue/eelkus01/NEXRADTurbulencePrediction/model_training/trained_model_outputs/hybrid_42_model_checkpoint.pth for l2_alpha_idx: 3, fold 4, and epoch 3
BEGINNING EPOCH 4
[Epoch 4, Batch    50] avg loss: 0.6752
[Epoch 4, Batch   100] avg loss: 0.6553
[Epoch 4, Batch   150] avg loss: 0.6630
[Epoch 4, Batch   200] avg loss: 0.6664
[Epoch 4, Batch   250] avg loss: 0.6581
[Epoch 4, Batch   300] avg loss: 0.6526
Validation loss: 0.6353 (61 batches)
loss_per_epoch_list on epoch 4 is [0.7268395609542971, 0.6683902027177029, 0.6653765156620839, 0.6352592950961629]

Checkpoint saved at /cluster/tufts/capstone25skyblue/eelkus01/NEXRADTurbulencePrediction/model_training/trained_model_outputs/hybrid_42_model_checkpoint.pth for l2_alpha_idx: 3, fold 4, and epoch 4
BEGINNING EPOCH 5
[Epoch 5, Batch    50] avg loss: 0.6559
[Epoch 5, Batch   100] avg loss: 0.6555
[Epoch 5, Batch   150] avg loss: 0.6576
[Epoch 5, Batch   200] avg loss: 0.6528
[Epoch 5, Batch   250] avg loss: 0.6579
[Epoch 5, Batch   300] avg loss: 0.6593
Validation loss: 0.6463 (61 batches)
loss_per_epoch_list on epoch 5 is [0.7268395609542971, 0.6683902027177029, 0.6653765156620839, 0.6352592950961629, 0.6462928809103419]

Checkpoint saved at /cluster/tufts/capstone25skyblue/eelkus01/NEXRADTurbulencePrediction/model_training/trained_model_outputs/hybrid_42_model_checkpoint.pth for l2_alpha_idx: 3, fold 4, and epoch 5
BEGINNING EPOCH 6
[Epoch 6, Batch    50] avg loss: 0.6592
[Epoch 6, Batch   100] avg loss: 0.6571
[Epoch 6, Batch   150] avg loss: 0.6642
[Epoch 6, Batch   200] avg loss: 0.6541
[Epoch 6, Batch   250] avg loss: 0.6517
[Epoch 6, Batch   300] avg loss: 0.6576
Validation loss: 0.6744 (61 batches)
loss_per_epoch_list on epoch 6 is [0.7268395609542971, 0.6683902027177029, 0.6653765156620839, 0.6352592950961629, 0.6462928809103419, 0.6744206958129758]

Checkpoint saved at /cluster/tufts/capstone25skyblue/eelkus01/NEXRADTurbulencePrediction/model_training/trained_model_outputs/hybrid_42_model_checkpoint.pth for l2_alpha_idx: 3, fold 4, and epoch 6
BEGINNING EPOCH 7
[Epoch 7, Batch    50] avg loss: 0.6501
[Epoch 7, Batch   100] avg loss: 0.6576
[Epoch 7, Batch   150] avg loss: 0.6450
[Epoch 7, Batch   200] avg loss: 0.6497
[Epoch 7, Batch   250] avg loss: 0.6483
[Epoch 7, Batch   300] avg loss: 0.6397
Validation loss: 0.6518 (61 batches)
loss_per_epoch_list on epoch 7 is [0.7268395609542971, 0.6683902027177029, 0.6653765156620839, 0.6352592950961629, 0.6462928809103419, 0.6744206958129758, 0.6518291322911371]

Checkpoint saved at /cluster/tufts/capstone25skyblue/eelkus01/NEXRADTurbulencePrediction/model_training/trained_model_outputs/hybrid_42_model_checkpoint.pth for l2_alpha_idx: 3, fold 4, and epoch 7
BEGINNING EPOCH 8
[Epoch 8, Batch    50] avg loss: 0.6406
[Epoch 8, Batch   100] avg loss: 0.6523
[Epoch 8, Batch   150] avg loss: 0.6482
[Epoch 8, Batch   200] avg loss: 0.6438
[Epoch 8, Batch   250] avg loss: 0.6388
[Epoch 8, Batch   300] avg loss: 0.6400
Validation loss: 0.6630 (61 batches)
loss_per_epoch_list on epoch 8 is [0.7268395609542971, 0.6683902027177029, 0.6653765156620839, 0.6352592950961629, 0.6462928809103419, 0.6744206958129758, 0.6518291322911371, 0.663047658615425]

Checkpoint saved at /cluster/tufts/capstone25skyblue/eelkus01/NEXRADTurbulencePrediction/model_training/trained_model_outputs/hybrid_42_model_checkpoint.pth for l2_alpha_idx: 3, fold 4, and epoch 8
BEGINNING EPOCH 9
[Epoch 9, Batch    50] avg loss: 0.6459
[Epoch 9, Batch   100] avg loss: 0.6441
[Epoch 9, Batch   150] avg loss: 0.6422
[Epoch 9, Batch   200] avg loss: 0.6371
[Epoch 9, Batch   250] avg loss: 0.6446
[Epoch 9, Batch   300] avg loss: 0.6292
Validation loss: 0.6784 (61 batches)
loss_per_epoch_list on epoch 9 is [0.7268395609542971, 0.6683902027177029, 0.6653765156620839, 0.6352592950961629, 0.6462928809103419, 0.6744206958129758, 0.6518291322911371, 0.663047658615425, 0.6784312109478184]

Checkpoint saved at /cluster/tufts/capstone25skyblue/eelkus01/NEXRADTurbulencePrediction/model_training/trained_model_outputs/hybrid_42_model_checkpoint.pth for l2_alpha_idx: 3, fold 4, and epoch 9
BEGINNING EPOCH 10
[Epoch 10, Batch    50] avg loss: 0.6383
[Epoch 10, Batch   100] avg loss: 0.6311
[Epoch 10, Batch   150] avg loss: 0.6243
[Epoch 10, Batch   200] avg loss: 0.6434
[Epoch 10, Batch   250] avg loss: 0.6376
[Epoch 10, Batch   300] avg loss: 0.6382
Validation loss: 0.6470 (61 batches)
loss_per_epoch_list on epoch 10 is [0.7268395609542971, 0.6683902027177029, 0.6653765156620839, 0.6352592950961629, 0.6462928809103419, 0.6744206958129758, 0.6518291322911371, 0.663047658615425, 0.6784312109478184, 0.6469798224871276]

Checkpoint saved at /cluster/tufts/capstone25skyblue/eelkus01/NEXRADTurbulencePrediction/model_training/trained_model_outputs/hybrid_42_model_checkpoint.pth for l2_alpha_idx: 3, fold 4, and epoch 10
BEGINNING EPOCH 11
[Epoch 11, Batch    50] avg loss: 0.6304
[Epoch 11, Batch   100] avg loss: 0.6233
[Epoch 11, Batch   150] avg loss: 0.6347
[Epoch 11, Batch   200] avg loss: 0.6359
[Epoch 11, Batch   250] avg loss: 0.6185
[Epoch 11, Batch   300] avg loss: 0.6200
Validation loss: 0.6354 (61 batches)
loss_per_epoch_list on epoch 11 is [0.7268395609542971, 0.6683902027177029, 0.6653765156620839, 0.6352592950961629, 0.6462928809103419, 0.6744206958129758, 0.6518291322911371, 0.663047658615425, 0.6784312109478184, 0.6469798224871276, 0.6353655271842832]

Checkpoint saved at /cluster/tufts/capstone25skyblue/eelkus01/NEXRADTurbulencePrediction/model_training/trained_model_outputs/hybrid_42_model_checkpoint.pth for l2_alpha_idx: 3, fold 4, and epoch 11
BEGINNING EPOCH 12
[Epoch 12, Batch    50] avg loss: 0.6137
[Epoch 12, Batch   100] avg loss: 0.6201
[Epoch 12, Batch   150] avg loss: 0.6243
[Epoch 12, Batch   200] avg loss: 0.6226
[Epoch 12, Batch   250] avg loss: 0.6159
[Epoch 12, Batch   300] avg loss: 0.6064
Validation loss: 0.6305 (61 batches)
loss_per_epoch_list on epoch 12 is [0.7268395609542971, 0.6683902027177029, 0.6653765156620839, 0.6352592950961629, 0.6462928809103419, 0.6744206958129758, 0.6518291322911371, 0.663047658615425, 0.6784312109478184, 0.6469798224871276, 0.6353655271842832, 0.6305083989119921]

Checkpoint saved at /cluster/tufts/capstone25skyblue/eelkus01/NEXRADTurbulencePrediction/model_training/trained_model_outputs/hybrid_42_model_checkpoint.pth for l2_alpha_idx: 3, fold 4, and epoch 12
BEGINNING EPOCH 13
[Epoch 13, Batch    50] avg loss: 0.6264
[Epoch 13, Batch   100] avg loss: 0.6058
[Epoch 13, Batch   150] avg loss: 0.6102
[Epoch 13, Batch   200] avg loss: 0.6067
[Epoch 13, Batch   250] avg loss: 0.6119
[Epoch 13, Batch   300] avg loss: 0.6194
Validation loss: 0.7713 (61 batches)
loss_per_epoch_list on epoch 13 is [0.7268395609542971, 0.6683902027177029, 0.6653765156620839, 0.6352592950961629, 0.6462928809103419, 0.6744206958129758, 0.6518291322911371, 0.663047658615425, 0.6784312109478184, 0.6469798224871276, 0.6353655271842832, 0.6305083989119921, 0.7712961542801778]

Checkpoint saved at /cluster/tufts/capstone25skyblue/eelkus01/NEXRADTurbulencePrediction/model_training/trained_model_outputs/hybrid_42_model_checkpoint.pth for l2_alpha_idx: 3, fold 4, and epoch 13
BEGINNING EPOCH 14
[Epoch 14, Batch    50] avg loss: 0.6089
[Epoch 14, Batch   100] avg loss: 0.6164
[Epoch 14, Batch   150] avg loss: 0.5935
[Epoch 14, Batch   200] avg loss: 0.5989
[Epoch 14, Batch   250] avg loss: 0.6124
[Epoch 14, Batch   300] avg loss: 0.6048
Validation loss: 0.6512 (61 batches)
loss_per_epoch_list on epoch 14 is [0.7268395609542971, 0.6683902027177029, 0.6653765156620839, 0.6352592950961629, 0.6462928809103419, 0.6744206958129758, 0.6518291322911371, 0.663047658615425, 0.6784312109478184, 0.6469798224871276, 0.6353655271842832, 0.6305083989119921, 0.7712961542801778, 0.6512065217143199]

Checkpoint saved at /cluster/tufts/capstone25skyblue/eelkus01/NEXRADTurbulencePrediction/model_training/trained_model_outputs/hybrid_42_model_checkpoint.pth for l2_alpha_idx: 3, fold 4, and epoch 14
BEGINNING EPOCH 15
[Epoch 15, Batch    50] avg loss: 0.5892
[Epoch 15, Batch   100] avg loss: 0.5897
[Epoch 15, Batch   150] avg loss: 0.5919
[Epoch 15, Batch   200] avg loss: 0.5977
[Epoch 15, Batch   250] avg loss: 0.5976
[Epoch 15, Batch   300] avg loss: 0.5881
Validation loss: 0.6443 (61 batches)
loss_per_epoch_list on epoch 15 is [0.7268395609542971, 0.6683902027177029, 0.6653765156620839, 0.6352592950961629, 0.6462928809103419, 0.6744206958129758, 0.6518291322911371, 0.663047658615425, 0.6784312109478184, 0.6469798224871276, 0.6353655271842832, 0.6305083989119921, 0.7712961542801778, 0.6512065217143199, 0.6443316091279514]

Checkpoint saved at /cluster/tufts/capstone25skyblue/eelkus01/NEXRADTurbulencePrediction/model_training/trained_model_outputs/hybrid_42_model_checkpoint.pth for l2_alpha_idx: 3, fold 4, and epoch 15
BEGINNING EPOCH 16
[Epoch 16, Batch    50] avg loss: 0.5913
[Epoch 16, Batch   100] avg loss: 0.5883
[Epoch 16, Batch   150] avg loss: 0.5889
[Epoch 16, Batch   200] avg loss: 0.5839
[Epoch 16, Batch   250] avg loss: 0.5814
[Epoch 16, Batch   300] avg loss: 0.5668
Validation loss: 0.7528 (61 batches)
loss_per_epoch_list on epoch 16 is [0.7268395609542971, 0.6683902027177029, 0.6653765156620839, 0.6352592950961629, 0.6462928809103419, 0.6744206958129758, 0.6518291322911371, 0.663047658615425, 0.6784312109478184, 0.6469798224871276, 0.6353655271842832, 0.6305083989119921, 0.7712961542801778, 0.6512065217143199, 0.6443316091279514, 0.7527823790175016]

Checkpoint saved at /cluster/tufts/capstone25skyblue/eelkus01/NEXRADTurbulencePrediction/model_training/trained_model_outputs/hybrid_42_model_checkpoint.pth for l2_alpha_idx: 3, fold 4, and epoch 16
BEGINNING EPOCH 17
[Epoch 17, Batch    50] avg loss: 0.5743
[Epoch 17, Batch   100] avg loss: 0.5814
[Epoch 17, Batch   150] avg loss: 0.5629
[Epoch 17, Batch   200] avg loss: 0.5716
[Epoch 17, Batch   250] avg loss: 0.5485
[Epoch 17, Batch   300] avg loss: 0.5613
Validation loss: 1.0572 (61 batches)
loss_per_epoch_list on epoch 17 is [0.7268395609542971, 0.6683902027177029, 0.6653765156620839, 0.6352592950961629, 0.6462928809103419, 0.6744206958129758, 0.6518291322911371, 0.663047658615425, 0.6784312109478184, 0.6469798224871276, 0.6353655271842832, 0.6305083989119921, 0.7712961542801778, 0.6512065217143199, 0.6443316091279514, 0.7527823790175016, 1.0571558143271775]

Checkpoint saved at /cluster/tufts/capstone25skyblue/eelkus01/NEXRADTurbulencePrediction/model_training/trained_model_outputs/hybrid_42_model_checkpoint.pth for l2_alpha_idx: 3, fold 4, and epoch 17
BEGINNING EPOCH 18
[Epoch 18, Batch    50] avg loss: 0.5643
[Epoch 18, Batch   100] avg loss: 0.5721
[Epoch 18, Batch   150] avg loss: 0.5497
[Epoch 18, Batch   200] avg loss: 0.5640
[Epoch 18, Batch   250] avg loss: 0.5416
[Epoch 18, Batch   300] avg loss: 0.5612
Validation loss: 0.8363 (61 batches)
loss_per_epoch_list on epoch 18 is [0.7268395609542971, 0.6683902027177029, 0.6653765156620839, 0.6352592950961629, 0.6462928809103419, 0.6744206958129758, 0.6518291322911371, 0.663047658615425, 0.6784312109478184, 0.6469798224871276, 0.6353655271842832, 0.6305083989119921, 0.7712961542801778, 0.6512065217143199, 0.6443316091279514, 0.7527823790175016, 1.0571558143271775, 0.8362889377797236]

Checkpoint saved at /cluster/tufts/capstone25skyblue/eelkus01/NEXRADTurbulencePrediction/model_training/trained_model_outputs/hybrid_42_model_checkpoint.pth for l2_alpha_idx: 3, fold 4, and epoch 18
BEGINNING EPOCH 19
[Epoch 19, Batch    50] avg loss: 0.5405
[Epoch 19, Batch   100] avg loss: 0.5575
[Epoch 19, Batch   150] avg loss: 0.5413
[Epoch 19, Batch   200] avg loss: 0.5331
[Epoch 19, Batch   250] avg loss: 0.5307
[Epoch 19, Batch   300] avg loss: 0.5399
Validation loss: 0.6691 (61 batches)
loss_per_epoch_list on epoch 19 is [0.7268395609542971, 0.6683902027177029, 0.6653765156620839, 0.6352592950961629, 0.6462928809103419, 0.6744206958129758, 0.6518291322911371, 0.663047658615425, 0.6784312109478184, 0.6469798224871276, 0.6353655271842832, 0.6305083989119921, 0.7712961542801778, 0.6512065217143199, 0.6443316091279514, 0.7527823790175016, 1.0571558143271775, 0.8362889377797236, 0.6691052815953239]

Checkpoint saved at /cluster/tufts/capstone25skyblue/eelkus01/NEXRADTurbulencePrediction/model_training/trained_model_outputs/hybrid_42_model_checkpoint.pth for l2_alpha_idx: 3, fold 4, and epoch 19
BEGINNING EPOCH 20
[Epoch 20, Batch    50] avg loss: 0.5394
[Epoch 20, Batch   100] avg loss: 0.5314
[Epoch 20, Batch   150] avg loss: 0.5363
[Epoch 20, Batch   200] avg loss: 0.5346
[Epoch 20, Batch   250] avg loss: 0.5273
[Epoch 20, Batch   300] avg loss: 0.5222
Validation loss: 0.9539 (61 batches)
loss_per_epoch_list on epoch 20 is [0.7268395609542971, 0.6683902027177029, 0.6653765156620839, 0.6352592950961629, 0.6462928809103419, 0.6744206958129758, 0.6518291322911371, 0.663047658615425, 0.6784312109478184, 0.6469798224871276, 0.6353655271842832, 0.6305083989119921, 0.7712961542801778, 0.6512065217143199, 0.6443316091279514, 0.7527823790175016, 1.0571558143271775, 0.8362889377797236, 0.6691052815953239, 0.9538694092484771]

Checkpoint saved at /cluster/tufts/capstone25skyblue/eelkus01/NEXRADTurbulencePrediction/model_training/trained_model_outputs/hybrid_42_model_checkpoint.pth for l2_alpha_idx: 3, fold 4, and epoch 20
BEGINNING EPOCH 21
[Epoch 21, Batch    50] avg loss: 0.5473
[Epoch 21, Batch   100] avg loss: 0.5162
[Epoch 21, Batch   150] avg loss: 0.5138
[Epoch 21, Batch   200] avg loss: 0.5134
[Epoch 21, Batch   250] avg loss: 0.5013
[Epoch 21, Batch   300] avg loss: 0.5110
Validation loss: 0.8091 (61 batches)
loss_per_epoch_list on epoch 21 is [0.7268395609542971, 0.6683902027177029, 0.6653765156620839, 0.6352592950961629, 0.6462928809103419, 0.6744206958129758, 0.6518291322911371, 0.663047658615425, 0.6784312109478184, 0.6469798224871276, 0.6353655271842832, 0.6305083989119921, 0.7712961542801778, 0.6512065217143199, 0.6443316091279514, 0.7527823790175016, 1.0571558143271775, 0.8362889377797236, 0.6691052815953239, 0.9538694092484771, 0.8091033736213309]

Checkpoint saved at /cluster/tufts/capstone25skyblue/eelkus01/NEXRADTurbulencePrediction/model_training/trained_model_outputs/hybrid_42_model_checkpoint.pth for l2_alpha_idx: 3, fold 4, and epoch 21
BEGINNING EPOCH 22
[Epoch 22, Batch    50] avg loss: 0.5302
[Epoch 22, Batch   100] avg loss: 0.5087
[Epoch 22, Batch   150] avg loss: 0.5069
[Epoch 22, Batch   200] avg loss: 0.5004
[Epoch 22, Batch   250] avg loss: 0.4886
[Epoch 22, Batch   300] avg loss: 0.4887
Validation loss: 0.7892 (61 batches)
loss_per_epoch_list on epoch 22 is [0.7268395609542971, 0.6683902027177029, 0.6653765156620839, 0.6352592950961629, 0.6462928809103419, 0.6744206958129758, 0.6518291322911371, 0.663047658615425, 0.6784312109478184, 0.6469798224871276, 0.6353655271842832, 0.6305083989119921, 0.7712961542801778, 0.6512065217143199, 0.6443316091279514, 0.7527823790175016, 1.0571558143271775, 0.8362889377797236, 0.6691052815953239, 0.9538694092484771, 0.8091033736213309, 0.7891608808861404]

Checkpoint saved at /cluster/tufts/capstone25skyblue/eelkus01/NEXRADTurbulencePrediction/model_training/trained_model_outputs/hybrid_42_model_checkpoint.pth for l2_alpha_idx: 3, fold 4, and epoch 22
BEGINNING EPOCH 23
[Epoch 23, Batch    50] avg loss: 0.5099
[Epoch 23, Batch   100] avg loss: 0.4870
[Epoch 23, Batch   150] avg loss: 0.4853
[Epoch 23, Batch   200] avg loss: 0.5223
[Epoch 23, Batch   250] avg loss: 0.4730
[Epoch 23, Batch   300] avg loss: 0.4868
Validation loss: 0.7581 (61 batches)
loss_per_epoch_list on epoch 23 is [0.7268395609542971, 0.6683902027177029, 0.6653765156620839, 0.6352592950961629, 0.6462928809103419, 0.6744206958129758, 0.6518291322911371, 0.663047658615425, 0.6784312109478184, 0.6469798224871276, 0.6353655271842832, 0.6305083989119921, 0.7712961542801778, 0.6512065217143199, 0.6443316091279514, 0.7527823790175016, 1.0571558143271775, 0.8362889377797236, 0.6691052815953239, 0.9538694092484771, 0.8091033736213309, 0.7891608808861404, 0.7580812749315481]

Checkpoint saved at /cluster/tufts/capstone25skyblue/eelkus01/NEXRADTurbulencePrediction/model_training/trained_model_outputs/hybrid_42_model_checkpoint.pth for l2_alpha_idx: 3, fold 4, and epoch 23
BEGINNING EPOCH 24
[Epoch 24, Batch    50] avg loss: 0.4671
[Epoch 24, Batch   100] avg loss: 0.5041
[Epoch 24, Batch   150] avg loss: 0.5010
[Epoch 24, Batch   200] avg loss: 0.4849
[Epoch 24, Batch   250] avg loss: 0.4630
[Epoch 24, Batch   300] avg loss: 0.4611
Validation loss: 0.8652 (61 batches)
loss_per_epoch_list on epoch 24 is [0.7268395609542971, 0.6683902027177029, 0.6653765156620839, 0.6352592950961629, 0.6462928809103419, 0.6744206958129758, 0.6518291322911371, 0.663047658615425, 0.6784312109478184, 0.6469798224871276, 0.6353655271842832, 0.6305083989119921, 0.7712961542801778, 0.6512065217143199, 0.6443316091279514, 0.7527823790175016, 1.0571558143271775, 0.8362889377797236, 0.6691052815953239, 0.9538694092484771, 0.8091033736213309, 0.7891608808861404, 0.7580812749315481, 0.8652035848039096]

Checkpoint saved at /cluster/tufts/capstone25skyblue/eelkus01/NEXRADTurbulencePrediction/model_training/trained_model_outputs/hybrid_42_model_checkpoint.pth for l2_alpha_idx: 3, fold 4, and epoch 24
BEGINNING EPOCH 25
[Epoch 25, Batch    50] avg loss: 0.4922
[Epoch 25, Batch   100] avg loss: 0.4690
[Epoch 25, Batch   150] avg loss: 0.4648
[Epoch 25, Batch   200] avg loss: 0.4575
[Epoch 25, Batch   250] avg loss: 0.4551
[Epoch 25, Batch   300] avg loss: 0.4612
Validation loss: 0.8584 (61 batches)
loss_per_epoch_list on epoch 25 is [0.7268395609542971, 0.6683902027177029, 0.6653765156620839, 0.6352592950961629, 0.6462928809103419, 0.6744206958129758, 0.6518291322911371, 0.663047658615425, 0.6784312109478184, 0.6469798224871276, 0.6353655271842832, 0.6305083989119921, 0.7712961542801778, 0.6512065217143199, 0.6443316091279514, 0.7527823790175016, 1.0571558143271775, 0.8362889377797236, 0.6691052815953239, 0.9538694092484771, 0.8091033736213309, 0.7891608808861404, 0.7580812749315481, 0.8652035848039096, 0.8584199225316282]

Checkpoint saved at /cluster/tufts/capstone25skyblue/eelkus01/NEXRADTurbulencePrediction/model_training/trained_model_outputs/hybrid_42_model_checkpoint.pth for l2_alpha_idx: 3, fold 4, and epoch 25
BEGINNING EPOCH 26
[Epoch 26, Batch    50] avg loss: 0.4556
[Epoch 26, Batch   100] avg loss: 0.4674
[Epoch 26, Batch   150] avg loss: 0.4426
[Epoch 26, Batch   200] avg loss: 0.4589
[Epoch 26, Batch   250] avg loss: 0.4710
[Epoch 26, Batch   300] avg loss: 0.4537
Validation loss: 0.9470 (61 batches)
loss_per_epoch_list on epoch 26 is [0.7268395609542971, 0.6683902027177029, 0.6653765156620839, 0.6352592950961629, 0.6462928809103419, 0.6744206958129758, 0.6518291322911371, 0.663047658615425, 0.6784312109478184, 0.6469798224871276, 0.6353655271842832, 0.6305083989119921, 0.7712961542801778, 0.6512065217143199, 0.6443316091279514, 0.7527823790175016, 1.0571558143271775, 0.8362889377797236, 0.6691052815953239, 0.9538694092484771, 0.8091033736213309, 0.7891608808861404, 0.7580812749315481, 0.8652035848039096, 0.8584199225316282, 0.9470365291736165]

Checkpoint saved at /cluster/tufts/capstone25skyblue/eelkus01/NEXRADTurbulencePrediction/model_training/trained_model_outputs/hybrid_42_model_checkpoint.pth for l2_alpha_idx: 3, fold 4, and epoch 26
BEGINNING EPOCH 27
[Epoch 27, Batch    50] avg loss: 0.4385
[Epoch 27, Batch   100] avg loss: 0.4498
[Epoch 27, Batch   150] avg loss: 0.4385
[Epoch 27, Batch   200] avg loss: 0.4544
[Epoch 27, Batch   250] avg loss: 0.4458
[Epoch 27, Batch   300] avg loss: 0.4433
Validation loss: 0.8582 (61 batches)
loss_per_epoch_list on epoch 27 is [0.7268395609542971, 0.6683902027177029, 0.6653765156620839, 0.6352592950961629, 0.6462928809103419, 0.6744206958129758, 0.6518291322911371, 0.663047658615425, 0.6784312109478184, 0.6469798224871276, 0.6353655271842832, 0.6305083989119921, 0.7712961542801778, 0.6512065217143199, 0.6443316091279514, 0.7527823790175016, 1.0571558143271775, 0.8362889377797236, 0.6691052815953239, 0.9538694092484771, 0.8091033736213309, 0.7891608808861404, 0.7580812749315481, 0.8652035848039096, 0.8584199225316282, 0.9470365291736165, 0.858152934762298]

Checkpoint saved at /cluster/tufts/capstone25skyblue/eelkus01/NEXRADTurbulencePrediction/model_training/trained_model_outputs/hybrid_42_model_checkpoint.pth for l2_alpha_idx: 3, fold 4, and epoch 27
BEGINNING EPOCH 28
[Epoch 28, Batch    50] avg loss: 0.4242
[Epoch 28, Batch   100] avg loss: 0.4445
[Epoch 28, Batch   150] avg loss: 0.4350
[Epoch 28, Batch   200] avg loss: 0.4024
[Epoch 28, Batch   250] avg loss: 0.4070
[Epoch 28, Batch   300] avg loss: 0.4145
Validation loss: 0.9300 (61 batches)
loss_per_epoch_list on epoch 28 is [0.7268395609542971, 0.6683902027177029, 0.6653765156620839, 0.6352592950961629, 0.6462928809103419, 0.6744206958129758, 0.6518291322911371, 0.663047658615425, 0.6784312109478184, 0.6469798224871276, 0.6353655271842832, 0.6305083989119921, 0.7712961542801778, 0.6512065217143199, 0.6443316091279514, 0.7527823790175016, 1.0571558143271775, 0.8362889377797236, 0.6691052815953239, 0.9538694092484771, 0.8091033736213309, 0.7891608808861404, 0.7580812749315481, 0.8652035848039096, 0.8584199225316282, 0.9470365291736165, 0.858152934762298, 0.9300402647159138]

Checkpoint saved at /cluster/tufts/capstone25skyblue/eelkus01/NEXRADTurbulencePrediction/model_training/trained_model_outputs/hybrid_42_model_checkpoint.pth for l2_alpha_idx: 3, fold 4, and epoch 28
BEGINNING EPOCH 29
[Epoch 29, Batch    50] avg loss: 0.4259
[Epoch 29, Batch   100] avg loss: 0.4136
[Epoch 29, Batch   150] avg loss: 0.4205
[Epoch 29, Batch   200] avg loss: 0.3841
[Epoch 29, Batch   250] avg loss: 0.4387
[Epoch 29, Batch   300] avg loss: 0.4149
Validation loss: 1.0985 (61 batches)
loss_per_epoch_list on epoch 29 is [0.7268395609542971, 0.6683902027177029, 0.6653765156620839, 0.6352592950961629, 0.6462928809103419, 0.6744206958129758, 0.6518291322911371, 0.663047658615425, 0.6784312109478184, 0.6469798224871276, 0.6353655271842832, 0.6305083989119921, 0.7712961542801778, 0.6512065217143199, 0.6443316091279514, 0.7527823790175016, 1.0571558143271775, 0.8362889377797236, 0.6691052815953239, 0.9538694092484771, 0.8091033736213309, 0.7891608808861404, 0.7580812749315481, 0.8652035848039096, 0.8584199225316282, 0.9470365291736165, 0.858152934762298, 0.9300402647159138, 1.0984945111587399]

Checkpoint saved at /cluster/tufts/capstone25skyblue/eelkus01/NEXRADTurbulencePrediction/model_training/trained_model_outputs/hybrid_42_model_checkpoint.pth for l2_alpha_idx: 3, fold 4, and epoch 29
Fold 4 had loss: 1.0984945111587399 on its last epoch

Fold 5 with l2_alpha = 0
Train subset size: 19254, Validation subset size: 3850
BEGINNING EPOCH 1
[Epoch 1, Batch    50] avg loss: 2.7975
[Epoch 1, Batch   100] avg loss: 0.8028
[Epoch 1, Batch   150] avg loss: 0.7201
[Epoch 1, Batch   200] avg loss: 0.7250
[Epoch 1, Batch   250] avg loss: 0.7043
[Epoch 1, Batch   300] avg loss: 0.6983
Validation loss: 0.7037 (61 batches)
loss_per_epoch_list on epoch 1 is [0.7036513588467582]

Checkpoint saved at /cluster/tufts/capstone25skyblue/eelkus01/NEXRADTurbulencePrediction/model_training/trained_model_outputs/hybrid_42_model_checkpoint.pth for l2_alpha_idx: 3, fold 5, and epoch 1
BEGINNING EPOCH 2
[Epoch 2, Batch    50] avg loss: 0.6996
[Epoch 2, Batch   100] avg loss: 0.6959
[Epoch 2, Batch   150] avg loss: 0.7071
[Epoch 2, Batch   200] avg loss: 0.6938
[Epoch 2, Batch   250] avg loss: 0.6939
[Epoch 2, Batch   300] avg loss: 0.6951
Validation loss: 0.7048 (61 batches)
loss_per_epoch_list on epoch 2 is [0.7036513588467582, 0.7047933984975345]

Checkpoint saved at /cluster/tufts/capstone25skyblue/eelkus01/NEXRADTurbulencePrediction/model_training/trained_model_outputs/hybrid_42_model_checkpoint.pth for l2_alpha_idx: 3, fold 5, and epoch 2
BEGINNING EPOCH 3
[Epoch 3, Batch    50] avg loss: 0.6933
[Epoch 3, Batch   100] avg loss: 0.6962
[Epoch 3, Batch   150] avg loss: 0.6943
[Epoch 3, Batch   200] avg loss: 0.6920
[Epoch 3, Batch   250] avg loss: 0.6944
[Epoch 3, Batch   300] avg loss: 0.6918
Validation loss: 0.6943 (61 batches)
loss_per_epoch_list on epoch 3 is [0.7036513588467582, 0.7047933984975345, 0.6943236706686802]

Checkpoint saved at /cluster/tufts/capstone25skyblue/eelkus01/NEXRADTurbulencePrediction/model_training/trained_model_outputs/hybrid_42_model_checkpoint.pth for l2_alpha_idx: 3, fold 5, and epoch 3
BEGINNING EPOCH 4
[Epoch 4, Batch    50] avg loss: 0.6908
[Epoch 4, Batch   100] avg loss: 0.6907
[Epoch 4, Batch   150] avg loss: 0.6911
[Epoch 4, Batch   200] avg loss: 0.6871
[Epoch 4, Batch   250] avg loss: 0.6843
[Epoch 4, Batch   300] avg loss: 0.6857
Validation loss: 0.7226 (61 batches)
loss_per_epoch_list on epoch 4 is [0.7036513588467582, 0.7047933984975345, 0.6943236706686802, 0.7226460585828687]

Checkpoint saved at /cluster/tufts/capstone25skyblue/eelkus01/NEXRADTurbulencePrediction/model_training/trained_model_outputs/hybrid_42_model_checkpoint.pth for l2_alpha_idx: 3, fold 5, and epoch 4
BEGINNING EPOCH 5
[Epoch 5, Batch    50] avg loss: 0.6815
[Epoch 5, Batch   100] avg loss: 0.6851
[Epoch 5, Batch   150] avg loss: 0.6816
[Epoch 5, Batch   200] avg loss: 0.6748
[Epoch 5, Batch   250] avg loss: 0.6737
[Epoch 5, Batch   300] avg loss: 0.6737
Validation loss: 0.6730 (61 batches)
loss_per_epoch_list on epoch 5 is [0.7036513588467582, 0.7047933984975345, 0.6943236706686802, 0.7226460585828687, 0.672970456178071]

Checkpoint saved at /cluster/tufts/capstone25skyblue/eelkus01/NEXRADTurbulencePrediction/model_training/trained_model_outputs/hybrid_42_model_checkpoint.pth for l2_alpha_idx: 3, fold 5, and epoch 5
BEGINNING EPOCH 6
[Epoch 6, Batch    50] avg loss: 0.6745
[Epoch 6, Batch   100] avg loss: 0.6641
[Epoch 6, Batch   150] avg loss: 0.6608
[Epoch 6, Batch   200] avg loss: 0.6596
[Epoch 6, Batch   250] avg loss: 0.6611
[Epoch 6, Batch   300] avg loss: 0.6651
Validation loss: 0.6549 (61 batches)
loss_per_epoch_list on epoch 6 is [0.7036513588467582, 0.7047933984975345, 0.6943236706686802, 0.7226460585828687, 0.672970456178071, 0.6548824525270306]

Checkpoint saved at /cluster/tufts/capstone25skyblue/eelkus01/NEXRADTurbulencePrediction/model_training/trained_model_outputs/hybrid_42_model_checkpoint.pth for l2_alpha_idx: 3, fold 5, and epoch 6
BEGINNING EPOCH 7
[Epoch 7, Batch    50] avg loss: 0.6661
[Epoch 7, Batch   100] avg loss: 0.6644
[Epoch 7, Batch   150] avg loss: 0.6645
[Epoch 7, Batch   200] avg loss: 0.6611
[Epoch 7, Batch   250] avg loss: 0.6569
[Epoch 7, Batch   300] avg loss: 0.6634
Validation loss: 0.6628 (61 batches)
loss_per_epoch_list on epoch 7 is [0.7036513588467582, 0.7047933984975345, 0.6943236706686802, 0.7226460585828687, 0.672970456178071, 0.6548824525270306, 0.6627766001419942]

Checkpoint saved at /cluster/tufts/capstone25skyblue/eelkus01/NEXRADTurbulencePrediction/model_training/trained_model_outputs/hybrid_42_model_checkpoint.pth for l2_alpha_idx: 3, fold 5, and epoch 7
BEGINNING EPOCH 8
[Epoch 8, Batch    50] avg loss: 0.6637
[Epoch 8, Batch   100] avg loss: 0.6618
[Epoch 8, Batch   150] avg loss: 0.6666
[Epoch 8, Batch   200] avg loss: 0.6505
[Epoch 8, Batch   250] avg loss: 0.6604
[Epoch 8, Batch   300] avg loss: 0.6555
Validation loss: 0.6409 (61 batches)
loss_per_epoch_list on epoch 8 is [0.7036513588467582, 0.7047933984975345, 0.6943236706686802, 0.7226460585828687, 0.672970456178071, 0.6548824525270306, 0.6627766001419942, 0.6408759316460031]

Checkpoint saved at /cluster/tufts/capstone25skyblue/eelkus01/NEXRADTurbulencePrediction/model_training/trained_model_outputs/hybrid_42_model_checkpoint.pth for l2_alpha_idx: 3, fold 5, and epoch 8
BEGINNING EPOCH 9
[Epoch 9, Batch    50] avg loss: 0.6534
[Epoch 9, Batch   100] avg loss: 0.6491
[Epoch 9, Batch   150] avg loss: 0.6511
[Epoch 9, Batch   200] avg loss: 0.6495
[Epoch 9, Batch   250] avg loss: 0.6482
[Epoch 9, Batch   300] avg loss: 0.6468
Validation loss: 0.6404 (61 batches)
loss_per_epoch_list on epoch 9 is [0.7036513588467582, 0.7047933984975345, 0.6943236706686802, 0.7226460585828687, 0.672970456178071, 0.6548824525270306, 0.6627766001419942, 0.6408759316460031, 0.6403811192903363]

Checkpoint saved at /cluster/tufts/capstone25skyblue/eelkus01/NEXRADTurbulencePrediction/model_training/trained_model_outputs/hybrid_42_model_checkpoint.pth for l2_alpha_idx: 3, fold 5, and epoch 9
BEGINNING EPOCH 10
[Epoch 10, Batch    50] avg loss: 0.6464
[Epoch 10, Batch   100] avg loss: 0.6515
[Epoch 10, Batch   150] avg loss: 0.6583
[Epoch 10, Batch   200] avg loss: 0.6424
[Epoch 10, Batch   250] avg loss: 0.6472
[Epoch 10, Batch   300] avg loss: 0.6494
Validation loss: 0.6396 (61 batches)
loss_per_epoch_list on epoch 10 is [0.7036513588467582, 0.7047933984975345, 0.6943236706686802, 0.7226460585828687, 0.672970456178071, 0.6548824525270306, 0.6627766001419942, 0.6408759316460031, 0.6403811192903363, 0.6395705723371662]

Checkpoint saved at /cluster/tufts/capstone25skyblue/eelkus01/NEXRADTurbulencePrediction/model_training/trained_model_outputs/hybrid_42_model_checkpoint.pth for l2_alpha_idx: 3, fold 5, and epoch 10
BEGINNING EPOCH 11
[Epoch 11, Batch    50] avg loss: 0.6458
[Epoch 11, Batch   100] avg loss: 0.6499
[Epoch 11, Batch   150] avg loss: 0.6499
[Epoch 11, Batch   200] avg loss: 0.6422
[Epoch 11, Batch   250] avg loss: 0.6418
[Epoch 11, Batch   300] avg loss: 0.6494
Validation loss: 0.6441 (61 batches)
loss_per_epoch_list on epoch 11 is [0.7036513588467582, 0.7047933984975345, 0.6943236706686802, 0.7226460585828687, 0.672970456178071, 0.6548824525270306, 0.6627766001419942, 0.6408759316460031, 0.6403811192903363, 0.6395705723371662, 0.644059024873327]

Checkpoint saved at /cluster/tufts/capstone25skyblue/eelkus01/NEXRADTurbulencePrediction/model_training/trained_model_outputs/hybrid_42_model_checkpoint.pth for l2_alpha_idx: 3, fold 5, and epoch 11
BEGINNING EPOCH 12
[Epoch 12, Batch    50] avg loss: 0.6419
[Epoch 12, Batch   100] avg loss: 0.6442
[Epoch 12, Batch   150] avg loss: 0.6464
[Epoch 12, Batch   200] avg loss: 0.6420
[Epoch 12, Batch   250] avg loss: 0.6283
[Epoch 12, Batch   300] avg loss: 0.6584
Validation loss: 0.6785 (61 batches)
loss_per_epoch_list on epoch 12 is [0.7036513588467582, 0.7047933984975345, 0.6943236706686802, 0.7226460585828687, 0.672970456178071, 0.6548824525270306, 0.6627766001419942, 0.6408759316460031, 0.6403811192903363, 0.6395705723371662, 0.644059024873327, 0.6784550078579636]

Checkpoint saved at /cluster/tufts/capstone25skyblue/eelkus01/NEXRADTurbulencePrediction/model_training/trained_model_outputs/hybrid_42_model_checkpoint.pth for l2_alpha_idx: 3, fold 5, and epoch 12
BEGINNING EPOCH 13
[Epoch 13, Batch    50] avg loss: 0.6397
[Epoch 13, Batch   100] avg loss: 0.6461
[Epoch 13, Batch   150] avg loss: 0.6374
[Epoch 13, Batch   200] avg loss: 0.6368
[Epoch 13, Batch   250] avg loss: 0.6420
[Epoch 13, Batch   300] avg loss: 0.6364
Validation loss: 0.7175 (61 batches)
loss_per_epoch_list on epoch 13 is [0.7036513588467582, 0.7047933984975345, 0.6943236706686802, 0.7226460585828687, 0.672970456178071, 0.6548824525270306, 0.6627766001419942, 0.6408759316460031, 0.6403811192903363, 0.6395705723371662, 0.644059024873327, 0.6784550078579636, 0.7174933933820881]

Checkpoint saved at /cluster/tufts/capstone25skyblue/eelkus01/NEXRADTurbulencePrediction/model_training/trained_model_outputs/hybrid_42_model_checkpoint.pth for l2_alpha_idx: 3, fold 5, and epoch 13
BEGINNING EPOCH 14
[Epoch 14, Batch    50] avg loss: 0.6357
[Epoch 14, Batch   100] avg loss: 0.6376
[Epoch 14, Batch   150] avg loss: 0.6337
[Epoch 14, Batch   200] avg loss: 0.6336
[Epoch 14, Batch   250] avg loss: 0.6285
[Epoch 14, Batch   300] avg loss: 0.6287
Validation loss: 0.6884 (61 batches)
loss_per_epoch_list on epoch 14 is [0.7036513588467582, 0.7047933984975345, 0.6943236706686802, 0.7226460585828687, 0.672970456178071, 0.6548824525270306, 0.6627766001419942, 0.6408759316460031, 0.6403811192903363, 0.6395705723371662, 0.644059024873327, 0.6784550078579636, 0.7174933933820881, 0.6884388073545987]

Checkpoint saved at /cluster/tufts/capstone25skyblue/eelkus01/NEXRADTurbulencePrediction/model_training/trained_model_outputs/hybrid_42_model_checkpoint.pth for l2_alpha_idx: 3, fold 5, and epoch 14
BEGINNING EPOCH 15
[Epoch 15, Batch    50] avg loss: 0.6262
[Epoch 15, Batch   100] avg loss: 0.6291
[Epoch 15, Batch   150] avg loss: 0.6365
[Epoch 15, Batch   200] avg loss: 0.6287
[Epoch 15, Batch   250] avg loss: 0.6202
[Epoch 15, Batch   300] avg loss: 0.6273
Validation loss: 0.6138 (61 batches)
loss_per_epoch_list on epoch 15 is [0.7036513588467582, 0.7047933984975345, 0.6943236706686802, 0.7226460585828687, 0.672970456178071, 0.6548824525270306, 0.6627766001419942, 0.6408759316460031, 0.6403811192903363, 0.6395705723371662, 0.644059024873327, 0.6784550078579636, 0.7174933933820881, 0.6884388073545987, 0.6137503698223927]

Checkpoint saved at /cluster/tufts/capstone25skyblue/eelkus01/NEXRADTurbulencePrediction/model_training/trained_model_outputs/hybrid_42_model_checkpoint.pth for l2_alpha_idx: 3, fold 5, and epoch 15
BEGINNING EPOCH 16
[Epoch 16, Batch    50] avg loss: 0.6301
[Epoch 16, Batch   100] avg loss: 0.6328
[Epoch 16, Batch   150] avg loss: 0.6175
[Epoch 16, Batch   200] avg loss: 0.6248
[Epoch 16, Batch   250] avg loss: 0.6215
[Epoch 16, Batch   300] avg loss: 0.6236
Validation loss: 0.7155 (61 batches)
loss_per_epoch_list on epoch 16 is [0.7036513588467582, 0.7047933984975345, 0.6943236706686802, 0.7226460585828687, 0.672970456178071, 0.6548824525270306, 0.6627766001419942, 0.6408759316460031, 0.6403811192903363, 0.6395705723371662, 0.644059024873327, 0.6784550078579636, 0.7174933933820881, 0.6884388073545987, 0.6137503698223927, 0.715534580535576]

Checkpoint saved at /cluster/tufts/capstone25skyblue/eelkus01/NEXRADTurbulencePrediction/model_training/trained_model_outputs/hybrid_42_model_checkpoint.pth for l2_alpha_idx: 3, fold 5, and epoch 16
BEGINNING EPOCH 17
[Epoch 17, Batch    50] avg loss: 0.6105
[Epoch 17, Batch   100] avg loss: 0.6093
[Epoch 17, Batch   150] avg loss: 0.6174
[Epoch 17, Batch   200] avg loss: 0.6077
[Epoch 17, Batch   250] avg loss: 0.6087
[Epoch 17, Batch   300] avg loss: 0.6106
Validation loss: 0.7358 (61 batches)
loss_per_epoch_list on epoch 17 is [0.7036513588467582, 0.7047933984975345, 0.6943236706686802, 0.7226460585828687, 0.672970456178071, 0.6548824525270306, 0.6627766001419942, 0.6408759316460031, 0.6403811192903363, 0.6395705723371662, 0.644059024873327, 0.6784550078579636, 0.7174933933820881, 0.6884388073545987, 0.6137503698223927, 0.715534580535576, 0.7357567460810552]

Checkpoint saved at /cluster/tufts/capstone25skyblue/eelkus01/NEXRADTurbulencePrediction/model_training/trained_model_outputs/hybrid_42_model_checkpoint.pth for l2_alpha_idx: 3, fold 5, and epoch 17
BEGINNING EPOCH 18
[Epoch 18, Batch    50] avg loss: 0.6081
[Epoch 18, Batch   100] avg loss: 0.6181
[Epoch 18, Batch   150] avg loss: 0.6152
[Epoch 18, Batch   200] avg loss: 0.6146
[Epoch 18, Batch   250] avg loss: 0.6228
[Epoch 18, Batch   300] avg loss: 0.5987
Validation loss: 0.6487 (61 batches)
loss_per_epoch_list on epoch 18 is [0.7036513588467582, 0.7047933984975345, 0.6943236706686802, 0.7226460585828687, 0.672970456178071, 0.6548824525270306, 0.6627766001419942, 0.6408759316460031, 0.6403811192903363, 0.6395705723371662, 0.644059024873327, 0.6784550078579636, 0.7174933933820881, 0.6884388073545987, 0.6137503698223927, 0.715534580535576, 0.7357567460810552, 0.6487177664139232]

Checkpoint saved at /cluster/tufts/capstone25skyblue/eelkus01/NEXRADTurbulencePrediction/model_training/trained_model_outputs/hybrid_42_model_checkpoint.pth for l2_alpha_idx: 3, fold 5, and epoch 18
BEGINNING EPOCH 19
[Epoch 19, Batch    50] avg loss: 0.6074
[Epoch 19, Batch   100] avg loss: 0.5976
[Epoch 19, Batch   150] avg loss: 0.5972
[Epoch 19, Batch   200] avg loss: 0.6135
[Epoch 19, Batch   250] avg loss: 0.5953
[Epoch 19, Batch   300] avg loss: 0.5940
Validation loss: 0.8229 (61 batches)
loss_per_epoch_list on epoch 19 is [0.7036513588467582, 0.7047933984975345, 0.6943236706686802, 0.7226460585828687, 0.672970456178071, 0.6548824525270306, 0.6627766001419942, 0.6408759316460031, 0.6403811192903363, 0.6395705723371662, 0.644059024873327, 0.6784550078579636, 0.7174933933820881, 0.6884388073545987, 0.6137503698223927, 0.715534580535576, 0.7357567460810552, 0.6487177664139232, 0.8229203751829804]

Checkpoint saved at /cluster/tufts/capstone25skyblue/eelkus01/NEXRADTurbulencePrediction/model_training/trained_model_outputs/hybrid_42_model_checkpoint.pth for l2_alpha_idx: 3, fold 5, and epoch 19
BEGINNING EPOCH 20
[Epoch 20, Batch    50] avg loss: 0.5912
[Epoch 20, Batch   100] avg loss: 0.5968
[Epoch 20, Batch   150] avg loss: 0.5850
[Epoch 20, Batch   200] avg loss: 0.5876
[Epoch 20, Batch   250] avg loss: 0.5843
[Epoch 20, Batch   300] avg loss: 0.5769
Validation loss: 0.6690 (61 batches)
loss_per_epoch_list on epoch 20 is [0.7036513588467582, 0.7047933984975345, 0.6943236706686802, 0.7226460585828687, 0.672970456178071, 0.6548824525270306, 0.6627766001419942, 0.6408759316460031, 0.6403811192903363, 0.6395705723371662, 0.644059024873327, 0.6784550078579636, 0.7174933933820881, 0.6884388073545987, 0.6137503698223927, 0.715534580535576, 0.7357567460810552, 0.6487177664139232, 0.8229203751829804, 0.6689911816940933]

Checkpoint saved at /cluster/tufts/capstone25skyblue/eelkus01/NEXRADTurbulencePrediction/model_training/trained_model_outputs/hybrid_42_model_checkpoint.pth for l2_alpha_idx: 3, fold 5, and epoch 20
BEGINNING EPOCH 21
[Epoch 21, Batch    50] avg loss: 0.5934
[Epoch 21, Batch   100] avg loss: 0.5856
[Epoch 21, Batch   150] avg loss: 0.5859
[Epoch 21, Batch   200] avg loss: 0.5902
[Epoch 21, Batch   250] avg loss: 0.5732
[Epoch 21, Batch   300] avg loss: 0.5753
Validation loss: 0.9433 (61 batches)
loss_per_epoch_list on epoch 21 is [0.7036513588467582, 0.7047933984975345, 0.6943236706686802, 0.7226460585828687, 0.672970456178071, 0.6548824525270306, 0.6627766001419942, 0.6408759316460031, 0.6403811192903363, 0.6395705723371662, 0.644059024873327, 0.6784550078579636, 0.7174933933820881, 0.6884388073545987, 0.6137503698223927, 0.715534580535576, 0.7357567460810552, 0.6487177664139232, 0.8229203751829804, 0.6689911816940933, 0.9433457069709653]

Checkpoint saved at /cluster/tufts/capstone25skyblue/eelkus01/NEXRADTurbulencePrediction/model_training/trained_model_outputs/hybrid_42_model_checkpoint.pth for l2_alpha_idx: 3, fold 5, and epoch 21
BEGINNING EPOCH 22
[Epoch 22, Batch    50] avg loss: 0.5623
[Epoch 22, Batch   100] avg loss: 0.5843
[Epoch 22, Batch   150] avg loss: 0.5719
[Epoch 22, Batch   200] avg loss: 0.5785
[Epoch 22, Batch   250] avg loss: 0.5569
[Epoch 22, Batch   300] avg loss: 0.5537
Validation loss: 0.7878 (61 batches)
loss_per_epoch_list on epoch 22 is [0.7036513588467582, 0.7047933984975345, 0.6943236706686802, 0.7226460585828687, 0.672970456178071, 0.6548824525270306, 0.6627766001419942, 0.6408759316460031, 0.6403811192903363, 0.6395705723371662, 0.644059024873327, 0.6784550078579636, 0.7174933933820881, 0.6884388073545987, 0.6137503698223927, 0.715534580535576, 0.7357567460810552, 0.6487177664139232, 0.8229203751829804, 0.6689911816940933, 0.9433457069709653, 0.7878393980323292]

Checkpoint saved at /cluster/tufts/capstone25skyblue/eelkus01/NEXRADTurbulencePrediction/model_training/trained_model_outputs/hybrid_42_model_checkpoint.pth for l2_alpha_idx: 3, fold 5, and epoch 22
BEGINNING EPOCH 23
[Epoch 23, Batch    50] avg loss: 0.5488
[Epoch 23, Batch   100] avg loss: 0.5601
[Epoch 23, Batch   150] avg loss: 0.5463
[Epoch 23, Batch   200] avg loss: 0.5490
[Epoch 23, Batch   250] avg loss: 0.5464
[Epoch 23, Batch   300] avg loss: 0.5473
Validation loss: 0.9271 (61 batches)
loss_per_epoch_list on epoch 23 is [0.7036513588467582, 0.7047933984975345, 0.6943236706686802, 0.7226460585828687, 0.672970456178071, 0.6548824525270306, 0.6627766001419942, 0.6408759316460031, 0.6403811192903363, 0.6395705723371662, 0.644059024873327, 0.6784550078579636, 0.7174933933820881, 0.6884388073545987, 0.6137503698223927, 0.715534580535576, 0.7357567460810552, 0.6487177664139232, 0.8229203751829804, 0.6689911816940933, 0.9433457069709653, 0.7878393980323292, 0.9270914343536877]

Checkpoint saved at /cluster/tufts/capstone25skyblue/eelkus01/NEXRADTurbulencePrediction/model_training/trained_model_outputs/hybrid_42_model_checkpoint.pth for l2_alpha_idx: 3, fold 5, and epoch 23
BEGINNING EPOCH 24
[Epoch 24, Batch    50] avg loss: 0.5502
[Epoch 24, Batch   100] avg loss: 0.5455
[Epoch 24, Batch   150] avg loss: 0.5356
[Epoch 24, Batch   200] avg loss: 0.5369
[Epoch 24, Batch   250] avg loss: 0.5373
[Epoch 24, Batch   300] avg loss: 0.5340
Validation loss: 0.7297 (61 batches)
loss_per_epoch_list on epoch 24 is [0.7036513588467582, 0.7047933984975345, 0.6943236706686802, 0.7226460585828687, 0.672970456178071, 0.6548824525270306, 0.6627766001419942, 0.6408759316460031, 0.6403811192903363, 0.6395705723371662, 0.644059024873327, 0.6784550078579636, 0.7174933933820881, 0.6884388073545987, 0.6137503698223927, 0.715534580535576, 0.7357567460810552, 0.6487177664139232, 0.8229203751829804, 0.6689911816940933, 0.9433457069709653, 0.7878393980323292, 0.9270914343536877, 0.729711540409776]

Checkpoint saved at /cluster/tufts/capstone25skyblue/eelkus01/NEXRADTurbulencePrediction/model_training/trained_model_outputs/hybrid_42_model_checkpoint.pth for l2_alpha_idx: 3, fold 5, and epoch 24
BEGINNING EPOCH 25
[Epoch 25, Batch    50] avg loss: 0.5240
[Epoch 25, Batch   100] avg loss: 0.5507
[Epoch 25, Batch   150] avg loss: 0.5406
[Epoch 25, Batch   200] avg loss: 0.5254
[Epoch 25, Batch   250] avg loss: 0.5349
[Epoch 25, Batch   300] avg loss: 0.5245
Validation loss: 0.9017 (61 batches)
loss_per_epoch_list on epoch 25 is [0.7036513588467582, 0.7047933984975345, 0.6943236706686802, 0.7226460585828687, 0.672970456178071, 0.6548824525270306, 0.6627766001419942, 0.6408759316460031, 0.6403811192903363, 0.6395705723371662, 0.644059024873327, 0.6784550078579636, 0.7174933933820881, 0.6884388073545987, 0.6137503698223927, 0.715534580535576, 0.7357567460810552, 0.6487177664139232, 0.8229203751829804, 0.6689911816940933, 0.9433457069709653, 0.7878393980323292, 0.9270914343536877, 0.729711540409776, 0.9017127244198908]

Checkpoint saved at /cluster/tufts/capstone25skyblue/eelkus01/NEXRADTurbulencePrediction/model_training/trained_model_outputs/hybrid_42_model_checkpoint.pth for l2_alpha_idx: 3, fold 5, and epoch 25
BEGINNING EPOCH 26
[Epoch 26, Batch    50] avg loss: 0.5202
[Epoch 26, Batch   100] avg loss: 0.5175
[Epoch 26, Batch   150] avg loss: 0.5246
[Epoch 26, Batch   200] avg loss: 0.5164
[Epoch 26, Batch   250] avg loss: 0.5307
[Epoch 26, Batch   300] avg loss: 0.5314
Validation loss: 0.7337 (61 batches)
loss_per_epoch_list on epoch 26 is [0.7036513588467582, 0.7047933984975345, 0.6943236706686802, 0.7226460585828687, 0.672970456178071, 0.6548824525270306, 0.6627766001419942, 0.6408759316460031, 0.6403811192903363, 0.6395705723371662, 0.644059024873327, 0.6784550078579636, 0.7174933933820881, 0.6884388073545987, 0.6137503698223927, 0.715534580535576, 0.7357567460810552, 0.6487177664139232, 0.8229203751829804, 0.6689911816940933, 0.9433457069709653, 0.7878393980323292, 0.9270914343536877, 0.729711540409776, 0.9017127244198908, 0.7336841782585519]

Checkpoint saved at /cluster/tufts/capstone25skyblue/eelkus01/NEXRADTurbulencePrediction/model_training/trained_model_outputs/hybrid_42_model_checkpoint.pth for l2_alpha_idx: 3, fold 5, and epoch 26
BEGINNING EPOCH 27
[Epoch 27, Batch    50] avg loss: 0.5076
[Epoch 27, Batch   100] avg loss: 0.5177
[Epoch 27, Batch   150] avg loss: 0.5041
[Epoch 27, Batch   200] avg loss: 0.4991
[Epoch 27, Batch   250] avg loss: 0.4988
[Epoch 27, Batch   300] avg loss: 0.4950
Validation loss: 0.7682 (61 batches)
loss_per_epoch_list on epoch 27 is [0.7036513588467582, 0.7047933984975345, 0.6943236706686802, 0.7226460585828687, 0.672970456178071, 0.6548824525270306, 0.6627766001419942, 0.6408759316460031, 0.6403811192903363, 0.6395705723371662, 0.644059024873327, 0.6784550078579636, 0.7174933933820881, 0.6884388073545987, 0.6137503698223927, 0.715534580535576, 0.7357567460810552, 0.6487177664139232, 0.8229203751829804, 0.6689911816940933, 0.9433457069709653, 0.7878393980323292, 0.9270914343536877, 0.729711540409776, 0.9017127244198908, 0.7336841782585519, 0.7681834844292187]

Checkpoint saved at /cluster/tufts/capstone25skyblue/eelkus01/NEXRADTurbulencePrediction/model_training/trained_model_outputs/hybrid_42_model_checkpoint.pth for l2_alpha_idx: 3, fold 5, and epoch 27
BEGINNING EPOCH 28
[Epoch 28, Batch    50] avg loss: 0.4936
[Epoch 28, Batch   100] avg loss: 0.4911
[Epoch 28, Batch   150] avg loss: 0.5058
[Epoch 28, Batch   200] avg loss: 0.4805
[Epoch 28, Batch   250] avg loss: 0.4826
[Epoch 28, Batch   300] avg loss: 0.4986
Validation loss: 0.9368 (61 batches)
loss_per_epoch_list on epoch 28 is [0.7036513588467582, 0.7047933984975345, 0.6943236706686802, 0.7226460585828687, 0.672970456178071, 0.6548824525270306, 0.6627766001419942, 0.6408759316460031, 0.6403811192903363, 0.6395705723371662, 0.644059024873327, 0.6784550078579636, 0.7174933933820881, 0.6884388073545987, 0.6137503698223927, 0.715534580535576, 0.7357567460810552, 0.6487177664139232, 0.8229203751829804, 0.6689911816940933, 0.9433457069709653, 0.7878393980323292, 0.9270914343536877, 0.729711540409776, 0.9017127244198908, 0.7336841782585519, 0.7681834844292187, 0.9368231482193118]

Checkpoint saved at /cluster/tufts/capstone25skyblue/eelkus01/NEXRADTurbulencePrediction/model_training/trained_model_outputs/hybrid_42_model_checkpoint.pth for l2_alpha_idx: 3, fold 5, and epoch 28
BEGINNING EPOCH 29
[Epoch 29, Batch    50] avg loss: 0.4999
[Epoch 29, Batch   100] avg loss: 0.4800
[Epoch 29, Batch   150] avg loss: 0.4898
[Epoch 29, Batch   200] avg loss: 0.4781
[Epoch 29, Batch   250] avg loss: 0.5084
[Epoch 29, Batch   300] avg loss: 0.4647
Validation loss: 1.1021 (61 batches)
loss_per_epoch_list on epoch 29 is [0.7036513588467582, 0.7047933984975345, 0.6943236706686802, 0.7226460585828687, 0.672970456178071, 0.6548824525270306, 0.6627766001419942, 0.6408759316460031, 0.6403811192903363, 0.6395705723371662, 0.644059024873327, 0.6784550078579636, 0.7174933933820881, 0.6884388073545987, 0.6137503698223927, 0.715534580535576, 0.7357567460810552, 0.6487177664139232, 0.8229203751829804, 0.6689911816940933, 0.9433457069709653, 0.7878393980323292, 0.9270914343536877, 0.729711540409776, 0.9017127244198908, 0.7336841782585519, 0.7681834844292187, 0.9368231482193118, 1.102132237836963]

Checkpoint saved at /cluster/tufts/capstone25skyblue/eelkus01/NEXRADTurbulencePrediction/model_training/trained_model_outputs/hybrid_42_model_checkpoint.pth for l2_alpha_idx: 3, fold 5, and epoch 29
Fold 5 had loss: 1.102132237836963 on its last epoch

l2_loss_list is now [0.8289966932574256, 0.9448888585215709, 0.872759738743631, 0.9093620148512835]

length of l2_loss_list is 4

l2_loss_list is [0.8289966932574256, 0.9448888585215709, 0.872759738743631, 0.9093620148512835]

best l2_alpha value is 0.1 with a loss of: 0.8289966932574256
Completed 6-fold Cross Validation
Retraining best model on 90 percent of the data

Testing the retrained best model

Accuracy: 2729/4077 = 66.94%
False positive rate: 752/4077 = 18.44%
False negative rate: 596/4077 = 14.62%
Precision: 0.7427
Recall: 0.7846
F1 Score: 0.7631
Finished training and testing the model!
Deactivating conda environment (if any)
Purging all modules
Done! Environment has been torn down
All done!
