URGENT,AIRCRAFT,REPORT,TURBULENCE,PRODUCT_ID,FL,LAT,LON,datetime,turbulence_intensity,Plane Weight,nexrad_sites,aws_files
T,A21N,SLN UUA /OV SLN040050/TM 0056/FL360/TP A21N/TB OCNL SEV/RM ZKC FDC,OCNL SEV,,36000.0,39.42939207731744,-96.96487913633692,2024-05-01 00:56:00,5.0,U,"('KTWX', 'KOAX', 'KUEX', 'KICT', 'KEAX')","['s3://unidata-nexrad-level2/2024/05/01/KTWX/KTWX20240501_004934_V06', 's3://unidata-nexrad-level2/2024/05/01/KOAX/KOAX20240501_005417_V06', 's3://unidata-nexrad-level2/2024/05/01/KUEX/KUEX20240501_005504_V06', 's3://unidata-nexrad-level2/2024/05/01/KICT/KICT20240501_005414_V06', 's3://unidata-nexrad-level2/2024/05/01/KEAX/KEAX20240501_005051_V06']"
T,LJ45,CHK UUA /OV CHK090010/TM 0100/FL050/TP LJ45/TB SEV/RM SEVERE TURBULENCE...CWSU ZFW,SEV,,5000.0,35.09736,-97.76396840010464,2024-05-01 01:00:00,5.0,M,"('KOUN', 'KTLX', 'KFDR', 'KVNX', 'KINX')","['s3://unidata-nexrad-level2/2024/05/01/KTLX/KTLX20240501_005750_V06', 's3://unidata-nexrad-level2/2024/05/01/KFDR/KFDR20240501_005805_V06', 's3://unidata-nexrad-level2/2024/05/01/KVNX/KVNX20240501_005944_V06', 's3://unidata-nexrad-level2/2024/05/01/KINX/KINX20240501_005850_V06']"
T,B737,SZL UUA /OV SZL/TM 0215/FL410/TP B737/TB SEV/RM /ZKC FDC/AF,SEV,,41000.0,38.73029,-93.54799,2024-05-01 02:15:00,5.0,M,"('KEAX', 'KSGF', 'KTWX', 'KLSX', 'KICT')","['s3://unidata-nexrad-level2/2024/05/01/KEAX/KEAX20240501_020909_V06', 's3://unidata-nexrad-level2/2024/05/01/KSGF/KSGF20240501_021413_V06', 's3://unidata-nexrad-level2/2024/05/01/KTWX/KTWX20240501_021020_V06', 's3://unidata-nexrad-level2/2024/05/01/KLSX/KLSX20240501_021245_V06', 's3://unidata-nexrad-level2/2024/05/01/KICT/KICT20240501_021444_V06']"
T,B744,PASY UUA /OV SYA262433/TM 0654/FL330/TP B744/TB SEV/RM ZAN,SEV,,33000.0,51.70555276768734,162.31331983606725,2024-05-01 06:54:00,5.0,H,"('RKSG', 'RKJK', 'PGUA', 'RODN', 'LPLA')","['s3://unidata-nexrad-level2/2024/05/01/RKSG/RKSG20240501_065048_V06', 's3://unidata-nexrad-level2/2024/05/01/RKJK/RKJK20240501_064741_V06']"
T,A321,BUF UUA /OV BUF360020/TM 1130/FL360/TP A321/TB MDT-SEV TURB/RM NO DAM/NO INJ ZOB,MDT-SEV TURB,,36000.0,43.274160333360335,-78.7358,2024-05-01 11:30:00,5.0,M,"('KBUF', 'KTYX', 'KBGM', 'KPBZ', 'KCLE')","['s3://unidata-nexrad-level2/2024/05/01/KBUF/KBUF20240501_112943_V06', 's3://unidata-nexrad-level2/2024/05/01/KTYX/KTYX20240501_112739_V06', 's3://unidata-nexrad-level2/2024/05/01/KBGM/KBGM20240501_112554_V06', 's3://unidata-nexrad-level2/2024/05/01/KPBZ/KPBZ20240501_112938_V06', 's3://unidata-nexrad-level2/2024/05/01/KCLE/KCLE20240501_112859_V06']"
F,C182,PVU UA /OV PVU005010/TM 1635/FL080/TP C182/TB SEV/RM IN PROVO CANYON,SEV,,8000.0,40.38523589832383,-111.70433496337432,2024-05-01 16:35:00,5.0,L,"('KMTX', 'KSFX', 'KICX', 'KGJX', 'KRIW')","['s3://unidata-nexrad-level2/2024/05/01/KMTX/KMTX20240501_163416_V06', 's3://unidata-nexrad-level2/2024/05/01/KSFX/KSFX20240501_163201_V06', 's3://unidata-nexrad-level2/2024/05/01/KICX/KICX20240501_163151_V06', 's3://unidata-nexrad-level2/2024/05/01/KGJX/KGJX20240501_163042_V06', 's3://unidata-nexrad-level2/2024/05/01/KRIW/KRIW20240501_162706_V06']"
T,C182,PVU UUA /OV PVU005010/TM 1635/FL080/TP C182/TB SEV/RM IN PROVO CANYON /ZLC,SEV,,8000.0,40.38523589832383,-111.70433496337432,2024-05-01 16:35:00,5.0,L,"('KMTX', 'KSFX', 'KICX', 'KGJX', 'KRIW')","['s3://unidata-nexrad-level2/2024/05/01/KMTX/KMTX20240501_163416_V06', 's3://unidata-nexrad-level2/2024/05/01/KSFX/KSFX20240501_163201_V06', 's3://unidata-nexrad-level2/2024/05/01/KICX/KICX20240501_163151_V06', 's3://unidata-nexrad-level2/2024/05/01/KGJX/KGJX20240501_163042_V06', 's3://unidata-nexrad-level2/2024/05/01/KRIW/KRIW20240501_162706_V06']"
T,TBM9,ASE UUA /OV DBL240015/TM 1653/FL095/TP TBM9/TB SEV,SEV,,9500.0,39.31498987498987,-107.18036594434552,2024-05-01 16:53:00,5.0,U,"('KGJX', 'KFTG', 'KPUX', 'KCYS', 'KRIW')","['s3://unidata-nexrad-level2/2024/05/01/KGJX/KGJX20240501_164635_V06', 's3://unidata-nexrad-level2/2024/05/01/KFTG/KFTG20240501_165747_V06', 's3://unidata-nexrad-level2/2024/05/01/KPUX/KPUX20240501_164815_V06', 's3://unidata-nexrad-level2/2024/05/01/KCYS/KCYS20240501_165011_V06', 's3://unidata-nexrad-level2/2024/05/01/KRIW/KRIW20240501_164427_V06']"
F,E55P,MOB UA /OV SJI090030/TM 1925/FL110/TP E55P/TB SEV/RM ZHU,SEV,,11000.0,30.73,-87.77827673057243,2024-05-01 19:25:00,5.0,U,"('KMOB', 'KEVX', 'KLIX', 'KEOX', 'KBMX')","['s3://unidata-nexrad-level2/2024/05/01/KMOB/KMOB20240501_191752_V06', 's3://unidata-nexrad-level2/2024/05/01/KEVX/KEVX20240501_192114_V06', 's3://unidata-nexrad-level2/2024/05/01/KEOX/KEOX20240501_192245_V06', 's3://unidata-nexrad-level2/2024/05/01/KBMX/KBMX20240501_192017_V06']"
T,LJ60,SAT UUA /OV SAT090030/TM 0015/FL200/TP LJ60/TB SEV FL200-210/RM DURC. ZHU,SEV FL200-210,,20000.0,29.53369,-97.89506440349406,2024-05-02 00:15:00,5.0,M,"('KEWX', 'KGRK', 'KCRP', 'KDFX', 'KHGX')","['s3://unidata-nexrad-level2/2024/05/02/KEWX/KEWX20240502_001037_V06', 's3://unidata-nexrad-level2/2024/05/02/KGRK/KGRK20240502_001203_V06', 's3://unidata-nexrad-level2/2024/05/02/KCRP/KCRP20240502_001331_V06', 's3://unidata-nexrad-level2/2024/05/02/KDFX/KDFX20240502_001213_V06', 's3://unidata-nexrad-level2/2024/05/02/KHGX/KHGX20240502_001143_V06']"
T,PA46,LBB UUA /OV LBB280025/TM 0115/FL160/TP PA46/TB SEV OCNL/RM ZFW,SEV OCNL,,16000.0,33.73599926799308,-102.31583155983527,2024-05-02 01:15:00,5.0,L,"('KLBB', 'KFDX', 'KAMA', 'KMAF', 'KSJT')","['s3://unidata-nexrad-level2/2024/05/02/KFDX/KFDX20240502_010908_V06', 's3://unidata-nexrad-level2/2024/05/02/KAMA/KAMA20240502_011447_V06', 's3://unidata-nexrad-level2/2024/05/02/KMAF/KMAF20240502_011221_V06', 's3://unidata-nexrad-level2/2024/05/02/KSJT/KSJT20240502_011334_V06']"
T,PA46,LBB UUA /OV LBB280025/TM 0115/FL160/TP PA46/TB SEV OCNL/RM ZAB/FDCS,SEV OCNL,,16000.0,33.73599926799308,-102.31583155983527,2024-05-02 01:15:00,5.0,L,"('KLBB', 'KFDX', 'KAMA', 'KMAF', 'KSJT')","['s3://unidata-nexrad-level2/2024/05/02/KFDX/KFDX20240502_010908_V06', 's3://unidata-nexrad-level2/2024/05/02/KAMA/KAMA20240502_011447_V06', 's3://unidata-nexrad-level2/2024/05/02/KMAF/KMAF20240502_011221_V06', 's3://unidata-nexrad-level2/2024/05/02/KSJT/KSJT20240502_011334_V06']"
T,PA46,SJT UUA /OV SJT280025/TM 0123/FL160/TP PA46/TB SEV OCNL/RM ZFW,SEV OCNL,,16000.0,31.42402926799308,-100.9755323403848,2024-05-02 01:23:00,5.0,L,"('KSJT', 'KMAF', 'KDYX', 'KDFX', 'KLBB')","['s3://unidata-nexrad-level2/2024/05/02/KSJT/KSJT20240502_011859_V06', 's3://unidata-nexrad-level2/2024/05/02/KMAF/KMAF20240502_011945_V06', 's3://unidata-nexrad-level2/2024/05/02/KDYX/KDYX20240502_012015_V06', 's3://unidata-nexrad-level2/2024/05/02/KDFX/KDFX20240502_012156_V06']"
T,LJ45,MBPV UUA /OV PVN111120/TM 0332/FL400/TP LJ45/TB SEV,SEV,,40000.0,21.05320604524352,-70.24928393320258,2024-05-02 03:32:00,5.0,M,"('KAMX', 'KAMX', 'KBYX', 'KMLB', 'KTBW')","['s3://unidata-nexrad-level2/2024/05/02/KAMX/KAMX20240502_033152_V06', 's3://unidata-nexrad-level2/2024/05/02/KAMX/KAMX20240502_033152_V06', 's3://unidata-nexrad-level2/2024/05/02/KBYX/KBYX20240502_033113_V06', 's3://unidata-nexrad-level2/2024/05/02/KMLB/KMLB20240502_033006_V06', 's3://unidata-nexrad-level2/2024/05/02/KTBW/KTBW20240502_032840_V06']"
F,B747,UUA /OV CYWG 210100 /TM 0925 /FL380 /TP B747 /TB SEV,SEV,,38000.0,48.47317741347951,-98.52762953811796,2024-05-02 09:25:00,5.0,H,"('KMVX', 'KMBX', 'KBIS', 'KABR', 'KFSD')","['s3://unidata-nexrad-level2/2024/05/02/KMVX/KMVX20240502_092152_V06', 's3://unidata-nexrad-level2/2024/05/02/KMBX/KMBX20240502_092152_V06', 's3://unidata-nexrad-level2/2024/05/02/KBIS/KBIS20240502_092057_V06', 's3://unidata-nexrad-level2/2024/05/02/KABR/KABR20240502_092128_V06', 's3://unidata-nexrad-level2/2024/05/02/KFSD/KFSD20240502_092136_V06']"
T,B744,GFK UUA /OV GFK305040/TM 0930/FL380/TP B744/TB OCNL SEV CHOP,OCNL SEV CHOP,,38000.0,48.33166526405923,-97.9915099741394,2024-05-02 09:30:00,5.0,H,"('KMVX', 'KMBX', 'KBIS', 'KABR', 'KFSD')","['s3://unidata-nexrad-level2/2024/05/02/KMVX/KMVX20240502_092728_V06', 's3://unidata-nexrad-level2/2024/05/02/KMBX/KMBX20240502_092152_V06', 's3://unidata-nexrad-level2/2024/05/02/KBIS/KBIS20240502_092645_V06', 's3://unidata-nexrad-level2/2024/05/02/KABR/KABR20240502_092550_V06', 's3://unidata-nexrad-level2/2024/05/02/KFSD/KFSD20240502_092715_V06']"
T,B748,INL UUA /OV INL270030/TM 0948/FL360/TP B748/TB OCNL SEV CAT,OCNL SEV CAT,,36000.0,48.55946773,-94.15108001656353,2024-05-02 09:48:00,5.0,U,"('KDLH', 'KMVX', 'KMPX', 'KABR', 'KARX')","['s3://unidata-nexrad-level2/2024/05/02/KDLH/KDLH20240502_094317_V06', 's3://unidata-nexrad-level2/2024/05/02/KMVX/KMVX20240502_094517_V06', 's3://unidata-nexrad-level2/2024/05/02/KMPX/KMPX20240502_094209_V06', 's3://unidata-nexrad-level2/2024/05/02/KABR/KABR20240502_094738_V06', 's3://unidata-nexrad-level2/2024/05/02/KARX/KARX20240502_094345_V06']"
T,EA50,SGF UUA /OV SGF360040/TM 1409/FL370/TP EA50/TB SEV/RM ZKC FDC,SEV,,37000.0,37.90642066672066,-93.3897,2024-05-02 14:09:00,5.0,U,"('KEAX', 'KSGF', 'KSRX', 'KLSX', 'KINX')","['s3://unidata-nexrad-level2/2024/05/02/KEAX/KEAX20240502_140745_V06', 's3://unidata-nexrad-level2/2024/05/02/KSGF/KSGF20240502_140838_V06', 's3://unidata-nexrad-level2/2024/05/02/KSRX/KSRX20240502_140451_V06', 's3://unidata-nexrad-level2/2024/05/02/KLSX/KLSX20240502_140848_V06', 's3://unidata-nexrad-level2/2024/05/02/KINX/KINX20240502_140831_V06']"
T,PA32,AGS UUA /OV IRQ230022/TM 1744/FL080/TP PA32/TB SEV 080,SEV 080,,8000.0,33.4742921189705,-82.49768498980177,2024-05-02 17:44:00,5.0,L,"('KJGX', 'KCAE', 'KGSP', 'KCLX', 'KFFC')","['s3://unidata-nexrad-level2/2024/05/02/KJGX/KJGX20240502_173854_V06', 's3://unidata-nexrad-level2/2024/05/02/KCAE/KCAE20240502_173906_V06', 's3://unidata-nexrad-level2/2024/05/02/KGSP/KGSP20240502_174352_V06', 's3://unidata-nexrad-level2/2024/05/02/KCLX/KCLX20240502_173849_V06', 's3://unidata-nexrad-level2/2024/05/02/KFFC/KFFC20240502_174245_V06']"
T,CL60,MKG UUA /OV MKG170015/TM 1756/FL390/TP CL60/TB SEV,SEV,,39000.0,42.92488811937,-86.1771406633914,2024-05-02 17:56:00,5.0,M,"('KGRR', 'KMKX', 'KGRB', 'KIWX', 'KLOT')","['s3://unidata-nexrad-level2/2024/05/02/KGRR/KGRR20240502_175148_V06', 's3://unidata-nexrad-level2/2024/05/02/KMKX/KMKX20240502_175512_V06', 's3://unidata-nexrad-level2/2024/05/02/KGRB/KGRB20240502_175200_V06', 's3://unidata-nexrad-level2/2024/05/02/KIWX/KIWX20240502_175040_V06', 's3://unidata-nexrad-level2/2024/05/02/KLOT/KLOT20240502_175515_V06']"
T,C210,DBQ UUA /OV DBQ/TM 1925/FL080/TP C210/TB SEV,SEV,,8000.0,42.39835,-90.709143,2024-05-02 19:25:00,5.0,L,"('KDVN', 'KARX', 'KMKX', 'KLOT', 'KILX')","['s3://unidata-nexrad-level2/2024/05/02/KDVN/KDVN20240502_192141_V06', 's3://unidata-nexrad-level2/2024/05/02/KARX/KARX20240502_192420_V06', 's3://unidata-nexrad-level2/2024/05/02/KMKX/KMKX20240502_192229_V06', 's3://unidata-nexrad-level2/2024/05/02/KLOT/KLOT20240502_192206_V06', 's3://unidata-nexrad-level2/2024/05/02/KILX/KILX20240502_192439_V06']"
T,C421,ABE UUA /OV FJC080017/TM 2103/FL060/TP C421/WX SKC/TA 15/WV 34040KT/TB SEV/RM -2GS THROUGH THE TURBULENCE,SEV,,6000.0,40.77920430223529,-75.08175756382299,2024-05-02 21:03:00,5.0,L,"('KDIX', 'KBGM', 'KOKX', 'KENX', 'KDOX')","['s3://unidata-nexrad-level2/2024/05/02/KDIX/KDIX20240502_205828_V06', 's3://unidata-nexrad-level2/2024/05/02/KBGM/KBGM20240502_210048_V06', 's3://unidata-nexrad-level2/2024/05/02/KOKX/KOKX20240502_205624_V06', 's3://unidata-nexrad-level2/2024/05/02/KENX/KENX20240502_210015_V06', 's3://unidata-nexrad-level2/2024/05/02/KDOX/KDOX20240502_210207_V06']"
T,S22T,BDL UUA /OV ORH/TM 2250/FL040/TP S22T/SK BKN043/TB SEV 040/RM DURD 050-040,SEV 040,,4000.0,42.26734,-71.87571,2024-05-02 22:50:00,5.0,U,"('KBOX', 'KOKX', 'KENX', 'KGYX', 'KCXX')","['s3://unidata-nexrad-level2/2024/05/02/KBOX/KBOX20240502_224804_V06', 's3://unidata-nexrad-level2/2024/05/02/KOKX/KOKX20240502_224424_V06', 's3://unidata-nexrad-level2/2024/05/02/KENX/KENX20240502_224353_V06', 's3://unidata-nexrad-level2/2024/05/02/KGYX/KGYX20240502_224950_V06', 's3://unidata-nexrad-level2/2024/05/02/KCXX/KCXX20240502_224941_V06']"
T,PA46,BDL UUA /OV ORH060004/TM 2323/FL053/TP PA46/TB SEV 055/RM DURD 060-050,SEV 055,,5300.0,42.30067603333603,-71.79768491400522,2024-05-02 23:23:00,5.0,L,"('KBOX', 'KOKX', 'KENX', 'KGYX', 'KCXX')","['s3://unidata-nexrad-level2/2024/05/02/KBOX/KBOX20240502_231932_V06', 's3://unidata-nexrad-level2/2024/05/02/KOKX/KOKX20240502_231958_V06', 's3://unidata-nexrad-level2/2024/05/02/KENX/KENX20240502_231801_V06', 's3://unidata-nexrad-level2/2024/05/02/KGYX/KGYX20240502_232114_V06', 's3://unidata-nexrad-level2/2024/05/02/KCXX/KCXX20240502_231705_V06']"
T,E170,IGQ UUA /OV IGQ/TM 0100/FL130/TP E170/TB SEV 130-125,SEV 130-125,,13000.0,41.53492,-87.52953,2024-05-03 01:00:00,5.0,U,"('KLOT', 'KIWX', 'KMKX', 'KILX', 'KIND')","['s3://unidata-nexrad-level2/2024/05/03/KLOT/KLOT20240503_005900_V06', 's3://unidata-nexrad-level2/2024/05/03/KIWX/KIWX20240503_005728_V06', 's3://unidata-nexrad-level2/2024/05/03/KMKX/KMKX20240503_005724_V06', 's3://unidata-nexrad-level2/2024/05/03/KILX/KILX20240503_005910_V06', 's3://unidata-nexrad-level2/2024/05/03/KIND/KIND20240503_005949_V06']"
T,B737,DFW UUA /OV JASPA/TM 0149/FL220/TP B737/TB SEV/RM ZFW,SEV,,22000.0,30.88569,-94.03494,2024-05-03 01:49:00,5.0,M,"('KPOE', 'KLCH', 'KSHV', 'KHGX', 'KGRK')","['s3://unidata-nexrad-level2/2024/05/03/KPOE/KPOE20240503_014733_V06', 's3://unidata-nexrad-level2/2024/05/03/KLCH/KLCH20240503_014534_V06', 's3://unidata-nexrad-level2/2024/05/03/KSHV/KSHV20240503_014549_V06', 's3://unidata-nexrad-level2/2024/05/03/KHGX/KHGX20240503_014420_V06', 's3://unidata-nexrad-level2/2024/05/03/KGRK/KGRK20240503_014608_V06']"
F,B777,UUA /OV 5548N09152W /TM 0155 /FL350 /TP B777 /TB SEV,SEV,,35000.0,55.8,-91.8666,2024-05-03 01:55:00,5.0,H,"('KDLH', 'KMVX', 'KMQT', 'KMPX', 'KMBX')","['s3://unidata-nexrad-level2/2024/05/03/KDLH/KDLH20240503_015400_V06', 's3://unidata-nexrad-level2/2024/05/03/KMVX/KMVX20240503_015338_V06', 's3://unidata-nexrad-level2/2024/05/03/KMQT/KMQT20240503_015206_V06', 's3://unidata-nexrad-level2/2024/05/03/KMPX/KMPX20240503_015316_V06', 's3://unidata-nexrad-level2/2024/05/03/KMBX/KMBX20240503_015144_V06']"
F,B777,UUA /OV 5548N09152W /TM 0155 /FL350 /TP B777 /TB SEV /RM COR COPY,SEV,,35000.0,55.8,-91.8666,2024-05-03 01:55:00,5.0,H,"('KDLH', 'KMVX', 'KMQT', 'KMPX', 'KMBX')","['s3://unidata-nexrad-level2/2024/05/03/KDLH/KDLH20240503_015400_V06', 's3://unidata-nexrad-level2/2024/05/03/KMVX/KMVX20240503_015338_V06', 's3://unidata-nexrad-level2/2024/05/03/KMQT/KMQT20240503_015206_V06', 's3://unidata-nexrad-level2/2024/05/03/KMPX/KMPX20240503_015316_V06', 's3://unidata-nexrad-level2/2024/05/03/KMBX/KMBX20240503_015144_V06']"
T,B739,TME UUA /OV IDU090030/TM 1123/FL160/TP B739/TB SEV 160-180/RM 30E IDU B739 RPTD SEVERE TURB FL160-180 DURC AT 1123Z KZHU,SEV 160-180,,16000.0,29.96,-95.98283546042695,2024-05-03 11:23:00,5.0,M,"('KHGX', 'KGRK', 'KEWX', 'KLCH', 'KCRP')","['s3://unidata-nexrad-level2/2024/05/03/KHGX/KHGX20240503_112231_V06', 's3://unidata-nexrad-level2/2024/05/03/KGRK/KGRK20240503_112248_V06', 's3://unidata-nexrad-level2/2024/05/03/KEWX/KEWX20240503_111834_V06', 's3://unidata-nexrad-level2/2024/05/03/KLCH/KLCH20240503_112148_V06', 's3://unidata-nexrad-level2/2024/05/03/KCRP/KCRP20240503_111956_V06']"
T,789,ORF UUA /OV 3136N064W/TM 1548/FL380/TP 789/TB SEV,SEV,,38000.0,31.6,-0.10666,2024-05-03 15:48:00,5.0,U,"('LPLA', 'KCBW', 'KGYX', 'KBOX', 'KOKX')","['s3://unidata-nexrad-level2/2024/05/03/KCBW/KCBW20240503_154551_V06', 's3://unidata-nexrad-level2/2024/05/03/KGYX/KGYX20240503_154454_V06', 's3://unidata-nexrad-level2/2024/05/03/KBOX/KBOX20240503_154158_V06', 's3://unidata-nexrad-level2/2024/05/03/KOKX/KOKX20240503_154208_V06']"
F,BE9L,DEN UA /OV DEN220040/TM 1550/FL140/TP BE9L/TB SEV,SEV,,14000.0,39.32206233814605,-105.2155808975145,2024-05-03 15:50:00,5.0,L,"('KFTG', 'KPUX', 'KCYS', 'KGJX', 'KGLD')","['s3://unidata-nexrad-level2/2024/05/03/KFTG/KFTG20240503_154731_V06', 's3://unidata-nexrad-level2/2024/05/03/KPUX/KPUX20240503_154918_V06', 's3://unidata-nexrad-level2/2024/05/03/KCYS/KCYS20240503_154525_V06', 's3://unidata-nexrad-level2/2024/05/03/KGJX/KGJX20240503_154547_V06', 's3://unidata-nexrad-level2/2024/05/03/KGLD/KGLD20240503_154342_V06']"
T,EPIC,SLC UUA /OV PVU210007/TM 1608/FL100/TP EPIC/TB SEV TURB/RM DURC,SEV TURB,,10000.0,40.11814551894357,-111.799760735156,2024-05-03 16:08:00,5.0,U,"('KMTX', 'KICX', 'KGJX', 'KSFX', 'KRIW')","['s3://unidata-nexrad-level2/2024/05/03/KMTX/KMTX20240503_160618_V06', 's3://unidata-nexrad-level2/2024/05/03/KICX/KICX20240503_160110_V06', 's3://unidata-nexrad-level2/2024/05/03/KGJX/KGJX20240503_160417_V06', 's3://unidata-nexrad-level2/2024/05/03/KSFX/KSFX20240503_160405_V06', 's3://unidata-nexrad-level2/2024/05/03/KRIW/KRIW20240503_155949_V06']"
T,BE40,GPT UUA /OV GPT135030/TM 1704/FL410/TP BE40/TB SEV/RM 30SE GPT BE40 RPTD LT WAVE ACTIONV +/- 400FT AT FL410 AT 1740Z KZHU,SEV,,41000.0,30.05368797155345,-88.66012579591475,2024-05-03 17:04:00,5.0,M,"('KLIX', 'KMOB', 'KHDC', 'KDGX', 'KEVX')","['s3://unidata-nexrad-level2/2024/05/03/KMOB/KMOB20240503_170238_V06', 's3://unidata-nexrad-level2/2024/05/03/KHDC/KHDC20240503_165911_V06', 's3://unidata-nexrad-level2/2024/05/03/KDGX/KDGX20240503_170029_V06', 's3://unidata-nexrad-level2/2024/05/03/KEVX/KEVX20240503_165726_V06']"
T,E190,EVV UUA /OV PXV/TM 1750/FL380/TP E190/TB SEV,SEV,,38000.0,37.93,-87.76,2024-05-03 17:50:00,5.0,U,"('KVWX', 'KPAH', 'KLVX', 'KHPX', 'KLSX')","['s3://unidata-nexrad-level2/2024/05/03/KVWX/KVWX20240503_174654_V06', 's3://unidata-nexrad-level2/2024/05/03/KPAH/KPAH20240503_174834_V06', 's3://unidata-nexrad-level2/2024/05/03/KLVX/KLVX20240503_174416_V06', 's3://unidata-nexrad-level2/2024/05/03/KHPX/KHPX20240503_174914_V06', 's3://unidata-nexrad-level2/2024/05/03/KLSX/KLSX20240503_174854_V06']"
T,LJ60,PSN UUA /OV LOA/TM 1800/FL410/TP LJ60/TB SEV/RM ZFW,SEV,,41000.0,31.12,-95.97,2024-05-03 18:00:00,5.0,M,"('KGRK', 'KFWS', 'KHGX', 'KPOE', 'KLCH')","['s3://unidata-nexrad-level2/2024/05/03/KGRK/KGRK20240503_175956_V06', 's3://unidata-nexrad-level2/2024/05/03/KFWS/KFWS20240503_175729_V06', 's3://unidata-nexrad-level2/2024/05/03/KHGX/KHGX20240503_175636_V06', 's3://unidata-nexrad-level2/2024/05/03/KPOE/KPOE20240503_175924_V06', 's3://unidata-nexrad-level2/2024/05/03/KLCH/KLCH20240503_175649_V06']"
T,B737,ACT UUA /OV ACT180020/TM 1840/FL200/TP B737/TB SEV 200/RM DURD 170 - ZFW,SEV 200,,20000.0,31.284609666639668,-97.2283,2024-05-03 18:40:00,5.0,M,"('KGRK', 'KFWS', 'KEWX', 'KDYX', 'KHGX')","['s3://unidata-nexrad-level2/2024/05/03/KGRK/KGRK20240503_183734_V06', 's3://unidata-nexrad-level2/2024/05/03/KFWS/KFWS20240503_183956_V06', 's3://unidata-nexrad-level2/2024/05/03/KEWX/KEWX20240503_183609_V06', 's3://unidata-nexrad-level2/2024/05/03/KDYX/KDYX20240503_183606_V06', 's3://unidata-nexrad-level2/2024/05/03/KHGX/KHGX20240503_183713_V06']"
T,B737,ACT UUA /OV ACT180020/TM 1840/FL200/TP B737/TB EXTRM FL210-200/RM ZHU,EXTRM FL210-200,,20000.0,31.284609666639668,-97.2283,2024-05-03 18:40:00,7.0,M,"('KGRK', 'KFWS', 'KEWX', 'KDYX', 'KHGX')","['s3://unidata-nexrad-level2/2024/05/03/KGRK/KGRK20240503_183734_V06', 's3://unidata-nexrad-level2/2024/05/03/KFWS/KFWS20240503_183956_V06', 's3://unidata-nexrad-level2/2024/05/03/KEWX/KEWX20240503_183609_V06', 's3://unidata-nexrad-level2/2024/05/03/KDYX/KDYX20240503_183606_V06', 's3://unidata-nexrad-level2/2024/05/03/KHGX/KHGX20240503_183713_V06']"
F,C172,DEN UA /OV BJC180015/TM 2110/FL070/TP C172/TB SEV 070-080/RM UPDRAFTS 500-800 FT,SEV 070-080,,7000.0,39.65878974997975,-105.11719,2024-05-03 21:10:00,5.0,L,"('KFTG', 'KPUX', 'KCYS', 'KGJX', 'KGLD')","['s3://unidata-nexrad-level2/2024/05/03/KFTG/KFTG20240503_210816_V06', 's3://unidata-nexrad-level2/2024/05/03/KPUX/KPUX20240503_210911_V06', 's3://unidata-nexrad-level2/2024/05/03/KCYS/KCYS20240503_210803_V06', 's3://unidata-nexrad-level2/2024/05/03/KGJX/KGJX20240503_210821_V06', 's3://unidata-nexrad-level2/2024/05/03/KGLD/KGLD20240503_210932_V06']"
T,C172,BJC UUA /OV 6S BJC/TM 2120/FL065/TP C172/TB SEV,SEV,,6500.0,39.80880189999191,-105.11719,2024-05-03 21:20:00,5.0,L,"('KFTG', 'KCYS', 'KPUX', 'KGJX', 'KGLD')","['s3://unidata-nexrad-level2/2024/05/03/KFTG/KFTG20240503_211711_V06', 's3://unidata-nexrad-level2/2024/05/03/KCYS/KCYS20240503_211908_V06', 's3://unidata-nexrad-level2/2024/05/03/KPUX/KPUX20240503_211939_V06', 's3://unidata-nexrad-level2/2024/05/03/KGJX/KGJX20240503_211448_V06', 's3://unidata-nexrad-level2/2024/05/03/KGLD/KGLD20240503_211652_V06']"
T,C172,TUS UUA /OV TUS022035/TM 2242/FL110/TP C172/TB SEV CAT/RM ZAB/FDCS,SEV CAT,,11000.0,32.66117105797823,-110.67994543501528,2024-05-03 22:42:00,5.0,L,"('KEMX', 'KIWA', 'KFSX', 'KFSX', 'KYUX')","['s3://unidata-nexrad-level2/2024/05/03/KEMX/KEMX20240503_223659_V06', 's3://unidata-nexrad-level2/2024/05/03/KIWA/KIWA20240503_224045_V06', 's3://unidata-nexrad-level2/2024/05/03/KFSX/KFSX20240503_221217_V06', 's3://unidata-nexrad-level2/2024/05/03/KFSX/KFSX20240503_221217_V06', 's3://unidata-nexrad-level2/2024/05/03/KYUX/KYUX20240503_224044_V06']"
F,C560,LBB UA /OV KLBB030020/TM 2256/FL100/TP C560/TB SEV TURB/RM 100 AND ABOVE DURC,SEV TURB,,10000.0,33.9523385173041,-101.62251693004458,2024-05-03 22:56:00,5.0,M,"('KLBB', 'KAMA', 'KFDX', 'KMAF', 'KFDR')","['s3://unidata-nexrad-level2/2024/05/03/KLBB/KLBB20240503_225048_V06', 's3://unidata-nexrad-level2/2024/05/03/KAMA/KAMA20240503_225152_V06', 's3://unidata-nexrad-level2/2024/05/03/KFDX/KFDX20240503_225231_V06', 's3://unidata-nexrad-level2/2024/05/03/KMAF/KMAF20240503_225433_V06', 's3://unidata-nexrad-level2/2024/05/03/KFDR/KFDR20240503_225443_V06']"
T,C560,LBB UUA /OV KLBB030020/TM 2257/FL100/TP C560/TB SEV TURB/RM 100 AND ABOVE DURC,SEV TURB,,10000.0,33.9523385173041,-101.62251693004458,2024-05-03 22:57:00,5.0,M,"('KLBB', 'KAMA', 'KFDX', 'KMAF', 'KFDR')","['s3://unidata-nexrad-level2/2024/05/03/KLBB/KLBB20240503_225048_V06', 's3://unidata-nexrad-level2/2024/05/03/KAMA/KAMA20240503_225152_V06', 's3://unidata-nexrad-level2/2024/05/03/KFDX/KFDX20240503_225611_V06', 's3://unidata-nexrad-level2/2024/05/03/KMAF/KMAF20240503_225433_V06', 's3://unidata-nexrad-level2/2024/05/03/KFDR/KFDR20240503_225443_V06']"
T,C560,LBB UUA /OV LBB040025/TM 2257/FL100/TP C560/TB SEV 100-140/RM DURC ZFW,SEV 100-140,,10000.0,33.982851038658715,-101.50096344988718,2024-05-03 22:57:00,5.0,M,"('KLBB', 'KAMA', 'KFDX', 'KMAF', 'KFDR')","['s3://unidata-nexrad-level2/2024/05/03/KLBB/KLBB20240503_225048_V06', 's3://unidata-nexrad-level2/2024/05/03/KAMA/KAMA20240503_225152_V06', 's3://unidata-nexrad-level2/2024/05/03/KFDX/KFDX20240503_225611_V06', 's3://unidata-nexrad-level2/2024/05/03/KMAF/KMAF20240503_225433_V06', 's3://unidata-nexrad-level2/2024/05/03/KFDR/KFDR20240503_225443_V06']"
T,C206,ANC UUA /OV TED127008 /TM 2330 /FL014 /TP C206 /TB SEV /RM ISOLSEV TURB 3/4 N OF POTTER MARSH ON CAMPBELL ARR (AKFSS),SEV,,1400.0,61.08975149730431,-149.76915675569956,2024-05-03 23:30:00,5.0,L,"('PAHG', 'PAIH', 'PAIH', 'PAPD', 'PAKC')","['s3://unidata-nexrad-level2/2024/05/03/PAHG/PAHG20240503_232933_V06', 's3://unidata-nexrad-level2/2024/05/03/PAIH/PAIH20240503_232734_V06', 's3://unidata-nexrad-level2/2024/05/03/PAIH/PAIH20240503_232734_V06', 's3://unidata-nexrad-level2/2024/05/03/PAPD/PAPD20240503_232347_V06', 's3://unidata-nexrad-level2/2024/05/03/PAKC/PAKC20240503_232627_V06']"
T,C206,ANC UUA /OV TED127008 /TM 2330 /FL014 /TP C206 /TB SEV /RM ISOL SEV TURB 3/4 N OF POTTER MARSH ON CAMPBELL ARR (AKFSS,SEV,,1400.0,61.08975149730431,-149.76915675569956,2024-05-03 23:30:00,5.0,L,"('PAHG', 'PAIH', 'PAIH', 'PAPD', 'PAKC')","['s3://unidata-nexrad-level2/2024/05/03/PAHG/PAHG20240503_232933_V06', 's3://unidata-nexrad-level2/2024/05/03/PAIH/PAIH20240503_232734_V06', 's3://unidata-nexrad-level2/2024/05/03/PAIH/PAIH20240503_232734_V06', 's3://unidata-nexrad-level2/2024/05/03/PAPD/PAPD20240503_232347_V06', 's3://unidata-nexrad-level2/2024/05/03/PAKC/PAKC20240503_232627_V06']"
T,C182,ANC UUA /OV TED1150005/TM 2355/FL018/TP C182/TB SEV,SEV,,1800.0,61.17,-149.99,2024-05-03 23:55:00,5.0,L,"('PAHG', 'PAIH', 'PAIH', 'PAPD', 'PAKC')","['s3://unidata-nexrad-level2/2024/05/03/PAHG/PAHG20240503_235207_V06', 's3://unidata-nexrad-level2/2024/05/03/PAIH/PAIH20240503_235348_V06', 's3://unidata-nexrad-level2/2024/05/03/PAIH/PAIH20240503_235348_V06', 's3://unidata-nexrad-level2/2024/05/03/PAPD/PAPD20240503_235156_V06', 's3://unidata-nexrad-level2/2024/05/03/PAKC/PAKC20240503_235032_V06']"
F,C182,MRI UA /OV MRI170010/TM 0000/FL020/TP C182/TB SEV /RM SEV TURB SXQ- POTTERS MARSH  MOD TURB SERVICE HIGH SCHOOL,SEV,,2000.0,61.04585207958001,-149.77990103035313,2024-05-04 00:00:00,5.0,L,"('PAHG', 'PAIH', 'PAIH', 'PAPD', 'PAKC')","['s3://unidata-nexrad-level2/2024/05/03/PAHG/PAHG20240503_235728_V06', 's3://unidata-nexrad-level2/2024/05/03/PAIH/PAIH20240503_235810_V06', 's3://unidata-nexrad-level2/2024/05/03/PAIH/PAIH20240503_235810_V06', 's3://unidata-nexrad-level2/2024/05/03/PAPD/PAPD20240503_235851_V06', 's3://unidata-nexrad-level2/2024/05/03/PAKC/PAKC20240503_235634_V06']"
T,C182,MRI UUA /OV MRI170010/TM 0000/FL020/TP C182/TB SEV/RM SEV TURB SXQ- POTTERS MARSH  MOD TURB SERVICE HIGH SCHOOL,SEV,,2000.0,61.04585207958001,-149.77990103035313,2024-05-04 00:00:00,5.0,L,"('PAHG', 'PAIH', 'PAIH', 'PAPD', 'PAKC')","['s3://unidata-nexrad-level2/2024/05/03/PAHG/PAHG20240503_235728_V06', 's3://unidata-nexrad-level2/2024/05/03/PAIH/PAIH20240503_235810_V06', 's3://unidata-nexrad-level2/2024/05/03/PAIH/PAIH20240503_235810_V06', 's3://unidata-nexrad-level2/2024/05/03/PAPD/PAPD20240503_235851_V06', 's3://unidata-nexrad-level2/2024/05/03/PAKC/PAKC20240503_235634_V06']"
T,B737,SPS UUA /OV SPS010010/TM 0030/FL230/TP B737/TB SEV/RM ZFW,SEV,,23000.0,34.14274792041999,-98.45789637169229,2024-05-04 00:30:00,5.0,M,"('KFDR', 'KOUN', 'KTLX', 'KDYX', 'KFWS')","['s3://unidata-nexrad-level2/2024/05/04/KFDR/KFDR20240504_002708_V06', 's3://unidata-nexrad-level2/2024/05/04/KTLX/KTLX20240504_002858_V06', 's3://unidata-nexrad-level2/2024/05/04/KDYX/KDYX20240504_002850_V06', 's3://unidata-nexrad-level2/2024/05/04/KFWS/KFWS20240504_002752_V06']"
T,E75L,ANC UUA /OV TED275017/TM 0335/FL025/TP E75L/TB SEV/RM OVER MOUTH OF LITTLE SU,SEV,,2500.0,61.19469612733813,-150.57538105420645,2024-05-04 03:35:00,5.0,U,"('PAHG', 'PAIH', 'PAIH', 'PAPD', 'PAKC')","['s3://unidata-nexrad-level2/2024/05/04/PAHG/PAHG20240504_033048_V06', 's3://unidata-nexrad-level2/2024/05/04/PAIH/PAIH20240504_033413_V06', 's3://unidata-nexrad-level2/2024/05/04/PAIH/PAIH20240504_033413_V06', 's3://unidata-nexrad-level2/2024/05/04/PAPD/PAPD20240504_032818_V06', 's3://unidata-nexrad-level2/2024/05/04/PAKC/PAKC20240504_033211_V06']"
T,SW4,LRD UUA /OV LRD045040/TM 0530/FL030/TP SW4/TB SEV/RM 40NE KLRD SW4 RPTD SEV TURB 030 AT 0530Z KZHU,SEV,,3000.0,28.0152427045954,-98.92982225759242,2024-05-04 05:30:00,5.0,M,"('KCRP', 'KDFX', 'KEWX', 'KBRO', 'KGRK')","['s3://unidata-nexrad-level2/2024/05/04/KCRP/KCRP20240504_052607_V06', 's3://unidata-nexrad-level2/2024/05/04/KDFX/KDFX20240504_052759_V06', 's3://unidata-nexrad-level2/2024/05/04/KEWX/KEWX20240504_052917_V06', 's3://unidata-nexrad-level2/2024/05/04/KBRO/KBRO20240504_052646_V06', 's3://unidata-nexrad-level2/2024/05/04/KGRK/KGRK20240504_052818_V06']"
F,B777,UUA /OV CYGQ 315060 /TM 1100 /FL330 /TP B777 /TB SEV 330-360,SEV 330-360,,33000.0,50.4899440568931,-88.0257714915148,2024-05-04 11:00:00,5.0,H,"('KMQT', 'KDLH', 'KGRB', 'KAPX', 'KARX')","['s3://unidata-nexrad-level2/2024/05/04/KMQT/KMQT20240504_105409_V06', 's3://unidata-nexrad-level2/2024/05/04/KDLH/KDLH20240504_105516_V06', 's3://unidata-nexrad-level2/2024/05/04/KGRB/KGRB20240504_105929_V06', 's3://unidata-nexrad-level2/2024/05/04/KAPX/KAPX20240504_105529_V06', 's3://unidata-nexrad-level2/2024/05/04/KARX/KARX20240504_105818_V06']"
T,B744,RST UUA /OV RST/TM 1238/FL330/TP B744/TB SEV,SEV,,33000.0,43.9041,-92.4916,2024-05-04 12:38:00,5.0,H,"('KMPX', 'KARX', 'KDMX', 'KDVN', 'KDLH')","['s3://unidata-nexrad-level2/2024/05/04/KMPX/KMPX20240504_123340_V06', 's3://unidata-nexrad-level2/2024/05/04/KARX/KARX20240504_123747_V06', 's3://unidata-nexrad-level2/2024/05/04/KDMX/KDMX20240504_123359_V06', 's3://unidata-nexrad-level2/2024/05/04/KDVN/KDVN20240504_123733_V06', 's3://unidata-nexrad-level2/2024/05/04/KDLH/KDLH20240504_123343_V06']"
T,BE9L,AHN UUA /OV AHN077028/TM 1345/FL110/TP BE9L/TB SEV/RM SMALL POCKET OF SEVERE TURBULENCE OVER KEBA AIRPORT ZTLFD-16,SEV,,11000.0,34.05358566185216,-82.77816248677674,2024-05-04 13:45:00,5.0,L,"('KGSP', 'KCAE', 'KJGX', 'KFFC', 'KMRX')","['s3://unidata-nexrad-level2/2024/05/04/KGSP/KGSP20240504_134245_V06', 's3://unidata-nexrad-level2/2024/05/04/KCAE/KCAE20240504_133955_V06', 's3://unidata-nexrad-level2/2024/05/04/KJGX/KJGX20240504_134434_V06', 's3://unidata-nexrad-level2/2024/05/04/KFFC/KFFC20240504_134154_V06', 's3://unidata-nexrad-level2/2024/05/04/KMRX/KMRX20240504_134215_V06']"
T,PA46,SCK UUA /OV MOD270025/TM 1645/FL040/TP PA46/TB SEV,SEV,,4000.0,37.62582,-121.48054718787478,2024-05-04 16:45:00,5.0,L,"('KMUX', 'KDAX', 'KBBX', 'KHNX', 'KRGX')","['s3://unidata-nexrad-level2/2024/05/04/KMUX/KMUX20240504_164114_V06', 's3://unidata-nexrad-level2/2024/05/04/KDAX/KDAX20240504_164136_V06', 's3://unidata-nexrad-level2/2024/05/04/KBBX/KBBX20240504_164126_V06', 's3://unidata-nexrad-level2/2024/05/04/KHNX/KHNX20240504_164321_V06', 's3://unidata-nexrad-level2/2024/05/04/KRGX/KRGX20240504_164310_V06']"
T,PC12,TPA UUA /OV SRQ150020/TM 1726/FL100/TP PC12/TB SEV TB,SEV TB,,10000.0,27.1126914826959,-82.37086571713732,2024-05-04 17:26:00,5.0,L,"('KTBW', 'KMLB', 'KAMX', 'KAMX', 'KBYX')","['s3://unidata-nexrad-level2/2024/05/04/KTBW/KTBW20240504_172253_V06', 's3://unidata-nexrad-level2/2024/05/04/KMLB/KMLB20240504_172545_V06', 's3://unidata-nexrad-level2/2024/05/04/KAMX/KAMX20240504_172023_V06', 's3://unidata-nexrad-level2/2024/05/04/KAMX/KAMX20240504_172023_V06', 's3://unidata-nexrad-level2/2024/05/04/KBYX/KBYX20240504_172301_V06']"
F,OV10,BIH UA /OV O26220005/TM 2130/FL135/TP OV10/TB SEV,SEV,,13500.0,36.51615779226825,-118.1067101726631,2024-05-04 21:30:00,5.0,U,"('KHNX', 'KEYX', 'KVTX', 'KVBX', 'KSOX')","['s3://unidata-nexrad-level2/2024/05/04/KHNX/KHNX20240504_212533_V06', 's3://unidata-nexrad-level2/2024/05/04/KEYX/KEYX20240504_212838_V06', 's3://unidata-nexrad-level2/2024/05/04/KVTX/KVTX20240504_212931_V06', 's3://unidata-nexrad-level2/2024/05/04/KVBX/KVBX20240504_212728_V06', 's3://unidata-nexrad-level2/2024/05/04/KSOX/KSOX20240504_212836_V06']"
T,C25B,ORD UUA /OV MDW180002/TM 0010/FL030/TP C25B/TB SEV/RM DURC,SEV,,3000.0,41.75263396666397,-87.75242,2024-05-05 00:10:00,5.0,U,"('KLOT', 'KMKX', 'KIWX', 'KGRR', 'KILX')","['s3://unidata-nexrad-level2/2024/05/05/KLOT/KLOT20240505_000501_V06', 's3://unidata-nexrad-level2/2024/05/05/KMKX/KMKX20240505_000902_V06', 's3://unidata-nexrad-level2/2024/05/05/KIWX/KIWX20240505_000719_V06', 's3://unidata-nexrad-level2/2024/05/05/KGRR/KGRR20240505_000655_V06', 's3://unidata-nexrad-level2/2024/05/05/KILX/KILX20240505_000932_V06']"
T,C25B,RSW UUA /OV CYY080010/TM 0205/FL170/TP C25B/TB SEV,SEV,,17000.0,26.17894370719723,-81.59713458144704,2024-05-05 02:05:00,5.0,U,"('KTBW', 'KAMX', 'KAMX', 'KBYX', 'KMLB')","['s3://unidata-nexrad-level2/2024/05/05/KTBW/KTBW20240505_020431_V06', 's3://unidata-nexrad-level2/2024/05/05/KAMX/KAMX20240505_020415_V06', 's3://unidata-nexrad-level2/2024/05/05/KAMX/KAMX20240505_020415_V06', 's3://unidata-nexrad-level2/2024/05/05/KBYX/KBYX20240505_020403_V06', 's3://unidata-nexrad-level2/2024/05/05/KMLB/KMLB20240505_020254_V06']"
T,A321,HYS UUA /OV HYS200040/TM 0648/FL330/TP A321/TB SEV/RM /ZKC/FDC/CW,SEV,,33000.0,38.21570750935712,-99.565940468354,2024-05-05 06:48:00,5.0,M,"('KDDC', 'KICT', 'KGLD', 'KVNX', 'KUEX')","['s3://unidata-nexrad-level2/2024/05/05/KDDC/KDDC20240505_064739_V06', 's3://unidata-nexrad-level2/2024/05/05/KICT/KICT20240505_064526_V06', 's3://unidata-nexrad-level2/2024/05/05/KGLD/KGLD20240505_064530_V06', 's3://unidata-nexrad-level2/2024/05/05/KVNX/KVNX20240505_064508_V06', 's3://unidata-nexrad-level2/2024/05/05/KUEX/KUEX20240505_064722_V06']"
T,GLF5,DTA UUA /OV DTA252038/TM 1558/FL410/TP GLF5/TB SEV CAT/RM +-150 FEET /ZLC,SEV CAT,,41000.0,39.18487338430821,-113.28703345587292,2024-05-05 15:58:00,5.0,M,"('KICX', 'KMTX', 'KLRX', 'KESX', 'KSFX')","['s3://unidata-nexrad-level2/2024/05/05/KICX/KICX20240505_155538_V06', 's3://unidata-nexrad-level2/2024/05/05/KMTX/KMTX20240505_155313_V06', 's3://unidata-nexrad-level2/2024/05/05/KLRX/KLRX20240505_155554_V06', 's3://unidata-nexrad-level2/2024/05/05/KESX/KESX20240505_155112_V06', 's3://unidata-nexrad-level2/2024/05/05/KSFX/KSFX20240505_155511_V06']"
F,G5,FLG UA /OV TBC/TM 1643/FL450/TP G5/TB SEV/RM ZAB/FDCS,SEV,,45000.0,36.12,-111.27,2024-05-05 16:43:00,5.0,L,"('KICX', 'KFSX', 'KFSX', 'KIWA', 'KESX')","['s3://unidata-nexrad-level2/2024/05/05/KICX/KICX20240505_164013_V06', 's3://unidata-nexrad-level2/2024/05/05/KFSX/KFSX20240505_163727_V06', 's3://unidata-nexrad-level2/2024/05/05/KFSX/KFSX20240505_163727_V06', 's3://unidata-nexrad-level2/2024/05/05/KIWA/KIWA20240505_164053_V06', 's3://unidata-nexrad-level2/2024/05/05/KESX/KESX20240505_164052_V06']"
T,E55P,SLC UUA /OV TCH160010/TM 1645/FL060/TP E55P/TB SEV/RM DURD,SEV,,6000.0,40.69337187733928,-111.9046349494279,2024-05-05 16:45:00,5.0,U,"('KMTX', 'KSFX', 'KICX', 'KGJX', 'KRIW')","['s3://unidata-nexrad-level2/2024/05/05/KMTX/KMTX20240505_164311_V06', 's3://unidata-nexrad-level2/2024/05/05/KSFX/KSFX20240505_164351_V06', 's3://unidata-nexrad-level2/2024/05/05/KICX/KICX20240505_164013_V06', 's3://unidata-nexrad-level2/2024/05/05/KGJX/KGJX20240505_164419_V06', 's3://unidata-nexrad-level2/2024/05/05/KRIW/KRIW20240505_163741_V06']"
T,BE40,PGA UUA /OV PGA/TM 1842/FL410/TP BE40/TB SEV MTN WAVE +1200FPM -1800FPM +/-15KT/RM COULD NOT HOLD ALT/ ZAB/FDCS,SEV MTN WAVE +1200FPM -1800FPM +,,41000.0,36.92608,-111.44836,2024-05-05 18:42:00,5.0,M,"('KICX', 'KFSX', 'KFSX', 'KESX', 'KGJX')","['s3://unidata-nexrad-level2/2024/05/05/KICX/KICX20240505_183710_V06', 's3://unidata-nexrad-level2/2024/05/05/KFSX/KFSX20240505_184129_V06', 's3://unidata-nexrad-level2/2024/05/05/KFSX/KFSX20240505_184129_V06', 's3://unidata-nexrad-level2/2024/05/05/KESX/KESX20240505_183859_V06', 's3://unidata-nexrad-level2/2024/05/05/KGJX/KGJX20240505_183929_V06']"
T,FA50,CLL UUA /OV KTNV045015/TM 1929/FL200/TP FA50/TB SEV/RM ZHU,SEV,,20000.0,30.46679101422328,-95.8552583981636,2024-05-05 19:29:00,5.0,M,"('KHGX', 'KGRK', 'KEWX', 'KLCH', 'KFWS')","['s3://unidata-nexrad-level2/2024/05/05/KHGX/KHGX20240505_192855_V06', 's3://unidata-nexrad-level2/2024/05/05/KGRK/KGRK20240505_192817_V06', 's3://unidata-nexrad-level2/2024/05/05/KEWX/KEWX20240505_192806_V06', 's3://unidata-nexrad-level2/2024/05/05/KLCH/KLCH20240505_192805_V06', 's3://unidata-nexrad-level2/2024/05/05/KFWS/KFWS20240505_192525_V06']"
T,GLF4,FLG UUA /OV FLG010035/TM 2021/FL410/TP GLF4/TB SEV/ SEV MTN WAVE /RM ZAB/FDCS,SEV,,41000.0,35.71479772146998,-111.54833915570966,2024-05-05 20:21:00,5.0,M,"('KFSX', 'KFSX', 'KICX', 'KESX', 'KIWA')","['s3://unidata-nexrad-level2/2024/05/05/KFSX/KFSX20240505_202015_V06', 's3://unidata-nexrad-level2/2024/05/05/KFSX/KFSX20240505_202015_V06', 's3://unidata-nexrad-level2/2024/05/05/KICX/KICX20240505_201651_V06', 's3://unidata-nexrad-level2/2024/05/05/KESX/KESX20240505_201908_V06', 's3://unidata-nexrad-level2/2024/05/05/KIWA/KIWA20240505_202007_V06']"
F,P28A,VNY UA /OV VNY360005/TM 2027/FL035/TP P28A/TB SEV,SEV,,3500.0,34.29306008334008,-118.48917,2024-05-05 20:27:00,5.0,L,"('KVTX', 'KSOX', 'KEYX', 'KVBX', 'KNKX')","['s3://unidata-nexrad-level2/2024/05/05/KVTX/KVTX20240505_202422_V06', 's3://unidata-nexrad-level2/2024/05/05/KSOX/KSOX20240505_202635_V06', 's3://unidata-nexrad-level2/2024/05/05/KEYX/KEYX20240505_202104_V06', 's3://unidata-nexrad-level2/2024/05/05/KVBX/KVBX20240505_202452_V06', 's3://unidata-nexrad-level2/2024/05/05/KNKX/KNKX20240505_202234_V06']"
T,P28A,WHP UUA /OV VNY360005/TM 2027/FL035/TP P28A/TB SEV/RM COR SA-ID AND MSG TYPE. ZLA CWSU,SEV,,3500.0,34.29306008334008,-118.48917,2024-05-05 20:27:00,5.0,L,"('KVTX', 'KSOX', 'KEYX', 'KVBX', 'KNKX')","['s3://unidata-nexrad-level2/2024/05/05/KVTX/KVTX20240505_202422_V06', 's3://unidata-nexrad-level2/2024/05/05/KSOX/KSOX20240505_202635_V06', 's3://unidata-nexrad-level2/2024/05/05/KEYX/KEYX20240505_202104_V06', 's3://unidata-nexrad-level2/2024/05/05/KVBX/KVBX20240505_202452_V06', 's3://unidata-nexrad-level2/2024/05/05/KNKX/KNKX20240505_202234_V06']"
F,B350,EDW UA /OV EDW070005/TM 2135/FL130/TP B350/TB SEV,SEV,,13000.0,34.93392398724875,-117.78824643057496,2024-05-05 21:35:00,5.0,M,"('KEYX', 'KSOX', 'KVTX', 'KHNX', 'KNKX')","['s3://unidata-nexrad-level2/2024/05/05/KEYX/KEYX20240505_213040_V06', 's3://unidata-nexrad-level2/2024/05/05/KSOX/KSOX20240505_213045_V06', 's3://unidata-nexrad-level2/2024/05/05/KVTX/KVTX20240505_213439_V06', 's3://unidata-nexrad-level2/2024/05/05/KHNX/KHNX20240505_213054_V06', 's3://unidata-nexrad-level2/2024/05/05/KNKX/KNKX20240505_213332_V06']"
T,B350,EDW UUA /OV EDW070005/TM 2135/FL130/TP B350/TB SEV/RM COR MSG TYPE. ZLA CWSU,SEV,,13000.0,34.93392398724875,-117.78824643057496,2024-05-05 21:35:00,5.0,M,"('KEYX', 'KSOX', 'KVTX', 'KHNX', 'KNKX')","['s3://unidata-nexrad-level2/2024/05/05/KEYX/KEYX20240505_213040_V06', 's3://unidata-nexrad-level2/2024/05/05/KSOX/KSOX20240505_213045_V06', 's3://unidata-nexrad-level2/2024/05/05/KVTX/KVTX20240505_213439_V06', 's3://unidata-nexrad-level2/2024/05/05/KHNX/KHNX20240505_213054_V06', 's3://unidata-nexrad-level2/2024/05/05/KNKX/KNKX20240505_213332_V06']"
T,F900,DEN UUA /OV DEN095040/TM 2137/FL430/TP F900/TB SEV MTW/RM +-1500FT/.4M.....ZDV,SEV MTW,,43000.0,39.77469146508675,-103.7925840886909,2024-05-05 21:37:00,5.0,M,"('KFTG', 'KPUX', 'KCYS', 'KGLD', 'KLNX')","['s3://unidata-nexrad-level2/2024/05/05/KFTG/KFTG20240505_213034_V06', 's3://unidata-nexrad-level2/2024/05/05/KPUX/KPUX20240505_213518_V06', 's3://unidata-nexrad-level2/2024/05/05/KCYS/KCYS20240505_213511_V06', 's3://unidata-nexrad-level2/2024/05/05/KGLD/KGLD20240505_213231_V06', 's3://unidata-nexrad-level2/2024/05/05/KLNX/KLNX20240505_213624_V06']"
T,LJ55,DEN UUA /OV DEN070040/TM 2137/FL410/TP LJ55/TB SEV MTW/RM +-1500FT/.4M....ZDV,SEV MTW,,41000.0,40.06083189798999,-103.84164030810008,2024-05-05 21:37:00,5.0,M,"('KFTG', 'KCYS', 'KPUX', 'KGLD', 'KLNX')","['s3://unidata-nexrad-level2/2024/05/05/KFTG/KFTG20240505_213034_V06', 's3://unidata-nexrad-level2/2024/05/05/KCYS/KCYS20240505_213511_V06', 's3://unidata-nexrad-level2/2024/05/05/KPUX/KPUX20240505_213518_V06', 's3://unidata-nexrad-level2/2024/05/05/KGLD/KGLD20240505_213231_V06', 's3://unidata-nexrad-level2/2024/05/05/KLNX/KLNX20240505_213624_V06']"
T,B737,BHM UUA /OV VUZ090035/TM 2144/FL390/TP B737/TB SEV CAT/RM +/-50KTS UNABLE TO MAINTN ATL NO DAMAGE OR INJURIES REPORTED ZTLFD-02,SEV CAT,,39000.0,33.67,-86.19902742931797,2024-05-05 21:44:00,5.0,M,"('KMXX', 'KBMX', 'KGWX', 'KHTX', 'KFFC')","['s3://unidata-nexrad-level2/2024/05/05/KMXX/KMXX20240505_214313_V06', 's3://unidata-nexrad-level2/2024/05/05/KBMX/KBMX20240505_213901_V06', 's3://unidata-nexrad-level2/2024/05/05/KGWX/KGWX20240505_214314_V06', 's3://unidata-nexrad-level2/2024/05/05/KHTX/KHTX20240505_214101_V06', 's3://unidata-nexrad-level2/2024/05/05/KFFC/KFFC20240505_214115_V06']"
T,M20T,SBA UUA /OV SBA080020/TM 2145/FL070/TP M20T/TB SEV/RM COR MSG TYPE AND LOCTN. ZLA CWSU,SEV,,7000.0,34.483997414394466,-119.44560615554198,2024-05-05 21:45:00,5.0,L,"('KVTX', 'KVBX', 'KSOX', 'KEYX', 'KHNX')","['s3://unidata-nexrad-level2/2024/05/05/KVTX/KVTX20240505_214146_V06', 's3://unidata-nexrad-level2/2024/05/05/KVBX/KVBX20240505_214130_V06', 's3://unidata-nexrad-level2/2024/05/05/KSOX/KSOX20240505_214417_V06', 's3://unidata-nexrad-level2/2024/05/05/KEYX/KEYX20240505_213922_V06', 's3://unidata-nexrad-level2/2024/05/05/KHNX/KHNX20240505_214445_V06']"
T,B738,LAS UUA /OV LAS190002/TM 2216/FL028/TP B738/TB SEV/RM DURD RWY 1L. COR MSG TYPE. ZLA CWSU,SEV,,2800.0,36.039070415916,-115.17056181321644,2024-05-05 22:16:00,5.0,M,"('KESX', 'KEYX', 'KICX', 'KSOX', 'KYUX')","['s3://unidata-nexrad-level2/2024/05/05/KESX/KESX20240505_221140_V06', 's3://unidata-nexrad-level2/2024/05/05/KEYX/KEYX20240505_221409_V06', 's3://unidata-nexrad-level2/2024/05/05/KICX/KICX20240505_221247_V06', 's3://unidata-nexrad-level2/2024/05/05/KSOX/KSOX20240505_221129_V06', 's3://unidata-nexrad-level2/2024/05/05/KYUX/KYUX20240505_220758_V06']"
F,C172,GYR UA /OV GYR/TM 2237/FL1500/TP C172/WV 23021G27/TB MDT - EXTRM,MDT - EXTRM,,15000.0,33.42235,-112.37358,2024-05-05 22:37:00,7.0,L,"('KIWA', 'KFSX', 'KFSX', 'KYUX', 'KEMX')","['s3://unidata-nexrad-level2/2024/05/05/KIWA/KIWA20240505_223015_V06', 's3://unidata-nexrad-level2/2024/05/05/KFSX/KFSX20240505_223313_V06', 's3://unidata-nexrad-level2/2024/05/05/KFSX/KFSX20240505_223313_V06', 's3://unidata-nexrad-level2/2024/05/05/KYUX/KYUX20240505_223403_V06', 's3://unidata-nexrad-level2/2024/05/05/KEMX/KEMX20240505_223442_V06']"
T,E550,PHX UUA /OV PXR008070/TM 2322/FL170/TP E550/TB SEV/RM ZAB/FDCS,SEV,,17000.0,34.58540632729124,-111.77542817355102,2024-05-05 23:22:00,5.0,U,"('KFSX', 'KFSX', 'KIWA', 'KESX', 'KEMX')","['s3://unidata-nexrad-level2/2024/05/05/KFSX/KFSX20240505_232106_V06', 's3://unidata-nexrad-level2/2024/05/05/KFSX/KFSX20240505_232106_V06', 's3://unidata-nexrad-level2/2024/05/05/KIWA/KIWA20240505_231354_V06', 's3://unidata-nexrad-level2/2024/05/05/KESX/KESX20240505_231820_V06', 's3://unidata-nexrad-level2/2024/05/05/KEMX/KEMX20240505_231551_V06']"
T,BE9L,PUB UUA /OV PUB250025/TM 0208/FL150/TP BE9L/TB SEV/RM FL150-140 DURD. SMOOTH ABOVE AND BELOW...?..ZDV,SEV,,15000.0,38.147480063756255,-104.99721906134856,2024-05-06 02:08:00,5.0,L,"('KPUX', 'KFTG', 'KGJX', 'KGLD', 'KCYS')","['s3://unidata-nexrad-level2/2024/05/06/KPUX/KPUX20240506_020504_V06', 's3://unidata-nexrad-level2/2024/05/06/KFTG/KFTG20240506_020244_V06', 's3://unidata-nexrad-level2/2024/05/06/KGJX/KGJX20240506_020618_V06', 's3://unidata-nexrad-level2/2024/05/06/KGLD/KGLD20240506_020449_V06', 's3://unidata-nexrad-level2/2024/05/06/KCYS/KCYS20240506_020600_V06']"
T,B737,PGA UUA /OV TBC045075/TM 0355/FL250/TP B737/TB SEV/RM 30KT GAIN ZDV,SEV,,25000.0,37.00395507111637,-110.17570388980076,2024-05-06 03:55:00,5.0,M,"('KICX', 'KFSX', 'KFSX', 'KGJX', 'KABX')","['s3://unidata-nexrad-level2/2024/05/06/KICX/KICX20240506_034939_V06', 's3://unidata-nexrad-level2/2024/05/06/KFSX/KFSX20240506_035449_V06', 's3://unidata-nexrad-level2/2024/05/06/KFSX/KFSX20240506_035449_V06', 's3://unidata-nexrad-level2/2024/05/06/KGJX/KGJX20240506_035116_V06', 's3://unidata-nexrad-level2/2024/05/06/KABX/KABX20240506_034836_V06']"
T,PC12,SPA UUA /OV SPA180035/TM 0356/FL110/TP PC12/TB SEV CAT /RM LOST 300FT ZTLFD-31,SEV CAT,,11000.0,34.332341616619416,-81.9565,2024-05-06 03:56:00,5.0,L,"('KGSP', 'KCAE', 'KCLX', 'KJGX', 'KMRX')","['s3://unidata-nexrad-level2/2024/05/06/KGSP/KGSP20240506_035356_V06', 's3://unidata-nexrad-level2/2024/05/06/KCAE/KCAE20240506_035447_V06', 's3://unidata-nexrad-level2/2024/05/06/KCLX/KCLX20240506_035519_V06', 's3://unidata-nexrad-level2/2024/05/06/KJGX/KJGX20240506_035341_V06', 's3://unidata-nexrad-level2/2024/05/06/KMRX/KMRX20240506_035507_V06']"
T,A320,PUB UUA /OV PUB251023/TM 0830/FL350/TP A320/TB SEV ZDV/FD,SEV ZDV,,35000.0,38.16518876522345,-104.96015353154158,2024-05-06 08:30:00,5.0,M,"('KPUX', 'KFTG', 'KGLD', 'KGJX', 'KCYS')","['s3://unidata-nexrad-level2/2024/05/06/KPUX/KPUX20240506_082751_V06', 's3://unidata-nexrad-level2/2024/05/06/KFTG/KFTG20240506_082816_V06', 's3://unidata-nexrad-level2/2024/05/06/KGLD/KGLD20240506_082849_V06', 's3://unidata-nexrad-level2/2024/05/06/KGJX/KGJX20240506_082722_V06', 's3://unidata-nexrad-level2/2024/05/06/KCYS/KCYS20240506_082911_V06']"
T,BE20,CFO UUA /OV CFO/TM 1352/FL065/TP BE20/TB SEV 065/RM SEVER TURBULANCE REPORTED ON FINAL FOR RY 26,SEV 065,,6500.0,39.7841,-104.5376,2024-05-06 13:52:00,5.0,M,"('KFTG', 'KPUX', 'KCYS', 'KGLD', 'KGJX')","['s3://unidata-nexrad-level2/2024/05/06/KFTG/KFTG20240506_134724_V06', 's3://unidata-nexrad-level2/2024/05/06/KPUX/KPUX20240506_134955_V06', 's3://unidata-nexrad-level2/2024/05/06/KCYS/KCYS20240506_135105_V06', 's3://unidata-nexrad-level2/2024/05/06/KGLD/KGLD20240506_134920_V06', 's3://unidata-nexrad-level2/2024/05/06/KGJX/KGJX20240506_134759_V06']"
T,CL60,MSY UUA /OV LEV135075/TM 1523/FL340/TP CL60/TB SEV 340-320/RM ZHU,SEV 340-320,,34000.0,28.296044928883624,-89.0875583009432,2024-05-06 15:23:00,5.0,M,"('KMOB', 'KHDC', 'KLIX', 'KEVX', 'KDGX')","['s3://unidata-nexrad-level2/2024/05/06/KMOB/KMOB20240506_151635_V06', 's3://unidata-nexrad-level2/2024/05/06/KHDC/KHDC20240506_151309_V06', 's3://unidata-nexrad-level2/2024/05/06/KEVX/KEVX20240506_151634_V06', 's3://unidata-nexrad-level2/2024/05/06/KDGX/KDGX20240506_152135_V06']"
T,G280,PUB UUA /OV PUB/TM 1551/FL410/TP G280/TB SEV/RM MOD-SEV MTN WAVE +/-200FT MACH .80-.87. ZDV,SEV,,41000.0,38.29,-104.49833,2024-05-06 15:51:00,5.0,U,"('KPUX', 'KFTG', 'KGLD', 'KCYS', 'KGJX')","['s3://unidata-nexrad-level2/2024/05/06/KPUX/KPUX20240506_154625_V06', 's3://unidata-nexrad-level2/2024/05/06/KFTG/KFTG20240506_154615_V06', 's3://unidata-nexrad-level2/2024/05/06/KGLD/KGLD20240506_154825_V06', 's3://unidata-nexrad-level2/2024/05/06/KCYS/KCYS20240506_153441_V06', 's3://unidata-nexrad-level2/2024/05/06/KGJX/KGJX20240506_154750_V06']"
T,B753,ALS UUA /OV ALS/TM 1621/FL320/TP B753/TB INT SEV/RM +/- 200FPM & +/- 20KT //ZDV/TMU/PP/061638Z,INT SEV,,32000.0,37.43889,-105.86139,2024-05-06 16:21:00,5.0,M,"('KPUX', 'KABX', 'KFTG', 'KGJX', 'KFDX')","['s3://unidata-nexrad-level2/2024/05/06/KPUX/KPUX20240506_161446_V06', 's3://unidata-nexrad-level2/2024/05/06/KABX/KABX20240506_161517_V06', 's3://unidata-nexrad-level2/2024/05/06/KFTG/KFTG20240506_161411_V06', 's3://unidata-nexrad-level2/2024/05/06/KGJX/KGJX20240506_162013_V06', 's3://unidata-nexrad-level2/2024/05/06/KFDX/KFDX20240506_161952_V06']"
T,B753,ALS UUA /OV ALS/TM 1621/FL320/TP B753/TB INT SEV/RM +/- 200FPM,INT SEV,,32000.0,37.43889,-105.86139,2024-05-06 16:21:00,5.0,M,"('KPUX', 'KABX', 'KFTG', 'KGJX', 'KFDX')","['s3://unidata-nexrad-level2/2024/05/06/KPUX/KPUX20240506_161446_V06', 's3://unidata-nexrad-level2/2024/05/06/KABX/KABX20240506_161517_V06', 's3://unidata-nexrad-level2/2024/05/06/KFTG/KFTG20240506_161411_V06', 's3://unidata-nexrad-level2/2024/05/06/KGJX/KGJX20240506_162013_V06', 's3://unidata-nexrad-level2/2024/05/06/KFDX/KFDX20240506_161952_V06']"
F,SR22,LEE UA /OV OCF120020/TM 1705/FL025/TP SR22/TB SEV BLO040,SEV BLO040,,2500.0,28.99695211331984,-81.89039162271959,2024-05-06 17:05:00,5.0,L,"('KTBW', 'KMLB', 'KJAX', 'KVAX', 'KTLH')","['s3://unidata-nexrad-level2/2024/05/06/KTBW/KTBW20240506_170052_V06', 's3://unidata-nexrad-level2/2024/05/06/KMLB/KMLB20240506_170257_V06', 's3://unidata-nexrad-level2/2024/05/06/KJAX/KJAX20240506_170433_V06', 's3://unidata-nexrad-level2/2024/05/06/KTLH/KTLH20240506_170230_V06']"
T,BE55,TRI UUA /OV HMV100015/TM 1714/FL110/TP BE55/TB EXTRM 110/RM NO DAMAGE NO INJURIES ZTLFD-45,EXTRM 110,,11000.0,36.39658443920415,-81.82393634426998,2024-05-06 17:14:00,7.0,L,"('KMRX', 'KFCX', 'KGSP', 'KJKL', 'KRLX')","['s3://unidata-nexrad-level2/2024/05/06/KMRX/KMRX20240506_171049_V06', 's3://unidata-nexrad-level2/2024/05/06/KFCX/KFCX20240506_171009_V06', 's3://unidata-nexrad-level2/2024/05/06/KGSP/KGSP20240506_171108_V06', 's3://unidata-nexrad-level2/2024/05/06/KJKL/KJKL20240506_171044_V06', 's3://unidata-nexrad-level2/2024/05/06/KRLX/KRLX20240506_171354_V06']"
T,BE55,TRI UUA /OV HMV 125017/TM 1716/FL110/TP BE55/TB EXTRM/RM NO INJURIES  NO DAMAGE TO A/C  A/C TURNED AROUND IMMEDIATELY.,EXTRM,,11000.0,36.277473512774826,-81.84147564150679,2024-05-06 17:16:00,7.0,L,"('KMRX', 'KGSP', 'KFCX', 'KJKL', 'KRLX')","['s3://unidata-nexrad-level2/2024/05/06/KMRX/KMRX20240506_171529_V06', 's3://unidata-nexrad-level2/2024/05/06/KGSP/KGSP20240506_171108_V06', 's3://unidata-nexrad-level2/2024/05/06/KFCX/KFCX20240506_171504_V06', 's3://unidata-nexrad-level2/2024/05/06/KJKL/KJKL20240506_171432_V06', 's3://unidata-nexrad-level2/2024/05/06/KRLX/KRLX20240506_171354_V06']"
T,BE55,TRI UUA /OV HMV 125017/TM 1716/FL110/TP BE55/TB EXTRM/RM NO INJURIES  NO DAMAGE TO A/C  A/C TURNED AROUND IMMEDIATELY,EXTRM,,11000.0,36.277473512774826,-81.84147564150679,2024-05-06 17:16:00,7.0,L,"('KMRX', 'KGSP', 'KFCX', 'KJKL', 'KRLX')","['s3://unidata-nexrad-level2/2024/05/06/KMRX/KMRX20240506_171529_V06', 's3://unidata-nexrad-level2/2024/05/06/KGSP/KGSP20240506_171108_V06', 's3://unidata-nexrad-level2/2024/05/06/KFCX/KFCX20240506_171504_V06', 's3://unidata-nexrad-level2/2024/05/06/KJKL/KJKL20240506_171432_V06', 's3://unidata-nexrad-level2/2024/05/06/KRLX/KRLX20240506_171354_V06']"
T,GLEX,PUB UUA /OV PUB190040/TM 1742/FL430/TP GLEX/TB SEV/RM MTN WAVE M.80-.87  +/-200FT. ZDV,SEV,,43000.0,37.633408318320015,-104.64583555565916,2024-05-06 17:42:00,5.0,M,"('KPUX', 'KFTG', 'KGLD', 'KABX', 'KFDX')","['s3://unidata-nexrad-level2/2024/05/06/KPUX/KPUX20240506_173948_V06', 's3://unidata-nexrad-level2/2024/05/06/KFTG/KFTG20240506_173802_V06', 's3://unidata-nexrad-level2/2024/05/06/KGLD/KGLD20240506_174013_V06', 's3://unidata-nexrad-level2/2024/05/06/KABX/KABX20240506_174146_V06', 's3://unidata-nexrad-level2/2024/05/06/KFDX/KFDX20240506_173646_V06']"
T,SR22,SAV UUA /OV SAV320050/TM 1955/FL150/TP SR22/TB SEV,SEV,,15000.0,32.76978958731743,-81.83489579908179,2024-05-06 19:55:00,5.0,L,"('KCLX', 'KJGX', 'KCAE', 'KVAX', 'KGSP')","['s3://unidata-nexrad-level2/2024/05/06/KCLX/KCLX20240506_195350_V06', 's3://unidata-nexrad-level2/2024/05/06/KJGX/KJGX20240506_195046_V06', 's3://unidata-nexrad-level2/2024/05/06/KCAE/KCAE20240506_195241_V06', 's3://unidata-nexrad-level2/2024/05/06/KGSP/KGSP20240506_195357_V06']"
F,LJ60,ILM UA /OV ILM269230/TM 2020/FL390/TP LJ60/TB SEV/RM GAIN 300FT,SEV,,39000.0,34.20309368967946,-82.53830020943818,2024-05-06 20:20:00,5.0,M,"('KCAE', 'KGSP', 'KMRX', 'KJGX', 'KFFC')","['s3://unidata-nexrad-level2/2024/05/06/KCAE/KCAE20240506_201855_V06', 's3://unidata-nexrad-level2/2024/05/06/KGSP/KGSP20240506_201515_V06', 's3://unidata-nexrad-level2/2024/05/06/KMRX/KMRX20240506_201859_V06', 's3://unidata-nexrad-level2/2024/05/06/KJGX/KJGX20240506_201744_V06', 's3://unidata-nexrad-level2/2024/05/06/KFFC/KFFC20240506_201843_V06']"
T,SF50,P28 UUA /OV ANY250050/TM 2048/FL230/TP SF50/TB SEV/RM ZKC FDC,SEV,,23000.0,36.86496012751251,-99.05254000698072,2024-05-06 20:48:00,5.0,U,"('KVNX', 'KDDC', 'KICT', 'KOUN', 'KTLX')","['s3://unidata-nexrad-level2/2024/05/06/KVNX/KVNX20240506_204658_V06', 's3://unidata-nexrad-level2/2024/05/06/KDDC/KDDC20240506_204439_V06', 's3://unidata-nexrad-level2/2024/05/06/KICT/KICT20240506_204639_V06', 's3://unidata-nexrad-level2/2024/05/06/KTLX/KTLX20240506_204649_V06']"
T,BE20,GAG UUA /OV MMB/TM 2050/FL220/TP BE20/TB SEV/RM ZKC FDC,SEV,,22000.0,36.34,-99.88,2024-05-06 20:50:00,5.0,M,"('KDDC', 'KVNX', 'KAMA', 'KFDR', 'KOUN')","['s3://unidata-nexrad-level2/2024/05/06/KDDC/KDDC20240506_204439_V06', 's3://unidata-nexrad-level2/2024/05/06/KVNX/KVNX20240506_204658_V06', 's3://unidata-nexrad-level2/2024/05/06/KAMA/KAMA20240506_204748_V06', 's3://unidata-nexrad-level2/2024/05/06/KFDR/KFDR20240506_204658_V06']"
T,SF50,GAG UUA /OV MMB250050/TM 2058/FL230/TP SF50/TB SEV/RM ZKC FDC,SEV,,23000.0,36.05496012751252,-100.85222376312468,2024-05-06 20:58:00,5.0,U,"('KAMA', 'KDDC', 'KFDR', 'KVNX', 'KLBB')","['s3://unidata-nexrad-level2/2024/05/06/KAMA/KAMA20240506_205740_V06', 's3://unidata-nexrad-level2/2024/05/06/KDDC/KDDC20240506_205632_V06', 's3://unidata-nexrad-level2/2024/05/06/KFDR/KFDR20240506_205655_V06', 's3://unidata-nexrad-level2/2024/05/06/KVNX/KVNX20240506_205630_V06', 's3://unidata-nexrad-level2/2024/05/06/KLBB/KLBB20240506_205709_V06']"
T,C172,PRC UUA /OV PRC/TM 2110/FL001/TP C172/TB SEV/RM SEV TURB ON SHORT FINAL RY03R.,SEV,,100.0,34.65,-112.42,2024-05-06 21:10:00,5.0,L,"('KFSX', 'KFSX', 'KIWA', 'KESX', 'KICX')","['s3://unidata-nexrad-level2/2024/05/06/KFSX/KFSX20240506_210800_V06', 's3://unidata-nexrad-level2/2024/05/06/KFSX/KFSX20240506_210800_V06', 's3://unidata-nexrad-level2/2024/05/06/KIWA/KIWA20240506_210442_V06', 's3://unidata-nexrad-level2/2024/05/06/KESX/KESX20240506_210650_V06', 's3://unidata-nexrad-level2/2024/05/06/KICX/KICX20240506_210949_V06']"
T,C172,PRC UUA /OV PRC/TM 2110/FL001/TP C172/TB SEV/RM SEV TURB ON SHORT FINAL RY03R,SEV,,100.0,34.65,-112.42,2024-05-06 21:10:00,5.0,L,"('KFSX', 'KFSX', 'KIWA', 'KESX', 'KICX')","['s3://unidata-nexrad-level2/2024/05/06/KFSX/KFSX20240506_210800_V06', 's3://unidata-nexrad-level2/2024/05/06/KFSX/KFSX20240506_210800_V06', 's3://unidata-nexrad-level2/2024/05/06/KIWA/KIWA20240506_210442_V06', 's3://unidata-nexrad-level2/2024/05/06/KESX/KESX20240506_210650_V06', 's3://unidata-nexrad-level2/2024/05/06/KICX/KICX20240506_210949_V06']"
T,C68A,GAG UUA /OV MMB070040/TM 0224/FL360/TP C68A/TB SEV/RM ZKC FDC,SEV,,36000.0,36.56803189798999,-99.10222098950024,2024-05-07 02:24:00,5.0,U,"('KVNX', 'KOUN', 'KTLX', 'KDDC', 'KFDR')","['s3://unidata-nexrad-level2/2024/05/07/KVNX/KVNX20240507_021858_V06', 's3://unidata-nexrad-level2/2024/05/07/KTLX/KTLX20240507_021815_V06', 's3://unidata-nexrad-level2/2024/05/07/KDDC/KDDC20240507_022349_V06', 's3://unidata-nexrad-level2/2024/05/07/KFDR/KFDR20240507_022329_V06']"
T,C68A,GAG UUA /OV MMB070040/TM 0224/FL360/TP C68A/TB SEV 340-390/RM ZKC FDC,SEV 340-390,,36000.0,36.56803189798999,-99.10222098950024,2024-05-07 02:24:00,5.0,U,"('KVNX', 'KOUN', 'KTLX', 'KDDC', 'KFDR')","['s3://unidata-nexrad-level2/2024/05/07/KVNX/KVNX20240507_021858_V06', 's3://unidata-nexrad-level2/2024/05/07/KTLX/KTLX20240507_021815_V06', 's3://unidata-nexrad-level2/2024/05/07/KDDC/KDDC20240507_022349_V06', 's3://unidata-nexrad-level2/2024/05/07/KFDR/KFDR20240507_022329_V06']"
T,B737,DEN UUA /OV FQF288040/TM 0245/FL190/TP B737/TB SEV/RM DURC FL190-220 ZDV,SEV,,19000.0,39.89602801651768,-105.44401552473444,2024-05-07 02:45:00,5.0,M,"('KFTG', 'KCYS', 'KPUX', 'KGJX', 'KGLD')","['s3://unidata-nexrad-level2/2024/05/07/KFTG/KFTG20240507_023804_V06', 's3://unidata-nexrad-level2/2024/05/07/KCYS/KCYS20240507_024411_V06', 's3://unidata-nexrad-level2/2024/05/07/KPUX/KPUX20240507_024250_V06', 's3://unidata-nexrad-level2/2024/05/07/KGJX/KGJX20240507_024346_V06', 's3://unidata-nexrad-level2/2024/05/07/KGLD/KGLD20240507_024320_V06']"
T,E75L,OKM UUA /OV OKM135025/TM 0345/FL270/TP E75L/TB SEV 260-290/RM ZFW,SEV 260-290,,27000.0,35.375348309627874,-95.58730219641107,2024-05-07 03:45:00,5.0,U,"('KINX', 'KSRX', 'KOUN', 'KTLX', 'KVNX')","['s3://unidata-nexrad-level2/2024/05/07/KINX/KINX20240507_034309_V06', 's3://unidata-nexrad-level2/2024/05/07/KSRX/KSRX20240507_034224_V06', 's3://unidata-nexrad-level2/2024/05/07/KTLX/KTLX20240507_034258_V06', 's3://unidata-nexrad-level2/2024/05/07/KVNX/KVNX20240507_033829_V06']"
T,B738,END UUA /OV END260015/TM 0508/FL370/TP B738/TB SEV CAT/RM ZKC FDC,SEV CAT,,37000.0,36.29575443920415,-98.22216696234044,2024-05-07 05:08:00,5.0,M,"('KVNX', 'KOUN', 'KTLX', 'KICT', 'KDDC')","['s3://unidata-nexrad-level2/2024/05/07/KVNX/KVNX20240507_050558_V06', 's3://unidata-nexrad-level2/2024/05/07/KTLX/KTLX20240507_050636_V06', 's3://unidata-nexrad-level2/2024/05/07/KICT/KICT20240507_050710_V06', 's3://unidata-nexrad-level2/2024/05/07/KDDC/KDDC20240507_050327_V06']"
T,BE9L,LAR UUA /OV LAR/TM 1334/FL170/TP BE9L/TB CONS SEV 160-170,CONS SEV 160-170,,17000.0,41.31206,-105.675,2024-05-07 13:34:00,5.0,L,"('KCYS', 'KFTG', 'KRIW', 'KGJX', 'KPUX')","['s3://unidata-nexrad-level2/2024/05/07/KCYS/KCYS20240507_132835_V06', 's3://unidata-nexrad-level2/2024/05/07/KFTG/KFTG20240507_132902_V06', 's3://unidata-nexrad-level2/2024/05/07/KRIW/KRIW20240507_132905_V06', 's3://unidata-nexrad-level2/2024/05/07/KGJX/KGJX20240507_133020_V06', 's3://unidata-nexrad-level2/2024/05/07/KPUX/KPUX20240507_133144_V06']"
T,A21N,AKO UUA /OV AKO105040/TM 1356/FL238/TP A21N/TB SEV MTN WV +/- 15 KTS,SEV MTN WV +,,23800.0,40.00306999368924,-102.37917228734572,2024-05-07 13:56:00,5.0,U,"('KGLD', 'KFTG', 'KPUX', 'KCYS', 'KLNX')","['s3://unidata-nexrad-level2/2024/05/07/KGLD/KGLD20240507_135320_V06', 's3://unidata-nexrad-level2/2024/05/07/KFTG/KFTG20240507_135001_V06', 's3://unidata-nexrad-level2/2024/05/07/KPUX/KPUX20240507_135259_V06', 's3://unidata-nexrad-level2/2024/05/07/KCYS/KCYS20240507_134941_V06', 's3://unidata-nexrad-level2/2024/05/07/KLNX/KLNX20240507_135227_V06']"
T,BE20,EKM UUA /OV EKM/TM 1605/FL050/TP BE20/SK OVC025/TB SEV 025-035/RM DURC,SEV 025-035,,5000.0,41.72,-86.0,2024-05-07 16:05:00,5.0,M,"('KIWX', 'KGRR', 'KLOT', 'KIND', 'KDTX')","['s3://unidata-nexrad-level2/2024/05/07/KIWX/KIWX20240507_160334_V06', 's3://unidata-nexrad-level2/2024/05/07/KGRR/KGRR20240507_160248_V06', 's3://unidata-nexrad-level2/2024/05/07/KLOT/KLOT20240507_160105_V06', 's3://unidata-nexrad-level2/2024/05/07/KIND/KIND20240507_160118_V06', 's3://unidata-nexrad-level2/2024/05/07/KDTX/KDTX20240507_160056_V06']"
T,AEST,JAC UUA /OV JAC041070/TM 1643/FL180/TP AEST/TB SEV/RM 5 MIN OF SEV TB 170-190 /ZLC,SEV,,18000.0,44.49337583038656,-109.6797447974345,2024-05-07 16:43:00,5.0,L,"('KBLX', 'KRIW', 'KSFX', 'KTFX', 'KMTX')","['s3://unidata-nexrad-level2/2024/05/07/KBLX/KBLX20240507_164240_V06', 's3://unidata-nexrad-level2/2024/05/07/KRIW/KRIW20240507_163653_V06', 's3://unidata-nexrad-level2/2024/05/07/KSFX/KSFX20240507_163824_V06', 's3://unidata-nexrad-level2/2024/05/07/KTFX/KTFX20240507_164133_V06', 's3://unidata-nexrad-level2/2024/05/07/KMTX/KMTX20240507_163943_V06']"
T,C172,ABI UUA /OV 18W ABIA/TM 1826/FL055/TP C172/TB EXTRM CAT 055/RM REPORTED AS EXTREME CLEAR AIR TURBULENCE,EXTRM CAT 055,,5500.0,32.41062851,-99.68208563,2024-05-07 18:26:00,7.0,L,"('KDYX', 'KSJT', 'KFWS', 'KFDR', 'KLBB')","['s3://unidata-nexrad-level2/2024/05/07/KDYX/KDYX20240507_185037_V06', 's3://unidata-nexrad-level2/2024/05/07/KSJT/KSJT20240507_182211_V06', 's3://unidata-nexrad-level2/2024/05/07/KFWS/KFWS20240507_182329_V06', 's3://unidata-nexrad-level2/2024/05/07/KFDR/KFDR20240507_182133_V06', 's3://unidata-nexrad-level2/2024/05/07/KLBB/KLBB20240507_182520_V06']"
T,E55P,HLC UUA /OV HLC263099/TM 1905/FL430/TP E55P/TB SEV,SEV,,43000.0,39.17445929552748,-101.9485101593863,2024-05-07 19:05:00,5.0,U,"('KGLD', 'KPUX', 'KFTG', 'KDDC', 'KUEX')","['s3://unidata-nexrad-level2/2024/05/07/KGLD/KGLD20240507_185950_V06', 's3://unidata-nexrad-level2/2024/05/07/KPUX/KPUX20240507_185837_V06', 's3://unidata-nexrad-level2/2024/05/07/KFTG/KFTG20240507_185850_V06', 's3://unidata-nexrad-level2/2024/05/07/KDDC/KDDC20240507_190018_V06', 's3://unidata-nexrad-level2/2024/05/07/KUEX/KUEX20240507_190428_V06']"
T,CL35,HYS UUA /OV 20 S HYS/TM 1950/FL400/TP CL35/TB SEV/RM ZKCFDC,SEV,,40000.0,38.50885966663967,-99.27317,2024-05-07 19:50:00,5.0,U,"('KDDC', 'KICT', 'KTWX', 'KUEX', 'KVNX')","['s3://unidata-nexrad-level2/2024/05/07/KDDC/KDDC20240507_194333_V06', 's3://unidata-nexrad-level2/2024/05/07/KICT/KICT20240507_194748_V06', 's3://unidata-nexrad-level2/2024/05/07/KTWX/KTWX20240507_194451_V06', 's3://unidata-nexrad-level2/2024/05/07/KUEX/KUEX20240507_194631_V06', 's3://unidata-nexrad-level2/2024/05/07/KVNX/KVNX20240507_194650_V06']"
T,P28A,OAK UUA /OV OAK043017/TM 0010/FL055/TP P28A/TB SEV,SEV,,5500.0,37.92851366670967,-121.97640974535064,2024-05-08 00:10:00,5.0,L,"('KDAX', 'KMUX', 'KBBX', 'KHNX', 'KRGX')","['s3://unidata-nexrad-level2/2024/05/08/KDAX/KDAX20240508_000321_V06', 's3://unidata-nexrad-level2/2024/05/08/KMUX/KMUX20240508_000550_V06', 's3://unidata-nexrad-level2/2024/05/08/KBBX/KBBX20240508_000902_V06', 's3://unidata-nexrad-level2/2024/05/08/KHNX/KHNX20240508_000802_V06', 's3://unidata-nexrad-level2/2024/05/08/KRGX/KRGX20240508_000124_V06']"
T,B767,CNK UUA /OV TKO230025/TM 0452/FL310/TP B767/TB SEV/RM A/C OUT OF CONTROL GAINED 1000FT /ZKCFDC,SEV,,31000.0,39.53215013519375,-98.63548598773232,2024-05-08 04:52:00,5.0,H,"('KUEX', 'KTWX', 'KICT', 'KDDC', 'KGLD')","['s3://unidata-nexrad-level2/2024/05/08/KUEX/KUEX20240508_045142_V06', 's3://unidata-nexrad-level2/2024/05/08/KTWX/KTWX20240508_045151_V06', 's3://unidata-nexrad-level2/2024/05/08/KICT/KICT20240508_044626_V06', 's3://unidata-nexrad-level2/2024/05/08/KDDC/KDDC20240508_044546_V06', 's3://unidata-nexrad-level2/2024/05/08/KGLD/KGLD20240508_044616_V06']"
T,B763,SDF UUA /OV FRIZN/TM 0551/FL110/TP B763/TB SEV,SEV,,11000.0,39.0526411,-96.7644875,2024-05-08 05:51:00,5.0,H,"('KTWX', 'KICT', 'KUEX', 'KEAX', 'KOAX')","['s3://unidata-nexrad-level2/2024/05/08/KTWX/KTWX20240508_055047_V06', 's3://unidata-nexrad-level2/2024/05/08/KICT/KICT20240508_054657_V06', 's3://unidata-nexrad-level2/2024/05/08/KUEX/KUEX20240508_054839_V06', 's3://unidata-nexrad-level2/2024/05/08/KEAX/KEAX20240508_054933_V06', 's3://unidata-nexrad-level2/2024/05/08/KOAX/KOAX20240508_054815_V06']"
T,A21N,BIV UUA /OV PMM/TM 0928/FL380/TP A21N/TB SEV/RM DESCENSED T O340 WITH MUCH IMPROVEMENT OUT OF 350,SEV,,38000.0,42.47,-86.11,2024-05-08 09:28:00,5.0,U,"('KIWX', 'KGRR', 'KLOT', 'KMKX', 'KDTX')","['s3://unidata-nexrad-level2/2024/05/08/KIWX/KIWX20240508_092154_V06', 's3://unidata-nexrad-level2/2024/05/08/KGRR/KGRR20240508_092237_V06', 's3://unidata-nexrad-level2/2024/05/08/KLOT/KLOT20240508_092605_V06', 's3://unidata-nexrad-level2/2024/05/08/KMKX/KMKX20240508_092705_V06', 's3://unidata-nexrad-level2/2024/05/08/KDTX/KDTX20240508_092344_V06']"
T,CRJ7,ALB UUA /OV ALB180015/TM 1136/FL120/TP CRJ7/TB SEV,SEV,,12000.0,42.50754974997975,-73.80361,2024-05-08 11:36:00,5.0,M,"('KENX', 'KBGM', 'KOKX', 'KTYX', 'KCXX')","['s3://unidata-nexrad-level2/2024/05/08/KENX/KENX20240508_113211_V06', 's3://unidata-nexrad-level2/2024/05/08/KBGM/KBGM20240508_113256_V06', 's3://unidata-nexrad-level2/2024/05/08/KOKX/KOKX20240508_113110_V06', 's3://unidata-nexrad-level2/2024/05/08/KTYX/KTYX20240508_113146_V06', 's3://unidata-nexrad-level2/2024/05/08/KCXX/KCXX20240508_113123_V06']"
T,B350,SWF UUA /OV SWF360005/TM 1637/FL075/TP B350/TB SEV/RM SMOOTH BELOW 068,SEV,,7500.0,41.58745008334008,-74.10483,2024-05-08 16:37:00,5.0,M,"('KENX', 'KOKX', 'KBGM', 'KDIX', 'KTYX')","['s3://unidata-nexrad-level2/2024/05/08/KENX/KENX20240508_163646_V06', 's3://unidata-nexrad-level2/2024/05/08/KOKX/KOKX20240508_163347_V06', 's3://unidata-nexrad-level2/2024/05/08/KBGM/KBGM20240508_163417_V06', 's3://unidata-nexrad-level2/2024/05/08/KDIX/KDIX20240508_163650_V06', 's3://unidata-nexrad-level2/2024/05/08/KTYX/KTYX20240508_163630_V06']"
T,C310,MRY UUA /OV MRY017021/TM 1743/FL050/TP C310/TB SEV/RM DURC,SEV,,5000.0,36.925105725854,-121.72133712669591,2024-05-08 17:43:00,5.0,L,"('KMUX', 'KDAX', 'KHNX', 'KVBX', 'KBBX')","['s3://unidata-nexrad-level2/2024/05/08/KMUX/KMUX20240508_173512_V06', 's3://unidata-nexrad-level2/2024/05/08/KDAX/KDAX20240508_174202_V06', 's3://unidata-nexrad-level2/2024/05/08/KHNX/KHNX20240508_174011_V06', 's3://unidata-nexrad-level2/2024/05/08/KVBX/KVBX20240508_173414_V06', 's3://unidata-nexrad-level2/2024/05/08/KBBX/KBBX20240508_171334_V06']"
T,PC12,LVS UUA /OV FTI045050/TM 1814/FL175/TP PC12/TB SEV CAT/RM ZAB/FDCS,SEV CAT,,17500.0,36.24930338074424,-104.4146952451328,2024-05-08 18:14:00,5.0,L,"('KFDX', 'KPUX', 'KABX', 'KAMA', 'KLBB')","['s3://unidata-nexrad-level2/2024/05/08/KFDX/KFDX20240508_181341_V06', 's3://unidata-nexrad-level2/2024/05/08/KPUX/KPUX20240508_180704_V06', 's3://unidata-nexrad-level2/2024/05/08/KABX/KABX20240508_181219_V06', 's3://unidata-nexrad-level2/2024/05/08/KAMA/KAMA20240508_181008_V06', 's3://unidata-nexrad-level2/2024/05/08/KLBB/KLBB20240508_181316_V06']"
T,C68A,SAF UUA /OV SAF270008/TM 2028/FL077/TP C68A/TB SEV TURB BTW 077-080 /RM CUPS AND OBJECTS MOVED IN CABIN  NO INJURIES,SEV TURB BTW 077-080,,7700.0,35.61711,-106.25344967516428,2024-05-08 20:28:00,5.0,U,"('KABX', 'KFDX', 'KHDX', 'KPUX', 'KEPZ')","['s3://unidata-nexrad-level2/2024/05/08/KABX/KABX20240508_202654_V06', 's3://unidata-nexrad-level2/2024/05/08/KFDX/KFDX20240508_202127_V06', 's3://unidata-nexrad-level2/2024/05/08/KHDX/KHDX20240508_202208_V06', 's3://unidata-nexrad-level2/2024/05/08/KPUX/KPUX20240508_202448_V06', 's3://unidata-nexrad-level2/2024/05/08/KEPZ/KEPZ20240508_202331_V06']"
T,C68A,SAF UUA /OV SAF270008/TM 2028/FL077/TP C68A/TB SEV TURB BTWN 077-080/RM OBJECTS MOVED IN CABIN  NO INJURIES ZAB FDCS,SEV TURB BTWN 077-080,,7700.0,35.61711,-106.25344967516428,2024-05-08 20:28:00,5.0,U,"('KABX', 'KFDX', 'KHDX', 'KPUX', 'KEPZ')","['s3://unidata-nexrad-level2/2024/05/08/KABX/KABX20240508_202654_V06', 's3://unidata-nexrad-level2/2024/05/08/KFDX/KFDX20240508_202127_V06', 's3://unidata-nexrad-level2/2024/05/08/KHDX/KHDX20240508_202208_V06', 's3://unidata-nexrad-level2/2024/05/08/KPUX/KPUX20240508_202448_V06', 's3://unidata-nexrad-level2/2024/05/08/KEPZ/KEPZ20240508_202331_V06']"
T,DH8D,BOS UUA /OV BOS360008/TM 2045/FL030/TP DH8D/TB SEV TURB/RM NO DAMAGE  NEG INJURIES,SEV TURB,,3000.0,42.49391413334413,-71.00973,2024-05-08 20:45:00,5.0,M,"('KBOX', 'KGYX', 'KOKX', 'KENX', 'KCXX')","['s3://unidata-nexrad-level2/2024/05/08/KBOX/KBOX20240508_204437_V06', 's3://unidata-nexrad-level2/2024/05/08/KGYX/KGYX20240508_204422_V06', 's3://unidata-nexrad-level2/2024/05/08/KOKX/KOKX20240508_204200_V06', 's3://unidata-nexrad-level2/2024/05/08/KENX/KENX20240508_204342_V06', 's3://unidata-nexrad-level2/2024/05/08/KCXX/KCXX20240508_204205_V06']"
T,E170,ILM UUA /OV ILM270045/TM 2104/FL340/TP E170/TB SEV-EXTRM,SEV-EXTRM,,34000.0,34.27,-78.80763175595055,2024-05-08 21:04:00,6.0,U,"('KLTX', 'KCAE', 'KRAX', 'KMHX', 'KGSP')","['s3://unidata-nexrad-level2/2024/05/08/KLTX/KLTX20240508_210007_V06', 's3://unidata-nexrad-level2/2024/05/08/KCAE/KCAE20240508_210026_V06', 's3://unidata-nexrad-level2/2024/05/08/KRAX/KRAX20240508_210320_V06', 's3://unidata-nexrad-level2/2024/05/08/KMHX/KMHX20240508_210158_V06', 's3://unidata-nexrad-level2/2024/05/08/KGSP/KGSP20240508_205904_V06']"
T,E170,ILM UUA /OV ELLDE/TM 2105/FL340/TP E170/TB SEV-EXTREME,SEV-EXTREME,,34000.0,34.65,-86.78,2024-05-08 21:05:00,5.0,U,"('KHTX', 'KOHX', 'KBMX', 'KGWX', 'KHPX')","['s3://unidata-nexrad-level2/2024/05/08/KHTX/KHTX20240508_210357_V06', 's3://unidata-nexrad-level2/2024/05/08/KOHX/KOHX20240508_210032_V06', 's3://unidata-nexrad-level2/2024/05/08/KBMX/KBMX20240508_210118_V06', 's3://unidata-nexrad-level2/2024/05/08/KGWX/KGWX20240508_210050_V06', 's3://unidata-nexrad-level2/2024/05/08/KHPX/KHPX20240508_210434_V06']"
T,GLF6,BOS UUA /OV BOS050010/TM 2114/FL055/TP GLF6/TB SEV,SEV,,5500.0,42.4677099459225,-70.83693111503108,2024-05-08 21:14:00,5.0,U,"('KBOX', 'KGYX', 'KOKX', 'KENX', 'KCXX')","['s3://unidata-nexrad-level2/2024/05/08/KBOX/KBOX20240508_211023_V06', 's3://unidata-nexrad-level2/2024/05/08/KGYX/KGYX20240508_211122_V06', 's3://unidata-nexrad-level2/2024/05/08/KOKX/KOKX20240508_211346_V06', 's3://unidata-nexrad-level2/2024/05/08/KENX/KENX20240508_211118_V06', 's3://unidata-nexrad-level2/2024/05/08/KCXX/KCXX20240508_211242_V06']"
T,GFL6,LWM UUA /OV LWM/TM 2117/FL140/TP GFL6/TB SEV CAT 140/RM NO DAMAGE NO INJURY HYLND SID KBOS DEPT,SEV CAT 140,,14000.0,42.71719,-71.12342,2024-05-08 21:17:00,5.0,U,"('KBOX', 'KGYX', 'KENX', 'KOKX', 'KCXX')","['s3://unidata-nexrad-level2/2024/05/08/KBOX/KBOX20240508_211658_V06', 's3://unidata-nexrad-level2/2024/05/08/KGYX/KGYX20240508_211548_V06', 's3://unidata-nexrad-level2/2024/05/08/KENX/KENX20240508_211527_V06', 's3://unidata-nexrad-level2/2024/05/08/KOKX/KOKX20240508_211346_V06', 's3://unidata-nexrad-level2/2024/05/08/KCXX/KCXX20240508_211242_V06']"
F,C510,SFZ UA /OV PUT/TM 2237/FL390/TP C510/TB SEV 190/RM OVER MERIT,SEV 190,,39000.0,41.96,-71.84,2024-05-08 22:37:00,5.0,U,"('KBOX', 'KOKX', 'KENX', 'KDIX', 'KGYX')","['s3://unidata-nexrad-level2/2024/05/08/KBOX/KBOX20240508_223535_V06', 's3://unidata-nexrad-level2/2024/05/08/KOKX/KOKX20240508_223346_V06', 's3://unidata-nexrad-level2/2024/05/08/KENX/KENX20240508_223345_V06', 's3://unidata-nexrad-level2/2024/05/08/KDIX/KDIX20240508_223443_V06', 's3://unidata-nexrad-level2/2024/05/08/KGYX/KGYX20240508_223239_V06']"
T,B737,CHA UUA /OV GQO/TM 0102/FL320/TP B737/TB SEV/RM NO DAMAGE OR INJURIES ZTLFD-37,SEV,,32000.0,34.96,-85.15,2024-05-09 01:02:00,5.0,M,"('KHTX', 'KOHX', 'KFFC', 'KGSP', 'KMRX')","['s3://unidata-nexrad-level2/2024/05/09/KHTX/KHTX20240509_005539_V06', 's3://unidata-nexrad-level2/2024/05/09/KOHX/KOHX20240509_010018_V06', 's3://unidata-nexrad-level2/2024/05/09/KFFC/KFFC20240509_010142_V06', 's3://unidata-nexrad-level2/2024/05/09/KGSP/KGSP20240509_005744_V06', 's3://unidata-nexrad-level2/2024/05/09/KMRX/KMRX20240509_005831_V06']"
F,B777,UUA /OV 4237N06700W /TM 0244 /FL350 /TP B777 /TB SEV /RM FL370SMOOTH RIDE,SEV,,35000.0,42.6166,-67.0,2024-05-09 02:44:00,5.0,H,"('KGYX', 'KBOX', 'KCBW', 'KOKX', 'KCXX')","['s3://unidata-nexrad-level2/2024/05/09/KGYX/KGYX20240509_024052_V06', 's3://unidata-nexrad-level2/2024/05/09/KBOX/KBOX20240509_024115_V06', 's3://unidata-nexrad-level2/2024/05/09/KCBW/KCBW20240509_023802_V06', 's3://unidata-nexrad-level2/2024/05/09/KOKX/KOKX20240509_024305_V06', 's3://unidata-nexrad-level2/2024/05/09/KCXX/KCXX20240509_024228_V06']"
T,B777,PVC UUA /OV LFV090090/TM 0246/FL350/TP B777/TB SEV,SEV,,35000.0,42.02,-68.02075263798503,2024-05-09 02:46:00,5.0,H,"('KBOX', 'KGYX', 'KCBW', 'KOKX', 'KCXX')","['s3://unidata-nexrad-level2/2024/05/09/KBOX/KBOX20240509_024115_V06', 's3://unidata-nexrad-level2/2024/05/09/KGYX/KGYX20240509_024530_V06', 's3://unidata-nexrad-level2/2024/05/09/KCBW/KCBW20240509_024405_V06', 's3://unidata-nexrad-level2/2024/05/09/KOKX/KOKX20240509_024305_V06', 's3://unidata-nexrad-level2/2024/05/09/KCXX/KCXX20240509_024228_V06']"
T,B38M,BNA UUA /OV BNA270050/TM 0426/FL230/TP B38M/TB CONS SEV 230/RM ZME,CONS SEV 230,,23000.0,36.11889,-87.72086768142279,2024-05-09 04:26:00,5.0,U,"('KHPX', 'KOHX', 'KPAH', 'KHTX', 'KNQA')","['s3://unidata-nexrad-level2/2024/05/09/KHPX/KHPX20240509_042501_V06', 's3://unidata-nexrad-level2/2024/05/09/KOHX/KOHX20240509_042024_V06', 's3://unidata-nexrad-level2/2024/05/09/KPAH/KPAH20240509_042132_V06', 's3://unidata-nexrad-level2/2024/05/09/KHTX/KHTX20240509_042051_V06', 's3://unidata-nexrad-level2/2024/05/09/KNQA/KNQA20240509_042310_V06']"
T,A332,GRR UUA /OV VIO130020/TM 0828/FL410/TP A332/TB OCNL SEV/RM ZOB,OCNL SEV,,41000.0,42.88210929,-85.5229853,2024-05-09 08:28:00,5.0,H,"('KGRR', 'KDTX', 'KIWX', 'KAPX', 'KMKX')","['s3://unidata-nexrad-level2/2024/05/09/KGRR/KGRR20240509_082427_V06', 's3://unidata-nexrad-level2/2024/05/09/KDTX/KDTX20240509_082218_V06', 's3://unidata-nexrad-level2/2024/05/09/KIWX/KIWX20240509_082712_V06', 's3://unidata-nexrad-level2/2024/05/09/KAPX/KAPX20240509_082644_V06', 's3://unidata-nexrad-level2/2024/05/09/KMKX/KMKX20240509_082324_V06']"
T,C56X,GRR UUA /OV VIO180020/TM 1125/FL395/TP C56X/TB MDT-SEV TURB/RM NO DAM/NO INJ ZOB,MDT-SEV TURB,,39500.0,42.88210929,-85.5229853,2024-05-09 11:25:00,5.0,M,"('KGRR', 'KDTX', 'KIWX', 'KAPX', 'KGRB')","['s3://unidata-nexrad-level2/2024/05/09/KGRR/KGRR20240509_112250_V06', 's3://unidata-nexrad-level2/2024/05/09/KDTX/KDTX20240509_112452_V06', 's3://unidata-nexrad-level2/2024/05/09/KIWX/KIWX20240509_112404_V06', 's3://unidata-nexrad-level2/2024/05/09/KAPX/KAPX20240509_112448_V06', 's3://unidata-nexrad-level2/2024/05/09/KGRB/KGRB20240509_112255_V06']"
T,C56X,BIV UUA /OV PMM090020/TM 1126/FL410/TP C56X/TB SEV 410-400,SEV 410-400,,41000.0,42.47,-85.65806624838172,2024-05-09 11:26:00,5.0,M,"('KGRR', 'KIWX', 'KMKX', 'KDTX', 'KAPX')","['s3://unidata-nexrad-level2/2024/05/09/KGRR/KGRR20240509_112250_V06', 's3://unidata-nexrad-level2/2024/05/09/KIWX/KIWX20240509_112404_V06', 's3://unidata-nexrad-level2/2024/05/09/KMKX/KMKX20240509_112030_V06', 's3://unidata-nexrad-level2/2024/05/09/KDTX/KDTX20240509_112452_V06', 's3://unidata-nexrad-level2/2024/05/09/KAPX/KAPX20240509_112448_V06']"
T,CRUZ,SLC UUA /OV TCH060004/TM 1622/FL065/TP CRUZ/TB SEV/RM /ZLC,SEV,,6500.0,40.88333603333604,-111.90366759721424,2024-05-09 16:22:00,5.0,U,"('KMTX', 'KSFX', 'KRIW', 'KGJX', 'KICX')","['s3://unidata-nexrad-level2/2024/05/09/KMTX/KMTX20240509_162009_V06', 's3://unidata-nexrad-level2/2024/05/09/KRIW/KRIW20240509_161809_V06', 's3://unidata-nexrad-level2/2024/05/09/KGJX/KGJX20240509_162001_V06', 's3://unidata-nexrad-level2/2024/05/09/KICX/KICX20240509_161751_V06']"
T,E170,SAV UUA /OV SAV045045/TM 1838/FL180/TP E170/TB SEV CAT/RM DURC,SEV CAT,,18000.0,32.66174055266982,-80.5759988835207,2024-05-09 18:38:00,5.0,U,"('KCLX', 'KCAE', 'KLTX', 'KJGX', 'KJAX')","['s3://unidata-nexrad-level2/2024/05/09/KCLX/KCLX20240509_183248_V06', 's3://unidata-nexrad-level2/2024/05/09/KCAE/KCAE20240509_183456_V06', 's3://unidata-nexrad-level2/2024/05/09/KLTX/KLTX20240509_183449_V06', 's3://unidata-nexrad-level2/2024/05/09/KJGX/KJGX20240509_183602_V06', 's3://unidata-nexrad-level2/2024/05/09/KJAX/KJAX20240509_183735_V06']"
T,C56X,AMG UUA /OV AMG056056/TM 1847/FL450/TP C56X/TB SEV/RM LOSS OF APPROX 600FT GAINED 400FT 20 MILES SOUTH OF REPORTED POSITION,SEV,,45000.0,32.058015651598474,-81.59863913824192,2024-05-09 18:47:00,5.0,M,"('KCLX', 'KJAX', 'KJGX', 'KVAX', 'KCAE')","['s3://unidata-nexrad-level2/2024/05/09/KCLX/KCLX20240509_184602_V06', 's3://unidata-nexrad-level2/2024/05/09/KJAX/KJAX20240509_184602_V06', 's3://unidata-nexrad-level2/2024/05/09/KJGX/KJGX20240509_184212_V06', 's3://unidata-nexrad-level2/2024/05/09/KCAE/KCAE20240509_184104_V06']"
T,M20P,EVV UUA /OV FRH/TM 1956/FL110/TP M20P/TB SEV,SEV,,11000.0,38.5062222,-86.6369444,2024-05-09 19:56:00,5.0,L,"('KLVX', 'KVWX', 'KIND', 'KHPX', 'KOHX')","['s3://unidata-nexrad-level2/2024/05/09/KLVX/KLVX20240509_195344_V06', 's3://unidata-nexrad-level2/2024/05/09/KVWX/KVWX20240509_195125_V06', 's3://unidata-nexrad-level2/2024/05/09/KIND/KIND20240509_195213_V06', 's3://unidata-nexrad-level2/2024/05/09/KHPX/KHPX20240509_195125_V06', 's3://unidata-nexrad-level2/2024/05/09/KOHX/KOHX20240509_195443_V06']"
T,C441,MFR UUA /OV MFR220020/TM 2045/FL075/TP C441/TB SEV 070-075/RM DURD,SEV 070-075,,7500.0,42.12573116907303,-123.16228576127028,2024-05-09 20:45:00,5.0,L,"('KMAX', 'KBHX', 'KBBX', 'KRTX', 'KDAX')","['s3://unidata-nexrad-level2/2024/05/09/KMAX/KMAX20240509_203600_V06', 's3://unidata-nexrad-level2/2024/05/09/KBHX/KBHX20240509_204218_V06', 's3://unidata-nexrad-level2/2024/05/09/KBBX/KBBX20240509_203823_V06', 's3://unidata-nexrad-level2/2024/05/09/KRTX/KRTX20240509_204005_V06', 's3://unidata-nexrad-level2/2024/05/09/KDAX/KDAX20240509_204245_V06']"
T,GLF4,SAV UUA /OV SAV090020/TM 2059/FL430/TP GLF4/TB SEV,SEV,,43000.0,32.13136751,-80.8086459396359,2024-05-09 20:59:00,5.0,M,"('KCLX', 'KVAX', 'KJAX', 'KCAE', 'KJGX')","['s3://unidata-nexrad-level2/2024/05/09/KCLX/KCLX20240509_205613_V06', 's3://unidata-nexrad-level2/2024/05/09/KJAX/KJAX20240509_205456_V06', 's3://unidata-nexrad-level2/2024/05/09/KCAE/KCAE20240509_205759_V06', 's3://unidata-nexrad-level2/2024/05/09/KJGX/KJGX20240509_205533_V06']"
T,PC12,SJT UUA /OV JEN020025/TM 2105/FL060/TP PC12/TB SEV/RM SEVERE TURB ZFW,SEV,,6000.0,32.55157030665179,-97.71164914685,2024-05-09 21:05:00,5.0,L,"('KFWS', 'KDYX', 'KGRK', 'KFDR', 'KOUN')","['s3://unidata-nexrad-level2/2024/05/09/KFWS/KFWS20240509_210223_V06', 's3://unidata-nexrad-level2/2024/05/09/KDYX/KDYX20240509_210005_V06', 's3://unidata-nexrad-level2/2024/05/09/KGRK/KGRK20240509_210434_V06', 's3://unidata-nexrad-level2/2024/05/09/KFDR/KFDR20240509_210341_V06']"
T,B350,TLH UUA /OV TLH345042/TM 2120/FL150/TP B350/TB SEV CAT,SEV CAT,,15000.0,31.06974284645147,-84.56140582824976,2024-05-09 21:20:00,5.0,M,"('KTLH', 'KEOX', 'KEVX', 'KVAX', 'KMXX')","['s3://unidata-nexrad-level2/2024/05/09/KTLH/KTLH20240509_211750_V06', 's3://unidata-nexrad-level2/2024/05/09/KEOX/KEOX20240509_211957_V06', 's3://unidata-nexrad-level2/2024/05/09/KEVX/KEVX20240509_211821_V06', 's3://unidata-nexrad-level2/2024/05/09/KMXX/KMXX20240509_211937_V06']"
T,E55P,JAN UUA /OV MHZ270040/TM 2134/FL190/TP E55P/TB EXTRM 190-180/RM NO INJ OR DMG/ZME,EXTRM 190-180,,19000.0,32.43,-90.88990917335268,2024-05-09 21:34:00,7.0,U,"('KDGX', 'KHDC', 'KPOE', 'KLIX', 'KSHV')","['s3://unidata-nexrad-level2/2024/05/09/KDGX/KDGX20240509_212354_V06', 's3://unidata-nexrad-level2/2024/05/09/KHDC/KHDC20240509_213151_V06', 's3://unidata-nexrad-level2/2024/05/09/KPOE/KPOE20240509_213354_V06', 's3://unidata-nexrad-level2/2024/05/09/KSHV/KSHV20240509_213049_V06']"
T,PC12,OGD UUA /OV OGD/TM 2255/FL220/TP PC12/TB SEV /ZLC,SEV,,22000.0,41.19567,-112.01294,2024-05-09 22:55:00,5.0,L,"('KMTX', 'KSFX', 'KRIW', 'KICX', 'KGJX')","['s3://unidata-nexrad-level2/2024/05/09/KMTX/KMTX20240509_225232_V06', 's3://unidata-nexrad-level2/2024/05/09/KSFX/KSFX20240509_225105_V06', 's3://unidata-nexrad-level2/2024/05/09/KRIW/KRIW20240509_225353_V06', 's3://unidata-nexrad-level2/2024/05/09/KICX/KICX20240509_224726_V06', 's3://unidata-nexrad-level2/2024/05/09/KGJX/KGJX20240509_225115_V06']"
T,A320,OGD UUA /OV OGD/TM 2255/FL340/TP A320/TB SEV /ZLC,SEV,,34000.0,41.19567,-112.01294,2024-05-09 22:55:00,5.0,M,"('KMTX', 'KSFX', 'KRIW', 'KICX', 'KGJX')","['s3://unidata-nexrad-level2/2024/05/09/KMTX/KMTX20240509_225232_V06', 's3://unidata-nexrad-level2/2024/05/09/KSFX/KSFX20240509_225105_V06', 's3://unidata-nexrad-level2/2024/05/09/KRIW/KRIW20240509_225353_V06', 's3://unidata-nexrad-level2/2024/05/09/KICX/KICX20240509_224726_V06', 's3://unidata-nexrad-level2/2024/05/09/KGJX/KGJX20240509_225115_V06']"
F,A320,SAV UA /OV SAV210015/TM 2318/FL015/TP A320/TB SEV/RM DURC,SEV,,1500.0,31.914843622021923,-81.34992339388654,2024-05-09 23:18:00,5.0,M,"('KCLX', 'KJAX', 'KVAX', 'KJGX', 'KCAE')","['s3://unidata-nexrad-level2/2024/05/09/KCLX/KCLX20240509_231427_V06', 's3://unidata-nexrad-level2/2024/05/09/KJAX/KJAX20240509_231441_V06', 's3://unidata-nexrad-level2/2024/05/09/KJGX/KJGX20240509_231513_V06', 's3://unidata-nexrad-level2/2024/05/09/KCAE/KCAE20240509_231737_V06']"
T,E55P,TRL UUA /OV TRL090010/TM 2318/FL140/TP E55P/TB SEV/RM ZFW,SEV,,14000.0,32.71,-96.07190527430843,2024-05-09 23:18:00,5.0,U,"('KFWS', 'KSHV', 'KGRK', 'KOUN', 'KTLX')","['s3://unidata-nexrad-level2/2024/05/09/KFWS/KFWS20240509_231522_V06', 's3://unidata-nexrad-level2/2024/05/09/KSHV/KSHV20240509_231725_V06', 's3://unidata-nexrad-level2/2024/05/09/KGRK/KGRK20240509_231506_V06', 's3://unidata-nexrad-level2/2024/05/09/KTLX/KTLX20240509_231450_V06']"
T,E170,TYR UUA /OV FZT360020/TM 2356/FL160/TP E170/TB SEV/RM ZFW,SEV,,16000.0,32.40336033336033,-95.53,2024-05-09 23:56:00,5.0,U,"('KSHV', 'KFWS', 'KGRK', 'KPOE', 'KHGX')","['s3://unidata-nexrad-level2/2024/05/09/KSHV/KSHV20240509_235458_V06', 's3://unidata-nexrad-level2/2024/05/09/KFWS/KFWS20240509_235120_V06', 's3://unidata-nexrad-level2/2024/05/09/KGRK/KGRK20240509_235057_V06', 's3://unidata-nexrad-level2/2024/05/09/KPOE/KPOE20240509_235255_V06', 's3://unidata-nexrad-level2/2024/05/09/KHGX/KHGX20240509_235446_V06']"
T,A320,CLL UUA /OV TNV270005/TM 0109/FL100/TP A320/TB SEV/RM ZHU,SEV,,10000.0,30.29,-96.15651611669968,2024-05-10 01:09:00,5.0,M,"('KGRK', 'KHGX', 'KEWX', 'KFWS', 'KCRP')","['s3://unidata-nexrad-level2/2024/05/10/KGRK/KGRK20240510_010635_V06', 's3://unidata-nexrad-level2/2024/05/10/KHGX/KHGX20240510_010840_V06', 's3://unidata-nexrad-level2/2024/05/10/KEWX/KEWX20240510_010443_V06', 's3://unidata-nexrad-level2/2024/05/10/KFWS/KFWS20240510_010413_V06', 's3://unidata-nexrad-level2/2024/05/10/KCRP/KCRP20240510_010112_V06']"
T,H25B,AHN UUA /OV AHN209002/TM 0442/FL110/TP H25B/TB SEV/RM ZTLFD 49,SEV,,11000.0,33.919443648286446,-83.34583266663434,2024-05-10 04:42:00,5.0,M,"('KFFC', 'KJGX', 'KGSP', 'KCAE', 'KMRX')","['s3://unidata-nexrad-level2/2024/05/10/KFFC/KFFC20240510_044107_V06', 's3://unidata-nexrad-level2/2024/05/10/KJGX/KJGX20240510_043821_V06', 's3://unidata-nexrad-level2/2024/05/10/KGSP/KGSP20240510_043950_V06', 's3://unidata-nexrad-level2/2024/05/10/KCAE/KCAE20240510_044028_V06', 's3://unidata-nexrad-level2/2024/05/10/KMRX/KMRX20240510_043650_V06']"
T,SF50,VRB UUA /OV VRB125036/TM 1516/FL140/TP SF50/TB SEV 140/RM LOSS 2000 FT,SEV 140,,14000.0,27.31138626234669,-79.86301042397774,2024-05-10 15:16:00,5.0,U,"('KMLB', 'KAMX', 'KAMX', 'KTBW', 'KBYX')","['s3://unidata-nexrad-level2/2024/05/10/KMLB/KMLB20240510_151251_V06', 's3://unidata-nexrad-level2/2024/05/10/KAMX/KAMX20240510_150859_V06', 's3://unidata-nexrad-level2/2024/05/10/KAMX/KAMX20240510_150859_V06', 's3://unidata-nexrad-level2/2024/05/10/KTBW/KTBW20240510_150814_V06', 's3://unidata-nexrad-level2/2024/05/10/KBYX/KBYX20240510_151202_V06']"
T,P28A,SLC UUA /OV TCH016006/TM 1606/FL065/TP P28A/TB SEV,SEV,,6500.0,40.94613395582136,-111.94355754419834,2024-05-10 16:06:00,5.0,L,"('KMTX', 'KSFX', 'KRIW', 'KGJX', 'KICX')","['s3://unidata-nexrad-level2/2024/05/10/KMTX/KMTX20240510_160332_V06', 's3://unidata-nexrad-level2/2024/05/10/KSFX/KSFX20240510_160117_V06', 's3://unidata-nexrad-level2/2024/05/10/KRIW/KRIW20240510_155817_V06', 's3://unidata-nexrad-level2/2024/05/10/KGJX/KGJX20240510_160250_V06', 's3://unidata-nexrad-level2/2024/05/10/KICX/KICX20240510_160202_V06']"
T,SF50,RIC UUA /OV RIC 090015/TM 1619/FL100/TP SF50/TB SEV,SEV,,10000.0,37.5115,-77.00816782205403,2024-05-10 16:19:00,5.0,U,"('KAKQ', 'KLWX', 'KDOX', 'KRAX', 'KMHX')","['s3://unidata-nexrad-level2/2024/05/10/KAKQ/KAKQ20240510_161724_V06', 's3://unidata-nexrad-level2/2024/05/10/KLWX/KLWX20240510_161603_V06', 's3://unidata-nexrad-level2/2024/05/10/KDOX/KDOX20240510_161509_V06', 's3://unidata-nexrad-level2/2024/05/10/KRAX/KRAX20240510_161649_V06', 's3://unidata-nexrad-level2/2024/05/10/KMHX/KMHX20240510_161826_V06']"
T,C172,ARV UUA /OV ARV/TM 1855/FL040/TP C172/TB SEV 040/RM +20 KT 040MSL,SEV 040,,4000.0,45.92792,-89.73094,2024-05-10 18:55:00,5.0,L,"('KMQT', 'KGRB', 'KDLH', 'KARX', 'KMKX')","['s3://unidata-nexrad-level2/2024/05/10/KMQT/KMQT20240510_185207_V06', 's3://unidata-nexrad-level2/2024/05/10/KGRB/KGRB20240510_185021_V06', 's3://unidata-nexrad-level2/2024/05/10/KDLH/KDLH20240510_185257_V06', 's3://unidata-nexrad-level2/2024/05/10/KARX/KARX20240510_185331_V06', 's3://unidata-nexrad-level2/2024/05/10/KMKX/KMKX20240510_184936_V06']"
F,P28A,ACT UA /OV KACT190008/TM 2113/FL095/TP P28A/TB SEV/RM WIND SHEAR,SEV,,9500.0,31.486651663664,-97.25549115080231,2024-05-10 21:13:00,5.0,L,"('KGRK', 'KFWS', 'KEWX', 'KDYX', 'KHGX')","['s3://unidata-nexrad-level2/2024/05/10/KGRK/KGRK20240510_211202_V06', 's3://unidata-nexrad-level2/2024/05/10/KFWS/KFWS20240510_210936_V06', 's3://unidata-nexrad-level2/2024/05/10/KEWX/KEWX20240510_211115_V06', 's3://unidata-nexrad-level2/2024/05/10/KDYX/KDYX20240510_211029_V06', 's3://unidata-nexrad-level2/2024/05/10/KHGX/KHGX20240510_211038_V06']"
T,B738,CHS UUA /OV CHS350035/TM 0045/FL110/TP B738/TB SEV,SEV,,11000.0,33.47311772146998,-80.16115147358028,2024-05-11 00:45:00,5.0,M,"('KCLX', 'KCAE', 'KLTX', 'KGSP', 'KRAX')","['s3://unidata-nexrad-level2/2024/05/11/KCLX/KCLX20240511_004425_V06', 's3://unidata-nexrad-level2/2024/05/11/KCAE/KCAE20240511_004439_V06', 's3://unidata-nexrad-level2/2024/05/11/KLTX/KLTX20240511_004459_V06', 's3://unidata-nexrad-level2/2024/05/11/KGSP/KGSP20240511_004227_V06', 's3://unidata-nexrad-level2/2024/05/11/KRAX/KRAX20240511_004240_V06']"
F,C172,ANC UA /OV 080005/TM 0055/FL015/TP C172/TB SEV TURB,SEV TURB,,1500.0,61.17,-149.99,2024-05-11 00:55:00,5.0,L,"('PAHG', 'PAIH', 'PAIH', 'PAPD', 'PAKC')","['s3://unidata-nexrad-level2/2024/05/11/PAHG/PAHG20240511_005141_V06', 's3://unidata-nexrad-level2/2024/05/11/PAIH/PAIH20240511_005025_V06', 's3://unidata-nexrad-level2/2024/05/11/PAIH/PAIH20240511_005025_V06', 's3://unidata-nexrad-level2/2024/05/11/PAPD/PAPD20240511_005122_V06', 's3://unidata-nexrad-level2/2024/05/11/PAKC/PAKC20240511_005028_V06']"
F,A332,UUA /OV 47N040W /TM 0142 /FL380 /TP A332 /TB SEV,SEV,,38000.0,47.0,-40.0,2024-05-11 01:42:00,5.0,H,"('LPLA', 'KCBW', 'KGYX', 'KBOX', 'KCXX')","['s3://unidata-nexrad-level2/2024/05/11/KCBW/KCBW20240511_013653_V06', 's3://unidata-nexrad-level2/2024/05/11/KGYX/KGYX20240511_013958_V06', 's3://unidata-nexrad-level2/2024/05/11/KBOX/KBOX20240511_014138_V06', 's3://unidata-nexrad-level2/2024/05/11/KCXX/KCXX20240511_013544_V06']"
F,A332,UUA /OV 47N040W /TM 0142 /FL390 /TP A332 /TB SEV,SEV,,39000.0,47.0,-40.0,2024-05-11 01:42:00,5.0,H,"('LPLA', 'KCBW', 'KGYX', 'KBOX', 'KCXX')","['s3://unidata-nexrad-level2/2024/05/11/KCBW/KCBW20240511_013653_V06', 's3://unidata-nexrad-level2/2024/05/11/KGYX/KGYX20240511_013958_V06', 's3://unidata-nexrad-level2/2024/05/11/KBOX/KBOX20240511_014138_V06', 's3://unidata-nexrad-level2/2024/05/11/KCXX/KCXX20240511_013544_V06']"
T,B777,JPX UUA /OV HTO020020/TM 0407/FL210/TP B777/TB SEV,SEV,,21000.0,41.27325624532144,-72.09901897618677,2024-05-11 04:07:00,5.0,H,"('KOKX', 'KBOX', 'KENX', 'KDIX', 'KGYX')","['s3://unidata-nexrad-level2/2024/05/11/KOKX/KOKX20240511_040119_V06', 's3://unidata-nexrad-level2/2024/05/11/KBOX/KBOX20240511_040529_V06', 's3://unidata-nexrad-level2/2024/05/11/KENX/KENX20240511_040300_V06', 's3://unidata-nexrad-level2/2024/05/11/KDIX/KDIX20240511_040457_V06', 's3://unidata-nexrad-level2/2024/05/11/KGYX/KGYX20240511_040443_V06']"
F,PA31,UUA /OV CYMM 270100 /TM 0445 /FL090 /TP PA31 /TB SEV 070-100,SEV 070-100,,9000.0,56.6533,-114.25408103327774,2024-05-11 04:45:00,5.0,L,"('KOTX', 'KMSX', 'KTFX', 'KGGW', 'KATX')","['s3://unidata-nexrad-level2/2024/05/11/KOTX/KOTX20240511_044102_V06', 's3://unidata-nexrad-level2/2024/05/11/KMSX/KMSX20240511_043949_V06', 's3://unidata-nexrad-level2/2024/05/11/KTFX/KTFX20240511_044324_V06', 's3://unidata-nexrad-level2/2024/05/11/KGGW/KGGW20240511_043909_V06', 's3://unidata-nexrad-level2/2024/05/11/KATX/KATX20240511_044459_V06']"
T,C182,ONM UUA /OV ONM260009/TM 1842/FL115/TP C182/TB SEV/RM ZAB/FDCS,SEV,,11500.0,33.9964228635225,-107.0813844198848,2024-05-11 18:42:00,5.0,L,"('KABX', 'KHDX', 'KEPZ', 'KFDX', 'KEMX')","['s3://unidata-nexrad-level2/2024/05/11/KABX/KABX20240511_184010_V06', 's3://unidata-nexrad-level2/2024/05/11/KHDX/KHDX20240511_184052_V06', 's3://unidata-nexrad-level2/2024/05/11/KEPZ/KEPZ20240511_183740_V06', 's3://unidata-nexrad-level2/2024/05/11/KFDX/KFDX20240511_184014_V06', 's3://unidata-nexrad-level2/2024/05/11/KEMX/KEMX20240511_184023_V06']"
T,BE36,EKN UUA /OV EKN090045/TM 1616/FL090/TP BE36/TB SEV/RM PILOT REPORTED 500FT LOSS OF ALTITUDE DUE TO MOUNTAIN WAVE,SEV,,9000.0,38.88528,-78.88919256696067,2024-05-12 16:16:00,5.0,L,"('KLWX', 'KPBZ', 'KCCX', 'KFCX', 'KAKQ')","['s3://unidata-nexrad-level2/2024/05/12/KLWX/KLWX20240512_161444_V06', 's3://unidata-nexrad-level2/2024/05/12/KCCX/KCCX20240512_161519_V06', 's3://unidata-nexrad-level2/2024/05/12/KFCX/KFCX20240512_161117_V06', 's3://unidata-nexrad-level2/2024/05/12/KAKQ/KAKQ20240512_160919_V06']"
T,C550,UTS UUA /OV LOA315035/TM 1624/FL450/TP C550/TB SEV TURB 450/RM ZHU,SEV TURB 450,,45000.0,31.532512366520976,-96.4518581492838,2024-05-12 16:24:00,5.0,L,"('KGRK', 'KFWS', 'KHGX', 'KEWX', 'KSHV')","['s3://unidata-nexrad-level2/2024/05/12/KGRK/KGRK20240512_162232_V06', 's3://unidata-nexrad-level2/2024/05/12/KFWS/KFWS20240512_162215_V06', 's3://unidata-nexrad-level2/2024/05/12/KHGX/KHGX20240512_162236_V06', 's3://unidata-nexrad-level2/2024/05/12/KEWX/KEWX20240512_162109_V06', 's3://unidata-nexrad-level2/2024/05/12/KSHV/KSHV20240512_162123_V06']"
T,H25B,CLL UUA /OV TNV045035/TM 2044/FL350/TP H25B/TB SEV TURB/RM ZHU,SEV TURB,,35000.0,30.70251236652097,-95.58226959571508,2024-05-12 20:44:00,5.0,M,"('KHGX', 'KGRK', 'KPOE', 'KSHV', 'KLCH')","['s3://unidata-nexrad-level2/2024/05/12/KHGX/KHGX20240512_204228_V06', 's3://unidata-nexrad-level2/2024/05/12/KGRK/KGRK20240512_204338_V06', 's3://unidata-nexrad-level2/2024/05/12/KPOE/KPOE20240512_204050_V06', 's3://unidata-nexrad-level2/2024/05/12/KSHV/KSHV20240512_204227_V06', 's3://unidata-nexrad-level2/2024/05/12/KLCH/KLCH20240512_204121_V06']"
T,B712,MEM UUA /OV MEM090020/TM 2051/FL280/TP B712/TB SEV 280 NO DAMAGES AC OR PERSONS/RM ZME,SEV 280 NO DAMAGES AC OR PERSONS,,28000.0,35.06111,-89.5777377926379,2024-05-12 20:51:00,5.0,M,"('KNQA', 'KGWX', 'KPAH', 'KLZK', 'KHPX')","['s3://unidata-nexrad-level2/2024/05/12/KNQA/KNQA20240512_204909_V06', 's3://unidata-nexrad-level2/2024/05/12/KGWX/KGWX20240512_204338_V06', 's3://unidata-nexrad-level2/2024/05/12/KPAH/KPAH20240512_204435_V06', 's3://unidata-nexrad-level2/2024/05/12/KLZK/KLZK20240512_205000_V06', 's3://unidata-nexrad-level2/2024/05/12/KHPX/KHPX20240512_204719_V06']"
T,HDJT,DFW UUA /OV 40 SW DFW/TM 2240/FL130/TP HDJT/TB SEV TURB/RM TURBULENCE BETWEEN 140 AND 120 NO INJURIES,SEV TURB,,13000.0,32.425387295404605,-97.59947531957415,2024-05-12 22:40:00,5.0,U,"('KFWS', 'KDYX', 'KGRK', 'KFDR', 'KEWX')","['s3://unidata-nexrad-level2/2024/05/12/KFWS/KFWS20240512_223808_V06', 's3://unidata-nexrad-level2/2024/05/12/KDYX/KDYX20240512_223613_V06', 's3://unidata-nexrad-level2/2024/05/12/KGRK/KGRK20240512_223812_V06', 's3://unidata-nexrad-level2/2024/05/12/KFDR/KFDR20240512_223759_V06', 's3://unidata-nexrad-level2/2024/05/12/KEWX/KEWX20240512_223652_V06']"
T,C560,MSY UUA /OV RQR360020/TM 1402/FL400/TP C560/TB SEV TURB FL400/RM ZHU,SEV TURB FL400,,40000.0,30.42336033336033,-90.59,2024-05-13 14:02:00,5.0,M,"('KLIX', 'KHDC', 'KDGX', 'KMOB', 'KPOE')","['s3://unidata-nexrad-level2/2024/05/13/KHDC/KHDC20240513_135944_V06', 's3://unidata-nexrad-level2/2024/05/13/KDGX/KDGX20240513_135755_V06', 's3://unidata-nexrad-level2/2024/05/13/KMOB/KMOB20240513_135804_V06', 's3://unidata-nexrad-level2/2024/05/13/KPOE/KPOE20240513_135954_V06']"
F,TB20,PNS UA /OV PNS350009/TM 1506/FL030/TP TB20/TB SEV/RM DURD,SEV,,3000.0,30.625793128378,-87.21716583869456,2024-05-13 15:06:00,5.0,L,"('KMOB', 'KEVX', 'KEOX', 'KMXX', 'KBMX')","['s3://unidata-nexrad-level2/2024/05/13/KMOB/KMOB20240513_150343_V06', 's3://unidata-nexrad-level2/2024/05/13/KEVX/KEVX20240513_150525_V06', 's3://unidata-nexrad-level2/2024/05/13/KMXX/KMXX20240513_145923_V06', 's3://unidata-nexrad-level2/2024/05/13/KBMX/KBMX20240513_150535_V06']"
T,A320,GPT UUA /OV GPT360030/TM 1535/FL1535/TP A320/TB SEV TURB 210/RM ZHU,SEV TURB 210,,15300.0,30.907310500040506,-89.0701,2024-05-13 15:35:00,5.0,M,"('KLIX', 'KHDC', 'KMOB', 'KDGX', 'KEVX')","['s3://unidata-nexrad-level2/2024/05/13/KHDC/KHDC20240513_153402_V06', 's3://unidata-nexrad-level2/2024/05/13/KMOB/KMOB20240513_152950_V06', 's3://unidata-nexrad-level2/2024/05/13/KDGX/KDGX20240513_153135_V06', 's3://unidata-nexrad-level2/2024/05/13/KEVX/KEVX20240513_153455_V06']"
F,C172,UUA /OV CEG4 180007 /TM 1747 /FL040 /TP C172 /SK 056BKN /TB SEV /RMTS LTGCG LTGIC VIS 6NM FU,SEV,,4000.0,51.38332388332388,-112.75,2024-05-13 17:47:00,5.0,L,"('KTFX', 'KMSX', 'KOTX', 'KGGW', 'KBLX')","['s3://unidata-nexrad-level2/2024/05/13/KTFX/KTFX20240513_174656_V06', 's3://unidata-nexrad-level2/2024/05/13/KMSX/KMSX20240513_174651_V06', 's3://unidata-nexrad-level2/2024/05/13/KOTX/KOTX20240513_174430_V06', 's3://unidata-nexrad-level2/2024/05/13/KGGW/KGGW20240513_174034_V06', 's3://unidata-nexrad-level2/2024/05/13/KBLX/KBLX20240513_173821_V06']"
T,E175,ACT UUA /OV ACT180030/TM 1810/FL140/TP E175/TB SEV TURB FL140-FL080/RM ZHU,SEV TURB FL140-FL080,,14000.0,31.11792949995949,-97.2283,2024-05-13 18:10:00,5.0,U,"('KGRK', 'KFWS', 'KEWX', 'KDYX', 'KHGX')","['s3://unidata-nexrad-level2/2024/05/13/KGRK/KGRK20240513_180907_V06', 's3://unidata-nexrad-level2/2024/05/13/KFWS/KFWS20240513_180716_V06', 's3://unidata-nexrad-level2/2024/05/13/KEWX/KEWX20240513_180808_V06', 's3://unidata-nexrad-level2/2024/05/13/KDYX/KDYX20240513_180850_V06', 's3://unidata-nexrad-level2/2024/05/13/KHGX/KHGX20240513_180612_V06']"
T,E55P,ORF UUA /OV ORF122190/TM 1852/FL430/TP E55P/TB SEV,SEV,,43000.0,35.225116405500984,-72.83362065657307,2024-05-13 18:52:00,5.0,U,"('KMHX', 'KDOX', 'KAKQ', 'KDIX', 'KOKX')","['s3://unidata-nexrad-level2/2024/05/13/KMHX/KMHX20240513_184606_V06', 's3://unidata-nexrad-level2/2024/05/13/KDOX/KDOX20240513_184522_V06', 's3://unidata-nexrad-level2/2024/05/13/KAKQ/KAKQ20240513_184655_V06', 's3://unidata-nexrad-level2/2024/05/13/KDIX/KDIX20240513_184652_V06', 's3://unidata-nexrad-level2/2024/05/13/KOKX/KOKX20240513_184449_V06']"
F,E55P,HOU UA /OV 20 S HOU/TM 2107/FL140/TP E55P/TB SEV TURB 140,SEV TURB 140,,14000.0,29.30410966663967,-95.28245,2024-05-13 21:07:00,5.0,U,"('KHGX', 'KLCH', 'KGRK', 'KEWX', 'KCRP')","['s3://unidata-nexrad-level2/2024/05/13/KHGX/KHGX20240513_210309_V06', 's3://unidata-nexrad-level2/2024/05/13/KLCH/KLCH20240513_210129_V06', 's3://unidata-nexrad-level2/2024/05/13/KGRK/KGRK20240513_210527_V06', 's3://unidata-nexrad-level2/2024/05/13/KEWX/KEWX20240513_210134_V06', 's3://unidata-nexrad-level2/2024/05/13/KCRP/KCRP20240513_210418_V06']"
F,G280,BWI UA /OV BAL360030/TM 2256/FL430/TP G280/TB SEV 430-415,SEV 430-415,,43000.0,39.6700405000405,-76.66,2024-05-13 22:56:00,5.0,U,"('KLWX', 'KDOX', 'KCCX', 'KDIX', 'KBGM')","['s3://unidata-nexrad-level2/2024/05/13/KLWX/KLWX20240513_225051_V06', 's3://unidata-nexrad-level2/2024/05/13/KDOX/KDOX20240513_224932_V06', 's3://unidata-nexrad-level2/2024/05/13/KCCX/KCCX20240513_225340_V06', 's3://unidata-nexrad-level2/2024/05/13/KDIX/KDIX20240513_225208_V06', 's3://unidata-nexrad-level2/2024/05/13/KBGM/KBGM20240513_225436_V06']"
T,G280,BWI UUA /OV BAL360030/TM 2256/FL430/TP G280/TB SEV 430-415,SEV 430-415,,43000.0,39.6700405000405,-76.66,2024-05-13 22:56:00,5.0,U,"('KLWX', 'KDOX', 'KCCX', 'KDIX', 'KBGM')","['s3://unidata-nexrad-level2/2024/05/13/KLWX/KLWX20240513_225051_V06', 's3://unidata-nexrad-level2/2024/05/13/KDOX/KDOX20240513_224932_V06', 's3://unidata-nexrad-level2/2024/05/13/KCCX/KCCX20240513_225340_V06', 's3://unidata-nexrad-level2/2024/05/13/KDIX/KDIX20240513_225208_V06', 's3://unidata-nexrad-level2/2024/05/13/KBGM/KBGM20240513_225436_V06']"
T,B737,LIT UUA /OV LIT/TM 0215/FL310/TP B737/TB SEV/RM ZFW,SEV,,31000.0,34.7273,-92.23573,2024-05-14 02:15:00,5.0,M,"('KLZK', 'KNQA', 'KSRX', 'KSGF', 'KSHV')","['s3://unidata-nexrad-level2/2024/05/14/KLZK/KLZK20240514_021333_V06', 's3://unidata-nexrad-level2/2024/05/14/KNQA/KNQA20240514_021459_V06', 's3://unidata-nexrad-level2/2024/05/14/KSRX/KSRX20240514_021005_V06', 's3://unidata-nexrad-level2/2024/05/14/KSGF/KSGF20240514_021231_V06', 's3://unidata-nexrad-level2/2024/05/14/KSHV/KSHV20240514_021207_V06']"
T,B737,LIT UUA /OV LIT/TM 0240/FL310/TP B737/TB SEV/RM ZME,SEV,,31000.0,34.7273,-92.23573,2024-05-14 02:40:00,5.0,M,"('KLZK', 'KNQA', 'KSRX', 'KSGF', 'KSHV')","['s3://unidata-nexrad-level2/2024/05/14/KLZK/KLZK20240514_023654_V06', 's3://unidata-nexrad-level2/2024/05/14/KNQA/KNQA20240514_023849_V06', 's3://unidata-nexrad-level2/2024/05/14/KSRX/KSRX20240514_023640_V06', 's3://unidata-nexrad-level2/2024/05/14/KSGF/KSGF20240514_023607_V06', 's3://unidata-nexrad-level2/2024/05/14/KSHV/KSHV20240514_023721_V06']"
T,C25B,ARG UUA /OV ARG180010/TM 0346/FL400/TP C25B/TB SEV/RM ZME,SEV,,40000.0,35.95798983331984,-90.92511,2024-05-14 03:46:00,5.0,U,"('KNQA', 'KLZK', 'KPAH', 'KSRX', 'KSGF')","['s3://unidata-nexrad-level2/2024/05/14/KNQA/KNQA20240514_034357_V06', 's3://unidata-nexrad-level2/2024/05/14/KLZK/KLZK20240514_034352_V06', 's3://unidata-nexrad-level2/2024/05/14/KPAH/KPAH20240514_034153_V06', 's3://unidata-nexrad-level2/2024/05/14/KSRX/KSRX20240514_034226_V06', 's3://unidata-nexrad-level2/2024/05/14/KSGF/KSGF20240514_034407_V06']"
T,B38M,CMI UUA /OV CMI180015/TM 0435/FL280/TP B38M/TB SEV 280/RM 280-270 DURD,SEV 280,,28000.0,39.78237974997976,-88.2755,2024-05-14 04:35:00,5.0,U,"('KILX', 'KIND', 'KVWX', 'KLOT', 'KLSX')","['s3://unidata-nexrad-level2/2024/05/14/KILX/KILX20240514_043404_V06', 's3://unidata-nexrad-level2/2024/05/14/KIND/KIND20240514_043307_V06', 's3://unidata-nexrad-level2/2024/05/14/KVWX/KVWX20240514_043352_V06', 's3://unidata-nexrad-level2/2024/05/14/KLOT/KLOT20240514_043105_V06', 's3://unidata-nexrad-level2/2024/05/14/KLSX/KLSX20240514_043042_V06']"
F,A306,CMI UA /OV CMI/TM 0442/FL310/TP A306/TB SEV 310-290/IC UNDEFINED/RM DURD,SEV 310-290,,31000.0,40.0324,-88.2755,2024-05-14 04:42:00,5.0,H,"('KILX', 'KIND', 'KLOT', 'KLSX', 'KDVN')","['s3://unidata-nexrad-level2/2024/05/14/KILX/KILX20240514_043831_V06', 's3://unidata-nexrad-level2/2024/05/14/KIND/KIND20240514_044014_V06', 's3://unidata-nexrad-level2/2024/05/14/KLOT/KLOT20240514_044033_V06', 's3://unidata-nexrad-level2/2024/05/14/KLSX/KLSX20240514_044034_V06', 's3://unidata-nexrad-level2/2024/05/14/KDVN/KDVN20240514_043647_V06']"
T,A306,CMI UUA /OV CMI/TM 0442/FL310/TP A306/TB SEV 310-290/IC UNDEFINED/RM DURD,SEV 310-290,,31000.0,40.0324,-88.2755,2024-05-14 04:42:00,5.0,H,"('KILX', 'KIND', 'KLOT', 'KLSX', 'KDVN')","['s3://unidata-nexrad-level2/2024/05/14/KILX/KILX20240514_043831_V06', 's3://unidata-nexrad-level2/2024/05/14/KIND/KIND20240514_044014_V06', 's3://unidata-nexrad-level2/2024/05/14/KLOT/KLOT20240514_044033_V06', 's3://unidata-nexrad-level2/2024/05/14/KLSX/KLSX20240514_044034_V06', 's3://unidata-nexrad-level2/2024/05/14/KDVN/KDVN20240514_043647_V06']"
T,A321,SPI UUA /OV SPI270020/TM 0502/FL310/TP A321/TB SEV INTMT/RM 310-320 SEV TURB ZKC FDC,SEV INTMT,,31000.0,39.8447,-90.11808510489853,2024-05-14 05:02:00,5.0,M,"('KILX', 'KLSX', 'KLOT', 'KDVN', 'KVWX')","['s3://unidata-nexrad-level2/2024/05/14/KILX/KILX20240514_050046_V06', 's3://unidata-nexrad-level2/2024/05/14/KLSX/KLSX20240514_050049_V06', 's3://unidata-nexrad-level2/2024/05/14/KLOT/KLOT20240514_045928_V06', 's3://unidata-nexrad-level2/2024/05/14/KDVN/KDVN20240514_045826_V06', 's3://unidata-nexrad-level2/2024/05/14/KVWX/KVWX20240514_050123_V06']"
T,PC12,CEW UUA /OV CEW270025/TM 1205/FL130/TP PC12/TB SEV/RM DURD,SEV,,13000.0,30.78,-87.00502118957615,2024-05-14 12:05:00,5.0,L,"('KEVX', 'KMOB', 'KEOX', 'KMXX', 'KBMX')","['s3://unidata-nexrad-level2/2024/05/14/KEVX/KEVX20240514_120137_V06', 's3://unidata-nexrad-level2/2024/05/14/KMOB/KMOB20240514_120104_V06', 's3://unidata-nexrad-level2/2024/05/14/KMXX/KMXX20240514_120018_V06', 's3://unidata-nexrad-level2/2024/05/14/KBMX/KBMX20240514_120237_V06']"
T,C172,RWL UUA /OV RWL090010/TM 1515/FL100/TP C172/TB SEV TURB,SEV TURB,,10000.0,41.8056,-106.976331547537,2024-05-14 15:15:00,5.0,L,"('KRIW', 'KCYS', 'KFTG', 'KGJX', 'KPUX')","['s3://unidata-nexrad-level2/2024/05/14/KRIW/KRIW20240514_151351_V06', 's3://unidata-nexrad-level2/2024/05/14/KCYS/KCYS20240514_151242_V06', 's3://unidata-nexrad-level2/2024/05/14/KFTG/KFTG20240514_151328_V06', 's3://unidata-nexrad-level2/2024/05/14/KGJX/KGJX20240514_151305_V06', 's3://unidata-nexrad-level2/2024/05/14/KPUX/KPUX20240514_151400_V06']"
T,P28U,CAE UUA /OV CAE270030/TM 0228/FL070/TP P28U/TB SEV,SEV,,7000.0,33.9419,-81.72084587230931,2024-05-15 02:28:00,5.0,U,"('KCAE', 'KGSP', 'KCLX', 'KJGX', 'KMRX')","['s3://unidata-nexrad-level2/2024/05/15/KCAE/KCAE20240515_022632_V06', 's3://unidata-nexrad-level2/2024/05/15/KGSP/KGSP20240515_022515_V06', 's3://unidata-nexrad-level2/2024/05/15/KCLX/KCLX20240515_022643_V06', 's3://unidata-nexrad-level2/2024/05/15/KJGX/KJGX20240515_022523_V06', 's3://unidata-nexrad-level2/2024/05/15/KMRX/KMRX20240515_022219_V06']"
T,C172,MER UUA /OV MER107025/TM 0406/FL040/TP C172/TB SEV,SEV,,4000.0,37.25863858881063,-120.066702767351,2024-05-15 04:06:00,5.0,L,"('KHNX', 'KMUX', 'KDAX', 'KVBX', 'KRGX')","['s3://unidata-nexrad-level2/2024/05/15/KHNX/KHNX20240515_040511_V06', 's3://unidata-nexrad-level2/2024/05/15/KMUX/KMUX20240515_040517_V06', 's3://unidata-nexrad-level2/2024/05/15/KDAX/KDAX20240515_040512_V06', 's3://unidata-nexrad-level2/2024/05/15/KVBX/KVBX20240515_040001_V06', 's3://unidata-nexrad-level2/2024/05/15/KRGX/KRGX20240515_035906_V06']"
F,C56X,ORL UA /OV ORL020020/TM 1415/FL230/TP C56X/TB SEV CAT,SEV CAT,,23000.0,28.858716245321435,-81.20314607360045,2024-05-15 14:15:00,5.0,M,"('KMLB', 'KTBW', 'KJAX', 'KVAX', 'KTLH')","['s3://unidata-nexrad-level2/2024/05/15/KMLB/KMLB20240515_141019_V06', 's3://unidata-nexrad-level2/2024/05/15/KTBW/KTBW20240515_141241_V06', 's3://unidata-nexrad-level2/2024/05/15/KJAX/KJAX20240515_141119_V06', 's3://unidata-nexrad-level2/2024/05/15/KVAX/KVAX20240515_141330_V06', 's3://unidata-nexrad-level2/2024/05/15/KTLH/KTLH20240515_141352_V06']"
T,C56X,ORL UUA /OV ORL020020/TM 1415/FL230/TP C56X/TB SEV CAT/RM CORRECTION,SEV CAT,,23000.0,28.858716245321435,-81.20314607360045,2024-05-15 14:15:00,5.0,M,"('KMLB', 'KTBW', 'KJAX', 'KVAX', 'KTLH')","['s3://unidata-nexrad-level2/2024/05/15/KMLB/KMLB20240515_141019_V06', 's3://unidata-nexrad-level2/2024/05/15/KTBW/KTBW20240515_141241_V06', 's3://unidata-nexrad-level2/2024/05/15/KJAX/KJAX20240515_141119_V06', 's3://unidata-nexrad-level2/2024/05/15/KVAX/KVAX20240515_141330_V06', 's3://unidata-nexrad-level2/2024/05/15/KTLH/KTLH20240515_141352_V06']"
T,F900,ORL UUA /OV ORL150010/TM 1415/FL230/TP F900/TB SEV,SEV,,23000.0,28.40111074134795,-81.23806698671963,2024-05-15 14:15:00,5.0,M,"('KMLB', 'KTBW', 'KJAX', 'KAMX', 'KAMX')","['s3://unidata-nexrad-level2/2024/05/15/KMLB/KMLB20240515_141019_V06', 's3://unidata-nexrad-level2/2024/05/15/KTBW/KTBW20240515_141241_V06', 's3://unidata-nexrad-level2/2024/05/15/KJAX/KJAX20240515_141119_V06', 's3://unidata-nexrad-level2/2024/05/15/KAMX/KAMX20240515_141153_V06', 's3://unidata-nexrad-level2/2024/05/15/KAMX/KAMX20240515_141153_V06']"
T,A21N,CTY UUA /OV CTY/TM 1437/FL230/TP A21N/TB SEV,SEV,,23000.0,29.63553,-83.10475,2024-05-15 14:37:00,5.0,U,"('KVAX', 'KTLH', 'KTBW', 'KJAX', 'KEVX')","['s3://unidata-nexrad-level2/2024/05/15/KVAX/KVAX20240515_143449_V06', 's3://unidata-nexrad-level2/2024/05/15/KTLH/KTLH20240515_143408_V06', 's3://unidata-nexrad-level2/2024/05/15/KTBW/KTBW20240515_143247_V06', 's3://unidata-nexrad-level2/2024/05/15/KJAX/KJAX20240515_143241_V06', 's3://unidata-nexrad-level2/2024/05/15/KEVX/KEVX20240515_143653_V06']"
T,C56X,MYGF UUA /OV ZFP053016/TM 2050/FL410/TP C56X/TB EXTRM/RM NO DM NO INJ,EXTRM,,41000.0,26.660497005391377,-78.5420085572433,2024-05-15 20:50:00,7.0,M,"('KAMX', 'KAMX', 'KMLB', 'KBYX', 'KTBW')","['s3://unidata-nexrad-level2/2024/05/15/KAMX/KAMX20240515_204759_V06', 's3://unidata-nexrad-level2/2024/05/15/KAMX/KAMX20240515_204759_V06', 's3://unidata-nexrad-level2/2024/05/15/KMLB/KMLB20240515_204957_V06', 's3://unidata-nexrad-level2/2024/05/15/KBYX/KBYX20240515_204713_V06', 's3://unidata-nexrad-level2/2024/05/15/KTBW/KTBW20240515_204929_V06']"
T,C414,CAE UUA /OV CAE065030/TM 2227/FL120/TP C414/TB SEV,SEV,,12000.0,34.15322624692706,-80.57182672232187,2024-05-15 22:27:00,5.0,L,"('KCAE', 'KGSP', 'KCLX', 'KLTX', 'KRAX')","['s3://unidata-nexrad-level2/2024/05/15/KCAE/KCAE20240515_222649_V06', 's3://unidata-nexrad-level2/2024/05/15/KGSP/KGSP20240515_222315_V06', 's3://unidata-nexrad-level2/2024/05/15/KCLX/KCLX20240515_222314_V06', 's3://unidata-nexrad-level2/2024/05/15/KLTX/KLTX20240515_222418_V06', 's3://unidata-nexrad-level2/2024/05/15/KRAX/KRAX20240515_222521_V06']"
T,A319,ORF UUA /OV 3119N07048W/TM 0011/FL390/TP A319/TB SEV,SEV,,39000.0,31.3166,-70.8,2024-05-16 00:11:00,5.0,M,"('KMHX', 'KLTX', 'KAKQ', 'KDOX', 'KRAX')","['s3://unidata-nexrad-level2/2024/05/16/KMHX/KMHX20240516_000820_V06', 's3://unidata-nexrad-level2/2024/05/16/KLTX/KLTX20240516_000935_V06', 's3://unidata-nexrad-level2/2024/05/16/KAKQ/KAKQ20240516_000945_V06', 's3://unidata-nexrad-level2/2024/05/16/KDOX/KDOX20240516_000656_V06', 's3://unidata-nexrad-level2/2024/05/16/KRAX/KRAX20240516_000854_V06']"
F,B789,UUA /OV 6316N04202W /TM 0309 /FL390 /TP B789 /TB SEV /RM +200/-300ALT VARIATION SPEED VARIANCE,SEV,,39000.0,63.2666,-42.333,2024-05-16 03:09:00,5.0,U,"('LPLA', 'KCBW', 'KGYX', 'KBOX', 'KCXX')","['s3://unidata-nexrad-level2/2024/05/16/KCBW/KCBW20240516_030729_V06', 's3://unidata-nexrad-level2/2024/05/16/KGYX/KGYX20240516_030459_V06', 's3://unidata-nexrad-level2/2024/05/16/KBOX/KBOX20240516_030526_V06', 's3://unidata-nexrad-level2/2024/05/16/KCXX/KCXX20240516_030509_V06']"
T,A321,DFW UUA /OV CVE090030/TM 1411/FL160/TP A321/TB OCNL SEV CAT/RM ZFW,OCNL SEV CAT,,16000.0,32.89,-96.30451140406596,2024-05-16 14:11:00,5.0,M,"('KFWS', 'KSHV', 'KGRK', 'KDYX', 'KOUN')","['s3://unidata-nexrad-level2/2024/05/16/KFWS/KFWS20240516_140757_V06', 's3://unidata-nexrad-level2/2024/05/16/KSHV/KSHV20240516_140506_V06', 's3://unidata-nexrad-level2/2024/05/16/KGRK/KGRK20240516_141008_V06', 's3://unidata-nexrad-level2/2024/05/16/KDYX/KDYX20240516_140534_V06']"
T,B737,DFW UUA /OV CVE130030/TM 1440/FL210/TP B737/TB SEV/RM ZFW,SEV,,21000.0,32.56858016223251,-96.443829270144,2024-05-16 14:40:00,5.0,M,"('KFWS', 'KGRK', 'KSHV', 'KDYX', 'KFDR')","['s3://unidata-nexrad-level2/2024/05/16/KFWS/KFWS20240516_143541_V06', 's3://unidata-nexrad-level2/2024/05/16/KGRK/KGRK20240516_143716_V06', 's3://unidata-nexrad-level2/2024/05/16/KSHV/KSHV20240516_143955_V06', 's3://unidata-nexrad-level2/2024/05/16/KDYX/KDYX20240516_143818_V06', 's3://unidata-nexrad-level2/2024/05/16/KFDR/KFDR20240516_143648_V06']"
T,C208,DFW UUA /OV DFW/TM 1845/FL020/TP C208/TB SEV/RM LLWS -20KTS ZFW,SEV,,2000.0,32.89683,-97.038,2024-05-16 18:45:00,5.0,L,"('KFWS', 'KDYX', 'KFDR', 'KGRK', 'KOUN')","['s3://unidata-nexrad-level2/2024/05/16/KFWS/KFWS20240516_184250_V06', 's3://unidata-nexrad-level2/2024/05/16/KDYX/KDYX20240516_184046_V06', 's3://unidata-nexrad-level2/2024/05/16/KFDR/KFDR20240516_184353_V06', 's3://unidata-nexrad-level2/2024/05/16/KGRK/KGRK20240516_184210_V06']"
F,A321,DFW UA /OV DFW/TM 1850/FL020/TP A321/TB SEV,SEV,,2000.0,32.89683,-97.038,2024-05-16 18:50:00,5.0,M,"('KFWS', 'KDYX', 'KFDR', 'KGRK', 'KOUN')","['s3://unidata-nexrad-level2/2024/05/16/KFWS/KFWS20240516_184724_V06', 's3://unidata-nexrad-level2/2024/05/16/KDYX/KDYX20240516_184557_V06', 's3://unidata-nexrad-level2/2024/05/16/KFDR/KFDR20240516_184733_V06', 's3://unidata-nexrad-level2/2024/05/16/KGRK/KGRK20240516_184651_V06']"
T,B350,DFW UUA /OV 1 N ADS/TM 1947/FL030/TP B350/TB SEV TURB,SEV TURB,,3000.0,32.98522801666801,-96.83645,2024-05-16 19:47:00,5.0,M,"('KFWS', 'KDYX', 'KOUN', 'KGRK', 'KTLX')","['s3://unidata-nexrad-level2/2024/05/16/KFWS/KFWS20240516_194417_V06', 's3://unidata-nexrad-level2/2024/05/16/KDYX/KDYX20240516_194252_V06', 's3://unidata-nexrad-level2/2024/05/16/KGRK/KGRK20240516_194252_V06', 's3://unidata-nexrad-level2/2024/05/16/KTLX/KTLX20240516_194105_V06']"
T,BE35,ERV UUA /OV STV270005/TM 2010/FL060/TP BE35/TB SEV/RM ZHU,SEV,,6000.0,30.21,-98.8064375578415,2024-05-16 20:10:00,5.0,L,"('KEWX', 'KGRK', 'KDFX', 'KSJT', 'KDYX')","['s3://unidata-nexrad-level2/2024/05/16/KEWX/KEWX20240516_200738_V06', 's3://unidata-nexrad-level2/2024/05/16/KGRK/KGRK20240516_200612_V06', 's3://unidata-nexrad-level2/2024/05/16/KDFX/KDFX20240516_200859_V06', 's3://unidata-nexrad-level2/2024/05/16/KSJT/KSJT20240516_200749_V06', 's3://unidata-nexrad-level2/2024/05/16/KDYX/KDYX20240516_200922_V06']"
T,A320,HUM UUA /OV TBD180040/TM 2018/FL350/TP A320/TB SEV/RM ZHU,SEV,,35000.0,28.99327933327933,-90.83,2024-05-16 20:18:00,5.0,M,"('KLIX', 'KHDC', 'KLCH', 'KMOB', 'KPOE')","['s3://unidata-nexrad-level2/2024/05/16/KHDC/KHDC20240516_201631_V06', 's3://unidata-nexrad-level2/2024/05/16/KLCH/KLCH20240516_201507_V06', 's3://unidata-nexrad-level2/2024/05/16/KMOB/KMOB20240516_201501_V06', 's3://unidata-nexrad-level2/2024/05/16/KPOE/KPOE20240516_201539_V06']"
T,CRJ,LFT UUA /OV LFT360020/TM 2100/FL310/TP CRJ/TB SEV/RM ZHU,SEV,,31000.0,30.531956923360333,-91.98956295,2024-05-16 21:00:00,5.0,M,"('KPOE', 'KLCH', 'KHDC', 'KLIX', 'KDGX')","['s3://unidata-nexrad-level2/2024/05/16/KPOE/KPOE20240516_205813_V06', 's3://unidata-nexrad-level2/2024/05/16/KLCH/KLCH20240516_205455_V06', 's3://unidata-nexrad-level2/2024/05/16/KHDC/KHDC20240516_205835_V06', 's3://unidata-nexrad-level2/2024/05/16/KDGX/KDGX20240516_205438_V06']"
T,C560,LFT UUA /OV LFT360020/TM 2110/FL340/TP C560/TB SEV/RM ZHU,SEV,,34000.0,30.531956923360333,-91.98956295,2024-05-16 21:10:00,5.0,M,"('KPOE', 'KHDC', 'KLCH', 'KLIX', 'KSHV')","['s3://unidata-nexrad-level2/2024/05/16/KPOE/KPOE20240516_210735_V06', 's3://unidata-nexrad-level2/2024/05/16/KHDC/KHDC20240516_210856_V06', 's3://unidata-nexrad-level2/2024/05/16/KLCH/KLCH20240516_210528_V06', 's3://unidata-nexrad-level2/2024/05/16/KSHV/KSHV20240516_210911_V06']"
T,GLEZ,PRX UUA /OV PRX270005/TM 2227/FL130/TP GLEZ/TB SEV/RM ZFW,SEV,,13000.0,33.63661,-95.55085009525688,2024-05-16 22:27:00,5.0,U,"('KFWS', 'KSHV', 'KSRX', 'KTLX', 'KOUN')","['s3://unidata-nexrad-level2/2024/05/16/KFWS/KFWS20240516_222629_V06', 's3://unidata-nexrad-level2/2024/05/16/KSHV/KSHV20240516_222629_V06', 's3://unidata-nexrad-level2/2024/05/16/KSRX/KSRX20240516_222646_V06', 's3://unidata-nexrad-level2/2024/05/16/KTLX/KTLX20240516_222513_V06']"
T,E75L,BTR UUA /OV LSU180005/TM 2245/FL320/TP E75L/TB SEV/RM ZHU,SEV,,32000.0,30.39665991665992,-91.3,2024-05-16 22:45:00,5.0,U,"('KLIX', 'KHDC', 'KPOE', 'KLCH', 'KDGX')","['s3://unidata-nexrad-level2/2024/05/16/KHDC/KHDC20240516_224122_V06', 's3://unidata-nexrad-level2/2024/05/16/KPOE/KPOE20240516_223936_V06', 's3://unidata-nexrad-level2/2024/05/16/KLCH/KLCH20240516_224413_V06', 's3://unidata-nexrad-level2/2024/05/16/KDGX/KDGX20240516_224250_V06']"
F,F900,IAH UA /OV 12N IAH/TM 2315/FL160/TP F900/TB SEV,SEV,,16000.0,30.1844162000162,-95.3607,2024-05-16 23:15:00,5.0,M,"('KHGX', 'KGRK', 'KLCH', 'KPOE', 'KEWX')","['s3://unidata-nexrad-level2/2024/05/16/KHGX/KHGX20240516_231312_V06', 's3://unidata-nexrad-level2/2024/05/16/KGRK/KGRK20240516_231249_V06', 's3://unidata-nexrad-level2/2024/05/16/KLCH/KLCH20240516_231014_V06', 's3://unidata-nexrad-level2/2024/05/16/KPOE/KPOE20240516_231359_V06', 's3://unidata-nexrad-level2/2024/05/16/KEWX/KEWX20240516_231313_V06']"
F,C25B,IAH UA /OV 9NE SGR/TM 2321/FL030/TP C25B/TB SEV,SEV,,3000.0,29.728324608533967,-95.53450741110234,2024-05-16 23:21:00,5.0,U,"('KHGX', 'KGRK', 'KLCH', 'KEWX', 'KCRP')","['s3://unidata-nexrad-level2/2024/05/16/KHGX/KHGX20240516_231922_V06', 's3://unidata-nexrad-level2/2024/05/16/KGRK/KGRK20240516_231800_V06', 's3://unidata-nexrad-level2/2024/05/16/KLCH/KLCH20240516_232051_V06', 's3://unidata-nexrad-level2/2024/05/16/KEWX/KEWX20240516_232001_V06', 's3://unidata-nexrad-level2/2024/05/16/KCRP/KCRP20240516_231751_V06']"
F,E170,LBB UA /OV KLBB090015/TM 2335/FL050/TP E170/TB SEV TURB/RM ABORTED ATTEMPT ON ILS RWY 26,SEV TURB,,5000.0,33.66364,-101.52238539506688,2024-05-16 23:35:00,5.0,U,"('KLBB', 'KAMA', 'KMAF', 'KFDX', 'KSJT')","['s3://unidata-nexrad-level2/2024/05/16/KLBB/KLBB20240516_233320_V06', 's3://unidata-nexrad-level2/2024/05/16/KAMA/KAMA20240516_233107_V06', 's3://unidata-nexrad-level2/2024/05/16/KMAF/KMAF20240516_233449_V06', 's3://unidata-nexrad-level2/2024/05/16/KFDX/KFDX20240516_233240_V06', 's3://unidata-nexrad-level2/2024/05/16/KSJT/KSJT20240516_233119_V06']"
T,FA7X,SRQ UUA /OV SRQ280300/TM 1257/FL410/TP FA7X/TB SEV,SEV,,41000.0,28.26970121591693,-88.10537076040659,2024-05-17 12:57:00,5.0,U,"('KLIX', 'KMOB', 'KEVX', 'KHDC', 'KEOX')","['s3://unidata-nexrad-level2/2024/05/17/KMOB/KMOB20240517_125431_V06', 's3://unidata-nexrad-level2/2024/05/17/KEVX/KEVX20240517_125618_V06', 's3://unidata-nexrad-level2/2024/05/17/KHDC/KHDC20240517_125529_V06']"
T,FA7,MSY UUA /OV LEV135125/TM 1300/FL410/TP FA7/TB SEV/RM ZHU,SEV,,41000.0,27.706741548139377,-88.41259716823866,2024-05-17 13:00:00,5.0,U,"('KLIX', 'KHDC', 'KMOB', 'KEVX', 'KEOX')","['s3://unidata-nexrad-level2/2024/05/17/KHDC/KHDC20240517_125529_V06', 's3://unidata-nexrad-level2/2024/05/17/KMOB/KMOB20240517_125821_V06', 's3://unidata-nexrad-level2/2024/05/17/KEVX/KEVX20240517_125618_V06']"
T,C550,MEI UUA /OV MEI180040/TM 1506/FL290/TP C550/TB SEV/RM SEV TURB +1000FT ZME,SEV,,29000.0,31.66802933327933,-88.75107,2024-05-17 15:06:00,5.0,L,"('KMOB', 'KLIX', 'KDGX', 'KBMX', 'KGWX')","['s3://unidata-nexrad-level2/2024/05/17/KMOB/KMOB20240517_150320_V06', 's3://unidata-nexrad-level2/2024/05/17/KDGX/KDGX20240517_150506_V06', 's3://unidata-nexrad-level2/2024/05/17/KBMX/KBMX20240517_150517_V06', 's3://unidata-nexrad-level2/2024/05/17/KGWX/KGWX20240517_150522_V06']"
F,PC12,MCO UA /OV MCO18010/TM 1510/FL090/TP PC12/TB SEV-EXTRM 090,SEV-EXTRM 090,,9000.0,28.42939,-81.30899,2024-05-17 15:10:00,6.0,L,"('KMLB', 'KTBW', 'KJAX', 'KAMX', 'KAMX')","['s3://unidata-nexrad-level2/2024/05/17/KMLB/KMLB20240517_150752_V06', 's3://unidata-nexrad-level2/2024/05/17/KTBW/KTBW20240517_150958_V06', 's3://unidata-nexrad-level2/2024/05/17/KJAX/KJAX20240517_150627_V06', 's3://unidata-nexrad-level2/2024/05/17/KAMX/KAMX20240517_150626_V06', 's3://unidata-nexrad-level2/2024/05/17/KAMX/KAMX20240517_150626_V06']"
T,E145,AEX UUA /OV AEX090020/TM 1847/FL300/TP E145/TB SEV/RM ZHU,SEV,,30000.0,31.33472,-92.16832406509909,2024-05-17 18:47:00,5.0,M,"('KPOE', 'KHDC', 'KLCH', 'KDGX', 'KLIX')","['s3://unidata-nexrad-level2/2024/05/17/KHDC/KHDC20240517_184432_V06', 's3://unidata-nexrad-level2/2024/05/17/KDGX/KDGX20240517_184538_V06']"
T,CL35,SHR UUA /OV SHR160045/TM 1930/FL450/TP CL35/TB SEV 450-410/ZLC,SEV 450-410,,45000.0,44.06517344802677,-106.6086511039692,2024-05-17 19:30:00,5.0,U,"('KRIW', 'KBLX', 'KCYS', 'KUDX', 'KGGW')","['s3://unidata-nexrad-level2/2024/05/17/KRIW/KRIW20240517_192636_V06', 's3://unidata-nexrad-level2/2024/05/17/KBLX/KBLX20240517_192922_V06', 's3://unidata-nexrad-level2/2024/05/17/KCYS/KCYS20240517_192601_V06', 's3://unidata-nexrad-level2/2024/05/17/KUDX/KUDX20240517_192702_V06', 's3://unidata-nexrad-level2/2024/05/17/KGGW/KGGW20240517_192931_V06']"
T,BE20,CEW UUA /OV CEW260040/TM 2019/FL240/TP BE20/TB SEV-EXTRM/RM LOSS OF 600FT - NO INJURY OR DAMAGE,SEV-EXTRM,,24000.0,30.66422517121108,-87.28424420459167,2024-05-17 20:19:00,6.0,M,"('KMOB', 'KEVX', 'KEOX', 'KMXX', 'KLIX')","['s3://unidata-nexrad-level2/2024/05/17/KMOB/KMOB20240517_201841_V06', 's3://unidata-nexrad-level2/2024/05/17/KEVX/KEVX20240517_201553_V06', 's3://unidata-nexrad-level2/2024/05/17/KEOX/KEOX20240517_201523_V06', 's3://unidata-nexrad-level2/2024/05/17/KMXX/KMXX20240517_201401_V06']"
F,PA34,GPT UA /OV PCU360010/TM 2216/FL044/TP PA34/TB SEV,SEV,,4400.0,30.726680166680165,-89.73,2024-05-17 22:16:00,5.0,L,"('KLIX', 'KHDC', 'KMOB', 'KDGX', 'KPOE')","['s3://unidata-nexrad-level2/2024/05/17/KHDC/KHDC20240517_221124_V06', 's3://unidata-nexrad-level2/2024/05/17/KMOB/KMOB20240517_221407_V06', 's3://unidata-nexrad-level2/2024/05/17/KDGX/KDGX20240517_221501_V06', 's3://unidata-nexrad-level2/2024/05/17/KPOE/KPOE20240517_221512_V06']"
T,SR22,MML UUA /OV MML220015/TM 0043/FL070/TP SR22/TB SEV CAT/RM +/-500 FT,SEV CAT,,7000.0,44.25847337680477,-96.04512748368305,2024-05-18 00:43:00,5.0,L,"('KFSD', 'KMPX', 'KABR', 'KOAX', 'KDMX')","['s3://unidata-nexrad-level2/2024/05/18/KFSD/KFSD20240518_004213_V06', 's3://unidata-nexrad-level2/2024/05/18/KMPX/KMPX20240518_004222_V06', 's3://unidata-nexrad-level2/2024/05/18/KABR/KABR20240518_004014_V06', 's3://unidata-nexrad-level2/2024/05/18/KOAX/KOAX20240518_004000_V06', 's3://unidata-nexrad-level2/2024/05/18/KDMX/KDMX20240518_003941_V06']"
T,BE99,MSP UUA /OV MSP/TM 0049/FL030/TP BE99/TB MDT TO SEV/RM 5 MILE FINAL RWY 30R,MDT TO SEV,,3000.0,44.88537,-93.23131,2024-05-18 00:49:00,5.0,L,"('KMPX', 'KARX', 'KDLH', 'KFSD', 'KDMX')","['s3://unidata-nexrad-level2/2024/05/18/KMPX/KMPX20240518_004740_V06', 's3://unidata-nexrad-level2/2024/05/18/KARX/KARX20240518_004555_V06', 's3://unidata-nexrad-level2/2024/05/18/KDLH/KDLH20240518_004639_V06', 's3://unidata-nexrad-level2/2024/05/18/KFSD/KFSD20240518_004647_V06', 's3://unidata-nexrad-level2/2024/05/18/KDMX/KDMX20240518_004621_V06']"
T,LJ31,LFT UUA /OV LLA225030/TM 0216/FL430/TP LJ31/TB SEV TUEB 430 +500 GAIN/RM ZHU,SEV TUEB 430 +500 GAIN,,43000.0,29.30641797155345,-92.7768944837751,2024-05-18 02:16:00,5.0,M,"('KLCH', 'KPOE', 'KHGX', 'KHDC', 'KLIX')","['s3://unidata-nexrad-level2/2024/05/18/KLCH/KLCH20240518_021535_V06', 's3://unidata-nexrad-level2/2024/05/18/KPOE/KPOE20240518_021117_V06', 's3://unidata-nexrad-level2/2024/05/18/KHGX/KHGX20240518_021431_V06', 's3://unidata-nexrad-level2/2024/05/18/KHDC/KHDC20240518_021225_V06']"
F,B747,UUA /OV CYRL /TM 0318 /FL350 /TP B747 /TB SEV /RM TURB OCSNL,SEV,,35000.0,51.06694,-93.79306,2024-05-18 03:18:00,5.0,H,"('KDLH', 'KMVX', 'KMPX', 'KABR', 'KMBX')","['s3://unidata-nexrad-level2/2024/05/18/KDLH/KDLH20240518_031531_V06', 's3://unidata-nexrad-level2/2024/05/18/KMVX/KMVX20240518_031657_V06', 's3://unidata-nexrad-level2/2024/05/18/KMPX/KMPX20240518_031549_V06', 's3://unidata-nexrad-level2/2024/05/18/KABR/KABR20240518_031520_V06', 's3://unidata-nexrad-level2/2024/05/18/KMBX/KMBX20240518_031600_V06']"
T,E170,CKF UUA /OV VNA140025/TM 1209/FL280/TP E170/TB SEV CAT 280/RM 500FT LOSS 400FT GAIN / ZTLFD-22,SEV CAT 280,,28000.0,31.890788961341283,-83.18343007007974,2024-05-18 12:09:00,5.0,U,"('KJGX', 'KVAX', 'KFFC', 'KJAX', 'KCLX')","['s3://unidata-nexrad-level2/2024/05/18/KJGX/KJGX20240518_120335_V06', 's3://unidata-nexrad-level2/2024/05/18/KVAX/KVAX20240518_120455_V06', 's3://unidata-nexrad-level2/2024/05/18/KFFC/KFFC20240518_120849_V06', 's3://unidata-nexrad-level2/2024/05/18/KJAX/KJAX20240518_120336_V06', 's3://unidata-nexrad-level2/2024/05/18/KCLX/KCLX20240518_120851_V06']"
T,E75L,TLH UUA /OV TLH015090/TM 1222/FL290/TP E75L/TB SEV CAT,SEV CAT,,29000.0,31.842546099538858,-83.90123036803622,2024-05-18 12:22:00,5.0,U,"('KJGX', 'KEOX', 'KFFC', 'KVAX', 'KTLH')","['s3://unidata-nexrad-level2/2024/05/18/KJGX/KJGX20240518_122147_V06', 's3://unidata-nexrad-level2/2024/05/18/KEOX/KEOX20240518_122042_V06', 's3://unidata-nexrad-level2/2024/05/18/KFFC/KFFC20240518_121851_V06', 's3://unidata-nexrad-level2/2024/05/18/KVAX/KVAX20240518_121949_V06', 's3://unidata-nexrad-level2/2024/05/18/KTLH/KTLH20240518_121853_V06']"
T,CRJ9,TRI UUA /OV HMV061018/TM 1707/FL250/TP CRJ9/TB SEV/RM NO INJURIES NO DAMAGE / ZTLFD-43,SEV,,25000.0,36.58545466695945,-81.80381738725534,2024-05-18 17:07:00,5.0,U,"('KFCX', 'KMRX', 'KJKL', 'KRLX', 'KGSP')","['s3://unidata-nexrad-level2/2024/05/18/KFCX/KFCX20240518_170353_V06', 's3://unidata-nexrad-level2/2024/05/18/KMRX/KMRX20240518_170633_V06', 's3://unidata-nexrad-level2/2024/05/18/KJKL/KJKL20240518_170607_V06', 's3://unidata-nexrad-level2/2024/05/18/KRLX/KRLX20240518_170610_V06', 's3://unidata-nexrad-level2/2024/05/18/KGSP/KGSP20240518_170351_V06']"
T,E170,AVL UUA /OV SUG270008/TM 1945/FL300/TP E170/TB SEV 300/RM NO DAMAGE OR INJURIES REPORTED ZTLFD-42,SEV 300,,30000.0,35.41,-82.43360707774262,2024-05-18 19:45:00,5.0,U,"('KMRX', 'KGSP', 'KJKL', 'KCAE', 'KFFC')","['s3://unidata-nexrad-level2/2024/05/18/KMRX/KMRX20240518_193913_V06', 's3://unidata-nexrad-level2/2024/05/18/KGSP/KGSP20240518_194403_V06', 's3://unidata-nexrad-level2/2024/05/18/KJKL/KJKL20240518_194427_V06', 's3://unidata-nexrad-level2/2024/05/18/KCAE/KCAE20240518_194210_V06', 's3://unidata-nexrad-level2/2024/05/18/KFFC/KFFC20240518_194250_V06']"
T,B738,BWI UUA /OV BAL045010/TM 1957/FL310/TP B738/TB SEV,SEV,,31000.0,39.28786067614885,-76.5079757135439,2024-05-18 19:57:00,5.0,M,"('KLWX', 'KDOX', 'KDIX', 'KCCX', 'KAKQ')","['s3://unidata-nexrad-level2/2024/05/18/KLWX/KLWX20240518_195331_V06', 's3://unidata-nexrad-level2/2024/05/18/KDOX/KDOX20240518_195626_V06', 's3://unidata-nexrad-level2/2024/05/18/KDIX/KDIX20240518_195409_V06', 's3://unidata-nexrad-level2/2024/05/18/KCCX/KCCX20240518_195556_V06', 's3://unidata-nexrad-level2/2024/05/18/KAKQ/KAKQ20240518_195328_V06']"
F,CH7A,COS UA /OV BRK260003/TM 2010/FL085/TP CH7A/TB EXTRM,EXTRM,,8500.0,38.93131688784083,-104.6933120179357,2024-05-18 20:10:00,7.0,L,"('KPUX', 'KFTG', 'KCYS', 'KGLD', 'KGJX')","['s3://unidata-nexrad-level2/2024/05/18/KPUX/KPUX20240518_200622_V06', 's3://unidata-nexrad-level2/2024/05/18/KFTG/KFTG20240518_200544_V06', 's3://unidata-nexrad-level2/2024/05/18/KCYS/KCYS20240518_200627_V06', 's3://unidata-nexrad-level2/2024/05/18/KGLD/KGLD20240518_200845_V06', 's3://unidata-nexrad-level2/2024/05/18/KGJX/KGJX20240518_200935_V06']"
T,PC12,OCF UUA /OV OCF1800045/TM 2036/FL110/TP PC12/TB SEV,SEV,,11000.0,29.16363228,-82.22100097,2024-05-18 20:36:00,5.0,L,"('KJAX', 'KTBW', 'KMLB', 'KVAX', 'KTLH')","['s3://unidata-nexrad-level2/2024/05/18/KJAX/KJAX20240518_203551_V06', 's3://unidata-nexrad-level2/2024/05/18/KTBW/KTBW20240518_203123_V06', 's3://unidata-nexrad-level2/2024/05/18/KMLB/KMLB20240518_203525_V06', 's3://unidata-nexrad-level2/2024/05/18/KVAX/KVAX20240518_203458_V06', 's3://unidata-nexrad-level2/2024/05/18/KTLH/KTLH20240518_203210_V06']"
T,H,PBI UUA /OV PBI100002/TM 2355/FL390/TP H/B788/TB SEV,SEV,,39000.0,26.67891125856056,-80.06265696445575,2024-05-18 23:55:00,5.0,L,"('KAMX', 'KAMX', 'KMLB', 'KTBW', 'KBYX')","['s3://unidata-nexrad-level2/2024/05/18/KAMX/KAMX20240518_235204_V06', 's3://unidata-nexrad-level2/2024/05/18/KAMX/KAMX20240518_235204_V06', 's3://unidata-nexrad-level2/2024/05/18/KMLB/KMLB20240518_235414_V06', 's3://unidata-nexrad-level2/2024/05/18/KTBW/KTBW20240518_234857_V06', 's3://unidata-nexrad-level2/2024/05/18/KBYX/KBYX20240518_235452_V06']"
T,B788,PBI UUA /OV PBI010002/TM 2355/FL390/TP B788/TB SEV,SEV,,39000.0,26.717529584084,-80.09292121148042,2024-05-18 23:55:00,5.0,U,"('KMLB', 'KAMX', 'KAMX', 'KTBW', 'KBYX')","['s3://unidata-nexrad-level2/2024/05/18/KMLB/KMLB20240518_235414_V06', 's3://unidata-nexrad-level2/2024/05/18/KAMX/KAMX20240518_235204_V06', 's3://unidata-nexrad-level2/2024/05/18/KAMX/KAMX20240518_235204_V06', 's3://unidata-nexrad-level2/2024/05/18/KTBW/KTBW20240518_234857_V06', 's3://unidata-nexrad-level2/2024/05/18/KBYX/KBYX20240518_235452_V06']"
T,T206,TLH UUA /OV SZW150050/TM 0257/FL030/TP T206/TB SEV,SEV,,3000.0,29.83825370673976,-83.88608201833745,2024-05-19 02:57:00,5.0,U,"('KTLH', 'KVAX', 'KEVX', 'KJAX', 'KEOX')","['s3://unidata-nexrad-level2/2024/05/19/KTLH/KTLH20240519_025326_V06', 's3://unidata-nexrad-level2/2024/05/19/KVAX/KVAX20240519_025444_V06', 's3://unidata-nexrad-level2/2024/05/19/KEVX/KEVX20240519_025425_V06', 's3://unidata-nexrad-level2/2024/05/19/KJAX/KJAX20240519_025632_V06', 's3://unidata-nexrad-level2/2024/05/19/KEOX/KEOX20240519_025352_V06']"
T,C172,TLH UUA /OV SZW160040/TM 0304/FL040/TP C172/TB SEV,SEV,,4000.0,29.93348750935713,-84.10518448408625,2024-05-19 03:04:00,5.0,L,"('KTLH', 'KVAX', 'KEVX', 'KEOX', 'KJAX')","['s3://unidata-nexrad-level2/2024/05/19/KTLH/KTLH20240519_030250_V06', 's3://unidata-nexrad-level2/2024/05/19/KVAX/KVAX20240519_025935_V06', 's3://unidata-nexrad-level2/2024/05/19/KEVX/KEVX20240519_030109_V06', 's3://unidata-nexrad-level2/2024/05/19/KEOX/KEOX20240519_030233_V06', 's3://unidata-nexrad-level2/2024/05/19/KJAX/KJAX20240519_030233_V06']"
F,B752,UUA /OV 4850N06842W /TM 0430 /FL330 /TP B752 /TB SEV /RM SMOOTH BLWFL300,SEV,,33000.0,48.8333,-68.7,2024-05-19 04:30:00,5.0,M,"('KCBW', 'KGYX', 'KCXX', 'KBOX', 'KENX')","['s3://unidata-nexrad-level2/2024/05/19/KCBW/KCBW20240519_042521_V06', 's3://unidata-nexrad-level2/2024/05/19/KGYX/KGYX20240519_042544_V06', 's3://unidata-nexrad-level2/2024/05/19/KCXX/KCXX20240519_042309_V06', 's3://unidata-nexrad-level2/2024/05/19/KBOX/KBOX20240519_042855_V06', 's3://unidata-nexrad-level2/2024/05/19/KENX/KENX20240519_042841_V06']"
F,B752,UUA /OV 4857N06810W /TM 0450 /FL350 /TP B752 /TB SEV 350 /RM MODTURB AT 290,SEV 350,,35000.0,48.95,-68.1666,2024-05-19 04:50:00,5.0,M,"('KCBW', 'KGYX', 'KCXX', 'KBOX', 'KENX')","['s3://unidata-nexrad-level2/2024/05/19/KCBW/KCBW20240519_044516_V06', 's3://unidata-nexrad-level2/2024/05/19/KGYX/KGYX20240519_044513_V06', 's3://unidata-nexrad-level2/2024/05/19/KCXX/KCXX20240519_044406_V06', 's3://unidata-nexrad-level2/2024/05/19/KBOX/KBOX20240519_044703_V06', 's3://unidata-nexrad-level2/2024/05/19/KENX/KENX20240519_044708_V06']"
T,C172,DAB UUA /OV P28A/TM 1609/FL017/TP C172/TB SEV,SEV,,1700.0,29.17992,-81.05806,2024-05-19 16:09:00,5.0,L,"('KMLB', 'KJAX', 'KTBW', 'KVAX', 'KCLX')","['s3://unidata-nexrad-level2/2024/05/19/KMLB/KMLB20240519_160725_V06', 's3://unidata-nexrad-level2/2024/05/19/KJAX/KJAX20240519_160317_V06', 's3://unidata-nexrad-level2/2024/05/19/KTBW/KTBW20240519_160637_V06', 's3://unidata-nexrad-level2/2024/05/19/KVAX/KVAX20240519_160821_V06', 's3://unidata-nexrad-level2/2024/05/19/KCLX/KCLX20240519_160803_V06']"
T,P28A,DAB UUA /OV 1 E OMN/TM 1609/FL017/TP P28A/TB SEV,SEV,,1700.0,29.30056,-81.09449671551975,2024-05-19 16:09:00,5.0,L,"('KMLB', 'KJAX', 'KTBW', 'KVAX', 'KCLX')","['s3://unidata-nexrad-level2/2024/05/19/KMLB/KMLB20240519_160725_V06', 's3://unidata-nexrad-level2/2024/05/19/KJAX/KJAX20240519_160317_V06', 's3://unidata-nexrad-level2/2024/05/19/KTBW/KTBW20240519_160637_V06', 's3://unidata-nexrad-level2/2024/05/19/KVAX/KVAX20240519_160821_V06', 's3://unidata-nexrad-level2/2024/05/19/KCLX/KCLX20240519_160803_V06']"
T,TBM7,DEN UUA /OV 30S/TM 1823/FL090/TP TBM7/TB SEV/RM LVL 090,SEV,,9000.0,39.8328,-104.6575,2024-05-19 18:23:00,5.0,L,"('KFTG', 'KCYS', 'KPUX', 'KGLD', 'KGJX')","['s3://unidata-nexrad-level2/2024/05/19/KFTG/KFTG20240519_181948_V06', 's3://unidata-nexrad-level2/2024/05/19/KCYS/KCYS20240519_182139_V06', 's3://unidata-nexrad-level2/2024/05/19/KPUX/KPUX20240519_181623_V06', 's3://unidata-nexrad-level2/2024/05/19/KGLD/KGLD20240519_182215_V06', 's3://unidata-nexrad-level2/2024/05/19/KGJX/KGJX20240519_182200_V06']"
T,C56X,DSM UUA /OV DSM020035/TM 1828/FL043/TP C56X/TB SEV 043,SEV 043,,4300.0,42.08214842931251,-93.38656606594948,2024-05-19 18:28:00,5.0,M,"('KDMX', 'KDVN', 'KOAX', 'KARX', 'KMPX')","['s3://unidata-nexrad-level2/2024/05/19/KDMX/KDMX20240519_182627_V06', 's3://unidata-nexrad-level2/2024/05/19/KDVN/KDVN20240519_182151_V06', 's3://unidata-nexrad-level2/2024/05/19/KOAX/KOAX20240519_182522_V06', 's3://unidata-nexrad-level2/2024/05/19/KARX/KARX20240519_182206_V06', 's3://unidata-nexrad-level2/2024/05/19/KMPX/KMPX20240519_182321_V06']"
T,C750,RIW UUA /OV RIW090020/TM 1913/FL450/TP C750/TB SEV CAT/RM +-200FT +-20KTS /ZLC,SEV CAT,,45000.0,43.06423,-108.00354998201612,2024-05-19 19:13:00,5.0,M,"('KRIW', 'KBLX', 'KCYS', 'KSFX', 'KGJX')","['s3://unidata-nexrad-level2/2024/05/19/KRIW/KRIW20240519_191115_V06', 's3://unidata-nexrad-level2/2024/05/19/KBLX/KBLX20240519_190753_V06', 's3://unidata-nexrad-level2/2024/05/19/KCYS/KCYS20240519_190754_V06', 's3://unidata-nexrad-level2/2024/05/19/KGJX/KGJX20240519_191108_V06']"
T,P28A,L08 UUA /OV L08 /TM 2005 /FL030 /TP P28A /TB SEV,SEV,,3000.0,33.259,-116.321,2024-05-19 20:05:00,5.0,L,"('KNKX', 'KSOX', 'KYUX', 'KEYX', 'KESX')","['s3://unidata-nexrad-level2/2024/05/19/KNKX/KNKX20240519_200230_V06', 's3://unidata-nexrad-level2/2024/05/19/KSOX/KSOX20240519_195852_V06', 's3://unidata-nexrad-level2/2024/05/19/KYUX/KYUX20240519_200051_V06', 's3://unidata-nexrad-level2/2024/05/19/KEYX/KEYX20240519_195821_V06', 's3://unidata-nexrad-level2/2024/05/19/KESX/KESX20240519_200047_V06']"
T,A319,MIA UUA /OV 2823N07406W/TM 1316/FL380/TP A319/TB SEV,SEV,,38000.0,28.3833,-74.1,2024-05-20 13:16:00,5.0,M,"('KMLB', 'KAMX', 'KAMX', 'KMHX', 'KLTX')","['s3://unidata-nexrad-level2/2024/05/20/KMLB/KMLB20240520_131308_V06', 's3://unidata-nexrad-level2/2024/05/20/KAMX/KAMX20240520_131555_V06', 's3://unidata-nexrad-level2/2024/05/20/KAMX/KAMX20240520_131555_V06', 's3://unidata-nexrad-level2/2024/05/20/KMHX/KMHX20240520_131454_V06', 's3://unidata-nexrad-level2/2024/05/20/KLTX/KLTX20240520_131341_V06']"
T,A319,MYNN UUA /OV ZQA034242/TM 1320/FL380/TP A319/TB SEV,SEV,,38000.0,28.344055722817803,-74.96122731361343,2024-05-20 13:20:00,5.0,M,"('KMLB', 'KAMX', 'KAMX', 'KLTX', 'KMHX')","['s3://unidata-nexrad-level2/2024/05/20/KMLB/KMLB20240520_131743_V06', 's3://unidata-nexrad-level2/2024/05/20/KAMX/KAMX20240520_131555_V06', 's3://unidata-nexrad-level2/2024/05/20/KAMX/KAMX20240520_131555_V06', 's3://unidata-nexrad-level2/2024/05/20/KLTX/KLTX20240520_131812_V06', 's3://unidata-nexrad-level2/2024/05/20/KMHX/KMHX20240520_131914_V06']"
T,SR22,DTW UUA /OV PTK/TM 1840/FL040/TP SR22/TB SEV,SEV,,4000.0,42.6655,-83.42008,2024-05-20 18:40:00,5.0,L,"('KDTX', 'KGRR', 'KCLE', 'KIWX', 'KAPX')","['s3://unidata-nexrad-level2/2024/05/20/KDTX/KDTX20240520_183738_V06', 's3://unidata-nexrad-level2/2024/05/20/KGRR/KGRR20240520_183554_V06', 's3://unidata-nexrad-level2/2024/05/20/KCLE/KCLE20240520_183606_V06', 's3://unidata-nexrad-level2/2024/05/20/KIWX/KIWX20240520_183554_V06', 's3://unidata-nexrad-level2/2024/05/20/KAPX/KAPX20240520_183823_V06']"
T,C172,GYR UUA /OV GYR/TM 1924/FL003/TP C172/TB EXTRM/RM EXTRM TURB SHORT FINAL RWY 21,EXTRM,,300.0,33.42235,-112.37358,2024-05-20 19:24:00,7.0,L,"('KIWA', 'KFSX', 'KFSX', 'KEMX', 'KYUX')","['s3://unidata-nexrad-level2/2024/05/20/KIWA/KIWA20240520_192322_V06', 's3://unidata-nexrad-level2/2024/05/20/KFSX/KFSX20240520_192051_V06', 's3://unidata-nexrad-level2/2024/05/20/KFSX/KFSX20240520_192051_V06', 's3://unidata-nexrad-level2/2024/05/20/KEMX/KEMX20240520_191738_V06', 's3://unidata-nexrad-level2/2024/05/20/KYUX/KYUX20240520_192358_V06']"
T,SF50,DEN UUA /OV DEN200025/TM 2209/FL110/TP SF50/TB SEV/RM 110-100,SEV,,11000.0,39.441229693348205,-104.84309290199324,2024-05-20 22:09:00,5.0,U,"('KFTG', 'KPUX', 'KCYS', 'KGLD', 'KGJX')","['s3://unidata-nexrad-level2/2024/05/20/KFTG/KFTG20240520_220713_V06', 's3://unidata-nexrad-level2/2024/05/20/KPUX/KPUX20240520_220627_V06', 's3://unidata-nexrad-level2/2024/05/20/KCYS/KCYS20240520_220821_V06', 's3://unidata-nexrad-level2/2024/05/20/KGLD/KGLD20240520_220634_V06', 's3://unidata-nexrad-level2/2024/05/20/KGJX/KGJX20240520_220610_V06']"
T,E75L,DEN UUA /OV DEN200030/TM 2214/FL210/TP E75L/TB SEV/RM FL210-220 DURC SUMMR2 DEPT ZDV,SEV,,21000.0,39.362915632017845,-104.88021148239189,2024-05-20 22:14:00,5.0,U,"('KPUX', 'KFTG', 'KCYS', 'KGLD', 'KGJX')","['s3://unidata-nexrad-level2/2024/05/20/KPUX/KPUX20240520_221329_V06', 's3://unidata-nexrad-level2/2024/05/20/KFTG/KFTG20240520_221219_V06', 's3://unidata-nexrad-level2/2024/05/20/KCYS/KCYS20240520_220821_V06', 's3://unidata-nexrad-level2/2024/05/20/KGLD/KGLD20240520_221342_V06', 's3://unidata-nexrad-level2/2024/05/20/KGJX/KGJX20240520_221053_V06']"
T,PC12,PBI UUA /OV PBI120014/TM 2220/FL070/TP PC12/TB SEV,SEV,,7000.0,26.56802388332388,-79.87322101768291,2024-05-20 22:20:00,5.0,L,"('KAMX', 'KAMX', 'KMLB', 'KTBW', 'KBYX')","['s3://unidata-nexrad-level2/2024/05/20/KAMX/KAMX20240520_221440_V06', 's3://unidata-nexrad-level2/2024/05/20/KAMX/KAMX20240520_221440_V06', 's3://unidata-nexrad-level2/2024/05/20/KMLB/KMLB20240520_221657_V06', 's3://unidata-nexrad-level2/2024/05/20/KTBW/KTBW20240520_221750_V06', 's3://unidata-nexrad-level2/2024/05/20/KBYX/KBYX20240520_221938_V06']"
T,C208,CNY UUA /OV CNY290010/TM 0009/FL100/TP C208/TB SEV 100/RM CLIMBING OUT OF CNY BELOW 100 /ZLC,SEV 100,,10000.0,38.81196797449749,-109.9556889842737,2024-05-21 00:09:00,5.0,L,"('KGJX', 'KICX', 'KMTX', 'KFSX', 'KFSX')","['s3://unidata-nexrad-level2/2024/05/21/KGJX/KGJX20240521_000650_V06', 's3://unidata-nexrad-level2/2024/05/21/KICX/KICX20240521_000412_V06', 's3://unidata-nexrad-level2/2024/05/21/KMTX/KMTX20240521_000535_V06', 's3://unidata-nexrad-level2/2024/05/21/KFSX/KFSX20240521_000512_V06', 's3://unidata-nexrad-level2/2024/05/21/KFSX/KFSX20240521_000512_V06']"
T,B739,ROA UUA /OV ROA047015/TM 1247/FL330/TP B739/TB SEV OCNL CAT330,SEV OCNL CAT330,,33000.0,37.48775356049622,-79.74375927995085,2024-05-21 12:47:00,5.0,M,"('KFCX', 'KRLX', 'KRAX', 'KAKQ', 'KJKL')","['s3://unidata-nexrad-level2/2024/05/21/KFCX/KFCX20240521_124436_V06', 's3://unidata-nexrad-level2/2024/05/21/KRLX/KRLX20240521_124019_V06', 's3://unidata-nexrad-level2/2024/05/21/KRAX/KRAX20240521_124521_V06', 's3://unidata-nexrad-level2/2024/05/21/KAKQ/KAKQ20240521_124237_V06', 's3://unidata-nexrad-level2/2024/05/21/KJKL/KJKL20240521_124133_V06']"
T,LJ60,ALO UUA /OV ALO140020/TM 1355/FL400/TP LJ60/TB INTMT SEV,INTMT SEV,,40000.0,42.29899616907302,-92.11040319843664,2024-05-21 13:55:00,5.0,M,"('KDMX', 'KDVN', 'KARX', 'KMPX', 'KMKX')","['s3://unidata-nexrad-level2/2024/05/21/KDMX/KDMX20240521_135237_V06', 's3://unidata-nexrad-level2/2024/05/21/KDVN/KDVN20240521_135347_V06', 's3://unidata-nexrad-level2/2024/05/21/KARX/KARX20240521_135339_V06', 's3://unidata-nexrad-level2/2024/05/21/KMPX/KMPX20240521_135427_V06', 's3://unidata-nexrad-level2/2024/05/21/KMKX/KMKX20240521_135038_V06']"
T,CL30,STJ UUA /OV STJ065033/TM 1548/FL450/TP CL30/TB SEV/RM ZKC FDC,SEV,,45000.0,40.00439887161977,-94.2611129955081,2024-05-21 15:48:00,5.0,U,"('KEAX', 'KDMX', 'KTWX', 'KOAX', 'KLSX')","['s3://unidata-nexrad-level2/2024/05/21/KEAX/KEAX20240521_154315_V06', 's3://unidata-nexrad-level2/2024/05/21/KDMX/KDMX20240521_154209_V06', 's3://unidata-nexrad-level2/2024/05/21/KTWX/KTWX20240521_154703_V06', 's3://unidata-nexrad-level2/2024/05/21/KOAX/KOAX20240521_154434_V06', 's3://unidata-nexrad-level2/2024/05/21/KLSX/KLSX20240521_154236_V06']"
T,G280,ICT UUA /OV ICT200025/TM 1825/FL400/TP G280/TB SEV/RM /ZKC/FDC,SEV,,40000.0,37.258429693348205,-97.61000466823668,2024-05-21 18:25:00,5.0,U,"('KVNX', 'KICT', 'KDDC', 'KTLX', 'KINX')","['s3://unidata-nexrad-level2/2024/05/21/KVNX/KVNX20240521_182346_V06', 's3://unidata-nexrad-level2/2024/05/21/KICT/KICT20240521_181811_V06', 's3://unidata-nexrad-level2/2024/05/21/KDDC/KDDC20240521_182133_V06', 's3://unidata-nexrad-level2/2024/05/21/KTLX/KTLX20240521_182252_V06', 's3://unidata-nexrad-level2/2024/05/21/KINX/KINX20240521_182229_V06']"
T,C172,ALN UUA /OV OV ALN/TM 1907/FL010/TP C172/TB CONS SEV CHOP AT 010,CONS SEV CHOP AT 010,,1000.0,38.88992,-90.04599,2024-05-21 19:07:00,5.0,L,"('KLSX', 'KILX', 'KVWX', 'KPAH', 'KDVN')","['s3://unidata-nexrad-level2/2024/05/21/KLSX/KLSX20240521_190350_V06', 's3://unidata-nexrad-level2/2024/05/21/KILX/KILX20240521_190527_V06', 's3://unidata-nexrad-level2/2024/05/21/KVWX/KVWX20240521_190405_V06', 's3://unidata-nexrad-level2/2024/05/21/KPAH/KPAH20240521_190139_V06', 's3://unidata-nexrad-level2/2024/05/21/KDVN/KDVN20240521_190520_V06']"
T,C172,MRI UUA /OV MRI045008/TM 1912/FL010/TP C172/TB SEV,SEV,,1000.0,61.30428854091908,-149.64421843960315,2024-05-21 19:12:00,5.0,L,"('PAHG', 'PAIH', 'PAIH', 'PAPD', 'PAKC')","['s3://unidata-nexrad-level2/2024/05/21/PAHG/PAHG20240521_191101_V06', 's3://unidata-nexrad-level2/2024/05/21/PAIH/PAIH20240521_190825_V06', 's3://unidata-nexrad-level2/2024/05/21/PAIH/PAIH20240521_190825_V06', 's3://unidata-nexrad-level2/2024/05/21/PAPD/PAPD20240521_190912_V06', 's3://unidata-nexrad-level2/2024/05/21/PAKC/PAKC20240521_191007_V06']"
T,PC12,SGJ UUA /OV SGJ/TM 1400/FL180/TP PC12/TB SEV-EXTRM/RM NO INJURIES,SEV-EXTRM,,18000.0,29.95925,-81.33972,2024-05-22 14:00:00,6.0,L,"('KJAX', 'KVAX', 'KMLB', 'KTBW', 'KTLH')","['s3://unidata-nexrad-level2/2024/05/22/KJAX/KJAX20240522_135344_V06', 's3://unidata-nexrad-level2/2024/05/22/KVAX/KVAX20240522_135737_V06', 's3://unidata-nexrad-level2/2024/05/22/KMLB/KMLB20240522_135656_V06', 's3://unidata-nexrad-level2/2024/05/22/KTBW/KTBW20240522_135557_V06', 's3://unidata-nexrad-level2/2024/05/22/KTLH/KTLH20240522_135954_V06']"
F,GLF4,ADW UA /OV OTT/TM 1558/FL190/TP GLF4/TB EXTRM/RM EXTRM TURB 220-190,EXTRM,,19000.0,38.71,-76.74,2024-05-22 15:58:00,7.0,M,"('KLWX', 'KDOX', 'KAKQ', 'KDIX', 'KCCX')","['s3://unidata-nexrad-level2/2024/05/22/KLWX/KLWX20240522_155248_V06', 's3://unidata-nexrad-level2/2024/05/22/KDOX/KDOX20240522_155448_V06', 's3://unidata-nexrad-level2/2024/05/22/KAKQ/KAKQ20240522_155217_V06', 's3://unidata-nexrad-level2/2024/05/22/KDIX/KDIX20240522_155126_V06', 's3://unidata-nexrad-level2/2024/05/22/KCCX/KCCX20240522_155620_V06']"
T,GLF4,ADW UUA /OV OTT/TM 1558/FL190/TP GLF4/TB EXTRM/RM EXTRM 220-190,EXTRM,,19000.0,38.71,-76.74,2024-05-22 15:58:00,7.0,M,"('KLWX', 'KDOX', 'KAKQ', 'KDIX', 'KCCX')","['s3://unidata-nexrad-level2/2024/05/22/KLWX/KLWX20240522_155248_V06', 's3://unidata-nexrad-level2/2024/05/22/KDOX/KDOX20240522_155448_V06', 's3://unidata-nexrad-level2/2024/05/22/KAKQ/KAKQ20240522_155217_V06', 's3://unidata-nexrad-level2/2024/05/22/KDIX/KDIX20240522_155126_V06', 's3://unidata-nexrad-level2/2024/05/22/KCCX/KCCX20240522_155620_V06']"
T,BE35,LIT UUA /OV LIT350012/TM 2200/FL030/TP BE35/TB SEV 030/RM NO INJURIES,SEV 030,,3000.0,34.92427750450399,-92.27799013179796,2024-05-22 22:00:00,5.0,L,"('KLZK', 'KSRX', 'KNQA', 'KSGF', 'KSHV')","['s3://unidata-nexrad-level2/2024/05/22/KLZK/KLZK20240522_215554_V06', 's3://unidata-nexrad-level2/2024/05/22/KSRX/KSRX20240522_215504_V06', 's3://unidata-nexrad-level2/2024/05/22/KNQA/KNQA20240522_215823_V06', 's3://unidata-nexrad-level2/2024/05/22/KSGF/KSGF20240522_215902_V06', 's3://unidata-nexrad-level2/2024/05/22/KSHV/KSHV20240522_215449_V06']"
T,PC12,SJN UUA /OV SJN245025/TM 2227/FL075/TP PC12/TB SEV CAT DEP SOW DURC/RM ZAB/FDCS,SEV CAT DEP SOW DURC,,7500.0,34.343894794227445,-109.83836364045816,2024-05-22 22:27:00,5.0,L,"('KFSX', 'KFSX', 'KIWA', 'KEMX', 'KABX')","['s3://unidata-nexrad-level2/2024/05/22/KFSX/KFSX20240522_221846_V06', 's3://unidata-nexrad-level2/2024/05/22/KFSX/KFSX20240522_221846_V06', 's3://unidata-nexrad-level2/2024/05/22/KIWA/KIWA20240522_222319_V06', 's3://unidata-nexrad-level2/2024/05/22/KEMX/KEMX20240522_222138_V06', 's3://unidata-nexrad-level2/2024/05/22/KABX/KABX20240522_221907_V06']"
F,A333,UUA /OV 4641N05146W /TM 0222 /FL400 /TP A333 /TB CONT SEV CAT /RMEASTBOUND CONT SEV CAT,CONT SEV CAT,,40000.0,46.6833,-51.7666,2024-05-23 02:22:00,5.0,H,"('KCBW', 'KGYX', 'KBOX', 'KCXX', 'KOKX')","['s3://unidata-nexrad-level2/2024/05/23/KCBW/KCBW20240523_021747_V06', 's3://unidata-nexrad-level2/2024/05/23/KGYX/KGYX20240523_021942_V06', 's3://unidata-nexrad-level2/2024/05/23/KBOX/KBOX20240523_022145_V06', 's3://unidata-nexrad-level2/2024/05/23/KCXX/KCXX20240523_021829_V06', 's3://unidata-nexrad-level2/2024/05/23/KOKX/KOKX20240523_022030_V06']"
F,B747,UUA /OV CYOW 270015 /TM 0612 /FL300 /TP B747 /TB SEV,SEV,,30000.0,45.3225,-76.02475915074375,2024-05-23 06:12:00,5.0,H,"('KTYX', 'KCXX', 'KBUF', 'KENX', 'KBGM')","['s3://unidata-nexrad-level2/2024/05/23/KTYX/KTYX20240523_060831_V06', 's3://unidata-nexrad-level2/2024/05/23/KCXX/KCXX20240523_060959_V06', 's3://unidata-nexrad-level2/2024/05/23/KBUF/KBUF20240523_061121_V06', 's3://unidata-nexrad-level2/2024/05/23/KENX/KENX20240523_060718_V06', 's3://unidata-nexrad-level2/2024/05/23/KBGM/KBGM20240523_060800_V06']"
T,F2TH,JST UUA /OV JST030020/TM 1413/FL400/TP F2TH/TB SEV/RM NO INJURIES OR DAMAGE / ZOB,SEV,,40000.0,40.6048085173041,-78.6153391725873,2024-05-23 14:13:00,5.0,M,"('KCCX', 'KPBZ', 'KLWX', 'KBUF', 'KBGM')","['s3://unidata-nexrad-level2/2024/05/23/KCCX/KCCX20240523_141246_V06', 's3://unidata-nexrad-level2/2024/05/23/KPBZ/KPBZ20240523_140920_V06', 's3://unidata-nexrad-level2/2024/05/23/KLWX/KLWX20240523_140959_V06', 's3://unidata-nexrad-level2/2024/05/23/KBUF/KBUF20240523_141202_V06', 's3://unidata-nexrad-level2/2024/05/23/KBGM/KBGM20240523_141213_V06']"
F,PC12,UUA /OV CYQA 180030 /TM 1502 /FL080 /TP PC12 /TB SEV 080,SEV 080,,8000.0,44.4746794999595,-79.30333,2024-05-23 15:02:00,5.0,L,"('KBUF', 'KTYX', 'KBGM', 'KCLE', 'KCCX')","['s3://unidata-nexrad-level2/2024/05/23/KBUF/KBUF20240523_145501_V06', 's3://unidata-nexrad-level2/2024/05/23/KTYX/KTYX20240523_145956_V06', 's3://unidata-nexrad-level2/2024/05/23/KBGM/KBGM20240523_145906_V06', 's3://unidata-nexrad-level2/2024/05/23/KCLE/KCLE20240523_145757_V06', 's3://unidata-nexrad-level2/2024/05/23/KCCX/KCCX20240523_145823_V06']"
T,PC12,BIL UUA /OV BIL102005/TM 1555/FL040/TP PC12/TB SEV 040-060/RM DURC,SEV 040-060,,4000.0,45.78957262235987,-108.42525639617683,2024-05-23 15:55:00,5.0,L,"('KBLX', 'KTFX', 'KGGW', 'KRIW', 'KSFX')","['s3://unidata-nexrad-level2/2024/05/23/KBLX/KBLX20240523_155312_V06', 's3://unidata-nexrad-level2/2024/05/23/KTFX/KTFX20240523_154953_V06', 's3://unidata-nexrad-level2/2024/05/23/KGGW/KGGW20240523_155300_V06', 's3://unidata-nexrad-level2/2024/05/23/KRIW/KRIW20240523_155128_V06', 's3://unidata-nexrad-level2/2024/05/23/KSFX/KSFX20240523_155314_V06']"
T,C750,CLL UUA /OV TNV045020/TM 1640/FL470/TP C750/TB SEV/RM 20NE TNV C750 RPTD SEV TURB FL470 AT 1640Z KZHU,SEV,,47000.0,30.525721352297698,-95.78701119755148,2024-05-23 16:40:00,5.0,M,"('KHGX', 'KGRK', 'KFWS', 'KEWX', 'KLCH')","['s3://unidata-nexrad-level2/2024/05/23/KHGX/KHGX20240523_163536_V06', 's3://unidata-nexrad-level2/2024/05/23/KGRK/KGRK20240523_163921_V06', 's3://unidata-nexrad-level2/2024/05/23/KFWS/KFWS20240523_163755_V06', 's3://unidata-nexrad-level2/2024/05/23/KEWX/KEWX20240523_163612_V06', 's3://unidata-nexrad-level2/2024/05/23/KLCH/KLCH20240523_163554_V06']"
T,B350,ABQ UUA /OV ABQ070002/TM 1830/FL120/TP B350/TB OCNL SEV/RM ONE SEVERE BUMP AT 120. NO DAMAGE  NO INJURY,OCNL SEV,,12000.0,35.053301594899494,-106.5772388714924,2024-05-23 18:30:00,5.0,M,"('KABX', 'KHDX', 'KFDX', 'KEPZ', 'KPUX')","['s3://unidata-nexrad-level2/2024/05/23/KABX/KABX20240523_182220_V06', 's3://unidata-nexrad-level2/2024/05/23/KHDX/KHDX20240523_182915_V06', 's3://unidata-nexrad-level2/2024/05/23/KFDX/KFDX20240523_182539_V06', 's3://unidata-nexrad-level2/2024/05/23/KEPZ/KEPZ20240523_182801_V06', 's3://unidata-nexrad-level2/2024/05/23/KPUX/KPUX20240523_182547_V06']"
F,DH8A,UUA /OV CZGI 295040 /TM 2350 /FL120 /TP DH8A /TB SEV /RM ENR CZGI -CYTH,SEV,,12000.0,55.12176832923609,-95.12930425307538,2024-05-23 23:50:00,5.0,M,"('KMVX', 'KDLH', 'KMBX', 'KBIS', 'KABR')","['s3://unidata-nexrad-level2/2024/05/23/KMVX/KMVX20240523_234540_V06', 's3://unidata-nexrad-level2/2024/05/23/KDLH/KDLH20240523_234824_V06', 's3://unidata-nexrad-level2/2024/05/23/KMBX/KMBX20240523_234724_V06', 's3://unidata-nexrad-level2/2024/05/23/KBIS/KBIS20240523_234956_V06', 's3://unidata-nexrad-level2/2024/05/23/KABR/KABR20240523_234405_V06']"
T,P28R,APA UUA /OV APA207007/TM 0013/FL090/TP P28R/TB SEV,SEV,,9000.0,39.46604081882462,-104.91871643266305,2024-05-24 00:13:00,5.0,L,"('KFTG', 'KPUX', 'KCYS', 'KGLD', 'KGJX')","['s3://unidata-nexrad-level2/2024/05/24/KFTG/KFTG20240524_001107_V06', 's3://unidata-nexrad-level2/2024/05/24/KPUX/KPUX20240524_000922_V06', 's3://unidata-nexrad-level2/2024/05/24/KCYS/KCYS20240524_000909_V06', 's3://unidata-nexrad-level2/2024/05/24/KGLD/KGLD20240524_001135_V06', 's3://unidata-nexrad-level2/2024/05/24/KGJX/KGJX20240524_001122_V06']"
T,BE20,HEZ UUA /OV HEZ270025/TM 0028/FL170/TP BE20/TB SEV/RM ZHU,SEV,,17000.0,31.61366,-91.78665358056134,2024-05-24 00:28:00,5.0,M,"('KPOE', 'KDGX', 'KHDC', 'KLCH', 'KSHV')","['s3://unidata-nexrad-level2/2024/05/24/KPOE/KPOE20240524_002419_V06', 's3://unidata-nexrad-level2/2024/05/24/KDGX/KDGX20240524_002314_V06', 's3://unidata-nexrad-level2/2024/05/24/KHDC/KHDC20240524_002537_V06', 's3://unidata-nexrad-level2/2024/05/24/KLCH/KLCH20240524_002519_V06', 's3://unidata-nexrad-level2/2024/05/24/KSHV/KSHV20240524_002206_V06']"
T,C68A,DBQ UUA /OV DBQ135003/TM 1200/FL040/TP C68A/TB SEV/RM SEV TURB 040-055,SEV,,4000.0,42.36299179715535,-90.66126295749122,2024-05-24 12:00:00,5.0,U,"('KDVN', 'KARX', 'KMKX', 'KLOT', 'KILX')","['s3://unidata-nexrad-level2/2024/05/24/KDVN/KDVN20240524_115626_V06', 's3://unidata-nexrad-level2/2024/05/24/KARX/KARX20240524_115643_V06', 's3://unidata-nexrad-level2/2024/05/24/KMKX/KMKX20240524_115922_V06', 's3://unidata-nexrad-level2/2024/05/24/KLOT/KLOT20240524_115922_V06', 's3://unidata-nexrad-level2/2024/05/24/KILX/KILX20240524_115818_V06']"
T,BE99,FAR UUA /OV KFAR340012/TM 1424/FL040/TP BE99/TB SEV 040,SEV 040,,4000.0,47.11323374719287,-96.91127752995658,2024-05-24 14:24:00,5.0,L,"('KMVX', 'KABR', 'KBIS', 'KMPX', 'KFSD')","['s3://unidata-nexrad-level2/2024/05/24/KMVX/KMVX20240524_141929_V06', 's3://unidata-nexrad-level2/2024/05/24/KABR/KABR20240524_142151_V06', 's3://unidata-nexrad-level2/2024/05/24/KBIS/KBIS20240524_142327_V06', 's3://unidata-nexrad-level2/2024/05/24/KMPX/KMPX20240524_142340_V06', 's3://unidata-nexrad-level2/2024/05/24/KFSD/KFSD20240524_142055_V06']"
T,BE9L,LIT UUA /OV PBF220015/TM 1430/FL040/TP BE9L/TB EXTRM 040/RM NO INJURIES REPORTED,EXTRM 040,,4000.0,33.98347337680477,-92.12897228666296,2024-05-24 14:30:00,7.0,L,"('KLZK', 'KSHV', 'KSRX', 'KNQA', 'KDGX')","['s3://unidata-nexrad-level2/2024/05/24/KLZK/KLZK20240524_142851_V06', 's3://unidata-nexrad-level2/2024/05/24/KSHV/KSHV20240524_142834_V06', 's3://unidata-nexrad-level2/2024/05/24/KSRX/KSRX20240524_142836_V06', 's3://unidata-nexrad-level2/2024/05/24/KNQA/KNQA20240524_142817_V06', 's3://unidata-nexrad-level2/2024/05/24/KDGX/KDGX20240524_142617_V06']"
T,A20N,JOT UUA /OV JOT200040/TM 1547/FL090/TP A20N/TB SEV 090/ MOD 110-090,SEV 090,,9000.0,40.89117750935713,-88.4801596659503,2024-05-24 15:47:00,5.0,U,"('KLOT', 'KILX', 'KDVN', 'KIND', 'KMKX')","['s3://unidata-nexrad-level2/2024/05/24/KLOT/KLOT20240524_154157_V06', 's3://unidata-nexrad-level2/2024/05/24/KILX/KILX20240524_154456_V06', 's3://unidata-nexrad-level2/2024/05/24/KDVN/KDVN20240524_154635_V06', 's3://unidata-nexrad-level2/2024/05/24/KIND/KIND20240524_154101_V06', 's3://unidata-nexrad-level2/2024/05/24/KMKX/KMKX20240524_154454_V06']"
T,PA46,MEM UUA /OV MEM090015/TM 1555/FL150/TP PA46/TB SEV/RM UPDRAFT +/-2000FT. ZME,SEV,,15000.0,35.06111,-89.67955334447842,2024-05-24 15:55:00,5.0,L,"('KNQA', 'KGWX', 'KLZK', 'KPAH', 'KHPX')","['s3://unidata-nexrad-level2/2024/05/24/KNQA/KNQA20240524_155109_V06', 's3://unidata-nexrad-level2/2024/05/24/KGWX/KGWX20240524_155423_V06', 's3://unidata-nexrad-level2/2024/05/24/KLZK/KLZK20240524_155228_V06', 's3://unidata-nexrad-level2/2024/05/24/KPAH/KPAH20240524_155424_V06', 's3://unidata-nexrad-level2/2024/05/24/KHPX/KHPX20240524_154917_V06']"
T,B752,ORD UUA /OV ORD050045/TM 1810/FL090/TP B752/TB SEV TB,SEV TB,,9000.0,42.46966975665124,-87.15890786819175,2024-05-24 18:10:00,5.0,M,"('KLOT', 'KMKX', 'KGRR', 'KIWX', 'KGRB')","['s3://unidata-nexrad-level2/2024/05/24/KLOT/KLOT20240524_180910_V06', 's3://unidata-nexrad-level2/2024/05/24/KMKX/KMKX20240524_180853_V06', 's3://unidata-nexrad-level2/2024/05/24/KGRR/KGRR20240524_180550_V06', 's3://unidata-nexrad-level2/2024/05/24/KIWX/KIWX20240524_180859_V06', 's3://unidata-nexrad-level2/2024/05/24/KGRB/KGRB20240524_180755_V06']"
T,B39M,ORD UUA /OV ORD090025/TM 1813/FL060/TP B39M/TB SEV TB,SEV TB,,6000.0,41.98754,-87.37131404129019,2024-05-24 18:13:00,5.0,U,"('KLOT', 'KMKX', 'KIWX', 'KGRR', 'KIND')","['s3://unidata-nexrad-level2/2024/05/24/KLOT/KLOT20240524_180910_V06', 's3://unidata-nexrad-level2/2024/05/24/KMKX/KMKX20240524_180853_V06', 's3://unidata-nexrad-level2/2024/05/24/KIWX/KIWX20240524_180859_V06', 's3://unidata-nexrad-level2/2024/05/24/KGRR/KGRR20240524_181011_V06', 's3://unidata-nexrad-level2/2024/05/24/KIND/KIND20240524_181249_V06']"
T,E75S,OTM UUA /OV OTM180010/TM 2026/FL300/TP E75S/TB SEV/RM CLIMB OF +500 FT,SEV,,30000.0,40.93411283331984,-92.444592,2024-05-24 20:26:00,5.0,U,"('KDMX', 'KDVN', 'KLSX', 'KILX', 'KEAX')","['s3://unidata-nexrad-level2/2024/05/24/KDMX/KDMX20240524_202523_V06', 's3://unidata-nexrad-level2/2024/05/24/KDVN/KDVN20240524_202255_V06', 's3://unidata-nexrad-level2/2024/05/24/KLSX/KLSX20240524_202039_V06', 's3://unidata-nexrad-level2/2024/05/24/KILX/KILX20240524_202511_V06', 's3://unidata-nexrad-level2/2024/05/24/KEAX/KEAX20240524_202501_V06']"
T,PC24,RIL UUA /OV 33V/TM 2239/FL170/TP PC24/TB SEV,SEV,,17000.0,40.7503,-106.2715,2024-05-24 22:39:00,5.0,U,"('KCYS', 'KFTG', 'KGJX', 'KPUX', 'KRIW')","['s3://unidata-nexrad-level2/2024/05/24/KCYS/KCYS20240524_223325_V06', 's3://unidata-nexrad-level2/2024/05/24/KFTG/KFTG20240524_223312_V06', 's3://unidata-nexrad-level2/2024/05/24/KGJX/KGJX20240524_223652_V06', 's3://unidata-nexrad-level2/2024/05/24/KPUX/KPUX20240524_223359_V06', 's3://unidata-nexrad-level2/2024/05/24/KRIW/KRIW20240524_223730_V06']"
F,A359,UUA /OV 4840N08500W /TM 0623 /FL390 /TP A359 /TB SEV CAT 390,SEV CAT 390,,39000.0,48.6666,-85.0,2024-05-25 06:23:00,5.0,U,"('KMQT', 'KAPX', 'KGRB', 'KGRR', 'KDTX')","['s3://unidata-nexrad-level2/2024/05/25/KMQT/KMQT20240525_062223_V06', 's3://unidata-nexrad-level2/2024/05/25/KAPX/KAPX20240525_062026_V06', 's3://unidata-nexrad-level2/2024/05/25/KGRR/KGRR20240525_062243_V06', 's3://unidata-nexrad-level2/2024/05/25/KDTX/KDTX20240525_061948_V06']"
T,C700,DFW UUA /OV UKW115020/TM 2105/FL110/TP C700/TB SEV/RM ZFW,SEV,,11000.0,33.39911583538196,-97.4575201447156,2024-05-25 21:05:00,5.0,U,"('KFWS', 'KFDR', 'KDYX', 'KOUN', 'KTLX')","['s3://unidata-nexrad-level2/2024/05/25/KFWS/KFWS20240525_210000_V06', 's3://unidata-nexrad-level2/2024/05/25/KFDR/KFDR20240525_205922_V06', 's3://unidata-nexrad-level2/2024/05/25/KDYX/KDYX20240525_210456_V06', 's3://unidata-nexrad-level2/2024/05/25/KTLX/KTLX20240525_210351_V06']"
T,C700,DFW UUA /OV 30 NW AFW/TM 2106/FL110/TP C700 /TB SEV @ 110/RM NO INJURIES,SEV @ 110,,11000.0,33.258416048044424,-97.80612373383728,2024-05-25 21:06:00,5.0,U,"('KFWS', 'KDYX', 'KFDR', 'KOUN', 'KTLX')","['s3://unidata-nexrad-level2/2024/05/25/KFWS/KFWS20240525_210515_V06', 's3://unidata-nexrad-level2/2024/05/25/KDYX/KDYX20240525_210456_V06', 's3://unidata-nexrad-level2/2024/05/25/KFDR/KFDR20240525_210557_V06', 's3://unidata-nexrad-level2/2024/05/25/KTLX/KTLX20240525_210351_V06']"
T,A321,DFW UUA /OV 40 SE DFW/TM 2212/FL110 /TP A321/TB SEV,SEV,,11000.0,32.425387295404605,-96.47652468042584,2024-05-25 22:12:00,5.0,M,"('KFWS', 'KGRK', 'KSHV', 'KDYX', 'KOUN')","['s3://unidata-nexrad-level2/2024/05/25/KFWS/KFWS20240525_220818_V06', 's3://unidata-nexrad-level2/2024/05/25/KGRK/KGRK20240525_220907_V06', 's3://unidata-nexrad-level2/2024/05/25/KSHV/KSHV20240525_221034_V06', 's3://unidata-nexrad-level2/2024/05/25/KDYX/KDYX20240525_221002_V06']"
T,B737,DFW UUA /OV SLUGG/TM 2225/FL130/TP B737/TB SEV/RM 130-050 DURD ZFW,SEV,,13000.0,32.89683,-97.038,2024-05-25 22:25:00,5.0,M,"('KFWS', 'KDYX', 'KFDR', 'KGRK', 'KOUN')","['s3://unidata-nexrad-level2/2024/05/25/KFWS/KFWS20240525_222114_V06', 's3://unidata-nexrad-level2/2024/05/25/KDYX/KDYX20240525_222100_V06', 's3://unidata-nexrad-level2/2024/05/25/KFDR/KFDR20240525_222447_V06', 's3://unidata-nexrad-level2/2024/05/25/KGRK/KGRK20240525_222413_V06']"
F,C501,DFW UA /OV BYP300020/TM 2246/FL100/TP C501/TB SEV/RM ZFW,SEV,,10000.0,33.706680166680165,-96.57636882472654,2024-05-25 22:46:00,5.0,L,"('KFWS', 'KOUN', 'KTLX', 'KFDR', 'KINX')","['s3://unidata-nexrad-level2/2024/05/25/KFWS/KFWS20240525_224249_V06', 's3://unidata-nexrad-level2/2024/05/25/KTLX/KTLX20240525_224236_V06', 's3://unidata-nexrad-level2/2024/05/25/KFDR/KFDR20240525_224420_V06', 's3://unidata-nexrad-level2/2024/05/25/KINX/KINX20240525_224156_V06']"
T,PC12,STC UUA /OV STC/TM 2248/FL080/TP PC12/TB SEV 085,SEV 085,,8000.0,45.5433,-94.0513,2024-05-25 22:48:00,5.0,L,"('KMPX', 'KDLH', 'KARX', 'KFSD', 'KDMX')","['s3://unidata-nexrad-level2/2024/05/25/KMPX/KMPX20240525_224641_V06', 's3://unidata-nexrad-level2/2024/05/25/KDLH/KDLH20240525_224634_V06', 's3://unidata-nexrad-level2/2024/05/25/KARX/KARX20240525_224750_V06', 's3://unidata-nexrad-level2/2024/05/25/KFSD/KFSD20240525_224414_V06', 's3://unidata-nexrad-level2/2024/05/25/KDMX/KDMX20240525_224324_V06']"
T,PA32,DFW UUA /OV 15 W FWS/TM 2354/FL040/TP PA32/TB SEV,SEV,,4000.0,32.57296965,-97.6000036291028,2024-05-25 23:54:00,5.0,L,"('KFWS', 'KDYX', 'KGRK', 'KFDR', 'KOUN')","['s3://unidata-nexrad-level2/2024/05/25/KFWS/KFWS20240525_234944_V06', 's3://unidata-nexrad-level2/2024/05/25/KDYX/KDYX20240525_235021_V06', 's3://unidata-nexrad-level2/2024/05/25/KGRK/KGRK20240525_235145_V06', 's3://unidata-nexrad-level2/2024/05/25/KFDR/KFDR20240525_234948_V06']"
T,PA32,MWL UUA /OV MQP120020/TM 2358/FL035/TP PA32/TB SEV CAT 035-045/RM ZFW,SEV CAT 035-045,,3500.0,32.56331983331983,-97.65681291300142,2024-05-25 23:58:00,5.0,L,"('KFWS', 'KDYX', 'KGRK', 'KFDR', 'KOUN')","['s3://unidata-nexrad-level2/2024/05/25/KFWS/KFWS20240525_235425_V06', 's3://unidata-nexrad-level2/2024/05/25/KDYX/KDYX20240525_235540_V06', 's3://unidata-nexrad-level2/2024/05/25/KGRK/KGRK20240525_235746_V06', 's3://unidata-nexrad-level2/2024/05/25/KFDR/KFDR20240525_235555_V06']"
T,E170,DFW UUA /OV 30 SE DFW/TM 0040/FL180/TP E170/TB SEV,SEV,,18000.0,32.54324797155345,-96.61689351031936,2024-05-26 00:40:00,5.0,U,"('KFWS', 'KGRK', 'KDYX', 'KSHV', 'KFDR')","['s3://unidata-nexrad-level2/2024/05/26/KFWS/KFWS20240526_003539_V06', 's3://unidata-nexrad-level2/2024/05/26/KGRK/KGRK20240526_003959_V06', 's3://unidata-nexrad-level2/2024/05/26/KDYX/KDYX20240526_003848_V06', 's3://unidata-nexrad-level2/2024/05/26/KSHV/KSHV20240526_003422_V06', 's3://unidata-nexrad-level2/2024/05/26/KFDR/KFDR20240526_003954_V06']"
T,MU2,END UUA /OV END152010/TM 0042/FL200/TP MU2/TB SEV CAT 200/RM ZKC FDC,SEV CAT 200,,20000.0,36.19200014805242,-97.81935620310963,2024-05-26 00:42:00,5.0,L,"('KOUN', 'KVNX', 'KICT', 'KTLX', 'KINX')","['s3://unidata-nexrad-level2/2024/05/26/KVNX/KVNX20240526_003550_V06', 's3://unidata-nexrad-level2/2024/05/26/KICT/KICT20240526_004153_V06', 's3://unidata-nexrad-level2/2024/05/26/KTLX/KTLX20240526_003600_V06', 's3://unidata-nexrad-level2/2024/05/26/KINX/KINX20240526_004028_V06']"
F,LJ60,DFW UA /OV OVR LNC/TM 0134/FL040/TP LJ60/TB SEV,SEV,,4000.0,41.17,-95.74,2024-05-26 01:34:00,5.0,M,"('KOAX', 'KDMX', 'KTWX', 'KFSD', 'KEAX')","['s3://unidata-nexrad-level2/2024/05/26/KOAX/KOAX20240526_013229_V06', 's3://unidata-nexrad-level2/2024/05/26/KDMX/KDMX20240526_012955_V06', 's3://unidata-nexrad-level2/2024/05/26/KTWX/KTWX20240526_013147_V06', 's3://unidata-nexrad-level2/2024/05/26/KFSD/KFSD20240526_013206_V06', 's3://unidata-nexrad-level2/2024/05/26/KEAX/KEAX20240526_013331_V06']"
T,B763,DFW UUA /OV TTT175045/TM 1140/FL100/TP B763/TB SEV,SEV,,10000.0,32.12279345754276,-96.96216718848736,2024-05-26 11:40:00,5.0,H,"('KFWS', 'KGRK', 'KDYX', 'KEWX', 'KFDR')","['s3://unidata-nexrad-level2/2024/05/26/KFWS/KFWS20240526_113835_V06', 's3://unidata-nexrad-level2/2024/05/26/KGRK/KGRK20240526_113744_V06', 's3://unidata-nexrad-level2/2024/05/26/KDYX/KDYX20240526_113555_V06', 's3://unidata-nexrad-level2/2024/05/26/KFDR/KFDR20240526_113616_V06']"
T,CH75,FSM UUA /OV FSM360025/TM 1204/FL030/TP CH75/TB EXTRM 030,EXTRM 030,,3000.0,35.75328041670041,-94.36744,2024-05-26 12:04:00,7.0,U,"('KSRX', 'KINX', 'KSGF', 'KLZK', 'KTLX')","['s3://unidata-nexrad-level2/2024/05/26/KSRX/KSRX20240526_120128_V06', 's3://unidata-nexrad-level2/2024/05/26/KINX/KINX20240526_120209_V06', 's3://unidata-nexrad-level2/2024/05/26/KSGF/KSGF20240526_120050_V06', 's3://unidata-nexrad-level2/2024/05/26/KLZK/KLZK20240526_120325_V06', 's3://unidata-nexrad-level2/2024/05/26/KTLX/KTLX20240526_120149_V06']"
F,B738,SBN UA /OV GIJ/TM 1646/FL370/TP B738/TB SEV/RM CRIEF MOMENT OF SEV TURB,SEV,,37000.0,41.77,-86.32,2024-05-26 16:46:00,5.0,M,"('KIWX', 'KGRR', 'KLOT', 'KDTX', 'KMKX')","['s3://unidata-nexrad-level2/2024/05/26/KIWX/KIWX20240526_164224_V06', 's3://unidata-nexrad-level2/2024/05/26/KGRR/KGRR20240526_164343_V06', 's3://unidata-nexrad-level2/2024/05/26/KLOT/KLOT20240526_164243_V06', 's3://unidata-nexrad-level2/2024/05/26/KDTX/KDTX20240526_164354_V06', 's3://unidata-nexrad-level2/2024/05/26/KMKX/KMKX20240526_164308_V06']"
T,B738,SBN UUA /OV GIJ/TM 1646/FL370/TP B738/TB SEV/RM CRIEF MOMENT OF SEV TURB,SEV,,37000.0,41.77,-86.32,2024-05-26 16:46:00,5.0,M,"('KIWX', 'KGRR', 'KLOT', 'KDTX', 'KMKX')","['s3://unidata-nexrad-level2/2024/05/26/KIWX/KIWX20240526_164224_V06', 's3://unidata-nexrad-level2/2024/05/26/KGRR/KGRR20240526_164343_V06', 's3://unidata-nexrad-level2/2024/05/26/KLOT/KLOT20240526_164243_V06', 's3://unidata-nexrad-level2/2024/05/26/KDTX/KDTX20240526_164354_V06', 's3://unidata-nexrad-level2/2024/05/26/KMKX/KMKX20240526_164308_V06']"
T,BE36,BNA UUA /OV BNA270030/TM 1756/FL030/TP BE36/TB SEV/RM ZME,SEV,,3000.0,36.11889,-87.30818860885368,2024-05-26 17:56:00,5.0,L,"('KOHX', 'KHPX', 'KPAH', 'KHTX', 'KVWX')","['s3://unidata-nexrad-level2/2024/05/26/KOHX/KOHX20240526_175354_V06', 's3://unidata-nexrad-level2/2024/05/26/KHPX/KHPX20240526_175316_V06', 's3://unidata-nexrad-level2/2024/05/26/KPAH/KPAH20240526_175408_V06', 's3://unidata-nexrad-level2/2024/05/26/KHTX/KHTX20240526_175314_V06', 's3://unidata-nexrad-level2/2024/05/26/KVWX/KVWX20240526_175552_V06']"
T,B738,SBY UUA /OV SBY110035/TM 2150/FL350/TP B738/TB SEV,SEV,,35000.0,38.14097208925876,-74.81136870453237,2024-05-26 21:50:00,5.0,M,"('KDOX', 'KLWX', 'KDIX', 'KAKQ', 'KOKX')","['s3://unidata-nexrad-level2/2024/05/26/KDOX/KDOX20240526_214619_V06', 's3://unidata-nexrad-level2/2024/05/26/KLWX/KLWX20240526_214937_V06', 's3://unidata-nexrad-level2/2024/05/26/KDIX/KDIX20240526_214557_V06', 's3://unidata-nexrad-level2/2024/05/26/KAKQ/KAKQ20240526_214711_V06', 's3://unidata-nexrad-level2/2024/05/26/KOKX/KOKX20240526_214822_V06']"
T,EXP,TYS UUA /OV DKX 270005/TM 2201/FL038/TP EXP/TB SEV TB DURD,SEV TB DURD,,3800.0,35.9638,-83.97666676333681,2024-05-26 22:01:00,5.0,L,"('KMRX', 'KJKL', 'KGSP', 'KHTX', 'KOHX')","['s3://unidata-nexrad-level2/2024/05/26/KMRX/KMRX20240526_215603_V06', 's3://unidata-nexrad-level2/2024/05/26/KJKL/KJKL20240526_215917_V06', 's3://unidata-nexrad-level2/2024/05/26/KGSP/KGSP20240526_215552_V06', 's3://unidata-nexrad-level2/2024/05/26/KHTX/KHTX20240526_215830_V06', 's3://unidata-nexrad-level2/2024/05/26/KOHX/KOHX20240526_215954_V06']"
T,SR22,ROW UUA /OV KROW045020 /TM 2202 /FL110 /TP SR22 /TB SEV,SEV,,11000.0,33.5357213522977,-104.24797167242964,2024-05-26 22:02:00,5.0,L,"('KFDX', 'KHDX', 'KLBB', 'KMAF', 'KEPZ')","['s3://unidata-nexrad-level2/2024/05/26/KFDX/KFDX20240526_215552_V06', 's3://unidata-nexrad-level2/2024/05/26/KHDX/KHDX20240526_220056_V06', 's3://unidata-nexrad-level2/2024/05/26/KLBB/KLBB20240526_215615_V06', 's3://unidata-nexrad-level2/2024/05/26/KMAF/KMAF20240526_215718_V06', 's3://unidata-nexrad-level2/2024/05/26/KEPZ/KEPZ20240526_220029_V06']"
T,B737,BNA UUA /OV BNA090030/TM 0532/FL145/TP B737/TB SEV 145-110 DURD/RM ZME,SEV 145-110 DURD,,14500.0,36.11889,-86.07015139114633,2024-05-27 05:32:00,5.0,M,"('KOHX', 'KHPX', 'KHTX', 'KLVX', 'KMRX')","['s3://unidata-nexrad-level2/2024/05/27/KOHX/KOHX20240527_053101_V06', 's3://unidata-nexrad-level2/2024/05/27/KHPX/KHPX20240527_053043_V06', 's3://unidata-nexrad-level2/2024/05/27/KHTX/KHTX20240527_053145_V06', 's3://unidata-nexrad-level2/2024/05/27/KLVX/KLVX20240527_052919_V06', 's3://unidata-nexrad-level2/2024/05/27/KMRX/KMRX20240527_052900_V06']"
T,SR2,CRG UUA /OV CRG350050/TM 1545/FL060/TP SR2/TB SEV,SEV,,6000.0,31.15683960209997,-81.68237733707178,2024-05-27 15:45:00,5.0,U,"('KJAX', 'KVAX', 'KCLX', 'KJGX', 'KTLH')","['s3://unidata-nexrad-level2/2024/05/27/KJAX/KJAX20240527_154036_V06', 's3://unidata-nexrad-level2/2024/05/27/KVAX/KVAX20240527_154146_V06', 's3://unidata-nexrad-level2/2024/05/27/KCLX/KCLX20240527_154320_V06', 's3://unidata-nexrad-level2/2024/05/27/KJGX/KJGX20240527_154243_V06', 's3://unidata-nexrad-level2/2024/05/27/KTLH/KTLH20240527_154248_V06']"
F,M20,PHL UA /OV 15 W DQO/TM 1640/FL050/TP M20/TB SEVERE SEV,SEVERE SEV,,5000.0,39.68,-75.93486089797625,2024-05-27 16:40:00,5.0,L,"('KDOX', 'KDIX', 'KLWX', 'KCCX', 'KBGM')","['s3://unidata-nexrad-level2/2024/05/27/KDOX/KDOX20240527_163622_V06', 's3://unidata-nexrad-level2/2024/05/27/KDIX/KDIX20240527_163515_V06', 's3://unidata-nexrad-level2/2024/05/27/KLWX/KLWX20240527_163652_V06', 's3://unidata-nexrad-level2/2024/05/27/KCCX/KCCX20240527_163637_V06', 's3://unidata-nexrad-level2/2024/05/27/KBGM/KBGM20240527_163452_V06']"
T,BE33,TCL UUA /OV OKZ/TM 1743/FL060/TP BE33/TB EXTRM/RM A80 REPORT NO DAMAGE NO ZTLFD-19,EXTRM,,6000.0,32.9667,-82.8382,2024-05-27 17:43:00,7.0,L,"('KJGX', 'KCLX', 'KFFC', 'KCAE', 'KGSP')","['s3://unidata-nexrad-level2/2024/05/27/KJGX/KJGX20240527_173721_V06', 's3://unidata-nexrad-level2/2024/05/27/KCLX/KCLX20240527_173937_V06', 's3://unidata-nexrad-level2/2024/05/27/KFFC/KFFC20240527_173746_V06', 's3://unidata-nexrad-level2/2024/05/27/KCAE/KCAE20240527_174234_V06', 's3://unidata-nexrad-level2/2024/05/27/KGSP/KGSP20240527_173412_V06']"
T,C25B,DAG UUA /OV HEC240015/TM 1822/FL300/TP C25B/TB SEV/RM POSSILBLE WAKE FROM B777 20 MILES IN FRONT. ZLA CWSU,SEV,,30000.0,34.67498987498987,-116.72368397554264,2024-05-27 18:22:00,5.0,U,"('KEYX', 'KSOX', 'KESX', 'KNKX', 'KVTX')","['s3://unidata-nexrad-level2/2024/05/27/KEYX/KEYX20240527_181807_V06', 's3://unidata-nexrad-level2/2024/05/27/KSOX/KSOX20240527_181800_V06', 's3://unidata-nexrad-level2/2024/05/27/KESX/KESX20240527_181934_V06', 's3://unidata-nexrad-level2/2024/05/27/KNKX/KNKX20240527_181725_V06', 's3://unidata-nexrad-level2/2024/05/27/KVTX/KVTX20240527_182022_V06']"
F,E35L,JFK UA /OV DPK090015/TM 1936/FL200/TP E35L/TB SEV,SEV,,20000.0,40.79,-72.96976984672628,2024-05-27 19:36:00,5.0,U,"('KOKX', 'KDIX', 'KBOX', 'KENX', 'KBGM')","['s3://unidata-nexrad-level2/2024/05/27/KOKX/KOKX20240527_193044_V06', 's3://unidata-nexrad-level2/2024/05/27/KDIX/KDIX20240527_193506_V06', 's3://unidata-nexrad-level2/2024/05/27/KBOX/KBOX20240527_193234_V06', 's3://unidata-nexrad-level2/2024/05/27/KENX/KENX20240527_193033_V06', 's3://unidata-nexrad-level2/2024/05/27/KBGM/KBGM20240527_193321_V06']"
T,C172,LFT UUA /OV LFT225002/TM 2129/FL115/TP C172/TB SEV/RM ZHU,SEV,,11500.0,30.17502445477023,-92.016836450449,2024-05-27 21:29:00,5.0,L,"('KLCH', 'KPOE', 'KHDC', 'KLIX', 'KSHV')","['s3://unidata-nexrad-level2/2024/05/27/KLCH/KLCH20240527_212757_V06', 's3://unidata-nexrad-level2/2024/05/27/KPOE/KPOE20240527_212111_V06', 's3://unidata-nexrad-level2/2024/05/27/KHDC/KHDC20240527_212127_V06', 's3://unidata-nexrad-level2/2024/05/27/KSHV/KSHV20240527_212630_V06']"
T,BE35,WRB UUA /OV DBN180010/TM 2220/FL110/TP BE35/TB SEV/RM ZTLFD 19,SEV,,11000.0,32.39773653331984,-82.9852778,2024-05-27 22:20:00,5.0,L,"('KJGX', 'KVAX', 'KFFC', 'KCLX', 'KJAX')","['s3://unidata-nexrad-level2/2024/05/27/KJGX/KJGX20240527_221944_V06', 's3://unidata-nexrad-level2/2024/05/27/KVAX/KVAX20240527_221820_V06', 's3://unidata-nexrad-level2/2024/05/27/KFFC/KFFC20240527_221957_V06', 's3://unidata-nexrad-level2/2024/05/27/KCLX/KCLX20240527_221658_V06', 's3://unidata-nexrad-level2/2024/05/27/KJAX/KJAX20240527_221821_V06']"
T,CRJ7,RIC UUA /OV CGE/TM 0252/FL120/TP CRJ7/TB EXTRM/RM TB MOD-EXTRM OVER SOUTHERN DELMARVA PEN. FOR 40NM AT 120,EXTRM,,12000.0,38.5393244,-76.0303992,2024-05-28 02:52:00,7.0,M,"('KDOX', 'KLWX', 'KAKQ', 'KDIX', 'KCCX')","['s3://unidata-nexrad-level2/2024/05/28/KDOX/KDOX20240528_025142_V06', 's3://unidata-nexrad-level2/2024/05/28/KLWX/KLWX20240528_025120_V06', 's3://unidata-nexrad-level2/2024/05/28/KAKQ/KAKQ20240528_025149_V06', 's3://unidata-nexrad-level2/2024/05/28/KDIX/KDIX20240528_025126_V06', 's3://unidata-nexrad-level2/2024/05/28/KCCX/KCCX20240528_024700_V06']"
T,B788,ACY UUA /OV CYN28020/TM 0311/FL100/TP B788/SK TOP 300/TB SEV 100/RM MOD TURB TO 170,SEV 100,,10000.0,39.82,-74.43,2024-05-28 03:11:00,5.0,U,"('KDIX', 'KDOX', 'KOKX', 'KBGM', 'KENX')","['s3://unidata-nexrad-level2/2024/05/28/KDIX/KDIX20240528_030820_V06', 's3://unidata-nexrad-level2/2024/05/28/KDOX/KDOX20240528_030723_V06', 's3://unidata-nexrad-level2/2024/05/28/KOKX/KOKX20240528_030900_V06', 's3://unidata-nexrad-level2/2024/05/28/KBGM/KBGM20240528_030712_V06', 's3://unidata-nexrad-level2/2024/05/28/KENX/KENX20240528_030711_V06']"
T,C25B,SEP UUA /OV SEP/TM 1336/FL051/TP C25B/TB SEV/RM RNAV 32 ZFW,SEV,,5100.0,32.21533,-98.17767,2024-05-28 13:36:00,5.0,U,"('KFWS', 'KDYX', 'KGRK', 'KSJT', 'KFDR')","['s3://unidata-nexrad-level2/2024/05/28/KFWS/KFWS20240528_133442_V06', 's3://unidata-nexrad-level2/2024/05/28/KDYX/KDYX20240528_133346_V06', 's3://unidata-nexrad-level2/2024/05/28/KGRK/KGRK20240528_133321_V06', 's3://unidata-nexrad-level2/2024/05/28/KFDR/KFDR20240528_133107_V06']"
T,C208,IAH UUA /OV DAS360040/TM 1549/FL110/TP C208/TB SEV/RM ZHU,SEV,,11000.0,30.85672066672067,-94.65,2024-05-28 15:49:00,5.0,L,"('KHGX', 'KLCH', 'KPOE', 'KSHV', 'KGRK')","['s3://unidata-nexrad-level2/2024/05/28/KHGX/KHGX20240528_154338_V06', 's3://unidata-nexrad-level2/2024/05/28/KLCH/KLCH20240528_154602_V06', 's3://unidata-nexrad-level2/2024/05/28/KPOE/KPOE20240528_154606_V06', 's3://unidata-nexrad-level2/2024/05/28/KSHV/KSHV20240528_154359_V06', 's3://unidata-nexrad-level2/2024/05/28/KGRK/KGRK20240528_154858_V06']"
T,SR22,CLL UUA /OV 15 SW CLL/TM 1627/FL060/TP SR22/TB SEV TURB,SEV TURB,,6000.0,30.41126898577672,-96.5692584227892,2024-05-28 16:27:00,5.0,L,"('KGRK', 'KEWX', 'KHGX', 'KFWS', 'KCRP')","['s3://unidata-nexrad-level2/2024/05/28/KGRK/KGRK20240528_162523_V06', 's3://unidata-nexrad-level2/2024/05/28/KEWX/KEWX20240528_162428_V06', 's3://unidata-nexrad-level2/2024/05/28/KHGX/KHGX20240528_162314_V06', 's3://unidata-nexrad-level2/2024/05/28/KFWS/KFWS20240528_162529_V06', 's3://unidata-nexrad-level2/2024/05/28/KCRP/KCRP20240528_162341_V06']"
T,C421,11R UUA /OV IDU/TM 1813/FL080/TP C421/TB SEV TURB,SEV TURB,,8000.0,29.96,-96.56,2024-05-28 18:13:00,5.0,L,"('KGRK', 'KEWX', 'KHGX', 'KCRP', 'KFWS')","['s3://unidata-nexrad-level2/2024/05/28/KGRK/KGRK20240528_180953_V06', 's3://unidata-nexrad-level2/2024/05/28/KEWX/KEWX20240528_180956_V06', 's3://unidata-nexrad-level2/2024/05/28/KHGX/KHGX20240528_180736_V06', 's3://unidata-nexrad-level2/2024/05/28/KCRP/KCRP20240528_180858_V06', 's3://unidata-nexrad-level2/2024/05/28/KFWS/KFWS20240528_181145_V06']"
T,LEG2,TRI UUA /OV HMV100015/TM 1911/FL065/TP LEG2/TB OCNL SEV/RM NO DAMAGE OR INJURIES ZTLFD-45,OCNL SEV,,6500.0,36.39658443920415,-81.82393634426998,2024-05-28 19:11:00,5.0,U,"('KMRX', 'KFCX', 'KGSP', 'KJKL', 'KRLX')","['s3://unidata-nexrad-level2/2024/05/28/KMRX/KMRX20240528_190353_V06', 's3://unidata-nexrad-level2/2024/05/28/KFCX/KFCX20240528_190836_V06', 's3://unidata-nexrad-level2/2024/05/28/KGSP/KGSP20240528_190238_V06', 's3://unidata-nexrad-level2/2024/05/28/KRLX/KRLX20240528_190930_V06']"
F,C25B,OKC UA /OV KOKC025040/TM 2000/FL100/TP C25B/TB SEV 100/RM DURD,SEV 100,,10000.0,35.99315413202721,-97.25497377048978,2024-05-28 20:00:00,5.0,U,"('KOUN', 'KTLX', 'KVNX', 'KINX', 'KICT')","['s3://unidata-nexrad-level2/2024/05/28/KTLX/KTLX20240528_194425_V06', 's3://unidata-nexrad-level2/2024/05/28/KVNX/KVNX20240528_195904_V06', 's3://unidata-nexrad-level2/2024/05/28/KINX/KINX20240528_195828_V06', 's3://unidata-nexrad-level2/2024/05/28/KICT/KICT20240528_195947_V06']"
F,SF50,SJN UA /OV SJN106032/TM 2008/FL190/TP SF50/TB SEV TURB/RM ZAB FDCS,SEV TURB,,19000.0,34.372981502685256,-108.75771969593836,2024-05-28 20:08:00,5.0,U,"('KABX', 'KFSX', 'KFSX', 'KHDX', 'KIWA')","['s3://unidata-nexrad-level2/2024/05/28/KABX/KABX20240528_200748_V06', 's3://unidata-nexrad-level2/2024/05/28/KFSX/KFSX20240528_200658_V06', 's3://unidata-nexrad-level2/2024/05/28/KFSX/KFSX20240528_200658_V06', 's3://unidata-nexrad-level2/2024/05/28/KHDX/KHDX20240528_200416_V06', 's3://unidata-nexrad-level2/2024/05/28/KIWA/KIWA20240528_200217_V06']"
T,C310,VCT UUA /OV VCT225025/TM 2121/FL030/TP C310/TB EXTRM/RM 25SW VCT C310 RPRT EXTREME TURB FL030 AT 2121Z KZHU,EXTRM,,3000.0,28.56674830962788,-97.26674106375472,2024-05-28 21:21:00,7.0,L,"('KCRP', 'KEWX', 'KHGX', 'KGRK', 'KBRO')","['s3://unidata-nexrad-level2/2024/05/28/KCRP/KCRP20240528_212006_V06', 's3://unidata-nexrad-level2/2024/05/28/KEWX/KEWX20240528_212019_V06', 's3://unidata-nexrad-level2/2024/05/28/KHGX/KHGX20240528_211759_V06', 's3://unidata-nexrad-level2/2024/05/28/KGRK/KGRK20240528_211636_V06', 's3://unidata-nexrad-level2/2024/05/28/KBRO/KBRO20240528_211502_V06']"
T,BE9L,ABI UUA /OV ABI315033/TM 0026/FL190/TP BE9L/TA M08/TB OCNL SEV CAT /IC MOD RIME/RM ZFW,OCNL SEV CAT,,19000.0,32.7995687412912,-100.1427905516509,2024-05-29 00:26:00,5.0,L,"('KDYX', 'KSJT', 'KLBB', 'KFDR', 'KMAF')","['s3://unidata-nexrad-level2/2024/05/29/KDYX/KDYX20240529_002050_V06', 's3://unidata-nexrad-level2/2024/05/29/KSJT/KSJT20240529_002534_V06', 's3://unidata-nexrad-level2/2024/05/29/KLBB/KLBB20240529_002126_V06', 's3://unidata-nexrad-level2/2024/05/29/KFDR/KFDR20240529_002349_V06', 's3://unidata-nexrad-level2/2024/05/29/KMAF/KMAF20240529_002521_V06']"
F,BE58,HOB UA /OV HOB280030/TM 0255/FL095/TP BE58/TB SEV/RM ISOLATED POCKET OF SEV TURB ZFW,SEV,,9500.0,32.774361121591696,-103.80213833950756,2024-05-29 02:55:00,5.0,L,"('KMAF', 'KFDX', 'KLBB', 'KHDX', 'KEPZ')","['s3://unidata-nexrad-level2/2024/05/29/KMAF/KMAF20240529_025229_V06', 's3://unidata-nexrad-level2/2024/05/29/KFDX/KFDX20240529_024924_V06', 's3://unidata-nexrad-level2/2024/05/29/KLBB/KLBB20240529_025204_V06', 's3://unidata-nexrad-level2/2024/05/29/KHDX/KHDX20240529_025032_V06', 's3://unidata-nexrad-level2/2024/05/29/KEPZ/KEPZ20240529_025243_V06']"
T,BE58,DFW UUA /OV UKW270030/TM 0515/FL070/TP BE58/TB SEV/RM 070B090 ZFW,SEV,,7000.0,33.54,-98.41992840258428,2024-05-29 05:15:00,5.0,L,"('KFDR', 'KDYX', 'KFWS', 'KOUN', 'KTLX')","['s3://unidata-nexrad-level2/2024/05/29/KFDR/KFDR20240529_051456_V06', 's3://unidata-nexrad-level2/2024/05/29/KDYX/KDYX20240529_051445_V06', 's3://unidata-nexrad-level2/2024/05/29/KFWS/KFWS20240529_051329_V06', 's3://unidata-nexrad-level2/2024/05/29/KTLX/KTLX20240529_051235_V06']"
T,BE9L,DEN UUA /OV 30 NW /TM 1849/FL090/TP BE9L/TB SEV,SEV,,9000.0,39.8328,-104.6575,2024-05-29 18:49:00,5.0,L,"('KFTG', 'KCYS', 'KPUX', 'KGLD', 'KGJX')","['s3://unidata-nexrad-level2/2024/05/29/KFTG/KFTG20240529_184741_V06', 's3://unidata-nexrad-level2/2024/05/29/KCYS/KCYS20240529_184526_V06', 's3://unidata-nexrad-level2/2024/05/29/KPUX/KPUX20240529_184836_V06', 's3://unidata-nexrad-level2/2024/05/29/KGLD/KGLD20240529_184424_V06', 's3://unidata-nexrad-level2/2024/05/29/KGJX/KGJX20240529_184645_V06']"
T,PA24,RIW UUA /OV RIW245033/TM 0215/FL128/TP PA24/TB SEV/ZLC,SEV,,12800.0,42.83177112838023,-109.14217967413572,2024-05-30 02:15:00,5.0,L,"('KRIW', 'KSFX', 'KMTX', 'KBLX', 'KGJX')","['s3://unidata-nexrad-level2/2024/05/30/KRIW/KRIW20240530_021223_V06', 's3://unidata-nexrad-level2/2024/05/30/KSFX/KSFX20240530_021318_V06', 's3://unidata-nexrad-level2/2024/05/30/KMTX/KMTX20240530_021446_V06', 's3://unidata-nexrad-level2/2024/05/30/KBLX/KBLX20240530_021058_V06', 's3://unidata-nexrad-level2/2024/05/30/KGJX/KGJX20240530_021316_V06']"
T,E170,GDJ UUA /OV GDJ190017/TM 1420/FL180/TP E170/TB SEV/RM ZFW,SEV,,18000.0,32.16536853528601,-97.87524499763094,2024-05-30 14:20:00,5.0,U,"('KFWS', 'KDYX', 'KGRK', 'KSJT', 'KFDR')","['s3://unidata-nexrad-level2/2024/05/30/KFWS/KFWS20240530_141900_V06', 's3://unidata-nexrad-level2/2024/05/30/KDYX/KDYX20240530_141633_V06', 's3://unidata-nexrad-level2/2024/05/30/KGRK/KGRK20240530_141659_V06', 's3://unidata-nexrad-level2/2024/05/30/KSJT/KSJT20240530_141817_V06', 's3://unidata-nexrad-level2/2024/05/30/KFDR/KFDR20240530_141645_V06']"
F,AA5,UUA /OV CSR3 /TM 1900 /FL035 /TP AA5 /TB MDT-SEV 035-045 /RM BTWCSR3 AND CSG5,MDT-SEV 035-045,,3500.0,46.11,-71.93,2024-05-30 19:00:00,5.0,L,"('KCXX', 'KGYX', 'KCBW', 'KENX', 'KBOX')","['s3://unidata-nexrad-level2/2024/05/30/KCXX/KCXX20240530_185849_V06', 's3://unidata-nexrad-level2/2024/05/30/KGYX/KGYX20240530_185515_V06', 's3://unidata-nexrad-level2/2024/05/30/KCBW/KCBW20240530_185933_V06', 's3://unidata-nexrad-level2/2024/05/30/KENX/KENX20240530_185608_V06', 's3://unidata-nexrad-level2/2024/05/30/KBOX/KBOX20240530_185745_V06']"
T,C56X,ABQ UUA /OV ABQ010025/TM 2105/FL150/TP C56X/TB SEV/RM NO INJURIES OR DAMAGE REPORTED. LGT TURB ABV OR BLO ZAB/FDCS,SEV,,15000.0,35.45226980104999,-106.52712036534794,2024-05-30 21:05:00,5.0,M,"('KABX', 'KHDX', 'KFDX', 'KPUX', 'KEPZ')","['s3://unidata-nexrad-level2/2024/05/30/KABX/KABX20240530_210459_V06', 's3://unidata-nexrad-level2/2024/05/30/KHDX/KHDX20240530_205941_V06', 's3://unidata-nexrad-level2/2024/05/30/KFDX/KFDX20240530_210024_V06', 's3://unidata-nexrad-level2/2024/05/30/KPUX/KPUX20240530_210303_V06', 's3://unidata-nexrad-level2/2024/05/30/KEPZ/KEPZ20240530_205944_V06']"
F,C340,ACT UA /OV ACT270015/TM 2115/FL040/TP C340/TB SEV BLO 100,SEV BLO 100,,4000.0,31.61797,-97.52190174370593,2024-05-30 21:15:00,5.0,L,"('KGRK', 'KFWS', 'KDYX', 'KEWX', 'KSJT')","['s3://unidata-nexrad-level2/2024/05/30/KGRK/KGRK20240530_211222_V06', 's3://unidata-nexrad-level2/2024/05/30/KFWS/KFWS20240530_211107_V06', 's3://unidata-nexrad-level2/2024/05/30/KDYX/KDYX20240530_211347_V06', 's3://unidata-nexrad-level2/2024/05/30/KEWX/KEWX20240530_211215_V06', 's3://unidata-nexrad-level2/2024/05/30/KSJT/KSJT20240530_211447_V06']"
F,C650,DAL UA /OV 5 S DAL/TM 2116/FL050/TP C650/TB SEV/RM DURD,SEV,,5000.0,32.76376991665992,-96.85178,2024-05-30 21:16:00,5.0,M,"('KFWS', 'KDYX', 'KGRK', 'KOUN', 'KTLX')","['s3://unidata-nexrad-level2/2024/05/30/KFWS/KFWS20240530_211107_V06', 's3://unidata-nexrad-level2/2024/05/30/KDYX/KDYX20240530_211347_V06', 's3://unidata-nexrad-level2/2024/05/30/KGRK/KGRK20240530_211222_V06', 's3://unidata-nexrad-level2/2024/05/30/KTLX/KTLX20240530_211138_V06']"
T,C650,DAL UUA /OV DAL180005/TM 2116/FL050/TP C650/TB SEV/RM DURD - ZFW,SEV,,5000.0,32.76376991665992,-96.85178,2024-05-30 21:16:00,5.0,M,"('KFWS', 'KDYX', 'KGRK', 'KOUN', 'KTLX')","['s3://unidata-nexrad-level2/2024/05/30/KFWS/KFWS20240530_211107_V06', 's3://unidata-nexrad-level2/2024/05/30/KDYX/KDYX20240530_211347_V06', 's3://unidata-nexrad-level2/2024/05/30/KGRK/KGRK20240530_211222_V06', 's3://unidata-nexrad-level2/2024/05/30/KTLX/KTLX20240530_211138_V06']"
T,LJ60,TPL UUA /OV TPL270030/TM 2150/FL400/TP LJ60/TB SEV/RM ZHU,SEV,,40000.0,31.1525,-97.99208046827673,2024-05-30 21:50:00,5.0,M,"('KGRK', 'KDYX', 'KEWX', 'KFWS', 'KSJT')","['s3://unidata-nexrad-level2/2024/05/30/KGRK/KGRK20240530_214451_V06', 's3://unidata-nexrad-level2/2024/05/30/KDYX/KDYX20240530_214603_V06', 's3://unidata-nexrad-level2/2024/05/30/KEWX/KEWX20240530_214846_V06', 's3://unidata-nexrad-level2/2024/05/30/KFWS/KFWS20240530_214833_V06', 's3://unidata-nexrad-level2/2024/05/30/KSJT/KSJT20240530_214948_V06']"
T,LJ60,DRT UUA /OV DRT180020/TM 2344/FL080/TP LJ60/TB SEV/RM ZHU,SEV,,8000.0,29.04084966663967,-100.92716,2024-05-30 23:44:00,5.0,M,"('KDFX', 'KSJT', 'KEWX', 'KMAF', 'KCRP')","['s3://unidata-nexrad-level2/2024/05/30/KDFX/KDFX20240530_234147_V06', 's3://unidata-nexrad-level2/2024/05/30/KSJT/KSJT20240530_233952_V06', 's3://unidata-nexrad-level2/2024/05/30/KEWX/KEWX20240530_234330_V06', 's3://unidata-nexrad-level2/2024/05/30/KMAF/KMAF20240530_234000_V06', 's3://unidata-nexrad-level2/2024/05/30/KCRP/KCRP20240530_234038_V06']"
T,BE58,LBB UUA /OV KLBB360007/TM 0055/FL057/TP BE58/TB SEV TURB/RM 7 MILE FINAL LDG RWY 17R,SEV TURB,,5700.0,33.78031611667612,-101.82278,2024-05-31 00:55:00,5.0,L,"('KLBB', 'KAMA', 'KFDX', 'KMAF', 'KSJT')","['s3://unidata-nexrad-level2/2024/05/31/KLBB/KLBB20240531_005147_V06', 's3://unidata-nexrad-level2/2024/05/31/KAMA/KAMA20240531_004954_V06', 's3://unidata-nexrad-level2/2024/05/31/KFDX/KFDX20240531_005414_V06', 's3://unidata-nexrad-level2/2024/05/31/KMAF/KMAF20240531_004906_V06', 's3://unidata-nexrad-level2/2024/05/31/KSJT/KSJT20240531_005402_V06']"
T,B737,SJT UUA /OV SJT270005/TM 0147/FL230/TP B737/TB SEV/RM ZHU,SEV,,23000.0,31.35167,-100.5925890652597,2024-05-31 01:47:00,5.0,M,"('KSJT', 'KMAF', 'KDYX', 'KDFX', 'KLBB')","['s3://unidata-nexrad-level2/2024/05/31/KSJT/KSJT20240531_014651_V06', 's3://unidata-nexrad-level2/2024/05/31/KMAF/KMAF20240531_014352_V06', 's3://unidata-nexrad-level2/2024/05/31/KDYX/KDYX20240531_014353_V06', 's3://unidata-nexrad-level2/2024/05/31/KDFX/KDFX20240531_014228_V06', 's3://unidata-nexrad-level2/2024/05/31/KLBB/KLBB20240531_014616_V06']"
T,B737,TME UUA /OV 20E IDU/TM 0246/FL190/TP B737/TB SEV TURB FL190-FL205/RM KZHU,SEV TURB FL190-FL205,,19000.0,29.96,-96.17522364028464,2024-05-31 02:46:00,5.0,M,"('KHGX', 'KGRK', 'KEWX', 'KCRP', 'KLCH')","['s3://unidata-nexrad-level2/2024/05/31/KHGX/KHGX20240531_023921_V06', 's3://unidata-nexrad-level2/2024/05/31/KGRK/KGRK20240531_024238_V06', 's3://unidata-nexrad-level2/2024/05/31/KEWX/KEWX20240531_024412_V06', 's3://unidata-nexrad-level2/2024/05/31/KCRP/KCRP20240531_024551_V06', 's3://unidata-nexrad-level2/2024/05/31/KLCH/KLCH20240531_024033_V06']"
F,C404,LFT UA /OV 25E LFT/TM 0310/FL110/TP C404/TB SEV TURB FL110/RM KZHU,SEV TURB FL110,,11000.0,30.19859659,-91.5074310221458,2024-05-31 03:10:00,5.0,L,"('KHDC', 'KLIX', 'KLCH', 'KPOE', 'KDGX')","['s3://unidata-nexrad-level2/2024/05/31/KHDC/KHDC20240531_030923_V06', 's3://unidata-nexrad-level2/2024/05/31/KLCH/KLCH20240531_030750_V06', 's3://unidata-nexrad-level2/2024/05/31/KPOE/KPOE20240531_030333_V06', 's3://unidata-nexrad-level2/2024/05/31/KDGX/KDGX20240531_030639_V06']"
T,AT72,CDS UUA /OV CDS146050/TM 0312/FL170/TP AT72/TB SEV/RM NO DMG OR INJURIES ZFW,SEV,,17000.0,33.742969396112024,-99.72302169298266,2024-05-31 03:12:00,5.0,M,"('KFDR', 'KDYX', 'KLBB', 'KFWS', 'KAMA')","['s3://unidata-nexrad-level2/2024/05/31/KFDR/KFDR20240531_030725_V06', 's3://unidata-nexrad-level2/2024/05/31/KDYX/KDYX20240531_031059_V06', 's3://unidata-nexrad-level2/2024/05/31/KLBB/KLBB20240531_030955_V06', 's3://unidata-nexrad-level2/2024/05/31/KFWS/KFWS20240531_031114_V06', 's3://unidata-nexrad-level2/2024/05/31/KAMA/KAMA20240531_030920_V06']"
T,AT72,ABI UUA /OV ABI330048/TM 1004/FL200/TP AT72/TA M17/TB SEV 190-200/IC MOD MX 190-200/RM 100 FT LOSS IN TURB ZFW,SEV 190-200,,20000.0,33.103504951529835,-100.1559293743278,2024-05-31 10:04:00,5.0,M,"('KDYX', 'KLBB', 'KFDR', 'KSJT', 'KMAF')","['s3://unidata-nexrad-level2/2024/05/31/KDYX/KDYX20240531_100215_V06', 's3://unidata-nexrad-level2/2024/05/31/KLBB/KLBB20240531_100258_V06', 's3://unidata-nexrad-level2/2024/05/31/KFDR/KFDR20240531_100007_V06', 's3://unidata-nexrad-level2/2024/05/31/KSJT/KSJT20240531_100348_V06', 's3://unidata-nexrad-level2/2024/05/31/KMAF/KMAF20240531_095729_V06']"
T,GLF5,GGG UUA /OV GGG360020/TM 1718/FL425/TP GLF5/TB SEV 250/RM ZFW,SEV 250,,42500.0,32.717370333360336,-94.71149,2024-05-31 17:18:00,5.0,M,"('KSHV', 'KSRX', 'KPOE', 'KFWS', 'KLZK')","['s3://unidata-nexrad-level2/2024/05/31/KSHV/KSHV20240531_171735_V06', 's3://unidata-nexrad-level2/2024/05/31/KSRX/KSRX20240531_171526_V06', 's3://unidata-nexrad-level2/2024/05/31/KPOE/KPOE20240531_171558_V06', 's3://unidata-nexrad-level2/2024/05/31/KFWS/KFWS20240531_171630_V06', 's3://unidata-nexrad-level2/2024/05/31/KLZK/KLZK20240531_171727_V06']"
F,M20P,PSP UA /OV L35090005/TM 1810/FL080/TP M20P/TB SEV,SEV,,8000.0,34.2637778,-116.75518728843316,2024-05-31 18:10:00,5.0,L,"('KSOX', 'KEYX', 'KNKX', 'KVTX', 'KESX')","['s3://unidata-nexrad-level2/2024/05/31/KSOX/KSOX20240531_180713_V06', 's3://unidata-nexrad-level2/2024/05/31/KEYX/KEYX20240531_180754_V06', 's3://unidata-nexrad-level2/2024/05/31/KNKX/KNKX20240531_180507_V06', 's3://unidata-nexrad-level2/2024/05/31/KVTX/KVTX20240531_180319_V06', 's3://unidata-nexrad-level2/2024/05/31/KESX/KESX20240531_180556_V06']"
T,M20P,L35 UUA /OV L35090005/TM 1810/FL080/TP M20P/TB SEV/RM COR SA-ID AND MSG TYPE. ZLA CWSU,SEV,,8000.0,34.2637778,-116.75518728843316,2024-05-31 18:10:00,5.0,L,"('KSOX', 'KEYX', 'KNKX', 'KVTX', 'KESX')","['s3://unidata-nexrad-level2/2024/05/31/KSOX/KSOX20240531_180713_V06', 's3://unidata-nexrad-level2/2024/05/31/KEYX/KEYX20240531_180754_V06', 's3://unidata-nexrad-level2/2024/05/31/KNKX/KNKX20240531_180507_V06', 's3://unidata-nexrad-level2/2024/05/31/KVTX/KVTX20240531_180319_V06', 's3://unidata-nexrad-level2/2024/05/31/KESX/KESX20240531_180556_V06']"
T,C172,PRC UUA /OV 2 MILES SW OF PRC/TM 1818/FL060/TP C172/TB SEV/RM RIGHT CROSSWIND RY21R.,SEV,,6000.0,34.65,-112.42,2024-05-31 18:18:00,5.0,L,"('KFSX', 'KFSX', 'KIWA', 'KESX', 'KICX')","['s3://unidata-nexrad-level2/2024/05/31/KFSX/KFSX20240531_181103_V06', 's3://unidata-nexrad-level2/2024/05/31/KFSX/KFSX20240531_181103_V06', 's3://unidata-nexrad-level2/2024/05/31/KIWA/KIWA20240531_181447_V06', 's3://unidata-nexrad-level2/2024/05/31/KESX/KESX20240531_181446_V06', 's3://unidata-nexrad-level2/2024/05/31/KICX/KICX20240531_181513_V06']"
T,C172,PRC UUA /OV 2 MILES SW OF PRC/TM 1818/FL060/TP C172/TB SEV/RM RIGHT CROSSWIND RY21R,SEV,,6000.0,34.65,-112.42,2024-05-31 18:18:00,5.0,L,"('KFSX', 'KFSX', 'KIWA', 'KESX', 'KICX')","['s3://unidata-nexrad-level2/2024/05/31/KFSX/KFSX20240531_181103_V06', 's3://unidata-nexrad-level2/2024/05/31/KFSX/KFSX20240531_181103_V06', 's3://unidata-nexrad-level2/2024/05/31/KIWA/KIWA20240531_181447_V06', 's3://unidata-nexrad-level2/2024/05/31/KESX/KESX20240531_181446_V06', 's3://unidata-nexrad-level2/2024/05/31/KICX/KICX20240531_181513_V06']"
T,C172,PRC UUA /OV 2 NM SW PRC/TM 1818/FL060/TP C172/TB SEV/RM ON RIGHT CROSSWIND RWY21R...ZAB/FDCS,SEV,,6000.0,34.65,-112.42,2024-05-31 18:18:00,5.0,L,"('KFSX', 'KFSX', 'KIWA', 'KESX', 'KICX')","['s3://unidata-nexrad-level2/2024/05/31/KFSX/KFSX20240531_181103_V06', 's3://unidata-nexrad-level2/2024/05/31/KFSX/KFSX20240531_181103_V06', 's3://unidata-nexrad-level2/2024/05/31/KIWA/KIWA20240531_181447_V06', 's3://unidata-nexrad-level2/2024/05/31/KESX/KESX20240531_181446_V06', 's3://unidata-nexrad-level2/2024/05/31/KICX/KICX20240531_181513_V06']"
T,C172,PRC UUA /OV 2 M SW PRC/TM 1818/FL060/TP C172/TB SEV/RM ON RIGHT CROSSWIND RWY21R...ZAB/FDCS,SEV,,6000.0,34.65,-112.42,2024-05-31 18:18:00,5.0,L,"('KFSX', 'KFSX', 'KIWA', 'KESX', 'KICX')","['s3://unidata-nexrad-level2/2024/05/31/KFSX/KFSX20240531_181103_V06', 's3://unidata-nexrad-level2/2024/05/31/KFSX/KFSX20240531_181103_V06', 's3://unidata-nexrad-level2/2024/05/31/KIWA/KIWA20240531_181447_V06', 's3://unidata-nexrad-level2/2024/05/31/KESX/KESX20240531_181446_V06', 's3://unidata-nexrad-level2/2024/05/31/KICX/KICX20240531_181513_V06']"
T,CL35,BTR UUA /OV LSU135030/TM 1920/FL130/TP CL35/TB EXTRM TURB,EXTRM TURB,,13000.0,30.12641797155345,-90.88971982471016,2024-05-31 19:20:00,7.0,U,"('KHDC', 'KLIX', 'KLCH', 'KPOE', 'KDGX')","['s3://unidata-nexrad-level2/2024/05/31/KHDC/KHDC20240531_191727_V06', 's3://unidata-nexrad-level2/2024/05/31/KLCH/KLCH20240531_191942_V06', 's3://unidata-nexrad-level2/2024/05/31/KPOE/KPOE20240531_191503_V06', 's3://unidata-nexrad-level2/2024/05/31/KDGX/KDGX20240531_191430_V06']"
F,FA50,LKU UA /OV GVE050050/TM 2117/FL340/TP FA50/TB SEV,SEV,,34000.0,38.69169972961249,-77.35390066164524,2024-05-31 21:17:00,5.0,M,"('KLWX', 'KDOX', 'KAKQ', 'KDIX', 'KFCX')","['s3://unidata-nexrad-level2/2024/05/31/KLWX/KLWX20240531_211336_V06', 's3://unidata-nexrad-level2/2024/05/31/KDOX/KDOX20240531_211200_V06', 's3://unidata-nexrad-level2/2024/05/31/KAKQ/KAKQ20240531_211630_V06', 's3://unidata-nexrad-level2/2024/05/31/KDIX/KDIX20240531_211325_V06', 's3://unidata-nexrad-level2/2024/05/31/KFCX/KFCX20240531_211141_V06']"
T,FA50,LKU UUA /OV GVE050050/TM 2117/FL340/TP FA50/TB SEV,SEV,,34000.0,38.69169972961249,-77.35390066164524,2024-05-31 21:17:00,5.0,M,"('KLWX', 'KDOX', 'KAKQ', 'KDIX', 'KFCX')","['s3://unidata-nexrad-level2/2024/05/31/KLWX/KLWX20240531_211336_V06', 's3://unidata-nexrad-level2/2024/05/31/KDOX/KDOX20240531_211200_V06', 's3://unidata-nexrad-level2/2024/05/31/KAKQ/KAKQ20240531_211630_V06', 's3://unidata-nexrad-level2/2024/05/31/KDIX/KDIX20240531_211325_V06', 's3://unidata-nexrad-level2/2024/05/31/KFCX/KFCX20240531_211141_V06']"
T,A320,LYH UUA /OV MOL035035/TM 2309/FL320/TP A320/TB SEV,SEV,,32000.0,38.37787739747471,-78.68594714874787,2024-05-31 23:09:00,5.0,M,"('KLWX', 'KRLX', 'KFCX', 'KPBZ', 'KAKQ')","['s3://unidata-nexrad-level2/2024/05/31/KLWX/KLWX20240531_230317_V06', 's3://unidata-nexrad-level2/2024/05/31/KRLX/KRLX20240531_230137_V06', 's3://unidata-nexrad-level2/2024/05/31/KFCX/KFCX20240531_230221_V06', 's3://unidata-nexrad-level2/2024/05/31/KPBZ/KPBZ20240531_230727_V06', 's3://unidata-nexrad-level2/2024/05/31/KAKQ/KAKQ20240531_230546_V06']"
T,BE40,GRK UUA /OV AGJ/TM 2312/FL240/TP BE40/TB SEV/RM ZHU,SEV,,24000.0,31.07,-97.83,2024-05-31 23:12:00,5.0,M,"('KGRK', 'KEWX', 'KFWS', 'KDYX', 'KSJT')","['s3://unidata-nexrad-level2/2024/05/31/KGRK/KGRK20240531_230902_V06', 's3://unidata-nexrad-level2/2024/05/31/KFWS/KFWS20240531_230951_V06', 's3://unidata-nexrad-level2/2024/05/31/KDYX/KDYX20240531_230816_V06', 's3://unidata-nexrad-level2/2024/05/31/KSJT/KSJT20240531_231115_V06']"
