URGENT,AIRCRAFT,REPORT,TURBULENCE,PRODUCT_ID,FL,LAT,LON,datetime,turbulence_intensity,in_sigmet,Plane Weight,nexrad_sites,aws_files
T,SH36,DTO UUA /OV DFW360025 /TM 2203 /FL040 /TP SH36 /TB SEV,SEV,,4000.0,33.31353041670042,-97.038,2009-08-05 22:03:00+00:00,5.0,1,M,"('KFWS', 'KFDR', 'KOUN', 'KDYX', 'KTLX')","['s3://unidata-nexrad-level2/2009/08/05/KFWS/KFWS20090805_220025_V03.gz', 's3://unidata-nexrad-level2/2009/08/05/KFDR/KFDR20090805_220141_V03.gz', 's3://unidata-nexrad-level2/2009/08/05/KDYX/KDYX20090805_220147_V03.gz', 's3://unidata-nexrad-level2/2009/08/05/KTLX/KTLX20090805_215851_V03.gz']"
F,E145,MLU UA /OV MLU/TM 2023/FL360/TP E145/TB SEV/RM AWC-WEB:KZHU,SEV,,36000.0,32.51086,-92.03769,2009-08-01 20:23:00+00:00,5.0,0,M,"('KSHV', 'KPOE', 'KDGX', 'KLZK', 'KHDC')","['s3://unidata-nexrad-level2/2009/08/01/KSHV/KSHV20090801_201848_V03.gz', 's3://unidata-nexrad-level2/2009/08/01/KDGX/KDGX20090801_202242_V03.gz', 's3://unidata-nexrad-level2/2009/08/01/KLZK/KLZK20090801_201827_V03.gz']"
T,CRJ2,HND UUA /OV GFS300020/TM 2231/FL320/TP CRJ2/TB SEV/RM ZLA CWSU,SEV,,32000.0,35.29668016668017,-115.53299753630353,2009-08-23 22:31:00+00:00,5.0,1,M,"('KESX', 'KEYX', 'KSOX', 'KYUX', 'KNKX')","['s3://unidata-nexrad-level2/2009/08/23/KESX/KESX20090823_223043_V03.gz', 's3://unidata-nexrad-level2/2009/08/23/KSOX/KSOX20090823_222719_V03.gz', 's3://unidata-nexrad-level2/2009/08/23/KYUX/KYUX20090823_222954_V03.gz', 's3://unidata-nexrad-level2/2009/08/23/KNKX/KNKX20090823_222655_V03.gz']"
F,A319,ACY UA /OV SIE080015/TM 1715/FL210/TP A319/TB SEV,SEV,,21000.0,39.14341556079585,-74.48272273618183,2009-08-28 17:15:00+00:00,5.0,1,M,"('KDIX', 'KDOX', 'KOKX', 'KLWX', 'KAKQ')","['s3://unidata-nexrad-level2/2009/08/28/KDIX/KDIX20090828_171042_V03.gz', 's3://unidata-nexrad-level2/2009/08/28/KDOX/KDOX20090828_171139_V04.gz', 's3://unidata-nexrad-level2/2009/08/28/KOKX/KOKX20090828_171338_V03.gz', 's3://unidata-nexrad-level2/2009/08/28/KLWX/KLWX20090828_171457_V03.gz', 's3://unidata-nexrad-level2/2009/08/28/KAKQ/KAKQ20090828_171133_V03.gz']"
T,PA31,AKW UUA /OV AKW215012 /TM 2338 /FL020 /TP PA31 /TB OCNL SEV /RMMOD OCNL SEV 050-020,OCNL SEV,,2000.0,55.40615632086581,-133.2729090756702,2009-08-27 23:38:00+00:00,5.0,0,L,"('PACG', 'KLGX', 'KATX', 'PAIH', 'PAIH')",['s3://unidata-nexrad-level2/2009/08/27/KATX/KATX20090827_233253_V03.gz']
F,LNC2,SAC UA /OV TVL-SAC /TM 1708 /FL105 /TP LNC2 /SK SKC /TB NEG /RM SMOOTH,NEG,200908041715-KWBC-UBCA90-PIREP,10500.0,38.67,-120.775,2009-08-04 17:08:00+00:00,0.0,0,L,"('KDAX', 'KBBX', 'KRGX', 'KMUX', 'KHNX')","['s3://unidata-nexrad-level2/2009/08/04/KDAX/KDAX20090804_170210_V03.gz', 's3://unidata-nexrad-level2/2009/08/04/KBBX/KBBX20090804_170234_V04.gz', 's3://unidata-nexrad-level2/2009/08/04/KMUX/KMUX20090804_165907_V03.gz', 's3://unidata-nexrad-level2/2009/08/04/KHNX/KHNX20090804_170104_V03.gz']"
F,C172,DMN UA /OV DMN090005 /TM 0510 /FL075 /TP C172 /TB LGT,LGT,200908290515-KWBC-UBNM90-PIREP,7500.0,32.28,-107.51142498037956,2009-08-29 05:10:00+00:00,1.0,0,L,"('KEPZ', 'KHDX', 'KEMX', 'KABX', 'KIWA')","['s3://unidata-nexrad-level2/2009/08/29/KEPZ/KEPZ20090829_050337_V03.gz', 's3://unidata-nexrad-level2/2009/08/29/KHDX/KHDX20090829_050039_V04.gz', 's3://unidata-nexrad-level2/2009/08/29/KEMX/KEMX20090829_050531_V03.gz', 's3://unidata-nexrad-level2/2009/08/29/KABX/KABX20090829_050451_V03.gz', 's3://unidata-nexrad-level2/2009/08/29/KIWA/KIWA20090829_050622_V03.gz']"
T,B757,AMG UUA /OV AMG270030/TM 2106/FL390/TP B757/TB SEV 390/RM ZTL CWSU,SEV 390,,39000.0,31.53606,-83.0932477353252,2009-08-21 21:06:00+00:00,5.0,1,M,"('KVAX', 'KJGX', 'KCLX', 'KTLH', 'KJAX')","['s3://unidata-nexrad-level2/2009/08/21/KJGX/KJGX20090821_210544_V04.gz', 's3://unidata-nexrad-level2/2009/08/21/KCLX/KCLX20090821_210518_V03.gz', 's3://unidata-nexrad-level2/2009/08/21/KTLH/KTLH20090821_210012_V03.gz', 's3://unidata-nexrad-level2/2009/08/21/KJAX/KJAX20090821_210336_V03.gz']"
T,M20T,BWD UUA /OV JEN250020/TM 2047/FL240/TP M20T/TB SEV FL240-250/RM AWC-WEB:KZFW,SEV FL240-250,,24000.0,32.045984051005,-98.25003213406043,2009-08-01 20:47:00+00:00,5.0,0,L,"('KFWS', 'KDYX', 'KSJT', 'KGRK', 'KEWX')","['s3://unidata-nexrad-level2/2009/08/01/KFWS/KFWS20090801_204220_V03.gz', 's3://unidata-nexrad-level2/2009/08/01/KDYX/KDYX20090801_204306_V03.gz', 's3://unidata-nexrad-level2/2009/08/01/KSJT/KSJT20090801_204617_V03.gz', 's3://unidata-nexrad-level2/2009/08/01/KGRK/KGRK20090801_204636_V04.gz', 's3://unidata-nexrad-level2/2009/08/01/KEWX/KEWX20090801_204255_V03.gz']"
F,C72R,TRL UA /OV 76F /TM 1758 /FL024 /TP C72R /SK BKN030 /TB LGT /RM TCU 2 N PPSN WV ENE 13KTS,LGT,,2400.0,32.68,-95.98,2009-08-11 17:58:00+00:00,1.0,0,L,"('KFWS', 'KSHV', 'KGRK', 'KOUN', 'KTLX')","['s3://unidata-nexrad-level2/2009/08/11/KFWS/KFWS20090811_175610_V03.gz', 's3://unidata-nexrad-level2/2009/08/11/KSHV/KSHV20090811_175641_V03.gz', 's3://unidata-nexrad-level2/2009/08/11/KTLX/KTLX20090811_175510_V03.gz']"
T,B190,FNL UUA /OV DEN315040 /TM 2303 /FL130 /TP B190 /TB SEV,SEV,,13000.0,40.3042427045954,-105.27142407248736,2009-08-07 23:03:00+00:00,5.0,0,M,"('KFTG', 'KCYS', 'KPUX', 'KGJX', 'KGLD')","['s3://unidata-nexrad-level2/2009/08/07/KFTG/KFTG20090807_230121_V03.gz', 's3://unidata-nexrad-level2/2009/08/07/KCYS/KCYS20090807_225956_V03.gz', 's3://unidata-nexrad-level2/2009/08/07/KPUX/KPUX20090807_230206_V03.gz', 's3://unidata-nexrad-level2/2009/08/07/KGJX/KGJX20090807_230000_V03.gz', 's3://unidata-nexrad-level2/2009/08/07/KGLD/KGLD20090807_225959_V03.gz']"
T,B763,MIA UUA /OV 2515N 5830W/TM 1405/FL380/TP B763/TB SEV CAT/RM FM ZNYCWSU,SEV CAT,,38000.0,25.25,-58.5,2009-08-29 14:05:00+00:00,5.0,0,H,"('KMHX', 'KBOX', 'KOKX', 'KDIX', 'KDOX')","['s3://unidata-nexrad-level2/2009/08/29/KMHX/KMHX20090829_140340_V03.gz', 's3://unidata-nexrad-level2/2009/08/29/KBOX/KBOX20090829_140344_V03.gz', 's3://unidata-nexrad-level2/2009/08/29/KOKX/KOKX20090829_140130_V03.gz', 's3://unidata-nexrad-level2/2009/08/29/KDIX/KDIX20090829_140112_V03.gz', 's3://unidata-nexrad-level2/2009/08/29/KDOX/KDOX20090829_140239_V04.gz']"
F,B733,COU UA /OV STL290100/TM 1322/FL290/TP B733/TB CONT MOD CHOP 290/RM CONT MOD CHOP 290-200 DURD AWC-WEB:SWA,CONT MOD CHOP 290,200908041330-KWBC-UBMO90-PIREP,29000.0,39.43007974497497,-92.49145334607788,2009-08-04 13:22:00+00:00,3.0,1,M,"('KLSX', 'KEAX', 'KSGF', 'KILX', 'KDVN')","['s3://unidata-nexrad-level2/2009/08/04/KLSX/KLSX20090804_131825_V03.gz', 's3://unidata-nexrad-level2/2009/08/04/KEAX/KEAX20090804_132042_V03.gz', 's3://unidata-nexrad-level2/2009/08/04/KSGF/KSGF20090804_131814_V03.gz', 's3://unidata-nexrad-level2/2009/08/04/KILX/KILX20090804_131800_V03.gz', 's3://unidata-nexrad-level2/2009/08/04/KDVN/KDVN20090804_131924_V03.gz']"
F,A320,JFK UA /OV LENDY/TM 1137/FL190/TP A320/TB MDT SEV,MDT SEV,,19000.0,40.63861,-73.76222,2009-08-29 11:37:00+00:00,5.0,0,M,"('KDIX', 'KOKX', 'KENX', 'KDOX', 'KBGM')","['s3://unidata-nexrad-level2/2009/08/29/KDIX/KDIX20090829_113311_V03.gz', 's3://unidata-nexrad-level2/2009/08/29/KOKX/KOKX20090829_113352_V03.gz', 's3://unidata-nexrad-level2/2009/08/29/KENX/KENX20090829_113618_V03.gz', 's3://unidata-nexrad-level2/2009/08/29/KDOX/KDOX20090829_113313_V04.gz', 's3://unidata-nexrad-level2/2009/08/29/KBGM/KBGM20090829_113518_V03.gz']"
F,BE35,DEC UA /OV SPI090020 /TM 1751 /FL055 /TP BE35 /SK SKC /TA 21 /TB NEG /RM SCT CLDS NORTH,NEG,,5500.0,39.8447,-89.24971489510148,2009-08-17 17:51:00+00:00,0.0,0,L,"('KILX', 'KLSX', 'KLOT', 'KVWX', 'KDVN')","['s3://unidata-nexrad-level2/2009/08/17/KILX/KILX20090817_174803_V03.gz', 's3://unidata-nexrad-level2/2009/08/17/KLSX/KLSX20090817_174905_V03.gz', 's3://unidata-nexrad-level2/2009/08/17/KLOT/KLOT20090817_174733_V03.gz', 's3://unidata-nexrad-level2/2009/08/17/KVWX/KVWX20090817_174739_V03.gz', 's3://unidata-nexrad-level2/2009/08/17/KDVN/KDVN20090817_174913_V03.gz']"
F,PAY1,OXC UA /OV OXC /TM 0642 /FL070 /TP PAY1 /TB NEG /RM IMC SMOOTH RIDE,NEG,200908130600-KMSC-UBUS01-PIREP,7000.0,41.42,-73.13,2009-08-13 06:42:00+00:00,0.0,0,L,"('KOKX', 'KENX', 'KBOX', 'KDIX', 'KBGM')","['s3://unidata-nexrad-level2/2009/08/13/KOKX/KOKX20090813_063956_V03.gz', 's3://unidata-nexrad-level2/2009/08/13/KENX/KENX20090813_064107_V03.gz', 's3://unidata-nexrad-level2/2009/08/13/KBOX/KBOX20090813_063626_V03.gz', 's3://unidata-nexrad-level2/2009/08/13/KDIX/KDIX20090813_063747_V03.gz', 's3://unidata-nexrad-level2/2009/08/13/KBGM/KBGM20090813_063931_V03.gz']"
F,PA31,FLG UA /OV FLG276025/TM 1705/FL130/TP PA31/TB SEV TURB,SEV TURB,200908031715-KWBC-UBAZ90-PIREP,13000.0,35.19355705420068,-112.17684142958112,2009-08-03 17:05:00+00:00,5.0,0,L,"('KFSX', 'KFSX', 'KIWA', 'KESX', 'KICX')","['s3://unidata-nexrad-level2/2009/08/03/KFSX/KFSX20090803_165542_V03.gz', 's3://unidata-nexrad-level2/2009/08/03/KFSX/KFSX20090803_165542_V03.gz', 's3://unidata-nexrad-level2/2009/08/03/KIWA/KIWA20090803_170045_V03.gz', 's3://unidata-nexrad-level2/2009/08/03/KICX/KICX20090803_170134_V03.gz']"
F,PA24,CPW UA /OV 8V1270010 /TM 1756 /FL138 /TP PA24 /TB MOD CHOP,MOD CHOP,,13800.0,37.45,-106.8,2009-08-16 17:56:00+00:00,3.0,0,L,"('KGJX', 'KPUX', 'KABX', 'KFTG', 'KCYS')","['s3://unidata-nexrad-level2/2009/08/16/KGJX/KGJX20090816_175415_V03.gz', 's3://unidata-nexrad-level2/2009/08/16/KPUX/KPUX20090816_174638_V03.gz', 's3://unidata-nexrad-level2/2009/08/16/KABX/KABX20090816_174712_V03.gz', 's3://unidata-nexrad-level2/2009/08/16/KFTG/KFTG20090816_175200_V03.gz', 's3://unidata-nexrad-level2/2009/08/16/KCYS/KCYS20090816_174923_V03.gz']"
F,B738,HNM UA /OV ZINNO/TM 0315/FL370/TP B738/SK SCT/TA M54/WV 02023KT/TB OCNL LGT CHOP 370/RM PHOG-KPDX AWC-WEB:ASA,OCNL LGT CHOP 370,200908110335-KWBC-UBHI90-PIREP,37000.0,20.83,-73.67,2009-08-11 03:15:00+00:00,1.0,0,M,"('KAMX', 'KAMX', 'KBYX', 'KMLB', 'KTBW')","['s3://unidata-nexrad-level2/2009/08/11/KAMX/KAMX20090811_031437_V03.gz', 's3://unidata-nexrad-level2/2009/08/11/KAMX/KAMX20090811_031437_V03.gz', 's3://unidata-nexrad-level2/2009/08/11/KBYX/KBYX20090811_031253_V03.gz', 's3://unidata-nexrad-level2/2009/08/11/KMLB/KMLB20090811_031210_V03.gz', 's3://unidata-nexrad-level2/2009/08/11/KTBW/KTBW20090811_031154_V03.gz']"
T,M20T,RDG UUA /OV RDG270010 /TM 1849 /FL045 /TP M20T /TB SEV 070-045 /RM DURD,SEV 070-045,,4500.0,40.3785,-76.18405312902158,2009-08-04 18:49:00+00:00,5.0,0,L,"('KDIX', 'KCCX', 'KDOX', 'KLWX', 'KBGM')","['s3://unidata-nexrad-level2/2009/08/04/KDIX/KDIX20090804_184300_V03.gz', 's3://unidata-nexrad-level2/2009/08/04/KCCX/KCCX20090804_184555_V03.gz', 's3://unidata-nexrad-level2/2009/08/04/KDOX/KDOX20090804_184820_V04.gz', 's3://unidata-nexrad-level2/2009/08/04/KLWX/KLWX20090804_184734_V03.gz', 's3://unidata-nexrad-level2/2009/08/04/KBGM/KBGM20090804_184110_V03.gz']"
F,C206,MMV UA /OV MMV /TM 2016 /FL020 /TP C206 /SK SCT030-TOP035 /TA 20 /TB CONT LGT /RM LYR BKN TO THE WEST,CONT LGT,,2000.0,45.19455,-123.13607,2009-08-11 20:16:00+00:00,1.0,0,L,"('KRTX', 'KLGX', 'KATX', 'KPDT', 'KMAX')","['s3://unidata-nexrad-level2/2009/08/11/KRTX/KRTX20090811_201111_V03.gz', 's3://unidata-nexrad-level2/2009/08/11/KATX/KATX20090811_201040_V03.gz', 's3://unidata-nexrad-level2/2009/08/11/KPDT/KPDT20090811_200836_V03.gz', 's3://unidata-nexrad-level2/2009/08/11/KMAX/KMAX20090811_200841_V03.gz']"
T,COL4,EMT UUA /OV VCV225050 /TM 1405 /FL120 /TP COL4 /TB SEV,SEV,,12000.0,34.00816661925575,-118.09890255658192,2009-08-06 14:05:00+00:00,5.0,0,U,"('KSOX', 'KVTX', 'KEYX', 'KNKX', 'KVBX')","['s3://unidata-nexrad-level2/2009/08/06/KSOX/KSOX20090806_140003_V03.gz', 's3://unidata-nexrad-level2/2009/08/06/KVTX/KVTX20090806_140432_V03.gz', 's3://unidata-nexrad-level2/2009/08/06/KNKX/KNKX20090806_140120_V03.gz']"
F,B738,TLH UA /OV SZW/TM 1322/FL340/TP B738/SK CLEAR/TA M46/WV 280027KT/TB NEG/RM SMOOTH AWC-WEB:ASA,NEG,,34000.0,30.56,-84.37,2009-08-04 13:22:00+00:00,0.0,0,M,"('KTLH', 'KEOX', 'KEVX', 'KVAX', 'KJGX')","['s3://unidata-nexrad-level2/2009/08/04/KTLH/KTLH20090804_131958_V03.gz', 's3://unidata-nexrad-level2/2009/08/04/KEVX/KEVX20090804_131948_V04.gz', 's3://unidata-nexrad-level2/2009/08/04/KJGX/KJGX20090804_131818_V04.gz']"
T,C310,RNM UUA /OV JLI /TM 2047 /FL085 /TP C310 /TB SEV,SEV,,8500.0,33.14,-116.59,2009-08-01 20:47:00+00:00,5.0,0,L,"('KNKX', 'KSOX', 'KYUX', 'KEYX', 'KVTX')","['s3://unidata-nexrad-level2/2009/08/01/KNKX/KNKX20090801_203718_V03.gz', 's3://unidata-nexrad-level2/2009/08/01/KSOX/KSOX20090801_204457_V03.gz', 's3://unidata-nexrad-level2/2009/08/01/KYUX/KYUX20090801_204202_V03.gz', 's3://unidata-nexrad-level2/2009/08/01/KVTX/KVTX20090801_204103_V03.gz']"
F,PA32,BIH UA /OV MHV-BIH /TM 2356 /FL085 /TP PA32 /TB LGT CHOP,LGT CHOP,,8500.0,36.216055,-118.257805,2009-08-25 23:56:00+00:00,1.0,0,L,"('KHNX', 'KEYX', 'KVTX', 'KVBX', 'KSOX')","['s3://unidata-nexrad-level2/2009/08/25/KHNX/KHNX20090825_235404_V03.gz', 's3://unidata-nexrad-level2/2009/08/25/KVTX/KVTX20090825_235224_V03.gz', 's3://unidata-nexrad-level2/2009/08/25/KSOX/KSOX20090825_234847_V03.gz']"
F,BE10,UA /OV CYZV 360010 /TM 1458 /FL030 /TP BE10 /TB LGT OCNL MDT,LGT OCNL MDT,,3000.0,50.39001016668016,-66.26556,2009-08-26 14:58:00+00:00,1.0,0,L,"('KCBW', 'KGYX', 'KCXX', 'KBOX', 'KENX')","['s3://unidata-nexrad-level2/2009/08/26/KCBW/KCBW20090826_145744_V03.gz', 's3://unidata-nexrad-level2/2009/08/26/KGYX/KGYX20090826_145345_V03.gz', 's3://unidata-nexrad-level2/2009/08/26/KCXX/KCXX20090826_145427_V03.gz', 's3://unidata-nexrad-level2/2009/08/26/KBOX/KBOX20090826_145621_V03.gz']"
F,DH8,SEA UA /OV SEA035055/TM 0103/FL160/TP DH8/TB MOD CHOP 160-130/RM DURD..ZSE,MOD CHOP 160-130,,16000.0,48.19564019603169,-121.53687520374224,2009-08-29 01:03:00+00:00,3.0,0,M,"('KATX', 'KLGX', 'KRTX', 'KOTX', 'KPDT')","['s3://unidata-nexrad-level2/2009/08/29/KATX/KATX20090829_010242_V03.gz', 's3://unidata-nexrad-level2/2009/08/29/KRTX/KRTX20090829_010120_V03.gz', 's3://unidata-nexrad-level2/2009/08/29/KOTX/KOTX20090829_010129_V03.gz', 's3://unidata-nexrad-level2/2009/08/29/KPDT/KPDT20090829_005458_V03.gz']"
T,B757,JFK UUA /OV 150 SE JFK /TM 1956/FL240/TP B757/TB SEV,SEV,200908242015-KWBC-UBNY91-PIREP,24000.0,38.86208985776725,-71.44052419362716,2009-08-24 19:56:00+00:00,5.0,0,M,"('KOKX', 'KDIX', 'KBOX', 'KDOX', 'KENX')","['s3://unidata-nexrad-level2/2009/08/24/KOKX/KOKX20090824_195120_V03.gz', 's3://unidata-nexrad-level2/2009/08/24/KDIX/KDIX20090824_195324_V03.gz', 's3://unidata-nexrad-level2/2009/08/24/KBOX/KBOX20090824_195022_V03.gz', 's3://unidata-nexrad-level2/2009/08/24/KDOX/KDOX20090824_195237_V04.gz', 's3://unidata-nexrad-level2/2009/08/24/KENX/KENX20090824_195337_V03.gz']"
F,B733,HND UA /OV LAS210030 /TM 2130 /FL110 /TP B733 /TB MOD,MOD,,11000.0,35.63885222404385,-115.47272428917542,2009-08-30 21:30:00+00:00,3.0,0,M,"('KESX', 'KEYX', 'KSOX', 'KNKX', 'KYUX')","['s3://unidata-nexrad-level2/2009/08/30/KESX/KESX20090830_212636_V03.gz', 's3://unidata-nexrad-level2/2009/08/30/KSOX/KSOX20090830_212523_V03.gz', 's3://unidata-nexrad-level2/2009/08/30/KNKX/KNKX20090830_212722_V03.gz', 's3://unidata-nexrad-level2/2009/08/30/KYUX/KYUX20090830_212727_V03.gz']"
T,BE76,PSP UUA /OV PSP135004 /TM 2251 /FL025 /TP BE76 /TB SEV,SEV,,2500.0,33.78252572954046,-116.4499372839439,2009-08-05 22:51:00+00:00,5.0,0,L,"('KNKX', 'KSOX', 'KEYX', 'KYUX', 'KESX')","['s3://unidata-nexrad-level2/2009/08/05/KNKX/KNKX20090805_224146_V03.gz', 's3://unidata-nexrad-level2/2009/08/05/KSOX/KSOX20090805_224428_V03.gz', 's3://unidata-nexrad-level2/2009/08/05/KYUX/KYUX20090805_224851_V03.gz', 's3://unidata-nexrad-level2/2009/08/05/KESX/KESX20090805_224126_V04.gz']"
T,E145,FTK UUA /OV SDF220015 /TM 1830 /FL050 /TP E145 /TB SEV,SEV,,5000.0,37.98286337680477,-85.94043089380598,2009-08-04 18:30:00+00:00,5.0,0,M,"('KLVX', 'KVWX', 'KHPX', 'KIND', 'KOHX')","['s3://unidata-nexrad-level2/2009/08/04/KLVX/KLVX20090804_182801_V03.gz', 's3://unidata-nexrad-level2/2009/08/04/KVWX/KVWX20090804_182752_V03.gz', 's3://unidata-nexrad-level2/2009/08/04/KIND/KIND20090804_182537_V03.gz', 's3://unidata-nexrad-level2/2009/08/04/KOHX/KOHX20090804_182631_V03.gz']"
T,CRJ2,JBR UUA /OV 15W MEM/TM 0041/FL270/TP CRJ2/TB SEV/RM ZME,SEV,,27000.0,35.06111,-90.29044665552158,2009-08-19 00:41:00+00:00,5.0,1,M,"('KNQA', 'KLZK', 'KGWX', 'KPAH', 'KDGX')","['s3://unidata-nexrad-level2/2009/08/19/KNQA/KNQA20090819_003748_V03.gz', 's3://unidata-nexrad-level2/2009/08/19/KLZK/KLZK20090819_003916_V03.gz', 's3://unidata-nexrad-level2/2009/08/19/KGWX/KGWX20090819_003749_V04.gz', 's3://unidata-nexrad-level2/2009/08/19/KDGX/KDGX20090819_003845_V03.gz']"
F,C180,PLU UA /OV PLU /TM 2116 /FL075 /TP C180 /SK OVC035/TOP055 /TA 11 /TB NEG,NEG,,7500.0,47.1039167,-122.2871944,2009-08-06 21:16:00+00:00,0.0,0,L,"('KATX', 'KLGX', 'KRTX', 'KPDT', 'KOTX')","['s3://unidata-nexrad-level2/2009/08/06/KATX/KATX20090806_211448_V03.gz', 's3://unidata-nexrad-level2/2009/08/06/KRTX/KRTX20090806_211131_V03.gz', 's3://unidata-nexrad-level2/2009/08/06/KPDT/KPDT20090806_211213_V03.gz', 's3://unidata-nexrad-level2/2009/08/06/KOTX/KOTX20090806_211334_V03.gz']"
T,LJ60,MEM UUA /OV UJM/TM 0105/FL110/TP LJ60/TB SEV/RM ZME,SEV,,11000.0,34.58,-90.67,2009-08-11 01:05:00+00:00,5.0,1,M,"('KNQA', 'KLZK', 'KGWX', 'KDGX', 'KPAH')","['s3://unidata-nexrad-level2/2009/08/11/KNQA/KNQA20090811_010110_V03.gz', 's3://unidata-nexrad-level2/2009/08/11/KLZK/KLZK20090811_010156_V03.gz', 's3://unidata-nexrad-level2/2009/08/11/KGWX/KGWX20090811_010028_V04.gz', 's3://unidata-nexrad-level2/2009/08/11/KDGX/KDGX20090811_010153_V03.gz', 's3://unidata-nexrad-level2/2009/08/11/KPAH/KPAH20090811_010338_V03.gz']"
T,BE36,PSC UUA /OV PSC180005 /TM 1422 /FL012 /TP BE36 /TB SEV /RM LLWS +/- 20 KTS 012/BLO,SEV,,1200.0,46.18134991665992,-119.11903,2009-08-21 14:22:00+00:00,5.0,0,L,"('KPDT', 'KOTX', 'KRTX', 'KATX', 'KCBX')","['s3://unidata-nexrad-level2/2009/08/21/KPDT/KPDT20090821_141639_V03.gz', 's3://unidata-nexrad-level2/2009/08/21/KOTX/KOTX20090821_142145_V03.gz', 's3://unidata-nexrad-level2/2009/08/21/KRTX/KRTX20090821_141407_V03.gz', 's3://unidata-nexrad-level2/2009/08/21/KATX/KATX20090821_141704_V03.gz', 's3://unidata-nexrad-level2/2009/08/21/KCBX/KCBX20090821_141630_V03.gz']"
F,C150,LBR UA /OV PRX120025 /TM 2145 /FL045 /TP C150 /SK SKC /WX FV10SM /TA 30 /TB NEG,NEG,,4500.0,33.428259791649786,-95.01730387293152,2009-08-04 21:45:00+00:00,0.0,0,L,"('KSHV', 'KSRX', 'KFWS', 'KTLX', 'KINX')","['s3://unidata-nexrad-level2/2009/08/04/KSHV/KSHV20090804_214406_V03.gz', 's3://unidata-nexrad-level2/2009/08/04/KSRX/KSRX20090804_214437_V03.gz', 's3://unidata-nexrad-level2/2009/08/04/KFWS/KFWS20090804_213757_V03.gz', 's3://unidata-nexrad-level2/2009/08/04/KTLX/KTLX20090804_213651_V03.gz', 's3://unidata-nexrad-level2/2009/08/04/KINX/KINX20090804_213626_V03.gz']"
F,E170,RNP UA /OV FNT250010 /TM 1932 /FL320 /TP E170 /TB CONT LGT OCNL MOD CHOP,CONT LGT OCNL MOD CHOP,,32000.0,42.909662025502506,-83.96348585797949,2009-08-20 19:32:00+00:00,2.0,0,U,"('KDTX', 'KGRR', 'KIWX', 'KAPX', 'KCLE')","['s3://unidata-nexrad-level2/2009/08/20/KDTX/KDTX20090820_193002_V03.gz', 's3://unidata-nexrad-level2/2009/08/20/KGRR/KGRR20090820_192922_V03.gz', 's3://unidata-nexrad-level2/2009/08/20/KAPX/KAPX20090820_193121_V03.gz', 's3://unidata-nexrad-level2/2009/08/20/KCLE/KCLE20090820_193014_V03.gz']"
T,E145,LFK UUA /OV LFK030030/TM 0129/FL320/TP E145/TB SEV-XTRM/RM AWC-WEB:KZHU,SEV-XTRM,,32000.0,31.66705777595615,-94.45759801697147,2009-08-29 01:29:00+00:00,5.0,1,M,"('KSHV', 'KPOE', 'KLCH', 'KHGX', 'KFWS')","['s3://unidata-nexrad-level2/2009/08/29/KSHV/KSHV20090829_012835_V03.gz', 's3://unidata-nexrad-level2/2009/08/29/KLCH/KLCH20090829_012719_V03.gz', 's3://unidata-nexrad-level2/2009/08/29/KHGX/KHGX20090829_012848_V03.gz', 's3://unidata-nexrad-level2/2009/08/29/KFWS/KFWS20090829_012832_V03.gz']"
F,C210,SDB UA /OV SNA-BFL180027 /TM 0010 /FL100 /TP C210 /WV 31508KT /TB NEG /RM HZ TOP070 OV SAN JOAQUIN VLY,NEG,,10000.0,34.74338,-118.7253,2009-08-17 00:10:00+00:00,0.0,0,L,"('KVTX', 'KEYX', 'KSOX', 'KVBX', 'KHNX')","['s3://unidata-nexrad-level2/2009/08/17/KVTX/KVTX20090817_000940_V03.gz', 's3://unidata-nexrad-level2/2009/08/17/KSOX/KSOX20090817_000758_V03.gz', 's3://unidata-nexrad-level2/2009/08/17/KHNX/KHNX20090817_000427_V03.gz']"
T,DV20,PUB UUA /OV PUB045018 /TM 1918 /FL065 /TP DV20 /TB SEV /RM SEV DDFS,SEV,,6500.0,38.50214921706793,-104.2280364614683,2009-08-03 19:18:00+00:00,5.0,0,L,"('KPUX', 'KFTG', 'KGLD', 'KCYS', 'KFDX')","['s3://unidata-nexrad-level2/2009/08/03/KPUX/KPUX20090803_191412_V03.gz', 's3://unidata-nexrad-level2/2009/08/03/KFTG/KFTG20090803_191610_V03.gz', 's3://unidata-nexrad-level2/2009/08/03/KGLD/KGLD20090803_191329_V03.gz', 's3://unidata-nexrad-level2/2009/08/03/KCYS/KCYS20090803_191503_V03.gz', 's3://unidata-nexrad-level2/2009/08/03/KFDX/KFDX20090803_191413_V04.gz']"
F,PA32,HTS UA /OV HTS /TM 1346 /FL060 /TP PA32 /TA 18 /TB LGT-MOD,LGT-MOD,200908081350-KWBC-UBWV90-PIREP,6000.0,38.37,-82.55,2009-08-08 13:46:00+00:00,2.0,0,L,"('KRLX', 'KJKL', 'KILN', 'KFCX', 'KMRX')","['s3://unidata-nexrad-level2/2009/08/08/KRLX/KRLX20090808_134459_V03.gz', 's3://unidata-nexrad-level2/2009/08/08/KJKL/KJKL20090808_134512_V03.gz', 's3://unidata-nexrad-level2/2009/08/08/KILN/KILN20090808_134349_V03.gz', 's3://unidata-nexrad-level2/2009/08/08/KFCX/KFCX20090808_134537_V03.gz', 's3://unidata-nexrad-level2/2009/08/08/KMRX/KMRX20090808_134017_V03.gz']"
T,E145,CLL UUA /OV TNV/TM 1830/FL100/TP E145/TB SEV/RM AWC-WEB:KZHU,SEV,,10000.0,30.29,-96.06,2009-08-18 18:30:00+00:00,5.0,0,M,"('KHGX', 'KGRK', 'KEWX', 'KLCH', 'KFWS')","['s3://unidata-nexrad-level2/2009/08/18/KHGX/KHGX20090818_182724_V03.gz', 's3://unidata-nexrad-level2/2009/08/18/KEWX/KEWX20090818_182941_V03.gz', 's3://unidata-nexrad-level2/2009/08/18/KLCH/KLCH20090818_182906_V03.gz', 's3://unidata-nexrad-level2/2009/08/18/KFWS/KFWS20090818_182752_V03.gz']"
T,UNKN,PHN UUA /OV ECK /TM 0215 /FL275 /TP UNKN /TB SEV /RM INTERMINTIENT,SEV,,27500.0,43.26,-82.72,2009-08-07 02:15:00+00:00,5.0,0,U,"('KDTX', 'KCLE', 'KGRR', 'KAPX', 'KIWX')","['s3://unidata-nexrad-level2/2009/08/07/KDTX/KDTX20090807_020740_V03.gz', 's3://unidata-nexrad-level2/2009/08/07/KCLE/KCLE20090807_021237_V03.gz', 's3://unidata-nexrad-level2/2009/08/07/KGRR/KGRR20090807_020917_V03.gz', 's3://unidata-nexrad-level2/2009/08/07/KAPX/KAPX20090807_020828_V03.gz', 's3://unidata-nexrad-level2/2009/08/07/KIWX/KIWX20090807_021355_V03.gz']"
F,PC12,MMU UA /OV MMU180005 /TM 1920 /FL040 /TP PC12 /TB LGT OCNL MOD /RM /SK SCT CLDS/,LGT OCNL MOD,200908101930-KWBC-UBNJ90-PIREP,4000.0,40.79665991665992,-74.4,2009-08-10 19:20:00+00:00,2.0,0,L,"('KDIX', 'KOKX', 'KENX', 'KBGM', 'KDOX')","['s3://unidata-nexrad-level2/2009/08/10/KDIX/KDIX20090810_191301_V03.gz', 's3://unidata-nexrad-level2/2009/08/10/KOKX/KOKX20090810_191146_V03.gz', 's3://unidata-nexrad-level2/2009/08/10/KENX/KENX20090810_191850_V03.gz', 's3://unidata-nexrad-level2/2009/08/10/KBGM/KBGM20090810_191645_V03.gz', 's3://unidata-nexrad-level2/2009/08/10/KDOX/KDOX20090810_191419_V04.gz']"
T,BE20,ILM UUA /OV ILM270020/TM 1802/FL250/TP BE20/TB SEV-EXTRM,SEV-EXTRM,200908121800-KMSC-UBUS01-PIREP,25000.0,34.35,-78.27377643605135,2009-08-12 18:02:00+00:00,6.0,0,M,"('KLTX', 'KMHX', 'KRAX', 'KCAE', 'KAKQ')","['s3://unidata-nexrad-level2/2009/08/12/KLTX/KLTX20090812_175903_V03.gz', 's3://unidata-nexrad-level2/2009/08/12/KMHX/KMHX20090812_180120_V03.gz', 's3://unidata-nexrad-level2/2009/08/12/KRAX/KRAX20090812_180050_V03.gz', 's3://unidata-nexrad-level2/2009/08/12/KCAE/KCAE20090812_175806_V03.gz', 's3://unidata-nexrad-level2/2009/08/12/KAKQ/KAKQ20090812_175706_V03.gz']"
F,C180,LHM UA /OV LHM /TM 1727 /FL105 /TP C180 /WX FV15SM FU /WV 00000KT /TB NEG,NEG,,10500.0,38.9091667,-121.3513333,2009-08-09 17:27:00+00:00,0.0,0,L,"('KDAX', 'KBBX', 'KRGX', 'KMUX', 'KHNX')","['s3://unidata-nexrad-level2/2009/08/09/KDAX/KDAX20090809_172440_V03.gz', 's3://unidata-nexrad-level2/2009/08/09/KBBX/KBBX20090809_172315_V04.gz', 's3://unidata-nexrad-level2/2009/08/09/KRGX/KRGX20090809_172416_V03.gz', 's3://unidata-nexrad-level2/2009/08/09/KMUX/KMUX20090809_172025_V03.gz', 's3://unidata-nexrad-level2/2009/08/09/KHNX/KHNX20090809_172503_V03.gz']"
F,P28A,WVI UA /OV PAO-SNS315022 /TM 0059 /FL084 /TP P28A /WX FU090-TOP090 /TA 16 /TB OCNL LGT /RM DURC GND CHOP BLO 010 UNDERCAST CLDS,OCNL LGT,,8400.0,36.93936,-121.78998,2009-08-03 00:59:00+00:00,1.0,0,L,"('KMUX', 'KDAX', 'KHNX', 'KVBX', 'KBBX')","['s3://unidata-nexrad-level2/2009/08/03/KMUX/KMUX20090803_005459_V03.gz', 's3://unidata-nexrad-level2/2009/08/03/KDAX/KDAX20090803_005503_V03.gz', 's3://unidata-nexrad-level2/2009/08/03/KHNX/KHNX20090803_005809_V03.gz', 's3://unidata-nexrad-level2/2009/08/03/KBBX/KBBX20090803_005459_V04.gz']"
F,C172,LMT UA /OV LMT /TM 1949 /FL105 /TP C172 /SK SKC /WX FV99SM /TB NEG /RM LYR NEAR RBG,NEG,,10500.0,42.14694,-121.72417,2009-08-21 19:49:00+00:00,0.0,0,L,"('KMAX', 'KBHX', 'KBBX', 'KRGX', 'KDAX')","['s3://unidata-nexrad-level2/2009/08/21/KMAX/KMAX20090821_194133_V03.gz', 's3://unidata-nexrad-level2/2009/08/21/KBHX/KBHX20090821_194411_V03.gz', 's3://unidata-nexrad-level2/2009/08/21/KBBX/KBBX20090821_194728_V04.gz', 's3://unidata-nexrad-level2/2009/08/21/KRGX/KRGX20090821_194637_V03.gz', 's3://unidata-nexrad-level2/2009/08/21/KDAX/KDAX20090821_194657_V03.gz']"
F,BE36,PRB UA /OV TOA-PRB /TM 2232 /FL100 /TP BE36 /SK SCT070-TOP078 /WX FV99SM /TA 07 /WV 22025KT /TB NEG,NEG,,10000.0,34.736401185000005,-119.484369605,2009-08-06 22:32:00+00:00,0.0,0,L,"('KVTX', 'KVBX', 'KHNX', 'KEYX', 'KSOX')","['s3://unidata-nexrad-level2/2009/08/06/KVTX/KVTX20090806_222522_V03.gz', 's3://unidata-nexrad-level2/2009/08/06/KHNX/KHNX20090806_222914_V03.gz']"
F,B752,IRK UA /OV IRK 045020/TM 1510/FL380/TP B752/TB CONT MOD CHOP/RM FMZKC.,CONT MOD CHOP,,38000.0,40.3329413522977,-92.23517844137122,2009-08-06 15:10:00+00:00,3.0,0,M,"('KLSX', 'KDVN', 'KDMX', 'KEAX', 'KILX')","['s3://unidata-nexrad-level2/2009/08/06/KLSX/KLSX20090806_150111_V03.gz', 's3://unidata-nexrad-level2/2009/08/06/KDVN/KDVN20090806_150556_V03.gz', 's3://unidata-nexrad-level2/2009/08/06/KDMX/KDMX20090806_150247_V03.gz', 's3://unidata-nexrad-level2/2009/08/06/KEAX/KEAX20090806_150245_V03.gz', 's3://unidata-nexrad-level2/2009/08/06/KILX/KILX20090806_150245_V03.gz']"
F,PA46,MLF UA /OV MLF016020 /TM 2341 /FL240 /TP PA46 /WV 15713KT /TB NEG,NEG,,24000.0,38.74707651940452,-112.895168689689,2009-08-02 23:41:00+00:00,0.0,0,L,"('KICX', 'KMTX', 'KESX', 'KSFX', 'KLRX')","['s3://unidata-nexrad-level2/2009/08/02/KICX/KICX20090802_234025_V03.gz', 's3://unidata-nexrad-level2/2009/08/02/KMTX/KMTX20090802_233802_V03.gz', 's3://unidata-nexrad-level2/2009/08/02/KSFX/KSFX20090802_233738_V03.gz', 's3://unidata-nexrad-level2/2009/08/02/KLRX/KLRX20090802_233712_V03.gz']"
F,C172,UUA /OV CYFJ /TM 1459 /FL020 /TP C172 /SK 010 SCT 030 BKN /TBMDT-SEV MECH /RM -RA VIS 15 NM,MDT-SEV MECH,,2000.0,46.41,-74.78,2009-08-29 14:59:00+00:00,5.0,0,L,"('KCXX', 'KTYX', 'KENX', 'KBGM', 'KGYX')","['s3://unidata-nexrad-level2/2009/08/29/KCXX/KCXX20090829_145856_V03.gz', 's3://unidata-nexrad-level2/2009/08/29/KTYX/KTYX20090829_145620_V04.gz', 's3://unidata-nexrad-level2/2009/08/29/KENX/KENX20090829_145345_V03.gz', 's3://unidata-nexrad-level2/2009/08/29/KBGM/KBGM20090829_145807_V03.gz', 's3://unidata-nexrad-level2/2009/08/29/KGYX/KGYX20090829_145508_V03.gz']"
F,LC40,RDU UA /OV RDU /TM 1455 /FL100 /TP UNKN /TB MOD /RM /TP LC40,MOD,,10000.0,35.8922,-78.7819,2009-08-02 14:55:00+00:00,3.0,0,U,"('KRAX', 'KFCX', 'KAKQ', 'KMHX', 'KLTX')","['s3://unidata-nexrad-level2/2009/08/02/KRAX/KRAX20090802_145201_V03.gz', 's3://unidata-nexrad-level2/2009/08/02/KFCX/KFCX20090802_145054_V03.gz', 's3://unidata-nexrad-level2/2009/08/02/KAKQ/KAKQ20090802_145350_V03.gz', 's3://unidata-nexrad-level2/2009/08/02/KMHX/KMHX20090802_145145_V03.gz', 's3://unidata-nexrad-level2/2009/08/02/KLTX/KLTX20090802_145144_V03.gz']"
T,CRJ2,LIT UUA /OV LIT225015 /TM 1431 /FL040 /TP CRJ2 /TB SEV,SEV,200908201400-KMSC-UBUS01-PIREP,4000.0,34.50320898577672,-92.39498459550104,2009-08-20 14:31:00+00:00,5.0,1,M,"('KLZK', 'KSRX', 'KNQA', 'KSHV', 'KSGF')","['s3://unidata-nexrad-level2/2009/08/20/KLZK/KLZK20090820_143044_V03.gz', 's3://unidata-nexrad-level2/2009/08/20/KSRX/KSRX20090820_142702_V03.gz', 's3://unidata-nexrad-level2/2009/08/20/KNQA/KNQA20090820_142833_V03.gz', 's3://unidata-nexrad-level2/2009/08/20/KSHV/KSHV20090820_143010_V03.gz', 's3://unidata-nexrad-level2/2009/08/20/KSGF/KSGF20090820_142928_V03.gz']"
F,C180,OLM UA /OV OLM /TM 1807 /FL035 /TP C180 /SK FEW250 /WV 35015KT /TB NEG,NEG,,3500.0,46.9733,-122.9033,2009-08-18 18:07:00+00:00,0.0,0,L,"('KLGX', 'KATX', 'KRTX', 'KPDT', 'KMAX')","['s3://unidata-nexrad-level2/2009/08/18/KATX/KATX20090818_180559_V03.gz', 's3://unidata-nexrad-level2/2009/08/18/KRTX/KRTX20090818_180230_V03.gz', 's3://unidata-nexrad-level2/2009/08/18/KPDT/KPDT20090818_175835_V03.gz']"
F,B737,JFK UA /OV 120 SE JFK /TM 1915/FL290/TP B737/TB MDT - SEV,MDT - SEV,,29000.0,39.2242818862138,-71.89839902032021,2009-08-24 19:15:00+00:00,5.0,1,M,"('KOKX', 'KDIX', 'KDOX', 'KBOX', 'KENX')","['s3://unidata-nexrad-level2/2009/08/24/KOKX/KOKX20090824_191102_V03.gz', 's3://unidata-nexrad-level2/2009/08/24/KDIX/KDIX20090824_191218_V03.gz', 's3://unidata-nexrad-level2/2009/08/24/KDOX/KDOX20090824_191236_V04.gz', 's3://unidata-nexrad-level2/2009/08/24/KBOX/KBOX20090824_190911_V03.gz', 's3://unidata-nexrad-level2/2009/08/24/KENX/KENX20090824_191306_V03.gz']"
F,C182,VIH UA /OV MAP/TM 0042/FL050/TP C182/SK CLR/WX FV UNLIMITED/TA 13/TBNEG/IC NEG/RM FM ZKC,NEG,,5000.0,37.59,-91.79,2009-08-02 00:42:00+00:00,0.0,0,L,"('KSGF', 'KLSX', 'KEAX', 'KNQA', 'KLZK')","['s3://unidata-nexrad-level2/2009/08/02/KSGF/KSGF20090802_004115_V03.gz', 's3://unidata-nexrad-level2/2009/08/02/KLSX/KLSX20090802_003810_V03.gz', 's3://unidata-nexrad-level2/2009/08/02/KEAX/KEAX20090802_003822_V03.gz', 's3://unidata-nexrad-level2/2009/08/02/KNQA/KNQA20090802_003954_V03.gz', 's3://unidata-nexrad-level2/2009/08/02/KLZK/KLZK20090802_004027_V03.gz']"
F,PA32,LWT UA /OV LWT060042 /TM 1538 /FL115 /TP PA32 /TB LGT CHOP,LGT CHOP,200908311545-KWBC-UBMT90-PIREP,11500.0,47.42002835002835,-108.64987662843818,2009-08-31 15:38:00+00:00,1.0,0,L,"('KBLX', 'KGGW', 'KTFX', 'KRIW', 'KMSX')","['s3://unidata-nexrad-level2/2009/08/31/KBLX/KBLX20090831_153000_V03.gz', 's3://unidata-nexrad-level2/2009/08/31/KGGW/KGGW20090831_153625_V03.gz', 's3://unidata-nexrad-level2/2009/08/31/KTFX/KTFX20090831_152953_V03.gz', 's3://unidata-nexrad-level2/2009/08/31/KRIW/KRIW20090831_153741_V03.gz', 's3://unidata-nexrad-level2/2009/08/31/KMSX/KMSX20090831_153303_V03.gz']"
T,CRJ2,PSB UUA /OV PSB/TM 1952/FL190/TP CRJ2/TB SEV,SEV,,19000.0,40.88439,-78.08734,2009-08-18 19:52:00+00:00,5.0,0,M,"('KCCX', 'KPBZ', 'KLWX', 'KBGM', 'KBUF')","['s3://unidata-nexrad-level2/2009/08/18/KCCX/KCCX20090818_195109_V03.gz', 's3://unidata-nexrad-level2/2009/08/18/KPBZ/KPBZ20090818_195132_V03.gz', 's3://unidata-nexrad-level2/2009/08/18/KLWX/KLWX20090818_194835_V03.gz', 's3://unidata-nexrad-level2/2009/08/18/KBGM/KBGM20090818_195148_V03.gz', 's3://unidata-nexrad-level2/2009/08/18/KBUF/KBUF20090818_194854_V03.gz']"
T,H60,GCN UUA /OV GCN060005 /TM 0005 /FL074 /TP H60 /TB SEV /RM LOSS 200FT INSTANTLY,SEV,200908270000-KMSC-UBUS01-PIREP,7400.0,36.001670041670046,-112.060832457941,2009-08-27 00:05:00+00:00,5.0,0,L,"('KFSX', 'KFSX', 'KICX', 'KESX', 'KIWA')","['s3://unidata-nexrad-level2/2009/08/27/KFSX/KFSX20090827_000423_V03.gz', 's3://unidata-nexrad-level2/2009/08/27/KFSX/KFSX20090827_000423_V03.gz', 's3://unidata-nexrad-level2/2009/08/27/KICX/KICX20090827_000239_V03.gz', 's3://unidata-nexrad-level2/2009/08/27/KESX/KESX20090827_000219_V03.gz', 's3://unidata-nexrad-level2/2009/08/26/KIWA/KIWA20090826_235659_V03.gz']"
T,GLEX,DAG UUA /OV HEC065015/TM 2310/FL275/TP GLEX/TB SEV 275-260/RM AWC-WEB:KZLA,SEV 275-260,200908182320-KWBC-UBCA91-PIREP,27500.0,34.90566312346353,-116.18405100438537,2009-08-18 23:10:00+00:00,5.0,0,M,"('KEYX', 'KESX', 'KSOX', 'KNKX', 'KVTX')","['s3://unidata-nexrad-level2/2009/08/18/KESX/KESX20090818_230549_V03.gz', 's3://unidata-nexrad-level2/2009/08/18/KSOX/KSOX20090818_230403_V03.gz', 's3://unidata-nexrad-level2/2009/08/18/KNKX/KNKX20090818_230123_V03.gz', 's3://unidata-nexrad-level2/2009/08/18/KVTX/KVTX20090818_230536_V03.gz']"
T,BE5,SAV UUA /OV SAV/TM 1504/FL080/TP BE5/TB SEV/RM ZJX CWSU,SEV,200908281525-KWBC-UBGA90-PIREP,8000.0,32.16,-81.11,2009-08-28 15:04:00+00:00,5.0,0,U,"('KCLX', 'KJAX', 'KCAE', 'KJGX', 'KVAX')","['s3://unidata-nexrad-level2/2009/08/28/KCLX/KCLX20090828_150004_V03.gz', 's3://unidata-nexrad-level2/2009/08/28/KJAX/KJAX20090828_145937_V03.gz', 's3://unidata-nexrad-level2/2009/08/28/KCAE/KCAE20090828_150343_V03.gz', 's3://unidata-nexrad-level2/2009/08/28/KJGX/KJGX20090828_150029_V04.gz']"
T,B752,DQH UUA /OV AMG270030 /TM 2105 /FL390 /TP B752 /TB SEV,SEV,200908212100-KMSC-UBUS01-PIREP,39000.0,31.54,-83.09671249562558,2009-08-21 21:05:00+00:00,5.0,1,M,"('KVAX', 'KJGX', 'KCLX', 'KTLH', 'KJAX')","['s3://unidata-nexrad-level2/2009/08/21/KJGX/KJGX20090821_205956_V04.gz', 's3://unidata-nexrad-level2/2009/08/21/KCLX/KCLX20090821_210035_V03.gz', 's3://unidata-nexrad-level2/2009/08/21/KTLH/KTLH20090821_210012_V03.gz', 's3://unidata-nexrad-level2/2009/08/21/KJAX/KJAX20090821_210336_V03.gz']"
T,BE36,L35 UUA /OV L35/TM 1810/FL125/TP BE36/TB SEV/RM ZLA CWSU,SEV,200908301800-KMSC-UBUS01-PIREP,12500.0,34.2637778,-116.8560278,2009-08-30 18:10:00+00:00,5.0,0,L,"('KSOX', 'KEYX', 'KNKX', 'KVTX', 'KESX')","['s3://unidata-nexrad-level2/2009/08/30/KSOX/KSOX20090830_180559_V03.gz', 's3://unidata-nexrad-level2/2009/08/30/KNKX/KNKX20090830_180251_V03.gz', 's3://unidata-nexrad-level2/2009/08/30/KVTX/KVTX20090830_180454_V03.gz', 's3://unidata-nexrad-level2/2009/08/30/KESX/KESX20090830_180136_V03.gz']"
F,R22,ACY UA /OV 28NJ /TM 0017 /FL006 /TP R22 /SK SKC /TA 26 /TB NEG /IC NEG,NEG,,600.0,39.35,-74.41,2009-08-17 00:17:00+00:00,0.0,0,L,"('KDIX', 'KDOX', 'KOKX', 'KLWX', 'KENX')","['s3://unidata-nexrad-level2/2009/08/17/KDIX/KDIX20090817_001632_V03.gz', 's3://unidata-nexrad-level2/2009/08/17/KDOX/KDOX20090817_001107_V04.gz', 's3://unidata-nexrad-level2/2009/08/17/KOKX/KOKX20090817_001618_V03.gz', 's3://unidata-nexrad-level2/2009/08/17/KLWX/KLWX20090817_001631_V03.gz', 's3://unidata-nexrad-level2/2009/08/17/KENX/KENX20090817_001544_V03.gz']"
F,C177,FFZ UA /OV FFZ /TM 1904 /FL055 /TP C177 /WX FV99SM /TB CONT LGT CHOP /RM SCT100 TO THE N/DURC TO 085,CONT LGT CHOP,,5500.0,33.46083,-111.72833,2009-08-23 19:04:00+00:00,1.0,0,L,"('KIWA', 'KFSX', 'KFSX', 'KEMX', 'KYUX')","['s3://unidata-nexrad-level2/2009/08/23/KIWA/KIWA20090823_190212_V03.gz', 's3://unidata-nexrad-level2/2009/08/23/KFSX/KFSX20090823_190016_V03.gz', 's3://unidata-nexrad-level2/2009/08/23/KFSX/KFSX20090823_190016_V03.gz', 's3://unidata-nexrad-level2/2009/08/23/KEMX/KEMX20090823_190312_V03.gz', 's3://unidata-nexrad-level2/2009/08/23/KYUX/KYUX20090823_190117_V03.gz']"
T,CRJ1,CMH UUA /OV BOWRR/TM 2335/FL333/TP CRJ1/TB SEV ABV 330 BLO 370,SEV ABV 330 BLO 370,,33300.0,27.9433611,-81.7834167,2009-08-28 23:35:00+00:00,5.0,0,M,"('KMLB', 'KTBW', 'KJAX', 'KAMX', 'KAMX')","['s3://unidata-nexrad-level2/2009/08/28/KMLB/KMLB20090828_233313_V03.gz', 's3://unidata-nexrad-level2/2009/08/28/KTBW/KTBW20090828_233439_V03.gz', 's3://unidata-nexrad-level2/2009/08/28/KJAX/KJAX20090828_233423_V03.gz', 's3://unidata-nexrad-level2/2009/08/28/KAMX/KAMX20090828_233207_V03.gz', 's3://unidata-nexrad-level2/2009/08/28/KAMX/KAMX20090828_233207_V03.gz']"
T,C172,PSP UUA /OV PSP360005 /TM 0205 /FL045 /TP C172 /TB SEV,SEV,200908060210-KWBC-UBCA90-PIREP,4500.0,33.95334008334008,-116.43,2009-08-06 02:05:00+00:00,5.0,0,L,"('KSOX', 'KNKX', 'KEYX', 'KYUX', 'KESX')","['s3://unidata-nexrad-level2/2009/08/06/KSOX/KSOX20090806_020254_V03.gz', 's3://unidata-nexrad-level2/2009/08/06/KNKX/KNKX20090806_015650_V03.gz', 's3://unidata-nexrad-level2/2009/08/06/KYUX/KYUX20090806_020235_V03.gz', 's3://unidata-nexrad-level2/2009/08/06/KESX/KESX20090806_015635_V04.gz']"
T,C208,KOA UUA /OV UPP /TM 1827 /FL016 /TP C208 /SK OVC016 /WX FV10SM -RA /TB SEV CHOP /RM OVR SHORELINE,SEV CHOP,,1600.0,20.26,-155.85,2009-08-20 18:27:00+00:00,5.0,0,L,"('PHKM', 'PHWA', 'PHMO', 'PHKI', 'KBHX')",['s3://unidata-nexrad-level2/2009/08/20/KBHX/KBHX20090820_182340_V03.gz']
T,E145,ACT UUA /OV JEN090015/TM 1701/FL130/TP E145/TB SEV/RM 130-140 ZFW AWC-WEB:KZFW,SEV,200908211715-KWBC-UBTX90-PIREP,13000.0,32.16,-97.58466502087327,2009-08-21 17:01:00+00:00,5.0,1,M,"('KFWS', 'KGRK', 'KDYX', 'KEWX', 'KFDR')","['s3://unidata-nexrad-level2/2009/08/21/KFWS/KFWS20090821_165755_V03.gz', 's3://unidata-nexrad-level2/2009/08/21/KGRK/KGRK20090821_171014_V04.gz', 's3://unidata-nexrad-level2/2009/08/21/KEWX/KEWX20090821_165524_V03.gz', 's3://unidata-nexrad-level2/2009/08/21/KFDR/KFDR20090821_165701_V03.gz']"
T,E45X,ESF UUA /OV SWB010015/TM 2020/FL360/TP E45X/TB SEV/RM AWC-WEB:KZFW,SEV,,36000.0,32.216221880629995,-92.62882204576898,2009-08-01 20:20:00+00:00,5.0,1,M,"('KPOE', 'KSHV', 'KDGX', 'KLZK', 'KLCH')","['s3://unidata-nexrad-level2/2009/08/01/KSHV/KSHV20090801_201848_V03.gz', 's3://unidata-nexrad-level2/2009/08/01/KDGX/KDGX20090801_201809_V03.gz', 's3://unidata-nexrad-level2/2009/08/01/KLZK/KLZK20090801_201827_V03.gz', 's3://unidata-nexrad-level2/2009/08/01/KLCH/KLCH20090801_201449_V03.gz']"
T,A306,MEI UUA /OV MEI200020/TM 1827/FL350/TP A306/TB OCNL SEV/RM GAINED1000 FT/ZME,OCNL SEV,,35000.0,32.021493754678566,-88.88601008322858,2009-08-11 18:27:00+00:00,5.0,1,H,"('KDGX', 'KGWX', 'KHDC', 'KMOB', 'KLIX')","['s3://unidata-nexrad-level2/2009/08/11/KDGX/KDGX20090811_182616_V03.gz', 's3://unidata-nexrad-level2/2009/08/11/KGWX/KGWX20090811_182344_V04.gz', 's3://unidata-nexrad-level2/2009/08/11/KMOB/KMOB20090811_182301_V03.gz', 's3://unidata-nexrad-level2/2009/08/11/KLIX/KLIX20090811_182257_V03.gz']"
F,SF34,RST UA /OV RST030015 /TM 1851 /FL130 /TP SF34 /TB MOD /RM --------- RSTA,MOD,,13000.0,44.12062388797807,-92.31809567479804,2009-08-19 18:51:00+00:00,3.0,0,M,"('KARX', 'KMPX', 'KDMX', 'KDLH', 'KDVN')","['s3://unidata-nexrad-level2/2009/08/19/KARX/KARX20090819_184926_V03.gz', 's3://unidata-nexrad-level2/2009/08/19/KMPX/KMPX20090819_184908_V03.gz', 's3://unidata-nexrad-level2/2009/08/19/KDMX/KDMX20090819_185045_V03.gz', 's3://unidata-nexrad-level2/2009/08/19/KDLH/KDLH20090819_185041_V03.gz', 's3://unidata-nexrad-level2/2009/08/19/KDVN/KDVN20090819_184759_V03.gz']"
F,C182,UUA /OV YSB 230025 /TM 2215 /FL020 /TP C182 /TB SEV /RM VCTY FRENCHRIVER BURNT ISLAND SFC WIND 210040  HAZE ABOVE FL022 VIS 7  BELOW022 VIS UNLIMITED,SEV,,2000.0,46.35826013519375,-81.26638974720417,2009-08-25 22:15:00+00:00,5.0,0,L,"('KAPX', 'KBUF', 'KDTX', 'KCLE', 'KGRR')","['s3://unidata-nexrad-level2/2009/08/25/KAPX/KAPX20090825_221120_V03.gz', 's3://unidata-nexrad-level2/2009/08/25/KBUF/KBUF20090825_221047_V03.gz', 's3://unidata-nexrad-level2/2009/08/25/KDTX/KDTX20090825_220803_V03.gz', 's3://unidata-nexrad-level2/2009/08/25/KCLE/KCLE20090825_220958_V03.gz', 's3://unidata-nexrad-level2/2009/08/25/KGRR/KGRR20090825_221257_V03.gz']"
T,BE55,VBT UUA /OV RZC310010 /TM 1815 /FL050 /TP BE55 /TB SEV,SEV,,5000.0,36.3571399459225,-94.27833005117502,2009-08-17 18:15:00+00:00,5.0,1,L,"('KINX', 'KSRX', 'KSGF', 'KLZK', 'KEAX')","['s3://unidata-nexrad-level2/2009/08/17/KINX/KINX20090817_181311_V03.gz', 's3://unidata-nexrad-level2/2009/08/17/KSRX/KSRX20090817_181036_V03.gz', 's3://unidata-nexrad-level2/2009/08/17/KSGF/KSGF20090817_181252_V03.gz', 's3://unidata-nexrad-level2/2009/08/17/KLZK/KLZK20090817_181323_V03.gz', 's3://unidata-nexrad-level2/2009/08/17/KEAX/KEAX20090817_181037_V03.gz']"
F,B738,4BK UA /OV ZAGER/TM 0149/FL360/TP B738/TA M52/WV 26947KT/TB NEG/RM KSEA-PHLI AWC-WEB:ASA,NEG,,36000.0,42.05,-124.28333,2009-08-11 01:49:00+00:00,0.0,0,M,"('KMAX', 'KBHX', 'KBBX', 'KRTX', 'KDAX')","['s3://unidata-nexrad-level2/2009/08/11/KMAX/KMAX20090811_014849_V03.gz', 's3://unidata-nexrad-level2/2009/08/11/KBHX/KBHX20090811_014833_V03.gz', 's3://unidata-nexrad-level2/2009/08/11/KBBX/KBBX20090811_014043_V04.gz', 's3://unidata-nexrad-level2/2009/08/11/KRTX/KRTX20090811_014519_V03.gz', 's3://unidata-nexrad-level2/2009/08/11/KDAX/KDAX20090811_014314_V03.gz']"
F,P28A,MJX UA /OV 31E /TM 2003 /FL030 /TP P28A /WX FV99SM /TB NEG /RM /SK SCT045 TOP E100-120,NEG,,3000.0,39.66,-74.3,2009-08-01 20:03:00+00:00,0.0,0,L,"('KDIX', 'KDOX', 'KOKX', 'KBGM', 'KENX')","['s3://unidata-nexrad-level2/2009/08/01/KDIX/KDIX20090801_195919_V03.gz', 's3://unidata-nexrad-level2/2009/08/01/KDOX/KDOX20090801_200054_V04.gz', 's3://unidata-nexrad-level2/2009/08/01/KOKX/KOKX20090801_200151_V03.gz', 's3://unidata-nexrad-level2/2009/08/01/KBGM/KBGM20090801_195447_V03.gz', 's3://unidata-nexrad-level2/2009/08/01/KENX/KENX20090801_200258_V03.gz']"
F,DV20,PVU UA /OV PVU170006 /TM 0318 /FL065 /TP DV20 /SK SKC /WX FV99SM /TA 27 /TB NEG,NEG,,6500.0,40.120701247748,-111.70061683125898,2009-08-27 03:18:00+00:00,0.0,0,L,"('KMTX', 'KICX', 'KGJX', 'KSFX', 'KRIW')","['s3://unidata-nexrad-level2/2009/08/27/KMTX/KMTX20090827_031410_V03.gz', 's3://unidata-nexrad-level2/2009/08/27/KICX/KICX20090827_031355_V03.gz', 's3://unidata-nexrad-level2/2009/08/27/KGJX/KGJX20090827_031542_V03.gz', 's3://unidata-nexrad-level2/2009/08/27/KSFX/KSFX20090827_031031_V03.gz', 's3://unidata-nexrad-level2/2009/08/27/KRIW/KRIW20090827_031451_V03.gz']"
T,PA32,IYK UUA /OV TTE035041/TM 1405/FL126/TP PA32/TB SEV/RM OV 207 180030.COR LOCTN. ZLA CWSU,SEV,,12600.0,36.4697992370418,-118.53604317504242,2009-08-06 14:05:00+00:00,5.0,0,L,"('KHNX', 'KEYX', 'KVTX', 'KVBX', 'KSOX')","['s3://unidata-nexrad-level2/2009/08/06/KHNX/KHNX20090806_140009_V03.gz', 's3://unidata-nexrad-level2/2009/08/06/KVTX/KVTX20090806_140432_V03.gz', 's3://unidata-nexrad-level2/2009/08/06/KSOX/KSOX20090806_140003_V03.gz']"
T,B737,EHR UUA /OV PXV /TM 0206 /FL340 /TP B737 /TB SEV,SEV,,34000.0,37.93,-87.76,2009-08-02 02:06:00+00:00,5.0,1,M,"('KVWX', 'KHPX', 'KPAH', 'KLVX', 'KIND')","['s3://unidata-nexrad-level2/2009/08/02/KVWX/KVWX20090802_020056_V03.gz', 's3://unidata-nexrad-level2/2009/08/02/KPAH/KPAH20090802_020315_V03.gz', 's3://unidata-nexrad-level2/2009/08/02/KLVX/KLVX20090802_020130_V03.gz', 's3://unidata-nexrad-level2/2009/08/02/KIND/KIND20090802_020527_V03.gz']"
T,E135,MFD UUA /OV APE360040 /TM 0025 /FL260 /TP E135 /TB SEV SEV,SEV SEV,200908070045-KWBC-UBOH91-PIREP,26000.0,40.81672066672066,-82.59,2009-08-07 00:25:00+00:00,5.0,0,M,"('KCLE', 'KILN', 'KPBZ', 'KDTX', 'KIWX')","['s3://unidata-nexrad-level2/2009/08/07/KCLE/KCLE20090807_002342_V03.gz', 's3://unidata-nexrad-level2/2009/08/07/KILN/KILN20090807_001945_V03.gz', 's3://unidata-nexrad-level2/2009/08/07/KPBZ/KPBZ20090807_002121_V03.gz', 's3://unidata-nexrad-level2/2009/08/07/KDTX/KDTX20090807_001836_V03.gz', 's3://unidata-nexrad-level2/2009/08/07/KIWX/KIWX20090807_002117_V03.gz']"
T,B752,FTW UUA /OV DFW225010 /TM 0133 /FL100 /TP B752 /TB SEV 080-100,SEV 080-100,200908060140-KWBC-UBTX91-PIREP,10000.0,32.78213932385115,-97.1703738538442,2009-08-06 01:33:00+00:00,5.0,1,M,"('KFWS', 'KDYX', 'KGRK', 'KFDR', 'KOUN')","['s3://unidata-nexrad-level2/2009/08/06/KFWS/KFWS20090806_012857_V03.gz', 's3://unidata-nexrad-level2/2009/08/06/KDYX/KDYX20090806_013236_V03.gz', 's3://unidata-nexrad-level2/2009/08/06/KGRK/KGRK20090806_013126_V04.gz', 's3://unidata-nexrad-level2/2009/08/06/KFDR/KFDR20090806_012921_V03.gz']"
T,E135,ACY UUA /OV SIE060060/TM 2225/FL340/TP E135/TB SEV,SEV,200908072235-KWBC-UBNJ91-PIREP,34000.0,39.6000405000405,-73.68396422684806,2009-08-07 22:25:00+00:00,5.0,0,M,"('KDIX', 'KDOX', 'KOKX', 'KENX', 'KLWX')","['s3://unidata-nexrad-level2/2009/08/07/KDIX/KDIX20090807_222153_V03.gz', 's3://unidata-nexrad-level2/2009/08/07/KDOX/KDOX20090807_221902_V04.gz', 's3://unidata-nexrad-level2/2009/08/07/KOKX/KOKX20090807_222450_V03.gz', 's3://unidata-nexrad-level2/2009/08/07/KENX/KENX20090807_221802_V03.gz', 's3://unidata-nexrad-level2/2009/08/07/KLWX/KLWX20090807_222402_V03.gz']"
F,B733,ACT UA /OV CVE180045/TM 1546/FL250/TP B733/TB MOD/RM ZFW AWC-WEB:KZFW,MOD,200908211600-KMSC-UBUS01-PIREP,25000.0,32.13993924993925,-96.9,2009-08-21 15:46:00+00:00,3.0,1,M,"('KFWS', 'KGRK', 'KDYX', 'KSHV', 'KEWX')","['s3://unidata-nexrad-level2/2009/08/21/KFWS/KFWS20090821_154344_V03.gz', 's3://unidata-nexrad-level2/2009/08/21/KSHV/KSHV20090821_154247_V03.gz', 's3://unidata-nexrad-level2/2009/08/21/KEWX/KEWX20090821_154129_V03.gz']"
F,B738,JFK UA /OV 3752N 7222W/TM 1610/FL350/TP B738/TB LGT-MOD CHOP/RM FMZNY CWSU,LGT-MOD CHOP,,35000.0,37.8666,-72.3666,2009-08-08 16:10:00+00:00,2.0,0,M,"('KDOX', 'KDIX', 'KOKX', 'KBOX', 'KAKQ')","['s3://unidata-nexrad-level2/2009/08/08/KDOX/KDOX20090808_160115_V04.gz', 's3://unidata-nexrad-level2/2009/08/08/KDIX/KDIX20090808_160817_V03.gz', 's3://unidata-nexrad-level2/2009/08/08/KOKX/KOKX20090808_160215_V03.gz', 's3://unidata-nexrad-level2/2009/08/08/KBOX/KBOX20090808_160044_V03.gz', 's3://unidata-nexrad-level2/2009/08/08/KAKQ/KAKQ20090808_160558_V03.gz']"
F,P28R,SAC UA /OV F72 /TM 1910 /FL020 /TP P28R /SK SKC /WX FV99SM /TA 18 /TB LGT-MOD,LGT-MOD,,2000.0,38.3,-121.42,2009-08-07 19:10:00+00:00,2.0,0,L,"('KDAX', 'KMUX', 'KBBX', 'KRGX', 'KHNX')","['s3://unidata-nexrad-level2/2009/08/07/KDAX/KDAX20090807_190117_V03.gz', 's3://unidata-nexrad-level2/2009/08/07/KMUX/KMUX20090807_190210_V03.gz', 's3://unidata-nexrad-level2/2009/08/07/KBBX/KBBX20090807_190457_V04.gz', 's3://unidata-nexrad-level2/2009/08/07/KRGX/KRGX20090807_190659_V03.gz', 's3://unidata-nexrad-level2/2009/08/07/KHNX/KHNX20090807_190757_V03.gz']"
T,PA32,PSF UUA /OV CTR270025 /TM 2117 /FL090 /TP PA32 /WX -RA /TB SEV /RM /OV HIDAL,SEV,,9000.0,42.42722,-73.28917,2009-08-10 21:17:00+00:00,5.0,0,L,"('KENX', 'KOKX', 'KBOX', 'KBGM', 'KCXX')","['s3://unidata-nexrad-level2/2009/08/10/KENX/KENX20090810_211231_V03.gz', 's3://unidata-nexrad-level2/2009/08/10/KOKX/KOKX20090810_211650_V03.gz', 's3://unidata-nexrad-level2/2009/08/10/KBOX/KBOX20090810_211306_V03.gz', 's3://unidata-nexrad-level2/2009/08/10/KBGM/KBGM20090810_211532_V03.gz', 's3://unidata-nexrad-level2/2009/08/10/KCXX/KCXX20090810_211508_V03.gz']"
T,C210,4I3 UUA /OV MFD210025 /TM 2006 /FL110 /TP C210 /TB EXTRM /RM EXTRM UP AND DOWN DRAFTS,EXTRM,,11000.0,40.45912685336988,-82.79531621969109,2009-08-20 20:06:00+00:00,7.0,1,L,"('KCLE', 'KILN', 'KPBZ', 'KDTX', 'KRLX')","['s3://unidata-nexrad-level2/2009/08/20/KCLE/KCLE20090820_200559_V03.gz', 's3://unidata-nexrad-level2/2009/08/20/KILN/KILN20090820_200300_V03.gz', 's3://unidata-nexrad-level2/2009/08/20/KPBZ/KPBZ20090820_200236_V03.gz', 's3://unidata-nexrad-level2/2009/08/20/KDTX/KDTX20090820_200444_V03.gz', 's3://unidata-nexrad-level2/2009/08/20/KRLX/KRLX20090820_200307_V03.gz']"
T,BE33,GJT UUA /OV GJT360005 /TM 1636 /FL080 /TP BE33 /TB SEV,SEV,,8000.0,39.21751008334008,-108.54,2009-08-07 16:36:00+00:00,5.0,0,L,"('KGJX', 'KFTG', 'KCYS', 'KRIW', 'KMTX')","['s3://unidata-nexrad-level2/2009/08/07/KGJX/KGJX20090807_162924_V03.gz', 's3://unidata-nexrad-level2/2009/08/07/KFTG/KFTG20090807_162834_V03.gz', 's3://unidata-nexrad-level2/2009/08/07/KCYS/KCYS20090807_162830_V03.gz', 's3://unidata-nexrad-level2/2009/08/07/KRIW/KRIW20090807_163146_V03.gz', 's3://unidata-nexrad-level2/2009/08/07/KMTX/KMTX20090807_163519_V03.gz']"
T,B763,JFK UUA /OV 36N060W/TM 0015/FL340/TP B763/TB SEV,SEV,200908210000-KMSC-UBUS01-PIREP,34000.0,36.0,-60.0,2009-08-21 00:15:00+00:00,5.0,0,H,"('KBOX', 'KCBW', 'KGYX', 'KOKX', 'KDIX')","['s3://unidata-nexrad-level2/2009/08/21/KBOX/KBOX20090821_001127_V03.gz', 's3://unidata-nexrad-level2/2009/08/21/KCBW/KCBW20090821_001133_V03.gz', 's3://unidata-nexrad-level2/2009/08/21/KGYX/KGYX20090821_001114_V03.gz', 's3://unidata-nexrad-level2/2009/08/21/KOKX/KOKX20090821_000835_V03.gz', 's3://unidata-nexrad-level2/2009/08/21/KDIX/KDIX20090821_000910_V03.gz']"
F,B757,FSM UA /OV PGO360010/TM 1902/FL380/TP B757/TB MOD/RM AWC-WEB:KZFW,MOD,,38000.0,34.846680166680166,-94.61,2009-08-05 19:02:00+00:00,3.0,1,M,"('KSRX', 'KINX', 'KOUN', 'KLZK', 'KTLX')","['s3://unidata-nexrad-level2/2009/08/05/KSRX/KSRX20090805_190157_V03.gz', 's3://unidata-nexrad-level2/2009/08/05/KINX/KINX20090805_190123_V03.gz', 's3://unidata-nexrad-level2/2009/08/05/KLZK/KLZK20090805_190111_V03.gz', 's3://unidata-nexrad-level2/2009/08/05/KTLX/KTLX20090805_185811_V03.gz']"
F,MD82,GBG UA /OV MZV180010 /TM 1310 /FL320 /TP MD82 /TB MOD CHOP,MOD CHOP,,32000.0,41.15331983331984,-90.64,2009-08-07 13:10:00+00:00,3.0,0,M,"('KDVN', 'KILX', 'KDMX', 'KMKX', 'KLSX')","['s3://unidata-nexrad-level2/2009/08/07/KDVN/KDVN20090807_130610_V03.gz', 's3://unidata-nexrad-level2/2009/08/07/KILX/KILX20090807_130713_V03.gz', 's3://unidata-nexrad-level2/2009/08/07/KDMX/KDMX20090807_130826_V03.gz', 's3://unidata-nexrad-level2/2009/08/07/KMKX/KMKX20090807_130934_V03.gz', 's3://unidata-nexrad-level2/2009/08/07/KLSX/KLSX20090807_130613_V03.gz']"
F,A343,PUC UA /OV PUC 180030/TM 2039/FL330/TP A343/TB MOD CHOP/RM ZLC,MOD CHOP,200908032200-KMSC-UBUS01-PIREP,33000.0,39.0999594999595,-110.75,2009-08-03 20:39:00+00:00,3.0,0,H,"('KGJX', 'KICX', 'KMTX', 'KSFX', 'KFSX')","['s3://unidata-nexrad-level2/2009/08/03/KGJX/KGJX20090803_203505_V03.gz', 's3://unidata-nexrad-level2/2009/08/03/KICX/KICX20090803_203728_V03.gz', 's3://unidata-nexrad-level2/2009/08/03/KMTX/KMTX20090803_203312_V03.gz', 's3://unidata-nexrad-level2/2009/08/03/KSFX/KSFX20090803_203726_V03.gz', 's3://unidata-nexrad-level2/2009/08/03/KFSX/KFSX20090803_203449_V03.gz']"
F,CL60,GRR UA /OV GRR /TM 1710 /FL350 /TP CL60 /TA M50 /WV 28270KT /TB NEG /RM SKC ABV,NEG,,35000.0,42.88,-85.52,2009-08-02 17:10:00+00:00,0.0,0,M,"('KGRR', 'KDTX', 'KIWX', 'KMKX', 'KLOT')","['s3://unidata-nexrad-level2/2009/08/02/KGRR/KGRR20090802_170531_V03.gz', 's3://unidata-nexrad-level2/2009/08/02/KDTX/KDTX20090802_170825_V03.gz', 's3://unidata-nexrad-level2/2009/08/02/KIWX/KIWX20090802_170142_V03.gz', 's3://unidata-nexrad-level2/2009/08/02/KMKX/KMKX20090802_170652_V03.gz', 's3://unidata-nexrad-level2/2009/08/02/KLOT/KLOT20090802_170044_V03.gz']"
F,CRJ1,BDL UA /OV BDL135005 /TM 1908 /FL025 /TP CRJ1 /SK BKN027 /TB LGT CHOP,LGT CHOP,200908231915-KWBC-UBCT90-PIREP,2500.0,41.88106966192557,-72.6107760651875,2009-08-23 19:08:00+00:00,1.0,1,M,"('KOKX', 'KBOX', 'KENX', 'KDIX', 'KCXX')","['s3://unidata-nexrad-level2/2009/08/23/KOKX/KOKX20090823_190613_V03.gz', 's3://unidata-nexrad-level2/2009/08/23/KBOX/KBOX20090823_190544_V03.gz', 's3://unidata-nexrad-level2/2009/08/23/KENX/KENX20090823_190714_V03.gz', 's3://unidata-nexrad-level2/2009/08/23/KDIX/KDIX20090823_190246_V03.gz', 's3://unidata-nexrad-level2/2009/08/23/KCXX/KCXX20090823_190323_V03.gz']"
T,BE40,MOP UUA /OV MOP/TM 1302/FL400/TP BE40/TB EXTRM 400-380/RM EXTRM WAVEACTION +/- 700 FT,EXTRM 400-380,,40000.0,43.62167,-84.73722,2009-08-01 13:02:00+00:00,7.0,0,M,"('KGRR', 'KAPX', 'KDTX', 'KMKX', 'KIWX')","['s3://unidata-nexrad-level2/2009/08/01/KGRR/KGRR20090801_125738_V03.gz', 's3://unidata-nexrad-level2/2009/08/01/KAPX/KAPX20090801_125837_V03.gz', 's3://unidata-nexrad-level2/2009/08/01/KDTX/KDTX20090801_130052_V03.gz', 's3://unidata-nexrad-level2/2009/08/01/KMKX/KMKX20090801_130139_V03.gz', 's3://unidata-nexrad-level2/2009/08/01/KIWX/KIWX20090801_125305_V03.gz']"
T,E170,MSL UUA /OV 15S MSL/TM 1942/FL330/TP E170/TB SEV/RM 300 FT ALT LOSS/ZME,SEV,200908012005-KWBC-UBAL90-PIREP,33000.0,34.45997974997975,-87.49,2009-08-01 19:42:00+00:00,5.0,0,U,"('KHTX', 'KGWX', 'KBMX', 'KNQA', 'KOHX')","['s3://unidata-nexrad-level2/2009/08/01/KHTX/KHTX20090801_194039_V03.gz', 's3://unidata-nexrad-level2/2009/08/01/KGWX/KGWX20090801_193814_V04.gz', 's3://unidata-nexrad-level2/2009/08/01/KBMX/KBMX20090801_194110_V03.gz', 's3://unidata-nexrad-level2/2009/08/01/KNQA/KNQA20090801_193742_V03.gz', 's3://unidata-nexrad-level2/2009/08/01/KOHX/KOHX20090801_193751_V03.gz']"
T,A306,LPR UUA /OV CLE270010 /TM 2106 /FL330 /TP A306 /TB SEV,SEV,,33000.0,41.405,-82.07500441277263,2009-08-20 21:06:00+00:00,5.0,1,H,"('KCLE', 'KPBZ', 'KDTX', 'KILN', 'KBUF')","['s3://unidata-nexrad-level2/2009/08/20/KCLE/KCLE20090820_210449_V03.gz', 's3://unidata-nexrad-level2/2009/08/20/KPBZ/KPBZ20090820_210215_V03.gz', 's3://unidata-nexrad-level2/2009/08/20/KDTX/KDTX20090820_210517_V03.gz', 's3://unidata-nexrad-level2/2009/08/20/KILN/KILN20090820_210244_V03.gz', 's3://unidata-nexrad-level2/2009/08/20/KBUF/KBUF20090820_210322_V03.gz']"
T,C172,RCE UUA /OV PWA270005 /TM 1350 /FL025 /TP C172 /WV 18035KT /TB SEV CONT /RM DURC,SEV CONT,,2500.0,35.53417,-97.74947245089658,2009-08-09 13:50:00+00:00,5.0,0,L,"('KOUN', 'KTLX', 'KVNX', 'KFDR', 'KICT')","['s3://unidata-nexrad-level2/2009/08/09/KTLX/KTLX20090809_134500_V03.gz', 's3://unidata-nexrad-level2/2009/08/09/KVNX/KVNX20090809_134637_V03.gz', 's3://unidata-nexrad-level2/2009/08/09/KFDR/KFDR20090809_134346_V03.gz', 's3://unidata-nexrad-level2/2009/08/09/KICT/KICT20090809_134529_V03.gz']"
T,B757,BFF UUA /OV BFF 280020/TM 0006/FL370/TP B757/TB MDT TO SEV/RM ZDV,MDT TO SEV,200908260015-KWBC-UBNE91-PIREP,37000.0,41.94788741439447,-103.92100409916608,2009-08-26 00:06:00+00:00,5.0,1,M,"('KCYS', 'KLNX', 'KFTG', 'KUDX', 'KGLD')","['s3://unidata-nexrad-level2/2009/08/26/KCYS/KCYS20090826_000536_V03.gz', 's3://unidata-nexrad-level2/2009/08/26/KLNX/KLNX20090826_000323_V03.gz', 's3://unidata-nexrad-level2/2009/08/26/KFTG/KFTG20090826_000223_V03.gz', 's3://unidata-nexrad-level2/2009/08/26/KUDX/KUDX20090826_000230_V03.gz', 's3://unidata-nexrad-level2/2009/08/26/KGLD/KGLD20090826_000554_V03.gz']"
T,BE40,HND UUA /OV LAS225010 /TM 2120 /FL110 /TP BE40 /TB SEV,SEV,,11000.0,35.95403932385115,-115.30921686830776,2009-08-31 21:20:00+00:00,5.0,0,M,"('KESX', 'KEYX', 'KICX', 'KSOX', 'KNKX')","['s3://unidata-nexrad-level2/2009/08/31/KESX/KESX20090831_211539_V03.gz', 's3://unidata-nexrad-level2/2009/08/31/KICX/KICX20090831_211831_V03.gz', 's3://unidata-nexrad-level2/2009/08/31/KSOX/KSOX20090831_211617_V03.gz', 's3://unidata-nexrad-level2/2009/08/31/KNKX/KNKX20090831_211854_V03.gz']"
F,CRJ7,PDX UA /OV BTG140020/TM 2209/FL100/TP CRJ7/TB MOD 100-170/RM DURC ..ZSE,MOD 100-170,200908282200-KMSC-UBUS01-PIREP,10000.0,45.494631169073024,-122.28291656424535,2009-08-28 22:09:00+00:00,3.0,0,M,"('KRTX', 'KLGX', 'KPDT', 'KATX', 'KMAX')","['s3://unidata-nexrad-level2/2009/08/28/KRTX/KRTX20090828_220438_V03.gz', 's3://unidata-nexrad-level2/2009/08/28/KPDT/KPDT20090828_220641_V03.gz', 's3://unidata-nexrad-level2/2009/08/28/KATX/KATX20090828_220706_V03.gz', 's3://unidata-nexrad-level2/2009/08/28/KMAX/KMAX20090828_220615_V03.gz']"
F,C82R,M89 UA /OV HOT180020 /TM 0309 /FL085 /TP C82R /SK SKC /WV 27005KT /TB NEG /RM SMOOTH,NEG,200908030300-KMSC-UBUS01-PIREP,8500.0,34.146639666639665,-93.09,2009-08-03 03:09:00+00:00,0.0,0,L,"('KLZK', 'KSRX', 'KSHV', 'KPOE', 'KSGF')","['s3://unidata-nexrad-level2/2009/08/03/KLZK/KLZK20090803_030458_V03.gz', 's3://unidata-nexrad-level2/2009/08/03/KSRX/KSRX20090803_030307_V03.gz', 's3://unidata-nexrad-level2/2009/08/03/KSHV/KSHV20090803_030342_V03.gz', 's3://unidata-nexrad-level2/2009/08/03/KSGF/KSGF20090803_025923_V03.gz']"
T,BE35,TYS UUA /OV TYS180015 /TM 1708 /FL090 /TP BE35 /TB OCNL SEV,OCNL SEV,,9000.0,35.56807974997975,-83.9858,2009-08-22 17:08:00+00:00,5.0,0,L,"('KMRX', 'KGSP', 'KHTX', 'KJKL', 'KFFC')","['s3://unidata-nexrad-level2/2009/08/22/KMRX/KMRX20090822_170618_V03.gz', 's3://unidata-nexrad-level2/2009/08/22/KGSP/KGSP20090822_170648_V03.gz', 's3://unidata-nexrad-level2/2009/08/22/KHTX/KHTX20090822_170733_V03.gz', 's3://unidata-nexrad-level2/2009/08/22/KJKL/KJKL20090822_165956_V03.gz', 's3://unidata-nexrad-level2/2009/08/22/KFFC/KFFC20090822_170137_V03.gz']"
F,B757,AMG UA /OV 30W AMG/TM 2106/FL390/TP B757/TB SEV/RM ZJX CWSU,SEV,,39000.0,31.53606,-83.0932477353252,2009-08-21 21:06:00+00:00,5.0,1,M,"('KVAX', 'KJGX', 'KCLX', 'KTLH', 'KJAX')","['s3://unidata-nexrad-level2/2009/08/21/KJGX/KJGX20090821_210544_V04.gz', 's3://unidata-nexrad-level2/2009/08/21/KCLX/KCLX20090821_210518_V03.gz', 's3://unidata-nexrad-level2/2009/08/21/KTLH/KTLH20090821_210012_V03.gz', 's3://unidata-nexrad-level2/2009/08/21/KJAX/KJAX20090821_210336_V03.gz']"
F,B738,ACV UA /OV 37N140W/TM 0206/FL350/TP B738/TA M48/WV 23543KT/TB NEG/RM PHKO-KSEA AWC-WEB:ASA,NEG,,35000.0,37.0,-140.0,2009-08-10 02:06:00+00:00,0.0,0,M,"('KBHX', 'KMAX', 'KMUX', 'KDAX', 'KBBX')","['s3://unidata-nexrad-level2/2009/08/10/KBHX/KBHX20090810_020344_V03.gz', 's3://unidata-nexrad-level2/2009/08/10/KMAX/KMAX20090810_015745_V03.gz', 's3://unidata-nexrad-level2/2009/08/10/KMUX/KMUX20090810_020557_V03.gz', 's3://unidata-nexrad-level2/2009/08/10/KDAX/KDAX20090810_015803_V03.gz', 's3://unidata-nexrad-level2/2009/08/10/KBBX/KBBX20090810_015716_V04.gz']"
F,B738,TRK UA /OV SWR/TM 2252/FL380/TP B738/TA M50/WV 30619KT/TB OCNL LGT CHOP 380/RM AWC-WEB:ASA,OCNL LGT CHOP 380,200908072255-KWBC-UBCA90-PIREP,38000.0,39.18,-120.27,2009-08-07 22:52:00+00:00,1.0,0,M,"('KRGX', 'KBBX', 'KDAX', 'KMUX', 'KHNX')","['s3://unidata-nexrad-level2/2009/08/07/KRGX/KRGX20090807_224802_V03.gz', 's3://unidata-nexrad-level2/2009/08/07/KBBX/KBBX20090807_224538_V04.gz', 's3://unidata-nexrad-level2/2009/08/07/KDAX/KDAX20090807_224531_V03.gz', 's3://unidata-nexrad-level2/2009/08/07/KMUX/KMUX20090807_224610_V03.gz', 's3://unidata-nexrad-level2/2009/08/07/KHNX/KHNX20090807_225114_V03.gz']"
F,C182,UUA /OV CYYB 230002 /TM 2215 /FL020 /TP C182 /TB SEV /RM COR FORLOCATION IDENT VCTY FRENCH RIVER BURNT ISLAND SFC WIND 210040  HAZEABOVE FL022 VIS7  BELOW FL022 VIS UNLIMITED,SEV,,2000.0,46.3421820108155,-79.45978572013406,2009-08-25 22:15:00+00:00,5.0,0,L,"('KBUF', 'KTYX', 'KBGM', 'KDTX', 'KAPX')","['s3://unidata-nexrad-level2/2009/08/25/KBUF/KBUF20090825_221047_V03.gz', 's3://unidata-nexrad-level2/2009/08/25/KTYX/KTYX20090825_221001_V04.gz', 's3://unidata-nexrad-level2/2009/08/25/KBGM/KBGM20090825_221259_V03.gz', 's3://unidata-nexrad-level2/2009/08/25/KDTX/KDTX20090825_220803_V03.gz', 's3://unidata-nexrad-level2/2009/08/25/KAPX/KAPX20090825_221120_V03.gz']"
T,E135,MFD UUA /OV APE360040 /TM 0036 /FL260 /TP E135 /TB SEV,SEV,200908070045-KWBC-UBOH91-PIREP,26000.0,40.81672066672066,-82.59,2009-08-07 00:36:00+00:00,5.0,0,M,"('KCLE', 'KILN', 'KPBZ', 'KDTX', 'KIWX')","['s3://unidata-nexrad-level2/2009/08/07/KCLE/KCLE20090807_003247_V03.gz', 's3://unidata-nexrad-level2/2009/08/07/KILN/KILN20090807_002926_V03.gz', 's3://unidata-nexrad-level2/2009/08/07/KPBZ/KPBZ20090807_003101_V03.gz', 's3://unidata-nexrad-level2/2009/08/07/KDTX/KDTX20090807_002825_V03.gz', 's3://unidata-nexrad-level2/2009/08/07/KIWX/KIWX20090807_003040_V03.gz']"
F,C421,STS UA /OV STS /TM 0131 /FL100 /TP C421 /TA M05 /TB NEG,NEG,200908070135-KWBC-UBCA90-PIREP,10000.0,38.51,-122.81,2009-08-07 01:31:00+00:00,0.0,0,L,"('KDAX', 'KBBX', 'KMUX', 'KBHX', 'KRGX')","['s3://unidata-nexrad-level2/2009/08/07/KDAX/KDAX20090807_012851_V03.gz', 's3://unidata-nexrad-level2/2009/08/07/KBBX/KBBX20090807_013030_V04.gz', 's3://unidata-nexrad-level2/2009/08/07/KMUX/KMUX20090807_012958_V03.gz', 's3://unidata-nexrad-level2/2009/08/07/KBHX/KBHX20090807_012741_V03.gz', 's3://unidata-nexrad-level2/2009/08/07/KRGX/KRGX20090807_012737_V03.gz']"
T,E170,IPT UUA /OV LHY/TM 0107/FL310/TP E170/TB SEV/RM FL310-FL315,SEV,200908130130-KWBC-UBPA91-PIREP,31000.0,41.48,-75.48,2009-08-13 01:07:00+00:00,5.0,1,U,"('KBGM', 'KDIX', 'KCCX', 'KOKX', 'KENX')","['s3://unidata-nexrad-level2/2009/08/13/KBGM/KBGM20090813_010431_V03.gz', 's3://unidata-nexrad-level2/2009/08/13/KDIX/KDIX20090813_010323_V03.gz', 's3://unidata-nexrad-level2/2009/08/13/KCCX/KCCX20090813_010231_V03.gz', 's3://unidata-nexrad-level2/2009/08/13/KOKX/KOKX20090813_010253_V03.gz', 's3://unidata-nexrad-level2/2009/08/13/KENX/KENX20090813_010643_V03.gz']"
T,CRJ2,BWG UUA /OV 15S CCT/TM 2115/FL300/TP CRJ2/TB SEV/RM UPDRAFT TOFL315/ZME,SEV,,30000.0,37.12997974997975,-87.26,2009-08-04 21:15:00+00:00,5.0,1,M,"('KHPX', 'KVWX', 'KPAH', 'KLVX', 'KOHX')","['s3://unidata-nexrad-level2/2009/08/04/KVWX/KVWX20090804_211202_V03.gz', 's3://unidata-nexrad-level2/2009/08/04/KPAH/KPAH20090804_211236_V03.gz', 's3://unidata-nexrad-level2/2009/08/04/KLVX/KLVX20090804_211411_V03.gz', 's3://unidata-nexrad-level2/2009/08/04/KOHX/KOHX20090804_211239_V03.gz']"
F,BE9L,BOI UA /OV DNJ 135022/TM 2119/FL240/TP BE9L/TB SEV/RM ZLC,SEV,,24000.0,44.51070651247253,-115.84476682656371,2009-08-30 21:19:00+00:00,5.0,1,L,"('KCBX', 'KPDT', 'KSFX', 'KMSX', 'KOTX')","['s3://unidata-nexrad-level2/2009/08/30/KCBX/KCBX20090830_211712_V03.gz', 's3://unidata-nexrad-level2/2009/08/30/KPDT/KPDT20090830_211613_V03.gz', 's3://unidata-nexrad-level2/2009/08/30/KSFX/KSFX20090830_211716_V03.gz', 's3://unidata-nexrad-level2/2009/08/30/KMSX/KMSX20090830_211507_V03.gz', 's3://unidata-nexrad-level2/2009/08/30/KOTX/KOTX20090830_211851_V03.gz']"
F,CRJ7,ENW UA /OV OBK360020 /TM 1844 /FL240 /TP CRJ7 /TB NEG 240-260,NEG 240-260,,24000.0,42.55336033336033,-87.95,2009-08-06 18:44:00+00:00,0.0,0,M,"('KMKX', 'KLOT', 'KGRB', 'KIWX', 'KGRR')","['s3://unidata-nexrad-level2/2009/08/06/KMKX/KMKX20090806_183502_V03.gz', 's3://unidata-nexrad-level2/2009/08/06/KLOT/KLOT20090806_183928_V03.gz', 's3://unidata-nexrad-level2/2009/08/06/KGRB/KGRB20090806_183601_V03.gz', 's3://unidata-nexrad-level2/2009/08/06/KIWX/KIWX20090806_184259_V03.gz', 's3://unidata-nexrad-level2/2009/08/06/KGRR/KGRR20090806_183613_V03.gz']"
T,C172,BFL UUA /OV MHV-BFL /TM 2327 /FL065 /TP C172 /SK SCT060-TOP070 /WX FV15SM HZ /TA 10 /TB SEV /RM SEV OVR MHV NEG OVR BFL,SEV,200908062335-KWBC-UBCA91-PIREP,6500.0,35.254999999999995,-118.585,2009-08-06 23:27:00+00:00,5.0,0,L,"('KEYX', 'KVTX', 'KHNX', 'KVBX', 'KSOX')","['s3://unidata-nexrad-level2/2009/08/06/KVTX/KVTX20090806_232259_V03.gz', 's3://unidata-nexrad-level2/2009/08/06/KHNX/KHNX20090806_232555_V03.gz']"
T,B757,HSV UUA /OV RQZ/TM 2130/FL390/TP B757/TB SEV TB/RM CWSU ZTL,SEV TB,200908012145-KWBC-UBAL90-PIREP,39000.0,34.8,-86.63,2009-08-01 21:30:00+00:00,5.0,1,M,"('KHTX', 'KOHX', 'KBMX', 'KGWX', 'KHPX')","['s3://unidata-nexrad-level2/2009/08/01/KHTX/KHTX20090801_212757_V03.gz', 's3://unidata-nexrad-level2/2009/08/01/KOHX/KOHX20090801_212613_V03.gz', 's3://unidata-nexrad-level2/2009/08/01/KBMX/KBMX20090801_212627_V03.gz', 's3://unidata-nexrad-level2/2009/08/01/KGWX/KGWX20090801_212802_V04.gz']"
F,BE35,SDL UA /OV DVT040035 /TM 1756 /FL095 /TP BE35 /SK SCT095 /TB NEG /RM CALM,NEG,,9500.0,34.13520545412221,-111.63188755247086,2009-08-24 17:56:00+00:00,0.0,0,L,"('KIWA', 'KFSX', 'KFSX', 'KEMX', 'KYUX')","['s3://unidata-nexrad-level2/2009/08/24/KIWA/KIWA20090824_175435_V03.gz', 's3://unidata-nexrad-level2/2009/08/24/KFSX/KFSX20090824_175231_V03.gz', 's3://unidata-nexrad-level2/2009/08/24/KFSX/KFSX20090824_175231_V03.gz', 's3://unidata-nexrad-level2/2009/08/24/KEMX/KEMX20090824_175418_V03.gz', 's3://unidata-nexrad-level2/2009/08/24/KYUX/KYUX20090824_175225_V03.gz']"
T,C402,LUD UUA /OV AFW325012 /TM 0046 /FL027 /TP C402 /TB SEV,SEV,,2700.0,33.13544827913419,-97.45462722214592,2009-08-06 00:46:00+00:00,5.0,1,L,"('KFWS', 'KDYX', 'KFDR', 'KOUN', 'KTLX')","['s3://unidata-nexrad-level2/2009/08/06/KFWS/KFWS20090806_004507_V03.gz', 's3://unidata-nexrad-level2/2009/08/06/KDYX/KDYX20090806_004512_V03.gz', 's3://unidata-nexrad-level2/2009/08/06/KFDR/KFDR20090806_004450_V03.gz', 's3://unidata-nexrad-level2/2009/08/06/KTLX/KTLX20090806_004245_V03.gz']"
F,B757,FSM UA /OV PGO310006/TM 1901/FL380/TP B757/TB LGT/RM AWC-WEB:KZFW,LGT,200908081940-KWBC-UBAR90-PIREP,38000.0,34.7442839675535,-94.7031614625239,2009-08-08 19:01:00+00:00,1.0,0,M,"('KSRX', 'KLZK', 'KINX', 'KOUN', 'KSHV')","['s3://unidata-nexrad-level2/2009/08/08/KSRX/KSRX20090808_185208_V03.gz', 's3://unidata-nexrad-level2/2009/08/08/KLZK/KLZK20090808_185914_V03.gz', 's3://unidata-nexrad-level2/2009/08/08/KINX/KINX20090808_185254_V03.gz', 's3://unidata-nexrad-level2/2009/08/08/KSHV/KSHV20090808_185938_V03.gz']"
T,B757,MLU UUA /OV 30E MLU/TM 2015/FL370/TP B757/TB SEV/RM ZME,SEV,,37000.0,32.51086,-91.4447258435378,2009-08-01 20:15:00+00:00,5.0,0,M,"('KDGX', 'KSHV', 'KPOE', 'KHDC', 'KLZK')","['s3://unidata-nexrad-level2/2009/08/01/KDGX/KDGX20090801_201337_V03.gz', 's3://unidata-nexrad-level2/2009/08/01/KSHV/KSHV20090801_201404_V03.gz', 's3://unidata-nexrad-level2/2009/08/01/KLZK/KLZK20090801_201352_V03.gz']"
F,E170,FAR UA /OV FAR050040/TM 0103/FL370/TP E170/TB CONT LGT OCNL MOD CHOP,CONT LGT OCNL MOD CHOP,,37000.0,47.35383978368999,-96.06327120354712,2009-08-15 01:03:00+00:00,2.0,0,U,"('KMVX', 'KDLH', 'KMPX', 'KABR', 'KBIS')","['s3://unidata-nexrad-level2/2009/08/15/KMVX/KMVX20090815_010253_V03.gz', 's3://unidata-nexrad-level2/2009/08/15/KDLH/KDLH20090815_010133_V03.gz', 's3://unidata-nexrad-level2/2009/08/15/KMPX/KMPX20090815_010023_V03.gz', 's3://unidata-nexrad-level2/2009/08/15/KABR/KABR20090815_010135_V03.gz', 's3://unidata-nexrad-level2/2009/08/15/KBIS/KBIS20090815_005948_V03.gz']"
T,PA32,IYK UUA /OV 2O7180030 /TM 1405 /FL126 /TP PA32 /TB SEV,SEV,,12600.0,36.309959499959504,-118.2,2009-08-06 14:05:00+00:00,5.0,0,L,"('KHNX', 'KEYX', 'KVTX', 'KVBX', 'KSOX')","['s3://unidata-nexrad-level2/2009/08/06/KHNX/KHNX20090806_140009_V03.gz', 's3://unidata-nexrad-level2/2009/08/06/KVTX/KVTX20090806_140432_V03.gz', 's3://unidata-nexrad-level2/2009/08/06/KSOX/KSOX20090806_140003_V03.gz']"
F,C182,MOP UA /OV MBS315010 /TM 2141 /FL060 /TP C182 /WX FV99SM /TB NEG /RM BKN CI CLDS ABV,NEG,,6000.0,43.64786067614885,-84.24256334434385,2009-08-03 21:41:00+00:00,0.0,0,L,"('KDTX', 'KGRR', 'KAPX', 'KIWX', 'KCLE')","['s3://unidata-nexrad-level2/2009/08/03/KDTX/KDTX20090803_213716_V03.gz', 's3://unidata-nexrad-level2/2009/08/03/KGRR/KGRR20090803_213831_V03.gz', 's3://unidata-nexrad-level2/2009/08/03/KAPX/KAPX20090803_213657_V03.gz', 's3://unidata-nexrad-level2/2009/08/03/KIWX/KIWX20090803_213717_V03.gz', 's3://unidata-nexrad-level2/2009/08/03/KCLE/KCLE20090803_214050_V03.gz']"
F,C172,RBL UA /OV RBL /TM 0033 /FL075 /TP C172 /WX FV40SM /TA 20 /WV 20307KT /TB NEG,NEG,200908220040-KWBC-UBCA90-PIREP,7500.0,40.1,-122.24,2009-08-22 00:33:00+00:00,0.0,0,L,"('KBBX', 'KDAX', 'KBHX', 'KMAX', 'KRGX')","['s3://unidata-nexrad-level2/2009/08/22/KBBX/KBBX20090822_003150_V04.gz', 's3://unidata-nexrad-level2/2009/08/22/KDAX/KDAX20090822_003207_V03.gz', 's3://unidata-nexrad-level2/2009/08/22/KBHX/KBHX20090822_003032_V03.gz', 's3://unidata-nexrad-level2/2009/08/22/KMAX/KMAX20090822_002421_V03.gz', 's3://unidata-nexrad-level2/2009/08/22/KRGX/KRGX20090822_002900_V03.gz']"
T,E135,IPT UUA /OV ETX/TM 0227/FL130/TP E135/TB SEV CHOP 130 - 150,SEV CHOP 130 - 150,,13000.0,40.58,-75.68,2009-08-13 02:27:00+00:00,5.0,1,M,"('KDIX', 'KBGM', 'KDOX', 'KCCX', 'KLWX')","['s3://unidata-nexrad-level2/2009/08/13/KDIX/KDIX20090813_022536_V03.gz', 's3://unidata-nexrad-level2/2009/08/13/KBGM/KBGM20090813_022505_V03.gz', 's3://unidata-nexrad-level2/2009/08/13/KDOX/KDOX20090813_022345_V04.gz', 's3://unidata-nexrad-level2/2009/08/13/KCCX/KCCX20090813_022433_V03.gz', 's3://unidata-nexrad-level2/2009/08/13/KLWX/KLWX20090813_022516_V03.gz']"
F,HXB,DNN UA /OV RMG045025 /TM 1806 /FL035 /TP HXB /TB LGT CHOP /RM SMTH,LGT CHOP,,3500.0,34.64243169037213,-84.80422813012925,2009-08-10 18:06:00+00:00,1.0,0,U,"('KHTX', 'KFFC', 'KMRX', 'KOHX', 'KMXX')","['s3://unidata-nexrad-level2/2009/08/10/KHTX/KHTX20090810_180313_V03.gz', 's3://unidata-nexrad-level2/2009/08/10/KFFC/KFFC20090810_180558_V03.gz', 's3://unidata-nexrad-level2/2009/08/10/KMRX/KMRX20090810_180458_V03.gz', 's3://unidata-nexrad-level2/2009/08/10/KOHX/KOHX20090810_180304_V03.gz']"
F,C182,HLR UA /OV TPL180010 /TM 0016 /FL115 /TP C182 /WX FV99SM /TA 12 /TB NEG,NEG,200908060020-KWBC-UBTX90-PIREP,11500.0,31.043319833319835,-97.42,2009-08-06 00:16:00+00:00,0.0,0,L,"('KGRK', 'KEWX', 'KFWS', 'KDYX', 'KHGX')","['s3://unidata-nexrad-level2/2009/08/06/KGRK/KGRK20090806_001256_V04.gz', 's3://unidata-nexrad-level2/2009/08/06/KEWX/KEWX20090806_001000_V03.gz', 's3://unidata-nexrad-level2/2009/08/06/KFWS/KFWS20090806_001447_V03.gz', 's3://unidata-nexrad-level2/2009/08/06/KDYX/KDYX20090806_001331_V03.gz', 's3://unidata-nexrad-level2/2009/08/06/KHGX/KHGX20090806_001335_V03.gz']"
F,BE24,FFT UA /OV EWO040030 /TM 1323 /FL080 /TP BE24 /SK SKC /WX FV99SM /TA 10 /WV 04023KT /TB NEG /RM SMTH RIDE,NEG,,8000.0,38.01305324639046,-85.27415153099913,2009-08-01 13:23:00+00:00,0.0,0,L,"('KLVX', 'KJKL', 'KILN', 'KIND', 'KOHX')","['s3://unidata-nexrad-level2/2009/08/01/KLVX/KLVX20090801_132030_V03.gz', 's3://unidata-nexrad-level2/2009/08/01/KJKL/KJKL20090801_131541_V03.gz', 's3://unidata-nexrad-level2/2009/08/01/KILN/KILN20090801_131646_V03.gz', 's3://unidata-nexrad-level2/2009/08/01/KIND/KIND20090801_131457_V03.gz', 's3://unidata-nexrad-level2/2009/08/01/KOHX/KOHX20090801_131823_V03.gz']"
F,A320,MLU UA /OV JAN270080 /TM 0025 /FL350 /TP A320 /SK OVC-TOP360 /TA M43 /WV 14022KT /TB OCNL LGT /RM IMC,OCNL LGT,,35000.0,32.32,-91.65789655003309,2009-08-09 00:25:00+00:00,1.0,1,M,"('KPOE', 'KDGX', 'KSHV', 'KLZK', 'KLCH')","['s3://unidata-nexrad-level2/2009/08/09/KDGX/KDGX20090809_002330_V03.gz', 's3://unidata-nexrad-level2/2009/08/09/KSHV/KSHV20090809_001659_V03.gz', 's3://unidata-nexrad-level2/2009/08/09/KLZK/KLZK20090809_001621_V03.gz', 's3://unidata-nexrad-level2/2009/08/09/KLCH/KLCH20090809_002110_V03.gz']"
T,CRJ2,JBR UUA /OV 15W MEM/TM 0041/FL270/TP CRJ2/TB SEV/RM CORRECTION/UNABLETO MAINTAIN ALT/ZME,SEV,,27000.0,35.06111,-90.29044665552158,2009-08-19 00:41:00+00:00,5.0,1,M,"('KNQA', 'KLZK', 'KGWX', 'KPAH', 'KDGX')","['s3://unidata-nexrad-level2/2009/08/19/KNQA/KNQA20090819_003748_V03.gz', 's3://unidata-nexrad-level2/2009/08/19/KLZK/KLZK20090819_003916_V03.gz', 's3://unidata-nexrad-level2/2009/08/19/KGWX/KGWX20090819_003749_V04.gz', 's3://unidata-nexrad-level2/2009/08/19/KDGX/KDGX20090819_003845_V03.gz']"
F,B190,PIR UA /OV PIR200020/TM 0415/FL070/TP B190/TB SEV/RM FL070-150,SEV,200908140400-KMSC-UBUS01-PIREP,7000.0,44.07674375467857,-100.31955329048164,2009-08-14 04:15:00+00:00,5.0,0,M,"('KUDX', 'KABR', 'KLNX', 'KFSD', 'KBIS')","['s3://unidata-nexrad-level2/2009/08/14/KUDX/KUDX20090814_041059_V03.gz', 's3://unidata-nexrad-level2/2009/08/14/KABR/KABR20090814_041115_V03.gz', 's3://unidata-nexrad-level2/2009/08/14/KLNX/KLNX20090814_041409_V03.gz', 's3://unidata-nexrad-level2/2009/08/14/KFSD/KFSD20090814_041236_V03.gz', 's3://unidata-nexrad-level2/2009/08/14/KBIS/KBIS20090814_041433_V03.gz']"
T,E135,ACY UUA /OV SIE060060/TM 2230/FL340/TP E135/TB SEV,SEV,,34000.0,39.6000405000405,-73.68396422684806,2009-08-07 22:30:00+00:00,5.0,0,M,"('KDIX', 'KDOX', 'KOKX', 'KENX', 'KLWX')","['s3://unidata-nexrad-level2/2009/08/07/KDIX/KDIX20090807_222153_V03.gz', 's3://unidata-nexrad-level2/2009/08/07/KDOX/KDOX20090807_222845_V04.gz', 's3://unidata-nexrad-level2/2009/08/07/KOKX/KOKX20090807_222450_V03.gz', 's3://unidata-nexrad-level2/2009/08/07/KENX/KENX20090807_222743_V03.gz', 's3://unidata-nexrad-level2/2009/08/07/KLWX/KLWX20090807_222402_V03.gz']"
T,MD90,SLC UUA /OV TCH160015 /TM 0350 /FL120 /TP MD90 /TB SEV /RM RPTD MULT AC 120/BLW,SEV,200908070400-KMSC-UBUS01-PIREP,12000.0,40.61505781600893,-111.86695242414186,2009-08-07 03:50:00+00:00,5.0,0,M,"('KMTX', 'KSFX', 'KICX', 'KGJX', 'KRIW')","['s3://unidata-nexrad-level2/2009/08/07/KMTX/KMTX20090807_034953_V03.gz', 's3://unidata-nexrad-level2/2009/08/07/KSFX/KSFX20090807_034841_V03.gz', 's3://unidata-nexrad-level2/2009/08/07/KICX/KICX20090807_034838_V03.gz', 's3://unidata-nexrad-level2/2009/08/07/KGJX/KGJX20090807_034942_V03.gz', 's3://unidata-nexrad-level2/2009/08/07/KRIW/KRIW20090807_034852_V03.gz']"
T,C182,NXP UUA /OV PSP330030/TM 1822/FL095/TP C182/TB MOD-SEV/RM ZLA CWSU,MOD-SEV,,9500.0,34.26271777595615,-116.8076667278052,2009-08-06 18:22:00+00:00,4.0,0,L,"('KSOX', 'KEYX', 'KNKX', 'KVTX', 'KESX')","['s3://unidata-nexrad-level2/2009/08/06/KSOX/KSOX20090806_181843_V03.gz', 's3://unidata-nexrad-level2/2009/08/06/KNKX/KNKX20090806_181535_V03.gz', 's3://unidata-nexrad-level2/2009/08/06/KVTX/KVTX20090806_181534_V03.gz', 's3://unidata-nexrad-level2/2009/08/06/KESX/KESX20090806_181332_V04.gz']"
T,CRJ2,BWG UUA /OV 15S CCT/TM 2115/FL300/TP CRJ2/TB SEV/RM UPDRAFT TO FL315/ZME,SEV,200908042100-KMSC-UBUS01-PIREP,30000.0,37.12997974997975,-87.26,2009-08-04 21:15:00+00:00,5.0,1,M,"('KHPX', 'KVWX', 'KPAH', 'KLVX', 'KOHX')","['s3://unidata-nexrad-level2/2009/08/04/KVWX/KVWX20090804_211202_V03.gz', 's3://unidata-nexrad-level2/2009/08/04/KPAH/KPAH20090804_211236_V03.gz', 's3://unidata-nexrad-level2/2009/08/04/KLVX/KLVX20090804_211411_V03.gz', 's3://unidata-nexrad-level2/2009/08/04/KOHX/KOHX20090804_211239_V03.gz']"
F,M20P,GBG UA /OV FLV-GBG /TM 2351 /FL060 /TP M20P /TB NEG,NEG,,6000.0,40.153165,-92.672915,2009-08-08 23:51:00+00:00,0.0,0,L,"('KDMX', 'KEAX', 'KLSX', 'KDVN', 'KSGF')","['s3://unidata-nexrad-level2/2009/08/08/KDMX/KDMX20090808_234114_V03.gz', 's3://unidata-nexrad-level2/2009/08/08/KEAX/KEAX20090808_234610_V03.gz', 's3://unidata-nexrad-level2/2009/08/08/KLSX/KLSX20090808_235036_V03.gz', 's3://unidata-nexrad-level2/2009/08/08/KDVN/KDVN20090808_234524_V03.gz', 's3://unidata-nexrad-level2/2009/08/08/KSGF/KSGF20090808_234312_V03.gz']"
F,B737,4BM UA /OV DEN225045 /TM 2020 /FL220 /TP B737 /TB MOD 220-190,MOD 220-190,,22000.0,39.30242695733018,-105.34816458154828,2009-08-08 20:20:00+00:00,3.0,0,M,"('KFTG', 'KPUX', 'KCYS', 'KGJX', 'KGLD')","['s3://unidata-nexrad-level2/2009/08/08/KFTG/KFTG20090808_201929_V03.gz', 's3://unidata-nexrad-level2/2009/08/08/KPUX/KPUX20090808_201048_V03.gz', 's3://unidata-nexrad-level2/2009/08/08/KCYS/KCYS20090808_201736_V03.gz', 's3://unidata-nexrad-level2/2009/08/08/KGJX/KGJX20090808_201935_V03.gz', 's3://unidata-nexrad-level2/2009/08/08/KGLD/KGLD20090808_201813_V03.gz']"
T,TEX2,MOB UUA /OV SJI 130020/TM 1530/FL140/TP TEX2/TB SEV,SEV,,14000.0,30.515720108155005,-88.062916081348,2009-08-21 15:30:00+00:00,5.0,0,L,"('KMOB', 'KLIX', 'KEVX', 'KHDC', 'KDGX')","['s3://unidata-nexrad-level2/2009/08/21/KMOB/KMOB20090821_152644_V03.gz', 's3://unidata-nexrad-level2/2009/08/21/KLIX/KLIX20090821_152629_V03.gz', 's3://unidata-nexrad-level2/2009/08/21/KEVX/KEVX20090821_152729_V04.gz', 's3://unidata-nexrad-level2/2009/08/21/KDGX/KDGX20090821_152830_V03.gz']"
T,MD90,SLC UUA /OV TCH225020 /TM 0350 /FL090 /TP MD90 /TB SEV,SEV,200908070400-KWBC-UBUT90-PIREP,9000.0,40.6142786477023,-112.29162572944284,2009-08-07 03:50:00+00:00,5.0,0,M,"('KMTX', 'KSFX', 'KICX', 'KLRX', 'KGJX')","['s3://unidata-nexrad-level2/2009/08/07/KMTX/KMTX20090807_034953_V03.gz', 's3://unidata-nexrad-level2/2009/08/07/KSFX/KSFX20090807_034841_V03.gz', 's3://unidata-nexrad-level2/2009/08/07/KICX/KICX20090807_034838_V03.gz', 's3://unidata-nexrad-level2/2009/08/07/KLRX/KLRX20090807_034621_V03.gz', 's3://unidata-nexrad-level2/2009/08/07/KGJX/KGJX20090807_034942_V03.gz']"
F,CRJ2,LSE UA /OV LSE130020/TM 0034/FL080/TP CRJ2/TB MOD,MOD,200908200100-KWBC-UBWI90-PIREP,8000.0,43.66572010815501,-90.90571133221913,2009-08-20 00:34:00+00:00,3.0,1,M,"('KARX', 'KMKX', 'KDVN', 'KGRB', 'KMPX')","['s3://unidata-nexrad-level2/2009/08/20/KARX/KARX20090820_003020_V03.gz', 's3://unidata-nexrad-level2/2009/08/20/KMKX/KMKX20090820_003059_V03.gz', 's3://unidata-nexrad-level2/2009/08/20/KDVN/KDVN20090820_003252_V03.gz', 's3://unidata-nexrad-level2/2009/08/20/KGRB/KGRB20090820_003139_V03.gz', 's3://unidata-nexrad-level2/2009/08/20/KMPX/KMPX20090820_002931_V03.gz']"
T,C650,UNU UUA /OV BAE315015 /TM 1952 /FL240 /TP C650 /TB SEV,SEV,,24000.0,43.29679101422328,-88.52220477875272,2009-08-09 19:52:00+00:00,5.0,0,M,"('KMKX', 'KGRB', 'KLOT', 'KARX', 'KGRR')","['s3://unidata-nexrad-level2/2009/08/09/KMKX/KMKX20090809_195045_V03.gz', 's3://unidata-nexrad-level2/2009/08/09/KGRB/KGRB20090809_195128_V03.gz', 's3://unidata-nexrad-level2/2009/08/09/KLOT/KLOT20090809_194839_V03.gz', 's3://unidata-nexrad-level2/2009/08/09/KARX/KARX20090809_195101_V03.gz', 's3://unidata-nexrad-level2/2009/08/09/KGRR/KGRR20090809_195018_V03.gz']"
T,CRJ2,LAS UUA /OV GFS300020/TM 2231/FL320/TP CRJ2/TB SEV/RM ZLA CWSU,SEV,200908232240-KWBC-UBNV91-PIREP,32000.0,35.29668016668017,-115.53299753630353,2009-08-23 22:31:00+00:00,5.0,1,M,"('KESX', 'KEYX', 'KSOX', 'KYUX', 'KNKX')","['s3://unidata-nexrad-level2/2009/08/23/KESX/KESX20090823_223043_V03.gz', 's3://unidata-nexrad-level2/2009/08/23/KSOX/KSOX20090823_222719_V03.gz', 's3://unidata-nexrad-level2/2009/08/23/KYUX/KYUX20090823_222954_V03.gz', 's3://unidata-nexrad-level2/2009/08/23/KNKX/KNKX20090823_222655_V03.gz']"
F,C182,BFL UA /OV EHF135026 /TM 1930 /FL105 /TP C182 /TB LGT,LGT,200908011935-KWBC-UBCA90-PIREP,10500.0,35.173562242012984,-118.72368792886904,2009-08-01 19:30:00+00:00,1.0,0,L,"('KVTX', 'KEYX', 'KHNX', 'KVBX', 'KSOX')","['s3://unidata-nexrad-level2/2009/08/01/KVTX/KVTX20090801_192417_V03.gz', 's3://unidata-nexrad-level2/2009/08/01/KHNX/KHNX20090801_192323_V03.gz', 's3://unidata-nexrad-level2/2009/08/01/KSOX/KSOX20090801_192525_V03.gz']"
T,PA31,WRL UUA /OV GEY/TM 2229/FL204/TP PA31/TB SEV/ZLC,SEV,,20400.0,44.51682,-108.08282,2009-08-07 22:29:00+00:00,5.0,1,L,"('KBLX', 'KRIW', 'KGGW', 'KTFX', 'KCYS')","['s3://unidata-nexrad-level2/2009/08/07/KBLX/KBLX20090807_222635_V03.gz', 's3://unidata-nexrad-level2/2009/08/07/KRIW/KRIW20090807_222854_V03.gz', 's3://unidata-nexrad-level2/2009/08/07/KGGW/KGGW20090807_222700_V03.gz', 's3://unidata-nexrad-level2/2009/08/07/KTFX/KTFX20090807_222826_V03.gz', 's3://unidata-nexrad-level2/2009/08/07/KCYS/KCYS20090807_222616_V03.gz']"
F,B737,LRU UA /OV KLRU083001/TM 1304/FL400/TP B737/TB CONT LGT 400/RM ENRTE HOU-LAS AWC-WEB:SWA,CONT LGT 400,200908251300-KMSC-UBUS01-PIREP,40000.0,32.3320313202472,-106.6304211484414,2009-08-25 13:04:00+00:00,1.0,0,M,"('KEPZ', 'KHDX', 'KABX', 'KFDX', 'KEMX')","['s3://unidata-nexrad-level2/2009/08/25/KEPZ/KEPZ20090825_130308_V03.gz', 's3://unidata-nexrad-level2/2009/08/25/KHDX/KHDX20090825_130056_V04.gz', 's3://unidata-nexrad-level2/2009/08/25/KABX/KABX20090825_125923_V03.gz', 's3://unidata-nexrad-level2/2009/08/25/KFDX/KFDX20090825_130121_V04.gz', 's3://unidata-nexrad-level2/2009/08/25/KEMX/KEMX20090825_130033_V03.gz']"
F,B737,HUF UA /OV TTH270040/TM 1424/FL390/TP B737/TB LGT-MOD,LGT-MOD,200908041430-KWBC-UBIN90-PIREP,39000.0,39.49,-88.11392370248511,2009-08-04 14:24:00+00:00,2.0,0,M,"('KILX', 'KVWX', 'KIND', 'KLOT', 'KPAH')","['s3://unidata-nexrad-level2/2009/08/04/KILX/KILX20090804_142009_V03.gz', 's3://unidata-nexrad-level2/2009/08/04/KVWX/KVWX20090804_142259_V03.gz', 's3://unidata-nexrad-level2/2009/08/04/KIND/KIND20090804_142135_V03.gz', 's3://unidata-nexrad-level2/2009/08/04/KLOT/KLOT20090804_142304_V03.gz', 's3://unidata-nexrad-level2/2009/08/04/KPAH/KPAH20090804_141945_V03.gz']"
T,B737,HEZ UUA /OV MLU090030/TM 2000/FL370/TP B737/TB SEV/RM AWC-WEB:KZFW,SEV,,37000.0,32.51086,-91.4447258435378,2009-08-01 20:00:00+00:00,5.0,0,M,"('KDGX', 'KSHV', 'KPOE', 'KHDC', 'KLZK')","['s3://unidata-nexrad-level2/2009/08/01/KDGX/KDGX20090801_195529_V03.gz', 's3://unidata-nexrad-level2/2009/08/01/KSHV/KSHV20090801_195947_V03.gz', 's3://unidata-nexrad-level2/2009/08/01/KLZK/KLZK20090801_195528_V03.gz']"
T,E190,JFK UUA /OV MANTA/TM 1441/FL100/TP E190/TB SEV,SEV,,10000.0,43.5813,-116.5231,2009-08-28 14:41:00+00:00,5.0,0,U,"('KCBX', 'KPDT', 'KSFX', 'KLRX', 'KOTX')","['s3://unidata-nexrad-level2/2009/08/28/KCBX/KCBX20090828_143906_V03.gz', 's3://unidata-nexrad-level2/2009/08/28/KPDT/KPDT20090828_143305_V03.gz', 's3://unidata-nexrad-level2/2009/08/28/KSFX/KSFX20090828_143520_V03.gz', 's3://unidata-nexrad-level2/2009/08/28/KLRX/KLRX20090828_143957_V03.gz', 's3://unidata-nexrad-level2/2009/08/28/KOTX/KOTX20090828_143607_V03.gz']"
T,C550,RCE UUA /OV PWA270005 /TM 2323 /FL030 /TP C550 /TB SEV,SEV,,3000.0,35.53417,-97.74947245089658,2009-08-10 23:23:00+00:00,5.0,0,L,"('KOUN', 'KTLX', 'KVNX', 'KFDR', 'KICT')","['s3://unidata-nexrad-level2/2009/08/10/KTLX/KTLX20090810_231941_V03.gz', 's3://unidata-nexrad-level2/2009/08/10/KVNX/KVNX20090810_232238_V03.gz', 's3://unidata-nexrad-level2/2009/08/10/KFDR/KFDR20090810_232220_V03.gz', 's3://unidata-nexrad-level2/2009/08/10/KICT/KICT20090810_232218_V03.gz']"
F,C56X,HSP UA /OV MOL270020 /TM 0118 /FL450 /TP C56X /TA M67 /WV 35141KT /TB NEG,NEG,,45000.0,37.9,-79.53246490553687,2009-08-09 01:18:00+00:00,0.0,0,M,"('KFCX', 'KRLX', 'KLWX', 'KPBZ', 'KAKQ')","['s3://unidata-nexrad-level2/2009/08/09/KFCX/KFCX20090809_011557_V03.gz', 's3://unidata-nexrad-level2/2009/08/09/KRLX/KRLX20090809_011351_V03.gz', 's3://unidata-nexrad-level2/2009/08/09/KLWX/KLWX20090809_011307_V03.gz', 's3://unidata-nexrad-level2/2009/08/09/KPBZ/KPBZ20090809_011702_V03.gz', 's3://unidata-nexrad-level2/2009/08/09/KAKQ/KAKQ20090809_011542_V03.gz']"
F,BE36,FAT UA /OV TOA-FAT360005 /TM 1830 /FL105 /TP BE36 /TA 12 /WV 18024KT /TB NEG,NEG,,10500.0,36.78,-119.7194,2009-08-05 18:30:00+00:00,0.0,0,L,"('KHNX', 'KMUX', 'KVBX', 'KDAX', 'KVTX')","['s3://unidata-nexrad-level2/2009/08/05/KHNX/KHNX20090805_182811_V03.gz', 's3://unidata-nexrad-level2/2009/08/05/KMUX/KMUX20090805_182607_V03.gz', 's3://unidata-nexrad-level2/2009/08/05/KDAX/KDAX20090805_182315_V03.gz', 's3://unidata-nexrad-level2/2009/08/05/KVTX/KVTX20090805_182057_V03.gz']"
F,MD80,SKF UA /OV SAT180055/TM 1312/FL330/TP MD80/TB OCNL MOD CHOP 270-330/RM FM ZHU AWC-WEB:KZHU,OCNL MOD CHOP 270-330,,33000.0,28.616949083259083,-98.46978,2009-08-29 13:12:00+00:00,3.0,0,M,"('KEWX', 'KCRP', 'KDFX', 'KBRO', 'KGRK')","['s3://unidata-nexrad-level2/2009/08/29/KEWX/KEWX20090829_131159_V03.gz', 's3://unidata-nexrad-level2/2009/08/29/KCRP/KCRP20090829_130958_V03.gz', 's3://unidata-nexrad-level2/2009/08/29/KDFX/KDFX20090829_131133_V04.gz', 's3://unidata-nexrad-level2/2009/08/29/KBRO/KBRO20090829_131149_V03.gz', 's3://unidata-nexrad-level2/2009/08/29/KGRK/KGRK20090829_130349_V04.gz']"
F,B738,HBR UA /OV GAG150100/TM 1524/FL380/TP B738/TA M51/TB OCNL LGT CHOP 380/RM TOPS AT FL 360 WINDS 277/43 AWC-WEB:COA,OCNL LGT CHOP 380,200908111530-KWBC-UBOK90-PIREP,38000.0,34.85204741347951,-98.7423910388491,2009-08-11 15:24:00+00:00,1.0,0,M,"('KFDR', 'KOUN', 'KTLX', 'KDYX', 'KVNX')","['s3://unidata-nexrad-level2/2009/08/11/KFDR/KFDR20090811_151939_V03.gz', 's3://unidata-nexrad-level2/2009/08/11/KTLX/KTLX20090811_152336_V03.gz', 's3://unidata-nexrad-level2/2009/08/11/KDYX/KDYX20090811_152045_V03.gz', 's3://unidata-nexrad-level2/2009/08/11/KVNX/KVNX20090811_152335_V03.gz']"
T,CRJ7,GYY UUA /OV ORD090028 /TM 2140 /FL230 /TP CRJ7 /TB EXTRM,EXTRM,200908092150-KWBC-UBIN90-PIREP,23000.0,41.99,-87.27208586178689,2009-08-09 21:40:00+00:00,7.0,0,M,"('KLOT', 'KIWX', 'KMKX', 'KGRR', 'KIND')","['s3://unidata-nexrad-level2/2009/08/09/KLOT/KLOT20090809_213839_V03.gz', 's3://unidata-nexrad-level2/2009/08/09/KIWX/KIWX20090809_213832_V03.gz', 's3://unidata-nexrad-level2/2009/08/09/KMKX/KMKX20090809_213619_V03.gz', 's3://unidata-nexrad-level2/2009/08/09/KGRR/KGRR20090809_213541_V03.gz', 's3://unidata-nexrad-level2/2009/08/09/KIND/KIND20090809_213400_V03.gz']"
T,TEX2,JKA UUA /OV NPA225037 /TM 1527 /FL140 /TP TEX2 /TB SEV /RM LTNG,SEV,,14000.0,29.917185498249253,-87.82332555938169,2009-08-21 15:27:00+00:00,5.0,1,L,"('KMOB', 'KEVX', 'KLIX', 'KHDC', 'KEOX')","['s3://unidata-nexrad-level2/2009/08/21/KMOB/KMOB20090821_152644_V03.gz', 's3://unidata-nexrad-level2/2009/08/21/KEVX/KEVX20090821_152142_V04.gz', 's3://unidata-nexrad-level2/2009/08/21/KLIX/KLIX20090821_152629_V03.gz']"
T,E135,ZZV UUA /OV TVT350020/TM 0025/FL255/TP E135/TB SEV CAT,SEV CAT,200908070035-KWBC-UBOH90-PIREP,25500.0,40.78829584083999,-82.20608164017202,2009-08-07 00:25:00+00:00,5.0,0,M,"('KCLE', 'KPBZ', 'KILN', 'KDTX', 'KRLX')","['s3://unidata-nexrad-level2/2009/08/07/KCLE/KCLE20090807_002342_V03.gz', 's3://unidata-nexrad-level2/2009/08/07/KPBZ/KPBZ20090807_002121_V03.gz', 's3://unidata-nexrad-level2/2009/08/07/KILN/KILN20090807_001945_V03.gz', 's3://unidata-nexrad-level2/2009/08/07/KDTX/KDTX20090807_001836_V03.gz', 's3://unidata-nexrad-level2/2009/08/07/KRLX/KRLX20090807_002353_V03.gz']"
T,B757,ELD UUA /OV MLU/TM 2023/FL370/TP B757/TB SEV/RM AWC-WEB:KZHU,SEV,200908012035-KWBC-UBAR91-PIREP,37000.0,32.52,-92.04,2009-08-01 20:23:00+00:00,5.0,0,M,"('KSHV', 'KPOE', 'KDGX', 'KLZK', 'KHDC')","['s3://unidata-nexrad-level2/2009/08/01/KSHV/KSHV20090801_201848_V03.gz', 's3://unidata-nexrad-level2/2009/08/01/KDGX/KDGX20090801_202242_V03.gz', 's3://unidata-nexrad-level2/2009/08/01/KLZK/KLZK20090801_201827_V03.gz']"
T,BN2,FLL UUA /OV FLL120006 /TM 1922 /FL010 /TP BN2 /TB SEV,SEV,200908281925-KWBC-UBFL90-PIREP,1000.0,26.019995949995952,-80.05358051465807,2009-08-28 19:22:00+00:00,5.0,0,L,"('KAMX', 'KAMX', 'KBYX', 'KMLB', 'KTBW')","['s3://unidata-nexrad-level2/2009/08/28/KAMX/KAMX20090828_192004_V03.gz', 's3://unidata-nexrad-level2/2009/08/28/KAMX/KAMX20090828_192004_V03.gz', 's3://unidata-nexrad-level2/2009/08/28/KBYX/KBYX20090828_192156_V03.gz', 's3://unidata-nexrad-level2/2009/08/28/KMLB/KMLB20090828_191754_V03.gz', 's3://unidata-nexrad-level2/2009/08/28/KTBW/KTBW20090828_192052_V03.gz']"
T,SR22,SFB UUA /OV SFB /TM 1725 /FL015 /TP SR22 /TB SEV /RM APPROACHING FROM THE NORTH,SEV,200908221740-KWBC-UBFL91-PIREP,1500.0,28.78,-81.24,2009-08-22 17:25:00+00:00,5.0,0,L,"('KMLB', 'KTBW', 'KJAX', 'KVAX', 'KAMX')","['s3://unidata-nexrad-level2/2009/08/22/KMLB/KMLB20090822_172132_V03.gz', 's3://unidata-nexrad-level2/2009/08/22/KTBW/KTBW20090822_172109_V03.gz', 's3://unidata-nexrad-level2/2009/08/22/KJAX/KJAX20090822_172041_V03.gz', 's3://unidata-nexrad-level2/2009/08/22/KAMX/KAMX20090822_172434_V03.gz']"
F,B212,UA /OV CYCQ /TM 2030 /FL050 /TP B212 /SK 050OVC /TB MDT-SEV /RMENTIRE RTE CYCQ-CYXS,MDT-SEV,,5000.0,55.68722,-121.62667,2009-08-21 20:30:00+00:00,5.0,0,L,"('KATX', 'KLGX', 'KOTX', 'KRTX', 'KPDT')","['s3://unidata-nexrad-level2/2009/08/21/KATX/KATX20090821_202848_V03.gz', 's3://unidata-nexrad-level2/2009/08/21/KOTX/KOTX20090821_202610_V03.gz', 's3://unidata-nexrad-level2/2009/08/21/KRTX/KRTX20090821_202039_V03.gz', 's3://unidata-nexrad-level2/2009/08/21/KPDT/KPDT20090821_202245_V03.gz']"
F,C182,3DU UA /OV GPI-CPN360025 /TM 1408 /FL075 /TP C182 /SK OVC080 /WX FV10SM /TB OCNL LGT CHOP /RM OVC/FV10 IN GPI AREA SCT/FV99 PPSN,OCNL LGT CHOP,,7500.0,46.66667,-113.15,2009-08-09 14:08:00+00:00,1.0,0,L,"('KMSX', 'KTFX', 'KOTX', 'KSFX', 'KCBX')","['s3://unidata-nexrad-level2/2009/08/09/KMSX/KMSX20090809_140309_V03.gz', 's3://unidata-nexrad-level2/2009/08/09/KTFX/KTFX20090809_140723_V03.gz', 's3://unidata-nexrad-level2/2009/08/09/KOTX/KOTX20090809_140434_V03.gz', 's3://unidata-nexrad-level2/2009/08/09/KSFX/KSFX20090809_140655_V03.gz', 's3://unidata-nexrad-level2/2009/08/09/KCBX/KCBX20090809_140244_V03.gz']"
F,C172,BRD UA /OV BRD-GPZ /TM 1355 /FL080 /TP C172 /TB NEG /RM SMOOTH,NEG,,8000.0,46.807915,-93.820275,2009-08-08 13:55:00+00:00,0.0,0,L,"('KDLH', 'KMPX', 'KMVX', 'KARX', 'KFSD')","['s3://unidata-nexrad-level2/2009/08/08/KDLH/KDLH20090808_135219_V03.gz', 's3://unidata-nexrad-level2/2009/08/08/KMPX/KMPX20090808_135127_V03.gz', 's3://unidata-nexrad-level2/2009/08/08/KMVX/KMVX20090808_135017_V03.gz', 's3://unidata-nexrad-level2/2009/08/08/KARX/KARX20090808_135439_V03.gz', 's3://unidata-nexrad-level2/2009/08/08/KFSD/KFSD20090808_135219_V03.gz']"
T,PA31,CEU UUA /OV ODF350015/TM 1650/FL110/TP PA31/TB SEV/RM CWSU ZTL,SEV,,11000.0,34.94622188063,-83.35280773031135,2009-08-22 16:50:00+00:00,5.0,0,L,"('KGSP', 'KMRX', 'KFFC', 'KCAE', 'KJGX')","['s3://unidata-nexrad-level2/2009/08/22/KGSP/KGSP20090822_164627_V03.gz', 's3://unidata-nexrad-level2/2009/08/22/KMRX/KMRX20090822_164859_V03.gz', 's3://unidata-nexrad-level2/2009/08/22/KFFC/KFFC20090822_164208_V03.gz', 's3://unidata-nexrad-level2/2009/08/22/KCAE/KCAE20090822_164900_V03.gz', 's3://unidata-nexrad-level2/2009/08/22/KJGX/KJGX20090822_164321_V04.gz']"
T,E145,ESF UUA /OV SWB045015/TM 2035/FL360/TP E145/TB SEV/RM AWC-WEB:KZHU,SEV,,36000.0,32.146791014223275,-92.47160001003049,2009-08-01 20:35:00+00:00,5.0,1,M,"('KPOE', 'KSHV', 'KDGX', 'KLCH', 'KLZK')","['s3://unidata-nexrad-level2/2009/08/01/KSHV/KSHV20090801_203305_V03.gz', 's3://unidata-nexrad-level2/2009/08/01/KDGX/KDGX20090801_203145_V03.gz', 's3://unidata-nexrad-level2/2009/08/01/KLCH/KLCH20090801_203137_V03.gz', 's3://unidata-nexrad-level2/2009/08/01/KLZK/KLZK20090801_203216_V03.gz']"
T,E190,EKN UUA /OV EKN /TM 1250 /FL210 /TP E190 /TB SEV,SEV,,21000.0,38.88528,-79.85278,2009-08-12 12:50:00+00:00,5.0,0,U,"('KRLX', 'KPBZ', 'KLWX', 'KFCX', 'KCCX')","['s3://unidata-nexrad-level2/2009/08/12/KRLX/KRLX20090812_124755_V03.gz', 's3://unidata-nexrad-level2/2009/08/12/KPBZ/KPBZ20090812_124645_V03.gz', 's3://unidata-nexrad-level2/2009/08/12/KLWX/KLWX20090812_124723_V03.gz', 's3://unidata-nexrad-level2/2009/08/12/KFCX/KFCX20090812_124733_V03.gz', 's3://unidata-nexrad-level2/2009/08/12/KCCX/KCCX20090812_124704_V03.gz']"
F,C172,AKR UA /OV ACO330010 /TM 1358 /FL030 /TP C172 /SK OVC038-TOPUNKN /WX FV07SM /TB NEG /RM CLDS REPORTED AS BKN TO OVC,NEG,,3000.0,41.25434925865205,-81.3106114977441,2009-08-04 13:58:00+00:00,0.0,0,L,"('KCLE', 'KPBZ', 'KDTX', 'KBUF', 'KRLX')","['s3://unidata-nexrad-level2/2009/08/04/KCLE/KCLE20090804_135559_V03.gz', 's3://unidata-nexrad-level2/2009/08/04/KPBZ/KPBZ20090804_135426_V03.gz', 's3://unidata-nexrad-level2/2009/08/04/KDTX/KDTX20090804_135209_V03.gz', 's3://unidata-nexrad-level2/2009/08/04/KBUF/KBUF20090804_135758_V03.gz', 's3://unidata-nexrad-level2/2009/08/04/KRLX/KRLX20090804_135612_V03.gz']"
F,M20P,CWI UA /OV CVA347016 /TM 1608 /FL080 /TP M20P /WX -RA /TB NEG /RM IMC 30 KTS HEADWIND,NEG,,8000.0,41.96985306369051,-90.56036173273333,2009-08-01 16:08:00+00:00,0.0,0,L,"('KDVN', 'KMKX', 'KLOT', 'KARX', 'KILX')","['s3://unidata-nexrad-level2/2009/08/01/KDVN/KDVN20090801_160500_V03.gz', 's3://unidata-nexrad-level2/2009/08/01/KMKX/KMKX20090801_160707_V03.gz', 's3://unidata-nexrad-level2/2009/08/01/KLOT/KLOT20090801_160747_V03.gz', 's3://unidata-nexrad-level2/2009/08/01/KARX/KARX20090801_160241_V03.gz', 's3://unidata-nexrad-level2/2009/08/01/KILX/KILX20090801_160504_V03.gz']"
T,AC95,HUF UUA /OV TTH360025/TM 1507/FL210/TP AC95/TB SEV/IC MOD MX,SEV,200908041515-KWBC-UBIN90-PIREP,21000.0,39.90670041670042,-87.25,2009-08-04 15:07:00+00:00,5.0,1,L,"('KIND', 'KILX', 'KVWX', 'KLOT', 'KIWX')","['s3://unidata-nexrad-level2/2009/08/04/KIND/KIND20090804_150438_V03.gz', 's3://unidata-nexrad-level2/2009/08/04/KILX/KILX20090804_150521_V03.gz', 's3://unidata-nexrad-level2/2009/08/04/KVWX/KVWX20090804_150304_V03.gz', 's3://unidata-nexrad-level2/2009/08/04/KLOT/KLOT20090804_150304_V03.gz', 's3://unidata-nexrad-level2/2009/08/04/KIWX/KIWX20090804_150301_V03.gz']"
F,SR22,BTP UA /OV EWC090016 /TM 1710 /FL105 /TP SR22 /SK BKN-TOP060 /WX FV99SM /TA 09 /TB NEG /RM CB SCT/ BKN CIG BLO,NEG,200908191700-KMSC-UBUS01-PIREP,10500.0,40.83,-79.8575420971814,2009-08-19 17:10:00+00:00,0.0,0,L,"('KPBZ', 'KCCX', 'KCLE', 'KBUF', 'KLWX')","['s3://unidata-nexrad-level2/2009/08/19/KPBZ/KPBZ20090819_170942_V03.gz', 's3://unidata-nexrad-level2/2009/08/19/KCCX/KCCX20090819_170715_V03.gz', 's3://unidata-nexrad-level2/2009/08/19/KCLE/KCLE20090819_170713_V03.gz', 's3://unidata-nexrad-level2/2009/08/19/KBUF/KBUF20090819_170818_V03.gz', 's3://unidata-nexrad-level2/2009/08/19/KLWX/KLWX20090819_170943_V03.gz']"
T,AC50,BMG UUA /OV TTH135020 /TM 0113 /FL040 /TP AC50 /TB SEV,SEV,,4000.0,39.2542786477023,-86.9445568457725,2009-08-20 01:13:00+00:00,5.0,0,L,"('KIND', 'KVWX', 'KLVX', 'KIWX', 'KHPX')","['s3://unidata-nexrad-level2/2009/08/20/KIND/KIND20090820_010959_V03.gz', 's3://unidata-nexrad-level2/2009/08/20/KVWX/KVWX20090820_010914_V03.gz', 's3://unidata-nexrad-level2/2009/08/20/KLVX/KLVX20090820_011256_V03.gz', 's3://unidata-nexrad-level2/2009/08/20/KIWX/KIWX20090820_011029_V03.gz']"
F,CL60,FRI UA /OV SLN090030 /TM 2356 /FL390 /TP CL60 /TA M47 /WV 25038KT /TB NEG,NEG,,39000.0,38.79097,-97.01062913644954,2009-08-20 23:56:00+00:00,0.0,0,M,"('KTWX', 'KICT', 'KUEX', 'KEAX', 'KVNX')","['s3://unidata-nexrad-level2/2009/08/20/KTWX/KTWX20090820_235019_V03.gz', 's3://unidata-nexrad-level2/2009/08/20/KICT/KICT20090820_235312_V03.gz', 's3://unidata-nexrad-level2/2009/08/20/KUEX/KUEX20090820_234840_V03.gz', 's3://unidata-nexrad-level2/2009/08/20/KEAX/KEAX20090820_235159_V03.gz', 's3://unidata-nexrad-level2/2009/08/20/KVNX/KVNX20090820_235020_V03.gz']"
F,MD88,NYG UA /OV BRV360010 /TM 1930 /FL150 /TP MD88 /WX RA /TB MOD 150-120,MOD 150-120,200908221935-KWBC-UBVA90-PIREP,15000.0,38.50668016668017,-77.35,2009-08-22 19:30:00+00:00,3.0,1,M,"('KLWX', 'KDOX', 'KAKQ', 'KCCX', 'KDIX')","['s3://unidata-nexrad-level2/2009/08/22/KLWX/KLWX20090822_192917_V03.gz', 's3://unidata-nexrad-level2/2009/08/22/KDOX/KDOX20090822_192937_V04.gz', 's3://unidata-nexrad-level2/2009/08/22/KAKQ/KAKQ20090822_192702_V03.gz', 's3://unidata-nexrad-level2/2009/08/22/KCCX/KCCX20090822_192951_V03.gz', 's3://unidata-nexrad-level2/2009/08/22/KDIX/KDIX20090822_192452_V03.gz']"
F,RV4,DAG UA /OV HEC /TM 1604 /FL105 /TP RV4 /SK SKC /WX FV99SM /TB NEG,NEG,,10500.0,34.8,-116.46,2009-08-02 16:04:00+00:00,0.0,0,L,"('KEYX', 'KSOX', 'KESX', 'KNKX', 'KVTX')","['s3://unidata-nexrad-level2/2009/08/02/KSOX/KSOX20090802_160019_V03.gz', 's3://unidata-nexrad-level2/2009/08/02/KNKX/KNKX20090802_160210_V03.gz', 's3://unidata-nexrad-level2/2009/08/02/KVTX/KVTX20090802_155416_V03.gz']"
F,B738,OTH UA /OV OTH268109/TM 1656/FL340/TP B738/TA M48/WV 239062KT/TB NEG/RM OVR HEMLO SMOOTH AWC-WEB:ASA,NEG,200908211705-KWBC-UBOR90-PIREP,34000.0,43.35659411219105,-126.6698211473728,2009-08-21 16:56:00+00:00,0.0,0,M,"('KMAX', 'KBHX', 'KRTX', 'KLGX', 'KBBX')","['s3://unidata-nexrad-level2/2009/08/21/KMAX/KMAX20090821_164633_V03.gz', 's3://unidata-nexrad-level2/2009/08/21/KBHX/KBHX20090821_164647_V03.gz', 's3://unidata-nexrad-level2/2009/08/21/KRTX/KRTX20090821_164821_V03.gz', 's3://unidata-nexrad-level2/2009/08/21/KBBX/KBBX20090821_165151_V04.gz']"
F,B752,BCE UA /OV HVE 220035/TM 1915/FL300/TP B752/TB SEV 300-350/ZLC,SEV 300-350,,30000.0,37.97110454587779,-111.1826096161587,2009-08-13 19:15:00+00:00,5.0,0,M,"('KICX', 'KGJX', 'KFSX', 'KFSX', 'KMTX')","['s3://unidata-nexrad-level2/2009/08/13/KICX/KICX20090813_191300_V03.gz', 's3://unidata-nexrad-level2/2009/08/13/KGJX/KGJX20090813_191314_V03.gz', 's3://unidata-nexrad-level2/2009/08/13/KFSX/KFSX20090813_191439_V03.gz', 's3://unidata-nexrad-level2/2009/08/13/KFSX/KFSX20090813_191439_V03.gz', 's3://unidata-nexrad-level2/2009/08/13/KMTX/KMTX20090813_191236_V03.gz']"
T,K35R,TIK UUA /OV TIK360006 /TM 2328 /FL030 /TP K35R /TB SEV,SEV,200908102335-KWBC-UBOK90-PIREP,3000.0,35.540008100008095,-97.38,2009-08-10 23:28:00+00:00,5.0,0,H,"('KTLX', 'KOUN', 'KVNX', 'KINX', 'KFDR')","['s3://unidata-nexrad-level2/2009/08/10/KTLX/KTLX20090810_232353_V03.gz', 's3://unidata-nexrad-level2/2009/08/10/KVNX/KVNX20090810_232654_V03.gz', 's3://unidata-nexrad-level2/2009/08/10/KINX/KINX20090810_232425_V03.gz', 's3://unidata-nexrad-level2/2009/08/10/KFDR/KFDR20090810_232716_V03.gz']"
T,UNKN,SAV UUA /OV SAV /TM 1504 /FL080 /TP UNKN /TB SEV,SEV,200908281520-KWBC-UBGA91-PIREP,8000.0,32.16,-81.11,2009-08-28 15:04:00+00:00,5.0,0,U,"('KCLX', 'KJAX', 'KCAE', 'KJGX', 'KVAX')","['s3://unidata-nexrad-level2/2009/08/28/KCLX/KCLX20090828_150004_V03.gz', 's3://unidata-nexrad-level2/2009/08/28/KJAX/KJAX20090828_145937_V03.gz', 's3://unidata-nexrad-level2/2009/08/28/KCAE/KCAE20090828_150343_V03.gz', 's3://unidata-nexrad-level2/2009/08/28/KJGX/KJGX20090828_150029_V04.gz']"
T,B737,IXD UUA /OV IXD230008 /TM 0232 /FL040 /TP B737 /TB SEV,SEV,200908100240-KWBC-UBKS91-PIREP,4000.0,38.79428804326201,-94.85121705722317,2009-08-10 02:32:00+00:00,5.0,0,M,"('KEAX', 'KTWX', 'KSGF', 'KICT', 'KINX')","['s3://unidata-nexrad-level2/2009/08/10/KEAX/KEAX20090810_023113_V03.gz', 's3://unidata-nexrad-level2/2009/08/10/KTWX/KTWX20090810_022858_V03.gz', 's3://unidata-nexrad-level2/2009/08/10/KSGF/KSGF20090810_023034_V03.gz', 's3://unidata-nexrad-level2/2009/08/10/KICT/KICT20090810_023034_V03.gz', 's3://unidata-nexrad-level2/2009/08/10/KINX/KINX20090810_022910_V03.gz']"
F,C525,MLC UA /OV URH027029/TM 1858/FL450/TP C525/TB LGT CHOP/RM TOPS TS FL470 AWC-WEB:KZFW,LGT CHOP,,45000.0,34.37068803629801,-96.12548636698422,2009-08-05 18:58:00+00:00,1.0,1,L,"('KTLX', 'KOUN', 'KSRX', 'KINX', 'KFWS')","['s3://unidata-nexrad-level2/2009/08/05/KTLX/KTLX20090805_185358_V03.gz', 's3://unidata-nexrad-level2/2009/08/05/KSRX/KSRX20090805_185742_V03.gz', 's3://unidata-nexrad-level2/2009/08/05/KINX/KINX20090805_185708_V03.gz', 's3://unidata-nexrad-level2/2009/08/05/KFWS/KFWS20090805_185531_V03.gz']"
F,EC45,BNA UA /OV THA-JWN /TM 1430 /FL050 /TP EC45 /TB NEG /RM VMC HIGER OVER OVC ABV,NEG,,5000.0,35.7812,-86.5667,2009-08-28 14:30:00+00:00,0.0,0,U,"('KOHX', 'KHTX', 'KHPX', 'KPAH', 'KLVX')","['s3://unidata-nexrad-level2/2009/08/28/KOHX/KOHX20090828_142542_V03.gz', 's3://unidata-nexrad-level2/2009/08/28/KHTX/KHTX20090828_142522_V03.gz', 's3://unidata-nexrad-level2/2009/08/28/KPAH/KPAH20090828_142918_V03.gz', 's3://unidata-nexrad-level2/2009/08/28/KLVX/KLVX20090828_142922_V03.gz']"
F,B752,MCF UA /OV PIE098011 /TM 0110 /FL370 /TP B752 /SK SKC /TA 51 /WV 04020KT /TB LGT,LGT,200908210200-KMSC-UBUS01-PIREP,37000.0,27.88448286476804,-82.47453756973697,2009-08-21 01:10:00+00:00,1.0,0,M,"('KTBW', 'KMLB', 'KJAX', 'KVAX', 'KAMX')","['s3://unidata-nexrad-level2/2009/08/21/KTBW/KTBW20090821_010938_V03.gz', 's3://unidata-nexrad-level2/2009/08/21/KMLB/KMLB20090821_010915_V03.gz', 's3://unidata-nexrad-level2/2009/08/21/KJAX/KJAX20090821_010754_V03.gz', 's3://unidata-nexrad-level2/2009/08/21/KAMX/KAMX20090821_010752_V03.gz']"
F,727,MEM UA /OV MEM320060/TM 0220/FL100/TP 727/TB MOD TURB 190-100/RM ZME,MOD TURB 190-100,200908180245-KWBC-UBTN90-PIREP,10000.0,35.786106492780924,-90.76495424572956,2009-08-18 02:20:00+00:00,3.0,0,U,"('KNQA', 'KLZK', 'KPAH', 'KSGF', 'KLSX')","['s3://unidata-nexrad-level2/2009/08/18/KNQA/KNQA20090818_021826_V03.gz', 's3://unidata-nexrad-level2/2009/08/18/KLZK/KLZK20090818_021937_V03.gz', 's3://unidata-nexrad-level2/2009/08/18/KPAH/KPAH20090818_021904_V03.gz', 's3://unidata-nexrad-level2/2009/08/18/KSGF/KSGF20090818_021745_V03.gz', 's3://unidata-nexrad-level2/2009/08/18/KLSX/KLSX20090818_021856_V03.gz']"
F,SR22,FAT UA /OV FAT /TM 1805 /FL075 /TP SR22 /WX FV99SM /TB NEG,NEG,,7500.0,36.78,-119.7194,2009-08-22 18:05:00+00:00,0.0,0,L,"('KHNX', 'KMUX', 'KVBX', 'KDAX', 'KVTX')","['s3://unidata-nexrad-level2/2009/08/22/KHNX/KHNX20090822_180449_V03.gz', 's3://unidata-nexrad-level2/2009/08/22/KMUX/KMUX20090822_180354_V03.gz', 's3://unidata-nexrad-level2/2009/08/22/KDAX/KDAX20090822_180355_V03.gz', 's3://unidata-nexrad-level2/2009/08/22/KVTX/KVTX20090822_180053_V03.gz']"
F,B737,SNS UA /OV SNS/TM 0345/FL330/TP B737/TB MOD/RM ZOA CWSU,MOD,,33000.0,36.66349133,-121.60927236,2009-08-08 03:45:00+00:00,3.0,0,M,"('KMUX', 'KDAX', 'KVBX', 'KHNX', 'KBBX')","['s3://unidata-nexrad-level2/2009/08/08/KMUX/KMUX20090808_033903_V03.gz', 's3://unidata-nexrad-level2/2009/08/08/KDAX/KDAX20090808_033845_V03.gz', 's3://unidata-nexrad-level2/2009/08/08/KHNX/KHNX20090808_034349_V03.gz', 's3://unidata-nexrad-level2/2009/08/08/KBBX/KBBX20090808_034030_V04.gz']"
F,HXA,HND UA /OV HND225015-HND /TM 2041 /FL095 /TP HXA /TA 17 /TB LGT,LGT,,9500.0,35.79606898577672,-115.35289055605976,2009-08-08 20:41:00+00:00,1.0,0,U,"('KESX', 'KEYX', 'KICX', 'KSOX', 'KNKX')","['s3://unidata-nexrad-level2/2009/08/08/KESX/KESX20090808_203145_V04.gz', 's3://unidata-nexrad-level2/2009/08/08/KICX/KICX20090808_204033_V03.gz', 's3://unidata-nexrad-level2/2009/08/08/KSOX/KSOX20090808_203105_V03.gz', 's3://unidata-nexrad-level2/2009/08/08/KNKX/KNKX20090808_203233_V03.gz']"
T,BE9L,BJC UUA /OV DEN315025 /TM 2333 /FL120 /TP BE9L /TB SEV,SEV,200908112340-KWBC-UBCO90-PIREP,12000.0,40.10465169037213,-105.04357525434509,2009-08-11 23:33:00+00:00,5.0,0,L,"('KFTG', 'KCYS', 'KPUX', 'KGJX', 'KGLD')","['s3://unidata-nexrad-level2/2009/08/11/KFTG/KFTG20090811_232919_V03.gz', 's3://unidata-nexrad-level2/2009/08/11/KCYS/KCYS20090811_232801_V03.gz', 's3://unidata-nexrad-level2/2009/08/11/KPUX/KPUX20090811_232841_V03.gz', 's3://unidata-nexrad-level2/2009/08/11/KGJX/KGJX20090811_233231_V03.gz', 's3://unidata-nexrad-level2/2009/08/11/KGLD/KGLD20090811_233008_V03.gz']"
T,B735,APF UUA /OV CYY170020 /TM 2115 /FL160 /TP B735 /TB SEV /RM MOD-OCNL SVR FL240-160,SEV,200908092135-KWBC-UBFL90-PIREP,16000.0,25.821704159160006,-81.71551178574113,2009-08-09 21:15:00+00:00,5.0,0,M,"('KAMX', 'KAMX', 'KBYX', 'KTBW', 'KMLB')","['s3://unidata-nexrad-level2/2009/08/09/KAMX/KAMX20090809_211436_V03.gz', 's3://unidata-nexrad-level2/2009/08/09/KAMX/KAMX20090809_211436_V03.gz', 's3://unidata-nexrad-level2/2009/08/09/KBYX/KBYX20090809_211152_V03.gz', 's3://unidata-nexrad-level2/2009/08/09/KTBW/KTBW20090809_211043_V03.gz', 's3://unidata-nexrad-level2/2009/08/09/KMLB/KMLB20090809_211252_V03.gz']"
T,BE58,MLU UUA /OV 44E MLU/TM 2348/FL070/TP BE58/TB SEV DURD 080-070/RMCORRECTION/ZME,SEV DURD 080-070,,7000.0,32.51086,-91.1680092371888,2009-08-21 23:48:00+00:00,5.0,0,L,"('KDGX', 'KPOE', 'KHDC', 'KLIX', 'KLZK')","['s3://unidata-nexrad-level2/2009/08/21/KDGX/KDGX20090821_234430_V03.gz', 's3://unidata-nexrad-level2/2009/08/21/KLIX/KLIX20090821_234427_V03.gz', 's3://unidata-nexrad-level2/2009/08/21/KLZK/KLZK20090821_234744_V03.gz']"
T,F2TH,SDF UUA /OV EWO200030/TM 1943/FL160/TP F2TH/SK OVC/TB SEV TO EXTREME/RM AIRCRAFT LOST 3000 FT OF ALTITUDE,SEV TO EXTREME,200908042000-KWBC-UBKY90-PIREP,16000.0,37.16011563201785,-85.89594745985207,2009-08-04 19:43:00+00:00,5.0,0,M,"('KLVX', 'KOHX', 'KHPX', 'KVWX', 'KJKL')","['s3://unidata-nexrad-level2/2009/08/04/KLVX/KLVX20090804_194150_V03.gz', 's3://unidata-nexrad-level2/2009/08/04/KOHX/KOHX20090804_193954_V03.gz', 's3://unidata-nexrad-level2/2009/08/04/KVWX/KVWX20090804_193933_V03.gz', 's3://unidata-nexrad-level2/2009/08/04/KJKL/KJKL20090804_194229_V03.gz']"
T,LJ25,FWA UUA /OV FWA135025 /TM 2124 /FL290 /TP LJ25 /TB SEV,SEV,200908112100-KMSC-UBUS01-PIREP,29000.0,40.68534830962787,-84.79970108960744,2009-08-11 21:24:00+00:00,5.0,1,L,"('KIWX', 'KILN', 'KIND', 'KDTX', 'KGRR')","['s3://unidata-nexrad-level2/2009/08/11/KIWX/KIWX20090811_212145_V03.gz', 's3://unidata-nexrad-level2/2009/08/11/KILN/KILN20090811_211956_V03.gz', 's3://unidata-nexrad-level2/2009/08/11/KIND/KIND20090811_212057_V03.gz', 's3://unidata-nexrad-level2/2009/08/11/KDTX/KDTX20090811_212326_V03.gz', 's3://unidata-nexrad-level2/2009/08/11/KGRR/KGRR20090811_212353_V03.gz']"
F,DH8C,4BM UA /OV DEN210045 /TM 0135 /FL170 /TP DH8C /WX SHRA /TB CONT MOD 170-130,CONT MOD 170-130,,17000.0,39.18322833606578,-105.14587360913816,2009-08-06 01:35:00+00:00,3.0,1,M,"('KFTG', 'KPUX', 'KCYS', 'KGJX', 'KGLD')","['s3://unidata-nexrad-level2/2009/08/06/KFTG/KFTG20090806_013031_V03.gz', 's3://unidata-nexrad-level2/2009/08/06/KPUX/KPUX20090806_013117_V03.gz', 's3://unidata-nexrad-level2/2009/08/06/KCYS/KCYS20090806_013247_V03.gz', 's3://unidata-nexrad-level2/2009/08/06/KGJX/KGJX20090806_013132_V03.gz', 's3://unidata-nexrad-level2/2009/08/06/KGLD/KGLD20090806_013241_V03.gz']"
F,E145,AMA UA /OV AMA180035-AMA/TM 0405/FL160/TP E145/TB LGT CHOP 160-060,LGT CHOP 160-060,200908190400-KMSC-UBUS01-PIREP,16000.0,34.70661941661942,-101.64,2009-08-19 04:05:00+00:00,1.0,1,M,"('KAMA', 'KLBB', 'KFDX', 'KFDR', 'KMAF')","['s3://unidata-nexrad-level2/2009/08/19/KAMA/KAMA20090819_040408_V03.gz', 's3://unidata-nexrad-level2/2009/08/19/KLBB/KLBB20090819_040239_V03.gz', 's3://unidata-nexrad-level2/2009/08/19/KFDX/KFDX20090819_040125_V04.gz', 's3://unidata-nexrad-level2/2009/08/19/KFDR/KFDR20090819_040350_V03.gz', 's3://unidata-nexrad-level2/2009/08/19/KMAF/KMAF20090819_040338_V03.gz']"
F,C150,EAT UA /OV 2S5-EAT360015 /TM 2019 /FL055 /TP C150 /WX FV40SM HZ /TB NEG /RM DURC SCT CU OVR MTNS,NEG,,5500.0,47.399,-120.207,2009-08-31 20:19:00+00:00,0.0,0,L,"('KATX', 'KOTX', 'KPDT', 'KRTX', 'KLGX')","['s3://unidata-nexrad-level2/2009/08/31/KATX/KATX20090831_201804_V03.gz', 's3://unidata-nexrad-level2/2009/08/31/KOTX/KOTX20090831_200946_V03.gz', 's3://unidata-nexrad-level2/2009/08/31/KPDT/KPDT20090831_201546_V03.gz', 's3://unidata-nexrad-level2/2009/08/31/KRTX/KRTX20090831_201554_V03.gz']"
F,GALX,BMI UA /OV BMI /TM 0338 /FL390 /TP GALX /TB LGT OCNL MOD CHOP /RM SMOOTH FL410,LGT OCNL MOD CHOP,200908210345-KWBC-UBIL90-PIREP,39000.0,40.48,-88.93,2009-08-21 03:38:00+00:00,2.0,0,M,"('KILX', 'KLOT', 'KDVN', 'KVWX', 'KIND')","['s3://unidata-nexrad-level2/2009/08/21/KILX/KILX20090821_033556_V03.gz', 's3://unidata-nexrad-level2/2009/08/21/KLOT/KLOT20090821_033748_V03.gz', 's3://unidata-nexrad-level2/2009/08/21/KDVN/KDVN20090821_033744_V03.gz', 's3://unidata-nexrad-level2/2009/08/21/KVWX/KVWX20090821_033403_V03.gz', 's3://unidata-nexrad-level2/2009/08/21/KIND/KIND20090821_033756_V03.gz']"
F,B737,CZK UA /OV PDX090030 /TM 0215 /FL100 /TP B737 /TB MOD 110-100,MOD 110-100,,10000.0,45.59083,-121.88570948146928,2009-08-13 02:15:00+00:00,3.0,0,M,"('KRTX', 'KPDT', 'KLGX', 'KATX', 'KMAX')","['s3://unidata-nexrad-level2/2009/08/13/KRTX/KRTX20090813_020945_V03.gz', 's3://unidata-nexrad-level2/2009/08/13/KPDT/KPDT20090813_021301_V03.gz', 's3://unidata-nexrad-level2/2009/08/13/KATX/KATX20090813_021413_V03.gz', 's3://unidata-nexrad-level2/2009/08/13/KMAX/KMAX20090813_021323_V03.gz']"
F,B735,LAS UA /OV LAS252010/TM 2050/FL080/TP B735/TB INTMT MOD/RM DURD BELOW 8000 AWC-WEB:SWA,INTMT MOD,,8000.0,36.02039299587058,-115.35952325391244,2009-08-31 20:50:00+00:00,3.0,0,M,"('KESX', 'KEYX', 'KICX', 'KSOX', 'KNKX')","['s3://unidata-nexrad-level2/2009/08/31/KESX/KESX20090831_204636_V03.gz', 's3://unidata-nexrad-level2/2009/08/31/KICX/KICX20090831_204940_V03.gz', 's3://unidata-nexrad-level2/2009/08/31/KSOX/KSOX20090831_204550_V03.gz', 's3://unidata-nexrad-level2/2009/08/31/KNKX/KNKX20090831_204851_V03.gz']"
T,C182,PSP UUA /OV PSP /TM 0101 /FL087 /TP C182 /TB SEV 087-107,SEV 087-107,,8700.0,33.82967,-116.50669,2009-08-07 01:01:00+00:00,5.0,0,L,"('KSOX', 'KNKX', 'KEYX', 'KYUX', 'KESX')","['s3://unidata-nexrad-level2/2009/08/07/KNKX/KNKX20090807_005705_V03.gz', 's3://unidata-nexrad-level2/2009/08/07/KYUX/KYUX20090807_005313_V03.gz', 's3://unidata-nexrad-level2/2009/08/07/KESX/KESX20090807_005417_V04.gz']"
F,LJ35,MKL UA /OV BNA270080 /TM 2244 /FL370 /TP LJ35 /SK SCT-TOP100 /TA M51 /WV 24073KT /TB MOD,MOD,200908212250-KWBC-UBTN90-PIREP,37000.0,36.14,-88.33116032744508,2009-08-21 22:44:00+00:00,3.0,0,M,"('KOHX', 'KPAH', 'KHPX', 'KNQA', 'KLVX')","['s3://unidata-nexrad-level2/2009/08/21/KOHX/KOHX20090821_224051_V03.gz', 's3://unidata-nexrad-level2/2009/08/21/KPAH/KPAH20090821_224028_V03.gz', 's3://unidata-nexrad-level2/2009/08/21/KNQA/KNQA20090821_223634_V03.gz', 's3://unidata-nexrad-level2/2009/08/21/KLVX/KLVX20090821_224247_V03.gz']"
F,MD82,COU UA /OV COU/TM 1345/FL330/TP MD82/TB MOD CHOP/RM FM ZKC,MOD CHOP,200908181355-KWBC-UBMO90-PIREP,33000.0,38.81,-92.22,2009-08-18 13:45:00+00:00,3.0,0,M,"('KLSX', 'KSGF', 'KEAX', 'KILX', 'KDVN')","['s3://unidata-nexrad-level2/2009/08/18/KLSX/KLSX20090818_134022_V03.gz', 's3://unidata-nexrad-level2/2009/08/18/KSGF/KSGF20090818_134352_V03.gz', 's3://unidata-nexrad-level2/2009/08/18/KEAX/KEAX20090818_134132_V03.gz', 's3://unidata-nexrad-level2/2009/08/18/KILX/KILX20090818_133933_V03.gz', 's3://unidata-nexrad-level2/2009/08/18/KDVN/KDVN20090818_133917_V03.gz']"
T,E170,MSL UUA /OV 15S MSL/TM 1942/FL330/TP E170/TB SEV/RM 300 FT ALTLOSS/ZME,SEV,,33000.0,34.49382974997975,-87.59962,2009-08-01 19:42:00+00:00,5.0,0,U,"('KGWX', 'KBMX', 'KHTX', 'KMXX', 'KOHX')","['s3://unidata-nexrad-level2/2009/08/01/KGWX/KGWX20090801_193814_V04.gz', 's3://unidata-nexrad-level2/2009/08/01/KBMX/KBMX20090801_194110_V03.gz', 's3://unidata-nexrad-level2/2009/08/01/KHTX/KHTX20090801_194039_V03.gz', 's3://unidata-nexrad-level2/2009/08/01/KOHX/KOHX20090801_193751_V03.gz']"
T,E145,PNC UUA /OV PER360015/TM 2227/FL150/TP E145/TB SEV/RM FM ZKC,SEV,,15000.0,37.00002025002025,-97.16,2009-08-10 22:27:00+00:00,5.0,1,M,"('KICT', 'KVNX', 'KINX', 'KTLX', 'KOUN')","['s3://unidata-nexrad-level2/2009/08/10/KICT/KICT20090810_222236_V03.gz', 's3://unidata-nexrad-level2/2009/08/10/KVNX/KVNX20090810_222218_V03.gz', 's3://unidata-nexrad-level2/2009/08/10/KINX/KINX20090810_222458_V03.gz', 's3://unidata-nexrad-level2/2009/08/10/KTLX/KTLX20090810_222236_V03.gz']"
F,C150,PUB UA /OV PUB090010 /TM 0308 /FL070 /TP C150 /SK SKC /TB NEG,NEG,200908220315-KWBC-UBCO90-PIREP,7000.0,38.29,-104.2176373399926,2009-08-22 03:08:00+00:00,0.0,0,L,"('KPUX', 'KFTG', 'KGLD', 'KCYS', 'KFDX')","['s3://unidata-nexrad-level2/2009/08/22/KPUX/KPUX20090822_030151_V03.gz', 's3://unidata-nexrad-level2/2009/08/22/KFTG/KFTG20090822_030701_V03.gz', 's3://unidata-nexrad-level2/2009/08/22/KGLD/KGLD20090822_030334_V03.gz', 's3://unidata-nexrad-level2/2009/08/22/KCYS/KCYS20090822_030003_V03.gz', 's3://unidata-nexrad-level2/2009/08/22/KFDX/KFDX20090822_030625_V04.gz']"
F,NAVI,TXK UA /OV TXK120030 /TM 2132 /FL095 /TP NAVI /SK BKN105 /TB NEG /RM TCU N,NEG,200908052135-KWBC-UBAR90-PIREP,9500.0,33.25997974997975,-93.55062696006182,2009-08-05 21:32:00+00:00,0.0,0,L,"('KSHV', 'KLZK', 'KSRX', 'KPOE', 'KLCH')","['s3://unidata-nexrad-level2/2009/08/05/KSHV/KSHV20090805_213116_V03.gz', 's3://unidata-nexrad-level2/2009/08/05/KLZK/KLZK20090805_212810_V03.gz', 's3://unidata-nexrad-level2/2009/08/05/KSRX/KSRX20090805_213036_V03.gz', 's3://unidata-nexrad-level2/2009/08/05/KLCH/KLCH20090805_213010_V03.gz']"
F,B738,ACV UA /OV 37N140W/TM 0204/FL370/TP B738/SK SKC/TA M52/WV 24045KT/TB NEG/RM PHNL-KSEA AWC-WEB:ASA,NEG,,37000.0,37.0,-140.0,2009-08-10 02:04:00+00:00,0.0,0,M,"('KBHX', 'KMAX', 'KMUX', 'KDAX', 'KBBX')","['s3://unidata-nexrad-level2/2009/08/10/KBHX/KBHX20090810_020344_V03.gz', 's3://unidata-nexrad-level2/2009/08/10/KMAX/KMAX20090810_015745_V03.gz', 's3://unidata-nexrad-level2/2009/08/10/KMUX/KMUX20090810_015615_V03.gz', 's3://unidata-nexrad-level2/2009/08/10/KDAX/KDAX20090810_015803_V03.gz', 's3://unidata-nexrad-level2/2009/08/10/KBBX/KBBX20090810_015716_V04.gz']"
T,UNKN,HRT UUA /OV HRT /TM 1621 /FL080 /TP UNKN /SK BKN090 /WX -RA /TB SEV,SEV,200908271635-KWBC-UBFL91-PIREP,8000.0,30.4,-86.7,2009-08-27 16:21:00+00:00,5.0,0,U,"('KEVX', 'KMOB', 'KEOX', 'KTLH', 'KMXX')","['s3://unidata-nexrad-level2/2009/08/27/KEVX/KEVX20090827_161737_V04.gz', 's3://unidata-nexrad-level2/2009/08/27/KMOB/KMOB20090827_161928_V03.gz', 's3://unidata-nexrad-level2/2009/08/27/KTLH/KTLH20090827_161742_V03.gz']"
T,C210,LFK UUA /OV LOA045020/TM 0006/FL040/TP C210/TB SEV/RM AWC-WEB:KZFW,SEV,200908260010-KWBC-UBTX91-PIREP,4000.0,31.3557213522977,-95.69465248612354,2009-08-26 00:06:00+00:00,5.0,1,L,"('KGRK', 'KFWS', 'KSHV', 'KHGX', 'KPOE')","['s3://unidata-nexrad-level2/2009/08/26/KGRK/KGRK20090826_000440_V04.gz', 's3://unidata-nexrad-level2/2009/08/26/KFWS/KFWS20090826_000443_V03.gz', 's3://unidata-nexrad-level2/2009/08/26/KSHV/KSHV20090826_000559_V03.gz', 's3://unidata-nexrad-level2/2009/08/26/KHGX/KHGX20090826_000445_V03.gz']"
F,B757,HTO UA /OV DUNEE/TM 1851/FL250/TP B757/TB MDT-SEV /RM 250 AND BELOW,MDT-SEV,,25000.0,40.96,-72.25,2009-08-29 18:51:00+00:00,5.0,0,M,"('KOKX', 'KBOX', 'KDIX', 'KENX', 'KBGM')","['s3://unidata-nexrad-level2/2009/08/29/KOKX/KOKX20090829_184825_V03.gz', 's3://unidata-nexrad-level2/2009/08/29/KBOX/KBOX20090829_184618_V03.gz', 's3://unidata-nexrad-level2/2009/08/29/KDIX/KDIX20090829_184912_V03.gz', 's3://unidata-nexrad-level2/2009/08/29/KENX/KENX20090829_184653_V03.gz', 's3://unidata-nexrad-level2/2009/08/29/KBGM/KBGM20090829_185019_V03.gz']"
T,MD80,RMG UUA /OV RMG300015/TM 2319/FL175/TP MD80/TB SEV 175/RM ZTL CWSU,SEV 175,,17500.0,34.47279012501013,-85.42336354389009,2009-08-21 23:19:00+00:00,5.0,1,M,"('KHTX', 'KFFC', 'KBMX', 'KMXX', 'KOHX')","['s3://unidata-nexrad-level2/2009/08/21/KHTX/KHTX20090821_231754_V03.gz', 's3://unidata-nexrad-level2/2009/08/21/KFFC/KFFC20090821_231838_V03.gz', 's3://unidata-nexrad-level2/2009/08/21/KBMX/KBMX20090821_231656_V03.gz', 's3://unidata-nexrad-level2/2009/08/21/KOHX/KOHX20090821_231443_V03.gz']"
F,C182,ELY UA /OV ELY360030 /TM 2246 /FL120 /TP C182 /WX FV10SM FU /TA 10 /TB LGT CHOP,LGT CHOP,,12000.0,39.7950405000405,-114.84528,2009-08-30 22:46:00+00:00,1.0,0,L,"('KLRX', 'KMTX', 'KICX', 'KCBX', 'KSFX')","['s3://unidata-nexrad-level2/2009/08/30/KLRX/KLRX20090830_224240_V03.gz', 's3://unidata-nexrad-level2/2009/08/30/KMTX/KMTX20090830_224345_V03.gz', 's3://unidata-nexrad-level2/2009/08/30/KICX/KICX20090830_223820_V03.gz', 's3://unidata-nexrad-level2/2009/08/30/KCBX/KCBX20090830_224133_V03.gz', 's3://unidata-nexrad-level2/2009/08/30/KSFX/KSFX20090830_224241_V03.gz']"
T,C208,KOA UUA /OV UPP /TM 1827 /FL016 /TP C208 /TB SEV CHOP,SEV CHOP,,1600.0,20.26,-155.85,2009-08-20 18:27:00+00:00,5.0,0,L,"('PHKM', 'PHWA', 'PHMO', 'PHKI', 'KBHX')",['s3://unidata-nexrad-level2/2009/08/20/KBHX/KBHX20090820_182340_V03.gz']
F,RV6,BJC UA /OV RLG-BDU /TM 1503 /FL135 /TP RV6 /TB OCNL LGT-MOD /RM 1000FPM UDDFTS,OCNL LGT-MOD,200908071510-KWBC-UBCO90-PIREP,13500.0,40.01971485,-105.83291085,2009-08-07 15:03:00+00:00,2.0,0,L,"('KFTG', 'KCYS', 'KPUX', 'KGJX', 'KRIW')","['s3://unidata-nexrad-level2/2009/08/07/KCYS/KCYS20090807_150100_V03.gz', 's3://unidata-nexrad-level2/2009/08/07/KPUX/KPUX20090807_150108_V03.gz', 's3://unidata-nexrad-level2/2009/08/07/KGJX/KGJX20090807_150146_V03.gz', 's3://unidata-nexrad-level2/2009/08/07/KRIW/KRIW20090807_150125_V03.gz']"
T,E135,MIA UUA /OV LBV090015/TM 2126/FL120/TP E135/TB MOD-EXTRM,MOD-EXTRM,,12000.0,26.83,-81.10981805650334,2009-08-10 21:26:00+00:00,3.0,1,M,"('KMLB', 'KAMX', 'KAMX', 'KTBW', 'KBYX')","['s3://unidata-nexrad-level2/2009/08/10/KMLB/KMLB20090810_212354_V03.gz', 's3://unidata-nexrad-level2/2009/08/10/KAMX/KAMX20090810_212446_V03.gz', 's3://unidata-nexrad-level2/2009/08/10/KAMX/KAMX20090810_212446_V03.gz', 's3://unidata-nexrad-level2/2009/08/10/KTBW/KTBW20090810_212132_V03.gz', 's3://unidata-nexrad-level2/2009/08/10/KBYX/KBYX20090810_212233_V03.gz']"
F,C172,RNM UA /OV JLI /TM 1650 /FL075 /TP C172 /SK SKC /WX FV40SM /TA 16 /TB NEG,NEG,,7500.0,33.14,-116.59,2009-08-08 16:50:00+00:00,0.0,0,L,"('KNKX', 'KSOX', 'KYUX', 'KEYX', 'KVTX')","['s3://unidata-nexrad-level2/2009/08/08/KNKX/KNKX20090808_164730_V03.gz', 's3://unidata-nexrad-level2/2009/08/08/KSOX/KSOX20090808_164157_V03.gz', 's3://unidata-nexrad-level2/2009/08/08/KYUX/KYUX20090808_164820_V03.gz', 's3://unidata-nexrad-level2/2009/08/08/KVTX/KVTX20090808_164847_V03.gz']"
T,F2TH,SDF UUA /OV EWO200030/TM 1943/FL160/TP F2TH/SK OVC/TB SEV TOEXTREME/RM AIRCRAFT LOST 3000 FT OF ALTITUDE,SEV TOEXTREME,,16000.0,37.16011563201785,-85.89594745985207,2009-08-04 19:43:00+00:00,5.0,0,M,"('KLVX', 'KOHX', 'KHPX', 'KVWX', 'KJKL')","['s3://unidata-nexrad-level2/2009/08/04/KLVX/KLVX20090804_194150_V03.gz', 's3://unidata-nexrad-level2/2009/08/04/KOHX/KOHX20090804_193954_V03.gz', 's3://unidata-nexrad-level2/2009/08/04/KVWX/KVWX20090804_193933_V03.gz', 's3://unidata-nexrad-level2/2009/08/04/KJKL/KJKL20090804_194229_V03.gz']"
F,C182,LMT UA /OV LMT360048 /TM 2357 /FL120 /TP C182 /TB CONT LGT CHOP /RM BUILDUPS OVR CASCADES,CONT LGT CHOP,,12000.0,42.9470048000648,-121.72417,2009-08-04 23:57:00+00:00,1.0,0,L,"('KMAX', 'KRTX', 'KBHX', 'KBBX', 'KRGX')","['s3://unidata-nexrad-level2/2009/08/04/KMAX/KMAX20090804_235118_V03.gz', 's3://unidata-nexrad-level2/2009/08/04/KRTX/KRTX20090804_235334_V03.gz', 's3://unidata-nexrad-level2/2009/08/04/KBHX/KBHX20090804_235651_V03.gz', 's3://unidata-nexrad-level2/2009/08/04/KBBX/KBBX20090804_234749_V04.gz', 's3://unidata-nexrad-level2/2009/08/04/KRGX/KRGX20090804_235427_V03.gz']"
T,CRJ2,JBR UUA /OV 15W MEM/TM 0041/FL270/TP CRJ2/TB SEV/RM CORRECTION/UNABLE TO MAINTAIN ALT/ZME,SEV,200908190055-KWBC-UBAR91-PIREP,27000.0,35.02,-90.2852930057692,2009-08-19 00:41:00+00:00,5.0,1,M,"('KNQA', 'KLZK', 'KGWX', 'KPAH', 'KDGX')","['s3://unidata-nexrad-level2/2009/08/19/KNQA/KNQA20090819_003748_V03.gz', 's3://unidata-nexrad-level2/2009/08/19/KLZK/KLZK20090819_003916_V03.gz', 's3://unidata-nexrad-level2/2009/08/19/KGWX/KGWX20090819_003749_V04.gz', 's3://unidata-nexrad-level2/2009/08/19/KDGX/KDGX20090819_003845_V03.gz']"
T,A320,TDZ UUA /OV DXO184032 /TM 1445 /FL060 /TP A320 /TB SEV,SEV,,6000.0,41.67792274505136,-83.42023235007932,2009-08-28 14:45:00+00:00,5.0,0,M,"('KDTX', 'KCLE', 'KIWX', 'KGRR', 'KILN')","['s3://unidata-nexrad-level2/2009/08/28/KDTX/KDTX20090828_143951_V03.gz', 's3://unidata-nexrad-level2/2009/08/28/KCLE/KCLE20090828_144210_V03.gz', 's3://unidata-nexrad-level2/2009/08/28/KIWX/KIWX20090828_143928_V03.gz', 's3://unidata-nexrad-level2/2009/08/28/KGRR/KGRR20090828_144036_V03.gz', 's3://unidata-nexrad-level2/2009/08/28/KILN/KILN20090828_144125_V03.gz']"
T,PA31,FLG UUA /OV FLG276025/TM 1705/FL130/TP PA31/TB SEV TURB,SEV TURB,,13000.0,35.18383705420068,-112.17900090163502,2009-08-03 17:05:00+00:00,5.0,0,L,"('KFSX', 'KFSX', 'KIWA', 'KESX', 'KICX')","['s3://unidata-nexrad-level2/2009/08/03/KFSX/KFSX20090803_165542_V03.gz', 's3://unidata-nexrad-level2/2009/08/03/KFSX/KFSX20090803_165542_V03.gz', 's3://unidata-nexrad-level2/2009/08/03/KIWA/KIWA20090803_170045_V03.gz', 's3://unidata-nexrad-level2/2009/08/03/KICX/KICX20090803_170134_V03.gz']"
T,HXB,PTV UUA /OV TTE360005 /TM 2023 /FL085 /TP HXB /TB SEV /RM PER BFLA,SEV,,8500.0,35.99334008334008,-119.02,2009-08-23 20:23:00+00:00,5.0,0,U,"('KHNX', 'KEYX', 'KVBX', 'KVTX', 'KSOX')","['s3://unidata-nexrad-level2/2009/08/23/KHNX/KHNX20090823_202055_V03.gz', 's3://unidata-nexrad-level2/2009/08/23/KVTX/KVTX20090823_202041_V03.gz', 's3://unidata-nexrad-level2/2009/08/23/KSOX/KSOX20090823_202105_V03.gz']"
F,B767,WRB UA /OV MCN190038/TM 1508/FL330/TP B767/TB MOD 330/RM ZTL CWSU,MOD 330,,33000.0,32.06908790240402,-83.7799002772954,2009-08-28 15:08:00+00:00,3.0,1,H,"('KJGX', 'KFFC', 'KEOX', 'KMXX', 'KVAX')","['s3://unidata-nexrad-level2/2009/08/28/KJGX/KJGX20090828_150616_V04.gz', 's3://unidata-nexrad-level2/2009/08/28/KFFC/KFFC20090828_150724_V03.gz']"
T,C172,INJ UUA /OV INJ /TM 0041 /FL040 /TP C172 /TA 24 /TB OCNL SEV /RM TCU DSNT S,OCNL SEV,,4000.0,32.08361,-97.09722,2009-08-27 00:41:00+00:00,5.0,1,L,"('KFWS', 'KGRK', 'KDYX', 'KEWX', 'KFDR')","['s3://unidata-nexrad-level2/2009/08/27/KFWS/KFWS20090827_003805_V03.gz', 's3://unidata-nexrad-level2/2009/08/27/KGRK/KGRK20090827_003854_V04.gz', 's3://unidata-nexrad-level2/2009/08/27/KDYX/KDYX20090827_003746_V03.gz', 's3://unidata-nexrad-level2/2009/08/27/KEWX/KEWX20090827_003647_V03.gz', 's3://unidata-nexrad-level2/2009/08/27/KFDR/KFDR20090827_003611_V03.gz']"
