,URGENT,AIRCRAFT,REPORT,TURBULENCE,PRODUCT_ID,FL,LAT,LON,datetime,turbulence_intensity,Plane Weight,nexrad_sites,aws_files
117078,F,CRJ9,PAH UA /OV PAH360005/TM 1550/FL340/TP CRJ9/TB OCNL MOD CHOP/RM ZME,OCNL MOD CHOP,202503311500-KMSC-UBUS01-PIREP,34000.0,37.13964008334008,-88.7744,2025-03-31 15:50:00,3.0,U,"('KPAH', 'KVWX', 'KHPX', 'KNQA', 'KOHX')","['s3://noaa-nexrad-level2/2025/03/31/KPAH/KPAH20250331_154553_V06', 's3://noaa-nexrad-level2/2025/03/31/KVWX/KVWX20250331_154332_V06', 's3://noaa-nexrad-level2/2025/03/31/KHPX/KHPX20250331_154325_V06', 's3://noaa-nexrad-level2/2025/03/31/KNQA/KNQA20250331_154613_V06', 's3://noaa-nexrad-level2/2025/03/31/KOHX/KOHX20250331_154633_V06']"
117079,F,C560,RMG UA /OV RMG/TM 1551/FL410/TP C560/TB OCNL MOD CHOP/RM ZTLFD-06,OCNL MOD CHOP,202503311500-KMSC-UBUS01-PIREP,41000.0,34.34778,-85.16111,2025-03-31 15:51:00,3.0,M,"('KHTX', 'KFFC', 'KMXX', 'KBMX', 'KOHX')","['s3://noaa-nexrad-level2/2025/03/31/KHTX/KHTX20250331_154835_V06', 's3://noaa-nexrad-level2/2025/03/31/KFFC/KFFC20250331_154659_V06', 's3://noaa-nexrad-level2/2025/03/31/KMXX/KMXX20250331_154614_V06', 's3://noaa-nexrad-level2/2025/03/31/KBMX/KBMX20250331_154648_V06', 's3://noaa-nexrad-level2/2025/03/31/KOHX/KOHX20250331_155051_V06']"
117080,F,B39M,SEA UA /OV SEA060020/TM 1551/FL190/TP B39M/TB LGT-MOD 190BLO/RM ...ZSE,LGT-MOD 190BLO,202503311500-KMSC-UBUS01-PIREP,19000.0,47.61137016668017,-121.8874916517046,2025-03-31 15:51:00,2.0,U,"('KATX', 'KRTX', 'KLGX', 'KPDT', 'KOTX')","['s3://noaa-nexrad-level2/2025/03/31/KATX/KATX20250331_154224_V06', 's3://noaa-nexrad-level2/2025/03/31/KRTX/KRTX20250331_155020_V06', 's3://noaa-nexrad-level2/2025/03/31/KLGX/KLGX20250331_154900_V06', 's3://noaa-nexrad-level2/2025/03/31/KPDT/KPDT20250331_155018_V06', 's3://noaa-nexrad-level2/2025/03/31/KOTX/KOTX20250331_154733_V06']"
117081,F,B38M,MYNN UA /OV ZQA180026/TM 1551/FL370/TP B38M/TB NEG,NEG,202503311500-KMSC-UBUS01-PIREP,37000.0,24.566631566631568,-77.45,2025-03-31 15:51:00,0.0,U,"('KAMX', 'KAMX', 'KBYX', 'KMLB', 'KTBW')","['s3://noaa-nexrad-level2/2025/03/31/KAMX/KAMX20250331_154743_V06', 's3://noaa-nexrad-level2/2025/03/31/KAMX/KAMX20250331_154743_V06', 's3://noaa-nexrad-level2/2025/03/31/KBYX/KBYX20250331_155021_V06', 's3://noaa-nexrad-level2/2025/03/31/KMLB/KMLB20250331_154741_V06', 's3://noaa-nexrad-level2/2025/03/31/KTBW/KTBW20250331_154511_V06']"
117082,F,C560,ATL UA /OV ATL320030/TM 1551/FL410/TP C560/TB MOD OCNL CHOP/RM ZTLFD-24,MOD OCNL CHOP,202503311500-KMSC-UBUS01-PIREP,41000.0,34.01315324639046,-84.82782942664039,2025-03-31 15:51:00,3.0,M,"('KFFC', 'KHTX', 'KMXX', 'KJGX', 'KBMX')","['s3://noaa-nexrad-level2/2025/03/31/KFFC/KFFC20250331_154659_V06', 's3://noaa-nexrad-level2/2025/03/31/KHTX/KHTX20250331_154835_V06', 's3://noaa-nexrad-level2/2025/03/31/KMXX/KMXX20250331_154614_V06', 's3://noaa-nexrad-level2/2025/03/31/KJGX/KJGX20250331_155009_V06', 's3://noaa-nexrad-level2/2025/03/31/KBMX/KBMX20250331_154648_V06']"
117083,F,B739,CIN UA /OV CIN/TM 1551/FL320/TP B739/TB CONS LGT OCNL MOD,CONS LGT OCNL MOD,202503311600-KMSC-UBUS01-PIREP,32000.0,42.0443611111,-94.7888805556,2025-03-31 15:51:00,2.0,M,"('KDMX', 'KOAX', 'KFSD', 'KMPX', 'KEAX')","['s3://noaa-nexrad-level2/2025/03/31/KDMX/KDMX20250331_154832_V06', 's3://noaa-nexrad-level2/2025/03/31/KOAX/KOAX20250331_154911_V06', 's3://noaa-nexrad-level2/2025/03/31/KFSD/KFSD20250331_154938_V06', 's3://noaa-nexrad-level2/2025/03/31/KMPX/KMPX20250331_154242_V06', 's3://noaa-nexrad-level2/2025/03/31/KEAX/KEAX20250331_155056_V06']"
117084,F,C172,CPR UA /OV DDY250017 /TM 1552 /FL090 /TP C172 /SK SCT070 /WX FV10SM /TA 00 /TB NEG /IC NEG,NEG,202503311500-KMSC-UBUS01-PIREP,9000.0,42.99308644335426,-106.6446098134724,2025-03-31 15:52:00,0.0,L,"('KRIW', 'KCYS', 'KBLX', 'KFTG', 'KUDX')","['s3://noaa-nexrad-level2/2025/03/31/KRIW/KRIW20250331_155047_V06', 's3://noaa-nexrad-level2/2025/03/31/KCYS/KCYS20250331_154617_V06', 's3://noaa-nexrad-level2/2025/03/31/KBLX/KBLX20250331_154304_V06', 's3://noaa-nexrad-level2/2025/03/31/KFTG/KFTG20250331_154849_V06', 's3://noaa-nexrad-level2/2025/03/31/KUDX/KUDX20250331_155005_V06']"
117085,F,C56X,MEM UA /OV MEM300020/TM 1552/FL340/TP C56X/TB CONS MOD/RM ZME,CONS MOD,202503311500-KMSC-UBUS01-PIREP,34000.0,35.227790166680165,-90.3376994175769,2025-03-31 15:52:00,3.0,M,"('KNQA', 'KLZK', 'KGWX', 'KPAH', 'KDGX')","['s3://noaa-nexrad-level2/2025/03/31/KNQA/KNQA20250331_154613_V06', 's3://noaa-nexrad-level2/2025/03/31/KLZK/KLZK20250331_155011_V06', 's3://noaa-nexrad-level2/2025/03/31/KGWX/KGWX20250331_154716_V06', 's3://noaa-nexrad-level2/2025/03/31/KPAH/KPAH20250331_154553_V06', 's3://noaa-nexrad-level2/2025/03/31/KDGX/KDGX20250331_154654_V06']"
117086,F,A321,CSV UA /OV HCH084013/TM 1552/FL340/TP A321/TB LGT/RM AT WORST LIGHT TURB ZTLFD-37,LGT,202503311500-KMSC-UBUS01-PIREP,34000.0,35.80264966818436,-84.71436988893377,2025-03-31 15:52:00,1.0,M,"('KMRX', 'KHTX', 'KOHX', 'KJKL', 'KFFC')","['s3://noaa-nexrad-level2/2025/03/31/KMRX/KMRX20250331_154802_V06', 's3://noaa-nexrad-level2/2025/03/31/KHTX/KHTX20250331_154835_V06', 's3://noaa-nexrad-level2/2025/03/31/KOHX/KOHX20250331_155051_V06', 's3://noaa-nexrad-level2/2025/03/31/KJKL/KJKL20250331_154914_V06', 's3://noaa-nexrad-level2/2025/03/31/KFFC/KFFC20250331_154659_V06']"
117087,F,B38M,GJT UA /OV JNC289040/TM 1553/FL260/TP B38M/TB NEG/IC NEG/RM IMC ZDVWC-11,NEG,202503311500-KMSC-UBUS01-PIREP,26000.0,39.277063017002696,-109.60185798442116,2025-03-31 15:53:00,0.0,U,"('KGJX', 'KMTX', 'KICX', 'KRIW', 'KSFX')","['s3://noaa-nexrad-level2/2025/03/31/KGJX/KGJX20250331_155219_V06', 's3://noaa-nexrad-level2/2025/03/31/KMTX/KMTX20250331_154748_V06', 's3://noaa-nexrad-level2/2025/03/31/KICX/KICX20250331_154428_V06', 's3://noaa-nexrad-level2/2025/03/31/KRIW/KRIW20250331_155047_V06', 's3://noaa-nexrad-level2/2025/03/31/KSFX/KSFX20250331_155144_V06']"
117088,F,B39M,BGM UA /OV RKA/TM 1554/FL310/TP B39M/TB NEG,NEG,202503311500-KMSC-UBUS01-PIREP,31000.0,42.47,-75.24,2025-03-31 15:54:00,0.0,U,"('KBGM', 'KENX', 'KTYX', 'KDIX', 'KOKX')","['s3://noaa-nexrad-level2/2025/03/31/KBGM/KBGM20250331_155220_V06', 's3://noaa-nexrad-level2/2025/03/31/KENX/KENX20250331_155332_V06', 's3://noaa-nexrad-level2/2025/03/31/KTYX/KTYX20250331_154947_V06', 's3://noaa-nexrad-level2/2025/03/31/KDIX/KDIX20250331_155122_V06', 's3://noaa-nexrad-level2/2025/03/31/KOKX/KOKX20250331_154751_V06']"
117089,F,B763,DBN UA /OV DBN220015/TM 1554/FL220/TP B763/TB LGT OCNL CHOP/RM ZTLFD-24,LGT OCNL CHOP,202503311500-KMSC-UBUS01-PIREP,22000.0,32.37289007680477,-83.1759664914375,2025-03-31 15:54:00,1.0,H,"('KJGX', 'KVAX', 'KFFC', 'KCLX', 'KTLH')","['s3://noaa-nexrad-level2/2025/03/31/KJGX/KJGX20250331_155009_V06', 's3://noaa-nexrad-level2/2025/03/31/KFFC/KFFC20250331_155353_V06', 's3://noaa-nexrad-level2/2025/03/31/KTLH/KTLH20250331_155310_V06']"
117090,F,H25B,RIC UA /OV RIC020025/TM 1556/FL410/TP H25B/TB MOD CHOP/RM MOD CHOP FL410-390,MOD CHOP,202503311500-KMSC-UBUS01-PIREP,41000.0,37.90307030665179,-77.14368987687298,2025-03-31 15:56:00,3.0,M,"('KAKQ', 'KLWX', 'KDOX', 'KRAX', 'KMHX')","['s3://noaa-nexrad-level2/2025/03/31/KAKQ/KAKQ20250331_155526_V06', 's3://noaa-nexrad-level2/2025/03/31/KLWX/KLWX20250331_155513_V06', 's3://noaa-nexrad-level2/2025/03/31/KDOX/KDOX20250331_155427_V06', 's3://noaa-nexrad-level2/2025/03/31/KRAX/KRAX20250331_155034_V06', 's3://noaa-nexrad-level2/2025/03/31/KMHX/KMHX20250331_155442_V06']"
117091,F,A321,TTF UA /OV CRL160030/TM 1556/FL300/TP A321/TB MOD 300/RM ZOB,MOD 300,202503311600-KMSC-UBUS01-PIREP,30000.0,41.58011563201784,-83.22968355200405,2025-03-31 15:56:00,3.0,M,"('KDTX', 'KCLE', 'KILN', 'KIWX', 'KGRR')","['s3://noaa-nexrad-level2/2025/03/31/KDTX/KDTX20250331_155035_V06', 's3://noaa-nexrad-level2/2025/03/31/KCLE/KCLE20250331_155430_V06', 's3://noaa-nexrad-level2/2025/03/31/KILN/KILN20250331_155137_V06', 's3://noaa-nexrad-level2/2025/03/31/KIWX/KIWX20250331_155202_V06', 's3://noaa-nexrad-level2/2025/03/31/KGRR/KGRR20250331_155528_V06']"
117092,F,A321,SMQ UA /OV SBJ050015/TM 1557/FL170/TP A321/TB LGT-MOD CHOP 150-170,LGT-MOD CHOP 150-170,202503311600-KMSC-UBUS01-PIREP,17000.0,40.74070991888375,-74.48782485768152,2025-03-31 15:57:00,2.0,M,"('KDIX', 'KOKX', 'KENX', 'KBGM', 'KDOX')","['s3://noaa-nexrad-level2/2025/03/31/KDIX/KDIX20250331_155122_V06', 's3://noaa-nexrad-level2/2025/03/31/KOKX/KOKX20250331_155611_V06', 's3://noaa-nexrad-level2/2025/03/31/KENX/KENX20250331_155332_V06', 's3://noaa-nexrad-level2/2025/03/31/KBGM/KBGM20250331_155220_V06', 's3://noaa-nexrad-level2/2025/03/31/KDOX/KDOX20250331_155427_V06']"
117093,F,A320,AZO UA /OV AZO180020/TM 1557/FL390/TP A320/TB INTMT LGT-MOD CHOP,INTMT LGT-MOD CHOP,202503311600-KMSC-UBUS01-PIREP,39000.0,41.90135966663967,-85.55194,2025-03-31 15:57:00,2.0,M,"('KIWX', 'KGRR', 'KDTX', 'KIND', 'KLOT')","['s3://noaa-nexrad-level2/2025/03/31/KIWX/KIWX20250331_155202_V06', 's3://noaa-nexrad-level2/2025/03/31/KGRR/KGRR20250331_155528_V06', 's3://noaa-nexrad-level2/2025/03/31/KDTX/KDTX20250331_155035_V06', 's3://noaa-nexrad-level2/2025/03/31/KIND/KIND20250331_155432_V06', 's3://noaa-nexrad-level2/2025/03/31/KLOT/KLOT20250331_155416_V06']"
117094,F,A321,PHX UA /OV PXR250015/TM 1558/FL280/TP A321/TB CONS LGT-MOD/IC `/RM ZAB/FDCS,CONS LGT-MOD,202503311500-KMSC-UBUS01-PIREP,28000.0,33.34448803825376,-112.25151639155894,2025-03-31 15:58:00,2.0,M,"('KIWA', 'KFSX', 'KFSX', 'KEMX', 'KYUX')","['s3://noaa-nexrad-level2/2025/03/31/KIWA/KIWA20250331_155206_V06', 's3://noaa-nexrad-level2/2025/03/31/KFSX/KFSX20250331_155006_V06', 's3://noaa-nexrad-level2/2025/03/31/KFSX/KFSX20250331_155006_V06', 's3://noaa-nexrad-level2/2025/03/31/KEMX/KEMX20250331_155540_V06', 's3://noaa-nexrad-level2/2025/03/31/KYUX/KYUX20250331_155025_V06']"
117095,F,B738,SLC UA /OV TCH090040/TM 1558/FL240/TP B738/TB MOD/RM 110 DURC 240 /ZLC,MOD,202503311600-KMSC-UBUS01-PIREP,24000.0,40.85,-111.09858933407511,2025-03-31 15:58:00,3.0,M,"('KMTX', 'KSFX', 'KGJX', 'KRIW', 'KICX')","['s3://noaa-nexrad-level2/2025/03/31/KMTX/KMTX20250331_155358_V06', 's3://noaa-nexrad-level2/2025/03/31/KSFX/KSFX20250331_155623_V06', 's3://noaa-nexrad-level2/2025/03/31/KGJX/KGJX20250331_155752_V06', 's3://noaa-nexrad-level2/2025/03/31/KRIW/KRIW20250331_155520_V06', 's3://noaa-nexrad-level2/2025/03/31/KICX/KICX20250331_155308_V06']"
117096,F,A321,IRS UA /OV IRS/TM 1558/FL390/TP A321/TB CONS MOD CHOP,CONS MOD CHOP,202503311600-KMSC-UBUS01-PIREP,39000.0,41.81333,-85.43892,2025-03-31 15:58:00,3.0,M,"('KIWX', 'KGRR', 'KDTX', 'KIND', 'KLOT')","['s3://noaa-nexrad-level2/2025/03/31/KIWX/KIWX20250331_155202_V06', 's3://noaa-nexrad-level2/2025/03/31/KGRR/KGRR20250331_155528_V06', 's3://noaa-nexrad-level2/2025/03/31/KDTX/KDTX20250331_155724_V06', 's3://noaa-nexrad-level2/2025/03/31/KIND/KIND20250331_155432_V06', 's3://noaa-nexrad-level2/2025/03/31/KLOT/KLOT20250331_155416_V06']"
117097,F,B737,ROA UA /OV ROA300030/TM 1559/FL390/TP B737/TB MOD 390-360,MOD 390-360,202503311600-KMSC-UBUS01-PIREP,39000.0,37.567260410020246,-80.51819395910968,2025-03-31 15:59:00,3.0,M,"('KFCX', 'KRLX', 'KRAX', 'KJKL', 'KPBZ')","['s3://noaa-nexrad-level2/2025/03/31/KFCX/KFCX20250331_155404_V06', 's3://noaa-nexrad-level2/2025/03/31/KRLX/KRLX20250331_155833_V06', 's3://noaa-nexrad-level2/2025/03/31/KRAX/KRAX20250331_155034_V06', 's3://noaa-nexrad-level2/2025/03/31/KJKL/KJKL20250331_155738_V06', 's3://noaa-nexrad-level2/2025/03/31/KPBZ/KPBZ20250331_155840_V06']"
117098,F,C68A,PTW UA /OV MXE/TM 1559/FL320/TP C68A/TB MOD CONS 320-380,MOD CONS 320-380,202503311600-KMSC-UBUS01-PIREP,32000.0,39.92,-75.67,2025-03-31 15:59:00,3.0,U,"('KDOX', 'KDIX', 'KLWX', 'KBGM', 'KCCX')","['s3://noaa-nexrad-level2/2025/03/31/KDOX/KDOX20250331_155427_V06', 's3://noaa-nexrad-level2/2025/03/31/KDIX/KDIX20250331_155815_V06', 's3://noaa-nexrad-level2/2025/03/31/KLWX/KLWX20250331_155513_V06', 's3://noaa-nexrad-level2/2025/03/31/KBGM/KBGM20250331_155220_V06', 's3://noaa-nexrad-level2/2025/03/31/KCCX/KCCX20250331_155038_V06']"
117099,F,A20N,ATL UA /OV ATL320033/TM 1600/FL120/TP A20N/TB LGT/MOD,LGT,202503311600-KMSC-UBUS01-PIREP,12000.0,34.05145857102951,-84.86643236930442,2025-03-31 16:00:00,1.0,U,"('KFFC', 'KHTX', 'KMXX', 'KJGX', 'KBMX')","['s3://noaa-nexrad-level2/2025/03/31/KFFC/KFFC20250331_155353_V06', 's3://noaa-nexrad-level2/2025/03/31/KHTX/KHTX20250331_155958_V06', 's3://noaa-nexrad-level2/2025/03/31/KMXX/KMXX20250331_155629_V06', 's3://noaa-nexrad-level2/2025/03/31/KJGX/KJGX20250331_155853_V06', 's3://noaa-nexrad-level2/2025/03/31/KBMX/KBMX20250331_155749_V06']"
117100,F,BE9L,PIH UA /OV KPIH/TM 1600/FL120/TP BE9L/SK BKN120-TOPUNKN/TB LGT ABV 120/RM DURD RY21 PIH,LGT ABV 120,202503311600-KMSC-UBUS01-PIREP,12000.0,42.90981,-112.59592,2025-03-31 16:00:00,1.0,L,"('KSFX', 'KMTX', 'KCBX', 'KRIW', 'KMSX')","['s3://noaa-nexrad-level2/2025/03/31/KSFX/KSFX20250331_155623_V06', 's3://noaa-nexrad-level2/2025/03/31/KMTX/KMTX20250331_155358_V06', 's3://noaa-nexrad-level2/2025/03/31/KCBX/KCBX20250331_155748_V06', 's3://noaa-nexrad-level2/2025/03/31/KRIW/KRIW20250331_155953_V06', 's3://noaa-nexrad-level2/2025/03/31/KMSX/KMSX20250331_155722_V06']"
117101,F,B739,IND UA /OV CMI090020/TM 1600/FL290/TP B739/TB CONS LGT-OCNL MOD,CONS LGT-OCNL MOD,202503311600-KMSC-UBUS01-PIREP,29000.0,40.0324,-87.84012233470139,2025-03-31 16:00:00,2.0,M,"('KILX', 'KLOT', 'KIND', 'KVWX', 'KIWX')","['s3://noaa-nexrad-level2/2025/03/31/KILX/KILX20250331_155439_V06', 's3://noaa-nexrad-level2/2025/03/31/KLOT/KLOT20250331_155416_V06', 's3://noaa-nexrad-level2/2025/03/31/KIND/KIND20250331_155432_V06', 's3://noaa-nexrad-level2/2025/03/31/KVWX/KVWX20250331_155739_V06', 's3://noaa-nexrad-level2/2025/03/31/KIWX/KIWX20250331_155202_V06']"
117102,F,A321,IND UA /OV HVQ/TM 1600/FL320/TP A321/TB OCNL LGT,OCNL LGT,202503311600-KMSC-UBUS01-PIREP,32000.0,38.35,-81.77,2025-03-31 16:00:00,1.0,M,"('KRLX', 'KJKL', 'KFCX', 'KILN', 'KPBZ')","['s3://noaa-nexrad-level2/2025/03/31/KRLX/KRLX20250331_155833_V06', 's3://noaa-nexrad-level2/2025/03/31/KJKL/KJKL20250331_155738_V06', 's3://noaa-nexrad-level2/2025/03/31/KFCX/KFCX20250331_155404_V06', 's3://noaa-nexrad-level2/2025/03/31/KILN/KILN20250331_155700_V06', 's3://noaa-nexrad-level2/2025/03/31/KPBZ/KPBZ20250331_155840_V06']"
117103,F,B39M,ALB UA /OV CAM/TM 1602/FL280/TP B39M/TB CONS LGT,CONS LGT,202503311600-KMSC-UBUS01-PIREP,28000.0,42.99,-73.34,2025-03-31 16:02:00,1.0,U,"('KENX', 'KCXX', 'KOKX', 'KBOX', 'KTYX')","['s3://noaa-nexrad-level2/2025/03/31/KENX/KENX20250331_155803_V06', 's3://noaa-nexrad-level2/2025/03/31/KCXX/KCXX20250331_160127_V06', 's3://noaa-nexrad-level2/2025/03/31/KOKX/KOKX20250331_155611_V06', 's3://noaa-nexrad-level2/2025/03/31/KBOX/KBOX20250331_155922_V06', 's3://noaa-nexrad-level2/2025/03/31/KTYX/KTYX20250331_155855_V06']"
117104,F,A321,ALB UA /OV ALB/TM 1602/FL330/TP A321/TB LGT-MOD/RM LIGHT  BORDERLINE MODERATE,LGT-MOD,202503311600-KMSC-UBUS01-PIREP,33000.0,42.75757,-73.80361,2025-03-31 16:02:00,2.0,M,"('KENX', 'KCXX', 'KOKX', 'KTYX', 'KBGM')","['s3://noaa-nexrad-level2/2025/03/31/KENX/KENX20250331_155803_V06', 's3://noaa-nexrad-level2/2025/03/31/KCXX/KCXX20250331_160127_V06', 's3://noaa-nexrad-level2/2025/03/31/KOKX/KOKX20250331_155611_V06', 's3://noaa-nexrad-level2/2025/03/31/KTYX/KTYX20250331_155855_V06', 's3://noaa-nexrad-level2/2025/03/31/KBGM/KBGM20250331_155909_V06']"
117105,F,E190,ORE UA /OV ORE/TM 1602/FL290/TP E190/TB MOD CHOP 290-250  LGT CHOP 240,MOD CHOP 290-250  LGT CHOP 240,202503311600-KMSC-UBUS01-PIREP,29000.0,42.57013,-72.28861,2025-03-31 16:02:00,2.0,U,"('KBOX', 'KENX', 'KOKX', 'KCXX', 'KGYX')","['s3://noaa-nexrad-level2/2025/03/31/KBOX/KBOX20250331_155922_V06', 's3://noaa-nexrad-level2/2025/03/31/KENX/KENX20250331_155803_V06', 's3://noaa-nexrad-level2/2025/03/31/KOKX/KOKX20250331_155611_V06', 's3://noaa-nexrad-level2/2025/03/31/KCXX/KCXX20250331_160127_V06', 's3://noaa-nexrad-level2/2025/03/31/KGYX/KGYX20250331_160136_V06']"
117106,F,CRJ9,LGC UA /OV LGC270020/TM 1603/FL220/TP CRJ9/TB MOD/RM ZTLFD-09,MOD,202503311600-KMSC-UBUS01-PIREP,22000.0,33.00886,-85.47013654991223,2025-03-31 16:03:00,3.0,U,"('KMXX', 'KFFC', 'KBMX', 'KEOX', 'KHTX')","['s3://noaa-nexrad-level2/2025/03/31/KMXX/KMXX20250331_160140_V06', 's3://noaa-nexrad-level2/2025/03/31/KFFC/KFFC20250331_160040_V06', 's3://noaa-nexrad-level2/2025/03/31/KBMX/KBMX20250331_155749_V06', 's3://noaa-nexrad-level2/2025/03/31/KEOX/KEOX20250331_160256_V06', 's3://noaa-nexrad-level2/2025/03/31/KHTX/KHTX20250331_155958_V06']"
117107,F,E170,ADM UA /OV ADM/TM 1604/FL180/TP E170/TB LGT-MOD/RM DURD INTO OKC. ZFW,LGT-MOD,202503311600-KMSC-UBUS01-PIREP,18000.0,34.3032,-97.0195,2025-03-31 16:04:00,2.0,U,"('KOUN', 'KTLX', 'KFWS', 'KFDR', 'KINX')","['s3://noaa-nexrad-level2/2025/03/31/KTLX/KTLX20250331_155949_V06', 's3://noaa-nexrad-level2/2025/03/31/KFWS/KFWS20250331_160320_V06', 's3://noaa-nexrad-level2/2025/03/31/KFDR/KFDR20250331_155808_V06', 's3://noaa-nexrad-level2/2025/03/31/KINX/KINX20250331_160243_V06']"
117108,F,A319,JST UA /OV JST/TM 1604/FL320/TP A319/TB LGT,LGT,202503311600-KMSC-UBUS01-PIREP,32000.0,40.31611,-78.83394,2025-03-31 16:04:00,1.0,M,"('KCCX', 'KPBZ', 'KLWX', 'KBUF', 'KCLE')","['s3://noaa-nexrad-level2/2025/03/31/KCCX/KCCX20250331_155922_V06', 's3://noaa-nexrad-level2/2025/03/31/KPBZ/KPBZ20250331_155840_V06', 's3://noaa-nexrad-level2/2025/03/31/KLWX/KLWX20250331_155931_V06', 's3://noaa-nexrad-level2/2025/03/31/KBUF/KBUF20250331_160201_V06', 's3://noaa-nexrad-level2/2025/03/31/KCLE/KCLE20250331_160123_V06']"
117109,F,B38M,TOP UA /OV TOP325010/TM 1604/FL330/TP B38M/TB LGT/RM ZKC FDC,LGT,202503311600-KMSC-UBUS01-PIREP,33000.0,39.20653639927849,-95.74314104475869,2025-03-31 16:04:00,1.0,U,"('KTWX', 'KEAX', 'KOAX', 'KICT', 'KUEX')","['s3://noaa-nexrad-level2/2025/03/31/KTWX/KTWX20250331_153917_V06', 's3://noaa-nexrad-level2/2025/03/31/KEAX/KEAX20250331_160355_V06', 's3://noaa-nexrad-level2/2025/03/31/KOAX/KOAX20250331_160246_V06', 's3://noaa-nexrad-level2/2025/03/31/KICT/KICT20250331_155914_V06', 's3://noaa-nexrad-level2/2025/03/31/KUEX/KUEX20250331_151505_V06']"
117110,F,CRJ9,MYNN UA /OV ZQA330013/TM 1604/FL350/TP CRJ9/TB NEG,NEG,202503311600-KMSC-UBUS01-PIREP,35000.0,25.187654036247665,-77.56954229003853,2025-03-31 16:04:00,0.0,U,"('KAMX', 'KAMX', 'KBYX', 'KMLB', 'KTBW')","['s3://noaa-nexrad-level2/2025/03/31/KAMX/KAMX20250331_160044_V06', 's3://noaa-nexrad-level2/2025/03/31/KAMX/KAMX20250331_160044_V06', 's3://noaa-nexrad-level2/2025/03/31/KBYX/KBYX20250331_155935_V06', 's3://noaa-nexrad-level2/2025/03/31/KMLB/KMLB20250331_160114_V06', 's3://noaa-nexrad-level2/2025/03/31/KTBW/KTBW20250331_155921_V06']"
117111,F,B717,CHA UA /OV GQO360045/TM 1605/FL180/TP B717/TB CONS MOD 180-160/RM BTWN FL180-160 DURD -ZME,CONS MOD 180-160,202503311600-KMSC-UBUS01-PIREP,18000.0,35.71006075006075,-85.15,2025-03-31 16:05:00,3.0,M,"('KHTX', 'KOHX', 'KMRX', 'KHPX', 'KLVX')","['s3://noaa-nexrad-level2/2025/03/31/KHTX/KHTX20250331_155958_V06', 's3://noaa-nexrad-level2/2025/03/31/KOHX/KOHX20250331_160339_V06', 's3://noaa-nexrad-level2/2025/03/31/KMRX/KMRX20250331_160212_V06', 's3://noaa-nexrad-level2/2025/03/31/KHPX/KHPX20250331_160434_V06', 's3://noaa-nexrad-level2/2025/03/31/KLVX/KLVX20250331_160225_V06']"
117112,F,A21N,MYNN UA /OV ZQA143129/TM 1606/FL370/TP A21N/TB LGT CHOP,LGT CHOP,202503311600-KMSC-UBUS01-PIREP,37000.0,23.28279457088516,-76.02222113229436,2025-03-31 16:06:00,1.0,U,"('KAMX', 'KAMX', 'KBYX', 'KMLB', 'KTBW')","['s3://noaa-nexrad-level2/2025/03/31/KAMX/KAMX20250331_160505_V06', 's3://noaa-nexrad-level2/2025/03/31/KAMX/KAMX20250331_160505_V06', 's3://noaa-nexrad-level2/2025/03/31/KBYX/KBYX20250331_160412_V06', 's3://noaa-nexrad-level2/2025/03/31/KMLB/KMLB20250331_160544_V06', 's3://noaa-nexrad-level2/2025/03/31/KTBW/KTBW20250331_155921_V06']"
117113,F,CRJ9,LSF UA /OV EUF265015/TM 1607/FL310/TP CRJ9/TB CONS LGT OCNL MOD/RM ZTLFD-09,CONS LGT OCNL MOD,202503311600-KMSC-UBUS01-PIREP,31000.0,31.92950929940753,-85.42244080552695,2025-03-31 16:07:00,2.0,U,"('KEOX', 'KMXX', 'KEVX', 'KFFC', 'KBMX')","['s3://noaa-nexrad-level2/2025/03/31/KEOX/KEOX20250331_160256_V06', 's3://noaa-nexrad-level2/2025/03/31/KMXX/KMXX20250331_160657_V06', 's3://noaa-nexrad-level2/2025/03/31/KEVX/KEVX20250331_160003_V06', 's3://noaa-nexrad-level2/2025/03/31/KFFC/KFFC20250331_160630_V06', 's3://noaa-nexrad-level2/2025/03/31/KBMX/KBMX20250331_160356_V06']"
117114,F,A321,ATL UA /OV HIDRO/TM 1608/FL130/TP A321/TB MOD/RM LOSS OF 400FT IN TURB,MOD,202503311600-KMSC-UBUS01-PIREP,13000.0,33.6301,-84.4418,2025-03-31 16:08:00,3.0,M,"('KFFC', 'KJGX', 'KMXX', 'KHTX', 'KBMX')","['s3://noaa-nexrad-level2/2025/03/31/KFFC/KFFC20250331_160630_V06', 's3://noaa-nexrad-level2/2025/03/31/KJGX/KJGX20250331_160734_V06', 's3://noaa-nexrad-level2/2025/03/31/KMXX/KMXX20250331_160657_V06', 's3://noaa-nexrad-level2/2025/03/31/KHTX/KHTX20250331_160529_V06', 's3://noaa-nexrad-level2/2025/03/31/KBMX/KBMX20250331_160356_V06']"
117115,F,C750,DNL UA /OV IRQ302018/TM 1608/FL230/TP C750/TB NEG/RM ZTLFD-24,NEG,202503311600-KMSC-UBUS01-PIREP,23000.0,33.86898865632096,-82.46586381264632,2025-03-31 16:08:00,0.0,M,"('KGSP', 'KCAE', 'KJGX', 'KCLX', 'KFFC')","['s3://noaa-nexrad-level2/2025/03/31/KGSP/KGSP20250331_160503_V06', 's3://noaa-nexrad-level2/2025/03/31/KCAE/KCAE20250331_160537_V06', 's3://noaa-nexrad-level2/2025/03/31/KJGX/KJGX20250331_160734_V06', 's3://noaa-nexrad-level2/2025/03/31/KFFC/KFFC20250331_160630_V06']"
117116,F,B38M,GRR UA /OV VIO360025/TM 1608/FL300/TP B38M/TB OCNL LGT CHOP,OCNL LGT CHOP,202503311600-KMSC-UBUS01-PIREP,30000.0,42.88210929,-85.5229853,2025-03-31 16:08:00,1.0,U,"('KGRR', 'KIWX', 'KDTX', 'KAPX', 'KLOT')","['s3://noaa-nexrad-level2/2025/03/31/KGRR/KGRR20250331_160340_V06', 's3://noaa-nexrad-level2/2025/03/31/KIWX/KIWX20250331_160031_V06', 's3://noaa-nexrad-level2/2025/03/31/KDTX/KDTX20250331_160417_V06', 's3://noaa-nexrad-level2/2025/03/31/KAPX/KAPX20250331_160146_V06', 's3://noaa-nexrad-level2/2025/03/31/KLOT/KLOT20250331_160359_V06']"
117117,F,CRJ7,ORD UA /OV ORD140020/TM 1608/FL100/TP CRJ7/SK VMC/TB LGT CHOP,LGT CHOP,202503311600-KMSC-UBUS01-PIREP,10000.0,41.73217116907303,-87.64364440635903,2025-03-31 16:08:00,1.0,M,"('KLOT', 'KMKX', 'KIWX', 'KILX', 'KGRR')","['s3://noaa-nexrad-level2/2025/03/31/KLOT/KLOT20250331_160359_V06', 's3://noaa-nexrad-level2/2025/03/31/KMKX/KMKX20250331_160251_V06', 's3://noaa-nexrad-level2/2025/03/31/KIWX/KIWX20250331_160031_V06', 's3://noaa-nexrad-level2/2025/03/31/KILX/KILX20250331_160129_V06', 's3://noaa-nexrad-level2/2025/03/31/KGRR/KGRR20250331_160340_V06']"
117118,F,E145,GWO UA /OV SQS225030/TM 1609/FL340/TP E145/TB MOD/RM ZME,MOD,202503311600-KMSC-UBUS01-PIREP,34000.0,33.10641797155345,-90.7038215788156,2025-03-31 16:09:00,3.0,M,"('KDGX', 'KLZK', 'KNQA', 'KGWX', 'KHDC')","['s3://noaa-nexrad-level2/2025/03/31/KDGX/KDGX20250331_160359_V06', 's3://noaa-nexrad-level2/2025/03/31/KLZK/KLZK20250331_160342_V06', 's3://noaa-nexrad-level2/2025/03/31/KNQA/KNQA20250331_160329_V06', 's3://noaa-nexrad-level2/2025/03/31/KGWX/KGWX20250331_160746_V06', 's3://noaa-nexrad-level2/2025/03/31/KHDC/KHDC20250331_160222_V06']"
117119,F,B763,BIV UA /OV PMM330015/TM 1609/FL200/TP B763/TB LGT CHOP/IC NEG,LGT CHOP,202503311600-KMSC-UBUS01-PIREP,20000.0,42.68652388797807,-86.27947515685686,2025-03-31 16:09:00,1.0,H,"('KGRR', 'KIWX', 'KLOT', 'KMKX', 'KGRB')","['s3://noaa-nexrad-level2/2025/03/31/KGRR/KGRR20250331_160340_V06', 's3://noaa-nexrad-level2/2025/03/31/KIWX/KIWX20250331_160031_V06', 's3://noaa-nexrad-level2/2025/03/31/KLOT/KLOT20250331_160359_V06', 's3://noaa-nexrad-level2/2025/03/31/KMKX/KMKX20250331_160251_V06', 's3://noaa-nexrad-level2/2025/03/31/KGRB/KGRB20250331_160536_V06']"
117120,F,CRJ2,DEN UA /OV DEN320020/TM 1609/FL150/TP CRJ2/TB CONT LGT CHOP,CONT LGT CHOP,202503311600-KMSC-UBUS01-PIREP,15000.0,40.088168830926975,-104.93654044875726,2025-03-31 16:09:00,1.0,M,"('KFTG', 'KCYS', 'KPUX', 'KGLD', 'KGJX')","['s3://noaa-nexrad-level2/2025/03/31/KFTG/KFTG20250331_160345_V06', 's3://noaa-nexrad-level2/2025/03/31/KCYS/KCYS20250331_160543_V06', 's3://noaa-nexrad-level2/2025/03/31/KPUX/KPUX20250331_160726_V06', 's3://noaa-nexrad-level2/2025/03/31/KGLD/KGLD20250331_160311_V06', 's3://noaa-nexrad-level2/2025/03/31/KGJX/KGJX20250331_160857_V06']"
117121,F,BE20,SFO UA /OV SFO145017/TM 1609/FL055/TP BE20/TB MOD,MOD,202503311600-KMSC-UBUS01-PIREP,5500.0,37.38685812122657,-122.1697024806294,2025-03-31 16:09:00,3.0,M,"('KMUX', 'KDAX', 'KBBX', 'KHNX', 'KVBX')","['s3://noaa-nexrad-level2/2025/03/31/KMUX/KMUX20250331_160712_V06', 's3://noaa-nexrad-level2/2025/03/31/KDAX/KDAX20250331_160517_V06', 's3://noaa-nexrad-level2/2025/03/31/KBBX/KBBX20250331_160834_V06', 's3://noaa-nexrad-level2/2025/03/31/KHNX/KHNX20250331_160542_V06', 's3://noaa-nexrad-level2/2025/03/31/KVBX/KVBX20250331_160618_V06']"
117122,F,CRJ2,EGE UA /OV RLG136030/TM 1609/FL260/TP CRJ2/SK TOP 260/TB OCNL LGT CHOP/RM ZDVWC-06,OCNL LGT CHOP,202503311600-KMSC-UBUS01-PIREP,26000.0,39.64030096653963,-105.98655722387676,2025-03-31 16:09:00,1.0,M,"('KFTG', 'KCYS', 'KPUX', 'KGJX', 'KRIW')","['s3://noaa-nexrad-level2/2025/03/31/KFTG/KFTG20250331_160345_V06', 's3://noaa-nexrad-level2/2025/03/31/KCYS/KCYS20250331_160543_V06', 's3://noaa-nexrad-level2/2025/03/31/KPUX/KPUX20250331_160726_V06', 's3://noaa-nexrad-level2/2025/03/31/KGJX/KGJX20250331_160857_V06', 's3://noaa-nexrad-level2/2025/03/31/KRIW/KRIW20250331_160859_V06']"
117123,F,B738,MBPV UA /OV PVN350070/TM 1609/FL260/TP B738/TB NEG,NEG,202503311600-KMSC-UBUS01-PIREP,26000.0,22.919035442939965,-72.47816548029016,2025-03-31 16:09:00,0.0,M,"('KAMX', 'KAMX', 'KBYX', 'KMLB', 'KTBW')","['s3://noaa-nexrad-level2/2025/03/31/KAMX/KAMX20250331_160505_V06', 's3://noaa-nexrad-level2/2025/03/31/KAMX/KAMX20250331_160505_V06', 's3://noaa-nexrad-level2/2025/03/31/KBYX/KBYX20250331_160849_V06', 's3://noaa-nexrad-level2/2025/03/31/KMLB/KMLB20250331_160544_V06', 's3://noaa-nexrad-level2/2025/03/31/KTBW/KTBW20250331_160625_V06']"
117124,F,E145,IND UA /OV IOB/TM 1609/FL230/TP E145/TB LGT-MOD,LGT-MOD,202503311600-KMSC-UBUS01-PIREP,23000.0,38.0575,-83.9829,2025-03-31 16:09:00,2.0,M,"('KJKL', 'KILN', 'KLVX', 'KMRX', 'KRLX')","['s3://noaa-nexrad-level2/2025/03/31/KJKL/KJKL20250331_160602_V06', 's3://noaa-nexrad-level2/2025/03/31/KILN/KILN20250331_160756_V06', 's3://noaa-nexrad-level2/2025/03/31/KLVX/KLVX20250331_160225_V06', 's3://noaa-nexrad-level2/2025/03/31/KMRX/KMRX20250331_160639_V06', 's3://noaa-nexrad-level2/2025/03/31/KRLX/KRLX20250331_160649_V06']"
117125,F,A320,MSY UA /OV LEV225050/TM 1610/FL160/TP A320/TB MOD CHOP FL160-240/RM ZHU,MOD CHOP FL160-240,202503311600-KMSC-UBUS01-PIREP,16000.0,28.590696619255752,-90.77496113270452,2025-03-31 16:10:00,3.0,M,"('KHDC', 'KLIX', 'KLCH', 'KMOB', 'KPOE')","['s3://noaa-nexrad-level2/2025/03/31/KHDC/KHDC20250331_160925_V06', 's3://noaa-nexrad-level2/2025/03/31/KLCH/KLCH20250331_160417_V06', 's3://noaa-nexrad-level2/2025/03/31/KMOB/KMOB20250331_160820_V06', 's3://noaa-nexrad-level2/2025/03/31/KPOE/KPOE20250331_160503_V06']"
117126,F,B739,PUB UA /OV PUB250035/TM 1610/FL340/TP B739/TB LGT -MOD CONS/RM ZDVWC-,LGT -MOD CONS,202503311600-KMSC-UBUS01-PIREP,34000.0,38.09047208925876,-105.196774685888,2025-03-31 16:10:00,2.0,M,"('KPUX', 'KFTG', 'KCYS', 'KGJX', 'KABX')","['s3://noaa-nexrad-level2/2025/03/31/KPUX/KPUX20250331_160726_V06', 's3://noaa-nexrad-level2/2025/03/31/KFTG/KFTG20250331_160345_V06', 's3://noaa-nexrad-level2/2025/03/31/KCYS/KCYS20250331_160543_V06', 's3://noaa-nexrad-level2/2025/03/31/KGJX/KGJX20250331_160857_V06', 's3://noaa-nexrad-level2/2025/03/31/KABX/KABX20250331_160710_V06']"
117127,F,B739,PUB UA /OV PUB250035/TM 1610/FL340/TP B739/TB LGT -MOD CONS/RM ZDVWC,LGT -MOD CONS,202503311615-KWBC-UBCO90-PIREP,34000.0,38.09047208925876,-105.196774685888,2025-03-31 16:10:00,2.0,M,"('KPUX', 'KFTG', 'KCYS', 'KGJX', 'KABX')","['s3://noaa-nexrad-level2/2025/03/31/KPUX/KPUX20250331_160726_V06', 's3://noaa-nexrad-level2/2025/03/31/KFTG/KFTG20250331_160345_V06', 's3://noaa-nexrad-level2/2025/03/31/KCYS/KCYS20250331_160543_V06', 's3://noaa-nexrad-level2/2025/03/31/KGJX/KGJX20250331_160857_V06', 's3://noaa-nexrad-level2/2025/03/31/KABX/KABX20250331_160710_V06']"
117128,F,E175,BTV UA /OV BTV 270005/TM 1610/FL050/TP E175/WX -RN/TB LGT-MOD CHOP DURD,LGT-MOD CHOP DURD,202503311600-KMSC-UBUS01-PIREP,5000.0,44.47,-73.26678539449364,2025-03-31 16:10:00,2.0,U,"('KCXX', 'KENX', 'KTYX', 'KGYX', 'KBOX')","['s3://noaa-nexrad-level2/2025/03/31/KCXX/KCXX20250331_160619_V06', 's3://noaa-nexrad-level2/2025/03/31/KENX/KENX20250331_160712_V06', 's3://noaa-nexrad-level2/2025/03/31/KTYX/KTYX20250331_160805_V06', 's3://noaa-nexrad-level2/2025/03/31/KGYX/KGYX20250331_160613_V06', 's3://noaa-nexrad-level2/2025/03/31/KBOX/KBOX20250331_160808_V06']"
117129,F,B737,CVN UA /OV TXO045030/TM 1610/FL350/TP B737/TB LGT-MOD CHOP/RM ZAB/FDCS,LGT-MOD CHOP,202503311600-KMSC-UBUS01-PIREP,35000.0,34.85358202844655,-102.41096130018904,2025-03-31 16:10:00,2.0,M,"('KAMA', 'KFDX', 'KLBB', 'KMAF', 'KFDR')","['s3://noaa-nexrad-level2/2025/03/31/KAMA/KAMA20250331_160833_V06', 's3://noaa-nexrad-level2/2025/03/31/KFDX/KFDX20250331_160520_V06', 's3://noaa-nexrad-level2/2025/03/31/KLBB/KLBB20250331_142300_V06', 's3://noaa-nexrad-level2/2025/03/31/KMAF/KMAF20250331_160756_V06', 's3://noaa-nexrad-level2/2025/03/31/KFDR/KFDR20250331_160516_V06']"
117130,F,B737,ANC UA /OV TED343018/TM 1610/FL110/TP B737/TB CONS LGT 110-200/RM DURC /ZAN,CONS LGT 110-200,202503311600-KMSC-UBUS01-PIREP,11000.0,61.45691466501772,-150.1719086538862,2025-03-31 16:10:00,1.0,M,"('PAHG', 'PAIH', 'PAIH', 'PAPD', 'PAKC')","['s3://noaa-nexrad-level2/2025/03/31/PAHG/PAHG20250331_160430_V06', 's3://noaa-nexrad-level2/2025/03/31/PAIH/PAIH20250331_160646_V06', 's3://noaa-nexrad-level2/2025/03/31/PAIH/PAIH20250331_160646_V06', 's3://noaa-nexrad-level2/2025/03/31/PAPD/PAPD20250331_160718_V06', 's3://noaa-nexrad-level2/2025/03/31/PAKC/PAKC20250331_160636_V06']"
117131,F,H25B,ARG UA /OV ARG045040/TM 1611/FL350/TP H25B/TB CONS LGT-OCNL MOD CHOP/RM ZME,CONS LGT-OCNL MOD CHOP,202503311600-KMSC-UBUS01-PIREP,35000.0,36.5961127045954,-90.34145069023336,2025-03-31 16:11:00,2.0,M,"('KNQA', 'KPAH', 'KLSX', 'KLZK', 'KHPX')","['s3://noaa-nexrad-level2/2025/03/31/KNQA/KNQA20250331_160329_V06', 's3://noaa-nexrad-level2/2025/03/31/KPAH/KPAH20250331_161048_V06', 's3://noaa-nexrad-level2/2025/03/31/KLSX/KLSX20250331_145940_V06', 's3://noaa-nexrad-level2/2025/03/31/KLZK/KLZK20250331_161044_V06', 's3://noaa-nexrad-level2/2025/03/31/KHPX/KHPX20250331_160434_V06']"
117132,F,A321,DBN UA /OV DBN090025/TM 1611/FL230/TP A321/TB NEG/RM ZTLFD-24,NEG,202503311600-KMSC-UBUS01-PIREP,23000.0,32.5644167,-82.49084623202974,2025-03-31 16:11:00,0.0,M,"('KJGX', 'KCLX', 'KVAX', 'KCAE', 'KFFC')","['s3://noaa-nexrad-level2/2025/03/31/KJGX/KJGX20250331_160734_V06', 's3://noaa-nexrad-level2/2025/03/31/KCAE/KCAE20250331_160906_V06', 's3://noaa-nexrad-level2/2025/03/31/KFFC/KFFC20250331_160630_V06']"
117133,F,B738,LAS UA /OV LAS055055/TM 1611/FL180/TP B738/TB MOD/RM CHOWW3 ARRIVAL KLAS. MOD 180-110,MOD,202503311600-KMSC-UBUS01-PIREP,18000.0,36.59772098808145,-114.23432671263696,2025-03-31 16:11:00,3.0,M,"('KESX', 'KICX', 'KFSX', 'KFSX', 'KEYX')","['s3://noaa-nexrad-level2/2025/03/31/KESX/KESX20250331_160649_V06', 's3://noaa-nexrad-level2/2025/03/31/KICX/KICX20250331_161030_V06', 's3://noaa-nexrad-level2/2025/03/31/KFSX/KFSX20250331_160739_V06', 's3://noaa-nexrad-level2/2025/03/31/KFSX/KFSX20250331_160739_V06', 's3://noaa-nexrad-level2/2025/03/31/KEYX/KEYX20250331_160807_V06']"
117134,F,A21N,BIV UA /OV PMM090035/TM 1611/FL300/TP A21N/SK TOP300/TB NEG,NEG,202503311600-KMSC-UBUS01-PIREP,30000.0,42.47,-85.319115934668,2025-03-31 16:11:00,0.0,U,"('KGRR', 'KIWX', 'KDTX', 'KAPX', 'KLOT')","['s3://noaa-nexrad-level2/2025/03/31/KGRR/KGRR20250331_160340_V06', 's3://noaa-nexrad-level2/2025/03/31/KIWX/KIWX20250331_160901_V06', 's3://noaa-nexrad-level2/2025/03/31/KDTX/KDTX20250331_160417_V06', 's3://noaa-nexrad-level2/2025/03/31/KAPX/KAPX20250331_160840_V06', 's3://noaa-nexrad-level2/2025/03/31/KLOT/KLOT20250331_160359_V06']"
117135,F,B737,YAK UA /OV YAK279075/TM 1612/FL370/TP B737/TB LGT/RM ZAN,LGT,202503311600-KMSC-UBUS01-PIREP,37000.0,59.695558920305714,-142.09274305825036,2025-03-31 16:12:00,1.0,M,"('PAIH', 'PAIH', 'PACG', 'PAPD', 'PAHG')","['s3://noaa-nexrad-level2/2025/03/31/PAIH/PAIH20250331_160646_V06', 's3://noaa-nexrad-level2/2025/03/31/PAIH/PAIH20250331_160646_V06', 's3://noaa-nexrad-level2/2025/03/31/PACG/PACG20250331_161013_V06', 's3://noaa-nexrad-level2/2025/03/31/PAPD/PAPD20250331_160718_V06', 's3://noaa-nexrad-level2/2025/03/31/PAHG/PAHG20250331_161130_V06']"
117136,F,GA6C,ALB UA /OV CAM/TM 1612/FL300/TP GA6C/TB CONS LGT CHOP/RM DURC BDL-CAM BLO 300,CONS LGT CHOP,202503311600-KMSC-UBUS01-PIREP,30000.0,42.99,-73.34,2025-03-31 16:12:00,1.0,U,"('KENX', 'KCXX', 'KOKX', 'KBOX', 'KTYX')","['s3://noaa-nexrad-level2/2025/03/31/KENX/KENX20250331_161149_V06', 's3://noaa-nexrad-level2/2025/03/31/KCXX/KCXX20250331_161108_V06', 's3://noaa-nexrad-level2/2025/03/31/KOKX/KOKX20250331_160424_V06', 's3://noaa-nexrad-level2/2025/03/31/KBOX/KBOX20250331_160808_V06', 's3://noaa-nexrad-level2/2025/03/31/KTYX/KTYX20250331_160805_V06']"
117137,F,B737,LXV UA /OV LXV078019/TM 1612/FL230/TP B737/TB NEG/IC NEG/RM DURD SSKII3 ZDVWC-26,NEG,202503311600-KMSC-UBUS01-PIREP,23000.0,39.29390403503249,-105.9162160069924,2025-03-31 16:12:00,0.0,M,"('KFTG', 'KPUX', 'KCYS', 'KGJX', 'KGLD')","['s3://noaa-nexrad-level2/2025/03/31/KFTG/KFTG20250331_161034_V06', 's3://noaa-nexrad-level2/2025/03/31/KPUX/KPUX20250331_160726_V06', 's3://noaa-nexrad-level2/2025/03/31/KCYS/KCYS20250331_160543_V06', 's3://noaa-nexrad-level2/2025/03/31/KGJX/KGJX20250331_160857_V06', 's3://noaa-nexrad-level2/2025/03/31/KGLD/KGLD20250331_160311_V06']"
117138,F,GLF4,SAV UA /OV SAV/TM 1614/FL410/TP GLF4/TB MOD,MOD,202503311600-KMSC-UBUS01-PIREP,41000.0,32.13136751,-81.20230227,2025-03-31 16:14:00,3.0,M,"('KCLX', 'KJAX', 'KCAE', 'KVAX', 'KJGX')","['s3://noaa-nexrad-level2/2025/03/31/KJAX/KJAX20250331_160811_V06', 's3://noaa-nexrad-level2/2025/03/31/KCAE/KCAE20250331_161236_V06', 's3://noaa-nexrad-level2/2025/03/31/KJGX/KJGX20250331_161154_V06']"
117139,F,E75S,MBS UA /OV MBS/TM 1614/FL340/TP E75S/TB CONS LGT ONCL MOD 320-340,CONS LGT ONCL MOD 320-340,202503311600-KMSC-UBUS01-PIREP,34000.0,43.53,-84.08,2025-03-31 16:14:00,2.0,U,"('KDTX', 'KAPX', 'KGRR', 'KIWX', 'KCLE')","['s3://noaa-nexrad-level2/2025/03/31/KDTX/KDTX20250331_161102_V06', 's3://noaa-nexrad-level2/2025/03/31/KAPX/KAPX20250331_160840_V06', 's3://noaa-nexrad-level2/2025/03/31/KGRR/KGRR20250331_161204_V06', 's3://noaa-nexrad-level2/2025/03/31/KIWX/KIWX20250331_160901_V06', 's3://noaa-nexrad-level2/2025/03/31/KCLE/KCLE20250331_160816_V06']"
117140,F,CRJ7,CRW UA /OV CRW200010/TM 1615/FL080/TP CRJ7/SK BASE040 TOP075/TB LGT CHOP/IC NEG/RM DURC,LGT CHOP,202503311600-KMSC-UBUS01-PIREP,8000.0,38.22277187733928,-81.66272197685406,2025-03-31 16:15:00,1.0,M,"('KRLX', 'KJKL', 'KFCX', 'KILN', 'KMRX')","['s3://noaa-nexrad-level2/2025/03/31/KRLX/KRLX20250331_160649_V06', 's3://noaa-nexrad-level2/2025/03/31/KJKL/KJKL20250331_161424_V06', 's3://noaa-nexrad-level2/2025/03/31/KFCX/KFCX20250331_161032_V06', 's3://noaa-nexrad-level2/2025/03/31/KILN/KILN20250331_161319_V06', 's3://noaa-nexrad-level2/2025/03/31/KMRX/KMRX20250331_161106_V06']"
117141,F,E55P,CTY UA /OV CTY/TM 1615/FL170/TP E55P/SK SKC/TB NEG,NEG,202503311600-KMSC-UBUS01-PIREP,17000.0,29.63553,-83.10475,2025-03-31 16:15:00,0.0,U,"('KVAX', 'KTLH', 'KJAX', 'KTBW', 'KMLB')","['s3://noaa-nexrad-level2/2025/03/31/KTLH/KTLH20250331_161436_V06', 's3://noaa-nexrad-level2/2025/03/31/KJAX/KJAX20250331_160811_V06', 's3://noaa-nexrad-level2/2025/03/31/KTBW/KTBW20250331_161329_V06', 's3://noaa-nexrad-level2/2025/03/31/KMLB/KMLB20250331_161445_V06']"
117142,F,GLF4,BNA UA /OV BNA210065/TM 1615/FL410/TP GLF4/TB CONS LGT OCNL MOD CHOP/RM ZME,CONS LGT OCNL MOD CHOP,202503311600-KMSC-UBUS01-PIREP,41000.0,35.180619818761684,-87.35977349292482,2025-03-31 16:15:00,2.0,M,"('KHTX', 'KOHX', 'KHPX', 'KGWX', 'KBMX')","['s3://noaa-nexrad-level2/2025/03/31/KHTX/KHTX20250331_161047_V06', 's3://noaa-nexrad-level2/2025/03/31/KOHX/KOHX20250331_161156_V06', 's3://noaa-nexrad-level2/2025/03/31/KHPX/KHPX20250331_161140_V06', 's3://noaa-nexrad-level2/2025/03/31/KGWX/KGWX20250331_161238_V06', 's3://noaa-nexrad-level2/2025/03/31/KBMX/KBMX20250331_161414_V06']"
117143,F,C700,PSB UA /OV PSB090010/TM 1615/FL400/TP C700/TB LGT-MOD CHOP,LGT-MOD CHOP,202503311600-KMSC-UBUS01-PIREP,40000.0,40.88439,-77.86687286924409,2025-03-31 16:15:00,2.0,U,"('KCCX', 'KLWX', 'KBUF', 'KBGM', 'KPBZ')","['s3://noaa-nexrad-level2/2025/03/31/KCCX/KCCX20250331_160804_V06', 's3://noaa-nexrad-level2/2025/03/31/KLWX/KLWX20250331_161311_V06', 's3://noaa-nexrad-level2/2025/03/31/KBUF/KBUF20250331_161126_V06', 's3://noaa-nexrad-level2/2025/03/31/KBGM/KBGM20250331_161310_V06', 's3://noaa-nexrad-level2/2025/03/31/KPBZ/KPBZ20250331_161246_V06']"
117144,T,E75L,RNO UUA /OV KRNO347002/TM 1615/FL054/TP E75L/TB CONS LGT/RM LLWS +/-10KT 054-SFC DURD RY17R RNO,CONS LGT,202503311600-KMSC-UBUS01-PIREP,5400.0,39.51637163296132,-119.7808261736274,2025-03-31 16:15:00,1.0,U,"('KRGX', 'KBBX', 'KDAX', 'KMUX', 'KHNX')","['s3://noaa-nexrad-level2/2025/03/31/KRGX/KRGX20250331_161311_V06', 's3://noaa-nexrad-level2/2025/03/31/KBBX/KBBX20250331_161318_V06', 's3://noaa-nexrad-level2/2025/03/31/KDAX/KDAX20250331_161442_V06', 's3://noaa-nexrad-level2/2025/03/31/KMUX/KMUX20250331_161243_V06', 's3://noaa-nexrad-level2/2025/03/31/KHNX/KHNX20250331_161230_V06']"
117145,F,PA44,IDP UA /OV IDP/TM 1616/FL027/TP PA44/SK B027-T036/TA 00/TB NEG/IC NEG/RM ZKC FDC,NEG,202503311600-KMSC-UBUS01-PIREP,2700.0,37.1583611,-95.7783889,2025-03-31 16:16:00,0.0,L,"('KINX', 'KICT', 'KTWX', 'KEAX', 'KSRX')","['s3://noaa-nexrad-level2/2025/03/31/KINX/KINX20250331_161107_V06', 's3://noaa-nexrad-level2/2025/03/31/KICT/KICT20250331_161554_V06', 's3://noaa-nexrad-level2/2025/03/31/KTWX/KTWX20250331_153917_V06', 's3://noaa-nexrad-level2/2025/03/31/KEAX/KEAX20250331_161338_V06', 's3://noaa-nexrad-level2/2025/03/31/KSRX/KSRX20250331_160924_V06']"
117146,F,B747,YAK UA /OV YAK110034/TM 1616/FL310/TP B747/TB OCNL MOD/RM ZAN,OCNL MOD,202503311600-KMSC-UBUS01-PIREP,31000.0,59.30617288670851,-138.61074804998006,2025-03-31 16:16:00,3.0,H,"('PACG', 'PAIH', 'PAIH', 'PAPD', 'PAHG')","['s3://noaa-nexrad-level2/2025/03/31/PACG/PACG20250331_161013_V06', 's3://noaa-nexrad-level2/2025/03/31/PAIH/PAIH20250331_161350_V06', 's3://noaa-nexrad-level2/2025/03/31/PAIH/PAIH20250331_161350_V06', 's3://noaa-nexrad-level2/2025/03/31/PAPD/PAPD20250331_161422_V06', 's3://noaa-nexrad-level2/2025/03/31/PAHG/PAHG20250331_161130_V06']"
117147,F,A321,HKY UA /OV BZM295010/TM 1618/FL330/TP A321/SK IMC/TB LGT CHOP/RM ZTLFD-43,LGT CHOP,202503311600-KMSC-UBUS01-PIREP,33000.0,35.94044208230902,-81.42641797088747,2025-03-31 16:18:00,1.0,M,"('KGSP', 'KFCX', 'KMRX', 'KCAE', 'KRLX')","['s3://noaa-nexrad-level2/2025/03/31/KGSP/KGSP20250331_161406_V06', 's3://noaa-nexrad-level2/2025/03/31/KFCX/KFCX20250331_161032_V06', 's3://noaa-nexrad-level2/2025/03/31/KMRX/KMRX20250331_161545_V06', 's3://noaa-nexrad-level2/2025/03/31/KCAE/KCAE20250331_161551_V06', 's3://noaa-nexrad-level2/2025/03/31/KRLX/KRLX20250331_161504_V06']"
117148,F,B738,HSA UA /OV PCU270005/TM 1618/FL170/TP B738/TB MOD CHOP FL170-200/RM ZHU,MOD CHOP FL170-200,202503311600-KMSC-UBUS01-PIREP,17000.0,30.56,-89.82678359633252,2025-03-31 16:18:00,3.0,M,"('KLIX', 'KHDC', 'KMOB', 'KDGX', 'KPOE')","['s3://noaa-nexrad-level2/2025/03/31/KHDC/KHDC20250331_161627_V06', 's3://noaa-nexrad-level2/2025/03/31/KMOB/KMOB20250331_161451_V06', 's3://noaa-nexrad-level2/2025/03/31/KDGX/KDGX20250331_161522_V06', 's3://noaa-nexrad-level2/2025/03/31/KPOE/KPOE20250331_161645_V06']"
117149,F,C68A,TYS UA /OV VXV140002/TM 1619/FL030/TP C68A/TB OCNL LGT CHOP/RM DURD RY 23R TYS,OCNL LGT CHOP,202503311600-KMSC-UBUS01-PIREP,3000.0,35.8744631169073,-83.86354705225683,2025-03-31 16:19:00,1.0,U,"('KMRX', 'KJKL', 'KGSP', 'KHTX', 'KFFC')","['s3://noaa-nexrad-level2/2025/03/31/KMRX/KMRX20250331_161545_V06', 's3://noaa-nexrad-level2/2025/03/31/KJKL/KJKL20250331_161835_V06', 's3://noaa-nexrad-level2/2025/03/31/KGSP/KGSP20250331_161406_V06', 's3://noaa-nexrad-level2/2025/03/31/KHTX/KHTX20250331_161615_V06', 's3://noaa-nexrad-level2/2025/03/31/KFFC/KFFC20250331_161239_V06']"
117150,F,B788,AFN UA /OV AFN/TM 1619/FL400/TP B788/TB LGT,LGT,202503311600-KMSC-UBUS01-PIREP,40000.0,42.80513,-72.00302,2025-03-31 16:19:00,1.0,U,"('KBOX', 'KGYX', 'KCXX', 'KENX', 'KOKX')","['s3://noaa-nexrad-level2/2025/03/31/KBOX/KBOX20250331_161700_V06', 's3://noaa-nexrad-level2/2025/03/31/KGYX/KGYX20250331_161518_V06', 's3://noaa-nexrad-level2/2025/03/31/KCXX/KCXX20250331_161556_V06', 's3://noaa-nexrad-level2/2025/03/31/KENX/KENX20250331_161615_V06', 's3://noaa-nexrad-level2/2025/03/31/KOKX/KOKX20250331_161239_V06']"
117151,F,C68A,IND UA /OV AZQ270020/TM 1619/FL330/TP C68A/TB LGT,LGT,202503311600-KMSC-UBUS01-PIREP,33000.0,37.39,-83.6795741769939,2025-03-31 16:19:00,1.0,U,"('KJKL', 'KMRX', 'KILN', 'KRLX', 'KLVX')","['s3://noaa-nexrad-level2/2025/03/31/KJKL/KJKL20250331_161835_V06', 's3://noaa-nexrad-level2/2025/03/31/KMRX/KMRX20250331_161545_V06', 's3://noaa-nexrad-level2/2025/03/31/KILN/KILN20250331_161852_V06', 's3://noaa-nexrad-level2/2025/03/31/KRLX/KRLX20250331_161504_V06', 's3://noaa-nexrad-level2/2025/03/31/KLVX/KLVX20250331_161602_V06']"
117152,F,BVS3,PSF UA /OV PSF/TM 1619/FL270/TP BVS3/TB LGT OCNL MOD CHOP,LGT OCNL MOD CHOP,202503311600-KMSC-UBUS01-PIREP,27000.0,42.42722,-73.28917,2025-03-31 16:19:00,2.0,U,"('KENX', 'KOKX', 'KCXX', 'KBOX', 'KBGM')","['s3://noaa-nexrad-level2/2025/03/31/KENX/KENX20250331_161615_V06', 's3://noaa-nexrad-level2/2025/03/31/KOKX/KOKX20250331_161239_V06', 's3://noaa-nexrad-level2/2025/03/31/KCXX/KCXX20250331_161556_V06', 's3://noaa-nexrad-level2/2025/03/31/KBOX/KBOX20250331_161700_V06', 's3://noaa-nexrad-level2/2025/03/31/KBGM/KBGM20250331_161310_V06']"
117153,F,A319,SFZ UA /OV PUT/TM 1619/FL360/TP A319/TB LGT OCNL MOD,LGT OCNL MOD,202503311600-KMSC-UBUS01-PIREP,36000.0,41.96,-71.84,2025-03-31 16:19:00,2.0,M,"('KBOX', 'KOKX', 'KENX', 'KGYX', 'KCXX')","['s3://noaa-nexrad-level2/2025/03/31/KBOX/KBOX20250331_161700_V06', 's3://noaa-nexrad-level2/2025/03/31/KOKX/KOKX20250331_161239_V06', 's3://noaa-nexrad-level2/2025/03/31/KENX/KENX20250331_161615_V06', 's3://noaa-nexrad-level2/2025/03/31/KGYX/KGYX20250331_161518_V06', 's3://noaa-nexrad-level2/2025/03/31/KCXX/KCXX20250331_161556_V06']"
117154,F,C25B,SLK UA /OV SLK/TM 1619/FL420/TP C25B/TB CONS LGT CHOP 360-420,CONS LGT CHOP 360-420,202503311600-KMSC-UBUS01-PIREP,42000.0,44.38531,-74.20619,2025-03-31 16:19:00,1.0,U,"('KCXX', 'KTYX', 'KENX', 'KBGM', 'KOKX')","['s3://noaa-nexrad-level2/2025/03/31/KCXX/KCXX20250331_161556_V06', 's3://noaa-nexrad-level2/2025/03/31/KTYX/KTYX20250331_161715_V06', 's3://noaa-nexrad-level2/2025/03/31/KENX/KENX20250331_161615_V06', 's3://noaa-nexrad-level2/2025/03/31/KBGM/KBGM20250331_161310_V06', 's3://noaa-nexrad-level2/2025/03/31/KOKX/KOKX20250331_161239_V06']"
117155,F,B737,FNT UA /OV FNT085030/TM 1620/FL380/TP B737/TB CONS LGT OCNL MOD,CONS LGT OCNL MOD,202503311600-KMSC-UBUS01-PIREP,38000.0,43.01025140118494,-83.06869181441995,2025-03-31 16:20:00,2.0,M,"('KDTX', 'KCLE', 'KGRR', 'KAPX', 'KIWX')","['s3://noaa-nexrad-level2/2025/03/31/KDTX/KDTX20250331_161751_V06', 's3://noaa-nexrad-level2/2025/03/31/KCLE/KCLE20250331_161510_V06', 's3://noaa-nexrad-level2/2025/03/31/KGRR/KGRR20250331_161204_V06', 's3://noaa-nexrad-level2/2025/03/31/KAPX/KAPX20250331_161531_V06', 's3://noaa-nexrad-level2/2025/03/31/KIWX/KIWX20250331_161732_V06']"
117156,F,A321,SDF UA /OV EWO270010/TM 1620/FL370/TP A321/TB MOD CHOP 370/RM ZME,MOD CHOP 370,202503311600-KMSC-UBUS01-PIREP,37000.0,37.63,-85.8904627111065,2025-03-31 16:20:00,3.0,M,"('KLVX', 'KOHX', 'KHPX', 'KVWX', 'KIND')","['s3://noaa-nexrad-level2/2025/03/31/KLVX/KLVX20250331_161602_V06', 's3://noaa-nexrad-level2/2025/03/31/KOHX/KOHX20250331_161605_V06', 's3://noaa-nexrad-level2/2025/03/31/KHPX/KHPX20250331_161847_V06', 's3://noaa-nexrad-level2/2025/03/31/KVWX/KVWX20250331_161852_V06', 's3://noaa-nexrad-level2/2025/03/31/KIND/KIND20250331_161542_V06']"
117157,F,A321,GSO UA /OV GSO210040/TM 1621/FL320/TP A321/TB NEG CHOP/RM ZTLFD-33,NEG CHOP,202503311600-KMSC-UBUS01-PIREP,32000.0,35.5201029653918,-80.35617670885698,2025-03-31 16:21:00,0.0,M,"('KFCX', 'KCAE', 'KRAX', 'KGSP', 'KLTX')","['s3://noaa-nexrad-level2/2025/03/31/KFCX/KFCX20250331_161844_V06', 's3://noaa-nexrad-level2/2025/03/31/KCAE/KCAE20250331_161906_V06', 's3://noaa-nexrad-level2/2025/03/31/KRAX/KRAX20250331_161651_V06', 's3://noaa-nexrad-level2/2025/03/31/KGSP/KGSP20250331_161904_V06', 's3://noaa-nexrad-level2/2025/03/31/KLTX/KLTX20250331_161922_V06']"
117158,F,B738,HFD UA /OV HFD090040/TM 1621/FL360/TP B738/TB LGT MOD,LGT MOD,202503311600-KMSC-UBUS01-PIREP,36000.0,41.73672,-71.755966106367,2025-03-31 16:21:00,2.0,M,"('KBOX', 'KOKX', 'KENX', 'KGYX', 'KCXX')","['s3://noaa-nexrad-level2/2025/03/31/KBOX/KBOX20250331_161700_V06', 's3://noaa-nexrad-level2/2025/03/31/KOKX/KOKX20250331_161239_V06', 's3://noaa-nexrad-level2/2025/03/31/KENX/KENX20250331_162042_V06', 's3://noaa-nexrad-level2/2025/03/31/KGYX/KGYX20250331_161950_V06', 's3://noaa-nexrad-level2/2025/03/31/KCXX/KCXX20250331_162044_V06']"
117159,F,A339,JFK UA /OV JFK130050/TM 1621/FL380/TP A339/TB MOD,MOD,202503311600-KMSC-UBUS01-PIREP,38000.0,40.10291027038751,-72.92089863334091,2025-03-31 16:21:00,3.0,U,"('KOKX', 'KDIX', 'KBOX', 'KENX', 'KDOX')","['s3://noaa-nexrad-level2/2025/03/31/KOKX/KOKX20250331_161239_V06', 's3://noaa-nexrad-level2/2025/03/31/KDIX/KDIX20250331_161855_V06', 's3://noaa-nexrad-level2/2025/03/31/KBOX/KBOX20250331_161700_V06', 's3://noaa-nexrad-level2/2025/03/31/KENX/KENX20250331_162042_V06', 's3://noaa-nexrad-level2/2025/03/31/KDOX/KDOX20250331_161959_V06']"
117160,F,C182,CRS UA /OV CRS /TM 1622 /FL091 /TP C182 /SK BKNUNKN /WX FV05SM /WV 00000KT /TB NEG,NEG,202503311600-KMSC-UBUS01-PIREP,9100.0,32.03,-96.4,2025-03-31 16:22:00,0.0,L,"('KFWS', 'KGRK', 'KSHV', 'KEWX', 'KHGX')","['s3://noaa-nexrad-level2/2025/03/31/KFWS/KFWS20250331_161900_V06', 's3://noaa-nexrad-level2/2025/03/31/KGRK/KGRK20250331_161651_V06', 's3://noaa-nexrad-level2/2025/03/31/KSHV/KSHV20250331_161536_V06', 's3://noaa-nexrad-level2/2025/03/31/KEWX/KEWX20250331_161540_V06', 's3://noaa-nexrad-level2/2025/03/31/KHGX/KHGX20250331_161921_V06']"
117161,F,B38M,DNL UA /OV IRQ180030/TM 1623/FL410/TP B38M/TB OCNL MOD CHOP/RM ZTLFD-23,OCNL MOD CHOP,202503311600-KMSC-UBUS01-PIREP,41000.0,33.2099594999595,-82.16,2025-03-31 16:23:00,3.0,U,"('KCLX', 'KCAE', 'KJGX', 'KGSP', 'KFFC')","['s3://noaa-nexrad-level2/2025/03/31/KCAE/KCAE20250331_162221_V06', 's3://noaa-nexrad-level2/2025/03/31/KJGX/KJGX20250331_162119_V06', 's3://noaa-nexrad-level2/2025/03/31/KGSP/KGSP20250331_161904_V06', 's3://noaa-nexrad-level2/2025/03/31/KFFC/KFFC20250331_161933_V06']"
117162,F,B772,FIT UA /OV GDM/TM 1623/FL380/TP B772/TB LGT OCNL MOD/IC XXX,LGT OCNL MOD,202503311600-KMSC-UBUS01-PIREP,38000.0,42.54,-72.01,2025-03-31 16:23:00,2.0,H,"('KBOX', 'KOKX', 'KENX', 'KGYX', 'KCXX')","['s3://noaa-nexrad-level2/2025/03/31/KBOX/KBOX20250331_162130_V06', 's3://noaa-nexrad-level2/2025/03/31/KOKX/KOKX20250331_162103_V06', 's3://noaa-nexrad-level2/2025/03/31/KENX/KENX20250331_162042_V06', 's3://noaa-nexrad-level2/2025/03/31/KGYX/KGYX20250331_161950_V06', 's3://noaa-nexrad-level2/2025/03/31/KCXX/KCXX20250331_162044_V06']"
117163,F,C280,CHA UA /OV GQO142044/TM 1624/FL450/TP C280/TB CONS LGT OCNL MOD/RM ZTLFD-36,CONS LGT OCNL MOD,202503311600-KMSC-UBUS01-PIREP,45000.0,34.3820786394695,-84.59906302481764,2025-03-31 16:24:00,2.0,U,"('KFFC', 'KHTX', 'KJGX', 'KMRX', 'KMXX')","['s3://noaa-nexrad-level2/2025/03/31/KFFC/KFFC20250331_161933_V06', 's3://noaa-nexrad-level2/2025/03/31/KHTX/KHTX20250331_162131_V06', 's3://noaa-nexrad-level2/2025/03/31/KJGX/KJGX20250331_162119_V06', 's3://noaa-nexrad-level2/2025/03/31/KMRX/KMRX20250331_162009_V06', 's3://noaa-nexrad-level2/2025/03/31/KMXX/KMXX20250331_162214_V06']"
117164,F,E170,CIN UA /OV CIN/TM 1624/FL320/TP E170/TB OCNL LGT CHOP,OCNL LGT CHOP,202503311600-KMSC-UBUS01-PIREP,32000.0,42.0443611111,-94.7888805556,2025-03-31 16:24:00,1.0,U,"('KDMX', 'KOAX', 'KFSD', 'KMPX', 'KEAX')","['s3://noaa-nexrad-level2/2025/03/31/KDMX/KDMX20250331_161722_V06', 's3://noaa-nexrad-level2/2025/03/31/KOAX/KOAX20250331_162302_V06', 's3://noaa-nexrad-level2/2025/03/31/KFSD/KFSD20250331_162348_V06', 's3://noaa-nexrad-level2/2025/03/31/KMPX/KMPX20250331_161637_V06', 's3://noaa-nexrad-level2/2025/03/31/KEAX/KEAX20250331_162326_V06']"
117165,F,CRJ9,DTW UA /OV BRDER/TM 1625/FL030/TP CRJ9/SK BASES 035/WX IMC@045/WV 316015/TB NEG/IC NEG/RM DURD,NEG,202503311600-KMSC-UBUS01-PIREP,3000.0,46.40472,-94.13083,2025-03-31 16:25:00,0.0,U,"('KMPX', 'KDLH', 'KMVX', 'KFSD', 'KARX')","['s3://noaa-nexrad-level2/2025/03/31/KMPX/KMPX20250331_161637_V06', 's3://noaa-nexrad-level2/2025/03/31/KDLH/KDLH20250331_162414_V06', 's3://noaa-nexrad-level2/2025/03/31/KMVX/KMVX20250331_162000_V06', 's3://noaa-nexrad-level2/2025/03/31/KFSD/KFSD20250331_162348_V06', 's3://noaa-nexrad-level2/2025/03/31/KARX/KARX20250331_162111_V06']"
117166,F,A321,LAS UA /OV LAS210008/TM 1625/FL090/TP A321/TB MOD/RM NNITZ4 DEPT. KLAS BELOW 090,MOD,202503311600-KMSC-UBUS01-PIREP,9000.0,35.95642059307836,-115.24588647711344,2025-03-31 16:25:00,3.0,M,"('KESX', 'KEYX', 'KICX', 'KSOX', 'KYUX')","['s3://noaa-nexrad-level2/2025/03/31/KESX/KESX20250331_162109_V06', 's3://noaa-nexrad-level2/2025/03/31/KEYX/KEYX20250331_162214_V06', 's3://noaa-nexrad-level2/2025/03/31/KICX/KICX20250331_161911_V06', 's3://noaa-nexrad-level2/2025/03/31/KSOX/KSOX20250331_162225_V06', 's3://noaa-nexrad-level2/2025/03/31/KYUX/KYUX20250331_161631_V06']"
117167,F,B763,AUG UA /OV BXM/TM 1627/FL360/TP B763/TB LGT MOD CHOP 360,LGT MOD CHOP 360,202503311600-KMSC-UBUS01-PIREP,36000.0,43.8923,-69.93882,2025-03-31 16:27:00,2.0,H,"('KGYX', 'KBOX', 'KCBW', 'KCXX', 'KOKX')","['s3://noaa-nexrad-level2/2025/03/31/KGYX/KGYX20250331_162421_V06', 's3://noaa-nexrad-level2/2025/03/31/KBOX/KBOX20250331_162559_V06', 's3://noaa-nexrad-level2/2025/03/31/KCBW/KCBW20250331_162243_V06', 's3://noaa-nexrad-level2/2025/03/31/KCXX/KCXX20250331_162519_V06', 's3://noaa-nexrad-level2/2025/03/31/KOKX/KOKX20250331_162103_V06']"
117168,F,A320,BNA UA /OV BNA360030/TM 1627/FL270/TP A320/TB OCNL LGT CHOP/RM ZME,OCNL LGT CHOP,202503311600-KMSC-UBUS01-PIREP,27000.0,36.6189305000405,-86.68917,2025-03-31 16:27:00,1.0,M,"('KOHX', 'KHPX', 'KLVX', 'KHTX', 'KVWX')","['s3://noaa-nexrad-level2/2025/03/31/KOHX/KOHX20250331_162433_V06', 's3://noaa-nexrad-level2/2025/03/31/KHPX/KHPX20250331_162553_V06', 's3://noaa-nexrad-level2/2025/03/31/KLVX/KLVX20250331_162247_V06', 's3://noaa-nexrad-level2/2025/03/31/KHTX/KHTX20250331_162636_V06', 's3://noaa-nexrad-level2/2025/03/31/KVWX/KVWX20250331_162558_V06']"
117169,F,E75L,INW UA /OV INW080030/TM 1627/FL300/TP E75L/TB MOD CHOP/RM ZAB/FDCS,MOD CHOP,202503311600-KMSC-UBUS01-PIREP,30000.0,35.108751121591695,-110.12120604156004,2025-03-31 16:27:00,3.0,U,"('KFSX', 'KFSX', 'KIWA', 'KEMX', 'KABX')","['s3://noaa-nexrad-level2/2025/03/31/KFSX/KFSX20250331_162513_V06', 's3://noaa-nexrad-level2/2025/03/31/KFSX/KFSX20250331_162513_V06', 's3://noaa-nexrad-level2/2025/03/31/KIWA/KIWA20250331_161826_V06', 's3://noaa-nexrad-level2/2025/03/31/KEMX/KEMX20250331_162323_V06', 's3://noaa-nexrad-level2/2025/03/31/KABX/KABX20250331_162125_V06']"
117170,F,B737,1A5 UA /OV ODF/TM 1627/FL390/TP B737/TB OCNL MOD CHOP/RM ZTLFD-40,OCNL MOD CHOP,202503311600-KMSC-UBUS01-PIREP,39000.0,34.7,-83.3,2025-03-31 16:27:00,3.0,M,"('KGSP', 'KMRX', 'KFFC', 'KJGX', 'KCAE')","['s3://noaa-nexrad-level2/2025/03/31/KGSP/KGSP20250331_162356_V06', 's3://noaa-nexrad-level2/2025/03/31/KMRX/KMRX20250331_162454_V06', 's3://noaa-nexrad-level2/2025/03/31/KFFC/KFFC20250331_162628_V06', 's3://noaa-nexrad-level2/2025/03/31/KJGX/KJGX20250331_162638_V06', 's3://noaa-nexrad-level2/2025/03/31/KCAE/KCAE20250331_162536_V06']"
117171,F,B737,AVL UA /OV SUG040020/TM 1627/FL330/TP B737/TB OCNL LGT CHOP/RM ZTLFD-42,OCNL LGT CHOP,202503311600-KMSC-UBUS01-PIREP,33000.0,35.66536883092697,-82.00708849392505,2025-03-31 16:27:00,1.0,M,"('KGSP', 'KMRX', 'KCAE', 'KFCX', 'KJKL')","['s3://noaa-nexrad-level2/2025/03/31/KGSP/KGSP20250331_162356_V06', 's3://noaa-nexrad-level2/2025/03/31/KMRX/KMRX20250331_162454_V06', 's3://noaa-nexrad-level2/2025/03/31/KCAE/KCAE20250331_162536_V06', 's3://noaa-nexrad-level2/2025/03/31/KFCX/KFCX20250331_162656_V06', 's3://noaa-nexrad-level2/2025/03/31/KJKL/KJKL20250331_162657_V06']"
117172,F,B788,GFL UA /OV GFL210015/TM 1628/FL400/TP B788/TB LGT MOD,LGT MOD,202503311600-KMSC-UBUS01-PIREP,40000.0,43.12469611202193,-73.78219739807356,2025-03-31 16:28:00,2.0,U,"('KENX', 'KCXX', 'KTYX', 'KBGM', 'KOKX')","['s3://noaa-nexrad-level2/2025/03/31/KENX/KENX20250331_162513_V06', 's3://noaa-nexrad-level2/2025/03/31/KCXX/KCXX20250331_162519_V06', 's3://noaa-nexrad-level2/2025/03/31/KTYX/KTYX20250331_162624_V06', 's3://noaa-nexrad-level2/2025/03/31/KBGM/KBGM20250331_162726_V06', 's3://noaa-nexrad-level2/2025/03/31/KOKX/KOKX20250331_162103_V06']"
117173,F,A319,ATL UA /OV CTF300020/TM 1628/FL390/TP A319/TB LGT-MOD CHOP/RM ZTLFD-28,LGT-MOD CHOP,202503311600-KMSC-UBUS01-PIREP,39000.0,34.816680166680165,-80.6209412811305,2025-03-31 16:28:00,2.0,M,"('KCAE', 'KGSP', 'KCLX', 'KFCX', 'KRAX')","['s3://noaa-nexrad-level2/2025/03/31/KCAE/KCAE20250331_162536_V06', 's3://noaa-nexrad-level2/2025/03/31/KGSP/KGSP20250331_162356_V06', 's3://noaa-nexrad-level2/2025/03/31/KFCX/KFCX20250331_162656_V06', 's3://noaa-nexrad-level2/2025/03/31/KRAX/KRAX20250331_162537_V06']"
117174,F,E295,SBY UA /OV SWL/TM 1628/FL340/TP E295/TB CONS MOD,CONS MOD,202503311600-KMSC-UBUS01-PIREP,34000.0,38.06,-75.46,2025-03-31 16:28:00,3.0,U,"('KDOX', 'KAKQ', 'KDIX', 'KLWX', 'KMHX')","['s3://noaa-nexrad-level2/2025/03/31/KDOX/KDOX20250331_161959_V06', 's3://noaa-nexrad-level2/2025/03/31/KAKQ/KAKQ20250331_162325_V06', 's3://noaa-nexrad-level2/2025/03/31/KDIX/KDIX20250331_162548_V06', 's3://noaa-nexrad-level2/2025/03/31/KLWX/KLWX20250331_162607_V06', 's3://noaa-nexrad-level2/2025/03/31/KMHX/KMHX20250331_162705_V06']"
117175,F,B737,BNA UA /OV BNA180020/TM 1629/FL340/TP B737/TB CONS LGT CHOP/RM ZME,CONS LGT CHOP,202503311600-KMSC-UBUS01-PIREP,34000.0,35.78552966663967,-86.68917,2025-03-31 16:29:00,1.0,M,"('KOHX', 'KHTX', 'KHPX', 'KLVX', 'KPAH')","['s3://noaa-nexrad-level2/2025/03/31/KOHX/KOHX20250331_162852_V06', 's3://noaa-nexrad-level2/2025/03/31/KHTX/KHTX20250331_162636_V06', 's3://noaa-nexrad-level2/2025/03/31/KHPX/KHPX20250331_162553_V06', 's3://noaa-nexrad-level2/2025/03/31/KLVX/KLVX20250331_162247_V06', 's3://noaa-nexrad-level2/2025/03/31/KPAH/KPAH20250331_162747_V06']"
117176,F,BE33,SEZ UA /OV KIWA-SEZ /TM 1629 /FL075 /TP BE33 /SK SKC /TB NEG /RM DURD TB MOD PATTERN DW RY21,NEG,202503311600-KMSC-UBUS01-PIREP,7500.0,34.07820665,-111.7219572,2025-03-31 16:29:00,0.0,L,"('KFSX', 'KFSX', 'KIWA', 'KEMX', 'KYUX')","['s3://noaa-nexrad-level2/2025/03/31/KFSX/KFSX20250331_162513_V06', 's3://noaa-nexrad-level2/2025/03/31/KFSX/KFSX20250331_162513_V06', 's3://noaa-nexrad-level2/2025/03/31/KIWA/KIWA20250331_162713_V06', 's3://noaa-nexrad-level2/2025/03/31/KEMX/KEMX20250331_162323_V06', 's3://noaa-nexrad-level2/2025/03/31/KYUX/KYUX20250331_162512_V06']"
117177,F,BE40,BNA UA /OV BNA270030/TM 1630/FL410/TP BE40/TB CONS MOD CHOP/RM ZME,CONS MOD CHOP,202503311600-KMSC-UBUS01-PIREP,41000.0,36.11889,-87.30818860885368,2025-03-31 16:30:00,3.0,M,"('KHPX', 'KOHX', 'KHTX', 'KPAH', 'KVWX')","['s3://noaa-nexrad-level2/2025/03/31/KHPX/KHPX20250331_162553_V06', 's3://noaa-nexrad-level2/2025/03/31/KOHX/KOHX20250331_162852_V06', 's3://noaa-nexrad-level2/2025/03/31/KHTX/KHTX20250331_162636_V06', 's3://noaa-nexrad-level2/2025/03/31/KPAH/KPAH20250331_162747_V06', 's3://noaa-nexrad-level2/2025/03/31/KVWX/KVWX20250331_162558_V06']"
117178,F,B737,MEI UA /OV MEI/TM 1630/FL320/TP B737/TB CONS MOD DURD 320-220/RM ZME,CONS MOD DURD 320-220,202503311600-KMSC-UBUS01-PIREP,32000.0,32.33475,-88.75107,2025-03-31 16:30:00,3.0,M,"('KDGX', 'KGWX', 'KMOB', 'KBMX', 'KLIX')","['s3://noaa-nexrad-level2/2025/03/31/KDGX/KDGX20250331_162618_V06', 's3://noaa-nexrad-level2/2025/03/31/KGWX/KGWX20250331_162740_V06', 's3://noaa-nexrad-level2/2025/03/31/KMOB/KMOB20250331_162806_V06', 's3://noaa-nexrad-level2/2025/03/31/KBMX/KBMX20250331_162838_V06']"
117179,F,B737,FMN UA /OV RSK/TM 1630/FL390/TP B737/TB OCNL LGT CHOP/RM ZDVWC-,OCNL LGT CHOP,202503311600-KMSC-UBUS01-PIREP,39000.0,36.75,-108.1,2025-03-31 16:30:00,1.0,M,"('KABX', 'KGJX', 'KFSX', 'KFSX', 'KHDX')","['s3://noaa-nexrad-level2/2025/03/31/KABX/KABX20250331_162833_V06', 's3://noaa-nexrad-level2/2025/03/31/KGJX/KGJX20250331_162521_V06', 's3://noaa-nexrad-level2/2025/03/31/KFSX/KFSX20250331_162513_V06', 's3://noaa-nexrad-level2/2025/03/31/KFSX/KFSX20250331_162513_V06', 's3://noaa-nexrad-level2/2025/03/31/KHDX/KHDX20250331_162636_V06']"
117180,F,B737,FMN UA /OV RSK/TM 1630/FL350/TP B737/TB LGT CONS/RM ZDVWC-37,LGT CONS,202503311600-KMSC-UBUS01-PIREP,35000.0,36.75,-108.1,2025-03-31 16:30:00,1.0,M,"('KABX', 'KGJX', 'KFSX', 'KFSX', 'KHDX')","['s3://noaa-nexrad-level2/2025/03/31/KABX/KABX20250331_162833_V06', 's3://noaa-nexrad-level2/2025/03/31/KGJX/KGJX20250331_162521_V06', 's3://noaa-nexrad-level2/2025/03/31/KFSX/KFSX20250331_162513_V06', 's3://noaa-nexrad-level2/2025/03/31/KFSX/KFSX20250331_162513_V06', 's3://noaa-nexrad-level2/2025/03/31/KHDX/KHDX20250331_162636_V06']"
117181,F,A321,OMA UA /OV OMA/TM 1630/FL320/TP A321/TB OCNL LGT-MOD CHOP,OCNL LGT-MOD CHOP,202503311600-KMSC-UBUS01-PIREP,32000.0,41.31028,-95.89917,2025-03-31 16:30:00,2.0,M,"('KOAX', 'KDMX', 'KTWX', 'KFSD', 'KUEX')","['s3://noaa-nexrad-level2/2025/03/31/KOAX/KOAX20250331_162948_V06', 's3://noaa-nexrad-level2/2025/03/31/KDMX/KDMX20250331_162421_V06', 's3://noaa-nexrad-level2/2025/03/31/KTWX/KTWX20250331_162550_V06', 's3://noaa-nexrad-level2/2025/03/31/KFSD/KFSD20250331_162348_V06', 's3://noaa-nexrad-level2/2025/03/31/KUEX/KUEX20250331_162452_V06']"
117182,F,B737,FMN UA /OV RSK/TM 1630/FL390/TP B737/TB OCNL LGT CHOP/RM ZDVWC,OCNL LGT CHOP,202503311640-KWBC-UBUS31-PRCUS,39000.0,36.75,-108.1,2025-03-31 16:30:00,1.0,M,"('KABX', 'KGJX', 'KFSX', 'KFSX', 'KHDX')","['s3://noaa-nexrad-level2/2025/03/31/KABX/KABX20250331_162833_V06', 's3://noaa-nexrad-level2/2025/03/31/KGJX/KGJX20250331_162521_V06', 's3://noaa-nexrad-level2/2025/03/31/KFSX/KFSX20250331_162513_V06', 's3://noaa-nexrad-level2/2025/03/31/KFSX/KFSX20250331_162513_V06', 's3://noaa-nexrad-level2/2025/03/31/KHDX/KHDX20250331_162636_V06']"
117183,F,E190,HVN UA /OV HVN/TM 1631/FL230/TP E190/TB OCNL LGT CHOP/RM DURD 270-230,OCNL LGT CHOP,202503311600-KMSC-UBUS01-PIREP,23000.0,41.26375,-72.88681,2025-03-31 16:31:00,1.0,U,"('KOKX', 'KENX', 'KBOX', 'KDIX', 'KBGM')","['s3://noaa-nexrad-level2/2025/03/31/KOKX/KOKX20250331_162923_V06', 's3://noaa-nexrad-level2/2025/03/31/KENX/KENX20250331_162939_V06', 's3://noaa-nexrad-level2/2025/03/31/KBOX/KBOX20250331_163029_V06', 's3://noaa-nexrad-level2/2025/03/31/KDIX/KDIX20250331_162548_V06', 's3://noaa-nexrad-level2/2025/03/31/KBGM/KBGM20250331_162726_V06']"
117184,F,B737,TRI UA /OV HMV/TM 1631/FL350/TP B737/TB CONS LGT CHOP/RM ZTLFD-18,CONS LGT CHOP,202503311600-KMSC-UBUS01-PIREP,35000.0,36.44,-82.13,2025-03-31 16:31:00,1.0,M,"('KMRX', 'KGSP', 'KJKL', 'KRLX', 'KFCX')","['s3://noaa-nexrad-level2/2025/03/31/KMRX/KMRX20250331_162939_V06', 's3://noaa-nexrad-level2/2025/03/31/KGSP/KGSP20250331_162848_V06', 's3://noaa-nexrad-level2/2025/03/31/KJKL/KJKL20250331_162657_V06', 's3://noaa-nexrad-level2/2025/03/31/KRLX/KRLX20250331_162320_V06', 's3://noaa-nexrad-level2/2025/03/31/KFCX/KFCX20250331_162656_V06']"
117185,F,C208,OTZ UA /OV OTZ-WLK /TM 1631 /FL050 /TP C208 /TA M07 /TB NEG /ICLGT MX /RM (AKFSS),NEG,202503311600-KMSC-UBUS01-PIREP,5000.0,66.74,-161.285,2025-03-31 16:31:00,0.0,L,"('PAEC', 'PABC', 'PAKC', 'PAHG', 'PAPD')","['s3://noaa-nexrad-level2/2025/03/31/PAEC/PAEC20250331_163039_V06', 's3://noaa-nexrad-level2/2025/03/31/PAKC/PAKC20250331_162732_V06', 's3://noaa-nexrad-level2/2025/03/31/PAHG/PAHG20250331_162523_V06', 's3://noaa-nexrad-level2/2025/03/31/PAPD/PAPD20250331_162827_V06']"
117186,F,C208,OTZ UA /OV OTZ-WLK /TM 1631 /FL050 /TP C208 /TA M07 /TB NEG /IC LGT MX /RM (AKFSS,NEG,202503311635-KWBC-UBUS31-PRCUS,5000.0,66.74,-161.285,2025-03-31 16:31:00,0.0,L,"('PAEC', 'PABC', 'PAKC', 'PAHG', 'PAPD')","['s3://noaa-nexrad-level2/2025/03/31/PAEC/PAEC20250331_163039_V06', 's3://noaa-nexrad-level2/2025/03/31/PAKC/PAKC20250331_162732_V06', 's3://noaa-nexrad-level2/2025/03/31/PAHG/PAHG20250331_162523_V06', 's3://noaa-nexrad-level2/2025/03/31/PAPD/PAPD20250331_162827_V06']"
117187,F,CRJ7,HKY UA /OV BZM330020/TM 1632/FL170/TP CRJ7/SK SKC/TB NEG/RM SMOOTH DURD ZTLFD-44,NEG,202503311600-KMSC-UBUS01-PIREP,17000.0,36.158698517304096,-81.44568947277503,2025-03-31 16:32:00,0.0,M,"('KFCX', 'KGSP', 'KMRX', 'KRLX', 'KCAE')","['s3://noaa-nexrad-level2/2025/03/31/KFCX/KFCX20250331_162656_V06', 's3://noaa-nexrad-level2/2025/03/31/KGSP/KGSP20250331_162848_V06', 's3://noaa-nexrad-level2/2025/03/31/KMRX/KMRX20250331_162939_V06', 's3://noaa-nexrad-level2/2025/03/31/KRLX/KRLX20250331_163136_V06', 's3://noaa-nexrad-level2/2025/03/31/KCAE/KCAE20250331_162851_V06']"
117188,F,A350,TTN UA /OV RBV/TM 1633/FL360/TP A350/TB LGT-MOD CHOP,LGT-MOD CHOP,202503311600-KMSC-UBUS01-PIREP,36000.0,40.2,-74.5,2025-03-31 16:33:00,2.0,H,"('KDIX', 'KDOX', 'KOKX', 'KENX', 'KBGM')","['s3://noaa-nexrad-level2/2025/03/31/KDIX/KDIX20250331_163252_V06', 's3://noaa-nexrad-level2/2025/03/31/KDOX/KDOX20250331_162813_V06', 's3://noaa-nexrad-level2/2025/03/31/KOKX/KOKX20250331_162923_V06', 's3://noaa-nexrad-level2/2025/03/31/KENX/KENX20250331_162939_V06', 's3://noaa-nexrad-level2/2025/03/31/KBGM/KBGM20250331_162726_V06']"
117189,F,A320,DNV UA /OV DNV/TM 1633/FL320/TP A320/TB LGT-MOD CHOP 300-320,LGT-MOD CHOP 300-320,202503311600-KMSC-UBUS01-PIREP,32000.0,40.1997,-87.59552,2025-03-31 16:33:00,2.0,M,"('KIND', 'KLOT', 'KILX', 'KVWX', 'KIWX')","['s3://noaa-nexrad-level2/2025/03/31/KIND/KIND20250331_162943_V06', 's3://noaa-nexrad-level2/2025/03/31/KLOT/KLOT20250331_162331_V06', 's3://noaa-nexrad-level2/2025/03/31/KILX/KILX20250331_162906_V06', 's3://noaa-nexrad-level2/2025/03/31/KVWX/KVWX20250331_162558_V06', 's3://noaa-nexrad-level2/2025/03/31/KIWX/KIWX20250331_162601_V06']"
117190,F,A321,DTW UA /OV DXO 350010/TM 1633/FL055/TP A321/SK B032 T045/TB NEG/IC NEG,NEG,202503311600-KMSC-UBUS01-PIREP,5500.0,42.37414792041999,-83.4090768214001,2025-03-31 16:33:00,0.0,M,"('KDTX', 'KCLE', 'KGRR', 'KIWX', 'KAPX')","['s3://noaa-nexrad-level2/2025/03/31/KDTX/KDTX20250331_163125_V06', 's3://noaa-nexrad-level2/2025/03/31/KCLE/KCLE20250331_162853_V06', 's3://noaa-nexrad-level2/2025/03/31/KGRR/KGRR20250331_162845_V06', 's3://noaa-nexrad-level2/2025/03/31/KIWX/KIWX20250331_162601_V06', 's3://noaa-nexrad-level2/2025/03/31/KAPX/KAPX20250331_162913_V06']"
117191,F,SF50,AHN UA /OV AHN340015/TM 1634/FL170/TP SF50/TB NEG/RM ZTLFD-16,NEG,202503311600-KMSC-UBUS01-PIREP,17000.0,34.18354218399108,-83.42943372848379,2025-03-31 16:34:00,0.0,U,"('KGSP', 'KFFC', 'KJGX', 'KMRX', 'KCAE')","['s3://noaa-nexrad-level2/2025/03/31/KGSP/KGSP20250331_162848_V06', 's3://noaa-nexrad-level2/2025/03/31/KFFC/KFFC20250331_163323_V06', 's3://noaa-nexrad-level2/2025/03/31/KJGX/KJGX20250331_163141_V06', 's3://noaa-nexrad-level2/2025/03/31/KMRX/KMRX20250331_162939_V06', 's3://noaa-nexrad-level2/2025/03/31/KCAE/KCAE20250331_163228_V06']"
117192,F,C208,TXK UA /OV TXK265028/TM 1634/FL180/TP C208/TB MOD CHOP/RM ZFW,MOD CHOP,202503311600-KMSC-UBUS01-PIREP,18000.0,33.41304402556072,-94.54827683459,2025-03-31 16:34:00,3.0,L,"('KSHV', 'KSRX', 'KLZK', 'KPOE', 'KFWS')","['s3://noaa-nexrad-level2/2025/03/31/KSHV/KSHV20250331_163258_V06', 's3://noaa-nexrad-level2/2025/03/31/KSRX/KSRX20250331_162605_V06', 's3://noaa-nexrad-level2/2025/03/31/KLZK/KLZK20250331_163107_V06', 's3://noaa-nexrad-level2/2025/03/31/KPOE/KPOE20250331_162827_V06', 's3://noaa-nexrad-level2/2025/03/31/KFWS/KFWS20250331_163304_V06']"
117193,F,C68A,MYGF UA /OV ZFP280010/TM 1634/FL160/TP C68A/TB NEG,NEG,202503311600-KMSC-UBUS01-PIREP,16000.0,26.528943707197232,-78.96341894943687,2025-03-31 16:34:00,0.0,U,"('KAMX', 'KAMX', 'KMLB', 'KBYX', 'KTBW')","['s3://noaa-nexrad-level2/2025/03/31/KAMX/KAMX20250331_163055_V06', 's3://noaa-nexrad-level2/2025/03/31/KAMX/KAMX20250331_163055_V06', 's3://noaa-nexrad-level2/2025/03/31/KMLB/KMLB20250331_163211_V06', 's3://noaa-nexrad-level2/2025/03/31/KBYX/KBYX20250331_163132_V06', 's3://noaa-nexrad-level2/2025/03/31/KTBW/KTBW20250331_162739_V06']"
117194,F,MULT,DTW UA /OV CRL/TM 1634/FL320/TP MULT/TB LGT-MOD CAT,LGT-MOD CAT,202503311600-KMSC-UBUS01-PIREP,32000.0,42.05,-83.46,2025-03-31 16:34:00,2.0,U,"('KDTX', 'KCLE', 'KGRR', 'KIWX', 'KILN')","['s3://noaa-nexrad-level2/2025/03/31/KDTX/KDTX20250331_163125_V06', 's3://noaa-nexrad-level2/2025/03/31/KCLE/KCLE20250331_162853_V06', 's3://noaa-nexrad-level2/2025/03/31/KGRR/KGRR20250331_162845_V06', 's3://noaa-nexrad-level2/2025/03/31/KIWX/KIWX20250331_162601_V06', 's3://noaa-nexrad-level2/2025/03/31/KILN/KILN20250331_162947_V06']"
117195,F,CRJ,MDT UA /OV 10 SW MDT/TM 1635/FL085/TP CRJ/SK TOPS 080 BASES 050/TB OCNL MOD,OCNL MOD,202503311600-KMSC-UBUS01-PIREP,8500.0,40.07574932385115,-76.9176245570123,2025-03-31 16:35:00,3.0,M,"('KLWX', 'KCCX', 'KDOX', 'KBGM', 'KDIX')","['s3://noaa-nexrad-level2/2025/03/31/KLWX/KLWX20250331_163039_V06', 's3://noaa-nexrad-level2/2025/03/31/KCCX/KCCX20250331_163356_V06', 's3://noaa-nexrad-level2/2025/03/31/KDOX/KDOX20250331_162813_V06', 's3://noaa-nexrad-level2/2025/03/31/KBGM/KBGM20250331_163435_V06', 's3://noaa-nexrad-level2/2025/03/31/KDIX/KDIX20250331_163252_V06']"
117196,F,E295,LAS UA /OV LEELN/TM 1635/FL060/TP E295/TB MOD/RM GIDGT2 DEPARTURE KLAS. MOD TB 060-115,MOD,202503311600-KMSC-UBUS01-PIREP,6000.0,28.82,-81.81,2025-03-31 16:35:00,3.0,U,"('KTBW', 'KMLB', 'KJAX', 'KVAX', 'KTLH')","['s3://noaa-nexrad-level2/2025/03/31/KTBW/KTBW20250331_163444_V06', 's3://noaa-nexrad-level2/2025/03/31/KMLB/KMLB20250331_163211_V06', 's3://noaa-nexrad-level2/2025/03/31/KJAX/KJAX20250331_163259_V06', 's3://noaa-nexrad-level2/2025/03/31/KTLH/KTLH20250331_163129_V06']"
117197,F,CRJ7,ORD UA /OV ORD270020/TM 1635/FL070/TP CRJ7/WX VMC/TB NEG,NEG,202503311600-KMSC-UBUS01-PIREP,7000.0,41.98754,-88.38042276696784,2025-03-31 16:35:00,0.0,M,"('KLOT', 'KMKX', 'KILX', 'KDVN', 'KGRB')","['s3://noaa-nexrad-level2/2025/03/31/KLOT/KLOT20250331_163315_V06', 's3://noaa-nexrad-level2/2025/03/31/KMKX/KMKX20250331_163032_V06', 's3://noaa-nexrad-level2/2025/03/31/KILX/KILX20250331_162906_V06', 's3://noaa-nexrad-level2/2025/03/31/KDVN/KDVN20250331_163324_V06', 's3://noaa-nexrad-level2/2025/03/31/KGRB/KGRB20250331_163239_V06']"
117198,F,B753,PUB UA /OV PUB/TM 1635/FL340/TP B753/TB OCNL LGT CHOP/RM ZDVWC-29,OCNL LGT CHOP,202503311600-KMSC-UBUS01-PIREP,34000.0,38.29,-104.49833,2025-03-31 16:35:00,1.0,M,"('KPUX', 'KFTG', 'KCYS', 'KGLD', 'KFDX')","['s3://noaa-nexrad-level2/2025/03/31/KPUX/KPUX20250331_162843_V06', 's3://noaa-nexrad-level2/2025/03/31/KFTG/KFTG20250331_163111_V06', 's3://noaa-nexrad-level2/2025/03/31/KCYS/KCYS20250331_163453_V06', 's3://noaa-nexrad-level2/2025/03/31/KGLD/KGLD20250331_163204_V06', 's3://noaa-nexrad-level2/2025/03/31/KFDX/KFDX20250331_163249_V06']"
117199,F,A321,1A5 UA /OV ODF240020/TM 1636/FL170/TP A321/TB NEG/IC NEG/RM ZTLFD-49,NEG,202503311600-KMSC-UBUS01-PIREP,17000.0,34.53331983331984,-83.65115320782736,2025-03-31 16:36:00,0.0,M,"('KGSP', 'KFFC', 'KMRX', 'KJGX', 'KHTX')","['s3://noaa-nexrad-level2/2025/03/31/KGSP/KGSP20250331_163402_V06', 's3://noaa-nexrad-level2/2025/03/31/KFFC/KFFC20250331_163323_V06', 's3://noaa-nexrad-level2/2025/03/31/KMRX/KMRX20250331_163424_V06', 's3://noaa-nexrad-level2/2025/03/31/KJGX/KJGX20250331_163141_V06', 's3://noaa-nexrad-level2/2025/03/31/KHTX/KHTX20250331_163141_V06']"
117200,F,C550,BHM UA /OV VUZ/TM 1636/FL150/TP C550/SK OVC TOP 150/TB NEG/IC NEG/RM ZTLFD-13,NEG,202503311600-KMSC-UBUS01-PIREP,15000.0,33.67,-86.9,2025-03-31 16:36:00,0.0,L,"('KBMX', 'KGWX', 'KHTX', 'KMXX', 'KFFC')","['s3://noaa-nexrad-level2/2025/03/31/KBMX/KBMX20250331_163319_V06', 's3://noaa-nexrad-level2/2025/03/31/KGWX/KGWX20250331_163244_V06', 's3://noaa-nexrad-level2/2025/03/31/KHTX/KHTX20250331_163141_V06', 's3://noaa-nexrad-level2/2025/03/31/KMXX/KMXX20250331_163307_V06', 's3://noaa-nexrad-level2/2025/03/31/KFFC/KFFC20250331_163323_V06']"
117201,F,B737,GWO UA /OV SQS045030/TM 1636/FL300/TP B737/TB LGT-MOD CHOP 300/RM ZME,LGT-MOD CHOP 300,202503311600-KMSC-UBUS01-PIREP,30000.0,33.813582028446554,-89.8561784211844,2025-03-31 16:36:00,2.0,M,"('KGWX', 'KNQA', 'KDGX', 'KLZK', 'KBMX')","['s3://noaa-nexrad-level2/2025/03/31/KGWX/KGWX20250331_163244_V06', 's3://noaa-nexrad-level2/2025/03/31/KNQA/KNQA20250331_162906_V06', 's3://noaa-nexrad-level2/2025/03/31/KDGX/KDGX20250331_163146_V06', 's3://noaa-nexrad-level2/2025/03/31/KLZK/KLZK20250331_163107_V06', 's3://noaa-nexrad-level2/2025/03/31/KBMX/KBMX20250331_163319_V06']"
117202,F,BCS3,MTC UA /OV MTC127020/TM 1636/FL310/TP BCS3/TB LGT ONCL MOD,LGT ONCL MOD,202503311600-KMSC-UBUS01-PIREP,31000.0,42.40770874326078,-82.47376918401268,2025-03-31 16:36:00,2.0,U,"('KDTX', 'KCLE', 'KPBZ', 'KGRR', 'KILN')","['s3://noaa-nexrad-level2/2025/03/31/KDTX/KDTX20250331_163125_V06', 's3://noaa-nexrad-level2/2025/03/31/KCLE/KCLE20250331_163543_V06', 's3://noaa-nexrad-level2/2025/03/31/KPBZ/KPBZ20250331_163352_V06', 's3://noaa-nexrad-level2/2025/03/31/KGRR/KGRR20250331_162845_V06', 's3://noaa-nexrad-level2/2025/03/31/KILN/KILN20250331_163500_V06']"
117203,F,E75,MCK UA /OV HCT/TM 1637/FL330/TP E75/TB OCNL LGT CHOP/RM ZDVWC-08,OCNL LGT CHOP,202503311600-KMSC-UBUS01-PIREP,33000.0,40.45,-100.92,2025-03-31 16:37:00,1.0,U,"('KGLD', 'KLNX', 'KUEX', 'KDDC', 'KFTG')","['s3://noaa-nexrad-level2/2025/03/31/KGLD/KGLD20250331_163204_V06', 's3://noaa-nexrad-level2/2025/03/31/KLNX/KLNX20250331_163000_V06', 's3://noaa-nexrad-level2/2025/03/31/KUEX/KUEX20250331_163137_V06', 's3://noaa-nexrad-level2/2025/03/31/KDDC/KDDC20250331_163237_V06', 's3://noaa-nexrad-level2/2025/03/31/KFTG/KFTG20250331_163111_V06']"
117204,F,B763,MHT UA /OV MHT/TM 1637/FL360/TP B763/TB LGT MOD CAT 360,LGT MOD CAT 360,202503311600-KMSC-UBUS01-PIREP,36000.0,42.93281,-71.43575,2025-03-31 16:37:00,2.0,H,"('KBOX', 'KGYX', 'KCXX', 'KOKX', 'KENX')","['s3://noaa-nexrad-level2/2025/03/31/KBOX/KBOX20250331_163459_V06', 's3://noaa-nexrad-level2/2025/03/31/KGYX/KGYX20250331_163315_V06', 's3://noaa-nexrad-level2/2025/03/31/KCXX/KCXX20250331_163428_V06', 's3://noaa-nexrad-level2/2025/03/31/KOKX/KOKX20250331_162923_V06', 's3://noaa-nexrad-level2/2025/03/31/KENX/KENX20250331_163409_V06']"
117205,F,A320,DEN UA /OV DEN090040/TM 1638/FL180/TP A320/TB OCNL LGT CHOP/RM ZDVWC-07,OCNL LGT CHOP,202503311600-KMSC-UBUS01-PIREP,18000.0,39.8328,-103.78928025042104,2025-03-31 16:38:00,1.0,M,"('KFTG', 'KPUX', 'KCYS', 'KGLD', 'KLNX')","['s3://noaa-nexrad-level2/2025/03/31/KFTG/KFTG20250331_163111_V06', 's3://noaa-nexrad-level2/2025/03/31/KPUX/KPUX20250331_163549_V06', 's3://noaa-nexrad-level2/2025/03/31/KCYS/KCYS20250331_163453_V06', 's3://noaa-nexrad-level2/2025/03/31/KGLD/KGLD20250331_163204_V06', 's3://noaa-nexrad-level2/2025/03/31/KLNX/KLNX20250331_163704_V06']"
117206,F,ASTR,GJT UA /OV JNC195025/TM 1638/FL150/TP ASTR/TB NEG/IC NEG/RM ZDVWC-11,NEG,202503311600-KMSC-UBUS01-PIREP,15000.0,38.65749830568365,-108.92889488379006,2025-03-31 16:38:00,0.0,M,"('KGJX', 'KICX', 'KABX', 'KMTX', 'KRIW')","['s3://noaa-nexrad-level2/2025/03/31/KGJX/KGJX20250331_163626_V06', 's3://noaa-nexrad-level2/2025/03/31/KICX/KICX20250331_163633_V06', 's3://noaa-nexrad-level2/2025/03/31/KABX/KABX20250331_163541_V06', 's3://noaa-nexrad-level2/2025/03/31/KMTX/KMTX20250331_163255_V06', 's3://noaa-nexrad-level2/2025/03/31/KRIW/KRIW20250331_163707_V06']"
117207,F,B737,GAG UA /OV MMB230030/TM 1638/FL300/TP B737/TB LGT-MOD CHOP/RM ZKC FDC,LGT-MOD CHOP,202503311600-KMSC-UBUS01-PIREP,30000.0,36.01858016223251,-100.35553844399904,2025-03-31 16:38:00,2.0,M,"('KAMA', 'KDDC', 'KFDR', 'KVNX', 'KLBB')","['s3://noaa-nexrad-level2/2025/03/31/KAMA/KAMA20250331_163527_V06', 's3://noaa-nexrad-level2/2025/03/31/KDDC/KDDC20250331_163237_V06', 's3://noaa-nexrad-level2/2025/03/31/KFDR/KFDR20250331_163320_V06', 's3://noaa-nexrad-level2/2025/03/31/KVNX/KVNX20250331_163700_V06', 's3://noaa-nexrad-level2/2025/03/31/KLBB/KLBB20250331_142300_V06']"
117208,F,E75L,LIC UA /OV HGO0660110/TM 1639/FL350/TP E75L/TB NEG 360-340/RM DURD ZDVWC-17,NEG 360-340,202503311600-KMSC-UBUS01-PIREP,35000.0,39.27478,-103.66586,2025-03-31 16:39:00,0.0,U,"('KPUX', 'KFTG', 'KGLD', 'KCYS', 'KDDC')","['s3://noaa-nexrad-level2/2025/03/31/KPUX/KPUX20250331_163549_V06', 's3://noaa-nexrad-level2/2025/03/31/KFTG/KFTG20250331_163813_V06', 's3://noaa-nexrad-level2/2025/03/31/KGLD/KGLD20250331_163204_V06', 's3://noaa-nexrad-level2/2025/03/31/KCYS/KCYS20250331_163453_V06', 's3://noaa-nexrad-level2/2025/03/31/KDDC/KDDC20250331_163237_V06']"
117209,F,CRJ2,GLD UA /OV GLD070045/TM 1639/FL360/TP CRJ2/TB NEG/RM ZDVWC-18,NEG,202503311600-KMSC-UBUS01-PIREP,36000.0,39.62375588523874,-100.78163725346418,2025-03-31 16:39:00,0.0,M,"('KGLD', 'KDDC', 'KLNX', 'KUEX', 'KPUX')","['s3://noaa-nexrad-level2/2025/03/31/KGLD/KGLD20250331_163204_V06', 's3://noaa-nexrad-level2/2025/03/31/KDDC/KDDC20250331_163237_V06', 's3://noaa-nexrad-level2/2025/03/31/KLNX/KLNX20250331_163704_V06', 's3://noaa-nexrad-level2/2025/03/31/KUEX/KUEX20250331_163137_V06', 's3://noaa-nexrad-level2/2025/03/31/KPUX/KPUX20250331_163549_V06']"
117210,F,CRJ7,IND UA /OV LVT045030/TM 1640/FL220/TP CRJ7/TB LGT-MOD,LGT-MOD,202503311600-KMSC-UBUS01-PIREP,22000.0,36.93358202844655,-84.72968769696232,2025-03-31 16:40:00,2.0,M,"('KMRX', 'KJKL', 'KLVX', 'KOHX', 'KHTX')","['s3://noaa-nexrad-level2/2025/03/31/KMRX/KMRX20250331_163910_V06', 's3://noaa-nexrad-level2/2025/03/31/KJKL/KJKL20250331_163956_V06', 's3://noaa-nexrad-level2/2025/03/31/KLVX/KLVX20250331_163616_V06', 's3://noaa-nexrad-level2/2025/03/31/KOHX/KOHX20250331_163729_V06', 's3://noaa-nexrad-level2/2025/03/31/KHTX/KHTX20250331_163633_V06']"
117211,F,B737,IND UA /OV AZQ/TM 1640/FL230/TP B737/TB MOD,MOD,202503311600-KMSC-UBUS01-PIREP,23000.0,37.39,-83.26,2025-03-31 16:40:00,3.0,M,"('KJKL', 'KMRX', 'KRLX', 'KILN', 'KGSP')","['s3://noaa-nexrad-level2/2025/03/31/KJKL/KJKL20250331_163956_V06', 's3://noaa-nexrad-level2/2025/03/31/KMRX/KMRX20250331_163910_V06', 's3://noaa-nexrad-level2/2025/03/31/KRLX/KRLX20250331_163951_V06', 's3://noaa-nexrad-level2/2025/03/31/KILN/KILN20250331_163500_V06', 's3://noaa-nexrad-level2/2025/03/31/KGSP/KGSP20250331_163902_V06']"
117212,F,B753,IND UA /OV HVQ200020/TM 1640/FL380/TP B753/TB NEG,NEG,202503311600-KMSC-UBUS01-PIREP,38000.0,38.03674375467857,-81.91538488857842,2025-03-31 16:40:00,0.0,M,"('KRLX', 'KJKL', 'KFCX', 'KILN', 'KMRX')","['s3://noaa-nexrad-level2/2025/03/31/KRLX/KRLX20250331_163951_V06', 's3://noaa-nexrad-level2/2025/03/31/KJKL/KJKL20250331_163956_V06', 's3://noaa-nexrad-level2/2025/03/31/KFCX/KFCX20250331_163508_V06', 's3://noaa-nexrad-level2/2025/03/31/KILN/KILN20250331_163500_V06', 's3://noaa-nexrad-level2/2025/03/31/KMRX/KMRX20250331_163910_V06']"
117213,F,E75,GUC UA /OV HBU081021/TM 1640/FL310/TP E75/TB CONS MOD CHOP/RM ZDVWC-,CONS MOD CHOP,202503311600-KMSC-UBUS01-PIREP,31000.0,38.504756497685605,-106.5985540033525,2025-03-31 16:40:00,3.0,U,"('KGJX', 'KPUX', 'KFTG', 'KCYS', 'KABX')","['s3://noaa-nexrad-level2/2025/03/31/KGJX/KGJX20250331_163626_V06', 's3://noaa-nexrad-level2/2025/03/31/KPUX/KPUX20250331_163549_V06', 's3://noaa-nexrad-level2/2025/03/31/KFTG/KFTG20250331_163813_V06', 's3://noaa-nexrad-level2/2025/03/31/KCYS/KCYS20250331_163453_V06', 's3://noaa-nexrad-level2/2025/03/31/KABX/KABX20250331_163541_V06']"
117214,F,BCS1,IND UA /OV HVQ/TM 1640/FL280/TP BCS1/TB OCNL LGT,OCNL LGT,202503311600-KMSC-UBUS01-PIREP,28000.0,38.35,-81.77,2025-03-31 16:40:00,1.0,U,"('KRLX', 'KJKL', 'KFCX', 'KILN', 'KPBZ')","['s3://noaa-nexrad-level2/2025/03/31/KRLX/KRLX20250331_163951_V06', 's3://noaa-nexrad-level2/2025/03/31/KJKL/KJKL20250331_163956_V06', 's3://noaa-nexrad-level2/2025/03/31/KFCX/KFCX20250331_163508_V06', 's3://noaa-nexrad-level2/2025/03/31/KILN/KILN20250331_163500_V06', 's3://noaa-nexrad-level2/2025/03/31/KPBZ/KPBZ20250331_163352_V06']"
117215,F,B737,IND UA /OV FLM090010/TM 1640/FL240/TP B737/TB OCNL LGT,OCNL LGT,202503311600-KMSC-UBUS01-PIREP,24000.0,38.65,-84.09657446226609,2025-03-31 16:40:00,1.0,M,"('KILN', 'KJKL', 'KLVX', 'KRLX', 'KIND')","['s3://noaa-nexrad-level2/2025/03/31/KILN/KILN20250331_163500_V06', 's3://noaa-nexrad-level2/2025/03/31/KJKL/KJKL20250331_163956_V06', 's3://noaa-nexrad-level2/2025/03/31/KLVX/KLVX20250331_163616_V06', 's3://noaa-nexrad-level2/2025/03/31/KRLX/KRLX20250331_163951_V06', 's3://noaa-nexrad-level2/2025/03/31/KIND/KIND20250331_163646_V06']"
117216,F,E75,GUC UA /OV HBU081021/TM 1640/FL310/TP E75/TB CONS MOD CHOP/RM ZDVWC,CONS MOD CHOP,202503311650-KWBC-UBCO90-PIREP,31000.0,38.504756497685605,-106.5985540033525,2025-03-31 16:40:00,3.0,U,"('KGJX', 'KPUX', 'KFTG', 'KCYS', 'KABX')","['s3://noaa-nexrad-level2/2025/03/31/KGJX/KGJX20250331_163626_V06', 's3://noaa-nexrad-level2/2025/03/31/KPUX/KPUX20250331_163549_V06', 's3://noaa-nexrad-level2/2025/03/31/KFTG/KFTG20250331_163813_V06', 's3://noaa-nexrad-level2/2025/03/31/KCYS/KCYS20250331_163453_V06', 's3://noaa-nexrad-level2/2025/03/31/KABX/KABX20250331_163541_V06']"
117217,F,C560,SRQ UA /OV SRQ305235/TM 1641/FL430/TP C560/TB OCNL LGT CHOP,OCNL LGT CHOP,202503311600-KMSC-UBUS01-PIREP,43000.0,29.648079676348,-86.17270115809761,2025-03-31 16:41:00,1.0,M,"('KEVX', 'KEOX', 'KTLH', 'KMOB', 'KMXX')","['s3://noaa-nexrad-level2/2025/03/31/KEVX/KEVX20250331_164025_V06', 's3://noaa-nexrad-level2/2025/03/31/KEOX/KEOX20250331_163821_V06', 's3://noaa-nexrad-level2/2025/03/31/KTLH/KTLH20250331_163957_V06', 's3://noaa-nexrad-level2/2025/03/31/KMOB/KMOB20250331_163427_V06', 's3://noaa-nexrad-level2/2025/03/31/KMXX/KMXX20250331_163817_V06']"
117218,F,E545,DEN UA /OV DEN208066/TM 1641/FL210/TP E545/TB OCNL LGT CHOP/RM ZDVWC-,OCNL LGT CHOP,202503311600-KMSC-UBUS01-PIREP,21000.0,38.86147897714599,-105.33004739641606,2025-03-31 16:41:00,1.0,U,"('KFTG', 'KPUX', 'KCYS', 'KGJX', 'KGLD')","['s3://noaa-nexrad-level2/2025/03/31/KFTG/KFTG20250331_163813_V06', 's3://noaa-nexrad-level2/2025/03/31/KPUX/KPUX20250331_163549_V06', 's3://noaa-nexrad-level2/2025/03/31/KCYS/KCYS20250331_163453_V06', 's3://noaa-nexrad-level2/2025/03/31/KGJX/KGJX20250331_163626_V06', 's3://noaa-nexrad-level2/2025/03/31/KGLD/KGLD20250331_163204_V06']"
117219,F,E545,DEN UA /OV DEN208066/TM 1641/FL210/TP E545/TB OCNL LGT CHOP/RM ZDVWC,OCNL LGT CHOP,202503311650-KWBC-UBCO90-PIREP,21000.0,38.86147897714599,-105.33004739641606,2025-03-31 16:41:00,1.0,U,"('KFTG', 'KPUX', 'KCYS', 'KGJX', 'KGLD')","['s3://noaa-nexrad-level2/2025/03/31/KFTG/KFTG20250331_163813_V06', 's3://noaa-nexrad-level2/2025/03/31/KPUX/KPUX20250331_163549_V06', 's3://noaa-nexrad-level2/2025/03/31/KCYS/KCYS20250331_163453_V06', 's3://noaa-nexrad-level2/2025/03/31/KGJX/KGJX20250331_163626_V06', 's3://noaa-nexrad-level2/2025/03/31/KGLD/KGLD20250331_163204_V06']"
117220,F,PC12,UAO UA /OV KUAO/TM 1641/FL020/TP PC12/SK SCT020-TOPUNKN/TB LGT CHOP/RM DURD RWY17,LGT CHOP,202503311600-KMSC-UBUS01-PIREP,2000.0,45.25,-122.77,2025-03-31 16:41:00,1.0,L,"('KRTX', 'KLGX', 'KATX', 'KMAX', 'KPDT')","['s3://noaa-nexrad-level2/2025/03/31/KRTX/KRTX20250331_163727_V06', 's3://noaa-nexrad-level2/2025/03/31/KLGX/KLGX20250331_163925_V06', 's3://noaa-nexrad-level2/2025/03/31/KATX/KATX20250331_163435_V06', 's3://noaa-nexrad-level2/2025/03/31/KMAX/KMAX20250331_163506_V06', 's3://noaa-nexrad-level2/2025/03/31/KPDT/KPDT20250331_163844_V06']"
117221,F,BE20,CLT UA /OV CLT/TM 1642/FL200/TP BE20/TB LGT CHOP/RM ZTLFD-29,LGT CHOP,202503311600-KMSC-UBUS01-PIREP,20000.0,35.22255,-80.95431,2025-03-31 16:42:00,1.0,M,"('KCAE', 'KGSP', 'KFCX', 'KRAX', 'KCLX')","['s3://noaa-nexrad-level2/2025/03/31/KCAE/KCAE20250331_163941_V06', 's3://noaa-nexrad-level2/2025/03/31/KGSP/KGSP20250331_163902_V06', 's3://noaa-nexrad-level2/2025/03/31/KFCX/KFCX20250331_163508_V06', 's3://noaa-nexrad-level2/2025/03/31/KRAX/KRAX20250331_163422_V06']"
117222,F,C550,GAD UA /OV GAD275020/TM 1642/FL250/TP C550/L/TB OCNL LGT CHOP/IC NEG/RM ZTLFD-03,OCNL LGT CHOP,202503311600-KMSC-UBUS01-PIREP,25000.0,34.00170426745663,-86.4895261976354,2025-03-31 16:42:00,1.0,L,"('KBMX', 'KHTX', 'KMXX', 'KGWX', 'KFFC')","['s3://noaa-nexrad-level2/2025/03/31/KBMX/KBMX20250331_163747_V06', 's3://noaa-nexrad-level2/2025/03/31/KHTX/KHTX20250331_164116_V06', 's3://noaa-nexrad-level2/2025/03/31/KMXX/KMXX20250331_163817_V06', 's3://noaa-nexrad-level2/2025/03/31/KGWX/KGWX20250331_163749_V06', 's3://noaa-nexrad-level2/2025/03/31/KFFC/KFFC20250331_164016_V06']"
117223,F,BCS3,JBR UA /OV JBR045030/TM 1642/FL350/TP BCS3/TB CONS LGT OCNL MOD/RM ZME,CONS LGT OCNL MOD,202503311600-KMSC-UBUS01-PIREP,35000.0,36.18529202844656,-90.2102973852126,2025-03-31 16:42:00,2.0,U,"('KNQA', 'KPAH', 'KLZK', 'KLSX', 'KGWX')","['s3://noaa-nexrad-level2/2025/03/31/KNQA/KNQA20250331_163744_V06', 's3://noaa-nexrad-level2/2025/03/31/KPAH/KPAH20250331_163602_V06', 's3://noaa-nexrad-level2/2025/03/31/KLZK/KLZK20250331_163759_V06', 's3://noaa-nexrad-level2/2025/03/31/KLSX/KLSX20250331_145940_V06', 's3://noaa-nexrad-level2/2025/03/31/KGWX/KGWX20250331_163749_V06']"
117224,F,A21N,LAS UA /OV CHOWW/TM 1642/FL130/TP A21N/TB MOD/RM CHOWW3 ARRIVAL KLAS. MOD TB 130-090,MOD,202503311600-KMSC-UBUS01-PIREP,13000.0,38.13864,-78.45286,2025-03-31 16:42:00,3.0,U,"('KLWX', 'KAKQ', 'KFCX', 'KRAX', 'KCCX')","['s3://noaa-nexrad-level2/2025/03/31/KLWX/KLWX20250331_163948_V06', 's3://noaa-nexrad-level2/2025/03/31/KAKQ/KAKQ20250331_163729_V06', 's3://noaa-nexrad-level2/2025/03/31/KFCX/KFCX20250331_163508_V06', 's3://noaa-nexrad-level2/2025/03/31/KRAX/KRAX20250331_163422_V06', 's3://noaa-nexrad-level2/2025/03/31/KCCX/KCCX20250331_163356_V06']"
117225,F,B737,DYR UA /OV DYR/TM 1643/FL360/TP B737/TB CONS LGT OCNL MOD/RM ZME,CONS LGT OCNL MOD,202503311600-KMSC-UBUS01-PIREP,36000.0,35.99797,-89.40658,2025-03-31 16:43:00,2.0,M,"('KNQA', 'KPAH', 'KHPX', 'KGWX', 'KVWX')","['s3://noaa-nexrad-level2/2025/03/31/KNQA/KNQA20250331_163744_V06', 's3://noaa-nexrad-level2/2025/03/31/KPAH/KPAH20250331_163602_V06', 's3://noaa-nexrad-level2/2025/03/31/KHPX/KHPX20250331_164006_V06', 's3://noaa-nexrad-level2/2025/03/31/KGWX/KGWX20250331_164253_V06', 's3://noaa-nexrad-level2/2025/03/31/KVWX/KVWX20250331_163952_V06']"
117226,F,B737,SPA UA /OV SPA/TM 1643/FL310/TP B737/TB LGT CHOP/IC NEG/RM ZTLFD-34,LGT CHOP,202503311600-KMSC-UBUS01-PIREP,31000.0,34.9157222,-81.9565,2025-03-31 16:43:00,1.0,M,"('KGSP', 'KCAE', 'KMRX', 'KCLX', 'KJGX')","['s3://noaa-nexrad-level2/2025/03/31/KGSP/KGSP20250331_163902_V06', 's3://noaa-nexrad-level2/2025/03/31/KCAE/KCAE20250331_163941_V06', 's3://noaa-nexrad-level2/2025/03/31/KMRX/KMRX20250331_163910_V06', 's3://noaa-nexrad-level2/2025/03/31/KJGX/KJGX20250331_164243_V06']"
117227,F,CL35,BNA UA /OV BNA315050/TM 1644/FL430/TP CL35/TB MOD/RM ZME,MOD,202503311600-KMSC-UBUS01-PIREP,43000.0,36.70819338074425,-87.4186904266685,2025-03-31 16:44:00,3.0,U,"('KHPX', 'KOHX', 'KPAH', 'KVWX', 'KLVX')","['s3://noaa-nexrad-level2/2025/03/31/KHPX/KHPX20250331_164006_V06', 's3://noaa-nexrad-level2/2025/03/31/KOHX/KOHX20250331_164139_V06', 's3://noaa-nexrad-level2/2025/03/31/KPAH/KPAH20250331_163602_V06', 's3://noaa-nexrad-level2/2025/03/31/KVWX/KVWX20250331_163952_V06', 's3://noaa-nexrad-level2/2025/03/31/KLVX/KLVX20250331_164305_V06']"
117228,F,CRJ7,TYS UA /OV VXV320030/TM 1644/FL130/TP CRJ7/TB MOD/RM ZTLFD-41,MOD,202503311600-KMSC-UBUS01-PIREP,13000.0,36.28305324639046,-84.28679421614747,2025-03-31 16:44:00,3.0,M,"('KMRX', 'KJKL', 'KHTX', 'KOHX', 'KLVX')","['s3://noaa-nexrad-level2/2025/03/31/KMRX/KMRX20250331_164356_V06', 's3://noaa-nexrad-level2/2025/03/31/KJKL/KJKL20250331_163956_V06', 's3://noaa-nexrad-level2/2025/03/31/KHTX/KHTX20250331_164116_V06', 's3://noaa-nexrad-level2/2025/03/31/KOHX/KOHX20250331_164139_V06', 's3://noaa-nexrad-level2/2025/03/31/KLVX/KLVX20250331_164305_V06']"
117229,F,A21N,GSH UA /OV GSH/TM 1644/FL300/TP A21N/TB CONS MOD CHOP,CONS MOD CHOP,202503311600-KMSC-UBUS01-PIREP,30000.0,41.52722,-85.79222,2025-03-31 16:44:00,3.0,U,"('KIWX', 'KGRR', 'KIND', 'KLOT', 'KDTX')","['s3://noaa-nexrad-level2/2025/03/31/KIWX/KIWX20250331_164300_V06', 's3://noaa-nexrad-level2/2025/03/31/KGRR/KGRR20250331_163703_V06', 's3://noaa-nexrad-level2/2025/03/31/KIND/KIND20250331_164344_V06', 's3://noaa-nexrad-level2/2025/03/31/KLOT/KLOT20250331_164300_V06', 's3://noaa-nexrad-level2/2025/03/31/KDTX/KDTX20250331_163809_V06']"
117230,F,CL35,CKV UA /OV CKV/TM 1645/FL430/TP CL35/TB CONS MOD/RM ZME,CONS MOD,202503311600-KMSC-UBUS01-PIREP,43000.0,36.62188,-87.41495,2025-03-31 16:45:00,3.0,U,"('KHPX', 'KOHX', 'KPAH', 'KVWX', 'KLVX')","['s3://noaa-nexrad-level2/2025/03/31/KHPX/KHPX20250331_164006_V06', 's3://noaa-nexrad-level2/2025/03/31/KOHX/KOHX20250331_164139_V06', 's3://noaa-nexrad-level2/2025/03/31/KPAH/KPAH20250331_164420_V06', 's3://noaa-nexrad-level2/2025/03/31/KVWX/KVWX20250331_163952_V06', 's3://noaa-nexrad-level2/2025/03/31/KLVX/KLVX20250331_164305_V06']"
117231,F,B737,IND UA /OV VHP090010/TM 1645/FL260/TP B737/TB MOD CHOP 260-280,MOD CHOP 260-280,202503311600-KMSC-UBUS01-PIREP,26000.0,39.81,-86.1530170692458,2025-03-31 16:45:00,3.0,M,"('KIND', 'KIWX', 'KLVX', 'KVWX', 'KILN')","['s3://noaa-nexrad-level2/2025/03/31/KIND/KIND20250331_164344_V06', 's3://noaa-nexrad-level2/2025/03/31/KIWX/KIWX20250331_164300_V06', 's3://noaa-nexrad-level2/2025/03/31/KLVX/KLVX20250331_164305_V06', 's3://noaa-nexrad-level2/2025/03/31/KVWX/KVWX20250331_163952_V06', 's3://noaa-nexrad-level2/2025/03/31/KILN/KILN20250331_164033_V06']"
117232,F,E175,FAI UA /OV FAI200010 /TM 1645 /FL050 /TP E175 /SK OVC050 /TB NEG/IC NEG /RM DURC (FAI ATCT) (AKFSS),NEG,202503311600-KMSC-UBUS01-PIREP,5000.0,64.65337187733928,-147.98394058535942,2025-03-31 16:45:00,0.0,U,"('PAPD', 'PAHG', 'PAIH', 'PAIH', 'PAKC')","['s3://noaa-nexrad-level2/2025/03/31/PAPD/PAPD20250331_164350_V06', 's3://noaa-nexrad-level2/2025/03/31/PAHG/PAHG20250331_163859_V06', 's3://noaa-nexrad-level2/2025/03/31/PAIH/PAIH20250331_164354_V06', 's3://noaa-nexrad-level2/2025/03/31/PAIH/PAIH20250331_164354_V06', 's3://noaa-nexrad-level2/2025/03/31/PAKC/PAKC20250331_164125_V06']"
117233,F,E175,FAI UA /OV FAI200010 /TM 1645 /FL050 /TP E175 /SK OVC050 /TB NEG /IC NEG /RM DURC (FAI ATCT) (AKFSS,NEG,202503311700-KWBC-UBAK90-PIREP,5000.0,64.65337187733928,-147.98394058535942,2025-03-31 16:45:00,0.0,U,"('PAPD', 'PAHG', 'PAIH', 'PAIH', 'PAKC')","['s3://noaa-nexrad-level2/2025/03/31/PAPD/PAPD20250331_164350_V06', 's3://noaa-nexrad-level2/2025/03/31/PAHG/PAHG20250331_163859_V06', 's3://noaa-nexrad-level2/2025/03/31/PAIH/PAIH20250331_164354_V06', 's3://noaa-nexrad-level2/2025/03/31/PAIH/PAIH20250331_164354_V06', 's3://noaa-nexrad-level2/2025/03/31/PAKC/PAKC20250331_164125_V06']"
117234,F,E75L,LEB UA /OV LEB120030/TM 1646/FL280/TP E75L/TB CONS LGT OCNL MOD,CONS LGT OCNL MOD,202503311600-KMSC-UBUS01-PIREP,28000.0,43.37608974997975,-71.70593998217018,2025-03-31 16:46:00,2.0,U,"('KBOX', 'KGYX', 'KCXX', 'KENX', 'KOKX')","['s3://noaa-nexrad-level2/2025/03/31/KBOX/KBOX20250331_164345_V06', 's3://noaa-nexrad-level2/2025/03/31/KGYX/KGYX20250331_164209_V06', 's3://noaa-nexrad-level2/2025/03/31/KCXX/KCXX20250331_164330_V06', 's3://noaa-nexrad-level2/2025/03/31/KENX/KENX20250331_164312_V06', 's3://noaa-nexrad-level2/2025/03/31/KOKX/KOKX20250331_164551_V06']"
117235,F,BCS3,MEM UA /OV MEM360045/TM 1646/FL350/TP BCS3/TB CONS LGT OCNL MOD CHOP/RM ZME,CONS LGT OCNL MOD CHOP,202503311600-KMSC-UBUS01-PIREP,35000.0,35.81117075006075,-89.985,2025-03-31 16:46:00,2.0,U,"('KNQA', 'KPAH', 'KLZK', 'KGWX', 'KHPX')","['s3://noaa-nexrad-level2/2025/03/31/KNQA/KNQA20250331_163744_V06', 's3://noaa-nexrad-level2/2025/03/31/KPAH/KPAH20250331_164420_V06', 's3://noaa-nexrad-level2/2025/03/31/KLZK/KLZK20250331_164451_V06', 's3://noaa-nexrad-level2/2025/03/31/KGWX/KGWX20250331_164253_V06', 's3://noaa-nexrad-level2/2025/03/31/KHPX/KHPX20250331_164006_V06']"
117236,F,B739,OMA UA /OV OVR/TM 1646/FL320/TP B739/TB CONS LGT,CONS LGT,202503311600-KMSC-UBUS01-PIREP,32000.0,41.17,-95.74,2025-03-31 16:46:00,1.0,M,"('KOAX', 'KDMX', 'KTWX', 'KFSD', 'KEAX')","['s3://noaa-nexrad-level2/2025/03/31/KOAX/KOAX20250331_164321_V06', 's3://noaa-nexrad-level2/2025/03/31/KDMX/KDMX20250331_164511_V06', 's3://noaa-nexrad-level2/2025/03/31/KTWX/KTWX20250331_164248_V06', 's3://noaa-nexrad-level2/2025/03/31/KFSD/KFSD20250331_164418_V06', 's3://noaa-nexrad-level2/2025/03/31/KEAX/KEAX20250331_164303_V06']"
117237,F,B38M,PVU UA /OV FFU103027/TM 1647/FL210/TP B38M/TB MOD 210 /ZLC,MOD 210,202503311600-KMSC-UBUS01-PIREP,21000.0,40.168763826071135,-111.36529739314749,2025-03-31 16:47:00,3.0,U,"('KMTX', 'KICX', 'KSFX', 'KGJX', 'KRIW')","['s3://noaa-nexrad-level2/2025/03/31/KMTX/KMTX20250331_164647_V06', 's3://noaa-nexrad-level2/2025/03/31/KICX/KICX20250331_164515_V06', 's3://noaa-nexrad-level2/2025/03/31/KSFX/KSFX20250331_164309_V06', 's3://noaa-nexrad-level2/2025/03/31/KGJX/KGJX20250331_164159_V06', 's3://noaa-nexrad-level2/2025/03/31/KRIW/KRIW20250331_164205_V06']"
117238,F,C402,ACK UA /OV ACK060002/TM 1648/FL008/TP C402/TB OCNL LGT CHOP/RM DURD   OCNL LGT CHOP ON FINAL,OCNL LGT CHOP,202503311600-KMSC-UBUS01-PIREP,800.0,41.26977801666801,-70.02190923189035,2025-03-31 16:48:00,1.0,L,"('KBOX', 'KGYX', 'KOKX', 'KENX', 'KCXX')","['s3://noaa-nexrad-level2/2025/03/31/KBOX/KBOX20250331_164345_V06', 's3://noaa-nexrad-level2/2025/03/31/KGYX/KGYX20250331_164637_V06', 's3://noaa-nexrad-level2/2025/03/31/KOKX/KOKX20250331_164551_V06', 's3://noaa-nexrad-level2/2025/03/31/KENX/KENX20250331_164743_V06', 's3://noaa-nexrad-level2/2025/03/31/KCXX/KCXX20250331_164758_V06']"
117239,F,B763,BAF UA /OV BAF/TM 1648/FL340/TP B763/TB NEG/IC XXX,NEG,202503311600-KMSC-UBUS01-PIREP,34000.0,42.15778,-72.71611,2025-03-31 16:48:00,0.0,H,"('KOKX', 'KENX', 'KBOX', 'KCXX', 'KDIX')","['s3://noaa-nexrad-level2/2025/03/31/KOKX/KOKX20250331_164551_V06', 's3://noaa-nexrad-level2/2025/03/31/KENX/KENX20250331_164743_V06', 's3://noaa-nexrad-level2/2025/03/31/KBOX/KBOX20250331_164345_V06', 's3://noaa-nexrad-level2/2025/03/31/KCXX/KCXX20250331_164758_V06', 's3://noaa-nexrad-level2/2025/03/31/KDIX/KDIX20250331_164630_V06']"
117240,F,A320,BDL UA /OV KORH1900110/TM 1648/FL080/TP A320/TB OCSNL LGT CHOP/RM DURC,OCSNL LGT CHOP,202503311600-KMSC-UBUS01-PIREP,8000.0,42.086777287538006,-71.91873358028327,2025-03-31 16:48:00,1.0,M,"('KBOX', 'KOKX', 'KENX', 'KGYX', 'KCXX')","['s3://noaa-nexrad-level2/2025/03/31/KBOX/KBOX20250331_164345_V06', 's3://noaa-nexrad-level2/2025/03/31/KOKX/KOKX20250331_164551_V06', 's3://noaa-nexrad-level2/2025/03/31/KENX/KENX20250331_164743_V06', 's3://noaa-nexrad-level2/2025/03/31/KGYX/KGYX20250331_164637_V06', 's3://noaa-nexrad-level2/2025/03/31/KCXX/KCXX20250331_164758_V06']"
117241,F,C550,MDQ UA /OV RQZ180020/TM 1648/FL260/TP C550/TB MOD CHOP/RM DURC 260-280 ZTLFD-01,MOD CHOP,202503311600-KMSC-UBUS01-PIREP,26000.0,34.466639666639665,-86.63,2025-03-31 16:48:00,3.0,L,"('KHTX', 'KBMX', 'KOHX', 'KGWX', 'KMXX')","['s3://noaa-nexrad-level2/2025/03/31/KHTX/KHTX20250331_164608_V06', 's3://noaa-nexrad-level2/2025/03/31/KBMX/KBMX20250331_164641_V06', 's3://noaa-nexrad-level2/2025/03/31/KOHX/KOHX20250331_164549_V06', 's3://noaa-nexrad-level2/2025/03/31/KGWX/KGWX20250331_164253_V06', 's3://noaa-nexrad-level2/2025/03/31/KMXX/KMXX20250331_164328_V06']"
117242,F,B38M,ORD UA /OV MDW180010/TM 1648/FL040/TP B38M/WX IMC/TA 01/TB NEG/IC LGT RIME,NEG,202503311600-KMSC-UBUS01-PIREP,4000.0,41.61928983331983,-87.75242,2025-03-31 16:48:00,0.0,U,"('KLOT', 'KMKX', 'KIWX', 'KILX', 'KIND')","['s3://noaa-nexrad-level2/2025/03/31/KLOT/KLOT20250331_164300_V06', 's3://noaa-nexrad-level2/2025/03/31/KMKX/KMKX20250331_164357_V06', 's3://noaa-nexrad-level2/2025/03/31/KIWX/KIWX20250331_164300_V06', 's3://noaa-nexrad-level2/2025/03/31/KILX/KILX20250331_164247_V06', 's3://noaa-nexrad-level2/2025/03/31/KIND/KIND20250331_164344_V06']"
117243,F,B738,POU UA /OV PWL130015/TM 1648/FL320/TP B738/TB NEG/IC XXX,NEG,202503311600-KMSC-UBUS01-PIREP,32000.0,41.60929008111626,-73.34320162148462,2025-03-31 16:48:00,0.0,M,"('KOKX', 'KENX', 'KDIX', 'KBOX', 'KBGM')","['s3://noaa-nexrad-level2/2025/03/31/KOKX/KOKX20250331_164551_V06', 's3://noaa-nexrad-level2/2025/03/31/KENX/KENX20250331_164743_V06', 's3://noaa-nexrad-level2/2025/03/31/KDIX/KDIX20250331_164630_V06', 's3://noaa-nexrad-level2/2025/03/31/KBOX/KBOX20250331_164345_V06', 's3://noaa-nexrad-level2/2025/03/31/KBGM/KBGM20250331_164142_V06']"
117244,F,B757,AGS UA /OV AGS/TM 1649/FL230/TP B757/SK TOP 300/TB NEG/RM ZTLFD-19,NEG,202503311600-KMSC-UBUS01-PIREP,23000.0,33.36994,-81.9645,2025-03-31 16:49:00,0.0,M,"('KCAE', 'KCLX', 'KGSP', 'KJGX', 'KFFC')","['s3://noaa-nexrad-level2/2025/03/31/KCAE/KCAE20250331_164655_V06', 's3://noaa-nexrad-level2/2025/03/31/KGSP/KGSP20250331_164416_V06', 's3://noaa-nexrad-level2/2025/03/31/KJGX/KJGX20250331_164806_V06', 's3://noaa-nexrad-level2/2025/03/31/KFFC/KFFC20250331_164711_V06']"
117245,F,GLF4,SPA UA /OV SPA/TM 1649/FL430/TP GLF4/TB MOD/RM ZTLFD-28,MOD,202503311600-KMSC-UBUS01-PIREP,43000.0,34.9157222,-81.9565,2025-03-31 16:49:00,3.0,M,"('KGSP', 'KCAE', 'KMRX', 'KCLX', 'KJGX')","['s3://noaa-nexrad-level2/2025/03/31/KGSP/KGSP20250331_164416_V06', 's3://noaa-nexrad-level2/2025/03/31/KCAE/KCAE20250331_164655_V06', 's3://noaa-nexrad-level2/2025/03/31/KMRX/KMRX20250331_164841_V06', 's3://noaa-nexrad-level2/2025/03/31/KJGX/KJGX20250331_164806_V06']"
117246,F,A319,FOK UA /OV HTO/TM 1650/FL280/TP A319/TB NEG/IC XXX,NEG,202503311600-KMSC-UBUS01-PIREP,28000.0,40.96,-72.25,2025-03-31 16:50:00,0.0,M,"('KOKX', 'KBOX', 'KDIX', 'KENX', 'KGYX')","['s3://noaa-nexrad-level2/2025/03/31/KOKX/KOKX20250331_164551_V06', 's3://noaa-nexrad-level2/2025/03/31/KBOX/KBOX20250331_164810_V06', 's3://noaa-nexrad-level2/2025/03/31/KDIX/KDIX20250331_164630_V06', 's3://noaa-nexrad-level2/2025/03/31/KENX/KENX20250331_164743_V06', 's3://noaa-nexrad-level2/2025/03/31/KGYX/KGYX20250331_164637_V06']"
117247,F,CL35,MEM UA /OV MEM090065/TM 1650/FL410/TP CL35/TB CONS LGT OCNL MOD CHOP/RM ZME,CONS LGT OCNL MOD CHOP,202503311600-KMSC-UBUS01-PIREP,41000.0,35.06111,-88.66139782607318,2025-03-31 16:50:00,2.0,U,"('KGWX', 'KNQA', 'KPAH', 'KHPX', 'KOHX')","['s3://noaa-nexrad-level2/2025/03/31/KGWX/KGWX20250331_164907_V06', 's3://noaa-nexrad-level2/2025/03/31/KNQA/KNQA20250331_164621_V06', 's3://noaa-nexrad-level2/2025/03/31/KPAH/KPAH20250331_164420_V06', 's3://noaa-nexrad-level2/2025/03/31/KHPX/KHPX20250331_164719_V06', 's3://noaa-nexrad-level2/2025/03/31/KOHX/KOHX20250331_164549_V06']"
117248,F,CL35,FOK UA /OV HTO/TM 1650/FL430/TP CL35/TB NEG/IC XXX,NEG,202503311600-KMSC-UBUS01-PIREP,43000.0,40.96,-72.25,2025-03-31 16:50:00,0.0,U,"('KOKX', 'KBOX', 'KDIX', 'KENX', 'KGYX')","['s3://noaa-nexrad-level2/2025/03/31/KOKX/KOKX20250331_164551_V06', 's3://noaa-nexrad-level2/2025/03/31/KBOX/KBOX20250331_164810_V06', 's3://noaa-nexrad-level2/2025/03/31/KDIX/KDIX20250331_164630_V06', 's3://noaa-nexrad-level2/2025/03/31/KENX/KENX20250331_164743_V06', 's3://noaa-nexrad-level2/2025/03/31/KGYX/KGYX20250331_164637_V06']"
117249,F,A339,DTW UA /OV DXO070060/TM 1650/FL390/TP A339/TB CONS MOD CHOP,CONS MOD CHOP,202503311700-KMSC-UBUS01-PIREP,39000.0,42.55204784698498,-82.10122075197796,2025-03-31 16:50:00,3.0,U,"('KCLE', 'KDTX', 'KPBZ', 'KBUF', 'KGRR')","['s3://noaa-nexrad-level2/2025/03/31/KCLE/KCLE20250331_164927_V06', 's3://noaa-nexrad-level2/2025/03/31/KDTX/KDTX20250331_164459_V06', 's3://noaa-nexrad-level2/2025/03/31/KPBZ/KPBZ20250331_164755_V06', 's3://noaa-nexrad-level2/2025/03/31/KBUF/KBUF20250331_164544_V06', 's3://noaa-nexrad-level2/2025/03/31/KGRR/KGRR20250331_164516_V06']"
117250,T,BE36,RDG UUA /OV 10 NE/TM 1650/FL033/TP BE36/SK OVC033/TB LGT-MOD CHOP,LGT-MOD CHOP,202503311700-KMSC-UBUS01-PIREP,3300.0,40.3785,-75.96525,2025-03-31 16:50:00,2.0,L,"('KDIX', 'KDOX', 'KBGM', 'KLWX', 'KCCX')","['s3://noaa-nexrad-level2/2025/03/31/KDIX/KDIX20250331_164630_V06', 's3://noaa-nexrad-level2/2025/03/31/KDOX/KDOX20250331_164533_V06', 's3://noaa-nexrad-level2/2025/03/31/KBGM/KBGM20250331_164851_V06', 's3://noaa-nexrad-level2/2025/03/31/KLWX/KLWX20250331_164858_V06', 's3://noaa-nexrad-level2/2025/03/31/KCCX/KCCX20250331_164231_V06']"
117251,F,B737,MLU UA /OV MLU080040/TM 1650/FL360/TP B737/TB MOD/RM ZFW,MOD,202503311700-KMSC-UBUS01-PIREP,36000.0,32.62663482878892,-91.2590824019436,2025-03-31 16:50:00,3.0,M,"('KDGX', 'KPOE', 'KHDC', 'KLZK', 'KSHV')","['s3://noaa-nexrad-level2/2025/03/31/KDGX/KDGX20250331_164809_V06', 's3://noaa-nexrad-level2/2025/03/31/KPOE/KPOE20250331_164550_V06', 's3://noaa-nexrad-level2/2025/03/31/KHDC/KHDC20250331_164444_V06', 's3://noaa-nexrad-level2/2025/03/31/KLZK/KLZK20250331_164451_V06', 's3://noaa-nexrad-level2/2025/03/31/KSHV/KSHV20250331_164138_V06']"
117252,F,BCS3,DEN UA /OV DVV292065/TM 1651/FL240/TP BCS3/TB OCNL LGT CHOP 290-240/RM ZDVWC-13,OCNL LGT CHOP 290-240,202503311600-KMSC-UBUS01-PIREP,24000.0,40.29585668129535,-105.92921481147388,2025-03-31 16:51:00,1.0,U,"('KCYS', 'KFTG', 'KPUX', 'KGJX', 'KRIW')","['s3://noaa-nexrad-level2/2025/03/31/KCYS/KCYS20250331_164435_V06', 's3://noaa-nexrad-level2/2025/03/31/KFTG/KFTG20250331_164517_V06', 's3://noaa-nexrad-level2/2025/03/31/KPUX/KPUX20250331_165000_V06', 's3://noaa-nexrad-level2/2025/03/31/KGJX/KGJX20250331_164733_V06', 's3://noaa-nexrad-level2/2025/03/31/KRIW/KRIW20250331_164730_V06']"
117253,F,B737,TAD UA /OV TBE355035/TM 1651/FL290/TP B737/TB LGT OCNL MOD CHOP 290-300/RM ZDVWC-29,LGT OCNL MOD CHOP 290-300,202503311600-KMSC-UBUS01-PIREP,29000.0,37.85116064413341,-103.66389239052955,2025-03-31 16:51:00,2.0,M,"('KPUX', 'KFTG', 'KGLD', 'KFDX', 'KAMA')","['s3://noaa-nexrad-level2/2025/03/31/KPUX/KPUX20250331_165000_V06', 's3://noaa-nexrad-level2/2025/03/31/KFTG/KFTG20250331_164517_V06', 's3://noaa-nexrad-level2/2025/03/31/KGLD/KGLD20250331_164142_V06', 's3://noaa-nexrad-level2/2025/03/31/KFDX/KFDX20250331_164654_V06', 's3://noaa-nexrad-level2/2025/03/31/KAMA/KAMA20250331_164852_V06']"
117254,F,E170,DKK UA /OV DKK280010/TM 1652/FL300/TP E170/TB CONS LGT ONCL MOD,CONS LGT ONCL MOD,202503311600-KMSC-UBUS01-PIREP,30000.0,42.52228370719723,-79.4946569600648,2025-03-31 16:52:00,2.0,U,"('KBUF', 'KPBZ', 'KCCX', 'KCLE', 'KBGM')","['s3://noaa-nexrad-level2/2025/03/31/KBUF/KBUF20250331_164544_V06', 's3://noaa-nexrad-level2/2025/03/31/KPBZ/KPBZ20250331_164755_V06', 's3://noaa-nexrad-level2/2025/03/31/KCCX/KCCX20250331_165113_V06', 's3://noaa-nexrad-level2/2025/03/31/KCLE/KCLE20250331_164927_V06', 's3://noaa-nexrad-level2/2025/03/31/KBGM/KBGM20250331_164851_V06']"
117255,F,B738,DSM UA /OV DSM/TM 1653/FL340/TP B738/TB CONS LGT OCNL MOD CHOP,CONS LGT OCNL MOD CHOP,202503311600-KMSC-UBUS01-PIREP,34000.0,41.53395,-93.653114,2025-03-31 16:53:00,2.0,M,"('KDMX', 'KOAX', 'KEAX', 'KDVN', 'KMPX')","['s3://noaa-nexrad-level2/2025/03/31/KDMX/KDMX20250331_165200_V06', 's3://noaa-nexrad-level2/2025/03/31/KOAX/KOAX20250331_165007_V06', 's3://noaa-nexrad-level2/2025/03/31/KEAX/KEAX20250331_165247_V06', 's3://noaa-nexrad-level2/2025/03/31/KDVN/KDVN20250331_165246_V06', 's3://noaa-nexrad-level2/2025/03/31/KMPX/KMPX20250331_165044_V06']"
117256,F,C550,MDQ UA /OV RQZ020018/TM 1653/FL350/TP C550/TB LGT OCNL CHOP 350/RM ZTLFD-02,LGT OCNL CHOP 350,202503311600-KMSC-UBUS01-PIREP,35000.0,35.08193062078929,-86.50503567810318,2025-03-31 16:53:00,1.0,L,"('KHTX', 'KOHX', 'KHPX', 'KBMX', 'KGWX')","['s3://noaa-nexrad-level2/2025/03/31/KHTX/KHTX20250331_165051_V06', 's3://noaa-nexrad-level2/2025/03/31/KOHX/KOHX20250331_165115_V06', 's3://noaa-nexrad-level2/2025/03/31/KHPX/KHPX20250331_164719_V06', 's3://noaa-nexrad-level2/2025/03/31/KBMX/KBMX20250331_165102_V06', 's3://noaa-nexrad-level2/2025/03/31/KGWX/KGWX20250331_164907_V06']"
117257,F,B739,OMA UA /OV OVR050050/TM 1653/FL320/TP B739/TB CONS LGT CHOP OCNL LGT TURB,CONS LGT CHOP OCNL LGT TURB,202503311600-KMSC-UBUS01-PIREP,32000.0,41.70569972961249,-94.8918912585485,2025-03-31 16:53:00,1.0,M,"('KDMX', 'KOAX', 'KFSD', 'KEAX', 'KTWX')","['s3://noaa-nexrad-level2/2025/03/31/KDMX/KDMX20250331_165200_V06', 's3://noaa-nexrad-level2/2025/03/31/KOAX/KOAX20250331_165007_V06', 's3://noaa-nexrad-level2/2025/03/31/KFSD/KFSD20250331_165118_V06', 's3://noaa-nexrad-level2/2025/03/31/KEAX/KEAX20250331_165247_V06', 's3://noaa-nexrad-level2/2025/03/31/KTWX/KTWX20250331_164710_V06']"
117258,F,AC50,SUO UA /OV SUO/TM 1653/FL110/TP AC50/WX VFR/TA M03/TB NEG/RM ZDVWC-31,NEG,202503311600-KMSC-UBUS01-PIREP,11000.0,43.2584572,-100.8594936,2025-03-31 16:53:00,0.0,L,"('KLNX', 'KUDX', 'KABR', 'KBIS', 'KUEX')","['s3://noaa-nexrad-level2/2025/03/31/KLNX/KLNX20250331_165225_V06', 's3://noaa-nexrad-level2/2025/03/31/KUDX/KUDX20250331_164823_V06', 's3://noaa-nexrad-level2/2025/03/31/KABR/KABR20250331_164738_V06', 's3://noaa-nexrad-level2/2025/03/31/KBIS/KBIS20250331_165006_V06', 's3://noaa-nexrad-level2/2025/03/31/KUEX/KUEX20250331_164903_V06']"
117259,F,B752,HIE UA /OV HIE/TM 1654/FL300/TP B752/TB CONS LGT CHOP,CONS LGT CHOP,202503311600-KMSC-UBUS01-PIREP,30000.0,44.36594415,-71.55216794,2025-03-31 16:54:00,1.0,M,"('KGYX', 'KCXX', 'KBOX', 'KENX', 'KOKX')","['s3://noaa-nexrad-level2/2025/03/31/KGYX/KGYX20250331_165109_V06', 's3://noaa-nexrad-level2/2025/03/31/KCXX/KCXX20250331_165226_V06', 's3://noaa-nexrad-level2/2025/03/31/KBOX/KBOX20250331_165235_V06', 's3://noaa-nexrad-level2/2025/03/31/KENX/KENX20250331_165214_V06', 's3://noaa-nexrad-level2/2025/03/31/KOKX/KOKX20250331_164551_V06']"
117260,F,B739,PUB UA /OV PUB/TM 1654/FL330/TP B739/TB MOD CHOP/RM ZDVWC-29,MOD CHOP,202503311700-KMSC-UBUS01-PIREP,33000.0,38.29,-104.49833,2025-03-31 16:54:00,3.0,M,"('KPUX', 'KFTG', 'KCYS', 'KGLD', 'KFDX')","['s3://noaa-nexrad-level2/2025/03/31/KPUX/KPUX20250331_165000_V06', 's3://noaa-nexrad-level2/2025/03/31/KFTG/KFTG20250331_165220_V06', 's3://noaa-nexrad-level2/2025/03/31/KCYS/KCYS20250331_164435_V06', 's3://noaa-nexrad-level2/2025/03/31/KGLD/KGLD20250331_165119_V06', 's3://noaa-nexrad-level2/2025/03/31/KFDX/KFDX20250331_165344_V06']"
117261,F,A320,JOT UA /OV JOT/TM 1654/FL300/TP A320/TB CONS LGT CHOP,CONS LGT CHOP,202503311700-KMSC-UBUS01-PIREP,30000.0,41.51769,-88.17561,2025-03-31 16:54:00,1.0,M,"('KLOT', 'KMKX', 'KILX', 'KDVN', 'KIWX')","['s3://noaa-nexrad-level2/2025/03/31/KLOT/KLOT20250331_165245_V06', 's3://noaa-nexrad-level2/2025/03/31/KMKX/KMKX20250331_165043_V06', 's3://noaa-nexrad-level2/2025/03/31/KILX/KILX20250331_164950_V06', 's3://noaa-nexrad-level2/2025/03/31/KDVN/KDVN20250331_165246_V06', 's3://noaa-nexrad-level2/2025/03/31/KIWX/KIWX20250331_165129_V06']"
117262,F,B38M,CRG UA /OV CRG340020/TM 1655/FL320/TP B38M/TB OCNL LGT CHOP,OCNL LGT CHOP,202503311700-KMSC-UBUS01-PIREP,32000.0,30.649356245321435,-81.64680395324218,2025-03-31 16:55:00,1.0,U,"('KJAX', 'KVAX', 'KCLX', 'KJGX', 'KTLH')","['s3://noaa-nexrad-level2/2025/03/31/KJAX/KJAX20250331_164933_V06', 's3://noaa-nexrad-level2/2025/03/31/KJGX/KJGX20250331_165355_V06', 's3://noaa-nexrad-level2/2025/03/31/KTLH/KTLH20250331_165256_V06']"
117263,F,CRJ9,LGC UA /OV LGC360025/TM 1656/FL340/TP CRJ9/TB NEG CHOP/IC NEG/RM ZTLFD-03,NEG CHOP,202503311700-KMSC-UBUS01-PIREP,34000.0,33.425560416700414,-85.07261,2025-03-31 16:56:00,0.0,U,"('KFFC', 'KMXX', 'KBMX', 'KHTX', 'KJGX')","['s3://noaa-nexrad-level2/2025/03/31/KFFC/KFFC20250331_165416_V06', 's3://noaa-nexrad-level2/2025/03/31/KMXX/KMXX20250331_165404_V06', 's3://noaa-nexrad-level2/2025/03/31/KBMX/KBMX20250331_165516_V06', 's3://noaa-nexrad-level2/2025/03/31/KHTX/KHTX20250331_165544_V06', 's3://noaa-nexrad-level2/2025/03/31/KJGX/KJGX20250331_165355_V06']"
117264,F,B712,ALB UA /OV ALB/TM 1657/FL260/TP B712/TB NEG,NEG,202503311700-KMSC-UBUS01-PIREP,26000.0,42.75757,-73.80361,2025-03-31 16:57:00,0.0,M,"('KENX', 'KCXX', 'KOKX', 'KTYX', 'KBGM')","['s3://noaa-nexrad-level2/2025/03/31/KENX/KENX20250331_165644_V06', 's3://noaa-nexrad-level2/2025/03/31/KCXX/KCXX20250331_165645_V06', 's3://noaa-nexrad-level2/2025/03/31/KOKX/KOKX20250331_165429_V06', 's3://noaa-nexrad-level2/2025/03/31/KTYX/KTYX20250331_165354_V06', 's3://noaa-nexrad-level2/2025/03/31/KBGM/KBGM20250331_165559_V06']"
117265,T,F900,ORF UUA /OV ORF105025/TM 1658/FL400/TP F900/TB SEV,SEV,202503311700-KMSC-UBUS01-PIREP,40000.0,36.795479996055775,-75.68887251722767,2025-03-31 16:58:00,5.0,M,"('KAKQ', 'KDOX', 'KMHX', 'KLWX', 'KRAX')","['s3://noaa-nexrad-level2/2025/03/31/KAKQ/KAKQ20250331_165131_V06', 's3://noaa-nexrad-level2/2025/03/31/KDOX/KDOX20250331_165348_V06', 's3://noaa-nexrad-level2/2025/03/31/KMHX/KMHX20250331_165602_V06', 's3://noaa-nexrad-level2/2025/03/31/KLWX/KLWX20250331_165332_V06', 's3://noaa-nexrad-level2/2025/03/31/KRAX/KRAX20250331_165153_V06']"
117266,F,B738,MDQ UA /OV RQZ030020/TM 1659/FL370/TP B738/TB LGT-MOD CONS CHOP 370/RM ZTLFD-02,LGT-MOD CONS CHOP 370,202503311700-KMSC-UBUS01-PIREP,37000.0,35.088698517304096,-86.42701598098594,2025-03-31 16:59:00,2.0,M,"('KHTX', 'KOHX', 'KHPX', 'KBMX', 'KGWX')","['s3://noaa-nexrad-level2/2025/03/31/KHTX/KHTX20250331_165544_V06', 's3://noaa-nexrad-level2/2025/03/31/KOHX/KOHX20250331_165525_V06', 's3://noaa-nexrad-level2/2025/03/31/KHPX/KHPX20250331_165425_V06', 's3://noaa-nexrad-level2/2025/03/31/KBMX/KBMX20250331_165516_V06', 's3://noaa-nexrad-level2/2025/03/31/KGWX/KGWX20250331_165852_V06']"
117267,F,A321,POU UA /OV IGN020030/TM 1659/FL280/TP A321/TB OCNL LGT CHOP,OCNL LGT CHOP,202503311700-KMSC-UBUS01-PIREP,28000.0,42.13988436798216,-73.59104814099686,2025-03-31 16:59:00,1.0,M,"('KENX', 'KOKX', 'KDIX', 'KBGM', 'KCXX')","['s3://noaa-nexrad-level2/2025/03/31/KENX/KENX20250331_165644_V06', 's3://noaa-nexrad-level2/2025/03/31/KOKX/KOKX20250331_165429_V06', 's3://noaa-nexrad-level2/2025/03/31/KDIX/KDIX20250331_165328_V06', 's3://noaa-nexrad-level2/2025/03/31/KBGM/KBGM20250331_165559_V06', 's3://noaa-nexrad-level2/2025/03/31/KCXX/KCXX20250331_165645_V06']"
117268,F,B764,ASE UA /OV DBL069042/TM 1659/FL340/TP B764/TB MOD CHOP/RM ZDVWC-05,MOD CHOP,202503311700-KMSC-UBUS01-PIREP,34000.0,39.69087788416476,-106.0537388638832,2025-03-31 16:59:00,3.0,H,"('KFTG', 'KCYS', 'KPUX', 'KGJX', 'KRIW')","['s3://noaa-nexrad-level2/2025/03/31/KFTG/KFTG20250331_165220_V06', 's3://noaa-nexrad-level2/2025/03/31/KCYS/KCYS20250331_165418_V06', 's3://noaa-nexrad-level2/2025/03/31/KPUX/KPUX20250331_165706_V06', 's3://noaa-nexrad-level2/2025/03/31/KGJX/KGJX20250331_165838_V06', 's3://noaa-nexrad-level2/2025/03/31/KRIW/KRIW20250331_165728_V06']"
117269,F,CR7,GUC UA /OV HBU124037/TM 1659/FL290/TP CR7/TB LGT OCNL MOD CHOP/RM ZDVWC-29,LGT OCNL MOD CHOP,202503311700-KMSC-UBUS01-PIREP,29000.0,38.105136444479584,-106.38714866208718,2025-03-31 16:59:00,2.0,U,"('KGJX', 'KPUX', 'KFTG', 'KABX', 'KCYS')","['s3://noaa-nexrad-level2/2025/03/31/KGJX/KGJX20250331_165838_V06', 's3://noaa-nexrad-level2/2025/03/31/KPUX/KPUX20250331_165706_V06', 's3://noaa-nexrad-level2/2025/03/31/KFTG/KFTG20250331_165220_V06', 's3://noaa-nexrad-level2/2025/03/31/KABX/KABX20250331_165704_V06', 's3://noaa-nexrad-level2/2025/03/31/KCYS/KCYS20250331_165418_V06']"
117270,F,DA40,HUF UA /OV TTH090015/TM 1700/FL100/TP DA40/SK OVCUNKN-TOP090/WX 10SM/TB NEG,NEG,202503311700-KMSC-UBUS01-PIREP,10000.0,39.49,-86.92602861156809,2025-03-31 17:00:00,0.0,L,"('KIND', 'KVWX', 'KLVX', 'KIWX', 'KLOT')","['s3://noaa-nexrad-level2/2025/03/31/KIND/KIND20250331_165740_V06', 's3://noaa-nexrad-level2/2025/03/31/KVWX/KVWX20250331_165346_V06', 's3://noaa-nexrad-level2/2025/03/31/KLVX/KLVX20250331_165639_V06', 's3://noaa-nexrad-level2/2025/03/31/KIWX/KIWX20250331_165959_V06', 's3://noaa-nexrad-level2/2025/03/31/KLOT/KLOT20250331_165245_V06']"
117271,F,A321,CLT UA /OV CLT110025/TM 1700/FL430/TP A321/TB OCNL LGT/RM ZTLFD-28,OCNL LGT,202503311700-KMSC-UBUS01-PIREP,43000.0,35.080030063756254,-80.47498365122155,2025-03-31 17:00:00,1.0,M,"('KCAE', 'KGSP', 'KFCX', 'KRAX', 'KLTX')","['s3://noaa-nexrad-level2/2025/03/31/KCAE/KCAE20250331_165746_V06', 's3://noaa-nexrad-level2/2025/03/31/KGSP/KGSP20250331_165904_V06', 's3://noaa-nexrad-level2/2025/03/31/KFCX/KFCX20250331_165138_V06', 's3://noaa-nexrad-level2/2025/03/31/KRAX/KRAX20250331_165153_V06', 's3://noaa-nexrad-level2/2025/03/31/KLTX/KLTX20250331_165533_V06']"
117272,F,AS65,GNV UA /OV TAY200020/TM 1700/FL020/TP AS65/SK TOP021/TB NEG/IC NEG,NEG,202503311700-KMSC-UBUS01-PIREP,2000.0,30.186743754678563,-82.68232601010922,2025-03-31 17:00:00,0.0,U,"('KVAX', 'KJAX', 'KTLH', 'KTBW', 'KJGX')","['s3://noaa-nexrad-level2/2025/03/31/KJAX/KJAX20250331_165752_V06', 's3://noaa-nexrad-level2/2025/03/31/KTLH/KTLH20250331_165729_V06', 's3://noaa-nexrad-level2/2025/03/31/KTBW/KTBW20250331_165556_V06', 's3://noaa-nexrad-level2/2025/03/31/KJGX/KJGX20250331_165355_V06']"
117273,F,B738,IND UA /OV FLM/TM 1700/FL370/TP B738/TB LGT,LGT,202503311700-KMSC-UBUS01-PIREP,37000.0,38.65,-84.31,2025-03-31 17:00:00,1.0,M,"('KILN', 'KJKL', 'KLVX', 'KIND', 'KRLX')","['s3://noaa-nexrad-level2/2025/03/31/KILN/KILN20250331_165652_V06', 's3://noaa-nexrad-level2/2025/03/31/KJKL/KJKL20250331_165642_V06', 's3://noaa-nexrad-level2/2025/03/31/KLVX/KLVX20250331_165639_V06', 's3://noaa-nexrad-level2/2025/03/31/KIND/KIND20250331_165740_V06', 's3://noaa-nexrad-level2/2025/03/31/KRLX/KRLX20250331_165628_V06']"
117274,F,A320,IND UA /OV YRK049018/TM 1700/FL340/TP A320/TB NEG,NEG,202503311700-KMSC-UBUS01-PIREP,34000.0,38.8368336509475,-82.69010672173374,2025-03-31 17:00:00,0.0,M,"('KRLX', 'KILN', 'KJKL', 'KCLE', 'KMRX')","['s3://noaa-nexrad-level2/2025/03/31/KRLX/KRLX20250331_165628_V06', 's3://noaa-nexrad-level2/2025/03/31/KILN/KILN20250331_165652_V06', 's3://noaa-nexrad-level2/2025/03/31/KJKL/KJKL20250331_165642_V06', 's3://noaa-nexrad-level2/2025/03/31/KCLE/KCLE20250331_165620_V06', 's3://noaa-nexrad-level2/2025/03/31/KMRX/KMRX20250331_165810_V06']"
117275,F,B38,AHN UA /OV AHN240020/TM 1701/FL200/TP B38/TB NEG/RM MOD BELOW 140 SMOOTH ABOVE 190 ZTLFD-16,NEG,202503311700-KMSC-UBUS01-PIREP,20000.0,33.78191983331983,-83.6743728843277,2025-03-31 17:01:00,0.0,U,"('KFFC', 'KJGX', 'KGSP', 'KMRX', 'KMXX')","['s3://noaa-nexrad-level2/2025/03/31/KFFC/KFFC20250331_170036_V06', 's3://noaa-nexrad-level2/2025/03/31/KJGX/KJGX20250331_170000_V06', 's3://noaa-nexrad-level2/2025/03/31/KGSP/KGSP20250331_165904_V06', 's3://noaa-nexrad-level2/2025/03/31/KMRX/KMRX20250331_165810_V06', 's3://noaa-nexrad-level2/2025/03/31/KMXX/KMXX20250331_165931_V06']"
117276,F,A319,MEM UA /OV MEM090080/TM 1702/FL340/TP A319/TB MOD 340/RM ZME,MOD 340,202503311700-KMSC-UBUS01-PIREP,34000.0,35.06111,-88.3559511705516,2025-03-31 17:02:00,3.0,M,"('KGWX', 'KNQA', 'KHPX', 'KPAH', 'KOHX')","['s3://noaa-nexrad-level2/2025/03/31/KGWX/KGWX20250331_165852_V06', 's3://noaa-nexrad-level2/2025/03/31/KNQA/KNQA20250331_165451_V06', 's3://noaa-nexrad-level2/2025/03/31/KHPX/KHPX20250331_170132_V06', 's3://noaa-nexrad-level2/2025/03/31/KPAH/KPAH20250331_170107_V06', 's3://noaa-nexrad-level2/2025/03/31/KOHX/KOHX20250331_165943_V06']"
117277,F,NMRS,FWA UA /OV FWA010060/TM 1702/FL290/TP NMRS/TB MOD/RM ZOB,MOD,202503311700-KMSC-UBUS01-PIREP,29000.0,41.96293752251997,-84.95710185923399,2025-03-31 17:02:00,3.0,U,"('KIWX', 'KGRR', 'KDTX', 'KIND', 'KILN')","['s3://noaa-nexrad-level2/2025/03/31/KIWX/KIWX20250331_165959_V06', 's3://noaa-nexrad-level2/2025/03/31/KGRR/KGRR20250331_170141_V06', 's3://noaa-nexrad-level2/2025/03/31/KDTX/KDTX20250331_165842_V06', 's3://noaa-nexrad-level2/2025/03/31/KIND/KIND20250331_165740_V06', 's3://noaa-nexrad-level2/2025/03/31/KILN/KILN20250331_165652_V06']"
117278,F,B737,PKB UA /OV JPU/TM 1702/FL340/TP B737/TB INTMT LGT CHOP,INTMT LGT CHOP,202503311700-KMSC-UBUS01-PIREP,34000.0,39.44,-81.37,2025-03-31 17:02:00,1.0,M,"('KRLX', 'KPBZ', 'KCLE', 'KILN', 'KFCX')","['s3://noaa-nexrad-level2/2025/03/31/KRLX/KRLX20250331_170036_V06', 's3://noaa-nexrad-level2/2025/03/31/KPBZ/KPBZ20250331_170158_V06', 's3://noaa-nexrad-level2/2025/03/31/KCLE/KCLE20250331_165620_V06', 's3://noaa-nexrad-level2/2025/03/31/KILN/KILN20250331_165652_V06', 's3://noaa-nexrad-level2/2025/03/31/KFCX/KFCX20250331_170000_V06']"
117279,F,E145,SYR UA /OV SYR150020/TM 1703/FL085/TP E145/TB MOD CHOP 085,MOD CHOP 085,202503311700-KMSC-UBUS01-PIREP,8500.0,42.8224914826959,-75.87799001778464,2025-03-31 17:03:00,3.0,M,"('KBGM', 'KTYX', 'KENX', 'KCCX', 'KBUF')","['s3://noaa-nexrad-level2/2025/03/31/KBGM/KBGM20250331_165559_V06', 's3://noaa-nexrad-level2/2025/03/31/KTYX/KTYX20250331_165843_V06', 's3://noaa-nexrad-level2/2025/03/31/KENX/KENX20250331_170121_V06', 's3://noaa-nexrad-level2/2025/03/31/KCCX/KCCX20250331_165956_V06', 's3://noaa-nexrad-level2/2025/03/31/KBUF/KBUF20250331_165549_V06']"
117280,F,BCS3,ACY UA /OV SIE138016/TM 1703/FL370/TP BCS3/TB MOD,MOD,202503311700-KMSC-UBUS01-PIREP,37000.0,38.90181199459508,-74.57005333705177,2025-03-31 17:03:00,3.0,U,"('KDOX', 'KDIX', 'KOKX', 'KLWX', 'KAKQ')","['s3://noaa-nexrad-level2/2025/03/31/KDOX/KDOX20250331_170202_V06', 's3://noaa-nexrad-level2/2025/03/31/KDIX/KDIX20250331_170017_V06', 's3://noaa-nexrad-level2/2025/03/31/KOKX/KOKX20250331_165429_V06', 's3://noaa-nexrad-level2/2025/03/31/KLWX/KLWX20250331_170240_V06', 's3://noaa-nexrad-level2/2025/03/31/KAKQ/KAKQ20250331_165832_V06']"
117281,F,B737,BUF UA /OV BUF/TM 1703/FL380/TP B737/TB LGT-MOD CHOP/RM ZOB,LGT-MOD CHOP,202503311700-KMSC-UBUS01-PIREP,38000.0,42.9408,-78.7358,2025-03-31 17:03:00,2.0,M,"('KBUF', 'KCCX', 'KPBZ', 'KBGM', 'KTYX')","['s3://noaa-nexrad-level2/2025/03/31/KBUF/KBUF20250331_165549_V06', 's3://noaa-nexrad-level2/2025/03/31/KCCX/KCCX20250331_165956_V06', 's3://noaa-nexrad-level2/2025/03/31/KPBZ/KPBZ20250331_170158_V06', 's3://noaa-nexrad-level2/2025/03/31/KBGM/KBGM20250331_165559_V06', 's3://noaa-nexrad-level2/2025/03/31/KTYX/KTYX20250331_165843_V06']"
117282,F,B737,TAD UA /OV TBE340040/TM 1703/FL290/TP B737/TB MOD CHOP/RM ZDVWC-29,MOD CHOP,202503311700-KMSC-UBUS01-PIREP,29000.0,37.89651249064288,-103.88654759042238,2025-03-31 17:03:00,3.0,M,"('KPUX', 'KFTG', 'KGLD', 'KFDX', 'KCYS')","['s3://noaa-nexrad-level2/2025/03/31/KPUX/KPUX20250331_165706_V06', 's3://noaa-nexrad-level2/2025/03/31/KFTG/KFTG20250331_165922_V06', 's3://noaa-nexrad-level2/2025/03/31/KGLD/KGLD20250331_170057_V06', 's3://noaa-nexrad-level2/2025/03/31/KFDX/KFDX20250331_170043_V06', 's3://noaa-nexrad-level2/2025/03/31/KCYS/KCYS20250331_165418_V06']"
117283,F,B737,LEX UA /OV FLM/TM 1703/FL360/TP B737/TB LGT-MOD CHOP,LGT-MOD CHOP,202503311700-KMSC-UBUS01-PIREP,36000.0,38.65,-84.31,2025-03-31 17:03:00,2.0,M,"('KILN', 'KJKL', 'KLVX', 'KIND', 'KRLX')","['s3://noaa-nexrad-level2/2025/03/31/KILN/KILN20250331_170215_V06', 's3://noaa-nexrad-level2/2025/03/31/KJKL/KJKL20250331_170053_V06', 's3://noaa-nexrad-level2/2025/03/31/KLVX/KLVX20250331_165639_V06', 's3://noaa-nexrad-level2/2025/03/31/KIND/KIND20250331_165740_V06', 's3://noaa-nexrad-level2/2025/03/31/KRLX/KRLX20250331_170036_V06']"
117284,F,A321,COS UA /OV BRK287048/TM 1704/FL330/TP A321/TB MOD CHOP/RM ZDVWC-29,MOD CHOP,202503311700-KMSC-UBUS01-PIREP,33000.0,39.1739163094836,-105.61367355336247,2025-03-31 17:04:00,3.0,M,"('KFTG', 'KPUX', 'KCYS', 'KGJX', 'KGLD')","['s3://noaa-nexrad-level2/2025/03/31/KFTG/KFTG20250331_165922_V06', 's3://noaa-nexrad-level2/2025/03/31/KPUX/KPUX20250331_165706_V06', 's3://noaa-nexrad-level2/2025/03/31/KCYS/KCYS20250331_165418_V06', 's3://noaa-nexrad-level2/2025/03/31/KGJX/KGJX20250331_165838_V06', 's3://noaa-nexrad-level2/2025/03/31/KGLD/KGLD20250331_170057_V06']"
117285,F,A320,CVG UA /OV CVG360010/TM 1704/FL260/TP A320/TB NEG,NEG,202503311700-KMSC-UBUS01-PIREP,26000.0,39.20974016668016,-84.67167,2025-03-31 17:04:00,0.0,M,"('KILN', 'KIND', 'KLVX', 'KJKL', 'KIWX')","['s3://noaa-nexrad-level2/2025/03/31/KILN/KILN20250331_170215_V06', 's3://noaa-nexrad-level2/2025/03/31/KIND/KIND20250331_165740_V06', 's3://noaa-nexrad-level2/2025/03/31/KLVX/KLVX20250331_170327_V06', 's3://noaa-nexrad-level2/2025/03/31/KJKL/KJKL20250331_170053_V06', 's3://noaa-nexrad-level2/2025/03/31/KIWX/KIWX20250331_165959_V06']"
117286,F,B737,LEX UA /OV FLM/TM 1704/FL350/TP B737/TB OCNL LGT CHOP/RM VMC,OCNL LGT CHOP,202503311700-KMSC-UBUS01-PIREP,35000.0,38.65,-84.31,2025-03-31 17:04:00,1.0,M,"('KILN', 'KJKL', 'KLVX', 'KIND', 'KRLX')","['s3://noaa-nexrad-level2/2025/03/31/KILN/KILN20250331_170215_V06', 's3://noaa-nexrad-level2/2025/03/31/KJKL/KJKL20250331_170053_V06', 's3://noaa-nexrad-level2/2025/03/31/KLVX/KLVX20250331_170327_V06', 's3://noaa-nexrad-level2/2025/03/31/KIND/KIND20250331_165740_V06', 's3://noaa-nexrad-level2/2025/03/31/KRLX/KRLX20250331_170036_V06']"
117287,F,A321,ALS UA /OV ALS/TM 1705/FL350/TP A321/TB CONS LGT-MOD/RM ZDVWC-,CONS LGT-MOD,202503311700-KMSC-UBUS01-PIREP,35000.0,37.43889,-105.86139,2025-03-31 17:05:00,2.0,M,"('KPUX', 'KABX', 'KFTG', 'KGJX', 'KFDX')","['s3://noaa-nexrad-level2/2025/03/31/KPUX/KPUX20250331_170412_V06', 's3://noaa-nexrad-level2/2025/03/31/KABX/KABX20250331_170413_V06', 's3://noaa-nexrad-level2/2025/03/31/KFTG/KFTG20250331_165922_V06', 's3://noaa-nexrad-level2/2025/03/31/KGJX/KGJX20250331_170411_V06', 's3://noaa-nexrad-level2/2025/03/31/KFDX/KFDX20250331_170043_V06']"
117288,F,A319,POU UA /OV IGN360025/TM 1705/FL360/TP A319/TB CONS LGT CHOP 360,CONS LGT CHOP 360,202503311700-KMSC-UBUS01-PIREP,36000.0,42.08670041670042,-73.82,2025-03-31 17:05:00,1.0,M,"('KENX', 'KOKX', 'KBGM', 'KDIX', 'KTYX')","['s3://noaa-nexrad-level2/2025/03/31/KENX/KENX20250331_170121_V06', 's3://noaa-nexrad-level2/2025/03/31/KOKX/KOKX20250331_170308_V06', 's3://noaa-nexrad-level2/2025/03/31/KBGM/KBGM20250331_170306_V06', 's3://noaa-nexrad-level2/2025/03/31/KDIX/KDIX20250331_170017_V06', 's3://noaa-nexrad-level2/2025/03/31/KTYX/KTYX20250331_170346_V06']"
117289,F,A321,ALS UA /OV ALS/TM 1705/FL350/TP A321/TB CONS LGT-MOD/RM ZDVWC,CONS LGT-MOD,202503311710-KWBC-UBUS31-PRCUS,35000.0,37.43889,-105.86139,2025-03-31 17:05:00,2.0,M,"('KPUX', 'KABX', 'KFTG', 'KGJX', 'KFDX')","['s3://noaa-nexrad-level2/2025/03/31/KPUX/KPUX20250331_170412_V06', 's3://noaa-nexrad-level2/2025/03/31/KABX/KABX20250331_170413_V06', 's3://noaa-nexrad-level2/2025/03/31/KFTG/KFTG20250331_165922_V06', 's3://noaa-nexrad-level2/2025/03/31/KGJX/KGJX20250331_170411_V06', 's3://noaa-nexrad-level2/2025/03/31/KFDX/KFDX20250331_170043_V06']"
117290,F,E75L,ASE UA /OV ASE/TM 1705/FL130/TP E75L/TB LGT/RM +/- 10KTS SHORT FINAL RWY 15 DURD,LGT,202503311700-KMSC-UBUS01-PIREP,13000.0,39.22317,-106.86886,2025-03-31 17:05:00,1.0,U,"('KGJX', 'KFTG', 'KPUX', 'KCYS', 'KABX')","['s3://noaa-nexrad-level2/2025/03/31/KGJX/KGJX20250331_170411_V06', 's3://noaa-nexrad-level2/2025/03/31/KFTG/KFTG20250331_165922_V06', 's3://noaa-nexrad-level2/2025/03/31/KPUX/KPUX20250331_170412_V06', 's3://noaa-nexrad-level2/2025/03/31/KCYS/KCYS20250331_170401_V06', 's3://noaa-nexrad-level2/2025/03/31/KABX/KABX20250331_170413_V06']"
117291,F,CRJ9,MSL UA /OV MSL045030/TM 1706/FL280/TP CRJ9/TB MOD 280/RM ZME,MOD 280,202503311700-KMSC-UBUS01-PIREP,28000.0,35.097432028446555,-87.1693187508955,2025-03-31 17:06:00,3.0,U,"('KHTX', 'KOHX', 'KHPX', 'KGWX', 'KBMX')","['s3://noaa-nexrad-level2/2025/03/31/KHTX/KHTX20250331_170511_V06', 's3://noaa-nexrad-level2/2025/03/31/KOHX/KOHX20250331_170402_V06', 's3://noaa-nexrad-level2/2025/03/31/KHPX/KHPX20250331_170132_V06', 's3://noaa-nexrad-level2/2025/03/31/KGWX/KGWX20250331_170345_V06', 's3://noaa-nexrad-level2/2025/03/31/KBMX/KBMX20250331_170331_V06']"
117292,F,B737,DAY UA /OV SGH240010/TM 1706/FL240/TP B737/TB OCNL LGT CHOP/RM VMC,OCNL LGT CHOP,202503311700-KMSC-UBUS01-PIREP,24000.0,39.75695021665992,-84.02815569182083,2025-03-31 17:06:00,1.0,M,"('KILN', 'KIND', 'KJKL', 'KIWX', 'KLVX')","['s3://noaa-nexrad-level2/2025/03/31/KILN/KILN20250331_170215_V06', 's3://noaa-nexrad-level2/2025/03/31/KIND/KIND20250331_170433_V06', 's3://noaa-nexrad-level2/2025/03/31/KJKL/KJKL20250331_170504_V06', 's3://noaa-nexrad-level2/2025/03/31/KIWX/KIWX20250331_165959_V06', 's3://noaa-nexrad-level2/2025/03/31/KLVX/KLVX20250331_170327_V06']"
117293,F,A332,AVP UA /OV LVZ010030/TM 1707/FL320/TP A332/TB LGT,LGT,202503311700-KMSC-UBUS01-PIREP,32000.0,41.76244376125999,-75.57447310833638,2025-03-31 17:07:00,1.0,H,"('KBGM', 'KENX', 'KTYX', 'KDIX', 'KCCX')","['s3://noaa-nexrad-level2/2025/03/31/KBGM/KBGM20250331_170306_V06', 's3://noaa-nexrad-level2/2025/03/31/KENX/KENX20250331_170552_V06', 's3://noaa-nexrad-level2/2025/03/31/KTYX/KTYX20250331_170346_V06', 's3://noaa-nexrad-level2/2025/03/31/KDIX/KDIX20250331_170017_V06', 's3://noaa-nexrad-level2/2025/03/31/KCCX/KCCX20250331_165956_V06']"
117294,F,B737,MGM UA /OV MGM090020/TM 1707/FL320/TP B737/TB LGT CHOP/RM ZTLFD-10,LGT CHOP,202503311700-KMSC-UBUS01-PIREP,32000.0,32.30064,-85.99958015024899,2025-03-31 17:07:00,1.0,M,"('KMXX', 'KEOX', 'KBMX', 'KEVX', 'KFFC')","['s3://noaa-nexrad-level2/2025/03/31/KMXX/KMXX20250331_170457_V06', 's3://noaa-nexrad-level2/2025/03/31/KEOX/KEOX20250331_170435_V06', 's3://noaa-nexrad-level2/2025/03/31/KBMX/KBMX20250331_170331_V06', 's3://noaa-nexrad-level2/2025/03/31/KEVX/KEVX20250331_170041_V06', 's3://noaa-nexrad-level2/2025/03/31/KFFC/KFFC20250331_170036_V06']"
117295,F,B739,TAD UA /OV TBE060020/TM 1707/FL310/TP B739/TB CONS LGT-OCNL MOD CHOP/RM ZAB/FDCS,CONS LGT-OCNL MOD CHOP,202503311700-KMSC-UBUS01-PIREP,31000.0,37.43668016668017,-103.2372180154566,2025-03-31 17:07:00,2.0,M,"('KPUX', 'KGLD', 'KAMA', 'KFTG', 'KFDX')","['s3://noaa-nexrad-level2/2025/03/31/KPUX/KPUX20250331_170412_V06', 's3://noaa-nexrad-level2/2025/03/31/KGLD/KGLD20250331_170057_V06', 's3://noaa-nexrad-level2/2025/03/31/KAMA/KAMA20250331_170233_V06', 's3://noaa-nexrad-level2/2025/03/31/KFTG/KFTG20250331_170626_V06', 's3://noaa-nexrad-level2/2025/03/31/KFDX/KFDX20250331_170043_V06']"
117296,F,B737,WRB UA /OV MCN/TM 1707/FL210/TP B737/SK IMC/TB LGT CHOP/RM ZTLFD-19,LGT CHOP,202503311700-KMSC-UBUS01-PIREP,21000.0,32.69285,-83.64921,2025-03-31 17:07:00,1.0,M,"('KJGX', 'KFFC', 'KVAX', 'KMXX', 'KEOX')","['s3://noaa-nexrad-level2/2025/03/31/KJGX/KJGX20250331_170000_V06', 's3://noaa-nexrad-level2/2025/03/31/KFFC/KFFC20250331_170036_V06', 's3://noaa-nexrad-level2/2025/03/31/KMXX/KMXX20250331_170457_V06', 's3://noaa-nexrad-level2/2025/03/31/KEOX/KEOX20250331_170435_V06']"
117297,F,BCS3,IJD UA /OV ORW/TM 1707/FL340/TP BCS3/TB CONS MOD CHOP 340,CONS MOD CHOP 340,202503311700-KMSC-UBUS01-PIREP,34000.0,41.56,-72.0,2025-03-31 17:07:00,3.0,U,"('KBOX', 'KOKX', 'KENX', 'KDIX', 'KGYX')","['s3://noaa-nexrad-level2/2025/03/31/KBOX/KBOX20250331_170539_V06', 's3://noaa-nexrad-level2/2025/03/31/KOKX/KOKX20250331_170308_V06', 's3://noaa-nexrad-level2/2025/03/31/KENX/KENX20250331_170552_V06', 's3://noaa-nexrad-level2/2025/03/31/KDIX/KDIX20250331_170017_V06', 's3://noaa-nexrad-level2/2025/03/31/KGYX/KGYX20250331_170455_V06']"
117298,F,B738,HTS UA /OV AZQ300025/TM 1707/FL290/TP B738/TB NEG,NEG,202503311700-KMSC-UBUS01-PIREP,29000.0,37.59835020835021,-83.71420237006083,2025-03-31 17:07:00,0.0,M,"('KJKL', 'KMRX', 'KILN', 'KRLX', 'KLVX')","['s3://noaa-nexrad-level2/2025/03/31/KJKL/KJKL20250331_170504_V06', 's3://noaa-nexrad-level2/2025/03/31/KMRX/KMRX20250331_170255_V06', 's3://noaa-nexrad-level2/2025/03/31/KILN/KILN20250331_170215_V06', 's3://noaa-nexrad-level2/2025/03/31/KRLX/KRLX20250331_170445_V06', 's3://noaa-nexrad-level2/2025/03/31/KLVX/KLVX20250331_170327_V06']"
117299,F,A319,IND UA /OV SHB180040/TM 1707/FL250/TP A319/TB CONS LGT CHOP-OCNL MOD CHOP,CONS LGT CHOP-OCNL MOD CHOP,202503311700-KMSC-UBUS01-PIREP,25000.0,38.96327933327934,-85.82,2025-03-31 17:07:00,2.0,M,"('KIND', 'KLVX', 'KVWX', 'KILN', 'KIWX')","['s3://noaa-nexrad-level2/2025/03/31/KIND/KIND20250331_170433_V06', 's3://noaa-nexrad-level2/2025/03/31/KLVX/KLVX20250331_170327_V06', 's3://noaa-nexrad-level2/2025/03/31/KVWX/KVWX20250331_170041_V06', 's3://noaa-nexrad-level2/2025/03/31/KILN/KILN20250331_170215_V06', 's3://noaa-nexrad-level2/2025/03/31/KIWX/KIWX20250331_165959_V06']"
117300,F,C25B,ATL UA /OV GSU/TM 1708/FL410/TP C25B/TB OCNL MOD CHOP/RM ZTLFD-27,OCNL MOD CHOP,202503311700-KMSC-UBUS01-PIREP,41000.0,33.6301,-84.4418,2025-03-31 17:08:00,3.0,U,"('KFFC', 'KJGX', 'KMXX', 'KHTX', 'KBMX')","['s3://noaa-nexrad-level2/2025/03/31/KFFC/KFFC20250331_170707_V06', 's3://noaa-nexrad-level2/2025/03/31/KJGX/KJGX20250331_170706_V06', 's3://noaa-nexrad-level2/2025/03/31/KMXX/KMXX20250331_170457_V06', 's3://noaa-nexrad-level2/2025/03/31/KHTX/KHTX20250331_170511_V06', 's3://noaa-nexrad-level2/2025/03/31/KBMX/KBMX20250331_170746_V06']"
117301,F,A321,COS UA /OV BRK/TM 1708/FL350/TP A321/TB CONS MOD/RM ZDVWC-,CONS MOD,202503311700-KMSC-UBUS01-PIREP,35000.0,38.94,-104.63,2025-03-31 17:08:00,3.0,M,"('KPUX', 'KFTG', 'KCYS', 'KGLD', 'KGJX')","['s3://noaa-nexrad-level2/2025/03/31/KPUX/KPUX20250331_170412_V06', 's3://noaa-nexrad-level2/2025/03/31/KFTG/KFTG20250331_170626_V06', 's3://noaa-nexrad-level2/2025/03/31/KCYS/KCYS20250331_170401_V06', 's3://noaa-nexrad-level2/2025/03/31/KGLD/KGLD20250331_170057_V06', 's3://noaa-nexrad-level2/2025/03/31/KGJX/KGJX20250331_170411_V06']"
117302,F,B738,CRG UA /OV CRG090030/TM 1708/FL320/TP B738/TB OCNL LGT CHOP,OCNL LGT CHOP,202503311700-KMSC-UBUS01-PIREP,32000.0,30.3361,-80.93533082034736,2025-03-31 17:08:00,1.0,M,"('KJAX', 'KVAX', 'KMLB', 'KCLX', 'KTBW')","['s3://noaa-nexrad-level2/2025/03/31/KJAX/KJAX20250331_170604_V06', 's3://noaa-nexrad-level2/2025/03/31/KMLB/KMLB20250331_170454_V06', 's3://noaa-nexrad-level2/2025/03/31/KTBW/KTBW20250331_170302_V06']"
117303,F,A21N,DTW UA /OV CRL100045/TM 1708/FL280/TP A21N/TB CONS MOD CAT/RM ZOB,CONS MOD CAT,202503311700-KMSC-UBUS01-PIREP,28000.0,41.91975331761245,-82.46524532812386,2025-03-31 17:08:00,3.0,U,"('KCLE', 'KDTX', 'KPBZ', 'KILN', 'KGRR')","['s3://noaa-nexrad-level2/2025/03/31/KCLE/KCLE20250331_170314_V06', 's3://noaa-nexrad-level2/2025/03/31/KDTX/KDTX20250331_170532_V06', 's3://noaa-nexrad-level2/2025/03/31/KPBZ/KPBZ20250331_170158_V06', 's3://noaa-nexrad-level2/2025/03/31/KILN/KILN20250331_170728_V06', 's3://noaa-nexrad-level2/2025/03/31/KGRR/KGRR20250331_170141_V06']"
117304,F,A321,GUC UA /OV HBU251011/TM 1708/FL300/TP A321/TB MOD/RM 1 MIN OF MOD CHOP ZDVWC-,MOD,202503311700-KMSC-UBUS01-PIREP,30000.0,38.39030767032426,-107.26136100171075,2025-03-31 17:08:00,3.0,M,"('KGJX', 'KFTG', 'KPUX', 'KABX', 'KCYS')","['s3://noaa-nexrad-level2/2025/03/31/KGJX/KGJX20250331_170411_V06', 's3://noaa-nexrad-level2/2025/03/31/KFTG/KFTG20250331_170626_V06', 's3://noaa-nexrad-level2/2025/03/31/KPUX/KPUX20250331_170412_V06', 's3://noaa-nexrad-level2/2025/03/31/KABX/KABX20250331_170413_V06', 's3://noaa-nexrad-level2/2025/03/31/KCYS/KCYS20250331_170401_V06']"
117305,F,A321,COS UA /OV BRK/TM 1708/FL350/TP A321/TB CONS MOD/RM ZDVWC,CONS MOD,202503311715-KWBC-UBUS31-PRCUS,35000.0,38.94,-104.63,2025-03-31 17:08:00,3.0,M,"('KPUX', 'KFTG', 'KCYS', 'KGLD', 'KGJX')","['s3://noaa-nexrad-level2/2025/03/31/KPUX/KPUX20250331_170412_V06', 's3://noaa-nexrad-level2/2025/03/31/KFTG/KFTG20250331_170626_V06', 's3://noaa-nexrad-level2/2025/03/31/KCYS/KCYS20250331_170401_V06', 's3://noaa-nexrad-level2/2025/03/31/KGLD/KGLD20250331_170057_V06', 's3://noaa-nexrad-level2/2025/03/31/KGJX/KGJX20250331_170411_V06']"
117306,F,A321,GUC UA /OV HBU251011/TM 1708/FL300/TP A321/TB MOD/RM 1 MIN OF MOD CHOP ZDVWC,MOD,202503311715-KWBC-UBUS31-PRCUS,30000.0,38.39030767032426,-107.26136100171075,2025-03-31 17:08:00,3.0,M,"('KGJX', 'KFTG', 'KPUX', 'KABX', 'KCYS')","['s3://noaa-nexrad-level2/2025/03/31/KGJX/KGJX20250331_170411_V06', 's3://noaa-nexrad-level2/2025/03/31/KFTG/KFTG20250331_170626_V06', 's3://noaa-nexrad-level2/2025/03/31/KPUX/KPUX20250331_170412_V06', 's3://noaa-nexrad-level2/2025/03/31/KABX/KABX20250331_170413_V06', 's3://noaa-nexrad-level2/2025/03/31/KCYS/KCYS20250331_170401_V06']"
117307,F,A321,ALS UA /OV ALS/TM 1709/FL360/TP A321/TB LGT/RM LGT MTW +5-10KT. ZDVWC-,LGT,202503311700-KMSC-UBUS01-PIREP,36000.0,37.43889,-105.86139,2025-03-31 17:09:00,1.0,M,"('KPUX', 'KABX', 'KFTG', 'KGJX', 'KFDX')","['s3://noaa-nexrad-level2/2025/03/31/KPUX/KPUX20250331_170412_V06', 's3://noaa-nexrad-level2/2025/03/31/KABX/KABX20250331_170413_V06', 's3://noaa-nexrad-level2/2025/03/31/KFTG/KFTG20250331_170626_V06', 's3://noaa-nexrad-level2/2025/03/31/KGJX/KGJX20250331_170411_V06', 's3://noaa-nexrad-level2/2025/03/31/KFDX/KFDX20250331_170749_V06']"
117308,F,C182,ANK UA /OV ANK /TM 1709 /FL135 /TP C182 /SK SCT140 /TB OCNL LGT CHOP /RM NB,OCNL LGT CHOP,202503311700-KMSC-UBUS01-PIREP,13500.0,38.5382778,-106.0486389,2025-03-31 17:09:00,1.0,L,"('KPUX', 'KFTG', 'KGJX', 'KCYS', 'KABX')","['s3://noaa-nexrad-level2/2025/03/31/KPUX/KPUX20250331_170412_V06', 's3://noaa-nexrad-level2/2025/03/31/KFTG/KFTG20250331_170626_V06', 's3://noaa-nexrad-level2/2025/03/31/KGJX/KGJX20250331_170411_V06', 's3://noaa-nexrad-level2/2025/03/31/KCYS/KCYS20250331_170401_V06', 's3://noaa-nexrad-level2/2025/03/31/KABX/KABX20250331_170413_V06']"
117309,F,PRM1,FDY UA /OV FBC270020/TM 1709/FL410/TP PRM1/TB LGT-MOD CHOP/RM ZOB,LGT-MOD CHOP,202503311700-KMSC-UBUS01-PIREP,41000.0,41.01361,-83.66861,2025-03-31 17:09:00,2.0,L,"('KILN', 'KDTX', 'KCLE', 'KIWX', 'KGRR')","['s3://noaa-nexrad-level2/2025/03/31/KILN/KILN20250331_170728_V06', 's3://noaa-nexrad-level2/2025/03/31/KDTX/KDTX20250331_170532_V06', 's3://noaa-nexrad-level2/2025/03/31/KCLE/KCLE20250331_170314_V06', 's3://noaa-nexrad-level2/2025/03/31/KIWX/KIWX20250331_170828_V06', 's3://noaa-nexrad-level2/2025/03/31/KGRR/KGRR20250331_170141_V06']"
117310,F,B753,TEX UA /OV ETL/TM 1709/FL340/TP B753/TB MOD CHOP/RM ZDVWC-37,MOD CHOP,202503311700-KMSC-UBUS01-PIREP,34000.0,38.04,-108.26,2025-03-31 17:09:00,3.0,M,"('KGJX', 'KABX', 'KPUX', 'KFTG', 'KFSX')","['s3://noaa-nexrad-level2/2025/03/31/KGJX/KGJX20250331_170411_V06', 's3://noaa-nexrad-level2/2025/03/31/KABX/KABX20250331_170413_V06', 's3://noaa-nexrad-level2/2025/03/31/KPUX/KPUX20250331_170412_V06', 's3://noaa-nexrad-level2/2025/03/31/KFTG/KFTG20250331_170626_V06', 's3://noaa-nexrad-level2/2025/03/31/KFSX/KFSX20250331_170019_V06']"
117311,F,A321,ALS UA /OV ALS/TM 1709/FL360/TP A321/TB LGT/RM LGT MTW +5-10KT. ZDVWC,LGT,202503311715-KWBC-UBUS31-PRCUS,36000.0,37.43889,-105.86139,2025-03-31 17:09:00,1.0,M,"('KPUX', 'KABX', 'KFTG', 'KGJX', 'KFDX')","['s3://noaa-nexrad-level2/2025/03/31/KPUX/KPUX20250331_170412_V06', 's3://noaa-nexrad-level2/2025/03/31/KABX/KABX20250331_170413_V06', 's3://noaa-nexrad-level2/2025/03/31/KFTG/KFTG20250331_170626_V06', 's3://noaa-nexrad-level2/2025/03/31/KGJX/KGJX20250331_170411_V06', 's3://noaa-nexrad-level2/2025/03/31/KFDX/KFDX20250331_170749_V06']"
117312,F,CRJ7,DXR UA /OV CMK/TM 1709/FL280/TP CRJ7/TB OCNL LGT CHOP,OCNL LGT CHOP,202503311700-KMSC-UBUS01-PIREP,28000.0,41.28,-73.58,2025-03-31 17:09:00,1.0,M,"('KOKX', 'KENX', 'KDIX', 'KBOX', 'KBGM')","['s3://noaa-nexrad-level2/2025/03/31/KOKX/KOKX20250331_170308_V06', 's3://noaa-nexrad-level2/2025/03/31/KENX/KENX20250331_170552_V06', 's3://noaa-nexrad-level2/2025/03/31/KDIX/KDIX20250331_170715_V06', 's3://noaa-nexrad-level2/2025/03/31/KBOX/KBOX20250331_170539_V06', 's3://noaa-nexrad-level2/2025/03/31/KBGM/KBGM20250331_170306_V06']"
117313,F,B712,AND UA /OV ELW/TM 1710/FL290/TP B712/TB OCNL LGT CHOP/IC NEG/RM ZTLFD-32,OCNL LGT CHOP,202503311700-KMSC-UBUS01-PIREP,29000.0,34.42,-82.78,2025-03-31 17:10:00,1.0,M,"('KGSP', 'KCAE', 'KJGX', 'KMRX', 'KFFC')","['s3://noaa-nexrad-level2/2025/03/31/KGSP/KGSP20250331_170932_V06', 's3://noaa-nexrad-level2/2025/03/31/KCAE/KCAE20250331_170836_V06', 's3://noaa-nexrad-level2/2025/03/31/KJGX/KJGX20250331_170706_V06', 's3://noaa-nexrad-level2/2025/03/31/KMRX/KMRX20250331_170740_V06', 's3://noaa-nexrad-level2/2025/03/31/KFFC/KFFC20250331_170707_V06']"
117314,F,CL35,ASE UA /OV DBL045015/TM 1710/FL430/TP CL35/TB CONS MOD/RM ZDVWC-05,CONS MOD,202503311700-KMSC-UBUS01-PIREP,43000.0,39.61679101422328,-106.67108216503333,2025-03-31 17:10:00,3.0,U,"('KGJX', 'KFTG', 'KCYS', 'KPUX', 'KRIW')","['s3://noaa-nexrad-level2/2025/03/31/KGJX/KGJX20250331_170944_V06', 's3://noaa-nexrad-level2/2025/03/31/KFTG/KFTG20250331_170626_V06', 's3://noaa-nexrad-level2/2025/03/31/KCYS/KCYS20250331_170401_V06', 's3://noaa-nexrad-level2/2025/03/31/KPUX/KPUX20250331_170412_V06', 's3://noaa-nexrad-level2/2025/03/31/KRIW/KRIW20250331_170756_V06']"
117315,F,CRJ9,FWA UA /OV FWA360020/TM 1711/FL390/TP CRJ9/TB LGT-MOD CHOP/RM ZOB,LGT-MOD CHOP,202503311700-KMSC-UBUS01-PIREP,39000.0,41.311410333360335,-85.18713,2025-03-31 17:11:00,2.0,U,"('KIWX', 'KGRR', 'KIND', 'KDTX', 'KILN')","['s3://noaa-nexrad-level2/2025/03/31/KIWX/KIWX20250331_170828_V06', 's3://noaa-nexrad-level2/2025/03/31/KGRR/KGRR20250331_170952_V06', 's3://noaa-nexrad-level2/2025/03/31/KIND/KIND20250331_170433_V06', 's3://noaa-nexrad-level2/2025/03/31/KDTX/KDTX20250331_170532_V06', 's3://noaa-nexrad-level2/2025/03/31/KILN/KILN20250331_170728_V06']"
117316,F,CL60,GAD UA /OV GAD230015/TM 1711/FL210/TP CL60/TB LGT OCNL CHOP/RM ZTLFD-05,LGT OCNL CHOP,202503311700-KMSC-UBUS01-PIREP,21000.0,33.811940081116255,-86.32002851718319,2025-03-31 17:11:00,1.0,M,"('KBMX', 'KHTX', 'KMXX', 'KFFC', 'KGWX')","['s3://noaa-nexrad-level2/2025/03/31/KBMX/KBMX20250331_170746_V06', 's3://noaa-nexrad-level2/2025/03/31/KHTX/KHTX20250331_170944_V06', 's3://noaa-nexrad-level2/2025/03/31/KMXX/KMXX20250331_171025_V06', 's3://noaa-nexrad-level2/2025/03/31/KFFC/KFFC20250331_170707_V06', 's3://noaa-nexrad-level2/2025/03/31/KGWX/KGWX20250331_170849_V06']"
117317,F,B738,HTS UA /OV AZQ/TM 1711/FL378/TP B738/TB CONS MOD CHOP,CONS MOD CHOP,202503311700-KMSC-UBUS01-PIREP,37800.0,37.39,-83.26,2025-03-31 17:11:00,3.0,M,"('KJKL', 'KMRX', 'KRLX', 'KILN', 'KGSP')","['s3://noaa-nexrad-level2/2025/03/31/KJKL/KJKL20250331_170915_V06', 's3://noaa-nexrad-level2/2025/03/31/KMRX/KMRX20250331_170740_V06', 's3://noaa-nexrad-level2/2025/03/31/KRLX/KRLX20250331_170853_V06', 's3://noaa-nexrad-level2/2025/03/31/KILN/KILN20250331_170728_V06', 's3://noaa-nexrad-level2/2025/03/31/KGSP/KGSP20250331_170932_V06']"
117318,F,CL60,ATL UA /OV ATL270075/TM 1712/FL217/TP CL60/TB LGT CHOP/RM ZTLFD-03,LGT CHOP,202503311700-KMSC-UBUS01-PIREP,21700.0,33.6301,-85.94318794223427,2025-03-31 17:12:00,1.0,M,"('KBMX', 'KMXX', 'KHTX', 'KFFC', 'KEOX')","['s3://noaa-nexrad-level2/2025/03/31/KBMX/KBMX20250331_171147_V06', 's3://noaa-nexrad-level2/2025/03/31/KMXX/KMXX20250331_171025_V06', 's3://noaa-nexrad-level2/2025/03/31/KHTX/KHTX20250331_170944_V06', 's3://noaa-nexrad-level2/2025/03/31/KFFC/KFFC20250331_170707_V06', 's3://noaa-nexrad-level2/2025/03/31/KEOX/KEOX20250331_171132_V06']"
117319,F,A35K,PWM UA /OV ENE200020/TM 1712/FL380/TP A35K/TB LGT-MOD 380,LGT-MOD 380,202503311700-KMSC-UBUS01-PIREP,38000.0,43.116743754678566,-70.76700030751357,2025-03-31 17:12:00,2.0,U,"('KGYX', 'KBOX', 'KCXX', 'KOKX', 'KENX')","['s3://noaa-nexrad-level2/2025/03/31/KGYX/KGYX20250331_170923_V06', 's3://noaa-nexrad-level2/2025/03/31/KBOX/KBOX20250331_171010_V06', 's3://noaa-nexrad-level2/2025/03/31/KCXX/KCXX20250331_171011_V06', 's3://noaa-nexrad-level2/2025/03/31/KOKX/KOKX20250331_171124_V06', 's3://noaa-nexrad-level2/2025/03/31/KENX/KENX20250331_170552_V06']"
117320,F,E145,RMG UA /OV RMG300020/TM 1712/FL300/TP E145/TB NEG/RM SMOOTH ZTLFD-03,NEG,202503311700-KMSC-UBUS01-PIREP,30000.0,34.514460166680166,-85.51078139185346,2025-03-31 17:12:00,0.0,M,"('KHTX', 'KFFC', 'KBMX', 'KMXX', 'KOHX')","['s3://noaa-nexrad-level2/2025/03/31/KHTX/KHTX20250331_170944_V06', 's3://noaa-nexrad-level2/2025/03/31/KFFC/KFFC20250331_170707_V06', 's3://noaa-nexrad-level2/2025/03/31/KBMX/KBMX20250331_171147_V06', 's3://noaa-nexrad-level2/2025/03/31/KMXX/KMXX20250331_171025_V06', 's3://noaa-nexrad-level2/2025/03/31/KOHX/KOHX20250331_170822_V06']"
117321,F,C750,CMH UA /OV APE/TM 1712/FL380/TP C750/TB NEG,NEG,202503311700-KMSC-UBUS01-PIREP,38000.0,40.15,-82.59,2025-03-31 17:12:00,0.0,M,"('KILN', 'KCLE', 'KRLX', 'KPBZ', 'KJKL')","['s3://noaa-nexrad-level2/2025/03/31/KILN/KILN20250331_170728_V06', 's3://noaa-nexrad-level2/2025/03/31/KCLE/KCLE20250331_171002_V06', 's3://noaa-nexrad-level2/2025/03/31/KRLX/KRLX20250331_170853_V06', 's3://noaa-nexrad-level2/2025/03/31/KPBZ/KPBZ20250331_170900_V06', 's3://noaa-nexrad-level2/2025/03/31/KJKL/KJKL20250331_170915_V06']"
117322,F,B738,TYS UA /OV VXV267013/TM 1712/FL290/TP B738/TB NEG/IC NEG/RM ZTLFD-39,NEG,202503311700-KMSC-UBUS01-PIREP,29000.0,35.88865962431708,-84.15713103091457,2025-03-31 17:12:00,0.0,M,"('KMRX', 'KJKL', 'KHTX', 'KGSP', 'KOHX')","['s3://noaa-nexrad-level2/2025/03/31/KMRX/KMRX20250331_170740_V06', 's3://noaa-nexrad-level2/2025/03/31/KJKL/KJKL20250331_170915_V06', 's3://noaa-nexrad-level2/2025/03/31/KHTX/KHTX20250331_170944_V06', 's3://noaa-nexrad-level2/2025/03/31/KGSP/KGSP20250331_170932_V06', 's3://noaa-nexrad-level2/2025/03/31/KOHX/KOHX20250331_170822_V06']"
117323,F,B737,MEM UA /OV MEM025085/TM 1713/FL350/TP B737/TB OCNL MOD CHOP/RM ZME,OCNL MOD CHOP,202503311700-KMSC-UBUS01-PIREP,35000.0,36.34515003055782,-89.2535051038708,2025-03-31 17:13:00,3.0,M,"('KPAH', 'KNQA', 'KHPX', 'KVWX', 'KGWX')","['s3://noaa-nexrad-level2/2025/03/31/KPAH/KPAH20250331_170941_V06', 's3://noaa-nexrad-level2/2025/03/31/KNQA/KNQA20250331_171150_V06', 's3://noaa-nexrad-level2/2025/03/31/KHPX/KHPX20250331_170845_V06', 's3://noaa-nexrad-level2/2025/03/31/KVWX/KVWX20250331_170745_V06', 's3://noaa-nexrad-level2/2025/03/31/KGWX/KGWX20250331_170849_V06']"
117324,F,F900,ACY UA /OV SWL025010/TM 1713/FL410/TP F900/TB LGT,LGT,202503311700-KMSC-UBUS01-PIREP,41000.0,38.2110635330068,-75.37053446824584,2025-03-31 17:13:00,1.0,M,"('KDOX', 'KDIX', 'KAKQ', 'KLWX', 'KOKX')","['s3://noaa-nexrad-level2/2025/03/31/KDOX/KDOX20250331_171016_V06', 's3://noaa-nexrad-level2/2025/03/31/KDIX/KDIX20250331_170715_V06', 's3://noaa-nexrad-level2/2025/03/31/KAKQ/KAKQ20250331_171235_V06', 's3://noaa-nexrad-level2/2025/03/31/KLWX/KLWX20250331_171150_V06', 's3://noaa-nexrad-level2/2025/03/31/KOKX/KOKX20250331_171124_V06']"
117325,F,A321,DYR UA /OV DYR360025/TM 1714/FL340/TP A321/TB MOD CHOP/RM ZME,MOD CHOP,202503311700-KMSC-UBUS01-PIREP,34000.0,36.41467041670042,-89.40658,2025-03-31 17:14:00,3.0,M,"('KPAH', 'KNQA', 'KHPX', 'KVWX', 'KLSX')","['s3://noaa-nexrad-level2/2025/03/31/KPAH/KPAH20250331_170941_V06', 's3://noaa-nexrad-level2/2025/03/31/KNQA/KNQA20250331_171150_V06', 's3://noaa-nexrad-level2/2025/03/31/KHPX/KHPX20250331_170845_V06', 's3://noaa-nexrad-level2/2025/03/31/KVWX/KVWX20250331_170745_V06', 's3://noaa-nexrad-level2/2025/03/31/KLSX/KLSX20250331_145940_V06']"
117326,F,LJ35,GAD UA /OV GAD/TM 1714/FL450/TP LJ35/TB NEG/RM ZTLFD-02,NEG,202503311700-KMSC-UBUS01-PIREP,45000.0,33.97265,-86.08908,2025-03-31 17:14:00,0.0,M,"('KHTX', 'KBMX', 'KMXX', 'KFFC', 'KGWX')","['s3://noaa-nexrad-level2/2025/03/31/KHTX/KHTX20250331_170944_V06', 's3://noaa-nexrad-level2/2025/03/31/KBMX/KBMX20250331_171147_V06', 's3://noaa-nexrad-level2/2025/03/31/KMXX/KMXX20250331_171025_V06', 's3://noaa-nexrad-level2/2025/03/31/KFFC/KFFC20250331_171328_V06', 's3://noaa-nexrad-level2/2025/03/31/KGWX/KGWX20250331_171353_V06']"
117327,F,CRJ9,D39 UA /OV D39/TM 1714/FL320/TP CRJ9/TB CONS LGT CHOP 320/NEG 300,CONS LGT CHOP 320,202503311700-KMSC-UBUS01-PIREP,32000.0,45.7065622,-94.9333975,2025-03-31 17:14:00,1.0,U,"('KMPX', 'KFSD', 'KDLH', 'KMVX', 'KABR')","['s3://noaa-nexrad-level2/2025/03/31/KMPX/KMPX20250331_170736_V06', 's3://noaa-nexrad-level2/2025/03/31/KFSD/KFSD20250331_171257_V06', 's3://noaa-nexrad-level2/2025/03/31/KDLH/KDLH20250331_170624_V06', 's3://noaa-nexrad-level2/2025/03/31/KMVX/KMVX20250331_171020_V06', 's3://noaa-nexrad-level2/2025/03/31/KABR/KABR20250331_170749_V06']"
117328,F,C700,GSH UA /OV GSH/TM 1715/FL430/TP C700/TB OCNL LGT CHOP,OCNL LGT CHOP,202503311700-KMSC-UBUS01-PIREP,43000.0,41.52722,-85.79222,2025-03-31 17:15:00,1.0,U,"('KIWX', 'KGRR', 'KIND', 'KLOT', 'KDTX')","['s3://noaa-nexrad-level2/2025/03/31/KIWX/KIWX20250331_170828_V06', 's3://noaa-nexrad-level2/2025/03/31/KGRR/KGRR20250331_170952_V06', 's3://noaa-nexrad-level2/2025/03/31/KIND/KIND20250331_171125_V06', 's3://noaa-nexrad-level2/2025/03/31/KLOT/KLOT20250331_171214_V06', 's3://noaa-nexrad-level2/2025/03/31/KDTX/KDTX20250331_171217_V06']"
117329,F,A321,MTJ UA /OV MTJ008018/TM 1715/FL260/TP A321/TB NEG/RM ZDVWC-,NEG,202503311700-KMSC-UBUS01-PIREP,26000.0,38.80210448416061,-107.8441422492121,2025-03-31 17:15:00,0.0,M,"('KGJX', 'KFTG', 'KPUX', 'KABX', 'KCYS')","['s3://noaa-nexrad-level2/2025/03/31/KGJX/KGJX20250331_170944_V06', 's3://noaa-nexrad-level2/2025/03/31/KFTG/KFTG20250331_171329_V06', 's3://noaa-nexrad-level2/2025/03/31/KPUX/KPUX20250331_171118_V06', 's3://noaa-nexrad-level2/2025/03/31/KABX/KABX20250331_171120_V06', 's3://noaa-nexrad-level2/2025/03/31/KCYS/KCYS20250331_171344_V06']"
117330,F,A319,ROC UA /OV ROC260014/TM 1715/FL300/TP A319/SK SKC/TB MOD CHOP 300 LGT CHOP 280/RM ZOB,MOD CHOP 300 LGT CHOP 280,202503311700-KMSC-UBUS01-PIREP,30000.0,43.07617880992388,-77.99152014798538,2025-03-31 17:15:00,2.0,M,"('KBUF', 'KCCX', 'KBGM', 'KTYX', 'KPBZ')","['s3://noaa-nexrad-level2/2025/03/31/KBUF/KBUF20250331_170555_V06', 's3://noaa-nexrad-level2/2025/03/31/KCCX/KCCX20250331_170840_V06', 's3://noaa-nexrad-level2/2025/03/31/KBGM/KBGM20250331_171014_V06', 's3://noaa-nexrad-level2/2025/03/31/KTYX/KTYX20250331_170931_V06', 's3://noaa-nexrad-level2/2025/03/31/KPBZ/KPBZ20250331_170900_V06']"
117331,F,BCS1,TOL UA /OV TOL285035/TM 1715/FL350/TP BCS1/TB LGT/RM ZOB,LGT,202503311700-KMSC-UBUS01-PIREP,35000.0,41.73960000552192,-84.55480586396378,2025-03-31 17:15:00,1.0,U,"('KIWX', 'KDTX', 'KGRR', 'KILN', 'KIND')","['s3://noaa-nexrad-level2/2025/03/31/KIWX/KIWX20250331_170828_V06', 's3://noaa-nexrad-level2/2025/03/31/KDTX/KDTX20250331_171217_V06', 's3://noaa-nexrad-level2/2025/03/31/KGRR/KGRR20250331_170952_V06', 's3://noaa-nexrad-level2/2025/03/31/KILN/KILN20250331_171242_V06', 's3://noaa-nexrad-level2/2025/03/31/KIND/KIND20250331_171125_V06']"
117332,F,A321,MTJ UA /OV MTJ008018/TM 1715/FL260/TP A321/TB NEG/RM ZDVWC,NEG,202503311725-KWBC-UBUS31-PRCUS,26000.0,38.80210448416061,-107.8441422492121,2025-03-31 17:15:00,0.0,M,"('KGJX', 'KFTG', 'KPUX', 'KABX', 'KCYS')","['s3://noaa-nexrad-level2/2025/03/31/KGJX/KGJX20250331_170944_V06', 's3://noaa-nexrad-level2/2025/03/31/KFTG/KFTG20250331_171329_V06', 's3://noaa-nexrad-level2/2025/03/31/KPUX/KPUX20250331_171118_V06', 's3://noaa-nexrad-level2/2025/03/31/KABX/KABX20250331_171120_V06', 's3://noaa-nexrad-level2/2025/03/31/KCYS/KCYS20250331_171344_V06']"
117333,F,A321,ALS UA /OV ALS240005/TM 1716/FL340/TP A321/TB CONS LGT-MOD CHOP/RM ZDVWC-,CONS LGT-MOD CHOP,202503311700-KMSC-UBUS01-PIREP,34000.0,37.39721995832996,-105.95228978781572,2025-03-31 17:16:00,2.0,M,"('KPUX', 'KABX', 'KFTG', 'KGJX', 'KFDX')","['s3://noaa-nexrad-level2/2025/03/31/KPUX/KPUX20250331_171118_V06', 's3://noaa-nexrad-level2/2025/03/31/KABX/KABX20250331_171120_V06', 's3://noaa-nexrad-level2/2025/03/31/KFTG/KFTG20250331_171329_V06', 's3://noaa-nexrad-level2/2025/03/31/KGJX/KGJX20250331_171517_V06', 's3://noaa-nexrad-level2/2025/03/31/KFDX/KFDX20250331_171440_V06']"
117334,F,B738,GAD UA /OV GAD/TM 1716/FL370/TP B738/TB CONS LGT CHOP/RM ZTLFD-02,CONS LGT CHOP,202503311700-KMSC-UBUS01-PIREP,37000.0,33.97265,-86.08908,2025-03-31 17:16:00,1.0,M,"('KHTX', 'KBMX', 'KMXX', 'KFFC', 'KGWX')","['s3://noaa-nexrad-level2/2025/03/31/KHTX/KHTX20250331_171411_V06', 's3://noaa-nexrad-level2/2025/03/31/KBMX/KBMX20250331_171549_V06', 's3://noaa-nexrad-level2/2025/03/31/KMXX/KMXX20250331_171552_V06', 's3://noaa-nexrad-level2/2025/03/31/KFFC/KFFC20250331_171328_V06', 's3://noaa-nexrad-level2/2025/03/31/KGWX/KGWX20250331_171353_V06']"
117335,F,A321,ALS UA /OV ALS240005/TM 1716/FL340/TP A321/TB CONS LGT-MOD CHOP/RM ZDVWC,CONS LGT-MOD CHOP,202503311725-KWBC-UBUS31-PRCUS,34000.0,37.39721995832996,-105.95228978781572,2025-03-31 17:16:00,2.0,M,"('KPUX', 'KABX', 'KFTG', 'KGJX', 'KFDX')","['s3://noaa-nexrad-level2/2025/03/31/KPUX/KPUX20250331_171118_V06', 's3://noaa-nexrad-level2/2025/03/31/KABX/KABX20250331_171120_V06', 's3://noaa-nexrad-level2/2025/03/31/KFTG/KFTG20250331_171329_V06', 's3://noaa-nexrad-level2/2025/03/31/KGJX/KGJX20250331_171517_V06', 's3://noaa-nexrad-level2/2025/03/31/KFDX/KFDX20250331_171440_V06']"
117336,F,CL60,AQX UA /OV ALD/TM 1717/FL410/TP CL60/TB LGT-MOD CAT,LGT-MOD CAT,202503311700-KMSC-UBUS01-PIREP,41000.0,33.01,-81.29,2025-03-31 17:17:00,2.0,M,"('KCLX', 'KCAE', 'KJGX', 'KGSP', 'KJAX')","['s3://noaa-nexrad-level2/2025/03/31/KCAE/KCAE20250331_171550_V06', 's3://noaa-nexrad-level2/2025/03/31/KJGX/KJGX20250331_171251_V06', 's3://noaa-nexrad-level2/2025/03/31/KGSP/KGSP20250331_171621_V06', 's3://noaa-nexrad-level2/2025/03/31/KJAX/KJAX20250331_171416_V06']"
117337,F,B763,BOS UA /OV BOS/TM 1717/FL360/TP B763/TB LGT OCNL MOD 360,LGT OCNL MOD 360,202503311700-KMSC-UBUS01-PIREP,36000.0,42.36057,-71.00973,2025-03-31 17:17:00,2.0,H,"('KBOX', 'KGYX', 'KOKX', 'KCXX', 'KENX')","['s3://noaa-nexrad-level2/2025/03/31/KBOX/KBOX20250331_171440_V06', 's3://noaa-nexrad-level2/2025/03/31/KGYX/KGYX20250331_171350_V06', 's3://noaa-nexrad-level2/2025/03/31/KOKX/KOKX20250331_171124_V06', 's3://noaa-nexrad-level2/2025/03/31/KCXX/KCXX20250331_171445_V06', 's3://noaa-nexrad-level2/2025/03/31/KENX/KENX20250331_171250_V06']"
117338,F,CL35,EEN UA /OV EEN330010/TM 1717/FL260/TP CL35/TB LGT,LGT,202503311700-KMSC-UBUS01-PIREP,26000.0,43.04434925865205,-72.38376819497948,2025-03-31 17:17:00,1.0,U,"('KBOX', 'KCXX', 'KENX', 'KOKX', 'KGYX')","['s3://noaa-nexrad-level2/2025/03/31/KBOX/KBOX20250331_171440_V06', 's3://noaa-nexrad-level2/2025/03/31/KCXX/KCXX20250331_171445_V06', 's3://noaa-nexrad-level2/2025/03/31/KENX/KENX20250331_171250_V06', 's3://noaa-nexrad-level2/2025/03/31/KOKX/KOKX20250331_171124_V06', 's3://noaa-nexrad-level2/2025/03/31/KGYX/KGYX20250331_171350_V06']"
117339,F,CRJ7,GFL UA /OV GFL290043/TM 1717/FL250/TP CRJ7/TB LGT CHOP ABV 280/RM CHOP ENDED BLO 280 REPORTED OVER K09,LGT CHOP ABV 280,202503311700-KMSC-UBUS01-PIREP,25000.0,43.58635429033924,-74.53636556556806,2025-03-31 17:17:00,1.0,M,"('KENX', 'KTYX', 'KCXX', 'KBGM', 'KOKX')","['s3://noaa-nexrad-level2/2025/03/31/KENX/KENX20250331_171250_V06', 's3://noaa-nexrad-level2/2025/03/31/KTYX/KTYX20250331_171533_V06', 's3://noaa-nexrad-level2/2025/03/31/KCXX/KCXX20250331_171445_V06', 's3://noaa-nexrad-level2/2025/03/31/KBGM/KBGM20250331_171014_V06', 's3://noaa-nexrad-level2/2025/03/31/KOKX/KOKX20250331_171124_V06']"
117340,F,A21N,MYNN UA /OV ZQA138140/TM 1717/FL330/TP A21N/TB NEG,NEG,202503311700-KMSC-UBUS01-PIREP,33000.0,23.265854952706945,-75.72715127651375,2025-03-31 17:17:00,0.0,U,"('KAMX', 'KAMX', 'KBYX', 'KMLB', 'KTBW')","['s3://noaa-nexrad-level2/2025/03/31/KAMX/KAMX20250331_171413_V06', 's3://noaa-nexrad-level2/2025/03/31/KAMX/KAMX20250331_171413_V06', 's3://noaa-nexrad-level2/2025/03/31/KBYX/KBYX20250331_171101_V06', 's3://noaa-nexrad-level2/2025/03/31/KMLB/KMLB20250331_171458_V06', 's3://noaa-nexrad-level2/2025/03/31/KTBW/KTBW20250331_171008_V06']"
117341,F,BE20,PKB UA /OV JPU/TM 1717/FL250/TP BE20/TB CONS LGT-MOD,CONS LGT-MOD,202503311700-KMSC-UBUS01-PIREP,25000.0,39.44,-81.37,2025-03-31 17:17:00,2.0,M,"('KRLX', 'KPBZ', 'KCLE', 'KILN', 'KFCX')","['s3://noaa-nexrad-level2/2025/03/31/KRLX/KRLX20250331_171301_V06', 's3://noaa-nexrad-level2/2025/03/31/KPBZ/KPBZ20250331_171601_V06', 's3://noaa-nexrad-level2/2025/03/31/KCLE/KCLE20250331_171658_V06', 's3://noaa-nexrad-level2/2025/03/31/KILN/KILN20250331_171242_V06', 's3://noaa-nexrad-level2/2025/03/31/KFCX/KFCX20250331_171646_V06']"
117342,F,B38M,LPR UA /OV CXR300030/TM 1718/FL280/TP B38M/TB CAT CONS MOD/RM ZOB,CAT CONS MOD,202503311700-KMSC-UBUS01-PIREP,28000.0,41.77002025002025,-81.73838076224222,2025-03-31 17:18:00,3.0,U,"('KCLE', 'KPBZ', 'KDTX', 'KILN', 'KBUF')","['s3://noaa-nexrad-level2/2025/03/31/KCLE/KCLE20250331_171658_V06', 's3://noaa-nexrad-level2/2025/03/31/KPBZ/KPBZ20250331_171601_V06', 's3://noaa-nexrad-level2/2025/03/31/KDTX/KDTX20250331_171217_V06', 's3://noaa-nexrad-level2/2025/03/31/KILN/KILN20250331_171242_V06', 's3://noaa-nexrad-level2/2025/03/31/KBUF/KBUF20250331_171600_V06']"
117343,F,BE30,GCK UA /OV KGCK/TM 1718/FL048/TP BE30/SK OVC039-TOP048/TB LGT CHOP BLO 048/RM DURD RY 35,LGT CHOP BLO 048,202503311700-KMSC-UBUS01-PIREP,4800.0,37.92753,-100.72442,2025-03-31 17:18:00,1.0,L,"('KDDC', 'KGLD', 'KVNX', 'KAMA', 'KICT')","['s3://noaa-nexrad-level2/2025/03/31/KDDC/KDDC20250331_171453_V06', 's3://noaa-nexrad-level2/2025/03/31/KGLD/KGLD20250331_171035_V06', 's3://noaa-nexrad-level2/2025/03/31/KVNX/KVNX20250331_171744_V06', 's3://noaa-nexrad-level2/2025/03/31/KAMA/KAMA20250331_171627_V06', 's3://noaa-nexrad-level2/2025/03/31/KICT/KICT20250331_171545_V06']"
117344,F,B737,SEA UA /OV SEA090015/TM 1718/FL160/TP B737/TB LGT OCNL MOD 200-190/RM ZSE,LGT OCNL MOD 200-190,202503311700-KMSC-UBUS01-PIREP,16000.0,47.44469,-121.94468250605064,2025-03-31 17:18:00,2.0,M,"('KATX', 'KRTX', 'KLGX', 'KPDT', 'KOTX')","['s3://noaa-nexrad-level2/2025/03/31/KATX/KATX20250331_171744_V06', 's3://noaa-nexrad-level2/2025/03/31/KRTX/KRTX20250331_171710_V06', 's3://noaa-nexrad-level2/2025/03/31/KLGX/KLGX20250331_171410_V06', 's3://noaa-nexrad-level2/2025/03/31/KPDT/KPDT20250331_171059_V06', 's3://noaa-nexrad-level2/2025/03/31/KOTX/KOTX20250331_171314_V06']"
117345,F,B737,GWB UA /OV GWB/TM 1719/FL320/TP B737/TB NEG,NEG,202503311700-KMSC-UBUS01-PIREP,32000.0,41.3071667,-85.0643611,2025-03-31 17:19:00,0.0,M,"('KIWX', 'KGRR', 'KIND', 'KDTX', 'KILN')","['s3://noaa-nexrad-level2/2025/03/31/KIWX/KIWX20250331_171657_V06', 's3://noaa-nexrad-level2/2025/03/31/KGRR/KGRR20250331_171805_V06', 's3://noaa-nexrad-level2/2025/03/31/KIND/KIND20250331_171822_V06', 's3://noaa-nexrad-level2/2025/03/31/KDTX/KDTX20250331_171217_V06', 's3://noaa-nexrad-level2/2025/03/31/KILN/KILN20250331_171815_V06']"
117346,F,A21N,OMA UA /OV OVR090020/TM 1720/FL310/TP A21N/TB CONS LGT OCNL MOD CHOP,CONS LGT OCNL MOD CHOP,202503311700-KMSC-UBUS01-PIREP,31000.0,41.17,-95.29714906670512,2025-03-31 17:20:00,2.0,U,"('KOAX', 'KDMX', 'KTWX', 'KEAX', 'KFSD')","['s3://noaa-nexrad-level2/2025/03/31/KOAX/KOAX20250331_171712_V06', 's3://noaa-nexrad-level2/2025/03/31/KDMX/KDMX20250331_171936_V06', 's3://noaa-nexrad-level2/2025/03/31/KTWX/KTWX20250331_171254_V06', 's3://noaa-nexrad-level2/2025/03/31/KEAX/KEAX20250331_171652_V06', 's3://noaa-nexrad-level2/2025/03/31/KFSD/KFSD20250331_171947_V06']"
117347,F,CRJ9,SYR UA /OV SYR/TM 1720/FL100/TP CRJ9/TB MOD 100-050,MOD 100-050,202503311700-KMSC-UBUS01-PIREP,10000.0,43.11119,-76.10631,2025-03-31 17:20:00,3.0,U,"('KTYX', 'KBGM', 'KENX', 'KBUF', 'KCCX')","['s3://noaa-nexrad-level2/2025/03/31/KTYX/KTYX20250331_171533_V06', 's3://noaa-nexrad-level2/2025/03/31/KBGM/KBGM20250331_171722_V06', 's3://noaa-nexrad-level2/2025/03/31/KENX/KENX20250331_171942_V06', 's3://noaa-nexrad-level2/2025/03/31/KBUF/KBUF20250331_171600_V06', 's3://noaa-nexrad-level2/2025/03/31/KCCX/KCCX20250331_171714_V06']"
117348,F,BE30,GCK UA /OV GCK/TM 1721/FL040/TP BE30/SK OVC039-TOP048/TB LGT CHOP/RM DURD ZKC/FDC/CW,LGT CHOP,202503311700-KMSC-UBUS01-PIREP,4000.0,37.92753,-100.72442,2025-03-31 17:21:00,1.0,L,"('KDDC', 'KGLD', 'KVNX', 'KAMA', 'KICT')","['s3://noaa-nexrad-level2/2025/03/31/KDDC/KDDC20250331_171453_V06', 's3://noaa-nexrad-level2/2025/03/31/KGLD/KGLD20250331_172012_V06', 's3://noaa-nexrad-level2/2025/03/31/KVNX/KVNX20250331_171744_V06', 's3://noaa-nexrad-level2/2025/03/31/KAMA/KAMA20250331_171627_V06', 's3://noaa-nexrad-level2/2025/03/31/KICT/KICT20250331_171545_V06']"
117349,F,A319,OKK UA /OV OKK/TM 1721/FL260/TP A319/TB LGT CHOP,LGT CHOP,202503311700-KMSC-UBUS01-PIREP,26000.0,40.52818,-86.05899,2025-03-31 17:21:00,1.0,M,"('KIND', 'KIWX', 'KLOT', 'KGRR', 'KILN')","['s3://noaa-nexrad-level2/2025/03/31/KIND/KIND20250331_171822_V06', 's3://noaa-nexrad-level2/2025/03/31/KIWX/KIWX20250331_171657_V06', 's3://noaa-nexrad-level2/2025/03/31/KLOT/KLOT20250331_171214_V06', 's3://noaa-nexrad-level2/2025/03/31/KGRR/KGRR20250331_171805_V06', 's3://noaa-nexrad-level2/2025/03/31/KILN/KILN20250331_171815_V06']"
117350,F,E75L,RDM UA /OV DSD360015/TM 1721/FL100/TP E75L/TA M10/TB LGT/IC LGT RIME 100-075/RM ZSE,LGT,202503311700-KMSC-UBUS01-PIREP,10000.0,44.50002025002025,-121.3,2025-03-31 17:21:00,1.0,U,"('KRTX', 'KPDT', 'KMAX', 'KLGX', 'KATX')","['s3://noaa-nexrad-level2/2025/03/31/KRTX/KRTX20250331_171710_V06', 's3://noaa-nexrad-level2/2025/03/31/KPDT/KPDT20250331_171903_V06', 's3://noaa-nexrad-level2/2025/03/31/KMAX/KMAX20250331_172026_V06', 's3://noaa-nexrad-level2/2025/03/31/KLGX/KLGX20250331_171913_V06', 's3://noaa-nexrad-level2/2025/03/31/KATX/KATX20250331_171744_V06']"
117351,F,CRJ9,ATL UA /OV 10 NE ATL/TM 1722/FL070/TP CRJ9/TB MOD/RM MOD PRECIP,MOD,202503311700-KMSC-UBUS01-PIREP,7000.0,33.74796067614885,-84.30024778731392,2025-03-31 17:22:00,3.0,U,"('KFFC', 'KJGX', 'KMXX', 'KHTX', 'KGSP')","['s3://noaa-nexrad-level2/2025/03/31/KFFC/KFFC20250331_171939_V06', 's3://noaa-nexrad-level2/2025/03/31/KJGX/KJGX20250331_171920_V06', 's3://noaa-nexrad-level2/2025/03/31/KMXX/KMXX20250331_172119_V06', 's3://noaa-nexrad-level2/2025/03/31/KHTX/KHTX20250331_171838_V06', 's3://noaa-nexrad-level2/2025/03/31/KGSP/KGSP20250331_171621_V06']"
117352,F,A319,MTC UA /OV MTC/TM 1722/FL300/TP A319/TB CONS LGT OCNL MOD CHOP/RM ZOB,CONS LGT OCNL MOD CHOP,202503311700-KMSC-UBUS01-PIREP,30000.0,42.60833,-82.8355,2025-03-31 17:22:00,2.0,M,"('KDTX', 'KCLE', 'KGRR', 'KAPX', 'KIWX')","['s3://noaa-nexrad-level2/2025/03/31/KDTX/KDTX20250331_171902_V06', 's3://noaa-nexrad-level2/2025/03/31/KCLE/KCLE20250331_171658_V06', 's3://noaa-nexrad-level2/2025/03/31/KGRR/KGRR20250331_171805_V06', 's3://noaa-nexrad-level2/2025/03/31/KAPX/KAPX20250331_171711_V06', 's3://noaa-nexrad-level2/2025/03/31/KIWX/KIWX20250331_171657_V06']"
117353,F,A333,PVD UA /OV PVD/TM 1722/FL380/TP A333/TB LGT-MOD 380,LGT-MOD 380,202503311700-KMSC-UBUS01-PIREP,38000.0,41.7219,-71.4325,2025-03-31 17:22:00,2.0,H,"('KBOX', 'KOKX', 'KGYX', 'KENX', 'KCXX')","['s3://noaa-nexrad-level2/2025/03/31/KBOX/KBOX20250331_171440_V06', 's3://noaa-nexrad-level2/2025/03/31/KOKX/KOKX20250331_171938_V06', 's3://noaa-nexrad-level2/2025/03/31/KGYX/KGYX20250331_171821_V06', 's3://noaa-nexrad-level2/2025/03/31/KENX/KENX20250331_171942_V06', 's3://noaa-nexrad-level2/2025/03/31/KCXX/KCXX20250331_172138_V06']"
117354,F,A319,MTC UA /OV MTC/TM 1723/FL300/TP A319/TB OCNL MOD CHOP/RM ZOB,OCNL MOD CHOP,202503311700-KMSC-UBUS01-PIREP,30000.0,42.60833,-82.8355,2025-03-31 17:23:00,3.0,M,"('KDTX', 'KCLE', 'KGRR', 'KAPX', 'KIWX')","['s3://noaa-nexrad-level2/2025/03/31/KDTX/KDTX20250331_171902_V06', 's3://noaa-nexrad-level2/2025/03/31/KCLE/KCLE20250331_171658_V06', 's3://noaa-nexrad-level2/2025/03/31/KGRR/KGRR20250331_171805_V06', 's3://noaa-nexrad-level2/2025/03/31/KAPX/KAPX20250331_171711_V06', 's3://noaa-nexrad-level2/2025/03/31/KIWX/KIWX20250331_171657_V06']"
117355,F,C56X,DAY UA /OV ROD295024/TM 1723/FL410/TP C56X/TB MOD CHOP,MOD CHOP,202503311700-KMSC-UBUS01-PIREP,41000.0,40.459060997541656,-84.51530337300424,2025-03-31 17:23:00,3.0,M,"('KILN', 'KIWX', 'KIND', 'KDTX', 'KGRR')","['s3://noaa-nexrad-level2/2025/03/31/KILN/KILN20250331_171815_V06', 's3://noaa-nexrad-level2/2025/03/31/KIWX/KIWX20250331_171657_V06', 's3://noaa-nexrad-level2/2025/03/31/KIND/KIND20250331_171822_V06', 's3://noaa-nexrad-level2/2025/03/31/KDTX/KDTX20250331_171902_V06', 's3://noaa-nexrad-level2/2025/03/31/KGRR/KGRR20250331_171805_V06']"
117356,F,A319,MYNN UA /OV ZQA060135/TM 1723/FL370/TP A319/TB CONS LGT CHOP,CONS LGT CHOP,202503311700-KMSC-UBUS01-PIREP,37000.0,26.125091125091124,-75.29983090769377,2025-03-31 17:23:00,1.0,M,"('KAMX', 'KAMX', 'KMLB', 'KBYX', 'KTBW')","['s3://noaa-nexrad-level2/2025/03/31/KAMX/KAMX20250331_172256_V06', 's3://noaa-nexrad-level2/2025/03/31/KAMX/KAMX20250331_172256_V06', 's3://noaa-nexrad-level2/2025/03/31/KMLB/KMLB20250331_172045_V06', 's3://noaa-nexrad-level2/2025/03/31/KBYX/KBYX20250331_171803_V06', 's3://noaa-nexrad-level2/2025/03/31/KTBW/KTBW20250331_171711_V06']"
117357,F,ALL,DEN UA /OV DEN224050/TM 1724/FL240/TP ALL/TB NEG/RM SSKII3 TBARR3 ZOMBZ5 ARRIVALS ZDVWC-26,NEG,202503311700-KMSC-UBUS01-PIREP,24000.0,39.233301610899375,-105.41139514555354,2025-03-31 17:24:00,0.0,L,"('KFTG', 'KPUX', 'KCYS', 'KGJX', 'KGLD')","['s3://noaa-nexrad-level2/2025/03/31/KFTG/KFTG20250331_172031_V06', 's3://noaa-nexrad-level2/2025/03/31/KPUX/KPUX20250331_171823_V06', 's3://noaa-nexrad-level2/2025/03/31/KCYS/KCYS20250331_172327_V06', 's3://noaa-nexrad-level2/2025/03/31/KGJX/KGJX20250331_172049_V06', 's3://noaa-nexrad-level2/2025/03/31/KGLD/KGLD20250331_172012_V06']"
117358,F,S22T,LOZ UA /OV LOZ/TM 1724/FL100/TP S22T/SK SKC/TB NEG,NEG,202503311700-KMSC-UBUS01-PIREP,10000.0,37.087,-84.077,2025-03-31 17:24:00,0.0,U,"('KJKL', 'KMRX', 'KLVX', 'KILN', 'KOHX')","['s3://noaa-nexrad-level2/2025/03/31/KJKL/KJKL20250331_172157_V06', 's3://noaa-nexrad-level2/2025/03/31/KMRX/KMRX20250331_172156_V06', 's3://noaa-nexrad-level2/2025/03/31/KLVX/KLVX20250331_172354_V06', 's3://noaa-nexrad-level2/2025/03/31/KILN/KILN20250331_172348_V06', 's3://noaa-nexrad-level2/2025/03/31/KOHX/KOHX20250331_172118_V06']"
117359,F,CL60,RDU UA /OV FLO/TM 1725/FL390/TP CL60/TB MOD,MOD,202503311700-KMSC-UBUS01-PIREP,39000.0,34.18536,-79.72389,2025-03-31 17:25:00,3.0,M,"('KLTX', 'KCAE', 'KRAX', 'KCLX', 'KGSP')","['s3://noaa-nexrad-level2/2025/03/31/KLTX/KLTX20250331_172352_V06', 's3://noaa-nexrad-level2/2025/03/31/KCAE/KCAE20250331_172258_V06', 's3://noaa-nexrad-level2/2025/03/31/KRAX/KRAX20250331_171810_V06', 's3://noaa-nexrad-level2/2025/03/31/KGSP/KGSP20250331_172310_V06']"
117360,T,B738,RNO UUA /OV KRNO347002/TM 1725/FL050/TP B738/SK OVC050/TB CONS MOD DURD/RM LLWS +15KT -10KT 074-SFC DURD RY17R RNO,CONS MOD DURD,202503311700-KMSC-UBUS01-PIREP,5000.0,39.51637163296132,-119.7808261736274,2025-03-31 17:25:00,3.0,M,"('KRGX', 'KBBX', 'KDAX', 'KMUX', 'KHNX')","['s3://noaa-nexrad-level2/2025/03/31/KRGX/KRGX20250331_172216_V06', 's3://noaa-nexrad-level2/2025/03/31/KBBX/KBBX20250331_172415_V06', 's3://noaa-nexrad-level2/2025/03/31/KDAX/KDAX20250331_172201_V06', 's3://noaa-nexrad-level2/2025/03/31/KMUX/KMUX20250331_172423_V06', 's3://noaa-nexrad-level2/2025/03/31/KHNX/KHNX20250331_172133_V06']"
117361,F,A320,BMG UA /OV OOM180030/TM 1726/FL370/TP A320/TB CONS LGT CHOP,CONS LGT CHOP,202503311700-KMSC-UBUS01-PIREP,37000.0,38.6399594999595,-86.61,2025-03-31 17:26:00,1.0,M,"('KLVX', 'KIND', 'KVWX', 'KHPX', 'KOHX')","['s3://noaa-nexrad-level2/2025/03/31/KLVX/KLVX20250331_172354_V06', 's3://noaa-nexrad-level2/2025/03/31/KIND/KIND20250331_172515_V06', 's3://noaa-nexrad-level2/2025/03/31/KVWX/KVWX20250331_172120_V06', 's3://noaa-nexrad-level2/2025/03/31/KHPX/KHPX20250331_172310_V06', 's3://noaa-nexrad-level2/2025/03/31/KOHX/KOHX20250331_172537_V06']"
117362,F,CL35,DTW UA /OV CRL270020/TM 1726/FL310/TP CL35/TB CONS MOD CAT/RM ZOB,CONS MOD CAT,202503311700-KMSC-UBUS01-PIREP,31000.0,42.05,-83.90893349605363,2025-03-31 17:26:00,3.0,U,"('KDTX', 'KGRR', 'KIWX', 'KCLE', 'KILN')","['s3://noaa-nexrad-level2/2025/03/31/KDTX/KDTX20250331_172555_V06', 's3://noaa-nexrad-level2/2025/03/31/KGRR/KGRR20250331_171805_V06', 's3://noaa-nexrad-level2/2025/03/31/KIWX/KIWX20250331_172527_V06', 's3://noaa-nexrad-level2/2025/03/31/KCLE/KCLE20250331_172351_V06', 's3://noaa-nexrad-level2/2025/03/31/KILN/KILN20250331_172348_V06']"
117363,F,A339,JPX UA /OV HTO090040/TM 1726/FL340/TP A339/TB CONS LGT CHOP,CONS LGT CHOP,202503311700-KMSC-UBUS01-PIREP,34000.0,40.96,-71.36712203646752,2025-03-31 17:26:00,1.0,U,"('KBOX', 'KOKX', 'KGYX', 'KENX', 'KDIX')","['s3://noaa-nexrad-level2/2025/03/31/KBOX/KBOX20250331_171440_V06', 's3://noaa-nexrad-level2/2025/03/31/KOKX/KOKX20250331_171938_V06', 's3://noaa-nexrad-level2/2025/03/31/KGYX/KGYX20250331_172300_V06', 's3://noaa-nexrad-level2/2025/03/31/KENX/KENX20250331_171942_V06', 's3://noaa-nexrad-level2/2025/03/31/KDIX/KDIX20250331_172110_V06']"
117364,F,E75S,JPX UA /OV HTO180020/TM 1726/FL280/TP E75S/TB NEG,NEG,202503311700-KMSC-UBUS01-PIREP,28000.0,40.62663966663967,-72.25,2025-03-31 17:26:00,0.0,U,"('KOKX', 'KBOX', 'KDIX', 'KENX', 'KDOX')","['s3://noaa-nexrad-level2/2025/03/31/KOKX/KOKX20250331_171938_V06', 's3://noaa-nexrad-level2/2025/03/31/KBOX/KBOX20250331_171440_V06', 's3://noaa-nexrad-level2/2025/03/31/KDIX/KDIX20250331_172110_V06', 's3://noaa-nexrad-level2/2025/03/31/KENX/KENX20250331_171942_V06', 's3://noaa-nexrad-level2/2025/03/31/KDOX/KDOX20250331_171837_V06']"
117365,F,A320,SDF UA /OV EWO/TM 1726/FL280/TP A320/TB OCNL LGT CHOP,OCNL LGT CHOP,202503311700-KMSC-UBUS01-PIREP,28000.0,37.63,-85.68,2025-03-31 17:26:00,1.0,M,"('KLVX', 'KOHX', 'KHPX', 'KVWX', 'KIND')","['s3://noaa-nexrad-level2/2025/03/31/KLVX/KLVX20250331_172354_V06', 's3://noaa-nexrad-level2/2025/03/31/KOHX/KOHX20250331_172537_V06', 's3://noaa-nexrad-level2/2025/03/31/KHPX/KHPX20250331_172310_V06', 's3://noaa-nexrad-level2/2025/03/31/KVWX/KVWX20250331_172120_V06', 's3://noaa-nexrad-level2/2025/03/31/KIND/KIND20250331_172515_V06']"
117366,F,B737,BNA UA /OV BNA135020/TM 1727/FL390/TP B737/TB OCNL LGT CHOP/RM ZME,OCNL LGT CHOP,202503311700-KMSC-UBUS01-PIREP,39000.0,35.8831686477023,-86.39736182933261,2025-03-31 17:27:00,1.0,M,"('KOHX', 'KHTX', 'KHPX', 'KLVX', 'KPAH')","['s3://noaa-nexrad-level2/2025/03/31/KOHX/KOHX20250331_172537_V06', 's3://noaa-nexrad-level2/2025/03/31/KHTX/KHTX20250331_172313_V06', 's3://noaa-nexrad-level2/2025/03/31/KHPX/KHPX20250331_172310_V06', 's3://noaa-nexrad-level2/2025/03/31/KLVX/KLVX20250331_172354_V06', 's3://noaa-nexrad-level2/2025/03/31/KPAH/KPAH20250331_172652_V06']"
117367,F,A321,BNA UA /OV BNA315020/TM 1727/FL340/TP A321/TB MOD/RM ZME,MOD,202503311700-KMSC-UBUS01-PIREP,34000.0,36.3546113522977,-86.9809781706674,2025-03-31 17:27:00,3.0,M,"('KOHX', 'KHPX', 'KHTX', 'KLVX', 'KPAH')","['s3://noaa-nexrad-level2/2025/03/31/KOHX/KOHX20250331_172537_V06', 's3://noaa-nexrad-level2/2025/03/31/KHPX/KHPX20250331_172310_V06', 's3://noaa-nexrad-level2/2025/03/31/KHTX/KHTX20250331_172313_V06', 's3://noaa-nexrad-level2/2025/03/31/KLVX/KLVX20250331_172354_V06', 's3://noaa-nexrad-level2/2025/03/31/KPAH/KPAH20250331_172652_V06']"
117368,F,PC12,LOZ UA /OV LOZ/TM 1727/FL250/TP PC12/TB CONS LGT-MOD CHOP/IC TRACE RIME,CONS LGT-MOD CHOP,202503311700-KMSC-UBUS01-PIREP,25000.0,37.087,-84.077,2025-03-31 17:27:00,2.0,L,"('KJKL', 'KMRX', 'KLVX', 'KILN', 'KOHX')","['s3://noaa-nexrad-level2/2025/03/31/KJKL/KJKL20250331_172606_V06', 's3://noaa-nexrad-level2/2025/03/31/KMRX/KMRX20250331_172641_V06', 's3://noaa-nexrad-level2/2025/03/31/KLVX/KLVX20250331_172354_V06', 's3://noaa-nexrad-level2/2025/03/31/KILN/KILN20250331_172348_V06', 's3://noaa-nexrad-level2/2025/03/31/KOHX/KOHX20250331_172537_V06']"
117369,F,A21N,MYNN UA /OV ZQA147097/TM 1727/FL280/TP A21N/TB LGT MOD,LGT MOD,202503311700-KMSC-UBUS01-PIREP,28000.0,23.644039424467536,-76.47839729899437,2025-03-31 17:27:00,2.0,U,"('KAMX', 'KAMX', 'KBYX', 'KMLB', 'KTBW')","['s3://noaa-nexrad-level2/2025/03/31/KAMX/KAMX20250331_172256_V06', 's3://noaa-nexrad-level2/2025/03/31/KAMX/KAMX20250331_172256_V06', 's3://noaa-nexrad-level2/2025/03/31/KBYX/KBYX20250331_172506_V06', 's3://noaa-nexrad-level2/2025/03/31/KMLB/KMLB20250331_172651_V06', 's3://noaa-nexrad-level2/2025/03/31/KTBW/KTBW20250331_172401_V06']"
117370,F,B737,HTS UA /OV HNN095030/TM 1728/FL380/TP B737/TB LGT CHOP,LGT CHOP,202503311700-KMSC-UBUS01-PIREP,38000.0,38.70641859881506,-81.39126733411086,2025-03-31 17:28:00,1.0,M,"('KRLX', 'KFCX', 'KPBZ', 'KJKL', 'KILN')","['s3://noaa-nexrad-level2/2025/03/31/KRLX/KRLX20250331_172626_V06', 's3://noaa-nexrad-level2/2025/03/31/KFCX/KFCX20250331_172508_V06', 's3://noaa-nexrad-level2/2025/03/31/KPBZ/KPBZ20250331_172302_V06', 's3://noaa-nexrad-level2/2025/03/31/KJKL/KJKL20250331_172606_V06', 's3://noaa-nexrad-level2/2025/03/31/KILN/KILN20250331_172348_V06']"
117371,F,A320,JPX UA /OV HTO223040/TM 1728/FL320/TP A320/TB NEG,NEG,202503311700-KMSC-UBUS01-PIREP,32000.0,40.47239137244784,-72.85212132326447,2025-03-31 17:28:00,0.0,M,"('KOKX', 'KDIX', 'KBOX', 'KENX', 'KDOX')","['s3://noaa-nexrad-level2/2025/03/31/KOKX/KOKX20250331_172757_V06', 's3://noaa-nexrad-level2/2025/03/31/KDIX/KDIX20250331_172110_V06', 's3://noaa-nexrad-level2/2025/03/31/KBOX/KBOX20250331_171440_V06', 's3://noaa-nexrad-level2/2025/03/31/KENX/KENX20250331_172630_V06', 's3://noaa-nexrad-level2/2025/03/31/KDOX/KDOX20250331_172656_V06']"
117372,F,B738,HOP UA /OV HOP225010/TM 1729/FL225/TP B738/TB MOD 225-240 DURC/RM ZME,MOD 225-240 DURC,202503311700-KMSC-UBUS01-PIREP,22500.0,36.55070932385115,-87.64311951272978,2025-03-31 17:29:00,3.0,M,"('KHPX', 'KOHX', 'KPAH', 'KVWX', 'KLVX')","['s3://noaa-nexrad-level2/2025/03/31/KHPX/KHPX20250331_172310_V06', 's3://noaa-nexrad-level2/2025/03/31/KOHX/KOHX20250331_172537_V06', 's3://noaa-nexrad-level2/2025/03/31/KPAH/KPAH20250331_172652_V06', 's3://noaa-nexrad-level2/2025/03/31/KVWX/KVWX20250331_172819_V06', 's3://noaa-nexrad-level2/2025/03/31/KLVX/KLVX20250331_172354_V06']"
117373,F,GLF6,MOB UA /OV KSJI045080/TM 1729/FL470/TP GLF6/TB MOD CHOP/RM ZHU,MOD CHOP,202503311700-KMSC-UBUS01-PIREP,47000.0,31.6728854091908,-87.26309208377002,2025-03-31 17:29:00,3.0,U,"('KMOB', 'KBMX', 'KMXX', 'KEVX', 'KEOX')","['s3://noaa-nexrad-level2/2025/03/31/KMOB/KMOB20250331_172723_V06', 's3://noaa-nexrad-level2/2025/03/31/KBMX/KBMX20250331_172845_V06', 's3://noaa-nexrad-level2/2025/03/31/KMXX/KMXX20250331_172616_V06', 's3://noaa-nexrad-level2/2025/03/31/KEVX/KEVX20250331_172807_V06', 's3://noaa-nexrad-level2/2025/03/31/KEOX/KEOX20250331_172527_V06']"
117374,F,C68A,1A5 UA /OV ODF/TM 1729/FL430/TP C68A/TB CONS CHOP MOD 430/RM ZTLFD-40,CONS CHOP MOD 430,202503311700-KMSC-UBUS01-PIREP,43000.0,34.7,-83.3,2025-03-31 17:29:00,3.0,U,"('KGSP', 'KMRX', 'KFFC', 'KJGX', 'KCAE')","['s3://noaa-nexrad-level2/2025/03/31/KGSP/KGSP20250331_172310_V06', 's3://noaa-nexrad-level2/2025/03/31/KMRX/KMRX20250331_172641_V06', 's3://noaa-nexrad-level2/2025/03/31/KFFC/KFFC20250331_172610_V06', 's3://noaa-nexrad-level2/2025/03/31/KJGX/KJGX20250331_172601_V06', 's3://noaa-nexrad-level2/2025/03/31/KCAE/KCAE20250331_172628_V06']"
117375,F,E55P,JPX UA /OV HTO236065/TM 1730/FL450/TP E55P/TB LGT CHOP,LGT CHOP,202503311700-KMSC-UBUS01-PIREP,45000.0,40.35415861868034,-73.43940088109262,2025-03-31 17:30:00,1.0,U,"('KOKX', 'KDIX', 'KENX', 'KDOX', 'KBOX')","['s3://noaa-nexrad-level2/2025/03/31/KOKX/KOKX20250331_172757_V06', 's3://noaa-nexrad-level2/2025/03/31/KDIX/KDIX20250331_172814_V06', 's3://noaa-nexrad-level2/2025/03/31/KENX/KENX20250331_172630_V06', 's3://noaa-nexrad-level2/2025/03/31/KDOX/KDOX20250331_172656_V06', 's3://noaa-nexrad-level2/2025/03/31/KBOX/KBOX20250331_171440_V06']"
117376,F,E75L,UES UA /OV BAE360020/TM 1730/FL330/TP E75L/TB CONS LGT-MOD,CONS LGT-MOD,202503311700-KMSC-UBUS01-PIREP,33000.0,43.45336033336033,-88.28,2025-03-31 17:30:00,2.0,U,"('KMKX', 'KGRB', 'KLOT', 'KGRR', 'KARX')","['s3://noaa-nexrad-level2/2025/03/31/KMKX/KMKX20250331_172454_V06', 's3://noaa-nexrad-level2/2025/03/31/KGRB/KGRB20250331_172714_V06', 's3://noaa-nexrad-level2/2025/03/31/KLOT/KLOT20250331_172159_V06', 's3://noaa-nexrad-level2/2025/03/31/KGRR/KGRR20250331_172635_V06', 's3://noaa-nexrad-level2/2025/03/31/KARX/KARX20250331_172939_V06']"
117377,F,B739,ATL UA /OV ATL300050/TM 1730/FL190/TP B739/WX +RA/TB OCNL LGT CHOP/RM DURC ZTLFD-03,OCNL LGT CHOP,202503311700-KMSC-UBUS01-PIREP,19000.0,34.046800416700414,-85.30862673260702,2025-03-31 17:30:00,1.0,M,"('KFFC', 'KHTX', 'KMXX', 'KBMX', 'KJGX')","['s3://noaa-nexrad-level2/2025/03/31/KFFC/KFFC20250331_172610_V06', 's3://noaa-nexrad-level2/2025/03/31/KHTX/KHTX20250331_172756_V06', 's3://noaa-nexrad-level2/2025/03/31/KMXX/KMXX20250331_172616_V06', 's3://noaa-nexrad-level2/2025/03/31/KBMX/KBMX20250331_172845_V06', 's3://noaa-nexrad-level2/2025/03/31/KJGX/KJGX20250331_172601_V06']"
117378,F,B737,DEN UA /OV DEN/TM 1730/FL065/TP B737/TB NEG TB BLW 100,NEG TB BLW 100,202503311700-KMSC-UBUS01-PIREP,6500.0,39.8328,-104.6575,2025-03-31 17:30:00,0.0,M,"('KFTG', 'KCYS', 'KPUX', 'KGLD', 'KGJX')","['s3://noaa-nexrad-level2/2025/03/31/KFTG/KFTG20250331_172735_V06', 's3://noaa-nexrad-level2/2025/03/31/KCYS/KCYS20250331_172327_V06', 's3://noaa-nexrad-level2/2025/03/31/KPUX/KPUX20250331_172528_V06', 's3://noaa-nexrad-level2/2025/03/31/KGLD/KGLD20250331_172950_V06', 's3://noaa-nexrad-level2/2025/03/31/KGJX/KGJX20250331_172622_V06']"
117379,F,B748,YAK UA /OV YAK/TM 1730/FL310/TP B748/TB NEG/RM ZAN,NEG,202503311700-KMSC-UBUS01-PIREP,31000.0,59.5,-139.66,2025-03-31 17:30:00,0.0,U,"('PACG', 'PAIH', 'PAIH', 'PAPD', 'PAHG')","['s3://noaa-nexrad-level2/2025/03/31/PACG/PACG20250331_172454_V06', 's3://noaa-nexrad-level2/2025/03/31/PAIH/PAIH20250331_172451_V06', 's3://noaa-nexrad-level2/2025/03/31/PAIH/PAIH20250331_172451_V06', 's3://noaa-nexrad-level2/2025/03/31/PAPD/PAPD20250331_172610_V06', 's3://noaa-nexrad-level2/2025/03/31/PAHG/PAHG20250331_172655_V06']"
117380,F,A333,PVD UA /OV PVD/TM 1731/FL320/TP A333/TB NEG 320,NEG 320,202503311700-KMSC-UBUS01-PIREP,32000.0,41.7219,-71.4325,2025-03-31 17:31:00,0.0,H,"('KBOX', 'KOKX', 'KGYX', 'KENX', 'KCXX')","['s3://noaa-nexrad-level2/2025/03/31/KBOX/KBOX20250331_171440_V06', 's3://noaa-nexrad-level2/2025/03/31/KOKX/KOKX20250331_172757_V06', 's3://noaa-nexrad-level2/2025/03/31/KGYX/KGYX20250331_172739_V06', 's3://noaa-nexrad-level2/2025/03/31/KENX/KENX20250331_172630_V06', 's3://noaa-nexrad-level2/2025/03/31/KCXX/KCXX20250331_172818_V06']"
117381,F,B737,TPA UA /OV TPA360040/TM 1731/FL310/TP B737/TB CONS LGT OCNL MOD CHOP,CONS LGT OCNL MOD CHOP,202503311700-KMSC-UBUS01-PIREP,31000.0,28.628620666720668,-82.5403,2025-03-31 17:31:00,2.0,M,"('KTBW', 'KMLB', 'KJAX', 'KVAX', 'KTLH')","['s3://noaa-nexrad-level2/2025/03/31/KTBW/KTBW20250331_172401_V06', 's3://noaa-nexrad-level2/2025/03/31/KMLB/KMLB20250331_172651_V06', 's3://noaa-nexrad-level2/2025/03/31/KJAX/KJAX20250331_172744_V06', 's3://noaa-nexrad-level2/2025/03/31/KTLH/KTLH20250331_172918_V06']"
117382,F,A319,FNT UA /OV FNT260015/TM 1731/FL280/TP A319/TB NEG,NEG,202503311700-KMSC-UBUS01-PIREP,28000.0,42.92325443920415,-84.08592346668199,2025-03-31 17:31:00,0.0,M,"('KDTX', 'KGRR', 'KAPX', 'KIWX', 'KCLE')","['s3://noaa-nexrad-level2/2025/03/31/KDTX/KDTX20250331_172555_V06', 's3://noaa-nexrad-level2/2025/03/31/KGRR/KGRR20250331_172635_V06', 's3://noaa-nexrad-level2/2025/03/31/KAPX/KAPX20250331_173059_V06', 's3://noaa-nexrad-level2/2025/03/31/KIWX/KIWX20250331_172527_V06', 's3://noaa-nexrad-level2/2025/03/31/KCLE/KCLE20250331_173045_V06']"
117383,F,A321,GRD UA /OV GRD/TM 1731/FL230/TP A321/TB NEG CONS/RM ZTLFD-31,NEG CONS,202503311700-KMSC-UBUS01-PIREP,23000.0,34.25,-82.16,2025-03-31 17:31:00,0.0,M,"('KGSP', 'KCAE', 'KCLX', 'KJGX', 'KMRX')","['s3://noaa-nexrad-level2/2025/03/31/KGSP/KGSP20250331_173010_V06', 's3://noaa-nexrad-level2/2025/03/31/KCAE/KCAE20250331_173004_V06', 's3://noaa-nexrad-level2/2025/03/31/KJGX/KJGX20250331_172601_V06', 's3://noaa-nexrad-level2/2025/03/31/KMRX/KMRX20250331_172641_V06']"
117384,F,H25B,MGM UA /OV MGM045060/TM 1732/FL410/TP H25B/TB NEG/RM ZTLFD-08,NEG,202503311700-KMSC-UBUS01-PIREP,41000.0,33.0078040568931,-85.55734278842975,2025-03-31 17:32:00,0.0,M,"('KMXX', 'KFFC', 'KBMX', 'KEOX', 'KHTX')","['s3://noaa-nexrad-level2/2025/03/31/KMXX/KMXX20250331_173114_V06', 's3://noaa-nexrad-level2/2025/03/31/KFFC/KFFC20250331_172610_V06', 's3://noaa-nexrad-level2/2025/03/31/KBMX/KBMX20250331_172845_V06', 's3://noaa-nexrad-level2/2025/03/31/KEOX/KEOX20250331_172527_V06', 's3://noaa-nexrad-level2/2025/03/31/KHTX/KHTX20250331_172756_V06']"
117385,F,B763,BAF UA /OV BAF/TM 1732/FL340/TP B763/TB LGT-MOD CHOP 340-320/RM IMPROVING IN DESCENT,LGT-MOD CHOP 340-320,202503311700-KMSC-UBUS01-PIREP,34000.0,42.15778,-72.71611,2025-03-31 17:32:00,2.0,H,"('KOKX', 'KENX', 'KBOX', 'KCXX', 'KDIX')","['s3://noaa-nexrad-level2/2025/03/31/KOKX/KOKX20250331_172757_V06', 's3://noaa-nexrad-level2/2025/03/31/KENX/KENX20250331_172630_V06', 's3://noaa-nexrad-level2/2025/03/31/KBOX/KBOX20250331_171440_V06', 's3://noaa-nexrad-level2/2025/03/31/KCXX/KCXX20250331_172818_V06', 's3://noaa-nexrad-level2/2025/03/31/KDIX/KDIX20250331_172814_V06']"
117386,F,CRJ7,HTS UA /OV YRK/TM 1733/FL260/TP CRJ7/TB CONS LGT-OCNL MOD CHOP,CONS LGT-OCNL MOD CHOP,202503311700-KMSC-UBUS01-PIREP,26000.0,38.64,-82.98,2025-03-31 17:33:00,2.0,M,"('KJKL', 'KILN', 'KRLX', 'KMRX', 'KCLE')","['s3://noaa-nexrad-level2/2025/03/31/KJKL/KJKL20250331_173027_V06', 's3://noaa-nexrad-level2/2025/03/31/KILN/KILN20250331_172921_V06', 's3://noaa-nexrad-level2/2025/03/31/KRLX/KRLX20250331_173100_V06', 's3://noaa-nexrad-level2/2025/03/31/KMRX/KMRX20250331_173126_V06', 's3://noaa-nexrad-level2/2025/03/31/KCLE/KCLE20250331_173045_V06']"
117387,F,A350,SIT UA /OV BKA270132/TM 1733/FL370/TP A350/TB CONS LGT/RM ZAN,CONS LGT,202503311700-KMSC-UBUS01-PIREP,37000.0,56.86,-139.57456898531845,2025-03-31 17:33:00,1.0,H,"('PACG', 'PAIH', 'PAIH', 'PAPD', 'PAHG')","['s3://noaa-nexrad-level2/2025/03/31/PACG/PACG20250331_173139_V06', 's3://noaa-nexrad-level2/2025/03/31/PAIH/PAIH20250331_173135_V06', 's3://noaa-nexrad-level2/2025/03/31/PAIH/PAIH20250331_173135_V06', 's3://noaa-nexrad-level2/2025/03/31/PAPD/PAPD20250331_172610_V06', 's3://noaa-nexrad-level2/2025/03/31/PAHG/PAHG20250331_172655_V06']"
117388,F,B712,LGC UA /OV LGC/TM 1734/FL220/TP B712/TB INTMT LGT CHOP/RM ZTLFD-09,INTMT LGT CHOP,202503311700-KMSC-UBUS01-PIREP,22000.0,33.00886,-85.07261,2025-03-31 17:34:00,1.0,M,"('KFFC', 'KMXX', 'KEOX', 'KBMX', 'KJGX')","['s3://noaa-nexrad-level2/2025/03/31/KFFC/KFFC20250331_173230_V06', 's3://noaa-nexrad-level2/2025/03/31/KMXX/KMXX20250331_173114_V06', 's3://noaa-nexrad-level2/2025/03/31/KEOX/KEOX20250331_173224_V06', 's3://noaa-nexrad-level2/2025/03/31/KBMX/KBMX20250331_173311_V06', 's3://noaa-nexrad-level2/2025/03/31/KJGX/KJGX20250331_173254_V06']"
117389,F,A320,BDL UA /OV CTR/TM 1735/FL110/TP A320/TB LGT CHOP,LGT CHOP,202503311700-KMSC-UBUS01-PIREP,11000.0,42.29,-72.95,2025-03-31 17:35:00,1.0,M,"('KENX', 'KOKX', 'KBOX', 'KCXX', 'KDIX')","['s3://noaa-nexrad-level2/2025/03/31/KENX/KENX20250331_173332_V06', 's3://noaa-nexrad-level2/2025/03/31/KOKX/KOKX20250331_172757_V06', 's3://noaa-nexrad-level2/2025/03/31/KBOX/KBOX20250331_171440_V06', 's3://noaa-nexrad-level2/2025/03/31/KCXX/KCXX20250331_172818_V06', 's3://noaa-nexrad-level2/2025/03/31/KDIX/KDIX20250331_172814_V06']"
117390,F,B737,BKW UA /OV LVT/TM 1735/FL290/TP B737/TB CONS LGT,CONS LGT,202503311700-KMSC-UBUS01-PIREP,29000.0,36.58,-85.17,2025-03-31 17:35:00,1.0,M,"('KOHX', 'KLVX', 'KMRX', 'KHTX', 'KJKL')","['s3://noaa-nexrad-level2/2025/03/31/KOHX/KOHX20250331_173415_V06', 's3://noaa-nexrad-level2/2025/03/31/KLVX/KLVX20250331_173042_V06', 's3://noaa-nexrad-level2/2025/03/31/KMRX/KMRX20250331_173126_V06', 's3://noaa-nexrad-level2/2025/03/31/KHTX/KHTX20250331_173247_V06', 's3://noaa-nexrad-level2/2025/03/31/KJKL/KJKL20250331_173027_V06']"
117391,F,B190,JNU UA /OV SSR020020/TM 1735/FL100/TP B190/TB NEG/RM NEG LLWS/ ZAN,NEG,202503311700-KMSC-UBUS01-PIREP,10000.0,58.48325624532144,-135.03381533552994,2025-03-31 17:35:00,0.0,M,"('PACG', 'PAIH', 'PAIH', 'PAPD', 'KLGX')","['s3://noaa-nexrad-level2/2025/03/31/PACG/PACG20250331_173139_V06', 's3://noaa-nexrad-level2/2025/03/31/PAIH/PAIH20250331_173135_V06', 's3://noaa-nexrad-level2/2025/03/31/PAIH/PAIH20250331_173135_V06', 's3://noaa-nexrad-level2/2025/03/31/PAPD/PAPD20250331_173315_V06', 's3://noaa-nexrad-level2/2025/03/31/KLGX/KLGX20250331_173422_V06']"
117392,F,C172,ABR UA /OV ABR/TM 1736/FL040/TP C172/TB NEG/IC NEG,NEG,202503311700-KMSC-UBUS01-PIREP,4000.0,45.45,-98.42,2025-03-31 17:36:00,0.0,L,"('KABR', 'KMVX', 'KFSD', 'KBIS', 'KMBX')","['s3://noaa-nexrad-level2/2025/03/31/KABR/KABR20250331_172925_V06', 's3://noaa-nexrad-level2/2025/03/31/KMVX/KMVX20250331_173533_V06', 's3://noaa-nexrad-level2/2025/03/31/KFSD/KFSD20250331_173329_V06', 's3://noaa-nexrad-level2/2025/03/31/KBIS/KBIS20250331_173041_V06', 's3://noaa-nexrad-level2/2025/03/31/KMBX/KMBX20250331_172917_V06']"
117393,F,C68A,CRG UA /OV CRG025030/TM 1736/FL430/TP C68A/TB INTMT LGT CHOP,INTMT LGT CHOP,202503311700-KMSC-UBUS01-PIREP,43000.0,30.789290599020404,-81.26984800438908,2025-03-31 17:36:00,1.0,U,"('KJAX', 'KVAX', 'KCLX', 'KMLB', 'KJGX')","['s3://noaa-nexrad-level2/2025/03/31/KJAX/KJAX20250331_173315_V06', 's3://noaa-nexrad-level2/2025/03/31/KMLB/KMLB20250331_173244_V06', 's3://noaa-nexrad-level2/2025/03/31/KJGX/KJGX20250331_173254_V06']"
117394,F,B763,POU UA /OV PWL/TM 1736/FL300/TP B763/TB NEG 300,NEG 300,202503311700-KMSC-UBUS01-PIREP,30000.0,41.77,-73.6,2025-03-31 17:36:00,0.0,H,"('KENX', 'KOKX', 'KDIX', 'KBGM', 'KBOX')","['s3://noaa-nexrad-level2/2025/03/31/KENX/KENX20250331_173332_V06', 's3://noaa-nexrad-level2/2025/03/31/KOKX/KOKX20250331_172757_V06', 's3://noaa-nexrad-level2/2025/03/31/KDIX/KDIX20250331_173517_V06', 's3://noaa-nexrad-level2/2025/03/31/KBGM/KBGM20250331_173341_V06', 's3://noaa-nexrad-level2/2025/03/31/KBOX/KBOX20250331_171440_V06']"
117395,F,A320,GZH UA /OV MVC360015/TM 1736/FL330/TP A320/TB OCNL LGT CHOP/RM MOSTLY SMOOTH ZTLFD-11,OCNL LGT CHOP,202503311700-KMSC-UBUS01-PIREP,33000.0,31.70002025002025,-87.35,2025-03-31 17:36:00,1.0,M,"('KMOB', 'KBMX', 'KMXX', 'KEVX', 'KEOX')","['s3://noaa-nexrad-level2/2025/03/31/KMOB/KMOB20250331_173353_V06', 's3://noaa-nexrad-level2/2025/03/31/KBMX/KBMX20250331_173311_V06', 's3://noaa-nexrad-level2/2025/03/31/KMXX/KMXX20250331_173114_V06', 's3://noaa-nexrad-level2/2025/03/31/KEVX/KEVX20250331_173436_V06', 's3://noaa-nexrad-level2/2025/03/31/KEOX/KEOX20250331_173224_V06']"
117396,F,CRJ9,DSV UA /OV GEE180020/TM 1737/FL390/TP CRJ9/TB MOD CHOP/RM ZOB,MOD CHOP,202503311700-KMSC-UBUS01-PIREP,39000.0,42.49663966663967,-77.73,2025-03-31 17:37:00,3.0,U,"('KBUF', 'KCCX', 'KBGM', 'KTYX', 'KPBZ')","['s3://noaa-nexrad-level2/2025/03/31/KBUF/KBUF20250331_173611_V06', 's3://noaa-nexrad-level2/2025/03/31/KCCX/KCCX20250331_173432_V06', 's3://noaa-nexrad-level2/2025/03/31/KBGM/KBGM20250331_173341_V06', 's3://noaa-nexrad-level2/2025/03/31/KTYX/KTYX20250331_173252_V06', 's3://noaa-nexrad-level2/2025/03/31/KPBZ/KPBZ20250331_173649_V06']"
117397,F,B38M,MBPV UA /OV PVN030040/TM 1738/FL360/TP B38M/TB LGT CHOP,LGT CHOP,202503311700-KMSC-UBUS01-PIREP,36000.0,22.3473970346082,-71.90103859190407,2025-03-31 17:38:00,1.0,U,"('KAMX', 'KAMX', 'KBYX', 'KMLB', 'KTBW')","['s3://noaa-nexrad-level2/2025/03/31/KAMX/KAMX20250331_173557_V06', 's3://noaa-nexrad-level2/2025/03/31/KAMX/KAMX20250331_173557_V06', 's3://noaa-nexrad-level2/2025/03/31/KBYX/KBYX20250331_173208_V06', 's3://noaa-nexrad-level2/2025/03/31/KMLB/KMLB20250331_173244_V06', 's3://noaa-nexrad-level2/2025/03/31/KTBW/KTBW20250331_173759_V06']"
117398,F,E175,ALB UA /OV ALB290020/TM 1738/FL350/TP E175/TB LGT OCNL MOD CHOP 350-320,LGT OCNL MOD CHOP 350-320,202503311700-KMSC-UBUS01-PIREP,35000.0,42.871585948995,-74.23025429763362,2025-03-31 17:38:00,2.0,U,"('KENX', 'KTYX', 'KBGM', 'KCXX', 'KOKX')","['s3://noaa-nexrad-level2/2025/03/31/KENX/KENX20250331_173332_V06', 's3://noaa-nexrad-level2/2025/03/31/KTYX/KTYX20250331_173755_V06', 's3://noaa-nexrad-level2/2025/03/31/KBGM/KBGM20250331_173341_V06', 's3://noaa-nexrad-level2/2025/03/31/KCXX/KCXX20250331_173517_V06', 's3://noaa-nexrad-level2/2025/03/31/KOKX/KOKX20250331_173617_V06']"
117399,F,B737,BNA UA /OV BNA270030/TM 1738/FL310/TP B737/TB CONS LGT OCNL MOD CHOP/RM ZME,CONS LGT OCNL MOD CHOP,202503311700-KMSC-UBUS01-PIREP,31000.0,36.11889,-87.30818860885368,2025-03-31 17:38:00,2.0,M,"('KHPX', 'KOHX', 'KHTX', 'KPAH', 'KVWX')","['s3://noaa-nexrad-level2/2025/03/31/KHPX/KHPX20250331_173736_V06', 's3://noaa-nexrad-level2/2025/03/31/KOHX/KOHX20250331_173415_V06', 's3://noaa-nexrad-level2/2025/03/31/KHTX/KHTX20250331_173750_V06', 's3://noaa-nexrad-level2/2025/03/31/KPAH/KPAH20250331_173525_V06', 's3://noaa-nexrad-level2/2025/03/31/KVWX/KVWX20250331_173507_V06']"
117400,F,C17,DBN UA /OV DBN270010/TM 1738/FL117/TP C17/TB LGT OCNL CHOP/RM ZTLFD-24,LGT OCNL CHOP,202503311700-KMSC-UBUS01-PIREP,11700.0,32.5644167,-83.1830504271881,2025-03-31 17:38:00,1.0,L,"('KJGX', 'KFFC', 'KVAX', 'KCLX', 'KTLH')","['s3://noaa-nexrad-level2/2025/03/31/KJGX/KJGX20250331_173254_V06', 's3://noaa-nexrad-level2/2025/03/31/KFFC/KFFC20250331_173230_V06', 's3://noaa-nexrad-level2/2025/03/31/KTLH/KTLH20250331_173412_V06']"
117401,F,F2TH,GCC UA /OV CZI/TM 1738/FL410/TP F2TH/TB LGT-MOD/RM ZDVWC-32,LGT-MOD,202503311700-KMSC-UBUS01-PIREP,41000.0,44.0,-106.44,2025-03-31 17:38:00,2.0,M,"('KRIW', 'KBLX', 'KCYS', 'KUDX', 'KGGW')","['s3://noaa-nexrad-level2/2025/03/31/KRIW/KRIW20250331_173331_V06', 's3://noaa-nexrad-level2/2025/03/31/KBLX/KBLX20250331_172959_V06', 's3://noaa-nexrad-level2/2025/03/31/KCYS/KCYS20250331_173310_V06', 's3://noaa-nexrad-level2/2025/03/31/KUDX/KUDX20250331_173005_V06', 's3://noaa-nexrad-level2/2025/03/31/KGGW/KGGW20250331_173205_V06']"
117402,F,FA7X,MPG UA /OV AIR010010/TM 1738/FL390/TP FA7X/TB MOD/RM MOD FL390-FL450 / ZOB,MOD,202503311700-KMSC-UBUS01-PIREP,39000.0,40.18414792042,-80.78220560132392,2025-03-31 17:38:00,3.0,U,"('KPBZ', 'KCLE', 'KRLX', 'KCCX', 'KILN')","['s3://noaa-nexrad-level2/2025/03/31/KPBZ/KPBZ20250331_173649_V06', 's3://noaa-nexrad-level2/2025/03/31/KCLE/KCLE20250331_173738_V06', 's3://noaa-nexrad-level2/2025/03/31/KRLX/KRLX20250331_173535_V06', 's3://noaa-nexrad-level2/2025/03/31/KCCX/KCCX20250331_173432_V06', 's3://noaa-nexrad-level2/2025/03/31/KILN/KILN20250331_173455_V06']"
117403,F,B39M,GJT UA /OV JNC/TM 1739/FL340/TP B39M/TB OCNL LGT CHOP/RM ZDVWC-,OCNL LGT CHOP,202503311700-KMSC-UBUS01-PIREP,34000.0,39.06,-108.79,2025-03-31 17:39:00,1.0,U,"('KGJX', 'KRIW', 'KMTX', 'KFTG', 'KICX')","['s3://noaa-nexrad-level2/2025/03/31/KGJX/KGJX20250331_173728_V06', 's3://noaa-nexrad-level2/2025/03/31/KRIW/KRIW20250331_173817_V06', 's3://noaa-nexrad-level2/2025/03/31/KMTX/KMTX20250331_173642_V06', 's3://noaa-nexrad-level2/2025/03/31/KFTG/KFTG20250331_173437_V06', 's3://noaa-nexrad-level2/2025/03/31/KICX/KICX20250331_173722_V06']"
117404,F,A321,INK UA /OV INK100020/TM 1739/FL300/TP A321/TB LGT 300/RM ZFW,LGT 300,202503311700-KMSC-UBUS01-PIREP,30000.0,31.72211258560554,-102.81380439454412,2025-03-31 17:39:00,1.0,M,"('KMAF', 'KLBB', 'KSJT', 'KFDX', 'KDFX')","['s3://noaa-nexrad-level2/2025/03/31/KMAF/KMAF20250331_173357_V06', 's3://noaa-nexrad-level2/2025/03/31/KLBB/KLBB20250331_142300_V06', 's3://noaa-nexrad-level2/2025/03/31/KSJT/KSJT20250331_173343_V06', 's3://noaa-nexrad-level2/2025/03/31/KFDX/KFDX20250331_173532_V06', 's3://noaa-nexrad-level2/2025/03/31/KDFX/KDFX20250331_173618_V06']"
117405,F,B39M,GJT UA /OV JNC/TM 1739/FL340/TP B39M/TB OCNL LGT CHOP/RM ZDVWC,OCNL LGT CHOP,202503311745-KWBC-UBCO90-PIREP,34000.0,39.06,-108.79,2025-03-31 17:39:00,1.0,U,"('KGJX', 'KRIW', 'KMTX', 'KFTG', 'KICX')","['s3://noaa-nexrad-level2/2025/03/31/KGJX/KGJX20250331_173728_V06', 's3://noaa-nexrad-level2/2025/03/31/KRIW/KRIW20250331_173817_V06', 's3://noaa-nexrad-level2/2025/03/31/KMTX/KMTX20250331_173642_V06', 's3://noaa-nexrad-level2/2025/03/31/KFTG/KFTG20250331_173437_V06', 's3://noaa-nexrad-level2/2025/03/31/KICX/KICX20250331_173722_V06']"
117406,F,C25M,AHN UA /OV AHN090015/TM 1740/FL120/TP C25M/TB MOD 120 BLO NEG 130 ABV/RM ZTLFD-16,MOD 120 BLO NEG 130 ABV,202503311700-KMSC-UBUS01-PIREP,12000.0,33.9486,-83.0249533410739,2025-03-31 17:40:00,0.0,U,"('KGSP', 'KJGX', 'KFFC', 'KCAE', 'KMRX')","['s3://noaa-nexrad-level2/2025/03/31/KGSP/KGSP20250331_173708_V06', 's3://noaa-nexrad-level2/2025/03/31/KJGX/KJGX20250331_173935_V06', 's3://noaa-nexrad-level2/2025/03/31/KFFC/KFFC20250331_173954_V06', 's3://noaa-nexrad-level2/2025/03/31/KCAE/KCAE20250331_173725_V06', 's3://noaa-nexrad-level2/2025/03/31/KMRX/KMRX20250331_173611_V06']"
117407,F,C510,STC UA /OV STC/TM 1740/FL240/TP C510/TB OCNL LGT CHOP,OCNL LGT CHOP,202503311700-KMSC-UBUS01-PIREP,24000.0,45.5433,-94.0513,2025-03-31 17:40:00,1.0,U,"('KMPX', 'KDLH', 'KFSD', 'KARX', 'KDMX')","['s3://noaa-nexrad-level2/2025/03/31/KMPX/KMPX20250331_173253_V06', 's3://noaa-nexrad-level2/2025/03/31/KDLH/KDLH20250331_173141_V06', 's3://noaa-nexrad-level2/2025/03/31/KFSD/KFSD20250331_173329_V06', 's3://noaa-nexrad-level2/2025/03/31/KARX/KARX20250331_173640_V06', 's3://noaa-nexrad-level2/2025/03/31/KDMX/KDMX20250331_173327_V06']"
117408,F,S22T,PKB UA /OV CTW360015/TM 1740/FL100/TP S22T/WX HZ/TA 01/TB NEG,NEG,202503311700-KMSC-UBUS01-PIREP,10000.0,40.480020250020246,-81.48,2025-03-31 17:40:00,0.0,U,"('KCLE', 'KPBZ', 'KRLX', 'KILN', 'KDTX')","['s3://noaa-nexrad-level2/2025/03/31/KCLE/KCLE20250331_173738_V06', 's3://noaa-nexrad-level2/2025/03/31/KPBZ/KPBZ20250331_173649_V06', 's3://noaa-nexrad-level2/2025/03/31/KRLX/KRLX20250331_173535_V06', 's3://noaa-nexrad-level2/2025/03/31/KILN/KILN20250331_173455_V06', 's3://noaa-nexrad-level2/2025/03/31/KDTX/KDTX20250331_173932_V06']"
117409,F,M600,SDF UA /OV MYS360035/TM 1740/FL230/TP M600/TB LGT CHOP,LGT CHOP,202503311700-KMSC-UBUS01-PIREP,23000.0,38.47338058338058,-86.24,2025-03-31 17:40:00,1.0,U,"('KLVX', 'KIND', 'KVWX', 'KHPX', 'KOHX')","['s3://noaa-nexrad-level2/2025/03/31/KLVX/KLVX20250331_173731_V06', 's3://noaa-nexrad-level2/2025/03/31/KIND/KIND20250331_173910_V06', 's3://noaa-nexrad-level2/2025/03/31/KVWX/KVWX20250331_173507_V06', 's3://noaa-nexrad-level2/2025/03/31/KHPX/KHPX20250331_173736_V06', 's3://noaa-nexrad-level2/2025/03/31/KOHX/KOHX20250331_173834_V06']"
117410,F,C208,BET UA /OV BET/TM 1740/FL032/TP C208/SK TOP032/TA 01/TB NEG/IC NEG/RM ZAN,NEG,202503311700-KMSC-UBUS01-PIREP,3200.0,60.77,-161.83,2025-03-31 17:40:00,0.0,L,"('PABC', 'PAEC', 'PAKC', 'PAHG', 'PAPD')","['s3://noaa-nexrad-level2/2025/03/31/PAEC/PAEC20250331_173401_V06', 's3://noaa-nexrad-level2/2025/03/31/PAKC/PAKC20250331_173640_V06', 's3://noaa-nexrad-level2/2025/03/31/PAHG/PAHG20250331_173355_V06', 's3://noaa-nexrad-level2/2025/03/31/PAPD/PAPD20250331_173315_V06']"
117411,F,A350,SIT UA /OV BKA290084/TM 1740/FL370/TP A350/TB OCNL LGT/RM ZAN,OCNL LGT,202503311800-KMSC-UBUS01-PIREP,37000.0,57.33886698577897,-137.956636767403,2025-03-31 17:40:00,1.0,H,"('PACG', 'PAIH', 'PAIH', 'PAPD', 'PAHG')","['s3://noaa-nexrad-level2/2025/03/31/PACG/PACG20250331_173825_V06', 's3://noaa-nexrad-level2/2025/03/31/PAIH/PAIH20250331_173819_V06', 's3://noaa-nexrad-level2/2025/03/31/PAIH/PAIH20250331_173819_V06', 's3://noaa-nexrad-level2/2025/03/31/PAPD/PAPD20250331_173315_V06', 's3://noaa-nexrad-level2/2025/03/31/PAHG/PAHG20250331_173355_V06']"
117412,F,B737,MEM UA /OV MEM020070/TM 1741/FL390/TP B737/TB CONS MOD CHOP/RM ZME,CONS MOD CHOP,202503311700-KMSC-UBUS01-PIREP,39000.0,36.15750685862503,-89.4974784251341,2025-03-31 17:41:00,3.0,M,"('KNQA', 'KPAH', 'KHPX', 'KGWX', 'KVWX')","['s3://noaa-nexrad-level2/2025/03/31/KNQA/KNQA20250331_173715_V06', 's3://noaa-nexrad-level2/2025/03/31/KPAH/KPAH20250331_173525_V06', 's3://noaa-nexrad-level2/2025/03/31/KHPX/KHPX20250331_173736_V06', 's3://noaa-nexrad-level2/2025/03/31/KGWX/KGWX20250331_173916_V06', 's3://noaa-nexrad-level2/2025/03/31/KVWX/KVWX20250331_173507_V06']"
117413,F,A321,AVL UA /OV SUG085035/TM 1741/FL140/TP A321/TB OCNL CONS LGT CHOP 230-140/RM ZTLFD-44,OCNL CONS LGT CHOP 230-140,202503311700-KMSC-UBUS01-PIREP,14000.0,35.460844968049095,-81.55694279754852,2025-03-31 17:41:00,1.0,M,"('KGSP', 'KCAE', 'KMRX', 'KFCX', 'KJKL')","['s3://noaa-nexrad-level2/2025/03/31/KGSP/KGSP20250331_173708_V06', 's3://noaa-nexrad-level2/2025/03/31/KCAE/KCAE20250331_174055_V06', 's3://noaa-nexrad-level2/2025/03/31/KMRX/KMRX20250331_174056_V06', 's3://noaa-nexrad-level2/2025/03/31/KFCX/KFCX20250331_173730_V06', 's3://noaa-nexrad-level2/2025/03/31/KJKL/KJKL20250331_173923_V06']"
117414,F,E295,GUC UA /OV HBU048045/TM 1742/FL380/TP E295/TB LGT CHOP/RM +/-10KTS ZDVWC-65,LGT CHOP,202503311700-KMSC-UBUS01-PIREP,38000.0,38.95188860449413,-106.3282551509721,2025-03-31 17:42:00,1.0,U,"('KGJX', 'KFTG', 'KPUX', 'KCYS', 'KABX')","['s3://noaa-nexrad-level2/2025/03/31/KGJX/KGJX20250331_173728_V06', 's3://noaa-nexrad-level2/2025/03/31/KFTG/KFTG20250331_174140_V06', 's3://noaa-nexrad-level2/2025/03/31/KPUX/KPUX20250331_173940_V06', 's3://noaa-nexrad-level2/2025/03/31/KCYS/KCYS20250331_173310_V06', 's3://noaa-nexrad-level2/2025/03/31/KABX/KABX20250331_173952_V06']"
117415,F,B737,PGA UA /OV TBC/TM 1742/FL370/TP B737/TB OCNL LGT CHOP/RM ZVDWC-,OCNL LGT CHOP,202503311700-KMSC-UBUS01-PIREP,37000.0,36.12,-111.27,2025-03-31 17:42:00,1.0,M,"('KFSX', 'KFSX', 'KICX', 'KIWA', 'KESX')","['s3://noaa-nexrad-level2/2025/03/31/KFSX/KFSX20250331_173526_V06', 's3://noaa-nexrad-level2/2025/03/31/KFSX/KFSX20250331_173526_V06', 's3://noaa-nexrad-level2/2025/03/31/KICX/KICX20250331_173722_V06', 's3://noaa-nexrad-level2/2025/03/31/KIWA/KIWA20250331_173713_V06', 's3://noaa-nexrad-level2/2025/03/31/KESX/KESX20250331_174000_V06']"
117416,T,E145,RNO UUA /OV KRNO347005/TM 1742/FL070/TP E145/TA UNKN/TB CONS LGT OCNL MOD BLO 070/IC LGT RIME BLO 100/RM LLWS +/-10KT 070-SFC DURD RY17L RNO,CONS LGT OCNL MOD BLO 070,202503311700-KMSC-UBUS01-PIREP,7000.0,39.56509408240328,-119.79540043406848,2025-03-31 17:42:00,2.0,M,"('KRGX', 'KBBX', 'KDAX', 'KMUX', 'KLRX')","['s3://noaa-nexrad-level2/2025/03/31/KRGX/KRGX20250331_174014_V06', 's3://noaa-nexrad-level2/2025/03/31/KBBX/KBBX20250331_173827_V06', 's3://noaa-nexrad-level2/2025/03/31/KDAX/KDAX20250331_174055_V06', 's3://noaa-nexrad-level2/2025/03/31/KMUX/KMUX20250331_174042_V06', 's3://noaa-nexrad-level2/2025/03/31/KLRX/KLRX20250331_173822_V06']"
117417,F,B738,ABI UA /OV ABI075016/TM 1742/FL320/TP B738/TB LGT OCNL CHOP 320/RM ZFW,LGT OCNL CHOP 320,202503311700-KMSC-UBUS01-PIREP,32000.0,32.479652512524304,-99.37695368981883,2025-03-31 17:42:00,1.0,M,"('KDYX', 'KSJT', 'KFDR', 'KFWS', 'KGRK')","['s3://noaa-nexrad-level2/2025/03/31/KDYX/KDYX20250331_173737_V06', 's3://noaa-nexrad-level2/2025/03/31/KSJT/KSJT20250331_173343_V06', 's3://noaa-nexrad-level2/2025/03/31/KFDR/KFDR20250331_173531_V06', 's3://noaa-nexrad-level2/2025/03/31/KFWS/KFWS20250331_174153_V06', 's3://noaa-nexrad-level2/2025/03/31/KGRK/KGRK20250331_174035_V06']"
117418,F,CRJ7,AEX UA /OV KAEX/TM 1742/FL360/TP CRJ7/TB MOD/RM ZHU,MOD,202503311700-KMSC-UBUS01-PIREP,36000.0,31.33472,-92.55861,2025-03-31 17:42:00,3.0,M,"('KPOE', 'KLCH', 'KSHV', 'KHDC', 'KDGX')","['s3://noaa-nexrad-level2/2025/03/31/KPOE/KPOE20250331_173824_V06', 's3://noaa-nexrad-level2/2025/03/31/KLCH/KLCH20250331_173529_V06', 's3://noaa-nexrad-level2/2025/03/31/KSHV/KSHV20250331_173343_V06', 's3://noaa-nexrad-level2/2025/03/31/KHDC/KHDC20250331_173844_V06', 's3://noaa-nexrad-level2/2025/03/31/KDGX/KDGX20250331_174011_V06']"
117419,F,A321,GUC UA /OV HBU035035/TM 1742/FL340/TP A321/TB CONS LGT OCNL MOD /RM MOD WAVE +/-20KTS ZDVWC-,CONS LGT OCNL MOD,202503311700-KMSC-UBUS01-PIREP,34000.0,38.92787739747471,-106.6127346181456,2025-03-31 17:42:00,2.0,M,"('KGJX', 'KFTG', 'KPUX', 'KCYS', 'KABX')","['s3://noaa-nexrad-level2/2025/03/31/KGJX/KGJX20250331_173728_V06', 's3://noaa-nexrad-level2/2025/03/31/KFTG/KFTG20250331_174140_V06', 's3://noaa-nexrad-level2/2025/03/31/KPUX/KPUX20250331_173940_V06', 's3://noaa-nexrad-level2/2025/03/31/KCYS/KCYS20250331_173310_V06', 's3://noaa-nexrad-level2/2025/03/31/KABX/KABX20250331_173952_V06']"
117420,F,B38M,LOZ UA /OV LOZ277032/TM 1742/FL290/TP B38M/TB CONS LGT,CONS LGT,202503311700-KMSC-UBUS01-PIREP,29000.0,37.15200224791032,-84.74064177073411,2025-03-31 17:42:00,1.0,U,"('KLVX', 'KJKL', 'KMRX', 'KOHX', 'KILN')","['s3://noaa-nexrad-level2/2025/03/31/KLVX/KLVX20250331_173731_V06', 's3://noaa-nexrad-level2/2025/03/31/KJKL/KJKL20250331_173923_V06', 's3://noaa-nexrad-level2/2025/03/31/KMRX/KMRX20250331_174056_V06', 's3://noaa-nexrad-level2/2025/03/31/KOHX/KOHX20250331_173834_V06', 's3://noaa-nexrad-level2/2025/03/31/KILN/KILN20250331_174029_V06']"
117421,F,B737,PGA UA /OV TBC/TM 1742/FL370/TP B737/TB OCNL LGT CHOP/RM ZVDWC,OCNL LGT CHOP,202503311750-KWBC-UBAZ90-PIREP,37000.0,36.12,-111.27,2025-03-31 17:42:00,1.0,M,"('KFSX', 'KFSX', 'KICX', 'KIWA', 'KESX')","['s3://noaa-nexrad-level2/2025/03/31/KFSX/KFSX20250331_173526_V06', 's3://noaa-nexrad-level2/2025/03/31/KFSX/KFSX20250331_173526_V06', 's3://noaa-nexrad-level2/2025/03/31/KICX/KICX20250331_173722_V06', 's3://noaa-nexrad-level2/2025/03/31/KIWA/KIWA20250331_173713_V06', 's3://noaa-nexrad-level2/2025/03/31/KESX/KESX20250331_174000_V06']"
117422,F,A321,GUC UA /OV HBU035035/TM 1742/FL340/TP A321/TB CONS LGT OCNL MOD /RM MOD WAVE +/-20KTS ZDVWC,CONS LGT OCNL MOD,202503311750-KWBC-UBCO90-PIREP,34000.0,38.92787739747471,-106.6127346181456,2025-03-31 17:42:00,2.0,M,"('KGJX', 'KFTG', 'KPUX', 'KCYS', 'KABX')","['s3://noaa-nexrad-level2/2025/03/31/KGJX/KGJX20250331_173728_V06', 's3://noaa-nexrad-level2/2025/03/31/KFTG/KFTG20250331_174140_V06', 's3://noaa-nexrad-level2/2025/03/31/KPUX/KPUX20250331_173940_V06', 's3://noaa-nexrad-level2/2025/03/31/KCYS/KCYS20250331_173310_V06', 's3://noaa-nexrad-level2/2025/03/31/KABX/KABX20250331_173952_V06']"
117423,F,B738,GSO UA /OV GSO/TM 1742/FL190/TP B738/TB LGT CHOP/RM DURD ZTLFD-29,LGT CHOP,202503311700-KMSC-UBUS01-PIREP,19000.0,36.0975,-79.94361,2025-03-31 17:42:00,1.0,M,"('KFCX', 'KRAX', 'KCAE', 'KGSP', 'KLTX')","['s3://noaa-nexrad-level2/2025/03/31/KFCX/KFCX20250331_174139_V06', 's3://noaa-nexrad-level2/2025/03/31/KRAX/KRAX20250331_173541_V06', 's3://noaa-nexrad-level2/2025/03/31/KCAE/KCAE20250331_174055_V06', 's3://noaa-nexrad-level2/2025/03/31/KGSP/KGSP20250331_173708_V06', 's3://noaa-nexrad-level2/2025/03/31/KLTX/KLTX20250331_174157_V06']"
117424,F,A350,OME UA /OV OME/TM 1742/FL350/TP A350/TB LGT OCNL MOD/RM FL330 SMOOTH /ZAN,LGT OCNL MOD,202503311800-KMSC-UBUS01-PIREP,35000.0,64.51,-165.44,2025-03-31 17:42:00,2.0,H,"('PAEC', 'PABC', 'PAKC', 'PAHG', 'PAPD')","['s3://noaa-nexrad-level2/2025/03/31/PAEC/PAEC20250331_174106_V06', 's3://noaa-nexrad-level2/2025/03/31/PAKC/PAKC20250331_173640_V06', 's3://noaa-nexrad-level2/2025/03/31/PAHG/PAHG20250331_174049_V06', 's3://noaa-nexrad-level2/2025/03/31/PAPD/PAPD20250331_174017_V06']"
117425,F,B764,ORH UA /OV ORH/TM 1743/FL340/TP B764/TB CONS MOD 340 CONS LGT 320,CONS MOD 340 CONS LGT 320,202503311700-KMSC-UBUS01-PIREP,34000.0,42.26734,-71.87571,2025-03-31 17:43:00,2.0,H,"('KBOX', 'KOKX', 'KENX', 'KGYX', 'KCXX')","['s3://noaa-nexrad-level2/2025/03/31/KBOX/KBOX20250331_171440_V06', 's3://noaa-nexrad-level2/2025/03/31/KOKX/KOKX20250331_173617_V06', 's3://noaa-nexrad-level2/2025/03/31/KENX/KENX20250331_174029_V06', 's3://noaa-nexrad-level2/2025/03/31/KGYX/KGYX20250331_174135_V06', 's3://noaa-nexrad-level2/2025/03/31/KCXX/KCXX20250331_174216_V06']"
117426,F,CL35,BKW UA /OV BKW/TM 1743/FL410/TP CL35/TB OCNL MOD CHOP,OCNL MOD CHOP,202503311700-KMSC-UBUS01-PIREP,41000.0,37.78733,-81.12416,2025-03-31 17:43:00,3.0,U,"('KRLX', 'KFCX', 'KJKL', 'KMRX', 'KPBZ')","['s3://noaa-nexrad-level2/2025/03/31/KRLX/KRLX20250331_174023_V06', 's3://noaa-nexrad-level2/2025/03/31/KFCX/KFCX20250331_174139_V06', 's3://noaa-nexrad-level2/2025/03/31/KJKL/KJKL20250331_173923_V06', 's3://noaa-nexrad-level2/2025/03/31/KMRX/KMRX20250331_174056_V06', 's3://noaa-nexrad-level2/2025/03/31/KPBZ/KPBZ20250331_173649_V06']"
117427,F,SF50,CLT UA /OV CLT/TM 1743/FL200/TP SF50/TB NEG/RM ZTLFD-29,NEG,202503311700-KMSC-UBUS01-PIREP,20000.0,35.22255,-80.95431,2025-03-31 17:43:00,0.0,U,"('KCAE', 'KGSP', 'KFCX', 'KRAX', 'KCLX')","['s3://noaa-nexrad-level2/2025/03/31/KCAE/KCAE20250331_174055_V06', 's3://noaa-nexrad-level2/2025/03/31/KGSP/KGSP20250331_173708_V06', 's3://noaa-nexrad-level2/2025/03/31/KFCX/KFCX20250331_174139_V06', 's3://noaa-nexrad-level2/2025/03/31/KRAX/KRAX20250331_173541_V06']"
117428,F,PC12,UAO UA /OV KUAO/TM 1744/FL010/TP PC12/TB LGT/RM DURD RY17,LGT,202503311700-KMSC-UBUS01-PIREP,1000.0,45.25,-122.77,2025-03-31 17:44:00,1.0,L,"('KRTX', 'KLGX', 'KATX', 'KMAX', 'KPDT')","['s3://noaa-nexrad-level2/2025/03/31/KRTX/KRTX20250331_174205_V06', 's3://noaa-nexrad-level2/2025/03/31/KLGX/KLGX20250331_173924_V06', 's3://noaa-nexrad-level2/2025/03/31/KATX/KATX20250331_174349_V06', 's3://noaa-nexrad-level2/2025/03/31/KMAX/KMAX20250331_173954_V06', 's3://noaa-nexrad-level2/2025/03/31/KPDT/KPDT20250331_174245_V06']"
117429,F,E175,MLU UA /OV KSWB130020/TM 1744/FL350/TP E175/TB MOD/RM ZHU,MOD,202503311700-KMSC-UBUS01-PIREP,35000.0,31.755720108155003,-92.3789730386608,2025-03-31 17:44:00,3.0,U,"('KPOE', 'KSHV', 'KLCH', 'KHDC', 'KDGX')","['s3://noaa-nexrad-level2/2025/03/31/KPOE/KPOE20250331_173824_V06', 's3://noaa-nexrad-level2/2025/03/31/KSHV/KSHV20250331_174225_V06', 's3://noaa-nexrad-level2/2025/03/31/KLCH/KLCH20250331_173529_V06', 's3://noaa-nexrad-level2/2025/03/31/KHDC/KHDC20250331_173844_V06', 's3://noaa-nexrad-level2/2025/03/31/KDGX/KDGX20250331_174011_V06']"
117430,F,A319,AND UA /OV ELW/TM 1744/FL310/TP A319/TB LGT CHOP/RM ZTLFD-32,LGT CHOP,202503311700-KMSC-UBUS01-PIREP,31000.0,34.42,-82.78,2025-03-31 17:44:00,1.0,M,"('KGSP', 'KCAE', 'KJGX', 'KMRX', 'KFFC')","['s3://noaa-nexrad-level2/2025/03/31/KGSP/KGSP20250331_174357_V06', 's3://noaa-nexrad-level2/2025/03/31/KCAE/KCAE20250331_174055_V06', 's3://noaa-nexrad-level2/2025/03/31/KJGX/KJGX20250331_173935_V06', 's3://noaa-nexrad-level2/2025/03/31/KMRX/KMRX20250331_174056_V06', 's3://noaa-nexrad-level2/2025/03/31/KFFC/KFFC20250331_173954_V06']"
117431,F,A21N,AVL UA /OV SUG160015/TM 1744/FL340/TP A21N/TB LGT-MOD/RM ZTLFD-50,LGT-MOD,202503311700-KMSC-UBUS01-PIREP,34000.0,35.17505781600892,-82.16508078216508,2025-03-31 17:44:00,2.0,U,"('KGSP', 'KMRX', 'KCAE', 'KFCX', 'KJKL')","['s3://noaa-nexrad-level2/2025/03/31/KGSP/KGSP20250331_174357_V06', 's3://noaa-nexrad-level2/2025/03/31/KMRX/KMRX20250331_174056_V06', 's3://noaa-nexrad-level2/2025/03/31/KCAE/KCAE20250331_174055_V06', 's3://noaa-nexrad-level2/2025/03/31/KFCX/KFCX20250331_174139_V06', 's3://noaa-nexrad-level2/2025/03/31/KJKL/KJKL20250331_174358_V06']"
117432,F,B738,SPA UA /OV SPA/TM 1744/FL210/TP B738/TB NEG/RM ZTLFD-31,NEG,202503311700-KMSC-UBUS01-PIREP,21000.0,34.9157222,-81.9565,2025-03-31 17:44:00,0.0,M,"('KGSP', 'KCAE', 'KMRX', 'KCLX', 'KJGX')","['s3://noaa-nexrad-level2/2025/03/31/KGSP/KGSP20250331_174357_V06', 's3://noaa-nexrad-level2/2025/03/31/KCAE/KCAE20250331_174055_V06', 's3://noaa-nexrad-level2/2025/03/31/KMRX/KMRX20250331_174056_V06', 's3://noaa-nexrad-level2/2025/03/31/KJGX/KJGX20250331_173935_V06']"
117433,F,CRJ9,DTW UA /OV DXO090015/TM 1745/FL280/TP CRJ9/TB CONS MOD CAT /RM ZOB,CONS MOD CAT,202503311700-KMSC-UBUS01-PIREP,28000.0,42.21,-83.03244833151906,2025-03-31 17:45:00,3.0,U,"('KDTX', 'KCLE', 'KGRR', 'KIWX', 'KILN')","['s3://noaa-nexrad-level2/2025/03/31/KDTX/KDTX20250331_173932_V06', 's3://noaa-nexrad-level2/2025/03/31/KCLE/KCLE20250331_174432_V06', 's3://noaa-nexrad-level2/2025/03/31/KGRR/KGRR20250331_174316_V06', 's3://noaa-nexrad-level2/2025/03/31/KIWX/KIWX20250331_174225_V06', 's3://noaa-nexrad-level2/2025/03/31/KILN/KILN20250331_174029_V06']"
117434,F,B788,GFL UA /OV GFL/TM 1746/FL340/TP B788/TB LGT-MOD CHOP 340,LGT-MOD CHOP 340,202503311700-KMSC-UBUS01-PIREP,34000.0,43.34122,-73.61031,2025-03-31 17:46:00,2.0,U,"('KENX', 'KCXX', 'KTYX', 'KOKX', 'KBGM')","['s3://noaa-nexrad-level2/2025/03/31/KENX/KENX20250331_174029_V06', 's3://noaa-nexrad-level2/2025/03/31/KCXX/KCXX20250331_174216_V06', 's3://noaa-nexrad-level2/2025/03/31/KTYX/KTYX20250331_174243_V06', 's3://noaa-nexrad-level2/2025/03/31/KOKX/KOKX20250331_174431_V06', 's3://noaa-nexrad-level2/2025/03/31/KBGM/KBGM20250331_174252_V06']"
117435,F,B752,SDF UA /OV EWO170030/TM 1746/FL380/TP B752/TB CONS LGT CHOP,CONS LGT CHOP,202503311700-KMSC-UBUS01-PIREP,38000.0,37.13755623874002,-85.57036060124855,2025-03-31 17:46:00,1.0,M,"('KLVX', 'KOHX', 'KHPX', 'KHTX', 'KJKL')","['s3://noaa-nexrad-level2/2025/03/31/KLVX/KLVX20250331_174420_V06', 's3://noaa-nexrad-level2/2025/03/31/KOHX/KOHX20250331_174254_V06', 's3://noaa-nexrad-level2/2025/03/31/KHPX/KHPX20250331_174448_V06', 's3://noaa-nexrad-level2/2025/03/31/KHTX/KHTX20250331_174243_V06', 's3://noaa-nexrad-level2/2025/03/31/KJKL/KJKL20250331_174358_V06']"
117436,F,B753,AHN UA /OV AHN/TM 1746/FL350/TP B753/TB LGT CONS CHOP/RM ZTLFD-24,LGT CONS CHOP,202503311700-KMSC-UBUS01-PIREP,35000.0,33.9486,-83.32635,2025-03-31 17:46:00,1.0,M,"('KJGX', 'KFFC', 'KGSP', 'KCAE', 'KMRX')","['s3://noaa-nexrad-level2/2025/03/31/KJGX/KJGX20250331_173935_V06', 's3://noaa-nexrad-level2/2025/03/31/KFFC/KFFC20250331_173954_V06', 's3://noaa-nexrad-level2/2025/03/31/KGSP/KGSP20250331_174357_V06', 's3://noaa-nexrad-level2/2025/03/31/KCAE/KCAE20250331_174437_V06', 's3://noaa-nexrad-level2/2025/03/31/KMRX/KMRX20250331_174528_V06']"
117437,F,B739,RAP UA /OV RAP284111/TM 1746/FL310/TP B739/TB MOD CHOP/RM ZDVWC-32,MOD CHOP,202503311700-KMSC-UBUS01-PIREP,31000.0,44.49292175889169,-105.55488015924315,2025-03-31 17:46:00,3.0,M,"('KUDX', 'KRIW', 'KBLX', 'KCYS', 'KGGW')","['s3://noaa-nexrad-level2/2025/03/31/KUDX/KUDX20250331_173823_V06', 's3://noaa-nexrad-level2/2025/03/31/KRIW/KRIW20250331_174303_V06', 's3://noaa-nexrad-level2/2025/03/31/KBLX/KBLX20250331_174120_V06', 's3://noaa-nexrad-level2/2025/03/31/KCYS/KCYS20250331_174253_V06', 's3://noaa-nexrad-level2/2025/03/31/KGGW/KGGW20250331_174537_V06']"
117438,F,A319,PVD UA /OV PVD140030/TM 1747/FL370/TP A319/TB MOD CHOP,MOD CHOP,202503311700-KMSC-UBUS01-PIREP,37000.0,41.33884675360954,-71.00186389495728,2025-03-31 17:47:00,3.0,M,"('KBOX', 'KOKX', 'KGYX', 'KENX', 'KDIX')","['s3://noaa-nexrad-level2/2025/03/31/KBOX/KBOX20250331_171440_V06', 's3://noaa-nexrad-level2/2025/03/31/KOKX/KOKX20250331_174431_V06', 's3://noaa-nexrad-level2/2025/03/31/KGYX/KGYX20250331_174613_V06', 's3://noaa-nexrad-level2/2025/03/31/KENX/KENX20250331_174029_V06', 's3://noaa-nexrad-level2/2025/03/31/KDIX/KDIX20250331_174221_V06']"
117439,F,GLF4,TTF UA /OV CRL/TM 1747/FL410/TP GLF4/TB LGT-MOD CHOP/RM ZOB,LGT-MOD CHOP,202503311700-KMSC-UBUS01-PIREP,41000.0,42.05,-83.46,2025-03-31 17:47:00,2.0,M,"('KDTX', 'KCLE', 'KGRR', 'KIWX', 'KILN')","['s3://noaa-nexrad-level2/2025/03/31/KDTX/KDTX20250331_174617_V06', 's3://noaa-nexrad-level2/2025/03/31/KCLE/KCLE20250331_174432_V06', 's3://noaa-nexrad-level2/2025/03/31/KGRR/KGRR20250331_174316_V06', 's3://noaa-nexrad-level2/2025/03/31/KIWX/KIWX20250331_174225_V06', 's3://noaa-nexrad-level2/2025/03/31/KILN/KILN20250331_174603_V06']"
117440,F,B739,MCW UA /OV MCW245030/TM 1747/FL350/TP B739/TB MOD CHOP,MOD CHOP,202503311700-KMSC-UBUS01-PIREP,35000.0,42.94305675307294,-93.94732012323176,2025-03-31 17:47:00,3.0,M,"('KDMX', 'KMPX', 'KFSD', 'KARX', 'KOAX')","['s3://noaa-nexrad-level2/2025/03/31/KDMX/KDMX20250331_174012_V06', 's3://noaa-nexrad-level2/2025/03/31/KMPX/KMPX20250331_174123_V06', 's3://noaa-nexrad-level2/2025/03/31/KFSD/KFSD20250331_174018_V06', 's3://noaa-nexrad-level2/2025/03/31/KARX/KARX20250331_174328_V06', 's3://noaa-nexrad-level2/2025/03/31/KOAX/KOAX20250331_174425_V06']"
117441,F,B763,MYNN UA /OV ZQA010060/TM 1747/FL390/TP B763/TB NEG,NEG,202503311700-KMSC-UBUS01-PIREP,39000.0,25.984887522519973,-77.25838491551396,2025-03-31 17:47:00,0.0,H,"('KAMX', 'KAMX', 'KMLB', 'KBYX', 'KTBW')","['s3://noaa-nexrad-level2/2025/03/31/KAMX/KAMX20250331_174355_V06', 's3://noaa-nexrad-level2/2025/03/31/KAMX/KAMX20250331_174355_V06', 's3://noaa-nexrad-level2/2025/03/31/KMLB/KMLB20250331_174433_V06', 's3://noaa-nexrad-level2/2025/03/31/KBYX/KBYX20250331_174614_V06', 's3://noaa-nexrad-level2/2025/03/31/KTBW/KTBW20250331_174457_V06']"
117442,F,SR22,PSP UA /OV 5S PSP/TM 1748/FL080/TP SR22/TB SEV,SEV,202503311700-KMSC-UBUS01-PIREP,8000.0,33.74632991665992,-116.50669,2025-03-31 17:48:00,5.0,L,"('KNKX', 'KSOX', 'KEYX', 'KYUX', 'KESX')","['s3://noaa-nexrad-level2/2025/03/31/KNKX/KNKX20250331_174656_V06', 's3://noaa-nexrad-level2/2025/03/31/KSOX/KSOX20250331_174340_V06', 's3://noaa-nexrad-level2/2025/03/31/KEYX/KEYX20250331_174714_V06', 's3://noaa-nexrad-level2/2025/03/31/KYUX/KYUX20250331_174328_V06', 's3://noaa-nexrad-level2/2025/03/31/KESX/KESX20250331_174709_V06']"
117443,F,B738,FAY UA /OV FAY360020/TM 1748/FL330/TP B738/TB MOD,MOD,202503311700-KMSC-UBUS01-PIREP,33000.0,35.32458033336033,-78.88028,2025-03-31 17:48:00,3.0,M,"('KRAX', 'KLTX', 'KMHX', 'KFCX', 'KAKQ')","['s3://noaa-nexrad-level2/2025/03/31/KRAX/KRAX20250331_174427_V06', 's3://noaa-nexrad-level2/2025/03/31/KLTX/KLTX20250331_174628_V06', 's3://noaa-nexrad-level2/2025/03/31/KMHX/KMHX20250331_174612_V06', 's3://noaa-nexrad-level2/2025/03/31/KFCX/KFCX20250331_174557_V06', 's3://noaa-nexrad-level2/2025/03/31/KAKQ/KAKQ20250331_174723_V06']"
117444,F,CRJ9,TTF UA /OV CRL100020/TM 1749/FL280/TP CRJ9/TB CONS LGT OCNL MOD CHOP/RM ZOB,CONS LGT OCNL MOD CHOP,202503311700-KMSC-UBUS01-PIREP,28000.0,41.99211258560553,-83.01788681249948,2025-03-31 17:49:00,2.0,U,"('KDTX', 'KCLE', 'KGRR', 'KILN', 'KIWX')","['s3://noaa-nexrad-level2/2025/03/31/KDTX/KDTX20250331_174617_V06', 's3://noaa-nexrad-level2/2025/03/31/KCLE/KCLE20250331_174432_V06', 's3://noaa-nexrad-level2/2025/03/31/KGRR/KGRR20250331_174316_V06', 's3://noaa-nexrad-level2/2025/03/31/KILN/KILN20250331_174603_V06', 's3://noaa-nexrad-level2/2025/03/31/KIWX/KIWX20250331_174225_V06']"
117445,F,BE20,AVL UA /OV SUG045010/TM 1749/FL130/TP BE20/TB CONS LGT/RM ZTLFD-45,CONS LGT,202503311700-KMSC-UBUS01-PIREP,13000.0,35.52786067614885,-82.1253904073476,2025-03-31 17:49:00,1.0,M,"('KGSP', 'KMRX', 'KCAE', 'KJKL', 'KFCX')","['s3://noaa-nexrad-level2/2025/03/31/KGSP/KGSP20250331_174357_V06', 's3://noaa-nexrad-level2/2025/03/31/KMRX/KMRX20250331_174528_V06', 's3://noaa-nexrad-level2/2025/03/31/KCAE/KCAE20250331_174820_V06', 's3://noaa-nexrad-level2/2025/03/31/KJKL/KJKL20250331_174832_V06', 's3://noaa-nexrad-level2/2025/03/31/KFCX/KFCX20250331_174557_V06']"
117446,F,E35L,ASE UA /OV ASE/TM 1750/FL130/TP E35L/TB LGT-MOD/RM NEG +/- ON FINAL RWY 15,LGT-MOD,202503311700-KMSC-UBUS01-PIREP,13000.0,39.22317,-106.86886,2025-03-31 17:50:00,2.0,U,"('KGJX', 'KFTG', 'KPUX', 'KCYS', 'KABX')","['s3://noaa-nexrad-level2/2025/03/31/KGJX/KGJX20250331_174833_V06', 's3://noaa-nexrad-level2/2025/03/31/KFTG/KFTG20250331_174843_V06', 's3://noaa-nexrad-level2/2025/03/31/KPUX/KPUX20250331_174645_V06', 's3://noaa-nexrad-level2/2025/03/31/KCYS/KCYS20250331_174253_V06', 's3://noaa-nexrad-level2/2025/03/31/KABX/KABX20250331_174659_V06']"
117447,T,C56X,BTP UUA /OV BTP030030/TM 1750/FL070/TP C56X/TB CONS MOD OCNL SEV 070/RM NO INJURIES DURD / ZOB,CONS MOD OCNL SEV 070,202503311700-KMSC-UBUS01-PIREP,7000.0,41.20998777595615,-79.61955477607377,2025-03-31 17:50:00,4.0,M,"('KPBZ', 'KCCX', 'KBUF', 'KCLE', 'KLWX')","['s3://noaa-nexrad-level2/2025/03/31/KPBZ/KPBZ20250331_174345_V06', 's3://noaa-nexrad-level2/2025/03/31/KCCX/KCCX20250331_174306_V06', 's3://noaa-nexrad-level2/2025/03/31/KBUF/KBUF20250331_174618_V06', 's3://noaa-nexrad-level2/2025/03/31/KCLE/KCLE20250331_174432_V06', 's3://noaa-nexrad-level2/2025/03/31/KLWX/KLWX20250331_174825_V06']"
117448,F,B752,MBPV UA /OV PVN236033/TM 1750/FL320/TP B752/TB CONS LGT CHOP,CONS LGT CHOP,202503311700-KMSC-UBUS01-PIREP,32000.0,21.46241899102233,-72.75102761577452,2025-03-31 17:50:00,1.0,M,"('KAMX', 'KAMX', 'KBYX', 'KMLB', 'KTBW')","['s3://noaa-nexrad-level2/2025/03/31/KAMX/KAMX20250331_174754_V06', 's3://noaa-nexrad-level2/2025/03/31/KAMX/KAMX20250331_174754_V06', 's3://noaa-nexrad-level2/2025/03/31/KBYX/KBYX20250331_174614_V06', 's3://noaa-nexrad-level2/2025/03/31/KMLB/KMLB20250331_174433_V06', 's3://noaa-nexrad-level2/2025/03/31/KTBW/KTBW20250331_174457_V06']"
117449,F,G280,LIC UA /OV HGO/TM 1750/FL410/TP G280/TB LGT-MOD CHOP/RM ZDVWC-,LGT-MOD CHOP,202503311800-KMSC-UBUS01-PIREP,41000.0,38.81,-103.63,2025-03-31 17:50:00,2.0,U,"('KPUX', 'KFTG', 'KGLD', 'KCYS', 'KDDC')","['s3://noaa-nexrad-level2/2025/03/31/KPUX/KPUX20250331_174645_V06', 's3://noaa-nexrad-level2/2025/03/31/KFTG/KFTG20250331_174843_V06', 's3://noaa-nexrad-level2/2025/03/31/KGLD/KGLD20250331_174905_V06', 's3://noaa-nexrad-level2/2025/03/31/KCYS/KCYS20250331_174253_V06', 's3://noaa-nexrad-level2/2025/03/31/KDDC/KDDC20250331_174841_V06']"
117450,F,G280,LIC UA /OV HGO/TM 1750/FL410/TP G280/TB LGT-MOD CHOP/RM ZDVWC,LGT-MOD CHOP,202503311810-KWBC-UBCO90-PIREP,41000.0,38.81,-103.63,2025-03-31 17:50:00,2.0,U,"('KPUX', 'KFTG', 'KGLD', 'KCYS', 'KDDC')","['s3://noaa-nexrad-level2/2025/03/31/KPUX/KPUX20250331_174645_V06', 's3://noaa-nexrad-level2/2025/03/31/KFTG/KFTG20250331_174843_V06', 's3://noaa-nexrad-level2/2025/03/31/KGLD/KGLD20250331_174905_V06', 's3://noaa-nexrad-level2/2025/03/31/KCYS/KCYS20250331_174253_V06', 's3://noaa-nexrad-level2/2025/03/31/KDDC/KDDC20250331_174841_V06']"
117451,F,B38M,HUM UA /OV KTBD180075/TM 1751/FL410/TP B38M/TB MOD CHOP/RM ZHU,MOD CHOP,202503311700-KMSC-UBUS01-PIREP,41000.0,28.40989874989875,-90.83,2025-03-31 17:51:00,3.0,U,"('KHDC', 'KLIX', 'KLCH', 'KMOB', 'KPOE')","['s3://noaa-nexrad-level2/2025/03/31/KHDC/KHDC20250331_175037_V06', 's3://noaa-nexrad-level2/2025/03/31/KLCH/KLCH20250331_174412_V06', 's3://noaa-nexrad-level2/2025/03/31/KMOB/KMOB20250331_174729_V06', 's3://noaa-nexrad-level2/2025/03/31/KPOE/KPOE20250331_174710_V06']"
117452,F,B737,LOZ UA /OV LOZ/TM 1751/FL290/TP B737/TB CONS LGT CHOP-OCNL MOD CHOP,CONS LGT CHOP-OCNL MOD CHOP,202503311800-KMSC-UBUS01-PIREP,29000.0,37.087,-84.077,2025-03-31 17:51:00,2.0,M,"('KJKL', 'KMRX', 'KLVX', 'KILN', 'KOHX')","['s3://noaa-nexrad-level2/2025/03/31/KJKL/KJKL20250331_174832_V06', 's3://noaa-nexrad-level2/2025/03/31/KMRX/KMRX20250331_175002_V06', 's3://noaa-nexrad-level2/2025/03/31/KLVX/KLVX20250331_174420_V06', 's3://noaa-nexrad-level2/2025/03/31/KILN/KILN20250331_174603_V06', 's3://noaa-nexrad-level2/2025/03/31/KOHX/KOHX20250331_174713_V06']"
117453,F,B737,MZZ UA /OV MZZ/TM 1751/FL290/TP B737/TB MOD,MOD,202503311800-KMSC-UBUS01-PIREP,29000.0,40.4898637,-85.6797319,2025-03-31 17:51:00,3.0,M,"('KIWX', 'KIND', 'KILN', 'KGRR', 'KLVX')","['s3://noaa-nexrad-level2/2025/03/31/KIWX/KIWX20250331_175056_V06', 's3://noaa-nexrad-level2/2025/03/31/KIND/KIND20250331_174622_V06', 's3://noaa-nexrad-level2/2025/03/31/KILN/KILN20250331_174603_V06', 's3://noaa-nexrad-level2/2025/03/31/KGRR/KGRR20250331_174316_V06', 's3://noaa-nexrad-level2/2025/03/31/KLVX/KLVX20250331_174420_V06']"
117454,F,A321,RMG UA /OV RMG310015/TM 1752/FL170/TP A321/TB NEG/RM ZTLFD-05,NEG,202503311700-KMSC-UBUS01-PIREP,17000.0,34.50848991888375,-85.39308687863122,2025-03-31 17:52:00,0.0,M,"('KHTX', 'KFFC', 'KBMX', 'KMXX', 'KOHX')","['s3://noaa-nexrad-level2/2025/03/31/KHTX/KHTX20250331_175153_V06', 's3://noaa-nexrad-level2/2025/03/31/KFFC/KFFC20250331_174605_V06', 's3://noaa-nexrad-level2/2025/03/31/KBMX/KBMX20250331_174740_V06', 's3://noaa-nexrad-level2/2025/03/31/KMXX/KMXX20250331_174717_V06', 's3://noaa-nexrad-level2/2025/03/31/KOHX/KOHX20250331_174713_V06']"
117455,F,E170,ZZV UA /OV ZZV/TM 1752/FL300/TP E170/TB CONS MOD CHOP,CONS MOD CHOP,202503311800-KMSC-UBUS01-PIREP,30000.0,39.94445,-81.89209,2025-03-31 17:52:00,3.0,U,"('KCLE', 'KRLX', 'KPBZ', 'KILN', 'KJKL')","['s3://noaa-nexrad-level2/2025/03/31/KCLE/KCLE20250331_175122_V06', 's3://noaa-nexrad-level2/2025/03/31/KRLX/KRLX20250331_175020_V06', 's3://noaa-nexrad-level2/2025/03/31/KPBZ/KPBZ20250331_175047_V06', 's3://noaa-nexrad-level2/2025/03/31/KILN/KILN20250331_175135_V06', 's3://noaa-nexrad-level2/2025/03/31/KJKL/KJKL20250331_174832_V06']"
117456,F,B739,LAS UA /OV FINAL RWY 26L/TM 1753/FL030/TP B739/TB MOD 030 TO SURFACE/RM +5KTS SHORT FINAL,MOD 030 TO SURFACE,202503311700-KMSC-UBUS01-PIREP,3000.0,36.0719,-115.1634,2025-03-31 17:53:00,3.0,M,"('KESX', 'KEYX', 'KICX', 'KSOX', 'KYUX')","['s3://noaa-nexrad-level2/2025/03/31/KESX/KESX20250331_174709_V06', 's3://noaa-nexrad-level2/2025/03/31/KEYX/KEYX20250331_174714_V06', 's3://noaa-nexrad-level2/2025/03/31/KICX/KICX20250331_174603_V06', 's3://noaa-nexrad-level2/2025/03/31/KSOX/KSOX20250331_174816_V06', 's3://noaa-nexrad-level2/2025/03/31/KYUX/KYUX20250331_175211_V06']"
117457,F,B39M,DNL UA /OV IRQ/TM 1754/FL330/TP B39M/TB LGT CONS CHOP/RM ZTLFD-24,LGT CONS CHOP,202503311700-KMSC-UBUS01-PIREP,33000.0,33.71,-82.16,2025-03-31 17:54:00,1.0,U,"('KCAE', 'KGSP', 'KCLX', 'KJGX', 'KFFC')","['s3://noaa-nexrad-level2/2025/03/31/KCAE/KCAE20250331_175202_V06', 's3://noaa-nexrad-level2/2025/03/31/KGSP/KGSP20250331_175045_V06', 's3://noaa-nexrad-level2/2025/03/31/KJGX/KJGX20250331_175249_V06', 's3://noaa-nexrad-level2/2025/03/31/KFFC/KFFC20250331_175244_V06']"
117458,F,B738,HLG UA /OV HLG/TM 1754/FL380/TP B738/TB CONS LGT/RM ON TOP / ZOB,CONS LGT,202503311700-KMSC-UBUS01-PIREP,38000.0,40.175,-80.64628,2025-03-31 17:54:00,1.0,M,"('KPBZ', 'KCLE', 'KRLX', 'KCCX', 'KFCX')","['s3://noaa-nexrad-level2/2025/03/31/KPBZ/KPBZ20250331_175047_V06', 's3://noaa-nexrad-level2/2025/03/31/KCLE/KCLE20250331_175122_V06', 's3://noaa-nexrad-level2/2025/03/31/KRLX/KRLX20250331_175020_V06', 's3://noaa-nexrad-level2/2025/03/31/KCCX/KCCX20250331_175248_V06', 's3://noaa-nexrad-level2/2025/03/31/KFCX/KFCX20250331_175015_V06']"
117459,F,B763,IAD UA /OV FDK/TM 1754/FL090/TP B763/TB MOD 090 - LGT-OCNL MOD 080-040,MOD 090 - LGT-OCNL MOD 080-040,202503311700-KMSC-UBUS01-PIREP,9000.0,39.41758,-77.37431,2025-03-31 17:54:00,2.0,H,"('KLWX', 'KCCX', 'KDOX', 'KAKQ', 'KDIX')","['s3://noaa-nexrad-level2/2025/03/31/KLWX/KLWX20250331_175300_V06', 's3://noaa-nexrad-level2/2025/03/31/KCCX/KCCX20250331_175248_V06', 's3://noaa-nexrad-level2/2025/03/31/KDOX/KDOX20250331_175146_V06', 's3://noaa-nexrad-level2/2025/03/31/KAKQ/KAKQ20250331_174723_V06', 's3://noaa-nexrad-level2/2025/03/31/KDIX/KDIX20250331_174925_V06']"
117460,F,C560,MRB UA /OV MRB280005/TM 1755/FL380/TP C560/TB MOD,MOD,202503311700-KMSC-UBUS01-PIREP,38000.0,39.41637185359861,-78.09088538747706,2025-03-31 17:55:00,3.0,M,"('KLWX', 'KCCX', 'KPBZ', 'KAKQ', 'KDOX')","['s3://noaa-nexrad-level2/2025/03/31/KLWX/KLWX20250331_175300_V06', 's3://noaa-nexrad-level2/2025/03/31/KCCX/KCCX20250331_175248_V06', 's3://noaa-nexrad-level2/2025/03/31/KPBZ/KPBZ20250331_175047_V06', 's3://noaa-nexrad-level2/2025/03/31/KAKQ/KAKQ20250331_175418_V06', 's3://noaa-nexrad-level2/2025/03/31/KDOX/KDOX20250331_175146_V06']"
117461,F,E55P,WRB UA /OV VNA321034/TM 1755/FL430/TP E55P/TB OCNL LGT CHOP/RM ZTLFD-27,OCNL LGT CHOP,202503311700-KMSC-UBUS01-PIREP,43000.0,32.65041838252758,-83.92151484621382,2025-03-31 17:55:00,1.0,U,"('KJGX', 'KFFC', 'KMXX', 'KEOX', 'KVAX')","['s3://noaa-nexrad-level2/2025/03/31/KJGX/KJGX20250331_175249_V06', 's3://noaa-nexrad-level2/2025/03/31/KFFC/KFFC20250331_175244_V06', 's3://noaa-nexrad-level2/2025/03/31/KMXX/KMXX20250331_175235_V06', 's3://noaa-nexrad-level2/2025/03/31/KEOX/KEOX20250331_175248_V06']"
117462,F,PC12,OAK UA /OV OAK100015/TM 1755/FL040/TP PC12/SK BKN030-TOP055/TB MOD CHOP,MOD CHOP,202503311800-KMSC-UBUS01-PIREP,4000.0,37.67786443920415,-121.90943932275655,2025-03-31 17:55:00,3.0,L,"('KMUX', 'KDAX', 'KBBX', 'KHNX', 'KRGX')","['s3://noaa-nexrad-level2/2025/03/31/KMUX/KMUX20250331_175142_V06', 's3://noaa-nexrad-level2/2025/03/31/KDAX/KDAX20250331_175022_V06', 's3://noaa-nexrad-level2/2025/03/31/KBBX/KBBX20250331_175239_V06', 's3://noaa-nexrad-level2/2025/03/31/KHNX/KHNX20250331_175458_V06', 's3://noaa-nexrad-level2/2025/03/31/KRGX/KRGX20250331_175437_V06']"
117463,F,B77L,SDF UA /OV IIU165040/TM 1755/FL310/TP B77L/TB CONS LGT-MOD CHOP-OCNL LGT MOD 310,CONS LGT-MOD CHOP-OCNL LGT MOD 310,202503311800-KMSC-UBUS01-PIREP,31000.0,37.45599728909384,-85.3607188630636,2025-03-31 17:55:00,2.0,U,"('KLVX', 'KOHX', 'KJKL', 'KHPX', 'KMRX')","['s3://noaa-nexrad-level2/2025/03/31/KLVX/KLVX20250331_175112_V06', 's3://noaa-nexrad-level2/2025/03/31/KOHX/KOHX20250331_174713_V06', 's3://noaa-nexrad-level2/2025/03/31/KJKL/KJKL20250331_175333_V06', 's3://noaa-nexrad-level2/2025/03/31/KHPX/KHPX20250331_175145_V06', 's3://noaa-nexrad-level2/2025/03/31/KMRX/KMRX20250331_175434_V06']"
117464,F,A21N,MBL UA /OV MBL/TM 1757/FL350/TP A21N/TB NEG,NEG,202503311800-KMSC-UBUS01-PIREP,35000.0,44.27247,-86.24689,2025-03-31 17:57:00,0.0,U,"('KGRR', 'KAPX', 'KGRB', 'KMQT', 'KMKX')","['s3://noaa-nexrad-level2/2025/03/31/KGRR/KGRR20250331_175153_V06', 's3://noaa-nexrad-level2/2025/03/31/KAPX/KAPX20250331_175130_V06', 's3://noaa-nexrad-level2/2025/03/31/KGRB/KGRB20250331_175434_V06', 's3://noaa-nexrad-level2/2025/03/31/KMQT/KMQT20250331_175333_V06', 's3://noaa-nexrad-level2/2025/03/31/KMKX/KMKX20250331_175207_V06']"
117465,F,E545,RSW UA /OV PHK115020/TM 1757/FL100/TP E545/TB MOD,MOD,202503311800-KMSC-UBUS01-PIREP,10000.0,26.63911583538196,-80.3515744786098,2025-03-31 17:57:00,3.0,U,"('KAMX', 'KAMX', 'KMLB', 'KTBW', 'KBYX')","['s3://noaa-nexrad-level2/2025/03/31/KAMX/KAMX20250331_175620_V06', 's3://noaa-nexrad-level2/2025/03/31/KAMX/KAMX20250331_175620_V06', 's3://noaa-nexrad-level2/2025/03/31/KMLB/KMLB20250331_175635_V06', 's3://noaa-nexrad-level2/2025/03/31/KTBW/KTBW20250331_175202_V06', 's3://noaa-nexrad-level2/2025/03/31/KBYX/KBYX20250331_175316_V06']"
117466,F,A321,JOT UA /OV JOT/TM 1758/FL350/TP A321/TB NEG,NEG,202503311800-KMSC-UBUS01-PIREP,35000.0,41.51769,-88.17561,2025-03-31 17:58:00,0.0,M,"('KLOT', 'KMKX', 'KILX', 'KDVN', 'KIWX')","['s3://noaa-nexrad-level2/2025/03/31/KLOT/KLOT20250331_175112_V06', 's3://noaa-nexrad-level2/2025/03/31/KMKX/KMKX20250331_175207_V06', 's3://noaa-nexrad-level2/2025/03/31/KILX/KILX20250331_175118_V06', 's3://noaa-nexrad-level2/2025/03/31/KDVN/KDVN20250331_175053_V06', 's3://noaa-nexrad-level2/2025/03/31/KIWX/KIWX20250331_175056_V06']"
117467,F,A320,TRI UA /OV HMV/TM 1758/FL350/TP A320/TB NEG/RM ZTLFD-18,NEG,202503311800-KMSC-UBUS01-PIREP,35000.0,36.44,-82.13,2025-03-31 17:58:00,0.0,M,"('KMRX', 'KGSP', 'KJKL', 'KRLX', 'KFCX')","['s3://noaa-nexrad-level2/2025/03/31/KMRX/KMRX20250331_175434_V06', 's3://noaa-nexrad-level2/2025/03/31/KGSP/KGSP20250331_175753_V06', 's3://noaa-nexrad-level2/2025/03/31/KJKL/KJKL20250331_175333_V06', 's3://noaa-nexrad-level2/2025/03/31/KRLX/KRLX20250331_175514_V06', 's3://noaa-nexrad-level2/2025/03/31/KFCX/KFCX20250331_175433_V06']"
117468,F,TBM9,BDG UA /OV BDG/TM 1758/FL260/TP TBM9/SK SKC/TB CONS LGT OCNL MOD /RM ZDVWC-36,CONS LGT OCNL MOD,202503311800-KMSC-UBUS01-PIREP,26000.0,37.5828,-109.4831,2025-03-31 17:58:00,2.0,U,"('KGJX', 'KICX', 'KFSX', 'KFSX', 'KABX')","['s3://noaa-nexrad-level2/2025/03/31/KGJX/KGJX20250331_175358_V06', 's3://noaa-nexrad-level2/2025/03/31/KICX/KICX20250331_175443_V06', 's3://noaa-nexrad-level2/2025/03/31/KFSX/KFSX20250331_175258_V06', 's3://noaa-nexrad-level2/2025/03/31/KFSX/KFSX20250331_175258_V06', 's3://noaa-nexrad-level2/2025/03/31/KABX/KABX20250331_175407_V06']"
117469,F,E75L,DAY UA /OV RID/TM 1759/FL280/TP E75L/TB INTMT LGT CHOP,INTMT LGT CHOP,202503311800-KMSC-UBUS01-PIREP,28000.0,39.7572,-84.8428,2025-03-31 17:59:00,1.0,U,"('KILN', 'KIND', 'KIWX', 'KLVX', 'KJKL')","['s3://noaa-nexrad-level2/2025/03/31/KILN/KILN20250331_175708_V06', 's3://noaa-nexrad-level2/2025/03/31/KIND/KIND20250331_175328_V06', 's3://noaa-nexrad-level2/2025/03/31/KIWX/KIWX20250331_175056_V06', 's3://noaa-nexrad-level2/2025/03/31/KLVX/KLVX20250331_175805_V06', 's3://noaa-nexrad-level2/2025/03/31/KJKL/KJKL20250331_175801_V06']"
117470,F,A319,IND UA /OV VHP/TM 1759/FL290/TP A319/TB CONS LGT CHOP,CONS LGT CHOP,202503311800-KMSC-UBUS01-PIREP,29000.0,39.81,-86.37,2025-03-31 17:59:00,1.0,M,"('KIND', 'KIWX', 'KLVX', 'KVWX', 'KLOT')","['s3://noaa-nexrad-level2/2025/03/31/KIND/KIND20250331_175328_V06', 's3://noaa-nexrad-level2/2025/03/31/KIWX/KIWX20250331_175056_V06', 's3://noaa-nexrad-level2/2025/03/31/KLVX/KLVX20250331_175805_V06', 's3://noaa-nexrad-level2/2025/03/31/KVWX/KVWX20250331_175530_V06', 's3://noaa-nexrad-level2/2025/03/31/KLOT/KLOT20250331_175112_V06']"
117471,F,SF50,MDQ UA /OV RQZ/TM 1759/FL266/TP SF50/TB MOD CHOP ABV 260/RM ZTLFD-06,MOD CHOP ABV 260,202503311800-KMSC-UBUS01-PIREP,26600.0,34.8,-86.63,2025-03-31 17:59:00,3.0,U,"('KHTX', 'KOHX', 'KBMX', 'KGWX', 'KHPX')","['s3://noaa-nexrad-level2/2025/03/31/KHTX/KHTX20250331_175627_V06', 's3://noaa-nexrad-level2/2025/03/31/KOHX/KOHX20250331_175543_V06', 's3://noaa-nexrad-level2/2025/03/31/KBMX/KBMX20250331_175805_V06', 's3://noaa-nexrad-level2/2025/03/31/KGWX/KGWX20250331_175429_V06', 's3://noaa-nexrad-level2/2025/03/31/KHPX/KHPX20250331_175858_V06']"
117472,F,B7W,WRB UA /OV VNA270032/TM 1800/FL380/TP B7W/TB OCNL LGT CHOP/RM ZTLFD-27,OCNL LGT CHOP,202503311800-KMSC-UBUS01-PIREP,38000.0,32.21,-84.13039409004094,2025-03-31 18:00:00,1.0,U,"('KJGX', 'KFFC', 'KEOX', 'KMXX', 'KVAX')","['s3://noaa-nexrad-level2/2025/03/31/KJGX/KJGX20250331_175908_V06', 's3://noaa-nexrad-level2/2025/03/31/KFFC/KFFC20250331_175938_V06', 's3://noaa-nexrad-level2/2025/03/31/KEOX/KEOX20250331_175900_V06', 's3://noaa-nexrad-level2/2025/03/31/KMXX/KMXX20250331_175802_V06']"
117473,T,C82T,ALS UUA /OV ALS095044/TM 1800/FL155/TP C82T/TB MOD-SEV TURB/RM DURD 155-140 ZDVWC-41,MOD-SEV TURB,202503311800-KMSC-UBUS01-PIREP,15500.0,37.37497061159542,-104.94123892902807,2025-03-31 18:00:00,4.0,L,"('KPUX', 'KFTG', 'KABX', 'KFDX', 'KGJX')","['s3://noaa-nexrad-level2/2025/03/31/KPUX/KPUX20250331_175351_V06', 's3://noaa-nexrad-level2/2025/03/31/KFTG/KFTG20250331_175546_V06', 's3://noaa-nexrad-level2/2025/03/31/KABX/KABX20250331_175407_V06', 's3://noaa-nexrad-level2/2025/03/31/KFDX/KFDX20250331_175601_V06', 's3://noaa-nexrad-level2/2025/03/31/KGJX/KGJX20250331_175931_V06']"
117474,F,GA5C,LKV UA /OV LKV/TM 1800/FL450/TP GA5C/TB OCNL MOD/RM ZSE,OCNL MOD,202503311800-KMSC-UBUS01-PIREP,45000.0,42.16111,-120.39908,2025-03-31 18:00:00,3.0,U,"('KMAX', 'KRGX', 'KBBX', 'KPDT', 'KLRX')","['s3://noaa-nexrad-level2/2025/03/31/KMAX/KMAX20250331_175919_V06', 's3://noaa-nexrad-level2/2025/03/31/KRGX/KRGX20250331_175812_V06', 's3://noaa-nexrad-level2/2025/03/31/KBBX/KBBX20250331_175724_V06', 's3://noaa-nexrad-level2/2025/03/31/KPDT/KPDT20250331_175708_V06', 's3://noaa-nexrad-level2/2025/03/31/KLRX/KLRX20250331_175615_V06']"
117475,F,B788,SYR UA /OV SYR/TM 1800/FL340/TP B788/TB NEG 340,NEG 340,202503311800-KMSC-UBUS01-PIREP,34000.0,43.11119,-76.10631,2025-03-31 18:00:00,0.0,U,"('KTYX', 'KBGM', 'KENX', 'KBUF', 'KCCX')","['s3://noaa-nexrad-level2/2025/03/31/KTYX/KTYX20250331_175609_V06', 's3://noaa-nexrad-level2/2025/03/31/KBGM/KBGM20250331_175702_V06', 's3://noaa-nexrad-level2/2025/03/31/KENX/KENX20250331_175558_V06', 's3://noaa-nexrad-level2/2025/03/31/KBUF/KBUF20250331_175623_V06', 's3://noaa-nexrad-level2/2025/03/31/KCCX/KCCX20250331_175248_V06']"
117476,F,B737,DEN UA /OV DEN230040/TM 1801/FL370/TP B737/TB LGT CHOP/RM LGT MTN WAVE +/-5KTS ZDVWC-,LGT CHOP,202503311800-KMSC-UBUS01-PIREP,37000.0,39.40424021631001,-105.32259491457113,2025-03-31 18:01:00,1.0,M,"('KFTG', 'KPUX', 'KCYS', 'KGJX', 'KGLD')","['s3://noaa-nexrad-level2/2025/03/31/KFTG/KFTG20250331_175546_V06', 's3://noaa-nexrad-level2/2025/03/31/KPUX/KPUX20250331_180057_V06', 's3://noaa-nexrad-level2/2025/03/31/KCYS/KCYS20250331_175237_V06', 's3://noaa-nexrad-level2/2025/03/31/KGJX/KGJX20250331_175931_V06', 's3://noaa-nexrad-level2/2025/03/31/KGLD/KGLD20250331_175844_V06']"
117477,F,A321,LIC UA /OV HGO150020/TM 1801/FL350/TP A321/TB LGT/RM ZDVWC-39,LGT,202503311800-KMSC-UBUS01-PIREP,35000.0,38.521301482695904,-103.41609593025062,2025-03-31 18:01:00,1.0,M,"('KPUX', 'KFTG', 'KGLD', 'KCYS', 'KDDC')","['s3://noaa-nexrad-level2/2025/03/31/KPUX/KPUX20250331_180057_V06', 's3://noaa-nexrad-level2/2025/03/31/KFTG/KFTG20250331_175546_V06', 's3://noaa-nexrad-level2/2025/03/31/KGLD/KGLD20250331_175844_V06', 's3://noaa-nexrad-level2/2025/03/31/KCYS/KCYS20250331_175237_V06', 's3://noaa-nexrad-level2/2025/03/31/KDDC/KDDC20250331_175715_V06']"
117478,F,B739,SSI UA /OV SSI090025/TM 1801/FL340/TP B739/TB LGT-MOD,LGT-MOD,202503311800-KMSC-UBUS01-PIREP,34000.0,31.15222,-80.90391438148971,2025-03-31 18:01:00,2.0,M,"('KJAX', 'KCLX', 'KVAX', 'KCAE', 'KJGX')","['s3://noaa-nexrad-level2/2025/03/31/KJAX/KJAX20250331_180049_V06', 's3://noaa-nexrad-level2/2025/03/31/KCAE/KCAE20250331_175940_V06', 's3://noaa-nexrad-level2/2025/03/31/KJGX/KJGX20250331_175908_V06']"
117479,F,B737,DEN UA /OV DEN230040/TM 1801/FL370/TP B737/TB LGT CHOP/RM LGT MTN WAVE +/-5KTS ZDVWC,LGT CHOP,202503311810-KWBC-UBCO90-PIREP,37000.0,39.40424021631001,-105.32259491457113,2025-03-31 18:01:00,1.0,M,"('KFTG', 'KPUX', 'KCYS', 'KGJX', 'KGLD')","['s3://noaa-nexrad-level2/2025/03/31/KFTG/KFTG20250331_175546_V06', 's3://noaa-nexrad-level2/2025/03/31/KPUX/KPUX20250331_180057_V06', 's3://noaa-nexrad-level2/2025/03/31/KCYS/KCYS20250331_175237_V06', 's3://noaa-nexrad-level2/2025/03/31/KGJX/KGJX20250331_175931_V06', 's3://noaa-nexrad-level2/2025/03/31/KGLD/KGLD20250331_175844_V06']"
117480,F,A321,BNA UA /OV BNA315035/TM 1802/FL320/TP A321/TB CONS LGT-CONS MOD CHOP/RM ZME,CONS LGT-CONS MOD CHOP,202503311800-KMSC-UBUS01-PIREP,32000.0,36.53140236652097,-87.19983429866795,2025-03-31 18:02:00,2.0,M,"('KHPX', 'KOHX', 'KPAH', 'KVWX', 'KLVX')","['s3://noaa-nexrad-level2/2025/03/31/KHPX/KHPX20250331_175858_V06', 's3://noaa-nexrad-level2/2025/03/31/KOHX/KOHX20250331_175543_V06', 's3://noaa-nexrad-level2/2025/03/31/KPAH/KPAH20250331_180031_V06', 's3://noaa-nexrad-level2/2025/03/31/KVWX/KVWX20250331_175530_V06', 's3://noaa-nexrad-level2/2025/03/31/KLVX/KLVX20250331_175805_V06']"
117481,F,757,LGC UA /OV LGC360025/TM 1802/FL210/TP 757/TB MOD CONS CHOP 100-230/RM ZTLFD-04,MOD CONS CHOP 100-230,202503311800-KMSC-UBUS01-PIREP,21000.0,33.425560416700414,-85.07261,2025-03-31 18:02:00,3.0,U,"('KFFC', 'KMXX', 'KBMX', 'KHTX', 'KJGX')","['s3://noaa-nexrad-level2/2025/03/31/KFFC/KFFC20250331_175938_V06', 's3://noaa-nexrad-level2/2025/03/31/KMXX/KMXX20250331_175802_V06', 's3://noaa-nexrad-level2/2025/03/31/KBMX/KBMX20250331_175805_V06', 's3://noaa-nexrad-level2/2025/03/31/KHTX/KHTX20250331_180110_V06', 's3://noaa-nexrad-level2/2025/03/31/KJGX/KJGX20250331_175908_V06']"
117482,F,E145,LOZ UA /OV LOZ/TM 1802/FL310/TP E145/TB CONS LGT-MOD CHOP,CONS LGT-MOD CHOP,202503311800-KMSC-UBUS01-PIREP,31000.0,37.087,-84.077,2025-03-31 18:02:00,2.0,M,"('KJKL', 'KMRX', 'KLVX', 'KILN', 'KOHX')","['s3://noaa-nexrad-level2/2025/03/31/KJKL/KJKL20250331_175801_V06', 's3://noaa-nexrad-level2/2025/03/31/KMRX/KMRX20250331_175902_V06', 's3://noaa-nexrad-level2/2025/03/31/KLVX/KLVX20250331_175805_V06', 's3://noaa-nexrad-level2/2025/03/31/KILN/KILN20250331_175708_V06', 's3://noaa-nexrad-level2/2025/03/31/KOHX/KOHX20250331_175543_V06']"
117483,F,A321,RDU UA /OV RUD180020/TM 1802/FL320/TP A321/TB LGT-MOD,LGT-MOD,202503311800-KMSC-UBUS01-PIREP,32000.0,35.8922,-78.7819,2025-03-31 18:02:00,2.0,M,"('KRAX', 'KFCX', 'KLTX', 'KAKQ', 'KMHX')","['s3://noaa-nexrad-level2/2025/03/31/KRAX/KRAX20250331_180158_V06', 's3://noaa-nexrad-level2/2025/03/31/KFCX/KFCX20250331_175851_V06', 's3://noaa-nexrad-level2/2025/03/31/KLTX/KLTX20250331_180003_V06', 's3://noaa-nexrad-level2/2025/03/31/KAKQ/KAKQ20250331_180112_V06', 's3://noaa-nexrad-level2/2025/03/31/KMHX/KMHX20250331_175959_V06']"
117484,F,E545,TPH UA /OV TPH070010/TM 1802/FL410/TP E545/TB MOD/RM /ZLC,MOD,202503311800-KMSC-UBUS01-PIREP,41000.0,38.10752797449749,-116.89152896090312,2025-03-31 18:02:00,3.0,U,"('KLRX', 'KRGX', 'KEYX', 'KESX', 'KHNX')","['s3://noaa-nexrad-level2/2025/03/31/KLRX/KLRX20250331_180138_V06', 's3://noaa-nexrad-level2/2025/03/31/KRGX/KRGX20250331_180147_V06', 's3://noaa-nexrad-level2/2025/03/31/KEYX/KEYX20250331_180118_V06', 's3://noaa-nexrad-level2/2025/03/31/KESX/KESX20250331_180131_V06', 's3://noaa-nexrad-level2/2025/03/31/KHNX/KHNX20250331_180024_V06']"
117485,F,A320,FWA UA /OV FWA/TM 1803/FL360/TP A320/TB INTMT LGT CHOP,INTMT LGT CHOP,202503311800-KMSC-UBUS01-PIREP,36000.0,40.97805,-85.18713,2025-03-31 18:03:00,1.0,M,"('KIWX', 'KIND', 'KGRR', 'KILN', 'KDTX')","['s3://noaa-nexrad-level2/2025/03/31/KIWX/KIWX20250331_175927_V06', 's3://noaa-nexrad-level2/2025/03/31/KIND/KIND20250331_180033_V06', 's3://noaa-nexrad-level2/2025/03/31/KGRR/KGRR20250331_180029_V06', 's3://noaa-nexrad-level2/2025/03/31/KILN/KILN20250331_180242_V06', 's3://noaa-nexrad-level2/2025/03/31/KDTX/KDTX20250331_175957_V06']"
117486,F,E75L,CRW UA /OV HVQ250030/TM 1804/FL220/TP E75L/TB LGT-MOD CHOP,LGT-MOD CHOP,202503311800-KMSC-UBUS01-PIREP,22000.0,38.17897607650751,-82.3691625477487,2025-03-31 18:04:00,2.0,U,"('KRLX', 'KJKL', 'KILN', 'KMRX', 'KFCX')","['s3://noaa-nexrad-level2/2025/03/31/KRLX/KRLX20250331_180022_V06', 's3://noaa-nexrad-level2/2025/03/31/KJKL/KJKL20250331_180245_V06', 's3://noaa-nexrad-level2/2025/03/31/KILN/KILN20250331_180242_V06', 's3://noaa-nexrad-level2/2025/03/31/KMRX/KMRX20250331_180334_V06', 's3://noaa-nexrad-level2/2025/03/31/KFCX/KFCX20250331_180309_V06']"
117487,F,A21N,FDY UA /OV FBC020020/TM 1804/FL320/TP A21N/TB OCNL LGT/RM ZOB,OCNL LGT,202503311800-KMSC-UBUS01-PIREP,32000.0,41.01361,-83.66861,2025-03-31 18:04:00,1.0,U,"('KILN', 'KDTX', 'KCLE', 'KIWX', 'KGRR')","['s3://noaa-nexrad-level2/2025/03/31/KILN/KILN20250331_180242_V06', 's3://noaa-nexrad-level2/2025/03/31/KDTX/KDTX20250331_175957_V06', 's3://noaa-nexrad-level2/2025/03/31/KCLE/KCLE20250331_175816_V06', 's3://noaa-nexrad-level2/2025/03/31/KIWX/KIWX20250331_175927_V06', 's3://noaa-nexrad-level2/2025/03/31/KGRR/KGRR20250331_180029_V06']"
117488,F,E295,MTC UA /OV MTC090020/TM 1804/FL290/TP E295/TB CONS MOD CAT /RM ZOB,CONS MOD CAT,202503311800-KMSC-UBUS01-PIREP,29000.0,42.60833,-82.38256394664833,2025-03-31 18:04:00,3.0,U,"('KDTX', 'KCLE', 'KPBZ', 'KGRR', 'KAPX')","['s3://noaa-nexrad-level2/2025/03/31/KDTX/KDTX20250331_175957_V06', 's3://noaa-nexrad-level2/2025/03/31/KCLE/KCLE20250331_175816_V06', 's3://noaa-nexrad-level2/2025/03/31/KPBZ/KPBZ20250331_175749_V06', 's3://noaa-nexrad-level2/2025/03/31/KGRR/KGRR20250331_180029_V06', 's3://noaa-nexrad-level2/2025/03/31/KAPX/KAPX20250331_175821_V06']"
117489,F,A21N,SDF UA /OV IIU/TM 1804/FL350/TP A21N/TB CONS LGT CHOP/IC NEG/RM IMC,CONS LGT CHOP,202503311800-KMSC-UBUS01-PIREP,35000.0,38.1,-85.58,2025-03-31 18:04:00,1.0,U,"('KLVX', 'KIND', 'KOHX', 'KVWX', 'KHPX')","['s3://noaa-nexrad-level2/2025/03/31/KLVX/KLVX20250331_175805_V06', 's3://noaa-nexrad-level2/2025/03/31/KIND/KIND20250331_180033_V06', 's3://noaa-nexrad-level2/2025/03/31/KOHX/KOHX20250331_175543_V06', 's3://noaa-nexrad-level2/2025/03/31/KVWX/KVWX20250331_180224_V06', 's3://noaa-nexrad-level2/2025/03/31/KHPX/KHPX20250331_175858_V06']"
117490,F,C172,ABE UA /OV FJC100006/TM 1805/FL050/TP C172/SK BKN050/TB NEG,NEG,202503311800-KMSC-UBUS01-PIREP,5000.0,40.71263377568166,-75.3200320813493,2025-03-31 18:05:00,0.0,L,"('KDIX', 'KBGM', 'KDOX', 'KENX', 'KOKX')","['s3://noaa-nexrad-level2/2025/03/31/KDIX/KDIX20250331_180332_V06', 's3://noaa-nexrad-level2/2025/03/31/KBGM/KBGM20250331_180410_V06', 's3://noaa-nexrad-level2/2025/03/31/KDOX/KDOX20250331_180000_V06', 's3://noaa-nexrad-level2/2025/03/31/KENX/KENX20250331_180016_V06', 's3://noaa-nexrad-level2/2025/03/31/KOKX/KOKX20250331_180101_V06']"
117491,F,B739,DAY UA /OV ROD125030/TM 1805/FL300/TP B739/TB CONS LGT-OCNL MOD CHOP,CONS LGT-OCNL MOD CHOP,202503311800-KMSC-UBUS01-PIREP,30000.0,40.00318855195557,-83.50300564882197,2025-03-31 18:05:00,2.0,M,"('KILN', 'KCLE', 'KJKL', 'KRLX', 'KIWX')","['s3://noaa-nexrad-level2/2025/03/31/KILN/KILN20250331_180242_V06', 's3://noaa-nexrad-level2/2025/03/31/KCLE/KCLE20250331_175816_V06', 's3://noaa-nexrad-level2/2025/03/31/KJKL/KJKL20250331_180245_V06', 's3://noaa-nexrad-level2/2025/03/31/KRLX/KRLX20250331_180022_V06', 's3://noaa-nexrad-level2/2025/03/31/KIWX/KIWX20250331_175927_V06']"
117492,F,F900,CYS UA /OV CYS/TM 1805/FL400/TP F900/TB NEG/RM ZDVWC-34,NEG,202503311800-KMSC-UBUS01-PIREP,40000.0,41.15564,-104.81047,2025-03-31 18:05:00,0.0,M,"('KCYS', 'KFTG', 'KPUX', 'KUDX', 'KGLD')","['s3://noaa-nexrad-level2/2025/03/31/KCYS/KCYS20250331_180219_V06', 's3://noaa-nexrad-level2/2025/03/31/KFTG/KFTG20250331_180250_V06', 's3://noaa-nexrad-level2/2025/03/31/KPUX/KPUX20250331_180057_V06', 's3://noaa-nexrad-level2/2025/03/31/KUDX/KUDX20250331_180318_V06', 's3://noaa-nexrad-level2/2025/03/31/KGLD/KGLD20250331_175844_V06']"
117493,F,A320,EEO UA /OV EKR/TM 1805/FL380/TP A320/TB NEG/RM ZDVWC-03,NEG,202503311800-KMSC-UBUS01-PIREP,38000.0,40.07,-107.92,2025-03-31 18:05:00,0.0,M,"('KGJX', 'KRIW', 'KCYS', 'KFTG', 'KPUX')","['s3://noaa-nexrad-level2/2025/03/31/KGJX/KGJX20250331_175931_V06', 's3://noaa-nexrad-level2/2025/03/31/KRIW/KRIW20250331_180447_V06', 's3://noaa-nexrad-level2/2025/03/31/KCYS/KCYS20250331_180219_V06', 's3://noaa-nexrad-level2/2025/03/31/KFTG/KFTG20250331_180250_V06', 's3://noaa-nexrad-level2/2025/03/31/KPUX/KPUX20250331_180057_V06']"
117494,F,B737,GJT UA /OV JNC085022/TM 1805/FL400/TP B737/TB OCNL LGT CHOP/RM ZDVWC-,OCNL LGT CHOP,202503311800-KMSC-UBUS01-PIREP,40000.0,39.091959694202295,-108.3195462698402,2025-03-31 18:05:00,1.0,M,"('KGJX', 'KFTG', 'KRIW', 'KCYS', 'KPUX')","['s3://noaa-nexrad-level2/2025/03/31/KGJX/KGJX20250331_175931_V06', 's3://noaa-nexrad-level2/2025/03/31/KFTG/KFTG20250331_180250_V06', 's3://noaa-nexrad-level2/2025/03/31/KRIW/KRIW20250331_180447_V06', 's3://noaa-nexrad-level2/2025/03/31/KCYS/KCYS20250331_180219_V06', 's3://noaa-nexrad-level2/2025/03/31/KPUX/KPUX20250331_180057_V06']"
117495,F,B739,SNY UA /OV SNY/TM 1805/FL340/TP B739/TB NEG/RM ZDVWC-,NEG,202503311800-KMSC-UBUS01-PIREP,34000.0,41.10139,-102.98472,2025-03-31 18:05:00,0.0,M,"('KCYS', 'KFTG', 'KGLD', 'KLNX', 'KPUX')","['s3://noaa-nexrad-level2/2025/03/31/KCYS/KCYS20250331_180219_V06', 's3://noaa-nexrad-level2/2025/03/31/KFTG/KFTG20250331_180250_V06', 's3://noaa-nexrad-level2/2025/03/31/KGLD/KGLD20250331_175844_V06', 's3://noaa-nexrad-level2/2025/03/31/KLNX/KLNX20250331_180300_V06', 's3://noaa-nexrad-level2/2025/03/31/KPUX/KPUX20250331_180057_V06']"
117496,F,B737,GJT UA /OV JNC085022/TM 1805/FL400/TP B737/TB OCNL LGT CHOP/RM ZDVWC,OCNL LGT CHOP,202503311815-KWBC-UBCO90-PIREP,40000.0,39.091959694202295,-108.3195462698402,2025-03-31 18:05:00,1.0,M,"('KGJX', 'KFTG', 'KRIW', 'KCYS', 'KPUX')","['s3://noaa-nexrad-level2/2025/03/31/KGJX/KGJX20250331_175931_V06', 's3://noaa-nexrad-level2/2025/03/31/KFTG/KFTG20250331_180250_V06', 's3://noaa-nexrad-level2/2025/03/31/KRIW/KRIW20250331_180447_V06', 's3://noaa-nexrad-level2/2025/03/31/KCYS/KCYS20250331_180219_V06', 's3://noaa-nexrad-level2/2025/03/31/KPUX/KPUX20250331_180057_V06']"
117497,F,B739,SNY UA /OV SNY/TM 1805/FL340/TP B739/TB NEG/RM ZDVWC,NEG,202503311815-KWBC-UBNE90-PIREP,34000.0,41.10139,-102.98472,2025-03-31 18:05:00,0.0,M,"('KCYS', 'KFTG', 'KGLD', 'KLNX', 'KPUX')","['s3://noaa-nexrad-level2/2025/03/31/KCYS/KCYS20250331_180219_V06', 's3://noaa-nexrad-level2/2025/03/31/KFTG/KFTG20250331_180250_V06', 's3://noaa-nexrad-level2/2025/03/31/KGLD/KGLD20250331_175844_V06', 's3://noaa-nexrad-level2/2025/03/31/KLNX/KLNX20250331_180300_V06', 's3://noaa-nexrad-level2/2025/03/31/KPUX/KPUX20250331_180057_V06']"
117498,F,BCS3,MBPV UA /OV PVN355090/TM 1805/FL360/TP BCS3/TB NEG,NEG,202503311800-KMSC-UBUS01-PIREP,36000.0,23.26441308491448,-72.40078496663156,2025-03-31 18:05:00,0.0,U,"('KAMX', 'KAMX', 'KBYX', 'KMLB', 'KTBW')","['s3://noaa-nexrad-level2/2025/03/31/KAMX/KAMX20250331_180040_V06', 's3://noaa-nexrad-level2/2025/03/31/KAMX/KAMX20250331_180040_V06', 's3://noaa-nexrad-level2/2025/03/31/KBYX/KBYX20250331_180008_V06', 's3://noaa-nexrad-level2/2025/03/31/KMLB/KMLB20250331_180243_V06', 's3://noaa-nexrad-level2/2025/03/31/KTBW/KTBW20250331_175906_V06']"
117499,F,A333,PWM UA /OV ENE040020/TM 1806/FL380/TP A333/TB LGT-MOD,LGT-MOD,202503311800-KMSC-UBUS01-PIREP,38000.0,43.685368830926976,-70.31493593913676,2025-03-31 18:06:00,2.0,H,"('KGYX', 'KBOX', 'KCXX', 'KCBW', 'KOKX')","['s3://noaa-nexrad-level2/2025/03/31/KGYX/KGYX20250331_180435_V06', 's3://noaa-nexrad-level2/2025/03/31/KBOX/KBOX20250331_171440_V06', 's3://noaa-nexrad-level2/2025/03/31/KCXX/KCXX20250331_180307_V06', 's3://noaa-nexrad-level2/2025/03/31/KCBW/KCBW20250331_180515_V06', 's3://noaa-nexrad-level2/2025/03/31/KOKX/KOKX20250331_180101_V06']"
117500,F,BE40,SDF UA /OV MYS270025/TM 1806/FL390/TP BE40/TB CONS LGT CHOP,CONS LGT CHOP,202503311800-KMSC-UBUS01-PIREP,39000.0,37.89,-86.76800939923389,2025-03-31 18:06:00,1.0,M,"('KLVX', 'KVWX', 'KHPX', 'KOHX', 'KIND')","['s3://noaa-nexrad-level2/2025/03/31/KLVX/KLVX20250331_180458_V06', 's3://noaa-nexrad-level2/2025/03/31/KVWX/KVWX20250331_180224_V06', 's3://noaa-nexrad-level2/2025/03/31/KHPX/KHPX20250331_180551_V06', 's3://noaa-nexrad-level2/2025/03/31/KOHX/KOHX20250331_180424_V06', 's3://noaa-nexrad-level2/2025/03/31/KIND/KIND20250331_180033_V06']"
117501,F,B39M,TIP UA /OV RBS280030/TM 1806/FL360/TP B39M/TB NEG,NEG,202503311800-KMSC-UBUS01-PIREP,36000.0,40.66683112159169,-88.80838022781302,2025-03-31 18:06:00,0.0,U,"('KILX', 'KLOT', 'KDVN', 'KMKX', 'KVWX')","['s3://noaa-nexrad-level2/2025/03/31/KILX/KILX20250331_180447_V06', 's3://noaa-nexrad-level2/2025/03/31/KLOT/KLOT20250331_180056_V06', 's3://noaa-nexrad-level2/2025/03/31/KDVN/KDVN20250331_180034_V06', 's3://noaa-nexrad-level2/2025/03/31/KMKX/KMKX20250331_180545_V06', 's3://noaa-nexrad-level2/2025/03/31/KVWX/KVWX20250331_180224_V06']"
117502,F,B739,BHM UA /OV BHM360030/TM 1806/FL300/TP B739/TB MOD CHOP/RM ZME,MOD CHOP,202503311800-KMSC-UBUS01-PIREP,30000.0,34.0655005000405,-86.74488,2025-03-31 18:06:00,3.0,M,"('KBMX', 'KHTX', 'KGWX', 'KMXX', 'KOHX')","['s3://noaa-nexrad-level2/2025/03/31/KBMX/KBMX20250331_180329_V06', 's3://noaa-nexrad-level2/2025/03/31/KHTX/KHTX20250331_180554_V06', 's3://noaa-nexrad-level2/2025/03/31/KGWX/KGWX20250331_180438_V06', 's3://noaa-nexrad-level2/2025/03/31/KMXX/KMXX20250331_180330_V06', 's3://noaa-nexrad-level2/2025/03/31/KOHX/KOHX20250331_180424_V06']"
117503,F,B739,BFF UA /OV BFF/TM 1806/FL340/TP B739/TB NEG/RM ZDVWC-,NEG,202503311800-KMSC-UBUS01-PIREP,34000.0,41.87403,-103.59564,2025-03-31 18:06:00,0.0,M,"('KCYS', 'KFTG', 'KUDX', 'KLNX', 'KGLD')","['s3://noaa-nexrad-level2/2025/03/31/KCYS/KCYS20250331_180219_V06', 's3://noaa-nexrad-level2/2025/03/31/KFTG/KFTG20250331_180250_V06', 's3://noaa-nexrad-level2/2025/03/31/KUDX/KUDX20250331_180318_V06', 's3://noaa-nexrad-level2/2025/03/31/KLNX/KLNX20250331_180300_V06', 's3://noaa-nexrad-level2/2025/03/31/KGLD/KGLD20250331_175844_V06']"
117504,F,B739,BFF UA /OV BFF/TM 1806/FL340/TP B739/TB NEG/RM ZDVWC,NEG,202503311820-KWBC-UBNE90-PIREP,34000.0,41.87403,-103.59564,2025-03-31 18:06:00,0.0,M,"('KCYS', 'KFTG', 'KUDX', 'KLNX', 'KGLD')","['s3://noaa-nexrad-level2/2025/03/31/KCYS/KCYS20250331_180219_V06', 's3://noaa-nexrad-level2/2025/03/31/KFTG/KFTG20250331_180250_V06', 's3://noaa-nexrad-level2/2025/03/31/KUDX/KUDX20250331_180318_V06', 's3://noaa-nexrad-level2/2025/03/31/KLNX/KLNX20250331_180300_V06', 's3://noaa-nexrad-level2/2025/03/31/KGLD/KGLD20250331_175844_V06']"
117505,F,A321,MZZ UA /OV MZZ/TM 1807/FL290/TP A321/TB CONS MOD,CONS MOD,202503311800-KMSC-UBUS01-PIREP,29000.0,40.4898637,-85.6797319,2025-03-31 18:07:00,3.0,M,"('KIWX', 'KIND', 'KILN', 'KGRR', 'KLVX')","['s3://noaa-nexrad-level2/2025/03/31/KIWX/KIWX20250331_175927_V06', 's3://noaa-nexrad-level2/2025/03/31/KIND/KIND20250331_180033_V06', 's3://noaa-nexrad-level2/2025/03/31/KILN/KILN20250331_180242_V06', 's3://noaa-nexrad-level2/2025/03/31/KGRR/KGRR20250331_180029_V06', 's3://noaa-nexrad-level2/2025/03/31/KLVX/KLVX20250331_180458_V06']"
117506,F,E75L,HDN UA /OV CHE281027/TM 1807/FL346/TP E75L/TB CONS LGT CHOP/RM ZDVWC-14,CONS LGT CHOP,202503311800-KMSC-UBUS01-PIREP,34600.0,40.60587100291429,-107.89113666063672,2025-03-31 18:07:00,1.0,U,"('KGJX', 'KRIW', 'KCYS', 'KFTG', 'KPUX')","['s3://noaa-nexrad-level2/2025/03/31/KGJX/KGJX20250331_180504_V06', 's3://noaa-nexrad-level2/2025/03/31/KRIW/KRIW20250331_180447_V06', 's3://noaa-nexrad-level2/2025/03/31/KCYS/KCYS20250331_180219_V06', 's3://noaa-nexrad-level2/2025/03/31/KFTG/KFTG20250331_180250_V06', 's3://noaa-nexrad-level2/2025/03/31/KPUX/KPUX20250331_180057_V06']"
117507,F,A321,ASE UA /OV DBL117032/TM 1808/FL240/TP A321/TB CONS LGT CHOP/IC NEG/RM ZDVWC-26,CONS LGT CHOP,202503311800-KMSC-UBUS01-PIREP,24000.0,39.19785212106304,-106.28463296008223,2025-03-31 18:08:00,1.0,M,"('KFTG', 'KGJX', 'KPUX', 'KCYS', 'KABX')","['s3://noaa-nexrad-level2/2025/03/31/KFTG/KFTG20250331_180250_V06', 's3://noaa-nexrad-level2/2025/03/31/KGJX/KGJX20250331_180504_V06', 's3://noaa-nexrad-level2/2025/03/31/KPUX/KPUX20250331_180057_V06', 's3://noaa-nexrad-level2/2025/03/31/KCYS/KCYS20250331_180219_V06', 's3://noaa-nexrad-level2/2025/03/31/KABX/KABX20250331_180113_V06']"
117508,F,B739,GCC UA /OV GCC/TM 1808/FL310/TP B739/TB LGT-MOD CHOP/RM ZDVWC-32,LGT-MOD CHOP,202503311800-KMSC-UBUS01-PIREP,31000.0,44.34892,-105.53936,2025-03-31 18:08:00,2.0,M,"('KUDX', 'KRIW', 'KCYS', 'KBLX', 'KGGW')","['s3://noaa-nexrad-level2/2025/03/31/KUDX/KUDX20250331_180318_V06', 's3://noaa-nexrad-level2/2025/03/31/KRIW/KRIW20250331_180447_V06', 's3://noaa-nexrad-level2/2025/03/31/KCYS/KCYS20250331_180219_V06', 's3://noaa-nexrad-level2/2025/03/31/KBLX/KBLX20250331_180043_V06', 's3://noaa-nexrad-level2/2025/03/31/KGGW/KGGW20250331_180552_V06']"
117509,F,B38M,DFW UA /OV BFV270020/TM 1809/FL320/TP B38M/TB CONS LGT OCNL MOD/RM ZFW,CONS LGT OCNL MOD,202503311800-KMSC-UBUS01-PIREP,32000.0,35.24,-99.61815853929876,2025-03-31 18:09:00,2.0,U,"('KFDR', 'KAMA', 'KVNX', 'KOUN', 'KTLX')","['s3://noaa-nexrad-level2/2025/03/31/KFDR/KFDR20250331_180351_V06', 's3://noaa-nexrad-level2/2025/03/31/KAMA/KAMA20250331_180444_V06', 's3://noaa-nexrad-level2/2025/03/31/KVNX/KVNX20250331_180646_V06', 's3://noaa-nexrad-level2/2025/03/31/KTLX/KTLX20250331_180253_V06']"
117510,F,A321,CSV UA /OV HCH/TM 1809/FL360/TP A321/TB LGT OCNL MOD CHOP/RM ZTLFD-36,LGT OCNL MOD CHOP,202503311800-KMSC-UBUS01-PIREP,36000.0,35.78,-84.98,2025-03-31 18:09:00,2.0,M,"('KHTX', 'KMRX', 'KOHX', 'KLVX', 'KFFC')","['s3://noaa-nexrad-level2/2025/03/31/KHTX/KHTX20250331_180554_V06', 's3://noaa-nexrad-level2/2025/03/31/KMRX/KMRX20250331_180818_V06', 's3://noaa-nexrad-level2/2025/03/31/KOHX/KOHX20250331_180424_V06', 's3://noaa-nexrad-level2/2025/03/31/KLVX/KLVX20250331_180458_V06', 's3://noaa-nexrad-level2/2025/03/31/KFFC/KFFC20250331_180632_V06']"
117511,F,E75L,LCI UA /OV LCI200007/TM 1809/FL150/TP E75L/SK TOP 145-150/TB INTMT LGT CHOP/IC NEG/RM DURD,INTMT LGT CHOP,202503311800-KMSC-UBUS01-PIREP,15000.0,43.4638426941375,-71.4766258063713,2025-03-31 18:09:00,1.0,U,"('KGYX', 'KBOX', 'KCXX', 'KENX', 'KOKX')","['s3://noaa-nexrad-level2/2025/03/31/KGYX/KGYX20250331_180435_V06', 's3://noaa-nexrad-level2/2025/03/31/KBOX/KBOX20250331_171440_V06', 's3://noaa-nexrad-level2/2025/03/31/KCXX/KCXX20250331_180307_V06', 's3://noaa-nexrad-level2/2025/03/31/KENX/KENX20250331_180713_V06', 's3://noaa-nexrad-level2/2025/03/31/KOKX/KOKX20250331_180101_V06']"
117512,F,C560,MCN UA /OV MCN217043/TM 1809/FL270/TP C560/TB CONS LGT OCNL MOD CHOP/RM ZTLFD-22,CONS LGT OCNL MOD CHOP,202503311800-KMSC-UBUS01-PIREP,27000.0,32.12044819029506,-84.16174193798298,2025-03-31 18:09:00,2.0,M,"('KJGX', 'KFFC', 'KEOX', 'KMXX', 'KVAX')","['s3://noaa-nexrad-level2/2025/03/31/KJGX/KJGX20250331_180529_V06', 's3://noaa-nexrad-level2/2025/03/31/KFFC/KFFC20250331_180632_V06', 's3://noaa-nexrad-level2/2025/03/31/KEOX/KEOX20250331_180513_V06', 's3://noaa-nexrad-level2/2025/03/31/KMXX/KMXX20250331_180857_V06']"
117513,F,B738,MLF UA /OV MLF360020/TM 1809/FL280/TP B738/TB LGT-MOD/RM /ZLC,LGT-MOD,202503311800-KMSC-UBUS01-PIREP,28000.0,38.759990333360335,-113.01246,2025-03-31 18:09:00,2.0,M,"('KICX', 'KMTX', 'KESX', 'KLRX', 'KSFX')","['s3://noaa-nexrad-level2/2025/03/31/KICX/KICX20250331_180324_V06', 's3://noaa-nexrad-level2/2025/03/31/KMTX/KMTX20250331_180841_V06', 's3://noaa-nexrad-level2/2025/03/31/KESX/KESX20250331_180839_V06', 's3://noaa-nexrad-level2/2025/03/31/KLRX/KLRX20250331_180700_V06', 's3://noaa-nexrad-level2/2025/03/31/KSFX/KSFX20250331_180654_V06']"
117514,T,C402,ACK UUA /OV ACK060003/TM 1810/FL004/TP C402/TB MOD/RM +/-30KT ON FINAL RY24,MOD,202503311800-KMSC-UBUS01-PIREP,400.0,41.27811202500202,-70.00270884783552,2025-03-31 18:10:00,3.0,L,"('KBOX', 'KGYX', 'KOKX', 'KENX', 'KCXX')","['s3://noaa-nexrad-level2/2025/03/31/KBOX/KBOX20250331_171440_V06', 's3://noaa-nexrad-level2/2025/03/31/KGYX/KGYX20250331_180913_V06', 's3://noaa-nexrad-level2/2025/03/31/KOKX/KOKX20250331_180916_V06', 's3://noaa-nexrad-level2/2025/03/31/KENX/KENX20250331_180713_V06', 's3://noaa-nexrad-level2/2025/03/31/KCXX/KCXX20250331_180307_V06']"
117515,F,A321,PJC UA /OV EWC360020/TM 1810/FL320/TP A321/TB CONS LGT CHOP/RM ZOB,CONS LGT CHOP,202503311800-KMSC-UBUS01-PIREP,32000.0,41.16336033336033,-80.21,2025-03-31 18:10:00,1.0,M,"('KPBZ', 'KCLE', 'KCCX', 'KBUF', 'KRLX')","['s3://noaa-nexrad-level2/2025/03/31/KPBZ/KPBZ20250331_180452_V06', 's3://noaa-nexrad-level2/2025/03/31/KCLE/KCLE20250331_180511_V06', 's3://noaa-nexrad-level2/2025/03/31/KCCX/KCCX20250331_180131_V06', 's3://noaa-nexrad-level2/2025/03/31/KBUF/KBUF20250331_180630_V06', 's3://noaa-nexrad-level2/2025/03/31/KRLX/KRLX20250331_180523_V06']"
117516,F,A320,YIP UA /OV SVM/TM 1810/FL350/TP A320/TB LGT-MOD CHOP/RM ZOB,LGT-MOD CHOP,202503311800-KMSC-UBUS01-PIREP,35000.0,42.41,-83.59,2025-03-31 18:10:00,2.0,M,"('KDTX', 'KCLE', 'KGRR', 'KIWX', 'KAPX')","['s3://noaa-nexrad-level2/2025/03/31/KDTX/KDTX20250331_180652_V06', 's3://noaa-nexrad-level2/2025/03/31/KCLE/KCLE20250331_180511_V06', 's3://noaa-nexrad-level2/2025/03/31/KGRR/KGRR20250331_180842_V06', 's3://noaa-nexrad-level2/2025/03/31/KIWX/KIWX20250331_180756_V06', 's3://noaa-nexrad-level2/2025/03/31/KAPX/KAPX20250331_180511_V06']"
117517,F,E75L,EGE UA /OV RLG052030/TM 1810/FL230/TP E75L/TB ONCL LGT CHOP/RM ZDVWC-13,ONCL LGT CHOP,202503311800-KMSC-UBUS01-PIREP,23000.0,40.30785567197752,-105.92562084770636,2025-03-31 18:10:00,1.0,U,"('KCYS', 'KFTG', 'KPUX', 'KGJX', 'KRIW')","['s3://noaa-nexrad-level2/2025/03/31/KCYS/KCYS20250331_180219_V06', 's3://noaa-nexrad-level2/2025/03/31/KFTG/KFTG20250331_180953_V06', 's3://noaa-nexrad-level2/2025/03/31/KPUX/KPUX20250331_180803_V06', 's3://noaa-nexrad-level2/2025/03/31/KGJX/KGJX20250331_180504_V06', 's3://noaa-nexrad-level2/2025/03/31/KRIW/KRIW20250331_180447_V06']"
117518,T,P28A,SBA UUA /OV RZS090010/TM 1810/FL060/TP P28A/TB MOD-SEV,MOD-SEV,202503311800-KMSC-UBUS01-PIREP,6000.0,34.51,-119.56772495070354,2025-03-31 18:10:00,4.0,L,"('KVTX', 'KVBX', 'KHNX', 'KSOX', 'KEYX')","['s3://noaa-nexrad-level2/2025/03/31/KVTX/KVTX20250331_180908_V06', 's3://noaa-nexrad-level2/2025/03/31/KVBX/KVBX20250331_180614_V06', 's3://noaa-nexrad-level2/2025/03/31/KHNX/KHNX20250331_180549_V06', 's3://noaa-nexrad-level2/2025/03/31/KSOX/KSOX20250331_180753_V06', 's3://noaa-nexrad-level2/2025/03/31/KEYX/KEYX20250331_180819_V06']"
117519,F,BCS3,POU UA /OV IGN010020/TM 1810/FL320/TP BCS3/TB LGT-MOD 320 CHOP,LGT-MOD 320 CHOP,202503311800-KMSC-UBUS01-PIREP,32000.0,41.99829584084,-73.74250539650916,2025-03-31 18:10:00,2.0,U,"('KENX', 'KOKX', 'KDIX', 'KBGM', 'KCXX')","['s3://noaa-nexrad-level2/2025/03/31/KENX/KENX20250331_180713_V06', 's3://noaa-nexrad-level2/2025/03/31/KOKX/KOKX20250331_180916_V06', 's3://noaa-nexrad-level2/2025/03/31/KDIX/KDIX20250331_180332_V06', 's3://noaa-nexrad-level2/2025/03/31/KBGM/KBGM20250331_180410_V06', 's3://noaa-nexrad-level2/2025/03/31/KCXX/KCXX20250331_180307_V06']"
117520,F,B77W,BOS UA /OV BOS080085/TM 1811/FL340/TP B77W/TB LGT-MOD,LGT-MOD,202503311800-KMSC-UBUS01-PIREP,34000.0,42.60659151117647,-69.12148930216355,2025-03-31 18:11:00,2.0,U,"('KGYX', 'KBOX', 'KCBW', 'KOKX', 'KCXX')","['s3://noaa-nexrad-level2/2025/03/31/KGYX/KGYX20250331_180913_V06', 's3://noaa-nexrad-level2/2025/03/31/KBOX/KBOX20250331_171440_V06', 's3://noaa-nexrad-level2/2025/03/31/KCBW/KCBW20250331_181054_V06', 's3://noaa-nexrad-level2/2025/03/31/KOKX/KOKX20250331_180916_V06', 's3://noaa-nexrad-level2/2025/03/31/KCXX/KCXX20250331_181007_V06']"
117521,F,E170,FNT UA /OV FNT/TM 1811/FL280/TP E170/TB NEG/RM ZOB,NEG,202503311800-KMSC-UBUS01-PIREP,28000.0,42.96667,-83.74944,2025-03-31 18:11:00,0.0,U,"('KDTX', 'KGRR', 'KAPX', 'KCLE', 'KIWX')","['s3://noaa-nexrad-level2/2025/03/31/KDTX/KDTX20250331_180652_V06', 's3://noaa-nexrad-level2/2025/03/31/KGRR/KGRR20250331_180842_V06', 's3://noaa-nexrad-level2/2025/03/31/KAPX/KAPX20250331_180511_V06', 's3://noaa-nexrad-level2/2025/03/31/KCLE/KCLE20250331_180511_V06', 's3://noaa-nexrad-level2/2025/03/31/KIWX/KIWX20250331_180756_V06']"
117522,F,A321,ORL UA /OV ORL350030/TM 1811/FL350/TP A321/TB CONS LGT OCNL MOD,CONS LGT OCNL MOD,202503311800-KMSC-UBUS01-PIREP,35000.0,29.037903761259983,-81.43178715519542,2025-03-31 18:11:00,2.0,M,"('KMLB', 'KJAX', 'KTBW', 'KVAX', 'KTLH')","['s3://noaa-nexrad-level2/2025/03/31/KMLB/KMLB20250331_180851_V06', 's3://noaa-nexrad-level2/2025/03/31/KJAX/KJAX20250331_180619_V06', 's3://noaa-nexrad-level2/2025/03/31/KTBW/KTBW20250331_180604_V06', 's3://noaa-nexrad-level2/2025/03/31/KTLH/KTLH20250331_181030_V06']"
117523,F,A21N,Y31 UA /OV Y31/TM 1811/FL350/TP A21N/TB CONS LGT,CONS LGT,202503311800-KMSC-UBUS01-PIREP,35000.0,44.2448,-84.1798,2025-03-31 18:11:00,1.0,U,"('KAPX', 'KDTX', 'KGRR', 'KIWX', 'KCLE')","['s3://noaa-nexrad-level2/2025/03/31/KAPX/KAPX20250331_180511_V06', 's3://noaa-nexrad-level2/2025/03/31/KDTX/KDTX20250331_180652_V06', 's3://noaa-nexrad-level2/2025/03/31/KGRR/KGRR20250331_180842_V06', 's3://noaa-nexrad-level2/2025/03/31/KIWX/KIWX20250331_180756_V06', 's3://noaa-nexrad-level2/2025/03/31/KCLE/KCLE20250331_180511_V06']"
117524,F,B737,SDF UA /OV IMS/TM 1811/FL280/TP B737/TB LGT-MOD CHOP,LGT-MOD CHOP,202503311800-KMSC-UBUS01-PIREP,28000.0,38.7589,-85.4655,2025-03-31 18:11:00,2.0,M,"('KLVX', 'KIND', 'KILN', 'KVWX', 'KJKL')","['s3://noaa-nexrad-level2/2025/03/31/KLVX/KLVX20250331_180458_V06', 's3://noaa-nexrad-level2/2025/03/31/KIND/KIND20250331_180736_V06', 's3://noaa-nexrad-level2/2025/03/31/KILN/KILN20250331_180815_V06', 's3://noaa-nexrad-level2/2025/03/31/KVWX/KVWX20250331_180909_V06', 's3://noaa-nexrad-level2/2025/03/31/KJKL/KJKL20250331_180802_V06']"
117525,F,A20N,SJC UA /OV SJC140030/TM 1811/FL100/TP A20N/SK BKN040/TB MOD CHOP,MOD CHOP,202503311800-KMSC-UBUS01-PIREP,10000.0,36.97634675360954,-121.52003937902624,2025-03-31 18:11:00,3.0,U,"('KMUX', 'KDAX', 'KHNX', 'KVBX', 'KBBX')","['s3://noaa-nexrad-level2/2025/03/31/KMUX/KMUX20250331_180800_V06', 's3://noaa-nexrad-level2/2025/03/31/KDAX/KDAX20250331_180918_V06', 's3://noaa-nexrad-level2/2025/03/31/KHNX/KHNX20250331_180549_V06', 's3://noaa-nexrad-level2/2025/03/31/KVBX/KVBX20250331_181055_V06', 's3://noaa-nexrad-level2/2025/03/31/KBBX/KBBX20250331_180652_V06']"
117526,F,A320,DEN UA /OV DVV265040/TM 1811/FL260/TP A320/SK TOP 200 SCT/TB OCNL LGT CHOP/IC NEG/RM DURC DEN ZDVWC-06,OCNL LGT CHOP,202503311800-KMSC-UBUS01-PIREP,26000.0,39.83189146508675,-105.48563719718308,2025-03-31 18:11:00,1.0,M,"('KFTG', 'KCYS', 'KPUX', 'KGJX', 'KGLD')","['s3://noaa-nexrad-level2/2025/03/31/KFTG/KFTG20250331_180953_V06', 's3://noaa-nexrad-level2/2025/03/31/KCYS/KCYS20250331_180219_V06', 's3://noaa-nexrad-level2/2025/03/31/KPUX/KPUX20250331_180803_V06', 's3://noaa-nexrad-level2/2025/03/31/KGJX/KGJX20250331_181037_V06', 's3://noaa-nexrad-level2/2025/03/31/KGLD/KGLD20250331_180822_V06']"
117527,F,PC12,UAO UA /OV KUAO/TM 1811/FL013/TP PC12/TA 07/TB LGT TURB/RM DURC RWY17,LGT TURB,202503311800-KMSC-UBUS01-PIREP,1300.0,45.25,-122.77,2025-03-31 18:11:00,1.0,L,"('KRTX', 'KLGX', 'KATX', 'KMAX', 'KPDT')","['s3://noaa-nexrad-level2/2025/03/31/KRTX/KRTX20250331_181028_V06', 's3://noaa-nexrad-level2/2025/03/31/KLGX/KLGX20250331_180931_V06', 's3://noaa-nexrad-level2/2025/03/31/KATX/KATX20250331_180904_V06', 's3://noaa-nexrad-level2/2025/03/31/KMAX/KMAX20250331_180549_V06', 's3://noaa-nexrad-level2/2025/03/31/KPDT/KPDT20250331_181033_V06']"
117528,F,B763,BHM UA /OV BHM360030/TM 1811/FL280/TP B763/TB MOD CHOP/RM ZME,MOD CHOP,202503311800-KMSC-UBUS01-PIREP,28000.0,34.0655005000405,-86.74488,2025-03-31 18:11:00,3.0,H,"('KBMX', 'KHTX', 'KGWX', 'KMXX', 'KOHX')","['s3://noaa-nexrad-level2/2025/03/31/KBMX/KBMX20250331_180854_V06', 's3://noaa-nexrad-level2/2025/03/31/KHTX/KHTX20250331_181058_V06', 's3://noaa-nexrad-level2/2025/03/31/KGWX/KGWX20250331_180942_V06', 's3://noaa-nexrad-level2/2025/03/31/KMXX/KMXX20250331_180857_V06', 's3://noaa-nexrad-level2/2025/03/31/KOHX/KOHX20250331_180424_V06']"
117529,F,B738,GCK UA /OV GCK/TM 1812/FL370/TP B738/TB CONS MOD CHOP/RM ZKC FDC,CONS MOD CHOP,202503311800-KMSC-UBUS01-PIREP,37000.0,37.92753,-100.72442,2025-03-31 18:12:00,3.0,M,"('KDDC', 'KGLD', 'KVNX', 'KAMA', 'KICT')","['s3://noaa-nexrad-level2/2025/03/31/KDDC/KDDC20250331_180542_V06', 's3://noaa-nexrad-level2/2025/03/31/KGLD/KGLD20250331_180822_V06', 's3://noaa-nexrad-level2/2025/03/31/KVNX/KVNX20250331_180646_V06', 's3://noaa-nexrad-level2/2025/03/31/KAMA/KAMA20250331_181147_V06', 's3://noaa-nexrad-level2/2025/03/31/KICT/KICT20250331_180644_V06']"
117530,F,A321,RIL UA /OV RIL040020/TM 1812/FL240/TP A321/SK IMC/TB NEG/RM ZDVWC-11,NEG,202503311800-KMSC-UBUS01-PIREP,24000.0,39.78167883092698,-107.44913514308767,2025-03-31 18:12:00,0.0,M,"('KGJX', 'KFTG', 'KCYS', 'KRIW', 'KPUX')","['s3://noaa-nexrad-level2/2025/03/31/KGJX/KGJX20250331_181037_V06', 's3://noaa-nexrad-level2/2025/03/31/KFTG/KFTG20250331_180953_V06', 's3://noaa-nexrad-level2/2025/03/31/KCYS/KCYS20250331_180219_V06', 's3://noaa-nexrad-level2/2025/03/31/KRIW/KRIW20250331_181013_V06', 's3://noaa-nexrad-level2/2025/03/31/KPUX/KPUX20250331_180803_V06']"
117531,F,A321,PAH UA /OV CNG180020/TM 1812/FL320/TP A321/TB OCNL LGT-MOD CHOP/RM ZME,OCNL LGT-MOD CHOP,202503311800-KMSC-UBUS01-PIREP,32000.0,36.67663966663967,-88.84,2025-03-31 18:12:00,2.0,M,"('KPAH', 'KHPX', 'KNQA', 'KVWX', 'KOHX')","['s3://noaa-nexrad-level2/2025/03/31/KPAH/KPAH20250331_180848_V06', 's3://noaa-nexrad-level2/2025/03/31/KHPX/KHPX20250331_180551_V06', 's3://noaa-nexrad-level2/2025/03/31/KNQA/KNQA20250331_181121_V06', 's3://noaa-nexrad-level2/2025/03/31/KVWX/KVWX20250331_180909_V06', 's3://noaa-nexrad-level2/2025/03/31/KOHX/KOHX20250331_180424_V06']"
117532,F,LJ45,CMH UA /OV APE/TM 1813/FL300/TP LJ45/TB LGT CHOP/RM DURC,LGT CHOP,202503311800-KMSC-UBUS01-PIREP,30000.0,40.15,-82.59,2025-03-31 18:13:00,1.0,M,"('KILN', 'KCLE', 'KRLX', 'KPBZ', 'KJKL')","['s3://noaa-nexrad-level2/2025/03/31/KILN/KILN20250331_180815_V06', 's3://noaa-nexrad-level2/2025/03/31/KCLE/KCLE20250331_181204_V06', 's3://noaa-nexrad-level2/2025/03/31/KRLX/KRLX20250331_181023_V06', 's3://noaa-nexrad-level2/2025/03/31/KPBZ/KPBZ20250331_181154_V06', 's3://noaa-nexrad-level2/2025/03/31/KJKL/KJKL20250331_181250_V06']"
117533,F,B738,CMH UA /OV APE/TM 1813/FL380/TP B738/TB CONS LGT CHOP,CONS LGT CHOP,202503311800-KMSC-UBUS01-PIREP,38000.0,40.15,-82.59,2025-03-31 18:13:00,1.0,M,"('KILN', 'KCLE', 'KRLX', 'KPBZ', 'KJKL')","['s3://noaa-nexrad-level2/2025/03/31/KILN/KILN20250331_180815_V06', 's3://noaa-nexrad-level2/2025/03/31/KCLE/KCLE20250331_181204_V06', 's3://noaa-nexrad-level2/2025/03/31/KRLX/KRLX20250331_181023_V06', 's3://noaa-nexrad-level2/2025/03/31/KPBZ/KPBZ20250331_181154_V06', 's3://noaa-nexrad-level2/2025/03/31/KJKL/KJKL20250331_181250_V06']"
117534,F,B737,CVG UA /OV CVG290038/TM 1813/FL390/TP B737/TB CONS LGT,CONS LGT,202503311800-KMSC-UBUS01-PIREP,39000.0,39.25969030309049,-85.43799898547013,2025-03-31 18:13:00,1.0,M,"('KIND', 'KLVX', 'KILN', 'KIWX', 'KVWX')","['s3://noaa-nexrad-level2/2025/03/31/KIND/KIND20250331_180736_V06', 's3://noaa-nexrad-level2/2025/03/31/KLVX/KLVX20250331_181155_V06', 's3://noaa-nexrad-level2/2025/03/31/KILN/KILN20250331_180815_V06', 's3://noaa-nexrad-level2/2025/03/31/KIWX/KIWX20250331_180756_V06', 's3://noaa-nexrad-level2/2025/03/31/KVWX/KVWX20250331_180909_V06']"
117535,F,PRM1,MGM UA /OV MGM270010/TM 1813/FL210/TP PRM1/TB MOD/RM ZTLFD-13,MOD,202503311800-KMSC-UBUS01-PIREP,21000.0,32.30064,-86.5911649248755,2025-03-31 18:13:00,3.0,L,"('KMXX', 'KBMX', 'KEOX', 'KEVX', 'KFFC')","['s3://noaa-nexrad-level2/2025/03/31/KMXX/KMXX20250331_180857_V06', 's3://noaa-nexrad-level2/2025/03/31/KBMX/KBMX20250331_180854_V06', 's3://noaa-nexrad-level2/2025/03/31/KEOX/KEOX20250331_181126_V06', 's3://noaa-nexrad-level2/2025/03/31/KEVX/KEVX20250331_180741_V06', 's3://noaa-nexrad-level2/2025/03/31/KFFC/KFFC20250331_180632_V06']"
117536,F,A20,HTS UA /OV HNN325035/TM 1814/FL370/TP A20/TB LGT-MOD CHOP,LGT-MOD CHOP,202503311800-KMSC-UBUS01-PIREP,37000.0,39.22787739747471,-82.45905502456571,2025-03-31 18:14:00,2.0,U,"('KRLX', 'KILN', 'KJKL', 'KCLE', 'KPBZ')","['s3://noaa-nexrad-level2/2025/03/31/KRLX/KRLX20250331_181023_V06', 's3://noaa-nexrad-level2/2025/03/31/KILN/KILN20250331_181347_V06', 's3://noaa-nexrad-level2/2025/03/31/KJKL/KJKL20250331_181250_V06', 's3://noaa-nexrad-level2/2025/03/31/KCLE/KCLE20250331_181204_V06', 's3://noaa-nexrad-level2/2025/03/31/KPBZ/KPBZ20250331_181154_V06']"
117537,F,CRJ7,PWK UA /OV OBK360030/TM 1814/FL160/TP CRJ7/TB NEG/IC NEG/RM DURC 160-FL230,NEG,202503311800-KMSC-UBUS01-PIREP,16000.0,42.7200405000405,-87.95,2025-03-31 18:14:00,0.0,M,"('KMKX', 'KLOT', 'KGRB', 'KGRR', 'KIWX')","['s3://noaa-nexrad-level2/2025/03/31/KMKX/KMKX20250331_181246_V06', 's3://noaa-nexrad-level2/2025/03/31/KLOT/KLOT20250331_181041_V06', 's3://noaa-nexrad-level2/2025/03/31/KGRB/KGRB20250331_180818_V06', 's3://noaa-nexrad-level2/2025/03/31/KGRR/KGRR20250331_180842_V06', 's3://noaa-nexrad-level2/2025/03/31/KIWX/KIWX20250331_180756_V06']"
117538,F,B739,TLH UA /OV SZW090020/TM 1815/FL370/TP B739/TB MOD,MOD,202503311800-KMSC-UBUS01-PIREP,37000.0,30.56,-83.98286561466996,2025-03-31 18:15:00,3.0,M,"('KTLH', 'KVAX', 'KEOX', 'KEVX', 'KJGX')","['s3://noaa-nexrad-level2/2025/03/31/KTLH/KTLH20250331_181030_V06', 's3://noaa-nexrad-level2/2025/03/31/KEOX/KEOX20250331_181126_V06', 's3://noaa-nexrad-level2/2025/03/31/KEVX/KEVX20250331_181422_V06', 's3://noaa-nexrad-level2/2025/03/31/KJGX/KJGX20250331_181223_V06']"
117539,F,LJ45,ADQ UA /OV ODK/TM 1815/FL400/TP LJ45/TB CONS LGT/RM ZAN,CONS LGT,202503311800-KMSC-UBUS01-PIREP,40000.0,57.75,-152.5,2025-03-31 18:15:00,1.0,M,"('PAHG', 'PAKC', 'PAIH', 'PAIH', 'PAPD')","['s3://noaa-nexrad-level2/2025/03/31/PAHG/PAHG20250331_180834_V06', 's3://noaa-nexrad-level2/2025/03/31/PAKC/PAKC20250331_181106_V06', 's3://noaa-nexrad-level2/2025/03/31/PAIH/PAIH20250331_181411_V06', 's3://noaa-nexrad-level2/2025/03/31/PAIH/PAIH20250331_181411_V06', 's3://noaa-nexrad-level2/2025/03/31/PAPD/PAPD20250331_180831_V06']"
117540,F,B737,FAI UA /OV FAI/TM 1815/FL100/TP B737/TB LGT CHOP 000-100/RM DURC SMOOTH ABV 100/ ZAN,LGT CHOP 000-100,202503311800-KMSC-UBUS01-PIREP,10000.0,64.81,-147.85,2025-03-31 18:15:00,1.0,M,"('PAPD', 'PAHG', 'PAIH', 'PAIH', 'PAKC')","['s3://noaa-nexrad-level2/2025/03/31/PAPD/PAPD20250331_180831_V06', 's3://noaa-nexrad-level2/2025/03/31/PAHG/PAHG20250331_180834_V06', 's3://noaa-nexrad-level2/2025/03/31/PAIH/PAIH20250331_181411_V06', 's3://noaa-nexrad-level2/2025/03/31/PAIH/PAIH20250331_181411_V06', 's3://noaa-nexrad-level2/2025/03/31/PAKC/PAKC20250331_181106_V06']"
117541,F,P28A,SBA UA /OV RZS/TM 1817/FL060/TP P28A/TB MOD,MOD,202503311800-KMSC-UBUS01-PIREP,6000.0,34.51,-119.77,2025-03-31 18:17:00,3.0,L,"('KVTX', 'KVBX', 'KHNX', 'KSOX', 'KEYX')","['s3://noaa-nexrad-level2/2025/03/31/KVTX/KVTX20250331_181338_V06', 's3://noaa-nexrad-level2/2025/03/31/KVBX/KVBX20250331_181652_V06', 's3://noaa-nexrad-level2/2025/03/31/KHNX/KHNX20250331_181658_V06', 's3://noaa-nexrad-level2/2025/03/31/KSOX/KSOX20250331_181229_V06', 's3://noaa-nexrad-level2/2025/03/31/KEYX/KEYX20250331_181527_V06']"
117542,F,E75S,SDF UA /OV EWO/TM 1817/FL320/TP E75S/TB CONS LGT,CONS LGT,202503311800-KMSC-UBUS01-PIREP,32000.0,37.63,-85.68,2025-03-31 18:17:00,1.0,U,"('KLVX', 'KOHX', 'KHPX', 'KVWX', 'KIND')","['s3://noaa-nexrad-level2/2025/03/31/KLVX/KLVX20250331_181155_V06', 's3://noaa-nexrad-level2/2025/03/31/KOHX/KOHX20250331_181305_V06', 's3://noaa-nexrad-level2/2025/03/31/KHPX/KHPX20250331_181252_V06', 's3://noaa-nexrad-level2/2025/03/31/KVWX/KVWX20250331_181559_V06', 's3://noaa-nexrad-level2/2025/03/31/KIND/KIND20250331_181429_V06']"
117543,F,CL35,TLH UA /OV TLH300030/TM 1817/FL450/TP CL35/TB OCNL LGT,OCNL LGT,202503311800-KMSC-UBUS01-PIREP,45000.0,30.64356025002025,-84.85339321436021,2025-03-31 18:17:00,1.0,U,"('KTLH', 'KEOX', 'KEVX', 'KVAX', 'KMXX')","['s3://noaa-nexrad-level2/2025/03/31/KTLH/KTLH20250331_181552_V06', 's3://noaa-nexrad-level2/2025/03/31/KEOX/KEOX20250331_181126_V06', 's3://noaa-nexrad-level2/2025/03/31/KEVX/KEVX20250331_181422_V06', 's3://noaa-nexrad-level2/2025/03/31/KMXX/KMXX20250331_181354_V06']"
117544,F,B739,DBQ UA /OV DBQ180020/TM 1817/FL340/TP B739/TB CONS LGT,CONS LGT,202503311800-KMSC-UBUS01-PIREP,34000.0,42.06498966663967,-90.709143,2025-03-31 18:17:00,1.0,M,"('KDVN', 'KARX', 'KMKX', 'KILX', 'KLOT')","['s3://noaa-nexrad-level2/2025/03/31/KDVN/KDVN20250331_181014_V06', 's3://noaa-nexrad-level2/2025/03/31/KARX/KARX20250331_181041_V06', 's3://noaa-nexrad-level2/2025/03/31/KMKX/KMKX20250331_181246_V06', 's3://noaa-nexrad-level2/2025/03/31/KILX/KILX20250331_181136_V06', 's3://noaa-nexrad-level2/2025/03/31/KLOT/KLOT20250331_181041_V06']"
117545,F,A21N,PHL UA /OV BUNTS/TM 1818/FL060/TP A21N/TB MOD,MOD,202503311800-KMSC-UBUS01-PIREP,6000.0,39.87335377,-75.22662535,2025-03-31 18:18:00,3.0,U,"('KDIX', 'KDOX', 'KLWX', 'KBGM', 'KOKX')","['s3://noaa-nexrad-level2/2025/03/31/KDIX/KDIX20250331_181734_V06', 's3://noaa-nexrad-level2/2025/03/31/KDOX/KDOX20250331_181720_V06', 's3://noaa-nexrad-level2/2025/03/31/KLWX/KLWX20250331_181550_V06', 's3://noaa-nexrad-level2/2025/03/31/KBGM/KBGM20250331_181118_V06', 's3://noaa-nexrad-level2/2025/03/31/KOKX/KOKX20250331_181736_V06']"
117546,F,LJ45,CRG UA /OV CRG135020/TM 1819/FL410/TP LJ45/TB CONS MOD,CONS MOD,202503311800-KMSC-UBUS01-PIREP,41000.0,30.1003786477023,-81.24158274950476,2025-03-31 18:19:00,3.0,M,"('KJAX', 'KVAX', 'KMLB', 'KCLX', 'KTBW')","['s3://noaa-nexrad-level2/2025/03/31/KJAX/KJAX20250331_181719_V06', 's3://noaa-nexrad-level2/2025/03/31/KMLB/KMLB20250331_181459_V06', 's3://noaa-nexrad-level2/2025/03/31/KTBW/KTBW20250331_181308_V06']"
117547,F,B737,BYI UA /OV BYI278011/TM 1819/FL280/TP B737/TB MOD/RM /ZLC,MOD,202503311800-KMSC-UBUS01-PIREP,28000.0,42.56811713523196,-114.01797058545904,2025-03-31 18:19:00,3.0,M,"('KSFX', 'KMTX', 'KCBX', 'KLRX', 'KMSX')","['s3://noaa-nexrad-level2/2025/03/31/KSFX/KSFX20250331_181725_V06', 's3://noaa-nexrad-level2/2025/03/31/KMTX/KMTX20250331_181505_V06', 's3://noaa-nexrad-level2/2025/03/31/KCBX/KCBX20250331_181300_V06', 's3://noaa-nexrad-level2/2025/03/31/KLRX/KLRX20250331_181656_V06', 's3://noaa-nexrad-level2/2025/03/31/KMSX/KMSX20250331_181547_V06']"
117548,F,EA50,LAS UA /OV LAS150025/TM 1819/FL090/TP EA50/TB SEV TURB 090-070 DURD,SEV TURB 090-070 DURD,202503311800-KMSC-UBUS01-PIREP,9000.0,35.71102685336988,-114.90562975902048,2025-03-31 18:19:00,5.0,U,"('KESX', 'KEYX', 'KICX', 'KYUX', 'KSOX')","['s3://noaa-nexrad-level2/2025/03/31/KESX/KESX20250331_181549_V06', 's3://noaa-nexrad-level2/2025/03/31/KEYX/KEYX20250331_181527_V06', 's3://noaa-nexrad-level2/2025/03/31/KICX/KICX20250331_181204_V06', 's3://noaa-nexrad-level2/2025/03/31/KYUX/KYUX20250331_181816_V06', 's3://noaa-nexrad-level2/2025/03/31/KSOX/KSOX20250331_181705_V06']"
117549,F,B737,LAS UA /OV LAS210010/TM 1819/FL090/TP B737/TB MOD TURB 090 DURD/RM RNDRZ3/COKTL4 RNAV ARR KLAS,MOD TURB 090 DURD,202503311800-KMSC-UBUS01-PIREP,9000.0,35.92755074134795,-115.2665080963918,2025-03-31 18:19:00,3.0,M,"('KESX', 'KEYX', 'KICX', 'KSOX', 'KYUX')","['s3://noaa-nexrad-level2/2025/03/31/KESX/KESX20250331_181549_V06', 's3://noaa-nexrad-level2/2025/03/31/KEYX/KEYX20250331_181527_V06', 's3://noaa-nexrad-level2/2025/03/31/KICX/KICX20250331_181204_V06', 's3://noaa-nexrad-level2/2025/03/31/KSOX/KSOX20250331_181705_V06', 's3://noaa-nexrad-level2/2025/03/31/KYUX/KYUX20250331_181816_V06']"
117550,F,CRJ9,PNS UA /OV PNS020015/TM 1820/FL100/TP CRJ9/WX -RA/TB MOD CHOP,MOD CHOP,202503311800-KMSC-UBUS01-PIREP,10000.0,30.71300218399108,-87.08771786570773,2025-03-31 18:20:00,3.0,U,"('KMOB', 'KEVX', 'KEOX', 'KMXX', 'KBMX')","['s3://noaa-nexrad-level2/2025/03/31/KMOB/KMOB20250331_181937_V06', 's3://noaa-nexrad-level2/2025/03/31/KEVX/KEVX20250331_181422_V06', 's3://noaa-nexrad-level2/2025/03/31/KEOX/KEOX20250331_181758_V06', 's3://noaa-nexrad-level2/2025/03/31/KMXX/KMXX20250331_181908_V06', 's3://noaa-nexrad-level2/2025/03/31/KBMX/KBMX20250331_181941_V06']"
117551,F,P28A,HTS UA /OV GAS270015/TM 1820/FL050/TP P28A/WX -RA/TA 07/WV 25327KT/TB NEG/RM IMC,NEG,202503311800-KMSC-UBUS01-PIREP,5000.0,38.83,-82.4809462319068,2025-03-31 18:20:00,0.0,L,"('KRLX', 'KILN', 'KJKL', 'KCLE', 'KMRX')","['s3://noaa-nexrad-level2/2025/03/31/KRLX/KRLX20250331_181511_V06', 's3://noaa-nexrad-level2/2025/03/31/KILN/KILN20250331_181920_V06', 's3://noaa-nexrad-level2/2025/03/31/KJKL/KJKL20250331_181738_V06', 's3://noaa-nexrad-level2/2025/03/31/KCLE/KCLE20250331_181858_V06', 's3://noaa-nexrad-level2/2025/03/31/KMRX/KMRX20250331_181749_V06']"
