,URGENT,AIRCRAFT,REPORT,TURBULENCE,PRODUCT_ID,FL,LAT,LON,datetime,turbulence_intensity,Plane Weight,nexrad_sites,aws_files
27018,F,B350,GRD UA /OV IRQ180050/TM 1809/FL310/TP B350/TB CONS LGT CHOP OCNL MOD CHOP 310/RM ZTLFD-24,CONS LGT CHOP OCNL MOD CHOP 310,,31000.0,32.87659916659917,-82.16,2024-02-15 18:09:00,2.0,M,"('KCLX', 'KJGX', 'KCAE', 'KGSP', 'KVAX')","['s3://noaa-nexrad-level2/2024/02/15/KCLX/KCLX20240215_180357_V06', 's3://noaa-nexrad-level2/2024/02/15/KJGX/KJGX20240215_180724_V06', 's3://noaa-nexrad-level2/2024/02/15/KCAE/KCAE20240215_180730_V06', 's3://noaa-nexrad-level2/2024/02/15/KGSP/KGSP20240215_180109_V06', 's3://noaa-nexrad-level2/2024/02/15/KVAX/KVAX20240215_180249_V06']"
27019,F,C150,GSP UA /OV GSP030010/TM 1809/FL060/TP C150/TB LIGHT TO MOD TURB/RM MOD TURB AT 040 WESTBOUND,LIGHT TO MOD TURB,,6000.0,35.05048788865205,-82.1108944066411,2024-02-15 18:09:00,3.0,L,"('KGSP', 'KCAE', 'KMRX', 'KCLX', 'KJGX')","['s3://noaa-nexrad-level2/2024/02/15/KGSP/KGSP20240215_180109_V06', 's3://noaa-nexrad-level2/2024/02/15/KCAE/KCAE20240215_180730_V06', 's3://noaa-nexrad-level2/2024/02/15/KMRX/KMRX20240215_180420_V06', 's3://noaa-nexrad-level2/2024/02/15/KCLX/KCLX20240215_180357_V06', 's3://noaa-nexrad-level2/2024/02/15/KJGX/KJGX20240215_180724_V06']"
27020,F,B350,OGB UA /OV ALD273034/TM 1809/FL310/TP B350/TB LGT-MOD CHOP 310/RM ZTLFD-20,LGT-MOD CHOP 310,,31000.0,33.03965944409379,-81.96487770435564,2024-02-15 18:09:00,2.0,M,"('KCLX', 'KCAE', 'KJGX', 'KGSP', 'KVAX')","['s3://noaa-nexrad-level2/2024/02/15/KCLX/KCLX20240215_180357_V06', 's3://noaa-nexrad-level2/2024/02/15/KCAE/KCAE20240215_180730_V06', 's3://noaa-nexrad-level2/2024/02/15/KJGX/KJGX20240215_180724_V06', 's3://noaa-nexrad-level2/2024/02/15/KGSP/KGSP20240215_180109_V06', 's3://noaa-nexrad-level2/2024/02/15/KVAX/KVAX20240215_180249_V06']"
27021,F,A321,SRQ UA /OV SRQ290230/TM 1809/FL320/TP A321/TB INTMT LGT CHOP,INTMT LGT CHOP,,32000.0,28.71257341344243,-86.6163140956185,2024-02-15 18:09:00,1.0,M,"('KEVX', 'KMOB', 'KTLH', 'KEOX', 'KLIX')","['s3://noaa-nexrad-level2/2024/02/15/KEVX/KEVX20240215_180417_V06', 's3://noaa-nexrad-level2/2024/02/15/KMOB/KMOB20240215_180817_V06', 's3://noaa-nexrad-level2/2024/02/15/KTLH/KTLH20240215_180532_V06', 's3://noaa-nexrad-level2/2024/02/15/KEOX/KEOX20240215_180717_V06']"
27022,F,B38M,DEC UA /OV AXC180010/TM 1810/FL320/TP B38M/TB CONS LGT CHOP/RM /ZKC FDC/,CONS LGT CHOP,,32000.0,39.57331983331984,-88.86,2024-02-15 18:10:00,1.0,U,"('KILX', 'KVWX', 'KLSX', 'KLOT', 'KPAH')","['s3://noaa-nexrad-level2/2024/02/15/KILX/KILX20240215_180346_V06', 's3://noaa-nexrad-level2/2024/02/15/KVWX/KVWX20240215_180948_V06', 's3://noaa-nexrad-level2/2024/02/15/KLSX/KLSX20240215_180717_V06', 's3://noaa-nexrad-level2/2024/02/15/KLOT/KLOT20240215_180707_V06']"
27023,F,B38M,DEC UA /OV AXSC180010/TM 1810/FL320/TP B38M/TB CONS LGT CHOP/RM ZKCFDC/CW,CONS LGT CHOP,,32000.0,39.83456,-88.86569,2024-02-15 18:10:00,1.0,U,"('KILX', 'KLOT', 'KVWX', 'KLSX', 'KDVN')","['s3://noaa-nexrad-level2/2024/02/15/KILX/KILX20240215_180346_V06', 's3://noaa-nexrad-level2/2024/02/15/KLOT/KLOT20240215_180707_V06', 's3://noaa-nexrad-level2/2024/02/15/KVWX/KVWX20240215_180948_V06', 's3://noaa-nexrad-level2/2024/02/15/KLSX/KLSX20240215_180717_V06', 's3://noaa-nexrad-level2/2024/02/15/KDVN/KDVN20240215_180400_V06']"
27024,F,B738,ABQ UA /OV CNX090025/TM 1811/FL370/TP B738/TB MOD CHOP/RM ZAB/FDCS,MOD CHOP,,37000.0,34.37,-105.17515898768876,2024-02-15 18:11:00,3.0,M,"('KFDX', 'KHDX', 'KABX', 'KEPZ', 'KLBB')","['s3://noaa-nexrad-level2/2024/02/15/KFDX/KFDX20240215_180524_V06', 's3://noaa-nexrad-level2/2024/02/15/KHDX/KHDX20240215_180533_V06', 's3://noaa-nexrad-level2/2024/02/15/KABX/KABX20240215_180800_V06', 's3://noaa-nexrad-level2/2024/02/15/KEPZ/KEPZ20240215_180939_V06', 's3://noaa-nexrad-level2/2024/02/15/KLBB/KLBB20240215_180505_V06']"
27025,F,E170,SYR UA /OV SYR/TM 1811/FL340/TP E170/TB CONS LGT,CONS LGT,,34000.0,43.11119,-76.10631,2024-02-15 18:11:00,1.0,U,"('KTYX', 'KBGM', 'KENX', 'KBUF', 'KCCX')","['s3://noaa-nexrad-level2/2024/02/15/KTYX/KTYX20240215_180444_V06', 's3://noaa-nexrad-level2/2024/02/15/KBGM/KBGM20240215_181004_V06', 's3://noaa-nexrad-level2/2024/02/15/KENX/KENX20240215_180635_V06', 's3://noaa-nexrad-level2/2024/02/15/KBUF/KBUF20240215_180658_V06', 's3://noaa-nexrad-level2/2024/02/15/KCCX/KCCX20240215_180902_V06']"
27026,F,CL35,BOS UA /OV BOS/TM 1811/FL280/TP CL35/TB CONS LGT CHOP 280-330,CONS LGT CHOP 280-330,,28000.0,42.36057,-71.00973,2024-02-15 18:11:00,1.0,U,"('KBOX', 'KGYX', 'KOKX', 'KCXX', 'KENX')","['s3://noaa-nexrad-level2/2024/02/15/KBOX/KBOX20240215_180522_V06', 's3://noaa-nexrad-level2/2024/02/15/KGYX/KGYX20240215_180415_V06', 's3://noaa-nexrad-level2/2024/02/15/KOKX/KOKX20240215_180329_V06', 's3://noaa-nexrad-level2/2024/02/15/KCXX/KCXX20240215_180606_V06', 's3://noaa-nexrad-level2/2024/02/15/KENX/KENX20240215_180635_V06']"
27027,F,A321,MEM UA /OV MEM315045/TM 1811/FL280/TP A321/TB CONS LGT CHOP/RM ZME,CONS LGT CHOP,,28000.0,35.59148304266982,-90.63295020423016,2024-02-15 18:11:00,1.0,M,"('KNQA', 'KLZK', 'KPAH', 'KGWX', 'KLSX')","['s3://noaa-nexrad-level2/2024/02/15/KNQA/KNQA20240215_180649_V06', 's3://noaa-nexrad-level2/2024/02/15/KLZK/KLZK20240215_180705_V06', 's3://noaa-nexrad-level2/2024/02/15/KGWX/KGWX20240215_180615_V06', 's3://noaa-nexrad-level2/2024/02/15/KLSX/KLSX20240215_180717_V06']"
27028,F,B38M,TCC UA /OV TCC300010/TM 1812/FL350/TP B38M/TB CONS LGT CHOP/RM MTN WAVE +7KTS ZAB/FDCS,CONS LGT CHOP,,35000.0,35.266120083340084,-103.7798033132852,2024-02-15 18:12:00,1.0,U,"('KFDX', 'KAMA', 'KLBB', 'KABX', 'KHDX')","['s3://noaa-nexrad-level2/2024/02/15/KFDX/KFDX20240215_180524_V06', 's3://noaa-nexrad-level2/2024/02/15/KAMA/KAMA20240215_180852_V06', 's3://noaa-nexrad-level2/2024/02/15/KLBB/KLBB20240215_180505_V06', 's3://noaa-nexrad-level2/2024/02/15/KABX/KABX20240215_180800_V06', 's3://noaa-nexrad-level2/2024/02/15/KHDX/KHDX20240215_180533_V06']"
27029,F,P28A,HTS UA /OV HNN/TM 1813/FL070/TP P28A/TB NEG,NEG,,7000.0,38.75,-82.03,2024-02-15 18:13:00,0.0,L,"('KRLX', 'KJKL', 'KILN', 'KFCX', 'KPBZ')","['s3://noaa-nexrad-level2/2024/02/15/KRLX/KRLX20240215_181224_V06', 's3://noaa-nexrad-level2/2024/02/15/KJKL/KJKL20240215_181245_V06', 's3://noaa-nexrad-level2/2024/02/15/KILN/KILN20240215_180923_V06', 's3://noaa-nexrad-level2/2024/02/15/KFCX/KFCX20240215_180823_V06', 's3://noaa-nexrad-level2/2024/02/15/KPBZ/KPBZ20240215_180942_V06']"
27030,F,C172,MRI UA /OV MRI065003/TM 1813/FL023/TP C172/TB NEG,NEG,,2300.0,61.23113262469271,-149.74589910314813,2024-02-15 18:13:00,0.0,L,"('PAHG', 'PAIH', 'PAIH', 'PAPD', 'PAKC')","['s3://noaa-nexrad-level2/2024/02/15/PAHG/PAHG20240215_181203_V06', 's3://noaa-nexrad-level2/2024/02/15/PAIH/PAIH20240215_180719_V06', 's3://noaa-nexrad-level2/2024/02/15/PAIH/PAIH20240215_180719_V06', 's3://noaa-nexrad-level2/2024/02/15/PAPD/PAPD20240215_180831_V06', 's3://noaa-nexrad-level2/2024/02/15/PAKC/PAKC20240215_181138_V06']"
27031,F,E145,CMH UA /OV APE180015/TM 1813/FL320/TP E145/SK SKC/TB NEG,NEG,,32000.0,39.89997974997975,-82.59,2024-02-15 18:13:00,0.0,M,"('KILN', 'KCLE', 'KRLX', 'KJKL', 'KPBZ')","['s3://noaa-nexrad-level2/2024/02/15/KILN/KILN20240215_180923_V06', 's3://noaa-nexrad-level2/2024/02/15/KCLE/KCLE20240215_180926_V06', 's3://noaa-nexrad-level2/2024/02/15/KRLX/KRLX20240215_181224_V06', 's3://noaa-nexrad-level2/2024/02/15/KJKL/KJKL20240215_181245_V06', 's3://noaa-nexrad-level2/2024/02/15/KPBZ/KPBZ20240215_180942_V06']"
27032,F,CRJ7,BNA UA /OV BNA225030/TM 1814/FL350/TP CRJ7/TB MOD/RM ZME,MOD,,35000.0,35.76530797155345,-87.1268822560011,2024-02-15 18:14:00,3.0,M,"('KOHX', 'KHPX', 'KHTX', 'KPAH', 'KGWX')","['s3://noaa-nexrad-level2/2024/02/15/KOHX/KOHX20240215_181009_V06', 's3://noaa-nexrad-level2/2024/02/15/KHPX/KHPX20240215_180931_V06', 's3://noaa-nexrad-level2/2024/02/15/KHTX/KHTX20240215_180918_V06', 's3://noaa-nexrad-level2/2024/02/15/KGWX/KGWX20240215_180615_V06']"
27033,F,DA40,KMYR UA /OV FIPEG/TM 1814/FL017/TP DA40/TB LGT-MOD,LGT-MOD,,1700.0,33.68,-78.93,2024-02-15 18:14:00,2.0,L,"('KLTX', 'KRAX', 'KCAE', 'KMHX', 'KCLX')","['s3://noaa-nexrad-level2/2024/02/15/KLTX/KLTX20240215_181012_V06', 's3://noaa-nexrad-level2/2024/02/15/KRAX/KRAX20240215_181203_V06', 's3://noaa-nexrad-level2/2024/02/15/KCAE/KCAE20240215_181223_V06', 's3://noaa-nexrad-level2/2024/02/15/KMHX/KMHX20240215_180843_V06', 's3://noaa-nexrad-level2/2024/02/15/KCLX/KCLX20240215_181231_V06']"
27034,F,B753,TYS UA /OV 15 SW VXV/TM 1814/FL350/TP B753/TB INTMT MOD CHOP/RM ZTLFD-40,INTMT MOD CHOP,,35000.0,35.72320898577672,-84.1082492916364,2024-02-15 18:14:00,3.0,M,"('KMRX', 'KJKL', 'KGSP', 'KHTX', 'KFFC')","['s3://noaa-nexrad-level2/2024/02/15/KMRX/KMRX20240215_181241_V06', 's3://noaa-nexrad-level2/2024/02/15/KJKL/KJKL20240215_181245_V06', 's3://noaa-nexrad-level2/2024/02/15/KGSP/KGSP20240215_180948_V06', 's3://noaa-nexrad-level2/2024/02/15/KHTX/KHTX20240215_180918_V06', 's3://noaa-nexrad-level2/2024/02/15/KFFC/KFFC20240215_180853_V06']"
27035,F,C68A,ASE UA /OV DBL137048/TM 1814/FL210/TP C68A/TB NEG/IC NEG/RM DURD INTO KASE. ZDV,NEG,,21000.0,38.8548696469374,-106.19347434502336,2024-02-15 18:14:00,0.0,U,"('KFTG', 'KGJX', 'KPUX', 'KCYS', 'KABX')","['s3://noaa-nexrad-level2/2024/02/15/KFTG/KFTG20240215_181156_V06', 's3://noaa-nexrad-level2/2024/02/15/KGJX/KGJX20240215_180558_V06', 's3://noaa-nexrad-level2/2024/02/15/KPUX/KPUX20240215_181310_V06', 's3://noaa-nexrad-level2/2024/02/15/KCYS/KCYS20240215_181052_V06', 's3://noaa-nexrad-level2/2024/02/15/KABX/KABX20240215_180800_V06']"
27036,F,PC12,LKV UA /OV LKV270035/TM 1814/FL200/TP PC12/TB MOD 240 NEG 220-200/RM ...ZSE,MOD 240 NEG 220-200,,20000.0,42.16111,-121.18609170806984,2024-02-15 18:14:00,0.0,L,"('KMAX', 'KBBX', 'KRGX', 'KBHX', 'KDAX')","['s3://noaa-nexrad-level2/2024/02/15/KMAX/KMAX20240215_180800_V06', 's3://noaa-nexrad-level2/2024/02/15/KBBX/KBBX20240215_180809_V06', 's3://noaa-nexrad-level2/2024/02/15/KRGX/KRGX20240215_181159_V06', 's3://noaa-nexrad-level2/2024/02/15/KBHX/KBHX20240215_181151_V06', 's3://noaa-nexrad-level2/2024/02/15/KDAX/KDAX20240215_181300_V06']"
27037,F,B39M,BNA UA /OV BNA180020/TM 1815/FL350/TP B39M/TB CONS LGT OCNL MOD/RM ZME,CONS LGT OCNL MOD,,35000.0,35.78552966663967,-86.68917,2024-02-15 18:15:00,2.0,U,"('KOHX', 'KHTX', 'KHPX', 'KLVX', 'KPAH')","['s3://noaa-nexrad-level2/2024/02/15/KOHX/KOHX20240215_181009_V06', 's3://noaa-nexrad-level2/2024/02/15/KHTX/KHTX20240215_180918_V06', 's3://noaa-nexrad-level2/2024/02/15/KHPX/KHPX20240215_180931_V06', 's3://noaa-nexrad-level2/2024/02/15/KLVX/KLVX20240215_181412_V06']"
27038,F,B738,GFK UA /OV GFK/TM 1815/FL370/TP B738/TB NEG,NEG,,37000.0,47.94925,-97.17611,2024-02-15 18:15:00,0.0,M,"('KMVX', 'KABR', 'KMBX', 'KBIS', 'KFSD')","['s3://noaa-nexrad-level2/2024/02/15/KMVX/KMVX20240215_181448_V06', 's3://noaa-nexrad-level2/2024/02/15/KABR/KABR20240215_180934_V06', 's3://noaa-nexrad-level2/2024/02/15/KMBX/KMBX20240215_181236_V06', 's3://noaa-nexrad-level2/2024/02/15/KBIS/KBIS20240215_180833_V06', 's3://noaa-nexrad-level2/2024/02/15/KFSD/KFSD20240215_181052_V06']"
27039,F,SR22,GPZ UA /OV GPZ/TM 1815/FL070/TP SR22/SK SKC/TB NEG/IC NEG,NEG,,7000.0,47.21111,-93.50972,2024-02-15 18:15:00,0.0,L,"('KDLH', 'KMPX', 'KMVX', 'KARX', 'KFSD')","['s3://noaa-nexrad-level2/2024/02/15/KDLH/KDLH20240215_180643_V06', 's3://noaa-nexrad-level2/2024/02/15/KMPX/KMPX20240215_181031_V06', 's3://noaa-nexrad-level2/2024/02/15/KMVX/KMVX20240215_181448_V06', 's3://noaa-nexrad-level2/2024/02/15/KARX/KARX20240215_181004_V06', 's3://noaa-nexrad-level2/2024/02/15/KFSD/KFSD20240215_181052_V06']"
27040,F,B738,MEM UA /OV MEM135045/TM 1815/FL290/TP B738/TB CONS LGT OCNL MOD/RM ZME,CONS LGT OCNL MOD,,29000.0,34.53073695733018,-89.33704979576983,2024-02-15 18:15:00,2.0,M,"('KNQA', 'KGWX', 'KDGX', 'KPAH', 'KBMX')","['s3://noaa-nexrad-level2/2024/02/15/KNQA/KNQA20240215_180649_V06', 's3://noaa-nexrad-level2/2024/02/15/KGWX/KGWX20240215_180615_V06', 's3://noaa-nexrad-level2/2024/02/15/KDGX/KDGX20240215_181419_V06', 's3://noaa-nexrad-level2/2024/02/15/KBMX/KBMX20240215_180906_V06']"
27041,F,B738,PIE UA /OV PIE270045/TM 1815/FL350/TP B738/TB LGT CHOP,LGT CHOP,,35000.0,27.91,-83.53620847489395,2024-02-15 18:15:00,1.0,M,"('KTBW', 'KTLH', 'KMLB', 'KVAX', 'KJAX')","['s3://noaa-nexrad-level2/2024/02/15/KTBW/KTBW20240215_180704_V06', 's3://noaa-nexrad-level2/2024/02/15/KTLH/KTLH20240215_181351_V06', 's3://noaa-nexrad-level2/2024/02/15/KMLB/KMLB20240215_181047_V06', 's3://noaa-nexrad-level2/2024/02/15/KVAX/KVAX20240215_180943_V06', 's3://noaa-nexrad-level2/2024/02/15/KJAX/KJAX20240215_181233_V06']"
27042,F,B38M,DIK UA /OV DIK/TM 1816/FL330/TP B38M/TB OCNL LGT CHOP,OCNL LGT CHOP,,33000.0,46.79733,-102.80186,2024-02-15 18:16:00,1.0,U,"('KBIS', 'KMBX', 'KUDX', 'KGGW', 'KABR')","['s3://noaa-nexrad-level2/2024/02/15/KBIS/KBIS20240215_181514_V06', 's3://noaa-nexrad-level2/2024/02/15/KMBX/KMBX20240215_181236_V06', 's3://noaa-nexrad-level2/2024/02/15/KUDX/KUDX20240215_181501_V06', 's3://noaa-nexrad-level2/2024/02/15/KGGW/KGGW20240215_181149_V06', 's3://noaa-nexrad-level2/2024/02/15/KABR/KABR20240215_180934_V06']"
27043,F,B739,DMN UA /OV DMN/TM 1816/FL330/TP B739/TB MOD/RM ZAB/FDCS,MOD,,33000.0,32.26231,-107.72064,2024-02-15 18:16:00,3.0,M,"('KEPZ', 'KHDX', 'KEMX', 'KABX', 'KIWA')","['s3://noaa-nexrad-level2/2024/02/15/KEPZ/KEPZ20240215_180939_V06', 's3://noaa-nexrad-level2/2024/02/15/KHDX/KHDX20240215_181238_V06', 's3://noaa-nexrad-level2/2024/02/15/KEMX/KEMX20240215_181500_V06', 's3://noaa-nexrad-level2/2024/02/15/KABX/KABX20240215_181506_V06', 's3://noaa-nexrad-level2/2024/02/15/KIWA/KIWA20240215_181158_V06']"
27044,F,F2TH,LEX UA /OV HYK/TM 1816/FL410/TP F2TH/TB NEG,NEG,,41000.0,37.97,-84.47,2024-02-15 18:16:00,0.0,M,"('KJKL', 'KLVX', 'KILN', 'KMRX', 'KIND')","['s3://noaa-nexrad-level2/2024/02/15/KJKL/KJKL20240215_181245_V06', 's3://noaa-nexrad-level2/2024/02/15/KLVX/KLVX20240215_181412_V06', 's3://noaa-nexrad-level2/2024/02/15/KILN/KILN20240215_181400_V06', 's3://noaa-nexrad-level2/2024/02/15/KMRX/KMRX20240215_181241_V06', 's3://noaa-nexrad-level2/2024/02/15/KIND/KIND20240215_181559_V06']"
27045,F,A320,MDQ UA /OV RQZ040040/TM 1816/FL290/TP A320/TB NEG/RM ZTLFD-06,NEG,,29000.0,35.31073766185394,-86.10809755045356,2024-02-15 18:16:00,0.0,M,"('KHTX', 'KOHX', 'KHPX', 'KBMX', 'KFFC')","['s3://noaa-nexrad-level2/2024/02/15/KHTX/KHTX20240215_180918_V06', 's3://noaa-nexrad-level2/2024/02/15/KOHX/KOHX20240215_181009_V06', 's3://noaa-nexrad-level2/2024/02/15/KHPX/KHPX20240215_180931_V06', 's3://noaa-nexrad-level2/2024/02/15/KBMX/KBMX20240215_180906_V06', 's3://noaa-nexrad-level2/2024/02/15/KFFC/KFFC20240215_181538_V06']"
27046,F,B38M,RSW UA /OV RSW295140/TM 1816/FL350/TP B38M/TB NEG,NEG,,35000.0,27.52424915232632,-84.12069175004545,2024-02-15 18:16:00,0.0,U,"('KTBW', 'KTLH', 'KMLB', 'KEVX', 'KVAX')","['s3://noaa-nexrad-level2/2024/02/15/KTBW/KTBW20240215_181548_V06', 's3://noaa-nexrad-level2/2024/02/15/KTLH/KTLH20240215_181351_V06', 's3://noaa-nexrad-level2/2024/02/15/KMLB/KMLB20240215_181047_V06', 's3://noaa-nexrad-level2/2024/02/15/KEVX/KEVX20240215_181109_V06', 's3://noaa-nexrad-level2/2024/02/15/KVAX/KVAX20240215_180943_V06']"
27047,F,P28A,FFT UA /OV KLOU090020 /TM 1817 /FL035 /TP P28A /SK SCT060 /TB MOD,MOD,,3500.0,38.228,-85.2393569596017,2024-02-15 18:17:00,3.0,L,"('KLVX', 'KIND', 'KILN', 'KJKL', 'KOHX')","['s3://noaa-nexrad-level2/2024/02/15/KLVX/KLVX20240215_181412_V06', 's3://noaa-nexrad-level2/2024/02/15/KIND/KIND20240215_181559_V06', 's3://noaa-nexrad-level2/2024/02/15/KILN/KILN20240215_181400_V06', 's3://noaa-nexrad-level2/2024/02/15/KJKL/KJKL20240215_181245_V06', 's3://noaa-nexrad-level2/2024/02/15/KOHX/KOHX20240215_181009_V06']"
27048,F,A321,CID UA /OV CID/TM 1817/FL320/TP A321/TB LGT-MOD CHOP,LGT-MOD CHOP,,32000.0,41.882899,-91.724588,2024-02-15 18:17:00,2.0,M,"('KDVN', 'KDMX', 'KARX', 'KILX', 'KLSX')","['s3://noaa-nexrad-level2/2024/02/15/KDVN/KDVN20240215_181055_V06', 's3://noaa-nexrad-level2/2024/02/15/KDMX/KDMX20240215_181436_V06', 's3://noaa-nexrad-level2/2024/02/15/KARX/KARX20240215_181650_V06', 's3://noaa-nexrad-level2/2024/02/15/KILX/KILX20240215_181046_V06', 's3://noaa-nexrad-level2/2024/02/15/KLSX/KLSX20240215_181402_V06']"
27049,F,H25C,SRQ UA /OV SRQ260035/TM 1817/FL240/TP H25C/TB LGT CHOP,LGT CHOP,,24000.0,27.30008702480969,-83.2057320887141,2024-02-15 18:17:00,1.0,M,"('KTBW', 'KMLB', 'KBYX', 'KAMX', 'KAMX')","['s3://noaa-nexrad-level2/2024/02/15/KTBW/KTBW20240215_181548_V06', 's3://noaa-nexrad-level2/2024/02/15/KMLB/KMLB20240215_181047_V06', 's3://noaa-nexrad-level2/2024/02/15/KBYX/KBYX20240215_181307_V06']"
27050,F,B739,ELP UA /OV EWM/TM 1818/FL270/TP B739/TB MOD/RM -100FT ZAB/FDCS,MOD,,27000.0,31.95,-106.27,2024-02-15 18:18:00,3.0,M,"('KEPZ', 'KHDX', 'KABX', 'KFDX', 'KMAF')","['s3://noaa-nexrad-level2/2024/02/15/KEPZ/KEPZ20240215_181645_V06', 's3://noaa-nexrad-level2/2024/02/15/KHDX/KHDX20240215_181238_V06', 's3://noaa-nexrad-level2/2024/02/15/KABX/KABX20240215_181506_V06', 's3://noaa-nexrad-level2/2024/02/15/KFDX/KFDX20240215_181214_V06', 's3://noaa-nexrad-level2/2024/02/15/KMAF/KMAF20240215_181606_V06']"
27051,F,GLF5,SDF UA /OV SDF110020/TM 1818/FL150/TP GLF5/TB NEG BLO 150/IC NEG 000-150,NEG BLO 150,,15000.0,38.060374051005006,-85.33752270210722,2024-02-15 18:18:00,0.0,M,"('KLVX', 'KIND', 'KILN', 'KJKL', 'KOHX')","['s3://noaa-nexrad-level2/2024/02/15/KLVX/KLVX20240215_181412_V06', 's3://noaa-nexrad-level2/2024/02/15/KIND/KIND20240215_181559_V06', 's3://noaa-nexrad-level2/2024/02/15/KILN/KILN20240215_181400_V06', 's3://noaa-nexrad-level2/2024/02/15/KJKL/KJKL20240215_181245_V06', 's3://noaa-nexrad-level2/2024/02/15/KOHX/KOHX20240215_181700_V06']"
27052,F,B38M,GAG UA /OV MMB090015/TM 1818/FL380/TP B38M/TB CONS LGT CHOP ONCL MOD 320-350/RM /ZKC FDC/,CONS LGT CHOP ONCL MOD 320-350,,38000.0,36.34,-99.56961432442294,2024-02-15 18:18:00,2.0,U,"('KDDC', 'KVNX', 'KFDR', 'KOUN', 'KAMA')","['s3://noaa-nexrad-level2/2024/02/15/KDDC/KDDC20240215_181158_V06', 's3://noaa-nexrad-level2/2024/02/15/KVNX/KVNX20240215_180932_V06', 's3://noaa-nexrad-level2/2024/02/15/KFDR/KFDR20240215_181739_V06', 's3://noaa-nexrad-level2/2024/02/15/KAMA/KAMA20240215_181533_V06']"
27053,F,B38M,RSW UA /OV RSW150013/TM 1818/FL190/TP B38M/TB NEG,NEG,,19000.0,26.350405963752337,-81.63562835160165,2024-02-15 18:18:00,0.0,U,"('KAMX', 'KAMX', 'KTBW', 'KBYX', 'KMLB')","['s3://noaa-nexrad-level2/2024/02/15/KTBW/KTBW20240215_181548_V06', 's3://noaa-nexrad-level2/2024/02/15/KBYX/KBYX20240215_181307_V06', 's3://noaa-nexrad-level2/2024/02/15/KMLB/KMLB20240215_181748_V06']"
27054,F,CRJ7,ASE UA /OV ASE30005/TM 1819/FL120/TP CRJ7/TB CONS LGT OCNL MOD/IC NEG/RM DURC,CONS LGT OCNL MOD,,12000.0,39.22317,-106.86886,2024-02-15 18:19:00,2.0,M,"('KGJX', 'KFTG', 'KPUX', 'KCYS', 'KABX')","['s3://noaa-nexrad-level2/2024/02/15/KGJX/KGJX20240215_181759_V06', 's3://noaa-nexrad-level2/2024/02/15/KFTG/KFTG20240215_181857_V06', 's3://noaa-nexrad-level2/2024/02/15/KPUX/KPUX20240215_181310_V06', 's3://noaa-nexrad-level2/2024/02/15/KCYS/KCYS20240215_181758_V06', 's3://noaa-nexrad-level2/2024/02/15/KABX/KABX20240215_181506_V06']"
27055,F,C560,BHM UA /OV VUZ150040/TM 1819/FL330/TP C560/TB LGT CHOP 330/RM ZTLFD-03,LGT CHOP 330,,33000.0,33.092602965391805,-86.49944424532455,2024-02-15 18:19:00,1.0,M,"('KBMX', 'KMXX', 'KHTX', 'KEOX', 'KFFC')","['s3://noaa-nexrad-level2/2024/02/15/KBMX/KBMX20240215_181728_V06', 's3://noaa-nexrad-level2/2024/02/15/KMXX/KMXX20240215_181243_V06', 's3://noaa-nexrad-level2/2024/02/15/KHTX/KHTX20240215_181618_V06', 's3://noaa-nexrad-level2/2024/02/15/KEOX/KEOX20240215_181412_V06', 's3://noaa-nexrad-level2/2024/02/15/KFFC/KFFC20240215_181538_V06']"
27056,F,CRJ7,MDQ UA /OV RQZ/TM 1819/FL313/TP CRJ7/TB MOD CHOP/RM ZTLFD-06,MOD CHOP,,31300.0,34.8,-86.63,2024-02-15 18:19:00,3.0,M,"('KHTX', 'KOHX', 'KBMX', 'KGWX', 'KHPX')","['s3://noaa-nexrad-level2/2024/02/15/KHTX/KHTX20240215_181618_V06', 's3://noaa-nexrad-level2/2024/02/15/KOHX/KOHX20240215_181700_V06', 's3://noaa-nexrad-level2/2024/02/15/KBMX/KBMX20240215_181728_V06', 's3://noaa-nexrad-level2/2024/02/15/KGWX/KGWX20240215_181559_V06', 's3://noaa-nexrad-level2/2024/02/15/KHPX/KHPX20240215_181642_V06']"
27057,F,B739,YKM UA /OV YKM280005/TM 1819/FL280/TP B739/TB LGT CHOP 280-235 MOD CHOP 250/RM DURD CHINS5...ZSE,LGT CHOP 280-235 MOD CHOP 250,,28000.0,46.582641853598616,-120.66344186079488,2024-02-15 18:19:00,2.0,M,"('KPDT', 'KATX', 'KRTX', 'KOTX', 'KLGX')","['s3://noaa-nexrad-level2/2024/02/15/KPDT/KPDT20240215_181600_V06', 's3://noaa-nexrad-level2/2024/02/15/KATX/KATX20240215_181713_V06', 's3://noaa-nexrad-level2/2024/02/15/KRTX/KRTX20240215_181850_V06', 's3://noaa-nexrad-level2/2024/02/15/KOTX/KOTX20240215_181727_V06', 's3://noaa-nexrad-level2/2024/02/15/KLGX/KLGX20240215_181604_V06']"
27058,F,E170,GAG UA /OV MMB160035/TM 1819/FL340/TP E170/TB MOD CHOP/RM /ZKC FDC/,MOD CHOP,,34000.0,35.79180157068749,-99.63229764242344,2024-02-15 18:19:00,3.0,U,"('KFDR', 'KVNX', 'KDDC', 'KAMA', 'KOUN')","['s3://noaa-nexrad-level2/2024/02/15/KFDR/KFDR20240215_181739_V06', 's3://noaa-nexrad-level2/2024/02/15/KVNX/KVNX20240215_180932_V06', 's3://noaa-nexrad-level2/2024/02/15/KDDC/KDDC20240215_181158_V06', 's3://noaa-nexrad-level2/2024/02/15/KAMA/KAMA20240215_181533_V06']"
27059,F,A321,DBN UA /OV DBN/TM 1820/FL260/TP A321/TB NEG 260-280/RM DURD ZTLFD-24,NEG 260-280,,26000.0,32.5644167,-82.9852778,2024-02-15 18:20:00,0.0,M,"('KJGX', 'KVAX', 'KFFC', 'KCLX', 'KCAE')","['s3://noaa-nexrad-level2/2024/02/15/KJGX/KJGX20240215_181425_V06', 's3://noaa-nexrad-level2/2024/02/15/KVAX/KVAX20240215_181641_V06', 's3://noaa-nexrad-level2/2024/02/15/KFFC/KFFC20240215_181538_V06', 's3://noaa-nexrad-level2/2024/02/15/KCLX/KCLX20240215_181231_V06', 's3://noaa-nexrad-level2/2024/02/15/KCAE/KCAE20240215_181944_V06']"
27060,F,F900,ONM UA /OV ONM085020/TM 1820/FL400/TP F900/TB CONS LGT CHOP/RM LGT MTN WAVE +-10KTS ZAB/FDCS,CONS LGT CHOP,,40000.0,34.05152646745663,-106.50245778268496,2024-02-15 18:20:00,1.0,M,"('KHDX', 'KABX', 'KEPZ', 'KFDX', 'KEMX')","['s3://noaa-nexrad-level2/2024/02/15/KHDX/KHDX20240215_181936_V06', 's3://noaa-nexrad-level2/2024/02/15/KABX/KABX20240215_181506_V06', 's3://noaa-nexrad-level2/2024/02/15/KEPZ/KEPZ20240215_181645_V06', 's3://noaa-nexrad-level2/2024/02/15/KFDX/KFDX20240215_181908_V06', 's3://noaa-nexrad-level2/2024/02/15/KEMX/KEMX20240215_181500_V06']"
27061,T,P28A,LEX UUA /OV 30NW/TM 1820/FL045/TP P28A/TB SEV TURB 045-040/RM NO INJURIES OR DAMAGE,SEV TURB 045-040,,4500.0,38.0408,-84.6058,2024-02-15 18:20:00,5.0,L,"('KLVX', 'KJKL', 'KILN', 'KMRX', 'KIND')","['s3://noaa-nexrad-level2/2024/02/15/KLVX/KLVX20240215_181412_V06', 's3://noaa-nexrad-level2/2024/02/15/KJKL/KJKL20240215_181946_V06', 's3://noaa-nexrad-level2/2024/02/15/KILN/KILN20240215_181838_V06', 's3://noaa-nexrad-level2/2024/02/15/KMRX/KMRX20240215_181241_V06', 's3://noaa-nexrad-level2/2024/02/15/KIND/KIND20240215_181559_V06']"
27062,F,B738,DMN UA /OV DMN/TM 1821/FL340/TP B738/TB MOD/RM ZAB/FDCS,MOD,,34000.0,32.26231,-107.72064,2024-02-15 18:21:00,3.0,M,"('KEPZ', 'KHDX', 'KEMX', 'KABX', 'KIWA')","['s3://noaa-nexrad-level2/2024/02/15/KEPZ/KEPZ20240215_181645_V06', 's3://noaa-nexrad-level2/2024/02/15/KHDX/KHDX20240215_181936_V06', 's3://noaa-nexrad-level2/2024/02/15/KEMX/KEMX20240215_181500_V06', 's3://noaa-nexrad-level2/2024/02/15/KABX/KABX20240215_181506_V06', 's3://noaa-nexrad-level2/2024/02/15/KIWA/KIWA20240215_182027_V06']"
27063,F,B38M,MDQ UA /OV RQZ360020/TM 1821/FL310/TP B38M/TB NEG/RM ZTLFD-06,NEG,,31000.0,35.13336033336033,-86.63,2024-02-15 18:21:00,0.0,U,"('KHTX', 'KOHX', 'KHPX', 'KBMX', 'KGWX')","['s3://noaa-nexrad-level2/2024/02/15/KHTX/KHTX20240215_181618_V06', 's3://noaa-nexrad-level2/2024/02/15/KOHX/KOHX20240215_181700_V06', 's3://noaa-nexrad-level2/2024/02/15/KHPX/KHPX20240215_181642_V06', 's3://noaa-nexrad-level2/2024/02/15/KBMX/KBMX20240215_181728_V06', 's3://noaa-nexrad-level2/2024/02/15/KGWX/KGWX20240215_181559_V06']"
27064,F,A321,DBN UA /OV DBN120030/TM 1822/FL330/TP A321/TB INTMT LGT CHOP 330/RM ZTLFD-24,INTMT LGT CHOP 330,,33000.0,32.31439644997975,-82.47144944204574,2024-02-15 18:22:00,1.0,M,"('KJGX', 'KCLX', 'KVAX', 'KJAX', 'KCAE')","['s3://noaa-nexrad-level2/2024/02/15/KJGX/KJGX20240215_182125_V06', 's3://noaa-nexrad-level2/2024/02/15/KCLX/KCLX20240215_182052_V06', 's3://noaa-nexrad-level2/2024/02/15/KVAX/KVAX20240215_181641_V06', 's3://noaa-nexrad-level2/2024/02/15/KJAX/KJAX20240215_181915_V06', 's3://noaa-nexrad-level2/2024/02/15/KCAE/KCAE20240215_181944_V06']"
27065,F,B738,ATL UA /OV ATL/TM 1823/FL310/TP B738/TB OCNL LGT CHOP 370/RM ZTLFD-24,OCNL LGT CHOP 370,,31000.0,33.6301,-84.4418,2024-02-15 18:23:00,1.0,M,"('KFFC', 'KJGX', 'KMXX', 'KHTX', 'KBMX')","['s3://noaa-nexrad-level2/2024/02/15/KFFC/KFFC20240215_182238_V06', 's3://noaa-nexrad-level2/2024/02/15/KJGX/KJGX20240215_182125_V06', 's3://noaa-nexrad-level2/2024/02/15/KMXX/KMXX20240215_182104_V06', 's3://noaa-nexrad-level2/2024/02/15/KHTX/KHTX20240215_181618_V06', 's3://noaa-nexrad-level2/2024/02/15/KBMX/KBMX20240215_181728_V06']"
27066,F,E75,GTF UA /OV GTF210018/TM 1824/FL080/TP E75/TB LGT CHOP/RM DURD,LGT CHOP,,8000.0,47.21347133442632,-111.60413322853736,2024-02-15 18:24:00,1.0,U,"('KTFX', 'KMSX', 'KBLX', 'KSFX', 'KGGW')","['s3://noaa-nexrad-level2/2024/02/15/KTFX/KTFX20240215_182341_V06', 's3://noaa-nexrad-level2/2024/02/15/KMSX/KMSX20240215_182317_V06', 's3://noaa-nexrad-level2/2024/02/15/KBLX/KBLX20240215_181706_V06', 's3://noaa-nexrad-level2/2024/02/15/KSFX/KSFX20240215_182036_V06', 's3://noaa-nexrad-level2/2024/02/15/KGGW/KGGW20240215_181852_V06']"
27067,F,GLF5,ASE UA /OV 8 NW HAREI/TM 1824/FL170/TP GLF5/SK TOPS 170/TB MOD CHOP,MOD CHOP,,17000.0,39.22317,-106.86886,2024-02-15 18:24:00,3.0,M,"('KGJX', 'KFTG', 'KPUX', 'KCYS', 'KABX')","['s3://noaa-nexrad-level2/2024/02/15/KGJX/KGJX20240215_181759_V06', 's3://noaa-nexrad-level2/2024/02/15/KFTG/KFTG20240215_181857_V06', 's3://noaa-nexrad-level2/2024/02/15/KPUX/KPUX20240215_182014_V06', 's3://noaa-nexrad-level2/2024/02/15/KCYS/KCYS20240215_181758_V06', 's3://noaa-nexrad-level2/2024/02/15/KABX/KABX20240215_182212_V06']"
27068,F,040,ORD UA /OV MDW270030/TM 1824/FL1821/TP 040/SK E545/WX VMC TOPS053/TB LGT CHOP,LGT CHOP,,18200.0,41.78597,-88.42303992733306,2024-02-15 18:24:00,1.0,U,"('KLOT', 'KMKX', 'KILX', 'KDVN', 'KGRB')","['s3://noaa-nexrad-level2/2024/02/15/KLOT/KLOT20240215_182110_V06', 's3://noaa-nexrad-level2/2024/02/15/KMKX/KMKX20240215_181750_V06', 's3://noaa-nexrad-level2/2024/02/15/KILX/KILX20240215_181733_V06', 's3://noaa-nexrad-level2/2024/02/15/KDVN/KDVN20240215_181747_V06', 's3://noaa-nexrad-level2/2024/02/15/KGRB/KGRB20240215_181943_V06']"
27069,F,A319,JAN UA /OV MHZ045030/TM 1826/FL280/TP A319/TB MOD CHOP/RM ZME,MOD CHOP,,28000.0,32.78358202844655,-89.68108740025063,2024-02-15 18:26:00,3.0,M,"('KDGX', 'KGWX', 'KHDC', 'KLIX', 'KMOB')","['s3://noaa-nexrad-level2/2024/02/15/KDGX/KDGX20240215_182254_V06', 's3://noaa-nexrad-level2/2024/02/15/KGWX/KGWX20240215_182544_V06', 's3://noaa-nexrad-level2/2024/02/15/KMOB/KMOB20240215_182151_V06']"
27070,F,B739,PSK UA /OV PSK/TM 1826/FL340/TP B739/TB NEG CHOP 340/RM ZTLFD-43,NEG CHOP 340,,34000.0,37.13735,-80.67848,2024-02-15 18:26:00,0.0,M,"('KFCX', 'KRLX', 'KRAX', 'KJKL', 'KGSP')","['s3://noaa-nexrad-level2/2024/02/15/KFCX/KFCX20240215_182447_V06', 's3://noaa-nexrad-level2/2024/02/15/KRLX/KRLX20240215_182541_V06', 's3://noaa-nexrad-level2/2024/02/15/KRAX/KRAX20240215_182041_V06', 's3://noaa-nexrad-level2/2024/02/15/KJKL/KJKL20240215_181946_V06', 's3://noaa-nexrad-level2/2024/02/15/KGSP/KGSP20240215_181826_V06']"
27071,F,B737,TCL UA /OV LDK200010/TM 1826/FL250/TP B737/TB NEG 250/RM ZTLFD-03,NEG 250,,25000.0,33.10337187733928,-87.6081758260231,2024-02-15 18:26:00,0.0,M,"('KBMX', 'KGWX', 'KMXX', 'KHTX', 'KMOB')","['s3://noaa-nexrad-level2/2024/02/15/KBMX/KBMX20240215_182554_V06', 's3://noaa-nexrad-level2/2024/02/15/KGWX/KGWX20240215_182544_V06', 's3://noaa-nexrad-level2/2024/02/15/KMXX/KMXX20240215_182104_V06', 's3://noaa-nexrad-level2/2024/02/15/KHTX/KHTX20240215_182319_V06', 's3://noaa-nexrad-level2/2024/02/15/KMOB/KMOB20240215_182151_V06']"
27072,F,GLF5,PEQ UA /OV PEQ/TM 1827/FL430/TP GLF5/TB MOD/RM ZAB/FDCS,MOD,,43000.0,31.38,-103.51,2024-02-15 18:27:00,3.0,M,"('KMAF', 'KLBB', 'KSJT', 'KHDX', 'KEPZ')","['s3://noaa-nexrad-level2/2024/02/15/KMAF/KMAF20240215_182253_V06', 's3://noaa-nexrad-level2/2024/02/15/KLBB/KLBB20240215_182600_V06', 's3://noaa-nexrad-level2/2024/02/15/KSJT/KSJT20240215_182109_V06', 's3://noaa-nexrad-level2/2024/02/15/KHDX/KHDX20240215_182641_V06', 's3://noaa-nexrad-level2/2024/02/15/KEPZ/KEPZ20240215_182352_V06']"
27073,F,B712,VJI UA /OV GZG105030/TM 1827/FL260/TP B712/TB NEG CHOP 000-260/RM ZTLFD-43,NEG CHOP 000-260,,26000.0,36.70057999526693,-81.47656246285985,2024-02-15 18:27:00,0.0,M,"('KFCX', 'KRLX', 'KGSP', 'KMRX', 'KJKL')","['s3://noaa-nexrad-level2/2024/02/15/KFCX/KFCX20240215_182447_V06', 's3://noaa-nexrad-level2/2024/02/15/KRLX/KRLX20240215_182541_V06', 's3://noaa-nexrad-level2/2024/02/15/KGSP/KGSP20240215_182656_V06', 's3://noaa-nexrad-level2/2024/02/15/KMRX/KMRX20240215_182108_V06', 's3://noaa-nexrad-level2/2024/02/15/KJKL/KJKL20240215_182646_V06']"
27074,F,A320,HKY UA /OV BZM360015/TM 1828/FL340/TP A320/TB NEG CHOP 340/RM ZTLFD-43,NEG CHOP 340,,34000.0,36.12002025002025,-81.24,2024-02-15 18:28:00,0.0,M,"('KFCX', 'KGSP', 'KMRX', 'KCAE', 'KRLX')","['s3://noaa-nexrad-level2/2024/02/15/KFCX/KFCX20240215_182447_V06', 's3://noaa-nexrad-level2/2024/02/15/KGSP/KGSP20240215_182656_V06', 's3://noaa-nexrad-level2/2024/02/15/KMRX/KMRX20240215_182108_V06', 's3://noaa-nexrad-level2/2024/02/15/KCAE/KCAE20240215_182646_V06', 's3://noaa-nexrad-level2/2024/02/15/KRLX/KRLX20240215_182541_V06']"
27075,F,C68A,MDQ UA /OV RQZ150010/TM 1828/FL330/TP C68A/TB LGT-CHOP/RM ZTLFD-06,LGT-CHOP,,33000.0,34.65565074134795,-86.52850799049297,2024-02-15 18:28:00,1.0,U,"('KHTX', 'KBMX', 'KOHX', 'KGWX', 'KHPX')","['s3://noaa-nexrad-level2/2024/02/15/KHTX/KHTX20240215_182319_V06', 's3://noaa-nexrad-level2/2024/02/15/KBMX/KBMX20240215_182554_V06', 's3://noaa-nexrad-level2/2024/02/15/KOHX/KOHX20240215_182355_V06', 's3://noaa-nexrad-level2/2024/02/15/KGWX/KGWX20240215_182544_V06', 's3://noaa-nexrad-level2/2024/02/15/KHPX/KHPX20240215_182341_V06']"
27076,F,C750,GFL UA /OV GFL/TM 1829/FL320/TP C750/TB MOD,MOD,,32000.0,43.34122,-73.61031,2024-02-15 18:29:00,3.0,M,"('KENX', 'KCXX', 'KTYX', 'KOKX', 'KBGM')","['s3://noaa-nexrad-level2/2024/02/15/KENX/KENX20240215_182741_V06', 's3://noaa-nexrad-level2/2024/02/15/KCXX/KCXX20240215_182630_V06', 's3://noaa-nexrad-level2/2024/02/15/KTYX/KTYX20240215_182540_V06', 's3://noaa-nexrad-level2/2024/02/15/KOKX/KOKX20240215_182836_V06', 's3://noaa-nexrad-level2/2024/02/15/KBGM/KBGM20240215_182421_V06']"
27077,F,C208,AZO UA /OV AZO045008 /TM 1829 /FL030 /TP C208 /SK OVC024-TOP040 /TA M05 /WV 29040KT /TB LGT /IC LGT RIME /RM DURD,LGT,,3000.0,42.32900854091909,-85.42459144452508,2024-02-15 18:29:00,1.0,L,"('KGRR', 'KIWX', 'KDTX', 'KAPX', 'KLOT')","['s3://noaa-nexrad-level2/2024/02/15/KGRR/KGRR20240215_182726_V06', 's3://noaa-nexrad-level2/2024/02/15/KIWX/KIWX20240215_182252_V06', 's3://noaa-nexrad-level2/2024/02/15/KDTX/KDTX20240215_182748_V06', 's3://noaa-nexrad-level2/2024/02/15/KAPX/KAPX20240215_182551_V06', 's3://noaa-nexrad-level2/2024/02/15/KLOT/KLOT20240215_182756_V06']"
27078,T,C172,PAQ UUA /OV PAQ /TM 1830 /FL005 /TP C172 /TB MOD /RM DURD RWY 34 LLWS +/-10KT (AKFSS),MOD,,500.0,61.59,-149.08,2024-02-15 18:30:00,3.0,L,"('PAHG', 'PAIH', 'PAIH', 'PAPD', 'PAKC')","['s3://noaa-nexrad-level2/2024/02/15/PAHG/PAHG20240215_182605_V06', 's3://noaa-nexrad-level2/2024/02/15/PAIH/PAIH20240215_182638_V06', 's3://noaa-nexrad-level2/2024/02/15/PAIH/PAIH20240215_182638_V06', 's3://noaa-nexrad-level2/2024/02/15/PAPD/PAPD20240215_182938_V06', 's3://noaa-nexrad-level2/2024/02/15/PAKC/PAKC20240215_182528_V06']"
27079,F,C172,SCK UA /OV SAC145025/TM 1830/FL060/TP C172/TA 00/TB LGT CHOP/IC LGT RIME,LGT CHOP,,6000.0,38.16555900180378,-121.18956945062472,2024-02-15 18:30:00,1.0,L,"('KDAX', 'KMUX', 'KBBX', 'KRGX', 'KHNX')","['s3://noaa-nexrad-level2/2024/02/15/KDAX/KDAX20240215_182647_V06', 's3://noaa-nexrad-level2/2024/02/15/KMUX/KMUX20240215_182833_V06', 's3://noaa-nexrad-level2/2024/02/15/KBBX/KBBX20240215_182751_V06', 's3://noaa-nexrad-level2/2024/02/15/KRGX/KRGX20240215_182922_V06', 's3://noaa-nexrad-level2/2024/02/15/KHNX/KHNX20240215_182919_V06']"
27080,T,C172,PAQ UUA /OV PAQ /TM 1830 /FL005 /TP C172 /TB MOD /RM DURD RWY 34  LLWS +/-10KT (AKFSS,MOD,,500.0,61.59,-149.08,2024-02-15 18:30:00,3.0,L,"('PAHG', 'PAIH', 'PAIH', 'PAPD', 'PAKC')","['s3://noaa-nexrad-level2/2024/02/15/PAHG/PAHG20240215_182605_V06', 's3://noaa-nexrad-level2/2024/02/15/PAIH/PAIH20240215_182638_V06', 's3://noaa-nexrad-level2/2024/02/15/PAIH/PAIH20240215_182638_V06', 's3://noaa-nexrad-level2/2024/02/15/PAPD/PAPD20240215_182938_V06', 's3://noaa-nexrad-level2/2024/02/15/PAKC/PAKC20240215_182528_V06']"
27081,F,B712,ABY UA /OV ABY/TM 1830/FL200/TP B712/TB LGT-MOD,LGT-MOD,,20000.0,31.53552,-84.19447,2024-02-15 18:30:00,2.0,M,"('KTLH', 'KEOX', 'KVAX', 'KJGX', 'KFFC')","['s3://noaa-nexrad-level2/2024/02/15/KTLH/KTLH20240215_182222_V06', 's3://noaa-nexrad-level2/2024/02/15/KEOX/KEOX20240215_182803_V06', 's3://noaa-nexrad-level2/2024/02/15/KVAX/KVAX20240215_182346_V06', 's3://noaa-nexrad-level2/2024/02/15/KJGX/KJGX20240215_182826_V06', 's3://noaa-nexrad-level2/2024/02/15/KFFC/KFFC20240215_182938_V06']"
27082,F,ALL,JOT UA /OV JOT/TM 1830/FL350/TP ALL/TB LGT CHOP 350,LGT CHOP 350,,35000.0,41.51769,-88.17561,2024-02-15 18:30:00,1.0,L,"('KLOT', 'KMKX', 'KILX', 'KDVN', 'KIWX')","['s3://noaa-nexrad-level2/2024/02/15/KLOT/KLOT20240215_182756_V06', 's3://noaa-nexrad-level2/2024/02/15/KMKX/KMKX20240215_182440_V06', 's3://noaa-nexrad-level2/2024/02/15/KILX/KILX20240215_182424_V06', 's3://noaa-nexrad-level2/2024/02/15/KDVN/KDVN20240215_182434_V06', 's3://noaa-nexrad-level2/2024/02/15/KIWX/KIWX20240215_182950_V06']"
27083,F,B738,IRK UA /OV IRK050050/TM 1831/FL370/TP B738/TB OCNL-CONS LGT,OCNL-CONS LGT,,37000.0,40.63291972961249,-91.7087396827854,2024-02-15 18:31:00,1.0,M,"('KDVN', 'KLSX', 'KDMX', 'KILX', 'KEAX')","['s3://noaa-nexrad-level2/2024/02/15/KDVN/KDVN20240215_182434_V06', 's3://noaa-nexrad-level2/2024/02/15/KLSX/KLSX20240215_182759_V06', 's3://noaa-nexrad-level2/2024/02/15/KDMX/KDMX20240215_182809_V06', 's3://noaa-nexrad-level2/2024/02/15/KILX/KILX20240215_182424_V06', 's3://noaa-nexrad-level2/2024/02/15/KEAX/KEAX20240215_183051_V06']"
27084,F,B737,ABQ UA /OV CNX030015/TM 1831/FL390/TP B737/TB CONS LGT-MOD CHOP/RM ZAB/FDCS,CONS LGT-MOD CHOP,,39000.0,34.58652388797807,-105.52854769630665,2024-02-15 18:31:00,2.0,M,"('KABX', 'KHDX', 'KFDX', 'KEPZ', 'KLBB')","['s3://noaa-nexrad-level2/2024/02/15/KABX/KABX20240215_182918_V06', 's3://noaa-nexrad-level2/2024/02/15/KHDX/KHDX20240215_182641_V06', 's3://noaa-nexrad-level2/2024/02/15/KFDX/KFDX20240215_182558_V06', 's3://noaa-nexrad-level2/2024/02/15/KEPZ/KEPZ20240215_182352_V06', 's3://noaa-nexrad-level2/2024/02/15/KLBB/KLBB20240215_182600_V06']"
27085,F,CL60,FOK UA /OV CCC200040/TM 1831/FL150/TP CL60/TB NEG,NEG,,15000.0,40.303487509357126,-73.10182490472904,2024-02-15 18:31:00,0.0,M,"('KOKX', 'KDIX', 'KENX', 'KBOX', 'KDOX')","['s3://noaa-nexrad-level2/2024/02/15/KOKX/KOKX20240215_182836_V06', 's3://noaa-nexrad-level2/2024/02/15/KDIX/KDIX20240215_182846_V06', 's3://noaa-nexrad-level2/2024/02/15/KENX/KENX20240215_182741_V06', 's3://noaa-nexrad-level2/2024/02/15/KBOX/KBOX20240215_182549_V06', 's3://noaa-nexrad-level2/2024/02/15/KDOX/KDOX20240215_141914_V06']"
27086,F,GLEX,RUT UA /OV RUT/TM 1831/FL300/TP GLEX/TB LGT CHOP/RM DURD,LGT CHOP,,30000.0,43.53,-72.95,2024-02-15 18:31:00,1.0,M,"('KCXX', 'KENX', 'KBOX', 'KOKX', 'KGYX')","['s3://noaa-nexrad-level2/2024/02/15/KCXX/KCXX20240215_182630_V06', 's3://noaa-nexrad-level2/2024/02/15/KENX/KENX20240215_182741_V06', 's3://noaa-nexrad-level2/2024/02/15/KBOX/KBOX20240215_182549_V06', 's3://noaa-nexrad-level2/2024/02/15/KOKX/KOKX20240215_182836_V06', 's3://noaa-nexrad-level2/2024/02/15/KGYX/KGYX20240215_182608_V06']"
27087,F,A321,DMN UA /OV CUS/TM 1832/FL340/TP A321/TB MOD/RM ZAB/FDCS,MOD,,34000.0,31.82,-107.57,2024-02-15 18:32:00,3.0,M,"('KEPZ', 'KHDX', 'KEMX', 'KABX', 'KIWA')","['s3://noaa-nexrad-level2/2024/02/15/KEPZ/KEPZ20240215_182352_V06', 's3://noaa-nexrad-level2/2024/02/15/KHDX/KHDX20240215_182641_V06', 's3://noaa-nexrad-level2/2024/02/15/KEMX/KEMX20240215_182843_V06', 's3://noaa-nexrad-level2/2024/02/15/KABX/KABX20240215_182918_V06', 's3://noaa-nexrad-level2/2024/02/15/KIWA/KIWA20240215_182856_V06']"
27088,F,LJ60,ROW UA /OV CME078040/TM 1832/FL400/TP LJ60/TB CONS MOD CHOP/RM ZAB/FDCS,CONS MOD CHOP,,40000.0,33.47861902112104,-103.83937683863869,2024-02-15 18:32:00,3.0,M,"('KFDX', 'KLBB', 'KMAF', 'KHDX', 'KAMA')","['s3://noaa-nexrad-level2/2024/02/15/KFDX/KFDX20240215_182558_V06', 's3://noaa-nexrad-level2/2024/02/15/KLBB/KLBB20240215_182600_V06', 's3://noaa-nexrad-level2/2024/02/15/KMAF/KMAF20240215_182935_V06', 's3://noaa-nexrad-level2/2024/02/15/KHDX/KHDX20240215_182641_V06', 's3://noaa-nexrad-level2/2024/02/15/KAMA/KAMA20240215_182907_V06']"
27089,F,PC12,RDM UA /OV DLS/TM 1832/FL030/TP PC12/SK BASE030 TOP015 BKN/TB NEG /IC NEG/RM ...ZSE,NEG,,3000.0,45.61856,-121.16733,2024-02-15 18:32:00,0.0,L,"('KRTX', 'KPDT', 'KATX', 'KLGX', 'KMAX')","['s3://noaa-nexrad-level2/2024/02/15/KRTX/KRTX20240215_183003_V06', 's3://noaa-nexrad-level2/2024/02/15/KPDT/KPDT20240215_182735_V06', 's3://noaa-nexrad-level2/2024/02/15/KATX/KATX20240215_182737_V06', 's3://noaa-nexrad-level2/2024/02/15/KLGX/KLGX20240215_182704_V06', 's3://noaa-nexrad-level2/2024/02/15/KMAX/KMAX20240215_182739_V06']"
27090,F,B737,GFL UA /OV GFL340010/TM 1834/FL355/TP B737/TB LGT CHOP 320-350/RM DURD,LGT CHOP 320-350,,35500.0,43.49784812266072,-73.68869527003334,2024-02-15 18:34:00,1.0,M,"('KENX', 'KCXX', 'KTYX', 'KBGM', 'KOKX')","['s3://noaa-nexrad-level2/2024/02/15/KENX/KENX20240215_182741_V06', 's3://noaa-nexrad-level2/2024/02/15/KCXX/KCXX20240215_183322_V06', 's3://noaa-nexrad-level2/2024/02/15/KTYX/KTYX20240215_183239_V06', 's3://noaa-nexrad-level2/2024/02/15/KBGM/KBGM20240215_183131_V06', 's3://noaa-nexrad-level2/2024/02/15/KOKX/KOKX20240215_182836_V06']"
27091,F,A320,MLB UA /OV MLB035110/TM 1834/FL260/TP A320/TB NEG,NEG,,26000.0,29.604650392063373,-79.45306308386374,2024-02-15 18:34:00,0.0,M,"('KMLB', 'KJAX', 'KCLX', 'KTBW', 'KVAX')","['s3://noaa-nexrad-level2/2024/02/15/KMLB/KMLB20240215_183151_V06', 's3://noaa-nexrad-level2/2024/02/15/KJAX/KJAX20240215_183255_V06', 's3://noaa-nexrad-level2/2024/02/15/KCLX/KCLX20240215_182926_V06', 's3://noaa-nexrad-level2/2024/02/15/KTBW/KTBW20240215_183315_V06', 's3://noaa-nexrad-level2/2024/02/15/KVAX/KVAX20240215_183040_V06']"
27092,F,B712,DLL UA /OV DLL/TM 1835/FL300/TP B712/TB CONS LGT-OCNL MOD CHOP,CONS LGT-OCNL MOD CHOP,,30000.0,43.522,-89.771,2024-02-15 18:35:00,2.0,M,"('KMKX', 'KARX', 'KGRB', 'KDVN', 'KLOT')","['s3://noaa-nexrad-level2/2024/02/15/KMKX/KMKX20240215_183122_V06', 's3://noaa-nexrad-level2/2024/02/15/KARX/KARX20240215_183024_V06', 's3://noaa-nexrad-level2/2024/02/15/KGRB/KGRB20240215_183317_V06', 's3://noaa-nexrad-level2/2024/02/15/KDVN/KDVN20240215_183117_V06', 's3://noaa-nexrad-level2/2024/02/15/KLOT/KLOT20240215_182756_V06']"
27093,F,C25B,PDX UA /OV PDX180020/TM 1835/FL110/TP C25B/TA UNKN/TB LGT CHOP/IC LGT RIME/RM 110-030 DURD,LGT CHOP,,11000.0,45.25746966663967,-122.60028,2024-02-15 18:35:00,1.0,U,"('KRTX', 'KLGX', 'KATX', 'KMAX', 'KPDT')","['s3://noaa-nexrad-level2/2024/02/15/KRTX/KRTX20240215_183003_V06', 's3://noaa-nexrad-level2/2024/02/15/KLGX/KLGX20240215_183226_V06', 's3://noaa-nexrad-level2/2024/02/15/KATX/KATX20240215_183258_V06', 's3://noaa-nexrad-level2/2024/02/15/KMAX/KMAX20240215_183410_V06', 's3://noaa-nexrad-level2/2024/02/15/KPDT/KPDT20240215_183304_V06']"
27094,F,P28A,SVH UA /OV SVH360011 /TM 1835 /FL085 /TP P28A /SK SKC /WX FV99SM /TB MOD,MOD,,8500.0,35.94834818334818,-80.9539,2024-02-15 18:35:00,3.0,L,"('KFCX', 'KGSP', 'KCAE', 'KMRX', 'KRAX')","['s3://noaa-nexrad-level2/2024/02/15/KFCX/KFCX20240215_183259_V06', 's3://noaa-nexrad-level2/2024/02/15/KGSP/KGSP20240215_182656_V06', 's3://noaa-nexrad-level2/2024/02/15/KCAE/KCAE20240215_183118_V06', 's3://noaa-nexrad-level2/2024/02/15/KMRX/KMRX20240215_183048_V06', 's3://noaa-nexrad-level2/2024/02/15/KRAX/KRAX20240215_182912_V06']"
27095,F,B737,CHS UA /OV CHS330030/TM 1835/FL310/TP B737/TB MOD,MOD,,31000.0,33.33164777595615,-80.33827320491511,2024-02-15 18:35:00,3.0,M,"('KCLX', 'KCAE', 'KLTX', 'KGSP', 'KRAX')","['s3://noaa-nexrad-level2/2024/02/15/KCLX/KCLX20240215_182926_V06', 's3://noaa-nexrad-level2/2024/02/15/KCAE/KCAE20240215_183118_V06', 's3://noaa-nexrad-level2/2024/02/15/KLTX/KLTX20240215_183105_V06', 's3://noaa-nexrad-level2/2024/02/15/KGSP/KGSP20240215_182656_V06', 's3://noaa-nexrad-level2/2024/02/15/KRAX/KRAX20240215_182912_V06']"
27096,F,B738,AMA UA /OV PNH/TM 1835/FL320/TP B738/TB MOD CAT/RM ZAB/FDCS,MOD CAT,,32000.0,35.24,-101.7,2024-02-15 18:35:00,3.0,M,"('KAMA', 'KLBB', 'KFDX', 'KFDR', 'KDDC')","['s3://noaa-nexrad-level2/2024/02/15/KAMA/KAMA20240215_182907_V06', 's3://noaa-nexrad-level2/2024/02/15/KLBB/KLBB20240215_183258_V06', 's3://noaa-nexrad-level2/2024/02/15/KFDX/KFDX20240215_183257_V06', 's3://noaa-nexrad-level2/2024/02/15/KFDR/KFDR20240215_183119_V06', 's3://noaa-nexrad-level2/2024/02/15/KDDC/KDDC20240215_182839_V06']"
27097,F,B737,AZO UA /OV AZO180030/TM 1836/FL310/TP B737/TB CONS LGT/RM CONNT LT FM FL270-310,CONS LGT,,31000.0,41.73467949995951,-85.55194,2024-02-15 18:36:00,1.0,M,"('KIWX', 'KGRR', 'KIND', 'KDTX', 'KLOT')","['s3://noaa-nexrad-level2/2024/02/15/KIWX/KIWX20240215_182950_V06', 's3://noaa-nexrad-level2/2024/02/15/KGRR/KGRR20240215_183543_V06', 's3://noaa-nexrad-level2/2024/02/15/KIND/KIND20240215_183000_V06', 's3://noaa-nexrad-level2/2024/02/15/KDTX/KDTX20240215_183431_V06', 's3://noaa-nexrad-level2/2024/02/15/KLOT/KLOT20240215_183502_V06']"
27098,F,BCS3,CHS UA /OV CHS330030/TM 1836/FL290/TP BCS3/TB MOD,MOD,,29000.0,33.33164777595615,-80.33827320491511,2024-02-15 18:36:00,3.0,U,"('KCLX', 'KCAE', 'KLTX', 'KGSP', 'KRAX')","['s3://noaa-nexrad-level2/2024/02/15/KCLX/KCLX20240215_182926_V06', 's3://noaa-nexrad-level2/2024/02/15/KCAE/KCAE20240215_183553_V06', 's3://noaa-nexrad-level2/2024/02/15/KLTX/KLTX20240215_183105_V06', 's3://noaa-nexrad-level2/2024/02/15/KGSP/KGSP20240215_183534_V06', 's3://noaa-nexrad-level2/2024/02/15/KRAX/KRAX20240215_182912_V06']"
27099,F,GLF5,PBI UA /OV PBI019098/TM 1836/FL380/TP GLF5/TB MOD CHOP,MOD CHOP,,38000.0,28.22917209904486,-79.50420185142684,2024-02-15 18:36:00,3.0,M,"('KMLB', 'KAMX', 'KAMX', 'KTBW', 'KJAX')","['s3://noaa-nexrad-level2/2024/02/15/KMLB/KMLB20240215_183151_V06', 's3://noaa-nexrad-level2/2024/02/15/KTBW/KTBW20240215_183315_V06', 's3://noaa-nexrad-level2/2024/02/15/KJAX/KJAX20240215_183255_V06']"
27100,F,SR22,TRI UA /OV UNICO/TM 1837/FL075/TP SR22/TB MOD,MOD,,7500.0,39.2118914,-82.2292537,2024-02-15 18:37:00,3.0,L,"('KRLX', 'KILN', 'KJKL', 'KCLE', 'KPBZ')","['s3://noaa-nexrad-level2/2024/02/15/KRLX/KRLX20240215_183239_V06', 's3://noaa-nexrad-level2/2024/02/15/KILN/KILN20240215_183228_V06', 's3://noaa-nexrad-level2/2024/02/15/KJKL/KJKL20240215_183347_V06', 's3://noaa-nexrad-level2/2024/02/15/KCLE/KCLE20240215_183631_V06', 's3://noaa-nexrad-level2/2024/02/15/KPBZ/KPBZ20240215_183313_V06']"
27101,F,A21N,RNH UA /OV RNH/TM 1837/FL340/TP A21N/TB CONS LGT OCNL MOD,CONS LGT OCNL MOD,,34000.0,45.14831,-92.53806,2024-02-15 18:37:00,2.0,U,"('KMPX', 'KDLH', 'KARX', 'KDMX', 'KDVN')","['s3://noaa-nexrad-level2/2024/02/15/KMPX/KMPX20240215_183547_V06', 's3://noaa-nexrad-level2/2024/02/15/KDLH/KDLH20240215_183214_V06', 's3://noaa-nexrad-level2/2024/02/15/KARX/KARX20240215_183024_V06', 's3://noaa-nexrad-level2/2024/02/15/KDMX/KDMX20240215_183502_V06', 's3://noaa-nexrad-level2/2024/02/15/KDVN/KDVN20240215_183117_V06']"
27102,T,HDJT,AEJ UUA /OV AEJ/TM 1838/FL160/TP HDJT/WV SEV WIND SHEAR/TB SEV/RM ON APCH AT KAEJ / AOB 160 ZDV,SEV,,16000.0,38.81416,-106.12069,2024-02-15 18:38:00,5.0,U,"('KFTG', 'KPUX', 'KGJX', 'KCYS', 'KABX')","['s3://noaa-nexrad-level2/2024/02/15/KFTG/KFTG20240215_183256_V06', 's3://noaa-nexrad-level2/2024/02/15/KPUX/KPUX20240215_183423_V06', 's3://noaa-nexrad-level2/2024/02/15/KGJX/KGJX20240215_183000_V06', 's3://noaa-nexrad-level2/2024/02/15/KCYS/KCYS20240215_183211_V06', 's3://noaa-nexrad-level2/2024/02/15/KABX/KABX20240215_182918_V06']"
27103,F,C650,BNA UA /OV BNA135075/TM 1839/FL400/TP C650/TB CONS LGT OCNL MOD CHOP/RM ZME,CONS LGT OCNL MOD CHOP,,40000.0,35.234934928883625,-85.59488935999727,2024-02-15 18:39:00,2.0,M,"('KHTX', 'KOHX', 'KFFC', 'KHPX', 'KBMX')","['s3://noaa-nexrad-level2/2024/02/15/KHTX/KHTX20240215_183700_V06', 's3://noaa-nexrad-level2/2024/02/15/KOHX/KOHX20240215_183732_V06', 's3://noaa-nexrad-level2/2024/02/15/KFFC/KFFC20240215_183638_V06', 's3://noaa-nexrad-level2/2024/02/15/KHPX/KHPX20240215_183732_V06', 's3://noaa-nexrad-level2/2024/02/15/KBMX/KBMX20240215_183419_V06']"
27104,F,A319,CAE UA /OV CAE/TM 1839/FL330/TP A319/TB MOD CHOP,MOD CHOP,,33000.0,33.9419,-81.1181,2024-02-15 18:39:00,3.0,M,"('KCAE', 'KCLX', 'KGSP', 'KJGX', 'KLTX')","['s3://noaa-nexrad-level2/2024/02/15/KCAE/KCAE20240215_183553_V06', 's3://noaa-nexrad-level2/2024/02/15/KCLX/KCLX20240215_183808_V06', 's3://noaa-nexrad-level2/2024/02/15/KGSP/KGSP20240215_183534_V06', 's3://noaa-nexrad-level2/2024/02/15/KJGX/KJGX20240215_183526_V06', 's3://noaa-nexrad-level2/2024/02/15/KLTX/KLTX20240215_183805_V06']"
27105,F,A320,PWK UA /OV OBK/TM 1839/FL320/TP A320/TB NEG,NEG,,32000.0,42.22,-87.95,2024-02-15 18:39:00,0.0,M,"('KLOT', 'KMKX', 'KGRB', 'KIWX', 'KILX')","['s3://noaa-nexrad-level2/2024/02/15/KLOT/KLOT20240215_183502_V06', 's3://noaa-nexrad-level2/2024/02/15/KMKX/KMKX20240215_183808_V06', 's3://noaa-nexrad-level2/2024/02/15/KGRB/KGRB20240215_183317_V06', 's3://noaa-nexrad-level2/2024/02/15/KIWX/KIWX20240215_183634_V06', 's3://noaa-nexrad-level2/2024/02/15/KILX/KILX20240215_183805_V06']"
27106,F,C72R,GSO UA /OV HBI040015/TM 1840/FL040/TP C72R/TB MOD,MOD,,4000.0,35.84605662319523,-79.69696446456248,2024-02-15 18:40:00,3.0,L,"('KRAX', 'KFCX', 'KLTX', 'KCAE', 'KGSP')","['s3://noaa-nexrad-level2/2024/02/15/KRAX/KRAX20240215_183750_V06', 's3://noaa-nexrad-level2/2024/02/15/KFCX/KFCX20240215_183259_V06', 's3://noaa-nexrad-level2/2024/02/15/KLTX/KLTX20240215_183805_V06', 's3://noaa-nexrad-level2/2024/02/15/KCAE/KCAE20240215_183553_V06', 's3://noaa-nexrad-level2/2024/02/15/KGSP/KGSP20240215_183534_V06']"
27107,F,B737,PVW UA /OV PVW080030/TM 1840/FL330/TP B737/TB CONS MOD 280-330/RM ZFW,CONS MOD 280-330,,33000.0,34.25498112159169,-101.12216476903538,2024-02-15 18:40:00,3.0,M,"('KLBB', 'KAMA', 'KFDR', 'KFDX', 'KDYX')","['s3://noaa-nexrad-level2/2024/02/15/KLBB/KLBB20240215_183956_V06', 's3://noaa-nexrad-level2/2024/02/15/KAMA/KAMA20240215_183553_V06', 's3://noaa-nexrad-level2/2024/02/15/KFDR/KFDR20240215_183809_V06', 's3://noaa-nexrad-level2/2024/02/15/KFDX/KFDX20240215_183951_V06', 's3://noaa-nexrad-level2/2024/02/15/KDYX/KDYX20240215_183941_V06']"
27108,F,A320,GRR UA /OV PMM220020/TM 1842/FL340/TP A320/TB CONS LGT OCN LMOD CHOP,CONS LGT OCN LMOD CHOP,,34000.0,42.21463116907302,-86.40049741593938,2024-02-15 18:42:00,1.0,M,"('KGRR', 'KIWX', 'KLOT', 'KMKX', 'KIND')","['s3://noaa-nexrad-level2/2024/02/15/KGRR/KGRR20240215_183543_V06', 's3://noaa-nexrad-level2/2024/02/15/KIWX/KIWX20240215_183634_V06', 's3://noaa-nexrad-level2/2024/02/15/KLOT/KLOT20240215_184146_V06', 's3://noaa-nexrad-level2/2024/02/15/KMKX/KMKX20240215_183808_V06', 's3://noaa-nexrad-level2/2024/02/15/KIND/KIND20240215_183658_V06']"
27109,F,B737,HTS UA /OV HNN/TM 1842/FL400/TP B737/TB LGT CHOP,LGT CHOP,,40000.0,38.75,-82.03,2024-02-15 18:42:00,1.0,M,"('KRLX', 'KJKL', 'KILN', 'KFCX', 'KPBZ')","['s3://noaa-nexrad-level2/2024/02/15/KRLX/KRLX20240215_183937_V06', 's3://noaa-nexrad-level2/2024/02/15/KJKL/KJKL20240215_184038_V06', 's3://noaa-nexrad-level2/2024/02/15/KILN/KILN20240215_184142_V06', 's3://noaa-nexrad-level2/2024/02/15/KFCX/KFCX20240215_184127_V06', 's3://noaa-nexrad-level2/2024/02/15/KPBZ/KPBZ20240215_183825_V06']"
27110,F,B738,BCT UA /OV BCT/TM 1842/FL160/TP B738/TB NEG,NEG,,16000.0,26.38,-80.11,2024-02-15 18:42:00,0.0,M,"('KAMX', 'KAMX', 'KMLB', 'KBYX', 'KTBW')","['s3://noaa-nexrad-level2/2024/02/15/KMLB/KMLB20240215_183852_V06', 's3://noaa-nexrad-level2/2024/02/15/KBYX/KBYX20240215_183850_V06', 's3://noaa-nexrad-level2/2024/02/15/KTBW/KTBW20240215_184158_V06']"
27111,F,CRJ2,CWA UA /OV KCWA/TM 1842/FL150/TP CRJ2/TB NEG BLO 150/IC NEG BLO 150,NEG BLO 150,,15000.0,44.77762,-89.66678,2024-02-15 18:42:00,0.0,M,"('KGRB', 'KARX', 'KMKX', 'KMQT', 'KDLH')","['s3://noaa-nexrad-level2/2024/02/15/KGRB/KGRB20240215_184002_V06', 's3://noaa-nexrad-level2/2024/02/15/KARX/KARX20240215_183725_V06', 's3://noaa-nexrad-level2/2024/02/15/KMKX/KMKX20240215_183808_V06', 's3://noaa-nexrad-level2/2024/02/15/KMQT/KMQT20240215_183914_V06', 's3://noaa-nexrad-level2/2024/02/15/KDLH/KDLH20240215_184047_V06']"
27112,F,E75,RDM UA /OV RDM/TM 1843/FL140/TP E75/TB NEG/IC NEG,NEG,,14000.0,44.25389,-121.15,2024-02-15 18:43:00,0.0,U,"('KRTX', 'KMAX', 'KPDT', 'KLGX', 'KATX')","['s3://noaa-nexrad-level2/2024/02/15/KRTX/KRTX20240215_184102_V06', 's3://noaa-nexrad-level2/2024/02/15/KMAX/KMAX20240215_184041_V06', 's3://noaa-nexrad-level2/2024/02/15/KPDT/KPDT20240215_183833_V06', 's3://noaa-nexrad-level2/2024/02/15/KLGX/KLGX20240215_183746_V06', 's3://noaa-nexrad-level2/2024/02/15/KATX/KATX20240215_183848_V06']"
27113,F,C208,CPR UA /OV CPR230014/TM 1845/FL140/TP C208/SK OVC140/TA M13/TB NEG /IC TRACE RIME,NEG,,14000.0,42.758004075708506,-106.70847585032271,2024-02-15 18:45:00,0.0,L,"('KRIW', 'KCYS', 'KBLX', 'KFTG', 'KGJX')","['s3://noaa-nexrad-level2/2024/02/15/KRIW/KRIW20240215_184226_V06', 's3://noaa-nexrad-level2/2024/02/15/KCYS/KCYS20240215_183918_V06', 's3://noaa-nexrad-level2/2024/02/15/KBLX/KBLX20240215_183632_V06', 's3://noaa-nexrad-level2/2024/02/15/KFTG/KFTG20240215_183950_V06', 's3://noaa-nexrad-level2/2024/02/15/KGJX/KGJX20240215_184202_V06']"
27114,F,B737,BPT UA /OV BPT/TM 1845/FL220/TP B737/TB MOD CHOP/RM ZHU,MOD CHOP,,22000.0,29.95206372,-94.02613689,2024-02-15 18:45:00,3.0,M,"('KLCH', 'KHGX', 'KPOE', 'KSHV', 'KGRK')","['s3://noaa-nexrad-level2/2024/02/15/KLCH/KLCH20240215_184125_V06', 's3://noaa-nexrad-level2/2024/02/15/KHGX/KHGX20240215_155602_V06', 's3://noaa-nexrad-level2/2024/02/15/KPOE/KPOE20240215_184036_V06', 's3://noaa-nexrad-level2/2024/02/15/KSHV/KSHV20240215_184225_V06', 's3://noaa-nexrad-level2/2024/02/15/KGRK/KGRK20240215_184153_V06']"
27115,F,F2TH,ATL UA /OV ATL350020/TM 1846/FL410/TP F2TH/TB CONS LGT OCNL MOD/RM ZTLFD-27,CONS LGT OCNL MOD,,41000.0,33.95839584083999,-84.51132354137069,2024-02-15 18:46:00,2.0,M,"('KFFC', 'KJGX', 'KHTX', 'KMXX', 'KBMX')","['s3://noaa-nexrad-level2/2024/02/15/KFFC/KFFC20240215_184323_V06', 's3://noaa-nexrad-level2/2024/02/15/KJGX/KJGX20240215_184212_V06', 's3://noaa-nexrad-level2/2024/02/15/KHTX/KHTX20240215_184342_V06', 's3://noaa-nexrad-level2/2024/02/15/KMXX/KMXX20240215_183811_V06', 's3://noaa-nexrad-level2/2024/02/15/KBMX/KBMX20240215_184256_V06']"
27116,F,B739,MDQ UA /OV RQZ040040/TM 1847/FL270/TP B739/TB NEG /RM ZTLFD-06,NEG,,27000.0,35.31073766185394,-86.10809755045356,2024-02-15 18:47:00,0.0,M,"('KHTX', 'KOHX', 'KHPX', 'KBMX', 'KFFC')","['s3://noaa-nexrad-level2/2024/02/15/KHTX/KHTX20240215_184342_V06', 's3://noaa-nexrad-level2/2024/02/15/KOHX/KOHX20240215_184415_V06', 's3://noaa-nexrad-level2/2024/02/15/KHPX/KHPX20240215_184423_V06', 's3://noaa-nexrad-level2/2024/02/15/KBMX/KBMX20240215_184256_V06', 's3://noaa-nexrad-level2/2024/02/15/KFFC/KFFC20240215_184323_V06']"
27117,F,C17,BHM UA /OV VUZ190040/TM 1847/FL300/TP C17/TB LGT CHOP/RM ZTLFD-03,LGT CHOP,,30000.0,33.01340831832002,-87.03911155370679,2024-02-15 18:47:00,1.0,L,"('KBMX', 'KMXX', 'KGWX', 'KHTX', 'KEOX')","['s3://noaa-nexrad-level2/2024/02/15/KBMX/KBMX20240215_184256_V06', 's3://noaa-nexrad-level2/2024/02/15/KMXX/KMXX20240215_184644_V06', 's3://noaa-nexrad-level2/2024/02/15/KGWX/KGWX20240215_184513_V06', 's3://noaa-nexrad-level2/2024/02/15/KHTX/KHTX20240215_184342_V06', 's3://noaa-nexrad-level2/2024/02/15/KEOX/KEOX20240215_184141_V06']"
27118,F,B737,GAG UA /OV BFV270030/TM 1847/FL370/TP B737/TB CONS LGT CAT/RM ZAB/FDCS,CONS LGT CAT,,37000.0,35.24,-99.82223780894816,2024-02-15 18:47:00,1.0,M,"('KFDR', 'KAMA', 'KVNX', 'KOUN', 'KDDC')","['s3://noaa-nexrad-level2/2024/02/15/KFDR/KFDR20240215_184457_V06', 's3://noaa-nexrad-level2/2024/02/15/KAMA/KAMA20240215_184235_V06', 's3://noaa-nexrad-level2/2024/02/15/KVNX/KVNX20240215_183834_V06', 's3://noaa-nexrad-level2/2024/02/15/KDDC/KDDC20240215_184536_V06']"
27119,F,A320,BMG UA /OV OOM270015/TM 1848/FL250/TP A320/TB NEG,NEG,,25000.0,39.14,-86.93235474554572,2024-02-15 18:48:00,0.0,M,"('KIND', 'KVWX', 'KLVX', 'KHPX', 'KIWX')","['s3://noaa-nexrad-level2/2024/02/15/KIND/KIND20240215_184355_V06', 's3://noaa-nexrad-level2/2024/02/15/KVWX/KVWX20240215_184428_V06', 's3://noaa-nexrad-level2/2024/02/15/KLVX/KLVX20240215_184117_V06', 's3://noaa-nexrad-level2/2024/02/15/KHPX/KHPX20240215_184423_V06', 's3://noaa-nexrad-level2/2024/02/15/KIWX/KIWX20240215_184333_V06']"
27120,F,P28A,COS UA /OV 3 N COS/TM 1848/FL075/TP P28A/TB CONT LIGHT OCNL MOD TURB ON FINAL 17R,CONT LIGHT OCNL MOD TURB ON FINAL 17R,,7500.0,38.85581405000405,-104.70078,2024-02-15 18:48:00,3.0,L,"('KPUX', 'KFTG', 'KCYS', 'KGLD', 'KGJX')","['s3://noaa-nexrad-level2/2024/02/15/KPUX/KPUX20240215_184128_V06', 's3://noaa-nexrad-level2/2024/02/15/KFTG/KFTG20240215_184649_V06', 's3://noaa-nexrad-level2/2024/02/15/KCYS/KCYS20240215_184625_V06', 's3://noaa-nexrad-level2/2024/02/15/KGLD/KGLD20240215_183829_V06', 's3://noaa-nexrad-level2/2024/02/15/KGJX/KGJX20240215_184202_V06']"
27121,F,B737,CVN UA /OV TXO035030/TM 1848/FL390/TP B737/TB MOD CAT/RM ZAB/FDCS,MOD CAT,,39000.0,34.909609197835465,-102.49198115045466,2024-02-15 18:48:00,3.0,M,"('KAMA', 'KFDX', 'KLBB', 'KMAF', 'KFDR')","['s3://noaa-nexrad-level2/2024/02/15/KAMA/KAMA20240215_184235_V06', 's3://noaa-nexrad-level2/2024/02/15/KFDX/KFDX20240215_184645_V06', 's3://noaa-nexrad-level2/2024/02/15/KLBB/KLBB20240215_184654_V06', 's3://noaa-nexrad-level2/2024/02/15/KMAF/KMAF20240215_184318_V06', 's3://noaa-nexrad-level2/2024/02/15/KFDR/KFDR20240215_184457_V06']"
27122,T,C172,BJC UUA /OV BJC/TM 1850/FL065/TP C172/TB MOD/RM CONT LGT TURB WITHIN CLASS D  5 MILES N BTWN 065-070 CONT MOD TURB,MOD,,6500.0,39.90881,-105.11719,2024-02-15 18:50:00,3.0,L,"('KFTG', 'KCYS', 'KPUX', 'KGJX', 'KGLD')","['s3://noaa-nexrad-level2/2024/02/15/KFTG/KFTG20240215_184649_V06', 's3://noaa-nexrad-level2/2024/02/15/KCYS/KCYS20240215_184625_V06', 's3://noaa-nexrad-level2/2024/02/15/KPUX/KPUX20240215_184832_V06', 's3://noaa-nexrad-level2/2024/02/15/KGJX/KGJX20240215_184202_V06', 's3://noaa-nexrad-level2/2024/02/15/KGLD/KGLD20240215_184804_V06']"
27123,F,B737,DEN UA /OV 30 S DEN/TM 1850/FL100/TP B737/TB MOD/RM 100-170 DURC,MOD,,10000.0,39.3327594999595,-104.6575,2024-02-15 18:50:00,3.0,M,"('KFTG', 'KPUX', 'KCYS', 'KGLD', 'KGJX')","['s3://noaa-nexrad-level2/2024/02/15/KFTG/KFTG20240215_184649_V06', 's3://noaa-nexrad-level2/2024/02/15/KPUX/KPUX20240215_184832_V06', 's3://noaa-nexrad-level2/2024/02/15/KCYS/KCYS20240215_184625_V06', 's3://noaa-nexrad-level2/2024/02/15/KGLD/KGLD20240215_184804_V06', 's3://noaa-nexrad-level2/2024/02/15/KGJX/KGJX20240215_184202_V06']"
27124,F,PC12,ORD UA /OV ORD045030/TM 1852/FL040/TP PC12/SK SCT033/TB NEG/IC NEG,NEG,,4000.0,42.34112202844656,-87.45623158474586,2024-02-15 18:52:00,0.0,L,"('KLOT', 'KMKX', 'KGRR', 'KIWX', 'KGRB')","['s3://noaa-nexrad-level2/2024/02/15/KLOT/KLOT20240215_184959_V06', 's3://noaa-nexrad-level2/2024/02/15/KMKX/KMKX20240215_185139_V06', 's3://noaa-nexrad-level2/2024/02/15/KGRR/KGRR20240215_184357_V06', 's3://noaa-nexrad-level2/2024/02/15/KIWX/KIWX20240215_185031_V06', 's3://noaa-nexrad-level2/2024/02/15/KGRB/KGRB20240215_184650_V06']"
27125,F,B738,LTS UA /OV LTS200025/TM 1853/FL320/TP B738/TB MOD/RM ZFW,MOD,,32000.0,34.27549969334821,-99.43996260867856,2024-02-15 18:53:00,3.0,M,"('KFDR', 'KDYX', 'KOUN', 'KTLX', 'KLBB')","['s3://noaa-nexrad-level2/2024/02/15/KFDR/KFDR20240215_185205_V06', 's3://noaa-nexrad-level2/2024/02/15/KDYX/KDYX20240215_184628_V06', 's3://noaa-nexrad-level2/2024/02/15/KTLX/KTLX20240215_185127_V06', 's3://noaa-nexrad-level2/2024/02/15/KLBB/KLBB20240215_184654_V06']"
27126,F,C56X,ACT UA /OV ACT360014/TM 1854/FL220/TP C56X/TB CONS MOD CHOP/RM ZFW,CONS MOD CHOP,,22000.0,31.85132223335223,-97.2283,2024-02-15 18:54:00,3.0,M,"('KFWS', 'KGRK', 'KDYX', 'KEWX', 'KFDR')","['s3://noaa-nexrad-level2/2024/02/15/KFWS/KFWS20240215_184927_V06', 's3://noaa-nexrad-level2/2024/02/15/KGRK/KGRK20240215_184841_V06', 's3://noaa-nexrad-level2/2024/02/15/KDYX/KDYX20240215_185314_V06', 's3://noaa-nexrad-level2/2024/02/15/KEWX/KEWX20240215_185238_V06', 's3://noaa-nexrad-level2/2024/02/15/KFDR/KFDR20240215_185205_V06']"
27127,F,A320,DEN UA /OV 20 NW DEN/TM 1855/FL150/TP A320/TB MOD,MOD,,15000.0,40.024007632029615,-105.01310199137984,2024-02-15 18:55:00,3.0,M,"('KFTG', 'KCYS', 'KPUX', 'KGJX', 'KGLD')","['s3://noaa-nexrad-level2/2024/02/15/KFTG/KFTG20240215_185344_V06', 's3://noaa-nexrad-level2/2024/02/15/KCYS/KCYS20240215_185449_V06', 's3://noaa-nexrad-level2/2024/02/15/KPUX/KPUX20240215_184832_V06', 's3://noaa-nexrad-level2/2024/02/15/KGJX/KGJX20240215_185404_V06', 's3://noaa-nexrad-level2/2024/02/15/KGLD/KGLD20240215_184804_V06']"
27128,F,LJ60,MYGF UA /OV ZFP360120/TM 1855/FL390/TP LJ60/TB OCNL MOD CHOP,OCNL MOD CHOP,,39000.0,28.500162000162,-78.78,2024-02-15 18:55:00,3.0,M,"('KMLB', 'KAMX', 'KAMX', 'KJAX', 'KTBW')","['s3://noaa-nexrad-level2/2024/02/15/KMLB/KMLB20240215_185254_V06', 's3://noaa-nexrad-level2/2024/02/15/KJAX/KJAX20240215_185455_V06', 's3://noaa-nexrad-level2/2024/02/15/KTBW/KTBW20240215_185041_V06']"
27129,F,A321,LSB UA /OV SSO286050/TM 1855/FL330/TP A321/TB CONS LGT-OCNL MOD/RM ZAB/FDCS,CONS LGT-OCNL MOD,,33000.0,32.49971640205429,-110.20745946251132,2024-02-15 18:55:00,2.0,M,"('KEMX', 'KIWA', 'KFSX', 'KFSX', 'KEPZ')","['s3://noaa-nexrad-level2/2024/02/15/KEMX/KEMX20240215_184948_V06', 's3://noaa-nexrad-level2/2024/02/15/KIWA/KIWA20240215_185422_V06', 's3://noaa-nexrad-level2/2024/02/15/KFSX/KFSX20240215_185042_V06', 's3://noaa-nexrad-level2/2024/02/15/KFSX/KFSX20240215_185042_V06', 's3://noaa-nexrad-level2/2024/02/15/KEPZ/KEPZ20240215_185333_V06']"
27130,F,HDJT,COS UA /OV 8 N COS/TM 1856/FL090/TP HDJT/TB MOD TURB ON FINAL 17R,MOD TURB ON FINAL 17R,,9000.0,38.93915413334413,-104.70078,2024-02-15 18:56:00,3.0,U,"('KPUX', 'KFTG', 'KCYS', 'KGLD', 'KGJX')","['s3://noaa-nexrad-level2/2024/02/15/KPUX/KPUX20240215_185535_V06', 's3://noaa-nexrad-level2/2024/02/15/KFTG/KFTG20240215_185344_V06', 's3://noaa-nexrad-level2/2024/02/15/KCYS/KCYS20240215_185449_V06', 's3://noaa-nexrad-level2/2024/02/15/KGLD/KGLD20240215_184804_V06', 's3://noaa-nexrad-level2/2024/02/15/KGJX/KGJX20240215_185404_V06']"
27131,F,B737,CAE UA /OV CAE030040/TM 1857/FL330/TP B737/TB MOD CAT,MOD CAT,,33000.0,34.51929703460819,-80.71626941846046,2024-02-15 18:57:00,3.0,M,"('KCAE', 'KGSP', 'KCLX', 'KLTX', 'KRAX')","['s3://noaa-nexrad-level2/2024/02/15/KCAE/KCAE20240215_185432_V06', 's3://noaa-nexrad-level2/2024/02/15/KGSP/KGSP20240215_185249_V06', 's3://noaa-nexrad-level2/2024/02/15/KCLX/KCLX20240215_185517_V06', 's3://noaa-nexrad-level2/2024/02/15/KLTX/KLTX20240215_185145_V06', 's3://noaa-nexrad-level2/2024/02/15/KRAX/KRAX20240215_185443_V06']"
27132,T,C172,PAQ UUA /OV PAQ /TM 1857 /FL012 /TP C172 /TB LGT/ OCNL MOD /RMPATTERN ALT LLWS +/-10KT (AKFSS),LGT,,1200.0,61.59,-149.08,2024-02-15 18:57:00,1.0,L,"('PAHG', 'PAIH', 'PAIH', 'PAPD', 'PAKC')","['s3://noaa-nexrad-level2/2024/02/15/PAHG/PAHG20240215_185315_V06', 's3://noaa-nexrad-level2/2024/02/15/PAIH/PAIH20240215_185538_V06', 's3://noaa-nexrad-level2/2024/02/15/PAIH/PAIH20240215_185538_V06', 's3://noaa-nexrad-level2/2024/02/15/PAPD/PAPD20240215_185025_V06', 's3://noaa-nexrad-level2/2024/02/15/PAKC/PAKC20240215_185307_V06']"
27133,T,C172,PAQ UUA /OV PAQ /TM 1857 /FL012 /TP C172 /TB LGT/ OCNL MOD /RM PATTERN ALT LLWS +/-10KT (AKFSS,LGT,,1200.0,61.59,-149.08,2024-02-15 18:57:00,1.0,L,"('PAHG', 'PAIH', 'PAIH', 'PAPD', 'PAKC')","['s3://noaa-nexrad-level2/2024/02/15/PAHG/PAHG20240215_185315_V06', 's3://noaa-nexrad-level2/2024/02/15/PAIH/PAIH20240215_185538_V06', 's3://noaa-nexrad-level2/2024/02/15/PAIH/PAIH20240215_185538_V06', 's3://noaa-nexrad-level2/2024/02/15/PAPD/PAPD20240215_185025_V06', 's3://noaa-nexrad-level2/2024/02/15/PAKC/PAKC20240215_185307_V06']"
27134,F,F900,ASE UA /OV DBL137026/TM 1858/FL180/TP F900/SK TOP180/TA UNKN/TB OCNL LGT BLO 180/IC LGT RIME BLO 180/RM CELL LOCATED OVER HAREI. ZDV,OCNL LGT BLO 180,,18000.0,39.12305439209109,-106.51729860355432,2024-02-15 18:58:00,1.0,M,"('KGJX', 'KFTG', 'KPUX', 'KCYS', 'KABX')","['s3://noaa-nexrad-level2/2024/02/15/KGJX/KGJX20240215_185404_V06', 's3://noaa-nexrad-level2/2024/02/15/KFTG/KFTG20240215_185344_V06', 's3://noaa-nexrad-level2/2024/02/15/KPUX/KPUX20240215_185535_V06', 's3://noaa-nexrad-level2/2024/02/15/KCYS/KCYS20240215_185449_V06', 's3://noaa-nexrad-level2/2024/02/15/KABX/KABX20240215_182918_V06']"
27135,F,B737,DEN UA /OV RY35R/TM 1858/FL070/TP B737/TB NEG,NEG,,7000.0,39.8328,-104.6575,2024-02-15 18:58:00,0.0,M,"('KFTG', 'KCYS', 'KPUX', 'KGLD', 'KGJX')","['s3://noaa-nexrad-level2/2024/02/15/KFTG/KFTG20240215_185344_V06', 's3://noaa-nexrad-level2/2024/02/15/KCYS/KCYS20240215_185449_V06', 's3://noaa-nexrad-level2/2024/02/15/KPUX/KPUX20240215_185535_V06', 's3://noaa-nexrad-level2/2024/02/15/KGLD/KGLD20240215_185740_V06', 's3://noaa-nexrad-level2/2024/02/15/KGJX/KGJX20240215_185404_V06']"
27136,F,B757,WRB UA /OV MCN/TM 1859/FL180/TP B757/TB NEG/RM ZTLFD-19,NEG,,18000.0,32.69285,-83.64921,2024-02-15 18:59:00,0.0,M,"('KJGX', 'KFFC', 'KVAX', 'KMXX', 'KEOX')","['s3://noaa-nexrad-level2/2024/02/15/KJGX/KJGX20240215_185608_V06', 's3://noaa-nexrad-level2/2024/02/15/KFFC/KFFC20240215_185704_V06', 's3://noaa-nexrad-level2/2024/02/15/KVAX/KVAX20240215_185831_V06', 's3://noaa-nexrad-level2/2024/02/15/KMXX/KMXX20240215_185525_V06', 's3://noaa-nexrad-level2/2024/02/15/KEOX/KEOX20240215_185544_V06']"
27137,F,A321,LSB UA /OV SSO075025/TM 1900/FL330/TP A321/TB CONS MOD CHOP/RM ZAB/FDCS,CONS MOD CHOP,,33000.0,32.377850003944225,-108.78397168842336,2024-02-15 19:00:00,3.0,M,"('KEMX', 'KEPZ', 'KHDX', 'KIWA', 'KFSX')","['s3://noaa-nexrad-level2/2024/02/15/KEMX/KEMX20240215_185652_V06', 's3://noaa-nexrad-level2/2024/02/15/KEPZ/KEPZ20240215_185333_V06', 's3://noaa-nexrad-level2/2024/02/15/KHDX/KHDX20240215_185541_V06', 's3://noaa-nexrad-level2/2024/02/15/KIWA/KIWA20240215_185422_V06', 's3://noaa-nexrad-level2/2024/02/15/KFSX/KFSX20240215_185933_V06']"
27138,F,B752,ABY UA /OV PZD/TM 1901/FL220/TP B752/TB NEG/RM ZTLFD-21,NEG,,22000.0,31.66,-84.29,2024-02-15 19:01:00,0.0,M,"('KEOX', 'KTLH', 'KJGX', 'KVAX', 'KFFC')","['s3://noaa-nexrad-level2/2024/02/15/KEOX/KEOX20240215_185544_V06', 's3://noaa-nexrad-level2/2024/02/15/KTLH/KTLH20240215_185616_V06', 's3://noaa-nexrad-level2/2024/02/15/KJGX/KJGX20240215_185608_V06', 's3://noaa-nexrad-level2/2024/02/15/KVAX/KVAX20240215_185831_V06', 's3://noaa-nexrad-level2/2024/02/15/KFFC/KFFC20240215_185704_V06']"
27139,F,B739,EAU UA /OV EAU150030/TM 1901/FL320/TP B739/TB OCNL LGT CHOP,OCNL LGT CHOP,,32000.0,44.43275222404385,-91.13150324129552,2024-02-15 19:01:00,1.0,M,"('KARX', 'KMPX', 'KDLH', 'KDVN', 'KMKX')","['s3://noaa-nexrad-level2/2024/02/15/KARX/KARX20240215_185822_V06', 's3://noaa-nexrad-level2/2024/02/15/KMPX/KMPX20240215_185251_V06', 's3://noaa-nexrad-level2/2024/02/15/KDLH/KDLH20240215_185743_V06', 's3://noaa-nexrad-level2/2024/02/15/KDVN/KDVN20240215_185835_V06', 's3://noaa-nexrad-level2/2024/02/15/KMKX/KMKX20240215_185830_V06']"
27140,F,A319,FWA UA /OV FWA/TM 1901/FL330/TP A319/TB NEG,NEG,,33000.0,40.97805,-85.18713,2024-02-15 19:01:00,0.0,M,"('KIWX', 'KIND', 'KGRR', 'KILN', 'KDTX')","['s3://noaa-nexrad-level2/2024/02/15/KIWX/KIWX20240215_185730_V06', 's3://noaa-nexrad-level2/2024/02/15/KIND/KIND20240215_185803_V06', 's3://noaa-nexrad-level2/2024/02/15/KGRR/KGRR20240215_185210_V06', 's3://noaa-nexrad-level2/2024/02/15/KILN/KILN20240215_190009_V06', 's3://noaa-nexrad-level2/2024/02/15/KDTX/KDTX20240215_185504_V06']"
27141,F,B752,RWF UA /OV RWF/TM 1901/FL360/TP B752/TB NEG,NEG,,36000.0,44.54689,-95.082,2024-02-15 19:01:00,0.0,M,"('KMPX', 'KFSD', 'KDMX', 'KABR', 'KOAX')","['s3://noaa-nexrad-level2/2024/02/15/KMPX/KMPX20240215_185251_V06', 's3://noaa-nexrad-level2/2024/02/15/KFSD/KFSD20240215_185936_V06', 's3://noaa-nexrad-level2/2024/02/15/KDMX/KDMX20240215_185521_V06', 's3://noaa-nexrad-level2/2024/02/15/KABR/KABR20240215_185644_V06', 's3://noaa-nexrad-level2/2024/02/15/KOAX/KOAX20240215_185957_V06']"
27142,F,B38M,AHN UA /OV AHN/TM 1902/FL360/TP B38M/TB CONS LGT CHOP/RM ZTLFD-23,CONS LGT CHOP,,36000.0,33.9486,-83.32635,2024-02-15 19:02:00,1.0,U,"('KJGX', 'KFFC', 'KGSP', 'KCAE', 'KMRX')","['s3://noaa-nexrad-level2/2024/02/15/KJGX/KJGX20240215_185608_V06', 's3://noaa-nexrad-level2/2024/02/15/KFFC/KFFC20240215_185704_V06', 's3://noaa-nexrad-level2/2024/02/15/KGSP/KGSP20240215_190127_V06', 's3://noaa-nexrad-level2/2024/02/15/KCAE/KCAE20240215_190123_V06', 's3://noaa-nexrad-level2/2024/02/15/KMRX/KMRX20240215_185612_V06']"
27143,F,B737,DMN UA /OV DMN/TM 1902/FL330/TP B737/TB MOD/RM ZAB/FDCS,MOD,,33000.0,32.26231,-107.72064,2024-02-15 19:02:00,3.0,M,"('KEPZ', 'KHDX', 'KEMX', 'KABX', 'KIWA')","['s3://noaa-nexrad-level2/2024/02/15/KEPZ/KEPZ20240215_190040_V06', 's3://noaa-nexrad-level2/2024/02/15/KHDX/KHDX20240215_185541_V06', 's3://noaa-nexrad-level2/2024/02/15/KEMX/KEMX20240215_185652_V06', 's3://noaa-nexrad-level2/2024/02/15/KABX/KABX20240215_182918_V06', 's3://noaa-nexrad-level2/2024/02/15/KIWA/KIWA20240215_185422_V06']"
27144,F,C152,DED UA /OV KDED360005 /TM 1903 /FL020 /TP C152 /SK SCT035 /WX FV10SM /TB NEG,NEG,,2000.0,29.150367883340085,-81.28375,2024-02-15 19:03:00,0.0,L,"('KMLB', 'KJAX', 'KTBW', 'KVAX', 'KTLH')","['s3://noaa-nexrad-level2/2024/02/15/KMLB/KMLB20240215_185956_V06', 's3://noaa-nexrad-level2/2024/02/15/KJAX/KJAX20240215_190157_V06', 's3://noaa-nexrad-level2/2024/02/15/KTBW/KTBW20240215_185924_V06', 's3://noaa-nexrad-level2/2024/02/15/KVAX/KVAX20240215_185831_V06', 's3://noaa-nexrad-level2/2024/02/15/KTLH/KTLH20240215_185616_V06']"
27145,F,GLF5,MLB UA /OV MLB/TM 1903/FL170/TP GLF5/SK TOP 170/TB LGT CHOP,LGT CHOP,,17000.0,28.10275,-80.64526,2024-02-15 19:03:00,1.0,M,"('KMLB', 'KTBW', 'KAMX', 'KAMX', 'KJAX')","['s3://noaa-nexrad-level2/2024/02/15/KMLB/KMLB20240215_185956_V06', 's3://noaa-nexrad-level2/2024/02/15/KTBW/KTBW20240215_185924_V06', 's3://noaa-nexrad-level2/2024/02/15/KJAX/KJAX20240215_190157_V06']"
27146,F,C68A,DBN UA /OV DBN360015/TM 1903/FL430/TP C68A/TB CONS LGT CHOP/RM ZTLFD-23,CONS LGT CHOP,,43000.0,32.81443695002025,-82.9852778,2024-02-15 19:03:00,1.0,U,"('KJGX', 'KFFC', 'KVAX', 'KCLX', 'KCAE')","['s3://noaa-nexrad-level2/2024/02/15/KJGX/KJGX20240215_185608_V06', 's3://noaa-nexrad-level2/2024/02/15/KFFC/KFFC20240215_185704_V06', 's3://noaa-nexrad-level2/2024/02/15/KVAX/KVAX20240215_185831_V06', 's3://noaa-nexrad-level2/2024/02/15/KCLX/KCLX20240215_185517_V06', 's3://noaa-nexrad-level2/2024/02/15/KCAE/KCAE20240215_190123_V06']"
27147,F,C750,LVS UA /OV FTI/TM 1903/FL450/TP C750/TB NEG/RM ZAB/FDCS,NEG,,45000.0,35.66,-105.14,2024-02-15 19:03:00,0.0,M,"('KABX', 'KFDX', 'KHDX', 'KPUX', 'KAMA')","['s3://noaa-nexrad-level2/2024/02/15/KABX/KABX20240215_182918_V06', 's3://noaa-nexrad-level2/2024/02/15/KFDX/KFDX20240215_190029_V06', 's3://noaa-nexrad-level2/2024/02/15/KHDX/KHDX20240215_190235_V06', 's3://noaa-nexrad-level2/2024/02/15/KPUX/KPUX20240215_190239_V06', 's3://noaa-nexrad-level2/2024/02/15/KAMA/KAMA20240215_185706_V06']"
27148,F,B738,MDQ UA /OV RQZ/TM 1903/FL390/TP B738/TB CONS LGT/RM ZTLFD-02,CONS LGT,,39000.0,34.8,-86.63,2024-02-15 19:03:00,1.0,M,"('KHTX', 'KOHX', 'KBMX', 'KGWX', 'KHPX')","['s3://noaa-nexrad-level2/2024/02/15/KHTX/KHTX20240215_185739_V06', 's3://noaa-nexrad-level2/2024/02/15/KOHX/KOHX20240215_185752_V06', 's3://noaa-nexrad-level2/2024/02/15/KBMX/KBMX20240215_190013_V06', 's3://noaa-nexrad-level2/2024/02/15/KGWX/KGWX20240215_185458_V06', 's3://noaa-nexrad-level2/2024/02/15/KHPX/KHPX20240215_185844_V06']"
27149,F,A319,TCC UA /OV TCC300025/TM 1903/FL350/TP A319/TB LGT-MOD CHOP/RM ZAB/FDCS S,LGT-MOD CHOP,,35000.0,35.39113020835021,-104.04472328321305,2024-02-15 19:03:00,2.0,M,"('KFDX', 'KAMA', 'KABX', 'KLBB', 'KPUX')","['s3://noaa-nexrad-level2/2024/02/15/KFDX/KFDX20240215_190029_V06', 's3://noaa-nexrad-level2/2024/02/15/KAMA/KAMA20240215_185706_V06', 's3://noaa-nexrad-level2/2024/02/15/KABX/KABX20240215_182918_V06', 's3://noaa-nexrad-level2/2024/02/15/KLBB/KLBB20240215_190049_V06', 's3://noaa-nexrad-level2/2024/02/15/KPUX/KPUX20240215_190239_V06']"
27150,F,S22T,SDF UA /OV MYS225025/TM 1903/FL120/TP S22T/SK SKC /TB NEG/IC NEG,NEG,,12000.0,37.59534830962787,-86.61335902672852,2024-02-15 19:03:00,0.0,U,"('KLVX', 'KHPX', 'KVWX', 'KOHX', 'KIND')","['s3://noaa-nexrad-level2/2024/02/15/KLVX/KLVX20240215_190128_V06', 's3://noaa-nexrad-level2/2024/02/15/KHPX/KHPX20240215_185844_V06', 's3://noaa-nexrad-level2/2024/02/15/KVWX/KVWX20240215_185819_V06', 's3://noaa-nexrad-level2/2024/02/15/KOHX/KOHX20240215_185752_V06', 's3://noaa-nexrad-level2/2024/02/15/KIND/KIND20240215_185803_V06']"
27151,F,B763,ABQ UA /OV ACH/TM 1904/FL370/TP B763/TB CONS LGT CAT/RM ZAB/FDCS S,CONS LGT CAT,,37000.0,35.11,-105.04,2024-02-15 19:04:00,1.0,H,"('KFDX', 'KABX', 'KHDX', 'KAMA', 'KPUX')","['s3://noaa-nexrad-level2/2024/02/15/KFDX/KFDX20240215_190029_V06', 's3://noaa-nexrad-level2/2024/02/15/KABX/KABX20240215_182918_V06', 's3://noaa-nexrad-level2/2024/02/15/KHDX/KHDX20240215_190235_V06', 's3://noaa-nexrad-level2/2024/02/15/KAMA/KAMA20240215_190356_V06', 's3://noaa-nexrad-level2/2024/02/15/KPUX/KPUX20240215_190239_V06']"
27152,F,B737,LBL UA /OV LBL180020/TM 1904/FL370/TP B737/TB OCNL LGT CHOP/RM ZKCFDC/CW,OCNL LGT CHOP,,37000.0,36.71085966663967,-100.95986,2024-02-15 19:04:00,1.0,M,"('KDDC', 'KAMA', 'KGLD', 'KVNX', 'KFDR')","['s3://noaa-nexrad-level2/2024/02/15/KDDC/KDDC20240215_190212_V06', 's3://noaa-nexrad-level2/2024/02/15/KAMA/KAMA20240215_190356_V06', 's3://noaa-nexrad-level2/2024/02/15/KGLD/KGLD20240215_185740_V06', 's3://noaa-nexrad-level2/2024/02/15/KVNX/KVNX20240215_185754_V06', 's3://noaa-nexrad-level2/2024/02/15/KFDR/KFDR20240215_185913_V06']"
27153,F,A321,PBI UA /OV PBI040045/TM 1904/FL100/TP A321/TB LGT CHOP 100-230,LGT CHOP 100-230,,10000.0,27.25927986958569,-79.55979795264393,2024-02-15 19:04:00,1.0,M,"('KMLB', 'KAMX', 'KAMX', 'KTBW', 'KBYX')","['s3://noaa-nexrad-level2/2024/02/15/KMLB/KMLB20240215_185956_V06', 's3://noaa-nexrad-level2/2024/02/15/KTBW/KTBW20240215_185924_V06', 's3://noaa-nexrad-level2/2024/02/15/KBYX/KBYX20240215_190146_V06']"
27154,F,SR22,GAD UA /OV GAD180025/TM 1904/FL105/TP SR22/TB NEG/RM ZTLFD--04,NEG,,10500.0,33.555949583299586,-86.08908,2024-02-15 19:04:00,0.0,L,"('KBMX', 'KMXX', 'KHTX', 'KFFC', 'KEOX')","['s3://noaa-nexrad-level2/2024/02/15/KBMX/KBMX20240215_190013_V06', 's3://noaa-nexrad-level2/2024/02/15/KMXX/KMXX20240215_185525_V06', 's3://noaa-nexrad-level2/2024/02/15/KHTX/KHTX20240215_185739_V06', 's3://noaa-nexrad-level2/2024/02/15/KFFC/KFFC20240215_185704_V06', 's3://noaa-nexrad-level2/2024/02/15/KEOX/KEOX20240215_190235_V06']"
27155,F,A321,MQY UA /OV SYI/TM 1904/FL270/TP A321/TB NEG/RM ZTLFD-06,NEG,,27000.0,35.5594,-86.4425,2024-02-15 19:04:00,0.0,M,"('KOHX', 'KHTX', 'KHPX', 'KBMX', 'KLVX')","['s3://noaa-nexrad-level2/2024/02/15/KOHX/KOHX20240215_185752_V06', 's3://noaa-nexrad-level2/2024/02/15/KHTX/KHTX20240215_185739_V06', 's3://noaa-nexrad-level2/2024/02/15/KHPX/KHPX20240215_185844_V06', 's3://noaa-nexrad-level2/2024/02/15/KBMX/KBMX20240215_190013_V06', 's3://noaa-nexrad-level2/2024/02/15/KLVX/KLVX20240215_190128_V06']"
27156,F,PC12,WRB UA /OV MCN/TM 1904/FL170/TP PC12/TB LGT CHOP/RM ZTLFD-19,LGT CHOP,,17000.0,32.69285,-83.64921,2024-02-15 19:04:00,1.0,L,"('KJGX', 'KFFC', 'KVAX', 'KMXX', 'KEOX')","['s3://noaa-nexrad-level2/2024/02/15/KJGX/KJGX20240215_190303_V06', 's3://noaa-nexrad-level2/2024/02/15/KFFC/KFFC20240215_185704_V06', 's3://noaa-nexrad-level2/2024/02/15/KVAX/KVAX20240215_185831_V06', 's3://noaa-nexrad-level2/2024/02/15/KMXX/KMXX20240215_185525_V06', 's3://noaa-nexrad-level2/2024/02/15/KEOX/KEOX20240215_190235_V06']"
27157,F,B737,LEX UA /OV FLM/TM 1905/FL360/TP B737/TB CONS LGT CHOP 360,CONS LGT CHOP 360,,36000.0,38.65,-84.31,2024-02-15 19:05:00,1.0,M,"('KILN', 'KJKL', 'KLVX', 'KIND', 'KRLX')","['s3://noaa-nexrad-level2/2024/02/15/KILN/KILN20240215_190426_V06', 's3://noaa-nexrad-level2/2024/02/15/KJKL/KJKL20240215_190124_V06', 's3://noaa-nexrad-level2/2024/02/15/KLVX/KLVX20240215_190128_V06', 's3://noaa-nexrad-level2/2024/02/15/KIND/KIND20240215_190456_V06', 's3://noaa-nexrad-level2/2024/02/15/KRLX/KRLX20240215_190434_V06']"
27158,F,A319,AXX UA /OV CIM090030/TM 1905/FL300/TP A319/TB NEG/RM ZAB/FDCS,NEG,,30000.0,36.49,-104.24802864978447,2024-02-15 19:05:00,0.0,M,"('KFDX', 'KPUX', 'KAMA', 'KABX', 'KFTG')","['s3://noaa-nexrad-level2/2024/02/15/KFDX/KFDX20240215_190029_V06', 's3://noaa-nexrad-level2/2024/02/15/KPUX/KPUX20240215_190239_V06', 's3://noaa-nexrad-level2/2024/02/15/KAMA/KAMA20240215_190356_V06', 's3://noaa-nexrad-level2/2024/02/15/KABX/KABX20240215_182918_V06', 's3://noaa-nexrad-level2/2024/02/15/KFTG/KFTG20240215_190038_V06']"
27159,F,C310,DEN UA /OV FQF250050/TM 1905/FL160/TP C310/TB MOD/RM ZDV,MOD,,16000.0,39.40496012751251,-105.6377120059888,2024-02-15 19:05:00,3.0,L,"('KFTG', 'KPUX', 'KCYS', 'KGJX', 'KGLD')","['s3://noaa-nexrad-level2/2024/02/15/KFTG/KFTG20240215_190038_V06', 's3://noaa-nexrad-level2/2024/02/15/KPUX/KPUX20240215_190239_V06', 's3://noaa-nexrad-level2/2024/02/15/KCYS/KCYS20240215_190157_V06', 's3://noaa-nexrad-level2/2024/02/15/KGJX/KGJX20240215_185404_V06', 's3://noaa-nexrad-level2/2024/02/15/KGLD/KGLD20240215_185740_V06']"
27160,F,A320,SBN UA /OV GIJ/TM 1905/FL350/TP A320/TB CONS LGT CHOP,CONS LGT CHOP,,35000.0,41.77,-86.32,2024-02-15 19:05:00,1.0,M,"('KIWX', 'KGRR', 'KLOT', 'KIND', 'KMKX')","['s3://noaa-nexrad-level2/2024/02/15/KIWX/KIWX20240215_190429_V06', 's3://noaa-nexrad-level2/2024/02/15/KGRR/KGRR20240215_190139_V06', 's3://noaa-nexrad-level2/2024/02/15/KLOT/KLOT20240215_190353_V06', 's3://noaa-nexrad-level2/2024/02/15/KIND/KIND20240215_190456_V06', 's3://noaa-nexrad-level2/2024/02/15/KMKX/KMKX20240215_185830_V06']"
27161,F,C172,ANC UA /OV TED360018/TM 1905/FL040/TP C172/TB MOD,MOD,,4000.0,61.4700243000243,-149.99,2024-02-15 19:05:00,3.0,L,"('PAHG', 'PAIH', 'PAIH', 'PAPD', 'PAKC')","['s3://noaa-nexrad-level2/2024/02/15/PAHG/PAHG20240215_190000_V06', 's3://noaa-nexrad-level2/2024/02/15/PAIH/PAIH20240215_185538_V06', 's3://noaa-nexrad-level2/2024/02/15/PAIH/PAIH20240215_185538_V06', 's3://noaa-nexrad-level2/2024/02/15/PAPD/PAPD20240215_190429_V06', 's3://noaa-nexrad-level2/2024/02/15/PAKC/PAKC20240215_185956_V06']"
27162,F,AEST,DBN UA /OV DBN360020/TM 1905/FL160/TP AEST/TB OCNL LGT CHOP/RM ZTLFD-19,OCNL LGT CHOP,,16000.0,32.897777033360335,-82.9852778,2024-02-15 19:05:00,1.0,L,"('KJGX', 'KFFC', 'KCLX', 'KVAX', 'KGSP')","['s3://noaa-nexrad-level2/2024/02/15/KJGX/KJGX20240215_190303_V06', 's3://noaa-nexrad-level2/2024/02/15/KFFC/KFFC20240215_190405_V06', 's3://noaa-nexrad-level2/2024/02/15/KCLX/KCLX20240215_190359_V06', 's3://noaa-nexrad-level2/2024/02/15/KVAX/KVAX20240215_185831_V06', 's3://noaa-nexrad-level2/2024/02/15/KGSP/KGSP20240215_190127_V06']"
27163,F,BE20,GRR UA /OV GRR090005/TM 1905/FL030/TP BE20/TB CONS LGT  INTMT MOD,CONS LGT  INTMT MOD,,3000.0,42.88210929,-85.40925010113924,2024-02-15 19:05:00,2.0,M,"('KGRR', 'KIWX', 'KDTX', 'KAPX', 'KLOT')","['s3://noaa-nexrad-level2/2024/02/15/KGRR/KGRR20240215_190139_V06', 's3://noaa-nexrad-level2/2024/02/15/KIWX/KIWX20240215_190429_V06', 's3://noaa-nexrad-level2/2024/02/15/KDTX/KDTX20240215_190151_V06', 's3://noaa-nexrad-level2/2024/02/15/KAPX/KAPX20240215_190143_V06', 's3://noaa-nexrad-level2/2024/02/15/KLOT/KLOT20240215_190353_V06']"
27164,F,E55P,VRB UA /OV TRV297014/TM 1905/FL230/TP E55P/TB NEG,NEG,,23000.0,27.78593969703492,-80.72478854157868,2024-02-15 19:05:00,0.0,U,"('KMLB', 'KTBW', 'KAMX', 'KAMX', 'KJAX')","['s3://noaa-nexrad-level2/2024/02/15/KMLB/KMLB20240215_185956_V06', 's3://noaa-nexrad-level2/2024/02/15/KTBW/KTBW20240215_185924_V06', 's3://noaa-nexrad-level2/2024/02/15/KJAX/KJAX20240215_190157_V06']"
27165,F,CRJ7,CFE UA /OV CFE200020/TM 1905/FL220/TP CRJ7/TB LGT CHOP,LGT CHOP,,22000.0,44.84579065467857,-94.00499596433716,2024-02-15 19:05:00,1.0,M,"('KMPX', 'KDLH', 'KARX', 'KFSD', 'KDMX')","['s3://noaa-nexrad-level2/2024/02/15/KMPX/KMPX20240215_190113_V06', 's3://noaa-nexrad-level2/2024/02/15/KDLH/KDLH20240215_185743_V06', 's3://noaa-nexrad-level2/2024/02/15/KARX/KARX20240215_185822_V06', 's3://noaa-nexrad-level2/2024/02/15/KFSD/KFSD20240215_185936_V06', 's3://noaa-nexrad-level2/2024/02/15/KDMX/KDMX20240215_190210_V06']"
27166,F,E145,TRI UA /OV HMV/TM 1908/FL320/TP E145/TB OCNL LGT CHOP/RM ZTLFD-42,OCNL LGT CHOP,,32000.0,36.44,-82.13,2024-02-15 19:08:00,1.0,M,"('KMRX', 'KGSP', 'KJKL', 'KRLX', 'KFCX')","['s3://noaa-nexrad-level2/2024/02/15/KMRX/KMRX20240215_190439_V06', 's3://noaa-nexrad-level2/2024/02/15/KGSP/KGSP20240215_190127_V06', 's3://noaa-nexrad-level2/2024/02/15/KJKL/KJKL20240215_190124_V06', 's3://noaa-nexrad-level2/2024/02/15/KRLX/KRLX20240215_190434_V06', 's3://noaa-nexrad-level2/2024/02/15/KFCX/KFCX20240215_190612_V06']"
27167,F,777,GSP UA /OV SFL/TM 1909/FL350/TP 777/TB LGT CHOP/RM ZAB/FDCS,LGT CHOP,,35000.0,31.75,-105.09,2024-02-15 19:09:00,1.0,U,"('KEPZ', 'KHDX', 'KMAF', 'KFDX', 'KLBB')","['s3://noaa-nexrad-level2/2024/02/15/KEPZ/KEPZ20240215_190746_V06', 's3://noaa-nexrad-level2/2024/02/15/KHDX/KHDX20240215_190235_V06', 's3://noaa-nexrad-level2/2024/02/15/KMAF/KMAF20240215_190348_V06', 's3://noaa-nexrad-level2/2024/02/15/KFDX/KFDX20240215_190719_V06', 's3://noaa-nexrad-level2/2024/02/15/KLBB/KLBB20240215_190748_V06']"
27168,F,BE30,HKY UA /OV BZM/TM 1909/FL210/TP BE30/TB OCNL LGT CHOP/IC NEG/RM ZTLFD-46,OCNL LGT CHOP,,21000.0,35.87,-81.24,2024-02-15 19:09:00,1.0,L,"('KGSP', 'KFCX', 'KCAE', 'KMRX', 'KRLX')","['s3://noaa-nexrad-level2/2024/02/15/KGSP/KGSP20240215_190127_V06', 's3://noaa-nexrad-level2/2024/02/15/KFCX/KFCX20240215_190612_V06', 's3://noaa-nexrad-level2/2024/02/15/KCAE/KCAE20240215_190848_V06', 's3://noaa-nexrad-level2/2024/02/15/KMRX/KMRX20240215_190439_V06', 's3://noaa-nexrad-level2/2024/02/15/KRLX/KRLX20240215_190434_V06']"
27169,F,P28A,HTS UA /OV PMH/TM 1909/FL030/TP P28A/TB MOD,MOD,,3000.0,38.840472,-82.847305,2024-02-15 19:09:00,3.0,L,"('KILN', 'KRLX', 'KJKL', 'KMRX', 'KCLE')","['s3://noaa-nexrad-level2/2024/02/15/KILN/KILN20240215_190844_V06', 's3://noaa-nexrad-level2/2024/02/15/KRLX/KRLX20240215_190434_V06', 's3://noaa-nexrad-level2/2024/02/15/KJKL/KJKL20240215_190825_V06', 's3://noaa-nexrad-level2/2024/02/15/KMRX/KMRX20240215_190439_V06', 's3://noaa-nexrad-level2/2024/02/15/KCLE/KCLE20240215_190739_V06']"
27170,F,A21N,MKG UA /OV MKG/TM 1909/FL350/TP A21N/TB LGT CHOP,LGT CHOP,,35000.0,43.17111,-86.23667,2024-02-15 19:09:00,1.0,U,"('KGRR', 'KIWX', 'KGRB', 'KAPX', 'KMKX')","['s3://noaa-nexrad-level2/2024/02/15/KGRR/KGRR20240215_190139_V06', 's3://noaa-nexrad-level2/2024/02/15/KIWX/KIWX20240215_190429_V06', 's3://noaa-nexrad-level2/2024/02/15/KGRB/KGRB20240215_190725_V06', 's3://noaa-nexrad-level2/2024/02/15/KAPX/KAPX20240215_190854_V06', 's3://noaa-nexrad-level2/2024/02/15/KMKX/KMKX20240215_190520_V06']"
27171,F,DV20,PUB UA /OV KPUB/TM 1909/FL060/TP DV20/TB LGT TO MOD/RM DURD RWY 8L,LGT TO MOD,,6000.0,38.29,-104.49833,2024-02-15 19:09:00,2.0,L,"('KPUX', 'KFTG', 'KCYS', 'KGLD', 'KFDX')","['s3://noaa-nexrad-level2/2024/02/15/KPUX/KPUX20240215_190239_V06', 's3://noaa-nexrad-level2/2024/02/15/KFTG/KFTG20240215_190731_V06', 's3://noaa-nexrad-level2/2024/02/15/KCYS/KCYS20240215_190157_V06', 's3://noaa-nexrad-level2/2024/02/15/KGLD/KGLD20240215_190715_V06', 's3://noaa-nexrad-level2/2024/02/15/KFDX/KFDX20240215_190719_V06']"
27172,F,A321,DMN UA /OV DMN270030/TM 1909/FL330/TP A321/TB MOD/RM ZAB/FDCS,MOD,,33000.0,32.26231,-108.31197481667192,2024-02-15 19:09:00,3.0,M,"('KEPZ', 'KHDX', 'KEMX', 'KABX', 'KIWA')","['s3://noaa-nexrad-level2/2024/02/15/KEPZ/KEPZ20240215_190746_V06', 's3://noaa-nexrad-level2/2024/02/15/KHDX/KHDX20240215_190235_V06', 's3://noaa-nexrad-level2/2024/02/15/KEMX/KEMX20240215_190356_V06', 's3://noaa-nexrad-level2/2024/02/15/KABX/KABX20240215_182918_V06', 's3://noaa-nexrad-level2/2024/02/15/KIWA/KIWA20240215_190251_V06']"
27173,F,A321,SSI UA /OV SSI360010/TM 1909/FL230/TP A321/TB CONS MOD,CONS MOD,,23000.0,31.31890016668017,-81.39083,2024-02-15 19:09:00,3.0,M,"('KJAX', 'KCLX', 'KVAX', 'KJGX', 'KCAE')","['s3://noaa-nexrad-level2/2024/02/15/KJAX/KJAX20240215_190858_V06', 's3://noaa-nexrad-level2/2024/02/15/KCLX/KCLX20240215_190359_V06', 's3://noaa-nexrad-level2/2024/02/15/KVAX/KVAX20240215_190524_V06', 's3://noaa-nexrad-level2/2024/02/15/KJGX/KJGX20240215_190303_V06', 's3://noaa-nexrad-level2/2024/02/15/KCAE/KCAE20240215_190848_V06']"
27174,F,B738,DBN UA /OV DBN090015/TM 1910/FL300/TP B738/TB CONS LGT OCNL MOD CHOP/RM ZTLFD-24,CONS LGT OCNL MOD CHOP,,30000.0,32.5644167,-82.68861885921784,2024-02-15 19:10:00,2.0,M,"('KJGX', 'KCLX', 'KVAX', 'KFFC', 'KCAE')","['s3://noaa-nexrad-level2/2024/02/15/KJGX/KJGX20240215_190303_V06', 's3://noaa-nexrad-level2/2024/02/15/KCLX/KCLX20240215_190359_V06', 's3://noaa-nexrad-level2/2024/02/15/KVAX/KVAX20240215_190524_V06', 's3://noaa-nexrad-level2/2024/02/15/KFFC/KFFC20240215_190405_V06', 's3://noaa-nexrad-level2/2024/02/15/KCAE/KCAE20240215_190848_V06']"
27175,F,E170,ORD UA /OV ORD020009/TM 1910/FL050/TP E170/SK OVC-TOP043/CLR ABV/TB LGT CHOP,LGT CHOP,,5000.0,42.12850531039465,-87.8629028978025,2024-02-15 19:10:00,1.0,U,"('KLOT', 'KMKX', 'KIWX', 'KGRB', 'KGRR')","['s3://noaa-nexrad-level2/2024/02/15/KLOT/KLOT20240215_190353_V06', 's3://noaa-nexrad-level2/2024/02/15/KMKX/KMKX20240215_190520_V06', 's3://noaa-nexrad-level2/2024/02/15/KIWX/KIWX20240215_190429_V06', 's3://noaa-nexrad-level2/2024/02/15/KGRB/KGRB20240215_190725_V06', 's3://noaa-nexrad-level2/2024/02/15/KGRR/KGRR20240215_190958_V06']"
27176,F,A320,CVG UA /OV CVG280020/TM 1911/FL370/TP A320/TB NEG,NEG,,37000.0,39.10094741439446,-85.09436517855619,2024-02-15 19:11:00,0.0,M,"('KILN', 'KIND', 'KLVX', 'KJKL', 'KIWX')","['s3://noaa-nexrad-level2/2024/02/15/KILN/KILN20240215_190844_V06', 's3://noaa-nexrad-level2/2024/02/15/KIND/KIND20240215_190456_V06', 's3://noaa-nexrad-level2/2024/02/15/KLVX/KLVX20240215_190822_V06', 's3://noaa-nexrad-level2/2024/02/15/KJKL/KJKL20240215_190825_V06', 's3://noaa-nexrad-level2/2024/02/15/KIWX/KIWX20240215_190429_V06']"
27177,F,BE20,GRD UA /OV IRQ180040/TM 1911/FL280/TP BE20/TB NEG/RM SMOOTH ZTLFD-24,NEG,,28000.0,33.04327933327934,-82.16,2024-02-15 19:11:00,0.0,M,"('KCLX', 'KJGX', 'KCAE', 'KGSP', 'KVAX')","['s3://noaa-nexrad-level2/2024/02/15/KCLX/KCLX20240215_190359_V06', 's3://noaa-nexrad-level2/2024/02/15/KJGX/KJGX20240215_191004_V06', 's3://noaa-nexrad-level2/2024/02/15/KCAE/KCAE20240215_190848_V06', 's3://noaa-nexrad-level2/2024/02/15/KGSP/KGSP20240215_191005_V06', 's3://noaa-nexrad-level2/2024/02/15/KVAX/KVAX20240215_190524_V06']"
27178,F,C68A,BHM UA /OV VUZ150030/TM 1912/FL410/TP C68A/TB OCNL MOD/RM ZTLFD-02,OCNL MOD,,41000.0,33.236952224043854,-86.59958318399342,2024-02-15 19:12:00,3.0,U,"('KBMX', 'KMXX', 'KHTX', 'KGWX', 'KFFC')","['s3://noaa-nexrad-level2/2024/02/15/KBMX/KBMX20240215_190839_V06', 's3://noaa-nexrad-level2/2024/02/15/KMXX/KMXX20240215_190405_V06', 's3://noaa-nexrad-level2/2024/02/15/KHTX/KHTX20240215_191117_V06', 's3://noaa-nexrad-level2/2024/02/15/KGWX/KGWX20240215_190442_V06', 's3://noaa-nexrad-level2/2024/02/15/KFFC/KFFC20240215_191054_V06']"
27179,F,B739,LVN UA /OV FGT/TM 1913/FL320/TP B739/TB NEG,NEG,,32000.0,44.63,-93.18,2024-02-15 19:13:00,0.0,M,"('KMPX', 'KARX', 'KDLH', 'KDMX', 'KFSD')","['s3://noaa-nexrad-level2/2024/02/15/KMPX/KMPX20240215_190937_V06', 's3://noaa-nexrad-level2/2024/02/15/KARX/KARX20240215_191202_V06', 's3://noaa-nexrad-level2/2024/02/15/KDLH/KDLH20240215_190616_V06', 's3://noaa-nexrad-level2/2024/02/15/KDMX/KDMX20240215_190858_V06', 's3://noaa-nexrad-level2/2024/02/15/KFSD/KFSD20240215_190644_V06']"
27180,F,A320,ELP UA /OV EWM090015/TM 1913/FL250/TP A320/TB CONS MOD CAT/RM ZAB/FDCS,CONS MOD CAT,,25000.0,31.95,-105.97534208592208,2024-02-15 19:13:00,3.0,M,"('KEPZ', 'KHDX', 'KABX', 'KFDX', 'KMAF')","['s3://noaa-nexrad-level2/2024/02/15/KEPZ/KEPZ20240215_190746_V06', 's3://noaa-nexrad-level2/2024/02/15/KHDX/KHDX20240215_190929_V06', 's3://noaa-nexrad-level2/2024/02/15/KABX/KABX20240215_182918_V06', 's3://noaa-nexrad-level2/2024/02/15/KFDX/KFDX20240215_190719_V06', 's3://noaa-nexrad-level2/2024/02/15/KMAF/KMAF20240215_191033_V06']"
27181,F,T38,ATL UA /OV ATL090015/TM 1914/FL190/TP T38/TB NEG/RM ZTLFD-16,NEG,,19000.0,33.6301,-84.14152241155314,2024-02-15 19:14:00,0.0,L,"('KFFC', 'KJGX', 'KMXX', 'KGSP', 'KHTX')","['s3://noaa-nexrad-level2/2024/02/15/KFFC/KFFC20240215_191054_V06', 's3://noaa-nexrad-level2/2024/02/15/KJGX/KJGX20240215_191004_V06', 's3://noaa-nexrad-level2/2024/02/15/KMXX/KMXX20240215_191246_V06', 's3://noaa-nexrad-level2/2024/02/15/KGSP/KGSP20240215_191005_V06', 's3://noaa-nexrad-level2/2024/02/15/KHTX/KHTX20240215_191117_V06']"
27182,F,CRJ2,ORD UA /OV ORD090012/TM 1914/FL044/TP CRJ2/SK VMC/TB LGT CHOP,LGT CHOP,,4400.0,41.98754,-87.66283433981928,2024-02-15 19:14:00,1.0,M,"('KLOT', 'KMKX', 'KIWX', 'KGRR', 'KILX')","['s3://noaa-nexrad-level2/2024/02/15/KLOT/KLOT20240215_191059_V06', 's3://noaa-nexrad-level2/2024/02/15/KMKX/KMKX20240215_191205_V06', 's3://noaa-nexrad-level2/2024/02/15/KIWX/KIWX20240215_191128_V06', 's3://noaa-nexrad-level2/2024/02/15/KGRR/KGRR20240215_190958_V06', 's3://noaa-nexrad-level2/2024/02/15/KILX/KILX20240215_191224_V06']"
27183,F,SF34,ENA UA /OV ENA140032/TM 1914/FL140/TP SF34/TB MOD MTN WAVE/RM DIFFICULT TO MAINTAIN ALT +/- 30KTS,MOD MTN WAVE,,14000.0,60.16140987051684,-150.5422469682712,2024-02-15 19:14:00,3.0,M,"('PAHG', 'PAIH', 'PAIH', 'PAPD', 'PAKC')","['s3://noaa-nexrad-level2/2024/02/15/PAHG/PAHG20240215_190645_V06', 's3://noaa-nexrad-level2/2024/02/15/PAIH/PAIH20240215_190517_V06', 's3://noaa-nexrad-level2/2024/02/15/PAIH/PAIH20240215_190517_V06', 's3://noaa-nexrad-level2/2024/02/15/PAPD/PAPD20240215_191132_V06', 's3://noaa-nexrad-level2/2024/02/15/PAKC/PAKC20240215_191355_V06']"
27184,F,E55P,FAM UA /OV FAM240020/TM 1914/FL390/TP E55P/TB OCNL LGT CHOP/RM ZKC/FDC/CW,OCNL LGT CHOP,,39000.0,37.59434983331983,-90.79378689267796,2024-02-15 19:14:00,1.0,U,"('KLSX', 'KPAH', 'KNQA', 'KSGF', 'KILX')","['s3://noaa-nexrad-level2/2024/02/15/KLSX/KLSX20240215_190911_V06', 's3://noaa-nexrad-level2/2024/02/15/KNQA/KNQA20240215_190740_V06', 's3://noaa-nexrad-level2/2024/02/15/KSGF/KSGF20240215_190613_V06', 's3://noaa-nexrad-level2/2024/02/15/KILX/KILX20240215_191224_V06']"
27185,F,DH8A,HOM UA /OV PAHO /TM 1915 /FL100 /TP DH8A /TB LGT BLO 100 /RM DURDFROM N (AKFSS),LGT BLO 100,,10000.0,59.64556,-151.47658,2024-02-15 19:15:00,1.0,M,"('PAHG', 'PAIH', 'PAIH', 'PAKC', 'PAPD')","['s3://noaa-nexrad-level2/2024/02/15/PAHG/PAHG20240215_191436_V06', 's3://noaa-nexrad-level2/2024/02/15/PAIH/PAIH20240215_191457_V06', 's3://noaa-nexrad-level2/2024/02/15/PAIH/PAIH20240215_191457_V06', 's3://noaa-nexrad-level2/2024/02/15/PAKC/PAKC20240215_191355_V06', 's3://noaa-nexrad-level2/2024/02/15/PAPD/PAPD20240215_191132_V06']"
27186,F,DH8A,HOM UA /OV PAHO /TM 1915 /FL100 /TP DH8A /TB LGT BLO 100 /RM DURD FROM N (AKFSS,LGT BLO 100,,10000.0,59.64556,-151.47658,2024-02-15 19:15:00,1.0,M,"('PAHG', 'PAIH', 'PAIH', 'PAKC', 'PAPD')","['s3://noaa-nexrad-level2/2024/02/15/PAHG/PAHG20240215_191436_V06', 's3://noaa-nexrad-level2/2024/02/15/PAIH/PAIH20240215_191457_V06', 's3://noaa-nexrad-level2/2024/02/15/PAIH/PAIH20240215_191457_V06', 's3://noaa-nexrad-level2/2024/02/15/PAKC/PAKC20240215_191355_V06', 's3://noaa-nexrad-level2/2024/02/15/PAPD/PAPD20240215_191132_V06']"
27187,F,B738,BHM UA /OV VUZ150030/TM 1915/FL390/TP B738/TB LGT CHOP/RM ZTLFD-02,LGT CHOP,,39000.0,33.236952224043854,-86.59958318399342,2024-02-15 19:15:00,1.0,M,"('KBMX', 'KMXX', 'KHTX', 'KGWX', 'KFFC')","['s3://noaa-nexrad-level2/2024/02/15/KBMX/KBMX20240215_190839_V06', 's3://noaa-nexrad-level2/2024/02/15/KMXX/KMXX20240215_191246_V06', 's3://noaa-nexrad-level2/2024/02/15/KHTX/KHTX20240215_191117_V06', 's3://noaa-nexrad-level2/2024/02/15/KGWX/KGWX20240215_191427_V06', 's3://noaa-nexrad-level2/2024/02/15/KFFC/KFFC20240215_191054_V06']"
27188,F,A319,TPH UA /OV MVA061050/TM 1915/FL360/TP A319/TB OCNL LGT-MOD/RM /ZLC,OCNL LGT-MOD,,36000.0,38.97404074155404,-117.09770919776126,2024-02-15 19:15:00,2.0,M,"('KLRX', 'KRGX', 'KHNX', 'KEYX', 'KESX')","['s3://noaa-nexrad-level2/2024/02/15/KLRX/KLRX20240215_191024_V06', 's3://noaa-nexrad-level2/2024/02/15/KRGX/KRGX20240215_191402_V06', 's3://noaa-nexrad-level2/2024/02/15/KHNX/KHNX20240215_191050_V06', 's3://noaa-nexrad-level2/2024/02/15/KEYX/KEYX20240215_191449_V06', 's3://noaa-nexrad-level2/2024/02/15/KESX/KESX20240215_191001_V06']"
27189,F,B752,UNI UA /OV UNI/TM 1915/FL140/TP B752/SK TOP 140/TB OCNL LGT CHOP /IC NEG 230-140,OCNL LGT CHOP,,14000.0,39.2118914,-82.2292537,2024-02-15 19:15:00,1.0,M,"('KRLX', 'KILN', 'KJKL', 'KCLE', 'KPBZ')","['s3://noaa-nexrad-level2/2024/02/15/KRLX/KRLX20240215_191340_V06', 's3://noaa-nexrad-level2/2024/02/15/KILN/KILN20240215_191301_V06', 's3://noaa-nexrad-level2/2024/02/15/KJKL/KJKL20240215_190825_V06', 's3://noaa-nexrad-level2/2024/02/15/KCLE/KCLE20240215_191250_V06', 's3://noaa-nexrad-level2/2024/02/15/KPBZ/KPBZ20240215_191333_V06']"
27190,F,E175,VIH UA /OV VIH260057/TM 1915/FL350/TP E175/TB CONS LGT CHOP/RM ZKC/FDC/CW,CONS LGT CHOP,,35000.0,37.965020868975785,-92.959459788056,2024-02-15 19:15:00,1.0,U,"('KSGF', 'KEAX', 'KLSX', 'KSRX', 'KINX')","['s3://noaa-nexrad-level2/2024/02/15/KSGF/KSGF20240215_191444_V06', 's3://noaa-nexrad-level2/2024/02/15/KEAX/KEAX20240215_191217_V06', 's3://noaa-nexrad-level2/2024/02/15/KLSX/KLSX20240215_190911_V06', 's3://noaa-nexrad-level2/2024/02/15/KSRX/KSRX20240215_165638_V06', 's3://noaa-nexrad-level2/2024/02/15/KINX/KINX20240215_190834_V06']"
27191,F,P28A,LAF UA /OV KLAF/TM 1916/FL016/TP P28A/TB LGT CHOP,LGT CHOP,,1600.0,40.41476,-86.93333,2024-02-15 19:16:00,1.0,L,"('KIND', 'KIWX', 'KLOT', 'KVWX', 'KILX')","['s3://noaa-nexrad-level2/2024/02/15/KIND/KIND20240215_191150_V06', 's3://noaa-nexrad-level2/2024/02/15/KIWX/KIWX20240215_191128_V06', 's3://noaa-nexrad-level2/2024/02/15/KLOT/KLOT20240215_191059_V06', 's3://noaa-nexrad-level2/2024/02/15/KVWX/KVWX20240215_191217_V06', 's3://noaa-nexrad-level2/2024/02/15/KILX/KILX20240215_191224_V06']"
27192,F,E75L,PDX UA /OV BTG079025/TM 1916/FL135/TP E75L/SK TOP135/TB OCNL LGT CHOP/IC NEG/RM ...ZSE,OCNL LGT CHOP,,13500.0,45.82951018788359,-122.00380044593916,2024-02-15 19:16:00,1.0,U,"('KRTX', 'KATX', 'KLGX', 'KPDT', 'KMAX')","['s3://noaa-nexrad-level2/2024/02/15/KRTX/KRTX20240215_191214_V06', 's3://noaa-nexrad-level2/2024/02/15/KATX/KATX20240215_191453_V06', 's3://noaa-nexrad-level2/2024/02/15/KLGX/KLGX20240215_191130_V06', 's3://noaa-nexrad-level2/2024/02/15/KPDT/KPDT20240215_191254_V06', 's3://noaa-nexrad-level2/2024/02/15/KMAX/KMAX20240215_191319_V06']"
27193,F,A20N,DMN UA /OV CUS/TM 1917/FL340/TP A20N/TB MOD 340-270/RM ZAB/FDCS,MOD 340-270,,34000.0,31.82,-107.57,2024-02-15 19:17:00,3.0,U,"('KEPZ', 'KHDX', 'KEMX', 'KABX', 'KIWA')","['s3://noaa-nexrad-level2/2024/02/15/KEPZ/KEPZ20240215_191453_V06', 's3://noaa-nexrad-level2/2024/02/15/KHDX/KHDX20240215_191634_V06', 's3://noaa-nexrad-level2/2024/02/15/KEMX/KEMX20240215_191100_V06', 's3://noaa-nexrad-level2/2024/02/15/KABX/KABX20240215_182918_V06', 's3://noaa-nexrad-level2/2024/02/15/KIWA/KIWA20240215_191126_V06']"
27194,F,E75L,OSH UA /OV OSH/TM 1918/FL320/TP E75L/TB LGT CHOP,LGT CHOP,,32000.0,43.98435,-88.55704,2024-02-15 19:18:00,1.0,U,"('KGRB', 'KMKX', 'KLOT', 'KARX', 'KMQT')","['s3://noaa-nexrad-level2/2024/02/15/KGRB/KGRB20240215_191417_V06', 's3://noaa-nexrad-level2/2024/02/15/KMKX/KMKX20240215_191205_V06', 's3://noaa-nexrad-level2/2024/02/15/KLOT/KLOT20240215_191059_V06', 's3://noaa-nexrad-level2/2024/02/15/KARX/KARX20240215_191202_V06', 's3://noaa-nexrad-level2/2024/02/15/KMQT/KMQT20240215_191428_V06']"
27195,F,B789,INL UA /OV INL/TM 1918/FL380/TP B789/TB NEG,NEG,,38000.0,48.55946773,-93.3955519,2024-02-15 19:18:00,0.0,U,"('KDLH', 'KMPX', 'KMVX', 'KARX', 'KABR')","['s3://noaa-nexrad-level2/2024/02/15/KDLH/KDLH20240215_191438_V06', 's3://noaa-nexrad-level2/2024/02/15/KMPX/KMPX20240215_191759_V06', 's3://noaa-nexrad-level2/2024/02/15/KMVX/KMVX20240215_191309_V06', 's3://noaa-nexrad-level2/2024/02/15/KARX/KARX20240215_191202_V06', 's3://noaa-nexrad-level2/2024/02/15/KABR/KABR20240215_191657_V06']"
27196,F,A21N,MSN UA /OV BAE090030/TM 1919/FL320/TP A21N/TB CONS LGT OCNL MOD CHOP,CONS LGT OCNL MOD CHOP,,32000.0,43.12,-87.59494143403266,2024-02-15 19:19:00,2.0,U,"('KMKX', 'KGRB', 'KLOT', 'KGRR', 'KIWX')","['s3://noaa-nexrad-level2/2024/02/15/KMKX/KMKX20240215_191855_V06', 's3://noaa-nexrad-level2/2024/02/15/KGRB/KGRB20240215_191417_V06', 's3://noaa-nexrad-level2/2024/02/15/KLOT/KLOT20240215_191805_V06', 's3://noaa-nexrad-level2/2024/02/15/KGRR/KGRR20240215_191823_V06', 's3://noaa-nexrad-level2/2024/02/15/KIWX/KIWX20240215_191827_V06']"
27197,F,B350,ACT UA /OV LOA340020/TM 1920/FL240/TP B350/TB MOD 240-210/RM ZFW,MOD 240-210,,24000.0,31.43325624532144,-96.10318270827833,2024-02-15 19:20:00,3.0,M,"('KGRK', 'KFWS', 'KHGX', 'KSHV', 'KEWX')","['s3://noaa-nexrad-level2/2024/02/15/KGRK/KGRK20240215_191557_V06', 's3://noaa-nexrad-level2/2024/02/15/KFWS/KFWS20240215_191621_V06', 's3://noaa-nexrad-level2/2024/02/15/KHGX/KHGX20240215_155602_V06', 's3://noaa-nexrad-level2/2024/02/15/KSHV/KSHV20240215_191639_V06', 's3://noaa-nexrad-level2/2024/02/15/KEWX/KEWX20240215_191942_V06']"
27198,F,G280,TOL UA /OV TOL/TM 1920/FL150/TP G280/TB LGT CONS CHOP,LGT CONS CHOP,,15000.0,41.58861,-83.80139,2024-02-15 19:20:00,1.0,U,"('KDTX', 'KIWX', 'KCLE', 'KILN', 'KGRR')","['s3://noaa-nexrad-level2/2024/02/15/KDTX/KDTX20240215_191544_V06', 's3://noaa-nexrad-level2/2024/02/15/KIWX/KIWX20240215_191827_V06', 's3://noaa-nexrad-level2/2024/02/15/KCLE/KCLE20240215_191801_V06', 's3://noaa-nexrad-level2/2024/02/15/KILN/KILN20240215_191717_V06', 's3://noaa-nexrad-level2/2024/02/15/KGRR/KGRR20240215_191823_V06']"
27199,F,A320,WRB UA /OV VNA/TM 1920/FL290/TP A320/TB NEG/RM ZTLFD-24,NEG,,29000.0,32.21,-83.5,2024-02-15 19:20:00,0.0,M,"('KJGX', 'KVAX', 'KFFC', 'KTLH', 'KEOX')","['s3://noaa-nexrad-level2/2024/02/15/KJGX/KJGX20240215_191705_V06', 's3://noaa-nexrad-level2/2024/02/15/KVAX/KVAX20240215_191931_V06', 's3://noaa-nexrad-level2/2024/02/15/KFFC/KFFC20240215_191754_V06', 's3://noaa-nexrad-level2/2024/02/15/KTLH/KTLH20240215_191314_V06', 's3://noaa-nexrad-level2/2024/02/15/KEOX/KEOX20240215_191638_V06']"
27200,F,C208,ENA UA /OV ENA0800/TM 1920/FL060/TP C208/TB MOD/RM SIGNIFICANT UPDRAFTS + DOWNDRAFTS LIKE IVE NEVER FELT BEFORE ZAN,MOD,,6000.0,60.57,-151.24,2024-02-15 19:20:00,3.0,L,"('PAHG', 'PAIH', 'PAIH', 'PAKC', 'PAPD')","['s3://noaa-nexrad-level2/2024/02/15/PAHG/PAHG20240215_191436_V06', 's3://noaa-nexrad-level2/2024/02/15/PAIH/PAIH20240215_191457_V06', 's3://noaa-nexrad-level2/2024/02/15/PAIH/PAIH20240215_191457_V06', 's3://noaa-nexrad-level2/2024/02/15/PAKC/PAKC20240215_191355_V06', 's3://noaa-nexrad-level2/2024/02/15/PAPD/PAPD20240215_191820_V06']"
27201,F,SW4,HOM UA /OV ENA-HOM /TM 1920 /FL055 /TP SW4 /TB CONS LGT /RM BUMPYOVR BLUFF N OF PAHO AT 020 BUT SMOOTH IN TFC PATTERN RWY 4(AKFSS),CONS LGT,,5500.0,60.105,-151.35500000000002,2024-02-15 19:20:00,1.0,M,"('PAHG', 'PAIH', 'PAIH', 'PAKC', 'PAPD')","['s3://noaa-nexrad-level2/2024/02/15/PAHG/PAHG20240215_191436_V06', 's3://noaa-nexrad-level2/2024/02/15/PAIH/PAIH20240215_191457_V06', 's3://noaa-nexrad-level2/2024/02/15/PAIH/PAIH20240215_191457_V06', 's3://noaa-nexrad-level2/2024/02/15/PAKC/PAKC20240215_191355_V06', 's3://noaa-nexrad-level2/2024/02/15/PAPD/PAPD20240215_191820_V06']"
27202,F,SW4,HOM UA /OV ENA-HOM /TM 1920 /FL055 /TP SW4 /TB CONS LGT /RM BUMPY OVR BLUFF N OF PAHO AT 020 BUT SMOOTH IN TFC PATTERN RWY 4 (AKFSS,CONS LGT,,5500.0,60.105,-151.35500000000002,2024-02-15 19:20:00,1.0,M,"('PAHG', 'PAIH', 'PAIH', 'PAKC', 'PAPD')","['s3://noaa-nexrad-level2/2024/02/15/PAHG/PAHG20240215_191436_V06', 's3://noaa-nexrad-level2/2024/02/15/PAIH/PAIH20240215_191457_V06', 's3://noaa-nexrad-level2/2024/02/15/PAIH/PAIH20240215_191457_V06', 's3://noaa-nexrad-level2/2024/02/15/PAKC/PAKC20240215_191355_V06', 's3://noaa-nexrad-level2/2024/02/15/PAPD/PAPD20240215_191820_V06']"
27203,F,GLF5,ORD UA /OV PWK160015/TM 1920/FL040/TP GLF5/TB LGT-MOD,LGT-MOD,,4000.0,41.885887816008925,-87.78943313738621,2024-02-15 19:20:00,2.0,M,"('KLOT', 'KMKX', 'KIWX', 'KILX', 'KGRR')","['s3://noaa-nexrad-level2/2024/02/15/KLOT/KLOT20240215_191805_V06', 's3://noaa-nexrad-level2/2024/02/15/KMKX/KMKX20240215_191855_V06', 's3://noaa-nexrad-level2/2024/02/15/KIWX/KIWX20240215_191827_V06', 's3://noaa-nexrad-level2/2024/02/15/KILX/KILX20240215_191914_V06', 's3://noaa-nexrad-level2/2024/02/15/KGRR/KGRR20240215_191823_V06']"
27204,F,C182,PGA UA /OV PGA200020/TM 1920/FL105/TP C182/TB MOD/RM ZDV,MOD,,10500.0,36.612823754678566,-111.59098489475014,2024-02-15 19:20:00,3.0,L,"('KICX', 'KFSX', 'KFSX', 'KIWA', 'KESX')","['s3://noaa-nexrad-level2/2024/02/15/KICX/KICX20240215_191618_V06', 's3://noaa-nexrad-level2/2024/02/15/KFSX/KFSX20240215_191713_V06', 's3://noaa-nexrad-level2/2024/02/15/KFSX/KFSX20240215_191713_V06', 's3://noaa-nexrad-level2/2024/02/15/KIWA/KIWA20240215_191126_V06', 's3://noaa-nexrad-level2/2024/02/15/KESX/KESX20240215_191650_V06']"
27205,F,P28A,HKY UA /OV BZM/TM 1921/FL080/TP P28A/TB MOD CHOP/RM ZTLFD-45,MOD CHOP,,8000.0,35.87,-81.24,2024-02-15 19:21:00,3.0,L,"('KGSP', 'KFCX', 'KCAE', 'KMRX', 'KRLX')","['s3://noaa-nexrad-level2/2024/02/15/KGSP/KGSP20240215_191842_V06', 's3://noaa-nexrad-level2/2024/02/15/KFCX/KFCX20240215_191448_V06', 's3://noaa-nexrad-level2/2024/02/15/KCAE/KCAE20240215_191920_V06', 's3://noaa-nexrad-level2/2024/02/15/KMRX/KMRX20240215_191312_V06', 's3://noaa-nexrad-level2/2024/02/15/KRLX/KRLX20240215_191814_V06']"
27206,F,A321,LBL UA /OV LBL130030/TM 1921/FL340/TP A321/TB CONS LGT/RM ZKC/FDC/CW,CONS LGT,,34000.0,36.72280016223251,-100.4799461193288,2024-02-15 19:21:00,1.0,M,"('KDDC', 'KAMA', 'KVNX', 'KFDR', 'KGLD')","['s3://noaa-nexrad-level2/2024/02/15/KDDC/KDDC20240215_192015_V06', 's3://noaa-nexrad-level2/2024/02/15/KAMA/KAMA20240215_191720_V06', 's3://noaa-nexrad-level2/2024/02/15/KVNX/KVNX20240215_191716_V06', 's3://noaa-nexrad-level2/2024/02/15/KFDR/KFDR20240215_192028_V06', 's3://noaa-nexrad-level2/2024/02/15/KGLD/KGLD20240215_191651_V06']"
27207,F,B737,LSB UA /OV SSO058013/TM 1922/FL330/TP B737/TB MOD/RM ZAB/FDCS,MOD,,33000.0,32.38482514067625,-109.04267342685304,2024-02-15 19:22:00,3.0,M,"('KEMX', 'KEPZ', 'KIWA', 'KHDX', 'KFSX')","['s3://noaa-nexrad-level2/2024/02/15/KEMX/KEMX20240215_191803_V06', 's3://noaa-nexrad-level2/2024/02/15/KEPZ/KEPZ20240215_191453_V06', 's3://noaa-nexrad-level2/2024/02/15/KIWA/KIWA20240215_192002_V06', 's3://noaa-nexrad-level2/2024/02/15/KHDX/KHDX20240215_191634_V06', 's3://noaa-nexrad-level2/2024/02/15/KFSX/KFSX20240215_191713_V06']"
27208,F,B738,BHM UA /OV VUZ010040/TM 1922/FL380/TP B738/TB CONS LGT CHOP/RM ZTLFD-02,CONS LGT CHOP,,38000.0,34.326591681679986,-86.76088844629322,2024-02-15 19:22:00,1.0,M,"('KHTX', 'KBMX', 'KGWX', 'KOHX', 'KMXX')","['s3://noaa-nexrad-level2/2024/02/15/KHTX/KHTX20240215_191818_V06', 's3://noaa-nexrad-level2/2024/02/15/KBMX/KBMX20240215_191716_V06', 's3://noaa-nexrad-level2/2024/02/15/KGWX/KGWX20240215_191427_V06', 's3://noaa-nexrad-level2/2024/02/15/KOHX/KOHX20240215_191828_V06', 's3://noaa-nexrad-level2/2024/02/15/KMXX/KMXX20240215_192107_V06']"
27209,F,TBM9,GJT UA /OV JNC125030/TM 1922/FL280/TP TBM9/TB NEG/RM ZDV,NEG,,28000.0,38.77318855195558,-108.2624838214923,2024-02-15 19:22:00,0.0,U,"('KGJX', 'KFTG', 'KABX', 'KPUX', 'KCYS')","['s3://noaa-nexrad-level2/2024/02/15/KGJX/KGJX20240215_191653_V06', 's3://noaa-nexrad-level2/2024/02/15/KFTG/KFTG20240215_192118_V06', 's3://noaa-nexrad-level2/2024/02/15/KABX/KABX20240215_182918_V06', 's3://noaa-nexrad-level2/2024/02/15/KPUX/KPUX20240215_191648_V06', 's3://noaa-nexrad-level2/2024/02/15/KCYS/KCYS20240215_191611_V06']"
27210,F,E75L,BOS UA /OV BOS010006/TM 1923/FL060/TP E75L/TB NEG/IC NEG/RM DURD,NEG,,6000.0,42.459058752252,-70.98622780368704,2024-02-15 19:23:00,0.0,U,"('KBOX', 'KGYX', 'KOKX', 'KCXX', 'KENX')","['s3://noaa-nexrad-level2/2024/02/15/KBOX/KBOX20240215_191955_V06', 's3://noaa-nexrad-level2/2024/02/15/KGYX/KGYX20240215_192114_V06', 's3://noaa-nexrad-level2/2024/02/15/KOKX/KOKX20240215_191839_V06', 's3://noaa-nexrad-level2/2024/02/15/KCXX/KCXX20240215_192046_V06', 's3://noaa-nexrad-level2/2024/02/15/KENX/KENX20240215_191654_V06']"
27211,F,A320,DEN UA /OV 25 SW DEN /TM 1923/FL160/TP A320/TB MOD/RM +/-15KTS,MOD,,16000.0,39.53814830962787,-105.0412025453046,2024-02-15 19:23:00,3.0,M,"('KFTG', 'KPUX', 'KCYS', 'KGJX', 'KGLD')","['s3://noaa-nexrad-level2/2024/02/15/KFTG/KFTG20240215_192118_V06', 's3://noaa-nexrad-level2/2024/02/15/KPUX/KPUX20240215_191648_V06', 's3://noaa-nexrad-level2/2024/02/15/KCYS/KCYS20240215_191611_V06', 's3://noaa-nexrad-level2/2024/02/15/KGJX/KGJX20240215_191653_V06', 's3://noaa-nexrad-level2/2024/02/15/KGLD/KGLD20240215_191651_V06']"
27212,F,A320,LBL UA /OV LBL/TM 1923/FL340/TP A320/TB LGT-MOD/RM ZKC/FDC/CW,LGT-MOD,,34000.0,37.04422,-100.95986,2024-02-15 19:23:00,2.0,M,"('KDDC', 'KAMA', 'KGLD', 'KVNX', 'KFDR')","['s3://noaa-nexrad-level2/2024/02/15/KDDC/KDDC20240215_192015_V06', 's3://noaa-nexrad-level2/2024/02/15/KAMA/KAMA20240215_191720_V06', 's3://noaa-nexrad-level2/2024/02/15/KGLD/KGLD20240215_191651_V06', 's3://noaa-nexrad-level2/2024/02/15/KVNX/KVNX20240215_191716_V06', 's3://noaa-nexrad-level2/2024/02/15/KFDR/KFDR20240215_192028_V06']"
27213,F,B737,SFZ UA /OV PUT350016/TM 1923/FL310/TP B737/TB LGT-MOD,LGT-MOD,,31000.0,42.222636672672,-71.90227702735571,2024-02-15 19:23:00,2.0,M,"('KBOX', 'KOKX', 'KENX', 'KGYX', 'KCXX')","['s3://noaa-nexrad-level2/2024/02/15/KBOX/KBOX20240215_191955_V06', 's3://noaa-nexrad-level2/2024/02/15/KOKX/KOKX20240215_191839_V06', 's3://noaa-nexrad-level2/2024/02/15/KENX/KENX20240215_191654_V06', 's3://noaa-nexrad-level2/2024/02/15/KGYX/KGYX20240215_192114_V06', 's3://noaa-nexrad-level2/2024/02/15/KCXX/KCXX20240215_192046_V06']"
27214,F,C56X,GSH UA /OV GSH270010/TM 1923/FL320/TP C56X/TB OCNL LGT CHOP,OCNL LGT CHOP,,32000.0,41.52722,-86.0148637002228,2024-02-15 19:23:00,1.0,M,"('KIWX', 'KGRR', 'KIND', 'KLOT', 'KDTX')","['s3://noaa-nexrad-level2/2024/02/15/KIWX/KIWX20240215_191827_V06', 's3://noaa-nexrad-level2/2024/02/15/KGRR/KGRR20240215_191823_V06', 's3://noaa-nexrad-level2/2024/02/15/KIND/KIND20240215_191853_V06', 's3://noaa-nexrad-level2/2024/02/15/KLOT/KLOT20240215_191805_V06', 's3://noaa-nexrad-level2/2024/02/15/KDTX/KDTX20240215_192241_V06']"
27215,F,A320,MBPV UA /OV PVN115087/TM 1924/FL350/TP A320/TB MOD,MOD,,35000.0,21.15715388391151,-70.84481659059702,2024-02-15 19:24:00,3.0,M,"('KAMX', 'KAMX', 'KBYX', 'KMLB', 'KTBW')","['s3://noaa-nexrad-level2/2024/02/15/KBYX/KBYX20240215_192014_V06', 's3://noaa-nexrad-level2/2024/02/15/KMLB/KMLB20240215_192053_V06', 's3://noaa-nexrad-level2/2024/02/15/KTBW/KTBW20240215_191652_V06']"
27216,T,C680,DEN UUA /OV APA180020/TM 1924/FL120/TP C680/TB SEV 150-120/RM LOSS OF 1 000 FT,SEV 150-120,,12000.0,39.23663966663967,-104.85,2024-02-15 19:24:00,5.0,U,"('KFTG', 'KPUX', 'KCYS', 'KGLD', 'KGJX')","['s3://noaa-nexrad-level2/2024/02/15/KFTG/KFTG20240215_192118_V06', 's3://noaa-nexrad-level2/2024/02/15/KPUX/KPUX20240215_192353_V06', 's3://noaa-nexrad-level2/2024/02/15/KCYS/KCYS20240215_192317_V06', 's3://noaa-nexrad-level2/2024/02/15/KGLD/KGLD20240215_191651_V06', 's3://noaa-nexrad-level2/2024/02/15/KGJX/KGJX20240215_192341_V06']"
27217,F,B789,MOT UA /OV MOT090060/TM 1925/FL380/TP B789/TB NEG,NEG,,38000.0,48.25938,-99.77816447008853,2024-02-15 19:25:00,0.0,U,"('KMBX', 'KBIS', 'KMVX', 'KABR', 'KUDX')","['s3://noaa-nexrad-level2/2024/02/15/KMBX/KMBX20240215_191951_V06', 's3://noaa-nexrad-level2/2024/02/15/KBIS/KBIS20240215_192218_V06', 's3://noaa-nexrad-level2/2024/02/15/KMVX/KMVX20240215_192127_V06', 's3://noaa-nexrad-level2/2024/02/15/KABR/KABR20240215_192342_V06', 's3://noaa-nexrad-level2/2024/02/15/KUDX/KUDX20240215_191819_V06']"
27218,F,B190,ANC UA /OV TED100010/TM 1925/FL100/TP B190/TB MOD/RM DURD,MOD,,10000.0,61.14105629280277,-149.6495941821217,2024-02-15 19:25:00,3.0,M,"('PAHG', 'PAIH', 'PAIH', 'PAPD', 'PAKC')","['s3://noaa-nexrad-level2/2024/02/15/PAHG/PAHG20240215_192118_V06', 's3://noaa-nexrad-level2/2024/02/15/PAIH/PAIH20240215_192437_V06', 's3://noaa-nexrad-level2/2024/02/15/PAIH/PAIH20240215_192437_V06', 's3://noaa-nexrad-level2/2024/02/15/PAPD/PAPD20240215_191820_V06', 's3://noaa-nexrad-level2/2024/02/15/PAKC/PAKC20240215_192050_V06']"
27219,F,PC12,SLC UA /OV TCH150010/TM 1925/FL164-/TP PC12/TA M15/TB LGT TURB/IC LGT RIME,LGT TURB,,16400.0,40.70565074134795,-111.8698236667594,2024-02-15 19:25:00,1.0,L,"('KMTX', 'KSFX', 'KICX', 'KGJX', 'KRIW')","['s3://noaa-nexrad-level2/2024/02/15/KMTX/KMTX20240215_191957_V06', 's3://noaa-nexrad-level2/2024/02/15/KSFX/KSFX20240215_192051_V06', 's3://noaa-nexrad-level2/2024/02/15/KICX/KICX20240215_191618_V06', 's3://noaa-nexrad-level2/2024/02/15/KGJX/KGJX20240215_192341_V06', 's3://noaa-nexrad-level2/2024/02/15/KRIW/KRIW20240215_192437_V06']"
27220,F,C172,SGJ UA /OV FIN360010 /TM 1926 /FL035 /TP C172 /SK SCT040 /TB LGT CHOP,LGT CHOP,,3500.0,29.632380166680164,-81.2087,2024-02-15 19:26:00,1.0,L,"('KJAX', 'KMLB', 'KVAX', 'KTBW', 'KCLX')","['s3://noaa-nexrad-level2/2024/02/15/KJAX/KJAX20240215_192259_V06', 's3://noaa-nexrad-level2/2024/02/15/KMLB/KMLB20240215_192053_V06', 's3://noaa-nexrad-level2/2024/02/15/KVAX/KVAX20240215_191931_V06', 's3://noaa-nexrad-level2/2024/02/15/KTBW/KTBW20240215_192527_V06', 's3://noaa-nexrad-level2/2024/02/15/KCLX/KCLX20240215_192114_V06']"
27221,F,B737,BVO UA /OV BVO/TM 1926/FL350/TP B737/TB MOD/RM ZKC/FDC/CW,MOD,,35000.0,36.76248,-96.01115,2024-02-15 19:26:00,3.0,M,"('KINX', 'KICT', 'KTLX', 'KOUN', 'KVNX')","['s3://noaa-nexrad-level2/2024/02/15/KINX/KINX20240215_191717_V06', 's3://noaa-nexrad-level2/2024/02/15/KICT/KICT20240215_192334_V06', 's3://noaa-nexrad-level2/2024/02/15/KTLX/KTLX20240215_191923_V06', 's3://noaa-nexrad-level2/2024/02/15/KVNX/KVNX20240215_191716_V06']"
27222,F,B737,BAF UA /OV BAF130020/TM 1927/FL280/TP B737/TB NEG/RM MUCH BETTER,NEG,,28000.0,41.94350010815501,-72.37162187437704,2024-02-15 19:27:00,0.0,M,"('KOKX', 'KBOX', 'KENX', 'KCXX', 'KDIX')","['s3://noaa-nexrad-level2/2024/02/15/KOKX/KOKX20240215_192652_V06', 's3://noaa-nexrad-level2/2024/02/15/KBOX/KBOX20240215_192643_V06', 's3://noaa-nexrad-level2/2024/02/15/KENX/KENX20240215_192357_V06', 's3://noaa-nexrad-level2/2024/02/15/KCXX/KCXX20240215_192046_V06', 's3://noaa-nexrad-level2/2024/02/15/KDIX/KDIX20240215_192254_V06']"
27223,F,E75L,BNA UA /OV BNA270040/TM 1928/FL350/TP E75L/TB CONS MOD/RM ZME,CONS MOD,,35000.0,36.11889,-87.51452814513824,2024-02-15 19:28:00,3.0,U,"('KHPX', 'KOHX', 'KPAH', 'KHTX', 'KVWX')","['s3://noaa-nexrad-level2/2024/02/15/KHPX/KHPX20240215_192111_V06', 's3://noaa-nexrad-level2/2024/02/15/KOHX/KOHX20240215_192515_V06', 's3://noaa-nexrad-level2/2024/02/15/KHTX/KHTX20240215_192520_V06', 's3://noaa-nexrad-level2/2024/02/15/KVWX/KVWX20240215_192554_V06']"
27224,F,C56X,PSX UA /OV PSX225020/TM 1928/FL160/TP C56X/TB MOD/RM 20SW PSX C56X RPTD MOD TURB FL160 AT 1928Z KZHU,MOD,,16000.0,28.494278647702306,-96.51881378053253,2024-02-15 19:28:00,3.0,M,"('KCRP', 'KHGX', 'KEWX', 'KGRK', 'KBRO')","['s3://noaa-nexrad-level2/2024/02/15/KCRP/KCRP20240215_192022_V06', 's3://noaa-nexrad-level2/2024/02/15/KHGX/KHGX20240215_155602_V06', 's3://noaa-nexrad-level2/2024/02/15/KEWX/KEWX20240215_192628_V06', 's3://noaa-nexrad-level2/2024/02/15/KGRK/KGRK20240215_192251_V06', 's3://noaa-nexrad-level2/2024/02/15/KBRO/KBRO20240215_192412_V06']"
27225,F,B752,IAH UA /OV IAH045040/TM 1929/FL190/TP B752/TB MOD CHOP/RM 40NE IAH B752 RPTD MOD CHOP FL190 AT 1929Z KZHU,MOD CHOP,,19000.0,30.4558427045954,-94.81641039513184,2024-02-15 19:29:00,3.0,M,"('KHGX', 'KLCH', 'KPOE', 'KSHV', 'KGRK')","['s3://noaa-nexrad-level2/2024/02/15/KHGX/KHGX20240215_155602_V06', 's3://noaa-nexrad-level2/2024/02/15/KLCH/KLCH20240215_192236_V06', 's3://noaa-nexrad-level2/2024/02/15/KPOE/KPOE20240215_192256_V06', 's3://noaa-nexrad-level2/2024/02/15/KSHV/KSHV20240215_192522_V06', 's3://noaa-nexrad-level2/2024/02/15/KGRK/KGRK20240215_192251_V06']"
27226,F,B39M,OXI UA /OV OXI/TM 1930/FL350/TP B39M/TB NEG,NEG,,35000.0,41.3301944,-86.6648056,2024-02-15 19:30:00,0.0,U,"('KIWX', 'KLOT', 'KIND', 'KGRR', 'KMKX')","['s3://noaa-nexrad-level2/2024/02/15/KIWX/KIWX20240215_192525_V06', 's3://noaa-nexrad-level2/2024/02/15/KLOT/KLOT20240215_192510_V06', 's3://noaa-nexrad-level2/2024/02/15/KIND/KIND20240215_192552_V06', 's3://noaa-nexrad-level2/2024/02/15/KGRR/KGRR20240215_192647_V06', 's3://noaa-nexrad-level2/2024/02/15/KMKX/KMKX20240215_192537_V06']"
27227,F,C560,COS UA /OV 5 S COS/TM 1930/FL090/TP C560/TB MOD TURB DURC 17R,MOD TURB DURC 17R,,9000.0,38.72246991665992,-104.70078,2024-02-15 19:30:00,3.0,M,"('KPUX', 'KFTG', 'KCYS', 'KGLD', 'KGJX')","['s3://noaa-nexrad-level2/2024/02/15/KPUX/KPUX20240215_192353_V06', 's3://noaa-nexrad-level2/2024/02/15/KFTG/KFTG20240215_192812_V06', 's3://noaa-nexrad-level2/2024/02/15/KCYS/KCYS20240215_192317_V06', 's3://noaa-nexrad-level2/2024/02/15/KGLD/KGLD20240215_192626_V06', 's3://noaa-nexrad-level2/2024/02/15/KGJX/KGJX20240215_192914_V06']"
27228,F,BCS3,HTS UA /OV HNN360015/TM 1931/FL290/TP BCS3/TB OCNL LGT CHOP 230-290,OCNL LGT CHOP 230-290,,29000.0,39.00002025002025,-82.03,2024-02-15 19:31:00,1.0,U,"('KRLX', 'KILN', 'KJKL', 'KPBZ', 'KCLE')","['s3://noaa-nexrad-level2/2024/02/15/KRLX/KRLX20240215_192721_V06', 's3://noaa-nexrad-level2/2024/02/15/KILN/KILN20240215_193008_V06', 's3://noaa-nexrad-level2/2024/02/15/KJKL/KJKL20240215_192928_V06', 's3://noaa-nexrad-level2/2024/02/15/KPBZ/KPBZ20240215_192526_V06', 's3://noaa-nexrad-level2/2024/02/15/KCLE/KCLE20240215_192824_V06']"
27229,F,B789,BML UA /OV BML180030/TM 1931/FL330/TP B789/TB LGT-MOD CHOP,LGT-MOD CHOP,,33000.0,44.0760694999595,-71.17861,2024-02-15 19:31:00,2.0,U,"('KGYX', 'KCXX', 'KBOX', 'KENX', 'KOKX')","['s3://noaa-nexrad-level2/2024/02/15/KGYX/KGYX20240215_192820_V06', 's3://noaa-nexrad-level2/2024/02/15/KCXX/KCXX20240215_192749_V06', 's3://noaa-nexrad-level2/2024/02/15/KBOX/KBOX20240215_192643_V06', 's3://noaa-nexrad-level2/2024/02/15/KENX/KENX20240215_193059_V06', 's3://noaa-nexrad-level2/2024/02/15/KOKX/KOKX20240215_192652_V06']"
27230,F,A321,LSB UA /OV SSO/TM 1931/FL350/TP A321/TB LGT-MOD/RM ZAB/FDCS,LGT-MOD,,35000.0,32.27,-109.26,2024-02-15 19:31:00,2.0,M,"('KEMX', 'KEPZ', 'KIWA', 'KFSX', 'KFSX')","['s3://noaa-nexrad-level2/2024/02/15/KEMX/KEMX20240215_192508_V06', 's3://noaa-nexrad-level2/2024/02/15/KEPZ/KEPZ20240215_192906_V06', 's3://noaa-nexrad-level2/2024/02/15/KIWA/KIWA20240215_192830_V06', 's3://noaa-nexrad-level2/2024/02/15/KFSX/KFSX20240215_192555_V06', 's3://noaa-nexrad-level2/2024/02/15/KFSX/KFSX20240215_192555_V06']"
27231,F,B190,ANC UA /OV TED180006/TM 1932/FL040/TP B190/TB LGT OCNL MOD 070-045/RM DURD OVER TURNAGAIN,LGT OCNL MOD 070-045,,4000.0,61.06999189999191,-149.99,2024-02-15 19:32:00,2.0,M,"('PAHG', 'PAIH', 'PAIH', 'PAPD', 'PAKC')","['s3://noaa-nexrad-level2/2024/02/15/PAHG/PAHG20240215_192759_V06', 's3://noaa-nexrad-level2/2024/02/15/PAIH/PAIH20240215_192437_V06', 's3://noaa-nexrad-level2/2024/02/15/PAIH/PAIH20240215_192437_V06', 's3://noaa-nexrad-level2/2024/02/15/PAPD/PAPD20240215_193152_V06', 's3://noaa-nexrad-level2/2024/02/15/PAKC/PAKC20240215_192743_V06']"
27232,F,C182,AEG UA /OV ABQ270010 /TM 1933 /FL115 /TP C182 /TB LGT-MOD,LGT-MOD,,11500.0,35.0419,-106.8190832125381,2024-02-15 19:33:00,2.0,L,"('KABX', 'KHDX', 'KEPZ', 'KFDX', 'KGJX')","['s3://noaa-nexrad-level2/2024/02/15/KABX/KABX20240215_182918_V06', 's3://noaa-nexrad-level2/2024/02/15/KHDX/KHDX20240215_193038_V06', 's3://noaa-nexrad-level2/2024/02/15/KEPZ/KEPZ20240215_192906_V06', 's3://noaa-nexrad-level2/2024/02/15/KFDX/KFDX20240215_192737_V06', 's3://noaa-nexrad-level2/2024/02/15/KGJX/KGJX20240215_192914_V06']"
27233,F,CL60,ALB UA /OV ALB200020/TM 1933/FL360/TP CL60/TB NEG,NEG,,36000.0,42.44431375467857,-73.95889582495805,2024-02-15 19:33:00,0.0,M,"('KENX', 'KOKX', 'KBGM', 'KTYX', 'KCXX')","['s3://noaa-nexrad-level2/2024/02/15/KENX/KENX20240215_193059_V06', 's3://noaa-nexrad-level2/2024/02/15/KOKX/KOKX20240215_192652_V06', 's3://noaa-nexrad-level2/2024/02/15/KBGM/KBGM20240215_192844_V06', 's3://noaa-nexrad-level2/2024/02/15/KTYX/KTYX20240215_192800_V06', 's3://noaa-nexrad-level2/2024/02/15/KCXX/KCXX20240215_192749_V06']"
27234,F,E75S,BAF UA /OV CTR1/TM 1933/FL280/TP E75S/TB CONS LGT CHOP,CONS LGT CHOP,,28000.0,42.15778,-72.71611,2024-02-15 19:33:00,1.0,U,"('KOKX', 'KENX', 'KBOX', 'KCXX', 'KDIX')","['s3://noaa-nexrad-level2/2024/02/15/KOKX/KOKX20240215_192652_V06', 's3://noaa-nexrad-level2/2024/02/15/KENX/KENX20240215_193059_V06', 's3://noaa-nexrad-level2/2024/02/15/KBOX/KBOX20240215_192643_V06', 's3://noaa-nexrad-level2/2024/02/15/KCXX/KCXX20240215_192749_V06', 's3://noaa-nexrad-level2/2024/02/15/KDIX/KDIX20240215_192937_V06']"
27235,F,B737,DEN UA /OV RY35R/TM 1933/FL070/TP B737/TB NEG,NEG,,7000.0,39.8328,-104.6575,2024-02-15 19:33:00,0.0,M,"('KFTG', 'KCYS', 'KPUX', 'KGLD', 'KGJX')","['s3://noaa-nexrad-level2/2024/02/15/KFTG/KFTG20240215_192812_V06', 's3://noaa-nexrad-level2/2024/02/15/KCYS/KCYS20240215_193024_V06', 's3://noaa-nexrad-level2/2024/02/15/KPUX/KPUX20240215_193057_V06', 's3://noaa-nexrad-level2/2024/02/15/KGLD/KGLD20240215_192626_V06', 's3://noaa-nexrad-level2/2024/02/15/KGJX/KGJX20240215_192914_V06']"
27236,F,SR22,FAY UA /OV 2 MI SW FAY/TM 1933/FL020/TP SR22/TB MOD,MOD,,2000.0,34.99122,-78.88028,2024-02-15 19:33:00,3.0,L,"('KRAX', 'KLTX', 'KMHX', 'KFCX', 'KCAE')","['s3://noaa-nexrad-level2/2024/02/15/KRAX/KRAX20240215_192901_V06', 's3://noaa-nexrad-level2/2024/02/15/KLTX/KLTX20240215_192751_V06', 's3://noaa-nexrad-level2/2024/02/15/KMHX/KMHX20240215_193018_V06', 's3://noaa-nexrad-level2/2024/02/15/KFCX/KFCX20240215_193200_V06', 's3://noaa-nexrad-level2/2024/02/15/KCAE/KCAE20240215_193221_V06']"
27237,F,A333,FIT UA /OV GDM060040/TM 1934/FL400/TP A333/TB NEG,NEG,,40000.0,42.87336033336033,-71.22635081480799,2024-02-15 19:34:00,0.0,H,"('KBOX', 'KGYX', 'KCXX', 'KOKX', 'KENX')","['s3://noaa-nexrad-level2/2024/02/15/KBOX/KBOX20240215_193326_V06', 's3://noaa-nexrad-level2/2024/02/15/KGYX/KGYX20240215_192820_V06', 's3://noaa-nexrad-level2/2024/02/15/KCXX/KCXX20240215_192749_V06', 's3://noaa-nexrad-level2/2024/02/15/KOKX/KOKX20240215_192652_V06', 's3://noaa-nexrad-level2/2024/02/15/KENX/KENX20240215_193059_V06']"
27238,F,E75L,SDF UA /OV IIU180015/TM 1935/FL050/TP E75L/TB MOD BLO 050,MOD BLO 050,,5000.0,37.84997974997975,-85.58,2024-02-15 19:35:00,3.0,U,"('KLVX', 'KOHX', 'KIND', 'KHPX', 'KVWX')","['s3://noaa-nexrad-level2/2024/02/15/KLVX/KLVX20240215_192950_V06', 's3://noaa-nexrad-level2/2024/02/15/KOHX/KOHX20240215_193209_V06', 's3://noaa-nexrad-level2/2024/02/15/KIND/KIND20240215_193245_V06', 's3://noaa-nexrad-level2/2024/02/15/KHPX/KHPX20240215_192802_V06', 's3://noaa-nexrad-level2/2024/02/15/KVWX/KVWX20240215_193253_V06']"
27239,F,E75S,BAF UA /OV CTR290015/TM 1936/FL320/TP E75S/TB NEG,NEG,,32000.0,42.37551196174624,-73.26759735802801,2024-02-15 19:36:00,0.0,U,"('KENX', 'KOKX', 'KCXX', 'KBOX', 'KDIX')","['s3://noaa-nexrad-level2/2024/02/15/KENX/KENX20240215_193059_V06', 's3://noaa-nexrad-level2/2024/02/15/KOKX/KOKX20240215_193506_V06', 's3://noaa-nexrad-level2/2024/02/15/KCXX/KCXX20240215_193436_V06', 's3://noaa-nexrad-level2/2024/02/15/KBOX/KBOX20240215_193326_V06', 's3://noaa-nexrad-level2/2024/02/15/KDIX/KDIX20240215_192937_V06']"
27240,F,BE35,TRI UA /OV GZG/TM 1937/FL060/TP BE35/TB MOD CHOP,MOD CHOP,,6000.0,36.83,-82.08,2024-02-15 19:37:00,3.0,L,"('KJKL', 'KMRX', 'KRLX', 'KFCX', 'KGSP')","['s3://noaa-nexrad-level2/2024/02/15/KJKL/KJKL20240215_193622_V06', 's3://noaa-nexrad-level2/2024/02/15/KMRX/KMRX20240215_193024_V06', 's3://noaa-nexrad-level2/2024/02/15/KRLX/KRLX20240215_193614_V06', 's3://noaa-nexrad-level2/2024/02/15/KFCX/KFCX20240215_193200_V06', 's3://noaa-nexrad-level2/2024/02/15/KGSP/KGSP20240215_193549_V06']"
27241,F,CL30,ALB UA /OV KALB/TM 1937/FL210/TP CL30/TB NEG/RM DURC FROM KALB,NEG,,21000.0,42.75757,-73.80361,2024-02-15 19:37:00,0.0,U,"('KENX', 'KCXX', 'KOKX', 'KTYX', 'KBGM')","['s3://noaa-nexrad-level2/2024/02/15/KENX/KENX20240215_193059_V06', 's3://noaa-nexrad-level2/2024/02/15/KCXX/KCXX20240215_193436_V06', 's3://noaa-nexrad-level2/2024/02/15/KOKX/KOKX20240215_193506_V06', 's3://noaa-nexrad-level2/2024/02/15/KTYX/KTYX20240215_193306_V06', 's3://noaa-nexrad-level2/2024/02/15/KBGM/KBGM20240215_193345_V06']"
27242,F,B39M,FWA UA /OV FWA/TM 1937/FL350/TP B39M/TB CONS LGT CHOP,CONS LGT CHOP,,35000.0,40.97805,-85.18713,2024-02-15 19:37:00,1.0,U,"('KIWX', 'KIND', 'KGRR', 'KILN', 'KDTX')","['s3://noaa-nexrad-level2/2024/02/15/KIWX/KIWX20240215_193224_V06', 's3://noaa-nexrad-level2/2024/02/15/KIND/KIND20240215_193245_V06', 's3://noaa-nexrad-level2/2024/02/15/KGRR/KGRR20240215_193511_V06', 's3://noaa-nexrad-level2/2024/02/15/KILN/KILN20240215_193424_V06', 's3://noaa-nexrad-level2/2024/02/15/KDTX/KDTX20240215_193618_V06']"
27243,F,F2TH,ALB UA /OV ALB100025/TM 1937/FL280/TP F2TH/TB CONS LGT BLO 335/RM DURD,CONS LGT BLO 335,,28000.0,42.68521073200692,-73.24470035923814,2024-02-15 19:37:00,1.0,M,"('KENX', 'KCXX', 'KOKX', 'KBOX', 'KTYX')","['s3://noaa-nexrad-level2/2024/02/15/KENX/KENX20240215_193059_V06', 's3://noaa-nexrad-level2/2024/02/15/KCXX/KCXX20240215_193436_V06', 's3://noaa-nexrad-level2/2024/02/15/KOKX/KOKX20240215_193506_V06', 's3://noaa-nexrad-level2/2024/02/15/KBOX/KBOX20240215_193326_V06', 's3://noaa-nexrad-level2/2024/02/15/KTYX/KTYX20240215_193306_V06']"
27244,F,CRJ7,BOS UA /OV BOS/TM 1937/FL280/TP CRJ7/TB LGT CHOP,LGT CHOP,,28000.0,42.36057,-71.00973,2024-02-15 19:37:00,1.0,M,"('KBOX', 'KGYX', 'KOKX', 'KCXX', 'KENX')","['s3://noaa-nexrad-level2/2024/02/15/KBOX/KBOX20240215_193326_V06', 's3://noaa-nexrad-level2/2024/02/15/KGYX/KGYX20240215_193513_V06', 's3://noaa-nexrad-level2/2024/02/15/KOKX/KOKX20240215_193506_V06', 's3://noaa-nexrad-level2/2024/02/15/KCXX/KCXX20240215_193436_V06', 's3://noaa-nexrad-level2/2024/02/15/KENX/KENX20240215_193059_V06']"
27245,F,B712,SYR UA /OV SYR270030/TM 1937/FL330/TP B712/TB NEG/RM SMOOTH,NEG,,33000.0,43.11119,-76.79126994664604,2024-02-15 19:37:00,0.0,M,"('KBGM', 'KTYX', 'KBUF', 'KCCX', 'KENX')","['s3://noaa-nexrad-level2/2024/02/15/KBGM/KBGM20240215_193345_V06', 's3://noaa-nexrad-level2/2024/02/15/KTYX/KTYX20240215_193306_V06', 's3://noaa-nexrad-level2/2024/02/15/KBUF/KBUF20240215_193458_V06', 's3://noaa-nexrad-level2/2024/02/15/KCCX/KCCX20240215_193457_V06', 's3://noaa-nexrad-level2/2024/02/15/KENX/KENX20240215_193059_V06']"
27246,F,C172,LMO UA /OV LMO045010 /TM 1938 /FL080 /TP C172 /TB OCNL LGT /RM OVC063 TO EAST,OCNL LGT,,8000.0,40.28153067614885,-105.00881351144729,2024-02-15 19:38:00,1.0,L,"('KFTG', 'KCYS', 'KPUX', 'KGJX', 'KGLD')","['s3://noaa-nexrad-level2/2024/02/15/KFTG/KFTG20240215_193507_V06', 's3://noaa-nexrad-level2/2024/02/15/KCYS/KCYS20240215_193731_V06', 's3://noaa-nexrad-level2/2024/02/15/KPUX/KPUX20240215_193057_V06', 's3://noaa-nexrad-level2/2024/02/15/KGJX/KGJX20240215_193448_V06', 's3://noaa-nexrad-level2/2024/02/15/KGLD/KGLD20240215_193601_V06']"
27247,F,CL60,SYR UA /OV SYR210025/TM 1938/FL250/TP CL60/SK TOP 250/TB NEG,NEG,,25000.0,42.75031685336988,-76.39170997776918,2024-02-15 19:38:00,0.0,M,"('KBGM', 'KTYX', 'KENX', 'KBUF', 'KCCX')","['s3://noaa-nexrad-level2/2024/02/15/KBGM/KBGM20240215_193345_V06', 's3://noaa-nexrad-level2/2024/02/15/KTYX/KTYX20240215_193306_V06', 's3://noaa-nexrad-level2/2024/02/15/KENX/KENX20240215_193059_V06', 's3://noaa-nexrad-level2/2024/02/15/KBUF/KBUF20240215_193458_V06', 's3://noaa-nexrad-level2/2024/02/15/KCCX/KCCX20240215_193457_V06']"
27248,F,A320,MEM UA /OV MEM338025/TM 1939/FL310/TP A320/TB MOD CHOP/RM ZME,MOD CHOP,,31000.0,35.44746789855588,-90.1757038851587,2024-02-15 19:39:00,3.0,M,"('KNQA', 'KPAH', 'KLZK', 'KGWX', 'KHPX')","['s3://noaa-nexrad-level2/2024/02/15/KNQA/KNQA20240215_193322_V06', 's3://noaa-nexrad-level2/2024/02/15/KLZK/KLZK20240215_193606_V06', 's3://noaa-nexrad-level2/2024/02/15/KGWX/KGWX20240215_193356_V06', 's3://noaa-nexrad-level2/2024/02/15/KHPX/KHPX20240215_193513_V06']"
27249,F,B737,BWI UA /OV BAL210010/TM 1939/FL038/TP B737/TB MOD CHOP/RM 038-023,MOD CHOP,,3800.0,39.02565074134795,-76.76749740385814,2024-02-15 19:39:00,3.0,M,"('KLWX', 'KDOX', 'KAKQ', 'KCCX', 'KDIX')","['s3://noaa-nexrad-level2/2024/02/15/KLWX/KLWX20240215_193355_V06', 's3://noaa-nexrad-level2/2024/02/15/KDOX/KDOX20240215_141914_V06', 's3://noaa-nexrad-level2/2024/02/15/KAKQ/KAKQ20240215_193313_V06', 's3://noaa-nexrad-level2/2024/02/15/KCCX/KCCX20240215_193457_V06', 's3://noaa-nexrad-level2/2024/02/15/KDIX/KDIX20240215_193620_V06']"
27250,F,B738,ERV UA /OV CSI315020/TM 1939/FL220/TP B738/TB MOD CHOP 220-200/RM 20NW CSI B738 RPTD MOD CHOP FL220-FL200 AT 1939Z KZHU,MOD CHOP 220-200,,22000.0,30.1557213522977,-99.48196859471224,2024-02-15 19:39:00,3.0,M,"('KDFX', 'KEWX', 'KSJT', 'KGRK', 'KDYX')","['s3://noaa-nexrad-level2/2024/02/15/KDFX/KDFX20240215_193206_V06', 's3://noaa-nexrad-level2/2024/02/15/KEWX/KEWX20240215_193315_V06', 's3://noaa-nexrad-level2/2024/02/15/KSJT/KSJT20240215_193838_V06', 's3://noaa-nexrad-level2/2024/02/15/KGRK/KGRK20240215_193633_V06', 's3://noaa-nexrad-level2/2024/02/15/KDYX/KDYX20240215_193355_V06']"
27251,F,CL35,DMN UA /OV DMN/TM 1940/FL380/TP CL35/TB CONS LGT-MOD CHOP/RM ZAB/FDCS,CONS LGT-MOD CHOP,,38000.0,32.26231,-107.72064,2024-02-15 19:40:00,2.0,U,"('KEPZ', 'KHDX', 'KEMX', 'KABX', 'KIWA')","['s3://noaa-nexrad-level2/2024/02/15/KEPZ/KEPZ20240215_193612_V06', 's3://noaa-nexrad-level2/2024/02/15/KHDX/KHDX20240215_193737_V06', 's3://noaa-nexrad-level2/2024/02/15/KEMX/KEMX20240215_193900_V06', 's3://noaa-nexrad-level2/2024/02/15/KABX/KABX20240215_182918_V06', 's3://noaa-nexrad-level2/2024/02/15/KIWA/KIWA20240215_193700_V06']"
27252,F,A20N,ABR UA /OV ABR360030/TM 1940/FL340/TP A20N/TB CONS LGT 290-330,CONS LGT 290-330,,34000.0,45.9500405000405,-98.42,2024-02-15 19:40:00,1.0,U,"('KABR', 'KMVX', 'KBIS', 'KFSD', 'KMBX')","['s3://noaa-nexrad-level2/2024/02/15/KABR/KABR20240215_193709_V06', 's3://noaa-nexrad-level2/2024/02/15/KMVX/KMVX20240215_193826_V06', 's3://noaa-nexrad-level2/2024/02/15/KBIS/KBIS20240215_193548_V06', 's3://noaa-nexrad-level2/2024/02/15/KFSD/KFSD20240215_193507_V06', 's3://noaa-nexrad-level2/2024/02/15/KMBX/KMBX20240215_193744_V06']"
27253,F,B737,AZO UA /OV AZO/TM 1940/FL325/TP B737/TB MOD CHOP 325-335,MOD CHOP 325-335,,32500.0,42.23472,-85.55194,2024-02-15 19:40:00,3.0,M,"('KGRR', 'KIWX', 'KDTX', 'KLOT', 'KIND')","['s3://noaa-nexrad-level2/2024/02/15/KGRR/KGRR20240215_193511_V06', 's3://noaa-nexrad-level2/2024/02/15/KIWX/KIWX20240215_193923_V06', 's3://noaa-nexrad-level2/2024/02/15/KDTX/KDTX20240215_193618_V06', 's3://noaa-nexrad-level2/2024/02/15/KLOT/KLOT20240215_193858_V06', 's3://noaa-nexrad-level2/2024/02/15/KIND/KIND20240215_193939_V06']"
27254,F,B737,CHA UA /OV GQO090015/TM 1940/FL350/TP B737/TB CONS LGT CHOP/RM ZTLFD-36,CONS LGT CHOP,,35000.0,34.96,-84.84493068693591,2024-02-15 19:40:00,1.0,M,"('KHTX', 'KFFC', 'KMRX', 'KOHX', 'KMXX')","['s3://noaa-nexrad-level2/2024/02/15/KHTX/KHTX20240215_193954_V06', 's3://noaa-nexrad-level2/2024/02/15/KFFC/KFFC20240215_193840_V06', 's3://noaa-nexrad-level2/2024/02/15/KMRX/KMRX20240215_193845_V06', 's3://noaa-nexrad-level2/2024/02/15/KOHX/KOHX20240215_193910_V06', 's3://noaa-nexrad-level2/2024/02/15/KMXX/KMXX20240215_193917_V06']"
27255,F,B190,FAI UA /OV FAI225008 /TM 1940 /FL040 /TP B190 /TB CONS LGT 040-100/RM DURC (AKFSS),CONS LGT 040-100,,4000.0,64.71571145908092,-148.07153150457825,2024-02-15 19:40:00,1.0,M,"('PAPD', 'PAHG', 'PAIH', 'PAIH', 'PAKC')","['s3://noaa-nexrad-level2/2024/02/15/PAPD/PAPD20240215_193854_V06', 's3://noaa-nexrad-level2/2024/02/15/PAHG/PAHG20240215_193444_V06', 's3://noaa-nexrad-level2/2024/02/15/PAIH/PAIH20240215_193416_V06', 's3://noaa-nexrad-level2/2024/02/15/PAIH/PAIH20240215_193416_V06', 's3://noaa-nexrad-level2/2024/02/15/PAKC/PAKC20240215_193443_V06']"
27256,F,B190,FAI UA /OV FAI225008 /TM 1940 /FL040 /TP B190 /TB CONS LGT 040-100 /RM DURC (AKFSS,CONS LGT 040-100,,4000.0,64.71571145908092,-148.07153150457825,2024-02-15 19:40:00,1.0,M,"('PAPD', 'PAHG', 'PAIH', 'PAIH', 'PAKC')","['s3://noaa-nexrad-level2/2024/02/15/PAPD/PAPD20240215_193854_V06', 's3://noaa-nexrad-level2/2024/02/15/PAHG/PAHG20240215_193444_V06', 's3://noaa-nexrad-level2/2024/02/15/PAIH/PAIH20240215_193416_V06', 's3://noaa-nexrad-level2/2024/02/15/PAIH/PAIH20240215_193416_V06', 's3://noaa-nexrad-level2/2024/02/15/PAKC/PAKC20240215_193443_V06']"
27257,F,A319,TYS UA /OV VXV360015/TM 1941/FL390/TP A319/TB NEG/RM ZTLFD-40,NEG,,39000.0,36.15002025002025,-83.89,2024-02-15 19:41:00,0.0,M,"('KMRX', 'KJKL', 'KGSP', 'KHTX', 'KOHX')","['s3://noaa-nexrad-level2/2024/02/15/KMRX/KMRX20240215_193845_V06', 's3://noaa-nexrad-level2/2024/02/15/KJKL/KJKL20240215_193622_V06', 's3://noaa-nexrad-level2/2024/02/15/KGSP/KGSP20240215_193549_V06', 's3://noaa-nexrad-level2/2024/02/15/KHTX/KHTX20240215_193954_V06', 's3://noaa-nexrad-level2/2024/02/15/KOHX/KOHX20240215_193910_V06']"
27258,F,B738,LSB UA /OV SSO350010/TM 1942/FL350/TP B738/TB CONS MOD CHOP/RM ZAB/FDCS,CONS MOD CHOP,,35000.0,32.43414792042,-109.29423097160192,2024-02-15 19:42:00,3.0,M,"('KEMX', 'KIWA', 'KEPZ', 'KFSX', 'KFSX')","['s3://noaa-nexrad-level2/2024/02/15/KEMX/KEMX20240215_193900_V06', 's3://noaa-nexrad-level2/2024/02/15/KIWA/KIWA20240215_193700_V06', 's3://noaa-nexrad-level2/2024/02/15/KEPZ/KEPZ20240215_193612_V06', 's3://noaa-nexrad-level2/2024/02/15/KFSX/KFSX20240215_193438_V06', 's3://noaa-nexrad-level2/2024/02/15/KFSX/KFSX20240215_193438_V06']"
27259,F,A321,DMN UA /OV DMN/TM 1943/FL290/TP A321/TB CONS MOD/RM ZAB/FDCS,CONS MOD,,29000.0,32.26231,-107.72064,2024-02-15 19:43:00,3.0,M,"('KEPZ', 'KHDX', 'KEMX', 'KABX', 'KIWA')","['s3://noaa-nexrad-level2/2024/02/15/KEPZ/KEPZ20240215_193612_V06', 's3://noaa-nexrad-level2/2024/02/15/KHDX/KHDX20240215_193737_V06', 's3://noaa-nexrad-level2/2024/02/15/KEMX/KEMX20240215_193900_V06', 's3://noaa-nexrad-level2/2024/02/15/KABX/KABX20240215_182918_V06', 's3://noaa-nexrad-level2/2024/02/15/KIWA/KIWA20240215_193700_V06']"
27260,F,B717,DKK UA /OV DKK/TM 1944/FL280/TP B717/TB CONS LGT TURB,CONS LGT TURB,,28000.0,42.49334,-79.27204,2024-02-15 19:44:00,1.0,M,"('KBUF', 'KCCX', 'KPBZ', 'KCLE', 'KBGM')","['s3://noaa-nexrad-level2/2024/02/15/KBUF/KBUF20240215_194141_V06', 's3://noaa-nexrad-level2/2024/02/15/KCCX/KCCX20240215_193929_V06', 's3://noaa-nexrad-level2/2024/02/15/KPBZ/KPBZ20240215_194203_V06', 's3://noaa-nexrad-level2/2024/02/15/KCLE/KCLE20240215_193852_V06', 's3://noaa-nexrad-level2/2024/02/15/KBGM/KBGM20240215_194007_V06']"
27261,F,C68A,ORD UA /OV MDW180008/TM 1944/FL070/TP C68A/TB LGT CHOP SFC-080,LGT CHOP SFC-080,,7000.0,41.65262586665587,-87.75242,2024-02-15 19:44:00,1.0,U,"('KLOT', 'KMKX', 'KIWX', 'KILX', 'KIND')","['s3://noaa-nexrad-level2/2024/02/15/KLOT/KLOT20240215_193858_V06', 's3://noaa-nexrad-level2/2024/02/15/KMKX/KMKX20240215_193912_V06', 's3://noaa-nexrad-level2/2024/02/15/KIWX/KIWX20240215_193923_V06', 's3://noaa-nexrad-level2/2024/02/15/KILX/KILX20240215_194117_V06', 's3://noaa-nexrad-level2/2024/02/15/KIND/KIND20240215_193939_V06']"
27262,F,PRM1,AVL UA /OV SUG/TM 1945/FL110/TP PRM1/TB LGT-MOD CHOP 100/RM SMOOTH 110 ZTLFD-44,LGT-MOD CHOP 100,,11000.0,35.41,-82.27,2024-02-15 19:45:00,2.0,L,"('KGSP', 'KMRX', 'KCAE', 'KJKL', 'KFCX')","['s3://noaa-nexrad-level2/2024/02/15/KGSP/KGSP20240215_194427_V06', 's3://noaa-nexrad-level2/2024/02/15/KMRX/KMRX20240215_193845_V06', 's3://noaa-nexrad-level2/2024/02/15/KCAE/KCAE20240215_194454_V06', 's3://noaa-nexrad-level2/2024/02/15/KJKL/KJKL20240215_194308_V06', 's3://noaa-nexrad-level2/2024/02/15/KFCX/KFCX20240215_194017_V06']"
27263,F,A320,BUF UA /OV BUF/TM 1945/FL300/TP A320/TB CONS LGT TURB,CONS LGT TURB,,30000.0,42.9408,-78.7358,2024-02-15 19:45:00,1.0,M,"('KBUF', 'KCCX', 'KPBZ', 'KBGM', 'KTYX')","['s3://noaa-nexrad-level2/2024/02/15/KBUF/KBUF20240215_194141_V06', 's3://noaa-nexrad-level2/2024/02/15/KCCX/KCCX20240215_194407_V06', 's3://noaa-nexrad-level2/2024/02/15/KPBZ/KPBZ20240215_194203_V06', 's3://noaa-nexrad-level2/2024/02/15/KBGM/KBGM20240215_194007_V06', 's3://noaa-nexrad-level2/2024/02/15/KTYX/KTYX20240215_194303_V06']"
27264,F,CRJ9,ABY UA /OV ABY180020/TM 1946/FL220/TP CRJ9/TB CONS LGT CHOP,CONS LGT CHOP,,22000.0,31.20215966663967,-84.19447,2024-02-15 19:46:00,1.0,U,"('KTLH', 'KVAX', 'KEOX', 'KJGX', 'KEVX')","['s3://noaa-nexrad-level2/2024/02/15/KTLH/KTLH20240215_193811_V06', 's3://noaa-nexrad-level2/2024/02/15/KVAX/KVAX20240215_194024_V06', 's3://noaa-nexrad-level2/2024/02/15/KEOX/KEOX20240215_194430_V06', 's3://noaa-nexrad-level2/2024/02/15/KJGX/KJGX20240215_194456_V06', 's3://noaa-nexrad-level2/2024/02/15/KEVX/KEVX20240215_194230_V06']"
27265,F,B737,DEN UA /OV DEN230030/TM 1946/FL150/TP B737/TB MOD TB 150-100,MOD TB 150-100,,15000.0,39.511380162232506,-105.15632118592832,2024-02-15 19:46:00,3.0,M,"('KFTG', 'KPUX', 'KCYS', 'KGJX', 'KGLD')","['s3://noaa-nexrad-level2/2024/02/15/KFTG/KFTG20240215_194205_V06', 's3://noaa-nexrad-level2/2024/02/15/KPUX/KPUX20240215_194507_V06', 's3://noaa-nexrad-level2/2024/02/15/KCYS/KCYS20240215_194438_V06', 's3://noaa-nexrad-level2/2024/02/15/KGJX/KGJX20240215_194554_V06', 's3://noaa-nexrad-level2/2024/02/15/KGLD/KGLD20240215_193601_V06']"
27266,F,A321,FMN UA /OV RSK103055/TM 1946/FL220/TP A321/SK FEW220/TB NEG/IC NEG/RM ZDV,NEG,,22000.0,36.54377816421897,-106.98519106893718,2024-02-15 19:46:00,0.0,M,"('KABX', 'KGJX', 'KPUX', 'KHDX', 'KFDX')","['s3://noaa-nexrad-level2/2024/02/15/KABX/KABX20240215_182918_V06', 's3://noaa-nexrad-level2/2024/02/15/KGJX/KGJX20240215_194554_V06', 's3://noaa-nexrad-level2/2024/02/15/KPUX/KPUX20240215_194507_V06', 's3://noaa-nexrad-level2/2024/02/15/KHDX/KHDX20240215_194430_V06', 's3://noaa-nexrad-level2/2024/02/15/KFDX/KFDX20240215_194111_V06']"
27267,F,A333,PVD UA /OV PVD240015/TM 1947/FL300/TP A333/TB LGT CHOP/RM DURD,LGT CHOP,,30000.0,41.59688987498987,-71.72259722739962,2024-02-15 19:47:00,1.0,H,"('KBOX', 'KOKX', 'KENX', 'KGYX', 'KDIX')","['s3://noaa-nexrad-level2/2024/02/15/KBOX/KBOX20240215_194014_V06', 's3://noaa-nexrad-level2/2024/02/15/KOKX/KOKX20240215_194336_V06', 's3://noaa-nexrad-level2/2024/02/15/KENX/KENX20240215_194504_V06', 's3://noaa-nexrad-level2/2024/02/15/KGYX/KGYX20240215_194204_V06', 's3://noaa-nexrad-level2/2024/02/15/KDIX/KDIX20240215_194316_V06']"
27268,F,B190,FAI UA /OV FAI180010/TM 1947/FL040/TP B190/TB CONT LGT 040-100/RM DURC ZAN,CONT LGT 040-100,,4000.0,64.64331983331984,-147.85,2024-02-15 19:47:00,1.0,M,"('PAPD', 'PAHG', 'PAIH', 'PAIH', 'PAKC')","['s3://noaa-nexrad-level2/2024/02/15/PAPD/PAPD20240215_194557_V06', 's3://noaa-nexrad-level2/2024/02/15/PAHG/PAHG20240215_194129_V06', 's3://noaa-nexrad-level2/2024/02/15/PAIH/PAIH20240215_194355_V06', 's3://noaa-nexrad-level2/2024/02/15/PAIH/PAIH20240215_194355_V06', 's3://noaa-nexrad-level2/2024/02/15/PAKC/PAKC20240215_194143_V06']"
27269,F,B737,NCA UA /OV DIW/TM 1948/FL300/TP B737/TB LGT,LGT,,30000.0,34.57,-77.45,2024-02-15 19:48:00,1.0,M,"('KMHX', 'KLTX', 'KRAX', 'KAKQ', 'KCAE')","['s3://noaa-nexrad-level2/2024/02/15/KMHX/KMHX20240215_194349_V06', 's3://noaa-nexrad-level2/2024/02/15/KLTX/KLTX20240215_194140_V06', 's3://noaa-nexrad-level2/2024/02/15/KRAX/KRAX20240215_194602_V06', 's3://noaa-nexrad-level2/2024/02/15/KAKQ/KAKQ20240215_194637_V06', 's3://noaa-nexrad-level2/2024/02/15/KCAE/KCAE20240215_194738_V06']"
27270,F,GLF4,ABY UA /OV ABY180040/TM 1949/FL230/TP GLF4/TB OCNL LGT-MOD,OCNL LGT-MOD,,23000.0,30.86879933327933,-84.19447,2024-02-15 19:49:00,2.0,M,"('KTLH', 'KVAX', 'KEOX', 'KEVX', 'KJGX')","['s3://noaa-nexrad-level2/2024/02/15/KTLH/KTLH20240215_194625_V06', 's3://noaa-nexrad-level2/2024/02/15/KVAX/KVAX20240215_194729_V06', 's3://noaa-nexrad-level2/2024/02/15/KEOX/KEOX20240215_194430_V06', 's3://noaa-nexrad-level2/2024/02/15/KEVX/KEVX20240215_194230_V06', 's3://noaa-nexrad-level2/2024/02/15/KJGX/KJGX20240215_194456_V06']"
27271,F,B738,ORD UA /OV ORD135035/TM 1949/FL060/TP B738/TB NEG,NEG,,6000.0,41.57502763347903,-87.37694851553685,2024-02-15 19:49:00,0.0,M,"('KLOT', 'KIWX', 'KMKX', 'KIND', 'KGRR')","['s3://noaa-nexrad-level2/2024/02/15/KLOT/KLOT20240215_194557_V06', 's3://noaa-nexrad-level2/2024/02/15/KIWX/KIWX20240215_194615_V06', 's3://noaa-nexrad-level2/2024/02/15/KMKX/KMKX20240215_194554_V06', 's3://noaa-nexrad-level2/2024/02/15/KIND/KIND20240215_194646_V06', 's3://noaa-nexrad-level2/2024/02/15/KGRR/KGRR20240215_194324_V06']"
27272,F,E75L,RDM UA /OV DSD030015/TM 1949/FL080/TP E75L/TA M14/TB MOD 080-110/IC LGT RME 100-110/RM ..ZSE,MOD 080-110,,8000.0,44.46652388797807,-121.12547845059242,2024-02-15 19:49:00,3.0,U,"('KRTX', 'KPDT', 'KMAX', 'KATX', 'KLGX')","['s3://noaa-nexrad-level2/2024/02/15/KRTX/KRTX20240215_194555_V06', 's3://noaa-nexrad-level2/2024/02/15/KPDT/KPDT20240215_194738_V06', 's3://noaa-nexrad-level2/2024/02/15/KMAX/KMAX20240215_194644_V06', 's3://noaa-nexrad-level2/2024/02/15/KATX/KATX20240215_194702_V06', 's3://noaa-nexrad-level2/2024/02/15/KLGX/KLGX20240215_194754_V06']"
27273,F,B777,AXN UA /OV AXN/TM 1950/FL350/TP B777/TB NEG,NEG,,35000.0,45.86631,-95.39467,2024-02-15 19:50:00,0.0,H,"('KMPX', 'KMVX', 'KFSD', 'KABR', 'KDLH')","['s3://noaa-nexrad-level2/2024/02/15/KMPX/KMPX20240215_194335_V06', 's3://noaa-nexrad-level2/2024/02/15/KMVX/KMVX20240215_194645_V06', 's3://noaa-nexrad-level2/2024/02/15/KFSD/KFSD20240215_194924_V06', 's3://noaa-nexrad-level2/2024/02/15/KABR/KABR20240215_194353_V06', 's3://noaa-nexrad-level2/2024/02/15/KDLH/KDLH20240215_194845_V06']"
27274,F,P28A,LAF UA /OV KLAF/TM 1951/FL025/TP P28A/SK BKN028/TB LGT/RM REPORTED 4 MILES SOUTH OF KLAF,LGT,,2500.0,40.41476,-86.93333,2024-02-15 19:51:00,1.0,L,"('KIND', 'KIWX', 'KLOT', 'KVWX', 'KILX')","['s3://noaa-nexrad-level2/2024/02/15/KIND/KIND20240215_194646_V06', 's3://noaa-nexrad-level2/2024/02/15/KIWX/KIWX20240215_194615_V06', 's3://noaa-nexrad-level2/2024/02/15/KLOT/KLOT20240215_194557_V06', 's3://noaa-nexrad-level2/2024/02/15/KVWX/KVWX20240215_194647_V06', 's3://noaa-nexrad-level2/2024/02/15/KILX/KILX20240215_194804_V06']"
27275,F,B738,ONL UA /OV ONL/TM 1951/FL320/TP B738/TB CONS LGT CHOP,CONS LGT CHOP,,32000.0,42.46972,-98.68806,2024-02-15 19:51:00,1.0,M,"('KLNX', 'KUEX', 'KFSD', 'KOAX', 'KABR')","['s3://noaa-nexrad-level2/2024/02/15/KLNX/KLNX20240215_194617_V06', 's3://noaa-nexrad-level2/2024/02/15/KUEX/KUEX20240215_194745_V06', 's3://noaa-nexrad-level2/2024/02/15/KFSD/KFSD20240215_194924_V06', 's3://noaa-nexrad-level2/2024/02/15/KOAX/KOAX20240215_194718_V06', 's3://noaa-nexrad-level2/2024/02/15/KABR/KABR20240215_195037_V06']"
27276,F,A320,CKB UA /OV CKB/TM 1952/FL060/TP A320/WV 24035/TB LGT-MOD,LGT-MOD,,6000.0,39.29664,-80.22808,2024-02-15 19:52:00,2.0,M,"('KPBZ', 'KRLX', 'KFCX', 'KCLE', 'KCCX')","['s3://noaa-nexrad-level2/2024/02/15/KPBZ/KPBZ20240215_194716_V06', 's3://noaa-nexrad-level2/2024/02/15/KRLX/KRLX20240215_194943_V06', 's3://noaa-nexrad-level2/2024/02/15/KFCX/KFCX20240215_194838_V06', 's3://noaa-nexrad-level2/2024/02/15/KCLE/KCLE20240215_194931_V06', 's3://noaa-nexrad-level2/2024/02/15/KCCX/KCCX20240215_194846_V06']"
27277,F,CRJ9,PEQ UA /OV PEQ280040/TM 1952/FL320/TP CRJ9/TB CONS LGT 290-320/RM ZAB/FDCS,CONS LGT 290-320,,32000.0,31.495774828788925,-104.27908351923858,2024-02-15 19:52:00,1.0,U,"('KMAF', 'KHDX', 'KEPZ', 'KFDX', 'KLBB')","['s3://noaa-nexrad-level2/2024/02/15/KMAF/KMAF20240215_195140_V06', 's3://noaa-nexrad-level2/2024/02/15/KHDX/KHDX20240215_195136_V06', 's3://noaa-nexrad-level2/2024/02/15/KEPZ/KEPZ20240215_195025_V06', 's3://noaa-nexrad-level2/2024/02/15/KFDX/KFDX20240215_194816_V06', 's3://noaa-nexrad-level2/2024/02/15/KLBB/KLBB20240215_194938_V06']"
27278,F,A320,LYH UA /OV LYH160030/TM 1952/FL280/TP A320/TB LGT-MOD,LGT-MOD,,28000.0,36.850915632017845,-78.99164412541813,2024-02-15 19:52:00,2.0,M,"('KRAX', 'KFCX', 'KAKQ', 'KLWX', 'KLTX')","['s3://noaa-nexrad-level2/2024/02/15/KRAX/KRAX20240215_194602_V06', 's3://noaa-nexrad-level2/2024/02/15/KFCX/KFCX20240215_194838_V06', 's3://noaa-nexrad-level2/2024/02/15/KAKQ/KAKQ20240215_194637_V06', 's3://noaa-nexrad-level2/2024/02/15/KLWX/KLWX20240215_194722_V06', 's3://noaa-nexrad-level2/2024/02/15/KLTX/KLTX20240215_194820_V06']"
27279,F,A321,PAH UA /OV CNG/TM 1954/FL350/TP A321/TB OCNL MOD CHOP/RM ZME,OCNL MOD CHOP,,35000.0,37.01,-88.84,2024-02-15 19:54:00,3.0,M,"('KPAH', 'KHPX', 'KVWX', 'KNQA', 'KOHX')","['s3://noaa-nexrad-level2/2024/02/15/KHPX/KHPX20240215_194919_V06', 's3://noaa-nexrad-level2/2024/02/15/KVWX/KVWX20240215_195342_V06', 's3://noaa-nexrad-level2/2024/02/15/KNQA/KNQA20240215_195012_V06', 's3://noaa-nexrad-level2/2024/02/15/KOHX/KOHX20240215_195313_V06']"
27280,F,BE20,PSX UA /OV PSX180020/TM 1954/FL140/TP BE20/TB MOD CHOP/RM ZHU,MOD CHOP,,14000.0,28.39663966663967,-96.25,2024-02-15 19:54:00,3.0,M,"('KCRP', 'KHGX', 'KEWX', 'KGRK', 'KBRO')","['s3://noaa-nexrad-level2/2024/02/15/KCRP/KCRP20240215_194551_V06', 's3://noaa-nexrad-level2/2024/02/15/KHGX/KHGX20240215_155602_V06', 's3://noaa-nexrad-level2/2024/02/15/KEWX/KEWX20240215_195329_V06', 's3://noaa-nexrad-level2/2024/02/15/KGRK/KGRK20240215_195012_V06', 's3://noaa-nexrad-level2/2024/02/15/KBRO/KBRO20240215_195302_V06']"
27281,F,B738,GAD UA /OV GAD/TM 1955/FL370/TP B738/TB LGT CHOP/RM ZTLFD-02,LGT CHOP,,37000.0,33.97265,-86.08908,2024-02-15 19:55:00,1.0,M,"('KHTX', 'KBMX', 'KMXX', 'KFFC', 'KGWX')","['s3://noaa-nexrad-level2/2024/02/15/KHTX/KHTX20240215_195323_V06', 's3://noaa-nexrad-level2/2024/02/15/KBMX/KBMX20240215_195126_V06', 's3://noaa-nexrad-level2/2024/02/15/KMXX/KMXX20240215_194758_V06', 's3://noaa-nexrad-level2/2024/02/15/KFFC/KFFC20240215_195221_V06', 's3://noaa-nexrad-level2/2024/02/15/KGWX/KGWX20240215_195326_V06']"
27282,F,A20N,MYGF UA /OV ZFP360150/TM 1955/FL390/TP A20N/TB OCNL LGT-MOD,OCNL LGT-MOD,,39000.0,29.0002025002025,-78.78,2024-02-15 19:55:00,2.0,U,"('KMLB', 'KJAX', 'KAMX', 'KAMX', 'KTBW')","['s3://noaa-nexrad-level2/2024/02/15/KMLB/KMLB20240215_194845_V06', 's3://noaa-nexrad-level2/2024/02/15/KJAX/KJAX20240215_195033_V06', 's3://noaa-nexrad-level2/2024/02/15/KTBW/KTBW20240215_195138_V06']"
27283,F,A320,MEI UA /OV MEI315030/TM 1955/FL240/TP A320/TB MOD/RM ZME,MOD,,24000.0,32.68833202844655,-89.16954117677196,2024-02-15 19:55:00,3.0,M,"('KDGX', 'KGWX', 'KMOB', 'KLIX', 'KBMX')","['s3://noaa-nexrad-level2/2024/02/15/KDGX/KDGX20240215_195442_V06', 's3://noaa-nexrad-level2/2024/02/15/KGWX/KGWX20240215_195326_V06', 's3://noaa-nexrad-level2/2024/02/15/KMOB/KMOB20240215_195021_V06', 's3://noaa-nexrad-level2/2024/02/15/KBMX/KBMX20240215_195126_V06']"
27284,F,C172,APG UA /OV MD11 /TM 1956 /FL030 /TP C172 /TB LGT-MOD CHOP,LGT-MOD CHOP,,3000.0,39.27,-76.06,2024-02-15 19:56:00,2.0,L,"('KDOX', 'KLWX', 'KDIX', 'KAKQ', 'KCCX')","['s3://noaa-nexrad-level2/2024/02/15/KDOX/KDOX20240215_141914_V06', 's3://noaa-nexrad-level2/2024/02/15/KLWX/KLWX20240215_195405_V06', 's3://noaa-nexrad-level2/2024/02/15/KDIX/KDIX20240215_194959_V06', 's3://noaa-nexrad-level2/2024/02/15/KAKQ/KAKQ20240215_195319_V06', 's3://noaa-nexrad-level2/2024/02/15/KCCX/KCCX20240215_195324_V06']"
27285,F,P28A,SGJ UA /OV SGJ270008 /TM 1957 /FL030 /TP P28A /TA 14 /TB NEG /RM SMTH,NEG,,3000.0,29.95925,-81.49362938260417,2024-02-15 19:57:00,0.0,L,"('KJAX', 'KVAX', 'KMLB', 'KTBW', 'KCLX')","['s3://noaa-nexrad-level2/2024/02/15/KJAX/KJAX20240215_195033_V06', 's3://noaa-nexrad-level2/2024/02/15/KVAX/KVAX20240215_195434_V06', 's3://noaa-nexrad-level2/2024/02/15/KMLB/KMLB20240215_195547_V06', 's3://noaa-nexrad-level2/2024/02/15/KTBW/KTBW20240215_195138_V06', 's3://noaa-nexrad-level2/2024/02/15/KCLX/KCLX20240215_195539_V06']"
27286,F,E75L,GEG UA /OV GEG210012/TM 1957/FL050/TP E75L/TB LGT TURB 050,LGT TURB 050,,5000.0,47.44838088961754,-117.67637469828848,2024-02-15 19:57:00,1.0,U,"('KOTX', 'KPDT', 'KMSX', 'KCBX', 'KATX')","['s3://noaa-nexrad-level2/2024/02/15/KOTX/KOTX20240215_195226_V06', 's3://noaa-nexrad-level2/2024/02/15/KPDT/KPDT20240215_195307_V06', 's3://noaa-nexrad-level2/2024/02/15/KMSX/KMSX20240215_195133_V06', 's3://noaa-nexrad-level2/2024/02/15/KCBX/KCBX20240215_195545_V06', 's3://noaa-nexrad-level2/2024/02/15/KATX/KATX20240215_195615_V06']"
27287,F,B737,LGC UA /OV LGC320050/TM 1958/FL370/TP B737/TB CONS LGT CHOP/RM ZTLFD-02,CONS LGT CHOP,,37000.0,33.647282077317435,-85.71142285201255,2024-02-15 19:58:00,1.0,M,"('KMXX', 'KBMX', 'KFFC', 'KHTX', 'KEOX')","['s3://noaa-nexrad-level2/2024/02/15/KMXX/KMXX20240215_195619_V06', 's3://noaa-nexrad-level2/2024/02/15/KBMX/KBMX20240215_195126_V06', 's3://noaa-nexrad-level2/2024/02/15/KFFC/KFFC20240215_195221_V06', 's3://noaa-nexrad-level2/2024/02/15/KHTX/KHTX20240215_195323_V06', 's3://noaa-nexrad-level2/2024/02/15/KEOX/KEOX20240215_195117_V06']"
27288,F,A320,ILM UA /OV ILM190150/TM 1958/FL340/TP A320/TB OCNL LGT CHOP,OCNL LGT CHOP,,34000.0,31.80778119370008,-78.42536200137818,2024-02-15 19:58:00,1.0,M,"('KLTX', 'KCLX', 'KMHX', 'KCAE', 'KJAX')","['s3://noaa-nexrad-level2/2024/02/15/KLTX/KLTX20240215_195514_V06', 's3://noaa-nexrad-level2/2024/02/15/KCLX/KCLX20240215_195539_V06', 's3://noaa-nexrad-level2/2024/02/15/KMHX/KMHX20240215_195715_V06', 's3://noaa-nexrad-level2/2024/02/15/KCAE/KCAE20240215_195422_V06', 's3://noaa-nexrad-level2/2024/02/15/KJAX/KJAX20240215_195727_V06']"
27289,F,B737,COS UA /OV BRK080003/TM 1959/FL130/TP B737/TB MOD,MOD,,13000.0,38.948683112159166,-104.5666879820643,2024-02-15 19:59:00,3.0,M,"('KPUX', 'KFTG', 'KCYS', 'KGLD', 'KGJX')","['s3://noaa-nexrad-level2/2024/02/15/KPUX/KPUX20240215_195212_V06', 's3://noaa-nexrad-level2/2024/02/15/KFTG/KFTG20240215_195605_V06', 's3://noaa-nexrad-level2/2024/02/15/KCYS/KCYS20240215_195850_V06', 's3://noaa-nexrad-level2/2024/02/15/KGLD/KGLD20240215_195702_V06', 's3://noaa-nexrad-level2/2024/02/15/KGJX/KGJX20240215_195701_V06']"
27290,F,C172,ANC UA /OV TED040013/TM 1959/FL020/TP C172/TB MOD/RM OVER THE GLENN,MOD,,2000.0,61.33598974010253,-149.70116064660684,2024-02-15 19:59:00,3.0,L,"('PAHG', 'PAIH', 'PAIH', 'PAPD', 'PAKC')","['s3://noaa-nexrad-level2/2024/02/15/PAHG/PAHG20240215_195500_V06', 's3://noaa-nexrad-level2/2024/02/15/PAIH/PAIH20240215_195335_V06', 's3://noaa-nexrad-level2/2024/02/15/PAIH/PAIH20240215_195335_V06', 's3://noaa-nexrad-level2/2024/02/15/PAPD/PAPD20240215_195300_V06', 's3://noaa-nexrad-level2/2024/02/15/PAKC/PAKC20240215_195542_V06']"
27291,F,CRJ9,FIT UA /OV GDM140020/TM 1959/FL320/TP CRJ9/TB LGT,LGT,,32000.0,42.28463116907302,-71.71917713015047,2024-02-15 19:59:00,1.0,U,"('KBOX', 'KOKX', 'KGYX', 'KENX', 'KCXX')","['s3://noaa-nexrad-level2/2024/02/15/KBOX/KBOX20240215_195346_V06', 's3://noaa-nexrad-level2/2024/02/15/KOKX/KOKX20240215_195201_V06', 's3://noaa-nexrad-level2/2024/02/15/KGYX/KGYX20240215_195549_V06', 's3://noaa-nexrad-level2/2024/02/15/KENX/KENX20240215_195206_V06', 's3://noaa-nexrad-level2/2024/02/15/KCXX/KCXX20240215_195650_V06']"
27292,F,B38M,OLU UA /OV OBH/TM 1959/FL300/TP B38M/TB CONS LGT CHOP,CONS LGT CHOP,,30000.0,41.38,-98.35,2024-02-15 19:59:00,1.0,U,"('KUEX', 'KOAX', 'KLNX', 'KFSD', 'KTWX')","['s3://noaa-nexrad-level2/2024/02/15/KUEX/KUEX20240215_195441_V06', 's3://noaa-nexrad-level2/2024/02/15/KOAX/KOAX20240215_195402_V06', 's3://noaa-nexrad-level2/2024/02/15/KLNX/KLNX20240215_195306_V06', 's3://noaa-nexrad-level2/2024/02/15/KFSD/KFSD20240215_195632_V06', 's3://noaa-nexrad-level2/2024/02/15/KTWX/KTWX20240215_195020_V06']"
27293,F,A359,HIB UA /OV HIB/TM 2000/FL360/TP A359/TB NEG,NEG,,36000.0,47.38658,-92.83897,2024-02-15 20:00:00,0.0,U,"('KDLH', 'KMPX', 'KARX', 'KMVX', 'KMQT')","['s3://noaa-nexrad-level2/2024/02/15/KDLH/KDLH20240215_195713_V06', 's3://noaa-nexrad-level2/2024/02/15/KMPX/KMPX20240215_195158_V06', 's3://noaa-nexrad-level2/2024/02/15/KARX/KARX20240215_195317_V06', 's3://noaa-nexrad-level2/2024/02/15/KMVX/KMVX20240215_195503_V06', 's3://noaa-nexrad-level2/2024/02/15/KMQT/KMQT20240215_195645_V06']"
27294,F,S22T,MFR UA /OV OED143020/TM 2000/FL080/TP S22T/TB MOD,MOD,,8000.0,42.213766600137234,-122.63797601558888,2024-02-15 20:00:00,3.0,U,"('KMAX', 'KBHX', 'KBBX', 'KRTX', 'KDAX')","['s3://noaa-nexrad-level2/2024/02/15/KMAX/KMAX20240215_195333_V06', 's3://noaa-nexrad-level2/2024/02/15/KBHX/KBHX20240215_195601_V06', 's3://noaa-nexrad-level2/2024/02/15/KBBX/KBBX20240215_195856_V06', 's3://noaa-nexrad-level2/2024/02/15/KRTX/KRTX20240215_195707_V06', 's3://noaa-nexrad-level2/2024/02/15/KDAX/KDAX20240215_195836_V06']"
27295,F,A20N,MBPV UA /OV PVN335107/TM 2000/FL300/TP A20N/TB OCNL LGT CHOP,OCNL LGT CHOP,,30000.0,23.38637980317278,-73.07161450782002,2024-02-15 20:00:00,1.0,U,"('KAMX', 'KAMX', 'KBYX', 'KMLB', 'KTBW')","['s3://noaa-nexrad-level2/2024/02/15/KBYX/KBYX20240215_195527_V06', 's3://noaa-nexrad-level2/2024/02/15/KMLB/KMLB20240215_195547_V06', 's3://noaa-nexrad-level2/2024/02/15/KTBW/KTBW20240215_195138_V06']"
27296,F,E75L,ANC UA /OV TED1200015/TM 2000/FL080/TP E75L/TB OCNL LGT/RM DURD WITTI4,OCNL LGT,,8000.0,61.17,-149.99,2024-02-15 20:00:00,1.0,U,"('PAHG', 'PAIH', 'PAIH', 'PAPD', 'PAKC')","['s3://noaa-nexrad-level2/2024/02/15/PAHG/PAHG20240215_195500_V06', 's3://noaa-nexrad-level2/2024/02/15/PAIH/PAIH20240215_195335_V06', 's3://noaa-nexrad-level2/2024/02/15/PAIH/PAIH20240215_195335_V06', 's3://noaa-nexrad-level2/2024/02/15/PAPD/PAPD20240215_195300_V06', 's3://noaa-nexrad-level2/2024/02/15/PAKC/PAKC20240215_195542_V06']"
27297,F,E170,ORD UA /OV ORD110020/TM 2000/FL060/TP E170/SK VMC/TB LGT CHOP/RM DURD ORD RWY 28C,LGT CHOP,,6000.0,41.873524051005006,-87.51048465640446,2024-02-15 20:00:00,1.0,U,"('KLOT', 'KMKX', 'KIWX', 'KGRR', 'KIND')","['s3://noaa-nexrad-level2/2024/02/15/KLOT/KLOT20240215_195939_V06', 's3://noaa-nexrad-level2/2024/02/15/KMKX/KMKX20240215_195956_V06', 's3://noaa-nexrad-level2/2024/02/15/KIWX/KIWX20240215_195955_V06', 's3://noaa-nexrad-level2/2024/02/15/KGRR/KGRR20240215_195155_V06', 's3://noaa-nexrad-level2/2024/02/15/KIND/KIND20240215_195344_V06']"
27298,F,B738,LGC UA /OV LGC320050/TM 2001/FL385/TP B738/TB NEG/RM ZTLFD-02,NEG,,38500.0,33.647282077317435,-85.71142285201255,2024-02-15 20:01:00,0.0,M,"('KMXX', 'KBMX', 'KFFC', 'KHTX', 'KEOX')","['s3://noaa-nexrad-level2/2024/02/15/KMXX/KMXX20240215_195619_V06', 's3://noaa-nexrad-level2/2024/02/15/KBMX/KBMX20240215_195951_V06', 's3://noaa-nexrad-level2/2024/02/15/KFFC/KFFC20240215_195903_V06', 's3://noaa-nexrad-level2/2024/02/15/KHTX/KHTX20240215_200009_V06', 's3://noaa-nexrad-level2/2024/02/15/KEOX/KEOX20240215_195813_V06']"
27299,F,B737,MCG UA /OV MCG110085/TM 2001/FL310/TP B737/WV 179085/TB MOD/RM ZAN,MOD,,31000.0,62.46543221677128,-152.6724866223504,2024-02-15 20:01:00,3.0,M,"('PAHG', 'PAKC', 'PAPD', 'PAIH', 'PAIH')","['s3://noaa-nexrad-level2/2024/02/15/PAHG/PAHG20240215_195500_V06', 's3://noaa-nexrad-level2/2024/02/15/PAKC/PAKC20240215_195542_V06', 's3://noaa-nexrad-level2/2024/02/15/PAPD/PAPD20240215_200002_V06', 's3://noaa-nexrad-level2/2024/02/15/PAIH/PAIH20240215_195335_V06', 's3://noaa-nexrad-level2/2024/02/15/PAIH/PAIH20240215_195335_V06']"
27300,F,CRJ9,BAF UA /OV BAF100030/TM 2002/FL340/TP CRJ9/TB NEG,NEG,,34000.0,42.07094887840831,-72.05181190349626,2024-02-15 20:02:00,0.0,U,"('KBOX', 'KOKX', 'KENX', 'KGYX', 'KCXX')","['s3://noaa-nexrad-level2/2024/02/15/KBOX/KBOX20240215_200029_V06', 's3://noaa-nexrad-level2/2024/02/15/KOKX/KOKX20240215_200021_V06', 's3://noaa-nexrad-level2/2024/02/15/KENX/KENX20240215_195908_V06', 's3://noaa-nexrad-level2/2024/02/15/KGYX/KGYX20240215_195549_V06', 's3://noaa-nexrad-level2/2024/02/15/KCXX/KCXX20240215_195650_V06']"
27301,F,B738,SGF UA /OV DGD/TM 2002/FL350/TP B738/TB MOD/RM /ZKC FDC/AF,MOD,,35000.0,37.02,-92.88,2024-02-15 20:02:00,3.0,M,"('KSGF', 'KEAX', 'KLZK', 'KSRX', 'KLSX')","['s3://noaa-nexrad-level2/2024/02/15/KSGF/KSGF20240215_195750_V06', 's3://noaa-nexrad-level2/2024/02/15/KEAX/KEAX20240215_200056_V06', 's3://noaa-nexrad-level2/2024/02/15/KLZK/KLZK20240215_195750_V06', 's3://noaa-nexrad-level2/2024/02/15/KSRX/KSRX20240215_193310_V06', 's3://noaa-nexrad-level2/2024/02/15/KLSX/KLSX20240215_195822_V06']"
27302,F,E75L,AMA UA /OV DHT250030/TM 2002/FL370/TP E75L/TB MOD CONS/RM ZAB/FDCS,MOD CONS,,37000.0,35.85156607650751,-103.1282554881981,2024-02-15 20:02:00,3.0,U,"('KFDX', 'KAMA', 'KLBB', 'KPUX', 'KDDC')","['s3://noaa-nexrad-level2/2024/02/15/KFDX/KFDX20240215_195521_V06', 's3://noaa-nexrad-level2/2024/02/15/KAMA/KAMA20240215_195737_V06', 's3://noaa-nexrad-level2/2024/02/15/KLBB/KLBB20240215_195637_V06', 's3://noaa-nexrad-level2/2024/02/15/KPUX/KPUX20240215_195910_V06', 's3://noaa-nexrad-level2/2024/02/15/KDDC/KDDC20240215_195345_V06']"
27303,F,P28A,AVL UA /OV KAVL /TM 2003 /FL082 /TP P28A /TA 00 /TB CONS LGT-MOD,CONS LGT-MOD,,8200.0,35.43194,-82.5375,2024-02-15 20:03:00,2.0,L,"('KGSP', 'KMRX', 'KCAE', 'KJKL', 'KFCX')","['s3://noaa-nexrad-level2/2024/02/15/KGSP/KGSP20240215_200144_V06', 's3://noaa-nexrad-level2/2024/02/15/KMRX/KMRX20240215_195558_V06', 's3://noaa-nexrad-level2/2024/02/15/KCAE/KCAE20240215_200113_V06', 's3://noaa-nexrad-level2/2024/02/15/KJKL/KJKL20240215_195653_V06', 's3://noaa-nexrad-level2/2024/02/15/KFCX/KFCX20240215_195649_V06']"
27304,F,C68A,BNA UA /OV VXV330040/TM 2004/FL350/TP C68A/TB NEG,NEG,,35000.0,36.4773970346082,-84.30153481094735,2024-02-15 20:04:00,0.0,U,"('KMRX', 'KJKL', 'KLVX', 'KOHX', 'KHTX')","['s3://noaa-nexrad-level2/2024/02/15/KMRX/KMRX20240215_195558_V06', 's3://noaa-nexrad-level2/2024/02/15/KJKL/KJKL20240215_200354_V06', 's3://noaa-nexrad-level2/2024/02/15/KLVX/KLVX20240215_195723_V06', 's3://noaa-nexrad-level2/2024/02/15/KOHX/KOHX20240215_200014_V06', 's3://noaa-nexrad-level2/2024/02/15/KHTX/KHTX20240215_200009_V06']"
27305,T,B738,SGF UUA /OV DGD090035/TM 2004/FL330/TP B738/TB SEV 330-310 DURD/RM /ZKC FDC/AF,SEV 330-310 DURD,,33000.0,37.02,-92.14933613094912,2024-02-15 20:04:00,5.0,M,"('KSGF', 'KLZK', 'KLSX', 'KEAX', 'KSRX')","['s3://noaa-nexrad-level2/2024/02/15/KSGF/KSGF20240215_195750_V06', 's3://noaa-nexrad-level2/2024/02/15/KLZK/KLZK20240215_195750_V06', 's3://noaa-nexrad-level2/2024/02/15/KLSX/KLSX20240215_195822_V06', 's3://noaa-nexrad-level2/2024/02/15/KEAX/KEAX20240215_200056_V06', 's3://noaa-nexrad-level2/2024/02/15/KSRX/KSRX20240215_193310_V06']"
27306,F,CRJ7,BDR UA /OV BDR350010/TM 2005/FL190/TP CRJ7/TB OCNL NEG LGT CHOP,OCNL NEG LGT CHOP,,19000.0,41.32247792041999,-73.16733328205238,2024-02-15 20:05:00,0.0,M,"('KOKX', 'KENX', 'KDIX', 'KBOX', 'KBGM')","['s3://noaa-nexrad-level2/2024/02/15/KOKX/KOKX20240215_200021_V06', 's3://noaa-nexrad-level2/2024/02/15/KENX/KENX20240215_195908_V06', 's3://noaa-nexrad-level2/2024/02/15/KDIX/KDIX20240215_200328_V06', 's3://noaa-nexrad-level2/2024/02/15/KBOX/KBOX20240215_200029_V06', 's3://noaa-nexrad-level2/2024/02/15/KBGM/KBGM20240215_200300_V06']"
27307,F,B772,PWM UA /OV ENE/TM 2005/FL400/TP B772/TB NEG,NEG,,40000.0,43.43,-70.61,2024-02-15 20:05:00,0.0,H,"('KGYX', 'KBOX', 'KCXX', 'KOKX', 'KENX')","['s3://noaa-nexrad-level2/2024/02/15/KGYX/KGYX20240215_200243_V06', 's3://noaa-nexrad-level2/2024/02/15/KBOX/KBOX20240215_200029_V06', 's3://noaa-nexrad-level2/2024/02/15/KCXX/KCXX20240215_200353_V06', 's3://noaa-nexrad-level2/2024/02/15/KOKX/KOKX20240215_200021_V06', 's3://noaa-nexrad-level2/2024/02/15/KENX/KENX20240215_195908_V06']"
27308,F,B738,SGF UA /OV SGF135050/TM 2005/FL330/TP B738/TB MOD 350 SEV 33,MOD 350 SEV 33,,33000.0,36.65039661925575,-92.64947215893169,2024-02-15 20:05:00,4.0,M,"('KSGF', 'KLZK', 'KSRX', 'KEAX', 'KLSX')","['s3://noaa-nexrad-level2/2024/02/15/KSGF/KSGF20240215_195750_V06', 's3://noaa-nexrad-level2/2024/02/15/KLZK/KLZK20240215_200441_V06', 's3://noaa-nexrad-level2/2024/02/15/KSRX/KSRX20240215_193310_V06', 's3://noaa-nexrad-level2/2024/02/15/KEAX/KEAX20240215_200056_V06', 's3://noaa-nexrad-level2/2024/02/15/KLSX/KLSX20240215_195822_V06']"
27309,T,B738,SGF UUA /OV SGF135050/TM 2005/FL330/TP B738/TB MOD 350 SEV 330/RM ZME,MOD 350 SEV 330,,33000.0,36.65039661925575,-92.64947215893169,2024-02-15 20:05:00,4.0,M,"('KSGF', 'KLZK', 'KSRX', 'KEAX', 'KLSX')","['s3://noaa-nexrad-level2/2024/02/15/KSGF/KSGF20240215_195750_V06', 's3://noaa-nexrad-level2/2024/02/15/KLZK/KLZK20240215_200441_V06', 's3://noaa-nexrad-level2/2024/02/15/KSRX/KSRX20240215_193310_V06', 's3://noaa-nexrad-level2/2024/02/15/KEAX/KEAX20240215_200056_V06', 's3://noaa-nexrad-level2/2024/02/15/KLSX/KLSX20240215_195822_V06']"
27310,F,P28A,ROA UA /OV ROA220005/TM 2005/FL040/TP P28A/SK CLR/TB MOD,MOD,,4000.0,37.25339795226825,-80.04103810902336,2024-02-15 20:05:00,3.0,L,"('KFCX', 'KRLX', 'KRAX', 'KAKQ', 'KLWX')","['s3://noaa-nexrad-level2/2024/02/15/KFCX/KFCX20240215_195649_V06', 's3://noaa-nexrad-level2/2024/02/15/KRLX/KRLX20240215_200352_V06', 's3://noaa-nexrad-level2/2024/02/15/KRAX/KRAX20240215_200334_V06', 's3://noaa-nexrad-level2/2024/02/15/KAKQ/KAKQ20240215_200001_V06', 's3://noaa-nexrad-level2/2024/02/15/KLWX/KLWX20240215_200049_V06']"
27311,F,A319,DMN UA /OV HUP110030/TM 2006/FL270/TP A319/TB CONS LGT/RM ZAB/FDCS,CONS LGT,,27000.0,31.39897607650751,-104.82849328691948,2024-02-15 20:06:00,1.0,M,"('KEPZ', 'KHDX', 'KMAF', 'KFDX', 'KLBB')","['s3://noaa-nexrad-level2/2024/02/15/KEPZ/KEPZ20240215_200439_V06', 's3://noaa-nexrad-level2/2024/02/15/KHDX/KHDX20240215_200534_V06', 's3://noaa-nexrad-level2/2024/02/15/KMAF/KMAF20240215_200508_V06', 's3://noaa-nexrad-level2/2024/02/15/KFDX/KFDX20240215_200225_V06', 's3://noaa-nexrad-level2/2024/02/15/KLBB/KLBB20240215_200335_V06']"
27312,F,B738,SCC UA /OV SCC170110/TM 2006/FL290/TP B738/TB CONT LGT 290/RM ZAN,CONT LGT 290,,29000.0,68.38437287538005,-147.52055243914566,2024-02-15 20:06:00,1.0,M,"('PAPD', 'PAHG', 'PAIH', 'PAIH', 'PAKC')","['s3://noaa-nexrad-level2/2024/02/15/PAPD/PAPD20240215_200002_V06', 's3://noaa-nexrad-level2/2024/02/15/PAHG/PAHG20240215_200145_V06', 's3://noaa-nexrad-level2/2024/02/15/PAIH/PAIH20240215_200315_V06', 's3://noaa-nexrad-level2/2024/02/15/PAIH/PAIH20240215_200315_V06', 's3://noaa-nexrad-level2/2024/02/15/PAKC/PAKC20240215_200242_V06']"
27313,F,CRJ9,HFD UA /OV HFD340015/TM 2007/FL340/TP CRJ9/TB CONS LGT CHOP,CONS LGT CHOP,,34000.0,41.97166218399107,-72.76403477593429,2024-02-15 20:07:00,1.0,U,"('KOKX', 'KENX', 'KBOX', 'KCXX', 'KDIX')","['s3://noaa-nexrad-level2/2024/02/15/KOKX/KOKX20240215_200021_V06', 's3://noaa-nexrad-level2/2024/02/15/KENX/KENX20240215_200611_V06', 's3://noaa-nexrad-level2/2024/02/15/KBOX/KBOX20240215_200029_V06', 's3://noaa-nexrad-level2/2024/02/15/KCXX/KCXX20240215_200353_V06', 's3://noaa-nexrad-level2/2024/02/15/KDIX/KDIX20240215_200328_V06']"
27314,F,B190,SDP UA /OV SDP /TM 2007 /FL000 /TP B190 /SK OVC006-TOP035 /TB NEG/IC NEG /RM DURD /BA RWY 32 BA MEDIUM (AKFSS),NEG,,0.0,55.31,-160.52,2024-02-15 20:07:00,0.0,M,"('PAKC', 'PABC', 'PAEC', 'PAHG', 'PAIH')","['s3://noaa-nexrad-level2/2024/02/15/PAKC/PAKC20240215_200242_V06', 's3://noaa-nexrad-level2/2024/02/15/PABC/PABC20240215_200130_V06', 's3://noaa-nexrad-level2/2024/02/15/PAEC/PAEC20240215_200001_V06', 's3://noaa-nexrad-level2/2024/02/15/PAHG/PAHG20240215_200145_V06', 's3://noaa-nexrad-level2/2024/02/15/PAIH/PAIH20240215_200315_V06']"
27315,F,A321,LGC UA /OV LGC300040/TM 2007/FL260/TP A321/TB CONS LGT CAT/RM ZTLFD-03,CONS LGT CAT,,26000.0,33.34222033336033,-85.76114618180554,2024-02-15 20:07:00,1.0,M,"('KMXX', 'KBMX', 'KFFC', 'KHTX', 'KEOX')","['s3://noaa-nexrad-level2/2024/02/15/KMXX/KMXX20240215_200444_V06', 's3://noaa-nexrad-level2/2024/02/15/KBMX/KBMX20240215_195951_V06', 's3://noaa-nexrad-level2/2024/02/15/KFFC/KFFC20240215_200602_V06', 's3://noaa-nexrad-level2/2024/02/15/KHTX/KHTX20240215_200009_V06', 's3://noaa-nexrad-level2/2024/02/15/KEOX/KEOX20240215_200503_V06']"
27316,F,B190,SDP UA /OV SDP /TM 2007 /FL000 /TP B190 /SK OVC006-TOP035 /TB NEG /IC NEG /RM DURD /BA RWY 32 BA MEDIUM (AKFSS,NEG,,0.0,55.31,-160.52,2024-02-15 20:07:00,0.0,M,"('PAKC', 'PABC', 'PAEC', 'PAHG', 'PAIH')","['s3://noaa-nexrad-level2/2024/02/15/PAKC/PAKC20240215_200242_V06', 's3://noaa-nexrad-level2/2024/02/15/PABC/PABC20240215_200130_V06', 's3://noaa-nexrad-level2/2024/02/15/PAEC/PAEC20240215_200001_V06', 's3://noaa-nexrad-level2/2024/02/15/PAHG/PAHG20240215_200145_V06', 's3://noaa-nexrad-level2/2024/02/15/PAIH/PAIH20240215_200315_V06']"
27317,F,B737,GEG UA /OV GEG210010/TM 2009/FL050/TP B737/TB MOD TURB 050,MOD TURB 050,,5000.0,47.47725074134795,-117.65164558190706,2024-02-15 20:09:00,3.0,M,"('KOTX', 'KPDT', 'KMSX', 'KCBX', 'KATX')","['s3://noaa-nexrad-level2/2024/02/15/KOTX/KOTX20240215_200636_V06', 's3://noaa-nexrad-level2/2024/02/15/KPDT/KPDT20240215_200414_V06', 's3://noaa-nexrad-level2/2024/02/15/KMSX/KMSX20240215_200847_V06', 's3://noaa-nexrad-level2/2024/02/15/KCBX/KCBX20240215_200507_V06', 's3://noaa-nexrad-level2/2024/02/15/KATX/KATX20240215_200527_V06']"
27318,F,A320,HKY UA /OV BZM270015/TM 2010/FL340/TP A320/TB CONS LGT CHOP/RM ZTLFD-43,CONS LGT CHOP,,34000.0,35.87,-81.54853420916255,2024-02-15 20:10:00,1.0,M,"('KGSP', 'KFCX', 'KMRX', 'KCAE', 'KRLX')","['s3://noaa-nexrad-level2/2024/02/15/KGSP/KGSP20240215_200144_V06', 's3://noaa-nexrad-level2/2024/02/15/KFCX/KFCX20240215_200500_V06', 's3://noaa-nexrad-level2/2024/02/15/KMRX/KMRX20240215_200425_V06', 's3://noaa-nexrad-level2/2024/02/15/KCAE/KCAE20240215_200752_V06', 's3://noaa-nexrad-level2/2024/02/15/KRLX/KRLX20240215_200806_V06']"
27319,F,A320,PEQ UA /OV PEQ275030/TM 2010/FL230/TP A320/TB CONS LGT-MOD/RM ZAB/FDCS,CONS LGT-MOD,,23000.0,31.42358140118494,-104.09348209732696,2024-02-15 20:10:00,2.0,M,"('KMAF', 'KHDX', 'KEPZ', 'KLBB', 'KFDX')","['s3://noaa-nexrad-level2/2024/02/15/KMAF/KMAF20240215_200508_V06', 's3://noaa-nexrad-level2/2024/02/15/KHDX/KHDX20240215_200534_V06', 's3://noaa-nexrad-level2/2024/02/15/KEPZ/KEPZ20240215_200439_V06', 's3://noaa-nexrad-level2/2024/02/15/KLBB/KLBB20240215_200335_V06', 's3://noaa-nexrad-level2/2024/02/15/KFDX/KFDX20240215_200934_V06']"
27320,F,B757,DBN UA /OV DBN/TM 2010/FL240/TP B757/TB CONS LGT-MOD CHOP/RM ZTLFD-19,CONS LGT-MOD CHOP,,24000.0,32.5644167,-82.9852778,2024-02-15 20:10:00,2.0,M,"('KJGX', 'KVAX', 'KFFC', 'KCLX', 'KCAE')","['s3://noaa-nexrad-level2/2024/02/15/KJGX/KJGX20240215_200558_V06', 's3://noaa-nexrad-level2/2024/02/15/KVAX/KVAX20240215_200841_V06', 's3://noaa-nexrad-level2/2024/02/15/KFFC/KFFC20240215_200602_V06', 's3://noaa-nexrad-level2/2024/02/15/KCLX/KCLX20240215_200406_V06', 's3://noaa-nexrad-level2/2024/02/15/KCAE/KCAE20240215_200752_V06']"
27321,F,B140,SDP UA /OV SDP/TM 2010/FL035/TP B140/SK TOP035/TB NEG/IC NEG/RM DURD APT IN SIGHT 0006 ZAN,NEG,,3500.0,55.31,-160.52,2024-02-15 20:10:00,0.0,U,"('PAKC', 'PABC', 'PAEC', 'PAHG', 'PAIH')","['s3://noaa-nexrad-level2/2024/02/15/PAKC/PAKC20240215_200936_V06', 's3://noaa-nexrad-level2/2024/02/15/PABC/PABC20240215_200830_V06', 's3://noaa-nexrad-level2/2024/02/15/PAEC/PAEC20240215_200707_V06', 's3://noaa-nexrad-level2/2024/02/15/PAHG/PAHG20240215_200829_V06', 's3://noaa-nexrad-level2/2024/02/15/PAIH/PAIH20240215_200315_V06']"
27322,F,B737,FST UA /OV FST051040/TM 2011/FL240/TP B737/TB CONS MOD/RM ZAB/FDCS,CONS MOD,,24000.0,31.33152091070166,-102.31274841800028,2024-02-15 20:11:00,3.0,M,"('KMAF', 'KSJT', 'KLBB', 'KDFX', 'KDYX')","['s3://noaa-nexrad-level2/2024/02/15/KMAF/KMAF20240215_200508_V06', 's3://noaa-nexrad-level2/2024/02/15/KSJT/KSJT20240215_200350_V06', 's3://noaa-nexrad-level2/2024/02/15/KLBB/KLBB20240215_201032_V06', 's3://noaa-nexrad-level2/2024/02/15/KDFX/KDFX20240215_200525_V06', 's3://noaa-nexrad-level2/2024/02/15/KDYX/KDYX20240215_200826_V06']"
27323,F,A321,DBN UA /OV DBN145030/TM 2011/FL330/TP A321/TB NEG/RM ZTLFD-20,NEG,,33000.0,32.15480750216454,-82.64496464386899,2024-02-15 20:11:00,0.0,M,"('KJGX', 'KVAX', 'KCLX', 'KJAX', 'KFFC')","['s3://noaa-nexrad-level2/2024/02/15/KJGX/KJGX20240215_200558_V06', 's3://noaa-nexrad-level2/2024/02/15/KVAX/KVAX20240215_200841_V06', 's3://noaa-nexrad-level2/2024/02/15/KCLX/KCLX20240215_200406_V06', 's3://noaa-nexrad-level2/2024/02/15/KJAX/KJAX20240215_200417_V06', 's3://noaa-nexrad-level2/2024/02/15/KFFC/KFFC20240215_200602_V06']"
27324,F,B752,OPN UA /OV OPN/TM 2012/FL210/TP B752/TB NEG/RM ZTLFD-21,NEG,,21000.0,32.95395,-84.25937,2024-02-15 20:12:00,0.0,M,"('KFFC', 'KJGX', 'KMXX', 'KEOX', 'KVAX')","['s3://noaa-nexrad-level2/2024/02/15/KFFC/KFFC20240215_200602_V06', 's3://noaa-nexrad-level2/2024/02/15/KJGX/KJGX20240215_200558_V06', 's3://noaa-nexrad-level2/2024/02/15/KMXX/KMXX20240215_200444_V06', 's3://noaa-nexrad-level2/2024/02/15/KEOX/KEOX20240215_201150_V06', 's3://noaa-nexrad-level2/2024/02/15/KVAX/KVAX20240215_200841_V06']"
27325,F,CRJ7,SYR UA /OV SYR/TM 2012/FL300/TP CRJ7/TB NEG/RM MOSTLY SMOOTHI,NEG,,30000.0,43.11119,-76.10631,2024-02-15 20:12:00,0.0,M,"('KTYX', 'KBGM', 'KENX', 'KBUF', 'KCCX')","['s3://noaa-nexrad-level2/2024/02/15/KTYX/KTYX20240215_200911_V06', 's3://noaa-nexrad-level2/2024/02/15/KBGM/KBGM20240215_200852_V06', 's3://noaa-nexrad-level2/2024/02/15/KENX/KENX20240215_200611_V06', 's3://noaa-nexrad-level2/2024/02/15/KBUF/KBUF20240215_200811_V06', 's3://noaa-nexrad-level2/2024/02/15/KCCX/KCCX20240215_200805_V06']"
27326,F,B757,CLT UA /OV CLT/TM 2013/FL310/TP B757/TB NEG/RM NICE AND SMOOTH / ZTLFD-33,NEG,,31000.0,35.22255,-80.95431,2024-02-15 20:13:00,0.0,M,"('KCAE', 'KGSP', 'KFCX', 'KRAX', 'KCLX')","['s3://noaa-nexrad-level2/2024/02/15/KCAE/KCAE20240215_200752_V06', 's3://noaa-nexrad-level2/2024/02/15/KGSP/KGSP20240215_201021_V06', 's3://noaa-nexrad-level2/2024/02/15/KFCX/KFCX20240215_200500_V06', 's3://noaa-nexrad-level2/2024/02/15/KRAX/KRAX20240215_201159_V06', 's3://noaa-nexrad-level2/2024/02/15/KCLX/KCLX20240215_201248_V06']"
27327,F,E145,SPA UA /OV SPA/TM 2013/FL190/TP E145/TB NEG/RM ZTLFD-31,NEG,,19000.0,34.9157222,-81.9565,2024-02-15 20:13:00,0.0,M,"('KGSP', 'KCAE', 'KMRX', 'KCLX', 'KJGX')","['s3://noaa-nexrad-level2/2024/02/15/KGSP/KGSP20240215_201021_V06', 's3://noaa-nexrad-level2/2024/02/15/KCAE/KCAE20240215_200752_V06', 's3://noaa-nexrad-level2/2024/02/15/KMRX/KMRX20240215_200425_V06', 's3://noaa-nexrad-level2/2024/02/15/KCLX/KCLX20240215_201248_V06', 's3://noaa-nexrad-level2/2024/02/15/KJGX/KJGX20240215_201259_V06']"
27328,F,E175,SJT UA /OV SJT225040/TM 2013/FL350/TP E175/TB MOD CHOP /RM ZHU,MOD CHOP,,35000.0,30.8802272954046,-101.0470471185183,2024-02-15 20:13:00,3.0,U,"('KSJT', 'KMAF', 'KDFX', 'KDYX', 'KLBB')","['s3://noaa-nexrad-level2/2024/02/15/KSJT/KSJT20240215_201230_V06', 's3://noaa-nexrad-level2/2024/02/15/KMAF/KMAF20240215_201159_V06', 's3://noaa-nexrad-level2/2024/02/15/KDFX/KDFX20240215_200525_V06', 's3://noaa-nexrad-level2/2024/02/15/KDYX/KDYX20240215_200826_V06', 's3://noaa-nexrad-level2/2024/02/15/KLBB/KLBB20240215_201032_V06']"
27329,F,A321,C75 UA /OV BDF110015/TM 2014/FL320/TP A321/TB LGT OCNL MOD CHOP,LGT OCNL MOD CHOP,,32000.0,41.07448803825376,-89.27793980961137,2024-02-15 20:14:00,2.0,M,"('KILX', 'KLOT', 'KDVN', 'KMKX', 'KLSX')","['s3://noaa-nexrad-level2/2024/02/15/KILX/KILX20240215_200846_V06', 's3://noaa-nexrad-level2/2024/02/15/KLOT/KLOT20240215_201311_V06', 's3://noaa-nexrad-level2/2024/02/15/KDVN/KDVN20240215_201334_V06', 's3://noaa-nexrad-level2/2024/02/15/KMKX/KMKX20240215_201332_V06', 's3://noaa-nexrad-level2/2024/02/15/KLSX/KLSX20240215_201203_V06']"
27330,F,B738,FSD UA /OV FSD/TM 2014/FL350/TP B738/TB NEG,NEG,,35000.0,43.57694,-96.75361,2024-02-15 20:14:00,0.0,M,"('KFSD', 'KOAX', 'KABR', 'KMPX', 'KDMX')","['s3://noaa-nexrad-level2/2024/02/15/KFSD/KFSD20240215_201049_V06', 's3://noaa-nexrad-level2/2024/02/15/KOAX/KOAX20240215_200729_V06', 's3://noaa-nexrad-level2/2024/02/15/KABR/KABR20240215_201047_V06', 's3://noaa-nexrad-level2/2024/02/15/KMPX/KMPX20240215_200843_V06', 's3://noaa-nexrad-level2/2024/02/15/KDMX/KDMX20240215_201047_V06']"
27331,F,A321,SRQ UA /OV SRQ290250/TM 2014/FL350/TP A321/TB INTMT LGT CHOP/IC NEG,INTMT LGT CHOP,,35000.0,28.826589362437424,-86.96915793002012,2024-02-15 20:14:00,1.0,M,"('KEVX', 'KMOB', 'KEOX', 'KTLH', 'KLIX')","['s3://noaa-nexrad-level2/2024/02/15/KEVX/KEVX20240215_201007_V06', 's3://noaa-nexrad-level2/2024/02/15/KMOB/KMOB20240215_201050_V06', 's3://noaa-nexrad-level2/2024/02/15/KEOX/KEOX20240215_201150_V06', 's3://noaa-nexrad-level2/2024/02/15/KTLH/KTLH20240215_201158_V06']"
27332,F,B38M,RWF UA /OV RWF/TM 2014/FL330/TP B38M/TB CONS LGT CHOP,CONS LGT CHOP,,33000.0,44.54689,-95.082,2024-02-15 20:14:00,1.0,U,"('KMPX', 'KFSD', 'KDMX', 'KABR', 'KOAX')","['s3://noaa-nexrad-level2/2024/02/15/KMPX/KMPX20240215_200843_V06', 's3://noaa-nexrad-level2/2024/02/15/KFSD/KFSD20240215_201049_V06', 's3://noaa-nexrad-level2/2024/02/15/KDMX/KDMX20240215_201047_V06', 's3://noaa-nexrad-level2/2024/02/15/KABR/KABR20240215_201047_V06', 's3://noaa-nexrad-level2/2024/02/15/KOAX/KOAX20240215_200729_V06']"
27333,F,B737,DNL UA /OV IRQ/TM 2015/FL390/TP B737/TB CONS LGT CHOP 390- BLO/RM ZTLFD-23,CONS LGT CHOP 390- BLO,,39000.0,33.71,-82.16,2024-02-15 20:15:00,1.0,M,"('KCAE', 'KGSP', 'KCLX', 'KJGX', 'KFFC')","['s3://noaa-nexrad-level2/2024/02/15/KCAE/KCAE20240215_201446_V06', 's3://noaa-nexrad-level2/2024/02/15/KGSP/KGSP20240215_201021_V06', 's3://noaa-nexrad-level2/2024/02/15/KCLX/KCLX20240215_201248_V06', 's3://noaa-nexrad-level2/2024/02/15/KJGX/KJGX20240215_201259_V06', 's3://noaa-nexrad-level2/2024/02/15/KFFC/KFFC20240215_201247_V06']"
27334,F,B737,ARG UA /OV ARG360040/TM 2015/FL320/TP B737/TB MOD /RM ZME,MOD,,32000.0,36.791390666720666,-90.92511,2024-02-15 20:15:00,3.0,M,"('KNQA', 'KLSX', 'KPAH', 'KLZK', 'KSGF')","['s3://noaa-nexrad-level2/2024/02/15/KNQA/KNQA20240215_200722_V06', 's3://noaa-nexrad-level2/2024/02/15/KLSX/KLSX20240215_201203_V06', 's3://noaa-nexrad-level2/2024/02/15/KLZK/KLZK20240215_201142_V06', 's3://noaa-nexrad-level2/2024/02/15/KSGF/KSGF20240215_201446_V06']"
27335,F,PC12,FAI UA /OV FAI360020 /TM 2015 /FL070 /TP PC12 /TB LGT CHOP 110-070/RM DURD FAI ATCT (AKFSS),LGT CHOP 110-070,,7000.0,65.14336033336033,-147.85,2024-02-15 20:15:00,1.0,L,"('PAPD', 'PAHG', 'PAIH', 'PAIH', 'PAKC')","['s3://noaa-nexrad-level2/2024/02/15/PAPD/PAPD20240215_201351_V06', 's3://noaa-nexrad-level2/2024/02/15/PAHG/PAHG20240215_200829_V06', 's3://noaa-nexrad-level2/2024/02/15/PAIH/PAIH20240215_201255_V06', 's3://noaa-nexrad-level2/2024/02/15/PAIH/PAIH20240215_201255_V06', 's3://noaa-nexrad-level2/2024/02/15/PAKC/PAKC20240215_200936_V06']"
27336,F,PC12,FAI UA /OV FAI360020 /TM 2015 /FL070 /TP PC12 /TB LGT CHOP 110-070 /RM DURD FAI ATCT (AKFSS,LGT CHOP 110-070,,7000.0,65.14336033336033,-147.85,2024-02-15 20:15:00,1.0,L,"('PAPD', 'PAHG', 'PAIH', 'PAIH', 'PAKC')","['s3://noaa-nexrad-level2/2024/02/15/PAPD/PAPD20240215_201351_V06', 's3://noaa-nexrad-level2/2024/02/15/PAHG/PAHG20240215_200829_V06', 's3://noaa-nexrad-level2/2024/02/15/PAIH/PAIH20240215_201255_V06', 's3://noaa-nexrad-level2/2024/02/15/PAIH/PAIH20240215_201255_V06', 's3://noaa-nexrad-level2/2024/02/15/PAKC/PAKC20240215_200936_V06']"
27337,F,B737,GWO UA /OV SQS36040/TM 2016/FL280/TP B737/TB CONS LGT OCNL MOD/RM ZME,CONS LGT OCNL MOD,,28000.0,33.46,-90.28,2024-02-15 20:16:00,2.0,M,"('KDGX', 'KNQA', 'KGWX', 'KLZK', 'KHDC')","['s3://noaa-nexrad-level2/2024/02/15/KDGX/KDGX20240215_201139_V06', 's3://noaa-nexrad-level2/2024/02/15/KNQA/KNQA20240215_201536_V06', 's3://noaa-nexrad-level2/2024/02/15/KGWX/KGWX20240215_201255_V06', 's3://noaa-nexrad-level2/2024/02/15/KLZK/KLZK20240215_201142_V06']"
27338,F,B38M,POU UA /OV IGN/TM 2016/FL370/TP B38M/TB NEG 370,NEG 370,,37000.0,41.67,-73.82,2024-02-15 20:16:00,0.0,U,"('KENX', 'KOKX', 'KDIX', 'KBGM', 'KBOX')","['s3://noaa-nexrad-level2/2024/02/15/KENX/KENX20240215_201313_V06', 's3://noaa-nexrad-level2/2024/02/15/KOKX/KOKX20240215_200841_V06', 's3://noaa-nexrad-level2/2024/02/15/KDIX/KDIX20240215_201015_V06', 's3://noaa-nexrad-level2/2024/02/15/KBGM/KBGM20240215_201413_V06', 's3://noaa-nexrad-level2/2024/02/15/KBOX/KBOX20240215_201400_V06']"
27339,F,BCS3,SPA UA /OV SPA180040/TM 2016/FL310/TP BCS3/TB NEG/RM ZTLFD-34,NEG,,31000.0,34.24900153327933,-81.9565,2024-02-15 20:16:00,0.0,U,"('KGSP', 'KCAE', 'KCLX', 'KJGX', 'KMRX')","['s3://noaa-nexrad-level2/2024/02/15/KGSP/KGSP20240215_201021_V06', 's3://noaa-nexrad-level2/2024/02/15/KCAE/KCAE20240215_201446_V06', 's3://noaa-nexrad-level2/2024/02/15/KCLX/KCLX20240215_201248_V06', 's3://noaa-nexrad-level2/2024/02/15/KJGX/KJGX20240215_201259_V06', 's3://noaa-nexrad-level2/2024/02/15/KMRX/KMRX20240215_201306_V06']"
27340,F,B739,MSY UA /OV HRV045020/TM 2016/FL300/TP B739/TB MOD CHOP /RM ZHU,MOD CHOP,,30000.0,30.0857213522977,-89.72822228762637,2024-02-15 20:16:00,3.0,M,"('KLIX', 'KHDC', 'KMOB', 'KDGX', 'KPOE')","['s3://noaa-nexrad-level2/2024/02/15/KMOB/KMOB20240215_201050_V06', 's3://noaa-nexrad-level2/2024/02/15/KDGX/KDGX20240215_201139_V06', 's3://noaa-nexrad-level2/2024/02/15/KPOE/KPOE20240215_201147_V06']"
27341,F,BE20,BKW UA /OV BLF31025/TM 2018/FL120/TP BE20/SK TOP 120/TB MOD,MOD,,12000.0,37.2958,-81.2077,2024-02-15 20:18:00,3.0,M,"('KFCX', 'KRLX', 'KJKL', 'KMRX', 'KGSP')","['s3://noaa-nexrad-level2/2024/02/15/KFCX/KFCX20240215_201335_V06', 's3://noaa-nexrad-level2/2024/02/15/KRLX/KRLX20240215_201634_V06', 's3://noaa-nexrad-level2/2024/02/15/KJKL/KJKL20240215_201753_V06', 's3://noaa-nexrad-level2/2024/02/15/KMRX/KMRX20240215_201306_V06', 's3://noaa-nexrad-level2/2024/02/15/KGSP/KGSP20240215_201021_V06']"
27342,F,LJ35,TCS UA /OV TCS300035/TM 2019/FL390/TP LJ35/TB CONS MOD CAT 370-390/RM DURC ZAB/FDCS,CONS MOD CAT 370-390,,39000.0,33.52836029169029,-107.8720941141428,2024-02-15 20:19:00,3.0,M,"('KHDX', 'KABX', 'KEPZ', 'KEMX', 'KFSX')","['s3://noaa-nexrad-level2/2024/02/15/KHDX/KHDX20240215_201234_V06', 's3://noaa-nexrad-level2/2024/02/15/KABX/KABX20240215_182918_V06', 's3://noaa-nexrad-level2/2024/02/15/KEPZ/KEPZ20240215_201852_V06', 's3://noaa-nexrad-level2/2024/02/15/KEMX/KEMX20240215_201334_V06', 's3://noaa-nexrad-level2/2024/02/15/KFSX/KFSX20240215_200927_V06']"
27343,F,MULTI,CBM UA /OV IGB090030/TM 2019/FL260/TP MULTI/TB MOD CHOP/RM ZME,MOD CHOP,,26000.0,33.48,-87.92048743632614,2024-02-15 20:19:00,3.0,U,"('KGWX', 'KBMX', 'KMXX', 'KHTX', 'KDGX')","['s3://noaa-nexrad-level2/2024/02/15/KGWX/KGWX20240215_201255_V06', 's3://noaa-nexrad-level2/2024/02/15/KBMX/KBMX20240215_201701_V06', 's3://noaa-nexrad-level2/2024/02/15/KMXX/KMXX20240215_201325_V06', 's3://noaa-nexrad-level2/2024/02/15/KHTX/KHTX20240215_201409_V06', 's3://noaa-nexrad-level2/2024/02/15/KDGX/KDGX20240215_201139_V06']"
27344,F,LJ70,BGM UA /OV CFB030030/TM 2020/FL180/TP LJ70/TB NEG/IC NEG/RM DURD,NEG,,18000.0,42.593047775956144,-75.80271518474504,2024-02-15 20:20:00,0.0,U,"('KBGM', 'KTYX', 'KENX', 'KCCX', 'KBUF')","['s3://noaa-nexrad-level2/2024/02/15/KBGM/KBGM20240215_201904_V06', 's3://noaa-nexrad-level2/2024/02/15/KTYX/KTYX20240215_201817_V06', 's3://noaa-nexrad-level2/2024/02/15/KENX/KENX20240215_201739_V06', 's3://noaa-nexrad-level2/2024/02/15/KCCX/KCCX20240215_201907_V06', 's3://noaa-nexrad-level2/2024/02/15/KBUF/KBUF20240215_201448_V06']"
27345,F,DV20,DEN UA /OV DEN180035/TM 2020/FL095/TP DV20/TB MOD TURB,MOD TURB,,9500.0,39.24941941661942,-104.6575,2024-02-15 20:20:00,3.0,L,"('KFTG', 'KPUX', 'KCYS', 'KGLD', 'KGJX')","['s3://noaa-nexrad-level2/2024/02/15/KFTG/KFTG20240215_201704_V06', 's3://noaa-nexrad-level2/2024/02/15/KPUX/KPUX20240215_201951_V06', 's3://noaa-nexrad-level2/2024/02/15/KCYS/KCYS20240215_201304_V06', 's3://noaa-nexrad-level2/2024/02/15/KGLD/KGLD20240215_201613_V06', 's3://noaa-nexrad-level2/2024/02/15/KGJX/KGJX20240215_201942_V06']"
27346,F,F2TH,LGC UA /OV LGC220035/TM 2020/FL410/TP F2TH/TB CONS MOD CHOP/RM ZTLFD-08,CONS MOD CHOP,,41000.0,32.56196454587779,-85.51977899640877,2024-02-15 20:20:00,3.0,M,"('KMXX', 'KEOX', 'KFFC', 'KBMX', 'KEVX')","['s3://noaa-nexrad-level2/2024/02/15/KMXX/KMXX20240215_201325_V06', 's3://noaa-nexrad-level2/2024/02/15/KEOX/KEOX20240215_201853_V06', 's3://noaa-nexrad-level2/2024/02/15/KFFC/KFFC20240215_201936_V06', 's3://noaa-nexrad-level2/2024/02/15/KBMX/KBMX20240215_201701_V06', 's3://noaa-nexrad-level2/2024/02/15/KEVX/KEVX20240215_201709_V06']"
27347,F,C208,PIT UA /OV 10 SOUTH AGC/TM 2020/FL060/TP C208/TA M02/TB MOD TURB/IC LT MIXED,MOD TURB,,6000.0,40.18803983331984,-79.92167,2024-02-15 20:20:00,3.0,L,"('KPBZ', 'KCCX', 'KCLE', 'KRLX', 'KLWX')","['s3://noaa-nexrad-level2/2024/02/15/KPBZ/KPBZ20240215_201935_V06', 's3://noaa-nexrad-level2/2024/02/15/KCCX/KCCX20240215_201907_V06', 's3://noaa-nexrad-level2/2024/02/15/KCLE/KCLE20240215_201709_V06', 's3://noaa-nexrad-level2/2024/02/15/KRLX/KRLX20240215_201634_V06', 's3://noaa-nexrad-level2/2024/02/15/KLWX/KLWX20240215_201609_V06']"
27348,F,A321,BHM UA /OV VUZ270040/TM 2022/FL290/TP A321/TB OCNL LGT-MOD/RM ZTLFD-03,OCNL LGT-MOD,,29000.0,33.67,-87.70111150935091,2024-02-15 20:22:00,2.0,M,"('KGWX', 'KBMX', 'KHTX', 'KMXX', 'KDGX')","['s3://noaa-nexrad-level2/2024/02/15/KGWX/KGWX20240215_201255_V06', 's3://noaa-nexrad-level2/2024/02/15/KBMX/KBMX20240215_201701_V06', 's3://noaa-nexrad-level2/2024/02/15/KHTX/KHTX20240215_202111_V06', 's3://noaa-nexrad-level2/2024/02/15/KMXX/KMXX20240215_202158_V06', 's3://noaa-nexrad-level2/2024/02/15/KDGX/KDGX20240215_202005_V06']"
27349,F,B752,MYGF UA /OV ZFP008053/TM 2022/FL370/TP B752/TB CONS LGT CHOP 370,CONS LGT CHOP 370,,37000.0,27.374807647806225,-78.64261987213605,2024-02-15 20:22:00,1.0,M,"('KMLB', 'KAMX', 'KAMX', 'KTBW', 'KBYX')","['s3://noaa-nexrad-level2/2024/02/15/KMLB/KMLB20240215_201643_V06', 's3://noaa-nexrad-level2/2024/02/15/KTBW/KTBW20240215_201751_V06', 's3://noaa-nexrad-level2/2024/02/15/KBYX/KBYX20240215_201632_V06']"
27350,F,B738,PWK UA /OV OXI/TM 2023/FL200/TP B738/TB NEG/RM DURD,NEG,,20000.0,41.3301944,-86.6648056,2024-02-15 20:23:00,0.0,M,"('KIWX', 'KLOT', 'KIND', 'KGRR', 'KMKX')","['s3://noaa-nexrad-level2/2024/02/15/KIWX/KIWX20240215_202046_V06', 's3://noaa-nexrad-level2/2024/02/15/KLOT/KLOT20240215_201957_V06', 's3://noaa-nexrad-level2/2024/02/15/KIND/KIND20240215_202122_V06', 's3://noaa-nexrad-level2/2024/02/15/KGRR/KGRR20240215_201656_V06', 's3://noaa-nexrad-level2/2024/02/15/KMKX/KMKX20240215_202033_V06']"
27351,F,A21N,TYS UA /OV VXV360005/TM 2023/FL330/TP A21N/TB INTMT MOD CHOP/RM ZTLFD-39,INTMT MOD CHOP,,33000.0,35.98334008334008,-83.89,2024-02-15 20:23:00,3.0,U,"('KMRX', 'KJKL', 'KGSP', 'KHTX', 'KOHX')","['s3://noaa-nexrad-level2/2024/02/15/KMRX/KMRX20240215_202133_V06', 's3://noaa-nexrad-level2/2024/02/15/KJKL/KJKL20240215_201753_V06', 's3://noaa-nexrad-level2/2024/02/15/KGSP/KGSP20240215_201859_V06', 's3://noaa-nexrad-level2/2024/02/15/KHTX/KHTX20240215_202111_V06', 's3://noaa-nexrad-level2/2024/02/15/KOHX/KOHX20240215_202039_V06']"
27352,F,B757,ATL UA /OV ATL/TM 2023/FL360/TP B757/TB OCNL LGT CHOP/RM ZTLFD-24,OCNL LGT CHOP,,36000.0,33.6301,-84.4418,2024-02-15 20:23:00,1.0,M,"('KFFC', 'KJGX', 'KMXX', 'KHTX', 'KBMX')","['s3://noaa-nexrad-level2/2024/02/15/KFFC/KFFC20240215_201936_V06', 's3://noaa-nexrad-level2/2024/02/15/KJGX/KJGX20240215_202000_V06', 's3://noaa-nexrad-level2/2024/02/15/KMXX/KMXX20240215_202158_V06', 's3://noaa-nexrad-level2/2024/02/15/KHTX/KHTX20240215_202111_V06', 's3://noaa-nexrad-level2/2024/02/15/KBMX/KBMX20240215_201701_V06']"
27353,F,A320,PBI UA /OV PBI04051/TM 2023/FL220/TP A320/TB NEG,NEG,,22000.0,26.6847,-80.0994,2024-02-15 20:23:00,0.0,M,"('KAMX', 'KAMX', 'KMLB', 'KTBW', 'KBYX')","['s3://noaa-nexrad-level2/2024/02/15/KMLB/KMLB20240215_201643_V06', 's3://noaa-nexrad-level2/2024/02/15/KTBW/KTBW20240215_201751_V06', 's3://noaa-nexrad-level2/2024/02/15/KBYX/KBYX20240215_201632_V06']"
27354,F,BE30,MYNN UA /OV ZQA020040/TM 2023/FL145/TP BE30/TB NEG,NEG,,14500.0,25.62651249064287,-77.19839463893874,2024-02-15 20:23:00,0.0,L,"('KAMX', 'KAMX', 'KMLB', 'KBYX', 'KTBW')","['s3://noaa-nexrad-level2/2024/02/15/KMLB/KMLB20240215_201643_V06', 's3://noaa-nexrad-level2/2024/02/15/KBYX/KBYX20240215_201632_V06', 's3://noaa-nexrad-level2/2024/02/15/KTBW/KTBW20240215_201751_V06']"
27355,F,C550,BPT UA /OV SBI180015/TM 2023/FL150/TP C550/TB MOD 150-140 DURD /RM ZHU,MOD 150-140 DURD,,15000.0,29.439979749979752,-94.04,2024-02-15 20:23:00,3.0,L,"('KHGX', 'KLCH', 'KPOE', 'KSHV', 'KGRK')","['s3://noaa-nexrad-level2/2024/02/15/KHGX/KHGX20240215_155602_V06', 's3://noaa-nexrad-level2/2024/02/15/KLCH/KLCH20240215_201709_V06', 's3://noaa-nexrad-level2/2024/02/15/KPOE/KPOE20240215_201834_V06', 's3://noaa-nexrad-level2/2024/02/15/KSHV/KSHV20240215_201609_V06', 's3://noaa-nexrad-level2/2024/02/15/KGRK/KGRK20240215_201752_V06']"
27356,T,E145,CVN UUA /OV TXO290030/TM 2024/FL370/TP E145/TB SEV CAT/RM ZAB/FDCS S,SEV CAT,,37000.0,34.67102392349249,-103.41016070411236,2024-02-15 20:24:00,5.0,M,"('KFDX', 'KAMA', 'KLBB', 'KMAF', 'KHDX')","['s3://noaa-nexrad-level2/2024/02/15/KFDX/KFDX20240215_202344_V06', 's3://noaa-nexrad-level2/2024/02/15/KAMA/KAMA20240215_201743_V06', 's3://noaa-nexrad-level2/2024/02/15/KLBB/KLBB20240215_201730_V06', 's3://noaa-nexrad-level2/2024/02/15/KMAF/KMAF20240215_201842_V06', 's3://noaa-nexrad-level2/2024/02/15/KHDX/KHDX20240215_201933_V06']"
27357,F,C25M,MSL UA /OV MSL180020/TM 2024/FL320/TP C25M/TB MOD/RM ZME,MOD,,32000.0,34.41048966663967,-87.59962,2024-02-15 20:24:00,3.0,U,"('KGWX', 'KBMX', 'KHTX', 'KOHX', 'KHPX')","['s3://noaa-nexrad-level2/2024/02/15/KGWX/KGWX20240215_202240_V06', 's3://noaa-nexrad-level2/2024/02/15/KBMX/KBMX20240215_201701_V06', 's3://noaa-nexrad-level2/2024/02/15/KHTX/KHTX20240215_202111_V06', 's3://noaa-nexrad-level2/2024/02/15/KOHX/KOHX20240215_202039_V06', 's3://noaa-nexrad-level2/2024/02/15/KHPX/KHPX20240215_201740_V06']"
27358,F,B78X,DLH UA /OV DLH/TM 2026/FL340/TP B78X/TB NEG,NEG,,34000.0,46.84208,-92.19364,2024-02-15 20:26:00,0.0,U,"('KDLH', 'KMPX', 'KARX', 'KMQT', 'KGRB')","['s3://noaa-nexrad-level2/2024/02/15/KDLH/KDLH20240215_202233_V06', 's3://noaa-nexrad-level2/2024/02/15/KMPX/KMPX20240215_202535_V06', 's3://noaa-nexrad-level2/2024/02/15/KARX/KARX20240215_202057_V06', 's3://noaa-nexrad-level2/2024/02/15/KMQT/KMQT20240215_202454_V06', 's3://noaa-nexrad-level2/2024/02/15/KGRB/KGRB20240215_202405_V06']"
27359,F,A319,MEM UA /OV MEM315030/TM 2026/FL300/TP A319/TB MOD/RM ZME,MOD,,30000.0,35.41469202844655,-90.41696680282011,2024-02-15 20:26:00,3.0,M,"('KNQA', 'KLZK', 'KPAH', 'KGWX', 'KDGX')","['s3://noaa-nexrad-level2/2024/02/15/KNQA/KNQA20240215_202355_V06', 's3://noaa-nexrad-level2/2024/02/15/KLZK/KLZK20240215_202534_V06', 's3://noaa-nexrad-level2/2024/02/15/KGWX/KGWX20240215_202240_V06', 's3://noaa-nexrad-level2/2024/02/15/KDGX/KDGX20240215_202005_V06']"
27360,F,A321,GEZ UA /OV SHB/TM 2027/FL310/TP A321/TB OCNL LGT CHOP,OCNL LGT CHOP,,31000.0,39.63,-85.82,2024-02-15 20:27:00,1.0,M,"('KIND', 'KLVX', 'KIWX', 'KILN', 'KVWX')","['s3://noaa-nexrad-level2/2024/02/15/KIND/KIND20240215_202122_V06', 's3://noaa-nexrad-level2/2024/02/15/KLVX/KLVX20240215_202454_V06', 's3://noaa-nexrad-level2/2024/02/15/KIWX/KIWX20240215_202046_V06', 's3://noaa-nexrad-level2/2024/02/15/KILN/KILN20240215_202635_V06', 's3://noaa-nexrad-level2/2024/02/15/KVWX/KVWX20240215_202116_V06']"
27361,F,B737,GWO UA /OV SQS225020/TM 2027/FL260/TP B737/TB OCNL MOD/RM ZME,OCNL MOD,,26000.0,33.2242786477023,-90.5625477192104,2024-02-15 20:27:00,3.0,M,"('KDGX', 'KNQA', 'KGWX', 'KLZK', 'KHDC')","['s3://noaa-nexrad-level2/2024/02/15/KDGX/KDGX20240215_202005_V06', 's3://noaa-nexrad-level2/2024/02/15/KNQA/KNQA20240215_202355_V06', 's3://noaa-nexrad-level2/2024/02/15/KGWX/KGWX20240215_202240_V06', 's3://noaa-nexrad-level2/2024/02/15/KLZK/KLZK20240215_202534_V06']"
27362,F,C172,HUA UA /OV KHUA /TM 2027 /FL030 /TP C172 /TB INTMT LGT CHOP 030 BLO,INTMT LGT CHOP 030 BLO,,3000.0,34.67865,-86.68478,2024-02-15 20:27:00,1.0,L,"('KHTX', 'KBMX', 'KOHX', 'KGWX', 'KHPX')","['s3://noaa-nexrad-level2/2024/02/15/KHTX/KHTX20240215_202111_V06', 's3://noaa-nexrad-level2/2024/02/15/KBMX/KBMX20240215_202545_V06', 's3://noaa-nexrad-level2/2024/02/15/KOHX/KOHX20240215_202039_V06', 's3://noaa-nexrad-level2/2024/02/15/KGWX/KGWX20240215_202240_V06', 's3://noaa-nexrad-level2/2024/02/15/KHPX/KHPX20240215_202451_V06']"
27363,F,P32T,FKL UA /OV FKL192012/TM 2027/FL060/TP P32T/TA M02/TB MOD TURB/IC LGT RIME,MOD TURB,,6000.0,41.18222463384626,-79.91578053074049,2024-02-15 20:27:00,3.0,L,"('KPBZ', 'KCCX', 'KCLE', 'KBUF', 'KLWX')","['s3://noaa-nexrad-level2/2024/02/15/KPBZ/KPBZ20240215_202346_V06', 's3://noaa-nexrad-level2/2024/02/15/KCCX/KCCX20240215_202513_V06', 's3://noaa-nexrad-level2/2024/02/15/KCLE/KCLE20240215_202527_V06', 's3://noaa-nexrad-level2/2024/02/15/KBUF/KBUF20240215_202147_V06', 's3://noaa-nexrad-level2/2024/02/15/KLWX/KLWX20240215_202441_V06']"
27364,F,MULTI,HRO UA /OV SECTOR 19/TM 2027/FL350/TP MULTI/TB OCNL MOD CHOP/RM BETTER 400 AND ABV/ZME,OCNL MOD CHOP,,35000.0,36.26152,-93.15473,2024-02-15 20:27:00,3.0,U,"('KSGF', 'KSRX', 'KLZK', 'KINX', 'KEAX')","['s3://noaa-nexrad-level2/2024/02/15/KSGF/KSGF20240215_202331_V06', 's3://noaa-nexrad-level2/2024/02/15/KSRX/KSRX20240215_193310_V06', 's3://noaa-nexrad-level2/2024/02/15/KLZK/KLZK20240215_202534_V06', 's3://noaa-nexrad-level2/2024/02/15/KINX/KINX20240215_202501_V06', 's3://noaa-nexrad-level2/2024/02/15/KEAX/KEAX20240215_202157_V06']"
27365,F,B739,ORD UA /OV UGN/TM 2028/FL180/TP B739/TB NEG/IC NEG,NEG,,18000.0,42.42216,-87.86791,2024-02-15 20:28:00,0.0,M,"('KLOT', 'KMKX', 'KGRB', 'KGRR', 'KIWX')","['s3://noaa-nexrad-level2/2024/02/15/KLOT/KLOT20240215_202642_V06', 's3://noaa-nexrad-level2/2024/02/15/KMKX/KMKX20240215_202734_V06', 's3://noaa-nexrad-level2/2024/02/15/KGRB/KGRB20240215_202405_V06', 's3://noaa-nexrad-level2/2024/02/15/KGRR/KGRR20240215_202527_V06', 's3://noaa-nexrad-level2/2024/02/15/KIWX/KIWX20240215_202727_V06']"
27366,F,CRJ7,ABQ UA /OV CNX090040/TM 2028/FL260/TP CRJ7/TB MOD CAT/RM ZAB/FDCS S,MOD CAT,,26000.0,34.37,-104.872254380302,2024-02-15 20:28:00,3.0,M,"('KFDX', 'KHDX', 'KABX', 'KEPZ', 'KLBB')","['s3://noaa-nexrad-level2/2024/02/15/KFDX/KFDX20240215_202344_V06', 's3://noaa-nexrad-level2/2024/02/15/KHDX/KHDX20240215_202626_V06', 's3://noaa-nexrad-level2/2024/02/15/KABX/KABX20240215_182918_V06', 's3://noaa-nexrad-level2/2024/02/15/KEPZ/KEPZ20240215_202559_V06', 's3://noaa-nexrad-level2/2024/02/15/KLBB/KLBB20240215_202429_V06']"
27367,F,E75S,POU UA /OV IGN/TM 2029/FL280/TP E75S/TB NEG,NEG,,28000.0,41.67,-73.82,2024-02-15 20:29:00,0.0,U,"('KENX', 'KOKX', 'KDIX', 'KBGM', 'KBOX')","['s3://noaa-nexrad-level2/2024/02/15/KENX/KENX20240215_202653_V06', 's3://noaa-nexrad-level2/2024/02/15/KOKX/KOKX20240215_202528_V06', 's3://noaa-nexrad-level2/2024/02/15/KDIX/KDIX20240215_202341_V06', 's3://noaa-nexrad-level2/2024/02/15/KBGM/KBGM20240215_202814_V06', 's3://noaa-nexrad-level2/2024/02/15/KBOX/KBOX20240215_202725_V06']"
27368,F,BE9L,CPR UA /OV CPR212009/TM 2030/FL080/TP BE9L/TA M05/TB NEG/IC LGT RIME,NEG,,8000.0,42.78078248178186,-106.5729524077258,2024-02-15 20:30:00,0.0,L,"('KRIW', 'KCYS', 'KFTG', 'KBLX', 'KUDX')","['s3://noaa-nexrad-level2/2024/02/15/KRIW/KRIW20240215_202909_V06', 's3://noaa-nexrad-level2/2024/02/15/KCYS/KCYS20240215_202717_V06', 's3://noaa-nexrad-level2/2024/02/15/KFTG/KFTG20240215_202405_V06', 's3://noaa-nexrad-level2/2024/02/15/KBLX/KBLX20240215_202329_V06', 's3://noaa-nexrad-level2/2024/02/15/KUDX/KUDX20240215_202844_V06']"
27369,F,B737,MTJ UA /OV MTJ340030/TM 2030/FL260/TP B737/TB CONS LGT OCNL MOD/RM ZDV FDCS,CONS LGT OCNL MOD,,26000.0,38.97488436798216,-108.11604589052672,2024-02-15 20:30:00,2.0,M,"('KGJX', 'KFTG', 'KCYS', 'KPUX', 'KABX')","['s3://noaa-nexrad-level2/2024/02/15/KGJX/KGJX20240215_202514_V06', 's3://noaa-nexrad-level2/2024/02/15/KFTG/KFTG20240215_202405_V06', 's3://noaa-nexrad-level2/2024/02/15/KCYS/KCYS20240215_202717_V06', 's3://noaa-nexrad-level2/2024/02/15/KPUX/KPUX20240215_202645_V06', 's3://noaa-nexrad-level2/2024/02/15/KABX/KABX20240215_182918_V06']"
27370,F,A319,MSN UA /OV MSN/TM 2031/FL150/TP A319/TB NEG/IC NEG,NEG,,15000.0,43.14056,-89.34528,2024-02-15 20:31:00,0.0,M,"('KMKX', 'KGRB', 'KDVN', 'KARX', 'KLOT')","['s3://noaa-nexrad-level2/2024/02/15/KMKX/KMKX20240215_202734_V06', 's3://noaa-nexrad-level2/2024/02/15/KGRB/KGRB20240215_202405_V06', 's3://noaa-nexrad-level2/2024/02/15/KDVN/KDVN20240215_202700_V06', 's3://noaa-nexrad-level2/2024/02/15/KARX/KARX20240215_202756_V06', 's3://noaa-nexrad-level2/2024/02/15/KLOT/KLOT20240215_202642_V06']"
27371,F,MU2,TOR UA /OV TOR/TM 2031/FL240/TP MU2/TA M36/TB NEG/IC NEG/RM IMC ZDV,NEG,,24000.0,42.06472,-104.15278,2024-02-15 20:31:00,0.0,L,"('KCYS', 'KFTG', 'KUDX', 'KLNX', 'KPUX')","['s3://noaa-nexrad-level2/2024/02/15/KCYS/KCYS20240215_202717_V06', 's3://noaa-nexrad-level2/2024/02/15/KFTG/KFTG20240215_203058_V06', 's3://noaa-nexrad-level2/2024/02/15/KUDX/KUDX20240215_202844_V06', 's3://noaa-nexrad-level2/2024/02/15/KLNX/KLNX20240215_202825_V06', 's3://noaa-nexrad-level2/2024/02/15/KPUX/KPUX20240215_202645_V06']"
27372,F,B38M,GSO UA /OV GSO210015/TM 2032/FL360/TP B38M/TB MOD/RM ZTLFD-28,MOD,,36000.0,35.880976112021926,-80.09832251582137,2024-02-15 20:32:00,3.0,U,"('KFCX', 'KRAX', 'KCAE', 'KGSP', 'KLTX')","['s3://noaa-nexrad-level2/2024/02/15/KFCX/KFCX20240215_203047_V06', 's3://noaa-nexrad-level2/2024/02/15/KRAX/KRAX20240215_202900_V06', 's3://noaa-nexrad-level2/2024/02/15/KCAE/KCAE20240215_203141_V06', 's3://noaa-nexrad-level2/2024/02/15/KGSP/KGSP20240215_202738_V06', 's3://noaa-nexrad-level2/2024/02/15/KLTX/KLTX20240215_202953_V06']"
27373,F,A320,GRR UA /OV VIO/TM 2033/FL330/TP A320/TB OCNL MOD CHOP,OCNL MOD CHOP,,33000.0,42.88210929,-85.5229853,2024-02-15 20:33:00,3.0,M,"('KGRR', 'KIWX', 'KDTX', 'KAPX', 'KLOT')","['s3://noaa-nexrad-level2/2024/02/15/KGRR/KGRR20240215_202527_V06', 's3://noaa-nexrad-level2/2024/02/15/KIWX/KIWX20240215_202727_V06', 's3://noaa-nexrad-level2/2024/02/15/KDTX/KDTX20240215_203125_V06', 's3://noaa-nexrad-level2/2024/02/15/KAPX/KAPX20240215_202746_V06', 's3://noaa-nexrad-level2/2024/02/15/KLOT/KLOT20240215_202642_V06']"
27374,F,B737,LVS UA /OV FTI070040/TM 2033/FL390/TP B737/TB CONS LGT-MOD CHOP/RM ZAB/FDCS,CONS LGT-MOD CHOP,,39000.0,35.88803189798998,-104.36889889436392,2024-02-15 20:33:00,2.0,M,"('KFDX', 'KABX', 'KPUX', 'KAMA', 'KHDX')","['s3://noaa-nexrad-level2/2024/02/15/KFDX/KFDX20240215_203048_V06', 's3://noaa-nexrad-level2/2024/02/15/KABX/KABX20240215_182918_V06', 's3://noaa-nexrad-level2/2024/02/15/KPUX/KPUX20240215_202645_V06', 's3://noaa-nexrad-level2/2024/02/15/KAMA/KAMA20240215_203129_V06', 's3://noaa-nexrad-level2/2024/02/15/KHDX/KHDX20240215_202626_V06']"
27375,F,B38M,MYGF UA /OV ZFP330025/TM 2033/FL270/TP B38M/TB NEG,NEG,,27000.0,26.860873146630123,-79.0128106029779,2024-02-15 20:33:00,0.0,U,"('KAMX', 'KAMX', 'KMLB', 'KTBW', 'KBYX')","['s3://noaa-nexrad-level2/2024/02/15/KMLB/KMLB20240215_203047_V06', 's3://noaa-nexrad-level2/2024/02/15/KTBW/KTBW20240215_202635_V06', 's3://noaa-nexrad-level2/2024/02/15/KBYX/KBYX20240215_203040_V06']"
27376,F,C172,ANC UA /OV BGQ100010/TM 2034/FL020/TP C172/TB MOD,MOD,,2000.0,61.50105629280277,-149.4656567639093,2024-02-15 20:34:00,3.0,L,"('PAHG', 'PAIH', 'PAIH', 'PAPD', 'PAKC')","['s3://noaa-nexrad-level2/2024/02/15/PAHG/PAHG20240215_202846_V06', 's3://noaa-nexrad-level2/2024/02/15/PAIH/PAIH20240215_203214_V06', 's3://noaa-nexrad-level2/2024/02/15/PAIH/PAIH20240215_203214_V06', 's3://noaa-nexrad-level2/2024/02/15/PAPD/PAPD20240215_202727_V06', 's3://noaa-nexrad-level2/2024/02/15/PAKC/PAKC20240215_203037_V06']"
27377,F,E170,LOZ UA /OV AZQ360015/TM 2034/FL200/TP E170/TB CONS LGT,CONS LGT,,20000.0,37.64002025002025,-83.26,2024-02-15 20:34:00,1.0,U,"('KJKL', 'KMRX', 'KRLX', 'KILN', 'KLVX')","['s3://noaa-nexrad-level2/2024/02/15/KJKL/KJKL20240215_203129_V06', 's3://noaa-nexrad-level2/2024/02/15/KMRX/KMRX20240215_202959_V06', 's3://noaa-nexrad-level2/2024/02/15/KRLX/KRLX20240215_203152_V06', 's3://noaa-nexrad-level2/2024/02/15/KILN/KILN20240215_203112_V06', 's3://noaa-nexrad-level2/2024/02/15/KLVX/KLVX20240215_203150_V06']"
27378,F,A333,GSO UA /OV GSO180015/TM 2035/FL380/TP A333/TB NEG/RM ZTLFD-28,NEG,,38000.0,35.84747974997975,-79.94361,2024-02-15 20:35:00,0.0,H,"('KFCX', 'KRAX', 'KCAE', 'KLTX', 'KGSP')","['s3://noaa-nexrad-level2/2024/02/15/KFCX/KFCX20240215_203047_V06', 's3://noaa-nexrad-level2/2024/02/15/KRAX/KRAX20240215_202900_V06', 's3://noaa-nexrad-level2/2024/02/15/KCAE/KCAE20240215_203141_V06', 's3://noaa-nexrad-level2/2024/02/15/KLTX/KLTX20240215_202953_V06', 's3://noaa-nexrad-level2/2024/02/15/KGSP/KGSP20240215_202738_V06']"
27379,F,C172,MRI UA /OV MRI /TM 2035 /FL022 /TP C172 /TB OCNL LGT CHOP /RM(AKFSS),OCNL LGT CHOP,,2200.0,61.21,-149.84,2024-02-15 20:35:00,1.0,L,"('PAHG', 'PAIH', 'PAIH', 'PAPD', 'PAKC')","['s3://noaa-nexrad-level2/2024/02/15/PAHG/PAHG20240215_202846_V06', 's3://noaa-nexrad-level2/2024/02/15/PAIH/PAIH20240215_203214_V06', 's3://noaa-nexrad-level2/2024/02/15/PAIH/PAIH20240215_203214_V06', 's3://noaa-nexrad-level2/2024/02/15/PAPD/PAPD20240215_203416_V06', 's3://noaa-nexrad-level2/2024/02/15/PAKC/PAKC20240215_203037_V06']"
27380,F,C172,MRI UA /OV MRI /TM 2035 /FL022 /TP C172 /TB OCNL LGT CHOP /RM (AKFSS,OCNL LGT CHOP,,2200.0,61.21,-149.84,2024-02-15 20:35:00,1.0,L,"('PAHG', 'PAIH', 'PAIH', 'PAPD', 'PAKC')","['s3://noaa-nexrad-level2/2024/02/15/PAHG/PAHG20240215_202846_V06', 's3://noaa-nexrad-level2/2024/02/15/PAIH/PAIH20240215_203214_V06', 's3://noaa-nexrad-level2/2024/02/15/PAIH/PAIH20240215_203214_V06', 's3://noaa-nexrad-level2/2024/02/15/PAPD/PAPD20240215_203416_V06', 's3://noaa-nexrad-level2/2024/02/15/PAKC/PAKC20240215_203037_V06']"
27381,F,G280,ELP UA /OV ELP090060/TM 2035/FL410/TP G280/TB LGT CONS CHOP MOD OCNL CHOP/RM ZAB/FDCS,LGT CONS CHOP MOD OCNL CHOP,,41000.0,31.81111,-105.19897405312744,2024-02-15 20:35:00,2.0,U,"('KEPZ', 'KHDX', 'KMAF', 'KFDX', 'KABX')","['s3://noaa-nexrad-level2/2024/02/15/KEPZ/KEPZ20240215_203306_V06', 's3://noaa-nexrad-level2/2024/02/15/KHDX/KHDX20240215_203331_V06', 's3://noaa-nexrad-level2/2024/02/15/KMAF/KMAF20240215_203207_V06', 's3://noaa-nexrad-level2/2024/02/15/KFDX/KFDX20240215_203048_V06', 's3://noaa-nexrad-level2/2024/02/15/KABX/KABX20240215_182918_V06']"
27382,F,A320,ALB UA /OV CAM/TM 2036/FL340/TP A320/TB NEG,NEG,,34000.0,42.99,-73.34,2024-02-15 20:36:00,0.0,M,"('KENX', 'KCXX', 'KOKX', 'KBOX', 'KTYX')","['s3://noaa-nexrad-level2/2024/02/15/KENX/KENX20240215_203123_V06', 's3://noaa-nexrad-level2/2024/02/15/KCXX/KCXX20240215_203203_V06', 's3://noaa-nexrad-level2/2024/02/15/KOKX/KOKX20240215_203342_V06', 's3://noaa-nexrad-level2/2024/02/15/KBOX/KBOX20240215_203408_V06', 's3://noaa-nexrad-level2/2024/02/15/KTYX/KTYX20240215_203239_V06']"
27383,F,PC12,DEN UA /OV 1V2/TM 2036/FL230/TP PC12/SK TOP220/TA M29/TB NEG/IC NEG/RM DURC ZDV,NEG,,23000.0,42.0,-101.77,2024-02-15 20:36:00,0.0,L,"('KLNX', 'KUDX', 'KGLD', 'KCYS', 'KFTG')","['s3://noaa-nexrad-level2/2024/02/15/KLNX/KLNX20240215_203528_V06', 's3://noaa-nexrad-level2/2024/02/15/KUDX/KUDX20240215_203545_V06', 's3://noaa-nexrad-level2/2024/02/15/KGLD/KGLD20240215_203525_V06', 's3://noaa-nexrad-level2/2024/02/15/KCYS/KCYS20240215_203424_V06', 's3://noaa-nexrad-level2/2024/02/15/KFTG/KFTG20240215_203058_V06']"
27384,F,B737,DEN UA /OV DEN260020/TM 2036/FL180/TP B737/TB MOD TURB 180-195,MOD TURB 180-195,,18000.0,39.774912585605534,-105.08501477035183,2024-02-15 20:36:00,3.0,M,"('KFTG', 'KCYS', 'KPUX', 'KGJX', 'KGLD')","['s3://noaa-nexrad-level2/2024/02/15/KFTG/KFTG20240215_203058_V06', 's3://noaa-nexrad-level2/2024/02/15/KCYS/KCYS20240215_203424_V06', 's3://noaa-nexrad-level2/2024/02/15/KPUX/KPUX20240215_203343_V06', 's3://noaa-nexrad-level2/2024/02/15/KGJX/KGJX20240215_203103_V06', 's3://noaa-nexrad-level2/2024/02/15/KGLD/KGLD20240215_203525_V06']"
27385,F,A320,DEN UA /OV DEN220035/TM 2036/FL110/TP A320/TB MOD /RM MOD TRB 170-110,MOD,,11000.0,39.38590454587779,-105.14582078532518,2024-02-15 20:36:00,3.0,M,"('KFTG', 'KPUX', 'KCYS', 'KGJX', 'KGLD')","['s3://noaa-nexrad-level2/2024/02/15/KFTG/KFTG20240215_203058_V06', 's3://noaa-nexrad-level2/2024/02/15/KPUX/KPUX20240215_203343_V06', 's3://noaa-nexrad-level2/2024/02/15/KCYS/KCYS20240215_203424_V06', 's3://noaa-nexrad-level2/2024/02/15/KGJX/KGJX20240215_203103_V06', 's3://noaa-nexrad-level2/2024/02/15/KGLD/KGLD20240215_203525_V06']"
27386,F,P46T,DEN UA /OV 5V8/TM 2037/FL260/TP P46T/TB NEG/IC NEG/RM ZDV,NEG,,26000.0,43.83,-101.49,2024-02-15 20:37:00,0.0,L,"('KUDX', 'KLNX', 'KBIS', 'KABR', 'KCYS')","['s3://noaa-nexrad-level2/2024/02/15/KUDX/KUDX20240215_203545_V06', 's3://noaa-nexrad-level2/2024/02/15/KLNX/KLNX20240215_203528_V06', 's3://noaa-nexrad-level2/2024/02/15/KBIS/KBIS20240215_203034_V06', 's3://noaa-nexrad-level2/2024/02/15/KABR/KABR20240215_203058_V06', 's3://noaa-nexrad-level2/2024/02/15/KCYS/KCYS20240215_203424_V06']"
27387,F,SR22,HTS UA /OV UNI180005/TM 2037/FL040/TP SR22/TA 05/WV 31716/TB LGT MOD CHOP/IC NEG,LGT MOD CHOP,,4000.0,39.12855131665992,-82.2292537,2024-02-15 20:37:00,2.0,L,"('KRLX', 'KILN', 'KJKL', 'KCLE', 'KPBZ')","['s3://noaa-nexrad-level2/2024/02/15/KRLX/KRLX20240215_203152_V06', 's3://noaa-nexrad-level2/2024/02/15/KILN/KILN20240215_203533_V06', 's3://noaa-nexrad-level2/2024/02/15/KJKL/KJKL20240215_203129_V06', 's3://noaa-nexrad-level2/2024/02/15/KCLE/KCLE20240215_203351_V06', 's3://noaa-nexrad-level2/2024/02/15/KPBZ/KPBZ20240215_203624_V06']"
27388,F,A320,SJT UA /OV SJT135030/TM 2038/FL210/TP A320/TB MOD /RM ZHU,MOD,,21000.0,30.99808797155345,-100.0809646611113,2024-02-15 20:38:00,3.0,M,"('KSJT', 'KDFX', 'KDYX', 'KMAF', 'KEWX')","['s3://noaa-nexrad-level2/2024/02/15/KSJT/KSJT20240215_203747_V06', 's3://noaa-nexrad-level2/2024/02/15/KDFX/KDFX20240215_200525_V06', 's3://noaa-nexrad-level2/2024/02/15/KDYX/KDYX20240215_203650_V06', 's3://noaa-nexrad-level2/2024/02/15/KMAF/KMAF20240215_203207_V06', 's3://noaa-nexrad-level2/2024/02/15/KEWX/KEWX20240215_203348_V06']"
27389,F,B739,TIF UA /OV TDD/TM 2038/FL250/TP B739/TB NEG/IC NEG/RM VMC ZDV,NEG,,25000.0,41.98,-100.72,2024-02-15 20:38:00,0.0,M,"('KLNX', 'KGLD', 'KUEX', 'KUDX', 'KCYS')","['s3://noaa-nexrad-level2/2024/02/15/KLNX/KLNX20240215_203528_V06', 's3://noaa-nexrad-level2/2024/02/15/KGLD/KGLD20240215_203525_V06', 's3://noaa-nexrad-level2/2024/02/15/KUEX/KUEX20240215_203544_V06', 's3://noaa-nexrad-level2/2024/02/15/KUDX/KUDX20240215_203545_V06', 's3://noaa-nexrad-level2/2024/02/15/KCYS/KCYS20240215_203424_V06']"
27390,F,F2TH,PWK UA /OV THORR/TM 2040/FL030/TP F2TH/TB LGT-MOD TURB BLO 030/RM DURD RY 34 PWK,LGT-MOD TURB BLO 030,,3000.0,42.12083,-87.90472,2024-02-15 20:40:00,2.0,M,"('KLOT', 'KMKX', 'KIWX', 'KGRB', 'KILX')","['s3://noaa-nexrad-level2/2024/02/15/KLOT/KLOT20240215_203332_V06', 's3://noaa-nexrad-level2/2024/02/15/KMKX/KMKX20240215_203419_V06', 's3://noaa-nexrad-level2/2024/02/15/KIWX/KIWX20240215_203407_V06', 's3://noaa-nexrad-level2/2024/02/15/KGRB/KGRB20240215_203800_V06', 's3://noaa-nexrad-level2/2024/02/15/KILX/KILX20240215_203628_V06']"
27391,F,SR22,VJI UA /OV GZG090030/TM 2040/FL090/TP SR22/TB MOD/RM ZTLFD-45,MOD,,9000.0,36.83,-81.45527549143347,2024-02-15 20:40:00,3.0,L,"('KFCX', 'KRLX', 'KJKL', 'KMRX', 'KGSP')","['s3://noaa-nexrad-level2/2024/02/15/KFCX/KFCX20240215_203922_V06', 's3://noaa-nexrad-level2/2024/02/15/KRLX/KRLX20240215_203850_V06', 's3://noaa-nexrad-level2/2024/02/15/KJKL/KJKL20240215_203815_V06', 's3://noaa-nexrad-level2/2024/02/15/KMRX/KMRX20240215_203831_V06', 's3://noaa-nexrad-level2/2024/02/15/KGSP/KGSP20240215_203617_V06']"
27392,F,B738,BDH UA /OV BDH/TM 2043/FL360/TP B738/TB INTMT LGT CHOP 001-360/RM DURC SMERF7,INTMT LGT CHOP 001-360,,36000.0,45.1177,-95.1304,2024-02-15 20:43:00,1.0,M,"('KMPX', 'KFSD', 'KMVX', 'KABR', 'KDLH')","['s3://noaa-nexrad-level2/2024/02/15/KMPX/KMPX20240215_204226_V06', 's3://noaa-nexrad-level2/2024/02/15/KFSD/KFSD20240215_203923_V06', 's3://noaa-nexrad-level2/2024/02/15/KMVX/KMVX20240215_203646_V06', 's3://noaa-nexrad-level2/2024/02/15/KABR/KABR20240215_203742_V06', 's3://noaa-nexrad-level2/2024/02/15/KDLH/KDLH20240215_203940_V06']"
27393,F,BE36,BYL UA /OV BYL/TM 2044/FL100/TP BE36/TA 21/TB LGT-MOD CHOP,LGT-MOD CHOP,,10000.0,36.795,-84.1995,2024-02-15 20:44:00,2.0,L,"('KMRX', 'KJKL', 'KLVX', 'KOHX', 'KHTX')","['s3://noaa-nexrad-level2/2024/02/15/KMRX/KMRX20240215_203831_V06', 's3://noaa-nexrad-level2/2024/02/15/KJKL/KJKL20240215_203815_V06', 's3://noaa-nexrad-level2/2024/02/15/KLVX/KLVX20240215_203854_V06', 's3://noaa-nexrad-level2/2024/02/15/KOHX/KOHX20240215_204058_V06', 's3://noaa-nexrad-level2/2024/02/15/KHTX/KHTX20240215_204124_V06']"
27394,F,A319,HKY UA /OV BZM/TM 2044/FL340/TP A319/TB OCNL LGT/RM ZTLFD-43,OCNL LGT,,34000.0,35.87,-81.24,2024-02-15 20:44:00,1.0,M,"('KGSP', 'KFCX', 'KCAE', 'KMRX', 'KRLX')","['s3://noaa-nexrad-level2/2024/02/15/KGSP/KGSP20240215_203617_V06', 's3://noaa-nexrad-level2/2024/02/15/KFCX/KFCX20240215_203922_V06', 's3://noaa-nexrad-level2/2024/02/15/KCAE/KCAE20240215_203826_V06', 's3://noaa-nexrad-level2/2024/02/15/KMRX/KMRX20240215_203831_V06', 's3://noaa-nexrad-level2/2024/02/15/KRLX/KRLX20240215_203850_V06']"
27395,F,B752,HWY UA /OV CSN130015/TM 2044/FL380/TP B752/TB MOD CHOP,MOD CHOP,,38000.0,38.479290081116254,-77.62479405066001,2024-02-15 20:44:00,3.0,M,"('KLWX', 'KAKQ', 'KDOX', 'KCCX', 'KRAX')","['s3://noaa-nexrad-level2/2024/02/15/KLWX/KLWX20240215_204137_V06', 's3://noaa-nexrad-level2/2024/02/15/KAKQ/KAKQ20240215_204031_V06', 's3://noaa-nexrad-level2/2024/02/15/KDOX/KDOX20240215_141914_V06', 's3://noaa-nexrad-level2/2024/02/15/KCCX/KCCX20240215_204330_V06', 's3://noaa-nexrad-level2/2024/02/15/KRAX/KRAX20240215_203724_V06']"
27396,F,B737,LBL UA /OV KLBL/TM 2044/FL390/TP B737/TB INTMT LGT CHOP/RM ZKCFDC,INTMT LGT CHOP,,39000.0,37.04422,-100.95986,2024-02-15 20:44:00,1.0,M,"('KDDC', 'KAMA', 'KGLD', 'KVNX', 'KFDR')","['s3://noaa-nexrad-level2/2024/02/15/KDDC/KDDC20240215_204344_V06', 's3://noaa-nexrad-level2/2024/02/15/KAMA/KAMA20240215_203811_V06', 's3://noaa-nexrad-level2/2024/02/15/KGLD/KGLD20240215_203525_V06', 's3://noaa-nexrad-level2/2024/02/15/KVNX/KVNX20240215_203440_V06', 's3://noaa-nexrad-level2/2024/02/15/KFDR/KFDR20240215_203810_V06']"
27397,F,A21N,ATL UA /OV ATL/TM 2045/FL310/TP A21N/TB OCNL LGT CHOP/RM ZTLFD-22,OCNL LGT CHOP,,31000.0,33.6301,-84.4418,2024-02-15 20:45:00,1.0,U,"('KFFC', 'KJGX', 'KMXX', 'KHTX', 'KBMX')","['s3://noaa-nexrad-level2/2024/02/15/KFFC/KFFC20240215_204036_V06', 's3://noaa-nexrad-level2/2024/02/15/KJGX/KJGX20240215_204216_V06', 's3://noaa-nexrad-level2/2024/02/15/KMXX/KMXX20240215_203850_V06', 's3://noaa-nexrad-level2/2024/02/15/KHTX/KHTX20240215_204124_V06', 's3://noaa-nexrad-level2/2024/02/15/KBMX/KBMX20240215_204315_V06']"
27398,F,B739,BHM UA /OV VUZ340030/TM 2045/FL250/TP B739/TB CONS LGT CHOP/RM ZTLFD-03,CONS LGT CHOP,,25000.0,34.139884367982155,-87.10549720493603,2024-02-15 20:45:00,1.0,M,"('KBMX', 'KGWX', 'KHTX', 'KMXX', 'KOHX')","['s3://noaa-nexrad-level2/2024/02/15/KBMX/KBMX20240215_204315_V06', 's3://noaa-nexrad-level2/2024/02/15/KGWX/KGWX20240215_204209_V06', 's3://noaa-nexrad-level2/2024/02/15/KHTX/KHTX20240215_204124_V06', 's3://noaa-nexrad-level2/2024/02/15/KMXX/KMXX20240215_203850_V06', 's3://noaa-nexrad-level2/2024/02/15/KOHX/KOHX20240215_204058_V06']"
27399,F,A319,VRB UA /OV TRV255024/TM 2045/FL190/TP A319/TB OCNL LGT CHOP,OCNL LGT CHOP,,19000.0,27.576463996213544,-80.92633796137144,2024-02-15 20:45:00,1.0,M,"('KMLB', 'KTBW', 'KAMX', 'KAMX', 'KJAX')","['s3://noaa-nexrad-level2/2024/02/15/KMLB/KMLB20240215_204450_V06', 's3://noaa-nexrad-level2/2024/02/15/KTBW/KTBW20240215_204401_V06', 's3://noaa-nexrad-level2/2024/02/15/KJAX/KJAX20240215_203849_V06']"
27400,T,C68A,PTK UUA /OV PTK/TM 2045/FL030/TP C68A/WV +- 7-8KTS LIGHT - MOD TURB/TB LGT 030/RM >030 10-15KTS,LGT 030,,3000.0,42.6655,-83.42008,2024-02-15 20:45:00,1.0,U,"('KDTX', 'KCLE', 'KGRR', 'KAPX', 'KIWX')","['s3://noaa-nexrad-level2/2024/02/15/KDTX/KDTX20240215_203823_V06', 's3://noaa-nexrad-level2/2024/02/15/KCLE/KCLE20240215_204209_V06', 's3://noaa-nexrad-level2/2024/02/15/KGRR/KGRR20240215_204234_V06', 's3://noaa-nexrad-level2/2024/02/15/KAPX/KAPX20240215_204208_V06', 's3://noaa-nexrad-level2/2024/02/15/KIWX/KIWX20240215_204106_V06']"
27401,F,B738,PWK UA /OV OBK340030/TM 2046/FL370/TP B738/TB CONS LGT,CONS LGT,,37000.0,42.68988436798215,-88.18093550351715,2024-02-15 20:46:00,1.0,M,"('KMKX', 'KLOT', 'KGRB', 'KDVN', 'KGRR')","['s3://noaa-nexrad-level2/2024/02/15/KMKX/KMKX20240215_204120_V06', 's3://noaa-nexrad-level2/2024/02/15/KLOT/KLOT20240215_204037_V06', 's3://noaa-nexrad-level2/2024/02/15/KGRB/KGRB20240215_204458_V06', 's3://noaa-nexrad-level2/2024/02/15/KDVN/KDVN20240215_204026_V06', 's3://noaa-nexrad-level2/2024/02/15/KGRR/KGRR20240215_204234_V06']"
27402,F,P28A,LAL UA /OV KLAL045007 /TM 2047 /FL035 /TP P28A /SK SCT050 /WX FV99SM /TA 12 /TB NEG /RM SMTH,NEG,,3500.0,28.0714224733042,-81.92512977468391,2024-02-15 20:47:00,0.0,L,"('KTBW', 'KMLB', 'KJAX', 'KAMX', 'KAMX')","['s3://noaa-nexrad-level2/2024/02/15/KTBW/KTBW20240215_204401_V06', 's3://noaa-nexrad-level2/2024/02/15/KMLB/KMLB20240215_204450_V06', 's3://noaa-nexrad-level2/2024/02/15/KJAX/KJAX20240215_204539_V06']"
27403,F,LF4,LYH UA /OV LYH305027/TM 2047/FL430/TP LF4/TB CONS LGT OCNL MOD,CONS LGT OCNL MOD,,43000.0,37.57893030323998,-79.67026074770462,2024-02-15 20:47:00,2.0,U,"('KFCX', 'KRLX', 'KRAX', 'KLWX', 'KAKQ')","['s3://noaa-nexrad-level2/2024/02/15/KFCX/KFCX20240215_203922_V06', 's3://noaa-nexrad-level2/2024/02/15/KRLX/KRLX20240215_204548_V06', 's3://noaa-nexrad-level2/2024/02/15/KRAX/KRAX20240215_204555_V06', 's3://noaa-nexrad-level2/2024/02/15/KLWX/KLWX20240215_204550_V06', 's3://noaa-nexrad-level2/2024/02/15/KAKQ/KAKQ20240215_204031_V06']"
27404,F,B38M,INK UA /OV INK/TM 2048/FL220/TP B38M/TB CONS LGT CHOP/RM ZAB/FDCS,CONS LGT CHOP,,22000.0,31.78,-103.2,2024-02-15 20:48:00,1.0,U,"('KMAF', 'KLBB', 'KSJT', 'KFDX', 'KHDX')","['s3://noaa-nexrad-level2/2024/02/15/KMAF/KMAF20240215_204540_V06', 's3://noaa-nexrad-level2/2024/02/15/KLBB/KLBB20240215_204522_V06', 's3://noaa-nexrad-level2/2024/02/15/KSJT/KSJT20240215_204619_V06', 's3://noaa-nexrad-level2/2024/02/15/KFDX/KFDX20240215_204500_V06', 's3://noaa-nexrad-level2/2024/02/15/KHDX/KHDX20240215_204723_V06']"
27405,F,A20N,DEN UA /OV DEN260035/TM 2049/FL170/TP A20N/TB MOD TURB 170-145,MOD TURB 170-145,,17000.0,39.73149702480969,-105.40565084811573,2024-02-15 20:49:00,3.0,U,"('KFTG', 'KCYS', 'KPUX', 'KGJX', 'KGLD')","['s3://noaa-nexrad-level2/2024/02/15/KFTG/KFTG20240215_204451_V06', 's3://noaa-nexrad-level2/2024/02/15/KCYS/KCYS20240215_204837_V06', 's3://noaa-nexrad-level2/2024/02/15/KPUX/KPUX20240215_204731_V06', 's3://noaa-nexrad-level2/2024/02/15/KGJX/KGJX20240215_204839_V06', 's3://noaa-nexrad-level2/2024/02/15/KGLD/KGLD20240215_204500_V06']"
27406,F,A321,AMG UA /OV AMG/TM 2049/FL350/TP A321/TB LGT CHOP,LGT CHOP,,35000.0,31.53606,-82.50656,2024-02-15 20:49:00,1.0,M,"('KVAX', 'KJAX', 'KJGX', 'KCLX', 'KTLH')","['s3://noaa-nexrad-level2/2024/02/15/KVAX/KVAX20240215_204348_V06', 's3://noaa-nexrad-level2/2024/02/15/KJAX/KJAX20240215_204539_V06', 's3://noaa-nexrad-level2/2024/02/15/KJGX/KJGX20240215_204216_V06', 's3://noaa-nexrad-level2/2024/02/15/KCLX/KCLX20240215_204712_V06', 's3://noaa-nexrad-level2/2024/02/15/KTLH/KTLH20240215_204742_V06']"
27407,F,B763,MEM UA /OV MEM045060/TM 2049/FL300/TP B763/TB MOD/RM ZME,MOD,,30000.0,35.7682740568931,-89.12106639435977,2024-02-15 20:49:00,3.0,H,"('KNQA', 'KPAH', 'KGWX', 'KHPX', 'KOHX')","['s3://noaa-nexrad-level2/2024/02/15/KNQA/KNQA20240215_204054_V06', 's3://noaa-nexrad-level2/2024/02/15/KGWX/KGWX20240215_204209_V06', 's3://noaa-nexrad-level2/2024/02/15/KHPX/KHPX20240215_204534_V06', 's3://noaa-nexrad-level2/2024/02/15/KOHX/KOHX20240215_204748_V06']"
27408,F,A320,PIE UA /OV PIE360020/TM 2049/FL200/TP A320/TB NEG,NEG,,20000.0,28.24336033336033,-82.68742,2024-02-15 20:49:00,0.0,M,"('KTBW', 'KMLB', 'KJAX', 'KVAX', 'KTLH')","['s3://noaa-nexrad-level2/2024/02/15/KTBW/KTBW20240215_204401_V06', 's3://noaa-nexrad-level2/2024/02/15/KMLB/KMLB20240215_204450_V06', 's3://noaa-nexrad-level2/2024/02/15/KJAX/KJAX20240215_204539_V06', 's3://noaa-nexrad-level2/2024/02/15/KVAX/KVAX20240215_204348_V06', 's3://noaa-nexrad-level2/2024/02/15/KTLH/KTLH20240215_204742_V06']"
27409,F,B738,ABQ UA /OV ABQ118031/TM 2050/FL330/TP B738/TB MOD/RM VZAB/FDCS,MOD,,33000.0,34.79932004515607,-106.05826474688328,2024-02-15 20:50:00,3.0,M,"('KABX', 'KHDX', 'KFDX', 'KEPZ', 'KPUX')","['s3://noaa-nexrad-level2/2024/02/15/KABX/KABX20240215_182918_V06', 's3://noaa-nexrad-level2/2024/02/15/KHDX/KHDX20240215_204723_V06', 's3://noaa-nexrad-level2/2024/02/15/KFDX/KFDX20240215_204500_V06', 's3://noaa-nexrad-level2/2024/02/15/KEPZ/KEPZ20240215_204719_V06', 's3://noaa-nexrad-level2/2024/02/15/KPUX/KPUX20240215_204731_V06']"
27410,F,E170,TPL UA /OV TPL/TM 2050/FL200/TP E170/TB MOD/RM ZHU,MOD,,20000.0,31.1525,-97.40778,2024-02-15 20:50:00,3.0,U,"('KGRK', 'KFWS', 'KEWX', 'KDYX', 'KHGX')","['s3://noaa-nexrad-level2/2024/02/15/KGRK/KGRK20240215_204519_V06', 's3://noaa-nexrad-level2/2024/02/15/KFWS/KFWS20240215_204608_V06', 's3://noaa-nexrad-level2/2024/02/15/KEWX/KEWX20240215_204712_V06', 's3://noaa-nexrad-level2/2024/02/15/KDYX/KDYX20240215_204337_V06', 's3://noaa-nexrad-level2/2024/02/15/KHGX/KHGX20240215_204447_V06']"
27411,F,DV20,PUB UA /OV KPUB/TM 2050/FL060/TP DV20/TB LGT/RM DURD RWY 8R,LGT,,6000.0,38.29,-104.49833,2024-02-15 20:50:00,1.0,L,"('KPUX', 'KFTG', 'KCYS', 'KGLD', 'KFDX')","['s3://noaa-nexrad-level2/2024/02/15/KPUX/KPUX20240215_204731_V06', 's3://noaa-nexrad-level2/2024/02/15/KFTG/KFTG20240215_204451_V06', 's3://noaa-nexrad-level2/2024/02/15/KCYS/KCYS20240215_204837_V06', 's3://noaa-nexrad-level2/2024/02/15/KGLD/KGLD20240215_204500_V06', 's3://noaa-nexrad-level2/2024/02/15/KFDX/KFDX20240215_204500_V06']"
27412,F,B738,LOZ UA /OV LOZ290032/TM 2051/FL380/TP B738/TB CONS LGT CHOP 380,CONS LGT CHOP 380,,38000.0,37.26942551839199,-84.7053025467107,2024-02-15 20:51:00,1.0,M,"('KLVX', 'KJKL', 'KMRX', 'KOHX', 'KILN')","['s3://noaa-nexrad-level2/2024/02/15/KLVX/KLVX20240215_204537_V06', 's3://noaa-nexrad-level2/2024/02/15/KJKL/KJKL20240215_204505_V06', 's3://noaa-nexrad-level2/2024/02/15/KMRX/KMRX20240215_204657_V06', 's3://noaa-nexrad-level2/2024/02/15/KOHX/KOHX20240215_204748_V06', 's3://noaa-nexrad-level2/2024/02/15/KILN/KILN20240215_204909_V06']"
27413,F,B739,BHM UA /OV VUZ/TM 2052/FL250/TP B739/TB NEG/RM ZTLFD-03,NEG,,25000.0,33.67,-86.9,2024-02-15 20:52:00,0.0,M,"('KBMX', 'KGWX', 'KHTX', 'KMXX', 'KFFC')","['s3://noaa-nexrad-level2/2024/02/15/KBMX/KBMX20240215_204315_V06', 's3://noaa-nexrad-level2/2024/02/15/KGWX/KGWX20240215_205153_V06', 's3://noaa-nexrad-level2/2024/02/15/KHTX/KHTX20240215_204825_V06', 's3://noaa-nexrad-level2/2024/02/15/KMXX/KMXX20240215_204723_V06', 's3://noaa-nexrad-level2/2024/02/15/KFFC/KFFC20240215_204736_V06']"
27414,F,A321,LGC UA /OV LGC350050/TM 2052/FL340/TP A321/TB NEG/RM ZTLFD-03,NEG,,34000.0,33.829599602099975,-85.2451844024162,2024-02-15 20:52:00,0.0,M,"('KFFC', 'KHTX', 'KMXX', 'KBMX', 'KJGX')","['s3://noaa-nexrad-level2/2024/02/15/KFFC/KFFC20240215_204736_V06', 's3://noaa-nexrad-level2/2024/02/15/KHTX/KHTX20240215_204825_V06', 's3://noaa-nexrad-level2/2024/02/15/KMXX/KMXX20240215_204723_V06', 's3://noaa-nexrad-level2/2024/02/15/KBMX/KBMX20240215_204315_V06', 's3://noaa-nexrad-level2/2024/02/15/KJGX/KJGX20240215_204916_V06']"
27415,F,B737,MDQ UA /OV RQZ/TM 2053/FL270/TP B737/TB NEG/RM ZTLFD-06,NEG,,27000.0,34.8,-86.63,2024-02-15 20:53:00,0.0,M,"('KHTX', 'KOHX', 'KBMX', 'KGWX', 'KHPX')","['s3://noaa-nexrad-level2/2024/02/15/KHTX/KHTX20240215_204825_V06', 's3://noaa-nexrad-level2/2024/02/15/KOHX/KOHX20240215_204748_V06', 's3://noaa-nexrad-level2/2024/02/15/KBMX/KBMX20240215_205200_V06', 's3://noaa-nexrad-level2/2024/02/15/KGWX/KGWX20240215_205153_V06', 's3://noaa-nexrad-level2/2024/02/15/KHPX/KHPX20240215_205224_V06']"
27416,F,B739,SPA UA /OV SPA060020/TM 2053/FL240/TP B739/TB NEG CHOP/RM ZTLFD-32,NEG CHOP,,24000.0,35.082402366680164,-81.60442642443378,2024-02-15 20:53:00,0.0,M,"('KGSP', 'KCAE', 'KMRX', 'KFCX', 'KCLX')","['s3://noaa-nexrad-level2/2024/02/15/KGSP/KGSP20240215_204455_V06', 's3://noaa-nexrad-level2/2024/02/15/KCAE/KCAE20240215_204802_V06', 's3://noaa-nexrad-level2/2024/02/15/KMRX/KMRX20240215_204657_V06', 's3://noaa-nexrad-level2/2024/02/15/KFCX/KFCX20240215_204758_V06', 's3://noaa-nexrad-level2/2024/02/15/KCLX/KCLX20240215_204712_V06']"
27417,F,B737,BXK UA /OV GBN/TM 2053/FL360/TP B737/TB LGT CONS CHOP/RM ZAB/FDCS,LGT CONS CHOP,,36000.0,32.8875,-112.72,2024-02-15 20:53:00,1.0,M,"('KIWA', 'KYUX', 'KFSX', 'KFSX', 'KEMX')","['s3://noaa-nexrad-level2/2024/02/15/KIWA/KIWA20240215_204557_V06', 's3://noaa-nexrad-level2/2024/02/15/KYUX/KYUX20240215_204859_V06', 's3://noaa-nexrad-level2/2024/02/15/KFSX/KFSX20240215_204606_V06', 's3://noaa-nexrad-level2/2024/02/15/KFSX/KFSX20240215_204606_V06', 's3://noaa-nexrad-level2/2024/02/15/KEMX/KEMX20240215_204812_V06']"
27418,F,B752,MSL UA /OV MSL225010/TM 2054/FL290/TP B752/TB MOD/RM ZME,MOD,,29000.0,34.62598932385115,-87.7430537497015,2024-02-15 20:54:00,3.0,M,"('KGWX', 'KHTX', 'KBMX', 'KOHX', 'KHPX')","['s3://noaa-nexrad-level2/2024/02/15/KGWX/KGWX20240215_205153_V06', 's3://noaa-nexrad-level2/2024/02/15/KHTX/KHTX20240215_204825_V06', 's3://noaa-nexrad-level2/2024/02/15/KBMX/KBMX20240215_205200_V06', 's3://noaa-nexrad-level2/2024/02/15/KOHX/KOHX20240215_204748_V06', 's3://noaa-nexrad-level2/2024/02/15/KHPX/KHPX20240215_205224_V06']"
27419,F,B737,GAG UA /OV MMB/TM 2054/FL380/TP B737/TB CONS LGT CHOP/RM ZKCFDC,CONS LGT CHOP,,38000.0,36.34,-99.88,2024-02-15 20:54:00,1.0,M,"('KDDC', 'KVNX', 'KAMA', 'KFDR', 'KOUN')","['s3://noaa-nexrad-level2/2024/02/15/KDDC/KDDC20240215_205159_V06', 's3://noaa-nexrad-level2/2024/02/15/KVNX/KVNX20240215_205359_V06', 's3://noaa-nexrad-level2/2024/02/15/KAMA/KAMA20240215_205155_V06', 's3://noaa-nexrad-level2/2024/02/15/KFDR/KFDR20240215_205152_V06']"
27420,F,E170,ATL UA /OV ATL270055/TM 2055/FL210/TP E170/TB NEG/RM ZTLFD-04,NEG,,21000.0,33.6301,-85.54281782430513,2024-02-15 20:55:00,0.0,U,"('KFFC', 'KMXX', 'KBMX', 'KHTX', 'KEOX')","['s3://noaa-nexrad-level2/2024/02/15/KFFC/KFFC20240215_205421_V06', 's3://noaa-nexrad-level2/2024/02/15/KMXX/KMXX20240215_204723_V06', 's3://noaa-nexrad-level2/2024/02/15/KBMX/KBMX20240215_205200_V06', 's3://noaa-nexrad-level2/2024/02/15/KHTX/KHTX20240215_204825_V06', 's3://noaa-nexrad-level2/2024/02/15/KEOX/KEOX20240215_205312_V06']"
27421,F,BE20,HKY UA /OV BZM/TM 2055/FL100/TP BE20/TB LGT OCNL CHOP/IC NEG/RM ZTLFD-46,LGT OCNL CHOP,,10000.0,35.87,-81.24,2024-02-15 20:55:00,1.0,M,"('KGSP', 'KFCX', 'KCAE', 'KMRX', 'KRLX')","['s3://noaa-nexrad-level2/2024/02/15/KGSP/KGSP20240215_205332_V06', 's3://noaa-nexrad-level2/2024/02/15/KFCX/KFCX20240215_204758_V06', 's3://noaa-nexrad-level2/2024/02/15/KCAE/KCAE20240215_204802_V06', 's3://noaa-nexrad-level2/2024/02/15/KMRX/KMRX20240215_204657_V06', 's3://noaa-nexrad-level2/2024/02/15/KRLX/KRLX20240215_205246_V06']"
27422,F,E75L,PDX UA /OV PDX070015/TM 2055/FL105/TP E75L/TB MOD/RM 105-060 DURD,MOD,,10500.0,45.67634196174624,-122.26454167835276,2024-02-15 20:55:00,3.0,U,"('KRTX', 'KLGX', 'KATX', 'KPDT', 'KMAX')","['s3://noaa-nexrad-level2/2024/02/15/KRTX/KRTX20240215_205445_V06', 's3://noaa-nexrad-level2/2024/02/15/KLGX/KLGX20240215_205420_V06', 's3://noaa-nexrad-level2/2024/02/15/KATX/KATX20240215_205409_V06', 's3://noaa-nexrad-level2/2024/02/15/KPDT/KPDT20240215_205438_V06', 's3://noaa-nexrad-level2/2024/02/15/KMAX/KMAX20240215_204824_V06']"
27423,F,A319,ART UA /OV ART/TM 2057/FL300/TP A319/SK TOP 300/TB OCNL LGT CHOP 280 NEG ABV 300,OCNL LGT CHOP 280 NEG ABV 300,,30000.0,43.98883,-76.0262,2024-02-15 20:57:00,0.0,M,"('KTYX', 'KBGM', 'KENX', 'KBUF', 'KCXX')","['s3://noaa-nexrad-level2/2024/02/15/KTYX/KTYX20240215_205346_V06', 's3://noaa-nexrad-level2/2024/02/15/KBGM/KBGM20240215_205258_V06', 's3://noaa-nexrad-level2/2024/02/15/KENX/KENX20240215_205430_V06', 's3://noaa-nexrad-level2/2024/02/15/KBUF/KBUF20240215_205522_V06', 's3://noaa-nexrad-level2/2024/02/15/KCXX/KCXX20240215_205311_V06']"
27424,F,E75L,IAD UA /OV IAD090004/TM 2057/FL040/TP E75L/TB MOD CHOP/IC LIGHT,MOD CHOP,,4000.0,38.93484,-77.3615679599635,2024-02-15 20:57:00,3.0,U,"('KLWX', 'KDOX', 'KAKQ', 'KCCX', 'KDIX')","['s3://noaa-nexrad-level2/2024/02/15/KLWX/KLWX20240215_205419_V06', 's3://noaa-nexrad-level2/2024/02/15/KDOX/KDOX20240215_141914_V06', 's3://noaa-nexrad-level2/2024/02/15/KAKQ/KAKQ20240215_205355_V06', 's3://noaa-nexrad-level2/2024/02/15/KCCX/KCCX20240215_205541_V06', 's3://noaa-nexrad-level2/2024/02/15/KDIX/KDIX20240215_205039_V06']"
27425,F,B737,SEG UA /OV MIP118020/TM 2057/FL260/TP B737/TB MOD CHOP 250-260/RM DURD KLGA ARRIVAL,MOD CHOP 250-260,,26000.0,40.863496803326505,-76.27987766605186,2024-02-15 20:57:00,3.0,M,"('KBGM', 'KCCX', 'KDIX', 'KDOX', 'KLWX')","['s3://noaa-nexrad-level2/2024/02/15/KBGM/KBGM20240215_205258_V06', 's3://noaa-nexrad-level2/2024/02/15/KCCX/KCCX20240215_205541_V06', 's3://noaa-nexrad-level2/2024/02/15/KDIX/KDIX20240215_205039_V06', 's3://noaa-nexrad-level2/2024/02/15/KDOX/KDOX20240215_141914_V06', 's3://noaa-nexrad-level2/2024/02/15/KLWX/KLWX20240215_205419_V06']"
27426,F,C56X,FLO UA /OV FLO/TM 2058/FL410/TP C56X/TB MOD,MOD,,41000.0,34.18536,-79.72389,2024-02-15 20:58:00,3.0,M,"('KLTX', 'KCAE', 'KRAX', 'KCLX', 'KGSP')","['s3://noaa-nexrad-level2/2024/02/15/KLTX/KLTX20240215_205722_V06', 's3://noaa-nexrad-level2/2024/02/15/KCAE/KCAE20240215_205501_V06', 's3://noaa-nexrad-level2/2024/02/15/KRAX/KRAX20240215_205441_V06', 's3://noaa-nexrad-level2/2024/02/15/KCLX/KCLX20240215_205553_V06', 's3://noaa-nexrad-level2/2024/02/15/KGSP/KGSP20240215_205332_V06']"
27427,F,B38M,FST UA /OV FST060030/TM 2058/FL220/TP B38M/TB MOD CHOP/RM ZAB/FDCS,MOD CHOP,,22000.0,31.16196025002025,-102.41192752769312,2024-02-15 20:58:00,3.0,U,"('KMAF', 'KSJT', 'KLBB', 'KDFX', 'KDYX')","['s3://noaa-nexrad-level2/2024/02/15/KMAF/KMAF20240215_205226_V06', 's3://noaa-nexrad-level2/2024/02/15/KSJT/KSJT20240215_205444_V06', 's3://noaa-nexrad-level2/2024/02/15/KLBB/KLBB20240215_205220_V06', 's3://noaa-nexrad-level2/2024/02/15/KDFX/KDFX20240215_200525_V06', 's3://noaa-nexrad-level2/2024/02/15/KDYX/KDYX20240215_205710_V06']"
27428,F,C680,CVN UA /OV TXO260040/TM 2059/FL410/TP C680/TB MOD CAT/RM ZAB/FDCS S,MOD CAT,,41000.0,34.38422517121108,-103.63671255536464,2024-02-15 20:59:00,3.0,U,"('KFDX', 'KLBB', 'KAMA', 'KHDX', 'KMAF')","['s3://noaa-nexrad-level2/2024/02/15/KFDX/KFDX20240215_205155_V06', 's3://noaa-nexrad-level2/2024/02/15/KLBB/KLBB20240215_205220_V06', 's3://noaa-nexrad-level2/2024/02/15/KAMA/KAMA20240215_205854_V06', 's3://noaa-nexrad-level2/2024/02/15/KHDX/KHDX20240215_205422_V06', 's3://noaa-nexrad-level2/2024/02/15/KMAF/KMAF20240215_205226_V06']"
27429,F,B737,DEN UA /OV BJC/TM 2100/FL190/TP B737/TB LGT-MOD 090-190/RM DURC,LGT-MOD 090-190,,19000.0,39.90881,-105.11719,2024-02-15 21:00:00,2.0,M,"('KFTG', 'KCYS', 'KPUX', 'KGJX', 'KGLD')","['s3://noaa-nexrad-level2/2024/02/15/KFTG/KFTG20240215_205839_V06', 's3://noaa-nexrad-level2/2024/02/15/KCYS/KCYS20240215_205544_V06', 's3://noaa-nexrad-level2/2024/02/15/KPUX/KPUX20240215_205428_V06', 's3://noaa-nexrad-level2/2024/02/15/KGJX/KGJX20240215_205945_V06', 's3://noaa-nexrad-level2/2024/02/15/KGLD/KGLD20240215_205436_V06']"
27430,F,A320,ILM UA /OV ILM200180/TM 2100/FL350/TP A320/TB NEG,NEG,,35000.0,31.45069379210708,-79.14171337302855,2024-02-15 21:00:00,0.0,M,"('KCLX', 'KLTX', 'KJAX', 'KCAE', 'KMLB')","['s3://noaa-nexrad-level2/2024/02/15/KCLX/KCLX20240215_205553_V06', 's3://noaa-nexrad-level2/2024/02/15/KLTX/KLTX20240215_205722_V06', 's3://noaa-nexrad-level2/2024/02/15/KJAX/KJAX20240215_205939_V06', 's3://noaa-nexrad-level2/2024/02/15/KCAE/KCAE20240215_205501_V06', 's3://noaa-nexrad-level2/2024/02/15/KMLB/KMLB20240215_205852_V06']"
27431,F,SR22,VRB UA /OV TRV180012/TM 2101/FL060/TP SR22/TB NEG 060,NEG 060,,6000.0,27.4799837999838,-80.49,2024-02-15 21:01:00,0.0,L,"('KMLB', 'KAMX', 'KAMX', 'KTBW', 'KBYX')","['s3://noaa-nexrad-level2/2024/02/15/KMLB/KMLB20240215_205852_V06', 's3://noaa-nexrad-level2/2024/02/15/KTBW/KTBW20240215_205244_V06', 's3://noaa-nexrad-level2/2024/02/15/KBYX/KBYX20240215_205852_V06']"
27432,F,A319,GRR UA /OV VIO/TM 2102/FL310/TP A319/TB LGT CHOP,LGT CHOP,,31000.0,42.88210929,-85.5229853,2024-02-15 21:02:00,1.0,M,"('KGRR', 'KIWX', 'KDTX', 'KAPX', 'KLOT')","['s3://noaa-nexrad-level2/2024/02/15/KGRR/KGRR20240215_205924_V06', 's3://noaa-nexrad-level2/2024/02/15/KIWX/KIWX20240215_205504_V06', 's3://noaa-nexrad-level2/2024/02/15/KDTX/KDTX20240215_210011_V06', 's3://noaa-nexrad-level2/2024/02/15/KAPX/KAPX20240215_205629_V06', 's3://noaa-nexrad-level2/2024/02/15/KLOT/KLOT20240215_210138_V06']"
27433,F,C177,PVW UA /OV KPVW /TM 2103 /FL085 /TP C177 /TB OCNL MOD /RM +/- 200FT,OCNL MOD,,8500.0,34.16815,-101.71734,2024-02-15 21:03:00,3.0,L,"('KLBB', 'KAMA', 'KFDX', 'KMAF', 'KFDR')","['s3://noaa-nexrad-level2/2024/02/15/KLBB/KLBB20240215_205919_V06', 's3://noaa-nexrad-level2/2024/02/15/KAMA/KAMA20240215_205854_V06', 's3://noaa-nexrad-level2/2024/02/15/KFDX/KFDX20240215_205900_V06', 's3://noaa-nexrad-level2/2024/02/15/KMAF/KMAF20240215_210036_V06', 's3://noaa-nexrad-level2/2024/02/15/KFDR/KFDR20240215_205845_V06']"
27434,T,BE60,DEN UUA /OV FNL090006/TM 2103/FL085/TP BE60/TB MOD-SEV 085-SFC,MOD-SEV 085-SFC,,8500.0,40.45183,-104.87991497069488,2024-02-15 21:03:00,4.0,L,"('KCYS', 'KFTG', 'KPUX', 'KGLD', 'KGJX')","['s3://noaa-nexrad-level2/2024/02/15/KCYS/KCYS20240215_210251_V06', 's3://noaa-nexrad-level2/2024/02/15/KFTG/KFTG20240215_205839_V06', 's3://noaa-nexrad-level2/2024/02/15/KPUX/KPUX20240215_210127_V06', 's3://noaa-nexrad-level2/2024/02/15/KGLD/KGLD20240215_205436_V06', 's3://noaa-nexrad-level2/2024/02/15/KGJX/KGJX20240215_205945_V06']"
27435,F,C56X,BDL UA /OV BDL290015/TM 2104/FL400/TP C56X/TB NEG/RM DURC BED SW BOUND,NEG,,40000.0,42.02361196174624,-72.99833884150866,2024-02-15 21:04:00,0.0,M,"('KOKX', 'KENX', 'KBOX', 'KCXX', 'KDIX')","['s3://noaa-nexrad-level2/2024/02/15/KOKX/KOKX20240215_205829_V06', 's3://noaa-nexrad-level2/2024/02/15/KENX/KENX20240215_210343_V06', 's3://noaa-nexrad-level2/2024/02/15/KBOX/KBOX20240215_210102_V06', 's3://noaa-nexrad-level2/2024/02/15/KCXX/KCXX20240215_210014_V06', 's3://noaa-nexrad-level2/2024/02/15/KDIX/KDIX20240215_205722_V06']"
27436,F,E170,CLL UA /OV CLL315020/TM 2105/FL120/TP E170/TB LGT-MOD CHOP FL190-120/RM ZHU,LGT-MOD CHOP FL190-120,,12000.0,30.823781352297697,-96.63771456371892,2024-02-15 21:05:00,2.0,U,"('KGRK', 'KEWX', 'KFWS', 'KHGX', 'KDYX')","['s3://noaa-nexrad-level2/2024/02/15/KGRK/KGRK20240215_205849_V06', 's3://noaa-nexrad-level2/2024/02/15/KEWX/KEWX20240215_210044_V06', 's3://noaa-nexrad-level2/2024/02/15/KFWS/KFWS20240215_210110_V06', 's3://noaa-nexrad-level2/2024/02/15/KHGX/KHGX20240215_205837_V06', 's3://noaa-nexrad-level2/2024/02/15/KDYX/KDYX20240215_210357_V06']"
27437,F,CRJ2,DEN UA /OV DEN040020/TM 2105/FL160/TP CRJ2/TB LGT-MOD,LGT-MOD,,16000.0,40.088168830926975,-104.37845955124274,2024-02-15 21:05:00,2.0,M,"('KFTG', 'KCYS', 'KPUX', 'KGLD', 'KGJX')","['s3://noaa-nexrad-level2/2024/02/15/KFTG/KFTG20240215_205839_V06', 's3://noaa-nexrad-level2/2024/02/15/KCYS/KCYS20240215_210251_V06', 's3://noaa-nexrad-level2/2024/02/15/KPUX/KPUX20240215_210127_V06', 's3://noaa-nexrad-level2/2024/02/15/KGLD/KGLD20240215_210411_V06', 's3://noaa-nexrad-level2/2024/02/15/KGJX/KGJX20240215_205945_V06']"
27438,F,B737,END UA /OV END/TM 2105/FL370/TP B737/TB CONS LGT-MOD/RM ZKCFDC,CONS LGT-MOD,,37000.0,36.33917,-97.9165,2024-02-15 21:05:00,2.0,M,"('KVNX', 'KTLX', 'KOUN', 'KICT', 'KFDR')","['s3://noaa-nexrad-level2/2024/02/15/KVNX/KVNX20240215_210339_V06', 's3://noaa-nexrad-level2/2024/02/15/KTLX/KTLX20240215_210214_V06', 's3://noaa-nexrad-level2/2024/02/15/KICT/KICT20240215_210423_V06', 's3://noaa-nexrad-level2/2024/02/15/KFDR/KFDR20240215_205845_V06']"
27439,F,DH8D,BGR UA /OV BGR330070/TM 2106/FL240/TP DH8D/TB NEG,NEG,,24000.0,45.81788481056434,-69.65040590579746,2024-02-15 21:06:00,0.0,M,"('KCBW', 'KGYX', 'KCXX', 'KBOX', 'KENX')","['s3://noaa-nexrad-level2/2024/02/15/KCBW/KCBW20240215_210038_V06', 's3://noaa-nexrad-level2/2024/02/15/KGYX/KGYX20240215_210437_V06', 's3://noaa-nexrad-level2/2024/02/15/KCXX/KCXX20240215_210014_V06', 's3://noaa-nexrad-level2/2024/02/15/KBOX/KBOX20240215_210102_V06', 's3://noaa-nexrad-level2/2024/02/15/KENX/KENX20240215_210343_V06']"
27440,F,CRJ,CLL UA /OV CLL090015/TM 2106/FL160/TP CRJ/TB MOD CHOP FL200-160/RM ZHU,MOD CHOP FL200-160,,16000.0,30.58806,-96.07345519120835,2024-02-15 21:06:00,3.0,M,"('KGRK', 'KHGX', 'KEWX', 'KFWS', 'KLCH')","['s3://noaa-nexrad-level2/2024/02/15/KGRK/KGRK20240215_210534_V06', 's3://noaa-nexrad-level2/2024/02/15/KHGX/KHGX20240215_210534_V06', 's3://noaa-nexrad-level2/2024/02/15/KEWX/KEWX20240215_210044_V06', 's3://noaa-nexrad-level2/2024/02/15/KFWS/KFWS20240215_210110_V06', 's3://noaa-nexrad-level2/2024/02/15/KLCH/KLCH20240215_210554_V06']"
27441,F,B737,AVK UA /OV ANY/TM 2106/FL390/TP B737/TB LGT-MOD CHOP/RM ZKCFDC,LGT-MOD CHOP,,39000.0,37.15,-98.07,2024-02-15 21:06:00,2.0,M,"('KVNX', 'KICT', 'KTLX', 'KDDC', 'KOUN')","['s3://noaa-nexrad-level2/2024/02/15/KVNX/KVNX20240215_210339_V06', 's3://noaa-nexrad-level2/2024/02/15/KICT/KICT20240215_210423_V06', 's3://noaa-nexrad-level2/2024/02/15/KTLX/KTLX20240215_210214_V06', 's3://noaa-nexrad-level2/2024/02/15/KDDC/KDDC20240215_210020_V06']"
27442,F,A321,BHM UA /OV VUZ160030/TM 2107/FL260/TP A321/TB OCNL LGT CHOP/RM ZTLFD-03,OCNL LGT CHOP,,26000.0,33.20011563201785,-86.69450279506398,2024-02-15 21:07:00,1.0,M,"('KBMX', 'KMXX', 'KGWX', 'KHTX', 'KEOX')","['s3://noaa-nexrad-level2/2024/02/15/KBMX/KBMX20240215_210046_V06', 's3://noaa-nexrad-level2/2024/02/15/KMXX/KMXX20240215_210416_V06', 's3://noaa-nexrad-level2/2024/02/15/KGWX/KGWX20240215_210138_V06', 's3://noaa-nexrad-level2/2024/02/15/KHTX/KHTX20240215_210213_V06', 's3://noaa-nexrad-level2/2024/02/15/KEOX/KEOX20240215_210009_V06']"
27443,F,E170,SAT UA /OV SAT/TM 2108/FL180/TP E170/TB MOD/RM ZHU,MOD,,18000.0,29.53369,-98.46978,2024-02-15 21:08:00,3.0,U,"('KEWX', 'KGRK', 'KDFX', 'KCRP', 'KSJT')","['s3://noaa-nexrad-level2/2024/02/15/KEWX/KEWX20240215_210729_V06', 's3://noaa-nexrad-level2/2024/02/15/KGRK/KGRK20240215_210534_V06', 's3://noaa-nexrad-level2/2024/02/15/KDFX/KDFX20240215_200525_V06', 's3://noaa-nexrad-level2/2024/02/15/KCRP/KCRP20240215_210203_V06', 's3://noaa-nexrad-level2/2024/02/15/KSJT/KSJT20240215_210308_V06']"
27444,F,C172,AUO UA /OV KAUO300008 /TM 2110 /FL065 /TP C172 /TA 08 /TB NEG /RM SMTH,NEG,,6500.0,32.68178206667207,-85.57109841751391,2024-02-15 21:10:00,0.0,L,"('KMXX', 'KFFC', 'KEOX', 'KBMX', 'KEVX')","['s3://noaa-nexrad-level2/2024/02/15/KMXX/KMXX20240215_210416_V06', 's3://noaa-nexrad-level2/2024/02/15/KFFC/KFFC20240215_210905_V06', 's3://noaa-nexrad-level2/2024/02/15/KEOX/KEOX20240215_210711_V06', 's3://noaa-nexrad-level2/2024/02/15/KBMX/KBMX20240215_210905_V06', 's3://noaa-nexrad-level2/2024/02/15/KEVX/KEVX20240215_210603_V06']"
27445,F,C525,PDX UA /OV PDX180020/TM 2110/FL100/TP C525/TB MOD/RM 100-050 DURD,MOD,,10000.0,45.25746966663967,-122.60028,2024-02-15 21:10:00,3.0,L,"('KRTX', 'KLGX', 'KATX', 'KMAX', 'KPDT')","['s3://noaa-nexrad-level2/2024/02/15/KRTX/KRTX20240215_210642_V06', 's3://noaa-nexrad-level2/2024/02/15/KLGX/KLGX20240215_210601_V06', 's3://noaa-nexrad-level2/2024/02/15/KATX/KATX20240215_210758_V06', 's3://noaa-nexrad-level2/2024/02/15/KMAX/KMAX20240215_210422_V06', 's3://noaa-nexrad-level2/2024/02/15/KPDT/KPDT20240215_210553_V06']"
27446,F,BCS3,DBQ UA /OV DBQ/TM 2110/FL320/TP BCS3/TB CONS LGT,CONS LGT,,32000.0,42.39835,-90.709143,2024-02-15 21:10:00,1.0,U,"('KDVN', 'KARX', 'KMKX', 'KILX', 'KLOT')","['s3://noaa-nexrad-level2/2024/02/15/KDVN/KDVN20240215_210748_V06', 's3://noaa-nexrad-level2/2024/02/15/KARX/KARX20240215_210946_V06', 's3://noaa-nexrad-level2/2024/02/15/KMKX/KMKX20240215_210837_V06', 's3://noaa-nexrad-level2/2024/02/15/KILX/KILX20240215_210356_V06', 's3://noaa-nexrad-level2/2024/02/15/KLOT/KLOT20240215_210843_V06']"
27447,F,B739,RGK UA /OV RGK/TM 2110/FL340/TP B739/TB LGT CHOP,LGT CHOP,,34000.0,44.59153,-92.48678,2024-02-15 21:10:00,1.0,M,"('KMPX', 'KARX', 'KDLH', 'KDMX', 'KDVN')","['s3://noaa-nexrad-level2/2024/02/15/KMPX/KMPX20240215_210735_V06', 's3://noaa-nexrad-level2/2024/02/15/KARX/KARX20240215_210946_V06', 's3://noaa-nexrad-level2/2024/02/15/KDLH/KDLH20240215_210517_V06', 's3://noaa-nexrad-level2/2024/02/15/KDMX/KDMX20240215_210608_V06', 's3://noaa-nexrad-level2/2024/02/15/KDVN/KDVN20240215_210748_V06']"
27448,F,C68A,MYNN UA /OV ZQA360130/TM 2110/FL380/TP C68A/TB LGT,LGT,,38000.0,27.16684216684217,-77.45,2024-02-15 21:10:00,1.0,U,"('KMLB', 'KAMX', 'KAMX', 'KBYX', 'KTBW')","['s3://noaa-nexrad-level2/2024/02/15/KMLB/KMLB20240215_210554_V06', 's3://noaa-nexrad-level2/2024/02/15/KBYX/KBYX20240215_210713_V06', 's3://noaa-nexrad-level2/2024/02/15/KTBW/KTBW20240215_210128_V06']"
27449,F,B717,ATL UA /OV ATL090020/TM 2110/FL130/TP B717/TB NEG/RM SMOOTH / ZTLFD-16,NEG,,13000.0,33.6301,-84.04142988207086,2024-02-15 21:10:00,0.0,M,"('KFFC', 'KJGX', 'KMXX', 'KGSP', 'KHTX')","['s3://noaa-nexrad-level2/2024/02/15/KFFC/KFFC20240215_210905_V06', 's3://noaa-nexrad-level2/2024/02/15/KJGX/KJGX20240215_210317_V06', 's3://noaa-nexrad-level2/2024/02/15/KMXX/KMXX20240215_210416_V06', 's3://noaa-nexrad-level2/2024/02/15/KGSP/KGSP20240215_210210_V06', 's3://noaa-nexrad-level2/2024/02/15/KHTX/KHTX20240215_210913_V06']"
27450,F,C208,LAR UA /OV LAR277030/TM 2110/FL130/TP C208/TB LGT CHOP/IC NEG/RM ZDV FD,LGT CHOP,,13000.0,41.37299960741592,-106.33575972034502,2024-02-15 21:10:00,1.0,L,"('KCYS', 'KFTG', 'KRIW', 'KGJX', 'KPUX')","['s3://noaa-nexrad-level2/2024/02/15/KCYS/KCYS20240215_210958_V06', 's3://noaa-nexrad-level2/2024/02/15/KFTG/KFTG20240215_210533_V06', 's3://noaa-nexrad-level2/2024/02/15/KRIW/KRIW20240215_210419_V06', 's3://noaa-nexrad-level2/2024/02/15/KGJX/KGJX20240215_210629_V06', 's3://noaa-nexrad-level2/2024/02/15/KPUX/KPUX20240215_210826_V06']"
27451,F,B752,SPA UA /OV SPA360060/TM 2110/FL360/TP B752/TB CONS LGT CHOP/RM ZTLFD-15,CONS LGT CHOP,,36000.0,35.915803200081,-81.9565,2024-02-15 21:10:00,1.0,M,"('KGSP', 'KMRX', 'KFCX', 'KCAE', 'KJKL')","['s3://noaa-nexrad-level2/2024/02/15/KGSP/KGSP20240215_210210_V06', 's3://noaa-nexrad-level2/2024/02/15/KMRX/KMRX20240215_210410_V06', 's3://noaa-nexrad-level2/2024/02/15/KFCX/KFCX20240215_210509_V06', 's3://noaa-nexrad-level2/2024/02/15/KCAE/KCAE20240215_210650_V06', 's3://noaa-nexrad-level2/2024/02/15/KJKL/KJKL20240215_210517_V06']"
27452,F,CRJ2,IOB UA /OV IOB/TM 2111/FL140/TP CRJ2/TB NEG,NEG,,14000.0,38.0575,-83.9829,2024-02-15 21:11:00,0.0,M,"('KJKL', 'KILN', 'KLVX', 'KMRX', 'KRLX')","['s3://noaa-nexrad-level2/2024/02/15/KJKL/KJKL20240215_210517_V06', 's3://noaa-nexrad-level2/2024/02/15/KILN/KILN20240215_210706_V06', 's3://noaa-nexrad-level2/2024/02/15/KLVX/KLVX20240215_210615_V06', 's3://noaa-nexrad-level2/2024/02/15/KMRX/KMRX20240215_210410_V06', 's3://noaa-nexrad-level2/2024/02/15/KRLX/KRLX20240215_210641_V06']"
27453,F,E75L,GAD UA /OV GAD350010/TM 2111/FL300/TP E75L/TB OCNL MOD CAT/RM ZTLFD-03,OCNL MOD CAT,,30000.0,34.136797920419994,-86.12398118578538,2024-02-15 21:11:00,3.0,U,"('KHTX', 'KBMX', 'KMXX', 'KFFC', 'KOHX')","['s3://noaa-nexrad-level2/2024/02/15/KHTX/KHTX20240215_210913_V06', 's3://noaa-nexrad-level2/2024/02/15/KBMX/KBMX20240215_210905_V06', 's3://noaa-nexrad-level2/2024/02/15/KMXX/KMXX20240215_210416_V06', 's3://noaa-nexrad-level2/2024/02/15/KFFC/KFFC20240215_210905_V06', 's3://noaa-nexrad-level2/2024/02/15/KOHX/KOHX20240215_210807_V06']"
27454,F,PC12,GSO UA /OV GSO/TM 2111/FL180/TP PC12/TB NEG/RM ZTLFD-29,NEG,,18000.0,36.0975,-79.94361,2024-02-15 21:11:00,0.0,L,"('KFCX', 'KRAX', 'KCAE', 'KGSP', 'KLTX')","['s3://noaa-nexrad-level2/2024/02/15/KFCX/KFCX20240215_210509_V06', 's3://noaa-nexrad-level2/2024/02/15/KRAX/KRAX20240215_210318_V06', 's3://noaa-nexrad-level2/2024/02/15/KCAE/KCAE20240215_210650_V06', 's3://noaa-nexrad-level2/2024/02/15/KGSP/KGSP20240215_211048_V06', 's3://noaa-nexrad-level2/2024/02/15/KLTX/KLTX20240215_210421_V06']"
27455,F,B737,LBL UA /OV LBL/TM 2112/FL380/TP B737/TB CONS LGT CHOP/RM ZKCFDC,CONS LGT CHOP,,38000.0,37.04422,-100.95986,2024-02-15 21:12:00,1.0,M,"('KDDC', 'KAMA', 'KGLD', 'KVNX', 'KFDR')","['s3://noaa-nexrad-level2/2024/02/15/KDDC/KDDC20240215_210859_V06', 's3://noaa-nexrad-level2/2024/02/15/KAMA/KAMA20240215_210535_V06', 's3://noaa-nexrad-level2/2024/02/15/KGLD/KGLD20240215_210411_V06', 's3://noaa-nexrad-level2/2024/02/15/KVNX/KVNX20240215_210339_V06', 's3://noaa-nexrad-level2/2024/02/15/KFDR/KFDR20240215_210534_V06']"
27456,F,A319,BHM UA /OV VUZ/TM 2112/FL390/TP A319/TB CONS LGT/RM ZTLFD-02,CONS LGT,,39000.0,33.67,-86.9,2024-02-15 21:12:00,1.0,M,"('KBMX', 'KGWX', 'KHTX', 'KMXX', 'KFFC')","['s3://noaa-nexrad-level2/2024/02/15/KBMX/KBMX20240215_210905_V06', 's3://noaa-nexrad-level2/2024/02/15/KGWX/KGWX20240215_211122_V06', 's3://noaa-nexrad-level2/2024/02/15/KHTX/KHTX20240215_210913_V06', 's3://noaa-nexrad-level2/2024/02/15/KMXX/KMXX20240215_210416_V06', 's3://noaa-nexrad-level2/2024/02/15/KFFC/KFFC20240215_210905_V06']"
27457,F,HDJT,UES UA /OV BAE120045/TM 2114/FL160/TP HDJT/TB NEG/RM SMOOTH,NEG,,16000.0,42.74496962496962,-87.39008281818822,2024-02-15 21:14:00,0.0,U,"('KMKX', 'KLOT', 'KGRR', 'KGRB', 'KIWX')","['s3://noaa-nexrad-level2/2024/02/15/KMKX/KMKX20240215_210837_V06', 's3://noaa-nexrad-level2/2024/02/15/KLOT/KLOT20240215_210843_V06', 's3://noaa-nexrad-level2/2024/02/15/KGRR/KGRR20240215_210748_V06', 's3://noaa-nexrad-level2/2024/02/15/KGRB/KGRB20240215_211307_V06', 's3://noaa-nexrad-level2/2024/02/15/KIWX/KIWX20240215_210856_V06']"
27458,F,B737,AUS UA /OV CWK090015/TM 2114/FL185/TP B737/TB MOD FL185-200/RM ZHU,MOD FL185-200,,18500.0,30.38,-97.2401853784134,2024-02-15 21:14:00,3.0,M,"('KGRK', 'KEWX', 'KFWS', 'KHGX', 'KCRP')","['s3://noaa-nexrad-level2/2024/02/15/KGRK/KGRK20240215_211218_V06', 's3://noaa-nexrad-level2/2024/02/15/KEWX/KEWX20240215_210729_V06', 's3://noaa-nexrad-level2/2024/02/15/KFWS/KFWS20240215_210813_V06', 's3://noaa-nexrad-level2/2024/02/15/KHGX/KHGX20240215_211234_V06', 's3://noaa-nexrad-level2/2024/02/15/KCRP/KCRP20240215_211031_V06']"
27459,F,B738,RMG UA /OV RMG270020/TM 2114/FL290/TP B738/TB CONS LGT OCNL MOD CHOP/RM ZTLFD-06,CONS LGT OCNL MOD CHOP,,29000.0,34.34778,-85.56487574442902,2024-02-15 21:14:00,2.0,M,"('KHTX', 'KFFC', 'KBMX', 'KMXX', 'KOHX')","['s3://noaa-nexrad-level2/2024/02/15/KHTX/KHTX20240215_210913_V06', 's3://noaa-nexrad-level2/2024/02/15/KFFC/KFFC20240215_210905_V06', 's3://noaa-nexrad-level2/2024/02/15/KBMX/KBMX20240215_210905_V06', 's3://noaa-nexrad-level2/2024/02/15/KMXX/KMXX20240215_211237_V06', 's3://noaa-nexrad-level2/2024/02/15/KOHX/KOHX20240215_210807_V06']"
27460,F,B739,FLO UA /OV FLO210004/TM 2115/FL330/TP B739/TB CONS MOD,CONS MOD,,33000.0,34.127620296539185,-79.76418866945144,2024-02-15 21:15:00,3.0,M,"('KLTX', 'KCAE', 'KCLX', 'KRAX', 'KGSP')","['s3://noaa-nexrad-level2/2024/02/15/KLTX/KLTX20240215_211111_V06', 's3://noaa-nexrad-level2/2024/02/15/KCAE/KCAE20240215_211419_V06', 's3://noaa-nexrad-level2/2024/02/15/KCLX/KCLX20240215_211316_V06', 's3://noaa-nexrad-level2/2024/02/15/KRAX/KRAX20240215_211155_V06', 's3://noaa-nexrad-level2/2024/02/15/KGSP/KGSP20240215_211048_V06']"
27461,F,S22T,STE UA /OV STE/TM 2115/FL050/TP S22T/SK UNKN036-TOP050/TA M12/TB OCNL LGT CHOP/IC NEG,OCNL LGT CHOP,,5000.0,44.54514,-89.53028,2024-02-15 21:15:00,1.0,U,"('KGRB', 'KARX', 'KMKX', 'KMQT', 'KDVN')","['s3://noaa-nexrad-level2/2024/02/15/KGRB/KGRB20240215_211307_V06', 's3://noaa-nexrad-level2/2024/02/15/KARX/KARX20240215_210946_V06', 's3://noaa-nexrad-level2/2024/02/15/KMKX/KMKX20240215_210837_V06', 's3://noaa-nexrad-level2/2024/02/15/KMQT/KMQT20240215_210819_V06', 's3://noaa-nexrad-level2/2024/02/15/KDVN/KDVN20240215_211439_V06']"
27462,F,C525,MDQ UA /OV RQZ020020/TM 2115/FL320/TP C525/TB CONS LGT CHOP/RM ZTLFD-06,CONS LGT CHOP,,32000.0,35.11325624532143,-86.49115075344798,2024-02-15 21:15:00,1.0,L,"('KHTX', 'KOHX', 'KHPX', 'KBMX', 'KGWX')","['s3://noaa-nexrad-level2/2024/02/15/KHTX/KHTX20240215_210913_V06', 's3://noaa-nexrad-level2/2024/02/15/KOHX/KOHX20240215_211456_V06', 's3://noaa-nexrad-level2/2024/02/15/KHPX/KHPX20240215_211320_V06', 's3://noaa-nexrad-level2/2024/02/15/KBMX/KBMX20240215_210905_V06', 's3://noaa-nexrad-level2/2024/02/15/KGWX/KGWX20240215_211122_V06']"
27463,F,E75L,SPA UA /OV SPA180030/TM 2115/FL330/TP E75L/TB CONS LGT/RM ZTLFD-34,CONS LGT,,33000.0,34.4156816999595,-81.9565,2024-02-15 21:15:00,1.0,U,"('KGSP', 'KCAE', 'KCLX', 'KJGX', 'KMRX')","['s3://noaa-nexrad-level2/2024/02/15/KGSP/KGSP20240215_211048_V06', 's3://noaa-nexrad-level2/2024/02/15/KCAE/KCAE20240215_211419_V06', 's3://noaa-nexrad-level2/2024/02/15/KCLX/KCLX20240215_211316_V06', 's3://noaa-nexrad-level2/2024/02/15/KJGX/KJGX20240215_211018_V06', 's3://noaa-nexrad-level2/2024/02/15/KMRX/KMRX20240215_211231_V06']"
27464,F,B752,CYS UA /OV CYS/TM 2116/FL300/TP B752/TB CONT LGT CHOP/RM ZDV FD,CONT LGT CHOP,,30000.0,41.15564,-104.81047,2024-02-15 21:16:00,1.0,M,"('KCYS', 'KFTG', 'KPUX', 'KUDX', 'KGLD')","['s3://noaa-nexrad-level2/2024/02/15/KCYS/KCYS20240215_210958_V06', 's3://noaa-nexrad-level2/2024/02/15/KFTG/KFTG20240215_211226_V06', 's3://noaa-nexrad-level2/2024/02/15/KPUX/KPUX20240215_211524_V06', 's3://noaa-nexrad-level2/2024/02/15/KUDX/KUDX20240215_211100_V06', 's3://noaa-nexrad-level2/2024/02/15/KGLD/KGLD20240215_211346_V06']"
27465,F,C68A,LIT UA /OV LIT360050/TM 2116/FL430/TP C68A/TB OCNL MOD/RM ZME,OCNL MOD,,43000.0,35.56070083340083,-92.23573,2024-02-15 21:16:00,3.0,U,"('KLZK', 'KSGF', 'KSRX', 'KNQA', 'KINX')","['s3://noaa-nexrad-level2/2024/02/15/KLZK/KLZK20240215_211406_V06', 's3://noaa-nexrad-level2/2024/02/15/KSGF/KSGF20240215_210615_V06', 's3://noaa-nexrad-level2/2024/02/15/KSRX/KSRX20240215_211309_V06', 's3://noaa-nexrad-level2/2024/02/15/KNQA/KNQA20240215_211457_V06', 's3://noaa-nexrad-level2/2024/02/15/KINX/KINX20240215_211551_V06']"
27466,F,C650,GAD UA /OV GAD330030/TM 2116/FL330/TP C650/TB OCNL LGT CHOP/RM ZTLFD-06,OCNL LGT CHOP,,33000.0,34.40569777595615,-86.39056187779141,2024-02-15 21:16:00,1.0,M,"('KHTX', 'KBMX', 'KOHX', 'KMXX', 'KGWX')","['s3://noaa-nexrad-level2/2024/02/15/KHTX/KHTX20240215_210913_V06', 's3://noaa-nexrad-level2/2024/02/15/KBMX/KBMX20240215_210905_V06', 's3://noaa-nexrad-level2/2024/02/15/KOHX/KOHX20240215_211456_V06', 's3://noaa-nexrad-level2/2024/02/15/KMXX/KMXX20240215_211237_V06', 's3://noaa-nexrad-level2/2024/02/15/KGWX/KGWX20240215_211122_V06']"
27467,F,C182,TAD UA /OV KTAD /TM 2117 /FL115 /TP C182 /TB LGT-MOD CHOP,LGT-MOD CHOP,,11500.0,37.25938,-104.34068,2024-02-15 21:17:00,2.0,L,"('KPUX', 'KFTG', 'KFDX', 'KABX', 'KAMA')","['s3://noaa-nexrad-level2/2024/02/15/KPUX/KPUX20240215_211524_V06', 's3://noaa-nexrad-level2/2024/02/15/KFTG/KFTG20240215_211226_V06', 's3://noaa-nexrad-level2/2024/02/15/KFDX/KFDX20240215_211253_V06', 's3://noaa-nexrad-level2/2024/02/15/KABX/KABX20240215_182918_V06', 's3://noaa-nexrad-level2/2024/02/15/KAMA/KAMA20240215_211216_V06']"
27468,F,B38M,ORL UA /OV OMN023030/TM 2118/FL360/TP B38M/TB LGT CHOP,LGT CHOP,,36000.0,29.760849707210067,-80.88956534357693,2024-02-15 21:18:00,1.0,U,"('KJAX', 'KMLB', 'KVAX', 'KTBW', 'KCLX')","['s3://noaa-nexrad-level2/2024/02/15/KJAX/KJAX20240215_211342_V06', 's3://noaa-nexrad-level2/2024/02/15/KMLB/KMLB20240215_211255_V06', 's3://noaa-nexrad-level2/2024/02/15/KVAX/KVAX20240215_211152_V06', 's3://noaa-nexrad-level2/2024/02/15/KTBW/KTBW20240215_211012_V06', 's3://noaa-nexrad-level2/2024/02/15/KCLX/KCLX20240215_211316_V06']"
27469,F,E35L,RST UA /OV RST/TM 2119/FL380/TP E35L/TB CONS LGT CHOP 380/RM POCKET,CONS LGT CHOP 380,,38000.0,43.9041,-92.4916,2024-02-15 21:19:00,1.0,U,"('KARX', 'KMPX', 'KDMX', 'KDLH', 'KDVN')","['s3://noaa-nexrad-level2/2024/02/15/KARX/KARX20240215_211632_V06', 's3://noaa-nexrad-level2/2024/02/15/KMPX/KMPX20240215_211558_V06', 's3://noaa-nexrad-level2/2024/02/15/KDMX/KDMX20240215_211311_V06', 's3://noaa-nexrad-level2/2024/02/15/KDLH/KDLH20240215_211350_V06', 's3://noaa-nexrad-level2/2024/02/15/KDVN/KDVN20240215_211439_V06']"
27470,F,A321,CGI UA /OV CGI/TM 2120/FL240/TP A321/TB NEG/RM ZKCFDC,NEG,,24000.0,37.22532,-89.57075,2024-02-15 21:20:00,0.0,M,"('KPAH', 'KLSX', 'KNQA', 'KVWX', 'KHPX')","['s3://noaa-nexrad-level2/2024/02/15/KLSX/KLSX20240215_211400_V06', 's3://noaa-nexrad-level2/2024/02/15/KNQA/KNQA20240215_211457_V06', 's3://noaa-nexrad-level2/2024/02/15/KVWX/KVWX20240215_211635_V06', 's3://noaa-nexrad-level2/2024/02/15/KHPX/KHPX20240215_211320_V06']"
27471,F,E75S,MWA UA /OV MWA/TM 2120/FL320/TP E75S/TB OCNL LGT CHOP/RM ZKCFDC,OCNL LGT CHOP,,32000.0,37.75497,-89.01108,2024-02-15 21:20:00,1.0,U,"('KPAH', 'KVWX', 'KLSX', 'KHPX', 'KILX')","['s3://noaa-nexrad-level2/2024/02/15/KVWX/KVWX20240215_211635_V06', 's3://noaa-nexrad-level2/2024/02/15/KLSX/KLSX20240215_211400_V06', 's3://noaa-nexrad-level2/2024/02/15/KHPX/KHPX20240215_211320_V06', 's3://noaa-nexrad-level2/2024/02/15/KILX/KILX20240215_211730_V06']"
27472,F,E170,FAM UA /OV FAM/TM 2121/FL300/TP E170/TB NEG/RM ZKCFDC,NEG,,30000.0,37.76103,-90.42861,2024-02-15 21:21:00,0.0,U,"('KLSX', 'KPAH', 'KNQA', 'KILX', 'KVWX')","['s3://noaa-nexrad-level2/2024/02/15/KLSX/KLSX20240215_211400_V06', 's3://noaa-nexrad-level2/2024/02/15/KNQA/KNQA20240215_211457_V06', 's3://noaa-nexrad-level2/2024/02/15/KILX/KILX20240215_211730_V06', 's3://noaa-nexrad-level2/2024/02/15/KVWX/KVWX20240215_211635_V06']"
27473,F,C182,AVL UA /OV AVL/TM 2122/FL080/TP C182/TB CONS MOD CHOP,CONS MOD CHOP,,8000.0,35.43194,-82.5375,2024-02-15 21:22:00,3.0,L,"('KGSP', 'KMRX', 'KCAE', 'KJKL', 'KFCX')","['s3://noaa-nexrad-level2/2024/02/15/KGSP/KGSP20240215_211925_V06', 's3://noaa-nexrad-level2/2024/02/15/KMRX/KMRX20240215_212057_V06', 's3://noaa-nexrad-level2/2024/02/15/KCAE/KCAE20240215_211942_V06', 's3://noaa-nexrad-level2/2024/02/15/KJKL/KJKL20240215_211842_V06', 's3://noaa-nexrad-level2/2024/02/15/KFCX/KFCX20240215_211345_V06']"
27474,F,P32T,CAK UA /OV KCAK050010/TM 2122/FL030/TP P32T/TB MOD 030,MOD 030,,3000.0,41.0232399459225,-81.27323139337787,2024-02-15 21:22:00,3.0,L,"('KCLE', 'KPBZ', 'KRLX', 'KDTX', 'KILN')","['s3://noaa-nexrad-level2/2024/02/15/KCLE/KCLE20240215_211556_V06', 's3://noaa-nexrad-level2/2024/02/15/KPBZ/KPBZ20240215_211851_V06', 's3://noaa-nexrad-level2/2024/02/15/KRLX/KRLX20240215_212036_V06', 's3://noaa-nexrad-level2/2024/02/15/KDTX/KDTX20240215_212100_V06', 's3://noaa-nexrad-level2/2024/02/15/KILN/KILN20240215_212041_V06']"
27475,F,B39M,ELP UA /OV ELP280050/TM 2122/FL350/TP B39M/TB INTMT LGT-MOD/RM ZAB/FDCS S,INTMT LGT-MOD,,35000.0,31.95582853598616,-107.34164405054884,2024-02-15 21:22:00,2.0,U,"('KEPZ', 'KHDX', 'KABX', 'KEMX', 'KIWA')","['s3://noaa-nexrad-level2/2024/02/15/KEPZ/KEPZ20240215_211546_V06', 's3://noaa-nexrad-level2/2024/02/15/KHDX/KHDX20240215_211531_V06', 's3://noaa-nexrad-level2/2024/02/15/KABX/KABX20240215_211907_V06', 's3://noaa-nexrad-level2/2024/02/15/KEMX/KEMX20240215_211557_V06', 's3://noaa-nexrad-level2/2024/02/15/KIWA/KIWA20240215_212053_V06']"
27476,F,BE9L,MFR UA /OV MFR/TM 2122/FL042/TP BE9L/SK OVC042/WX LGT PRECIP/TB LGT CHOP/RM DURD RWY14 AT MFR,LGT CHOP,,4200.0,42.3811,-122.8722,2024-02-15 21:22:00,1.0,L,"('KMAX', 'KBHX', 'KBBX', 'KRTX', 'KDAX')","['s3://noaa-nexrad-level2/2024/02/15/KMAX/KMAX20240215_212018_V06', 's3://noaa-nexrad-level2/2024/02/15/KBHX/KBHX20240215_211707_V06', 's3://noaa-nexrad-level2/2024/02/15/KBBX/KBBX20240215_212101_V06', 's3://noaa-nexrad-level2/2024/02/15/KRTX/KRTX20240215_211841_V06', 's3://noaa-nexrad-level2/2024/02/15/KDAX/KDAX20240215_212118_V06']"
27477,F,A321,PPF UA /OV OSW/TM 2122/FL370/TP A321/TB LGT-MOD CHOP/RM ZKCFDC,LGT-MOD CHOP,,37000.0,37.15,-95.2,2024-02-15 21:22:00,2.0,M,"('KINX', 'KSGF', 'KEAX', 'KSRX', 'KTWX')","['s3://noaa-nexrad-level2/2024/02/15/KINX/KINX20240215_211551_V06', 's3://noaa-nexrad-level2/2024/02/15/KSGF/KSGF20240215_211606_V06', 's3://noaa-nexrad-level2/2024/02/15/KEAX/KEAX20240215_211727_V06', 's3://noaa-nexrad-level2/2024/02/15/KSRX/KSRX20240215_211904_V06', 's3://noaa-nexrad-level2/2024/02/15/KTWX/KTWX20240215_211516_V06']"
27478,F,B737,MSN UA /OV MSN/TM 2122/FL280/TP B737/TB NEG,NEG,,28000.0,43.14056,-89.34528,2024-02-15 21:22:00,0.0,M,"('KMKX', 'KGRB', 'KDVN', 'KARX', 'KLOT')","['s3://noaa-nexrad-level2/2024/02/15/KMKX/KMKX20240215_211532_V06', 's3://noaa-nexrad-level2/2024/02/15/KGRB/KGRB20240215_212004_V06', 's3://noaa-nexrad-level2/2024/02/15/KDVN/KDVN20240215_212127_V06', 's3://noaa-nexrad-level2/2024/02/15/KARX/KARX20240215_211632_V06', 's3://noaa-nexrad-level2/2024/02/15/KLOT/KLOT20240215_211541_V06']"
27479,F,A320,HKY UA /OV BZM020040/TM 2122/FL320/TP A320/TB CONS LGT CHOP/RM ZTLFD-43,CONS LGT CHOP,,32000.0,36.49651249064287,-80.95860022816359,2024-02-15 21:22:00,1.0,M,"('KFCX', 'KRLX', 'KGSP', 'KMRX', 'KCAE')","['s3://noaa-nexrad-level2/2024/02/15/KFCX/KFCX20240215_211345_V06', 's3://noaa-nexrad-level2/2024/02/15/KRLX/KRLX20240215_212036_V06', 's3://noaa-nexrad-level2/2024/02/15/KGSP/KGSP20240215_211925_V06', 's3://noaa-nexrad-level2/2024/02/15/KMRX/KMRX20240215_212057_V06', 's3://noaa-nexrad-level2/2024/02/15/KCAE/KCAE20240215_211942_V06']"
27480,F,B739,PAH UA /OV CNG/TM 2123/FL350/TP B739/TB MOD CAT/RM ZME,MOD CAT,,35000.0,37.01,-88.84,2024-02-15 21:23:00,3.0,M,"('KPAH', 'KHPX', 'KVWX', 'KNQA', 'KOHX')","['s3://noaa-nexrad-level2/2024/02/15/KHPX/KHPX20240215_212031_V06', 's3://noaa-nexrad-level2/2024/02/15/KVWX/KVWX20240215_211635_V06', 's3://noaa-nexrad-level2/2024/02/15/KNQA/KNQA20240215_211457_V06', 's3://noaa-nexrad-level2/2024/02/15/KOHX/KOHX20240215_212142_V06']"
27481,F,CRJ2,DBQ UA /OV DBQ270010/TM 2123/FL160/TP CRJ2/TB NEG/IC NEG,NEG,,16000.0,42.39835,-90.93485168494308,2024-02-15 21:23:00,0.0,M,"('KDVN', 'KARX', 'KMKX', 'KILX', 'KDMX')","['s3://noaa-nexrad-level2/2024/02/15/KDVN/KDVN20240215_212127_V06', 's3://noaa-nexrad-level2/2024/02/15/KARX/KARX20240215_211632_V06', 's3://noaa-nexrad-level2/2024/02/15/KMKX/KMKX20240215_212233_V06', 's3://noaa-nexrad-level2/2024/02/15/KILX/KILX20240215_211730_V06', 's3://noaa-nexrad-level2/2024/02/15/KDMX/KDMX20240215_212015_V06']"
27482,F,GLEX,BDL UA /OV CTR130015/TM 2125/FL100/TP GLEX/TB LGT- OCNL MOD,LGT- OCNL MOD,,10000.0,42.12929008111625,-72.69109226157045,2024-02-15 21:25:00,2.0,M,"('KOKX', 'KENX', 'KBOX', 'KCXX', 'KDIX')","['s3://noaa-nexrad-level2/2024/02/15/KOKX/KOKX20240215_212309_V06', 's3://noaa-nexrad-level2/2024/02/15/KENX/KENX20240215_212226_V06', 's3://noaa-nexrad-level2/2024/02/15/KBOX/KBOX20240215_212111_V06', 's3://noaa-nexrad-level2/2024/02/15/KCXX/KCXX20240215_212122_V06', 's3://noaa-nexrad-level2/2024/02/15/KDIX/KDIX20240215_212416_V06']"
27483,F,GLF4,MKG UA /OV MKG360020/TM 2125/FL400/TP GLF4/TB NEG,NEG,,40000.0,43.50447033336033,-86.23667,2024-02-15 21:25:00,0.0,M,"('KGRR', 'KAPX', 'KGRB', 'KIWX', 'KMKX')","['s3://noaa-nexrad-level2/2024/02/15/KGRR/KGRR20240215_212438_V06', 's3://noaa-nexrad-level2/2024/02/15/KAPX/KAPX20240215_211800_V06', 's3://noaa-nexrad-level2/2024/02/15/KGRB/KGRB20240215_212004_V06', 's3://noaa-nexrad-level2/2024/02/15/KIWX/KIWX20240215_212248_V06', 's3://noaa-nexrad-level2/2024/02/15/KMKX/KMKX20240215_212233_V06']"
27484,F,CRJ9,GAG UA /OV MMB/TM 2126/FL330/TP CRJ9/TB MOD CHOP/RM MOD CHOP 330-310 SMOOTH 300 DURD ZKCFDC,MOD CHOP,,33000.0,36.34,-99.88,2024-02-15 21:26:00,3.0,U,"('KDDC', 'KVNX', 'KAMA', 'KFDR', 'KOUN')","['s3://noaa-nexrad-level2/2024/02/15/KDDC/KDDC20240215_212529_V06', 's3://noaa-nexrad-level2/2024/02/15/KVNX/KVNX20240215_212258_V06', 's3://noaa-nexrad-level2/2024/02/15/KAMA/KAMA20240215_212550_V06', 's3://noaa-nexrad-level2/2024/02/15/KFDR/KFDR20240215_211933_V06']"
27485,F,C680,MKG UA /OV MKG240020/TM 2126/FL430/TP C680/TB NEG,NEG,,43000.0,43.00442983331983,-86.63251957328586,2024-02-15 21:26:00,0.0,U,"('KGRR', 'KIWX', 'KMKX', 'KLOT', 'KGRB')","['s3://noaa-nexrad-level2/2024/02/15/KGRR/KGRR20240215_212438_V06', 's3://noaa-nexrad-level2/2024/02/15/KIWX/KIWX20240215_212248_V06', 's3://noaa-nexrad-level2/2024/02/15/KMKX/KMKX20240215_212233_V06', 's3://noaa-nexrad-level2/2024/02/15/KLOT/KLOT20240215_212248_V06', 's3://noaa-nexrad-level2/2024/02/15/KGRB/KGRB20240215_212004_V06']"
27486,F,H25B,DEN UA /OV FNL180004/TM 2127/FL070/TP H25B/TB CONT MOD 160-070/RM DURD VIA PINNR,CONT MOD 160-070,,7000.0,40.38515793332793,-105.01134,2024-02-15 21:27:00,3.0,M,"('KFTG', 'KCYS', 'KPUX', 'KGLD', 'KGJX')","['s3://noaa-nexrad-level2/2024/02/15/KFTG/KFTG20240215_212600_V06', 's3://noaa-nexrad-level2/2024/02/15/KCYS/KCYS20240215_212411_V06', 's3://noaa-nexrad-level2/2024/02/15/KPUX/KPUX20240215_212227_V06', 's3://noaa-nexrad-level2/2024/02/15/KGLD/KGLD20240215_212322_V06', 's3://noaa-nexrad-level2/2024/02/15/KGJX/KGJX20240215_212252_V06']"
27487,F,A306,TBN UA /OV MAP/TM 2127/FL300/TP A306/TB NEG/RM ZKCFDC,NEG,,30000.0,37.59,-91.79,2024-02-15 21:27:00,0.0,H,"('KLSX', 'KSGF', 'KEAX', 'KLZK', 'KNQA')","['s3://noaa-nexrad-level2/2024/02/15/KLSX/KLSX20240215_212100_V06', 's3://noaa-nexrad-level2/2024/02/15/KSGF/KSGF20240215_212451_V06', 's3://noaa-nexrad-level2/2024/02/15/KEAX/KEAX20240215_212422_V06', 's3://noaa-nexrad-level2/2024/02/15/KLZK/KLZK20240215_212101_V06', 's3://noaa-nexrad-level2/2024/02/15/KNQA/KNQA20240215_212336_V06']"
27488,F,B38M,BWI UA /OV BAL190010/TM 2129/FL040/TP B38M/TB LGT MOD CHOP,LGT MOD CHOP,,4000.0,39.00585207958001,-76.69733345656779,2024-02-15 21:29:00,2.0,U,"('KLWX', 'KDOX', 'KAKQ', 'KCCX', 'KDIX')","['s3://noaa-nexrad-level2/2024/02/15/KLWX/KLWX20240215_212808_V06', 's3://noaa-nexrad-level2/2024/02/15/KDOX/KDOX20240215_141914_V06', 's3://noaa-nexrad-level2/2024/02/15/KAKQ/KAKQ20240215_212809_V06', 's3://noaa-nexrad-level2/2024/02/15/KCCX/KCCX20240215_212611_V06', 's3://noaa-nexrad-level2/2024/02/15/KDIX/KDIX20240215_212416_V06']"
27489,F,C550,FRI UA /OV SLN100050 /TM 2130 /FL430 /TP C550 /TA M59 /WV 255106KT /TB NEG /RM SMOOTH,NEG,,43000.0,38.64625146401384,-96.59917930616892,2024-02-15 21:30:00,0.0,L,"('KTWX', 'KICT', 'KEAX', 'KVNX', 'KUEX')","['s3://noaa-nexrad-level2/2024/02/15/KTWX/KTWX20240215_212332_V06', 's3://noaa-nexrad-level2/2024/02/15/KICT/KICT20240215_212953_V06', 's3://noaa-nexrad-level2/2024/02/15/KEAX/KEAX20240215_212422_V06', 's3://noaa-nexrad-level2/2024/02/15/KVNX/KVNX20240215_212258_V06', 's3://noaa-nexrad-level2/2024/02/15/KUEX/KUEX20240215_212932_V06']"
27490,F,C56X,LVS UA /OV FTI090050/TM 2130/FL400/TP C56X/TB CONS MOD CHOP/RM ZAB/FDCS,CONS MOD CHOP,,40000.0,35.66,-104.11426417881312,2024-02-15 21:30:00,3.0,M,"('KFDX', 'KAMA', 'KABX', 'KPUX', 'KLBB')","['s3://noaa-nexrad-level2/2024/02/15/KFDX/KFDX20240215_212638_V06', 's3://noaa-nexrad-level2/2024/02/15/KAMA/KAMA20240215_212550_V06', 's3://noaa-nexrad-level2/2024/02/15/KABX/KABX20240215_212614_V06', 's3://noaa-nexrad-level2/2024/02/15/KPUX/KPUX20240215_212932_V06', 's3://noaa-nexrad-level2/2024/02/15/KLBB/KLBB20240215_212709_V06']"
27491,F,B737,FST UA /OV FST/TM 2130/FL220/TP B737/TB MOD/RM ZAB/FDCS,MOD,,22000.0,30.91194,-102.91667,2024-02-15 21:30:00,3.0,M,"('KMAF', 'KSJT', 'KLBB', 'KDFX', 'KFDX')","['s3://noaa-nexrad-level2/2024/02/15/KMAF/KMAF20240215_212806_V06', 's3://noaa-nexrad-level2/2024/02/15/KSJT/KSJT20240215_212830_V06', 's3://noaa-nexrad-level2/2024/02/15/KLBB/KLBB20240215_212709_V06', 's3://noaa-nexrad-level2/2024/02/15/KDFX/KDFX20240215_200525_V06', 's3://noaa-nexrad-level2/2024/02/15/KFDX/KFDX20240215_212638_V06']"
