,URGENT,AIRCRAFT,REPORT,TURBULENCE,PRODUCT_ID,FL,LAT,LON,datetime,turbulence_intensity,Plane Weight,nexrad_sites,aws_files
95274,F,B350,ALB UA /OV ALB010002/TM 2151/FL020/TP B350/TB MOD/RM LLWS +/- 10 KT DURD RY19 ALB,MOD,202503202100-KMSC-UBUS01-PIREP,2000.0,42.790399584084,-73.79572593204445,2025-03-20 21:51:00,3.0,M,"('KENX', 'KCXX', 'KTYX', 'KOKX', 'KBGM')","['s3://noaa-nexrad-level2/2025/03/20/KENX/KENX20250320_215056_V06', 's3://noaa-nexrad-level2/2025/03/20/KCXX/KCXX20250320_214503_V06', 's3://noaa-nexrad-level2/2025/03/20/KTYX/KTYX20250320_214740_V06', 's3://noaa-nexrad-level2/2025/03/20/KOKX/KOKX20250320_214543_V06', 's3://noaa-nexrad-level2/2025/03/20/KBGM/KBGM20250320_214814_V06']"
95275,F,DH8D,ART UA /OV ART/TM 2151/FL240/TP DH8D/TB CONS LGT-MOD CAT FL240,CONS LGT-MOD CAT FL240,202503202100-KMSC-UBUS01-PIREP,24000.0,43.98883,-76.0262,2025-03-20 21:51:00,2.0,M,"('KTYX', 'KBGM', 'KENX', 'KBUF', 'KCXX')","['s3://noaa-nexrad-level2/2025/03/20/KTYX/KTYX20250320_214740_V06', 's3://noaa-nexrad-level2/2025/03/20/KBGM/KBGM20250320_214814_V06', 's3://noaa-nexrad-level2/2025/03/20/KENX/KENX20250320_215056_V06', 's3://noaa-nexrad-level2/2025/03/20/KBUF/KBUF20250320_214654_V06', 's3://noaa-nexrad-level2/2025/03/20/KCXX/KCXX20250320_214503_V06']"
95276,F,SR22,BIS UA /OV BIS100060/TM 2152/FL060/TP SR22/SK SKC/TB CONS MOD/IC NEG,CONS MOD,202503202100-KMSC-UBUS01-PIREP,6000.0,46.59905775681661,-99.30773570053232,2025-03-20 21:52:00,3.0,L,"('KABR', 'KBIS', 'KMVX', 'KMBX', 'KFSD')","['s3://noaa-nexrad-level2/2025/03/20/KABR/KABR20250320_214733_V06', 's3://noaa-nexrad-level2/2025/03/20/KBIS/KBIS20250320_214900_V06', 's3://noaa-nexrad-level2/2025/03/20/KMVX/KMVX20250320_214825_V06', 's3://noaa-nexrad-level2/2025/03/20/KMBX/KMBX20250320_215154_V06', 's3://noaa-nexrad-level2/2025/03/20/KFSD/KFSD20250320_214829_V06']"
95277,F,E75L,FAI UA /OV FAI187097/TM 2152/FL290/TP E75L/TB NEG/IC NEG/RM DURC /ZAN,NEG,202503202100-KMSC-UBUS01-PIREP,29000.0,63.20525374746467,-148.31294213853326,2025-03-20 21:52:00,0.0,U,"('PAPD', 'PAHG', 'PAIH', 'PAIH', 'PAKC')","['s3://noaa-nexrad-level2/2025/03/20/PAPD/PAPD20250320_214503_V06', 's3://noaa-nexrad-level2/2025/03/20/PAHG/PAHG20250320_214822_V06', 's3://noaa-nexrad-level2/2025/03/20/PAIH/PAIH20250320_214753_V06', 's3://noaa-nexrad-level2/2025/03/20/PAIH/PAIH20250320_214753_V06', 's3://noaa-nexrad-level2/2025/03/20/PAKC/PAKC20250320_215034_V06']"
95278,F,C172,BJC UA /OV 2 N/TM 2153/FL065/TP C172/TB MOD,MOD,202503202100-KMSC-UBUS01-PIREP,6500.0,39.90881,-105.11719,2025-03-20 21:53:00,3.0,L,"('KFTG', 'KCYS', 'KPUX', 'KGJX', 'KGLD')","['s3://noaa-nexrad-level2/2025/03/20/KFTG/KFTG20250320_215112_V06', 's3://noaa-nexrad-level2/2025/03/20/KCYS/KCYS20250320_214703_V06', 's3://noaa-nexrad-level2/2025/03/20/KPUX/KPUX20250320_215046_V06', 's3://noaa-nexrad-level2/2025/03/20/KGJX/KGJX20250320_215035_V06', 's3://noaa-nexrad-level2/2025/03/20/KGLD/KGLD20250320_215137_V06']"
95279,F,A321,GRB UA /OV GRB/TM 2153/FL320/TP A321/TB CONS MOD 340 NEG 320,CONS MOD 340 NEG 320,202503202100-KMSC-UBUS01-PIREP,32000.0,44.4794,-88.1367,2025-03-20 21:53:00,0.0,M,"('KGRB', 'KMKX', 'KMQT', 'KLOT', 'KGRR')","['s3://noaa-nexrad-level2/2025/03/20/KGRB/KGRB20250320_214848_V06', 's3://noaa-nexrad-level2/2025/03/20/KMKX/KMKX20250320_214648_V06', 's3://noaa-nexrad-level2/2025/03/20/KMQT/KMQT20250320_214619_V06', 's3://noaa-nexrad-level2/2025/03/20/KLOT/KLOT20250320_215236_V06', 's3://noaa-nexrad-level2/2025/03/20/KGRR/KGRR20250320_214451_V06']"
95280,F,BE20,MLI UA /OV MLI/TM 2153/FL220/TP BE20/TB NEG/IC NEG,NEG,202503202100-KMSC-UBUS01-PIREP,22000.0,41.44853,-90.50754,2025-03-20 21:53:00,0.0,M,"('KDVN', 'KILX', 'KLOT', 'KARX', 'KMKX')","['s3://noaa-nexrad-level2/2025/03/20/KDVN/KDVN20250320_214350_V06', 's3://noaa-nexrad-level2/2025/03/20/KILX/KILX20250320_215209_V06', 's3://noaa-nexrad-level2/2025/03/20/KLOT/KLOT20250320_215236_V06', 's3://noaa-nexrad-level2/2025/03/20/KARX/KARX20250320_214858_V06', 's3://noaa-nexrad-level2/2025/03/20/KMKX/KMKX20250320_214648_V06']"
95281,F,B789,PVC UA /OV LFV360020/TM 2153/FL160/TP B789/TB NEG/RM DURC CELTK7 SID,NEG,202503202100-KMSC-UBUS01-PIREP,16000.0,42.353360333360335,-70.04,2025-03-20 21:53:00,0.0,U,"('KBOX', 'KGYX', 'KOKX', 'KCXX', 'KENX')","['s3://noaa-nexrad-level2/2025/03/20/KBOX/KBOX20250320_214959_V06', 's3://noaa-nexrad-level2/2025/03/20/KGYX/KGYX20250320_215150_V06', 's3://noaa-nexrad-level2/2025/03/20/KOKX/KOKX20250320_214543_V06', 's3://noaa-nexrad-level2/2025/03/20/KCXX/KCXX20250320_215143_V06', 's3://noaa-nexrad-level2/2025/03/20/KENX/KENX20250320_215056_V06']"
95282,F,A320,POU UA /OV PWL070020/TM 2153/FL130/TP A320/TB LGT 130-170/RM DURC,LGT 130-170,202503202100-KMSC-UBUS01-PIREP,13000.0,41.884015948995,-73.17998687327997,2025-03-20 21:53:00,1.0,M,"('KOKX', 'KENX', 'KBOX', 'KDIX', 'KCXX')","['s3://noaa-nexrad-level2/2025/03/20/KOKX/KOKX20250320_214543_V06', 's3://noaa-nexrad-level2/2025/03/20/KENX/KENX20250320_215056_V06', 's3://noaa-nexrad-level2/2025/03/20/KBOX/KBOX20250320_214959_V06', 's3://noaa-nexrad-level2/2025/03/20/KDIX/KDIX20250320_215050_V06', 's3://noaa-nexrad-level2/2025/03/20/KCXX/KCXX20250320_215143_V06']"
95283,F,E550,BGM UA /OV DNY/TM 2153/FL170/TP E550/TB NEG 170,NEG 170,202503202200-KMSC-UBUS01-PIREP,17000.0,42.18,-74.96,2025-03-20 21:53:00,0.0,U,"('KENX', 'KBGM', 'KTYX', 'KDIX', 'KOKX')","['s3://noaa-nexrad-level2/2025/03/20/KENX/KENX20250320_215056_V06', 's3://noaa-nexrad-level2/2025/03/20/KBGM/KBGM20250320_214814_V06', 's3://noaa-nexrad-level2/2025/03/20/KTYX/KTYX20250320_214740_V06', 's3://noaa-nexrad-level2/2025/03/20/KDIX/KDIX20250320_215050_V06', 's3://noaa-nexrad-level2/2025/03/20/KOKX/KOKX20250320_214543_V06']"
95284,F,B738,EWB UA /OV EWB/TM 2154/FL280/TP B738/TB NEG 140-280/RM DURC SSOXS DEPT,NEG 140-280,202503202100-KMSC-UBUS01-PIREP,28000.0,41.67639,-70.95833,2025-03-20 21:54:00,0.0,M,"('KBOX', 'KOKX', 'KGYX', 'KENX', 'KCXX')","['s3://noaa-nexrad-level2/2025/03/20/KBOX/KBOX20250320_214959_V06', 's3://noaa-nexrad-level2/2025/03/20/KOKX/KOKX20250320_214543_V06', 's3://noaa-nexrad-level2/2025/03/20/KGYX/KGYX20250320_215150_V06', 's3://noaa-nexrad-level2/2025/03/20/KENX/KENX20250320_215056_V06', 's3://noaa-nexrad-level2/2025/03/20/KCXX/KCXX20250320_215143_V06']"
95285,F,BCS3,SFM UA /OV SFM/TM 2154/FL160/TP BCS3/TB NEG/RM DURC NUBLE4 SID,NEG,202503202100-KMSC-UBUS01-PIREP,16000.0,43.39386,-70.708,2025-03-20 21:54:00,0.0,U,"('KGYX', 'KBOX', 'KCXX', 'KOKX', 'KENX')","['s3://noaa-nexrad-level2/2025/03/20/KGYX/KGYX20250320_215150_V06', 's3://noaa-nexrad-level2/2025/03/20/KBOX/KBOX20250320_214959_V06', 's3://noaa-nexrad-level2/2025/03/20/KCXX/KCXX20250320_215143_V06', 's3://noaa-nexrad-level2/2025/03/20/KOKX/KOKX20250320_214543_V06', 's3://noaa-nexrad-level2/2025/03/20/KENX/KENX20250320_215056_V06']"
95286,F,B737,ALB UA /OV ALB 220004/TM 2155/FL050/TP B737/TB LGT CHOP/RM DURC RY 19 ALB,LGT CHOP,202503202100-KMSC-UBUS01-PIREP,5000.0,42.706496233814605,-73.86197837753029,2025-03-20 21:55:00,1.0,M,"('KENX', 'KCXX', 'KOKX', 'KTYX', 'KBGM')","['s3://noaa-nexrad-level2/2025/03/20/KENX/KENX20250320_215056_V06', 's3://noaa-nexrad-level2/2025/03/20/KCXX/KCXX20250320_215143_V06', 's3://noaa-nexrad-level2/2025/03/20/KOKX/KOKX20250320_215414_V06', 's3://noaa-nexrad-level2/2025/03/20/KTYX/KTYX20250320_215334_V06', 's3://noaa-nexrad-level2/2025/03/20/KBGM/KBGM20250320_215423_V06']"
95287,F,C68A,JPX UA /OV HTO/TM 2155/FL170/TP C68A/TB LGT 170/RM DURD,LGT 170,202503202100-KMSC-UBUS01-PIREP,17000.0,40.96,-72.25,2025-03-20 21:55:00,1.0,U,"('KOKX', 'KBOX', 'KDIX', 'KENX', 'KGYX')","['s3://noaa-nexrad-level2/2025/03/20/KOKX/KOKX20250320_215414_V06', 's3://noaa-nexrad-level2/2025/03/20/KBOX/KBOX20250320_214959_V06', 's3://noaa-nexrad-level2/2025/03/20/KDIX/KDIX20250320_215050_V06', 's3://noaa-nexrad-level2/2025/03/20/KENX/KENX20250320_215056_V06', 's3://noaa-nexrad-level2/2025/03/20/KGYX/KGYX20250320_215150_V06']"
95288,F,A332,LIH UA /OV LEANE/TM 2155/FL300/TP A332/TB CONS LGT - MOD CHOP,CONS LGT - MOD CHOP,202503202100-KMSC-UBUS01-PIREP,30000.0,21.97,-159.33,2025-03-20 21:55:00,2.0,H,"('PHKI', 'PHMO', 'PHKM', 'PHWA', 'PAKC')","['s3://noaa-nexrad-level2/2025/03/20/PHKI/PHKI20250320_215257_V06', 's3://noaa-nexrad-level2/2025/03/20/PHMO/PHMO20250320_215449_V06', 's3://noaa-nexrad-level2/2025/03/20/PHKM/PHKM20250320_215212_V06', 's3://noaa-nexrad-level2/2025/03/20/PHWA/PHWA20250320_215204_V06', 's3://noaa-nexrad-level2/2025/03/20/PAKC/PAKC20250320_215034_V06']"
95289,F,B737,MEI UA /OV MEI360030/TM 2155/FL240/TP B737/TB CONS MOD CHOP/RM ZME,CONS MOD CHOP,202503202200-KMSC-UBUS01-PIREP,24000.0,32.8347905000405,-88.75107,2025-03-20 21:55:00,3.0,M,"('KGWX', 'KDGX', 'KBMX', 'KMOB', 'KLIX')","['s3://noaa-nexrad-level2/2025/03/20/KGWX/KGWX20250320_214935_V06', 's3://noaa-nexrad-level2/2025/03/20/KDGX/KDGX20250320_215447_V06', 's3://noaa-nexrad-level2/2025/03/20/KBMX/KBMX20250320_215404_V06', 's3://noaa-nexrad-level2/2025/03/20/KMOB/KMOB20250320_214811_V06']"
95290,F,GL7T,ASE UA /OV DBL/TM 2156/FL430/TP GL7T/TB NEG/RM MTW +/-M.03. ZDVWC-04,NEG,202503202200-KMSC-UBUS01-PIREP,43000.0,39.44,-106.9,2025-03-20 21:56:00,0.0,U,"('KGJX', 'KFTG', 'KCYS', 'KPUX', 'KRIW')","['s3://noaa-nexrad-level2/2025/03/20/KGJX/KGJX20250320_215035_V06', 's3://noaa-nexrad-level2/2025/03/20/KFTG/KFTG20250320_215112_V06', 's3://noaa-nexrad-level2/2025/03/20/KCYS/KCYS20250320_214703_V06', 's3://noaa-nexrad-level2/2025/03/20/KPUX/KPUX20250320_215046_V06', 's3://noaa-nexrad-level2/2025/03/20/KRIW/KRIW20250320_215309_V06']"
95291,F,PC12,RIC UA /OV RIC0100010/TM 2156/FL290/TP PC12/TB MOD,MOD,202503202200-KMSC-UBUS01-PIREP,29000.0,37.5115,-77.32336,2025-03-20 21:56:00,3.0,L,"('KAKQ', 'KLWX', 'KRAX', 'KDOX', 'KMHX')","['s3://noaa-nexrad-level2/2025/03/20/KAKQ/KAKQ20250320_215459_V06', 's3://noaa-nexrad-level2/2025/03/20/KLWX/KLWX20250320_215553_V06', 's3://noaa-nexrad-level2/2025/03/20/KRAX/KRAX20250320_215444_V06', 's3://noaa-nexrad-level2/2025/03/20/KDOX/KDOX20250320_215501_V06', 's3://noaa-nexrad-level2/2025/03/20/KMHX/KMHX20250320_215448_V06']"
95292,F,A321,GNV UA /OV GNV287032/TM 2157/FL330/TP A321/SK SKC/TB NEG,NEG,202503202100-KMSC-UBUS01-PIREP,33000.0,29.8476442063224,-82.86318310636862,2025-03-20 21:57:00,0.0,M,"('KVAX', 'KJAX', 'KTLH', 'KTBW', 'KMLB')","['s3://noaa-nexrad-level2/2025/03/20/KVAX/KVAX20250320_215633_V06', 's3://noaa-nexrad-level2/2025/03/20/KJAX/KJAX20250320_215423_V06', 's3://noaa-nexrad-level2/2025/03/20/KTLH/KTLH20250320_215030_V06', 's3://noaa-nexrad-level2/2025/03/20/KTBW/KTBW20250320_215147_V06', 's3://noaa-nexrad-level2/2025/03/20/KMLB/KMLB20250320_215256_V06']"
95293,F,B739,HGR UA /OV HGR270010/TM 2157/FL210/TP B739/TB MOD/IC LGT-MOD RIME/RM 170-210,MOD,202503202200-KMSC-UBUS01-PIREP,21000.0,39.70778,-77.94638110861048,2025-03-20 21:57:00,3.0,M,"('KLWX', 'KCCX', 'KPBZ', 'KDOX', 'KAKQ')","['s3://noaa-nexrad-level2/2025/03/20/KLWX/KLWX20250320_215553_V06', 's3://noaa-nexrad-level2/2025/03/20/KCCX/KCCX20250320_215258_V06', 's3://noaa-nexrad-level2/2025/03/20/KPBZ/KPBZ20250320_215538_V06', 's3://noaa-nexrad-level2/2025/03/20/KDOX/KDOX20250320_215501_V06', 's3://noaa-nexrad-level2/2025/03/20/KAKQ/KAKQ20250320_215459_V06']"
95294,F,B739,ADF UA /OV ADF180005/TM 2158/FL330/TP B739/TB MOD CONS CHOP/RM ZFW,MOD CONS CHOP,202503202200-KMSC-UBUS01-PIREP,33000.0,34.01646551665992,-93.0660833,2025-03-20 21:58:00,3.0,M,"('KLZK', 'KSHV', 'KSRX', 'KPOE', 'KSGF')","['s3://noaa-nexrad-level2/2025/03/20/KLZK/KLZK20250320_215308_V06', 's3://noaa-nexrad-level2/2025/03/20/KSHV/KSHV20250320_215327_V06', 's3://noaa-nexrad-level2/2025/03/20/KSRX/KSRX20250320_215535_V06', 's3://noaa-nexrad-level2/2025/03/20/KPOE/KPOE20250320_215209_V06', 's3://noaa-nexrad-level2/2025/03/20/KSGF/KSGF20250320_215748_V06']"
95295,F,E145,PSB UA /OV PSB110020/TM 2158/FL250/TP E145/TB MOD,MOD,202503202200-KMSC-UBUS01-PIREP,25000.0,40.77037405100501,-77.67299732820567,2025-03-20 21:58:00,3.0,M,"('KCCX', 'KLWX', 'KBGM', 'KBUF', 'KPBZ')","['s3://noaa-nexrad-level2/2025/03/20/KCCX/KCCX20250320_215258_V06', 's3://noaa-nexrad-level2/2025/03/20/KLWX/KLWX20250320_215553_V06', 's3://noaa-nexrad-level2/2025/03/20/KBGM/KBGM20250320_215423_V06', 's3://noaa-nexrad-level2/2025/03/20/KBUF/KBUF20250320_215729_V06', 's3://noaa-nexrad-level2/2025/03/20/KPBZ/KPBZ20250320_215538_V06']"
95296,F,E75L,RIW UA /OV RIW170037/TM 2158/FL340/TP E75L/TB MOD /ZLC,MOD,202503202200-KMSC-UBUS01-PIREP,34000.0,42.45688269444602,-108.31325722929554,2025-03-20 21:58:00,3.0,U,"('KRIW', 'KGJX', 'KBLX', 'KCYS', 'KMTX')","['s3://noaa-nexrad-level2/2025/03/20/KRIW/KRIW20250320_215309_V06', 's3://noaa-nexrad-level2/2025/03/20/KGJX/KGJX20250320_215610_V06', 's3://noaa-nexrad-level2/2025/03/20/KBLX/KBLX20250320_215556_V06', 's3://noaa-nexrad-level2/2025/03/20/KCYS/KCYS20250320_215645_V06', 's3://noaa-nexrad-level2/2025/03/20/KMTX/KMTX20250320_215745_V06']"
95297,F,B738,TLH UA /OV TLH/TM 2200/FL340/TP B738/TB OCNL LGT,OCNL LGT,202503202200-KMSC-UBUS01-PIREP,34000.0,30.39354,-84.35135,2025-03-20 22:00:00,1.0,M,"('KTLH', 'KVAX', 'KEOX', 'KEVX', 'KJGX')","['s3://noaa-nexrad-level2/2025/03/20/KTLH/KTLH20250320_215727_V06', 's3://noaa-nexrad-level2/2025/03/20/KVAX/KVAX20250320_215633_V06', 's3://noaa-nexrad-level2/2025/03/20/KEOX/KEOX20250320_143812_V06', 's3://noaa-nexrad-level2/2025/03/20/KEVX/KEVX20250320_215703_V06', 's3://noaa-nexrad-level2/2025/03/20/KJGX/KJGX20250320_215428_V06']"
95298,F,BE20,SJN UA /OV SJN240050/TM 2200/FL130/TP BE20/TB LGT-MOD BLO 110 DURC/RM ZAB/FDCS,LGT-MOD BLO 110 DURC,202503202200-KMSC-UBUS01-PIREP,13000.0,34.10329958329959,-110.25598178562672,2025-03-20 22:00:00,2.0,M,"('KFSX', 'KFSX', 'KIWA', 'KEMX', 'KABX')","['s3://noaa-nexrad-level2/2025/03/20/KFSX/KFSX20250320_215121_V06', 's3://noaa-nexrad-level2/2025/03/20/KFSX/KFSX20250320_215121_V06', 's3://noaa-nexrad-level2/2025/03/20/KIWA/KIWA20250320_215915_V06', 's3://noaa-nexrad-level2/2025/03/20/KEMX/KEMX20250320_215726_V06', 's3://noaa-nexrad-level2/2025/03/20/KABX/KABX20250320_215700_V06']"
95299,F,C25B,CYS UA /OV CYS230030/TM 2200/FL180/TP C25B/TB OCNL LGT-MOD CHOP 155-180/RM ZDVWC-,OCNL LGT-MOD CHOP 155-180,202503202200-KMSC-UBUS01-PIREP,18000.0,40.834220162232505,-105.3192237533965,2025-03-20 22:00:00,2.0,U,"('KCYS', 'KFTG', 'KPUX', 'KGJX', 'KRIW')","['s3://noaa-nexrad-level2/2025/03/20/KCYS/KCYS20250320_215645_V06', 's3://noaa-nexrad-level2/2025/03/20/KFTG/KFTG20250320_215934_V06', 's3://noaa-nexrad-level2/2025/03/20/KPUX/KPUX20250320_215750_V06', 's3://noaa-nexrad-level2/2025/03/20/KGJX/KGJX20250320_215610_V06', 's3://noaa-nexrad-level2/2025/03/20/KRIW/KRIW20250320_215309_V06']"
95300,T,CRJ7,MGM UUA /OV MGM270040/TM 2200/FL220/TP CRJ7/TB MOD-SEV SEV-EXTRM/RM MODERATE TO EXTREME DURD 220-180 ZTLFD13,MOD-SEV SEV-EXTRM,202503202200-KMSC-UBUS01-PIREP,22000.0,32.30064,-87.18274969950201,2025-03-20 22:00:00,4.0,M,"('KBMX', 'KMXX', 'KEOX', 'KMOB', 'KGWX')","['s3://noaa-nexrad-level2/2025/03/20/KBMX/KBMX20250320_215404_V06', 's3://noaa-nexrad-level2/2025/03/20/KMXX/KMXX20250320_215748_V06', 's3://noaa-nexrad-level2/2025/03/20/KEOX/KEOX20250320_143812_V06', 's3://noaa-nexrad-level2/2025/03/20/KMOB/KMOB20250320_215636_V06', 's3://noaa-nexrad-level2/2025/03/20/KGWX/KGWX20250320_215622_V06']"
95301,F,C25B,CYS UA /OV CYS230030/TM 2200/FL180/TP C25B/TB OCNL LGT-MOD CHOP 155-180/RM ZDVWC,OCNL LGT-MOD CHOP 155-180,202503202215-KWBC-UBWY90-PIREP,18000.0,40.834220162232505,-105.3192237533965,2025-03-20 22:00:00,2.0,U,"('KCYS', 'KFTG', 'KPUX', 'KGJX', 'KRIW')","['s3://noaa-nexrad-level2/2025/03/20/KCYS/KCYS20250320_215645_V06', 's3://noaa-nexrad-level2/2025/03/20/KFTG/KFTG20250320_215934_V06', 's3://noaa-nexrad-level2/2025/03/20/KPUX/KPUX20250320_215750_V06', 's3://noaa-nexrad-level2/2025/03/20/KGJX/KGJX20250320_215610_V06', 's3://noaa-nexrad-level2/2025/03/20/KRIW/KRIW20250320_215309_V06']"
95302,F,E135,CKB UA /OV CKB/TM 2200/FL090/TP E135/SK TOPS 100/TA -9/TB MOD CHOP/IC LGT RIME,MOD CHOP,202503202200-KMSC-UBUS01-PIREP,9000.0,39.29664,-80.22808,2025-03-20 22:00:00,3.0,M,"('KPBZ', 'KRLX', 'KFCX', 'KCLE', 'KCCX')","['s3://noaa-nexrad-level2/2025/03/20/KPBZ/KPBZ20250320_215538_V06', 's3://noaa-nexrad-level2/2025/03/20/KRLX/KRLX20250320_215514_V06', 's3://noaa-nexrad-level2/2025/03/20/KFCX/KFCX20250320_215758_V06', 's3://noaa-nexrad-level2/2025/03/20/KCLE/KCLE20250320_215959_V06', 's3://noaa-nexrad-level2/2025/03/20/KCCX/KCCX20250320_215819_V06']"
95303,F,BE20,SJN UA /OV SJN240050/TM 2200/FL130/TP BE20/TB LGT-MOD CHOP/RM ZAB/FDCS,LGT-MOD CHOP,202503202300-KMSC-UBUS01-PIREP,13000.0,34.10329958329959,-110.25598178562672,2025-03-20 22:00:00,2.0,M,"('KFSX', 'KFSX', 'KIWA', 'KEMX', 'KABX')","['s3://noaa-nexrad-level2/2025/03/20/KFSX/KFSX20250320_215121_V06', 's3://noaa-nexrad-level2/2025/03/20/KFSX/KFSX20250320_215121_V06', 's3://noaa-nexrad-level2/2025/03/20/KIWA/KIWA20250320_215915_V06', 's3://noaa-nexrad-level2/2025/03/20/KEMX/KEMX20250320_215726_V06', 's3://noaa-nexrad-level2/2025/03/20/KABX/KABX20250320_215700_V06']"
95304,F,GX,HYI UA /OV KBAZ-BAZ355015 /TM 2201 /FL045 /TP GX /TB OCNL LGT CHOP BLO 045 /RM DURC,OCNL LGT CHOP BLO 045,202503202200-KMSC-UBUS01-PIREP,4500.0,29.89275,-97.863,2025-03-20 22:01:00,1.0,U,"('KEWX', 'KGRK', 'KCRP', 'KDFX', 'KFWS')","['s3://noaa-nexrad-level2/2025/03/20/KEWX/KEWX20250320_215628_V06', 's3://noaa-nexrad-level2/2025/03/20/KGRK/KGRK20250320_220003_V06', 's3://noaa-nexrad-level2/2025/03/20/KCRP/KCRP20250320_215954_V06', 's3://noaa-nexrad-level2/2025/03/20/KDFX/KDFX20250320_215551_V06', 's3://noaa-nexrad-level2/2025/03/20/KFWS/KFWS20250320_215626_V06']"
95305,F,B737,ILM UA /OV ILM190150/TM 2201/FL380/TP B737/TB NEG,NEG,202503202200-KMSC-UBUS01-PIREP,38000.0,31.80778119370008,-78.42536200137818,2025-03-20 22:01:00,0.0,M,"('KLTX', 'KCLX', 'KMHX', 'KCAE', 'KJAX')","['s3://noaa-nexrad-level2/2025/03/20/KLTX/KLTX20250320_215736_V06', 's3://noaa-nexrad-level2/2025/03/20/KCLX/KCLX20250320_215755_V06', 's3://noaa-nexrad-level2/2025/03/20/KMHX/KMHX20250320_215926_V06', 's3://noaa-nexrad-level2/2025/03/20/KCAE/KCAE20250320_215844_V06', 's3://noaa-nexrad-level2/2025/03/20/KJAX/KJAX20250320_215423_V06']"
95306,F,B763,EZF UA /OV BRV350050/TM 2201/FL280/TP B763/TB MOD,MOD,202503202200-KMSC-UBUS01-PIREP,28000.0,39.16073960209998,-77.53450913085211,2025-03-20 22:01:00,3.0,H,"('KLWX', 'KCCX', 'KDOX', 'KAKQ', 'KPBZ')","['s3://noaa-nexrad-level2/2025/03/20/KLWX/KLWX20250320_215553_V06', 's3://noaa-nexrad-level2/2025/03/20/KCCX/KCCX20250320_215819_V06', 's3://noaa-nexrad-level2/2025/03/20/KDOX/KDOX20250320_215501_V06', 's3://noaa-nexrad-level2/2025/03/20/KAKQ/KAKQ20250320_215459_V06', 's3://noaa-nexrad-level2/2025/03/20/KPBZ/KPBZ20250320_220017_V06']"
95307,F,A320,HDN UA /OV HDN/TM 2201/FL260/TP A320/SK SKC/TB NEG BLO 260/IC NEG/RM DURD RWY10. ZDVWC-,NEG BLO 260,202503202200-KMSC-UBUS01-PIREP,26000.0,40.48,-107.22,2025-03-20 22:01:00,0.0,M,"('KGJX', 'KCYS', 'KFTG', 'KRIW', 'KPUX')","['s3://noaa-nexrad-level2/2025/03/20/KGJX/KGJX20250320_215610_V06', 's3://noaa-nexrad-level2/2025/03/20/KCYS/KCYS20250320_215645_V06', 's3://noaa-nexrad-level2/2025/03/20/KFTG/KFTG20250320_215934_V06', 's3://noaa-nexrad-level2/2025/03/20/KRIW/KRIW20250320_215309_V06', 's3://noaa-nexrad-level2/2025/03/20/KPUX/KPUX20250320_215750_V06']"
95308,T,C68A,DAN UUA /OV SBV090020/TM 2201/FL220/TP C68A/TB CONS MOD OCNL SEVERE,CONS MOD OCNL SEVERE,202503202200-KMSC-UBUS01-PIREP,22000.0,36.68,-78.594330550529,2025-03-20 22:01:00,3.0,U,"('KRAX', 'KAKQ', 'KFCX', 'KLWX', 'KMHX')","['s3://noaa-nexrad-level2/2025/03/20/KRAX/KRAX20250320_220058_V06', 's3://noaa-nexrad-level2/2025/03/20/KAKQ/KAKQ20250320_215459_V06', 's3://noaa-nexrad-level2/2025/03/20/KFCX/KFCX20250320_215758_V06', 's3://noaa-nexrad-level2/2025/03/20/KLWX/KLWX20250320_215553_V06', 's3://noaa-nexrad-level2/2025/03/20/KMHX/KMHX20250320_215926_V06']"
95309,F,A320,HDN UA /OV HDN/TM 2201/FL260/TP A320/SK SKC/TB NEG BLO 260/IC NEG/RM DURD RWY10. ZDVWC,NEG BLO 260,202503202215-KWBC-UBCO90-PIREP,26000.0,40.48,-107.22,2025-03-20 22:01:00,0.0,M,"('KGJX', 'KCYS', 'KFTG', 'KRIW', 'KPUX')","['s3://noaa-nexrad-level2/2025/03/20/KGJX/KGJX20250320_215610_V06', 's3://noaa-nexrad-level2/2025/03/20/KCYS/KCYS20250320_215645_V06', 's3://noaa-nexrad-level2/2025/03/20/KFTG/KFTG20250320_215934_V06', 's3://noaa-nexrad-level2/2025/03/20/KRIW/KRIW20250320_215309_V06', 's3://noaa-nexrad-level2/2025/03/20/KPUX/KPUX20250320_215750_V06']"
95310,F,DV20,HUF UA /OV TTH180013/TM 2202/FL030/TP DV20/TA -2/TB LGT TURB,LGT TURB,202503202200-KMSC-UBUS01-PIREP,3000.0,39.27331578331579,-87.25,2025-03-20 22:02:00,1.0,L,"('KIND', 'KVWX', 'KLVX', 'KILX', 'KLOT')","['s3://noaa-nexrad-level2/2025/03/20/KIND/KIND20250320_215905_V06', 's3://noaa-nexrad-level2/2025/03/20/KVWX/KVWX20250320_220004_V06', 's3://noaa-nexrad-level2/2025/03/20/KLVX/KLVX20250320_220051_V06', 's3://noaa-nexrad-level2/2025/03/20/KILX/KILX20250320_215906_V06', 's3://noaa-nexrad-level2/2025/03/20/KLOT/KLOT20250320_215927_V06']"
95311,F,B190,DUT UA /OV DUT/TM 2203/FL012/TP B190/SK BKN012-TOP060/WX FV04SM/TB NEG/IC NEG/RM DURC /ZAN,NEG,202503202200-KMSC-UBUS01-PIREP,1200.0,53.89,-166.54,2025-03-20 22:03:00,0.0,M,"('PABC', 'PAEC', 'PAKC', 'PAHG', 'PAIH')","['s3://noaa-nexrad-level2/2025/03/20/PAEC/PAEC20250320_220109_V06', 's3://noaa-nexrad-level2/2025/03/20/PAKC/PAKC20250320_215738_V06', 's3://noaa-nexrad-level2/2025/03/20/PAHG/PAHG20250320_220208_V06', 's3://noaa-nexrad-level2/2025/03/20/PAIH/PAIH20250320_220142_V06']"
95312,F,PC12,BKW UA /OV GZG360020/TM 2203/FL190/TP PC12/TB NEG,NEG,202503202200-KMSC-UBUS01-PIREP,19000.0,37.16336033336033,-82.08,2025-03-20 22:03:00,0.0,L,"('KRLX', 'KJKL', 'KMRX', 'KFCX', 'KGSP')","['s3://noaa-nexrad-level2/2025/03/20/KRLX/KRLX20250320_220207_V06', 's3://noaa-nexrad-level2/2025/03/20/KJKL/KJKL20250320_220157_V06', 's3://noaa-nexrad-level2/2025/03/20/KMRX/KMRX20250320_220026_V06', 's3://noaa-nexrad-level2/2025/03/20/KFCX/KFCX20250320_220252_V06', 's3://noaa-nexrad-level2/2025/03/20/KGSP/KGSP20250320_215909_V06']"
95313,F,B738,ELD UA /OV ELD/TM 2204/FL310/TP B738/TB LGT CONS CHOP/RM ZFW,LGT CONS CHOP,202503202200-KMSC-UBUS01-PIREP,31000.0,33.22097,-92.81328,2025-03-20 22:04:00,1.0,M,"('KSHV', 'KLZK', 'KPOE', 'KSRX', 'KDGX')","['s3://noaa-nexrad-level2/2025/03/20/KSHV/KSHV20250320_220200_V06', 's3://noaa-nexrad-level2/2025/03/20/KLZK/KLZK20250320_215952_V06', 's3://noaa-nexrad-level2/2025/03/20/KPOE/KPOE20250320_215916_V06', 's3://noaa-nexrad-level2/2025/03/20/KSRX/KSRX20250320_220359_V06', 's3://noaa-nexrad-level2/2025/03/20/KDGX/KDGX20250320_215447_V06']"
95314,F,DA40,GJT UA /OV JNC280045/TM 2204/FL120/TP DA40/SK SKC/TB MOD/IC NEG/RM ZDVWC-,MOD,202503202200-KMSC-UBUS01-PIREP,12000.0,39.19024668238754,-109.741292301696,2025-03-20 22:04:00,3.0,L,"('KGJX', 'KMTX', 'KICX', 'KRIW', 'KFSX')","['s3://noaa-nexrad-level2/2025/03/20/KGJX/KGJX20250320_220145_V06', 's3://noaa-nexrad-level2/2025/03/20/KMTX/KMTX20250320_220325_V06', 's3://noaa-nexrad-level2/2025/03/20/KICX/KICX20250320_215732_V06', 's3://noaa-nexrad-level2/2025/03/20/KRIW/KRIW20250320_220149_V06', 's3://noaa-nexrad-level2/2025/03/20/KFSX/KFSX20250320_220007_V06']"
95315,F,DA40,GJT UA /OV JNC280045/TM 2204/FL120/TP DA40/SK SKC/TB MOD/IC NEG/RM ZDVWC,MOD,202503202215-KWBC-UBCO90-PIREP,12000.0,39.19024668238754,-109.741292301696,2025-03-20 22:04:00,3.0,L,"('KGJX', 'KMTX', 'KICX', 'KRIW', 'KFSX')","['s3://noaa-nexrad-level2/2025/03/20/KGJX/KGJX20250320_220145_V06', 's3://noaa-nexrad-level2/2025/03/20/KMTX/KMTX20250320_220325_V06', 's3://noaa-nexrad-level2/2025/03/20/KICX/KICX20250320_215732_V06', 's3://noaa-nexrad-level2/2025/03/20/KRIW/KRIW20250320_220149_V06', 's3://noaa-nexrad-level2/2025/03/20/KFSX/KFSX20250320_220007_V06']"
95316,F,CRJ9,PKB UA /OV JPU/TM 2204/FL250/TP CRJ9/TB NEG,NEG,202503202200-KMSC-UBUS01-PIREP,25000.0,39.44,-81.37,2025-03-20 22:04:00,0.0,U,"('KRLX', 'KPBZ', 'KCLE', 'KILN', 'KFCX')","['s3://noaa-nexrad-level2/2025/03/20/KRLX/KRLX20250320_220207_V06', 's3://noaa-nexrad-level2/2025/03/20/KPBZ/KPBZ20250320_220017_V06', 's3://noaa-nexrad-level2/2025/03/20/KCLE/KCLE20250320_215959_V06', 's3://noaa-nexrad-level2/2025/03/20/KILN/KILN20250320_220340_V06', 's3://noaa-nexrad-level2/2025/03/20/KFCX/KFCX20250320_220252_V06']"
95317,F,B737,CDV UA /OV CDV270010-CDV /TM 2205 /FL025 /TP B737 /SKBKN025-TOP060 /TB NEG /IC NEG /RM (AKFSS),NEG,202503202200-KMSC-UBUS01-PIREP,2500.0,60.49,-145.8083850410369,2025-03-20 22:05:00,0.0,M,"('PAIH', 'PAIH', 'PAPD', 'PAHG', 'PACG')","['s3://noaa-nexrad-level2/2025/03/20/PAIH/PAIH20250320_220142_V06', 's3://noaa-nexrad-level2/2025/03/20/PAIH/PAIH20250320_220142_V06', 's3://noaa-nexrad-level2/2025/03/20/PAPD/PAPD20250320_215910_V06', 's3://noaa-nexrad-level2/2025/03/20/PAHG/PAHG20250320_220208_V06', 's3://noaa-nexrad-level2/2025/03/20/PACG/PACG20250320_220221_V06']"
95318,F,B737,CDV UA /OV CDV270010-CDV /TM 2205 /FL025 /TP B737 /SK BKN025-TOP060 /TB NEG /IC NEG /RM (AKFSS,NEG,202503202215-KWBC-UBAK90-PIREP,2500.0,60.49,-145.8083850410369,2025-03-20 22:05:00,0.0,M,"('PAIH', 'PAIH', 'PAPD', 'PAHG', 'PACG')","['s3://noaa-nexrad-level2/2025/03/20/PAIH/PAIH20250320_220142_V06', 's3://noaa-nexrad-level2/2025/03/20/PAIH/PAIH20250320_220142_V06', 's3://noaa-nexrad-level2/2025/03/20/PAPD/PAPD20250320_215910_V06', 's3://noaa-nexrad-level2/2025/03/20/PAHG/PAHG20250320_220208_V06', 's3://noaa-nexrad-level2/2025/03/20/PACG/PACG20250320_220221_V06']"
95319,F,E75S,FYJ UA /OV HCM/TM 2206/FL310/TP E75S/TB MOD,MOD,202503202200-KMSC-UBUS01-PIREP,31000.0,37.45,-76.71,2025-03-20 22:06:00,3.0,U,"('KAKQ', 'KLWX', 'KDOX', 'KRAX', 'KMHX')","['s3://noaa-nexrad-level2/2025/03/20/KAKQ/KAKQ20250320_220111_V06', 's3://noaa-nexrad-level2/2025/03/20/KLWX/KLWX20250320_220154_V06', 's3://noaa-nexrad-level2/2025/03/20/KDOX/KDOX20250320_220111_V06', 's3://noaa-nexrad-level2/2025/03/20/KRAX/KRAX20250320_220058_V06', 's3://noaa-nexrad-level2/2025/03/20/KMHX/KMHX20250320_220402_V06']"
95320,F,E545,IAD UA /OV MRB270030/TM 2207/FL150/TP E545/TA 02/TB MOD/IC LGT RIME,MOD,202503202200-KMSC-UBUS01-PIREP,15000.0,39.4019,-78.63179358621579,2025-03-20 22:07:00,3.0,U,"('KLWX', 'KCCX', 'KPBZ', 'KFCX', 'KAKQ')","['s3://noaa-nexrad-level2/2025/03/20/KLWX/KLWX20250320_220623_V06', 's3://noaa-nexrad-level2/2025/03/20/KCCX/KCCX20250320_220326_V06', 's3://noaa-nexrad-level2/2025/03/20/KPBZ/KPBZ20250320_220441_V06', 's3://noaa-nexrad-level2/2025/03/20/KFCX/KFCX20250320_220252_V06', 's3://noaa-nexrad-level2/2025/03/20/KAKQ/KAKQ20250320_220111_V06']"
95321,F,BE35,OLS UA /OV MMPE-OLS258032 /TM 2208 /FL095 /TP BE35 /TB OCNL LGT CHOP BLO 095 /RM DURC,OCNL LGT CHOP BLO 095,202503202200-KMSC-UBUS01-PIREP,9500.0,31.42083,-110.84583,2025-03-20 22:08:00,1.0,L,"('KEMX', 'KIWA', 'KFSX', 'KFSX', 'KYUX')","['s3://noaa-nexrad-level2/2025/03/20/KEMX/KEMX20250320_220432_V06', 's3://noaa-nexrad-level2/2025/03/20/KIWA/KIWA20250320_220747_V06', 's3://noaa-nexrad-level2/2025/03/20/KFSX/KFSX20250320_220007_V06', 's3://noaa-nexrad-level2/2025/03/20/KFSX/KFSX20250320_220007_V06', 's3://noaa-nexrad-level2/2025/03/20/KYUX/KYUX20250320_220359_V06']"
95322,F,A21N,ALB UA /OV CAM/TM 2209/FL280/TP A21N/TB INTMT LGT FL280,INTMT LGT FL280,202503202200-KMSC-UBUS01-PIREP,28000.0,42.99,-73.34,2025-03-20 22:09:00,1.0,U,"('KENX', 'KCXX', 'KOKX', 'KBOX', 'KTYX')","['s3://noaa-nexrad-level2/2025/03/20/KENX/KENX20250320_220823_V06', 's3://noaa-nexrad-level2/2025/03/20/KCXX/KCXX20250320_220504_V06', 's3://noaa-nexrad-level2/2025/03/20/KOKX/KOKX20250320_220247_V06', 's3://noaa-nexrad-level2/2025/03/20/KBOX/KBOX20250320_220335_V06', 's3://noaa-nexrad-level2/2025/03/20/KTYX/KTYX20250320_220518_V06']"
95323,F,E545,W99 UA /OV ESL090025/TM 2209/FL150/TP E545/TB MOD/IC LGT RIME/RM ICING AND TURBULENCE BELOW FL150,MOD,202503202200-KMSC-UBUS01-PIREP,15000.0,39.23,-78.45205373114058,2025-03-20 22:09:00,3.0,U,"('KLWX', 'KCCX', 'KPBZ', 'KAKQ', 'KFCX')","['s3://noaa-nexrad-level2/2025/03/20/KLWX/KLWX20250320_220623_V06', 's3://noaa-nexrad-level2/2025/03/20/KCCX/KCCX20250320_220818_V06', 's3://noaa-nexrad-level2/2025/03/20/KPBZ/KPBZ20250320_220441_V06', 's3://noaa-nexrad-level2/2025/03/20/KAKQ/KAKQ20250320_220723_V06', 's3://noaa-nexrad-level2/2025/03/20/KFCX/KFCX20250320_220746_V06']"
95324,F,E170,MRN UA /OV SUG045015/TM 2209/FL160/TP E170/TB CONS LGT/RM ZTLFD44,CONS LGT,202503202200-KMSC-UBUS01-PIREP,16000.0,35.58679101422327,-82.05308561102139,2025-03-20 22:09:00,1.0,U,"('KGSP', 'KMRX', 'KCAE', 'KFCX', 'KJKL')","['s3://noaa-nexrad-level2/2025/03/20/KGSP/KGSP20250320_220743_V06', 's3://noaa-nexrad-level2/2025/03/20/KMRX/KMRX20250320_220459_V06', 's3://noaa-nexrad-level2/2025/03/20/KCAE/KCAE20250320_220718_V06', 's3://noaa-nexrad-level2/2025/03/20/KFCX/KFCX20250320_220746_V06', 's3://noaa-nexrad-level2/2025/03/20/KJKL/KJKL20250320_220522_V06']"
95325,F,B737,LAA UA /OV LAA/TM 2210/FL320/TP B737/TB CONS LGT OCNL MOD/RM ZDVWC-,CONS LGT OCNL MOD,202503202200-KMSC-UBUS01-PIREP,32000.0,38.07,-102.68806,2025-03-20 22:10:00,2.0,M,"('KPUX', 'KGLD', 'KFTG', 'KDDC', 'KAMA')","['s3://noaa-nexrad-level2/2025/03/20/KPUX/KPUX20250320_220456_V06', 's3://noaa-nexrad-level2/2025/03/20/KGLD/KGLD20250320_220115_V06', 's3://noaa-nexrad-level2/2025/03/20/KFTG/KFTG20250320_220755_V06', 's3://noaa-nexrad-level2/2025/03/20/KDDC/KDDC20250320_220403_V06', 's3://noaa-nexrad-level2/2025/03/20/KAMA/KAMA20250320_220327_V06']"
95326,F,B738,LAN UA /OV LAN/TM 2210/FL015/TP B738/TB LGT CHOP/RM DURD,LGT CHOP,202503202200-KMSC-UBUS01-PIREP,1500.0,42.78,-84.58,2025-03-20 22:10:00,1.0,M,"('KGRR', 'KDTX', 'KIWX', 'KAPX', 'KCLE')","['s3://noaa-nexrad-level2/2025/03/20/KGRR/KGRR20250320_220959_V06', 's3://noaa-nexrad-level2/2025/03/20/KDTX/KDTX20250320_220706_V06', 's3://noaa-nexrad-level2/2025/03/20/KIWX/KIWX20250320_220458_V06', 's3://noaa-nexrad-level2/2025/03/20/KAPX/KAPX20250320_220347_V06', 's3://noaa-nexrad-level2/2025/03/20/KCLE/KCLE20250320_220452_V06']"
95327,F,B737,LAA UA /OV LAA/TM 2210/FL320/TP B737/TB CONS LGT OCNL MOD/RM ZDVWC,CONS LGT OCNL MOD,202503202215-KWBC-UBCO90-PIREP,32000.0,38.07,-102.68806,2025-03-20 22:10:00,2.0,M,"('KPUX', 'KGLD', 'KFTG', 'KDDC', 'KAMA')","['s3://noaa-nexrad-level2/2025/03/20/KPUX/KPUX20250320_220456_V06', 's3://noaa-nexrad-level2/2025/03/20/KGLD/KGLD20250320_220115_V06', 's3://noaa-nexrad-level2/2025/03/20/KFTG/KFTG20250320_220755_V06', 's3://noaa-nexrad-level2/2025/03/20/KDDC/KDDC20250320_220403_V06', 's3://noaa-nexrad-level2/2025/03/20/KAMA/KAMA20250320_220327_V06']"
95328,F,C560,GCC UA /OV GCC/TM 2210/FL160/TP C560/SK BASE130 TOP160/TA M11/TB LGT/IC LGT RIME/RM TEMP MAY BE INCORRECT. ZDVWC-21,LGT,202503202200-KMSC-UBUS01-PIREP,16000.0,44.34892,-105.53936,2025-03-20 22:10:00,1.0,M,"('KUDX', 'KRIW', 'KCYS', 'KBLX', 'KGGW')","['s3://noaa-nexrad-level2/2025/03/20/KUDX/KUDX20250320_220415_V06', 's3://noaa-nexrad-level2/2025/03/20/KRIW/KRIW20250320_220149_V06', 's3://noaa-nexrad-level2/2025/03/20/KCYS/KCYS20250320_220628_V06', 's3://noaa-nexrad-level2/2025/03/20/KBLX/KBLX20250320_220956_V06', 's3://noaa-nexrad-level2/2025/03/20/KGGW/KGGW20250320_220944_V06']"
95329,F,G150,HMZ UA /OV THS270020/TM 2212/FL180/TP G150/TB CONS MOD CAT 160-180/RM ZOB,CONS MOD CAT 160-180,202503202200-KMSC-UBUS01-PIREP,18000.0,39.93,-78.38472567310954,2025-03-20 22:12:00,3.0,U,"('KCCX', 'KLWX', 'KPBZ', 'KBUF', 'KDOX')","['s3://noaa-nexrad-level2/2025/03/20/KCCX/KCCX20250320_220818_V06', 's3://noaa-nexrad-level2/2025/03/20/KLWX/KLWX20250320_220623_V06', 's3://noaa-nexrad-level2/2025/03/20/KPBZ/KPBZ20250320_220933_V06', 's3://noaa-nexrad-level2/2025/03/20/KBUF/KBUF20250320_220805_V06', 's3://noaa-nexrad-level2/2025/03/20/KDOX/KDOX20250320_220722_V06']"
95330,F,CRJ9,GRD UA /OV IRQ230040/TM 2212/FL230/TP CRJ9/TB OCNL LGT CHOP/RM ZTLFD19,OCNL LGT CHOP,202503202200-KMSC-UBUS01-PIREP,23000.0,33.28144021631001,-82.77397270873048,2025-03-20 22:12:00,1.0,U,"('KJGX', 'KGSP', 'KCAE', 'KFFC', 'KCLX')","['s3://noaa-nexrad-level2/2025/03/20/KJGX/KJGX20250320_220832_V06', 's3://noaa-nexrad-level2/2025/03/20/KGSP/KGSP20250320_220743_V06', 's3://noaa-nexrad-level2/2025/03/20/KCAE/KCAE20250320_221135_V06', 's3://noaa-nexrad-level2/2025/03/20/KFFC/KFFC20250320_221111_V06', 's3://noaa-nexrad-level2/2025/03/20/KCLX/KCLX20250320_221054_V06']"
95331,F,A21N,ALB UA /OV CAM260010/TM 2213/FL320/TP A21N/TB NEG 320,NEG 320,202503202200-KMSC-UBUS01-PIREP,32000.0,42.96105629280277,-73.56440743935076,2025-03-20 22:13:00,0.0,U,"('KENX', 'KCXX', 'KOKX', 'KTYX', 'KBGM')","['s3://noaa-nexrad-level2/2025/03/20/KENX/KENX20250320_221245_V06', 's3://noaa-nexrad-level2/2025/03/20/KCXX/KCXX20250320_221144_V06', 's3://noaa-nexrad-level2/2025/03/20/KOKX/KOKX20250320_221128_V06', 's3://noaa-nexrad-level2/2025/03/20/KTYX/KTYX20250320_221118_V06', 's3://noaa-nexrad-level2/2025/03/20/KBGM/KBGM20250320_221250_V06']"
95332,F,B739,GRR UA /OV VIO270020/TM 2213/FL330/TP B739/TB NEG,NEG,202503202200-KMSC-UBUS01-PIREP,33000.0,42.88210929,-85.5229853,2025-03-20 22:13:00,0.0,M,"('KGRR', 'KIWX', 'KDTX', 'KAPX', 'KLOT')","['s3://noaa-nexrad-level2/2025/03/20/KGRR/KGRR20250320_220959_V06', 's3://noaa-nexrad-level2/2025/03/20/KIWX/KIWX20250320_220458_V06', 's3://noaa-nexrad-level2/2025/03/20/KDTX/KDTX20250320_220706_V06', 's3://noaa-nexrad-level2/2025/03/20/KAPX/KAPX20250320_221038_V06', 's3://noaa-nexrad-level2/2025/03/20/KLOT/KLOT20250320_220628_V06']"
95333,F,GL5T,SAF UA /OV SAF290035/TM 2213/FL430/TP GL5T/TB NEG/RM MTN WAVE +/-500FT +/-.04MACH...ZAB/FDCS,NEG,202503202200-KMSC-UBUS01-PIREP,43000.0,35.816637910741235,-106.76377145462035,2025-03-20 22:13:00,0.0,U,"('KABX', 'KHDX', 'KFDX', 'KGJX', 'KPUX')","['s3://noaa-nexrad-level2/2025/03/20/KABX/KABX20250320_221104_V06', 's3://noaa-nexrad-level2/2025/03/20/KHDX/KHDX20250320_221154_V06', 's3://noaa-nexrad-level2/2025/03/20/KFDX/KFDX20250320_221049_V06', 's3://noaa-nexrad-level2/2025/03/20/KGJX/KGJX20250320_221256_V06', 's3://noaa-nexrad-level2/2025/03/20/KPUX/KPUX20250320_221202_V06']"
95334,F,E145,GEV UA /OV BZM045020/TM 2213/FL210/TP E145/TB ONCL LGT /RM ZTLFD47,ONCL LGT,202503202200-KMSC-UBUS01-PIREP,21000.0,36.1057213522977,-80.94911115796417,2025-03-20 22:13:00,1.0,M,"('KFCX', 'KGSP', 'KCAE', 'KRLX', 'KMRX')","['s3://noaa-nexrad-level2/2025/03/20/KFCX/KFCX20250320_221227_V06', 's3://noaa-nexrad-level2/2025/03/20/KGSP/KGSP20250320_220743_V06', 's3://noaa-nexrad-level2/2025/03/20/KCAE/KCAE20250320_221135_V06', 's3://noaa-nexrad-level2/2025/03/20/KRLX/KRLX20250320_221235_V06', 's3://noaa-nexrad-level2/2025/03/20/KMRX/KMRX20250320_220930_V06']"
95335,F,C25M,ATL UA /OV ATL/TM 2213/FL310/TP C25M/TB OCNL LGT CHOP/RM ZTLFD22,OCNL LGT CHOP,202503202200-KMSC-UBUS01-PIREP,31000.0,33.6301,-84.4418,2025-03-20 22:13:00,1.0,U,"('KFFC', 'KJGX', 'KMXX', 'KHTX', 'KBMX')","['s3://noaa-nexrad-level2/2025/03/20/KFFC/KFFC20250320_221111_V06', 's3://noaa-nexrad-level2/2025/03/20/KJGX/KJGX20250320_220832_V06', 's3://noaa-nexrad-level2/2025/03/20/KMXX/KMXX20250320_221120_V06', 's3://noaa-nexrad-level2/2025/03/20/KHTX/KHTX20250320_220723_V06', 's3://noaa-nexrad-level2/2025/03/20/KBMX/KBMX20250320_220355_V06']"
95336,F,B38M,WRB UA /OV MCN/TM 2213/FL395/TP B38M/TB NEG/RM ZTLFD27,NEG,202503202200-KMSC-UBUS01-PIREP,39500.0,32.69285,-83.64921,2025-03-20 22:13:00,0.0,U,"('KJGX', 'KFFC', 'KVAX', 'KMXX', 'KEOX')","['s3://noaa-nexrad-level2/2025/03/20/KJGX/KJGX20250320_220832_V06', 's3://noaa-nexrad-level2/2025/03/20/KFFC/KFFC20250320_221111_V06', 's3://noaa-nexrad-level2/2025/03/20/KVAX/KVAX20250320_221024_V06', 's3://noaa-nexrad-level2/2025/03/20/KMXX/KMXX20250320_221120_V06', 's3://noaa-nexrad-level2/2025/03/20/KEOX/KEOX20250320_143812_V06']"
95337,F,E75L,MKG UA /OV MKG/TM 2214/FL250/TP E75L/TB OCNL LGT CHOP/RM DURD,OCNL LGT CHOP,202503202200-KMSC-UBUS01-PIREP,25000.0,43.17111,-86.23667,2025-03-20 22:14:00,1.0,U,"('KGRR', 'KIWX', 'KGRB', 'KAPX', 'KMKX')","['s3://noaa-nexrad-level2/2025/03/20/KGRR/KGRR20250320_220959_V06', 's3://noaa-nexrad-level2/2025/03/20/KIWX/KIWX20250320_221328_V06', 's3://noaa-nexrad-level2/2025/03/20/KGRB/KGRB20250320_220925_V06', 's3://noaa-nexrad-level2/2025/03/20/KAPX/KAPX20250320_221038_V06', 's3://noaa-nexrad-level2/2025/03/20/KMKX/KMKX20250320_221354_V06']"
95338,F,B77W,PWM UA /OV ENE/TM 2215/FL360/TP B77W/TB INTMT MOD CHOP,INTMT MOD CHOP,202503202200-KMSC-UBUS01-PIREP,36000.0,43.43,-70.61,2025-03-20 22:15:00,3.0,U,"('KGYX', 'KBOX', 'KCXX', 'KOKX', 'KENX')","['s3://noaa-nexrad-level2/2025/03/20/KGYX/KGYX20250320_221206_V06', 's3://noaa-nexrad-level2/2025/03/20/KBOX/KBOX20250320_221023_V06', 's3://noaa-nexrad-level2/2025/03/20/KCXX/KCXX20250320_221144_V06', 's3://noaa-nexrad-level2/2025/03/20/KOKX/KOKX20250320_221128_V06', 's3://noaa-nexrad-level2/2025/03/20/KENX/KENX20250320_221245_V06']"
95339,F,CRJ9,ROC UA /OV ROC040008/TM 2215/FL025/TP CRJ9/SK OVC030/TB LGT-MOD DURD,LGT-MOD DURD,202503202200-KMSC-UBUS01-PIREP,2500.0,43.21884753237079,-77.55928042399748,2025-03-20 22:15:00,2.0,U,"('KBUF', 'KBGM', 'KTYX', 'KCCX', 'KENX')","['s3://noaa-nexrad-level2/2025/03/20/KBUF/KBUF20250320_221323_V06', 's3://noaa-nexrad-level2/2025/03/20/KBGM/KBGM20250320_221250_V06', 's3://noaa-nexrad-level2/2025/03/20/KTYX/KTYX20250320_221118_V06', 's3://noaa-nexrad-level2/2025/03/20/KCCX/KCCX20250320_221256_V06', 's3://noaa-nexrad-level2/2025/03/20/KENX/KENX20250320_221245_V06']"
95340,F,PC12,AKW UA /OV AKW/TM 2215/FL060/TP PC12/TB OCNL MOD 060/IC NEG/RM DURC /ZAN,OCNL MOD 060,202503202200-KMSC-UBUS01-PIREP,6000.0,55.57,-133.07,2025-03-20 22:15:00,3.0,L,"('PACG', 'KLGX', 'KATX', 'PAIH', 'PAIH')","['s3://noaa-nexrad-level2/2025/03/20/PACG/PACG20250320_221141_V06', 's3://noaa-nexrad-level2/2025/03/20/KLGX/KLGX20250320_221003_V06', 's3://noaa-nexrad-level2/2025/03/20/KATX/KATX20250320_221139_V06', 's3://noaa-nexrad-level2/2025/03/20/PAIH/PAIH20250320_221054_V06', 's3://noaa-nexrad-level2/2025/03/20/PAIH/PAIH20250320_221054_V06']"
95341,F,E75S,ALB UA /OV CAM/TM 2216/FL340/TP E75S/TB NEG 340,NEG 340,202503202200-KMSC-UBUS01-PIREP,34000.0,42.99,-73.34,2025-03-20 22:16:00,0.0,U,"('KENX', 'KCXX', 'KOKX', 'KBOX', 'KTYX')","['s3://noaa-nexrad-level2/2025/03/20/KENX/KENX20250320_221245_V06', 's3://noaa-nexrad-level2/2025/03/20/KCXX/KCXX20250320_221144_V06', 's3://noaa-nexrad-level2/2025/03/20/KOKX/KOKX20250320_221128_V06', 's3://noaa-nexrad-level2/2025/03/20/KBOX/KBOX20250320_221023_V06', 's3://noaa-nexrad-level2/2025/03/20/KTYX/KTYX20250320_221118_V06']"
95342,T,CL60,ASE UUA /OV ASE/TM 2216/FL005/TP CL60/WV 21009G17/TB MOD/RM LLWS +/- 7KT,MOD,202503202200-KMSC-UBUS01-PIREP,500.0,39.22317,-106.86886,2025-03-20 22:16:00,3.0,M,"('KGJX', 'KFTG', 'KPUX', 'KCYS', 'KABX')","['s3://noaa-nexrad-level2/2025/03/20/KGJX/KGJX20250320_221256_V06', 's3://noaa-nexrad-level2/2025/03/20/KFTG/KFTG20250320_220755_V06', 's3://noaa-nexrad-level2/2025/03/20/KPUX/KPUX20250320_221202_V06', 's3://noaa-nexrad-level2/2025/03/20/KCYS/KCYS20250320_220628_V06', 's3://noaa-nexrad-level2/2025/03/20/KABX/KABX20250320_221545_V06']"
95343,T,PC12,JAN UUA /OV MHZ090005/TM 2216/FL210/TP PC12/TB CONS MOD-SEV/RM NO DAMAGE/NO INJURIES. ZME,CONS MOD-SEV,202503202200-KMSC-UBUS01-PIREP,21000.0,32.43,-90.0012613533309,2025-03-20 22:16:00,4.0,L,"('KDGX', 'KHDC', 'KLIX', 'KGWX', 'KMOB')","['s3://noaa-nexrad-level2/2025/03/20/KDGX/KDGX20250320_215447_V06', 's3://noaa-nexrad-level2/2025/03/20/KHDC/KHDC20250320_220830_V06', 's3://noaa-nexrad-level2/2025/03/20/KGWX/KGWX20250320_221021_V06', 's3://noaa-nexrad-level2/2025/03/20/KMOB/KMOB20250320_221311_V06']"
95344,F,E170,NHK UA /OV NHK210015/TM 2216/FL310/TP E170/TB MOD/RM DURD 310-280,MOD,202503202200-KMSC-UBUS01-PIREP,31000.0,38.06945611202193,-76.57104317366473,2025-03-20 22:16:00,3.0,U,"('KAKQ', 'KLWX', 'KDOX', 'KDIX', 'KRAX')","['s3://noaa-nexrad-level2/2025/03/20/KAKQ/KAKQ20250320_221334_V06', 's3://noaa-nexrad-level2/2025/03/20/KLWX/KLWX20250320_221313_V06', 's3://noaa-nexrad-level2/2025/03/20/KDOX/KDOX20250320_221346_V06', 's3://noaa-nexrad-level2/2025/03/20/KDIX/KDIX20250320_221349_V06', 's3://noaa-nexrad-level2/2025/03/20/KRAX/KRAX20250320_221210_V06']"
95345,F,C25B,DEN UA /OV DEN295095/TM 2217/FL430/TP C25B/TB CONS LGT/RM MOD MTW +/-25KT. ZDVWC-,CONS LGT,202503202200-KMSC-UBUS01-PIREP,43000.0,40.50199978193571,-106.52632650976824,2025-03-20 22:17:00,1.0,U,"('KCYS', 'KFTG', 'KGJX', 'KPUX', 'KRIW')","['s3://noaa-nexrad-level2/2025/03/20/KCYS/KCYS20250320_221611_V06', 's3://noaa-nexrad-level2/2025/03/20/KFTG/KFTG20250320_221635_V06', 's3://noaa-nexrad-level2/2025/03/20/KGJX/KGJX20250320_221256_V06', 's3://noaa-nexrad-level2/2025/03/20/KPUX/KPUX20250320_221202_V06', 's3://noaa-nexrad-level2/2025/03/20/KRIW/KRIW20250320_221031_V06']"
95346,F,C25B,DEN UA /OV DEN295095/TM 2217/FL430/TP C25B/TB CONS LGT/RM MOD MTW +/-25KT. ZDVWC,CONS LGT,202503202225-KWBC-UBUS31-PRCUS,43000.0,40.50199978193571,-106.52632650976824,2025-03-20 22:17:00,1.0,U,"('KCYS', 'KFTG', 'KGJX', 'KPUX', 'KRIW')","['s3://noaa-nexrad-level2/2025/03/20/KCYS/KCYS20250320_221611_V06', 's3://noaa-nexrad-level2/2025/03/20/KFTG/KFTG20250320_221635_V06', 's3://noaa-nexrad-level2/2025/03/20/KGJX/KGJX20250320_221256_V06', 's3://noaa-nexrad-level2/2025/03/20/KPUX/KPUX20250320_221202_V06', 's3://noaa-nexrad-level2/2025/03/20/KRIW/KRIW20250320_221031_V06']"
95347,F,SR22,PRC UA /OV E51 /TM 2218 /FL085 /TP SR22 /TB OCNL LGT CHOP,OCNL LGT CHOP,202503202200-KMSC-UBUS01-PIREP,8500.0,34.59,-113.17,2025-03-20 22:18:00,1.0,L,"('KFSX', 'KFSX', 'KIWA', 'KESX', 'KYUX')","['s3://noaa-nexrad-level2/2025/03/20/KFSX/KFSX20250320_221739_V06', 's3://noaa-nexrad-level2/2025/03/20/KFSX/KFSX20250320_221739_V06', 's3://noaa-nexrad-level2/2025/03/20/KIWA/KIWA20250320_221627_V06', 's3://noaa-nexrad-level2/2025/03/20/KESX/KESX20250320_221652_V06', 's3://noaa-nexrad-level2/2025/03/20/KYUX/KYUX20250320_221240_V06']"
95348,F,CRJ7,MBS UA /OV MBS/TM 2218/FL230/TP CRJ7/TB LGT MOD 200-230/RM DURD ZOB,LGT MOD 200-230,202503202200-KMSC-UBUS01-PIREP,23000.0,43.53,-84.08,2025-03-20 22:18:00,2.0,M,"('KDTX', 'KAPX', 'KGRR', 'KIWX', 'KCLE')","['s3://noaa-nexrad-level2/2025/03/20/KDTX/KDTX20250320_221411_V06', 's3://noaa-nexrad-level2/2025/03/20/KAPX/KAPX20250320_221727_V06', 's3://noaa-nexrad-level2/2025/03/20/KGRR/KGRR20250320_220959_V06', 's3://noaa-nexrad-level2/2025/03/20/KIWX/KIWX20250320_221328_V06', 's3://noaa-nexrad-level2/2025/03/20/KCLE/KCLE20250320_221511_V06']"
95349,F,C208,MYU UA /OV MYU/TM 2218/FL015/TP C208/SK OVC015/WX FV9SM/TB NEG/IC NEG/RM DURC /ZAN,NEG,202503202200-KMSC-UBUS01-PIREP,1500.0,60.37,-166.27,2025-03-20 22:18:00,0.0,L,"('PAEC', 'PABC', 'PAKC', 'PAHG', 'PAPD')","['s3://noaa-nexrad-level2/2025/03/20/PAEC/PAEC20250320_221440_V06', 's3://noaa-nexrad-level2/2025/03/20/PAKC/PAKC20250320_221146_V06', 's3://noaa-nexrad-level2/2025/03/20/PAHG/PAHG20250320_221553_V06', 's3://noaa-nexrad-level2/2025/03/20/PAPD/PAPD20250320_221315_V06']"
95350,F,C560,CPR UA /OV DDY030040/TM 2219/FL290/TP C560/TB MOD CHOP 255-290/RM DURC. ZDVWC-32,MOD CHOP 255-290,202503202200-KMSC-UBUS01-PIREP,29000.0,43.6673970346082,-105.82351804808953,2025-03-20 22:19:00,3.0,M,"('KCYS', 'KRIW', 'KUDX', 'KBLX', 'KFTG')","['s3://noaa-nexrad-level2/2025/03/20/KCYS/KCYS20250320_221611_V06', 's3://noaa-nexrad-level2/2025/03/20/KRIW/KRIW20250320_221031_V06', 's3://noaa-nexrad-level2/2025/03/20/KUDX/KUDX20250320_221745_V06', 's3://noaa-nexrad-level2/2025/03/20/KBLX/KBLX20250320_221437_V06', 's3://noaa-nexrad-level2/2025/03/20/KFTG/KFTG20250320_221635_V06']"
95351,F,E55P,CHA UA /OV CHA/TM 2219/FL030/TP E55P/TA M12/TB LGT CHOP/IC LGT MIX 75-40/RM DURD FROM SW CHA,LGT CHOP,202503202200-KMSC-UBUS01-PIREP,3000.0,35.03528,-85.20381,2025-03-20 22:19:00,1.0,U,"('KHTX', 'KFFC', 'KOHX', 'KMRX', 'KBMX')","['s3://noaa-nexrad-level2/2025/03/20/KHTX/KHTX20250320_221425_V06', 's3://noaa-nexrad-level2/2025/03/20/KFFC/KFFC20250320_221812_V06', 's3://noaa-nexrad-level2/2025/03/20/KOHX/KOHX20250320_221516_V06', 's3://noaa-nexrad-level2/2025/03/20/KMRX/KMRX20250320_221848_V06', 's3://noaa-nexrad-level2/2025/03/20/KBMX/KBMX20250320_221358_V06']"
95352,F,BCS3,FIT UA /OV GDM295030/TM 2219/FL290/TP BCS3/TB LGT/RM DURD JFUND ARRIVAL,LGT,202503202200-KMSC-UBUS01-PIREP,29000.0,42.75132624692706,-72.62507493522202,2025-03-20 22:19:00,1.0,U,"('KENX', 'KBOX', 'KCXX', 'KOKX', 'KGYX')","['s3://noaa-nexrad-level2/2025/03/20/KENX/KENX20250320_221707_V06', 's3://noaa-nexrad-level2/2025/03/20/KBOX/KBOX20250320_221714_V06', 's3://noaa-nexrad-level2/2025/03/20/KCXX/KCXX20250320_221824_V06', 's3://noaa-nexrad-level2/2025/03/20/KOKX/KOKX20250320_221128_V06', 's3://noaa-nexrad-level2/2025/03/20/KGYX/KGYX20250320_221850_V06']"
95353,F,GLF6,DEN UA /OV DVV/TM 2220/FL430/TP GLF6/TB CONS MOD CAT/RM ZDVWC-05,CONS MOD CAT,202503202200-KMSC-UBUS01-PIREP,43000.0,39.89,-104.62,2025-03-20 22:20:00,3.0,U,"('KFTG', 'KCYS', 'KPUX', 'KGLD', 'KGJX')","['s3://noaa-nexrad-level2/2025/03/20/KFTG/KFTG20250320_221635_V06', 's3://noaa-nexrad-level2/2025/03/20/KCYS/KCYS20250320_221611_V06', 's3://noaa-nexrad-level2/2025/03/20/KPUX/KPUX20250320_221908_V06', 's3://noaa-nexrad-level2/2025/03/20/KGLD/KGLD20250320_221053_V06', 's3://noaa-nexrad-level2/2025/03/20/KGJX/KGJX20250320_221831_V06']"
95354,F,B739,ATL UA /OV ODF289035/TM 2220/FL260/TP B739/TB OCNL LGT CHOP/RM DURC ZTLFD39,OCNL LGT CHOP,202503202200-KMSC-UBUS01-PIREP,26000.0,34.88993013987736,-83.97092522806436,2025-03-20 22:20:00,1.0,M,"('KMRX', 'KFFC', 'KGSP', 'KHTX', 'KJGX')","['s3://noaa-nexrad-level2/2025/03/20/KMRX/KMRX20250320_221848_V06', 's3://noaa-nexrad-level2/2025/03/20/KFFC/KFFC20250320_221812_V06', 's3://noaa-nexrad-level2/2025/03/20/KGSP/KGSP20250320_221617_V06', 's3://noaa-nexrad-level2/2025/03/20/KHTX/KHTX20250320_221425_V06', 's3://noaa-nexrad-level2/2025/03/20/KJGX/KJGX20250320_221519_V06']"
95355,F,PC12,ATL UA /OV ATL360050/TM 2220/FL200/TP PC12/TB NEG/IC NEG/RM ZTLFD41,NEG,202503202200-KMSC-UBUS01-PIREP,20000.0,34.46350083340083,-84.4418,2025-03-20 22:20:00,0.0,L,"('KFFC', 'KHTX', 'KMRX', 'KJGX', 'KGSP')","['s3://noaa-nexrad-level2/2025/03/20/KFFC/KFFC20250320_221812_V06', 's3://noaa-nexrad-level2/2025/03/20/KHTX/KHTX20250320_221425_V06', 's3://noaa-nexrad-level2/2025/03/20/KMRX/KMRX20250320_221848_V06', 's3://noaa-nexrad-level2/2025/03/20/KJGX/KJGX20250320_221519_V06', 's3://noaa-nexrad-level2/2025/03/20/KGSP/KGSP20250320_221617_V06']"
95356,T,TBM7,BWI UUA /OV BAL110033/TM 2220/FL130/TP TBM7/SK IMC/TB MOD TO SEV/RM MOD TO SEV 146-120. SMOOTH EAST OF WX,MOD TO SEV,202503202200-KMSC-UBUS01-PIREP,13000.0,38.98187368415826,-75.99330418674961,2025-03-20 22:20:00,4.0,L,"('KDOX', 'KLWX', 'KDIX', 'KAKQ', 'KCCX')","['s3://noaa-nexrad-level2/2025/03/20/KDOX/KDOX20250320_221346_V06', 's3://noaa-nexrad-level2/2025/03/20/KLWX/KLWX20250320_221313_V06', 's3://noaa-nexrad-level2/2025/03/20/KDIX/KDIX20250320_221827_V06', 's3://noaa-nexrad-level2/2025/03/20/KAKQ/KAKQ20250320_221945_V06', 's3://noaa-nexrad-level2/2025/03/20/KCCX/KCCX20250320_221733_V06']"
95357,F,SR22,CSV UA /OV HCH/TM 2220/FL100/TP SR22/TB NEG/IC NEG/RM ZTLFD41,NEG,202503202200-KMSC-UBUS01-PIREP,10000.0,35.78,-84.98,2025-03-20 22:20:00,0.0,L,"('KHTX', 'KMRX', 'KOHX', 'KLVX', 'KFFC')","['s3://noaa-nexrad-level2/2025/03/20/KHTX/KHTX20250320_221425_V06', 's3://noaa-nexrad-level2/2025/03/20/KMRX/KMRX20250320_221848_V06', 's3://noaa-nexrad-level2/2025/03/20/KOHX/KOHX20250320_221516_V06', 's3://noaa-nexrad-level2/2025/03/20/KLVX/KLVX20250320_221446_V06', 's3://noaa-nexrad-level2/2025/03/20/KFFC/KFFC20250320_221812_V06']"
95358,F,E175,ATL UA /OV LDK/TM 2220/FL240/TP E175/TB CONS LGT CHOP/RM ZTLFD03,CONS LGT CHOP,202503202200-KMSC-UBUS01-PIREP,24000.0,33.26,-87.54,2025-03-20 22:20:00,1.0,U,"('KBMX', 'KGWX', 'KMXX', 'KHTX', 'KDGX')","['s3://noaa-nexrad-level2/2025/03/20/KBMX/KBMX20250320_221358_V06', 's3://noaa-nexrad-level2/2025/03/20/KGWX/KGWX20250320_221816_V06', 's3://noaa-nexrad-level2/2025/03/20/KMXX/KMXX20250320_221802_V06', 's3://noaa-nexrad-level2/2025/03/20/KHTX/KHTX20250320_221425_V06', 's3://noaa-nexrad-level2/2025/03/20/KDGX/KDGX20250320_215447_V06']"
95359,F,P28A,MCW UA /OV MCW/TM 2221/FL055/TP P28A/TB NEG,NEG,202503202200-KMSC-UBUS01-PIREP,5500.0,43.154383,-93.326097,2025-03-20 22:21:00,0.0,L,"('KDMX', 'KMPX', 'KARX', 'KDVN', 'KFSD')","['s3://noaa-nexrad-level2/2025/03/20/KDMX/KDMX20250320_221546_V06', 's3://noaa-nexrad-level2/2025/03/20/KMPX/KMPX20250320_221603_V06', 's3://noaa-nexrad-level2/2025/03/20/KARX/KARX20250320_221641_V06', 's3://noaa-nexrad-level2/2025/03/20/KDVN/KDVN20250320_221433_V06', 's3://noaa-nexrad-level2/2025/03/20/KFSD/KFSD20250320_221550_V06']"
95360,F,RV7,OFK UA /OV OFK/TM 2221/FL095/TP RV7/TB NEG,NEG,202503202200-KMSC-UBUS01-PIREP,9500.0,41.98546,-97.43511,2025-03-20 22:21:00,0.0,L,"('KOAX', 'KFSD', 'KUEX', 'KLNX', 'KTWX')","['s3://noaa-nexrad-level2/2025/03/20/KOAX/KOAX20250320_221553_V06', 's3://noaa-nexrad-level2/2025/03/20/KFSD/KFSD20250320_221550_V06', 's3://noaa-nexrad-level2/2025/03/20/KUEX/KUEX20250320_221821_V06', 's3://noaa-nexrad-level2/2025/03/20/KLNX/KLNX20250320_221724_V06', 's3://noaa-nexrad-level2/2025/03/20/KTWX/KTWX20250320_221611_V06']"
95361,F,C68A,GNV UA /OV GNV245002/TM 2222/FL250/TP C68A/SK SKC/TB NEG,NEG,202503202200-KMSC-UBUS01-PIREP,25000.0,29.6776115835382,-82.31079908665127,2025-03-20 22:22:00,0.0,U,"('KJAX', 'KVAX', 'KTBW', 'KTLH', 'KMLB')","['s3://noaa-nexrad-level2/2025/03/20/KJAX/KJAX20250320_221523_V06', 's3://noaa-nexrad-level2/2025/03/20/KVAX/KVAX20250320_221727_V06', 's3://noaa-nexrad-level2/2025/03/20/KTBW/KTBW20250320_222006_V06', 's3://noaa-nexrad-level2/2025/03/20/KTLH/KTLH20250320_221755_V06', 's3://noaa-nexrad-level2/2025/03/20/KMLB/KMLB20250320_222110_V06']"
95362,F,E75L,TTF UA /OV CRL245030/TM 2222/FL220/TP E75L/TB CONS LGT CHOP/RM ZOB,CONS LGT CHOP,202503202200-KMSC-UBUS01-PIREP,22000.0,41.83867375307293,-84.0703078850025,2025-03-20 22:22:00,1.0,U,"('KDTX', 'KIWX', 'KGRR', 'KCLE', 'KILN')","['s3://noaa-nexrad-level2/2025/03/20/KDTX/KDTX20250320_222115_V06', 's3://noaa-nexrad-level2/2025/03/20/KIWX/KIWX20250320_222158_V06', 's3://noaa-nexrad-level2/2025/03/20/KGRR/KGRR20250320_221812_V06', 's3://noaa-nexrad-level2/2025/03/20/KCLE/KCLE20250320_222035_V06', 's3://noaa-nexrad-level2/2025/03/20/KILN/KILN20250320_222101_V06']"
95363,F,A321,BWI UA /OV BAL/TM 2223/FL330/TP A321/TB MOD,MOD,202503202200-KMSC-UBUS01-PIREP,33000.0,39.17,-76.66,2025-03-20 22:23:00,3.0,M,"('KLWX', 'KDOX', 'KCCX', 'KAKQ', 'KDIX')","['s3://noaa-nexrad-level2/2025/03/20/KLWX/KLWX20250320_222002_V06', 's3://noaa-nexrad-level2/2025/03/20/KDOX/KDOX20250320_222023_V06', 's3://noaa-nexrad-level2/2025/03/20/KCCX/KCCX20250320_222211_V06', 's3://noaa-nexrad-level2/2025/03/20/KAKQ/KAKQ20250320_221945_V06', 's3://noaa-nexrad-level2/2025/03/20/KDIX/KDIX20250320_222258_V06']"
95364,F,B739,DBQ UA /OV DBQ/TM 2223/FL340/TP B739/TB NEG,NEG,202503202200-KMSC-UBUS01-PIREP,34000.0,42.39835,-90.709143,2025-03-20 22:23:00,0.0,M,"('KDVN', 'KARX', 'KMKX', 'KILX', 'KLOT')","['s3://noaa-nexrad-level2/2025/03/20/KDVN/KDVN20250320_221433_V06', 's3://noaa-nexrad-level2/2025/03/20/KARX/KARX20250320_221641_V06', 's3://noaa-nexrad-level2/2025/03/20/KMKX/KMKX20250320_222040_V06', 's3://noaa-nexrad-level2/2025/03/20/KILX/KILX20250320_221951_V06', 's3://noaa-nexrad-level2/2025/03/20/KLOT/KLOT20250320_222026_V06']"
95365,F,E170,OZW UA /OV SVM270015/TM 2223/FL180/TP E170/TB MOD CHOP 170/RM CHOP ABATES ABV 190 ZOB,MOD CHOP 170,202503202200-KMSC-UBUS01-PIREP,18000.0,42.41,-83.92862590229377,2025-03-20 22:23:00,3.0,U,"('KDTX', 'KGRR', 'KIWX', 'KCLE', 'KAPX')","['s3://noaa-nexrad-level2/2025/03/20/KDTX/KDTX20250320_222115_V06', 's3://noaa-nexrad-level2/2025/03/20/KGRR/KGRR20250320_221812_V06', 's3://noaa-nexrad-level2/2025/03/20/KIWX/KIWX20250320_222158_V06', 's3://noaa-nexrad-level2/2025/03/20/KCLE/KCLE20250320_222035_V06', 's3://noaa-nexrad-level2/2025/03/20/KAPX/KAPX20250320_221727_V06']"
95366,F,BE20,LSF UA /OV EUF/TM 2225/FL270/TP BE20/TB NEG/RM ZTLFD10,NEG,202503202200-KMSC-UBUS01-PIREP,27000.0,31.9513,-85.1289,2025-03-20 22:25:00,0.0,M,"('KEOX', 'KMXX', 'KFFC', 'KEVX', 'KTLH')","['s3://noaa-nexrad-level2/2025/03/20/KEOX/KEOX20250320_143812_V06', 's3://noaa-nexrad-level2/2025/03/20/KMXX/KMXX20250320_222459_V06', 's3://noaa-nexrad-level2/2025/03/20/KFFC/KFFC20250320_221812_V06', 's3://noaa-nexrad-level2/2025/03/20/KEVX/KEVX20250320_222405_V06', 's3://noaa-nexrad-level2/2025/03/20/KTLH/KTLH20250320_222437_V06']"
95367,F,SB20,CDB UA /OV CDB/TM 2225/FL030/TP SB20/SK OVC030-TOP040/TB NEG/IC NEG/RM DURC /ZAN,NEG,202503202200-KMSC-UBUS01-PIREP,3000.0,55.2,-162.72,2025-03-20 22:25:00,0.0,M,"('PABC', 'PAKC', 'PAEC', 'PAHG', 'PAIH')","['s3://noaa-nexrad-level2/2025/03/20/PAKC/PAKC20250320_221849_V06', 's3://noaa-nexrad-level2/2025/03/20/PAEC/PAEC20250320_222125_V06', 's3://noaa-nexrad-level2/2025/03/20/PAHG/PAHG20250320_222029_V06', 's3://noaa-nexrad-level2/2025/03/20/PAIH/PAIH20250320_222446_V06']"
95368,F,CL30,AKO UA /OV AKO/TM 2226/FL410/TP CL30/TB LGT/RM ZDVWC-67,LGT,202503202200-KMSC-UBUS01-PIREP,41000.0,40.17563,-103.22203,2025-03-20 22:26:00,1.0,U,"('KFTG', 'KGLD', 'KCYS', 'KPUX', 'KLNX')","['s3://noaa-nexrad-level2/2025/03/20/KFTG/KFTG20250320_222518_V06', 's3://noaa-nexrad-level2/2025/03/20/KGLD/KGLD20250320_222030_V06', 's3://noaa-nexrad-level2/2025/03/20/KCYS/KCYS20250320_222554_V06', 's3://noaa-nexrad-level2/2025/03/20/KPUX/KPUX20250320_221908_V06', 's3://noaa-nexrad-level2/2025/03/20/KLNX/KLNX20250320_222409_V06']"
95369,F,E75L,CPR UA /OV DDY/TM 2226/FL340/TP E75L/TB CONS LGT CHOP/RM ZDVWC-32,CONS LGT CHOP,202503202200-KMSC-UBUS01-PIREP,34000.0,43.09,-106.28,2025-03-20 22:26:00,1.0,U,"('KRIW', 'KCYS', 'KUDX', 'KBLX', 'KFTG')","['s3://noaa-nexrad-level2/2025/03/20/KRIW/KRIW20250320_221913_V06', 's3://noaa-nexrad-level2/2025/03/20/KCYS/KCYS20250320_222554_V06', 's3://noaa-nexrad-level2/2025/03/20/KUDX/KUDX20250320_222430_V06', 's3://noaa-nexrad-level2/2025/03/20/KBLX/KBLX20250320_222356_V06', 's3://noaa-nexrad-level2/2025/03/20/KFTG/KFTG20250320_222518_V06']"
95370,F,CRJ7,CRW UA /OV HVQ/TM 2226/FL085/TP CRJ7/SK TOP100 SKC /TA M03/TB NEG /IC LGT RIME 070-095,NEG,202503202200-KMSC-UBUS01-PIREP,8500.0,38.35,-81.77,2025-03-20 22:26:00,0.0,M,"('KRLX', 'KJKL', 'KFCX', 'KILN', 'KPBZ')","['s3://noaa-nexrad-level2/2025/03/20/KRLX/KRLX20250320_222323_V06', 's3://noaa-nexrad-level2/2025/03/20/KJKL/KJKL20250320_222317_V06', 's3://noaa-nexrad-level2/2025/03/20/KFCX/KFCX20250320_222140_V06', 's3://noaa-nexrad-level2/2025/03/20/KILN/KILN20250320_222101_V06', 's3://noaa-nexrad-level2/2025/03/20/KPBZ/KPBZ20250320_222347_V06']"
95371,F,A321,DEN UA /OV DVV285050/TM 2227/FL340/TP A321/TB MOD CAT/RM ZDVWC-05,MOD CAT,202503202200-KMSC-UBUS01-PIREP,34000.0,40.10570000788845,-105.66916906122528,2025-03-20 22:27:00,3.0,M,"('KFTG', 'KCYS', 'KPUX', 'KGJX', 'KGLD')","['s3://noaa-nexrad-level2/2025/03/20/KFTG/KFTG20250320_222518_V06', 's3://noaa-nexrad-level2/2025/03/20/KCYS/KCYS20250320_222554_V06', 's3://noaa-nexrad-level2/2025/03/20/KPUX/KPUX20250320_222613_V06', 's3://noaa-nexrad-level2/2025/03/20/KGJX/KGJX20250320_222357_V06', 's3://noaa-nexrad-level2/2025/03/20/KGLD/KGLD20250320_222030_V06']"
95372,F,B739,UES UA /OV BAE360005/TM 2228/FL330/TP B739/TB CONS LGT,CONS LGT,202503202200-KMSC-UBUS01-PIREP,33000.0,43.20334008334008,-88.28,2025-03-20 22:28:00,1.0,M,"('KMKX', 'KGRB', 'KLOT', 'KGRR', 'KDVN')","['s3://noaa-nexrad-level2/2025/03/20/KMKX/KMKX20250320_222725_V06', 's3://noaa-nexrad-level2/2025/03/20/KGRB/KGRB20250320_222255_V06', 's3://noaa-nexrad-level2/2025/03/20/KLOT/KLOT20250320_222712_V06', 's3://noaa-nexrad-level2/2025/03/20/KGRR/KGRR20250320_222624_V06', 's3://noaa-nexrad-level2/2025/03/20/KDVN/KDVN20250320_222414_V06']"
95373,F,A388,HNL UA /OV SOK267079/TM 2228/FL360/TP A388/TB LGT BTN FL360-FL380,LGT BTN FL360-FL380,202503202200-KMSC-UBUS01-PIREP,36000.0,21.83108540931148,-160.94724223340148,2025-03-20 22:28:00,1.0,U,"('PHKI', 'PHMO', 'PHKM', 'PHWA', 'PAKC')","['s3://noaa-nexrad-level2/2025/03/20/PHKI/PHKI20250320_222442_V06', 's3://noaa-nexrad-level2/2025/03/20/PHMO/PHMO20250320_222539_V06', 's3://noaa-nexrad-level2/2025/03/20/PHKM/PHKM20250320_222400_V06', 's3://noaa-nexrad-level2/2025/03/20/PHWA/PHWA20250320_222337_V06', 's3://noaa-nexrad-level2/2025/03/20/PAKC/PAKC20250320_222553_V06']"
95374,F,A321,CHA UA /OV GQO045035/TM 2228/FL320/TP A321/TB LGT OCNL CHOP 320/RM ZTLFD37,LGT OCNL CHOP 320,202503202200-KMSC-UBUS01-PIREP,32000.0,35.37251236652097,-84.6466613133344,2025-03-20 22:28:00,1.0,M,"('KMRX', 'KHTX', 'KFFC', 'KOHX', 'KGSP')","['s3://noaa-nexrad-level2/2025/03/20/KMRX/KMRX20250320_222327_V06', 's3://noaa-nexrad-level2/2025/03/20/KHTX/KHTX20250320_222128_V06', 's3://noaa-nexrad-level2/2025/03/20/KFFC/KFFC20250320_222513_V06', 's3://noaa-nexrad-level2/2025/03/20/KOHX/KOHX20250320_222355_V06', 's3://noaa-nexrad-level2/2025/03/20/KGSP/KGSP20250320_222459_V06']"
95375,F,C56X,SXK UA /OV SXK/TM 2229/FL070/TP C56X/SK SKC/TB NEG/IC NEG,NEG,202503202200-KMSC-UBUS01-PIREP,7000.0,42.9858275,-96.1614003,2025-03-20 22:29:00,0.0,M,"('KFSD', 'KOAX', 'KDMX', 'KMPX', 'KABR')","['s3://noaa-nexrad-level2/2025/03/20/KFSD/KFSD20250320_222240_V06', 's3://noaa-nexrad-level2/2025/03/20/KOAX/KOAX20250320_222251_V06', 's3://noaa-nexrad-level2/2025/03/20/KDMX/KDMX20250320_222232_V06', 's3://noaa-nexrad-level2/2025/03/20/KMPX/KMPX20250320_222254_V06', 's3://noaa-nexrad-level2/2025/03/20/KABR/KABR20250320_222847_V06']"
95376,F,PA28,LYH UA /OV LYH122025/TM 2229/FL110/TP PA28/TB SEV,SEV,202503202200-KMSC-UBUS01-PIREP,11000.0,37.099982421776446,-78.76233600427877,2025-03-20 22:29:00,5.0,L,"('KRAX', 'KFCX', 'KAKQ', 'KLWX', 'KMHX')","['s3://noaa-nexrad-level2/2025/03/20/KRAX/KRAX20250320_222438_V06', 's3://noaa-nexrad-level2/2025/03/20/KFCX/KFCX20250320_222613_V06', 's3://noaa-nexrad-level2/2025/03/20/KAKQ/KAKQ20250320_222556_V06', 's3://noaa-nexrad-level2/2025/03/20/KLWX/KLWX20250320_222639_V06', 's3://noaa-nexrad-level2/2025/03/20/KMHX/KMHX20250320_222636_V06']"
95377,T,TBM8,DOV UUA /OV ENO270010/TM 2230/FL140/TP TBM8/TB SEV CAT/RM 130-140,SEV CAT,202503202200-KMSC-UBUS01-PIREP,14000.0,39.23,-75.73517850754376,2025-03-20 22:30:00,5.0,U,"('KDOX', 'KDIX', 'KLWX', 'KAKQ', 'KCCX')","['s3://noaa-nexrad-level2/2025/03/20/KDOX/KDOX20250320_222700_V06', 's3://noaa-nexrad-level2/2025/03/20/KDIX/KDIX20250320_222730_V06', 's3://noaa-nexrad-level2/2025/03/20/KLWX/KLWX20250320_222639_V06', 's3://noaa-nexrad-level2/2025/03/20/KAKQ/KAKQ20250320_222556_V06', 's3://noaa-nexrad-level2/2025/03/20/KCCX/KCCX20250320_222650_V06']"
95378,F,B738,LYH UA /OV GVE/TM 2230/FL360/TP B738/TB CONS LGT/RM MOUNTAIN WAVE +/- 10 KTS,CONS LGT,202503202200-KMSC-UBUS01-PIREP,36000.0,38.156,-78.1658,2025-03-20 22:30:00,1.0,M,"('KLWX', 'KAKQ', 'KFCX', 'KRAX', 'KCCX')","['s3://noaa-nexrad-level2/2025/03/20/KLWX/KLWX20250320_222639_V06', 's3://noaa-nexrad-level2/2025/03/20/KAKQ/KAKQ20250320_222556_V06', 's3://noaa-nexrad-level2/2025/03/20/KFCX/KFCX20250320_222613_V06', 's3://noaa-nexrad-level2/2025/03/20/KRAX/KRAX20250320_222438_V06', 's3://noaa-nexrad-level2/2025/03/20/KCCX/KCCX20250320_222650_V06']"
95379,F,E55P,ORF UA /OV CCV300010/TM 2230/FL430/TP E55P/TB LGT OCNL MOD,LGT OCNL MOD,202503202200-KMSC-UBUS01-PIREP,43000.0,37.43334008334008,-76.18158410464447,2025-03-20 22:30:00,2.0,U,"('KAKQ', 'KDOX', 'KLWX', 'KMHX', 'KRAX')","['s3://noaa-nexrad-level2/2025/03/20/KAKQ/KAKQ20250320_222556_V06', 's3://noaa-nexrad-level2/2025/03/20/KDOX/KDOX20250320_222700_V06', 's3://noaa-nexrad-level2/2025/03/20/KLWX/KLWX20250320_222639_V06', 's3://noaa-nexrad-level2/2025/03/20/KMHX/KMHX20250320_222636_V06', 's3://noaa-nexrad-level2/2025/03/20/KRAX/KRAX20250320_222438_V06']"
95380,F,GLF5,ORF UA /OV CCV300010/TM 2232/FL430/TP GLF5/TB LGT OCNL MOD,LGT OCNL MOD,202503202200-KMSC-UBUS01-PIREP,43000.0,37.43334008334008,-76.18158410464447,2025-03-20 22:32:00,2.0,M,"('KAKQ', 'KDOX', 'KLWX', 'KMHX', 'KRAX')","['s3://noaa-nexrad-level2/2025/03/20/KAKQ/KAKQ20250320_222556_V06', 's3://noaa-nexrad-level2/2025/03/20/KDOX/KDOX20250320_222700_V06', 's3://noaa-nexrad-level2/2025/03/20/KLWX/KLWX20250320_222639_V06', 's3://noaa-nexrad-level2/2025/03/20/KMHX/KMHX20250320_223113_V06', 's3://noaa-nexrad-level2/2025/03/20/KRAX/KRAX20250320_223051_V06']"
95381,F,E295,RWL UA /OV CKW/TM 2233/FL370/TP E295/TB NEG/RM ZDVWC-,NEG,202503202200-KMSC-UBUS01-PIREP,37000.0,41.76,-107.58,2025-03-20 22:33:00,0.0,U,"('KRIW', 'KGJX', 'KCYS', 'KFTG', 'KBLX')","['s3://noaa-nexrad-level2/2025/03/20/KRIW/KRIW20250320_222754_V06', 's3://noaa-nexrad-level2/2025/03/20/KGJX/KGJX20250320_222933_V06', 's3://noaa-nexrad-level2/2025/03/20/KCYS/KCYS20250320_222554_V06', 's3://noaa-nexrad-level2/2025/03/20/KFTG/KFTG20250320_222518_V06', 's3://noaa-nexrad-level2/2025/03/20/KBLX/KBLX20250320_222851_V06']"
95382,F,E295,RWL UA /OV CKW/TM 2233/FL370/TP E295/TB NEG/RM ZDVWC,NEG,202503202240-KWBC-UBWY90-PIREP,37000.0,41.76,-107.58,2025-03-20 22:33:00,0.0,U,"('KRIW', 'KGJX', 'KCYS', 'KFTG', 'KBLX')","['s3://noaa-nexrad-level2/2025/03/20/KRIW/KRIW20250320_222754_V06', 's3://noaa-nexrad-level2/2025/03/20/KGJX/KGJX20250320_222933_V06', 's3://noaa-nexrad-level2/2025/03/20/KCYS/KCYS20250320_222554_V06', 's3://noaa-nexrad-level2/2025/03/20/KFTG/KFTG20250320_222518_V06', 's3://noaa-nexrad-level2/2025/03/20/KBLX/KBLX20250320_222851_V06']"
95383,F,E145,UES UA /OV BAE/TM 2234/FL180/TP E145/TB NEG 140-180,NEG 140-180,202503202200-KMSC-UBUS01-PIREP,18000.0,43.12,-88.28,2025-03-20 22:34:00,0.0,M,"('KMKX', 'KGRB', 'KLOT', 'KGRR', 'KDVN')","['s3://noaa-nexrad-level2/2025/03/20/KMKX/KMKX20250320_222725_V06', 's3://noaa-nexrad-level2/2025/03/20/KGRB/KGRB20250320_222941_V06', 's3://noaa-nexrad-level2/2025/03/20/KLOT/KLOT20250320_222712_V06', 's3://noaa-nexrad-level2/2025/03/20/KGRR/KGRR20250320_222624_V06', 's3://noaa-nexrad-level2/2025/03/20/KDVN/KDVN20250320_223356_V06']"
95384,F,B738,JXN UA /OV JXN080025/TM 2235/FL190/TP B738/TB CONS LGT CHOP BLO 210/RM ZOB,CONS LGT CHOP BLO 210,202503202200-KMSC-UBUS01-PIREP,19000.0,42.33214926799308,-83.90492356492622,2025-03-20 22:35:00,1.0,M,"('KDTX', 'KGRR', 'KIWX', 'KCLE', 'KAPX')","['s3://noaa-nexrad-level2/2025/03/20/KDTX/KDTX20250320_222820_V06', 's3://noaa-nexrad-level2/2025/03/20/KGRR/KGRR20250320_223437_V06', 's3://noaa-nexrad-level2/2025/03/20/KIWX/KIWX20250320_223027_V06', 's3://noaa-nexrad-level2/2025/03/20/KCLE/KCLE20250320_223137_V06', 's3://noaa-nexrad-level2/2025/03/20/KAPX/KAPX20250320_223111_V06']"
95385,F,F2TH,HNL UA /OV SHARK/TM 2235/FL300/TP F2TH/TB OCC LGT TO MOD CHP,OCC LGT TO MOD CHP,202503202200-KMSC-UBUS01-PIREP,30000.0,31.43,-85.62,2025-03-20 22:35:00,2.0,M,"('KEOX', 'KEVX', 'KMXX', 'KTLH', 'KBMX')","['s3://noaa-nexrad-level2/2025/03/20/KEOX/KEOX20250320_143812_V06', 's3://noaa-nexrad-level2/2025/03/20/KEVX/KEVX20250320_223230_V06', 's3://noaa-nexrad-level2/2025/03/20/KMXX/KMXX20250320_223155_V06', 's3://noaa-nexrad-level2/2025/03/20/KTLH/KTLH20250320_223125_V06', 's3://noaa-nexrad-level2/2025/03/20/KBMX/KBMX20250320_223357_V06']"
95386,F,H,LKU UA /OV GVE/TM 2236/FL380/TP H/B747/TB CONS MOD,CONS MOD,202503202200-KMSC-UBUS01-PIREP,38000.0,38.156,-78.1658,2025-03-20 22:36:00,3.0,L,"('KLWX', 'KAKQ', 'KFCX', 'KRAX', 'KCCX')","['s3://noaa-nexrad-level2/2025/03/20/KLWX/KLWX20250320_223329_V06', 's3://noaa-nexrad-level2/2025/03/20/KAKQ/KAKQ20250320_223206_V06', 's3://noaa-nexrad-level2/2025/03/20/KFCX/KFCX20250320_223509_V06', 's3://noaa-nexrad-level2/2025/03/20/KRAX/KRAX20250320_223051_V06', 's3://noaa-nexrad-level2/2025/03/20/KCCX/KCCX20250320_223157_V06']"
95387,F,E170,CID UA /OV KCID092015/TM 2238/FL033/TP E170/TB CONS LGT CHOP/RM DURD,CONS LGT CHOP,202503202200-KMSC-UBUS01-PIREP,3300.0,41.874173419108864,-91.38897442537008,2025-03-20 22:38:00,1.0,U,"('KDVN', 'KARX', 'KDMX', 'KILX', 'KMKX')","['s3://noaa-nexrad-level2/2025/03/20/KDVN/KDVN20250320_223356_V06', 's3://noaa-nexrad-level2/2025/03/20/KARX/KARX20250320_223737_V06', 's3://noaa-nexrad-level2/2025/03/20/KDMX/KDMX20250320_223620_V06', 's3://noaa-nexrad-level2/2025/03/20/KILX/KILX20250320_223351_V06', 's3://noaa-nexrad-level2/2025/03/20/KMKX/KMKX20250320_223407_V06']"
95388,F,A332,HNL UA /OV CARRP360040/TM 2238/FL280/TP A332/TB CONT LGT CHP/RM BTN FL280-FL330,CONT LGT CHP,202503202200-KMSC-UBUS01-PIREP,28000.0,21.31,-157.92,2025-03-20 22:38:00,1.0,H,"('PHMO', 'PHKI', 'PHKM', 'PHWA', 'PAKC')","['s3://noaa-nexrad-level2/2025/03/20/PHMO/PHMO20250320_223410_V06', 's3://noaa-nexrad-level2/2025/03/20/PHKI/PHKI20250320_223356_V06', 's3://noaa-nexrad-level2/2025/03/20/PHKM/PHKM20250320_223738_V06', 's3://noaa-nexrad-level2/2025/03/20/PHWA/PHWA20250320_223719_V06', 's3://noaa-nexrad-level2/2025/03/20/PAKC/PAKC20250320_223257_V06']"
95389,F,C560,PSB UA /OV PSB180015/TM 2238/FL050/TP C560/TA 02/TB CONS LGT OCNL MOD 150-180/IC LGT RIME IC 050/RM ZOB,CONS LGT OCNL MOD 150-180,202503202200-KMSC-UBUS01-PIREP,5000.0,40.63436974997976,-78.08734,2025-03-20 22:38:00,2.0,M,"('KCCX', 'KLWX', 'KPBZ', 'KBUF', 'KBGM')","['s3://noaa-nexrad-level2/2025/03/20/KCCX/KCCX20250320_223649_V06', 's3://noaa-nexrad-level2/2025/03/20/KLWX/KLWX20250320_223329_V06', 's3://noaa-nexrad-level2/2025/03/20/KPBZ/KPBZ20250320_223715_V06', 's3://noaa-nexrad-level2/2025/03/20/KBUF/KBUF20250320_223450_V06', 's3://noaa-nexrad-level2/2025/03/20/KBGM/KBGM20250320_223727_V06']"
95390,F,CRJ7,LEX UA /OV HYK333016/TM 2238/FL130/TP CRJ7/TB NEG,NEG,202503202200-KMSC-UBUS01-PIREP,13000.0,38.20762098554373,-84.62358222816347,2025-03-20 22:38:00,0.0,M,"('KLVX', 'KJKL', 'KILN', 'KIND', 'KMRX')","['s3://noaa-nexrad-level2/2025/03/20/KLVX/KLVX20250320_223539_V06', 's3://noaa-nexrad-level2/2025/03/20/KJKL/KJKL20250320_223734_V06', 's3://noaa-nexrad-level2/2025/03/20/KILN/KILN20250320_223235_V06', 's3://noaa-nexrad-level2/2025/03/20/KIND/KIND20250320_223353_V06', 's3://noaa-nexrad-level2/2025/03/20/KMRX/KMRX20250320_223724_V06']"
95391,F,E75,LIT UA /OV LIT/TM 2239/FL310/TP E75/TB MOD CHOP/RM FOR APX 10MINS THEN GOT BETTER. ZME,MOD CHOP,202503202200-KMSC-UBUS01-PIREP,31000.0,34.7273,-92.23573,2025-03-20 22:39:00,3.0,U,"('KLZK', 'KSRX', 'KNQA', 'KSGF', 'KSHV')","['s3://noaa-nexrad-level2/2025/03/20/KLZK/KLZK20250320_223418_V06', 's3://noaa-nexrad-level2/2025/03/20/KSRX/KSRX20250320_223753_V06', 's3://noaa-nexrad-level2/2025/03/20/KNQA/KNQA20250320_223325_V06', 's3://noaa-nexrad-level2/2025/03/20/KSGF/KSGF20250320_223314_V06', 's3://noaa-nexrad-level2/2025/03/20/KSHV/KSHV20250320_223616_V06']"
95392,F,B737,SDF UA /OV FLM240015/TM 2239/FL360/TP B737/TB NEG,NEG,202503202200-KMSC-UBUS01-PIREP,36000.0,38.52498987498987,-84.58724790624089,2025-03-20 22:39:00,0.0,M,"('KILN', 'KLVX', 'KJKL', 'KIND', 'KMRX')","['s3://noaa-nexrad-level2/2025/03/20/KILN/KILN20250320_223808_V06', 's3://noaa-nexrad-level2/2025/03/20/KLVX/KLVX20250320_223539_V06', 's3://noaa-nexrad-level2/2025/03/20/KJKL/KJKL20250320_223734_V06', 's3://noaa-nexrad-level2/2025/03/20/KIND/KIND20250320_223353_V06', 's3://noaa-nexrad-level2/2025/03/20/KMRX/KMRX20250320_223724_V06']"
95393,F,P28A,FLG UA /OV KFLG /TM 2240 /FL105 /TP P28A /TB NEG BLO 105 /RM DURC,NEG BLO 105,202503202200-KMSC-UBUS01-PIREP,10500.0,35.14028,-111.67222,2025-03-20 22:40:00,0.0,L,"('KFSX', 'KFSX', 'KIWA', 'KICX', 'KESX')","['s3://noaa-nexrad-level2/2025/03/20/KFSX/KFSX20250320_223513_V06', 's3://noaa-nexrad-level2/2025/03/20/KFSX/KFSX20250320_223513_V06', 's3://noaa-nexrad-level2/2025/03/20/KIWA/KIWA20250320_223352_V06', 's3://noaa-nexrad-level2/2025/03/20/KICX/KICX20250320_223205_V06', 's3://noaa-nexrad-level2/2025/03/20/KESX/KESX20250320_223824_V06']"
95394,F,B737,BWI UA /OV BAL280018/TM 2240/FL120/TP B737/WX -RA/TB LT CHOP SFC-060  MOD 060-100,LT CHOP SFC-060  MOD 060-100,202503202200-KMSC-UBUS01-PIREP,12000.0,39.22209867295502,-77.0411113962935,2025-03-20 22:40:00,3.0,M,"('KLWX', 'KDOX', 'KCCX', 'KAKQ', 'KDIX')","['s3://noaa-nexrad-level2/2025/03/20/KLWX/KLWX20250320_223329_V06', 's3://noaa-nexrad-level2/2025/03/20/KDOX/KDOX20250320_223336_V06', 's3://noaa-nexrad-level2/2025/03/20/KCCX/KCCX20250320_223649_V06', 's3://noaa-nexrad-level2/2025/03/20/KAKQ/KAKQ20250320_223805_V06', 's3://noaa-nexrad-level2/2025/03/20/KDIX/KDIX20250320_223648_V06']"
95395,F,B739,IND UA /OV VHP/TM 2241/FL330/TP B739/TB LGT CHOP,LGT CHOP,202503202200-KMSC-UBUS01-PIREP,33000.0,39.81,-86.37,2025-03-20 22:41:00,1.0,M,"('KIND', 'KIWX', 'KLVX', 'KVWX', 'KLOT')","['s3://noaa-nexrad-level2/2025/03/20/KIND/KIND20250320_224059_V06', 's3://noaa-nexrad-level2/2025/03/20/KIWX/KIWX20250320_223857_V06', 's3://noaa-nexrad-level2/2025/03/20/KLVX/KLVX20250320_223539_V06', 's3://noaa-nexrad-level2/2025/03/20/KVWX/KVWX20250320_223430_V06', 's3://noaa-nexrad-level2/2025/03/20/KLOT/KLOT20250320_223419_V06']"
95396,F,A320,LOZ UA /OV LVT/TM 2242/FL340/TP A320/TB NEG,NEG,202503202200-KMSC-UBUS01-PIREP,34000.0,36.58,-85.17,2025-03-20 22:42:00,0.0,M,"('KOHX', 'KLVX', 'KMRX', 'KHTX', 'KJKL')","['s3://noaa-nexrad-level2/2025/03/20/KOHX/KOHX20250320_223345_V06', 's3://noaa-nexrad-level2/2025/03/20/KLVX/KLVX20250320_223539_V06', 's3://noaa-nexrad-level2/2025/03/20/KMRX/KMRX20250320_223724_V06', 's3://noaa-nexrad-level2/2025/03/20/KHTX/KHTX20250320_223531_V06', 's3://noaa-nexrad-level2/2025/03/20/KJKL/KJKL20250320_223734_V06']"
95397,F,A321,DTW UA /OV DXO210018/TM 2243/FL040/TP A321/SK BASES 050OVC/TB NEG/IC NEG/RM DURD,NEG,202503202200-KMSC-UBUS01-PIREP,4000.0,41.95017133442632,-83.57253100108856,2025-03-20 22:43:00,0.0,M,"('KDTX', 'KCLE', 'KGRR', 'KIWX', 'KILN')","['s3://noaa-nexrad-level2/2025/03/20/KDTX/KDTX20250320_224227_V06', 's3://noaa-nexrad-level2/2025/03/20/KCLE/KCLE20250320_224140_V06', 's3://noaa-nexrad-level2/2025/03/20/KGRR/KGRR20250320_224249_V06', 's3://noaa-nexrad-level2/2025/03/20/KIWX/KIWX20250320_223857_V06', 's3://noaa-nexrad-level2/2025/03/20/KILN/KILN20250320_223808_V06']"
95398,T,MULTI ACFT,HMZ UUA /OV THS/TM 2243/FL170/TP MULTI ACFT/TB SEV CAT 170-130/RM ZOB,SEV CAT 170-130,202503202200-KMSC-UBUS01-PIREP,17000.0,39.93,-77.95,2025-03-20 22:43:00,5.0,U,"('KCCX', 'KLWX', 'KPBZ', 'KDOX', 'KBGM')","['s3://noaa-nexrad-level2/2025/03/20/KCCX/KCCX20250320_224141_V06', 's3://noaa-nexrad-level2/2025/03/20/KLWX/KLWX20250320_224019_V06', 's3://noaa-nexrad-level2/2025/03/20/KPBZ/KPBZ20250320_224150_V06', 's3://noaa-nexrad-level2/2025/03/20/KDOX/KDOX20250320_224014_V06', 's3://noaa-nexrad-level2/2025/03/20/KBGM/KBGM20250320_223727_V06']"
95399,F,STAR,ASE UA /OV ASE060008/TM 2244/FL150/TP STAR/TB CONT LGHT OCNL MOD,CONT LGHT OCNL MOD,202503202200-KMSC-UBUS01-PIREP,15000.0,39.28984206667207,-106.71979446378955,2025-03-20 22:44:00,3.0,L,"('KGJX', 'KFTG', 'KCYS', 'KPUX', 'KABX')","['s3://noaa-nexrad-level2/2025/03/20/KGJX/KGJX20250320_224026_V06', 's3://noaa-nexrad-level2/2025/03/20/KFTG/KFTG20250320_224242_V06', 's3://noaa-nexrad-level2/2025/03/20/KCYS/KCYS20250320_223536_V06', 's3://noaa-nexrad-level2/2025/03/20/KPUX/KPUX20250320_224014_V06', 's3://noaa-nexrad-level2/2025/03/20/KABX/KABX20250320_224354_V06']"
95400,F,B739,DEN UA /OV DEN315040/TM 2245/FL140/TP B739/TB MOD 180-140,MOD 180-140,202503202200-KMSC-UBUS01-PIREP,14000.0,40.3042427045954,-105.27142407248736,2025-03-20 22:45:00,3.0,M,"('KFTG', 'KCYS', 'KPUX', 'KGJX', 'KGLD')","['s3://noaa-nexrad-level2/2025/03/20/KFTG/KFTG20250320_224242_V06', 's3://noaa-nexrad-level2/2025/03/20/KCYS/KCYS20250320_223536_V06', 's3://noaa-nexrad-level2/2025/03/20/KPUX/KPUX20250320_224014_V06', 's3://noaa-nexrad-level2/2025/03/20/KGJX/KGJX20250320_224026_V06', 's3://noaa-nexrad-level2/2025/03/20/KGLD/KGLD20250320_223946_V06']"
95401,F,B712,HNL UA /OV UPP/TM 2245/FL180/TP B712/TB CONT LGT CHP/RM BTN FL180-FL220,CONT LGT CHP,202503202200-KMSC-UBUS01-PIREP,18000.0,20.26,-155.85,2025-03-20 22:45:00,1.0,M,"('PHKM', 'PHWA', 'PHMO', 'PHKI', 'KBHX')","['s3://noaa-nexrad-level2/2025/03/20/PHKM/PHKM20250320_224210_V06', 's3://noaa-nexrad-level2/2025/03/20/PHWA/PHWA20250320_224152_V06', 's3://noaa-nexrad-level2/2025/03/20/PHMO/PHMO20250320_224246_V06', 's3://noaa-nexrad-level2/2025/03/20/PHKI/PHKI20250320_224304_V06', 's3://noaa-nexrad-level2/2025/03/20/KBHX/KBHX20250320_224131_V06']"
95402,F,B738,DEN UA /OV DEN225045/TM 2247/FL195/TP B738/TB MOD 195-140,MOD 195-140,202503202200-KMSC-UBUS01-PIREP,19500.0,39.30242695733018,-105.34816458154828,2025-03-20 22:47:00,3.0,M,"('KFTG', 'KPUX', 'KCYS', 'KGJX', 'KGLD')","['s3://noaa-nexrad-level2/2025/03/20/KFTG/KFTG20250320_224242_V06', 's3://noaa-nexrad-level2/2025/03/20/KPUX/KPUX20250320_224014_V06', 's3://noaa-nexrad-level2/2025/03/20/KCYS/KCYS20250320_224520_V06', 's3://noaa-nexrad-level2/2025/03/20/KGJX/KGJX20250320_224601_V06', 's3://noaa-nexrad-level2/2025/03/20/KGLD/KGLD20250320_223946_V06']"
95403,F,GX,DZB UA /OV BAZ-DZB /TM 2248 /FL045 /TP GX /TB LGT /RM LT 045-055,LGT,202503202200-KMSC-UBUS01-PIREP,4500.0,30.1180257,-98.20187845,2025-03-20 22:48:00,1.0,U,"('KEWX', 'KGRK', 'KDFX', 'KCRP', 'KSJT')","['s3://noaa-nexrad-level2/2025/03/20/KEWX/KEWX20250320_224415_V06', 's3://noaa-nexrad-level2/2025/03/20/KGRK/KGRK20250320_224753_V06', 's3://noaa-nexrad-level2/2025/03/20/KDFX/KDFX20250320_224453_V06', 's3://noaa-nexrad-level2/2025/03/20/KCRP/KCRP20250320_224252_V06', 's3://noaa-nexrad-level2/2025/03/20/KSJT/KSJT20250320_224303_V06']"
95404,T,A306,HGR UUA /OV HGR/TM 2248/FL150/TP A306/TB SEV 120-150/RM ON Q221 NEAR HGR,SEV 120-150,202503202200-KMSC-UBUS01-PIREP,15000.0,39.70778,-77.72972,2025-03-20 22:48:00,5.0,H,"('KLWX', 'KCCX', 'KDOX', 'KPBZ', 'KAKQ')","['s3://noaa-nexrad-level2/2025/03/20/KLWX/KLWX20250320_224709_V06', 's3://noaa-nexrad-level2/2025/03/20/KCCX/KCCX20250320_224633_V06', 's3://noaa-nexrad-level2/2025/03/20/KDOX/KDOX20250320_224641_V06', 's3://noaa-nexrad-level2/2025/03/20/KPBZ/KPBZ20250320_224626_V06', 's3://noaa-nexrad-level2/2025/03/20/KAKQ/KAKQ20250320_224405_V06']"
95405,F,E75S,PIT UA /OV NESTO/TM 2249/FL100/TP E75S/TA M12/TB MOD/IC LIGHT MIXED,MOD,202503202300-KMSC-UBUS01-PIREP,10000.0,40.49147,-80.23286,2025-03-20 22:49:00,3.0,U,"('KPBZ', 'KCLE', 'KCCX', 'KRLX', 'KBUF')","['s3://noaa-nexrad-level2/2025/03/20/KPBZ/KPBZ20250320_224626_V06', 's3://noaa-nexrad-level2/2025/03/20/KCLE/KCLE20250320_224621_V06', 's3://noaa-nexrad-level2/2025/03/20/KCCX/KCCX20250320_224633_V06', 's3://noaa-nexrad-level2/2025/03/20/KRLX/KRLX20250320_224656_V06', 's3://noaa-nexrad-level2/2025/03/20/KBUF/KBUF20250320_224526_V06']"
95406,F,C152,ARB UA /OV KARB240001/TM 2250/FL015/TP C152/WX FV10SM/TB LGT,LGT,202503202200-KMSC-UBUS01-PIREP,1500.0,42.21562599166599,-83.75921286324525,2025-03-20 22:50:00,1.0,L,"('KDTX', 'KGRR', 'KCLE', 'KIWX', 'KILN')","['s3://noaa-nexrad-level2/2025/03/20/KDTX/KDTX20250320_224926_V06', 's3://noaa-nexrad-level2/2025/03/20/KGRR/KGRR20250320_224249_V06', 's3://noaa-nexrad-level2/2025/03/20/KCLE/KCLE20250320_224621_V06', 's3://noaa-nexrad-level2/2025/03/20/KIWX/KIWX20250320_224727_V06', 's3://noaa-nexrad-level2/2025/03/20/KILN/KILN20250320_224915_V06']"
95407,F,B737,CEW UA /OV CEW060070/TM 2250/FL160/TP B737/SK SKC/TB MOD/IC NEG,MOD,202503202200-KMSC-UBUS01-PIREP,16000.0,31.363380583380582,-85.34388611966925,2025-03-20 22:50:00,3.0,M,"('KEOX', 'KEVX', 'KMXX', 'KTLH', 'KFFC')","['s3://noaa-nexrad-level2/2025/03/20/KEOX/KEOX20250320_143812_V06', 's3://noaa-nexrad-level2/2025/03/20/KEVX/KEVX20250320_224920_V06', 's3://noaa-nexrad-level2/2025/03/20/KMXX/KMXX20250320_224530_V06', 's3://noaa-nexrad-level2/2025/03/20/KTLH/KTLH20250320_224503_V06', 's3://noaa-nexrad-level2/2025/03/20/KFFC/KFFC20250320_224606_V06']"
95408,T,A21N,HGR UUA /OV THS/TM 2250/FL150/TP A21N/TB SEV,SEV,202503202200-KMSC-UBUS01-PIREP,15000.0,39.93,-77.95,2025-03-20 22:50:00,5.0,U,"('KCCX', 'KLWX', 'KPBZ', 'KDOX', 'KBGM')","['s3://noaa-nexrad-level2/2025/03/20/KCCX/KCCX20250320_224633_V06', 's3://noaa-nexrad-level2/2025/03/20/KLWX/KLWX20250320_224709_V06', 's3://noaa-nexrad-level2/2025/03/20/KPBZ/KPBZ20250320_224626_V06', 's3://noaa-nexrad-level2/2025/03/20/KDOX/KDOX20250320_224641_V06', 's3://noaa-nexrad-level2/2025/03/20/KBGM/KBGM20250320_224902_V06']"
95409,F,B350,LYH UA /OV CSN250010/TM 2250/FL160/TP B350/TB MOD,MOD,202503202200-KMSC-UBUS01-PIREP,16000.0,38.582992025502506,-78.07052641700477,2025-03-20 22:50:00,3.0,M,"('KLWX', 'KAKQ', 'KCCX', 'KDOX', 'KFCX')","['s3://noaa-nexrad-level2/2025/03/20/KLWX/KLWX20250320_224709_V06', 's3://noaa-nexrad-level2/2025/03/20/KAKQ/KAKQ20250320_224956_V06', 's3://noaa-nexrad-level2/2025/03/20/KCCX/KCCX20250320_224633_V06', 's3://noaa-nexrad-level2/2025/03/20/KDOX/KDOX20250320_224641_V06', 's3://noaa-nexrad-level2/2025/03/20/KFCX/KFCX20250320_224816_V06']"
95410,F,A321,MWA UA /OV SAM/TM 2250/FL360/TP A321/TB CONS LGT CHOP 360/RM ZKC FDC,CONS LGT CHOP 360,202503202200-KMSC-UBUS01-PIREP,36000.0,38.49,-88.09,2025-03-20 22:50:00,1.0,M,"('KVWX', 'KPAH', 'KHPX', 'KILX', 'KIND')","['s3://noaa-nexrad-level2/2025/03/20/KVWX/KVWX20250320_224812_V06', 's3://noaa-nexrad-level2/2025/03/20/KPAH/KPAH20250320_224450_V06', 's3://noaa-nexrad-level2/2025/03/20/KHPX/KHPX20250320_224815_V06', 's3://noaa-nexrad-level2/2025/03/20/KILX/KILX20250320_224739_V06', 's3://noaa-nexrad-level2/2025/03/20/KIND/KIND20250320_224758_V06']"
95411,F,PA32,CID UA /OV VTI/TM 2250/FL070/TP PA32/TB NEG/RM SMOOTH,NEG,202503202200-KMSC-UBUS01-PIREP,7000.0,42.2175777778,-92.0248416667,2025-03-20 22:50:00,0.0,L,"('KDVN', 'KDMX', 'KARX', 'KMPX', 'KILX')","['s3://noaa-nexrad-level2/2025/03/20/KDVN/KDVN20250320_224336_V06', 's3://noaa-nexrad-level2/2025/03/20/KDMX/KDMX20250320_224313_V06', 's3://noaa-nexrad-level2/2025/03/20/KARX/KARX20250320_224432_V06', 's3://noaa-nexrad-level2/2025/03/20/KMPX/KMPX20250320_224353_V06', 's3://noaa-nexrad-level2/2025/03/20/KILX/KILX20250320_224739_V06']"
95412,F,E75,PBF UA /OV PBF360010/TM 2250/FL310/TP E75/TB MOD/RM ZME,MOD,202503202300-KMSC-UBUS01-PIREP,31000.0,34.34168016668016,-91.93472,2025-03-20 22:50:00,3.0,U,"('KLZK', 'KNQA', 'KSRX', 'KSHV', 'KDGX')","['s3://noaa-nexrad-level2/2025/03/20/KLZK/KLZK20250320_224759_V06', 's3://noaa-nexrad-level2/2025/03/20/KNQA/KNQA20250320_224148_V06', 's3://noaa-nexrad-level2/2025/03/20/KSRX/KSRX20250320_224629_V06', 's3://noaa-nexrad-level2/2025/03/20/KSHV/KSHV20250320_224451_V06', 's3://noaa-nexrad-level2/2025/03/20/KDGX/KDGX20250320_223926_V06']"
95413,F,A319,PBF UA /OV PBF360010/TM 2250/FL290/TP A319/TB MOD/RM ZME,MOD,202503202300-KMSC-UBUS01-PIREP,29000.0,34.34168016668016,-91.93472,2025-03-20 22:50:00,3.0,M,"('KLZK', 'KNQA', 'KSRX', 'KSHV', 'KDGX')","['s3://noaa-nexrad-level2/2025/03/20/KLZK/KLZK20250320_224759_V06', 's3://noaa-nexrad-level2/2025/03/20/KNQA/KNQA20250320_224148_V06', 's3://noaa-nexrad-level2/2025/03/20/KSRX/KSRX20250320_224629_V06', 's3://noaa-nexrad-level2/2025/03/20/KSHV/KSHV20250320_224451_V06', 's3://noaa-nexrad-level2/2025/03/20/KDGX/KDGX20250320_223926_V06']"
95414,T,A21N,CXY UUA /OV HAR281030/TM 2251/FL150/TP A21N/TB SEV,SEV,202503202200-KMSC-UBUS01-PIREP,15000.0,40.32541222546031,-77.66293434791649,2025-03-20 22:51:00,5.0,U,"('KCCX', 'KLWX', 'KBGM', 'KPBZ', 'KDOX')","['s3://noaa-nexrad-level2/2025/03/20/KCCX/KCCX20250320_224633_V06', 's3://noaa-nexrad-level2/2025/03/20/KLWX/KLWX20250320_224709_V06', 's3://noaa-nexrad-level2/2025/03/20/KBGM/KBGM20250320_224902_V06', 's3://noaa-nexrad-level2/2025/03/20/KPBZ/KPBZ20250320_224626_V06', 's3://noaa-nexrad-level2/2025/03/20/KDOX/KDOX20250320_224641_V06']"
95415,F,A20N,SBY UA /OV SBY343019/TM 2251/FL360/TP A20N/TB MOD 360,MOD 360,202503202200-KMSC-UBUS01-PIREP,36000.0,38.643354368629815,-75.62835097194478,2025-03-20 22:51:00,3.0,U,"('KDOX', 'KDIX', 'KLWX', 'KAKQ', 'KCCX')","['s3://noaa-nexrad-level2/2025/03/20/KDOX/KDOX20250320_224641_V06', 's3://noaa-nexrad-level2/2025/03/20/KDIX/KDIX20250320_224611_V06', 's3://noaa-nexrad-level2/2025/03/20/KLWX/KLWX20250320_224709_V06', 's3://noaa-nexrad-level2/2025/03/20/KAKQ/KAKQ20250320_224956_V06', 's3://noaa-nexrad-level2/2025/03/20/KCCX/KCCX20250320_224633_V06']"
95416,F,C208,PTH UA /OV PTH157023/TM 2251/FL075/TP C208/TB LGT/RM SE OF THE MOUNTAIN CLEAR NORTH OF THE MTNS /ZAN,LGT,202503202300-KMSC-UBUS01-PIREP,7500.0,56.597111224472286,-158.3553383862106,2025-03-20 22:51:00,1.0,L,"('PAKC', 'PABC', 'PAHG', 'PAEC', 'PAIH')","['s3://noaa-nexrad-level2/2025/03/20/PAKC/PAKC20250320_224704_V06', 's3://noaa-nexrad-level2/2025/03/20/PAHG/PAHG20250320_224801_V06', 's3://noaa-nexrad-level2/2025/03/20/PAEC/PAEC20250320_224830_V06', 's3://noaa-nexrad-level2/2025/03/20/PAIH/PAIH20250320_224532_V06']"
95417,F,A320,LKU UA /OV GVE080010/TM 2252/FL250/TP A320/TB MOD,MOD,202503202200-KMSC-UBUS01-PIREP,25000.0,38.18494370719723,-77.95704846599715,2025-03-20 22:52:00,3.0,M,"('KLWX', 'KAKQ', 'KRAX', 'KFCX', 'KDOX')","['s3://noaa-nexrad-level2/2025/03/20/KLWX/KLWX20250320_224709_V06', 's3://noaa-nexrad-level2/2025/03/20/KAKQ/KAKQ20250320_224956_V06', 's3://noaa-nexrad-level2/2025/03/20/KRAX/KRAX20250320_224932_V06', 's3://noaa-nexrad-level2/2025/03/20/KFCX/KFCX20250320_224816_V06', 's3://noaa-nexrad-level2/2025/03/20/KDOX/KDOX20250320_224641_V06']"
95418,F,B738,GRR UA /OV VIO/TM 2252/FL260/TP B738/TB CONS LGT CHOP 260-230,CONS LGT CHOP 260-230,202503202200-KMSC-UBUS01-PIREP,26000.0,42.88210929,-85.5229853,2025-03-20 22:52:00,1.0,M,"('KGRR', 'KIWX', 'KDTX', 'KAPX', 'KLOT')","['s3://noaa-nexrad-level2/2025/03/20/KGRR/KGRR20250320_225101_V06', 's3://noaa-nexrad-level2/2025/03/20/KIWX/KIWX20250320_224727_V06', 's3://noaa-nexrad-level2/2025/03/20/KDTX/KDTX20250320_224926_V06', 's3://noaa-nexrad-level2/2025/03/20/KAPX/KAPX20250320_225145_V06', 's3://noaa-nexrad-level2/2025/03/20/KLOT/KLOT20250320_224819_V06']"
95419,F,BCS3,MFV UA /OV SBV/TM 2253/FL180/TP BCS3/TB MOD,MOD,202503202200-KMSC-UBUS01-PIREP,18000.0,36.68,-79.01,2025-03-20 22:53:00,3.0,U,"('KRAX', 'KFCX', 'KAKQ', 'KLTX', 'KLWX')","['s3://noaa-nexrad-level2/2025/03/20/KRAX/KRAX20250320_224932_V06', 's3://noaa-nexrad-level2/2025/03/20/KFCX/KFCX20250320_225232_V06', 's3://noaa-nexrad-level2/2025/03/20/KAKQ/KAKQ20250320_224956_V06', 's3://noaa-nexrad-level2/2025/03/20/KLTX/KLTX20250320_224911_V06', 's3://noaa-nexrad-level2/2025/03/20/KLWX/KLWX20250320_224709_V06']"
95420,F,P46T,BDH UA /OV DWN/TM 2253/FL220/TP P46T/TB NEG,NEG,202503202300-KMSC-UBUS01-PIREP,22000.0,45.09,-94.45,2025-03-20 22:53:00,0.0,L,"('KMPX', 'KFSD', 'KDLH', 'KDMX', 'KARX')","['s3://noaa-nexrad-level2/2025/03/20/KMPX/KMPX20250320_225056_V06', 's3://noaa-nexrad-level2/2025/03/20/KFSD/KFSD20250320_225005_V06', 's3://noaa-nexrad-level2/2025/03/20/KDLH/KDLH20250320_225013_V06', 's3://noaa-nexrad-level2/2025/03/20/KDMX/KDMX20250320_225003_V06', 's3://noaa-nexrad-level2/2025/03/20/KARX/KARX20250320_225132_V06']"
95421,F,RV12,EAR UA /OV EAR/TM 2254/FL045/TP RV12/TB NEG,NEG,202503202300-KMSC-UBUS01-PIREP,4500.0,40.72703,-99.00678,2025-03-20 22:54:00,0.0,U,"('KUEX', 'KLNX', 'KOAX', 'KGLD', 'KDDC')","['s3://noaa-nexrad-level2/2025/03/20/KUEX/KUEX20250320_225215_V06', 's3://noaa-nexrad-level2/2025/03/20/KLNX/KLNX20250320_225225_V06', 's3://noaa-nexrad-level2/2025/03/20/KOAX/KOAX20250320_225042_V06', 's3://noaa-nexrad-level2/2025/03/20/KGLD/KGLD20250320_224924_V06', 's3://noaa-nexrad-level2/2025/03/20/KDDC/KDDC20250320_224653_V06']"
95422,F,PA44,FOD UA /OV FOD/TM 2254/FL065/TP PA44/TB NEG,NEG,202503202300-KMSC-UBUS01-PIREP,6500.0,42.549741,-94.203203,2025-03-20 22:54:00,0.0,L,"('KDMX', 'KMPX', 'KOAX', 'KFSD', 'KARX')","['s3://noaa-nexrad-level2/2025/03/20/KDMX/KDMX20250320_225003_V06', 's3://noaa-nexrad-level2/2025/03/20/KMPX/KMPX20250320_225056_V06', 's3://noaa-nexrad-level2/2025/03/20/KOAX/KOAX20250320_225042_V06', 's3://noaa-nexrad-level2/2025/03/20/KFSD/KFSD20250320_225005_V06', 's3://noaa-nexrad-level2/2025/03/20/KARX/KARX20250320_225132_V06']"
95423,F,A319,AMG UA /OV AMG180025/TM 2255/FL330/TP A319/TB NEG,NEG,202503202200-KMSC-UBUS01-PIREP,33000.0,31.119359583299584,-82.50656,2025-03-20 22:55:00,0.0,M,"('KVAX', 'KJAX', 'KJGX', 'KTLH', 'KCLX')","['s3://noaa-nexrad-level2/2025/03/20/KVAX/KVAX20250320_225207_V06', 's3://noaa-nexrad-level2/2025/03/20/KJAX/KJAX20250320_225021_V06', 's3://noaa-nexrad-level2/2025/03/20/KJGX/KJGX20250320_225010_V06', 's3://noaa-nexrad-level2/2025/03/20/KTLH/KTLH20250320_225200_V06', 's3://noaa-nexrad-level2/2025/03/20/KCLX/KCLX20250320_225401_V06']"
95424,F,B737,OMN UA /OV OMN270020/TM 2255/FL150/TP B737/TB NEG,NEG,202503202200-KMSC-UBUS01-PIREP,15000.0,29.30056,-81.49587568960487,2025-03-20 22:55:00,0.0,M,"('KJAX', 'KMLB', 'KTBW', 'KVAX', 'KTLH')","['s3://noaa-nexrad-level2/2025/03/20/KJAX/KJAX20250320_225021_V06', 's3://noaa-nexrad-level2/2025/03/20/KMLB/KMLB20250320_224924_V06', 's3://noaa-nexrad-level2/2025/03/20/KTBW/KTBW20250320_225347_V06', 's3://noaa-nexrad-level2/2025/03/20/KVAX/KVAX20250320_225207_V06', 's3://noaa-nexrad-level2/2025/03/20/KTLH/KTLH20250320_225200_V06']"
95425,F,CRJ9,CAK UA /OV BSV270020/TM 2255/FL330/TP CRJ9/TB LGT OCNL MOD CHOP/RM ZOB,LGT OCNL MOD CHOP,202503202300-KMSC-UBUS01-PIREP,33000.0,40.74,-81.86997573768801,2025-03-20 22:55:00,2.0,U,"('KCLE', 'KPBZ', 'KILN', 'KRLX', 'KDTX')","['s3://noaa-nexrad-level2/2025/03/20/KCLE/KCLE20250320_225100_V06', 's3://noaa-nexrad-level2/2025/03/20/KPBZ/KPBZ20250320_225102_V06', 's3://noaa-nexrad-level2/2025/03/20/KILN/KILN20250320_224915_V06', 's3://noaa-nexrad-level2/2025/03/20/KRLX/KRLX20250320_225451_V06', 's3://noaa-nexrad-level2/2025/03/20/KDTX/KDTX20250320_224926_V06']"
95426,F,P28A,PVU UA /OV FFU180010 /TM 2257 /FL075 /TP P28A /TB MOD,MOD,202503202300-KMSC-UBUS01-PIREP,7500.0,40.10331983331984,-111.94,2025-03-20 22:57:00,3.0,L,"('KMTX', 'KICX', 'KSFX', 'KGJX', 'KRIW')","['s3://noaa-nexrad-level2/2025/03/20/KMTX/KMTX20250320_225422_V06', 's3://noaa-nexrad-level2/2025/03/20/KICX/KICX20250320_224921_V06', 's3://noaa-nexrad-level2/2025/03/20/KSFX/KSFX20250320_225515_V06', 's3://noaa-nexrad-level2/2025/03/20/KGJX/KGJX20250320_225136_V06', 's3://noaa-nexrad-level2/2025/03/20/KRIW/KRIW20250320_225350_V06']"
95427,F,E170,2G9 UA /OV IHD/TM 2258/FL190/TP E170/TB LGT-MOD CHOP 190-160/RM ZOB,LGT-MOD CHOP 190-160,202503202300-KMSC-UBUS01-PIREP,19000.0,39.97,-79.36,2025-03-20 22:58:00,2.0,U,"('KPBZ', 'KCCX', 'KLWX', 'KCLE', 'KRLX')","['s3://noaa-nexrad-level2/2025/03/20/KPBZ/KPBZ20250320_225537_V06', 's3://noaa-nexrad-level2/2025/03/20/KCCX/KCCX20250320_225604_V06', 's3://noaa-nexrad-level2/2025/03/20/KLWX/KLWX20250320_225400_V06', 's3://noaa-nexrad-level2/2025/03/20/KCLE/KCLE20250320_225540_V06', 's3://noaa-nexrad-level2/2025/03/20/KRLX/KRLX20250320_225451_V06']"
95428,T,TBM9,DAN UUA /OV DAN/TM 2258/FL160/TP TBM9/TB MOD-SEV,MOD-SEV,202503202300-KMSC-UBUS01-PIREP,16000.0,36.57286,-79.33611,2025-03-20 22:58:00,4.0,U,"('KFCX', 'KRAX', 'KAKQ', 'KLTX', 'KRLX')","['s3://noaa-nexrad-level2/2025/03/20/KFCX/KFCX20250320_225649_V06', 's3://noaa-nexrad-level2/2025/03/20/KRAX/KRAX20250320_225546_V06', 's3://noaa-nexrad-level2/2025/03/20/KAKQ/KAKQ20250320_225556_V06', 's3://noaa-nexrad-level2/2025/03/20/KLTX/KLTX20250320_225446_V06', 's3://noaa-nexrad-level2/2025/03/20/KRLX/KRLX20250320_225451_V06']"
95429,T,BCS3,LYH UUA /OV SBV/TM 2258/FL150/TP BCS3/TB MOD-SEV,MOD-SEV,202503202300-KMSC-UBUS01-PIREP,15000.0,36.68,-79.01,2025-03-20 22:58:00,4.0,U,"('KRAX', 'KFCX', 'KAKQ', 'KLTX', 'KLWX')","['s3://noaa-nexrad-level2/2025/03/20/KRAX/KRAX20250320_225546_V06', 's3://noaa-nexrad-level2/2025/03/20/KFCX/KFCX20250320_225649_V06', 's3://noaa-nexrad-level2/2025/03/20/KAKQ/KAKQ20250320_225556_V06', 's3://noaa-nexrad-level2/2025/03/20/KLTX/KLTX20250320_225446_V06', 's3://noaa-nexrad-level2/2025/03/20/KLWX/KLWX20250320_225400_V06']"
95430,T,C550,LYH UUA /OV SBV/TM 2258/FL150/TP C550/TB MOD-SEV,MOD-SEV,202503202300-KMSC-UBUS01-PIREP,15000.0,36.68,-79.01,2025-03-20 22:58:00,4.0,L,"('KRAX', 'KFCX', 'KAKQ', 'KLTX', 'KLWX')","['s3://noaa-nexrad-level2/2025/03/20/KRAX/KRAX20250320_225546_V06', 's3://noaa-nexrad-level2/2025/03/20/KFCX/KFCX20250320_225649_V06', 's3://noaa-nexrad-level2/2025/03/20/KAKQ/KAKQ20250320_225556_V06', 's3://noaa-nexrad-level2/2025/03/20/KLTX/KLTX20250320_225446_V06', 's3://noaa-nexrad-level2/2025/03/20/KLWX/KLWX20250320_225400_V06']"
95431,F,P28A,CKP UA /OV CKP/TM 2300/FL075/TP P28A/SK SKC/TB NEG/IC NEG,NEG,202503202300-KMSC-UBUS01-PIREP,7500.0,42.7304194444,-95.553775,2025-03-20 23:00:00,0.0,L,"('KFSD', 'KOAX', 'KDMX', 'KMPX', 'KUEX')","['s3://noaa-nexrad-level2/2025/03/20/KFSD/KFSD20250320_225658_V06', 's3://noaa-nexrad-level2/2025/03/20/KOAX/KOAX20250320_225726_V06', 's3://noaa-nexrad-level2/2025/03/20/KDMX/KDMX20250320_225700_V06', 's3://noaa-nexrad-level2/2025/03/20/KMPX/KMPX20250320_225751_V06', 's3://noaa-nexrad-level2/2025/03/20/KUEX/KUEX20250320_225900_V06']"
95432,F,A19,ITH UA /OV ITH/TM 2300/FL230/TP A19/TB MOD,MOD,202503202300-KMSC-UBUS01-PIREP,23000.0,42.4910278,-76.4584444,2025-03-20 23:00:00,3.0,U,"('KBGM', 'KTYX', 'KCCX', 'KBUF', 'KENX')","['s3://noaa-nexrad-level2/2025/03/20/KBGM/KBGM20250320_225951_V06', 's3://noaa-nexrad-level2/2025/03/20/KTYX/KTYX20250320_225805_V06', 's3://noaa-nexrad-level2/2025/03/20/KCCX/KCCX20250320_225604_V06', 's3://noaa-nexrad-level2/2025/03/20/KBUF/KBUF20250320_225601_V06', 's3://noaa-nexrad-level2/2025/03/20/KENX/KENX20250320_225823_V06']"
95433,F,CRJ9,MSN UA /OV Y50/TM 2300/FL360/TP CRJ9/TB LGT CHOP,LGT CHOP,202503202300-KMSC-UBUS01-PIREP,36000.0,44.0416256,-89.3044869,2025-03-20 23:00:00,1.0,U,"('KGRB', 'KMKX', 'KARX', 'KLOT', 'KDVN')","['s3://noaa-nexrad-level2/2025/03/20/KGRB/KGRB20250320_225700_V06', 's3://noaa-nexrad-level2/2025/03/20/KMKX/KMKX20250320_225421_V06', 's3://noaa-nexrad-level2/2025/03/20/KARX/KARX20250320_225818_V06', 's3://noaa-nexrad-level2/2025/03/20/KLOT/KLOT20250320_225520_V06', 's3://noaa-nexrad-level2/2025/03/20/KDVN/KDVN20250320_225318_V06']"
95434,F,GL7T,WRL UA /OV RLY120030/TM 2300/FL430/TP GL7T/TB SEV 430/RM +/-1000FT +/-10KT/ZLC,SEV 430,202503202300-KMSC-UBUS01-PIREP,43000.0,43.70997974997975,-107.34839818872928,2025-03-20 23:00:00,5.0,U,"('KRIW', 'KBLX', 'KCYS', 'KUDX', 'KGGW')","['s3://noaa-nexrad-level2/2025/03/20/KRIW/KRIW20250320_225350_V06', 's3://noaa-nexrad-level2/2025/03/20/KBLX/KBLX20250320_225858_V06', 's3://noaa-nexrad-level2/2025/03/20/KCYS/KCYS20250320_225503_V06', 's3://noaa-nexrad-level2/2025/03/20/KUDX/KUDX20250320_225921_V06', 's3://noaa-nexrad-level2/2025/03/20/KGGW/KGGW20250320_225955_V06']"
95435,F,B737,GCD UA /OV IMB144038/TM 2300/FL380/TP B737/TB MOD 380-370/RM DURD...ZSE,MOD 380-370,202503202300-KMSC-UBUS01-PIREP,38000.0,44.13758106761588,-119.18668354330802,2025-03-20 23:00:00,3.0,M,"('KPDT', 'KCBX', 'KOTX', 'KMAX', 'KRTX')","['s3://noaa-nexrad-level2/2025/03/20/KPDT/KPDT20250320_225246_V06', 's3://noaa-nexrad-level2/2025/03/20/KCBX/KCBX20250320_225707_V06', 's3://noaa-nexrad-level2/2025/03/20/KOTX/KOTX20250320_225934_V06', 's3://noaa-nexrad-level2/2025/03/20/KMAX/KMAX20250320_225347_V06', 's3://noaa-nexrad-level2/2025/03/20/KRTX/KRTX20250320_225459_V06']"
95436,F,LJ45,KTN UA /OV ANN/TM 2300/FL080/TP LJ45/TB LGT BLO 080/RM DURC /ZAN,LGT BLO 080,202503202300-KMSC-UBUS01-PIREP,8000.0,55.04,-131.57,2025-03-20 23:00:00,1.0,M,"('PACG', 'KLGX', 'KATX', 'KRTX', 'PAIH')","['s3://noaa-nexrad-level2/2025/03/20/PACG/PACG20250320_225821_V06', 's3://noaa-nexrad-level2/2025/03/20/KLGX/KLGX20250320_225913_V06', 's3://noaa-nexrad-level2/2025/03/20/KATX/KATX20250320_225840_V06', 's3://noaa-nexrad-level2/2025/03/20/KRTX/KRTX20250320_225459_V06', 's3://noaa-nexrad-level2/2025/03/20/PAIH/PAIH20250320_225659_V06']"
95437,T,B767,RDU UUA /OV 40NW RDU/TM 2300/FL130/TP B767/TB SEV,SEV,202503202300-KMSC-UBUS01-PIREP,13000.0,36.27461526405924,-79.45605273469468,2025-03-20 23:00:00,5.0,H,"('KFCX', 'KRAX', 'KLTX', 'KAKQ', 'KCAE')","['s3://noaa-nexrad-level2/2025/03/20/KFCX/KFCX20250320_225649_V06', 's3://noaa-nexrad-level2/2025/03/20/KRAX/KRAX20250320_225546_V06', 's3://noaa-nexrad-level2/2025/03/20/KLTX/KLTX20250320_225958_V06', 's3://noaa-nexrad-level2/2025/03/20/KAKQ/KAKQ20250320_225556_V06', 's3://noaa-nexrad-level2/2025/03/20/KCAE/KCAE20250320_225549_V06']"
95438,F,A20,DTW UA /OV DXO 080015/TM 2301/FL110/TP A20/TB NEG/IC NEG/RM DURC,NEG,202503202300-KMSC-UBUS01-PIREP,11000.0,42.25341556079585,-83.03757649983777,2025-03-20 23:01:00,0.0,U,"('KDTX', 'KCLE', 'KGRR', 'KIWX', 'KILN')","['s3://noaa-nexrad-level2/2025/03/20/KDTX/KDTX20250320_225626_V06', 's3://noaa-nexrad-level2/2025/03/20/KCLE/KCLE20250320_230020_V06', 's3://noaa-nexrad-level2/2025/03/20/KGRR/KGRR20250320_225914_V06', 's3://noaa-nexrad-level2/2025/03/20/KIWX/KIWX20250320_225556_V06', 's3://noaa-nexrad-level2/2025/03/20/KILN/KILN20250320_230036_V06']"
95439,F,CRJ2,MCW UA /OV MCW/TM 2301/FL070/TP CRJ2/SK SKC/TB NEG/IC NEG,NEG,202503202300-KMSC-UBUS01-PIREP,7000.0,43.154383,-93.326097,2025-03-20 23:01:00,0.0,M,"('KDMX', 'KMPX', 'KARX', 'KDVN', 'KFSD')","['s3://noaa-nexrad-level2/2025/03/20/KDMX/KDMX20250320_225700_V06', 's3://noaa-nexrad-level2/2025/03/20/KMPX/KMPX20250320_225751_V06', 's3://noaa-nexrad-level2/2025/03/20/KARX/KARX20250320_225818_V06', 's3://noaa-nexrad-level2/2025/03/20/KDVN/KDVN20250320_225318_V06', 's3://noaa-nexrad-level2/2025/03/20/KFSD/KFSD20250320_225658_V06']"
95440,F,B739,TLH UA /OV TLH140030/TM 2301/FL360/TP B739/TB NEG,NEG,202503202300-KMSC-UBUS01-PIREP,36000.0,30.01048675360954,-83.97871987124425,2025-03-20 23:01:00,0.0,M,"('KTLH', 'KVAX', 'KEVX', 'KEOX', 'KJAX')","['s3://noaa-nexrad-level2/2025/03/20/KTLH/KTLH20250320_225848_V06', 's3://noaa-nexrad-level2/2025/03/20/KVAX/KVAX20250320_225855_V06', 's3://noaa-nexrad-level2/2025/03/20/KEVX/KEVX20250320_225741_V06', 's3://noaa-nexrad-level2/2025/03/20/KEOX/KEOX20250320_143812_V06', 's3://noaa-nexrad-level2/2025/03/20/KJAX/KJAX20250320_225722_V06']"
95441,F,C207,JNU UA /OV JNU /TM 2301 /FL010 /TP C207 /TB LGT /RM DURD RY 8(AKFSS),LGT,202503202300-KMSC-UBUS01-PIREP,1000.0,58.35,-134.57,2025-03-20 23:01:00,1.0,L,"('PACG', 'PAIH', 'PAIH', 'PAPD', 'KLGX')","['s3://noaa-nexrad-level2/2025/03/20/PACG/PACG20250320_225821_V06', 's3://noaa-nexrad-level2/2025/03/20/PAIH/PAIH20250320_225659_V06', 's3://noaa-nexrad-level2/2025/03/20/PAIH/PAIH20250320_225659_V06', 's3://noaa-nexrad-level2/2025/03/20/PAPD/PAPD20250320_225530_V06', 's3://noaa-nexrad-level2/2025/03/20/KLGX/KLGX20250320_225913_V06']"
95442,F,C207,JNU UA /OV JNU /TM 2301 /FL010 /TP C207 /TB LGT /RM DURD RY 8 (AKFSS,LGT,202503202310-KWBC-UBUS31-PRCUS,1000.0,58.35,-134.57,2025-03-20 23:01:00,1.0,L,"('PACG', 'PAIH', 'PAIH', 'PAPD', 'KLGX')","['s3://noaa-nexrad-level2/2025/03/20/PACG/PACG20250320_225821_V06', 's3://noaa-nexrad-level2/2025/03/20/PAIH/PAIH20250320_225659_V06', 's3://noaa-nexrad-level2/2025/03/20/PAIH/PAIH20250320_225659_V06', 's3://noaa-nexrad-level2/2025/03/20/PAPD/PAPD20250320_225530_V06', 's3://noaa-nexrad-level2/2025/03/20/KLGX/KLGX20250320_225913_V06']"
95443,F,P32R,BIE UA /OV BIE/TM 2302/FL100/TP P32R/TB NEG,NEG,202503202300-KMSC-UBUS01-PIREP,10000.0,40.30128,-96.75411,2025-03-20 23:02:00,0.0,L,"('KOAX', 'KTWX', 'KUEX', 'KICT', 'KEAX')","['s3://noaa-nexrad-level2/2025/03/20/KOAX/KOAX20250320_225726_V06', 's3://noaa-nexrad-level2/2025/03/20/KTWX/KTWX20250320_225846_V06', 's3://noaa-nexrad-level2/2025/03/20/KUEX/KUEX20250320_225900_V06', 's3://noaa-nexrad-level2/2025/03/20/KICT/KICT20250320_225851_V06', 's3://noaa-nexrad-level2/2025/03/20/KEAX/KEAX20250320_141950_V06']"
95444,F,B738,CEW UA /OV CEW180175/TM 2302/FL350/TP B738/TB CONS LGT CAT,CONS LGT CAT,202503202300-KMSC-UBUS01-PIREP,35000.0,27.863097083097085,-86.52,2025-03-20 23:02:00,1.0,M,"('KEVX', 'KMOB', 'KTLH', 'KEOX', 'KTBW')","['s3://noaa-nexrad-level2/2025/03/20/KEVX/KEVX20250320_225741_V06', 's3://noaa-nexrad-level2/2025/03/20/KMOB/KMOB20250320_225602_V06', 's3://noaa-nexrad-level2/2025/03/20/KTLH/KTLH20250320_225848_V06', 's3://noaa-nexrad-level2/2025/03/20/KEOX/KEOX20250320_143812_V06', 's3://noaa-nexrad-level2/2025/03/20/KTBW/KTBW20250320_225923_V06']"
95445,F,B738,CEW UA /OV CEW180175/TM 2302/FL350/TP B738/TB CONS LGT,CONS LGT,202503202300-KMSC-UBUS01-PIREP,35000.0,27.863097083097085,-86.52,2025-03-20 23:02:00,1.0,M,"('KEVX', 'KMOB', 'KTLH', 'KEOX', 'KTBW')","['s3://noaa-nexrad-level2/2025/03/20/KEVX/KEVX20250320_225741_V06', 's3://noaa-nexrad-level2/2025/03/20/KMOB/KMOB20250320_225602_V06', 's3://noaa-nexrad-level2/2025/03/20/KTLH/KTLH20250320_225848_V06', 's3://noaa-nexrad-level2/2025/03/20/KEOX/KEOX20250320_143812_V06', 's3://noaa-nexrad-level2/2025/03/20/KTBW/KTBW20250320_225923_V06']"
95446,F,A321,LOZ UA /OV LOZ270010/TM 2302/FL330/TP A321/TB NEG,NEG,202503202300-KMSC-UBUS01-PIREP,33000.0,37.087,-84.28594550143735,2025-03-20 23:02:00,0.0,M,"('KJKL', 'KMRX', 'KLVX', 'KILN', 'KOHX')","['s3://noaa-nexrad-level2/2025/03/20/KJKL/KJKL20250320_225849_V06', 's3://noaa-nexrad-level2/2025/03/20/KMRX/KMRX20250320_230148_V06', 's3://noaa-nexrad-level2/2025/03/20/KLVX/KLVX20250320_225620_V06', 's3://noaa-nexrad-level2/2025/03/20/KILN/KILN20250320_230036_V06', 's3://noaa-nexrad-level2/2025/03/20/KOHX/KOHX20250320_225851_V06']"
95447,F,B39M,MSN UA /OV MSN/TM 2303/FL360/TP B39M/TB CONS LGT OCNL MOD,CONS LGT OCNL MOD,202503202300-KMSC-UBUS01-PIREP,36000.0,43.14056,-89.34528,2025-03-20 23:03:00,2.0,U,"('KMKX', 'KGRB', 'KDVN', 'KARX', 'KLOT')","['s3://noaa-nexrad-level2/2025/03/20/KMKX/KMKX20250320_230103_V06', 's3://noaa-nexrad-level2/2025/03/20/KGRB/KGRB20250320_225700_V06', 's3://noaa-nexrad-level2/2025/03/20/KDVN/KDVN20250320_230259_V06', 's3://noaa-nexrad-level2/2025/03/20/KARX/KARX20250320_225818_V06', 's3://noaa-nexrad-level2/2025/03/20/KLOT/KLOT20250320_230207_V06']"
95448,F,B737,GSH UA /OV GSH180015/TM 2304/FL250/TP B737/TB OCNL LGT-MOD CHOP,OCNL LGT-MOD CHOP,202503202300-KMSC-UBUS01-PIREP,25000.0,41.27719974997975,-85.79222,2025-03-20 23:04:00,2.0,M,"('KIWX', 'KGRR', 'KIND', 'KLOT', 'KILN')","['s3://noaa-nexrad-level2/2025/03/20/KIWX/KIWX20250320_225556_V06', 's3://noaa-nexrad-level2/2025/03/20/KGRR/KGRR20250320_225914_V06', 's3://noaa-nexrad-level2/2025/03/20/KIND/KIND20250320_230158_V06', 's3://noaa-nexrad-level2/2025/03/20/KLOT/KLOT20250320_230207_V06', 's3://noaa-nexrad-level2/2025/03/20/KILN/KILN20250320_230036_V06']"
95449,F,A319,GUC UA /OV HBU/TM 2304/FL200/TP A319/SK SKC/TB CONS LGT CHOP BLO 190/IC NEG/RM ZDVWC-,CONS LGT CHOP BLO 190,202503202300-KMSC-UBUS01-PIREP,20000.0,38.45,-107.04,2025-03-20 23:04:00,1.0,M,"('KGJX', 'KFTG', 'KPUX', 'KABX', 'KCYS')","['s3://noaa-nexrad-level2/2025/03/20/KGJX/KGJX20250320_230246_V06', 's3://noaa-nexrad-level2/2025/03/20/KFTG/KFTG20250320_225939_V06', 's3://noaa-nexrad-level2/2025/03/20/KPUX/KPUX20250320_230058_V06', 's3://noaa-nexrad-level2/2025/03/20/KABX/KABX20250320_230239_V06', 's3://noaa-nexrad-level2/2025/03/20/KCYS/KCYS20250320_225503_V06']"
95450,F,A319,GUC UA /OV HBU/TM 2304/FL200/TP A319/SK SKC/TB CONS LGT CHOP BLO 190/IC NEG/RM ZDVWC,CONS LGT CHOP BLO 190,202503202315-KWBC-UBUS31-PRCUS,20000.0,38.45,-107.04,2025-03-20 23:04:00,1.0,M,"('KGJX', 'KFTG', 'KPUX', 'KABX', 'KCYS')","['s3://noaa-nexrad-level2/2025/03/20/KGJX/KGJX20250320_230246_V06', 's3://noaa-nexrad-level2/2025/03/20/KFTG/KFTG20250320_225939_V06', 's3://noaa-nexrad-level2/2025/03/20/KPUX/KPUX20250320_230058_V06', 's3://noaa-nexrad-level2/2025/03/20/KABX/KABX20250320_230239_V06', 's3://noaa-nexrad-level2/2025/03/20/KCYS/KCYS20250320_225503_V06']"
95451,F,C30J,FMN UA /OV RSK337015/TM 2305/FL260/TP C30J/TA M38/TB NEG/IC NEG/RM IMC ZDVWC-,NEG,202503202300-KMSC-UBUS01-PIREP,26000.0,36.98014485360503,-108.22192228341164,2025-03-20 23:05:00,0.0,U,"('KGJX', 'KABX', 'KFSX', 'KFSX', 'KPUX')","['s3://noaa-nexrad-level2/2025/03/20/KGJX/KGJX20250320_230246_V06', 's3://noaa-nexrad-level2/2025/03/20/KABX/KABX20250320_230239_V06', 's3://noaa-nexrad-level2/2025/03/20/KFSX/KFSX20250320_230132_V06', 's3://noaa-nexrad-level2/2025/03/20/KFSX/KFSX20250320_230132_V06', 's3://noaa-nexrad-level2/2025/03/20/KPUX/KPUX20250320_230058_V06']"
95452,F,C30J,FMN UA /OV RSK337015/TM 2305/FL260/TP C30J/TA M38/TB NEG/IC NEG/RM IMC ZDVWC,NEG,202503202315-KWBC-UBNM90-PIREP,26000.0,36.98014485360503,-108.22192228341164,2025-03-20 23:05:00,0.0,U,"('KGJX', 'KABX', 'KFSX', 'KFSX', 'KPUX')","['s3://noaa-nexrad-level2/2025/03/20/KGJX/KGJX20250320_230246_V06', 's3://noaa-nexrad-level2/2025/03/20/KABX/KABX20250320_230239_V06', 's3://noaa-nexrad-level2/2025/03/20/KFSX/KFSX20250320_230132_V06', 's3://noaa-nexrad-level2/2025/03/20/KFSX/KFSX20250320_230132_V06', 's3://noaa-nexrad-level2/2025/03/20/KPUX/KPUX20250320_230058_V06']"
95453,F,B190,DUT UA /OV DUT/TM 2306/FL010/TP B190/SK OVC010/WX FV5SM/TA UNKN/TB LGT/IC LGT RIME/RM DURD RNAV13 /ZAN,LGT,202503202300-KMSC-UBUS01-PIREP,1000.0,53.89,-166.54,2025-03-20 23:06:00,1.0,M,"('PABC', 'PAEC', 'PAKC', 'PAHG', 'PAIH')","['s3://noaa-nexrad-level2/2025/03/20/PAEC/PAEC20250320_230201_V06', 's3://noaa-nexrad-level2/2025/03/20/PAKC/PAKC20250320_230110_V06', 's3://noaa-nexrad-level2/2025/03/20/PAHG/PAHG20250320_230159_V06', 's3://noaa-nexrad-level2/2025/03/20/PAIH/PAIH20250320_230136_V06']"
95454,F,E75L,CMH UA /OV ROD/TM 2307/FL300/TP E75L/TB MOD CHOP,MOD CHOP,202503202300-KMSC-UBUS01-PIREP,30000.0,40.29,-84.04,2025-03-20 23:07:00,3.0,U,"('KILN', 'KIWX', 'KIND', 'KCLE', 'KDTX')","['s3://noaa-nexrad-level2/2025/03/20/KILN/KILN20250320_230610_V06', 's3://noaa-nexrad-level2/2025/03/20/KIWX/KIWX20250320_230427_V06', 's3://noaa-nexrad-level2/2025/03/20/KIND/KIND20250320_230158_V06', 's3://noaa-nexrad-level2/2025/03/20/KCLE/KCLE20250320_230501_V06', 's3://noaa-nexrad-level2/2025/03/20/KDTX/KDTX20250320_230324_V06']"
95455,F,BE20,LAR UA /OV MBW260024/TM 2308/FL260/TP BE20/TB NEG/IC NEG/RM ZDVWC-21,NEG,202503202300-KMSC-UBUS01-PIREP,26000.0,41.780535102726645,-106.52887387880445,2025-03-20 23:08:00,0.0,M,"('KCYS', 'KRIW', 'KFTG', 'KGJX', 'KPUX')","['s3://noaa-nexrad-level2/2025/03/20/KCYS/KCYS20250320_230446_V06', 's3://noaa-nexrad-level2/2025/03/20/KRIW/KRIW20250320_230232_V06', 's3://noaa-nexrad-level2/2025/03/20/KFTG/KFTG20250320_230755_V06', 's3://noaa-nexrad-level2/2025/03/20/KGJX/KGJX20250320_230246_V06', 's3://noaa-nexrad-level2/2025/03/20/KPUX/KPUX20250320_230753_V06']"
95456,F,CRJ9,ART UA /OV ART065025/TM 2308/FL280/TP CRJ9/TB CONS LGT CHOP,CONS LGT CHOP,202503202300-KMSC-UBUS01-PIREP,28000.0,44.16493520577256,-75.50129125275431,2025-03-20 23:08:00,1.0,U,"('KTYX', 'KBGM', 'KENX', 'KCXX', 'KBUF')","['s3://noaa-nexrad-level2/2025/03/20/KTYX/KTYX20250320_230336_V06', 's3://noaa-nexrad-level2/2025/03/20/KBGM/KBGM20250320_230531_V06', 's3://noaa-nexrad-level2/2025/03/20/KENX/KENX20250320_230753_V06', 's3://noaa-nexrad-level2/2025/03/20/KCXX/KCXX20250320_230635_V06', 's3://noaa-nexrad-level2/2025/03/20/KBUF/KBUF20250320_230119_V06']"
95457,F,B739,DTW UA /OV Y47/TM 2308/FL100/TP B739/TB NEG/IC NEG/RM DURD,NEG,202503202300-KMSC-UBUS01-PIREP,10000.0,42.5,-83.62,2025-03-20 23:08:00,0.0,M,"('KDTX', 'KGRR', 'KCLE', 'KIWX', 'KAPX')","['s3://noaa-nexrad-level2/2025/03/20/KDTX/KDTX20250320_230324_V06', 's3://noaa-nexrad-level2/2025/03/20/KGRR/KGRR20250320_230743_V06', 's3://noaa-nexrad-level2/2025/03/20/KCLE/KCLE20250320_230501_V06', 's3://noaa-nexrad-level2/2025/03/20/KIWX/KIWX20250320_230427_V06', 's3://noaa-nexrad-level2/2025/03/20/KAPX/KAPX20250320_230526_V06']"
95458,F,A332,HNL UA /OV SHARK/TM 2308/FL320/TP A332/TB MOD TURB,MOD TURB,202503202300-KMSC-UBUS01-PIREP,32000.0,31.43,-85.62,2025-03-20 23:08:00,3.0,H,"('KEOX', 'KEVX', 'KMXX', 'KTLH', 'KBMX')","['s3://noaa-nexrad-level2/2025/03/20/KEOX/KEOX20250320_143812_V06', 's3://noaa-nexrad-level2/2025/03/20/KEVX/KEVX20250320_230625_V06', 's3://noaa-nexrad-level2/2025/03/20/KMXX/KMXX20250320_230554_V06', 's3://noaa-nexrad-level2/2025/03/20/KTLH/KTLH20250320_230531_V06', 's3://noaa-nexrad-level2/2025/03/20/KBMX/KBMX20250320_230345_V06']"
95459,F,E75L,EEO UA /OV EKR050016/TM 2309/FL340/TP E75L/TB NEG/RM ZDVWC-03,NEG,202503202300-KMSC-UBUS01-PIREP,34000.0,40.241423913476,-107.65303785694267,2025-03-20 23:09:00,0.0,U,"('KGJX', 'KRIW', 'KCYS', 'KFTG', 'KPUX')","['s3://noaa-nexrad-level2/2025/03/20/KGJX/KGJX20250320_230813_V06', 's3://noaa-nexrad-level2/2025/03/20/KRIW/KRIW20250320_230232_V06', 's3://noaa-nexrad-level2/2025/03/20/KCYS/KCYS20250320_230446_V06', 's3://noaa-nexrad-level2/2025/03/20/KFTG/KFTG20250320_230755_V06', 's3://noaa-nexrad-level2/2025/03/20/KPUX/KPUX20250320_230753_V06']"
95460,F,C700,ORL UA /OV ORL300010/TM 2309/FL410/TP C700/TB CONS LGT OCNL MOD,CONS LGT OCNL MOD,202503202300-KMSC-UBUS01-PIREP,41000.0,28.62880008334008,-81.49726487926873,2025-03-20 23:09:00,2.0,U,"('KMLB', 'KTBW', 'KJAX', 'KVAX', 'KAMX')","['s3://noaa-nexrad-level2/2025/03/20/KMLB/KMLB20250320_230438_V06', 's3://noaa-nexrad-level2/2025/03/20/KTBW/KTBW20250320_230500_V06', 's3://noaa-nexrad-level2/2025/03/20/KJAX/KJAX20250320_230422_V06', 's3://noaa-nexrad-level2/2025/03/20/KVAX/KVAX20250320_230552_V06', 's3://noaa-nexrad-level2/2025/03/20/KAMX/KAMX20250320_230140_V06']"
95461,F,A321,SBY UA /OV SBY340030/TM 2309/FL300/TP A321/TB MOD/RM 125-300,MOD,202503202300-KMSC-UBUS01-PIREP,30000.0,38.81038436798215,-75.728348732012,2025-03-20 23:09:00,3.0,M,"('KDOX', 'KDIX', 'KLWX', 'KAKQ', 'KCCX')","['s3://noaa-nexrad-level2/2025/03/20/KDOX/KDOX20250320_230622_V06', 's3://noaa-nexrad-level2/2025/03/20/KDIX/KDIX20250320_230623_V06', 's3://noaa-nexrad-level2/2025/03/20/KLWX/KLWX20250320_230740_V06', 's3://noaa-nexrad-level2/2025/03/20/KAKQ/KAKQ20250320_230758_V06', 's3://noaa-nexrad-level2/2025/03/20/KCCX/KCCX20250320_230520_V06']"
95462,F,B788,DEN UA /OV DVV300040/TM 2309/FL390/TP B788/TB OCNL LGT/RM ZDVWC-05,OCNL LGT,202503202300-KMSC-UBUS01-PIREP,39000.0,40.22336033336033,-105.37252739716172,2025-03-20 23:09:00,1.0,U,"('KFTG', 'KCYS', 'KPUX', 'KGJX', 'KGLD')","['s3://noaa-nexrad-level2/2025/03/20/KFTG/KFTG20250320_230755_V06', 's3://noaa-nexrad-level2/2025/03/20/KCYS/KCYS20250320_230446_V06', 's3://noaa-nexrad-level2/2025/03/20/KPUX/KPUX20250320_230753_V06', 's3://noaa-nexrad-level2/2025/03/20/KGJX/KGJX20250320_230813_V06', 's3://noaa-nexrad-level2/2025/03/20/KGLD/KGLD20250320_230840_V06']"
95463,F,LJ45,TLH UA /OV TLH180010/TM 2310/FL430/TP LJ45/TB MOD,MOD,202503202300-KMSC-UBUS01-PIREP,43000.0,30.22685983331984,-84.35135,2025-03-20 23:10:00,3.0,M,"('KTLH', 'KVAX', 'KEVX', 'KEOX', 'KJGX')","['s3://noaa-nexrad-level2/2025/03/20/KTLH/KTLH20250320_230531_V06', 's3://noaa-nexrad-level2/2025/03/20/KVAX/KVAX20250320_230552_V06', 's3://noaa-nexrad-level2/2025/03/20/KEVX/KEVX20250320_230625_V06', 's3://noaa-nexrad-level2/2025/03/20/KEOX/KEOX20250320_143812_V06', 's3://noaa-nexrad-level2/2025/03/20/KJGX/KJGX20250320_230516_V06']"
95464,F,A320,PDX UA /OV BTG010040/TM 2310/FL380/TP A320/TB CONS LGT CHOP 380-340/RM DURD NORTHBOUND...ZSE,CONS LGT CHOP 380-340,202503202300-KMSC-UBUS01-PIREP,38000.0,46.406591681679984,-122.42408367489692,2025-03-20 23:10:00,1.0,M,"('KRTX', 'KATX', 'KLGX', 'KPDT', 'KMAX')","['s3://noaa-nexrad-level2/2025/03/20/KRTX/KRTX20250320_230747_V06', 's3://noaa-nexrad-level2/2025/03/20/KATX/KATX20250320_230811_V06', 's3://noaa-nexrad-level2/2025/03/20/KLGX/KLGX20250320_230521_V06', 's3://noaa-nexrad-level2/2025/03/20/KPDT/KPDT20250320_230854_V06', 's3://noaa-nexrad-level2/2025/03/20/KMAX/KMAX20250320_230016_V06']"
95465,F,B738,PEQ UA /OV PEQ270030/TM 2310/FL380/TP B738/TB CONS MOD CHOP/RM ZAB/FDCS,CONS MOD CHOP,202503210200-KMSC-UBUS01-PIREP,38000.0,31.38,-104.0957109041482,2025-03-20 23:10:00,3.0,M,"('KMAF', 'KHDX', 'KEPZ', 'KLBB', 'KFDX')","['s3://noaa-nexrad-level2/2025/03/20/KMAF/KMAF20250320_230427_V06', 's3://noaa-nexrad-level2/2025/03/20/KHDX/KHDX20250320_230703_V06', 's3://noaa-nexrad-level2/2025/03/20/KEPZ/KEPZ20250320_230853_V06', 's3://noaa-nexrad-level2/2025/03/20/KLBB/KLBB20250320_230409_V06', 's3://noaa-nexrad-level2/2025/03/20/KFDX/KFDX20250320_230507_V06']"
95466,F,CRJ2,EAR UA /OV EAR/TM 2311/FL083/TP CRJ2/SK SKC/TB NEG/RM DURD,NEG,202503202300-KMSC-UBUS01-PIREP,8300.0,40.72703,-99.00678,2025-03-20 23:11:00,0.0,M,"('KUEX', 'KLNX', 'KOAX', 'KGLD', 'KDDC')","['s3://noaa-nexrad-level2/2025/03/20/KUEX/KUEX20250320_230546_V06', 's3://noaa-nexrad-level2/2025/03/20/KLNX/KLNX20250320_230556_V06', 's3://noaa-nexrad-level2/2025/03/20/KOAX/KOAX20250320_231055_V06', 's3://noaa-nexrad-level2/2025/03/20/KGLD/KGLD20250320_230840_V06', 's3://noaa-nexrad-level2/2025/03/20/KDDC/KDDC20250320_230415_V06']"
95467,F,E145,WWD UA /OV ATR/TM 2313/FL160/TP E145/TB MOD,MOD,202503202300-KMSC-UBUS01-PIREP,16000.0,38.81,-75.21,2025-03-20 23:13:00,3.0,M,"('KDOX', 'KDIX', 'KLWX', 'KAKQ', 'KOKX')","['s3://noaa-nexrad-level2/2025/03/20/KDOX/KDOX20250320_231259_V06', 's3://noaa-nexrad-level2/2025/03/20/KDIX/KDIX20250320_231159_V06', 's3://noaa-nexrad-level2/2025/03/20/KLWX/KLWX20250320_230740_V06', 's3://noaa-nexrad-level2/2025/03/20/KAKQ/KAKQ20250320_230758_V06', 's3://noaa-nexrad-level2/2025/03/20/KOKX/KOKX20250320_231109_V06']"
95468,F,LJ45,CEW UA /OV CEW115130/TM 2313/FL430/TP LJ45/TB CONS MOD/RM +/-KT AIRSPEED,CONS MOD,202503202300-KMSC-UBUS01-PIREP,43000.0,29.864252929982715,-84.23419189884864,2025-03-20 23:13:00,3.0,M,"('KTLH', 'KVAX', 'KEVX', 'KEOX', 'KJAX')","['s3://noaa-nexrad-level2/2025/03/20/KTLH/KTLH20250320_231222_V06', 's3://noaa-nexrad-level2/2025/03/20/KVAX/KVAX20250320_231241_V06', 's3://noaa-nexrad-level2/2025/03/20/KEVX/KEVX20250320_230625_V06', 's3://noaa-nexrad-level2/2025/03/20/KEOX/KEOX20250320_143812_V06', 's3://noaa-nexrad-level2/2025/03/20/KJAX/KJAX20250320_231116_V06']"
95469,F,B738,HSI UA /OV HSI/TM 2314/FL360/TP B738/TB CONS LGT CHOP,CONS LGT CHOP,202503202300-KMSC-UBUS01-PIREP,36000.0,40.60525,-98.42789,2025-03-20 23:14:00,1.0,M,"('KUEX', 'KOAX', 'KLNX', 'KTWX', 'KICT')","['s3://noaa-nexrad-level2/2025/03/20/KUEX/KUEX20250320_231251_V06', 's3://noaa-nexrad-level2/2025/03/20/KOAX/KOAX20250320_231055_V06', 's3://noaa-nexrad-level2/2025/03/20/KLNX/KLNX20250320_231242_V06', 's3://noaa-nexrad-level2/2025/03/20/KTWX/KTWX20250320_230703_V06', 's3://noaa-nexrad-level2/2025/03/20/KICT/KICT20250320_230708_V06']"
95470,F,A21N,ELD UA /OV ELD260020/TM 2315/FL320/TP A21N/TB OCNL LGT CHOP/RM ZFW,OCNL LGT CHOP,202503202300-KMSC-UBUS01-PIREP,32000.0,33.16308258560554,-93.20571369189928,2025-03-20 23:15:00,1.0,U,"('KSHV', 'KLZK', 'KPOE', 'KSRX', 'KLCH')","['s3://noaa-nexrad-level2/2025/03/20/KSHV/KSHV20250320_231032_V06', 's3://noaa-nexrad-level2/2025/03/20/KLZK/KLZK20250320_230826_V06', 's3://noaa-nexrad-level2/2025/03/20/KPOE/KPOE20250320_230954_V06', 's3://noaa-nexrad-level2/2025/03/20/KSRX/KSRX20250320_231232_V06', 's3://noaa-nexrad-level2/2025/03/20/KLCH/KLCH20250320_231336_V06']"
95471,F,145,ATL UA /OV HMV/TM 2316/FL220/TP 145/TB NEG/IC NEG/RM SMOOTH ZTLFD 45,NEG,202503202300-KMSC-UBUS01-PIREP,22000.0,36.44,-82.13,2025-03-20 23:16:00,0.0,M,"('KMRX', 'KGSP', 'KJKL', 'KRLX', 'KFCX')","['s3://noaa-nexrad-level2/2025/03/20/KMRX/KMRX20250320_231545_V06', 's3://noaa-nexrad-level2/2025/03/20/KGSP/KGSP20250320_230942_V06', 's3://noaa-nexrad-level2/2025/03/20/KJKL/KJKL20250320_231323_V06', 's3://noaa-nexrad-level2/2025/03/20/KRLX/KRLX20250320_231324_V06', 's3://noaa-nexrad-level2/2025/03/20/KFCX/KFCX20250320_231359_V06']"
95472,F,C172,SUU UA /OV O88 /TM 2316 /FL045 /TP C172 /WX FV20SM HZ /TA 10 /TB NEG,NEG,202503202300-KMSC-UBUS01-PIREP,4500.0,38.19,-121.7,2025-03-20 23:16:00,0.0,L,"('KDAX', 'KMUX', 'KBBX', 'KRGX', 'KHNX')","['s3://noaa-nexrad-level2/2025/03/20/KDAX/KDAX20250320_231512_V06', 's3://noaa-nexrad-level2/2025/03/20/KMUX/KMUX20250320_231537_V06', 's3://noaa-nexrad-level2/2025/03/20/KBBX/KBBX20250320_231331_V06', 's3://noaa-nexrad-level2/2025/03/20/KRGX/KRGX20250320_231423_V06', 's3://noaa-nexrad-level2/2025/03/20/KHNX/KHNX20250320_231347_V06']"
95473,F,A20N,MCK UA /OV MCK/TM 2317/FL350/TP A20N/TB NEG/RM ZDVWC-08,NEG,202503202300-KMSC-UBUS01-PIREP,35000.0,40.20628,-100.59208,2025-03-20 23:17:00,0.0,U,"('KGLD', 'KLNX', 'KUEX', 'KDDC', 'KFTG')","['s3://noaa-nexrad-level2/2025/03/20/KGLD/KGLD20250320_230840_V06', 's3://noaa-nexrad-level2/2025/03/20/KLNX/KLNX20250320_231242_V06', 's3://noaa-nexrad-level2/2025/03/20/KUEX/KUEX20250320_231251_V06', 's3://noaa-nexrad-level2/2025/03/20/KDDC/KDDC20250320_231248_V06', 's3://noaa-nexrad-level2/2025/03/20/KFTG/KFTG20250320_231611_V06']"
95474,F,A321,LCQ UA /OV LCQ270035/TM 2317/FL350/TP A321/TB MOD,MOD,202503202300-KMSC-UBUS01-PIREP,35000.0,30.1821,-83.25177164285215,2025-03-20 23:17:00,3.0,M,"('KVAX', 'KTLH', 'KJAX', 'KJGX', 'KEOX')","['s3://noaa-nexrad-level2/2025/03/20/KVAX/KVAX20250320_231241_V06', 's3://noaa-nexrad-level2/2025/03/20/KTLH/KTLH20250320_231222_V06', 's3://noaa-nexrad-level2/2025/03/20/KJAX/KJAX20250320_231116_V06', 's3://noaa-nexrad-level2/2025/03/20/KJGX/KJGX20250320_231212_V06', 's3://noaa-nexrad-level2/2025/03/20/KEOX/KEOX20250320_143812_V06']"
95475,F,A20N,DEN UA /OV DEN18001/TM 2318/FL058/TP A20N/TB NEG/RM DURD RY34R DEN,NEG,202503202300-KMSC-UBUS01-PIREP,5800.0,39.8328,-104.6575,2025-03-20 23:18:00,0.0,U,"('KFTG', 'KCYS', 'KPUX', 'KGLD', 'KGJX')","['s3://noaa-nexrad-level2/2025/03/20/KFTG/KFTG20250320_231611_V06', 's3://noaa-nexrad-level2/2025/03/20/KCYS/KCYS20250320_231429_V06', 's3://noaa-nexrad-level2/2025/03/20/KPUX/KPUX20250320_231449_V06', 's3://noaa-nexrad-level2/2025/03/20/KGLD/KGLD20250320_230840_V06', 's3://noaa-nexrad-level2/2025/03/20/KGJX/KGJX20250320_231340_V06']"
95476,F,BCS3,LIT UA /OV LIT315040/TM 2318/FL270/TP BCS3/TB MOD/RM ZME,MOD,202503202300-KMSC-UBUS01-PIREP,27000.0,35.1987427045954,-92.8093501049284,2025-03-20 23:18:00,3.0,U,"('KLZK', 'KSRX', 'KSGF', 'KINX', 'KSHV')","['s3://noaa-nexrad-level2/2025/03/20/KLZK/KLZK20250320_231510_V06', 's3://noaa-nexrad-level2/2025/03/20/KSRX/KSRX20250320_231232_V06', 's3://noaa-nexrad-level2/2025/03/20/KSGF/KSGF20250320_231547_V06', 's3://noaa-nexrad-level2/2025/03/20/KINX/KINX20250320_231437_V06', 's3://noaa-nexrad-level2/2025/03/20/KSHV/KSHV20250320_231032_V06']"
95477,F,B38M,MSN UA /OV MSN/TM 2318/FL390/TP B38M/TB CONS LGT,CONS LGT,202503202300-KMSC-UBUS01-PIREP,39000.0,43.14056,-89.34528,2025-03-20 23:18:00,1.0,U,"('KMKX', 'KGRB', 'KDVN', 'KARX', 'KLOT')","['s3://noaa-nexrad-level2/2025/03/20/KMKX/KMKX20250320_231446_V06', 's3://noaa-nexrad-level2/2025/03/20/KGRB/KGRB20250320_231728_V06', 's3://noaa-nexrad-level2/2025/03/20/KDVN/KDVN20250320_231240_V06', 's3://noaa-nexrad-level2/2025/03/20/KARX/KARX20250320_231202_V06', 's3://noaa-nexrad-level2/2025/03/20/KLOT/KLOT20250320_231621_V06']"
95478,F,E170,UNI UA /OV UNI/TM 2319/FL300/TP E170/TB OCNL LGT CHOP-INTMT LGT,OCNL LGT CHOP-INTMT LGT,202503202300-KMSC-UBUS01-PIREP,30000.0,39.2118914,-82.2292537,2025-03-20 23:19:00,1.0,U,"('KRLX', 'KILN', 'KJKL', 'KCLE', 'KPBZ')","['s3://noaa-nexrad-level2/2025/03/20/KRLX/KRLX20250320_231700_V06', 's3://noaa-nexrad-level2/2025/03/20/KILN/KILN20250320_231730_V06', 's3://noaa-nexrad-level2/2025/03/20/KJKL/KJKL20250320_231702_V06', 's3://noaa-nexrad-level2/2025/03/20/KCLE/KCLE20250320_231859_V06', 's3://noaa-nexrad-level2/2025/03/20/KPBZ/KPBZ20250320_231619_V06']"
95479,F,B738,DAN UA /OV SBV180010/TM 2320/FL150/TP B738/TB LGT-MOD CHOP/RM DURD,LGT-MOD CHOP,202503202300-KMSC-UBUS01-PIREP,15000.0,36.51331983331984,-79.01,2025-03-20 23:20:00,2.0,M,"('KRAX', 'KFCX', 'KAKQ', 'KLTX', 'KMHX')","['s3://noaa-nexrad-level2/2025/03/20/KRAX/KRAX20250320_231924_V06', 's3://noaa-nexrad-level2/2025/03/20/KFCX/KFCX20250320_231815_V06', 's3://noaa-nexrad-level2/2025/03/20/KAKQ/KAKQ20250320_231956_V06', 's3://noaa-nexrad-level2/2025/03/20/KLTX/KLTX20250320_231617_V06', 's3://noaa-nexrad-level2/2025/03/20/KMHX/KMHX20250320_231745_V06']"
95480,F,E170,HRO UA /OV HRO090030/TM 2320/FL290/TP E170/TB CONS LGT OCNL MOD CHOP/RM ZME,CONS LGT OCNL MOD CHOP,202503202300-KMSC-UBUS01-PIREP,29000.0,36.26152,-92.53458295369671,2025-03-20 23:20:00,2.0,U,"('KSGF', 'KLZK', 'KSRX', 'KNQA', 'KINX')","['s3://noaa-nexrad-level2/2025/03/20/KSGF/KSGF20250320_231547_V06', 's3://noaa-nexrad-level2/2025/03/20/KLZK/KLZK20250320_231510_V06', 's3://noaa-nexrad-level2/2025/03/20/KSRX/KSRX20250320_231232_V06', 's3://noaa-nexrad-level2/2025/03/20/KNQA/KNQA20250320_231452_V06', 's3://noaa-nexrad-level2/2025/03/20/KINX/KINX20250320_231437_V06']"
95481,F,E145,CMH UA /OV APE/TM 2320/FL140/TP E145/TB NEG,NEG,202503210000-KMSC-UBUS01-PIREP,14000.0,40.15,-82.59,2025-03-20 23:20:00,0.0,M,"('KILN', 'KCLE', 'KRLX', 'KPBZ', 'KJKL')","['s3://noaa-nexrad-level2/2025/03/20/KILN/KILN20250320_231730_V06', 's3://noaa-nexrad-level2/2025/03/20/KCLE/KCLE20250320_231859_V06', 's3://noaa-nexrad-level2/2025/03/20/KRLX/KRLX20250320_231700_V06', 's3://noaa-nexrad-level2/2025/03/20/KPBZ/KPBZ20250320_231619_V06', 's3://noaa-nexrad-level2/2025/03/20/KJKL/KJKL20250320_231702_V06']"
95482,F,BE99,OTH UA /OV OTH/TM 2322/FL020/TP BE99/TA 02/TB MOD/IC NEG/RM BASE 022 DURC...ZSE,MOD,202503202300-KMSC-UBUS01-PIREP,2000.0,43.419462,-124.243737,2025-03-20 23:22:00,3.0,L,"('KMAX', 'KRTX', 'KBHX', 'KLGX', 'KBBX')","['s3://noaa-nexrad-level2/2025/03/20/KMAX/KMAX20250320_232038_V06', 's3://noaa-nexrad-level2/2025/03/20/KRTX/KRTX20250320_232034_V06', 's3://noaa-nexrad-level2/2025/03/20/KBHX/KBHX20250320_231755_V06', 's3://noaa-nexrad-level2/2025/03/20/KLGX/KLGX20250320_231739_V06', 's3://noaa-nexrad-level2/2025/03/20/KBBX/KBBX20250320_232034_V06']"
95483,F,PC12,CHA UA /OV GQO335035/TM 2322/FL250/TP PC12/TB CONS LGT 250/RM ZTLFD37,CONS LGT 250,202503202300-KMSC-UBUS01-PIREP,25000.0,35.488722365523806,-85.45083167986103,2025-03-20 23:22:00,1.0,L,"('KHTX', 'KOHX', 'KMRX', 'KHPX', 'KFFC')","['s3://noaa-nexrad-level2/2025/03/20/KHTX/KHTX20250320_231731_V06', 's3://noaa-nexrad-level2/2025/03/20/KOHX/KOHX20250320_231537_V06', 's3://noaa-nexrad-level2/2025/03/20/KMRX/KMRX20250320_232024_V06', 's3://noaa-nexrad-level2/2025/03/20/KHPX/KHPX20250320_231547_V06', 's3://noaa-nexrad-level2/2025/03/20/KFFC/KFFC20250320_232025_V06']"
95484,F,B738,ABQ UA /OV ABQ/TM 2323/FL380/TP B738/TB LGT-MOD CHOP/RM ZAB/FDCS,LGT-MOD CHOP,202503202300-KMSC-UBUS01-PIREP,38000.0,35.0419,-106.6155,2025-03-20 23:23:00,2.0,M,"('KABX', 'KHDX', 'KFDX', 'KEPZ', 'KPUX')","['s3://noaa-nexrad-level2/2025/03/20/KABX/KABX20250320_232126_V06', 's3://noaa-nexrad-level2/2025/03/20/KHDX/KHDX20250320_232041_V06', 's3://noaa-nexrad-level2/2025/03/20/KFDX/KFDX20250320_231839_V06', 's3://noaa-nexrad-level2/2025/03/20/KEPZ/KEPZ20250320_231558_V06', 's3://noaa-nexrad-level2/2025/03/20/KPUX/KPUX20250320_232143_V06']"
95485,F,B739,TRI UA /OV SOT080035/TM 2323/FL320/TP B739/TB NEG/RM ZTLFD42,NEG,202503202300-KMSC-UBUS01-PIREP,32000.0,35.89130297519031,-82.34173832288212,2025-03-20 23:23:00,0.0,M,"('KGSP', 'KMRX', 'KJKL', 'KCAE', 'KFCX')","['s3://noaa-nexrad-level2/2025/03/20/KGSP/KGSP20250320_231818_V06', 's3://noaa-nexrad-level2/2025/03/20/KMRX/KMRX20250320_232024_V06', 's3://noaa-nexrad-level2/2025/03/20/KJKL/KJKL20250320_232041_V06', 's3://noaa-nexrad-level2/2025/03/20/KCAE/KCAE20250320_231844_V06', 's3://noaa-nexrad-level2/2025/03/20/KFCX/KFCX20250320_232233_V06']"
95486,F,A319,HKY UA /OV BZM/TM 2323/FL170/TP A319/SK SKC/TB LGT CHOP/RM ZTLFD44,LGT CHOP,202503202300-KMSC-UBUS01-PIREP,17000.0,35.87,-81.24,2025-03-20 23:23:00,1.0,M,"('KGSP', 'KFCX', 'KCAE', 'KMRX', 'KRLX')","['s3://noaa-nexrad-level2/2025/03/20/KGSP/KGSP20250320_231818_V06', 's3://noaa-nexrad-level2/2025/03/20/KFCX/KFCX20250320_232233_V06', 's3://noaa-nexrad-level2/2025/03/20/KCAE/KCAE20250320_231844_V06', 's3://noaa-nexrad-level2/2025/03/20/KMRX/KMRX20250320_232024_V06', 's3://noaa-nexrad-level2/2025/03/20/KRLX/KRLX20250320_232036_V06']"
95487,F,B39M,ASE UA /OV DBL067032/TM 2324/FL320/TP B39M/TB LGT CHOP/RM ZDVWC-05,LGT CHOP,202503202300-KMSC-UBUS01-PIREP,32000.0,39.64840681479591,-106.26426015801069,2025-03-20 23:24:00,1.0,U,"('KFTG', 'KGJX', 'KCYS', 'KPUX', 'KRIW')","['s3://noaa-nexrad-level2/2025/03/20/KFTG/KFTG20250320_231611_V06', 's3://noaa-nexrad-level2/2025/03/20/KGJX/KGJX20250320_231916_V06', 's3://noaa-nexrad-level2/2025/03/20/KCYS/KCYS20250320_231429_V06', 's3://noaa-nexrad-level2/2025/03/20/KPUX/KPUX20250320_232143_V06', 's3://noaa-nexrad-level2/2025/03/20/KRIW/KRIW20250320_231939_V06']"
95488,F,A320,ENV UA /OV LCU045045/TM 2324/FL310/TP A320/TB CONS LGT OCNL MOD/ZLC,CONS LGT OCNL MOD,202503202300-KMSC-UBUS01-PIREP,31000.0,41.89037304266982,-113.13337539876824,2025-03-20 23:24:00,2.0,M,"('KMTX', 'KSFX', 'KCBX', 'KLRX', 'KICX')","['s3://noaa-nexrad-level2/2025/03/20/KMTX/KMTX20250320_232239_V06', 's3://noaa-nexrad-level2/2025/03/20/KSFX/KSFX20250320_232245_V06', 's3://noaa-nexrad-level2/2025/03/20/KCBX/KCBX20250320_231828_V06', 's3://noaa-nexrad-level2/2025/03/20/KLRX/KLRX20250320_231948_V06', 's3://noaa-nexrad-level2/2025/03/20/KICX/KICX20250320_231436_V06']"
95489,F,F2TH,TEX UA /OV ETL167015/TM 2325/FL220/TP F2TH/SK BASE250/TB NEG/IC NEG/RM ZDVWC-,NEG,202503202300-KMSC-UBUS01-PIREP,22000.0,37.79638775279015,-108.18858850481811,2025-03-20 23:25:00,0.0,M,"('KGJX', 'KABX', 'KPUX', 'KFTG', 'KFSX')","['s3://noaa-nexrad-level2/2025/03/20/KGJX/KGJX20250320_232443_V06', 's3://noaa-nexrad-level2/2025/03/20/KABX/KABX20250320_232126_V06', 's3://noaa-nexrad-level2/2025/03/20/KPUX/KPUX20250320_232143_V06', 's3://noaa-nexrad-level2/2025/03/20/KFTG/KFTG20250320_232426_V06', 's3://noaa-nexrad-level2/2025/03/20/KFSX/KFSX20250320_231905_V06']"
95490,F,F2TH,TEX UA /OV ETL167015/TM 2325/FL220/TP F2TH/SK BASE250/TB NEG/IC NEG/RM ZDVWC,NEG,202503202330-KWBC-UBUS31-PRCUS,22000.0,37.79638775279015,-108.18858850481811,2025-03-20 23:25:00,0.0,M,"('KGJX', 'KABX', 'KPUX', 'KFTG', 'KFSX')","['s3://noaa-nexrad-level2/2025/03/20/KGJX/KGJX20250320_232443_V06', 's3://noaa-nexrad-level2/2025/03/20/KABX/KABX20250320_232126_V06', 's3://noaa-nexrad-level2/2025/03/20/KPUX/KPUX20250320_232143_V06', 's3://noaa-nexrad-level2/2025/03/20/KFTG/KFTG20250320_232426_V06', 's3://noaa-nexrad-level2/2025/03/20/KFSX/KFSX20250320_231905_V06']"
95491,F,C172,JNU UA /OV 7AK2-JNU /TM 2325 /FL015 /TP C172 /SK OVC020 /TBLGT-MOD /RM DURD RY 8 +/- 10KT LLWS ON FINAL (AKFSS),LGT-MOD,202503202300-KMSC-UBUS01-PIREP,1500.0,58.24,-134.14499999999998,2025-03-20 23:25:00,2.0,L,"('PACG', 'PAIH', 'PAIH', 'KLGX', 'PAPD')","['s3://noaa-nexrad-level2/2025/03/20/PACG/PACG20250320_232141_V06', 's3://noaa-nexrad-level2/2025/03/20/PAIH/PAIH20250320_232438_V06', 's3://noaa-nexrad-level2/2025/03/20/PAIH/PAIH20250320_232438_V06', 's3://noaa-nexrad-level2/2025/03/20/KLGX/KLGX20250320_232348_V06', 's3://noaa-nexrad-level2/2025/03/20/PAPD/PAPD20250320_232453_V06']"
95492,F,C172,JNU UA /OV 7AK2-JNU /TM 2325 /FL015 /TP C172 /SK OVC020 /TB LGT-MOD /RM DURD RY 8 +/- 10KT LLWS ON FINAL (AKFSS,LGT-MOD,202503202335-KWBC-UBUS31-PRCUS,1500.0,58.24,-134.14499999999998,2025-03-20 23:25:00,2.0,L,"('PACG', 'PAIH', 'PAIH', 'KLGX', 'PAPD')","['s3://noaa-nexrad-level2/2025/03/20/PACG/PACG20250320_232141_V06', 's3://noaa-nexrad-level2/2025/03/20/PAIH/PAIH20250320_232438_V06', 's3://noaa-nexrad-level2/2025/03/20/PAIH/PAIH20250320_232438_V06', 's3://noaa-nexrad-level2/2025/03/20/KLGX/KLGX20250320_232348_V06', 's3://noaa-nexrad-level2/2025/03/20/PAPD/PAPD20250320_232453_V06']"
95493,F,A320,BIS UA /OV BIS/TM 2326/FL330/TP A320/TB NEG,NEG,202503202300-KMSC-UBUS01-PIREP,33000.0,46.77272,-100.74575,2025-03-20 23:26:00,0.0,M,"('KBIS', 'KMBX', 'KABR', 'KUDX', 'KMVX')","['s3://noaa-nexrad-level2/2025/03/20/KBIS/KBIS20250320_231922_V06', 's3://noaa-nexrad-level2/2025/03/20/KMBX/KMBX20250320_231915_V06', 's3://noaa-nexrad-level2/2025/03/20/KABR/KABR20250320_232434_V06', 's3://noaa-nexrad-level2/2025/03/20/KUDX/KUDX20250320_231943_V06', 's3://noaa-nexrad-level2/2025/03/20/KMVX/KMVX20250320_232035_V06']"
95494,F,CRJ2,DIK UA /OV DIK/TM 2326/FL170/TP CRJ2/SK SKC/TB NEG/IC NEG/RM DURC,NEG,202503202300-KMSC-UBUS01-PIREP,17000.0,46.79733,-102.80186,2025-03-20 23:26:00,0.0,M,"('KBIS', 'KMBX', 'KUDX', 'KGGW', 'KABR')","['s3://noaa-nexrad-level2/2025/03/20/KBIS/KBIS20250320_231922_V06', 's3://noaa-nexrad-level2/2025/03/20/KMBX/KMBX20250320_231915_V06', 's3://noaa-nexrad-level2/2025/03/20/KUDX/KUDX20250320_231943_V06', 's3://noaa-nexrad-level2/2025/03/20/KGGW/KGGW20250320_232218_V06', 's3://noaa-nexrad-level2/2025/03/20/KABR/KABR20250320_232434_V06']"
95495,F,A319,ATL UA /OV BZM120020/TM 2327/FL130/TP A319/TA M9/TB LGT RIME 080-100/RM DURC ZTLFD44,LGT RIME 080-100,202503202300-KMSC-UBUS01-PIREP,13000.0,35.70331983331983,-80.88373538257157,2025-03-20 23:27:00,1.0,M,"('KFCX', 'KGSP', 'KCAE', 'KRAX', 'KMRX')","['s3://noaa-nexrad-level2/2025/03/20/KFCX/KFCX20250320_232651_V06', 's3://noaa-nexrad-level2/2025/03/20/KGSP/KGSP20250320_231818_V06', 's3://noaa-nexrad-level2/2025/03/20/KCAE/KCAE20250320_232427_V06', 's3://noaa-nexrad-level2/2025/03/20/KRAX/KRAX20250320_232447_V06', 's3://noaa-nexrad-level2/2025/03/20/KMRX/KMRX20250320_232503_V06']"
95496,F,A320,ILM UA /OV ILM190125/TM 2328/FL350/TP A320/TB NEG,NEG,202503202300-KMSC-UBUS01-PIREP,35000.0,32.21815099475006,-78.33780166781514,2025-03-20 23:28:00,0.0,M,"('KLTX', 'KCLX', 'KMHX', 'KCAE', 'KRAX')","['s3://noaa-nexrad-level2/2025/03/20/KLTX/KLTX20250320_232740_V06', 's3://noaa-nexrad-level2/2025/03/20/KCLX/KCLX20250320_232532_V06', 's3://noaa-nexrad-level2/2025/03/20/KMHX/KMHX20250320_232619_V06', 's3://noaa-nexrad-level2/2025/03/20/KCAE/KCAE20250320_232427_V06', 's3://noaa-nexrad-level2/2025/03/20/KRAX/KRAX20250320_232447_V06']"
95497,F,E170,POU UA /OV PWL/TM 2328/FL185/TP E170/TB CONS LGT OCNL MOD 185-150,CONS LGT OCNL MOD 185-150,202503202300-KMSC-UBUS01-PIREP,18500.0,41.77,-73.6,2025-03-20 23:28:00,2.0,U,"('KENX', 'KOKX', 'KDIX', 'KBGM', 'KBOX')","['s3://noaa-nexrad-level2/2025/03/20/KENX/KENX20250320_232620_V06', 's3://noaa-nexrad-level2/2025/03/20/KOKX/KOKX20250320_231949_V06', 's3://noaa-nexrad-level2/2025/03/20/KDIX/KDIX20250320_232341_V06', 's3://noaa-nexrad-level2/2025/03/20/KBGM/KBGM20250320_232752_V06', 's3://noaa-nexrad-level2/2025/03/20/KBOX/KBOX20250320_232551_V06']"
95498,F,A321,ACY UA /OV SIE180030/TM 2329/FL140/TP A321/TB MOD/IC LGT RIME,MOD,202503202300-KMSC-UBUS01-PIREP,14000.0,38.5999594999595,-74.8,2025-03-20 23:29:00,3.0,M,"('KDOX', 'KDIX', 'KLWX', 'KAKQ', 'KOKX')","['s3://noaa-nexrad-level2/2025/03/20/KDOX/KDOX20250320_232543_V06', 's3://noaa-nexrad-level2/2025/03/20/KDIX/KDIX20250320_232341_V06', 's3://noaa-nexrad-level2/2025/03/20/KLWX/KLWX20250320_232721_V06', 's3://noaa-nexrad-level2/2025/03/20/KAKQ/KAKQ20250320_232556_V06', 's3://noaa-nexrad-level2/2025/03/20/KOKX/KOKX20250320_232816_V06']"
95499,F,CRJ7,RID UA /OV RID/TM 2329/FL280/TP CRJ7/TB MOD CHOP,MOD CHOP,202503210000-KMSC-UBUS01-PIREP,28000.0,39.7572,-84.8428,2025-03-20 23:29:00,3.0,M,"('KILN', 'KIND', 'KIWX', 'KLVX', 'KJKL')","['s3://noaa-nexrad-level2/2025/03/20/KILN/KILN20250320_232816_V06', 's3://noaa-nexrad-level2/2025/03/20/KIND/KIND20250320_232252_V06', 's3://noaa-nexrad-level2/2025/03/20/KIWX/KIWX20250320_232126_V06', 's3://noaa-nexrad-level2/2025/03/20/KLVX/KLVX20250320_232355_V06', 's3://noaa-nexrad-level2/2025/03/20/KJKL/KJKL20250320_232739_V06']"
95500,F,A320,ADW UA /OV OTT/TM 2330/FL310/TP A320/TB MOD,MOD,202503202300-KMSC-UBUS01-PIREP,31000.0,38.71,-76.74,2025-03-20 23:30:00,3.0,M,"('KLWX', 'KDOX', 'KAKQ', 'KCCX', 'KDIX')","['s3://noaa-nexrad-level2/2025/03/20/KLWX/KLWX20250320_232721_V06', 's3://noaa-nexrad-level2/2025/03/20/KDOX/KDOX20250320_232543_V06', 's3://noaa-nexrad-level2/2025/03/20/KAKQ/KAKQ20250320_232556_V06', 's3://noaa-nexrad-level2/2025/03/20/KCCX/KCCX20250320_232828_V06', 's3://noaa-nexrad-level2/2025/03/20/KDIX/KDIX20250320_232946_V06']"
95501,F,GL5T,FNL UA /OV FNL180010/TM 2330/FL150/TP GL5T/TB MOD SFC-150,MOD SFC-150,202503202300-KMSC-UBUS01-PIREP,15000.0,40.28514983331984,-105.01134,2025-03-20 23:30:00,3.0,U,"('KFTG', 'KCYS', 'KPUX', 'KGJX', 'KGLD')","['s3://noaa-nexrad-level2/2025/03/20/KFTG/KFTG20250320_232426_V06', 's3://noaa-nexrad-level2/2025/03/20/KCYS/KCYS20250320_232413_V06', 's3://noaa-nexrad-level2/2025/03/20/KPUX/KPUX20250320_232838_V06', 's3://noaa-nexrad-level2/2025/03/20/KGJX/KGJX20250320_232443_V06', 's3://noaa-nexrad-level2/2025/03/20/KGLD/KGLD20250320_232757_V06']"
95502,F,H60,PUB UA /OV KFCS-KPUB /TM 2330 /FL075 /TP H60 /TB NEG BLO 075,NEG BLO 075,202503202300-KMSC-UBUS01-PIREP,7500.0,38.484195,-104.62745,2025-03-20 23:30:00,0.0,L,"('KPUX', 'KFTG', 'KCYS', 'KGLD', 'KGJX')","['s3://noaa-nexrad-level2/2025/03/20/KPUX/KPUX20250320_232838_V06', 's3://noaa-nexrad-level2/2025/03/20/KFTG/KFTG20250320_232426_V06', 's3://noaa-nexrad-level2/2025/03/20/KCYS/KCYS20250320_232413_V06', 's3://noaa-nexrad-level2/2025/03/20/KGLD/KGLD20250320_232757_V06', 's3://noaa-nexrad-level2/2025/03/20/KGJX/KGJX20250320_232443_V06']"
95503,F,B38M,HNL UA /OV SHARK/TM 2330/FL223/TP B38M/TB MOD TURB,MOD TURB,202503202300-KMSC-UBUS01-PIREP,22300.0,31.43,-85.62,2025-03-20 23:30:00,3.0,U,"('KEOX', 'KEVX', 'KMXX', 'KTLH', 'KBMX')","['s3://noaa-nexrad-level2/2025/03/20/KEOX/KEOX20250320_143812_V06', 's3://noaa-nexrad-level2/2025/03/20/KEVX/KEVX20250320_232355_V06', 's3://noaa-nexrad-level2/2025/03/20/KMXX/KMXX20250320_232640_V06', 's3://noaa-nexrad-level2/2025/03/20/KTLH/KTLH20250320_232612_V06', 's3://noaa-nexrad-level2/2025/03/20/KBMX/KBMX20250320_232351_V06']"
95504,F,E175,ADW UA /OV OTT100025/TM 2332/FL290/TP E175/TB MOD,MOD,202503202300-KMSC-UBUS01-PIREP,29000.0,38.63764073200692,-76.21410147997354,2025-03-20 23:32:00,3.0,U,"('KDOX', 'KLWX', 'KAKQ', 'KDIX', 'KCCX')","['s3://noaa-nexrad-level2/2025/03/20/KDOX/KDOX20250320_232543_V06', 's3://noaa-nexrad-level2/2025/03/20/KLWX/KLWX20250320_232721_V06', 's3://noaa-nexrad-level2/2025/03/20/KAKQ/KAKQ20250320_232556_V06', 's3://noaa-nexrad-level2/2025/03/20/KDIX/KDIX20250320_232946_V06', 's3://noaa-nexrad-level2/2025/03/20/KCCX/KCCX20250320_232828_V06']"
95505,F,B764,BAF UA /OV BAF180020/TM 2332/FL380/TP B764/TB NEG/RM +/- 30KTS VERY BRIEFLY,NEG,202503202300-KMSC-UBUS01-PIREP,38000.0,41.82441966663967,-72.71611,2025-03-20 23:32:00,0.0,H,"('KOKX', 'KENX', 'KBOX', 'KDIX', 'KCXX')","['s3://noaa-nexrad-level2/2025/03/20/KOKX/KOKX20250320_232816_V06', 's3://noaa-nexrad-level2/2025/03/20/KENX/KENX20250320_233058_V06', 's3://noaa-nexrad-level2/2025/03/20/KBOX/KBOX20250320_232551_V06', 's3://noaa-nexrad-level2/2025/03/20/KDIX/KDIX20250320_232946_V06', 's3://noaa-nexrad-level2/2025/03/20/KCXX/KCXX20250320_232902_V06']"
95506,F,B39M,FOD UA /OV FOD/TM 2332/FL340/TP B39M/TB CONS LGT CHOP,CONS LGT CHOP,202503202300-KMSC-UBUS01-PIREP,34000.0,42.549741,-94.203203,2025-03-20 23:32:00,1.0,U,"('KDMX', 'KMPX', 'KOAX', 'KFSD', 'KARX')","['s3://noaa-nexrad-level2/2025/03/20/KDMX/KDMX20250320_233144_V06', 's3://noaa-nexrad-level2/2025/03/20/KMPX/KMPX20250320_232529_V06', 's3://noaa-nexrad-level2/2025/03/20/KOAX/KOAX20250320_233150_V06', 's3://noaa-nexrad-level2/2025/03/20/KFSD/KFSD20250320_233119_V06', 's3://noaa-nexrad-level2/2025/03/20/KARX/KARX20250320_232605_V06']"
95507,F,BCS3,MJX UA /OV CYN155022/TM 2333/FL210/TP BCS3/TB LGT-MOD,LGT-MOD,202503202300-KMSC-UBUS01-PIREP,21000.0,39.48766022738504,-74.22822855799748,2025-03-20 23:33:00,2.0,U,"('KDIX', 'KDOX', 'KOKX', 'KENX', 'KBGM')","['s3://noaa-nexrad-level2/2025/03/20/KDIX/KDIX20250320_232946_V06', 's3://noaa-nexrad-level2/2025/03/20/KDOX/KDOX20250320_233210_V06', 's3://noaa-nexrad-level2/2025/03/20/KOKX/KOKX20250320_232816_V06', 's3://noaa-nexrad-level2/2025/03/20/KENX/KENX20250320_233058_V06', 's3://noaa-nexrad-level2/2025/03/20/KBGM/KBGM20250320_232752_V06']"
95508,F,A321,PBF UA /OV PBF180010/TM 2333/FL350/TP A321/TB CONS LGT CHOP/RM ZME,CONS LGT CHOP,202503202300-KMSC-UBUS01-PIREP,35000.0,34.00831983331983,-91.93472,2025-03-20 23:33:00,1.0,M,"('KLZK', 'KNQA', 'KSHV', 'KDGX', 'KSRX')","['s3://noaa-nexrad-level2/2025/03/20/KLZK/KLZK20250320_232904_V06', 's3://noaa-nexrad-level2/2025/03/20/KNQA/KNQA20250320_233118_V06', 's3://noaa-nexrad-level2/2025/03/20/KSHV/KSHV20250320_232739_V06', 's3://noaa-nexrad-level2/2025/03/20/KDGX/KDGX20250320_232759_V06', 's3://noaa-nexrad-level2/2025/03/20/KSRX/KSRX20250320_232933_V06']"
95509,F,A321,ATL UA /OV NZGUL/TM 2333/FL330/TP A321/TB NEG/RM ZTLFD10,NEG,202503202300-KMSC-UBUS01-PIREP,33000.0,33.6301,-84.4418,2025-03-20 23:33:00,0.0,M,"('KFFC', 'KJGX', 'KMXX', 'KHTX', 'KBMX')","['s3://noaa-nexrad-level2/2025/03/20/KFFC/KFFC20250320_232725_V06', 's3://noaa-nexrad-level2/2025/03/20/KJGX/KJGX20250320_232616_V06', 's3://noaa-nexrad-level2/2025/03/20/KMXX/KMXX20250320_232640_V06', 's3://noaa-nexrad-level2/2025/03/20/KHTX/KHTX20250320_233135_V06', 's3://noaa-nexrad-level2/2025/03/20/KBMX/KBMX20250320_232351_V06']"
95510,F,PC12,MSS UA /OV KMSS/TM 2333/FL001/TP PC12/SK BASE 022/TB LGT CHOP/RM LGT CHOP ON FINAL DURD KMSS RWY23,LGT CHOP,202503202300-KMSC-UBUS01-PIREP,100.0,44.93583,-74.84556,2025-03-20 23:33:00,1.0,L,"('KTYX', 'KCXX', 'KENX', 'KBGM', 'KBUF')","['s3://noaa-nexrad-level2/2025/03/20/KTYX/KTYX20250320_233041_V06', 's3://noaa-nexrad-level2/2025/03/20/KCXX/KCXX20250320_232902_V06', 's3://noaa-nexrad-level2/2025/03/20/KENX/KENX20250320_233058_V06', 's3://noaa-nexrad-level2/2025/03/20/KBGM/KBGM20250320_232752_V06', 's3://noaa-nexrad-level2/2025/03/20/KBUF/KBUF20250320_232648_V06']"
95511,F,E75S,GRR UA /OV VIO/TM 2334/FL260/TP E75S/TB CONS LGT OCNL MOD CHOP 290-320,CONS LGT OCNL MOD CHOP 290-320,202503202300-KMSC-UBUS01-PIREP,26000.0,42.88210929,-85.5229853,2025-03-20 23:34:00,2.0,U,"('KGRR', 'KIWX', 'KDTX', 'KAPX', 'KLOT')","['s3://noaa-nexrad-level2/2025/03/20/KGRR/KGRR20250320_233234_V06', 's3://noaa-nexrad-level2/2025/03/20/KIWX/KIWX20250320_232956_V06', 's3://noaa-nexrad-level2/2025/03/20/KDTX/KDTX20250320_233143_V06', 's3://noaa-nexrad-level2/2025/03/20/KAPX/KAPX20250320_233251_V06', 's3://noaa-nexrad-level2/2025/03/20/KLOT/KLOT20250320_233034_V06']"
95512,F,BE20,MRI UA /OV MRI1600096/TM 2335/FL012/TP BE20/TB LGT CHOP,LGT CHOP,202503202300-KMSC-UBUS01-PIREP,1200.0,61.21,-149.84,2025-03-20 23:35:00,1.0,M,"('PAHG', 'PAIH', 'PAIH', 'PAPD', 'PAKC')","['s3://noaa-nexrad-level2/2025/03/20/PAHG/PAHG20250320_232958_V06', 's3://noaa-nexrad-level2/2025/03/20/PAIH/PAIH20250320_233350_V06', 's3://noaa-nexrad-level2/2025/03/20/PAIH/PAIH20250320_233350_V06', 's3://noaa-nexrad-level2/2025/03/20/PAPD/PAPD20250320_233155_V06', 's3://noaa-nexrad-level2/2025/03/20/PAKC/PAKC20250320_232926_V06']"
95513,F,CRJ9,HGR UA /OV HGR/TM 2335/FL320/TP CRJ9/TB CONS MOD CHOP,CONS MOD CHOP,202503202300-KMSC-UBUS01-PIREP,32000.0,39.70778,-77.72972,2025-03-20 23:35:00,3.0,U,"('KLWX', 'KCCX', 'KDOX', 'KPBZ', 'KAKQ')","['s3://noaa-nexrad-level2/2025/03/20/KLWX/KLWX20250320_233347_V06', 's3://noaa-nexrad-level2/2025/03/20/KCCX/KCCX20250320_233301_V06', 's3://noaa-nexrad-level2/2025/03/20/KDOX/KDOX20250320_233210_V06', 's3://noaa-nexrad-level2/2025/03/20/KPBZ/KPBZ20250320_233019_V06', 's3://noaa-nexrad-level2/2025/03/20/KAKQ/KAKQ20250320_233207_V06']"
95514,F,C25A,ATL UA /OV MCN300015/TM 2336/FL170/TP C25A/TB OCNL LGT CHOP/RM ZTLFD22,OCNL LGT CHOP,202503202300-KMSC-UBUS01-PIREP,17000.0,32.81786012501013,-83.9064931495589,2025-03-20 23:36:00,1.0,L,"('KJGX', 'KFFC', 'KMXX', 'KEOX', 'KVAX')","['s3://noaa-nexrad-level2/2025/03/20/KJGX/KJGX20250320_233318_V06', 's3://noaa-nexrad-level2/2025/03/20/KFFC/KFFC20250320_233427_V06', 's3://noaa-nexrad-level2/2025/03/20/KMXX/KMXX20250320_233342_V06', 's3://noaa-nexrad-level2/2025/03/20/KEOX/KEOX20250320_143812_V06', 's3://noaa-nexrad-level2/2025/03/20/KVAX/KVAX20250320_233317_V06']"
95515,F,B737,AGS UA /OV IRQ150020/TM 2337/FL380/TP B737/TB NEG/RM ZTLFD23,NEG,202503202300-KMSC-UBUS01-PIREP,38000.0,33.4213014826959,-81.95962888764304,2025-03-20 23:37:00,0.0,M,"('KCAE', 'KCLX', 'KGSP', 'KJGX', 'KFFC')","['s3://noaa-nexrad-level2/2025/03/20/KCAE/KCAE20250320_233333_V06', 's3://noaa-nexrad-level2/2025/03/20/KCLX/KCLX20250320_233337_V06', 's3://noaa-nexrad-level2/2025/03/20/KGSP/KGSP20250320_233544_V06', 's3://noaa-nexrad-level2/2025/03/20/KJGX/KJGX20250320_233318_V06', 's3://noaa-nexrad-level2/2025/03/20/KFFC/KFFC20250320_233427_V06']"
95516,F,B190,GCC UA /OV GCC280030/TM 2337/FL120/TP B190/TB MOD/RM ZDVWC-22,MOD,202503202300-KMSC-UBUS01-PIREP,12000.0,44.43575112159169,-106.22799992280515,2025-03-20 23:37:00,3.0,M,"('KRIW', 'KBLX', 'KUDX', 'KCYS', 'KGGW')","['s3://noaa-nexrad-level2/2025/03/20/KRIW/KRIW20250320_232821_V06', 's3://noaa-nexrad-level2/2025/03/20/KBLX/KBLX20250320_233529_V06', 's3://noaa-nexrad-level2/2025/03/20/KUDX/KUDX20250320_233311_V06', 's3://noaa-nexrad-level2/2025/03/20/KCYS/KCYS20250320_233357_V06', 's3://noaa-nexrad-level2/2025/03/20/KGGW/KGGW20250320_233359_V06']"
95517,F,BE20,JNU UA /OV JNU /TM 2338 /FL020 /TP BE20 /TB LGT /RM DURC RY 8 WESTBOUND +/15 KT (AKFSS),LGT,202503202300-KMSC-UBUS01-PIREP,2000.0,58.35,-134.57,2025-03-20 23:38:00,1.0,M,"('PACG', 'PAIH', 'PAIH', 'PAPD', 'KLGX')","['s3://noaa-nexrad-level2/2025/03/20/PACG/PACG20250320_233541_V06', 's3://noaa-nexrad-level2/2025/03/20/PAIH/PAIH20250320_233350_V06', 's3://noaa-nexrad-level2/2025/03/20/PAIH/PAIH20250320_233350_V06', 's3://noaa-nexrad-level2/2025/03/20/PAPD/PAPD20250320_233155_V06', 's3://noaa-nexrad-level2/2025/03/20/KLGX/KLGX20250320_233605_V06']"
95518,F,BE20,JNU UA /OV JNU /TM 2338 /FL020 /TP BE20 /TB LGT /RM DURC RY 8 WEST BOUND +/15 KT (AKFSS,LGT,202503202345-KWBC-UBUS31-PRCUS,2000.0,58.35,-134.57,2025-03-20 23:38:00,1.0,M,"('PACG', 'PAIH', 'PAIH', 'PAPD', 'KLGX')","['s3://noaa-nexrad-level2/2025/03/20/PACG/PACG20250320_233541_V06', 's3://noaa-nexrad-level2/2025/03/20/PAIH/PAIH20250320_233350_V06', 's3://noaa-nexrad-level2/2025/03/20/PAIH/PAIH20250320_233350_V06', 's3://noaa-nexrad-level2/2025/03/20/PAPD/PAPD20250320_233155_V06', 's3://noaa-nexrad-level2/2025/03/20/KLGX/KLGX20250320_233605_V06']"
95519,F,A320,ATL UA /OV ATL/TM 2338/FL350/TP A320/TB OCNL LGT CHOP/RM ZTLFD27,OCNL LGT CHOP,202503202300-KMSC-UBUS01-PIREP,35000.0,33.6301,-84.4418,2025-03-20 23:38:00,1.0,M,"('KFFC', 'KJGX', 'KMXX', 'KHTX', 'KBMX')","['s3://noaa-nexrad-level2/2025/03/20/KFFC/KFFC20250320_233427_V06', 's3://noaa-nexrad-level2/2025/03/20/KJGX/KJGX20250320_233318_V06', 's3://noaa-nexrad-level2/2025/03/20/KMXX/KMXX20250320_233342_V06', 's3://noaa-nexrad-level2/2025/03/20/KHTX/KHTX20250320_233135_V06', 's3://noaa-nexrad-level2/2025/03/20/KBMX/KBMX20250320_233401_V06']"
95520,F,LJ45,MRB UA /OV 10 E MRB/TM 2338/FL130/TP LJ45/TA -10/TB MOD TURB/IC LGT RIME/RM ANTHM5 STAR DURD AOB150,MOD TURB,202503202300-KMSC-UBUS01-PIREP,13000.0,39.4019,-77.76896213792806,2025-03-20 23:38:00,3.0,M,"('KLWX', 'KCCX', 'KDOX', 'KAKQ', 'KPBZ')","['s3://noaa-nexrad-level2/2025/03/20/KLWX/KLWX20250320_233347_V06', 's3://noaa-nexrad-level2/2025/03/20/KCCX/KCCX20250320_233732_V06', 's3://noaa-nexrad-level2/2025/03/20/KDOX/KDOX20250320_233210_V06', 's3://noaa-nexrad-level2/2025/03/20/KAKQ/KAKQ20250320_233207_V06', 's3://noaa-nexrad-level2/2025/03/20/KPBZ/KPBZ20250320_233711_V06']"
95521,F,E75L,TBN UA /OV MAP/TM 2338/FL340/TP E75L/TB MOD CHOP/RM ZKC FDC,MOD CHOP,202503202300-KMSC-UBUS01-PIREP,34000.0,37.59,-91.79,2025-03-20 23:38:00,3.0,U,"('KLSX', 'KSGF', 'KEAX', 'KLZK', 'KNQA')","['s3://noaa-nexrad-level2/2025/03/20/KLSX/KLSX20250320_233632_V06', 's3://noaa-nexrad-level2/2025/03/20/KSGF/KSGF20250320_233246_V06', 's3://noaa-nexrad-level2/2025/03/20/KEAX/KEAX20250320_141950_V06', 's3://noaa-nexrad-level2/2025/03/20/KLZK/KLZK20250320_233607_V06', 's3://noaa-nexrad-level2/2025/03/20/KNQA/KNQA20250320_233118_V06']"
95522,F,CRJ7,MLU UA /OV MLU/TM 2339/FL300/TP CRJ7/TB OCNL CONS LGT CHOP/RM ZFW,OCNL CONS LGT CHOP,202503202300-KMSC-UBUS01-PIREP,30000.0,32.51086,-92.03769,2025-03-20 23:39:00,1.0,M,"('KPOE', 'KSHV', 'KDGX', 'KLZK', 'KHDC')","['s3://noaa-nexrad-level2/2025/03/20/KPOE/KPOE20250320_233824_V06', 's3://noaa-nexrad-level2/2025/03/20/KSHV/KSHV20250320_233612_V06', 's3://noaa-nexrad-level2/2025/03/20/KDGX/KDGX20250320_233635_V06', 's3://noaa-nexrad-level2/2025/03/20/KLZK/KLZK20250320_233607_V06', 's3://noaa-nexrad-level2/2025/03/20/KHDC/KHDC20250320_232929_V06']"
95523,F,B737,DBN UA /OV DBN330025/TM 2339/FL140/TP B737/TB OCNL LGT CHOP/RM ZTLFD19,OCNL LGT CHOP,202503202300-KMSC-UBUS01-PIREP,14000.0,32.92528984663012,-83.23249358398515,2025-03-20 23:39:00,1.0,M,"('KJGX', 'KFFC', 'KVAX', 'KGSP', 'KCLX')","['s3://noaa-nexrad-level2/2025/03/20/KJGX/KJGX20250320_233318_V06', 's3://noaa-nexrad-level2/2025/03/20/KFFC/KFFC20250320_233427_V06', 's3://noaa-nexrad-level2/2025/03/20/KVAX/KVAX20250320_233317_V06', 's3://noaa-nexrad-level2/2025/03/20/KGSP/KGSP20250320_233544_V06', 's3://noaa-nexrad-level2/2025/03/20/KCLX/KCLX20250320_233741_V06']"
95524,F,CRJ7,AGS UA /OV IRQ270015/TM 2341/FL170/TP CRJ7/TB NEG/RM ZTLFD19,NEG,202503202300-KMSC-UBUS01-PIREP,17000.0,33.71,-82.46055666853545,2025-03-20 23:41:00,0.0,M,"('KGSP', 'KCAE', 'KJGX', 'KCLX', 'KFFC')","['s3://noaa-nexrad-level2/2025/03/20/KGSP/KGSP20250320_233544_V06', 's3://noaa-nexrad-level2/2025/03/20/KCAE/KCAE20250320_233810_V06', 's3://noaa-nexrad-level2/2025/03/20/KJGX/KJGX20250320_234019_V06', 's3://noaa-nexrad-level2/2025/03/20/KCLX/KCLX20250320_233741_V06', 's3://noaa-nexrad-level2/2025/03/20/KFFC/KFFC20250320_233427_V06']"
95525,F,B712,MGM UA /OV MGM080025/TM 2341/FL170/TP B712/TB NEG/RM ZTLFD09,NEG,202503202300-KMSC-UBUS01-PIREP,17000.0,32.37299926799308,-85.90847227281985,2025-03-20 23:41:00,0.0,M,"('KMXX', 'KEOX', 'KBMX', 'KFFC', 'KEVX')","['s3://noaa-nexrad-level2/2025/03/20/KMXX/KMXX20250320_234025_V06', 's3://noaa-nexrad-level2/2025/03/20/KEOX/KEOX20250320_143812_V06', 's3://noaa-nexrad-level2/2025/03/20/KBMX/KBMX20250320_233401_V06', 's3://noaa-nexrad-level2/2025/03/20/KFFC/KFFC20250320_233427_V06', 's3://noaa-nexrad-level2/2025/03/20/KEVX/KEVX20250320_234039_V06']"
95526,F,E145,SYR UA /OV SYR220020/TM 2342/FL130/TP E145/TB MOD CHOP 130-150,MOD CHOP 130-150,202503202300-KMSC-UBUS01-PIREP,13000.0,42.85582116907303,-76.39983251122375,2025-03-20 23:42:00,3.0,M,"('KBGM', 'KTYX', 'KBUF', 'KENX', 'KCCX')","['s3://noaa-nexrad-level2/2025/03/20/KBGM/KBGM20250320_233850_V06', 's3://noaa-nexrad-level2/2025/03/20/KTYX/KTYX20250320_234114_V06', 's3://noaa-nexrad-level2/2025/03/20/KBUF/KBUF20250320_233518_V06', 's3://noaa-nexrad-level2/2025/03/20/KENX/KENX20250320_234027_V06', 's3://noaa-nexrad-level2/2025/03/20/KCCX/KCCX20250320_233732_V06']"
95527,F,C525,LCK UA /OV LCK150020/TM 2343/FL200/TP C525/SK TOP060/TB NEG ABV060/IC LGT RIME BLO060,NEG ABV060,202503210000-KMSC-UBUS01-PIREP,20000.0,39.5250814826959,-82.71081513698269,2025-03-20 23:43:00,0.0,L,"('KILN', 'KRLX', 'KJKL', 'KCLE', 'KPBZ')","['s3://noaa-nexrad-level2/2025/03/20/KILN/KILN20250320_233901_V06', 's3://noaa-nexrad-level2/2025/03/20/KRLX/KRLX20250320_234210_V06', 's3://noaa-nexrad-level2/2025/03/20/KJKL/KJKL20250320_234140_V06', 's3://noaa-nexrad-level2/2025/03/20/KCLE/KCLE20250320_234219_V06', 's3://noaa-nexrad-level2/2025/03/20/KPBZ/KPBZ20250320_233711_V06']"
95528,F,C208,UNK UA /OV UNK340020/TM 2344/FL087/TP C208/SK TOP087/TA M14/TB NEG/IC NEG/RM DURC /ZAN,NEG,202503202300-KMSC-UBUS01-PIREP,8700.0,64.19325624532144,-161.04897847149442,2025-03-20 23:44:00,0.0,L,"('PABC', 'PAEC', 'PAKC', 'PAHG', 'PAPD')","['s3://noaa-nexrad-level2/2025/03/20/PAEC/PAEC20250320_234237_V06', 's3://noaa-nexrad-level2/2025/03/20/PAKC/PAKC20250320_234333_V06', 's3://noaa-nexrad-level2/2025/03/20/PAHG/PAHG20250320_234358_V06', 's3://noaa-nexrad-level2/2025/03/20/PAPD/PAPD20250320_233858_V06']"
95529,F,A21N,ATL UA /OV PZD360040/TM 2344/FL350/TP A21N/TB CONS LGT OCNL MOD/RM ZTLFD27,CONS LGT OCNL MOD,202503202300-KMSC-UBUS01-PIREP,35000.0,32.32672066672067,-84.29,2025-03-20 23:44:00,2.0,U,"('KJGX', 'KFFC', 'KEOX', 'KMXX', 'KVAX')","['s3://noaa-nexrad-level2/2025/03/20/KJGX/KJGX20250320_234019_V06', 's3://noaa-nexrad-level2/2025/03/20/KFFC/KFFC20250320_234236_V06', 's3://noaa-nexrad-level2/2025/03/20/KEOX/KEOX20250320_143812_V06', 's3://noaa-nexrad-level2/2025/03/20/KMXX/KMXX20250320_234025_V06', 's3://noaa-nexrad-level2/2025/03/20/KVAX/KVAX20250320_234014_V06']"
95530,F,A321,GLD UA /OV GLD140040/TM 2344/FL320/TP A321/TB CONS LGT OCNL MOD/RM ZDVWC-,CONS LGT OCNL MOD,202503202300-KMSC-UBUS01-PIREP,32000.0,38.85648233814606,-101.13898816206373,2025-03-20 23:44:00,2.0,M,"('KGLD', 'KDDC', 'KPUX', 'KUEX', 'KLNX')","['s3://noaa-nexrad-level2/2025/03/20/KGLD/KGLD20250320_233735_V06', 's3://noaa-nexrad-level2/2025/03/20/KDDC/KDDC20250320_233758_V06', 's3://noaa-nexrad-level2/2025/03/20/KPUX/KPUX20250320_234231_V06', 's3://noaa-nexrad-level2/2025/03/20/KUEX/KUEX20250320_234014_V06', 's3://noaa-nexrad-level2/2025/03/20/KLNX/KLNX20250320_233945_V06']"
95531,F,A321,GLD UA /OV GLD140040/TM 2344/FL320/TP A321/TB CONS LGT OCNL MOD/RM ZDVWC,CONS LGT OCNL MOD,202503202355-KWBC-UBUS31-PRCUS,32000.0,38.85648233814606,-101.13898816206373,2025-03-20 23:44:00,2.0,M,"('KGLD', 'KDDC', 'KPUX', 'KUEX', 'KLNX')","['s3://noaa-nexrad-level2/2025/03/20/KGLD/KGLD20250320_233735_V06', 's3://noaa-nexrad-level2/2025/03/20/KDDC/KDDC20250320_233758_V06', 's3://noaa-nexrad-level2/2025/03/20/KPUX/KPUX20250320_234231_V06', 's3://noaa-nexrad-level2/2025/03/20/KUEX/KUEX20250320_234014_V06', 's3://noaa-nexrad-level2/2025/03/20/KLNX/KLNX20250320_233945_V06']"
95532,T,B733,ALB UUA /OV ALB010002/TM 2345/FL020/TP B733/TB LGT-MOD/RM +/-10 KTS DURD RY19.,LGT-MOD,202503202300-KMSC-UBUS01-PIREP,2000.0,42.790399584084,-73.79572593204445,2025-03-20 23:45:00,2.0,M,"('KENX', 'KCXX', 'KTYX', 'KOKX', 'KBGM')","['s3://noaa-nexrad-level2/2025/03/20/KENX/KENX20250320_234027_V06', 's3://noaa-nexrad-level2/2025/03/20/KCXX/KCXX20250320_234238_V06', 's3://noaa-nexrad-level2/2025/03/20/KTYX/KTYX20250320_234114_V06', 's3://noaa-nexrad-level2/2025/03/20/KOKX/KOKX20250320_234010_V06', 's3://noaa-nexrad-level2/2025/03/20/KBGM/KBGM20250320_234438_V06']"
95533,T,B733,ALB UUA /OV ALB010002/TM 2345/FL020/TP B733/TB LGT-MOD/RM +/-10 KTS DURD RY19,LGT-MOD,202503202350-KWBC-UBNY91-PIREP,2000.0,42.790399584084,-73.79572593204445,2025-03-20 23:45:00,2.0,M,"('KENX', 'KCXX', 'KTYX', 'KOKX', 'KBGM')","['s3://noaa-nexrad-level2/2025/03/20/KENX/KENX20250320_234027_V06', 's3://noaa-nexrad-level2/2025/03/20/KCXX/KCXX20250320_234238_V06', 's3://noaa-nexrad-level2/2025/03/20/KTYX/KTYX20250320_234114_V06', 's3://noaa-nexrad-level2/2025/03/20/KOKX/KOKX20250320_234010_V06', 's3://noaa-nexrad-level2/2025/03/20/KBGM/KBGM20250320_234438_V06']"
95534,F,B38M,ATL UA /OV MCN200015/TM 2345/FL390/TP B38M/TB INTMT LGT CHOP/RM ZTLFD27,INTMT LGT CHOP,202503202300-KMSC-UBUS01-PIREP,39000.0,32.45790781600893,-83.75081905130828,2025-03-20 23:45:00,1.0,U,"('KJGX', 'KFFC', 'KVAX', 'KEOX', 'KMXX')","['s3://noaa-nexrad-level2/2025/03/20/KJGX/KJGX20250320_234019_V06', 's3://noaa-nexrad-level2/2025/03/20/KFFC/KFFC20250320_234236_V06', 's3://noaa-nexrad-level2/2025/03/20/KVAX/KVAX20250320_234014_V06', 's3://noaa-nexrad-level2/2025/03/20/KEOX/KEOX20250320_143812_V06', 's3://noaa-nexrad-level2/2025/03/20/KMXX/KMXX20250320_234025_V06']"
95535,F,A319,FNT UA /OV FNT261026/TM 2347/FL320/TP A319/TB CONS LGT CHOP/RM ZOB,CONS LGT CHOP,202503202300-KMSC-UBUS01-PIREP,32000.0,42.89887624096069,-84.33438399484136,2025-03-20 23:47:00,1.0,M,"('KDTX', 'KGRR', 'KAPX', 'KIWX', 'KCLE')","['s3://noaa-nexrad-level2/2025/03/20/KDTX/KDTX20250320_234550_V06', 's3://noaa-nexrad-level2/2025/03/20/KGRR/KGRR20250320_234058_V06', 's3://noaa-nexrad-level2/2025/03/20/KAPX/KAPX20250320_234634_V06', 's3://noaa-nexrad-level2/2025/03/20/KIWX/KIWX20250320_234654_V06', 's3://noaa-nexrad-level2/2025/03/20/KCLE/KCLE20250320_234219_V06']"
95536,F,A319,FCM UA /OV FCM315018/TM 2348/FL165/TP A319/TB NEG/RM DURC KMSP,NEG,202503202300-KMSC-UBUS01-PIREP,16500.0,45.038253327067935,-93.75984812974336,2025-03-20 23:48:00,0.0,M,"('KMPX', 'KDLH', 'KARX', 'KFSD', 'KDMX')","['s3://noaa-nexrad-level2/2025/03/20/KMPX/KMPX20250320_234600_V06', 's3://noaa-nexrad-level2/2025/03/20/KDLH/KDLH20250320_234006_V06', 's3://noaa-nexrad-level2/2025/03/20/KARX/KARX20250320_234639_V06', 's3://noaa-nexrad-level2/2025/03/20/KFSD/KFSD20250320_234458_V06', 's3://noaa-nexrad-level2/2025/03/20/KDMX/KDMX20250320_234528_V06']"
95537,F,A321,TBN UA /OV MAP/TM 2348/FL350/TP A321/TB MOD/RM ZKCFDC,MOD,202503210000-KMSC-UBUS01-PIREP,35000.0,37.59,-91.79,2025-03-20 23:48:00,3.0,M,"('KLSX', 'KSGF', 'KEAX', 'KLZK', 'KNQA')","['s3://noaa-nexrad-level2/2025/03/20/KLSX/KLSX20250320_234341_V06', 's3://noaa-nexrad-level2/2025/03/20/KSGF/KSGF20250320_234122_V06', 's3://noaa-nexrad-level2/2025/03/20/KEAX/KEAX20250320_141950_V06', 's3://noaa-nexrad-level2/2025/03/20/KLZK/KLZK20250320_234259_V06', 's3://noaa-nexrad-level2/2025/03/20/KNQA/KNQA20250320_234755_V06']"
95538,F,A320,HOT UA /OV HOT078020/TM 2349/FL220/TP A320/TB MOD/RM ZME,MOD,202503202300-KMSC-UBUS01-PIREP,22000.0,34.54733951056052,-92.7006619794646,2025-03-20 23:49:00,3.0,M,"('KLZK', 'KSRX', 'KSHV', 'KSGF', 'KNQA')","['s3://noaa-nexrad-level2/2025/03/20/KLZK/KLZK20250320_234259_V06', 's3://noaa-nexrad-level2/2025/03/20/KSRX/KSRX20250320_234634_V06', 's3://noaa-nexrad-level2/2025/03/20/KSHV/KSHV20250320_234446_V06', 's3://noaa-nexrad-level2/2025/03/20/KSGF/KSGF20250320_234122_V06', 's3://noaa-nexrad-level2/2025/03/20/KNQA/KNQA20250320_234755_V06']"
95539,F,C208,IDI UA /OV REC/TM 2349/FL080/TP C208/TA M8/TB LGT RIME/RM ZOB,LGT RIME,202503202300-KMSC-UBUS01-PIREP,8000.0,40.55,-78.75,2025-03-20 23:49:00,1.0,L,"('KCCX', 'KPBZ', 'KLWX', 'KBUF', 'KBGM')","['s3://noaa-nexrad-level2/2025/03/20/KCCX/KCCX20250320_234637_V06', 's3://noaa-nexrad-level2/2025/03/20/KPBZ/KPBZ20250320_234403_V06', 's3://noaa-nexrad-level2/2025/03/20/KLWX/KLWX20250320_234651_V06', 's3://noaa-nexrad-level2/2025/03/20/KBUF/KBUF20250320_234348_V06', 's3://noaa-nexrad-level2/2025/03/20/KBGM/KBGM20250320_234438_V06']"
95540,F,B767,POU UA /OV IGN100020/TM 2349/FL250/TP B767/TB CONS LGT 200-250/RM DURC,CONS LGT 200-250,202503202300-KMSC-UBUS01-PIREP,25000.0,41.61211258560554,-73.38050626410397,2025-03-20 23:49:00,1.0,H,"('KOKX', 'KENX', 'KDIX', 'KBOX', 'KBGM')","['s3://noaa-nexrad-level2/2025/03/20/KOKX/KOKX20250320_234534_V06', 's3://noaa-nexrad-level2/2025/03/20/KENX/KENX20250320_234548_V06', 's3://noaa-nexrad-level2/2025/03/20/KDIX/KDIX20250320_234742_V06', 's3://noaa-nexrad-level2/2025/03/20/KBOX/KBOX20250320_234619_V06', 's3://noaa-nexrad-level2/2025/03/20/KBGM/KBGM20250320_234438_V06']"
95541,F,C68A,BGM UA /OV DNY300025/TM 2350/FL260/TP C68A/TB CONS LGT OCNL MOD CHOP/RM DURD 270-190,CONS LGT OCNL MOD CHOP,202503202300-KMSC-UBUS01-PIREP,26000.0,42.38835020835021,-75.44698264738116,2025-03-20 23:50:00,2.0,U,"('KBGM', 'KTYX', 'KENX', 'KDIX', 'KCCX')","['s3://noaa-nexrad-level2/2025/03/20/KBGM/KBGM20250320_234438_V06', 's3://noaa-nexrad-level2/2025/03/20/KTYX/KTYX20250320_234614_V06', 's3://noaa-nexrad-level2/2025/03/20/KENX/KENX20250320_234548_V06', 's3://noaa-nexrad-level2/2025/03/20/KDIX/KDIX20250320_234742_V06', 's3://noaa-nexrad-level2/2025/03/20/KCCX/KCCX20250320_234637_V06']"
95542,F,C68A,BGM UA /OV DNY300025/TM 2350/FL260/TP C68A/TB CONS LGT OCNL MOD CHOP /RM DURD 270-190,CONS LGT OCNL MOD CHOP,202503210000-KMSC-UBUS01-PIREP,26000.0,42.38835020835021,-75.44698264738116,2025-03-20 23:50:00,2.0,U,"('KBGM', 'KTYX', 'KENX', 'KDIX', 'KCCX')","['s3://noaa-nexrad-level2/2025/03/20/KBGM/KBGM20250320_234438_V06', 's3://noaa-nexrad-level2/2025/03/20/KTYX/KTYX20250320_234614_V06', 's3://noaa-nexrad-level2/2025/03/20/KENX/KENX20250320_234548_V06', 's3://noaa-nexrad-level2/2025/03/20/KDIX/KDIX20250320_234742_V06', 's3://noaa-nexrad-level2/2025/03/20/KCCX/KCCX20250320_234637_V06']"
95543,F,A321,CLT UA /OV CLT330040/TM 2351/FL310/TP A321/TB NEG/RM ZTLFD33,NEG,202503202300-KMSC-UBUS01-PIREP,31000.0,35.799947034608195,-81.36238075690567,2025-03-20 23:51:00,0.0,M,"('KGSP', 'KFCX', 'KCAE', 'KMRX', 'KRLX')","['s3://noaa-nexrad-level2/2025/03/20/KGSP/KGSP20250320_234427_V06', 's3://noaa-nexrad-level2/2025/03/20/KFCX/KFCX20250320_234817_V06', 's3://noaa-nexrad-level2/2025/03/20/KCAE/KCAE20250320_234702_V06', 's3://noaa-nexrad-level2/2025/03/20/KMRX/KMRX20250320_234810_V06', 's3://noaa-nexrad-level2/2025/03/20/KRLX/KRLX20250320_234914_V06']"
95544,F,BE20,LIT UA /OV LIT/TM 2351/FL260/TP BE20/TB MOD/RM ZME,MOD,202503202300-KMSC-UBUS01-PIREP,26000.0,34.7273,-92.23573,2025-03-20 23:51:00,3.0,M,"('KLZK', 'KSRX', 'KNQA', 'KSGF', 'KSHV')","['s3://noaa-nexrad-level2/2025/03/20/KLZK/KLZK20250320_234955_V06', 's3://noaa-nexrad-level2/2025/03/20/KSRX/KSRX20250320_234634_V06', 's3://noaa-nexrad-level2/2025/03/20/KNQA/KNQA20250320_234755_V06', 's3://noaa-nexrad-level2/2025/03/20/KSGF/KSGF20250320_235004_V06', 's3://noaa-nexrad-level2/2025/03/20/KSHV/KSHV20250320_234446_V06']"
95545,F,A320,SPA UA /OV SPA/TM 2351/FL310/TP A320/TB INTMT LGT CHOP 310/RM ZTLFD32,INTMT LGT CHOP 310,202503202300-KMSC-UBUS01-PIREP,31000.0,34.9157222,-81.9565,2025-03-20 23:51:00,1.0,M,"('KGSP', 'KCAE', 'KMRX', 'KCLX', 'KJGX')","['s3://noaa-nexrad-level2/2025/03/20/KGSP/KGSP20250320_234427_V06', 's3://noaa-nexrad-level2/2025/03/20/KCAE/KCAE20250320_234702_V06', 's3://noaa-nexrad-level2/2025/03/20/KMRX/KMRX20250320_234810_V06', 's3://noaa-nexrad-level2/2025/03/20/KCLX/KCLX20250320_234949_V06', 's3://noaa-nexrad-level2/2025/03/20/KJGX/KJGX20250320_234721_V06']"
95546,F,C25M,SPA UA /OV SPA/TM 2351/FL220/TP C25M/TB NEG/IC NEG/RM ZTLFD31,NEG,202503210000-KMSC-UBUS01-PIREP,22000.0,34.9157222,-81.9565,2025-03-20 23:51:00,0.0,U,"('KGSP', 'KCAE', 'KMRX', 'KCLX', 'KJGX')","['s3://noaa-nexrad-level2/2025/03/20/KGSP/KGSP20250320_234427_V06', 's3://noaa-nexrad-level2/2025/03/20/KCAE/KCAE20250320_234702_V06', 's3://noaa-nexrad-level2/2025/03/20/KMRX/KMRX20250320_234810_V06', 's3://noaa-nexrad-level2/2025/03/20/KCLX/KCLX20250320_234949_V06', 's3://noaa-nexrad-level2/2025/03/20/KJGX/KJGX20250320_234721_V06']"
95547,F,HDJT,DEN UA /OV DEN210020/TM 2352/FL110/TP HDJT/TB MOD/RM 110-090,MOD,202503202300-KMSC-UBUS01-PIREP,11000.0,39.5441014826959,-104.87455493739472,2025-03-20 23:52:00,3.0,U,"('KFTG', 'KPUX', 'KCYS', 'KGLD', 'KGJX')","['s3://noaa-nexrad-level2/2025/03/20/KFTG/KFTG20250320_234917_V06', 's3://noaa-nexrad-level2/2025/03/20/KPUX/KPUX20250320_234930_V06', 's3://noaa-nexrad-level2/2025/03/20/KCYS/KCYS20250320_234340_V06', 's3://noaa-nexrad-level2/2025/03/20/KGLD/KGLD20250320_234714_V06', 's3://noaa-nexrad-level2/2025/03/20/KGJX/KGJX20250320_234703_V06']"
95548,F,E170,ATL UA /OV SYI250020/TM 2352/FL250/TP E170/TB OCNL MOD CHOP 220-245/RM ZTLFD06,OCNL MOD CHOP 220-245,202503202300-KMSC-UBUS01-PIREP,25000.0,35.445384051005,-86.82756603526597,2025-03-20 23:52:00,3.0,U,"('KOHX', 'KHTX', 'KHPX', 'KGWX', 'KBMX')","['s3://noaa-nexrad-level2/2025/03/20/KOHX/KOHX20250320_234900_V06', 's3://noaa-nexrad-level2/2025/03/20/KHTX/KHTX20250320_234538_V06', 's3://noaa-nexrad-level2/2025/03/20/KHPX/KHPX20250320_235042_V06', 's3://noaa-nexrad-level2/2025/03/20/KGWX/KGWX20250320_234837_V06', 's3://noaa-nexrad-level2/2025/03/20/KBMX/KBMX20250320_234411_V06']"
95549,F,C525,CLT UA /OV CLT190010/TM 2353/FL170/TP C525/TB NEG/IC NEG/RM ZTLFD29,NEG,202503202300-KMSC-UBUS01-PIREP,17000.0,35.058402079580006,-80.98974037164793,2025-03-20 23:53:00,0.0,L,"('KCAE', 'KGSP', 'KFCX', 'KCLX', 'KRAX')","['s3://noaa-nexrad-level2/2025/03/20/KCAE/KCAE20250320_235127_V06', 's3://noaa-nexrad-level2/2025/03/20/KGSP/KGSP20250320_234427_V06', 's3://noaa-nexrad-level2/2025/03/20/KFCX/KFCX20250320_235234_V06', 's3://noaa-nexrad-level2/2025/03/20/KCLX/KCLX20250320_234949_V06', 's3://noaa-nexrad-level2/2025/03/20/KRAX/KRAX20250320_235233_V06']"
95550,F,B39M,FLG UA /OV FLG260010/TM 2353/FL340/TP B39M/TB CONS LGT/RM ZAB/FDCS,CONS LGT,202503210000-KMSC-UBUS01-PIREP,34000.0,35.11133629280277,-111.87295233714934,2025-03-20 23:53:00,1.0,U,"('KFSX', 'KFSX', 'KIWA', 'KICX', 'KESX')","['s3://noaa-nexrad-level2/2025/03/20/KFSX/KFSX20250320_234524_V06', 's3://noaa-nexrad-level2/2025/03/20/KFSX/KFSX20250320_234524_V06', 's3://noaa-nexrad-level2/2025/03/20/KIWA/KIWA20250320_235230_V06', 's3://noaa-nexrad-level2/2025/03/20/KICX/KICX20250320_235018_V06', 's3://noaa-nexrad-level2/2025/03/20/KESX/KESX20250320_234904_V06']"
95551,F,E75L,MSO UA /OV MSO160015/TM 2354/FL070/TP E75L/TB CONT LT OCCNL MOD/IC NEG,CONT LT OCCNL MOD,202503202300-KMSC-UBUS01-PIREP,7000.0,46.68585781600893,-113.96730105760776,2025-03-20 23:54:00,3.0,U,"('KMSX', 'KTFX', 'KOTX', 'KSFX', 'KCBX')","['s3://noaa-nexrad-level2/2025/03/20/KMSX/KMSX20250320_234928_V06', 's3://noaa-nexrad-level2/2025/03/20/KTFX/KTFX20250320_234940_V06', 's3://noaa-nexrad-level2/2025/03/20/KOTX/KOTX20250320_235221_V06', 's3://noaa-nexrad-level2/2025/03/20/KSFX/KSFX20250320_235041_V06', 's3://noaa-nexrad-level2/2025/03/20/KCBX/KCBX20250320_234658_V06']"
95552,F,A21N,HNL UA /OV SHARK/TM 2354/FL250/TP A21N/TB MOD,MOD,202503210000-KMSC-UBUS01-PIREP,25000.0,31.43,-85.62,2025-03-20 23:54:00,3.0,U,"('KEOX', 'KEVX', 'KMXX', 'KTLH', 'KBMX')","['s3://noaa-nexrad-level2/2025/03/20/KEOX/KEOX20250320_143812_V06', 's3://noaa-nexrad-level2/2025/03/20/KEVX/KEVX20250320_234911_V06', 's3://noaa-nexrad-level2/2025/03/20/KMXX/KMXX20250320_234713_V06', 's3://noaa-nexrad-level2/2025/03/20/KTLH/KTLH20250320_235341_V06', 's3://noaa-nexrad-level2/2025/03/20/KBMX/KBMX20250320_234411_V06']"
95553,F,B738,FLG UA /OV FLG180015/TM 2354/FL380/TP B738/TB CONS LGT/RM ZAB/FDCS,CONS LGT,202503210000-KMSC-UBUS01-PIREP,38000.0,34.89025974997975,-111.67222,2025-03-20 23:54:00,1.0,M,"('KFSX', 'KFSX', 'KIWA', 'KICX', 'KEMX')","['s3://noaa-nexrad-level2/2025/03/20/KFSX/KFSX20250320_234524_V06', 's3://noaa-nexrad-level2/2025/03/20/KFSX/KFSX20250320_234524_V06', 's3://noaa-nexrad-level2/2025/03/20/KIWA/KIWA20250320_235230_V06', 's3://noaa-nexrad-level2/2025/03/20/KICX/KICX20250320_235018_V06', 's3://noaa-nexrad-level2/2025/03/20/KEMX/KEMX20250320_234902_V06']"
95554,F,A321,FWA UA /OV 0II0/TM 2355/FL240/TP A321/TB CONS LGT OCNL MOD CHOP,CONS LGT OCNL MOD CHOP,202503202300-KMSC-UBUS01-PIREP,24000.0,40.26,-85.25,2025-03-20 23:55:00,2.0,M,"('KIND', 'KIWX', 'KILN', 'KLVX', 'KGRR')","['s3://noaa-nexrad-level2/2025/03/20/KIND/KIND20250320_235029_V06', 's3://noaa-nexrad-level2/2025/03/20/KIWX/KIWX20250320_234654_V06', 's3://noaa-nexrad-level2/2025/03/20/KILN/KILN20250320_235034_V06', 's3://noaa-nexrad-level2/2025/03/20/KLVX/KLVX20250320_235126_V06', 's3://noaa-nexrad-level2/2025/03/20/KGRR/KGRR20250320_234935_V06']"
95555,F,CL35,GSO UA /OV GSO280025/TM 2356/FL190/TP CL35/TB NEG/IC NEG/RM ZTLFD29,NEG,202503210000-KMSC-UBUS01-PIREP,19000.0,36.16985926799308,-80.45148361689635,2025-03-20 23:56:00,0.0,U,"('KFCX', 'KRAX', 'KGSP', 'KCAE', 'KRLX')","['s3://noaa-nexrad-level2/2025/03/20/KFCX/KFCX20250320_235234_V06', 's3://noaa-nexrad-level2/2025/03/20/KRAX/KRAX20250320_235233_V06', 's3://noaa-nexrad-level2/2025/03/20/KGSP/KGSP20250320_235310_V06', 's3://noaa-nexrad-level2/2025/03/20/KCAE/KCAE20250320_235556_V06', 's3://noaa-nexrad-level2/2025/03/20/KRLX/KRLX20250320_235249_V06']"
95556,F,B737,SDF UA /OV FLM/TM 2356/FL360/TP B737/TB NEG,NEG,202503210000-KMSC-UBUS01-PIREP,36000.0,38.65,-84.31,2025-03-20 23:56:00,0.0,M,"('KILN', 'KJKL', 'KLVX', 'KIND', 'KRLX')","['s3://noaa-nexrad-level2/2025/03/20/KILN/KILN20250320_235034_V06', 's3://noaa-nexrad-level2/2025/03/20/KJKL/KJKL20250320_235221_V06', 's3://noaa-nexrad-level2/2025/03/20/KLVX/KLVX20250320_235126_V06', 's3://noaa-nexrad-level2/2025/03/20/KIND/KIND20250320_235029_V06', 's3://noaa-nexrad-level2/2025/03/20/KRLX/KRLX20250320_235249_V06']"
95557,F,CRJ7,BGM UA /OV CFB0100015/TM 2356/FL150/TP CRJ7/TB CONS LGT-MOD CHOP,CONS LGT-MOD CHOP,202503210000-KMSC-UBUS01-PIREP,15000.0,42.20856,-75.97972,2025-03-20 23:56:00,2.0,M,"('KBGM', 'KTYX', 'KENX', 'KCCX', 'KDIX')","['s3://noaa-nexrad-level2/2025/03/20/KBGM/KBGM20250320_235041_V06', 's3://noaa-nexrad-level2/2025/03/20/KTYX/KTYX20250320_235117_V06', 's3://noaa-nexrad-level2/2025/03/20/KENX/KENX20250320_235505_V06', 's3://noaa-nexrad-level2/2025/03/20/KCCX/KCCX20250320_235542_V06', 's3://noaa-nexrad-level2/2025/03/20/KDIX/KDIX20250320_235340_V06']"
95558,F,A320,EWR UA /OV 5 EAST TEB/TM 2357/FL100/TP A320/TB MOD,MOD,202503210000-KMSC-UBUS01-PIREP,10000.0,40.85899,-73.94596871509309,2025-03-20 23:57:00,3.0,M,"('KDIX', 'KOKX', 'KENX', 'KBGM', 'KDOX')","['s3://noaa-nexrad-level2/2025/03/20/KDIX/KDIX20250320_235340_V06', 's3://noaa-nexrad-level2/2025/03/20/KOKX/KOKX20250320_235641_V06', 's3://noaa-nexrad-level2/2025/03/20/KENX/KENX20250320_235505_V06', 's3://noaa-nexrad-level2/2025/03/20/KBGM/KBGM20250320_235644_V06', 's3://noaa-nexrad-level2/2025/03/20/KDOX/KDOX20250320_235100_V06']"
95559,F,B787,ILM UA /OV ILM180070/TM 2357/FL400/TP B787/TB MOD CHOP,MOD CHOP,202503210000-KMSC-UBUS01-PIREP,40000.0,33.103238833238834,-77.9,2025-03-20 23:57:00,3.0,U,"('KLTX', 'KMHX', 'KRAX', 'KCLX', 'KCAE')","['s3://noaa-nexrad-level2/2025/03/20/KLTX/KLTX20250320_235326_V06', 's3://noaa-nexrad-level2/2025/03/20/KMHX/KMHX20250320_235359_V06', 's3://noaa-nexrad-level2/2025/03/20/KRAX/KRAX20250320_235233_V06', 's3://noaa-nexrad-level2/2025/03/20/KCLX/KCLX20250320_235352_V06', 's3://noaa-nexrad-level2/2025/03/20/KCAE/KCAE20250320_235556_V06']"
95560,F,A320,MGM UA /OV MGM/TM 2358/FL180/TP A320/TB CONS MOD CHOP/RM ZTLFD13,CONS MOD CHOP,202503210000-KMSC-UBUS01-PIREP,18000.0,32.30064,-86.39397,2025-03-20 23:58:00,3.0,M,"('KMXX', 'KBMX', 'KEOX', 'KEVX', 'KFFC')","['s3://noaa-nexrad-level2/2025/03/20/KMXX/KMXX20250320_235401_V06', 's3://noaa-nexrad-level2/2025/03/20/KBMX/KBMX20250320_235420_V06', 's3://noaa-nexrad-level2/2025/03/20/KEOX/KEOX20250320_143812_V06', 's3://noaa-nexrad-level2/2025/03/20/KEVX/KEVX20250320_235731_V06', 's3://noaa-nexrad-level2/2025/03/20/KFFC/KFFC20250320_235632_V06']"
95561,F,DH8D,ROC UA /OV GEE190020/TM 2358/FL220/TP DH8D/TB MOD CHOP 220/RM ZOB,MOD CHOP 220,202503210000-KMSC-UBUS01-PIREP,22000.0,42.501704159160006,-77.8089330050696,2025-03-20 23:58:00,3.0,M,"('KBUF', 'KCCX', 'KBGM', 'KTYX', 'KPBZ')","['s3://noaa-nexrad-level2/2025/03/20/KBUF/KBUF20250320_235218_V06', 's3://noaa-nexrad-level2/2025/03/20/KCCX/KCCX20250320_235542_V06', 's3://noaa-nexrad-level2/2025/03/20/KBGM/KBGM20250320_235644_V06', 's3://noaa-nexrad-level2/2025/03/20/KTYX/KTYX20250320_235633_V06', 's3://noaa-nexrad-level2/2025/03/20/KPBZ/KPBZ20250320_235740_V06']"
95562,F,B737,DMN UA /OV DMN360030/TM 2358/FL330/TP B737/TB MOD CHOP/RM ZAB/FDCS,MOD CHOP,202503210200-KMSC-UBUS01-PIREP,33000.0,32.7623505000405,-107.72064,2025-03-20 23:58:00,3.0,M,"('KEPZ', 'KHDX', 'KABX', 'KEMX', 'KFSX')","['s3://noaa-nexrad-level2/2025/03/20/KEPZ/KEPZ20250320_235125_V06', 's3://noaa-nexrad-level2/2025/03/20/KHDX/KHDX20250320_235520_V06', 's3://noaa-nexrad-level2/2025/03/20/KABX/KABX20250320_235414_V06', 's3://noaa-nexrad-level2/2025/03/20/KEMX/KEMX20250320_235556_V06', 's3://noaa-nexrad-level2/2025/03/20/KFSX/KFSX20250320_235410_V06']"
95563,F,B737,RTN UA /OV CIM330020/TM 2358/FL330/TP B737/TB MOD/RM ZAB/FDCS,MOD,202503210200-KMSC-UBUS01-PIREP,33000.0,36.7786985173041,-105.07732378340518,2025-03-20 23:58:00,3.0,M,"('KPUX', 'KABX', 'KFDX', 'KFTG', 'KAMA')","['s3://noaa-nexrad-level2/2025/03/20/KPUX/KPUX20250320_235636_V06', 's3://noaa-nexrad-level2/2025/03/20/KABX/KABX20250320_235414_V06', 's3://noaa-nexrad-level2/2025/03/20/KFDX/KFDX20250320_235229_V06', 's3://noaa-nexrad-level2/2025/03/20/KFTG/KFTG20250320_235733_V06', 's3://noaa-nexrad-level2/2025/03/20/KAMA/KAMA20250320_235434_V06']"
95564,F,B06,ANC UA /OV TED143009/TM 2359/FL025/TP B06/TB LT OCNL MOD,LT OCNL MOD,202503210000-KMSC-UBUS01-PIREP,2500.0,61.05019497006176,-149.802780513672,2025-03-20 23:59:00,3.0,L,"('PAHG', 'PAIH', 'PAIH', 'PAPD', 'PAKC')","['s3://noaa-nexrad-level2/2025/03/20/PAHG/PAHG20250320_235758_V06', 's3://noaa-nexrad-level2/2025/03/20/PAIH/PAIH20250320_235644_V06', 's3://noaa-nexrad-level2/2025/03/20/PAIH/PAIH20250320_235644_V06', 's3://noaa-nexrad-level2/2025/03/20/PAPD/PAPD20250320_235304_V06', 's3://noaa-nexrad-level2/2025/03/20/PAKC/PAKC20250320_235740_V06']"
95565,F,B190,DUT UA /OV DUT/TM 2359/FL010/TP B190/SK BKN010-TOP070 CLR ABV/WX FV5SM/WV 00000KT/TB NEG/IC NEG/RM DURC /ZAN,NEG,202503210000-KMSC-UBUS01-PIREP,1000.0,53.89,-166.54,2025-03-20 23:59:00,0.0,M,"('PABC', 'PAEC', 'PAKC', 'PAHG', 'PAIH')","['s3://noaa-nexrad-level2/2025/03/20/PAEC/PAEC20250320_235608_V06', 's3://noaa-nexrad-level2/2025/03/20/PAKC/PAKC20250320_235740_V06', 's3://noaa-nexrad-level2/2025/03/20/PAHG/PAHG20250320_235758_V06', 's3://noaa-nexrad-level2/2025/03/20/PAIH/PAIH20250320_235644_V06']"
95566,F,E170,ACT UA /OV ACT050040/TM 0002/FL250/TP E170/TB LGT-MOD CHOP/RM ZFW,LGT-MOD CHOP,202503210000-KMSC-UBUS01-PIREP,25000.0,32.04652978368999,-96.62853470865078,2025-03-21 00:02:00,2.0,U,"('KFWS', 'KGRK', 'KDYX', 'KEWX', 'KSHV')","['s3://noaa-nexrad-level2/2025/03/21/KFWS/KFWS20250321_000002_V06', 's3://noaa-nexrad-level2/2025/03/20/KGRK/KGRK20250320_235516_V06', 's3://noaa-nexrad-level2/2025/03/20/KDYX/KDYX20250320_235811_V06', 's3://noaa-nexrad-level2/2025/03/21/KEWX/KEWX20250321_000039_V06', 's3://noaa-nexrad-level2/2025/03/21/KSHV/KSHV20250321_000153_V06']"
95567,F,A320,JFK UA /OV JFK178045/TM 0003/FL150/TP A320/TB LGT-MOD,LGT-MOD,202503210000-KMSC-UBUS01-PIREP,15000.0,39.88900616668222,-73.72772392960528,2025-03-21 00:03:00,2.0,M,"('KDIX', 'KOKX', 'KDOX', 'KENX', 'KBGM')","['s3://noaa-nexrad-level2/2025/03/20/KDIX/KDIX20250320_235939_V06', 's3://noaa-nexrad-level2/2025/03/21/KOKX/KOKX20250321_000212_V06', 's3://noaa-nexrad-level2/2025/03/20/KDOX/KDOX20250320_235727_V06', 's3://noaa-nexrad-level2/2025/03/20/KENX/KENX20250320_235956_V06', 's3://noaa-nexrad-level2/2025/03/21/KBGM/KBGM20250321_000247_V06']"
95568,T,GL5T,DEN UUA /OV DVV289034/TM 0004/FL450/TP GL5T/TB MOD-SEV/RM ZDVWC-05,MOD-SEV,202503210000-KMSC-UBUS01-PIREP,45000.0,40.074503564452286,-105.3183621209278,2025-03-21 00:04:00,4.0,U,"('KFTG', 'KCYS', 'KPUX', 'KGJX', 'KGLD')","['s3://noaa-nexrad-level2/2025/03/20/KFTG/KFTG20250320_235733_V06', 's3://noaa-nexrad-level2/2025/03/21/KCYS/KCYS20250321_000306_V06', 's3://noaa-nexrad-level2/2025/03/21/KPUX/KPUX20250321_000331_V06', 's3://noaa-nexrad-level2/2025/03/21/KGJX/KGJX20250321_000347_V06', 's3://noaa-nexrad-level2/2025/03/20/KGLD/KGLD20250320_235653_V06']"
95569,F,CRJ9,MMU UA /OV STW295017/TM 0004/FL120/TP CRJ9/TA M09/TB LGT/IC NEG/RM DURD,LGT,202503210000-KMSC-UBUS01-PIREP,12000.0,41.11975153992534,-75.21027394489383,2025-03-21 00:04:00,1.0,U,"('KBGM', 'KDIX', 'KENX', 'KDOX', 'KOKX')","['s3://noaa-nexrad-level2/2025/03/21/KBGM/KBGM20250321_000247_V06', 's3://noaa-nexrad-level2/2025/03/20/KDIX/KDIX20250320_235939_V06', 's3://noaa-nexrad-level2/2025/03/20/KENX/KENX20250320_235956_V06', 's3://noaa-nexrad-level2/2025/03/20/KDOX/KDOX20250320_235727_V06', 's3://noaa-nexrad-level2/2025/03/21/KOKX/KOKX20250321_000212_V06']"
95570,F,A320,PGA UA /OV TBC/TM 0004/FL340/TP A320/TB OCNL LGT CHOP/RM ZDVWC-23,OCNL LGT CHOP,202503210000-KMSC-UBUS01-PIREP,34000.0,36.12,-111.27,2025-03-21 00:04:00,1.0,M,"('KFSX', 'KFSX', 'KICX', 'KIWA', 'KESX')","['s3://noaa-nexrad-level2/2025/03/21/KFSX/KFSX20250321_000256_V06', 's3://noaa-nexrad-level2/2025/03/21/KFSX/KFSX20250321_000256_V06', 's3://noaa-nexrad-level2/2025/03/20/KICX/KICX20250320_235856_V06', 's3://noaa-nexrad-level2/2025/03/21/KIWA/KIWA20250321_000117_V06', 's3://noaa-nexrad-level2/2025/03/21/KESX/KESX20250321_000310_V06']"
95571,F,B77W,ART UA /OV ART100035/TM 0005/FL310/TP B77W/TB LGT CHOP,LGT CHOP,202503210000-KMSC-UBUS01-PIREP,31000.0,43.88752702480969,-75.22767669938666,2025-03-21 00:05:00,1.0,U,"('KTYX', 'KENX', 'KBGM', 'KCXX', 'KBUF')","['s3://noaa-nexrad-level2/2025/03/21/KTYX/KTYX20250321_000204_V06', 's3://noaa-nexrad-level2/2025/03/20/KENX/KENX20250320_235956_V06', 's3://noaa-nexrad-level2/2025/03/21/KBGM/KBGM20250321_000247_V06', 's3://noaa-nexrad-level2/2025/03/21/KCXX/KCXX20250321_000054_V06', 's3://noaa-nexrad-level2/2025/03/21/KBUF/KBUF20250321_000048_V06']"
95572,F,C208,DLG UA /OV DLG360003-DLG360022 /TM 0005 /FL010 /TP C208 /WX FV01SM/TA M02 /TB NEG /IC TRACE-LGT RIME /RM FV99SM WEST OF MUKLUNGHILLS (AKFSS),NEG,202503210000-KMSC-UBUS01-PIREP,1000.0,59.09000405000405,-158.5,2025-03-21 00:05:00,0.0,L,"('PAKC', 'PABC', 'PAHG', 'PAEC', 'PAIH')","['s3://noaa-nexrad-level2/2025/03/21/PAKC/PAKC20250321_000444_V06', 's3://noaa-nexrad-level2/2025/03/21/PAHG/PAHG20250321_000452_V06', 's3://noaa-nexrad-level2/2025/03/21/PAEC/PAEC20250321_000255_V06', 's3://noaa-nexrad-level2/2025/03/21/PAIH/PAIH20250321_000114_V06']"
95573,F,C208,DLG UA /OV DLG360003-DLG360022 /TM 0005 /FL010 /TP C208 /WX FV01SM /TA M02 /TB NEG /IC TRACE-LGT RIME /RM FV99SM WEST OF MUKLUNG HILLS (AKFSS,NEG,202503210025-KWBC-UBUS31-PRCUS,1000.0,59.09000405000405,-158.5,2025-03-21 00:05:00,0.0,L,"('PAKC', 'PABC', 'PAHG', 'PAEC', 'PAIH')","['s3://noaa-nexrad-level2/2025/03/21/PAKC/PAKC20250321_000444_V06', 's3://noaa-nexrad-level2/2025/03/21/PAHG/PAHG20250321_000452_V06', 's3://noaa-nexrad-level2/2025/03/21/PAEC/PAEC20250321_000255_V06', 's3://noaa-nexrad-level2/2025/03/21/PAIH/PAIH20250321_000114_V06']"
95574,F,B737,TUS UA /OV TUS360060/TM 0005/FL330/TP B737/TB MOD/RM ZAB/FDCS,MOD,202503210100-KMSC-UBUS01-PIREP,33000.0,33.120351000081,-110.93798,2025-03-21 00:05:00,3.0,M,"('KIWA', 'KEMX', 'KFSX', 'KFSX', 'KYUX')","['s3://noaa-nexrad-level2/2025/03/21/KIWA/KIWA20250321_000117_V06', 's3://noaa-nexrad-level2/2025/03/21/KEMX/KEMX20250321_000250_V06', 's3://noaa-nexrad-level2/2025/03/21/KFSX/KFSX20250321_000256_V06', 's3://noaa-nexrad-level2/2025/03/21/KFSX/KFSX20250321_000256_V06', 's3://noaa-nexrad-level2/2025/03/20/KYUX/KYUX20250320_235701_V06']"
95575,F,B39M,EWR UA /OV MMU/TM 0006/FL120/TP B39M/TB MOD,MOD,202503210000-KMSC-UBUS01-PIREP,12000.0,40.79935,-74.41487,2025-03-21 00:06:00,3.0,U,"('KDIX', 'KOKX', 'KENX', 'KBGM', 'KDOX')","['s3://noaa-nexrad-level2/2025/03/21/KDIX/KDIX20250321_000538_V06', 's3://noaa-nexrad-level2/2025/03/21/KOKX/KOKX20250321_000212_V06', 's3://noaa-nexrad-level2/2025/03/21/KENX/KENX20250321_000500_V06', 's3://noaa-nexrad-level2/2025/03/21/KBGM/KBGM20250321_000247_V06', 's3://noaa-nexrad-level2/2025/03/21/KDOX/KDOX20250321_000418_V06']"
95576,F,MU2,RWL UA /OV CKW200020/TM 0006/FL230/TP MU2/TB NEG/RM ZDVWC-,NEG,202503210000-KMSC-UBUS01-PIREP,23000.0,41.446743754678565,-107.73284845150908,2025-03-21 00:06:00,0.0,L,"('KRIW', 'KGJX', 'KCYS', 'KFTG', 'KBLX')","['s3://noaa-nexrad-level2/2025/03/21/KRIW/KRIW20250321_000306_V06', 's3://noaa-nexrad-level2/2025/03/21/KGJX/KGJX20250321_000347_V06', 's3://noaa-nexrad-level2/2025/03/21/KCYS/KCYS20250321_000306_V06', 's3://noaa-nexrad-level2/2025/03/20/KFTG/KFTG20250320_235733_V06', 's3://noaa-nexrad-level2/2025/03/21/KBLX/KBLX20250321_000210_V06']"
95577,F,MU2,RWL UA /OV CKW200020/TM 0006/FL230/TP MU2/TB NEG/RM ZDVWC,NEG,202503210015-KWBC-UBWY90-PIREP,23000.0,41.446743754678565,-107.73284845150908,2025-03-21 00:06:00,0.0,L,"('KRIW', 'KGJX', 'KCYS', 'KFTG', 'KBLX')","['s3://noaa-nexrad-level2/2025/03/21/KRIW/KRIW20250321_000306_V06', 's3://noaa-nexrad-level2/2025/03/21/KGJX/KGJX20250321_000347_V06', 's3://noaa-nexrad-level2/2025/03/21/KCYS/KCYS20250321_000306_V06', 's3://noaa-nexrad-level2/2025/03/20/KFTG/KFTG20250320_235733_V06', 's3://noaa-nexrad-level2/2025/03/21/KBLX/KBLX20250321_000210_V06']"
95578,F,CL60,HOT UA /OV HOT226015/TM 0007/FL200/TP CL60/TB MOD/RM ZME,MOD,202503210000-KMSC-UBUS01-PIREP,20000.0,34.30435134053918,-93.31439307579716,2025-03-21 00:07:00,3.0,M,"('KLZK', 'KSRX', 'KSHV', 'KINX', 'KSGF')","['s3://noaa-nexrad-level2/2025/03/21/KLZK/KLZK20250321_000323_V06', 's3://noaa-nexrad-level2/2025/03/21/KSRX/KSRX20250321_000345_V06', 's3://noaa-nexrad-level2/2025/03/21/KSHV/KSHV20250321_000153_V06', 's3://noaa-nexrad-level2/2025/03/21/KINX/KINX20250321_000538_V06', 's3://noaa-nexrad-level2/2025/03/20/KSGF/KSGF20250320_235833_V06']"
95579,F,CL30,LIT UA /OV HOT200010/TM 0007/FL200/TP CL30/TB MOD/RM ZFW,MOD,202503210000-KMSC-UBUS01-PIREP,20000.0,34.32140187733928,-93.16537562169536,2025-03-21 00:07:00,3.0,U,"('KLZK', 'KSRX', 'KSHV', 'KSGF', 'KINX')","['s3://noaa-nexrad-level2/2025/03/21/KLZK/KLZK20250321_000323_V06', 's3://noaa-nexrad-level2/2025/03/21/KSRX/KSRX20250321_000345_V06', 's3://noaa-nexrad-level2/2025/03/21/KSHV/KSHV20250321_000153_V06', 's3://noaa-nexrad-level2/2025/03/20/KSGF/KSGF20250320_235833_V06', 's3://noaa-nexrad-level2/2025/03/21/KINX/KINX20250321_000538_V06']"
95580,F,CRJ7,AND UA /OV ELW/TM 0007/FL260/TP CRJ7/TB NEG/RM SMOOTH ZTLFD32,NEG,202503210000-KMSC-UBUS01-PIREP,26000.0,34.42,-82.78,2025-03-21 00:07:00,0.0,M,"('KGSP', 'KCAE', 'KJGX', 'KMRX', 'KFFC')","['s3://noaa-nexrad-level2/2025/03/21/KGSP/KGSP20250321_000154_V06', 's3://noaa-nexrad-level2/2025/03/21/KCAE/KCAE20250321_000510_V06', 's3://noaa-nexrad-level2/2025/03/21/KJGX/KJGX20250321_000121_V06', 's3://noaa-nexrad-level2/2025/03/21/KMRX/KMRX20250321_000625_V06', 's3://noaa-nexrad-level2/2025/03/21/KFFC/KFFC20250321_000327_V06']"
95581,F,A20N,GRD UA /OV GRD/TM 0007/FL340/TP A20N/TB NEG/RM SMOOTH ZTLFD32,NEG,202503210000-KMSC-UBUS01-PIREP,34000.0,34.25,-82.16,2025-03-21 00:07:00,0.0,U,"('KGSP', 'KCAE', 'KCLX', 'KJGX', 'KMRX')","['s3://noaa-nexrad-level2/2025/03/21/KGSP/KGSP20250321_000154_V06', 's3://noaa-nexrad-level2/2025/03/21/KCAE/KCAE20250321_000510_V06', 's3://noaa-nexrad-level2/2025/03/21/KCLX/KCLX20250321_000607_V06', 's3://noaa-nexrad-level2/2025/03/21/KJGX/KJGX20250321_000121_V06', 's3://noaa-nexrad-level2/2025/03/21/KMRX/KMRX20250321_000625_V06']"
95582,F,B737,KTN UA /OV KTN /TM 0007 /FL040 /TP B737 /TB MOD BLO 040 /RM(AKFSS),MOD BLO 040,202503210000-KMSC-UBUS01-PIREP,4000.0,55.35,-131.71,2025-03-21 00:07:00,3.0,M,"('PACG', 'KLGX', 'KATX', 'KRTX', 'PAIH')","['s3://noaa-nexrad-level2/2025/03/21/PACG/PACG20250321_000321_V06', 's3://noaa-nexrad-level2/2025/03/21/KLGX/KLGX20250321_000648_V06', 's3://noaa-nexrad-level2/2025/03/21/KATX/KATX20250321_000402_V06', 's3://noaa-nexrad-level2/2025/03/21/KRTX/KRTX20250321_000549_V06', 's3://noaa-nexrad-level2/2025/03/21/PAIH/PAIH20250321_000545_V06']"
95583,F,B737,KTN UA /OV KTN /TM 0007 /FL040 /TP B737 /TB MOD BLO 040 /RM (AKFSS,MOD BLO 040,202503210015-KWBC-UBUS31-PRCUS,4000.0,55.35,-131.71,2025-03-21 00:07:00,3.0,M,"('PACG', 'KLGX', 'KATX', 'KRTX', 'PAIH')","['s3://noaa-nexrad-level2/2025/03/21/PACG/PACG20250321_000321_V06', 's3://noaa-nexrad-level2/2025/03/21/KLGX/KLGX20250321_000648_V06', 's3://noaa-nexrad-level2/2025/03/21/KATX/KATX20250321_000402_V06', 's3://noaa-nexrad-level2/2025/03/21/KRTX/KRTX20250321_000549_V06', 's3://noaa-nexrad-level2/2025/03/21/PAIH/PAIH20250321_000545_V06']"
95584,F,A320,POU UA /OV IGN045030/TM 0007/FL250/TP A320/TB CONS LGT 200-250,CONS LGT 200-250,202503210000-KMSC-UBUS01-PIREP,25000.0,42.02358202844656,-73.34665532944291,2025-03-21 00:07:00,1.0,M,"('KENX', 'KOKX', 'KBOX', 'KDIX', 'KCXX')","['s3://noaa-nexrad-level2/2025/03/21/KENX/KENX20250321_000500_V06', 's3://noaa-nexrad-level2/2025/03/21/KOKX/KOKX20250321_000212_V06', 's3://noaa-nexrad-level2/2025/03/21/KBOX/KBOX20250321_000630_V06', 's3://noaa-nexrad-level2/2025/03/21/KDIX/KDIX20250321_000538_V06', 's3://noaa-nexrad-level2/2025/03/21/KCXX/KCXX20250321_000541_V06']"
95585,F,A20N,CLT UA /OV CLT/TM 0008/FL360/TP A20N/TB INTMT LGT CHOP/RM ZTLFD28,INTMT LGT CHOP,202503210000-KMSC-UBUS01-PIREP,36000.0,35.22255,-80.95431,2025-03-21 00:08:00,1.0,U,"('KCAE', 'KGSP', 'KFCX', 'KRAX', 'KCLX')","['s3://noaa-nexrad-level2/2025/03/21/KCAE/KCAE20250321_000510_V06', 's3://noaa-nexrad-level2/2025/03/21/KGSP/KGSP20250321_000154_V06', 's3://noaa-nexrad-level2/2025/03/21/KFCX/KFCX20250321_000509_V06', 's3://noaa-nexrad-level2/2025/03/21/KRAX/KRAX20250321_000300_V06', 's3://noaa-nexrad-level2/2025/03/21/KCLX/KCLX20250321_000607_V06']"
95586,F,B737,LIT UA /OV LIT338030/TM 0008/FL340/TP B737/TB LGT CHOP/RM MTN WAVE +/-15KTS/ZME,LGT CHOP,202503210000-KMSC-UBUS01-PIREP,34000.0,35.19092947826705,-92.46364664477626,2025-03-21 00:08:00,1.0,M,"('KLZK', 'KSRX', 'KSGF', 'KNQA', 'KSHV')","['s3://noaa-nexrad-level2/2025/03/21/KLZK/KLZK20250321_000323_V06', 's3://noaa-nexrad-level2/2025/03/21/KSRX/KSRX20250321_000345_V06', 's3://noaa-nexrad-level2/2025/03/21/KSGF/KSGF20250321_000708_V06', 's3://noaa-nexrad-level2/2025/03/21/KNQA/KNQA20250321_000421_V06', 's3://noaa-nexrad-level2/2025/03/21/KSHV/KSHV20250321_000153_V06']"
95587,F,UH60,SDF UA /OV IIU220030/TM 0009/FL060/TP UH60/TB NEG /IC NEG,NEG,202503210000-KMSC-UBUS01-PIREP,6000.0,37.71694675360954,-85.98844520678009,2025-03-21 00:09:00,0.0,U,"('KLVX', 'KOHX', 'KHPX', 'KVWX', 'KIND')","['s3://noaa-nexrad-level2/2025/03/21/KLVX/KLVX20250321_000517_V06', 's3://noaa-nexrad-level2/2025/03/21/KOHX/KOHX20250321_000559_V06', 's3://noaa-nexrad-level2/2025/03/21/KHPX/KHPX20250321_000429_V06', 's3://noaa-nexrad-level2/2025/03/21/KVWX/KVWX20250321_000341_V06', 's3://noaa-nexrad-level2/2025/03/21/KIND/KIND20250321_000420_V06']"
95588,F,A320,LCQ UA /OV LCQ032045/TM 0010/FL360/TP A320/TB NEG,NEG,202503210000-KMSC-UBUS01-PIREP,36000.0,30.81818759109068,-82.11709323430162,2025-03-21 00:10:00,0.0,M,"('KJAX', 'KVAX', 'KCLX', 'KJGX', 'KTLH')","['s3://noaa-nexrad-level2/2025/03/21/KJAX/KJAX20250321_000523_V06', 's3://noaa-nexrad-level2/2025/03/21/KVAX/KVAX20250321_000804_V06', 's3://noaa-nexrad-level2/2025/03/21/KCLX/KCLX20250321_000607_V06', 's3://noaa-nexrad-level2/2025/03/21/KJGX/KJGX20250321_000823_V06', 's3://noaa-nexrad-level2/2025/03/21/KTLH/KTLH20250321_000711_V06']"
95589,F,B737,RDM UA /OV LAS-RDM/TM 0010/FL220/TP B737/TA UNKN/TB LGT BLO 220/IC LGT RIME ABV 070,LGT BLO 220,202503210000-KMSC-UBUS01-PIREP,22000.0,40.162895,-118.1567,2025-03-21 00:10:00,1.0,M,"('KRGX', 'KLRX', 'KBBX', 'KCBX', 'KDAX')","['s3://noaa-nexrad-level2/2025/03/21/KRGX/KRGX20250321_000526_V06', 's3://noaa-nexrad-level2/2025/03/21/KLRX/KLRX20250321_000908_V06', 's3://noaa-nexrad-level2/2025/03/21/KBBX/KBBX20250321_000257_V06', 's3://noaa-nexrad-level2/2025/03/21/KCBX/KCBX20250321_000933_V06', 's3://noaa-nexrad-level2/2025/03/21/KDAX/KDAX20250321_000424_V06']"
95590,F,B737,WRG UA /OV LVD090020/TM 0010/FL100/TP B737/SK TOP100/TB NEG/RM DURC /ZAN,NEG,202503210000-KMSC-UBUS01-PIREP,10000.0,56.47,-132.47649473677984,2025-03-21 00:10:00,0.0,M,"('PACG', 'KLGX', 'KATX', 'PAIH', 'PAIH')","['s3://noaa-nexrad-level2/2025/03/21/PACG/PACG20250321_000754_V06', 's3://noaa-nexrad-level2/2025/03/21/KLGX/KLGX20250321_000648_V06', 's3://noaa-nexrad-level2/2025/03/21/KATX/KATX20250321_000840_V06', 's3://noaa-nexrad-level2/2025/03/21/PAIH/PAIH20250321_000545_V06', 's3://noaa-nexrad-level2/2025/03/21/PAIH/PAIH20250321_000545_V06']"
95591,F,LJ40,LJF UA /OV LJF/TM 0010/FL090/TP LJ40/TB NEG,NEG,202503210000-KMSC-UBUS01-PIREP,9000.0,45.09714,-94.50725,2025-03-21 00:10:00,0.0,M,"('KMPX', 'KFSD', 'KDLH', 'KDMX', 'KARX')","['s3://noaa-nexrad-level2/2025/03/21/KMPX/KMPX20250321_000650_V06', 's3://noaa-nexrad-level2/2025/03/21/KFSD/KFSD20250321_000532_V06', 's3://noaa-nexrad-level2/2025/03/21/KDLH/KDLH20250321_000505_V06', 's3://noaa-nexrad-level2/2025/03/21/KDMX/KDMX20250321_000557_V06', 's3://noaa-nexrad-level2/2025/03/21/KARX/KARX20250321_000725_V06']"
95592,F,A20N,BWI UA /OV BAL/TM 0011/FL100/TP A20N/WX +RA/TB MOD,MOD,202503210000-KMSC-UBUS01-PIREP,10000.0,39.17,-76.66,2025-03-21 00:11:00,3.0,U,"('KLWX', 'KDOX', 'KCCX', 'KAKQ', 'KDIX')","['s3://noaa-nexrad-level2/2025/03/21/KLWX/KLWX20250321_001054_V06', 's3://noaa-nexrad-level2/2025/03/21/KDOX/KDOX20250321_001054_V06', 's3://noaa-nexrad-level2/2025/03/21/KCCX/KCCX20250321_001031_V06', 's3://noaa-nexrad-level2/2025/03/21/KAKQ/KAKQ20250321_000838_V06', 's3://noaa-nexrad-level2/2025/03/21/KDIX/KDIX20250321_000538_V06']"
95593,F,A321,HTL UA /OV KHTL/TM 0011/FL340/TP A321/TB CONS LGT,CONS LGT,202503210000-KMSC-UBUS01-PIREP,34000.0,44.35981,-84.67111,2025-03-21 00:11:00,1.0,M,"('KAPX', 'KGRR', 'KDTX', 'KIWX', 'KGRB')","['s3://noaa-nexrad-level2/2025/03/21/KAPX/KAPX20250321_000707_V06', 's3://noaa-nexrad-level2/2025/03/21/KGRR/KGRR20250321_000600_V06', 's3://noaa-nexrad-level2/2025/03/21/KDTX/KDTX20250321_000703_V06', 's3://noaa-nexrad-level2/2025/03/21/KIWX/KIWX20250321_000354_V06', 's3://noaa-nexrad-level2/2025/03/21/KGRB/KGRB20250321_000602_V06']"
95594,F,A320,GSO UA /OV GSO/TM 0012/FL340/TP A320/TB NEG/RM SMOOTH ZTLFD33,NEG,202503210000-KMSC-UBUS01-PIREP,34000.0,36.0975,-79.94361,2025-03-21 00:12:00,0.0,M,"('KFCX', 'KRAX', 'KCAE', 'KGSP', 'KLTX')","['s3://noaa-nexrad-level2/2025/03/21/KFCX/KFCX20250321_000925_V06', 's3://noaa-nexrad-level2/2025/03/21/KRAX/KRAX20250321_000808_V06', 's3://noaa-nexrad-level2/2025/03/21/KCAE/KCAE20250321_000947_V06', 's3://noaa-nexrad-level2/2025/03/21/KGSP/KGSP20250321_001037_V06', 's3://noaa-nexrad-level2/2025/03/21/KLTX/KLTX20250321_001119_V06']"
95595,F,A21N,LFI UA /OV CCV010030/TM 0014/FL320/TP A21N/TB LGT-MOD OCNL,LGT-MOD OCNL,202503210000-KMSC-UBUS01-PIREP,32000.0,37.84244376125999,-75.89077081782935,2025-03-21 00:14:00,2.0,U,"('KDOX', 'KAKQ', 'KLWX', 'KDIX', 'KMHX')","['s3://noaa-nexrad-level2/2025/03/21/KDOX/KDOX20250321_001054_V06', 's3://noaa-nexrad-level2/2025/03/21/KAKQ/KAKQ20250321_000838_V06', 's3://noaa-nexrad-level2/2025/03/21/KLWX/KLWX20250321_001054_V06', 's3://noaa-nexrad-level2/2025/03/21/KDIX/KDIX20250321_001137_V06', 's3://noaa-nexrad-level2/2025/03/21/KMHX/KMHX20250321_001215_V06']"
95596,F,B737,KTN UA /OV ANN340015/TM 0014/FL025/TP B737/SK BKN025-TOP120/TB INTMT LGT BLO 120/RM DURC /ZAN,INTMT LGT BLO 120,202503210000-KMSC-UBUS01-PIREP,2500.0,55.27494218399107,-131.71923438401248,2025-03-21 00:14:00,1.0,M,"('PACG', 'KLGX', 'KATX', 'KRTX', 'PAIH')","['s3://noaa-nexrad-level2/2025/03/21/PACG/PACG20250321_001234_V06', 's3://noaa-nexrad-level2/2025/03/21/KLGX/KLGX20250321_001257_V06', 's3://noaa-nexrad-level2/2025/03/21/KATX/KATX20250321_001318_V06', 's3://noaa-nexrad-level2/2025/03/21/KRTX/KRTX20250321_001158_V06', 's3://noaa-nexrad-level2/2025/03/21/PAIH/PAIH20250321_001241_V06']"
95597,F,E75S,LWM UA /OV KLWM/TM 0015/FL130/TP E75S/TB OCNL LGT CHOP/RM DURC HYLND,OCNL LGT CHOP,202503210000-KMSC-UBUS01-PIREP,13000.0,42.71719,-71.12342,2025-03-21 00:15:00,1.0,U,"('KBOX', 'KGYX', 'KOKX', 'KCXX', 'KENX')","['s3://noaa-nexrad-level2/2025/03/21/KBOX/KBOX20250321_001313_V06', 's3://noaa-nexrad-level2/2025/03/21/KGYX/KGYX20250321_001343_V06', 's3://noaa-nexrad-level2/2025/03/21/KOKX/KOKX20250321_001319_V06', 's3://noaa-nexrad-level2/2025/03/21/KCXX/KCXX20250321_001450_V06', 's3://noaa-nexrad-level2/2025/03/21/KENX/KENX20250321_000951_V06']"
95598,F,B350,LOZ UA /OV AZQ/TM 0015/FL200/TP B350/SK SKC/TB NEG,NEG,202503210000-KMSC-UBUS01-PIREP,20000.0,37.39,-83.26,2025-03-21 00:15:00,0.0,M,"('KJKL', 'KMRX', 'KRLX', 'KILN', 'KGSP')","['s3://noaa-nexrad-level2/2025/03/21/KJKL/KJKL20250321_001033_V06', 's3://noaa-nexrad-level2/2025/03/21/KMRX/KMRX20250321_001104_V06', 's3://noaa-nexrad-level2/2025/03/21/KRLX/KRLX20250321_001404_V06', 's3://noaa-nexrad-level2/2025/03/21/KILN/KILN20250321_001255_V06', 's3://noaa-nexrad-level2/2025/03/21/KGSP/KGSP20250321_001037_V06']"
95599,F,F900,EGE UA /OV RLG070030/TM 0016/FL240/TP F900/TB CONS MOD/RM MOD MTW ZDVWC-06,CONS MOD,202503210000-KMSC-UBUS01-PIREP,24000.0,40.17102392349249,-105.8266095208928,2025-03-21 00:16:00,3.0,M,"('KFTG', 'KCYS', 'KPUX', 'KGJX', 'KRIW')","['s3://noaa-nexrad-level2/2025/03/21/KFTG/KFTG20250321_001455_V06', 's3://noaa-nexrad-level2/2025/03/21/KCYS/KCYS20250321_001249_V06', 's3://noaa-nexrad-level2/2025/03/21/KPUX/KPUX20250321_001036_V06', 's3://noaa-nexrad-level2/2025/03/21/KGJX/KGJX20250321_001457_V06', 's3://noaa-nexrad-level2/2025/03/21/KRIW/KRIW20250321_001149_V06']"
95600,F,E145,FIG UA /OV ETG340007/TM 0016/FL190/TP E145/TB CONS LGT OCNL MOD/RM ZOB,CONS LGT OCNL MOD,202503210000-KMSC-UBUS01-PIREP,19000.0,41.319639685862505,-78.19304477685228,2025-03-21 00:16:00,2.0,M,"('KCCX', 'KBUF', 'KPBZ', 'KBGM', 'KLWX')","['s3://noaa-nexrad-level2/2025/03/21/KCCX/KCCX20250321_001503_V06', 's3://noaa-nexrad-level2/2025/03/21/KBUF/KBUF20250321_000917_V06', 's3://noaa-nexrad-level2/2025/03/21/KPBZ/KPBZ20250321_001127_V06', 's3://noaa-nexrad-level2/2025/03/21/KBGM/KBGM20250321_001452_V06', 's3://noaa-nexrad-level2/2025/03/21/KLWX/KLWX20250321_001054_V06']"
95601,F,B737,MGM UA /OV MGM/TM 0016/FL370/TP B737/TB INTMT LGT/RM ZTLFD08,INTMT LGT,202503210000-KMSC-UBUS01-PIREP,37000.0,32.30064,-86.39397,2025-03-21 00:16:00,1.0,M,"('KMXX', 'KBMX', 'KEOX', 'KEVX', 'KFFC')","['s3://noaa-nexrad-level2/2025/03/21/KMXX/KMXX20250321_001439_V06', 's3://noaa-nexrad-level2/2025/03/21/KBMX/KBMX20250321_001433_V06', 's3://noaa-nexrad-level2/2025/03/20/KEOX/KEOX20250320_143812_V06', 's3://noaa-nexrad-level2/2025/03/21/KEVX/KEVX20250321_001428_V06', 's3://noaa-nexrad-level2/2025/03/21/KFFC/KFFC20250321_001022_V06']"
95602,F,A21N,MGM UA /OV MGM300098/TM 0017/FL330/TP A21N/TB CONS LGT OCNL MOD CHOP/RM ZTLFD11,CONS LGT OCNL MOD CHOP,202503210000-KMSC-UBUS01-PIREP,33000.0,33.11737281673282,-88.0675729815076,2025-03-21 00:17:00,2.0,U,"('KGWX', 'KBMX', 'KDGX', 'KMXX', 'KMOB')","['s3://noaa-nexrad-level2/2025/03/21/KGWX/KGWX20250321_001621_V06', 's3://noaa-nexrad-level2/2025/03/21/KBMX/KBMX20250321_001433_V06', 's3://noaa-nexrad-level2/2025/03/21/KDGX/KDGX20250321_000932_V06', 's3://noaa-nexrad-level2/2025/03/21/KMXX/KMXX20250321_001439_V06', 's3://noaa-nexrad-level2/2025/03/21/KMOB/KMOB20250321_001056_V06']"
95603,T,C560,BWI UUA /OV BAL170025/TM 0017/FL040/TP C560/TB MOD TO SEV TB/IC DURD 060-050,MOD TO SEV TB,202503210000-KMSC-UBUS01-PIREP,4000.0,38.75963019895001,-76.56666635858052,2025-03-21 00:17:00,4.0,M,"('KLWX', 'KDOX', 'KAKQ', 'KDIX', 'KCCX')","['s3://noaa-nexrad-level2/2025/03/21/KLWX/KLWX20250321_001637_V06', 's3://noaa-nexrad-level2/2025/03/21/KDOX/KDOX20250321_001054_V06', 's3://noaa-nexrad-level2/2025/03/21/KAKQ/KAKQ20250321_001436_V06', 's3://noaa-nexrad-level2/2025/03/21/KDIX/KDIX20250321_001137_V06', 's3://noaa-nexrad-level2/2025/03/21/KCCX/KCCX20250321_001503_V06']"
95604,T,C560,BWI UUA /OV BAL170018/TM 0017/FL040/TP C560/TB MOD TO SEV TB/IC DURD 060-050,MOD TO SEV TB,202503210000-KMSC-UBUS01-PIREP,4000.0,38.87453374324401,-76.59279977817798,2025-03-21 00:17:00,4.0,M,"('KLWX', 'KDOX', 'KAKQ', 'KDIX', 'KCCX')","['s3://noaa-nexrad-level2/2025/03/21/KLWX/KLWX20250321_001637_V06', 's3://noaa-nexrad-level2/2025/03/21/KDOX/KDOX20250321_001054_V06', 's3://noaa-nexrad-level2/2025/03/21/KAKQ/KAKQ20250321_001436_V06', 's3://noaa-nexrad-level2/2025/03/21/KDIX/KDIX20250321_001137_V06', 's3://noaa-nexrad-level2/2025/03/21/KCCX/KCCX20250321_001503_V06']"
95605,F,B738,GRR UA /OV VIO/TM 0018/FL280/TP B738/TB NEG,NEG,202503210000-KMSC-UBUS01-PIREP,28000.0,42.88210929,-85.5229853,2025-03-21 00:18:00,0.0,M,"('KGRR', 'KIWX', 'KDTX', 'KAPX', 'KLOT')","['s3://noaa-nexrad-level2/2025/03/21/KGRR/KGRR20250321_001413_V06', 's3://noaa-nexrad-level2/2025/03/21/KIWX/KIWX20250321_001224_V06', 's3://noaa-nexrad-level2/2025/03/21/KDTX/KDTX20250321_001408_V06', 's3://noaa-nexrad-level2/2025/03/21/KAPX/KAPX20250321_001359_V06', 's3://noaa-nexrad-level2/2025/03/21/KLOT/KLOT20250321_001246_V06']"
95606,F,B752,RDU UA /OV RDU/TM 0018/FL140/TP B752/TB MOD /RM 100-140 SHPRD DEPT,MOD,202503210000-KMSC-UBUS01-PIREP,14000.0,35.8922,-78.7819,2025-03-21 00:18:00,3.0,M,"('KRAX', 'KFCX', 'KLTX', 'KAKQ', 'KMHX')","['s3://noaa-nexrad-level2/2025/03/21/KRAX/KRAX20250321_001315_V06', 's3://noaa-nexrad-level2/2025/03/21/KFCX/KFCX20250321_001727_V06', 's3://noaa-nexrad-level2/2025/03/21/KLTX/KLTX20250321_001551_V06', 's3://noaa-nexrad-level2/2025/03/21/KAKQ/KAKQ20250321_001436_V06', 's3://noaa-nexrad-level2/2025/03/21/KMHX/KMHX20250321_001700_V06']"
95607,T,SR22,SHR UUA /OV SHR150015/TM 0018/FL072/TP SR22/TB SEV /ZLC,SEV,202503210000-KMSC-UBUS01-PIREP,7200.0,44.55347611202193,-106.79391441796518,2025-03-21 00:18:00,5.0,L,"('KBLX', 'KRIW', 'KGGW', 'KCYS', 'KUDX')","['s3://noaa-nexrad-level2/2025/03/21/KBLX/KBLX20250321_001609_V06', 's3://noaa-nexrad-level2/2025/03/21/KRIW/KRIW20250321_001149_V06', 's3://noaa-nexrad-level2/2025/03/21/KGGW/KGGW20250321_001526_V06', 's3://noaa-nexrad-level2/2025/03/21/KCYS/KCYS20250321_001249_V06', 's3://noaa-nexrad-level2/2025/03/21/KUDX/KUDX20250321_001225_V06']"
95608,F,A320,LGC UA /OV LGC/TM 0018/FL180/TP A320/TB LGT CHOP/RM ZTLFD09,LGT CHOP,202503210000-KMSC-UBUS01-PIREP,18000.0,33.00886,-85.07261,2025-03-21 00:18:00,1.0,M,"('KFFC', 'KMXX', 'KEOX', 'KBMX', 'KJGX')","['s3://noaa-nexrad-level2/2025/03/21/KFFC/KFFC20250321_001723_V06', 's3://noaa-nexrad-level2/2025/03/21/KMXX/KMXX20250321_001439_V06', 's3://noaa-nexrad-level2/2025/03/20/KEOX/KEOX20250320_143812_V06', 's3://noaa-nexrad-level2/2025/03/21/KBMX/KBMX20250321_001433_V06', 's3://noaa-nexrad-level2/2025/03/21/KJGX/KJGX20250321_001526_V06']"
95609,F,CRJ9,PSK UA /OV PSK258029/TM 0018/FL230/TP CRJ9/TB NEG/RM ZTLFD45,NEG,202503210000-KMSC-UBUS01-PIREP,23000.0,37.03685120968724,-81.27157488913949,2025-03-21 00:18:00,0.0,U,"('KFCX', 'KRLX', 'KJKL', 'KMRX', 'KGSP')","['s3://noaa-nexrad-level2/2025/03/21/KFCX/KFCX20250321_001727_V06', 's3://noaa-nexrad-level2/2025/03/21/KRLX/KRLX20250321_001404_V06', 's3://noaa-nexrad-level2/2025/03/21/KJKL/KJKL20250321_001731_V06', 's3://noaa-nexrad-level2/2025/03/21/KMRX/KMRX20250321_001543_V06', 's3://noaa-nexrad-level2/2025/03/21/KGSP/KGSP20250321_001037_V06']"
95610,F,BE20,ILI UA /OV ILI058037/TM 0019/FL260/TP BE20/TB LGT CHOP/RM /ZAN,LGT CHOP,202503210000-KMSC-UBUS01-PIREP,26000.0,60.07681001577086,-153.87182538895354,2025-03-21 00:19:00,1.0,M,"('PAHG', 'PAKC', 'PAIH', 'PAIH', 'PABC')","['s3://noaa-nexrad-level2/2025/03/21/PAHG/PAHG20250321_001829_V06', 's3://noaa-nexrad-level2/2025/03/21/PAKC/PAKC20250321_001852_V06', 's3://noaa-nexrad-level2/2025/03/21/PAIH/PAIH20250321_001706_V06', 's3://noaa-nexrad-level2/2025/03/21/PAIH/PAIH20250321_001706_V06']"
95611,F,B717,KOA UA /OV UPP/TM 0020/FL180/TP B717/TB CONS LGT CHOP 180-220,CONS LGT CHOP 180-220,202503210000-KMSC-UBUS01-PIREP,18000.0,20.26,-155.85,2025-03-21 00:20:00,1.0,M,"('PHKM', 'PHWA', 'PHMO', 'PHKI', 'KBHX')","['s3://noaa-nexrad-level2/2025/03/21/PHKM/PHKM20250321_001718_V06', 's3://noaa-nexrad-level2/2025/03/21/PHWA/PHWA20250321_001636_V06', 's3://noaa-nexrad-level2/2025/03/21/PHMO/PHMO20250321_001748_V06', 's3://noaa-nexrad-level2/2025/03/21/PHKI/PHKI20250321_001819_V06', 's3://noaa-nexrad-level2/2025/03/21/KBHX/KBHX20250321_001745_V06']"
95612,F,E190,POU UA /OV IGN200020/TM 0020/FL360/TP E190/TB NEG,NEG,202503210000-KMSC-UBUS01-PIREP,36000.0,41.35674375467857,-73.97263457266874,2025-03-21 00:20:00,0.0,U,"('KOKX', 'KENX', 'KDIX', 'KBGM', 'KBOX')","['s3://noaa-nexrad-level2/2025/03/21/KOKX/KOKX20250321_001907_V06', 's3://noaa-nexrad-level2/2025/03/21/KENX/KENX20250321_001501_V06', 's3://noaa-nexrad-level2/2025/03/21/KDIX/KDIX20250321_001735_V06', 's3://noaa-nexrad-level2/2025/03/21/KBGM/KBGM20250321_001452_V06', 's3://noaa-nexrad-level2/2025/03/21/KBOX/KBOX20250321_001957_V06']"
95613,F,C212,SHR UA /OV SHR150015 /TM 0020 /FL115 /TP C212 /TB MOD /RM COR ACFT TYPE SR22 IN ERROR AND MOD NOT SEV TB,MOD,202503210000-KMSC-UBUS01-PIREP,11500.0,44.55347611202193,-106.79391441796518,2025-03-21 00:20:00,3.0,M,"('KBLX', 'KRIW', 'KGGW', 'KCYS', 'KUDX')","['s3://noaa-nexrad-level2/2025/03/21/KBLX/KBLX20250321_001609_V06', 's3://noaa-nexrad-level2/2025/03/21/KRIW/KRIW20250321_001149_V06', 's3://noaa-nexrad-level2/2025/03/21/KGGW/KGGW20250321_001958_V06', 's3://noaa-nexrad-level2/2025/03/21/KCYS/KCYS20250321_001249_V06', 's3://noaa-nexrad-level2/2025/03/21/KUDX/KUDX20250321_001225_V06']"
95614,F,B39M,GUC UA /OV HBU039044/TM 0021/FL360/TP B39M/TB LGT CHOP/RM MTW +/-10KT ZDVWC-,LGT CHOP,202503210000-KMSC-UBUS01-PIREP,36000.0,39.01995320091805,-106.45066417623154,2025-03-21 00:21:00,1.0,U,"('KGJX', 'KFTG', 'KPUX', 'KCYS', 'KABX')","['s3://noaa-nexrad-level2/2025/03/21/KGJX/KGJX20250321_002031_V06', 's3://noaa-nexrad-level2/2025/03/21/KFTG/KFTG20250321_001455_V06', 's3://noaa-nexrad-level2/2025/03/21/KPUX/KPUX20250321_001742_V06', 's3://noaa-nexrad-level2/2025/03/21/KCYS/KCYS20250321_001249_V06', 's3://noaa-nexrad-level2/2025/03/21/KABX/KABX20250321_001742_V06']"
95615,F,B39M,GUC UA /OV HBU039044/TM 0021/FL360/TP B39M/TB LGT CHOP/RM MTW +/-10KT ZDVWC,LGT CHOP,202503210040-KWBC-UBUS31-PRCUS,36000.0,39.01995320091805,-106.45066417623154,2025-03-21 00:21:00,1.0,U,"('KGJX', 'KFTG', 'KPUX', 'KCYS', 'KABX')","['s3://noaa-nexrad-level2/2025/03/21/KGJX/KGJX20250321_002031_V06', 's3://noaa-nexrad-level2/2025/03/21/KFTG/KFTG20250321_001455_V06', 's3://noaa-nexrad-level2/2025/03/21/KPUX/KPUX20250321_001742_V06', 's3://noaa-nexrad-level2/2025/03/21/KCYS/KCYS20250321_001249_V06', 's3://noaa-nexrad-level2/2025/03/21/KABX/KABX20250321_001742_V06']"
95616,F,B753,EGE UA /OV RLG360040/TM 0021/FL340/TP B753/TB MOD/RM ZDVWC-,MOD,202503210200-KMSC-UBUS01-PIREP,34000.0,40.66672066672066,-106.44,2025-03-21 00:21:00,3.0,M,"('KCYS', 'KFTG', 'KGJX', 'KRIW', 'KPUX')","['s3://noaa-nexrad-level2/2025/03/21/KCYS/KCYS20250321_001249_V06', 's3://noaa-nexrad-level2/2025/03/21/KFTG/KFTG20250321_001455_V06', 's3://noaa-nexrad-level2/2025/03/21/KGJX/KGJX20250321_002031_V06', 's3://noaa-nexrad-level2/2025/03/21/KRIW/KRIW20250321_002031_V06', 's3://noaa-nexrad-level2/2025/03/21/KPUX/KPUX20250321_001742_V06']"
95617,F,B753,EGE UA /OV RLG360040/TM 0021/FL340/TP B753/TB MOD/RM ZDVWC,MOD,202503210225-KWBC-UBCO90-PIREP,34000.0,40.66672066672066,-106.44,2025-03-21 00:21:00,3.0,M,"('KCYS', 'KFTG', 'KGJX', 'KRIW', 'KPUX')","['s3://noaa-nexrad-level2/2025/03/21/KCYS/KCYS20250321_001249_V06', 's3://noaa-nexrad-level2/2025/03/21/KFTG/KFTG20250321_001455_V06', 's3://noaa-nexrad-level2/2025/03/21/KGJX/KGJX20250321_002031_V06', 's3://noaa-nexrad-level2/2025/03/21/KRIW/KRIW20250321_002031_V06', 's3://noaa-nexrad-level2/2025/03/21/KPUX/KPUX20250321_001742_V06']"
95618,F,E75L,DEN UA /OV DEN295030/TM 0023/FL190/TP E75L/TB MOD,MOD,202503210000-KMSC-UBUS01-PIREP,19000.0,40.04412624692706,-105.2476557399268,2025-03-21 00:23:00,3.0,U,"('KFTG', 'KCYS', 'KPUX', 'KGJX', 'KGLD')","['s3://noaa-nexrad-level2/2025/03/21/KFTG/KFTG20250321_001455_V06', 's3://noaa-nexrad-level2/2025/03/21/KCYS/KCYS20250321_002232_V06', 's3://noaa-nexrad-level2/2025/03/21/KPUX/KPUX20250321_001742_V06', 's3://noaa-nexrad-level2/2025/03/21/KGJX/KGJX20250321_002031_V06', 's3://noaa-nexrad-level2/2025/03/21/KGLD/KGLD20250321_001608_V06']"
95619,F,A321,ORF UA /OV ORF/TM 0023/FL300/TP A321/TB MOD,MOD,202503210000-KMSC-UBUS01-PIREP,30000.0,36.90333,-76.19222,2025-03-21 00:23:00,3.0,M,"('KAKQ', 'KDOX', 'KMHX', 'KLWX', 'KRAX')","['s3://noaa-nexrad-level2/2025/03/21/KAKQ/KAKQ20250321_002036_V06', 's3://noaa-nexrad-level2/2025/03/21/KDOX/KDOX20250321_001745_V06', 's3://noaa-nexrad-level2/2025/03/21/KMHX/KMHX20250321_002130_V06', 's3://noaa-nexrad-level2/2025/03/21/KLWX/KLWX20250321_002219_V06', 's3://noaa-nexrad-level2/2025/03/21/KRAX/KRAX20250321_001823_V06']"
95620,F,B738,IMT UA /OV IMT/TM 0023/FL360/TP B738/TB NEG,NEG,202503210000-KMSC-UBUS01-PIREP,36000.0,45.81836,-88.11456,2025-03-21 00:23:00,0.0,M,"('KMQT', 'KGRB', 'KMKX', 'KAPX', 'KARX')","['s3://noaa-nexrad-level2/2025/03/21/KMQT/KMQT20250321_001712_V06', 's3://noaa-nexrad-level2/2025/03/21/KGRB/KGRB20250321_001933_V06', 's3://noaa-nexrad-level2/2025/03/21/KMKX/KMKX20250321_001634_V06', 's3://noaa-nexrad-level2/2025/03/21/KAPX/KAPX20250321_002156_V06', 's3://noaa-nexrad-level2/2025/03/21/KARX/KARX20250321_002101_V06']"
95621,F,E295,MNM UA /OV MNM/TM 0023/FL380/TP E295/TB CONS LGT CHOP,CONS LGT CHOP,202503210000-KMSC-UBUS01-PIREP,38000.0,45.12665,-87.63844,2025-03-21 00:23:00,1.0,U,"('KGRB', 'KMQT', 'KMKX', 'KAPX', 'KGRR')","['s3://noaa-nexrad-level2/2025/03/21/KGRB/KGRB20250321_001933_V06', 's3://noaa-nexrad-level2/2025/03/21/KMQT/KMQT20250321_001712_V06', 's3://noaa-nexrad-level2/2025/03/21/KMKX/KMKX20250321_001634_V06', 's3://noaa-nexrad-level2/2025/03/21/KAPX/KAPX20250321_002156_V06', 's3://noaa-nexrad-level2/2025/03/21/KGRR/KGRR20250321_002232_V06']"
95622,F,E75L,GJT UA /OV JNC340014/TM 0023/FL360/TP E75L/TB OCNL LGT CHOP/RM ZDVWC-03,OCNL LGT CHOP,202503210000-KMSC-UBUS01-PIREP,36000.0,39.27927937172501,-108.89278499754016,2025-03-21 00:23:00,1.0,U,"('KGJX', 'KRIW', 'KMTX', 'KICX', 'KFTG')","['s3://noaa-nexrad-level2/2025/03/21/KGJX/KGJX20250321_002031_V06', 's3://noaa-nexrad-level2/2025/03/21/KRIW/KRIW20250321_002031_V06', 's3://noaa-nexrad-level2/2025/03/21/KMTX/KMTX20250321_001858_V06', 's3://noaa-nexrad-level2/2025/03/21/KICX/KICX20250321_001612_V06', 's3://noaa-nexrad-level2/2025/03/21/KFTG/KFTG20250321_001455_V06']"
95623,F,B739,GWO UA /OV SQS135020/TM 0024/FL340/TP B739/TB MOD CHOP/RM ZME,MOD CHOP,202503210000-KMSC-UBUS01-PIREP,34000.0,33.2242786477023,-89.9974522807896,2025-03-21 00:24:00,3.0,M,"('KDGX', 'KGWX', 'KNQA', 'KHDC', 'KLZK')","['s3://noaa-nexrad-level2/2025/03/21/KDGX/KDGX20250321_001742_V06', 's3://noaa-nexrad-level2/2025/03/21/KGWX/KGWX20250321_002316_V06', 's3://noaa-nexrad-level2/2025/03/21/KNQA/KNQA20250321_002057_V06', 's3://noaa-nexrad-level2/2025/03/21/KHDC/KHDC20250321_002005_V06', 's3://noaa-nexrad-level2/2025/03/21/KLZK/KLZK20250321_002334_V06']"
95624,F,A332,LIH UA /OV LIH155050/TM 0024/FL270/TP A332/TB MOD CHOP,MOD CHOP,202503210000-KMSC-UBUS01-PIREP,27000.0,21.21468233496599,-158.95020912621322,2025-03-21 00:24:00,3.0,H,"('PHKI', 'PHMO', 'PHKM', 'PHWA', 'PAKC')","['s3://noaa-nexrad-level2/2025/03/21/PHKI/PHKI20250321_002255_V06', 's3://noaa-nexrad-level2/2025/03/21/PHMO/PHMO20250321_002224_V06', 's3://noaa-nexrad-level2/2025/03/21/PHKM/PHKM20250321_002150_V06', 's3://noaa-nexrad-level2/2025/03/21/PHWA/PHWA20250321_002103_V06', 's3://noaa-nexrad-level2/2025/03/21/PAKC/PAKC20250321_001852_V06']"
95625,F,B737,ILM UA /OV ILM190125/TM 0026/FL370/TP B737/TB NEG,NEG,202503210000-KMSC-UBUS01-PIREP,37000.0,32.21815099475006,-78.33780166781514,2025-03-21 00:26:00,0.0,M,"('KLTX', 'KCLX', 'KMHX', 'KCAE', 'KRAX')","['s3://noaa-nexrad-level2/2025/03/21/KLTX/KLTX20250321_002453_V06', 's3://noaa-nexrad-level2/2025/03/21/KCLX/KCLX20250321_002242_V06', 's3://noaa-nexrad-level2/2025/03/21/KMHX/KMHX20250321_002130_V06', 's3://noaa-nexrad-level2/2025/03/21/KCAE/KCAE20250321_002326_V06', 's3://noaa-nexrad-level2/2025/03/21/KRAX/KRAX20250321_002331_V06']"
95626,F,B738,MEM UA /OV MEM315065/TM 0027/FL2701/TP B738/TB MOD/RM ZME,MOD,202503210000-KMSC-UBUS01-PIREP,27000.0,35.827204394967524,-90.9209280727769,2025-03-21 00:27:00,3.0,M,"('KNQA', 'KLZK', 'KPAH', 'KSGF', 'KLSX')","['s3://noaa-nexrad-level2/2025/03/21/KNQA/KNQA20250321_002057_V06', 's3://noaa-nexrad-level2/2025/03/21/KLZK/KLZK20250321_002334_V06', 's3://noaa-nexrad-level2/2025/03/21/KPAH/KPAH20250321_002549_V06', 's3://noaa-nexrad-level2/2025/03/21/KSGF/KSGF20250321_002400_V06', 's3://noaa-nexrad-level2/2025/03/21/KLSX/KLSX20250321_002603_V06']"
95627,F,E170,BXK UA /OV BXK270037/TM 0028/FL300/TP E170/TB LGT-MOD CHOP/RM ZAB/FDCS,LGT-MOD CHOP,202503210000-KMSC-UBUS01-PIREP,30000.0,33.4204167,-113.42507182683276,2025-03-21 00:28:00,2.0,U,"('KYUX', 'KIWA', 'KFSX', 'KFSX', 'KESX')","['s3://noaa-nexrad-level2/2025/03/21/KYUX/KYUX20250321_002249_V06', 's3://noaa-nexrad-level2/2025/03/21/KIWA/KIWA20250321_002721_V06', 's3://noaa-nexrad-level2/2025/03/21/KFSX/KFSX20250321_002030_V06', 's3://noaa-nexrad-level2/2025/03/21/KFSX/KFSX20250321_002030_V06', 's3://noaa-nexrad-level2/2025/03/21/KESX/KESX20250321_002641_V06']"
95628,F,B737,GWO UA /OV SQS225050/TM 0028/FL350/TP B737/TB CONS MOD/RM ZME,CONS MOD,202503210000-KMSC-UBUS01-PIREP,35000.0,32.87069661925575,-90.986369298026,2025-03-21 00:28:00,3.0,M,"('KDGX', 'KLZK', 'KHDC', 'KPOE', 'KNQA')","['s3://noaa-nexrad-level2/2025/03/21/KDGX/KDGX20250321_002618_V06', 's3://noaa-nexrad-level2/2025/03/21/KLZK/KLZK20250321_002334_V06', 's3://noaa-nexrad-level2/2025/03/21/KHDC/KHDC20250321_002005_V06', 's3://noaa-nexrad-level2/2025/03/21/KPOE/KPOE20250321_002108_V06', 's3://noaa-nexrad-level2/2025/03/21/KNQA/KNQA20250321_002057_V06']"
95629,F,B738,MKT UA /OV MKT020015/TM 0028/FL180/TP B738/TB OCNL LGT CHOP,OCNL LGT CHOP,202503210000-KMSC-UBUS01-PIREP,18000.0,44.45494218399108,-93.8006810736456,2025-03-21 00:28:00,1.0,M,"('KMPX', 'KARX', 'KDMX', 'KDLH', 'KFSD')","['s3://noaa-nexrad-level2/2025/03/21/KMPX/KMPX20250321_002044_V06', 's3://noaa-nexrad-level2/2025/03/21/KARX/KARX20250321_002748_V06', 's3://noaa-nexrad-level2/2025/03/21/KDMX/KDMX20250321_002634_V06', 's3://noaa-nexrad-level2/2025/03/21/KDLH/KDLH20250321_002139_V06', 's3://noaa-nexrad-level2/2025/03/21/KFSD/KFSD20250321_002601_V06']"
95630,T,B737,OKV UUA /OV LDN/TM 0029/FL170/TP B737/TB MOD-SEV/RM 140-170,MOD-SEV,202503210000-KMSC-UBUS01-PIREP,17000.0,38.85,-78.21,2025-03-21 00:29:00,4.0,M,"('KLWX', 'KCCX', 'KAKQ', 'KPBZ', 'KFCX')","['s3://noaa-nexrad-level2/2025/03/21/KLWX/KLWX20250321_002827_V06', 's3://noaa-nexrad-level2/2025/03/21/KCCX/KCCX20250321_002838_V06', 's3://noaa-nexrad-level2/2025/03/21/KAKQ/KAKQ20250321_002635_V06', 's3://noaa-nexrad-level2/2025/03/21/KPBZ/KPBZ20250321_002526_V06', 's3://noaa-nexrad-level2/2025/03/21/KFCX/KFCX20250321_002536_V06']"
95631,F,B737,MGM UA /OV MGM/TM 0030/FL350/TP B737/TB LGT-MOD CHOP/RM ZTLFD08,LGT-MOD CHOP,202503210000-KMSC-UBUS01-PIREP,35000.0,32.30064,-86.39397,2025-03-21 00:30:00,2.0,M,"('KMXX', 'KBMX', 'KEOX', 'KEVX', 'KFFC')","['s3://noaa-nexrad-level2/2025/03/21/KMXX/KMXX20250321_002818_V06', 's3://noaa-nexrad-level2/2025/03/21/KBMX/KBMX20250321_002437_V06', 's3://noaa-nexrad-level2/2025/03/21/KEVX/KEVX20250321_002254_V06', 's3://noaa-nexrad-level2/2025/03/21/KFFC/KFFC20250321_002424_V06']"
95632,F,E75S,BGM UA /OV RKA130015/TM 0030/FL275/TP E75S/TB CONS MOD 300,CONS MOD 300,202503210000-KMSC-UBUS01-PIREP,27500.0,42.30929008111625,-74.98034899568617,2025-03-21 00:30:00,3.0,U,"('KENX', 'KBGM', 'KTYX', 'KDIX', 'KOKX')","['s3://noaa-nexrad-level2/2025/03/21/KENX/KENX20250321_002541_V06', 's3://noaa-nexrad-level2/2025/03/21/KBGM/KBGM20250321_002704_V06', 's3://noaa-nexrad-level2/2025/03/21/KTYX/KTYX20250321_002548_V06', 's3://noaa-nexrad-level2/2025/03/21/KDIX/KDIX20250321_002932_V06', 's3://noaa-nexrad-level2/2025/03/21/KOKX/KOKX20250321_002507_V06']"
95633,F,A321,GUC UA /OV HBU044068/TM 0030/FL340/TP A321/TB LGT CHOP/RM MTW +/-25KT ZDVWC-,LGT CHOP,202503210000-KMSC-UBUS01-PIREP,34000.0,39.26531780917685,-106.03464707270014,2025-03-21 00:30:00,1.0,M,"('KFTG', 'KPUX', 'KGJX', 'KCYS', 'KABX')","['s3://noaa-nexrad-level2/2025/03/21/KFTG/KFTG20250321_002337_V06', 's3://noaa-nexrad-level2/2025/03/21/KPUX/KPUX20250321_002442_V06', 's3://noaa-nexrad-level2/2025/03/21/KGJX/KGJX20250321_002558_V06', 's3://noaa-nexrad-level2/2025/03/21/KCYS/KCYS20250321_002232_V06', 's3://noaa-nexrad-level2/2025/03/21/KABX/KABX20250321_002706_V06']"
95634,F,A321,GUC UA /OV HBU044068/TM 0030/FL340/TP A321/TB LGT CHOP/RM MTW +/-25KT ZDVWC,LGT CHOP,202503210040-KWBC-UBUS31-PRCUS,34000.0,39.26531780917685,-106.03464707270014,2025-03-21 00:30:00,1.0,M,"('KFTG', 'KPUX', 'KGJX', 'KCYS', 'KABX')","['s3://noaa-nexrad-level2/2025/03/21/KFTG/KFTG20250321_002337_V06', 's3://noaa-nexrad-level2/2025/03/21/KPUX/KPUX20250321_002442_V06', 's3://noaa-nexrad-level2/2025/03/21/KGJX/KGJX20250321_002558_V06', 's3://noaa-nexrad-level2/2025/03/21/KCYS/KCYS20250321_002232_V06', 's3://noaa-nexrad-level2/2025/03/21/KABX/KABX20250321_002706_V06']"
95635,F,A21N,MGM UA /OV MGM270040/TM 0031/FL370/TP A21N/TB LGT-MOD/RM ZTLFD08,LGT-MOD,202503210000-KMSC-UBUS01-PIREP,37000.0,32.30064,-87.18274969950201,2025-03-21 00:31:00,2.0,U,"('KBMX', 'KMXX', 'KEOX', 'KMOB', 'KGWX')","['s3://noaa-nexrad-level2/2025/03/21/KBMX/KBMX20250321_002437_V06', 's3://noaa-nexrad-level2/2025/03/21/KMXX/KMXX20250321_002818_V06', 's3://noaa-nexrad-level2/2025/03/21/KMOB/KMOB20250321_002731_V06', 's3://noaa-nexrad-level2/2025/03/21/KGWX/KGWX20250321_003002_V06']"
95636,F,B737,LIT UA /OV LIT0415055/TM 0032/FL320/TP B737/TB CONS MOD/RM ZME,CONS MOD,202503210000-KMSC-UBUS01-PIREP,32000.0,34.7273,-92.23573,2025-03-21 00:32:00,3.0,M,"('KLZK', 'KSRX', 'KNQA', 'KSGF', 'KSHV')","['s3://noaa-nexrad-level2/2025/03/21/KLZK/KLZK20250321_003018_V06', 's3://noaa-nexrad-level2/2025/03/21/KSRX/KSRX20250321_002939_V06', 's3://noaa-nexrad-level2/2025/03/21/KNQA/KNQA20250321_002921_V06', 's3://noaa-nexrad-level2/2025/03/21/KSGF/KSGF20250321_002400_V06', 's3://noaa-nexrad-level2/2025/03/21/KSHV/KSHV20250321_002735_V06']"
95637,F,E170,TLH UA /OV TLH015040/TM 0032/FL310/TP E170/TB NEG,NEG,202503210000-KMSC-UBUS01-PIREP,31000.0,31.03754271090616,-84.15129683023832,2025-03-21 00:32:00,0.0,U,"('KTLH', 'KVAX', 'KEOX', 'KJGX', 'KEVX')","['s3://noaa-nexrad-level2/2025/03/21/KTLH/KTLH20250321_002804_V06', 's3://noaa-nexrad-level2/2025/03/21/KVAX/KVAX20250321_002845_V06', 's3://noaa-nexrad-level2/2025/03/21/KJGX/KJGX20250321_002930_V06', 's3://noaa-nexrad-level2/2025/03/21/KEVX/KEVX20250321_003113_V06']"
95638,F,A339,BDL UA /OV BDL270020/TM 0032/FL230/TP A339/TB MOD 230,MOD 230,202503210000-KMSC-UBUS01-PIREP,23000.0,41.9381,-73.13064489975741,2025-03-21 00:32:00,3.0,U,"('KOKX', 'KENX', 'KBOX', 'KDIX', 'KCXX')","['s3://noaa-nexrad-level2/2025/03/21/KOKX/KOKX20250321_003054_V06', 's3://noaa-nexrad-level2/2025/03/21/KENX/KENX20250321_003055_V06', 's3://noaa-nexrad-level2/2025/03/21/KBOX/KBOX20250321_002645_V06', 's3://noaa-nexrad-level2/2025/03/21/KDIX/KDIX20250321_002932_V06', 's3://noaa-nexrad-level2/2025/03/21/KCXX/KCXX20250321_002833_V06']"
95639,F,E75L,DEN UA /OV DEN180001/TM 0033/FL058/TP E75L/TB NEG/RM DURD RY34R DEN,NEG,202503210000-KMSC-UBUS01-PIREP,5800.0,39.81613198333199,-104.6575,2025-03-21 00:33:00,0.0,U,"('KFTG', 'KCYS', 'KPUX', 'KGLD', 'KGJX')","['s3://noaa-nexrad-level2/2025/03/21/KFTG/KFTG20250321_003218_V06', 's3://noaa-nexrad-level2/2025/03/21/KCYS/KCYS20250321_003215_V06', 's3://noaa-nexrad-level2/2025/03/21/KPUX/KPUX20250321_003141_V06', 's3://noaa-nexrad-level2/2025/03/21/KGLD/KGLD20250321_002547_V06', 's3://noaa-nexrad-level2/2025/03/21/KGJX/KGJX20250321_003124_V06']"
95640,F,A21N,GCK UA /OV GCK317050/TM 0033/FL320/TP A21N/TB CONS CHOP 320-LGT CHOP 360/RM ZDVWC-,CONS CHOP 320-LGT CHOP 360,202503210000-KMSC-UBUS01-PIREP,32000.0,38.5370407844402,-101.44499054490808,2025-03-21 00:33:00,1.0,U,"('KGLD', 'KDDC', 'KPUX', 'KAMA', 'KFTG')","['s3://noaa-nexrad-level2/2025/03/21/KGLD/KGLD20250321_002547_V06', 's3://noaa-nexrad-level2/2025/03/21/KDDC/KDDC20250321_002757_V06', 's3://noaa-nexrad-level2/2025/03/21/KPUX/KPUX20250321_003141_V06', 's3://noaa-nexrad-level2/2025/03/21/KAMA/KAMA20250321_002848_V06', 's3://noaa-nexrad-level2/2025/03/21/KFTG/KFTG20250321_003218_V06']"
95641,F,A21N,TPA UA /OV TPA025055/TM 0033/FL350/TP A21N/TB NEG CAT NEG CHOP,NEG CAT NEG CHOP,202503210000-KMSC-UBUS01-PIREP,35000.0,28.79274943153741,-82.1016617327822,2025-03-21 00:33:00,0.0,U,"('KTBW', 'KMLB', 'KJAX', 'KVAX', 'KTLH')","['s3://noaa-nexrad-level2/2025/03/21/KTBW/KTBW20250321_002913_V06', 's3://noaa-nexrad-level2/2025/03/21/KMLB/KMLB20250321_002923_V06', 's3://noaa-nexrad-level2/2025/03/21/KJAX/KJAX20250321_003242_V06', 's3://noaa-nexrad-level2/2025/03/21/KVAX/KVAX20250321_002845_V06', 's3://noaa-nexrad-level2/2025/03/21/KTLH/KTLH20250321_002804_V06']"
95642,F,A21N,GCK UA /OV GCK317050/TM 0033/FL320/TP A21N/TB CONS CHOP 320-LGT CHOP 360/RM ZDVWC,CONS CHOP 320-LGT CHOP 360,202503210045-KWBC-UBKS90-PIREP,32000.0,38.5370407844402,-101.44499054490808,2025-03-21 00:33:00,1.0,U,"('KGLD', 'KDDC', 'KPUX', 'KAMA', 'KFTG')","['s3://noaa-nexrad-level2/2025/03/21/KGLD/KGLD20250321_002547_V06', 's3://noaa-nexrad-level2/2025/03/21/KDDC/KDDC20250321_002757_V06', 's3://noaa-nexrad-level2/2025/03/21/KPUX/KPUX20250321_003141_V06', 's3://noaa-nexrad-level2/2025/03/21/KAMA/KAMA20250321_002848_V06', 's3://noaa-nexrad-level2/2025/03/21/KFTG/KFTG20250321_003218_V06']"
95643,F,C208,JYR UA /OV JYR/TM 0034/FL070/TP C208/TB NEG,NEG,202503210000-KMSC-UBUS01-PIREP,7000.0,40.89675,-97.6227778,2025-03-21 00:34:00,0.0,L,"('KUEX', 'KOAX', 'KTWX', 'KFSD', 'KLNX')","['s3://noaa-nexrad-level2/2025/03/21/KUEX/KUEX20250321_002826_V06', 's3://noaa-nexrad-level2/2025/03/21/KOAX/KOAX20250321_003358_V06', 's3://noaa-nexrad-level2/2025/03/21/KTWX/KTWX20250321_003105_V06', 's3://noaa-nexrad-level2/2025/03/21/KFSD/KFSD20250321_003255_V06', 's3://noaa-nexrad-level2/2025/03/21/KLNX/KLNX20250321_002743_V06']"
95644,T,E1700,OKV UUA /OV LDN090020/TM 0034/FL170/TP E1700/TB MOD-SEV,MOD-SEV,202503210000-KMSC-UBUS01-PIREP,17000.0,38.85,-77.78195140138011,2025-03-21 00:34:00,4.0,U,"('KLWX', 'KAKQ', 'KCCX', 'KDOX', 'KPBZ')","['s3://noaa-nexrad-level2/2025/03/21/KLWX/KLWX20250321_002827_V06', 's3://noaa-nexrad-level2/2025/03/21/KAKQ/KAKQ20250321_003234_V06', 's3://noaa-nexrad-level2/2025/03/21/KCCX/KCCX20250321_003310_V06', 's3://noaa-nexrad-level2/2025/03/21/KDOX/KDOX20250321_003127_V06', 's3://noaa-nexrad-level2/2025/03/21/KPBZ/KPBZ20250321_003229_V06']"
95645,F,B38M,GUC UA /OV HBU060056/TM 0034/FL370/TP B38M/TB LGT CHOP/RM MTW +/-5KT ZDVWC-,LGT CHOP,202503210000-KMSC-UBUS01-PIREP,37000.0,38.91670446670447,-106.00781624517894,2025-03-21 00:34:00,1.0,U,"('KFTG', 'KPUX', 'KGJX', 'KCYS', 'KABX')","['s3://noaa-nexrad-level2/2025/03/21/KFTG/KFTG20250321_003218_V06', 's3://noaa-nexrad-level2/2025/03/21/KPUX/KPUX20250321_003141_V06', 's3://noaa-nexrad-level2/2025/03/21/KGJX/KGJX20250321_003124_V06', 's3://noaa-nexrad-level2/2025/03/21/KCYS/KCYS20250321_003215_V06', 's3://noaa-nexrad-level2/2025/03/21/KABX/KABX20250321_003148_V06']"
95646,F,A320,HDN UA /OV CHE070040/TM 0034/FL300/TP A320/TB MOD/RM ZDVWC-,MOD,202503210000-KMSC-UBUS01-PIREP,30000.0,40.74803189798999,-106.48583580968004,2025-03-21 00:34:00,3.0,M,"('KCYS', 'KFTG', 'KGJX', 'KRIW', 'KPUX')","['s3://noaa-nexrad-level2/2025/03/21/KCYS/KCYS20250321_003215_V06', 's3://noaa-nexrad-level2/2025/03/21/KFTG/KFTG20250321_003218_V06', 's3://noaa-nexrad-level2/2025/03/21/KGJX/KGJX20250321_003124_V06', 's3://noaa-nexrad-level2/2025/03/21/KRIW/KRIW20250321_002911_V06', 's3://noaa-nexrad-level2/2025/03/21/KPUX/KPUX20250321_003141_V06']"
95647,F,B38M,GUC UA /OV HBU060056/TM 0034/FL370/TP B38M/TB LGT CHOP/RM MTW +/-5KT ZDVWC,LGT CHOP,202503210050-KWBC-UBCO90-PIREP,37000.0,38.91670446670447,-106.00781624517894,2025-03-21 00:34:00,1.0,U,"('KFTG', 'KPUX', 'KGJX', 'KCYS', 'KABX')","['s3://noaa-nexrad-level2/2025/03/21/KFTG/KFTG20250321_003218_V06', 's3://noaa-nexrad-level2/2025/03/21/KPUX/KPUX20250321_003141_V06', 's3://noaa-nexrad-level2/2025/03/21/KGJX/KGJX20250321_003124_V06', 's3://noaa-nexrad-level2/2025/03/21/KCYS/KCYS20250321_003215_V06', 's3://noaa-nexrad-level2/2025/03/21/KABX/KABX20250321_003148_V06']"
95648,F,A320,HDN UA /OV CHE070040/TM 0034/FL300/TP A320/TB MOD/RM ZDVWC,MOD,202503210050-KWBC-UBCO90-PIREP,30000.0,40.74803189798999,-106.48583580968004,2025-03-21 00:34:00,3.0,M,"('KCYS', 'KFTG', 'KGJX', 'KRIW', 'KPUX')","['s3://noaa-nexrad-level2/2025/03/21/KCYS/KCYS20250321_003215_V06', 's3://noaa-nexrad-level2/2025/03/21/KFTG/KFTG20250321_003218_V06', 's3://noaa-nexrad-level2/2025/03/21/KGJX/KGJX20250321_003124_V06', 's3://noaa-nexrad-level2/2025/03/21/KRIW/KRIW20250321_002911_V06', 's3://noaa-nexrad-level2/2025/03/21/KPUX/KPUX20250321_003141_V06']"
95649,F,BE99,OFK UA /OV OFK/TM 0034/FL070/TP BE99/TB NEG,NEG,202503210000-KMSC-UBUS01-PIREP,7000.0,41.98546,-97.43511,2025-03-21 00:34:00,0.0,L,"('KOAX', 'KFSD', 'KUEX', 'KLNX', 'KTWX')","['s3://noaa-nexrad-level2/2025/03/21/KOAX/KOAX20250321_003358_V06', 's3://noaa-nexrad-level2/2025/03/21/KFSD/KFSD20250321_003255_V06', 's3://noaa-nexrad-level2/2025/03/21/KUEX/KUEX20250321_002826_V06', 's3://noaa-nexrad-level2/2025/03/21/KLNX/KLNX20250321_002743_V06', 's3://noaa-nexrad-level2/2025/03/21/KTWX/KTWX20250321_003105_V06']"
95650,F,A21N,HNL UA /OV SHARK/TM 0036/FL280/TP A21N/TB MOD TURB,MOD TURB,202503210000-KMSC-UBUS01-PIREP,28000.0,31.43,-85.62,2025-03-21 00:36:00,3.0,U,"('KEOX', 'KEVX', 'KMXX', 'KTLH', 'KBMX')","['s3://noaa-nexrad-level2/2025/03/21/KEVX/KEVX20250321_003113_V06', 's3://noaa-nexrad-level2/2025/03/21/KMXX/KMXX20250321_003511_V06', 's3://noaa-nexrad-level2/2025/03/21/KTLH/KTLH20250321_003502_V06', 's3://noaa-nexrad-level2/2025/03/21/KBMX/KBMX20250321_003457_V06']"
95651,F,E145,IAD UA /OV MRB090020/TM 0036/FL166/TP E145/WX TOPS 145/TB LT- OCL MOD DRUC SFC-140,LT- OCL MOD DRUC SFC-140,202503210000-KMSC-UBUS01-PIREP,16600.0,39.4019,-77.55325427585613,2025-03-21 00:36:00,3.0,M,"('KLWX', 'KCCX', 'KDOX', 'KAKQ', 'KPBZ')","['s3://noaa-nexrad-level2/2025/03/21/KLWX/KLWX20250321_003435_V06', 's3://noaa-nexrad-level2/2025/03/21/KCCX/KCCX20250321_003310_V06', 's3://noaa-nexrad-level2/2025/03/21/KDOX/KDOX20250321_003127_V06', 's3://noaa-nexrad-level2/2025/03/21/KAKQ/KAKQ20250321_003234_V06', 's3://noaa-nexrad-level2/2025/03/21/KPBZ/KPBZ20250321_003229_V06']"
95652,F,E75S,WWD UA /OV SIE200020/TM 0038/FL330/TP E75S/TB CONS LGT,CONS LGT,202503210000-KMSC-UBUS01-PIREP,33000.0,38.78674375467857,-74.94691898313913,2025-03-21 00:38:00,1.0,U,"('KDOX', 'KDIX', 'KLWX', 'KAKQ', 'KOKX')","['s3://noaa-nexrad-level2/2025/03/21/KDOX/KDOX20250321_003127_V06', 's3://noaa-nexrad-level2/2025/03/21/KDIX/KDIX20250321_003521_V06', 's3://noaa-nexrad-level2/2025/03/21/KLWX/KLWX20250321_003435_V06', 's3://noaa-nexrad-level2/2025/03/21/KAKQ/KAKQ20250321_003234_V06', 's3://noaa-nexrad-level2/2025/03/21/KOKX/KOKX20250321_003641_V06']"
95653,F,E75L,MTJ UA /OV MTJ/TM 0039/FL160/TP E75L/SK SKC/TB NEG/IC NEG/RM ZDVWC-,NEG,202503210000-KMSC-UBUS01-PIREP,16000.0,38.505,-107.8975,2025-03-21 00:39:00,0.0,U,"('KGJX', 'KABX', 'KFTG', 'KPUX', 'KCYS')","['s3://noaa-nexrad-level2/2025/03/21/KGJX/KGJX20250321_003650_V06', 's3://noaa-nexrad-level2/2025/03/21/KABX/KABX20250321_003630_V06', 's3://noaa-nexrad-level2/2025/03/21/KFTG/KFTG20250321_003218_V06', 's3://noaa-nexrad-level2/2025/03/21/KPUX/KPUX20250321_003840_V06', 's3://noaa-nexrad-level2/2025/03/21/KCYS/KCYS20250321_003215_V06']"
95654,F,E75L,PUB UA /OV PUB260015/TM 0039/FL140/TP E75L/TB NEG/RM ZDVWC-41,NEG,202503210000-KMSC-UBUS01-PIREP,14000.0,38.24658443920415,-104.81203459103838,2025-03-21 00:39:00,0.0,U,"('KPUX', 'KFTG', 'KCYS', 'KGLD', 'KGJX')","['s3://noaa-nexrad-level2/2025/03/21/KPUX/KPUX20250321_003840_V06', 's3://noaa-nexrad-level2/2025/03/21/KFTG/KFTG20250321_003218_V06', 's3://noaa-nexrad-level2/2025/03/21/KCYS/KCYS20250321_003215_V06', 's3://noaa-nexrad-level2/2025/03/21/KGLD/KGLD20250321_003526_V06', 's3://noaa-nexrad-level2/2025/03/21/KGJX/KGJX20250321_003650_V06']"
95655,F,E75L,MTJ UA /OV MTJ/TM 0039/FL160/TP E75L/SK SKC/TB NEG/IC NEG/RM ZDVWC,NEG,202503210050-KWBC-UBCO90-PIREP,16000.0,38.505,-107.8975,2025-03-21 00:39:00,0.0,U,"('KGJX', 'KABX', 'KFTG', 'KPUX', 'KCYS')","['s3://noaa-nexrad-level2/2025/03/21/KGJX/KGJX20250321_003650_V06', 's3://noaa-nexrad-level2/2025/03/21/KABX/KABX20250321_003630_V06', 's3://noaa-nexrad-level2/2025/03/21/KFTG/KFTG20250321_003218_V06', 's3://noaa-nexrad-level2/2025/03/21/KPUX/KPUX20250321_003840_V06', 's3://noaa-nexrad-level2/2025/03/21/KCYS/KCYS20250321_003215_V06']"
95656,F,A21N,ERY UA /OV ERY/TM 0039/FL320/TP A21N/TB OCNL LGT CHOP,OCNL LGT CHOP,202503210000-KMSC-UBUS01-PIREP,32000.0,46.31111,-85.45722,2025-03-21 00:39:00,1.0,U,"('KAPX', 'KMQT', 'KGRB', 'KGRR', 'KDTX')","['s3://noaa-nexrad-level2/2025/03/21/KAPX/KAPX20250321_003541_V06', 's3://noaa-nexrad-level2/2025/03/21/KMQT/KMQT20250321_003730_V06', 's3://noaa-nexrad-level2/2025/03/21/KGRB/KGRB20250321_003310_V06', 's3://noaa-nexrad-level2/2025/03/21/KGRR/KGRR20250321_003055_V06', 's3://noaa-nexrad-level2/2025/03/21/KDTX/KDTX20250321_003456_V06']"
95657,F,A359,GUC UA /OV HBU053020/TM 0040/FL400/TP A359/TB NEG/RM MTW +/-15 KT ZDVWC-,NEG,202503210000-KMSC-UBUS01-PIREP,40000.0,38.65062125673923,-106.70004849119908,2025-03-21 00:40:00,0.0,U,"('KGJX', 'KFTG', 'KPUX', 'KCYS', 'KABX')","['s3://noaa-nexrad-level2/2025/03/21/KGJX/KGJX20250321_003650_V06', 's3://noaa-nexrad-level2/2025/03/21/KFTG/KFTG20250321_003218_V06', 's3://noaa-nexrad-level2/2025/03/21/KPUX/KPUX20250321_003840_V06', 's3://noaa-nexrad-level2/2025/03/21/KCYS/KCYS20250321_003215_V06', 's3://noaa-nexrad-level2/2025/03/21/KABX/KABX20250321_003630_V06']"
95658,F,A359,GUC UA /OV HBU053020/TM 0040/FL400/TP A359/TB NEG/RM MTW +/-15 KT ZDVWC,NEG,202503210050-KWBC-UBCO90-PIREP,40000.0,38.65062125673923,-106.70004849119908,2025-03-21 00:40:00,0.0,U,"('KGJX', 'KFTG', 'KPUX', 'KCYS', 'KABX')","['s3://noaa-nexrad-level2/2025/03/21/KGJX/KGJX20250321_003650_V06', 's3://noaa-nexrad-level2/2025/03/21/KFTG/KFTG20250321_003218_V06', 's3://noaa-nexrad-level2/2025/03/21/KPUX/KPUX20250321_003840_V06', 's3://noaa-nexrad-level2/2025/03/21/KCYS/KCYS20250321_003215_V06', 's3://noaa-nexrad-level2/2025/03/21/KABX/KABX20250321_003630_V06']"
95659,F,E75L,CJR UA /OV CSN130025/TM 0040/FL220/TP E75L/TB MOD,MOD,202503210000-KMSC-UBUS01-PIREP,22000.0,38.37215013519376,-77.46132341776669,2025-03-21 00:40:00,3.0,U,"('KLWX', 'KAKQ', 'KDOX', 'KCCX', 'KRAX')","['s3://noaa-nexrad-level2/2025/03/21/KLWX/KLWX20250321_003435_V06', 's3://noaa-nexrad-level2/2025/03/21/KAKQ/KAKQ20250321_003833_V06', 's3://noaa-nexrad-level2/2025/03/21/KDOX/KDOX20250321_003817_V06', 's3://noaa-nexrad-level2/2025/03/21/KCCX/KCCX20250321_003742_V06', 's3://noaa-nexrad-level2/2025/03/21/KRAX/KRAX20250321_003826_V06']"
95660,F,E75L,LNK UA /OV LNK180020/TM 0040/FL350/TP E75L/TB CONS LGT/ OCNL MOD CHOP,CONS LGT,202503210000-KMSC-UBUS01-PIREP,35000.0,40.49781766663967,-96.763275,2025-03-21 00:40:00,1.0,U,"('KOAX', 'KTWX', 'KUEX', 'KICT', 'KEAX')","['s3://noaa-nexrad-level2/2025/03/21/KOAX/KOAX20250321_003358_V06', 's3://noaa-nexrad-level2/2025/03/21/KTWX/KTWX20250321_003949_V06', 's3://noaa-nexrad-level2/2025/03/21/KUEX/KUEX20250321_003531_V06', 's3://noaa-nexrad-level2/2025/03/21/KICT/KICT20250321_003159_V06', 's3://noaa-nexrad-level2/2025/03/21/KEAX/KEAX20250321_235449_V06']"
95661,F,B763,LIH UA /OV SOK185020/TM 0041/FL260/TP B763/TB CINS LGT TURB - OCNL MOD TURB 260-290,CINS LGT TURB - OCNL MOD TURB 260-290,202503210000-KMSC-UBUS01-PIREP,26000.0,21.56790820335234,-159.56131400323554,2025-03-21 00:41:00,2.0,H,"('PHKI', 'PHMO', 'PHKM', 'PHWA', 'PAKC')","['s3://noaa-nexrad-level2/2025/03/21/PHKI/PHKI20250321_003634_V06', 's3://noaa-nexrad-level2/2025/03/21/PHMO/PHMO20250321_004030_V06', 's3://noaa-nexrad-level2/2025/03/21/PHKM/PHKM20250321_004001_V06', 's3://noaa-nexrad-level2/2025/03/21/PHWA/PHWA20250321_003853_V06', 's3://noaa-nexrad-level2/2025/03/21/PAKC/PAKC20250321_004004_V06']"
95662,F,B772,HFD UA /OV HFD040020/TM 0042/FL280/TP B772/TB MOD,MOD,202503210000-KMSC-UBUS01-PIREP,28000.0,41.992088830926974,-72.36228302579715,2025-03-21 00:42:00,3.0,H,"('KBOX', 'KOKX', 'KENX', 'KCXX', 'KGYX')","['s3://noaa-nexrad-level2/2025/03/21/KBOX/KBOX20250321_004034_V06', 's3://noaa-nexrad-level2/2025/03/21/KOKX/KOKX20250321_003641_V06', 's3://noaa-nexrad-level2/2025/03/21/KENX/KENX20250321_004117_V06', 's3://noaa-nexrad-level2/2025/03/21/KCXX/KCXX20250321_003741_V06', 's3://noaa-nexrad-level2/2025/03/21/KGYX/KGYX20250321_004050_V06']"
95663,F,B738,MEM UA /OV MEM225030/TM 0042/FL310/TP B738/TB CONS LGT OCNL MOD/RM ZME,CONS LGT OCNL MOD,202503210000-KMSC-UBUS01-PIREP,31000.0,34.707527971553446,-90.41696680282011,2025-03-21 00:42:00,2.0,M,"('KNQA', 'KLZK', 'KGWX', 'KDGX', 'KPAH')","['s3://noaa-nexrad-level2/2025/03/21/KNQA/KNQA20250321_003739_V06', 's3://noaa-nexrad-level2/2025/03/21/KLZK/KLZK20250321_003705_V06', 's3://noaa-nexrad-level2/2025/03/21/KGWX/KGWX20250321_003653_V06', 's3://noaa-nexrad-level2/2025/03/21/KDGX/KDGX20250321_003435_V06', 's3://noaa-nexrad-level2/2025/03/21/KPAH/KPAH20250321_003406_V06']"
95664,F,BCS3,MYR UA /OV MYR010040/TM 0043/FL170/TP BCS3/SK TOP050/TB OCNL LGT CHOP/RM DURD,OCNL LGT CHOP,202503210000-KMSC-UBUS01-PIREP,17000.0,34.336591681679984,-78.79087226820938,2025-03-21 00:43:00,1.0,U,"('KLTX', 'KRAX', 'KMHX', 'KCAE', 'KCLX')","['s3://noaa-nexrad-level2/2025/03/21/KLTX/KLTX20250321_004245_V06', 's3://noaa-nexrad-level2/2025/03/21/KRAX/KRAX20250321_003826_V06', 's3://noaa-nexrad-level2/2025/03/21/KMHX/KMHX20250321_004248_V06', 's3://noaa-nexrad-level2/2025/03/21/KCAE/KCAE20250321_004152_V06', 's3://noaa-nexrad-level2/2025/03/21/KCLX/KCLX20250321_003928_V06']"
95665,F,A321,STL UA /OV FTZ210015/TM 0044/FL340/TP A321/TB LGT CONS CHOP/RM ZKCFDC,LGT CONS CHOP,202503210000-KMSC-UBUS01-PIREP,34000.0,38.47347611202193,-91.13015861037891,2025-03-21 00:44:00,1.0,M,"('KLSX', 'KILX', 'KSGF', 'KPAH', 'KEAX')","['s3://noaa-nexrad-level2/2025/03/21/KLSX/KLSX20250321_003956_V06', 's3://noaa-nexrad-level2/2025/03/21/KILX/KILX20250321_004304_V06', 's3://noaa-nexrad-level2/2025/03/21/KSGF/KSGF20250321_004054_V06', 's3://noaa-nexrad-level2/2025/03/21/KPAH/KPAH20250321_004223_V06', 's3://noaa-nexrad-level2/2025/03/21/KEAX/KEAX20250321_235449_V06']"
95666,T,A21N,ACK UUA /OV ACK20020/TM 0047/FL330/TP A21N/TB MOD-SEV/RM NO DAMAGE NO INJURY REPORTED,MOD-SEV,202503210000-KMSC-UBUS01-PIREP,33000.0,41.25311,-70.06031,2025-03-21 00:47:00,4.0,U,"('KBOX', 'KGYX', 'KOKX', 'KENX', 'KCXX')","['s3://noaa-nexrad-level2/2025/03/21/KBOX/KBOX20250321_004034_V06', 's3://noaa-nexrad-level2/2025/03/21/KGYX/KGYX20250321_004050_V06', 's3://noaa-nexrad-level2/2025/03/21/KOKX/KOKX20250321_004228_V06', 's3://noaa-nexrad-level2/2025/03/21/KENX/KENX20250321_004117_V06', 's3://noaa-nexrad-level2/2025/03/21/KCXX/KCXX20250321_004649_V06']"
95667,F,B738,IAD UA /OV BRV220020/TM 0049/FL110/TP B738/TB SEV 150-110,SEV 150-110,202503210000-KMSC-UBUS01-PIREP,11000.0,38.08463116907303,-77.62319649369027,2025-03-21 00:49:00,5.0,M,"('KLWX', 'KAKQ', 'KDOX', 'KRAX', 'KFCX')","['s3://noaa-nexrad-level2/2025/03/21/KLWX/KLWX20250321_004640_V06', 's3://noaa-nexrad-level2/2025/03/21/KAKQ/KAKQ20250321_004423_V06', 's3://noaa-nexrad-level2/2025/03/21/KDOX/KDOX20250321_004615_V06', 's3://noaa-nexrad-level2/2025/03/21/KRAX/KRAX20250321_004839_V06', 's3://noaa-nexrad-level2/2025/03/21/KFCX/KFCX20250321_004559_V06']"
95668,F,B737,MEM UA /OV MEM045040/TM 0049/FL380/TP B737/TB CONS LGT OCNL MOD/RM ZME,CONS LGT OCNL MOD,202503210000-KMSC-UBUS01-PIREP,38000.0,35.5325527045954,-89.40904426290652,2025-03-21 00:49:00,2.0,M,"('KNQA', 'KPAH', 'KGWX', 'KHPX', 'KOHX')","['s3://noaa-nexrad-level2/2025/03/21/KNQA/KNQA20250321_004609_V06', 's3://noaa-nexrad-level2/2025/03/21/KPAH/KPAH20250321_004223_V06', 's3://noaa-nexrad-level2/2025/03/21/KGWX/KGWX20250321_004349_V06', 's3://noaa-nexrad-level2/2025/03/21/KHPX/KHPX20250321_004607_V06', 's3://noaa-nexrad-level2/2025/03/21/KOHX/KOHX20250321_004753_V06']"
95669,F,B738,LBF UA /OV LBF/TM 0049/FL380/TP B738/TB NEG/RM ZDVWC-09,NEG,202503210000-KMSC-UBUS01-PIREP,38000.0,41.12191,-100.66896,2025-03-21 00:49:00,0.0,M,"('KLNX', 'KGLD', 'KUEX', 'KDDC', 'KUDX')","['s3://noaa-nexrad-level2/2025/03/21/KLNX/KLNX20250321_004835_V06', 's3://noaa-nexrad-level2/2025/03/21/KGLD/KGLD20250321_004645_V06', 's3://noaa-nexrad-level2/2025/03/21/KUEX/KUEX20250321_004235_V06', 's3://noaa-nexrad-level2/2025/03/21/KDDC/KDDC20250321_004510_V06', 's3://noaa-nexrad-level2/2025/03/21/KUDX/KUDX20250321_004716_V06']"
95670,F,B739,RWL UA /OV CKW063082/TM 0049/FL330/TP B739/TB CONS LGT CHOP OCNL MOD CHOP/RM ZDVWC-34,CONS LGT CHOP OCNL MOD CHOP,202503210000-KMSC-UBUS01-PIREP,33000.0,42.38050393977596,-105.94742139995628,2025-03-21 00:49:00,2.0,M,"('KCYS', 'KRIW', 'KFTG', 'KUDX', 'KGJX')","['s3://noaa-nexrad-level2/2025/03/21/KCYS/KCYS20250321_004157_V06', 's3://noaa-nexrad-level2/2025/03/21/KRIW/KRIW20250321_004636_V06', 's3://noaa-nexrad-level2/2025/03/21/KFTG/KFTG20250321_004059_V06', 's3://noaa-nexrad-level2/2025/03/21/KUDX/KUDX20250321_004716_V06', 's3://noaa-nexrad-level2/2025/03/21/KGJX/KGJX20250321_004729_V06']"
95671,F,A32N,TBN UA /OV MAP030020/TM 0049/FL350/TP A32N/TB LGT OCNL/RM ZKCFDC,LGT OCNL,202503210000-KMSC-UBUS01-PIREP,35000.0,37.8786985173041,-91.5796504511898,2025-03-21 00:49:00,1.0,U,"('KLSX', 'KSGF', 'KEAX', 'KPAH', 'KNQA')","['s3://noaa-nexrad-level2/2025/03/21/KLSX/KLSX20250321_004646_V06', 's3://noaa-nexrad-level2/2025/03/21/KSGF/KSGF20250321_004054_V06', 's3://noaa-nexrad-level2/2025/03/21/KEAX/KEAX20250321_235449_V06', 's3://noaa-nexrad-level2/2025/03/21/KPAH/KPAH20250321_004223_V06', 's3://noaa-nexrad-level2/2025/03/21/KNQA/KNQA20250321_004609_V06']"
95672,F,B764,BDR UA /OV BDR/TM 0049/FL330/TP B764/TB CONS MOD,CONS MOD,202503210000-KMSC-UBUS01-PIREP,33000.0,41.15833,-73.12889,2025-03-21 00:49:00,3.0,H,"('KOKX', 'KENX', 'KDIX', 'KBOX', 'KBGM')","['s3://noaa-nexrad-level2/2025/03/21/KOKX/KOKX20250321_004817_V06', 's3://noaa-nexrad-level2/2025/03/21/KENX/KENX20250321_004707_V06', 's3://noaa-nexrad-level2/2025/03/21/KDIX/KDIX20250321_004708_V06', 's3://noaa-nexrad-level2/2025/03/21/KBOX/KBOX20250321_004727_V06', 's3://noaa-nexrad-level2/2025/03/21/KBGM/KBGM20250321_004530_V06']"
95673,F,A21N,ACK UA /OV ACK285035/TM 0050/FL240/TP A21N/TB CONS LGT/RM 290-240 DURD,CONS LGT,202503210000-KMSC-UBUS01-PIREP,24000.0,41.40410000552191,-70.80984360066161,2025-03-21 00:50:00,1.0,U,"('KBOX', 'KOKX', 'KGYX', 'KENX', 'KDIX')","['s3://noaa-nexrad-level2/2025/03/21/KBOX/KBOX20250321_004727_V06', 's3://noaa-nexrad-level2/2025/03/21/KOKX/KOKX20250321_004817_V06', 's3://noaa-nexrad-level2/2025/03/21/KGYX/KGYX20250321_004740_V06', 's3://noaa-nexrad-level2/2025/03/21/KENX/KENX20250321_004707_V06', 's3://noaa-nexrad-level2/2025/03/21/KDIX/KDIX20250321_004708_V06']"
95674,F,A320,RSW UA /OV LBV350027/TM 0052/FL150/TP A320/SK SKC/TB NEG,NEG,202503210000-KMSC-UBUS01-PIREP,15000.0,27.273199385133985,-81.47757555102608,2025-03-21 00:52:00,0.0,M,"('KTBW', 'KMLB', 'KAMX', 'KAMX', 'KBYX')","['s3://noaa-nexrad-level2/2025/03/21/KTBW/KTBW20250321_004326_V06', 's3://noaa-nexrad-level2/2025/03/21/KMLB/KMLB20250321_005033_V06', 's3://noaa-nexrad-level2/2025/03/21/KAMX/KAMX20250321_004431_V06', 's3://noaa-nexrad-level2/2025/03/21/KAMX/KAMX20250321_004431_V06', 's3://noaa-nexrad-level2/2025/03/21/KBYX/KBYX20250321_004823_V06']"
95675,F,B738,ACK UA /OV ACK280040/TM 0053/FL300/TP B738/TB CONS MOD/RM 260-300 DURC,CONS MOD,202503210000-KMSC-UBUS01-PIREP,30000.0,41.36888482878892,-70.93366484596079,2025-03-21 00:53:00,3.0,M,"('KBOX', 'KOKX', 'KGYX', 'KENX', 'KDIX')","['s3://noaa-nexrad-level2/2025/03/21/KBOX/KBOX20250321_005153_V06', 's3://noaa-nexrad-level2/2025/03/21/KOKX/KOKX20250321_004817_V06', 's3://noaa-nexrad-level2/2025/03/21/KGYX/KGYX20250321_004740_V06', 's3://noaa-nexrad-level2/2025/03/21/KENX/KENX20250321_004707_V06', 's3://noaa-nexrad-level2/2025/03/21/KDIX/KDIX20250321_004708_V06']"
95676,F,B752,ALB UA /OV ALB250010/TM 0053/FL120/TP B752/TB MOD CHOP 100,MOD CHOP 100,202503210000-KMSC-UBUS01-PIREP,12000.0,42.70056202550251,-74.0169321488168,2025-03-21 00:53:00,3.0,M,"('KENX', 'KTYX', 'KCXX', 'KBGM', 'KOKX')","['s3://noaa-nexrad-level2/2025/03/21/KENX/KENX20250321_004707_V06', 's3://noaa-nexrad-level2/2025/03/21/KTYX/KTYX20250321_005013_V06', 's3://noaa-nexrad-level2/2025/03/21/KCXX/KCXX20250321_005123_V06', 's3://noaa-nexrad-level2/2025/03/21/KBGM/KBGM20250321_005139_V06', 's3://noaa-nexrad-level2/2025/03/21/KOKX/KOKX20250321_004817_V06']"
95677,F,B772,PQI UA /OV PQI/TM 0053/FL350/TP B772/TB MOD,MOD,202503210000-KMSC-UBUS01-PIREP,35000.0,46.68897,-68.04481,2025-03-21 00:53:00,3.0,H,"('KCBW', 'KGYX', 'KCXX', 'KBOX', 'KENX')","['s3://noaa-nexrad-level2/2025/03/21/KCBW/KCBW20250321_005213_V06', 's3://noaa-nexrad-level2/2025/03/21/KGYX/KGYX20250321_004740_V06', 's3://noaa-nexrad-level2/2025/03/21/KCXX/KCXX20250321_005123_V06', 's3://noaa-nexrad-level2/2025/03/21/KBOX/KBOX20250321_005153_V06', 's3://noaa-nexrad-level2/2025/03/21/KENX/KENX20250321_004707_V06']"
95678,F,A319,ALB UA /OV ALB 310020/TM 0054/FL060/TP A319/TB INTMT LGT TURB,INTMT LGT TURB,202503210000-KMSC-UBUS01-PIREP,6000.0,42.971849891845,-74.15141361807811,2025-03-21 00:54:00,1.0,M,"('KENX', 'KTYX', 'KCXX', 'KBGM', 'KOKX')","['s3://noaa-nexrad-level2/2025/03/21/KENX/KENX20250321_005313_V06', 's3://noaa-nexrad-level2/2025/03/21/KTYX/KTYX20250321_005013_V06', 's3://noaa-nexrad-level2/2025/03/21/KCXX/KCXX20250321_005123_V06', 's3://noaa-nexrad-level2/2025/03/21/KBGM/KBGM20250321_005139_V06', 's3://noaa-nexrad-level2/2025/03/21/KOKX/KOKX20250321_004817_V06']"
95679,F,E75SW,BUF UA /OV BUF160010/TM 0054/FL240/TP E75SW/TB MOD CHOP/RM ZOB,MOD CHOP,202503210000-KMSC-UBUS01-PIREP,24000.0,42.78417187733928,-78.65792642113655,2025-03-21 00:54:00,3.0,U,"('KBUF', 'KCCX', 'KBGM', 'KPBZ', 'KTYX')","['s3://noaa-nexrad-level2/2025/03/21/KBUF/KBUF20250321_005149_V06', 's3://noaa-nexrad-level2/2025/03/21/KCCX/KCCX20250321_005118_V06', 's3://noaa-nexrad-level2/2025/03/21/KBGM/KBGM20250321_005139_V06', 's3://noaa-nexrad-level2/2025/03/21/KPBZ/KPBZ20250321_005333_V06', 's3://noaa-nexrad-level2/2025/03/21/KTYX/KTYX20250321_005013_V06']"
95680,F,B738,ATL UA /OV SUG030030/TM 0054/FL240/TP B738/TB LGT MOD/RM ZTLFD 42,LGT MOD,202503210100-KMSC-UBUS01-PIREP,24000.0,35.843047775956144,-81.96323672923258,2025-03-21 00:54:00,2.0,M,"('KGSP', 'KMRX', 'KFCX', 'KCAE', 'KJKL')","['s3://noaa-nexrad-level2/2025/03/21/KGSP/KGSP20250321_004531_V06', 's3://noaa-nexrad-level2/2025/03/21/KMRX/KMRX20250321_005249_V06', 's3://noaa-nexrad-level2/2025/03/21/KFCX/KFCX20250321_005335_V06', 's3://noaa-nexrad-level2/2025/03/21/KCAE/KCAE20250321_005039_V06', 's3://noaa-nexrad-level2/2025/03/21/KJKL/KJKL20250321_005255_V06']"
95681,F,B738,ACK UA /OV ACK295050/TM 0055/FL240/TP B738/TB CONS LGT OCNL MOD,CONS LGT OCNL MOD,202503210100-KMSC-UBUS01-PIREP,24000.0,41.60532041154511,-71.06498362198285,2025-03-21 00:55:00,2.0,M,"('KBOX', 'KOKX', 'KGYX', 'KENX', 'KCXX')","['s3://noaa-nexrad-level2/2025/03/21/KBOX/KBOX20250321_005153_V06', 's3://noaa-nexrad-level2/2025/03/21/KOKX/KOKX20250321_005403_V06', 's3://noaa-nexrad-level2/2025/03/21/KGYX/KGYX20250321_005428_V06', 's3://noaa-nexrad-level2/2025/03/21/KENX/KENX20250321_005313_V06', 's3://noaa-nexrad-level2/2025/03/21/KCXX/KCXX20250321_005123_V06']"
95682,F,A321,OSC UA /OV OSC/TM 0055/FL320/TP A321/TB CONS LGT CHOP,CONS LGT CHOP,202503210100-KMSC-UBUS01-PIREP,32000.0,44.45153,-83.39417,2025-03-21 00:55:00,1.0,M,"('KAPX', 'KDTX', 'KGRR', 'KCLE', 'KIWX')","['s3://noaa-nexrad-level2/2025/03/21/KAPX/KAPX20250321_004921_V06', 's3://noaa-nexrad-level2/2025/03/21/KDTX/KDTX20250321_004835_V06', 's3://noaa-nexrad-level2/2025/03/21/KGRR/KGRR20250321_004755_V06', 's3://noaa-nexrad-level2/2025/03/21/KCLE/KCLE20250321_005109_V06', 's3://noaa-nexrad-level2/2025/03/21/KIWX/KIWX20250321_005453_V06']"
95683,F,B737,CBM UA /OV IGB135020/TM 0055/FL380/TP B737/TB CONS LGT OCNL MOD CHOP/RM ZME,CONS LGT OCNL MOD CHOP,202503210100-KMSC-UBUS01-PIREP,38000.0,33.244278647702295,-88.23738706721312,2025-03-21 00:55:00,2.0,M,"('KGWX', 'KBMX', 'KDGX', 'KMXX', 'KMOB')","['s3://noaa-nexrad-level2/2025/03/21/KGWX/KGWX20250321_005035_V06', 's3://noaa-nexrad-level2/2025/03/21/KBMX/KBMX20250321_004509_V06', 's3://noaa-nexrad-level2/2025/03/21/KDGX/KDGX20250321_005144_V06', 's3://noaa-nexrad-level2/2025/03/21/KMXX/KMXX20250321_004854_V06', 's3://noaa-nexrad-level2/2025/03/21/KMOB/KMOB20250321_005237_V06']"
95684,F,B737,IAD UA /OV FDK/TM 0056/FL080/TP B737/TB LT-MOD,LT-MOD,202503210000-KMSC-UBUS01-PIREP,8000.0,39.41758,-77.37431,2025-03-21 00:56:00,3.0,M,"('KLWX', 'KCCX', 'KDOX', 'KAKQ', 'KDIX')","['s3://noaa-nexrad-level2/2025/03/21/KLWX/KLWX20250321_005235_V06', 's3://noaa-nexrad-level2/2025/03/21/KCCX/KCCX20250321_005550_V06', 's3://noaa-nexrad-level2/2025/03/21/KDOX/KDOX20250321_005306_V06', 's3://noaa-nexrad-level2/2025/03/21/KAKQ/KAKQ20250321_005033_V06', 's3://noaa-nexrad-level2/2025/03/21/KDIX/KDIX20250321_005306_V06']"
95685,F,B737,SYR UA /OV SYR/TM 0056/FL340/TP B737/TB NEG CHOP 300-360,NEG CHOP 300-360,202503210100-KMSC-UBUS01-PIREP,34000.0,43.11119,-76.10631,2025-03-21 00:56:00,0.0,M,"('KTYX', 'KBGM', 'KENX', 'KBUF', 'KCCX')","['s3://noaa-nexrad-level2/2025/03/21/KTYX/KTYX20250321_005544_V06', 's3://noaa-nexrad-level2/2025/03/21/KBGM/KBGM20250321_005139_V06', 's3://noaa-nexrad-level2/2025/03/21/KENX/KENX20250321_005313_V06', 's3://noaa-nexrad-level2/2025/03/21/KBUF/KBUF20250321_005149_V06', 's3://noaa-nexrad-level2/2025/03/21/KCCX/KCCX20250321_005550_V06']"
95686,F,A321,PBF UA /OV PBF180030/TM 0057/FL350/TP A321/TB MOD/RM ZME,MOD,202503210100-KMSC-UBUS01-PIREP,35000.0,33.6749594999595,-91.93472,2025-03-21 00:57:00,3.0,M,"('KLZK', 'KSHV', 'KDGX', 'KNQA', 'KPOE')","['s3://noaa-nexrad-level2/2025/03/21/KLZK/KLZK20250321_005041_V06', 's3://noaa-nexrad-level2/2025/03/21/KSHV/KSHV20250321_005315_V06', 's3://noaa-nexrad-level2/2025/03/21/KDGX/KDGX20250321_005144_V06', 's3://noaa-nexrad-level2/2025/03/21/KNQA/KNQA20250321_005422_V06', 's3://noaa-nexrad-level2/2025/03/21/KPOE/KPOE20250321_004932_V06']"
95687,F,A319,PKB UA /OV JPU/TM 0058/FL260/TP A319/TB NEG,NEG,202503210100-KMSC-UBUS01-PIREP,26000.0,39.44,-81.37,2025-03-21 00:58:00,0.0,M,"('KRLX', 'KPBZ', 'KCLE', 'KILN', 'KFCX')","['s3://noaa-nexrad-level2/2025/03/21/KRLX/KRLX20250321_005552_V06', 's3://noaa-nexrad-level2/2025/03/21/KPBZ/KPBZ20250321_005333_V06', 's3://noaa-nexrad-level2/2025/03/21/KCLE/KCLE20250321_005109_V06', 's3://noaa-nexrad-level2/2025/03/21/KILN/KILN20250321_005556_V06', 's3://noaa-nexrad-level2/2025/03/21/KFCX/KFCX20250321_005725_V06']"
95688,F,E75S,MSS UA /OV KMAL/TM 0059/FL200/TP E75S/TB MOD 200-250 CONS LGT FL270,MOD 200-250 CONS LGT FL270,202503210100-KMSC-UBUS01-PIREP,20000.0,44.85,-74.32,2025-03-21 00:59:00,2.0,U,"('KCXX', 'KTYX', 'KENX', 'KBGM', 'KGYX')","['s3://noaa-nexrad-level2/2025/03/21/KCXX/KCXX20250321_005556_V06', 's3://noaa-nexrad-level2/2025/03/21/KTYX/KTYX20250321_005544_V06', 's3://noaa-nexrad-level2/2025/03/21/KENX/KENX20250321_005313_V06', 's3://noaa-nexrad-level2/2025/03/21/KBGM/KBGM20250321_005748_V06', 's3://noaa-nexrad-level2/2025/03/21/KGYX/KGYX20250321_005428_V06']"
95689,F,CRJ2,ARR UA /OV ARR/TM 0100/FL160/TP CRJ2/TB NEG,NEG,202503210100-KMSC-UBUS01-PIREP,16000.0,41.77,-88.48,2025-03-21 01:00:00,0.0,M,"('KLOT', 'KMKX', 'KILX', 'KDVN', 'KGRB')","['s3://noaa-nexrad-level2/2025/03/21/KLOT/KLOT20250321_005512_V06', 's3://noaa-nexrad-level2/2025/03/21/KMKX/KMKX20250321_005720_V06', 's3://noaa-nexrad-level2/2025/03/21/KILX/KILX20250321_005639_V06', 's3://noaa-nexrad-level2/2025/03/21/KDVN/KDVN20250321_005913_V06', 's3://noaa-nexrad-level2/2025/03/21/KGRB/KGRB20250321_005334_V06']"
95690,F,B39M,DBQ UA /OV DBQ280035/TM 0100/FL320/TP B39M/TB NEG,NEG,202503210100-KMSC-UBUS01-PIREP,32000.0,42.49965297519031,-91.48712181998944,2025-03-21 01:00:00,0.0,U,"('KDVN', 'KARX', 'KDMX', 'KMKX', 'KMPX')","['s3://noaa-nexrad-level2/2025/03/21/KDVN/KDVN20250321_005913_V06', 's3://noaa-nexrad-level2/2025/03/21/KARX/KARX20250321_005539_V06', 's3://noaa-nexrad-level2/2025/03/21/KDMX/KDMX20250321_005451_V06', 's3://noaa-nexrad-level2/2025/03/21/KMKX/KMKX20250321_005720_V06', 's3://noaa-nexrad-level2/2025/03/21/KMPX/KMPX20250321_005621_V06']"
95691,F,E170,ATL UA /OV MEI100040/TM 0100/FL340/TP E170/TB LGT/RM ZTLFD 11,LGT,202503210100-KMSC-UBUS01-PIREP,34000.0,32.21897517121108,-87.97398103171031,2025-03-21 01:00:00,1.0,U,"('KBMX', 'KMOB', 'KGWX', 'KDGX', 'KMXX')","['s3://noaa-nexrad-level2/2025/03/21/KBMX/KBMX20250321_005519_V06', 's3://noaa-nexrad-level2/2025/03/21/KMOB/KMOB20250321_005237_V06', 's3://noaa-nexrad-level2/2025/03/21/KGWX/KGWX20250321_005726_V06', 's3://noaa-nexrad-level2/2025/03/21/KDGX/KDGX20250321_005144_V06', 's3://noaa-nexrad-level2/2025/03/21/KMXX/KMXX20250321_005557_V06']"
95692,F,E170,GWO UA /OV SQS360030/TM 0100/FL350/TP E170/TB MOD CHOP/RM ZME,MOD CHOP,202503210100-KMSC-UBUS01-PIREP,35000.0,33.9600405000405,-90.28,2025-03-21 01:00:00,3.0,U,"('KNQA', 'KDGX', 'KGWX', 'KLZK', 'KHDC')","['s3://noaa-nexrad-level2/2025/03/21/KNQA/KNQA20250321_005422_V06', 's3://noaa-nexrad-level2/2025/03/21/KDGX/KDGX20250321_005144_V06', 's3://noaa-nexrad-level2/2025/03/21/KGWX/KGWX20250321_005726_V06', 's3://noaa-nexrad-level2/2025/03/21/KLZK/KLZK20250321_005729_V06', 's3://noaa-nexrad-level2/2025/03/21/KHDC/KHDC20250321_005656_V06']"
95693,F,SR20,SFB UA /OV SFB/TM 0101/FL010/TP SR20/TB LGT 010,LGT 010,202503210100-KMSC-UBUS01-PIREP,1000.0,28.77972,-81.24361,2025-03-21 01:01:00,1.0,L,"('KMLB', 'KTBW', 'KJAX', 'KVAX', 'KAMX')","['s3://noaa-nexrad-level2/2025/03/21/KMLB/KMLB20250321_005737_V06', 's3://noaa-nexrad-level2/2025/03/21/KTBW/KTBW20250321_010053_V06', 's3://noaa-nexrad-level2/2025/03/21/KJAX/KJAX20250321_010004_V06', 's3://noaa-nexrad-level2/2025/03/21/KVAX/KVAX20250321_005555_V06', 's3://noaa-nexrad-level2/2025/03/21/KAMX/KAMX20250321_005305_V06']"
95694,F,B737,BKE UA /OV BKE300030/TM 0101/FL380/TP B737/TB MOD CHOP/RM ZSE,MOD CHOP,202503210100-KMSC-UBUS01-PIREP,38000.0,45.08737025002025,-118.4198308850482,2025-03-21 01:01:00,3.0,M,"('KPDT', 'KCBX', 'KOTX', 'KRTX', 'KLRX')","['s3://noaa-nexrad-level2/2025/03/21/KPDT/KPDT20250321_005330_V06', 's3://noaa-nexrad-level2/2025/03/21/KCBX/KCBX20250321_005927_V06', 's3://noaa-nexrad-level2/2025/03/21/KOTX/KOTX20250321_005820_V06', 's3://noaa-nexrad-level2/2025/03/21/KRTX/KRTX20250321_005447_V06', 's3://noaa-nexrad-level2/2025/03/21/KLRX/KLRX20250321_005822_V06']"
95695,F,B737,SEA UA /OV SEA220045/TM 0101/FL234/TP B737/SK TOP 230/TB LGT CHOP /RM DURC ZSE,LGT CHOP,202503210100-KMSC-UBUS01-PIREP,23400.0,46.87011013041431,-123.02726162170016,2025-03-21 01:01:00,1.0,M,"('KLGX', 'KRTX', 'KATX', 'KPDT', 'KMAX')","['s3://noaa-nexrad-level2/2025/03/21/KLGX/KLGX20250321_005558_V06', 's3://noaa-nexrad-level2/2025/03/21/KRTX/KRTX20250321_005447_V06', 's3://noaa-nexrad-level2/2025/03/21/KATX/KATX20250321_005640_V06', 's3://noaa-nexrad-level2/2025/03/21/KPDT/KPDT20250321_005330_V06', 's3://noaa-nexrad-level2/2025/03/21/KMAX/KMAX20250321_005703_V06']"
95696,F,B737,IAD UA /OV AML/TM 0101/FL170/TP B737/TB MOD,MOD,202503210100-KMSC-UBUS01-PIREP,17000.0,38.93,-77.47,2025-03-21 01:01:00,3.0,M,"('KLWX', 'KAKQ', 'KDOX', 'KCCX', 'KPBZ')","['s3://noaa-nexrad-level2/2025/03/21/KLWX/KLWX20250321_005817_V06', 's3://noaa-nexrad-level2/2025/03/21/KAKQ/KAKQ20250321_005644_V06', 's3://noaa-nexrad-level2/2025/03/21/KDOX/KDOX20250321_005956_V06', 's3://noaa-nexrad-level2/2025/03/21/KCCX/KCCX20250321_010022_V06', 's3://noaa-nexrad-level2/2025/03/21/KPBZ/KPBZ20250321_010037_V06']"
95697,F,A21N,ATL UA /OV SUG040/TM 0102/FL190/TP A21N/TB NEG/RM ZTLFD 44,NEG,202503210100-KMSC-UBUS01-PIREP,19000.0,35.41,-82.27,2025-03-21 01:02:00,0.0,U,"('KGSP', 'KMRX', 'KCAE', 'KJKL', 'KFCX')","['s3://noaa-nexrad-level2/2025/03/21/KGSP/KGSP20250321_005414_V06', 's3://noaa-nexrad-level2/2025/03/21/KMRX/KMRX20250321_005728_V06', 's3://noaa-nexrad-level2/2025/03/21/KCAE/KCAE20250321_005953_V06', 's3://noaa-nexrad-level2/2025/03/21/KJKL/KJKL20250321_010000_V06', 's3://noaa-nexrad-level2/2025/03/21/KFCX/KFCX20250321_010115_V06']"
95698,F,BE40,SDF UA /OV IIU320025/TM 0102/FL280/TP BE40/TB NEG DURC,NEG DURC,202503210100-KMSC-UBUS01-PIREP,28000.0,38.41921103865872,-85.92037100565008,2025-03-21 01:02:00,0.0,M,"('KLVX', 'KIND', 'KVWX', 'KHPX', 'KOHX')","['s3://noaa-nexrad-level2/2025/03/21/KLVX/KLVX20250321_010052_V06', 's3://noaa-nexrad-level2/2025/03/21/KIND/KIND20250321_005941_V06', 's3://noaa-nexrad-level2/2025/03/21/KVWX/KVWX20250321_005827_V06', 's3://noaa-nexrad-level2/2025/03/21/KHPX/KHPX20250321_005957_V06', 's3://noaa-nexrad-level2/2025/03/21/KOHX/KOHX20250321_005609_V06']"
95699,F,A306,BDL UA /OV BDL250020/TM 0102/FL340/TP A306/TB LGT-MOD CHOP,LGT-MOD CHOP,202503210100-KMSC-UBUS01-PIREP,34000.0,41.824084051005,-73.10361845534487,2025-03-21 01:02:00,2.0,H,"('KOKX', 'KENX', 'KBOX', 'KDIX', 'KCXX')","['s3://noaa-nexrad-level2/2025/03/21/KOKX/KOKX20250321_010002_V06', 's3://noaa-nexrad-level2/2025/03/21/KENX/KENX20250321_005919_V06', 's3://noaa-nexrad-level2/2025/03/21/KBOX/KBOX20250321_010055_V06', 's3://noaa-nexrad-level2/2025/03/21/KDIX/KDIX20250321_005905_V06', 's3://noaa-nexrad-level2/2025/03/21/KCXX/KCXX20250321_010047_V06']"
95700,F,SB20,DUT UA /OV DUT/TM 0102/FL010/TP SB20/SK BKN010 OVC040/TB NEG/IC NEG/RM DURC ZAN,NEG,202503210100-KMSC-UBUS01-PIREP,1000.0,53.89,-166.54,2025-03-21 01:02:00,0.0,M,"('PABC', 'PAEC', 'PAKC', 'PAHG', 'PAIH')","['s3://noaa-nexrad-level2/2025/03/21/PAEC/PAEC20250321_005815_V06', 's3://noaa-nexrad-level2/2025/03/21/PAKC/PAKC20250321_010114_V06', 's3://noaa-nexrad-level2/2025/03/21/PAHG/PAHG20250321_010006_V06', 's3://noaa-nexrad-level2/2025/03/21/PAIH/PAIH20250321_005833_V06']"
95701,F,B738,DEN UA /OV DEN310010/TM 0102/FL115/TP B738/TB CONT LGT 170-115/RM DURD,CONT LGT 170-115,202503210100-KMSC-UBUS01-PIREP,11500.0,39.9399399459225,-104.82377372864278,2025-03-21 01:02:00,1.0,M,"('KFTG', 'KCYS', 'KPUX', 'KGLD', 'KGJX')","['s3://noaa-nexrad-level2/2025/03/21/KFTG/KFTG20250321_005822_V06', 's3://noaa-nexrad-level2/2025/03/21/KCYS/KCYS20250321_010124_V06', 's3://noaa-nexrad-level2/2025/03/21/KPUX/KPUX20250321_005924_V06', 's3://noaa-nexrad-level2/2025/03/21/KGLD/KGLD20250321_005623_V06', 's3://noaa-nexrad-level2/2025/03/21/KGJX/KGJX20250321_005830_V06']"
95702,F,C680,AGC UA /OV DURD RY28/TM 0103/FL030/TP C680/TB MOD TURB/RM PRETTY TERRIBLE RIDE,MOD TURB,202503210100-KMSC-UBUS01-PIREP,3000.0,40.35472,-79.92167,2025-03-21 01:03:00,3.0,U,"('KPBZ', 'KCCX', 'KCLE', 'KRLX', 'KLWX')","['s3://noaa-nexrad-level2/2025/03/21/KPBZ/KPBZ20250321_010037_V06', 's3://noaa-nexrad-level2/2025/03/21/KCCX/KCCX20250321_010022_V06', 's3://noaa-nexrad-level2/2025/03/21/KCLE/KCLE20250321_005812_V06', 's3://noaa-nexrad-level2/2025/03/21/KRLX/KRLX20250321_010250_V06', 's3://noaa-nexrad-level2/2025/03/21/KLWX/KLWX20250321_005817_V06']"
95703,F,PC12,GRI UA /OV GRI/TM 0103/FL200/TP PC12/SK BASE 200/TB CONS LGT,CONS LGT,202503210100-KMSC-UBUS01-PIREP,20000.0,40.96754,-98.30964,2025-03-21 01:03:00,1.0,L,"('KUEX', 'KOAX', 'KLNX', 'KTWX', 'KFSD')","['s3://noaa-nexrad-level2/2025/03/21/KUEX/KUEX20250321_005633_V06', 's3://noaa-nexrad-level2/2025/03/21/KOAX/KOAX20250321_010143_V06', 's3://noaa-nexrad-level2/2025/03/21/KLNX/KLNX20250321_010210_V06', 's3://noaa-nexrad-level2/2025/03/21/KTWX/KTWX20250321_005845_V06', 's3://noaa-nexrad-level2/2025/03/21/KFSD/KFSD20250321_010021_V06']"
95704,T,B738,FCI UUA /OV FAK200020/TM 0103/FL160/TP B738/TB MOD-SEVERE,MOD-SEVERE,202503210100-KMSC-UBUS01-PIREP,16000.0,37.21674375467857,-77.97377174155481,2025-03-21 01:03:00,3.0,M,"('KAKQ', 'KRAX', 'KLWX', 'KFCX', 'KMHX')","['s3://noaa-nexrad-level2/2025/03/21/KAKQ/KAKQ20250321_010253_V06', 's3://noaa-nexrad-level2/2025/03/21/KRAX/KRAX20250321_005852_V06', 's3://noaa-nexrad-level2/2025/03/21/KLWX/KLWX20250321_005817_V06', 's3://noaa-nexrad-level2/2025/03/21/KFCX/KFCX20250321_010115_V06', 's3://noaa-nexrad-level2/2025/03/21/KMHX/KMHX20250321_005915_V06']"
95705,F,BCS3,TNU UA /OV TNU360010/TM 0104/FL340/TP BCS3/TB OCNL LGT CHOP,OCNL LGT CHOP,202503210100-KMSC-UBUS01-PIREP,34000.0,41.836791277780165,-93.0190416667,2025-03-21 01:04:00,1.0,U,"('KDMX', 'KDVN', 'KARX', 'KMPX', 'KEAX')","['s3://noaa-nexrad-level2/2025/03/21/KDMX/KDMX20250321_010149_V06', 's3://noaa-nexrad-level2/2025/03/21/KDVN/KDVN20250321_005913_V06', 's3://noaa-nexrad-level2/2025/03/21/KARX/KARX20250321_010234_V06', 's3://noaa-nexrad-level2/2025/03/21/KMPX/KMPX20250321_010311_V06', 's3://noaa-nexrad-level2/2025/03/21/KEAX/KEAX20250321_235449_V06']"
95706,F,B772,HFD UA /OV HFD180010/TM 0104/FL370/TP B772/TB LGT CHOP,LGT CHOP,202503210100-KMSC-UBUS01-PIREP,37000.0,41.57003983331983,-72.64944,2025-03-21 01:04:00,1.0,H,"('KOKX', 'KBOX', 'KENX', 'KDIX', 'KCXX')","['s3://noaa-nexrad-level2/2025/03/21/KOKX/KOKX20250321_010002_V06', 's3://noaa-nexrad-level2/2025/03/21/KBOX/KBOX20250321_010055_V06', 's3://noaa-nexrad-level2/2025/03/21/KENX/KENX20250321_005919_V06', 's3://noaa-nexrad-level2/2025/03/21/KDIX/KDIX20250321_005905_V06', 's3://noaa-nexrad-level2/2025/03/21/KCXX/KCXX20250321_010047_V06']"
95707,F,B38M,MCK UA /OV MCK055078/TM 0104/FL340/TP B38M/TB LGT CHOP/RM ZDVWC-08,LGT CHOP,202503210100-KMSC-UBUS01-PIREP,34000.0,40.9519897649155,-99.19762057114032,2025-03-21 01:04:00,1.0,U,"('KUEX', 'KLNX', 'KOAX', 'KGLD', 'KDDC')","['s3://noaa-nexrad-level2/2025/03/21/KUEX/KUEX20250321_010337_V06', 's3://noaa-nexrad-level2/2025/03/21/KLNX/KLNX20250321_010210_V06', 's3://noaa-nexrad-level2/2025/03/21/KOAX/KOAX20250321_010143_V06', 's3://noaa-nexrad-level2/2025/03/21/KGLD/KGLD20250321_005623_V06', 's3://noaa-nexrad-level2/2025/03/21/KDDC/KDDC20250321_010216_V06']"
95708,F,C56X,TLH UA /OV TLH180015/TM 0104/FL430/TP C56X/TB CONS LGT,CONS LGT,202503210100-KMSC-UBUS01-PIREP,43000.0,30.143519749979752,-84.35135,2025-03-21 01:04:00,1.0,M,"('KTLH', 'KVAX', 'KEVX', 'KEOX', 'KJAX')","['s3://noaa-nexrad-level2/2025/03/21/KTLH/KTLH20250321_010220_V06', 's3://noaa-nexrad-level2/2025/03/21/KVAX/KVAX20250321_010258_V06', 's3://noaa-nexrad-level2/2025/03/21/KEVX/KEVX20250321_005637_V06', 's3://noaa-nexrad-level2/2025/03/21/KJAX/KJAX20250321_010004_V06']"
95709,F,E75S,SLK UA /OV KLKP/TM 0105/FL300/TP E75S/TB MOD,MOD,202503210100-KMSC-UBUS01-PIREP,30000.0,44.26,-73.96,2025-03-21 01:05:00,3.0,U,"('KCXX', 'KENX', 'KTYX', 'KBGM', 'KOKX')","['s3://noaa-nexrad-level2/2025/03/21/KCXX/KCXX20250321_010047_V06', 's3://noaa-nexrad-level2/2025/03/21/KENX/KENX20250321_005919_V06', 's3://noaa-nexrad-level2/2025/03/21/KTYX/KTYX20250321_010142_V06', 's3://noaa-nexrad-level2/2025/03/21/KBGM/KBGM20250321_010357_V06', 's3://noaa-nexrad-level2/2025/03/21/KOKX/KOKX20250321_010002_V06']"
95710,F,PA32,DLG UA /OV DLG /TM 0105 /FL010 /TP PA32 /WX FV03SM /TA 00 /TB NEG/IC NEG /RM DURD RY01 (AKFSS),NEG,202503210100-KMSC-UBUS01-PIREP,1000.0,59.04,-158.5,2025-03-21 01:05:00,0.0,L,"('PAKC', 'PABC', 'PAHG', 'PAEC', 'PAIH')","['s3://noaa-nexrad-level2/2025/03/21/PAKC/PAKC20250321_010114_V06', 's3://noaa-nexrad-level2/2025/03/21/PAHG/PAHG20250321_010006_V06', 's3://noaa-nexrad-level2/2025/03/21/PAEC/PAEC20250321_005815_V06', 's3://noaa-nexrad-level2/2025/03/21/PAIH/PAIH20250321_010310_V06']"
95711,F,PA32,DLG UA /OV DLG /TM 0105 /FL010 /TP PA32 /WX FV03SM /TA 00 /TB NEG /IC NEG /RM DURD RY01 (AKFSS,NEG,202503210115-KWBC-UBAK90-PIREP,1000.0,59.04,-158.5,2025-03-21 01:05:00,0.0,L,"('PAKC', 'PABC', 'PAHG', 'PAEC', 'PAIH')","['s3://noaa-nexrad-level2/2025/03/21/PAKC/PAKC20250321_010114_V06', 's3://noaa-nexrad-level2/2025/03/21/PAHG/PAHG20250321_010006_V06', 's3://noaa-nexrad-level2/2025/03/21/PAEC/PAEC20250321_005815_V06', 's3://noaa-nexrad-level2/2025/03/21/PAIH/PAIH20250321_010310_V06']"
95712,F,DH8D,SWF UA /OV SWF/TM 0106/FL090/TP DH8D/TA M02/TB CONS LGT OCNL MOD RIME,CONS LGT OCNL MOD RIME,202503210100-KMSC-UBUS01-PIREP,9000.0,41.50411,-74.10483,2025-03-21 01:06:00,2.0,M,"('KENX', 'KOKX', 'KDIX', 'KBGM', 'KTYX')","['s3://noaa-nexrad-level2/2025/03/21/KENX/KENX20250321_010524_V06', 's3://noaa-nexrad-level2/2025/03/21/KOKX/KOKX20250321_010002_V06', 's3://noaa-nexrad-level2/2025/03/21/KDIX/KDIX20250321_010458_V06', 's3://noaa-nexrad-level2/2025/03/21/KBGM/KBGM20250321_010357_V06', 's3://noaa-nexrad-level2/2025/03/21/KTYX/KTYX20250321_010142_V06']"
95713,F,A321,BIV UA /OV PMM/TM 0107/FL300/TP A321/TB NEG,NEG,202503210100-KMSC-UBUS01-PIREP,30000.0,42.47,-86.11,2025-03-21 01:07:00,0.0,M,"('KGRR', 'KIWX', 'KLOT', 'KMKX', 'KDTX')","['s3://noaa-nexrad-level2/2025/03/21/KGRR/KGRR20250321_010451_V06', 's3://noaa-nexrad-level2/2025/03/21/KIWX/KIWX20250321_010434_V06', 's3://noaa-nexrad-level2/2025/03/21/KLOT/KLOT20250321_010207_V06', 's3://noaa-nexrad-level2/2025/03/21/KMKX/KMKX20250321_010421_V06', 's3://noaa-nexrad-level2/2025/03/21/KDTX/KDTX20250321_010213_V06']"
95714,F,E75L,POU UA /OV IGN/TM 0107/FL300/TP E75L/TB MOD,MOD,202503210100-KMSC-UBUS01-PIREP,30000.0,41.67,-73.82,2025-03-21 01:07:00,3.0,U,"('KENX', 'KOKX', 'KDIX', 'KBGM', 'KBOX')","['s3://noaa-nexrad-level2/2025/03/21/KENX/KENX20250321_010524_V06', 's3://noaa-nexrad-level2/2025/03/21/KOKX/KOKX20250321_010610_V06', 's3://noaa-nexrad-level2/2025/03/21/KDIX/KDIX20250321_010458_V06', 's3://noaa-nexrad-level2/2025/03/21/KBGM/KBGM20250321_010357_V06', 's3://noaa-nexrad-level2/2025/03/21/KBOX/KBOX20250321_010525_V06']"
95715,F,C208,HNL UA /OV LNY278010/TM 0107/FL050/TP C208/SK CLR/TB NEG,NEG,202503210100-KMSC-UBUS01-PIREP,5000.0,20.80319739566542,-157.12654219130332,2025-03-21 01:07:00,0.0,L,"('PHMO', 'PHKM', 'PHWA', 'PHKI', 'PAKC')","['s3://noaa-nexrad-level2/2025/03/21/PHMO/PHMO20250321_010257_V06', 's3://noaa-nexrad-level2/2025/03/21/PHKM/PHKM20250321_010242_V06', 's3://noaa-nexrad-level2/2025/03/21/PHWA/PHWA20250321_010542_V06', 's3://noaa-nexrad-level2/2025/03/21/PHKI/PHKI20250321_010350_V06', 's3://noaa-nexrad-level2/2025/03/21/PAKC/PAKC20250321_010114_V06']"
95716,F,A306,DXR UA /OV CMK010010/TM 0107/FL360/TP A306/TB NEG,NEG,202503210100-KMSC-UBUS01-PIREP,36000.0,41.44414792042,-73.54148513623932,2025-03-21 01:07:00,0.0,H,"('KOKX', 'KENX', 'KDIX', 'KBOX', 'KBGM')","['s3://noaa-nexrad-level2/2025/03/21/KOKX/KOKX20250321_010610_V06', 's3://noaa-nexrad-level2/2025/03/21/KENX/KENX20250321_010524_V06', 's3://noaa-nexrad-level2/2025/03/21/KDIX/KDIX20250321_010458_V06', 's3://noaa-nexrad-level2/2025/03/21/KBOX/KBOX20250321_010525_V06', 's3://noaa-nexrad-level2/2025/03/21/KBGM/KBGM20250321_010357_V06']"
95717,F,B752,ATL UA /OV ATL133060/TM 0108/FL200/TP B752/TB LGT MOD/RM ZTLFD 20,LGT MOD,202503210100-KMSC-UBUS01-PIREP,20000.0,32.948046398015094,-83.56336349670445,2025-03-21 01:08:00,2.0,M,"('KJGX', 'KFFC', 'KVAX', 'KMXX', 'KGSP')","['s3://noaa-nexrad-level2/2025/03/21/KJGX/KJGX20250321_010430_V06', 's3://noaa-nexrad-level2/2025/03/21/KFFC/KFFC20250321_010624_V06', 's3://noaa-nexrad-level2/2025/03/21/KVAX/KVAX20250321_010258_V06', 's3://noaa-nexrad-level2/2025/03/21/KMXX/KMXX20250321_010300_V06', 's3://noaa-nexrad-level2/2025/03/21/KGSP/KGSP20250321_010257_V06']"
95718,F,A319,ARG UA /OV ARG3150060/TM 0110/FL320/TP A319/TB CONS LGT OCNL MOD/RM ZME,CONS LGT OCNL MOD,202503210100-KMSC-UBUS01-PIREP,32000.0,36.12467,-90.92511,2025-03-21 01:10:00,2.0,M,"('KNQA', 'KLZK', 'KPAH', 'KLSX', 'KSGF')","['s3://noaa-nexrad-level2/2025/03/21/KNQA/KNQA20250321_010235_V06', 's3://noaa-nexrad-level2/2025/03/21/KLZK/KLZK20250321_010416_V06', 's3://noaa-nexrad-level2/2025/03/21/KPAH/KPAH20250321_010738_V06', 's3://noaa-nexrad-level2/2025/03/21/KLSX/KLSX20250321_010713_V06', 's3://noaa-nexrad-level2/2025/03/21/KSGF/KSGF20250321_010624_V06']"
95719,F,A320,MCO UA /OV MCO/TM 0110/FL070/TP A320/SK CLR/TB NONE,NONE,202503210100-KMSC-UBUS01-PIREP,7000.0,28.42939,-81.30899,2025-03-21 01:10:00,0.0,M,"('KMLB', 'KTBW', 'KJAX', 'KAMX', 'KAMX')","['s3://noaa-nexrad-level2/2025/03/21/KMLB/KMLB20250321_010442_V06', 's3://noaa-nexrad-level2/2025/03/21/KTBW/KTBW20250321_010936_V06', 's3://noaa-nexrad-level2/2025/03/21/KJAX/KJAX20250321_010645_V06', 's3://noaa-nexrad-level2/2025/03/21/KAMX/KAMX20250321_010148_V06', 's3://noaa-nexrad-level2/2025/03/21/KAMX/KAMX20250321_010148_V06']"
95720,F,A320,LCK UA /OV LCK/TM 0110/FL110/TP A320/TB NEG /IC NEG,NEG,202503210100-KMSC-UBUS01-PIREP,11000.0,39.81378,-82.92781,2025-03-21 01:10:00,0.0,M,"('KILN', 'KCLE', 'KRLX', 'KJKL', 'KPBZ')","['s3://noaa-nexrad-level2/2025/03/21/KILN/KILN20250321_010643_V06', 's3://noaa-nexrad-level2/2025/03/21/KCLE/KCLE20250321_010502_V06', 's3://noaa-nexrad-level2/2025/03/21/KRLX/KRLX20250321_010948_V06', 's3://noaa-nexrad-level2/2025/03/21/KJKL/KJKL20250321_010704_V06', 's3://noaa-nexrad-level2/2025/03/21/KPBZ/KPBZ20250321_010735_V06']"
95721,F,B737,BWI UA /OV BAL308037/TM 0110/FL130/TP B737/TB MOD,MOD,202503210100-KMSC-UBUS01-PIREP,13000.0,39.5496886621056,-77.28684741566522,2025-03-21 01:10:00,3.0,M,"('KLWX', 'KCCX', 'KDOX', 'KAKQ', 'KDIX')","['s3://noaa-nexrad-level2/2025/03/21/KLWX/KLWX20250321_010412_V06', 's3://noaa-nexrad-level2/2025/03/21/KCCX/KCCX20250321_010926_V06', 's3://noaa-nexrad-level2/2025/03/21/KDOX/KDOX20250321_010647_V06', 's3://noaa-nexrad-level2/2025/03/21/KAKQ/KAKQ20250321_010903_V06', 's3://noaa-nexrad-level2/2025/03/21/KDIX/KDIX20250321_010458_V06']"
95722,F,B77L,PASY UA /OV 5341N16942E/TM 0110/FL330/TP B77L/TB CONS LGT CHOP/RM /ZAN,CONS LGT CHOP,202503210200-KMSC-UBUS01-PIREP,33000.0,53.6833,169.7,2025-03-21 01:10:00,1.0,U,"('RKSG', 'RKJK', 'PGUA', 'RODN', 'LPLA')",['s3://noaa-nexrad-level2/2025/03/21/RKJK/RKJK20250321_010540_V06']
95723,F,E145,DMW UA /OV EMI350020/TM 0111/FL130/TP E145/TB CONS MOD CAT 130-170,CONS MOD CAT 130-170,202503210100-KMSC-UBUS01-PIREP,13000.0,39.82829584083999,-77.05502017903618,2025-03-21 01:11:00,3.0,M,"('KLWX', 'KCCX', 'KDOX', 'KBGM', 'KDIX')","['s3://noaa-nexrad-level2/2025/03/21/KLWX/KLWX20250321_011020_V06', 's3://noaa-nexrad-level2/2025/03/21/KCCX/KCCX20250321_010926_V06', 's3://noaa-nexrad-level2/2025/03/21/KDOX/KDOX20250321_010647_V06', 's3://noaa-nexrad-level2/2025/03/21/KBGM/KBGM20250321_011007_V06', 's3://noaa-nexrad-level2/2025/03/21/KDIX/KDIX20250321_011052_V06']"
95724,F,A339,PQI UA /OV PQI/TM 0111/FL350/TP A339/TB MOD,MOD,202503210100-KMSC-UBUS01-PIREP,35000.0,46.68897,-68.04481,2025-03-21 01:11:00,3.0,U,"('KCBW', 'KGYX', 'KCXX', 'KBOX', 'KENX')","['s3://noaa-nexrad-level2/2025/03/21/KCBW/KCBW20250321_010555_V06', 's3://noaa-nexrad-level2/2025/03/21/KGYX/KGYX20250321_010819_V06', 's3://noaa-nexrad-level2/2025/03/21/KCXX/KCXX20250321_010954_V06', 's3://noaa-nexrad-level2/2025/03/21/KBOX/KBOX20250321_010956_V06', 's3://noaa-nexrad-level2/2025/03/21/KENX/KENX20250321_010524_V06']"
95725,F,A321,ATL UA /OV USG010035/TM 0111/FL250/TP A321/TB LGT MOD/RM ZTLFD 42,LGT MOD,202503210100-KMSC-UBUS01-PIREP,25000.0,33.6301,-84.4418,2025-03-21 01:11:00,2.0,M,"('KFFC', 'KJGX', 'KMXX', 'KHTX', 'KBMX')","['s3://noaa-nexrad-level2/2025/03/21/KFFC/KFFC20250321_010624_V06', 's3://noaa-nexrad-level2/2025/03/21/KJGX/KJGX20250321_010430_V06', 's3://noaa-nexrad-level2/2025/03/21/KMXX/KMXX20250321_011003_V06', 's3://noaa-nexrad-level2/2025/03/21/KHTX/KHTX20250321_010932_V06', 's3://noaa-nexrad-level2/2025/03/21/KBMX/KBMX20250321_010539_V06']"
95726,F,A320,ROC UA /OV GEE130035/TM 0112/FL240/TP A320/TB MOD 160-240/RM ZOB,MOD 160-240,202503210100-KMSC-UBUS01-PIREP,24000.0,42.455010189271256,-77.1206309080341,2025-03-21 01:12:00,3.0,M,"('KBGM', 'KBUF', 'KCCX', 'KTYX', 'KENX')","['s3://noaa-nexrad-level2/2025/03/21/KBGM/KBGM20250321_011007_V06', 's3://noaa-nexrad-level2/2025/03/21/KBUF/KBUF20250321_011055_V06', 's3://noaa-nexrad-level2/2025/03/21/KCCX/KCCX20250321_010926_V06', 's3://noaa-nexrad-level2/2025/03/21/KTYX/KTYX20250321_010726_V06', 's3://noaa-nexrad-level2/2025/03/21/KENX/KENX20250321_011129_V06']"
95727,F,B737,KTN UA /OV KTN /TM 0112 /FL000 /TP B737 /TB NEG /IC LGT RIME090-050 /RM (AKFSS),NEG,202503210100-KMSC-UBUS01-PIREP,0.0,55.35,-131.71,2025-03-21 01:12:00,0.0,M,"('PACG', 'KLGX', 'KATX', 'KRTX', 'PAIH')","['s3://noaa-nexrad-level2/2025/03/21/PACG/PACG20250321_010846_V06', 's3://noaa-nexrad-level2/2025/03/21/KLGX/KLGX20250321_010815_V06', 's3://noaa-nexrad-level2/2025/03/21/KATX/KATX20250321_011119_V06', 's3://noaa-nexrad-level2/2025/03/21/KRTX/KRTX20250321_010819_V06', 's3://noaa-nexrad-level2/2025/03/21/PAIH/PAIH20250321_010745_V06']"
95728,F,B737,KTN UA /OV KTN /TM 0112 /FL000 /TP B737 /TB NEG /IC LGT RIME 090-050 /RM (AKFSS,NEG,202503210120-KWBC-UBAK90-PIREP,0.0,55.35,-131.71,2025-03-21 01:12:00,0.0,M,"('PACG', 'KLGX', 'KATX', 'KRTX', 'PAIH')","['s3://noaa-nexrad-level2/2025/03/21/PACG/PACG20250321_010846_V06', 's3://noaa-nexrad-level2/2025/03/21/KLGX/KLGX20250321_010815_V06', 's3://noaa-nexrad-level2/2025/03/21/KATX/KATX20250321_011119_V06', 's3://noaa-nexrad-level2/2025/03/21/KRTX/KRTX20250321_010819_V06', 's3://noaa-nexrad-level2/2025/03/21/PAIH/PAIH20250321_010745_V06']"
95729,F,B737,"FYJ UA /OV HCM/TM 0112/FL240/TP B737/TB MOD/RM PILOT QUOTED ""VERY MODERATE TURBULENCE""",MOD,202503210100-KMSC-UBUS01-PIREP,24000.0,37.45,-76.71,2025-03-21 01:12:00,3.0,M,"('KAKQ', 'KLWX', 'KDOX', 'KRAX', 'KMHX')","['s3://noaa-nexrad-level2/2025/03/21/KAKQ/KAKQ20250321_010903_V06', 's3://noaa-nexrad-level2/2025/03/21/KLWX/KLWX20250321_011020_V06', 's3://noaa-nexrad-level2/2025/03/21/KDOX/KDOX20250321_010647_V06', 's3://noaa-nexrad-level2/2025/03/21/KRAX/KRAX20250321_010906_V06', 's3://noaa-nexrad-level2/2025/03/21/KMHX/KMHX20250321_011127_V06']"
95730,F,B737,"FYJ UA /OV HCM/TM 0112/FL240/TP B737/TB MOD/RM PILOT QUOTED ""VERY MODERATE TURBULENCE",MOD,202503210125-KWBC-UBUS31-PRCUS,24000.0,37.45,-76.71,2025-03-21 01:12:00,3.0,M,"('KAKQ', 'KLWX', 'KDOX', 'KRAX', 'KMHX')","['s3://noaa-nexrad-level2/2025/03/21/KAKQ/KAKQ20250321_010903_V06', 's3://noaa-nexrad-level2/2025/03/21/KLWX/KLWX20250321_011020_V06', 's3://noaa-nexrad-level2/2025/03/21/KDOX/KDOX20250321_010647_V06', 's3://noaa-nexrad-level2/2025/03/21/KRAX/KRAX20250321_010906_V06', 's3://noaa-nexrad-level2/2025/03/21/KMHX/KMHX20250321_011127_V06']"
95731,F,A321,BFF UA /OV BFF090020/TM 0114/FL360/TP A321/TB NEG/RM MTW +/-10-15KT ZDVWC-,NEG,202503210100-KMSC-UBUS01-PIREP,36000.0,41.87403,-103.1479446088851,2025-03-21 01:14:00,0.0,M,"('KCYS', 'KUDX', 'KFTG', 'KLNX', 'KGLD')","['s3://noaa-nexrad-level2/2025/03/21/KCYS/KCYS20250321_011108_V06', 's3://noaa-nexrad-level2/2025/03/21/KUDX/KUDX20250321_011321_V06', 's3://noaa-nexrad-level2/2025/03/21/KFTG/KFTG20250321_010702_V06', 's3://noaa-nexrad-level2/2025/03/21/KLNX/KLNX20250321_010909_V06', 's3://noaa-nexrad-level2/2025/03/21/KGLD/KGLD20250321_010601_V06']"
95732,F,A21N,GXY UA /OV GLL/TM 0114/FL280/TP A21N/TB LGT CHOP/RM ZDVWC-,LGT CHOP,202503210100-KMSC-UBUS01-PIREP,28000.0,40.5,-104.55,2025-03-21 01:14:00,1.0,U,"('KCYS', 'KFTG', 'KPUX', 'KGLD', 'KGJX')","['s3://noaa-nexrad-level2/2025/03/21/KCYS/KCYS20250321_011108_V06', 's3://noaa-nexrad-level2/2025/03/21/KFTG/KFTG20250321_010702_V06', 's3://noaa-nexrad-level2/2025/03/21/KPUX/KPUX20250321_011255_V06', 's3://noaa-nexrad-level2/2025/03/21/KGLD/KGLD20250321_010601_V06', 's3://noaa-nexrad-level2/2025/03/21/KGJX/KGJX20250321_010940_V06']"
95733,F,A321,BFF UA /OV BFF090020/TM 0114/FL360/TP A321/TB NEG/RM MTW +/-10-15KT ZDVWC,NEG,202503210140-KWBC-UBNE90-PIREP,36000.0,41.87403,-103.1479446088851,2025-03-21 01:14:00,0.0,M,"('KCYS', 'KUDX', 'KFTG', 'KLNX', 'KGLD')","['s3://noaa-nexrad-level2/2025/03/21/KCYS/KCYS20250321_011108_V06', 's3://noaa-nexrad-level2/2025/03/21/KUDX/KUDX20250321_011321_V06', 's3://noaa-nexrad-level2/2025/03/21/KFTG/KFTG20250321_010702_V06', 's3://noaa-nexrad-level2/2025/03/21/KLNX/KLNX20250321_010909_V06', 's3://noaa-nexrad-level2/2025/03/21/KGLD/KGLD20250321_010601_V06']"
95734,F,A21N,GXY UA /OV GLL/TM 0114/FL280/TP A21N/TB LGT CHOP/RM ZDVWC,LGT CHOP,202503210140-KWBC-UBCO90-PIREP,28000.0,40.5,-104.55,2025-03-21 01:14:00,1.0,U,"('KCYS', 'KFTG', 'KPUX', 'KGLD', 'KGJX')","['s3://noaa-nexrad-level2/2025/03/21/KCYS/KCYS20250321_011108_V06', 's3://noaa-nexrad-level2/2025/03/21/KFTG/KFTG20250321_010702_V06', 's3://noaa-nexrad-level2/2025/03/21/KPUX/KPUX20250321_011255_V06', 's3://noaa-nexrad-level2/2025/03/21/KGLD/KGLD20250321_010601_V06', 's3://noaa-nexrad-level2/2025/03/21/KGJX/KGJX20250321_010940_V06']"
95735,F,B737,GJT UA /OV JNC300028/TM 0115/FL280/TP B737/TB LGT CHOP/RM ZDVWC-,LGT CHOP,202503210100-KMSC-UBUS01-PIREP,28000.0,39.29335223335224,-109.3105214998868,2025-03-21 01:15:00,1.0,M,"('KGJX', 'KMTX', 'KRIW', 'KICX', 'KFTG')","['s3://noaa-nexrad-level2/2025/03/21/KGJX/KGJX20250321_010940_V06', 's3://noaa-nexrad-level2/2025/03/21/KMTX/KMTX20250321_010956_V06', 's3://noaa-nexrad-level2/2025/03/21/KRIW/KRIW20250321_011234_V06', 's3://noaa-nexrad-level2/2025/03/21/KICX/KICX20250321_010800_V06', 's3://noaa-nexrad-level2/2025/03/21/KFTG/KFTG20250321_010702_V06']"
95736,F,B737,JYO UA /OV AML360015/TM 0115/FL170/TP B737/TB MOD/RM 130-170,MOD,202503210100-KMSC-UBUS01-PIREP,17000.0,39.18002025002025,-77.47,2025-03-21 01:15:00,3.0,M,"('KLWX', 'KCCX', 'KDOX', 'KAKQ', 'KPBZ')","['s3://noaa-nexrad-level2/2025/03/21/KLWX/KLWX20250321_011020_V06', 's3://noaa-nexrad-level2/2025/03/21/KCCX/KCCX20250321_011358_V06', 's3://noaa-nexrad-level2/2025/03/21/KDOX/KDOX20250321_011337_V06', 's3://noaa-nexrad-level2/2025/03/21/KAKQ/KAKQ20250321_010903_V06', 's3://noaa-nexrad-level2/2025/03/21/KPBZ/KPBZ20250321_011438_V06']"
95737,F,B737,GJT UA /OV JNC300028/TM 0115/FL280/TP B737/TB LGT CHOP/RM ZDVWC,LGT CHOP,202503210125-KWBC-UBCO90-PIREP,28000.0,39.29335223335224,-109.3105214998868,2025-03-21 01:15:00,1.0,M,"('KGJX', 'KMTX', 'KRIW', 'KICX', 'KFTG')","['s3://noaa-nexrad-level2/2025/03/21/KGJX/KGJX20250321_010940_V06', 's3://noaa-nexrad-level2/2025/03/21/KMTX/KMTX20250321_010956_V06', 's3://noaa-nexrad-level2/2025/03/21/KRIW/KRIW20250321_011234_V06', 's3://noaa-nexrad-level2/2025/03/21/KICX/KICX20250321_010800_V06', 's3://noaa-nexrad-level2/2025/03/21/KFTG/KFTG20250321_010702_V06']"
95738,F,B738,GWO UA /OV SQS315025/TM 0116/FL350/TP B738/TB CONS MOD CHOP/RM ZME,CONS MOD CHOP,202503210100-KMSC-UBUS01-PIREP,35000.0,33.75465169037213,-90.633184649013,2025-03-21 01:16:00,3.0,M,"('KDGX', 'KNQA', 'KLZK', 'KGWX', 'KHDC')","['s3://noaa-nexrad-level2/2025/03/21/KDGX/KDGX20250321_010848_V06', 's3://noaa-nexrad-level2/2025/03/21/KNQA/KNQA20250321_011053_V06', 's3://noaa-nexrad-level2/2025/03/21/KLZK/KLZK20250321_011104_V06', 's3://noaa-nexrad-level2/2025/03/21/KGWX/KGWX20250321_011119_V06', 's3://noaa-nexrad-level2/2025/03/21/KHDC/KHDC20250321_011250_V06']"
95739,F,A21N,HNL UA /OV FISHE/TM 0116/FL270/TP A21N/TB LGT,LGT,202503210100-KMSC-UBUS01-PIREP,27000.0,24.55,-81.79,2025-03-21 01:16:00,1.0,U,"('KBYX', 'KAMX', 'KAMX', 'KTBW', 'KMLB')","['s3://noaa-nexrad-level2/2025/03/21/KBYX/KBYX20250321_011507_V06', 's3://noaa-nexrad-level2/2025/03/21/KAMX/KAMX20250321_011030_V06', 's3://noaa-nexrad-level2/2025/03/21/KAMX/KAMX20250321_011030_V06', 's3://noaa-nexrad-level2/2025/03/21/KTBW/KTBW20250321_010936_V06', 's3://noaa-nexrad-level2/2025/03/21/KMLB/KMLB20250321_011139_V06']"
95740,F,A321,DEN UA /OV DVV220022/TM 0116/FL340/TP A321/TB LGT CHOP/RM ZDVWC-,LGT CHOP,202503210100-KMSC-UBUS01-PIREP,34000.0,39.609094285980326,-104.92720046617836,2025-03-21 01:16:00,1.0,M,"('KFTG', 'KPUX', 'KCYS', 'KGLD', 'KGJX')","['s3://noaa-nexrad-level2/2025/03/21/KFTG/KFTG20250321_011543_V06', 's3://noaa-nexrad-level2/2025/03/21/KPUX/KPUX20250321_011255_V06', 's3://noaa-nexrad-level2/2025/03/21/KCYS/KCYS20250321_011108_V06', 's3://noaa-nexrad-level2/2025/03/21/KGLD/KGLD20250321_011539_V06', 's3://noaa-nexrad-level2/2025/03/21/KGJX/KGJX20250321_011506_V06']"
95741,F,A321,DEN UA /OV DVV220022/TM 0116/FL340/TP A321/TB LGT CHOP/RM ZDVWC,LGT CHOP,202503210140-KWBC-UBCO90-PIREP,34000.0,39.609094285980326,-104.92720046617836,2025-03-21 01:16:00,1.0,M,"('KFTG', 'KPUX', 'KCYS', 'KGLD', 'KGJX')","['s3://noaa-nexrad-level2/2025/03/21/KFTG/KFTG20250321_011543_V06', 's3://noaa-nexrad-level2/2025/03/21/KPUX/KPUX20250321_011255_V06', 's3://noaa-nexrad-level2/2025/03/21/KCYS/KCYS20250321_011108_V06', 's3://noaa-nexrad-level2/2025/03/21/KGLD/KGLD20250321_011539_V06', 's3://noaa-nexrad-level2/2025/03/21/KGJX/KGJX20250321_011506_V06']"
95742,F,B788,BID UA /OV SEY135033/TM 0117/FL410/TP B788/TB OCNL LGT CHOP,OCNL LGT CHOP,202503210100-KMSC-UBUS01-PIREP,41000.0,40.7810597687088,-71.06331421832046,2025-03-21 01:17:00,1.0,U,"('KBOX', 'KOKX', 'KGYX', 'KDIX', 'KENX')","['s3://noaa-nexrad-level2/2025/03/21/KBOX/KBOX20250321_011427_V06', 's3://noaa-nexrad-level2/2025/03/21/KOKX/KOKX20250321_011216_V06', 's3://noaa-nexrad-level2/2025/03/21/KGYX/KGYX20250321_011507_V06', 's3://noaa-nexrad-level2/2025/03/21/KDIX/KDIX20250321_011646_V06', 's3://noaa-nexrad-level2/2025/03/21/KENX/KENX20250321_011129_V06']"
95743,F,B752,GJT UA /OV JNC/TM 0117/FL350/TP B752/TB NEG/RM ZDVWC-,NEG,202503210100-KMSC-UBUS01-PIREP,35000.0,39.06,-108.79,2025-03-21 01:17:00,0.0,M,"('KGJX', 'KRIW', 'KMTX', 'KFTG', 'KICX')","['s3://noaa-nexrad-level2/2025/03/21/KGJX/KGJX20250321_011506_V06', 's3://noaa-nexrad-level2/2025/03/21/KRIW/KRIW20250321_011234_V06', 's3://noaa-nexrad-level2/2025/03/21/KMTX/KMTX20250321_011536_V06', 's3://noaa-nexrad-level2/2025/03/21/KFTG/KFTG20250321_011543_V06', 's3://noaa-nexrad-level2/2025/03/21/KICX/KICX20250321_011639_V06']"
95744,F,B752,GJT UA /OV JNC/TM 0117/FL350/TP B752/TB NEG/RM ZDVWC,NEG,202503210140-KWBC-UBCO90-PIREP,35000.0,39.06,-108.79,2025-03-21 01:17:00,0.0,M,"('KGJX', 'KRIW', 'KMTX', 'KFTG', 'KICX')","['s3://noaa-nexrad-level2/2025/03/21/KGJX/KGJX20250321_011506_V06', 's3://noaa-nexrad-level2/2025/03/21/KRIW/KRIW20250321_011234_V06', 's3://noaa-nexrad-level2/2025/03/21/KMTX/KMTX20250321_011536_V06', 's3://noaa-nexrad-level2/2025/03/21/KFTG/KFTG20250321_011543_V06', 's3://noaa-nexrad-level2/2025/03/21/KICX/KICX20250321_011639_V06']"
95745,F,E75L,C75 UA /OV BDF190030/TM 0120/FL350/TP E75L/TB CONS MOD CHOP,CONS MOD CHOP,202503210100-KMSC-UBUS01-PIREP,35000.0,40.66755623874001,-89.70533278475266,2025-03-21 01:20:00,3.0,U,"('KILX', 'KDVN', 'KLOT', 'KLSX', 'KMKX')","['s3://noaa-nexrad-level2/2025/03/21/KILX/KILX20250321_011657_V06', 's3://noaa-nexrad-level2/2025/03/21/KDVN/KDVN20250321_011836_V06', 's3://noaa-nexrad-level2/2025/03/21/KLOT/KLOT20250321_011541_V06', 's3://noaa-nexrad-level2/2025/03/21/KLSX/KLSX20250321_011403_V06', 's3://noaa-nexrad-level2/2025/03/21/KMKX/KMKX20250321_011818_V06']"
95746,F,B373,DCA UA /OV GAI/TM 0120/FL130/TP B373/TB MOD/RM 130-170,MOD,202503210100-KMSC-UBUS01-PIREP,13000.0,39.1683333,-77.166,2025-03-21 01:20:00,3.0,M,"('KLWX', 'KDOX', 'KCCX', 'KAKQ', 'KDIX')","['s3://noaa-nexrad-level2/2025/03/21/KLWX/KLWX20250321_011642_V06', 's3://noaa-nexrad-level2/2025/03/21/KDOX/KDOX20250321_011337_V06', 's3://noaa-nexrad-level2/2025/03/21/KCCX/KCCX20250321_011358_V06', 's3://noaa-nexrad-level2/2025/03/21/KAKQ/KAKQ20250321_011514_V06', 's3://noaa-nexrad-level2/2025/03/21/KDIX/KDIX20250321_011646_V06']"
95747,F,BE35,PUB UA /OV PUB200037/TM 0120/FL135/TP BE35/TB LGT-MOD/RM LGT MTW +/-1000FPM ZDVWC-,LGT-MOD,202503210100-KMSC-UBUS01-PIREP,13500.0,37.71047594615534,-104.7670695374272,2025-03-21 01:20:00,2.0,L,"('KPUX', 'KFTG', 'KFDX', 'KABX', 'KCYS')","['s3://noaa-nexrad-level2/2025/03/21/KPUX/KPUX20250321_011942_V06', 's3://noaa-nexrad-level2/2025/03/21/KFTG/KFTG20250321_011543_V06', 's3://noaa-nexrad-level2/2025/03/21/KFDX/KFDX20250321_011440_V06', 's3://noaa-nexrad-level2/2025/03/21/KABX/KABX20250321_011843_V06', 's3://noaa-nexrad-level2/2025/03/21/KCYS/KCYS20250321_011108_V06']"
