,URGENT,AIRCRAFT,REPORT,TURBULENCE,PRODUCT_ID,FL,LAT,LON,datetime,turbulence_intensity,Plane Weight,nexrad_sites,aws_files
14694,F,B737,DMN UA /OV DMN270020/TM 1942/FL370/TP B737/TB MOD CHOP/RM ZAB/FDCS S,MOD CHOP,,37000.0,32.26231,-108.1148632111146,2024-02-09 19:42:00,3.0,M,"('KEPZ', 'KHDX', 'KEMX', 'KABX', 'KIWA')","['s3://noaa-nexrad-level2/2024/02/09/KEPZ/KEPZ20240209_194003_V06', 's3://noaa-nexrad-level2/2024/02/09/KHDX/KHDX20240209_193802_V06', 's3://noaa-nexrad-level2/2024/02/09/KEMX/KEMX20240209_193534_V06', 's3://noaa-nexrad-level2/2024/02/09/KIWA/KIWA20240209_193527_V06']"
14695,F,B738,MYNN UA /OV ZQA210035/TM 1942/FL290/TP B738/TB CONS LGT CHOP,CONS LGT CHOP,,29000.0,24.494777594717828,-77.7718446270268,2024-02-09 19:42:00,1.0,M,"('KAMX', 'KAMX', 'KBYX', 'KMLB', 'KTBW')","['s3://noaa-nexrad-level2/2024/02/09/KAMX/KAMX20240209_193317_V06', 's3://noaa-nexrad-level2/2024/02/09/KAMX/KAMX20240209_193317_V06', 's3://noaa-nexrad-level2/2024/02/09/KBYX/KBYX20240209_193938_V06', 's3://noaa-nexrad-level2/2024/02/09/KMLB/KMLB20240209_193738_V06', 's3://noaa-nexrad-level2/2024/02/09/KTBW/KTBW20240209_193742_V06']"
14696,F,B38M,LAF UA /OV BVT/TM 1943/FL370/TP B38M/TB OCNL LGT CHOP,OCNL LGT CHOP,,37000.0,40.56,-87.07,2024-02-09 19:43:00,1.0,U,"('KIND', 'KLOT', 'KIWX', 'KILX', 'KVWX')","['s3://noaa-nexrad-level2/2024/02/09/KIND/KIND20240209_193617_V06', 's3://noaa-nexrad-level2/2024/02/09/KLOT/KLOT20240209_194232_V06', 's3://noaa-nexrad-level2/2024/02/09/KIWX/KIWX20240209_193656_V06', 's3://noaa-nexrad-level2/2024/02/09/KILX/KILX20240209_152426_V06', 's3://noaa-nexrad-level2/2024/02/09/KVWX/KVWX20240209_194042_V06']"
14697,F,B38M,LAF UA /OV BVT180025/TM 1943/FL350/TP B38M/TB LGT CHOP,LGT CHOP,,35000.0,40.14329958329959,-87.07,2024-02-09 19:43:00,1.0,U,"('KIND', 'KLOT', 'KIWX', 'KVWX', 'KILX')","['s3://noaa-nexrad-level2/2024/02/09/KIND/KIND20240209_193617_V06', 's3://noaa-nexrad-level2/2024/02/09/KLOT/KLOT20240209_194232_V06', 's3://noaa-nexrad-level2/2024/02/09/KIWX/KIWX20240209_193656_V06', 's3://noaa-nexrad-level2/2024/02/09/KVWX/KVWX20240209_194042_V06', 's3://noaa-nexrad-level2/2024/02/09/KILX/KILX20240209_152426_V06']"
14698,F,C56X,BWG UA /OV BWG/TM 1943/FL430/TP C56X/TB CONS LGT OCNL MOD,CONS LGT OCNL MOD,,43000.0,36.96453,-86.41967,2024-02-09 19:43:00,2.0,M,"('KOHX', 'KHPX', 'KLVX', 'KVWX', 'KHTX')","['s3://noaa-nexrad-level2/2024/02/09/KOHX/KOHX20240209_194128_V06', 's3://noaa-nexrad-level2/2024/02/09/KHPX/KHPX20240209_194257_V06', 's3://noaa-nexrad-level2/2024/02/09/KLVX/KLVX20240209_194053_V06', 's3://noaa-nexrad-level2/2024/02/09/KVWX/KVWX20240209_194042_V06', 's3://noaa-nexrad-level2/2024/02/09/KHTX/KHTX20240209_194135_V06']"
14699,F,CL30,MEM UA /OV MEM336040/TM 1944/FL220/TP CL30/TB MOD/RM ZME,MOD,,22000.0,35.67018963659911,-90.3162969261482,2024-02-09 19:44:00,3.0,U,"('KNQA', 'KPAH', 'KLZK', 'KGWX', 'KLSX')","['s3://noaa-nexrad-level2/2024/02/09/KNQA/KNQA20240209_194156_V06', 's3://noaa-nexrad-level2/2024/02/09/KPAH/KPAH20240209_194345_V06', 's3://noaa-nexrad-level2/2024/02/09/KLZK/KLZK20240209_194108_V06', 's3://noaa-nexrad-level2/2024/02/09/KGWX/KGWX20240209_194006_V06', 's3://noaa-nexrad-level2/2024/02/09/KLSX/KLSX20240209_193952_V06']"
14700,F,F2TH,ORD UA /OV UGN045003/TM 1944/FL040/TP F2TH/TB LGT-MOD,LGT-MOD,,4000.0,42.45751820284465,-87.8200117788969,2024-02-09 19:44:00,2.0,M,"('KMKX', 'KLOT', 'KGRB', 'KGRR', 'KIWX')","['s3://noaa-nexrad-level2/2024/02/09/KMKX/KMKX20240209_193930_V06', 's3://noaa-nexrad-level2/2024/02/09/KLOT/KLOT20240209_194232_V06', 's3://noaa-nexrad-level2/2024/02/09/KGRB/KGRB20240209_193803_V06', 's3://noaa-nexrad-level2/2024/02/09/KGRR/KGRR20240209_193928_V06', 's3://noaa-nexrad-level2/2024/02/09/KIWX/KIWX20240209_194354_V06']"
14701,F,B737,SGF UA /OV SGF360010/TM 1944/FL270/TP B737/TB OCNL LGT CHOP/RM /ZKC FDC XJ,OCNL LGT CHOP,,27000.0,37.406380166680165,-93.3897,2024-02-09 19:44:00,1.0,M,"('KSGF', 'KEAX', 'KSRX', 'KINX', 'KLZK')","['s3://noaa-nexrad-level2/2024/02/09/KSGF/KSGF20240209_193438_V06', 's3://noaa-nexrad-level2/2024/02/09/KEAX/KEAX20240209_193735_V06', 's3://noaa-nexrad-level2/2024/02/09/KSRX/KSRX20240209_193608_V06', 's3://noaa-nexrad-level2/2024/02/09/KINX/KINX20240209_193958_V06', 's3://noaa-nexrad-level2/2024/02/09/KLZK/KLZK20240209_194108_V06']"
14702,T,LJ60,MYGF UUA /OV ZFP008150/TM 1944/FL410/TP LJ60/TB MOD SEV/RM 800 FOOT LOSS IN ALT,MOD SEV,,41000.0,28.975870701338376,-78.3911883173662,2024-02-09 19:44:00,4.0,M,"('KMLB', 'KJAX', 'KAMX', 'KAMX', 'KTBW')","['s3://noaa-nexrad-level2/2024/02/09/KMLB/KMLB20240209_194213_V06', 's3://noaa-nexrad-level2/2024/02/09/KJAX/KJAX20240209_193748_V06', 's3://noaa-nexrad-level2/2024/02/09/KAMX/KAMX20240209_194200_V06', 's3://noaa-nexrad-level2/2024/02/09/KAMX/KAMX20240209_194200_V06', 's3://noaa-nexrad-level2/2024/02/09/KTBW/KTBW20240209_193742_V06']"
14703,F,G150,SAV UA /OV SAV330030/TM 1945/FL380/TP G150/TB LGT CHOP,LGT CHOP,,38000.0,32.564415285956144,-81.49754451777308,2024-02-09 19:45:00,1.0,U,"('KCLX', 'KCAE', 'KJGX', 'KJAX', 'KVAX')","['s3://noaa-nexrad-level2/2024/02/09/KCLX/KCLX20240209_194444_V06', 's3://noaa-nexrad-level2/2024/02/09/KCAE/KCAE20240209_194133_V06', 's3://noaa-nexrad-level2/2024/02/09/KJGX/KJGX20240209_193912_V06', 's3://noaa-nexrad-level2/2024/02/09/KJAX/KJAX20240209_194450_V06', 's3://noaa-nexrad-level2/2024/02/09/KVAX/KVAX20240209_194202_V06']"
14704,F,B753,AMG UA /OV AMG/TM 1945/FL320/TP B753/TB NEG,NEG,,32000.0,31.53606,-82.50656,2024-02-09 19:45:00,0.0,M,"('KVAX', 'KJAX', 'KJGX', 'KCLX', 'KTLH')","['s3://noaa-nexrad-level2/2024/02/09/KVAX/KVAX20240209_194202_V06', 's3://noaa-nexrad-level2/2024/02/09/KJAX/KJAX20240209_194450_V06', 's3://noaa-nexrad-level2/2024/02/09/KJGX/KJGX20240209_193912_V06', 's3://noaa-nexrad-level2/2024/02/09/KCLX/KCLX20240209_194444_V06', 's3://noaa-nexrad-level2/2024/02/09/KTLH/KTLH20240209_193834_V06']"
14705,F,A320,AVP UA /OV AVP/TM 1945/FL040/TP A320/TB NEG,NEG,,4000.0,41.33347,-75.72267,2024-02-09 19:45:00,0.0,M,"('KBGM', 'KDIX', 'KENX', 'KCCX', 'KTYX')","['s3://noaa-nexrad-level2/2024/02/09/KBGM/KBGM20240209_194151_V06', 's3://noaa-nexrad-level2/2024/02/09/KDIX/KDIX20240209_193942_V06', 's3://noaa-nexrad-level2/2024/02/09/KENX/KENX20240209_194011_V06', 's3://noaa-nexrad-level2/2024/02/09/KCCX/KCCX20240209_193820_V06', 's3://noaa-nexrad-level2/2024/02/09/KTYX/KTYX20240209_194328_V06']"
14706,T,E55P,HTS UUA /OV UNI/TM 1945/FL430/TP E55P/TB SEV/RM NO INJURIES/DAMAGE. +/-2000 FPM W/+600 ACTAUL. 30 DEG L/R,SEV,,43000.0,39.2118914,-82.2292537,2024-02-09 19:45:00,5.0,U,"('KRLX', 'KILN', 'KJKL', 'KCLE', 'KPBZ')","['s3://noaa-nexrad-level2/2024/02/09/KRLX/KRLX20240209_193829_V06', 's3://noaa-nexrad-level2/2024/02/09/KILN/KILN20240209_194454_V06', 's3://noaa-nexrad-level2/2024/02/09/KJKL/KJKL20240209_194132_V06', 's3://noaa-nexrad-level2/2024/02/09/KCLE/KCLE20240209_193824_V06', 's3://noaa-nexrad-level2/2024/02/09/KPBZ/KPBZ20240209_194045_V06']"
14707,F,S22T,AND UA /OV ELW073014/TM 1945/FL110/TP S22T/TB NEG/IC NEG/RM ZTLFD-16,NEG,,11000.0,34.488225590266055,-82.50948059394163,2024-02-09 19:45:00,0.0,U,"('KGSP', 'KCAE', 'KMRX', 'KJGX', 'KFFC')","['s3://noaa-nexrad-level2/2024/02/09/KGSP/KGSP20240209_194113_V06', 's3://noaa-nexrad-level2/2024/02/09/KCAE/KCAE20240209_194133_V06', 's3://noaa-nexrad-level2/2024/02/09/KMRX/KMRX20240209_194306_V06', 's3://noaa-nexrad-level2/2024/02/09/KJGX/KJGX20240209_193912_V06', 's3://noaa-nexrad-level2/2024/02/09/KFFC/KFFC20240209_194011_V06']"
14708,F,C17L,CAK UA /OV 15 E CAK/TM 1946/FL045/TP C17L/TB MOD,MOD,,4500.0,40.9161,-81.11134072387074,2024-02-09 19:46:00,3.0,U,"('KCLE', 'KPBZ', 'KRLX', 'KDTX', 'KILN')","['s3://noaa-nexrad-level2/2024/02/09/KCLE/KCLE20240209_193824_V06', 's3://noaa-nexrad-level2/2024/02/09/KPBZ/KPBZ20240209_194045_V06', 's3://noaa-nexrad-level2/2024/02/09/KRLX/KRLX20240209_194520_V06', 's3://noaa-nexrad-level2/2024/02/09/KDTX/KDTX20240209_194204_V06', 's3://noaa-nexrad-level2/2024/02/09/KILN/KILN20240209_194454_V06']"
14709,F,A320,THA UA /OV SYI/TM 1946/FL310/TP A320/TB LGT CHOP/RM ZTLFD-06,LGT CHOP,,31000.0,35.5594,-86.4425,2024-02-09 19:46:00,1.0,M,"('KOHX', 'KHTX', 'KHPX', 'KBMX', 'KLVX')","['s3://noaa-nexrad-level2/2024/02/09/KOHX/KOHX20240209_194128_V06', 's3://noaa-nexrad-level2/2024/02/09/KHTX/KHTX20240209_194556_V06', 's3://noaa-nexrad-level2/2024/02/09/KHPX/KHPX20240209_194257_V06', 's3://noaa-nexrad-level2/2024/02/09/KBMX/KBMX20240209_194552_V06', 's3://noaa-nexrad-level2/2024/02/09/KLVX/KLVX20240209_194524_V06']"
14710,F,E75L,HTS UA /OV YRK120020/TM 1947/FL280/TP E75L/TB CONS LGT CHOP OCNL MOD CHOP,CONS LGT CHOP OCNL MOD CHOP,,28000.0,38.47331983331984,-82.61038770888558,2024-02-09 19:47:00,2.0,U,"('KRLX', 'KJKL', 'KILN', 'KMRX', 'KFCX')","['s3://noaa-nexrad-level2/2024/02/09/KRLX/KRLX20240209_194520_V06', 's3://noaa-nexrad-level2/2024/02/09/KJKL/KJKL20240209_194555_V06', 's3://noaa-nexrad-level2/2024/02/09/KILN/KILN20240209_194454_V06', 's3://noaa-nexrad-level2/2024/02/09/KMRX/KMRX20240209_194306_V06', 's3://noaa-nexrad-level2/2024/02/09/KFCX/KFCX20240209_194447_V06']"
14711,F,E175,SPI UA /OV SPI180025/TM 1947/FL300/TP E175/TB CONS LGT CHOP/RM /ZKC FDC XJ,CONS LGT CHOP,,30000.0,39.42799958329959,-89.6839,2024-02-09 19:47:00,1.0,U,"('KILX', 'KLSX', 'KVWX', 'KDVN', 'KPAH')","['s3://noaa-nexrad-level2/2024/02/09/KILX/KILX20240209_152426_V06', 's3://noaa-nexrad-level2/2024/02/09/KLSX/KLSX20240209_194657_V06', 's3://noaa-nexrad-level2/2024/02/09/KVWX/KVWX20240209_194042_V06', 's3://noaa-nexrad-level2/2024/02/09/KDVN/KDVN20240209_194140_V06', 's3://noaa-nexrad-level2/2024/02/09/KPAH/KPAH20240209_194345_V06']"
14712,F,C25MN,SPI UA /OV SPI/TM 1948/FL250/TP C25MN/TB LGT-MOD CHOP,LGT-MOD CHOP,,25000.0,39.8447,-89.6839,2024-02-09 19:48:00,2.0,U,"('KILX', 'KLSX', 'KDVN', 'KLOT', 'KVWX')","['s3://noaa-nexrad-level2/2024/02/09/KILX/KILX20240209_152426_V06', 's3://noaa-nexrad-level2/2024/02/09/KLSX/KLSX20240209_194657_V06', 's3://noaa-nexrad-level2/2024/02/09/KDVN/KDVN20240209_194140_V06', 's3://noaa-nexrad-level2/2024/02/09/KLOT/KLOT20240209_194232_V06', 's3://noaa-nexrad-level2/2024/02/09/KVWX/KVWX20240209_194737_V06']"
14713,F,E75L,PIH UA /OV KPIH/TM 1949/FL090/TP E75L/SK BKN076-TOP115/TA M06/TB NEG/IC LGT RIME 076-110,NEG,,9000.0,42.90981,-112.59592,2024-02-09 19:49:00,0.0,U,"('KSFX', 'KMTX', 'KCBX', 'KRIW', 'KMSX')","['s3://noaa-nexrad-level2/2024/02/09/KSFX/KSFX20240209_194820_V06', 's3://noaa-nexrad-level2/2024/02/09/KMTX/KMTX20240209_194644_V06', 's3://noaa-nexrad-level2/2024/02/09/KCBX/KCBX20240209_194734_V06', 's3://noaa-nexrad-level2/2024/02/09/KRIW/KRIW20240209_194509_V06', 's3://noaa-nexrad-level2/2024/02/09/KMSX/KMSX20240209_194726_V06']"
14714,F,PC12,SYR UA /OV 25 NE SYR/TM 1949/FL060/TP PC12/SK BASE050 TOPS060/TB NEG/IC NEG,NEG,,6000.0,43.40584169037213,-75.70269348073782,2024-02-09 19:49:00,0.0,L,"('KTYX', 'KBGM', 'KENX', 'KCXX', 'KBUF')","['s3://noaa-nexrad-level2/2024/02/09/KTYX/KTYX20240209_194328_V06', 's3://noaa-nexrad-level2/2024/02/09/KBGM/KBGM20240209_194848_V06', 's3://noaa-nexrad-level2/2024/02/09/KENX/KENX20240209_194703_V06', 's3://noaa-nexrad-level2/2024/02/09/KCXX/KCXX20240209_194533_V06', 's3://noaa-nexrad-level2/2024/02/09/KBUF/KBUF20240209_194248_V06']"
14715,F,B738,BRL UA /OV BRL/TM 1950/FL320/TP B738/TB NEG,NEG,,32000.0,40.772929,-91.125494,2024-02-09 19:50:00,0.0,M,"('KDVN', 'KILX', 'KLSX', 'KDMX', 'KARX')","['s3://noaa-nexrad-level2/2024/02/09/KDVN/KDVN20240209_194835_V06', 's3://noaa-nexrad-level2/2024/02/09/KILX/KILX20240209_152426_V06', 's3://noaa-nexrad-level2/2024/02/09/KLSX/KLSX20240209_194657_V06', 's3://noaa-nexrad-level2/2024/02/09/KDMX/KDMX20240209_194336_V06', 's3://noaa-nexrad-level2/2024/02/09/KARX/KARX20240209_194655_V06']"
14716,F,E35L,IAH UA /OV IAH180065/TM 1950/FL400/TP E35L/TB MOD CHOP/RM ZHU,MOD CHOP,,40000.0,28.90097891657892,-95.3607,2024-02-09 19:50:00,3.0,U,"('KHGX', 'KCRP', 'KLCH', 'KGRK', 'KEWX')","['s3://noaa-nexrad-level2/2024/02/09/KHGX/KHGX20240209_194550_V06', 's3://noaa-nexrad-level2/2024/02/09/KCRP/KCRP20240209_194824_V06', 's3://noaa-nexrad-level2/2024/02/09/KLCH/KLCH20240209_194718_V06', 's3://noaa-nexrad-level2/2024/02/09/KGRK/KGRK20240209_194816_V06', 's3://noaa-nexrad-level2/2024/02/09/KEWX/KEWX20240209_194930_V06']"
14717,F,DH8A,ANC UA /OV SQA070045/TM 1950/FL240/TP DH8A/TB LGT CHOP,LGT CHOP,,24000.0,61.356535885238735,-154.17158443097784,2024-02-09 19:50:00,1.0,M,"('PAHG', 'PAKC', 'PAPD', 'PABC', 'PAIH')","['s3://noaa-nexrad-level2/2024/02/09/PAHG/PAHG20240209_194613_V06', 's3://noaa-nexrad-level2/2024/02/09/PAKC/PAKC20240209_194623_V06', 's3://noaa-nexrad-level2/2024/02/09/PAPD/PAPD20240209_194458_V06', 's3://noaa-nexrad-level2/2024/02/09/PABC/PABC20240209_194806_V06', 's3://noaa-nexrad-level2/2024/02/09/PAIH/PAIH20240209_194557_V06']"
14718,F,B744,ANC UA /OV TED270030/TM 1950/FL250/TP B744/SK TOP245/TB CONT LGT OCNL MOD 210-245/RM DURC,CONT LGT OCNL MOD 210-245,,25000.0,61.17,-151.0269713789432,2024-02-09 19:50:00,2.0,H,"('PAHG', 'PAIH', 'PAIH', 'PAPD', 'PAKC')","['s3://noaa-nexrad-level2/2024/02/09/PAHG/PAHG20240209_194613_V06', 's3://noaa-nexrad-level2/2024/02/09/PAIH/PAIH20240209_194557_V06', 's3://noaa-nexrad-level2/2024/02/09/PAIH/PAIH20240209_194557_V06', 's3://noaa-nexrad-level2/2024/02/09/PAPD/PAPD20240209_194458_V06', 's3://noaa-nexrad-level2/2024/02/09/PAKC/PAKC20240209_194623_V06']"
14719,F,B737,BNA UA /OV BNA045050/TM 1951/FL210/TP B737/TB CONS MOD 210-250/RM ZME,CONS MOD 210-250,,21000.0,36.70819338074425,-85.9596495733315,2024-02-09 19:51:00,3.0,M,"('KOHX', 'KLVX', 'KHPX', 'KHTX', 'KVWX')","['s3://noaa-nexrad-level2/2024/02/09/KOHX/KOHX20240209_194709_V06', 's3://noaa-nexrad-level2/2024/02/09/KLVX/KLVX20240209_194955_V06', 's3://noaa-nexrad-level2/2024/02/09/KHPX/KHPX20240209_194736_V06', 's3://noaa-nexrad-level2/2024/02/09/KHTX/KHTX20240209_195017_V06', 's3://noaa-nexrad-level2/2024/02/09/KVWX/KVWX20240209_194737_V06']"
14720,F,B738,PSK UA /OV PSK180015/TM 1951/FL240/TP B738/TB OCNL MOD/RM ZTLFD-43,OCNL MOD,,24000.0,36.88732974997975,-80.67848,2024-02-09 19:51:00,3.0,M,"('KFCX', 'KRLX', 'KRAX', 'KGSP', 'KJKL')","['s3://noaa-nexrad-level2/2024/02/09/KFCX/KFCX20240209_194447_V06', 's3://noaa-nexrad-level2/2024/02/09/KRLX/KRLX20240209_194520_V06', 's3://noaa-nexrad-level2/2024/02/09/KRAX/KRAX20240209_194912_V06', 's3://noaa-nexrad-level2/2024/02/09/KGSP/KGSP20240209_194743_V06', 's3://noaa-nexrad-level2/2024/02/09/KJKL/KJKL20240209_195018_V06']"
14721,T,C560,HWY UUA /OV CSN130015/TM 1951/FL430/TP C560/TB MOD-SEV,MOD-SEV,,43000.0,38.479290081116254,-77.62479405066001,2024-02-09 19:51:00,4.0,M,"('KLWX', 'KAKQ', 'KDOX', 'KCCX', 'KRAX')","['s3://noaa-nexrad-level2/2024/02/09/KLWX/KLWX20240209_194428_V06', 's3://noaa-nexrad-level2/2024/02/09/KAKQ/KAKQ20240209_194647_V06', 's3://noaa-nexrad-level2/2024/02/09/KDOX/KDOX20240209_194548_V06', 's3://noaa-nexrad-level2/2024/02/09/KCCX/KCCX20240209_194513_V06', 's3://noaa-nexrad-level2/2024/02/09/KRAX/KRAX20240209_194912_V06']"
14722,F,B737,BNA UA /OV BNA360040/TM 1952/FL220/TP B737/TB CONS MOD/RM ZME,CONS MOD,,22000.0,36.785610666720665,-86.68917,2024-02-09 19:52:00,3.0,M,"('KOHX', 'KHPX', 'KLVX', 'KVWX', 'KHTX')","['s3://noaa-nexrad-level2/2024/02/09/KOHX/KOHX20240209_195137_V06', 's3://noaa-nexrad-level2/2024/02/09/KHPX/KHPX20240209_194736_V06', 's3://noaa-nexrad-level2/2024/02/09/KLVX/KLVX20240209_194955_V06', 's3://noaa-nexrad-level2/2024/02/09/KVWX/KVWX20240209_194737_V06', 's3://noaa-nexrad-level2/2024/02/09/KHTX/KHTX20240209_195017_V06']"
14723,F,A320,STL UA /OV STL200010/TM 1952/FL320/TP A320/TB LGT-MOD CHOP/RM /ZKC FDC XJ,LGT-MOD CHOP,,32000.0,38.59582187733928,-90.44650048129998,2024-02-09 19:52:00,2.0,M,"('KLSX', 'KILX', 'KPAH', 'KVWX', 'KDVN')","['s3://noaa-nexrad-level2/2024/02/09/KLSX/KLSX20240209_194657_V06', 's3://noaa-nexrad-level2/2024/02/09/KILX/KILX20240209_152426_V06', 's3://noaa-nexrad-level2/2024/02/09/KPAH/KPAH20240209_194912_V06', 's3://noaa-nexrad-level2/2024/02/09/KVWX/KVWX20240209_194737_V06', 's3://noaa-nexrad-level2/2024/02/09/KDVN/KDVN20240209_194835_V06']"
14724,F,B737,CKB UA /OV CKB/TM 1952/FL370/TP B737/TB MOD TURB 340-370,MOD TURB 340-370,,37000.0,39.29664,-80.22808,2024-02-09 19:52:00,3.0,M,"('KPBZ', 'KRLX', 'KFCX', 'KCLE', 'KCCX')","['s3://noaa-nexrad-level2/2024/02/09/KPBZ/KPBZ20240209_194731_V06', 's3://noaa-nexrad-level2/2024/02/09/KRLX/KRLX20240209_194520_V06', 's3://noaa-nexrad-level2/2024/02/09/KFCX/KFCX20240209_194447_V06', 's3://noaa-nexrad-level2/2024/02/09/KCLE/KCLE20240209_194641_V06', 's3://noaa-nexrad-level2/2024/02/09/KCCX/KCCX20240209_194513_V06']"
14725,F,B737,CHA UA /OV GQO/TM 1953/FL320/TP B737/TB LGT CHOP/RM ZTLFD-06,LGT CHOP,,32000.0,34.96,-85.15,2024-02-09 19:53:00,1.0,M,"('KHTX', 'KFFC', 'KOHX', 'KMRX', 'KBMX')","['s3://noaa-nexrad-level2/2024/02/09/KHTX/KHTX20240209_195017_V06', 's3://noaa-nexrad-level2/2024/02/09/KFFC/KFFC20240209_194653_V06', 's3://noaa-nexrad-level2/2024/02/09/KOHX/KOHX20240209_195137_V06', 's3://noaa-nexrad-level2/2024/02/09/KMRX/KMRX20240209_194900_V06', 's3://noaa-nexrad-level2/2024/02/09/KBMX/KBMX20240209_194552_V06']"
14726,F,B39M,IND UA /OV VHP350015/TM 1953/FL350/TP B39M/TB LGT CHOP,LGT CHOP,,35000.0,40.05622188063,-86.42651803576545,2024-02-09 19:53:00,1.0,U,"('KIND', 'KIWX', 'KLVX', 'KVWX', 'KLOT')","['s3://noaa-nexrad-level2/2024/02/09/KIND/KIND20240209_195019_V06', 's3://noaa-nexrad-level2/2024/02/09/KIWX/KIWX20240209_195053_V06', 's3://noaa-nexrad-level2/2024/02/09/KLVX/KLVX20240209_194955_V06', 's3://noaa-nexrad-level2/2024/02/09/KVWX/KVWX20240209_194737_V06', 's3://noaa-nexrad-level2/2024/02/09/KLOT/KLOT20240209_194931_V06']"
14727,F,CL30,CVG UA /OV CVG200020/TM 1953/FL430/TP CL30/TB CONS MOD CHOP,CONS MOD CHOP,,43000.0,38.72980375467856,-84.81847049492977,2024-02-09 19:53:00,3.0,U,"('KILN', 'KLVX', 'KIND', 'KJKL', 'KIWX')","['s3://noaa-nexrad-level2/2024/02/09/KILN/KILN20240209_195143_V06', 's3://noaa-nexrad-level2/2024/02/09/KLVX/KLVX20240209_194955_V06', 's3://noaa-nexrad-level2/2024/02/09/KIND/KIND20240209_195019_V06', 's3://noaa-nexrad-level2/2024/02/09/KJKL/KJKL20240209_195018_V06', 's3://noaa-nexrad-level2/2024/02/09/KIWX/KIWX20240209_195053_V06']"
14728,F,CL35,CRQ UA /OV CRQ050020/TM 1954/FL073/TP CL35/TA -5/TB LGT RIME,LGT RIME,,7300.0,33.344279891845,-116.97505747499154,2024-02-09 19:54:00,1.0,U,"('KNKX', 'KSOX', 'KEYX', 'KVTX', 'KYUX')","['s3://noaa-nexrad-level2/2024/02/09/KNKX/KNKX20240209_194859_V06', 's3://noaa-nexrad-level2/2024/02/09/KSOX/KSOX20240209_194939_V06', 's3://noaa-nexrad-level2/2024/02/09/KEYX/KEYX20240209_194724_V06', 's3://noaa-nexrad-level2/2024/02/09/KVTX/KVTX20240209_195101_V06', 's3://noaa-nexrad-level2/2024/02/09/KYUX/KYUX20240209_195017_V06']"
14729,F,B738,MDQ UA /OV RQZ/TM 1954/FL330/TP B738/TB LGT CHOP/RM ZTLFD-06,LGT CHOP,,33000.0,34.8,-86.63,2024-02-09 19:54:00,1.0,M,"('KHTX', 'KOHX', 'KBMX', 'KGWX', 'KHPX')","['s3://noaa-nexrad-level2/2024/02/09/KHTX/KHTX20240209_195017_V06', 's3://noaa-nexrad-level2/2024/02/09/KOHX/KOHX20240209_195137_V06', 's3://noaa-nexrad-level2/2024/02/09/KBMX/KBMX20240209_194552_V06', 's3://noaa-nexrad-level2/2024/02/09/KGWX/KGWX20240209_195243_V06', 's3://noaa-nexrad-level2/2024/02/09/KHPX/KHPX20240209_195215_V06']"
14730,F,A321,WWD UA /OV SBY090005/TM 1954/FL350/TP A321/TB MOD,MOD,,35000.0,38.3405,-75.40404469298223,2024-02-09 19:54:00,3.0,M,"('KDOX', 'KDIX', 'KAKQ', 'KLWX', 'KOKX')","['s3://noaa-nexrad-level2/2024/02/09/KDOX/KDOX20240209_195232_V06', 's3://noaa-nexrad-level2/2024/02/09/KDIX/KDIX20240209_195341_V06', 's3://noaa-nexrad-level2/2024/02/09/KAKQ/KAKQ20240209_195337_V06', 's3://noaa-nexrad-level2/2024/02/09/KLWX/KLWX20240209_195115_V06', 's3://noaa-nexrad-level2/2024/02/09/KOKX/KOKX20240209_195130_V06']"
14731,F,E75L,HTS UA /OV YRK220025/TM 1955/FL280/TP E75L/TB CONS MOD CHOP,CONS MOD CHOP,,28000.0,38.320788961341286,-83.32292036942277,2024-02-09 19:55:00,3.0,U,"('KJKL', 'KILN', 'KRLX', 'KMRX', 'KLVX')","['s3://noaa-nexrad-level2/2024/02/09/KJKL/KJKL20240209_195442_V06', 's3://noaa-nexrad-level2/2024/02/09/KILN/KILN20240209_195143_V06', 's3://noaa-nexrad-level2/2024/02/09/KRLX/KRLX20240209_195203_V06', 's3://noaa-nexrad-level2/2024/02/09/KMRX/KMRX20240209_194900_V06', 's3://noaa-nexrad-level2/2024/02/09/KLVX/KLVX20240209_195425_V06']"
14732,F,B58T,LGC UA /OV LGC339014/TM 1955/FL120/TP B58T/TB NEG CHOP/RM ZTLFD-04,NEG CHOP,,12000.0,33.22671307753705,-85.1723325422073,2024-02-09 19:55:00,0.0,U,"('KFFC', 'KMXX', 'KBMX', 'KEOX', 'KJGX')","['s3://noaa-nexrad-level2/2024/02/09/KFFC/KFFC20240209_195354_V06', 's3://noaa-nexrad-level2/2024/02/09/KMXX/KMXX20240209_194927_V06', 's3://noaa-nexrad-level2/2024/02/09/KBMX/KBMX20240209_195412_V06', 's3://noaa-nexrad-level2/2024/02/09/KEOX/KEOX20240209_195131_V06', 's3://noaa-nexrad-level2/2024/02/09/KJGX/KJGX20240209_195346_V06']"
14733,F,B763,MDQ UA /OV RQZ030015/TM 1955/FL350/TP B763/TB INTMT LGT CHOP/RM ZTLFD-02,INTMT LGT CHOP,,35000.0,35.01652388797807,-86.47776198573946,2024-02-09 19:55:00,1.0,H,"('KHTX', 'KOHX', 'KBMX', 'KHPX', 'KGWX')","['s3://noaa-nexrad-level2/2024/02/09/KHTX/KHTX20240209_195437_V06', 's3://noaa-nexrad-level2/2024/02/09/KOHX/KOHX20240209_195137_V06', 's3://noaa-nexrad-level2/2024/02/09/KBMX/KBMX20240209_195412_V06', 's3://noaa-nexrad-level2/2024/02/09/KHPX/KHPX20240209_195215_V06', 's3://noaa-nexrad-level2/2024/02/09/KGWX/KGWX20240209_195243_V06']"
14734,F,C68A,MKC UA /OV ANX020030/TM 1955/FL380/TP C68A/TB MOD CHOP/RM /ZKC FDC XJ,MOD CHOP,,38000.0,39.56988436798216,-93.9096215252913,2024-02-09 19:55:00,3.0,U,"('KEAX', 'KDMX', 'KSGF', 'KTWX', 'KOAX')","['s3://noaa-nexrad-level2/2024/02/09/KEAX/KEAX20240209_195108_V06', 's3://noaa-nexrad-level2/2024/02/09/KDMX/KDMX20240209_195039_V06', 's3://noaa-nexrad-level2/2024/02/09/KSGF/KSGF20240209_195429_V06', 's3://noaa-nexrad-level2/2024/02/09/KTWX/KTWX20240209_195449_V06', 's3://noaa-nexrad-level2/2024/02/09/KOAX/KOAX20240209_195205_V06']"
14735,T,F2TH,PWK UUA /OV PWK/TM 1955/FL017/TP F2TH/SK SKC/WX 10SM/TB LGT-MOD BLO 040/RM DURD LLWS +/- 10KTS,LGT-MOD BLO 040,,1700.0,42.12083,-87.90472,2024-02-09 19:55:00,2.0,M,"('KLOT', 'KMKX', 'KIWX', 'KGRB', 'KILX')","['s3://noaa-nexrad-level2/2024/02/09/KLOT/KLOT20240209_194931_V06', 's3://noaa-nexrad-level2/2024/02/09/KMKX/KMKX20240209_195330_V06', 's3://noaa-nexrad-level2/2024/02/09/KIWX/KIWX20240209_195053_V06', 's3://noaa-nexrad-level2/2024/02/09/KGRB/KGRB20240209_195134_V06', 's3://noaa-nexrad-level2/2024/02/09/KILX/KILX20240209_152426_V06']"
14736,F,C182,TUS UA /OV TUS 200/006/TM 1955/FL055/TP C182/TB MOD CHOP,MOD CHOP,,5500.0,32.12027,-110.93798,2024-02-09 19:55:00,3.0,L,"('KEMX', 'KIWA', 'KFSX', 'KFSX', 'KYUX')","['s3://noaa-nexrad-level2/2024/02/09/KEMX/KEMX20240209_194929_V06', 's3://noaa-nexrad-level2/2024/02/09/KIWA/KIWA20240209_195254_V06', 's3://noaa-nexrad-level2/2024/02/09/KFSX/KFSX20240209_194817_V06', 's3://noaa-nexrad-level2/2024/02/09/KFSX/KFSX20240209_194817_V06', 's3://noaa-nexrad-level2/2024/02/09/KYUX/KYUX20240209_195017_V06']"
14737,F,CL30,SRQ UA /OV SRQ275060/TM 1956/FL330/TP CL30/TB LGT CHOP,LGT CHOP,,33000.0,27.48855280236988,-83.68078915510904,2024-02-09 19:56:00,1.0,U,"('KTBW', 'KTLH', 'KMLB', 'KVAX', 'KBYX')","['s3://noaa-nexrad-level2/2024/02/09/KTBW/KTBW20240209_195501_V06', 's3://noaa-nexrad-level2/2024/02/09/KTLH/KTLH20240209_195227_V06', 's3://noaa-nexrad-level2/2024/02/09/KMLB/KMLB20240209_195552_V06', 's3://noaa-nexrad-level2/2024/02/09/KVAX/KVAX20240209_195559_V06', 's3://noaa-nexrad-level2/2024/02/09/KBYX/KBYX20240209_195352_V06']"
14738,F,A321,MLB UA /OV MLB/TM 1956/FL380/TP A321/TB OCNL LGT CHOP,OCNL LGT CHOP,,38000.0,28.10275,-80.64526,2024-02-09 19:56:00,1.0,M,"('KMLB', 'KTBW', 'KAMX', 'KAMX', 'KJAX')","['s3://noaa-nexrad-level2/2024/02/09/KMLB/KMLB20240209_195552_V06', 's3://noaa-nexrad-level2/2024/02/09/KTBW/KTBW20240209_195501_V06', 's3://noaa-nexrad-level2/2024/02/09/KAMX/KAMX20240209_195044_V06', 's3://noaa-nexrad-level2/2024/02/09/KAMX/KAMX20240209_195044_V06', 's3://noaa-nexrad-level2/2024/02/09/KJAX/KJAX20240209_195151_V06']"
14739,F,B350,DNL UA /OV IRQ170040/TM 1957/FL160/TP B350/TB CONS MOD CHOP/RM ZTLFD-19,CONS MOD CHOP,,16000.0,33.05340831832002,-82.02082368592846,2024-02-09 19:57:00,3.0,M,"('KCLX', 'KCAE', 'KJGX', 'KGSP', 'KVAX')","['s3://noaa-nexrad-level2/2024/02/09/KCLX/KCLX20240209_195312_V06', 's3://noaa-nexrad-level2/2024/02/09/KCAE/KCAE20240209_195112_V06', 's3://noaa-nexrad-level2/2024/02/09/KJGX/KJGX20240209_195346_V06', 's3://noaa-nexrad-level2/2024/02/09/KGSP/KGSP20240209_195413_V06', 's3://noaa-nexrad-level2/2024/02/09/KVAX/KVAX20240209_195559_V06']"
14740,F,B737,SRQ UA /OV SRQ285155/TM 1958/FL430/TP B737/TB NEG/IC NEG,NEG,,43000.0,28.07006002445419,-85.36948929910537,2024-02-09 19:58:00,0.0,M,"('KTLH', 'KEVX', 'KTBW', 'KEOX', 'KVAX')","['s3://noaa-nexrad-level2/2024/02/09/KTLH/KTLH20240209_195227_V06', 's3://noaa-nexrad-level2/2024/02/09/KEVX/KEVX20240209_195108_V06', 's3://noaa-nexrad-level2/2024/02/09/KTBW/KTBW20240209_195501_V06', 's3://noaa-nexrad-level2/2024/02/09/KEOX/KEOX20240209_195131_V06', 's3://noaa-nexrad-level2/2024/02/09/KVAX/KVAX20240209_195559_V06']"
14741,F,E75L,LGC UA /OV LGC330030/TM 1958/FL340/TP E75L/TB OCNL LGT CHOP/RM ZTLFD-02,OCNL LGT CHOP,,34000.0,33.441907775956146,-85.37075491243417,2024-02-09 19:58:00,1.0,U,"('KFFC', 'KMXX', 'KBMX', 'KHTX', 'KEOX')","['s3://noaa-nexrad-level2/2024/02/09/KFFC/KFFC20240209_195354_V06', 's3://noaa-nexrad-level2/2024/02/09/KMXX/KMXX20240209_195752_V06', 's3://noaa-nexrad-level2/2024/02/09/KBMX/KBMX20240209_195412_V06', 's3://noaa-nexrad-level2/2024/02/09/KHTX/KHTX20240209_195437_V06', 's3://noaa-nexrad-level2/2024/02/09/KEOX/KEOX20240209_195131_V06']"
14742,F,B738,VJI UA /OV GZG160040/TM 1959/FL240/TP B738/TB LGT CHOP OCNL MOD/RM ZTLFD-43,LGT CHOP OCNL MOD,,24000.0,36.20348750935712,-81.79510884538801,2024-02-09 19:59:00,2.0,M,"('KGSP', 'KMRX', 'KFCX', 'KJKL', 'KRLX')","['s3://noaa-nexrad-level2/2024/02/09/KGSP/KGSP20240209_195413_V06', 's3://noaa-nexrad-level2/2024/02/09/KMRX/KMRX20240209_195507_V06', 's3://noaa-nexrad-level2/2024/02/09/KFCX/KFCX20240209_195259_V06', 's3://noaa-nexrad-level2/2024/02/09/KJKL/KJKL20240209_195442_V06', 's3://noaa-nexrad-level2/2024/02/09/KRLX/KRLX20240209_195841_V06']"
14743,F,CL30,CVG UA /OV CVG270030/TM 1959/FL450/TP CL30/TB MOD CHOP /RM MTN WAVE+/-400FT,MOD CHOP,,45000.0,39.04306,-85.31549389953263,2024-02-09 19:59:00,3.0,U,"('KIND', 'KLVX', 'KILN', 'KIWX', 'KJKL')","['s3://noaa-nexrad-level2/2024/02/09/KIND/KIND20240209_195717_V06', 's3://noaa-nexrad-level2/2024/02/09/KLVX/KLVX20240209_195851_V06', 's3://noaa-nexrad-level2/2024/02/09/KILN/KILN20240209_195828_V06', 's3://noaa-nexrad-level2/2024/02/09/KIWX/KIWX20240209_195751_V06', 's3://noaa-nexrad-level2/2024/02/09/KJKL/KJKL20240209_195442_V06']"
14744,F,P28A,HSV UA /OV HSV/TM 2000/FL040/TP P28A/TB MOD CHOP,MOD CHOP,,4000.0,34.64389,-86.78611,2024-02-09 20:00:00,3.0,L,"('KHTX', 'KBMX', 'KOHX', 'KGWX', 'KHPX')","['s3://noaa-nexrad-level2/2024/02/09/KHTX/KHTX20240209_195859_V06', 's3://noaa-nexrad-level2/2024/02/09/KBMX/KBMX20240209_195412_V06', 's3://noaa-nexrad-level2/2024/02/09/KOHX/KOHX20240209_195556_V06', 's3://noaa-nexrad-level2/2024/02/09/KGWX/KGWX20240209_195819_V06', 's3://noaa-nexrad-level2/2024/02/09/KHPX/KHPX20240209_195700_V06']"
14745,F,B789,TIP UA /OV RBS260050/TM 2000/FL210/TP B789/TB OCNL LGT CHOP /IC NEG,OCNL LGT CHOP,,21000.0,40.43528146401384,-89.24063371302168,2024-02-09 20:00:00,1.0,U,"('KILX', 'KLOT', 'KDVN', 'KLSX', 'KMKX')","['s3://noaa-nexrad-level2/2024/02/09/KILX/KILX20240209_152426_V06', 's3://noaa-nexrad-level2/2024/02/09/KLOT/KLOT20240209_195625_V06', 's3://noaa-nexrad-level2/2024/02/09/KDVN/KDVN20240209_195518_V06', 's3://noaa-nexrad-level2/2024/02/09/KLSX/KLSX20240209_195402_V06', 's3://noaa-nexrad-level2/2024/02/09/KMKX/KMKX20240209_195330_V06']"
14746,F,C750,CSV UA /OV HCH100020/TM 2000/FL230/TP C750/TB LGT-MOD CHOP/RM ZTLFD-39,LGT-MOD CHOP,,23000.0,35.72211258560554,-84.57532995544457,2024-02-09 20:00:00,2.0,M,"('KMRX', 'KHTX', 'KOHX', 'KJKL', 'KFFC')","['s3://noaa-nexrad-level2/2024/02/09/KMRX/KMRX20240209_195507_V06', 's3://noaa-nexrad-level2/2024/02/09/KHTX/KHTX20240209_195859_V06', 's3://noaa-nexrad-level2/2024/02/09/KOHX/KOHX20240209_195556_V06', 's3://noaa-nexrad-level2/2024/02/09/KJKL/KJKL20240209_195905_V06', 's3://noaa-nexrad-level2/2024/02/09/KFFC/KFFC20240209_195354_V06']"
14747,F,H25B,FYV UA /OV RZC315040/TM 2000/FL410/TP H25B/TB MOD/RM ZME,MOD,,41000.0,36.7214427045954,-94.70459403423452,2024-02-09 20:00:00,3.0,M,"('KINX', 'KSGF', 'KSRX', 'KEAX', 'KTWX')","['s3://noaa-nexrad-level2/2024/02/09/KINX/KINX20240209_195701_V06', 's3://noaa-nexrad-level2/2024/02/09/KSGF/KSGF20240209_195429_V06', 's3://noaa-nexrad-level2/2024/02/09/KSRX/KSRX20240209_195233_V06', 's3://noaa-nexrad-level2/2024/02/09/KEAX/KEAX20240209_195754_V06', 's3://noaa-nexrad-level2/2024/02/09/KTWX/KTWX20240209_195449_V06']"
14748,F,CL30,HTS UA /OV ECB170010/TM 2000/FL340/TP CL30/TB CONS LGT CHOP OCNL MOD CHO P,CONS LGT CHOP OCNL MOD CHO P,,34000.0,37.99585207958,-82.87318945311381,2024-02-09 20:00:00,2.0,U,"('KJKL', 'KRLX', 'KILN', 'KMRX', 'KFCX')","['s3://noaa-nexrad-level2/2024/02/09/KJKL/KJKL20240209_195905_V06', 's3://noaa-nexrad-level2/2024/02/09/KRLX/KRLX20240209_195841_V06', 's3://noaa-nexrad-level2/2024/02/09/KILN/KILN20240209_195828_V06', 's3://noaa-nexrad-level2/2024/02/09/KMRX/KMRX20240209_195507_V06', 's3://noaa-nexrad-level2/2024/02/09/KFCX/KFCX20240209_195259_V06']"
14749,F,P212,HVR UA /OV KHVR/TM 2001/FL090/TP P212/TB NEG/IC NEG /ZLC,NEG,,9000.0,48.5428,-109.7633,2024-02-09 20:01:00,0.0,U,"('KTFX', 'KBLX', 'KGGW', 'KMSX', 'KRIW')","['s3://noaa-nexrad-level2/2024/02/09/KTFX/KTFX20240209_195807_V06', 's3://noaa-nexrad-level2/2024/02/09/KBLX/KBLX20240209_195453_V06', 's3://noaa-nexrad-level2/2024/02/09/KGGW/KGGW20240209_195702_V06', 's3://noaa-nexrad-level2/2024/02/09/KMSX/KMSX20240209_195617_V06', 's3://noaa-nexrad-level2/2024/02/09/KRIW/KRIW20240209_195914_V06']"
14750,F,CRJ9,LOZ UA /OV LVT/TM 2001/FL200/TP CRJ9/TB LGT-MOD CHOP,LGT-MOD CHOP,,20000.0,36.58,-85.17,2024-02-09 20:01:00,2.0,U,"('KOHX', 'KLVX', 'KMRX', 'KHTX', 'KJKL')","['s3://noaa-nexrad-level2/2024/02/09/KOHX/KOHX20240209_200014_V06', 's3://noaa-nexrad-level2/2024/02/09/KLVX/KLVX20240209_195851_V06', 's3://noaa-nexrad-level2/2024/02/09/KMRX/KMRX20240209_195507_V06', 's3://noaa-nexrad-level2/2024/02/09/KHTX/KHTX20240209_195859_V06', 's3://noaa-nexrad-level2/2024/02/09/KJKL/KJKL20240209_195905_V06']"
14751,F,B738,PHP UA /OV PHP/TM 2001/FL370/TP B738/TB NEG,NEG,,37000.0,44.05,-101.6,2024-02-09 20:01:00,0.0,M,"('KUDX', 'KLNX', 'KBIS', 'KABR', 'KCYS')","['s3://noaa-nexrad-level2/2024/02/09/KUDX/KUDX20240209_200054_V06', 's3://noaa-nexrad-level2/2024/02/09/KLNX/KLNX20240209_195810_V06', 's3://noaa-nexrad-level2/2024/02/09/KBIS/KBIS20240209_195750_V06', 's3://noaa-nexrad-level2/2024/02/09/KABR/KABR20240209_195757_V06', 's3://noaa-nexrad-level2/2024/02/09/KCYS/KCYS20240209_195855_V06']"
14752,T,B777,ORF UUA /OV ORF/TM 2003/FL280/TP B777/TB MOD-SEV,MOD-SEV,,28000.0,36.90333,-76.19222,2024-02-09 20:03:00,4.0,H,"('KAKQ', 'KDOX', 'KMHX', 'KLWX', 'KRAX')","['s3://noaa-nexrad-level2/2024/02/09/KAKQ/KAKQ20240209_200023_V06', 's3://noaa-nexrad-level2/2024/02/09/KDOX/KDOX20240209_195923_V06', 's3://noaa-nexrad-level2/2024/02/09/KMHX/KMHX20240209_200156_V06', 's3://noaa-nexrad-level2/2024/02/09/KLWX/KLWX20240209_195810_V06', 's3://noaa-nexrad-level2/2024/02/09/KRAX/KRAX20240209_195744_V06']"
14753,F,GA5C,HUT UA /OV HUT230040/TM 2003/FL490/TP GA5C/TB CONS LGT OCNL MOD/RM /ZKC FDC XJ,CONS LGT OCNL MOD,,49000.0,37.63694021631001,-98.50935522526083,2024-02-09 20:03:00,2.0,U,"('KVNX', 'KICT', 'KDDC', 'KTLX', 'KOUN')","['s3://noaa-nexrad-level2/2024/02/09/KVNX/KVNX20240209_195742_V06', 's3://noaa-nexrad-level2/2024/02/09/KICT/KICT20240209_195628_V06', 's3://noaa-nexrad-level2/2024/02/09/KDDC/KDDC20240209_200228_V06', 's3://noaa-nexrad-level2/2024/02/09/KTLX/KTLX20240209_200136_V06']"
14754,F,SF34,LNY UA /OV LNY/TM 2003/FL030/TP SF34/SK SCT030/WX 10/TB NONE,NONE,,3000.0,20.78,-156.95,2024-02-09 20:03:00,0.0,M,"('PHMO', 'PHKM', 'PHWA', 'PHKI', 'PAKC')","['s3://noaa-nexrad-level2/2024/02/09/PHMO/PHMO20240209_200059_V06', 's3://noaa-nexrad-level2/2024/02/09/PHKM/PHKM20240209_200051_V06', 's3://noaa-nexrad-level2/2024/02/09/PHWA/PHWA20240209_200143_V06', 's3://noaa-nexrad-level2/2024/02/09/PHKI/PHKI20240209_200046_V06', 's3://noaa-nexrad-level2/2024/02/09/PAKC/PAKC20240209_200023_V06']"
14755,F,BCS3,WWD UA /OV SIE145045/TM 2003/FL330/TP BCS3/TB LGT-MOD OCNL CAT,LGT-MOD OCNL CAT,,33000.0,38.4855862032468,-74.24562958071945,2024-02-09 20:03:00,2.0,U,"('KDOX', 'KDIX', 'KOKX', 'KAKQ', 'KLWX')","['s3://noaa-nexrad-level2/2024/02/09/KDOX/KDOX20240209_195923_V06', 's3://noaa-nexrad-level2/2024/02/09/KDIX/KDIX20240209_200027_V06', 's3://noaa-nexrad-level2/2024/02/09/KOKX/KOKX20240209_195823_V06', 's3://noaa-nexrad-level2/2024/02/09/KAKQ/KAKQ20240209_200023_V06', 's3://noaa-nexrad-level2/2024/02/09/KLWX/KLWX20240209_195810_V06']"
14756,F,B737,CGI UA /OV MAW090030/TM 2004/FL360/TP B737/TB OCNL MOD/RM ZME,OCNL MOD,,36000.0,36.6005,-89.36933894342705,2024-02-09 20:04:00,3.0,M,"('KPAH', 'KNQA', 'KHPX', 'KVWX', 'KLSX')","['s3://noaa-nexrad-level2/2024/02/09/KPAH/KPAH20240209_200008_V06', 's3://noaa-nexrad-level2/2024/02/09/KNQA/KNQA20240209_200319_V06', 's3://noaa-nexrad-level2/2024/02/09/KHPX/KHPX20240209_200145_V06', 's3://noaa-nexrad-level2/2024/02/09/KVWX/KVWX20240209_200134_V06', 's3://noaa-nexrad-level2/2024/02/09/KLSX/KLSX20240209_200108_V06']"
14757,F,FA20,ARG UA /OV ARG360015/TM 2004/FL240/TP FA20/TB MOD/RM ZME,MOD,,24000.0,36.37469025002025,-90.92511,2024-02-09 20:04:00,3.0,M,"('KNQA', 'KLZK', 'KPAH', 'KLSX', 'KSGF')","['s3://noaa-nexrad-level2/2024/02/09/KNQA/KNQA20240209_200319_V06', 's3://noaa-nexrad-level2/2024/02/09/KLZK/KLZK20240209_200150_V06', 's3://noaa-nexrad-level2/2024/02/09/KPAH/KPAH20240209_200008_V06', 's3://noaa-nexrad-level2/2024/02/09/KLSX/KLSX20240209_200108_V06', 's3://noaa-nexrad-level2/2024/02/09/KSGF/KSGF20240209_195429_V06']"
14758,F,A319,ATL UA /OV ATL020040/TM 2004/FL200/TP A319/TB LGT CHOP/RM ZTLFD-38,LGT CHOP,,20000.0,34.25661249064287,-84.16793070976512,2024-02-09 20:04:00,1.0,M,"('KFFC', 'KJGX', 'KHTX', 'KGSP', 'KMRX')","['s3://noaa-nexrad-level2/2024/02/09/KFFC/KFFC20240209_200054_V06', 's3://noaa-nexrad-level2/2024/02/09/KJGX/KJGX20240209_200027_V06', 's3://noaa-nexrad-level2/2024/02/09/KHTX/KHTX20240209_200318_V06', 's3://noaa-nexrad-level2/2024/02/09/KGSP/KGSP20240209_200042_V06', 's3://noaa-nexrad-level2/2024/02/09/KMRX/KMRX20240209_200114_V06']"
14759,F,C182,OGD UA /OV OGD260008 /TM 2004 /FL050 /TP C182 /SK BKN090 /TB NEG,NEG,,5000.0,41.17251503424222,-112.18745760704148,2024-02-09 20:04:00,0.0,L,"('KMTX', 'KSFX', 'KICX', 'KRIW', 'KGJX')","['s3://noaa-nexrad-level2/2024/02/09/KMTX/KMTX20240209_200337_V06', 's3://noaa-nexrad-level2/2024/02/09/KSFX/KSFX20240209_200213_V06', 's3://noaa-nexrad-level2/2024/02/09/KICX/KICX20240209_200327_V06', 's3://noaa-nexrad-level2/2024/02/09/KRIW/KRIW20240209_195914_V06', 's3://noaa-nexrad-level2/2024/02/09/KGJX/KGJX20240209_200344_V06']"
14760,F,B737,NHK UA /OV PXT240010/TM 2004/FL370/TP B737/TB MOD,MOD,,37000.0,38.20665991665992,-76.58391145838166,2024-02-09 20:04:00,3.0,M,"('KLWX', 'KAKQ', 'KDOX', 'KDIX', 'KCCX')","['s3://noaa-nexrad-level2/2024/02/09/KLWX/KLWX20240209_195810_V06', 's3://noaa-nexrad-level2/2024/02/09/KAKQ/KAKQ20240209_200023_V06', 's3://noaa-nexrad-level2/2024/02/09/KDOX/KDOX20240209_195923_V06', 's3://noaa-nexrad-level2/2024/02/09/KDIX/KDIX20240209_200027_V06', 's3://noaa-nexrad-level2/2024/02/09/KCCX/KCCX20240209_195859_V06']"
14761,F,B737,BWG UA /OV BWG120025/TM 2004/FL390/TP B737/TB CONS LGT,CONS LGT,,39000.0,36.75617979164979,-85.96801847454846,2024-02-09 20:04:00,1.0,M,"('KOHX', 'KLVX', 'KHPX', 'KHTX', 'KVWX')","['s3://noaa-nexrad-level2/2024/02/09/KOHX/KOHX20240209_200014_V06', 's3://noaa-nexrad-level2/2024/02/09/KLVX/KLVX20240209_200318_V06', 's3://noaa-nexrad-level2/2024/02/09/KHPX/KHPX20240209_200145_V06', 's3://noaa-nexrad-level2/2024/02/09/KHTX/KHTX20240209_200318_V06', 's3://noaa-nexrad-level2/2024/02/09/KVWX/KVWX20240209_200134_V06']"
14762,F,GLF4,LBL UA /OV LBL290030/TM 2004/FL390/TP GLF4/TB CONS LGT OCNL MOD CHOP/RM /ZKC FDC XJ,CONS LGT OCNL MOD CHOP,,39000.0,37.215243923492494,-101.54856152551896,2024-02-09 20:04:00,2.0,M,"('KDDC', 'KAMA', 'KGLD', 'KPUX', 'KFDX')","['s3://noaa-nexrad-level2/2024/02/09/KDDC/KDDC20240209_200228_V06', 's3://noaa-nexrad-level2/2024/02/09/KAMA/KAMA20240209_200107_V06', 's3://noaa-nexrad-level2/2024/02/09/KGLD/KGLD20240209_195945_V06', 's3://noaa-nexrad-level2/2024/02/09/KPUX/KPUX20240209_200112_V06', 's3://noaa-nexrad-level2/2024/02/09/KFDX/KFDX20240209_200105_V06']"
14763,F,B738,AMA UA /OV PNH320035/TM 2005/FL270/TP B738/TB NEG/RM ZAB/FDCS,NEG,,27000.0,35.68689545412221,-102.15912869073576,2024-02-09 20:05:00,0.0,M,"('KAMA', 'KFDX', 'KLBB', 'KDDC', 'KPUX')","['s3://noaa-nexrad-level2/2024/02/09/KAMA/KAMA20240209_200107_V06', 's3://noaa-nexrad-level2/2024/02/09/KFDX/KFDX20240209_200105_V06', 's3://noaa-nexrad-level2/2024/02/09/KLBB/KLBB20240209_200257_V06', 's3://noaa-nexrad-level2/2024/02/09/KDDC/KDDC20240209_200228_V06', 's3://noaa-nexrad-level2/2024/02/09/KPUX/KPUX20240209_200112_V06']"
14764,F,A319,RDU UA /OV LIB285030/TM 2005/FL180/TP A319/TB LGT MOD,LGT MOD,,18000.0,35.93942000473307,-80.20559166095782,2024-02-09 20:05:00,2.0,M,"('KFCX', 'KRAX', 'KCAE', 'KGSP', 'KLTX')","['s3://noaa-nexrad-level2/2024/02/09/KFCX/KFCX20240209_200110_V06', 's3://noaa-nexrad-level2/2024/02/09/KRAX/KRAX20240209_195744_V06', 's3://noaa-nexrad-level2/2024/02/09/KCAE/KCAE20240209_200052_V06', 's3://noaa-nexrad-level2/2024/02/09/KGSP/KGSP20240209_200042_V06', 's3://noaa-nexrad-level2/2024/02/09/KLTX/KLTX20240209_200403_V06']"
14765,F,B738,FMN UA /OV RSK121046/TM 2006/FL240/TP B738/TB NEG/IC NEG/RM ZDV,NEG,,24000.0,36.355105492005855,-107.27976698901404,2024-02-09 20:06:00,0.0,M,"('KABX', 'KGJX', 'KHDX', 'KPUX', 'KFDX')","['s3://noaa-nexrad-level2/2024/02/09/KGJX/KGJX20240209_200344_V06', 's3://noaa-nexrad-level2/2024/02/09/KHDX/KHDX20240209_200545_V06', 's3://noaa-nexrad-level2/2024/02/09/KPUX/KPUX20240209_200112_V06', 's3://noaa-nexrad-level2/2024/02/09/KFDX/KFDX20240209_200105_V06']"
14766,F,A321,SSI UA /OV SSI/TM 2006/FL390/TP A321/TB LGT CHOP,LGT CHOP,,39000.0,31.15222,-81.39083,2024-02-09 20:06:00,1.0,M,"('KJAX', 'KCLX', 'KVAX', 'KJGX', 'KCAE')","['s3://noaa-nexrad-level2/2024/02/09/KJAX/KJAX20240209_200544_V06', 's3://noaa-nexrad-level2/2024/02/09/KCLX/KCLX20240209_200146_V06', 's3://noaa-nexrad-level2/2024/02/09/KVAX/KVAX20240209_200253_V06', 's3://noaa-nexrad-level2/2024/02/09/KJGX/KJGX20240209_200027_V06', 's3://noaa-nexrad-level2/2024/02/09/KCAE/KCAE20240209_200052_V06']"
14767,F,E170,PSK UA /OV PSK150030/TM 2007/FL260/TP E170/TB OCNL MOD LGT CHOP/RM ZTLFD-43,OCNL MOD LGT CHOP,,26000.0,36.70430222404385,-80.36485328528916,2024-02-09 20:07:00,2.0,U,"('KFCX', 'KRLX', 'KRAX', 'KGSP', 'KCAE')","['s3://noaa-nexrad-level2/2024/02/09/KFCX/KFCX20240209_200642_V06', 's3://noaa-nexrad-level2/2024/02/09/KRLX/KRLX20240209_200524_V06', 's3://noaa-nexrad-level2/2024/02/09/KRAX/KRAX20240209_200604_V06', 's3://noaa-nexrad-level2/2024/02/09/KGSP/KGSP20240209_200649_V06', 's3://noaa-nexrad-level2/2024/02/09/KCAE/KCAE20240209_200052_V06']"
14768,F,B7338,ANC UA /OV TED350016/TM 2007/FL100/TP B7338/TB LGT OCNL MOD 040-090/RM DURC RY33,LGT OCNL MOD 040-090,,10000.0,61.432636672672,-150.08603636813135,2024-02-09 20:07:00,2.0,U,"('PAHG', 'PAIH', 'PAIH', 'PAPD', 'PAKC')","['s3://noaa-nexrad-level2/2024/02/09/PAHG/PAHG20240209_200408_V06', 's3://noaa-nexrad-level2/2024/02/09/PAIH/PAIH20240209_200433_V06', 's3://noaa-nexrad-level2/2024/02/09/PAIH/PAIH20240209_200433_V06', 's3://noaa-nexrad-level2/2024/02/09/PAPD/PAPD20240209_200516_V06', 's3://noaa-nexrad-level2/2024/02/09/PAKC/PAKC20240209_200023_V06']"
14769,F,PC12,MYGF UA /OV ZFP090060/TM 2007/FL100/TP PC12/SK TOP 040/TB NEG,NEG,,10000.0,26.5,-77.66250910570609,2024-02-09 20:07:00,0.0,L,"('KAMX', 'KAMX', 'KMLB', 'KBYX', 'KTBW')","['s3://noaa-nexrad-level2/2024/02/09/KAMX/KAMX20240209_195920_V06', 's3://noaa-nexrad-level2/2024/02/09/KAMX/KAMX20240209_195920_V06', 's3://noaa-nexrad-level2/2024/02/09/KMLB/KMLB20240209_200503_V06', 's3://noaa-nexrad-level2/2024/02/09/KBYX/KBYX20240209_200100_V06', 's3://noaa-nexrad-level2/2024/02/09/KTBW/KTBW20240209_200345_V06']"
14770,F,B734,DAY UA /OV RID/TM 2007/FL350/TP B734/TB CONS LGT OCNL MOD CHOP,CONS LGT OCNL MOD CHOP,,35000.0,39.7572,-84.8428,2024-02-09 20:07:00,2.0,M,"('KILN', 'KIND', 'KIWX', 'KLVX', 'KJKL')","['s3://noaa-nexrad-level2/2024/02/09/KILN/KILN20240209_200527_V06', 's3://noaa-nexrad-level2/2024/02/09/KIND/KIND20240209_200411_V06', 's3://noaa-nexrad-level2/2024/02/09/KIWX/KIWX20240209_200450_V06', 's3://noaa-nexrad-level2/2024/02/09/KLVX/KLVX20240209_200318_V06', 's3://noaa-nexrad-level2/2024/02/09/KJKL/KJKL20240209_200328_V06']"
14771,F,P28B,PKB UA /OV JPU/TM 2007/FL037/TP P28B/SK SCT/TA 08/TB LGT CHOP /IC NEG,LGT CHOP,,3700.0,39.44,-81.37,2024-02-09 20:07:00,1.0,L,"('KRLX', 'KPBZ', 'KCLE', 'KILN', 'KFCX')","['s3://noaa-nexrad-level2/2024/02/09/KRLX/KRLX20240209_200524_V06', 's3://noaa-nexrad-level2/2024/02/09/KPBZ/KPBZ20240209_200057_V06', 's3://noaa-nexrad-level2/2024/02/09/KCLE/KCLE20240209_200429_V06', 's3://noaa-nexrad-level2/2024/02/09/KILN/KILN20240209_200527_V06', 's3://noaa-nexrad-level2/2024/02/09/KFCX/KFCX20240209_200642_V06']"
14772,F,B738,SPI UA /OV SPI180030/TM 2007/FL400/TP B738/TB CONS LGT OCNL MOD CHOP/RM /ZKC FDC XJ,CONS LGT OCNL MOD CHOP,,40000.0,39.34465949995951,-89.6839,2024-02-09 20:07:00,2.0,M,"('KILX', 'KLSX', 'KVWX', 'KDVN', 'KPAH')","['s3://noaa-nexrad-level2/2024/02/09/KILX/KILX20240209_152426_V06', 's3://noaa-nexrad-level2/2024/02/09/KLSX/KLSX20240209_200108_V06', 's3://noaa-nexrad-level2/2024/02/09/KVWX/KVWX20240209_200134_V06', 's3://noaa-nexrad-level2/2024/02/09/KDVN/KDVN20240209_200209_V06', 's3://noaa-nexrad-level2/2024/02/09/KPAH/KPAH20240209_200536_V06']"
14773,F,C208,ANC UA /OV TED180009/TM 2008/FL015/TP C208/TB MOD/RM DURC MOD OVER TURNAGAIN BUT NOT AS BAD AS EARLIER,MOD,,1500.0,61.01998784998785,-149.99,2024-02-09 20:08:00,3.0,L,"('PAHG', 'PAIH', 'PAIH', 'PAPD', 'PAKC')","['s3://noaa-nexrad-level2/2024/02/09/PAHG/PAHG20240209_200408_V06', 's3://noaa-nexrad-level2/2024/02/09/PAIH/PAIH20240209_200433_V06', 's3://noaa-nexrad-level2/2024/02/09/PAIH/PAIH20240209_200433_V06', 's3://noaa-nexrad-level2/2024/02/09/PAPD/PAPD20240209_200516_V06', 's3://noaa-nexrad-level2/2024/02/09/PAKC/PAKC20240209_200724_V06']"
14774,T,A21N,LOZ UUA /OV LVT330045/TM 2008/FL270/TP A21N/TB MOD-SEV,MOD-SEV,,27000.0,37.229571663934216,-85.63702172297673,2024-02-09 20:08:00,4.0,U,"('KLVX', 'KOHX', 'KHPX', 'KVWX', 'KHTX')","['s3://noaa-nexrad-level2/2024/02/09/KLVX/KLVX20240209_200744_V06', 's3://noaa-nexrad-level2/2024/02/09/KOHX/KOHX20240209_200432_V06', 's3://noaa-nexrad-level2/2024/02/09/KHPX/KHPX20240209_200631_V06', 's3://noaa-nexrad-level2/2024/02/09/KVWX/KVWX20240209_200134_V06', 's3://noaa-nexrad-level2/2024/02/09/KHTX/KHTX20240209_200738_V06']"
14775,F,C700,PGA UA /OV TBC033044/TM 2008/FL230/TP C700/SK SKC/TB NEG/IC NEG/RM ZDV,NEG,,23000.0,36.73507490024153,-110.7755185193746,2024-02-09 20:08:00,0.0,U,"('KFSX', 'KFSX', 'KICX', 'KGJX', 'KIWA')","['s3://noaa-nexrad-level2/2024/02/09/KFSX/KFSX20240209_200724_V06', 's3://noaa-nexrad-level2/2024/02/09/KFSX/KFSX20240209_200724_V06', 's3://noaa-nexrad-level2/2024/02/09/KICX/KICX20240209_200327_V06', 's3://noaa-nexrad-level2/2024/02/09/KGJX/KGJX20240209_200344_V06', 's3://noaa-nexrad-level2/2024/02/09/KIWA/KIWA20240209_200137_V06']"
14776,F,A320,BHM UA /OV VUZ270020/TM 2009/FL340/TP A320/TB LGT OCNL/RM ZTLFD-03,LGT OCNL,,34000.0,33.67,-87.30055575467546,2024-02-09 20:09:00,1.0,M,"('KBMX', 'KGWX', 'KHTX', 'KMXX', 'KOHX')","['s3://noaa-nexrad-level2/2024/02/09/KBMX/KBMX20240209_200231_V06', 's3://noaa-nexrad-level2/2024/02/09/KGWX/KGWX20240209_200345_V06', 's3://noaa-nexrad-level2/2024/02/09/KHTX/KHTX20240209_200738_V06', 's3://noaa-nexrad-level2/2024/02/09/KMXX/KMXX20240209_200625_V06', 's3://noaa-nexrad-level2/2024/02/09/KOHX/KOHX20240209_200851_V06']"
14777,F,C560,MIE UA /OV MIE/TM 2010/FL410/TP C560/TB NEG,NEG,,41000.0,40.24247,-85.39575,2024-02-09 20:10:00,0.0,M,"('KIND', 'KIWX', 'KILN', 'KLVX', 'KGRR')","['s3://noaa-nexrad-level2/2024/02/09/KIND/KIND20240209_200411_V06', 's3://noaa-nexrad-level2/2024/02/09/KIWX/KIWX20240209_200450_V06', 's3://noaa-nexrad-level2/2024/02/09/KILN/KILN20240209_200527_V06', 's3://noaa-nexrad-level2/2024/02/09/KLVX/KLVX20240209_200744_V06', 's3://noaa-nexrad-level2/2024/02/09/KGRR/KGRR20240209_200648_V06']"
14778,F,B739,ORD UA /OV OBK/TM 2010/FL210/TP B739/TB NEG,NEG,,21000.0,42.22,-87.95,2024-02-09 20:10:00,0.0,M,"('KLOT', 'KMKX', 'KGRB', 'KIWX', 'KILX')","['s3://noaa-nexrad-level2/2024/02/09/KLOT/KLOT20240209_200331_V06', 's3://noaa-nexrad-level2/2024/02/09/KMKX/KMKX20240209_200718_V06', 's3://noaa-nexrad-level2/2024/02/09/KGRB/KGRB20240209_200504_V06', 's3://noaa-nexrad-level2/2024/02/09/KIWX/KIWX20240209_200450_V06', 's3://noaa-nexrad-level2/2024/02/09/KILX/KILX20240209_152426_V06']"
14779,F,B738,CMH UA /OV XUB030015/TM 2010/FL360/TP B738/TB LGT,LGT,,36000.0,39.74652388797807,-82.81792102375867,2024-02-09 20:10:00,1.0,M,"('KILN', 'KRLX', 'KCLE', 'KJKL', 'KPBZ')","['s3://noaa-nexrad-level2/2024/02/09/KILN/KILN20240209_200527_V06', 's3://noaa-nexrad-level2/2024/02/09/KRLX/KRLX20240209_200524_V06', 's3://noaa-nexrad-level2/2024/02/09/KCLE/KCLE20240209_200429_V06', 's3://noaa-nexrad-level2/2024/02/09/KJKL/KJKL20240209_200750_V06', 's3://noaa-nexrad-level2/2024/02/09/KPBZ/KPBZ20240209_200745_V06']"
14780,F,CRJ9,CRW UA /OV HVQ/TM 2010/FL360/TP CRJ9/TB LGT-MOD CONS CHOP,LGT-MOD CONS CHOP,,36000.0,38.35,-81.77,2024-02-09 20:10:00,2.0,U,"('KRLX', 'KJKL', 'KFCX', 'KILN', 'KPBZ')","['s3://noaa-nexrad-level2/2024/02/09/KRLX/KRLX20240209_200524_V06', 's3://noaa-nexrad-level2/2024/02/09/KJKL/KJKL20240209_200750_V06', 's3://noaa-nexrad-level2/2024/02/09/KFCX/KFCX20240209_200642_V06', 's3://noaa-nexrad-level2/2024/02/09/KILN/KILN20240209_200527_V06', 's3://noaa-nexrad-level2/2024/02/09/KPBZ/KPBZ20240209_200745_V06']"
14781,F,GLF5,FAY UA /OV FAY/TM 2010/FL410/TP GLF5/TB MOD CAT,MOD CAT,,41000.0,34.99122,-78.88028,2024-02-09 20:10:00,3.0,M,"('KRAX', 'KLTX', 'KMHX', 'KFCX', 'KCAE')","['s3://noaa-nexrad-level2/2024/02/09/KRAX/KRAX20240209_200604_V06', 's3://noaa-nexrad-level2/2024/02/09/KLTX/KLTX20240209_200824_V06', 's3://noaa-nexrad-level2/2024/02/09/KMHX/KMHX20240209_200622_V06', 's3://noaa-nexrad-level2/2024/02/09/KFCX/KFCX20240209_200642_V06', 's3://noaa-nexrad-level2/2024/02/09/KCAE/KCAE20240209_200052_V06']"
14782,F,B737,ILM UA /OV ILM180050/TM 2011/FL360/TP B737/TB LGT CHOP,LGT CHOP,,36000.0,33.43659916659917,-77.9,2024-02-09 20:11:00,1.0,M,"('KLTX', 'KMHX', 'KRAX', 'KCLX', 'KCAE')","['s3://noaa-nexrad-level2/2024/02/09/KLTX/KLTX20240209_200824_V06', 's3://noaa-nexrad-level2/2024/02/09/KMHX/KMHX20240209_201047_V06', 's3://noaa-nexrad-level2/2024/02/09/KRAX/KRAX20240209_200604_V06', 's3://noaa-nexrad-level2/2024/02/09/KCLX/KCLX20240209_201020_V06', 's3://noaa-nexrad-level2/2024/02/09/KCAE/KCAE20240209_201031_V06']"
14783,F,CL35,LYH UA /OV GVE200040/TM 2011/FL430/TP CL35/TB MOD CHOP,MOD CHOP,,43000.0,37.529487509357125,-78.45579458771819,2024-02-09 20:11:00,3.0,U,"('KAKQ', 'KLWX', 'KRAX', 'KFCX', 'KMHX')","['s3://noaa-nexrad-level2/2024/02/09/KAKQ/KAKQ20240209_200710_V06', 's3://noaa-nexrad-level2/2024/02/09/KLWX/KLWX20240209_200457_V06', 's3://noaa-nexrad-level2/2024/02/09/KRAX/KRAX20240209_200604_V06', 's3://noaa-nexrad-level2/2024/02/09/KFCX/KFCX20240209_200642_V06', 's3://noaa-nexrad-level2/2024/02/09/KMHX/KMHX20240209_201047_V06']"
14784,F,C25B,ZZV UA /OV ZZV/TM 2011/FL060/TP C25B/SK BKN 023/TB NEG/IC NEG,NEG,,6000.0,39.94445,-81.89209,2024-02-09 20:11:00,0.0,U,"('KCLE', 'KRLX', 'KPBZ', 'KILN', 'KJKL')","['s3://noaa-nexrad-level2/2024/02/09/KCLE/KCLE20240209_200429_V06', 's3://noaa-nexrad-level2/2024/02/09/KRLX/KRLX20240209_200524_V06', 's3://noaa-nexrad-level2/2024/02/09/KPBZ/KPBZ20240209_200745_V06', 's3://noaa-nexrad-level2/2024/02/09/KILN/KILN20240209_200527_V06', 's3://noaa-nexrad-level2/2024/02/09/KJKL/KJKL20240209_200750_V06']"
14785,F,CL30,W22 UA /OV EKN/TM 2012/FL430/TP CL30/TB MOD,MOD,,43000.0,38.88528,-79.85278,2024-02-09 20:12:00,3.0,U,"('KPBZ', 'KFCX', 'KRLX', 'KLWX', 'KCCX')","['s3://noaa-nexrad-level2/2024/02/09/KPBZ/KPBZ20240209_200745_V06', 's3://noaa-nexrad-level2/2024/02/09/KFCX/KFCX20240209_201146_V06', 's3://noaa-nexrad-level2/2024/02/09/KRLX/KRLX20240209_200524_V06', 's3://noaa-nexrad-level2/2024/02/09/KLWX/KLWX20240209_201139_V06', 's3://noaa-nexrad-level2/2024/02/09/KCCX/KCCX20240209_200548_V06']"
14786,F,PC24,BNA UA /OV BNA360020/TM 2014/FL400/TP PC24/TB OCNL MOD/RM ZME,OCNL MOD,,40000.0,36.45225033336033,-86.68917,2024-02-09 20:14:00,3.0,U,"('KOHX', 'KHPX', 'KHTX', 'KLVX', 'KVWX')","['s3://noaa-nexrad-level2/2024/02/09/KOHX/KOHX20240209_201310_V06', 's3://noaa-nexrad-level2/2024/02/09/KHPX/KHPX20240209_201116_V06', 's3://noaa-nexrad-level2/2024/02/09/KHTX/KHTX20240209_201200_V06', 's3://noaa-nexrad-level2/2024/02/09/KLVX/KLVX20240209_201210_V06', 's3://noaa-nexrad-level2/2024/02/09/KVWX/KVWX20240209_200834_V06']"
14787,F,CL60,DBQ UA /OV DBQ270030/TM 2014/FL390/TP CL60/SK SKC/TB NEG,NEG,,39000.0,42.39835,-91.3862690548292,2024-02-09 20:14:00,0.0,M,"('KDVN', 'KARX', 'KDMX', 'KMKX', 'KILX')","['s3://noaa-nexrad-level2/2024/02/09/KDVN/KDVN20240209_200856_V06', 's3://noaa-nexrad-level2/2024/02/09/KARX/KARX20240209_200715_V06', 's3://noaa-nexrad-level2/2024/02/09/KDMX/KDMX20240209_201112_V06', 's3://noaa-nexrad-level2/2024/02/09/KMKX/KMKX20240209_200718_V06', 's3://noaa-nexrad-level2/2024/02/09/KILX/KILX20240209_152426_V06']"
14788,F,B737,LOZ UA /OV LVT/TM 2014/FL380/TP B737/TB CONS LGT OCNL MOD,CONS LGT OCNL MOD,,38000.0,36.58,-85.17,2024-02-09 20:14:00,2.0,M,"('KOHX', 'KLVX', 'KMRX', 'KHTX', 'KJKL')","['s3://noaa-nexrad-level2/2024/02/09/KOHX/KOHX20240209_201310_V06', 's3://noaa-nexrad-level2/2024/02/09/KLVX/KLVX20240209_201210_V06', 's3://noaa-nexrad-level2/2024/02/09/KMRX/KMRX20240209_201326_V06', 's3://noaa-nexrad-level2/2024/02/09/KHTX/KHTX20240209_201200_V06', 's3://noaa-nexrad-level2/2024/02/09/KJKL/KJKL20240209_201213_V06']"
14789,F,GLEX,SBY UA /OV SBY/TM 2014/FL285/TP GLEX/TB MOD,MOD,,28500.0,38.3405,-75.5103,2024-02-09 20:14:00,3.0,M,"('KDOX', 'KDIX', 'KAKQ', 'KLWX', 'KCCX')","['s3://noaa-nexrad-level2/2024/02/09/KDOX/KDOX20240209_201308_V06', 's3://noaa-nexrad-level2/2024/02/09/KDIX/KDIX20240209_200729_V06', 's3://noaa-nexrad-level2/2024/02/09/KAKQ/KAKQ20240209_201356_V06', 's3://noaa-nexrad-level2/2024/02/09/KLWX/KLWX20240209_201139_V06', 's3://noaa-nexrad-level2/2024/02/09/KCCX/KCCX20240209_201242_V06']"
14790,F,CRJ2,BIV UA /OV PMM252018/TM 2015/FL150/TP CRJ2/TB NEG,NEG,,15000.0,42.37728739256704,-86.49683308546925,2024-02-09 20:15:00,0.0,M,"('KGRR', 'KIWX', 'KLOT', 'KMKX', 'KGRB')","['s3://noaa-nexrad-level2/2024/02/09/KGRR/KGRR20240209_201341_V06', 's3://noaa-nexrad-level2/2024/02/09/KIWX/KIWX20240209_201148_V06', 's3://noaa-nexrad-level2/2024/02/09/KLOT/KLOT20240209_201029_V06', 's3://noaa-nexrad-level2/2024/02/09/KMKX/KMKX20240209_201419_V06', 's3://noaa-nexrad-level2/2024/02/09/KGRB/KGRB20240209_201148_V06']"
14791,F,C700,IAD UA /OV CSN/TM 2015/FL320/TP C700/TB MOD,MOD,,32000.0,38.64,-77.87,2024-02-09 20:15:00,3.0,U,"('KLWX', 'KAKQ', 'KCCX', 'KDOX', 'KFCX')","['s3://noaa-nexrad-level2/2024/02/09/KLWX/KLWX20240209_201139_V06', 's3://noaa-nexrad-level2/2024/02/09/KAKQ/KAKQ20240209_201356_V06', 's3://noaa-nexrad-level2/2024/02/09/KCCX/KCCX20240209_201242_V06', 's3://noaa-nexrad-level2/2024/02/09/KDOX/KDOX20240209_201308_V06', 's3://noaa-nexrad-level2/2024/02/09/KFCX/KFCX20240209_201146_V06']"
14792,F,A321,LYH UA /OV MOL/TM 2015/FL290/TP A321/TB MOD,MOD,,29000.0,37.9,-79.11,2024-02-09 20:15:00,3.0,M,"('KFCX', 'KLWX', 'KAKQ', 'KRAX', 'KRLX')","['s3://noaa-nexrad-level2/2024/02/09/KFCX/KFCX20240209_201146_V06', 's3://noaa-nexrad-level2/2024/02/09/KLWX/KLWX20240209_201139_V06', 's3://noaa-nexrad-level2/2024/02/09/KAKQ/KAKQ20240209_201356_V06', 's3://noaa-nexrad-level2/2024/02/09/KRAX/KRAX20240209_201436_V06', 's3://noaa-nexrad-level2/2024/02/09/KRLX/KRLX20240209_201211_V06']"
14793,F,CL35,UES UA /OV BAE091067/TM 2015/FL170/TP CL35/TB NEG/IC NEG,NEG,,17000.0,43.10050990090662,-86.75026889028724,2024-02-09 20:15:00,0.0,U,"('KGRR', 'KMKX', 'KGRB', 'KLOT', 'KIWX')","['s3://noaa-nexrad-level2/2024/02/09/KGRR/KGRR20240209_201341_V06', 's3://noaa-nexrad-level2/2024/02/09/KMKX/KMKX20240209_201419_V06', 's3://noaa-nexrad-level2/2024/02/09/KGRB/KGRB20240209_201148_V06', 's3://noaa-nexrad-level2/2024/02/09/KLOT/KLOT20240209_201029_V06', 's3://noaa-nexrad-level2/2024/02/09/KIWX/KIWX20240209_201148_V06']"
14794,F,M20P,LMT UA /OV LMT340010/TM 2015/FL110/TP M20P/WX +HZ/WV 340038 KT/TB LGT CHOP/RM ...ZSE,LGT CHOP,,11000.0,42.30356812266072,-121.80105959971408,2024-02-09 20:15:00,1.0,L,"('KMAX', 'KBBX', 'KBHX', 'KRGX', 'KRTX')","['s3://noaa-nexrad-level2/2024/02/09/KMAX/KMAX20240209_200930_V06', 's3://noaa-nexrad-level2/2024/02/09/KBBX/KBBX20240209_200821_V06', 's3://noaa-nexrad-level2/2024/02/09/KBHX/KBHX20240209_201038_V06', 's3://noaa-nexrad-level2/2024/02/09/KRGX/KRGX20240209_201433_V06', 's3://noaa-nexrad-level2/2024/02/09/KRTX/KRTX20240209_200711_V06']"
14795,F,CRJ2,CMH UA /OV I71/TM 2017/FL160/TP CRJ2/TA 15/TB NEG/IC NEG,NEG,,16000.0,39.65,-81.8,2024-02-09 20:17:00,0.0,M,"('KRLX', 'KCLE', 'KPBZ', 'KILN', 'KJKL')","['s3://noaa-nexrad-level2/2024/02/09/KRLX/KRLX20240209_201211_V06', 's3://noaa-nexrad-level2/2024/02/09/KCLE/KCLE20240209_201247_V06', 's3://noaa-nexrad-level2/2024/02/09/KPBZ/KPBZ20240209_201430_V06', 's3://noaa-nexrad-level2/2024/02/09/KILN/KILN20240209_201211_V06', 's3://noaa-nexrad-level2/2024/02/09/KJKL/KJKL20240209_201632_V06']"
14796,F,CL60,RPJ UA /OV PLL/TM 2017/FL380/TP CL60/WV 255080 /TB NEG,NEG,,38000.0,41.97,-89.52,2024-02-09 20:17:00,0.0,M,"('KDVN', 'KMKX', 'KLOT', 'KILX', 'KARX')","['s3://noaa-nexrad-level2/2024/02/09/KDVN/KDVN20240209_201538_V06', 's3://noaa-nexrad-level2/2024/02/09/KMKX/KMKX20240209_201419_V06', 's3://noaa-nexrad-level2/2024/02/09/KLOT/KLOT20240209_201029_V06', 's3://noaa-nexrad-level2/2024/02/09/KILX/KILX20240209_152426_V06', 's3://noaa-nexrad-level2/2024/02/09/KARX/KARX20240209_201402_V06']"
14797,F,MULTI,LAA UA /OV LAA/TM 2017/FL220/TP MULTI/TB CONS LGT-MOD CAT 220-250/NEG 260/RM DURC. ZDV,CONS LGT-MOD CAT 220-250,,22000.0,38.07,-102.68806,2024-02-09 20:17:00,2.0,U,"('KPUX', 'KGLD', 'KFTG', 'KDDC', 'KAMA')","['s3://noaa-nexrad-level2/2024/02/09/KPUX/KPUX20240209_201520_V06', 's3://noaa-nexrad-level2/2024/02/09/KGLD/KGLD20240209_201331_V06', 's3://noaa-nexrad-level2/2024/02/09/KFTG/KFTG20240209_201453_V06', 's3://noaa-nexrad-level2/2024/02/09/KDDC/KDDC20240209_201109_V06', 's3://noaa-nexrad-level2/2024/02/09/KAMA/KAMA20240209_201441_V06']"
14798,F,B737,SDF UA /OV IIU180050/TM 2017/FL380/TP B737/TB LGT MOD CHOP,LGT MOD CHOP,,38000.0,37.26659916659917,-85.58,2024-02-09 20:17:00,2.0,M,"('KLVX', 'KOHX', 'KHPX', 'KJKL', 'KVWX')","['s3://noaa-nexrad-level2/2024/02/09/KLVX/KLVX20240209_201632_V06', 's3://noaa-nexrad-level2/2024/02/09/KOHX/KOHX20240209_201310_V06', 's3://noaa-nexrad-level2/2024/02/09/KHPX/KHPX20240209_201541_V06', 's3://noaa-nexrad-level2/2024/02/09/KJKL/KJKL20240209_201632_V06', 's3://noaa-nexrad-level2/2024/02/09/KVWX/KVWX20240209_201645_V06']"
14799,F,E75,ZZV UA /OV ZZV/TM 2017/FL330/TP E75/TB NEG,NEG,,33000.0,39.94445,-81.89209,2024-02-09 20:17:00,0.0,U,"('KCLE', 'KRLX', 'KPBZ', 'KILN', 'KJKL')","['s3://noaa-nexrad-level2/2024/02/09/KCLE/KCLE20240209_201247_V06', 's3://noaa-nexrad-level2/2024/02/09/KRLX/KRLX20240209_201211_V06', 's3://noaa-nexrad-level2/2024/02/09/KPBZ/KPBZ20240209_201430_V06', 's3://noaa-nexrad-level2/2024/02/09/KILN/KILN20240209_201211_V06', 's3://noaa-nexrad-level2/2024/02/09/KJKL/KJKL20240209_201632_V06']"
14800,F,C560,CPR UA /OV CPR010020/TM 2019/FL150/TP C560/SK TOPS150 BASES090/TA M05/TB LGT TB/IC LGT RIME/RM DURD,LGT TB,,15000.0,43.23629584083999,-106.3853871858781,2024-02-09 20:19:00,1.0,M,"('KRIW', 'KCYS', 'KBLX', 'KUDX', 'KFTG')","['s3://noaa-nexrad-level2/2024/02/09/KRIW/KRIW20240209_201317_V06', 's3://noaa-nexrad-level2/2024/02/09/KCYS/KCYS20240209_201309_V06', 's3://noaa-nexrad-level2/2024/02/09/KBLX/KBLX20240209_201716_V06', 's3://noaa-nexrad-level2/2024/02/09/KUDX/KUDX20240209_201816_V06', 's3://noaa-nexrad-level2/2024/02/09/KFTG/KFTG20240209_201453_V06']"
14801,F,F2TH,TLH UA /OV TLH160025/TM 2019/FL430/TP F2TH/TB OCNL LGT CHOP,OCNL LGT CHOP,,43000.0,30.001969693348208,-84.1861230415097,2024-02-09 20:19:00,1.0,M,"('KTLH', 'KVAX', 'KEVX', 'KEOX', 'KJAX')","['s3://noaa-nexrad-level2/2024/02/09/KTLH/KTLH20240209_201315_V06', 's3://noaa-nexrad-level2/2024/02/09/KVAX/KVAX20240209_201635_V06', 's3://noaa-nexrad-level2/2024/02/09/KEVX/KEVX20240209_201844_V06', 's3://noaa-nexrad-level2/2024/02/09/KEOX/KEOX20240209_201237_V06', 's3://noaa-nexrad-level2/2024/02/09/KJAX/KJAX20240209_201245_V06']"
14802,F,PC24,IAD UA /OV CSN270020/TM 2019/FL430/TP PC24/TB MOD,MOD,,43000.0,38.64,-78.29679151154143,2024-02-09 20:19:00,3.0,U,"('KLWX', 'KAKQ', 'KCCX', 'KFCX', 'KPBZ')","['s3://noaa-nexrad-level2/2024/02/09/KLWX/KLWX20240209_201825_V06', 's3://noaa-nexrad-level2/2024/02/09/KAKQ/KAKQ20240209_201356_V06', 's3://noaa-nexrad-level2/2024/02/09/KCCX/KCCX20240209_201242_V06', 's3://noaa-nexrad-level2/2024/02/09/KFCX/KFCX20240209_201650_V06', 's3://noaa-nexrad-level2/2024/02/09/KPBZ/KPBZ20240209_201430_V06']"
14803,F,A321,HTS UA /OV HNN/TM 2019/FL330/TP A321/TB NEG,NEG,,33000.0,38.75,-82.03,2024-02-09 20:19:00,0.0,M,"('KRLX', 'KJKL', 'KILN', 'KFCX', 'KPBZ')","['s3://noaa-nexrad-level2/2024/02/09/KRLX/KRLX20240209_201858_V06', 's3://noaa-nexrad-level2/2024/02/09/KJKL/KJKL20240209_201632_V06', 's3://noaa-nexrad-level2/2024/02/09/KILN/KILN20240209_201211_V06', 's3://noaa-nexrad-level2/2024/02/09/KFCX/KFCX20240209_201650_V06', 's3://noaa-nexrad-level2/2024/02/09/KPBZ/KPBZ20240209_201430_V06']"
14804,F,A320,ORD UA /OV OLK090040/TM 2020/FL340/TP A320/TB NEG,NEG,,34000.0,41.25,-84.61321446392115,2024-02-09 20:20:00,0.0,M,"('KIWX', 'KDTX', 'KGRR', 'KILN', 'KIND')","['s3://noaa-nexrad-level2/2024/02/09/KIWX/KIWX20240209_201845_V06', 's3://noaa-nexrad-level2/2024/02/09/KDTX/KDTX20240209_201634_V06', 's3://noaa-nexrad-level2/2024/02/09/KGRR/KGRR20240209_201341_V06', 's3://noaa-nexrad-level2/2024/02/09/KILN/KILN20240209_201916_V06', 's3://noaa-nexrad-level2/2024/02/09/KIND/KIND20240209_201812_V06']"
14805,F,B737,LYH UA /OV LYH/TM 2020/FL260/TP B737/TB LGT,LGT,,26000.0,37.3208,-79.2067,2024-02-09 20:20:00,1.0,M,"('KFCX', 'KRAX', 'KAKQ', 'KLWX', 'KRLX')","['s3://noaa-nexrad-level2/2024/02/09/KFCX/KFCX20240209_201650_V06', 's3://noaa-nexrad-level2/2024/02/09/KRAX/KRAX20240209_201436_V06', 's3://noaa-nexrad-level2/2024/02/09/KAKQ/KAKQ20240209_201356_V06', 's3://noaa-nexrad-level2/2024/02/09/KLWX/KLWX20240209_201825_V06', 's3://noaa-nexrad-level2/2024/02/09/KRLX/KRLX20240209_201858_V06']"
14806,F,HA4T,IND UA /OV VHP/TM 2020/FL450/TP HA4T/TB MOD,MOD,,45000.0,39.81,-86.37,2024-02-09 20:20:00,3.0,U,"('KIND', 'KIWX', 'KLVX', 'KVWX', 'KLOT')","['s3://noaa-nexrad-level2/2024/02/09/KIND/KIND20240209_201812_V06', 's3://noaa-nexrad-level2/2024/02/09/KIWX/KIWX20240209_201845_V06', 's3://noaa-nexrad-level2/2024/02/09/KLVX/KLVX20240209_201632_V06', 's3://noaa-nexrad-level2/2024/02/09/KVWX/KVWX20240209_201645_V06', 's3://noaa-nexrad-level2/2024/02/09/KLOT/KLOT20240209_201715_V06']"
14807,F,PA46,SDF UA /OV EWO145027/TM 2021/FL160/TP PA46/TB LGT OCNL MOD CHOP /IC NEG,LGT OCNL MOD CHOP,,16000.0,37.26135172194808,-85.35406558008265,2024-02-09 20:21:00,2.0,L,"('KLVX', 'KOHX', 'KHPX', 'KJKL', 'KMRX')","['s3://noaa-nexrad-level2/2024/02/09/KLVX/KLVX20240209_202052_V06', 's3://noaa-nexrad-level2/2024/02/09/KOHX/KOHX20240209_201729_V06', 's3://noaa-nexrad-level2/2024/02/09/KHPX/KHPX20240209_202014_V06', 's3://noaa-nexrad-level2/2024/02/09/KJKL/KJKL20240209_201632_V06', 's3://noaa-nexrad-level2/2024/02/09/KMRX/KMRX20240209_201932_V06']"
14808,F,B737,IAD UA /OV CSN030030/TM 2022/FL400/TP B737/TB CONS LGT OCNL MOD,CONS LGT OCNL MOD,,40000.0,39.07304777595615,-77.54990636634395,2024-02-09 20:22:00,2.0,M,"('KLWX', 'KCCX', 'KDOX', 'KAKQ', 'KPBZ')","['s3://noaa-nexrad-level2/2024/02/09/KLWX/KLWX20240209_201825_V06', 's3://noaa-nexrad-level2/2024/02/09/KCCX/KCCX20240209_201930_V06', 's3://noaa-nexrad-level2/2024/02/09/KDOX/KDOX20240209_201956_V06', 's3://noaa-nexrad-level2/2024/02/09/KAKQ/KAKQ20240209_202047_V06', 's3://noaa-nexrad-level2/2024/02/09/KPBZ/KPBZ20240209_202112_V06']"
14809,F,EA50,MGM UA /OV MGM040015/TM 2022/FL340/TP EA50/TB CONS LGT CHOP OCNL MOD CHOP/RM ZTLFD-11,CONS LGT CHOP OCNL MOD CHOP,,34000.0,32.49216662319523,-86.20383831839543,2024-02-09 20:22:00,2.0,U,"('KMXX', 'KBMX', 'KEOX', 'KFFC', 'KEVX')","['s3://noaa-nexrad-level2/2024/02/09/KMXX/KMXX20240209_201458_V06', 's3://noaa-nexrad-level2/2024/02/09/KBMX/KBMX20240209_201912_V06', 's3://noaa-nexrad-level2/2024/02/09/KEOX/KEOX20240209_201940_V06', 's3://noaa-nexrad-level2/2024/02/09/KFFC/KFFC20240209_201443_V06', 's3://noaa-nexrad-level2/2024/02/09/KEVX/KEVX20240209_201844_V06']"
14810,F,C560,FKN UA /OV FKN/TM 2024/FL370/TP C560/TB CONS MOD CAT,CONS MOD CAT,,37000.0,36.69809,-76.9038,2024-02-09 20:24:00,3.0,M,"('KAKQ', 'KRAX', 'KMHX', 'KLWX', 'KDOX')","['s3://noaa-nexrad-level2/2024/02/09/KAKQ/KAKQ20240209_202047_V06', 's3://noaa-nexrad-level2/2024/02/09/KRAX/KRAX20240209_202302_V06', 's3://noaa-nexrad-level2/2024/02/09/KMHX/KMHX20240209_201948_V06', 's3://noaa-nexrad-level2/2024/02/09/KLWX/KLWX20240209_201825_V06', 's3://noaa-nexrad-level2/2024/02/09/KDOX/KDOX20240209_201956_V06']"
14811,F,B190,CDB UA /OV CDB /TM 2024 /FL000 /TP B190 /TB NEG /RM DURD RWY 33FIELD IN SIGHT 500FT /BA RWY 33 BA GOOD (AKFSS),NEG,,0.0,55.2,-162.72,2024-02-09 20:24:00,0.0,M,"('PABC', 'PAKC', 'PAEC', 'PAHG', 'PAIH')","['s3://noaa-nexrad-level2/2024/02/09/PABC/PABC20240209_202250_V06', 's3://noaa-nexrad-level2/2024/02/09/PAKC/PAKC20240209_202125_V06', 's3://noaa-nexrad-level2/2024/02/09/PAEC/PAEC20240209_201805_V06', 's3://noaa-nexrad-level2/2024/02/09/PAHG/PAHG20240209_202006_V06', 's3://noaa-nexrad-level2/2024/02/09/PAIH/PAIH20240209_202236_V06']"
14812,F,B190,CDB UA /OV CDB /TM 2024 /FL000 /TP B190 /TB NEG /RM DURD RWY 33 FIELD IN SIGHT 500FT /BA RWY 33 BA GOOD (AKFSS,NEG,,0.0,55.2,-162.72,2024-02-09 20:24:00,0.0,M,"('PABC', 'PAKC', 'PAEC', 'PAHG', 'PAIH')","['s3://noaa-nexrad-level2/2024/02/09/PABC/PABC20240209_202250_V06', 's3://noaa-nexrad-level2/2024/02/09/PAKC/PAKC20240209_202125_V06', 's3://noaa-nexrad-level2/2024/02/09/PAEC/PAEC20240209_201805_V06', 's3://noaa-nexrad-level2/2024/02/09/PAHG/PAHG20240209_202006_V06', 's3://noaa-nexrad-level2/2024/02/09/PAIH/PAIH20240209_202236_V06']"
14813,F,SF50,ATL UA /OV ATL010055/TM 2024/FL270/TP SF50/TB NEG/RM ZTLFD-39,NEG,,27000.0,34.53291356230997,-84.2506102612306,2024-02-09 20:24:00,0.0,U,"('KFFC', 'KMRX', 'KHTX', 'KGSP', 'KJGX')","['s3://noaa-nexrad-level2/2024/02/09/KFFC/KFFC20240209_202245_V06', 's3://noaa-nexrad-level2/2024/02/09/KMRX/KMRX20240209_201932_V06', 's3://noaa-nexrad-level2/2024/02/09/KHTX/KHTX20240209_202047_V06', 's3://noaa-nexrad-level2/2024/02/09/KGSP/KGSP20240209_201833_V06', 's3://noaa-nexrad-level2/2024/02/09/KJGX/KJGX20240209_202033_V06']"
14814,F,B737,SRC UA /OV SRC135015/TM 2025/FL220/TP B737/TB LGT MOD CHOP/RM ZME,LGT MOD CHOP,,22000.0,35.033208985776724,-91.5236212569316,2024-02-09 20:25:00,2.0,M,"('KLZK', 'KNQA', 'KSRX', 'KSGF', 'KDGX')","['s3://noaa-nexrad-level2/2024/02/09/KLZK/KLZK20240209_202234_V06', 's3://noaa-nexrad-level2/2024/02/09/KNQA/KNQA20240209_202339_V06', 's3://noaa-nexrad-level2/2024/02/09/KSRX/KSRX20240209_202235_V06', 's3://noaa-nexrad-level2/2024/02/09/KSGF/KSGF20240209_202454_V06', 's3://noaa-nexrad-level2/2024/02/09/KDGX/KDGX20240209_201910_V06']"
14815,F,C56X,PKB UA /OV JPU/TM 2025/FL400/TP C56X/TB CONS LGT CHOP,CONS LGT CHOP,,40000.0,39.44,-81.37,2024-02-09 20:25:00,1.0,M,"('KRLX', 'KPBZ', 'KCLE', 'KILN', 'KFCX')","['s3://noaa-nexrad-level2/2024/02/09/KRLX/KRLX20240209_201858_V06', 's3://noaa-nexrad-level2/2024/02/09/KPBZ/KPBZ20240209_202112_V06', 's3://noaa-nexrad-level2/2024/02/09/KCLE/KCLE20240209_202104_V06', 's3://noaa-nexrad-level2/2024/02/09/KILN/KILN20240209_201916_V06', 's3://noaa-nexrad-level2/2024/02/09/KFCX/KFCX20240209_202154_V06']"
14816,F,C750,SDF UA /OV IIU/TM 2025/FL410/TP C750/TB MOD CHOP,MOD CHOP,,41000.0,38.1,-85.58,2024-02-09 20:25:00,3.0,M,"('KLVX', 'KIND', 'KOHX', 'KVWX', 'KHPX')","['s3://noaa-nexrad-level2/2024/02/09/KLVX/KLVX20240209_202052_V06', 's3://noaa-nexrad-level2/2024/02/09/KIND/KIND20240209_201812_V06', 's3://noaa-nexrad-level2/2024/02/09/KOHX/KOHX20240209_202148_V06', 's3://noaa-nexrad-level2/2024/02/09/KVWX/KVWX20240209_202346_V06', 's3://noaa-nexrad-level2/2024/02/09/KHPX/KHPX20240209_202453_V06']"
14817,F,B737,WAL UA /OV SWL/TM 2025/FL310/TP B737/TB CONS MOD,CONS MOD,,31000.0,38.06,-75.46,2024-02-09 20:25:00,3.0,M,"('KDOX', 'KAKQ', 'KDIX', 'KLWX', 'KMHX')","['s3://noaa-nexrad-level2/2024/02/09/KDOX/KDOX20240209_201956_V06', 's3://noaa-nexrad-level2/2024/02/09/KAKQ/KAKQ20240209_202047_V06', 's3://noaa-nexrad-level2/2024/02/09/KDIX/KDIX20240209_202116_V06', 's3://noaa-nexrad-level2/2024/02/09/KLWX/KLWX20240209_201825_V06', 's3://noaa-nexrad-level2/2024/02/09/KMHX/KMHX20240209_201948_V06']"
14818,F,CL30,PSK UA /OV PSK/TM 2025/FL410/TP CL30/TB MOD CONS CHOP/RM ZTLFD-15,MOD CONS CHOP,,41000.0,37.13735,-80.67848,2024-02-09 20:25:00,3.0,U,"('KFCX', 'KRLX', 'KRAX', 'KJKL', 'KGSP')","['s3://noaa-nexrad-level2/2024/02/09/KFCX/KFCX20240209_202154_V06', 's3://noaa-nexrad-level2/2024/02/09/KRLX/KRLX20240209_201858_V06', 's3://noaa-nexrad-level2/2024/02/09/KRAX/KRAX20240209_202302_V06', 's3://noaa-nexrad-level2/2024/02/09/KJKL/KJKL20240209_202100_V06', 's3://noaa-nexrad-level2/2024/02/09/KGSP/KGSP20240209_202448_V06']"
14819,F,C172,UKL UA /OV KOWI-KOWI270004 /TM 2026 /FL045 /TP C172 /TB LGT /RM DURC,LGT,,4500.0,38.5409,-95.33944056631978,2024-02-09 20:26:00,1.0,L,"('KTWX', 'KEAX', 'KICT', 'KSGF', 'KINX')","['s3://noaa-nexrad-level2/2024/02/09/KTWX/KTWX20240209_201938_V06', 's3://noaa-nexrad-level2/2024/02/09/KEAX/KEAX20240209_202503_V06', 's3://noaa-nexrad-level2/2024/02/09/KICT/KICT20240209_202126_V06', 's3://noaa-nexrad-level2/2024/02/09/KSGF/KSGF20240209_202454_V06', 's3://noaa-nexrad-level2/2024/02/09/KINX/KINX20240209_202206_V06']"
14820,F,H25B,SGH UA /OV SGH/TM 2026/FL340/TP H25B/TB CONS LGT CHOP,CONS LGT CHOP,,34000.0,39.8402903,-83.8401601,2024-02-09 20:26:00,1.0,M,"('KILN', 'KJKL', 'KIWX', 'KIND', 'KCLE')","['s3://noaa-nexrad-level2/2024/02/09/KILN/KILN20240209_201916_V06', 's3://noaa-nexrad-level2/2024/02/09/KJKL/KJKL20240209_202529_V06', 's3://noaa-nexrad-level2/2024/02/09/KIWX/KIWX20240209_202538_V06', 's3://noaa-nexrad-level2/2024/02/09/KIND/KIND20240209_202520_V06', 's3://noaa-nexrad-level2/2024/02/09/KCLE/KCLE20240209_202104_V06']"
14821,F,A319,AMA UA /OV PNH340035/TM 2027/FL330/TP A319/TB CONS LGT OCNL MOD/RM ZAB/FDCS,CONS LGT OCNL MOD,,33000.0,35.78819842931252,-101.94429727369348,2024-02-09 20:27:00,2.0,M,"('KAMA', 'KFDX', 'KLBB', 'KDDC', 'KFDR')","['s3://noaa-nexrad-level2/2024/02/09/KAMA/KAMA20240209_202126_V06', 's3://noaa-nexrad-level2/2024/02/09/KFDX/KFDX20240209_202155_V06', 's3://noaa-nexrad-level2/2024/02/09/KLBB/KLBB20240209_202353_V06', 's3://noaa-nexrad-level2/2024/02/09/KDDC/KDDC20240209_201950_V06', 's3://noaa-nexrad-level2/2024/02/09/KFDR/KFDR20240209_202508_V06']"
14822,F,C680,GAD UA /OV GAD345015/TM 2027/FL450/TP C680/TB CONS LGT CHOP/RM ZTLFD-02,CONS LGT CHOP,,45000.0,34.21415101658981,-86.16710925172569,2024-02-09 20:27:00,1.0,U,"('KHTX', 'KBMX', 'KMXX', 'KFFC', 'KOHX')","['s3://noaa-nexrad-level2/2024/02/09/KHTX/KHTX20240209_202507_V06', 's3://noaa-nexrad-level2/2024/02/09/KBMX/KBMX20240209_201912_V06', 's3://noaa-nexrad-level2/2024/02/09/KMXX/KMXX20240209_202331_V06', 's3://noaa-nexrad-level2/2024/02/09/KFFC/KFFC20240209_202245_V06', 's3://noaa-nexrad-level2/2024/02/09/KOHX/KOHX20240209_202629_V06']"
14823,F,B38M,ATL UA /OV 3407N 08441W /TM 2028/FL370/TP B38M/TB LGT CHOP CONS /RM AWC-WEB,LGT CHOP CONS,,37000.0,34.1166,-84.6833,2024-02-09 20:28:00,1.0,U,"('KFFC', 'KHTX', 'KMXX', 'KJGX', 'KBMX')","['s3://noaa-nexrad-level2/2024/02/09/KFFC/KFFC20240209_202245_V06', 's3://noaa-nexrad-level2/2024/02/09/KHTX/KHTX20240209_202507_V06', 's3://noaa-nexrad-level2/2024/02/09/KMXX/KMXX20240209_202331_V06', 's3://noaa-nexrad-level2/2024/02/09/KJGX/KJGX20240209_202715_V06', 's3://noaa-nexrad-level2/2024/02/09/KBMX/KBMX20240209_202733_V06']"
14824,F,B777,LYH UA /OV LYH090005/TM 2028/FL300/TP B777/TB MOD,MOD,,30000.0,37.3208,-79.10190311460276,2024-02-09 20:28:00,3.0,H,"('KFCX', 'KRAX', 'KAKQ', 'KLWX', 'KRLX')","['s3://noaa-nexrad-level2/2024/02/09/KFCX/KFCX20240209_202657_V06', 's3://noaa-nexrad-level2/2024/02/09/KRAX/KRAX20240209_202302_V06', 's3://noaa-nexrad-level2/2024/02/09/KAKQ/KAKQ20240209_202733_V06', 's3://noaa-nexrad-level2/2024/02/09/KLWX/KLWX20240209_202512_V06', 's3://noaa-nexrad-level2/2024/02/09/KRLX/KRLX20240209_202537_V06']"
14825,F,H,MYNN UA /OV ZQA035100/TM 2028/FL400/TP H/359/TB LGT-MOD CHOP,LGT-MOD CHOP,,40000.0,26.36536399278489,-76.39512860440708,2024-02-09 20:28:00,2.0,L,"('KAMX', 'KAMX', 'KMLB', 'KBYX', 'KTBW')","['s3://noaa-nexrad-level2/2024/02/09/KAMX/KAMX20240209_202515_V06', 's3://noaa-nexrad-level2/2024/02/09/KAMX/KAMX20240209_202515_V06', 's3://noaa-nexrad-level2/2024/02/09/KMLB/KMLB20240209_202110_V06', 's3://noaa-nexrad-level2/2024/02/09/KBYX/KBYX20240209_202219_V06', 's3://noaa-nexrad-level2/2024/02/09/KTBW/KTBW20240209_202104_V06']"
14826,F,GLF5,CID UA /OV CID/TM 2029/FL410/TP GLF5/TB NEG,NEG,,41000.0,41.882899,-91.724588,2024-02-09 20:29:00,0.0,M,"('KDVN', 'KDMX', 'KARX', 'KILX', 'KLSX')","['s3://noaa-nexrad-level2/2024/02/09/KDVN/KDVN20240209_202221_V06', 's3://noaa-nexrad-level2/2024/02/09/KDMX/KDMX20240209_202519_V06', 's3://noaa-nexrad-level2/2024/02/09/KARX/KARX20240209_202737_V06', 's3://noaa-nexrad-level2/2024/02/09/KILX/KILX20240209_152426_V06', 's3://noaa-nexrad-level2/2024/02/09/KLSX/KLSX20240209_202225_V06']"
14827,F,C680,LWB UA /OV LWB170020/TM 2029/FL290/TP C680/TB OCNL MOD,OCNL MOD,,29000.0,37.53001415916001,-80.32615125048747,2024-02-09 20:29:00,3.0,U,"('KFCX', 'KRLX', 'KRAX', 'KJKL', 'KPBZ')","['s3://noaa-nexrad-level2/2024/02/09/KFCX/KFCX20240209_202657_V06', 's3://noaa-nexrad-level2/2024/02/09/KRLX/KRLX20240209_202537_V06', 's3://noaa-nexrad-level2/2024/02/09/KRAX/KRAX20240209_202825_V06', 's3://noaa-nexrad-level2/2024/02/09/KJKL/KJKL20240209_202529_V06', 's3://noaa-nexrad-level2/2024/02/09/KPBZ/KPBZ20240209_202753_V06']"
14828,F,PC12,DNL UA /OV IRQ131044/TM 2029/FL120/TP PC12/TB MOD CHOP/RM ZTLFD-19,MOD CHOP,,12000.0,33.22885107546167,-81.49462320837894,2024-02-09 20:29:00,3.0,L,"('KCLX', 'KCAE', 'KGSP', 'KJGX', 'KJAX')","['s3://noaa-nexrad-level2/2024/02/09/KCLX/KCLX20240209_202825_V06', 's3://noaa-nexrad-level2/2024/02/09/KCAE/KCAE20240209_202011_V06', 's3://noaa-nexrad-level2/2024/02/09/KGSP/KGSP20240209_202448_V06', 's3://noaa-nexrad-level2/2024/02/09/KJGX/KJGX20240209_202715_V06', 's3://noaa-nexrad-level2/2024/02/09/KJAX/KJAX20240209_202631_V06']"
14829,F,A321,AMA UA /OV DHT240010/TM 2030/FL330/TP A321/TB CONS LGT CHOP/RM ZAB/FDCS,CONS LGT CHOP,,33000.0,35.93924991665992,-102.72575663538277,2024-02-09 20:30:00,1.0,M,"('KAMA', 'KFDX', 'KLBB', 'KPUX', 'KDDC')","['s3://noaa-nexrad-level2/2024/02/09/KAMA/KAMA20240209_202811_V06', 's3://noaa-nexrad-level2/2024/02/09/KFDX/KFDX20240209_202849_V06', 's3://noaa-nexrad-level2/2024/02/09/KLBB/KLBB20240209_202353_V06', 's3://noaa-nexrad-level2/2024/02/09/KPUX/KPUX20240209_202929_V06', 's3://noaa-nexrad-level2/2024/02/09/KDDC/KDDC20240209_202829_V06']"
14830,F,E190,ALB UA /OV CAM/TM 2030/FL340/TP E190/TB OCNL LGT CHOP 340,OCNL LGT CHOP 340,,34000.0,42.99,-73.34,2024-02-09 20:30:00,1.0,U,"('KENX', 'KCXX', 'KOKX', 'KBOX', 'KTYX')","['s3://noaa-nexrad-level2/2024/02/09/KENX/KENX20240209_202813_V06', 's3://noaa-nexrad-level2/2024/02/09/KCXX/KCXX20240209_202550_V06', 's3://noaa-nexrad-level2/2024/02/09/KOKX/KOKX20240209_202604_V06', 's3://noaa-nexrad-level2/2024/02/09/KBOX/KBOX20240209_202818_V06', 's3://noaa-nexrad-level2/2024/02/09/KTYX/KTYX20240209_202426_V06']"
14831,F,B737,IND UA /OV 3859N 08617W /TM 2031/FL370/TP B737/TB LGT CHOP CONS /RM AWC-WEB,LGT CHOP CONS,,37000.0,38.9833,-86.2833,2024-02-09 20:31:00,1.0,M,"('KIND', 'KLVX', 'KVWX', 'KIWX', 'KHPX')","['s3://noaa-nexrad-level2/2024/02/09/KIND/KIND20240209_202520_V06', 's3://noaa-nexrad-level2/2024/02/09/KLVX/KLVX20240209_202936_V06', 's3://noaa-nexrad-level2/2024/02/09/KVWX/KVWX20240209_203046_V06', 's3://noaa-nexrad-level2/2024/02/09/KIWX/KIWX20240209_202538_V06', 's3://noaa-nexrad-level2/2024/02/09/KHPX/KHPX20240209_202932_V06']"
14832,F,A321,OKM UA /OV OKM090020/TM 2031/FL370/TP A321/TB CONS LGT OCNL MOD CHOP/RM ZME,CONS LGT OCNL MOD CHOP,,37000.0,35.67,-95.5396542776973,2024-02-09 20:31:00,2.0,M,"('KINX', 'KSRX', 'KTLX', 'KOUN', 'KSGF')","['s3://noaa-nexrad-level2/2024/02/09/KINX/KINX20240209_202730_V06', 's3://noaa-nexrad-level2/2024/02/09/KSRX/KSRX20240209_202807_V06', 's3://noaa-nexrad-level2/2024/02/09/KTLX/KTLX20240209_202959_V06', 's3://noaa-nexrad-level2/2024/02/09/KSGF/KSGF20240209_202454_V06']"
14833,F,C17,PEQ UA /OV PEQ/TM 2031/FL250/TP C17/TB LGT OCNL MOD/RM ZAB/FDCS,LGT OCNL MOD,,25000.0,31.38,-103.51,2024-02-09 20:31:00,2.0,L,"('KMAF', 'KLBB', 'KSJT', 'KHDX', 'KEPZ')","['s3://noaa-nexrad-level2/2024/02/09/KMAF/KMAF20240209_202416_V06', 's3://noaa-nexrad-level2/2024/02/09/KLBB/KLBB20240209_203050_V06', 's3://noaa-nexrad-level2/2024/02/09/KSJT/KSJT20240209_202804_V06', 's3://noaa-nexrad-level2/2024/02/09/KHDX/KHDX20240209_202636_V06', 's3://noaa-nexrad-level2/2024/02/09/KEPZ/KEPZ20240209_202951_V06']"
14834,F,C510,DEC UA /OV AXC/TM 2032/FL400/TP C510/TB CONS LGT CHOP/RM ZKCFDC,CONS LGT CHOP,,40000.0,39.74,-88.86,2024-02-09 20:32:00,1.0,U,"('KILX', 'KVWX', 'KLOT', 'KLSX', 'KDVN')","['s3://noaa-nexrad-level2/2024/02/09/KILX/KILX20240209_152426_V06', 's3://noaa-nexrad-level2/2024/02/09/KVWX/KVWX20240209_203046_V06', 's3://noaa-nexrad-level2/2024/02/09/KLOT/KLOT20240209_203056_V06', 's3://noaa-nexrad-level2/2024/02/09/KLSX/KLSX20240209_202920_V06', 's3://noaa-nexrad-level2/2024/02/09/KDVN/KDVN20240209_202905_V06']"
14835,F,B738,MWA UA /OV MWA/TM 2032/FL360/TP B738/TB LGT CHOP/RM ZKCFDC,LGT CHOP,,36000.0,37.75497,-89.01108,2024-02-09 20:32:00,1.0,M,"('KPAH', 'KVWX', 'KLSX', 'KHPX', 'KILX')","['s3://noaa-nexrad-level2/2024/02/09/KPAH/KPAH20240209_202727_V06', 's3://noaa-nexrad-level2/2024/02/09/KVWX/KVWX20240209_203046_V06', 's3://noaa-nexrad-level2/2024/02/09/KLSX/KLSX20240209_202920_V06', 's3://noaa-nexrad-level2/2024/02/09/KHPX/KHPX20240209_202932_V06', 's3://noaa-nexrad-level2/2024/02/09/KILX/KILX20240209_152426_V06']"
14836,F,MLTP,SBY UA /OV SBY/TM 2032/FL430/TP MLTP/TB MOD,MOD,,43000.0,38.3405,-75.5103,2024-02-09 20:32:00,3.0,U,"('KDOX', 'KDIX', 'KAKQ', 'KLWX', 'KCCX')","['s3://noaa-nexrad-level2/2024/02/09/KDOX/KDOX20240209_202659_V06', 's3://noaa-nexrad-level2/2024/02/09/KDIX/KDIX20240209_202812_V06', 's3://noaa-nexrad-level2/2024/02/09/KAKQ/KAKQ20240209_202733_V06', 's3://noaa-nexrad-level2/2024/02/09/KLWX/KLWX20240209_202512_V06', 's3://noaa-nexrad-level2/2024/02/09/KCCX/KCCX20240209_202633_V06']"
14837,F,B738,MYGF UA /OV ZFP055080/TM 2033/FL270/TP B738/TB LGT CHOP,LGT CHOP,,27000.0,27.264830528118463,-77.5594733992864,2024-02-09 20:33:00,1.0,M,"('KMLB', 'KAMX', 'KAMX', 'KTBW', 'KBYX')","['s3://noaa-nexrad-level2/2024/02/09/KMLB/KMLB20240209_202811_V06', 's3://noaa-nexrad-level2/2024/02/09/KAMX/KAMX20240209_202515_V06', 's3://noaa-nexrad-level2/2024/02/09/KAMX/KAMX20240209_202515_V06', 's3://noaa-nexrad-level2/2024/02/09/KTBW/KTBW20240209_202939_V06', 's3://noaa-nexrad-level2/2024/02/09/KBYX/KBYX20240209_202913_V06']"
14838,F,CL35,GSO UA /OV GSO/TM 2033/FL400/TP CL35/TB NEG/RM ZTLFD-28,NEG,,40000.0,36.0975,-79.94361,2024-02-09 20:33:00,0.0,U,"('KFCX', 'KRAX', 'KCAE', 'KGSP', 'KLTX')","['s3://noaa-nexrad-level2/2024/02/09/KFCX/KFCX20240209_203201_V06', 's3://noaa-nexrad-level2/2024/02/09/KRAX/KRAX20240209_202825_V06', 's3://noaa-nexrad-level2/2024/02/09/KCAE/KCAE20240209_203048_V06', 's3://noaa-nexrad-level2/2024/02/09/KGSP/KGSP20240209_203029_V06', 's3://noaa-nexrad-level2/2024/02/09/KLTX/KLTX20240209_203015_V06']"
14839,F,HA4T,EKN UA /OV LWB/TM 2034/FL430/TP HA4T/TB MOD,MOD,,43000.0,37.85831,-80.39947,2024-02-09 20:34:00,3.0,U,"('KFCX', 'KRLX', 'KPBZ', 'KRAX', 'KJKL')","['s3://noaa-nexrad-level2/2024/02/09/KFCX/KFCX20240209_203201_V06', 's3://noaa-nexrad-level2/2024/02/09/KRLX/KRLX20240209_203215_V06', 's3://noaa-nexrad-level2/2024/02/09/KPBZ/KPBZ20240209_202753_V06', 's3://noaa-nexrad-level2/2024/02/09/KRAX/KRAX20240209_203354_V06', 's3://noaa-nexrad-level2/2024/02/09/KJKL/KJKL20240209_202956_V06']"
14840,F,A321,MCN UA /OV MCN305027/TM 2034/FL170/TP A321/TB CONS LGT CHOP/RM ZTLFD-21,CONS LGT CHOP,,17000.0,32.95098030323998,-84.0872540003288,2024-02-09 20:34:00,1.0,M,"('KFFC', 'KJGX', 'KMXX', 'KEOX', 'KVAX')","['s3://noaa-nexrad-level2/2024/02/09/KFFC/KFFC20240209_202940_V06', 's3://noaa-nexrad-level2/2024/02/09/KJGX/KJGX20240209_203356_V06', 's3://noaa-nexrad-level2/2024/02/09/KMXX/KMXX20240209_203212_V06', 's3://noaa-nexrad-level2/2024/02/09/KEOX/KEOX20240209_203339_V06', 's3://noaa-nexrad-level2/2024/02/09/KVAX/KVAX20240209_203017_V06']"
14841,F,A320,ORF UA /OV ORF/TM 2035/FL290/TP A320/TB MOD,MOD,,29000.0,36.90333,-76.19222,2024-02-09 20:35:00,3.0,M,"('KAKQ', 'KDOX', 'KMHX', 'KLWX', 'KRAX')","['s3://noaa-nexrad-level2/2024/02/09/KAKQ/KAKQ20240209_203420_V06', 's3://noaa-nexrad-level2/2024/02/09/KDOX/KDOX20240209_203343_V06', 's3://noaa-nexrad-level2/2024/02/09/KMHX/KMHX20240209_203329_V06', 's3://noaa-nexrad-level2/2024/02/09/KLWX/KLWX20240209_203214_V06', 's3://noaa-nexrad-level2/2024/02/09/KRAX/KRAX20240209_203354_V06']"
14842,F,B757,BNA UA /OV BNA180005/TM 2036/FL230/TP B757/TB MOD/RM ZME,MOD,,23000.0,36.03554991665992,-86.68917,2024-02-09 20:36:00,3.0,M,"('KOHX', 'KHPX', 'KHTX', 'KLVX', 'KPAH')","['s3://noaa-nexrad-level2/2024/02/09/KOHX/KOHX20240209_203550_V06', 's3://noaa-nexrad-level2/2024/02/09/KHPX/KHPX20240209_203412_V06', 's3://noaa-nexrad-level2/2024/02/09/KHTX/KHTX20240209_203347_V06', 's3://noaa-nexrad-level2/2024/02/09/KLVX/KLVX20240209_203357_V06', 's3://noaa-nexrad-level2/2024/02/09/KPAH/KPAH20240209_203242_V06']"
14843,F,B350,PBI UA /OV PBI030040/TM 2036/FL160/TP B350/L/SK BKN 150/WX SMOOTH/TB NEG,NEG,,16000.0,27.2620970346082,-79.72630143906912,2024-02-09 20:36:00,0.0,M,"('KMLB', 'KAMX', 'KAMX', 'KTBW', 'KBYX')","['s3://noaa-nexrad-level2/2024/02/09/KMLB/KMLB20240209_203512_V06', 's3://noaa-nexrad-level2/2024/02/09/KAMX/KAMX20240209_203405_V06', 's3://noaa-nexrad-level2/2024/02/09/KAMX/KAMX20240209_203405_V06', 's3://noaa-nexrad-level2/2024/02/09/KTBW/KTBW20240209_203501_V06', 's3://noaa-nexrad-level2/2024/02/09/KBYX/KBYX20240209_203343_V06']"
14844,F,FA40,DTW UA /OV DXO315022/TM 2037/FL040/TP FA40/WX CLR/TB LGT/RM LITTLE BUMPY NOT BAD,LGT,,4000.0,42.46929348752747,-83.72007144154944,2024-02-09 20:37:00,1.0,U,"('KDTX', 'KGRR', 'KCLE', 'KIWX', 'KAPX')","['s3://noaa-nexrad-level2/2024/02/09/KDTX/KDTX20240209_203015_V06', 's3://noaa-nexrad-level2/2024/02/09/KGRR/KGRR20240209_203359_V06', 's3://noaa-nexrad-level2/2024/02/09/KCLE/KCLE20240209_202921_V06', 's3://noaa-nexrad-level2/2024/02/09/KIWX/KIWX20240209_203235_V06', 's3://noaa-nexrad-level2/2024/02/09/KAPX/KAPX20240209_203632_V06']"
14845,F,CRJ2,ORL UA /OV ORL165050/TM 2037/FL250/TP CRJ2/TB NEG,NEG,,25000.0,27.7404566113673,-81.08739057296778,2024-02-09 20:37:00,0.0,M,"('KMLB', 'KTBW', 'KAMX', 'KAMX', 'KJAX')","['s3://noaa-nexrad-level2/2024/02/09/KMLB/KMLB20240209_203512_V06', 's3://noaa-nexrad-level2/2024/02/09/KTBW/KTBW20240209_203501_V06', 's3://noaa-nexrad-level2/2024/02/09/KAMX/KAMX20240209_203405_V06', 's3://noaa-nexrad-level2/2024/02/09/KAMX/KAMX20240209_203405_V06', 's3://noaa-nexrad-level2/2024/02/09/KJAX/KJAX20240209_203321_V06']"
14846,F,B739,SHR UA /OV SHR215012/TM 2037/FL330/TP B739/TB CONS LGT /ZLC,CONS LGT,,33000.0,44.60615632086581,-107.13159766501812,2024-02-09 20:37:00,1.0,M,"('KBLX', 'KRIW', 'KGGW', 'KCYS', 'KUDX')","['s3://noaa-nexrad-level2/2024/02/09/KBLX/KBLX20240209_203124_V06', 's3://noaa-nexrad-level2/2024/02/09/KRIW/KRIW20240209_203424_V06', 's3://noaa-nexrad-level2/2024/02/09/KGGW/KGGW20240209_203213_V06', 's3://noaa-nexrad-level2/2024/02/09/KCYS/KCYS20240209_203430_V06', 's3://noaa-nexrad-level2/2024/02/09/KUDX/KUDX20240209_203530_V06']"
14847,F,B737,IND UA /OV 3921N 08551W /TM 2038/FL370/TP B737/TB LGT CHOP CONS /RM AWC-WEB,LGT CHOP CONS,,37000.0,39.35,-85.85,2024-02-09 20:38:00,1.0,M,"('KIND', 'KLVX', 'KIWX', 'KILN', 'KVWX')","['s3://noaa-nexrad-level2/2024/02/09/KIND/KIND20240209_203233_V06', 's3://noaa-nexrad-level2/2024/02/09/KLVX/KLVX20240209_203357_V06', 's3://noaa-nexrad-level2/2024/02/09/KIWX/KIWX20240209_203235_V06', 's3://noaa-nexrad-level2/2024/02/09/KILN/KILN20240209_203325_V06', 's3://noaa-nexrad-level2/2024/02/09/KVWX/KVWX20240209_203753_V06']"
14848,F,E75L,BNO UA /OV ILR090015/TM 2039/FL340/TP E75L/TB MOD CHOP /ZLC,MOD CHOP,,34000.0,43.59,-118.61480748519251,2024-02-09 20:39:00,3.0,U,"('KPDT', 'KCBX', 'KLRX', 'KRGX', 'KOTX')","['s3://noaa-nexrad-level2/2024/02/09/KPDT/KPDT20240209_203634_V06', 's3://noaa-nexrad-level2/2024/02/09/KCBX/KCBX20240209_203835_V06', 's3://noaa-nexrad-level2/2024/02/09/KLRX/KLRX20240209_203751_V06', 's3://noaa-nexrad-level2/2024/02/09/KRGX/KRGX20240209_203156_V06', 's3://noaa-nexrad-level2/2024/02/09/KOTX/KOTX20240209_203639_V06']"
14849,F,A321,ELP UA /OV EWM270035/TM 2039/FL290/TP A321/TB MOD CAT/RM ZAB/FDCS,MOD CAT,,29000.0,31.95,-106.95753513284846,2024-02-09 20:39:00,3.0,M,"('KEPZ', 'KHDX', 'KABX', 'KEMX', 'KFDX')","['s3://noaa-nexrad-level2/2024/02/09/KEPZ/KEPZ20240209_203658_V06', 's3://noaa-nexrad-level2/2024/02/09/KHDX/KHDX20240209_203330_V06', 's3://noaa-nexrad-level2/2024/02/09/KEMX/KEMX20240209_203207_V06', 's3://noaa-nexrad-level2/2024/02/09/KFDX/KFDX20240209_203539_V06']"
14850,F,A321,ORL UA /OV ORL165030/TM 2040/FL350/TP A321/TB CONS LGT,CONS LGT,,35000.0,28.06245796682038,-81.18561034378067,2024-02-09 20:40:00,1.0,M,"('KMLB', 'KTBW', 'KJAX', 'KAMX', 'KAMX')","['s3://noaa-nexrad-level2/2024/02/09/KMLB/KMLB20240209_203512_V06', 's3://noaa-nexrad-level2/2024/02/09/KTBW/KTBW20240209_203501_V06', 's3://noaa-nexrad-level2/2024/02/09/KJAX/KJAX20240209_203321_V06', 's3://noaa-nexrad-level2/2024/02/09/KAMX/KAMX20240209_203405_V06', 's3://noaa-nexrad-level2/2024/02/09/KAMX/KAMX20240209_203405_V06']"
14851,F,CRJ7,SPS UA /OV SPS280026/TM 2040/FL250/TP CRJ7/TB MOD CHOP/RM ZFW,MOD CHOP,,25000.0,34.0538536387128,-99.00746561291672,2024-02-09 20:40:00,3.0,M,"('KFDR', 'KDYX', 'KOUN', 'KTLX', 'KFWS')","['s3://noaa-nexrad-level2/2024/02/09/KFDR/KFDR20240209_203912_V06', 's3://noaa-nexrad-level2/2024/02/09/KDYX/KDYX20240209_203302_V06', 's3://noaa-nexrad-level2/2024/02/09/KTLX/KTLX20240209_203646_V06', 's3://noaa-nexrad-level2/2024/02/09/KFWS/KFWS20240209_203745_V06']"
14852,F,CRJ7,BKW UA /OV BLF270030/TM 2040/FL300/TP CRJ7/TB CONS MOD,CONS MOD,,30000.0,37.2958,-81.83627227982977,2024-02-09 20:40:00,3.0,M,"('KRLX', 'KJKL', 'KFCX', 'KMRX', 'KGSP')","['s3://noaa-nexrad-level2/2024/02/09/KRLX/KRLX20240209_203854_V06', 's3://noaa-nexrad-level2/2024/02/09/KJKL/KJKL20240209_203907_V06', 's3://noaa-nexrad-level2/2024/02/09/KFCX/KFCX20240209_203704_V06', 's3://noaa-nexrad-level2/2024/02/09/KMRX/KMRX20240209_203743_V06', 's3://noaa-nexrad-level2/2024/02/09/KGSP/KGSP20240209_203555_V06']"
14853,F,E75S,CMH UA /OV XUB180015/TM 2040/FL280/TP E75S/TB CONS LGT-MOD CHOP,CONS LGT-MOD CHOP,,28000.0,39.27997974997975,-82.98,2024-02-09 20:40:00,2.0,U,"('KILN', 'KRLX', 'KJKL', 'KCLE', 'KPBZ')","['s3://noaa-nexrad-level2/2024/02/09/KILN/KILN20240209_203325_V06', 's3://noaa-nexrad-level2/2024/02/09/KRLX/KRLX20240209_203854_V06', 's3://noaa-nexrad-level2/2024/02/09/KJKL/KJKL20240209_203907_V06', 's3://noaa-nexrad-level2/2024/02/09/KCLE/KCLE20240209_203751_V06', 's3://noaa-nexrad-level2/2024/02/09/KPBZ/KPBZ20240209_203432_V06']"
14854,F,B737,SPA UA /OV SPA/TM 2040/FL370/TP B737/TB LGT CHOP/RM ZTLFD-28,LGT CHOP,,37000.0,34.9157222,-81.9565,2024-02-09 20:40:00,1.0,M,"('KGSP', 'KCAE', 'KMRX', 'KCLX', 'KJGX')","['s3://noaa-nexrad-level2/2024/02/09/KGSP/KGSP20240209_203555_V06', 's3://noaa-nexrad-level2/2024/02/09/KCAE/KCAE20240209_203048_V06', 's3://noaa-nexrad-level2/2024/02/09/KMRX/KMRX20240209_203743_V06', 's3://noaa-nexrad-level2/2024/02/09/KCLX/KCLX20240209_203653_V06', 's3://noaa-nexrad-level2/2024/02/09/KJGX/KJGX20240209_203356_V06']"
14855,F,CRJ9,VJI UA /OV GZG030025/TM 2040/FL300/TP CRJ9/TB MOD/RM ZTLFD-43,MOD,,30000.0,37.19087314663012,-81.8196981214306,2024-02-09 20:40:00,3.0,U,"('KRLX', 'KJKL', 'KFCX', 'KMRX', 'KGSP')","['s3://noaa-nexrad-level2/2024/02/09/KRLX/KRLX20240209_203854_V06', 's3://noaa-nexrad-level2/2024/02/09/KJKL/KJKL20240209_203907_V06', 's3://noaa-nexrad-level2/2024/02/09/KFCX/KFCX20240209_203704_V06', 's3://noaa-nexrad-level2/2024/02/09/KMRX/KMRX20240209_203743_V06', 's3://noaa-nexrad-level2/2024/02/09/KGSP/KGSP20240209_203555_V06']"
14856,F,E35L,ADM UA /OV ADM080030/TM 2041/FL400/TP E35L/TB MOD CHOP 400-380/RM ZFW,MOD CHOP 400-380,,40000.0,34.39003112159169,-96.42336933677517,2024-02-09 20:41:00,3.0,U,"('KTLX', 'KOUN', 'KINX', 'KFWS', 'KSRX')","['s3://noaa-nexrad-level2/2024/02/09/KTLX/KTLX20240209_203646_V06', 's3://noaa-nexrad-level2/2024/02/09/KINX/KINX20240209_203802_V06', 's3://noaa-nexrad-level2/2024/02/09/KFWS/KFWS20240209_203745_V06', 's3://noaa-nexrad-level2/2024/02/09/KSRX/KSRX20240209_203853_V06']"
14857,F,C510,MTO UA /OV MTO/TM 2041/FL400/TP C510/TB MOD CHOP/RM ZKCFDC,MOD CHOP,,40000.0,39.47794,-88.27924,2024-02-09 20:41:00,3.0,U,"('KILX', 'KVWX', 'KIND', 'KLOT', 'KPAH')","['s3://noaa-nexrad-level2/2024/02/09/KILX/KILX20240209_152426_V06', 's3://noaa-nexrad-level2/2024/02/09/KVWX/KVWX20240209_203753_V06', 's3://noaa-nexrad-level2/2024/02/09/KIND/KIND20240209_203931_V06', 's3://noaa-nexrad-level2/2024/02/09/KLOT/KLOT20240209_203741_V06', 's3://noaa-nexrad-level2/2024/02/09/KPAH/KPAH20240209_203908_V06']"
14858,F,B737,DEC UA /OV AXC/TM 2042/FL350/TP B737/TB CONS LGT CHOP/RM ZKCFDC,CONS LGT CHOP,,35000.0,39.74,-88.86,2024-02-09 20:42:00,1.0,M,"('KILX', 'KVWX', 'KLOT', 'KLSX', 'KDVN')","['s3://noaa-nexrad-level2/2024/02/09/KILX/KILX20240209_152426_V06', 's3://noaa-nexrad-level2/2024/02/09/KVWX/KVWX20240209_203753_V06', 's3://noaa-nexrad-level2/2024/02/09/KLOT/KLOT20240209_203741_V06', 's3://noaa-nexrad-level2/2024/02/09/KLSX/KLSX20240209_203626_V06', 's3://noaa-nexrad-level2/2024/02/09/KDVN/KDVN20240209_203556_V06']"
14859,F,B739,PSK UA /OV PSK160040/TM 2042/FL260/TP B739/TB MOD/RM ZTLFD-43,MOD,,26000.0,36.51083750935712,-80.39243558955691,2024-02-09 20:42:00,3.0,M,"('KFCX', 'KRAX', 'KRLX', 'KGSP', 'KCAE')","['s3://noaa-nexrad-level2/2024/02/09/KFCX/KFCX20240209_203704_V06', 's3://noaa-nexrad-level2/2024/02/09/KRAX/KRAX20240209_203924_V06', 's3://noaa-nexrad-level2/2024/02/09/KRLX/KRLX20240209_203854_V06', 's3://noaa-nexrad-level2/2024/02/09/KGSP/KGSP20240209_204121_V06', 's3://noaa-nexrad-level2/2024/02/09/KCAE/KCAE20240209_204028_V06']"
14860,F,B39M,BLM UA /OV COL/TM 2042/FL090/TP B39M/TB INTMT LGT CHOP,INTMT LGT CHOP,,9000.0,40.31,-74.16,2024-02-09 20:42:00,1.0,U,"('KDIX', 'KOKX', 'KDOX', 'KENX', 'KBGM')","['s3://noaa-nexrad-level2/2024/02/09/KDIX/KDIX20240209_203514_V06', 's3://noaa-nexrad-level2/2024/02/09/KOKX/KOKX20240209_204002_V06', 's3://noaa-nexrad-level2/2024/02/09/KDOX/KDOX20240209_204027_V06', 's3://noaa-nexrad-level2/2024/02/09/KENX/KENX20240209_204157_V06', 's3://noaa-nexrad-level2/2024/02/09/KBGM/KBGM20240209_203639_V06']"
14861,F,C650,WWD UA /OV ATR200005/TM 2043/FL390/TP C650/TB MOD,MOD,,39000.0,38.73168593866964,-75.2465797502968,2024-02-09 20:43:00,3.0,M,"('KDOX', 'KDIX', 'KLWX', 'KAKQ', 'KOKX')","['s3://noaa-nexrad-level2/2024/02/09/KDOX/KDOX20240209_204027_V06', 's3://noaa-nexrad-level2/2024/02/09/KDIX/KDIX20240209_204206_V06', 's3://noaa-nexrad-level2/2024/02/09/KLWX/KLWX20240209_203856_V06', 's3://noaa-nexrad-level2/2024/02/09/KAKQ/KAKQ20240209_204111_V06', 's3://noaa-nexrad-level2/2024/02/09/KOKX/KOKX20240209_204002_V06']"
14862,F,C441,LAF UA /OV BVT/TM 2043/FL270/TP C441/TB CONS LGT OCNL MOD,CONS LGT OCNL MOD,,27000.0,40.56,-87.07,2024-02-09 20:43:00,2.0,L,"('KIND', 'KLOT', 'KIWX', 'KILX', 'KVWX')","['s3://noaa-nexrad-level2/2024/02/09/KIND/KIND20240209_203931_V06', 's3://noaa-nexrad-level2/2024/02/09/KLOT/KLOT20240209_203741_V06', 's3://noaa-nexrad-level2/2024/02/09/KIWX/KIWX20240209_203933_V06', 's3://noaa-nexrad-level2/2024/02/09/KILX/KILX20240209_152426_V06', 's3://noaa-nexrad-level2/2024/02/09/KVWX/KVWX20240209_203753_V06']"
14863,F,C68A,AVL UA /OV SUG040020/TM 2043/FL130/TP C68A/TB MOD CHOP/RM ZTLFD-44,MOD CHOP,,13000.0,35.66536883092697,-82.00708849392505,2024-02-09 20:43:00,3.0,U,"('KGSP', 'KMRX', 'KCAE', 'KFCX', 'KJKL')","['s3://noaa-nexrad-level2/2024/02/09/KGSP/KGSP20240209_204121_V06', 's3://noaa-nexrad-level2/2024/02/09/KMRX/KMRX20240209_203743_V06', 's3://noaa-nexrad-level2/2024/02/09/KCAE/KCAE20240209_204028_V06', 's3://noaa-nexrad-level2/2024/02/09/KFCX/KFCX20240209_204214_V06', 's3://noaa-nexrad-level2/2024/02/09/KJKL/KJKL20240209_203907_V06']"
14864,F,A319,GAD UA /OV GAD/TM 2043/FL320/TP A319/TB CONS LGT CHOP/RM ZTLFD-03,CONS LGT CHOP,,32000.0,33.97265,-86.08908,2024-02-09 20:43:00,1.0,M,"('KHTX', 'KBMX', 'KMXX', 'KFFC', 'KGWX')","['s3://noaa-nexrad-level2/2024/02/09/KHTX/KHTX20240209_204244_V06', 's3://noaa-nexrad-level2/2024/02/09/KBMX/KBMX20240209_203553_V06', 's3://noaa-nexrad-level2/2024/02/09/KMXX/KMXX20240209_204053_V06', 's3://noaa-nexrad-level2/2024/02/09/KFFC/KFFC20240209_203620_V06', 's3://noaa-nexrad-level2/2024/02/09/KGWX/KGWX20240209_203709_V06']"
14865,F,A321,AMA UA /OV NH160040/TM 2044/FL370/TP A321/TB MOD CHOP/RM ZAB/FDCS,MOD CHOP,,37000.0,35.21936,-101.70592,2024-02-09 20:44:00,3.0,M,"('KAMA', 'KLBB', 'KFDX', 'KFDR', 'KDDC')","['s3://noaa-nexrad-level2/2024/02/09/KAMA/KAMA20240209_204133_V06', 's3://noaa-nexrad-level2/2024/02/09/KLBB/KLBB20240209_203749_V06', 's3://noaa-nexrad-level2/2024/02/09/KFDX/KFDX20240209_204233_V06', 's3://noaa-nexrad-level2/2024/02/09/KFDR/KFDR20240209_203912_V06', 's3://noaa-nexrad-level2/2024/02/09/KDDC/KDDC20240209_203710_V06']"
14866,F,E75L,BIV UA /OV PMM300048/TM 2044/FL230/TP E75L/TB CONS LGT CHOP,CONS LGT CHOP,,23000.0,42.8700324000324,-87.04932666334969,2024-02-09 20:44:00,1.0,U,"('KMKX', 'KGRR', 'KLOT', 'KGRB', 'KIWX')","['s3://noaa-nexrad-level2/2024/02/09/KMKX/KMKX20240209_204158_V06', 's3://noaa-nexrad-level2/2024/02/09/KGRR/KGRR20240209_204059_V06', 's3://noaa-nexrad-level2/2024/02/09/KLOT/KLOT20240209_203741_V06', 's3://noaa-nexrad-level2/2024/02/09/KGRB/KGRB20240209_203844_V06', 's3://noaa-nexrad-level2/2024/02/09/KIWX/KIWX20240209_203933_V06']"
14867,F,PC12,MZZ UA /OV MZZ/TM 2044/FL270/TP PC12/TB NEG,NEG,,27000.0,40.4898637,-85.6797319,2024-02-09 20:44:00,0.0,L,"('KIWX', 'KIND', 'KILN', 'KGRR', 'KLVX')","['s3://noaa-nexrad-level2/2024/02/09/KIWX/KIWX20240209_203933_V06', 's3://noaa-nexrad-level2/2024/02/09/KIND/KIND20240209_203931_V06', 's3://noaa-nexrad-level2/2024/02/09/KILN/KILN20240209_204028_V06', 's3://noaa-nexrad-level2/2024/02/09/KGRR/KGRR20240209_204059_V06', 's3://noaa-nexrad-level2/2024/02/09/KLVX/KLVX20240209_204239_V06']"
14868,F,E75S,TTF UA /OV CRL160015/TM 2044/FL340/TP E75S/TB MOD CHOP,MOD CHOP,,34000.0,41.81505781600893,-83.34484177600203,2024-02-09 20:44:00,3.0,U,"('KDTX', 'KCLE', 'KIWX', 'KILN', 'KGRR')","['s3://noaa-nexrad-level2/2024/02/09/KDTX/KDTX20240209_204352_V06', 's3://noaa-nexrad-level2/2024/02/09/KCLE/KCLE20240209_203751_V06', 's3://noaa-nexrad-level2/2024/02/09/KIWX/KIWX20240209_203933_V06', 's3://noaa-nexrad-level2/2024/02/09/KILN/KILN20240209_204028_V06', 's3://noaa-nexrad-level2/2024/02/09/KGRR/KGRR20240209_204059_V06']"
14869,F,GLF4,COU UA /OV HLV/TM 2045/FL430/TP GLF4/TB LGT-MOD/RM ZKCFDC,LGT-MOD,,43000.0,39.11,-92.13,2024-02-09 20:45:00,2.0,M,"('KLSX', 'KEAX', 'KSGF', 'KDVN', 'KILX')","['s3://noaa-nexrad-level2/2024/02/09/KLSX/KLSX20240209_204331_V06', 's3://noaa-nexrad-level2/2024/02/09/KEAX/KEAX20240209_203842_V06', 's3://noaa-nexrad-level2/2024/02/09/KSGF/KSGF20240209_204452_V06', 's3://noaa-nexrad-level2/2024/02/09/KDVN/KDVN20240209_204243_V06', 's3://noaa-nexrad-level2/2024/02/09/KILX/KILX20240209_152426_V06']"
14870,F,B752,ECG UA /OV ECG/TM 2045/FL260/TP B752/TB MOD CHOP,MOD CHOP,,26000.0,36.2577,-76.1716,2024-02-09 20:45:00,3.0,M,"('KAKQ', 'KMHX', 'KRAX', 'KDOX', 'KLWX')","['s3://noaa-nexrad-level2/2024/02/09/KAKQ/KAKQ20240209_204111_V06', 's3://noaa-nexrad-level2/2024/02/09/KMHX/KMHX20240209_204015_V06', 's3://noaa-nexrad-level2/2024/02/09/KRAX/KRAX20240209_204454_V06', 's3://noaa-nexrad-level2/2024/02/09/KDOX/KDOX20240209_204027_V06', 's3://noaa-nexrad-level2/2024/02/09/KLWX/KLWX20240209_203856_V06']"
14871,F,E55P,LKU UA /OV GVE050050/TM 2046/FL430/TP E55P/TB CONS MOD,CONS MOD,,43000.0,38.69169972961249,-77.35390066164524,2024-02-09 20:46:00,3.0,U,"('KLWX', 'KAKQ', 'KDOX', 'KCCX', 'KDIX')","['s3://noaa-nexrad-level2/2024/02/09/KLWX/KLWX20240209_204538_V06', 's3://noaa-nexrad-level2/2024/02/09/KAKQ/KAKQ20240209_204111_V06', 's3://noaa-nexrad-level2/2024/02/09/KDOX/KDOX20240209_204027_V06', 's3://noaa-nexrad-level2/2024/02/09/KCCX/KCCX20240209_204024_V06', 's3://noaa-nexrad-level2/2024/02/09/KDIX/KDIX20240209_204206_V06']"
14872,F,E75L,BIE UA /OV PWE250025/TM 2047/FL203/TP E75L/TB MOD 240-220 NEG 200/RM DURD,MOD 240-220 NEG 200,,20300.0,40.05748006375626,-96.72266344936588,2024-02-09 20:47:00,0.0,U,"('KTWX', 'KOAX', 'KUEX', 'KICT', 'KEAX')","['s3://noaa-nexrad-level2/2024/02/09/KTWX/KTWX20240209_204425_V06', 's3://noaa-nexrad-level2/2024/02/09/KOAX/KOAX20240209_204118_V06', 's3://noaa-nexrad-level2/2024/02/09/KUEX/KUEX20240209_204249_V06', 's3://noaa-nexrad-level2/2024/02/09/KICT/KICT20240209_204623_V06', 's3://noaa-nexrad-level2/2024/02/09/KEAX/KEAX20240209_204529_V06']"
14873,F,SR22,FHB UA /OV SSI225013 /TM 2047 /FL090 /TP SR22 /SK SKC /WX FV99SM /TA 09 /WV 26028KT /TB NEG /RM SCT BLO TOP050,NEG,,9000.0,30.999001121006494,-81.56986669457142,2024-02-09 20:47:00,0.0,L,"('KJAX', 'KVAX', 'KCLX', 'KJGX', 'KTLH')","['s3://noaa-nexrad-level2/2024/02/09/KJAX/KJAX20240209_204654_V06', 's3://noaa-nexrad-level2/2024/02/09/KVAX/KVAX20240209_204403_V06', 's3://noaa-nexrad-level2/2024/02/09/KCLX/KCLX20240209_204526_V06', 's3://noaa-nexrad-level2/2024/02/09/KJGX/KJGX20240209_204038_V06', 's3://noaa-nexrad-level2/2024/02/09/KTLH/KTLH20240209_204042_V06']"
14874,F,B737,W22 UA /OV EKN/TM 2048/FL290/TP B737/TB MOD,MOD,,29000.0,38.88528,-79.85278,2024-02-09 20:48:00,3.0,M,"('KPBZ', 'KFCX', 'KRLX', 'KLWX', 'KCCX')","['s3://noaa-nexrad-level2/2024/02/09/KPBZ/KPBZ20240209_204124_V06', 's3://noaa-nexrad-level2/2024/02/09/KFCX/KFCX20240209_204722_V06', 's3://noaa-nexrad-level2/2024/02/09/KRLX/KRLX20240209_204533_V06', 's3://noaa-nexrad-level2/2024/02/09/KLWX/KLWX20240209_204538_V06', 's3://noaa-nexrad-level2/2024/02/09/KCCX/KCCX20240209_204712_V06']"
14875,F,B744,ANC UA /OV TED250015/TM 2048/FL030/TP B744/TB CONT LGT/RM DURD NEELL6,CONT LGT,,3000.0,61.08448803825376,-150.47721717637955,2024-02-09 20:48:00,1.0,H,"('PAHG', 'PAIH', 'PAIH', 'PAPD', 'PAKC')","['s3://noaa-nexrad-level2/2024/02/09/PAHG/PAHG20240209_204418_V06', 's3://noaa-nexrad-level2/2024/02/09/PAIH/PAIH20240209_204507_V06', 's3://noaa-nexrad-level2/2024/02/09/PAIH/PAIH20240209_204507_V06', 's3://noaa-nexrad-level2/2024/02/09/PAPD/PAPD20240209_204552_V06', 's3://noaa-nexrad-level2/2024/02/09/PAKC/PAKC20240209_204224_V06']"
14876,F,HA4T,LKU UA /OV GVE360040/TM 2048/FL410/TP HA4T/TB SEV,SEV,,41000.0,38.82272066672066,-78.1658,2024-02-09 20:48:00,5.0,U,"('KLWX', 'KCCX', 'KAKQ', 'KPBZ', 'KDOX')","['s3://noaa-nexrad-level2/2024/02/09/KLWX/KLWX20240209_204538_V06', 's3://noaa-nexrad-level2/2024/02/09/KCCX/KCCX20240209_204712_V06', 's3://noaa-nexrad-level2/2024/02/09/KAKQ/KAKQ20240209_204756_V06', 's3://noaa-nexrad-level2/2024/02/09/KPBZ/KPBZ20240209_204124_V06', 's3://noaa-nexrad-level2/2024/02/09/KDOX/KDOX20240209_204711_V06']"
14877,F,B789,DEC UA /OV AXC/TM 2049/FL380/TP B789/TB CONS LGT CHOP/RM ZKCFDC,CONS LGT CHOP,,38000.0,39.74,-88.86,2024-02-09 20:49:00,1.0,U,"('KILX', 'KVWX', 'KLOT', 'KLSX', 'KDVN')","['s3://noaa-nexrad-level2/2024/02/09/KILX/KILX20240209_152426_V06', 's3://noaa-nexrad-level2/2024/02/09/KVWX/KVWX20240209_204459_V06', 's3://noaa-nexrad-level2/2024/02/09/KLOT/KLOT20240209_204436_V06', 's3://noaa-nexrad-level2/2024/02/09/KLSX/KLSX20240209_204331_V06', 's3://noaa-nexrad-level2/2024/02/09/KDVN/KDVN20240209_204243_V06']"
14878,F,C560,PPF UA /OV OSW360014/TM 2049/FL410/TP C560/TB MOD/RM ZKCFDC,MOD,,41000.0,37.38335223335224,-95.2,2024-02-09 20:49:00,3.0,M,"('KINX', 'KEAX', 'KSGF', 'KTWX', 'KSRX')","['s3://noaa-nexrad-level2/2024/02/09/KINX/KINX20240209_204839_V06', 's3://noaa-nexrad-level2/2024/02/09/KEAX/KEAX20240209_204529_V06', 's3://noaa-nexrad-level2/2024/02/09/KSGF/KSGF20240209_204452_V06', 's3://noaa-nexrad-level2/2024/02/09/KTWX/KTWX20240209_204425_V06', 's3://noaa-nexrad-level2/2024/02/09/KSRX/KSRX20240209_204409_V06']"
14879,F,B747,ANC UA /OV TED066080/TM 2049/FL270/TP B747/TB MOD/RM DURC ZAN,MOD,,27000.0,61.71235945170245,-147.46381201882957,2024-02-09 20:49:00,3.0,H,"('PAIH', 'PAIH', 'PAPD', 'PAHG', 'PAKC')","['s3://noaa-nexrad-level2/2024/02/09/PAIH/PAIH20240209_204507_V06', 's3://noaa-nexrad-level2/2024/02/09/PAIH/PAIH20240209_204507_V06', 's3://noaa-nexrad-level2/2024/02/09/PAPD/PAPD20240209_204552_V06', 's3://noaa-nexrad-level2/2024/02/09/PAHG/PAHG20240209_204854_V06', 's3://noaa-nexrad-level2/2024/02/09/PAKC/PAKC20240209_204224_V06']"
14880,F,B738,LOZ UA /OV LOZ290015/TM 2050/FL260/TP B738/TB MOD,MOD,,26000.0,37.172511961746245,-84.37151681877064,2024-02-09 20:50:00,3.0,M,"('KJKL', 'KMRX', 'KLVX', 'KILN', 'KOHX')","['s3://noaa-nexrad-level2/2024/02/09/KJKL/KJKL20240209_204754_V06', 's3://noaa-nexrad-level2/2024/02/09/KMRX/KMRX20240209_204945_V06', 's3://noaa-nexrad-level2/2024/02/09/KLVX/KLVX20240209_204700_V06', 's3://noaa-nexrad-level2/2024/02/09/KILN/KILN20240209_204726_V06', 's3://noaa-nexrad-level2/2024/02/09/KOHX/KOHX20240209_204940_V06']"
14881,F,F900,AMA UA /OV PNH/TM 2050/FL400/TP F900/TB LGT CHOP/RM ZAB/FDCS,LGT CHOP,,40000.0,35.24,-101.7,2024-02-09 20:50:00,1.0,M,"('KAMA', 'KLBB', 'KFDX', 'KFDR', 'KDDC')","['s3://noaa-nexrad-level2/2024/02/09/KAMA/KAMA20240209_204827_V06', 's3://noaa-nexrad-level2/2024/02/09/KLBB/KLBB20240209_204447_V06', 's3://noaa-nexrad-level2/2024/02/09/KFDX/KFDX20240209_204927_V06', 's3://noaa-nexrad-level2/2024/02/09/KFDR/KFDR20240209_204620_V06', 's3://noaa-nexrad-level2/2024/02/09/KDDC/KDDC20240209_204550_V06']"
14882,F,C56X,CNU UA /OV CNU270030/TM 2050/FL410/TP C56X/TB CONS MOD/RM ZKCFDC,CONS MOD,,41000.0,37.67028,-96.11590067723677,2024-02-09 20:50:00,3.0,M,"('KICT', 'KTWX', 'KINX', 'KEAX', 'KVNX')","['s3://noaa-nexrad-level2/2024/02/09/KICT/KICT20240209_204623_V06', 's3://noaa-nexrad-level2/2024/02/09/KTWX/KTWX20240209_204425_V06', 's3://noaa-nexrad-level2/2024/02/09/KINX/KINX20240209_204839_V06', 's3://noaa-nexrad-level2/2024/02/09/KEAX/KEAX20240209_204529_V06', 's3://noaa-nexrad-level2/2024/02/09/KVNX/KVNX20240209_204504_V06']"
14883,F,LJ60,ORF UA /OV ORF/TM 2050/FL290/TP LJ60/TB MOD CHOP,MOD CHOP,,29000.0,36.90333,-76.19222,2024-02-09 20:50:00,3.0,M,"('KAKQ', 'KDOX', 'KMHX', 'KLWX', 'KRAX')","['s3://noaa-nexrad-level2/2024/02/09/KAKQ/KAKQ20240209_204756_V06', 's3://noaa-nexrad-level2/2024/02/09/KDOX/KDOX20240209_204711_V06', 's3://noaa-nexrad-level2/2024/02/09/KMHX/KMHX20240209_204700_V06', 's3://noaa-nexrad-level2/2024/02/09/KLWX/KLWX20240209_204538_V06', 's3://noaa-nexrad-level2/2024/02/09/KRAX/KRAX20240209_204454_V06']"
14884,F,A319,GSO UA /OV GSO200025/TM 2050/FL230/TP A319/TB CONS LGT/RM ZTLFD-29,CONS LGT,,23000.0,35.7059296933482,-80.11999265611833,2024-02-09 20:50:00,1.0,M,"('KFCX', 'KRAX', 'KCAE', 'KGSP', 'KLTX')","['s3://noaa-nexrad-level2/2024/02/09/KFCX/KFCX20240209_204722_V06', 's3://noaa-nexrad-level2/2024/02/09/KRAX/KRAX20240209_204454_V06', 's3://noaa-nexrad-level2/2024/02/09/KCAE/KCAE20240209_204028_V06', 's3://noaa-nexrad-level2/2024/02/09/KGSP/KGSP20240209_204637_V06', 's3://noaa-nexrad-level2/2024/02/09/KLTX/KLTX20240209_204739_V06']"
14885,F,P28A,IAH UA /OV 10NW ELA/TM 2051/FL030/TP P28A/TB MOD CHOP /RM LT RAIN,MOD CHOP,,3000.0,29.69620381601481,-96.47893048620568,2024-02-09 20:51:00,3.0,L,"('KGRK', 'KHGX', 'KEWX', 'KCRP', 'KFWS')","['s3://noaa-nexrad-level2/2024/02/09/KGRK/KGRK20240209_205047_V06', 's3://noaa-nexrad-level2/2024/02/09/KHGX/KHGX20240209_204822_V06', 's3://noaa-nexrad-level2/2024/02/09/KEWX/KEWX20240209_204742_V06', 's3://noaa-nexrad-level2/2024/02/09/KCRP/KCRP20240209_204918_V06', 's3://noaa-nexrad-level2/2024/02/09/KFWS/KFWS20240209_205020_V06']"
14886,F,PC12,MCG UA /OV MCG/TM 2051/FL230/TP PC12/TB CONT LGT/RM ZAN,CONT LGT,,23000.0,62.95,-155.6,2024-02-09 20:51:00,1.0,L,"('PAKC', 'PAHG', 'PABC', 'PAPD', 'PAEC')","['s3://noaa-nexrad-level2/2024/02/09/PAKC/PAKC20240209_204924_V06', 's3://noaa-nexrad-level2/2024/02/09/PAHG/PAHG20240209_204854_V06', 's3://noaa-nexrad-level2/2024/02/09/PABC/PABC20240209_205039_V06', 's3://noaa-nexrad-level2/2024/02/09/PAPD/PAPD20240209_204552_V06', 's3://noaa-nexrad-level2/2024/02/09/PAEC/PAEC20240209_204624_V06']"
14887,F,B737,PSK UA /OV PSK110025/TM 2051/FL300/TP B737/TB CONS LGT OCNL MOD/RM ZTLFD-43,CONS LGT OCNL MOD,,30000.0,36.994830063756254,-80.1872921508415,2024-02-09 20:51:00,2.0,M,"('KFCX', 'KRLX', 'KRAX', 'KGSP', 'KAKQ')","['s3://noaa-nexrad-level2/2024/02/09/KFCX/KFCX20240209_204722_V06', 's3://noaa-nexrad-level2/2024/02/09/KRLX/KRLX20240209_204533_V06', 's3://noaa-nexrad-level2/2024/02/09/KRAX/KRAX20240209_205024_V06', 's3://noaa-nexrad-level2/2024/02/09/KGSP/KGSP20240209_204637_V06', 's3://noaa-nexrad-level2/2024/02/09/KAKQ/KAKQ20240209_204756_V06']"
14888,F,CRJ9,LOZ UA /OV LVT020030/TM 2051/FL260/TP CRJ9/TB MOD,MOD,,26000.0,37.04988436798215,-84.95702555116173,2024-02-09 20:51:00,3.0,U,"('KLVX', 'KJKL', 'KMRX', 'KOHX', 'KHPX')","['s3://noaa-nexrad-level2/2024/02/09/KLVX/KLVX20240209_204700_V06', 's3://noaa-nexrad-level2/2024/02/09/KJKL/KJKL20240209_204754_V06', 's3://noaa-nexrad-level2/2024/02/09/KMRX/KMRX20240209_204945_V06', 's3://noaa-nexrad-level2/2024/02/09/KOHX/KOHX20240209_204940_V06', 's3://noaa-nexrad-level2/2024/02/09/KHPX/KHPX20240209_204804_V06']"
14889,F,B738,AVL UA /OV 3555N 08309W /TM 2052/FL370/TP B738/TB LGT CHOP CONS /RM AWC-WEB,LGT CHOP CONS,,37000.0,35.9166,-83.15,2024-02-09 20:52:00,1.0,M,"('KMRX', 'KGSP', 'KJKL', 'KRLX', 'KCAE')","['s3://noaa-nexrad-level2/2024/02/09/KMRX/KMRX20240209_204945_V06', 's3://noaa-nexrad-level2/2024/02/09/KGSP/KGSP20240209_205154_V06', 's3://noaa-nexrad-level2/2024/02/09/KJKL/KJKL20240209_204754_V06', 's3://noaa-nexrad-level2/2024/02/09/KRLX/KRLX20240209_204533_V06', 's3://noaa-nexrad-level2/2024/02/09/KCAE/KCAE20240209_205007_V06']"
14890,F,CL35,CAE UA /OV CAE/TM 2052/FL400/TP CL35/TB CONS LGT OCNL MOD,CONS LGT OCNL MOD,,40000.0,33.9419,-81.1181,2024-02-09 20:52:00,2.0,U,"('KCAE', 'KCLX', 'KGSP', 'KJGX', 'KLTX')","['s3://noaa-nexrad-level2/2024/02/09/KCAE/KCAE20240209_205007_V06', 's3://noaa-nexrad-level2/2024/02/09/KCLX/KCLX20240209_204526_V06', 's3://noaa-nexrad-level2/2024/02/09/KGSP/KGSP20240209_205154_V06', 's3://noaa-nexrad-level2/2024/02/09/KJGX/KJGX20240209_204720_V06', 's3://noaa-nexrad-level2/2024/02/09/KLTX/KLTX20240209_205157_V06']"
14891,F,B737,DDC UA /OV DDC090040/TM 2052/FL340/TP B737/TB CONS LGT OCNL MOD/RM ZKCFDC,CONS LGT OCNL MOD,,34000.0,37.76312,-99.12205626100476,2024-02-09 20:52:00,2.0,M,"('KDDC', 'KVNX', 'KICT', 'KUEX', 'KOUN')","['s3://noaa-nexrad-level2/2024/02/09/KDDC/KDDC20240209_204550_V06', 's3://noaa-nexrad-level2/2024/02/09/KVNX/KVNX20240209_205145_V06', 's3://noaa-nexrad-level2/2024/02/09/KICT/KICT20240209_204623_V06', 's3://noaa-nexrad-level2/2024/02/09/KUEX/KUEX20240209_204756_V06']"
14892,F,C441,MZZ UA /OV MZZ360015/TM 2052/FL270/TP C441/TB OCNL LGT CHOP,OCNL LGT CHOP,,27000.0,40.73988395002025,-85.6797319,2024-02-09 20:52:00,1.0,L,"('KIWX', 'KIND', 'KGRR', 'KILN', 'KLOT')","['s3://noaa-nexrad-level2/2024/02/09/KIWX/KIWX20240209_204621_V06', 's3://noaa-nexrad-level2/2024/02/09/KIND/KIND20240209_204626_V06', 's3://noaa-nexrad-level2/2024/02/09/KGRR/KGRR20240209_204741_V06', 's3://noaa-nexrad-level2/2024/02/09/KILN/KILN20240209_204726_V06', 's3://noaa-nexrad-level2/2024/02/09/KLOT/KLOT20240209_205122_V06']"
14893,F,B788,W99 UA /OV ESL/TM 2052/FL190/TP B788/TB MOD,MOD,,19000.0,39.23,-78.99,2024-02-09 20:52:00,3.0,U,"('KLWX', 'KPBZ', 'KCCX', 'KFCX', 'KRLX')","['s3://noaa-nexrad-level2/2024/02/09/KLWX/KLWX20240209_204538_V06', 's3://noaa-nexrad-level2/2024/02/09/KPBZ/KPBZ20240209_204817_V06', 's3://noaa-nexrad-level2/2024/02/09/KCCX/KCCX20240209_204712_V06', 's3://noaa-nexrad-level2/2024/02/09/KFCX/KFCX20240209_204722_V06', 's3://noaa-nexrad-level2/2024/02/09/KRLX/KRLX20240209_204533_V06']"
14894,F,CRJ9,HUF UA /OV TTH/TM 2052/FL220/TP CRJ9/TB NEG,NEG,,22000.0,39.49,-87.25,2024-02-09 20:52:00,0.0,U,"('KIND', 'KVWX', 'KLVX', 'KILX', 'KLOT')","['s3://noaa-nexrad-level2/2024/02/09/KIND/KIND20240209_204626_V06', 's3://noaa-nexrad-level2/2024/02/09/KVWX/KVWX20240209_204459_V06', 's3://noaa-nexrad-level2/2024/02/09/KLVX/KLVX20240209_205121_V06', 's3://noaa-nexrad-level2/2024/02/09/KILX/KILX20240209_152426_V06', 's3://noaa-nexrad-level2/2024/02/09/KLOT/KLOT20240209_205122_V06']"
14895,F,A320,GNV UA /OV TAY080030/TM 2054/FL360/TP A320/TB NEG,NEG,,36000.0,30.586831121591693,-81.9784736591231,2024-02-09 20:54:00,0.0,M,"('KJAX', 'KVAX', 'KCLX', 'KTLH', 'KJGX')","['s3://noaa-nexrad-level2/2024/02/09/KJAX/KJAX20240209_205340_V06', 's3://noaa-nexrad-level2/2024/02/09/KVAX/KVAX20240209_205056_V06', 's3://noaa-nexrad-level2/2024/02/09/KCLX/KCLX20240209_204526_V06', 's3://noaa-nexrad-level2/2024/02/09/KTLH/KTLH20240209_204732_V06', 's3://noaa-nexrad-level2/2024/02/09/KJGX/KJGX20240209_204720_V06']"
14896,F,BE9L,DNL UA /OV IRQ270045/TM 2054/FL230/TP BE9L/TA M20/TB NEG/IC MOD RIME/RM ZTLFD-19,NEG,,23000.0,33.71,-83.06167000560635,2024-02-09 20:54:00,0.0,L,"('KJGX', 'KGSP', 'KFFC', 'KCAE', 'KCLX')","['s3://noaa-nexrad-level2/2024/02/09/KJGX/KJGX20240209_204720_V06', 's3://noaa-nexrad-level2/2024/02/09/KGSP/KGSP20240209_205154_V06', 's3://noaa-nexrad-level2/2024/02/09/KFFC/KFFC20240209_204948_V06', 's3://noaa-nexrad-level2/2024/02/09/KCAE/KCAE20240209_205007_V06', 's3://noaa-nexrad-level2/2024/02/09/KCLX/KCLX20240209_204526_V06']"
14897,F,C560,SGF UA /OV SGF220030/TM 2055/FL390/TP C560/TB LGT/RM ZKCFDC,LGT,,39000.0,36.85664675360954,-93.79343756601682,2024-02-09 20:55:00,1.0,M,"('KSGF', 'KSRX', 'KINX', 'KEAX', 'KLZK')","['s3://noaa-nexrad-level2/2024/02/09/KSGF/KSGF20240209_205452_V06', 's3://noaa-nexrad-level2/2024/02/09/KSRX/KSRX20240209_205441_V06', 's3://noaa-nexrad-level2/2024/02/09/KINX/KINX20240209_205401_V06', 's3://noaa-nexrad-level2/2024/02/09/KEAX/KEAX20240209_205216_V06', 's3://noaa-nexrad-level2/2024/02/09/KLZK/KLZK20240209_205425_V06']"
14898,F,DH8A,PASV UA /OV SQA075045/TM 2055/FL240/TP DH8A/TB LGT/RM ZAN,LGT,,24000.0,61.2941300070996,-154.13087014368338,2024-02-09 20:55:00,1.0,M,"('PAHG', 'PAKC', 'PAPD', 'PABC', 'PAIH')","['s3://noaa-nexrad-level2/2024/02/09/PAHG/PAHG20240209_205329_V06', 's3://noaa-nexrad-level2/2024/02/09/PAKC/PAKC20240209_204924_V06', 's3://noaa-nexrad-level2/2024/02/09/PAPD/PAPD20240209_205254_V06', 's3://noaa-nexrad-level2/2024/02/09/PABC/PABC20240209_205039_V06', 's3://noaa-nexrad-level2/2024/02/09/PAIH/PAIH20240209_205407_V06']"
14899,F,A20N,TRI UA /OV HMV/TM 2055/FL270/TP A20N/TB MOD CHOP/RM ZTLFD-42,MOD CHOP,,27000.0,36.44,-82.13,2024-02-09 20:55:00,3.0,U,"('KMRX', 'KGSP', 'KJKL', 'KRLX', 'KFCX')","['s3://noaa-nexrad-level2/2024/02/09/KMRX/KMRX20240209_204945_V06', 's3://noaa-nexrad-level2/2024/02/09/KGSP/KGSP20240209_205154_V06', 's3://noaa-nexrad-level2/2024/02/09/KJKL/KJKL20240209_205217_V06', 's3://noaa-nexrad-level2/2024/02/09/KRLX/KRLX20240209_205229_V06', 's3://noaa-nexrad-level2/2024/02/09/KFCX/KFCX20240209_205231_V06']"
14900,F,GLF5,SPA UA /OV SPA200030/TM 2055/FL210/TP GLF5/TA M20/TB NEG/IC LGT RIME/RM ZTLFD-31,NEG,,21000.0,34.445837832017844,-82.16506707132979,2024-02-09 20:55:00,0.0,M,"('KGSP', 'KCAE', 'KCLX', 'KMRX', 'KJGX')","['s3://noaa-nexrad-level2/2024/02/09/KGSP/KGSP20240209_205154_V06', 's3://noaa-nexrad-level2/2024/02/09/KCAE/KCAE20240209_205007_V06', 's3://noaa-nexrad-level2/2024/02/09/KCLX/KCLX20240209_205400_V06', 's3://noaa-nexrad-level2/2024/02/09/KMRX/KMRX20240209_204945_V06', 's3://noaa-nexrad-level2/2024/02/09/KJGX/KJGX20240209_205401_V06']"
14901,F,C525,TRI UA /OV HMV250015/TM 2056/FL280/TP C525/TB MOD 240-275/RM ZTLFD-42,MOD 240-275,,28000.0,36.35448803825376,-82.42204254119706,2024-02-09 20:56:00,3.0,L,"('KMRX', 'KGSP', 'KJKL', 'KRLX', 'KFCX')","['s3://noaa-nexrad-level2/2024/02/09/KMRX/KMRX20240209_205545_V06', 's3://noaa-nexrad-level2/2024/02/09/KGSP/KGSP20240209_205154_V06', 's3://noaa-nexrad-level2/2024/02/09/KJKL/KJKL20240209_205217_V06', 's3://noaa-nexrad-level2/2024/02/09/KRLX/KRLX20240209_205229_V06', 's3://noaa-nexrad-level2/2024/02/09/KFCX/KFCX20240209_205231_V06']"
14902,F,B737,HKY UA /OV BZM280035/TM 2056/FL220/TP B737/TB OCNL MOD CHOP/RM ZTLFD-44,OCNL MOD CHOP,,22000.0,35.971302975190305,-81.94897605625648,2024-02-09 20:56:00,3.0,M,"('KGSP', 'KMRX', 'KFCX', 'KJKL', 'KCAE')","['s3://noaa-nexrad-level2/2024/02/09/KGSP/KGSP20240209_205154_V06', 's3://noaa-nexrad-level2/2024/02/09/KMRX/KMRX20240209_205545_V06', 's3://noaa-nexrad-level2/2024/02/09/KFCX/KFCX20240209_205231_V06', 's3://noaa-nexrad-level2/2024/02/09/KJKL/KJKL20240209_205217_V06', 's3://noaa-nexrad-level2/2024/02/09/KCAE/KCAE20240209_205007_V06']"
14903,F,B737,LAF UA /OV 4034N 08721W /TM 2057/FL390/TP B737/TB LGT CHOP OCNL /RM MOSTLY SMOOTH AWC-WEB,LGT CHOP OCNL,,39000.0,40.5666,-87.35,2024-02-09 20:57:00,1.0,M,"('KLOT', 'KIND', 'KIWX', 'KILX', 'KVWX')","['s3://noaa-nexrad-level2/2024/02/09/KLOT/KLOT20240209_205122_V06', 's3://noaa-nexrad-level2/2024/02/09/KIND/KIND20240209_205340_V06', 's3://noaa-nexrad-level2/2024/02/09/KIWX/KIWX20240209_205319_V06', 's3://noaa-nexrad-level2/2024/02/09/KILX/KILX20240209_152426_V06', 's3://noaa-nexrad-level2/2024/02/09/KVWX/KVWX20240209_205206_V06']"
14904,F,A320,BIE UA /OV PWE/TM 2058/FL250/TP A320/TB MOD CHOP /RM DURD,MOD CHOP,,25000.0,40.2,-96.21,2024-02-09 20:58:00,3.0,M,"('KOAX', 'KTWX', 'KUEX', 'KEAX', 'KICT')","['s3://noaa-nexrad-level2/2024/02/09/KOAX/KOAX20240209_205517_V06', 's3://noaa-nexrad-level2/2024/02/09/KTWX/KTWX20240209_205241_V06', 's3://noaa-nexrad-level2/2024/02/09/KUEX/KUEX20240209_205304_V06', 's3://noaa-nexrad-level2/2024/02/09/KEAX/KEAX20240209_205216_V06', 's3://noaa-nexrad-level2/2024/02/09/KICT/KICT20240209_205439_V06']"
14905,F,BE9L,LAA UA /OV LAA215020/TM 2058/FL190/TP BE9L/TB LGT-MOD 190-240/RM DURC. ZDV,LGT-MOD 190-240,,19000.0,37.79692720144303,-102.93093798111413,2024-02-09 20:58:00,2.0,L,"('KPUX', 'KGLD', 'KFTG', 'KAMA', 'KDDC')","['s3://noaa-nexrad-level2/2024/02/09/KPUX/KPUX20240209_205728_V06', 's3://noaa-nexrad-level2/2024/02/09/KGLD/KGLD20240209_205449_V06', 's3://noaa-nexrad-level2/2024/02/09/KFTG/KFTG20240209_205654_V06', 's3://noaa-nexrad-level2/2024/02/09/KAMA/KAMA20240209_205517_V06', 's3://noaa-nexrad-level2/2024/02/09/KDDC/KDDC20240209_205430_V06']"
14906,F,B737,MCI UA /OV BQS350015/TM 2059/FL370/TP B737/TB OCNL LGT/RM ZKCFDC,OCNL LGT,,37000.0,39.87622188063,-93.93637071280824,2024-02-09 20:59:00,1.0,M,"('KEAX', 'KDMX', 'KTWX', 'KSGF', 'KOAX')","['s3://noaa-nexrad-level2/2024/02/09/KEAX/KEAX20240209_205216_V06', 's3://noaa-nexrad-level2/2024/02/09/KDMX/KDMX20240209_205332_V06', 's3://noaa-nexrad-level2/2024/02/09/KTWX/KTWX20240209_205241_V06', 's3://noaa-nexrad-level2/2024/02/09/KSGF/KSGF20240209_205452_V06', 's3://noaa-nexrad-level2/2024/02/09/KOAX/KOAX20240209_205517_V06']"
14907,F,MULT,SRQ UA /OV SRQ295270/TM 2059/FL340/TP MULT/TB INTMT LGT CHOP,INTMT LGT CHOP,,34000.0,29.3033262223436,-87.15277084931162,2024-02-09 20:59:00,1.0,U,"('KMOB', 'KEVX', 'KEOX', 'KLIX', 'KTLH')","['s3://noaa-nexrad-level2/2024/02/09/KMOB/KMOB20240209_205534_V06', 's3://noaa-nexrad-level2/2024/02/09/KEVX/KEVX20240209_205337_V06', 's3://noaa-nexrad-level2/2024/02/09/KEOX/KEOX20240209_205446_V06', 's3://noaa-nexrad-level2/2024/02/09/KTLH/KTLH20240209_205426_V06']"
14908,F,B739,SPA UA /OV SPA350015/TM 2059/FL340/TP B739/TB OCNL LGT CHOP/RM ZTLFD-34,OCNL LGT CHOP,,34000.0,35.16194408062999,-82.00944613864783,2024-02-09 20:59:00,1.0,M,"('KGSP', 'KCAE', 'KMRX', 'KFCX', 'KCLX')","['s3://noaa-nexrad-level2/2024/02/09/KGSP/KGSP20240209_205725_V06', 's3://noaa-nexrad-level2/2024/02/09/KCAE/KCAE20240209_205007_V06', 's3://noaa-nexrad-level2/2024/02/09/KMRX/KMRX20240209_205545_V06', 's3://noaa-nexrad-level2/2024/02/09/KFCX/KFCX20240209_205746_V06', 's3://noaa-nexrad-level2/2024/02/09/KCLX/KCLX20240209_205400_V06']"
14909,F,B748,ANC UA /OV TED250010/TM 2100/FL030/TP B748/WV 100050/TB LGT/RM NEELL6,LGT,,3000.0,61.11299202550251,-150.3148114509197,2024-02-09 21:00:00,1.0,U,"('PAHG', 'PAIH', 'PAIH', 'PAPD', 'PAKC')","['s3://noaa-nexrad-level2/2024/02/09/PAHG/PAHG20240209_205806_V06', 's3://noaa-nexrad-level2/2024/02/09/PAIH/PAIH20240209_205836_V06', 's3://noaa-nexrad-level2/2024/02/09/PAIH/PAIH20240209_205836_V06', 's3://noaa-nexrad-level2/2024/02/09/PAPD/PAPD20240209_205957_V06', 's3://noaa-nexrad-level2/2024/02/09/PAKC/PAKC20240209_205623_V06']"
14910,F,TOBA,CHA UA /OV GQO100040/TM 2100/FL070/TP TOBA/SK IMC/TB LGT CHOP/RM ZTLFD-38,LGT CHOP,,7000.0,34.84422517121108,-84.34884100076899,2024-02-09 21:00:00,1.0,U,"('KFFC', 'KMRX', 'KHTX', 'KGSP', 'KJGX')","['s3://noaa-nexrad-level2/2024/02/09/KFFC/KFFC20240209_205632_V06', 's3://noaa-nexrad-level2/2024/02/09/KMRX/KMRX20240209_205545_V06', 's3://noaa-nexrad-level2/2024/02/09/KHTX/KHTX20240209_205707_V06', 's3://noaa-nexrad-level2/2024/02/09/KGSP/KGSP20240209_205725_V06', 's3://noaa-nexrad-level2/2024/02/09/KJGX/KJGX20240209_205401_V06']"
14911,F,PC12,ENA UA /OV ANC-ENA238029 /TM 2100 /FL260 /TP PC12 /TB LGT /IC NEG/RM DURC ANC 9NW LGT TURB 050-060 SMOOTH ABOVE TO F260 (AKFSS),LGT,,26000.0,60.57,-151.24,2024-02-09 21:00:00,1.0,L,"('PAHG', 'PAIH', 'PAIH', 'PAKC', 'PAPD')","['s3://noaa-nexrad-level2/2024/02/09/PAHG/PAHG20240209_205806_V06', 's3://noaa-nexrad-level2/2024/02/09/PAIH/PAIH20240209_205836_V06', 's3://noaa-nexrad-level2/2024/02/09/PAIH/PAIH20240209_205836_V06', 's3://noaa-nexrad-level2/2024/02/09/PAKC/PAKC20240209_205623_V06', 's3://noaa-nexrad-level2/2024/02/09/PAPD/PAPD20240209_205957_V06']"
14912,F,PC12,ENA UA /OV ANC-ENA238029 /TM 2100 /FL260 /TP PC12 /TB LGT /IC NEG /RM DURC ANC 9NW LGT TURB 050-060 SMOOTH ABOVE TO F260 (AKFSS,LGT,,26000.0,60.57,-151.24,2024-02-09 21:00:00,1.0,L,"('PAHG', 'PAIH', 'PAIH', 'PAKC', 'PAPD')","['s3://noaa-nexrad-level2/2024/02/09/PAHG/PAHG20240209_205806_V06', 's3://noaa-nexrad-level2/2024/02/09/PAIH/PAIH20240209_205836_V06', 's3://noaa-nexrad-level2/2024/02/09/PAIH/PAIH20240209_205836_V06', 's3://noaa-nexrad-level2/2024/02/09/PAKC/PAKC20240209_205623_V06', 's3://noaa-nexrad-level2/2024/02/09/PAPD/PAPD20240209_205957_V06']"
14913,F,C680,PKB UA /OV JPU/TM 2100/FL360/TP C680/TB CONS LGT-OCNL MOD CHOP,CONS LGT-OCNL MOD CHOP,,36000.0,39.44,-81.37,2024-02-09 21:00:00,2.0,U,"('KRLX', 'KPBZ', 'KCLE', 'KILN', 'KFCX')","['s3://noaa-nexrad-level2/2024/02/09/KRLX/KRLX20240209_205927_V06', 's3://noaa-nexrad-level2/2024/02/09/KPBZ/KPBZ20240209_205509_V06', 's3://noaa-nexrad-level2/2024/02/09/KCLE/KCLE20240209_205426_V06', 's3://noaa-nexrad-level2/2024/02/09/KILN/KILN20240209_205424_V06', 's3://noaa-nexrad-level2/2024/02/09/KFCX/KFCX20240209_205746_V06']"
14914,F,B737,FAT UA /OV VIS /TM 2101/FL320/TP B737/TB MOD CHOP /RM AWC-WEB,MOD CHOP,,32000.0,36.31867,-119.39289,2024-02-09 21:01:00,3.0,M,"('KHNX', 'KVBX', 'KVTX', 'KEYX', 'KMUX')","['s3://noaa-nexrad-level2/2024/02/09/KHNX/KHNX20240209_205755_V06', 's3://noaa-nexrad-level2/2024/02/09/KVBX/KVBX20240209_205740_V06', 's3://noaa-nexrad-level2/2024/02/09/KVTX/KVTX20240209_205513_V06', 's3://noaa-nexrad-level2/2024/02/09/KEYX/KEYX20240209_205737_V06', 's3://noaa-nexrad-level2/2024/02/09/KMUX/KMUX20240209_205304_V06']"
14915,F,A20N,IND UA /OV IMS/TM 2101/FL280/TP A20N/TB MOD DURD,MOD DURD,,28000.0,38.7589,-85.4655,2024-02-09 21:01:00,3.0,U,"('KLVX', 'KIND', 'KILN', 'KVWX', 'KJKL')","['s3://noaa-nexrad-level2/2024/02/09/KLVX/KLVX20240209_210004_V06', 's3://noaa-nexrad-level2/2024/02/09/KIND/KIND20240209_210037_V06', 's3://noaa-nexrad-level2/2024/02/09/KILN/KILN20240209_205424_V06', 's3://noaa-nexrad-level2/2024/02/09/KVWX/KVWX20240209_205912_V06', 's3://noaa-nexrad-level2/2024/02/09/KJKL/KJKL20240209_205644_V06']"
14916,F,B737,LAF UA /OV 3959N 08711W /TM 2102/FL390/TP B737/TB LGT CHOP CONS /RM AWC-WEB,LGT CHOP CONS,,39000.0,39.9833,-87.1833,2024-02-09 21:02:00,1.0,M,"('KIND', 'KVWX', 'KLOT', 'KIWX', 'KILX')","['s3://noaa-nexrad-level2/2024/02/09/KIND/KIND20240209_210037_V06', 's3://noaa-nexrad-level2/2024/02/09/KVWX/KVWX20240209_205912_V06', 's3://noaa-nexrad-level2/2024/02/09/KLOT/KLOT20240209_205811_V06', 's3://noaa-nexrad-level2/2024/02/09/KIWX/KIWX20240209_210017_V06', 's3://noaa-nexrad-level2/2024/02/09/KILX/KILX20240209_152426_V06']"
14917,F,BE40,ADM UA /OV ADM355040/TM 2102/FL380/TP BE40/TB LGT-MOD/RM ZFW,LGT-MOD,,38000.0,34.96738359329532,-97.08984362536796,2024-02-09 21:02:00,2.0,M,"('KTLX', 'KOUN', 'KINX', 'KFDR', 'KVNX')","['s3://noaa-nexrad-level2/2024/02/09/KTLX/KTLX20240209_205655_V06', 's3://noaa-nexrad-level2/2024/02/09/KINX/KINX20240209_205918_V06', 's3://noaa-nexrad-level2/2024/02/09/KFDR/KFDR20240209_210017_V06', 's3://noaa-nexrad-level2/2024/02/09/KVNX/KVNX20240209_205828_V06']"
14918,F,SR22,CSV UA /OV HCH360020/TM 2102/FL080/TP SR22/WX BR/TB LGT CHOP/RM ZTLFD-41,LGT CHOP,,8000.0,36.11336033336033,-84.98,2024-02-09 21:02:00,1.0,L,"('KMRX', 'KOHX', 'KHTX', 'KLVX', 'KJKL')","['s3://noaa-nexrad-level2/2024/02/09/KMRX/KMRX20240209_210136_V06', 's3://noaa-nexrad-level2/2024/02/09/KOHX/KOHX20240209_205849_V06', 's3://noaa-nexrad-level2/2024/02/09/KHTX/KHTX20240209_205707_V06', 's3://noaa-nexrad-level2/2024/02/09/KLVX/KLVX20240209_210004_V06', 's3://noaa-nexrad-level2/2024/02/09/KJKL/KJKL20240209_210107_V06']"
14919,F,B739,TYS UA /OV VXV180020/TM 2103/FL320/TP B739/TB LGT CHOP/RM ZTLFD-39,LGT CHOP,,32000.0,35.56663966663967,-83.89,2024-02-09 21:03:00,1.0,M,"('KMRX', 'KGSP', 'KJKL', 'KHTX', 'KFFC')","['s3://noaa-nexrad-level2/2024/02/09/KMRX/KMRX20240209_210136_V06', 's3://noaa-nexrad-level2/2024/02/09/KGSP/KGSP20240209_210236_V06', 's3://noaa-nexrad-level2/2024/02/09/KJKL/KJKL20240209_210107_V06', 's3://noaa-nexrad-level2/2024/02/09/KHTX/KHTX20240209_210206_V06', 's3://noaa-nexrad-level2/2024/02/09/KFFC/KFFC20240209_205632_V06']"
14920,F,B737,JNU UA /OV JNU /TM 2105 /FL270 /TP B737 /SK OVC009-TOP240/ OVC270/TB LGT 020-070 /IC NEG /RM (AKFSS),LGT 020-070,,27000.0,58.35,-134.57,2024-02-09 21:05:00,1.0,M,"('PACG', 'PAIH', 'PAIH', 'PAPD', 'KLGX')","['s3://noaa-nexrad-level2/2024/02/09/PACG/PACG20240209_210053_V06', 's3://noaa-nexrad-level2/2024/02/09/PAIH/PAIH20240209_210301_V06', 's3://noaa-nexrad-level2/2024/02/09/PAIH/PAIH20240209_210301_V06', 's3://noaa-nexrad-level2/2024/02/09/PAPD/PAPD20240209_205957_V06', 's3://noaa-nexrad-level2/2024/02/09/KLGX/KLGX20240209_210416_V06']"
14921,F,B737,JNU UA /OV JNU /TM 2105 /FL270 /TP B737 /SK OVC009-TOP240/ OVC270 /TB LGT 020-070 /IC NEG /RM (AKFSS,LGT 020-070,,27000.0,58.35,-134.57,2024-02-09 21:05:00,1.0,M,"('PACG', 'PAIH', 'PAIH', 'PAPD', 'KLGX')","['s3://noaa-nexrad-level2/2024/02/09/PACG/PACG20240209_210053_V06', 's3://noaa-nexrad-level2/2024/02/09/PAIH/PAIH20240209_210301_V06', 's3://noaa-nexrad-level2/2024/02/09/PAIH/PAIH20240209_210301_V06', 's3://noaa-nexrad-level2/2024/02/09/PAPD/PAPD20240209_205957_V06', 's3://noaa-nexrad-level2/2024/02/09/KLGX/KLGX20240209_210416_V06']"
14922,F,F2TH,SPI UA /OV SPI160025/TM 2105/FL410/TP F2TH/TB CONS LGT OCNL MOD CHOP/RM ZKCFDC,CONS LGT OCNL MOD CHOP,,41000.0,39.45312969334821,-89.49827493524091,2024-02-09 21:05:00,2.0,M,"('KILX', 'KLSX', 'KVWX', 'KDVN', 'KPAH')","['s3://noaa-nexrad-level2/2024/02/09/KILX/KILX20240209_152426_V06', 's3://noaa-nexrad-level2/2024/02/09/KLSX/KLSX20240209_210443_V06', 's3://noaa-nexrad-level2/2024/02/09/KVWX/KVWX20240209_205912_V06', 's3://noaa-nexrad-level2/2024/02/09/KDVN/KDVN20240209_210305_V06', 's3://noaa-nexrad-level2/2024/02/09/KPAH/KPAH20240209_210032_V06']"
14923,F,PC12,TKA UA /OV TKA260100/TM 2105/FL210/TP PC12/TB CONS LGT/RM ZAN,CONS LGT,,21000.0,62.03056292802769,-153.6236119438051,2024-02-09 21:05:00,1.0,L,"('PAHG', 'PAKC', 'PAPD', 'PAIH', 'PAIH')","['s3://noaa-nexrad-level2/2024/02/09/PAHG/PAHG20240209_210243_V06', 's3://noaa-nexrad-level2/2024/02/09/PAKC/PAKC20240209_210323_V06', 's3://noaa-nexrad-level2/2024/02/09/PAPD/PAPD20240209_205957_V06', 's3://noaa-nexrad-level2/2024/02/09/PAIH/PAIH20240209_210301_V06', 's3://noaa-nexrad-level2/2024/02/09/PAIH/PAIH20240209_210301_V06']"
14924,F,B737,CHA UA /OV GQO110018/TM 2105/FL370/TP B737/TB NEG/RM ZTLFD-36,NEG,,37000.0,34.85738564590451,-84.80599434122253,2024-02-09 21:05:00,0.0,M,"('KHTX', 'KFFC', 'KMRX', 'KOHX', 'KMXX')","['s3://noaa-nexrad-level2/2024/02/09/KHTX/KHTX20240209_210206_V06', 's3://noaa-nexrad-level2/2024/02/09/KFFC/KFFC20240209_210313_V06', 's3://noaa-nexrad-level2/2024/02/09/KMRX/KMRX20240209_210136_V06', 's3://noaa-nexrad-level2/2024/02/09/KOHX/KOHX20240209_210331_V06', 's3://noaa-nexrad-level2/2024/02/09/KMXX/KMXX20240209_205806_V06']"
14925,F,B752,IRK UA /OV IRK090015/TM 2106/FL370/TP B752/TB MOD CHOP/RM ZKCFDC,MOD CHOP,,37000.0,40.09722,-92.21648591489055,2024-02-09 21:06:00,3.0,M,"('KLSX', 'KDMX', 'KDVN', 'KEAX', 'KILX')","['s3://noaa-nexrad-level2/2024/02/09/KLSX/KLSX20240209_210443_V06', 's3://noaa-nexrad-level2/2024/02/09/KDMX/KDMX20240209_210036_V06', 's3://noaa-nexrad-level2/2024/02/09/KDVN/KDVN20240209_210305_V06', 's3://noaa-nexrad-level2/2024/02/09/KEAX/KEAX20240209_205911_V06', 's3://noaa-nexrad-level2/2024/02/09/KILX/KILX20240209_152426_V06']"
14926,F,A359,COU UA /OV COU270020/TM 2106/FL390/TP A359/TB CONS MOD/RM ZKCFDC,CONS MOD,,39000.0,38.8169,-92.64614958453228,2024-02-09 21:06:00,3.0,U,"('KEAX', 'KSGF', 'KLSX', 'KDMX', 'KDVN')","['s3://noaa-nexrad-level2/2024/02/09/KEAX/KEAX20240209_205911_V06', 's3://noaa-nexrad-level2/2024/02/09/KSGF/KSGF20240209_210458_V06', 's3://noaa-nexrad-level2/2024/02/09/KLSX/KLSX20240209_210443_V06', 's3://noaa-nexrad-level2/2024/02/09/KDMX/KDMX20240209_210036_V06', 's3://noaa-nexrad-level2/2024/02/09/KDVN/KDVN20240209_210305_V06']"
14927,F,C680,LAA UA /OV LAA355030/TM 2107/FL260/TP C680/TB MOD/RM ZDV,MOD,,26000.0,38.56813769497149,-102.7434184740398,2024-02-09 21:07:00,3.0,U,"('KGLD', 'KPUX', 'KFTG', 'KDDC', 'KCYS')","['s3://noaa-nexrad-level2/2024/02/09/KGLD/KGLD20240209_210141_V06', 's3://noaa-nexrad-level2/2024/02/09/KPUX/KPUX20240209_210433_V06', 's3://noaa-nexrad-level2/2024/02/09/KFTG/KFTG20240209_210354_V06', 's3://noaa-nexrad-level2/2024/02/09/KDDC/KDDC20240209_210310_V06', 's3://noaa-nexrad-level2/2024/02/09/KCYS/KCYS20240209_210256_V06']"
14928,F,A321,HKY UA /OV BZM270020/TM 2108/FL240/TP A321/TB LGT-MOD CHOP/RM ZTLFD-42,LGT-MOD CHOP,,24000.0,35.87,-81.65137894555008,2024-02-09 21:08:00,2.0,M,"('KGSP', 'KMRX', 'KFCX', 'KCAE', 'KJKL')","['s3://noaa-nexrad-level2/2024/02/09/KGSP/KGSP20240209_210759_V06', 's3://noaa-nexrad-level2/2024/02/09/KMRX/KMRX20240209_210743_V06', 's3://noaa-nexrad-level2/2024/02/09/KFCX/KFCX20240209_210301_V06', 's3://noaa-nexrad-level2/2024/02/09/KCAE/KCAE20240209_205947_V06', 's3://noaa-nexrad-level2/2024/02/09/KJKL/KJKL20240209_210530_V06']"
14929,F,B738,TYS UA /OV VXV/TM 2108/FL190/TP B738/TA M18/TB LGT /IC TRACE-LGT/RM ZTLFD-45,LGT,,19000.0,35.9,-83.89,2024-02-09 21:08:00,1.0,M,"('KMRX', 'KJKL', 'KGSP', 'KHTX', 'KFFC')","['s3://noaa-nexrad-level2/2024/02/09/KMRX/KMRX20240209_210743_V06', 's3://noaa-nexrad-level2/2024/02/09/KJKL/KJKL20240209_210530_V06', 's3://noaa-nexrad-level2/2024/02/09/KGSP/KGSP20240209_210759_V06', 's3://noaa-nexrad-level2/2024/02/09/KHTX/KHTX20240209_210719_V06', 's3://noaa-nexrad-level2/2024/02/09/KFFC/KFFC20240209_210313_V06']"
14930,F,SR22,BNA UA /OV 2A1/TM 2109/FL080/TP SR22/TB LGT- MOD CHOP,LGT- MOD CHOP,,8000.0,36.34,-84.94,2024-02-09 21:09:00,2.0,L,"('KMRX', 'KOHX', 'KHTX', 'KLVX', 'KJKL')","['s3://noaa-nexrad-level2/2024/02/09/KMRX/KMRX20240209_210743_V06', 's3://noaa-nexrad-level2/2024/02/09/KOHX/KOHX20240209_210811_V06', 's3://noaa-nexrad-level2/2024/02/09/KHTX/KHTX20240209_210719_V06', 's3://noaa-nexrad-level2/2024/02/09/KLVX/KLVX20240209_210847_V06', 's3://noaa-nexrad-level2/2024/02/09/KJKL/KJKL20240209_210530_V06']"
14931,F,A359,COU UA /OV COU180010/TM 2110/FL370/TP A359/TB LGT CHOP/RM ZKCFDC,LGT CHOP,,37000.0,38.65021983331983,-92.2183,2024-02-09 21:10:00,1.0,U,"('KLSX', 'KSGF', 'KEAX', 'KILX', 'KDVN')","['s3://noaa-nexrad-level2/2024/02/09/KLSX/KLSX20240209_210443_V06', 's3://noaa-nexrad-level2/2024/02/09/KSGF/KSGF20240209_210458_V06', 's3://noaa-nexrad-level2/2024/02/09/KEAX/KEAX20240209_210603_V06', 's3://noaa-nexrad-level2/2024/02/09/KILX/KILX20240209_152426_V06', 's3://noaa-nexrad-level2/2024/02/09/KDVN/KDVN20240209_210956_V06']"
14932,F,B737,HUT UA /OV HUT/TM 2110/FL330/TP B737/TB CONS MOD CAT 330/RM ZKCFDC,CONS MOD CAT 330,,33000.0,38.0655,-97.86064,2024-02-09 21:10:00,3.0,M,"('KICT', 'KVNX', 'KTWX', 'KDDC', 'KUEX')","['s3://noaa-nexrad-level2/2024/02/09/KICT/KICT20240209_210403_V06', 's3://noaa-nexrad-level2/2024/02/09/KVNX/KVNX20240209_210621_V06', 's3://noaa-nexrad-level2/2024/02/09/KTWX/KTWX20240209_210912_V06', 's3://noaa-nexrad-level2/2024/02/09/KDDC/KDDC20240209_210310_V06', 's3://noaa-nexrad-level2/2024/02/09/KUEX/KUEX20240209_210828_V06']"
14933,F,B738,BWI UA /OV FLAAG/TM 2110/FL055/TP B738/TB MOD CHOP/RM DURD 075-055,MOD CHOP,,5500.0,39.17331653,-76.68414363,2024-02-09 21:10:00,3.0,M,"('KLWX', 'KDOX', 'KCCX', 'KAKQ', 'KDIX')","['s3://noaa-nexrad-level2/2024/02/09/KLWX/KLWX20240209_210608_V06', 's3://noaa-nexrad-level2/2024/02/09/KDOX/KDOX20240209_210728_V06', 's3://noaa-nexrad-level2/2024/02/09/KCCX/KCCX20240209_210756_V06', 's3://noaa-nexrad-level2/2024/02/09/KAKQ/KAKQ20240209_210816_V06', 's3://noaa-nexrad-level2/2024/02/09/KDIX/KDIX20240209_210346_V06']"
14934,F,B739,LKV UA /OV LKV273016/TM 2111/FL340/TP B739/TB NEG/RM SMOOTH...ZSE,NEG,,34000.0,42.175067385455904,-120.75836371925767,2024-02-09 21:11:00,0.0,M,"('KMAX', 'KRGX', 'KBBX', 'KDAX', 'KBHX')","['s3://noaa-nexrad-level2/2024/02/09/KMAX/KMAX20240209_210046_V06', 's3://noaa-nexrad-level2/2024/02/09/KRGX/KRGX20240209_210646_V06', 's3://noaa-nexrad-level2/2024/02/09/KBBX/KBBX20240209_210433_V06', 's3://noaa-nexrad-level2/2024/02/09/KDAX/KDAX20240209_210908_V06', 's3://noaa-nexrad-level2/2024/02/09/KBHX/KBHX20240209_210320_V06']"
14935,F,A35K,SZL UA /OV SZL270010/TM 2111/FL380/TP A35K/TB MOD 400/RM ZKCFDC,MOD 400,,38000.0,38.73029,-93.76165519487498,2024-02-09 21:11:00,3.0,U,"('KEAX', 'KSGF', 'KTWX', 'KDMX', 'KLSX')","['s3://noaa-nexrad-level2/2024/02/09/KEAX/KEAX20240209_210603_V06', 's3://noaa-nexrad-level2/2024/02/09/KSGF/KSGF20240209_210458_V06', 's3://noaa-nexrad-level2/2024/02/09/KTWX/KTWX20240209_210912_V06', 's3://noaa-nexrad-level2/2024/02/09/KDMX/KDMX20240209_210739_V06', 's3://noaa-nexrad-level2/2024/02/09/KLSX/KLSX20240209_210443_V06']"
14936,F,B737,TAD UA /OV TBE085045/TM 2111/FL220/TP B737/TB CONS MOD CHOP/RM ZAB/FDCS,CONS MOD CHOP,,22000.0,37.335372101777416,-102.66105138721264,2024-02-09 21:11:00,3.0,M,"('KPUX', 'KGLD', 'KAMA', 'KDDC', 'KFDX')","['s3://noaa-nexrad-level2/2024/02/09/KPUX/KPUX20240209_210433_V06', 's3://noaa-nexrad-level2/2024/02/09/KGLD/KGLD20240209_210834_V06', 's3://noaa-nexrad-level2/2024/02/09/KAMA/KAMA20240209_210844_V06', 's3://noaa-nexrad-level2/2024/02/09/KDDC/KDDC20240209_210310_V06', 's3://noaa-nexrad-level2/2024/02/09/KFDX/KFDX20240209_211014_V06']"
14937,F,B712,ATL UA /OV ATL070040/TM 2111/FL210/TP B712/TB NEG/IC NEG/RM 170-210 LGT RIME / ZTLFD-16,NEG,,21000.0,33.858131897989985,-83.68935030919761,2024-02-09 21:11:00,0.0,M,"('KFFC', 'KJGX', 'KGSP', 'KMRX', 'KMXX')","['s3://noaa-nexrad-level2/2024/02/09/KFFC/KFFC20240209_210953_V06', 's3://noaa-nexrad-level2/2024/02/09/KJGX/KJGX20240209_210725_V06', 's3://noaa-nexrad-level2/2024/02/09/KGSP/KGSP20240209_210759_V06', 's3://noaa-nexrad-level2/2024/02/09/KMRX/KMRX20240209_210743_V06', 's3://noaa-nexrad-level2/2024/02/09/KMXX/KMXX20240209_210646_V06']"
14938,F,GLF3,SPA UA /OV SPA360030/TM 2111/FL390/TP GLF3/TB NEG/RM DURD / ZTLFD-15,NEG,,39000.0,35.415762700040496,-81.9565,2024-02-09 21:11:00,0.0,M,"('KGSP', 'KMRX', 'KCAE', 'KFCX', 'KJKL')","['s3://noaa-nexrad-level2/2024/02/09/KGSP/KGSP20240209_210759_V06', 's3://noaa-nexrad-level2/2024/02/09/KMRX/KMRX20240209_210743_V06', 's3://noaa-nexrad-level2/2024/02/09/KCAE/KCAE20240209_210926_V06', 's3://noaa-nexrad-level2/2024/02/09/KFCX/KFCX20240209_210939_V06', 's3://noaa-nexrad-level2/2024/02/09/KJKL/KJKL20240209_211004_V06']"
14939,F,CRJ7,DFW UA /OV TTT130020/TM 2111/FL170/TP CRJ7/TB MOD/RM DURD 170-120,MOD,,17000.0,32.655720108155,-96.7359547950375,2024-02-09 21:11:00,3.0,M,"('KFWS', 'KGRK', 'KDYX', 'KOUN', 'KTLX')","['s3://noaa-nexrad-level2/2024/02/09/KFWS/KFWS20240209_211015_V06', 's3://noaa-nexrad-level2/2024/02/09/KGRK/KGRK20240209_210853_V06', 's3://noaa-nexrad-level2/2024/02/09/KDYX/KDYX20240209_210635_V06', 's3://noaa-nexrad-level2/2024/02/09/KTLX/KTLX20240209_210739_V06']"
14940,F,CRJ7,BNA UA /OV BNA090040/TM 2112/FL240/TP CRJ7/TB OCNL MOD/RM ZME,OCNL MOD,,24000.0,36.11889,-85.86381185486177,2024-02-09 21:12:00,3.0,M,"('KOHX', 'KHTX', 'KHPX', 'KLVX', 'KMRX')","['s3://noaa-nexrad-level2/2024/02/09/KOHX/KOHX20240209_210811_V06', 's3://noaa-nexrad-level2/2024/02/09/KHTX/KHTX20240209_210719_V06', 's3://noaa-nexrad-level2/2024/02/09/KHPX/KHPX20240209_211150_V06', 's3://noaa-nexrad-level2/2024/02/09/KLVX/KLVX20240209_210847_V06', 's3://noaa-nexrad-level2/2024/02/09/KMRX/KMRX20240209_210743_V06']"
14941,F,A20N,SRQ UA /OV SRQ280217/TM 2112/FL350/TP A20N/TB NEG,NEG,,35000.0,28.029468446179912,-86.57076695002743,2024-02-09 21:12:00,0.0,U,"('KEVX', 'KMOB', 'KTLH', 'KEOX', 'KLIX')","['s3://noaa-nexrad-level2/2024/02/09/KEVX/KEVX20240209_210750_V06', 's3://noaa-nexrad-level2/2024/02/09/KMOB/KMOB20240209_210926_V06', 's3://noaa-nexrad-level2/2024/02/09/KTLH/KTLH20240209_210814_V06', 's3://noaa-nexrad-level2/2024/02/09/KEOX/KEOX20240209_210844_V06']"
14942,F,A321,CRG UA /OV CRG/TM 2113/FL370/TP A321/TB OCNL LGT CHOP,OCNL LGT CHOP,,37000.0,30.3361,-81.5147,2024-02-09 21:13:00,1.0,M,"('KJAX', 'KVAX', 'KCLX', 'KMLB', 'KTBW')","['s3://noaa-nexrad-level2/2024/02/09/KJAX/KJAX20240209_210730_V06', 's3://noaa-nexrad-level2/2024/02/09/KVAX/KVAX20240209_211143_V06', 's3://noaa-nexrad-level2/2024/02/09/KCLX/KCLX20240209_211049_V06', 's3://noaa-nexrad-level2/2024/02/09/KMLB/KMLB20240209_211016_V06', 's3://noaa-nexrad-level2/2024/02/09/KTBW/KTBW20240209_211156_V06']"
14943,F,B737,SPA UA /OV SPA330015/TM 2113/FL320/TP B737/TB LGT CHOP/RM ZTLFD-50,LGT CHOP,,32000.0,35.13224608797807,-82.10895233022079,2024-02-09 21:13:00,1.0,M,"('KGSP', 'KCAE', 'KMRX', 'KFCX', 'KCLX')","['s3://noaa-nexrad-level2/2024/02/09/KGSP/KGSP20240209_210759_V06', 's3://noaa-nexrad-level2/2024/02/09/KCAE/KCAE20240209_210926_V06', 's3://noaa-nexrad-level2/2024/02/09/KMRX/KMRX20240209_210743_V06', 's3://noaa-nexrad-level2/2024/02/09/KFCX/KFCX20240209_210939_V06', 's3://noaa-nexrad-level2/2024/02/09/KCLX/KCLX20240209_211049_V06']"
14944,F,E170,ACT UA /OV ACT135035/TM 2113/FL270/TP E170/TB MOD/RM ZHU,MOD,,27000.0,31.205457633479025,-96.74388183746716,2024-02-09 21:13:00,3.0,U,"('KGRK', 'KFWS', 'KEWX', 'KHGX', 'KDYX')","['s3://noaa-nexrad-level2/2024/02/09/KGRK/KGRK20240209_211154_V06', 's3://noaa-nexrad-level2/2024/02/09/KFWS/KFWS20240209_211015_V06', 's3://noaa-nexrad-level2/2024/02/09/KEWX/KEWX20240209_211243_V06', 's3://noaa-nexrad-level2/2024/02/09/KHGX/KHGX20240209_211055_V06', 's3://noaa-nexrad-level2/2024/02/09/KDYX/KDYX20240209_210635_V06']"
14945,F,E135,LMT UA /OV LMT087034/TM 2114/FL360/TP E135/TB NEG/RM SMOOTH...ZSE,NEG,,36000.0,42.1765994440938,-120.96086301139022,2024-02-09 21:14:00,0.0,M,"('KMAX', 'KBBX', 'KRGX', 'KBHX', 'KDAX')","['s3://noaa-nexrad-level2/2024/02/09/KMAX/KMAX20240209_211102_V06', 's3://noaa-nexrad-level2/2024/02/09/KBBX/KBBX20240209_211134_V06', 's3://noaa-nexrad-level2/2024/02/09/KRGX/KRGX20240209_210646_V06', 's3://noaa-nexrad-level2/2024/02/09/KBHX/KBHX20240209_211155_V06', 's3://noaa-nexrad-level2/2024/02/09/KDAX/KDAX20240209_210908_V06']"
14946,F,P28A,RYN UA /OV RYN /TM 2114 /FL075 /TP P28A /TB LGT,LGT,,7500.0,32.14222,-111.17458,2024-02-09 21:14:00,1.0,L,"('KEMX', 'KIWA', 'KFSX', 'KFSX', 'KYUX')","['s3://noaa-nexrad-level2/2024/02/09/KEMX/KEMX20240209_211346_V06', 's3://noaa-nexrad-level2/2024/02/09/KIWA/KIWA20240209_211047_V06', 's3://noaa-nexrad-level2/2024/02/09/KFSX/KFSX20240209_210913_V06', 's3://noaa-nexrad-level2/2024/02/09/KFSX/KFSX20240209_210913_V06', 's3://noaa-nexrad-level2/2024/02/09/KYUX/KYUX20240209_210959_V06']"
14947,F,CRJ7,ALB UA /OV ALB190015/TM 2114/FL340/TP CRJ7/TB CONS LGT CHOP,CONS LGT CHOP,,34000.0,42.511348119370005,-73.86274050966664,2024-02-09 21:14:00,1.0,M,"('KENX', 'KOKX', 'KCXX', 'KBGM', 'KTYX')","['s3://noaa-nexrad-level2/2024/02/09/KENX/KENX20240209_211034_V06', 's3://noaa-nexrad-level2/2024/02/09/KOKX/KOKX20240209_210747_V06', 's3://noaa-nexrad-level2/2024/02/09/KCXX/KCXX20240209_211339_V06', 's3://noaa-nexrad-level2/2024/02/09/KBGM/KBGM20240209_211108_V06', 's3://noaa-nexrad-level2/2024/02/09/KTYX/KTYX20240209_211306_V06']"
14948,F,E190,HFD UA /OV HFD/TM 2115/FL340/TP E190/TB NEG,NEG,,34000.0,41.73672,-72.64944,2024-02-09 21:15:00,0.0,U,"('KOKX', 'KBOX', 'KENX', 'KDIX', 'KCXX')","['s3://noaa-nexrad-level2/2024/02/09/KOKX/KOKX20240209_211447_V06', 's3://noaa-nexrad-level2/2024/02/09/KBOX/KBOX20240209_211015_V06', 's3://noaa-nexrad-level2/2024/02/09/KENX/KENX20240209_211034_V06', 's3://noaa-nexrad-level2/2024/02/09/KDIX/KDIX20240209_211034_V06', 's3://noaa-nexrad-level2/2024/02/09/KCXX/KCXX20240209_211339_V06']"
14949,F,E75S,MSP UA /OV KMSP/TM 2115/FL130/TP E75S/SK 030 BASE 070 TOP /TA M06/TB NEG/IC LGT RIME 070 BLO/RM DURC WEST OUT OF KMSP,NEG,,13000.0,44.88537,-93.23131,2024-02-09 21:15:00,0.0,U,"('KMPX', 'KDLH', 'KARX', 'KDMX', 'KFSD')","['s3://noaa-nexrad-level2/2024/02/09/KMPX/KMPX20240209_211258_V06', 's3://noaa-nexrad-level2/2024/02/09/KDLH/KDLH20240209_211425_V06', 's3://noaa-nexrad-level2/2024/02/09/KARX/KARX20240209_210934_V06', 's3://noaa-nexrad-level2/2024/02/09/KDMX/KDMX20240209_211443_V06', 's3://noaa-nexrad-level2/2024/02/09/KFSD/KFSD20240209_211121_V06']"
14950,F,C172,SBD UA /OV ONT048012 /TM 2117 /FL040 /TP C172 /TB CONS LGT,CONS LGT,,4000.0,34.18983696119843,-117.42177818938154,2024-02-09 21:17:00,1.0,L,"('KSOX', 'KEYX', 'KNKX', 'KVTX', 'KESX')","['s3://noaa-nexrad-level2/2024/02/09/KSOX/KSOX20240209_211543_V06', 's3://noaa-nexrad-level2/2024/02/09/KEYX/KEYX20240209_211137_V06', 's3://noaa-nexrad-level2/2024/02/09/KNKX/KNKX20240209_211619_V06', 's3://noaa-nexrad-level2/2024/02/09/KVTX/KVTX20240209_211637_V06', 's3://noaa-nexrad-level2/2024/02/09/KESX/KESX20240209_211548_V06']"
14951,F,C25C,ENL UA /OV ENL345037/TM 2117/FL430/TP C25C/TB LGT CHOP/RM MTN WAVE +/- 100 FT ZKCFDC,LGT CHOP,,43000.0,39.1107825075882,-89.2951391965824,2024-02-09 21:17:00,1.0,U,"('KILX', 'KLSX', 'KVWX', 'KPAH', 'KLOT')","['s3://noaa-nexrad-level2/2024/02/09/KILX/KILX20240209_211659_V06', 's3://noaa-nexrad-level2/2024/02/09/KLSX/KLSX20240209_211137_V06', 's3://noaa-nexrad-level2/2024/02/09/KVWX/KVWX20240209_211318_V06', 's3://noaa-nexrad-level2/2024/02/09/KPAH/KPAH20240209_211611_V06', 's3://noaa-nexrad-level2/2024/02/09/KLOT/KLOT20240209_211152_V06']"
14952,F,CL30,IND UA /OV SHB/TM 2117/FL400/TP CL30/TB LGT-MOD,LGT-MOD,,40000.0,39.63,-85.82,2024-02-09 21:17:00,2.0,U,"('KIND', 'KLVX', 'KIWX', 'KILN', 'KVWX')","['s3://noaa-nexrad-level2/2024/02/09/KIND/KIND20240209_211451_V06', 's3://noaa-nexrad-level2/2024/02/09/KLVX/KLVX20240209_211308_V06', 's3://noaa-nexrad-level2/2024/02/09/KIWX/KIWX20240209_211413_V06', 's3://noaa-nexrad-level2/2024/02/09/KILN/KILN20240209_211505_V06', 's3://noaa-nexrad-level2/2024/02/09/KVWX/KVWX20240209_211318_V06']"
14953,F,A20N,DAY UA /OV DQN/TM 2117/FL370/TP A20N/TB NEG,NEG,,37000.0,40.02,-84.4,2024-02-09 21:17:00,0.0,U,"('KILN', 'KIWX', 'KIND', 'KLVX', 'KJKL')","['s3://noaa-nexrad-level2/2024/02/09/KILN/KILN20240209_211505_V06', 's3://noaa-nexrad-level2/2024/02/09/KIWX/KIWX20240209_211413_V06', 's3://noaa-nexrad-level2/2024/02/09/KIND/KIND20240209_211451_V06', 's3://noaa-nexrad-level2/2024/02/09/KLVX/KLVX20240209_211308_V06', 's3://noaa-nexrad-level2/2024/02/09/KJKL/KJKL20240209_211438_V06']"
14954,F,B738,UNO UA /OV 3653N 09229W /TM 2118/FL370/TP B738/TB LGT CHOP CONS /RM AWC-WEB,LGT CHOP CONS,,37000.0,36.8833,-92.4833,2024-02-09 21:18:00,1.0,M,"('KSGF', 'KLZK', 'KSRX', 'KLSX', 'KEAX')","['s3://noaa-nexrad-level2/2024/02/09/KSGF/KSGF20240209_211521_V06', 's3://noaa-nexrad-level2/2024/02/09/KLZK/KLZK20240209_211502_V06', 's3://noaa-nexrad-level2/2024/02/09/KSRX/KSRX20240209_211624_V06', 's3://noaa-nexrad-level2/2024/02/09/KLSX/KLSX20240209_211137_V06', 's3://noaa-nexrad-level2/2024/02/09/KEAX/KEAX20240209_211250_V06']"
14955,F,B737,ICT UA /OV ICT350015/TM 2118/FL370/TP B737/TB CONS LGT-MOD 370/RM ZKCFDC,CONS LGT-MOD 370,,37000.0,37.89622188063,-97.48483445911737,2024-02-09 21:18:00,2.0,M,"('KICT', 'KVNX', 'KTWX', 'KDDC', 'KTLX')","['s3://noaa-nexrad-level2/2024/02/09/KICT/KICT20240209_211219_V06', 's3://noaa-nexrad-level2/2024/02/09/KVNX/KVNX20240209_211304_V06', 's3://noaa-nexrad-level2/2024/02/09/KTWX/KTWX20240209_211727_V06', 's3://noaa-nexrad-level2/2024/02/09/KDDC/KDDC20240209_211126_V06', 's3://noaa-nexrad-level2/2024/02/09/KTLX/KTLX20240209_211745_V06']"
14956,F,E75S,IND UA /OV VHP/TM 2118/FL360/TP E75S/TB LGT-MOD,LGT-MOD,,36000.0,39.81,-86.37,2024-02-09 21:18:00,2.0,U,"('KIND', 'KIWX', 'KLVX', 'KVWX', 'KLOT')","['s3://noaa-nexrad-level2/2024/02/09/KIND/KIND20240209_211451_V06', 's3://noaa-nexrad-level2/2024/02/09/KIWX/KIWX20240209_211413_V06', 's3://noaa-nexrad-level2/2024/02/09/KLVX/KLVX20240209_211730_V06', 's3://noaa-nexrad-level2/2024/02/09/KVWX/KVWX20240209_211318_V06', 's3://noaa-nexrad-level2/2024/02/09/KLOT/KLOT20240209_211152_V06']"
14957,F,B753,CMH UA /OV APE170025/TM 2118/FL330/TP B753/TB OCNL LGT CHOP,OCNL LGT CHOP,,33000.0,39.73963019895001,-82.49533340035003,2024-02-09 21:18:00,1.0,M,"('KILN', 'KRLX', 'KCLE', 'KJKL', 'KPBZ')","['s3://noaa-nexrad-level2/2024/02/09/KILN/KILN20240209_211505_V06', 's3://noaa-nexrad-level2/2024/02/09/KRLX/KRLX20240209_211322_V06', 's3://noaa-nexrad-level2/2024/02/09/KCLE/KCLE20240209_211118_V06', 's3://noaa-nexrad-level2/2024/02/09/KJKL/KJKL20240209_211438_V06', 's3://noaa-nexrad-level2/2024/02/09/KPBZ/KPBZ20240209_211639_V06']"
14958,F,B788,CRW UA /OV HVQ/TM 2118/FL400/TP B788/TB OCNL LGT,OCNL LGT,,40000.0,38.35,-81.77,2024-02-09 21:18:00,1.0,U,"('KRLX', 'KJKL', 'KFCX', 'KILN', 'KPBZ')","['s3://noaa-nexrad-level2/2024/02/09/KRLX/KRLX20240209_211322_V06', 's3://noaa-nexrad-level2/2024/02/09/KJKL/KJKL20240209_211438_V06', 's3://noaa-nexrad-level2/2024/02/09/KFCX/KFCX20240209_211454_V06', 's3://noaa-nexrad-level2/2024/02/09/KILN/KILN20240209_211505_V06', 's3://noaa-nexrad-level2/2024/02/09/KPBZ/KPBZ20240209_211639_V06']"
14959,F,A321,LOZ UA /OV AZQ170025/TM 2118/FL280/TP A321/TB MOD CHOP,MOD CHOP,,28000.0,36.97963019895001,-83.16892713596114,2024-02-09 21:18:00,3.0,M,"('KJKL', 'KMRX', 'KRLX', 'KGSP', 'KILN')","['s3://noaa-nexrad-level2/2024/02/09/KJKL/KJKL20240209_211438_V06', 's3://noaa-nexrad-level2/2024/02/09/KMRX/KMRX20240209_211349_V06', 's3://noaa-nexrad-level2/2024/02/09/KRLX/KRLX20240209_211322_V06', 's3://noaa-nexrad-level2/2024/02/09/KGSP/KGSP20240209_211331_V06', 's3://noaa-nexrad-level2/2024/02/09/KILN/KILN20240209_211505_V06']"
14960,F,B738,MIE UA /OV MIE090030/TM 2118/FL330/TP B738/TB LGT CHOP,LGT CHOP,,33000.0,40.24247,-84.74066141713527,2024-02-09 21:18:00,1.0,M,"('KILN', 'KIWX', 'KIND', 'KLVX', 'KDTX')","['s3://noaa-nexrad-level2/2024/02/09/KILN/KILN20240209_211505_V06', 's3://noaa-nexrad-level2/2024/02/09/KIWX/KIWX20240209_211413_V06', 's3://noaa-nexrad-level2/2024/02/09/KIND/KIND20240209_211451_V06', 's3://noaa-nexrad-level2/2024/02/09/KLVX/KLVX20240209_211730_V06', 's3://noaa-nexrad-level2/2024/02/09/KDTX/KDTX20240209_211109_V06']"
14961,F,C182,TRI UA /OV 0A9/TM 2119/FL075/TP C182/WV 28040/TB LGT-MOD CHOP,LGT-MOD CHOP,,7500.0,36.3712222,-82.1734167,2024-02-09 21:19:00,2.0,L,"('KMRX', 'KGSP', 'KJKL', 'KRLX', 'KFCX')","['s3://noaa-nexrad-level2/2024/02/09/KMRX/KMRX20240209_211349_V06', 's3://noaa-nexrad-level2/2024/02/09/KGSP/KGSP20240209_211331_V06', 's3://noaa-nexrad-level2/2024/02/09/KJKL/KJKL20240209_211438_V06', 's3://noaa-nexrad-level2/2024/02/09/KRLX/KRLX20240209_211322_V06', 's3://noaa-nexrad-level2/2024/02/09/KFCX/KFCX20240209_211454_V06']"
14962,F,B737,BNA UA /OV BNA225060/TM 2119/FL210/TP B737/TB MOD /RM ZME,MOD,,21000.0,35.4117259431069,-87.5645945120022,2024-02-09 21:19:00,3.0,M,"('KOHX', 'KHPX', 'KHTX', 'KGWX', 'KPAH')","['s3://noaa-nexrad-level2/2024/02/09/KOHX/KOHX20240209_211731_V06', 's3://noaa-nexrad-level2/2024/02/09/KHPX/KHPX20240209_211635_V06', 's3://noaa-nexrad-level2/2024/02/09/KHTX/KHTX20240209_211850_V06', 's3://noaa-nexrad-level2/2024/02/09/KGWX/KGWX20240209_211559_V06', 's3://noaa-nexrad-level2/2024/02/09/KPAH/KPAH20240209_211611_V06']"
14963,F,A320,TYS UA /OV VXV/TM 2119/FL250/TP A320/TB LGT 230-250/RM ZTLFD-39,LGT 230-250,,25000.0,35.9,-83.89,2024-02-09 21:19:00,1.0,M,"('KMRX', 'KJKL', 'KGSP', 'KHTX', 'KFFC')","['s3://noaa-nexrad-level2/2024/02/09/KMRX/KMRX20240209_211349_V06', 's3://noaa-nexrad-level2/2024/02/09/KJKL/KJKL20240209_211438_V06', 's3://noaa-nexrad-level2/2024/02/09/KGSP/KGSP20240209_211331_V06', 's3://noaa-nexrad-level2/2024/02/09/KHTX/KHTX20240209_211850_V06', 's3://noaa-nexrad-level2/2024/02/09/KFFC/KFFC20240209_211634_V06']"
14964,F,B738,DFW UA /OV TTT120030/TM 2120/FL170/TP B738/TA M15/TB MOD/IC MOD RIME/RM DURD 170-120,MOD,,17000.0,32.61997974997975,-96.52440810367813,2024-02-09 21:20:00,3.0,M,"('KFWS', 'KGRK', 'KSHV', 'KDYX', 'KOUN')","['s3://noaa-nexrad-level2/2024/02/09/KFWS/KFWS20240209_211645_V06', 's3://noaa-nexrad-level2/2024/02/09/KGRK/KGRK20240209_211756_V06', 's3://noaa-nexrad-level2/2024/02/09/KSHV/KSHV20240209_211726_V06', 's3://noaa-nexrad-level2/2024/02/09/KDYX/KDYX20240209_211454_V06']"
14965,F,A20N,LOZ UA /OV LOZ/TM 2120/FL350/TP A20N/TB NEG,NEG,,35000.0,37.087,-84.077,2024-02-09 21:20:00,0.0,U,"('KJKL', 'KMRX', 'KLVX', 'KILN', 'KOHX')","['s3://noaa-nexrad-level2/2024/02/09/KJKL/KJKL20240209_211913_V06', 's3://noaa-nexrad-level2/2024/02/09/KMRX/KMRX20240209_211956_V06', 's3://noaa-nexrad-level2/2024/02/09/KLVX/KLVX20240209_211730_V06', 's3://noaa-nexrad-level2/2024/02/09/KILN/KILN20240209_211505_V06', 's3://noaa-nexrad-level2/2024/02/09/KOHX/KOHX20240209_211731_V06']"
14966,F,E75S,TBN UA /OV TBN/TM 2122/FL220/TP E75S/TB LGT CONS CHOP/RM ZKCFDC,LGT CONS CHOP,,22000.0,37.74163,-92.14074,2024-02-09 21:22:00,1.0,U,"('KSGF', 'KLSX', 'KEAX', 'KLZK', 'KNQA')","['s3://noaa-nexrad-level2/2024/02/09/KSGF/KSGF20240209_211521_V06', 's3://noaa-nexrad-level2/2024/02/09/KLSX/KLSX20240209_211843_V06', 's3://noaa-nexrad-level2/2024/02/09/KEAX/KEAX20240209_211937_V06', 's3://noaa-nexrad-level2/2024/02/09/KLZK/KLZK20240209_212131_V06', 's3://noaa-nexrad-level2/2024/02/09/KNQA/KNQA20240209_212044_V06']"
14967,F,B737,UIN UA /OV UIN/TM 2122/FL330/TP B737/TB CONS LGT OCNL MOD CHOP/RM ZKCFDC,CONS LGT OCNL MOD CHOP,,33000.0,39.94285,-91.19458,2024-02-09 21:22:00,2.0,M,"('KLSX', 'KDVN', 'KILX', 'KDMX', 'KEAX')","['s3://noaa-nexrad-level2/2024/02/09/KLSX/KLSX20240209_211843_V06', 's3://noaa-nexrad-level2/2024/02/09/KDVN/KDVN20240209_211639_V06', 's3://noaa-nexrad-level2/2024/02/09/KILX/KILX20240209_211659_V06', 's3://noaa-nexrad-level2/2024/02/09/KDMX/KDMX20240209_212147_V06', 's3://noaa-nexrad-level2/2024/02/09/KEAX/KEAX20240209_211937_V06']"
14968,F,SR22,ARW UA /OV CHS225030 /TM 2122 /FL090 /TP SR22 /WX FV99SM /TA 07 /WV 26026KT /TB NEG /RM LYR ABV,NEG,,9000.0,32.54501797155345,-80.46161490490225,2024-02-09 21:22:00,0.0,L,"('KCLX', 'KCAE', 'KJAX', 'KLTX', 'KJGX')","['s3://noaa-nexrad-level2/2024/02/09/KCLX/KCLX20240209_211923_V06', 's3://noaa-nexrad-level2/2024/02/09/KCAE/KCAE20240209_211905_V06', 's3://noaa-nexrad-level2/2024/02/09/KJAX/KJAX20240209_212108_V06', 's3://noaa-nexrad-level2/2024/02/09/KLTX/KLTX20240209_211757_V06', 's3://noaa-nexrad-level2/2024/02/09/KJGX/KJGX20240209_212049_V06']"
14969,F,B738,SGF UA /OV DGD/TM 2122/FL200/TP B738/TB NEG/RM ZKCFDC,NEG,,20000.0,37.02,-92.88,2024-02-09 21:22:00,0.0,M,"('KSGF', 'KEAX', 'KLZK', 'KSRX', 'KLSX')","['s3://noaa-nexrad-level2/2024/02/09/KSGF/KSGF20240209_211521_V06', 's3://noaa-nexrad-level2/2024/02/09/KEAX/KEAX20240209_211937_V06', 's3://noaa-nexrad-level2/2024/02/09/KLZK/KLZK20240209_212131_V06', 's3://noaa-nexrad-level2/2024/02/09/KSRX/KSRX20240209_211624_V06', 's3://noaa-nexrad-level2/2024/02/09/KLSX/KLSX20240209_211843_V06']"
14970,F,PRM1,SZL UA /OV SZL330010/TM 2122/FL410/TP PRM1/TB MOD/RM ZKCFDC,MOD,,41000.0,38.874639258652046,-93.65482259743747,2024-02-09 21:22:00,3.0,L,"('KEAX', 'KSGF', 'KTWX', 'KDMX', 'KLSX')","['s3://noaa-nexrad-level2/2024/02/09/KEAX/KEAX20240209_211937_V06', 's3://noaa-nexrad-level2/2024/02/09/KSGF/KSGF20240209_211521_V06', 's3://noaa-nexrad-level2/2024/02/09/KTWX/KTWX20240209_211727_V06', 's3://noaa-nexrad-level2/2024/02/09/KDMX/KDMX20240209_212147_V06', 's3://noaa-nexrad-level2/2024/02/09/KLSX/KLSX20240209_211843_V06']"
14971,F,CRJ9,CLT UA /OV CLT020030/TM 2122/FL270/TP CRJ9/TB CONS MOD CHOP/RM ZTLFD-33,CONS MOD CHOP,,27000.0,35.69243436798215,-80.74495737185417,2024-02-09 21:22:00,3.0,U,"('KFCX', 'KGSP', 'KCAE', 'KRAX', 'KMRX')","['s3://noaa-nexrad-level2/2024/02/09/KFCX/KFCX20240209_212003_V06', 's3://noaa-nexrad-level2/2024/02/09/KGSP/KGSP20240209_211903_V06', 's3://noaa-nexrad-level2/2024/02/09/KCAE/KCAE20240209_211905_V06', 's3://noaa-nexrad-level2/2024/02/09/KRAX/KRAX20240209_211755_V06', 's3://noaa-nexrad-level2/2024/02/09/KMRX/KMRX20240209_211956_V06']"
14972,T,B788,CKB UUA /OV CKB/TM 2124/FL430/TP B788/TB MOD- OCNL SEV,MOD- OCNL SEV,,43000.0,39.29664,-80.22808,2024-02-09 21:24:00,4.0,U,"('KPBZ', 'KRLX', 'KFCX', 'KCLE', 'KCCX')","['s3://noaa-nexrad-level2/2024/02/09/KPBZ/KPBZ20240209_212326_V06', 's3://noaa-nexrad-level2/2024/02/09/KRLX/KRLX20240209_212018_V06', 's3://noaa-nexrad-level2/2024/02/09/KFCX/KFCX20240209_212003_V06', 's3://noaa-nexrad-level2/2024/02/09/KCLE/KCLE20240209_211942_V06', 's3://noaa-nexrad-level2/2024/02/09/KCCX/KCCX20240209_212138_V06']"
14973,F,B737,SDF UA /OV IIU040020/TM 2124/FL220/TP B737/TB CONS LGT CHOP,CONS LGT CHOP,,22000.0,38.35536883092698,-85.30770319547993,2024-02-09 21:24:00,1.0,M,"('KLVX', 'KIND', 'KILN', 'KJKL', 'KVWX')","['s3://noaa-nexrad-level2/2024/02/09/KLVX/KLVX20240209_212156_V06', 's3://noaa-nexrad-level2/2024/02/09/KIND/KIND20240209_212154_V06', 's3://noaa-nexrad-level2/2024/02/09/KILN/KILN20240209_212203_V06', 's3://noaa-nexrad-level2/2024/02/09/KJKL/KJKL20240209_212347_V06', 's3://noaa-nexrad-level2/2024/02/09/KVWX/KVWX20240209_212019_V06']"
14974,F,B738,MSN UA /OV 4234N 08939W /TM 2125/FL370/TP B738/TB NEG /RM AWC-WEB,NEG,,37000.0,42.5666,-89.65,2024-02-09 21:25:00,0.0,M,"('KMKX', 'KDVN', 'KLOT', 'KARX', 'KILX')","['s3://noaa-nexrad-level2/2024/02/09/KMKX/KMKX20240209_212305_V06', 's3://noaa-nexrad-level2/2024/02/09/KDVN/KDVN20240209_212321_V06', 's3://noaa-nexrad-level2/2024/02/09/KLOT/KLOT20240209_211842_V06', 's3://noaa-nexrad-level2/2024/02/09/KARX/KARX20240209_212310_V06', 's3://noaa-nexrad-level2/2024/02/09/KILX/KILX20240209_212347_V06']"
14975,F,B737,BWG UA /OV 3706N 08619W /TM 2125/FL390/TP B737/TB MOD CHOP CONS /RM AWC-WEB,MOD CHOP CONS,,39000.0,37.1,-86.3166,2024-02-09 21:25:00,3.0,M,"('KOHX', 'KLVX', 'KHPX', 'KVWX', 'KHTX')","['s3://noaa-nexrad-level2/2024/02/09/KOHX/KOHX20240209_212212_V06', 's3://noaa-nexrad-level2/2024/02/09/KLVX/KLVX20240209_212156_V06', 's3://noaa-nexrad-level2/2024/02/09/KHPX/KHPX20240209_212121_V06', 's3://noaa-nexrad-level2/2024/02/09/KVWX/KVWX20240209_212019_V06', 's3://noaa-nexrad-level2/2024/02/09/KHTX/KHTX20240209_212438_V06']"
14976,F,A320,DDC UA /OV DDC/TM 2126/FL310/TP A320/TB CONS MOD 320-360/RM ZKCFDC,CONS MOD 320-360,,31000.0,37.76312,-99.96542,2024-02-09 21:26:00,3.0,M,"('KDDC', 'KVNX', 'KGLD', 'KICT', 'KUEX')","['s3://noaa-nexrad-level2/2024/02/09/KDDC/KDDC20240209_211940_V06', 's3://noaa-nexrad-level2/2024/02/09/KVNX/KVNX20240209_211947_V06', 's3://noaa-nexrad-level2/2024/02/09/KGLD/KGLD20240209_212220_V06', 's3://noaa-nexrad-level2/2024/02/09/KICT/KICT20240209_212035_V06', 's3://noaa-nexrad-level2/2024/02/09/KUEX/KUEX20240209_212352_V06']"
14977,F,A320,DHT UA /OV DHT/TM 2127/FL330/TP A320/TB CONS LGT-OCNL MOD/RM ZAB/FDCS,CONS LGT-OCNL MOD,,33000.0,36.02259,-102.54728,2024-02-09 21:27:00,2.0,M,"('KAMA', 'KFDX', 'KLBB', 'KPUX', 'KDDC')","['s3://noaa-nexrad-level2/2024/02/09/KAMA/KAMA20240209_212206_V06', 's3://noaa-nexrad-level2/2024/02/09/KFDX/KFDX20240209_212411_V06', 's3://noaa-nexrad-level2/2024/02/09/KLBB/KLBB20240209_212635_V06', 's3://noaa-nexrad-level2/2024/02/09/KPUX/KPUX20240209_212546_V06', 's3://noaa-nexrad-level2/2024/02/09/KDDC/KDDC20240209_211940_V06']"
14978,F,B738,MIE UA /OV MIE/TM 2127/FL280/TP B738/TB CONS LGT CHOP OCNL LGT,CONS LGT CHOP OCNL LGT,,28000.0,40.24247,-85.39575,2024-02-09 21:27:00,1.0,M,"('KIND', 'KIWX', 'KILN', 'KLVX', 'KGRR')","['s3://noaa-nexrad-level2/2024/02/09/KIND/KIND20240209_212154_V06', 's3://noaa-nexrad-level2/2024/02/09/KIWX/KIWX20240209_212112_V06', 's3://noaa-nexrad-level2/2024/02/09/KILN/KILN20240209_212203_V06', 's3://noaa-nexrad-level2/2024/02/09/KLVX/KLVX20240209_212622_V06', 's3://noaa-nexrad-level2/2024/02/09/KGRR/KGRR20240209_212156_V06']"
14979,F,A319,OMA UA /OV OVR/TM 2127/FL260/TP A319/TB OCNL LGT CHOP,OCNL LGT CHOP,,26000.0,41.17,-95.74,2024-02-09 21:27:00,1.0,M,"('KOAX', 'KDMX', 'KTWX', 'KFSD', 'KEAX')","['s3://noaa-nexrad-level2/2024/02/09/KOAX/KOAX20240209_212319_V06', 's3://noaa-nexrad-level2/2024/02/09/KDMX/KDMX20240209_212147_V06', 's3://noaa-nexrad-level2/2024/02/09/KTWX/KTWX20240209_212549_V06', 's3://noaa-nexrad-level2/2024/02/09/KFSD/KFSD20240209_212538_V06', 's3://noaa-nexrad-level2/2024/02/09/KEAX/KEAX20240209_212628_V06']"
14980,F,P28A,SFB UA /OV KSFB/TM 2127/FL010/TP P28A/SK FEW025/TB NONE,NONE,,1000.0,28.77972,-81.24361,2024-02-09 21:27:00,0.0,L,"('KMLB', 'KTBW', 'KJAX', 'KVAX', 'KAMX')","['s3://noaa-nexrad-level2/2024/02/09/KMLB/KMLB20240209_212419_V06', 's3://noaa-nexrad-level2/2024/02/09/KTBW/KTBW20240209_212040_V06', 's3://noaa-nexrad-level2/2024/02/09/KJAX/KJAX20240209_212108_V06', 's3://noaa-nexrad-level2/2024/02/09/KVAX/KVAX20240209_212529_V06', 's3://noaa-nexrad-level2/2024/02/09/KAMX/KAMX20240209_212649_V06']"
14981,F,B738,COU UA /OV 3852N 09143W /TM 2128/FL370/TP B738/WV 255184KT/TB LGT CHOP INT /RM AWC-WEB,LGT CHOP INT,,37000.0,38.8666,-91.7166,2024-02-09 21:28:00,1.0,M,"('KLSX', 'KSGF', 'KEAX', 'KILX', 'KDVN')","['s3://noaa-nexrad-level2/2024/02/09/KLSX/KLSX20240209_212538_V06', 's3://noaa-nexrad-level2/2024/02/09/KSGF/KSGF20240209_212514_V06', 's3://noaa-nexrad-level2/2024/02/09/KEAX/KEAX20240209_212628_V06', 's3://noaa-nexrad-level2/2024/02/09/KILX/KILX20240209_212347_V06', 's3://noaa-nexrad-level2/2024/02/09/KDVN/KDVN20240209_212321_V06']"
14982,F,A20N,DMN UA /OV DMN/TM 2129/FL390/TP A20N/TB MOD/RM ZAB/FDCS,MOD,,39000.0,32.26231,-107.72064,2024-02-09 21:29:00,3.0,U,"('KEPZ', 'KHDX', 'KEMX', 'KABX', 'KIWA')","['s3://noaa-nexrad-level2/2024/02/09/KEPZ/KEPZ20240209_212613_V06', 's3://noaa-nexrad-level2/2024/02/09/KHDX/KHDX20240209_212844_V06', 's3://noaa-nexrad-level2/2024/02/09/KEMX/KEMX20240209_212723_V06', 's3://noaa-nexrad-level2/2024/02/09/KIWA/KIWA20240209_212805_V06']"
14983,F,BE20,GDP UA /OV ELP090060 /TM 2129 /FL250 /TP BE20 /TB OCNL LGT,OCNL LGT,,25000.0,31.81111,-105.19897405312744,2024-02-09 21:29:00,1.0,M,"('KEPZ', 'KHDX', 'KMAF', 'KFDX', 'KABX')","['s3://noaa-nexrad-level2/2024/02/09/KEPZ/KEPZ20240209_212613_V06', 's3://noaa-nexrad-level2/2024/02/09/KHDX/KHDX20240209_212844_V06', 's3://noaa-nexrad-level2/2024/02/09/KMAF/KMAF20240209_212348_V06', 's3://noaa-nexrad-level2/2024/02/09/KFDX/KFDX20240209_212411_V06']"
14984,F,C172,OKC UA /OV OKC230010/TM 2129/FL040/TP C172/TB LGT CHOP,LGT CHOP,,4000.0,35.2817600540775,-97.7572218716046,2024-02-09 21:29:00,1.0,L,"('KOUN', 'KTLX', 'KVNX', 'KFDR', 'KINX')","['s3://noaa-nexrad-level2/2024/02/09/KTLX/KTLX20240209_212805_V06', 's3://noaa-nexrad-level2/2024/02/09/KVNX/KVNX20240209_212631_V06', 's3://noaa-nexrad-level2/2024/02/09/KFDR/KFDR20240209_212731_V06', 's3://noaa-nexrad-level2/2024/02/09/KINX/KINX20240209_212637_V06']"
14985,F,A319,VJI UA /OV GZG350015/TM 2129/FL290/TP A319/TB LGT-MOD/RM ZTLFD-43,LGT-MOD,,29000.0,37.07622188063,-82.13424113622823,2024-02-09 21:29:00,2.0,M,"('KJKL', 'KRLX', 'KMRX', 'KFCX', 'KGSP')","['s3://noaa-nexrad-level2/2024/02/09/KJKL/KJKL20240209_212822_V06', 's3://noaa-nexrad-level2/2024/02/09/KRLX/KRLX20240209_212715_V06', 's3://noaa-nexrad-level2/2024/02/09/KMRX/KMRX20240209_212602_V06', 's3://noaa-nexrad-level2/2024/02/09/KFCX/KFCX20240209_212512_V06', 's3://noaa-nexrad-level2/2024/02/09/KGSP/KGSP20240209_212504_V06']"
14986,F,A320,LBL UA /OV LBL060050/TM 2130/FL350/TP A320/TB CONS MOD CHOP 350/RM ZKCFDC,CONS MOD CHOP 350,,35000.0,37.46092041670042,-100.05560956556953,2024-02-09 21:30:00,3.0,M,"('KDDC', 'KVNX', 'KGLD', 'KICT', 'KAMA')","['s3://noaa-nexrad-level2/2024/02/09/KDDC/KDDC20240209_212802_V06', 's3://noaa-nexrad-level2/2024/02/09/KVNX/KVNX20240209_212631_V06', 's3://noaa-nexrad-level2/2024/02/09/KGLD/KGLD20240209_212912_V06', 's3://noaa-nexrad-level2/2024/02/09/KICT/KICT20240209_212849_V06', 's3://noaa-nexrad-level2/2024/02/09/KAMA/KAMA20240209_212856_V06']"
14987,F,A332,ORF UA /OV 3216N06509W/TM 2130/FL400/TP A332/TB MOD,MOD,,40000.0,32.2666,-65.15,2024-02-09 21:30:00,3.0,H,"('KBOX', 'KOKX', 'KMHX', 'KDIX', 'KDOX')","['s3://noaa-nexrad-level2/2024/02/09/KBOX/KBOX20240209_212402_V06', 's3://noaa-nexrad-level2/2024/02/09/KOKX/KOKX20240209_212821_V06', 's3://noaa-nexrad-level2/2024/02/09/KMHX/KMHX20240209_212715_V06', 's3://noaa-nexrad-level2/2024/02/09/KDIX/KDIX20240209_212425_V06', 's3://noaa-nexrad-level2/2024/02/09/KDOX/KDOX20240209_212742_V06']"
14988,F,B738,BWG UA /OV 3716N 08536W /TM 2131/FL370/TP B738/WV 269141KT/TB LGT CHOP CONS /RM AWC-WEB,LGT CHOP CONS,,37000.0,37.2666,-85.6,2024-02-09 21:31:00,1.0,M,"('KLVX', 'KOHX', 'KHPX', 'KJKL', 'KVWX')","['s3://noaa-nexrad-level2/2024/02/09/KLVX/KLVX20240209_213053_V06', 's3://noaa-nexrad-level2/2024/02/09/KOHX/KOHX20240209_212653_V06', 's3://noaa-nexrad-level2/2024/02/09/KHPX/KHPX20240209_213052_V06', 's3://noaa-nexrad-level2/2024/02/09/KJKL/KJKL20240209_212822_V06', 's3://noaa-nexrad-level2/2024/02/09/KVWX/KVWX20240209_212725_V06']"
14989,F,BE20,TYS UA /OV VXV030060/TM 2131/FL180/TP BE20/TB LGT-MOD CONS CAT 170-190/RM ZTLFD-41,LGT-MOD CONS CAT 170-190,,18000.0,36.76609555191229,-83.27269778357899,2024-02-09 21:31:00,2.0,M,"('KMRX', 'KJKL', 'KGSP', 'KRLX', 'KILN')","['s3://noaa-nexrad-level2/2024/02/09/KMRX/KMRX20240209_212602_V06', 's3://noaa-nexrad-level2/2024/02/09/KJKL/KJKL20240209_212822_V06', 's3://noaa-nexrad-level2/2024/02/09/KGSP/KGSP20240209_213028_V06', 's3://noaa-nexrad-level2/2024/02/09/KRLX/KRLX20240209_212715_V06', 's3://noaa-nexrad-level2/2024/02/09/KILN/KILN20240209_212853_V06']"
14990,F,A350,GKN UA /OV GKN240030/TM 2131/FL380/TP A350/TB MOD CHOP/RM ZAN,MOD CHOP,,38000.0,61.89997974997975,-146.3769827346645,2024-02-09 21:31:00,3.0,H,"('PAIH', 'PAIH', 'PAPD', 'PAHG', 'PAKC')","['s3://noaa-nexrad-level2/2024/02/09/PAIH/PAIH20240209_212627_V06', 's3://noaa-nexrad-level2/2024/02/09/PAIH/PAIH20240209_212627_V06', 's3://noaa-nexrad-level2/2024/02/09/PAPD/PAPD20240209_212803_V06', 's3://noaa-nexrad-level2/2024/02/09/PAHG/PAHG20240209_213018_V06', 's3://noaa-nexrad-level2/2024/02/09/PAKC/PAKC20240209_212423_V06']"
14991,F,M20P,PNS UA /OV JKA/TM 2132/FL040/TP M20P/WX FV05SM -RA/TB LGT,LGT,,4000.0,30.29046,-87.6717781,2024-02-09 21:32:00,1.0,L,"('KMOB', 'KEVX', 'KLIX', 'KEOX', 'KHDC')","['s3://noaa-nexrad-level2/2024/02/09/KMOB/KMOB20240209_212754_V06', 's3://noaa-nexrad-level2/2024/02/09/KEVX/KEVX20240209_212907_V06', 's3://noaa-nexrad-level2/2024/02/09/KEOX/KEOX20240209_212950_V06']"
14992,F,B190,ADQ UA /OV ADQ/TM 2132/FL007/TP B190/SK TOP110 BASE007/TB NEG/IC LGT MX 040-110/RM DURC ZAN,NEG,,700.0,57.74,-152.49,2024-02-09 21:32:00,0.0,M,"('PAHG', 'PAKC', 'PAIH', 'PAIH', 'PAPD')","['s3://noaa-nexrad-level2/2024/02/09/PAHG/PAHG20240209_213018_V06', 's3://noaa-nexrad-level2/2024/02/09/PAKC/PAKC20240209_213124_V06', 's3://noaa-nexrad-level2/2024/02/09/PAIH/PAIH20240209_213117_V06', 's3://noaa-nexrad-level2/2024/02/09/PAIH/PAIH20240209_213117_V06', 's3://noaa-nexrad-level2/2024/02/09/PAPD/PAPD20240209_212803_V06']"
14993,F,CL35,MIE UA /OV MIE050012/TM 2133/FL450/TP CL35/TB OCNL LGT CHOP,OCNL LGT CHOP,,45000.0,40.371037935107,-85.19501921253831,2024-02-09 21:33:00,1.0,U,"('KIWX', 'KIND', 'KILN', 'KLVX', 'KGRR')","['s3://noaa-nexrad-level2/2024/02/09/KIWX/KIWX20240209_212810_V06', 's3://noaa-nexrad-level2/2024/02/09/KIND/KIND20240209_212847_V06', 's3://noaa-nexrad-level2/2024/02/09/KILN/KILN20240209_212853_V06', 's3://noaa-nexrad-level2/2024/02/09/KLVX/KLVX20240209_213053_V06', 's3://noaa-nexrad-level2/2024/02/09/KGRR/KGRR20240209_212850_V06']"
14994,F,B712,CMH UA /OV ROD310030/TM 2133/FL220/TP B712/TB NEG,NEG,,22000.0,40.61141983776749,-84.54217971324637,2024-02-09 21:33:00,0.0,M,"('KIWX', 'KILN', 'KIND', 'KDTX', 'KGRR')","['s3://noaa-nexrad-level2/2024/02/09/KIWX/KIWX20240209_212810_V06', 's3://noaa-nexrad-level2/2024/02/09/KILN/KILN20240209_212853_V06', 's3://noaa-nexrad-level2/2024/02/09/KIND/KIND20240209_212847_V06', 's3://noaa-nexrad-level2/2024/02/09/KDTX/KDTX20240209_213138_V06', 's3://noaa-nexrad-level2/2024/02/09/KGRR/KGRR20240209_212850_V06']"
14995,F,C56X,SDF UA /OV EWO340014/TM 2133/FL150/TP C56X/TA NOT REPORTED /TB NEG /IC NEG,NEG,,15000.0,37.84927937172501,-85.7807754812643,2024-02-09 21:33:00,0.0,M,"('KLVX', 'KOHX', 'KHPX', 'KIND', 'KVWX')","['s3://noaa-nexrad-level2/2024/02/09/KLVX/KLVX20240209_213053_V06', 's3://noaa-nexrad-level2/2024/02/09/KOHX/KOHX20240209_213134_V06', 's3://noaa-nexrad-level2/2024/02/09/KHPX/KHPX20240209_213052_V06', 's3://noaa-nexrad-level2/2024/02/09/KIND/KIND20240209_212847_V06', 's3://noaa-nexrad-level2/2024/02/09/KVWX/KVWX20240209_212725_V06']"
14996,F,C56X,DNL UA /OV IRQ/TM 2134/FL220/TP C56X/TA M12/TB NEG/IC LGT-MOD RIME 220-250/RM ZTLFD-20,NEG,,22000.0,33.71,-82.16,2024-02-09 21:34:00,0.0,M,"('KCAE', 'KGSP', 'KCLX', 'KJGX', 'KFFC')","['s3://noaa-nexrad-level2/2024/02/09/KCAE/KCAE20240209_212845_V06', 's3://noaa-nexrad-level2/2024/02/09/KGSP/KGSP20240209_213028_V06', 's3://noaa-nexrad-level2/2024/02/09/KCLX/KCLX20240209_212749_V06', 's3://noaa-nexrad-level2/2024/02/09/KJGX/KJGX20240209_212730_V06', 's3://noaa-nexrad-level2/2024/02/09/KFFC/KFFC20240209_212956_V06']"
14997,F,E75L,JLN UA /OV EOS/TM 2134/FL240/TP E75L/TB CONS LGT 240/RM ZKCFDC,CONS LGT 240,,24000.0,36.81,-94.39,2024-02-09 21:34:00,1.0,U,"('KSGF', 'KINX', 'KSRX', 'KEAX', 'KTWX')","['s3://noaa-nexrad-level2/2024/02/09/KSGF/KSGF20240209_212514_V06', 's3://noaa-nexrad-level2/2024/02/09/KINX/KINX20240209_213159_V06', 's3://noaa-nexrad-level2/2024/02/09/KSRX/KSRX20240209_213316_V06', 's3://noaa-nexrad-level2/2024/02/09/KEAX/KEAX20240209_213320_V06', 's3://noaa-nexrad-level2/2024/02/09/KTWX/KTWX20240209_212549_V06']"
14998,F,E75L,PJC UA /OV EWC/TM 2134/FL300/TP E75L/TB MOD CHOP,MOD CHOP,,30000.0,40.83,-80.21,2024-02-09 21:34:00,3.0,U,"('KPBZ', 'KCLE', 'KCCX', 'KBUF', 'KRLX')","['s3://noaa-nexrad-level2/2024/02/09/KPBZ/KPBZ20240209_213005_V06', 's3://noaa-nexrad-level2/2024/02/09/KCLE/KCLE20240209_212801_V06', 's3://noaa-nexrad-level2/2024/02/09/KCCX/KCCX20240209_212827_V06', 's3://noaa-nexrad-level2/2024/02/09/KBUF/KBUF20240209_213011_V06', 's3://noaa-nexrad-level2/2024/02/09/KRLX/KRLX20240209_212715_V06']"
14999,F,GLF4,LKV UA /OV LKV154032/TM 2135/FL430/TP GLF4/TB NEG/RM SMOOTH...ZSE,NEG,,43000.0,41.681714347365485,-120.08364847999724,2024-02-09 21:35:00,0.0,M,"('KRGX', 'KMAX', 'KBBX', 'KLRX', 'KDAX')","['s3://noaa-nexrad-level2/2024/02/09/KRGX/KRGX20240209_213252_V06', 's3://noaa-nexrad-level2/2024/02/09/KMAX/KMAX20240209_213132_V06', 's3://noaa-nexrad-level2/2024/02/09/KBBX/KBBX20240209_213350_V06', 's3://noaa-nexrad-level2/2024/02/09/KLRX/KLRX20240209_213309_V06', 's3://noaa-nexrad-level2/2024/02/09/KDAX/KDAX20240209_213010_V06']"
15000,F,B737,JNU UA /OV JNU /TM 2135 /FL004 /TP B737 /SK OVC004 /WX FV02SM /TB NEG /IC NEG /RM (AKFSS,NEG,,400.0,58.35,-134.57,2024-02-09 21:35:00,0.0,M,"('PACG', 'PAIH', 'PAIH', 'PAPD', 'KLGX')","['s3://noaa-nexrad-level2/2024/02/09/PACG/PACG20240209_213122_V06', 's3://noaa-nexrad-level2/2024/02/09/PAIH/PAIH20240209_213117_V06', 's3://noaa-nexrad-level2/2024/02/09/PAIH/PAIH20240209_213117_V06', 's3://noaa-nexrad-level2/2024/02/09/PAPD/PAPD20240209_212803_V06', 's3://noaa-nexrad-level2/2024/02/09/KLGX/KLGX20240209_213035_V06']"
15001,F,B737,JNU UA /OV JNU /TM 2135 /FL004 /TP B737 /SK OVC004 /WX FV02SM /TBNEG /IC NEG /RM (AKFSS),NEG,,400.0,58.35,-134.57,2024-02-09 21:35:00,0.0,M,"('PACG', 'PAIH', 'PAIH', 'PAPD', 'KLGX')","['s3://noaa-nexrad-level2/2024/02/09/PACG/PACG20240209_213122_V06', 's3://noaa-nexrad-level2/2024/02/09/PAIH/PAIH20240209_213117_V06', 's3://noaa-nexrad-level2/2024/02/09/PAIH/PAIH20240209_213117_V06', 's3://noaa-nexrad-level2/2024/02/09/PAPD/PAPD20240209_212803_V06', 's3://noaa-nexrad-level2/2024/02/09/KLGX/KLGX20240209_213035_V06']"
15002,F,A321,DHT UA /OV DHT250030/TM 2136/FL350/TP A321/TB MOD CAT/RM ZAB/FDCS,MOD CAT,,35000.0,35.85156607650751,-103.1282554881981,2024-02-09 21:36:00,3.0,M,"('KFDX', 'KAMA', 'KLBB', 'KPUX', 'KDDC')","['s3://noaa-nexrad-level2/2024/02/09/KFDX/KFDX20240209_213110_V06', 's3://noaa-nexrad-level2/2024/02/09/KAMA/KAMA20240209_213556_V06', 's3://noaa-nexrad-level2/2024/02/09/KLBB/KLBB20240209_213333_V06', 's3://noaa-nexrad-level2/2024/02/09/KPUX/KPUX20240209_213251_V06', 's3://noaa-nexrad-level2/2024/02/09/KDDC/KDDC20240209_212802_V06']"
15003,F,B77L,FAT UA /OV 4801N14056W /TM 2136/FL330/TP B77L/TB MOD /RM AWC-WEB,MOD,,33000.0,48.166,-140.9333,2024-02-09 21:36:00,3.0,U,"('PACG', 'PAIH', 'PAIH', 'PAHG', 'KLGX')","['s3://noaa-nexrad-level2/2024/02/09/PACG/PACG20240209_213122_V06', 's3://noaa-nexrad-level2/2024/02/09/PAIH/PAIH20240209_213117_V06', 's3://noaa-nexrad-level2/2024/02/09/PAIH/PAIH20240209_213117_V06', 's3://noaa-nexrad-level2/2024/02/09/PAHG/PAHG20240209_213454_V06', 's3://noaa-nexrad-level2/2024/02/09/KLGX/KLGX20240209_213035_V06']"
15004,F,J328,CEZ UA /OV CEZ284010/TM 2137/FL190/TP J328/SK SKC/TB NEG BLO 270/RM ZDV FD,NEG BLO 270,,19000.0,37.34332358188213,-108.83137979472612,2024-02-09 21:37:00,0.0,M,"('KGJX', 'KABX', 'KFSX', 'KFSX', 'KICX')","['s3://noaa-nexrad-level2/2024/02/09/KGJX/KGJX20240209_213309_V06', 's3://noaa-nexrad-level2/2024/02/09/KFSX/KFSX20240209_213053_V06', 's3://noaa-nexrad-level2/2024/02/09/KFSX/KFSX20240209_213053_V06', 's3://noaa-nexrad-level2/2024/02/09/KICX/KICX20240209_213223_V06']"
15005,F,A319,ICT UA /OV ICT/TM 2138/FL330/TP A319/TB LGT-MOD CHOP 300/RM ZKCFDC,LGT-MOD CHOP 300,,33000.0,37.65,-97.43,2024-02-09 21:38:00,2.0,M,"('KICT', 'KVNX', 'KTWX', 'KTLX', 'KINX')","['s3://noaa-nexrad-level2/2024/02/09/KICT/KICT20240209_213705_V06', 's3://noaa-nexrad-level2/2024/02/09/KVNX/KVNX20240209_213315_V06', 's3://noaa-nexrad-level2/2024/02/09/KTWX/KTWX20240209_213405_V06', 's3://noaa-nexrad-level2/2024/02/09/KTLX/KTLX20240209_213517_V06', 's3://noaa-nexrad-level2/2024/02/09/KINX/KINX20240209_213720_V06']"
15006,F,E170,SPA UA /OV SPA045015/TM 2138/FL240/TP E170/TB LGT OCNL MOD/RM ZTLFD-34,LGT OCNL MOD,,24000.0,35.092513214223274,-81.7408998469864,2024-02-09 21:38:00,2.0,U,"('KGSP', 'KCAE', 'KMRX', 'KFCX', 'KCLX')","['s3://noaa-nexrad-level2/2024/02/09/KGSP/KGSP20240209_213600_V06', 's3://noaa-nexrad-level2/2024/02/09/KCAE/KCAE20240209_212845_V06', 's3://noaa-nexrad-level2/2024/02/09/KMRX/KMRX20240209_213207_V06', 's3://noaa-nexrad-level2/2024/02/09/KFCX/KFCX20240209_213535_V06', 's3://noaa-nexrad-level2/2024/02/09/KCLX/KCLX20240209_213617_V06']"
15007,F,BE35,FGX UA /OV SYM /TM 2138 /FL080 /TP BE35 /WV 00000KT /TB NEG,NEG,,8000.0,38.215,-83.5874,2024-02-09 21:38:00,0.0,L,"('KJKL', 'KILN', 'KRLX', 'KMRX', 'KLVX')","['s3://noaa-nexrad-level2/2024/02/09/KJKL/KJKL20240209_213715_V06', 's3://noaa-nexrad-level2/2024/02/09/KILN/KILN20240209_213656_V06', 's3://noaa-nexrad-level2/2024/02/09/KRLX/KRLX20240209_213413_V06', 's3://noaa-nexrad-level2/2024/02/09/KMRX/KMRX20240209_213207_V06', 's3://noaa-nexrad-level2/2024/02/09/KLVX/KLVX20240209_213523_V06']"
15008,F,PC12,CEZ UA /OV DVC043019/TM 2139/FL220/TP PC12/SK SKC/TB NEG/RM ZDV FD,NEG,,22000.0,38.04161409808728,-108.65661960664852,2024-02-09 21:39:00,0.0,L,"('KGJX', 'KABX', 'KICX', 'KFSX', 'KFSX')","['s3://noaa-nexrad-level2/2024/02/09/KGJX/KGJX20240209_213842_V06', 's3://noaa-nexrad-level2/2024/02/09/KICX/KICX20240209_213758_V06', 's3://noaa-nexrad-level2/2024/02/09/KFSX/KFSX20240209_213053_V06', 's3://noaa-nexrad-level2/2024/02/09/KFSX/KFSX20240209_213053_V06']"
15009,F,GZ5C,OWB UA /OV OWB/TM 2139/FL288/TP GZ5C/TB LGT CHOP,LGT CHOP,,28800.0,37.73883,-87.16683,2024-02-09 21:39:00,1.0,U,"('KVWX', 'KHPX', 'KLVX', 'KOHX', 'KPAH')","['s3://noaa-nexrad-level2/2024/02/09/KVWX/KVWX20240209_213425_V06', 's3://noaa-nexrad-level2/2024/02/09/KHPX/KHPX20240209_213531_V06', 's3://noaa-nexrad-level2/2024/02/09/KLVX/KLVX20240209_213523_V06', 's3://noaa-nexrad-level2/2024/02/09/KOHX/KOHX20240209_213614_V06', 's3://noaa-nexrad-level2/2024/02/09/KPAH/KPAH20240209_213705_V06']"
15010,T,GLF6,SUS UUA /OV VLA/TM 2139/FL430/TP GLF6/TB CONS MOD OCNL SEV/RM ZKCFDC,CONS MOD OCNL SEV,,43000.0,38.99,-89.16,2024-02-09 21:39:00,4.0,U,"('KILX', 'KLSX', 'KVWX', 'KPAH', 'KLOT')","['s3://noaa-nexrad-level2/2024/02/09/KILX/KILX20240209_213758_V06', 's3://noaa-nexrad-level2/2024/02/09/KLSX/KLSX20240209_213244_V06', 's3://noaa-nexrad-level2/2024/02/09/KVWX/KVWX20240209_213425_V06', 's3://noaa-nexrad-level2/2024/02/09/KPAH/KPAH20240209_213705_V06', 's3://noaa-nexrad-level2/2024/02/09/KLOT/KLOT20240209_213221_V06']"
15011,F,B739,IND UA /OV VHP180025/TM 2140/FL300/TP B739/TB NEG,NEG,,30000.0,39.39329958329959,-86.37,2024-02-09 21:40:00,0.0,M,"('KIND', 'KLVX', 'KVWX', 'KIWX', 'KILN')","['s3://noaa-nexrad-level2/2024/02/09/KIND/KIND20240209_213541_V06', 's3://noaa-nexrad-level2/2024/02/09/KLVX/KLVX20240209_213954_V06', 's3://noaa-nexrad-level2/2024/02/09/KVWX/KVWX20240209_213425_V06', 's3://noaa-nexrad-level2/2024/02/09/KIWX/KIWX20240209_213509_V06', 's3://noaa-nexrad-level2/2024/02/09/KILN/KILN20240209_213656_V06']"
15012,F,E55P,DRO UA /OV DRO/TM 2141/FL150/TP E55P/SK SKC-BKN BASE 105/TB OCNL LGT BLO 150/RM ZDV FD,OCNL LGT BLO 150,,15000.0,37.15152,-107.75377,2024-02-09 21:41:00,1.0,U,"('KGJX', 'KABX', 'KPUX', 'KFTG', 'KFSX')","['s3://noaa-nexrad-level2/2024/02/09/KGJX/KGJX20240209_213842_V06', 's3://noaa-nexrad-level2/2024/02/09/KPUX/KPUX20240209_213955_V06', 's3://noaa-nexrad-level2/2024/02/09/KFTG/KFTG20240209_213854_V06', 's3://noaa-nexrad-level2/2024/02/09/KFSX/KFSX20240209_213945_V06']"
15013,F,E190,IAD UA /OV CSN/TM 2142/FL300/TP E190/TB CONS MOD,CONS MOD,,30000.0,38.64,-77.87,2024-02-09 21:42:00,3.0,U,"('KLWX', 'KAKQ', 'KCCX', 'KDOX', 'KFCX')","['s3://noaa-nexrad-level2/2024/02/09/KLWX/KLWX20240209_214018_V06', 's3://noaa-nexrad-level2/2024/02/09/KAKQ/KAKQ20240209_214149_V06', 's3://noaa-nexrad-level2/2024/02/09/KCCX/KCCX20240209_213520_V06', 's3://noaa-nexrad-level2/2024/02/09/KDOX/KDOX20240209_214134_V06', 's3://noaa-nexrad-level2/2024/02/09/KFCX/KFCX20240209_214039_V06']"
15014,F,E170,SYR UA /OV 20 W SYR/TM 2143/FL070/TP E170/SK CLR/TB NEG,NEG,,7000.0,43.11119,-76.5629499644307,2024-02-09 21:43:00,0.0,U,"('KBGM', 'KTYX', 'KBUF', 'KENX', 'KCCX')","['s3://noaa-nexrad-level2/2024/02/09/KBGM/KBGM20240209_213924_V06', 's3://noaa-nexrad-level2/2024/02/09/KTYX/KTYX20240209_214025_V06', 's3://noaa-nexrad-level2/2024/02/09/KBUF/KBUF20240209_214046_V06', 's3://noaa-nexrad-level2/2024/02/09/KENX/KENX20240209_213812_V06', 's3://noaa-nexrad-level2/2024/02/09/KCCX/KCCX20240209_214224_V06']"
15015,F,A321,CLT UA /OV CLT/TM 2143/FL270/TP A321/TB OCNL LGT CHOP/RM ZTLFD-34,OCNL LGT CHOP,,27000.0,35.22255,-80.95431,2024-02-09 21:43:00,1.0,M,"('KCAE', 'KGSP', 'KFCX', 'KRAX', 'KCLX')","['s3://noaa-nexrad-level2/2024/02/09/KCAE/KCAE20240209_213825_V06', 's3://noaa-nexrad-level2/2024/02/09/KGSP/KGSP20240209_214147_V06', 's3://noaa-nexrad-level2/2024/02/09/KFCX/KFCX20240209_214039_V06', 's3://noaa-nexrad-level2/2024/02/09/KRAX/KRAX20240209_213952_V06', 's3://noaa-nexrad-level2/2024/02/09/KCLX/KCLX20240209_213617_V06']"
15016,F,G280,DBN UA /OV DBN200010/TM 2143/FL300/TP G280/TB CONS LGT/RM ZTLFD-19,CONS LGT,,30000.0,32.40778857733928,-83.05292002229677,2024-02-09 21:43:00,1.0,U,"('KJGX', 'KVAX', 'KFFC', 'KCLX', 'KJAX')","['s3://noaa-nexrad-level2/2024/02/09/KJGX/KJGX20240209_214054_V06', 's3://noaa-nexrad-level2/2024/02/09/KVAX/KVAX20240209_213915_V06', 's3://noaa-nexrad-level2/2024/02/09/KFFC/KFFC20240209_213638_V06', 's3://noaa-nexrad-level2/2024/02/09/KCLX/KCLX20240209_213617_V06', 's3://noaa-nexrad-level2/2024/02/09/KJAX/KJAX20240209_214124_V06']"
15017,F,B737,PKB UA /OV JPU/TM 2143/FL270/TP B737/TB LGT-OCNL MOD CHOP,LGT-OCNL MOD CHOP,,27000.0,39.44,-81.37,2024-02-09 21:43:00,2.0,M,"('KRLX', 'KPBZ', 'KCLE', 'KILN', 'KFCX')","['s3://noaa-nexrad-level2/2024/02/09/KRLX/KRLX20240209_214109_V06', 's3://noaa-nexrad-level2/2024/02/09/KPBZ/KPBZ20240209_213645_V06', 's3://noaa-nexrad-level2/2024/02/09/KCLE/KCLE20240209_213624_V06', 's3://noaa-nexrad-level2/2024/02/09/KILN/KILN20240209_213656_V06', 's3://noaa-nexrad-level2/2024/02/09/KFCX/KFCX20240209_214039_V06']"
15018,F,E75L,IAD UA /OV CSN/TM 2143/FL300/TP E75L/TB CONS MOD,CONS MOD,,30000.0,38.64,-77.87,2024-02-09 21:43:00,3.0,U,"('KLWX', 'KAKQ', 'KCCX', 'KDOX', 'KFCX')","['s3://noaa-nexrad-level2/2024/02/09/KLWX/KLWX20240209_214018_V06', 's3://noaa-nexrad-level2/2024/02/09/KAKQ/KAKQ20240209_214149_V06', 's3://noaa-nexrad-level2/2024/02/09/KCCX/KCCX20240209_214224_V06', 's3://noaa-nexrad-level2/2024/02/09/KDOX/KDOX20240209_214134_V06', 's3://noaa-nexrad-level2/2024/02/09/KFCX/KFCX20240209_214039_V06']"
15019,F,F900,FFT UA /OV FFT/TM 2144/FL430/TP F900/TB OCNL - LGT CHOP,OCNL - LGT CHOP,,43000.0,38.18472,-84.90333,2024-02-09 21:44:00,1.0,M,"('KLVX', 'KILN', 'KJKL', 'KIND', 'KMRX')","['s3://noaa-nexrad-level2/2024/02/09/KLVX/KLVX20240209_213954_V06', 's3://noaa-nexrad-level2/2024/02/09/KILN/KILN20240209_214354_V06', 's3://noaa-nexrad-level2/2024/02/09/KJKL/KJKL20240209_214138_V06', 's3://noaa-nexrad-level2/2024/02/09/KIND/KIND20240209_214249_V06', 's3://noaa-nexrad-level2/2024/02/09/KMRX/KMRX20240209_213813_V06']"
15020,T,GLF5,MTO UUA /OV MTO270010/TM 2144/FL430/TP GLF5/TB SEV/RM ZKCFDC,SEV,,43000.0,39.47794,-88.49518347497488,2024-02-09 21:44:00,5.0,M,"('KILX', 'KVWX', 'KLOT', 'KIND', 'KLSX')","['s3://noaa-nexrad-level2/2024/02/09/KILX/KILX20240209_213758_V06', 's3://noaa-nexrad-level2/2024/02/09/KVWX/KVWX20240209_214126_V06', 's3://noaa-nexrad-level2/2024/02/09/KLOT/KLOT20240209_213906_V06', 's3://noaa-nexrad-level2/2024/02/09/KIND/KIND20240209_214249_V06', 's3://noaa-nexrad-level2/2024/02/09/KLSX/KLSX20240209_213930_V06']"
15021,F,B737,SGF UA /OV DGD225010/TM 2144/FL370/TP B737/TB MOD/RM ZME,MOD,,37000.0,36.90213932385115,-93.0276163933068,2024-02-09 21:44:00,3.0,M,"('KSGF', 'KSRX', 'KLZK', 'KEAX', 'KINX')","['s3://noaa-nexrad-level2/2024/02/09/KSGF/KSGF20240209_213537_V06', 's3://noaa-nexrad-level2/2024/02/09/KSRX/KSRX20240209_213917_V06', 's3://noaa-nexrad-level2/2024/02/09/KLZK/KLZK20240209_214104_V06', 's3://noaa-nexrad-level2/2024/02/09/KEAX/KEAX20240209_214016_V06', 's3://noaa-nexrad-level2/2024/02/09/KINX/KINX20240209_214243_V06']"
15022,F,BCS3,SPA UA /OV SPA/TM 2144/FL360/TP BCS3/TB NEG/RM ZTLFD-28,NEG,,36000.0,34.9157222,-81.9565,2024-02-09 21:44:00,0.0,U,"('KGSP', 'KCAE', 'KMRX', 'KCLX', 'KJGX')","['s3://noaa-nexrad-level2/2024/02/09/KGSP/KGSP20240209_214147_V06', 's3://noaa-nexrad-level2/2024/02/09/KCAE/KCAE20240209_213825_V06', 's3://noaa-nexrad-level2/2024/02/09/KMRX/KMRX20240209_213813_V06', 's3://noaa-nexrad-level2/2024/02/09/KCLX/KCLX20240209_213617_V06', 's3://noaa-nexrad-level2/2024/02/09/KJGX/KJGX20240209_214054_V06']"
15023,F,CL30,CNU UA /OV CNU/TM 2144/FL410/TP CL30/TB LGT OCNL MOD CAT 410/RM ZKCFDC,LGT OCNL MOD CAT 410,,41000.0,37.67028,-95.48417,2024-02-09 21:44:00,2.0,U,"('KINX', 'KTWX', 'KEAX', 'KICT', 'KSGF')","['s3://noaa-nexrad-level2/2024/02/09/KINX/KINX20240209_214243_V06', 's3://noaa-nexrad-level2/2024/02/09/KTWX/KTWX20240209_214220_V06', 's3://noaa-nexrad-level2/2024/02/09/KEAX/KEAX20240209_214016_V06', 's3://noaa-nexrad-level2/2024/02/09/KICT/KICT20240209_213705_V06', 's3://noaa-nexrad-level2/2024/02/09/KSGF/KSGF20240209_213537_V06']"
15024,F,B739,IND UA /OV VHP260020/TM 2144/FL350/TP B739/TB CONS MOD CHOP / FL330 LGT CHOP,CONS MOD CHOP,,35000.0,39.75211258560554,-86.79737294495611,2024-02-09 21:44:00,3.0,M,"('KIND', 'KVWX', 'KIWX', 'KLVX', 'KLOT')","['s3://noaa-nexrad-level2/2024/02/09/KIND/KIND20240209_214249_V06', 's3://noaa-nexrad-level2/2024/02/09/KVWX/KVWX20240209_214126_V06', 's3://noaa-nexrad-level2/2024/02/09/KIWX/KIWX20240209_214208_V06', 's3://noaa-nexrad-level2/2024/02/09/KLVX/KLVX20240209_213954_V06', 's3://noaa-nexrad-level2/2024/02/09/KLOT/KLOT20240209_213906_V06']"
15025,F,A21N,ATL UA /OV ATL200040/TM 2145/FL170/TP A21N/TB OCNL LGT/IC NEG/RM ZTLFD-21,OCNL LGT,,17000.0,33.003587509357125,-84.71566929023489,2024-02-09 21:45:00,1.0,U,"('KFFC', 'KMXX', 'KJGX', 'KEOX', 'KBMX')","['s3://noaa-nexrad-level2/2024/02/09/KFFC/KFFC20240209_214324_V06', 's3://noaa-nexrad-level2/2024/02/09/KMXX/KMXX20240209_214121_V06', 's3://noaa-nexrad-level2/2024/02/09/KJGX/KJGX20240209_214054_V06', 's3://noaa-nexrad-level2/2024/02/09/KEOX/KEOX20240209_214354_V06', 's3://noaa-nexrad-level2/2024/02/09/KBMX/KBMX20240209_214208_V06']"
15026,F,P28A,BVU UA /OV LAS135030 /TM 2145 /FL095 /TP P28A /TB CONS LGT OCNL MOD,CONS LGT OCNL MOD,,9500.0,35.71831797155345,-114.7259493950767,2024-02-09 21:45:00,2.0,L,"('KESX', 'KICX', 'KEYX', 'KYUX', 'KSOX')","['s3://noaa-nexrad-level2/2024/02/09/KESX/KESX20240209_214359_V06', 's3://noaa-nexrad-level2/2024/02/09/KICX/KICX20240209_214445_V06', 's3://noaa-nexrad-level2/2024/02/09/KEYX/KEYX20240209_213932_V06', 's3://noaa-nexrad-level2/2024/02/09/KYUX/KYUX20240209_214454_V06', 's3://noaa-nexrad-level2/2024/02/09/KSOX/KSOX20240209_214302_V06']"
15027,F,E145,CLT UA /OV CLT045030/TM 2145/FL220/TP E145/TB CONS LGT CHOP/RM ZTLFD-29,CONS LGT CHOP,,22000.0,35.57613202844655,-80.52148560088213,2024-02-09 21:45:00,1.0,M,"('KFCX', 'KCAE', 'KGSP', 'KRAX', 'KLTX')","['s3://noaa-nexrad-level2/2024/02/09/KFCX/KFCX20240209_214039_V06', 's3://noaa-nexrad-level2/2024/02/09/KCAE/KCAE20240209_213825_V06', 's3://noaa-nexrad-level2/2024/02/09/KGSP/KGSP20240209_214147_V06', 's3://noaa-nexrad-level2/2024/02/09/KRAX/KRAX20240209_213952_V06', 's3://noaa-nexrad-level2/2024/02/09/KLTX/KLTX20240209_214344_V06']"
15028,T,P28T,HUF UUA /OV HUF/TM 2145/FL016/TP P28T/TB MOD/RM +/- 10KTS ON FINAL 23,MOD,,1600.0,39.45147,-87.30758,2024-02-09 21:45:00,3.0,L,"('KIND', 'KVWX', 'KLVX', 'KILX', 'KLOT')","['s3://noaa-nexrad-level2/2024/02/09/KIND/KIND20240209_214249_V06', 's3://noaa-nexrad-level2/2024/02/09/KVWX/KVWX20240209_214126_V06', 's3://noaa-nexrad-level2/2024/02/09/KLVX/KLVX20240209_214425_V06', 's3://noaa-nexrad-level2/2024/02/09/KILX/KILX20240209_213758_V06', 's3://noaa-nexrad-level2/2024/02/09/KLOT/KLOT20240209_213906_V06']"
15029,F,A320,HTS UA /OV HNN/TM 2145/FL190/TP A320/TB NEG,NEG,,19000.0,38.75,-82.03,2024-02-09 21:45:00,0.0,M,"('KRLX', 'KJKL', 'KILN', 'KFCX', 'KPBZ')","['s3://noaa-nexrad-level2/2024/02/09/KRLX/KRLX20240209_214109_V06', 's3://noaa-nexrad-level2/2024/02/09/KJKL/KJKL20240209_214138_V06', 's3://noaa-nexrad-level2/2024/02/09/KILN/KILN20240209_214354_V06', 's3://noaa-nexrad-level2/2024/02/09/KFCX/KFCX20240209_214039_V06', 's3://noaa-nexrad-level2/2024/02/09/KPBZ/KPBZ20240209_214324_V06']"
15030,F,B738,HTS UA /OV YRK/TM 2146/FL410/TP B738/TB OCNL LGT CHOP /RM VEY LGT  NOT QUITE SMOOTH,OCNL LGT CHOP,,41000.0,38.64,-82.98,2024-02-09 21:46:00,1.0,M,"('KJKL', 'KILN', 'KRLX', 'KMRX', 'KCLE')","['s3://noaa-nexrad-level2/2024/02/09/KJKL/KJKL20240209_214138_V06', 's3://noaa-nexrad-level2/2024/02/09/KILN/KILN20240209_214354_V06', 's3://noaa-nexrad-level2/2024/02/09/KRLX/KRLX20240209_214109_V06', 's3://noaa-nexrad-level2/2024/02/09/KMRX/KMRX20240209_214420_V06', 's3://noaa-nexrad-level2/2024/02/09/KCLE/KCLE20240209_214443_V06']"
15031,T,CL60,MYNN UUA /OV ZQA044102/TM 2146/FL390/TP CL60/TB MOD SEV,MOD SEV,,39000.0,26.222976713765267,-76.14689425466031,2024-02-09 21:46:00,4.0,M,"('KAMX', 'KAMX', 'KMLB', 'KBYX', 'KTBW')","['s3://noaa-nexrad-level2/2024/02/09/KAMX/KAMX20240209_214410_V06', 's3://noaa-nexrad-level2/2024/02/09/KAMX/KAMX20240209_214410_V06', 's3://noaa-nexrad-level2/2024/02/09/KMLB/KMLB20240209_214503_V06', 's3://noaa-nexrad-level2/2024/02/09/KBYX/KBYX20240209_214446_V06', 's3://noaa-nexrad-level2/2024/02/09/KTBW/KTBW20240209_213753_V06']"
15032,F,A319,BGD UA /OV BGD09040/TM 2147/FL390/TP A319/TB MOD/RM ZAB/FDCS,MOD,,39000.0,35.70089,-101.39366,2024-02-09 21:47:00,3.0,M,"('KAMA', 'KLBB', 'KFDX', 'KDDC', 'KFDR')","['s3://noaa-nexrad-level2/2024/02/09/KAMA/KAMA20240209_214250_V06', 's3://noaa-nexrad-level2/2024/02/09/KLBB/KLBB20240209_214031_V06', 's3://noaa-nexrad-level2/2024/02/09/KFDX/KFDX20240209_214503_V06', 's3://noaa-nexrad-level2/2024/02/09/KDDC/KDDC20240209_214454_V06', 's3://noaa-nexrad-level2/2024/02/09/KFDR/KFDR20240209_214111_V06']"
15033,F,E75L,OJC UA /OV BUM330035/TM 2147/FL320/TP E75L/TB MOD/RM ZKCFDC,MOD,,32000.0,38.78522240528217,-94.71158346080286,2024-02-09 21:47:00,3.0,U,"('KEAX', 'KTWX', 'KSGF', 'KINX', 'KICT')","['s3://noaa-nexrad-level2/2024/02/09/KEAX/KEAX20240209_214016_V06', 's3://noaa-nexrad-level2/2024/02/09/KTWX/KTWX20240209_214220_V06', 's3://noaa-nexrad-level2/2024/02/09/KSGF/KSGF20240209_214529_V06', 's3://noaa-nexrad-level2/2024/02/09/KINX/KINX20240209_214243_V06', 's3://noaa-nexrad-level2/2024/02/09/KICT/KICT20240209_214546_V06']"
15034,F,A319,FKN UA /OV FKN/TM 2149/FL200/TP A319/TB LGT-MOD,LGT-MOD,,20000.0,36.69809,-76.9038,2024-02-09 21:49:00,2.0,M,"('KAKQ', 'KRAX', 'KMHX', 'KLWX', 'KDOX')","['s3://noaa-nexrad-level2/2024/02/09/KAKQ/KAKQ20240209_214835_V06', 's3://noaa-nexrad-level2/2024/02/09/KRAX/KRAX20240209_214521_V06', 's3://noaa-nexrad-level2/2024/02/09/KMHX/KMHX20240209_214728_V06', 's3://noaa-nexrad-level2/2024/02/09/KLWX/KLWX20240209_214701_V06', 's3://noaa-nexrad-level2/2024/02/09/KDOX/KDOX20240209_214821_V06']"
15035,F,B738,DYR UA /OV 3631N 08914W /TM 2150/FL370/TP B738/TB LGT CHOP CONS /RM INTMT-CONT LIGHT CHOP AWC-WEB,LGT CHOP CONS,,37000.0,36.5166,-89.2333,2024-02-09 21:50:00,1.0,M,"('KPAH', 'KNQA', 'KHPX', 'KVWX', 'KLSX')","['s3://noaa-nexrad-level2/2024/02/09/KPAH/KPAH20240209_214728_V06', 's3://noaa-nexrad-level2/2024/02/09/KNQA/KNQA20240209_214648_V06', 's3://noaa-nexrad-level2/2024/02/09/KHPX/KHPX20240209_214923_V06', 's3://noaa-nexrad-level2/2024/02/09/KVWX/KVWX20240209_214826_V06', 's3://noaa-nexrad-level2/2024/02/09/KLSX/KLSX20240209_214630_V06']"
15036,F,BE58,AMA UA /OV PNH270030/TM 2150/FL090/TP BE58/TB MOD CHOP/RM ZAB/FDCS,MOD CHOP,,9000.0,35.24,-102.31223780894815,2024-02-09 21:50:00,3.0,L,"('KAMA', 'KFDX', 'KLBB', 'KMAF', 'KDDC')","['s3://noaa-nexrad-level2/2024/02/09/KAMA/KAMA20240209_214931_V06', 's3://noaa-nexrad-level2/2024/02/09/KFDX/KFDX20240209_214503_V06', 's3://noaa-nexrad-level2/2024/02/09/KLBB/KLBB20240209_214729_V06', 's3://noaa-nexrad-level2/2024/02/09/KMAF/KMAF20240209_214305_V06', 's3://noaa-nexrad-level2/2024/02/09/KDDC/KDDC20240209_214454_V06']"
15037,F,BE20,AMG UA /OV AMG350030/TM 2150/FL260/TP BE20/TB OCNL LGT CHOP/IC NEG/RM VMC / ZTLFD-22,OCNL LGT CHOP,,26000.0,32.028503761259984,-82.60843725609875,2024-02-09 21:50:00,1.0,M,"('KJGX', 'KVAX', 'KCLX', 'KJAX', 'KFFC')","['s3://noaa-nexrad-level2/2024/02/09/KJGX/KJGX20240209_214736_V06', 's3://noaa-nexrad-level2/2024/02/09/KVAX/KVAX20240209_214604_V06', 's3://noaa-nexrad-level2/2024/02/09/KCLX/KCLX20240209_214445_V06', 's3://noaa-nexrad-level2/2024/02/09/KJAX/KJAX20240209_214806_V06', 's3://noaa-nexrad-level2/2024/02/09/KFFC/KFFC20240209_214324_V06']"
15038,F,DH8D,ANC UA /OV TED328011/TM 2151/FL090/TP DH8D/TB MOD CHOP SFC-090/RM DURC NB,MOD CHOP SFC-090,,9000.0,61.325488077822165,-150.19148740705884,2024-02-09 21:51:00,3.0,M,"('PAHG', 'PAIH', 'PAIH', 'PAPD', 'PAKC')","['s3://noaa-nexrad-level2/2024/02/09/PAHG/PAHG20240209_214841_V06', 's3://noaa-nexrad-level2/2024/02/09/PAIH/PAIH20240209_214648_V06', 's3://noaa-nexrad-level2/2024/02/09/PAIH/PAIH20240209_214648_V06', 's3://noaa-nexrad-level2/2024/02/09/PAPD/PAPD20240209_214907_V06', 's3://noaa-nexrad-level2/2024/02/09/PAKC/PAKC20240209_214525_V06']"
15039,F,HAWK,CPR UA /OV CPR210012/TM 2152/FL120/TP HAWK/TB LGT TB/RM DURC,LGT TB,,12000.0,42.73478088961754,-106.60095955114949,2024-02-09 21:52:00,1.0,U,"('KRIW', 'KCYS', 'KFTG', 'KBLX', 'KGJX')","['s3://noaa-nexrad-level2/2024/02/09/KRIW/KRIW20240209_215101_V06', 's3://noaa-nexrad-level2/2024/02/09/KCYS/KCYS20240209_214520_V06', 's3://noaa-nexrad-level2/2024/02/09/KFTG/KFTG20240209_214554_V06', 's3://noaa-nexrad-level2/2024/02/09/KBLX/KBLX20240209_214914_V06', 's3://noaa-nexrad-level2/2024/02/09/KGJX/KGJX20240209_214949_V06']"
15040,F,B738,TCC UA /OV TCC/TM 2152/FL330/TP B738/TB CONS MOD CHOP/RM ZAB/FDCS,CONS MOD CHOP,,33000.0,35.18278,-103.60319,2024-02-09 21:52:00,3.0,M,"('KFDX', 'KAMA', 'KLBB', 'KABX', 'KHDX')","['s3://noaa-nexrad-level2/2024/02/09/KFDX/KFDX20240209_214503_V06', 's3://noaa-nexrad-level2/2024/02/09/KAMA/KAMA20240209_214931_V06', 's3://noaa-nexrad-level2/2024/02/09/KLBB/KLBB20240209_214729_V06', 's3://noaa-nexrad-level2/2024/02/09/KHDX/KHDX20240209_214929_V06']"
15041,F,A321,ATL UA /OV ATL260025/TM 2153/FL270/TP A321/TB CONS LGT CHOP/RM ZTLFD-22,CONS LGT CHOP,,27000.0,33.55774073200692,-84.93465949526379,2024-02-09 21:53:00,1.0,M,"('KFFC', 'KMXX', 'KHTX', 'KJGX', 'KBMX')","['s3://noaa-nexrad-level2/2024/02/09/KFFC/KFFC20240209_215009_V06', 's3://noaa-nexrad-level2/2024/02/09/KMXX/KMXX20240209_215001_V06', 's3://noaa-nexrad-level2/2024/02/09/KHTX/KHTX20240209_215118_V06', 's3://noaa-nexrad-level2/2024/02/09/KJGX/KJGX20240209_214736_V06', 's3://noaa-nexrad-level2/2024/02/09/KBMX/KBMX20240209_215042_V06']"
15042,F,B738,OMA UA /OV OVR/TM 2153/FL360/TP B738/TB OCNL LGT CHOP,OCNL LGT CHOP,,36000.0,41.17,-95.74,2024-02-09 21:53:00,1.0,M,"('KOAX', 'KDMX', 'KTWX', 'KFSD', 'KEAX')","['s3://noaa-nexrad-level2/2024/02/09/KOAX/KOAX20240209_215032_V06', 's3://noaa-nexrad-level2/2024/02/09/KDMX/KDMX20240209_215049_V06', 's3://noaa-nexrad-level2/2024/02/09/KTWX/KTWX20240209_215036_V06', 's3://noaa-nexrad-level2/2024/02/09/KFSD/KFSD20240209_214705_V06', 's3://noaa-nexrad-level2/2024/02/09/KEAX/KEAX20240209_214704_V06']"
15043,F,B737,CDV UA /OV CDV /TM 2153 /FL030 /TP B737 /TB OCNL LGT /RM DURD RY 9(AKFSS),OCNL LGT,,3000.0,60.49,-145.47,2024-02-09 21:53:00,1.0,M,"('PAIH', 'PAIH', 'PAPD', 'PAHG', 'PACG')","['s3://noaa-nexrad-level2/2024/02/09/PAIH/PAIH20240209_215124_V06', 's3://noaa-nexrad-level2/2024/02/09/PAIH/PAIH20240209_215124_V06', 's3://noaa-nexrad-level2/2024/02/09/PAPD/PAPD20240209_214907_V06', 's3://noaa-nexrad-level2/2024/02/09/PAHG/PAHG20240209_214841_V06', 's3://noaa-nexrad-level2/2024/02/09/PACG/PACG20240209_215053_V06']"
15044,F,B737,CDV UA /OV CDV /TM 2153 /FL030 /TP B737 /TB OCNL LGT /RM DURD RY 9 (AKFSS,OCNL LGT,,3000.0,60.49,-145.47,2024-02-09 21:53:00,1.0,M,"('PAIH', 'PAIH', 'PAPD', 'PAHG', 'PACG')","['s3://noaa-nexrad-level2/2024/02/09/PAIH/PAIH20240209_215124_V06', 's3://noaa-nexrad-level2/2024/02/09/PAIH/PAIH20240209_215124_V06', 's3://noaa-nexrad-level2/2024/02/09/PAPD/PAPD20240209_214907_V06', 's3://noaa-nexrad-level2/2024/02/09/PAHG/PAHG20240209_214841_V06', 's3://noaa-nexrad-level2/2024/02/09/PACG/PACG20240209_215053_V06']"
15045,F,A319,VJI UA /OV GZG160020/TM 2154/FL240/TP A319/TB CONS LGT OCNL MOD 250-240/RM ZTLFD-44,CONS LGT OCNL MOD 250-240,,24000.0,36.516743754678565,-81.937554422694,2024-02-09 21:54:00,2.0,M,"('KMRX', 'KGSP', 'KFCX', 'KJKL', 'KRLX')","['s3://noaa-nexrad-level2/2024/02/09/KMRX/KMRX20240209_215026_V06', 's3://noaa-nexrad-level2/2024/02/09/KGSP/KGSP20240209_215305_V06', 's3://noaa-nexrad-level2/2024/02/09/KFCX/KFCX20240209_215056_V06', 's3://noaa-nexrad-level2/2024/02/09/KJKL/KJKL20240209_215015_V06', 's3://noaa-nexrad-level2/2024/02/09/KRLX/KRLX20240209_214806_V06']"
15046,F,C185,TKA UA /OV PAQ-TKA /TM 2154 /FL013 /TP C185 /TB NEG /IC NEG /RM(AKFSS),NEG,,1300.0,61.955,-149.585,2024-02-09 21:54:00,0.0,L,"('PAHG', 'PAPD', 'PAIH', 'PAIH', 'PAKC')","['s3://noaa-nexrad-level2/2024/02/09/PAHG/PAHG20240209_215332_V06', 's3://noaa-nexrad-level2/2024/02/09/PAPD/PAPD20240209_214907_V06', 's3://noaa-nexrad-level2/2024/02/09/PAIH/PAIH20240209_215124_V06', 's3://noaa-nexrad-level2/2024/02/09/PAIH/PAIH20240209_215124_V06', 's3://noaa-nexrad-level2/2024/02/09/PAKC/PAKC20240209_215226_V06']"
15047,F,C185,TKA UA /OV PAQ-TKA /TM 2154 /FL013 /TP C185 /TB NEG /IC NEG /RM (AKFSS,NEG,,1300.0,61.955,-149.585,2024-02-09 21:54:00,0.0,L,"('PAHG', 'PAPD', 'PAIH', 'PAIH', 'PAKC')","['s3://noaa-nexrad-level2/2024/02/09/PAHG/PAHG20240209_215332_V06', 's3://noaa-nexrad-level2/2024/02/09/PAPD/PAPD20240209_214907_V06', 's3://noaa-nexrad-level2/2024/02/09/PAIH/PAIH20240209_215124_V06', 's3://noaa-nexrad-level2/2024/02/09/PAIH/PAIH20240209_215124_V06', 's3://noaa-nexrad-level2/2024/02/09/PAKC/PAKC20240209_215226_V06']"
15048,F,B738,DSM UA /OV GFZ/TM 2156/FL320/TP B738/TB LGT CHOP,LGT CHOP,,32000.0,41.32,-94.44,2024-02-09 21:56:00,1.0,M,"('KDMX', 'KOAX', 'KEAX', 'KTWX', 'KFSD')","['s3://noaa-nexrad-level2/2024/02/09/KDMX/KDMX20240209_215049_V06', 's3://noaa-nexrad-level2/2024/02/09/KOAX/KOAX20240209_215032_V06', 's3://noaa-nexrad-level2/2024/02/09/KEAX/KEAX20240209_215359_V06', 's3://noaa-nexrad-level2/2024/02/09/KTWX/KTWX20240209_215036_V06', 's3://noaa-nexrad-level2/2024/02/09/KFSD/KFSD20240209_215408_V06']"
15049,F,C68A,ABQ UA /OV CNX115058/TM 2156/FL400/TP C68A/TB MOD CHOP/RM ZAB/FDCS,MOD CHOP,,40000.0,33.96143592260767,-104.61850408963828,2024-02-09 21:56:00,3.0,U,"('KFDX', 'KHDX', 'KABX', 'KLBB', 'KEPZ')","['s3://noaa-nexrad-level2/2024/02/09/KFDX/KFDX20240209_215202_V06', 's3://noaa-nexrad-level2/2024/02/09/KHDX/KHDX20240209_214929_V06', 's3://noaa-nexrad-level2/2024/02/09/KLBB/KLBB20240209_215427_V06', 's3://noaa-nexrad-level2/2024/02/09/KEPZ/KEPZ20240209_215403_V06']"
15050,F,E135,DEN UA /OV DEN230070/TM 2156/FL250/TP E135/TB LGT CHOP/RM DURD...ZDV FD,LGT CHOP,,25000.0,39.08282037854251,-105.82141610049943,2024-02-09 21:56:00,1.0,M,"('KFTG', 'KPUX', 'KCYS', 'KGJX', 'KABX')","['s3://noaa-nexrad-level2/2024/02/09/KFTG/KFTG20240209_215254_V06', 's3://noaa-nexrad-level2/2024/02/09/KPUX/KPUX20240209_215405_V06', 's3://noaa-nexrad-level2/2024/02/09/KCYS/KCYS20240209_215226_V06', 's3://noaa-nexrad-level2/2024/02/09/KGJX/KGJX20240209_215522_V06']"
15051,F,B712,MKG UA /OV MKG/TM 2156/FL220/TP B712/TB NEG,NEG,,22000.0,43.17111,-86.23667,2024-02-09 21:56:00,0.0,M,"('KGRR', 'KIWX', 'KGRB', 'KAPX', 'KMKX')","['s3://noaa-nexrad-level2/2024/02/09/KGRR/KGRR20240209_214921_V06', 's3://noaa-nexrad-level2/2024/02/09/KIWX/KIWX20240209_215557_V06', 's3://noaa-nexrad-level2/2024/02/09/KGRB/KGRB20240209_215423_V06', 's3://noaa-nexrad-level2/2024/02/09/KAPX/KAPX20240209_215523_V06', 's3://noaa-nexrad-level2/2024/02/09/KMKX/KMKX20240209_215015_V06']"
15052,F,B737,JST UA /OV JST180040/TM 2156/FL320/TP B737/TB LGT MOD CONS CHOP,LGT MOD CONS CHOP,,32000.0,39.64938933327934,-78.83394,2024-02-09 21:56:00,2.0,M,"('KLWX', 'KCCX', 'KPBZ', 'KFCX', 'KRLX')","['s3://noaa-nexrad-level2/2024/02/09/KLWX/KLWX20240209_215350_V06', 's3://noaa-nexrad-level2/2024/02/09/KCCX/KCCX20240209_214917_V06', 's3://noaa-nexrad-level2/2024/02/09/KPBZ/KPBZ20240209_215011_V06', 's3://noaa-nexrad-level2/2024/02/09/KFCX/KFCX20240209_215056_V06', 's3://noaa-nexrad-level2/2024/02/09/KRLX/KRLX20240209_215503_V06']"
15053,F,B38M,MBPV UA /OV PVN320100/TM 2156/FL260/TP B38M/TB MOD CHOP,MOD CHOP,,26000.0,23.046844154634865,-73.4136797273985,2024-02-09 21:56:00,3.0,U,"('KAMX', 'KAMX', 'KBYX', 'KMLB', 'KTBW')","['s3://noaa-nexrad-level2/2024/02/09/KAMX/KAMX20240209_215252_V06', 's3://noaa-nexrad-level2/2024/02/09/KAMX/KAMX20240209_215252_V06', 's3://noaa-nexrad-level2/2024/02/09/KBYX/KBYX20240209_215154_V06', 's3://noaa-nexrad-level2/2024/02/09/KMLB/KMLB20240209_215159_V06', 's3://noaa-nexrad-level2/2024/02/09/KTBW/KTBW20240209_215520_V06']"
15054,F,B737,ROW UA /OV CME310045/TM 2157/FL310/TP B737/TB CONS LGT CHOP-OCNL MOD CHOP/RM ZAB/FDCS,CONS LGT CHOP-OCNL MOD CHOP,,31000.0,33.82212975665124,-105.30777047430516,2024-02-09 21:57:00,2.0,M,"('KHDX', 'KFDX', 'KABX', 'KEPZ', 'KLBB')","['s3://noaa-nexrad-level2/2024/02/09/KHDX/KHDX20240209_215622_V06', 's3://noaa-nexrad-level2/2024/02/09/KFDX/KFDX20240209_215202_V06', 's3://noaa-nexrad-level2/2024/02/09/KEPZ/KEPZ20240209_215403_V06', 's3://noaa-nexrad-level2/2024/02/09/KLBB/KLBB20240209_215427_V06']"
15055,F,TBM8,GUP UA /OV GUP319033/TM 2157/FL200/TP TBM8/SK SKC/TB NEG 200/RM ZDV FD,NEG 200,,20000.0,35.92618389146794,-109.2326271775529,2024-02-09 21:57:00,0.0,U,"('KFSX', 'KFSX', 'KABX', 'KGJX', 'KIWA')","['s3://noaa-nexrad-level2/2024/02/09/KFSX/KFSX20240209_215034_V06', 's3://noaa-nexrad-level2/2024/02/09/KFSX/KFSX20240209_215034_V06', 's3://noaa-nexrad-level2/2024/02/09/KGJX/KGJX20240209_215522_V06', 's3://noaa-nexrad-level2/2024/02/09/KIWA/KIWA20240209_215353_V06']"
15056,F,A21N,BVN UA /OV OBH/TM 2158/FL330/TP A21N/TB LGT CHOP,LGT CHOP,,33000.0,41.38,-98.35,2024-02-09 21:58:00,1.0,U,"('KUEX', 'KOAX', 'KLNX', 'KFSD', 'KTWX')","['s3://noaa-nexrad-level2/2024/02/09/KUEX/KUEX20240209_215648_V06', 's3://noaa-nexrad-level2/2024/02/09/KOAX/KOAX20240209_215720_V06', 's3://noaa-nexrad-level2/2024/02/09/KLNX/KLNX20240209_215346_V06', 's3://noaa-nexrad-level2/2024/02/09/KFSD/KFSD20240209_215408_V06', 's3://noaa-nexrad-level2/2024/02/09/KTWX/KTWX20240209_215036_V06']"
15057,F,E55P,BNA UA /OV BNA315040/TM 2158/FL250/TP E55P/TB MOD 250-230 DURD/RM ZME,MOD 250-230 DURD,,25000.0,36.5903327045954,-87.2727863413348,2024-02-09 21:58:00,3.0,U,"('KHPX', 'KOHX', 'KPAH', 'KVWX', 'KLVX')","['s3://noaa-nexrad-level2/2024/02/09/KHPX/KHPX20240209_215358_V06', 's3://noaa-nexrad-level2/2024/02/09/KOHX/KOHX20240209_215755_V06', 's3://noaa-nexrad-level2/2024/02/09/KPAH/KPAH20240209_215753_V06', 's3://noaa-nexrad-level2/2024/02/09/KVWX/KVWX20240209_215532_V06', 's3://noaa-nexrad-level2/2024/02/09/KLVX/KLVX20240209_215758_V06']"
15058,F,CRJ9,VJI UA /OV GZG270030/TM 2159/FL260/TP CRJ9/TB CONS LGT OCNL MOD/RM ZTLFD-42,CONS LGT OCNL MOD,,26000.0,36.83,-82.70472450856653,2024-02-09 21:59:00,2.0,U,"('KMRX', 'KJKL', 'KRLX', 'KGSP', 'KFCX')","['s3://noaa-nexrad-level2/2024/02/09/KMRX/KMRX20240209_215632_V06', 's3://noaa-nexrad-level2/2024/02/09/KJKL/KJKL20240209_215845_V06', 's3://noaa-nexrad-level2/2024/02/09/KRLX/KRLX20240209_215503_V06', 's3://noaa-nexrad-level2/2024/02/09/KGSP/KGSP20240209_215816_V06', 's3://noaa-nexrad-level2/2024/02/09/KFCX/KFCX20240209_215611_V06']"
15059,F,B737,BNA UA /OV BNA090040/TM 2200/FL180/TP B737/TB CONS MOD 180 DURC/RM ZME,CONS MOD 180 DURC,,18000.0,36.11889,-85.86381185486177,2024-02-09 22:00:00,3.0,M,"('KOHX', 'KHTX', 'KHPX', 'KLVX', 'KMRX')","['s3://noaa-nexrad-level2/2024/02/09/KOHX/KOHX20240209_215755_V06', 's3://noaa-nexrad-level2/2024/02/09/KHTX/KHTX20240209_215603_V06', 's3://noaa-nexrad-level2/2024/02/09/KHPX/KHPX20240209_215828_V06', 's3://noaa-nexrad-level2/2024/02/09/KLVX/KLVX20240209_215758_V06', 's3://noaa-nexrad-level2/2024/02/09/KMRX/KMRX20240209_215632_V06']"
15060,T,E170,SJU UUA /OV SJU010035/TM 2200/FL320/TP E170/TB MOD,MOD,,32000.0,19.004517721469984,-65.89322036211898,2024-02-09 22:00:00,3.0,U,"('KAMX', 'KAMX', 'KBYX', 'KMLB', 'KTBW')","['s3://noaa-nexrad-level2/2024/02/09/KAMX/KAMX20240209_215252_V06', 's3://noaa-nexrad-level2/2024/02/09/KAMX/KAMX20240209_215252_V06', 's3://noaa-nexrad-level2/2024/02/09/KBYX/KBYX20240209_215902_V06', 's3://noaa-nexrad-level2/2024/02/09/KMLB/KMLB20240209_215900_V06', 's3://noaa-nexrad-level2/2024/02/09/KTBW/KTBW20240209_215520_V06']"
15061,F,B737,LRD UA /OV LRD135060/TM 2200/FL390/TP B737/TB MOD CHOP/RM ZHU,MOD CHOP,,39000.0,26.836635943106906,-98.66396838638865,2024-02-09 22:00:00,3.0,M,"('KCRP', 'KBRO', 'KDFX', 'KEWX', 'KGRK')","['s3://noaa-nexrad-level2/2024/02/09/KCRP/KCRP20240209_215749_V06', 's3://noaa-nexrad-level2/2024/02/09/KBRO/KBRO20240209_215734_V06', 's3://noaa-nexrad-level2/2024/02/09/KDFX/KDFX20240209_071201_V06', 's3://noaa-nexrad-level2/2024/02/09/KEWX/KEWX20240209_215353_V06', 's3://noaa-nexrad-level2/2024/02/09/KGRK/KGRK20240209_215709_V06']"
15062,F,PC12,GUC UA /OV HBU090050/TM 2201/FL240/TP PC12/SK SKC/TB LGT CHOP/IC NEG/RM ZDV FD,LGT CHOP,,24000.0,38.45,-105.9758364844659,2024-02-09 22:01:00,1.0,L,"('KPUX', 'KFTG', 'KGJX', 'KCYS', 'KABX')","['s3://noaa-nexrad-level2/2024/02/09/KPUX/KPUX20240209_215405_V06', 's3://noaa-nexrad-level2/2024/02/09/KFTG/KFTG20240209_215954_V06', 's3://noaa-nexrad-level2/2024/02/09/KGJX/KGJX20240209_220055_V06', 's3://noaa-nexrad-level2/2024/02/09/KCYS/KCYS20240209_215933_V06']"
15063,F,B738,LNK UA /OV LNK/TM 2201/FL320/TP B738/TB NEG,NEG,,32000.0,40.831178,-96.763275,2024-02-09 22:01:00,0.0,M,"('KOAX', 'KUEX', 'KTWX', 'KFSD', 'KDMX')","['s3://noaa-nexrad-level2/2024/02/09/KOAX/KOAX20240209_215720_V06', 's3://noaa-nexrad-level2/2024/02/09/KUEX/KUEX20240209_215648_V06', 's3://noaa-nexrad-level2/2024/02/09/KTWX/KTWX20240209_215851_V06', 's3://noaa-nexrad-level2/2024/02/09/KFSD/KFSD20240209_215408_V06', 's3://noaa-nexrad-level2/2024/02/09/KDMX/KDMX20240209_215741_V06']"
15064,F,P46T,VRB UA /OV TRV250010/TM 2201/FL090/TP P46T/TB NEG,NEG,,9000.0,27.6229920255025,-80.66686984484649,2024-02-09 22:01:00,0.0,L,"('KMLB', 'KTBW', 'KAMX', 'KAMX', 'KJAX')","['s3://noaa-nexrad-level2/2024/02/09/KMLB/KMLB20240209_215900_V06', 's3://noaa-nexrad-level2/2024/02/09/KTBW/KTBW20240209_215520_V06', 's3://noaa-nexrad-level2/2024/02/09/KAMX/KAMX20240209_215252_V06', 's3://noaa-nexrad-level2/2024/02/09/KAMX/KAMX20240209_215252_V06', 's3://noaa-nexrad-level2/2024/02/09/KJAX/KJAX20240209_215448_V06']"
15065,F,E75L,CMH UA /OV ROD060030/TM 2202/FL270/TP E75L/TB CONS LGT-OCNL MOD,CONS LGT-OCNL MOD,,27000.0,40.54002025002025,-83.47227786214881,2024-02-09 22:02:00,2.0,U,"('KILN', 'KCLE', 'KDTX', 'KIWX', 'KRLX')","['s3://noaa-nexrad-level2/2024/02/09/KILN/KILN20240209_215743_V06', 's3://noaa-nexrad-level2/2024/02/09/KCLE/KCLE20240209_220130_V06', 's3://noaa-nexrad-level2/2024/02/09/KDTX/KDTX20240209_215856_V06', 's3://noaa-nexrad-level2/2024/02/09/KIWX/KIWX20240209_215557_V06', 's3://noaa-nexrad-level2/2024/02/09/KRLX/KRLX20240209_220154_V06']"
15066,F,B737,STL UA /OV STL/TM 2202/FL330/TP B737/TB LGT CHOP 330/RM /ZKC FDC XJ,LGT CHOP 330,,33000.0,38.75245,-90.3734,2024-02-09 22:02:00,1.0,M,"('KLSX', 'KILX', 'KPAH', 'KVWX', 'KDVN')","['s3://noaa-nexrad-level2/2024/02/09/KLSX/KLSX20240209_220030_V06', 's3://noaa-nexrad-level2/2024/02/09/KILX/KILX20240209_215916_V06', 's3://noaa-nexrad-level2/2024/02/09/KPAH/KPAH20240209_215753_V06', 's3://noaa-nexrad-level2/2024/02/09/KVWX/KVWX20240209_215532_V06', 's3://noaa-nexrad-level2/2024/02/09/KDVN/KDVN20240209_215709_V06']"
15067,F,B737,BNA UA /OV BNA/TM 2203/FL370/TP B737/TB CONS LGT OCNL MOD /RM MULTIPLE AC ZME,CONS LGT OCNL MOD,,37000.0,36.11889,-86.68917,2024-02-09 22:03:00,2.0,M,"('KOHX', 'KHPX', 'KHTX', 'KLVX', 'KPAH')","['s3://noaa-nexrad-level2/2024/02/09/KOHX/KOHX20240209_220209_V06', 's3://noaa-nexrad-level2/2024/02/09/KHPX/KHPX20240209_215828_V06', 's3://noaa-nexrad-level2/2024/02/09/KHTX/KHTX20240209_220034_V06', 's3://noaa-nexrad-level2/2024/02/09/KLVX/KLVX20240209_220228_V06', 's3://noaa-nexrad-level2/2024/02/09/KPAH/KPAH20240209_215753_V06']"
15068,F,A320,BUY UA /OV LIB/TM 2203/FL250/TP A320/TB MOD,MOD,,25000.0,35.81,-79.61,2024-02-09 22:03:00,3.0,M,"('KRAX', 'KFCX', 'KLTX', 'KCAE', 'KGSP')","['s3://noaa-nexrad-level2/2024/02/09/KRAX/KRAX20240209_220148_V06', 's3://noaa-nexrad-level2/2024/02/09/KFCX/KFCX20240209_220119_V06', 's3://noaa-nexrad-level2/2024/02/09/KLTX/KLTX20240209_220050_V06', 's3://noaa-nexrad-level2/2024/02/09/KCAE/KCAE20240209_215743_V06', 's3://noaa-nexrad-level2/2024/02/09/KGSP/KGSP20240209_215816_V06']"
15069,F,B738,MBPV UA /OV PVN026130/TM 2203/FL320/TP B738/TB NEG,NEG,,32000.0,23.717544838827724,-71.23717089321977,2024-02-09 22:03:00,0.0,M,"('KAMX', 'KAMX', 'KMLB', 'KBYX', 'KTBW')","['s3://noaa-nexrad-level2/2024/02/09/KAMX/KAMX20240209_220143_V06', 's3://noaa-nexrad-level2/2024/02/09/KAMX/KAMX20240209_220143_V06', 's3://noaa-nexrad-level2/2024/02/09/KMLB/KMLB20240209_215900_V06', 's3://noaa-nexrad-level2/2024/02/09/KBYX/KBYX20240209_215902_V06', 's3://noaa-nexrad-level2/2024/02/09/KTBW/KTBW20240209_215520_V06']"
15070,F,COL4,DLN UA /OV DLN078024 /TM 2205 /FL190 /TP COL4 /SK SCT150 /WX FV05SM HZ /TA M35 /WV 18005KT /TB NEG /IC NEG /RM VSBY 5-7 HZ TOP 109,NEG,,19000.0,45.33853141267262,-111.99665846754884,2024-02-09 22:05:00,0.0,U,"('KTFX', 'KSFX', 'KMSX', 'KBLX', 'KMTX')","['s3://noaa-nexrad-level2/2024/02/09/KTFX/KTFX20240209_220432_V06', 's3://noaa-nexrad-level2/2024/02/09/KSFX/KSFX20240209_220243_V06', 's3://noaa-nexrad-level2/2024/02/09/KMSX/KMSX20240209_220016_V06', 's3://noaa-nexrad-level2/2024/02/09/KBLX/KBLX20240209_220324_V06', 's3://noaa-nexrad-level2/2024/02/09/KMTX/KMTX20240209_220305_V06']"
15071,F,B763,MIA UA /OV ZBV360040/TM 2205/FL380/TP B763/TB MOD,MOD,,38000.0,26.33672066672067,-79.3,2024-02-09 22:05:00,3.0,H,"('KAMX', 'KAMX', 'KMLB', 'KBYX', 'KTBW')","['s3://noaa-nexrad-level2/2024/02/09/KAMX/KAMX20240209_220143_V06', 's3://noaa-nexrad-level2/2024/02/09/KAMX/KAMX20240209_220143_V06', 's3://noaa-nexrad-level2/2024/02/09/KMLB/KMLB20240209_215900_V06', 's3://noaa-nexrad-level2/2024/02/09/KBYX/KBYX20240209_215902_V06', 's3://noaa-nexrad-level2/2024/02/09/KTBW/KTBW20240209_220404_V06']"
15072,F,A319,DHT UA /OV DHT045015/TM 2206/FL330/TP A319/TB CONS LGT CAT/RM ZAB/FDCS,CONS LGT CAT,,33000.0,36.19938101422328,-102.32869165615176,2024-02-09 22:06:00,1.0,M,"('KAMA', 'KFDX', 'KLBB', 'KDDC', 'KPUX')","['s3://noaa-nexrad-level2/2024/02/09/KAMA/KAMA20240209_220306_V06', 's3://noaa-nexrad-level2/2024/02/09/KFDX/KFDX20240209_220551_V06', 's3://noaa-nexrad-level2/2024/02/09/KLBB/KLBB20240209_220124_V06', 's3://noaa-nexrad-level2/2024/02/09/KDDC/KDDC20240209_220521_V06', 's3://noaa-nexrad-level2/2024/02/09/KPUX/KPUX20240209_220104_V06']"
15073,F,C298,10G UA /OV 10G/TM 2206/FL060/TP C298/SK TOP060/TA NOT REPORTED/TB NEG /IC NEG,NEG,,6000.0,40.5372,-81.9544,2024-02-09 22:06:00,0.0,M,"('KCLE', 'KPBZ', 'KILN', 'KRLX', 'KDTX')","['s3://noaa-nexrad-level2/2024/02/09/KCLE/KCLE20240209_220130_V06', 's3://noaa-nexrad-level2/2024/02/09/KPBZ/KPBZ20240209_220330_V06', 's3://noaa-nexrad-level2/2024/02/09/KILN/KILN20240209_220432_V06', 's3://noaa-nexrad-level2/2024/02/09/KRLX/KRLX20240209_220154_V06', 's3://noaa-nexrad-level2/2024/02/09/KDTX/KDTX20240209_220541_V06']"
15074,F,C510,AGS UA /OV AGS/TM 2207/FL180/TP C510/SK BASE 180/TA M03/TB LGT-MOD CONS CHOP/IC NEG/RM ZTLFD-19,LGT-MOD CONS CHOP,,18000.0,33.36994,-81.9645,2024-02-09 22:07:00,2.0,U,"('KCAE', 'KCLX', 'KGSP', 'KJGX', 'KFFC')","['s3://noaa-nexrad-level2/2024/02/09/KCAE/KCAE20240209_215743_V06', 's3://noaa-nexrad-level2/2024/02/09/KCLX/KCLX20240209_220140_V06', 's3://noaa-nexrad-level2/2024/02/09/KGSP/KGSP20240209_220334_V06', 's3://noaa-nexrad-level2/2024/02/09/KJGX/KJGX20240209_220059_V06', 's3://noaa-nexrad-level2/2024/02/09/KFFC/KFFC20240209_220344_V06']"
15075,F,BE9L,CEZ UA /OV BDG/TM 2207/FL130/TP BE9L/SK SKC 090-100/TA M07/TB NEG BLO 130/IC LGT MX 090-100/RM ZDV FD,NEG BLO 130,,13000.0,37.5828,-109.4831,2024-02-09 22:07:00,0.0,L,"('KGJX', 'KICX', 'KFSX', 'KFSX', 'KABX')","['s3://noaa-nexrad-level2/2024/02/09/KGJX/KGJX20240209_220628_V06', 's3://noaa-nexrad-level2/2024/02/09/KICX/KICX20240209_220126_V06', 's3://noaa-nexrad-level2/2024/02/09/KFSX/KFSX20240209_220021_V06', 's3://noaa-nexrad-level2/2024/02/09/KFSX/KFSX20240209_220021_V06']"
15076,F,B737,NHK UA /OV PXT010040/TM 2207/FL370/TP B737/TB LGT-MOD CHOP,LGT-MOD CHOP,,37000.0,38.94659168167998,-76.25249444434085,2024-02-09 22:07:00,2.0,M,"('KDOX', 'KLWX', 'KDIX', 'KAKQ', 'KCCX')","['s3://noaa-nexrad-level2/2024/02/09/KDOX/KDOX20240209_220228_V06', 's3://noaa-nexrad-level2/2024/02/09/KLWX/KLWX20240209_220036_V06', 's3://noaa-nexrad-level2/2024/02/09/KDIX/KDIX20240209_220637_V06', 's3://noaa-nexrad-level2/2024/02/09/KAKQ/KAKQ20240209_220207_V06', 's3://noaa-nexrad-level2/2024/02/09/KCCX/KCCX20240209_220305_V06']"
15077,F,A306,TRI UA /OV HMV125045/TM 2207/FL230/TP A306/TB LGT-MOD 230-200/RM DURD / ZTLFD-44,LGT-MOD 230-200,,23000.0,36.00978282793336,-81.36625905104741,2024-02-09 22:07:00,2.0,H,"('KGSP', 'KFCX', 'KMRX', 'KCAE', 'KRLX')","['s3://noaa-nexrad-level2/2024/02/09/KGSP/KGSP20240209_220334_V06', 's3://noaa-nexrad-level2/2024/02/09/KFCX/KFCX20240209_220633_V06', 's3://noaa-nexrad-level2/2024/02/09/KMRX/KMRX20240209_220238_V06', 's3://noaa-nexrad-level2/2024/02/09/KCAE/KCAE20240209_215743_V06', 's3://noaa-nexrad-level2/2024/02/09/KRLX/KRLX20240209_220154_V06']"
15078,F,B737,RPJ UA /OV PLL/TM 2207/FL370/TP B737/TB NEG,NEG,,37000.0,41.97,-89.52,2024-02-09 22:07:00,0.0,M,"('KDVN', 'KMKX', 'KLOT', 'KILX', 'KARX')","['s3://noaa-nexrad-level2/2024/02/09/KDVN/KDVN20240209_220353_V06', 's3://noaa-nexrad-level2/2024/02/09/KMKX/KMKX20240209_220351_V06', 's3://noaa-nexrad-level2/2024/02/09/KLOT/KLOT20240209_220626_V06', 's3://noaa-nexrad-level2/2024/02/09/KILX/KILX20240209_220616_V06', 's3://noaa-nexrad-level2/2024/02/09/KARX/KARX20240209_220353_V06']"
15079,F,B763,UIN UA /OV UIN/TM 2207/FL370/TP B763/TB LGT CHOP/RM /ZKC FDC XJ,LGT CHOP,,37000.0,39.94285,-91.19458,2024-02-09 22:07:00,1.0,H,"('KLSX', 'KDVN', 'KILX', 'KDMX', 'KEAX')","['s3://noaa-nexrad-level2/2024/02/09/KLSX/KLSX20240209_220030_V06', 's3://noaa-nexrad-level2/2024/02/09/KDVN/KDVN20240209_220353_V06', 's3://noaa-nexrad-level2/2024/02/09/KILX/KILX20240209_220616_V06', 's3://noaa-nexrad-level2/2024/02/09/KDMX/KDMX20240209_220445_V06', 's3://noaa-nexrad-level2/2024/02/09/KEAX/KEAX20240209_220046_V06']"
15080,F,A321,ORF UA /OV ORF/TM 2208/FL350/TP A321/TB LGT-MOD CHOP,LGT-MOD CHOP,,35000.0,36.90333,-76.19222,2024-02-09 22:08:00,2.0,M,"('KAKQ', 'KDOX', 'KMHX', 'KLWX', 'KRAX')","['s3://noaa-nexrad-level2/2024/02/09/KAKQ/KAKQ20240209_220207_V06', 's3://noaa-nexrad-level2/2024/02/09/KDOX/KDOX20240209_220228_V06', 's3://noaa-nexrad-level2/2024/02/09/KMHX/KMHX20240209_220113_V06', 's3://noaa-nexrad-level2/2024/02/09/KLWX/KLWX20240209_220726_V06', 's3://noaa-nexrad-level2/2024/02/09/KRAX/KRAX20240209_220711_V06']"
15081,F,B739,MYNN UA /OV ZQA022135/TM 2208/FL290/TP B739/TB NEG,NEG,,29000.0,27.086332652201747,-76.51992622223642,2024-02-09 22:08:00,0.0,M,"('KAMX', 'KAMX', 'KMLB', 'KBYX', 'KTBW')","['s3://noaa-nexrad-level2/2024/02/09/KAMX/KAMX20240209_220143_V06', 's3://noaa-nexrad-level2/2024/02/09/KAMX/KAMX20240209_220143_V06', 's3://noaa-nexrad-level2/2024/02/09/KMLB/KMLB20240209_220602_V06', 's3://noaa-nexrad-level2/2024/02/09/KBYX/KBYX20240209_220608_V06', 's3://noaa-nexrad-level2/2024/02/09/KTBW/KTBW20240209_220404_V06']"
15082,F,B788,FCI UA /OV FAK270015/TM 2209/FL410/TP B788/TB MOD,MOD,,41000.0,37.53,-78.14527033793281,2024-02-09 22:09:00,3.0,U,"('KAKQ', 'KLWX', 'KRAX', 'KFCX', 'KDOX')","['s3://noaa-nexrad-level2/2024/02/09/KAKQ/KAKQ20240209_220853_V06', 's3://noaa-nexrad-level2/2024/02/09/KLWX/KLWX20240209_220726_V06', 's3://noaa-nexrad-level2/2024/02/09/KRAX/KRAX20240209_220711_V06', 's3://noaa-nexrad-level2/2024/02/09/KFCX/KFCX20240209_220633_V06', 's3://noaa-nexrad-level2/2024/02/09/KDOX/KDOX20240209_220228_V06']"
15083,F,BSC1,ORF UA /OV ORF/TM 2209/FL320/TP BSC1/TB LGT-MOD CHOP,LGT-MOD CHOP,,32000.0,36.90333,-76.19222,2024-02-09 22:09:00,2.0,U,"('KAKQ', 'KDOX', 'KMHX', 'KLWX', 'KRAX')","['s3://noaa-nexrad-level2/2024/02/09/KAKQ/KAKQ20240209_220853_V06', 's3://noaa-nexrad-level2/2024/02/09/KDOX/KDOX20240209_220228_V06', 's3://noaa-nexrad-level2/2024/02/09/KMHX/KMHX20240209_220804_V06', 's3://noaa-nexrad-level2/2024/02/09/KLWX/KLWX20240209_220726_V06', 's3://noaa-nexrad-level2/2024/02/09/KRAX/KRAX20240209_220711_V06']"
15084,F,A21N,IND UA /OV VHP/TM 2209/FL290/TP A21N/TB LGT CHOP,LGT CHOP,,29000.0,39.81,-86.37,2024-02-09 22:09:00,1.0,U,"('KIND', 'KIWX', 'KLVX', 'KVWX', 'KLOT')","['s3://noaa-nexrad-level2/2024/02/09/KIND/KIND20240209_220350_V06', 's3://noaa-nexrad-level2/2024/02/09/KIWX/KIWX20240209_220255_V06', 's3://noaa-nexrad-level2/2024/02/09/KLVX/KLVX20240209_220659_V06', 's3://noaa-nexrad-level2/2024/02/09/KVWX/KVWX20240209_220237_V06', 's3://noaa-nexrad-level2/2024/02/09/KLOT/KLOT20240209_220626_V06']"
15085,F,B39M,LAF UA /OV BVT/TM 2211/FL350/TP B39M/TB CONS LGT CHOP,CONS LGT CHOP,,35000.0,40.56,-87.07,2024-02-09 22:11:00,1.0,U,"('KIND', 'KLOT', 'KIWX', 'KILX', 'KVWX')","['s3://noaa-nexrad-level2/2024/02/09/KIND/KIND20240209_221045_V06', 's3://noaa-nexrad-level2/2024/02/09/KLOT/KLOT20240209_220626_V06', 's3://noaa-nexrad-level2/2024/02/09/KIWX/KIWX20240209_220946_V06', 's3://noaa-nexrad-level2/2024/02/09/KILX/KILX20240209_220616_V06', 's3://noaa-nexrad-level2/2024/02/09/KVWX/KVWX20240209_220943_V06']"
15086,F,CRJ7,SPS UA /OV SPS260010/TM 2211/FL260/TP CRJ7/TB MOD 260-225/RM DURD. ZFW,MOD 260-225,,26000.0,33.94965629280277,-98.69074831266028,2024-02-09 22:11:00,3.0,M,"('KFDR', 'KDYX', 'KOUN', 'KFWS', 'KTLX')","['s3://noaa-nexrad-level2/2024/02/09/KFDR/KFDR20240209_220825_V06', 's3://noaa-nexrad-level2/2024/02/09/KDYX/KDYX20240209_220448_V06', 's3://noaa-nexrad-level2/2024/02/09/KFWS/KFWS20240209_221028_V06', 's3://noaa-nexrad-level2/2024/02/09/KTLX/KTLX20240209_220729_V06']"
15087,F,C172,TKA UA /OV MRI-TKA /TM 2212 /FL025 /TP C172 /TB LGT-MOD /IC NEG/RM MOSTLY SMOOTH 025-030 (AKFSS),LGT-MOD,,2500.0,61.765,-149.965,2024-02-09 22:12:00,2.0,L,"('PAHG', 'PAPD', 'PAIH', 'PAIH', 'PAKC')","['s3://noaa-nexrad-level2/2024/02/09/PAHG/PAHG20240209_221157_V06', 's3://noaa-nexrad-level2/2024/02/09/PAPD/PAPD20240209_221013_V06', 's3://noaa-nexrad-level2/2024/02/09/PAIH/PAIH20240209_220945_V06', 's3://noaa-nexrad-level2/2024/02/09/PAIH/PAIH20240209_220945_V06', 's3://noaa-nexrad-level2/2024/02/09/PAKC/PAKC20240209_220626_V06']"
15088,F,C172,TKA UA /OV MRI-TKA /TM 2212 /FL025 /TP C172 /TB LGT-MOD /IC NEG /RM MOSTLY SMOOTH 025-030 (AKFSS,LGT-MOD,,2500.0,61.765,-149.965,2024-02-09 22:12:00,2.0,L,"('PAHG', 'PAPD', 'PAIH', 'PAIH', 'PAKC')","['s3://noaa-nexrad-level2/2024/02/09/PAHG/PAHG20240209_221157_V06', 's3://noaa-nexrad-level2/2024/02/09/PAPD/PAPD20240209_221013_V06', 's3://noaa-nexrad-level2/2024/02/09/PAIH/PAIH20240209_220945_V06', 's3://noaa-nexrad-level2/2024/02/09/PAIH/PAIH20240209_220945_V06', 's3://noaa-nexrad-level2/2024/02/09/PAKC/PAKC20240209_220626_V06']"
15089,F,B737,MSP UA /OV KMSP/TM 2213/FL100/TP B737/SK TOP 055/TB NEG/IC NEG/RM DURC WEST OUT OF KMSP,NEG,,10000.0,44.88537,-93.23131,2024-02-09 22:13:00,0.0,M,"('KMPX', 'KDLH', 'KARX', 'KDMX', 'KFSD')","['s3://noaa-nexrad-level2/2024/02/09/KMPX/KMPX20240209_220808_V06', 's3://noaa-nexrad-level2/2024/02/09/KDLH/KDLH20240209_220434_V06', 's3://noaa-nexrad-level2/2024/02/09/KARX/KARX20240209_221046_V06', 's3://noaa-nexrad-level2/2024/02/09/KDMX/KDMX20240209_221143_V06', 's3://noaa-nexrad-level2/2024/02/09/KFSD/KFSD20240209_220813_V06']"
15090,F,E170,SGF UA /OV DGD/TM 2213/FL260/TP E170/TB CONS LGT CHOP/RM /ZKC FDC XJ,CONS LGT CHOP,,26000.0,37.02,-92.88,2024-02-09 22:13:00,1.0,U,"('KSGF', 'KEAX', 'KLZK', 'KSRX', 'KLSX')","['s3://noaa-nexrad-level2/2024/02/09/KSGF/KSGF20240209_220600_V06', 's3://noaa-nexrad-level2/2024/02/09/KEAX/KEAX20240209_220733_V06', 's3://noaa-nexrad-level2/2024/02/09/KLZK/KLZK20240209_221012_V06', 's3://noaa-nexrad-level2/2024/02/09/KSRX/KSRX20240209_221239_V06', 's3://noaa-nexrad-level2/2024/02/09/KLSX/KLSX20240209_220716_V06']"
15091,F,CL35,TOB UA /OV TOB/TM 2214/FL120/TP CL35/TA M06/TB NEG/IC TRACE RIME 050,NEG,,12000.0,44.01803,-92.8315,2024-02-09 22:14:00,0.0,U,"('KMPX', 'KARX', 'KDMX', 'KDLH', 'KDVN')","['s3://noaa-nexrad-level2/2024/02/09/KMPX/KMPX20240209_220808_V06', 's3://noaa-nexrad-level2/2024/02/09/KARX/KARX20240209_221046_V06', 's3://noaa-nexrad-level2/2024/02/09/KDMX/KDMX20240209_221143_V06', 's3://noaa-nexrad-level2/2024/02/09/KDLH/KDLH20240209_220434_V06', 's3://noaa-nexrad-level2/2024/02/09/KDVN/KDVN20240209_221036_V06']"
15092,F,B737,AUS UA /OV CWK270040/TM 2214/FL180/TP B737/TB MOD 180-200/RM ZHU,MOD 180-200,,18000.0,30.38,-98.30283899089756,2024-02-09 22:14:00,3.0,M,"('KEWX', 'KGRK', 'KDFX', 'KDYX', 'KSJT')","['s3://noaa-nexrad-level2/2024/02/09/KEWX/KEWX20240209_221021_V06', 's3://noaa-nexrad-level2/2024/02/09/KGRK/KGRK20240209_221215_V06', 's3://noaa-nexrad-level2/2024/02/09/KDFX/KDFX20240209_071201_V06', 's3://noaa-nexrad-level2/2024/02/09/KDYX/KDYX20240209_221308_V06', 's3://noaa-nexrad-level2/2024/02/09/KSJT/KSJT20240209_220702_V06']"
15093,F,B737,EVV UA /OV PXV/TM 2214/FL240/TP B737/TB NEG,NEG,,24000.0,37.93,-87.76,2024-02-09 22:14:00,0.0,M,"('KVWX', 'KHPX', 'KPAH', 'KLVX', 'KOHX')","['s3://noaa-nexrad-level2/2024/02/09/KVWX/KVWX20240209_220943_V06', 's3://noaa-nexrad-level2/2024/02/09/KHPX/KHPX20240209_221232_V06', 's3://noaa-nexrad-level2/2024/02/09/KPAH/KPAH20240209_221319_V06', 's3://noaa-nexrad-level2/2024/02/09/KLVX/KLVX20240209_221130_V06', 's3://noaa-nexrad-level2/2024/02/09/KOHX/KOHX20240209_221024_V06']"
15094,F,B738,BHM UA /OV 3345N 08657W /TM 2215/FL370/TP B738/WV 266109KT/TB LGT CHOP OCNL /RM AWC-WEB,LGT CHOP OCNL,,37000.0,33.75,-86.95,2024-02-09 22:15:00,1.0,M,"('KBMX', 'KGWX', 'KHTX', 'KMXX', 'KFFC')","['s3://noaa-nexrad-level2/2024/02/09/KBMX/KBMX20240209_220720_V06', 's3://noaa-nexrad-level2/2024/02/09/KGWX/KGWX20240209_221329_V06', 's3://noaa-nexrad-level2/2024/02/09/KHTX/KHTX20240209_221414_V06', 's3://noaa-nexrad-level2/2024/02/09/KMXX/KMXX20240209_220721_V06', 's3://noaa-nexrad-level2/2024/02/09/KFFC/KFFC20240209_221026_V06']"
15095,F,B737,HOP UA /OV HOP045020/TM 2215/FL370/TP B737/TB CONS LGT OCNL MOD/RM ZME,CONS LGT OCNL MOD,,37000.0,36.904291352297705,-87.20230097454044,2024-02-09 22:15:00,2.0,M,"('KHPX', 'KOHX', 'KVWX', 'KPAH', 'KLVX')","['s3://noaa-nexrad-level2/2024/02/09/KHPX/KHPX20240209_221232_V06', 's3://noaa-nexrad-level2/2024/02/09/KOHX/KOHX20240209_221424_V06', 's3://noaa-nexrad-level2/2024/02/09/KVWX/KVWX20240209_220943_V06', 's3://noaa-nexrad-level2/2024/02/09/KPAH/KPAH20240209_221319_V06', 's3://noaa-nexrad-level2/2024/02/09/KLVX/KLVX20240209_221130_V06']"
15096,F,DA40,HUF UA /OV TTH/TM 2215/FL016/TP DA40/WX FV10SM/TB LGT CHOP/RM CLR ABV,LGT CHOP,,1600.0,39.49,-87.25,2024-02-09 22:15:00,1.0,L,"('KIND', 'KVWX', 'KLVX', 'KILX', 'KLOT')","['s3://noaa-nexrad-level2/2024/02/09/KIND/KIND20240209_221045_V06', 's3://noaa-nexrad-level2/2024/02/09/KVWX/KVWX20240209_220943_V06', 's3://noaa-nexrad-level2/2024/02/09/KLVX/KLVX20240209_221130_V06', 's3://noaa-nexrad-level2/2024/02/09/KILX/KILX20240209_221315_V06', 's3://noaa-nexrad-level2/2024/02/09/KLOT/KLOT20240209_221332_V06']"
15097,F,B752,ADW UA /OV OTT/TM 2215/FL3302/TP B752/TB CONS LGT OCNL MOD CHOP,CONS LGT OCNL MOD CHOP,,33000.0,38.71,-76.74,2024-02-09 22:15:00,2.0,M,"('KLWX', 'KDOX', 'KAKQ', 'KCCX', 'KDIX')","['s3://noaa-nexrad-level2/2024/02/09/KLWX/KLWX20240209_221422_V06', 's3://noaa-nexrad-level2/2024/02/09/KDOX/KDOX20240209_220931_V06', 's3://noaa-nexrad-level2/2024/02/09/KAKQ/KAKQ20240209_220853_V06', 's3://noaa-nexrad-level2/2024/02/09/KCCX/KCCX20240209_221003_V06', 's3://noaa-nexrad-level2/2024/02/09/KDIX/KDIX20240209_221339_V06']"
15098,F,C441,GAL UA /OV GAL115050/TM 2215/FL250/TP C441/TB LGT-MOD/RM ZAN,LGT-MOD,,25000.0,64.37778958845489,-155.16062727300312,2024-02-09 22:15:00,2.0,L,"('PAHG', 'PAKC', 'PABC', 'PAPD', 'PAIH')","['s3://noaa-nexrad-level2/2024/02/09/PAHG/PAHG20240209_221157_V06', 's3://noaa-nexrad-level2/2024/02/09/PAKC/PAKC20240209_221326_V06', 's3://noaa-nexrad-level2/2024/02/09/PABC/PABC20240209_221404_V06', 's3://noaa-nexrad-level2/2024/02/09/PAPD/PAPD20240209_221013_V06', 's3://noaa-nexrad-level2/2024/02/09/PAIH/PAIH20240209_221420_V06']"
15099,F,A319,GSO UA /OV GSO240018/TM 2216/FL150/TP A319/SK TOP 150/TB NEG/IC NEG/RM ZTLFD-29,NEG,,15000.0,35.947487849987844,-80.26517392556329,2024-02-09 22:16:00,0.0,M,"('KFCX', 'KRAX', 'KCAE', 'KGSP', 'KLTX')","['s3://noaa-nexrad-level2/2024/02/09/KFCX/KFCX20240209_221147_V06', 's3://noaa-nexrad-level2/2024/02/09/KRAX/KRAX20240209_221241_V06', 's3://noaa-nexrad-level2/2024/02/09/KCAE/KCAE20240209_220722_V06', 's3://noaa-nexrad-level2/2024/02/09/KGSP/KGSP20240209_221408_V06', 's3://noaa-nexrad-level2/2024/02/09/KLTX/KLTX20240209_221409_V06']"
15100,F,CL30,SRQ UA /OV SRQ266102/TM 2216/FL300/TP CL30/TB LGT MOD,LGT MOD,,30000.0,27.282794389158944,-84.46893686170135,2024-02-09 22:16:00,2.0,U,"('KTBW', 'KTLH', 'KEVX', 'KBYX', 'KVAX')","['s3://noaa-nexrad-level2/2024/02/09/KTBW/KTBW20240209_221227_V06', 's3://noaa-nexrad-level2/2024/02/09/KTLH/KTLH20240209_220958_V06', 's3://noaa-nexrad-level2/2024/02/09/KEVX/KEVX20240209_221148_V06', 's3://noaa-nexrad-level2/2024/02/09/KBYX/KBYX20240209_221315_V06', 's3://noaa-nexrad-level2/2024/02/09/KVAX/KVAX20240209_221353_V06']"
15101,F,AEST,TRI UA /OV HMV030020/TM 2216/FL160/TP AEST/TA M12/TB NEG/IC LGT RIME/RM ZTLFD-44,NEG,,16000.0,36.728698517304096,-81.92280987936047,2024-02-09 22:16:00,0.0,L,"('KMRX', 'KRLX', 'KJKL', 'KFCX', 'KGSP')","['s3://noaa-nexrad-level2/2024/02/09/KMRX/KMRX20240209_221451_V06', 's3://noaa-nexrad-level2/2024/02/09/KRLX/KRLX20240209_221532_V06', 's3://noaa-nexrad-level2/2024/02/09/KJKL/KJKL20240209_221207_V06', 's3://noaa-nexrad-level2/2024/02/09/KFCX/KFCX20240209_221147_V06', 's3://noaa-nexrad-level2/2024/02/09/KGSP/KGSP20240209_221408_V06']"
15102,F,E75L,CMH UA /OV ROD/TM 2216/FL260/TP E75L/TB LGT CHOP,LGT CHOP,,26000.0,40.29,-84.04,2024-02-09 22:16:00,1.0,U,"('KILN', 'KIWX', 'KIND', 'KCLE', 'KDTX')","['s3://noaa-nexrad-level2/2024/02/09/KILN/KILN20240209_221117_V06', 's3://noaa-nexrad-level2/2024/02/09/KIWX/KIWX20240209_220946_V06', 's3://noaa-nexrad-level2/2024/02/09/KIND/KIND20240209_221045_V06', 's3://noaa-nexrad-level2/2024/02/09/KCLE/KCLE20240209_220949_V06', 's3://noaa-nexrad-level2/2024/02/09/KDTX/KDTX20240209_221233_V06']"
15103,F,B737,SJT UA /OV SJT225040/TM 2217/FL350/TP B737/TB MOD/RM ZHU,MOD,,35000.0,30.8802272954046,-101.0470471185183,2024-02-09 22:17:00,3.0,M,"('KSJT', 'KMAF', 'KDFX', 'KDYX', 'KLBB')","['s3://noaa-nexrad-level2/2024/02/09/KSJT/KSJT20240209_221518_V06', 's3://noaa-nexrad-level2/2024/02/09/KMAF/KMAF20240209_221204_V06', 's3://noaa-nexrad-level2/2024/02/09/KDFX/KDFX20240209_071201_V06', 's3://noaa-nexrad-level2/2024/02/09/KDYX/KDYX20240209_221308_V06', 's3://noaa-nexrad-level2/2024/02/09/KLBB/KLBB20240209_221522_V06']"
15104,F,A319,TUL UA /OV TUL270010/TM 2217/FL270/TP A319/TB CONS LGT CHOP OCNL LGT 270/RM /ZKC FDC XJ,CONS LGT CHOP OCNL LGT 270,,27000.0,36.19839,-96.09465886786,2024-02-09 22:17:00,1.0,M,"('KINX', 'KTLX', 'KOUN', 'KSRX', 'KICT')","['s3://noaa-nexrad-level2/2024/02/09/KINX/KINX20240209_221601_V06', 's3://noaa-nexrad-level2/2024/02/09/KTLX/KTLX20240209_221440_V06', 's3://noaa-nexrad-level2/2024/02/09/KSRX/KSRX20240209_221239_V06', 's3://noaa-nexrad-level2/2024/02/09/KICT/KICT20240209_221058_V06']"
15105,F,LJ40,PGA UA /OV PGA/TM 2218/FL140/TP LJ40/SK OVC 110-125/TA M17/TB LGT CHOP/IC LGT RIME 110-125/RM LGT CHOP IN CLOUDS...ZDV FD,LGT CHOP,,14000.0,36.92608,-111.44836,2024-02-09 22:18:00,1.0,M,"('KICX', 'KFSX', 'KFSX', 'KIWA', 'KESX')","['s3://noaa-nexrad-level2/2024/02/09/KICX/KICX20240209_221234_V06', 's3://noaa-nexrad-level2/2024/02/09/KFSX/KFSX20240209_220911_V06', 's3://noaa-nexrad-level2/2024/02/09/KFSX/KFSX20240209_220911_V06', 's3://noaa-nexrad-level2/2024/02/09/KIWA/KIWA20240209_221104_V06', 's3://noaa-nexrad-level2/2024/02/09/KESX/KESX20240209_221305_V06']"
15106,F,A319,AMA UA /OV PNH080025/TM 2218/FL310/TP A319/TB LGT CAT/RM ZAB/FDCS,LGT CAT,,31000.0,35.31235926799308,-101.19755288255054,2024-02-09 22:18:00,1.0,M,"('KAMA', 'KLBB', 'KFDR', 'KFDX', 'KDDC')","['s3://noaa-nexrad-level2/2024/02/09/KAMA/KAMA20240209_221648_V06', 's3://noaa-nexrad-level2/2024/02/09/KLBB/KLBB20240209_221522_V06', 's3://noaa-nexrad-level2/2024/02/09/KFDR/KFDR20240209_221514_V06', 's3://noaa-nexrad-level2/2024/02/09/KFDX/KFDX20240209_221245_V06', 's3://noaa-nexrad-level2/2024/02/09/KDDC/KDDC20240209_221646_V06']"
15107,F,B737,BNA UA /OV BNA090015/TM 2219/FL410/TP B737/TB CONS LGT/RM ZME,CONS LGT,,41000.0,36.11889,-86.37966069557316,2024-02-09 22:19:00,1.0,M,"('KOHX', 'KHPX', 'KHTX', 'KLVX', 'KVWX')","['s3://noaa-nexrad-level2/2024/02/09/KOHX/KOHX20240209_221836_V06', 's3://noaa-nexrad-level2/2024/02/09/KHPX/KHPX20240209_221718_V06', 's3://noaa-nexrad-level2/2024/02/09/KHTX/KHTX20240209_221849_V06', 's3://noaa-nexrad-level2/2024/02/09/KLVX/KLVX20240209_221601_V06', 's3://noaa-nexrad-level2/2024/02/09/KVWX/KVWX20240209_221649_V06']"
15108,F,A21N,DTW UA /OV DXO121021/TM 2220/FL130/TP A21N/SK CLR BELOW 120/TB NEG/IC NEG/RM DURC,NEG,,13000.0,42.02972207243746,-82.96492644647299,2024-02-09 22:20:00,0.0,U,"('KDTX', 'KCLE', 'KGRR', 'KILN', 'KIWX')","['s3://noaa-nexrad-level2/2024/02/09/KDTX/KDTX20240209_221922_V06', 's3://noaa-nexrad-level2/2024/02/09/KCLE/KCLE20240209_221807_V06', 's3://noaa-nexrad-level2/2024/02/09/KGRR/KGRR20240209_221625_V06', 's3://noaa-nexrad-level2/2024/02/09/KILN/KILN20240209_221805_V06', 's3://noaa-nexrad-level2/2024/02/09/KIWX/KIWX20240209_221644_V06']"
15109,F,E170,DFW UA /OV 30 SW DFW /TM 2220/FL170/TP E170/TB LGT-MOD/RM DURD 170-120,LGT-MOD,,17000.0,32.54324797155345,-97.45910648968064,2024-02-09 22:20:00,2.0,U,"('KFWS', 'KDYX', 'KGRK', 'KFDR', 'KOUN')","['s3://noaa-nexrad-level2/2024/02/09/KFWS/KFWS20240209_221947_V06', 's3://noaa-nexrad-level2/2024/02/09/KDYX/KDYX20240209_221308_V06', 's3://noaa-nexrad-level2/2024/02/09/KGRK/KGRK20240209_221925_V06', 's3://noaa-nexrad-level2/2024/02/09/KFDR/KFDR20240209_221514_V06']"
15110,F,C441,GAL UA /OV GAL115070/TM 2222/FL280/TP C441/TB NEG/RM ZAN,NEG,,28000.0,64.23690542383684,-154.45287818220436,2024-02-09 22:22:00,0.0,L,"('PAHG', 'PAKC', 'PAPD', 'PABC', 'PAIH')","['s3://noaa-nexrad-level2/2024/02/09/PAHG/PAHG20240209_222109_V06', 's3://noaa-nexrad-level2/2024/02/09/PAKC/PAKC20240209_222026_V06', 's3://noaa-nexrad-level2/2024/02/09/PAPD/PAPD20240209_221716_V06', 's3://noaa-nexrad-level2/2024/02/09/PABC/PABC20240209_222101_V06', 's3://noaa-nexrad-level2/2024/02/09/PAIH/PAIH20240209_221856_V06']"
15111,F,A319,6L4 UA /OV 6L4/TM 2222/FL190/TP A319/TB CONS LGT,CONS LGT,,19000.0,37.8557,-81.9159,2024-02-09 22:22:00,1.0,M,"('KRLX', 'KJKL', 'KFCX', 'KMRX', 'KILN')","['s3://noaa-nexrad-level2/2024/02/09/KRLX/KRLX20240209_221532_V06', 's3://noaa-nexrad-level2/2024/02/09/KJKL/KJKL20240209_222051_V06', 's3://noaa-nexrad-level2/2024/02/09/KFCX/KFCX20240209_221702_V06', 's3://noaa-nexrad-level2/2024/02/09/KMRX/KMRX20240209_222057_V06', 's3://noaa-nexrad-level2/2024/02/09/KILN/KILN20240209_221805_V06']"
15112,F,P28G,PKB UA /OV JPU060010/TM 2222/FL045/TP P28G/SK BASE047 BKN045 TOP052/TA 04/WV 250028KT/TB NEG /IC NEG,NEG,,4500.0,39.52334008334008,-81.18308937043633,2024-02-09 22:22:00,0.0,U,"('KRLX', 'KPBZ', 'KCLE', 'KILN', 'KFCX')","['s3://noaa-nexrad-level2/2024/02/09/KRLX/KRLX20240209_221532_V06', 's3://noaa-nexrad-level2/2024/02/09/KPBZ/KPBZ20240209_221707_V06', 's3://noaa-nexrad-level2/2024/02/09/KCLE/KCLE20240209_221807_V06', 's3://noaa-nexrad-level2/2024/02/09/KILN/KILN20240209_221805_V06', 's3://noaa-nexrad-level2/2024/02/09/KFCX/KFCX20240209_221702_V06']"
15113,F,B737,MYNN UA /OV ZQA155187/TM 2222/FL240/TP B737/TB CONS LGT CHOP,CONS LGT CHOP,,24000.0,22.175111932772808,-75.9965567459309,2024-02-09 22:22:00,1.0,M,"('KAMX', 'KAMX', 'KBYX', 'KMLB', 'KTBW')","['s3://noaa-nexrad-level2/2024/02/09/KAMX/KAMX20240209_221910_V06', 's3://noaa-nexrad-level2/2024/02/09/KAMX/KAMX20240209_221910_V06', 's3://noaa-nexrad-level2/2024/02/09/KBYX/KBYX20240209_222022_V06', 's3://noaa-nexrad-level2/2024/02/09/KMLB/KMLB20240209_221959_V06', 's3://noaa-nexrad-level2/2024/02/09/KTBW/KTBW20240209_222109_V06']"
15114,F,AT76,ANC UA /OV TED300020/TM 2223/FL050/TP AT76/TB OCNL LGT/RM DURD,OCNL LGT,,5000.0,61.33668016668017,-150.58869570477478,2024-02-09 22:23:00,1.0,U,"('PAHG', 'PAIH', 'PAIH', 'PAPD', 'PAKC')","['s3://noaa-nexrad-level2/2024/02/09/PAHG/PAHG20240209_222109_V06', 's3://noaa-nexrad-level2/2024/02/09/PAIH/PAIH20240209_221856_V06', 's3://noaa-nexrad-level2/2024/02/09/PAIH/PAIH20240209_221856_V06', 's3://noaa-nexrad-level2/2024/02/09/PAPD/PAPD20240209_221716_V06', 's3://noaa-nexrad-level2/2024/02/09/PAKC/PAKC20240209_222026_V06']"
15115,F,B737,ATL UA /OV ATL/TM 2223/FL390/TP B737/TB NEG/IC NEG/RM ZTLFD-27,NEG,,39000.0,33.6301,-84.4418,2024-02-09 22:23:00,0.0,M,"('KFFC', 'KJGX', 'KMXX', 'KHTX', 'KBMX')","['s3://noaa-nexrad-level2/2024/02/09/KFFC/KFFC20240209_221706_V06', 's3://noaa-nexrad-level2/2024/02/09/KJGX/KJGX20240209_222106_V06', 's3://noaa-nexrad-level2/2024/02/09/KMXX/KMXX20240209_221602_V06', 's3://noaa-nexrad-level2/2024/02/09/KHTX/KHTX20240209_221849_V06', 's3://noaa-nexrad-level2/2024/02/09/KBMX/KBMX20240209_222056_V06']"
15116,F,A20N,DFW UA /OV 40 SE DFW/TM 2223/FL200/TP A20N/TB MOD/RM DURD,MOD,,20000.0,32.425387295404605,-96.47652468042584,2024-02-09 22:23:00,3.0,U,"('KFWS', 'KGRK', 'KSHV', 'KDYX', 'KOUN')","['s3://noaa-nexrad-level2/2024/02/09/KFWS/KFWS20240209_222250_V06', 's3://noaa-nexrad-level2/2024/02/09/KGRK/KGRK20240209_222226_V06', 's3://noaa-nexrad-level2/2024/02/09/KSHV/KSHV20240209_222116_V06', 's3://noaa-nexrad-level2/2024/02/09/KDYX/KDYX20240209_222127_V06']"
15117,F,BE9L,FMN UA /OV FMN/TM 2223/FL130/TP BE9L/SK SKC/TB NEG BLO 130/RM ZDV FD,NEG BLO 130,,13000.0,36.74361,-108.22917,2024-02-09 22:23:00,0.0,L,"('KABX', 'KGJX', 'KFSX', 'KFSX', 'KHDX')","['s3://noaa-nexrad-level2/2024/02/09/KGJX/KGJX20240209_221733_V06', 's3://noaa-nexrad-level2/2024/02/09/KFSX/KFSX20240209_221801_V06', 's3://noaa-nexrad-level2/2024/02/09/KFSX/KFSX20240209_221801_V06', 's3://noaa-nexrad-level2/2024/02/09/KHDX/KHDX20240209_221703_V06']"
15118,F,BCS3,CMH UA /OV APE240025/TM 2223/FL350/TP BCS3/TB CONS LGT CHOP,CONS LGT CHOP,,35000.0,39.94164979164979,-83.06212519755901,2024-02-09 22:23:00,1.0,U,"('KILN', 'KCLE', 'KRLX', 'KJKL', 'KDTX')","['s3://noaa-nexrad-level2/2024/02/09/KILN/KILN20240209_221805_V06', 's3://noaa-nexrad-level2/2024/02/09/KCLE/KCLE20240209_221807_V06', 's3://noaa-nexrad-level2/2024/02/09/KRLX/KRLX20240209_222219_V06', 's3://noaa-nexrad-level2/2024/02/09/KJKL/KJKL20240209_222051_V06', 's3://noaa-nexrad-level2/2024/02/09/KDTX/KDTX20240209_221922_V06']"
15119,F,CRJ7,BGD UA /OV BGD070030/TM 2224/FL370/TP CRJ7/TB MOD/RM ZAB/FDCS,MOD,,37000.0,35.87191392349249,-100.81503773105788,2024-02-09 22:24:00,3.0,M,"('KAMA', 'KDDC', 'KFDR', 'KLBB', 'KVNX')","['s3://noaa-nexrad-level2/2024/02/09/KAMA/KAMA20240209_222329_V06', 's3://noaa-nexrad-level2/2024/02/09/KDDC/KDDC20240209_222219_V06', 's3://noaa-nexrad-level2/2024/02/09/KFDR/KFDR20240209_222206_V06', 's3://noaa-nexrad-level2/2024/02/09/KLBB/KLBB20240209_222221_V06', 's3://noaa-nexrad-level2/2024/02/09/KVNX/KVNX20240209_222020_V06']"
15120,F,B737,CVN UA /OV TXO/TM 2224/FL410/TP B737/TB CONS MOD CHOP/RM ZAB/FDCS,CONS MOD CHOP,,41000.0,34.5,-102.84,2024-02-09 22:24:00,3.0,M,"('KFDX', 'KLBB', 'KAMA', 'KMAF', 'KHDX')","['s3://noaa-nexrad-level2/2024/02/09/KFDX/KFDX20240209_221931_V06', 's3://noaa-nexrad-level2/2024/02/09/KLBB/KLBB20240209_222221_V06', 's3://noaa-nexrad-level2/2024/02/09/KAMA/KAMA20240209_222329_V06', 's3://noaa-nexrad-level2/2024/02/09/KMAF/KMAF20240209_222144_V06', 's3://noaa-nexrad-level2/2024/02/09/KHDX/KHDX20240209_222357_V06']"
15121,F,BCS3,DSM UA /OV DSM/TM 2224/FL360/TP BCS3/TB NEG,NEG,,36000.0,41.53395,-93.653114,2024-02-09 22:24:00,0.0,U,"('KDMX', 'KOAX', 'KEAX', 'KDVN', 'KMPX')","['s3://noaa-nexrad-level2/2024/02/09/KDMX/KDMX20240209_221836_V06', 's3://noaa-nexrad-level2/2024/02/09/KOAX/KOAX20240209_221813_V06', 's3://noaa-nexrad-level2/2024/02/09/KEAX/KEAX20240209_222107_V06', 's3://noaa-nexrad-level2/2024/02/09/KDVN/KDVN20240209_221718_V06', 's3://noaa-nexrad-level2/2024/02/09/KMPX/KMPX20240209_222155_V06']"
15122,F,CRJ9,EVV UA /OV PXV/TM 2225/FL270/TP CRJ9/TB LGT,LGT,,27000.0,37.93,-87.76,2024-02-09 22:25:00,1.0,U,"('KVWX', 'KHPX', 'KPAH', 'KLVX', 'KOHX')","['s3://noaa-nexrad-level2/2024/02/09/KVWX/KVWX20240209_222356_V06', 's3://noaa-nexrad-level2/2024/02/09/KHPX/KHPX20240209_222203_V06', 's3://noaa-nexrad-level2/2024/02/09/KPAH/KPAH20240209_222338_V06', 's3://noaa-nexrad-level2/2024/02/09/KLVX/KLVX20240209_222458_V06', 's3://noaa-nexrad-level2/2024/02/09/KOHX/KOHX20240209_222250_V06']"
15123,F,B772,LBL UA /OV LBL070020/TM 2226/FL330/TP B772/TB MOD CHOP/RM /ZKC FDC XJ,MOD CHOP,,33000.0,37.158235948995,-100.5673923163207,2024-02-09 22:26:00,3.0,H,"('KDDC', 'KAMA', 'KVNX', 'KGLD', 'KICT')","['s3://noaa-nexrad-level2/2024/02/09/KDDC/KDDC20240209_222219_V06', 's3://noaa-nexrad-level2/2024/02/09/KAMA/KAMA20240209_222329_V06', 's3://noaa-nexrad-level2/2024/02/09/KVNX/KVNX20240209_222020_V06', 's3://noaa-nexrad-level2/2024/02/09/KGLD/KGLD20240209_222414_V06', 's3://noaa-nexrad-level2/2024/02/09/KICT/KICT20240209_221912_V06']"
15124,F,A21N,CMH UA /OV APE310015/TM 2226/FL290/TP A21N/TB CONS LGT,CONS LGT,,29000.0,40.31070991888375,-82.84057155307413,2024-02-09 22:26:00,1.0,U,"('KILN', 'KCLE', 'KRLX', 'KDTX', 'KPBZ')","['s3://noaa-nexrad-level2/2024/02/09/KILN/KILN20240209_222509_V06', 's3://noaa-nexrad-level2/2024/02/09/KCLE/KCLE20240209_221807_V06', 's3://noaa-nexrad-level2/2024/02/09/KRLX/KRLX20240209_222219_V06', 's3://noaa-nexrad-level2/2024/02/09/KDTX/KDTX20240209_221922_V06', 's3://noaa-nexrad-level2/2024/02/09/KPBZ/KPBZ20240209_222358_V06']"
15125,F,A321,MBPV UA /OV PVN029097/TM 2226/FL260/TP A321/TB LGT MOD CHOP,LGT MOD CHOP,,26000.0,23.184083058107205,-71.41596447188091,2024-02-09 22:26:00,2.0,M,"('KAMX', 'KAMX', 'KBYX', 'KMLB', 'KTBW')","['s3://noaa-nexrad-level2/2024/02/09/KAMX/KAMX20240209_221910_V06', 's3://noaa-nexrad-level2/2024/02/09/KAMX/KAMX20240209_221910_V06', 's3://noaa-nexrad-level2/2024/02/09/KBYX/KBYX20240209_222022_V06', 's3://noaa-nexrad-level2/2024/02/09/KMLB/KMLB20240209_221959_V06', 's3://noaa-nexrad-level2/2024/02/09/KTBW/KTBW20240209_222109_V06']"
15126,F,F900,DYR UA /OV DYR1350020/TM 2227/FL380/TP F900/TB CONS LGT OCNL MOD /RM ZME,CONS LGT OCNL MOD,,38000.0,35.99797,-89.40658,2024-02-09 22:27:00,2.0,M,"('KNQA', 'KPAH', 'KHPX', 'KGWX', 'KVWX')","['s3://noaa-nexrad-level2/2024/02/09/KNQA/KNQA20240209_222434_V06', 's3://noaa-nexrad-level2/2024/02/09/KPAH/KPAH20240209_222338_V06', 's3://noaa-nexrad-level2/2024/02/09/KHPX/KHPX20240209_222649_V06', 's3://noaa-nexrad-level2/2024/02/09/KGWX/KGWX20240209_222455_V06', 's3://noaa-nexrad-level2/2024/02/09/KVWX/KVWX20240209_222356_V06']"
15127,F,C750,IAD UA /OV CSN070020/TM 2227/FL430/TP C750/TB MOD,MOD,,43000.0,38.754015948995,-77.46894716599047,2024-02-09 22:27:00,3.0,M,"('KLWX', 'KAKQ', 'KDOX', 'KCCX', 'KRAX')","['s3://noaa-nexrad-level2/2024/02/09/KLWX/KLWX20240209_222122_V06', 's3://noaa-nexrad-level2/2024/02/09/KAKQ/KAKQ20240209_222229_V06', 's3://noaa-nexrad-level2/2024/02/09/KDOX/KDOX20240209_222337_V06', 's3://noaa-nexrad-level2/2024/02/09/KCCX/KCCX20240209_222400_V06', 's3://noaa-nexrad-level2/2024/02/09/KRAX/KRAX20240209_222338_V06']"
15128,F,B38M,PUB UA /OV PUB150030/TM 2227/FL240/TP B38M/TB CONT LGT-MOD CHOP/RM 240-210 DURD...ZDV FD,CONT LGT-MOD CHOP,,24000.0,37.85695222404385,-104.17978600998887,2024-02-09 22:27:00,2.0,U,"('KPUX', 'KFTG', 'KGLD', 'KFDX', 'KCYS')","['s3://noaa-nexrad-level2/2024/02/09/KPUX/KPUX20240209_222219_V06', 's3://noaa-nexrad-level2/2024/02/09/KFTG/KFTG20240209_222055_V06', 's3://noaa-nexrad-level2/2024/02/09/KGLD/KGLD20240209_222414_V06', 's3://noaa-nexrad-level2/2024/02/09/KFDX/KFDX20240209_222626_V06', 's3://noaa-nexrad-level2/2024/02/09/KCYS/KCYS20240209_222203_V06']"
15129,F,B38M,CHA UA /OV GQO3960040/TM 2228/FL360/TP B38M/TB INTMT LGT CHOP/RM ZTLFD-02,INTMT LGT CHOP,,36000.0,35.03528,-85.20381,2024-02-09 22:28:00,1.0,U,"('KHTX', 'KFFC', 'KOHX', 'KMRX', 'KBMX')","['s3://noaa-nexrad-level2/2024/02/09/KHTX/KHTX20240209_222731_V06', 's3://noaa-nexrad-level2/2024/02/09/KFFC/KFFC20240209_222347_V06', 's3://noaa-nexrad-level2/2024/02/09/KOHX/KOHX20240209_222718_V06', 's3://noaa-nexrad-level2/2024/02/09/KMRX/KMRX20240209_222702_V06', 's3://noaa-nexrad-level2/2024/02/09/KBMX/KBMX20240209_222602_V06']"
15130,F,A320,SPA UA /OV SPA360045/TM 2229/FL350/TP A320/TB NEG/RM ZTLFD-15,NEG,,35000.0,35.665782950060745,-81.9565,2024-02-09 22:29:00,0.0,M,"('KGSP', 'KMRX', 'KCAE', 'KFCX', 'KJKL')","['s3://noaa-nexrad-level2/2024/02/09/KGSP/KGSP20240209_222454_V06', 's3://noaa-nexrad-level2/2024/02/09/KMRX/KMRX20240209_222702_V06', 's3://noaa-nexrad-level2/2024/02/09/KCAE/KCAE20240209_222640_V06', 's3://noaa-nexrad-level2/2024/02/09/KFCX/KFCX20240209_222729_V06', 's3://noaa-nexrad-level2/2024/02/09/KJKL/KJKL20240209_222511_V06']"
15131,F,B738,SUX UA /OV SUX/TM 2230/FL360/TP B738/TB NEG,NEG,,36000.0,42.391678,-96.379478,2024-02-09 22:30:00,0.0,M,"('KOAX', 'KFSD', 'KDMX', 'KUEX', 'KTWX')","['s3://noaa-nexrad-level2/2024/02/09/KOAX/KOAX20240209_222516_V06', 's3://noaa-nexrad-level2/2024/02/09/KFSD/KFSD20240209_222921_V06', 's3://noaa-nexrad-level2/2024/02/09/KDMX/KDMX20240209_222521_V06', 's3://noaa-nexrad-level2/2024/02/09/KUEX/KUEX20240209_222736_V06', 's3://noaa-nexrad-level2/2024/02/09/KTWX/KTWX20240209_222342_V06']"
15132,F,B73.7,ARG UA /OV ARG360030/TM 2231/FL380/TP B73.7/TB CONS LGT OCNL MOD /RM ZME,CONS LGT OCNL MOD,,38000.0,36.6247105000405,-90.92511,2024-02-09 22:31:00,2.0,U,"('KNQA', 'KLSX', 'KPAH', 'KLZK', 'KSGF')","['s3://noaa-nexrad-level2/2024/02/09/KNQA/KNQA20240209_222434_V06', 's3://noaa-nexrad-level2/2024/02/09/KLSX/KLSX20240209_222747_V06', 's3://noaa-nexrad-level2/2024/02/09/KPAH/KPAH20240209_222847_V06', 's3://noaa-nexrad-level2/2024/02/09/KLZK/KLZK20240209_222728_V06', 's3://noaa-nexrad-level2/2024/02/09/KSGF/KSGF20240209_222648_V06']"
15133,F,E550,DBN UA /OV DBN140020/TM 2231/FL400/TP E550/TB NEG/IC NEG/RM ZTLFD-23,NEG,,40000.0,32.30904786907303,-82.73102621141666,2024-02-09 22:31:00,0.0,U,"('KJGX', 'KVAX', 'KCLX', 'KJAX', 'KFFC')","['s3://noaa-nexrad-level2/2024/02/09/KJGX/KJGX20240209_222748_V06', 's3://noaa-nexrad-level2/2024/02/09/KVAX/KVAX20240209_222754_V06', 's3://noaa-nexrad-level2/2024/02/09/KCLX/KCLX20240209_222645_V06', 's3://noaa-nexrad-level2/2024/02/09/KJAX/KJAX20240209_222859_V06', 's3://noaa-nexrad-level2/2024/02/09/KFFC/KFFC20240209_223028_V06']"
15134,F,C25B,MCN UA /OV MCN/TM 2231/FL180/TP C25B/TB OCNL LGT CHOP/RM ZTLFD-21,OCNL LGT CHOP,,18000.0,32.69285,-83.64921,2024-02-09 22:31:00,1.0,U,"('KJGX', 'KFFC', 'KVAX', 'KMXX', 'KEOX')","['s3://noaa-nexrad-level2/2024/02/09/KJGX/KJGX20240209_222748_V06', 's3://noaa-nexrad-level2/2024/02/09/KFFC/KFFC20240209_223028_V06', 's3://noaa-nexrad-level2/2024/02/09/KVAX/KVAX20240209_222754_V06', 's3://noaa-nexrad-level2/2024/02/09/KMXX/KMXX20240209_222442_V06', 's3://noaa-nexrad-level2/2024/02/09/KEOX/KEOX20240209_222547_V06']"
15135,F,B737,DFW UA /OV 40 SE DFW/TM 2233/FL090/TP B737/TB MOD/RM DURD,MOD,,9000.0,32.425387295404605,-96.47652468042584,2024-02-09 22:33:00,3.0,M,"('KFWS', 'KGRK', 'KSHV', 'KDYX', 'KOUN')","['s3://noaa-nexrad-level2/2024/02/09/KFWS/KFWS20240209_223158_V06', 's3://noaa-nexrad-level2/2024/02/09/KGRK/KGRK20240209_223130_V06', 's3://noaa-nexrad-level2/2024/02/09/KSHV/KSHV20240209_222907_V06', 's3://noaa-nexrad-level2/2024/02/09/KDYX/KDYX20240209_222945_V06']"
15136,F,CRJ9,AHN UA /OV AHN200020/TM 2234/FL130/TP CRJ9/TB NEG/RM VISIBILITY VMC / ZTLFD-16,NEG,,13000.0,33.635343754678566,-83.46379497131173,2024-02-09 22:34:00,0.0,U,"('KJGX', 'KFFC', 'KGSP', 'KCAE', 'KMRX')","['s3://noaa-nexrad-level2/2024/02/09/KJGX/KJGX20240209_222748_V06', 's3://noaa-nexrad-level2/2024/02/09/KFFC/KFFC20240209_223028_V06', 's3://noaa-nexrad-level2/2024/02/09/KGSP/KGSP20240209_223018_V06', 's3://noaa-nexrad-level2/2024/02/09/KCAE/KCAE20240209_222640_V06', 's3://noaa-nexrad-level2/2024/02/09/KMRX/KMRX20240209_223302_V06']"
15137,F,B737,JNU UA /OV JNU /TM 2234 /FL004 /TP B737 /SK OVC004 /TB LGT /IC LGT/RM DURD RY 8 BROKE OUT AT 004/JNU ATCT (AKFSS),LGT,,400.0,58.35,-134.57,2024-02-09 22:34:00,1.0,M,"('PACG', 'PAIH', 'PAIH', 'PAPD', 'KLGX')","['s3://noaa-nexrad-level2/2024/02/09/PACG/PACG20240209_223329_V06', 's3://noaa-nexrad-level2/2024/02/09/PAIH/PAIH20240209_223244_V06', 's3://noaa-nexrad-level2/2024/02/09/PAIH/PAIH20240209_223244_V06', 's3://noaa-nexrad-level2/2024/02/09/PAPD/PAPD20240209_223101_V06', 's3://noaa-nexrad-level2/2024/02/09/KLGX/KLGX20240209_223200_V06']"
15138,F,B737,JNU UA /OV JNU /TM 2234 /FL004 /TP B737 /SK OVC004 /TB LGT /IC LGT /RM DURD RY 8 BROKE OUT AT 004/JNU ATCT (AKFSS,LGT,,400.0,58.35,-134.57,2024-02-09 22:34:00,1.0,M,"('PACG', 'PAIH', 'PAIH', 'PAPD', 'KLGX')","['s3://noaa-nexrad-level2/2024/02/09/PACG/PACG20240209_223329_V06', 's3://noaa-nexrad-level2/2024/02/09/PAIH/PAIH20240209_223244_V06', 's3://noaa-nexrad-level2/2024/02/09/PAIH/PAIH20240209_223244_V06', 's3://noaa-nexrad-level2/2024/02/09/PAPD/PAPD20240209_223101_V06', 's3://noaa-nexrad-level2/2024/02/09/KLGX/KLGX20240209_223200_V06']"
15139,F,C56X,BNA UA /OV VXV360035/TM 2234/FL240/TP C56X/TB CONS MOD,CONS MOD,,24000.0,36.48338058338058,-83.89,2024-02-09 22:34:00,3.0,M,"('KMRX', 'KJKL', 'KGSP', 'KLVX', 'KOHX')","['s3://noaa-nexrad-level2/2024/02/09/KMRX/KMRX20240209_223302_V06', 's3://noaa-nexrad-level2/2024/02/09/KJKL/KJKL20240209_223347_V06', 's3://noaa-nexrad-level2/2024/02/09/KGSP/KGSP20240209_223018_V06', 's3://noaa-nexrad-level2/2024/02/09/KLVX/KLVX20240209_223349_V06', 's3://noaa-nexrad-level2/2024/02/09/KOHX/KOHX20240209_223159_V06']"
15140,F,C550,MOT UA /OV MOT140040/TM 2235/FL400/TP C550/TB LGT CHOP,LGT CHOP,,40000.0,47.748642338146055,-100.6366144064498,2024-02-09 22:35:00,1.0,L,"('KMBX', 'KBIS', 'KABR', 'KMVX', 'KUDX')","['s3://noaa-nexrad-level2/2024/02/09/KMBX/KMBX20240209_223409_V06', 's3://noaa-nexrad-level2/2024/02/09/KBIS/KBIS20240209_223207_V06', 's3://noaa-nexrad-level2/2024/02/09/KABR/KABR20240209_223206_V06', 's3://noaa-nexrad-level2/2024/02/09/KMVX/KMVX20240209_222818_V06', 's3://noaa-nexrad-level2/2024/02/09/KUDX/KUDX20240209_222816_V06']"
15141,F,B738,DDC UA /OV DDC200030/TM 2236/FL370/TP B738/TB CONS LGT/RM /ZKC FDC XJ,CONS LGT,,37000.0,37.29323563201785,-100.18175554016511,2024-02-09 22:36:00,1.0,M,"('KDDC', 'KVNX', 'KAMA', 'KGLD', 'KICT')","['s3://noaa-nexrad-level2/2024/02/09/KDDC/KDDC20240209_223252_V06', 's3://noaa-nexrad-level2/2024/02/09/KVNX/KVNX20240209_223346_V06', 's3://noaa-nexrad-level2/2024/02/09/KAMA/KAMA20240209_223010_V06', 's3://noaa-nexrad-level2/2024/02/09/KGLD/KGLD20240209_223107_V06', 's3://noaa-nexrad-level2/2024/02/09/KICT/KICT20240209_223544_V06']"
15142,F,CRJ9,TRI UA /OV KTRI050010/TM 2236/FL040/TP CRJ9/SK BKN004-TOPUNKN/WX +RA/TB LGT 040/RM DURD RY23 TRI,LGT 040,,4000.0,36.5823599459225,-82.24863106110061,2024-02-09 22:36:00,1.0,U,"('KMRX', 'KJKL', 'KGSP', 'KRLX', 'KFCX')","['s3://noaa-nexrad-level2/2024/02/09/KMRX/KMRX20240209_223302_V06', 's3://noaa-nexrad-level2/2024/02/09/KJKL/KJKL20240209_223347_V06', 's3://noaa-nexrad-level2/2024/02/09/KGSP/KGSP20240209_223542_V06', 's3://noaa-nexrad-level2/2024/02/09/KRLX/KRLX20240209_222910_V06', 's3://noaa-nexrad-level2/2024/02/09/KFCX/KFCX20240209_223250_V06']"
15143,F,SF34,MBPV UA /OV PVN313145/TM 2236/FL240/TP SF34/TB NEG,NEG,,24000.0,23.418296204796853,-74.16332622048309,2024-02-09 22:36:00,0.0,M,"('KAMX', 'KAMX', 'KBYX', 'KMLB', 'KTBW')","['s3://noaa-nexrad-level2/2024/02/09/KAMX/KAMX20240209_222742_V06', 's3://noaa-nexrad-level2/2024/02/09/KAMX/KAMX20240209_222742_V06', 's3://noaa-nexrad-level2/2024/02/09/KBYX/KBYX20240209_223435_V06', 's3://noaa-nexrad-level2/2024/02/09/KMLB/KMLB20240209_223403_V06', 's3://noaa-nexrad-level2/2024/02/09/KTBW/KTBW20240209_222953_V06']"
15144,F,B772,FAM UA /OV FAM/TM 2237/FL360/TP B772/TB CONS LGT CHOP/RM /ZKC FDC XJ,CONS LGT CHOP,,36000.0,37.76103,-90.42861,2024-02-09 22:37:00,1.0,H,"('KLSX', 'KPAH', 'KNQA', 'KILX', 'KVWX')","['s3://noaa-nexrad-level2/2024/02/09/KLSX/KLSX20240209_223442_V06', 's3://noaa-nexrad-level2/2024/02/09/KPAH/KPAH20240209_223355_V06', 's3://noaa-nexrad-level2/2024/02/09/KNQA/KNQA20240209_223304_V06', 's3://noaa-nexrad-level2/2024/02/09/KILX/KILX20240209_223426_V06', 's3://noaa-nexrad-level2/2024/02/09/KVWX/KVWX20240209_223103_V06']"
15145,F,B737,GUS UA /OV GUS/TM 2237/FL230/TP B737/TB CONS LGT CHOP,CONS LGT CHOP,,23000.0,40.64809,-86.15212,2024-02-09 22:37:00,1.0,M,"('KIWX', 'KIND', 'KLOT', 'KGRR', 'KILN')","['s3://noaa-nexrad-level2/2024/02/09/KIWX/KIWX20240209_223041_V06', 's3://noaa-nexrad-level2/2024/02/09/KIND/KIND20240209_223136_V06', 's3://noaa-nexrad-level2/2024/02/09/KLOT/KLOT20240209_223354_V06', 's3://noaa-nexrad-level2/2024/02/09/KGRR/KGRR20240209_223021_V06', 's3://noaa-nexrad-level2/2024/02/09/KILN/KILN20240209_223207_V06']"
15146,F,SF50,MWA UA /OV MWA/TM 2238/FL260/TP SF50/TB MOD CHOP 260/RM /ZKC FDC XJ,MOD CHOP 260,,26000.0,37.75497,-89.01108,2024-02-09 22:38:00,3.0,U,"('KPAH', 'KVWX', 'KLSX', 'KHPX', 'KILX')","['s3://noaa-nexrad-level2/2024/02/09/KPAH/KPAH20240209_223355_V06', 's3://noaa-nexrad-level2/2024/02/09/KVWX/KVWX20240209_223103_V06', 's3://noaa-nexrad-level2/2024/02/09/KLSX/KLSX20240209_223442_V06', 's3://noaa-nexrad-level2/2024/02/09/KHPX/KHPX20240209_223607_V06', 's3://noaa-nexrad-level2/2024/02/09/KILX/KILX20240209_223426_V06']"
15147,F,SF50,PAH UA /OV TINGS/TM 2238/FL270/TP SF50/TB MOD CHOP/RM ZME,MOD CHOP,,27000.0,37.0563,-88.7744,2024-02-09 22:38:00,3.0,U,"('KPAH', 'KHPX', 'KVWX', 'KNQA', 'KOHX')","['s3://noaa-nexrad-level2/2024/02/09/KPAH/KPAH20240209_223355_V06', 's3://noaa-nexrad-level2/2024/02/09/KHPX/KHPX20240209_223607_V06', 's3://noaa-nexrad-level2/2024/02/09/KVWX/KVWX20240209_223103_V06', 's3://noaa-nexrad-level2/2024/02/09/KNQA/KNQA20240209_223304_V06', 's3://noaa-nexrad-level2/2024/02/09/KOHX/KOHX20240209_223639_V06']"
15148,F,B737,CSV UA /OV HCH100015/TM 2238/FL380/TP B737/TB OCNL LGT CHOP/RM ZTLFD-36,OCNL LGT CHOP,,38000.0,35.73658443920415,-84.67649746658344,2024-02-09 22:38:00,1.0,M,"('KMRX', 'KHTX', 'KOHX', 'KJKL', 'KFFC')","['s3://noaa-nexrad-level2/2024/02/09/KMRX/KMRX20240209_223302_V06', 's3://noaa-nexrad-level2/2024/02/09/KHTX/KHTX20240209_223643_V06', 's3://noaa-nexrad-level2/2024/02/09/KOHX/KOHX20240209_223639_V06', 's3://noaa-nexrad-level2/2024/02/09/KJKL/KJKL20240209_223347_V06', 's3://noaa-nexrad-level2/2024/02/09/KFFC/KFFC20240209_223709_V06']"
15149,F,B738,DFW UA /OV 25 NM SW SFW/TM 2238/FL170/TP B738/TB LGT-MOD/RM DURD,LGT-MOD,,17000.0,32.89683,-97.038,2024-02-09 22:38:00,2.0,M,"('KFWS', 'KGRK', 'KDYX', 'KOUN', 'KFDR')","['s3://noaa-nexrad-level2/2024/02/09/KFWS/KFWS20240209_223500_V06', 's3://noaa-nexrad-level2/2024/02/09/KGRK/KGRK20240209_223731_V06', 's3://noaa-nexrad-level2/2024/02/09/KDYX/KDYX20240209_222945_V06', 's3://noaa-nexrad-level2/2024/02/09/KFDR/KFDR20240209_223548_V06']"
15150,F,B38M,CMH UA /OV ROD/TM 2238/FL310/TP B38M/TB OCNL LGT CHOP,OCNL LGT CHOP,,31000.0,40.29,-84.04,2024-02-09 22:38:00,1.0,U,"('KILN', 'KIWX', 'KIND', 'KCLE', 'KDTX')","['s3://noaa-nexrad-level2/2024/02/09/KILN/KILN20240209_223207_V06', 's3://noaa-nexrad-level2/2024/02/09/KIWX/KIWX20240209_223739_V06', 's3://noaa-nexrad-level2/2024/02/09/KIND/KIND20240209_223136_V06', 's3://noaa-nexrad-level2/2024/02/09/KCLE/KCLE20240209_223501_V06', 's3://noaa-nexrad-level2/2024/02/09/KDTX/KDTX20240209_223312_V06']"
15151,F,A321,AMA UA /OV PNH120030/TM 2239/FL320/TP A321/TB OCNL MOD/RM ZAB/FDCS,OCNL MOD,,32000.0,34.98997974997975,-101.16978650429355,2024-02-09 22:39:00,3.0,M,"('KAMA', 'KLBB', 'KFDR', 'KFDX', 'KDDC')","['s3://noaa-nexrad-level2/2024/02/09/KAMA/KAMA20240209_223652_V06', 's3://noaa-nexrad-level2/2024/02/09/KLBB/KLBB20240209_223616_V06', 's3://noaa-nexrad-level2/2024/02/09/KFDR/KFDR20240209_223548_V06', 's3://noaa-nexrad-level2/2024/02/09/KFDX/KFDX20240209_223317_V06', 's3://noaa-nexrad-level2/2024/02/09/KDDC/KDDC20240209_223809_V06']"
15152,F,B757,MKC UA /OV BQS140020/TM 2240/FL390/TP B757/TB CONS LGT OCNL MOD/RM /ZKC FDC XJ,CONS LGT OCNL MOD,,39000.0,39.37463116907303,-93.60177924176594,2024-02-09 22:40:00,2.0,M,"('KEAX', 'KSGF', 'KDMX', 'KTWX', 'KLSX')","['s3://noaa-nexrad-level2/2024/02/09/KEAX/KEAX20240209_223441_V06', 's3://noaa-nexrad-level2/2024/02/09/KSGF/KSGF20240209_223711_V06', 's3://noaa-nexrad-level2/2024/02/09/KDMX/KDMX20240209_223922_V06', 's3://noaa-nexrad-level2/2024/02/09/KTWX/KTWX20240209_223158_V06', 's3://noaa-nexrad-level2/2024/02/09/KLSX/KLSX20240209_223442_V06']"
15153,F,A319,OJC UA /OV BUM140030/TM 2240/FL270/TP A319/TB LGT CONS/RM /ZKC FDC XJ,LGT CONS,,27000.0,37.89694675360954,-93.93054415216828,2024-02-09 22:40:00,1.0,M,"('KSGF', 'KEAX', 'KINX', 'KTWX', 'KSRX')","['s3://noaa-nexrad-level2/2024/02/09/KSGF/KSGF20240209_223711_V06', 's3://noaa-nexrad-level2/2024/02/09/KEAX/KEAX20240209_223441_V06', 's3://noaa-nexrad-level2/2024/02/09/KINX/KINX20240209_223249_V06', 's3://noaa-nexrad-level2/2024/02/09/KTWX/KTWX20240209_223158_V06', 's3://noaa-nexrad-level2/2024/02/09/KSRX/KSRX20240209_223632_V06']"
15154,F,B737,LOZ UA /OV AZQ100020/TM 2241/FL350/TP B737/TB OCNL LGT CHOP,OCNL LGT CHOP,,35000.0,37.332112585605536,-82.84680009753271,2024-02-09 22:41:00,1.0,M,"('KJKL', 'KMRX', 'KRLX', 'KILN', 'KGSP')","['s3://noaa-nexrad-level2/2024/02/09/KJKL/KJKL20240209_223810_V06', 's3://noaa-nexrad-level2/2024/02/09/KMRX/KMRX20240209_223902_V06', 's3://noaa-nexrad-level2/2024/02/09/KRLX/KRLX20240209_223601_V06', 's3://noaa-nexrad-level2/2024/02/09/KILN/KILN20240209_223857_V06', 's3://noaa-nexrad-level2/2024/02/09/KGSP/KGSP20240209_223542_V06']"
15155,F,E175,CRW UA /OV HVQ/TM 2241/FL340/TP E175/TB MOD CHOP,MOD CHOP,,34000.0,38.35,-81.77,2024-02-09 22:41:00,3.0,U,"('KRLX', 'KJKL', 'KFCX', 'KILN', 'KPBZ')","['s3://noaa-nexrad-level2/2024/02/09/KRLX/KRLX20240209_223601_V06', 's3://noaa-nexrad-level2/2024/02/09/KJKL/KJKL20240209_223810_V06', 's3://noaa-nexrad-level2/2024/02/09/KFCX/KFCX20240209_223811_V06', 's3://noaa-nexrad-level2/2024/02/09/KILN/KILN20240209_223857_V06', 's3://noaa-nexrad-level2/2024/02/09/KPBZ/KPBZ20240209_223727_V06']"
15156,F,C56X,DAY UA /OV DQN/TM 2241/FL390/TP C56X/TB NEG,NEG,,39000.0,40.02,-84.4,2024-02-09 22:41:00,0.0,M,"('KILN', 'KIWX', 'KIND', 'KLVX', 'KJKL')","['s3://noaa-nexrad-level2/2024/02/09/KILN/KILN20240209_223857_V06', 's3://noaa-nexrad-level2/2024/02/09/KIWX/KIWX20240209_223739_V06', 's3://noaa-nexrad-level2/2024/02/09/KIND/KIND20240209_223830_V06', 's3://noaa-nexrad-level2/2024/02/09/KLVX/KLVX20240209_223815_V06', 's3://noaa-nexrad-level2/2024/02/09/KJKL/KJKL20240209_223810_V06']"
15157,F,B752,TLH UA /OV SZW150050/TM 2242/FL320/TP B752/TB NEG,NEG,,32000.0,29.83825370673976,-83.88608201833745,2024-02-09 22:42:00,0.0,M,"('KTLH', 'KVAX', 'KEVX', 'KEOX', 'KJAX')","['s3://noaa-nexrad-level2/2024/02/09/KTLH/KTLH20240209_223717_V06', 's3://noaa-nexrad-level2/2024/02/09/KVAX/KVAX20240209_224154_V06', 's3://noaa-nexrad-level2/2024/02/09/KEVX/KEVX20240209_224012_V06', 's3://noaa-nexrad-level2/2024/02/09/KEOX/KEOX20240209_223953_V06', 's3://noaa-nexrad-level2/2024/02/09/KJAX/KJAX20240209_223544_V06']"
15158,T,JJ60,BNA UUA /OV BNA045045/TM 2243/FL170/TP JJ60/TB SEV DURD/RM ZME,SEV DURD,,17000.0,36.64926304266982,-86.03260161599836,2024-02-09 22:43:00,5.0,U,"('KOHX', 'KHPX', 'KLVX', 'KHTX', 'KVWX')","['s3://noaa-nexrad-level2/2024/02/09/KOHX/KOHX20240209_224121_V06', 's3://noaa-nexrad-level2/2024/02/09/KHPX/KHPX20240209_224047_V06', 's3://noaa-nexrad-level2/2024/02/09/KLVX/KLVX20240209_224242_V06', 's3://noaa-nexrad-level2/2024/02/09/KHTX/KHTX20240209_224137_V06', 's3://noaa-nexrad-level2/2024/02/09/KVWX/KVWX20240209_223803_V06']"
15159,F,E170,GCK UA /OV GCK160020/TM 2243/FL350/TP E170/TB CONS MOD CHOP/RM /ZKC FDC XJ,CONS MOD CHOP,,35000.0,37.61427375467856,-100.57987440841052,2024-02-09 22:43:00,3.0,U,"('KDDC', 'KGLD', 'KVNX', 'KAMA', 'KICT')","['s3://noaa-nexrad-level2/2024/02/09/KDDC/KDDC20240209_223809_V06', 's3://noaa-nexrad-level2/2024/02/09/KGLD/KGLD20240209_223800_V06', 's3://noaa-nexrad-level2/2024/02/09/KVNX/KVNX20240209_224048_V06', 's3://noaa-nexrad-level2/2024/02/09/KAMA/KAMA20240209_223652_V06', 's3://noaa-nexrad-level2/2024/02/09/KICT/KICT20240209_223544_V06']"
15160,F,E75L,TUL UA /OV TUL300010/TM 2243/FL340/TP E75L/TB CONS LGT 340/RM /ZKC FDC XJ,CONS LGT 340,,34000.0,36.281730083340086,-96.06698656668968,2024-02-09 22:43:00,1.0,U,"('KINX', 'KTLX', 'KOUN', 'KICT', 'KSRX')","['s3://noaa-nexrad-level2/2024/02/09/KINX/KINX20240209_224117_V06', 's3://noaa-nexrad-level2/2024/02/09/KTLX/KTLX20240209_224049_V06', 's3://noaa-nexrad-level2/2024/02/09/KICT/KICT20240209_223544_V06', 's3://noaa-nexrad-level2/2024/02/09/KSRX/KSRX20240209_224033_V06']"
15161,F,E145,DEN UA /OV 080010/TM 2243/FL120/TP E145/SK BASES 105 TOPS 120/TB NEG,NEG,,12000.0,39.8328,-104.6575,2024-02-09 22:43:00,0.0,M,"('KFTG', 'KCYS', 'KPUX', 'KGLD', 'KGJX')","['s3://noaa-nexrad-level2/2024/02/09/KFTG/KFTG20240209_224155_V06', 's3://noaa-nexrad-level2/2024/02/09/KCYS/KCYS20240209_223605_V06', 's3://noaa-nexrad-level2/2024/02/09/KPUX/KPUX20240209_223627_V06', 's3://noaa-nexrad-level2/2024/02/09/KGLD/KGLD20240209_223800_V06', 's3://noaa-nexrad-level2/2024/02/09/KGJX/KGJX20240209_223944_V06']"
15162,F,ALL TYPES,DEN UA /OV 315050/TM 2244/FL130/TP ALL TYPES/TB NEG TURB DURD 230-130,NEG TURB DURD 230-130,,13000.0,39.8328,-104.6575,2024-02-09 22:44:00,0.0,L,"('KFTG', 'KCYS', 'KPUX', 'KGLD', 'KGJX')","['s3://noaa-nexrad-level2/2024/02/09/KFTG/KFTG20240209_224155_V06', 's3://noaa-nexrad-level2/2024/02/09/KCYS/KCYS20240209_224305_V06', 's3://noaa-nexrad-level2/2024/02/09/KPUX/KPUX20240209_224332_V06', 's3://noaa-nexrad-level2/2024/02/09/KGLD/KGLD20240209_223800_V06', 's3://noaa-nexrad-level2/2024/02/09/KGJX/KGJX20240209_223944_V06']"
15163,F,A319,DEN UA /OV 360010/TM 2244/FL100/TP A319/SK SCT 090/TB LGT CHOP,LGT CHOP,,10000.0,39.8328,-104.6575,2024-02-09 22:44:00,1.0,M,"('KFTG', 'KCYS', 'KPUX', 'KGLD', 'KGJX')","['s3://noaa-nexrad-level2/2024/02/09/KFTG/KFTG20240209_224155_V06', 's3://noaa-nexrad-level2/2024/02/09/KCYS/KCYS20240209_224305_V06', 's3://noaa-nexrad-level2/2024/02/09/KPUX/KPUX20240209_224332_V06', 's3://noaa-nexrad-level2/2024/02/09/KGLD/KGLD20240209_223800_V06', 's3://noaa-nexrad-level2/2024/02/09/KGJX/KGJX20240209_223944_V06']"
15164,F,C68A,DEN UA /OV DEN210065/TM 2245/FL200/TP C68A/TB NEG/IC NEG/RM DURD ZOMBZ STAR. ZDV,NEG,,20000.0,38.89452981876168,-105.3629285465329,2024-02-09 22:45:00,0.0,U,"('KFTG', 'KPUX', 'KCYS', 'KGJX', 'KGLD')","['s3://noaa-nexrad-level2/2024/02/09/KFTG/KFTG20240209_224155_V06', 's3://noaa-nexrad-level2/2024/02/09/KPUX/KPUX20240209_224332_V06', 's3://noaa-nexrad-level2/2024/02/09/KCYS/KCYS20240209_224305_V06', 's3://noaa-nexrad-level2/2024/02/09/KGJX/KGJX20240209_223944_V06', 's3://noaa-nexrad-level2/2024/02/09/KGLD/KGLD20240209_224453_V06']"
15165,F,B738,UA /OV 6030N13730W /TM 2245 /FL330 /TP B738 /TB LGT /RM OCNL MOD,LGT,,33000.0,60.5,-137.5,2024-02-09 22:45:00,1.0,M,"('PACG', 'PAIH', 'PAIH', 'PAPD', 'PAHG')","['s3://noaa-nexrad-level2/2024/02/09/PACG/PACG20240209_223930_V06', 's3://noaa-nexrad-level2/2024/02/09/PAIH/PAIH20240209_224156_V06', 's3://noaa-nexrad-level2/2024/02/09/PAIH/PAIH20240209_224156_V06', 's3://noaa-nexrad-level2/2024/02/09/PAPD/PAPD20240209_223910_V06', 's3://noaa-nexrad-level2/2024/02/09/PAHG/PAHG20240209_224410_V06']"
15166,F,B737,COU UA /OV MCM300020/TM 2246/FL330/TP B737/TB LGT OCNL MOD/RM /ZKC FDC XJ,LGT OCNL MOD,,33000.0,39.816680166680165,-92.85495422829663,2024-02-09 22:46:00,2.0,M,"('KEAX', 'KDMX', 'KLSX', 'KSGF', 'KDVN')","['s3://noaa-nexrad-level2/2024/02/09/KEAX/KEAX20240209_224129_V06', 's3://noaa-nexrad-level2/2024/02/09/KDMX/KDMX20240209_223922_V06', 's3://noaa-nexrad-level2/2024/02/09/KLSX/KLSX20240209_224142_V06', 's3://noaa-nexrad-level2/2024/02/09/KSGF/KSGF20240209_223711_V06', 's3://noaa-nexrad-level2/2024/02/09/KDVN/KDVN20240209_224500_V06']"
15167,F,T737,DDC UA /OV DDC/TM 2246/FL330/TP T737/TB CONS MOD 330/RM /ZKC FDC XJ,CONS MOD 330,,33000.0,37.76312,-99.96542,2024-02-09 22:46:00,3.0,U,"('KDDC', 'KVNX', 'KGLD', 'KICT', 'KUEX')","['s3://noaa-nexrad-level2/2024/02/09/KDDC/KDDC20240209_224326_V06', 's3://noaa-nexrad-level2/2024/02/09/KVNX/KVNX20240209_224048_V06', 's3://noaa-nexrad-level2/2024/02/09/KGLD/KGLD20240209_224453_V06', 's3://noaa-nexrad-level2/2024/02/09/KICT/KICT20240209_224400_V06', 's3://noaa-nexrad-level2/2024/02/09/KUEX/KUEX20240209_224400_V06']"
