,URGENT,AIRCRAFT,REPORT,TURBULENCE,PRODUCT_ID,FL,LAT,LON,datetime,turbulence_intensity,Plane Weight,nexrad_sites,aws_files
53562,F,BE9L,MCN UA /OV MCN035031/TM 2107/FL180/TP BE9L/TB NEG 210-110/IC NEG 210-110/RM ZTLFD-19,NEG 210-110,202503032100-KMSC-UBUS01-PIREP,18000.0,33.11611283776332,-83.29704803540626,2025-03-03 21:07:00,0.0,L,"('KJGX', 'KFFC', 'KGSP', 'KVAX', 'KCLX')","['s3://noaa-nexrad-level2/2025/03/03/KJGX/KJGX20250303_210642_V06', 's3://noaa-nexrad-level2/2025/03/03/KFFC/KFFC20250303_210029_V06', 's3://noaa-nexrad-level2/2025/03/03/KGSP/KGSP20250303_210003_V06', 's3://noaa-nexrad-level2/2025/03/03/KVAX/KVAX20250303_210343_V06', 's3://noaa-nexrad-level2/2025/03/03/KCLX/KCLX20250303_210008_V06']"
53563,F,B737,MCI UA /OV MCI200005/TM 2107/FL047/TP B737/SK OVC047-TOP053/TB LGT CHOP 047-053/RM DURC,LGT CHOP 047-053,202503032100-KMSC-UBUS01-PIREP,4700.0,39.21929593866964,-94.75074320376152,2025-03-03 21:07:00,1.0,M,"('KEAX', 'KTWX', 'KSGF', 'KOAX', 'KDMX')","['s3://noaa-nexrad-level2/2025/03/03/KEAX/KEAX20250303_210638_V06', 's3://noaa-nexrad-level2/2025/03/03/KTWX/KTWX20250303_210513_V06', 's3://noaa-nexrad-level2/2025/03/03/KSGF/KSGF20250303_205925_V06', 's3://noaa-nexrad-level2/2025/03/03/KOAX/KOAX20250303_210526_V06', 's3://noaa-nexrad-level2/2025/03/03/KDMX/KDMX20250303_210351_V06']"
53564,F,E75L,DDC UA /OV DDC/TM 2108/FL350/TP E75L/TB LGT-MOD/RM ZKC FDC,LGT-MOD,202503032100-KMSC-UBUS01-PIREP,35000.0,37.76312,-99.96542,2025-03-03 21:08:00,2.0,U,"('KDDC', 'KVNX', 'KGLD', 'KICT', 'KUEX')","['s3://noaa-nexrad-level2/2025/03/03/KDDC/KDDC20250303_210619_V06', 's3://noaa-nexrad-level2/2025/03/03/KVNX/KVNX20250303_210517_V06', 's3://noaa-nexrad-level2/2025/03/03/KGLD/KGLD20250303_205929_V06', 's3://noaa-nexrad-level2/2025/03/03/KICT/KICT20250303_210144_V06', 's3://noaa-nexrad-level2/2025/03/03/KUEX/KUEX20250303_210525_V06']"
53565,F,C56X,DBN UA /OV DBN/TM 2108/FL410/TP C56X/TB NEG/RM ZTLFD-23,NEG,202503032100-KMSC-UBUS01-PIREP,41000.0,32.5644167,-82.9852778,2025-03-03 21:08:00,0.0,M,"('KJGX', 'KVAX', 'KFFC', 'KCLX', 'KCAE')","['s3://noaa-nexrad-level2/2025/03/03/KJGX/KJGX20250303_210642_V06', 's3://noaa-nexrad-level2/2025/03/03/KVAX/KVAX20250303_210343_V06', 's3://noaa-nexrad-level2/2025/03/03/KFFC/KFFC20250303_210711_V06', 's3://noaa-nexrad-level2/2025/03/03/KCLX/KCLX20250303_210008_V06', 's3://noaa-nexrad-level2/2025/03/03/KCAE/KCAE20250303_210236_V06']"
53566,F,A21N,GCK UA /OV GCK/TM 2109/FL340/TP A21N/TB LGT CHOP-LGT/RM ZKC FDC,LGT CHOP-LGT,202503032100-KMSC-UBUS01-PIREP,34000.0,37.92753,-100.72442,2025-03-03 21:09:00,1.0,U,"('KDDC', 'KGLD', 'KVNX', 'KAMA', 'KICT')","['s3://noaa-nexrad-level2/2025/03/03/KDDC/KDDC20250303_210619_V06', 's3://noaa-nexrad-level2/2025/03/03/KGLD/KGLD20250303_205929_V06', 's3://noaa-nexrad-level2/2025/03/03/KVNX/KVNX20250303_210517_V06', 's3://noaa-nexrad-level2/2025/03/03/KAMA/KAMA20250303_210538_V06', 's3://noaa-nexrad-level2/2025/03/03/KICT/KICT20250303_210144_V06']"
53567,F,E75L,LIC UA /OV HGO014041/TM 2109/FL250/TP E75L/TB CONS LGT OCNL MOD CHOP TO FL250/RM DURC. ZDVWC-07,CONS LGT OCNL MOD CHOP TO FL250,202503032100-KMSC-UBUS01-PIREP,25000.0,39.47308911887743,-103.41783288007596,2025-03-03 21:09:00,2.0,U,"('KFTG', 'KPUX', 'KGLD', 'KCYS', 'KLNX')","['s3://noaa-nexrad-level2/2025/03/03/KFTG/KFTG20250303_210533_V06', 's3://noaa-nexrad-level2/2025/03/03/KPUX/KPUX20250303_210212_V06', 's3://noaa-nexrad-level2/2025/03/03/KGLD/KGLD20250303_205929_V06', 's3://noaa-nexrad-level2/2025/03/03/KCYS/KCYS20250303_210414_V06', 's3://noaa-nexrad-level2/2025/03/03/KLNX/KLNX20250303_210504_V06']"
53568,F,B737,DEN UA /OV DEN250010/TM 2110/FL230/TP B737/TB LGT-MOD SFC-230,LGT-MOD SFC-230,202503032100-KMSC-UBUS01-PIREP,23000.0,39.7757920255025,-104.861464922975,2025-03-03 21:10:00,2.0,M,"('KFTG', 'KCYS', 'KPUX', 'KGLD', 'KGJX')","['s3://noaa-nexrad-level2/2025/03/03/KFTG/KFTG20250303_210533_V06', 's3://noaa-nexrad-level2/2025/03/03/KCYS/KCYS20250303_210414_V06', 's3://noaa-nexrad-level2/2025/03/03/KPUX/KPUX20250303_210917_V06', 's3://noaa-nexrad-level2/2025/03/03/KGLD/KGLD20250303_210907_V06', 's3://noaa-nexrad-level2/2025/03/03/KGJX/KGJX20250303_210527_V06']"
53569,F,E75L,IKK UA /OV EON/TM 2110/FL170/TP E75L/SK SKC/TB NEG/IC NEG,NEG,202503032100-KMSC-UBUS01-PIREP,17000.0,41.27,-87.79,2025-03-03 21:10:00,0.0,U,"('KLOT', 'KMKX', 'KILX', 'KIWX', 'KIND')","['s3://noaa-nexrad-level2/2025/03/03/KLOT/KLOT20250303_210749_V06', 's3://noaa-nexrad-level2/2025/03/03/KMKX/KMKX20250303_210930_V06', 's3://noaa-nexrad-level2/2025/03/03/KILX/KILX20250303_210933_V06', 's3://noaa-nexrad-level2/2025/03/03/KIWX/KIWX20250303_210745_V06', 's3://noaa-nexrad-level2/2025/03/03/KIND/KIND20250303_210715_V06']"
53570,F,B737,ALS UA /OV ALS090020/TM 2111/FL360/TP B737/TB LGT-MOD CHOP/RM ZDVWC-30,LGT-MOD CHOP,202503032100-KMSC-UBUS01-PIREP,36000.0,37.43889,-105.44154186428256,2025-03-03 21:11:00,2.0,M,"('KPUX', 'KFTG', 'KABX', 'KGJX', 'KFDX')","['s3://noaa-nexrad-level2/2025/03/03/KPUX/KPUX20250303_210917_V06', 's3://noaa-nexrad-level2/2025/03/03/KFTG/KFTG20250303_210533_V06', 's3://noaa-nexrad-level2/2025/03/03/KABX/KABX20250303_210822_V06', 's3://noaa-nexrad-level2/2025/03/03/KGJX/KGJX20250303_210527_V06', 's3://noaa-nexrad-level2/2025/03/03/KFDX/KFDX20250303_210531_V06']"
53571,F,CRJ7,ASE UA /OV ASE330003/TM 2111/FL093/TP CRJ7/TB LGT CHOP/RM +/-20 SHORT FINAL R15 NEG LLWS,LGT CHOP,202503032100-KMSC-UBUS01-PIREP,9300.0,39.26647477759562,-106.90113363529674,2025-03-03 21:11:00,1.0,M,"('KGJX', 'KFTG', 'KCYS', 'KPUX', 'KRIW')","['s3://noaa-nexrad-level2/2025/03/03/KGJX/KGJX20250303_210527_V06', 's3://noaa-nexrad-level2/2025/03/03/KFTG/KFTG20250303_210533_V06', 's3://noaa-nexrad-level2/2025/03/03/KCYS/KCYS20250303_211010_V06', 's3://noaa-nexrad-level2/2025/03/03/KPUX/KPUX20250303_210917_V06', 's3://noaa-nexrad-level2/2025/03/03/KRIW/KRIW20250303_210956_V06']"
53572,F,CRJ2,DRO UA /OV KDRO/TM 2111/FL150/TP CRJ2/TB OCNL MOD BLO 150/RM ZDVWC-36,OCNL MOD BLO 150,202503032100-KMSC-UBUS01-PIREP,15000.0,37.15152,-107.75377,2025-03-03 21:11:00,3.0,M,"('KGJX', 'KABX', 'KPUX', 'KFTG', 'KFSX')","['s3://noaa-nexrad-level2/2025/03/03/KGJX/KGJX20250303_210527_V06', 's3://noaa-nexrad-level2/2025/03/03/KABX/KABX20250303_210822_V06', 's3://noaa-nexrad-level2/2025/03/03/KPUX/KPUX20250303_210917_V06', 's3://noaa-nexrad-level2/2025/03/03/KFTG/KFTG20250303_210533_V06', 's3://noaa-nexrad-level2/2025/03/03/KFSX/KFSX20250303_211013_V06']"
53573,F,CRJ2,RIW UA /OV BOY148025/TM 2111/FL310/TP CRJ2/TB CONS LGT CHOP /ZLC,CONS LGT CHOP,202503032100-KMSC-UBUS01-PIREP,31000.0,43.10661800494962,-107.99578269441596,2025-03-03 21:11:00,1.0,M,"('KRIW', 'KBLX', 'KCYS', 'KGJX', 'KSFX')","['s3://noaa-nexrad-level2/2025/03/03/KRIW/KRIW20250303_210956_V06', 's3://noaa-nexrad-level2/2025/03/03/KBLX/KBLX20250303_210558_V06', 's3://noaa-nexrad-level2/2025/03/03/KCYS/KCYS20250303_211010_V06', 's3://noaa-nexrad-level2/2025/03/03/KGJX/KGJX20250303_210527_V06', 's3://noaa-nexrad-level2/2025/03/03/KSFX/KSFX20250303_210758_V06']"
53574,F,C25C,BHM UA /OV VUZ120020/TM 2111/FL400/TP C25C/TB CONS LGT CHOP/RM ZTLFD-02,CONS LGT CHOP,202503032100-KMSC-UBUS01-PIREP,40000.0,33.50331983331984,-86.55310854081903,2025-03-03 21:11:00,1.0,U,"('KBMX', 'KMXX', 'KHTX', 'KGWX', 'KFFC')","['s3://noaa-nexrad-level2/2025/03/03/KBMX/KBMX20250303_210908_V06', 's3://noaa-nexrad-level2/2025/03/03/KMXX/KMXX20250303_210434_V06', 's3://noaa-nexrad-level2/2025/03/03/KHTX/KHTX20250303_210548_V06', 's3://noaa-nexrad-level2/2025/03/03/KGWX/KGWX20250303_210550_V06', 's3://noaa-nexrad-level2/2025/03/03/KFFC/KFFC20250303_210711_V06']"
53575,F,B739,DLL UA /OV DLL295020/TM 2112/FL474/TP B739/TB OCNL LGT CHOP,OCNL LGT CHOP,202503032100-KMSC-UBUS01-PIREP,47400.0,43.66288416461804,-90.18766376484804,2025-03-03 21:12:00,1.0,M,"('KARX', 'KMKX', 'KDVN', 'KGRB', 'KLOT')","['s3://noaa-nexrad-level2/2025/03/03/KARX/KARX20250303_210753_V06', 's3://noaa-nexrad-level2/2025/03/03/KMKX/KMKX20250303_210930_V06', 's3://noaa-nexrad-level2/2025/03/03/KDVN/KDVN20250303_210310_V06', 's3://noaa-nexrad-level2/2025/03/03/KGRB/KGRB20250303_210647_V06', 's3://noaa-nexrad-level2/2025/03/03/KLOT/KLOT20250303_210749_V06']"
53576,F,B738,OMA UA /OV SCB/TM 2113/FL350/TP B738/TB NEG,NEG,202503032100-KMSC-UBUS01-PIREP,35000.0,41.61,-96.62,2025-03-03 21:13:00,0.0,M,"('KOAX', 'KFSD', 'KUEX', 'KTWX', 'KDMX')","['s3://noaa-nexrad-level2/2025/03/03/KOAX/KOAX20250303_211211_V06', 's3://noaa-nexrad-level2/2025/03/03/KFSD/KFSD20250303_211221_V06', 's3://noaa-nexrad-level2/2025/03/03/KUEX/KUEX20250303_211211_V06', 's3://noaa-nexrad-level2/2025/03/03/KTWX/KTWX20250303_210513_V06', 's3://noaa-nexrad-level2/2025/03/03/KDMX/KDMX20250303_211040_V06']"
53577,F,B739,EGE UA /OV RLG/TM 2114/FL340/TP B739/TB LGT CHOP/RM POCKETS OF MOD. ZDVWC-14,LGT CHOP,202503032100-KMSC-UBUS01-PIREP,34000.0,40.0,-106.44,2025-03-03 21:14:00,1.0,M,"('KFTG', 'KCYS', 'KGJX', 'KPUX', 'KRIW')","['s3://noaa-nexrad-level2/2025/03/03/KFTG/KFTG20250303_211235_V06', 's3://noaa-nexrad-level2/2025/03/03/KCYS/KCYS20250303_211010_V06', 's3://noaa-nexrad-level2/2025/03/03/KGJX/KGJX20250303_211114_V06', 's3://noaa-nexrad-level2/2025/03/03/KPUX/KPUX20250303_210917_V06', 's3://noaa-nexrad-level2/2025/03/03/KRIW/KRIW20250303_210956_V06']"
53578,F,BE58,ICL UA /OV ICL/TM 2114/FL050/TP BE58/SK FEW070/TB NEG/IC NEG,NEG,202503032100-KMSC-UBUS01-PIREP,5000.0,40.7241527778,-95.0222722222,2025-03-03 21:14:00,0.0,L,"('KOAX', 'KDMX', 'KEAX', 'KTWX', 'KFSD')","['s3://noaa-nexrad-level2/2025/03/03/KOAX/KOAX20250303_211211_V06', 's3://noaa-nexrad-level2/2025/03/03/KDMX/KDMX20250303_211040_V06', 's3://noaa-nexrad-level2/2025/03/03/KEAX/KEAX20250303_211320_V06', 's3://noaa-nexrad-level2/2025/03/03/KTWX/KTWX20250303_211330_V06', 's3://noaa-nexrad-level2/2025/03/03/KFSD/KFSD20250303_211221_V06']"
53579,F,A21N,ALO UA /OV ALO222022/TM 2115/FL320/TP A21N/TB OCNL LGT CAT,OCNL LGT CAT,202503032100-KMSC-UBUS01-PIREP,32000.0,42.28185649256823,-92.73438528897314,2025-03-03 21:15:00,1.0,U,"('KDMX', 'KARX', 'KDVN', 'KMPX', 'KOAX')","['s3://noaa-nexrad-level2/2025/03/03/KDMX/KDMX20250303_211040_V06', 's3://noaa-nexrad-level2/2025/03/03/KARX/KARX20250303_211221_V06', 's3://noaa-nexrad-level2/2025/03/03/KDVN/KDVN20250303_211251_V06', 's3://noaa-nexrad-level2/2025/03/03/KMPX/KMPX20250303_211220_V06', 's3://noaa-nexrad-level2/2025/03/03/KOAX/KOAX20250303_211211_V06']"
53580,F,B39M,GRI UA /OV GRI/TM 2115/FL360/TP B39M/TB LGT CHOP,LGT CHOP,202503032100-KMSC-UBUS01-PIREP,36000.0,40.96754,-98.30964,2025-03-03 21:15:00,1.0,U,"('KUEX', 'KOAX', 'KLNX', 'KTWX', 'KFSD')","['s3://noaa-nexrad-level2/2025/03/03/KUEX/KUEX20250303_211211_V06', 's3://noaa-nexrad-level2/2025/03/03/KOAX/KOAX20250303_211211_V06', 's3://noaa-nexrad-level2/2025/03/03/KLNX/KLNX20250303_211158_V06', 's3://noaa-nexrad-level2/2025/03/03/KTWX/KTWX20250303_211330_V06', 's3://noaa-nexrad-level2/2025/03/03/KFSD/KFSD20250303_211221_V06']"
53581,F,E545,GJT UA /OV JNC/TM 2116/FL370/TP E545/TB NEG/RM ZDVWC-04,NEG,202503032100-KMSC-UBUS01-PIREP,37000.0,39.06,-108.79,2025-03-03 21:16:00,0.0,U,"('KGJX', 'KRIW', 'KMTX', 'KFTG', 'KICX')","['s3://noaa-nexrad-level2/2025/03/03/KGJX/KGJX20250303_211114_V06', 's3://noaa-nexrad-level2/2025/03/03/KRIW/KRIW20250303_210956_V06', 's3://noaa-nexrad-level2/2025/03/03/KMTX/KMTX20250303_211029_V06', 's3://noaa-nexrad-level2/2025/03/03/KFTG/KFTG20250303_211235_V06', 's3://noaa-nexrad-level2/2025/03/03/KICX/KICX20250303_211416_V06']"
53582,F,B38M,TIP UA /OV RBS/TM 2116/FL320/TP B38M/TB INTMT LGT CHOP/RM DURC,INTMT LGT CHOP,202503032100-KMSC-UBUS01-PIREP,32000.0,40.58,-88.16,2025-03-03 21:16:00,1.0,U,"('KLOT', 'KILX', 'KIND', 'KVWX', 'KMKX')","['s3://noaa-nexrad-level2/2025/03/03/KLOT/KLOT20250303_211436_V06', 's3://noaa-nexrad-level2/2025/03/03/KILX/KILX20250303_210933_V06', 's3://noaa-nexrad-level2/2025/03/03/KIND/KIND20250303_210715_V06', 's3://noaa-nexrad-level2/2025/03/03/KVWX/KVWX20250303_211252_V06', 's3://noaa-nexrad-level2/2025/03/03/KMKX/KMKX20250303_211407_V06']"
53583,F,B752,OLU UA /OV OBH/TM 2116/FL380/TP B752/TB OCNL LGT CHOP,OCNL LGT CHOP,202503032100-KMSC-UBUS01-PIREP,38000.0,41.38,-98.35,2025-03-03 21:16:00,1.0,M,"('KUEX', 'KOAX', 'KLNX', 'KFSD', 'KTWX')","['s3://noaa-nexrad-level2/2025/03/03/KUEX/KUEX20250303_211211_V06', 's3://noaa-nexrad-level2/2025/03/03/KOAX/KOAX20250303_211211_V06', 's3://noaa-nexrad-level2/2025/03/03/KLNX/KLNX20250303_211158_V06', 's3://noaa-nexrad-level2/2025/03/03/KFSD/KFSD20250303_211221_V06', 's3://noaa-nexrad-level2/2025/03/03/KTWX/KTWX20250303_211330_V06']"
53584,F,C17,AHN UA /OV AHN/TM 2116/FL340/TP C17/TB NEG/IC NEG/RM ZTLFD-32,NEG,202503032100-KMSC-UBUS01-PIREP,34000.0,33.9486,-83.32635,2025-03-03 21:16:00,0.0,L,"('KJGX', 'KFFC', 'KGSP', 'KCAE', 'KMRX')","['s3://noaa-nexrad-level2/2025/03/03/KJGX/KJGX20250303_211325_V06', 's3://noaa-nexrad-level2/2025/03/03/KFFC/KFFC20250303_211355_V06', 's3://noaa-nexrad-level2/2025/03/03/KGSP/KGSP20250303_210846_V06', 's3://noaa-nexrad-level2/2025/03/03/KCAE/KCAE20250303_211216_V06', 's3://noaa-nexrad-level2/2025/03/03/KMRX/KMRX20250303_211038_V06']"
53585,F,C56X,LAR UA /OV LAR/TM 2117/FL370/TP C56X/TB OCNL LGT CHOP/RM ZDVWC-34,OCNL LGT CHOP,202503032100-KMSC-UBUS01-PIREP,37000.0,41.31206,-105.675,2025-03-03 21:17:00,1.0,M,"('KCYS', 'KFTG', 'KPUX', 'KRIW', 'KGJX')","['s3://noaa-nexrad-level2/2025/03/03/KCYS/KCYS20250303_211618_V06', 's3://noaa-nexrad-level2/2025/03/03/KFTG/KFTG20250303_211235_V06', 's3://noaa-nexrad-level2/2025/03/03/KPUX/KPUX20250303_211622_V06', 's3://noaa-nexrad-level2/2025/03/03/KRIW/KRIW20250303_210956_V06', 's3://noaa-nexrad-level2/2025/03/03/KGJX/KGJX20250303_211645_V06']"
53586,F,PC12,GCK UA /OV GCK/TM 2117/FL220/TP PC12/TB OCNL LGT CHOP MOSTLY SMOOTH/RM ZKC FDC,OCNL LGT CHOP MOSTLY SMOOTH,202503032100-KMSC-UBUS01-PIREP,22000.0,37.92753,-100.72442,2025-03-03 21:17:00,1.0,L,"('KDDC', 'KGLD', 'KVNX', 'KAMA', 'KICT')","['s3://noaa-nexrad-level2/2025/03/03/KDDC/KDDC20250303_211310_V06', 's3://noaa-nexrad-level2/2025/03/03/KGLD/KGLD20250303_210907_V06', 's3://noaa-nexrad-level2/2025/03/03/KVNX/KVNX20250303_211200_V06', 's3://noaa-nexrad-level2/2025/03/03/KAMA/KAMA20250303_211221_V06', 's3://noaa-nexrad-level2/2025/03/03/KICT/KICT20250303_211000_V06']"
53587,F,B757,HYS UA /OV HYS150030/TM 2117/FL350/TP B757/TB LGT-MOD CHOP/RM ZKC FDC,LGT-MOD CHOP,202503032100-KMSC-UBUS01-PIREP,35000.0,38.40917222404385,-98.95216865614576,2025-03-03 21:17:00,2.0,M,"('KDDC', 'KICT', 'KVNX', 'KUEX', 'KTWX')","['s3://noaa-nexrad-level2/2025/03/03/KDDC/KDDC20250303_211310_V06', 's3://noaa-nexrad-level2/2025/03/03/KICT/KICT20250303_211000_V06', 's3://noaa-nexrad-level2/2025/03/03/KVNX/KVNX20250303_211200_V06', 's3://noaa-nexrad-level2/2025/03/03/KUEX/KUEX20250303_211211_V06', 's3://noaa-nexrad-level2/2025/03/03/KTWX/KTWX20250303_211330_V06']"
53588,F,CRJ2,CYS UA /OV CYS160045/TM 2118/FL170/TP CRJ2/TB LGT CHOP OCNL MOD/RM ZDVWC-22,LGT CHOP OCNL MOD,202503032100-KMSC-UBUS01-PIREP,17000.0,40.45081344802677,-104.4697508030582,2025-03-03 21:18:00,2.0,M,"('KFTG', 'KCYS', 'KPUX', 'KGLD', 'KGJX')","['s3://noaa-nexrad-level2/2025/03/03/KFTG/KFTG20250303_211235_V06', 's3://noaa-nexrad-level2/2025/03/03/KCYS/KCYS20250303_211618_V06', 's3://noaa-nexrad-level2/2025/03/03/KPUX/KPUX20250303_211622_V06', 's3://noaa-nexrad-level2/2025/03/03/KGLD/KGLD20250303_210907_V06', 's3://noaa-nexrad-level2/2025/03/03/KGJX/KGJX20250303_211645_V06']"
53589,F,C207,MRI UA /OV MRI/TM 2118/FL009/TP C207/WX -RA/TB NEG/IC NEG,NEG,202503032100-KMSC-UBUS01-PIREP,900.0,61.21,-149.84,2025-03-03 21:18:00,0.0,L,"('PAHG', 'PAIH', 'PAIH', 'PAPD', 'PAKC')","['s3://noaa-nexrad-level2/2025/03/03/PAHG/PAHG20250303_211632_V06', 's3://noaa-nexrad-level2/2025/03/03/PAIH/PAIH20250303_211749_V06', 's3://noaa-nexrad-level2/2025/03/03/PAIH/PAIH20250303_211749_V06', 's3://noaa-nexrad-level2/2025/03/03/PAPD/PAPD20250303_211420_V06', 's3://noaa-nexrad-level2/2025/03/03/PAKC/PAKC20250303_211648_V06']"
53590,T,SR22,DMN UUA /OV DMN180006/TM 2118/FL100/TP SR22/TB SEV/RM ZAB/FDCS,SEV,202503032100-KMSC-UBUS01-PIREP,10000.0,32.1623018999919,-107.72064,2025-03-03 21:18:00,5.0,L,"('KEPZ', 'KHDX', 'KEMX', 'KABX', 'KIWA')","['s3://noaa-nexrad-level2/2025/03/03/KEPZ/KEPZ20250303_211715_V06', 's3://noaa-nexrad-level2/2025/03/03/KHDX/KHDX20250303_211228_V06', 's3://noaa-nexrad-level2/2025/03/03/KEMX/KEMX20250303_211508_V06', 's3://noaa-nexrad-level2/2025/03/03/KABX/KABX20250303_211529_V06', 's3://noaa-nexrad-level2/2025/03/03/KIWA/KIWA20250303_211040_V06']"
53591,F,CL30,ASE UA /OV DBL030025/TM 2119/FL290/TP CL30/TB NEG/RM ZDVWC-05,NEG,202503032100-KMSC-UBUS01-PIREP,29000.0,39.80087314663012,-106.63021774426754,2025-03-03 21:19:00,0.0,U,"('KGJX', 'KFTG', 'KCYS', 'KPUX', 'KRIW')","['s3://noaa-nexrad-level2/2025/03/03/KGJX/KGJX20250303_211645_V06', 's3://noaa-nexrad-level2/2025/03/03/KFTG/KFTG20250303_211235_V06', 's3://noaa-nexrad-level2/2025/03/03/KCYS/KCYS20250303_211618_V06', 's3://noaa-nexrad-level2/2025/03/03/KPUX/KPUX20250303_211622_V06', 's3://noaa-nexrad-level2/2025/03/03/KRIW/KRIW20250303_211837_V06']"
53592,F,E75S,PHX UA /OV PKE170030/TM 2119/FL320/TP E75S/TB MOD CHOP/RM ZAB/FDCS,MOD CHOP,202503032100-KMSC-UBUS01-PIREP,32000.0,33.60755623874002,-114.57513913665328,2025-03-03 21:19:00,3.0,U,"('KYUX', 'KESX', 'KNKX', 'KIWA', 'KSOX')","['s3://noaa-nexrad-level2/2025/03/03/KYUX/KYUX20250303_211240_V06', 's3://noaa-nexrad-level2/2025/03/03/KESX/KESX20250303_211851_V06', 's3://noaa-nexrad-level2/2025/03/03/KNKX/KNKX20250303_202239_V06', 's3://noaa-nexrad-level2/2025/03/03/KIWA/KIWA20250303_211040_V06', 's3://noaa-nexrad-level2/2025/03/03/KSOX/KSOX20250303_211519_V06']"
53593,F,P28A,GAD UA /OV GAD120020/TM 2119/FL070/TP P28A/TB NEG/RM ZTLFD-04,NEG,202503032100-KMSC-UBUS01-PIREP,7000.0,33.80596983331984,-85.74095871340266,2025-03-03 21:19:00,0.0,L,"('KHTX', 'KBMX', 'KFFC', 'KMXX', 'KEOX')","['s3://noaa-nexrad-level2/2025/03/03/KHTX/KHTX20250303_211245_V06', 's3://noaa-nexrad-level2/2025/03/03/KBMX/KBMX20250303_211736_V06', 's3://noaa-nexrad-level2/2025/03/03/KFFC/KFFC20250303_211355_V06', 's3://noaa-nexrad-level2/2025/03/03/KMXX/KMXX20250303_211802_V06', 's3://noaa-nexrad-level2/2025/03/03/KEOX/KEOX20250303_211621_V06']"
53594,F,E75S,BLH UA /OV PKE170030/TM 2119/FL320/TP E75S/TB MOD CHOP/RM COR SA-ID. ZLA CWSU,MOD CHOP,202503032100-KMSC-UBUS01-PIREP,32000.0,33.60755623874002,-114.57513913665328,2025-03-03 21:19:00,3.0,U,"('KYUX', 'KESX', 'KNKX', 'KIWA', 'KSOX')","['s3://noaa-nexrad-level2/2025/03/03/KYUX/KYUX20250303_211240_V06', 's3://noaa-nexrad-level2/2025/03/03/KESX/KESX20250303_211851_V06', 's3://noaa-nexrad-level2/2025/03/03/KNKX/KNKX20250303_202239_V06', 's3://noaa-nexrad-level2/2025/03/03/KIWA/KIWA20250303_211040_V06', 's3://noaa-nexrad-level2/2025/03/03/KSOX/KSOX20250303_211519_V06']"
53595,F,B737,CRG UA /OV CRG060020/TM 2119/FL390/TP B737/TB NEG,NEG,202503032100-KMSC-UBUS01-PIREP,39000.0,30.502780166680164,-81.18020104816738,2025-03-03 21:19:00,0.0,M,"('KJAX', 'KVAX', 'KCLX', 'KMLB', 'KTBW')","['s3://noaa-nexrad-level2/2025/03/03/KJAX/KJAX20250303_153242_V06', 's3://noaa-nexrad-level2/2025/03/03/KVAX/KVAX20250303_211712_V06', 's3://noaa-nexrad-level2/2025/03/03/KCLX/KCLX20250303_211649_V06', 's3://noaa-nexrad-level2/2025/03/03/KMLB/KMLB20250303_211450_V06', 's3://noaa-nexrad-level2/2025/03/03/KTBW/KTBW20250303_211542_V06']"
53596,F,C208,BET UA /OV BET/TM 2120/FL007/TP C208/SK OVC007/TA M10/TB NEG/IC LGT CLR/RM DURC ZAN,NEG,202503032100-KMSC-UBUS01-PIREP,700.0,60.77,-161.83,2025-03-03 21:20:00,0.0,L,"('PABC', 'PAEC', 'PAKC', 'PAHG', 'PAPD')","['s3://noaa-nexrad-level2/2025/03/03/PAEC/PAEC20250303_211754_V06', 's3://noaa-nexrad-level2/2025/03/03/PAKC/PAKC20250303_211648_V06', 's3://noaa-nexrad-level2/2025/03/03/PAHG/PAHG20250303_211632_V06', 's3://noaa-nexrad-level2/2025/03/03/PAPD/PAPD20250303_211420_V06']"
53597,F,E145,LGC UA /OV LGC330040/TM 2120/FL300/TP E145/TB CONS LGT CHOP/RM ZTLFD-03,CONS LGT CHOP,202503032100-KMSC-UBUS01-PIREP,30000.0,33.586257034608195,-85.47013654991223,2025-03-03 21:20:00,1.0,M,"('KFFC', 'KMXX', 'KBMX', 'KHTX', 'KEOX')","['s3://noaa-nexrad-level2/2025/03/03/KFFC/KFFC20250303_211355_V06', 's3://noaa-nexrad-level2/2025/03/03/KMXX/KMXX20250303_211802_V06', 's3://noaa-nexrad-level2/2025/03/03/KBMX/KBMX20250303_211736_V06', 's3://noaa-nexrad-level2/2025/03/03/KHTX/KHTX20250303_211938_V06', 's3://noaa-nexrad-level2/2025/03/03/KEOX/KEOX20250303_211621_V06']"
53598,F,AA5,RMG UA /OV RMG330025/TM 2120/FL060/TP AA5/TB NEG/RM ZTLFD-05,NEG,202503032100-KMSC-UBUS01-PIREP,6000.0,34.70865314663012,-85.41346359026814,2025-03-03 21:20:00,0.0,L,"('KHTX', 'KFFC', 'KOHX', 'KBMX', 'KMXX')","['s3://noaa-nexrad-level2/2025/03/03/KHTX/KHTX20250303_211938_V06', 's3://noaa-nexrad-level2/2025/03/03/KFFC/KFFC20250303_211355_V06', 's3://noaa-nexrad-level2/2025/03/03/KOHX/KOHX20250303_211856_V06', 's3://noaa-nexrad-level2/2025/03/03/KBMX/KBMX20250303_211736_V06', 's3://noaa-nexrad-level2/2025/03/03/KMXX/KMXX20250303_211802_V06']"
53599,F,A20N,CHS UA /OV CHS/TM 2121/FL350/TP A20N/TB LGT CHOP,LGT CHOP,202503032100-KMSC-UBUS01-PIREP,35000.0,32.8986,-80.0405,2025-03-03 21:21:00,1.0,U,"('KCLX', 'KCAE', 'KLTX', 'KJAX', 'KGSP')","['s3://noaa-nexrad-level2/2025/03/03/KCLX/KCLX20250303_211649_V06', 's3://noaa-nexrad-level2/2025/03/03/KCAE/KCAE20250303_211216_V06', 's3://noaa-nexrad-level2/2025/03/03/KLTX/KLTX20250303_211650_V06', 's3://noaa-nexrad-level2/2025/03/03/KJAX/KJAX20250303_153242_V06', 's3://noaa-nexrad-level2/2025/03/03/KGSP/KGSP20250303_211723_V06']"
53600,F,A319,ILM UA /OV ILM200165/TM 2121/FL380/TP A319/TB NEG,NEG,202503032100-KMSC-UBUS01-PIREP,38000.0,31.68563597609816,-79.0382372586095,2025-03-03 21:21:00,0.0,M,"('KCLX', 'KLTX', 'KJAX', 'KCAE', 'KMHX')","['s3://noaa-nexrad-level2/2025/03/03/KCLX/KCLX20250303_211649_V06', 's3://noaa-nexrad-level2/2025/03/03/KLTX/KLTX20250303_211650_V06', 's3://noaa-nexrad-level2/2025/03/03/KJAX/KJAX20250303_153242_V06', 's3://noaa-nexrad-level2/2025/03/03/KCAE/KCAE20250303_211216_V06', 's3://noaa-nexrad-level2/2025/03/03/KMHX/KMHX20250303_212040_V06']"
53601,F,A321,CHA UA /OV GQO300010/TM 2122/FL280/TP A321/TB OCNL LGT CHOP 280-260/RM ZTLFD-06,OCNL LGT CHOP 280-260,202503032100-KMSC-UBUS01-PIREP,28000.0,35.043340083340084,-85.32613185001905,2025-03-03 21:22:00,1.0,M,"('KHTX', 'KOHX', 'KFFC', 'KMRX', 'KBMX')","['s3://noaa-nexrad-level2/2025/03/03/KHTX/KHTX20250303_211938_V06', 's3://noaa-nexrad-level2/2025/03/03/KOHX/KOHX20250303_211856_V06', 's3://noaa-nexrad-level2/2025/03/03/KFFC/KFFC20250303_212038_V06', 's3://noaa-nexrad-level2/2025/03/03/KMRX/KMRX20250303_211727_V06', 's3://noaa-nexrad-level2/2025/03/03/KBMX/KBMX20250303_211736_V06']"
53602,F,A359,MYNN UA /OV ZQA250070/TM 2122/FL390/TP A359/TB NEG,NEG,202503032100-KMSC-UBUS01-PIREP,39000.0,24.600944178517523,-78.6597400842267,2025-03-03 21:22:00,0.0,U,"('KAMX', 'KAMX', 'KBYX', 'KMLB', 'KTBW')","['s3://noaa-nexrad-level2/2025/03/03/KAMX/KAMX20250303_211704_V06', 's3://noaa-nexrad-level2/2025/03/03/KAMX/KAMX20250303_211704_V06', 's3://noaa-nexrad-level2/2025/03/03/KBYX/KBYX20250303_211951_V06', 's3://noaa-nexrad-level2/2025/03/03/KMLB/KMLB20250303_211928_V06', 's3://noaa-nexrad-level2/2025/03/03/KTBW/KTBW20250303_211542_V06']"
53603,F,BCS3,MYNN UA /OV ZQA360060/TM 2122/FL235/TP BCS3/TB NEG,NEG,202503032100-KMSC-UBUS01-PIREP,23500.0,26.000081000081,-77.45,2025-03-03 21:22:00,0.0,U,"('KAMX', 'KAMX', 'KMLB', 'KBYX', 'KTBW')","['s3://noaa-nexrad-level2/2025/03/03/KAMX/KAMX20250303_211704_V06', 's3://noaa-nexrad-level2/2025/03/03/KAMX/KAMX20250303_211704_V06', 's3://noaa-nexrad-level2/2025/03/03/KMLB/KMLB20250303_211928_V06', 's3://noaa-nexrad-level2/2025/03/03/KBYX/KBYX20250303_211951_V06', 's3://noaa-nexrad-level2/2025/03/03/KTBW/KTBW20250303_211542_V06']"
53604,F,B38M,GAD UA /OV GAD117045/TM 2123/FL220/TP B38M/TB NEG/RM ZTLFD-01,NEG,202503032100-KMSC-UBUS01-PIREP,22000.0,33.6321295452449,-85.28321303988986,2025-03-03 21:23:00,0.0,U,"('KFFC', 'KMXX', 'KHTX', 'KBMX', 'KJGX')","['s3://noaa-nexrad-level2/2025/03/03/KFFC/KFFC20250303_212038_V06', 's3://noaa-nexrad-level2/2025/03/03/KMXX/KMXX20250303_211802_V06', 's3://noaa-nexrad-level2/2025/03/03/KHTX/KHTX20250303_211938_V06', 's3://noaa-nexrad-level2/2025/03/03/KBMX/KBMX20250303_211736_V06', 's3://noaa-nexrad-level2/2025/03/03/KJGX/KJGX20250303_212007_V06']"
53605,F,C172,DUA UA /OV DUA270005/TM 2124/FL030/TP C172/TB OCNL LGT-MOD/RM ZFW,OCNL LGT-MOD,202503032100-KMSC-UBUS01-PIREP,3000.0,33.94227,-96.4949880820044,2025-03-03 21:24:00,2.0,L,"('KFWS', 'KTLX', 'KOUN', 'KINX', 'KFDR')","['s3://noaa-nexrad-level2/2025/03/03/KFWS/KFWS20250303_212214_V06', 's3://noaa-nexrad-level2/2025/03/03/KTLX/KTLX20250303_212009_V06', 's3://noaa-nexrad-level2/2025/03/03/KINX/KINX20250303_211901_V06', 's3://noaa-nexrad-level2/2025/03/03/KFDR/KFDR20250303_211741_V06']"
53606,F,G280,EVV UA /OV AAS/TM 2124/FL200/TP G280/SK SKC/TB LGT CHOP/IC NEG,LGT CHOP,202503032100-KMSC-UBUS01-PIREP,20000.0,37.3569,-85.3151,2025-03-03 21:24:00,1.0,U,"('KLVX', 'KOHX', 'KJKL', 'KHPX', 'KMRX')","['s3://noaa-nexrad-level2/2025/03/03/KLVX/KLVX20250303_212130_V06', 's3://noaa-nexrad-level2/2025/03/03/KOHX/KOHX20250303_211856_V06', 's3://noaa-nexrad-level2/2025/03/03/KJKL/KJKL20250303_211829_V06', 's3://noaa-nexrad-level2/2025/03/03/KHPX/KHPX20250303_212009_V06', 's3://noaa-nexrad-level2/2025/03/03/KMRX/KMRX20250303_211727_V06']"
53607,F,PC12,ILI UA /OV ILI057017/TM 2125/FL001/TP PC12/SK BKN035/TA M17/TB OCNL LGT 001-130/IC LGT RIME 001-090/RM DURC /ZAN/,OCNL LGT 001-130,202503032100-KMSC-UBUS01-PIREP,100.0,59.90432689273261,-154.43827540539704,2025-03-03 21:25:00,1.0,L,"('PAKC', 'PAHG', 'PABC', 'PAIH', 'PAIH')","['s3://noaa-nexrad-level2/2025/03/03/PAKC/PAKC20250303_212117_V06', 's3://noaa-nexrad-level2/2025/03/03/PAHG/PAHG20250303_212332_V06', 's3://noaa-nexrad-level2/2025/03/03/PAIH/PAIH20250303_212254_V06', 's3://noaa-nexrad-level2/2025/03/03/PAIH/PAIH20250303_212254_V06']"
53608,F,PC12,COS UA /OV BRK002035/TM 2126/FL240/TP PC12/TB LGT-MOD/RM ZDVWC-06,LGT-MOD,202503032100-KMSC-UBUS01-PIREP,24000.0,39.5230252036916,-104.60382415860536,2025-03-03 21:26:00,2.0,L,"('KFTG', 'KPUX', 'KCYS', 'KGLD', 'KGJX')","['s3://noaa-nexrad-level2/2025/03/03/KFTG/KFTG20250303_211938_V06', 's3://noaa-nexrad-level2/2025/03/03/KPUX/KPUX20250303_212328_V06', 's3://noaa-nexrad-level2/2025/03/03/KCYS/KCYS20250303_212226_V06', 's3://noaa-nexrad-level2/2025/03/03/KGLD/KGLD20250303_211845_V06', 's3://noaa-nexrad-level2/2025/03/03/KGJX/KGJX20250303_212217_V06']"
53609,F,A319,TOC UA /OV ODF/TM 2126/FL340/TP A319/TB NEG/RM ZTLFD-50,NEG,202503032100-KMSC-UBUS01-PIREP,34000.0,34.7,-83.3,2025-03-03 21:26:00,0.0,M,"('KGSP', 'KMRX', 'KFFC', 'KJGX', 'KCAE')","['s3://noaa-nexrad-level2/2025/03/03/KGSP/KGSP20250303_211723_V06', 's3://noaa-nexrad-level2/2025/03/03/KMRX/KMRX20250303_212430_V06', 's3://noaa-nexrad-level2/2025/03/03/KFFC/KFFC20250303_212038_V06', 's3://noaa-nexrad-level2/2025/03/03/KJGX/KJGX20250303_212007_V06', 's3://noaa-nexrad-level2/2025/03/03/KCAE/KCAE20250303_212156_V06']"
53610,F,B38M,RSW UA /OV LBV005025/TM 2126/FL340/TP B38M/TB MOD,MOD,202503032100-KMSC-UBUS01-PIREP,34000.0,27.245114745809573,-81.34930089101678,2025-03-03 21:26:00,3.0,U,"('KMLB', 'KTBW', 'KAMX', 'KAMX', 'KBYX')","['s3://noaa-nexrad-level2/2025/03/03/KMLB/KMLB20250303_212405_V06', 's3://noaa-nexrad-level2/2025/03/03/KTBW/KTBW20250303_212426_V06', 's3://noaa-nexrad-level2/2025/03/03/KAMX/KAMX20250303_212537_V06', 's3://noaa-nexrad-level2/2025/03/03/KAMX/KAMX20250303_212537_V06', 's3://noaa-nexrad-level2/2025/03/03/KBYX/KBYX20250303_211951_V06']"
53611,F,C208,BRW UA /OV BRW210030/TM 2127/FL080/TP C208/SK TOP080/TA M11/TB NEG/IC LGT MX/RM DURC /ZAN/,NEG,202503032100-KMSC-UBUS01-PIREP,8000.0,70.84695222404386,-157.53901613361435,2025-03-03 21:27:00,0.0,L,"('PAEC', 'PABC', 'PAPD', 'PAHG', 'PAKC')","['s3://noaa-nexrad-level2/2025/03/03/PAEC/PAEC20250303_212500_V06', 's3://noaa-nexrad-level2/2025/03/03/PAPD/PAPD20250303_212122_V06', 's3://noaa-nexrad-level2/2025/03/03/PAHG/PAHG20250303_212332_V06', 's3://noaa-nexrad-level2/2025/03/03/PAKC/PAKC20250303_212546_V06']"
53612,F,E75L,RWL UA /OV CKW051029/TM 2129/FL340/TP E75L/TB LGT-MOD CHOP /ZLC,LGT-MOD CHOP,202503032100-KMSC-UBUS01-PIREP,34000.0,42.0641961602587,-107.0764066861887,2025-03-03 21:29:00,2.0,U,"('KRIW', 'KCYS', 'KGJX', 'KFTG', 'KBLX')","['s3://noaa-nexrad-level2/2025/03/03/KRIW/KRIW20250303_212718_V06', 's3://noaa-nexrad-level2/2025/03/03/KCYS/KCYS20250303_212834_V06', 's3://noaa-nexrad-level2/2025/03/03/KGJX/KGJX20250303_212749_V06', 's3://noaa-nexrad-level2/2025/03/03/KFTG/KFTG20250303_212641_V06', 's3://noaa-nexrad-level2/2025/03/03/KBLX/KBLX20250303_212521_V06']"
53613,F,CL35,AMA UA /OV PNH267008/TM 2129/FL450/TP CL35/TB CONS MOD/RM ZAB/FDCS,CONS MOD,202503032200-KMSC-UBUS01-PIREP,45000.0,35.23302130727205,-101.86303966888242,2025-03-03 21:29:00,3.0,U,"('KAMA', 'KLBB', 'KFDX', 'KFDR', 'KDDC')","['s3://noaa-nexrad-level2/2025/03/03/KAMA/KAMA20250303_212544_V06', 's3://noaa-nexrad-level2/2025/03/03/KLBB/KLBB20250303_211957_V06', 's3://noaa-nexrad-level2/2025/03/03/KFDX/KFDX20250303_212552_V06', 's3://noaa-nexrad-level2/2025/03/03/KFDR/KFDR20250303_212429_V06', 's3://noaa-nexrad-level2/2025/03/03/KDDC/KDDC20250303_212654_V06']"
53614,F,P8,PIH UA /OV KPIH/TM 2131/FL050/TP P8/SK OVC050-TOP068/TB NEG/IC NEG/RM DURD RY21 PIH,NEG,202503032100-KMSC-UBUS01-PIREP,5000.0,42.90981,-112.59592,2025-03-03 21:31:00,0.0,U,"('KSFX', 'KMTX', 'KCBX', 'KRIW', 'KMSX')","['s3://noaa-nexrad-level2/2025/03/03/KSFX/KSFX20250303_212629_V06', 's3://noaa-nexrad-level2/2025/03/03/KMTX/KMTX20250303_212735_V06', 's3://noaa-nexrad-level2/2025/03/03/KCBX/KCBX20250303_212708_V06', 's3://noaa-nexrad-level2/2025/03/03/KRIW/KRIW20250303_212718_V06', 's3://noaa-nexrad-level2/2025/03/03/KMSX/KMSX20250303_211853_V06']"
53615,F,C210,MOD UA /OV LVK-MOD /TM 2131 /FL036 /TP C210 /TB LGT,LGT,202503032100-KMSC-UBUS01-PIREP,3600.0,37.65944685,-121.384658105,2025-03-03 21:31:00,1.0,L,"('KMUX', 'KDAX', 'KBBX', 'KHNX', 'KRGX')","['s3://noaa-nexrad-level2/2025/03/03/KDAX/KDAX20250303_212934_V06', 's3://noaa-nexrad-level2/2025/03/03/KBBX/KBBX20250303_212500_V06', 's3://noaa-nexrad-level2/2025/03/03/KHNX/KHNX20250303_212938_V06', 's3://noaa-nexrad-level2/2025/03/03/KRGX/KRGX20250303_212905_V06']"
53616,F,M600,BOI UA /OV BOI110025/TM 2134/FL070/TP M600/TB MOD TURB,MOD TURB,202503032100-KMSC-UBUS01-PIREP,7000.0,43.42415006375626,-115.70014466712232,2025-03-03 21:34:00,3.0,U,"('KCBX', 'KLRX', 'KSFX', 'KPDT', 'KMTX')","['s3://noaa-nexrad-level2/2025/03/03/KCBX/KCBX20250303_212708_V06', 's3://noaa-nexrad-level2/2025/03/03/KLRX/KLRX20250303_213129_V06', 's3://noaa-nexrad-level2/2025/03/03/KSFX/KSFX20250303_213107_V06', 's3://noaa-nexrad-level2/2025/03/03/KPDT/KPDT20250303_213044_V06', 's3://noaa-nexrad-level2/2025/03/03/KMTX/KMTX20250303_213317_V06']"
53617,F,E170,RIW UA /OV BOY126031/TM 2134/FL330/TP E170/TB CONS LGT OCNL MOD CHOP /ZLC,CONS LGT OCNL MOD CHOP,202503032100-KMSC-UBUS01-PIREP,33000.0,43.15628635414482,-107.72409143496576,2025-03-03 21:34:00,2.0,U,"('KRIW', 'KBLX', 'KCYS', 'KGJX', 'KFTG')","['s3://noaa-nexrad-level2/2025/03/03/KRIW/KRIW20250303_212718_V06', 's3://noaa-nexrad-level2/2025/03/03/KBLX/KBLX20250303_212521_V06', 's3://noaa-nexrad-level2/2025/03/03/KCYS/KCYS20250303_212834_V06', 's3://noaa-nexrad-level2/2025/03/03/KGJX/KGJX20250303_213320_V06', 's3://noaa-nexrad-level2/2025/03/03/KFTG/KFTG20250303_213328_V06']"
53618,F,CRJ9,CSV UA /OV HCH206007/TM 2134/FL220/TP CRJ9/TB NEG/RM ZTLFD-41,NEG,202503032100-KMSC-UBUS01-PIREP,22000.0,35.6751322009862,-85.04304629998711,2025-03-03 21:34:00,0.0,U,"('KHTX', 'KOHX', 'KMRX', 'KFFC', 'KLVX')","['s3://noaa-nexrad-level2/2025/03/03/KHTX/KHTX20250303_213337_V06', 's3://noaa-nexrad-level2/2025/03/03/KOHX/KOHX20250303_212721_V06', 's3://noaa-nexrad-level2/2025/03/03/KMRX/KMRX20250303_213133_V06', 's3://noaa-nexrad-level2/2025/03/03/KFFC/KFFC20250303_212723_V06', 's3://noaa-nexrad-level2/2025/03/03/KLVX/KLVX20250303_212823_V06']"
53619,F,A320,TRI UA /OV HMV260009/TM 2134/FL340/TP A320/TB CONS LGT/IC NEG/RM ZTLFD-42,CONS LGT,202503032100-KMSC-UBUS01-PIREP,34000.0,36.41395066352249,-82.31363819343801,2025-03-03 21:34:00,1.0,M,"('KMRX', 'KGSP', 'KJKL', 'KRLX', 'KFCX')","['s3://noaa-nexrad-level2/2025/03/03/KMRX/KMRX20250303_213133_V06', 's3://noaa-nexrad-level2/2025/03/03/KGSP/KGSP20250303_212608_V06', 's3://noaa-nexrad-level2/2025/03/03/KJKL/KJKL20250303_213213_V06', 's3://noaa-nexrad-level2/2025/03/03/KRLX/KRLX20250303_213018_V06', 's3://noaa-nexrad-level2/2025/03/03/KFCX/KFCX20250303_212735_V06']"
53620,F,F2TH,BNA UA /OV BNA360060/TM 2135/FL270/TP F2TH/TB MOD/RM ZME,MOD,202503032100-KMSC-UBUS01-PIREP,27000.0,37.11897100008101,-86.68917,2025-03-03 21:35:00,3.0,M,"('KHPX', 'KOHX', 'KLVX', 'KVWX', 'KPAH')","['s3://noaa-nexrad-level2/2025/03/03/KHPX/KHPX20250303_213426_V06', 's3://noaa-nexrad-level2/2025/03/03/KOHX/KOHX20250303_212721_V06', 's3://noaa-nexrad-level2/2025/03/03/KLVX/KLVX20250303_212823_V06', 's3://noaa-nexrad-level2/2025/03/03/KVWX/KVWX20250303_213314_V06', 's3://noaa-nexrad-level2/2025/03/03/KPAH/KPAH20250303_213111_V06']"
53621,F,E75L,BRD UA /OV BRD010025/TM 2135/FL300/TP E75L/TB LGT CHOP,LGT CHOP,202503032100-KMSC-UBUS01-PIREP,30000.0,46.81508980104999,-94.02589456273807,2025-03-03 21:35:00,1.0,U,"('KDLH', 'KMPX', 'KMVX', 'KARX', 'KFSD')","['s3://noaa-nexrad-level2/2025/03/03/KDLH/KDLH20250303_212958_V06', 's3://noaa-nexrad-level2/2025/03/03/KMPX/KMPX20250303_213110_V06', 's3://noaa-nexrad-level2/2025/03/03/KMVX/KMVX20250303_212936_V06', 's3://noaa-nexrad-level2/2025/03/03/KARX/KARX20250303_213459_V06', 's3://noaa-nexrad-level2/2025/03/03/KFSD/KFSD20250303_213257_V06']"
53622,F,E170,CPR UA /OV DDY070050/TM 2135/FL330/TP E170/TB CONS LGT CHOP OCNL MOD CHOP/RM ZDVWC-32,CONS LGT CHOP OCNL MOD CHOP,202503032100-KMSC-UBUS01-PIREP,33000.0,43.37503987248749,-105.2076181956694,2025-03-03 21:35:00,2.0,U,"('KCYS', 'KUDX', 'KRIW', 'KFTG', 'KBLX')","['s3://noaa-nexrad-level2/2025/03/03/KCYS/KCYS20250303_212834_V06', 's3://noaa-nexrad-level2/2025/03/03/KUDX/KUDX20250303_213217_V06', 's3://noaa-nexrad-level2/2025/03/03/KRIW/KRIW20250303_212718_V06', 's3://noaa-nexrad-level2/2025/03/03/KFTG/KFTG20250303_213328_V06', 's3://noaa-nexrad-level2/2025/03/03/KBLX/KBLX20250303_212521_V06']"
53623,F,A320,PBI UA /OV PBI134060/TM 2136/FL310/TP A320/TB MOD,MOD,202503032100-KMSC-UBUS01-PIREP,31000.0,25.989985362156727,-79.29424606702001,2025-03-03 21:36:00,3.0,M,"('KAMX', 'KAMX', 'KMLB', 'KBYX', 'KTBW')","['s3://noaa-nexrad-level2/2025/03/03/KAMX/KAMX20250303_213413_V06', 's3://noaa-nexrad-level2/2025/03/03/KAMX/KAMX20250303_213413_V06', 's3://noaa-nexrad-level2/2025/03/03/KMLB/KMLB20250303_213319_V06', 's3://noaa-nexrad-level2/2025/03/03/KBYX/KBYX20250303_213350_V06', 's3://noaa-nexrad-level2/2025/03/03/KTBW/KTBW20250303_213310_V06']"
53624,F,A20N,MGM UA /OV MGM340020/TM 2136/FL340/TP A20N/TB LGT OCNL CHOP/RM ZTLFD-11,LGT OCNL CHOP,202503032100-KMSC-UBUS01-PIREP,34000.0,32.613896245321435,-86.52885927293802,2025-03-03 21:36:00,1.0,U,"('KBMX', 'KMXX', 'KEOX', 'KFFC', 'KEVX')","['s3://noaa-nexrad-level2/2025/03/03/KBMX/KBMX20250303_213431_V06', 's3://noaa-nexrad-level2/2025/03/03/KMXX/KMXX20250303_213135_V06', 's3://noaa-nexrad-level2/2025/03/03/KEOX/KEOX20250303_212952_V06', 's3://noaa-nexrad-level2/2025/03/03/KFFC/KFFC20250303_213415_V06', 's3://noaa-nexrad-level2/2025/03/03/KEVX/KEVX20250303_213504_V06']"
53625,F,B739,LAF UA /OV BVT270030/TM 2137/FL290/TP B739/TB OCNL LGT CHOP,OCNL LGT CHOP,202503032100-KMSC-UBUS01-PIREP,29000.0,40.56,-87.72818579739196,2025-03-03 21:37:00,1.0,M,"('KLOT', 'KILX', 'KIND', 'KIWX', 'KVWX')","['s3://noaa-nexrad-level2/2025/03/03/KLOT/KLOT20250303_213455_V06', 's3://noaa-nexrad-level2/2025/03/03/KILX/KILX20250303_213654_V06', 's3://noaa-nexrad-level2/2025/03/03/KIND/KIND20250303_213354_V06', 's3://noaa-nexrad-level2/2025/03/03/KIWX/KIWX20250303_213659_V06', 's3://noaa-nexrad-level2/2025/03/03/KVWX/KVWX20250303_213314_V06']"
53626,F,SF50,ASE UA /OV DBL115055/TM 2137/FL155/TP SF50/TB LGT CHOP/RM ZDVWC-26,LGT CHOP,202503032100-KMSC-UBUS01-PIREP,15500.0,39.052568547300375,-105.82417465963157,2025-03-03 21:37:00,1.0,U,"('KFTG', 'KPUX', 'KCYS', 'KGJX', 'KABX')","['s3://noaa-nexrad-level2/2025/03/03/KFTG/KFTG20250303_213328_V06', 's3://noaa-nexrad-level2/2025/03/03/KPUX/KPUX20250303_213238_V06', 's3://noaa-nexrad-level2/2025/03/03/KCYS/KCYS20250303_213554_V06', 's3://noaa-nexrad-level2/2025/03/03/KGJX/KGJX20250303_213320_V06', 's3://noaa-nexrad-level2/2025/03/03/KABX/KABX20250303_213652_V06']"
53627,F,B738,HYS UA /OV HYS/TM 2137/FL330/TP B738/TB MOD/RM ZKC FDC,MOD,202503032100-KMSC-UBUS01-PIREP,33000.0,38.84222,-99.27317,2025-03-03 21:37:00,3.0,M,"('KDDC', 'KUEX', 'KICT', 'KVNX', 'KGLD')","['s3://noaa-nexrad-level2/2025/03/03/KDDC/KDDC20250303_213345_V06', 's3://noaa-nexrad-level2/2025/03/03/KUEX/KUEX20250303_213228_V06', 's3://noaa-nexrad-level2/2025/03/03/KICT/KICT20250303_213447_V06', 's3://noaa-nexrad-level2/2025/03/03/KVNX/KVNX20250303_213214_V06', 's3://noaa-nexrad-level2/2025/03/03/KGLD/KGLD20250303_212823_V06']"
53628,F,E175,RIW UA /OV BOY155048/TM 2138/FL340/TP E175/TB CONS LGT CHOP /ZLC,CONS LGT CHOP,202503032100-KMSC-UBUS01-PIREP,34000.0,42.73489504156736,-107.83417403120504,2025-03-03 21:38:00,1.0,U,"('KRIW', 'KBLX', 'KCYS', 'KGJX', 'KFTG')","['s3://noaa-nexrad-level2/2025/03/03/KRIW/KRIW20250303_213600_V06', 's3://noaa-nexrad-level2/2025/03/03/KBLX/KBLX20250303_213643_V06', 's3://noaa-nexrad-level2/2025/03/03/KCYS/KCYS20250303_213554_V06', 's3://noaa-nexrad-level2/2025/03/03/KGJX/KGJX20250303_213320_V06', 's3://noaa-nexrad-level2/2025/03/03/KFTG/KFTG20250303_213328_V06']"
53629,F,B738,TYS UA /OV VXV/TM 2138/FL410/TP B738/TB NEG/RM ZTLFD-40,NEG,202503032100-KMSC-UBUS01-PIREP,41000.0,35.9,-83.89,2025-03-03 21:38:00,0.0,M,"('KMRX', 'KJKL', 'KGSP', 'KHTX', 'KFFC')","['s3://noaa-nexrad-level2/2025/03/03/KMRX/KMRX20250303_213133_V06', 's3://noaa-nexrad-level2/2025/03/03/KJKL/KJKL20250303_213213_V06', 's3://noaa-nexrad-level2/2025/03/03/KGSP/KGSP20250303_213451_V06', 's3://noaa-nexrad-level2/2025/03/03/KHTX/KHTX20250303_213337_V06', 's3://noaa-nexrad-level2/2025/03/03/KFFC/KFFC20250303_213415_V06']"
53630,F,B737,LOZ UA /OV LVT005010/TM 2138/FL360/TP B737/TB CONS LGT CHOP,CONS LGT CHOP,202503032100-KMSC-UBUS01-PIREP,36000.0,36.74604589832383,-85.15190949993541,2025-03-03 21:38:00,1.0,M,"('KLVX', 'KOHX', 'KMRX', 'KJKL', 'KHTX')","['s3://noaa-nexrad-level2/2025/03/03/KLVX/KLVX20250303_213516_V06', 's3://noaa-nexrad-level2/2025/03/03/KOHX/KOHX20250303_213536_V06', 's3://noaa-nexrad-level2/2025/03/03/KMRX/KMRX20250303_213133_V06', 's3://noaa-nexrad-level2/2025/03/03/KJKL/KJKL20250303_213213_V06', 's3://noaa-nexrad-level2/2025/03/03/KHTX/KHTX20250303_213337_V06']"
53631,F,B38M,ALS UA /OV ALS090025/TM 2139/FL350/TP B38M/TB NEG/RM LGT-MOD MTW +/-15KT. ZDVWC-30,NEG,202503032100-KMSC-UBUS01-PIREP,35000.0,37.43889,-105.3365798303532,2025-03-03 21:39:00,0.0,U,"('KPUX', 'KFTG', 'KABX', 'KFDX', 'KGJX')","['s3://noaa-nexrad-level2/2025/03/03/KPUX/KPUX20250303_213719_V06', 's3://noaa-nexrad-level2/2025/03/03/KFTG/KFTG20250303_213328_V06', 's3://noaa-nexrad-level2/2025/03/03/KABX/KABX20250303_213652_V06', 's3://noaa-nexrad-level2/2025/03/03/KFDX/KFDX20250303_213251_V06', 's3://noaa-nexrad-level2/2025/03/03/KGJX/KGJX20250303_213852_V06']"
53632,F,E75L,DLG UA /OV DLG/TM 2139/FL280/TP E75L/SK TOP280/TB NEG/IC NEG/RM DURD /ZAN/,NEG,202503032100-KMSC-UBUS01-PIREP,28000.0,59.04,-158.5,2025-03-03 21:39:00,0.0,U,"('PAKC', 'PABC', 'PAHG', 'PAEC', 'PAIH')","['s3://noaa-nexrad-level2/2025/03/03/PAKC/PAKC20250303_213444_V06', 's3://noaa-nexrad-level2/2025/03/03/PAHG/PAHG20250303_213731_V06', 's3://noaa-nexrad-level2/2025/03/03/PAEC/PAEC20250303_213205_V06', 's3://noaa-nexrad-level2/2025/03/03/PAIH/PAIH20250303_213712_V06']"
53633,F,C560,CHA UA /OV GQO/TM 2140/FL290/TP C560/TB OCNL LGT CHOP/RM ZTLFD-37,OCNL LGT CHOP,202503032100-KMSC-UBUS01-PIREP,29000.0,34.96,-85.15,2025-03-03 21:40:00,1.0,M,"('KHTX', 'KFFC', 'KOHX', 'KMRX', 'KBMX')","['s3://noaa-nexrad-level2/2025/03/03/KHTX/KHTX20250303_213337_V06', 's3://noaa-nexrad-level2/2025/03/03/KFFC/KFFC20250303_213415_V06', 's3://noaa-nexrad-level2/2025/03/03/KOHX/KOHX20250303_213536_V06', 's3://noaa-nexrad-level2/2025/03/03/KMRX/KMRX20250303_213822_V06', 's3://noaa-nexrad-level2/2025/03/03/KBMX/KBMX20250303_213431_V06']"
53634,F,BE9L,RSW UA /OV RSW050060/TM 2140/FL160/TP BE9L/TB OCNL LGT CHOP,OCNL LGT CHOP,202503032100-KMSC-UBUS01-PIREP,16000.0,27.18089967553499,-80.90039850946368,2025-03-03 21:40:00,1.0,L,"('KMLB', 'KTBW', 'KAMX', 'KAMX', 'KBYX')","['s3://noaa-nexrad-level2/2025/03/03/KMLB/KMLB20250303_213756_V06', 's3://noaa-nexrad-level2/2025/03/03/KTBW/KTBW20250303_213832_V06', 's3://noaa-nexrad-level2/2025/03/03/KAMX/KAMX20250303_213413_V06', 's3://noaa-nexrad-level2/2025/03/03/KAMX/KAMX20250303_213413_V06', 's3://noaa-nexrad-level2/2025/03/03/KBYX/KBYX20250303_213350_V06']"
53635,F,BE35,VNY UA /OV 15 NW /TM 2140/FL090/TP BE35/TB MOD,MOD,202503032100-KMSC-UBUS01-PIREP,9000.0,34.20972,-118.48917,2025-03-03 21:40:00,3.0,L,"('KVTX', 'KSOX', 'KEYX', 'KNKX', 'KVBX')","['s3://noaa-nexrad-level2/2025/03/03/KVTX/KVTX20250303_213548_V06', 's3://noaa-nexrad-level2/2025/03/03/KSOX/KSOX20250303_213817_V06', 's3://noaa-nexrad-level2/2025/03/03/KEYX/KEYX20250303_213903_V06', 's3://noaa-nexrad-level2/2025/03/03/KNKX/KNKX20250303_202239_V06', 's3://noaa-nexrad-level2/2025/03/03/KVBX/KVBX20250303_213816_V06']"
53636,F,C208,VAK UA /OV VAK/TM 2140/FL050/TP C208/SK TOP050/TB NEG/IC NEG/RM DURC /ZAN/,NEG,202503032100-KMSC-UBUS01-PIREP,5000.0,61.54,-165.6,2025-03-03 21:40:00,0.0,L,"('PAEC', 'PABC', 'PAKC', 'PAHG', 'PAPD')","['s3://noaa-nexrad-level2/2025/03/03/PAEC/PAEC20250303_213911_V06', 's3://noaa-nexrad-level2/2025/03/03/PAKC/PAKC20250303_213912_V06', 's3://noaa-nexrad-level2/2025/03/03/PAHG/PAHG20250303_213731_V06', 's3://noaa-nexrad-level2/2025/03/03/PAPD/PAPD20250303_213454_V06']"
53637,F,BE35,VNY UA /OV VNY305015/TM 2140/FL090/TP BE35/TB MOD/RM COR LOCTN. ZLA CWSU,MOD,202503032200-KMSC-UBUS01-PIREP,9000.0,34.35312572402221,-118.73682207060642,2025-03-03 21:40:00,3.0,L,"('KVTX', 'KSOX', 'KEYX', 'KVBX', 'KHNX')","['s3://noaa-nexrad-level2/2025/03/03/KVTX/KVTX20250303_213548_V06', 's3://noaa-nexrad-level2/2025/03/03/KSOX/KSOX20250303_213817_V06', 's3://noaa-nexrad-level2/2025/03/03/KEYX/KEYX20250303_213903_V06', 's3://noaa-nexrad-level2/2025/03/03/KVBX/KVBX20250303_213816_V06', 's3://noaa-nexrad-level2/2025/03/03/KHNX/KHNX20250303_213653_V06']"
53638,F,B38M,TLH UA /OV SZW020050/TM 2141/FL370/TP B38M/TB CONS LGT CHOP,CONS LGT CHOP,202503032100-KMSC-UBUS01-PIREP,37000.0,31.34314061330359,-84.03898060510781,2025-03-03 21:41:00,1.0,U,"('KTLH', 'KVAX', 'KEOX', 'KJGX', 'KEVX')","['s3://noaa-nexrad-level2/2025/03/03/KTLH/KTLH20250303_214002_V06', 's3://noaa-nexrad-level2/2025/03/03/KVAX/KVAX20250303_213743_V06', 's3://noaa-nexrad-level2/2025/03/03/KEOX/KEOX20250303_213638_V06', 's3://noaa-nexrad-level2/2025/03/03/KJGX/KJGX20250303_214016_V06', 's3://noaa-nexrad-level2/2025/03/03/KEVX/KEVX20250303_213504_V06']"
53639,F,B738,AMA UA /OV PNH090035/TM 2141/FL270/TP B738/TB CONS LGT-OCNL MOD CHOP/RM ZAB/FDCS,CONS LGT-OCNL MOD CHOP,202503032200-KMSC-UBUS01-PIREP,27000.0,35.24,-100.98572255622716,2025-03-03 21:41:00,2.0,M,"('KAMA', 'KLBB', 'KFDR', 'KFDX', 'KDDC')","['s3://noaa-nexrad-level2/2025/03/03/KAMA/KAMA20250303_213907_V06', 's3://noaa-nexrad-level2/2025/03/03/KLBB/KLBB20250303_213921_V06', 's3://noaa-nexrad-level2/2025/03/03/KFDR/KFDR20250303_213804_V06', 's3://noaa-nexrad-level2/2025/03/03/KFDX/KFDX20250303_213937_V06', 's3://noaa-nexrad-level2/2025/03/03/KDDC/KDDC20250303_214033_V06']"
53640,F,LJ60,VNY UA /OV VNY140006/TM 2141/FL040/TP LJ60/TB NEG/RM MOSTLY SMOOTH. COR LOCTN AND TURB. ZLA CWSU,NEG,202503032200-KMSC-UBUS01-PIREP,4000.0,34.1331093507219,-118.41143708894457,2025-03-03 21:41:00,0.0,M,"('KVTX', 'KSOX', 'KEYX', 'KNKX', 'KVBX')","['s3://noaa-nexrad-level2/2025/03/03/KVTX/KVTX20250303_213548_V06', 's3://noaa-nexrad-level2/2025/03/03/KSOX/KSOX20250303_213817_V06', 's3://noaa-nexrad-level2/2025/03/03/KEYX/KEYX20250303_213903_V06', 's3://noaa-nexrad-level2/2025/03/03/KNKX/KNKX20250303_202239_V06', 's3://noaa-nexrad-level2/2025/03/03/KVBX/KVBX20250303_213816_V06']"
53641,F,C172,ANC UA /OV TED040012/TM 2142/FL015/TP C172/TB OCL LGT/IC NEG/RM DURC NORTHBOUND,OCL LGT,202503032100-KMSC-UBUS01-PIREP,1500.0,61.32322129855618,-149.72337905840632,2025-03-03 21:42:00,1.0,L,"('PAHG', 'PAIH', 'PAIH', 'PAPD', 'PAKC')","['s3://noaa-nexrad-level2/2025/03/03/PAHG/PAHG20250303_213731_V06', 's3://noaa-nexrad-level2/2025/03/03/PAIH/PAIH20250303_214149_V06', 's3://noaa-nexrad-level2/2025/03/03/PAIH/PAIH20250303_214149_V06', 's3://noaa-nexrad-level2/2025/03/03/PAPD/PAPD20250303_214157_V06', 's3://noaa-nexrad-level2/2025/03/03/PAKC/PAKC20250303_213912_V06']"
53642,F,B712,CSV UA /OV HCH/TM 2142/FL300/TP B712/TB NEG/RM ZTLFD-37,NEG,202503032100-KMSC-UBUS01-PIREP,30000.0,35.78,-84.98,2025-03-03 21:42:00,0.0,M,"('KHTX', 'KMRX', 'KOHX', 'KLVX', 'KFFC')","['s3://noaa-nexrad-level2/2025/03/03/KHTX/KHTX20250303_214026_V06', 's3://noaa-nexrad-level2/2025/03/03/KMRX/KMRX20250303_213822_V06', 's3://noaa-nexrad-level2/2025/03/03/KOHX/KOHX20250303_213536_V06', 's3://noaa-nexrad-level2/2025/03/03/KLVX/KLVX20250303_213516_V06', 's3://noaa-nexrad-level2/2025/03/03/KFFC/KFFC20250303_214103_V06']"
53643,F,C208,VAK UA /OV VAK/TM 2142/FL050/TP C208/SK SCT050/TB NEG/IC NEG/RM DURD RNAV /ZAN/,NEG,202503032100-KMSC-UBUS01-PIREP,5000.0,61.54,-165.6,2025-03-03 21:42:00,0.0,L,"('PAEC', 'PABC', 'PAKC', 'PAHG', 'PAPD')","['s3://noaa-nexrad-level2/2025/03/03/PAEC/PAEC20250303_213911_V06', 's3://noaa-nexrad-level2/2025/03/03/PAKC/PAKC20250303_213912_V06', 's3://noaa-nexrad-level2/2025/03/03/PAHG/PAHG20250303_213731_V06', 's3://noaa-nexrad-level2/2025/03/03/PAPD/PAPD20250303_214157_V06']"
53644,F,B744,IKK UA /OV RBS200015/TM 2143/FL300/TP B744/TB CONS LGT CHOP,CONS LGT CHOP,202503032100-KMSC-UBUS01-PIREP,30000.0,40.34505781600892,-88.272590044995,2025-03-03 21:43:00,1.0,H,"('KILX', 'KLOT', 'KIND', 'KVWX', 'KDVN')","['s3://noaa-nexrad-level2/2025/03/03/KILX/KILX20250303_213654_V06', 's3://noaa-nexrad-level2/2025/03/03/KLOT/KLOT20250303_214142_V06', 's3://noaa-nexrad-level2/2025/03/03/KIND/KIND20250303_214247_V06', 's3://noaa-nexrad-level2/2025/03/03/KVWX/KVWX20250303_214007_V06', 's3://noaa-nexrad-level2/2025/03/03/KDVN/KDVN20250303_214155_V06']"
53645,F,PA32,MLU UA /OV MLU330010/TM 2143/FL090/TP PA32/SK TOP100/TA 04/TB LGT/IC NEG/RM IMC,LGT,202503032100-KMSC-UBUS01-PIREP,9000.0,32.65520925865205,-92.13651735941036,2025-03-03 21:43:00,1.0,L,"('KSHV', 'KPOE', 'KDGX', 'KLZK', 'KHDC')","['s3://noaa-nexrad-level2/2025/03/03/KSHV/KSHV20250303_213523_V06', 's3://noaa-nexrad-level2/2025/03/03/KPOE/KPOE20250303_214134_V06', 's3://noaa-nexrad-level2/2025/03/03/KDGX/KDGX20250303_214225_V06', 's3://noaa-nexrad-level2/2025/03/03/KLZK/KLZK20250303_213959_V06', 's3://noaa-nexrad-level2/2025/03/03/KHDC/KHDC20250303_213359_V06']"
53646,F,B38M,CAE UA /OV CAE180045/TM 2144/FL370/TP B38M/TB LGT CHOP,LGT CHOP,202503032100-KMSC-UBUS01-PIREP,37000.0,33.19183924993925,-81.1181,2025-03-03 21:44:00,1.0,U,"('KCLX', 'KCAE', 'KGSP', 'KJGX', 'KJAX')","['s3://noaa-nexrad-level2/2025/03/03/KCLX/KCLX20250303_214147_V06', 's3://noaa-nexrad-level2/2025/03/03/KCAE/KCAE20250303_213949_V06', 's3://noaa-nexrad-level2/2025/03/03/KGSP/KGSP20250303_214335_V06', 's3://noaa-nexrad-level2/2025/03/03/KJGX/KJGX20250303_214016_V06', 's3://noaa-nexrad-level2/2025/03/03/KJAX/KJAX20250303_153242_V06']"
53647,F,A320,TCL UA /OV LDK/TM 2144/FL360/TP A320/TB LGT OCNL CAT/RM ZTLFD-02,LGT OCNL CAT,202503032100-KMSC-UBUS01-PIREP,36000.0,33.26,-87.54,2025-03-03 21:44:00,1.0,M,"('KBMX', 'KGWX', 'KMXX', 'KHTX', 'KDGX')","['s3://noaa-nexrad-level2/2025/03/03/KBMX/KBMX20250303_214312_V06', 's3://noaa-nexrad-level2/2025/03/03/KGWX/KGWX20250303_214033_V06', 's3://noaa-nexrad-level2/2025/03/03/KMXX/KMXX20250303_213824_V06', 's3://noaa-nexrad-level2/2025/03/03/KHTX/KHTX20250303_214026_V06', 's3://noaa-nexrad-level2/2025/03/03/KDGX/KDGX20250303_214225_V06']"
53648,F,P28A,PAQ UA /OV PAQ /TM 2144 /FL012 /TP P28A /TB LGT /RM NEG LLWS(AKFSS),LGT,202503032100-KMSC-UBUS01-PIREP,1200.0,61.59,-149.08,2025-03-03 21:44:00,1.0,L,"('PAHG', 'PAIH', 'PAIH', 'PAPD', 'PAKC')","['s3://noaa-nexrad-level2/2025/03/03/PAHG/PAHG20250303_213731_V06', 's3://noaa-nexrad-level2/2025/03/03/PAIH/PAIH20250303_214149_V06', 's3://noaa-nexrad-level2/2025/03/03/PAIH/PAIH20250303_214149_V06', 's3://noaa-nexrad-level2/2025/03/03/PAPD/PAPD20250303_214157_V06', 's3://noaa-nexrad-level2/2025/03/03/PAKC/PAKC20250303_214341_V06']"
53649,F,P28A,PAQ UA /OV PAQ /TM 2144 /FL012 /TP P28A /TB LGT /RM NEG LLWS (AKFSS,LGT,202503032150-KWBC-UBUS31-PRCUS,1200.0,61.59,-149.08,2025-03-03 21:44:00,1.0,L,"('PAHG', 'PAIH', 'PAIH', 'PAPD', 'PAKC')","['s3://noaa-nexrad-level2/2025/03/03/PAHG/PAHG20250303_213731_V06', 's3://noaa-nexrad-level2/2025/03/03/PAIH/PAIH20250303_214149_V06', 's3://noaa-nexrad-level2/2025/03/03/PAIH/PAIH20250303_214149_V06', 's3://noaa-nexrad-level2/2025/03/03/PAPD/PAPD20250303_214157_V06', 's3://noaa-nexrad-level2/2025/03/03/PAKC/PAKC20250303_214341_V06']"
53650,F,B712,CHA UA /OV GQO320040/TM 2145/FL300/TP B712/TB LGT CHOP/RM ZTLFD-37,LGT CHOP,202503032100-KMSC-UBUS01-PIREP,30000.0,35.470737661853946,-85.67291939875517,2025-03-03 21:45:00,1.0,M,"('KHTX', 'KOHX', 'KHPX', 'KMRX', 'KFFC')","['s3://noaa-nexrad-level2/2025/03/03/KHTX/KHTX20250303_214026_V06', 's3://noaa-nexrad-level2/2025/03/03/KOHX/KOHX20250303_214352_V06', 's3://noaa-nexrad-level2/2025/03/03/KHPX/KHPX20250303_214140_V06', 's3://noaa-nexrad-level2/2025/03/03/KMRX/KMRX20250303_213822_V06', 's3://noaa-nexrad-level2/2025/03/03/KFFC/KFFC20250303_214103_V06']"
53651,F,E75L,ASE UA /OV ASE330003/TM 2145/FL093/TP E75L/TB LGT CHOP/RM +/-5 SHORT FINAL R15,LGT CHOP,202503032100-KMSC-UBUS01-PIREP,9300.0,39.26647477759562,-106.90113363529674,2025-03-03 21:45:00,1.0,U,"('KGJX', 'KFTG', 'KCYS', 'KPUX', 'KRIW')","['s3://noaa-nexrad-level2/2025/03/03/KGJX/KGJX20250303_214424_V06', 's3://noaa-nexrad-level2/2025/03/03/KFTG/KFTG20250303_214014_V06', 's3://noaa-nexrad-level2/2025/03/03/KCYS/KCYS20250303_214202_V06', 's3://noaa-nexrad-level2/2025/03/03/KPUX/KPUX20250303_214200_V06', 's3://noaa-nexrad-level2/2025/03/03/KRIW/KRIW20250303_214442_V06']"
53652,F,CL60,YAK UA /OV YAK260086/TM 2145/FL370/TP CL60/TB LGT CHOP/RM ZAN,LGT CHOP,202503032200-KMSC-UBUS01-PIREP,37000.0,59.25108411810381,-142.44140967980633,2025-03-03 21:45:00,1.0,M,"('PAIH', 'PAIH', 'PACG', 'PAPD', 'PAHG')","['s3://noaa-nexrad-level2/2025/03/03/PAIH/PAIH20250303_214149_V06', 's3://noaa-nexrad-level2/2025/03/03/PAIH/PAIH20250303_214149_V06', 's3://noaa-nexrad-level2/2025/03/03/PACG/PACG20250303_172929_V06', 's3://noaa-nexrad-level2/2025/03/03/PAPD/PAPD20250303_214157_V06', 's3://noaa-nexrad-level2/2025/03/03/PAHG/PAHG20250303_214430_V06']"
53653,F,PC12,IND UA /OV MIE090025/TM 2146/FL160/TP PC12/TB NEG/IC NEG,NEG,202503032200-KMSC-UBUS01-PIREP,16000.0,40.24247,-84.84984284761272,2025-03-03 21:46:00,0.0,L,"('KILN', 'KIWX', 'KIND', 'KLVX', 'KGRR')","['s3://noaa-nexrad-level2/2025/03/03/KILN/KILN20250303_214311_V06', 's3://noaa-nexrad-level2/2025/03/03/KIWX/KIWX20250303_214348_V06', 's3://noaa-nexrad-level2/2025/03/03/KIND/KIND20250303_214247_V06', 's3://noaa-nexrad-level2/2025/03/03/KLVX/KLVX20250303_214201_V06', 's3://noaa-nexrad-level2/2025/03/03/KGRR/KGRR20250303_214236_V06']"
53654,F,B744,PASY UA /OV 5505N17756E/TM 2148/FL350/TP B744/TB NEG/RM ZAN,NEG,202503032100-KMSC-UBUS01-PIREP,35000.0,55.833,177.9333,2025-03-03 21:48:00,0.0,H,"('PGUA', 'RKSG', 'RKJK', 'RODN', 'LPLA')","['s3://noaa-nexrad-level2/2025/03/03/PGUA/PGUA20250303_214527_V06', 's3://noaa-nexrad-level2/2025/03/03/RKSG/RKSG20250303_214431_V06', 's3://noaa-nexrad-level2/2025/03/03/RKJK/RKJK20250303_214602_V06']"
53655,F,B7W,PBI UA /OV PBI040100/TM 2148/FL340/TP B7W/TB NEG,NEG,202503032100-KMSC-UBUS01-PIREP,34000.0,27.961544154634865,-78.90028433920872,2025-03-03 21:48:00,0.0,U,"('KMLB', 'KAMX', 'KAMX', 'KTBW', 'KJAX')","['s3://noaa-nexrad-level2/2025/03/03/KMLB/KMLB20250303_214711_V06', 's3://noaa-nexrad-level2/2025/03/03/KAMX/KAMX20250303_214247_V06', 's3://noaa-nexrad-level2/2025/03/03/KAMX/KAMX20250303_214247_V06', 's3://noaa-nexrad-level2/2025/03/03/KTBW/KTBW20250303_214409_V06', 's3://noaa-nexrad-level2/2025/03/03/KJAX/KJAX20250303_153242_V06']"
53656,F,SB20,HUF UA /OV TTH/TM 2148/FL300/TP SB20/TB LGT MOD,LGT MOD,202503032200-KMSC-UBUS01-PIREP,30000.0,39.49,-87.25,2025-03-03 21:48:00,2.0,M,"('KIND', 'KVWX', 'KLVX', 'KILX', 'KLOT')","['s3://noaa-nexrad-level2/2025/03/03/KIND/KIND20250303_214247_V06', 's3://noaa-nexrad-level2/2025/03/03/KVWX/KVWX20250303_214657_V06', 's3://noaa-nexrad-level2/2025/03/03/KLVX/KLVX20250303_214201_V06', 's3://noaa-nexrad-level2/2025/03/03/KILX/KILX20250303_214356_V06', 's3://noaa-nexrad-level2/2025/03/03/KLOT/KLOT20250303_214142_V06']"
53657,F,A320,TYS UA /OV VXV210030/TM 2149/FL340/TP A320/TB NEG/RM ZTLFD-37,NEG,202503032100-KMSC-UBUS01-PIREP,34000.0,35.46695222404385,-84.1986511082105,2025-03-03 21:49:00,0.0,M,"('KMRX', 'KHTX', 'KGSP', 'KFFC', 'KJKL')","['s3://noaa-nexrad-level2/2025/03/03/KMRX/KMRX20250303_214525_V06', 's3://noaa-nexrad-level2/2025/03/03/KHTX/KHTX20250303_214723_V06', 's3://noaa-nexrad-level2/2025/03/03/KGSP/KGSP20250303_214335_V06', 's3://noaa-nexrad-level2/2025/03/03/KFFC/KFFC20250303_214755_V06', 's3://noaa-nexrad-level2/2025/03/03/KJKL/KJKL20250303_214602_V06']"
53658,F,B77L,PASY UA /OV 5424N17022E/TM 2149/FL360/TP B77L/TB NEG/RM ZAN,NEG,202503032100-KMSC-UBUS01-PIREP,36000.0,54.4,170.3666,2025-03-03 21:49:00,0.0,U,"('RKSG', 'RKJK', 'PGUA', 'RODN', 'LPLA')","['s3://noaa-nexrad-level2/2025/03/03/RKSG/RKSG20250303_214431_V06', 's3://noaa-nexrad-level2/2025/03/03/RKJK/RKJK20250303_214602_V06', 's3://noaa-nexrad-level2/2025/03/03/PGUA/PGUA20250303_214527_V06']"
53659,F,B738,AKO UA /OV AKO240040/TM 2151/FL260/TP B738/SK TOP260/TB CONS LGT OCNL MOD/RM ZDVWC-07,CONS LGT OCNL MOD,202503032100-KMSC-UBUS01-PIREP,26000.0,39.84226966663967,-103.97771555169348,2025-03-03 21:51:00,2.0,M,"('KFTG', 'KPUX', 'KCYS', 'KGLD', 'KLNX')","['s3://noaa-nexrad-level2/2025/03/03/KFTG/KFTG20250303_214710_V06', 's3://noaa-nexrad-level2/2025/03/03/KPUX/KPUX20250303_214641_V06', 's3://noaa-nexrad-level2/2025/03/03/KCYS/KCYS20250303_214810_V06', 's3://noaa-nexrad-level2/2025/03/03/KGLD/KGLD20250303_214738_V06', 's3://noaa-nexrad-level2/2025/03/03/KLNX/KLNX20250303_214649_V06']"
53660,F,B737,CTJ UA /OV CTJ/TM 2151/FL300/TP B737/TB MOD CHOP/RM ZTLFD-03,MOD CHOP,202503032100-KMSC-UBUS01-PIREP,30000.0,33.6316964,-85.1522641,2025-03-03 21:51:00,3.0,M,"('KFFC', 'KMXX', 'KHTX', 'KBMX', 'KJGX')","['s3://noaa-nexrad-level2/2025/03/03/KFFC/KFFC20250303_214755_V06', 's3://noaa-nexrad-level2/2025/03/03/KMXX/KMXX20250303_214518_V06', 's3://noaa-nexrad-level2/2025/03/03/KHTX/KHTX20250303_214723_V06', 's3://noaa-nexrad-level2/2025/03/03/KBMX/KBMX20250303_214312_V06', 's3://noaa-nexrad-level2/2025/03/03/KJGX/KJGX20250303_214659_V06']"
53661,F,A321,TYS UA /OV VXV230020/TM 2151/FL280/TP A321/TB NEG/RM ZTLFD-37,NEG,202503032100-KMSC-UBUS01-PIREP,28000.0,35.685720108155,-84.20525395507623,2025-03-03 21:51:00,0.0,M,"('KMRX', 'KHTX', 'KJKL', 'KGSP', 'KFFC')","['s3://noaa-nexrad-level2/2025/03/03/KMRX/KMRX20250303_214525_V06', 's3://noaa-nexrad-level2/2025/03/03/KHTX/KHTX20250303_214723_V06', 's3://noaa-nexrad-level2/2025/03/03/KJKL/KJKL20250303_214602_V06', 's3://noaa-nexrad-level2/2025/03/03/KGSP/KGSP20250303_214335_V06', 's3://noaa-nexrad-level2/2025/03/03/KFFC/KFFC20250303_214755_V06']"
53662,F,B77L,PASY UA /OV 5740N17951W/TM 2151/FL340/TP B77L/TB NEG/RM ZAN,NEG,202503032100-KMSC-UBUS01-PIREP,34000.0,57.6666,-179.85,2025-03-03 21:51:00,0.0,U,"('PAEC', 'PABC', 'PAKC', 'PAHG', 'PAPD')","['s3://noaa-nexrad-level2/2025/03/03/PAEC/PAEC20250303_214616_V06', 's3://noaa-nexrad-level2/2025/03/03/PAKC/PAKC20250303_214817_V06', 's3://noaa-nexrad-level2/2025/03/03/PAHG/PAHG20250303_214430_V06', 's3://noaa-nexrad-level2/2025/03/03/PAPD/PAPD20250303_214859_V06']"
53663,F,A319,EGE UA /OV SXW045015/TM 2152/FL190/TP A319/TB LGT CHOP/IC NEG/RM ZDVWC-06,LGT CHOP,202503032100-KMSC-UBUS01-PIREP,19000.0,39.80679101422328,-106.76045475614788,2025-03-03 21:52:00,1.0,M,"('KGJX', 'KFTG', 'KCYS', 'KPUX', 'KRIW')","['s3://noaa-nexrad-level2/2025/03/03/KGJX/KGJX20250303_214956_V06', 's3://noaa-nexrad-level2/2025/03/03/KFTG/KFTG20250303_214710_V06', 's3://noaa-nexrad-level2/2025/03/03/KCYS/KCYS20250303_214810_V06', 's3://noaa-nexrad-level2/2025/03/03/KPUX/KPUX20250303_215107_V06', 's3://noaa-nexrad-level2/2025/03/03/KRIW/KRIW20250303_214442_V06']"
53664,F,SW3,PNM UA /OV PNM320025/TM 2152/FL130/TP SW3/TA 00/TB CONS LGT OCNL MOD/IC LGT RIME 130-115,CONS LGT OCNL MOD,202503032100-KMSC-UBUS01-PIREP,13000.0,45.87908103865871,-93.99077326351215,2025-03-03 21:52:00,2.0,L,"('KMPX', 'KDLH', 'KARX', 'KFSD', 'KMVX')","['s3://noaa-nexrad-level2/2025/03/03/KMPX/KMPX20250303_214850_V06', 's3://noaa-nexrad-level2/2025/03/03/KDLH/KDLH20250303_214648_V06', 's3://noaa-nexrad-level2/2025/03/03/KARX/KARX20250303_214444_V06', 's3://noaa-nexrad-level2/2025/03/03/KFSD/KFSD20250303_214636_V06', 's3://noaa-nexrad-level2/2025/03/03/KMVX/KMVX20250303_214705_V06']"
53665,F,B788,PASY UA /OV 5510N16141W/TM 2152/FL380/TP B788/TA M48/WV 16726KT/TB NEG/RM ZAN,NEG,202503032100-KMSC-UBUS01-PIREP,38000.0,55.1666,-161.6833,2025-03-03 21:52:00,0.0,U,"('PABC', 'PAKC', 'PAEC', 'PAHG', 'PAIH')","['s3://noaa-nexrad-level2/2025/03/03/PAKC/PAKC20250303_214817_V06', 's3://noaa-nexrad-level2/2025/03/03/PAEC/PAEC20250303_214616_V06', 's3://noaa-nexrad-level2/2025/03/03/PAHG/PAHG20250303_215129_V06', 's3://noaa-nexrad-level2/2025/03/03/PAIH/PAIH20250303_215103_V06']"
53666,F,CRJ7,OXI UA /OV OSI/TM 2152/FL200/TP CRJ7/TB INTMT LGT CHOP /RM DURD,INTMT LGT CHOP,202503032200-KMSC-UBUS01-PIREP,20000.0,37.39,-122.28,2025-03-03 21:52:00,1.0,M,"('KMUX', 'KDAX', 'KBBX', 'KHNX', 'KVBX')","['s3://noaa-nexrad-level2/2025/03/03/KDAX/KDAX20250303_214716_V06', 's3://noaa-nexrad-level2/2025/03/03/KBBX/KBBX20250303_214611_V06', 's3://noaa-nexrad-level2/2025/03/03/KHNX/KHNX20250303_215123_V06', 's3://noaa-nexrad-level2/2025/03/03/KVBX/KVBX20250303_215159_V06']"
53667,F,CRJ2,RIW UA /OV BOY178039/TM 2153/FL330/TP CRJ2/TB INTMT LGT-MOD /ZLC,INTMT LGT-MOD,202503032100-KMSC-UBUS01-PIREP,33000.0,42.81034334445793,-108.26874511034286,2025-03-03 21:53:00,2.0,M,"('KRIW', 'KBLX', 'KGJX', 'KCYS', 'KSFX')","['s3://noaa-nexrad-level2/2025/03/03/KRIW/KRIW20250303_214442_V06', 's3://noaa-nexrad-level2/2025/03/03/KBLX/KBLX20250303_214625_V06', 's3://noaa-nexrad-level2/2025/03/03/KGJX/KGJX20250303_214956_V06', 's3://noaa-nexrad-level2/2025/03/03/KCYS/KCYS20250303_214810_V06', 's3://noaa-nexrad-level2/2025/03/03/KSFX/KSFX20250303_214939_V06']"
53668,F,CRJ2,MIE UA /OV MIE/TM 2153/FL280/TP CRJ2/TB NEG/IC NEG,NEG,202503032200-KMSC-UBUS01-PIREP,28000.0,40.24247,-85.39575,2025-03-03 21:53:00,0.0,M,"('KIND', 'KIWX', 'KILN', 'KLVX', 'KGRR')","['s3://noaa-nexrad-level2/2025/03/03/KIND/KIND20250303_215140_V06', 's3://noaa-nexrad-level2/2025/03/03/KIWX/KIWX20250303_215239_V06', 's3://noaa-nexrad-level2/2025/03/03/KILN/KILN20250303_215252_V06', 's3://noaa-nexrad-level2/2025/03/03/KLVX/KLVX20250303_214845_V06', 's3://noaa-nexrad-level2/2025/03/03/KGRR/KGRR20250303_214826_V06']"
53669,F,B747,C75 UA /OV BDF/TM 2154/FL300/TP B747/TB CONS LGT CHOP,CONS LGT CHOP,202503032200-KMSC-UBUS01-PIREP,30000.0,41.16,-89.59,2025-03-03 21:54:00,1.0,H,"('KILX', 'KDVN', 'KLOT', 'KMKX', 'KLSX')","['s3://noaa-nexrad-level2/2025/03/03/KILX/KILX20250303_215059_V06', 's3://noaa-nexrad-level2/2025/03/03/KDVN/KDVN20250303_215136_V06', 's3://noaa-nexrad-level2/2025/03/03/KLOT/KLOT20250303_214828_V06', 's3://noaa-nexrad-level2/2025/03/03/KMKX/KMKX20250303_215302_V06', 's3://noaa-nexrad-level2/2025/03/03/KLSX/KLSX20250303_215024_V06']"
53670,F,CRJ7,OXI UA /OV OXI/TM 2154/FL190/TP CRJ7/TB NEG,NEG,202503032200-KMSC-UBUS01-PIREP,19000.0,41.3301944,-86.6648056,2025-03-03 21:54:00,0.0,M,"('KIWX', 'KLOT', 'KIND', 'KGRR', 'KMKX')","['s3://noaa-nexrad-level2/2025/03/03/KIWX/KIWX20250303_215239_V06', 's3://noaa-nexrad-level2/2025/03/03/KLOT/KLOT20250303_214828_V06', 's3://noaa-nexrad-level2/2025/03/03/KIND/KIND20250303_215140_V06', 's3://noaa-nexrad-level2/2025/03/03/KGRR/KGRR20250303_214826_V06', 's3://noaa-nexrad-level2/2025/03/03/KMKX/KMKX20250303_215302_V06']"
53671,F,A321,AMA UA /OV PNH300050/TM 2155/FL310/TP A321/TB CONS LGT-OCNL MOD/RM ZAB/FDCS,CONS LGT-OCNL MOD,202503032200-KMSC-UBUS01-PIREP,31000.0,35.65670041670042,-102.58368915951073,2025-03-03 21:55:00,2.0,M,"('KAMA', 'KFDX', 'KLBB', 'KPUX', 'KDDC')","['s3://noaa-nexrad-level2/2025/03/03/KAMA/KAMA20250303_215228_V06', 's3://noaa-nexrad-level2/2025/03/03/KFDX/KFDX20250303_215317_V06', 's3://noaa-nexrad-level2/2025/03/03/KLBB/KLBB20250303_215044_V06', 's3://noaa-nexrad-level2/2025/03/03/KPUX/KPUX20250303_215107_V06', 's3://noaa-nexrad-level2/2025/03/03/KDDC/KDDC20250303_215416_V06']"
53672,F,PC12,TOG UA /OV TOG/TM 2155/FL025/TP PC12/SK OVC025-TOP050/WX FV99SM/TA UNKN/TB NEG/IC TRACE RIME/RM DURC /ZAN/,NEG,202503032200-KMSC-UBUS01-PIREP,2500.0,59.05,-160.39,2025-03-03 21:55:00,0.0,L,"('PABC', 'PAKC', 'PAEC', 'PAHG', 'PAIH')","['s3://noaa-nexrad-level2/2025/03/03/PAKC/PAKC20250303_215253_V06', 's3://noaa-nexrad-level2/2025/03/03/PAEC/PAEC20250303_215322_V06', 's3://noaa-nexrad-level2/2025/03/03/PAHG/PAHG20250303_215129_V06', 's3://noaa-nexrad-level2/2025/03/03/PAIH/PAIH20250303_215103_V06']"
53673,F,CRJ7,OKK UA /OV OKK320055/TM 2155/FL180/TP CRJ7/TB INTMT LGT CHOP/IC NEG,INTMT LGT CHOP,202503032200-KMSC-UBUS01-PIREP,18000.0,41.23044428504917,-86.83425668200815,2025-03-03 21:55:00,1.0,M,"('KIWX', 'KLOT', 'KIND', 'KGRR', 'KMKX')","['s3://noaa-nexrad-level2/2025/03/03/KIWX/KIWX20250303_215239_V06', 's3://noaa-nexrad-level2/2025/03/03/KLOT/KLOT20250303_214828_V06', 's3://noaa-nexrad-level2/2025/03/03/KIND/KIND20250303_215140_V06', 's3://noaa-nexrad-level2/2025/03/03/KGRR/KGRR20250303_215430_V06', 's3://noaa-nexrad-level2/2025/03/03/KMKX/KMKX20250303_215302_V06']"
53674,F,E75L,EGE UA /OV RLG090015/TM 2158/FL230/TP E75L/TB MOD CHOP/IC NEG/RM ZDVWC-06,MOD CHOP,202503032200-KMSC-UBUS01-PIREP,23000.0,40.0,-106.11362174314289,2025-03-03 21:58:00,3.0,U,"('KFTG', 'KCYS', 'KGJX', 'KPUX', 'KRIW')","['s3://noaa-nexrad-level2/2025/03/03/KFTG/KFTG20250303_215412_V06', 's3://noaa-nexrad-level2/2025/03/03/KCYS/KCYS20250303_215418_V06', 's3://noaa-nexrad-level2/2025/03/03/KGJX/KGJX20250303_215527_V06', 's3://noaa-nexrad-level2/2025/03/03/KPUX/KPUX20250303_215107_V06', 's3://noaa-nexrad-level2/2025/03/03/KRIW/KRIW20250303_215324_V06']"
53675,F,A319,PAH UA /OV PXV180030/TM 2158/FL360/TP A319/TB MOD CHOP/RM ZME,MOD CHOP,202503032200-KMSC-UBUS01-PIREP,36000.0,37.4299594999595,-87.76,2025-03-03 21:58:00,3.0,M,"('KVWX', 'KHPX', 'KPAH', 'KOHX', 'KLVX')","['s3://noaa-nexrad-level2/2025/03/03/KVWX/KVWX20250303_215346_V06', 's3://noaa-nexrad-level2/2025/03/03/KHPX/KHPX20250303_215528_V06', 's3://noaa-nexrad-level2/2025/03/03/KPAH/KPAH20250303_215639_V06', 's3://noaa-nexrad-level2/2025/03/03/KOHX/KOHX20250303_215206_V06', 's3://noaa-nexrad-level2/2025/03/03/KLVX/KLVX20250303_215530_V06']"
53676,F,ASTR,CSG UA /OV CSG/TM 2159/FL280/TP ASTR/TB LGT OCNL /RM DURD FL280-FL240 ZTLFD-09,LGT OCNL,202503032200-KMSC-UBUS01-PIREP,28000.0,32.51611,-84.94222,2025-03-03 21:59:00,1.0,M,"('KMXX', 'KFFC', 'KEOX', 'KJGX', 'KBMX')","['s3://noaa-nexrad-level2/2025/03/03/KMXX/KMXX20250303_215858_V06', 's3://noaa-nexrad-level2/2025/03/03/KFFC/KFFC20250303_215451_V06', 's3://noaa-nexrad-level2/2025/03/03/KEOX/KEOX20250303_215653_V06', 's3://noaa-nexrad-level2/2025/03/03/KJGX/KJGX20250303_215342_V06', 's3://noaa-nexrad-level2/2025/03/03/KBMX/KBMX20250303_215154_V06']"
53677,F,B738,CVN UA /OV TXO/TM 2159/FL290/TP B738/TB CONS LGT-OCNL MOD/RM ZAB/FDCS,CONS LGT-OCNL MOD,202503032200-KMSC-UBUS01-PIREP,29000.0,34.5,-102.84,2025-03-03 21:59:00,2.0,M,"('KFDX', 'KLBB', 'KAMA', 'KMAF', 'KHDX')","['s3://noaa-nexrad-level2/2025/03/03/KFDX/KFDX20250303_215317_V06', 's3://noaa-nexrad-level2/2025/03/03/KLBB/KLBB20250303_215044_V06', 's3://noaa-nexrad-level2/2025/03/03/KAMA/KAMA20250303_215228_V06', 's3://noaa-nexrad-level2/2025/03/03/KMAF/KMAF20250303_215840_V06', 's3://noaa-nexrad-level2/2025/03/03/KHDX/KHDX20250303_215415_V06']"
53678,F,GLF5,ELY UA /OV ELY232060/TM 2159/FL430/TP GLF5/TB CONS LGT OCNL MOD /ZLC,CONS LGT OCNL MOD,202503032200-KMSC-UBUS01-PIREP,43000.0,38.679288656044974,-115.86360172848354,2025-03-03 21:59:00,2.0,M,"('KLRX', 'KESX', 'KICX', 'KRGX', 'KEYX')","['s3://noaa-nexrad-level2/2025/03/03/KLRX/KLRX20250303_215444_V06', 's3://noaa-nexrad-level2/2025/03/03/KESX/KESX20250303_215731_V06', 's3://noaa-nexrad-level2/2025/03/03/KICX/KICX20250303_215302_V06', 's3://noaa-nexrad-level2/2025/03/03/KRGX/KRGX20250303_215640_V06', 's3://noaa-nexrad-level2/2025/03/03/KEYX/KEYX20250303_215317_V06']"
53679,F,C182,GXY UA /OV BDU045025 /TM 2200 /FL065 /TP C182 /SK BKN100 /TB OCNL LGT /RM VIRGA GXY TO BDU AREA,OCNL LGT,202503032200-KMSC-UBUS01-PIREP,6500.0,40.33408139037213,-104.8409589054453,2025-03-03 22:00:00,1.0,L,"('KFTG', 'KCYS', 'KPUX', 'KGLD', 'KGJX')","['s3://noaa-nexrad-level2/2025/03/03/KFTG/KFTG20250303_215412_V06', 's3://noaa-nexrad-level2/2025/03/03/KCYS/KCYS20250303_215418_V06', 's3://noaa-nexrad-level2/2025/03/03/KPUX/KPUX20250303_215806_V06', 's3://noaa-nexrad-level2/2025/03/03/KGLD/KGLD20250303_215715_V06', 's3://noaa-nexrad-level2/2025/03/03/KGJX/KGJX20250303_215527_V06']"
53680,F,B712,UES UA /OV BAE330020/TM 2200/FL310/TP B712/TB OCNL LGT CHOP,OCNL LGT CHOP,202503032200-KMSC-UBUS01-PIREP,31000.0,43.408698517304096,-88.50835285532246,2025-03-03 22:00:00,1.0,M,"('KMKX', 'KGRB', 'KLOT', 'KARX', 'KDVN')","['s3://noaa-nexrad-level2/2025/03/03/KMKX/KMKX20250303_215719_V06', 's3://noaa-nexrad-level2/2025/03/03/KGRB/KGRB20250303_215411_V06', 's3://noaa-nexrad-level2/2025/03/03/KLOT/KLOT20250303_215514_V06', 's3://noaa-nexrad-level2/2025/03/03/KARX/KARX20250303_215429_V06', 's3://noaa-nexrad-level2/2025/03/03/KDVN/KDVN20250303_215136_V06']"
53681,T,B739,ABQ UUA /OV ABQ085035/TM 2200/FL190/TP B739/TB CONS MOD-OCNL SEV/RM DURD - ZAB/FDCS,CONS MOD-OCNL SEV,202503032200-KMSC-UBUS01-PIREP,19000.0,35.0927449680491,-105.90567019067169,2025-03-03 22:00:00,4.0,M,"('KABX', 'KHDX', 'KFDX', 'KEPZ', 'KPUX')","['s3://noaa-nexrad-level2/2025/03/03/KABX/KABX20250303_215815_V06', 's3://noaa-nexrad-level2/2025/03/03/KHDX/KHDX20250303_215415_V06', 's3://noaa-nexrad-level2/2025/03/03/KFDX/KFDX20250303_215317_V06', 's3://noaa-nexrad-level2/2025/03/03/KEPZ/KEPZ20250303_215947_V06', 's3://noaa-nexrad-level2/2025/03/03/KPUX/KPUX20250303_215806_V06']"
53682,F,CRJ7,OSH UA /OV OSH/TM 2200/FL200/TP CRJ7/TB NEG/IC NEG,NEG,202503032200-KMSC-UBUS01-PIREP,20000.0,43.98435,-88.55704,2025-03-03 22:00:00,0.0,M,"('KGRB', 'KMKX', 'KLOT', 'KARX', 'KMQT')","['s3://noaa-nexrad-level2/2025/03/03/KGRB/KGRB20250303_215411_V06', 's3://noaa-nexrad-level2/2025/03/03/KMKX/KMKX20250303_215719_V06', 's3://noaa-nexrad-level2/2025/03/03/KLOT/KLOT20250303_215514_V06', 's3://noaa-nexrad-level2/2025/03/03/KARX/KARX20250303_215429_V06', 's3://noaa-nexrad-level2/2025/03/03/KMQT/KMQT20250303_215545_V06']"
53683,F,GL7,MDO UA /OV MDO331092/TM 2200/FL300/TP GL7/TB LGT CHOP/RM DURD ZAN,LGT CHOP,202503032200-KMSC-UBUS01-PIREP,30000.0,60.781192178823325,-147.76218709811394,2025-03-03 22:00:00,1.0,U,"('PAIH', 'PAIH', 'PAHG', 'PAPD', 'PAKC')","['s3://noaa-nexrad-level2/2025/03/03/PAIH/PAIH20250303_215555_V06', 's3://noaa-nexrad-level2/2025/03/03/PAIH/PAIH20250303_215555_V06', 's3://noaa-nexrad-level2/2025/03/03/PAHG/PAHG20250303_215828_V06', 's3://noaa-nexrad-level2/2025/03/03/PAPD/PAPD20250303_215603_V06', 's3://noaa-nexrad-level2/2025/03/03/PAKC/PAKC20250303_215729_V06']"
53684,F,B738,MBPV UA /OV PVN/TM 2203/FL360/TP B738/TB NEG,NEG,202503032200-KMSC-UBUS01-PIREP,36000.0,21.77,-72.26,2025-03-03 22:03:00,0.0,M,"('KAMX', 'KAMX', 'KBYX', 'KMLB', 'KTBW')","['s3://noaa-nexrad-level2/2025/03/03/KAMX/KAMX20250303_215957_V06', 's3://noaa-nexrad-level2/2025/03/03/KAMX/KAMX20250303_215957_V06', 's3://noaa-nexrad-level2/2025/03/03/KBYX/KBYX20250303_220132_V06', 's3://noaa-nexrad-level2/2025/03/03/KMLB/KMLB20250303_220104_V06', 's3://noaa-nexrad-level2/2025/03/03/KTBW/KTBW20250303_215823_V06']"
53685,F,BCS3,SLC UA /OV KSLC350010/TM 2203/FL120/TP BCS3/SK SCT121-TOP142/SKC/TA M02/WV 33110KT/TB LGT CHOP 060-120 LGT 121-142/IC LGT RIME 130-142/RM DURC RUGGD3,LGT CHOP 060-120 LGT 121-142,202503032200-KMSC-UBUS01-PIREP,12000.0,40.94414792042,-112.00822348702364,2025-03-03 22:03:00,1.0,U,"('KMTX', 'KSFX', 'KICX', 'KRIW', 'KGJX')","['s3://noaa-nexrad-level2/2025/03/03/KMTX/KMTX20250303_220149_V06', 's3://noaa-nexrad-level2/2025/03/03/KSFX/KSFX20250303_215853_V06', 's3://noaa-nexrad-level2/2025/03/03/KICX/KICX20250303_215921_V06', 's3://noaa-nexrad-level2/2025/03/03/KRIW/KRIW20250303_220205_V06', 's3://noaa-nexrad-level2/2025/03/03/KGJX/KGJX20250303_220059_V06']"
53686,F,A319,SBA UA /OV SBA110010/TM 2204/FL030/TP A319/TB MOD,MOD,202503032200-KMSC-UBUS01-PIREP,3000.0,34.36910202550251,-119.65372457589685,2025-03-03 22:04:00,3.0,M,"('KVTX', 'KVBX', 'KHNX', 'KSOX', 'KEYX')","['s3://noaa-nexrad-level2/2025/03/03/KVTX/KVTX20250303_220345_V06', 's3://noaa-nexrad-level2/2025/03/03/KVBX/KVBX20250303_215901_V06', 's3://noaa-nexrad-level2/2025/03/03/KHNX/KHNX20250303_220215_V06', 's3://noaa-nexrad-level2/2025/03/03/KSOX/KSOX20250303_220000_V06', 's3://noaa-nexrad-level2/2025/03/03/KEYX/KEYX20250303_220134_V06']"
53687,F,A319,GLD UA /OV GLD/TM 2204/FL380/TP A319/TB NEG 380/RM ZDVWC-18,NEG 380,202503032200-KMSC-UBUS01-PIREP,38000.0,39.36722,-101.69333,2025-03-03 22:04:00,0.0,M,"('KGLD', 'KDDC', 'KPUX', 'KLNX', 'KFTG')","['s3://noaa-nexrad-level2/2025/03/03/KGLD/KGLD20250303_215715_V06', 's3://noaa-nexrad-level2/2025/03/03/KDDC/KDDC20250303_220113_V06', 's3://noaa-nexrad-level2/2025/03/03/KPUX/KPUX20250303_215806_V06', 's3://noaa-nexrad-level2/2025/03/03/KLNX/KLNX20250303_220058_V06', 's3://noaa-nexrad-level2/2025/03/03/KFTG/KFTG20250303_220114_V06']"
53688,F,CRJ2,GSH UA /OV GSH181020/TM 2204/FL180/TP CRJ2/TB NEG/IC NEG,NEG,202503032200-KMSC-UBUS01-PIREP,18000.0,41.193910439033104,-85.79999133669398,2025-03-03 22:04:00,0.0,M,"('KIWX', 'KIND', 'KGRR', 'KLOT', 'KILN')","['s3://noaa-nexrad-level2/2025/03/03/KIWX/KIWX20250303_220128_V06', 's3://noaa-nexrad-level2/2025/03/03/KIND/KIND20250303_220034_V06', 's3://noaa-nexrad-level2/2025/03/03/KGRR/KGRR20250303_220029_V06', 's3://noaa-nexrad-level2/2025/03/03/KLOT/KLOT20250303_220201_V06', 's3://noaa-nexrad-level2/2025/03/03/KILN/KILN20250303_220234_V06']"
53689,F,A321,MBPV UA /OV PVN305135/TM 2204/FL340/TP A321/TB LGT OCNL MOD CHOP,LGT OCNL MOD CHOP,202503032200-KMSC-UBUS01-PIREP,34000.0,23.06065151619991,-74.24479680602282,2025-03-03 22:04:00,2.0,M,"('KAMX', 'KAMX', 'KBYX', 'KMLB', 'KTBW')","['s3://noaa-nexrad-level2/2025/03/03/KAMX/KAMX20250303_215957_V06', 's3://noaa-nexrad-level2/2025/03/03/KAMX/KAMX20250303_215957_V06', 's3://noaa-nexrad-level2/2025/03/03/KBYX/KBYX20250303_220132_V06', 's3://noaa-nexrad-level2/2025/03/03/KMLB/KMLB20250303_220104_V06', 's3://noaa-nexrad-level2/2025/03/03/KTBW/KTBW20250303_215823_V06']"
53690,F,C208,ANC UA /OV TED210007/TM 2205/FL020/TP C208/TB MOD /IC NEG/RM DURD,MOD,202503032200-KMSC-UBUS01-PIREP,2000.0,61.06895551894357,-150.11097999421006,2025-03-03 22:05:00,3.0,L,"('PAHG', 'PAIH', 'PAIH', 'PAPD', 'PAKC')","['s3://noaa-nexrad-level2/2025/03/03/PAHG/PAHG20250303_215828_V06', 's3://noaa-nexrad-level2/2025/03/03/PAIH/PAIH20250303_220114_V06', 's3://noaa-nexrad-level2/2025/03/03/PAIH/PAIH20250303_220114_V06', 's3://noaa-nexrad-level2/2025/03/03/PAPD/PAPD20250303_220307_V06', 's3://noaa-nexrad-level2/2025/03/03/PAKC/PAKC20250303_220205_V06']"
53691,F,B39M,GSH UA /OV GSH230015/TM 2205/FL340/TP B39M/TB NEG,NEG,202503032200-KMSC-UBUS01-PIREP,34000.0,41.36651008111625,-86.04805245402669,2025-03-03 22:05:00,0.0,U,"('KIWX', 'KGRR', 'KIND', 'KLOT', 'KDTX')","['s3://noaa-nexrad-level2/2025/03/03/KIWX/KIWX20250303_220128_V06', 's3://noaa-nexrad-level2/2025/03/03/KGRR/KGRR20250303_220029_V06', 's3://noaa-nexrad-level2/2025/03/03/KIND/KIND20250303_220034_V06', 's3://noaa-nexrad-level2/2025/03/03/KLOT/KLOT20250303_220201_V06', 's3://noaa-nexrad-level2/2025/03/03/KDTX/KDTX20250303_220238_V06']"
53692,F,E170,AMA UA /OV PNH360035/TM 2206/FL230/TP E170/TB CONS LGT/RM ZAB/FDCS,CONS LGT,202503032200-KMSC-UBUS01-PIREP,23000.0,35.82338058338058,-101.7,2025-03-03 22:06:00,1.0,U,"('KAMA', 'KLBB', 'KFDX', 'KDDC', 'KFDR')","['s3://noaa-nexrad-level2/2025/03/03/KAMA/KAMA20250303_220553_V06', 's3://noaa-nexrad-level2/2025/03/03/KLBB/KLBB20250303_220027_V06', 's3://noaa-nexrad-level2/2025/03/03/KFDX/KFDX20250303_220007_V06', 's3://noaa-nexrad-level2/2025/03/03/KDDC/KDDC20250303_220113_V06', 's3://noaa-nexrad-level2/2025/03/03/KFDR/KFDR20250303_220515_V06']"
53693,F,PC12,FWA UA /OV FWA360010/TM 2207/FL160/TP PC12/TB NEG/IC NEG,NEG,202503032200-KMSC-UBUS01-PIREP,16000.0,41.14473016668017,-85.18713,2025-03-03 22:07:00,0.0,L,"('KIWX', 'KGRR', 'KIND', 'KILN', 'KDTX')","['s3://noaa-nexrad-level2/2025/03/03/KIWX/KIWX20250303_220128_V06', 's3://noaa-nexrad-level2/2025/03/03/KGRR/KGRR20250303_220642_V06', 's3://noaa-nexrad-level2/2025/03/03/KIND/KIND20250303_220034_V06', 's3://noaa-nexrad-level2/2025/03/03/KILN/KILN20250303_220234_V06', 's3://noaa-nexrad-level2/2025/03/03/KDTX/KDTX20250303_220238_V06']"
53694,F,A321,VEL UA /OV MTU100040/TM 2207/FL290/TP A321/TB OCNL LGT CHOP/RM ABOVE THE TOPS VMC ZDVWC-03,OCNL LGT CHOP,202503032200-KMSC-UBUS01-PIREP,29000.0,40.03422517121108,-109.2709904551682,2025-03-03 22:07:00,1.0,M,"('KGJX', 'KRIW', 'KMTX', 'KICX', 'KSFX')","['s3://noaa-nexrad-level2/2025/03/03/KGJX/KGJX20250303_220631_V06', 's3://noaa-nexrad-level2/2025/03/03/KRIW/KRIW20250303_220205_V06', 's3://noaa-nexrad-level2/2025/03/03/KMTX/KMTX20250303_220149_V06', 's3://noaa-nexrad-level2/2025/03/03/KICX/KICX20250303_220538_V06', 's3://noaa-nexrad-level2/2025/03/03/KSFX/KSFX20250303_220331_V06']"
53695,F,B737,BJC UA /OV BJC253020/TM 2208/FL240/TP B737/TB MOD/RM ZDVWC-,MOD,202503032200-KMSC-UBUS01-PIREP,24000.0,39.811344871048505,-105.5327916037547,2025-03-03 22:08:00,3.0,M,"('KFTG', 'KCYS', 'KPUX', 'KGJX', 'KGLD')","['s3://noaa-nexrad-level2/2025/03/03/KFTG/KFTG20250303_220114_V06', 's3://noaa-nexrad-level2/2025/03/03/KCYS/KCYS20250303_220634_V06', 's3://noaa-nexrad-level2/2025/03/03/KPUX/KPUX20250303_220511_V06', 's3://noaa-nexrad-level2/2025/03/03/KGJX/KGJX20250303_220631_V06', 's3://noaa-nexrad-level2/2025/03/03/KGLD/KGLD20250303_220653_V06']"
53696,F,CL60,CVG UA /OV CVG035025/TM 2208/FL380/TP CL60/TB NEG,NEG,202503032200-KMSC-UBUS01-PIREP,38000.0,39.38440099819622,-84.36393481839038,2025-03-03 22:08:00,0.0,M,"('KILN', 'KIND', 'KJKL', 'KLVX', 'KIWX')","['s3://noaa-nexrad-level2/2025/03/03/KILN/KILN20250303_220234_V06', 's3://noaa-nexrad-level2/2025/03/03/KIND/KIND20250303_220034_V06', 's3://noaa-nexrad-level2/2025/03/03/KJKL/KJKL20250303_220759_V06', 's3://noaa-nexrad-level2/2025/03/03/KLVX/KLVX20250303_220215_V06', 's3://noaa-nexrad-level2/2025/03/03/KIWX/KIWX20250303_220128_V06']"
53697,F,A321,ELK UA /OV ELK350020/TM 2208/FL330/TP A321/TB LGT-MOD CHOP/RM ZFW,LGT-MOD CHOP,202503032200-KMSC-UBUS01-PIREP,33000.0,35.75909584083999,-99.46534351729714,2025-03-03 22:08:00,2.0,M,"('KFDR', 'KVNX', 'KDDC', 'KOUN', 'KTLX')","['s3://noaa-nexrad-level2/2025/03/03/KFDR/KFDR20250303_220515_V06', 's3://noaa-nexrad-level2/2025/03/03/KVNX/KVNX20250303_220551_V06', 's3://noaa-nexrad-level2/2025/03/03/KDDC/KDDC20250303_220113_V06', 's3://noaa-nexrad-level2/2025/03/03/KTLX/KTLX20250303_220158_V06']"
53698,F,B737,BJC UA /OV BJC253020/TM 2208/FL240/TP B737/TB MOD/RM ZDVWC,MOD,202503032215-KWBC-UBCO90-PIREP,24000.0,39.811344871048505,-105.5327916037547,2025-03-03 22:08:00,3.0,M,"('KFTG', 'KCYS', 'KPUX', 'KGJX', 'KGLD')","['s3://noaa-nexrad-level2/2025/03/03/KFTG/KFTG20250303_220114_V06', 's3://noaa-nexrad-level2/2025/03/03/KCYS/KCYS20250303_220634_V06', 's3://noaa-nexrad-level2/2025/03/03/KPUX/KPUX20250303_220511_V06', 's3://noaa-nexrad-level2/2025/03/03/KGJX/KGJX20250303_220631_V06', 's3://noaa-nexrad-level2/2025/03/03/KGLD/KGLD20250303_220653_V06']"
53699,T,M20T,ELP UUA /OV DNA340008/TM 2208/FL140/TP M20T/TB SEV CONS TURB/RM ZAB FDCS,SEV CONS TURB,202503032200-KMSC-UBUS01-PIREP,14000.0,32.00574689812857,-106.75695814605383,2025-03-03 22:08:00,5.0,L,"('KEPZ', 'KHDX', 'KABX', 'KEMX', 'KFDX')","['s3://noaa-nexrad-level2/2025/03/03/KEPZ/KEPZ20250303_220652_V06', 's3://noaa-nexrad-level2/2025/03/03/KHDX/KHDX20250303_220112_V06', 's3://noaa-nexrad-level2/2025/03/03/KABX/KABX20250303_220522_V06', 's3://noaa-nexrad-level2/2025/03/03/KEMX/KEMX20250303_220536_V06', 's3://noaa-nexrad-level2/2025/03/03/KFDX/KFDX20250303_220658_V06']"
53700,F,E145,HTS UA /OV ECB090015/TM 2209/FL300/TP E145/TB NEG/RM SMOOTH,NEG,202503032200-KMSC-UBUS01-PIREP,30000.0,38.16,-82.59202476368517,2025-03-03 22:09:00,0.0,M,"('KRLX', 'KJKL', 'KILN', 'KMRX', 'KFCX')","['s3://noaa-nexrad-level2/2025/03/03/KRLX/KRLX20250303_220336_V06', 's3://noaa-nexrad-level2/2025/03/03/KJKL/KJKL20250303_220759_V06', 's3://noaa-nexrad-level2/2025/03/03/KILN/KILN20250303_220234_V06', 's3://noaa-nexrad-level2/2025/03/03/KMRX/KMRX20250303_220551_V06', 's3://noaa-nexrad-level2/2025/03/03/KFCX/KFCX20250303_220137_V06']"
53701,F,A320,LEX UA /OV HYK005020/TM 2209/FL180/TP A320/TB NEG/RM CLR  BLUE AND A MILLION,NEG,202503032200-KMSC-UBUS01-PIREP,18000.0,38.30209179664766,-84.43314467710198,2025-03-03 22:09:00,0.0,M,"('KILN', 'KJKL', 'KLVX', 'KIND', 'KMRX')","['s3://noaa-nexrad-level2/2025/03/03/KILN/KILN20250303_220234_V06', 's3://noaa-nexrad-level2/2025/03/03/KJKL/KJKL20250303_220759_V06', 's3://noaa-nexrad-level2/2025/03/03/KLVX/KLVX20250303_220859_V06', 's3://noaa-nexrad-level2/2025/03/03/KIND/KIND20250303_220034_V06', 's3://noaa-nexrad-level2/2025/03/03/KMRX/KMRX20250303_220551_V06']"
53702,F,B737,SAV UA /OV SAV/TM 2209/FL350/TP B737/TB OCNL LGT CHOP/RM MOSTLY SMOOTH,OCNL LGT CHOP,202503032200-KMSC-UBUS01-PIREP,35000.0,32.13136751,-81.20230227,2025-03-03 22:09:00,1.0,M,"('KCLX', 'KJAX', 'KCAE', 'KVAX', 'KJGX')","['s3://noaa-nexrad-level2/2025/03/03/KCLX/KCLX20250303_220650_V06', 's3://noaa-nexrad-level2/2025/03/03/KJAX/KJAX20250303_153242_V06', 's3://noaa-nexrad-level2/2025/03/03/KCAE/KCAE20250303_220638_V06', 's3://noaa-nexrad-level2/2025/03/03/KVAX/KVAX20250303_220517_V06', 's3://noaa-nexrad-level2/2025/03/03/KJGX/KJGX20250303_220708_V06']"
53703,F,F900,SDF UA /OV IIU350040/TM 2209/FL340/TP F900/TB NEG/IC NEG,NEG,202503032200-KMSC-UBUS01-PIREP,34000.0,38.75659168167999,-85.72712120512868,2025-03-03 22:09:00,0.0,M,"('KLVX', 'KIND', 'KILN', 'KVWX', 'KHPX')","['s3://noaa-nexrad-level2/2025/03/03/KLVX/KLVX20250303_220859_V06', 's3://noaa-nexrad-level2/2025/03/03/KIND/KIND20250303_220034_V06', 's3://noaa-nexrad-level2/2025/03/03/KILN/KILN20250303_220234_V06', 's3://noaa-nexrad-level2/2025/03/03/KVWX/KVWX20250303_220724_V06', 's3://noaa-nexrad-level2/2025/03/03/KHPX/KHPX20250303_220223_V06']"
53704,F,C56X,MML UA /OV MML/TM 2209/FL170/TP C56X/TA UNKN/TB INTMT LGT CHOP/IC NEG,INTMT LGT CHOP,202503032200-KMSC-UBUS01-PIREP,17000.0,44.45,-95.82,2025-03-03 22:09:00,1.0,M,"('KFSD', 'KMPX', 'KABR', 'KOAX', 'KMVX')","['s3://noaa-nexrad-level2/2025/03/03/KFSD/KFSD20250303_220705_V06', 's3://noaa-nexrad-level2/2025/03/03/KMPX/KMPX20250303_220604_V06', 's3://noaa-nexrad-level2/2025/03/03/KABR/KABR20250303_220600_V06', 's3://noaa-nexrad-level2/2025/03/03/KOAX/KOAX20250303_220618_V06', 's3://noaa-nexrad-level2/2025/03/03/KMVX/KMVX20250303_220425_V06']"
53705,F,CRJ2,DEN UA /OV DEN320040/TM 2210/FL210/TP CRJ2/TA M12/TB MOD/IC LT RIME/RM 210-130,MOD,202503032200-KMSC-UBUS01-PIREP,21000.0,40.34353766185394,-105.2155808975145,2025-03-03 22:10:00,3.0,M,"('KFTG', 'KCYS', 'KPUX', 'KGJX', 'KGLD')","['s3://noaa-nexrad-level2/2025/03/03/KFTG/KFTG20250303_220810_V06', 's3://noaa-nexrad-level2/2025/03/03/KCYS/KCYS20250303_220634_V06', 's3://noaa-nexrad-level2/2025/03/03/KPUX/KPUX20250303_220511_V06', 's3://noaa-nexrad-level2/2025/03/03/KGJX/KGJX20250303_220631_V06', 's3://noaa-nexrad-level2/2025/03/03/KGLD/KGLD20250303_220653_V06']"
53706,F,A320,DBN UA /OV DBN320008/TM 2210/FL350/TP A320/TB LGT CHOP/RM ZTLFD-23,LGT CHOP,202503032200-KMSC-UBUS01-PIREP,35000.0,32.66656423237079,-83.08697843543334,2025-03-03 22:10:00,1.0,M,"('KJGX', 'KFFC', 'KVAX', 'KCLX', 'KCAE')","['s3://noaa-nexrad-level2/2025/03/03/KJGX/KJGX20250303_220708_V06', 's3://noaa-nexrad-level2/2025/03/03/KFFC/KFFC20250303_220844_V06', 's3://noaa-nexrad-level2/2025/03/03/KVAX/KVAX20250303_220517_V06', 's3://noaa-nexrad-level2/2025/03/03/KCLX/KCLX20250303_220650_V06', 's3://noaa-nexrad-level2/2025/03/03/KCAE/KCAE20250303_220638_V06']"
53707,F,A320,FOD UA /OV FOD/TM 2212/FL350/TP A320/TB NEG,NEG,202503032200-KMSC-UBUS01-PIREP,35000.0,42.549741,-94.203203,2025-03-03 22:12:00,0.0,M,"('KDMX', 'KMPX', 'KOAX', 'KFSD', 'KARX')","['s3://noaa-nexrad-level2/2025/03/03/KDMX/KDMX20250303_220606_V06', 's3://noaa-nexrad-level2/2025/03/03/KMPX/KMPX20250303_220604_V06', 's3://noaa-nexrad-level2/2025/03/03/KOAX/KOAX20250303_220618_V06', 's3://noaa-nexrad-level2/2025/03/03/KFSD/KFSD20250303_220705_V06', 's3://noaa-nexrad-level2/2025/03/03/KARX/KARX20250303_220414_V06']"
53708,F,B737,MGM UA /OV MGM/TM 2212/FL350/TP B737/TB NEG/RM ZTLFD-08,NEG,202503032200-KMSC-UBUS01-PIREP,35000.0,32.30064,-86.39397,2025-03-03 22:12:00,0.0,M,"('KMXX', 'KBMX', 'KEOX', 'KEVX', 'KFFC')","['s3://noaa-nexrad-level2/2025/03/03/KMXX/KMXX20250303_220542_V06', 's3://noaa-nexrad-level2/2025/03/03/KBMX/KBMX20250303_220838_V06', 's3://noaa-nexrad-level2/2025/03/03/KEOX/KEOX20250303_221024_V06', 's3://noaa-nexrad-level2/2025/03/03/KEVX/KEVX20250303_220823_V06', 's3://noaa-nexrad-level2/2025/03/03/KFFC/KFFC20250303_220844_V06']"
53709,F,B737,BMG UA /OV OOM155025/TM 2213/FL300/TP B737/TB CONS LGT CHOP/IC NEG,CONS LGT CHOP,202503032200-KMSC-UBUS01-PIREP,30000.0,38.762341167482994,-86.38294499628934,2025-03-03 22:13:00,1.0,M,"('KLVX', 'KIND', 'KVWX', 'KHPX', 'KOHX')","['s3://noaa-nexrad-level2/2025/03/03/KLVX/KLVX20250303_220859_V06', 's3://noaa-nexrad-level2/2025/03/03/KIND/KIND20250303_220927_V06', 's3://noaa-nexrad-level2/2025/03/03/KVWX/KVWX20250303_220724_V06', 's3://noaa-nexrad-level2/2025/03/03/KHPX/KHPX20250303_220921_V06', 's3://noaa-nexrad-level2/2025/03/03/KOHX/KOHX20250303_220842_V06']"
53710,F,B752,MTJ UA /OV MTJ237018/TM 2214/FL350/TP B752/TB LGT-MOD CHOP/RM NEG MTW. ZDVWC-25,LGT-MOD CHOP,202503042100-KMSC-UBUS01-PIREP,35000.0,38.34159505475371,-108.21903896729236,2025-03-03 22:14:00,2.0,M,"('KGJX', 'KABX', 'KFTG', 'KPUX', 'KCYS')","['s3://noaa-nexrad-level2/2025/03/03/KGJX/KGJX20250303_221204_V06', 's3://noaa-nexrad-level2/2025/03/03/KABX/KABX20250303_221230_V06', 's3://noaa-nexrad-level2/2025/03/03/KFTG/KFTG20250303_220810_V06', 's3://noaa-nexrad-level2/2025/03/03/KPUX/KPUX20250303_221216_V06', 's3://noaa-nexrad-level2/2025/03/03/KCYS/KCYS20250303_221244_V06']"
53711,F,GL7T,ANC UA /OV TED130010/TM 2215/FL100/TP GL7T/TB MOD CHP/RM DURD WITTI5,MOD CHP,202503032200-KMSC-UBUS01-PIREP,10000.0,61.062860054077504,-149.7252112791624,2025-03-03 22:15:00,3.0,U,"('PAHG', 'PAIH', 'PAIH', 'PAPD', 'PAKC')","['s3://noaa-nexrad-level2/2025/03/03/PAHG/PAHG20250303_221425_V06', 's3://noaa-nexrad-level2/2025/03/03/PAIH/PAIH20250303_221208_V06', 's3://noaa-nexrad-level2/2025/03/03/PAIH/PAIH20250303_221208_V06', 's3://noaa-nexrad-level2/2025/03/03/PAPD/PAPD20250303_221010_V06', 's3://noaa-nexrad-level2/2025/03/03/PAKC/PAKC20250303_221116_V06']"
53712,F,E75L,ONL UA /OV ONL/TM 2215/FL270/TP E75L/TB CONS LGT OCNL MOD CAT,CONS LGT OCNL MOD CAT,202503032200-KMSC-UBUS01-PIREP,27000.0,42.46972,-98.68806,2025-03-03 22:15:00,2.0,U,"('KLNX', 'KUEX', 'KFSD', 'KOAX', 'KABR')","['s3://noaa-nexrad-level2/2025/03/03/KLNX/KLNX20250303_220803_V06', 's3://noaa-nexrad-level2/2025/03/03/KUEX/KUEX20250303_221300_V06', 's3://noaa-nexrad-level2/2025/03/03/KFSD/KFSD20250303_221355_V06', 's3://noaa-nexrad-level2/2025/03/03/KOAX/KOAX20250303_221311_V06', 's3://noaa-nexrad-level2/2025/03/03/KABR/KABR20250303_221253_V06']"
53713,F,E75L,GAG UA /OV MMB275050/TM 2215/FL300/TP E75L/TB CONS LT CHOP OCNL MOD CHOP/RM ZAB FDCS,CONS LT CHOP OCNL MOD CHOP,202503032200-KMSC-UBUS01-PIREP,30000.0,36.41263566864157,-100.91068188124494,2025-03-03 22:15:00,3.0,U,"('KAMA', 'KDDC', 'KVNX', 'KFDR', 'KLBB')","['s3://noaa-nexrad-level2/2025/03/03/KAMA/KAMA20250303_221240_V06', 's3://noaa-nexrad-level2/2025/03/03/KDDC/KDDC20250303_220816_V06', 's3://noaa-nexrad-level2/2025/03/03/KVNX/KVNX20250303_221235_V06', 's3://noaa-nexrad-level2/2025/03/03/KFDR/KFDR20250303_221318_V06', 's3://noaa-nexrad-level2/2025/03/03/KLBB/KLBB20250303_221008_V06']"
53714,F,AT46,MYNN UA /OV ZQA020040/TM 2215/FL110/TP AT46/TB NEG,NEG,202503032200-KMSC-UBUS01-PIREP,11000.0,25.62651249064287,-77.19839463893874,2025-03-03 22:15:00,0.0,U,"('KAMX', 'KAMX', 'KMLB', 'KBYX', 'KTBW')","['s3://noaa-nexrad-level2/2025/03/03/KAMX/KAMX20250303_220832_V06', 's3://noaa-nexrad-level2/2025/03/03/KAMX/KAMX20250303_220832_V06', 's3://noaa-nexrad-level2/2025/03/03/KMLB/KMLB20250303_221456_V06', 's3://noaa-nexrad-level2/2025/03/03/KBYX/KBYX20250303_220827_V06', 's3://noaa-nexrad-level2/2025/03/03/KTBW/KTBW20250303_220706_V06']"
53715,F,E75L,GAG UA /OV   B275050/TM 2215/FL300/TP E75L/TB CONS LT CHOP OCNL MOD CHOP/RM ZAB FDCS,CONS LT CHOP OCNL MOD CHOP,202503032200-KMSC-UBUS01-PIREP,30000.0,36.29554,-99.77642,2025-03-03 22:15:00,3.0,U,"('KDDC', 'KVNX', 'KFDR', 'KAMA', 'KOUN')","['s3://noaa-nexrad-level2/2025/03/03/KDDC/KDDC20250303_220816_V06', 's3://noaa-nexrad-level2/2025/03/03/KVNX/KVNX20250303_221235_V06', 's3://noaa-nexrad-level2/2025/03/03/KFDR/KFDR20250303_221318_V06', 's3://noaa-nexrad-level2/2025/03/03/KAMA/KAMA20250303_221240_V06']"
53716,F,B350,ABQ UA /OV ABQ018050/TM 2216/FL200/TP B350/TB LT MOD CONS CHOP FL200/RM ZAB FDCS,LT MOD CONS CHOP FL200,202503032200-KMSC-UBUS01-PIREP,20000.0,35.83451129329167,-106.30094663778138,2025-03-03 22:16:00,3.0,M,"('KABX', 'KHDX', 'KFDX', 'KPUX', 'KGJX')","['s3://noaa-nexrad-level2/2025/03/03/KABX/KABX20250303_221230_V06', 's3://noaa-nexrad-level2/2025/03/03/KHDX/KHDX20250303_220810_V06', 's3://noaa-nexrad-level2/2025/03/03/KFDX/KFDX20250303_221356_V06', 's3://noaa-nexrad-level2/2025/03/03/KPUX/KPUX20250303_221216_V06', 's3://noaa-nexrad-level2/2025/03/03/KGJX/KGJX20250303_221204_V06']"
53717,F,C295,RTN UA /OV CIM215040/TM 2216/FL350/TP C295/TB MOD MTN WV +15KT  -20FT/RM ZAB FDCS,MOD MTN WV +15KT  -20FT,202503032200-KMSC-UBUS01-PIREP,35000.0,35.943854402886046,-105.34566414742542,2025-03-03 22:16:00,3.0,M,"('KABX', 'KFDX', 'KPUX', 'KHDX', 'KAMA')","['s3://noaa-nexrad-level2/2025/03/03/KABX/KABX20250303_221230_V06', 's3://noaa-nexrad-level2/2025/03/03/KFDX/KFDX20250303_221356_V06', 's3://noaa-nexrad-level2/2025/03/03/KPUX/KPUX20250303_221216_V06', 's3://noaa-nexrad-level2/2025/03/03/KHDX/KHDX20250303_220810_V06', 's3://noaa-nexrad-level2/2025/03/03/KAMA/KAMA20250303_221240_V06']"
53718,F,B350,ABQ UA /OV ABQ018050/TM 2216/FL200/TP B350/TB LT-MOD CONS CHOP FL200/RM ZAB FDCS,LT-MOD CONS CHOP FL200,202503032200-KMSC-UBUS01-PIREP,20000.0,35.83451129329167,-106.30094663778138,2025-03-03 22:16:00,3.0,M,"('KABX', 'KHDX', 'KFDX', 'KPUX', 'KGJX')","['s3://noaa-nexrad-level2/2025/03/03/KABX/KABX20250303_221230_V06', 's3://noaa-nexrad-level2/2025/03/03/KHDX/KHDX20250303_220810_V06', 's3://noaa-nexrad-level2/2025/03/03/KFDX/KFDX20250303_221356_V06', 's3://noaa-nexrad-level2/2025/03/03/KPUX/KPUX20250303_221216_V06', 's3://noaa-nexrad-level2/2025/03/03/KGJX/KGJX20250303_221204_V06']"
53719,F,E295,RTN UA /OV CIM215040/TM 2216/FL350/TP E295/TB MOD MTN WV +15KT  20FT/RM ZAB FDCS,MOD MTN WV +15KT  20FT,202503032200-KMSC-UBUS01-PIREP,35000.0,35.943854402886046,-105.34566414742542,2025-03-03 22:16:00,3.0,U,"('KABX', 'KFDX', 'KPUX', 'KHDX', 'KAMA')","['s3://noaa-nexrad-level2/2025/03/03/KABX/KABX20250303_221230_V06', 's3://noaa-nexrad-level2/2025/03/03/KFDX/KFDX20250303_221356_V06', 's3://noaa-nexrad-level2/2025/03/03/KPUX/KPUX20250303_221216_V06', 's3://noaa-nexrad-level2/2025/03/03/KHDX/KHDX20250303_220810_V06', 's3://noaa-nexrad-level2/2025/03/03/KAMA/KAMA20250303_221240_V06']"
53720,F,B738,IAH UA /OV 20 W HOU/TM 2217/FL060/TP B738/TB MOD TURB 060-072,MOD TURB 060-072,202503032200-KMSC-UBUS01-PIREP,6000.0,29.63747,-95.66598794359248,2025-03-03 22:17:00,3.0,M,"('KHGX', 'KGRK', 'KEWX', 'KLCH', 'KCRP')","['s3://noaa-nexrad-level2/2025/03/03/KHGX/KHGX20250303_221554_V06', 's3://noaa-nexrad-level2/2025/03/03/KGRK/KGRK20250303_221553_V06', 's3://noaa-nexrad-level2/2025/03/03/KEWX/KEWX20250303_221206_V06', 's3://noaa-nexrad-level2/2025/03/03/KLCH/KLCH20250303_221448_V06', 's3://noaa-nexrad-level2/2025/03/03/KCRP/KCRP20250303_221529_V06']"
53721,F,B737,GSH UA /OV GSH180030/TM 2217/FL230/TP B737/TB NEG/IC NEG,NEG,202503032200-KMSC-UBUS01-PIREP,23000.0,41.0271794999595,-85.79222,2025-03-03 22:17:00,0.0,M,"('KIWX', 'KIND', 'KGRR', 'KLOT', 'KILN')","['s3://noaa-nexrad-level2/2025/03/03/KIWX/KIWX20250303_221619_V06', 's3://noaa-nexrad-level2/2025/03/03/KIND/KIND20250303_220927_V06', 's3://noaa-nexrad-level2/2025/03/03/KGRR/KGRR20250303_221309_V06', 's3://noaa-nexrad-level2/2025/03/03/KLOT/KLOT20250303_221537_V06', 's3://noaa-nexrad-level2/2025/03/03/KILN/KILN20250303_221217_V06']"
53722,F,A320,BHM UA /OV BHM/TM 2218/FL140/TP A320/TB NEG/RM ZTLFD-13,NEG,202503032200-KMSC-UBUS01-PIREP,14000.0,33.56546,-86.74488,2025-03-03 22:18:00,0.0,M,"('KBMX', 'KMXX', 'KHTX', 'KGWX', 'KFFC')","['s3://noaa-nexrad-level2/2025/03/03/KBMX/KBMX20250303_221719_V06', 's3://noaa-nexrad-level2/2025/03/03/KMXX/KMXX20250303_221234_V06', 's3://noaa-nexrad-level2/2025/03/03/KHTX/KHTX20250303_221536_V06', 's3://noaa-nexrad-level2/2025/03/03/KGWX/KGWX20250303_221518_V06', 's3://noaa-nexrad-level2/2025/03/03/KFFC/KFFC20250303_221532_V06']"
53723,F,E175,GZH UA /OV MVC/TM 2218/FL330/TP E175/TB NEG/RM ZTLFD-11,NEG,202503032200-KMSC-UBUS01-PIREP,33000.0,31.45,-87.35,2025-03-03 22:18:00,0.0,U,"('KMOB', 'KEVX', 'KBMX', 'KEOX', 'KMXX')","['s3://noaa-nexrad-level2/2025/03/03/KMOB/KMOB20250303_221324_V06', 's3://noaa-nexrad-level2/2025/03/03/KEVX/KEVX20250303_221644_V06', 's3://noaa-nexrad-level2/2025/03/03/KBMX/KBMX20250303_221719_V06', 's3://noaa-nexrad-level2/2025/03/03/KEOX/KEOX20250303_221709_V06', 's3://noaa-nexrad-level2/2025/03/03/KMXX/KMXX20250303_221234_V06']"
53724,F,C510,MGM UA /OV MGM/TM 2218/FL160/TP C510/TB NEG/RM ZTLFD-13,NEG,202503032200-KMSC-UBUS01-PIREP,16000.0,32.30064,-86.39397,2025-03-03 22:18:00,0.0,U,"('KMXX', 'KBMX', 'KEOX', 'KEVX', 'KFFC')","['s3://noaa-nexrad-level2/2025/03/03/KMXX/KMXX20250303_221234_V06', 's3://noaa-nexrad-level2/2025/03/03/KBMX/KBMX20250303_221719_V06', 's3://noaa-nexrad-level2/2025/03/03/KEOX/KEOX20250303_221709_V06', 's3://noaa-nexrad-level2/2025/03/03/KEVX/KEVX20250303_221644_V06', 's3://noaa-nexrad-level2/2025/03/03/KFFC/KFFC20250303_221532_V06']"
53725,F,C310,BHM UA /OV BHM180060/TM 2219/FL120/TP C310/TB NEG/RM ZTLFD-13,NEG,202503032200-KMSC-UBUS01-PIREP,12000.0,32.565378999919,-86.74488,2025-03-03 22:19:00,0.0,L,"('KBMX', 'KMXX', 'KEOX', 'KGWX', 'KEVX')","['s3://noaa-nexrad-level2/2025/03/03/KBMX/KBMX20250303_221719_V06', 's3://noaa-nexrad-level2/2025/03/03/KMXX/KMXX20250303_221234_V06', 's3://noaa-nexrad-level2/2025/03/03/KEOX/KEOX20250303_221709_V06', 's3://noaa-nexrad-level2/2025/03/03/KGWX/KGWX20250303_221518_V06', 's3://noaa-nexrad-level2/2025/03/03/KEVX/KEVX20250303_221644_V06']"
53726,F,B39M,PBI UA /OV PHK250008/TM 2219/FL340/TP B39M/TB CONS LGT,CONS LGT,202503032200-KMSC-UBUS01-PIREP,34000.0,26.734393620402003,-80.83035671752343,2025-03-03 22:19:00,1.0,U,"('KAMX', 'KAMX', 'KMLB', 'KTBW', 'KBYX')","['s3://noaa-nexrad-level2/2025/03/03/KAMX/KAMX20250303_221701_V06', 's3://noaa-nexrad-level2/2025/03/03/KAMX/KAMX20250303_221701_V06', 's3://noaa-nexrad-level2/2025/03/03/KMLB/KMLB20250303_221456_V06', 's3://noaa-nexrad-level2/2025/03/03/KTBW/KTBW20250303_221549_V06', 's3://noaa-nexrad-level2/2025/03/03/KBYX/KBYX20250303_221524_V06']"
53727,F,B350,SNY UA /OV SNY072034/TM 2219/FL330/TP B350/TB OCNL LGT CHOP/RM ZDVWC-16,OCNL LGT CHOP,202503032200-KMSC-UBUS01-PIREP,33000.0,41.27651381404003,-102.26946884540584,2025-03-03 22:19:00,1.0,M,"('KLNX', 'KGLD', 'KCYS', 'KFTG', 'KUDX')","['s3://noaa-nexrad-level2/2025/03/03/KLNX/KLNX20250303_221507_V06', 's3://noaa-nexrad-level2/2025/03/03/KGLD/KGLD20250303_221631_V06', 's3://noaa-nexrad-level2/2025/03/03/KCYS/KCYS20250303_221853_V06', 's3://noaa-nexrad-level2/2025/03/03/KFTG/KFTG20250303_221513_V06', 's3://noaa-nexrad-level2/2025/03/03/KUDX/KUDX20250303_221814_V06']"
53728,F,GA6C,LIC UA /OV HGO045040/TM 2219/FL430/TP GA6C/TB CONS LGT/RM SMOOTH LOWER AT FL400 ZDVWC-,CONS LGT,202503032200-KMSC-UBUS01-PIREP,43000.0,39.2814427045954,-103.02498792702724,2025-03-03 22:19:00,1.0,U,"('KGLD', 'KPUX', 'KFTG', 'KCYS', 'KDDC')","['s3://noaa-nexrad-level2/2025/03/03/KGLD/KGLD20250303_221631_V06', 's3://noaa-nexrad-level2/2025/03/03/KPUX/KPUX20250303_221216_V06', 's3://noaa-nexrad-level2/2025/03/03/KFTG/KFTG20250303_221513_V06', 's3://noaa-nexrad-level2/2025/03/03/KCYS/KCYS20250303_221853_V06', 's3://noaa-nexrad-level2/2025/03/03/KDDC/KDDC20250303_221500_V06']"
53729,F,GA6C,LIC UA /OV HGO045040/TM 2219/FL430/TP GA6C/TB CONS LGT/RM SMOOTH LOWER AT FL400 ZDVWC,CONS LGT,202503032230-KWBC-UBUS31-PRCUS,43000.0,39.2814427045954,-103.02498792702724,2025-03-03 22:19:00,1.0,U,"('KGLD', 'KPUX', 'KFTG', 'KCYS', 'KDDC')","['s3://noaa-nexrad-level2/2025/03/03/KGLD/KGLD20250303_221631_V06', 's3://noaa-nexrad-level2/2025/03/03/KPUX/KPUX20250303_221216_V06', 's3://noaa-nexrad-level2/2025/03/03/KFTG/KFTG20250303_221513_V06', 's3://noaa-nexrad-level2/2025/03/03/KCYS/KCYS20250303_221853_V06', 's3://noaa-nexrad-level2/2025/03/03/KDDC/KDDC20250303_221500_V06']"
53730,F,A21N,RAP UA /OV RAP/TM 2220/FL360/TP A21N/TB NEG/RM ZDVWC-32,NEG,202503032200-KMSC-UBUS01-PIREP,36000.0,44.04533,-103.05736,2025-03-03 22:20:00,0.0,U,"('KUDX', 'KLNX', 'KCYS', 'KBIS', 'KFTG')","['s3://noaa-nexrad-level2/2025/03/03/KUDX/KUDX20250303_221814_V06', 's3://noaa-nexrad-level2/2025/03/03/KLNX/KLNX20250303_221507_V06', 's3://noaa-nexrad-level2/2025/03/03/KCYS/KCYS20250303_221853_V06', 's3://noaa-nexrad-level2/2025/03/03/KBIS/KBIS20250303_221442_V06', 's3://noaa-nexrad-level2/2025/03/03/KFTG/KFTG20250303_221513_V06']"
53731,F,BCS1,BFF UA /OV BFF086054/TM 2220/FL350/TP BCS1/TB NEG/RM ZDVWC-35,NEG,202503032200-KMSC-UBUS01-PIREP,35000.0,41.93681591162173,-102.38980696536323,2025-03-03 22:20:00,0.0,U,"('KLNX', 'KUDX', 'KCYS', 'KGLD', 'KFTG')","['s3://noaa-nexrad-level2/2025/03/03/KLNX/KLNX20250303_221507_V06', 's3://noaa-nexrad-level2/2025/03/03/KUDX/KUDX20250303_221814_V06', 's3://noaa-nexrad-level2/2025/03/03/KCYS/KCYS20250303_221853_V06', 's3://noaa-nexrad-level2/2025/03/03/KGLD/KGLD20250303_221631_V06', 's3://noaa-nexrad-level2/2025/03/03/KFTG/KFTG20250303_221513_V06']"
53732,F,BE36,ULM UA /OV ULM090020/TM 2220/FL070/TP BE36/SK SKC/TA UNKN/TB NEG/IC NEG/RM DURD,NEG,202503032200-KMSC-UBUS01-PIREP,7000.0,44.32,-94.03405430538226,2025-03-03 22:20:00,0.0,L,"('KMPX', 'KDMX', 'KFSD', 'KARX', 'KDLH')","['s3://noaa-nexrad-level2/2025/03/03/KMPX/KMPX20250303_221429_V06', 's3://noaa-nexrad-level2/2025/03/03/KDMX/KDMX20250303_221950_V06', 's3://noaa-nexrad-level2/2025/03/03/KFSD/KFSD20250303_221355_V06', 's3://noaa-nexrad-level2/2025/03/03/KARX/KARX20250303_221359_V06', 's3://noaa-nexrad-level2/2025/03/03/KDLH/KDLH20250303_221438_V06']"
53733,F,E300,VGT UA /OV LAS312012/TM 2220/FL060/TP E300/TB MOD BLO 060/RM DURD. COR ALT. ZLA CWSU,MOD BLO 060,202503032200-KMSC-UBUS01-PIREP,6000.0,36.20573696119843,-115.34729819591614,2025-03-03 22:20:00,3.0,L,"('KESX', 'KEYX', 'KICX', 'KSOX', 'KNKX')","['s3://noaa-nexrad-level2/2025/03/03/KESX/KESX20250303_221641_V06', 's3://noaa-nexrad-level2/2025/03/03/KEYX/KEYX20250303_221541_V06', 's3://noaa-nexrad-level2/2025/03/03/KICX/KICX20250303_221730_V06', 's3://noaa-nexrad-level2/2025/03/03/KSOX/KSOX20250303_221616_V06', 's3://noaa-nexrad-level2/2025/03/03/KNKX/KNKX20250303_202239_V06']"
53734,F,A321,LBF UA /OV LBF/TM 2222/FL340/TP A321/TB NEG/RM ZDVWC-09,NEG,202503032200-KMSC-UBUS01-PIREP,34000.0,41.12191,-100.66896,2025-03-03 22:22:00,0.0,M,"('KLNX', 'KGLD', 'KUEX', 'KDDC', 'KUDX')","['s3://noaa-nexrad-level2/2025/03/03/KLNX/KLNX20250303_221507_V06', 's3://noaa-nexrad-level2/2025/03/03/KGLD/KGLD20250303_221631_V06', 's3://noaa-nexrad-level2/2025/03/03/KUEX/KUEX20250303_221945_V06', 's3://noaa-nexrad-level2/2025/03/03/KDDC/KDDC20250303_222145_V06', 's3://noaa-nexrad-level2/2025/03/03/KUDX/KUDX20250303_221814_V06']"
53735,F,GLEX,ALS UA /OV ALS020007/TM 2223/FL400/TP GLEX/TB NEG/RM SMOOTH ZDVWC-,NEG,202503032200-KMSC-UBUS01-PIREP,40000.0,37.548529685862505,-105.81113121815642,2025-03-03 22:23:00,0.0,M,"('KPUX', 'KFTG', 'KABX', 'KGJX', 'KFDX')","['s3://noaa-nexrad-level2/2025/03/03/KPUX/KPUX20250303_221915_V06', 's3://noaa-nexrad-level2/2025/03/03/KFTG/KFTG20250303_222216_V06', 's3://noaa-nexrad-level2/2025/03/03/KABX/KABX20250303_221938_V06', 's3://noaa-nexrad-level2/2025/03/03/KGJX/KGJX20250303_221737_V06', 's3://noaa-nexrad-level2/2025/03/03/KFDX/KFDX20250303_222102_V06']"
53736,F,E175,DLL UA /OV DLL090030/TM 2223/FL340/TP E175/TB CONS MOD CHOP,CONS MOD CHOP,202503032200-KMSC-UBUS01-PIREP,34000.0,43.522,-89.08139360335232,2025-03-03 22:23:00,3.0,U,"('KMKX', 'KGRB', 'KARX', 'KLOT', 'KDVN')","['s3://noaa-nexrad-level2/2025/03/03/KMKX/KMKX20250303_221843_V06', 's3://noaa-nexrad-level2/2025/03/03/KGRB/KGRB20250303_221805_V06', 's3://noaa-nexrad-level2/2025/03/03/KARX/KARX20250303_221359_V06', 's3://noaa-nexrad-level2/2025/03/03/KLOT/KLOT20250303_222223_V06', 's3://noaa-nexrad-level2/2025/03/03/KDVN/KDVN20250303_222042_V06']"
53737,F,GLEX,ALS UA /OV ALS020007/TM 2223/FL400/TP GLEX/TB NEG/RM SMOOTH ZDVWC,NEG,202503032235-KWBC-UBCO90-PIREP,40000.0,37.548529685862505,-105.81113121815642,2025-03-03 22:23:00,0.0,M,"('KPUX', 'KFTG', 'KABX', 'KGJX', 'KFDX')","['s3://noaa-nexrad-level2/2025/03/03/KPUX/KPUX20250303_221915_V06', 's3://noaa-nexrad-level2/2025/03/03/KFTG/KFTG20250303_222216_V06', 's3://noaa-nexrad-level2/2025/03/03/KABX/KABX20250303_221938_V06', 's3://noaa-nexrad-level2/2025/03/03/KGJX/KGJX20250303_221737_V06', 's3://noaa-nexrad-level2/2025/03/03/KFDX/KFDX20250303_222102_V06']"
53738,F,B737,ABQ UA /OV ABQ085035/TM 2223/FL200/TP B737/TB CONS MOD TURB FL200 BLO/RM DURD ZAB FDCS,CONS MOD TURB FL200 BLO,202503032200-KMSC-UBUS01-PIREP,20000.0,35.0927449680491,-105.90567019067169,2025-03-03 22:23:00,3.0,M,"('KABX', 'KHDX', 'KFDX', 'KEPZ', 'KPUX')","['s3://noaa-nexrad-level2/2025/03/03/KABX/KABX20250303_221938_V06', 's3://noaa-nexrad-level2/2025/03/03/KHDX/KHDX20250303_221618_V06', 's3://noaa-nexrad-level2/2025/03/03/KFDX/KFDX20250303_222102_V06', 's3://noaa-nexrad-level2/2025/03/03/KEPZ/KEPZ20250303_222103_V06', 's3://noaa-nexrad-level2/2025/03/03/KPUX/KPUX20250303_221915_V06']"
53739,F,A20N,PMD UA /OV POM340020/TM 2223/FL370/TP A20N/TB CONS MOD/RM COR SA-ID. ZLA CWSU,CONS MOD,202503032200-KMSC-UBUS01-PIREP,37000.0,34.39325624532143,-117.92765786325012,2025-03-03 22:23:00,3.0,U,"('KSOX', 'KEYX', 'KVTX', 'KNKX', 'KVBX')","['s3://noaa-nexrad-level2/2025/03/03/KSOX/KSOX20250303_222141_V06', 's3://noaa-nexrad-level2/2025/03/03/KEYX/KEYX20250303_222247_V06', 's3://noaa-nexrad-level2/2025/03/03/KVTX/KVTX20250303_221732_V06', 's3://noaa-nexrad-level2/2025/03/03/KNKX/KNKX20250303_202239_V06', 's3://noaa-nexrad-level2/2025/03/03/KVBX/KVBX20250303_222012_V06']"
53740,F,B737,CEZ UA /OV DVC096024/TM 2224/FL370/TP B737/TB OCNL LGT CHOP/RM ZDVWC-38,OCNL LGT CHOP,202503032200-KMSC-UBUS01-PIREP,37000.0,37.768185227967344,-108.42643443607318,2025-03-03 22:24:00,1.0,M,"('KGJX', 'KABX', 'KFSX', 'KFSX', 'KPUX')","['s3://noaa-nexrad-level2/2025/03/03/KGJX/KGJX20250303_221737_V06', 's3://noaa-nexrad-level2/2025/03/03/KABX/KABX20250303_221938_V06', 's3://noaa-nexrad-level2/2025/03/03/KFSX/KFSX20250303_222111_V06', 's3://noaa-nexrad-level2/2025/03/03/KFSX/KFSX20250303_222111_V06', 's3://noaa-nexrad-level2/2025/03/03/KPUX/KPUX20250303_221915_V06']"
53741,F,A320,FMN UA /OV RSK270015/TM 2224/FL350/TP A320/TB NEG/RM ZDVWC-37,NEG,202503032200-KMSC-UBUS01-PIREP,35000.0,36.75,-108.41203626873305,2025-03-03 22:24:00,0.0,M,"('KABX', 'KGJX', 'KFSX', 'KFSX', 'KHDX')","['s3://noaa-nexrad-level2/2025/03/03/KABX/KABX20250303_221938_V06', 's3://noaa-nexrad-level2/2025/03/03/KGJX/KGJX20250303_221737_V06', 's3://noaa-nexrad-level2/2025/03/03/KFSX/KFSX20250303_222111_V06', 's3://noaa-nexrad-level2/2025/03/03/KFSX/KFSX20250303_222111_V06', 's3://noaa-nexrad-level2/2025/03/03/KHDX/KHDX20250303_222316_V06']"
53742,F,B38M,BVU UA /OV BLD035015/TM 2224/FL125/TP B38M/TB INTMT LGT CAT 125-170/RM DURC ON NIITZ DEP THRU THE CLOUD LYR. COR SA-ID AND TURB AND RMK. ZLA CWSU,INTMT LGT CAT 125-170,202503032200-KMSC-UBUS01-PIREP,12500.0,36.20480459891773,-114.68274077674596,2025-03-03 22:24:00,1.0,U,"('KESX', 'KICX', 'KEYX', 'KYUX', 'KSOX')","['s3://noaa-nexrad-level2/2025/03/03/KESX/KESX20250303_222351_V06', 's3://noaa-nexrad-level2/2025/03/03/KICX/KICX20250303_222333_V06', 's3://noaa-nexrad-level2/2025/03/03/KEYX/KEYX20250303_222247_V06', 's3://noaa-nexrad-level2/2025/03/03/KYUX/KYUX20250303_222321_V06', 's3://noaa-nexrad-level2/2025/03/03/KSOX/KSOX20250303_222141_V06']"
53743,F,B739,MTJ UA /OV MTJ/TM 2225/FL380/TP B739/TB OCNL LGT CHOP/RM ZDVWC-65,OCNL LGT CHOP,202503032200-KMSC-UBUS01-PIREP,38000.0,38.505,-107.8975,2025-03-03 22:25:00,1.0,M,"('KGJX', 'KABX', 'KFTG', 'KPUX', 'KCYS')","['s3://noaa-nexrad-level2/2025/03/03/KGJX/KGJX20250303_222420_V06', 's3://noaa-nexrad-level2/2025/03/03/KABX/KABX20250303_221938_V06', 's3://noaa-nexrad-level2/2025/03/03/KFTG/KFTG20250303_222216_V06', 's3://noaa-nexrad-level2/2025/03/03/KPUX/KPUX20250303_221915_V06', 's3://noaa-nexrad-level2/2025/03/03/KCYS/KCYS20250303_221853_V06']"
53744,F,A21N,GUC UA /OV HBU060030/TM 2226/FL340/TP A21N/TB OCNL LGT CHOP/RM ZDVWC-25,OCNL LGT CHOP,202503032200-KMSC-UBUS01-PIREP,34000.0,38.70002025002025,-106.48704441706016,2025-03-03 22:26:00,1.0,U,"('KGJX', 'KFTG', 'KPUX', 'KCYS', 'KABX')","['s3://noaa-nexrad-level2/2025/03/03/KGJX/KGJX20250303_222420_V06', 's3://noaa-nexrad-level2/2025/03/03/KFTG/KFTG20250303_222216_V06', 's3://noaa-nexrad-level2/2025/03/03/KPUX/KPUX20250303_221915_V06', 's3://noaa-nexrad-level2/2025/03/03/KCYS/KCYS20250303_222500_V06', 's3://noaa-nexrad-level2/2025/03/03/KABX/KABX20250303_221938_V06']"
53745,F,B737,PMD UA /OV PMD170010/TM 2226/FL220/TP B737/TB MOD CHOP/RM DURC. COR SA-ID. ZLA CWSU,MOD CHOP,202503032300-KMSC-UBUS01-PIREP,22000.0,34.46524207958001,-118.04937483605424,2025-03-03 22:26:00,3.0,M,"('KSOX', 'KEYX', 'KVTX', 'KNKX', 'KVBX')","['s3://noaa-nexrad-level2/2025/03/03/KSOX/KSOX20250303_222141_V06', 's3://noaa-nexrad-level2/2025/03/03/KEYX/KEYX20250303_222247_V06', 's3://noaa-nexrad-level2/2025/03/03/KVTX/KVTX20250303_222430_V06', 's3://noaa-nexrad-level2/2025/03/03/KNKX/KNKX20250303_202239_V06', 's3://noaa-nexrad-level2/2025/03/03/KVBX/KVBX20250303_222012_V06']"
53746,F,CRJ2,DEN UA /OV 35NW/TM 2227/FL180/TP CRJ2/TB MOD/IC NEG,MOD,202503032200-KMSC-UBUS01-PIREP,18000.0,39.8328,-104.6575,2025-03-03 22:27:00,3.0,M,"('KFTG', 'KCYS', 'KPUX', 'KGLD', 'KGJX')","['s3://noaa-nexrad-level2/2025/03/03/KFTG/KFTG20250303_222216_V06', 's3://noaa-nexrad-level2/2025/03/03/KCYS/KCYS20250303_222500_V06', 's3://noaa-nexrad-level2/2025/03/03/KPUX/KPUX20250303_222601_V06', 's3://noaa-nexrad-level2/2025/03/03/KGLD/KGLD20250303_221631_V06', 's3://noaa-nexrad-level2/2025/03/03/KGJX/KGJX20250303_222420_V06']"
53747,F,B737,PGA UA /OV PGA120045/TM 2227/FL390/TP B737/TB OCNL LGT CHOP/RM ZDVWC-24,OCNL LGT CHOP,202503032200-KMSC-UBUS01-PIREP,39000.0,36.55104962496962,-110.63579745048015,2025-03-03 22:27:00,1.0,M,"('KFSX', 'KFSX', 'KICX', 'KIWA', 'KGJX')","['s3://noaa-nexrad-level2/2025/03/03/KFSX/KFSX20250303_222533_V06', 's3://noaa-nexrad-level2/2025/03/03/KFSX/KFSX20250303_222533_V06', 's3://noaa-nexrad-level2/2025/03/03/KICX/KICX20250303_222333_V06', 's3://noaa-nexrad-level2/2025/03/03/KIWA/KIWA20250303_222047_V06', 's3://noaa-nexrad-level2/2025/03/03/KGJX/KGJX20250303_222420_V06']"
53748,F,CRJ7,PGA UA /OV TBC020034/TM 2227/FL330/TP CRJ7/TB OCNL LGT CHOP/RM ZDVWC-,OCNL LGT CHOP,202503032200-KMSC-UBUS01-PIREP,33000.0,36.65253561704644,-111.03005086337912,2025-03-03 22:27:00,1.0,M,"('KICX', 'KFSX', 'KFSX', 'KIWA', 'KGJX')","['s3://noaa-nexrad-level2/2025/03/03/KICX/KICX20250303_222333_V06', 's3://noaa-nexrad-level2/2025/03/03/KFSX/KFSX20250303_222533_V06', 's3://noaa-nexrad-level2/2025/03/03/KFSX/KFSX20250303_222533_V06', 's3://noaa-nexrad-level2/2025/03/03/KIWA/KIWA20250303_222047_V06', 's3://noaa-nexrad-level2/2025/03/03/KGJX/KGJX20250303_222420_V06']"
53749,F,A320,PUB UA /OV PUB350015/TM 2227/FL210/TP A320/TB OCNL MOD BLO 210/RM DURC ZDVWC-41,OCNL MOD BLO 210,202503032200-KMSC-UBUS01-PIREP,21000.0,38.53622188063,-104.55364458337218,2025-03-03 22:27:00,3.0,M,"('KPUX', 'KFTG', 'KCYS', 'KGLD', 'KGJX')","['s3://noaa-nexrad-level2/2025/03/03/KPUX/KPUX20250303_222601_V06', 's3://noaa-nexrad-level2/2025/03/03/KFTG/KFTG20250303_222216_V06', 's3://noaa-nexrad-level2/2025/03/03/KCYS/KCYS20250303_222500_V06', 's3://noaa-nexrad-level2/2025/03/03/KGLD/KGLD20250303_221631_V06', 's3://noaa-nexrad-level2/2025/03/03/KGJX/KGJX20250303_222420_V06']"
53750,F,CRJ7,PGA UA /OV TBC020034/TM 2227/FL330/TP CRJ7/TB OCNL LGT CHOP/RM ZDVWC,OCNL LGT CHOP,202503032235-KWBC-UBAZ90-PIREP,33000.0,36.65253561704644,-111.03005086337912,2025-03-03 22:27:00,1.0,M,"('KICX', 'KFSX', 'KFSX', 'KIWA', 'KGJX')","['s3://noaa-nexrad-level2/2025/03/03/KICX/KICX20250303_222333_V06', 's3://noaa-nexrad-level2/2025/03/03/KFSX/KFSX20250303_222533_V06', 's3://noaa-nexrad-level2/2025/03/03/KFSX/KFSX20250303_222533_V06', 's3://noaa-nexrad-level2/2025/03/03/KIWA/KIWA20250303_222047_V06', 's3://noaa-nexrad-level2/2025/03/03/KGJX/KGJX20250303_222420_V06']"
53751,F,B77L,ANC UA /OV TED112030/TM 2229/FL200/TP B77L/TB OCNL MOD 200-100 MOD BLO 100/RM DURD WITTI5,OCNL MOD 200-100 MOD BLO 100,202503032200-KMSC-UBUS01-PIREP,20000.0,60.98268153170984,-149.02853687979604,2025-03-03 22:29:00,3.0,U,"('PAHG', 'PAIH', 'PAIH', 'PAPD', 'PAKC')","['s3://noaa-nexrad-level2/2025/03/03/PAHG/PAHG20250303_222518_V06', 's3://noaa-nexrad-level2/2025/03/03/PAIH/PAIH20250303_222806_V06', 's3://noaa-nexrad-level2/2025/03/03/PAIH/PAIH20250303_222806_V06', 's3://noaa-nexrad-level2/2025/03/03/PAPD/PAPD20250303_222417_V06', 's3://noaa-nexrad-level2/2025/03/03/PAKC/PAKC20250303_222504_V06']"
53752,F,E75L,DEN UA /OV DEN230065/TM 2229/FL230/TP E75L/TB LGT-MOD BLO 270/RM ZDVWC-26,LGT-MOD BLO 270,202503032200-KMSC-UBUS01-PIREP,23000.0,39.13639035150376,-105.73827923617804,2025-03-03 22:29:00,2.0,U,"('KFTG', 'KPUX', 'KCYS', 'KGJX', 'KGLD')","['s3://noaa-nexrad-level2/2025/03/03/KFTG/KFTG20250303_222216_V06', 's3://noaa-nexrad-level2/2025/03/03/KPUX/KPUX20250303_222601_V06', 's3://noaa-nexrad-level2/2025/03/03/KCYS/KCYS20250303_222500_V06', 's3://noaa-nexrad-level2/2025/03/03/KGJX/KGJX20250303_222420_V06', 's3://noaa-nexrad-level2/2025/03/03/KGLD/KGLD20250303_222800_V06']"
53753,F,BE40,PBI UA /OV PBI038057/TM 2229/FL300/TP BE40/TB OCNL LGT CHOP,OCNL LGT CHOP,202503032200-KMSC-UBUS01-PIREP,30000.0,27.433370853414512,-79.44474813017591,2025-03-03 22:29:00,1.0,M,"('KMLB', 'KAMX', 'KAMX', 'KTBW', 'KBYX')","['s3://noaa-nexrad-level2/2025/03/03/KMLB/KMLB20250303_222848_V06', 's3://noaa-nexrad-level2/2025/03/03/KAMX/KAMX20250303_222528_V06', 's3://noaa-nexrad-level2/2025/03/03/KAMX/KAMX20250303_222528_V06', 's3://noaa-nexrad-level2/2025/03/03/KTBW/KTBW20250303_222649_V06', 's3://noaa-nexrad-level2/2025/03/03/KBYX/KBYX20250303_222227_V06']"
53754,F,A320,HSI UA /OV HSI/TM 2230/FL340/TP A320/TB OCNL LGT CHOP,OCNL LGT CHOP,202503032200-KMSC-UBUS01-PIREP,34000.0,40.60525,-98.42789,2025-03-03 22:30:00,1.0,M,"('KUEX', 'KOAX', 'KLNX', 'KTWX', 'KICT')","['s3://noaa-nexrad-level2/2025/03/03/KUEX/KUEX20250303_222631_V06', 's3://noaa-nexrad-level2/2025/03/03/KOAX/KOAX20250303_222708_V06', 's3://noaa-nexrad-level2/2025/03/03/KLNX/KLNX20250303_222742_V06', 's3://noaa-nexrad-level2/2025/03/03/KTWX/KTWX20250303_222810_V06', 's3://noaa-nexrad-level2/2025/03/03/KICT/KICT20250303_222505_V06']"
53755,F,E145,CHA UA /OV GQO355020/TM 2230/FL270/TP E145/TB MOD/RM ZTLFD-37,MOD,202503032200-KMSC-UBUS01-PIREP,27000.0,35.29209179664766,-85.18545139009284,2025-03-03 22:30:00,3.0,M,"('KHTX', 'KOHX', 'KMRX', 'KFFC', 'KHPX')","['s3://noaa-nexrad-level2/2025/03/03/KHTX/KHTX20250303_222930_V06', 's3://noaa-nexrad-level2/2025/03/03/KOHX/KOHX20250303_222528_V06', 's3://noaa-nexrad-level2/2025/03/03/KMRX/KMRX20250303_222636_V06', 's3://noaa-nexrad-level2/2025/03/03/KFFC/KFFC20250303_222929_V06', 's3://noaa-nexrad-level2/2025/03/03/KHPX/KHPX20250303_222308_V06']"
53756,F,CL30,PHX UA /OV PXR030015/TM 2230/FL115/TP CL30/TA M14/TB MOD/IC LGT RIME,MOD,202503032200-KMSC-UBUS01-PIREP,11500.0,33.64652388797807,-111.82020825675768,2025-03-03 22:30:00,3.0,U,"('KIWA', 'KFSX', 'KFSX', 'KEMX', 'KYUX')","['s3://noaa-nexrad-level2/2025/03/03/KIWA/KIWA20250303_222926_V06', 's3://noaa-nexrad-level2/2025/03/03/KFSX/KFSX20250303_222954_V06', 's3://noaa-nexrad-level2/2025/03/03/KFSX/KFSX20250303_222954_V06', 's3://noaa-nexrad-level2/2025/03/03/KEMX/KEMX20250303_222852_V06', 's3://noaa-nexrad-level2/2025/03/03/KYUX/KYUX20250303_222321_V06']"
53757,F,B38M,LIC UA /OV HGO/TM 2231/FL260/TP B38M/TB CONS MOD/RM DURD BLO FL260 ZDVWC-27,CONS MOD,202503032200-KMSC-UBUS01-PIREP,26000.0,38.81,-103.63,2025-03-03 22:31:00,3.0,U,"('KPUX', 'KFTG', 'KGLD', 'KCYS', 'KDDC')","['s3://noaa-nexrad-level2/2025/03/03/KPUX/KPUX20250303_222601_V06', 's3://noaa-nexrad-level2/2025/03/03/KFTG/KFTG20250303_222919_V06', 's3://noaa-nexrad-level2/2025/03/03/KGLD/KGLD20250303_222800_V06', 's3://noaa-nexrad-level2/2025/03/03/KCYS/KCYS20250303_222500_V06', 's3://noaa-nexrad-level2/2025/03/03/KDDC/KDDC20250303_222829_V06']"
53758,F,DH8D,TAL UA /OV TAL230050/TM 2232/FL250/TP DH8D/TB LGT CHOP/RM ZAN,LGT CHOP,202503032200-KMSC-UBUS01-PIREP,25000.0,64.63430027038751,-153.62031559374503,2025-03-03 22:32:00,1.0,M,"('PAHG', 'PAPD', 'PAKC', 'PAIH', 'PAIH')","['s3://noaa-nexrad-level2/2025/03/03/PAHG/PAHG20250303_223023_V06', 's3://noaa-nexrad-level2/2025/03/03/PAPD/PAPD20250303_223120_V06', 's3://noaa-nexrad-level2/2025/03/03/PAKC/PAKC20250303_222940_V06', 's3://noaa-nexrad-level2/2025/03/03/PAIH/PAIH20250303_222806_V06', 's3://noaa-nexrad-level2/2025/03/03/PAIH/PAIH20250303_222806_V06']"
53759,F,E55,MLB UA /OV MLB042139/TM 2232/FL360/TP E55/TB NEG,NEG,202503032300-KMSC-UBUS01-PIREP,36000.0,29.824508296955248,-78.88778278602356,2025-03-03 22:32:00,0.0,U,"('KMLB', 'KJAX', 'KCLX', 'KTBW', 'KLTX')","['s3://noaa-nexrad-level2/2025/03/03/KMLB/KMLB20250303_222848_V06', 's3://noaa-nexrad-level2/2025/03/03/KJAX/KJAX20250303_153242_V06', 's3://noaa-nexrad-level2/2025/03/03/KCLX/KCLX20250303_223157_V06', 's3://noaa-nexrad-level2/2025/03/03/KTBW/KTBW20250303_222649_V06', 's3://noaa-nexrad-level2/2025/03/03/KLTX/KLTX20250303_222549_V06']"
53760,F,C700,MIA UA /OV ZFP170070/TM 2233/FL200/TP C700/TB OCNL LGT CHOP,OCNL LGT CHOP,202503032200-KMSC-UBUS01-PIREP,20000.0,25.350964557060035,-78.55360803308756,2025-03-03 22:33:00,1.0,U,"('KAMX', 'KAMX', 'KBYX', 'KMLB', 'KTBW')","['s3://noaa-nexrad-level2/2025/03/03/KAMX/KAMX20250303_222528_V06', 's3://noaa-nexrad-level2/2025/03/03/KAMX/KAMX20250303_222528_V06', 's3://noaa-nexrad-level2/2025/03/03/KBYX/KBYX20250303_222930_V06', 's3://noaa-nexrad-level2/2025/03/03/KMLB/KMLB20250303_222848_V06', 's3://noaa-nexrad-level2/2025/03/03/KTBW/KTBW20250303_223225_V06']"
53761,F,SR22,BUR UA /OV KEMT/TM 2233/FL055/TP SR22/TB MOD TRUB,MOD TRUB,202503032300-KMSC-UBUS01-PIREP,5500.0,34.086,-118.035,2025-03-03 22:33:00,3.0,L,"('KSOX', 'KEYX', 'KVTX', 'KNKX', 'KVBX')","['s3://noaa-nexrad-level2/2025/03/03/KSOX/KSOX20250303_223231_V06', 's3://noaa-nexrad-level2/2025/03/03/KEYX/KEYX20250303_222954_V06', 's3://noaa-nexrad-level2/2025/03/03/KVTX/KVTX20250303_223127_V06', 's3://noaa-nexrad-level2/2025/03/03/KNKX/KNKX20250303_202239_V06', 's3://noaa-nexrad-level2/2025/03/03/KVBX/KVBX20250303_222713_V06']"
53762,F,CRJ7,ASE UA /OV DBL120015/TM 2234/FL170/TP CRJ7/TB LGT CHOP/IC NEG/RM ZDVWC-26,LGT CHOP,202503032200-KMSC-UBUS01-PIREP,17000.0,39.31498987498987,-106.6196340556545,2025-03-03 22:34:00,1.0,M,"('KGJX', 'KFTG', 'KCYS', 'KPUX', 'KABX')","['s3://noaa-nexrad-level2/2025/03/03/KGJX/KGJX20250303_222952_V06', 's3://noaa-nexrad-level2/2025/03/03/KFTG/KFTG20250303_222919_V06', 's3://noaa-nexrad-level2/2025/03/03/KCYS/KCYS20250303_223108_V06', 's3://noaa-nexrad-level2/2025/03/03/KPUX/KPUX20250303_223246_V06', 's3://noaa-nexrad-level2/2025/03/03/KABX/KABX20250303_223354_V06']"
53763,F,E75L,EKO UA /OV LWL122027/TM 2234/FL340/TP E75L/TB MOD /ZLC,MOD,202503032200-KMSC-UBUS01-PIREP,34000.0,40.87151701551856,-114.41345910159556,2025-03-03 22:34:00,3.0,U,"('KMTX', 'KLRX', 'KSFX', 'KCBX', 'KICX')","['s3://noaa-nexrad-level2/2025/03/03/KMTX/KMTX20250303_223021_V06', 's3://noaa-nexrad-level2/2025/03/03/KLRX/KLRX20250303_223158_V06', 's3://noaa-nexrad-level2/2025/03/03/KSFX/KSFX20250303_223114_V06', 's3://noaa-nexrad-level2/2025/03/03/KCBX/KCBX20250303_223053_V06', 's3://noaa-nexrad-level2/2025/03/03/KICX/KICX20250303_222951_V06']"
53764,F,CRJ7,EUF UA /OV EUF/TM 2234/FL150/TP CRJ7/TB NEG/RM ZTLFD-09,NEG,202503032200-KMSC-UBUS01-PIREP,15000.0,31.9513,-85.1289,2025-03-03 22:34:00,0.0,M,"('KEOX', 'KMXX', 'KFFC', 'KEVX', 'KTLH')","['s3://noaa-nexrad-level2/2025/03/03/KEOX/KEOX20250303_223043_V06', 's3://noaa-nexrad-level2/2025/03/03/KMXX/KMXX20250303_223343_V06', 's3://noaa-nexrad-level2/2025/03/03/KFFC/KFFC20250303_222929_V06', 's3://noaa-nexrad-level2/2025/03/03/KEVX/KEVX20250303_223324_V06', 's3://noaa-nexrad-level2/2025/03/03/KTLH/KTLH20250303_223355_V06']"
53765,F,A20N,HOT UA /OV HOT270035/TM 2234/FL370/TP A20N/TB CONS LGT OCNL MOD/RM ZME,CONS LGT OCNL MOD,202503032200-KMSC-UBUS01-PIREP,37000.0,34.47803,-93.80391128853115,2025-03-03 22:34:00,2.0,U,"('KSRX', 'KLZK', 'KSHV', 'KINX', 'KSGF')","['s3://noaa-nexrad-level2/2025/03/03/KSRX/KSRX20250303_223032_V06', 's3://noaa-nexrad-level2/2025/03/03/KLZK/KLZK20250303_222918_V06', 's3://noaa-nexrad-level2/2025/03/03/KSHV/KSHV20250303_222612_V06', 's3://noaa-nexrad-level2/2025/03/03/KINX/KINX20250303_222718_V06', 's3://noaa-nexrad-level2/2025/03/03/KSGF/KSGF20250303_222748_V06']"
53766,F,C68A,MIA UA /OV ZBV005015/TM 2234/FL380/TP C68A/TB NEG/RM DURC,NEG,202503032200-KMSC-UBUS01-PIREP,38000.0,25.919068847485747,-79.27582313899471,2025-03-03 22:34:00,0.0,U,"('KAMX', 'KAMX', 'KMLB', 'KBYX', 'KTBW')","['s3://noaa-nexrad-level2/2025/03/03/KAMX/KAMX20250303_223357_V06', 's3://noaa-nexrad-level2/2025/03/03/KAMX/KAMX20250303_223357_V06', 's3://noaa-nexrad-level2/2025/03/03/KMLB/KMLB20250303_223325_V06', 's3://noaa-nexrad-level2/2025/03/03/KBYX/KBYX20250303_222930_V06', 's3://noaa-nexrad-level2/2025/03/03/KTBW/KTBW20250303_223225_V06']"
53767,F,B752,OMN UA /OV OMN360016/TM 2234/FL340/TP B752/TB OCNL LGT CHOP 340,OCNL LGT CHOP 340,202503032200-KMSC-UBUS01-PIREP,34000.0,29.567248266688267,-81.11361,2025-03-03 22:34:00,1.0,M,"('KJAX', 'KMLB', 'KTBW', 'KVAX', 'KCLX')","['s3://noaa-nexrad-level2/2025/03/03/KJAX/KJAX20250303_153242_V06', 's3://noaa-nexrad-level2/2025/03/03/KMLB/KMLB20250303_223325_V06', 's3://noaa-nexrad-level2/2025/03/03/KTBW/KTBW20250303_223225_V06', 's3://noaa-nexrad-level2/2025/03/03/KVAX/KVAX20250303_223240_V06', 's3://noaa-nexrad-level2/2025/03/03/KCLX/KCLX20250303_223157_V06']"
53768,F,B738,BIE UA /OV PWE090020/TM 2235/FL350/TP B738/TB OCNL LGT CHOP,OCNL LGT CHOP,202503032200-KMSC-UBUS01-PIREP,35000.0,40.2,-95.7735479619392,2025-03-03 22:35:00,1.0,M,"('KOAX', 'KTWX', 'KEAX', 'KDMX', 'KUEX')","['s3://noaa-nexrad-level2/2025/03/03/KOAX/KOAX20250303_223357_V06', 's3://noaa-nexrad-level2/2025/03/03/KTWX/KTWX20250303_222810_V06', 's3://noaa-nexrad-level2/2025/03/03/KEAX/KEAX20250303_223408_V06', 's3://noaa-nexrad-level2/2025/03/03/KDMX/KDMX20250303_223332_V06', 's3://noaa-nexrad-level2/2025/03/03/KUEX/KUEX20250303_223325_V06']"
53769,F,B739,IOW UA /OV IOW/TM 2236/FL340/TP B739/TB CONS LGT CHOP,CONS LGT CHOP,202503032200-KMSC-UBUS01-PIREP,34000.0,41.63939,-91.544535,2025-03-03 22:36:00,1.0,M,"('KDVN', 'KDMX', 'KARX', 'KILX', 'KLSX')","['s3://noaa-nexrad-level2/2025/03/03/KDVN/KDVN20250303_223025_V06', 's3://noaa-nexrad-level2/2025/03/03/KDMX/KDMX20250303_223332_V06', 's3://noaa-nexrad-level2/2025/03/03/KARX/KARX20250303_223347_V06', 's3://noaa-nexrad-level2/2025/03/03/KILX/KILX20250303_223225_V06', 's3://noaa-nexrad-level2/2025/03/03/KLSX/KLSX20250303_223210_V06']"
53770,F,B38M,CKV UA /OV CKV/TM 2236/FL360/TP B38M/TB LGT-MOD CHOP/RM ZME,LGT-MOD CHOP,202503032200-KMSC-UBUS01-PIREP,36000.0,36.62188,-87.41495,2025-03-03 22:36:00,2.0,U,"('KHPX', 'KOHX', 'KPAH', 'KVWX', 'KLVX')","['s3://noaa-nexrad-level2/2025/03/03/KHPX/KHPX20250303_223001_V06', 's3://noaa-nexrad-level2/2025/03/03/KOHX/KOHX20250303_223400_V06', 's3://noaa-nexrad-level2/2025/03/03/KPAH/KPAH20250303_223157_V06', 's3://noaa-nexrad-level2/2025/03/03/KVWX/KVWX20250303_223445_V06', 's3://noaa-nexrad-level2/2025/03/03/KLVX/KLVX20250303_223558_V06']"
53771,F,A319,SGJ UA /OV SGJ/TM 2236/FL310/TP A319/TB MOD,MOD,202503032200-KMSC-UBUS01-PIREP,31000.0,29.95925,-81.33972,2025-03-03 22:36:00,3.0,M,"('KJAX', 'KVAX', 'KMLB', 'KTBW', 'KCLX')","['s3://noaa-nexrad-level2/2025/03/03/KJAX/KJAX20250303_153242_V06', 's3://noaa-nexrad-level2/2025/03/03/KVAX/KVAX20250303_223240_V06', 's3://noaa-nexrad-level2/2025/03/03/KMLB/KMLB20250303_223325_V06', 's3://noaa-nexrad-level2/2025/03/03/KTBW/KTBW20250303_223225_V06', 's3://noaa-nexrad-level2/2025/03/03/KCLX/KCLX20250303_223157_V06']"
53772,F,B738,LOZ UA /OV AZQ005022/TM 2236/FL400/TP B738/TB OCNL LGT CHOP 400,OCNL LGT CHOP 400,202503032200-KMSC-UBUS01-PIREP,40000.0,37.75530097631243,-83.219774871063,2025-03-03 22:36:00,1.0,M,"('KJKL', 'KRLX', 'KMRX', 'KILN', 'KLVX')","['s3://noaa-nexrad-level2/2025/03/03/KJKL/KJKL20250303_223509_V06', 's3://noaa-nexrad-level2/2025/03/03/KRLX/KRLX20250303_223030_V06', 's3://noaa-nexrad-level2/2025/03/03/KMRX/KMRX20250303_223325_V06', 's3://noaa-nexrad-level2/2025/03/03/KILN/KILN20250303_223143_V06', 's3://noaa-nexrad-level2/2025/03/03/KLVX/KLVX20250303_223558_V06']"
53773,F,A321,INW UA /OV INW200050/TM 2236/FL260/TP A321/TB MOD CHOP/RM DURC 240B260 ZAB FDCS,MOD CHOP,202503032200-KMSC-UBUS01-PIREP,26000.0,34.238779386696415,-111.07059269856856,2025-03-03 22:36:00,3.0,M,"('KFSX', 'KFSX', 'KIWA', 'KEMX', 'KICX')","['s3://noaa-nexrad-level2/2025/03/03/KFSX/KFSX20250303_223416_V06', 's3://noaa-nexrad-level2/2025/03/03/KFSX/KFSX20250303_223416_V06', 's3://noaa-nexrad-level2/2025/03/03/KIWA/KIWA20250303_222926_V06', 's3://noaa-nexrad-level2/2025/03/03/KEMX/KEMX20250303_223332_V06', 's3://noaa-nexrad-level2/2025/03/03/KICX/KICX20250303_222951_V06']"
53774,F,CRJ9,MFI UA /OV VIQ/TM 2238/FL320/TP CRJ9/TB NEG,NEG,202503032200-KMSC-UBUS01-PIREP,32000.0,44.55,-90.51,2025-03-03 22:38:00,0.0,U,"('KARX', 'KGRB', 'KMKX', 'KDLH', 'KDVN')","['s3://noaa-nexrad-level2/2025/03/03/KARX/KARX20250303_223347_V06', 's3://noaa-nexrad-level2/2025/03/03/KGRB/KGRB20250303_223625_V06', 's3://noaa-nexrad-level2/2025/03/03/KMKX/KMKX20250303_223609_V06', 's3://noaa-nexrad-level2/2025/03/03/KDLH/KDLH20250303_223629_V06', 's3://noaa-nexrad-level2/2025/03/03/KDVN/KDVN20250303_223025_V06']"
53775,F,C172,IKK UA /OV IKK090010 /TM 2238 /FL030 /TP C172 /SK SKC /WX FV10SM /TA 10 /WV 30020KT /TB NEG /IC NEG /RM SMTH,NEG,202503032200-KMSC-UBUS01-PIREP,3000.0,41.07139,-87.62518697089565,2025-03-03 22:38:00,0.0,L,"('KLOT', 'KIND', 'KILX', 'KIWX', 'KMKX')","['s3://noaa-nexrad-level2/2025/03/03/KLOT/KLOT20250303_223555_V06', 's3://noaa-nexrad-level2/2025/03/03/KIND/KIND20250303_223607_V06', 's3://noaa-nexrad-level2/2025/03/03/KILX/KILX20250303_223225_V06', 's3://noaa-nexrad-level2/2025/03/03/KIWX/KIWX20250303_223640_V06', 's3://noaa-nexrad-level2/2025/03/03/KMKX/KMKX20250303_223609_V06']"
53776,F,E75L,DEN UA /OV DEN320070/TM 2239/FL270/TP E75L/TB LGT CHOP/RM ZDVWC-13,LGT CHOP,202503032200-KMSC-UBUS01-PIREP,27000.0,40.7265909082444,-105.63414157065036,2025-03-03 22:39:00,1.0,U,"('KCYS', 'KFTG', 'KPUX', 'KGJX', 'KRIW')","['s3://noaa-nexrad-level2/2025/03/03/KCYS/KCYS20250303_223659_V06', 's3://noaa-nexrad-level2/2025/03/03/KFTG/KFTG20250303_223622_V06', 's3://noaa-nexrad-level2/2025/03/03/KPUX/KPUX20250303_223717_V06', 's3://noaa-nexrad-level2/2025/03/03/KGJX/KGJX20250303_223524_V06', 's3://noaa-nexrad-level2/2025/03/03/KRIW/KRIW20250303_223651_V06']"
53777,F,GL5T,MCN UA /OV MCN060030/TM 2239/FL410/TP GL5T/TB OCNL LGT CHOP/RM ZTLFD-23,OCNL LGT CHOP,202503032200-KMSC-UBUS01-PIREP,41000.0,32.94287025002025,-83.13464370088221,2025-03-03 22:39:00,1.0,U,"('KJGX', 'KFFC', 'KVAX', 'KCLX', 'KGSP')","['s3://noaa-nexrad-level2/2025/03/03/KJGX/KJGX20250303_223359_V06', 's3://noaa-nexrad-level2/2025/03/03/KFFC/KFFC20250303_223632_V06', 's3://noaa-nexrad-level2/2025/03/03/KVAX/KVAX20250303_223240_V06', 's3://noaa-nexrad-level2/2025/03/03/KCLX/KCLX20250303_223157_V06', 's3://noaa-nexrad-level2/2025/03/03/KGSP/KGSP20250303_223545_V06']"
53778,F,B737,JVL UA /OV JVL/TM 2240/FL310/TP B737/TB CONS LGT-MOD CHOP,CONS LGT-MOD CHOP,202503032200-KMSC-UBUS01-PIREP,31000.0,42.62025,-89.04156,2025-03-03 22:40:00,2.0,M,"('KMKX', 'KLOT', 'KDVN', 'KGRB', 'KARX')","['s3://noaa-nexrad-level2/2025/03/03/KMKX/KMKX20250303_223609_V06', 's3://noaa-nexrad-level2/2025/03/03/KLOT/KLOT20250303_223555_V06', 's3://noaa-nexrad-level2/2025/03/03/KDVN/KDVN20250303_223025_V06', 's3://noaa-nexrad-level2/2025/03/03/KGRB/KGRB20250303_223625_V06', 's3://noaa-nexrad-level2/2025/03/03/KARX/KARX20250303_223818_V06']"
53779,F,GLF4,ABY UA /OV PZD044038/TM 2240/FL430/TP GLF4/TB NEG/IC NEG/RM ZTLFD-27,NEG,202503032200-KMSC-UBUS01-PIREP,43000.0,32.11561877571647,-83.77308571616729,2025-03-03 22:40:00,0.0,M,"('KJGX', 'KVAX', 'KFFC', 'KTLH', 'KEOX')","['s3://noaa-nexrad-level2/2025/03/03/KJGX/KJGX20250303_223359_V06', 's3://noaa-nexrad-level2/2025/03/03/KVAX/KVAX20250303_223945_V06', 's3://noaa-nexrad-level2/2025/03/03/KFFC/KFFC20250303_223632_V06', 's3://noaa-nexrad-level2/2025/03/03/KTLH/KTLH20250303_223355_V06', 's3://noaa-nexrad-level2/2025/03/03/KEOX/KEOX20250303_223736_V06']"
53780,F,PC12,DBN UA /OV DBN110015/TM 2240/FL220/TP PC12/TB NEG/IC NEG/RM ZTLFD-19,NEG,202503032200-KMSC-UBUS01-PIREP,22000.0,32.47890473825376,-82.70650958245685,2025-03-03 22:40:00,0.0,L,"('KJGX', 'KVAX', 'KCLX', 'KFFC', 'KCAE')","['s3://noaa-nexrad-level2/2025/03/03/KJGX/KJGX20250303_223359_V06', 's3://noaa-nexrad-level2/2025/03/03/KVAX/KVAX20250303_223945_V06', 's3://noaa-nexrad-level2/2025/03/03/KCLX/KCLX20250303_223157_V06', 's3://noaa-nexrad-level2/2025/03/03/KFFC/KFFC20250303_223632_V06', 's3://noaa-nexrad-level2/2025/03/03/KCAE/KCAE20250303_223325_V06']"
53781,F,A321,GSO UA /OV GSO/TM 2240/FL400/TP A321/TB NEG/RM ZTLFD-28,NEG,202503032200-KMSC-UBUS01-PIREP,40000.0,36.0975,-79.94361,2025-03-03 22:40:00,0.0,M,"('KFCX', 'KRAX', 'KCAE', 'KGSP', 'KLTX')","['s3://noaa-nexrad-level2/2025/03/03/KFCX/KFCX20250303_223600_V06', 's3://noaa-nexrad-level2/2025/03/03/KRAX/KRAX20250303_223941_V06', 's3://noaa-nexrad-level2/2025/03/03/KCAE/KCAE20250303_223325_V06', 's3://noaa-nexrad-level2/2025/03/03/KGSP/KGSP20250303_223545_V06', 's3://noaa-nexrad-level2/2025/03/03/KLTX/KLTX20250303_223908_V06']"
53782,F,C56X,SPA UA /OV SPA/TM 2240/FL230/TP C56X/TB NEG/RM ZTLFD-31,NEG,202503032200-KMSC-UBUS01-PIREP,23000.0,34.9157222,-81.9565,2025-03-03 22:40:00,0.0,M,"('KGSP', 'KCAE', 'KMRX', 'KCLX', 'KJGX')","['s3://noaa-nexrad-level2/2025/03/03/KGSP/KGSP20250303_223545_V06', 's3://noaa-nexrad-level2/2025/03/03/KCAE/KCAE20250303_223325_V06', 's3://noaa-nexrad-level2/2025/03/03/KMRX/KMRX20250303_223325_V06', 's3://noaa-nexrad-level2/2025/03/03/KCLX/KCLX20250303_223157_V06', 's3://noaa-nexrad-level2/2025/03/03/KJGX/KJGX20250303_223359_V06']"
53783,F,B738,GDP UA /OV SSO259047/TM 2240/FL210/TP B738/TB MOD CONS FL210/RM DURC ZAB FDCS,MOD CONS FL210,202503032200-KMSC-UBUS01-PIREP,21000.0,32.120520846778845,-110.16948058108724,2025-03-03 22:40:00,3.0,M,"('KEMX', 'KIWA', 'KFSX', 'KFSX', 'KEPZ')","['s3://noaa-nexrad-level2/2025/03/03/KEMX/KEMX20250303_223810_V06', 's3://noaa-nexrad-level2/2025/03/03/KIWA/KIWA20250303_223812_V06', 's3://noaa-nexrad-level2/2025/03/03/KFSX/KFSX20250303_223904_V06', 's3://noaa-nexrad-level2/2025/03/03/KFSX/KFSX20250303_223904_V06', 's3://noaa-nexrad-level2/2025/03/03/KEPZ/KEPZ20250303_223512_V06']"
53784,F,B739,HDN UA /OV CHE034039/TM 2241/FL270/TP B739/TB CONS LGT-OCNL MOD/RM ZDVWC-77,CONS LGT-OCNL MOD,202503032200-KMSC-UBUS01-PIREP,27000.0,41.05891807103262,-106.83181693521996,2025-03-03 22:41:00,2.0,M,"('KCYS', 'KGJX', 'KRIW', 'KFTG', 'KPUX')","['s3://noaa-nexrad-level2/2025/03/03/KCYS/KCYS20250303_223659_V06', 's3://noaa-nexrad-level2/2025/03/03/KGJX/KGJX20250303_224055_V06', 's3://noaa-nexrad-level2/2025/03/03/KRIW/KRIW20250303_223651_V06', 's3://noaa-nexrad-level2/2025/03/03/KFTG/KFTG20250303_223622_V06', 's3://noaa-nexrad-level2/2025/03/03/KPUX/KPUX20250303_223717_V06']"
53785,F,A321,MSN UA /OV MSN147050/TM 2241/FL350/TP A321/TB CONS LGT CHOP,CONS LGT CHOP,202503032200-KMSC-UBUS01-PIREP,35000.0,42.44161124972553,-88.72322153502975,2025-03-03 22:41:00,1.0,M,"('KMKX', 'KLOT', 'KDVN', 'KGRB', 'KILX')","['s3://noaa-nexrad-level2/2025/03/03/KMKX/KMKX20250303_224031_V06', 's3://noaa-nexrad-level2/2025/03/03/KLOT/KLOT20250303_223555_V06', 's3://noaa-nexrad-level2/2025/03/03/KDVN/KDVN20250303_224006_V06', 's3://noaa-nexrad-level2/2025/03/03/KGRB/KGRB20250303_223625_V06', 's3://noaa-nexrad-level2/2025/03/03/KILX/KILX20250303_224035_V06']"
53786,F,E545,ASW UA /OV OLK/TM 2241/FL380/TP E545/SK SKC/TA M47/TB NEG/IC NEG,NEG,202503032200-KMSC-UBUS01-PIREP,38000.0,41.25,-85.5,2025-03-03 22:41:00,0.0,U,"('KIWX', 'KGRR', 'KIND', 'KILN', 'KDTX')","['s3://noaa-nexrad-level2/2025/03/03/KIWX/KIWX20250303_223640_V06', 's3://noaa-nexrad-level2/2025/03/03/KGRR/KGRR20250303_224040_V06', 's3://noaa-nexrad-level2/2025/03/03/KIND/KIND20250303_223607_V06', 's3://noaa-nexrad-level2/2025/03/03/KILN/KILN20250303_223143_V06', 's3://noaa-nexrad-level2/2025/03/03/KDTX/KDTX20250303_223644_V06']"
53787,F,FA50,CLT UA /OV CLT/TM 2241/FL330/TP FA50/TB NEG/RM ZTLFD-33,NEG,202503032200-KMSC-UBUS01-PIREP,33000.0,35.22255,-80.95431,2025-03-03 22:41:00,0.0,M,"('KCAE', 'KGSP', 'KFCX', 'KRAX', 'KCLX')","['s3://noaa-nexrad-level2/2025/03/03/KCAE/KCAE20250303_223325_V06', 's3://noaa-nexrad-level2/2025/03/03/KGSP/KGSP20250303_223545_V06', 's3://noaa-nexrad-level2/2025/03/03/KFCX/KFCX20250303_223600_V06', 's3://noaa-nexrad-level2/2025/03/03/KRAX/KRAX20250303_223941_V06', 's3://noaa-nexrad-level2/2025/03/03/KCLX/KCLX20250303_224024_V06']"
53788,F,TBM9,LAF UA /OV BVT135030/TM 2242/FL260/TP TBM9/SK SKC/TB NEG,NEG,202503032200-KMSC-UBUS01-PIREP,26000.0,40.20641797155345,-86.60459235938346,2025-03-03 22:42:00,0.0,U,"('KIND', 'KIWX', 'KLOT', 'KVWX', 'KLVX')","['s3://noaa-nexrad-level2/2025/03/03/KIND/KIND20250303_223607_V06', 's3://noaa-nexrad-level2/2025/03/03/KIWX/KIWX20250303_223640_V06', 's3://noaa-nexrad-level2/2025/03/03/KLOT/KLOT20250303_223555_V06', 's3://noaa-nexrad-level2/2025/03/03/KVWX/KVWX20250303_224138_V06', 's3://noaa-nexrad-level2/2025/03/03/KLVX/KLVX20250303_223558_V06']"
53789,F,E75,GSO UA /OV GSO/TM 2242/FL210/TP E75/TB NEG/RM ZTLFD-29,NEG,202503032200-KMSC-UBUS01-PIREP,21000.0,36.0975,-79.94361,2025-03-03 22:42:00,0.0,U,"('KFCX', 'KRAX', 'KCAE', 'KGSP', 'KLTX')","['s3://noaa-nexrad-level2/2025/03/03/KFCX/KFCX20250303_223600_V06', 's3://noaa-nexrad-level2/2025/03/03/KRAX/KRAX20250303_223941_V06', 's3://noaa-nexrad-level2/2025/03/03/KCAE/KCAE20250303_223325_V06', 's3://noaa-nexrad-level2/2025/03/03/KGSP/KGSP20250303_223545_V06', 's3://noaa-nexrad-level2/2025/03/03/KLTX/KLTX20250303_223908_V06']"
53790,F,A321,TLH UA /OV TLH150070/TM 2243/FL320/TP A321/TB CONS LGT INTMT MOD,CONS LGT INTMT MOD,202503032200-KMSC-UBUS01-PIREP,32000.0,29.383095189435657,-83.67502216843671,2025-03-03 22:43:00,2.0,M,"('KTLH', 'KVAX', 'KTBW', 'KJAX', 'KEVX')","['s3://noaa-nexrad-level2/2025/03/03/KTLH/KTLH20250303_224035_V06', 's3://noaa-nexrad-level2/2025/03/03/KVAX/KVAX20250303_223945_V06', 's3://noaa-nexrad-level2/2025/03/03/KTBW/KTBW20250303_223803_V06', 's3://noaa-nexrad-level2/2025/03/03/KJAX/KJAX20250303_153242_V06', 's3://noaa-nexrad-level2/2025/03/03/KEVX/KEVX20250303_224144_V06']"
53791,F,CRJ7,GRD UA /OV GRD/TM 2243/FL210/TP CRJ7/TB NEG/RM ZTLFD-32,NEG,202503032200-KMSC-UBUS01-PIREP,21000.0,34.25,-82.16,2025-03-03 22:43:00,0.0,M,"('KGSP', 'KCAE', 'KCLX', 'KJGX', 'KMRX')","['s3://noaa-nexrad-level2/2025/03/03/KGSP/KGSP20250303_223545_V06', 's3://noaa-nexrad-level2/2025/03/03/KCAE/KCAE20250303_224220_V06', 's3://noaa-nexrad-level2/2025/03/03/KCLX/KCLX20250303_224024_V06', 's3://noaa-nexrad-level2/2025/03/03/KJGX/KJGX20250303_224041_V06', 's3://noaa-nexrad-level2/2025/03/03/KMRX/KMRX20250303_224022_V06']"
53792,F,CRJ2,ASE UA /OV DBL096055/TM 2244/FL230/TP CRJ2/TB LGT CHOP OCNL MOD/IC NEG/RM ZDVWC-26,LGT CHOP OCNL MOD,202503032200-KMSC-UBUS01-PIREP,23000.0,39.34417448075849,-105.71946081464576,2025-03-03 22:44:00,2.0,M,"('KFTG', 'KPUX', 'KCYS', 'KGJX', 'KGLD')","['s3://noaa-nexrad-level2/2025/03/03/KFTG/KFTG20250303_224315_V06', 's3://noaa-nexrad-level2/2025/03/03/KPUX/KPUX20250303_224143_V06', 's3://noaa-nexrad-level2/2025/03/03/KCYS/KCYS20250303_224246_V06', 's3://noaa-nexrad-level2/2025/03/03/KGJX/KGJX20250303_224055_V06', 's3://noaa-nexrad-level2/2025/03/03/KGLD/KGLD20250303_223738_V06']"
53793,F,CL35,SAF UA /OV SAF171009/TM 2244/FL150/TP CL35/TB MOD CONS CHOP 150/RM ZAB FDCS,MOD CONS CHOP 150,202503032200-KMSC-UBUS01-PIREP,15000.0,35.468944748485384,-106.06055261870432,2025-03-03 22:44:00,3.0,U,"('KABX', 'KHDX', 'KFDX', 'KPUX', 'KEPZ')","['s3://noaa-nexrad-level2/2025/03/03/KABX/KABX20250303_224102_V06', 's3://noaa-nexrad-level2/2025/03/03/KHDX/KHDX20250303_223711_V06', 's3://noaa-nexrad-level2/2025/03/03/KFDX/KFDX20250303_224212_V06', 's3://noaa-nexrad-level2/2025/03/03/KPUX/KPUX20250303_224143_V06', 's3://noaa-nexrad-level2/2025/03/03/KEPZ/KEPZ20250303_224217_V06']"
53794,F,A321,SGJ UA /OV SGJ/TM 2244/FL310/TP A321/TB MOD,MOD,202503032200-KMSC-UBUS01-PIREP,31000.0,29.95925,-81.33972,2025-03-03 22:44:00,3.0,M,"('KJAX', 'KVAX', 'KMLB', 'KTBW', 'KCLX')","['s3://noaa-nexrad-level2/2025/03/03/KJAX/KJAX20250303_153242_V06', 's3://noaa-nexrad-level2/2025/03/03/KVAX/KVAX20250303_223945_V06', 's3://noaa-nexrad-level2/2025/03/03/KMLB/KMLB20250303_224239_V06', 's3://noaa-nexrad-level2/2025/03/03/KTBW/KTBW20250303_224340_V06', 's3://noaa-nexrad-level2/2025/03/03/KCLX/KCLX20250303_224024_V06']"
53795,F,GL5T,AMA UA /OV PNH060045/TM 2244/FL430/TP GL5T/TB OCNL LT MOD CHOP/RM ZAB FDCS,OCNL LT MOD CHOP,202503032200-KMSC-UBUS01-PIREP,43000.0,35.61503037503038,-100.90467975644036,2025-03-03 22:44:00,3.0,U,"('KAMA', 'KLBB', 'KFDR', 'KDDC', 'KFDX')","['s3://noaa-nexrad-level2/2025/03/03/KAMA/KAMA20250303_223942_V06', 's3://noaa-nexrad-level2/2025/03/03/KLBB/KLBB20250303_223914_V06', 's3://noaa-nexrad-level2/2025/03/03/KFDR/KFDR20250303_224045_V06', 's3://noaa-nexrad-level2/2025/03/03/KDDC/KDDC20250303_224200_V06', 's3://noaa-nexrad-level2/2025/03/03/KFDX/KFDX20250303_224212_V06']"
53796,F,A321,SGJ UA /OV SGJ/TM 2244/FL310/TP A321/TB MOD FL310-320/RM DURD CORRECTION,MOD FL310-320,202503032200-KMSC-UBUS01-PIREP,31000.0,29.95925,-81.33972,2025-03-03 22:44:00,3.0,M,"('KJAX', 'KVAX', 'KMLB', 'KTBW', 'KCLX')","['s3://noaa-nexrad-level2/2025/03/03/KJAX/KJAX20250303_153242_V06', 's3://noaa-nexrad-level2/2025/03/03/KVAX/KVAX20250303_223945_V06', 's3://noaa-nexrad-level2/2025/03/03/KMLB/KMLB20250303_224239_V06', 's3://noaa-nexrad-level2/2025/03/03/KTBW/KTBW20250303_224340_V06', 's3://noaa-nexrad-level2/2025/03/03/KCLX/KCLX20250303_224024_V06']"
53797,F,A321,SPA UA /OV SPA/TM 2246/FL370/TP A321/TB NEG/RM ZTLFD-28,NEG,202503032200-KMSC-UBUS01-PIREP,37000.0,34.9157222,-81.9565,2025-03-03 22:46:00,0.0,M,"('KGSP', 'KCAE', 'KMRX', 'KCLX', 'KJGX')","['s3://noaa-nexrad-level2/2025/03/03/KGSP/KGSP20250303_224422_V06', 's3://noaa-nexrad-level2/2025/03/03/KCAE/KCAE20250303_224220_V06', 's3://noaa-nexrad-level2/2025/03/03/KMRX/KMRX20250303_224022_V06', 's3://noaa-nexrad-level2/2025/03/03/KCLX/KCLX20250303_224024_V06', 's3://noaa-nexrad-level2/2025/03/03/KJGX/KJGX20250303_224041_V06']"
53798,F,BE9L,SAF UA /OV SAF/TM 2247/FL080/TP BE9L/TB MOD/RM DURC RY 20,MOD,202503032200-KMSC-UBUS01-PIREP,8000.0,35.61711,-106.08942,2025-03-03 22:47:00,3.0,L,"('KABX', 'KHDX', 'KFDX', 'KPUX', 'KEPZ')","['s3://noaa-nexrad-level2/2025/03/03/KABX/KABX20250303_224102_V06', 's3://noaa-nexrad-level2/2025/03/03/KHDX/KHDX20250303_224409_V06', 's3://noaa-nexrad-level2/2025/03/03/KFDX/KFDX20250303_224212_V06', 's3://noaa-nexrad-level2/2025/03/03/KPUX/KPUX20250303_224607_V06', 's3://noaa-nexrad-level2/2025/03/03/KEPZ/KEPZ20250303_224217_V06']"
53799,F,E170,DNV UA /OV DNV/TM 2248/FL210/TP E170/TB NEG,NEG,202503032200-KMSC-UBUS01-PIREP,21000.0,40.1997,-87.59552,2025-03-03 22:48:00,0.0,U,"('KIND', 'KLOT', 'KILX', 'KVWX', 'KIWX')","['s3://noaa-nexrad-level2/2025/03/03/KIND/KIND20250303_224459_V06', 's3://noaa-nexrad-level2/2025/03/03/KLOT/KLOT20250303_224241_V06', 's3://noaa-nexrad-level2/2025/03/03/KILX/KILX20250303_224739_V06', 's3://noaa-nexrad-level2/2025/03/03/KVWX/KVWX20250303_224138_V06', 's3://noaa-nexrad-level2/2025/03/03/KIWX/KIWX20250303_224321_V06']"
53800,F,CL35,LBL UA /OV LBL270065/TM 2248/FL430/TP CL35/TB MOD CAT/RM ZKC FDC,MOD CAT,202503032300-KMSC-UBUS01-PIREP,43000.0,37.04422,-102.31724000250652,2025-03-03 22:48:00,3.0,U,"('KAMA', 'KPUX', 'KGLD', 'KDDC', 'KFDX')","['s3://noaa-nexrad-level2/2025/03/03/KAMA/KAMA20250303_224629_V06', 's3://noaa-nexrad-level2/2025/03/03/KPUX/KPUX20250303_224607_V06', 's3://noaa-nexrad-level2/2025/03/03/KGLD/KGLD20250303_224715_V06', 's3://noaa-nexrad-level2/2025/03/03/KDDC/KDDC20250303_224200_V06', 's3://noaa-nexrad-level2/2025/03/03/KFDX/KFDX20250303_224212_V06']"
53801,T,P180,VNY UUA /OV VNY355010/TM 2248/FL120/TP P180/WV 320 @ 50/TB SEV TURB,SEV TURB,202503032300-KMSC-UBUS01-PIREP,12000.0,34.37576589832383,-118.506736376765,2025-03-03 22:48:00,5.0,L,"('KVTX', 'KSOX', 'KEYX', 'KVBX', 'KNKX')","['s3://noaa-nexrad-level2/2025/03/03/KVTX/KVTX20250303_224524_V06', 's3://noaa-nexrad-level2/2025/03/03/KSOX/KSOX20250303_224322_V06', 's3://noaa-nexrad-level2/2025/03/03/KEYX/KEYX20250303_224407_V06', 's3://noaa-nexrad-level2/2025/03/03/KVBX/KVBX20250303_224122_V06', 's3://noaa-nexrad-level2/2025/03/03/KNKX/KNKX20250303_202239_V06']"
53802,T,P180,WHP UUA /OV VNY355010/TM 2248/FL120/TP P180/WV 32050KT/TB SEV/RM COR SA-ID AND WIND. ZLA CWSU,SEV,202503032300-KMSC-UBUS01-PIREP,12000.0,34.37576589832383,-118.506736376765,2025-03-03 22:48:00,5.0,L,"('KVTX', 'KSOX', 'KEYX', 'KVBX', 'KNKX')","['s3://noaa-nexrad-level2/2025/03/03/KVTX/KVTX20250303_224524_V06', 's3://noaa-nexrad-level2/2025/03/03/KSOX/KSOX20250303_224322_V06', 's3://noaa-nexrad-level2/2025/03/03/KEYX/KEYX20250303_224407_V06', 's3://noaa-nexrad-level2/2025/03/03/KVBX/KVBX20250303_224122_V06', 's3://noaa-nexrad-level2/2025/03/03/KNKX/KNKX20250303_202239_V06']"
53803,F,CRJ9,DLL UA /OV DLL040020/TM 2249/FL300/TP CRJ9/TB CONS LGT CHOP,CONS LGT CHOP,202503032200-KMSC-UBUS01-PIREP,30000.0,43.777368830926974,-89.47548636844952,2025-03-03 22:49:00,1.0,U,"('KMKX', 'KGRB', 'KARX', 'KDVN', 'KLOT')","['s3://noaa-nexrad-level2/2025/03/03/KMKX/KMKX20250303_224453_V06', 's3://noaa-nexrad-level2/2025/03/03/KGRB/KGRB20250303_224820_V06', 's3://noaa-nexrad-level2/2025/03/03/KARX/KARX20250303_224716_V06', 's3://noaa-nexrad-level2/2025/03/03/KDVN/KDVN20250303_224006_V06', 's3://noaa-nexrad-level2/2025/03/03/KLOT/KLOT20250303_224241_V06']"
53804,F,B737,UES UA /OV BAE180030/TM 2250/FL300/TP B737/TB CONS LGT CHOP,CONS LGT CHOP,202503032200-KMSC-UBUS01-PIREP,30000.0,42.6199594999595,-88.28,2025-03-03 22:50:00,1.0,M,"('KMKX', 'KLOT', 'KGRB', 'KDVN', 'KILX')","['s3://noaa-nexrad-level2/2025/03/03/KMKX/KMKX20250303_224915_V06', 's3://noaa-nexrad-level2/2025/03/03/KLOT/KLOT20250303_224927_V06', 's3://noaa-nexrad-level2/2025/03/03/KGRB/KGRB20250303_224820_V06', 's3://noaa-nexrad-level2/2025/03/03/KDVN/KDVN20250303_224946_V06', 's3://noaa-nexrad-level2/2025/03/03/KILX/KILX20250303_224739_V06']"
53805,F,P212,ANC UA /OV TED226015/TM 2250/FL030/TP P212/TB LT-MOD,LT-MOD,202503032200-KMSC-UBUS01-PIREP,3000.0,60.99632134053918,-150.36296739234294,2025-03-03 22:50:00,3.0,U,"('PAHG', 'PAIH', 'PAIH', 'PAPD', 'PAKC')","['s3://noaa-nexrad-level2/2025/03/03/PAHG/PAHG20250303_224453_V06', 's3://noaa-nexrad-level2/2025/03/03/PAIH/PAIH20250303_224824_V06', 's3://noaa-nexrad-level2/2025/03/03/PAIH/PAIH20250303_224824_V06', 's3://noaa-nexrad-level2/2025/03/03/PAPD/PAPD20250303_224637_V06', 's3://noaa-nexrad-level2/2025/03/03/PAKC/PAKC20250303_224813_V06']"
53806,F,B712,DLL UA /OV DLL090040/TM 2252/FL320/TP B712/TB OCNL LGT CHOP,OCNL LGT CHOP,202503032200-KMSC-UBUS01-PIREP,32000.0,43.522,-88.85152480446978,2025-03-03 22:52:00,1.0,M,"('KMKX', 'KGRB', 'KLOT', 'KARX', 'KDVN')","['s3://noaa-nexrad-level2/2025/03/03/KMKX/KMKX20250303_224915_V06', 's3://noaa-nexrad-level2/2025/03/03/KGRB/KGRB20250303_224820_V06', 's3://noaa-nexrad-level2/2025/03/03/KLOT/KLOT20250303_224927_V06', 's3://noaa-nexrad-level2/2025/03/03/KARX/KARX20250303_225146_V06', 's3://noaa-nexrad-level2/2025/03/03/KDVN/KDVN20250303_224946_V06']"
53807,F,BE33,PNS UA /OV PNS300030/TM 2252/FL095/TP BE33/TB MOD,MOD,202503032200-KMSC-UBUS01-PIREP,9500.0,30.72808025002025,-87.68941852702055,2025-03-03 22:52:00,3.0,L,"('KMOB', 'KEVX', 'KLIX', 'KEOX', 'KBMX')","['s3://noaa-nexrad-level2/2025/03/03/KMOB/KMOB20250303_224723_V06', 's3://noaa-nexrad-level2/2025/03/03/KEVX/KEVX20250303_225004_V06', 's3://noaa-nexrad-level2/2025/03/03/KEOX/KEOX20250303_225134_V06', 's3://noaa-nexrad-level2/2025/03/03/KBMX/KBMX20250303_225147_V06']"
53808,T,P180,CMA UUA /OV FIM310013/TM 2253/FL120/TP P180/TB SEV/RM ZLA CWSU,SEV,202503032300-KMSC-UBUS01-PIREP,12000.0,34.499281929699244,-119.081075939538,2025-03-03 22:53:00,5.0,L,"('KVTX', 'KVBX', 'KSOX', 'KEYX', 'KHNX')","['s3://noaa-nexrad-level2/2025/03/03/KVTX/KVTX20250303_225226_V06', 's3://noaa-nexrad-level2/2025/03/03/KVBX/KVBX20250303_224823_V06', 's3://noaa-nexrad-level2/2025/03/03/KSOX/KSOX20250303_224847_V06', 's3://noaa-nexrad-level2/2025/03/03/KEYX/KEYX20250303_225115_V06', 's3://noaa-nexrad-level2/2025/03/03/KHNX/KHNX20250303_224927_V06']"
53809,F,A321,FOD UA /OV FOD180025/TM 2254/FL340/TP A321/TB OCNL LGT CHOP,OCNL LGT CHOP,202503032300-KMSC-UBUS01-PIREP,34000.0,42.13304058329958,-94.203203,2025-03-03 22:54:00,1.0,M,"('KDMX', 'KOAX', 'KMPX', 'KFSD', 'KEAX')","['s3://noaa-nexrad-level2/2025/03/03/KDMX/KDMX20250303_224712_V06', 's3://noaa-nexrad-level2/2025/03/03/KOAX/KOAX20250303_225225_V06', 's3://noaa-nexrad-level2/2025/03/03/KMPX/KMPX20250303_224808_V06', 's3://noaa-nexrad-level2/2025/03/03/KFSD/KFSD20250303_224807_V06', 's3://noaa-nexrad-level2/2025/03/03/KEAX/KEAX20250303_224735_V06']"
53810,F,A21N,HTS UA /OV HNN020015/TM 2254/FL340/TP A21N/TB NEG,NEG,202503032300-KMSC-UBUS01-PIREP,34000.0,38.98494218399108,-81.92035304125154,2025-03-03 22:54:00,0.0,U,"('KRLX', 'KILN', 'KJKL', 'KPBZ', 'KCLE')","['s3://noaa-nexrad-level2/2025/03/03/KRLX/KRLX20250303_225044_V06', 's3://noaa-nexrad-level2/2025/03/03/KILN/KILN20250303_225109_V06', 's3://noaa-nexrad-level2/2025/03/03/KJKL/KJKL20250303_224844_V06', 's3://noaa-nexrad-level2/2025/03/03/KPBZ/KPBZ20250303_225115_V06', 's3://noaa-nexrad-level2/2025/03/03/KCLE/KCLE20250303_225113_V06']"
53811,F,A21N,SJT UA /OV SJT275031/TM 2255/FL330/TP A21N/TB LGT CAT 330/RM ZFW,LGT CAT 330,202503032300-KMSC-UBUS01-PIREP,33000.0,31.39670411455777,-101.09774979830132,2025-03-03 22:55:00,1.0,U,"('KSJT', 'KMAF', 'KDYX', 'KDFX', 'KLBB')","['s3://noaa-nexrad-level2/2025/03/03/KSJT/KSJT20250303_225354_V06', 's3://noaa-nexrad-level2/2025/03/03/KMAF/KMAF20250303_225356_V06', 's3://noaa-nexrad-level2/2025/03/03/KDYX/KDYX20250303_225446_V06', 's3://noaa-nexrad-level2/2025/03/03/KDFX/KDFX20250303_225139_V06', 's3://noaa-nexrad-level2/2025/03/03/KLBB/KLBB20250303_224856_V06']"
53812,F,SR22,PKB UA /OV UNI/TM 2256/FL060/TP SR22/TB NEG/IC NEG,NEG,202503032300-KMSC-UBUS01-PIREP,6000.0,39.2118914,-82.2292537,2025-03-03 22:56:00,0.0,L,"('KRLX', 'KILN', 'KJKL', 'KCLE', 'KPBZ')","['s3://noaa-nexrad-level2/2025/03/03/KRLX/KRLX20250303_225044_V06', 's3://noaa-nexrad-level2/2025/03/03/KILN/KILN20250303_225109_V06', 's3://noaa-nexrad-level2/2025/03/03/KJKL/KJKL20250303_225544_V06', 's3://noaa-nexrad-level2/2025/03/03/KCLE/KCLE20250303_225113_V06', 's3://noaa-nexrad-level2/2025/03/03/KPBZ/KPBZ20250303_225115_V06']"
53813,F,B739,PEQ UA /OV PEQW/TM 2256/FL340/TP B739/TB CONS LGT CHOP/LGT-OCNL MOD CAT/RM S - ZAB/FDCS,CONS LGT CHOP,202503032300-KMSC-UBUS01-PIREP,34000.0,31.38,-103.51,2025-03-03 22:56:00,1.0,M,"('KMAF', 'KLBB', 'KSJT', 'KHDX', 'KEPZ')","['s3://noaa-nexrad-level2/2025/03/03/KMAF/KMAF20250303_225356_V06', 's3://noaa-nexrad-level2/2025/03/03/KLBB/KLBB20250303_224856_V06', 's3://noaa-nexrad-level2/2025/03/03/KSJT/KSJT20250303_225354_V06', 's3://noaa-nexrad-level2/2025/03/03/KHDX/KHDX20250303_225107_V06', 's3://noaa-nexrad-level2/2025/03/03/KEPZ/KEPZ20250303_225032_V06']"
53814,F,ALL,DEN UA /OV 40NW/TM 2257/FL170/TP ALL/TB MOD,MOD,202503032300-KMSC-UBUS01-PIREP,17000.0,39.8328,-104.6575,2025-03-03 22:57:00,3.0,L,"('KFTG', 'KCYS', 'KPUX', 'KGLD', 'KGJX')","['s3://noaa-nexrad-level2/2025/03/03/KFTG/KFTG20250303_225513_V06', 's3://noaa-nexrad-level2/2025/03/03/KCYS/KCYS20250303_225459_V06', 's3://noaa-nexrad-level2/2025/03/03/KPUX/KPUX20250303_225457_V06', 's3://noaa-nexrad-level2/2025/03/03/KGLD/KGLD20250303_225653_V06', 's3://noaa-nexrad-level2/2025/03/03/KGJX/KGJX20250303_225159_V06']"
53815,F,B737,ABQ UA /OV ABQ110020/TM 2257/FL203/TP B737/TB CONS MOD CAT/RM DURC EB FROM ABQ - ZAB/FDCS,CONS MOD CAT,202503032300-KMSC-UBUS01-PIREP,20300.0,34.927884051005,-106.2328887149241,2025-03-03 22:57:00,3.0,M,"('KABX', 'KHDX', 'KFDX', 'KEPZ', 'KPUX')","['s3://noaa-nexrad-level2/2025/03/03/KABX/KABX20250303_225517_V06', 's3://noaa-nexrad-level2/2025/03/03/KHDX/KHDX20250303_225107_V06', 's3://noaa-nexrad-level2/2025/03/03/KFDX/KFDX20250303_225615_V06', 's3://noaa-nexrad-level2/2025/03/03/KEPZ/KEPZ20250303_225032_V06', 's3://noaa-nexrad-level2/2025/03/03/KPUX/KPUX20250303_225457_V06']"
53816,F,A319,GCC UA /OV CZI/TM 2258/FL350/TP A319/TB LGT/RM LGT MTW +/-15KT. ZDVWC-,LGT,202503032300-KMSC-UBUS01-PIREP,35000.0,44.0,-106.44,2025-03-03 22:58:00,1.0,M,"('KRIW', 'KBLX', 'KCYS', 'KUDX', 'KGGW')","['s3://noaa-nexrad-level2/2025/03/03/KRIW/KRIW20250303_225415_V06', 's3://noaa-nexrad-level2/2025/03/03/KBLX/KBLX20250303_225422_V06', 's3://noaa-nexrad-level2/2025/03/03/KCYS/KCYS20250303_225459_V06', 's3://noaa-nexrad-level2/2025/03/03/KUDX/KUDX20250303_225258_V06', 's3://noaa-nexrad-level2/2025/03/03/KGGW/KGGW20250303_225522_V06']"
53817,F,A319,GCC UA /OV CZI/TM 2258/FL350/TP A319/TB LGT/RM LGT MTW +/-15KT. ZDVWC,LGT,202503032305-KWBC-UBUS31-PRCUS,35000.0,44.0,-106.44,2025-03-03 22:58:00,1.0,M,"('KRIW', 'KBLX', 'KCYS', 'KUDX', 'KGGW')","['s3://noaa-nexrad-level2/2025/03/03/KRIW/KRIW20250303_225415_V06', 's3://noaa-nexrad-level2/2025/03/03/KBLX/KBLX20250303_225422_V06', 's3://noaa-nexrad-level2/2025/03/03/KCYS/KCYS20250303_225459_V06', 's3://noaa-nexrad-level2/2025/03/03/KUDX/KUDX20250303_225258_V06', 's3://noaa-nexrad-level2/2025/03/03/KGGW/KGGW20250303_225522_V06']"
53818,F,C208,TOG UA /OV TOG275005/TM 2259/FL050/TP C208/SK BTW LAYERS AT 050/TB NEG/RM /ZAN/,NEG,202503032300-KMSC-UBUS01-PIREP,5000.0,59.05726356686415,-160.5514322111525,2025-03-03 22:59:00,0.0,L,"('PABC', 'PAKC', 'PAEC', 'PAHG', 'PAIH')","['s3://noaa-nexrad-level2/2025/03/03/PAKC/PAKC20250303_225516_V06', 's3://noaa-nexrad-level2/2025/03/03/PAEC/PAEC20250303_225824_V06', 's3://noaa-nexrad-level2/2025/03/03/PAHG/PAHG20250303_225501_V06', 's3://noaa-nexrad-level2/2025/03/03/PAIH/PAIH20250303_225807_V06']"
53819,F,C550,FOD UA /OV FOD330015/TM 2301/FL360/TP C550/TB NEG,NEG,202503032300-KMSC-UBUS01-PIREP,36000.0,42.76626488797807,-94.37289450089747,2025-03-03 23:01:00,0.0,L,"('KDMX', 'KMPX', 'KOAX', 'KFSD', 'KARX')","['s3://noaa-nexrad-level2/2025/03/03/KDMX/KDMX20250303_230056_V06', 's3://noaa-nexrad-level2/2025/03/03/KMPX/KMPX20250303_225632_V06', 's3://noaa-nexrad-level2/2025/03/03/KOAX/KOAX20250303_225711_V06', 's3://noaa-nexrad-level2/2025/03/03/KFSD/KFSD20250303_225456_V06', 's3://noaa-nexrad-level2/2025/03/03/KARX/KARX20250303_230045_V06']"
53820,F,E75L,FSD UA /OV FSD255080/TM 2302/FL330/TP E75L/TB LGT,LGT,202503032300-KMSC-UBUS01-PIREP,33000.0,43.23181998737848,-98.53151954080222,2025-03-03 23:02:00,1.0,U,"('KFSD', 'KABR', 'KLNX', 'KOAX', 'KUEX')","['s3://noaa-nexrad-level2/2025/03/03/KFSD/KFSD20250303_230146_V06', 's3://noaa-nexrad-level2/2025/03/03/KABR/KABR20250303_230018_V06', 's3://noaa-nexrad-level2/2025/03/03/KLNX/KLNX20250303_230139_V06', 's3://noaa-nexrad-level2/2025/03/03/KOAX/KOAX20250303_230124_V06', 's3://noaa-nexrad-level2/2025/03/03/KUEX/KUEX20250303_230102_V06']"
53821,F,A320,DEN UA /OV DEN310070/TM 2302/FL230/TP A320/TB LGT CHOP/RM ZDVWC-13,LGT CHOP,202503032300-KMSC-UBUS01-PIREP,23000.0,40.58277962145749,-105.82141610049943,2025-03-03 23:02:00,1.0,M,"('KCYS', 'KFTG', 'KPUX', 'KGJX', 'KRIW')","['s3://noaa-nexrad-level2/2025/03/03/KCYS/KCYS20250303_230106_V06', 's3://noaa-nexrad-level2/2025/03/03/KFTG/KFTG20250303_230016_V06', 's3://noaa-nexrad-level2/2025/03/03/KPUX/KPUX20250303_225922_V06', 's3://noaa-nexrad-level2/2025/03/03/KGJX/KGJX20250303_225723_V06', 's3://noaa-nexrad-level2/2025/03/03/KRIW/KRIW20250303_225415_V06']"
53822,F,E75L,DEN UA /OV 20N/TM 2302/FL130/TP E75L/TB MOD CHOP,MOD CHOP,202503032300-KMSC-UBUS01-PIREP,13000.0,41.98,-73.96,2025-03-03 23:02:00,3.0,U,"('KENX', 'KOKX', 'KBGM', 'KDIX', 'KTYX')","['s3://noaa-nexrad-level2/2025/03/03/KENX/KENX20250303_225557_V06', 's3://noaa-nexrad-level2/2025/03/03/KOKX/KOKX20250303_225726_V06', 's3://noaa-nexrad-level2/2025/03/03/KBGM/KBGM20250303_225752_V06', 's3://noaa-nexrad-level2/2025/03/03/KDIX/KDIX20250303_225852_V06', 's3://noaa-nexrad-level2/2025/03/03/KTYX/KTYX20250303_225722_V06']"
53823,F,C68A,ELY UA /OV ELY/TM 2302/FL410/TP C68A/TB LGT-MOD CHOP /ZLC,LGT-MOD CHOP,202503032300-KMSC-UBUS01-PIREP,41000.0,39.295,-114.84528,2025-03-03 23:02:00,2.0,U,"('KLRX', 'KICX', 'KMTX', 'KESX', 'KSFX')","['s3://noaa-nexrad-level2/2025/03/03/KLRX/KLRX20250303_230003_V06', 's3://noaa-nexrad-level2/2025/03/03/KICX/KICX20250303_230052_V06', 's3://noaa-nexrad-level2/2025/03/03/KMTX/KMTX20250303_225952_V06', 's3://noaa-nexrad-level2/2025/03/03/KESX/KESX20250303_225927_V06', 's3://noaa-nexrad-level2/2025/03/03/KSFX/KSFX20250303_225858_V06']"
53824,F,B737,LGC UA /OV LGC/TM 2302/FL390/TP B737/TB LGT CONS CAT/RM ZTLFD-08,LGT CONS CAT,202503032300-KMSC-UBUS01-PIREP,39000.0,33.00886,-85.07261,2025-03-03 23:02:00,1.0,M,"('KFFC', 'KMXX', 'KEOX', 'KBMX', 'KJGX')","['s3://noaa-nexrad-level2/2025/03/03/KFFC/KFFC20250303_225720_V06', 's3://noaa-nexrad-level2/2025/03/03/KMXX/KMXX20250303_230155_V06', 's3://noaa-nexrad-level2/2025/03/03/KEOX/KEOX20250303_225828_V06', 's3://noaa-nexrad-level2/2025/03/03/KBMX/KBMX20250303_230027_V06', 's3://noaa-nexrad-level2/2025/03/03/KJGX/KJGX20250303_230057_V06']"
53825,F,A21N,ONL UA /OV ONL090020/TM 2302/FL350/TP A21N/TB OCNL LGT CHOP,OCNL LGT CHOP,202503032300-KMSC-UBUS01-PIREP,35000.0,42.46972,-98.23612827001782,2025-03-03 23:02:00,1.0,U,"('KFSD', 'KUEX', 'KOAX', 'KLNX', 'KABR')","['s3://noaa-nexrad-level2/2025/03/03/KFSD/KFSD20250303_230146_V06', 's3://noaa-nexrad-level2/2025/03/03/KUEX/KUEX20250303_230102_V06', 's3://noaa-nexrad-level2/2025/03/03/KOAX/KOAX20250303_230124_V06', 's3://noaa-nexrad-level2/2025/03/03/KLNX/KLNX20250303_230139_V06', 's3://noaa-nexrad-level2/2025/03/03/KABR/KABR20250303_230018_V06']"
53826,F,B737,BMG UA /OV I50/TM 2302/FL400/TP B737/TB NEG,NEG,202503032300-KMSC-UBUS01-PIREP,40000.0,37.84,-83.84,2025-03-03 23:02:00,0.0,M,"('KJKL', 'KILN', 'KMRX', 'KLVX', 'KRLX')","['s3://noaa-nexrad-level2/2025/03/03/KJKL/KJKL20250303_225544_V06', 's3://noaa-nexrad-level2/2025/03/03/KILN/KILN20250303_230052_V06', 's3://noaa-nexrad-level2/2025/03/03/KMRX/KMRX20250303_225403_V06', 's3://noaa-nexrad-level2/2025/03/03/KLVX/KLVX20250303_225617_V06', 's3://noaa-nexrad-level2/2025/03/03/KRLX/KRLX20250303_225741_V06']"
53827,F,B737,ONM UA /OV ONM090015/TM 2302/FL370/TP B737/TB CONS LGT CHOP/OCNL MOD CAT/RM ZAB/FDCS,CONS LGT CHOP,202503032300-KMSC-UBUS01-PIREP,37000.0,34.0224722,-106.6014801594326,2025-03-03 23:02:00,1.0,M,"('KHDX', 'KABX', 'KEPZ', 'KFDX', 'KEMX')","['s3://noaa-nexrad-level2/2025/03/03/KHDX/KHDX20250303_225804_V06', 's3://noaa-nexrad-level2/2025/03/03/KABX/KABX20250303_225517_V06', 's3://noaa-nexrad-level2/2025/03/03/KEPZ/KEPZ20250303_225736_V06', 's3://noaa-nexrad-level2/2025/03/03/KFDX/KFDX20250303_225615_V06', 's3://noaa-nexrad-level2/2025/03/03/KEMX/KEMX20250303_230053_V06']"
53828,F,A320,SDF UA /OV EWO/TM 2303/FL350/TP A320/TB CONS LGT CHOP,CONS LGT CHOP,202503032300-KMSC-UBUS01-PIREP,35000.0,37.63,-85.68,2025-03-03 23:03:00,1.0,M,"('KLVX', 'KOHX', 'KHPX', 'KVWX', 'KIND')","['s3://noaa-nexrad-level2/2025/03/03/KLVX/KLVX20250303_225617_V06', 's3://noaa-nexrad-level2/2025/03/03/KOHX/KOHX20250303_225927_V06', 's3://noaa-nexrad-level2/2025/03/03/KHPX/KHPX20250303_225825_V06', 's3://noaa-nexrad-level2/2025/03/03/KVWX/KVWX20250303_225652_V06', 's3://noaa-nexrad-level2/2025/03/03/KIND/KIND20250303_230245_V06']"
53829,F,GA6C,DDC UA /OV DDC180015/TM 2304/FL470/TP GA6C/TB MOD CAT/RM ZKC FDC,MOD CAT,202503032300-KMSC-UBUS01-PIREP,47000.0,37.51309974997975,-99.96542,2025-03-03 23:04:00,3.0,U,"('KDDC', 'KVNX', 'KICT', 'KGLD', 'KAMA')","['s3://noaa-nexrad-level2/2025/03/03/KDDC/KDDC20250303_230219_V06', 's3://noaa-nexrad-level2/2025/03/03/KVNX/KVNX20250303_225944_V06', 's3://noaa-nexrad-level2/2025/03/03/KICT/KICT20250303_225813_V06', 's3://noaa-nexrad-level2/2025/03/03/KGLD/KGLD20250303_225653_V06', 's3://noaa-nexrad-level2/2025/03/03/KAMA/KAMA20250303_230007_V06']"
53830,F,CRJ2,DEN UA /OV DEN100035/TM 2306/FL170/TP CRJ2/TB LGT-MOD CHOP/RM DURC. ZDVWC-07,LGT-MOD CHOP,202503032300-KMSC-UBUS01-PIREP,17000.0,39.73149702480969,-103.90934915188429,2025-03-03 23:06:00,2.0,M,"('KFTG', 'KPUX', 'KCYS', 'KGLD', 'KLNX')","['s3://noaa-nexrad-level2/2025/03/03/KFTG/KFTG20250303_230519_V06', 's3://noaa-nexrad-level2/2025/03/03/KPUX/KPUX20250303_230348_V06', 's3://noaa-nexrad-level2/2025/03/03/KCYS/KCYS20250303_230106_V06', 's3://noaa-nexrad-level2/2025/03/03/KGLD/KGLD20250303_225653_V06', 's3://noaa-nexrad-level2/2025/03/03/KLNX/KLNX20250303_230139_V06']"
53831,F,C172,GEU UA /OV KGEU /TM 2306 /FL065 /TP C172 /TB LGT /RM TURB OVR MTNS,LGT,202503032300-KMSC-UBUS01-PIREP,6500.0,33.52692,-112.29514,2025-03-03 23:06:00,1.0,L,"('KIWA', 'KFSX', 'KFSX', 'KEMX', 'KYUX')","['s3://noaa-nexrad-level2/2025/03/03/KIWA/KIWA20250303_230434_V06', 's3://noaa-nexrad-level2/2025/03/03/KFSX/KFSX20250303_230554_V06', 's3://noaa-nexrad-level2/2025/03/03/KFSX/KFSX20250303_230554_V06', 's3://noaa-nexrad-level2/2025/03/03/KEMX/KEMX20250303_230520_V06', 's3://noaa-nexrad-level2/2025/03/03/KYUX/KYUX20250303_225739_V06']"
53832,F,737,DFW UA /OV MUTEE/TM 2307/FL325/TP 737/TB MOD CHOP/RM MOUNTAIN WAVE 320-345 PLUS OR MINUS 20 KTS ZFW,MOD CHOP,202503032300-KMSC-UBUS01-PIREP,32500.0,41.3669944444,-91.140575,2025-03-03 23:07:00,3.0,M,"('KDVN', 'KILX', 'KARX', 'KDMX', 'KLSX')","['s3://noaa-nexrad-level2/2025/03/03/KDVN/KDVN20250303_225929_V06', 's3://noaa-nexrad-level2/2025/03/03/KILX/KILX20250303_230132_V06', 's3://noaa-nexrad-level2/2025/03/03/KARX/KARX20250303_230514_V06', 's3://noaa-nexrad-level2/2025/03/03/KDMX/KDMX20250303_230056_V06', 's3://noaa-nexrad-level2/2025/03/03/KLSX/KLSX20250303_230035_V06']"
53833,F,BE20,OME UA /OV OME /TM 2307 /FL030 /TP BE20 /TA M07 /TB NEG /IC LGTRIME 035-010 /RM DURD RNAV 28 (AKFSS),NEG,202503032300-KMSC-UBUS01-PIREP,3000.0,64.51,-165.44,2025-03-03 23:07:00,0.0,M,"('PAEC', 'PABC', 'PAKC', 'PAHG', 'PAPD')","['s3://noaa-nexrad-level2/2025/03/03/PAEC/PAEC20250303_230529_V06', 's3://noaa-nexrad-level2/2025/03/03/PAKC/PAKC20250303_230218_V06', 's3://noaa-nexrad-level2/2025/03/03/PAHG/PAHG20250303_230512_V06', 's3://noaa-nexrad-level2/2025/03/03/PAPD/PAPD20250303_230045_V06']"
53834,F,BE20,OME UA /OV OME /TM 2307 /FL030 /TP BE20 /TA M07 /TB NEG /IC LGT RIME 035-010 /RM DURD RNAV 28 (AKFSS,NEG,202503032315-KWBC-UBUS31-PRCUS,3000.0,64.51,-165.44,2025-03-03 23:07:00,0.0,M,"('PAEC', 'PABC', 'PAKC', 'PAHG', 'PAPD')","['s3://noaa-nexrad-level2/2025/03/03/PAEC/PAEC20250303_230529_V06', 's3://noaa-nexrad-level2/2025/03/03/PAKC/PAKC20250303_230218_V06', 's3://noaa-nexrad-level2/2025/03/03/PAHG/PAHG20250303_230512_V06', 's3://noaa-nexrad-level2/2025/03/03/PAPD/PAPD20250303_230045_V06']"
53835,F,C68A,CEW UA /OV CEW098113/TM 2307/FL400/TP C68A/TB OCNL MOD CHOP,OCNL MOD CHOP,202503032300-KMSC-UBUS01-PIREP,40000.0,30.517869428980763,-84.34903949491456,2025-03-03 23:07:00,3.0,U,"('KTLH', 'KVAX', 'KEOX', 'KEVX', 'KJGX')","['s3://noaa-nexrad-level2/2025/03/03/KTLH/KTLH20250303_230034_V06', 's3://noaa-nexrad-level2/2025/03/03/KVAX/KVAX20250303_230042_V06', 's3://noaa-nexrad-level2/2025/03/03/KEOX/KEOX20250303_230525_V06', 's3://noaa-nexrad-level2/2025/03/03/KEVX/KEVX20250303_225848_V06', 's3://noaa-nexrad-level2/2025/03/03/KJGX/KJGX20250303_230057_V06']"
53836,F,B789,SUX UA /OV SUX/TM 2309/FL370/TP B789/TB NEG,NEG,202503032300-KMSC-UBUS01-PIREP,37000.0,42.391678,-96.379478,2025-03-03 23:09:00,0.0,U,"('KOAX', 'KFSD', 'KDMX', 'KUEX', 'KTWX')","['s3://noaa-nexrad-level2/2025/03/03/KOAX/KOAX20250303_230552_V06', 's3://noaa-nexrad-level2/2025/03/03/KFSD/KFSD20250303_230835_V06', 's3://noaa-nexrad-level2/2025/03/03/KDMX/KDMX20250303_230745_V06', 's3://noaa-nexrad-level2/2025/03/03/KUEX/KUEX20250303_230748_V06', 's3://noaa-nexrad-level2/2025/03/03/KTWX/KTWX20250303_230120_V06']"
53837,F,E55P,AMA UA /OV PNH060060/TM 2309/FL430/TP E55P/TB CONS LGT CHOP/RM ZAB/FDCS,CONS LGT CHOP,202503032300-KMSC-UBUS01-PIREP,43000.0,35.7400405000405,-100.63957300858716,2025-03-03 23:09:00,1.0,U,"('KAMA', 'KDDC', 'KFDR', 'KLBB', 'KVNX')","['s3://noaa-nexrad-level2/2025/03/03/KAMA/KAMA20250303_230657_V06', 's3://noaa-nexrad-level2/2025/03/03/KDDC/KDDC20250303_230219_V06', 's3://noaa-nexrad-level2/2025/03/03/KFDR/KFDR20250303_230804_V06', 's3://noaa-nexrad-level2/2025/03/03/KLBB/KLBB20250303_230820_V06', 's3://noaa-nexrad-level2/2025/03/03/KVNX/KVNX20250303_230628_V06']"
53838,F,B38M,LGC UA /OV LGC/TM 2310/FL360/TP B38M/TB MOD OCNL CHOP/RM ZTLFD-08,MOD OCNL CHOP,202503032300-KMSC-UBUS01-PIREP,36000.0,33.00886,-85.07261,2025-03-03 23:10:00,3.0,U,"('KFFC', 'KMXX', 'KEOX', 'KBMX', 'KJGX')","['s3://noaa-nexrad-level2/2025/03/03/KFFC/KFFC20250303_230417_V06', 's3://noaa-nexrad-level2/2025/03/03/KMXX/KMXX20250303_230858_V06', 's3://noaa-nexrad-level2/2025/03/03/KEOX/KEOX20250303_230525_V06', 's3://noaa-nexrad-level2/2025/03/03/KBMX/KBMX20250303_230907_V06', 's3://noaa-nexrad-level2/2025/03/03/KJGX/KJGX20250303_230856_V06']"
53839,F,B39M,FAI UA /OV FAI190050/TM 2310/FL230/TP B39M/TB MOD MTN WAVE +/- 10KT/RM DURC /ZAN/,MOD MTN WAVE +,202503032300-KMSC-UBUS01-PIREP,23000.0,63.989260397900026,-148.1900170869638,2025-03-03 23:10:00,3.0,U,"('PAPD', 'PAHG', 'PAIH', 'PAIH', 'PAKC')","['s3://noaa-nexrad-level2/2025/03/03/PAPD/PAPD20250303_230748_V06', 's3://noaa-nexrad-level2/2025/03/03/PAHG/PAHG20250303_230512_V06', 's3://noaa-nexrad-level2/2025/03/03/PAIH/PAIH20250303_230748_V06', 's3://noaa-nexrad-level2/2025/03/03/PAIH/PAIH20250303_230748_V06', 's3://noaa-nexrad-level2/2025/03/03/PAKC/PAKC20250303_230919_V06']"
53840,F,E75L,EGE UA /OV RLG100035/TM 2311/FL240/TP E75L/TB OCNL MOD 170-240/RM ZDVWC-06,OCNL MOD 170-240,202503032300-KMSC-UBUS01-PIREP,24000.0,39.89869702480969,-105.69002037854251,2025-03-03 23:11:00,3.0,U,"('KFTG', 'KCYS', 'KPUX', 'KGJX', 'KGLD')","['s3://noaa-nexrad-level2/2025/03/03/KFTG/KFTG20250303_231024_V06', 's3://noaa-nexrad-level2/2025/03/03/KCYS/KCYS20250303_230713_V06', 's3://noaa-nexrad-level2/2025/03/03/KPUX/KPUX20250303_230812_V06', 's3://noaa-nexrad-level2/2025/03/03/KGJX/KGJX20250303_230810_V06', 's3://noaa-nexrad-level2/2025/03/03/KGLD/KGLD20250303_230631_V06']"
53841,F,BE58,EVV UA /OV EWO/TM 2311/FL080/TP BE58/TA 04/TB NEG,NEG,202503032300-KMSC-UBUS01-PIREP,8000.0,37.63,-85.68,2025-03-03 23:11:00,0.0,L,"('KLVX', 'KOHX', 'KHPX', 'KVWX', 'KIND')","['s3://noaa-nexrad-level2/2025/03/03/KLVX/KLVX20250303_231002_V06', 's3://noaa-nexrad-level2/2025/03/03/KOHX/KOHX20250303_230758_V06', 's3://noaa-nexrad-level2/2025/03/03/KHPX/KHPX20250303_230533_V06', 's3://noaa-nexrad-level2/2025/03/03/KVWX/KVWX20250303_231053_V06', 's3://noaa-nexrad-level2/2025/03/03/KIND/KIND20250303_230245_V06']"
53842,F,B737,GUC UA /OV HBU/TM 2311/FL280/TP B737/TB CONS MOD CHOP/RM ZDVWC-25,CONS MOD CHOP,202503032300-KMSC-UBUS01-PIREP,28000.0,38.45,-107.04,2025-03-03 23:11:00,3.0,M,"('KGJX', 'KFTG', 'KPUX', 'KABX', 'KCYS')","['s3://noaa-nexrad-level2/2025/03/03/KGJX/KGJX20250303_230810_V06', 's3://noaa-nexrad-level2/2025/03/03/KFTG/KFTG20250303_231024_V06', 's3://noaa-nexrad-level2/2025/03/03/KPUX/KPUX20250303_230812_V06', 's3://noaa-nexrad-level2/2025/03/03/KABX/KABX20250303_230932_V06', 's3://noaa-nexrad-level2/2025/03/03/KCYS/KCYS20250303_230713_V06']"
53843,F,A21N,SLC UA /OV SLC330015/TM 2311/FL120/TP A21N/WX RA/TA M09/WV 32013KT/TB LGT-MOD CHOP 110-130/IC NEG/RM DURD CARTR1 AND SKEES6,LGT-MOD CHOP 110-130,202503032300-KMSC-UBUS01-PIREP,12000.0,40.99652388797807,-112.13509021662595,2025-03-03 23:11:00,2.0,U,"('KMTX', 'KSFX', 'KICX', 'KRIW', 'KGJX')","['s3://noaa-nexrad-level2/2025/03/03/KMTX/KMTX20250303_230550_V06', 's3://noaa-nexrad-level2/2025/03/03/KSFX/KSFX20250303_230813_V06', 's3://noaa-nexrad-level2/2025/03/03/KICX/KICX20250303_230626_V06', 's3://noaa-nexrad-level2/2025/03/03/KRIW/KRIW20250303_230256_V06', 's3://noaa-nexrad-level2/2025/03/03/KGJX/KGJX20250303_230810_V06']"
53844,F,B738,ASE UA /OV DBL140030/TM 2312/FL280/TP B738/TB LGT-MOD BLO 290/RM ZDVWC-26,LGT-MOD BLO 290,202503032300-KMSC-UBUS01-PIREP,28000.0,39.05694675360954,-106.48380954088454,2025-03-03 23:12:00,2.0,M,"('KGJX', 'KFTG', 'KPUX', 'KCYS', 'KABX')","['s3://noaa-nexrad-level2/2025/03/03/KGJX/KGJX20250303_230810_V06', 's3://noaa-nexrad-level2/2025/03/03/KFTG/KFTG20250303_231024_V06', 's3://noaa-nexrad-level2/2025/03/03/KPUX/KPUX20250303_230812_V06', 's3://noaa-nexrad-level2/2025/03/03/KCYS/KCYS20250303_230713_V06', 's3://noaa-nexrad-level2/2025/03/03/KABX/KABX20250303_230932_V06']"
53845,F,B737,YAK UA /OV YAK192051/TM 2312/FL360/TP B737/TB LGT CHOP/RM /ZAN/,LGT CHOP,202503032300-KMSC-UBUS01-PIREP,36000.0,58.66850719384661,-140.00822836031216,2025-03-03 23:12:00,1.0,M,"('PACG', 'PAIH', 'PAIH', 'PAPD', 'PAHG')","['s3://noaa-nexrad-level2/2025/03/03/PACG/PACG20250303_172929_V06', 's3://noaa-nexrad-level2/2025/03/03/PAIH/PAIH20250303_230748_V06', 's3://noaa-nexrad-level2/2025/03/03/PAIH/PAIH20250303_230748_V06', 's3://noaa-nexrad-level2/2025/03/03/PAPD/PAPD20250303_230748_V06', 's3://noaa-nexrad-level2/2025/03/03/PAHG/PAHG20250303_231017_V06']"
53846,F,SW4,EGE UA /OV RLG105055/TM 2312/FL155/TP SW4/TA M10/TB LGT/IC LGT RIME 155-175/RM ZDVWC-06,LGT,202503032300-KMSC-UBUS01-PIREP,15500.0,39.76272999132271,-105.28405697939586,2025-03-03 23:12:00,1.0,M,"('KFTG', 'KCYS', 'KPUX', 'KGJX', 'KGLD')","['s3://noaa-nexrad-level2/2025/03/03/KFTG/KFTG20250303_231024_V06', 's3://noaa-nexrad-level2/2025/03/03/KCYS/KCYS20250303_230713_V06', 's3://noaa-nexrad-level2/2025/03/03/KPUX/KPUX20250303_230812_V06', 's3://noaa-nexrad-level2/2025/03/03/KGJX/KGJX20250303_230810_V06', 's3://noaa-nexrad-level2/2025/03/03/KGLD/KGLD20250303_230631_V06']"
53847,F,PC12,SLC UA /OV KSLC330015/TM 2312/FL110/TP PC12/TA M09/TB MOD/IC LGT MX/RM IFR OGD TO SLC IMC@110,MOD,202503032300-KMSC-UBUS01-PIREP,11000.0,40.99652388797807,-112.13509021662595,2025-03-03 23:12:00,3.0,L,"('KMTX', 'KSFX', 'KICX', 'KRIW', 'KGJX')","['s3://noaa-nexrad-level2/2025/03/03/KMTX/KMTX20250303_231146_V06', 's3://noaa-nexrad-level2/2025/03/03/KSFX/KSFX20250303_230813_V06', 's3://noaa-nexrad-level2/2025/03/03/KICX/KICX20250303_230626_V06', 's3://noaa-nexrad-level2/2025/03/03/KRIW/KRIW20250303_231137_V06', 's3://noaa-nexrad-level2/2025/03/03/KGJX/KGJX20250303_230810_V06']"
53848,F,A320,DSM UA /OV DSM360040/TM 2312/FL360/TP A320/TB CONS LGT CAT,CONS LGT CAT,202503032300-KMSC-UBUS01-PIREP,36000.0,42.20067066672066,-93.653114,2025-03-03 23:12:00,1.0,M,"('KDMX', 'KMPX', 'KOAX', 'KARX', 'KDVN')","['s3://noaa-nexrad-level2/2025/03/03/KDMX/KDMX20250303_230745_V06', 's3://noaa-nexrad-level2/2025/03/03/KMPX/KMPX20250303_230455_V06', 's3://noaa-nexrad-level2/2025/03/03/KOAX/KOAX20250303_230552_V06', 's3://noaa-nexrad-level2/2025/03/03/KARX/KARX20250303_230944_V06', 's3://noaa-nexrad-level2/2025/03/03/KDVN/KDVN20250303_230910_V06']"
53849,F,A20N,MYNN UA /OV ZBV200030/TM 2312/FL360/TP A20N/TB NEG,NEG,202503032300-KMSC-UBUS01-PIREP,36000.0,25.200115632017848,-79.48975166077427,2025-03-03 23:12:00,0.0,U,"('KAMX', 'KAMX', 'KBYX', 'KMLB', 'KTBW')","['s3://noaa-nexrad-level2/2025/03/03/KAMX/KAMX20250303_231132_V06', 's3://noaa-nexrad-level2/2025/03/03/KAMX/KAMX20250303_231132_V06', 's3://noaa-nexrad-level2/2025/03/03/KBYX/KBYX20250303_231110_V06', 's3://noaa-nexrad-level2/2025/03/03/KMLB/KMLB20250303_231018_V06', 's3://noaa-nexrad-level2/2025/03/03/KTBW/KTBW20250303_231141_V06']"
53850,F,A320,ABY UA /OV PZD360025/TM 2315/FL350/TP A320/TB CONS LGT CHOP 350 NEG 370 /IC NEG/RM ZTLFD-27,CONS LGT CHOP 350 NEG 370,202503032300-KMSC-UBUS01-PIREP,35000.0,32.07670041670042,-84.29,2025-03-03 23:15:00,0.0,M,"('KJGX', 'KFFC', 'KEOX', 'KMXX', 'KTLH')","['s3://noaa-nexrad-level2/2025/03/03/KJGX/KJGX20250303_230856_V06', 's3://noaa-nexrad-level2/2025/03/03/KFFC/KFFC20250303_231120_V06', 's3://noaa-nexrad-level2/2025/03/03/KEOX/KEOX20250303_231333_V06', 's3://noaa-nexrad-level2/2025/03/03/KMXX/KMXX20250303_230858_V06', 's3://noaa-nexrad-level2/2025/03/03/KTLH/KTLH20250303_231356_V06']"
53851,F,B738,ATL UA /OV ATL/TM 2315/FL310/TP B738/TB MOD CONS CHOP/IC NEG/RM ZTLFD-22,MOD CONS CHOP,202503032300-KMSC-UBUS01-PIREP,31000.0,33.6301,-84.4418,2025-03-03 23:15:00,3.0,M,"('KFFC', 'KJGX', 'KMXX', 'KHTX', 'KBMX')","['s3://noaa-nexrad-level2/2025/03/03/KFFC/KFFC20250303_231120_V06', 's3://noaa-nexrad-level2/2025/03/03/KJGX/KJGX20250303_230856_V06', 's3://noaa-nexrad-level2/2025/03/03/KMXX/KMXX20250303_230858_V06', 's3://noaa-nexrad-level2/2025/03/03/KHTX/KHTX20250303_231113_V06', 's3://noaa-nexrad-level2/2025/03/03/KBMX/KBMX20250303_230907_V06']"
53852,F,G280,EEO UA /OV EKR139010/TM 2315/FL380/TP G280/TB NEG/RM ZDVWC-03,NEG,202503032300-KMSC-UBUS01-PIREP,38000.0,39.94420488137335,-107.77710446867296,2025-03-03 23:15:00,0.0,U,"('KGJX', 'KRIW', 'KCYS', 'KFTG', 'KPUX')","['s3://noaa-nexrad-level2/2025/03/03/KGJX/KGJX20250303_231342_V06', 's3://noaa-nexrad-level2/2025/03/03/KRIW/KRIW20250303_231137_V06', 's3://noaa-nexrad-level2/2025/03/03/KCYS/KCYS20250303_231320_V06', 's3://noaa-nexrad-level2/2025/03/03/KFTG/KFTG20250303_231024_V06', 's3://noaa-nexrad-level2/2025/03/03/KPUX/KPUX20250303_231237_V06']"
53853,F,A321,GJT UA /OV JNC/TM 2315/FL340/TP A321/TB OCNL LGT CHOP/RM ZDVWC-,OCNL LGT CHOP,202503032300-KMSC-UBUS01-PIREP,34000.0,39.06,-108.79,2025-03-03 23:15:00,1.0,M,"('KGJX', 'KRIW', 'KMTX', 'KFTG', 'KICX')","['s3://noaa-nexrad-level2/2025/03/03/KGJX/KGJX20250303_231342_V06', 's3://noaa-nexrad-level2/2025/03/03/KRIW/KRIW20250303_231137_V06', 's3://noaa-nexrad-level2/2025/03/03/KMTX/KMTX20250303_231146_V06', 's3://noaa-nexrad-level2/2025/03/03/KFTG/KFTG20250303_231024_V06', 's3://noaa-nexrad-level2/2025/03/03/KICX/KICX20250303_231201_V06']"
53854,F,B737,JNU UA /OV JNU/TM 2315/FL010/TP B737/SK SCT 010 TOP 010 SKC ABV/TB NEG/RM SCUDDY AT 010 DURC ZAN,NEG,202503032300-KMSC-UBUS01-PIREP,1000.0,58.35,-134.57,2025-03-03 23:15:00,0.0,M,"('PACG', 'PAIH', 'PAIH', 'PAPD', 'KLGX')","['s3://noaa-nexrad-level2/2025/03/03/PACG/PACG20250303_172929_V06', 's3://noaa-nexrad-level2/2025/03/03/PAIH/PAIH20250303_231239_V06', 's3://noaa-nexrad-level2/2025/03/03/PAIH/PAIH20250303_231239_V06', 's3://noaa-nexrad-level2/2025/03/03/PAPD/PAPD20250303_231452_V06', 's3://noaa-nexrad-level2/2025/03/03/KLGX/KLGX20250303_230711_V06']"
53855,F,A321,GJT UA /OV JNC/TM 2315/FL340/TP A321/TB OCNL LGT CHOP/RM ZDVWC,OCNL LGT CHOP,202503032325-KWBC-UBCO90-PIREP,34000.0,39.06,-108.79,2025-03-03 23:15:00,1.0,M,"('KGJX', 'KRIW', 'KMTX', 'KFTG', 'KICX')","['s3://noaa-nexrad-level2/2025/03/03/KGJX/KGJX20250303_231342_V06', 's3://noaa-nexrad-level2/2025/03/03/KRIW/KRIW20250303_231137_V06', 's3://noaa-nexrad-level2/2025/03/03/KMTX/KMTX20250303_231146_V06', 's3://noaa-nexrad-level2/2025/03/03/KFTG/KFTG20250303_231024_V06', 's3://noaa-nexrad-level2/2025/03/03/KICX/KICX20250303_231201_V06']"
53856,F,P28A,VNY UA /OV VNY22005/TM 2316/FL025/TP P28A/TB LGT,LGT,202503032300-KMSC-UBUS01-PIREP,2500.0,34.20972,-118.48917,2025-03-03 23:16:00,1.0,L,"('KVTX', 'KSOX', 'KEYX', 'KNKX', 'KVBX')","['s3://noaa-nexrad-level2/2025/03/03/KVTX/KVTX20250303_231325_V06', 's3://noaa-nexrad-level2/2025/03/03/KSOX/KSOX20250303_231038_V06', 's3://noaa-nexrad-level2/2025/03/03/KEYX/KEYX20250303_231236_V06', 's3://noaa-nexrad-level2/2025/03/03/KNKX/KNKX20250303_202239_V06', 's3://noaa-nexrad-level2/2025/03/03/KVBX/KVBX20250303_230929_V06']"
53857,F,A321,AMA UA /OV PNH110020/TM 2316/FL290/TP A321/TB CONS LGT CAT/RM ZAB/FDCS,CONS LGT CAT,202503032300-KMSC-UBUS01-PIREP,29000.0,35.125984051005005,-101.3164564325102,2025-03-03 23:16:00,1.0,M,"('KAMA', 'KLBB', 'KFDX', 'KFDR', 'KDDC')","['s3://noaa-nexrad-level2/2025/03/03/KAMA/KAMA20250303_231347_V06', 's3://noaa-nexrad-level2/2025/03/03/KLBB/KLBB20250303_230820_V06', 's3://noaa-nexrad-level2/2025/03/03/KFDX/KFDX20250303_231003_V06', 's3://noaa-nexrad-level2/2025/03/03/KFDR/KFDR20250303_231452_V06', 's3://noaa-nexrad-level2/2025/03/03/KDDC/KDDC20250303_231546_V06']"
53858,F,B39M,FAI UA /OV FAI190090/TM 2316/FL290/TP B39M/TB CONS LGT-MOD 290-325/RM DURC /ZAN/,CONS LGT-MOD 290-325,202503032300-KMSC-UBUS01-PIREP,29000.0,63.33266871622004,-148.46203075653486,2025-03-03 23:16:00,2.0,U,"('PAPD', 'PAHG', 'PAIH', 'PAIH', 'PAKC')","['s3://noaa-nexrad-level2/2025/03/03/PAPD/PAPD20250303_231452_V06', 's3://noaa-nexrad-level2/2025/03/03/PAHG/PAHG20250303_231506_V06', 's3://noaa-nexrad-level2/2025/03/03/PAIH/PAIH20250303_231239_V06', 's3://noaa-nexrad-level2/2025/03/03/PAIH/PAIH20250303_231239_V06', 's3://noaa-nexrad-level2/2025/03/03/PAKC/PAKC20250303_230919_V06']"
53859,F,P28A,VNY UA /OV VNY220005/TM 2316/FL025/TP P28A/TB LGT/RM COR LOCTN. ZLA CWSU,LGT,202503032300-KMSC-UBUS01-PIREP,2500.0,34.14587779226825,-118.55394742587954,2025-03-03 23:16:00,1.0,L,"('KVTX', 'KSOX', 'KEYX', 'KNKX', 'KVBX')","['s3://noaa-nexrad-level2/2025/03/03/KVTX/KVTX20250303_231325_V06', 's3://noaa-nexrad-level2/2025/03/03/KSOX/KSOX20250303_231038_V06', 's3://noaa-nexrad-level2/2025/03/03/KEYX/KEYX20250303_231236_V06', 's3://noaa-nexrad-level2/2025/03/03/KNKX/KNKX20250303_202239_V06', 's3://noaa-nexrad-level2/2025/03/03/KVBX/KVBX20250303_230929_V06']"
53860,F,E75L,GXF UA /OV GBN/TM 2317/FL320/TP E75L/TB CONS MOD CHOP/RM ZAB/FDCS,CONS MOD CHOP,202503032300-KMSC-UBUS01-PIREP,32000.0,32.8875,-112.72,2025-03-03 23:17:00,3.0,U,"('KIWA', 'KYUX', 'KFSX', 'KFSX', 'KEMX')","['s3://noaa-nexrad-level2/2025/03/03/KIWA/KIWA20250303_231322_V06', 's3://noaa-nexrad-level2/2025/03/03/KYUX/KYUX20250303_231503_V06', 's3://noaa-nexrad-level2/2025/03/03/KFSX/KFSX20250303_231451_V06', 's3://noaa-nexrad-level2/2025/03/03/KFSX/KFSX20250303_231451_V06', 's3://noaa-nexrad-level2/2025/03/03/KEMX/KEMX20250303_231426_V06']"
53861,F,CRJ9,ATL UA /OV ATL180040/TM 2318/FL290/TP CRJ9/TB MOD CONS CHOP/IC NEG/RM ZTLFD-22,MOD CONS CHOP,202503032300-KMSC-UBUS01-PIREP,29000.0,32.963379333279335,-84.4418,2025-03-03 23:18:00,3.0,U,"('KFFC', 'KJGX', 'KMXX', 'KEOX', 'KBMX')","['s3://noaa-nexrad-level2/2025/03/03/KFFC/KFFC20250303_231120_V06', 's3://noaa-nexrad-level2/2025/03/03/KJGX/KJGX20250303_231549_V06', 's3://noaa-nexrad-level2/2025/03/03/KMXX/KMXX20250303_231601_V06', 's3://noaa-nexrad-level2/2025/03/03/KEOX/KEOX20250303_231333_V06', 's3://noaa-nexrad-level2/2025/03/03/KBMX/KBMX20250303_231748_V06']"
53862,F,PA34,LAS UA /OV LAS192027/TM 2318/FL065/TP PA34/TB MOD-SEV 065 DURD,MOD-SEV 065 DURD,202503032300-KMSC-UBUS01-PIREP,6500.0,35.63169792615409,-115.27916184475222,2025-03-03 23:18:00,4.0,L,"('KESX', 'KEYX', 'KSOX', 'KICX', 'KYUX')","['s3://noaa-nexrad-level2/2025/03/03/KESX/KESX20250303_231325_V06', 's3://noaa-nexrad-level2/2025/03/03/KEYX/KEYX20250303_231236_V06', 's3://noaa-nexrad-level2/2025/03/03/KSOX/KSOX20250303_231604_V06', 's3://noaa-nexrad-level2/2025/03/03/KICX/KICX20250303_231736_V06', 's3://noaa-nexrad-level2/2025/03/03/KYUX/KYUX20250303_231503_V06']"
53863,F,C560,PIH UA /OV KPIH/TM 2318/FL075/TP C560/SK OVC055-TOP075/TB NEG/IC NEG/RM DURD ILS21,NEG,202503032300-KMSC-UBUS01-PIREP,7500.0,42.90981,-112.59592,2025-03-03 23:18:00,0.0,M,"('KSFX', 'KMTX', 'KCBX', 'KRIW', 'KMSX')","['s3://noaa-nexrad-level2/2025/03/03/KSFX/KSFX20250303_231727_V06', 's3://noaa-nexrad-level2/2025/03/03/KMTX/KMTX20250303_231744_V06', 's3://noaa-nexrad-level2/2025/03/03/KCBX/KCBX20250303_231326_V06', 's3://noaa-nexrad-level2/2025/03/03/KRIW/KRIW20250303_231137_V06', 's3://noaa-nexrad-level2/2025/03/03/KMSX/KMSX20250303_231035_V06']"
53864,T,PA34,HND UUA /OV LAS192027/TM 2318/FL065/TP PA34/TB MOD-SEV/RM DURD. COR SA-ID AND MSG TYPE. ZLA CWSU,MOD-SEV,202503032300-KMSC-UBUS01-PIREP,6500.0,35.63169792615409,-115.27916184475222,2025-03-03 23:18:00,4.0,L,"('KESX', 'KEYX', 'KSOX', 'KICX', 'KYUX')","['s3://noaa-nexrad-level2/2025/03/03/KESX/KESX20250303_231325_V06', 's3://noaa-nexrad-level2/2025/03/03/KEYX/KEYX20250303_231236_V06', 's3://noaa-nexrad-level2/2025/03/03/KSOX/KSOX20250303_231604_V06', 's3://noaa-nexrad-level2/2025/03/03/KICX/KICX20250303_231736_V06', 's3://noaa-nexrad-level2/2025/03/03/KYUX/KYUX20250303_231503_V06']"
53865,F,C208,SCC UA /OV BTI-SCC /TM 2319 /FL015 /TP C208 /SK SKC /WX FV99SM /TBNEG /IC NEG /RM (AKFSS),NEG,202503032300-KMSC-UBUS01-PIREP,1500.0,70.16,-146.02,2025-03-03 23:19:00,0.0,L,"('PAPD', 'PAIH', 'PAIH', 'PAHG', 'PAKC')","['s3://noaa-nexrad-level2/2025/03/03/PAPD/PAPD20250303_231452_V06', 's3://noaa-nexrad-level2/2025/03/03/PAIH/PAIH20250303_231730_V06', 's3://noaa-nexrad-level2/2025/03/03/PAIH/PAIH20250303_231730_V06', 's3://noaa-nexrad-level2/2025/03/03/PAHG/PAHG20250303_231506_V06', 's3://noaa-nexrad-level2/2025/03/03/PAKC/PAKC20250303_231621_V06']"
53866,F,C208,SCC UA /OV BTI-SCC /TM 2319 /FL015 /TP C208 /SK SKC /WX FV99SM /TB NEG /IC NEG /RM (AKFSS,NEG,202503032325-KWBC-UBAK90-PIREP,1500.0,70.16,-146.02,2025-03-03 23:19:00,0.0,L,"('PAPD', 'PAIH', 'PAIH', 'PAHG', 'PAKC')","['s3://noaa-nexrad-level2/2025/03/03/PAPD/PAPD20250303_231452_V06', 's3://noaa-nexrad-level2/2025/03/03/PAIH/PAIH20250303_231730_V06', 's3://noaa-nexrad-level2/2025/03/03/PAIH/PAIH20250303_231730_V06', 's3://noaa-nexrad-level2/2025/03/03/PAHG/PAHG20250303_231506_V06', 's3://noaa-nexrad-level2/2025/03/03/PAKC/PAKC20250303_231621_V06']"
53867,F,E75L,HND UA /OV GFS300020/TM 2319/FL300/TP E75L/TB INTMT LGT-MOD CHOP/RM ZLA CWSU,INTMT LGT-MOD CHOP,202503032300-KMSC-UBUS01-PIREP,30000.0,35.29668016668017,-115.53299753630353,2025-03-03 23:19:00,2.0,U,"('KESX', 'KEYX', 'KSOX', 'KNKX', 'KYUX')","['s3://noaa-nexrad-level2/2025/03/03/KESX/KESX20250303_231807_V06', 's3://noaa-nexrad-level2/2025/03/03/KEYX/KEYX20250303_231236_V06', 's3://noaa-nexrad-level2/2025/03/03/KSOX/KSOX20250303_231604_V06', 's3://noaa-nexrad-level2/2025/03/03/KNKX/KNKX20250303_202239_V06', 's3://noaa-nexrad-level2/2025/03/03/KYUX/KYUX20250303_231503_V06']"
53868,F,A320,OLU UA /OV OBH/TM 2321/FL320/TP A320/TB CONS LGT CHOP,CONS LGT CHOP,202503032300-KMSC-UBUS01-PIREP,32000.0,41.38,-98.35,2025-03-03 23:21:00,1.0,M,"('KUEX', 'KOAX', 'KLNX', 'KFSD', 'KTWX')","['s3://noaa-nexrad-level2/2025/03/03/KUEX/KUEX20250303_231810_V06', 's3://noaa-nexrad-level2/2025/03/03/KOAX/KOAX20250303_231936_V06', 's3://noaa-nexrad-level2/2025/03/03/KLNX/KLNX20250303_231802_V06', 's3://noaa-nexrad-level2/2025/03/03/KFSD/KFSD20250303_231524_V06', 's3://noaa-nexrad-level2/2025/03/03/KTWX/KTWX20250303_231813_V06']"
53869,F,B737,DEN UA /OV DEN250020/TM 2321/FL110/TP B737/TA -20/WV -20KTS BJC FINAL/TB LT OCNL MOD TB 110-230/IC LT RIME 170,LT OCNL MOD TB 110-230,202503032300-KMSC-UBUS01-PIREP,11000.0,39.718784051005,-105.06542984594996,2025-03-03 23:21:00,3.0,M,"('KFTG', 'KCYS', 'KPUX', 'KGJX', 'KGLD')","['s3://noaa-nexrad-level2/2025/03/03/KFTG/KFTG20250303_232031_V06', 's3://noaa-nexrad-level2/2025/03/03/KCYS/KCYS20250303_231927_V06', 's3://noaa-nexrad-level2/2025/03/03/KPUX/KPUX20250303_231707_V06', 's3://noaa-nexrad-level2/2025/03/03/KGJX/KGJX20250303_231914_V06', 's3://noaa-nexrad-level2/2025/03/03/KGLD/KGLD20250303_231609_V06']"
53870,F,A320,PBI UA /OV PBI048035/TM 2321/FL230/TP A320/TB NEG 230,NEG 230,202503032300-KMSC-UBUS01-PIREP,23000.0,27.07505780349544,-79.61418403633951,2025-03-03 23:21:00,0.0,M,"('KMLB', 'KAMX', 'KAMX', 'KTBW', 'KBYX')","['s3://noaa-nexrad-level2/2025/03/03/KMLB/KMLB20250303_231932_V06', 's3://noaa-nexrad-level2/2025/03/03/KAMX/KAMX20250303_231929_V06', 's3://noaa-nexrad-level2/2025/03/03/KAMX/KAMX20250303_231929_V06', 's3://noaa-nexrad-level2/2025/03/03/KTBW/KTBW20250303_231834_V06', 's3://noaa-nexrad-level2/2025/03/03/KBYX/KBYX20250303_231814_V06']"
53871,F,B737,GSH UA /OV GSH170020/TM 2322/FL360/TP B737/TB NEG,NEG,202503032300-KMSC-UBUS01-PIREP,36000.0,41.19892415916001,-85.71489665437458,2025-03-03 23:22:00,0.0,M,"('KIWX', 'KIND', 'KGRR', 'KLOT', 'KILN')","['s3://noaa-nexrad-level2/2025/03/03/KIWX/KIWX20250303_231649_V06', 's3://noaa-nexrad-level2/2025/03/03/KIND/KIND20250303_231941_V06', 's3://noaa-nexrad-level2/2025/03/03/KGRR/KGRR20250303_231654_V06', 's3://noaa-nexrad-level2/2025/03/03/KLOT/KLOT20250303_231631_V06', 's3://noaa-nexrad-level2/2025/03/03/KILN/KILN20250303_232016_V06']"
53872,F,B717,LGC UA /OV LGC270030/TM 2323/FL230/TP B717/TB NEG/RM ZTLFD-09,NEG,202503032300-KMSC-UBUS01-PIREP,23000.0,33.00886,-85.66889982486833,2025-03-03 23:23:00,0.0,M,"('KMXX', 'KBMX', 'KFFC', 'KEOX', 'KHTX')","['s3://noaa-nexrad-level2/2025/03/03/KMXX/KMXX20250303_231601_V06', 's3://noaa-nexrad-level2/2025/03/03/KBMX/KBMX20250303_231748_V06', 's3://noaa-nexrad-level2/2025/03/03/KFFC/KFFC20250303_231821_V06', 's3://noaa-nexrad-level2/2025/03/03/KEOX/KEOX20250303_232038_V06', 's3://noaa-nexrad-level2/2025/03/03/KHTX/KHTX20250303_231801_V06']"
53873,F,B739,GRI UA /OV GRI030050/TM 2324/FL340/TP B739/TB INTMT LGT CHOP,INTMT LGT CHOP,202503032300-KMSC-UBUS01-PIREP,34000.0,41.689286293260245,-97.75777822605907,2025-03-03 23:24:00,1.0,M,"('KOAX', 'KUEX', 'KFSD', 'KLNX', 'KTWX')","['s3://noaa-nexrad-level2/2025/03/03/KOAX/KOAX20250303_231936_V06', 's3://noaa-nexrad-level2/2025/03/03/KUEX/KUEX20250303_232138_V06', 's3://noaa-nexrad-level2/2025/03/03/KFSD/KFSD20250303_232213_V06', 's3://noaa-nexrad-level2/2025/03/03/KLNX/KLNX20250303_232330_V06', 's3://noaa-nexrad-level2/2025/03/03/KTWX/KTWX20250303_231813_V06']"
53874,F,BE9L,ONM UA /OV ONM190010/TM 2324/FL230/TP BE9L/TB CONS MOD/RM ZAB/FDCS,CONS MOD,202503032300-KMSC-UBUS01-PIREP,23000.0,33.85832427958001,-106.93806056038456,2025-03-03 23:24:00,3.0,L,"('KHDX', 'KABX', 'KEPZ', 'KFDX', 'KEMX')","['s3://noaa-nexrad-level2/2025/03/03/KHDX/KHDX20250303_231856_V06', 's3://noaa-nexrad-level2/2025/03/03/KABX/KABX20250303_232346_V06', 's3://noaa-nexrad-level2/2025/03/03/KEPZ/KEPZ20250303_231846_V06', 's3://noaa-nexrad-level2/2025/03/03/KFDX/KFDX20250303_232359_V06', 's3://noaa-nexrad-level2/2025/03/03/KEMX/KEMX20250303_232320_V06']"
53875,F,A321,MGM UA /OV MGM270040/TM 2324/FL340/TP A321/TB NEG/RM ZTLFD-11,NEG,202503032300-KMSC-UBUS01-PIREP,34000.0,32.30064,-87.18274969950201,2025-03-03 23:24:00,0.0,M,"('KBMX', 'KMXX', 'KEOX', 'KMOB', 'KGWX')","['s3://noaa-nexrad-level2/2025/03/03/KBMX/KBMX20250303_231748_V06', 's3://noaa-nexrad-level2/2025/03/03/KMXX/KMXX20250303_232305_V06', 's3://noaa-nexrad-level2/2025/03/03/KEOX/KEOX20250303_232038_V06', 's3://noaa-nexrad-level2/2025/03/03/KMOB/KMOB20250303_232040_V06', 's3://noaa-nexrad-level2/2025/03/03/KGWX/KGWX20250303_231851_V06']"
53876,F,E145,GZH UA /OV MVC/TM 2325/FL200/TP E145/TB NEG/RM ZTLFD-14,NEG,202503032300-KMSC-UBUS01-PIREP,20000.0,31.45,-87.35,2025-03-03 23:25:00,0.0,M,"('KMOB', 'KEVX', 'KBMX', 'KEOX', 'KMXX')","['s3://noaa-nexrad-level2/2025/03/03/KMOB/KMOB20250303_232040_V06', 's3://noaa-nexrad-level2/2025/03/03/KEVX/KEVX20250303_231618_V06', 's3://noaa-nexrad-level2/2025/03/03/KBMX/KBMX20250303_231748_V06', 's3://noaa-nexrad-level2/2025/03/03/KEOX/KEOX20250303_232038_V06', 's3://noaa-nexrad-level2/2025/03/03/KMXX/KMXX20250303_232305_V06']"
53877,F,B739,TYS UA /OV VXV256029/TM 2326/FL360/TP B739/TB NEG/RM ZTLFD-40,NEG,202503032300-KMSC-UBUS01-PIREP,36000.0,35.78306161254181,-84.4690001790002,2025-03-03 23:26:00,0.0,M,"('KMRX', 'KHTX', 'KOHX', 'KJKL', 'KFFC')","['s3://noaa-nexrad-level2/2025/03/03/KMRX/KMRX20250303_232234_V06', 's3://noaa-nexrad-level2/2025/03/03/KHTX/KHTX20250303_232504_V06', 's3://noaa-nexrad-level2/2025/03/03/KOHX/KOHX20250303_232518_V06', 's3://noaa-nexrad-level2/2025/03/03/KJKL/KJKL20250303_232305_V06', 's3://noaa-nexrad-level2/2025/03/03/KFFC/KFFC20250303_232523_V06']"
53878,F,B738,ONL UA /OV ONL/TM 2327/FL380/TP B738/TB NEG,NEG,202503032300-KMSC-UBUS01-PIREP,38000.0,42.46972,-98.68806,2025-03-03 23:27:00,0.0,M,"('KLNX', 'KUEX', 'KFSD', 'KOAX', 'KABR')","['s3://noaa-nexrad-level2/2025/03/03/KLNX/KLNX20250303_232330_V06', 's3://noaa-nexrad-level2/2025/03/03/KUEX/KUEX20250303_232506_V06', 's3://noaa-nexrad-level2/2025/03/03/KFSD/KFSD20250303_232213_V06', 's3://noaa-nexrad-level2/2025/03/03/KOAX/KOAX20250303_232620_V06', 's3://noaa-nexrad-level2/2025/03/03/KABR/KABR20250303_232033_V06']"
53879,F,CRJ7,BMG UA /OV OOM12050/TM 2330/FL340/TP CRJ7/TB LGT,LGT,202503032300-KMSC-UBUS01-PIREP,34000.0,39.14,-86.61,2025-03-03 23:30:00,1.0,M,"('KIND', 'KLVX', 'KVWX', 'KIWX', 'KHPX')","['s3://noaa-nexrad-level2/2025/03/03/KIND/KIND20250303_232809_V06', 's3://noaa-nexrad-level2/2025/03/03/KLVX/KLVX20250303_232357_V06', 's3://noaa-nexrad-level2/2025/03/03/KVWX/KVWX20250303_232452_V06', 's3://noaa-nexrad-level2/2025/03/03/KIWX/KIWX20250303_232330_V06', 's3://noaa-nexrad-level2/2025/03/03/KHPX/KHPX20250303_232706_V06']"
53880,F,SR22,LWD UA /OV LWD320020/TM 2330/FL120/TP SR22/SK TOP050/TB NEG/IC NEG,NEG,202503032300-KMSC-UBUS01-PIREP,12000.0,40.88600483092698,-94.18281425628264,2025-03-03 23:30:00,0.0,L,"('KDMX', 'KEAX', 'KOAX', 'KTWX', 'KDVN')","['s3://noaa-nexrad-level2/2025/03/03/KDMX/KDMX20250303_232810_V06', 's3://noaa-nexrad-level2/2025/03/03/KEAX/KEAX20250303_232746_V06', 's3://noaa-nexrad-level2/2025/03/03/KOAX/KOAX20250303_232620_V06', 's3://noaa-nexrad-level2/2025/03/03/KTWX/KTWX20250303_232635_V06', 's3://noaa-nexrad-level2/2025/03/03/KDVN/KDVN20250303_232834_V06']"
53881,F,B737,HRO UA /OV RZC/TM 2330/FL370/TP B737/TB MOD CHOP/RM ZME,MOD CHOP,202503032300-KMSC-UBUS01-PIREP,37000.0,36.25,-94.12,2025-03-03 23:30:00,3.0,M,"('KSRX', 'KSGF', 'KINX', 'KLZK', 'KEAX')","['s3://noaa-nexrad-level2/2025/03/03/KSRX/KSRX20250303_232619_V06', 's3://noaa-nexrad-level2/2025/03/03/KSGF/KSGF20250303_232808_V06', 's3://noaa-nexrad-level2/2025/03/03/KINX/KINX20250303_232812_V06', 's3://noaa-nexrad-level2/2025/03/03/KLZK/KLZK20250303_232543_V06', 's3://noaa-nexrad-level2/2025/03/03/KEAX/KEAX20250303_232746_V06']"
53882,F,P46T,RNM UA /OV MZB015015/TM 2330/FL220/TP P46T/TB LGT-MOD/RM LASTED 1 MIN. COR SA-ID. ZLA CWSU,LGT-MOD,202503040000-KMSC-UBUS01-PIREP,22000.0,33.02150101658981,-117.15303352012064,2025-03-03 23:30:00,2.0,L,"('KNKX', 'KSOX', 'KEYX', 'KVTX', 'KYUX')","['s3://noaa-nexrad-level2/2025/03/03/KNKX/KNKX20250303_202239_V06', 's3://noaa-nexrad-level2/2025/03/03/KSOX/KSOX20250303_232654_V06', 's3://noaa-nexrad-level2/2025/03/03/KEYX/KEYX20250303_232650_V06', 's3://noaa-nexrad-level2/2025/03/03/KVTX/KVTX20250303_232712_V06', 's3://noaa-nexrad-level2/2025/03/03/KYUX/KYUX20250303_232345_V06']"
53883,T,C208,OXR UUA /OV FIM270020/TM 2330/FL080/TP C208/TB SEV/RM COR SA-ID. ZLA CWSU,SEV,202503040000-KMSC-UBUS01-PIREP,8000.0,34.36,-119.2838246110496,2025-03-03 23:30:00,5.0,L,"('KVTX', 'KVBX', 'KSOX', 'KEYX', 'KHNX')","['s3://noaa-nexrad-level2/2025/03/03/KVTX/KVTX20250303_232712_V06', 's3://noaa-nexrad-level2/2025/03/03/KVBX/KVBX20250303_232950_V06', 's3://noaa-nexrad-level2/2025/03/03/KSOX/KSOX20250303_232654_V06', 's3://noaa-nexrad-level2/2025/03/03/KEYX/KEYX20250303_232650_V06', 's3://noaa-nexrad-level2/2025/03/03/KHNX/KHNX20250303_232922_V06']"
53884,F,E170,DFW UA /OV MQP210025/TM 2331/FL240/TP E170/TA M04/TB LGT/IC MOD RIME/RM ZFW,LGT,202503032300-KMSC-UBUS01-PIREP,24000.0,32.36912685336988,-98.2476739463263,2025-03-03 23:31:00,1.0,U,"('KFWS', 'KDYX', 'KGRK', 'KFDR', 'KSJT')","['s3://noaa-nexrad-level2/2025/03/03/KFWS/KFWS20250303_232741_V06', 's3://noaa-nexrad-level2/2025/03/03/KDYX/KDYX20250303_232855_V06', 's3://noaa-nexrad-level2/2025/03/03/KGRK/KGRK20250303_232435_V06', 's3://noaa-nexrad-level2/2025/03/03/KFDR/KFDR20250303_232828_V06', 's3://noaa-nexrad-level2/2025/03/03/KSJT/KSJT20250303_232758_V06']"
53885,F,A35K,BTT UA /OV BTT250052/TM 2331/FL360/TP A35K/TB NEG/RM SMOOTH /ZAN/,NEG,202503032300-KMSC-UBUS01-PIREP,36000.0,66.61355853261301,-153.59678453288743,2025-03-03 23:31:00,0.0,U,"('PAPD', 'PAHG', 'PAKC', 'PABC', 'PAIH')","['s3://noaa-nexrad-level2/2025/03/03/PAPD/PAPD20250303_232821_V06', 's3://noaa-nexrad-level2/2025/03/03/PAHG/PAHG20250303_232935_V06', 's3://noaa-nexrad-level2/2025/03/03/PAKC/PAKC20250303_233015_V06', 's3://noaa-nexrad-level2/2025/03/03/PAIH/PAIH20250303_232713_V06']"
53886,F,A21N,ADU UA /OV ADU/TM 2331/FL280/TP A21N/TB NEG,NEG,202503032300-KMSC-UBUS01-PIREP,28000.0,41.6993527778,-94.9204416667,2025-03-03 23:31:00,0.0,U,"('KDMX', 'KOAX', 'KFSD', 'KEAX', 'KTWX')","['s3://noaa-nexrad-level2/2025/03/03/KDMX/KDMX20250303_232810_V06', 's3://noaa-nexrad-level2/2025/03/03/KOAX/KOAX20250303_232620_V06', 's3://noaa-nexrad-level2/2025/03/03/KFSD/KFSD20250303_232903_V06', 's3://noaa-nexrad-level2/2025/03/03/KEAX/KEAX20250303_232746_V06', 's3://noaa-nexrad-level2/2025/03/03/KTWX/KTWX20250303_232635_V06']"
53887,F,A20N,VRB UA /OV VRB214038/TM 2331/FL210/TP A20N/SK TOP 100/TB NEG/IC NEG,NEG,202503032300-KMSC-UBUS01-PIREP,21000.0,27.13046034104514,-80.8178074928558,2025-03-03 23:31:00,0.0,U,"('KMLB', 'KAMX', 'KAMX', 'KTBW', 'KBYX')","['s3://noaa-nexrad-level2/2025/03/03/KMLB/KMLB20250303_232840_V06', 's3://noaa-nexrad-level2/2025/03/03/KAMX/KAMX20250303_232729_V06', 's3://noaa-nexrad-level2/2025/03/03/KAMX/KAMX20250303_232729_V06', 's3://noaa-nexrad-level2/2025/03/03/KTBW/KTBW20250303_232948_V06', 's3://noaa-nexrad-level2/2025/03/03/KBYX/KBYX20250303_232505_V06']"
53888,F,A359,BTT UA /OV BTT060095/TM 2334/FL380/TP A359/TB LGT/RM /ZAN/,LGT,202503032300-KMSC-UBUS01-PIREP,38000.0,67.70173079173078,-148.02331494312148,2025-03-03 23:34:00,1.0,U,"('PAPD', 'PAHG', 'PAIH', 'PAIH', 'PAKC')","['s3://noaa-nexrad-level2/2025/03/03/PAPD/PAPD20250303_232821_V06', 's3://noaa-nexrad-level2/2025/03/03/PAHG/PAHG20250303_232935_V06', 's3://noaa-nexrad-level2/2025/03/03/PAIH/PAIH20250303_233149_V06', 's3://noaa-nexrad-level2/2025/03/03/PAIH/PAIH20250303_233149_V06', 's3://noaa-nexrad-level2/2025/03/03/PAKC/PAKC20250303_233015_V06']"
53889,F,CRJ7,TRI UA /OV HMV360020/TM 2334/FL230/TP CRJ7/TB NEG/RM ZTLFD-45,NEG,202503032300-KMSC-UBUS01-PIREP,23000.0,36.77336033336033,-82.13,2025-03-03 23:34:00,0.0,M,"('KMRX', 'KJKL', 'KRLX', 'KFCX', 'KGSP')","['s3://noaa-nexrad-level2/2025/03/03/KMRX/KMRX20250303_232932_V06', 's3://noaa-nexrad-level2/2025/03/03/KJKL/KJKL20250303_232952_V06', 's3://noaa-nexrad-level2/2025/03/03/KRLX/KRLX20250303_233139_V06', 's3://noaa-nexrad-level2/2025/03/03/KFCX/KFCX20250303_232658_V06', 's3://noaa-nexrad-level2/2025/03/03/KGSP/KGSP20250303_232804_V06']"
53890,F,B712,STL UA /OV FTZ/TM 2335/FL330/TP B712/TB NEG/RM ZKC FDC,NEG,202503032300-KMSC-UBUS01-PIREP,33000.0,38.69,-90.97,2025-03-03 23:35:00,0.0,M,"('KLSX', 'KILX', 'KPAH', 'KSGF', 'KDVN')","['s3://noaa-nexrad-level2/2025/03/03/KLSX/KLSX20250303_232859_V06', 's3://noaa-nexrad-level2/2025/03/03/KILX/KILX20250303_232931_V06', 's3://noaa-nexrad-level2/2025/03/03/KPAH/KPAH20250303_233247_V06', 's3://noaa-nexrad-level2/2025/03/03/KSGF/KSGF20250303_232808_V06', 's3://noaa-nexrad-level2/2025/03/03/KDVN/KDVN20250303_232834_V06']"
53891,F,A21N,UIN UA /OV UIN/TM 2335/FL340/TP A21N/TB NEG/RM ZKC FDC,NEG,202503032300-KMSC-UBUS01-PIREP,34000.0,39.94285,-91.19458,2025-03-03 23:35:00,0.0,U,"('KLSX', 'KDVN', 'KILX', 'KDMX', 'KEAX')","['s3://noaa-nexrad-level2/2025/03/03/KLSX/KLSX20250303_232859_V06', 's3://noaa-nexrad-level2/2025/03/03/KDVN/KDVN20250303_232834_V06', 's3://noaa-nexrad-level2/2025/03/03/KILX/KILX20250303_232931_V06', 's3://noaa-nexrad-level2/2025/03/03/KDMX/KDMX20250303_233456_V06', 's3://noaa-nexrad-level2/2025/03/03/KEAX/KEAX20250303_233427_V06']"
53892,F,GLF4,SDF UA /OV IIU010025/TM 2335/FL230/TP GLF4/TB CONS MOD/RM CONS MOD ABOVE 230 SMOOTH BELOW,CONS MOD,202503032300-KMSC-UBUS01-PIREP,23000.0,38.51036980104999,-85.48804924679456,2025-03-03 23:35:00,3.0,M,"('KLVX', 'KIND', 'KILN', 'KVWX', 'KJKL')","['s3://noaa-nexrad-level2/2025/03/03/KLVX/KLVX20250303_233050_V06', 's3://noaa-nexrad-level2/2025/03/03/KIND/KIND20250303_232809_V06', 's3://noaa-nexrad-level2/2025/03/03/KILN/KILN20250303_233000_V06', 's3://noaa-nexrad-level2/2025/03/03/KVWX/KVWX20250303_233156_V06', 's3://noaa-nexrad-level2/2025/03/03/KJKL/KJKL20250303_232952_V06']"
53893,F,A319,ONM UA /OV ONM275010/TM 2336/FL360/TP A319/TB LGT-MOD/RM ZAB/FDCS,LGT-MOD,202503032300-KMSC-UBUS01-PIREP,36000.0,34.03699933372832,-107.10347945865752,2025-03-03 23:36:00,2.0,M,"('KABX', 'KHDX', 'KEPZ', 'KFDX', 'KEMX')","['s3://noaa-nexrad-level2/2025/03/03/KABX/KABX20250303_233055_V06', 's3://noaa-nexrad-level2/2025/03/03/KHDX/KHDX20250303_233252_V06', 's3://noaa-nexrad-level2/2025/03/03/KEPZ/KEPZ20250303_233255_V06', 's3://noaa-nexrad-level2/2025/03/03/KFDX/KFDX20250303_233104_V06', 's3://noaa-nexrad-level2/2025/03/03/KEMX/KEMX20250303_233214_V06']"
53894,F,CRJ7,ELP UA /OV ELP090040/TM 2337/FL190/TP CRJ7/TB MOD 090-190/RM ZAB/FDCS,MOD 090-190,202503032300-KMSC-UBUS01-PIREP,19000.0,31.81111,-105.59125936875162,2025-03-03 23:37:00,3.0,M,"('KEPZ', 'KHDX', 'KMAF', 'KFDX', 'KABX')","['s3://noaa-nexrad-level2/2025/03/03/KEPZ/KEPZ20250303_233255_V06', 's3://noaa-nexrad-level2/2025/03/03/KHDX/KHDX20250303_233252_V06', 's3://noaa-nexrad-level2/2025/03/03/KMAF/KMAF20250303_233503_V06', 's3://noaa-nexrad-level2/2025/03/03/KFDX/KFDX20250303_233104_V06', 's3://noaa-nexrad-level2/2025/03/03/KABX/KABX20250303_233055_V06']"
53895,F,A320,HDN UA /OV CHE030047/TM 2337/FL280/TP A320/TB CONS MOD CHOP 300-280/RM DURD TO KDEN. ZDVWC-34,CONS MOD CHOP 300-280,202503032300-KMSC-UBUS01-PIREP,28000.0,41.19844151566463,-106.79472888782716,2025-03-03 23:37:00,3.0,M,"('KCYS', 'KRIW', 'KGJX', 'KFTG', 'KPUX')","['s3://noaa-nexrad-level2/2025/03/03/KCYS/KCYS20250303_233141_V06', 's3://noaa-nexrad-level2/2025/03/03/KRIW/KRIW20250303_232900_V06', 's3://noaa-nexrad-level2/2025/03/03/KGJX/KGJX20250303_233549_V06', 's3://noaa-nexrad-level2/2025/03/03/KFTG/KFTG20250303_233545_V06', 's3://noaa-nexrad-level2/2025/03/03/KPUX/KPUX20250303_233501_V06']"
53896,F,E75S,HTS UA /OV ECB/TM 2337/FL320/TP E75S/TB NEG,NEG,202503032300-KMSC-UBUS01-PIREP,32000.0,38.16,-82.91,2025-03-03 23:37:00,0.0,U,"('KJKL', 'KRLX', 'KILN', 'KMRX', 'KFCX')","['s3://noaa-nexrad-level2/2025/03/03/KJKL/KJKL20250303_233639_V06', 's3://noaa-nexrad-level2/2025/03/03/KRLX/KRLX20250303_233139_V06', 's3://noaa-nexrad-level2/2025/03/03/KILN/KILN20250303_233000_V06', 's3://noaa-nexrad-level2/2025/03/03/KMRX/KMRX20250303_233630_V06', 's3://noaa-nexrad-level2/2025/03/03/KFCX/KFCX20250303_233647_V06']"
53897,F,C68A,TLH UA /OV TLH/TM 2337/FL410/TP C68A/TB CONS LGT CHOP,CONS LGT CHOP,202503040000-KMSC-UBUS01-PIREP,41000.0,30.39354,-84.35135,2025-03-03 23:37:00,1.0,U,"('KTLH', 'KVAX', 'KEOX', 'KEVX', 'KJGX')","['s3://noaa-nexrad-level2/2025/03/03/KTLH/KTLH20250303_233412_V06', 's3://noaa-nexrad-level2/2025/03/03/KVAX/KVAX20250303_233004_V06', 's3://noaa-nexrad-level2/2025/03/03/KEOX/KEOX20250303_233447_V06', 's3://noaa-nexrad-level2/2025/03/03/KEVX/KEVX20250303_233349_V06', 's3://noaa-nexrad-level2/2025/03/03/KJGX/KJGX20250303_233657_V06']"
53898,F,E75L,FAI UA /OV FAI185085/TM 2338/FL270/TP E75L/TB NEG/RM SMOOTH /ZAN/,NEG,202503032300-KMSC-UBUS01-PIREP,27000.0,63.39860986424744,-148.14011851244828,2025-03-03 23:38:00,0.0,U,"('PAPD', 'PAHG', 'PAIH', 'PAIH', 'PAKC')","['s3://noaa-nexrad-level2/2025/03/03/PAPD/PAPD20250303_233525_V06', 's3://noaa-nexrad-level2/2025/03/03/PAHG/PAHG20250303_233425_V06', 's3://noaa-nexrad-level2/2025/03/03/PAIH/PAIH20250303_233626_V06', 's3://noaa-nexrad-level2/2025/03/03/PAIH/PAIH20250303_233626_V06', 's3://noaa-nexrad-level2/2025/03/03/PAKC/PAKC20250303_233716_V06']"
53899,F,CL35,RIL UA /OV RIL080010/TM 2338/FL090/TP CL35/TB LGT OCNL MOD/RM ZDVWC-11,LGT OCNL MOD,202503032300-KMSC-UBUS01-PIREP,9000.0,39.55525370719723,-107.51412913309083,2025-03-03 23:38:00,2.0,U,"('KGJX', 'KFTG', 'KCYS', 'KPUX', 'KRIW')","['s3://noaa-nexrad-level2/2025/03/03/KGJX/KGJX20250303_233549_V06', 's3://noaa-nexrad-level2/2025/03/03/KFTG/KFTG20250303_233545_V06', 's3://noaa-nexrad-level2/2025/03/03/KCYS/KCYS20250303_233748_V06', 's3://noaa-nexrad-level2/2025/03/03/KPUX/KPUX20250303_233501_V06', 's3://noaa-nexrad-level2/2025/03/03/KRIW/KRIW20250303_233734_V06']"
53900,F,B738,PMD UA /OV PMD/TM 2338/FL370/TP B738/TB MOD/RM IMPROVED E OF PMD TO CONS LGT CHOP. COR SA-ID. ZLA CWSU,MOD,202503032300-KMSC-UBUS01-PIREP,37000.0,34.62939,-118.08455,2025-03-03 23:38:00,3.0,M,"('KEYX', 'KSOX', 'KVTX', 'KNKX', 'KHNX')","['s3://noaa-nexrad-level2/2025/03/03/KEYX/KEYX20250303_233345_V06', 's3://noaa-nexrad-level2/2025/03/03/KSOX/KSOX20250303_233744_V06', 's3://noaa-nexrad-level2/2025/03/03/KVTX/KVTX20250303_233414_V06', 's3://noaa-nexrad-level2/2025/03/03/KNKX/KNKX20250303_202239_V06', 's3://noaa-nexrad-level2/2025/03/03/KHNX/KHNX20250303_233638_V06']"
53901,F,E145,GRD UA /OV GRD/TM 2340/FL210/TP E145/TB NEG/RM ZTLFD-31,NEG,202503032300-KMSC-UBUS01-PIREP,21000.0,34.25,-82.16,2025-03-03 23:40:00,0.0,M,"('KGSP', 'KCAE', 'KCLX', 'KJGX', 'KMRX')","['s3://noaa-nexrad-level2/2025/03/03/KGSP/KGSP20250303_233647_V06', 's3://noaa-nexrad-level2/2025/03/03/KCAE/KCAE20250303_233742_V06', 's3://noaa-nexrad-level2/2025/03/03/KCLX/KCLX20250303_233316_V06', 's3://noaa-nexrad-level2/2025/03/03/KJGX/KJGX20250303_233657_V06', 's3://noaa-nexrad-level2/2025/03/03/KMRX/KMRX20250303_233630_V06']"
53902,F,CRJ7,AHN UA /OV AHN/TM 2341/FL230/TP CRJ7/TB NEG/RM ZTLFD-32,NEG,202503032300-KMSC-UBUS01-PIREP,23000.0,33.9486,-83.32635,2025-03-03 23:41:00,0.0,M,"('KJGX', 'KFFC', 'KGSP', 'KCAE', 'KMRX')","['s3://noaa-nexrad-level2/2025/03/03/KJGX/KJGX20250303_233657_V06', 's3://noaa-nexrad-level2/2025/03/03/KFFC/KFFC20250303_234039_V06', 's3://noaa-nexrad-level2/2025/03/03/KGSP/KGSP20250303_233647_V06', 's3://noaa-nexrad-level2/2025/03/03/KCAE/KCAE20250303_233742_V06', 's3://noaa-nexrad-level2/2025/03/03/KMRX/KMRX20250303_233630_V06']"
53903,F,C700,GSO UA /OV GSO/TM 2341/FL230/TP C700/TB NEG/RM ZTLFD-29,NEG,202503032300-KMSC-UBUS01-PIREP,23000.0,36.0975,-79.94361,2025-03-03 23:41:00,0.0,U,"('KFCX', 'KRAX', 'KCAE', 'KGSP', 'KLTX')","['s3://noaa-nexrad-level2/2025/03/03/KFCX/KFCX20250303_233647_V06', 's3://noaa-nexrad-level2/2025/03/03/KRAX/KRAX20250303_234014_V06', 's3://noaa-nexrad-level2/2025/03/03/KCAE/KCAE20250303_233742_V06', 's3://noaa-nexrad-level2/2025/03/03/KGSP/KGSP20250303_233647_V06', 's3://noaa-nexrad-level2/2025/03/03/KLTX/KLTX20250303_234013_V06']"
53904,F,B737,CAE UA /OV CAE/TM 2341/FL290/TP B737/TB LGT CHOP/RM ZTLFD-32,LGT CHOP,202503032300-KMSC-UBUS01-PIREP,29000.0,33.9419,-81.1181,2025-03-03 23:41:00,1.0,M,"('KCAE', 'KCLX', 'KGSP', 'KJGX', 'KLTX')","['s3://noaa-nexrad-level2/2025/03/03/KCAE/KCAE20250303_233742_V06', 's3://noaa-nexrad-level2/2025/03/03/KCLX/KCLX20250303_233316_V06', 's3://noaa-nexrad-level2/2025/03/03/KGSP/KGSP20250303_233647_V06', 's3://noaa-nexrad-level2/2025/03/03/KJGX/KJGX20250303_233657_V06', 's3://noaa-nexrad-level2/2025/03/03/KLTX/KLTX20250303_234013_V06']"
53905,F,B738,SLC UA /OV KSLC280006/TM 2341/FL110/TP B738/TA M11/TB LGT-MOD/IC LGT RIME/RM DURD SKEES6,LGT-MOD,202503032300-KMSC-UBUS01-PIREP,11000.0,40.79736622431834,-112.10006570022377,2025-03-03 23:41:00,2.0,M,"('KMTX', 'KSFX', 'KICX', 'KGJX', 'KRIW')","['s3://noaa-nexrad-level2/2025/03/03/KMTX/KMTX20250303_233520_V06', 's3://noaa-nexrad-level2/2025/03/03/KSFX/KSFX20250303_234034_V06', 's3://noaa-nexrad-level2/2025/03/03/KICX/KICX20250303_234007_V06', 's3://noaa-nexrad-level2/2025/03/03/KGJX/KGJX20250303_233549_V06', 's3://noaa-nexrad-level2/2025/03/03/KRIW/KRIW20250303_233734_V06']"
53906,F,A321,GSO UA /OV GSO/TM 2342/FL360/TP A321/TB NEG/RM ZTLFD-28,NEG,202503032300-KMSC-UBUS01-PIREP,36000.0,36.0975,-79.94361,2025-03-03 23:42:00,0.0,M,"('KFCX', 'KRAX', 'KCAE', 'KGSP', 'KLTX')","['s3://noaa-nexrad-level2/2025/03/03/KFCX/KFCX20250303_233647_V06', 's3://noaa-nexrad-level2/2025/03/03/KRAX/KRAX20250303_234014_V06', 's3://noaa-nexrad-level2/2025/03/03/KCAE/KCAE20250303_233742_V06', 's3://noaa-nexrad-level2/2025/03/03/KGSP/KGSP20250303_233647_V06', 's3://noaa-nexrad-level2/2025/03/03/KLTX/KLTX20250303_234013_V06']"
53907,F,A320,ATL UA /OV ATL/TM 2343/FL380/TP A320/TB NEG/IC NEG/RM ZTLFD-27,NEG,202503032300-KMSC-UBUS01-PIREP,38000.0,33.6301,-84.4418,2025-03-03 23:43:00,0.0,M,"('KFFC', 'KJGX', 'KMXX', 'KHTX', 'KBMX')","['s3://noaa-nexrad-level2/2025/03/03/KFFC/KFFC20250303_234039_V06', 's3://noaa-nexrad-level2/2025/03/03/KJGX/KJGX20250303_233657_V06', 's3://noaa-nexrad-level2/2025/03/03/KMXX/KMXX20250303_233711_V06', 's3://noaa-nexrad-level2/2025/03/03/KHTX/KHTX20250303_233905_V06', 's3://noaa-nexrad-level2/2025/03/03/KBMX/KBMX20250303_233618_V06']"
53908,F,A320,CSV UA /OV HCH120010/TM 2343/FL170/TP A320/TB NEG/RM ZTLFD-41,NEG,202503032300-KMSC-UBUS01-PIREP,17000.0,35.69665991665992,-84.80206956755588,2025-03-03 23:43:00,0.0,M,"('KMRX', 'KHTX', 'KOHX', 'KFFC', 'KJKL')","['s3://noaa-nexrad-level2/2025/03/03/KMRX/KMRX20250303_233630_V06', 's3://noaa-nexrad-level2/2025/03/03/KHTX/KHTX20250303_233905_V06', 's3://noaa-nexrad-level2/2025/03/03/KOHX/KOHX20250303_234238_V06', 's3://noaa-nexrad-level2/2025/03/03/KFFC/KFFC20250303_234039_V06', 's3://noaa-nexrad-level2/2025/03/03/KJKL/KJKL20250303_233639_V06']"
53909,F,B738,DBN UA /OV DBN110015/TM 2343/FL310/TP B738/TB LGT CHOP/RM ZTLFD-20,LGT CHOP,202503032300-KMSC-UBUS01-PIREP,31000.0,32.47890473825376,-82.70650958245685,2025-03-03 23:43:00,1.0,M,"('KJGX', 'KVAX', 'KCLX', 'KFFC', 'KCAE')","['s3://noaa-nexrad-level2/2025/03/03/KJGX/KJGX20250303_233657_V06', 's3://noaa-nexrad-level2/2025/03/03/KVAX/KVAX20250303_233707_V06', 's3://noaa-nexrad-level2/2025/03/03/KCLX/KCLX20250303_234200_V06', 's3://noaa-nexrad-level2/2025/03/03/KFFC/KFFC20250303_234039_V06', 's3://noaa-nexrad-level2/2025/03/03/KCAE/KCAE20250303_233742_V06']"
53910,F,B753,GRI UA /OV GRI075030/TM 2343/FL260/TP B753/TB COSN LGT,COSN LGT,202503032300-KMSC-UBUS01-PIREP,26000.0,41.09696000473307,-97.6699709520105,2025-03-03 23:43:00,1.0,M,"('KUEX', 'KOAX', 'KTWX', 'KFSD', 'KLNX')","['s3://noaa-nexrad-level2/2025/03/03/KUEX/KUEX20250303_234221_V06', 's3://noaa-nexrad-level2/2025/03/03/KOAX/KOAX20250303_233949_V06', 's3://noaa-nexrad-level2/2025/03/03/KTWX/KTWX20250303_233458_V06', 's3://noaa-nexrad-level2/2025/03/03/KFSD/KFSD20250303_234246_V06', 's3://noaa-nexrad-level2/2025/03/03/KLNX/KLNX20250303_233952_V06']"
53911,F,B737,LEX UA /OV FLM/TM 2343/FL380/TP B737/TB NEG,NEG,202503040000-KMSC-UBUS01-PIREP,38000.0,38.65,-84.31,2025-03-03 23:43:00,0.0,M,"('KILN', 'KJKL', 'KLVX', 'KIND', 'KRLX')","['s3://noaa-nexrad-level2/2025/03/03/KILN/KILN20250303_233942_V06', 's3://noaa-nexrad-level2/2025/03/03/KJKL/KJKL20250303_233639_V06', 's3://noaa-nexrad-level2/2025/03/03/KLVX/KLVX20250303_233743_V06', 's3://noaa-nexrad-level2/2025/03/03/KIND/KIND20250303_233635_V06', 's3://noaa-nexrad-level2/2025/03/03/KRLX/KRLX20250303_233929_V06']"
53912,F,B712,MCN UA /OV MCN360020/TM 2344/FL230/TP B712/TB NEG/RM ZTLFD-19,NEG,202503032300-KMSC-UBUS01-PIREP,23000.0,33.02621033336033,-83.64921,2025-03-03 23:44:00,0.0,M,"('KJGX', 'KFFC', 'KMXX', 'KVAX', 'KGSP')","['s3://noaa-nexrad-level2/2025/03/03/KJGX/KJGX20250303_234354_V06', 's3://noaa-nexrad-level2/2025/03/03/KFFC/KFFC20250303_234039_V06', 's3://noaa-nexrad-level2/2025/03/03/KMXX/KMXX20250303_233711_V06', 's3://noaa-nexrad-level2/2025/03/03/KVAX/KVAX20250303_233707_V06', 's3://noaa-nexrad-level2/2025/03/03/KGSP/KGSP20250303_233647_V06']"
53913,F,CL30,PUB UA /OV PUB/TM 2344/FL390/TP CL30/TB NEG/RM ZDVWC-,NEG,202503032300-KMSC-UBUS01-PIREP,39000.0,38.29,-104.49833,2025-03-03 23:44:00,0.0,U,"('KPUX', 'KFTG', 'KCYS', 'KGLD', 'KFDX')","['s3://noaa-nexrad-level2/2025/03/03/KPUX/KPUX20250303_234351_V06', 's3://noaa-nexrad-level2/2025/03/03/KFTG/KFTG20250303_234055_V06', 's3://noaa-nexrad-level2/2025/03/03/KCYS/KCYS20250303_234356_V06', 's3://noaa-nexrad-level2/2025/03/03/KGLD/KGLD20250303_233523_V06', 's3://noaa-nexrad-level2/2025/03/03/KFDX/KFDX20250303_233759_V06']"
53914,F,CL30,PUB UA /OV PUB/TM 2344/FL390/TP CL30/TB NEG/RM ZDVWC,NEG,202503032350-KWBC-UBUS31-PRCUS,39000.0,38.29,-104.49833,2025-03-03 23:44:00,0.0,U,"('KPUX', 'KFTG', 'KCYS', 'KGLD', 'KFDX')","['s3://noaa-nexrad-level2/2025/03/03/KPUX/KPUX20250303_234351_V06', 's3://noaa-nexrad-level2/2025/03/03/KFTG/KFTG20250303_234055_V06', 's3://noaa-nexrad-level2/2025/03/03/KCYS/KCYS20250303_234356_V06', 's3://noaa-nexrad-level2/2025/03/03/KGLD/KGLD20250303_233523_V06', 's3://noaa-nexrad-level2/2025/03/03/KFDX/KFDX20250303_233759_V06']"
53915,F,E170,ATL UA /OV ATL350030/TM 2345/FL190/TP E170/TB NEG/RM ZTLFD-41,NEG,202503032300-KMSC-UBUS01-PIREP,19000.0,34.12254376125998,-84.54608531205604,2025-03-03 23:45:00,0.0,U,"('KFFC', 'KHTX', 'KJGX', 'KMXX', 'KMRX')","['s3://noaa-nexrad-level2/2025/03/03/KFFC/KFFC20250303_234039_V06', 's3://noaa-nexrad-level2/2025/03/03/KHTX/KHTX20250303_233905_V06', 's3://noaa-nexrad-level2/2025/03/03/KJGX/KJGX20250303_234354_V06', 's3://noaa-nexrad-level2/2025/03/03/KMXX/KMXX20250303_234415_V06', 's3://noaa-nexrad-level2/2025/03/03/KMRX/KMRX20250303_234332_V06']"
53916,F,E75L,DTA UA /OV DTA008016/TM 2345/FL230/TP E75L/TB MOD CHOP /ZLC,MOD CHOP,202503032300-KMSC-UBUS01-PIREP,23000.0,39.64469287480943,-112.45968148944888,2025-03-03 23:45:00,3.0,U,"('KMTX', 'KICX', 'KSFX', 'KGJX', 'KLRX')","['s3://noaa-nexrad-level2/2025/03/03/KMTX/KMTX20250303_234104_V06', 's3://noaa-nexrad-level2/2025/03/03/KICX/KICX20250303_234007_V06', 's3://noaa-nexrad-level2/2025/03/03/KSFX/KSFX20250303_234034_V06', 's3://noaa-nexrad-level2/2025/03/03/KGJX/KGJX20250303_234121_V06', 's3://noaa-nexrad-level2/2025/03/03/KLRX/KLRX20250303_234210_V06']"
53917,F,SR20,RYN UA /OV RYN/TM 2345/FL030/TP SR20/TB MOD,MOD,202503032300-KMSC-UBUS01-PIREP,3000.0,32.14222,-111.17458,2025-03-03 23:45:00,3.0,L,"('KEMX', 'KIWA', 'KFSX', 'KFSX', 'KYUX')","['s3://noaa-nexrad-level2/2025/03/03/KEMX/KEMX20250303_234119_V06', 's3://noaa-nexrad-level2/2025/03/03/KIWA/KIWA20250303_233940_V06', 's3://noaa-nexrad-level2/2025/03/03/KFSX/KFSX20250303_234128_V06', 's3://noaa-nexrad-level2/2025/03/03/KFSX/KFSX20250303_234128_V06', 's3://noaa-nexrad-level2/2025/03/03/KYUX/KYUX20250303_234108_V06']"
53918,F,BE9L,TCS UA /OV TCS180010/TM 2345/FL140/TP BE9L/TB OCNL LGT-MOD/RM ZAB/FDCS,OCNL LGT-MOD,202503032300-KMSC-UBUS01-PIREP,14000.0,33.06998983331983,-107.26806,2025-03-03 23:45:00,2.0,L,"('KHDX', 'KEPZ', 'KABX', 'KEMX', 'KFDX')","['s3://noaa-nexrad-level2/2025/03/03/KHDX/KHDX20250303_233950_V06', 's3://noaa-nexrad-level2/2025/03/03/KEPZ/KEPZ20250303_234000_V06', 's3://noaa-nexrad-level2/2025/03/03/KABX/KABX20250303_233803_V06', 's3://noaa-nexrad-level2/2025/03/03/KEMX/KEMX20250303_234119_V06', 's3://noaa-nexrad-level2/2025/03/03/KFDX/KFDX20250303_234453_V06']"
53919,F,B737,VEL UA /OV MTU/TM 2345/FL390/TP B737/TB OCNL LGT CHOP/RM ZDVWC-03,OCNL LGT CHOP,202503032300-KMSC-UBUS01-PIREP,39000.0,40.15,-110.13,2025-03-03 23:45:00,1.0,M,"('KGJX', 'KMTX', 'KRIW', 'KICX', 'KSFX')","['s3://noaa-nexrad-level2/2025/03/03/KGJX/KGJX20250303_234121_V06', 's3://noaa-nexrad-level2/2025/03/03/KMTX/KMTX20250303_234104_V06', 's3://noaa-nexrad-level2/2025/03/03/KRIW/KRIW20250303_233734_V06', 's3://noaa-nexrad-level2/2025/03/03/KICX/KICX20250303_234007_V06', 's3://noaa-nexrad-level2/2025/03/03/KSFX/KSFX20250303_234034_V06']"
53920,F,BCS1,SIT UA /OV BKA118111/TM 2345/FL350/TP BCS1/TB NEG/RM /ZAN/,NEG,202503040000-KMSC-UBUS01-PIREP,35000.0,55.99140725846207,-132.5618434222359,2025-03-03 23:45:00,0.0,U,"('PACG', 'KLGX', 'KATX', 'KRTX', 'PAIH')","['s3://noaa-nexrad-level2/2025/03/03/PACG/PACG20250303_172929_V06', 's3://noaa-nexrad-level2/2025/03/03/KLGX/KLGX20250303_233752_V06', 's3://noaa-nexrad-level2/2025/03/03/KATX/KATX20250303_233938_V06', 's3://noaa-nexrad-level2/2025/03/03/KRTX/KRTX20250303_233948_V06', 's3://noaa-nexrad-level2/2025/03/03/PAIH/PAIH20250303_234101_V06']"
53921,F,P28A,DVT UA /OV KDVT /TM 2346 /FL055 /TP P28A /TB OCNL LGT,OCNL LGT,202503032300-KMSC-UBUS01-PIREP,5500.0,33.68831,-112.08256,2025-03-03 23:46:00,1.0,L,"('KIWA', 'KFSX', 'KFSX', 'KEMX', 'KYUX')","['s3://noaa-nexrad-level2/2025/03/03/KIWA/KIWA20250303_233940_V06', 's3://noaa-nexrad-level2/2025/03/03/KFSX/KFSX20250303_234550_V06', 's3://noaa-nexrad-level2/2025/03/03/KFSX/KFSX20250303_234550_V06', 's3://noaa-nexrad-level2/2025/03/03/KEMX/KEMX20250303_234542_V06', 's3://noaa-nexrad-level2/2025/03/03/KYUX/KYUX20250303_234108_V06']"
53922,F,C510,GTF UA /OV GTF040008/TM 2347/FL105/TP C510/SK OVC039-TOPUNKN/TB NEG/IC NEG/RM CURC,NEG,202503032300-KMSC-UBUS01-PIREP,10500.0,47.57544753237079,-111.25539472934976,2025-03-03 23:47:00,0.0,U,"('KTFX', 'KMSX', 'KBLX', 'KGGW', 'KSFX')","['s3://noaa-nexrad-level2/2025/03/03/KTFX/KTFX20250303_234232_V06', 's3://noaa-nexrad-level2/2025/03/03/KMSX/KMSX20250303_233502_V06', 's3://noaa-nexrad-level2/2025/03/03/KBLX/KBLX20250303_234256_V06', 's3://noaa-nexrad-level2/2025/03/03/KGGW/KGGW20250303_234637_V06', 's3://noaa-nexrad-level2/2025/03/03/KSFX/KSFX20250303_234511_V06']"
53923,F,C172,TIX UA /OV TIX/TM 2347/FL020/TP C172/SK CLR/TB NEG,NEG,202503032300-KMSC-UBUS01-PIREP,2000.0,28.5148,-80.79923,2025-03-03 23:47:00,0.0,L,"('KMLB', 'KTBW', 'KJAX', 'KAMX', 'KAMX')","['s3://noaa-nexrad-level2/2025/03/03/KMLB/KMLB20250303_234649_V06', 's3://noaa-nexrad-level2/2025/03/03/KTBW/KTBW20250303_234621_V06', 's3://noaa-nexrad-level2/2025/03/03/KJAX/KJAX20250303_153242_V06', 's3://noaa-nexrad-level2/2025/03/03/KAMX/KAMX20250303_234417_V06', 's3://noaa-nexrad-level2/2025/03/03/KAMX/KAMX20250303_234417_V06']"
53924,F,C510,GTF UA /OV GTF040020/TM 2347/FL160/TP C510/SK OVC040-160/TB NEG/IC NEG/RM DURC,NEG,202503032300-KMSC-UBUS01-PIREP,16000.0,47.72866883092698,-111.06518682337436,2025-03-03 23:47:00,0.0,U,"('KTFX', 'KMSX', 'KBLX', 'KGGW', 'KSFX')","['s3://noaa-nexrad-level2/2025/03/03/KTFX/KTFX20250303_234232_V06', 's3://noaa-nexrad-level2/2025/03/03/KMSX/KMSX20250303_233502_V06', 's3://noaa-nexrad-level2/2025/03/03/KBLX/KBLX20250303_234256_V06', 's3://noaa-nexrad-level2/2025/03/03/KGGW/KGGW20250303_234637_V06', 's3://noaa-nexrad-level2/2025/03/03/KSFX/KSFX20250303_234511_V06']"
53925,F,PC12,DUT UA /OV DUT/TM 2347/FL050/TP PC12/SK TOP090-038/TA M13/TB NEG/IC LGT RIME UNKN/RM DURD /ZAN/,NEG,202503040000-KMSC-UBUS01-PIREP,5000.0,53.89,-166.54,2025-03-03 23:47:00,0.0,L,"('PABC', 'PAEC', 'PAKC', 'PAHG', 'PAIH')","['s3://noaa-nexrad-level2/2025/03/03/PAEC/PAEC20250303_234059_V06', 's3://noaa-nexrad-level2/2025/03/03/PAKC/PAKC20250303_234418_V06', 's3://noaa-nexrad-level2/2025/03/03/PAHG/PAHG20250303_234404_V06', 's3://noaa-nexrad-level2/2025/03/03/PAIH/PAIH20250303_234537_V06']"
53926,F,B752,TAD UA /OV TBE/TM 2348/FL410/TP B752/TB CONS LGT/RM ZDVWC-,CONS LGT,202503032300-KMSC-UBUS01-PIREP,41000.0,37.27,-103.6,2025-03-03 23:48:00,1.0,M,"('KPUX', 'KFDX', 'KFTG', 'KAMA', 'KGLD')","['s3://noaa-nexrad-level2/2025/03/03/KPUX/KPUX20250303_234351_V06', 's3://noaa-nexrad-level2/2025/03/03/KFDX/KFDX20250303_234453_V06', 's3://noaa-nexrad-level2/2025/03/03/KFTG/KFTG20250303_234558_V06', 's3://noaa-nexrad-level2/2025/03/03/KAMA/KAMA20250303_234139_V06', 's3://noaa-nexrad-level2/2025/03/03/KGLD/KGLD20250303_234500_V06']"
53927,F,B752,TAD UA /OV TBE/TM 2348/FL410/TP B752/TB CONS LGT/RM ZDVWC,CONS LGT,202503032355-KWBC-UBUS31-PRCUS,41000.0,37.27,-103.6,2025-03-03 23:48:00,1.0,M,"('KPUX', 'KFDX', 'KFTG', 'KAMA', 'KGLD')","['s3://noaa-nexrad-level2/2025/03/03/KPUX/KPUX20250303_234351_V06', 's3://noaa-nexrad-level2/2025/03/03/KFDX/KFDX20250303_234453_V06', 's3://noaa-nexrad-level2/2025/03/03/KFTG/KFTG20250303_234558_V06', 's3://noaa-nexrad-level2/2025/03/03/KAMA/KAMA20250303_234139_V06', 's3://noaa-nexrad-level2/2025/03/03/KGLD/KGLD20250303_234500_V06']"
53928,F,B737,CKB UA /OV EKN330015/TM 2348/FL340/TP B737/TB LGT,LGT,202503032300-KMSC-UBUS01-PIREP,34000.0,39.10180388797807,-80.01337790550654,2025-03-03 23:48:00,1.0,M,"('KPBZ', 'KRLX', 'KFCX', 'KLWX', 'KCCX')","['s3://noaa-nexrad-level2/2025/03/03/KPBZ/KPBZ20250303_234728_V06', 's3://noaa-nexrad-level2/2025/03/03/KRLX/KRLX20250303_234612_V06', 's3://noaa-nexrad-level2/2025/03/03/KFCX/KFCX20250303_234512_V06', 's3://noaa-nexrad-level2/2025/03/03/KLWX/KLWX20250303_234401_V06', 's3://noaa-nexrad-level2/2025/03/03/KCCX/KCCX20250303_234420_V06']"
53929,F,A321,GLD UA /OV GLD110015/TM 2349/FL350/TP A321/TB LGT CHOP/RM ZDVWC-17,LGT CHOP,202503032300-KMSC-UBUS01-PIREP,35000.0,39.28170803825376,-101.3894324178214,2025-03-03 23:49:00,1.0,M,"('KGLD', 'KDDC', 'KLNX', 'KPUX', 'KUEX')","['s3://noaa-nexrad-level2/2025/03/03/KGLD/KGLD20250303_234500_V06', 's3://noaa-nexrad-level2/2025/03/03/KDDC/KDDC20250303_234243_V06', 's3://noaa-nexrad-level2/2025/03/03/KLNX/KLNX20250303_234502_V06', 's3://noaa-nexrad-level2/2025/03/03/KPUX/KPUX20250303_234817_V06', 's3://noaa-nexrad-level2/2025/03/03/KUEX/KUEX20250303_234659_V06']"
53930,F,A320,CHS UA /OV CHS/TM 2349/FL370/TP A320/TB CONS LGT CHOP,CONS LGT CHOP,202503040000-KMSC-UBUS01-PIREP,37000.0,32.8986,-80.0405,2025-03-03 23:49:00,1.0,M,"('KCLX', 'KCAE', 'KLTX', 'KJAX', 'KGSP')","['s3://noaa-nexrad-level2/2025/03/03/KCLX/KCLX20250303_234200_V06', 's3://noaa-nexrad-level2/2025/03/03/KCAE/KCAE20250303_234638_V06', 's3://noaa-nexrad-level2/2025/03/03/KLTX/KLTX20250303_234712_V06', 's3://noaa-nexrad-level2/2025/03/03/KJAX/KJAX20250303_153242_V06', 's3://noaa-nexrad-level2/2025/03/03/KGSP/KGSP20250303_234531_V06']"
53931,F,FA7X,LAA UA /OV LAA/TM 2350/FL400/TP FA7X/TB CONS LGT OCNL MOD/RM ZDVWC-,CONS LGT OCNL MOD,202503032300-KMSC-UBUS01-PIREP,40000.0,38.07,-102.68806,2025-03-03 23:50:00,2.0,U,"('KPUX', 'KGLD', 'KFTG', 'KDDC', 'KAMA')","['s3://noaa-nexrad-level2/2025/03/03/KPUX/KPUX20250303_234817_V06', 's3://noaa-nexrad-level2/2025/03/03/KGLD/KGLD20250303_234500_V06', 's3://noaa-nexrad-level2/2025/03/03/KFTG/KFTG20250303_234558_V06', 's3://noaa-nexrad-level2/2025/03/03/KDDC/KDDC20250303_234927_V06', 's3://noaa-nexrad-level2/2025/03/03/KAMA/KAMA20250303_234834_V06']"
53932,F,FA7X,LAA UA /OV LAA/TM 2350/FL400/TP FA7X/TB CONS LGT OCNL MOD/RM ZDVWC,CONS LGT OCNL MOD,202503032355-KWBC-UBUS31-PRCUS,40000.0,38.07,-102.68806,2025-03-03 23:50:00,2.0,U,"('KPUX', 'KGLD', 'KFTG', 'KDDC', 'KAMA')","['s3://noaa-nexrad-level2/2025/03/03/KPUX/KPUX20250303_234817_V06', 's3://noaa-nexrad-level2/2025/03/03/KGLD/KGLD20250303_234500_V06', 's3://noaa-nexrad-level2/2025/03/03/KFTG/KFTG20250303_234558_V06', 's3://noaa-nexrad-level2/2025/03/03/KDDC/KDDC20250303_234927_V06', 's3://noaa-nexrad-level2/2025/03/03/KAMA/KAMA20250303_234834_V06']"
53933,F,B737,LVS UA /OV FTI090030/TM 2350/FL340/TP B737/TB CONS LGT CAT/RM ZAB/FDCS,CONS LGT CAT,202503032300-KMSC-UBUS01-PIREP,34000.0,35.66,-104.52455850728786,2025-03-03 23:50:00,1.0,M,"('KFDX', 'KABX', 'KPUX', 'KAMA', 'KHDX')","['s3://noaa-nexrad-level2/2025/03/03/KFDX/KFDX20250303_234453_V06', 's3://noaa-nexrad-level2/2025/03/03/KABX/KABX20250303_234511_V06', 's3://noaa-nexrad-level2/2025/03/03/KPUX/KPUX20250303_234817_V06', 's3://noaa-nexrad-level2/2025/03/03/KAMA/KAMA20250303_234834_V06', 's3://noaa-nexrad-level2/2025/03/03/KHDX/KHDX20250303_234647_V06']"
53934,F,E50P,SWO UA /OV SWO030020/TM 2350/FL210/TP E50P/TB LGT-MOD CAT 160-210/RM ZKC FDC,LGT-MOD CAT 160-210,202503040000-KMSC-UBUS01-PIREP,21000.0,36.4499185173041,-96.87923910684437,2025-03-03 23:50:00,2.0,U,"('KTLX', 'KVNX', 'KICT', 'KINX', 'KOUN')","['s3://noaa-nexrad-level2/2025/03/03/KTLX/KTLX20250303_234320_V06', 's3://noaa-nexrad-level2/2025/03/03/KVNX/KVNX20250303_234650_V06', 's3://noaa-nexrad-level2/2025/03/03/KICT/KICT20250303_234856_V06', 's3://noaa-nexrad-level2/2025/03/03/KINX/KINX20250303_234831_V06']"
53935,F,E170,SSI UA /OV SSI020040/TM 2351/FL180/TP E170/TB NEG BLO,NEG BLO,202503040000-KMSC-UBUS01-PIREP,18000.0,31.77873249064287,-81.12437408059137,2025-03-03 23:51:00,0.0,U,"('KCLX', 'KJAX', 'KVAX', 'KCAE', 'KJGX')","['s3://noaa-nexrad-level2/2025/03/03/KCLX/KCLX20250303_235034_V06', 's3://noaa-nexrad-level2/2025/03/03/KJAX/KJAX20250303_153242_V06', 's3://noaa-nexrad-level2/2025/03/03/KVAX/KVAX20250303_234836_V06', 's3://noaa-nexrad-level2/2025/03/03/KCAE/KCAE20250303_234638_V06', 's3://noaa-nexrad-level2/2025/03/03/KJGX/KJGX20250303_235050_V06']"
53936,F,A310,WRB UA /OV MCN270040/TM 2351/FL250/TP A310/TB MOD CHOP NEG/RM ZTLFD 22,MOD CHOP NEG,202503040000-KMSC-UBUS01-PIREP,25000.0,32.69285,-84.44143664349751,2025-03-03 23:51:00,0.0,H,"('KFFC', 'KJGX', 'KMXX', 'KEOX', 'KTLH')","['s3://noaa-nexrad-level2/2025/03/03/KFFC/KFFC20250303_234741_V06', 's3://noaa-nexrad-level2/2025/03/03/KJGX/KJGX20250303_235050_V06', 's3://noaa-nexrad-level2/2025/03/03/KMXX/KMXX20250303_234415_V06', 's3://noaa-nexrad-level2/2025/03/03/KEOX/KEOX20250303_234856_V06', 's3://noaa-nexrad-level2/2025/03/03/KTLH/KTLH20250303_234908_V06']"
53937,F,F2TH,ILM UA /OV ILM200073/TM 2352/FL400/TP F2TH/TB NEG,NEG,202503040000-KMSC-UBUS01-PIREP,40000.0,33.12661470457676,-78.40358375683935,2025-03-03 23:52:00,0.0,M,"('KLTX', 'KMHX', 'KRAX', 'KCLX', 'KCAE')","['s3://noaa-nexrad-level2/2025/03/03/KLTX/KLTX20250303_234712_V06', 's3://noaa-nexrad-level2/2025/03/03/KMHX/KMHX20250303_234536_V06', 's3://noaa-nexrad-level2/2025/03/03/KRAX/KRAX20250303_234847_V06', 's3://noaa-nexrad-level2/2025/03/03/KCLX/KCLX20250303_235034_V06', 's3://noaa-nexrad-level2/2025/03/03/KCAE/KCAE20250303_234638_V06']"
53938,F,A21N,AMA UA /OV PNH063035/TM 2353/FL280/TP A21N/TB CONS LGT CHOP/RM ZAB/FDCS,CONS LGT CHOP,202503032300-KMSC-UBUS01-PIREP,28000.0,35.5048492425873,-101.0635741375178,2025-03-03 23:53:00,1.0,U,"('KAMA', 'KLBB', 'KFDR', 'KDDC', 'KFDX')","['s3://noaa-nexrad-level2/2025/03/03/KAMA/KAMA20250303_234834_V06', 's3://noaa-nexrad-level2/2025/03/03/KLBB/KLBB20250303_234709_V06', 's3://noaa-nexrad-level2/2025/03/03/KFDR/KFDR20250303_234851_V06', 's3://noaa-nexrad-level2/2025/03/03/KDDC/KDDC20250303_234927_V06', 's3://noaa-nexrad-level2/2025/03/03/KFDX/KFDX20250303_235142_V06']"
53939,F,B739,C75 UA /OV BDF/TM 2355/FL360/TP B739/TB NEG,NEG,202503032300-KMSC-UBUS01-PIREP,36000.0,41.16,-89.59,2025-03-03 23:55:00,0.0,M,"('KILX', 'KDVN', 'KLOT', 'KMKX', 'KLSX')","['s3://noaa-nexrad-level2/2025/03/03/KILX/KILX20250303_235021_V06', 's3://noaa-nexrad-level2/2025/03/03/KDVN/KDVN20250303_234756_V06', 's3://noaa-nexrad-level2/2025/03/03/KLOT/KLOT20250303_235021_V06', 's3://noaa-nexrad-level2/2025/03/03/KMKX/KMKX20250303_234947_V06', 's3://noaa-nexrad-level2/2025/03/03/KLSX/KLSX20250303_235013_V06']"
53940,F,C310,OTM UA /OV OTM/TM 2355/FL070/TP C310/SK IMC/TB NEG/IC NEG,NEG,202503032300-KMSC-UBUS01-PIREP,7000.0,41.100793,-92.444592,2025-03-03 23:55:00,0.0,L,"('KDMX', 'KDVN', 'KEAX', 'KLSX', 'KARX')","['s3://noaa-nexrad-level2/2025/03/03/KDMX/KDMX20250303_234827_V06', 's3://noaa-nexrad-level2/2025/03/03/KDVN/KDVN20250303_234756_V06', 's3://noaa-nexrad-level2/2025/03/03/KEAX/KEAX20250303_235432_V06', 's3://noaa-nexrad-level2/2025/03/03/KLSX/KLSX20250303_235013_V06', 's3://noaa-nexrad-level2/2025/03/03/KARX/KARX20250303_234820_V06']"
53941,F,B737,PGA UA /OV TBC049098/TM 2355/FL380/TP B737/TB OCNL LGT CHOP/RM LGT MTW. ZDVWC-24,OCNL LGT CHOP,202503032300-KMSC-UBUS01-PIREP,38000.0,37.191649877380826,-109.7438594616023,2025-03-03 23:55:00,1.0,M,"('KGJX', 'KFSX', 'KFSX', 'KICX', 'KABX')","['s3://noaa-nexrad-level2/2025/03/03/KGJX/KGJX20250303_235225_V06', 's3://noaa-nexrad-level2/2025/03/03/KFSX/KFSX20250303_235446_V06', 's3://noaa-nexrad-level2/2025/03/03/KFSX/KFSX20250303_235446_V06', 's3://noaa-nexrad-level2/2025/03/03/KICX/KICX20250303_235117_V06', 's3://noaa-nexrad-level2/2025/03/03/KABX/KABX20250303_235219_V06']"
53942,F,A320,JOT UA /OV JOT090030/TM 2355/FL280/TP A320/TB LGT CHOP,LGT CHOP,202503040000-KMSC-UBUS01-PIREP,28000.0,41.51769,-87.50777725996974,2025-03-03 23:55:00,1.0,M,"('KLOT', 'KMKX', 'KIWX', 'KIND', 'KILX')","['s3://noaa-nexrad-level2/2025/03/03/KLOT/KLOT20250303_235021_V06', 's3://noaa-nexrad-level2/2025/03/03/KMKX/KMKX20250303_234947_V06', 's3://noaa-nexrad-level2/2025/03/03/KIWX/KIWX20250303_235013_V06', 's3://noaa-nexrad-level2/2025/03/03/KIND/KIND20250303_235329_V06', 's3://noaa-nexrad-level2/2025/03/03/KILX/KILX20250303_235021_V06']"
53943,F,B752,IOW UA /OV IOW180015/TM 2356/FL370/TP B752/TB NEG,NEG,202503032300-KMSC-UBUS01-PIREP,37000.0,41.38936974997975,-91.544535,2025-03-03 23:56:00,0.0,M,"('KDVN', 'KDMX', 'KARX', 'KILX', 'KLSX')","['s3://noaa-nexrad-level2/2025/03/03/KDVN/KDVN20250303_234756_V06', 's3://noaa-nexrad-level2/2025/03/03/KDMX/KDMX20250303_235513_V06', 's3://noaa-nexrad-level2/2025/03/03/KARX/KARX20250303_234820_V06', 's3://noaa-nexrad-level2/2025/03/03/KILX/KILX20250303_235021_V06', 's3://noaa-nexrad-level2/2025/03/03/KLSX/KLSX20250303_235013_V06']"
53944,F,A320,MLI UA /OV MZV/TM 2356/FL300/TP A320/TB NEG,NEG,202503032300-KMSC-UBUS01-PIREP,30000.0,41.32,-90.64,2025-03-03 23:56:00,0.0,M,"('KDVN', 'KILX', 'KARX', 'KLOT', 'KLSX')","['s3://noaa-nexrad-level2/2025/03/03/KDVN/KDVN20250303_234756_V06', 's3://noaa-nexrad-level2/2025/03/03/KILX/KILX20250303_235021_V06', 's3://noaa-nexrad-level2/2025/03/03/KARX/KARX20250303_234820_V06', 's3://noaa-nexrad-level2/2025/03/03/KLOT/KLOT20250303_235021_V06', 's3://noaa-nexrad-level2/2025/03/03/KLSX/KLSX20250303_235013_V06']"
53945,F,B39M,MZZ UA /OV MZZ165010/TM 2356/FL246/TP B39M/TB OCNL LGT CHOP,OCNL LGT CHOP,202503032300-KMSC-UBUS01-PIREP,24600.0,40.32886302227346,-85.6230076147292,2025-03-03 23:56:00,1.0,U,"('KIND', 'KIWX', 'KILN', 'KLVX', 'KGRR')","['s3://noaa-nexrad-level2/2025/03/03/KIND/KIND20250303_235329_V06', 's3://noaa-nexrad-level2/2025/03/03/KIWX/KIWX20250303_235013_V06', 's3://noaa-nexrad-level2/2025/03/03/KILN/KILN20250303_234926_V06', 's3://noaa-nexrad-level2/2025/03/03/KLVX/KLVX20250303_235129_V06', 's3://noaa-nexrad-level2/2025/03/03/KGRR/KGRR20250303_235503_V06']"
53946,F,PC12,TCC UA /OV TCC341073/TM 2356/FL230/TP PC12/TA M26/TB NEG/RM ZAB/FDCS,NEG,202503032300-KMSC-UBUS01-PIREP,23000.0,36.333254114594645,-104.08787277317874,2025-03-03 23:56:00,0.0,L,"('KFDX', 'KPUX', 'KAMA', 'KABX', 'KFTG')","['s3://noaa-nexrad-level2/2025/03/03/KFDX/KFDX20250303_235142_V06', 's3://noaa-nexrad-level2/2025/03/03/KPUX/KPUX20250303_235247_V06', 's3://noaa-nexrad-level2/2025/03/03/KAMA/KAMA20250303_235528_V06', 's3://noaa-nexrad-level2/2025/03/03/KABX/KABX20250303_235219_V06', 's3://noaa-nexrad-level2/2025/03/03/KFTG/KFTG20250303_235222_V06']"
53947,F,A319,FWA UA /OV FWA/TM 2357/FL340/TP A319/TB LGT,LGT,202503032300-KMSC-UBUS01-PIREP,34000.0,40.97805,-85.18713,2025-03-03 23:57:00,1.0,M,"('KIWX', 'KIND', 'KGRR', 'KILN', 'KDTX')","['s3://noaa-nexrad-level2/2025/03/03/KIWX/KIWX20250303_235655_V06', 's3://noaa-nexrad-level2/2025/03/03/KIND/KIND20250303_235329_V06', 's3://noaa-nexrad-level2/2025/03/03/KGRR/KGRR20250303_235503_V06', 's3://noaa-nexrad-level2/2025/03/03/KILN/KILN20250303_234926_V06', 's3://noaa-nexrad-level2/2025/03/03/KDTX/KDTX20250303_235646_V06']"
53948,F,B744,ANC UA /OV TED230025/TM 2357/FL100/TP B744/TA M2/TB NEG/IC LT RM/RM DURD,NEG,202503032300-KMSC-UBUS01-PIREP,10000.0,60.90215013519376,-150.65197180209404,2025-03-03 23:57:00,0.0,H,"('PAHG', 'PAIH', 'PAIH', 'PAPD', 'PAKC')","['s3://noaa-nexrad-level2/2025/03/03/PAHG/PAHG20250303_235343_V06', 's3://noaa-nexrad-level2/2025/03/03/PAIH/PAIH20250303_235449_V06', 's3://noaa-nexrad-level2/2025/03/03/PAIH/PAIH20250303_235449_V06', 's3://noaa-nexrad-level2/2025/03/03/PAPD/PAPD20250303_235547_V06', 's3://noaa-nexrad-level2/2025/03/03/PAKC/PAKC20250303_235121_V06']"
53949,F,B738,LAF UA /OV BVT180015/TM 2358/FL340/TP B738/TB LGT CHOP/RM DURC,LGT CHOP,202503040000-KMSC-UBUS01-PIREP,34000.0,40.30997974997975,-87.07,2025-03-03 23:58:00,1.0,M,"('KIND', 'KLOT', 'KIWX', 'KVWX', 'KILX')","['s3://noaa-nexrad-level2/2025/03/03/KIND/KIND20250303_235329_V06', 's3://noaa-nexrad-level2/2025/03/03/KLOT/KLOT20250303_235707_V06', 's3://noaa-nexrad-level2/2025/03/03/KIWX/KIWX20250303_235655_V06', 's3://noaa-nexrad-level2/2025/03/03/KVWX/KVWX20250303_235259_V06', 's3://noaa-nexrad-level2/2025/03/03/KILX/KILX20250303_235724_V06']"
53950,F,CRJ9,DNV UA /OV DNV/TM 2359/FL169/TP CRJ9/TB NEG/RM DURD,NEG,202503040000-KMSC-UBUS01-PIREP,16900.0,40.1997,-87.59552,2025-03-03 23:59:00,0.0,U,"('KIND', 'KLOT', 'KILX', 'KVWX', 'KIWX')","['s3://noaa-nexrad-level2/2025/03/03/KIND/KIND20250303_235329_V06', 's3://noaa-nexrad-level2/2025/03/03/KLOT/KLOT20250303_235707_V06', 's3://noaa-nexrad-level2/2025/03/03/KILX/KILX20250303_235724_V06', 's3://noaa-nexrad-level2/2025/03/03/KVWX/KVWX20250303_235259_V06', 's3://noaa-nexrad-level2/2025/03/03/KIWX/KIWX20250303_235655_V06']"
53951,F,CRJ2,GSH UA /OV GSH275015/TM 2359/FL120/TP CRJ2/TB NEG/IC NEG,NEG,202503040000-KMSC-UBUS01-PIREP,12000.0,41.54901070059247,-86.12491471058821,2025-03-03 23:59:00,0.0,M,"('KIWX', 'KGRR', 'KIND', 'KLOT', 'KMKX')","['s3://noaa-nexrad-level2/2025/03/03/KIWX/KIWX20250303_235655_V06', 's3://noaa-nexrad-level2/2025/03/03/KGRR/KGRR20250303_235503_V06', 's3://noaa-nexrad-level2/2025/03/03/KIND/KIND20250303_235329_V06', 's3://noaa-nexrad-level2/2025/03/03/KLOT/KLOT20250303_235707_V06', 's3://noaa-nexrad-level2/2025/03/03/KMKX/KMKX20250303_235629_V06']"
53952,F,B38M,PIE UA /OV PIE270070/TM 2359/FL335/TP B38M/TB CONS LGT CHOP 340 CONS LGT 330/RM DURD,CONS LGT CHOP 340 CONS LGT 330,202503040000-KMSC-UBUS01-PIREP,33500.0,27.91,-84.00775762761282,2025-03-03 23:59:00,1.0,U,"('KTBW', 'KTLH', 'KVAX', 'KEVX', 'KMLB')","['s3://noaa-nexrad-level2/2025/03/03/KTBW/KTBW20250303_235148_V06', 's3://noaa-nexrad-level2/2025/03/03/KTLH/KTLH20250303_235600_V06', 's3://noaa-nexrad-level2/2025/03/03/KVAX/KVAX20250303_235740_V06', 's3://noaa-nexrad-level2/2025/03/03/KEVX/KEVX20250303_235118_V06', 's3://noaa-nexrad-level2/2025/03/03/KMLB/KMLB20250303_235551_V06']"
53953,F,E75,AMA UA /OV PNH080090/TM 0000/FL340/TP E75/TB CONS LGT-OCNL MOD CHOP/RM ZAB/FDCS,CONS LGT-OCNL MOD CHOP,202503040000-KMSC-UBUS01-PIREP,34000.0,35.50049336477508,-99.89119037718194,2025-03-04 00:00:00,2.0,U,"('KFDR', 'KAMA', 'KVNX', 'KDDC', 'KOUN')","['s3://noaa-nexrad-level2/2025/03/03/KFDR/KFDR20250303_235540_V06', 's3://noaa-nexrad-level2/2025/03/03/KAMA/KAMA20250303_235528_V06', 's3://noaa-nexrad-level2/2025/03/03/KVNX/KVNX20250303_235334_V06', 's3://noaa-nexrad-level2/2025/03/03/KDDC/KDDC20250303_235611_V06']"
53954,F,CRJ7,CLT UA /OV CLT/TM 0000/FL330/TP CRJ7/TB NEG/RM ZTLFD 33,NEG,202503040000-KMSC-UBUS01-PIREP,33000.0,35.22255,-80.95431,2025-03-04 00:00:00,0.0,M,"('KCAE', 'KGSP', 'KFCX', 'KRAX', 'KCLX')","['s3://noaa-nexrad-level2/2025/03/03/KCAE/KCAE20250303_235534_V06', 's3://noaa-nexrad-level2/2025/03/03/KGSP/KGSP20250303_235415_V06', 's3://noaa-nexrad-level2/2025/03/03/KFCX/KFCX20250303_235338_V06', 's3://noaa-nexrad-level2/2025/03/03/KRAX/KRAX20250303_235850_V06', 's3://noaa-nexrad-level2/2025/03/03/KCLX/KCLX20250303_235909_V06']"
53955,F,A320,GSO UA /OV GSO/TM 0000/FL380/TP A320/TB NEG/RM ZTLFD 28,NEG,202503040000-KMSC-UBUS01-PIREP,38000.0,36.0975,-79.94361,2025-03-04 00:00:00,0.0,M,"('KFCX', 'KRAX', 'KCAE', 'KGSP', 'KLTX')","['s3://noaa-nexrad-level2/2025/03/03/KFCX/KFCX20250303_235338_V06', 's3://noaa-nexrad-level2/2025/03/03/KRAX/KRAX20250303_235850_V06', 's3://noaa-nexrad-level2/2025/03/03/KCAE/KCAE20250303_235534_V06', 's3://noaa-nexrad-level2/2025/03/03/KGSP/KGSP20250303_235415_V06', 's3://noaa-nexrad-level2/2025/03/03/KLTX/KLTX20250303_235400_V06']"
53956,F,E75L,ELD UA /OV ELD060050/TM 0001/FL360/TP E75L/TB CONS LGT/RM ZFW,CONS LGT,202503040000-KMSC-UBUS01-PIREP,36000.0,33.637670416700416,-91.95052900762056,2025-03-04 00:01:00,1.0,U,"('KLZK', 'KSHV', 'KDGX', 'KPOE', 'KNQA')","['s3://noaa-nexrad-level2/2025/03/04/KLZK/KLZK20250304_000057_V06', 's3://noaa-nexrad-level2/2025/03/03/KSHV/KSHV20250303_235737_V06', 's3://noaa-nexrad-level2/2025/03/03/KDGX/KDGX20250303_235416_V06', 's3://noaa-nexrad-level2/2025/03/03/KPOE/KPOE20250303_235647_V06', 's3://noaa-nexrad-level2/2025/03/03/KNQA/KNQA20250303_235751_V06']"
53957,F,E75L,MIE UA /OV MIE/TM 0001/FL280/TP E75L/TB CONS LGT-OCNL MOD CHOP,CONS LGT-OCNL MOD CHOP,202503040000-KMSC-UBUS01-PIREP,28000.0,40.24247,-85.39575,2025-03-04 00:01:00,2.0,U,"('KIND', 'KIWX', 'KILN', 'KLVX', 'KGRR')","['s3://noaa-nexrad-level2/2025/03/03/KIND/KIND20250303_235329_V06', 's3://noaa-nexrad-level2/2025/03/03/KIWX/KIWX20250303_235655_V06', 's3://noaa-nexrad-level2/2025/03/03/KILN/KILN20250303_235909_V06', 's3://noaa-nexrad-level2/2025/03/03/KLVX/KLVX20250303_235822_V06', 's3://noaa-nexrad-level2/2025/03/04/KGRR/KGRR20250304_000033_V06']"
53958,F,A321,LAR UA /OV LAR/TM 0001/FL330/TP A321/TB LGT CHOP/RM ZDVWC-34,LGT CHOP,202503040000-KMSC-UBUS01-PIREP,33000.0,41.31206,-105.675,2025-03-04 00:01:00,1.0,M,"('KCYS', 'KFTG', 'KPUX', 'KRIW', 'KGJX')","['s3://noaa-nexrad-level2/2025/03/03/KCYS/KCYS20250303_235610_V06', 's3://noaa-nexrad-level2/2025/03/03/KFTG/KFTG20250303_235731_V06', 's3://noaa-nexrad-level2/2025/03/03/KPUX/KPUX20250303_235713_V06', 's3://noaa-nexrad-level2/2025/03/03/KRIW/KRIW20250303_235448_V06', 's3://noaa-nexrad-level2/2025/03/03/KGJX/KGJX20250303_235756_V06']"
53959,F,B737,PHX UA /OV PXR040060/TM 0001/FL270/TP B737/TB OCNL LGT CHOP/RM DURC - ZAB/FDCS,OCNL LGT CHOP,202503040000-KMSC-UBUS01-PIREP,27000.0,34.19610649278092,-111.19972578728392,2025-03-04 00:01:00,1.0,M,"('KFSX', 'KFSX', 'KIWA', 'KEMX', 'KICX')","['s3://noaa-nexrad-level2/2025/03/03/KFSX/KFSX20250303_235921_V06', 's3://noaa-nexrad-level2/2025/03/03/KFSX/KFSX20250303_235921_V06', 's3://noaa-nexrad-level2/2025/03/03/KIWA/KIWA20250303_235712_V06', 's3://noaa-nexrad-level2/2025/03/03/KEMX/KEMX20250303_235935_V06', 's3://noaa-nexrad-level2/2025/03/03/KICX/KICX20250303_235651_V06']"
53960,F,AC90,RWL UA /OV CKW042036/TM 0001/FL200/TP AC90/TB NEG/RM ZDVWC-21,NEG,202503040000-KMSC-UBUS01-PIREP,20000.0,42.20592301216107,-107.041739192082,2025-03-04 00:01:00,0.0,L,"('KRIW', 'KCYS', 'KGJX', 'KFTG', 'KBLX')","['s3://noaa-nexrad-level2/2025/03/03/KRIW/KRIW20250303_235448_V06', 's3://noaa-nexrad-level2/2025/03/03/KCYS/KCYS20250303_235610_V06', 's3://noaa-nexrad-level2/2025/03/03/KGJX/KGJX20250303_235756_V06', 's3://noaa-nexrad-level2/2025/03/03/KFTG/KFTG20250303_235731_V06', 's3://noaa-nexrad-level2/2025/03/03/KBLX/KBLX20250303_235237_V06']"
53961,F,B38M,VEL UA /OV MTU/TM 0003/FL350/TP B38M/TB NEG/RM ZDVWC-03,NEG,202503040000-KMSC-UBUS01-PIREP,35000.0,40.15,-110.13,2025-03-04 00:03:00,0.0,U,"('KGJX', 'KMTX', 'KRIW', 'KICX', 'KSFX')","['s3://noaa-nexrad-level2/2025/03/03/KGJX/KGJX20250303_235756_V06', 's3://noaa-nexrad-level2/2025/03/03/KMTX/KMTX20250303_235810_V06', 's3://noaa-nexrad-level2/2025/03/03/KRIW/KRIW20250303_235448_V06', 's3://noaa-nexrad-level2/2025/03/04/KICX/KICX20250304_000226_V06', 's3://noaa-nexrad-level2/2025/03/03/KSFX/KSFX20250303_235904_V06']"
53962,F,B738,MWL UA /OV MQP/TM 0003/FL350/TP B738/TB CONS LGT OCNL MOD/RM ZFW,CONS LGT OCNL MOD,202503040000-KMSC-UBUS01-PIREP,35000.0,32.73,-98.0,2025-03-04 00:03:00,2.0,M,"('KFWS', 'KDYX', 'KFDR', 'KGRK', 'KOUN')","['s3://noaa-nexrad-level2/2025/03/04/KFWS/KFWS20250304_000156_V06', 's3://noaa-nexrad-level2/2025/03/03/KDYX/KDYX20250303_235627_V06', 's3://noaa-nexrad-level2/2025/03/04/KFDR/KFDR20250304_000228_V06', 's3://noaa-nexrad-level2/2025/03/03/KGRK/KGRK20250303_235916_V06']"
53963,F,C172,HCD UA /OV HCD/TM 0004/FL060/TP C172/SK SKC/TA UNKN/TB NEG/IC NEG,NEG,202503040000-KMSC-UBUS01-PIREP,6000.0,44.85989,-94.3825,2025-03-04 00:04:00,0.0,L,"('KMPX', 'KFSD', 'KDLH', 'KDMX', 'KARX')","['s3://noaa-nexrad-level2/2025/03/04/KMPX/KMPX20250304_000342_V06', 's3://noaa-nexrad-level2/2025/03/04/KFSD/KFSD20250304_000314_V06', 's3://noaa-nexrad-level2/2025/03/04/KDLH/KDLH20250304_000336_V06', 's3://noaa-nexrad-level2/2025/03/04/KDMX/KDMX20250304_000159_V06', 's3://noaa-nexrad-level2/2025/03/03/KARX/KARX20250303_235806_V06']"
53964,F,B738,FWA UA /OV FWA/TM 0004/FL230/TP B738/TB NEG,NEG,202503040000-KMSC-UBUS01-PIREP,23000.0,40.97805,-85.18713,2025-03-04 00:04:00,0.0,M,"('KIWX', 'KIND', 'KGRR', 'KILN', 'KDTX')","['s3://noaa-nexrad-level2/2025/03/04/KIWX/KIWX20250304_000336_V06', 's3://noaa-nexrad-level2/2025/03/04/KIND/KIND20250304_000156_V06', 's3://noaa-nexrad-level2/2025/03/04/KGRR/KGRR20250304_000033_V06', 's3://noaa-nexrad-level2/2025/03/03/KILN/KILN20250303_235909_V06', 's3://noaa-nexrad-level2/2025/03/04/KDTX/KDTX20250304_000310_V06']"
53965,F,A320,CMH UA /OV ILN/TM 0004/FL370/TP A320/TB NEG,NEG,202503040000-KMSC-UBUS01-PIREP,37000.0,39.42028,-83.82167,2025-03-04 00:04:00,0.0,M,"('KILN', 'KJKL', 'KRLX', 'KIND', 'KLVX')","['s3://noaa-nexrad-level2/2025/03/03/KILN/KILN20250303_235909_V06', 's3://noaa-nexrad-level2/2025/03/04/KJKL/KJKL20250304_000350_V06', 's3://noaa-nexrad-level2/2025/03/03/KRLX/KRLX20250303_235929_V06', 's3://noaa-nexrad-level2/2025/03/04/KIND/KIND20250304_000156_V06', 's3://noaa-nexrad-level2/2025/03/03/KLVX/KLVX20250303_235822_V06']"
53966,F,E135,CRW UA /OV HVQ079022/TM 0004/FL120/TP E135/WX HZ/TB NEG/IC NEG,NEG,202503040000-KMSC-UBUS01-PIREP,12000.0,38.41996896533757,-81.3110061728127,2025-03-04 00:04:00,0.0,M,"('KRLX', 'KFCX', 'KJKL', 'KPBZ', 'KILN')","['s3://noaa-nexrad-level2/2025/03/03/KRLX/KRLX20250303_235929_V06', 's3://noaa-nexrad-level2/2025/03/04/KFCX/KFCX20250304_000209_V06', 's3://noaa-nexrad-level2/2025/03/04/KJKL/KJKL20250304_000350_V06', 's3://noaa-nexrad-level2/2025/03/04/KPBZ/KPBZ20250304_000135_V06', 's3://noaa-nexrad-level2/2025/03/03/KILN/KILN20250303_235909_V06']"
53967,F,B350,JFZ UA /OV HMV284008/TM 0004/FL240/TP B350/WX VMC/TB NEG/RM ZTLFD 42,NEG,202503040000-KMSC-UBUS01-PIREP,24000.0,36.47225886550571,-82.29082855086651,2025-03-04 00:04:00,0.0,M,"('KMRX', 'KJKL', 'KGSP', 'KRLX', 'KFCX')","['s3://noaa-nexrad-level2/2025/03/03/KMRX/KMRX20250303_235714_V06', 's3://noaa-nexrad-level2/2025/03/04/KJKL/KJKL20250304_000350_V06', 's3://noaa-nexrad-level2/2025/03/04/KGSP/KGSP20250304_000258_V06', 's3://noaa-nexrad-level2/2025/03/03/KRLX/KRLX20250303_235929_V06', 's3://noaa-nexrad-level2/2025/03/04/KFCX/KFCX20250304_000209_V06']"
53968,F,A319,FWA UA /OV FWA/TM 0005/FL300/TP A319/TB INTMT LGT-OCNL MOD,INTMT LGT-OCNL MOD,202503040000-KMSC-UBUS01-PIREP,30000.0,40.97805,-85.18713,2025-03-04 00:05:00,2.0,M,"('KIWX', 'KIND', 'KGRR', 'KILN', 'KDTX')","['s3://noaa-nexrad-level2/2025/03/04/KIWX/KIWX20250304_000336_V06', 's3://noaa-nexrad-level2/2025/03/04/KIND/KIND20250304_000156_V06', 's3://noaa-nexrad-level2/2025/03/04/KGRR/KGRR20250304_000033_V06', 's3://noaa-nexrad-level2/2025/03/03/KILN/KILN20250303_235909_V06', 's3://noaa-nexrad-level2/2025/03/04/KDTX/KDTX20250304_000310_V06']"
53969,F,B39M,SPA UA /OV SPA/TM 0005/FL340/TP B39M/TB NEG/IC NEG/RM ZTLFD 31,NEG,202503040000-KMSC-UBUS01-PIREP,34000.0,34.9157222,-81.9565,2025-03-04 00:05:00,0.0,U,"('KGSP', 'KCAE', 'KMRX', 'KCLX', 'KJGX')","['s3://noaa-nexrad-level2/2025/03/04/KGSP/KGSP20250304_000258_V06', 's3://noaa-nexrad-level2/2025/03/04/KCAE/KCAE20250304_000430_V06', 's3://noaa-nexrad-level2/2025/03/04/KMRX/KMRX20250304_000401_V06', 's3://noaa-nexrad-level2/2025/03/03/KCLX/KCLX20250303_235909_V06', 's3://noaa-nexrad-level2/2025/03/04/KJGX/KJGX20250304_000442_V06']"
53970,F,A320,ASE UA /OV DBL/TM 0006/FL360/TP A320/TB NEG/RM ZDVWC-,NEG,202503040000-KMSC-UBUS01-PIREP,36000.0,39.44,-106.9,2025-03-04 00:06:00,0.0,M,"('KGJX', 'KFTG', 'KCYS', 'KPUX', 'KRIW')","['s3://noaa-nexrad-level2/2025/03/04/KGJX/KGJX20250304_000328_V06', 's3://noaa-nexrad-level2/2025/03/04/KFTG/KFTG20250304_000248_V06', 's3://noaa-nexrad-level2/2025/03/04/KCYS/KCYS20250304_000217_V06', 's3://noaa-nexrad-level2/2025/03/04/KPUX/KPUX20250304_000152_V06', 's3://noaa-nexrad-level2/2025/03/04/KRIW/KRIW20250304_000329_V06']"
53971,F,A321,GJT UA /OV JNC/TM 0006/FL360/TP A321/TB NEG/RM ZDVWC-04,NEG,202503040000-KMSC-UBUS01-PIREP,36000.0,39.06,-108.79,2025-03-04 00:06:00,0.0,M,"('KGJX', 'KRIW', 'KMTX', 'KFTG', 'KICX')","['s3://noaa-nexrad-level2/2025/03/04/KGJX/KGJX20250304_000328_V06', 's3://noaa-nexrad-level2/2025/03/04/KRIW/KRIW20250304_000329_V06', 's3://noaa-nexrad-level2/2025/03/04/KMTX/KMTX20250304_000352_V06', 's3://noaa-nexrad-level2/2025/03/04/KFTG/KFTG20250304_000248_V06', 's3://noaa-nexrad-level2/2025/03/04/KICX/KICX20250304_000226_V06']"
53972,F,B767,HDN UA /OV HDN/TM 0006/FL390/TP B767/TB NEG/RM ZDVWC-,NEG,202503040000-KMSC-UBUS01-PIREP,39000.0,40.48,-107.22,2025-03-04 00:06:00,0.0,H,"('KGJX', 'KCYS', 'KFTG', 'KRIW', 'KPUX')","['s3://noaa-nexrad-level2/2025/03/04/KGJX/KGJX20250304_000328_V06', 's3://noaa-nexrad-level2/2025/03/04/KCYS/KCYS20250304_000217_V06', 's3://noaa-nexrad-level2/2025/03/04/KFTG/KFTG20250304_000248_V06', 's3://noaa-nexrad-level2/2025/03/04/KRIW/KRIW20250304_000329_V06', 's3://noaa-nexrad-level2/2025/03/04/KPUX/KPUX20250304_000152_V06']"
53973,F,A320,ASE UA /OV DBL/TM 0006/FL360/TP A320/TB NEG/RM ZDVWC,NEG,202503040010-KWBC-UBUS31-PRCUS,36000.0,39.44,-106.9,2025-03-04 00:06:00,0.0,M,"('KGJX', 'KFTG', 'KCYS', 'KPUX', 'KRIW')","['s3://noaa-nexrad-level2/2025/03/04/KGJX/KGJX20250304_000328_V06', 's3://noaa-nexrad-level2/2025/03/04/KFTG/KFTG20250304_000248_V06', 's3://noaa-nexrad-level2/2025/03/04/KCYS/KCYS20250304_000217_V06', 's3://noaa-nexrad-level2/2025/03/04/KPUX/KPUX20250304_000152_V06', 's3://noaa-nexrad-level2/2025/03/04/KRIW/KRIW20250304_000329_V06']"
53974,F,B767,HDN UA /OV HDN/TM 0006/FL390/TP B767/TB NEG/RM ZDVWC,NEG,202503040010-KWBC-UBUS31-PRCUS,39000.0,40.48,-107.22,2025-03-04 00:06:00,0.0,H,"('KGJX', 'KCYS', 'KFTG', 'KRIW', 'KPUX')","['s3://noaa-nexrad-level2/2025/03/04/KGJX/KGJX20250304_000328_V06', 's3://noaa-nexrad-level2/2025/03/04/KCYS/KCYS20250304_000217_V06', 's3://noaa-nexrad-level2/2025/03/04/KFTG/KFTG20250304_000248_V06', 's3://noaa-nexrad-level2/2025/03/04/KRIW/KRIW20250304_000329_V06', 's3://noaa-nexrad-level2/2025/03/04/KPUX/KPUX20250304_000152_V06']"
53975,F,A320,ABY UA /OV PZD355060/TM 0006/FL370/TP A320/TB MOD CHOP/IC NEG/RM ZTLFD 27,MOD CHOP,202503040000-KMSC-UBUS01-PIREP,37000.0,32.656275389942984,-84.39240258550147,2025-03-04 00:06:00,3.0,M,"('KFFC', 'KJGX', 'KMXX', 'KEOX', 'KVAX')","['s3://noaa-nexrad-level2/2025/03/04/KFFC/KFFC20250304_000144_V06', 's3://noaa-nexrad-level2/2025/03/04/KJGX/KJGX20250304_000442_V06', 's3://noaa-nexrad-level2/2025/03/04/KMXX/KMXX20250304_000524_V06', 's3://noaa-nexrad-level2/2025/03/04/KEOX/KEOX20250304_000305_V06', 's3://noaa-nexrad-level2/2025/03/04/KVAX/KVAX20250304_000212_V06']"
53976,F,A319,CLT UA /OV CLT090020/TM 0006/FL160/TP A319/TB NEG/RM DURC ZTLFD 29,NEG,202503040000-KMSC-UBUS01-PIREP,16000.0,35.22255,-80.54623924309435,2025-03-04 00:06:00,0.0,M,"('KCAE', 'KGSP', 'KFCX', 'KRAX', 'KLTX')","['s3://noaa-nexrad-level2/2025/03/04/KCAE/KCAE20250304_000430_V06', 's3://noaa-nexrad-level2/2025/03/04/KGSP/KGSP20250304_000258_V06', 's3://noaa-nexrad-level2/2025/03/04/KFCX/KFCX20250304_000209_V06', 's3://noaa-nexrad-level2/2025/03/03/KRAX/KRAX20250303_235850_V06', 's3://noaa-nexrad-level2/2025/03/04/KLTX/KLTX20250304_000046_V06']"
53977,F,BCS3,GRD UA /OV GRD/TM 0006/FL260/TP BCS3/TB NEG/RM ZTLFD 32,NEG,202503040000-KMSC-UBUS01-PIREP,26000.0,34.25,-82.16,2025-03-04 00:06:00,0.0,U,"('KGSP', 'KCAE', 'KCLX', 'KJGX', 'KMRX')","['s3://noaa-nexrad-level2/2025/03/04/KGSP/KGSP20250304_000258_V06', 's3://noaa-nexrad-level2/2025/03/04/KCAE/KCAE20250304_000430_V06', 's3://noaa-nexrad-level2/2025/03/03/KCLX/KCLX20250303_235909_V06', 's3://noaa-nexrad-level2/2025/03/04/KJGX/KJGX20250304_000442_V06', 's3://noaa-nexrad-level2/2025/03/04/KMRX/KMRX20250304_000401_V06']"
53978,F,B737,MYNN UA /OV ZQA100025/TM 0008/FL380/TP B737/TB LGT CHOP,LGT CHOP,202503040000-KMSC-UBUS01-PIREP,38000.0,24.92764073200692,-76.99720702291242,2025-03-04 00:08:00,1.0,M,"('KAMX', 'KAMX', 'KBYX', 'KMLB', 'KTBW')","['s3://noaa-nexrad-level2/2025/03/04/KAMX/KAMX20250304_000745_V06', 's3://noaa-nexrad-level2/2025/03/04/KAMX/KAMX20250304_000745_V06', 's3://noaa-nexrad-level2/2025/03/04/KBYX/KBYX20250304_000635_V06', 's3://noaa-nexrad-level2/2025/03/04/KMLB/KMLB20250304_000459_V06', 's3://noaa-nexrad-level2/2025/03/04/KTBW/KTBW20250304_000024_V06']"
53979,F,A21N,GLD UA /OV GLD120040/TM 0009/FL280/TP A21N/TB CONS LGT OCNL MOD/RM ZDVWC-,CONS LGT OCNL MOD,202503040000-KMSC-UBUS01-PIREP,28000.0,39.03385966663967,-100.9464672621394,2025-03-04 00:09:00,2.0,U,"('KGLD', 'KDDC', 'KUEX', 'KLNX', 'KPUX')","['s3://noaa-nexrad-level2/2025/03/04/KGLD/KGLD20250304_000415_V06', 's3://noaa-nexrad-level2/2025/03/04/KDDC/KDDC20250304_000256_V06', 's3://noaa-nexrad-level2/2025/03/04/KUEX/KUEX20250304_000748_V06', 's3://noaa-nexrad-level2/2025/03/04/KLNX/KLNX20250304_000541_V06', 's3://noaa-nexrad-level2/2025/03/04/KPUX/KPUX20250304_000617_V06']"
53980,F,A21N,GLD UA /OV GLD120040/TM 0009/FL280/TP A21N/TB CONS LGT OCNL MOD/RM ZDVWC,CONS LGT OCNL MOD,202503040015-KWBC-UBUS31-PRCUS,28000.0,39.03385966663967,-100.9464672621394,2025-03-04 00:09:00,2.0,U,"('KGLD', 'KDDC', 'KUEX', 'KLNX', 'KPUX')","['s3://noaa-nexrad-level2/2025/03/04/KGLD/KGLD20250304_000415_V06', 's3://noaa-nexrad-level2/2025/03/04/KDDC/KDDC20250304_000256_V06', 's3://noaa-nexrad-level2/2025/03/04/KUEX/KUEX20250304_000748_V06', 's3://noaa-nexrad-level2/2025/03/04/KLNX/KLNX20250304_000541_V06', 's3://noaa-nexrad-level2/2025/03/04/KPUX/KPUX20250304_000617_V06']"
53981,F,B738,UPP UA /OV UPP/TM 0009/FL060/TP B738/TB MOD,MOD,202503040000-KMSC-UBUS01-PIREP,6000.0,20.26,-155.85,2025-03-04 00:09:00,3.0,M,"('PHKM', 'PHWA', 'PHMO', 'PHKI', 'KBHX')","['s3://noaa-nexrad-level2/2025/03/04/PHKM/PHKM20250304_000854_V06', 's3://noaa-nexrad-level2/2025/03/04/PHWA/PHWA20250304_000420_V06', 's3://noaa-nexrad-level2/2025/03/04/PHMO/PHMO20250304_000739_V06', 's3://noaa-nexrad-level2/2025/03/04/PHKI/PHKI20250304_000216_V06', 's3://noaa-nexrad-level2/2025/03/04/KBHX/KBHX20250304_000832_V06']"
53982,F,B739,SJT UA /OV SJT060035/TM 0010/FL330/TP B739/TB LGT-MOD/RM ZFW,LGT-MOD,202503040000-KMSC-UBUS01-PIREP,33000.0,31.64336029169029,-99.9033977324747,2025-03-04 00:10:00,2.0,M,"('KSJT', 'KDYX', 'KMAF', 'KDFX', 'KGRK')","['s3://noaa-nexrad-level2/2025/03/04/KSJT/KSJT20250304_000907_V06', 's3://noaa-nexrad-level2/2025/03/04/KDYX/KDYX20250304_000319_V06', 's3://noaa-nexrad-level2/2025/03/04/KMAF/KMAF20250304_000901_V06', 's3://noaa-nexrad-level2/2025/03/04/KDFX/KDFX20250304_000821_V06', 's3://noaa-nexrad-level2/2025/03/04/KGRK/KGRK20250304_000729_V06']"
53983,F,CRJ,CKB UA /OV EKN/TM 0011/FL340/TP CRJ/TB LGT,LGT,202503040000-KMSC-UBUS01-PIREP,34000.0,38.88528,-79.85278,2025-03-04 00:11:00,1.0,M,"('KPBZ', 'KFCX', 'KRLX', 'KLWX', 'KCCX')","['s3://noaa-nexrad-level2/2025/03/04/KPBZ/KPBZ20250304_000838_V06', 's3://noaa-nexrad-level2/2025/03/04/KFCX/KFCX20250304_001029_V06', 's3://noaa-nexrad-level2/2025/03/04/KRLX/KRLX20250304_000612_V06', 's3://noaa-nexrad-level2/2025/03/04/KLWX/KLWX20250304_000421_V06', 's3://noaa-nexrad-level2/2025/03/04/KCCX/KCCX20250304_000516_V06']"
53984,F,A21N,MSP UA /OV MSP270040/TM 0012/FL320/TP A21N/SK UNKN-TOP320/TB LGT CHOP,LGT CHOP,202503040000-KMSC-UBUS01-PIREP,32000.0,44.88537,-94.17231465307184,2025-03-04 00:12:00,1.0,U,"('KMPX', 'KDLH', 'KFSD', 'KARX', 'KDMX')","['s3://noaa-nexrad-level2/2025/03/04/KMPX/KMPX20250304_000342_V06', 's3://noaa-nexrad-level2/2025/03/04/KDLH/KDLH20250304_000934_V06', 's3://noaa-nexrad-level2/2025/03/04/KFSD/KFSD20250304_001004_V06', 's3://noaa-nexrad-level2/2025/03/04/KARX/KARX20250304_000751_V06', 's3://noaa-nexrad-level2/2025/03/04/KDMX/KDMX20250304_000844_V06']"
53985,F,B39M,DBQ UA /OV DBQ/TM 0012/FL360/TP B39M/TB INTMT LGT CHOP,INTMT LGT CHOP,202503040000-KMSC-UBUS01-PIREP,36000.0,42.39835,-90.709143,2025-03-04 00:12:00,1.0,U,"('KDVN', 'KARX', 'KMKX', 'KILX', 'KLOT')","['s3://noaa-nexrad-level2/2025/03/04/KDVN/KDVN20250304_000719_V06', 's3://noaa-nexrad-level2/2025/03/04/KARX/KARX20250304_000751_V06', 's3://noaa-nexrad-level2/2025/03/04/KMKX/KMKX20250304_000952_V06', 's3://noaa-nexrad-level2/2025/03/04/KILX/KILX20250304_001130_V06', 's3://noaa-nexrad-level2/2025/03/04/KLOT/KLOT20250304_001040_V06']"
53986,F,B737,GSH UA /OV GSH/TM 0012/FL350/TP B737/TB CONS LGT CHOP,CONS LGT CHOP,202503040000-KMSC-UBUS01-PIREP,35000.0,41.52722,-85.79222,2025-03-04 00:12:00,1.0,M,"('KIWX', 'KGRR', 'KIND', 'KLOT', 'KDTX')","['s3://noaa-nexrad-level2/2025/03/04/KIWX/KIWX20250304_001018_V06', 's3://noaa-nexrad-level2/2025/03/04/KGRR/KGRR20250304_000603_V06', 's3://noaa-nexrad-level2/2025/03/04/KIND/KIND20250304_001024_V06', 's3://noaa-nexrad-level2/2025/03/04/KLOT/KLOT20250304_001040_V06', 's3://noaa-nexrad-level2/2025/03/04/KDTX/KDTX20250304_000943_V06']"
53987,F,A320,GZH UA /OV MVC/TM 0013/FL370/TP A320/TB OCNL LGT CHOP/RM ZTLFD 12,OCNL LGT CHOP,202503040000-KMSC-UBUS01-PIREP,37000.0,31.45,-87.35,2025-03-04 00:13:00,1.0,M,"('KMOB', 'KEVX', 'KBMX', 'KEOX', 'KMXX')","['s3://noaa-nexrad-level2/2025/03/04/KMOB/KMOB20250304_001044_V06', 's3://noaa-nexrad-level2/2025/03/04/KEVX/KEVX20250304_000848_V06', 's3://noaa-nexrad-level2/2025/03/04/KBMX/KBMX20250304_001046_V06', 's3://noaa-nexrad-level2/2025/03/04/KEOX/KEOX20250304_001010_V06', 's3://noaa-nexrad-level2/2025/03/04/KMXX/KMXX20250304_001228_V06']"
53988,F,B748,TLH UA /OV TLH170070/TM 0014/FL400/TP B748/TB CONS LGT OCNL MOD,CONS LGT OCNL MOD,202503040000-KMSC-UBUS01-PIREP,40000.0,29.24450455706004,-84.11646380908722,2025-03-04 00:14:00,2.0,U,"('KTLH', 'KVAX', 'KEVX', 'KTBW', 'KEOX')","['s3://noaa-nexrad-level2/2025/03/04/KTLH/KTLH20250304_000949_V06', 's3://noaa-nexrad-level2/2025/03/04/KVAX/KVAX20250304_001126_V06', 's3://noaa-nexrad-level2/2025/03/04/KEVX/KEVX20250304_000848_V06', 's3://noaa-nexrad-level2/2025/03/04/KTBW/KTBW20250304_000909_V06', 's3://noaa-nexrad-level2/2025/03/04/KEOX/KEOX20250304_001010_V06']"
53989,F,A20N,TUL UA /OV TUL/TM 0014/FL330/TP A20N/TB LGT/RM ZKC FDC,LGT,202503040000-KMSC-UBUS01-PIREP,33000.0,36.19839,-95.88811,2025-03-04 00:14:00,1.0,U,"('KINX', 'KTLX', 'KSRX', 'KOUN', 'KICT')","['s3://noaa-nexrad-level2/2025/03/04/KINX/KINX20250304_000848_V06', 's3://noaa-nexrad-level2/2025/03/04/KTLX/KTLX20250304_001027_V06', 's3://noaa-nexrad-level2/2025/03/04/KSRX/KSRX20250304_000759_V06', 's3://noaa-nexrad-level2/2025/03/04/KICT/KICT20250304_001343_V06']"
53990,F,GLF5,SDF UA /OV IIU360040/TM 0015/FL210/TP GLF5/TB NEG/IC NEG,NEG,202503040000-KMSC-UBUS01-PIREP,21000.0,38.766720666720666,-85.58,2025-03-04 00:15:00,0.0,M,"('KLVX', 'KIND', 'KILN', 'KVWX', 'KJKL')","['s3://noaa-nexrad-level2/2025/03/04/KLVX/KLVX20250304_001212_V06', 's3://noaa-nexrad-level2/2025/03/04/KIND/KIND20250304_001024_V06', 's3://noaa-nexrad-level2/2025/03/04/KILN/KILN20250304_000851_V06', 's3://noaa-nexrad-level2/2025/03/04/KVWX/KVWX20250304_001357_V06', 's3://noaa-nexrad-level2/2025/03/04/KJKL/KJKL20250304_001036_V06']"
53991,F,PC12,PIR UA /OV PIR100045/TM 0015/FL150/TP PC12/TB OCNL LGT CHOP,OCNL LGT CHOP,202503040000-KMSC-UBUS01-PIREP,15000.0,44.25244331761245,-99.25241445079142,2025-03-04 00:15:00,1.0,L,"('KABR', 'KFSD', 'KLNX', 'KBIS', 'KUDX')","['s3://noaa-nexrad-level2/2025/03/04/KABR/KABR20250304_001424_V06', 's3://noaa-nexrad-level2/2025/03/04/KFSD/KFSD20250304_001004_V06', 's3://noaa-nexrad-level2/2025/03/04/KLNX/KLNX20250304_001117_V06', 's3://noaa-nexrad-level2/2025/03/04/KBIS/KBIS20250304_000825_V06', 's3://noaa-nexrad-level2/2025/03/04/KUDX/KUDX20250304_001029_V06']"
53992,F,BE20,ABI UA /OV ABI337037/TM 0015/FL210/TP BE20/TB LGT-MOD CAT/RM ZFW,LGT-MOD CAT,202503040000-KMSC-UBUS01-PIREP,21000.0,32.97831914889242,-99.96751827729604,2025-03-04 00:15:00,2.0,M,"('KDYX', 'KSJT', 'KFDR', 'KLBB', 'KMAF')","['s3://noaa-nexrad-level2/2025/03/04/KDYX/KDYX20250304_001011_V06', 's3://noaa-nexrad-level2/2025/03/04/KSJT/KSJT20250304_000907_V06', 's3://noaa-nexrad-level2/2025/03/04/KFDR/KFDR20250304_000916_V06', 's3://noaa-nexrad-level2/2025/03/04/KLBB/KLBB20250304_000635_V06', 's3://noaa-nexrad-level2/2025/03/04/KMAF/KMAF20250304_000901_V06']"
53993,F,B752,JAN UA /OV MHZ225065/TM 0016/FL350/TP B752/TB CONS LGT OCNL MOD/RM ZME,CONS LGT OCNL MOD,202503040000-KMSC-UBUS01-PIREP,35000.0,31.663905605032475,-91.0076439661236,2025-03-04 00:16:00,2.0,M,"('KDGX', 'KHDC', 'KLIX', 'KPOE', 'KLCH')","['s3://noaa-nexrad-level2/2025/03/04/KDGX/KDGX20250304_001150_V06', 's3://noaa-nexrad-level2/2025/03/04/KHDC/KHDC20250304_000923_V06', 's3://noaa-nexrad-level2/2025/03/04/KPOE/KPOE20250304_001041_V06', 's3://noaa-nexrad-level2/2025/03/04/KLCH/KLCH20250304_001505_V06']"
53994,F,C404,SEZ UA /OV SEZ180010/TM 0016/FL100/TP C404/WX +SN/TA M08/TB LGT-MOD/IC LGT RIME,LGT-MOD,202503040000-KMSC-UBUS01-PIREP,10000.0,34.681903133319835,-111.7884444,2025-03-04 00:16:00,2.0,L,"('KFSX', 'KFSX', 'KIWA', 'KEMX', 'KICX')","['s3://noaa-nexrad-level2/2025/03/04/KFSX/KFSX20250304_001228_V06', 's3://noaa-nexrad-level2/2025/03/04/KFSX/KFSX20250304_001228_V06', 's3://noaa-nexrad-level2/2025/03/04/KIWA/KIWA20250304_001445_V06', 's3://noaa-nexrad-level2/2025/03/04/KEMX/KEMX20250304_001331_V06', 's3://noaa-nexrad-level2/2025/03/04/KICX/KICX20250304_001336_V06']"
53995,F,AC90,CPR UA /OV CPR215005/TM 0019/FL070/TP AC90/TB MOD TB BLO 070,MOD TB BLO 070,202503040000-KMSC-UBUS01-PIREP,7000.0,42.83973180036076,-106.52968322430776,2025-03-04 00:19:00,3.0,L,"('KRIW', 'KCYS', 'KFTG', 'KBLX', 'KUDX')","['s3://noaa-nexrad-level2/2025/03/04/KRIW/KRIW20250304_001211_V06', 's3://noaa-nexrad-level2/2025/03/04/KCYS/KCYS20250304_001432_V06', 's3://noaa-nexrad-level2/2025/03/04/KFTG/KFTG20250304_001855_V06', 's3://noaa-nexrad-level2/2025/03/04/KBLX/KBLX20250304_001203_V06', 's3://noaa-nexrad-level2/2025/03/04/KUDX/KUDX20250304_001619_V06']"
53996,F,GLEX,GCK UA /OV GCK/TM 0019/FL430/TP GLEX/TB MOD/RM ZDVWC-,MOD,202503040000-KMSC-UBUS01-PIREP,43000.0,37.92753,-100.72442,2025-03-04 00:19:00,3.0,M,"('KDDC', 'KGLD', 'KVNX', 'KAMA', 'KICT')","['s3://noaa-nexrad-level2/2025/03/04/KDDC/KDDC20250304_001625_V06', 's3://noaa-nexrad-level2/2025/03/04/KGLD/KGLD20250304_001730_V06', 's3://noaa-nexrad-level2/2025/03/04/KVNX/KVNX20250304_001344_V06', 's3://noaa-nexrad-level2/2025/03/04/KAMA/KAMA20250304_001623_V06', 's3://noaa-nexrad-level2/2025/03/04/KICT/KICT20250304_001343_V06']"
53997,F,B737,GLD UA /OV GLD/TM 0019/FL370/TP B737/TB LGT CHOP/RM ZDVWC-18,LGT CHOP,202503040000-KMSC-UBUS01-PIREP,37000.0,39.36722,-101.69333,2025-03-04 00:19:00,1.0,M,"('KGLD', 'KDDC', 'KPUX', 'KLNX', 'KFTG')","['s3://noaa-nexrad-level2/2025/03/04/KGLD/KGLD20250304_001730_V06', 's3://noaa-nexrad-level2/2025/03/04/KDDC/KDDC20250304_001625_V06', 's3://noaa-nexrad-level2/2025/03/04/KPUX/KPUX20250304_001508_V06', 's3://noaa-nexrad-level2/2025/03/04/KLNX/KLNX20250304_001647_V06', 's3://noaa-nexrad-level2/2025/03/04/KFTG/KFTG20250304_001855_V06']"
53998,F,GLEX,GCK UA /OV GCK/TM 0019/FL430/TP GLEX/TB MOD/RM ZDVWC,MOD,202503040025-KWBC-UBKS90-PIREP,43000.0,37.92753,-100.72442,2025-03-04 00:19:00,3.0,M,"('KDDC', 'KGLD', 'KVNX', 'KAMA', 'KICT')","['s3://noaa-nexrad-level2/2025/03/04/KDDC/KDDC20250304_001625_V06', 's3://noaa-nexrad-level2/2025/03/04/KGLD/KGLD20250304_001730_V06', 's3://noaa-nexrad-level2/2025/03/04/KVNX/KVNX20250304_001344_V06', 's3://noaa-nexrad-level2/2025/03/04/KAMA/KAMA20250304_001623_V06', 's3://noaa-nexrad-level2/2025/03/04/KICT/KICT20250304_001343_V06']"
53999,F,GLEX,GCK UA /OV GCK340030/TM 0019/FL430/TP GLEX/TB LGT-MOD CHOP/RM ZKC FDC,LGT-MOD CHOP,202503040000-KMSC-UBUS01-PIREP,43000.0,38.39741436798215,-100.9412383873842,2025-03-04 00:19:00,2.0,M,"('KDDC', 'KGLD', 'KUEX', 'KPUX', 'KAMA')","['s3://noaa-nexrad-level2/2025/03/04/KDDC/KDDC20250304_001625_V06', 's3://noaa-nexrad-level2/2025/03/04/KGLD/KGLD20250304_001730_V06', 's3://noaa-nexrad-level2/2025/03/04/KUEX/KUEX20250304_001826_V06', 's3://noaa-nexrad-level2/2025/03/04/KPUX/KPUX20250304_001508_V06', 's3://noaa-nexrad-level2/2025/03/04/KAMA/KAMA20250304_001623_V06']"
54000,F,B712,ICT UA /OV ICT125045/TM 0019/FL180/TP B712/TB MOD 180-200/RM ZKC FDC,MOD 180-200,202503040000-KMSC-UBUS01-PIREP,18000.0,37.21978282793336,-96.65398680100836,2025-03-04 00:19:00,3.0,M,"('KICT', 'KINX', 'KVNX', 'KTWX', 'KTLX')","['s3://noaa-nexrad-level2/2025/03/04/KICT/KICT20250304_001343_V06', 's3://noaa-nexrad-level2/2025/03/04/KINX/KINX20250304_001534_V06', 's3://noaa-nexrad-level2/2025/03/04/KVNX/KVNX20250304_001344_V06', 's3://noaa-nexrad-level2/2025/03/04/KTWX/KTWX20250304_001636_V06', 's3://noaa-nexrad-level2/2025/03/04/KTLX/KTLX20250304_001714_V06']"
54001,F,A321,HKY UA /OV BZM250015/TM 0020/FL180/TP A321/TB NEG/RM DURC ZTLFD 44,NEG,202503040000-KMSC-UBUS01-PIREP,18000.0,35.784488038253755,-81.52992731961007,2025-03-04 00:20:00,0.0,M,"('KGSP', 'KFCX', 'KCAE', 'KMRX', 'KRLX')","['s3://noaa-nexrad-level2/2025/03/04/KGSP/KGSP20250304_001142_V06', 's3://noaa-nexrad-level2/2025/03/04/KFCX/KFCX20250304_001908_V06', 's3://noaa-nexrad-level2/2025/03/04/KCAE/KCAE20250304_001326_V06', 's3://noaa-nexrad-level2/2025/03/04/KMRX/KMRX20250304_001750_V06', 's3://noaa-nexrad-level2/2025/03/04/KRLX/KRLX20250304_001946_V06']"
54002,F,B762,BHM UA /OV VUZ/TM 0020/FL300/TP B762/TB NEG/RM ZTLFD 03,NEG,202503040000-KMSC-UBUS01-PIREP,30000.0,33.67,-86.9,2025-03-04 00:20:00,0.0,H,"('KBMX', 'KGWX', 'KHTX', 'KMXX', 'KFFC')","['s3://noaa-nexrad-level2/2025/03/04/KBMX/KBMX20250304_001604_V06', 's3://noaa-nexrad-level2/2025/03/04/KGWX/KGWX20250304_001640_V06', 's3://noaa-nexrad-level2/2025/03/04/KHTX/KHTX20250304_001415_V06', 's3://noaa-nexrad-level2/2025/03/04/KMXX/KMXX20250304_001931_V06', 's3://noaa-nexrad-level2/2025/03/04/KFFC/KFFC20250304_001548_V06']"
54003,F,CRJ7,JFZ UA /OV HMV163024/TM 0020/FL266/TP CRJ7/WX VMC/TB NEG/RM DURC ZTLFD 42,NEG,202503040000-KMSC-UBUS01-PIREP,26600.0,36.057447113309706,-81.98461633094458,2025-03-04 00:20:00,0.0,M,"('KGSP', 'KMRX', 'KFCX', 'KJKL', 'KRLX')","['s3://noaa-nexrad-level2/2025/03/04/KGSP/KGSP20250304_001142_V06', 's3://noaa-nexrad-level2/2025/03/04/KMRX/KMRX20250304_001750_V06', 's3://noaa-nexrad-level2/2025/03/04/KFCX/KFCX20250304_001908_V06', 's3://noaa-nexrad-level2/2025/03/04/KJKL/KJKL20250304_001724_V06', 's3://noaa-nexrad-level2/2025/03/04/KRLX/KRLX20250304_001946_V06']"
54004,F,B763,ONL UA /OV ONL/TM 0020/FL350/TP B763/TB OCNL LGT CHOP,OCNL LGT CHOP,202503040000-KMSC-UBUS01-PIREP,35000.0,42.46972,-98.68806,2025-03-04 00:20:00,1.0,H,"('KLNX', 'KUEX', 'KFSD', 'KOAX', 'KABR')","['s3://noaa-nexrad-level2/2025/03/04/KLNX/KLNX20250304_001647_V06', 's3://noaa-nexrad-level2/2025/03/04/KUEX/KUEX20250304_001826_V06', 's3://noaa-nexrad-level2/2025/03/04/KFSD/KFSD20250304_001654_V06', 's3://noaa-nexrad-level2/2025/03/04/KOAX/KOAX20250304_001334_V06', 's3://noaa-nexrad-level2/2025/03/04/KABR/KABR20250304_001424_V06']"
54005,F,E55P,BIV UA /OV PMM105025/TM 0020/FL300/TP E55P/TB CONS LGT/ NEG BLO 270,CONS LGT,202503040000-KMSC-UBUS01-PIREP,30000.0,42.36214999605578,-85.56433189692524,2025-03-04 00:20:00,1.0,U,"('KGRR', 'KIWX', 'KDTX', 'KLOT', 'KAPX')","['s3://noaa-nexrad-level2/2025/03/04/KGRR/KGRR20250304_001815_V06', 's3://noaa-nexrad-level2/2025/03/04/KIWX/KIWX20250304_001659_V06', 's3://noaa-nexrad-level2/2025/03/04/KDTX/KDTX20250304_001554_V06', 's3://noaa-nexrad-level2/2025/03/04/KLOT/KLOT20250304_001725_V06', 's3://noaa-nexrad-level2/2025/03/04/KAPX/KAPX20250304_001450_V06']"
54006,F,CL35,RYN UA /OV 3SM SE/TM 0021/FL045/TP CL35/TB LGT CHOP,LGT CHOP,202503040000-KMSC-UBUS01-PIREP,4500.0,32.14222,-111.17458,2025-03-04 00:21:00,1.0,U,"('KEMX', 'KIWA', 'KFSX', 'KFSX', 'KYUX')","['s3://noaa-nexrad-level2/2025/03/04/KEMX/KEMX20250304_001810_V06', 's3://noaa-nexrad-level2/2025/03/04/KIWA/KIWA20250304_001445_V06', 's3://noaa-nexrad-level2/2025/03/04/KFSX/KFSX20250304_001649_V06', 's3://noaa-nexrad-level2/2025/03/04/KFSX/KFSX20250304_001649_V06', 's3://noaa-nexrad-level2/2025/03/04/KYUX/KYUX20250304_001529_V06']"
54007,F,A321,CVN UA /OV TXO/TM 0021/FL300/TP A321/TB OCNL LGT-MOD CHOP/RM ZAB/FDCS,OCNL LGT-MOD CHOP,202503040000-KMSC-UBUS01-PIREP,30000.0,34.5,-102.84,2025-03-04 00:21:00,2.0,M,"('KFDX', 'KLBB', 'KAMA', 'KMAF', 'KHDX')","['s3://noaa-nexrad-level2/2025/03/04/KFDX/KFDX20250304_001913_V06', 's3://noaa-nexrad-level2/2025/03/04/KLBB/KLBB20250304_001617_V06', 's3://noaa-nexrad-level2/2025/03/04/KAMA/KAMA20250304_001623_V06', 's3://noaa-nexrad-level2/2025/03/04/KMAF/KMAF20250304_001544_V06', 's3://noaa-nexrad-level2/2025/03/04/KHDX/KHDX20250304_001438_V06']"
54008,F,B752,PSK UA /OV PSK/TM 0021/FL340/TP B752/TB OCNL LGT CHOP/IC NEG/RM ZTLFD 43,OCNL LGT CHOP,202503040000-KMSC-UBUS01-PIREP,34000.0,37.13735,-80.67848,2025-03-04 00:21:00,1.0,M,"('KFCX', 'KRLX', 'KRAX', 'KJKL', 'KGSP')","['s3://noaa-nexrad-level2/2025/03/04/KFCX/KFCX20250304_001908_V06', 's3://noaa-nexrad-level2/2025/03/04/KRLX/KRLX20250304_001946_V06', 's3://noaa-nexrad-level2/2025/03/04/KRAX/KRAX20250304_001616_V06', 's3://noaa-nexrad-level2/2025/03/04/KJKL/KJKL20250304_001724_V06', 's3://noaa-nexrad-level2/2025/03/04/KGSP/KGSP20250304_002026_V06']"
54009,F,B39M,IGQ UA /OV CGT/TM 0023/FL170/TP B39M/TB INTMT LGT CHOP/RM DURC,INTMT LGT CHOP,202503040000-KMSC-UBUS01-PIREP,17000.0,41.51,-87.57,2025-03-04 00:23:00,1.0,U,"('KLOT', 'KMKX', 'KIWX', 'KIND', 'KILX')","['s3://noaa-nexrad-level2/2025/03/04/KLOT/KLOT20250304_001725_V06', 's3://noaa-nexrad-level2/2025/03/04/KMKX/KMKX20250304_001634_V06', 's3://noaa-nexrad-level2/2025/03/04/KIWX/KIWX20250304_001659_V06', 's3://noaa-nexrad-level2/2025/03/04/KIND/KIND20250304_001852_V06', 's3://noaa-nexrad-level2/2025/03/04/KILX/KILX20250304_001827_V06']"
54010,F,B737,ALO UA /OV ALO/TM 0025/FL320/TP B737/TB OCNL LGT CHOP,OCNL LGT CHOP,202503040000-KMSC-UBUS01-PIREP,32000.0,42.554365,-92.401293,2025-03-04 00:25:00,1.0,M,"('KDMX', 'KARX', 'KDVN', 'KMPX', 'KMKX')","['s3://noaa-nexrad-level2/2025/03/04/KDMX/KDMX20250304_002214_V06', 's3://noaa-nexrad-level2/2025/03/04/KARX/KARX20250304_001738_V06', 's3://noaa-nexrad-level2/2025/03/04/KDVN/KDVN20250304_001702_V06', 's3://noaa-nexrad-level2/2025/03/04/KMPX/KMPX20250304_002035_V06', 's3://noaa-nexrad-level2/2025/03/04/KMKX/KMKX20250304_002316_V06']"
54011,F,B739,AUS UA /OV CWK045030/TM 0025/FL330/TP B739/TB MOD CHOP FL330/RM ZHU,MOD CHOP FL330,202503040000-KMSC-UBUS01-PIREP,33000.0,30.73358202844655,-97.12014023157823,2025-03-04 00:25:00,3.0,M,"('KGRK', 'KEWX', 'KFWS', 'KHGX', 'KDYX')","['s3://noaa-nexrad-level2/2025/03/04/KGRK/KGRK20250304_002126_V06', 's3://noaa-nexrad-level2/2025/03/04/KEWX/KEWX20250304_002056_V06', 's3://noaa-nexrad-level2/2025/03/04/KFWS/KFWS20250304_002223_V06', 's3://noaa-nexrad-level2/2025/03/04/KHGX/KHGX20250304_002300_V06', 's3://noaa-nexrad-level2/2025/03/04/KDYX/KDYX20250304_002402_V06']"
54012,F,A321,CLT UA /OV CLT/TM 0025/FL350/TP A321/TB LGT CHOP/RM ZTLFD 28,LGT CHOP,202503040000-KMSC-UBUS01-PIREP,35000.0,35.22255,-80.95431,2025-03-04 00:25:00,1.0,M,"('KCAE', 'KGSP', 'KFCX', 'KRAX', 'KCLX')","['s3://noaa-nexrad-level2/2025/03/04/KCAE/KCAE20250304_002222_V06', 's3://noaa-nexrad-level2/2025/03/04/KGSP/KGSP20250304_002026_V06', 's3://noaa-nexrad-level2/2025/03/04/KFCX/KFCX20250304_001908_V06', 's3://noaa-nexrad-level2/2025/03/04/KRAX/KRAX20250304_001616_V06', 's3://noaa-nexrad-level2/2025/03/04/KCLX/KCLX20250304_001618_V06']"
54013,F,PA,GRD UA /OV GRD/TM 0027/FL210/TP PA/TB NEG/RM ZTLFD 31,NEG,202503040000-KMSC-UBUS01-PIREP,21000.0,34.25,-82.16,2025-03-04 00:27:00,0.0,U,"('KGSP', 'KCAE', 'KCLX', 'KJGX', 'KMRX')","['s3://noaa-nexrad-level2/2025/03/04/KGSP/KGSP20250304_002026_V06', 's3://noaa-nexrad-level2/2025/03/04/KCAE/KCAE20250304_002222_V06', 's3://noaa-nexrad-level2/2025/03/04/KCLX/KCLX20250304_002502_V06', 's3://noaa-nexrad-level2/2025/03/04/KJGX/KJGX20250304_002550_V06', 's3://noaa-nexrad-level2/2025/03/04/KMRX/KMRX20250304_002447_V06']"
54014,F,A21N,SPA UA /OV SPA/TM 0027/FL330/TP A21N/TB NEG/RM ZTLFD 32,NEG,202503040000-KMSC-UBUS01-PIREP,33000.0,34.9157222,-81.9565,2025-03-04 00:27:00,0.0,U,"('KGSP', 'KCAE', 'KMRX', 'KCLX', 'KJGX')","['s3://noaa-nexrad-level2/2025/03/04/KGSP/KGSP20250304_002026_V06', 's3://noaa-nexrad-level2/2025/03/04/KCAE/KCAE20250304_002222_V06', 's3://noaa-nexrad-level2/2025/03/04/KMRX/KMRX20250304_002447_V06', 's3://noaa-nexrad-level2/2025/03/04/KCLX/KCLX20250304_002502_V06', 's3://noaa-nexrad-level2/2025/03/04/KJGX/KJGX20250304_002550_V06']"
54015,F,B38M,LVS UA /OV FTI160025/TM 0029/FL380/TP B38M/TB NEG/RM ZAB/FDCS,NEG,202503040000-KMSC-UBUS01-PIREP,38000.0,35.2684296933482,-104.9645888437117,2025-03-04 00:29:00,0.0,U,"('KFDX', 'KABX', 'KHDX', 'KAMA', 'KPUX')","['s3://noaa-nexrad-level2/2025/03/04/KFDX/KFDX20250304_002604_V06', 's3://noaa-nexrad-level2/2025/03/04/KABX/KABX20250304_002521_V06', 's3://noaa-nexrad-level2/2025/03/04/KHDX/KHDX20250304_002833_V06', 's3://noaa-nexrad-level2/2025/03/04/KAMA/KAMA20250304_002317_V06', 's3://noaa-nexrad-level2/2025/03/04/KPUX/KPUX20250304_002837_V06']"
54016,F,A20N,PGA UA /OV TBC001068/TM 0030/FL330/TP A20N/TB NEG/RM ZDVWC-23,NEG,202503040000-KMSC-UBUS01-PIREP,33000.0,37.25325250728744,-111.2455120279416,2025-03-04 00:30:00,0.0,U,"('KICX', 'KFSX', 'KFSX', 'KGJX', 'KESX')","['s3://noaa-nexrad-level2/2025/03/04/KICX/KICX20250304_002444_V06', 's3://noaa-nexrad-level2/2025/03/04/KFSX/KFSX20250304_002546_V06', 's3://noaa-nexrad-level2/2025/03/04/KFSX/KFSX20250304_002546_V06', 's3://noaa-nexrad-level2/2025/03/04/KGJX/KGJX20250304_002537_V06', 's3://noaa-nexrad-level2/2025/03/04/KESX/KESX20250304_002347_V06']"
54017,F,BCS3,OMN UA /OV OMN100080/TM 0030/FL340/TP BCS3/TB NEG,NEG,202503040000-KMSC-UBUS01-PIREP,34000.0,29.06901034242216,-79.60777714066622,2025-03-04 00:30:00,0.0,U,"('KMLB', 'KJAX', 'KTBW', 'KAMX', 'KAMX')","['s3://noaa-nexrad-level2/2025/03/04/KMLB/KMLB20250304_002917_V06', 's3://noaa-nexrad-level2/2025/03/04/KJAX/KJAX20250304_235726_V06', 's3://noaa-nexrad-level2/2025/03/04/KTBW/KTBW20250304_002636_V06', 's3://noaa-nexrad-level2/2025/03/04/KAMX/KAMX20250304_002929_V06', 's3://noaa-nexrad-level2/2025/03/04/KAMX/KAMX20250304_002929_V06']"
54018,F,P32R,CCB UA /OV CNO315005/TM 0030/FL020/TP P32R/TB LGT OCNL MOD/RM COR SA-ID AND TURB. ZLA CWSU,LGT OCNL MOD,202503040000-KMSC-UBUS01-PIREP,2000.0,34.03421033807442,-117.70717215805756,2025-03-04 00:30:00,2.0,L,"('KSOX', 'KEYX', 'KNKX', 'KVTX', 'KVBX')","['s3://noaa-nexrad-level2/2025/03/04/KSOX/KSOX20250304_002632_V06', 's3://noaa-nexrad-level2/2025/03/04/KEYX/KEYX20250304_002258_V06', 's3://noaa-nexrad-level2/2025/03/04/KNKX/KNKX20250304_235952_V06', 's3://noaa-nexrad-level2/2025/03/04/KVTX/KVTX20250304_002307_V06', 's3://noaa-nexrad-level2/2025/03/04/KVBX/KVBX20250304_002550_V06']"
54019,F,C700,ELY UA /OV ILC280060/TM 0031/FL410/TP C700/TB MOD /ZLC,MOD,202503040000-KMSC-UBUS01-PIREP,41000.0,38.42366224318339,-115.6441274532505,2025-03-04 00:31:00,3.0,U,"('KLRX', 'KESX', 'KICX', 'KEYX', 'KRGX')","['s3://noaa-nexrad-level2/2025/03/04/KLRX/KLRX20250304_002357_V06', 's3://noaa-nexrad-level2/2025/03/04/KESX/KESX20250304_003058_V06', 's3://noaa-nexrad-level2/2025/03/04/KICX/KICX20250304_003019_V06', 's3://noaa-nexrad-level2/2025/03/04/KEYX/KEYX20250304_003000_V06', 's3://noaa-nexrad-level2/2025/03/04/KRGX/KRGX20250304_002537_V06']"
54020,F,PC12,ILI UA /OV ILI030020/TM 0031/FL140/TP PC12/SK TOPS 140/TB NEG/IC NEG/RM ZAN,NEG,202503040000-KMSC-UBUS01-PIREP,14000.0,60.0386985173041,-154.57913700533382,2025-03-04 00:31:00,0.0,L,"('PAKC', 'PAHG', 'PABC', 'PAIH', 'PAIH')","['s3://noaa-nexrad-level2/2025/03/04/PAKC/PAKC20250304_002631_V06', 's3://noaa-nexrad-level2/2025/03/04/PAHG/PAHG20250304_002541_V06', 's3://noaa-nexrad-level2/2025/03/04/PAIH/PAIH20250304_002707_V06', 's3://noaa-nexrad-level2/2025/03/04/PAIH/PAIH20250304_002707_V06']"
54021,F,A20N,GUC UA /OV HBU030020/TM 0031/FL330/TP A20N/TB OCNL LGT CHOP/RM ZDVWC-25,OCNL LGT CHOP,202503040000-KMSC-UBUS01-PIREP,33000.0,38.7386985173041,-106.82716729689318,2025-03-04 00:31:00,1.0,U,"('KGJX', 'KFTG', 'KPUX', 'KCYS', 'KABX')","['s3://noaa-nexrad-level2/2025/03/04/KGJX/KGJX20250304_002537_V06', 's3://noaa-nexrad-level2/2025/03/04/KFTG/KFTG20250304_002948_V06', 's3://noaa-nexrad-level2/2025/03/04/KPUX/KPUX20250304_002837_V06', 's3://noaa-nexrad-level2/2025/03/04/KCYS/KCYS20250304_002646_V06', 's3://noaa-nexrad-level2/2025/03/04/KABX/KABX20250304_003002_V06']"
54022,F,E75L,FAI UA /OV FAI185080/TM 0031/FL250/TP E75L/TB LGT CHOP 250/RM +/- 5KT LGT MTN WAVE /ZAN/,LGT CHOP 250,202503040000-KMSC-UBUS01-PIREP,25000.0,63.48163281340936,-148.12305271759837,2025-03-04 00:31:00,1.0,U,"('PAPD', 'PAHG', 'PAIH', 'PAIH', 'PAKC')","['s3://noaa-nexrad-level2/2025/03/04/PAPD/PAPD20250304_002929_V06', 's3://noaa-nexrad-level2/2025/03/04/PAHG/PAHG20250304_002541_V06', 's3://noaa-nexrad-level2/2025/03/04/PAIH/PAIH20250304_002707_V06', 's3://noaa-nexrad-level2/2025/03/04/PAIH/PAIH20250304_002707_V06', 's3://noaa-nexrad-level2/2025/03/04/PAKC/PAKC20250304_002631_V06']"
54023,F,B737,GUC UA /OV HBU120025/TM 0033/FL370/TP B737/TB OCNL LGT CHOP/RM ZDVWC-65,OCNL LGT CHOP,202503040000-KMSC-UBUS01-PIREP,37000.0,38.24164979164979,-106.57920368088344,2025-03-04 00:33:00,1.0,M,"('KGJX', 'KPUX', 'KFTG', 'KABX', 'KCYS')","['s3://noaa-nexrad-level2/2025/03/04/KGJX/KGJX20250304_003100_V06', 's3://noaa-nexrad-level2/2025/03/04/KPUX/KPUX20250304_002837_V06', 's3://noaa-nexrad-level2/2025/03/04/KFTG/KFTG20250304_002948_V06', 's3://noaa-nexrad-level2/2025/03/04/KABX/KABX20250304_003002_V06', 's3://noaa-nexrad-level2/2025/03/04/KCYS/KCYS20250304_003253_V06']"
54024,F,B737,CEZ UA /OV DVC095032/TM 0033/FL350/TP B737/TB OCNL LGT CHOP/RM ZDVWC-37,OCNL LGT CHOP,202503040000-KMSC-UBUS01-PIREP,35000.0,37.7635131720694,-108.25744990698642,2025-03-04 00:33:00,1.0,M,"('KGJX', 'KABX', 'KPUX', 'KFTG', 'KFSX')","['s3://noaa-nexrad-level2/2025/03/04/KGJX/KGJX20250304_003100_V06', 's3://noaa-nexrad-level2/2025/03/04/KABX/KABX20250304_003002_V06', 's3://noaa-nexrad-level2/2025/03/04/KPUX/KPUX20250304_002837_V06', 's3://noaa-nexrad-level2/2025/03/04/KFTG/KFTG20250304_002948_V06', 's3://noaa-nexrad-level2/2025/03/04/KFSX/KFSX20250304_003021_V06']"
54025,F,B737,VNY UA /OV LAX345015/TM 0033/FL380/TP B737/TB LGT/RM ZLA CWSU,LGT,202503040200-KMSC-UBUS01-PIREP,38000.0,34.17966101658981,-118.46452762908946,2025-03-04 00:33:00,1.0,M,"('KVTX', 'KSOX', 'KEYX', 'KNKX', 'KVBX')","['s3://noaa-nexrad-level2/2025/03/04/KVTX/KVTX20250304_003004_V06', 's3://noaa-nexrad-level2/2025/03/04/KSOX/KSOX20250304_003158_V06', 's3://noaa-nexrad-level2/2025/03/04/KEYX/KEYX20250304_003000_V06', 's3://noaa-nexrad-level2/2025/03/04/KNKX/KNKX20250304_235952_V06', 's3://noaa-nexrad-level2/2025/03/04/KVBX/KVBX20250304_003257_V06']"
54026,F,B737,FMN UA /OV RSK/TM 0034/FL380/TP B737/TB OCNL LGT CHOP/RM ZDVWC-38,OCNL LGT CHOP,202503040000-KMSC-UBUS01-PIREP,38000.0,36.75,-108.1,2025-03-04 00:34:00,1.0,M,"('KABX', 'KGJX', 'KFSX', 'KFSX', 'KHDX')","['s3://noaa-nexrad-level2/2025/03/04/KABX/KABX20250304_003002_V06', 's3://noaa-nexrad-level2/2025/03/04/KGJX/KGJX20250304_003100_V06', 's3://noaa-nexrad-level2/2025/03/04/KFSX/KFSX20250304_003021_V06', 's3://noaa-nexrad-level2/2025/03/04/KFSX/KFSX20250304_003021_V06', 's3://noaa-nexrad-level2/2025/03/04/KHDX/KHDX20250304_002833_V06']"
54027,F,B738,FOD UA /OV FOD/TM 0034/FL350/TP B738/TB OCNL LGT CHOP,OCNL LGT CHOP,202503040000-KMSC-UBUS01-PIREP,35000.0,42.549741,-94.203203,2025-03-04 00:34:00,1.0,M,"('KDMX', 'KMPX', 'KOAX', 'KFSD', 'KARX')","['s3://noaa-nexrad-level2/2025/03/04/KDMX/KDMX20250304_002900_V06', 's3://noaa-nexrad-level2/2025/03/04/KMPX/KMPX20250304_002859_V06', 's3://noaa-nexrad-level2/2025/03/04/KOAX/KOAX20250304_003347_V06', 's3://noaa-nexrad-level2/2025/03/04/KFSD/KFSD20250304_003033_V06', 's3://noaa-nexrad-level2/2025/03/04/KARX/KARX20250304_002908_V06']"
54028,F,GLEX,FAI UA /OV FAI180080/TM 0034/FL430/TP GLEX/TB LGT MTN WAVE/RM +/- 001 +/- M02 /ZAN/,LGT MTN WAVE,202503040000-KMSC-UBUS01-PIREP,43000.0,63.47655866655867,-147.85,2025-03-04 00:34:00,1.0,M,"('PAPD', 'PAIH', 'PAIH', 'PAHG', 'PAKC')","['s3://noaa-nexrad-level2/2025/03/04/PAPD/PAPD20250304_002929_V06', 's3://noaa-nexrad-level2/2025/03/04/PAIH/PAIH20250304_003143_V06', 's3://noaa-nexrad-level2/2025/03/04/PAIH/PAIH20250304_003143_V06', 's3://noaa-nexrad-level2/2025/03/04/PAHG/PAHG20250304_003115_V06', 's3://noaa-nexrad-level2/2025/03/04/PAKC/PAKC20250304_003332_V06']"
54029,F,E75L,OMA UA /OV 270005/TM 0035/FL050/TP E75L/TB MOD CHOP/RM SFC - 100,MOD CHOP,202503040000-KMSC-UBUS01-PIREP,5000.0,41.31028,-95.89917,2025-03-04 00:35:00,3.0,U,"('KOAX', 'KDMX', 'KTWX', 'KFSD', 'KUEX')","['s3://noaa-nexrad-level2/2025/03/04/KOAX/KOAX20250304_003347_V06', 's3://noaa-nexrad-level2/2025/03/04/KDMX/KDMX20250304_002900_V06', 's3://noaa-nexrad-level2/2025/03/04/KTWX/KTWX20250304_003328_V06', 's3://noaa-nexrad-level2/2025/03/04/KFSD/KFSD20250304_003033_V06', 's3://noaa-nexrad-level2/2025/03/04/KUEX/KUEX20250304_003236_V06']"
54030,F,B38M,MYGF UA /OV ZFP340095/TM 0037/FL350/TP B38M/TB NEG 350,NEG 350,202503040000-KMSC-UBUS01-PIREP,35000.0,27.98796716527682,-79.3851569600666,2025-03-04 00:37:00,0.0,U,"('KMLB', 'KAMX', 'KAMX', 'KTBW', 'KJAX')","['s3://noaa-nexrad-level2/2025/03/04/KMLB/KMLB20250304_003355_V06', 's3://noaa-nexrad-level2/2025/03/04/KAMX/KAMX20250304_003351_V06', 's3://noaa-nexrad-level2/2025/03/04/KAMX/KAMX20250304_003351_V06', 's3://noaa-nexrad-level2/2025/03/04/KTBW/KTBW20250304_003522_V06', 's3://noaa-nexrad-level2/2025/03/04/KJAX/KJAX20250304_235726_V06']"
54031,F,CRJ9,ELP UA /OV EWM290040/TM 0038/FL185/TP CRJ9/TB MOD CAT/RM DURD - ZAB/FDCS,MOD CAT,202503040000-KMSC-UBUS01-PIREP,18500.0,32.17803189798999,-107.00836764670714,2025-03-04 00:38:00,3.0,U,"('KEPZ', 'KHDX', 'KABX', 'KEMX', 'KFDX')","['s3://noaa-nexrad-level2/2025/03/04/KEPZ/KEPZ20250304_003641_V06', 's3://noaa-nexrad-level2/2025/03/04/KHDX/KHDX20250304_003530_V06', 's3://noaa-nexrad-level2/2025/03/04/KABX/KABX20250304_003444_V06', 's3://noaa-nexrad-level2/2025/03/04/KEMX/KEMX20250304_003708_V06', 's3://noaa-nexrad-level2/2025/03/04/KFDX/KFDX20250304_003254_V06']"
54032,F,CL30,TPH UA /OV OAL055067/TM 0038/FL360/TP CL30/TB MOD /ZLC,MOD,202503040000-KMSC-UBUS01-PIREP,36000.0,38.64054556729921,-116.60910990937768,2025-03-04 00:38:00,3.0,U,"('KLRX', 'KRGX', 'KESX', 'KEYX', 'KHNX')","['s3://noaa-nexrad-level2/2025/03/04/KLRX/KLRX20250304_003101_V06', 's3://noaa-nexrad-level2/2025/03/04/KRGX/KRGX20250304_003424_V06', 's3://noaa-nexrad-level2/2025/03/04/KESX/KESX20250304_003058_V06', 's3://noaa-nexrad-level2/2025/03/04/KEYX/KEYX20250304_003701_V06', 's3://noaa-nexrad-level2/2025/03/04/KHNX/KHNX20250304_003336_V06']"
54033,F,E75L,OMA UA /OV OMA/TM 0039/FL100/TP E75L/TB CONS MOD CAT BLO 100/OCNL LGT CHOP ABV 100/RM DURC,CONS MOD CAT BLO 100,202503040000-KMSC-UBUS01-PIREP,10000.0,41.31028,-95.89917,2025-03-04 00:39:00,3.0,U,"('KOAX', 'KDMX', 'KTWX', 'KFSD', 'KUEX')","['s3://noaa-nexrad-level2/2025/03/04/KOAX/KOAX20250304_003347_V06', 's3://noaa-nexrad-level2/2025/03/04/KDMX/KDMX20250304_003546_V06', 's3://noaa-nexrad-level2/2025/03/04/KTWX/KTWX20250304_003328_V06', 's3://noaa-nexrad-level2/2025/03/04/KFSD/KFSD20250304_003723_V06', 's3://noaa-nexrad-level2/2025/03/04/KUEX/KUEX20250304_003236_V06']"
54034,F,A321,ATL UA /OV ATL/TM 0040/FL360/TP A321/TB OCNL LGT CHOP/IC NEG/RM ZTLFD 27,OCNL LGT CHOP,202503040000-KMSC-UBUS01-PIREP,36000.0,33.6301,-84.4418,2025-03-04 00:40:00,1.0,M,"('KFFC', 'KJGX', 'KMXX', 'KHTX', 'KBMX')","['s3://noaa-nexrad-level2/2025/03/04/KFFC/KFFC20250304_003654_V06', 's3://noaa-nexrad-level2/2025/03/04/KJGX/KJGX20250304_003955_V06', 's3://noaa-nexrad-level2/2025/03/04/KMXX/KMXX20250304_003754_V06', 's3://noaa-nexrad-level2/2025/03/04/KHTX/KHTX20250304_003525_V06', 's3://noaa-nexrad-level2/2025/03/04/KBMX/KBMX20250304_003806_V06']"
54035,F,B738,WRB UA /OV DBN082037/TM 0041/FL350/TP B738/TB NEG/RM ZTLFD 23,NEG,202503040000-KMSC-UBUS01-PIREP,35000.0,32.650247063962055,-82.26064050497061,2025-03-04 00:41:00,0.0,M,"('KJGX', 'KCLX', 'KCAE', 'KVAX', 'KGSP')","['s3://noaa-nexrad-level2/2025/03/04/KJGX/KJGX20250304_003955_V06', 's3://noaa-nexrad-level2/2025/03/04/KCLX/KCLX20250304_003347_V06', 's3://noaa-nexrad-level2/2025/03/04/KCAE/KCAE20250304_004015_V06', 's3://noaa-nexrad-level2/2025/03/04/KVAX/KVAX20250304_003912_V06', 's3://noaa-nexrad-level2/2025/03/04/KGSP/KGSP20250304_003755_V06']"
