,URGENT,AIRCRAFT,REPORT,TURBULENCE,PRODUCT_ID,FL,LAT,LON,datetime,turbulence_intensity,Plane Weight,nexrad_sites,aws_files
111390,F,B747,CDB UA /OV CDB043024/TM 0152/FL340/TP B747/TB LGT/RM ZAN,LGT,202503290200-KMSC-UBUS01-PIREP,34000.0,55.4925651765313,-162.24196433335047,2025-03-29 01:52:00,1.0,H,"('PABC', 'PAKC', 'PAEC', 'PAHG', 'PAIH')","['s3://noaa-nexrad-level2/2025/03/29/PAKC/PAKC20250329_014749_V06', 's3://noaa-nexrad-level2/2025/03/29/PAEC/PAEC20250329_015122_V06', 's3://noaa-nexrad-level2/2025/03/29/PAHG/PAHG20250329_014840_V06', 's3://noaa-nexrad-level2/2025/03/29/PAIH/PAIH20250329_014759_V06']"
111391,F,C208,KTS UA /OV KTS/TM 0152/FL070/TP C208/SK OVC005-TOP015/TA M05/TB NEG/IC NEG/RM DURC SE /ZAN,NEG,202503290200-KMSC-UBUS01-PIREP,7000.0,65.33,-166.46,2025-03-29 01:52:00,0.0,L,"('PAEC', 'PABC', 'PAKC', 'PAHG', 'PAPD')","['s3://noaa-nexrad-level2/2025/03/29/PAEC/PAEC20250329_015122_V06', 's3://noaa-nexrad-level2/2025/03/29/PAKC/PAKC20250329_014749_V06', 's3://noaa-nexrad-level2/2025/03/29/PAHG/PAHG20250329_014840_V06', 's3://noaa-nexrad-level2/2025/03/29/PAPD/PAPD20250329_015120_V06']"
111392,F,A21N,PHX UA /OV PXR055065/TM 0153/FL360/TP A21N/TB OCNL MOD CHOP/RM ZAB/FDCS,OCNL MOD CHOP,202503290200-KMSC-UBUS01-PIREP,36000.0,34.05142480409626,-110.90658082331382,2025-03-29 01:53:00,3.0,U,"('KFSX', 'KFSX', 'KIWA', 'KEMX', 'KICX')","['s3://noaa-nexrad-level2/2025/03/29/KFSX/KFSX20250329_014819_V06', 's3://noaa-nexrad-level2/2025/03/29/KFSX/KFSX20250329_014819_V06', 's3://noaa-nexrad-level2/2025/03/29/KIWA/KIWA20250329_015102_V06', 's3://noaa-nexrad-level2/2025/03/29/KEMX/KEMX20250329_015042_V06', 's3://noaa-nexrad-level2/2025/03/29/KICX/KICX20250329_015253_V06']"
111393,F,B737,LOZ UA /OV LOZ035045/TM 0153/FL400/TP B737/TB CONS LGT,CONS LGT,202503290200-KMSC-UBUS01-PIREP,40000.0,37.7014137967532,-83.53769202752291,2025-03-29 01:53:00,1.0,M,"('KJKL', 'KMRX', 'KILN', 'KRLX', 'KLVX')","['s3://noaa-nexrad-level2/2025/03/29/KJKL/KJKL20250329_014724_V06', 's3://noaa-nexrad-level2/2025/03/29/KMRX/KMRX20250329_014934_V06', 's3://noaa-nexrad-level2/2025/03/29/KILN/KILN20250329_015147_V06', 's3://noaa-nexrad-level2/2025/03/29/KRLX/KRLX20250329_014821_V06', 's3://noaa-nexrad-level2/2025/03/29/KLVX/KLVX20250329_015007_V06']"
111394,F,PPA46,YKN UA /OV YKN/TM 0156/FL150/TP PPA46/TB NEG/RM VMC 150,NEG,202503290200-KMSC-UBUS01-PIREP,15000.0,42.91669,-97.38594,2025-03-29 01:56:00,0.0,,"('KFSD', 'KOAX', 'KABR', 'KUEX', 'KLNX')","['s3://noaa-nexrad-level2/2025/03/29/KFSD/KFSD20250329_015333_V06', 's3://noaa-nexrad-level2/2025/03/29/KOAX/KOAX20250329_015519_V06', 's3://noaa-nexrad-level2/2025/03/29/KABR/KABR20250329_015259_V06', 's3://noaa-nexrad-level2/2025/03/29/KUEX/KUEX20250329_015219_V06', 's3://noaa-nexrad-level2/2025/03/29/KLNX/KLNX20250329_015340_V06']"
111395,F,B737,LOZ UA /OV AZQ/TM 0158/FL370/TP B737/TB CONS LGT CHOP,CONS LGT CHOP,202503290200-KMSC-UBUS01-PIREP,37000.0,37.39,-83.26,2025-03-29 01:58:00,1.0,M,"('KJKL', 'KMRX', 'KRLX', 'KILN', 'KGSP')","['s3://noaa-nexrad-level2/2025/03/29/KJKL/KJKL20250329_015427_V06', 's3://noaa-nexrad-level2/2025/03/29/KMRX/KMRX20250329_015636_V06', 's3://noaa-nexrad-level2/2025/03/29/KRLX/KRLX20250329_015518_V06', 's3://noaa-nexrad-level2/2025/03/29/KILN/KILN20250329_015706_V06', 's3://noaa-nexrad-level2/2025/03/29/KGSP/KGSP20250329_014945_V06']"
111396,F,B38M,DEN UA /OV DEN278030/TM 0200/FL150/TP B38M/TB LGT CHOP/RM DURC ZDVWC-06,LGT CHOP,202503290200-KMSC-UBUS01-PIREP,15000.0,39.90239218699626,-105.30232772099411,2025-03-29 02:00:00,1.0,U,"('KFTG', 'KCYS', 'KPUX', 'KGJX', 'KGLD')","['s3://noaa-nexrad-level2/2025/03/29/KFTG/KFTG20250329_015747_V06', 's3://noaa-nexrad-level2/2025/03/29/KCYS/KCYS20250329_015810_V06', 's3://noaa-nexrad-level2/2025/03/29/KPUX/KPUX20250329_015634_V06', 's3://noaa-nexrad-level2/2025/03/29/KGJX/KGJX20250329_015933_V06', 's3://noaa-nexrad-level2/2025/03/29/KGLD/KGLD20250329_015639_V06']"
111397,F,B737,MDQ UA /OV RQZ090020/TM 0200/FL370/TP B737/TB CONS MOD/RM ZTLFD-02,CONS MOD,202503290200-KMSC-UBUS01-PIREP,37000.0,34.8,-86.2240319619719,2025-03-29 02:00:00,3.0,M,"('KHTX', 'KOHX', 'KBMX', 'KFFC', 'KHPX')","['s3://noaa-nexrad-level2/2025/03/29/KHTX/KHTX20250329_015942_V06', 's3://noaa-nexrad-level2/2025/03/29/KOHX/KOHX20250329_015811_V06', 's3://noaa-nexrad-level2/2025/03/29/KBMX/KBMX20250329_015535_V06', 's3://noaa-nexrad-level2/2025/03/29/KFFC/KFFC20250329_015356_V06', 's3://noaa-nexrad-level2/2025/03/29/KHPX/KHPX20250329_015653_V06']"
111398,F,SB20,CDB UA /OV CDB020128 /TM 0200 /FL300 /TP SB20 /SK SKC /TA M50 /WV36085KT /TB NEG /IC NEG /RM (AKFSS),NEG,202503290200-KMSC-UBUS01-PIREP,30000.0,57.20483997005719,-161.4414215415824,2025-03-29 02:00:00,0.0,M,"('PABC', 'PAKC', 'PAEC', 'PAHG', 'PAIH')","['s3://noaa-nexrad-level2/2025/03/29/PAKC/PAKC20250329_015441_V06', 's3://noaa-nexrad-level2/2025/03/29/PAEC/PAEC20250329_015808_V06', 's3://noaa-nexrad-level2/2025/03/29/PAHG/PAHG20250329_015540_V06', 's3://noaa-nexrad-level2/2025/03/29/PAIH/PAIH20250329_015754_V06']"
111399,T,BE20,AKN UUA /OV AKN/TM 0200/FL105/TP BE20/TB LGT/RM DURC LLWS +/-10KTS ON SHORT APPROACH INBOUND /ZAN,LGT,202503290200-KMSC-UBUS01-PIREP,10500.0,58.67,-156.64,2025-03-29 02:00:00,1.0,M,"('PAKC', 'PABC', 'PAHG', 'PAIH', 'PAIH')","['s3://noaa-nexrad-level2/2025/03/29/PAKC/PAKC20250329_015441_V06', 's3://noaa-nexrad-level2/2025/03/29/PAHG/PAHG20250329_015540_V06', 's3://noaa-nexrad-level2/2025/03/29/PAIH/PAIH20250329_015754_V06', 's3://noaa-nexrad-level2/2025/03/29/PAIH/PAIH20250329_015754_V06']"
111400,F,SB20,CDB UA /OV CDB020128 /TM 0200 /FL300 /TP SB20 /SK SKC /TA M50 /WV 36085KT /TB NEG /IC NEG /RM (AKFSS,NEG,202503290210-KWBC-UBAK90-PIREP,30000.0,57.20483997005719,-161.4414215415824,2025-03-29 02:00:00,0.0,M,"('PABC', 'PAKC', 'PAEC', 'PAHG', 'PAIH')","['s3://noaa-nexrad-level2/2025/03/29/PAKC/PAKC20250329_015441_V06', 's3://noaa-nexrad-level2/2025/03/29/PAEC/PAEC20250329_015808_V06', 's3://noaa-nexrad-level2/2025/03/29/PAHG/PAHG20250329_015540_V06', 's3://noaa-nexrad-level2/2025/03/29/PAIH/PAIH20250329_015754_V06']"
111401,F,A320,BHM UA /OV VUZ/TM 0201/FL330/TP A320/TB OCNL MOD/RM ZTLFD-03,OCNL MOD,202503290200-KMSC-UBUS01-PIREP,33000.0,33.67,-86.9,2025-03-29 02:01:00,3.0,M,"('KBMX', 'KGWX', 'KHTX', 'KMXX', 'KFFC')","['s3://noaa-nexrad-level2/2025/03/29/KBMX/KBMX20250329_015535_V06', 's3://noaa-nexrad-level2/2025/03/29/KGWX/KGWX20250329_015415_V06', 's3://noaa-nexrad-level2/2025/03/29/KHTX/KHTX20250329_015942_V06', 's3://noaa-nexrad-level2/2025/03/29/KMXX/KMXX20250329_020023_V06', 's3://noaa-nexrad-level2/2025/03/29/KFFC/KFFC20250329_020057_V06']"
111402,F,B737,CMH UA /OV APE/TM 0201/FL360/TP B737/TB NEG/IC NEG,NEG,202503290200-KMSC-UBUS01-PIREP,36000.0,40.15,-82.59,2025-03-29 02:01:00,0.0,M,"('KILN', 'KCLE', 'KRLX', 'KPBZ', 'KJKL')","['s3://noaa-nexrad-level2/2025/03/29/KILN/KILN20250329_015706_V06', 's3://noaa-nexrad-level2/2025/03/29/KCLE/KCLE20250329_015828_V06', 's3://noaa-nexrad-level2/2025/03/29/KRLX/KRLX20250329_015518_V06', 's3://noaa-nexrad-level2/2025/03/29/KPBZ/KPBZ20250329_015656_V06', 's3://noaa-nexrad-level2/2025/03/29/KJKL/KJKL20250329_015427_V06']"
111403,F,A320,BWG UA /OV BWG090010/TM 0203/FL340/TP A320/TB NEG/RM ZME,NEG,202503290200-KMSC-UBUS01-PIREP,34000.0,36.96453,-86.2110610961605,2025-03-29 02:03:00,0.0,M,"('KOHX', 'KLVX', 'KHPX', 'KVWX', 'KHTX')","['s3://noaa-nexrad-level2/2025/03/29/KOHX/KOHX20250329_015811_V06', 's3://noaa-nexrad-level2/2025/03/29/KLVX/KLVX20250329_015710_V06', 's3://noaa-nexrad-level2/2025/03/29/KHPX/KHPX20250329_015653_V06', 's3://noaa-nexrad-level2/2025/03/29/KVWX/KVWX20250329_015731_V06', 's3://noaa-nexrad-level2/2025/03/29/KHTX/KHTX20250329_015942_V06']"
111404,F,PC12,PKB UA /OV UNI/TM 0205/FL100/TP PC12/TB NEG/IC NEG,NEG,202503290200-KMSC-UBUS01-PIREP,10000.0,39.2118914,-82.2292537,2025-03-29 02:05:00,0.0,L,"('KRLX', 'KILN', 'KJKL', 'KCLE', 'KPBZ')","['s3://noaa-nexrad-level2/2025/03/29/KRLX/KRLX20250329_020216_V06', 's3://noaa-nexrad-level2/2025/03/29/KILN/KILN20250329_020224_V06', 's3://noaa-nexrad-level2/2025/03/29/KJKL/KJKL20250329_020133_V06', 's3://noaa-nexrad-level2/2025/03/29/KCLE/KCLE20250329_020412_V06', 's3://noaa-nexrad-level2/2025/03/29/KPBZ/KPBZ20250329_020139_V06']"
111405,F,B39M,ORD UA /OV CGT/TM 0206/FL360/TP B39M/TB CONS LGT CHOP OCNL MOD CHOP,CONS LGT CHOP OCNL MOD CHOP,202503290200-KMSC-UBUS01-PIREP,36000.0,41.51,-87.57,2025-03-29 02:06:00,2.0,U,"('KLOT', 'KMKX', 'KIWX', 'KIND', 'KILX')","['s3://noaa-nexrad-level2/2025/03/29/KLOT/KLOT20250329_020037_V06', 's3://noaa-nexrad-level2/2025/03/29/KMKX/KMKX20250329_020506_V06', 's3://noaa-nexrad-level2/2025/03/29/KIWX/KIWX20250329_020154_V06', 's3://noaa-nexrad-level2/2025/03/29/KIND/KIND20250329_015926_V06', 's3://noaa-nexrad-level2/2025/03/29/KILX/KILX20250329_020428_V06']"
111406,F,CRJ9,AHN UA /OV AHN/TM 0206/FL340/TP CRJ9/TB NEG/RM ZTLFD-33,NEG,202503290200-KMSC-UBUS01-PIREP,34000.0,33.9486,-83.32635,2025-03-29 02:06:00,0.0,U,"('KJGX', 'KFFC', 'KGSP', 'KCAE', 'KMRX')","['s3://noaa-nexrad-level2/2025/03/29/KJGX/KJGX20250329_020554_V06', 's3://noaa-nexrad-level2/2025/03/29/KFFC/KFFC20250329_020057_V06', 's3://noaa-nexrad-level2/2025/03/29/KGSP/KGSP20250329_015827_V06', 's3://noaa-nexrad-level2/2025/03/29/KCAE/KCAE20250329_020154_V06', 's3://noaa-nexrad-level2/2025/03/29/KMRX/KMRX20250329_020338_V06']"
111407,F,A320,GSO UA /OV GSO/TM 0206/FL340/TP A320/TB OCNL LGT CHOP/RM ZTLFD-33,OCNL LGT CHOP,202503290200-KMSC-UBUS01-PIREP,34000.0,36.0975,-79.94361,2025-03-29 02:06:00,1.0,M,"('KFCX', 'KRAX', 'KCAE', 'KGSP', 'KLTX')","['s3://noaa-nexrad-level2/2025/03/29/KFCX/KFCX20250329_020211_V06', 's3://noaa-nexrad-level2/2025/03/29/KRAX/KRAX20250329_020059_V06', 's3://noaa-nexrad-level2/2025/03/29/KCAE/KCAE20250329_020154_V06', 's3://noaa-nexrad-level2/2025/03/29/KGSP/KGSP20250329_015827_V06', 's3://noaa-nexrad-level2/2025/03/29/KLTX/KLTX20250329_020238_V06']"
111408,F,B752,AND UA /OV ELW/TM 0208/FL290/TP B752/TB OCNL LGT CHOP/RM ZTLFD-33,OCNL LGT CHOP,202503290200-KMSC-UBUS01-PIREP,29000.0,34.42,-82.78,2025-03-29 02:08:00,1.0,M,"('KGSP', 'KCAE', 'KJGX', 'KMRX', 'KFFC')","['s3://noaa-nexrad-level2/2025/03/29/KGSP/KGSP20250329_020709_V06', 's3://noaa-nexrad-level2/2025/03/29/KCAE/KCAE20250329_020154_V06', 's3://noaa-nexrad-level2/2025/03/29/KJGX/KJGX20250329_020554_V06', 's3://noaa-nexrad-level2/2025/03/29/KMRX/KMRX20250329_020338_V06', 's3://noaa-nexrad-level2/2025/03/29/KFFC/KFFC20250329_020758_V06']"
111409,F,B739,ASE UA /OV DBL260040/TM 0208/FL340/TP B739/TB CONS LGT OCNL MOD CHOP/RM ZDVWC-04,CONS LGT OCNL MOD CHOP,202503290200-KMSC-UBUS01-PIREP,34000.0,39.32422517121108,-107.75018770262544,2025-03-29 02:08:00,2.0,M,"('KGJX', 'KFTG', 'KCYS', 'KPUX', 'KRIW')","['s3://noaa-nexrad-level2/2025/03/29/KGJX/KGJX20250329_020505_V06', 's3://noaa-nexrad-level2/2025/03/29/KFTG/KFTG20250329_020345_V06', 's3://noaa-nexrad-level2/2025/03/29/KCYS/KCYS20250329_020408_V06', 's3://noaa-nexrad-level2/2025/03/29/KPUX/KPUX20250329_020339_V06', 's3://noaa-nexrad-level2/2025/03/29/KRIW/KRIW20250329_020425_V06']"
111410,F,A21N,SME UA /OV SME/TM 0211/FL200/TP A21N/TB LGT CHOP,LGT CHOP,202503290200-KMSC-UBUS01-PIREP,20000.0,37.05358,-84.61564,2025-03-29 02:11:00,1.0,U,"('KJKL', 'KMRX', 'KLVX', 'KOHX', 'KILN')","['s3://noaa-nexrad-level2/2025/03/29/KJKL/KJKL20250329_020837_V06', 's3://noaa-nexrad-level2/2025/03/29/KMRX/KMRX20250329_021040_V06', 's3://noaa-nexrad-level2/2025/03/29/KLVX/KLVX20250329_020414_V06', 's3://noaa-nexrad-level2/2025/03/29/KOHX/KOHX20250329_020857_V06', 's3://noaa-nexrad-level2/2025/03/29/KILN/KILN20250329_020743_V06']"
111411,F,PA46,SXK UA /OV SXK/TM 0212/FL150/TP PA46/TB NEG/IC NEG/RM VMC 150,NEG,202503290200-KMSC-UBUS01-PIREP,15000.0,42.9858275,-96.1614003,2025-03-29 02:12:00,0.0,L,"('KFSD', 'KOAX', 'KDMX', 'KMPX', 'KABR')","['s3://noaa-nexrad-level2/2025/03/29/KFSD/KFSD20250329_021034_V06', 's3://noaa-nexrad-level2/2025/03/29/KOAX/KOAX20250329_021003_V06', 's3://noaa-nexrad-level2/2025/03/29/KDMX/KDMX20250329_021121_V06', 's3://noaa-nexrad-level2/2025/03/29/KMPX/KMPX20250329_020908_V06', 's3://noaa-nexrad-level2/2025/03/29/KABR/KABR20250329_021109_V06']"
111412,F,A320,FMN UA /OV RSK090020/TM 0213/FL320/TP A320/TB INTMT LGT CHOP/RM ZDVWC-,INTMT LGT CHOP,202503290200-KMSC-UBUS01-PIREP,32000.0,36.75,-107.68395164168926,2025-03-29 02:13:00,1.0,M,"('KABX', 'KGJX', 'KPUX', 'KHDX', 'KFSX')","['s3://noaa-nexrad-level2/2025/03/29/KABX/KABX20250329_021144_V06', 's3://noaa-nexrad-level2/2025/03/29/KGJX/KGJX20250329_021038_V06', 's3://noaa-nexrad-level2/2025/03/29/KPUX/KPUX20250329_021038_V06', 's3://noaa-nexrad-level2/2025/03/29/KHDX/KHDX20250329_020907_V06', 's3://noaa-nexrad-level2/2025/03/29/KFSX/KFSX20250329_020551_V06']"
111413,F,A320,FMN UA /OV RSK090020/TM 0213/FL320/TP A320/TB INTMT LGT CHOP/RM ZDVWC,INTMT LGT CHOP,202503290225-KWBC-UBUS31-PRCUS,32000.0,36.75,-107.68395164168926,2025-03-29 02:13:00,1.0,M,"('KABX', 'KGJX', 'KPUX', 'KHDX', 'KFSX')","['s3://noaa-nexrad-level2/2025/03/29/KABX/KABX20250329_021144_V06', 's3://noaa-nexrad-level2/2025/03/29/KGJX/KGJX20250329_021038_V06', 's3://noaa-nexrad-level2/2025/03/29/KPUX/KPUX20250329_021038_V06', 's3://noaa-nexrad-level2/2025/03/29/KHDX/KHDX20250329_020907_V06', 's3://noaa-nexrad-level2/2025/03/29/KFSX/KFSX20250329_020551_V06']"
111414,F,B738,ALS UA /OV ALS270020/TM 0214/FL380/TP B738/TB OCNL LGT/RM ZDVWC-38,OCNL LGT,202503290200-KMSC-UBUS01-PIREP,38000.0,37.43889,-106.28123813571744,2025-03-29 02:14:00,1.0,M,"('KPUX', 'KABX', 'KGJX', 'KFTG', 'KFDX')","['s3://noaa-nexrad-level2/2025/03/29/KPUX/KPUX20250329_021038_V06', 's3://noaa-nexrad-level2/2025/03/29/KABX/KABX20250329_021144_V06', 's3://noaa-nexrad-level2/2025/03/29/KGJX/KGJX20250329_021038_V06', 's3://noaa-nexrad-level2/2025/03/29/KFTG/KFTG20250329_021042_V06', 's3://noaa-nexrad-level2/2025/03/29/KFDX/KFDX20250329_020931_V06']"
111415,F,B737,GUC UA /OV HBU/TM 0214/FL340/TP B737/TB CONS LGT 340-350/RM ZDVWC-,CONS LGT 340-350,202503290200-KMSC-UBUS01-PIREP,34000.0,38.45,-107.04,2025-03-29 02:14:00,1.0,M,"('KGJX', 'KFTG', 'KPUX', 'KABX', 'KCYS')","['s3://noaa-nexrad-level2/2025/03/29/KGJX/KGJX20250329_021038_V06', 's3://noaa-nexrad-level2/2025/03/29/KFTG/KFTG20250329_021042_V06', 's3://noaa-nexrad-level2/2025/03/29/KPUX/KPUX20250329_021038_V06', 's3://noaa-nexrad-level2/2025/03/29/KABX/KABX20250329_021144_V06', 's3://noaa-nexrad-level2/2025/03/29/KCYS/KCYS20250329_021016_V06']"
111416,F,B737,GUC UA /OV HBU/TM 0214/FL340/TP B737/TB CONS LGT 340-350/RM ZDVWC,CONS LGT 340-350,202503290225-KWBC-UBUS31-PRCUS,34000.0,38.45,-107.04,2025-03-29 02:14:00,1.0,M,"('KGJX', 'KFTG', 'KPUX', 'KABX', 'KCYS')","['s3://noaa-nexrad-level2/2025/03/29/KGJX/KGJX20250329_021038_V06', 's3://noaa-nexrad-level2/2025/03/29/KFTG/KFTG20250329_021042_V06', 's3://noaa-nexrad-level2/2025/03/29/KPUX/KPUX20250329_021038_V06', 's3://noaa-nexrad-level2/2025/03/29/KABX/KABX20250329_021144_V06', 's3://noaa-nexrad-level2/2025/03/29/KCYS/KCYS20250329_021016_V06']"
111417,F,B38M,FOD UA /OV FOD/TM 0216/FL370/TP B38M/TB OCNL LGT CHOP 370,OCNL LGT CHOP 370,202503290200-KMSC-UBUS01-PIREP,37000.0,42.549741,-94.203203,2025-03-29 02:16:00,1.0,U,"('KDMX', 'KMPX', 'KOAX', 'KFSD', 'KARX')","['s3://noaa-nexrad-level2/2025/03/29/KDMX/KDMX20250329_021453_V06', 's3://noaa-nexrad-level2/2025/03/29/KMPX/KMPX20250329_021437_V06', 's3://noaa-nexrad-level2/2025/03/29/KOAX/KOAX20250329_021354_V06', 's3://noaa-nexrad-level2/2025/03/29/KFSD/KFSD20250329_021407_V06', 's3://noaa-nexrad-level2/2025/03/29/KARX/KARX20250329_021336_V06']"
111418,F,B737,ABQ UA /OV FTI060040/TM 0217/FL400/TP B737/TB CONS LGT OCNL MOD CHOP/RM ZAB/FDCS,CONS LGT OCNL MOD CHOP,202503290200-KMSC-UBUS01-PIREP,40000.0,35.99336033336033,-104.42934937702437,2025-03-29 02:17:00,2.0,M,"('KFDX', 'KPUX', 'KABX', 'KAMA', 'KHDX')","['s3://noaa-nexrad-level2/2025/03/29/KFDX/KFDX20250329_021621_V06', 's3://noaa-nexrad-level2/2025/03/29/KPUX/KPUX20250329_021038_V06', 's3://noaa-nexrad-level2/2025/03/29/KABX/KABX20250329_021144_V06', 's3://noaa-nexrad-level2/2025/03/29/KAMA/KAMA20250329_021330_V06', 's3://noaa-nexrad-level2/2025/03/29/KHDX/KHDX20250329_021603_V06']"
111419,F,C560,JYR UA /OV JYR/TM 0217/FL160/TP C560/SK BASE220/TA M20/TB NEG/IC TRACE RIME 220/RM DURD LNK,NEG,202503290200-KMSC-UBUS01-PIREP,16000.0,40.89675,-97.6227778,2025-03-29 02:17:00,0.0,M,"('KUEX', 'KOAX', 'KTWX', 'KFSD', 'KLNX')","['s3://noaa-nexrad-level2/2025/03/29/KUEX/KUEX20250329_021314_V06', 's3://noaa-nexrad-level2/2025/03/29/KOAX/KOAX20250329_021354_V06', 's3://noaa-nexrad-level2/2025/03/29/KTWX/KTWX20250329_021235_V06', 's3://noaa-nexrad-level2/2025/03/29/KFSD/KFSD20250329_021407_V06', 's3://noaa-nexrad-level2/2025/03/29/KLNX/KLNX20250329_021426_V06']"
111420,F,A321,PSK UA /OV PSK010030/TM 0218/FL290/TP A321/TB LGT-MOD CHOP 290,LGT-MOD CHOP 290,202503290200-KMSC-UBUS01-PIREP,29000.0,37.62979376125998,-80.56955858504558,2025-03-29 02:18:00,2.0,M,"('KFCX', 'KRLX', 'KJKL', 'KRAX', 'KPBZ')","['s3://noaa-nexrad-level2/2025/03/29/KFCX/KFCX20250329_021049_V06', 's3://noaa-nexrad-level2/2025/03/29/KRLX/KRLX20250329_021612_V06', 's3://noaa-nexrad-level2/2025/03/29/KJKL/KJKL20250329_021541_V06', 's3://noaa-nexrad-level2/2025/03/29/KRAX/KRAX20250329_020946_V06', 's3://noaa-nexrad-level2/2025/03/29/KPBZ/KPBZ20250329_021630_V06']"
111421,F,A339,PASY UA /OV 5403N16138W/TM 0219/FL340/TP A339/TB MOD/RM /ZAN,MOD,202503290200-KMSC-UBUS01-PIREP,34000.0,54.5,-161.6333,2025-03-29 02:19:00,3.0,U,"('PABC', 'PAKC', 'PAEC', 'PAHG', 'PAIH')","['s3://noaa-nexrad-level2/2025/03/29/PAKC/PAKC20250329_021523_V06', 's3://noaa-nexrad-level2/2025/03/29/PAEC/PAEC20250329_021825_V06', 's3://noaa-nexrad-level2/2025/03/29/PAHG/PAHG20250329_021638_V06', 's3://noaa-nexrad-level2/2025/03/29/PAIH/PAIH20250329_021718_V06']"
111422,F,A321,AMG UA /OV AMG010030/TM 0220/FL390/TP A321/TB CONS LGT OCNL MOD CHOP,CONS LGT OCNL MOD CHOP,202503290200-KMSC-UBUS01-PIREP,39000.0,32.028503761259984,-82.40468274390123,2025-03-29 02:20:00,2.0,M,"('KJGX', 'KVAX', 'KCLX', 'KJAX', 'KCAE')","['s3://noaa-nexrad-level2/2025/03/29/KJGX/KJGX20250329_021957_V06', 's3://noaa-nexrad-level2/2025/03/29/KVAX/KVAX20250329_021851_V06', 's3://noaa-nexrad-level2/2025/03/29/KJAX/KJAX20250329_021316_V06', 's3://noaa-nexrad-level2/2025/03/29/KCAE/KCAE20250329_021132_V06']"
111423,F,B752,HTS UA /OV HNN/TM 0220/FL360/TP B752/TB NEG/IC NEG,NEG,202503290200-KMSC-UBUS01-PIREP,36000.0,38.75,-82.03,2025-03-29 02:20:00,0.0,M,"('KRLX', 'KJKL', 'KILN', 'KFCX', 'KPBZ')","['s3://noaa-nexrad-level2/2025/03/29/KRLX/KRLX20250329_021612_V06', 's3://noaa-nexrad-level2/2025/03/29/KJKL/KJKL20250329_021541_V06', 's3://noaa-nexrad-level2/2025/03/29/KILN/KILN20250329_021813_V06', 's3://noaa-nexrad-level2/2025/03/29/KFCX/KFCX20250329_021926_V06', 's3://noaa-nexrad-level2/2025/03/29/KPBZ/KPBZ20250329_021630_V06']"
111424,F,A20N,SAV UA /OV SAV/TM 0221/FL360/TP A20N/TB MOD CHOP],MOD CHOP],202503290200-KMSC-UBUS01-PIREP,36000.0,32.13136751,-81.20230227,2025-03-29 02:21:00,3.0,U,"('KCLX', 'KJAX', 'KCAE', 'KVAX', 'KJGX')","['s3://noaa-nexrad-level2/2025/03/29/KJAX/KJAX20250329_022015_V06', 's3://noaa-nexrad-level2/2025/03/29/KCAE/KCAE20250329_021132_V06', 's3://noaa-nexrad-level2/2025/03/29/KVAX/KVAX20250329_021851_V06', 's3://noaa-nexrad-level2/2025/03/29/KJGX/KJGX20250329_021957_V06']"
111425,F,A20N,SAV UA /OV SAV/TM 0221/FL360/TP A20N/TB MOD CHOP,MOD CHOP,202503290230-KWBC-UBUS31-PRCUS,36000.0,32.13136751,-81.20230227,2025-03-29 02:21:00,3.0,U,"('KCLX', 'KJAX', 'KCAE', 'KVAX', 'KJGX')","['s3://noaa-nexrad-level2/2025/03/29/KJAX/KJAX20250329_022015_V06', 's3://noaa-nexrad-level2/2025/03/29/KCAE/KCAE20250329_021132_V06', 's3://noaa-nexrad-level2/2025/03/29/KVAX/KVAX20250329_021851_V06', 's3://noaa-nexrad-level2/2025/03/29/KJGX/KJGX20250329_021957_V06']"
111426,F,B737,GAD UA /OV GAD/TM 0222/FL350/TP B737/TB OCNL MOD/RM ZTLFD-03,OCNL MOD,202503290200-KMSC-UBUS01-PIREP,35000.0,33.97265,-86.08908,2025-03-29 02:22:00,3.0,M,"('KHTX', 'KBMX', 'KMXX', 'KFFC', 'KGWX')","['s3://noaa-nexrad-level2/2025/03/29/KHTX/KHTX20250329_022046_V06', 's3://noaa-nexrad-level2/2025/03/29/KBMX/KBMX20250329_021731_V06', 's3://noaa-nexrad-level2/2025/03/29/KMXX/KMXX20250329_022131_V06', 's3://noaa-nexrad-level2/2025/03/29/KFFC/KFFC20250329_021500_V06', 's3://noaa-nexrad-level2/2025/03/29/KGWX/KGWX20250329_022133_V06']"
111427,F,A321,TCL UA /OV LDK/TM 0222/FL330/TP A321/TB OCNL MOD/RM ZTLFD-03,OCNL MOD,202503290200-KMSC-UBUS01-PIREP,33000.0,33.26,-87.54,2025-03-29 02:22:00,3.0,M,"('KBMX', 'KGWX', 'KMXX', 'KHTX', 'KDGX')","['s3://noaa-nexrad-level2/2025/03/29/KBMX/KBMX20250329_021731_V06', 's3://noaa-nexrad-level2/2025/03/29/KGWX/KGWX20250329_022133_V06', 's3://noaa-nexrad-level2/2025/03/29/KMXX/KMXX20250329_022131_V06', 's3://noaa-nexrad-level2/2025/03/29/KHTX/KHTX20250329_022046_V06', 's3://noaa-nexrad-level2/2025/03/29/KDGX/KDGX20250329_021715_V06']"
111428,F,A321,1A5 UA /OV ODF270040/TM 0223/FL210/TP A321/TB MOD CAT/RM ZTLFD-41,MOD CAT,202503290200-KMSC-UBUS01-PIREP,21000.0,34.7,-84.11095359626373,2025-03-29 02:23:00,3.0,M,"('KFFC', 'KMRX', 'KGSP', 'KHTX', 'KJGX')","['s3://noaa-nexrad-level2/2025/03/29/KFFC/KFFC20250329_022201_V06', 's3://noaa-nexrad-level2/2025/03/29/KMRX/KMRX20250329_021741_V06', 's3://noaa-nexrad-level2/2025/03/29/KGSP/KGSP20250329_021551_V06', 's3://noaa-nexrad-level2/2025/03/29/KHTX/KHTX20250329_022046_V06', 's3://noaa-nexrad-level2/2025/03/29/KJGX/KJGX20250329_021957_V06']"
111429,F,SW4,DEN UA /OV DEN210025/TM 0226/FL130/TP SW4/TB MOD,MOD,202503290200-KMSC-UBUS01-PIREP,13000.0,39.47192685336988,-104.92881867174344,2025-03-29 02:26:00,3.0,M,"('KFTG', 'KPUX', 'KCYS', 'KGLD', 'KGJX')","['s3://noaa-nexrad-level2/2025/03/29/KFTG/KFTG20250329_022434_V06', 's3://noaa-nexrad-level2/2025/03/29/KPUX/KPUX20250329_022442_V06', 's3://noaa-nexrad-level2/2025/03/29/KCYS/KCYS20250329_022233_V06', 's3://noaa-nexrad-level2/2025/03/29/KGLD/KGLD20250329_022321_V06', 's3://noaa-nexrad-level2/2025/03/29/KGJX/KGJX20250329_022143_V06']"
111430,F,B788,CAD UA /OV CAD/TM 0230/FL370/TP B788/TB CONS LGT CHOP,CONS LGT CHOP,202503290200-KMSC-UBUS01-PIREP,37000.0,44.27533,-85.41892,2025-03-29 02:30:00,1.0,U,"('KAPX', 'KGRR', 'KDTX', 'KGRB', 'KIWX')","['s3://noaa-nexrad-level2/2025/03/29/KAPX/KAPX20250329_022639_V06', 's3://noaa-nexrad-level2/2025/03/29/KGRR/KGRR20250329_022335_V06', 's3://noaa-nexrad-level2/2025/03/29/KDTX/KDTX20250329_022612_V06', 's3://noaa-nexrad-level2/2025/03/29/KGRB/KGRB20250329_022444_V06', 's3://noaa-nexrad-level2/2025/03/29/KIWX/KIWX20250329_022926_V06']"
111431,F,P28A,BXK UA /OV E63 /TM 0231 /FL065 /TP P28A /TB OCNL LGT /RM TURB OVR MTN,OCNL LGT,202503290200-KMSC-UBUS01-PIREP,6500.0,32.96,-112.67,2025-03-29 02:31:00,1.0,L,"('KIWA', 'KYUX', 'KFSX', 'KFSX', 'KEMX')","['s3://noaa-nexrad-level2/2025/03/29/KIWA/KIWA20250329_022538_V06', 's3://noaa-nexrad-level2/2025/03/29/KYUX/KYUX20250329_022514_V06', 's3://noaa-nexrad-level2/2025/03/29/KFSX/KFSX20250329_022322_V06', 's3://noaa-nexrad-level2/2025/03/29/KFSX/KFSX20250329_022322_V06', 's3://noaa-nexrad-level2/2025/03/29/KEMX/KEMX20250329_022511_V06']"
111432,F,B737,SAF UA /OV SAF030005/TM 0231/FL370/TP B737/TB NEG MTN WAVE +/- 10 KTS/RM ZAB/FDCS,NEG MTN WAVE +,202503290200-KMSC-UBUS01-PIREP,37000.0,35.68928462932602,-106.03816072651117,2025-03-29 02:31:00,0.0,M,"('KABX', 'KHDX', 'KFDX', 'KPUX', 'KEPZ')","['s3://noaa-nexrad-level2/2025/03/29/KABX/KABX20250329_022559_V06', 's3://noaa-nexrad-level2/2025/03/29/KHDX/KHDX20250329_022932_V06', 's3://noaa-nexrad-level2/2025/03/29/KFDX/KFDX20250329_023002_V06', 's3://noaa-nexrad-level2/2025/03/29/KPUX/KPUX20250329_022442_V06', 's3://noaa-nexrad-level2/2025/03/29/KEPZ/KEPZ20250329_022533_V06']"
111433,F,B77W,BML UA /OV BML/TM 0232/FL330/TP B77W/TB MOD,MOD,202503290200-KMSC-UBUS01-PIREP,33000.0,44.57611,-71.17861,2025-03-29 02:32:00,3.0,U,"('KGYX', 'KCXX', 'KBOX', 'KENX', 'KCBW')","['s3://noaa-nexrad-level2/2025/03/29/KGYX/KGYX20250329_022503_V06', 's3://noaa-nexrad-level2/2025/03/29/KCXX/KCXX20250329_022814_V06', 's3://noaa-nexrad-level2/2025/03/29/KBOX/KBOX20250329_022814_V06', 's3://noaa-nexrad-level2/2025/03/29/KENX/KENX20250329_023146_V06', 's3://noaa-nexrad-level2/2025/03/29/KCBW/KCBW20250329_022547_V06']"
111434,F,B739,FSD UA /OV FSD305035/TM 0233/FL360/TP B739/TB NEG,NEG,202503290200-KMSC-UBUS01-PIREP,36000.0,43.91155335605183,-97.4132522421177,2025-03-29 02:33:00,0.0,M,"('KFSD', 'KABR', 'KOAX', 'KMVX', 'KLNX')","['s3://noaa-nexrad-level2/2025/03/29/KFSD/KFSD20250329_023152_V06', 's3://noaa-nexrad-level2/2025/03/29/KABR/KABR20250329_023007_V06', 's3://noaa-nexrad-level2/2025/03/29/KOAX/KOAX20250329_023255_V06', 's3://noaa-nexrad-level2/2025/03/29/KMVX/KMVX20250329_022857_V06', 's3://noaa-nexrad-level2/2025/03/29/KLNX/KLNX20250329_023007_V06']"
111435,F,A321,DAY UA /OV RID/TM 0233/FL350/TP A321/TB LGT CHOP/IC NEG,LGT CHOP,202503290200-KMSC-UBUS01-PIREP,35000.0,39.7572,-84.8428,2025-03-29 02:33:00,1.0,M,"('KILN', 'KIND', 'KIWX', 'KLVX', 'KJKL')","['s3://noaa-nexrad-level2/2025/03/29/KILN/KILN20250329_023213_V06', 's3://noaa-nexrad-level2/2025/03/29/KIND/KIND20250329_022754_V06', 's3://noaa-nexrad-level2/2025/03/29/KIWX/KIWX20250329_022926_V06', 's3://noaa-nexrad-level2/2025/03/29/KLVX/KLVX20250329_023228_V06', 's3://noaa-nexrad-level2/2025/03/29/KJKL/KJKL20250329_022949_V06']"
111436,F,A20N,ATL UA /OV OTK090005/TM 0235/FL310/TP A20N/TB MOD/RM ZTLFD-22,MOD,202503290200-KMSC-UBUS01-PIREP,31000.0,30.78,-83.18299576208477,2025-03-29 02:35:00,3.0,U,"('KVAX', 'KTLH', 'KJAX', 'KJGX', 'KEOX')","['s3://noaa-nexrad-level2/2025/03/29/KVAX/KVAX20250329_023311_V06', 's3://noaa-nexrad-level2/2025/03/29/KTLH/KTLH20250329_023033_V06', 's3://noaa-nexrad-level2/2025/03/29/KJAX/KJAX20250329_023413_V06', 's3://noaa-nexrad-level2/2025/03/29/KJGX/KJGX20250329_023359_V06', 's3://noaa-nexrad-level2/2025/03/29/KEOX/KEOX20250329_023209_V06']"
111437,F,B38M,EKN UA /OV EKN28020/TM 0236/FL380/TP B38M/TB LGT CHOP,LGT CHOP,202503290200-KMSC-UBUS01-PIREP,38000.0,38.88528,-79.85278,2025-03-29 02:36:00,1.0,U,"('KPBZ', 'KFCX', 'KRLX', 'KLWX', 'KCCX')","['s3://noaa-nexrad-level2/2025/03/29/KPBZ/KPBZ20250329_023523_V06', 's3://noaa-nexrad-level2/2025/03/29/KFCX/KFCX20250329_022804_V06', 's3://noaa-nexrad-level2/2025/03/29/KRLX/KRLX20250329_023116_V06', 's3://noaa-nexrad-level2/2025/03/29/KLWX/KLWX20250329_023507_V06', 's3://noaa-nexrad-level2/2025/03/29/KCCX/KCCX20250329_023323_V06']"
111438,F,A20N,BWG UA /OV BWG090005/TM 0238/FL320/TP A20N/TB NEG/RM ZME,NEG,202503290200-KMSC-UBUS01-PIREP,32000.0,36.96453,-86.31536554808025,2025-03-29 02:38:00,0.0,U,"('KOHX', 'KHPX', 'KLVX', 'KVWX', 'KHTX')","['s3://noaa-nexrad-level2/2025/03/29/KOHX/KOHX20250329_023656_V06', 's3://noaa-nexrad-level2/2025/03/29/KHPX/KHPX20250329_023256_V06', 's3://noaa-nexrad-level2/2025/03/29/KLVX/KLVX20250329_023228_V06', 's3://noaa-nexrad-level2/2025/03/29/KVWX/KVWX20250329_023249_V06', 's3://noaa-nexrad-level2/2025/03/29/KHTX/KHTX20250329_023449_V06']"
111439,F,B38M,OKC UA /OV IRW090015/TM 0238/FL360/TP B38M/TB CONS LGT/RM ZFW,CONS LGT,202503290200-KMSC-UBUS01-PIREP,36000.0,35.36,-97.3034268103977,2025-03-29 02:38:00,1.0,U,"('KTLX', 'KOUN', 'KVNX', 'KINX', 'KFDR')","['s3://noaa-nexrad-level2/2025/03/29/KTLX/KTLX20250329_023058_V06', 's3://noaa-nexrad-level2/2025/03/29/KVNX/KVNX20250329_023203_V06', 's3://noaa-nexrad-level2/2025/03/29/KINX/KINX20250329_023035_V06', 's3://noaa-nexrad-level2/2025/03/29/KFDR/KFDR20250329_023618_V06']"
111440,F,A321,BNA UA /OV BNA135005/TM 0239/FL290/TP A321/TB NEG/RM ZME,NEG,202503290200-KMSC-UBUS01-PIREP,29000.0,36.059959661925575,-86.61621795733315,2025-03-29 02:39:00,0.0,M,"('KOHX', 'KHPX', 'KHTX', 'KLVX', 'KPAH')","['s3://noaa-nexrad-level2/2025/03/29/KOHX/KOHX20250329_023656_V06', 's3://noaa-nexrad-level2/2025/03/29/KHPX/KHPX20250329_023256_V06', 's3://noaa-nexrad-level2/2025/03/29/KHTX/KHTX20250329_023449_V06', 's3://noaa-nexrad-level2/2025/03/29/KLVX/KLVX20250329_023228_V06', 's3://noaa-nexrad-level2/2025/03/29/KPAH/KPAH20250329_023803_V06']"
111441,F,C525,TOA UA /OV AVX330024 /TM 0239 /FL290 /TP C525 /TB NEG,NEG,202503290200-KMSC-UBUS01-PIREP,29000.0,33.75143822076492,-118.65542779919237,2025-03-29 02:39:00,0.0,L,"('KVTX', 'KSOX', 'KEYX', 'KNKX', 'KVBX')","['s3://noaa-nexrad-level2/2025/03/29/KVTX/KVTX20250329_023855_V06', 's3://noaa-nexrad-level2/2025/03/29/KSOX/KSOX20250329_023444_V06', 's3://noaa-nexrad-level2/2025/03/29/KEYX/KEYX20250329_023327_V06', 's3://noaa-nexrad-level2/2025/03/29/KNKX/KNKX20250329_023204_V06', 's3://noaa-nexrad-level2/2025/03/29/KVBX/KVBX20250329_022957_V06']"
111442,F,B737,DEN UA /OV DEN220040/TM 0240/FL200/TP B737/TA +2/TB OCNL MOD/IC LGT RIME/RM 200-180,OCNL MOD,202503290200-KMSC-UBUS01-PIREP,20000.0,39.32206233814605,-105.2155808975145,2025-03-29 02:40:00,3.0,M,"('KFTG', 'KPUX', 'KCYS', 'KGJX', 'KGLD')","['s3://noaa-nexrad-level2/2025/03/29/KFTG/KFTG20250329_023839_V06', 's3://noaa-nexrad-level2/2025/03/29/KPUX/KPUX20250329_023852_V06', 's3://noaa-nexrad-level2/2025/03/29/KCYS/KCYS20250329_023448_V06', 's3://noaa-nexrad-level2/2025/03/29/KGJX/KGJX20250329_023932_V06', 's3://noaa-nexrad-level2/2025/03/29/KGLD/KGLD20250329_023643_V06']"
111443,F,B739,ISQ UA /OV ISQ/TM 0242/FL370/TP B739/SK TOP370/TB CONS LGT-MOD,CONS LGT-MOD,202503290200-KMSC-UBUS01-PIREP,37000.0,45.97464,-86.17183,2025-03-29 02:42:00,2.0,M,"('KMQT', 'KAPX', 'KGRB', 'KGRR', 'KMKX')","['s3://noaa-nexrad-level2/2025/03/29/KMQT/KMQT20250329_023838_V06', 's3://noaa-nexrad-level2/2025/03/29/KAPX/KAPX20250329_023906_V06', 's3://noaa-nexrad-level2/2025/03/29/KGRB/KGRB20250329_023656_V06', 's3://noaa-nexrad-level2/2025/03/29/KGRR/KGRR20250329_024027_V06', 's3://noaa-nexrad-level2/2025/03/29/KMKX/KMKX20250329_024125_V06']"
111444,F,B737,ABQ UA /OV FTI300040/TM 0245/FL340/TP B737/TB CONS LGT OCNL MOD CHOP/RM ZAB/FDCS,CONS LGT OCNL MOD CHOP,202503290200-KMSC-UBUS01-PIREP,34000.0,35.99336033336033,-105.85065062297564,2025-03-29 02:45:00,2.0,M,"('KABX', 'KFDX', 'KHDX', 'KPUX', 'KGJX')","['s3://noaa-nexrad-level2/2025/03/29/KABX/KABX20250329_024014_V06', 's3://noaa-nexrad-level2/2025/03/29/KFDX/KFDX20250329_024340_V06', 's3://noaa-nexrad-level2/2025/03/29/KHDX/KHDX20250329_024302_V06', 's3://noaa-nexrad-level2/2025/03/29/KPUX/KPUX20250329_023852_V06', 's3://noaa-nexrad-level2/2025/03/29/KGJX/KGJX20250329_023932_V06']"
111445,F,A343,SSI UA /OV SSI360040/TM 0245/FL350/TP A343/TB MOD CHOP,MOD CHOP,202503290200-KMSC-UBUS01-PIREP,35000.0,31.818940666720668,-81.39083,2025-03-29 02:45:00,3.0,H,"('KCLX', 'KJAX', 'KVAX', 'KJGX', 'KCAE')","['s3://noaa-nexrad-level2/2025/03/29/KJAX/KJAX20250329_024112_V06', 's3://noaa-nexrad-level2/2025/03/29/KVAX/KVAX20250329_024255_V06', 's3://noaa-nexrad-level2/2025/03/29/KJGX/KJGX20250329_024100_V06', 's3://noaa-nexrad-level2/2025/03/29/KCAE/KCAE20250329_024025_V06']"
111446,F,B78X,PASY UA /OV 4842N16901E/TM 0246/FL370/TP B78X/TB OCNL MOD/RM /ZAN,OCNL MOD,202503290200-KMSC-UBUS01-PIREP,37000.0,48.7,169.166,2025-03-29 02:46:00,3.0,U,"('PGUA', 'RKSG', 'RKJK', 'RODN', 'LPLA')","['s3://noaa-nexrad-level2/2025/03/29/PGUA/PGUA20250329_024426_V06', 's3://noaa-nexrad-level2/2025/03/29/RKSG/RKSG20250329_024420_V06', 's3://noaa-nexrad-level2/2025/03/29/RKJK/RKJK20250329_024157_V06']"
111447,F,B789,PASY UA /OV 4911N17356E/TM 0247/FL380/TP B789/TB MOD/RM /ZAN,MOD,202503290200-KMSC-UBUS01-PIREP,38000.0,49.1833,173.9333,2025-03-29 02:47:00,3.0,U,"('PGUA', 'RKSG', 'RKJK', 'RODN', 'LPLA')","['s3://noaa-nexrad-level2/2025/03/29/PGUA/PGUA20250329_024426_V06', 's3://noaa-nexrad-level2/2025/03/29/RKSG/RKSG20250329_024420_V06', 's3://noaa-nexrad-level2/2025/03/29/RKJK/RKJK20250329_024652_V06']"
111448,F,B38M,ADM UA /OV ADM350010/TM 0248/FL340/TP B38M/TB LGT-OCNL MOD/RM ZFW,LGT-OCNL MOD,202503290200-KMSC-UBUS01-PIREP,34000.0,34.46734792041999,-97.05453797331803,2025-03-29 02:48:00,2.0,U,"('KOUN', 'KTLX', 'KFWS', 'KFDR', 'KINX')","['s3://noaa-nexrad-level2/2025/03/29/KTLX/KTLX20250329_024501_V06', 's3://noaa-nexrad-level2/2025/03/29/KFWS/KFWS20250329_024409_V06', 's3://noaa-nexrad-level2/2025/03/29/KFDR/KFDR20250329_024328_V06', 's3://noaa-nexrad-level2/2025/03/29/KINX/KINX20250329_024712_V06']"
111449,F,B737,DEN UA /OV DEN310025/TM 0250/FL160/TP B737/TB MOD/RM 160-120,MOD,202503290300-KMSC-UBUS01-PIREP,16000.0,40.10064986480624,-105.07318432160694,2025-03-29 02:50:00,3.0,M,"('KFTG', 'KCYS', 'KPUX', 'KGJX', 'KGLD')","['s3://noaa-nexrad-level2/2025/03/29/KFTG/KFTG20250329_024541_V06', 's3://noaa-nexrad-level2/2025/03/29/KCYS/KCYS20250329_024702_V06', 's3://noaa-nexrad-level2/2025/03/29/KPUX/KPUX20250329_024556_V06', 's3://noaa-nexrad-level2/2025/03/29/KGJX/KGJX20250329_024504_V06', 's3://noaa-nexrad-level2/2025/03/29/KGLD/KGLD20250329_024324_V06']"
111450,F,A20N,DEN UA /OV DEN050020/TM 0250/FL150/TP A20N/TB MOD/RM 150-130,MOD,202503290300-KMSC-UBUS01-PIREP,15000.0,40.047079891844994,-104.32495254271444,2025-03-29 02:50:00,3.0,U,"('KFTG', 'KCYS', 'KPUX', 'KGLD', 'KGJX')","['s3://noaa-nexrad-level2/2025/03/29/KFTG/KFTG20250329_024541_V06', 's3://noaa-nexrad-level2/2025/03/29/KCYS/KCYS20250329_024702_V06', 's3://noaa-nexrad-level2/2025/03/29/KPUX/KPUX20250329_024556_V06', 's3://noaa-nexrad-level2/2025/03/29/KGLD/KGLD20250329_024324_V06', 's3://noaa-nexrad-level2/2025/03/29/KGJX/KGJX20250329_024504_V06']"
111451,F,B789,PASY UA /OV 5236N16533E/TM 0251/FL360/TP B789/TB LGT CHOP/RM /ZAN,LGT CHOP,202503290200-KMSC-UBUS01-PIREP,36000.0,52.6,165.55,2025-03-29 02:51:00,1.0,U,"('RKSG', 'RKJK', 'PGUA', 'RODN', 'LPLA')","['s3://noaa-nexrad-level2/2025/03/29/RKSG/RKSG20250329_025031_V06', 's3://noaa-nexrad-level2/2025/03/29/RKJK/RKJK20250329_024652_V06', 's3://noaa-nexrad-level2/2025/03/29/PGUA/PGUA20250329_024906_V06']"
111452,F,FA20,BKX UA /OV BKX/TM 0251/FL129/TP FA20/SK BASEUNKN-TOPUNKN/TB NEG/IC NEG,NEG,202503290300-KMSC-UBUS01-PIREP,12900.0,44.30483,-96.81694,2025-03-29 02:51:00,0.0,M,"('KFSD', 'KABR', 'KOAX', 'KMVX', 'KMPX')","['s3://noaa-nexrad-level2/2025/03/29/KFSD/KFSD20250329_024950_V06', 's3://noaa-nexrad-level2/2025/03/29/KABR/KABR20250329_024905_V06', 's3://noaa-nexrad-level2/2025/03/29/KOAX/KOAX20250329_024751_V06', 's3://noaa-nexrad-level2/2025/03/29/KMVX/KMVX20250329_024601_V06', 's3://noaa-nexrad-level2/2025/03/29/KMPX/KMPX20250329_024617_V06']"
111453,F,A21N,OKC UA /OV IRW135015/TM 0252/FL340/TP A21N/TB LGT/RM ZFW,LGT,202503290200-KMSC-UBUS01-PIREP,34000.0,35.18320898577672,-97.39322001870222,2025-03-29 02:52:00,1.0,U,"('KOUN', 'KTLX', 'KVNX', 'KFDR', 'KINX')","['s3://noaa-nexrad-level2/2025/03/29/KTLX/KTLX20250329_024501_V06', 's3://noaa-nexrad-level2/2025/03/29/KVNX/KVNX20250329_024602_V06', 's3://noaa-nexrad-level2/2025/03/29/KFDR/KFDR20250329_025037_V06', 's3://noaa-nexrad-level2/2025/03/29/KINX/KINX20250329_024712_V06']"
111454,F,BE9L,SJN UA /OV SJN230040/TM 0255/FL190/TP BE9L/TA M13/TB LGT CAT/IC LGT RIME/RM ZAB/FDCS,LGT CAT,202503290300-KMSC-UBUS01-PIREP,19000.0,34.09144021631001,-109.9998811039218,2025-03-29 02:55:00,1.0,L,"('KFSX', 'KFSX', 'KIWA', 'KEMX', 'KABX')","['s3://noaa-nexrad-level2/2025/03/29/KFSX/KFSX20250329_024941_V06', 's3://noaa-nexrad-level2/2025/03/29/KFSX/KFSX20250329_024941_V06', 's3://noaa-nexrad-level2/2025/03/29/KIWA/KIWA20250329_025150_V06', 's3://noaa-nexrad-level2/2025/03/29/KEMX/KEMX20250329_025241_V06', 's3://noaa-nexrad-level2/2025/03/29/KABX/KABX20250329_025431_V06']"
111455,F,B738,GRB UA /OV GRB300020/TM 0256/FL360/TP B738/TB LGT-MOD,LGT-MOD,202503290300-KMSC-UBUS01-PIREP,36000.0,44.64608016668016,-88.54132164485729,2025-03-29 02:56:00,2.0,M,"('KGRB', 'KMKX', 'KMQT', 'KARX', 'KLOT')","['s3://noaa-nexrad-level2/2025/03/29/KGRB/KGRB20250329_025458_V06', 's3://noaa-nexrad-level2/2025/03/29/KMKX/KMKX20250329_025415_V06', 's3://noaa-nexrad-level2/2025/03/29/KMQT/KMQT20250329_025229_V06', 's3://noaa-nexrad-level2/2025/03/29/KARX/KARX20250329_025421_V06', 's3://noaa-nexrad-level2/2025/03/29/KLOT/KLOT20250329_024920_V06']"
111456,F,B737,DEN UA /OV DEN210015/TM 0258/FL150/TP B737/TB MOD/RM 110-170,MOD,202503290300-KMSC-UBUS01-PIREP,15000.0,39.61627611202193,-104.82029120304604,2025-03-29 02:58:00,3.0,M,"('KFTG', 'KPUX', 'KCYS', 'KGLD', 'KGJX')","['s3://noaa-nexrad-level2/2025/03/29/KFTG/KFTG20250329_025243_V06', 's3://noaa-nexrad-level2/2025/03/29/KPUX/KPUX20250329_025301_V06', 's3://noaa-nexrad-level2/2025/03/29/KCYS/KCYS20250329_025310_V06', 's3://noaa-nexrad-level2/2025/03/29/KGLD/KGLD20250329_025645_V06', 's3://noaa-nexrad-level2/2025/03/29/KGJX/KGJX20250329_025610_V06']"
111457,F,V750,SWO UA /OV OSW/TM 0259/FL450/TP V750/TB NEG/RM ZKC/FDC/,NEG,202503290300-KMSC-UBUS01-PIREP,45000.0,37.15,-95.2,2025-03-29 02:59:00,0.0,U,"('KINX', 'KSGF', 'KEAX', 'KSRX', 'KTWX')","['s3://noaa-nexrad-level2/2025/03/29/KINX/KINX20250329_025529_V06', 's3://noaa-nexrad-level2/2025/03/29/KSGF/KSGF20250329_025532_V06', 's3://noaa-nexrad-level2/2025/03/29/KEAX/KEAX20250329_025859_V06', 's3://noaa-nexrad-level2/2025/03/29/KSRX/KSRX20250329_025609_V06', 's3://noaa-nexrad-level2/2025/03/29/KTWX/KTWX20250329_025611_V06']"
111458,F,E75L,DEN UA /OV DEN260020/TM 0300/FL110/TP E75L/TB MOD/RM 110-140,MOD,202503290300-KMSC-UBUS01-PIREP,11000.0,39.774912585605534,-105.08501477035183,2025-03-29 03:00:00,3.0,U,"('KFTG', 'KCYS', 'KPUX', 'KGJX', 'KGLD')","['s3://noaa-nexrad-level2/2025/03/29/KFTG/KFTG20250329_025946_V06', 's3://noaa-nexrad-level2/2025/03/29/KCYS/KCYS20250329_025917_V06', 's3://noaa-nexrad-level2/2025/03/29/KPUX/KPUX20250329_025301_V06', 's3://noaa-nexrad-level2/2025/03/29/KGJX/KGJX20250329_025610_V06', 's3://noaa-nexrad-level2/2025/03/29/KGLD/KGLD20250329_025645_V06']"
111459,F,B737,GRI UA /OV GRI270010/TM 0300/FL410/TP B737/TB LGT-MOD CHOP,LGT-MOD CHOP,202503290300-KMSC-UBUS01-PIREP,41000.0,40.96754,-98.53038470957635,2025-03-29 03:00:00,2.0,M,"('KUEX', 'KOAX', 'KLNX', 'KTWX', 'KFSD')","['s3://noaa-nexrad-level2/2025/03/29/KUEX/KUEX20250329_025744_V06', 's3://noaa-nexrad-level2/2025/03/29/KOAX/KOAX20250329_025858_V06', 's3://noaa-nexrad-level2/2025/03/29/KLNX/KLNX20250329_025711_V06', 's3://noaa-nexrad-level2/2025/03/29/KTWX/KTWX20250329_025611_V06', 's3://noaa-nexrad-level2/2025/03/29/KFSD/KFSD20250329_025711_V06']"
111460,F,E75L,SUE UA /OV SUE/TM 0300/FL350/TP E75L/TB LGT-MOD,LGT-MOD,202503290300-KMSC-UBUS01-PIREP,35000.0,44.84367,-87.42156,2025-03-29 03:00:00,2.0,U,"('KGRB', 'KMQT', 'KMKX', 'KAPX', 'KGRR')","['s3://noaa-nexrad-level2/2025/03/29/KGRB/KGRB20250329_025458_V06', 's3://noaa-nexrad-level2/2025/03/29/KMQT/KMQT20250329_025712_V06', 's3://noaa-nexrad-level2/2025/03/29/KMKX/KMKX20250329_025831_V06', 's3://noaa-nexrad-level2/2025/03/29/KAPX/KAPX20250329_025737_V06', 's3://noaa-nexrad-level2/2025/03/29/KGRR/KGRR20250329_025711_V06']"
111461,F,CRJ9,BMG UA /OV OOM/TM 0302/FL330/TP CRJ9/TB CONS LGT CHOP,CONS LGT CHOP,202503290300-KMSC-UBUS01-PIREP,33000.0,39.14,-86.61,2025-03-29 03:02:00,1.0,U,"('KIND', 'KLVX', 'KVWX', 'KIWX', 'KHPX')","['s3://noaa-nexrad-level2/2025/03/29/KIND/KIND20250329_025641_V06', 's3://noaa-nexrad-level2/2025/03/29/KLVX/KLVX20250329_030041_V06', 's3://noaa-nexrad-level2/2025/03/29/KVWX/KVWX20250329_025510_V06', 's3://noaa-nexrad-level2/2025/03/29/KIWX/KIWX20250329_025805_V06', 's3://noaa-nexrad-level2/2025/03/29/KHPX/KHPX20250329_030147_V06']"
111462,F,B737,SIT UA /OV BKA/TM 0302/FL360/TP B737/TB LGT/RM ZAN,LGT,202503290300-KMSC-UBUS01-PIREP,36000.0,56.86,-135.55,2025-03-29 03:02:00,1.0,M,"('PACG', 'PAIH', 'PAIH', 'PAPD', 'KLGX')","['s3://noaa-nexrad-level2/2025/03/29/PACG/PACG20250329_030013_V06', 's3://noaa-nexrad-level2/2025/03/29/PAIH/PAIH20250329_030008_V06', 's3://noaa-nexrad-level2/2025/03/29/PAIH/PAIH20250329_030008_V06', 's3://noaa-nexrad-level2/2025/03/29/PAPD/PAPD20250329_025456_V06', 's3://noaa-nexrad-level2/2025/03/29/KLGX/KLGX20250329_030132_V06']"
111463,F,A319,ALS UA /OV ALS240045/TM 0302/FL370/TP A319/TB CONS MOD CHOP/RM ZDVWC-,CONS MOD CHOP,202503290300-KMSC-UBUS01-PIREP,37000.0,37.06385962496962,-106.6794880903414,2025-03-29 03:02:00,3.0,M,"('KABX', 'KGJX', 'KPUX', 'KFTG', 'KFDX')","['s3://noaa-nexrad-level2/2025/03/29/KABX/KABX20250329_030139_V06', 's3://noaa-nexrad-level2/2025/03/29/KGJX/KGJX20250329_030143_V06', 's3://noaa-nexrad-level2/2025/03/29/KPUX/KPUX20250329_030006_V06', 's3://noaa-nexrad-level2/2025/03/29/KFTG/KFTG20250329_025946_V06', 's3://noaa-nexrad-level2/2025/03/29/KFDX/KFDX20250329_025718_V06']"
111464,F,A319,CEZ UA /OV BDG/TM 0302/FL340/TP A319/TB OCNL LGT CHOP/RM ZDVWC-23,OCNL LGT CHOP,202503290300-KMSC-UBUS01-PIREP,34000.0,37.5828,-109.4831,2025-03-29 03:02:00,1.0,M,"('KGJX', 'KICX', 'KFSX', 'KFSX', 'KABX')","['s3://noaa-nexrad-level2/2025/03/29/KGJX/KGJX20250329_030143_V06', 's3://noaa-nexrad-level2/2025/03/29/KICX/KICX20250329_025947_V06', 's3://noaa-nexrad-level2/2025/03/29/KFSX/KFSX20250329_025826_V06', 's3://noaa-nexrad-level2/2025/03/29/KFSX/KFSX20250329_025826_V06', 's3://noaa-nexrad-level2/2025/03/29/KABX/KABX20250329_030139_V06']"
111465,F,B752,FMN UA /OV RSK270035/TM 0302/FL360/TP B752/TB OCNL LGT CHOP/RM ZDVWC-24,OCNL LGT CHOP,202503290300-KMSC-UBUS01-PIREP,36000.0,36.75,-108.82808462704378,2025-03-29 03:02:00,1.0,M,"('KGJX', 'KABX', 'KFSX', 'KFSX', 'KICX')","['s3://noaa-nexrad-level2/2025/03/29/KGJX/KGJX20250329_030143_V06', 's3://noaa-nexrad-level2/2025/03/29/KABX/KABX20250329_030139_V06', 's3://noaa-nexrad-level2/2025/03/29/KFSX/KFSX20250329_025826_V06', 's3://noaa-nexrad-level2/2025/03/29/KFSX/KFSX20250329_025826_V06', 's3://noaa-nexrad-level2/2025/03/29/KICX/KICX20250329_025947_V06']"
111466,F,A319,ALS UA /OV ALS240045/TM 0302/FL370/TP A319/TB CONS MOD CHOP/RM ZDVWC,CONS MOD CHOP,202503290315-KWBC-UBUS31-PRCUS,37000.0,37.06385962496962,-106.6794880903414,2025-03-29 03:02:00,3.0,M,"('KABX', 'KGJX', 'KPUX', 'KFTG', 'KFDX')","['s3://noaa-nexrad-level2/2025/03/29/KABX/KABX20250329_030139_V06', 's3://noaa-nexrad-level2/2025/03/29/KGJX/KGJX20250329_030143_V06', 's3://noaa-nexrad-level2/2025/03/29/KPUX/KPUX20250329_030006_V06', 's3://noaa-nexrad-level2/2025/03/29/KFTG/KFTG20250329_025946_V06', 's3://noaa-nexrad-level2/2025/03/29/KFDX/KFDX20250329_025718_V06']"
111467,F,A320,FMN UA /OV RSK090020/TM 0303/FL320/TP A320/TB OCNL CONS LGT CHOP/RM ZDVWC-,OCNL CONS LGT CHOP,202503290300-KMSC-UBUS01-PIREP,32000.0,36.75,-107.68395164168926,2025-03-29 03:03:00,1.0,M,"('KABX', 'KGJX', 'KPUX', 'KHDX', 'KFSX')","['s3://noaa-nexrad-level2/2025/03/29/KABX/KABX20250329_030139_V06', 's3://noaa-nexrad-level2/2025/03/29/KGJX/KGJX20250329_030143_V06', 's3://noaa-nexrad-level2/2025/03/29/KPUX/KPUX20250329_030006_V06', 's3://noaa-nexrad-level2/2025/03/29/KHDX/KHDX20250329_025633_V06', 's3://noaa-nexrad-level2/2025/03/29/KFSX/KFSX20250329_025826_V06']"
111468,F,B737,GUC UA /OV HBU/TM 0303/FL340/TP B737/TB CONS LGT 340-350/RM ZDVWC-,CONS LGT 340-350,202503290300-KMSC-UBUS01-PIREP,34000.0,38.45,-107.04,2025-03-29 03:03:00,1.0,M,"('KGJX', 'KFTG', 'KPUX', 'KABX', 'KCYS')","['s3://noaa-nexrad-level2/2025/03/29/KGJX/KGJX20250329_030143_V06', 's3://noaa-nexrad-level2/2025/03/29/KFTG/KFTG20250329_025946_V06', 's3://noaa-nexrad-level2/2025/03/29/KPUX/KPUX20250329_030006_V06', 's3://noaa-nexrad-level2/2025/03/29/KABX/KABX20250329_030139_V06', 's3://noaa-nexrad-level2/2025/03/29/KCYS/KCYS20250329_025917_V06']"
111469,F,A320,FMN UA /OV RSK090020/TM 0303/FL320/TP A320/TB OCNL CONS LGT CHOP/RM ZDVWC,OCNL CONS LGT CHOP,202503290315-KWBC-UBUS31-PRCUS,32000.0,36.75,-107.68395164168926,2025-03-29 03:03:00,1.0,M,"('KABX', 'KGJX', 'KPUX', 'KHDX', 'KFSX')","['s3://noaa-nexrad-level2/2025/03/29/KABX/KABX20250329_030139_V06', 's3://noaa-nexrad-level2/2025/03/29/KGJX/KGJX20250329_030143_V06', 's3://noaa-nexrad-level2/2025/03/29/KPUX/KPUX20250329_030006_V06', 's3://noaa-nexrad-level2/2025/03/29/KHDX/KHDX20250329_025633_V06', 's3://noaa-nexrad-level2/2025/03/29/KFSX/KFSX20250329_025826_V06']"
111470,F,B737,GUC UA /OV HBU/TM 0303/FL340/TP B737/TB CONS LGT 340-350/RM ZDVWC,CONS LGT 340-350,202503290315-KWBC-UBUS31-PRCUS,34000.0,38.45,-107.04,2025-03-29 03:03:00,1.0,M,"('KGJX', 'KFTG', 'KPUX', 'KABX', 'KCYS')","['s3://noaa-nexrad-level2/2025/03/29/KGJX/KGJX20250329_030143_V06', 's3://noaa-nexrad-level2/2025/03/29/KFTG/KFTG20250329_025946_V06', 's3://noaa-nexrad-level2/2025/03/29/KPUX/KPUX20250329_030006_V06', 's3://noaa-nexrad-level2/2025/03/29/KABX/KABX20250329_030139_V06', 's3://noaa-nexrad-level2/2025/03/29/KCYS/KCYS20250329_025917_V06']"
111471,F,BE40,YKN UA /OV YKN/TM 0308/FL360/TP BE40/TB NEG,NEG,202503290300-KMSC-UBUS01-PIREP,36000.0,42.91669,-97.38594,2025-03-29 03:08:00,0.0,M,"('KFSD', 'KOAX', 'KABR', 'KUEX', 'KLNX')","['s3://noaa-nexrad-level2/2025/03/29/KFSD/KFSD20250329_030740_V06', 's3://noaa-nexrad-level2/2025/03/29/KOAX/KOAX20250329_030600_V06', 's3://noaa-nexrad-level2/2025/03/29/KABR/KABR20250329_030757_V06', 's3://noaa-nexrad-level2/2025/03/29/KUEX/KUEX20250329_030637_V06', 's3://noaa-nexrad-level2/2025/03/29/KLNX/KLNX20250329_030509_V06']"
111472,F,B752,FOD UA /OV FOD/TM 0309/FL380/TP B752/TB NEG,NEG,202503290300-KMSC-UBUS01-PIREP,38000.0,42.549741,-94.203203,2025-03-29 03:09:00,0.0,M,"('KDMX', 'KMPX', 'KOAX', 'KFSD', 'KARX')","['s3://noaa-nexrad-level2/2025/03/29/KDMX/KDMX20250329_030439_V06', 's3://noaa-nexrad-level2/2025/03/29/KMPX/KMPX20250329_030718_V06', 's3://noaa-nexrad-level2/2025/03/29/KOAX/KOAX20250329_030600_V06', 's3://noaa-nexrad-level2/2025/03/29/KFSD/KFSD20250329_030740_V06', 's3://noaa-nexrad-level2/2025/03/29/KARX/KARX20250329_030556_V06']"
111473,F,BE20,1D1 UA /OV 1D1290025/TM 0309/FL120/TP BE20/TB MOD CHOP,MOD CHOP,202503290300-KMSC-UBUS01-PIREP,12000.0,45.37300993624375,-97.12200523424464,2025-03-29 03:09:00,3.0,M,"('KABR', 'KFSD', 'KMVX', 'KMPX', 'KBIS')","['s3://noaa-nexrad-level2/2025/03/29/KABR/KABR20250329_030757_V06', 's3://noaa-nexrad-level2/2025/03/29/KFSD/KFSD20250329_030740_V06', 's3://noaa-nexrad-level2/2025/03/29/KMVX/KMVX20250329_030419_V06', 's3://noaa-nexrad-level2/2025/03/29/KMPX/KMPX20250329_030718_V06', 's3://noaa-nexrad-level2/2025/03/29/KBIS/KBIS20250329_030558_V06']"
111474,F,P46T,LAR UA /OV MBW/TM 0309/FL240/TP P46T/TB NEG/IC NEG/RM ZDVWC-22,NEG,202503290300-KMSC-UBUS01-PIREP,24000.0,41.85,-106.0,2025-03-29 03:09:00,0.0,L,"('KCYS', 'KFTG', 'KRIW', 'KGJX', 'KPUX')","['s3://noaa-nexrad-level2/2025/03/29/KCYS/KCYS20250329_030524_V06', 's3://noaa-nexrad-level2/2025/03/29/KFTG/KFTG20250329_030647_V06', 's3://noaa-nexrad-level2/2025/03/29/KRIW/KRIW20250329_030447_V06', 's3://noaa-nexrad-level2/2025/03/29/KGJX/KGJX20250329_030715_V06', 's3://noaa-nexrad-level2/2025/03/29/KPUX/KPUX20250329_030710_V06']"
111475,F,B737,OKC UA /OV IFI250015/TM 0309/FL400/TP B737/TB MOD/RM ZFW,MOD,202503290300-KMSC-UBUS01-PIREP,40000.0,35.72448803825376,-98.2897081088275,2025-03-29 03:09:00,3.0,M,"('KOUN', 'KVNX', 'KTLX', 'KFDR', 'KICT')","['s3://noaa-nexrad-level2/2025/03/29/KVNX/KVNX20250329_030709_V06', 's3://noaa-nexrad-level2/2025/03/29/KTLX/KTLX20250329_030607_V06', 's3://noaa-nexrad-level2/2025/03/29/KFDR/KFDR20250329_030453_V06', 's3://noaa-nexrad-level2/2025/03/29/KICT/KICT20250329_030529_V06']"
111476,F,B38M,RTN UA /OV CIM024018/TM 0311/FL380/TP B38M/TB CONS LGT-MOD CHOP/RM ZAB/FDCS,CONS LGT-MOD CHOP,202503290300-KMSC-UBUS01-PIREP,38000.0,36.7640858364696,-104.71821287655442,2025-03-29 03:11:00,2.0,U,"('KPUX', 'KFDX', 'KABX', 'KFTG', 'KAMA')","['s3://noaa-nexrad-level2/2025/03/29/KPUX/KPUX20250329_030710_V06', 's3://noaa-nexrad-level2/2025/03/29/KFDX/KFDX20250329_030411_V06', 's3://noaa-nexrad-level2/2025/03/29/KABX/KABX20250329_030846_V06', 's3://noaa-nexrad-level2/2025/03/29/KFTG/KFTG20250329_030647_V06', 's3://noaa-nexrad-level2/2025/03/29/KAMA/KAMA20250329_030933_V06']"
111477,F,B38M,LOZ UA /OV LVT/TM 0314/FL350/TP B38M/TB NEG,NEG,202503290300-KMSC-UBUS01-PIREP,35000.0,36.58,-85.17,2025-03-29 03:14:00,0.0,U,"('KOHX', 'KLVX', 'KMRX', 'KHTX', 'KJKL')","['s3://noaa-nexrad-level2/2025/03/29/KOHX/KOHX20250329_031135_V06', 's3://noaa-nexrad-level2/2025/03/29/KLVX/KLVX20250329_030745_V06', 's3://noaa-nexrad-level2/2025/03/29/KMRX/KMRX20250329_031358_V06', 's3://noaa-nexrad-level2/2025/03/29/KHTX/KHTX20250329_030954_V06', 's3://noaa-nexrad-level2/2025/03/29/KJKL/KJKL20250329_031327_V06']"
111478,F,C56X,SBA UA /OV GVO/TM 0315/FL070/TP C56X/TB MOD BLO 070,MOD BLO 070,202503290300-KMSC-UBUS01-PIREP,7000.0,34.53,-120.09,2025-03-29 03:15:00,3.0,M,"('KVBX', 'KVTX', 'KHNX', 'KSOX', 'KEYX')","['s3://noaa-nexrad-level2/2025/03/29/KVBX/KVBX20250329_030859_V06', 's3://noaa-nexrad-level2/2025/03/29/KVTX/KVTX20250329_031233_V06', 's3://noaa-nexrad-level2/2025/03/29/KHNX/KHNX20250329_031141_V06', 's3://noaa-nexrad-level2/2025/03/29/KSOX/KSOX20250329_030854_V06', 's3://noaa-nexrad-level2/2025/03/29/KEYX/KEYX20250329_030958_V06']"
111479,F,A321,CSM UA /OV BFV090015/TM 0318/FL320/TP A321/TB INTMT LGT CHOP/RM ZFW,INTMT LGT CHOP,202503290300-KMSC-UBUS01-PIREP,32000.0,35.24,-98.90388109552592,2025-03-29 03:18:00,1.0,M,"('KFDR', 'KOUN', 'KTLX', 'KVNX', 'KDYX')","['s3://noaa-nexrad-level2/2025/03/29/KFDR/KFDR20250329_031203_V06', 's3://noaa-nexrad-level2/2025/03/29/KTLX/KTLX20250329_031309_V06', 's3://noaa-nexrad-level2/2025/03/29/KVNX/KVNX20250329_031411_V06', 's3://noaa-nexrad-level2/2025/03/29/KDYX/KDYX20250329_031644_V06']"
111480,F,CRJ2,SUX UA /OV SUX/TM 0319/FL012/TP CRJ2/TB NEG/IC NEG/RM DURD VMC,NEG,202503290300-KMSC-UBUS01-PIREP,1200.0,42.391678,-96.379478,2025-03-29 03:19:00,0.0,M,"('KOAX', 'KFSD', 'KDMX', 'KUEX', 'KTWX')","['s3://noaa-nexrad-level2/2025/03/29/KOAX/KOAX20250329_031632_V06', 's3://noaa-nexrad-level2/2025/03/29/KFSD/KFSD20250329_031731_V06', 's3://noaa-nexrad-level2/2025/03/29/KDMX/KDMX20250329_031755_V06', 's3://noaa-nexrad-level2/2025/03/29/KUEX/KUEX20250329_031552_V06', 's3://noaa-nexrad-level2/2025/03/29/KTWX/KTWX20250329_031338_V06']"
111481,F,B738,ALS UA /OV ALS125020/TM 0324/FL360/TP B738/TB OCNL MOD CHOP/RM ZDVWC-30,OCNL MOD CHOP,202503290300-KMSC-UBUS01-PIREP,36000.0,37.247682367970384,-105.51747054133614,2025-03-29 03:24:00,3.0,M,"('KPUX', 'KABX', 'KFTG', 'KFDX', 'KGJX')","['s3://noaa-nexrad-level2/2025/03/29/KPUX/KPUX20250329_032120_V06', 's3://noaa-nexrad-level2/2025/03/29/KABX/KABX20250329_032300_V06', 's3://noaa-nexrad-level2/2025/03/29/KFTG/KFTG20250329_032052_V06', 's3://noaa-nexrad-level2/2025/03/29/KFDX/KFDX20250329_031757_V06', 's3://noaa-nexrad-level2/2025/03/29/KGJX/KGJX20250329_032352_V06']"
111482,F,E75L,DRO UA /OV DRO/TM 0325/FL170/TP E75L/TB CONS LGT-MOD CHOP BLO 140/IC NEG/RM ZDVWC-,CONS LGT-MOD CHOP BLO 140,202503290300-KMSC-UBUS01-PIREP,17000.0,37.15152,-107.75377,2025-03-29 03:25:00,2.0,U,"('KGJX', 'KABX', 'KPUX', 'KFTG', 'KFSX')","['s3://noaa-nexrad-level2/2025/03/29/KGJX/KGJX20250329_032352_V06', 's3://noaa-nexrad-level2/2025/03/29/KABX/KABX20250329_032300_V06', 's3://noaa-nexrad-level2/2025/03/29/KPUX/KPUX20250329_032120_V06', 's3://noaa-nexrad-level2/2025/03/29/KFTG/KFTG20250329_032052_V06', 's3://noaa-nexrad-level2/2025/03/29/KFSX/KFSX20250329_032435_V06']"
111483,F,E75L,DRO UA /OV DRO/TM 0325/FL170/TP E75L/TB CONS LGT-MOD CHOP BLO 140/IC NEG/RM ZDVWC,CONS LGT-MOD CHOP BLO 140,202503290340-KWBC-UBUS31-PRCUS,17000.0,37.15152,-107.75377,2025-03-29 03:25:00,2.0,U,"('KGJX', 'KABX', 'KPUX', 'KFTG', 'KFSX')","['s3://noaa-nexrad-level2/2025/03/29/KGJX/KGJX20250329_032352_V06', 's3://noaa-nexrad-level2/2025/03/29/KABX/KABX20250329_032300_V06', 's3://noaa-nexrad-level2/2025/03/29/KPUX/KPUX20250329_032120_V06', 's3://noaa-nexrad-level2/2025/03/29/KFTG/KFTG20250329_032052_V06', 's3://noaa-nexrad-level2/2025/03/29/KFSX/KFSX20250329_032435_V06']"
111484,F,CRJ7,ASE UA /OV ASE/TM 0327/FL160/TP CRJ7/TB LGT CHOP BLO 180/IC LGT RIME 180-140/RM ZDVWC-,LGT CHOP BLO 180,202503290300-KMSC-UBUS01-PIREP,16000.0,39.22317,-106.86886,2025-03-29 03:27:00,1.0,M,"('KGJX', 'KFTG', 'KPUX', 'KCYS', 'KABX')","['s3://noaa-nexrad-level2/2025/03/29/KGJX/KGJX20250329_032352_V06', 's3://noaa-nexrad-level2/2025/03/29/KFTG/KFTG20250329_032052_V06', 's3://noaa-nexrad-level2/2025/03/29/KPUX/KPUX20250329_032120_V06', 's3://noaa-nexrad-level2/2025/03/29/KCYS/KCYS20250329_032343_V06', 's3://noaa-nexrad-level2/2025/03/29/KABX/KABX20250329_032300_V06']"
111485,F,E170,CYS UA /OV CYS/TM 0327/FL330/TP E170/TB LGT-MOD/RM ZDVWC-,LGT-MOD,202503290300-KMSC-UBUS01-PIREP,33000.0,41.15564,-104.81047,2025-03-29 03:27:00,2.0,U,"('KCYS', 'KFTG', 'KPUX', 'KUDX', 'KGLD')","['s3://noaa-nexrad-level2/2025/03/29/KCYS/KCYS20250329_032343_V06', 's3://noaa-nexrad-level2/2025/03/29/KFTG/KFTG20250329_032052_V06', 's3://noaa-nexrad-level2/2025/03/29/KPUX/KPUX20250329_032120_V06', 's3://noaa-nexrad-level2/2025/03/29/KUDX/KUDX20250329_032610_V06', 's3://noaa-nexrad-level2/2025/03/29/KGLD/KGLD20250329_032328_V06']"
111486,F,B737,DEN UA /OV DEN216070/TM 0327/FL230/TP B737/SK SKC/TB LGT CHOP BLO 260/IC NEG/RM ZDVWC-,LGT CHOP BLO 260,202503290300-KMSC-UBUS01-PIREP,23000.0,38.888870387713474,-105.55057183796524,2025-03-29 03:27:00,1.0,M,"('KFTG', 'KPUX', 'KCYS', 'KGJX', 'KGLD')","['s3://noaa-nexrad-level2/2025/03/29/KFTG/KFTG20250329_032052_V06', 's3://noaa-nexrad-level2/2025/03/29/KPUX/KPUX20250329_032120_V06', 's3://noaa-nexrad-level2/2025/03/29/KCYS/KCYS20250329_032343_V06', 's3://noaa-nexrad-level2/2025/03/29/KGJX/KGJX20250329_032352_V06', 's3://noaa-nexrad-level2/2025/03/29/KGLD/KGLD20250329_032328_V06']"
111487,F,CRJ7,ASE UA /OV ASE/TM 0327/FL160/TP CRJ7/TB LGT CHOP BLO 180/IC LGT RIME 180-140/RM ZDVWC,LGT CHOP BLO 180,202503290340-KWBC-UBUS31-PRCUS,16000.0,39.22317,-106.86886,2025-03-29 03:27:00,1.0,M,"('KGJX', 'KFTG', 'KPUX', 'KCYS', 'KABX')","['s3://noaa-nexrad-level2/2025/03/29/KGJX/KGJX20250329_032352_V06', 's3://noaa-nexrad-level2/2025/03/29/KFTG/KFTG20250329_032052_V06', 's3://noaa-nexrad-level2/2025/03/29/KPUX/KPUX20250329_032120_V06', 's3://noaa-nexrad-level2/2025/03/29/KCYS/KCYS20250329_032343_V06', 's3://noaa-nexrad-level2/2025/03/29/KABX/KABX20250329_032300_V06']"
111488,F,E170,CYS UA /OV CYS/TM 0327/FL330/TP E170/TB LGT-MOD/RM ZDVWC,LGT-MOD,202503290340-KWBC-UBUS31-PRCUS,33000.0,41.15564,-104.81047,2025-03-29 03:27:00,2.0,U,"('KCYS', 'KFTG', 'KPUX', 'KUDX', 'KGLD')","['s3://noaa-nexrad-level2/2025/03/29/KCYS/KCYS20250329_032343_V06', 's3://noaa-nexrad-level2/2025/03/29/KFTG/KFTG20250329_032052_V06', 's3://noaa-nexrad-level2/2025/03/29/KPUX/KPUX20250329_032120_V06', 's3://noaa-nexrad-level2/2025/03/29/KUDX/KUDX20250329_032610_V06', 's3://noaa-nexrad-level2/2025/03/29/KGLD/KGLD20250329_032328_V06']"
111489,F,B737,DEN UA /OV DEN216070/TM 0327/FL230/TP B737/SK SKC/TB LGT CHOP BLO 260/IC NEG/RM ZDVWC,LGT CHOP BLO 260,202503290340-KWBC-UBUS31-PRCUS,23000.0,38.888870387713474,-105.55057183796524,2025-03-29 03:27:00,1.0,M,"('KFTG', 'KPUX', 'KCYS', 'KGJX', 'KGLD')","['s3://noaa-nexrad-level2/2025/03/29/KFTG/KFTG20250329_032052_V06', 's3://noaa-nexrad-level2/2025/03/29/KPUX/KPUX20250329_032120_V06', 's3://noaa-nexrad-level2/2025/03/29/KCYS/KCYS20250329_032343_V06', 's3://noaa-nexrad-level2/2025/03/29/KGJX/KGJX20250329_032352_V06', 's3://noaa-nexrad-level2/2025/03/29/KGLD/KGLD20250329_032328_V06']"
111490,F,CRJ7,EAU UA /OV EAU/TM 0328/FL035/TP CRJ7/TB NEG/IC NEG,NEG,202503290300-KMSC-UBUS01-PIREP,3500.0,44.8658,-91.48426,2025-03-29 03:28:00,0.0,M,"('KARX', 'KMPX', 'KDLH', 'KDVN', 'KGRB')","['s3://noaa-nexrad-level2/2025/03/29/KARX/KARX20250329_032759_V06', 's3://noaa-nexrad-level2/2025/03/29/KMPX/KMPX20250329_032715_V06', 's3://noaa-nexrad-level2/2025/03/29/KDLH/KDLH20250329_032526_V06', 's3://noaa-nexrad-level2/2025/03/29/KDVN/KDVN20250329_032535_V06', 's3://noaa-nexrad-level2/2025/03/29/KGRB/KGRB20250329_032509_V06']"
111491,F,TBM7,IND UA /OV VHP180030/TM 0328/FL180/TP TBM7/TB NEG/IC NEG/RM DURC,NEG,202503290300-KMSC-UBUS01-PIREP,18000.0,39.309959499959504,-86.37,2025-03-29 03:28:00,0.0,L,"('KIND', 'KLVX', 'KVWX', 'KIWX', 'KILN')","['s3://noaa-nexrad-level2/2025/03/29/KIND/KIND20250329_032530_V06', 's3://noaa-nexrad-level2/2025/03/29/KLVX/KLVX20250329_032153_V06', 's3://noaa-nexrad-level2/2025/03/29/KVWX/KVWX20250329_032328_V06', 's3://noaa-nexrad-level2/2025/03/29/KIWX/KIWX20250329_032536_V06', 's3://noaa-nexrad-level2/2025/03/29/KILN/KILN20250329_032132_V06']"
111492,F,B739,LCH UA /OV LCH090010/TM 0331/FL330/TP B739/TB MOD CHOP/RM 10E LCH B739 RPTD MOD CHOP FL330 AT 0331Z KZHU,MOD CHOP,202503290300-KMSC-UBUS01-PIREP,33000.0,30.12550085,-93.03499385308142,2025-03-29 03:31:00,3.0,M,"('KLCH', 'KPOE', 'KHGX', 'KSHV', 'KHDC')","['s3://noaa-nexrad-level2/2025/03/29/KLCH/KLCH20250329_032910_V06', 's3://noaa-nexrad-level2/2025/03/29/KPOE/KPOE20250329_032802_V06', 's3://noaa-nexrad-level2/2025/03/29/KHGX/KHGX20250329_032952_V06', 's3://noaa-nexrad-level2/2025/03/29/KSHV/KSHV20250329_032738_V06', 's3://noaa-nexrad-level2/2025/03/29/KHDC/KHDC20250329_032540_V06']"
111493,F,B737,MSY UA /OV LEV180090/TM 0331/FL360/TP B737/TB OCNL MOD CHOP/RM 90S LEV B737 RPTD OCNL MOD CHOP FL360 AT 0331Z KZHU,OCNL MOD CHOP,202503290300-KMSC-UBUS01-PIREP,36000.0,27.67987849987849,-90.1,2025-03-29 03:31:00,3.0,M,"('KLIX', 'KHDC', 'KMOB', 'KLCH', 'KPOE')","['s3://noaa-nexrad-level2/2025/03/29/KHDC/KHDC20250329_032540_V06', 's3://noaa-nexrad-level2/2025/03/29/KMOB/KMOB20250329_032619_V06', 's3://noaa-nexrad-level2/2025/03/29/KLCH/KLCH20250329_032910_V06', 's3://noaa-nexrad-level2/2025/03/29/KPOE/KPOE20250329_032802_V06']"
111494,F,B190,GRR UA /OV BMI/TM 0333/FL170/TP B190/TB NEG,NEG,202503290300-KMSC-UBUS01-PIREP,17000.0,40.47711,-88.91592,2025-03-29 03:33:00,0.0,M,"('KILX', 'KLOT', 'KDVN', 'KLSX', 'KVWX')","['s3://noaa-nexrad-level2/2025/03/29/KILX/KILX20250329_032821_V06', 's3://noaa-nexrad-level2/2025/03/29/KLOT/KLOT20250329_033055_V06', 's3://noaa-nexrad-level2/2025/03/29/KDVN/KDVN20250329_033130_V06', 's3://noaa-nexrad-level2/2025/03/29/KLSX/KLSX20250329_033130_V06', 's3://noaa-nexrad-level2/2025/03/29/KVWX/KVWX20250329_033032_V06']"
111495,F,B39M,ABQ UA /OV OTO110020/TM 0334/FL300/TP B39M/TB CONS LGT CHOP/RM ZAB/FDCS,CONS LGT CHOP,202503290300-KMSC-UBUS01-PIREP,30000.0,34.955984051005004,-105.55725702720147,2025-03-29 03:34:00,1.0,U,"('KABX', 'KHDX', 'KFDX', 'KEPZ', 'KPUX')","['s3://noaa-nexrad-level2/2025/03/29/KABX/KABX20250329_033121_V06', 's3://noaa-nexrad-level2/2025/03/29/KHDX/KHDX20250329_033019_V06', 's3://noaa-nexrad-level2/2025/03/29/KFDX/KFDX20250329_033143_V06', 's3://noaa-nexrad-level2/2025/03/29/KEPZ/KEPZ20250329_033013_V06', 's3://noaa-nexrad-level2/2025/03/29/KPUX/KPUX20250329_032825_V06']"
111496,F,A321,ABQ UA /OV CNX240020/TM 0335/FL300/TP A321/TB CONS LGT CAT/RM ZAB/FDCS,CONS LGT CAT,202503290300-KMSC-UBUS01-PIREP,30000.0,34.20331983331983,-106.02976411322705,2025-03-29 03:35:00,1.0,M,"('KHDX', 'KABX', 'KEPZ', 'KFDX', 'KLBB')","['s3://noaa-nexrad-level2/2025/03/29/KHDX/KHDX20250329_033019_V06', 's3://noaa-nexrad-level2/2025/03/29/KABX/KABX20250329_033121_V06', 's3://noaa-nexrad-level2/2025/03/29/KEPZ/KEPZ20250329_033013_V06', 's3://noaa-nexrad-level2/2025/03/29/KFDX/KFDX20250329_033143_V06', 's3://noaa-nexrad-level2/2025/03/29/KLBB/KLBB20250329_033133_V06']"
111497,F,C68A,ABQ UA /OV CNX/TM 0336/FL410/TP C68A/TB OCNL MOD CHOP\/RM ZAB/FDCS,OCNL MOD CHOP\,202503290300-KMSC-UBUS01-PIREP,41000.0,34.37,-105.68,2025-03-29 03:36:00,3.0,U,"('KHDX', 'KABX', 'KFDX', 'KEPZ', 'KLBB')","['s3://noaa-nexrad-level2/2025/03/29/KHDX/KHDX20250329_033019_V06', 's3://noaa-nexrad-level2/2025/03/29/KABX/KABX20250329_033121_V06', 's3://noaa-nexrad-level2/2025/03/29/KFDX/KFDX20250329_033143_V06', 's3://noaa-nexrad-level2/2025/03/29/KEPZ/KEPZ20250329_033013_V06', 's3://noaa-nexrad-level2/2025/03/29/KLBB/KLBB20250329_033133_V06']"
111498,F,A738,ALS UA /OV ALS270026/TM 0336/FL360/TP A738/TB CONS LGT OCNL MOD/RM LGT MTW ZDVWC-,CONS LGT OCNL MOD,202503290300-KMSC-UBUS01-PIREP,36000.0,37.43889,-106.40719257643268,2025-03-29 03:36:00,2.0,U,"('KABX', 'KGJX', 'KPUX', 'KFTG', 'KFDX')","['s3://noaa-nexrad-level2/2025/03/29/KABX/KABX20250329_033121_V06', 's3://noaa-nexrad-level2/2025/03/29/KGJX/KGJX20250329_033511_V06', 's3://noaa-nexrad-level2/2025/03/29/KPUX/KPUX20250329_033529_V06', 's3://noaa-nexrad-level2/2025/03/29/KFTG/KFTG20250329_033455_V06', 's3://noaa-nexrad-level2/2025/03/29/KFDX/KFDX20250329_033143_V06']"
111499,F,A738,ALS UA /OV ALS270026/TM 0336/FL360/TP A738/TB CONS LGT OCNL MOD/RM LGT MTW ZDVWC,CONS LGT OCNL MOD,202503290345-KWBC-UBUS31-PRCUS,36000.0,37.43889,-106.40719257643268,2025-03-29 03:36:00,2.0,U,"('KABX', 'KGJX', 'KPUX', 'KFTG', 'KFDX')","['s3://noaa-nexrad-level2/2025/03/29/KABX/KABX20250329_033121_V06', 's3://noaa-nexrad-level2/2025/03/29/KGJX/KGJX20250329_033511_V06', 's3://noaa-nexrad-level2/2025/03/29/KPUX/KPUX20250329_033529_V06', 's3://noaa-nexrad-level2/2025/03/29/KFTG/KFTG20250329_033455_V06', 's3://noaa-nexrad-level2/2025/03/29/KFDX/KFDX20250329_033143_V06']"
111500,F,A321,SAV UA /OV SAV/TM 0337/FL360/TP A321/TB CONS LGT CHOP,CONS LGT CHOP,202503290400-KMSC-UBUS01-PIREP,36000.0,32.13136751,-81.20230227,2025-03-29 03:37:00,1.0,M,"('KCLX', 'KJAX', 'KCAE', 'KVAX', 'KJGX')","['s3://noaa-nexrad-level2/2025/03/29/KJAX/KJAX20250329_033007_V06', 's3://noaa-nexrad-level2/2025/03/29/KCAE/KCAE20250329_032836_V06', 's3://noaa-nexrad-level2/2025/03/29/KVAX/KVAX20250329_033624_V06', 's3://noaa-nexrad-level2/2025/03/29/KJGX/KJGX20250329_033011_V06']"
111501,F,B737,ABQ UA /OV CNX/TM 0340/FL400/TP B737/TB CONS MOD CHOP/RM ZAB/FDCS,CONS MOD CHOP,202503290300-KMSC-UBUS01-PIREP,40000.0,34.37,-105.68,2025-03-29 03:40:00,3.0,M,"('KHDX', 'KABX', 'KFDX', 'KEPZ', 'KLBB')","['s3://noaa-nexrad-level2/2025/03/29/KHDX/KHDX20250329_033703_V06', 's3://noaa-nexrad-level2/2025/03/29/KABX/KABX20250329_033828_V06', 's3://noaa-nexrad-level2/2025/03/29/KFDX/KFDX20250329_033841_V06', 's3://noaa-nexrad-level2/2025/03/29/KEPZ/KEPZ20250329_033717_V06', 's3://noaa-nexrad-level2/2025/03/29/KLBB/KLBB20250329_033832_V06']"
111502,F,SR20,HVN UA /OV KHVN /TM 0346 /FL070 /TP SR20 /WX -RA /TA 02 /WV 29540KT /TB NEG /IC NEG,NEG,202503290300-KMSC-UBUS01-PIREP,7000.0,41.26375,-72.88681,2025-03-29 03:46:00,0.0,L,"('KOKX', 'KENX', 'KBOX', 'KDIX', 'KBGM')","['s3://noaa-nexrad-level2/2025/03/29/KOKX/KOKX20250329_034222_V06', 's3://noaa-nexrad-level2/2025/03/29/KENX/KENX20250329_034439_V06', 's3://noaa-nexrad-level2/2025/03/29/KBOX/KBOX20250329_034204_V06', 's3://noaa-nexrad-level2/2025/03/29/KDIX/KDIX20250329_034554_V06', 's3://noaa-nexrad-level2/2025/03/29/KBGM/KBGM20250329_034448_V06']"
111503,F,BE30,JAN UA /OV 40NM E JAN/TM 0346/FL125/TP BE30/TB MOD TURB,MOD TURB,202503290300-KMSC-UBUS01-PIREP,12500.0,32.32,-90.08,2025-03-29 03:46:00,3.0,L,"('KDGX', 'KHDC', 'KLIX', 'KGWX', 'KMOB')","['s3://noaa-nexrad-level2/2025/03/29/KDGX/KDGX20250329_034440_V06', 's3://noaa-nexrad-level2/2025/03/29/KHDC/KHDC20250329_034259_V06', 's3://noaa-nexrad-level2/2025/03/29/KGWX/KGWX20250329_034347_V06', 's3://noaa-nexrad-level2/2025/03/29/KMOB/KMOB20250329_034242_V06']"
111504,F,PC12,FMN UA /OV RSK180015/TM 0346/FL150/TP PC12/SK BASE110-TOP170/TA M07/TB LGT CHOP BLO 170/IC LGT RIME 110/RM ZDVWC-,LGT CHOP BLO 170,202503290300-KMSC-UBUS01-PIREP,15000.0,36.49997974997975,-108.1,2025-03-29 03:46:00,1.0,L,"('KABX', 'KGJX', 'KFSX', 'KFSX', 'KHDX')","['s3://noaa-nexrad-level2/2025/03/29/KABX/KABX20250329_034536_V06', 's3://noaa-nexrad-level2/2025/03/29/KGJX/KGJX20250329_034044_V06', 's3://noaa-nexrad-level2/2025/03/29/KFSX/KFSX20250329_034208_V06', 's3://noaa-nexrad-level2/2025/03/29/KFSX/KFSX20250329_034208_V06', 's3://noaa-nexrad-level2/2025/03/29/KHDX/KHDX20250329_034348_V06']"
111505,F,PC12,FMN UA /OV RSK180015/TM 0346/FL150/TP PC12/SK BASE110-TOP170/TA M07/TB LGT CHOP BLO 170/IC LGT RIME 110/RM ZDVWC,LGT CHOP BLO 170,202503290400-KWBC-UBNM90-PIREP,15000.0,36.49997974997975,-108.1,2025-03-29 03:46:00,1.0,L,"('KABX', 'KGJX', 'KFSX', 'KFSX', 'KHDX')","['s3://noaa-nexrad-level2/2025/03/29/KABX/KABX20250329_034536_V06', 's3://noaa-nexrad-level2/2025/03/29/KGJX/KGJX20250329_034044_V06', 's3://noaa-nexrad-level2/2025/03/29/KFSX/KFSX20250329_034208_V06', 's3://noaa-nexrad-level2/2025/03/29/KFSX/KFSX20250329_034208_V06', 's3://noaa-nexrad-level2/2025/03/29/KHDX/KHDX20250329_034348_V06']"
111506,F,789,ORF UA /OV 3810N5314W/TM 0352/FL360/TP 789/TB MOD,MOD,202503290400-KMSC-UBUS01-PIREP,36000.0,38.1666,-53.2333,2025-03-29 03:52:00,3.0,U,"('KCBW', 'KGYX', 'KBOX', 'KOKX', 'KCXX')","['s3://noaa-nexrad-level2/2025/03/29/KCBW/KCBW20250329_034657_V06', 's3://noaa-nexrad-level2/2025/03/29/KGYX/KGYX20250329_035032_V06', 's3://noaa-nexrad-level2/2025/03/29/KBOX/KBOX20250329_035042_V06', 's3://noaa-nexrad-level2/2025/03/29/KOKX/KOKX20250329_034851_V06', 's3://noaa-nexrad-level2/2025/03/29/KCXX/KCXX20250329_034704_V06']"
111507,F,B738,ABQ UA /OV CNX/TM 0353/FL380/TP B738/TB OCNL MOD CHOP/RM ZAB/FDCS,OCNL MOD CHOP,202503290300-KMSC-UBUS01-PIREP,38000.0,34.37,-105.68,2025-03-29 03:53:00,3.0,M,"('KHDX', 'KABX', 'KFDX', 'KEPZ', 'KLBB')","['s3://noaa-nexrad-level2/2025/03/29/KHDX/KHDX20250329_035033_V06', 's3://noaa-nexrad-level2/2025/03/29/KABX/KABX20250329_035242_V06', 's3://noaa-nexrad-level2/2025/03/29/KFDX/KFDX20250329_035226_V06', 's3://noaa-nexrad-level2/2025/03/29/KEPZ/KEPZ20250329_035124_V06', 's3://noaa-nexrad-level2/2025/03/29/KLBB/KLBB20250329_034531_V06']"
111508,F,B747,PASY UA /OV SYA268333/TM 0353/FL380/TP B747/TB MOD/RM ZAN,MOD,202503290400-KMSC-UBUS01-PIREP,38000.0,52.51629210421669,164.95414881003535,2025-03-29 03:53:00,3.0,H,"('RKSG', 'RKJK', 'PGUA', 'RODN', 'LPLA')","['s3://noaa-nexrad-level2/2025/03/29/RKSG/RKSG20250329_035208_V06', 's3://noaa-nexrad-level2/2025/03/29/RKJK/RKJK20250329_035258_V06', 's3://noaa-nexrad-level2/2025/03/29/PGUA/PGUA20250329_034927_V06']"
111509,F,A321,CHS UA /OV CHS360100/TM 0354/FL380/TP A321/TB CONS LGT CHOP,CONS LGT CHOP,202503290400-KMSC-UBUS01-PIREP,38000.0,34.56540166680167,-80.0405,2025-03-29 03:54:00,1.0,M,"('KCAE', 'KLTX', 'KRAX', 'KCLX', 'KGSP')","['s3://noaa-nexrad-level2/2025/03/29/KCAE/KCAE20250329_034753_V06', 's3://noaa-nexrad-level2/2025/03/29/KLTX/KLTX20250329_035352_V06', 's3://noaa-nexrad-level2/2025/03/29/KRAX/KRAX20250329_034619_V06', 's3://noaa-nexrad-level2/2025/03/29/KGSP/KGSP20250329_035132_V06']"
111510,F,B77L,MCD UA /OV MCD/TM 0356/FL370/TP B77L/TB LGT CHOP,LGT CHOP,202503290400-KMSC-UBUS01-PIREP,37000.0,45.865,-84.63722,2025-03-29 03:56:00,1.0,U,"('KAPX', 'KMQT', 'KGRR', 'KDTX', 'KGRB')","['s3://noaa-nexrad-level2/2025/03/29/KAPX/KAPX20250329_035301_V06', 's3://noaa-nexrad-level2/2025/03/29/KMQT/KMQT20250329_035414_V06', 's3://noaa-nexrad-level2/2025/03/29/KGRR/KGRR20250329_035353_V06', 's3://noaa-nexrad-level2/2025/03/29/KDTX/KDTX20250329_035156_V06', 's3://noaa-nexrad-level2/2025/03/29/KGRB/KGRB20250329_035522_V06']"
111511,F,B738,RTN UA /OV CIM020015/TM 0357/FL360/TP B738/TB LGT-MOD CHOP/RM ZAB/FDCS,LGT-MOD CHOP,202503290400-KMSC-UBUS01-PIREP,36000.0,36.72494218399108,-104.76363663482742,2025-03-29 03:57:00,2.0,M,"('KPUX', 'KFDX', 'KABX', 'KFTG', 'KAMA')","['s3://noaa-nexrad-level2/2025/03/29/KPUX/KPUX20250329_035643_V06', 's3://noaa-nexrad-level2/2025/03/29/KFDX/KFDX20250329_035226_V06', 's3://noaa-nexrad-level2/2025/03/29/KABX/KABX20250329_035242_V06', 's3://noaa-nexrad-level2/2025/03/29/KFTG/KFTG20250329_035212_V06', 's3://noaa-nexrad-level2/2025/03/29/KAMA/KAMA20250329_035135_V06']"
111512,F,A21N,ABQ UA /OV ABQ020005/TM 0358/FL280/TP A21N/TB MOD CHOP/RM ZAB/FDCS,MOD CHOP,202503290400-KMSC-UBUS01-PIREP,28000.0,35.12021406133036,-106.5806852202345,2025-03-29 03:58:00,3.0,U,"('KABX', 'KHDX', 'KFDX', 'KEPZ', 'KPUX')","['s3://noaa-nexrad-level2/2025/03/29/KABX/KABX20250329_035242_V06', 's3://noaa-nexrad-level2/2025/03/29/KHDX/KHDX20250329_035719_V06', 's3://noaa-nexrad-level2/2025/03/29/KFDX/KFDX20250329_035226_V06', 's3://noaa-nexrad-level2/2025/03/29/KEPZ/KEPZ20250329_035124_V06', 's3://noaa-nexrad-level2/2025/03/29/KPUX/KPUX20250329_035643_V06']"
111513,F,A319,PSB UA /OV PSB230020/TM 0359/FL370/TP A319/TB NEG/RM ZOB,NEG,202503290400-KMSC-UBUS01-PIREP,37000.0,40.67011010815501,-78.42511524081188,2025-03-29 03:59:00,0.0,M,"('KCCX', 'KPBZ', 'KLWX', 'KBUF', 'KBGM')","['s3://noaa-nexrad-level2/2025/03/29/KCCX/KCCX20250329_035424_V06', 's3://noaa-nexrad-level2/2025/03/29/KPBZ/KPBZ20250329_035546_V06', 's3://noaa-nexrad-level2/2025/03/29/KLWX/KLWX20250329_035733_V06', 's3://noaa-nexrad-level2/2025/03/29/KBUF/KBUF20250329_035431_V06', 's3://noaa-nexrad-level2/2025/03/29/KBGM/KBGM20250329_035646_V06']"
111514,F,B752,LPR UA /OV DJB190050/TM 0359/FL370/TP B752/TB NEG CAT/RM NEG CAT RPRTD FOR THE LAST THREE HOURS ZOB,NEG CAT,202503290400-KMSC-UBUS01-PIREP,37000.0,40.53926039790002,-82.35281085114599,2025-03-29 03:59:00,0.0,M,"('KCLE', 'KILN', 'KPBZ', 'KRLX', 'KDTX')","['s3://noaa-nexrad-level2/2025/03/29/KCLE/KCLE20250329_035534_V06', 's3://noaa-nexrad-level2/2025/03/29/KILN/KILN20250329_035646_V06', 's3://noaa-nexrad-level2/2025/03/29/KPBZ/KPBZ20250329_035546_V06', 's3://noaa-nexrad-level2/2025/03/29/KRLX/KRLX20250329_035449_V06', 's3://noaa-nexrad-level2/2025/03/29/KDTX/KDTX20250329_035633_V06']"
111515,F,B737,LNK UA /OV LNK220025/TM 0359/FL400/TP B737/TB OCNL MOD CHOP,OCNL MOD CHOP,202503290400-KMSC-UBUS01-PIREP,40000.0,40.51196696134129,-97.1172743717247,2025-03-29 03:59:00,3.0,M,"('KOAX', 'KUEX', 'KTWX', 'KICT', 'KFSD')","['s3://noaa-nexrad-level2/2025/03/29/KOAX/KOAX20250329_035551_V06', 's3://noaa-nexrad-level2/2025/03/29/KUEX/KUEX20250329_035846_V06', 's3://noaa-nexrad-level2/2025/03/29/KTWX/KTWX20250329_035827_V06', 's3://noaa-nexrad-level2/2025/03/29/KICT/KICT20250329_035716_V06', 's3://noaa-nexrad-level2/2025/03/29/KFSD/KFSD20250329_035737_V06']"
111516,F,A350,DUT UA /OV DUT124118/TM 0400/FL390/TP A350/TB MOD/RM ZAN,MOD,202503290400-KMSC-UBUS01-PIREP,39000.0,52.79016487698893,-163.77321019445438,2025-03-29 04:00:00,3.0,H,"('PABC', 'PAKC', 'PAEC', 'PAHG', 'PAIH')","['s3://noaa-nexrad-level2/2025/03/29/PAKC/PAKC20250329_035902_V06', 's3://noaa-nexrad-level2/2025/03/29/PAEC/PAEC20250329_035333_V06', 's3://noaa-nexrad-level2/2025/03/29/PAHG/PAHG20250329_035435_V06', 's3://noaa-nexrad-level2/2025/03/29/PAIH/PAIH20250329_035723_V06']"
111517,F,B737,SBA UA /OV SBA255009/TM 0402/FL026/TP B737/TB MOD CHOP/RM MOD CHOP DURD,MOD CHOP,202503290400-KMSC-UBUS01-PIREP,2600.0,34.38728399858008,-120.01927777476804,2025-03-29 04:02:00,3.0,M,"('KVBX', 'KVTX', 'KHNX', 'KSOX', 'KEYX')","['s3://noaa-nexrad-level2/2025/03/29/KVBX/KVBX20250329_035752_V06', 's3://noaa-nexrad-level2/2025/03/29/KVTX/KVTX20250329_040124_V06', 's3://noaa-nexrad-level2/2025/03/29/KHNX/KHNX20250329_035917_V06', 's3://noaa-nexrad-level2/2025/03/29/KSOX/KSOX20250329_035621_V06', 's3://noaa-nexrad-level2/2025/03/29/KEYX/KEYX20250329_035936_V06']"
111518,F,737,SJN UA /OV SJN045020/TM 0404/FL400/TP 737/TB OCNL LGT-MOD CHOP/RM ZAB/FDCS,OCNL LGT-MOD CHOP,202503290400-KMSC-UBUS01-PIREP,40000.0,34.755721352297705,-109.09390554683232,2025-03-29 04:04:00,2.0,M,"('KFSX', 'KFSX', 'KABX', 'KIWA', 'KEMX')","['s3://noaa-nexrad-level2/2025/03/29/KFSX/KFSX20250329_040056_V06', 's3://noaa-nexrad-level2/2025/03/29/KFSX/KFSX20250329_040056_V06', 's3://noaa-nexrad-level2/2025/03/29/KABX/KABX20250329_035949_V06', 's3://noaa-nexrad-level2/2025/03/29/KIWA/KIWA20250329_040143_V06', 's3://noaa-nexrad-level2/2025/03/29/KEMX/KEMX20250329_035656_V06']"
111519,F,C172,ANC UA /OV BCV-ENA305051 /TM 0405 /FL110 /TP C172 /SK SKC /TB NEG/IC NEG /RM LGT TURB AROUND MOUNT SUSITNA (AKFSS),NEG,202503290400-KMSC-UBUS01-PIREP,11000.0,61.17,-149.99,2025-03-29 04:05:00,0.0,L,"('PAHG', 'PAIH', 'PAIH', 'PAPD', 'PAKC')","['s3://noaa-nexrad-level2/2025/03/29/PAHG/PAHG20250329_040136_V06', 's3://noaa-nexrad-level2/2025/03/29/PAIH/PAIH20250329_040255_V06', 's3://noaa-nexrad-level2/2025/03/29/PAIH/PAIH20250329_040255_V06', 's3://noaa-nexrad-level2/2025/03/29/PAPD/PAPD20250329_035829_V06', 's3://noaa-nexrad-level2/2025/03/29/PAKC/PAKC20250329_035902_V06']"
111520,F,C172,ANC UA /OV BCV-ENA305051 /TM 0405 /FL110 /TP C172 /SK SKC /TB NEG /IC NEG /RM LGT TURB AROUND MOUNT SUSITNA (AKFSS,NEG,202503290415-KWBC-UBAK90-PIREP,11000.0,61.17,-149.99,2025-03-29 04:05:00,0.0,L,"('PAHG', 'PAIH', 'PAIH', 'PAPD', 'PAKC')","['s3://noaa-nexrad-level2/2025/03/29/PAHG/PAHG20250329_040136_V06', 's3://noaa-nexrad-level2/2025/03/29/PAIH/PAIH20250329_040255_V06', 's3://noaa-nexrad-level2/2025/03/29/PAIH/PAIH20250329_040255_V06', 's3://noaa-nexrad-level2/2025/03/29/PAPD/PAPD20250329_035829_V06', 's3://noaa-nexrad-level2/2025/03/29/PAKC/PAKC20250329_035902_V06']"
111521,F,SB20,DUT UA /OV DUT/TM 0407/FL008/TP SB20/SK SCT008 TOP030/TB NEG/IC NEG/RM DURC. ZAN,NEG,202503290400-KMSC-UBUS01-PIREP,800.0,53.89,-166.54,2025-03-29 04:07:00,0.0,M,"('PABC', 'PAEC', 'PAKC', 'PAHG', 'PAIH')","['s3://noaa-nexrad-level2/2025/03/29/PAEC/PAEC20250329_040020_V06', 's3://noaa-nexrad-level2/2025/03/29/PAKC/PAKC20250329_040558_V06', 's3://noaa-nexrad-level2/2025/03/29/PAHG/PAHG20250329_040136_V06', 's3://noaa-nexrad-level2/2025/03/29/PAIH/PAIH20250329_040255_V06']"
111522,F,C17,PASY UA /OV SYA268339/TM 0411/FL340/TP C17/TB LGT/RM ZAN,LGT,202503290400-KMSC-UBUS01-PIREP,34000.0,52.51280187186023,164.78917851832426,2025-03-29 04:11:00,1.0,L,"('RKSG', 'RKJK', 'PGUA', 'RODN', 'LPLA')","['s3://noaa-nexrad-level2/2025/03/29/RKSG/RKSG20250329_040739_V06', 's3://noaa-nexrad-level2/2025/03/29/RKJK/RKJK20250329_040459_V06', 's3://noaa-nexrad-level2/2025/03/29/PGUA/PGUA20250329_040729_V06']"
111523,F,A20N,LOZ UA /OV LVT/TM 0413/FL340/TP A20N/TB OCNL LGT CHOP,OCNL LGT CHOP,202503290400-KMSC-UBUS01-PIREP,34000.0,36.58,-85.17,2025-03-29 04:13:00,1.0,U,"('KOHX', 'KLVX', 'KMRX', 'KHTX', 'KJKL')","['s3://noaa-nexrad-level2/2025/03/29/KOHX/KOHX20250329_041211_V06', 's3://noaa-nexrad-level2/2025/03/29/KLVX/KLVX20250329_041118_V06', 's3://noaa-nexrad-level2/2025/03/29/KMRX/KMRX20250329_041015_V06', 's3://noaa-nexrad-level2/2025/03/29/KHTX/KHTX20250329_040715_V06', 's3://noaa-nexrad-level2/2025/03/29/KJKL/KJKL20250329_041003_V06']"
111524,F,PC12,DAY UA /OV DQN168031/TM 0415/FL1555/TP PC12/TB NEG/IC NEG,NEG,202503290400-KMSC-UBUS01-PIREP,15500.0,39.51458280410285,-84.25971933562997,2025-03-29 04:15:00,0.0,L,"('KILN', 'KIND', 'KJKL', 'KLVX', 'KIWX')","['s3://noaa-nexrad-level2/2025/03/29/KILN/KILN20250329_041051_V06', 's3://noaa-nexrad-level2/2025/03/29/KIND/KIND20250329_040841_V06', 's3://noaa-nexrad-level2/2025/03/29/KJKL/KJKL20250329_041003_V06', 's3://noaa-nexrad-level2/2025/03/29/KLVX/KLVX20250329_041118_V06', 's3://noaa-nexrad-level2/2025/03/29/KIWX/KIWX20250329_041346_V06']"
111525,F,B738,HUF UA /OV TTH360025/TM 0415/FL380/TP B738/TB OCNL LGT CHOP,OCNL LGT CHOP,202503290400-KMSC-UBUS01-PIREP,38000.0,39.90670041670042,-87.25,2025-03-29 04:15:00,1.0,M,"('KIND', 'KVWX', 'KLOT', 'KILX', 'KIWX')","['s3://noaa-nexrad-level2/2025/03/29/KIND/KIND20250329_040841_V06', 's3://noaa-nexrad-level2/2025/03/29/KVWX/KVWX20250329_041259_V06', 's3://noaa-nexrad-level2/2025/03/29/KLOT/KLOT20250329_041217_V06', 's3://noaa-nexrad-level2/2025/03/29/KILX/KILX20250329_041157_V06', 's3://noaa-nexrad-level2/2025/03/29/KIWX/KIWX20250329_041346_V06']"
111526,F,PC12,PKB UA /OV JPU/TM 0415/FL240/TP PC12/TB NEG/IC NEG,NEG,202503290400-KMSC-UBUS01-PIREP,24000.0,39.44,-81.37,2025-03-29 04:15:00,0.0,L,"('KRLX', 'KPBZ', 'KCLE', 'KILN', 'KFCX')","['s3://noaa-nexrad-level2/2025/03/29/KRLX/KRLX20250329_040844_V06', 's3://noaa-nexrad-level2/2025/03/29/KPBZ/KPBZ20250329_041328_V06', 's3://noaa-nexrad-level2/2025/03/29/KCLE/KCLE20250329_040943_V06', 's3://noaa-nexrad-level2/2025/03/29/KILN/KILN20250329_041051_V06', 's3://noaa-nexrad-level2/2025/03/29/KFCX/KFCX20250329_041133_V06']"
111527,F,A21N,ABQ UA /OV ABQ355035/TM 0421/FL300/TP A21N/TB MOD CHOP/RM ZAB/FDCS,MOD CHOP,202503290400-KMSC-UBUS01-PIREP,30000.0,35.6230606441334,-106.677602061349,2025-03-29 04:21:00,3.0,U,"('KABX', 'KHDX', 'KFDX', 'KEPZ', 'KGJX')","['s3://noaa-nexrad-level2/2025/03/29/KABX/KABX20250329_041403_V06', 's3://noaa-nexrad-level2/2025/03/29/KHDX/KHDX20250329_041734_V06', 's3://noaa-nexrad-level2/2025/03/29/KFDX/KFDX20250329_042015_V06', 's3://noaa-nexrad-level2/2025/03/29/KEPZ/KEPZ20250329_041940_V06', 's3://noaa-nexrad-level2/2025/03/29/KGJX/KGJX20250329_041933_V06']"
111528,F,B789,PASY UA /OV 5105N17452E/TM 0429/FL400/TP B789/TB MOD/RM /ZAN,MOD,202503290400-KMSC-UBUS01-PIREP,40000.0,51.833,174.8666,2025-03-29 04:29:00,3.0,U,"('PGUA', 'RKSG', 'RKJK', 'RODN', 'LPLA')","['s3://noaa-nexrad-level2/2025/03/29/PGUA/PGUA20250329_042504_V06', 's3://noaa-nexrad-level2/2025/03/29/RKSG/RKSG20250329_042735_V06', 's3://noaa-nexrad-level2/2025/03/29/RKJK/RKJK20250329_042321_V06']"
111529,F,B38M,BNA UA /OV BNA275110/TM 0430/FL380/TP B38M/TB MOD CHOP 380-320/RM ZME,MOD CHOP 380-320,202503290400-KMSC-UBUS01-PIREP,38000.0,36.27868847101145,-88.95026787258725,2025-03-29 04:30:00,3.0,U,"('KPAH', 'KNQA', 'KHPX', 'KVWX', 'KOHX')","['s3://noaa-nexrad-level2/2025/03/29/KPAH/KPAH20250329_042939_V06', 's3://noaa-nexrad-level2/2025/03/29/KNQA/KNQA20250329_042945_V06', 's3://noaa-nexrad-level2/2025/03/29/KHPX/KHPX20250329_042910_V06', 's3://noaa-nexrad-level2/2025/03/29/KVWX/KVWX20250329_042707_V06', 's3://noaa-nexrad-level2/2025/03/29/KOHX/KOHX20250329_042932_V06']"
111530,F,A320,FMN UA /OV RSK360010/TM 0430/FL260/TP A320/TB MOD/RM ZDVWC-,MOD,202503290500-KMSC-UBUS01-PIREP,26000.0,36.916680166680166,-108.1,2025-03-29 04:30:00,3.0,M,"('KGJX', 'KABX', 'KFSX', 'KFSX', 'KPUX')","['s3://noaa-nexrad-level2/2025/03/29/KGJX/KGJX20250329_042506_V06', 's3://noaa-nexrad-level2/2025/03/29/KABX/KABX20250329_042818_V06', 's3://noaa-nexrad-level2/2025/03/29/KFSX/KFSX20250329_042649_V06', 's3://noaa-nexrad-level2/2025/03/29/KFSX/KFSX20250329_042649_V06', 's3://noaa-nexrad-level2/2025/03/29/KPUX/KPUX20250329_042503_V06']"
111531,F,A320,FMN UA /OV RSK360010/TM 0430/FL260/TP A320/TB MOD/RM ZDVWC,MOD,202503290505-KWBC-UBNM90-PIREP,26000.0,36.916680166680166,-108.1,2025-03-29 04:30:00,3.0,M,"('KGJX', 'KABX', 'KFSX', 'KFSX', 'KPUX')","['s3://noaa-nexrad-level2/2025/03/29/KGJX/KGJX20250329_042506_V06', 's3://noaa-nexrad-level2/2025/03/29/KABX/KABX20250329_042818_V06', 's3://noaa-nexrad-level2/2025/03/29/KFSX/KFSX20250329_042649_V06', 's3://noaa-nexrad-level2/2025/03/29/KFSX/KFSX20250329_042649_V06', 's3://noaa-nexrad-level2/2025/03/29/KPUX/KPUX20250329_042503_V06']"
111532,F,PC12,CEW UA /OV CEW120090/TM 0436/FL230/TP PC12/TB NEG,NEG,202503290500-KMSC-UBUS01-PIREP,23000.0,30.02993924993925,-85.00785358243189,2025-03-29 04:36:00,0.0,L,"('KTLH', 'KEVX', 'KEOX', 'KVAX', 'KMXX')","['s3://noaa-nexrad-level2/2025/03/29/KTLH/KTLH20250329_042959_V06', 's3://noaa-nexrad-level2/2025/03/29/KEVX/KEVX20250329_043504_V06', 's3://noaa-nexrad-level2/2025/03/29/KEOX/KEOX20250329_042948_V06', 's3://noaa-nexrad-level2/2025/03/29/KVAX/KVAX20250329_043215_V06', 's3://noaa-nexrad-level2/2025/03/29/KMXX/KMXX20250329_043530_V06']"
111533,F,B772,APN UA /OV APN/TM 0439/FL370/TP B772/TB CONS LGT OCNL MOD,CONS LGT OCNL MOD,202503290400-KMSC-UBUS01-PIREP,37000.0,45.07167,-83.56444,2025-03-29 04:39:00,2.0,H,"('KAPX', 'KDTX', 'KGRR', 'KCLE', 'KMQT')","['s3://noaa-nexrad-level2/2025/03/29/KAPX/KAPX20250329_043602_V06', 's3://noaa-nexrad-level2/2025/03/29/KDTX/KDTX20250329_043817_V06', 's3://noaa-nexrad-level2/2025/03/29/KGRR/KGRR20250329_043633_V06', 's3://noaa-nexrad-level2/2025/03/29/KCLE/KCLE20250329_043731_V06', 's3://noaa-nexrad-level2/2025/03/29/KMQT/KMQT20250329_043520_V06']"
111534,F,C150,CLS UA /OV CLS158014/TM 0439/FL045/TP C150/TA M01/TB NEG/IC NEG/RM ZSE,NEG,202503290400-KMSC-UBUS01-PIREP,4500.0,46.46066877680871,-122.8553401139302,2025-03-29 04:39:00,0.0,L,"('KRTX', 'KLGX', 'KATX', 'KPDT', 'KMAX')","['s3://noaa-nexrad-level2/2025/03/29/KRTX/KRTX20250329_043604_V06', 's3://noaa-nexrad-level2/2025/03/29/KLGX/KLGX20250329_043738_V06', 's3://noaa-nexrad-level2/2025/03/29/KATX/KATX20250329_043814_V06', 's3://noaa-nexrad-level2/2025/03/29/KPDT/KPDT20250329_043718_V06', 's3://noaa-nexrad-level2/2025/03/29/KMAX/KMAX20250329_043613_V06']"
111535,F,B739,C75 UA /OV BRL/TM 0441/FL330/TP B739/TB CONS LGT CHOP/RM RIDE IMPROVES FL320 AND BLO,CONS LGT CHOP,202503290400-KMSC-UBUS01-PIREP,33000.0,40.772929,-91.125494,2025-03-29 04:41:00,1.0,M,"('KDVN', 'KILX', 'KLSX', 'KDMX', 'KARX')","['s3://noaa-nexrad-level2/2025/03/29/KDVN/KDVN20250329_043914_V06', 's3://noaa-nexrad-level2/2025/03/29/KILX/KILX20250329_044013_V06', 's3://noaa-nexrad-level2/2025/03/29/KLSX/KLSX20250329_043409_V06', 's3://noaa-nexrad-level2/2025/03/29/KDMX/KDMX20250329_043909_V06', 's3://noaa-nexrad-level2/2025/03/29/KARX/KARX20250329_043925_V06']"
111536,F,B739,ORD UA /OV BRL/TM 0441/FL330/TP B739/TB CONS LGT CHOP/RM RIDE IMPROVES FL320 AND BLO,CONS LGT CHOP,202503290600-KMSC-UBUS01-PIREP,33000.0,40.772929,-91.125494,2025-03-29 04:41:00,1.0,M,"('KDVN', 'KILX', 'KLSX', 'KDMX', 'KARX')","['s3://noaa-nexrad-level2/2025/03/29/KDVN/KDVN20250329_043914_V06', 's3://noaa-nexrad-level2/2025/03/29/KILX/KILX20250329_044013_V06', 's3://noaa-nexrad-level2/2025/03/29/KLSX/KLSX20250329_043409_V06', 's3://noaa-nexrad-level2/2025/03/29/KDMX/KDMX20250329_043909_V06', 's3://noaa-nexrad-level2/2025/03/29/KARX/KARX20250329_043925_V06']"
111537,F,A321,DHT UA /OV DHT270025/TM 0442/FL360/TP A321/TB CONS LT CHOP OCNL MOD CHOP/RM ZAB FDCS,CONS LT CHOP OCNL MOD CHOP,202503290500-KMSC-UBUS01-PIREP,36000.0,36.02259,-103.06249766741146,2025-03-29 04:42:00,3.0,M,"('KFDX', 'KAMA', 'KLBB', 'KPUX', 'KDDC')","['s3://noaa-nexrad-level2/2025/03/29/KFDX/KFDX20250329_043515_V06', 's3://noaa-nexrad-level2/2025/03/29/KAMA/KAMA20250329_044143_V06', 's3://noaa-nexrad-level2/2025/03/29/KLBB/KLBB20250329_043559_V06', 's3://noaa-nexrad-level2/2025/03/29/KPUX/KPUX20250329_043912_V06', 's3://noaa-nexrad-level2/2025/03/29/KDDC/KDDC20250329_043405_V06']"
111538,F,B767,ILM UA /OV ILM190100/TM 0446/FL360/TP B767/TB NEG,NEG,202503290500-KMSC-UBUS01-PIREP,36000.0,32.62852079580005,-78.25024133425211,2025-03-29 04:46:00,0.0,H,"('KLTX', 'KMHX', 'KCLX', 'KRAX', 'KCAE')","['s3://noaa-nexrad-level2/2025/03/29/KLTX/KLTX20250329_044231_V06', 's3://noaa-nexrad-level2/2025/03/29/KMHX/KMHX20250329_044225_V06', 's3://noaa-nexrad-level2/2025/03/29/KRAX/KRAX20250329_044013_V06', 's3://noaa-nexrad-level2/2025/03/29/KCAE/KCAE20250329_044543_V06']"
111539,F,B738,TCC UA /OV TCC/TM 0448/FL340/TP B738/TB CONS LT CHOP OCNL MOD CHOP/RM ZAB FDCS,CONS LT CHOP OCNL MOD CHOP,202503290500-KMSC-UBUS01-PIREP,34000.0,35.18278,-103.60319,2025-03-29 04:48:00,3.0,M,"('KFDX', 'KAMA', 'KLBB', 'KABX', 'KHDX')","['s3://noaa-nexrad-level2/2025/03/29/KFDX/KFDX20250329_044208_V06', 's3://noaa-nexrad-level2/2025/03/29/KAMA/KAMA20250329_044143_V06', 's3://noaa-nexrad-level2/2025/03/29/KLBB/KLBB20250329_044305_V06', 's3://noaa-nexrad-level2/2025/03/29/KABX/KABX20250329_044234_V06', 's3://noaa-nexrad-level2/2025/03/29/KHDX/KHDX20250329_044436_V06']"
111540,F,B789,PASY UA /OV 5147N16411E/TM 0449/FL360/TP B789/TB LGT/RM /ZAN,LGT,202503290400-KMSC-UBUS01-PIREP,36000.0,51.7833,164.1833,2025-03-29 04:49:00,1.0,U,"('RKSG', 'RKJK', 'PGUA', 'RODN', 'LPLA')","['s3://noaa-nexrad-level2/2025/03/29/RKSG/RKSG20250329_044619_V06', 's3://noaa-nexrad-level2/2025/03/29/RKJK/RKJK20250329_044621_V06', 's3://noaa-nexrad-level2/2025/03/29/PGUA/PGUA20250329_044702_V06']"
111541,F,A359,PASY UA /OV 5011N16508E/TM 0456/FL370/TP A359/TB LGT/RM /ZAN,LGT,202503290500-KMSC-UBUS01-PIREP,37000.0,50.1833,165.1333,2025-03-29 04:56:00,1.0,U,"('RKSG', 'RKJK', 'PGUA', 'RODN', 'LPLA')","['s3://noaa-nexrad-level2/2025/03/29/RKSG/RKSG20250329_045541_V06', 's3://noaa-nexrad-level2/2025/03/29/RKJK/RKJK20250329_045130_V06', 's3://noaa-nexrad-level2/2025/03/29/PGUA/PGUA20250329_045557_V06']"
111542,F,B738,DEN UA /OV 40SE/TM 0500/FL170/TP B738/TB MOD/RM 170-100,MOD,202503290500-KMSC-UBUS01-PIREP,17000.0,39.8328,-104.6575,2025-03-29 05:00:00,3.0,M,"('KFTG', 'KCYS', 'KPUX', 'KGLD', 'KGJX')","['s3://noaa-nexrad-level2/2025/03/29/KFTG/KFTG20250329_045743_V06', 's3://noaa-nexrad-level2/2025/03/29/KCYS/KCYS20250329_045518_V06', 's3://noaa-nexrad-level2/2025/03/29/KPUX/KPUX20250329_045322_V06', 's3://noaa-nexrad-level2/2025/03/29/KGLD/KGLD20250329_045838_V06', 's3://noaa-nexrad-level2/2025/03/29/KGJX/KGJX20250329_045822_V06']"
111543,F,320,ATL UA /OV MVC/TM 0500/FL1822/TP 320/SK B739/TA `/TB CONS LGT/IC ZTLFD-11,CONS LGT,202503291800-KMSC-UBUS01-PIREP,18200.0,31.45,-87.35,2025-03-29 05:00:00,1.0,M,"('KMOB', 'KEVX', 'KBMX', 'KEOX', 'KMXX')","['s3://noaa-nexrad-level2/2025/03/29/KMOB/KMOB20250329_045513_V06', 's3://noaa-nexrad-level2/2025/03/29/KEVX/KEVX20250329_045235_V06', 's3://noaa-nexrad-level2/2025/03/29/KBMX/KBMX20250329_045914_V06', 's3://noaa-nexrad-level2/2025/03/29/KEOX/KEOX20250329_045724_V06', 's3://noaa-nexrad-level2/2025/03/29/KMXX/KMXX20250329_045606_V06']"
111544,F,B737,TLH UA /OV TLH137068/TM 0504/FL300/TP B737/TB OCNL LGT,OCNL LGT,202503290500-KMSC-UBUS01-PIREP,30000.0,29.564605333161328,-83.45519845441791,2025-03-29 05:04:00,1.0,M,"('KTLH', 'KVAX', 'KJAX', 'KTBW', 'KEVX')","['s3://noaa-nexrad-level2/2025/03/29/KTLH/KTLH20250329_045747_V06', 's3://noaa-nexrad-level2/2025/03/29/KVAX/KVAX20250329_050155_V06', 's3://noaa-nexrad-level2/2025/03/29/KJAX/KJAX20250329_050059_V06', 's3://noaa-nexrad-level2/2025/03/29/KTBW/KTBW20250329_050014_V06', 's3://noaa-nexrad-level2/2025/03/29/KEVX/KEVX20250329_050118_V06']"
111545,F,PC12,DAY UA /OV ROD360005/TM 0508/FL200/TP PC12/TB CONS LGT CHOP 200/IC NEG,CONS LGT CHOP 200,202503290600-KMSC-UBUS01-PIREP,20000.0,40.37334008334008,-84.04,2025-03-29 05:08:00,1.0,L,"('KILN', 'KIWX', 'KIND', 'KDTX', 'KCLE')","['s3://noaa-nexrad-level2/2025/03/29/KILN/KILN20250329_050713_V06', 's3://noaa-nexrad-level2/2025/03/29/KIWX/KIWX20250329_050156_V06', 's3://noaa-nexrad-level2/2025/03/29/KIND/KIND20250329_050616_V06', 's3://noaa-nexrad-level2/2025/03/29/KDTX/KDTX20250329_050528_V06', 's3://noaa-nexrad-level2/2025/03/29/KCLE/KCLE20250329_050454_V06']"
111546,F,C172,CHD UA /OV KCHD /TM 0510 /FL095 /TP C172 /TA 08 /TB LGT,LGT,202503290500-KMSC-UBUS01-PIREP,9500.0,33.27,-111.81,2025-03-29 05:10:00,1.0,L,"('KIWA', 'KFSX', 'KFSX', 'KEMX', 'KYUX')","['s3://noaa-nexrad-level2/2025/03/29/KIWA/KIWA20250329_050253_V06', 's3://noaa-nexrad-level2/2025/03/29/KFSX/KFSX20250329_050902_V06', 's3://noaa-nexrad-level2/2025/03/29/KFSX/KFSX20250329_050902_V06', 's3://noaa-nexrad-level2/2025/03/29/KEMX/KEMX20250329_050659_V06', 's3://noaa-nexrad-level2/2025/03/29/KYUX/KYUX20250329_050252_V06']"
111547,T,BE9L,DDC UUA /OV KDDC /TM 0516 /FL006 /TP BE9L /TB OCNL LGT /RM LLWS -30KT 006FT AGL DURD FAP RWY 14,OCNL LGT,202503290500-KMSC-UBUS01-PIREP,600.0,37.76312,-99.96542,2025-03-29 05:16:00,1.0,L,"('KDDC', 'KVNX', 'KGLD', 'KICT', 'KUEX')","['s3://noaa-nexrad-level2/2025/03/29/KDDC/KDDC20250329_050748_V06', 's3://noaa-nexrad-level2/2025/03/29/KVNX/KVNX20250329_051339_V06', 's3://noaa-nexrad-level2/2025/03/29/KGLD/KGLD20250329_051200_V06', 's3://noaa-nexrad-level2/2025/03/29/KICT/KICT20250329_051528_V06', 's3://noaa-nexrad-level2/2025/03/29/KUEX/KUEX20250329_051312_V06']"
111548,F,A35K,PASY UA /OV 5009N16505E/TM 0517/FL350/TP A35K/TB LGT-MOD CHOP/RM /ZAN,LGT-MOD CHOP,202503290500-KMSC-UBUS01-PIREP,35000.0,50.15,165.833,2025-03-29 05:17:00,2.0,U,"('RKSG', 'RKJK', 'PGUA', 'RODN', 'LPLA')","['s3://noaa-nexrad-level2/2025/03/29/RKSG/RKSG20250329_051422_V06', 's3://noaa-nexrad-level2/2025/03/29/RKJK/RKJK20250329_051520_V06', 's3://noaa-nexrad-level2/2025/03/29/PGUA/PGUA20250329_051344_V06']"
111549,F,A343,RQB UA /OV RQB/TM 0519/FL330/TP A343/TB LGT-MOD,LGT-MOD,202503290500-KMSC-UBUS01-PIREP,33000.0,43.72263,-85.50407,2025-03-29 05:19:00,2.0,H,"('KGRR', 'KAPX', 'KDTX', 'KIWX', 'KGRB')","['s3://noaa-nexrad-level2/2025/03/29/KGRR/KGRR20250329_051354_V06', 's3://noaa-nexrad-level2/2025/03/29/KAPX/KAPX20250329_051446_V06', 's3://noaa-nexrad-level2/2025/03/29/KDTX/KDTX20250329_051430_V06', 's3://noaa-nexrad-level2/2025/03/29/KIWX/KIWX20250329_051543_V06', 's3://noaa-nexrad-level2/2025/03/29/KGRB/KGRB20250329_051407_V06']"
111550,F,B738,RTN UA /OV CIM345020/TM 0520/FL360/TP B738/TB CONS MOD CHOP/RM ZAB FDCS,CONS MOD CHOP,202503290500-KMSC-UBUS01-PIREP,36000.0,36.81200135545309,-104.97731868729596,2025-03-29 05:20:00,3.0,M,"('KPUX', 'KABX', 'KFDX', 'KFTG', 'KAMA')","['s3://noaa-nexrad-level2/2025/03/29/KPUX/KPUX20250329_051436_V06', 's3://noaa-nexrad-level2/2025/03/29/KABX/KABX20250329_051813_V06', 's3://noaa-nexrad-level2/2025/03/29/KFDX/KFDX20250329_051634_V06', 's3://noaa-nexrad-level2/2025/03/29/KFTG/KFTG20250329_051600_V06', 's3://noaa-nexrad-level2/2025/03/29/KAMA/KAMA20250329_051638_V06']"
111551,F,SR22,EVV UA /OV EWO200010/TM 0522/FL060/TP SR22/SK SKC/TB NEG/IC NEG,NEG,202503290600-KMSC-UBUS01-PIREP,6000.0,37.47337187733928,-85.75198248661736,2025-03-29 05:22:00,0.0,L,"('KLVX', 'KOHX', 'KHPX', 'KVWX', 'KIND')","['s3://noaa-nexrad-level2/2025/03/29/KLVX/KLVX20250329_052154_V06', 's3://noaa-nexrad-level2/2025/03/29/KOHX/KOHX20250329_052131_V06', 's3://noaa-nexrad-level2/2025/03/29/KHPX/KHPX20250329_051751_V06', 's3://noaa-nexrad-level2/2025/03/29/KVWX/KVWX20250329_051637_V06', 's3://noaa-nexrad-level2/2025/03/29/KIND/KIND20250329_052023_V06']"
111552,F,B763,CMH UA /OV APE/TM 0526/FL260/TP B763/TB NEG/IC NEG,NEG,202503290600-KMSC-UBUS01-PIREP,26000.0,40.15,-82.59,2025-03-29 05:26:00,0.0,H,"('KILN', 'KCLE', 'KRLX', 'KPBZ', 'KJKL')","['s3://noaa-nexrad-level2/2025/03/29/KILN/KILN20250329_052117_V06', 's3://noaa-nexrad-level2/2025/03/29/KCLE/KCLE20250329_052524_V06', 's3://noaa-nexrad-level2/2025/03/29/KRLX/KRLX20250329_052518_V06', 's3://noaa-nexrad-level2/2025/03/29/KPBZ/KPBZ20250329_052222_V06', 's3://noaa-nexrad-level2/2025/03/29/KJKL/KJKL20250329_052052_V06']"
111553,F,A21N,LVS UA /OV FTI250020/TM 0529/FL380/TP A21N/TB CONS MOD CHOP/RM ZAB FDCS,CONS MOD CHOP,202503290500-KMSC-UBUS01-PIREP,38000.0,35.545984051005,-105.52555055281805,2025-03-29 05:29:00,3.0,U,"('KABX', 'KFDX', 'KHDX', 'KPUX', 'KAMA')","['s3://noaa-nexrad-level2/2025/03/29/KABX/KABX20250329_052521_V06', 's3://noaa-nexrad-level2/2025/03/29/KFDX/KFDX20250329_052323_V06', 's3://noaa-nexrad-level2/2025/03/29/KHDX/KHDX20250329_052524_V06', 's3://noaa-nexrad-level2/2025/03/29/KPUX/KPUX20250329_052625_V06', 's3://noaa-nexrad-level2/2025/03/29/KAMA/KAMA20250329_052338_V06']"
111554,F,A320,RTN UA /OV CME045045/TM 0530/FL390/TP A320/TB MOD CHOP/RM ZAB FDCS,MOD CHOP,202503290500-KMSC-UBUS01-PIREP,39000.0,33.870373042669826,-103.98514497213638,2025-03-29 05:30:00,3.0,M,"('KFDX', 'KLBB', 'KHDX', 'KMAF', 'KAMA')","['s3://noaa-nexrad-level2/2025/03/29/KFDX/KFDX20250329_052323_V06', 's3://noaa-nexrad-level2/2025/03/29/KLBB/KLBB20250329_052531_V06', 's3://noaa-nexrad-level2/2025/03/29/KHDX/KHDX20250329_052524_V06', 's3://noaa-nexrad-level2/2025/03/29/KMAF/KMAF20250329_052755_V06', 's3://noaa-nexrad-level2/2025/03/29/KAMA/KAMA20250329_052338_V06']"
111555,F,B767,SWF UA /OV SWF/TM 0532/FL110/TP B767/WX RA/TB OCNL LGT CHOP,OCNL LGT CHOP,202503290500-KMSC-UBUS01-PIREP,11000.0,41.50411,-74.10483,2025-03-29 05:32:00,1.0,H,"('KENX', 'KOKX', 'KDIX', 'KBGM', 'KTYX')","['s3://noaa-nexrad-level2/2025/03/29/KENX/KENX20250329_053012_V06', 's3://noaa-nexrad-level2/2025/03/29/KOKX/KOKX20250329_052819_V06', 's3://noaa-nexrad-level2/2025/03/29/KDIX/KDIX20250329_053130_V06', 's3://noaa-nexrad-level2/2025/03/29/KBGM/KBGM20250329_052834_V06', 's3://noaa-nexrad-level2/2025/03/29/KTYX/KTYX20250329_053124_V06']"
111556,F,A321,LVS UA /OV FTI040020/TM 0540/FL310/TP A321/TB OCNL MOD CHOP/RM ZAB FDCS,OCNL MOD CHOP,202503290500-KMSC-UBUS01-PIREP,31000.0,35.91536883092697,-104.87626788933176,2025-03-29 05:40:00,3.0,M,"('KFDX', 'KABX', 'KPUX', 'KHDX', 'KAMA')","['s3://noaa-nexrad-level2/2025/03/29/KFDX/KFDX20250329_053709_V06', 's3://noaa-nexrad-level2/2025/03/29/KABX/KABX20250329_053934_V06', 's3://noaa-nexrad-level2/2025/03/29/KPUX/KPUX20250329_053805_V06', 's3://noaa-nexrad-level2/2025/03/29/KHDX/KHDX20250329_053912_V06', 's3://noaa-nexrad-level2/2025/03/29/KAMA/KAMA20250329_053737_V06']"
111557,F,B77W,CDB UA /OV 5432N16451W/TM 0545/FL340/TP B77W/TB MOD/RM /ZAN,MOD,202503290500-KMSC-UBUS01-PIREP,34000.0,54.5333,-164.85,2025-03-29 05:45:00,3.0,U,"('PABC', 'PAKC', 'PAEC', 'PAHG', 'PAIH')","['s3://noaa-nexrad-level2/2025/03/29/PAKC/PAKC20250329_054416_V06', 's3://noaa-nexrad-level2/2025/03/29/PAEC/PAEC20250329_054151_V06', 's3://noaa-nexrad-level2/2025/03/29/PAHG/PAHG20250329_054040_V06', 's3://noaa-nexrad-level2/2025/03/29/PAIH/PAIH20250329_054041_V06']"
111558,F,B738,COS UA /OV BRK110020/TM 0545/FL100/TP B738/TB MOD/RM OZZZY5 ARRIVAL 140-080,MOD,202503290500-KMSC-UBUS01-PIREP,10000.0,38.825984051005,-104.22725583746828,2025-03-29 05:45:00,3.0,M,"('KPUX', 'KFTG', 'KCYS', 'KGLD', 'KGJX')","['s3://noaa-nexrad-level2/2025/03/29/KPUX/KPUX20250329_054355_V06', 's3://noaa-nexrad-level2/2025/03/29/KFTG/KFTG20250329_054003_V06', 's3://noaa-nexrad-level2/2025/03/29/KCYS/KCYS20250329_054407_V06', 's3://noaa-nexrad-level2/2025/03/29/KGLD/KGLD20250329_053844_V06', 's3://noaa-nexrad-level2/2025/03/29/KGJX/KGJX20250329_054312_V06']"
111559,F,B737,DHT UA /OV DHT/TM 0549/FL360/TP B737/TB MOD CHOP/RM ZAB FDCS,MOD CHOP,202503290500-KMSC-UBUS01-PIREP,36000.0,36.02259,-102.54728,2025-03-29 05:49:00,3.0,M,"('KAMA', 'KFDX', 'KLBB', 'KPUX', 'KDDC')","['s3://noaa-nexrad-level2/2025/03/29/KAMA/KAMA20250329_054437_V06', 's3://noaa-nexrad-level2/2025/03/29/KFDX/KFDX20250329_054402_V06', 's3://noaa-nexrad-level2/2025/03/29/KLBB/KLBB20250329_054643_V06', 's3://noaa-nexrad-level2/2025/03/29/KPUX/KPUX20250329_054355_V06', 's3://noaa-nexrad-level2/2025/03/29/KDDC/KDDC20250329_054247_V06']"
111560,F,SF34,EVV UA /OV JQD/TM 0621/FL170/TP SF34/TB LGT CHOP/IC NEG/RM DURC,LGT CHOP,202503290700-KMSC-UBUS01-PIREP,17000.0,37.45,-86.84,2025-03-29 06:21:00,1.0,M,"('KHPX', 'KLVX', 'KVWX', 'KOHX', 'KPAH')","['s3://noaa-nexrad-level2/2025/03/29/KHPX/KHPX20250329_061502_V06', 's3://noaa-nexrad-level2/2025/03/29/KLVX/KLVX20250329_061855_V06', 's3://noaa-nexrad-level2/2025/03/29/KVWX/KVWX20250329_062012_V06', 's3://noaa-nexrad-level2/2025/03/29/KOHX/KOHX20250329_061332_V06', 's3://noaa-nexrad-level2/2025/03/29/KPAH/KPAH20250329_061740_V06']"
111561,F,C208,ENA UA /OV ENA /TM 0625 /FL015 /TP C208 /WV 04025KT /TB NEG /RMSQUIRRLY ON FINAL. NO LLWS. DURD RWY 2L (AKFSS),NEG,202503290600-KMSC-UBUS01-PIREP,1500.0,60.57,-151.24,2025-03-29 06:25:00,0.0,L,"('PAHG', 'PAIH', 'PAIH', 'PAKC', 'PAPD')","['s3://noaa-nexrad-level2/2025/03/29/PAHG/PAHG20250329_062237_V06', 's3://noaa-nexrad-level2/2025/03/29/PAIH/PAIH20250329_062109_V06', 's3://noaa-nexrad-level2/2025/03/29/PAIH/PAIH20250329_062109_V06', 's3://noaa-nexrad-level2/2025/03/29/PAKC/PAKC20250329_061917_V06', 's3://noaa-nexrad-level2/2025/03/29/PAPD/PAPD20250329_061947_V06']"
111562,F,C208,ENA UA /OV ENA /TM 0625 /FL015 /TP C208 /WV 04025KT /TB NEG /RM SQUIRRLY ON FINAL. NO LLWS. DURD RWY 2L (AKFSS,NEG,202503290630-KWBC-UBAK90-PIREP,1500.0,60.57,-151.24,2025-03-29 06:25:00,0.0,L,"('PAHG', 'PAIH', 'PAIH', 'PAKC', 'PAPD')","['s3://noaa-nexrad-level2/2025/03/29/PAHG/PAHG20250329_062237_V06', 's3://noaa-nexrad-level2/2025/03/29/PAIH/PAIH20250329_062109_V06', 's3://noaa-nexrad-level2/2025/03/29/PAIH/PAIH20250329_062109_V06', 's3://noaa-nexrad-level2/2025/03/29/PAKC/PAKC20250329_061917_V06', 's3://noaa-nexrad-level2/2025/03/29/PAPD/PAPD20250329_061947_V06']"
111563,F,A21N,BGD UA /OV BGD/TM 0633/FL290/TP A21N/TB CONT LGT CHOP/RM ZKC/FDC/AF,CONT LGT CHOP,202503290600-KMSC-UBUS01-PIREP,29000.0,35.70089,-101.39366,2025-03-29 06:33:00,1.0,U,"('KAMA', 'KLBB', 'KFDX', 'KDDC', 'KFDR')","['s3://noaa-nexrad-level2/2025/03/29/KAMA/KAMA20250329_062639_V06', 's3://noaa-nexrad-level2/2025/03/29/KLBB/KLBB20250329_062913_V06', 's3://noaa-nexrad-level2/2025/03/29/KFDX/KFDX20250329_063233_V06', 's3://noaa-nexrad-level2/2025/03/29/KDDC/KDDC20250329_062528_V06', 's3://noaa-nexrad-level2/2025/03/29/KFDR/KFDR20250329_062612_V06']"
111564,F,A359,CLE UA /OV CLE/TM 0636/FL390/TP A359/TB MOD/RM ZOB,MOD,202503290600-KMSC-UBUS01-PIREP,39000.0,41.405,-81.85278,2025-03-29 06:36:00,3.0,U,"('KCLE', 'KPBZ', 'KDTX', 'KILN', 'KRLX')","['s3://noaa-nexrad-level2/2025/03/29/KCLE/KCLE20250329_063240_V06', 's3://noaa-nexrad-level2/2025/03/29/KPBZ/KPBZ20250329_063502_V06', 's3://noaa-nexrad-level2/2025/03/29/KDTX/KDTX20250329_063314_V06', 's3://noaa-nexrad-level2/2025/03/29/KILN/KILN20250329_063145_V06', 's3://noaa-nexrad-level2/2025/03/29/KRLX/KRLX20250329_063453_V06']"
111565,F,B789,CHA UA /OV GQO260035/TM 0641/FL390/TP B789/TB LGT-MOD/RM ZTLFD-37,LGT-MOD,202503290600-KMSC-UBUS01-PIREP,39000.0,34.85869702480969,-85.85101412432715,2025-03-29 06:41:00,2.0,U,"('KHTX', 'KOHX', 'KBMX', 'KFFC', 'KMXX')","['s3://noaa-nexrad-level2/2025/03/29/KHTX/KHTX20250329_063429_V06', 's3://noaa-nexrad-level2/2025/03/29/KOHX/KOHX20250329_063933_V06', 's3://noaa-nexrad-level2/2025/03/29/KBMX/KBMX20250329_063952_V06', 's3://noaa-nexrad-level2/2025/03/29/KFFC/KFFC20250329_063442_V06', 's3://noaa-nexrad-level2/2025/03/29/KMXX/KMXX20250329_063730_V06']"
111566,F,PC12,CRW UA /OV HVQ/TM 0645/FL210/TP PC12/TB NEG/IC NEG,NEG,202503290700-KMSC-UBUS01-PIREP,21000.0,38.35,-81.77,2025-03-29 06:45:00,0.0,L,"('KRLX', 'KJKL', 'KFCX', 'KILN', 'KPBZ')","['s3://noaa-nexrad-level2/2025/03/29/KRLX/KRLX20250329_064150_V06', 's3://noaa-nexrad-level2/2025/03/29/KJKL/KJKL20250329_063841_V06', 's3://noaa-nexrad-level2/2025/03/29/KFCX/KFCX20250329_063923_V06', 's3://noaa-nexrad-level2/2025/03/29/KILN/KILN20250329_063848_V06', 's3://noaa-nexrad-level2/2025/03/29/KPBZ/KPBZ20250329_064351_V06']"
111567,F,B789,HTS UA /OV HNN/TM 0645/FL390/TP B789/TB LGT OCNL CHOP/IC NEG,LGT OCNL CHOP,202503290700-KMSC-UBUS01-PIREP,39000.0,38.75,-82.03,2025-03-29 06:45:00,1.0,U,"('KRLX', 'KJKL', 'KILN', 'KFCX', 'KPBZ')","['s3://noaa-nexrad-level2/2025/03/29/KRLX/KRLX20250329_064150_V06', 's3://noaa-nexrad-level2/2025/03/29/KJKL/KJKL20250329_063841_V06', 's3://noaa-nexrad-level2/2025/03/29/KILN/KILN20250329_063848_V06', 's3://noaa-nexrad-level2/2025/03/29/KFCX/KFCX20250329_063923_V06', 's3://noaa-nexrad-level2/2025/03/29/KPBZ/KPBZ20250329_064351_V06']"
111568,F,B789,UUA /OV 48N042W /TM 0651 /FL350 /TP B789 /TB SEV,SEV,202503290658-CYQX-UACN01-PIREP,35000.0,48.0,-42.0,2025-03-29 06:51:00,5.0,U,"('LPLA', 'KCBW', 'KGYX', 'KBOX', 'KCXX')","['s3://noaa-nexrad-level2/2025/03/29/KCBW/KCBW20250329_065040_V06', 's3://noaa-nexrad-level2/2025/03/29/KGYX/KGYX20250329_065036_V06', 's3://noaa-nexrad-level2/2025/03/29/KBOX/KBOX20250329_064842_V06', 's3://noaa-nexrad-level2/2025/03/29/KCXX/KCXX20250329_064517_V06']"
111569,F,B38M,LBL UA /OV LBL/TM 0651/FL350/TP B38M/TB MOD CHOP/RM /ZKC FDC/AF,MOD CHOP,202503290600-KMSC-UBUS01-PIREP,35000.0,37.04422,-100.95986,2025-03-29 06:51:00,3.0,U,"('KDDC', 'KAMA', 'KGLD', 'KVNX', 'KFDR')","['s3://noaa-nexrad-level2/2025/03/29/KDDC/KDDC20250329_065055_V06', 's3://noaa-nexrad-level2/2025/03/29/KAMA/KAMA20250329_064740_V06', 's3://noaa-nexrad-level2/2025/03/29/KGLD/KGLD20250329_064723_V06', 's3://noaa-nexrad-level2/2025/03/29/KVNX/KVNX20250329_064504_V06', 's3://noaa-nexrad-level2/2025/03/29/KFDR/KFDR20250329_064737_V06']"
111570,F,B763,LBL UA /OV LBL/TM 0701/FL340/TP B763/TB LGT/RM /ZKC FDC/AF,LGT,202503290700-KMSC-UBUS01-PIREP,34000.0,37.04422,-100.95986,2025-03-29 07:01:00,1.0,H,"('KDDC', 'KAMA', 'KGLD', 'KVNX', 'KFDR')","['s3://noaa-nexrad-level2/2025/03/29/KDDC/KDDC20250329_065922_V06', 's3://noaa-nexrad-level2/2025/03/29/KAMA/KAMA20250329_065441_V06', 's3://noaa-nexrad-level2/2025/03/29/KGLD/KGLD20250329_065423_V06', 's3://noaa-nexrad-level2/2025/03/29/KVNX/KVNX20250329_065907_V06', 's3://noaa-nexrad-level2/2025/03/29/KFDR/KFDR20250329_065446_V06']"
111571,F,B737,DEN UA /OV DEN/TM 0708/FL080/TP B737/TB OCNL LGT CHP BLW 100,OCNL LGT CHP BLW 100,202503290700-KMSC-UBUS01-PIREP,8000.0,39.8328,-104.6575,2025-03-29 07:08:00,1.0,M,"('KFTG', 'KCYS', 'KPUX', 'KGLD', 'KGJX')","['s3://noaa-nexrad-level2/2025/03/29/KFTG/KFTG20250329_070417_V06', 's3://noaa-nexrad-level2/2025/03/29/KCYS/KCYS20250329_070427_V06', 's3://noaa-nexrad-level2/2025/03/29/KPUX/KPUX20250329_070445_V06', 's3://noaa-nexrad-level2/2025/03/29/KGLD/KGLD20250329_070123_V06', 's3://noaa-nexrad-level2/2025/03/29/KGJX/KGJX20250329_070220_V06']"
111572,F,B747,EVV UA /OV MYS360010/TM 0727/FL200/TP B747/SK SKC/TB NEG/IC NEG/RM DURC,NEG,202503290700-KMSC-UBUS01-PIREP,20000.0,38.05668016668017,-86.24,2025-03-29 07:27:00,0.0,H,"('KLVX', 'KVWX', 'KIND', 'KHPX', 'KOHX')","['s3://noaa-nexrad-level2/2025/03/29/KLVX/KLVX20250329_072652_V06', 's3://noaa-nexrad-level2/2025/03/29/KVWX/KVWX20250329_072436_V06', 's3://noaa-nexrad-level2/2025/03/29/KIND/KIND20250329_072256_V06', 's3://noaa-nexrad-level2/2025/03/29/KHPX/KHPX20250329_072423_V06', 's3://noaa-nexrad-level2/2025/03/29/KOHX/KOHX20250329_072215_V06']"
111573,F,A321,DKK UA /OV DKK275035/TM 0727/FL370/TP A321/TB MOD CHOP/RM ZOB,MOD CHOP,202503290700-KMSC-UBUS01-PIREP,37000.0,42.5441849680491,-80.06020847374764,2025-03-29 07:27:00,3.0,M,"('KBUF', 'KPBZ', 'KCLE', 'KCCX', 'KDTX')","['s3://noaa-nexrad-level2/2025/03/29/KBUF/KBUF20250329_072620_V06', 's3://noaa-nexrad-level2/2025/03/29/KPBZ/KPBZ20250329_072318_V06', 's3://noaa-nexrad-level2/2025/03/29/KCLE/KCLE20250329_072604_V06', 's3://noaa-nexrad-level2/2025/03/29/KCCX/KCCX20250329_072329_V06', 's3://noaa-nexrad-level2/2025/03/29/KDTX/KDTX20250329_072314_V06']"
111574,F,C172,ENA UA /OV ENA /TM 0735 /FL000 /TP C172 /WV 04025KT /TB CONS LGT/RM CONS LGT 012-SFC DURD RWY 2L (AKFSS),CONS LGT,202503290700-KMSC-UBUS01-PIREP,0.0,60.57,-151.24,2025-03-29 07:35:00,1.0,L,"('PAHG', 'PAIH', 'PAIH', 'PAKC', 'PAPD')","['s3://noaa-nexrad-level2/2025/03/29/PAHG/PAHG20250329_073229_V06', 's3://noaa-nexrad-level2/2025/03/29/PAIH/PAIH20250329_073113_V06', 's3://noaa-nexrad-level2/2025/03/29/PAIH/PAIH20250329_073113_V06', 's3://noaa-nexrad-level2/2025/03/29/PAKC/PAKC20250329_072833_V06', 's3://noaa-nexrad-level2/2025/03/29/PAPD/PAPD20250329_073027_V06']"
111575,F,C172,ENA UA /OV ENA /TM 0735 /FL000 /TP C172 /WV 04025KT /TB CONS LGT /RM CONS LGT 012-SFC DURD RWY 2L (AKFSS,CONS LGT,202503290745-KWBC-UBUS31-PRCUS,0.0,60.57,-151.24,2025-03-29 07:35:00,1.0,L,"('PAHG', 'PAIH', 'PAIH', 'PAKC', 'PAPD')","['s3://noaa-nexrad-level2/2025/03/29/PAHG/PAHG20250329_073229_V06', 's3://noaa-nexrad-level2/2025/03/29/PAIH/PAIH20250329_073113_V06', 's3://noaa-nexrad-level2/2025/03/29/PAIH/PAIH20250329_073113_V06', 's3://noaa-nexrad-level2/2025/03/29/PAKC/PAKC20250329_072833_V06', 's3://noaa-nexrad-level2/2025/03/29/PAPD/PAPD20250329_073027_V06']"
111576,F,B787,LEB UA /OV LEB/TM 0735/FL400/TP B787/TB LGT CHOP,LGT CHOP,202503290700-KMSC-UBUS01-PIREP,40000.0,43.62611,-72.30419,2025-03-29 07:35:00,1.0,U,"('KCXX', 'KBOX', 'KENX', 'KGYX', 'KOKX')","['s3://noaa-nexrad-level2/2025/03/29/KCXX/KCXX20250329_073430_V06', 's3://noaa-nexrad-level2/2025/03/29/KBOX/KBOX20250329_073230_V06', 's3://noaa-nexrad-level2/2025/03/29/KENX/KENX20250329_073011_V06', 's3://noaa-nexrad-level2/2025/03/29/KGYX/KGYX20250329_073211_V06', 's3://noaa-nexrad-level2/2025/03/29/KOKX/KOKX20250329_073116_V06']"
111577,F,A321,AMA UA /OV PNH36025/TM 0735/FL330/TP A321/TB CONS LT MOD CHOP/RM ZAB FDCS,CONS LT MOD CHOP,202503290800-KMSC-UBUS01-PIREP,33000.0,35.24,-101.7,2025-03-29 07:35:00,3.0,M,"('KAMA', 'KLBB', 'KFDX', 'KFDR', 'KDDC')","['s3://noaa-nexrad-level2/2025/03/29/KAMA/KAMA20250329_072934_V06', 's3://noaa-nexrad-level2/2025/03/29/KLBB/KLBB20250329_073252_V06', 's3://noaa-nexrad-level2/2025/03/29/KFDX/KFDX20250329_072804_V06', 's3://noaa-nexrad-level2/2025/03/29/KFDR/KFDR20250329_073031_V06', 's3://noaa-nexrad-level2/2025/03/29/KDDC/KDDC20250329_073300_V06']"
111578,F,B39M,MEM UA /OV MEM225060/TM 0739/FL350/TP B39M/TB INTMT MOD CHOP/RM ZME,INTMT MOD CHOP,202503290700-KMSC-UBUS01-PIREP,35000.0,34.3539459431069,-90.84893360564024,2025-03-29 07:39:00,3.0,U,"('KNQA', 'KLZK', 'KDGX', 'KGWX', 'KPAH')","['s3://noaa-nexrad-level2/2025/03/29/KNQA/KNQA20250329_073727_V06', 's3://noaa-nexrad-level2/2025/03/29/KLZK/KLZK20250329_073536_V06', 's3://noaa-nexrad-level2/2025/03/29/KDGX/KDGX20250329_073736_V06', 's3://noaa-nexrad-level2/2025/03/29/KGWX/KGWX20250329_073632_V06', 's3://noaa-nexrad-level2/2025/03/29/KPAH/KPAH20250329_073441_V06']"
111579,F,B738,MEM UA /OV MEM225035/TM 0745/FL370/TP B738/TB OCNL MOD CHOP/RM ZME,OCNL MOD CHOP,202503290700-KMSC-UBUS01-PIREP,37000.0,34.64859763347903,-90.4889612699568,2025-03-29 07:45:00,3.0,M,"('KNQA', 'KLZK', 'KGWX', 'KDGX', 'KPAH')","['s3://noaa-nexrad-level2/2025/03/29/KNQA/KNQA20250329_074250_V06', 's3://noaa-nexrad-level2/2025/03/29/KLZK/KLZK20250329_074342_V06', 's3://noaa-nexrad-level2/2025/03/29/KGWX/KGWX20250329_074242_V06', 's3://noaa-nexrad-level2/2025/03/29/KDGX/KDGX20250329_074350_V06', 's3://noaa-nexrad-level2/2025/03/29/KPAH/KPAH20250329_073957_V06']"
111580,F,A321,ITH UA /OV ITH/TM 0746/FL370/TP A321/TB CONS LGT CHOP 370,CONS LGT CHOP 370,202503290700-KMSC-UBUS01-PIREP,37000.0,42.4910278,-76.4584444,2025-03-29 07:46:00,1.0,M,"('KBGM', 'KTYX', 'KCCX', 'KBUF', 'KENX')","['s3://noaa-nexrad-level2/2025/03/29/KBGM/KBGM20250329_074542_V06', 's3://noaa-nexrad-level2/2025/03/29/KTYX/KTYX20250329_074420_V06', 's3://noaa-nexrad-level2/2025/03/29/KCCX/KCCX20250329_074344_V06', 's3://noaa-nexrad-level2/2025/03/29/KBUF/KBUF20250329_073950_V06', 's3://noaa-nexrad-level2/2025/03/29/KENX/KENX20250329_074045_V06']"
111581,F,B739,TCC UA /OV ACH/TM 0748/FL350/TP B739/TB LT MOD CHOP/RM ZAB FDCS,LT MOD CHOP,202503290800-KMSC-UBUS01-PIREP,35000.0,35.11,-105.04,2025-03-29 07:48:00,3.0,M,"('KFDX', 'KABX', 'KHDX', 'KAMA', 'KPUX')","['s3://noaa-nexrad-level2/2025/03/29/KFDX/KFDX20250329_074159_V06', 's3://noaa-nexrad-level2/2025/03/29/KABX/KABX20250329_074348_V06', 's3://noaa-nexrad-level2/2025/03/29/KHDX/KHDX20250329_074115_V06', 's3://noaa-nexrad-level2/2025/03/29/KAMA/KAMA20250329_074319_V06', 's3://noaa-nexrad-level2/2025/03/29/KPUX/KPUX20250329_074726_V06']"
111582,F,A21N,LVS UA /OV FTI/TM 0749/FL330/TP A21N/TB CONS LT MOD CHOP/RM ZAB FDCS,CONS LT MOD CHOP,202503290800-KMSC-UBUS01-PIREP,33000.0,35.66,-105.14,2025-03-29 07:49:00,3.0,U,"('KABX', 'KFDX', 'KHDX', 'KPUX', 'KAMA')","['s3://noaa-nexrad-level2/2025/03/29/KABX/KABX20250329_074829_V06', 's3://noaa-nexrad-level2/2025/03/29/KFDX/KFDX20250329_074853_V06', 's3://noaa-nexrad-level2/2025/03/29/KHDX/KHDX20250329_074800_V06', 's3://noaa-nexrad-level2/2025/03/29/KPUX/KPUX20250329_074726_V06', 's3://noaa-nexrad-level2/2025/03/29/KAMA/KAMA20250329_074319_V06']"
111583,F,P212,ENA UA /OV ENA045030 /TM 0750 /FL040 /TP P212 /SK SKC /WX FV10SM/TA M04 /WV 36010KT /TB NEG /RM (AKFSS),NEG,202503290800-KMSC-UBUS01-PIREP,4000.0,60.92358202844655,-150.5204010615825,2025-03-29 07:50:00,0.0,U,"('PAHG', 'PAIH', 'PAIH', 'PAPD', 'PAKC')","['s3://noaa-nexrad-level2/2025/03/29/PAHG/PAHG20250329_074626_V06', 's3://noaa-nexrad-level2/2025/03/29/PAIH/PAIH20250329_074457_V06', 's3://noaa-nexrad-level2/2025/03/29/PAIH/PAIH20250329_074457_V06', 's3://noaa-nexrad-level2/2025/03/29/PAPD/PAPD20250329_074436_V06', 's3://noaa-nexrad-level2/2025/03/29/PAKC/PAKC20250329_074912_V06']"
111584,F,P212,ENA UA /OV ENA045030 /TM 0750 /FL040 /TP P212 /SK SKC /WX FV10SM /TA M04 /WV 36010KT /TB NEG /RM (AKFSS,NEG,202503290805-KWBC-UBUS31-PRCUS,4000.0,60.92358202844655,-150.5204010615825,2025-03-29 07:50:00,0.0,U,"('PAHG', 'PAIH', 'PAIH', 'PAPD', 'PAKC')","['s3://noaa-nexrad-level2/2025/03/29/PAHG/PAHG20250329_074626_V06', 's3://noaa-nexrad-level2/2025/03/29/PAIH/PAIH20250329_074457_V06', 's3://noaa-nexrad-level2/2025/03/29/PAIH/PAIH20250329_074457_V06', 's3://noaa-nexrad-level2/2025/03/29/PAPD/PAPD20250329_074436_V06', 's3://noaa-nexrad-level2/2025/03/29/PAKC/PAKC20250329_074912_V06']"
111585,F,A321,CMH UA /OV CMH/TM 0752/FL310/TP A321/TB NEG,NEG,202503290800-KMSC-UBUS01-PIREP,31000.0,39.99139,-82.88083,2025-03-29 07:52:00,0.0,M,"('KILN', 'KCLE', 'KRLX', 'KJKL', 'KPBZ')","['s3://noaa-nexrad-level2/2025/03/29/KILN/KILN20250329_075027_V06', 's3://noaa-nexrad-level2/2025/03/29/KCLE/KCLE20250329_074852_V06', 's3://noaa-nexrad-level2/2025/03/29/KRLX/KRLX20250329_075123_V06', 's3://noaa-nexrad-level2/2025/03/29/KJKL/KJKL20250329_074933_V06', 's3://noaa-nexrad-level2/2025/03/29/KPBZ/KPBZ20250329_074915_V06']"
111586,F,A321,BNA UA /OV BNA270050/TM 0755/FL330/TP A321/TB LGT CONS CHOP/RM ZME,LGT CONS CHOP,202503290800-KMSC-UBUS01-PIREP,33000.0,36.11889,-87.72086768142279,2025-03-29 07:55:00,1.0,M,"('KHPX', 'KOHX', 'KPAH', 'KHTX', 'KVWX')","['s3://noaa-nexrad-level2/2025/03/29/KHPX/KHPX20250329_075154_V06', 's3://noaa-nexrad-level2/2025/03/29/KOHX/KOHX20250329_074815_V06', 's3://noaa-nexrad-level2/2025/03/29/KPAH/KPAH20250329_075027_V06', 's3://noaa-nexrad-level2/2025/03/29/KHTX/KHTX20250329_075341_V06', 's3://noaa-nexrad-level2/2025/03/29/KVWX/KVWX20250329_075353_V06']"
111587,F,B737,TTF UA /OV CRL/TM 0755/FL370/TP B737/TB MOD CHOP/RM ZOB,MOD CHOP,202503290800-KMSC-UBUS01-PIREP,37000.0,42.05,-83.46,2025-03-29 07:55:00,3.0,M,"('KDTX', 'KCLE', 'KGRR', 'KIWX', 'KILN')","['s3://noaa-nexrad-level2/2025/03/29/KDTX/KDTX20250329_075457_V06', 's3://noaa-nexrad-level2/2025/03/29/KCLE/KCLE20250329_075340_V06', 's3://noaa-nexrad-level2/2025/03/29/KGRR/KGRR20250329_075447_V06', 's3://noaa-nexrad-level2/2025/03/29/KIWX/KIWX20250329_075358_V06', 's3://noaa-nexrad-level2/2025/03/29/KILN/KILN20250329_075027_V06']"
111588,F,B737,CMH UA /OV APE/TM 0803/FL390/TP B737/TB NEG,NEG,202503290800-KMSC-UBUS01-PIREP,39000.0,40.15,-82.59,2025-03-29 08:03:00,0.0,M,"('KILN', 'KCLE', 'KRLX', 'KPBZ', 'KJKL')","['s3://noaa-nexrad-level2/2025/03/29/KILN/KILN20250329_075730_V06', 's3://noaa-nexrad-level2/2025/03/29/KCLE/KCLE20250329_080245_V06', 's3://noaa-nexrad-level2/2025/03/29/KRLX/KRLX20250329_075820_V06', 's3://noaa-nexrad-level2/2025/03/29/KPBZ/KPBZ20250329_080215_V06', 's3://noaa-nexrad-level2/2025/03/29/KJKL/KJKL20250329_075636_V06']"
111589,F,PAT4,ORD UA /OV MRJ/TM 0806/FL060/TP PAT4/SK TOP 050/TB INTMT LGT CHOP,INTMT LGT CHOP,202503290800-KMSC-UBUS01-PIREP,6000.0,42.88684,-90.23624,2025-03-29 08:06:00,1.0,L,"('KDVN', 'KARX', 'KMKX', 'KLOT', 'KGRB')","['s3://noaa-nexrad-level2/2025/03/29/KDVN/KDVN20250329_080448_V06', 's3://noaa-nexrad-level2/2025/03/29/KARX/KARX20250329_080532_V06', 's3://noaa-nexrad-level2/2025/03/29/KMKX/KMKX20250329_080542_V06', 's3://noaa-nexrad-level2/2025/03/29/KLOT/KLOT20250329_080110_V06', 's3://noaa-nexrad-level2/2025/03/29/KGRB/KGRB20250329_080316_V06']"
111590,F,B737,CAE UA /OV CAE/TM 0807/FL370/TP B737/TB CONS LGT CHOP,CONS LGT CHOP,202503290900-KMSC-UBUS01-PIREP,37000.0,33.9419,-81.1181,2025-03-29 08:07:00,1.0,M,"('KCAE', 'KCLX', 'KGSP', 'KJGX', 'KLTX')","['s3://noaa-nexrad-level2/2025/03/29/KCAE/KCAE20250329_080015_V06', 's3://noaa-nexrad-level2/2025/03/29/KGSP/KGSP20250329_080505_V06', 's3://noaa-nexrad-level2/2025/03/29/KJGX/KJGX20250329_080412_V06', 's3://noaa-nexrad-level2/2025/03/29/KLTX/KLTX20250329_080352_V06']"
111591,F,B789,MLT UA /OV MLT/TM 0808/FL380/TP B789/TB MOD,MOD,202503290800-KMSC-UBUS01-PIREP,38000.0,45.64784,-68.68556,2025-03-29 08:08:00,3.0,U,"('KCBW', 'KGYX', 'KBOX', 'KCXX', 'KENX')","['s3://noaa-nexrad-level2/2025/03/29/KCBW/KCBW20250329_080057_V06', 's3://noaa-nexrad-level2/2025/03/29/KGYX/KGYX20250329_080237_V06', 's3://noaa-nexrad-level2/2025/03/29/KBOX/KBOX20250329_080518_V06', 's3://noaa-nexrad-level2/2025/03/29/KCXX/KCXX20250329_080433_V06', 's3://noaa-nexrad-level2/2025/03/29/KENX/KENX20250329_080737_V06']"
111592,F,B789,DGW UA /OV IIP176028/TM 0810/FL350/TP B789/TB CONS LGT/RM FL370 BETTER RIDES ZDVWC-34,CONS LGT,202503290800-KMSC-UBUS01-PIREP,35000.0,42.21443240191994,-105.18571570221732,2025-03-29 08:10:00,1.0,U,"('KCYS', 'KFTG', 'KUDX', 'KRIW', 'KPUX')","['s3://noaa-nexrad-level2/2025/03/29/KCYS/KCYS20250329_080528_V06', 's3://noaa-nexrad-level2/2025/03/29/KFTG/KFTG20250329_080611_V06', 's3://noaa-nexrad-level2/2025/03/29/KUDX/KUDX20250329_080603_V06', 's3://noaa-nexrad-level2/2025/03/29/KRIW/KRIW20250329_080127_V06', 's3://noaa-nexrad-level2/2025/03/29/KPUX/KPUX20250329_080707_V06']"
111593,F,A21N,GAG UA /OV MMB205050/TM 0830/FL330/TP A21N/TB CONS LT CHOP OCNL MOD CHOP/RM ZAB FDCS,CONS LT CHOP OCNL MOD CHOP,202503290800-KMSC-UBUS01-PIREP,33000.0,35.584682334966,-100.31724884893862,2025-03-29 08:30:00,3.0,U,"('KAMA', 'KFDR', 'KDDC', 'KLBB', 'KVNX')","['s3://noaa-nexrad-level2/2025/03/29/KAMA/KAMA20250329_082433_V06', 's3://noaa-nexrad-level2/2025/03/29/KFDR/KFDR20250329_082738_V06', 's3://noaa-nexrad-level2/2025/03/29/KDDC/KDDC20250329_082306_V06', 's3://noaa-nexrad-level2/2025/03/29/KLBB/KLBB20250329_082929_V06', 's3://noaa-nexrad-level2/2025/03/29/KVNX/KVNX20250329_082336_V06']"
111594,F,B767,HTS UA /OV ECB/TM 0832/FL220/TP B767/TB NEG,NEG,202503290800-KMSC-UBUS01-PIREP,22000.0,38.16,-82.91,2025-03-29 08:32:00,0.0,H,"('KJKL', 'KRLX', 'KILN', 'KMRX', 'KFCX')","['s3://noaa-nexrad-level2/2025/03/29/KJKL/KJKL20250329_082457_V06', 's3://noaa-nexrad-level2/2025/03/29/KRLX/KRLX20250329_082612_V06', 's3://noaa-nexrad-level2/2025/03/29/KILN/KILN20250329_082541_V06', 's3://noaa-nexrad-level2/2025/03/29/KMRX/KMRX20250329_083144_V06', 's3://noaa-nexrad-level2/2025/03/29/KFCX/KFCX20250329_083139_V06']"
111595,F,A359,CHA UA /OV GQO230020/TM 0838/FL390/TP A359/TB LGT-MOD/RM ZTLFD-37,LGT-MOD,202503290800-KMSC-UBUS01-PIREP,39000.0,34.745720108155005,-85.46159553605185,2025-03-29 08:38:00,2.0,U,"('KHTX', 'KFFC', 'KOHX', 'KBMX', 'KMXX')","['s3://noaa-nexrad-level2/2025/03/29/KHTX/KHTX20250329_083412_V06', 's3://noaa-nexrad-level2/2025/03/29/KFFC/KFFC20250329_083220_V06', 's3://noaa-nexrad-level2/2025/03/29/KOHX/KOHX20250329_083111_V06', 's3://noaa-nexrad-level2/2025/03/29/KBMX/KBMX20250329_083739_V06', 's3://noaa-nexrad-level2/2025/03/29/KMXX/KMXX20250329_083427_V06']"
111596,F,B767,MPG UA /OV AIR/TM 0845/FL360/TP B767/TB CONS LGHT OCNL MOD/RM ZOB,CONS LGHT OCNL MOD,202503290800-KMSC-UBUS01-PIREP,36000.0,40.02,-80.82,2025-03-29 08:45:00,3.0,H,"('KPBZ', 'KCLE', 'KRLX', 'KCCX', 'KFCX')","['s3://noaa-nexrad-level2/2025/03/29/KPBZ/KPBZ20250329_084054_V06', 's3://noaa-nexrad-level2/2025/03/29/KCLE/KCLE20250329_084202_V06', 's3://noaa-nexrad-level2/2025/03/29/KRLX/KRLX20250329_084008_V06', 's3://noaa-nexrad-level2/2025/03/29/KCCX/KCCX20250329_084139_V06', 's3://noaa-nexrad-level2/2025/03/29/KFCX/KFCX20250329_084017_V06']"
111597,F,A319,EGE UA /OV RLG/TM 0847/FL350/TP A319/TB OCNL LGT CHOP/RM ZDVWC-34,OCNL LGT CHOP,202503290800-KMSC-UBUS01-PIREP,35000.0,40.0,-106.44,2025-03-29 08:47:00,1.0,M,"('KFTG', 'KCYS', 'KGJX', 'KPUX', 'KRIW')","['s3://noaa-nexrad-level2/2025/03/29/KFTG/KFTG20250329_084319_V06', 's3://noaa-nexrad-level2/2025/03/29/KCYS/KCYS20250329_084206_V06', 's3://noaa-nexrad-level2/2025/03/29/KGJX/KGJX20250329_084253_V06', 's3://noaa-nexrad-level2/2025/03/29/KPUX/KPUX20250329_084547_V06', 's3://noaa-nexrad-level2/2025/03/29/KRIW/KRIW20250329_084452_V06']"
111598,F,A21N,JAN UA /OV MHZ/TM 0849/FL290/TP A21N/TB CONS LGT-MOD/RM ZME,CONS LGT-MOD,202503290800-KMSC-UBUS01-PIREP,29000.0,32.43,-90.1,2025-03-29 08:49:00,2.0,U,"('KDGX', 'KHDC', 'KLIX', 'KGWX', 'KMOB')","['s3://noaa-nexrad-level2/2025/03/29/KDGX/KDGX20250329_084732_V06', 's3://noaa-nexrad-level2/2025/03/29/KHDC/KHDC20250329_084757_V06', 's3://noaa-nexrad-level2/2025/03/29/KGWX/KGWX20250329_084510_V06', 's3://noaa-nexrad-level2/2025/03/29/KMOB/KMOB20250329_084536_V06']"
111599,F,B763,SDF UA /OV IIU270030/TM 0856/FL190/TP B763/TB NEG/IC NEG/RM DURC,NEG,202503290900-KMSC-UBUS01-PIREP,19000.0,38.1,-86.21542794015471,2025-03-29 08:56:00,0.0,H,"('KLVX', 'KVWX', 'KIND', 'KHPX', 'KOHX')","['s3://noaa-nexrad-level2/2025/03/29/KLVX/KLVX20250329_085429_V06', 's3://noaa-nexrad-level2/2025/03/29/KVWX/KVWX20250329_085333_V06', 's3://noaa-nexrad-level2/2025/03/29/KIND/KIND20250329_085324_V06', 's3://noaa-nexrad-level2/2025/03/29/KHPX/KHPX20250329_085349_V06', 's3://noaa-nexrad-level2/2025/03/29/KOHX/KOHX20250329_085554_V06']"
111600,F,B772,RTN UA /OV CIM/TM 0904/FL350/TP B772/TB CONS MOD CHOP/LT MTN WV +/-10KTS/RM ZAB FDCS,CONS MOD CHOP,202503290900-KMSC-UBUS01-PIREP,35000.0,36.49,-104.87,2025-03-29 09:04:00,3.0,H,"('KPUX', 'KFDX', 'KABX', 'KFTG', 'KAMA')","['s3://noaa-nexrad-level2/2025/03/29/KPUX/KPUX20250329_085949_V06', 's3://noaa-nexrad-level2/2025/03/29/KFDX/KFDX20250329_085859_V06', 's3://noaa-nexrad-level2/2025/03/29/KABX/KABX20250329_090340_V06', 's3://noaa-nexrad-level2/2025/03/29/KFTG/KFTG20250329_090026_V06', 's3://noaa-nexrad-level2/2025/03/29/KAMA/KAMA20250329_085934_V06']"
111601,F,A21N,RTN UA /OV CIM240025/TM 0917/FL330/TP A21N/TB CONS MOD TURB/RM ZAB FDCS,CONS MOD TURB,202503290900-KMSC-UBUS01-PIREP,33000.0,36.28164979164979,-105.31886915809396,2025-03-29 09:17:00,3.0,U,"('KABX', 'KFDX', 'KPUX', 'KHDX', 'KFTG')","['s3://noaa-nexrad-level2/2025/03/29/KABX/KABX20250329_091303_V06', 's3://noaa-nexrad-level2/2025/03/29/KFDX/KFDX20250329_091256_V06', 's3://noaa-nexrad-level2/2025/03/29/KPUX/KPUX20250329_091407_V06', 's3://noaa-nexrad-level2/2025/03/29/KHDX/KHDX20250329_091206_V06', 's3://noaa-nexrad-level2/2025/03/29/KFTG/KFTG20250329_091152_V06']"
111602,F,A321,TIP UA /OV RBS/TM 0921/FL350/TP A321/TB OCNL LGT CHO9P,OCNL LGT CHO9P,202503290900-KMSC-UBUS01-PIREP,35000.0,40.58,-88.16,2025-03-29 09:21:00,1.0,M,"('KLOT', 'KILX', 'KIND', 'KVWX', 'KMKX')","['s3://noaa-nexrad-level2/2025/03/29/KLOT/KLOT20250329_091615_V06', 's3://noaa-nexrad-level2/2025/03/29/KILX/KILX20250329_091812_V06', 's3://noaa-nexrad-level2/2025/03/29/KIND/KIND20250329_091839_V06', 's3://noaa-nexrad-level2/2025/03/29/KVWX/KVWX20250329_091646_V06', 's3://noaa-nexrad-level2/2025/03/29/KMKX/KMKX20250329_091728_V06']"
111603,F,H,CBM UA /OV IGB135040/TM 0922/FL380/TP H/B772/TB CONS MOD CHOP/RM ZME,CONS MOD CHOP,202503290900-KMSC-UBUS01-PIREP,38000.0,33.0085572954046,-87.95477413442624,2025-03-29 09:22:00,3.0,L,"('KGWX', 'KBMX', 'KDGX', 'KMXX', 'KMOB')","['s3://noaa-nexrad-level2/2025/03/29/KGWX/KGWX20250329_091747_V06', 's3://noaa-nexrad-level2/2025/03/29/KBMX/KBMX20250329_091828_V06', 's3://noaa-nexrad-level2/2025/03/29/KDGX/KDGX20250329_091728_V06', 's3://noaa-nexrad-level2/2025/03/29/KMXX/KMXX20250329_091820_V06', 's3://noaa-nexrad-level2/2025/03/29/KMOB/KMOB20250329_091456_V06']"
111604,F,B752,SDF UA /OV IIU270025/TM 0922/FL160/TP B752/TB LGT CHOP DURC,LGT CHOP DURC,202503290900-KMSC-UBUS01-PIREP,16000.0,38.1,-86.10952328346227,2025-03-29 09:22:00,1.0,M,"('KLVX', 'KIND', 'KVWX', 'KHPX', 'KOHX')","['s3://noaa-nexrad-level2/2025/03/29/KLVX/KLVX20250329_092046_V06', 's3://noaa-nexrad-level2/2025/03/29/KIND/KIND20250329_091839_V06', 's3://noaa-nexrad-level2/2025/03/29/KVWX/KVWX20250329_092124_V06', 's3://noaa-nexrad-level2/2025/03/29/KHPX/KHPX20250329_092120_V06', 's3://noaa-nexrad-level2/2025/03/29/KOHX/KOHX20250329_092038_V06']"
111605,F,A321,HUF UA /OV TTH/TM 0923/FL310/TP A321/TB NEG,NEG,202503290900-KMSC-UBUS01-PIREP,31000.0,39.49,-87.25,2025-03-29 09:23:00,0.0,M,"('KIND', 'KVWX', 'KLVX', 'KILX', 'KLOT')","['s3://noaa-nexrad-level2/2025/03/29/KIND/KIND20250329_092208_V06', 's3://noaa-nexrad-level2/2025/03/29/KVWX/KVWX20250329_092124_V06', 's3://noaa-nexrad-level2/2025/03/29/KLVX/KLVX20250329_092046_V06', 's3://noaa-nexrad-level2/2025/03/29/KILX/KILX20250329_092234_V06', 's3://noaa-nexrad-level2/2025/03/29/KLOT/KLOT20250329_091615_V06']"
111606,F,B738,BUF UA /OV BUF180020/TM 0925/FL180/TP B738/SK TOP180/TB LGT TURB/RM ZOB,LGT TURB,202503290900-KMSC-UBUS01-PIREP,18000.0,42.60743966663967,-78.7358,2025-03-29 09:25:00,1.0,M,"('KBUF', 'KCCX', 'KPBZ', 'KBGM', 'KTYX')","['s3://noaa-nexrad-level2/2025/03/29/KBUF/KBUF20250329_092139_V06', 's3://noaa-nexrad-level2/2025/03/29/KCCX/KCCX20250329_092432_V06', 's3://noaa-nexrad-level2/2025/03/29/KPBZ/KPBZ20250329_092340_V06', 's3://noaa-nexrad-level2/2025/03/29/KBGM/KBGM20250329_092204_V06', 's3://noaa-nexrad-level2/2025/03/29/KTYX/KTYX20250329_092329_V06']"
111607,F,B752,AMA UA /OV PNH180030/TM 0925/FL390/TP B752/TB CONS MOD TURB/RM ZAB FDCS,CONS MOD TURB,202503290900-KMSC-UBUS01-PIREP,39000.0,34.739959499959504,-101.7,2025-03-29 09:25:00,3.0,M,"('KAMA', 'KLBB', 'KFDX', 'KFDR', 'KMAF')","['s3://noaa-nexrad-level2/2025/03/29/KAMA/KAMA20250329_092038_V06', 's3://noaa-nexrad-level2/2025/03/29/KLBB/KLBB20250329_091901_V06', 's3://noaa-nexrad-level2/2025/03/29/KFDX/KFDX20250329_092000_V06', 's3://noaa-nexrad-level2/2025/03/29/KFDR/KFDR20250329_092443_V06', 's3://noaa-nexrad-level2/2025/03/29/KMAF/KMAF20250329_092053_V06']"
111608,F,B738,DEN UA /OV FQF/TM 0925/FL380/TP B738/TB NEG/RM ZDVWC-34,NEG,202503290900-KMSC-UBUS01-PIREP,38000.0,39.69,-104.62,2025-03-29 09:25:00,0.0,M,"('KFTG', 'KPUX', 'KCYS', 'KGLD', 'KGJX')","['s3://noaa-nexrad-level2/2025/03/29/KFTG/KFTG20250329_092355_V06', 's3://noaa-nexrad-level2/2025/03/29/KPUX/KPUX20250329_092328_V06', 's3://noaa-nexrad-level2/2025/03/29/KCYS/KCYS20250329_092453_V06', 's3://noaa-nexrad-level2/2025/03/29/KGLD/KGLD20250329_091857_V06', 's3://noaa-nexrad-level2/2025/03/29/KGJX/KGJX20250329_092119_V06']"
111609,F,B763,HTS UA /OV YRK/TM 0925/FL330/TP B763/TB OCNL LGT CHOP,OCNL LGT CHOP,202503290900-KMSC-UBUS01-PIREP,33000.0,38.64,-82.98,2025-03-29 09:25:00,1.0,H,"('KJKL', 'KILN', 'KRLX', 'KMRX', 'KCLE')","['s3://noaa-nexrad-level2/2025/03/29/KJKL/KJKL20250329_092133_V06', 's3://noaa-nexrad-level2/2025/03/29/KILN/KILN20250329_092202_V06', 's3://noaa-nexrad-level2/2025/03/29/KRLX/KRLX20250329_092154_V06', 's3://noaa-nexrad-level2/2025/03/29/KMRX/KMRX20250329_092100_V06', 's3://noaa-nexrad-level2/2025/03/29/KCLE/KCLE20250329_092206_V06']"
111610,F,B739,DDC UA /OV DDC/TM 0927/FL350/TP B739/TB CONT CHOP OCNL MOD CHOP OCNL LGT /RM /ZKC FDC/AF,CONT CHOP OCNL MOD CHOP OCNL LGT,202503290900-KMSC-UBUS01-PIREP,35000.0,37.76312,-99.96542,2025-03-29 09:27:00,2.0,M,"('KDDC', 'KVNX', 'KGLD', 'KICT', 'KUEX')","['s3://noaa-nexrad-level2/2025/03/29/KDDC/KDDC20250329_092127_V06', 's3://noaa-nexrad-level2/2025/03/29/KVNX/KVNX20250329_092656_V06', 's3://noaa-nexrad-level2/2025/03/29/KGLD/KGLD20250329_092547_V06', 's3://noaa-nexrad-level2/2025/03/29/KICT/KICT20250329_091904_V06', 's3://noaa-nexrad-level2/2025/03/29/KUEX/KUEX20250329_092449_V06']"
111611,F,B738,CMH UA /OV AIR320025/TM 0928/FL255/TP B738/TB OCNL LGT CHOP,OCNL LGT CHOP,202503290900-KMSC-UBUS01-PIREP,25500.0,40.33921103865872,-81.16975563105429,2025-03-29 09:28:00,1.0,M,"('KPBZ', 'KCLE', 'KRLX', 'KILN', 'KCCX')","['s3://noaa-nexrad-level2/2025/03/29/KPBZ/KPBZ20250329_092340_V06', 's3://noaa-nexrad-level2/2025/03/29/KCLE/KCLE20250329_092206_V06', 's3://noaa-nexrad-level2/2025/03/29/KRLX/KRLX20250329_092154_V06', 's3://noaa-nexrad-level2/2025/03/29/KILN/KILN20250329_092202_V06', 's3://noaa-nexrad-level2/2025/03/29/KCCX/KCCX20250329_092432_V06']"
111612,F,B763,LBL UA /OV LBL090025/TM 0930/FL380/TP B763/TB CONT LGT-MOD/RM /ZKC FDC/AF,CONT LGT-MOD,202503290900-KMSC-UBUS01-PIREP,38000.0,37.04422,-100.43779076826672,2025-03-29 09:30:00,2.0,H,"('KDDC', 'KAMA', 'KVNX', 'KGLD', 'KFDR')","['s3://noaa-nexrad-level2/2025/03/29/KDDC/KDDC20250329_092950_V06', 's3://noaa-nexrad-level2/2025/03/29/KAMA/KAMA20250329_092738_V06', 's3://noaa-nexrad-level2/2025/03/29/KVNX/KVNX20250329_092656_V06', 's3://noaa-nexrad-level2/2025/03/29/KGLD/KGLD20250329_092547_V06', 's3://noaa-nexrad-level2/2025/03/29/KFDR/KFDR20250329_092443_V06']"
111613,F,A321,AZO UA /OV AZO/TM 0934/FL330/TP A321/TB LGT CHOP,LGT CHOP,202503290900-KMSC-UBUS01-PIREP,33000.0,42.23472,-85.55194,2025-03-29 09:34:00,1.0,M,"('KGRR', 'KIWX', 'KDTX', 'KLOT', 'KIND')","['s3://noaa-nexrad-level2/2025/03/29/KGRR/KGRR20250329_093052_V06', 's3://noaa-nexrad-level2/2025/03/29/KIWX/KIWX20250329_093018_V06', 's3://noaa-nexrad-level2/2025/03/29/KDTX/KDTX20250329_093003_V06', 's3://noaa-nexrad-level2/2025/03/29/KLOT/KLOT20250329_092945_V06', 's3://noaa-nexrad-level2/2025/03/29/KIND/KIND20250329_093235_V06']"
111614,F,B737,FWA UA /OV FWA360015/TM 0934/FL300/TP B737/TB CONS LGT CHOP,CONS LGT CHOP,202503290900-KMSC-UBUS01-PIREP,30000.0,41.22807025002025,-85.18713,2025-03-29 09:34:00,1.0,M,"('KIWX', 'KGRR', 'KIND', 'KDTX', 'KILN')","['s3://noaa-nexrad-level2/2025/03/29/KIWX/KIWX20250329_093018_V06', 's3://noaa-nexrad-level2/2025/03/29/KGRR/KGRR20250329_093052_V06', 's3://noaa-nexrad-level2/2025/03/29/KIND/KIND20250329_093235_V06', 's3://noaa-nexrad-level2/2025/03/29/KDTX/KDTX20250329_093003_V06', 's3://noaa-nexrad-level2/2025/03/29/KILN/KILN20250329_092905_V06']"
111615,F,B737,AKR UA /OV ACO/TM 0935/FL100/TP B737/TB CONS LGT CHOP 100-130/RM ZOB,CONS LGT CHOP 100-130,202503290900-KMSC-UBUS01-PIREP,10000.0,41.11,-81.2,2025-03-29 09:35:00,1.0,M,"('KCLE', 'KPBZ', 'KDTX', 'KRLX', 'KBUF')","['s3://noaa-nexrad-level2/2025/03/29/KCLE/KCLE20250329_092851_V06', 's3://noaa-nexrad-level2/2025/03/29/KPBZ/KPBZ20250329_093220_V06', 's3://noaa-nexrad-level2/2025/03/29/KDTX/KDTX20250329_093436_V06', 's3://noaa-nexrad-level2/2025/03/29/KRLX/KRLX20250329_092852_V06', 's3://noaa-nexrad-level2/2025/03/29/KBUF/KBUF20250329_093243_V06']"
111616,F,B737,FWA UA /OV OKK/TM 0936/FL330/TP B737/TB OCNL LGT CHOP,OCNL LGT CHOP,202503290900-KMSC-UBUS01-PIREP,33000.0,40.52818,-86.05899,2025-03-29 09:36:00,1.0,M,"('KIND', 'KIWX', 'KLOT', 'KGRR', 'KILN')","['s3://noaa-nexrad-level2/2025/03/29/KIND/KIND20250329_093235_V06', 's3://noaa-nexrad-level2/2025/03/29/KIWX/KIWX20250329_093018_V06', 's3://noaa-nexrad-level2/2025/03/29/KLOT/KLOT20250329_092945_V06', 's3://noaa-nexrad-level2/2025/03/29/KGRR/KGRR20250329_093052_V06', 's3://noaa-nexrad-level2/2025/03/29/KILN/KILN20250329_092905_V06']"
111617,F,B78M,DUJ UA /OV CIP/TM 0938/FL370/TP B78M/TB CONS MOD CHOP/RM ZOB,CONS MOD CHOP,202503290900-KMSC-UBUS01-PIREP,37000.0,41.15,-79.46,2025-03-29 09:38:00,3.0,U,"('KPBZ', 'KCCX', 'KBUF', 'KCLE', 'KLWX')","['s3://noaa-nexrad-level2/2025/03/29/KPBZ/KPBZ20250329_093640_V06', 's3://noaa-nexrad-level2/2025/03/29/KCCX/KCCX20250329_093745_V06', 's3://noaa-nexrad-level2/2025/03/29/KBUF/KBUF20250329_093243_V06', 's3://noaa-nexrad-level2/2025/03/29/KCLE/KCLE20250329_093536_V06', 's3://noaa-nexrad-level2/2025/03/29/KLWX/KLWX20250329_093625_V06']"
111618,F,B789,HYS UA /OV HYS185035/TM 0941/FL370/TP B789/TB CONT LGT-MOD/RM /ZKC FDC/AF,CONT LGT-MOD,202503290900-KMSC-UBUS01-PIREP,37000.0,38.26105935586659,-99.33844992460877,2025-03-29 09:41:00,2.0,U,"('KDDC', 'KVNX', 'KICT', 'KUEX', 'KGLD')","['s3://noaa-nexrad-level2/2025/03/29/KDDC/KDDC20250329_093805_V06', 's3://noaa-nexrad-level2/2025/03/29/KVNX/KVNX20250329_093358_V06', 's3://noaa-nexrad-level2/2025/03/29/KICT/KICT20250329_093601_V06', 's3://noaa-nexrad-level2/2025/03/29/KUEX/KUEX20250329_093859_V06', 's3://noaa-nexrad-level2/2025/03/29/KGLD/KGLD20250329_093918_V06']"
111619,F,B738,PSM UA /OV PSM/TM 0941/FL180/TP B738/SK BASE 045 TOP 180/TB CONS LGT CHOP/RM DURC PPORT DEPT,CONS LGT CHOP,202503290900-KMSC-UBUS01-PIREP,18000.0,43.07794,-70.82328,2025-03-29 09:41:00,1.0,M,"('KGYX', 'KBOX', 'KCXX', 'KOKX', 'KENX')","['s3://noaa-nexrad-level2/2025/03/29/KGYX/KGYX20250329_094001_V06', 's3://noaa-nexrad-level2/2025/03/29/KBOX/KBOX20250329_093942_V06', 's3://noaa-nexrad-level2/2025/03/29/KCXX/KCXX20250329_094037_V06', 's3://noaa-nexrad-level2/2025/03/29/KOKX/KOKX20250329_093915_V06', 's3://noaa-nexrad-level2/2025/03/29/KENX/KENX20250329_093823_V06']"
111620,F,B737,BHM UA /OV BHM360030/TM 0942/FL300/TP B737/TB LGT-MOD CHOP/RM ZME,LGT-MOD CHOP,202503290900-KMSC-UBUS01-PIREP,30000.0,34.0655005000405,-86.74488,2025-03-29 09:42:00,2.0,M,"('KBMX', 'KHTX', 'KGWX', 'KMXX', 'KOHX')","['s3://noaa-nexrad-level2/2025/03/29/KBMX/KBMX20250329_093809_V06', 's3://noaa-nexrad-level2/2025/03/29/KHTX/KHTX20250329_093822_V06', 's3://noaa-nexrad-level2/2025/03/29/KGWX/KGWX20250329_093751_V06', 's3://noaa-nexrad-level2/2025/03/29/KMXX/KMXX20250329_093820_V06', 's3://noaa-nexrad-level2/2025/03/29/KOHX/KOHX20250329_093708_V06']"
111621,F,A21N,LBL UA /OV LBL080020/TM 0945/FL310/TP A21N/TB CONT LGT-MOD/RM /ZKC FDC/AF,CONT LGT-MOD,202503290900-KMSC-UBUS01-PIREP,31000.0,37.10210741439447,-100.54854973838395,2025-03-29 09:45:00,2.0,U,"('KDDC', 'KAMA', 'KVNX', 'KGLD', 'KICT')","['s3://noaa-nexrad-level2/2025/03/29/KDDC/KDDC20250329_093805_V06', 's3://noaa-nexrad-level2/2025/03/29/KAMA/KAMA20250329_094140_V06', 's3://noaa-nexrad-level2/2025/03/29/KVNX/KVNX20250329_094209_V06', 's3://noaa-nexrad-level2/2025/03/29/KGLD/KGLD20250329_093918_V06', 's3://noaa-nexrad-level2/2025/03/29/KICT/KICT20250329_094430_V06']"
111622,F,A20N,POU UA /OV IGN/TM 0946/FL340/TP A20N/TB LGT CHOP OCNL MOD CHOP/RM LGT CHOP 340-360,LGT CHOP OCNL MOD CHOP,202503290900-KMSC-UBUS01-PIREP,34000.0,41.67,-73.82,2025-03-29 09:46:00,2.0,U,"('KENX', 'KOKX', 'KDIX', 'KBGM', 'KBOX')","['s3://noaa-nexrad-level2/2025/03/29/KENX/KENX20250329_094249_V06', 's3://noaa-nexrad-level2/2025/03/29/KOKX/KOKX20250329_094438_V06', 's3://noaa-nexrad-level2/2025/03/29/KDIX/KDIX20250329_094017_V06', 's3://noaa-nexrad-level2/2025/03/29/KBGM/KBGM20250329_094513_V06', 's3://noaa-nexrad-level2/2025/03/29/KBOX/KBOX20250329_094451_V06']"
111623,F,EC35,FSM UA /OV FSM/TM 0947/FL050/TP EC35/SK BASE028 TOP050/TB NEG/IC NEG/RM VIS LESS THAN 10. ZME,NEG,202503290900-KMSC-UBUS01-PIREP,5000.0,35.33658,-94.36744,2025-03-29 09:47:00,0.0,L,"('KSRX', 'KINX', 'KSGF', 'KLZK', 'KTLX')","['s3://noaa-nexrad-level2/2025/03/29/KSRX/KSRX20250329_094435_V06', 's3://noaa-nexrad-level2/2025/03/29/KINX/KINX20250329_094056_V06', 's3://noaa-nexrad-level2/2025/03/29/KSGF/KSGF20250329_094319_V06', 's3://noaa-nexrad-level2/2025/03/29/KLZK/KLZK20250329_094512_V06', 's3://noaa-nexrad-level2/2025/03/29/KTLX/KTLX20250329_094102_V06']"
111624,F,BCS3,8B0 UA /OV VLV110040/TM 0948/FL300/TP BCS3/TB LGT CHOP,LGT CHOP,202503290900-KMSC-UBUS01-PIREP,30000.0,45.621968102010015,-69.9505352215646,2025-03-29 09:48:00,1.0,U,"('KGYX', 'KCBW', 'KCXX', 'KBOX', 'KENX')","['s3://noaa-nexrad-level2/2025/03/29/KGYX/KGYX20250329_094607_V06', 's3://noaa-nexrad-level2/2025/03/29/KCBW/KCBW20250329_094640_V06', 's3://noaa-nexrad-level2/2025/03/29/KCXX/KCXX20250329_094637_V06', 's3://noaa-nexrad-level2/2025/03/29/KBOX/KBOX20250329_094451_V06', 's3://noaa-nexrad-level2/2025/03/29/KENX/KENX20250329_094720_V06']"
111625,F,B738,PJC UA /OV PJC/TM 0948/FL170/TP B738/TA M14/TB LGT MOD 140-170/IC TRACE RIME 140-170/RM ZOB,LGT MOD 140-170,202503290900-KMSC-UBUS01-PIREP,17000.0,40.8009,-80.1624,2025-03-29 09:48:00,2.0,M,"('KPBZ', 'KCLE', 'KCCX', 'KBUF', 'KRLX')","['s3://noaa-nexrad-level2/2025/03/29/KPBZ/KPBZ20250329_094519_V06', 's3://noaa-nexrad-level2/2025/03/29/KCLE/KCLE20250329_094221_V06', 's3://noaa-nexrad-level2/2025/03/29/KCCX/KCCX20250329_094339_V06', 's3://noaa-nexrad-level2/2025/03/29/KBUF/KBUF20250329_094402_V06', 's3://noaa-nexrad-level2/2025/03/29/KRLX/KRLX20250329_094246_V06']"
111626,F,E170,UCA UA /OV UCA/TM 0949/FL360/TP E170/TB CONS LGT CHOP/RM BORDERLINE MOD,CONS LGT CHOP,202503290900-KMSC-UBUS01-PIREP,36000.0,43.14511,-75.38386,2025-03-29 09:49:00,1.0,U,"('KTYX', 'KBGM', 'KENX', 'KCXX', 'KDIX')","['s3://noaa-nexrad-level2/2025/03/29/KTYX/KTYX20250329_094838_V06', 's3://noaa-nexrad-level2/2025/03/29/KBGM/KBGM20250329_094513_V06', 's3://noaa-nexrad-level2/2025/03/29/KENX/KENX20250329_094720_V06', 's3://noaa-nexrad-level2/2025/03/29/KCXX/KCXX20250329_094637_V06', 's3://noaa-nexrad-level2/2025/03/29/KDIX/KDIX20250329_094705_V06']"
111627,F,B77L,LEX UA /OV HYK/TM 0952/FL350/TP B77L/TB NEG/RM JUST SMOOTHED OUT,NEG,202503291000-KMSC-UBUS01-PIREP,35000.0,37.97,-84.47,2025-03-29 09:52:00,0.0,U,"('KJKL', 'KLVX', 'KILN', 'KMRX', 'KIND')","['s3://noaa-nexrad-level2/2025/03/29/KJKL/KJKL20250329_094953_V06', 's3://noaa-nexrad-level2/2025/03/29/KLVX/KLVX20250329_094935_V06', 's3://noaa-nexrad-level2/2025/03/29/KILN/KILN20250329_095013_V06', 's3://noaa-nexrad-level2/2025/03/29/KMRX/KMRX20250329_094909_V06', 's3://noaa-nexrad-level2/2025/03/29/KIND/KIND20250329_095056_V06']"
111628,F,A320,ITH UA /OV ITH-SYR-ALB-DNY/TM 0954/FL230/TP A320/SK TOP 230/TB CONS LGT CHOP BLO 230/RM ALL TYPES,CONS LGT CHOP BLO 230,202503290900-KMSC-UBUS01-PIREP,23000.0,42.8011089,-76.2823772,2025-03-29 09:54:00,1.0,M,"('KBGM', 'KTYX', 'KENX', 'KBUF', 'KCCX')","['s3://noaa-nexrad-level2/2025/03/29/KBGM/KBGM20250329_094942_V06', 's3://noaa-nexrad-level2/2025/03/29/KTYX/KTYX20250329_094838_V06', 's3://noaa-nexrad-level2/2025/03/29/KENX/KENX20250329_095146_V06', 's3://noaa-nexrad-level2/2025/03/29/KBUF/KBUF20250329_094934_V06', 's3://noaa-nexrad-level2/2025/03/29/KCCX/KCCX20250329_094945_V06']"
111629,F,B744,FMN UA /OV RSK/TM 0955/FL380/TP B744/TB NEG CHOP/RM ZDVWC-38,NEG CHOP,202503291000-KMSC-UBUS01-PIREP,38000.0,36.75,-108.1,2025-03-29 09:55:00,0.0,H,"('KABX', 'KGJX', 'KFSX', 'KFSX', 'KHDX')","['s3://noaa-nexrad-level2/2025/03/29/KABX/KABX20250329_095026_V06', 's3://noaa-nexrad-level2/2025/03/29/KGJX/KGJX20250329_095312_V06', 's3://noaa-nexrad-level2/2025/03/29/KFSX/KFSX20250329_094726_V06', 's3://noaa-nexrad-level2/2025/03/29/KFSX/KFSX20250329_094726_V06', 's3://noaa-nexrad-level2/2025/03/29/KHDX/KHDX20250329_095435_V06']"
111630,F,B777,LOZ UA /OV LVT360025/TM 0956/FL350/TP B777/TB CONS MOD CHOP,CONS MOD CHOP,202503291000-KMSC-UBUS01-PIREP,35000.0,36.99670041670041,-85.17,2025-03-29 09:56:00,3.0,H,"('KLVX', 'KOHX', 'KJKL', 'KMRX', 'KHPX')","['s3://noaa-nexrad-level2/2025/03/29/KLVX/KLVX20250329_094935_V06', 's3://noaa-nexrad-level2/2025/03/29/KOHX/KOHX20250329_095339_V06', 's3://noaa-nexrad-level2/2025/03/29/KJKL/KJKL20250329_094953_V06', 's3://noaa-nexrad-level2/2025/03/29/KMRX/KMRX20250329_094909_V06', 's3://noaa-nexrad-level2/2025/03/29/KHPX/KHPX20250329_095544_V06']"
111631,F,E170,SYR UA /OV SYR270020/TM 1000/FL320/TP E170/TB CONS LGT OCNL MOD/RM ZOB,CONS LGT OCNL MOD,202503291000-KMSC-UBUS01-PIREP,32000.0,43.11119,-76.5629499644307,2025-03-29 10:00:00,2.0,U,"('KBGM', 'KTYX', 'KBUF', 'KENX', 'KCCX')","['s3://noaa-nexrad-level2/2025/03/29/KBGM/KBGM20250329_095936_V06', 's3://noaa-nexrad-level2/2025/03/29/KTYX/KTYX20250329_095440_V06', 's3://noaa-nexrad-level2/2025/03/29/KBUF/KBUF20250329_095505_V06', 's3://noaa-nexrad-level2/2025/03/29/KENX/KENX20250329_095612_V06', 's3://noaa-nexrad-level2/2025/03/29/KCCX/KCCX20250329_095551_V06']"
111632,F,789,ORF UA /OV 35N057W/TM 1000/FL370/TP 789/TB MOD,MOD,202503291000-KMSC-UBUS01-PIREP,37000.0,35.0,-57.0,2025-03-29 10:00:00,3.0,U,"('KCBW', 'KBOX', 'KGYX', 'KOKX', 'KDIX')","['s3://noaa-nexrad-level2/2025/03/29/KCBW/KCBW20250329_095344_V06', 's3://noaa-nexrad-level2/2025/03/29/KBOX/KBOX20250329_095615_V06', 's3://noaa-nexrad-level2/2025/03/29/KGYX/KGYX20250329_095820_V06', 's3://noaa-nexrad-level2/2025/03/29/KOKX/KOKX20250329_095535_V06', 's3://noaa-nexrad-level2/2025/03/29/KDIX/KDIX20250329_095354_V06']"
111633,F,B737,GNV UA /OV TAY/TM 1001/FL390/TP B737/TB NEG,NEG,202503291000-KMSC-UBUS01-PIREP,39000.0,30.5,-82.55,2025-03-29 10:01:00,0.0,M,"('KVAX', 'KJAX', 'KTLH', 'KJGX', 'KCLX')","['s3://noaa-nexrad-level2/2025/03/29/KVAX/KVAX20250329_095856_V06', 's3://noaa-nexrad-level2/2025/03/29/KJAX/KJAX20250329_100021_V06', 's3://noaa-nexrad-level2/2025/03/29/KTLH/KTLH20250329_095615_V06', 's3://noaa-nexrad-level2/2025/03/29/KJGX/KJGX20250329_100048_V06']"
111634,F,E170,TVC UA /OV TVC/TM 1002/FL215/TP E170/TB CONS LGT OCNL MOD CAT BLO 215,CONS LGT OCNL MOD CAT BLO 215,202503291000-KMSC-UBUS01-PIREP,21500.0,44.74164,-85.58236,2025-03-29 10:02:00,2.0,U,"('KAPX', 'KGRR', 'KGRB', 'KMQT', 'KDTX')","['s3://noaa-nexrad-level2/2025/03/29/KAPX/KAPX20250329_100007_V06', 's3://noaa-nexrad-level2/2025/03/29/KGRR/KGRR20250329_095734_V06', 's3://noaa-nexrad-level2/2025/03/29/KGRB/KGRB20250329_095816_V06', 's3://noaa-nexrad-level2/2025/03/29/KMQT/KMQT20250329_095613_V06', 's3://noaa-nexrad-level2/2025/03/29/KDTX/KDTX20250329_100145_V06']"
111635,F,B737,LPR UA /OV DJB180020/TM 1003/FL100/TP B737/TB MOD CONS CHOP 100-130/RM ZOB,MOD CONS CHOP 100-130,202503291000-KMSC-UBUS01-PIREP,10000.0,41.02663966663967,-82.16,2025-03-29 10:03:00,3.0,M,"('KCLE', 'KPBZ', 'KDTX', 'KILN', 'KRLX')","['s3://noaa-nexrad-level2/2025/03/29/KCLE/KCLE20250329_100235_V06', 's3://noaa-nexrad-level2/2025/03/29/KPBZ/KPBZ20250329_100255_V06', 's3://noaa-nexrad-level2/2025/03/29/KDTX/KDTX20250329_100145_V06', 's3://noaa-nexrad-level2/2025/03/29/KILN/KILN20250329_095716_V06', 's3://noaa-nexrad-level2/2025/03/29/KRLX/KRLX20250329_095642_V06']"
111636,F,E145,ALB UA /OV ALB/TM 1003/FL220/TP E145/TB NEG/RM DURC OUT OF ALB,NEG,202503291000-KMSC-UBUS01-PIREP,22000.0,42.75757,-73.80361,2025-03-29 10:03:00,0.0,M,"('KENX', 'KCXX', 'KOKX', 'KTYX', 'KBGM')","['s3://noaa-nexrad-level2/2025/03/29/KENX/KENX20250329_100038_V06', 's3://noaa-nexrad-level2/2025/03/29/KCXX/KCXX20250329_095838_V06', 's3://noaa-nexrad-level2/2025/03/29/KOKX/KOKX20250329_100108_V06', 's3://noaa-nexrad-level2/2025/03/29/KTYX/KTYX20250329_100010_V06', 's3://noaa-nexrad-level2/2025/03/29/KBGM/KBGM20250329_095936_V06']"
111637,F,A321,LEX UA /OV YRK/TM 1005/FL300/TP A321/TB OCNL LGT CHOP,OCNL LGT CHOP,202503291000-KMSC-UBUS01-PIREP,30000.0,38.64,-82.98,2025-03-29 10:05:00,1.0,M,"('KJKL', 'KILN', 'KRLX', 'KMRX', 'KCLE')","['s3://noaa-nexrad-level2/2025/03/29/KJKL/KJKL20250329_100404_V06', 's3://noaa-nexrad-level2/2025/03/29/KILN/KILN20250329_100419_V06', 's3://noaa-nexrad-level2/2025/03/29/KRLX/KRLX20250329_100340_V06', 's3://noaa-nexrad-level2/2025/03/29/KMRX/KMRX20250329_100314_V06', 's3://noaa-nexrad-level2/2025/03/29/KCLE/KCLE20250329_100235_V06']"
111638,F,B752,DSV UA /OV GEE180010/TM 1006/FL370/TP B752/TB MOD TURB/RM ZOB,MOD TURB,202503291000-KMSC-UBUS01-PIREP,37000.0,42.66331983331983,-77.73,2025-03-29 10:06:00,3.0,M,"('KBUF', 'KCCX', 'KBGM', 'KTYX', 'KPBZ')","['s3://noaa-nexrad-level2/2025/03/29/KBUF/KBUF20250329_100037_V06', 's3://noaa-nexrad-level2/2025/03/29/KCCX/KCCX20250329_100157_V06', 's3://noaa-nexrad-level2/2025/03/29/KBGM/KBGM20250329_100426_V06', 's3://noaa-nexrad-level2/2025/03/29/KTYX/KTYX20250329_100527_V06', 's3://noaa-nexrad-level2/2025/03/29/KPBZ/KPBZ20250329_100255_V06']"
111639,F,A21N,DIK UA /OV DIK228066/TM 1006/FL350/TP A21N/TB MOD CHOP /ZLC,MOD CHOP,202503291000-KMSC-UBUS01-PIREP,35000.0,46.061226713408615,-103.99605825021388,2025-03-29 10:06:00,3.0,U,"('KUDX', 'KBIS', 'KGGW', 'KMBX', 'KBLX')","['s3://noaa-nexrad-level2/2025/03/29/KUDX/KUDX20250329_100246_V06', 's3://noaa-nexrad-level2/2025/03/29/KBIS/KBIS20250329_095930_V06', 's3://noaa-nexrad-level2/2025/03/29/KGGW/KGGW20250329_100332_V06', 's3://noaa-nexrad-level2/2025/03/29/KMBX/KMBX20250329_100515_V06', 's3://noaa-nexrad-level2/2025/03/29/KBLX/KBLX20250329_095813_V06']"
111640,F,B752,LEX UA /OV FLM/TM 1007/FL360/TP B752/SK SKC/TB NEG,NEG,202503291000-KMSC-UBUS01-PIREP,36000.0,38.65,-84.31,2025-03-29 10:07:00,0.0,M,"('KILN', 'KJKL', 'KLVX', 'KIND', 'KRLX')","['s3://noaa-nexrad-level2/2025/03/29/KILN/KILN20250329_100419_V06', 's3://noaa-nexrad-level2/2025/03/29/KJKL/KJKL20250329_100404_V06', 's3://noaa-nexrad-level2/2025/03/29/KLVX/KLVX20250329_100304_V06', 's3://noaa-nexrad-level2/2025/03/29/KIND/KIND20250329_100624_V06', 's3://noaa-nexrad-level2/2025/03/29/KRLX/KRLX20250329_100340_V06']"
111641,F,A306,SDF UA /OV LOUD300020/TM 1007/FL200/TP A306/TB NEG/IC NEG/RM DURC,NEG,202503291000-KMSC-UBUS01-PIREP,20000.0,38.17738097,-85.7307643,2025-03-29 10:07:00,0.0,H,"('KLVX', 'KIND', 'KVWX', 'KOHX', 'KHPX')","['s3://noaa-nexrad-level2/2025/03/29/KLVX/KLVX20250329_100304_V06', 's3://noaa-nexrad-level2/2025/03/29/KIND/KIND20250329_100624_V06', 's3://noaa-nexrad-level2/2025/03/29/KVWX/KVWX20250329_100438_V06', 's3://noaa-nexrad-level2/2025/03/29/KOHX/KOHX20250329_100153_V06', 's3://noaa-nexrad-level2/2025/03/29/KHPX/KHPX20250329_100237_V06']"
111642,F,B763,DDC UA /OV DDC/TM 1007/FL360/TP B763/TB CONT LGT -MOD/RM /ZKC FDC/AF,CONT LGT -MOD,202503291000-KMSC-UBUS01-PIREP,36000.0,37.76312,-99.96542,2025-03-29 10:07:00,2.0,H,"('KDDC', 'KVNX', 'KGLD', 'KICT', 'KUEX')","['s3://noaa-nexrad-level2/2025/03/29/KDDC/KDDC20250329_100253_V06', 's3://noaa-nexrad-level2/2025/03/29/KVNX/KVNX20250329_100310_V06', 's3://noaa-nexrad-level2/2025/03/29/KGLD/KGLD20250329_100618_V06', 's3://noaa-nexrad-level2/2025/03/29/KICT/KICT20250329_100126_V06', 's3://noaa-nexrad-level2/2025/03/29/KUEX/KUEX20250329_100536_V06']"
111643,F,B3M,LTS UA /OV LTS320005/TM 1008/FL370/TP B3M/TB LGT-MOD/RM ZFW,LGT-MOD,202503291000-KMSC-UBUS01-PIREP,37000.0,34.73091220773175,-99.3318129554743,2025-03-29 10:08:00,2.0,U,"('KFDR', 'KOUN', 'KTLX', 'KDYX', 'KVNX')","['s3://noaa-nexrad-level2/2025/03/29/KFDR/KFDR20250329_100737_V06', 's3://noaa-nexrad-level2/2025/03/29/KTLX/KTLX20250329_100207_V06', 's3://noaa-nexrad-level2/2025/03/29/KDYX/KDYX20250329_100429_V06', 's3://noaa-nexrad-level2/2025/03/29/KVNX/KVNX20250329_100310_V06']"
111644,F,E75L,OKK UA /OV OKK180030/TM 1010/FL160/TP E75L/TB MOD CHOP,MOD CHOP,202503291000-KMSC-UBUS01-PIREP,16000.0,40.0281394999595,-86.05899,2025-03-29 10:10:00,3.0,U,"('KIND', 'KIWX', 'KLVX', 'KILN', 'KVWX')","['s3://noaa-nexrad-level2/2025/03/29/KIND/KIND20250329_100624_V06', 's3://noaa-nexrad-level2/2025/03/29/KIWX/KIWX20250329_100443_V06', 's3://noaa-nexrad-level2/2025/03/29/KLVX/KLVX20250329_100948_V06', 's3://noaa-nexrad-level2/2025/03/29/KILN/KILN20250329_100419_V06', 's3://noaa-nexrad-level2/2025/03/29/KVWX/KVWX20250329_100945_V06']"
111645,F,A321,ILM UA /OV ILM190070/TM 1012/FL340/TP A321/TB CONS LGT CAT,CONS LGT CAT,202503291000-KMSC-UBUS01-PIREP,34000.0,33.120964557060034,-78.14516893397648,2025-03-29 10:12:00,1.0,M,"('KLTX', 'KMHX', 'KRAX', 'KCLX', 'KCAE')","['s3://noaa-nexrad-level2/2025/03/29/KLTX/KLTX20250329_100825_V06', 's3://noaa-nexrad-level2/2025/03/29/KMHX/KMHX20250329_100930_V06', 's3://noaa-nexrad-level2/2025/03/29/KRAX/KRAX20250329_100430_V06', 's3://noaa-nexrad-level2/2025/03/29/KCAE/KCAE20250329_100535_V06']"
111646,F,A319,PQI UA /OV PQI/TM 1014/FL380/TP A319/TB LGT 380 OCNL LGT 340,LGT 380 OCNL LGT 340,202503291000-KMSC-UBUS01-PIREP,38000.0,46.68897,-68.04481,2025-03-29 10:14:00,1.0,M,"('KCBW', 'KGYX', 'KCXX', 'KBOX', 'KENX')","['s3://noaa-nexrad-level2/2025/03/29/KCBW/KCBW20250329_100750_V06', 's3://noaa-nexrad-level2/2025/03/29/KGYX/KGYX20250329_101012_V06', 's3://noaa-nexrad-level2/2025/03/29/KCXX/KCXX20250329_101039_V06', 's3://noaa-nexrad-level2/2025/03/29/KBOX/KBOX20250329_101318_V06', 's3://noaa-nexrad-level2/2025/03/29/KENX/KENX20250329_101358_V06']"
111647,F,E145,SYR UA /OV SYR/TM 1014/FL170/TP E145/TB OCNL LGT CHOP/RM DURC,OCNL LGT CHOP,202503291000-KMSC-UBUS01-PIREP,17000.0,43.11119,-76.10631,2025-03-29 10:14:00,1.0,M,"('KTYX', 'KBGM', 'KENX', 'KBUF', 'KCCX')","['s3://noaa-nexrad-level2/2025/03/29/KTYX/KTYX20250329_101028_V06', 's3://noaa-nexrad-level2/2025/03/29/KBGM/KBGM20250329_100929_V06', 's3://noaa-nexrad-level2/2025/03/29/KENX/KENX20250329_101358_V06', 's3://noaa-nexrad-level2/2025/03/29/KBUF/KBUF20250329_101127_V06', 's3://noaa-nexrad-level2/2025/03/29/KCCX/KCCX20250329_101254_V06']"
111648,F,B738,CLT UA /OV CLT190025/TM 1016/FL170/TP B738/TB LGT CHOP/RM ZTLFD-31,LGT CHOP,202503291000-KMSC-UBUS01-PIREP,17000.0,34.81218019895001,-81.04288592911979,2025-03-29 10:16:00,1.0,M,"('KCAE', 'KGSP', 'KCLX', 'KFCX', 'KRAX')","['s3://noaa-nexrad-level2/2025/03/29/KCAE/KCAE20250329_101514_V06', 's3://noaa-nexrad-level2/2025/03/29/KGSP/KGSP20250329_101229_V06', 's3://noaa-nexrad-level2/2025/03/29/KFCX/KFCX20250329_101517_V06', 's3://noaa-nexrad-level2/2025/03/29/KRAX/KRAX20250329_101251_V06']"
111649,F,E145,EVV UA /OV EVV/TM 1016/FL050/TP E145/TB NEG/IC NEG,NEG,202503291000-KMSC-UBUS01-PIREP,5000.0,38.0441,-87.5205,2025-03-29 10:16:00,0.0,M,"('KVWX', 'KHPX', 'KLVX', 'KPAH', 'KOHX')","['s3://noaa-nexrad-level2/2025/03/29/KVWX/KVWX20250329_101427_V06', 's3://noaa-nexrad-level2/2025/03/29/KHPX/KHPX20250329_100930_V06', 's3://noaa-nexrad-level2/2025/03/29/KLVX/KLVX20250329_100948_V06', 's3://noaa-nexrad-level2/2025/03/29/KPAH/KPAH20250329_101204_V06', 's3://noaa-nexrad-level2/2025/03/29/KOHX/KOHX20250329_101008_V06']"
111650,F,E145,EVV UA /OV EVV/TM 1016/FL050/TP E145/WX HZ 100/TB NEG/IC NEG,NEG,202503291000-KMSC-UBUS01-PIREP,5000.0,38.0441,-87.5205,2025-03-29 10:16:00,0.0,M,"('KVWX', 'KHPX', 'KLVX', 'KPAH', 'KOHX')","['s3://noaa-nexrad-level2/2025/03/29/KVWX/KVWX20250329_101427_V06', 's3://noaa-nexrad-level2/2025/03/29/KHPX/KHPX20250329_100930_V06', 's3://noaa-nexrad-level2/2025/03/29/KLVX/KLVX20250329_100948_V06', 's3://noaa-nexrad-level2/2025/03/29/KPAH/KPAH20250329_101204_V06', 's3://noaa-nexrad-level2/2025/03/29/KOHX/KOHX20250329_101008_V06']"
111651,F,CRJ9,ORD UA /OV PIA-AXC/TM 1020/FL110/TP CRJ9/TB OCNL LGT CHOP 110-190/IC NEG 110-190 /RM DURC,OCNL LGT CHOP 110-190,202503291000-KMSC-UBUS01-PIREP,11000.0,40.20375,-89.27195,2025-03-29 10:20:00,1.0,U,"('KILX', 'KLOT', 'KDVN', 'KLSX', 'KVWX')","['s3://noaa-nexrad-level2/2025/03/29/KILX/KILX20250329_101921_V06', 's3://noaa-nexrad-level2/2025/03/29/KLOT/KLOT20250329_101838_V06', 's3://noaa-nexrad-level2/2025/03/29/KDVN/KDVN20250329_101321_V06', 's3://noaa-nexrad-level2/2025/03/29/KLSX/KLSX20250329_101754_V06', 's3://noaa-nexrad-level2/2025/03/29/KVWX/KVWX20250329_101922_V06']"
111652,F,A21N,ROC UA /OV ROC/TM 1021/FL290/TP A21N/TB LGT TURB 290-310/RM ZOB,LGT TURB 290-310,202503291000-KMSC-UBUS01-PIREP,29000.0,43.1167,-77.6767,2025-03-29 10:21:00,1.0,U,"('KBUF', 'KBGM', 'KTYX', 'KCCX', 'KPBZ')","['s3://noaa-nexrad-level2/2025/03/29/KBUF/KBUF20250329_101645_V06', 's3://noaa-nexrad-level2/2025/03/29/KBGM/KBGM20250329_101909_V06', 's3://noaa-nexrad-level2/2025/03/29/KTYX/KTYX20250329_102004_V06', 's3://noaa-nexrad-level2/2025/03/29/KCCX/KCCX20250329_101815_V06', 's3://noaa-nexrad-level2/2025/03/29/KPBZ/KPBZ20250329_102058_V06']"
111653,F,BCS3,ATL UA /OV ATL068033/TM 1021/FL150/TP BCS3/TB CONS LGT MOD/RM ZTLFD-49,CONS LGT MOD,202503291000-KMSC-UBUS01-PIREP,15000.0,33.83615031511918,-83.82929242982841,2025-03-29 10:21:00,2.0,U,"('KFFC', 'KJGX', 'KGSP', 'KMXX', 'KMRX')","['s3://noaa-nexrad-level2/2025/03/29/KFFC/KFFC20250329_102047_V06', 's3://noaa-nexrad-level2/2025/03/29/KJGX/KJGX20250329_102056_V06', 's3://noaa-nexrad-level2/2025/03/29/KGSP/KGSP20250329_102057_V06', 's3://noaa-nexrad-level2/2025/03/29/KMXX/KMXX20250329_101851_V06', 's3://noaa-nexrad-level2/2025/03/29/KMRX/KMRX20250329_101720_V06']"
111654,F,CRJ9,MLI UA /OV MZV/TM 1022/FL260/TP CRJ9/SK SCT TOP 060/TB NEG 000-150/IC NEG 000-150/RM DURC,NEG 000-150,202503291000-KMSC-UBUS01-PIREP,26000.0,41.32,-90.64,2025-03-29 10:22:00,0.0,U,"('KDVN', 'KILX', 'KARX', 'KLOT', 'KLSX')","['s3://noaa-nexrad-level2/2025/03/29/KDVN/KDVN20250329_102005_V06', 's3://noaa-nexrad-level2/2025/03/29/KILX/KILX20250329_101921_V06', 's3://noaa-nexrad-level2/2025/03/29/KARX/KARX20250329_101854_V06', 's3://noaa-nexrad-level2/2025/03/29/KLOT/KLOT20250329_101838_V06', 's3://noaa-nexrad-level2/2025/03/29/KLSX/KLSX20250329_101754_V06']"
111655,F,B738,CYS UA /OV CYS/TM 1022/FL390/TP B738/TB NEG/RM ZDVWC-34,NEG,202503291000-KMSC-UBUS01-PIREP,39000.0,41.15564,-104.81047,2025-03-29 10:22:00,0.0,M,"('KCYS', 'KFTG', 'KPUX', 'KUDX', 'KGLD')","['s3://noaa-nexrad-level2/2025/03/29/KCYS/KCYS20250329_101952_V06', 's3://noaa-nexrad-level2/2025/03/29/KFTG/KFTG20250329_101727_V06', 's3://noaa-nexrad-level2/2025/03/29/KPUX/KPUX20250329_101853_V06', 's3://noaa-nexrad-level2/2025/03/29/KUDX/KUDX20250329_101851_V06', 's3://noaa-nexrad-level2/2025/03/29/KGLD/KGLD20250329_101948_V06']"
111656,F,763,LBL UA /OV LBL095035/TM 1022/FL380/TP 763/TB CONT LGT/RM /ZKC FDC/AF,CONT LGT,202503291000-KMSC-UBUS01-PIREP,38000.0,36.9933750319509,-100.23174435903468,2025-03-29 10:22:00,1.0,U,"('KDDC', 'KVNX', 'KAMA', 'KGLD', 'KICT')","['s3://noaa-nexrad-level2/2025/03/29/KDDC/KDDC20250329_101925_V06', 's3://noaa-nexrad-level2/2025/03/29/KVNX/KVNX20250329_101715_V06', 's3://noaa-nexrad-level2/2025/03/29/KAMA/KAMA20250329_101642_V06', 's3://noaa-nexrad-level2/2025/03/29/KGLD/KGLD20250329_101948_V06', 's3://noaa-nexrad-level2/2025/03/29/KICT/KICT20250329_101811_V06']"
111657,F,A321,JAN UA /OV HEZ045040/TM 1023/FL360/TP A321/TB CONS MOD/RM ZME,CONS MOD,202503291000-KMSC-UBUS01-PIREP,36000.0,32.0851027045954,-90.74374487849346,2025-03-29 10:23:00,3.0,M,"('KDGX', 'KHDC', 'KLIX', 'KPOE', 'KMOB')","['s3://noaa-nexrad-level2/2025/03/29/KDGX/KDGX20250329_102141_V06', 's3://noaa-nexrad-level2/2025/03/29/KHDC/KHDC20250329_102026_V06', 's3://noaa-nexrad-level2/2025/03/29/KPOE/KPOE20250329_102213_V06', 's3://noaa-nexrad-level2/2025/03/29/KMOB/KMOB20250329_102105_V06']"
111658,F,B752,GAG UA /OV MMB040035/TM 1023/FL380/TP B752/TB OCNL LGT-MOD/RM /ZKC FDC/AF,OCNL LGT-MOD,202503291000-KMSC-UBUS01-PIREP,38000.0,36.78689545412221,-99.41447184486806,2025-03-29 10:23:00,2.0,M,"('KDDC', 'KVNX', 'KICT', 'KFDR', 'KOUN')","['s3://noaa-nexrad-level2/2025/03/29/KDDC/KDDC20250329_101925_V06', 's3://noaa-nexrad-level2/2025/03/29/KVNX/KVNX20250329_101715_V06', 's3://noaa-nexrad-level2/2025/03/29/KICT/KICT20250329_101811_V06', 's3://noaa-nexrad-level2/2025/03/29/KFDR/KFDR20250329_102154_V06']"
111659,F,E170,ZZV UA /OV ZZV/TM 1023/FL190/TP E170/TA M17/TB LGT CHOP 120-180/IC LGT RIME 180,LGT CHOP 120-180,202503291000-KMSC-UBUS01-PIREP,19000.0,39.94445,-81.89209,2025-03-29 10:23:00,1.0,U,"('KCLE', 'KRLX', 'KPBZ', 'KILN', 'KJKL')","['s3://noaa-nexrad-level2/2025/03/29/KCLE/KCLE20250329_101714_V06', 's3://noaa-nexrad-level2/2025/03/29/KRLX/KRLX20250329_101734_V06', 's3://noaa-nexrad-level2/2025/03/29/KPBZ/KPBZ20250329_102058_V06', 's3://noaa-nexrad-level2/2025/03/29/KILN/KILN20250329_101825_V06', 's3://noaa-nexrad-level2/2025/03/29/KJKL/KJKL20250329_101813_V06']"
111660,F,ALL,POU UA /OV IGN/TM 1025/FL340/TP ALL/TB LGT-MOD CHOP ABV 330/RM LGT CHOP 280-320,LGT-MOD CHOP ABV 330,202503291000-KMSC-UBUS01-PIREP,34000.0,41.67,-73.82,2025-03-29 10:25:00,2.0,L,"('KENX', 'KOKX', 'KDIX', 'KBGM', 'KBOX')","['s3://noaa-nexrad-level2/2025/03/29/KENX/KENX20250329_102250_V06', 's3://noaa-nexrad-level2/2025/03/29/KOKX/KOKX20250329_102236_V06', 's3://noaa-nexrad-level2/2025/03/29/KDIX/KDIX20250329_102110_V06', 's3://noaa-nexrad-level2/2025/03/29/KBGM/KBGM20250329_102359_V06', 's3://noaa-nexrad-level2/2025/03/29/KBOX/KBOX20250329_101916_V06']"
111661,F,B712,LOZ UA /OV AZQ/TM 1025/FL240/TP B712/TB NEG/IC NEG,NEG,202503291000-KMSC-UBUS01-PIREP,24000.0,37.39,-83.26,2025-03-29 10:25:00,0.0,M,"('KJKL', 'KMRX', 'KRLX', 'KILN', 'KGSP')","['s3://noaa-nexrad-level2/2025/03/29/KJKL/KJKL20250329_101813_V06', 's3://noaa-nexrad-level2/2025/03/29/KMRX/KMRX20250329_102422_V06', 's3://noaa-nexrad-level2/2025/03/29/KRLX/KRLX20250329_101734_V06', 's3://noaa-nexrad-level2/2025/03/29/KILN/KILN20250329_101825_V06', 's3://noaa-nexrad-level2/2025/03/29/KGSP/KGSP20250329_102057_V06']"
111662,F,A321,CEW UA /OV CEW165017/TM 1028/FL340/TP A321/TB CONS LGT,CONS LGT,202503291000-KMSC-UBUS01-PIREP,34000.0,30.506298847864883,-86.4346377496244,2025-03-29 10:28:00,1.0,M,"('KEVX', 'KEOX', 'KMOB', 'KTLH', 'KMXX')","['s3://noaa-nexrad-level2/2025/03/29/KEVX/KEVX20250329_102333_V06', 's3://noaa-nexrad-level2/2025/03/29/KEOX/KEOX20250329_102346_V06', 's3://noaa-nexrad-level2/2025/03/29/KMOB/KMOB20250329_102748_V06', 's3://noaa-nexrad-level2/2025/03/29/KTLH/KTLH20250329_102307_V06', 's3://noaa-nexrad-level2/2025/03/29/KMXX/KMXX20250329_102444_V06']"
111663,F,B737,JST UA /OV JST360025/TM 1031/FL360/TP B737/TB MOD CHOP 360-380/RM FL400 IS SMOOTH ZOB,MOD CHOP 360-380,202503291000-KMSC-UBUS01-PIREP,36000.0,40.73281041670042,-78.83394,2025-03-29 10:31:00,3.0,M,"('KCCX', 'KPBZ', 'KLWX', 'KBUF', 'KCLE')","['s3://noaa-nexrad-level2/2025/03/29/KCCX/KCCX20250329_102859_V06', 's3://noaa-nexrad-level2/2025/03/29/KPBZ/KPBZ20250329_102952_V06', 's3://noaa-nexrad-level2/2025/03/29/KLWX/KLWX20250329_103014_V06', 's3://noaa-nexrad-level2/2025/03/29/KBUF/KBUF20250329_102721_V06', 's3://noaa-nexrad-level2/2025/03/29/KCLE/KCLE20250329_103045_V06']"
111664,F,B737,DSM UA /OV DSM100025/TM 1032/FL310/TP B737/TB CONS LGT CHOP,CONS LGT CHOP,202503291000-KMSC-UBUS01-PIREP,31000.0,41.46159073200692,-93.1049038660882,2025-03-29 10:32:00,1.0,M,"('KDMX', 'KDVN', 'KEAX', 'KARX', 'KOAX')","['s3://noaa-nexrad-level2/2025/03/29/KDMX/KDMX20250329_103140_V06', 's3://noaa-nexrad-level2/2025/03/29/KDVN/KDVN20250329_102649_V06', 's3://noaa-nexrad-level2/2025/03/29/KEAX/KEAX20250329_102921_V06', 's3://noaa-nexrad-level2/2025/03/29/KARX/KARX20250329_103146_V06', 's3://noaa-nexrad-level2/2025/03/29/KOAX/KOAX20250329_102958_V06']"
111665,F,B737,LOZ UA /OV LVT360025/TM 1033/FL360/TP B737/TB MOD CHOP,MOD CHOP,202503291000-KMSC-UBUS01-PIREP,36000.0,36.99670041670041,-85.17,2025-03-29 10:33:00,3.0,M,"('KLVX', 'KOHX', 'KJKL', 'KMRX', 'KHPX')","['s3://noaa-nexrad-level2/2025/03/29/KLVX/KLVX20250329_103207_V06', 's3://noaa-nexrad-level2/2025/03/29/KOHX/KOHX20250329_102900_V06', 's3://noaa-nexrad-level2/2025/03/29/KJKL/KJKL20250329_103202_V06', 's3://noaa-nexrad-level2/2025/03/29/KMRX/KMRX20250329_103124_V06', 's3://noaa-nexrad-level2/2025/03/29/KHPX/KHPX20250329_103008_V06']"
111666,F,B737,PKB UA /OV PKB/TM 1033/FL400/TP B737/TB LGT CONS CHOP,LGT CONS CHOP,202503291000-KMSC-UBUS01-PIREP,40000.0,39.33948267,-81.44378792,2025-03-29 10:33:00,1.0,M,"('KRLX', 'KPBZ', 'KCLE', 'KILN', 'KJKL')","['s3://noaa-nexrad-level2/2025/03/29/KRLX/KRLX20250329_103245_V06', 's3://noaa-nexrad-level2/2025/03/29/KPBZ/KPBZ20250329_102952_V06', 's3://noaa-nexrad-level2/2025/03/29/KCLE/KCLE20250329_103045_V06', 's3://noaa-nexrad-level2/2025/03/29/KILN/KILN20250329_103213_V06', 's3://noaa-nexrad-level2/2025/03/29/KJKL/KJKL20250329_103202_V06']"
111667,F,B737,LEX UA /OV YRK035035/TM 1034/FL230/TP B737/TB CONS LGT CHOP 110-230,CONS LGT CHOP 110-230,202503291000-KMSC-UBUS01-PIREP,23000.0,39.11787739747471,-82.5516042800541,2025-03-29 10:34:00,1.0,M,"('KRLX', 'KILN', 'KJKL', 'KCLE', 'KPBZ')","['s3://noaa-nexrad-level2/2025/03/29/KRLX/KRLX20250329_103245_V06', 's3://noaa-nexrad-level2/2025/03/29/KILN/KILN20250329_103213_V06', 's3://noaa-nexrad-level2/2025/03/29/KJKL/KJKL20250329_103202_V06', 's3://noaa-nexrad-level2/2025/03/29/KCLE/KCLE20250329_103045_V06', 's3://noaa-nexrad-level2/2025/03/29/KPBZ/KPBZ20250329_102952_V06']"
111668,F,E145,AOO UA /OV AOO/TM 1035/FL160/TP E145/TA M17/TB LGT MOD CHOP 160-180/IC LGT RIME 160-180/RM ZOB,LGT MOD CHOP 160-180,202503291000-KMSC-UBUS01-PIREP,16000.0,40.29636,-78.32003,2025-03-29 10:35:00,2.0,M,"('KCCX', 'KLWX', 'KPBZ', 'KBUF', 'KBGM')","['s3://noaa-nexrad-level2/2025/03/29/KCCX/KCCX20250329_103451_V06', 's3://noaa-nexrad-level2/2025/03/29/KLWX/KLWX20250329_103014_V06', 's3://noaa-nexrad-level2/2025/03/29/KPBZ/KPBZ20250329_103411_V06', 's3://noaa-nexrad-level2/2025/03/29/KBUF/KBUF20250329_103239_V06', 's3://noaa-nexrad-level2/2025/03/29/KBGM/KBGM20250329_103309_V06']"
111669,F,A21N,ALB UA /OV ALB320040/TM 1037/FL320/TP A21N/TB LGT CHOP 320,LGT CHOP 320,202503291000-KMSC-UBUS01-PIREP,32000.0,43.268307661853946,-74.38729377530292,2025-03-29 10:37:00,1.0,U,"('KENX', 'KTYX', 'KCXX', 'KBGM', 'KOKX')","['s3://noaa-nexrad-level2/2025/03/29/KENX/KENX20250329_103308_V06', 's3://noaa-nexrad-level2/2025/03/29/KTYX/KTYX20250329_103427_V06', 's3://noaa-nexrad-level2/2025/03/29/KCXX/KCXX20250329_103436_V06', 's3://noaa-nexrad-level2/2025/03/29/KBGM/KBGM20250329_103309_V06', 's3://noaa-nexrad-level2/2025/03/29/KOKX/KOKX20250329_103314_V06']"
111670,F,B737,FSM UA /OV FSM/TM 1037/FL380/TP B737/TB OCNL LGT CHOP 3880/RM ZME,OCNL LGT CHOP 3880,202503291000-KMSC-UBUS01-PIREP,38000.0,35.33658,-94.36744,2025-03-29 10:37:00,1.0,M,"('KSRX', 'KINX', 'KSGF', 'KLZK', 'KTLX')","['s3://noaa-nexrad-level2/2025/03/29/KSRX/KSRX20250329_103653_V06', 's3://noaa-nexrad-level2/2025/03/29/KINX/KINX20250329_103316_V06', 's3://noaa-nexrad-level2/2025/03/29/KSGF/KSGF20250329_103221_V06', 's3://noaa-nexrad-level2/2025/03/29/KLZK/KLZK20250329_103607_V06', 's3://noaa-nexrad-level2/2025/03/29/KTLX/KTLX20250329_103015_V06']"
111671,F,B738,RST UA /OV RST/TM 1038/FL370/TP B738/SK TOPUNKN/TB LGT CHOP,LGT CHOP,202503291000-KMSC-UBUS01-PIREP,37000.0,43.9041,-92.4916,2025-03-29 10:38:00,1.0,M,"('KARX', 'KMPX', 'KDMX', 'KDLH', 'KDVN')","['s3://noaa-nexrad-level2/2025/03/29/KARX/KARX20250329_103556_V06', 's3://noaa-nexrad-level2/2025/03/29/KMPX/KMPX20250329_103447_V06', 's3://noaa-nexrad-level2/2025/03/29/KDMX/KDMX20250329_103613_V06', 's3://noaa-nexrad-level2/2025/03/29/KDLH/KDLH20250329_103728_V06', 's3://noaa-nexrad-level2/2025/03/29/KDVN/KDVN20250329_103332_V06']"
111672,F,B737,HUF UA /OV TTH/TM 1039/FL230/TP B737/TB LGT CHOP/IC NEG/RM DURC,LGT CHOP,202503291000-KMSC-UBUS01-PIREP,23000.0,39.49,-87.25,2025-03-29 10:39:00,1.0,M,"('KIND', 'KVWX', 'KLVX', 'KILX', 'KLOT')","['s3://noaa-nexrad-level2/2025/03/29/KIND/KIND20250329_103619_V06', 's3://noaa-nexrad-level2/2025/03/29/KVWX/KVWX20250329_103424_V06', 's3://noaa-nexrad-level2/2025/03/29/KLVX/KLVX20250329_103629_V06', 's3://noaa-nexrad-level2/2025/03/29/KILX/KILX20250329_103658_V06', 's3://noaa-nexrad-level2/2025/03/29/KLOT/KLOT20250329_103237_V06']"
111673,F,E75L,MIE UA /OV MIE/TM 1039/FL190/TP E75L/TB CONS LGT CHOP 080-190,CONS LGT CHOP 080-190,202503291000-KMSC-UBUS01-PIREP,19000.0,40.24247,-85.39575,2025-03-29 10:39:00,1.0,U,"('KIND', 'KIWX', 'KILN', 'KLVX', 'KGRR')","['s3://noaa-nexrad-level2/2025/03/29/KIND/KIND20250329_103619_V06', 's3://noaa-nexrad-level2/2025/03/29/KIWX/KIWX20250329_103216_V06', 's3://noaa-nexrad-level2/2025/03/29/KILN/KILN20250329_103857_V06', 's3://noaa-nexrad-level2/2025/03/29/KLVX/KLVX20250329_103629_V06', 's3://noaa-nexrad-level2/2025/03/29/KGRR/KGRR20250329_103459_V06']"
111674,F,E170,TYS UA /OV VXV320040/TM 1040/FL290/TP E170/TB CONS LGT CHOP/RM DESCENDED TO 270 AND SAID BETTER ZTLFD-37,CONS LGT CHOP,202503291000-KMSC-UBUS01-PIREP,29000.0,36.41073766185394,-84.41905895486329,2025-03-29 10:40:00,1.0,U,"('KMRX', 'KJKL', 'KOHX', 'KLVX', 'KHTX')","['s3://noaa-nexrad-level2/2025/03/29/KMRX/KMRX20250329_103825_V06', 's3://noaa-nexrad-level2/2025/03/29/KJKL/KJKL20250329_103909_V06', 's3://noaa-nexrad-level2/2025/03/29/KOHX/KOHX20250329_103937_V06', 's3://noaa-nexrad-level2/2025/03/29/KLVX/KLVX20250329_103629_V06', 's3://noaa-nexrad-level2/2025/03/29/KHTX/KHTX20250329_103719_V06']"
111675,F,B757,BGM UA /OV RKA/TM 1041/FL150/TP B757/TB NEG,NEG,202503291000-KMSC-UBUS01-PIREP,15000.0,42.47,-75.24,2025-03-29 10:41:00,0.0,M,"('KBGM', 'KENX', 'KTYX', 'KDIX', 'KOKX')","['s3://noaa-nexrad-level2/2025/03/29/KBGM/KBGM20250329_103743_V06', 's3://noaa-nexrad-level2/2025/03/29/KENX/KENX20250329_103746_V06', 's3://noaa-nexrad-level2/2025/03/29/KTYX/KTYX20250329_103915_V06', 's3://noaa-nexrad-level2/2025/03/29/KDIX/KDIX20250329_103440_V06', 's3://noaa-nexrad-level2/2025/03/29/KOKX/KOKX20250329_103314_V06']"
111676,F,B737,CMH UA /OV APE180025/TM 1043/FL400/TP B737/TB NEG,NEG,202503291000-KMSC-UBUS01-PIREP,40000.0,39.73329958329958,-82.59,2025-03-29 10:43:00,0.0,M,"('KILN', 'KRLX', 'KCLE', 'KJKL', 'KPBZ')","['s3://noaa-nexrad-level2/2025/03/29/KILN/KILN20250329_103857_V06', 's3://noaa-nexrad-level2/2025/03/29/KRLX/KRLX20250329_103943_V06', 's3://noaa-nexrad-level2/2025/03/29/KCLE/KCLE20250329_103731_V06', 's3://noaa-nexrad-level2/2025/03/29/KJKL/KJKL20250329_103909_V06', 's3://noaa-nexrad-level2/2025/03/29/KPBZ/KPBZ20250329_103830_V06']"
111677,F,A321,HKY UA /OV IRQ250025/TM 1043/FL280/TP A321/TB CONS LGT CHOP/RM ZTLFD-20,CONS LGT CHOP,202503291100-KMSC-UBUS01-PIREP,28000.0,33.56748006375626,-82.63071813925126,2025-03-29 10:43:00,1.0,M,"('KJGX', 'KGSP', 'KCAE', 'KCLX', 'KFFC')","['s3://noaa-nexrad-level2/2025/03/29/KJGX/KJGX20250329_104105_V06', 's3://noaa-nexrad-level2/2025/03/29/KGSP/KGSP20250329_103740_V06', 's3://noaa-nexrad-level2/2025/03/29/KCAE/KCAE20250329_103431_V06', 's3://noaa-nexrad-level2/2025/03/29/KFFC/KFFC20250329_104055_V06']"
111678,F,C68A,AGC UA /OV AGC240010/TM 1044/FL170/TP C68A/TA 01/TB LGT CHOP/IC LGT RIME/RM ZOB,LGT CHOP,202503291000-KMSC-UBUS01-PIREP,17000.0,40.27137991665992,-80.11109222644995,2025-03-29 10:44:00,1.0,U,"('KPBZ', 'KCLE', 'KCCX', 'KRLX', 'KLWX')","['s3://noaa-nexrad-level2/2025/03/29/KPBZ/KPBZ20250329_104304_V06', 's3://noaa-nexrad-level2/2025/03/29/KCLE/KCLE20250329_103731_V06', 's3://noaa-nexrad-level2/2025/03/29/KCCX/KCCX20250329_104027_V06', 's3://noaa-nexrad-level2/2025/03/29/KRLX/KRLX20250329_103943_V06', 's3://noaa-nexrad-level2/2025/03/29/KLWX/KLWX20250329_104341_V06']"
111679,F,B737,BAF UA /OV CTR/TM 1044/FL210/TP B737/TB NEG/RM DURC SMOOTH ALL THE WAY UP,NEG,202503291000-KMSC-UBUS01-PIREP,21000.0,42.29,-72.95,2025-03-29 10:44:00,0.0,M,"('KENX', 'KOKX', 'KBOX', 'KCXX', 'KDIX')","['s3://noaa-nexrad-level2/2025/03/29/KENX/KENX20250329_104213_V06', 's3://noaa-nexrad-level2/2025/03/29/KOKX/KOKX20250329_104146_V06', 's3://noaa-nexrad-level2/2025/03/29/KBOX/KBOX20250329_104025_V06', 's3://noaa-nexrad-level2/2025/03/29/KCXX/KCXX20250329_104037_V06', 's3://noaa-nexrad-level2/2025/03/29/KDIX/KDIX20250329_104125_V06']"
111680,F,CRJ9,PNS UA /OV PNS170006/TM 1045/FL030/TP CRJ9/WX VIS > 10SM/TB NEG TURB/RM DURC,NEG TURB,202503291000-KMSC-UBUS01-PIREP,3000.0,30.379571247748004,-87.16678944087032,2025-03-29 10:45:00,0.0,U,"('KMOB', 'KEVX', 'KEOX', 'KMXX', 'KLIX')","['s3://noaa-nexrad-level2/2025/03/29/KMOB/KMOB20250329_104141_V06', 's3://noaa-nexrad-level2/2025/03/29/KEVX/KEVX20250329_103957_V06', 's3://noaa-nexrad-level2/2025/03/29/KEOX/KEOX20250329_104403_V06', 's3://noaa-nexrad-level2/2025/03/29/KMXX/KMXX20250329_104056_V06']"
111681,F,B738,TYS UA /OV VXV360015/TM 1046/FL380/TP B738/TB OCNL LGT CHOP/RM ZTLFD-40,OCNL LGT CHOP,202503291100-KMSC-UBUS01-PIREP,38000.0,36.15002025002025,-83.89,2025-03-29 10:46:00,1.0,M,"('KMRX', 'KJKL', 'KGSP', 'KHTX', 'KOHX')","['s3://noaa-nexrad-level2/2025/03/29/KMRX/KMRX20250329_104527_V06', 's3://noaa-nexrad-level2/2025/03/29/KJKL/KJKL20250329_104555_V06', 's3://noaa-nexrad-level2/2025/03/29/KGSP/KGSP20250329_103740_V06', 's3://noaa-nexrad-level2/2025/03/29/KHTX/KHTX20250329_104204_V06', 's3://noaa-nexrad-level2/2025/03/29/KOHX/KOHX20250329_104454_V06']"
111682,F,C550,GLH UA /OV GLH360030/TM 1047/FL370/TP C550/TB CONS MOD/RM ZME,CONS MOD,202503291000-KMSC-UBUS01-PIREP,37000.0,33.9829205000405,-90.98561,2025-03-29 10:47:00,3.0,L,"('KLZK', 'KNQA', 'KDGX', 'KGWX', 'KSHV')","['s3://noaa-nexrad-level2/2025/03/29/KLZK/KLZK20250329_104658_V06', 's3://noaa-nexrad-level2/2025/03/29/KNQA/KNQA20250329_104534_V06', 's3://noaa-nexrad-level2/2025/03/29/KDGX/KDGX20250329_104344_V06', 's3://noaa-nexrad-level2/2025/03/29/KGWX/KGWX20250329_104102_V06', 's3://noaa-nexrad-level2/2025/03/29/KSHV/KSHV20250329_104229_V06']"
111683,F,B737,RID UA /OV RID090010/TM 1047/FL250/TP B737/TB LGT CHOP,LGT CHOP,202503291000-KMSC-UBUS01-PIREP,25000.0,39.7572,-84.62598350644518,2025-03-29 10:47:00,1.0,M,"('KILN', 'KIND', 'KIWX', 'KLVX', 'KJKL')","['s3://noaa-nexrad-level2/2025/03/29/KILN/KILN20250329_104542_V06', 's3://noaa-nexrad-level2/2025/03/29/KIND/KIND20250329_104519_V06', 's3://noaa-nexrad-level2/2025/03/29/KIWX/KIWX20250329_104602_V06', 's3://noaa-nexrad-level2/2025/03/29/KLVX/KLVX20250329_104513_V06', 's3://noaa-nexrad-level2/2025/03/29/KJKL/KJKL20250329_104555_V06']"
111684,F,A320,CVG UA /OV CVG035010/TM 1048/FL300/TP A320/TB OCNL LGT CHOP,OCNL LGT CHOP,202503291000-KMSC-UBUS01-PIREP,30000.0,39.17959639927849,-84.54857592735615,2025-03-29 10:48:00,1.0,M,"('KILN', 'KIND', 'KLVX', 'KJKL', 'KIWX')","['s3://noaa-nexrad-level2/2025/03/29/KILN/KILN20250329_104542_V06', 's3://noaa-nexrad-level2/2025/03/29/KIND/KIND20250329_104519_V06', 's3://noaa-nexrad-level2/2025/03/29/KLVX/KLVX20250329_104513_V06', 's3://noaa-nexrad-level2/2025/03/29/KJKL/KJKL20250329_104555_V06', 's3://noaa-nexrad-level2/2025/03/29/KIWX/KIWX20250329_104602_V06']"
111685,F,B737,CSV UA /OV HCH180000/TM 1048/FL360/TP B737/TB CONS LGT CHOP/RM ZTLFD-40,CONS LGT CHOP,202503291100-KMSC-UBUS01-PIREP,36000.0,35.78,-84.98,2025-03-29 10:48:00,1.0,M,"('KHTX', 'KMRX', 'KOHX', 'KLVX', 'KFFC')","['s3://noaa-nexrad-level2/2025/03/29/KHTX/KHTX20250329_104732_V06', 's3://noaa-nexrad-level2/2025/03/29/KMRX/KMRX20250329_104527_V06', 's3://noaa-nexrad-level2/2025/03/29/KOHX/KOHX20250329_104454_V06', 's3://noaa-nexrad-level2/2025/03/29/KLVX/KLVX20250329_104513_V06', 's3://noaa-nexrad-level2/2025/03/29/KFFC/KFFC20250329_104737_V06']"
111686,F,A339,PASY UA /OV SYA256425/TM 1049/FL370/TP A339/TB OCNL LGT/RM ZAN,OCNL LGT,202503291000-KMSC-UBUS01-PIREP,37000.0,50.99624777000928,162.76479933876954,2025-03-29 10:49:00,1.0,U,"('RKSG', 'RKJK', 'PGUA', 'RODN', 'LPLA')","['s3://noaa-nexrad-level2/2025/03/29/RKSG/RKSG20250329_104222_V06', 's3://noaa-nexrad-level2/2025/03/29/RKJK/RKJK20250329_104623_V06', 's3://noaa-nexrad-level2/2025/03/29/PGUA/PGUA20250329_104808_V06']"
111687,F,B738,IOW UA /OV IOW/TM 1050/FL110/TP B738/TB NEG FL110-190/IC NG FL110-190/RM DURC,NEG FL110-190,202503291000-KMSC-UBUS01-PIREP,11000.0,41.63939,-91.544535,2025-03-29 10:50:00,0.0,M,"('KDVN', 'KDMX', 'KARX', 'KILX', 'KLSX')","['s3://noaa-nexrad-level2/2025/03/29/KDVN/KDVN20250329_104700_V06', 's3://noaa-nexrad-level2/2025/03/29/KDMX/KDMX20250329_104951_V06', 's3://noaa-nexrad-level2/2025/03/29/KARX/KARX20250329_104857_V06', 's3://noaa-nexrad-level2/2025/03/29/KILX/KILX20250329_104542_V06', 's3://noaa-nexrad-level2/2025/03/29/KLSX/KLSX20250329_104457_V06']"
111688,F,B712,DSM UA /OV DSM140030/TM 1050/FL110/TP B712/TB NEG FL110-190/IC NEG FL110-190/RM DURC,NEG FL110-190,202503291000-KMSC-UBUS01-PIREP,11000.0,41.15089675360954,-93.22373149706344,2025-03-29 10:50:00,0.0,M,"('KDMX', 'KEAX', 'KDVN', 'KOAX', 'KARX')","['s3://noaa-nexrad-level2/2025/03/29/KDMX/KDMX20250329_104951_V06', 's3://noaa-nexrad-level2/2025/03/29/KEAX/KEAX20250329_104720_V06', 's3://noaa-nexrad-level2/2025/03/29/KDVN/KDVN20250329_104700_V06', 's3://noaa-nexrad-level2/2025/03/29/KOAX/KOAX20250329_104613_V06', 's3://noaa-nexrad-level2/2025/03/29/KARX/KARX20250329_104857_V06']"
111689,F,B737,CRW UA /OV HVQ/TM 1050/FL260/TP B737/TB LGT CHOP,LGT CHOP,202503291000-KMSC-UBUS01-PIREP,26000.0,38.35,-81.77,2025-03-29 10:50:00,1.0,M,"('KRLX', 'KJKL', 'KFCX', 'KILN', 'KPBZ')","['s3://noaa-nexrad-level2/2025/03/29/KRLX/KRLX20250329_104641_V06', 's3://noaa-nexrad-level2/2025/03/29/KJKL/KJKL20250329_104555_V06', 's3://noaa-nexrad-level2/2025/03/29/KFCX/KFCX20250329_104951_V06', 's3://noaa-nexrad-level2/2025/03/29/KILN/KILN20250329_104542_V06', 's3://noaa-nexrad-level2/2025/03/29/KPBZ/KPBZ20250329_104719_V06']"
111690,F,B737,LOZ UA /OV LVT180030/TM 1050/FL380/TP B737/TB OCNL LGT CHOP,OCNL LGT CHOP,202503291000-KMSC-UBUS01-PIREP,38000.0,36.0799594999595,-85.17,2025-03-29 10:50:00,1.0,M,"('KOHX', 'KHTX', 'KMRX', 'KLVX', 'KHPX')","['s3://noaa-nexrad-level2/2025/03/29/KOHX/KOHX20250329_104454_V06', 's3://noaa-nexrad-level2/2025/03/29/KHTX/KHTX20250329_104732_V06', 's3://noaa-nexrad-level2/2025/03/29/KMRX/KMRX20250329_104527_V06', 's3://noaa-nexrad-level2/2025/03/29/KLVX/KLVX20250329_104935_V06', 's3://noaa-nexrad-level2/2025/03/29/KHPX/KHPX20250329_104353_V06']"
111691,F,B738,ONL UA /OV ONL330030/TM 1052/FL390/TP B738/TB NEG,NEG,202503291000-KMSC-UBUS01-PIREP,39000.0,42.90276777595615,-99.02700879748664,2025-03-29 10:52:00,0.0,M,"('KLNX', 'KFSD', 'KABR', 'KUEX', 'KOAX')","['s3://noaa-nexrad-level2/2025/03/29/KLNX/KLNX20250329_104808_V06', 's3://noaa-nexrad-level2/2025/03/29/KFSD/KFSD20250329_105002_V06', 's3://noaa-nexrad-level2/2025/03/29/KABR/KABR20250329_104755_V06', 's3://noaa-nexrad-level2/2025/03/29/KUEX/KUEX20250329_105143_V06', 's3://noaa-nexrad-level2/2025/03/29/KOAX/KOAX20250329_105014_V06']"
111692,F,B77W,PQI UA /OV PQI/TM 1052/FL360/TP B77W/TB NEG,NEG,202503291100-KMSC-UBUS01-PIREP,36000.0,46.68897,-68.04481,2025-03-29 10:52:00,0.0,U,"('KCBW', 'KGYX', 'KCXX', 'KBOX', 'KENX')","['s3://noaa-nexrad-level2/2025/03/29/KCBW/KCBW20250329_105008_V06', 's3://noaa-nexrad-level2/2025/03/29/KGYX/KGYX20250329_104640_V06', 's3://noaa-nexrad-level2/2025/03/29/KCXX/KCXX20250329_105154_V06', 's3://noaa-nexrad-level2/2025/03/29/KBOX/KBOX20250329_104955_V06', 's3://noaa-nexrad-level2/2025/03/29/KENX/KENX20250329_105128_V06']"
111693,F,B737,DAY UA /OV ROD110010/TM 1053/FL200/TP B737/TB LGT CHOP,LGT CHOP,202503291000-KMSC-UBUS01-PIREP,20000.0,40.2329920255025,-83.83466179580711,2025-03-29 10:53:00,1.0,M,"('KILN', 'KIWX', 'KCLE', 'KDTX', 'KIND')","['s3://noaa-nexrad-level2/2025/03/29/KILN/KILN20250329_105226_V06', 's3://noaa-nexrad-level2/2025/03/29/KIWX/KIWX20250329_104602_V06', 's3://noaa-nexrad-level2/2025/03/29/KCLE/KCLE20250329_105100_V06', 's3://noaa-nexrad-level2/2025/03/29/KDTX/KDTX20250329_105133_V06', 's3://noaa-nexrad-level2/2025/03/29/KIND/KIND20250329_104943_V06']"
111694,F,A21N,MBPV UA /OV PVN045032/TM 1053/FL340/TP A21N/TB NEG,NEG,202503291000-KMSC-UBUS01-PIREP,34000.0,22.14715416367632,-71.85388152664176,2025-03-29 10:53:00,0.0,U,"('KAMX', 'KAMX', 'KBYX', 'KMLB', 'KTBW')","['s3://noaa-nexrad-level2/2025/03/29/KAMX/KAMX20250329_105124_V06', 's3://noaa-nexrad-level2/2025/03/29/KAMX/KAMX20250329_105124_V06', 's3://noaa-nexrad-level2/2025/03/29/KBYX/KBYX20250329_105208_V06', 's3://noaa-nexrad-level2/2025/03/29/KMLB/KMLB20250329_105044_V06', 's3://noaa-nexrad-level2/2025/03/29/KTBW/KTBW20250329_105012_V06']"
111695,F,BCS3,SYR UA /OV SYR/TM 1054/FL190/TP BCS3/SK TOPS 150/TB LGT CHOP/RM SMOOTH ABV 150,LGT CHOP,202503291000-KMSC-UBUS01-PIREP,19000.0,43.11119,-76.10631,2025-03-29 10:54:00,1.0,U,"('KTYX', 'KBGM', 'KENX', 'KBUF', 'KCCX')","['s3://noaa-nexrad-level2/2025/03/29/KTYX/KTYX20250329_104933_V06', 's3://noaa-nexrad-level2/2025/03/29/KBGM/KBGM20250329_105132_V06', 's3://noaa-nexrad-level2/2025/03/29/KENX/KENX20250329_105128_V06', 's3://noaa-nexrad-level2/2025/03/29/KBUF/KBUF20250329_105351_V06', 's3://noaa-nexrad-level2/2025/03/29/KCCX/KCCX20250329_105223_V06']"
111696,F,B737,MSS UA /OV MSS090035/TM 1054/FL340/TP B737/TB CONS LGT-MOD CHOP,CONS LGT-MOD CHOP,202503291100-KMSC-UBUS01-PIREP,34000.0,44.93583,-74.0214577261447,2025-03-29 10:54:00,2.0,M,"('KCXX', 'KTYX', 'KENX', 'KBGM', 'KGYX')","['s3://noaa-nexrad-level2/2025/03/29/KCXX/KCXX20250329_105154_V06', 's3://noaa-nexrad-level2/2025/03/29/KTYX/KTYX20250329_104933_V06', 's3://noaa-nexrad-level2/2025/03/29/KENX/KENX20250329_105128_V06', 's3://noaa-nexrad-level2/2025/03/29/KBGM/KBGM20250329_105132_V06', 's3://noaa-nexrad-level2/2025/03/29/KGYX/KGYX20250329_105245_V06']"
111697,F,B737,LOZ UA /OV LVT010020/TM 1055/FL370/TP B737/TB OCNL LGT CHOP INTMT MOD CHOP,OCNL LGT CHOP INTMT MOD CHOP,202503291000-KMSC-UBUS01-PIREP,37000.0,36.90829584083999,-85.0979133589993,2025-03-29 10:55:00,2.0,M,"('KLVX', 'KOHX', 'KMRX', 'KJKL', 'KHPX')","['s3://noaa-nexrad-level2/2025/03/29/KLVX/KLVX20250329_105356_V06', 's3://noaa-nexrad-level2/2025/03/29/KOHX/KOHX20250329_105011_V06', 's3://noaa-nexrad-level2/2025/03/29/KMRX/KMRX20250329_105229_V06', 's3://noaa-nexrad-level2/2025/03/29/KJKL/KJKL20250329_105240_V06', 's3://noaa-nexrad-level2/2025/03/29/KHPX/KHPX20250329_105046_V06']"
111698,F,B738,MYNN UA /OV ZQA144131/TM 1055/FL340/TP B738/TB NEG,NEG,202503291000-KMSC-UBUS01-PIREP,34000.0,23.233503154149503,-76.0338860677848,2025-03-29 10:55:00,0.0,M,"('KAMX', 'KAMX', 'KBYX', 'KMLB', 'KTBW')","['s3://noaa-nexrad-level2/2025/03/29/KAMX/KAMX20250329_105124_V06', 's3://noaa-nexrad-level2/2025/03/29/KAMX/KAMX20250329_105124_V06', 's3://noaa-nexrad-level2/2025/03/29/KBYX/KBYX20250329_105208_V06', 's3://noaa-nexrad-level2/2025/03/29/KMLB/KMLB20250329_105044_V06', 's3://noaa-nexrad-level2/2025/03/29/KTBW/KTBW20250329_105012_V06']"
111699,F,B737,LAL UA /OV LAL/TM 1056/FL320/TP B737/TB LGT-MOD,LGT-MOD,202503291000-KMSC-UBUS01-PIREP,32000.0,27.98892,-82.01856,2025-03-29 10:56:00,2.0,M,"('KTBW', 'KMLB', 'KJAX', 'KAMX', 'KAMX')","['s3://noaa-nexrad-level2/2025/03/29/KTBW/KTBW20250329_105012_V06', 's3://noaa-nexrad-level2/2025/03/29/KMLB/KMLB20250329_105515_V06', 's3://noaa-nexrad-level2/2025/03/29/KJAX/KJAX20250329_105350_V06', 's3://noaa-nexrad-level2/2025/03/29/KAMX/KAMX20250329_105124_V06', 's3://noaa-nexrad-level2/2025/03/29/KAMX/KAMX20250329_105124_V06']"
111700,F,B737,RMG UA /OV RMG/TM 1057/FL410/TP B737/TB CONS LGT CHOP/RM ZTLFD-03,CONS LGT CHOP,202503291100-KMSC-UBUS01-PIREP,41000.0,34.34778,-85.16111,2025-03-29 10:57:00,1.0,M,"('KHTX', 'KFFC', 'KMXX', 'KBMX', 'KOHX')","['s3://noaa-nexrad-level2/2025/03/29/KHTX/KHTX20250329_105216_V06', 's3://noaa-nexrad-level2/2025/03/29/KFFC/KFFC20250329_105419_V06', 's3://noaa-nexrad-level2/2025/03/29/KMXX/KMXX20250329_105340_V06', 's3://noaa-nexrad-level2/2025/03/29/KBMX/KBMX20250329_105217_V06', 's3://noaa-nexrad-level2/2025/03/29/KOHX/KOHX20250329_105529_V06']"
111701,F,B712,PNS UA /OV PNS080007/TM 1058/FL065/TP B712/TB LGT TURB/RM DURC,LGT TURB,202503291100-KMSC-UBUS01-PIREP,6500.0,30.49832059503806,-87.05361391707808,2025-03-29 10:58:00,1.0,M,"('KEVX', 'KMOB', 'KEOX', 'KMXX', 'KBMX')","['s3://noaa-nexrad-level2/2025/03/29/KEVX/KEVX20250329_105206_V06', 's3://noaa-nexrad-level2/2025/03/29/KMOB/KMOB20250329_105533_V06', 's3://noaa-nexrad-level2/2025/03/29/KEOX/KEOX20250329_105434_V06', 's3://noaa-nexrad-level2/2025/03/29/KMXX/KMXX20250329_105340_V06', 's3://noaa-nexrad-level2/2025/03/29/KBMX/KBMX20250329_105217_V06']"
111702,F,B737,RMG UA /OV RMG220020/TM 1058/FL170/TP B737/TB CONS LGT CHOP/RM ZTLFD-05,CONS LGT CHOP,202503291100-KMSC-UBUS01-PIREP,17000.0,34.092411169073024,-85.42064561773483,2025-03-29 10:58:00,1.0,M,"('KHTX', 'KFFC', 'KMXX', 'KBMX', 'KOHX')","['s3://noaa-nexrad-level2/2025/03/29/KHTX/KHTX20250329_105729_V06', 's3://noaa-nexrad-level2/2025/03/29/KFFC/KFFC20250329_105419_V06', 's3://noaa-nexrad-level2/2025/03/29/KMXX/KMXX20250329_105340_V06', 's3://noaa-nexrad-level2/2025/03/29/KBMX/KBMX20250329_105217_V06', 's3://noaa-nexrad-level2/2025/03/29/KOHX/KOHX20250329_105529_V06']"
111703,F,A321,ATL UA /OV ATL270040/TM 1058/FL300/TP A321/TB LGT CHOP/RM ZTLFD-03,LGT CHOP,202503291100-KMSC-UBUS01-PIREP,30000.0,33.6301,-85.24254023585829,2025-03-29 10:58:00,1.0,M,"('KFFC', 'KMXX', 'KHTX', 'KBMX', 'KJGX')","['s3://noaa-nexrad-level2/2025/03/29/KFFC/KFFC20250329_105419_V06', 's3://noaa-nexrad-level2/2025/03/29/KMXX/KMXX20250329_105340_V06', 's3://noaa-nexrad-level2/2025/03/29/KHTX/KHTX20250329_105729_V06', 's3://noaa-nexrad-level2/2025/03/29/KBMX/KBMX20250329_105217_V06', 's3://noaa-nexrad-level2/2025/03/29/KJGX/KJGX20250329_105430_V06']"
111704,F,B38M,AVL UA /OV SOT360020/TM 1058/FL300/TP B38M/TB CONS LGT CHOP/RM ZTLFD-43,CONS LGT CHOP,202503291100-KMSC-UBUS01-PIREP,30000.0,36.12336033336033,-83.05,2025-03-29 10:58:00,1.0,U,"('KMRX', 'KJKL', 'KGSP', 'KRLX', 'KCAE')","['s3://noaa-nexrad-level2/2025/03/29/KMRX/KMRX20250329_105229_V06', 's3://noaa-nexrad-level2/2025/03/29/KJKL/KJKL20250329_105240_V06', 's3://noaa-nexrad-level2/2025/03/29/KGSP/KGSP20250329_105423_V06', 's3://noaa-nexrad-level2/2025/03/29/KRLX/KRLX20250329_105321_V06', 's3://noaa-nexrad-level2/2025/03/29/KCAE/KCAE20250329_105348_V06']"
111705,F,C680,DSM UA /OV DSM090015/TM 1059/FL430/TP C680/TB NEG/RM SMOOTH,NEG,202503291100-KMSC-UBUS01-PIREP,43000.0,41.53395,-93.3191137046723,2025-03-29 10:59:00,0.0,U,"('KDMX', 'KDVN', 'KEAX', 'KOAX', 'KARX')","['s3://noaa-nexrad-level2/2025/03/29/KDMX/KDMX20250329_105854_V06', 's3://noaa-nexrad-level2/2025/03/29/KDVN/KDVN20250329_105344_V06', 's3://noaa-nexrad-level2/2025/03/29/KEAX/KEAX20250329_105807_V06', 's3://noaa-nexrad-level2/2025/03/29/KOAX/KOAX20250329_105827_V06', 's3://noaa-nexrad-level2/2025/03/29/KARX/KARX20250329_105754_V06']"
111706,F,A321,HLG UA /OV HLG/TM 1059/FL340/TP A321/TB MOD TURB/RM ZOB,MOD TURB,202503291100-KMSC-UBUS01-PIREP,34000.0,40.175,-80.64628,2025-03-29 10:59:00,3.0,M,"('KPBZ', 'KCLE', 'KRLX', 'KCCX', 'KFCX')","['s3://noaa-nexrad-level2/2025/03/29/KPBZ/KPBZ20250329_105554_V06', 's3://noaa-nexrad-level2/2025/03/29/KCLE/KCLE20250329_105745_V06', 's3://noaa-nexrad-level2/2025/03/29/KRLX/KRLX20250329_105321_V06', 's3://noaa-nexrad-level2/2025/03/29/KCCX/KCCX20250329_105829_V06', 's3://noaa-nexrad-level2/2025/03/29/KFCX/KFCX20250329_105830_V06']"
111707,F,B739,ARG UA /OV ARG315045/TM 1100/FL350/TP B739/TB CONS MOD 350/RM ZME,CONS MOD 350,202503291100-KMSC-UBUS01-PIREP,35000.0,36.655043042669824,-91.58172672348748,2025-03-29 11:00:00,3.0,M,"('KSGF', 'KLZK', 'KNQA', 'KLSX', 'KPAH')","['s3://noaa-nexrad-level2/2025/03/29/KSGF/KSGF20250329_105847_V06', 's3://noaa-nexrad-level2/2025/03/29/KLZK/KLZK20250329_105749_V06', 's3://noaa-nexrad-level2/2025/03/29/KNQA/KNQA20250329_105920_V06', 's3://noaa-nexrad-level2/2025/03/29/KLSX/KLSX20250329_105505_V06', 's3://noaa-nexrad-level2/2025/03/29/KPAH/KPAH20250329_105711_V06']"
111708,F,A321,BNA UA /OV BNA225040/TM 1100/FL310/TP A321/TB LGT CHOP 310/RM ZME,LGT CHOP 310,202503291100-KMSC-UBUS01-PIREP,31000.0,35.6474472954046,-87.2727863413348,2025-03-29 11:00:00,1.0,M,"('KOHX', 'KHPX', 'KHTX', 'KGWX', 'KPAH')","['s3://noaa-nexrad-level2/2025/03/29/KOHX/KOHX20250329_105529_V06', 's3://noaa-nexrad-level2/2025/03/29/KHPX/KHPX20250329_105739_V06', 's3://noaa-nexrad-level2/2025/03/29/KHTX/KHTX20250329_105729_V06', 's3://noaa-nexrad-level2/2025/03/29/KGWX/KGWX20250329_105510_V06', 's3://noaa-nexrad-level2/2025/03/29/KPAH/KPAH20250329_105711_V06']"
111709,F,B757,CPR UA /OV CPR180015/TM 1100/FL140/TP B757/TB NEG/IC NEG/RM SMTH NEG IC,NEG,202503291100-KMSC-UBUS01-PIREP,14000.0,42.65797974997975,-106.46442,2025-03-29 11:00:00,0.0,M,"('KRIW', 'KCYS', 'KFTG', 'KBLX', 'KUDX')","['s3://noaa-nexrad-level2/2025/03/29/KRIW/KRIW20250329_105457_V06', 's3://noaa-nexrad-level2/2025/03/29/KCYS/KCYS20250329_105532_V06', 's3://noaa-nexrad-level2/2025/03/29/KFTG/KFTG20250329_105953_V06', 's3://noaa-nexrad-level2/2025/03/29/KBLX/KBLX20250329_105626_V06', 's3://noaa-nexrad-level2/2025/03/29/KUDX/KUDX20250329_105833_V06']"
111710,F,E145,ATL UA /OV ATL360030/TM 1101/FL270/TP E145/TB LGT MOD CAT 270/RM ZTLFD-22,LGT MOD CAT 270,202503291100-KMSC-UBUS01-PIREP,27000.0,34.1301405000405,-84.4418,2025-03-29 11:01:00,2.0,M,"('KFFC', 'KJGX', 'KHTX', 'KMXX', 'KMRX')","['s3://noaa-nexrad-level2/2025/03/29/KFFC/KFFC20250329_105419_V06', 's3://noaa-nexrad-level2/2025/03/29/KJGX/KJGX20250329_105430_V06', 's3://noaa-nexrad-level2/2025/03/29/KHTX/KHTX20250329_105729_V06', 's3://noaa-nexrad-level2/2025/03/29/KMXX/KMXX20250329_105939_V06', 's3://noaa-nexrad-level2/2025/03/29/KMRX/KMRX20250329_105931_V06']"
111711,F,A321,ATL UA /OV GZG045015/TM 1103/FL260/TP A321/TB NEG/IC NEG/RM ZTLFD-43,NEG,202503291100-KMSC-UBUS01-PIREP,26000.0,37.00679101422328,-81.85912653180958,2025-03-29 11:03:00,0.0,M,"('KRLX', 'KJKL', 'KFCX', 'KMRX', 'KGSP')","['s3://noaa-nexrad-level2/2025/03/29/KRLX/KRLX20250329_105959_V06', 's3://noaa-nexrad-level2/2025/03/29/KJKL/KJKL20250329_110058_V06', 's3://noaa-nexrad-level2/2025/03/29/KFCX/KFCX20250329_105830_V06', 's3://noaa-nexrad-level2/2025/03/29/KMRX/KMRX20250329_105931_V06', 's3://noaa-nexrad-level2/2025/03/29/KGSP/KGSP20250329_110244_V06']"
111712,F,CRJ9,AVL UA /OV SOT030010/TM 1103/FL170/TP CRJ9/SK SKC 170/TB NEG 170/IC NEG 170/RM ZTLFD-44,NEG 170,202503291100-KMSC-UBUS01-PIREP,17000.0,35.93434925865205,-82.94725889212509,2025-03-29 11:03:00,0.0,U,"('KMRX', 'KGSP', 'KJKL', 'KRLX', 'KCAE')","['s3://noaa-nexrad-level2/2025/03/29/KMRX/KMRX20250329_105931_V06', 's3://noaa-nexrad-level2/2025/03/29/KGSP/KGSP20250329_110244_V06', 's3://noaa-nexrad-level2/2025/03/29/KJKL/KJKL20250329_110058_V06', 's3://noaa-nexrad-level2/2025/03/29/KRLX/KRLX20250329_105959_V06', 's3://noaa-nexrad-level2/2025/03/29/KCAE/KCAE20250329_105348_V06']"
111713,F,A320,CRW UA /OV HVQ180015/TM 1104/FL240/TP A320/TB NEG/IC NEG,NEG,202503291100-KMSC-UBUS01-PIREP,24000.0,38.09997974997975,-81.77,2025-03-29 11:04:00,0.0,M,"('KRLX', 'KJKL', 'KFCX', 'KILN', 'KMRX')","['s3://noaa-nexrad-level2/2025/03/29/KRLX/KRLX20250329_105959_V06', 's3://noaa-nexrad-level2/2025/03/29/KJKL/KJKL20250329_110058_V06', 's3://noaa-nexrad-level2/2025/03/29/KFCX/KFCX20250329_105830_V06', 's3://noaa-nexrad-level2/2025/03/29/KILN/KILN20250329_105910_V06', 's3://noaa-nexrad-level2/2025/03/29/KMRX/KMRX20250329_105931_V06']"
111714,F,A21N,BOS UA /OV BOS/TM 1105/FL140/TP A21N/SK TOP 130/TB LGT CHOP BLO 140/IC NEG BLO 150/RM DURC,LGT CHOP BLO 140,202503291100-KMSC-UBUS01-PIREP,14000.0,42.36057,-71.00973,2025-03-29 11:05:00,1.0,U,"('KBOX', 'KGYX', 'KOKX', 'KCXX', 'KENX')","['s3://noaa-nexrad-level2/2025/03/29/KBOX/KBOX20250329_110338_V06', 's3://noaa-nexrad-level2/2025/03/29/KGYX/KGYX20250329_110456_V06', 's3://noaa-nexrad-level2/2025/03/29/KOKX/KOKX20250329_105813_V06', 's3://noaa-nexrad-level2/2025/03/29/KCXX/KCXX20250329_110243_V06', 's3://noaa-nexrad-level2/2025/03/29/KENX/KENX20250329_110044_V06']"
111715,F,B738,FDY UA /OV FBC042016/TM 1105/FL400/TP B738/TB LGT OCNL MOD CHOP/RM ZOB,LGT OCNL MOD CHOP,202503291100-KMSC-UBUS01-PIREP,40000.0,41.01361,-83.66861,2025-03-29 11:05:00,2.0,M,"('KILN', 'KDTX', 'KCLE', 'KIWX', 'KGRR')","['s3://noaa-nexrad-level2/2025/03/29/KILN/KILN20250329_105910_V06', 's3://noaa-nexrad-level2/2025/03/29/KDTX/KDTX20250329_110035_V06', 's3://noaa-nexrad-level2/2025/03/29/KCLE/KCLE20250329_110429_V06', 's3://noaa-nexrad-level2/2025/03/29/KIWX/KIWX20250329_110104_V06', 's3://noaa-nexrad-level2/2025/03/29/KGRR/KGRR20250329_110142_V06']"
111716,F,B757,ITH UA /OV ITH/TM 1105/FL390/TP B757/TB CONS LGT-MOD CHOP 390,CONS LGT-MOD CHOP 390,202503291100-KMSC-UBUS01-PIREP,39000.0,42.4910278,-76.4584444,2025-03-29 11:05:00,2.0,M,"('KBGM', 'KTYX', 'KCCX', 'KBUF', 'KENX')","['s3://noaa-nexrad-level2/2025/03/29/KBGM/KBGM20250329_110116_V06', 's3://noaa-nexrad-level2/2025/03/29/KTYX/KTYX20250329_110438_V06', 's3://noaa-nexrad-level2/2025/03/29/KCCX/KCCX20250329_110435_V06', 's3://noaa-nexrad-level2/2025/03/29/KBUF/KBUF20250329_110428_V06', 's3://noaa-nexrad-level2/2025/03/29/KENX/KENX20250329_110044_V06']"
111717,F,E75L,TVC UA /OV TVC180035/TM 1105/FL200/TP E75L/SK TOP200/WX -RA/TB OCNL MOD,OCNL MOD,202503291100-KMSC-UBUS01-PIREP,20000.0,44.158259416619416,-85.58236,2025-03-29 11:05:00,3.0,U,"('KAPX', 'KGRR', 'KGRB', 'KDTX', 'KIWX')","['s3://noaa-nexrad-level2/2025/03/29/KAPX/KAPX20250329_110443_V06', 's3://noaa-nexrad-level2/2025/03/29/KGRR/KGRR20250329_110142_V06', 's3://noaa-nexrad-level2/2025/03/29/KGRB/KGRB20250329_110431_V06', 's3://noaa-nexrad-level2/2025/03/29/KDTX/KDTX20250329_110035_V06', 's3://noaa-nexrad-level2/2025/03/29/KIWX/KIWX20250329_110104_V06']"
111718,F,B737,LGC UA /OV LGC300010/TM 1105/FL380/TP B737/TB CONS LGT CHOP OCNL MOD CHOP/RM ZTLFD-08,CONS LGT CHOP OCNL MOD CHOP,202503291100-KMSC-UBUS01-PIREP,38000.0,33.09220008334008,-85.24474404545138,2025-03-29 11:05:00,2.0,M,"('KFFC', 'KMXX', 'KBMX', 'KEOX', 'KJGX')","['s3://noaa-nexrad-level2/2025/03/29/KFFC/KFFC20250329_110102_V06', 's3://noaa-nexrad-level2/2025/03/29/KMXX/KMXX20250329_105939_V06', 's3://noaa-nexrad-level2/2025/03/29/KBMX/KBMX20250329_105905_V06', 's3://noaa-nexrad-level2/2025/03/29/KEOX/KEOX20250329_110139_V06', 's3://noaa-nexrad-level2/2025/03/29/KJGX/KJGX20250329_110113_V06']"
111719,F,B737,SYR UA /OV SYR030010/TM 1106/FL380/TP B737/TB OCNL LGT CHOP 380/RM RIDE WAS SMOOTH UNTIL SYR AT FL 380,OCNL LGT CHOP 380,202503291100-KMSC-UBUS01-PIREP,38000.0,43.25553925865205,-75.99215000889232,2025-03-29 11:06:00,1.0,M,"('KTYX', 'KBGM', 'KENX', 'KBUF', 'KCCX')","['s3://noaa-nexrad-level2/2025/03/29/KTYX/KTYX20250329_110438_V06', 's3://noaa-nexrad-level2/2025/03/29/KBGM/KBGM20250329_110116_V06', 's3://noaa-nexrad-level2/2025/03/29/KENX/KENX20250329_110536_V06', 's3://noaa-nexrad-level2/2025/03/29/KBUF/KBUF20250329_110428_V06', 's3://noaa-nexrad-level2/2025/03/29/KCCX/KCCX20250329_110435_V06']"
111720,F,B38M,BNA UA /OV BNA135040/TM 1107/FL380/TP B38M/TB CONS LGT CHOP 380/RM ZME,CONS LGT CHOP 380,202503291100-KMSC-UBUS01-PIREP,38000.0,35.6474472954046,-86.10555365866522,2025-03-29 11:07:00,1.0,U,"('KHTX', 'KOHX', 'KHPX', 'KLVX', 'KBMX')","['s3://noaa-nexrad-level2/2025/03/29/KHTX/KHTX20250329_110243_V06', 's3://noaa-nexrad-level2/2025/03/29/KOHX/KOHX20250329_110606_V06', 's3://noaa-nexrad-level2/2025/03/29/KHPX/KHPX20250329_110432_V06', 's3://noaa-nexrad-level2/2025/03/29/KLVX/KLVX20250329_110240_V06', 's3://noaa-nexrad-level2/2025/03/29/KBMX/KBMX20250329_110538_V06']"
111721,F,A21N,BWG UA /OV BWG360015/TM 1107/FL350/TP A21N/TB NEG CHOP 350/RM ZME,NEG CHOP 350,202503291100-KMSC-UBUS01-PIREP,35000.0,37.21455025002025,-86.41967,2025-03-29 11:07:00,0.0,U,"('KLVX', 'KOHX', 'KHPX', 'KVWX', 'KHTX')","['s3://noaa-nexrad-level2/2025/03/29/KLVX/KLVX20250329_110240_V06', 's3://noaa-nexrad-level2/2025/03/29/KOHX/KOHX20250329_110606_V06', 's3://noaa-nexrad-level2/2025/03/29/KHPX/KHPX20250329_110432_V06', 's3://noaa-nexrad-level2/2025/03/29/KVWX/KVWX20250329_110633_V06', 's3://noaa-nexrad-level2/2025/03/29/KHTX/KHTX20250329_110243_V06']"
111722,F,BCS3,JPX UA /OV HTO/TM 1107/FL240/TP BCS3/TA M15/TB LGT CHOP/RM DURC 240-280,LGT CHOP,202503291100-KMSC-UBUS01-PIREP,24000.0,40.96,-72.25,2025-03-29 11:07:00,1.0,U,"('KOKX', 'KBOX', 'KDIX', 'KENX', 'KGYX')","['s3://noaa-nexrad-level2/2025/03/29/KOKX/KOKX20250329_110626_V06', 's3://noaa-nexrad-level2/2025/03/29/KBOX/KBOX20250329_110338_V06', 's3://noaa-nexrad-level2/2025/03/29/KDIX/KDIX20250329_110143_V06', 's3://noaa-nexrad-level2/2025/03/29/KENX/KENX20250329_110536_V06', 's3://noaa-nexrad-level2/2025/03/29/KGYX/KGYX20250329_110456_V06']"
111723,F,B752,SFZ UA /OV PUT350020/TM 1107/FL260/TP B752/TB NEG,NEG,202503291100-KMSC-UBUS01-PIREP,26000.0,42.28829584083999,-71.91784628419464,2025-03-29 11:07:00,0.0,M,"('KBOX', 'KOKX', 'KENX', 'KGYX', 'KCXX')","['s3://noaa-nexrad-level2/2025/03/29/KBOX/KBOX20250329_110338_V06', 's3://noaa-nexrad-level2/2025/03/29/KOKX/KOKX20250329_110626_V06', 's3://noaa-nexrad-level2/2025/03/29/KENX/KENX20250329_110536_V06', 's3://noaa-nexrad-level2/2025/03/29/KGYX/KGYX20250329_110456_V06', 's3://noaa-nexrad-level2/2025/03/29/KCXX/KCXX20250329_110243_V06']"
111724,F,A321,BOS UA /OV BOS/TM 1107/FL140/TP A321/TB OCNL LGT/RM DURC OUT OF BOS,OCNL LGT,202503291100-KMSC-UBUS01-PIREP,14000.0,42.36057,-71.00973,2025-03-29 11:07:00,1.0,M,"('KBOX', 'KGYX', 'KOKX', 'KCXX', 'KENX')","['s3://noaa-nexrad-level2/2025/03/29/KBOX/KBOX20250329_110338_V06', 's3://noaa-nexrad-level2/2025/03/29/KGYX/KGYX20250329_110456_V06', 's3://noaa-nexrad-level2/2025/03/29/KOKX/KOKX20250329_110626_V06', 's3://noaa-nexrad-level2/2025/03/29/KCXX/KCXX20250329_110243_V06', 's3://noaa-nexrad-level2/2025/03/29/KENX/KENX20250329_110536_V06']"
111725,F,B737,BWG UA /OV BWG135020/TM 1108/FL390/TP B737/TB CONS LGT CHOP 390/RM ZME,CONS LGT CHOP 390,202503291100-KMSC-UBUS01-PIREP,39000.0,36.7288086477023,-86.12465245895841,2025-03-29 11:08:00,1.0,M,"('KOHX', 'KHPX', 'KLVX', 'KHTX', 'KVWX')","['s3://noaa-nexrad-level2/2025/03/29/KOHX/KOHX20250329_110606_V06', 's3://noaa-nexrad-level2/2025/03/29/KHPX/KHPX20250329_110432_V06', 's3://noaa-nexrad-level2/2025/03/29/KLVX/KLVX20250329_110702_V06', 's3://noaa-nexrad-level2/2025/03/29/KHTX/KHTX20250329_110756_V06', 's3://noaa-nexrad-level2/2025/03/29/KVWX/KVWX20250329_110633_V06']"
111726,F,E175,PJC UA /OV EWC/TM 1110/FL160/TP E175/SK TOPS180/TB OCNL LGT 160-180/IC TRACE RIME,OCNL LGT 160-180,202503291100-KMSC-UBUS01-PIREP,16000.0,40.83,-80.21,2025-03-29 11:10:00,1.0,U,"('KPBZ', 'KCLE', 'KCCX', 'KBUF', 'KRLX')","['s3://noaa-nexrad-level2/2025/03/29/KPBZ/KPBZ20250329_110854_V06', 's3://noaa-nexrad-level2/2025/03/29/KCLE/KCLE20250329_110429_V06', 's3://noaa-nexrad-level2/2025/03/29/KCCX/KCCX20250329_110435_V06', 's3://noaa-nexrad-level2/2025/03/29/KBUF/KBUF20250329_110946_V06', 's3://noaa-nexrad-level2/2025/03/29/KRLX/KRLX20250329_110638_V06']"
111727,F,B737,OMN UA /OV OMN115095/TM 1114/FL340/TP B737/TB LGT-MOD CHOP,LGT-MOD CHOP,202503291100-KMSC-UBUS01-PIREP,34000.0,28.63136021806429,-79.46797073677227,2025-03-29 11:14:00,2.0,M,"('KMLB', 'KJAX', 'KTBW', 'KAMX', 'KAMX')","['s3://noaa-nexrad-level2/2025/03/29/KMLB/KMLB20250329_111306_V06', 's3://noaa-nexrad-level2/2025/03/29/KJAX/KJAX20250329_111356_V06', 's3://noaa-nexrad-level2/2025/03/29/KTBW/KTBW20250329_111033_V06', 's3://noaa-nexrad-level2/2025/03/29/KAMX/KAMX20250329_110835_V06', 's3://noaa-nexrad-level2/2025/03/29/KAMX/KAMX20250329_110835_V06']"
111728,F,A321,DYR UA /OV DYR090030/TM 1115/FL310/TP A321/TB MOD CHOP/RM ZME,MOD CHOP,202503291100-KMSC-UBUS01-PIREP,31000.0,35.99797,-88.78851186008188,2025-03-29 11:15:00,3.0,M,"('KPAH', 'KNQA', 'KHPX', 'KGWX', 'KOHX')","['s3://noaa-nexrad-level2/2025/03/29/KPAH/KPAH20250329_111406_V06', 's3://noaa-nexrad-level2/2025/03/29/KNQA/KNQA20250329_111320_V06', 's3://noaa-nexrad-level2/2025/03/29/KHPX/KHPX20250329_111125_V06', 's3://noaa-nexrad-level2/2025/03/29/KGWX/KGWX20250329_110901_V06', 's3://noaa-nexrad-level2/2025/03/29/KOHX/KOHX20250329_111128_V06']"
111729,F,B739,VDI UA /OV RRS/TM 1115/FL230/TP B739/TB LGT CHOP BLO 150/IC DURC SMOOTH ABV 160,LGT CHOP BLO 150,202503291100-KMSC-UBUS01-PIREP,23000.0,31.28,-85.43,2025-03-29 11:15:00,1.0,M,"('KEOX', 'KEVX', 'KMXX', 'KTLH', 'KFFC')","['s3://noaa-nexrad-level2/2025/03/29/KEOX/KEOX20250329_111228_V06', 's3://noaa-nexrad-level2/2025/03/29/KEVX/KEVX20250329_110957_V06', 's3://noaa-nexrad-level2/2025/03/29/KMXX/KMXX20250329_111036_V06', 's3://noaa-nexrad-level2/2025/03/29/KTLH/KTLH20250329_111009_V06', 's3://noaa-nexrad-level2/2025/03/29/KFFC/KFFC20250329_111430_V06']"
111730,F,B744,BID UA /OV SEY/TM 1118/FL350/TP B744/TB LGT-MOD CAT 350,LGT-MOD CAT 350,202503291100-KMSC-UBUS01-PIREP,35000.0,41.17,-71.58,2025-03-29 11:18:00,2.0,H,"('KBOX', 'KOKX', 'KENX', 'KGYX', 'KDIX')","['s3://noaa-nexrad-level2/2025/03/29/KBOX/KBOX20250329_111711_V06', 's3://noaa-nexrad-level2/2025/03/29/KOKX/KOKX20250329_111439_V06', 's3://noaa-nexrad-level2/2025/03/29/KENX/KENX20250329_111519_V06', 's3://noaa-nexrad-level2/2025/03/29/KGYX/KGYX20250329_111707_V06', 's3://noaa-nexrad-level2/2025/03/29/KDIX/KDIX20250329_111513_V06']"
111731,F,B777,PWM UA /OV ENE/TM 1118/FL360/TP B777/TB LGT-MOD,LGT-MOD,202503291100-KMSC-UBUS01-PIREP,36000.0,43.43,-70.61,2025-03-29 11:18:00,2.0,H,"('KGYX', 'KBOX', 'KCXX', 'KOKX', 'KENX')","['s3://noaa-nexrad-level2/2025/03/29/KGYX/KGYX20250329_111707_V06', 's3://noaa-nexrad-level2/2025/03/29/KBOX/KBOX20250329_111711_V06', 's3://noaa-nexrad-level2/2025/03/29/KCXX/KCXX20250329_111751_V06', 's3://noaa-nexrad-level2/2025/03/29/KOKX/KOKX20250329_111439_V06', 's3://noaa-nexrad-level2/2025/03/29/KENX/KENX20250329_111519_V06']"
111732,F,B737,MSL UA /OV MSL270025/TM 1120/FL350/TP B737/TB MOD CHOP/RM ZME,MOD CHOP,202503291100-KMSC-UBUS01-PIREP,35000.0,34.74385,-88.10673488532473,2025-03-29 11:20:00,3.0,M,"('KGWX', 'KNQA', 'KHTX', 'KBMX', 'KOHX')","['s3://noaa-nexrad-level2/2025/03/29/KGWX/KGWX20250329_111556_V06', 's3://noaa-nexrad-level2/2025/03/29/KNQA/KNQA20250329_111320_V06', 's3://noaa-nexrad-level2/2025/03/29/KHTX/KHTX20250329_111753_V06', 's3://noaa-nexrad-level2/2025/03/29/KBMX/KBMX20250329_111801_V06', 's3://noaa-nexrad-level2/2025/03/29/KOHX/KOHX20250329_111652_V06']"
111733,F,E170,SWO UA /OV SWO/TM 1120/FL260/TP E170/TB INTMT LGT CHOP/RM ZKC FDC,INTMT LGT CHOP,202503291100-KMSC-UBUS01-PIREP,26000.0,36.16122,-97.08569,2025-03-29 11:20:00,1.0,U,"('KTLX', 'KOUN', 'KVNX', 'KINX', 'KICT')","['s3://noaa-nexrad-level2/2025/03/29/KTLX/KTLX20250329_111923_V06', 's3://noaa-nexrad-level2/2025/03/29/KVNX/KVNX20250329_111333_V06', 's3://noaa-nexrad-level2/2025/03/29/KINX/KINX20250329_111654_V06', 's3://noaa-nexrad-level2/2025/03/29/KICT/KICT20250329_111704_V06']"
111734,F,E75S,UCA UA /OV UCA100030/TM 1120/FL300/TP E75S/TB CONS LGT CHOP,CONS LGT CHOP,202503291100-KMSC-UBUS01-PIREP,30000.0,43.05827887840831,-74.70893196028135,2025-03-29 11:20:00,1.0,U,"('KENX', 'KTYX', 'KBGM', 'KCXX', 'KOKX')","['s3://noaa-nexrad-level2/2025/03/29/KENX/KENX20250329_111957_V06', 's3://noaa-nexrad-level2/2025/03/29/KTYX/KTYX20250329_111540_V06', 's3://noaa-nexrad-level2/2025/03/29/KBGM/KBGM20250329_111746_V06', 's3://noaa-nexrad-level2/2025/03/29/KCXX/KCXX20250329_111751_V06', 's3://noaa-nexrad-level2/2025/03/29/KOKX/KOKX20250329_111439_V06']"
111735,F,A321,SRQ UA /OV SRQ290180/TM 1121/FL320/TP A321/TB MOD CHOP,MOD CHOP,202503291100-KMSC-UBUS01-PIREP,32000.0,28.427533540954947,-85.73420450961449,2025-03-29 11:21:00,3.0,M,"('KEVX', 'KTLH', 'KEOX', 'KMOB', 'KTBW')","['s3://noaa-nexrad-level2/2025/03/29/KEVX/KEVX20250329_111602_V06', 's3://noaa-nexrad-level2/2025/03/29/KTLH/KTLH20250329_111652_V06', 's3://noaa-nexrad-level2/2025/03/29/KEOX/KEOX20250329_111933_V06', 's3://noaa-nexrad-level2/2025/03/29/KMOB/KMOB20250329_111544_V06', 's3://noaa-nexrad-level2/2025/03/29/KTBW/KTBW20250329_111720_V06']"
111736,F,B747,PVD UA /OV PVD/TM 1122/FL370/TP B747/TB LGT-MOD CAT 370,LGT-MOD CAT 370,202503291100-KMSC-UBUS01-PIREP,37000.0,41.7219,-71.4325,2025-03-29 11:22:00,2.0,H,"('KBOX', 'KOKX', 'KGYX', 'KENX', 'KCXX')","['s3://noaa-nexrad-level2/2025/03/29/KBOX/KBOX20250329_112137_V06', 's3://noaa-nexrad-level2/2025/03/29/KOKX/KOKX20250329_111439_V06', 's3://noaa-nexrad-level2/2025/03/29/KGYX/KGYX20250329_111707_V06', 's3://noaa-nexrad-level2/2025/03/29/KENX/KENX20250329_111957_V06', 's3://noaa-nexrad-level2/2025/03/29/KCXX/KCXX20250329_111751_V06']"
111737,F,A35K,BOS UA /OV BOS330030/TM 1122/FL400/TP A35K/TB LGT-MOD CAT,LGT-MOD CAT,202503291100-KMSC-UBUS01-PIREP,40000.0,42.79361777595615,-71.34808938604039,2025-03-29 11:22:00,2.0,U,"('KBOX', 'KGYX', 'KOKX', 'KCXX', 'KENX')","['s3://noaa-nexrad-level2/2025/03/29/KBOX/KBOX20250329_112137_V06', 's3://noaa-nexrad-level2/2025/03/29/KGYX/KGYX20250329_111707_V06', 's3://noaa-nexrad-level2/2025/03/29/KOKX/KOKX20250329_111439_V06', 's3://noaa-nexrad-level2/2025/03/29/KCXX/KCXX20250329_111751_V06', 's3://noaa-nexrad-level2/2025/03/29/KENX/KENX20250329_111957_V06']"
111738,F,B738,MBPV UA /OV PVN092071/TM 1122/FL360/TP B738/TB CONS LGT CHOP,CONS LGT CHOP,202503291100-KMSC-UBUS01-PIREP,36000.0,21.72869891711527,-70.98646327830748,2025-03-29 11:22:00,1.0,M,"('KAMX', 'KAMX', 'KBYX', 'KMLB', 'KTBW')","['s3://noaa-nexrad-level2/2025/03/29/KAMX/KAMX20250329_111704_V06', 's3://noaa-nexrad-level2/2025/03/29/KAMX/KAMX20250329_111704_V06', 's3://noaa-nexrad-level2/2025/03/29/KBYX/KBYX20250329_111949_V06', 's3://noaa-nexrad-level2/2025/03/29/KMLB/KMLB20250329_111736_V06', 's3://noaa-nexrad-level2/2025/03/29/KTBW/KTBW20250329_111720_V06']"
111739,F,B738,BOS UA /OV BOS/TM 1123/FL170/TP B738/TB LGT CHOP BLO 140/IC NEG DURC BOS,LGT CHOP BLO 140,202503291100-KMSC-UBUS01-PIREP,17000.0,42.36057,-71.00973,2025-03-29 11:23:00,1.0,M,"('KBOX', 'KGYX', 'KOKX', 'KCXX', 'KENX')","['s3://noaa-nexrad-level2/2025/03/29/KBOX/KBOX20250329_112137_V06', 's3://noaa-nexrad-level2/2025/03/29/KGYX/KGYX20250329_111707_V06', 's3://noaa-nexrad-level2/2025/03/29/KOKX/KOKX20250329_112254_V06', 's3://noaa-nexrad-level2/2025/03/29/KCXX/KCXX20250329_112240_V06', 's3://noaa-nexrad-level2/2025/03/29/KENX/KENX20250329_111957_V06']"
111740,F,A306,FMN UA /OV RSK300040/TM 1123/FL340/TP A306/TB OCNL MOD CHOP/RM MTW ZDVWC-37,OCNL MOD CHOP,202503291100-KMSC-UBUS01-PIREP,34000.0,37.08336033336033,-108.82061689499982,2025-03-29 11:23:00,3.0,H,"('KGJX', 'KABX', 'KFSX', 'KFSX', 'KICX')","['s3://noaa-nexrad-level2/2025/03/29/KGJX/KGJX20250329_111809_V06', 's3://noaa-nexrad-level2/2025/03/29/KABX/KABX20250329_111849_V06', 's3://noaa-nexrad-level2/2025/03/29/KFSX/KFSX20250329_111509_V06', 's3://noaa-nexrad-level2/2025/03/29/KFSX/KFSX20250329_111509_V06', 's3://noaa-nexrad-level2/2025/03/29/KICX/KICX20250329_111736_V06']"
111741,F,B777,PWM UA /OV ENE/TM 1124/FL340/TP B777/TB NEG,NEG,202503291100-KMSC-UBUS01-PIREP,34000.0,43.43,-70.61,2025-03-29 11:24:00,0.0,H,"('KGYX', 'KBOX', 'KCXX', 'KOKX', 'KENX')","['s3://noaa-nexrad-level2/2025/03/29/KGYX/KGYX20250329_112313_V06', 's3://noaa-nexrad-level2/2025/03/29/KBOX/KBOX20250329_112137_V06', 's3://noaa-nexrad-level2/2025/03/29/KCXX/KCXX20250329_112240_V06', 's3://noaa-nexrad-level2/2025/03/29/KOKX/KOKX20250329_112254_V06', 's3://noaa-nexrad-level2/2025/03/29/KENX/KENX20250329_111957_V06']"
111742,F,B737,SDF UA /OV IIU090010/TM 1124/FL350/TP B737/TB NEG,NEG,202503291100-KMSC-UBUS01-PIREP,35000.0,38.1,-85.3681906866151,2025-03-29 11:24:00,0.0,M,"('KLVX', 'KIND', 'KILN', 'KJKL', 'KOHX')","['s3://noaa-nexrad-level2/2025/03/29/KLVX/KLVX20250329_112008_V06', 's3://noaa-nexrad-level2/2025/03/29/KIND/KIND20250329_112151_V06', 's3://noaa-nexrad-level2/2025/03/29/KILN/KILN20250329_111922_V06', 's3://noaa-nexrad-level2/2025/03/29/KJKL/KJKL20250329_112134_V06', 's3://noaa-nexrad-level2/2025/03/29/KOHX/KOHX20250329_112217_V06']"
111743,F,CRJ7,LNK UA /OV LNK/TM 1124/FL150/TP CRJ7/TB LGT/IC NEG,LGT,202503291100-KMSC-UBUS01-PIREP,15000.0,40.831178,-96.763275,2025-03-29 11:24:00,1.0,M,"('KOAX', 'KUEX', 'KTWX', 'KFSD', 'KDMX')","['s3://noaa-nexrad-level2/2025/03/29/KOAX/KOAX20250329_112026_V06', 's3://noaa-nexrad-level2/2025/03/29/KUEX/KUEX20250329_112050_V06', 's3://noaa-nexrad-level2/2025/03/29/KTWX/KTWX20250329_112102_V06', 's3://noaa-nexrad-level2/2025/03/29/KFSD/KFSD20250329_112030_V06', 's3://noaa-nexrad-level2/2025/03/29/KDMX/KDMX20250329_112137_V06']"
111744,F,SR2,ATL UA /OV ATL010055/TM 1124/FL062/TP SR2/TB NEG/RM ZTLFD-41,NEG,202503291100-KMSC-UBUS01-PIREP,6200.0,34.53291356230997,-84.2506102612306,2025-03-29 11:24:00,0.0,U,"('KFFC', 'KMRX', 'KHTX', 'KGSP', 'KJGX')","['s3://noaa-nexrad-level2/2025/03/29/KFFC/KFFC20250329_112112_V06', 's3://noaa-nexrad-level2/2025/03/29/KMRX/KMRX20250329_111941_V06', 's3://noaa-nexrad-level2/2025/03/29/KHTX/KHTX20250329_112253_V06', 's3://noaa-nexrad-level2/2025/03/29/KGSP/KGSP20250329_111917_V06', 's3://noaa-nexrad-level2/2025/03/29/KJGX/KJGX20250329_112121_V06']"
111745,F,B738,TRI UA /OV HMV300020/TM 1124/FL360/TP B738/TB OCNL LGT CHOP/RM ZTLFD-15,OCNL LGT CHOP,202503291100-KMSC-UBUS01-PIREP,36000.0,36.60668016668016,-82.48886381577398,2025-03-29 11:24:00,1.0,M,"('KMRX', 'KJKL', 'KGSP', 'KRLX', 'KFCX')","['s3://noaa-nexrad-level2/2025/03/29/KMRX/KMRX20250329_111941_V06', 's3://noaa-nexrad-level2/2025/03/29/KJKL/KJKL20250329_112134_V06', 's3://noaa-nexrad-level2/2025/03/29/KGSP/KGSP20250329_111917_V06', 's3://noaa-nexrad-level2/2025/03/29/KRLX/KRLX20250329_111956_V06', 's3://noaa-nexrad-level2/2025/03/29/KFCX/KFCX20250329_111547_V06']"
111746,F,B38M,DNV UA /OV DNV360015/TM 1125/FL240/TP B38M/TB OCNL LGT CHOP/RM DURC,OCNL LGT CHOP,202503291100-KMSC-UBUS01-PIREP,24000.0,40.44972025002025,-87.59552,2025-03-29 11:25:00,1.0,U,"('KLOT', 'KIND', 'KILX', 'KIWX', 'KVWX')","['s3://noaa-nexrad-level2/2025/03/29/KLOT/KLOT20250329_112154_V06', 's3://noaa-nexrad-level2/2025/03/29/KIND/KIND20250329_112151_V06', 's3://noaa-nexrad-level2/2025/03/29/KILX/KILX20250329_112155_V06', 's3://noaa-nexrad-level2/2025/03/29/KIWX/KIWX20250329_112306_V06', 's3://noaa-nexrad-level2/2025/03/29/KVWX/KVWX20250329_112205_V06']"
111747,F,B737,BWG UA /OV BWG090030/TM 1127/FL320/TP B737/TB CONS MOD CHOP 320/RM ZME,CONS MOD CHOP 320,202503291100-KMSC-UBUS01-PIREP,32000.0,36.96453,-85.79384328848154,2025-03-29 11:27:00,3.0,M,"('KLVX', 'KOHX', 'KHPX', 'KHTX', 'KVWX')","['s3://noaa-nexrad-level2/2025/03/29/KLVX/KLVX20250329_112430_V06', 's3://noaa-nexrad-level2/2025/03/29/KOHX/KOHX20250329_112217_V06', 's3://noaa-nexrad-level2/2025/03/29/KHPX/KHPX20250329_112510_V06', 's3://noaa-nexrad-level2/2025/03/29/KHTX/KHTX20250329_112253_V06', 's3://noaa-nexrad-level2/2025/03/29/KVWX/KVWX20250329_112205_V06']"
111748,F,B737,BMG UA /OV OOM/TM 1127/FL400/TP B737/TB OCNL LGT-MOD CHOP,OCNL LGT-MOD CHOP,202503291100-KMSC-UBUS01-PIREP,40000.0,39.14,-86.61,2025-03-29 11:27:00,2.0,M,"('KIND', 'KLVX', 'KVWX', 'KIWX', 'KHPX')","['s3://noaa-nexrad-level2/2025/03/29/KIND/KIND20250329_112640_V06', 's3://noaa-nexrad-level2/2025/03/29/KLVX/KLVX20250329_112430_V06', 's3://noaa-nexrad-level2/2025/03/29/KVWX/KVWX20250329_112205_V06', 's3://noaa-nexrad-level2/2025/03/29/KIWX/KIWX20250329_112306_V06', 's3://noaa-nexrad-level2/2025/03/29/KHPX/KHPX20250329_112510_V06']"
111749,F,B38M,RID UA /OV RID/TM 1127/FL360/TP B38M/TB NEG,NEG,202503291100-KMSC-UBUS01-PIREP,36000.0,39.7572,-84.8428,2025-03-29 11:27:00,0.0,U,"('KILN', 'KIND', 'KIWX', 'KLVX', 'KJKL')","['s3://noaa-nexrad-level2/2025/03/29/KILN/KILN20250329_112606_V06', 's3://noaa-nexrad-level2/2025/03/29/KIND/KIND20250329_112640_V06', 's3://noaa-nexrad-level2/2025/03/29/KIWX/KIWX20250329_112306_V06', 's3://noaa-nexrad-level2/2025/03/29/KLVX/KLVX20250329_112430_V06', 's3://noaa-nexrad-level2/2025/03/29/KJKL/KJKL20250329_112134_V06']"
111750,F,E170,ORD UA /OV JOT257015/TM 1128/FL110/TP E170/SK IMC/TB LGT,LGT,202503291100-KMSC-UBUS01-PIREP,11000.0,41.46144768115063,-88.5009681150845,2025-03-29 11:28:00,1.0,U,"('KLOT', 'KMKX', 'KILX', 'KDVN', 'KIWX')","['s3://noaa-nexrad-level2/2025/03/29/KLOT/KLOT20250329_112154_V06', 's3://noaa-nexrad-level2/2025/03/29/KMKX/KMKX20250329_112540_V06', 's3://noaa-nexrad-level2/2025/03/29/KILX/KILX20250329_112701_V06', 's3://noaa-nexrad-level2/2025/03/29/KDVN/KDVN20250329_112717_V06', 's3://noaa-nexrad-level2/2025/03/29/KIWX/KIWX20250329_112731_V06']"
111751,F,CRJ9,BHM UA /OV VUZ150030/TM 1128/FL210/TP CRJ9/TB CONS LGT CHOP OCNL MOD CHOP/RM ZTLFD-13,CONS LGT CHOP OCNL MOD CHOP,202503291100-KMSC-UBUS01-PIREP,21000.0,33.236952224043854,-86.59958318399342,2025-03-29 11:28:00,2.0,U,"('KBMX', 'KMXX', 'KHTX', 'KGWX', 'KFFC')","['s3://noaa-nexrad-level2/2025/03/29/KBMX/KBMX20250329_112349_V06', 's3://noaa-nexrad-level2/2025/03/29/KMXX/KMXX20250329_112233_V06', 's3://noaa-nexrad-level2/2025/03/29/KHTX/KHTX20250329_112752_V06', 's3://noaa-nexrad-level2/2025/03/29/KGWX/KGWX20250329_112250_V06', 's3://noaa-nexrad-level2/2025/03/29/KFFC/KFFC20250329_112758_V06']"
111752,F,B757,ALB UA /OV ALB190005/TM 1130/FL023/TP B757/SK OVC006-TOP023/WV 8KT TAILWIND/TB LGT CHOP/RM DURD RY01 ALB,LGT CHOP,202503291100-KMSC-UBUS01-PIREP,2300.0,42.675496039790005,-73.82332016988889,2025-03-29 11:30:00,1.0,M,"('KENX', 'KCXX', 'KOKX', 'KTYX', 'KBGM')","['s3://noaa-nexrad-level2/2025/03/29/KENX/KENX20250329_112913_V06', 's3://noaa-nexrad-level2/2025/03/29/KCXX/KCXX20250329_112742_V06', 's3://noaa-nexrad-level2/2025/03/29/KOKX/KOKX20250329_112254_V06', 's3://noaa-nexrad-level2/2025/03/29/KTYX/KTYX20250329_112725_V06', 's3://noaa-nexrad-level2/2025/03/29/KBGM/KBGM20250329_112458_V06']"
111753,F,CL30,GRD UA /OV GRD/TM 1130/FL160/TP CL30/TB NEG/RM ZTLFD-31,NEG,202503291100-KMSC-UBUS01-PIREP,16000.0,34.25,-82.16,2025-03-29 11:30:00,0.0,U,"('KGSP', 'KCAE', 'KCLX', 'KJGX', 'KMRX')","['s3://noaa-nexrad-level2/2025/03/29/KGSP/KGSP20250329_112739_V06', 's3://noaa-nexrad-level2/2025/03/29/KCAE/KCAE20250329_112243_V06', 's3://noaa-nexrad-level2/2025/03/29/KJGX/KJGX20250329_112804_V06', 's3://noaa-nexrad-level2/2025/03/29/KMRX/KMRX20250329_112625_V06']"
111754,F,B737,MGM UA /OV MGM200050/TM 1130/FL300/TP B737/TB LGT CHOP/RM ZTLFD-11,LGT CHOP,202503291100-KMSC-UBUS01-PIREP,30000.0,31.51749938669641,-86.73119318234507,2025-03-29 11:30:00,1.0,M,"('KEVX', 'KEOX', 'KMXX', 'KBMX', 'KMOB')","['s3://noaa-nexrad-level2/2025/03/29/KEVX/KEVX20250329_112757_V06', 's3://noaa-nexrad-level2/2025/03/29/KEOX/KEOX20250329_112638_V06', 's3://noaa-nexrad-level2/2025/03/29/KMXX/KMXX20250329_112832_V06', 's3://noaa-nexrad-level2/2025/03/29/KBMX/KBMX20250329_112939_V06', 's3://noaa-nexrad-level2/2025/03/29/KMOB/KMOB20250329_112926_V06']"
111755,F,E170,MEM UA /OV MEM135020/TM 1131/FL280/TP E170/TB CONS LGT OCNL MOD CHOP/RM ZME,CONS LGT OCNL MOD CHOP,202503291100-KMSC-UBUS01-PIREP,28000.0,34.8253886477023,-89.69702213145325,2025-03-29 11:31:00,2.0,U,"('KNQA', 'KGWX', 'KPAH', 'KDGX', 'KLZK')","['s3://noaa-nexrad-level2/2025/03/29/KNQA/KNQA20250329_112712_V06', 's3://noaa-nexrad-level2/2025/03/29/KGWX/KGWX20250329_112946_V06', 's3://noaa-nexrad-level2/2025/03/29/KPAH/KPAH20250329_113053_V06', 's3://noaa-nexrad-level2/2025/03/29/KDGX/KDGX20250329_112949_V06', 's3://noaa-nexrad-level2/2025/03/29/KLZK/KLZK20250329_113024_V06']"
111756,F,A320,ATL UA /OV SDZ285022/TM 1131/FL200/TP A320/TB NEG CHOP 200/RM ZTLFD-29,NEG CHOP 200,202503291100-KMSC-UBUS01-PIREP,20000.0,35.31490800347092,-80.02356906830731,2025-03-29 11:31:00,0.0,M,"('KRAX', 'KFCX', 'KCAE', 'KLTX', 'KGSP')","['s3://noaa-nexrad-level2/2025/03/29/KRAX/KRAX20250329_112753_V06', 's3://noaa-nexrad-level2/2025/03/29/KFCX/KFCX20250329_112426_V06', 's3://noaa-nexrad-level2/2025/03/29/KCAE/KCAE20250329_112243_V06', 's3://noaa-nexrad-level2/2025/03/29/KLTX/KLTX20250329_112757_V06', 's3://noaa-nexrad-level2/2025/03/29/KGSP/KGSP20250329_112739_V06']"
111757,F,B712,DBN UA /OV DBN360010/TM 1131/FL200/TP B712/TB OCNL LGT CHOP/RM ZTLFD-20,OCNL LGT CHOP,202503291100-KMSC-UBUS01-PIREP,20000.0,32.73109686668017,-82.9852778,2025-03-29 11:31:00,1.0,M,"('KJGX', 'KFFC', 'KVAX', 'KCLX', 'KCAE')","['s3://noaa-nexrad-level2/2025/03/29/KJGX/KJGX20250329_112804_V06', 's3://noaa-nexrad-level2/2025/03/29/KFFC/KFFC20250329_112758_V06', 's3://noaa-nexrad-level2/2025/03/29/KVAX/KVAX20250329_112706_V06', 's3://noaa-nexrad-level2/2025/03/29/KCAE/KCAE20250329_112243_V06']"
111758,F,A321,DAY UA /OV ROD/TM 1131/FL280/TP A321/TB NEG,NEG,202503291100-KMSC-UBUS01-PIREP,28000.0,40.29,-84.04,2025-03-29 11:31:00,0.0,M,"('KILN', 'KIWX', 'KIND', 'KCLE', 'KDTX')","['s3://noaa-nexrad-level2/2025/03/29/KILN/KILN20250329_112606_V06', 's3://noaa-nexrad-level2/2025/03/29/KIWX/KIWX20250329_112731_V06', 's3://noaa-nexrad-level2/2025/03/29/KIND/KIND20250329_112640_V06', 's3://noaa-nexrad-level2/2025/03/29/KCLE/KCLE20250329_112445_V06', 's3://noaa-nexrad-level2/2025/03/29/KDTX/KDTX20250329_112744_V06']"
111759,F,E175,LOZ UA /OV AZQ345010/TM 1131/FL340/TP E175/TB MOD CHOP LGT,MOD CHOP LGT,202503291100-KMSC-UBUS01-PIREP,34000.0,37.55100067772654,-83.31429689391962,2025-03-29 11:31:00,2.0,U,"('KJKL', 'KMRX', 'KRLX', 'KILN', 'KLVX')","['s3://noaa-nexrad-level2/2025/03/29/KJKL/KJKL20250329_112819_V06', 's3://noaa-nexrad-level2/2025/03/29/KMRX/KMRX20250329_112625_V06', 's3://noaa-nexrad-level2/2025/03/29/KRLX/KRLX20250329_112635_V06', 's3://noaa-nexrad-level2/2025/03/29/KILN/KILN20250329_112606_V06', 's3://noaa-nexrad-level2/2025/03/29/KLVX/KLVX20250329_112853_V06']"
111760,F,E170,ATL UA /OV ATL180045/TM 1132/FL310/TP E170/TB OCNL LGT CHOP/RM ZTLFD-22,OCNL LGT CHOP,202503291100-KMSC-UBUS01-PIREP,31000.0,32.88003924993925,-84.4418,2025-03-29 11:32:00,1.0,U,"('KFFC', 'KJGX', 'KMXX', 'KEOX', 'KBMX')","['s3://noaa-nexrad-level2/2025/03/29/KFFC/KFFC20250329_112758_V06', 's3://noaa-nexrad-level2/2025/03/29/KJGX/KJGX20250329_112804_V06', 's3://noaa-nexrad-level2/2025/03/29/KMXX/KMXX20250329_112832_V06', 's3://noaa-nexrad-level2/2025/03/29/KEOX/KEOX20250329_113009_V06', 's3://noaa-nexrad-level2/2025/03/29/KBMX/KBMX20250329_112939_V06']"
111761,F,A321,CHS UA /OV CHS280040/TM 1132/FL180/TP A321/TB LGT-MOD CHOP,LGT-MOD CHOP,202503291100-KMSC-UBUS01-PIREP,18000.0,33.014374828788924,-80.82249829557252,2025-03-29 11:32:00,2.0,M,"('KCLX', 'KCAE', 'KGSP', 'KJGX', 'KLTX')","['s3://noaa-nexrad-level2/2025/03/29/KCAE/KCAE20250329_112243_V06', 's3://noaa-nexrad-level2/2025/03/29/KGSP/KGSP20250329_112739_V06', 's3://noaa-nexrad-level2/2025/03/29/KJGX/KJGX20250329_112804_V06', 's3://noaa-nexrad-level2/2025/03/29/KLTX/KLTX20250329_112757_V06']"
111762,F,B737,GAD UA /OV GAD/TM 1132/FL360/TP B737/TB CONS LGT OCNL MOD 300-390/IC NEG/RM ZTLFD-02,CONS LGT OCNL MOD 300-390,202503291100-KMSC-UBUS01-PIREP,36000.0,33.97265,-86.08908,2025-03-29 11:32:00,2.0,M,"('KHTX', 'KBMX', 'KMXX', 'KFFC', 'KGWX')","['s3://noaa-nexrad-level2/2025/03/29/KHTX/KHTX20250329_112752_V06', 's3://noaa-nexrad-level2/2025/03/29/KBMX/KBMX20250329_112939_V06', 's3://noaa-nexrad-level2/2025/03/29/KMXX/KMXX20250329_112832_V06', 's3://noaa-nexrad-level2/2025/03/29/KFFC/KFFC20250329_112758_V06', 's3://noaa-nexrad-level2/2025/03/29/KGWX/KGWX20250329_112946_V06']"
111763,F,E190,UCA UA /OV UCA/TM 1132/FL320/TP E190/TB CONS LGT CHOP/RM 300 BETTER,CONS LGT CHOP,202503291100-KMSC-UBUS01-PIREP,32000.0,43.14511,-75.38386,2025-03-29 11:32:00,1.0,U,"('KTYX', 'KBGM', 'KENX', 'KCXX', 'KDIX')","['s3://noaa-nexrad-level2/2025/03/29/KTYX/KTYX20250329_112725_V06', 's3://noaa-nexrad-level2/2025/03/29/KBGM/KBGM20250329_113042_V06', 's3://noaa-nexrad-level2/2025/03/29/KENX/KENX20250329_112913_V06', 's3://noaa-nexrad-level2/2025/03/29/KCXX/KCXX20250329_112742_V06', 's3://noaa-nexrad-level2/2025/03/29/KDIX/KDIX20250329_112842_V06']"
111764,F,B737,DBN UA /OV DBN090015/TM 1133/FL330/TP B737/TB OCNL LGT CHOP/RM ZTLFD-20,OCNL LGT CHOP,202503291100-KMSC-UBUS01-PIREP,33000.0,32.5644167,-82.68861885921784,2025-03-29 11:33:00,1.0,M,"('KJGX', 'KCLX', 'KVAX', 'KFFC', 'KCAE')","['s3://noaa-nexrad-level2/2025/03/29/KJGX/KJGX20250329_112804_V06', 's3://noaa-nexrad-level2/2025/03/29/KVAX/KVAX20250329_113151_V06', 's3://noaa-nexrad-level2/2025/03/29/KFFC/KFFC20250329_112758_V06', 's3://noaa-nexrad-level2/2025/03/29/KCAE/KCAE20250329_113222_V06']"
111765,F,B737,LBL UA /OV LBL268045/TM 1133/FL380/TP B737/TB LGT-MOD/RM ZKC FDC,LGT-MOD,202503291100-KMSC-UBUS01-PIREP,38000.0,37.01804325732658,-101.89901216227366,2025-03-29 11:33:00,2.0,M,"('KAMA', 'KDDC', 'KGLD', 'KPUX', 'KFDX')","['s3://noaa-nexrad-level2/2025/03/29/KAMA/KAMA20250329_112640_V06', 's3://noaa-nexrad-level2/2025/03/29/KDDC/KDDC20250329_112534_V06', 's3://noaa-nexrad-level2/2025/03/29/KGLD/KGLD20250329_112644_V06', 's3://noaa-nexrad-level2/2025/03/29/KPUX/KPUX20250329_113053_V06', 's3://noaa-nexrad-level2/2025/03/29/KFDX/KFDX20250329_112631_V06']"
111766,F,B737,SBN UA /OV VEECK/TM 1135/FL100/TP B737/TB MOD 100,MOD 100,202503291100-KMSC-UBUS01-PIREP,10000.0,67.0,-146.36,2025-03-29 11:35:00,3.0,M,"('PAPD', 'PAIH', 'PAIH', 'PAHG', 'PAKC')","['s3://noaa-nexrad-level2/2025/03/29/PAPD/PAPD20250329_113155_V06', 's3://noaa-nexrad-level2/2025/03/29/PAIH/PAIH20250329_113056_V06', 's3://noaa-nexrad-level2/2025/03/29/PAIH/PAIH20250329_113056_V06', 's3://noaa-nexrad-level2/2025/03/29/PAHG/PAHG20250329_113004_V06', 's3://noaa-nexrad-level2/2025/03/29/PAKC/PAKC20250329_112935_V06']"
111767,F,B738,BTR UA /OV LSU315025/TM 1136/FL360/TP B738/TB MOD/RM ZHU,MOD,202503291100-KMSC-UBUS01-PIREP,36000.0,30.774651690372124,-91.64190014607485,2025-03-29 11:36:00,3.0,M,"('KHDC', 'KPOE', 'KLCH', 'KLIX', 'KDGX')","['s3://noaa-nexrad-level2/2025/03/29/KHDC/KHDC20250329_113413_V06', 's3://noaa-nexrad-level2/2025/03/29/KPOE/KPOE20250329_113406_V06', 's3://noaa-nexrad-level2/2025/03/29/KLCH/KLCH20250329_113024_V06', 's3://noaa-nexrad-level2/2025/03/29/KDGX/KDGX20250329_112949_V06']"
111768,F,C68A,GSO UA /OV GSO317017/TM 1136/FL150/TP C68A/TB NEG CHOP/RM ZTLFD-29,NEG CHOP,202503291100-KMSC-UBUS01-PIREP,15000.0,36.30473366670967,-80.18277434602832,2025-03-29 11:36:00,0.0,U,"('KFCX', 'KRAX', 'KGSP', 'KRLX', 'KCAE')","['s3://noaa-nexrad-level2/2025/03/29/KFCX/KFCX20250329_113304_V06', 's3://noaa-nexrad-level2/2025/03/29/KRAX/KRAX20250329_112753_V06', 's3://noaa-nexrad-level2/2025/03/29/KGSP/KGSP20250329_113559_V06', 's3://noaa-nexrad-level2/2025/03/29/KRLX/KRLX20250329_113314_V06', 's3://noaa-nexrad-level2/2025/03/29/KCAE/KCAE20250329_113222_V06']"
111769,F,A321,FWA UA /OV FWA260010/TM 1137/FL320/TP A321/TB CONS LGT CHOP,CONS LGT CHOP,202503291100-KMSC-UBUS01-PIREP,32000.0,40.94910629280277,-85.40455573545445,2025-03-29 11:37:00,1.0,M,"('KIWX', 'KIND', 'KGRR', 'KILN', 'KDTX')","['s3://noaa-nexrad-level2/2025/03/29/KIWX/KIWX20250329_113619_V06', 's3://noaa-nexrad-level2/2025/03/29/KIND/KIND20250329_113618_V06', 's3://noaa-nexrad-level2/2025/03/29/KGRR/KGRR20250329_113344_V06', 's3://noaa-nexrad-level2/2025/03/29/KILN/KILN20250329_113251_V06', 's3://noaa-nexrad-level2/2025/03/29/KDTX/KDTX20250329_113648_V06']"
111770,F,B38M,LNK UA /OV LNK360030/TM 1138/FL250/TP B38M/SK TOP250/TB CONS LGT/CONS MOD 160-250,CONS LGT,202503291100-KMSC-UBUS01-PIREP,25000.0,41.3312185000405,-96.763275,2025-03-29 11:38:00,1.0,U,"('KOAX', 'KUEX', 'KFSD', 'KTWX', 'KDMX')","['s3://noaa-nexrad-level2/2025/03/29/KOAX/KOAX20250329_113343_V06', 's3://noaa-nexrad-level2/2025/03/29/KUEX/KUEX20250329_113742_V06', 's3://noaa-nexrad-level2/2025/03/29/KFSD/KFSD20250329_113526_V06', 's3://noaa-nexrad-level2/2025/03/29/KTWX/KTWX20250329_113440_V06', 's3://noaa-nexrad-level2/2025/03/29/KDMX/KDMX20250329_113516_V06']"
111771,F,BE50,BNA UA /OV TZV/TM 1139/FL045/TP BE50/SK SKC/TB NEG/IC NEG/RM ZME,NEG,202503291100-KMSC-UBUS01-PIREP,4500.0,36.72,-85.65,2025-03-29 11:39:00,0.0,L,"('KOHX', 'KLVX', 'KHPX', 'KHTX', 'KMRX')","['s3://noaa-nexrad-level2/2025/03/29/KOHX/KOHX20250329_113815_V06', 's3://noaa-nexrad-level2/2025/03/29/KLVX/KLVX20250329_113737_V06', 's3://noaa-nexrad-level2/2025/03/29/KHPX/KHPX20250329_113318_V06', 's3://noaa-nexrad-level2/2025/03/29/KHTX/KHTX20250329_113806_V06', 's3://noaa-nexrad-level2/2025/03/29/KMRX/KMRX20250329_113309_V06']"
111772,F,SR22,THA UA /OV THA090020/TM 1139/FL060/TP SR22/SK SKC/TB NEG/IC NEG/RM ZME,NEG,202503291100-KMSC-UBUS01-PIREP,6000.0,35.38,-85.8378344456375,2025-03-29 11:39:00,0.0,L,"('KHTX', 'KOHX', 'KHPX', 'KFFC', 'KBMX')","['s3://noaa-nexrad-level2/2025/03/29/KHTX/KHTX20250329_113806_V06', 's3://noaa-nexrad-level2/2025/03/29/KOHX/KOHX20250329_113815_V06', 's3://noaa-nexrad-level2/2025/03/29/KHPX/KHPX20250329_113318_V06', 's3://noaa-nexrad-level2/2025/03/29/KFFC/KFFC20250329_113441_V06', 's3://noaa-nexrad-level2/2025/03/29/KBMX/KBMX20250329_113528_V06']"
111773,F,B7374,CEW UA /OV CEW185037/TM 1140/FL340/TP B7374/SK SKC/TB CONS LGT CHOP/IC NEG,CONS LGT CHOP,202503291100-KMSC-UBUS01-PIREP,34000.0,30.16563017620183,-86.58256312539827,2025-03-29 11:40:00,1.0,U,"('KEVX', 'KEOX', 'KMOB', 'KTLH', 'KMXX')","['s3://noaa-nexrad-level2/2025/03/29/KEVX/KEVX20250329_113422_V06', 's3://noaa-nexrad-level2/2025/03/29/KEOX/KEOX20250329_113713_V06', 's3://noaa-nexrad-level2/2025/03/29/KMOB/KMOB20250329_113622_V06', 's3://noaa-nexrad-level2/2025/03/29/KTLH/KTLH20250329_113703_V06', 's3://noaa-nexrad-level2/2025/03/29/KMXX/KMXX20250329_113425_V06']"
111774,F,A320,CMH UA /OV APE/TM 1140/FL340/TP A320/TB CONS LGT CHOP,CONS LGT CHOP,202503291100-KMSC-UBUS01-PIREP,34000.0,40.15,-82.59,2025-03-29 11:40:00,1.0,M,"('KILN', 'KCLE', 'KRLX', 'KPBZ', 'KJKL')","['s3://noaa-nexrad-level2/2025/03/29/KILN/KILN20250329_113936_V06', 's3://noaa-nexrad-level2/2025/03/29/KCLE/KCLE20250329_113559_V06', 's3://noaa-nexrad-level2/2025/03/29/KRLX/KRLX20250329_113953_V06', 's3://noaa-nexrad-level2/2025/03/29/KPBZ/KPBZ20250329_113705_V06', 's3://noaa-nexrad-level2/2025/03/29/KJKL/KJKL20250329_113505_V06']"
111775,F,A319,FSD UA /OV FSD/TM 1141/FL320/TP A319/TB CONS LGT CHOP,CONS LGT CHOP,202503291100-KMSC-UBUS01-PIREP,32000.0,43.57694,-96.75361,2025-03-29 11:41:00,1.0,M,"('KFSD', 'KOAX', 'KABR', 'KMPX', 'KDMX')","['s3://noaa-nexrad-level2/2025/03/29/KFSD/KFSD20250329_113927_V06', 's3://noaa-nexrad-level2/2025/03/29/KOAX/KOAX20250329_113809_V06', 's3://noaa-nexrad-level2/2025/03/29/KABR/KABR20250329_113517_V06', 's3://noaa-nexrad-level2/2025/03/29/KMPX/KMPX20250329_114036_V06', 's3://noaa-nexrad-level2/2025/03/29/KDMX/KDMX20250329_113948_V06']"
111776,F,A20N,SUX UA /OV SUX/TM 1141/FL340/TP A20N/TB CONS LGT CHOP,CONS LGT CHOP,202503291100-KMSC-UBUS01-PIREP,34000.0,42.391678,-96.379478,2025-03-29 11:41:00,1.0,U,"('KOAX', 'KFSD', 'KDMX', 'KUEX', 'KTWX')","['s3://noaa-nexrad-level2/2025/03/29/KOAX/KOAX20250329_113809_V06', 's3://noaa-nexrad-level2/2025/03/29/KFSD/KFSD20250329_113927_V06', 's3://noaa-nexrad-level2/2025/03/29/KDMX/KDMX20250329_113948_V06', 's3://noaa-nexrad-level2/2025/03/29/KUEX/KUEX20250329_113742_V06', 's3://noaa-nexrad-level2/2025/03/29/KTWX/KTWX20250329_113851_V06']"
111777,F,A320,YKN UA /OV YKN/TM 1141/FL380/TP A320/TB NEG,NEG,202503291100-KMSC-UBUS01-PIREP,38000.0,42.91669,-97.38594,2025-03-29 11:41:00,0.0,M,"('KFSD', 'KOAX', 'KABR', 'KUEX', 'KLNX')","['s3://noaa-nexrad-level2/2025/03/29/KFSD/KFSD20250329_113927_V06', 's3://noaa-nexrad-level2/2025/03/29/KOAX/KOAX20250329_113809_V06', 's3://noaa-nexrad-level2/2025/03/29/KABR/KABR20250329_113517_V06', 's3://noaa-nexrad-level2/2025/03/29/KUEX/KUEX20250329_113742_V06', 's3://noaa-nexrad-level2/2025/03/29/KLNX/KLNX20250329_113948_V06']"
111778,F,B738,AKO UA /OV TXC/TM 1142/FL320/TP B738/SK TOP 320/TB LGT CHOP OCNL LGT/RM ZDVWC-34,LGT CHOP OCNL LGT,202503291100-KMSC-UBUS01-PIREP,32000.0,39.7,-103.21,2025-03-29 11:42:00,1.0,M,"('KFTG', 'KGLD', 'KPUX', 'KCYS', 'KLNX')","['s3://noaa-nexrad-level2/2025/03/29/KFTG/KFTG20250329_113617_V06', 's3://noaa-nexrad-level2/2025/03/29/KGLD/KGLD20250329_114026_V06', 's3://noaa-nexrad-level2/2025/03/29/KPUX/KPUX20250329_114008_V06', 's3://noaa-nexrad-level2/2025/03/29/KCYS/KCYS20250329_113940_V06', 's3://noaa-nexrad-level2/2025/03/29/KLNX/KLNX20250329_113948_V06']"
111779,F,A21N,CSG UA /OV CSG/TM 1143/FL360/TP A21N/TB OCNL LGT CHOP/RM ZTLFD-08,OCNL LGT CHOP,202503291100-KMSC-UBUS01-PIREP,36000.0,32.51611,-84.94222,2025-03-29 11:43:00,1.0,U,"('KMXX', 'KFFC', 'KEOX', 'KJGX', 'KBMX')","['s3://noaa-nexrad-level2/2025/03/29/KMXX/KMXX20250329_114020_V06', 's3://noaa-nexrad-level2/2025/03/29/KFFC/KFFC20250329_114123_V06', 's3://noaa-nexrad-level2/2025/03/29/KEOX/KEOX20250329_114046_V06', 's3://noaa-nexrad-level2/2025/03/29/KJGX/KJGX20250329_114129_V06', 's3://noaa-nexrad-level2/2025/03/29/KBMX/KBMX20250329_114103_V06']"
111780,F,E145,SPA UA /OV SPA/TM 1144/FL180/TP E145/TB LGT CHOP/RM ZTLFD-31,LGT CHOP,202503291100-KMSC-UBUS01-PIREP,18000.0,34.9157222,-81.9565,2025-03-29 11:44:00,1.0,M,"('KGSP', 'KCAE', 'KMRX', 'KCLX', 'KJGX')","['s3://noaa-nexrad-level2/2025/03/29/KGSP/KGSP20250329_113559_V06', 's3://noaa-nexrad-level2/2025/03/29/KCAE/KCAE20250329_114200_V06', 's3://noaa-nexrad-level2/2025/03/29/KMRX/KMRX20250329_113952_V06', 's3://noaa-nexrad-level2/2025/03/29/KJGX/KJGX20250329_114129_V06']"
111781,F,B738,CCY UA /OV CCY/TM 1145/FL340/TP B738/SK TOPUNKN/TB OCNL LGT CHOP,OCNL LGT CHOP,202503291100-KMSC-UBUS01-PIREP,34000.0,43.0730055556,-92.6132222222,2025-03-29 11:45:00,1.0,M,"('KARX', 'KDMX', 'KMPX', 'KDVN', 'KDLH')","['s3://noaa-nexrad-level2/2025/03/29/KARX/KARX20250329_114401_V06', 's3://noaa-nexrad-level2/2025/03/29/KDMX/KDMX20250329_114421_V06', 's3://noaa-nexrad-level2/2025/03/29/KMPX/KMPX20250329_114036_V06', 's3://noaa-nexrad-level2/2025/03/29/KDVN/KDVN20250329_114042_V06', 's3://noaa-nexrad-level2/2025/03/29/KDLH/KDLH20250329_113325_V06']"
111782,F,A321,MSL UA /OV MSL/TM 1145/FL360/TP A321/TB MOD CHOP/RM ZME,MOD CHOP,202503291100-KMSC-UBUS01-PIREP,36000.0,34.74385,-87.59962,2025-03-29 11:45:00,3.0,M,"('KGWX', 'KHTX', 'KBMX', 'KOHX', 'KHPX')","['s3://noaa-nexrad-level2/2025/03/29/KGWX/KGWX20250329_114337_V06', 's3://noaa-nexrad-level2/2025/03/29/KHTX/KHTX20250329_114319_V06', 's3://noaa-nexrad-level2/2025/03/29/KBMX/KBMX20250329_114103_V06', 's3://noaa-nexrad-level2/2025/03/29/KOHX/KOHX20250329_114348_V06', 's3://noaa-nexrad-level2/2025/03/29/KHPX/KHPX20250329_114010_V06']"
111783,F,B737,SAT UA /OV SAT090040/TM 1147/FL220/TP B737/TB MOD CHOP FL220-240/RM ZHU,MOD CHOP FL220-240,202503291100-KMSC-UBUS01-PIREP,22000.0,29.53369,-97.70349253799208,2025-03-29 11:47:00,3.0,M,"('KEWX', 'KGRK', 'KCRP', 'KDFX', 'KHGX')","['s3://noaa-nexrad-level2/2025/03/29/KEWX/KEWX20250329_114346_V06', 's3://noaa-nexrad-level2/2025/03/29/KGRK/KGRK20250329_114647_V06', 's3://noaa-nexrad-level2/2025/03/29/KCRP/KCRP20250329_113848_V06', 's3://noaa-nexrad-level2/2025/03/29/KDFX/KDFX20250329_114330_V06', 's3://noaa-nexrad-level2/2025/03/29/KHGX/KHGX20250329_114537_V06']"
111784,F,B752,BTV UA /OV BTV170030/TM 1150/FL100/TP B752/TB MOD TURB,MOD TURB,202503291100-KMSC-UBUS01-PIREP,10000.0,43.977556238740014,-73.0283225744084,2025-03-29 11:50:00,3.0,M,"('KCXX', 'KENX', 'KTYX', 'KBOX', 'KGYX')","['s3://noaa-nexrad-level2/2025/03/29/KCXX/KCXX20250329_114919_V06', 's3://noaa-nexrad-level2/2025/03/29/KENX/KENX20250329_114744_V06', 's3://noaa-nexrad-level2/2025/03/29/KTYX/KTYX20250329_114529_V06', 's3://noaa-nexrad-level2/2025/03/29/KBOX/KBOX20250329_114920_V06', 's3://noaa-nexrad-level2/2025/03/29/KGYX/KGYX20250329_114735_V06']"
111785,F,C421,LUM UA /OV LUM/TM 1150/FL160/TP C421/TA M11/TB CONS LGT CHOP/IC NEG,CONS LGT CHOP,202503291100-KMSC-UBUS01-PIREP,16000.0,44.8923464,-91.8677794,2025-03-29 11:50:00,1.0,L,"('KARX', 'KMPX', 'KDLH', 'KDVN', 'KDMX')","['s3://noaa-nexrad-level2/2025/03/29/KARX/KARX20250329_114846_V06', 's3://noaa-nexrad-level2/2025/03/29/KMPX/KMPX20250329_114559_V06', 's3://noaa-nexrad-level2/2025/03/29/KDLH/KDLH20250329_114532_V06', 's3://noaa-nexrad-level2/2025/03/29/KDVN/KDVN20250329_114725_V06', 's3://noaa-nexrad-level2/2025/03/29/KDMX/KDMX20250329_114853_V06']"
111786,F,C421,LUM UA /OV LUM/TM 1150/FL160/TP C421/SK SKC/TA M11/TB CONS LGT CHOP/IC NEG,CONS LGT CHOP,202503291100-KMSC-UBUS01-PIREP,16000.0,44.8923464,-91.8677794,2025-03-29 11:50:00,1.0,L,"('KARX', 'KMPX', 'KDLH', 'KDVN', 'KDMX')","['s3://noaa-nexrad-level2/2025/03/29/KARX/KARX20250329_114846_V06', 's3://noaa-nexrad-level2/2025/03/29/KMPX/KMPX20250329_114559_V06', 's3://noaa-nexrad-level2/2025/03/29/KDLH/KDLH20250329_114532_V06', 's3://noaa-nexrad-level2/2025/03/29/KDVN/KDVN20250329_114725_V06', 's3://noaa-nexrad-level2/2025/03/29/KDMX/KDMX20250329_114853_V06']"
111787,F,E170,TPA UA /OV TPA340030/TM 1150/FL310/TP E170/TB CONS LGT-MOD,CONS LGT-MOD,202503291200-KMSC-UBUS01-PIREP,31000.0,28.43178436798216,-82.7339281552022,2025-03-29 11:50:00,2.0,U,"('KTBW', 'KMLB', 'KJAX', 'KVAX', 'KTLH')","['s3://noaa-nexrad-level2/2025/03/29/KTBW/KTBW20250329_114541_V06', 's3://noaa-nexrad-level2/2025/03/29/KMLB/KMLB20250329_114901_V06', 's3://noaa-nexrad-level2/2025/03/29/KJAX/KJAX20250329_114737_V06', 's3://noaa-nexrad-level2/2025/03/29/KVAX/KVAX20250329_114953_V06', 's3://noaa-nexrad-level2/2025/03/29/KTLH/KTLH20250329_114346_V06']"
111788,F,A21N,BAF UA /OV CTR260020/TM 1153/FL320/TP A21N/TB CONS LGT CHOP 320,CONS LGT CHOP 320,202503291100-KMSC-UBUS01-PIREP,32000.0,42.232112585605535,-73.39379383017196,2025-03-29 11:53:00,1.0,U,"('KENX', 'KOKX', 'KBOX', 'KCXX', 'KDIX')","['s3://noaa-nexrad-level2/2025/03/29/KENX/KENX20250329_115222_V06', 's3://noaa-nexrad-level2/2025/03/29/KOKX/KOKX20250329_114736_V06', 's3://noaa-nexrad-level2/2025/03/29/KBOX/KBOX20250329_114920_V06', 's3://noaa-nexrad-level2/2025/03/29/KCXX/KCXX20250329_114919_V06', 's3://noaa-nexrad-level2/2025/03/29/KDIX/KDIX20250329_114856_V06']"
111789,F,B738,BKW UA /OV HMV090020/TM 1153/FL340/TP B738/TB CONS LGT CHOP,CONS LGT CHOP,202503291100-KMSC-UBUS01-PIREP,34000.0,36.44,-81.71561975872093,2025-03-29 11:53:00,1.0,M,"('KFCX', 'KGSP', 'KMRX', 'KRLX', 'KJKL')","['s3://noaa-nexrad-level2/2025/03/29/KFCX/KFCX20250329_115007_V06', 's3://noaa-nexrad-level2/2025/03/29/KGSP/KGSP20250329_114434_V06', 's3://noaa-nexrad-level2/2025/03/29/KMRX/KMRX20250329_114635_V06', 's3://noaa-nexrad-level2/2025/03/29/KRLX/KRLX20250329_114633_V06', 's3://noaa-nexrad-level2/2025/03/29/KJKL/KJKL20250329_114836_V06']"
111790,F,C208,ERI UA /OV KERI/TM 1153/FL030/TP C208/WV 24055 BLO 005/TB MOD BLO 030,MOD BLO 030,202503291100-KMSC-UBUS01-PIREP,3000.0,42.08,-80.18,2025-03-29 11:53:00,3.0,L,"('KPBZ', 'KBUF', 'KCLE', 'KCCX', 'KDTX')","['s3://noaa-nexrad-level2/2025/03/29/KPBZ/KPBZ20250329_115215_V06', 's3://noaa-nexrad-level2/2025/03/29/KBUF/KBUF20250329_115211_V06', 's3://noaa-nexrad-level2/2025/03/29/KCLE/KCLE20250329_114927_V06', 's3://noaa-nexrad-level2/2025/03/29/KCCX/KCCX20250329_115052_V06', 's3://noaa-nexrad-level2/2025/03/29/KDTX/KDTX20250329_115022_V06']"
111791,F,A319,CMH UA /OV 15 W CMH/TM 1154/FL180/TP A319/TB CONS LGT CHOP/IC NEG /RM 150-180 DURC,CONS LGT CHOP,202503291100-KMSC-UBUS01-PIREP,18000.0,39.99139,-83.2071671114255,2025-03-29 11:54:00,1.0,M,"('KILN', 'KCLE', 'KRLX', 'KJKL', 'KDTX')","['s3://noaa-nexrad-level2/2025/03/29/KILN/KILN20250329_115305_V06', 's3://noaa-nexrad-level2/2025/03/29/KCLE/KCLE20250329_115355_V06', 's3://noaa-nexrad-level2/2025/03/29/KRLX/KRLX20250329_115312_V06', 's3://noaa-nexrad-level2/2025/03/29/KJKL/KJKL20250329_114836_V06', 's3://noaa-nexrad-level2/2025/03/29/KDTX/KDTX20250329_115022_V06']"
111792,F,BE99,ART UA /OV ART090040/TM 1154/FL110/TP BE99/TA M02/TB OCNL LGT CHOP/IC LGT CLR,OCNL LGT CHOP,202503291200-KMSC-UBUS01-PIREP,11000.0,43.98883,-75.09952364611014,2025-03-29 11:54:00,1.0,L,"('KTYX', 'KENX', 'KBGM', 'KCXX', 'KBUF')","['s3://noaa-nexrad-level2/2025/03/29/KTYX/KTYX20250329_115121_V06', 's3://noaa-nexrad-level2/2025/03/29/KENX/KENX20250329_115222_V06', 's3://noaa-nexrad-level2/2025/03/29/KBGM/KBGM20250329_114959_V06', 's3://noaa-nexrad-level2/2025/03/29/KCXX/KCXX20250329_114919_V06', 's3://noaa-nexrad-level2/2025/03/29/KBUF/KBUF20250329_115211_V06']"
111793,F,C560,IOW UA /OV IOW/TM 1157/FL410/TP C560/TB CONS LGT CHOP,CONS LGT CHOP,202503291200-KMSC-UBUS01-PIREP,41000.0,41.63939,-91.544535,2025-03-29 11:57:00,1.0,M,"('KDVN', 'KDMX', 'KARX', 'KILX', 'KLSX')","['s3://noaa-nexrad-level2/2025/03/29/KDVN/KDVN20250329_115408_V06', 's3://noaa-nexrad-level2/2025/03/29/KDMX/KDMX20250329_115326_V06', 's3://noaa-nexrad-level2/2025/03/29/KARX/KARX20250329_115330_V06', 's3://noaa-nexrad-level2/2025/03/29/KILX/KILX20250329_115648_V06', 's3://noaa-nexrad-level2/2025/03/29/KLSX/KLSX20250329_115404_V06']"
111794,F,CL35,PWM UA /OV PWM/TM 1157/FL140/TP CL35/TA M08/WV 120080KTS/TB LGT/IC NEG/RM DURD,LGT,202503291200-KMSC-UBUS01-PIREP,14000.0,43.64243,-70.30442,2025-03-29 11:57:00,1.0,U,"('KGYX', 'KBOX', 'KCXX', 'KCBW', 'KOKX')","['s3://noaa-nexrad-level2/2025/03/29/KGYX/KGYX20250329_115340_V06', 's3://noaa-nexrad-level2/2025/03/29/KBOX/KBOX20250329_115342_V06', 's3://noaa-nexrad-level2/2025/03/29/KCXX/KCXX20250329_115435_V06', 's3://noaa-nexrad-level2/2025/03/29/KCBW/KCBW20250329_115333_V06', 's3://noaa-nexrad-level2/2025/03/29/KOKX/KOKX20250329_115551_V06']"
111795,F,B737,TYS UA /OV VXV/TM 1158/FL400/TP B737/TB LGT CHOP 400/RM ZTLFD-40,LGT CHOP 400,202503291200-KMSC-UBUS01-PIREP,40000.0,35.9,-83.89,2025-03-29 11:58:00,1.0,M,"('KMRX', 'KJKL', 'KGSP', 'KHTX', 'KFFC')","['s3://noaa-nexrad-level2/2025/03/29/KMRX/KMRX20250329_115317_V06', 's3://noaa-nexrad-level2/2025/03/29/KJKL/KJKL20250329_115521_V06', 's3://noaa-nexrad-level2/2025/03/29/KGSP/KGSP20250329_115308_V06', 's3://noaa-nexrad-level2/2025/03/29/KHTX/KHTX20250329_115401_V06', 's3://noaa-nexrad-level2/2025/03/29/KFFC/KFFC20250329_115449_V06']"
111796,F,E75L,EGE UA /OV RLG024033/TM 1159/FL260/TP E75L/TB CONS LGT ABV 270 INTMT LGT CHOP 260/RM DURD. ZDVWC-13,CONS LGT ABV 270 INTMT LGT CHOP 260,202503291200-KMSC-UBUS01-PIREP,26000.0,40.502490700194265,-106.1479500075526,2025-03-29 11:59:00,1.0,U,"('KCYS', 'KFTG', 'KGJX', 'KPUX', 'KRIW')","['s3://noaa-nexrad-level2/2025/03/29/KCYS/KCYS20250329_115707_V06', 's3://noaa-nexrad-level2/2025/03/29/KFTG/KFTG20250329_115429_V06', 's3://noaa-nexrad-level2/2025/03/29/KGJX/KGJX20250329_115659_V06', 's3://noaa-nexrad-level2/2025/03/29/KPUX/KPUX20250329_115846_V06', 's3://noaa-nexrad-level2/2025/03/29/KRIW/KRIW20250329_115544_V06']"
111797,F,B748,EVV UA /OV EVV180010/TM 1200/FL100/TP B748/TB NEG /IC NEG,NEG,202503291200-KMSC-UBUS01-PIREP,10000.0,37.87741983331984,-87.5205,2025-03-29 12:00:00,0.0,U,"('KVWX', 'KHPX', 'KPAH', 'KLVX', 'KOHX')","['s3://noaa-nexrad-level2/2025/03/29/KVWX/KVWX20250329_115431_V06', 's3://noaa-nexrad-level2/2025/03/29/KHPX/KHPX20250329_115356_V06', 's3://noaa-nexrad-level2/2025/03/29/KPAH/KPAH20250329_115810_V06', 's3://noaa-nexrad-level2/2025/03/29/KLVX/KLVX20250329_115946_V06', 's3://noaa-nexrad-level2/2025/03/29/KOHX/KOHX20250329_115438_V06']"
111798,F,B38M,RTN UA /OV CIM/TM 1200/FL400/TP B38M/TB MOD CAT/RM MTN WAVE +-10KTS ZAB/FDCS,MOD CAT,202503291200-KMSC-UBUS01-PIREP,40000.0,36.49,-104.87,2025-03-29 12:00:00,3.0,U,"('KPUX', 'KFDX', 'KABX', 'KFTG', 'KAMA')","['s3://noaa-nexrad-level2/2025/03/29/KPUX/KPUX20250329_115846_V06', 's3://noaa-nexrad-level2/2025/03/29/KFDX/KFDX20250329_115423_V06', 's3://noaa-nexrad-level2/2025/03/29/KABX/KABX20250329_115658_V06', 's3://noaa-nexrad-level2/2025/03/29/KFTG/KFTG20250329_115429_V06', 's3://noaa-nexrad-level2/2025/03/29/KAMA/KAMA20250329_115443_V06']"
111799,F,A21N,TAD UA /OV TBE040030/TM 1201/FL370/TP A21N/TB CONS MOD CAT/RM ZAB/FDCS,CONS MOD CAT,202503291200-KMSC-UBUS01-PIREP,37000.0,37.65305324639046,-103.19610001566414,2025-03-29 12:01:00,3.0,U,"('KPUX', 'KGLD', 'KFTG', 'KAMA', 'KFDX')","['s3://noaa-nexrad-level2/2025/03/29/KPUX/KPUX20250329_115846_V06', 's3://noaa-nexrad-level2/2025/03/29/KGLD/KGLD20250329_115425_V06', 's3://noaa-nexrad-level2/2025/03/29/KFTG/KFTG20250329_120034_V06', 's3://noaa-nexrad-level2/2025/03/29/KAMA/KAMA20250329_115443_V06', 's3://noaa-nexrad-level2/2025/03/29/KFDX/KFDX20250329_115423_V06']"
111800,F,B737,LOZ UA /OV LVT040015/TM 1202/FL360/TP B737/TB OCNL LGT CHOP,OCNL LGT CHOP,202503291200-KMSC-UBUS01-PIREP,36000.0,36.77152662319523,-84.96986948201074,2025-03-29 12:02:00,1.0,M,"('KLVX', 'KOHX', 'KMRX', 'KJKL', 'KHTX')","['s3://noaa-nexrad-level2/2025/03/29/KLVX/KLVX20250329_115946_V06', 's3://noaa-nexrad-level2/2025/03/29/KOHX/KOHX20250329_120023_V06', 's3://noaa-nexrad-level2/2025/03/29/KMRX/KMRX20250329_120001_V06', 's3://noaa-nexrad-level2/2025/03/29/KJKL/KJKL20250329_115521_V06', 's3://noaa-nexrad-level2/2025/03/29/KHTX/KHTX20250329_120024_V06']"
111801,F,B737,LIT UA /OV LIT/TM 1203/FL360/TP B737/TB CONS LGT CHOP/RM ZME,CONS LGT CHOP,202503291200-KMSC-UBUS01-PIREP,36000.0,34.7273,-92.23573,2025-03-29 12:03:00,1.0,M,"('KLZK', 'KSRX', 'KNQA', 'KSGF', 'KSHV')","['s3://noaa-nexrad-level2/2025/03/29/KLZK/KLZK20250329_120240_V06', 's3://noaa-nexrad-level2/2025/03/29/KSRX/KSRX20250329_115553_V06', 's3://noaa-nexrad-level2/2025/03/29/KNQA/KNQA20250329_115929_V06', 's3://noaa-nexrad-level2/2025/03/29/KSGF/KSGF20250329_120003_V06', 's3://noaa-nexrad-level2/2025/03/29/KSHV/KSHV20250329_120023_V06']"
111802,F,A321,OMN UA /OV OMN090120/TM 1203/FL290/TP A321/TB NEG 290,NEG 290,202503291200-KMSC-UBUS01-PIREP,29000.0,29.30056,-78.82001586237072,2025-03-29 12:03:00,0.0,M,"('KMLB', 'KJAX', 'KTBW', 'KAMX', 'KAMX')","['s3://noaa-nexrad-level2/2025/03/29/KMLB/KMLB20250329_120233_V06', 's3://noaa-nexrad-level2/2025/03/29/KJAX/KJAX20250329_120059_V06', 's3://noaa-nexrad-level2/2025/03/29/KTBW/KTBW20250329_115920_V06', 's3://noaa-nexrad-level2/2025/03/29/KAMX/KAMX20250329_115931_V06', 's3://noaa-nexrad-level2/2025/03/29/KAMX/KAMX20250329_115931_V06']"
111803,F,SR20,SFB UA /OV KSFB/TM 1204/FL010/TP SR20/SK BKN029/TB NEG 000-020,NEG 000-020,202503291200-KMSC-UBUS01-PIREP,1000.0,28.77972,-81.24361,2025-03-29 12:04:00,0.0,L,"('KMLB', 'KTBW', 'KJAX', 'KVAX', 'KAMX')","['s3://noaa-nexrad-level2/2025/03/29/KMLB/KMLB20250329_120233_V06', 's3://noaa-nexrad-level2/2025/03/29/KTBW/KTBW20250329_115920_V06', 's3://noaa-nexrad-level2/2025/03/29/KJAX/KJAX20250329_120059_V06', 's3://noaa-nexrad-level2/2025/03/29/KVAX/KVAX20250329_120339_V06', 's3://noaa-nexrad-level2/2025/03/29/KAMX/KAMX20250329_115931_V06']"
111804,F,B738,MBPV UA /OV PVN/TM 1204/FL360/TP B738/TB NEG,NEG,202503291200-KMSC-UBUS01-PIREP,36000.0,21.77,-72.26,2025-03-29 12:04:00,0.0,M,"('KAMX', 'KAMX', 'KBYX', 'KMLB', 'KTBW')","['s3://noaa-nexrad-level2/2025/03/29/KAMX/KAMX20250329_115931_V06', 's3://noaa-nexrad-level2/2025/03/29/KAMX/KAMX20250329_115931_V06', 's3://noaa-nexrad-level2/2025/03/29/KBYX/KBYX20250329_120112_V06', 's3://noaa-nexrad-level2/2025/03/29/KMLB/KMLB20250329_120233_V06', 's3://noaa-nexrad-level2/2025/03/29/KTBW/KTBW20250329_115920_V06']"
111805,F,A321,MYNN UA /OV ZQA091095/TM 1204/FL340/TP A321/TB OCNL LGT,OCNL LGT,202503291200-KMSC-UBUS01-PIREP,34000.0,24.972364784867604,-75.70310955368771,2025-03-29 12:04:00,1.0,M,"('KAMX', 'KAMX', 'KMLB', 'KBYX', 'KTBW')","['s3://noaa-nexrad-level2/2025/03/29/KAMX/KAMX20250329_115931_V06', 's3://noaa-nexrad-level2/2025/03/29/KAMX/KAMX20250329_115931_V06', 's3://noaa-nexrad-level2/2025/03/29/KMLB/KMLB20250329_120233_V06', 's3://noaa-nexrad-level2/2025/03/29/KBYX/KBYX20250329_120112_V06', 's3://noaa-nexrad-level2/2025/03/29/KTBW/KTBW20250329_115920_V06']"
111806,F,CRJ9,OWB UA /OV OWB200020/TM 1204/FL170/TP CRJ9/TB LGT CHOP /IC NEG,LGT CHOP,202503291200-KMSC-UBUS01-PIREP,17000.0,37.42557375467857,-87.31100635815089,2025-03-29 12:04:00,1.0,U,"('KHPX', 'KVWX', 'KOHX', 'KLVX', 'KPAH')","['s3://noaa-nexrad-level2/2025/03/29/KHPX/KHPX20250329_120049_V06', 's3://noaa-nexrad-level2/2025/03/29/KVWX/KVWX20250329_120029_V06', 's3://noaa-nexrad-level2/2025/03/29/KOHX/KOHX20250329_120023_V06', 's3://noaa-nexrad-level2/2025/03/29/KLVX/KLVX20250329_115946_V06', 's3://noaa-nexrad-level2/2025/03/29/KPAH/KPAH20250329_115810_V06']"
111807,F,A321,CEW UA /OV CEW120015/TM 1205/FL340/TP A321/SK SKC/TB NEG/IC NEG/RM MOSTLY SMOOTH,NEG,202503291200-KMSC-UBUS01-PIREP,34000.0,30.65498987498988,-86.26797559707198,2025-03-29 12:05:00,0.0,M,"('KEVX', 'KEOX', 'KMXX', 'KTLH', 'KMOB')","['s3://noaa-nexrad-level2/2025/03/29/KEVX/KEVX20250329_120222_V06', 's3://noaa-nexrad-level2/2025/03/29/KEOX/KEOX20250329_120200_V06', 's3://noaa-nexrad-level2/2025/03/29/KMXX/KMXX20250329_120355_V06', 's3://noaa-nexrad-level2/2025/03/29/KTLH/KTLH20250329_115825_V06', 's3://noaa-nexrad-level2/2025/03/29/KMOB/KMOB20250329_120358_V06']"
111808,F,A321,ILM UA /OV ILM200179/TM 1205/FL350/TP A321/TB OCNL LGT CAT,OCNL LGT CAT,202503291200-KMSC-UBUS01-PIREP,35000.0,31.46635660437316,-79.13481496540061,2025-03-29 12:05:00,1.0,M,"('KCLX', 'KLTX', 'KJAX', 'KCAE', 'KMLB')","['s3://noaa-nexrad-level2/2025/03/29/KLTX/KLTX20250329_115925_V06', 's3://noaa-nexrad-level2/2025/03/29/KJAX/KJAX20250329_120059_V06', 's3://noaa-nexrad-level2/2025/03/29/KCAE/KCAE20250329_120117_V06', 's3://noaa-nexrad-level2/2025/03/29/KMLB/KMLB20250329_120233_V06']"
111809,F,A321,BOS UA /OV BOS090/012/TM 1205/FL060/TP A321/TB MOD/RM DURC 030-045,MOD,202503291200-KMSC-UBUS01-PIREP,6000.0,42.36057,-71.00973,2025-03-29 12:05:00,3.0,M,"('KBOX', 'KGYX', 'KOKX', 'KCXX', 'KENX')","['s3://noaa-nexrad-level2/2025/03/29/KBOX/KBOX20250329_120233_V06', 's3://noaa-nexrad-level2/2025/03/29/KGYX/KGYX20250329_115944_V06', 's3://noaa-nexrad-level2/2025/03/29/KOKX/KOKX20250329_120406_V06', 's3://noaa-nexrad-level2/2025/03/29/KCXX/KCXX20250329_120429_V06', 's3://noaa-nexrad-level2/2025/03/29/KENX/KENX20250329_120138_V06']"
111810,F,A319,OKK UA /OV OKK/TM 1208/FL230/TP A319/TB CONS LGT CHOP,CONS LGT CHOP,202503291200-KMSC-UBUS01-PIREP,23000.0,40.52818,-86.05899,2025-03-29 12:08:00,1.0,M,"('KIND', 'KIWX', 'KLOT', 'KGRR', 'KILN')","['s3://noaa-nexrad-level2/2025/03/29/KIND/KIND20250329_120402_V06', 's3://noaa-nexrad-level2/2025/03/29/KIWX/KIWX20250329_120705_V06', 's3://noaa-nexrad-level2/2025/03/29/KLOT/KLOT20250329_120740_V06', 's3://noaa-nexrad-level2/2025/03/29/KGRR/KGRR20250329_120528_V06', 's3://noaa-nexrad-level2/2025/03/29/KILN/KILN20250329_120635_V06']"
111811,F,CRJ9,UES UA /OV BAE090025/TM 1208/FL330/TP CRJ9/TB CONS LGT CHOP,CONS LGT CHOP,202503291200-KMSC-UBUS01-PIREP,33000.0,43.12,-87.70911786169388,2025-03-29 12:08:00,1.0,U,"('KMKX', 'KGRB', 'KLOT', 'KGRR', 'KIWX')","['s3://noaa-nexrad-level2/2025/03/29/KMKX/KMKX20250329_120710_V06', 's3://noaa-nexrad-level2/2025/03/29/KGRB/KGRB20250329_120411_V06', 's3://noaa-nexrad-level2/2025/03/29/KLOT/KLOT20250329_120740_V06', 's3://noaa-nexrad-level2/2025/03/29/KGRR/KGRR20250329_120528_V06', 's3://noaa-nexrad-level2/2025/03/29/KIWX/KIWX20250329_120705_V06']"
111812,F,B737,LOZ UA /OV LOZ360025/TM 1208/FL340/TP B737/TB CONS LGT,CONS LGT,202503291200-KMSC-UBUS01-PIREP,34000.0,37.50370041670042,-84.077,2025-03-29 12:08:00,1.0,M,"('KJKL', 'KMRX', 'KLVX', 'KILN', 'KRLX')","['s3://noaa-nexrad-level2/2025/03/29/KJKL/KJKL20250329_120207_V06', 's3://noaa-nexrad-level2/2025/03/29/KMRX/KMRX20250329_120643_V06', 's3://noaa-nexrad-level2/2025/03/29/KLVX/KLVX20250329_120426_V06', 's3://noaa-nexrad-level2/2025/03/29/KILN/KILN20250329_120635_V06', 's3://noaa-nexrad-level2/2025/03/29/KRLX/KRLX20250329_120631_V06']"
111813,F,B737,TRI UA /OV HMV/TM 1209/FL340/TP B737/WX VMC/TB LGT CHOP/RM VERY LIGHT CHOP ZTLFD-42,LGT CHOP,202503291200-KMSC-UBUS01-PIREP,34000.0,36.44,-82.13,2025-03-29 12:09:00,1.0,M,"('KMRX', 'KGSP', 'KJKL', 'KRLX', 'KFCX')","['s3://noaa-nexrad-level2/2025/03/29/KMRX/KMRX20250329_120643_V06', 's3://noaa-nexrad-level2/2025/03/29/KGSP/KGSP20250329_120149_V06', 's3://noaa-nexrad-level2/2025/03/29/KJKL/KJKL20250329_120852_V06', 's3://noaa-nexrad-level2/2025/03/29/KRLX/KRLX20250329_120631_V06', 's3://noaa-nexrad-level2/2025/03/29/KFCX/KFCX20250329_120650_V06']"
111814,F,CRJ9,2I0 UA /OV 2I0/TM 1209/FL200/TP CRJ9/TA NOT REPORTED /TB LGT CHOP /IC LGT RIME,LGT CHOP,202503291200-KMSC-UBUS01-PIREP,20000.0,37.3559,-87.3982,2025-03-29 12:09:00,1.0,U,"('KHPX', 'KVWX', 'KOHX', 'KPAH', 'KLVX')","['s3://noaa-nexrad-level2/2025/03/29/KHPX/KHPX20250329_120742_V06', 's3://noaa-nexrad-level2/2025/03/29/KVWX/KVWX20250329_120544_V06', 's3://noaa-nexrad-level2/2025/03/29/KOHX/KOHX20250329_120556_V06', 's3://noaa-nexrad-level2/2025/03/29/KPAH/KPAH20250329_120509_V06', 's3://noaa-nexrad-level2/2025/03/29/KLVX/KLVX20250329_120853_V06']"
111815,F,CRJ2,GUC UA /OV HBU223002/TM 1210/FL250/TP CRJ2/TB NEG/RM ZDVWC-75,NEG,202503291200-KMSC-UBUS01-PIREP,25000.0,38.4256195686224,-107.0690303108973,2025-03-29 12:10:00,0.0,M,"('KGJX', 'KFTG', 'KPUX', 'KABX', 'KCYS')","['s3://noaa-nexrad-level2/2025/03/29/KGJX/KGJX20250329_120804_V06', 's3://noaa-nexrad-level2/2025/03/29/KFTG/KFTG20250329_120639_V06', 's3://noaa-nexrad-level2/2025/03/29/KPUX/KPUX20250329_120759_V06', 's3://noaa-nexrad-level2/2025/03/29/KABX/KABX20250329_120558_V06', 's3://noaa-nexrad-level2/2025/03/29/KCYS/KCYS20250329_120807_V06']"
111816,F,CRJ7,GRR UA /OV VIO360020/TM 1211/FL250/TP CRJ7/TB NEG,NEG,202503291200-KMSC-UBUS01-PIREP,25000.0,42.88210929,-85.5229853,2025-03-29 12:11:00,0.0,M,"('KGRR', 'KIWX', 'KDTX', 'KAPX', 'KLOT')","['s3://noaa-nexrad-level2/2025/03/29/KGRR/KGRR20250329_121042_V06', 's3://noaa-nexrad-level2/2025/03/29/KIWX/KIWX20250329_120705_V06', 's3://noaa-nexrad-level2/2025/03/29/KDTX/KDTX20250329_120831_V06', 's3://noaa-nexrad-level2/2025/03/29/KAPX/KAPX20250329_121032_V06', 's3://noaa-nexrad-level2/2025/03/29/KLOT/KLOT20250329_120740_V06']"
111817,F,B737,DEN UA /OV DEN090040/TM 1211/FL230/TP B737/TA M19/TB LGT CHOP 150-270/IC LGT RIME 180-230/RM ZDVWC-07,LGT CHOP 150-270,202503291200-KMSC-UBUS01-PIREP,23000.0,39.8328,-103.78928025042104,2025-03-29 12:11:00,1.0,M,"('KFTG', 'KPUX', 'KCYS', 'KGLD', 'KLNX')","['s3://noaa-nexrad-level2/2025/03/29/KFTG/KFTG20250329_120639_V06', 's3://noaa-nexrad-level2/2025/03/29/KPUX/KPUX20250329_120759_V06', 's3://noaa-nexrad-level2/2025/03/29/KCYS/KCYS20250329_120807_V06', 's3://noaa-nexrad-level2/2025/03/29/KGLD/KGLD20250329_120825_V06', 's3://noaa-nexrad-level2/2025/03/29/KLNX/KLNX20250329_120737_V06']"
111818,F,B738,DEN UA /OV DEN040040/TM 1212/FL150/TP B738/TB MOD CHOP,MOD CHOP,202503291200-KMSC-UBUS01-PIREP,15000.0,40.34353766185394,-104.0994191024855,2025-03-29 12:12:00,3.0,M,"('KFTG', 'KCYS', 'KPUX', 'KGLD', 'KLNX')","['s3://noaa-nexrad-level2/2025/03/29/KFTG/KFTG20250329_120639_V06', 's3://noaa-nexrad-level2/2025/03/29/KCYS/KCYS20250329_120807_V06', 's3://noaa-nexrad-level2/2025/03/29/KPUX/KPUX20250329_120759_V06', 's3://noaa-nexrad-level2/2025/03/29/KGLD/KGLD20250329_120825_V06', 's3://noaa-nexrad-level2/2025/03/29/KLNX/KLNX20250329_121135_V06']"
111819,F,B739,BOS UA /OV BOS090/008/TM 1212/FL030/TP B739/TB MOD/RM DURD 030-045 BASES 020 TOPS 040,MOD,202503291200-KMSC-UBUS01-PIREP,3000.0,42.36057,-71.00973,2025-03-29 12:12:00,3.0,M,"('KBOX', 'KGYX', 'KOKX', 'KCXX', 'KENX')","['s3://noaa-nexrad-level2/2025/03/29/KBOX/KBOX20250329_121125_V06', 's3://noaa-nexrad-level2/2025/03/29/KGYX/KGYX20250329_121154_V06', 's3://noaa-nexrad-level2/2025/03/29/KOKX/KOKX20250329_120406_V06', 's3://noaa-nexrad-level2/2025/03/29/KCXX/KCXX20250329_120918_V06', 's3://noaa-nexrad-level2/2025/03/29/KENX/KENX20250329_121043_V06']"
111820,F,B738,TUP UA /OV OTB/TM 1212/FL300/TP B738/TB MOD CHOP/RM ZME,MOD CHOP,202503291200-KMSC-UBUS01-PIREP,30000.0,34.22,-88.8,2025-03-29 12:12:00,3.0,M,"('KGWX', 'KNQA', 'KDGX', 'KBMX', 'KHTX')","['s3://noaa-nexrad-level2/2025/03/29/KGWX/KGWX20250329_121034_V06', 's3://noaa-nexrad-level2/2025/03/29/KNQA/KNQA20250329_120559_V06', 's3://noaa-nexrad-level2/2025/03/29/KDGX/KDGX20250329_120812_V06', 's3://noaa-nexrad-level2/2025/03/29/KBMX/KBMX20250329_120820_V06', 's3://noaa-nexrad-level2/2025/03/29/KHTX/KHTX20250329_121135_V06']"
111821,F,B738,CVG UA /OV CVG265040/TM 1212/FL200/TP B738/TB OCNL LGT CHOP,OCNL LGT CHOP,202503291200-KMSC-UBUS01-PIREP,20000.0,38.984951465086745,-85.52683527362554,2025-03-29 12:12:00,1.0,M,"('KIND', 'KLVX', 'KILN', 'KVWX', 'KIWX')","['s3://noaa-nexrad-level2/2025/03/29/KIND/KIND20250329_120842_V06', 's3://noaa-nexrad-level2/2025/03/29/KLVX/KLVX20250329_120853_V06', 's3://noaa-nexrad-level2/2025/03/29/KILN/KILN20250329_120635_V06', 's3://noaa-nexrad-level2/2025/03/29/KVWX/KVWX20250329_121100_V06', 's3://noaa-nexrad-level2/2025/03/29/KIWX/KIWX20250329_121129_V06']"
111822,F,SW3,HVC UA /OV HVC/TM 1213/FL130/TP SW3/SK IMC/TB NEG/IC NEG/RM ZME,NEG,202503291200-KMSC-UBUS01-PIREP,13000.0,36.857,-87.4551,2025-03-29 12:13:00,0.0,L,"('KHPX', 'KOHX', 'KPAH', 'KVWX', 'KLVX')","['s3://noaa-nexrad-level2/2025/03/29/KHPX/KHPX20250329_120742_V06', 's3://noaa-nexrad-level2/2025/03/29/KOHX/KOHX20250329_121128_V06', 's3://noaa-nexrad-level2/2025/03/29/KPAH/KPAH20250329_121113_V06', 's3://noaa-nexrad-level2/2025/03/29/KVWX/KVWX20250329_121100_V06', 's3://noaa-nexrad-level2/2025/03/29/KLVX/KLVX20250329_120853_V06']"
111823,F,A21N,HVN UA /OV HVN/TM 1213/FL370/TP A21N/TB LGT-MOD,LGT-MOD,202503291200-KMSC-UBUS01-PIREP,37000.0,41.26375,-72.88681,2025-03-29 12:13:00,2.0,U,"('KOKX', 'KENX', 'KBOX', 'KDIX', 'KBGM')","['s3://noaa-nexrad-level2/2025/03/29/KOKX/KOKX20250329_121230_V06', 's3://noaa-nexrad-level2/2025/03/29/KENX/KENX20250329_121043_V06', 's3://noaa-nexrad-level2/2025/03/29/KBOX/KBOX20250329_121125_V06', 's3://noaa-nexrad-level2/2025/03/29/KDIX/KDIX20250329_120914_V06', 's3://noaa-nexrad-level2/2025/03/29/KBGM/KBGM20250329_120835_V06']"
111824,F,CRJ7,TRI UA /OV HMV/TM 1215/FL260/TP CRJ7/TB NEG/RM SMOOTH ZTLFD-42,NEG,202503291200-KMSC-UBUS01-PIREP,26000.0,36.44,-82.13,2025-03-29 12:15:00,0.0,M,"('KMRX', 'KGSP', 'KJKL', 'KRLX', 'KFCX')","['s3://noaa-nexrad-level2/2025/03/29/KMRX/KMRX20250329_121327_V06', 's3://noaa-nexrad-level2/2025/03/29/KGSP/KGSP20250329_121032_V06', 's3://noaa-nexrad-level2/2025/03/29/KJKL/KJKL20250329_120852_V06', 's3://noaa-nexrad-level2/2025/03/29/KRLX/KRLX20250329_121310_V06', 's3://noaa-nexrad-level2/2025/03/29/KFCX/KFCX20250329_120650_V06']"
111825,F,B77L,BLM UA /OV BLM/TM 1215/FL350/TP B77L/TB OCNL LGT-MOD CHOP,OCNL LGT-MOD CHOP,202503291200-KMSC-UBUS01-PIREP,35000.0,40.18,-74.13,2025-03-29 12:15:00,2.0,U,"('KDIX', 'KOKX', 'KDOX', 'KENX', 'KBGM')","['s3://noaa-nexrad-level2/2025/03/29/KDIX/KDIX20250329_120914_V06', 's3://noaa-nexrad-level2/2025/03/29/KOKX/KOKX20250329_121230_V06', 's3://noaa-nexrad-level2/2025/03/29/KDOX/KDOX20250329_121123_V06', 's3://noaa-nexrad-level2/2025/03/29/KENX/KENX20250329_121043_V06', 's3://noaa-nexrad-level2/2025/03/29/KBGM/KBGM20250329_121320_V06']"
111826,F,A320,LVS UA /OV FTI/TM 1216/FL380/TP A320/TB CONS MOD CAT/RM ZAB/FDCS,CONS MOD CAT,202503291200-KMSC-UBUS01-PIREP,38000.0,35.66,-105.14,2025-03-29 12:16:00,3.0,M,"('KABX', 'KFDX', 'KHDX', 'KPUX', 'KAMA')","['s3://noaa-nexrad-level2/2025/03/29/KABX/KABX20250329_121458_V06', 's3://noaa-nexrad-level2/2025/03/29/KFDX/KFDX20250329_121519_V06', 's3://noaa-nexrad-level2/2025/03/29/KHDX/KHDX20250329_121332_V06', 's3://noaa-nexrad-level2/2025/03/29/KPUX/KPUX20250329_121248_V06', 's3://noaa-nexrad-level2/2025/03/29/KAMA/KAMA20250329_120955_V06']"
111827,F,A320,BDR UA /OV BDR/TM 1220/FL230/TP A320/TB NEG 230  LGT CHOP 270-240/RM DURD,NEG 230  LGT CHOP 270-240,202503291200-KMSC-UBUS01-PIREP,23000.0,41.15833,-73.12889,2025-03-29 12:20:00,0.0,M,"('KOKX', 'KENX', 'KDIX', 'KBOX', 'KBGM')","['s3://noaa-nexrad-level2/2025/03/29/KOKX/KOKX20250329_121230_V06', 's3://noaa-nexrad-level2/2025/03/29/KENX/KENX20250329_121521_V06', 's3://noaa-nexrad-level2/2025/03/29/KDIX/KDIX20250329_121559_V06', 's3://noaa-nexrad-level2/2025/03/29/KBOX/KBOX20250329_121551_V06', 's3://noaa-nexrad-level2/2025/03/29/KBGM/KBGM20250329_121809_V06']"
111828,F,A21N,OCF UA /OV OCF190025/TM 1221/FL140/TP A21N/TB LGT-MOD,LGT-MOD,202503291200-KMSC-UBUS01-PIREP,14000.0,28.753262478950013,-82.30386474978063,2025-03-29 12:21:00,2.0,U,"('KTBW', 'KMLB', 'KJAX', 'KVAX', 'KTLH')","['s3://noaa-nexrad-level2/2025/03/29/KTBW/KTBW20250329_121950_V06', 's3://noaa-nexrad-level2/2025/03/29/KMLB/KMLB20250329_122037_V06', 's3://noaa-nexrad-level2/2025/03/29/KJAX/KJAX20250329_121420_V06', 's3://noaa-nexrad-level2/2025/03/29/KVAX/KVAX20250329_121711_V06', 's3://noaa-nexrad-level2/2025/03/29/KTLH/KTLH20250329_121839_V06']"
111829,F,E170,DSV UA /OV GEE/TM 1222/FL270/TP E170/TB CONS LGT CHOP/RM ZOB,CONS LGT CHOP,202503291200-KMSC-UBUS01-PIREP,27000.0,42.83,-77.73,2025-03-29 12:22:00,1.0,U,"('KBUF', 'KBGM', 'KCCX', 'KTYX', 'KPBZ')","['s3://noaa-nexrad-level2/2025/03/29/KBUF/KBUF20250329_121952_V06', 's3://noaa-nexrad-level2/2025/03/29/KBGM/KBGM20250329_121809_V06', 's3://noaa-nexrad-level2/2025/03/29/KCCX/KCCX20250329_121941_V06', 's3://noaa-nexrad-level2/2025/03/29/KTYX/KTYX20250329_121956_V06', 's3://noaa-nexrad-level2/2025/03/29/KPBZ/KPBZ20250329_121912_V06']"
111830,F,C421,FSD UA /OV FSD/TM 1222/FL120/TP C421/TB LGT-MOD CHOP,LGT-MOD CHOP,202503291200-KMSC-UBUS01-PIREP,12000.0,43.57694,-96.75361,2025-03-29 12:22:00,2.0,L,"('KFSD', 'KOAX', 'KABR', 'KMPX', 'KDMX')","['s3://noaa-nexrad-level2/2025/03/29/KFSD/KFSD20250329_122102_V06', 's3://noaa-nexrad-level2/2025/03/29/KOAX/KOAX20250329_121815_V06', 's3://noaa-nexrad-level2/2025/03/29/KABR/KABR20250329_121542_V06', 's3://noaa-nexrad-level2/2025/03/29/KMPX/KMPX20250329_121825_V06', 's3://noaa-nexrad-level2/2025/03/29/KDMX/KDMX20250329_122021_V06']"
111831,F,B737,HBR UA /OV HBR360005/TM 1222/FL380/TP B737/TB MOD/RM ZFW,MOD,202503291200-KMSC-UBUS01-PIREP,38000.0,35.07465008334008,-99.05139,2025-03-29 12:22:00,3.0,M,"('KFDR', 'KOUN', 'KTLX', 'KVNX', 'KDYX')","['s3://noaa-nexrad-level2/2025/03/29/KFDR/KFDR20250329_121610_V06', 's3://noaa-nexrad-level2/2025/03/29/KTLX/KTLX20250329_121507_V06', 's3://noaa-nexrad-level2/2025/03/29/KVNX/KVNX20250329_121643_V06', 's3://noaa-nexrad-level2/2025/03/29/KDYX/KDYX20250329_121949_V06']"
111832,F,M20,EVV UA /OV TEL/TM 1223/FL230/TP M20/TB NEG /IC NEG,NEG,202503291200-KMSC-UBUS01-PIREP,23000.0,38.01,-86.69,2025-03-29 12:23:00,0.0,L,"('KLVX', 'KVWX', 'KHPX', 'KIND', 'KOHX')","['s3://noaa-nexrad-level2/2025/03/29/KLVX/KLVX20250329_122229_V06', 's3://noaa-nexrad-level2/2025/03/29/KVWX/KVWX20250329_122128_V06', 's3://noaa-nexrad-level2/2025/03/29/KHPX/KHPX20250329_122127_V06', 's3://noaa-nexrad-level2/2025/03/29/KIND/KIND20250329_122235_V06', 's3://noaa-nexrad-level2/2025/03/29/KOHX/KOHX20250329_122212_V06']"
111833,F,E170,ROC UA /OV ROC155025/TM 1223/FL270/TP E170/TB CONS LGT CHOP,CONS LGT CHOP,202503291200-KMSC-UBUS01-PIREP,27000.0,42.739041167483,-77.435447794583,2025-03-29 12:23:00,1.0,U,"('KBUF', 'KBGM', 'KCCX', 'KTYX', 'KENX')","['s3://noaa-nexrad-level2/2025/03/29/KBUF/KBUF20250329_121952_V06', 's3://noaa-nexrad-level2/2025/03/29/KBGM/KBGM20250329_122239_V06', 's3://noaa-nexrad-level2/2025/03/29/KCCX/KCCX20250329_121941_V06', 's3://noaa-nexrad-level2/2025/03/29/KTYX/KTYX20250329_121956_V06', 's3://noaa-nexrad-level2/2025/03/29/KENX/KENX20250329_122000_V06']"
111834,F,B738,OMN UA /OV OMN080115/TM 1224/FL380/TP B738/TB OCNL LHT-MOD CHOP,OCNL LHT-MOD CHOP,202503291200-KMSC-UBUS01-PIREP,38000.0,29.63341263276816,-78.9489752647077,2025-03-29 12:24:00,3.0,M,"('KMLB', 'KJAX', 'KCLX', 'KTBW', 'KVAX')","['s3://noaa-nexrad-level2/2025/03/29/KMLB/KMLB20250329_122037_V06', 's3://noaa-nexrad-level2/2025/03/29/KJAX/KJAX20250329_122101_V06', 's3://noaa-nexrad-level2/2025/03/29/KTBW/KTBW20250329_121950_V06', 's3://noaa-nexrad-level2/2025/03/29/KVAX/KVAX20250329_122142_V06']"
111835,F,B737,CMH UA /OV APE/TM 1224/FL340/TP B737/TB OCNL LGT CHOP,OCNL LGT CHOP,202503291200-KMSC-UBUS01-PIREP,34000.0,40.15,-82.59,2025-03-29 12:24:00,1.0,M,"('KILN', 'KCLE', 'KRLX', 'KPBZ', 'KJKL')","['s3://noaa-nexrad-level2/2025/03/29/KILN/KILN20250329_122004_V06', 's3://noaa-nexrad-level2/2025/03/29/KCLE/KCLE20250329_122042_V06', 's3://noaa-nexrad-level2/2025/03/29/KRLX/KRLX20250329_121949_V06', 's3://noaa-nexrad-level2/2025/03/29/KPBZ/KPBZ20250329_121912_V06', 's3://noaa-nexrad-level2/2025/03/29/KJKL/KJKL20250329_122223_V06']"
111836,F,B737,MGM UA /OV MGM210030/TM 1224/FL360/TP B737/TB OCNL LGT CHOP/RM ZTLFD-12,OCNL LGT CHOP,202503291200-KMSC-UBUS01-PIREP,36000.0,31.86759222404385,-86.68976238731325,2025-03-29 12:24:00,1.0,M,"('KMXX', 'KEOX', 'KBMX', 'KEVX', 'KMOB')","['s3://noaa-nexrad-level2/2025/03/29/KMXX/KMXX20250329_122137_V06', 's3://noaa-nexrad-level2/2025/03/29/KEOX/KEOX20250329_122313_V06', 's3://noaa-nexrad-level2/2025/03/29/KBMX/KBMX20250329_121902_V06', 's3://noaa-nexrad-level2/2025/03/29/KEVX/KEVX20250329_121928_V06', 's3://noaa-nexrad-level2/2025/03/29/KMOB/KMOB20250329_121736_V06']"
111837,F,P46T,AHN UA /OV AHN/TM 1224/FL130/TP P46T/TB NEG/IC NEG/RM DURC ZTLFD-16,NEG,202503291200-KMSC-UBUS01-PIREP,13000.0,33.9486,-83.32635,2025-03-29 12:24:00,0.0,L,"('KJGX', 'KFFC', 'KGSP', 'KCAE', 'KMRX')","['s3://noaa-nexrad-level2/2025/03/29/KJGX/KJGX20250329_122146_V06', 's3://noaa-nexrad-level2/2025/03/29/KFFC/KFFC20250329_121953_V06', 's3://noaa-nexrad-level2/2025/03/29/KGSP/KGSP20250329_121914_V06', 's3://noaa-nexrad-level2/2025/03/29/KCAE/KCAE20250329_122034_V06', 's3://noaa-nexrad-level2/2025/03/29/KMRX/KMRX20250329_122011_V06']"
111838,F,A320,TRI UA /OV HMV/TM 1224/FL370/TP A320/TB OCNL LGT CHOP/RM ZTLFD-15,OCNL LGT CHOP,202503291200-KMSC-UBUS01-PIREP,37000.0,36.44,-82.13,2025-03-29 12:24:00,1.0,M,"('KMRX', 'KGSP', 'KJKL', 'KRLX', 'KFCX')","['s3://noaa-nexrad-level2/2025/03/29/KMRX/KMRX20250329_122011_V06', 's3://noaa-nexrad-level2/2025/03/29/KGSP/KGSP20250329_121914_V06', 's3://noaa-nexrad-level2/2025/03/29/KJKL/KJKL20250329_122223_V06', 's3://noaa-nexrad-level2/2025/03/29/KRLX/KRLX20250329_121949_V06', 's3://noaa-nexrad-level2/2025/03/29/KFCX/KFCX20250329_122317_V06']"
111839,F,B737,MGM UA /OV MGM060010/TM 1225/FL380/TP B737/TB LGT MOD CHOP/RM ZTLFD-12,LGT MOD CHOP,202503291200-KMSC-UBUS01-PIREP,38000.0,32.383980083340084,-86.22319418556044,2025-03-29 12:25:00,2.0,M,"('KMXX', 'KBMX', 'KEOX', 'KEVX', 'KFFC')","['s3://noaa-nexrad-level2/2025/03/29/KMXX/KMXX20250329_122137_V06', 's3://noaa-nexrad-level2/2025/03/29/KBMX/KBMX20250329_121902_V06', 's3://noaa-nexrad-level2/2025/03/29/KEOX/KEOX20250329_122313_V06', 's3://noaa-nexrad-level2/2025/03/29/KEVX/KEVX20250329_121928_V06', 's3://noaa-nexrad-level2/2025/03/29/KFFC/KFFC20250329_121953_V06']"
111840,F,A332,ALB UA /OV CAM/TM 1225/FL320/TP A332/TB CONS LGT-MOD CHOP,CONS LGT-MOD CHOP,202503291200-KMSC-UBUS01-PIREP,32000.0,42.99,-73.34,2025-03-29 12:25:00,2.0,H,"('KENX', 'KCXX', 'KOKX', 'KBOX', 'KTYX')","['s3://noaa-nexrad-level2/2025/03/29/KENX/KENX20250329_122438_V06', 's3://noaa-nexrad-level2/2025/03/29/KCXX/KCXX20250329_122303_V06', 's3://noaa-nexrad-level2/2025/03/29/KOKX/KOKX20250329_122056_V06', 's3://noaa-nexrad-level2/2025/03/29/KBOX/KBOX20250329_122433_V06', 's3://noaa-nexrad-level2/2025/03/29/KTYX/KTYX20250329_122443_V06']"
111841,F,E145,MGM UA /OV MGM090030/TM 1225/FL190/TP E145/TB LGT MOD 060-150/RM ZTLFD-09,LGT MOD 060-150,202503291200-KMSC-UBUS01-PIREP,19000.0,32.30064,-85.80238522537348,2025-03-29 12:25:00,2.0,M,"('KMXX', 'KEOX', 'KBMX', 'KFFC', 'KEVX')","['s3://noaa-nexrad-level2/2025/03/29/KMXX/KMXX20250329_122137_V06', 's3://noaa-nexrad-level2/2025/03/29/KEOX/KEOX20250329_122313_V06', 's3://noaa-nexrad-level2/2025/03/29/KBMX/KBMX20250329_121902_V06', 's3://noaa-nexrad-level2/2025/03/29/KFFC/KFFC20250329_121953_V06', 's3://noaa-nexrad-level2/2025/03/29/KEVX/KEVX20250329_121928_V06']"
111842,F,E170,TUP UA /OV OTB315020/TM 1226/FL330/TP E170/TB MOD CHOP/RM ZME,MOD CHOP,202503291200-KMSC-UBUS01-PIREP,33000.0,34.4557213522977,-89.08507174058046,2025-03-29 12:26:00,3.0,U,"('KGWX', 'KNQA', 'KDGX', 'KPAH', 'KBMX')","['s3://noaa-nexrad-level2/2025/03/29/KGWX/KGWX20250329_122312_V06', 's3://noaa-nexrad-level2/2025/03/29/KNQA/KNQA20250329_121945_V06', 's3://noaa-nexrad-level2/2025/03/29/KDGX/KDGX20250329_122344_V06', 's3://noaa-nexrad-level2/2025/03/29/KPAH/KPAH20250329_122323_V06', 's3://noaa-nexrad-level2/2025/03/29/KBMX/KBMX20250329_122534_V06']"
111843,F,B738,BHM UA /OV TDG/TM 1226/FL360/TP B738/TB LGT CHOP 360/RM ZTLFD-02,LGT CHOP 360,202503291200-KMSC-UBUS01-PIREP,36000.0,33.58,-86.04,2025-03-29 12:26:00,1.0,M,"('KBMX', 'KMXX', 'KHTX', 'KFFC', 'KEOX')","['s3://noaa-nexrad-level2/2025/03/29/KBMX/KBMX20250329_122534_V06', 's3://noaa-nexrad-level2/2025/03/29/KMXX/KMXX20250329_122137_V06', 's3://noaa-nexrad-level2/2025/03/29/KHTX/KHTX20250329_122233_V06', 's3://noaa-nexrad-level2/2025/03/29/KFFC/KFFC20250329_121953_V06', 's3://noaa-nexrad-level2/2025/03/29/KEOX/KEOX20250329_122313_V06']"
111844,F,B739,MSN UA /OV MSN315015/TM 1228/FL220/TP B739/TB NEG/IC NEG/RM THROUGH DURC,NEG,202503291200-KMSC-UBUS01-PIREP,22000.0,43.31735101422328,-89.58756621009297,2025-03-29 12:28:00,0.0,M,"('KMKX', 'KARX', 'KGRB', 'KDVN', 'KLOT')","['s3://noaa-nexrad-level2/2025/03/29/KMKX/KMKX20250329_122518_V06', 's3://noaa-nexrad-level2/2025/03/29/KARX/KARX20250329_122752_V06', 's3://noaa-nexrad-level2/2025/03/29/KGRB/KGRB20250329_122217_V06', 's3://noaa-nexrad-level2/2025/03/29/KDVN/KDVN20250329_122145_V06', 's3://noaa-nexrad-level2/2025/03/29/KLOT/KLOT20250329_122559_V06']"
111845,F,E75L,FMN UA /OV RSK201054/TM 1228/FL360/TP E75L/TB MOD CONS/RM ZDVWC-37,MOD CONS,202503291200-KMSC-UBUS01-PIREP,36000.0,35.90970955807137,-108.50256567211466,2025-03-29 12:28:00,3.0,U,"('KABX', 'KFSX', 'KFSX', 'KGJX', 'KHDX')","['s3://noaa-nexrad-level2/2025/03/29/KABX/KABX20250329_122359_V06', 's3://noaa-nexrad-level2/2025/03/29/KFSX/KFSX20250329_122632_V06', 's3://noaa-nexrad-level2/2025/03/29/KFSX/KFSX20250329_122632_V06', 's3://noaa-nexrad-level2/2025/03/29/KGJX/KGJX20250329_122443_V06', 's3://noaa-nexrad-level2/2025/03/29/KHDX/KHDX20250329_122712_V06']"
111846,F,B39M,CSV UA /OV HCH090010/TM 1228/FL300/TP B39M/TB CONS LGT CHOP INTMT LGT CHOP/RM ZTLFD-37,CONS LGT CHOP INTMT LGT CHOP,202503291200-KMSC-UBUS01-PIREP,30000.0,35.78,-84.77454363386272,2025-03-29 12:28:00,1.0,U,"('KMRX', 'KHTX', 'KOHX', 'KJKL', 'KFFC')","['s3://noaa-nexrad-level2/2025/03/29/KMRX/KMRX20250329_122654_V06', 's3://noaa-nexrad-level2/2025/03/29/KHTX/KHTX20250329_122233_V06', 's3://noaa-nexrad-level2/2025/03/29/KOHX/KOHX20250329_122725_V06', 's3://noaa-nexrad-level2/2025/03/29/KJKL/KJKL20250329_122223_V06', 's3://noaa-nexrad-level2/2025/03/29/KFFC/KFFC20250329_122636_V06']"
111847,F,C172,MGM UA /OV MGM290040/TM 1228/FL050/TP C172/TB NEG/RM ZTLFD-13,NEG,202503291200-KMSC-UBUS01-PIREP,5000.0,32.52867189798999,-87.13518046304776,2025-03-29 12:28:00,0.0,L,"('KBMX', 'KMXX', 'KGWX', 'KEOX', 'KMOB')","['s3://noaa-nexrad-level2/2025/03/29/KBMX/KBMX20250329_122534_V06', 's3://noaa-nexrad-level2/2025/03/29/KMXX/KMXX20250329_122730_V06', 's3://noaa-nexrad-level2/2025/03/29/KGWX/KGWX20250329_122312_V06', 's3://noaa-nexrad-level2/2025/03/29/KEOX/KEOX20250329_122640_V06', 's3://noaa-nexrad-level2/2025/03/29/KMOB/KMOB20250329_122402_V06']"
111848,F,B739,OTM UA /OV OTM/TM 1229/FL380/TP B739/TB NEG/RM MOSTLY SMOOTH,NEG,202503291200-KMSC-UBUS01-PIREP,38000.0,41.100793,-92.444592,2025-03-29 12:29:00,0.0,M,"('KDMX', 'KDVN', 'KEAX', 'KLSX', 'KARX')","['s3://noaa-nexrad-level2/2025/03/29/KDMX/KDMX20250329_122449_V06', 's3://noaa-nexrad-level2/2025/03/29/KDVN/KDVN20250329_122841_V06', 's3://noaa-nexrad-level2/2025/03/29/KEAX/KEAX20250329_122807_V06', 's3://noaa-nexrad-level2/2025/03/29/KLSX/KLSX20250329_122719_V06', 's3://noaa-nexrad-level2/2025/03/29/KARX/KARX20250329_122752_V06']"
111849,F,B737,ALS UA /OV ALS/TM 1229/FL400/TP B737/TB NEG/RM ZDVWC-,NEG,202503291200-KMSC-UBUS01-PIREP,40000.0,37.43889,-105.86139,2025-03-29 12:29:00,0.0,M,"('KPUX', 'KABX', 'KFTG', 'KGJX', 'KFDX')","['s3://noaa-nexrad-level2/2025/03/29/KPUX/KPUX20250329_122717_V06', 's3://noaa-nexrad-level2/2025/03/29/KABX/KABX20250329_122830_V06', 's3://noaa-nexrad-level2/2025/03/29/KFTG/KFTG20250329_122450_V06', 's3://noaa-nexrad-level2/2025/03/29/KGJX/KGJX20250329_122443_V06', 's3://noaa-nexrad-level2/2025/03/29/KFDX/KFDX20250329_122224_V06']"
111850,F,A332,GFL UA /OV GFL/TM 1229/FL340/TP A332/TB INTMT LGT CHOP,INTMT LGT CHOP,202503291200-KMSC-UBUS01-PIREP,34000.0,43.34122,-73.61031,2025-03-29 12:29:00,1.0,H,"('KENX', 'KCXX', 'KTYX', 'KOKX', 'KBGM')","['s3://noaa-nexrad-level2/2025/03/29/KENX/KENX20250329_122438_V06', 's3://noaa-nexrad-level2/2025/03/29/KCXX/KCXX20250329_122737_V06', 's3://noaa-nexrad-level2/2025/03/29/KTYX/KTYX20250329_122443_V06', 's3://noaa-nexrad-level2/2025/03/29/KOKX/KOKX20250329_122056_V06', 's3://noaa-nexrad-level2/2025/03/29/KBGM/KBGM20250329_122709_V06']"
111851,F,E145,SLK UA /OV SLK200015/TM 1229/FL270/TP E145/SK TOP 270/TB CONS LGT CHOP,CONS LGT CHOP,202503291200-KMSC-UBUS01-PIREP,27000.0,44.15036781600893,-74.32584538012354,2025-03-29 12:29:00,1.0,M,"('KCXX', 'KTYX', 'KENX', 'KBGM', 'KOKX')","['s3://noaa-nexrad-level2/2025/03/29/KCXX/KCXX20250329_122737_V06', 's3://noaa-nexrad-level2/2025/03/29/KTYX/KTYX20250329_122443_V06', 's3://noaa-nexrad-level2/2025/03/29/KENX/KENX20250329_122438_V06', 's3://noaa-nexrad-level2/2025/03/29/KBGM/KBGM20250329_122709_V06', 's3://noaa-nexrad-level2/2025/03/29/KOKX/KOKX20250329_122056_V06']"
111852,F,B737,ALS UA /OV ALS/TM 1229/FL400/TP B737/TB NEG/RM ZDVWC,NEG,202503291240-KWBC-UBUS31-PRCUS,40000.0,37.43889,-105.86139,2025-03-29 12:29:00,0.0,M,"('KPUX', 'KABX', 'KFTG', 'KGJX', 'KFDX')","['s3://noaa-nexrad-level2/2025/03/29/KPUX/KPUX20250329_122717_V06', 's3://noaa-nexrad-level2/2025/03/29/KABX/KABX20250329_122830_V06', 's3://noaa-nexrad-level2/2025/03/29/KFTG/KFTG20250329_122450_V06', 's3://noaa-nexrad-level2/2025/03/29/KGJX/KGJX20250329_122443_V06', 's3://noaa-nexrad-level2/2025/03/29/KFDX/KFDX20250329_122224_V06']"
111853,F,B752,BDL UA /OV KBDL330008/TM 1231/FL060/TP B752/TB NEG/IC NEG/RM DURC,NEG,202503291200-KMSC-UBUS01-PIREP,6000.0,42.05357940692164,-72.77212897995149,2025-03-29 12:31:00,0.0,M,"('KOKX', 'KENX', 'KBOX', 'KCXX', 'KDIX')","['s3://noaa-nexrad-level2/2025/03/29/KOKX/KOKX20250329_122922_V06', 's3://noaa-nexrad-level2/2025/03/29/KENX/KENX20250329_122915_V06', 's3://noaa-nexrad-level2/2025/03/29/KBOX/KBOX20250329_122854_V06', 's3://noaa-nexrad-level2/2025/03/29/KCXX/KCXX20250329_122737_V06', 's3://noaa-nexrad-level2/2025/03/29/KDIX/KDIX20250329_122933_V06']"
111854,F,B38M,OKK UA /OV OKK/TM 1232/FL176/TP B38M/TA M05/TB OCNL LGT CHOP/IC LGT RIME,OCNL LGT CHOP,202503291200-KMSC-UBUS01-PIREP,17600.0,40.52818,-86.05899,2025-03-29 12:32:00,1.0,U,"('KIND', 'KIWX', 'KLOT', 'KGRR', 'KILN')","['s3://noaa-nexrad-level2/2025/03/29/KIND/KIND20250329_123149_V06', 's3://noaa-nexrad-level2/2025/03/29/KIWX/KIWX20250329_122917_V06', 's3://noaa-nexrad-level2/2025/03/29/KLOT/KLOT20250329_123147_V06', 's3://noaa-nexrad-level2/2025/03/29/KGRR/KGRR20250329_123140_V06', 's3://noaa-nexrad-level2/2025/03/29/KILN/KILN20250329_122649_V06']"
111855,F,B738,CSV UA /OV HCH150026/TM 1232/FL360/TP B738/TB OCNL LGT CHOP/RM ZTLFD-36,OCNL LGT CHOP,202503291200-KMSC-UBUS01-PIREP,36000.0,35.40469192750467,-84.71290672402154,2025-03-29 12:32:00,1.0,M,"('KHTX', 'KMRX', 'KOHX', 'KFFC', 'KGSP')","['s3://noaa-nexrad-level2/2025/03/29/KHTX/KHTX20250329_122802_V06', 's3://noaa-nexrad-level2/2025/03/29/KMRX/KMRX20250329_122654_V06', 's3://noaa-nexrad-level2/2025/03/29/KOHX/KOHX20250329_122725_V06', 's3://noaa-nexrad-level2/2025/03/29/KFFC/KFFC20250329_122636_V06', 's3://noaa-nexrad-level2/2025/03/29/KGSP/KGSP20250329_122755_V06']"
111856,F,C68A,LGC UA /OV LGC333037/TM 1233/FL390/TP C68A/TB LGT CONS CHOP/RM ZTLFD-02,LGT CONS CHOP,202503291200-KMSC-UBUS01-PIREP,39000.0,33.55835852906988,-85.40648556255061,2025-03-29 12:33:00,1.0,U,"('KFFC', 'KMXX', 'KBMX', 'KHTX', 'KEOX')","['s3://noaa-nexrad-level2/2025/03/29/KFFC/KFFC20250329_122636_V06', 's3://noaa-nexrad-level2/2025/03/29/KMXX/KMXX20250329_122730_V06', 's3://noaa-nexrad-level2/2025/03/29/KBMX/KBMX20250329_123056_V06', 's3://noaa-nexrad-level2/2025/03/29/KHTX/KHTX20250329_122802_V06', 's3://noaa-nexrad-level2/2025/03/29/KEOX/KEOX20250329_123007_V06']"
111857,F,C208,LNK UA /OV LNK320005/TM 1234/FL060/TP C208/TB MOD TURB BTWN 060-072/RM DURC,MOD TURB BTWN 060-072,202503291200-KMSC-UBUS01-PIREP,6000.0,40.89502020773175,-96.83407487434494,2025-03-29 12:34:00,3.0,L,"('KOAX', 'KUEX', 'KTWX', 'KFSD', 'KDMX')","['s3://noaa-nexrad-level2/2025/03/29/KOAX/KOAX20250329_123133_V06', 's3://noaa-nexrad-level2/2025/03/29/KUEX/KUEX20250329_123212_V06', 's3://noaa-nexrad-level2/2025/03/29/KTWX/KTWX20250329_122951_V06', 's3://noaa-nexrad-level2/2025/03/29/KFSD/KFSD20250329_123119_V06', 's3://noaa-nexrad-level2/2025/03/29/KDMX/KDMX20250329_123344_V06']"
111858,F,B737,PUB UA /OV PUB/TM 1234/FL360/TP B737/TB NEG/RM ZDVWC-,NEG,202503291200-KMSC-UBUS01-PIREP,36000.0,38.29,-104.49833,2025-03-29 12:34:00,0.0,M,"('KPUX', 'KFTG', 'KCYS', 'KGLD', 'KFDX')","['s3://noaa-nexrad-level2/2025/03/29/KPUX/KPUX20250329_123201_V06', 's3://noaa-nexrad-level2/2025/03/29/KFTG/KFTG20250329_123052_V06', 's3://noaa-nexrad-level2/2025/03/29/KCYS/KCYS20250329_123131_V06', 's3://noaa-nexrad-level2/2025/03/29/KGLD/KGLD20250329_122909_V06', 's3://noaa-nexrad-level2/2025/03/29/KFDX/KFDX20250329_122927_V06']"
111859,F,B737,PUB UA /OV PUB/TM 1234/FL360/TP B737/TB NEG/RM ZDVWC,NEG,202503291240-KWBC-UBUS31-PRCUS,36000.0,38.29,-104.49833,2025-03-29 12:34:00,0.0,M,"('KPUX', 'KFTG', 'KCYS', 'KGLD', 'KFDX')","['s3://noaa-nexrad-level2/2025/03/29/KPUX/KPUX20250329_123201_V06', 's3://noaa-nexrad-level2/2025/03/29/KFTG/KFTG20250329_123052_V06', 's3://noaa-nexrad-level2/2025/03/29/KCYS/KCYS20250329_123131_V06', 's3://noaa-nexrad-level2/2025/03/29/KGLD/KGLD20250329_122909_V06', 's3://noaa-nexrad-level2/2025/03/29/KFDX/KFDX20250329_122927_V06']"
111860,F,B739,SUE UA /OV SUE/TM 1234/FL380/TP B739/TB CONS LGT,CONS LGT,202503291200-KMSC-UBUS01-PIREP,38000.0,44.84367,-87.42156,2025-03-29 12:34:00,1.0,M,"('KGRB', 'KMQT', 'KMKX', 'KAPX', 'KGRR')","['s3://noaa-nexrad-level2/2025/03/29/KGRB/KGRB20250329_122811_V06', 's3://noaa-nexrad-level2/2025/03/29/KMQT/KMQT20250329_122709_V06', 's3://noaa-nexrad-level2/2025/03/29/KMKX/KMKX20250329_122949_V06', 's3://noaa-nexrad-level2/2025/03/29/KAPX/KAPX20250329_123135_V06', 's3://noaa-nexrad-level2/2025/03/29/KGRR/KGRR20250329_123140_V06']"
111861,F,CRJ7,RTN UA /OV CIM200030/TM 1235/FL350/TP CRJ7/TB CONS MOD CAT/RM ZAB/FDCS,CONS MOD CAT,202503291200-KMSC-UBUS01-PIREP,35000.0,36.02011563201785,-105.08272673034516,2025-03-29 12:35:00,3.0,M,"('KABX', 'KFDX', 'KPUX', 'KHDX', 'KAMA')","['s3://noaa-nexrad-level2/2025/03/29/KABX/KABX20250329_123304_V06', 's3://noaa-nexrad-level2/2025/03/29/KFDX/KFDX20250329_122927_V06', 's3://noaa-nexrad-level2/2025/03/29/KPUX/KPUX20250329_123201_V06', 's3://noaa-nexrad-level2/2025/03/29/KHDX/KHDX20250329_123405_V06', 's3://noaa-nexrad-level2/2025/03/29/KAMA/KAMA20250329_123059_V06']"
111862,F,B737,BLM UA /OV COL/TM 1235/FL100/TP B737/TB LGT CHOP 100-140,LGT CHOP 100-140,202503291300-KMSC-UBUS01-PIREP,10000.0,40.31,-74.16,2025-03-29 12:35:00,1.0,M,"('KDIX', 'KOKX', 'KDOX', 'KENX', 'KBGM')","['s3://noaa-nexrad-level2/2025/03/29/KDIX/KDIX20250329_122933_V06', 's3://noaa-nexrad-level2/2025/03/29/KOKX/KOKX20250329_122922_V06', 's3://noaa-nexrad-level2/2025/03/29/KDOX/KDOX20250329_122803_V06', 's3://noaa-nexrad-level2/2025/03/29/KENX/KENX20250329_123347_V06', 's3://noaa-nexrad-level2/2025/03/29/KBGM/KBGM20250329_123139_V06']"
111863,F,A321,TAD UA /OV TBE040020/TM 1237/FL290/TP A321/TB CONS MOD/RM ZAB/FDCS,CONS MOD,202503291200-KMSC-UBUS01-PIREP,29000.0,37.52536883092698,-103.3307333437761,2025-03-29 12:37:00,3.0,M,"('KPUX', 'KGLD', 'KFTG', 'KAMA', 'KFDX')","['s3://noaa-nexrad-level2/2025/03/29/KPUX/KPUX20250329_123635_V06', 's3://noaa-nexrad-level2/2025/03/29/KGLD/KGLD20250329_123559_V06', 's3://noaa-nexrad-level2/2025/03/29/KFTG/KFTG20250329_123646_V06', 's3://noaa-nexrad-level2/2025/03/29/KAMA/KAMA20250329_123059_V06', 's3://noaa-nexrad-level2/2025/03/29/KFDX/KFDX20250329_122927_V06']"
