URGENT,AIRCRAFT,REPORT,TURBULENCE,PRODUCT_ID,FL,LAT,LON,datetime,turbulence_intensity,Plane Weight
T,E135,LAS UUA /OV LAS210040 /TM 1909 /FL200 /TP E135 /TB SEV /RM EXTRM TURB FL210-190 AWC-WEB,SEV,,20000.0,35.502662965391806,-115.56472518267822,2022-04-22 19:09:00,5.0,M
F,C182,PAN UA /OV PAN /TM 1937 /FL085 /TP C182 /TB LGT CHOP,LGT CHOP,,8500.0,34.2568364,-111.3392558,2022-04-08 19:37:00,1.0,L
F,SR22,UBE UA /OV UBE/TM 1319/FL050/TP SR22/TB SEV 059-064,SEV 059-064,,5000.0,45.506,-91.9811,2022-04-21 13:19:00,5.0,L
T,A320,OKC UUA /OV IRW265055 /TM 0022 /FL360 /TP A320 /TB SEV /RM SEV LASTING 30 SECONDS. ZFW AWC-WEB,SEV,,36000.0,35.28010076449428,-98.7298241488826,2022-04-30 00:22:00,5.0,M
F,B77W,UUA /OV 4538N04452W /TM 0340 /FL330 /TP B77W /TB SEV,SEV,,33000.0,45.6333,-44.8666,2022-04-27 03:40:00,5.0,U
T,B737,BOI UUA /OV BOI090030/TM 1634/FL050/TP B737/TB SEV/RM ON SHORT FINAL /ZLC,SEV,,5000.0,43.56667,-115.55044241781567,2022-04-16 16:34:00,5.0,M
F,B7385,MTO UA /OV MTO033010/TM 2313/FL310/TP B7385/TB LGT INTMT CHOP/RM ZKC FDC/AFXJ,LGT INTMT CHOP,,31000.0,39.61772975005489,-88.16162875417189,2022-04-05 23:13:00,1.0,U
T,BE99,RNO UUA /OV FMG120010/TM 1439/FL090/TP BE99/TB SEV/RM DURD,SEV,,9000.0,39.44665991665992,-119.47284731887416,2022-04-14 14:39:00,5.0,L
F,CRJ2,LOZ UA /OV LOZ290020/TM 0006/FL190/TP CRJ2/TB NEG,NEG,,19000.0,37.201015948995,-84.46968909169419,2022-04-27 00:06:00,0.0,M
T,B752,FAM UUA /OV FAM345030/TM 0359/FL310/TP B752/TB SEV CAT/RM COR TIME ZKC/FD1/CJ,SEV CAT,,31000.0,38.244032033179614,-90.5923143224888,2022-04-21 03:59:00,5.0,M
F,PA32,PKB UA /OV JPU270025/TM 1852/FL055/TP PA32/TB LGT,LGT,,5500.0,39.44,-81.90956451146494,2022-04-24 18:52:00,1.0,L
T,C560,SGF UUA /OV DGD/TM 1525/FL410/TP C560/TB SEV/RM /ZKCFDC/AFXJ,SEV,,41000.0,37.02,-92.88,2022-04-13 15:25:00,5.0,M
F,B737,MIA UA /OV MIA130060/TM 1159/FL340/TP B737/TB LGT/RM SMOOTH AT FL360 FROM TJSJ ZMAFD,LGT,,34000.0,25.14521032446501,-79.46608772195759,2022-04-06 11:59:00,1.0,M
T,PA46,DFW UUA /OV CQY090005 /TM 1814 /FL090 /TP PA46 /TB SEV /RM ZFW AWC-WEB,SEV,,9000.0,32.19,-96.12152257297086,2022-04-07 18:14:00,5.0,L
F,A319,OKK UA /OV OKK/TM 1716/FL300/TP A319/TB OCNL LGT CHOP,OCNL LGT CHOP,,30000.0,40.52818,-86.05899,2022-04-05 17:16:00,1.0,M
F,B737,SJT UA /OV SJT180040/TM 0137/FL360/TP B737/TB MOD CHOP/RM ZHU,MOD CHOP,,36000.0,30.68494933327933,-100.495,2022-04-06 01:37:00,3.0,M
F,B738,DEN UA /OV DEN300025/TM 2315/FL140/TP B738/TB MOD 140-120,MOD 140-120,,14000.0,40.04115020835021,-105.1274377245017,2022-04-04 23:15:00,3.0,M
T,B737,SNY UUA /OV SNY/TM 0300/FL330/TP B737/TB SEV/RM ZDV,SEV,,33000.0,41.10139,-102.98472,2022-04-23 03:00:00,5.0,M
F,CL30,MCW UA /OV MCW/TM 1312/FL250/TP CL30/TB CONS MOD CHOP/RM FL250-FL200 DURD,CONS MOD CHOP,,25000.0,43.154383,-93.326097,2022-04-13 13:12:00,3.0,U
F,PC12,BLF UA /OV BLF260020/TM 1910/FL250/TP PC12/TB OCNL LGT,OCNL LGT,,25000.0,37.237912585605535,-81.62038190300328,2022-04-16 19:10:00,1.0,L
F,BE55,TRI UA /OV VJI/TM 1618/FL062/TP BE55/TB MOD BLO 062/RM DURD,MOD BLO 062,,6200.0,36.6871,-82.03333,2022-04-10 16:18:00,3.0,L
T,PC12,DEN UUA /OV DEN300030/TM 2220/FL220/TP PC12/TB SEV/RM DURC OVER FRONT RANGE.....ZDV,SEV,,22000.0,40.08282025002025,-105.22142526940203,2022-04-29 22:20:00,5.0,L
T,E145,GJT UUA /OV GJT120025/TM 2146/FL120/TP E145/TB EXTRM 120/RM SMOOTH ABOVE AND BELOW  POSSIBLE FRONTAL PASSAGE,EXTRM 120,,12000.0,38.925819791649786,-108.07475952645603,2022-04-22 21:46:00,7.0,M
F,P46T,TVI UA /OV GEF /TM 1732 /FL270 /TP P46T /SK BKN100 /WX FV99SM /TA M33 /WV 00000KT /TB NEG /IC NEG,NEG,,27000.0,30.55,-83.78,2022-04-23 17:32:00,0.0,L
T,B350,SDB UUA /OV LHS180005/TM 0145/FL090/TP B350/TB SEV/RM COR SA-ID. ZLA CWSU,SEV,,9000.0,34.59665991665992,-118.58,2022-04-22 01:45:00,5.0,M
T,P28A,CBE UUA /OV ESL330012/TM 1655/FL055/TP P28A/TB SEV,SEV,,5500.0,39.40321911038246,-79.11910710452625,2022-04-29 16:55:00,5.0,L
F,A380,UUA /OV 5230N05700W /TM 2047 /FL370 /TP A380 /TB SEV /RM TURB MOD -SEV LASTING 5 MINUTES,SEV,,37000.0,52.5,-57.0,2022-04-20 20:47:00,5.0,U
T,B190,EKO UUA /OV LWL170030/TM 0003/FL150/TP B190/TB SEV/RM NO DAMAGE NO INJURIES /ZLC,SEV,,15000.0,40.617556238740015,-114.80475508992636,2022-04-06 00:03:00,5.0,M
F,A319,SLO UA /OV VLA/TM 1955/FL360/TP A319/TB LGT-MOD CHOP/RM ZKC/FDC/CW,LGT-MOD CHOP,,36000.0,38.99,-89.16,2022-04-09 19:55:00,2.0,M
T,A320,OKC UUA /OV IRW265055 /TM 0022 /FL360 /TP A320 /TB SEV /RM SEV LASTING 30 SECONDS. ZFW AWC-WEB:,SEV,,36000.0,35.28010076449428,-98.7298241488826,2022-04-30 00:22:00,5.0,M
T,BE36,TUS UUA /OV TUS030030/TM 1650/FL115/TP BE36/TB SEV 115/RM ZAB/FDCS,SEV 115,,11500.0,32.553317775956145,-110.6427736579869,2022-04-12 16:50:00,5.0,L
F,B739,ICR UA /OV ICR/TM 1322/FL330/TP B739/TB NEG,NEG,,33000.0,43.39026,-99.84217,2022-04-22 13:22:00,0.0,M
T,C130,ONM UUA /OV ONM216030/TM 1800/FL170/TP C130/TB SEV/RM ZAB/FDCS,SEV,,17000.0,33.61793093759149,-107.25776001786129,2022-04-12 18:00:00,5.0,M
T,PA46,EGE UUA /OV AQULA/TM 1746/FL130/TP PA46/TB SEV BLO 130,SEV BLO 130,,13000.0,39.64256,-106.91769,2022-04-11 17:46:00,5.0,L
F,B757,MKE UA /OV BAE200035/TM 1034/FL400/TP B757/TB LGT CHOP,LGT CHOP,,40000.0,42.57180157068749,-88.55335446707173,2022-04-22 10:34:00,1.0,M
T,P28A,PHX UUA /OV PXR/TM 1930/FL045/TP P28A/TB SEV/RM ZAB/FDCS,SEV,,4500.0,33.43,-111.97,2022-04-19 19:30:00,5.0,L
T,GLID,BIH UUA /OV O26/TM 1940/FL130/TP GLID/TB SEV,SEV,,13000.0,36.58,-118.04,2022-04-16 19:40:00,5.0,U
F,BE9L,UOX UA /OV UOX090015/TM 1718/FL040/TP BE9L/TB CONS MOD/RM ZME,CONS MOD,,4000.0,34.3843333,-89.23384914787745,2022-04-29 17:18:00,3.0,L
T,C421,RKP UUA /OV CRP045025 /TM 1540 /FL080 /TP C421 /TB SEV /RM ZHU,SEV,,8000.0,28.067711690372125,-97.1797650426746,2022-04-20 15:40:00,5.0,L
T,A320,ALS UUA /OV ALS060040/TM 1637/FL270/TP A320/TB SEV/RM ZDV,SEV,,27000.0,37.77225033336033,-105.13419169747432,2022-04-12 16:37:00,5.0,M
T,C172,EIK UUA /OV GLL200035 /TM 2019 /FL072 /TP C172 /TB SEV /RM ISOLD SVR JOLT LASTED 10-15 SECONDS TOTAL LOSS OF CONTROL,SEV,,7200.0,39.951801570687486,-104.81239656153116,2022-04-20 20:19:00,5.0,L
T,C56X,LNS UUA /OV LRP/TM 1607/FL180/TP C56X/TB SEV,SEV,,18000.0,40.12,-76.29,2022-04-07 16:07:00,5.0,M
F,A319,ORF UA /OV ORF/TM 2339/FL390/TP A319/TB CONS LGT MOD CHOP,CONS LGT MOD CHOP,,39000.0,36.90333,-76.19222,2022-04-02 23:39:00,2.0,M
F,B752,BMG UA /OV OOM090010/TM 0013/FL340/TP B752/TB OCNL LGT CHOP,OCNL LGT CHOP,,34000.0,39.14,-86.39509683630286,2022-04-15 00:13:00,1.0,M
F,B752,SDF UA /OV 15 N MYS/TM 0426/FL080/TP B752/TB MOD,MOD,,8000.0,38.14002025002025,-86.24,2022-04-16 04:26:00,3.0,M
F,LJ35,ORD UA /OV GCO/TM 2259/FL400/TP LJ35/TB CONS LGT CHOP,CONS LGT CHOP,,40000.0,41.98754,-87.93193,2022-04-06 22:59:00,1.0,M
F,C750,MBPV UA /OV PVN290125/TM 2358/FL430/TP C750/TB MOD/RM ZMAFD,MOD,,43000.0,22.482599681218712,-74.36820866459168,2022-04-14 23:58:00,3.0,M
F,B738,JVL UA /OV JVL260030/TM 1314/FL320/TP B738/TB LGT CHOP,LGT CHOP,,32000.0,42.53341887840831,-89.71077048097635,2022-04-21 13:14:00,1.0,M
F,P28A,F70 UA /OV F70180005/TM 1717/FL045/TP P28A/TB SEV/RM COR,SEV,,4500.0,33.490859916659915,-117.1285,2022-04-07 17:17:00,5.0,L
F,CRJ7,MEM UA /OV MEM135070/TM 1626/FL340/TP CRJ7/TB LGT-MOD CHOP 340/RM ZME,LGT-MOD CHOP 340,,34000.0,34.23608526695805,-88.9770774600864,2022-04-09 16:26:00,2.0,M
T,C25B,BVU UUA /OV BLD046021/TM 0008/FL100/TP C25B/TB SEV/RM OV MEADS. COR SA-ID AND MSG TYPE AND LOCTN. ZLA CWSU,SEV,,10000.0,36.24315012324514,-114.5487712802414,2022-04-22 00:08:00,5.0,U
F,C172,UUA /OV CYYC 180020 /TM 1531 /FL065 /TP C172 /TB MDT-SEV,MDT-SEV,,6500.0,50.78052966663967,-114.02028,2022-04-08 15:31:00,5.0,L
F,LJ35,MHK UA /OV IAH-MHK /TM 2108 /FL380 /TP LJ35 /TB NEG,NEG,,38000.0,34.559855,-96.00961,2022-04-12 21:08:00,0.0,M
F,A21N,UUA /OV 4647N05944W /TM 2243 /FL380 /TP A21N /TB SEV /RM DESCENDED -F340,SEV,,38000.0,46.7833,-59.7333,2022-04-01 22:43:00,5.0,U
T,EA50,AMG UUA /OV IRQ005010/TM 2132/FL350/TP EA50/TB EXTRM,EXTRM,,35000.0,33.87604589832383,-82.14253650687735,2022-04-06 21:32:00,7.0,U
F,B737,CRW UA /OV HVQ/TM 0415/FL340/TP B737/TB NEG,NEG,,34000.0,38.35,-81.77,2022-04-27 04:15:00,0.0,M
F,A320,OLU UA /OV OBH/TM 1632/FL350/TP A320/TB NEG,NEG,,35000.0,41.38,-98.35,2022-04-14 16:32:00,0.0,M
T,BE33,HHF UUA /OV HHF/TM 1354/FL045/TP BE33/TB SEV LLWS 045-026 +-20-40 KTS/RM ZAB/FDCS,SEV LLWS 045-026 +-20-40 KTS,,4500.0,35.895,-100.404,2022-04-30 13:54:00,5.0,L
F,C56X,LEB UA /OV LEB/TM 1833/FL130/TP C56X/SK TOP 130/TB LGT-MOD CHOP,LGT-MOD CHOP,,13000.0,43.62611,-72.30419,2022-04-15 18:33:00,2.0,M
F,B737,ELP UA /OV ELP100030/TM 1550/FL340/TP B737/TB MOD CHOP/RM ZAB/FDCS,MOD CHOP,,34000.0,31.724278878408303,-105.79634156967067,2022-04-05 15:50:00,3.0,M
T,B739,DEN UUA /OV BJC197010 /TM 0835 /FL310 /TP B739 /TB SEV 310 /RM MTN WAVE +/--20KT +/-+80FT AWC-WEB,SEV 310,,31000.0,39.749412963879045,-105.1807210807656,2022-04-05 08:35:00,5.0,M
T,CRJ2,CDC UUA /OV KSGU /TM 2139 /FL100 /TP CRJ2 /TB SEV /RM LLWS +/- 500 FEET +/- 50 KTS AWC-WEB:,SEV,,10000.0,37.0363889,-113.5103056,2022-04-16 21:39:00,5.0,M
F,B77W,LNL UA /OV LNL/TM 1331/FL340/TP B77W/TB OCNL LGT CHOP,OCNL LGT CHOP,,34000.0,46.1540116,-89.2120794,2022-04-20 13:31:00,1.0,U
T,PA46,DFW UUA /OV CQY090005 /TM 1814 /FL090 /TP PA46 /TB SEV /RM ZFW AWC-WEB:,SEV,,9000.0,32.19,-96.12152257297086,2022-04-07 18:14:00,5.0,L
F,B767,BOS UA /OV BOS090010/TM 2054/FL330/TP B767/TB MOD,MOD,,33000.0,42.36057,-70.78415707597308,2022-04-06 20:54:00,3.0,H
F,B737,AMA UA /OV AMA110025/TM 2126/FL160/TP B737/TB LGT-MOD CAT BLO 160/RM DURC -ZAB/FDCS,LGT-MOD CAT BLO 160,,16000.0,35.07684006375626,-101.22661249106253,2022-04-13 21:26:00,2.0,M
T,C5501,GWO UUA /OV SQS/TM 1604/FL210/TP C5501/TB SEV/RM NO DAMAGE OF INJURIES/ZME,SEV,,21000.0,33.46,-90.28,2022-04-16 16:04:00,5.0,U
T,A333,BOS UUA /OV BOS100025/TM 0932/FL400/TP A333/TA XXX/TB SEV CAT 400-375,SEV CAT 400-375,,40000.0,42.28821073200693,-70.45436508887164,2022-04-06 09:32:00,5.0,H
T,E145,MLU UUA /OV MLU315010 /TM 1738 /FL370 /TP E145 /TB SEV /RM ZFW AWC-WEB,SEV,,37000.0,32.62872067614885,-92.17745299201164,2022-04-12 17:38:00,5.0,M
F,CL60,UUA /OV 4908N05927W /TM 0221 /FL320 /TP CL60 /TB SEV,SEV,,32000.0,49.1333,-59.45,2022-04-25 02:21:00,5.0,M
F,B753,UUA /OV 4540N05929W /TM 0300 /FL350 /TP B753 /TB SEV CAT /RM TURBOCNL,SEV CAT,,35000.0,45.6666,-59.4833,2022-04-19 03:00:00,5.0,M
F,CL60,UUA /OV 4440N05945W /TM 1520 /FL350 /TP CL60 /TB MDT-SEV 360-380 /RM SMOOTH AT FL350 EBND,MDT-SEV 360-380,,35000.0,44.6666,-59.75,2022-04-01 15:20:00,5.0,M
F,CRJ9,FIG UA /OV SLT/TM 1606/FL250/TP CRJ9/TB CONS LGT-MOD CHOP 250-270,CONS LGT-MOD CHOP 250-270,,25000.0,41.51,-77.97,2022-04-16 16:06:00,2.0,U
T,HDJT,VRB UUA /OV VRB010010/TM 1901/FL230/TP HDJT/TB SEV CONS 230/RM ZMAFD,SEV CONS 230,,23000.0,27.81970792042,-80.38526308248865,2022-04-07 19:01:00,5.0,U
T,B739,SDB UUA /OV FIM330020 /TM 0400 /FL130 /TP B739 /TB SEV /RM ZLAWC AWC-WEB,SEV,,13000.0,34.6486985173041,-119.0819123055248,2022-04-23 04:00:00,5.0,M
F,E75S,ENL UA /OV ENL/TM 0027/FL230/TP E75S/SK OVC TOP 100/TB NEG 220/RM /ZKC FDC/AF,NEG 220,,23000.0,38.51508,-89.09114,2022-04-20 00:27:00,0.0,U
T,C340,CPR UUA /OV 22 SW CPR/TM 1545/FL1325/TP C340/TB SEV TURB 13 5 SMOOTH AT 100/RM OCCUPANTS HEADS HIT ROOF AND CAUGHT THEM ALL BY SUPRISE,SEV TURB 13 5 SMOOTH AT 100,,13200.0,42.64870651247253,-106.81842948923256,2022-04-27 15:45:00,5.0,L
F,E75S,SEG UA /OV RAV150020/TM 1542/FL260/TP E75S/TB MOD 260,MOD 260,,26000.0,40.2613014826959,-76.38063749957757,2022-04-06 15:42:00,3.0,U
F,C510,LAS UA /OV LAS290005/TM 0420/FL070/TP C510/TB SEV,SEV,,7000.0,36.10856398724875,-115.249149971355,2022-04-12 04:20:00,5.0,U
F,BL17,ABI UA /OV KSNK170008 /TM 2009 /FL060 /TP BL17 /TB MOD /RM ZFW AWC-WEB,MOD,,6000.0,32.56207166366401,-100.9229560909803,2022-04-27 20:09:00,3.0,L
T,PA27,DEN UUA /OV OVER BDU/TM 1644/FL090/TP PA27/TB SEV/RM 090-098,SEV,,9000.0,39.49,-121.62,2022-04-20 16:44:00,5.0,L
F,B738,HCD UA /OV HCD180010/TM 1926/FL150/TP B738/TB NEG,NEG,,15000.0,44.69320983331984,-94.3825,2022-04-30 19:26:00,0.0,M
F,C208,FMN UA /OV RSK170050/TM 1512/FL120/TP C208/TB LGT-MOD/RM ZDV FD,LGT-MOD,,12000.0,35.92926039790002,-107.91938490189506,2022-04-12 15:12:00,2.0,L
F,BE20,PRC UA /OV DRK100010/TM 1850/FL230/TP BE20/TB MOD 230-190 /RM DURD -ZAB/FDCS,MOD 230-190,,23000.0,34.671056292802774,-112.2803416527666,2022-04-22 18:50:00,3.0,M
T,B739,MML UUA /OV FSD040070/TM 1613/FL250/TP B739/TB SEV CAT 320-300,SEV CAT 320-300,,25000.0,44.470730908244406,-95.7183690749111,2022-04-12 16:13:00,5.0,M
F,E75L,PSP UA /OV PSP290010 RM 10NW PSP/TM 0310/FL080/TP E75L/TB MOD 080,MOD 080,,8000.0,33.886677974497495,-116.69524040676455,2022-04-19 03:10:00,3.0,U
T,PC12,MCI UUA /OV MCI150015/TM 1532/FL100/TP PC12/TB MDT-SEV BLO 050,MDT-SEV BLO 050,,10000.0,39.08108611202193,-94.5523703751549,2022-04-06 15:32:00,5.0,L
T,H,SBA UUA /OV 10 E RZS/TM 2318/FL080/TP H/C17/TB SEV TURB,SEV TURB,,8000.0,34.51,-119.56772495070354,2022-04-12 23:18:00,5.0,L
T,B739,DEN UUA /OV BJC197010 /TM 0835 /FL310 /TP B739 /TB SEV 310 /RM MTN WAVE +/--20KT +/-+80FT AWC-WEB:,SEV 310,,31000.0,39.749412963879045,-105.1807210807656,2022-04-05 08:35:00,5.0,M
T,A320,PUB UUA /OV PUB272063/TM 1505/FL390/TP A320/TB SEV MTW/RM WENT TO M.60  UNABLE TO HOLD ALT.....ZDV,SEV MTW,,39000.0,38.32664743974279,-105.83539975480052,2022-04-07 15:05:00,5.0,M
F,CRJ2,PIH UA /OV PIH/TM 1900/FL060/TP CRJ2/TA UNKN/TB CONT LGT 060-095/IC LGT RIME 060-095 /ZLC,CONT LGT 060-095,,6000.0,42.90981,-112.59592,2022-04-04 19:00:00,1.0,M
T,GALX,MLB UUA /OV MLB090060/TM 0028/FL320/TP GALX/TB SEV/RM DURD FL320 ZMAFD,SEV,,32000.0,28.10275,-79.51151533098884,2022-04-19 00:28:00,5.0,M
F,BE10,DEN UA /OV 214058DEN/TM 1735/FL140/TP BE10/TB SEV/RM DURD,SEV,,14000.0,39.8328,-104.6575,2022-04-05 17:35:00,5.0,L
F,B737,OKC UA /OV IRW045020 /TM 2255 /FL340 /TP B737 /TB LGT CAT /RM ZFW AWC-WEB:,LGT CAT,,34000.0,35.5957213522977,-97.3209600249363,2022-04-04 22:55:00,1.0,M
T,C172,CCB UUA /OV ONT305005/TM 1603/FL055/TP C172/TB SEV 055-060/RM COR SA-ID AND LOCTN. ZLA CWSU,SEV 055-060,,5500.0,34.103801908007405,-117.683590690058,2022-04-07 16:03:00,5.0,L
T,M20P,BFL UUA /OV TTE065020 /TM 0020 /FL135 /TP M20P /TB EXTRM 090-135 /RM MOD-EXTREME DURD /ZOACWSU AWC-WEB:,EXTRM 090-135,,13500.0,36.05088416461804,-118.64697566233934,2022-04-15 00:20:00,7.0,L
F,B78X,UUA /OV CYQM /TM 1510 /FL360 /TP B78X /TB SEV,SEV,,36000.0,46.10389,-64.68778,2022-04-13 15:10:00,5.0,U
F,R22,RDM UA /OV RDM090008 /TM 2241 /FL043 /TP R22 /TB LGT,LGT,,4300.0,44.25389,-120.96383136724548,2022-04-09 22:41:00,1.0,L
F,B738,FWA UA /OV FWA020045/TM 1508/FL300/TP B738/TB CONS CHOP OCNL MOD CHOP /RM RIDES IMPROVE WEST BOUND,CONS CHOP OCNL MOD CHOP,,30000.0,41.68287655197324,-84.84732975534398,2022-04-25 15:08:00,3.0,M
F,CRJ2,ALO UA /OV ALO/TM 2219/FL300/TP CRJ2/TB LGT OCNL CONS CHOP,LGT OCNL CONS CHOP,,30000.0,42.554365,-92.401293,2022-04-23 22:19:00,1.0,M
F,E75S,DLL UA /OV DLL/TM 2321/FL330/TP E75S/TB OCNL LGT CHOP,OCNL LGT CHOP,,33000.0,43.522,-89.771,2022-04-20 23:21:00,1.0,U
T,BE33,PKB UUA /OV JPU350010/TM 1807/FL050/TP BE33/TB SEV/RM WING DEFLECTION UP TO 30 DEG. TRUE AIRSPEED +/-20. HIT HEAD DUE TO TURB,SEV,,5000.0,39.60414792041999,-81.40747775765986,2022-04-27 18:07:00,5.0,L
T,EA50,SAF UUA /OV SAF360025/TM 1753/FL110/TP EA50/TB SEV CAT/RM ZAB/FDCS,SEV CAT,,11000.0,36.03381041670041,-106.08942,2022-04-20 17:53:00,5.0,U
F,GLF5,BOI UA /OV REO195035/TM 0021/FL370/TP GLF5/TB CONS LGT OCNL MDT /ZLC,CONS LGT OCNL MDT,,37000.0,42.02705762795711,-118.06953133662772,2022-04-27 00:21:00,1.0,M
T,GLF4,AMG UUA /OV IRQ090030/TM 2145/FL280/TP GLF4/TB SEV CAT/RM LOSS +/- 700FT SEV LIGHTNING,SEV CAT,,28000.0,33.71,-81.5588866629291,2022-04-06 21:45:00,5.0,M
F,DH8D,SEA UA /OV SEA025035/TM 2120/FL100/TP DH8D/TA UNKN/TB MOD/IC MOD RIME/RM DURD GLASR ARRIVAL,MOD,,10000.0,47.97341236552381,-121.94981773247964,2022-04-05 21:20:00,3.0,M
F,B789,LGU UA /OV LHO075055/TM 1859/FL400/TP B789/TB SEV /ZLC,SEV,,40000.0,42.02727000867729,-110.822348647488,2022-04-05 18:59:00,5.0,U
T,GLF5,GCN UUA /OV GCN003020 /TM 0236 /FL430 /TP GLF5 /TB SEV/RM AWC-WEB,SEV,,43000.0,36.27901347460926,-112.13316937068848,2022-04-12 02:36:00,5.0,M
T,PC12,BIH UUA /OV BIH /TM 1919 /FL170 /TP PC12 /TB INTMT SEV /RM ZOACWSU AWC-WEB,INTMT SEV,,17000.0,37.37311,-118.36361,2022-04-21 19:19:00,5.0,L
T,GLF5,LGU UUA /OV MLD220010/TM 1525/FL450/TP GLF5/TB SEV /ZLC,SEV,,45000.0,42.03890558453652,-112.44118005524282,2022-04-05 15:25:00,5.0,M
F,M600,PKB UA /OV JPU/TM 1601/FL145/TP M600/SK BASE 080 TOP 150/TB CONS LGT CHOP /IC NEG,CONS LGT CHOP,,14500.0,39.44,-81.37,2022-04-08 16:01:00,1.0,U
T,GLEX,MYGF UUA /OV ZFP120055/TM 1837/FL130/TP GLEX/TB SEV/RM NO DAM NO INJ ZMAFD,SEV,,13000.0,26.041629541629543,-77.89287245562338,2022-04-15 18:37:00,5.0,M
F,E545,RSW UA /OV RSW310031/TM 1617/FL110/TP E545/TB SEV TURB,SEV TURB,,11000.0,26.870193832359742,-82.1991679367771,2022-04-01 16:17:00,5.0,U
T,SR22,LWD UUA /OV LWD/TM 1852/FL120/TP SR22/TB SEV/RM +55KTS NO DAMAGE OR INJURIES,SEV,,12000.0,40.630636,-93.900467,2022-04-10 18:52:00,5.0,L
T,B738,1F0 UUA /OV ADM120015 /TM 0127 /FL290 /TP B738 /TB SEV /RM ZFW AWC-WEB:,SEV,,29000.0,34.17818987498987,-96.75738574635582,2022-04-13 01:27:00,5.0,M
T,B39M,AKO UUA /OV AKO090010/TM 0319/FL315/TP B39M/TB SEV/RM DURC ZDV,SEV,,31500.0,40.17563,-103.00388237165352,2022-04-23 03:19:00,5.0,U
T,SR50,PSP UUA /OV PSP/TM 1525/FL100/TP SR50/TB SEV/RM COR MSG TYPE. ZLA CWSU,SEV,,10000.0,33.82967,-116.50669,2022-04-19 15:25:00,5.0,U
T,P46T,ABE UUA /OV ETX160007/TM 2040/FL085/TP P46T/SK SKC/TB SEV/RM VMC,SEV,,8500.0,40.47036031413749,-75.62745797900234,2022-04-15 20:40:00,5.0,L
T,E135,LAS UUA /OV LAS210040/TM 1909/FL200/TP E135/TB SEV/RM EXTREME TURB FL210-FL190 ZAB/FDCS,SEV,,20000.0,35.502662965391806,-115.56472518267822,2022-04-22 19:09:00,5.0,M
T,A320,AKO UUA /OV TXC180015/TM 2118/FL260/TP A320/TB SEV/RM DURC,SEV,,26000.0,39.44997974997976,-103.21,2022-04-12 21:18:00,5.0,M
T,GLF5,DEN UUA /OV DEN270040/TM 0245/FL430/TP GLF5/TB SEV/RM MDT-SEV MTN WAVE +/-500FT +/-M.06 ZDV/TMU/PP/300255Z,SEV,,43000.0,39.8328,-105.52571974957895,2022-04-30 02:45:00,5.0,M
F,B737,SDB UA /OV FIM160015 /TM 1500 /FL180 /TP B737 /TB MOD /RM ZLAWC AWC-WEB:,MOD,,18000.0,34.125057816008926,-118.77641288648778,2022-04-22 15:00:00,3.0,M
T,C182,RPD UUA /OV RPD150025/TM 2016/FL041/TP C182/TB SEV CHOP,SEV CHOP,,4100.0,45.05922685336988,-91.47648390993191,2022-04-16 20:16:00,5.0,L
F,CRJ7,TXK UA /OV TXK /TM 2048 /FL310 /TP CRJ7 /TB CONS LGT CHOP /RM ZFW AWC-WEB,CONS LGT CHOP,,31000.0,33.45372,-93.99103,2022-04-26 20:48:00,1.0,M
F,BE76,OMA UA /OV OMA270025/TM 2100/FL070/TP BE76/TB CONT LGT BLW 065,CONT LGT BLW 065,,7000.0,41.31028,-96.45392311177822,2022-04-01 21:00:00,1.0,L
T,C182,ALS UUA /OV ALS350006/TM 2125/FL105/TP C182/TB SEV/RM 1500FT DOWNDRAFT,SEV,,10500.0,37.537378752252,-105.88326175909926,2022-04-07 21:25:00,5.0,L
F,PC12,STX UA /OV TFFJ /TM 1539 /FL165 /TP PC12 /WX FV99SM /TA 03 /WV 10917KT /TB NEG /RM /SK SCT CU ALDQS,NEG,,16500.0,17.7,-64.8,2022-04-09 15:39:00,0.0,L
F,PC12,CRW UA /OV HNN040030/TM 1220/FL260/TP PC12/WX IMC/TA M33/TB CONS LGT/IC LGT RIME,CONS LGT,,26000.0,39.13305324639046,-81.61786224788985,2022-04-11 12:20:00,1.0,L
F,C172,GYR UA /OV GYR/TM 1555/FL025/TP C172/TB NEG,NEG,,2500.0,33.42235,-112.37358,2022-04-22 15:55:00,0.0,L
T,HDJT,JAC UUA /OV JAC190010/TM 1636/FL070/TP HDJT/TB SEV FL070-130 /ZLC,SEV FL070-130,,7000.0,43.44866207958001,-110.77696652098363,2022-04-05 16:36:00,5.0,U
T,C414,SGF UUA /OV SGF055030/TM 1722/FL240/TP C414/TB SEV/RM ZKC/FD1/CJ,SEV,,24000.0,37.52651144804442,-92.87518720047636,2022-04-11 17:22:00,5.0,L
F,B763,DLL UA /OV DLL/TM 0404/FL350/TP B763/TB MOD,MOD,,35000.0,43.522,-89.771,2022-04-13 04:04:00,3.0,H
T,C25B,APA UUA /OV APA/TM 1305/FL070/TP C25B/TB SEV/RM LLWS -15KTS,SEV,,7000.0,39.57,-104.85,2022-04-06 13:05:00,5.0,U
T,PC12,BJC UUA /OV BJC180010/TM 2212/FL140/TP PC12/TB EXTRM,EXTRM,,14000.0,39.74212983331984,-105.11719,2022-04-29 22:12:00,7.0,L
F,B789,ANC UA /OV 49N172W/TM 1159/FL350/TP B789/TB CONS LGT-MOD TURB/RM FROM 178E-178W FL340-345. SMOOTH EAST OF 178W...ZOA CWSU,CONS LGT-MOD TURB,,35000.0,49.0,-172.0,2022-04-30 11:59:00,2.0,U
T,E145,OKC UUA /OV IRW140020 /TM 2101 /FL340 /TP E145 /TB SEV EXTRM /RM DURD FL340-310 ZFW AWC-WEB:,SEV EXTRM,,34000.0,35.10463116907302,-97.3472514030154,2022-04-04 21:01:00,6.0,M
T,B738,1F0 UUA /OV ADM090010 /TM 0129 /FL320 /TP B738 /TB SEV /RM ZFW AWC-WEB,SEV,,32000.0,34.3032,-96.8177243534668,2022-04-13 01:29:00,5.0,M
F,B737,FAT UA /OV FRA280010/TM 0238/FL290/TP B737/TB MOD/RM ZOA CWSU,MOD,,29000.0,37.12894370719723,-119.80580645432734,2022-04-27 02:38:00,3.0,M
T,S22T,SDB UUA /OV GMN335010 /TM 0008 /FL130 /TP S22T /TB SEV /RM ZLAWC AWC-WEB:,SEV,,13000.0,34.9510635330068,-118.94578475327684,2022-04-22 00:08:00,5.0,U
T,P46T,EGE UUA /OV RLG187019/TM 1748/FL170/TP P46T/TB SEV/RM OVR AQULA AND IN ON FINAL RWY25 KEGE. ZDV,SEV,,17000.0,39.685668259812665,-106.49038230489552,2022-04-11 17:48:00,5.0,L
T,P28A,AMA UUA /OV 20 E AMA/TM 1915/FL065/TP P28A/TB SEV TURB/RM ZAB FDCS,SEV TURB,,6500.0,35.21936,-101.29786528224636,2022-04-07 19:15:00,5.0,L
T,GLF5,GUC UUA /OV HBU025035/TM 2152/FL450/TP GLF5/TB SEV,SEV,,45000.0,38.97872236552381,-106.72518554539998,2022-04-05 21:52:00,5.0,M
T,C525,MOB UUA /OV GCV090010 /TM 2130 /FL370 /TP C525 /TB SEV TURB /RM KZHU AWC-WEB:,SEV TURB,,37000.0,31.1,-88.29534091561166,2022-04-16 21:30:00,5.0,L
F,CRJ9,GAD UA /OV GAD030020/TM 2155/FL240/TP CRJ9/TB LGT-MOD CHOP/RM ZTLFD,LGT-MOD CHOP,,24000.0,34.2613485173041,-85.88809208147238,2022-04-05 21:55:00,2.0,U
F,CRJ7,ASE UA /OV ASE330005/TM 1810/FL078/TP CRJ7/TB CON LGT BLO 160/RM LLWS +/- 15KT RWY15,CON LGT BLO 160,,7800.0,39.29534462932602,-106.92264939216123,2022-04-27 18:10:00,1.0,M
T,PA34,SMF UUA /OV LIN290010/TM 2215/FL040/TP PA34/TB SEV/RM FL040-035,SEV,,4000.0,38.127007974497495,-121.1989539947424,2022-04-22 22:15:00,5.0,L
T,PA27,BUR UUA /OV VNY340008/TM 2025/FL028/TP PA27/TB SEV/RM NEWHALL PASS NORTH OF WHP  CAUSED 40 DEGREE ROLL. IMPROVED CONDITIONS HIGHER ALT,SEV,,2800.0,34.33502249812857,-118.54431775742336,2022-04-25 20:25:00,5.0,L
F,B737,RHP UA /OV HRS300015/TM 2149/FL320/TP B737/TB LGT-MOD CHOP/RM ZTLFD,LGT-MOD CHOP,,32000.0,35.065010125010126,-84.1841333279192,2022-04-04 21:49:00,2.0,M
T,GLF4,JAX UUA /OV JAX075220/TM 2030/FL290/TP GLF4/TB SEV/RM POSSIBLY SEV A/C ALTITUDE VARIED 500FT,SEV,,29000.0,31.44314003470917,-77.57727646619752,2022-04-02 20:30:00,5.0,M
F,B717,LEX UA /OV RGA/TM 1517/FL070/TP B717/TB LGT TO MODERATE TURB 240-060,LGT TO MODERATE TURB 240-060,,7000.0,37.6315,-84.3324,2022-04-06 15:17:00,1.0,M
F,B738,GGG UA /OV GGG /TM 0017 /FL310 /TP B738 /TB INTMT LGT CHOP /RM ZFW AWC-WEB:,INTMT LGT CHOP,,31000.0,32.38401,-94.71149,2022-04-06 00:17:00,1.0,M
F,NMRS,JHW UA /OV JHW-SLT/TM 2236/FL310/TP NMRS/TB CONT MOD CHOP 310-370,CONT MOD CHOP 310-370,,31000.0,41.831695,-78.614015,2022-04-04 22:36:00,3.0,U
F,ERCO,CRW UA /OV 20 N OF CRW/TM 1806/FL035/TP ERCO/TB MOD,MOD,,3500.0,38.71276033336033,-81.59,2022-04-15 18:06:00,3.0,L
T,BE36,SBP UUA /OV KSBP110003/TM 1645/FL015/TP BE36/TB OCNL SEV BLO015/RM DURD RY29 SBP,OCNL SEV BLO015,,1500.0,35.22098785765075,-120.58655193954228,2022-04-06 16:45:00,5.0,L
F,B737,AMG UA /OV AMG/TM 1530/FL360/TP B737/TB MOD CONS CHOP ABV 240,MOD CONS CHOP ABV 240,,36000.0,31.53606,-82.50656,2022-04-02 15:30:00,3.0,M
F,A306,SLC UA /OV TCH300028/TM 1328/FL145/TP A306/TA M15/TB CONS LGT/IC MDT RIME/RM 080-165 CLOUD LAYER /ZLC,CONS LGT,,14500.0,41.08335223335224,-112.51432681950024,2022-04-05 13:28:00,1.0,H
F,B789,UUA /OV 50N052W /TM 0406 /FL350 /TP B789 /TB SEV /RM MOD - SEV,SEV,,35000.0,50.0,-52.0,2022-04-05 04:06:00,5.0,U
T,M20P,BFL UUA /OV TTE065020 /TM 0020 /FL135 /TP M20P /TB EXTRM 090-135 /RM MOD-EXTREME DURD /ZOACWSU AWC-WEB,EXTRM 090-135,,13500.0,36.05088416461804,-118.64697566233934,2022-04-15 00:20:00,7.0,L
F,B350,HTS UA /OV RNL290010/TM 1814/FL260/TP B350/TB NEG,NEG,,26000.0,38.03700797449749,-81.0087097606042,2022-04-15 18:14:00,0.0,M
F,E170,CRW UA /OV HVQ/TM 1310/FL340/TP E170/TB OCNL LGT CHOP,OCNL LGT CHOP,,34000.0,38.35,-81.77,2022-04-19 13:10:00,1.0,U
F,A319,DAY UA /OV RID/TM 1333/FL320/TP A319/TB NEG,NEG,,32000.0,39.7572,-84.8428,2022-04-14 13:33:00,0.0,M
F,BE9L,GNV UA /OV GNV020035/TM 1612/FL200/TP BE9L/TB NEG,NEG,,20000.0,30.239898429312515,-82.04633523231013,2022-04-06 16:12:00,0.0,L
F,E170,MWA UA /OV MWA200015/TM 1241/FL330/TP E170/TB CONS LGT CHOP/IC NEG/RM /ZKC FDC/CW,CONS LGT CHOP,,33000.0,37.52002781600892,-89.11923585354387,2022-04-02 12:41:00,1.0,U
F,MD81,INL UA /OV INL225020/TM 0516/FL340/TP MD81/TB CONS LGT OCNL MOD,CONS LGT OCNL MOD,,34000.0,48.3237463777023,-93.75171126973278,2022-04-06 05:16:00,2.0,M
T,FA20,OKC UUA /OV IFI315060 /TM 0136 /FL380 /TP FA20 /TB SEV CONS /RM ZFW AWC-WEB:,SEV CONS,,38000.0,36.5171640568931,-98.87200671277093,2022-04-30 01:36:00,5.0,M
F,A320,LIT UA /OV LIT270030/TM 1615/FL300/TP A320/TB CONS LGT OCNL MOD CHOP 300/RM ZME,CONS LGT OCNL MOD CHOP 300,,30000.0,34.7273,-92.84414599902972,2022-04-08 16:15:00,2.0,M
F,E75L,BAX UA /OV BAX/TM 2102/FL300/TP E75L/TB CONS LGT CAT 300,CONS LGT CAT 300,,30000.0,43.78022,-82.98542,2022-04-29 21:02:00,1.0,U
F,C82R,CNO UA /OV PDZ280003/TM 1720/FL020/TP C82R/TB LGT,LGT,,2000.0,33.92868311215917,-117.58934361889176,2022-04-12 17:20:00,1.0,L
F,B762,GDP UA /OV CNM /TM 1303 /FL390 /TP B762 /TB MOD CHOP /RM ZFW AWC-WEB,MOD CHOP,,39000.0,32.33747,-104.26328,2022-04-05 13:03:00,3.0,H
F,B737,BUF UA /OV BUF360010/TM 2100/FL070/TP B737/TA 0/TB SEV/IC MOD RIME /RM 070B040,SEV,,7000.0,43.10748016668017,-78.7358,2022-04-16 21:00:00,5.0,M
F,BN2P,FLL UA /OV KFXE135015 /TM 1648 /FL075 /TP BN2P /TB LGT 030-010 /RM DURD,LGT 030-010,,7500.0,26.023208985776723,-79.9729653216972,2022-04-09 16:48:00,1.0,L
F,A319,PKB UA /OV JPU/TM 1536/FL380/TP A319/TB CONS LGT CHOP 360 NEG 380,CONS LGT CHOP 360 NEG 380,,38000.0,39.44,-81.37,2022-04-04 15:36:00,0.0,M
F,A359,UUA /OV CYYZ 315060 /TM 0900 /FL390 /TP A359 /TB SEV,SEV,,39000.0,44.3843840568931,-80.60832992753461,2022-04-14 09:00:00,5.0,U
F,MULTIPLE GA,ABI UA /OV NE QUAD ABI/TM 2200/FL065/TP MULTIPLE GA/TB LGHT TO MOD 065-080,LGHT TO MOD 065-080,,6500.0,32.41062851,-99.68208563,2022-04-14 22:00:00,3.0,U
T,LJ45,MLC UUA /OV PGO090015/TM 1423/FL350/TP LJ45/TB SEV/RM ZME,SEV,,35000.0,34.68,-94.30596586934114,2022-04-13 14:23:00,5.0,M
F,C140,PRC UA /OV KPAN-KPRC /TM 2128 /FL085 /TP C140 /SK SKC /TA 99 /TB LGT,LGT,,8500.0,34.4534182,-111.8796279,2022-04-08 21:28:00,1.0,L
F,BE9L,EOK UA /OV EOK101023/TM 2042/FL090/TP BE9L/TB NEG/IC NEG/RM DURD INTO EOK/ ZKCFDC/CW,NEG,,9000.0,40.3883117382471,-90.9327809758811,2022-04-07 20:42:00,0.0,L
F,CRJ9,TTF UA /OV CRL180030/TM 1131/FL320/TP CRJ9/TB LGT OCNL MOD 320-330,LGT OCNL MOD 320-330,,32000.0,41.5499594999595,-83.46,2022-04-05 11:31:00,2.0,U
T,GLF5,DEN UUA /OV DEN270040/TM 0245/FL430/TP GLF5/TB SEV/RM MDT-SEV MTN WAVE +/-500FT +/-M.06 ZDV/TMU/PP/300300Z,SEV,,43000.0,39.8328,-105.52571974957895,2022-04-30 02:45:00,5.0,M
T,F182,FAT UUA /OV VIS /TM 2338 /FL120 /TP F182 /TB SEV /RM ZOA CWSU AWC-WEB,SEV,,12000.0,36.31867,-119.39289,2022-04-21 23:38:00,5.0,U
F,A320,PGA UA /OV TBC062075/TM 1602/FL360/TP A320/TB MOD/RM LASTED 3-4 MINUTES...ZDV FD,MOD,,36000.0,36.70688698752563,-109.9035782061742,2022-04-23 16:02:00,3.0,M
F,C206,LIT UA /OV LRF/TM 1915/FL055/TP C206/TB SEV TURB,SEV TURB,,5500.0,34.91677,-92.14654,2022-04-10 19:15:00,5.0,L
T,P180,VGT UUA /OV LAS324009/TM 2107/FL033/TP P180/TB SEV CHOP,SEV CHOP,,3300.0,36.20142237872256,-115.2613510731917,2022-04-11 21:07:00,5.0,L
F,B77L,SEA UA /OV 4428N 12808W /TM 1532 /FL320 /TP B77L /TB MOD /RM ZOACWSU AWC-WEB:,MOD,,32000.0,44.4666,-128.1333,2022-04-22 15:32:00,3.0,U
T,SR22,RDU UUA /OV RDU010020/TM 1451/FL080/TP SR22/TB SEV/RM 075-090,SEV,,8000.0,36.22049584084,-78.71044477098295,2022-04-16 14:51:00,5.0,L
T,PC12,BIH UUA /OV BIH330015 /TM 1649 /FL210 /TP PC12 /TB SEV /RM LOSS OF 1000FT /ZOACWSU AWC-WEB:,SEV,,21000.0,37.58963388797807,-118.52091488249886,2022-04-21 16:49:00,5.0,L
T,C182,MSO UUA /OV 1U1-32S /TM 2113 /FL096 /TP C182 /TB OCNL SEV,OCNL SEV,,9600.0,46.32,-114.485,2022-04-08 21:13:00,5.0,L
T,E545,RSW UUA /OV RSW310031/TM 1617/FL110/TP E545/TB SEV TURB,SEV TURB,,11000.0,26.870193832359742,-82.1991679367771,2022-04-01 16:17:00,5.0,U
T,P32T,GSO UUA /OV GSO020030/TM 1045/FL120/TP P32T/TB SEV,SEV,,12000.0,36.56738436798215,-79.73195081265801,2022-04-08 10:45:00,5.0,L
F,C208,SAN UA /OV 20 E PGY/TM 1615/FL070/TP C208/TB MOD,MOD,,7000.0,32.61,-116.5842535424618,2022-04-23 16:15:00,3.0,L
F,PA11,TKA UA /OV TKA /TM 1938 /FL075 /TP PA11 /SK SKC /WX FV99SM /TB NEG /RM (AKFSS,NEG,,7500.0,62.32,-150.09,2022-04-14 19:38:00,0.0,L
F,C750,EVV UA /OV PXV270015/TM 1426/FL350/TP C750/TB LGT CHOP/RM DURC,LGT CHOP,,35000.0,37.93,-88.07697792613651,2022-04-25 14:26:00,1.0,M
F,GLF5,DFW UA /OV 15 N DFW/TM 1939/FL050/TP GLF5/TB MOD 050,MOD 050,,5000.0,33.14685025002025,-97.038,2022-04-06 19:39:00,3.0,M
F,B737,IND UA /OV VHP/TM 2027/FL340/TP B737/TB COONS LGT,COONS LGT,,34000.0,39.81,-86.37,2022-04-25 20:27:00,1.0,M
F,B737,COS UA /OV BRK190015/TM 0008/FL085/TP B737/TB SEV,SEV,,8500.0,38.69377811937,-104.6858180848258,2022-04-16 00:08:00,5.0,M
T,P28A,CID UUA /OV CID110030/TM 1824/FL090/TP P28A/TB SEV 090-108/RM DURC,SEV 090-108,,9000.0,41.71187507650751,-91.0934563326102,2022-04-12 18:24:00,5.0,L
T,DH8D,IDA UUA /OV DBS250028/TM 0321/FL190/TP DH8D/TB SEV/RM NO DAMAGE NO INJURIES WIND SHIFT 100KTS /ZLC,SEV,,19000.0,43.930377671407015,-112.82059536291524,2022-04-05 03:21:00,5.0,M
T,PRIM,CEW UUA /OV CEW350050/TM 1719/FL410/TP PRIM/TB SEV-EXTRM CAT,SEV-EXTRM CAT,,41000.0,31.600739602099974,-86.68844609139948,2022-04-05 17:19:00,6.0,U
T,C25B,BZN UUA /OV EKS360005/TM 1645/FL130/TP C25B/TB SEV 130-150/RM NEGATIVE DAMAGE,SEV 130-150,,13000.0,45.35514008334008,-111.6486,2022-04-05 16:45:00,5.0,U
T,RV07,ONT UUA /OV KONT/TM 1705/FL065/TP RV07/TB SEV/RM COR MSG TYPE. ZLA CWSU,SEV,,6500.0,34.056,-117.60119,2022-04-07 17:05:00,5.0,U
T,DA40,TYS UUA /OV TYS180020/TM 1616/FL060/TP DA40/TB EXTRM,EXTRM,,6000.0,35.48473966663967,-83.9858,2022-04-13 16:16:00,7.0,L
T,B738,MYNN UUA /OV ZQA145180/TM 1506/FL290/TP B738/TB SEV CAT/RM ZMAFD,SEV CAT,,29000.0,22.54234481298721,-75.55123148793274,2022-04-16 15:06:00,5.0,M
F,RV7,HVE UA /OV HVE310021 /TM 1412 /FL095 /TP RV7 /SK FEW-SCT125 /WX FV20SM /TA 08 /TB NEG,NEG,,9500.0,38.642993886437246,-111.04623083770436,2022-04-27 14:12:00,0.0,L
T,GLF5,GRD UUA /OV IRQ220020/TM 2245/FL150/TP GLF5/TB CONS SEV CAT 150/RM NO DAMAGE OR INJ/ ZTLFD,CONS SEV CAT 150,,15000.0,33.454631169073025,-82.41759213672432,2022-04-06 22:45:00,5.0,M
F,B77L,UUA /OV 4400N05700W /TM 2330 /FL390 /TP B77L /TB SEV /RM DESCENDED -F370,SEV,,39000.0,44.0,-57.0,2022-04-01 23:30:00,5.0,U
F,B747,CMH UA /OV APE/TM 2001/FL350/TP B747/TB NEG,NEG,,35000.0,40.15,-82.59,2022-04-30 20:01:00,0.0,H
T,A320,MKG UUA /OV MKG260040/TM 1330/FL300/TP A320/TB CONS MOD-OCNL SEV CAT,CONS MOD-OCNL SEV CAT,,30000.0,43.05533517121108,-87.13695705184617,2022-04-06 13:30:00,4.0,M
T,PA27,MTJ UUA /OV MTJ340025/TM 1851/FL160/TP PA27/TB SEV/RM MINUS 800 FT PLUS 1100 FT,SEV,,16000.0,38.8965703066518,-108.07962157543894,2022-04-14 18:51:00,5.0,L
T,PC12,BIH UUA /OV BIH /TM 1919 /FL170 /TP PC12 /TB INTMT SEV /RM ZOACWSU AWC-WEB:,INTMT SEV,,17000.0,37.37311,-118.36361,2022-04-21 19:19:00,5.0,L
F,B38M,PHNL UA /OV 2156N 15359W /TM 1750 /FL360 /TP B38M /TB NEG/RM AWC-WEB:,NEG,,36000.0,21.9333,-153.9833,2022-04-08 17:50:00,0.0,U
F,BE36,MSN UA /OV MSN/TM 2000/FL045/TP BE36/TB MOD 045,MOD 045,,4500.0,43.14056,-89.34528,2022-04-15 20:00:00,3.0,L
F,B737,GSH UA /OV GSH170020/TM 1526/FL150/TP B737/TA M06/TB OCNL LGT CHOP/IC LGT RIME FL200-160,OCNL LGT CHOP,,15000.0,41.19892415916001,-85.71489665437458,2022-04-06 15:26:00,1.0,M
F,B190,ANC UA /OV TED120010/TM 0017/FL100/TP B190/TB MOD 100-040/RM DURD,MOD 100-040,,10000.0,61.08665991665992,-149.6906521476126,2022-04-23 00:17:00,3.0,M
T,SR22,JOT UUA /OV JOT180023/TM 1816/FL070/TP SR22/TB SEV,SEV,,7000.0,41.13432561663562,-88.17561,2022-04-14 18:16:00,5.0,L
F,CRJ2,SPI UA /OV SPI370015/TM 2149/FL290/TP CRJ2/TB OCNL LGT CHOP,OCNL LGT CHOP,,29000.0,40.09092188063,-89.62735341082318,2022-04-07 21:49:00,1.0,M
F,B738,GCC UA /OV CZI/TM 1452/FL380/TP B738/TB CONT LGT OCNL MOD/RM ZDV FD,CONT LGT OCNL MOD,,38000.0,44.0,-106.44,2022-04-07 14:52:00,2.0,M
F,P28A,DWH UA /OV 350001/TM 1946/FL004/TP P28A/TB TB SEV BELOW 010/RM -20KTS ON SHORT FINAL FOR RWY 35L,TB SEV BELOW 010,,400.0,30.06803,-95.55624,2022-04-07 19:46:00,5.0,L
F,A319,ALB UA /OV ALB100007/TM 1446/FL050/TP A319/TA M9/TB LGT RIME DURD 100-050,LGT RIME DURD 100-050,,5000.0,42.73730940496194,-73.64711530058668,2022-04-09 14:46:00,1.0,M
F,E75L,GRR UA /OV PMM300020/TM 1050/FL160/TP E75L/TB LGT,LGT,,16000.0,42.636680166680165,-86.50138610972904,2022-04-22 10:50:00,1.0,U
F,B737,ALB UA /OV CAM/TM 0139/FL380/TP B737/TB MOD 340-380,MOD 340-380,,38000.0,42.99,-73.34,2022-04-13 01:39:00,3.0,M
T,PA46,DFW UUA /OV CQY /TM 1817 /FL090 /TP PA46 /TB SEV /RM ZFW AWC-WEB,SEV,,9000.0,32.19,-96.22,2022-04-07 18:17:00,5.0,L
T,BE9L,SLC UUA /OV TCH190010/TM 1945/FL110/TP BE9L/TB SEV,SEV,,11000.0,40.68585207958001,-112.01826383897853,2022-04-04 19:45:00,5.0,L
T,C177,FAM UUA /OV FAM298025/TM 1932/FL045/TP C177/TB SEV/RM INCREASE OF 2000 FT VERTICALLY WITHIN A FEW SECONDS ZKC FDC,SEV,,4500.0,37.95665899584188,-90.89400058922048,2022-04-02 19:32:00,5.0,L
F,PC12,AOO UA /OV AOO/TM 1010/FL080/TP PC12/TA M08/TB CONS LGT-MOD CHOP/IC LGT RIME /RM CHOP BLW 050,CONS LGT-MOD CHOP,,8000.0,40.29636,-78.32003,2022-04-27 10:10:00,2.0,L
T,C206,BIH UUA /OV O26/TM 1552/FL085/TP C206/TB SEV/RM COR SA-ID AND MSG TYPE. ZLA CWSU,SEV,,8500.0,36.58,-118.04,2022-04-19 15:52:00,5.0,L
F,A321,HTS UA /OV HNN/TM 1250/FL320/TP A321/TB LGT OCNL CHOP,LGT OCNL CHOP,,32000.0,38.75,-82.03,2022-04-14 12:50:00,1.0,M
T,B77W,SEA UUA /OV 4924N 13357W /TM 2332 /FL320 /TP B77W /TB SEV /RM ZOA CWSU AWC-WEB,SEV,,32000.0,49.4,-133.95,2022-04-21 23:32:00,5.0,U
T,E145,JCT UUA /OV CSI135020 /TM 1738 /FL330 /TP E145 /TB SEV FL330 -300FT ALT /RM NO INJ / NO DMG KZHU AWC-WEB:,SEV FL330 -300FT ALT,,33000.0,29.684278647702303,-98.93803140528776,2022-04-25 17:38:00,5.0,M
F,A320,BWI UA /OV BAL120033/TM 1454/FL370/TP A320/TB LGT-MOD,LGT-MOD,,37000.0,38.89497772497773,-76.04556981495855,2022-04-12 14:54:00,2.0,M
T,PRM1,DEN UUA /OV DEN210045/TM 1811/FL140/TP PRM1/TB SEV/RM DURD,SEV,,14000.0,39.18322833606578,-105.14587360913816,2022-04-12 18:11:00,5.0,L
F,CRJ9,ATL UA /OV ATL050060/TM 1334/FL340/TP CRJ9/TB LGT CONS CHOP/RM ZTLFD,LGT CONS CHOP,,34000.0,34.272939675534985,-83.52169608790848,2022-04-06 13:34:00,1.0,U
T,S76,PSP UUA /OV PSP/TM 0017/FL030/TP S76/TB SEV/RM COR MSG TYPE AND TURB. ZLA CWSU,SEV,,3000.0,33.82967,-116.50669,2022-04-29 00:17:00,5.0,L
T,E75L,WRB UUA /OV MCN/TM 1346/FL320/TP E75L/TB SEV/RM ZTLFD,SEV,,32000.0,32.69285,-83.64921,2022-04-05 13:46:00,5.0,U
F,A321,TVK UA /OV LMN/TM 0137/FL370/TP A321/TB CONS LGT CHOP,CONS LGT CHOP,,37000.0,40.6,-93.97,2022-04-11 01:37:00,1.0,M
F,C680,LOZ UA /OV LVT090015/TM 2232/FL450/TP C680/TB NEG,NEG,,45000.0,36.58,-84.85865218468219,2022-04-05 22:32:00,0.0,U
T,C206,TRK UUA /OV WMC-TRK360010 /TM 2241 /FL085 /TP C206 /TB OCNL SEV,OCNL SEV,,8500.0,39.32004,-120.13956,2022-04-01 22:41:00,5.0,L
F,BE9L,SLC UA /OV TCH190010/TM 1945/FL110/TP BE9L/TB SEV,SEV,,11000.0,40.68585207958001,-112.01826383897853,2022-04-04 19:45:00,5.0,L
T,A321,DHT UUA /OV DHT345045/TM 0336/FL340/TP A321/TB SEV/RM -300FT ZAB/FDCS,SEV,,34000.0,36.74709304976943,-102.7873066604589,2022-04-23 03:36:00,5.0,M
T,CRJ2,CDC UUA /OV KSGU /TM 2139 /FL100 /TP CRJ2 /TB SEV /RM LLWS +/- 500 FEET +/- 50 KTS AWC-WEB,SEV,,10000.0,37.0363889,-113.5103056,2022-04-16 21:39:00,5.0,M
F,BE65,MSP UA /OV MSP090020/TM 1308/FL040/TP BE65/TB LGT-MDT CHOP,LGT-MDT CHOP,,4000.0,44.88537,-92.76080767346409,2022-04-14 13:08:00,1.0,L
F,A21N,TOP UA /OV TOP020040/TM 1236/FL320/TP A21N/TB LGT-MOD /RM ZKCFDC/,LGT-MOD,,32000.0,39.69651249064288,-95.326286973394,2022-04-25 12:36:00,2.0,U
F,B738,GRK UA /OV 30S AGJ/TM 1420/FL100/TP B738/TB MOD TURB FL100/RM KZHU,MOD TURB FL100,,10000.0,31.07,-97.83,2022-04-12 14:20:00,3.0,M
F,M20P,TYR UA /OV TYR/TM 2019/FL040/TP M20P/TB SEV BLO 040/RM DURD RY 04 TYR,SEV BLO 040,,4000.0,32.35414,-95.40239,2022-04-07 20:19:00,5.0,L
T,C208,PUB UUA /OV PUB160040/TM 1955/FL160/TP C208/TB SEV/RM ZDV,SEV,,16000.0,37.663487509357125,-104.20780077034898,2022-04-29 19:55:00,5.0,L
F,EA50,PNS UA /OV PNS020030/TM 2011/FL080/TP EA50/TB SEV 080-090/RM DURD,SEV 080-090,,8000.0,30.947944367982156,-86.98849573141547,2022-04-29 20:11:00,5.0,U
F,R44,HNL UA /OV PUNCHBOWL/TM 0035/FL020/TP R44/TB CONT LT-MOD,CONT LT-MOD,,2000.0,21.31,-157.92,2022-04-26 00:35:00,3.0,L
T,SBR1,TTF UUA /OV CRL045020/TM 1500/FL318/TP SBR1/TB SEV 318-330/RM NO INJ  NO DAMAGE. WIND CHANGED FROM 70 TO 125 KTS,SEV 318-330,,31800.0,42.2857213522977,-83.14255608063867,2022-04-21 15:00:00,5.0,M
T,GLF6,PASY UUA /OV SYA254328/TM 2314/FL450/TP GLF6/TB SEV/RM SEV 450-410. LGT @ FL390. ZAN,SEV,,45000.0,51.20306040252387,165.43569649137476,2022-04-15 23:14:00,5.0,U
T,E35L,PIT UUA /OV PIT180010/TM 1943/FL108/TP E35L/TB SEV TURB 108-115/RM DURC NO DAM/ NO INJ,SEV TURB 108-115,,10800.0,40.32478983331984,-80.23286,2022-04-15 19:43:00,5.0,U
F,E75L,IND UA /OV MIE177030/TM 2304/FL280/TP E75L/TB LGT CHOP,LGT CHOP,,28000.0,39.74311478808611,-85.36146531259195,2022-04-05 23:04:00,1.0,U
F,AH64,LNK UA /OV LNK/TM 1450/FL450/TP AH64/TB NEG,NEG,,45000.0,40.84782,-96.76474,2022-04-14 14:50:00,0.0,U
F,B737,LWD UA /OV LMN/TM 2325/FL350/TP B737/TB CONS LGT-MOD CHOP 310-350,CONS LGT-MOD CHOP 310-350,,35000.0,40.6,-93.97,2022-04-20 23:25:00,2.0,M
T,B789,BOS UUA /OV 4117N06012W/TM 1815/FL370/TP B789/TB SEV,SEV,,37000.0,41.2833,-60.2,2022-04-09 18:15:00,5.0,U
F,M20P,PRC UA /OV DRK/TM 0218/FL100/TP M20P/TB NEG/RM S ZAB/FDCS,NEG,,10000.0,34.7,-112.48,2022-04-23 02:18:00,0.0,L
T,BE40,EGE UUA /OV RLG180020/TM 2158/FL170/TP BE40/TB SEV/RM DURD 170-140 ZDV,SEV,,17000.0,39.66663966663967,-106.44,2022-04-22 21:58:00,5.0,M
T,B767,LAA UUA /OV LAA030027/TM 0335/FL350/TP B767/TB SEV/RM LOST 700FT ZDV,SEV,,35000.0,38.45974299836053,-102.40223473441726,2022-04-23 03:35:00,5.0,H
F,B737,MPG UA /OV AIR210010/TM 2019/FL290/TP B737/TB MOD,MOD,,29000.0,39.875650741347954,-80.92882463376195,2022-04-16 20:19:00,3.0,M
T,C172,DSM UUA /OV 3Y3/TM 0331/FL035/TP C172/TB SEV/IC NEG,SEV,,3500.0,41.36,-94.02,2022-04-15 03:31:00,5.0,L
F,PA30,ROA UA /OV ROA225034/TM 1854/FL070/TP PA30/TB MOD,MOD,,7000.0,36.91651386109391,-80.47755289463595,2022-04-10 18:54:00,3.0,L
T,BE20,TUS UUA /OV TUS080050/TM 2156/FL135/TP BE20/TB SEV-EXTRM 135-118/RM ZAB/FDCS,SEV-EXTRM 135-118,,13500.0,32.26498853598616,-109.96890835215706,2022-04-22 21:56:00,6.0,M
T,SF50,BUR UUA /OV DARTS/TM 0055/FL045/TP SF50/TB EXTRM/RM ON APCH TO SMO,EXTRM,,4500.0,34.20067,-118.35867,2022-04-13 00:55:00,7.0,U
T,P28A,F70 UUA /OV F70180005 /TM 1717 /FL045 /TP P28A /TB SEV,SEV,,4500.0,33.490859916659915,-117.1285,2022-04-07 17:17:00,5.0,L
T,GLF6,DEN UUA /OV DVV255030/TM 1750/FL430/TP GLF6/TB SEV,SEV,,43000.0,39.76057999526693,-105.24950143673516,2022-04-29 17:50:00,5.0,U
T,E35L,ATL UUA /OV ATL270040/TM 0112/FL170/TP E35L/TB SEV/RM NO DAMAGE OR INJ- ZTLFD,SEV,,17000.0,33.6301,-85.24254023585829,2022-04-07 01:12:00,5.0,U
F,P28A,ADH UA /OV MLC275035 /TM 1932 /FL070 /TP P28A /SK OVC-TOP065 /TA 11 /TB NEG /IC NEG,NEG,,7000.0,34.933064968049095,-96.49150791758854,2022-04-16 19:32:00,0.0,L
T,TBM8,N38 UUA /OV SFK010020/TM 1703/FL020/TP TBM8/TB SEV TURB 020-130/RM NO DAM/NO INJ,SEV TURB 020-130,,2000.0,42.02829584084,-77.3424692551655,2022-04-15 17:03:00,5.0,U
F,EVOT,VGT UA /OV LAS300020/TM 1945/FL070/TP EVOT/TB SEV,SEV,,7000.0,36.24674016668017,-115.50946398662995,2022-04-19 19:45:00,5.0,U
F,A332,UUA /OV 4623N06248W /TM 0112 /FL380 /TP A332 /TB SEV CAT,SEV CAT,,38000.0,46.3833,-62.8,2022-04-08 01:12:00,5.0,H
F,B738,AMA UA /OV PNH075045/TM 0108/FL360/TP B738/TB CONS LGT OCNL MOD CHOP/RM ZAB/FDCS,CONS LGT OCNL MOD CHOP,,36000.0,35.434130007099604,-100.81293553275952,2022-04-12 01:08:00,2.0,M
T,GLF5,GCN UUA /OV GCN003020 /TM 0236 /FL430 /TP GLF5 /TB SEV/RM AWC-WEB:,SEV,,43000.0,36.27901347460926,-112.13316937068848,2022-04-12 02:36:00,5.0,M
T,H,PUB UUA /OV PUB2700200/TM 1511/FL350/TP H/B763/TB SEV MTN WAVE +- 20 KTS/RM ZDV,SEV MTN WAVE +- 20 KTS,,35000.0,38.29,-104.49833,2022-04-12 15:11:00,5.0,L
F,C56X,TXK UA /OV TXK360030 /TM 0201 /FL410 /TP C56X /TB CONS LGT /RM ZFW AWC-WEB,CONS LGT,,41000.0,33.953760500040495,-93.99103,2022-04-05 02:01:00,1.0,M
T,BE20,MCI UUA /OV MCI230040/TM 2258/FL140/TP BE20/TB SEV/RM /ZKC FDC/AFXJ,SEV,,14000.0,38.86905021631001,-95.37389150376596,2022-04-19 22:58:00,5.0,M
T,E190,HFD UUA /OV HFD/TM 0311/FL130/TP E190/TB SEV,SEV,,13000.0,41.73672,-72.64944,2022-04-01 03:11:00,5.0,U
F,BE99,CBG UA /OV CBG/TM 1233/FL080/TP BE99/SK SKC/TA UNKN/TB LGT/IC NEG,LGT,,8000.0,45.55749,-93.26418,2022-04-29 12:33:00,1.0,L
F,BE20,OMA UA /OV 10 SE OMA/TM 1950/FL030/TP BE20/TB MOD TURB AT 065 TO THE GROUND,MOD TURB AT 065 TO THE GROUND,,3000.0,41.19241932385115,-95.74226212511093,2022-04-14 19:50:00,3.0,M
F,A332,LDM UA /OV LDM/TM 1518/FL380/TP A332/TB INTMT LGT,INTMT LGT,,38000.0,43.96253,-86.40792,2022-04-11 15:18:00,1.0,H
F,B752,LOZ UA /OV AZQ250040/TM 0954/FL390/TP B752/TB LGT MOD CHOP,LGT MOD CHOP,,39000.0,37.161968102010015,-84.04854151598697,2022-04-05 09:54:00,2.0,M
F,A321,LAS UA /OV LAS080025/TM 0110/FL090/TP A321/TB SEV MTN WAVE,SEV MTN WAVE,,9000.0,36.15241926799308,-114.64448905271672,2022-04-12 01:10:00,5.0,M
T,PC12,BTV UUA /OV BTV180020/TM 1215/FL060/TP PC12/TB SEV,SEV,,6000.0,44.13663966663967,-73.15,2022-04-19 12:15:00,5.0,L
T,BE35,CNO UUA /OV ONT/TM 1725/FL040/TP BE35/TB SEV/RM SEV TURB DURD FL040-FL030,SEV,,4000.0,34.056,-117.60119,2022-04-24 17:25:00,5.0,L
F,B77L,HYR UA /OV HYR090025/TM 2021/FL380/TP B77L/TB MOD,MOD,,38000.0,46.02528,-90.84411193104847,2022-04-13 20:21:00,3.0,U
T,F182,FAT UUA /OV VIS /TM 2338 /FL120 /TP F182 /TB SEV /RM ZOA CWSU AWC-WEB:,SEV,,12000.0,36.31867,-119.39289,2022-04-21 23:38:00,5.0,U
F,B350,BTV UA /OV BTV220020/TM 1657/FL220/TP B350/TA M08/TB NEG/IC LGT RIME 100-120/RM DURC  TOPS 220,NEG,,22000.0,44.21463116907302,-73.45027281829145,2022-04-09 16:57:00,0.0,M
F,C340,VNY UA /OV VNY010020/TM 2110/FL080/TP C340/TB SEV,SEV,,8000.0,34.53801584083999,-118.41917187440812,2022-04-12 21:10:00,5.0,L
F,CRJ7,BIV UA /OV PMM270020/TM 1436/FL200/TP CRJ7/TB CONS LGT-OCNL MOD CHOP FL200-120,CONS LGT-OCNL MOD CHOP FL200-120,,20000.0,42.47,-86.56193375161828,2022-04-06 14:36:00,2.0,M
F,B737,ABI UA /OV ABI010075 /TM 1203 /FL360 /TP B737 /TB LGT-MOD /RM ZFW AWC-WEB,LGT-MOD,,36000.0,33.64173791314997,-99.42495405905812,2022-04-25 12:03:00,2.0,M
F,A320,LNK UA /OV KLNK/TM 1445/FL360/TP A320/TB NEG,NEG,,36000.0,40.84782,-96.76474,2022-04-13 14:45:00,0.0,M
F,B787,CVS UA /OV TXO /TM 1204 /FL390 /TP B787 /TB LGT /RM ZFW AWC-WEB,LGT,,39000.0,34.5,-102.84,2022-04-19 12:04:00,1.0,U
T,B772,CDB UUA /OV 5603N16042W/TM 2228/FL360/TP B772/TB SEV/RM ZAN TURB LASTED 1 MIN,SEV,,36000.0,56.5,-160.7,2022-04-21 22:28:00,5.0,H
F,CRJ2,SDF UA /OV FTK/TM 2320/FL340/TP CRJ2/SK IMC/TA M51/TB OCNL LGT CHOP,OCNL LGT CHOP,,34000.0,37.90706,-85.97211,2022-04-30 23:20:00,1.0,M
F,C56X,GRI UA /OV GRI/TM 1741/FL260/TP C56X/TB SEV 260-240/RM IMPROVED BLO FL230,SEV 260-240,,26000.0,40.96754,-98.30964,2022-04-05 17:41:00,5.0,M
T,PC12,BIH UUA /OV BIH330015 /TM 1649 /FL210 /TP PC12 /TB SEV /RM LOSS OF 1000FT /ZOACWSU AWC-WEB,SEV,,21000.0,37.58963388797807,-118.52091488249886,2022-04-21 16:49:00,5.0,L
F,DH8D,UUA /OV YQB 200026 /TM 1915 /FL100 /TP DH8D /TB SEV 100-130,SEV 100-130,,10000.0,46.38387688108214,-71.60981802247318,2022-04-15 19:15:00,5.0,M
F,G280,DBQ UA /OV DBQ300030/TM 1221/FL270/TP G280/TB CONS MOD CHOP,CONS MOD CHOP,,27000.0,42.64837025002025,-91.29555136504642,2022-04-25 12:21:00,3.0,U
F,B737,PIE UA /OV PIE230045/TM 1716/FL320/TP B737/TB CONS LGT CHOP/RM ZMAFD,CONS LGT CHOP,,32000.0,27.42787024334876,-83.33762969457595,2022-04-11 17:16:00,1.0,M
T,A320,AZO UUA /OV ELX/TM 0805/FL270/TP A320/TB SEV,SEV,,27000.0,42.14,-86.12,2022-04-11 08:05:00,5.0,M
F,A320,BRL UA /OV BRL230025/TM 0816/FL330/TP A320/TB MOD,MOD,,33000.0,40.50507913519375,-91.54700394307376,2022-04-06 08:16:00,3.0,M
F,C172,AFF UA /OV COS270020 /TM 1515 /FL095 /TP C172 /WX FV25SM FU HZ /TA 00 /TB NEG /RM WILKERSON PASS,NEG,,9500.0,38.80581,-105.12856297909777,2022-04-26 15:15:00,0.0,L
F,PA28,HWV UA /OV HWV/TM 1511/FL018/TP PA28/TB SEV TURB,SEV TURB,,1800.0,40.82167,-72.86889,2022-04-27 15:11:00,5.0,L
T,BE36,TRI UUA /OV HMV160025/TM 1315/FL085/TP BE36/TB SEV CHOP/RM ZTLFD,SEV CHOP,,8500.0,36.04842969334821,-81.95284201310801,2022-04-10 13:15:00,5.0,L
F,C185,LHD UA /OV EDF096025 /TM 2100 /FL070 /TP C185 /SK SKC /WX FV99SM/TB NEG /RM SMOOTH RIDE CLEAR SKYS HIGH CIRRUS AROUND AQY (AKFSS),NEG,,7000.0,61.20644294579932,-148.93840464685132,2022-04-27 21:00:00,0.0,L
F,BE36,DTW UA /OV SVM206008/TM 2145/FL034/TP BE36/WX CLR/TB LGT-MOD,LGT-MOD,,3400.0,42.29015108684137,-83.66917004006454,2022-04-24 21:45:00,2.0,L
T,B738,DEN UUA /OV DEN315035/TM 1850/FL190/TP B738/TB SEV/RM MOD SEV,SEV,,19000.0,40.24531236652097,-105.19468356342644,2022-04-29 18:50:00,5.0,M
T,BE36,UIN UUA /OV UIN211026/TM 2030/FL090/TP BE36/TB SEV/RM DURD VFR LOST 005/ ZKC FDC/CW,SEV,,9000.0,39.57138074976008,-91.48570501395544,2022-04-14 20:30:00,5.0,L
T,TBM8,DEN UUA /OV DEN270030/TM 1412/FL150/TP TBM8/TB SEV/RM FROM 150-FL190,SEV,,15000.0,39.8328,-105.30866481218422,2022-04-23 14:12:00,5.0,U
F,PA28,FNL UA /OV FNL/TM 1736/FL052/TP PA28/TB SEV 052,SEV 052,,5200.0,40.45183,-105.01134,2022-04-30 17:36:00,5.0,L
T,B350,APA UUA /OV APA170007/TM 2335/FL080/TP B350/TB SEV/RM TB SEV ALT 080 DURD FA RY 35R APA,SEV,,8000.0,39.455096455706006,-104.82371644711826,2022-04-12 23:35:00,5.0,M
T,C208,AVX UUA /OV AVX /TM 1504 /FL020 /TP C208 /TB SEV /RM LLWS /100FT UP/DOWNDRAFTS DURD,SEV,,2000.0,33.405,-118.41583,2022-04-12 15:04:00,5.0,L
F,SR22,CDC UA /OV KSGU170030 /TM 2307 /FL210 /TP SR22 /TB MOD MOUNTAIN WAVE -40/+30/RM AWC-WEB,MOD MOUNTAIN WAVE -40,,21000.0,36.543945138740014,-113.40152917552342,2022-04-21 23:07:00,3.0,L
F,B737,DAY UA /OV RID310015/TM 1326/FL380/TP B737/TB LGT-MOD CONS CHOP,LGT-MOD CONS CHOP,,38000.0,39.917909918883744,-85.09193660509631,2022-04-19 13:26:00,2.0,M
T,PA24,YNG UUA /OV FKL180010/TM 1550/FL055/TP PA24/TB SEV @ 055,SEV @ 055,,5500.0,41.21118983331984,-79.86036,2022-04-15 15:50:00,5.0,L
F,B757,RNO UA /OV RNO/TM 1110/FL080/TP B757/TB LGT/RM +/- 5-10KTS BLO FL080 DURD RWY16R,LGT,,8000.0,39.48389,-119.77111,2022-04-19 11:10:00,1.0,M
F,C560,SPS UA /OV SPS060040 /TM 1733 /FL450 /TP C560 /TB MOD /RM ZFW AWC-WEB:,MOD,,45000.0,34.31196033336033,-97.79650870101004,2022-04-13 17:33:00,3.0,M
F,P28A,MRB UA /OV HGR200012 /TM 1630 /FL030 /TP P28A /SK BKN-OVC045 /WX FV99SM /TB LGT,LGT,,3000.0,39.519826252807135,-77.81864295610407,2022-04-19 16:30:00,1.0,L
T,E145,DKK UUA /OV DKK045035/TM 2255/FL270/TP E145/TB MOD TURB MTN WAVE ACTION NO DAM/NO INJ,MOD TURB MTN WAVE ACTION NO DAM,,27000.0,42.905852366520975,-78.71259185841485,2022-04-07 22:55:00,3.0,M
F,CL35,DLH UA /OV DLH/TM 1723/FL410/TP CL35/TB CONS LGT CAT,CONS LGT CAT,,41000.0,46.84208,-92.19364,2022-04-22 17:23:00,1.0,U
T,C425,LIC UUA /OV HGO150020/TM 1929/FL100/TP C425/TB SEV/RM ZDV,SEV,,10000.0,38.521301482695904,-103.41609593025062,2022-04-12 19:29:00,5.0,L
T,B350,VCT UUA /OV 40N VCT/TM 1919/FL110/TP B350/TB SEV 110-060/RM ZHU,SEV 110-060,,11000.0,29.528120666720667,-96.9303,2022-04-12 19:19:00,5.0,M
F,C208,SLC UA /OV TCH324042/TM 2348/FL110/TP C208/TA M18/TB LGT CHOP/IC LGT MIXED/RM DURD,LGT CHOP,,11000.0,41.41635776737192,-112.52398420017612,2022-04-12 23:48:00,1.0,L
T,PC12,DEN UUA /OV DEN217039/TM 1731/FL140/TP PC12/TB SEV 140,SEV 140,,14000.0,39.31364487026761,-105.16694499647656,2022-04-04 17:31:00,5.0,L
F,C208,RFD UA /OV KRFD290020/TM 2315/FL070/TP C208/TB SEV 070,SEV 070,,7000.0,42.306715948995,-89.5158106357817,2022-04-13 23:15:00,5.0,L
F,E75L,PTW UA /OV PTW/TM 2308/FL170/TP E75L/TB MOD 170-190,MOD 170-190,,17000.0,40.23833,-75.55722,2022-04-16 23:08:00,3.0,U
T,E145,JCT UUA /OV CSI135020 /TM 1738 /FL330 /TP E145 /TB SEV FL330 -300FT ALT /RM NO INJ / NO DMG KZHU AWC-WEB,SEV FL330 -300FT ALT,,33000.0,29.684278647702303,-98.93803140528776,2022-04-25 17:38:00,5.0,M
F,E175,CKB UA /OV EKN285030/TM 1518/FL340/TP E175/TB LGT,LGT,,34000.0,39.01470000473307,-80.47328265830684,2022-04-12 15:18:00,1.0,U
F,A333,UUA /OV 4915N05302W /TM 2350 /FL370 /TP A333 /TB SEV /RM MOMONTARILYSEV TURB MOD BEF AND AFTER,SEV,,37000.0,49.25,-53.333,2022-04-01 23:50:00,5.0,H
F,B737,UUA /OV 4350N06730W /TM 0220 /FL370 /TP B737 /TB SEV,SEV,,37000.0,43.8333,-67.5,2022-04-24 02:20:00,5.0,M
T,E145,OKC UUA /OV IRW140020 /TM 2101 /FL340 /TP E145 /TB SEV EXTRM /RM DURD FL340-310 ZFW AWC-WEB,SEV EXTRM,,34000.0,35.10463116907302,-97.3472514030154,2022-04-04 21:01:00,6.0,M
F,A320,MCW UA /OV MCW/TM 0854/FL330/TP A320/TB CONS LGT CHOP,CONS LGT CHOP,,33000.0,43.154383,-93.326097,2022-04-10 08:54:00,1.0,M
T,BCS3,MKT UUA /OV MKT120005/TM 1839/FL240/TP BCS3/TB SEV CAT 240-270/RM DURC ORSKY SID,SEV CAT 240-270,,24000.0,44.178329958329954,-93.81929129088674,2022-04-13 18:39:00,5.0,U
F,B767,JHW UA /OV JHW180025/TM 1034/FL370/TP B767/TB CONT MOD,CONT MOD,,37000.0,41.73668958329959,-79.25803,2022-04-06 10:34:00,3.0,H
F,E75L,PIA UA /OV PIA090020/TM 1831/FL270/TP E75L/TB CONS MOD,CONS MOD,,27000.0,40.6675,-89.24440292802414,2022-04-13 18:31:00,3.0,U
T,C421,CRP UUA /OV 25NE CRP/TM 1540/FL080/TP C421/TB SEV/RM ZHU,SEV,,8000.0,28.067711690372125,-97.1797650426746,2022-04-20 15:40:00,5.0,L
T,B739,LIC UUA /OV HGO080050/TM 0331/FL320/TP B739/TB SEV/RM ZDV,SEV,,32000.0,38.95471853598616,-102.57672806854973,2022-04-23 03:31:00,5.0,M
F,B737,PBI UA /OV PBI030205/TM 1306/FL370/TP B737/TB CONS LGT CHOP/RM ZMAFD,CONS LGT CHOP,,37000.0,29.643859802367,-78.18726987522919,2022-04-09 13:06:00,1.0,M
T,PC12,SDB UUA /OV GMN /TM 2334 /FL110 /TP PC12 /TB SEV /RM ZLAWC SEV CAT 110 AWC-WEB,SEV,,11000.0,34.8,-118.86,2022-04-21 23:34:00,5.0,L
F,SF50,SMO UA /OV DARTS/TM 0056/FL045/TP SF50/TB OCNL EXTRM ABV 040/RM DURD KSMO,OCNL EXTRM ABV 040,,4500.0,34.021,-118.44708,2022-04-13 00:56:00,7.0,U
T,GLF5,PUB UUA /OV PUB210020/TM 1535/FL320/TP GLF5/TB SEV/RM ZDV,SEV,,32000.0,38.0013014826959,-104.7106926600074,2022-04-12 15:35:00,5.0,M
F,B739,MHE UA /OV FSD280060/TM 1510/FL340/TP B739/TB NEG,NEG,,34000.0,43.75060224318339,-98.1131080993492,2022-04-23 15:10:00,0.0,M
T,E135,HND UUA /OV LAS210040/TM 1909/FL200/TP E135/TB SEV-EXTRM 210-190/RM COR SA-ID AND TURB. ZLA CWSU,SEV-EXTRM 210-190,,20000.0,35.502662965391806,-115.56472518267822,2022-04-22 19:09:00,6.0,M
T,C206,SJN UUA /OV SJN233060/TM 1948/FL105/TP C206/TB SEV/RM ZAB/FDCS,SEV,,10500.0,33.918136229782334,-110.34938056149252,2022-04-11 19:48:00,5.0,L
F,B38M,CIU UA /OV CIU/TM 1057/FL370/TP B38M/TB LGT,LGT,,37000.0,46.25,-84.47,2022-04-12 10:57:00,1.0,U
F,C208,FWA UA /OV IWH/TM 0100/FL090/TP C208/TB SEV,SEV,,9000.0,40.76,-85.79,2022-04-14 01:00:00,5.0,L
F,A321,DEC UA /OV AXC/TM 1302/FL260/TP A321/TB CONS LGT OCNL MOD CAT /RM ZKCFDC,CONS LGT OCNL MOD CAT,,26000.0,39.74,-88.86,2022-04-05 13:02:00,2.0,M
T,B763,SDF UUA /OV MAUDD/TM 1337/FL100/TP B763/TB SEV/RM SMOOTH BELOW 90,SEV,,10000.0,38.17439,-85.736,2022-04-06 13:37:00,5.0,H
F,EA50,U42 UA /OV FFU320018 /TM 1652 /FL128 /TP EA50 /TB MOD /RM DURD,MOD,,12800.0,40.49983194783428,-112.19275250700618,2022-04-21 16:52:00,3.0,U
T,E175,CEW UUA /OV CEW270045/TM 2230/FL350/TP E175/TB SEV,SEV,,35000.0,30.78,-87.39303814123707,2022-04-16 22:30:00,5.0,U
T,B350,BUR UUA /OV LHS180005/TM 0145/FL090/TP B350/TB SEV,SEV,,9000.0,34.59665991665992,-118.58,2022-04-22 01:45:00,5.0,M
T,SR22,TUS UUA /OV TUS105042/TM 2017/FL105/TP SR22/TB SEV TURB 105,SEV TURB 105,,10500.0,31.9390819933737,-110.1395671964626,2022-04-02 20:17:00,5.0,L
F,A321,OEO UA /OV OEO/TM 1302/FL340/TP A321/TB INTMT LGT CHOP,INTMT LGT CHOP,,34000.0,45.3086,-92.69,2022-04-16 13:02:00,1.0,M
F,C172,CFO UA /OV KCFO/TM 2027/FL065/TP C172/TB SEV,SEV,,6500.0,39.7841,-104.5376,2022-04-27 20:27:00,5.0,L
F,DA40,IND UA /OV VHP150006/TM 0043/FL005/TP DA40/TB SEV TURB BLO 005/RM DURGD,SEV TURB BLO 005,,500.0,39.72339044480877,-86.30490512077374,2022-04-21 00:43:00,5.0,L
F,A320,FWA UA /OV FWA042042/TM 2130/FL320/TP A320/SK IMC TOPS340/TA M44/WV 237055KT/TB CONS LGT CHOP,CONS LGT CHOP,,32000.0,41.49829351418792,-84.56666159103166,2022-04-13 21:30:00,1.0,M
F,B739,DFW UA /OV CVE350020 /TM 2249 /FL310 /TP B739 /TB OCNL LGT-MOD /RM ZFW AWC-WEB,OCNL LGT-MOD,,31000.0,33.21829584083999,-96.96893700633692,2022-04-08 22:49:00,2.0,M
T,LJ60,MIA UUA /OV ZBV100060/TM 1742/FL270/TP LJ60/TB SEV/RM ZMAFD,SEV,,27000.0,25.49633775681661,-78.20726373680564,2022-04-15 17:42:00,5.0,M
F,B738,LEX UA /OV HYK070080/TM 1139/FL360/TP B738/TB MOD,MOD,,36000.0,38.42606379597998,-82.88053847413256,2022-04-29 11:39:00,3.0,M
F,C172,PAQ UA /OV PAQ /TM 2308 /FL012-000 /TP C172 /TB LGT-MOD /RM LLWS + / - 10KTS FAP RWY 10 (AKFSS,LGT-MOD,,1200.0,61.59,-149.08,2022-04-15 23:08:00,2.0,L
F,C172,AXV UA /OV CQA/TM 1221/FL040/TP C172/SK IMC/TA 4/WV 268051KT/TB CONS LGT CHOP,CONS LGT CHOP,,4000.0,40.48,-84.55,2022-04-21 12:21:00,1.0,L
F,B777,UUA /OV CYFB 135130 /TM 1840 /FL340 /TP B777 /TB SEV,SEV,,34000.0,62.22420121006496,-65.09081852328589,2022-04-09 18:40:00,5.0,H
T,B737,ILM UUA /OV ILM200100/TM 2240/FL270/TP B737/TB SEV/RM GAIN AND LOSS OF 1000FT,SEV,,27000.0,32.70371877339282,-78.58984076279364,2022-04-14 22:40:00,5.0,M
T,B739,SDB UUA /OV FIM330020 /TM 0400 /FL130 /TP B739 /TB SEV /RM ZLAWC AWC-WEB:,SEV,,13000.0,34.6486985173041,-119.0819123055248,2022-04-23 04:00:00,5.0,M
F,PA44,RZN UA /OV RZN/TM 1756/FL050/TP PA44/SK SKC/TA UNKN/TB NEG/IC NEG,NEG,,5000.0,45.82273,-92.3725,2022-04-01 17:56:00,0.0,L
F,PA24,GCC UA /OV KGCC /TM 1746 /FL105 /TP PA24 /TB MOD BLO 100 /RM DURC,MOD BLO 100,,10500.0,44.34892,-105.53936,2022-04-04 17:46:00,3.0,L
F,E75L,BGM UA /OV RKA/TM 1638/FL330/TP E75L/TB OCNL MOD,OCNL MOD,,33000.0,42.47,-75.24,2022-04-05 16:38:00,3.0,U
F,B737,ONM UA /OV ONM320025/TM 1657/FL370/TP B737/TB LGT/RM MTN WAVE +-50FT +-1-KIAS ZAB/FDCS,LGT,,37000.0,34.34168323865872,-107.22630973465064,2022-04-05 16:57:00,1.0,M
F,B737,FST UA /OV FST /TM 1201 /FL380 /TP B737 /TB CONT LGT CHOP/RM AWC-WEB:,CONT LGT CHOP,,38000.0,30.91194,-102.91667,2022-04-11 12:01:00,1.0,M
T,C172,CHS UUA /OV CHS040020/TM 1613/FL030/TP C172/TB SEV,SEV,,3000.0,33.15396883092698,-79.78529343117854,2022-04-01 16:13:00,5.0,L
T,BE10,DEN UUA /OV 214058DEN/TM 1735/FL140/TP BE10/TB SEV/RM DURD,SEV,,14000.0,39.8328,-104.6575,2022-04-05 17:35:00,5.0,L
F,C172,PAED UA /OV EDF-BGQ-BCV-EDF /TM 2200 /FL030 /TP C172 /TB NEG /ICNEG /RM BEAUTIFUL DAY (AKFSS),NEG,,3000.0,61.39,-149.805,2022-04-29 22:00:00,0.0,L
F,B737,BMG UA /OV OOM045030/TM 2209/FL110/TP B737/TB NEG/IC NEG/RM DAWNN DEPT,NEG,,11000.0,39.49358202844655,-86.15412154695392,2022-04-08 22:09:00,0.0,M
T,P46T,PRC UUA /OV DRK087023/TM 2140/FL150/TP P46T/TB SEV CAT/RM ZAB/FDCS,SEV CAT,,15000.0,34.72006374159287,-112.01434072778696,2022-04-13 21:40:00,5.0,L
T,BE33,RNO UUA /OV M45/TM 2010/FL113/TP BE33/TB EXTRM/RM LOST CTRL OF A/C FOR 3 SECONDS....ZOA CWSU,EXTRM,,11300.0,38.73,-119.76,2022-04-02 20:10:00,7.0,L
T,C750,GUC UUA /OV HBU090040/TM 1820/FL450/TP C750/TB SEV MTN WAVE +-600FT/RM ZDV,SEV MTN WAVE +-600FT,,45000.0,38.45,-106.18866918757271,2022-04-05 18:20:00,5.0,M
F,A320,GUP UA /OV GUP039035/TM 0138/FL320/TP A320/TB MOD CONS CHOP 320/RM ZAB/FDCS,MOD CONS CHOP 320,,32000.0,35.96443186436663,-108.33828818214992,2022-04-16 01:38:00,3.0,M
F,C182,BDU UA /OV KBDU /TM 1713 /FL085 /TP C182 /TB OCNL LGT /RM DURC,OCNL LGT,,8500.0,40.0394297,-105.2258217,2022-04-09 17:13:00,1.0,L
T,A359,PASY UUA /OV 4418N 17211E /TM 1541 /FL390 /TP A359 /TB SEV /RM ZOACWSU AWC-WEB:,SEV,,39000.0,44.3,172.1833,2022-04-01 15:41:00,5.0,U
F,B737,SIT UA /OV SIT /TM 0621 /FL025 /TP B737 /TB NEG /IC NEG /RM JUSTOUTSIDE OF HAYWARD NEG ICE  LIGHT SN  SN STOPPED AT 025 TEMP +3-+5(AKFSS),NEG,,2500.0,57.04,-135.36,2022-04-24 06:21:00,0.0,M
F,PC12,HUF UA /OV TTH360020/TM 1404/FL260/TP PC12/TB OCNL LGT CHOP 260,OCNL LGT CHOP 260,,26000.0,39.823360333360334,-87.25,2022-04-22 14:04:00,1.0,L
T,H25B,PBI UUA /OV PBI032052/TM 1453/FL132/TP H25B/TB INTMT SEV/RM SMOOTH BELOW 130 ZMAFD,INTMT SEV,,13200.0,27.419734549704785,-79.58534850127309,2022-04-26 14:53:00,5.0,M
F,B737,LAF UA /OV BVT360015/TM 1319/FL390/TP B737/TB CONS LGT CHOP,CONS LGT CHOP,,39000.0,40.81002025002025,-87.07,2022-04-12 13:19:00,1.0,M
T,GLF6,DEN UUA /OV DEN310060/TM 1825/FL190/TP GLF6/TB SEV/RM ZDV FL190-170,SEV,,19000.0,40.475639675534985,-105.65514237185668,2022-04-22 18:25:00,5.0,U
F,B738,MWC UA /OV BAE/TM 1542/FL350/TP B738/TB CONS LGT,CONS LGT,,35000.0,43.12,-88.28,2022-04-04 15:42:00,1.0,M
T,E135,LAS UUA /OV LAS210040 /TM 1909 /FL200 /TP E135 /TB SEV /RM EXTRM TURB FL210-190 AWC-WEB:,SEV,,20000.0,35.502662965391806,-115.56472518267822,2022-04-22 19:09:00,5.0,M
F,P28A,SDF UA /OV EWO180015/TM 2250/FL070/TP P28A/TB NEG/IC NEG,NEG,,7000.0,37.37997974997975,-85.68,2022-04-02 22:50:00,0.0,L
F,A350,UUA /OV 4600N06300W /TM 0055 /FL390 /TP A350 /TB SEV,SEV,,39000.0,46.0,-63.0,2022-04-19 00:55:00,5.0,H
T,GLF6,GTF UUA /OV GTF240010/TM 2350/FL410/TP GLF6/TB MDT-SEV 410/RM MTW +/-15KTS /ZLC,MDT-SEV 410,,41000.0,47.38995991665992,-111.59575534873026,2022-04-04 23:50:00,5.0,U
F,LJ31,GRI UA /OV GRI/TM 2336/FL100/TP LJ31/SK BASE 090 TOP 095/TA 2/TB NEG/IC NEG/RM DURC,NEG,,10000.0,40.96754,-98.30964,2022-04-19 23:36:00,0.0,M
T,B206,GCN UUA /OV GCN030021/TM 1828/FL075/TP B206/TB SEV 075,SEV 075,,7500.0,36.2492434431693,-111.93853821598844,2022-04-21 18:28:00,5.0,L
T,C680,PUB UUA /OV PUB270040/TM 1930/FL430/TP C680/TB SEV MTN WAVE -3500 FPM 430-410/RM FL430-410 ZAB/FDCS,SEV MTN WAVE -3500 FPM 430-410,,43000.0,38.29,-105.34778064002964,2022-04-05 19:30:00,5.0,U
F,B738,SPS UA /OV SPS014058 /TM 1618 /FL300 /TP B738 /WV 30849KT /TB CONT LGT-MOD 300-360/RM AWC-WEB,CONT LGT-MOD 300-360,,30000.0,34.91662850963147,-98.21076466963046,2022-04-26 16:18:00,2.0,M
T,PC12,BTV UUA /OV 20 S BTV/TM 1215/FL060/TP PC12/TB SEV,SEV,,6000.0,44.13663966663967,-73.15,2022-04-19 12:15:00,5.0,L
T,B787,LAR UUA /OV LAR175020/TM 1457/FL410/TP B787/TB SEV MTW/RM +20KTS/400FT......ZDV,SEV MTW,,41000.0,40.97996820335234,-105.63631900828378,2022-04-05 14:57:00,5.0,U
T,B738,1F0 UUA /OV ADM090010 /TM 0129 /FL320 /TP B738 /TB SEV /RM ZFW AWC-WEB:,SEV,,32000.0,34.3032,-96.8177243534668,2022-04-13 01:29:00,5.0,M
T,F900,RIW UUA /OV RIW207010/TM 2020/FL140/TP F900/TB SEV -2000FT /RM APPROACH INTO KRIW /ZLC,SEV -2000FT,,14000.0,42.91571688403517,-108.56341566664534,2022-04-19 20:20:00,5.0,M
F,B739,SDF UA /OV IIU180060/TM 2131/FL360/TP B739/TB CONS LGT CHOP INTMT MOD,CONS LGT CHOP INTMT MOD,,36000.0,37.099918999919,-85.58,2022-04-13 21:31:00,2.0,M
F,CRJ9,ACY UA /OV ENO233018/TM 1252/FL270/TP CRJ9/TB MOD,MOD,,27000.0,39.049440868934695,-75.82932855482217,2022-04-16 12:52:00,3.0,U
F,CRJ2,EAU UA /OV EAU/TM 1035/FL050/TP CRJ2/SK SKC/TB NEG/IC NEG,NEG,,5000.0,44.8658,-91.48426,2022-04-19 10:35:00,0.0,M
T,C182,RSW UUA /OV PGD045030/TM 1225/FL070/TP C182/TB SEV/RM DOWNDRAFT AIRCRAFT LOST 500. ZMAFD,SEV,,7000.0,27.27080202844655,-81.59484711497234,2022-04-14 12:25:00,5.0,L
F,B712,HTS UA /OV ECB270015/TM 1507/FL310/TP B712/TB OCNL LGT CHOIP,OCNL LGT CHOIP,,31000.0,38.16,-83.22797523631482,2022-04-14 15:07:00,1.0,M
F,GLF4,LVS UA /OV FTI/TM 2236/FL410/TP GLF4/TB LGT CAT/RM LGT MTN WAVE ZAB/FDCS,LGT CAT,,41000.0,35.66,-105.14,2022-04-24 22:36:00,1.0,M
F,C172,UA /OV CYBW 359015 /TM 2016 /FL060 /TP C172 /TB MOD,MOD,,6000.0,51.35304217072517,-114.38138904549233,2022-04-28 20:16:00,3.0,L
T,TBM8,HUF UUA /OV TTH/TM 1911/FL050/TP TBM8/TB SEV/RM NO INJURIES,SEV,,5000.0,39.49,-87.25,2022-04-15 19:11:00,5.0,U
F,GLF5,ABQ UA /OV ABQ240035/TM 1943/FL400/TP GLF5/TB CONS LGT-OCNL MOD CHOP/RM ZAB/FDCS,CONS LGT-OCNL MOD CHOP,,40000.0,34.750209708309704,-107.23257881844717,2022-04-06 19:43:00,2.0,M
F,E145,DBQ UA /OV DBQ360030/TM 1149/FL190/TP E145/TB OCNL LGT CHOP,OCNL LGT CHOP,,19000.0,42.8983905000405,-90.709143,2022-04-06 11:49:00,1.0,M
F,A320,DFW UA /OV CQY /TM 0232 /FL330 /TP A320 /TB NEG /RM SMOOTH ZFW AWC-WEB:,NEG,,33000.0,32.19,-96.22,2022-04-08 02:32:00,0.0,M
F,GLF6,HBR UA /OV BFV274028 /TM 2233 /FL390 /TP GLF6 /TB CONS LGT OCNL MOD 390 /RM ZFW AWC-WEB,CONS LGT OCNL MOD 390,,39000.0,35.27255565787794,-99.78002999985542,2022-04-05 22:33:00,2.0,U
F,C210,GCC UA /OV ECS-GCC /TM 1752 /FL055 /TP C210 /TB LGT CHOP,LGT CHOP,,5500.0,44.11716,-104.9286389,2022-04-11 17:52:00,1.0,L
F,A321,DAY UA /OV ROD/TM 0344/FL330/TP A321/TB LGT-MOD,LGT-MOD,,33000.0,40.29,-84.04,2022-04-15 03:44:00,2.0,M
F,B738,LWA UA /OV PMM120010/TM 1332/FL310/TP B738/TB CONS LGT CHOP,CONS LGT CHOP,,31000.0,42.38665991665992,-85.91430694513548,2022-04-04 13:32:00,1.0,M
F,BE58,UKF UA /OV UKF /TM 1413 /FL105 /TP BE58 /WX FV10SM /TA M09 /TB NEG /RM UNL VIS ALQDS,NEG,,10500.0,36.22284,-81.09834,2022-04-08 14:13:00,0.0,L
F,CRJ9,KCHS UA /OV MKS/TM 0026/FL100/TP CRJ9/TB SEV,SEV,,10000.0,33.1855,-80.03625,2022-04-07 00:26:00,5.0,U
F,B738,MSN UA /OV MSN270040/TM 1100/FL370/TP B738/TB OCNL LGT CHOP,OCNL LGT CHOP,,37000.0,43.14056,-90.25899851810524,2022-04-06 11:00:00,1.0,M
T,C25B,AEL UUA /OV AEL300010/TM 1826/FL200/TP C25B/TB SEV 200-190,SEV 200-190,,20000.0,43.764870083340085,-93.56685078820595,2022-04-13 18:26:00,5.0,U
F,C172,ADS UA /OV ADS090005 /TM 1827 /FL020 /TP C172 /SK BKN040 /WX FV10SM /TB LGT,LGT,,2000.0,32.96856,-96.73711372736808,2022-04-23 18:27:00,1.0,L
T,B77W,BOS UUA /OV 41N066W/TM 0203/FL340/TP B77W/TB SEV,SEV,,34000.0,41.0,-66.0,2022-04-13 02:03:00,5.0,U
F,B777,UUA /OV 45N050W /TM 0213 /FL330 /TP B777 /TB SEV /RM SEVERETURBULENCE,SEV,,33000.0,45.0,-50.0,2022-04-25 02:13:00,5.0,H
F,BE35,CHO UA /OV 3 WEST CHO/TM 1901/FL090/TP BE35/TB SEV,SEV,,9000.0,38.13864,-78.51643642726569,2022-04-15 19:01:00,5.0,L
F,B753,ONL UA /OV ONL/TM 1701/FL320/TP B753/TB NEG,NEG,,32000.0,42.46972,-98.68806,2022-04-23 17:01:00,0.0,M
F,CRJ7,DAY UA /OV ROD/TM 1205/FL370/TP CRJ7/TB INTMT LGT CHOP,INTMT LGT CHOP,,37000.0,40.29,-84.04,2022-04-05 12:05:00,1.0,M
F,A321,LEX UA /OV FLM/TM 1044/FL340/TP A321/TB LGT INTMT CHOP,LGT INTMT CHOP,,34000.0,38.65,-84.31,2022-04-30 10:44:00,1.0,M
F,A319,PNE UA /OV ARD/TM 1419/FL080/TP A319/TB MOD,MOD,,8000.0,40.25,-74.91,2022-04-07 14:19:00,3.0,M
F,E75S,PKB UA /OV JPU180020/TM 2157/FL300/TP E75S/TB CONS LGT CHOP,CONS LGT CHOP,,30000.0,39.10663966663967,-81.37,2022-04-27 21:57:00,1.0,U
T,LJ60,RTN UUA /OV CIM/TM 0022/FL400/TP LJ60/TB SEV CHOP/RM ZAB/FDCS,SEV CHOP,,40000.0,36.49,-104.87,2022-04-13 00:22:00,5.0,M
F,B737,ORD UA /OV MDW090015/TM 1151/FL038/TP B737/SK SCT038/TB LGT/IC NEG,LGT,,3800.0,41.78597,-87.41711003633347,2022-04-07 11:51:00,1.0,M
F,E545,AMA UA /OV PNH270015/TM 2225/FL450/TP E545/TB LGT-MOD CHOP/RM ZAB/FDCS,LGT-MOD CHOP,,45000.0,35.24,-102.00611890447408,2022-04-05 22:25:00,2.0,U
F,B787,UUA /OV 4720N06237W /TM 0220 /FL390 /TP B787 /TB SEV,SEV,,39000.0,47.3333,-62.6166,2022-04-19 02:20:00,5.0,U
F,C25C,SPS UA /OV SPS /TM 0047 /FL360 /TP C25C /TB MOD 400-360 /RM DURD ZFW AWC-WEB,MOD 400-360,,36000.0,33.9786,-98.4928,2022-04-02 00:47:00,3.0,U
F,BE58,BNA UA /OV BNA270020/TM 2139/FL060/TP BE58/TB OCNL LGT/IC NEG,OCNL LGT,,6000.0,36.11889,-87.10184907256912,2022-04-24 21:39:00,1.0,L
T,F2TH,DEN UUA /OV DEN210050/TM 1910/FL170/TP F2TH/TB SEV/RM DURD,SEV,,17000.0,39.11105370673975,-105.20013734348684,2022-04-10 19:10:00,5.0,M
F,B739,ONL UA /OV ONL065025/TM 1335/FL330/TP B739/TB NEG,NEG,,33000.0,42.64582520577256,-98.17607344238526,2022-04-04 13:35:00,0.0,M
F,FA50,PKB UA /OV JPU100025/TM 0211/FL280/TP FA50/TB NEG,NEG,,28000.0,39.36764073200692,-80.8386326858591,2022-04-12 02:11:00,0.0,M
F,A321,PUB UA /OV PUB180050/TM 1300/FL310/TP A321/WV LGT MTW/TB MOD CHOP/RM ZDV FD,MOD CHOP,,31000.0,37.45659916659917,-104.49833,2022-04-29 13:00:00,3.0,M
T,P28A,F70 UUA /OV F70180005/TM 1717/FL045/TP P28A/TB SEV/RM COR MSG TYPE. ZLA CWSU,SEV,,4500.0,33.490859916659915,-117.1285,2022-04-07 17:17:00,5.0,L
T,TBM9,DEN UUA /OV DEN230050/TM 2154/FL140/TP TBM9/TB SEV,SEV,,14000.0,39.29710027038751,-105.48886864321388,2022-04-11 21:54:00,5.0,U
F,P28A,CAD UA /OV KCAD /TM 1733 /FL055 /TP P28A /SK SKC /WX FV99SM /TB NEG,NEG,,5500.0,44.27533,-85.41892,2022-04-10 17:33:00,0.0,L
F,BE58,ELP UA /OV KDNA /TM 1309 /FL085 /TP BE58 /SK SKC /TB NEG,NEG,,8500.0,31.8804444,-106.70325,2022-04-05 13:09:00,0.0,L
F,B737,LAS UA /OV LAS080010/TM 0410/FL065/TP B737/TB SEV,SEV,,6500.0,36.10900370719723,-114.94914562108669,2022-04-12 04:10:00,5.0,M
T,B738,DEN UUA /OV 20SW/TM 2237/FL175/TP B738/TB SEV/RM 175-185,SEV,,17500.0,39.8328,-104.6575,2022-04-05 22:37:00,5.0,M
T,BE40,DEN UUA /OV KAPA170010/TM 0020/FL090/TP BE40/TB SEV 090,SEV 090,,9000.0,39.40585207958001,-104.8124520673118,2022-04-13 00:20:00,5.0,M
F,C208,SCC UA /OV AQT-SCC /TM 2100 /FL020 /TP C208 /SK BKN025-TOPUNKN /WX FV05SM BR /WV 270015KT /TB NEG /IC NEG /RM (AKFSS,NEG,,2000.0,70.195,-149.73000000000002,2022-04-04 21:00:00,0.0,L
F,B737,CRW UA /OV HVQ/TM 1103/FL360/TP B737/TB CONS LGT CHOP OCNL MOD CHOP,CONS LGT CHOP OCNL MOD CHOP,,36000.0,38.35,-81.77,2022-04-14 11:03:00,2.0,M
F,B77W,UUA /OV 4746N06414W /TM 0605 /FL330 /TP B77W /TB SEV,SEV,,33000.0,47.7666,-64.2333,2022-04-16 06:05:00,5.0,U
F,E75L,SNS UA /OV BSR151025 /TM 2335 /FL340 /TP E75L /TB MOD /RM ZOA CWSU AWC-WEB,MOD,,34000.0,35.81554560358062,-121.38971658265405,2022-04-22 23:35:00,3.0,U
F,C208,BFD UA /OV BFD20015/TM 0037/FL080/TP C208/TB LGT-MOD CHOP,LGT-MOD CHOP,,8000.0,41.80307,-78.64012,2022-04-26 00:37:00,2.0,L
F,A321,ATL UA /OV ATL350030/TM 2310/FL300/TP A321/TB CONS LGT CHOP/RM ZTLFD,CONS LGT CHOP,,30000.0,34.12254376125998,-84.54608531205604,2022-04-28 23:10:00,1.0,M
F,E75L,FOD UA /OV FOD360035/TM 1834/FL340/TP E75L/TB INTMT LGT CHOP/RM DURC 180-340 ORSKY DEPT,INTMT LGT CHOP,,34000.0,43.13312158338058,-94.203203,2022-04-21 18:34:00,1.0,U
F,C25B,AMA UA /OV PNH170045/TM 2039/FL175/TP C25B/TB SEV CAT/IC SEV RIME/RM SHORT DURATION ZAB/FDCS,SEV CAT,,17500.0,34.50133435811002,-101.54052903026604,2022-04-01 20:39:00,5.0,U
F,HDJT,CRW UA /OV CRW/TM 1824/FL090/TP HDJT/SK BKN037-TOP UNK/TB CONT LGT CHOP/IC NEG ICE/RM NO ICE BELOW 090. LGT CHOP THRU CLIMB,CONT LGT CHOP,,9000.0,38.3794,-81.59,2022-04-08 18:24:00,1.0,U
T,LJ35,ALS UUA /OV ALS020035/TM 1454/FL390/TP LJ35/TB SEV MTW/RM .08M LOSS......ZDV,SEV MTW,,39000.0,37.987088429312514,-105.61009609078208,2022-04-05 14:54:00,5.0,M
F,P28R,CID UA /OV CID130020/TM 1823/FL095/TP P28R/TB SEV/RM DURC,SEV,,9500.0,41.668619108155006,-91.3815858338406,2022-04-12 18:23:00,5.0,L
T,LJ45,PSX UUA /OV 40N PSX/TM 2104/FL100/TP LJ45/TB SEV 100-090/RM NO INJURIES OR DAMAGE RPTD ZHU,SEV 100-090,,10000.0,29.396720666720668,-96.25,2022-04-20 21:04:00,5.0,M
T,SF50,DEN UUA /OV 280030/TM 1408/FL190/TP SF50/TB SEV/RM FROM 190-FL200,SEV,,19000.0,39.8328,-104.6575,2022-04-23 14:08:00,5.0,U
F,C172,TKI UA /OV TKI /TM 2359 /FL040 /TP C172 /TB NEG /RM LLWS NEG,NEG,,4000.0,33.18,-96.59,2022-04-09 23:59:00,0.0,L
F,A320,ILM UA /OV ILM185140/TM 0534/FL370/TP A320/TB CONS MOD,CONS MOD,,37000.0,31.945357423466376,-78.14610543947495,2022-04-03 05:34:00,3.0,M
F,C68A,SPA UA /OV SPA030040/TM 2004/FL400/TP C68A/TB LGT-MOD/RM ZTLFD,LGT-MOD,,40000.0,35.493119234608194,-81.54996045274459,2022-04-02 20:04:00,2.0,U
T,P46T,MCI UUA /OV MCI180040/TM 1526/FL100/TP P46T/TB SEV 180-165,SEV 180-165,,10000.0,38.630889333279335,-94.71391,2022-04-06 15:26:00,5.0,L
F,CL30,EDW UA /OV BTY250030/TM 1944/FL400/TP CL30/TB SEV TB,SEV TB,,40000.0,36.68897607650751,-117.3672793808939,2022-04-11 19:44:00,5.0,U
F,B763,CMH UA /OV CTW/TM 0412/FL380/TP B763/TB OCNL LGT CHOP,OCNL LGT CHOP,,38000.0,40.23,-81.48,2022-04-20 04:12:00,1.0,H
F,B763,TIP UA /OV RBS/TM 1043/FL340/TP B763/TB CONS LGT CHOP,CONS LGT CHOP,,34000.0,40.58,-88.16,2022-04-06 10:43:00,1.0,H
F,CRJ2,JVL UA /OV JVL236011/TM 1628/FL190/TP CRJ2/TB MOD OCNL CHOP,MOD OCNL CHOP,,19000.0,42.51772299700744,-89.24812508646082,2022-04-22 16:28:00,3.0,M
T,C208,GCN UUA /OV GCN350017/TM 1823/FL095/TP C208/TB MO -SEV BLO 095/RM GRAND CANYON CORRIDORS,MO -SEV BLO 095,,9500.0,36.22516146471399,-112.21549835602406,2022-04-21 18:23:00,5.0,L
F,B738,VIH UA /OV VIH/TM 1559/FL370/TP B738/TB LGT CHOP/RM ZKCFDC,LGT CHOP,,37000.0,38.13,-91.77,2022-04-05 15:59:00,1.0,M
T,B737,CDR UUA /OV CDR230026/TM 0326/FL270/TP B737/TB SEV/RM DURC FL250-270 ZDV,SEV,,27000.0,42.55899614060151,-103.54811956105232,2022-04-23 03:26:00,5.0,M
F,B744,HYR UA /OV HYR/TM 1046/FL360/TP B744/TB CONS LGT CHOP,CONS LGT CHOP,,36000.0,46.02528,-91.44425,2022-04-11 10:46:00,1.0,H
F,B717,DAL UA /OV KDAL220008/TM 0018/FL045/TP B717/TB TB SEV 045,TB SEV 045,,4500.0,32.744962467629215,-96.953803358009,2022-04-13 00:18:00,5.0,M
F,C56X,DLL UA /OV DLL/TM 1457/FL400/TP C56X/TB NEG,NEG,,40000.0,43.522,-89.771,2022-04-10 14:57:00,0.0,M
F,B190,OME UA /OV OME-OME255050 /TM 1708 /FL200 /TP B190 /TA M30 /TB NEG /IC NEG /RM HAZE LAYER AT 050. CLR ABV. DURC (AKFSS,NEG,,20000.0,64.51,-165.44,2022-04-23 17:08:00,0.0,M
T,P28A,IWA UUA /OV IWA074007 /TM 1950 /FL035 /TP P28A /SK SKC /WX FV10SM /TA 22 /TB SEV,SEV,,3500.0,33.3399902962876,-111.52126879884554,2022-04-21 19:50:00,5.0,L
F,E75L,LFT UA /OV 10N LLA/TM 2305/FL340/TP E75L/TB MOD/RM ZHU,MOD,,34000.0,29.82668016668017,-92.37,2022-04-12 23:05:00,3.0,U
F,CRJ9,FFM UA /OV FFM/TM 1758/FL190/TP CRJ9/TB LGT-MOD 180-200,LGT-MOD 180-200,,19000.0,46.28439,-96.15669,2022-04-13 17:58:00,2.0,U
F,BE40,MKT UA /OV 12Y340010-12Y/TM 0006/FL050/TP BE40/SK T045/TB NEG 240-050/IC NEG 240-050/RM DURD,NEG 240-050,,5000.0,44.59662812266072,-93.98984488536556,2022-04-16 00:06:00,0.0,M
T,GLF5,MLD UUA /OV MLD220010/TM 1525/FL450/TP GLF5/TB SEV /ZLC,SEV,,45000.0,42.03890558453652,-112.44118005524282,2022-04-05 15:25:00,5.0,M
T,B738,PUB UUA /OV PUB270060/TM 1535/FL350/TP B738/TB SEV/RM ZDV,SEV,,35000.0,38.29,-105.77250596004446,2022-04-12 15:35:00,5.0,M
F,B777,ANC UA /OV TED180007/TM 2313/FL340/TP B777/TB LGT-MOD/RM ZAN,LGT-MOD,,34000.0,61.05332388332389,-149.99,2022-04-01 23:13:00,2.0,H
F,BCS1,RWF UA /OV RWF/TM 1917/FL330/TP BCS1/TB CONS LGT CHOP 330-250,CONS LGT CHOP 330-250,,33000.0,44.54689,-95.082,2022-04-28 19:17:00,1.0,U
F,P28A,RVS UA /OV RVS/TM 2203/FL030/TP P28A/TB 3 SOUTH INHOF SEV 030,3 SOUTH INHOF SEV 030,,3000.0,36.03961,-95.98464,2022-04-24 22:03:00,5.0,L
T,C182,FMN UUA /OV RSK100040/TM 2018/FL145/TP C182/TB SEV/RM NO DAMAGE. ZDV,SEV,,14500.0,36.63422517121108,-107.28054470221517,2022-04-15 20:18:00,5.0,L
F,E170,SDF UA /OV FLM090030/TM 1831/FL150/TP E170/TB NEG,NEG,,15000.0,38.65,-83.66972338679825,2022-04-28 18:31:00,0.0,U
F,A321,PIA UA /OV PIA260020/TM 2151/FL320/TP A321/TB NEG,NEG,,32000.0,40.60961258560553,-90.11672012390798,2022-04-19 21:51:00,0.0,M
F,TBM7,OMA UA /OV OVR270030/TM 2147/FL020/TP TBM7/TB SEV/RM DURGD INT0 MLE,SEV,,2000.0,41.17,-96.40427639994232,2022-04-12 21:47:00,5.0,L
F,B752,IND UA /OV VHP180035/TM 2113/FL144/TP B752/SK TOP 130/TB NEG/IC NEG,NEG,,14400.0,39.22661941661942,-86.37,2022-04-27 21:13:00,0.0,M
F,SR22,PEZ UA /OV THX360012 /TM 1142 /FL090 /TP SR22 /SK SKC /TB NEG,NEG,,9000.0,28.7100162000162,-98.15,2022-04-21 11:42:00,0.0,L
F,B737,GNV UA /OV GNV270020/TM 1337/FL260/TP B737/TB LGT OCNL CHOP 260,LGT OCNL CHOP 260,,26000.0,29.6917,-82.65976476252692,2022-04-30 13:37:00,1.0,M
F,E75L,DCA UA /OV AML300015/TM 2240/FL120/TP E75L/TB LGT CHOP AOB120/RM FRDMM5 ARRIVAL KDCA,LGT CHOP AOB120,,12000.0,39.05501012501013,-77.74833902057323,2022-04-14 22:40:00,1.0,U
F,PA8,CVG UA /OV CVG275035/TM 1715/FL070/TP PA8/SK SKC/TA 04/TB NEG/IC NEG,NEG,,7000.0,39.093904968049095,-85.41993961442235,2022-04-02 17:15:00,0.0,U
F,B737,JNU UA /OV JNU /TM 2042 /FL070 /TP B737 /TB LGT CHOP /RM DURD RWY08 JNU  LGT CHOP BELOW 070  +10KTS THROUGH THE CUT(ATCT) (AKFSS),LGT CHOP,,7000.0,58.35,-134.57,2022-04-10 20:42:00,1.0,M
T,B350,COS UUA /OV FSHER/TM 2305/FL160/TP B350/TB SEV,SEV,,16000.0,38.80581,-104.70078,2022-04-12 23:05:00,5.0,M
F,CRJ9,OKC UA /OV IFI090020 /TM 2306 /FL300 /TP CRJ9 /TB LGT-MOD 300 /RM ZFW AWC-WEB:,LGT-MOD 300,,30000.0,35.81,-97.58893209343968,2022-04-01 23:06:00,2.0,U
F,B737,SAT UA /OV SAT090050/TM 2047/FL170/TP B737/TB MOD CHOP 170-190/RM DURC ZHU,MOD CHOP 170-190,,17000.0,29.53369,-97.5119206724901,2022-04-05 20:47:00,3.0,M
F,B190,CDB UA /OV CDB330010-CDB /TM 1920 /FL000 /TP B190 /TB NEG /IC NEG/RM DURD RNAV RUNWAY 15 (AKFSS),NEG,,0.0,55.34434925865205,-162.866027864167,2022-04-02 19:20:00,0.0,M
T,C182,PSP UUA /OV KPSP/TM 2320/FL015/TP C182/TB SEV/RM DURD RWY 31R/L. COR LOCTN AND TURB. ZLA CWSU,SEV,,1500.0,33.82967,-116.50669,2022-04-28 23:20:00,5.0,L
T,TBM8,ELM UUA /OV ELM/TM 1700/FL020/TP TBM8/TB SEV/RM SEVERE TURB 020-130 WESTBOUND ELM DEPARTURE,SEV,,2000.0,42.15713124,-76.89935488,2022-04-15 17:00:00,5.0,U
T,B739,TUS UUA /OV TUS060080/TM 0807/FL350/TP B739/TB SEV/RM AUTOPILOT UNABLE TO MAINTAIN ALT ZAB/FDCS,SEV,,35000.0,32.78699066672066,-109.57448031177798,2022-04-12 08:07:00,5.0,M
F,BE20,1F0 UA /OV ADM /TM 2000 /FL240 /TP BE20 /TA M20 /TB MOD /IC MOD RIME /RM ZFW AWC-WEB,MOD,,24000.0,34.3032,-97.0195,2022-04-04 20:00:00,3.0,M
T,BE36,GNV UUA /OV TAY210020/TM 1946/FL070/TP BE36/TB EXTRM/RM GAINED 1000FT,EXTRM,,7000.0,30.2113014826959,-82.74344768530669,2022-04-09 19:46:00,7.0,L
T,A319,DEN UUA /OV DEN200035/TM 2023/FL170/TP A319/TB SEV/RM 080-170 MOD OCNL SEV DURC SEV AT 170,SEV,,17000.0,39.284601570687485,-104.91733006279053,2022-04-12 20:23:00,5.0,M
T,B737,TRM UUA /OV PSP350020 /TM 0009 /FL130 /TP B737 /TB SEV/RM AWC-WEB:,SEV,,13000.0,34.15796584083999,-116.57637541373803,2022-04-20 00:09:00,5.0,M
F,A320,BKW UA /OV BKW/TM 1034/FL350/TP A320/TB NEG/RM SMOOTH,NEG,,35000.0,37.78733,-81.12416,2022-04-05 10:34:00,0.0,M
F,CRJ9,BNA UA /OV BNA180040/TM 1355/FL320/TP CRJ9/TB CONS MOD/RM ZME,CONS MOD,,32000.0,35.452169333279336,-86.68917,2022-04-16 13:55:00,3.0,U
T,GLF4,MYGF UUA /OV ZFP233054/TM 2017/FL080/TP GLF4/TB SEV 080-050/RM ZMAFD,SEV 080-050,,8000.0,25.958322606804096,-79.58322111930386,2022-04-15 20:17:00,5.0,M
T,E35,VLD UUA /OV OTK015040/TM 2137/FL320/TP E35/TB SEV,SEV,,32000.0,31.42400271090616,-83.07914764617506,2022-04-09 21:37:00,5.0,U
F,EA50,SJN UA /OV SJN130030/TM 1445/FL390/TP EA50/TB MOD CHOP/RM ZAB/FDCS,MOD CHOP,,39000.0,34.19858016223251,-108.91508917205864,2022-04-12 14:45:00,3.0,U
T,BE9L,GCK UUA /OV GCK290062/TM 2330/FL110/TP BE9L/TB SEV/RM COULD NOT MAINTAIN ALT ZDV,SEV,,11000.0,38.28097944188448,-101.95554082181876,2022-04-27 23:30:00,5.0,L
T,S22T,SDB UUA /OV GMN335010 /TM 0008 /FL130 /TP S22T /TB SEV /RM ZLAWC AWC-WEB,SEV,,13000.0,34.9510635330068,-118.94578475327684,2022-04-22 00:08:00,5.0,U
T,B737,SNY UUA /OV SNY360010/TM 0250/FL350/TP B737/TB SEV/RM ZDV,SEV,,35000.0,41.26807016668017,-102.98472,2022-04-23 02:50:00,5.0,M
T,COL4,BNA UUA /OV BNA296020/TM 2351/FL040/TP COL4/TB INTMT SEV 040/IC NEG/RM SEV IN PRECIP,INTMT SEV 040,,4000.0,36.26502555162916,-87.06008349345738,2022-04-20 23:51:00,5.0,U
F,CRJ2,ORD UA /OV CID310029/TM 1104/FL190/TP CRJ2/TB MOD 050-190,MOD 050-190,,19000.0,42.19360484317525,-92.22194114093114,2022-04-30 11:04:00,3.0,M
T,C750,DEN UUA /OV RSK/TM 0648/FL450/TP C750/TB CONT SEV MTN WV/RM +/- 300FT  +/- 20KTS,CONT SEV MTN WV,,45000.0,36.75,-108.1,2022-04-12 06:48:00,5.0,M
T,B738,RNO UUA /OV RNO160010/TM 0059/FL100/TP B738/TB SEV/RM DURC,SEV,,10000.0,39.32726187733928,-119.69724666323296,2022-04-15 00:59:00,5.0,M
F,GLF6,PASY UA /OV SYA254328/TM 2314/FL450/TP GLF6/TB SEV/RM SEV 450-410. LGT @ FL390. ZAN,SEV,,45000.0,51.20306040252387,165.43569649137476,2022-04-15 23:14:00,5.0,U
F,BE35,HYS UA /OV HYS/TM 2043/FL090/TP BE35/TB LGT-MOD/RM ZKC/FD1/CJ,LGT-MOD,,9000.0,38.84222,-99.27317,2022-04-05 20:43:00,2.0,L
F,PC12,DEN UA /OV 8 SE APA/TM 2105/FL080/TP PC12/TB SEV TB,SEV TB,,8000.0,39.47571145908092,-104.72768188215927,2022-04-27 21:05:00,5.0,L
T,PA27,BDU UUA /OV KBDU /TM 1644 /FL090 /TP PA27 /TB SEV 090-098,SEV 090-098,,9000.0,40.0394297,-105.2258217,2022-04-20 16:44:00,5.0,L
F,BE30,DNS UA /OV DNS/TM 1234/FL150/TP BE30/TB NEG/IC NEG,NEG,,15000.0,41.9841944444,-95.3799888889,2022-04-25 12:34:00,0.0,L
F,CRJ9,EKQ UA /OV KEKQ/TM 2100/FL300/TP CRJ9/WX IMC/TB OCNL LGT,OCNL LGT,,30000.0,36.8552778,-84.8561389,2022-04-16 21:00:00,1.0,U
T,PC12,LFK UUA /OV LFK360010 /TM 1545 /FL290 /TP PC12 /TB SEV /RM ZFW SEVERE TURB IN CLIMB OUT OF KAUS AWC-WEB,SEV,,29000.0,31.400690166680167,-94.75,2022-04-12 15:45:00,5.0,L
F,B789,APN UA /OV APN328036/TM 2058/FL380/TP B789/TB LGT CHOP 380,LGT CHOP 380,,38000.0,45.580540072872544,-84.01469138949233,2022-04-29 20:58:00,1.0,U
F,B737,ORD UA /OV OKK/TM 1228/FL220/TP B737/TB OCNL LGT,OCNL LGT,,22000.0,40.52818,-86.05899,2022-04-30 12:28:00,1.0,M
F,B737,DLL UA /OV DLL050020/TM 1503/FL380/TP B737/TB OCNL LGT CHOP,OCNL LGT CHOP,,38000.0,43.736279891844994,-89.41882056793916,2022-04-29 15:03:00,1.0,M
T,C525,MOB UUA /OV GCV090010 /TM 2130 /FL370 /TP C525 /TB SEV TURB /RM KZHU AWC-WEB,SEV TURB,,37000.0,31.1,-88.29534091561166,2022-04-16 21:30:00,5.0,L
F,P28A,AMA UA /OV PMH315040/TM 2108/FL090/TP P28A/TB MOD CAT/RM MTN WAVE 1000FT ZAB/FDCS,MOD CAT,,9000.0,39.3119147045954,-83.4525760696522,2022-04-28 21:08:00,3.0,L
F,BCS1,EVV UA /OV CCT180030/TM 2147/FL300/TP BCS1/TB CONS LGT,CONS LGT,,30000.0,36.879959499959504,-87.26,2022-04-15 21:47:00,1.0,U
F,PA32,AUH UA /OV OMA-GRI/TM 2140/FL040/TP PA32/TB CONS LGT-MOD CHOP,CONS LGT-MOD CHOP,,4000.0,41.13891,-97.104405,2022-04-25 21:40:00,2.0,L
F,B738,LNQ UA /OV LEV135040 /TM 1500 /FL370 /TP B738 /TB CONT LGT OCNL MOD CHOP /RM KZHU AWC-WEB,CONT LGT OCNL MOD CHOP,,37000.0,28.7085572954046,-89.56003109383637,2022-04-02 15:00:00,2.0,M
F,A320,UES UA /OV BAE180030/TM 0029/FL100/TP A320/SK TOP100/TA M08/TB NEG/IC NEG,NEG,,10000.0,42.6199594999595,-88.28,2022-04-19 00:29:00,0.0,M
F,BE2,FAR UA /OV FAR/TM 0201/FL130/TP BE2/TB CONS MOD CHOP 180-120/RM DURD,CONS MOD CHOP 180-120,,13000.0,46.92528,-96.81111,2022-04-13 02:01:00,3.0,U
F,A320,PHNL UA /OV 2506N 14557W /TM 0924 /FL310 /TP A320 /TB MOD 310 /RM ~ZOA FD AWC-WEB:,MOD 310,,31000.0,25.1,-145.95,2022-04-10 09:24:00,3.0,M
T,SR20,BOS UUA /OV BOS240020/TM 2040/FL030/TP SR20/TB SEV 030,SEV 030,,3000.0,42.19388983331984,-71.40043376522651,2022-04-21 20:40:00,5.0,L
F,B737,PBI UA /OV 2526N 07432W /TM 2243 /FL340 /TP B737 /TB CONT MOD CHOP /RM CURRENTLY 316 DEGREES/76NM FROM RENAH..ATC SAYING BETTER RIDES ABOVE FL390 OR BELOW FL280..//SJU-BWI AWC-WEB,CONT MOD CHOP,,34000.0,25.4333,-74.5333,2022-04-14 22:43:00,3.0,M
F,C208,FSD UA /OV FSD300020/TM 1728/FL080/TP C208/TA M02/TB CONS LGT CHOP/IC NEG,CONS LGT CHOP,,8000.0,43.74362016668017,-97.1521175215042,2022-04-30 17:28:00,1.0,L
T,C206,SJN UUA /OV SJN233060/TM 1948/FL405/TP C206/TB SEV/RM ZAB/FDCS,SEV,,40500.0,33.918136229782334,-110.34938056149252,2022-04-11 19:48:00,5.0,L
T,C750,FCI UUA /OV FAK/TM 1534/FL390/TP C750/TB SEV,SEV,,39000.0,37.53,-77.83,2022-04-19 15:34:00,5.0,M
F,B738,HYS UA /OV HYS320010/TM 1743/FL340/TP B738/TB CONS LGT CAT/RM /ZKC FDC/CW,CONS LGT CAT,,34000.0,38.96990441546348,-99.41072712434814,2022-04-16 17:43:00,1.0,M
F,B737,PIE UA /OV PIE270085/TM 1959/FL370/TP B737/TB LGT/RM ZMAFD,LGT,,37000.0,27.91,-84.29068711924414,2022-04-14 19:59:00,1.0,M
F,C206,NID UA /OV O26/TM 1552/FL085/TP C206/TB SEV,SEV,,8500.0,36.58,-118.04,2022-04-19 15:52:00,5.0,L
F,LJ60,CAE UA /OV CAE230050/TM 1725/FL120/TP LJ60/TB LGT-MOD/RM 120-180,LGT-MOD,,12000.0,33.40620027038751,-81.88765021015908,2022-04-05 17:25:00,2.0,M
F,SR2,SSI UA /OV SSI025015/TM 1750/FL090/TP SR2/TB SEV/RM NO DAMAGE OR INJURIES,SEV,,9000.0,31.3788152995102,-81.26736234061447,2022-04-26 17:50:00,5.0,U
F,B78X,MCK UA /OV MCK203091/TM 2153/FL400/TP B78X/TB LGT/RM ZDVFD,LGT,,40000.0,38.81006788812947,-101.36808794026103,2022-04-22 21:53:00,1.0,U
F,B737,IND UA /OV SHB/TM 2138/FL320/TP B737/TB NEG,NEG,,32000.0,39.63,-85.82,2022-04-09 21:38:00,0.0,M
F,C750,LWD UA /OV LMN30040/TM 1313/FL430/TP C750/TB NEG,NEG,,43000.0,40.6,-93.97,2022-04-24 13:13:00,0.0,M
T,SR22,UBE UUA /OV UBE/TM 1319/FL050/TP SR22/TB SEV 059-064,SEV 059-064,,5000.0,45.506,-91.9811,2022-04-21 13:19:00,5.0,L
T,C172,BDL UUA /OV BDL270020/TM 1350/FL035/TP C172/TB SEV,SEV,,3500.0,41.9381,-73.13064489975741,2022-04-22 13:50:00,5.0,L
F,C25C,CGI UA /OV CGI/TM 2014/FL400/TP C25C/TB NEG/RM ZKC/FD1/CJ,NEG,,40000.0,37.22532,-89.57075,2022-04-12 20:14:00,0.0,U
F,B738,PBI UA /OV PBI030170/TM 1950/FL380/TP B738/TB LGT-MOD CHOP 380/RM ZMAFD,LGT-MOD CHOP 380,,38000.0,29.138637397084832,-78.51373111604372,2022-04-13 19:50:00,2.0,M
F,A330,UUA /OV 4638N06253W /TM 0052 /FL370 /TP A330 /TB SEV,SEV,,37000.0,46.6333,-62.8833,2022-04-19 00:52:00,5.0,L
F,P28A,HVS UA /OV RIC-HVS /TM 0118 /FL045 /TP P28A /SK SCT060 /TB NEG,NEG,,4500.0,35.95729165,-78.7212911,2022-04-09 01:18:00,0.0,L
F,B789,LNK UA /OV LNK/TM 2136/FL390/TP B789/TB INTMT LGT CHOP,INTMT LGT CHOP,,39000.0,40.84782,-96.76474,2022-04-30 21:36:00,1.0,U
F,C5M,BMG UA /OV OOM/TM 0806/FL290/TP C5M/TB NEG/RM MOSTLY SMOOTH,NEG,,29000.0,39.14,-86.61,2022-04-23 08:06:00,0.0,U
F,PA27,AKR UA /OV ACO360007/TM 1859/FL090/TP PA27/WX RA/TB MOD,MOD,,9000.0,41.22667611667612,-81.2,2022-04-11 18:59:00,3.0,L
F,BE20,UUA /OV CYBV 090020 /TM 2110 /FL200 /TP BE20 /TB LGT-MOD CAT /RMTURB FM 55 NE CYBV - 20 E CYBV,LGT-MOD CAT,,20000.0,52.3589,-96.47244597752363,2022-04-20 21:10:00,2.0,M
F,A320,ENL UA /OV ENL/TM 2125/FL300/TP A320/TB OCNL MOD /RM ZKC/FD1/CJ,OCNL MOD,,30000.0,38.51508,-89.09114,2022-04-05 21:25:00,3.0,M
F,A319,EVV UA /OV HNB/TM 1705/FL150/TP A319/TB LGT CHOP,LGT CHOP,,15000.0,38.25,-86.95,2022-04-06 17:05:00,1.0,M
F,B738,GSO UA /OV GSO/TM 2224/FL370/TP B738/TB MOD,MOD,,37000.0,36.0975,-79.94361,2022-04-29 22:24:00,3.0,M
T,C414,PUB UUA /OV PUB270030/TM 2030/FL190/TP C414/TB SEV,SEV,,19000.0,38.29,-105.13541798002224,2022-04-07 20:30:00,5.0,L
F,A321,ALS UA /OV ALS100075/TM 0725/FL310/TP A321/TB SEV,SEV,,31000.0,37.22181219602077,-104.31087862821651,2022-04-20 07:25:00,5.0,M
T,B738,1F0 UUA /OV ADM045015 /TM 0131 /FL320 /TP B738 /TB CONS SEV 290-320 /RM ZFW AWC-WEB:,CONS SEV 290-320,,32000.0,34.47999101422327,-96.80548460808711,2022-04-13 01:31:00,5.0,M
F,BE33,CIC UA /OV KCIC/TM 1908/FL020/TP BE33/SK BKN030-TOPUNKN/TB CONS LGT/IC NEG/RM DURD FROM SE,CONS LGT,,2000.0,39.79539,-121.85842,2022-04-22 19:08:00,1.0,L
T,TBM8,4BM UUA /OV KAPA240035 /TM 1441 /FL200 /TP TBM8 /TA M20 /TB SEV 200-170 /IC LGT RIME 200-170 /RM DURD,SEV 200-170,,20000.0,39.278309708309706,-105.5054121328286,2022-04-05 14:41:00,5.0,U
F,H,LVS UA /OV FTI070065/TM 1255/FL380/TP H/B763/TB LGT CAT /RM MTN WAVE +/-150FT ZAB/FDCS,LGT CAT,,38000.0,36.03055183423373,-103.8869607033414,2022-04-12 12:55:00,1.0,L
T,SR22,BGD UUA /OV BGD290042-BGD285035/TM 2030/FL130/TP SR22/TB LT OCNL SEV TURB/RM ZAB FDCS,LT OCNL SEV TURB,,13000.0,35.94032349288949,-102.20373117651896,2022-04-13 20:30:00,5.0,L
F,C25B,GUP UA /OV GUP350035/TM 1316/FL340/TP C25B/TB MOD/RM ZAB/FDCS,MOD,,34000.0,36.08557772146998,-108.91376030841452,2022-04-10 13:16:00,3.0,U
F,B738,DTW UA /OV CRL/TM 1811/FL280/TP B738/TB MOD CHOP,MOD CHOP,,28000.0,42.05,-83.46,2022-04-04 18:11:00,3.0,M
F,B737,ABQ UA /OV ACH220035/TM 1738/FL300/TP B737/TB OCNL MOD/RM ZAB/FDCS,OCNL MOD,,30000.0,34.66310454587779,-105.49839509782836,2022-04-05 17:38:00,3.0,M
T,BE36,GNV UUA /OV TAY210020/TM 1946/FL070/TP BE36/TB EXTRM,EXTRM,,7000.0,30.2113014826959,-82.74344768530669,2022-04-09 19:46:00,7.0,L
F,E75L,BHM UA /OV VUZ/TM 1557/FL350/TP E75L/TB CONS MOD CAT/RM ZTLFD,CONS MOD CAT,,35000.0,33.67,-86.9,2022-04-13 15:57:00,3.0,U
T,B737,TRM UUA /OV PSP350020 /TM 0009 /FL130 /TP B737 /TB SEV/RM AWC-WEB,SEV,,13000.0,34.15796584083999,-116.57637541373803,2022-04-20 00:09:00,5.0,M
F,B737,TXK UA /OV TXK /TM 0121 /FL400 /TP B737 /TB CONS LGT /RM ZFW AWC-WEB:,CONS LGT,,40000.0,33.45372,-93.99103,2022-04-25 01:21:00,1.0,M
F,B737,FOD UA /OV FOD115040/TM 2301/FL390/TP B737/TB NEG,NEG,,39000.0,42.26797267076391,-93.38297511382764,2022-04-05 23:01:00,0.0,M
F,C560,SUX UA /OV SUX/TM 1934/FL240/TP C560/TB MOD CHOP 250-240,MOD CHOP 250-240,,24000.0,42.391678,-96.379478,2022-04-05 19:34:00,3.0,M
T,B737,RNO UUA /OV KRNO /TM 0102 /FL110 /TP B737 /TB SEV 110-120 /RM DURGC AWC-WEB,SEV 110-120,,11000.0,39.48389,-119.77111,2022-04-16 01:02:00,5.0,M
F,CRJ9,GRB UA /OV GRB360020/TM 1312/FL340/TP CRJ9/TB LGT CHOP,LGT CHOP,,34000.0,44.81276033336033,-88.1367,2022-04-12 13:12:00,1.0,U
F,LJ45,MDW UA /OV MDW090005/TM 2018/FL020/TP LJ45/SK SCT-BKN020-TOPUNKN/TB NEG/RM DURD RWY 22L MDW,NEG,,2000.0,41.78597,-87.64065001211115,2022-04-24 20:18:00,0.0,M
F,BE20,FLG UA /OV 12NE FLG/TM 1920/FL125/TP BE20/TB CONT MOD/RM TURB/DOWN DRAFTS VCNTY OF MTS N-NE FLG AND APCH COURSE RY21,CONT MOD,,12500.0,35.28171281137862,-111.4992653947574,2022-04-19 19:20:00,3.0,M
F,C525,MOB UA /OV GCV090010 /TM 2130 /FL370 /TP C525 /TB SEV TURB /RM KZHU AWC-WEB,SEV TURB,,37000.0,31.1,-88.29534091561166,2022-04-16 21:30:00,5.0,L
F,C172,CHS UA /OV CHS/TM 1613/FL030/TP C172/TB SEV,SEV,,3000.0,32.8986,-80.0405,2022-04-01 16:13:00,5.0,L
F,B737,MCO UA /OV ORL020030/TM 2054/FL130/TP B737/SK CLR/TB NEG,NEG,,13000.0,29.015344367982152,-81.13824911040068,2022-04-27 20:54:00,0.0,M
F,CRJ9,FOD UA /OV FOD/TM 0042/FL350/TP CRJ9/TB NEG,NEG,,35000.0,42.549741,-94.203203,2022-04-19 00:42:00,0.0,U
T,E35L,WRB UUA /OV VNA150040/TM 2139/FL320/TP E35L/TB SEV/RM NO DAMAGE NO INJURIES ZTLFD,SEV,,32000.0,31.632602965391804,-83.10600369372442,2022-04-09 21:39:00,5.0,U
F,B788,SNP UA /OV SNP166100/TM 2334/FL410/TP B788/SK SKC/TB NEG/RM ZAN,NEG,,41000.0,55.54270946615263,-169.4764270555794,2022-04-28 23:34:00,0.0,U
F,CRJ7,MLT UA /OV MLT300030/TM 0014/FL240/TP CRJ7/TB CONS LGT CHOP,CONS LGT CHOP,,24000.0,45.89786025002025,-69.30502574933423,2022-04-30 00:14:00,1.0,M
F,CRJ2,CRW UA /OV BLF/TM 1204/FL260/TP CRJ2/TB LGT INTMT CHOP/IC NEG,LGT INTMT CHOP,,26000.0,37.2958,-81.2077,2022-04-14 12:04:00,1.0,M
T,C56X,GRI UUA /OV GRI/TM 1741/FL260/TP C56X/TB SEV 260-240/RM IMPROVED BLO FL230,SEV 260-240,,26000.0,40.96754,-98.30964,2022-04-05 17:41:00,5.0,M
T,A306,BHM UUA /OV VUZ201050/TM 0954/FL350/TP A306/TB SEV/RM ZTLFD,SEV,,35000.0,32.89195329451053,-87.25886586120403,2022-04-05 09:54:00,5.0,H
T,SR22,LIC UUA /OV HGO2650010/TM 2104/FL085/TP SR22/TB SEV TURB/RM NO INJURIES,SEV TURB,,8500.0,39.27478,-103.66586,2022-04-15 21:04:00,5.0,L
T,E145,MLU UUA /OV MLU315010 /TM 1738 /FL370 /TP E145 /TB SEV /RM ZFW AWC-WEB:,SEV,,37000.0,32.62872067614885,-92.17745299201164,2022-04-12 17:38:00,5.0,M
T,P28A,POC UUA /OV POM/TM 0215/FL035/TP P28A/TB SEV/RM COR SA-ID AND MSG TYPE. ZLA CWSU,SEV,,3500.0,34.08,-117.79,2022-04-05 02:15:00,5.0,L
F,E35L,TPA UA /OV PIE/TM 2315/FL020/TP E35L/SK OVC015/WX RA/TB LGT CHOP,LGT CHOP,,2000.0,27.91,-82.68742,2022-04-02 23:15:00,1.0,U
T,BE20,DEN UUA /OV DEN305045/TM 1425/FL150/TP BE20/TB SEV/RM MOD OCSNL SEV 120-100 DURD,SEV,,15000.0,40.26301717206664,-105.45760448060464,2022-04-19 14:25:00,5.0,M
F,B738,BKW UA /OV BKW360005/TM 0135/FL370/TP B738/TB CONS LGT OCNL MOD CHOP,CONS LGT OCNL MOD CHOP,,37000.0,37.87067008334008,-81.12416,2022-04-20 01:35:00,2.0,M
F,BE9L,AUH UA /OV AUH/TM 0152/FL040/TP BE9L/TB LGT CAT/RM DURC SKC,LGT CAT,,4000.0,40.89414,-97.99456,2022-04-13 01:52:00,1.0,L
T,E55P,SBY UUA /OV SBY/TM 2135/FL385/TP E55P/TB SEV/RM SEV TURB FL380-400,SEV,,38500.0,38.3405,-75.5103,2022-04-22 21:35:00,5.0,U
T,C560,APA UUA /OV APA170003/TM 1403/FL070/TP C560/TB MOD/RM LLWS +-20KTS,MOD,,7000.0,39.520755623874,-104.83873562019352,2022-04-06 14:03:00,3.0,M
F,DH8D,RDM UA /OV SEA-RDM/TM 0129/FL230/TP DH8D/TB LGT BLO 230/RM DURD,LGT BLO 230,,23000.0,45.84929,-121.732185,2022-04-09 01:29:00,1.0,M
F,DH8A,SDP UA /OV SDP/TM 2322/FL230/TP DH8A/SK OVC025-TOP120/TA M02/TB NEG/IC LGT RIME/RM DURC; ZAN,NEG,,23000.0,55.31,-160.52,2022-04-22 23:22:00,0.0,M
F,B738,COS UA /OV BRK155025/TM 1142/FL100/TP B738/TB CONT MOD CHOP/RM DURC OFF KCOS FL100-FL170...ZDV FD,CONT MOD CHOP,,10000.0,38.56234116748299,-104.403586816941,2022-04-27 11:42:00,3.0,M
T,SW4,DEN UUA /OV DEN210045/TM 1813/FL140/TP SW4/TB SEV/RM DURD,SEV,,14000.0,39.18322833606578,-105.14587360913816,2022-04-12 18:13:00,5.0,M
T,EA50,DEN UUA /OV DEN220060/TM 1910/FL175/TP EA50/TB SEV/RM DURD 175-165,SEV,,17500.0,39.06669350721908,-105.49462134627176,2022-04-06 19:10:00,5.0,U
F,E190,BDL UA /OV BDL/TM 1956/FL340/TP E190/TB LGT,LGT,,34000.0,41.9381,-72.6825,2022-04-05 19:56:00,1.0,U
T,PC12,LFK UUA /OV LFK360010 /TM 1545 /FL290 /TP PC12 /TB SEV /RM ZFW SEVERE TURB IN CLIMB OUT OF KAUS AWC-WEB:,SEV,,29000.0,31.400690166680167,-94.75,2022-04-12 15:45:00,5.0,L
F,C402,EVV UA /OV EVV27030/TM 2031/FL070/TP C402/WX LGT-MOD PRECIP/TB LGT TURB,LGT TURB,,7000.0,38.0441,-87.5205,2022-04-30 20:31:00,1.0,L
F,C172,DFW UA /OV 5 E OTX1/TM 1517/FL040/TP C172/TB MOD,MOD,,4000.0,32.89683,-97.038,2022-04-12 15:17:00,3.0,L
T,TBM9,MSY UUA /OV LEV090050/TM 2145/FL310/TP TBM9/TB SEV CHOP/RM 50E LEV TMB9 RPTD SEVERE CHOP FL310 AT 2145Z NO INJURIES OR DAMAGE REPORTED KZHU,SEV CHOP,,31000.0,29.18,-89.14546081205454,2022-04-06 21:45:00,5.0,U
T,C172,SUS UUA /OV SUS /TM 1643 /FL020 /TP C172 /TB SEV,SEV,,2000.0,38.65722,-90.65583,2022-04-02 16:43:00,5.0,L
T,B738,1F0 UUA /OV ADM120015 /TM 0127 /FL290 /TP B738 /TB SEV /RM ZFW AWC-WEB,SEV,,29000.0,34.17818987498987,-96.75738574635582,2022-04-13 01:27:00,5.0,M
T,C56X,ROA UUA /OV BCB090020/TM 1605/FL430/TP C56X/TB SEV,SEV,,43000.0,37.20764,-79.98927186102391,2022-04-05 16:05:00,5.0,M
F,B712,ITO UA /OV ITO310008/TM 2116/FL055/TP B712/SK BKN055-TOP060/TB NEG,NEG,,5500.0,19.805711956738,-155.14851142133702,2022-04-05 21:16:00,0.0,M
F,PA27,ABE UA /OV KABE /TM 1308 /FL080 /TP PA27 /SK SKC /WX FV30SM /TA 06 /TB NEG /RM SMOOTH,NEG,,8000.0,40.65083,-75.44917,2022-04-11 13:08:00,0.0,L
T,TBM8,ELM UUA /OV ULW/TM 1701/FL050/TP TBM8/TB SEV 020-100,SEV 020-100,,5000.0,42.09,-77.02,2022-04-15 17:01:00,5.0,U
F,C525,MOB UA /OV GCV090010 /TM 2130 /FL370 /TP C525 /TB SEV TURB /RM KZHU AWC-WEB:,SEV TURB,,37000.0,31.1,-88.29534091561166,2022-04-16 21:30:00,5.0,L
T,LJ35,LIC UUA /OV HGO040035/TM 2235/FL240/TP LJ35/TB SEV/RM SEV TB DURD FL280-210 CLASH ARRVL,SEV,,24000.0,39.25689545412221,-103.1487679000625,2022-04-05 22:35:00,5.0,M
T,GLF4,HLC UUA /OV VARNE/TM 0037/FL410/TP GLF4/TB SEV/RM A/C GAINED AND LOST 400 FEET,SEV,,41000.0,39.37556,-99.82972,2022-04-30 00:37:00,5.0,M
T,B738,FSD UUA /OV FSD263054/TM 0309/FL370/TP B738/TB SEV CAT 370/RM +/- 40 KT,SEV CAT 370,,37000.0,43.46724870665135,-97.98677265767702,2022-04-23 03:09:00,5.0,M
F,LJ45,IAH UA /OV 30SW HOU/TM 2059/FL100/TP LJ45/TB SEV TURB 100-095,SEV TURB 100-095,,10000.0,29.28388797155345,-95.68925342113486,2022-04-20 20:59:00,5.0,M
F,A320,ORD UA /OV IOW270010/TM 1520/FL360/TP A320/TB CONS LGT-OCNL MOD,CONS LGT-OCNL MOD,,36000.0,41.63939,-91.76756579970136,2022-04-09 15:20:00,2.0,M
F,B739,MSP UA /OV MSP192081/TM 1008/FL350/TP B739/TB NEG,NEG,,35000.0,43.564763778462265,-93.62749288368728,2022-04-13 10:08:00,0.0,M
F,B38M,FAR UA /OV FAR/TM 1855/FL360/TP B38M/SK TOP 360/TB NEG,NEG,,36000.0,46.92528,-96.81111,2022-04-12 18:55:00,0.0,U
T,B789,CDB UUA /OV CDB052102/TM 2250/FL360/TP B789/TB SEV/RM ZAN SMOOTH BEFORE AND AFTER N56W160,SEV,,36000.0,56.24670928472355,-160.3725408432878,2022-04-21 22:50:00,5.0,U
F,C177,UUA /OV CYQB 260023 /TM 2300 /FL020 /TP C177 /TB MOT-SEV /RM MOD TOHVY PCPN,MOT-SEV,,2000.0,46.72453947344637,-71.94475713801484,2022-04-15 23:00:00,5.0,L
T,SW4,DEN UUA /OV DEN315050/TM 0138/FL130/TP SW4/TB SEV,SEV,,13000.0,40.42210338074425,-105.4249050906092,2022-04-13 01:38:00,5.0,M
F,H,ASE UA /OV DBL070015/TM 2053/FL380/TP H/A330/TB MOD/RM ZDV,MOD,,38000.0,39.52551196174624,-106.59578512608309,2022-04-29 20:53:00,3.0,L
F,B737,PUB UA /OV PUB/TM 1655/FL380/TP B737/TB NEG/RM LGT MTW +/-10KTS +/-50FT...ZDV FD,NEG,,38000.0,38.29,-104.49833,2022-04-09 16:55:00,0.0,M
F,C150,SMO UA /OV SMO300003/TM 0203/FL025/TP C150/TB LGT-MOD 025,LGT-MOD 025,,2500.0,34.046002025002025,-118.49932792024656,2022-04-05 02:03:00,2.0,L
T,C172,APA UUA /OV APA330001/TM 1925/FL065/TP C172/TB SEV,SEV,,6500.0,39.5844349258652,-104.8608114963234,2022-04-10 19:25:00,5.0,L
F,LJ75,PBF UA /OV MON/TM 1823/FL200/TP LJ75/TB LGT-MOD CHOP 200/RM ZME,LGT-MOD CHOP 200,,20000.0,33.56,-91.72,2022-04-07 18:23:00,2.0,U
F,AC50,DSM UA /OV DSM/TM 0227/FL110/TP AC50/SK SCT100-TOPUNKN/TA M12/TB NEG/IC NEG/RM CLR ABV 110,NEG,,11000.0,41.53395,-93.653114,2022-04-07 02:27:00,0.0,L
T,B757,CXY UUA /OV HAR/TM 0442/FL260/TP B757/TB SEV/RM DURD 260-210,SEV,,26000.0,40.23,-77.02,2022-04-01 04:42:00,5.0,M
F,PC12,EAU UA /OV KEAU/TM 1006/FL040/TP PC12/TA M08/TB CONS LGT OCNL MOD/IC NEG/RM IMC WITH SNOW,CONS LGT OCNL MOD,,4000.0,44.8658,-91.48426,2022-04-14 10:06:00,2.0,L
F,B747,BET UA /OV BET100078/TM 1406/FL350/TP B747/TB NEG/RM ZAN,NEG,,35000.0,60.5442390838616,-159.20802556813507,2022-04-30 14:06:00,0.0,H
T,PA46,DFW UUA /OV CQY /TM 1817 /FL090 /TP PA46 /TB SEV /RM ZFW AWC-WEB:,SEV,,9000.0,32.19,-96.22,2022-04-07 18:17:00,5.0,L
T,B737,RNO UUA /OV KRNO /TM 0102 /FL110 /TP B737 /TB SEV 110-120 /RM DURGC AWC-WEB:,SEV 110-120,,11000.0,39.48389,-119.77111,2022-04-16 01:02:00,5.0,M
T,C182,MSO UUA /OV MSO120080/TM 1351/FL160/TP C182/TB OCNL SEV FL160-170 /ZLC,OCNL SEV FL160-170,,16000.0,46.254079333279336,-112.40175413013272,2022-04-05 13:51:00,5.0,L
F,B738,LOZ UA /OV LOZ120040/TM 1205/FL360/TP B738/TB CONS LGT CHOP,CONS LGT CHOP,,36000.0,36.75363966663967,-83.35319155099509,2022-04-06 12:05:00,1.0,M
F,B38M,GCK UA /OV GCK/TM 1727/FL330/TP B38M/TB CONS LGT CHOP/RM /ZKC FDC/XJAF,CONS LGT CHOP,,33000.0,37.92753,-100.72442,2022-04-29 17:27:00,1.0,U
F,A321,GRR UA /OV PMM270030/TM 2120/FL340/TP A321/TB INTMT LGT CHOP,INTMT LGT CHOP,,34000.0,42.47,-86.78790062742742,2022-04-01 21:20:00,1.0,M
F,B737,BUR UA /OV VNY220015/TM 1720/FL080/TP B737/SK SKC/TB NEG,NEG,,8000.0,34.01819337680477,-118.68350227763864,2022-04-09 17:20:00,0.0,M
T,SR22,LEX UUA /OV LEX/TM 1907/FL004/TP SR22/TB SEV TURB/RM OVER THRESHOLD RWY 22,SEV TURB,,400.0,38.0408,-84.6058,2022-04-08 19:07:00,5.0,L
T,FA20,OKC UUA /OV IFI315060 /TM 0136 /FL380 /TP FA20 /TB SEV CONS /RM ZFW AWC-WEB,SEV CONS,,38000.0,36.5171640568931,-98.87200671277093,2022-04-30 01:36:00,5.0,M
F,B738,ORD UA /OV MSN/TM 2250/FL230/TP B738/TB CONS LGT 230-150,CONS LGT 230-150,,23000.0,43.14056,-89.34528,2022-04-13 22:50:00,1.0,M
F,SR22,MIV UA /OV VCN066010-VCN230011 /TM 1810 /FL040 /TP SR22 /SK SKC /WX FV99SM /TA M02 /TB CONS LGT CHOP,CONS LGT CHOP,,4000.0,39.607794931462806,-74.77254954201892,2022-04-02 18:10:00,1.0,L
T,B752,FAM UUA /OV FAM340030/TM 0559/FL310/TP B752/TB SEV CAT/RM ZZKC/FD1/CJ,SEV CAT,,31000.0,38.23091436798215,-90.6449394274518,2022-04-20 05:59:00,5.0,M
T,C206,VIH UUA /OV VIH/TM 1547/FL035/TP C206/TB SEV/RM ZKC FDC,SEV,,3500.0,38.13,-91.77,2022-04-02 15:47:00,5.0,L
T,C172,PAE UUA /OV PAE350005/TM 2310/FL016/TP C172/TB SEV,SEV,,1600.0,47.98906396021,-122.30315895176275,2022-04-25 23:10:00,5.0,L
F,HROC,HSI UA /OV TKO/TM 1236/FL110/TP HROC/TB OCNL LGT,OCNL LGT,,11000.0,39.8,-98.22,2022-04-14 12:36:00,1.0,U
F,E75L,BDL UA /OV BDL06005/TM 1300/FL050/TP E75L/TB MOD/RM DURC,MOD,,5000.0,41.9381,-72.6825,2022-04-22 13:00:00,3.0,U
T,PC12,SDB UUA /OV GMN /TM 2334 /FL110 /TP PC12 /TB SEV /RM ZLAWC SEV CAT 110 AWC-WEB:,SEV,,11000.0,34.8,-118.86,2022-04-21 23:34:00,5.0,L
T,CRJ7,SGF UUA /OV SGF320020/TM 1531/FL060/TP CRJ7/TB EXTRM TURB,EXTRM TURB,,6000.0,37.495068830926975,-93.65885837734454,2022-04-13 15:31:00,7.0,M
F,B737,GSH UA /OV GSH/TM 1406/FL290/TP B737/TB MOD,MOD,,29000.0,41.52722,-85.79222,2022-04-06 14:06:00,3.0,M
F,B737,CNU UA /OV CNU180015/TM 1222/FL360/TP B737/TB NEG/RM /ZKC FDC/CCW,NEG,,36000.0,37.42025974997975,-95.48417,2022-04-30 12:22:00,0.0,M
F,AZON,ORD UA /OV ORD090020/TM 1948/FL050/TP AZON/TB MOD,MOD,,5000.0,41.98754,-87.48343723303215,2022-04-24 19:48:00,3.0,U
F,MD80,FAM UA /OV FAM360020/TM 1451/FL360/TP MD80/TB OCNL LGT - MOD CHOP /RM ZKCFDC/AF,OCNL LGT - MOD CHOP,,36000.0,38.09439033336033,-90.42861,2022-04-13 14:51:00,2.0,M
F,H60,ITH UA /OV GTB-KITH /TM 1738 /FL030 /TP H60 /SK SKC /TB LGT BLO 030,LGT BLO 030,,3000.0,43.2733239,-76.0889522,2022-04-22 17:38:00,1.0,L
F,DH8,UUA /OV CYDF /TM 1212 /FL003 /TP DH8 /TB SEV,SEV,,300.0,49.21085,-57.39752,2022-04-20 12:12:00,5.0,M
F,C182,BLF UA /OV BLF260030/TM 1913/FL080/TP C182/SK VMC/TB NEG/IC NEG,NEG,,8000.0,37.20896887840831,-81.82672285450491,2022-04-02 19:13:00,0.0,L
F,BE30,BDH UA /OV BDH300025/TM 2030/FL050/TP BE30/TA M03/TB OCNL LGT CHOP 270-050/IC NEG/RM DURD INTO BDH FROM THE WEST IMC 180-030,OCNL LGT CHOP 270-050,,5000.0,45.32605020835021,-95.64180332815091,2022-04-07 20:30:00,1.0,L
T,GLF4,MYGF UUA /OV ZFP077118/TM 1740/FL180/TP GLF4/TB SEV/RM ZMAFD,SEV,,18000.0,26.94243957494839,-76.63859563902886,2022-04-15 17:40:00,5.0,M
F,C56X,BMG UA /OV OOM070010/TM 2014/FL180/TP C56X/TB LGT 180-230,LGT 180-230,,18000.0,39.197007974497495,-86.40805708289024,2022-04-25 20:14:00,1.0,M
F,B738,JVL UA /OV JVL/TM 1543/FL360/TP B738/TB INTMT LGT CHOP,INTMT LGT CHOP,,36000.0,42.62025,-89.04156,2022-04-10 15:43:00,1.0,M
T,P46T,OJC UUA /OV OJC180020/TM 1526/FL190/TP P46T/TB SEV TB 190-145/RM ZKC FDC/AFXJ,SEV TB 190-145,,19000.0,38.51663966663967,-94.73917,2022-04-06 15:26:00,5.0,L
F,A320,SDF UA /OV MYS/TM 1508/FL330/TP A320/TB LGT OCNL CHOP,LGT OCNL CHOP,,33000.0,37.89,-86.24,2022-04-14 15:08:00,1.0,M
F,MULTIPLE AC,BHM UA /OV BHM/TM 1749/FL300/TP MULTIPLE AC/TB LGT-MOD CHOP 300-360/RM WITHIN 40M OF BHM ALL AC REPORT LGT-MOD CHOP 300-360 ZTLFD,LGT-MOD CHOP 300-360,,30000.0,33.56546,-86.74488,2022-04-26 17:49:00,2.0,U
T,C560,DEN UUA /OV DEN200040/TM 2100/FL130/TP C560/TB SEV TB,SEV TB,,13000.0,39.206287509357125,-104.95444864318917,2022-04-20 21:00:00,5.0,M
F,R22,UUA /OV CYBW 340005 /TM 1925 /FL050 /TP R22 /TB SEV 050,SEV 050,,5000.0,51.18137406133036,-114.4198341895024,2022-04-04 19:25:00,5.0,L
T,PA27,BUR UUA /OV VNY340008/TM 2025/FL028/TP PA27/TB SEV/RM NEWHALL PASS NORTH OF WHP  CAUSED 40 DEGREE ROLL. IMPROVED CONDITIONS HIGHER ALT.,SEV,,2800.0,34.33502249812857,-118.54431775742336,2022-04-25 20:25:00,5.0,L
F,GLF4,MKG UA /OV MKG/TM 1954/FL430/TP GLF4/TB CONS LGT CHOP,CONS LGT CHOP,,43000.0,43.17111,-86.23667,2022-04-05 19:54:00,1.0,M
T,B738,1F0 UUA /OV ADM045015 /TM 0131 /FL320 /TP B738 /TB CONS SEV 290-320 /RM ZFW AWC-WEB,CONS SEV 290-320,,32000.0,34.47999101422327,-96.80548460808711,2022-04-13 01:31:00,5.0,M
T,S22T,SDB UUA /OV GMN335010/TM 0004/FL130/TP S22T/TB SEV/RM ZLA CWSU,SEV,,13000.0,34.9510635330068,-118.94578475327684,2022-04-22 00:04:00,5.0,U
T,TBM9,MYGF UUA /OV ZFP100090/TM 1833/FL270/TP TBM9/TB SEV/RM ZMAFD,SEV,,27000.0,26.23950663522492,-77.12922945506821,2022-04-15 18:33:00,5.0,U
F,P28A,GFK UA /OV KPKD-GFK /TM 1528 /FL045 /TP P28A /TB LGT /RM VERY LGT TB,LGT,,4500.0,47.424625,-96.123055,2022-04-28 15:28:00,1.0,L
F,A21N,BNA UA /OV SYI/TM 1234/FL280/TP A21N/TB CONS MOD/RM ZME,CONS MOD,,28000.0,35.5594,-86.4425,2022-04-06 12:34:00,3.0,U
F,B737,RNO UA /OV KRNO340001 /TM 2213 /FL010 /TP B737 /TB MOD /RM LLWS +/-12-15KTS ...ZOA CWSU AWC-WEB:,MOD,,1000.0,39.49955281226608,-119.7784963336767,2022-04-20 22:13:00,3.0,M
T,B77L,PASY UUA /OV SYA227065/TM 1646/FL330/TP B77L/TB SEV/RM ZAN 340 MOD TO SEV  320 MOD,SEV,,33000.0,51.971108597849685,172.8021439264995,2022-04-30 16:46:00,5.0,U
T,SR22,ABQ UUA /OV 28SW ABQ/TM 2212/FL115/TP SR22/TB SEV/RM ZAB/FDCS,SEV,,11500.0,34.711890106783216,-107.01857419634004,2022-04-24 22:12:00,5.0,L
T,E55,OLV UUA /OV OLV/TM 2135/FL010/TP E55/TB LGT-MOD BLO 010 DURD RY36 OLV/RM LLWS +10 KT SFC-010 DURD RY36 OLV,LGT-MOD BLO 010 DURD RY36 OLV,,1000.0,34.97875,-89.7868611,2022-04-07 21:35:00,2.0,U
T,H,PUB UUA /OV PUB220050/TM 1608/FL320/TP H/B763/TB SEV/RM DURC FL320-340 ZDV,SEV,,32000.0,37.65157792268256,-105.1808504330642,2022-04-12 16:08:00,5.0,L
F,EVOT,RNO UA /OV SWR /TM 1830 /FL280 /TP EVOT /TB MOD CHOP /RM ZOACWSU AWC-WEB,MOD CHOP,,28000.0,39.18,-120.27,2022-04-15 18:30:00,3.0,U
T,C208,CPR UUA /OV CPR220040/TM 2255/FL115/TP C208/TB SEV @ 115/RM LT OCNL MOD TB BLO 095,SEV @ 115,,11500.0,42.39726233814606,-107.049526211407,2022-04-09 22:55:00,5.0,L
F,BE9L,HQG UA /OV MKC-KHQG /TM 0512 /FL160 /TP BE9L /TB NEG BLO 160 /RM DURD,NEG BLO 160,,16000.0,38.14305,-97.98175,2022-04-22 05:12:00,0.0,L
T,C650,MIA UUA /OV DHP060025/TM 2130/FL160/TP C650/TB EXTRM/RM ZMAFD,EXTRM,,16000.0,26.00835020835021,-79.94917180659458,2022-04-07 21:30:00,7.0,M
T,LJ60,AGC UUA /OV KAGC/TM 1801/FL020/TP LJ60/TB LGT CHOP LLWS +10 500FT AGL,LGT CHOP LLWS +10 500FT AGL,,2000.0,40.35472,-79.92167,2022-04-01 18:01:00,1.0,M
T,B788,AXX UUA /OV CIM270020/TM 1858/FL390/TP B788/TB SEV/RM ZAB/FDCS,SEV,,39000.0,36.49,-105.28464756681036,2022-04-29 18:58:00,5.0,U
F,B737,UUA /OV CYYZ 150035 /TM 2032 /FL070 /TP B737 /TB SEV /RM PILOT REPDACFT ROLLED 30 DEGREES,SEV,,7000.0,43.17199759471783,-79.22725048138334,2022-04-16 20:32:00,5.0,M
F,E170,MCI UA /OV MCI040018/TM 0012/FL110/TP E170/TB LGT-MOD TURB SFC-110/RM DURC,LGT-MOD TURB SFC-110,,11000.0,39.52744194783428,-94.46470439362275,2022-04-15 00:12:00,2.0,U
T,B737,RIW UUA /OV BOY100010/TM 0517/FL340/TP B737/TB SEV/RM NO DMG NO INJURY BOYSEN DAL2560 /ZLC,SEV,,34000.0,43.43105629280277,-108.07385569360407,2022-04-12 05:17:00,5.0,M
F,B737,BNA UA /OV 25 SE BNA/TM 1719/FL070/TP B737/TB MOD AOB 120,MOD AOB 120,,7000.0,35.82423830962787,-86.32440978666575,2022-04-05 17:19:00,3.0,M
T,GLF6,BZN UUA /OV BZN010030/TM 1919/FL430/TP GLF6/TB SEV /ZLC,SEV,,43000.0,46.28050376125999,-111.0363078177016,2022-04-04 19:19:00,5.0,U
T,CL60,ILM UUA /OV ILM195200/TM 1606/FL410/TP CL60/TB SEV/IC NEG,SEV,,41000.0,31.04998644546921,-78.9440550416882,2022-04-07 16:06:00,5.0,M
T,C206,AMA UUA /OV 10 E PNH/TM 2335/FL055/TP C206/TB SEV TURB,SEV TURB,,5500.0,35.24,-101.49592073035062,2022-04-10 23:35:00,5.0,L
T,B77W,SEA UUA /OV 4924N 13357W /TM 2332 /FL320 /TP B77W /TB SEV /RM ZOA CWSU AWC-WEB:,SEV,,32000.0,49.4,-133.95,2022-04-21 23:32:00,5.0,U
F,C172,BXK UA /OV GBN247012 /TM 1744 /FL080 /TP C172 /TB NEG /RM SMOOTH,NEG,,8000.0,32.80934744445154,-112.93925387065885,2022-04-11 17:44:00,0.0,L
T,A319,ALS UUA /OV ALS140040/TM 1855/FL340/TP A319/TB SEV MTW/RM +40KTS  UNCONTROLLABLE CLIMB....ZDV,SEV MTW,,34000.0,36.928152338146056,-105.32164364082168,2022-04-10 18:55:00,5.0,M

