label,issue,expire,fl_low,fl_high,polygon
1W,2016-11-01 00:55:00+00:00,2016-11-01 02:55:00+00:00,0.0,27000.0,"POLYGON ((-124.65461716279616 41.43775163252894, -123.44758478692022 41.255575322824875, -123.42250240663171 40.41251482285025, -124.55528432372071 39.042946482126524, -124.65461716279616 41.43775163252894))"
LIMA 5,2016-11-01 02:15:00+00:00,2016-11-01 06:15:00+00:00,0.0,38000.0,"POLYGON ((-53 45, -46.3 45, -47 41.45, -62.3 36.15, -53 45))"
MIKE 1,2016-11-01 02:35:00+00:00,2016-11-01 06:35:00+00:00,0.0,50000.0,"POLYGON ((-65.09855149876046 21.352082888212735, -63.94855149876046 19.352082888212735, -64.65144850123954 18.947917111787262, -65.80144850123955 20.947917111787262, -65.09855149876046 21.352082888212735))"
OSCAR 4,2016-11-01 03:11:00+00:00,2016-11-01 07:15:00+00:00,0.0,56000.0,"POLYGON ((135.3 14, 137.1 11, 129.5 9.3, 129.5 13.3, 135.3 14))"
LIMA 6,2016-11-01 03:15:00+00:00,2016-11-01 07:15:00+00:00,0.0,37000.0,"POLYGON ((-50.15 45, -47.15 42, -51 40.3, -55 42.3, -54.3 44.45, -50.15 45))"
PAPA 1,2016-11-01 05:09:00+00:00,2016-11-01 09:10:00+00:00,0.0,61000.0,"POLYGON ((143.4 12.5, 143.4 9.1, 139 9.1, 139.1 12.5, 143.4 12.5))"
MIKE 2,2016-11-01 06:15:00+00:00,2016-11-01 10:15:00+00:00,0.0,50000.0,"POLYGON ((-64.3 19.3, -62 18, -63 16.3, -68 16.3, -68 18.15, -64.3 19.3))"
ALFA 1,2016-11-01 06:30:00+00:00,2016-11-01 10:30:00+00:00,0.0,48000.0,"POLYGON ((-63.45 30.15, -62 29.45, -63.45 27.45, -66 28.3, -63.45 30.15))"
PAPA 2,2016-11-01 08:40:00+00:00,2016-11-01 12:40:00+00:00,0.0,61000.0,"POLYGON ((137.1 13, 142.1 13, 142.1 9.1, 137.1 9.1, 137.1 13))"
MIKE 3,2016-11-01 10:00:00+00:00,2016-11-01 14:00:00+00:00,,,"POLYGON ((-61 20.3, -56.45 18, -62 18, -63 15.45, -66.45 15.3, -68 16, -68.15 19, -61 20.3))"
QUEBEC 1,2016-11-01 10:04:00+00:00,2016-11-01 14:05:00+00:00,0.0,61000.0,"POLYGON ((130.3 12.5, 137.1 12.4, 137.1 10.3, 130.3 10.3, 130.3 12.5))"
PAPA 3,2016-11-01 12:30:00+00:00,2016-11-01 16:30:00+00:00,0.0,61000.0,"POLYGON ((137.1 13.5, 150.4 10.3, 146.4 6.5, 137.1 9.1, 137.1 13.5))"
BRAVO 1,2016-11-01 12:50:00+00:00,2016-11-01 16:50:00+00:00,0.0,34000.0,"POLYGON ((-50.45 42.45, -51 39.45, -53.15 37.45, -53.3 41.45, -50.45 42.45))"
CHARLIE 1,2016-11-01 12:55:00+00:00,2016-11-01 16:55:00+00:00,0.0,39000.0,"POLYGON ((-54.45 38.45, -53.45 36.15, -56 33, -56.15 38.15, -54.45 38.45))"
DELTA 1,2016-11-01 12:55:00+00:00,2016-11-01 16:55:00+00:00,0.0,46000.0,"POLYGON ((-41.3 30.15, -43.3 25.45, -46.15 25.3, -44.15 30, -41.3 30.15))"
QUEBEC 2,2016-11-01 13:00:00+00:00,2016-11-01 17:00:00+00:00,0.0,61000.0,"POLYGON ((137.1 13.5, 137.1 10.2, 130 10.2, 130 13.5, 137.1 13.5))"
ROMEO 1,2016-11-01 13:24:00+00:00,2016-11-01 17:25:00+00:00,0.0,59000.0,"POLYGON ((152 16.1, 152 13, 147.5 13, 147.5 16.1, 152 16.1))"
MIKE 4,2016-11-01 13:40:00+00:00,2016-11-01 17:40:00+00:00,,,"POLYGON ((-63 23, -57 18, -62 18, -63 17.15, -63 15.15, -65 15, -68.3 19.45, -63 23))"
SIERRA 1,2016-11-01 15:16:00+00:00,2016-11-01 19:15:00+00:00,0.0,54000.0,"POLYGON ((166 13.1, 171.4 11, 169.4 8.1, 163.3 10.1, 166 13.1))"
ECHO 1,2016-11-01 15:30:00+00:00,2016-11-01 19:30:00+00:00,0.0,52000.0,"POLYGON ((-120.3 15, -120 7.45, -124 6.15, -127 12, -120.3 15))"
PAPA 4,2016-11-01 15:30:00+00:00,2016-11-01 19:30:00+00:00,0.0,61000.0,"POLYGON ((135.5 14.1, 150.5 10.3, 146.4 6.5, 136 9.4, 135.5 14.1))"
QUEBEC 3,2016-11-01 15:30:00+00:00,2016-11-01 19:30:00+00:00,0.0,62000.0,"POLYGON ((130 16, 135.5 14.1, 135.5 9.4, 130 9.1, 130 16))"
1C,2016-11-01 15:55:00+00:00,2016-11-01 17:55:00+00:00,0.0,41000.0,"POLYGON ((-95.59412167759774 27.221068773946314, -95.66178901995272 26.546515973738497, -96.05517668078056 27.383752517194043, -95.59412167759774 27.221068773946314))"
DELTA 2,2016-11-01 16:40:00+00:00,2016-11-01 20:40:00+00:00,0.0,48000.0,"POLYGON ((-40 32.45, -40 22.3, -46.45 25.15, -43 31.45, -40 32.45))"
ROMEO 2,2016-11-01 17:24:00+00:00,2016-11-01 21:25:00+00:00,0.0,59000.0,"POLYGON ((150.2 17, 150.3 13.2, 148 13.2, 147.5 17, 150.2 17))"
DELTA 5,2016-11-01 17:25:00+00:00,2016-11-01 21:25:00+00:00,,,"POLYGON ((-58.3 24.3, -57 18, -62.3 17.45, -63 15, -68 16, -68 21.15, -58.3 24.3))"
MIKE 5,2016-11-01 17:25:00+00:00,2016-11-01 21:25:00+00:00,,,"POLYGON ((-58.45 24, -57 18, -62.3 17.45, -63 15, -68 16, -68 21.15, -58.45 24))"
2C,2016-11-01 17:55:00+00:00,2016-11-01 19:55:00+00:00,0.0,43000.0,"POLYGON ((-96.17056413645045 30.66330160295102, -95.13055462116759 29.498703567718135, -97.25887812891403 28.756685882953278, -96.17056413645045 30.66330160295102))"
3C,2016-11-01 18:55:00+00:00,2016-11-01 20:55:00+00:00,0.0,45000.0,"POLYGON ((-96.0808613819834 31.152843948094596, -95.2143753998656 29.842289933339128, -97.00962398334319 28.503532253018168, -97.18934202485907 29.075486169836065, -96.0808613819834 31.152843948094596))"
SIERRA 2,2016-11-01 19:09:00+00:00,2016-11-01 23:10:00+00:00,0.0,55000.0,"POLYGON ((165.4 12.3, 170.4 9.4, 167.4 6.3, 162.2 9.3, 165.4 12.3))"
QUEBEC 4,2016-11-01 19:20:00+00:00,2016-11-01 23:20:00+00:00,0.0,61000.0,"POLYGON ((130 15.2, 134.2 13.2, 132.3 10.1, 130 10.1, 130 15.2))"
PAPA 5,2016-11-01 19:29:00+00:00,2016-11-01 23:30:00+00:00,0.0,61000.0,"POLYGON ((137.2 13.2, 140.4 12.3, 141 11.4, 142 11, 141.3 9.4, 136.2 11.1, 137.2 13.2))"
4C,2016-11-01 19:55:00+00:00,2016-11-01 21:55:00+00:00,0.0,45000.0,"POLYGON ((-95.88646819119171 31.15474239179492, -95.20257010461448 30.26732767985268, -96.31 29.25910686720918, -96.98714618685123 29.90831542641448, -95.88646819119171 31.15474239179492))"
MIKE 6,2016-11-01 20:45:00+00:00,2016-11-02 00:45:00+00:00,0.0,50000.0,"POLYGON ((-65 20.3, -63 19.15, -65.3 15.15, -68 16, -65 20.3))"
6C,2016-11-01 20:55:00+00:00,2016-11-01 22:55:00+00:00,,,"POLYGON ((-96.07704902926397 28.66126509509273, -96.02035255192943 28.31756746897083, -96.71010438427155 26.102743006667, -96.2731128496406 28.62178119534452, -96.21386163337117 28.32755950250703, -96.90105872677839 26.16221097348762, -96.21130689443628 28.37703543579145, -96.01779781299454 28.36704340225524, -96.07704902926397 28.66126509509273))"
5C,2016-11-01 20:55:00+00:00,2016-11-01 22:55:00+00:00,0.0,45000.0,"POLYGON ((-96.54966379032642 31.403309752157494, -95.12850908247381 30.420929395179435, -96.57899625921755 28.99501483288552, -97.12237399713786 30.026445469614444, -96.54966379032642 31.403309752157494))"
ROMEO 3,2016-11-01 21:21:00+00:00,2016-11-02 01:25:00+00:00,0.0,58000.0,"POLYGON ((150.4 16.2, 150.4 12.5, 147.1 12.5, 147 16.2, 150.4 16.2))"
8C,2016-11-01 21:55:00+00:00,2016-11-01 23:55:00+00:00,0.0,45000.0,"POLYGON ((-96.1841013504478 28.49280941036247, -95.26959760376809 27.83597631904846, -95.88796761695178 26.465597116069656, -96.38585150632612 27.508718252792345, -96.1841013504478 28.49280941036247))"
7C,2016-11-01 21:55:00+00:00,2016-11-01 23:55:00+00:00,0.0,43000.0,"POLYGON ((-95.34288269631816 30.9372009309734, -95.09318071627423 30.49401550709478, -96.436544631248 29.027073305853563, -96.8959397971132 29.26987114650441, -95.34288269631816 30.9372009309734))"
9C,2016-11-01 22:55:00+00:00,2016-11-02 00:55:00+00:00,0.0,45000.0,"POLYGON ((-96.6042036777075 30.04478700437802, -95.9652944457375 29.737270973092, -96.436544631248 29.027073305853563, -96.77828790039614 29.168100877813117, -96.6042036777075 30.04478700437802))"
10C,2016-11-01 22:55:00+00:00,2016-11-02 00:55:00+00:00,0.0,45000.0,"POLYGON ((-96.19350196895957 28.657722958534062, -95.26959760376809 27.83597631904846, -95.73799481477053 26.51930474756988, -96.31 27.89257436347464, -96.19350196895957 28.657722958534062))"
QUEBEC 5,2016-11-01 23:18:00+00:00,2016-11-02 03:20:00+00:00,0.0,59000.0,"POLYGON ((130 17, 134.1 17, 132.2 10, 130 10, 130 17))"
PAPA 6,2016-11-01 23:22:00+00:00,2016-11-02 03:25:00+00:00,,,"POLYGON ((137.4 13.4, 143.4 10.2, 149.1 9.3, 147.1 4.4, 144.2 5.2, 142.2 8.1, 136.5 11.1, 137.4 13.4))"
MIKE 7,2016-11-01 23:25:00+00:00,2016-11-02 03:25:00+00:00,0.0,50000.0,"POLYGON ((-62 19.3, -61.15 18, -65.15 15, -68 16, -68 17.3, -62 19.3))"
11C,2016-11-01 23:55:00+00:00,2016-11-02 01:55:00+00:00,,,"POLYGON ((-95.61087045569495 30.0809348003552, -95.57139118384372 29.78776228884229, -96.33175202549934 28.9011457404768, -95.4465032370042 29.96699000047446, -95.56511614960071 29.79588895361048, -96.48356917570409 29.0313438698939, -95.72320833404846 29.91796041825939, -95.72948336829147 29.90983375349121, -95.61087045569495 30.0809348003552))"
12C,2016-11-01 23:55:00+00:00,2016-11-02 01:55:00+00:00,0.0,45000.0,"POLYGON ((-96.1841013504478 28.49280941036247, -95.26959760376809 27.83597631904846, -95.88796761695178 26.465597116069656, -96.74985958558457 27.28492055844674, -96.1841013504478 28.49280941036247))"
2C,2016-11-02 00:55:00+00:00,2016-11-02 02:55:00+00:00,0.0,45000.0,"POLYGON ((-95.34220204668361 28.400472797556905, -95.1526519473035 28.336670291140738, -95.79319256726173 26.433695862861573, -95.98274266664184 26.49749836927774, -95.34220204668361 28.400472797556905))"
1C,2016-11-02 00:55:00+00:00,2016-11-02 02:55:00+00:00,0.0,44000.0,"POLYGON ((-97.88438430987316 30.0728405294609, -97.14832211082181 29.578048495073432, -98.46 29.206287181737324, -97.88438430987316 30.0728405294609))"
ROMEO 4,2016-11-02 01:15:00+00:00,2016-11-02 01:15:00+00:00,0.0,55000.0,"POLYGON ((146 15.4, 150 15.3, 150.2 12.5, 146.3 12.5, 146 15.4))"
ROMEO 5,2016-11-02 01:20:00+00:00,2016-11-01 05:20:00+00:00,0.0,55000.0,"POLYGON ((146 15.4, 150 15.3, 150.2 12.5, 146.3 12.5, 146 15.4))"
ROMEO 6,2016-11-02 01:22:00+00:00,2016-11-02 05:20:00+00:00,0.0,55000.0,"POLYGON ((146 15.4, 150 15.3, 150.2 12.5, 146.3 12.5, 146 15.4))"
3C,2016-11-02 01:55:00+00:00,2016-11-02 03:55:00+00:00,0.0,45000.0,"POLYGON ((-97.67806728778515 30.687326283437443, -97.40295305061021 29.25380946951011, -98.46 29.140893132790826, -97.67806728778515 30.687326283437443))"
4C,2016-11-02 01:55:00+00:00,2016-11-02 03:55:00+00:00,0.0,45000.0,"POLYGON ((-95.35455254025635 27.888727231517123, -95.18464266727983 27.783225406579795, -96.10253801129026 26.304962055218905, -96.27244788426678 26.410463880156232, -95.35455254025635 27.888727231517123))"
ECHO 1,2016-11-02 02:20:00+00:00,2016-11-02 06:20:00+00:00,0.0,49000.0,"POLYGON ((-49.45 22.45, -48 20, -54.45 18, -58.3 18, -58.15 19.45, -49.45 22.45))"
FOXTROT 1,2016-11-02 02:45:00+00:00,2016-11-02 06:45:00+00:00,0.0,40000.0,"POLYGON ((-52.3 43.15, -50.15 42.15, -52.45 36, -54 38.3, -52.3 43.15))"
MIKE 8,2016-11-02 03:15:00+00:00,2016-11-02 07:15:00+00:00,0.0,50000.0,"POLYGON ((-61.15 20.15, -59.3 18, -63 17.3, -63 15, -65.45 15.15, -61.15 20.15))"
PAPA 7,2016-11-02 03:18:00+00:00,2016-11-02 07:20:00+00:00,0.0,58000.0,"POLYGON ((137.5 13.4, 143.3 9.5, 148.3 8.5, 144.5 4.5, 140.5 8.3, 136.2 11, 137.5 13.4))"
ROMEO 7,2016-11-02 04:59:00+00:00,2016-11-02 09:00:00+00:00,0.0,53000.0,"POLYGON ((146.3 15.1, 150.3 14.3, 149.1 11.5, 146.1 12.4, 146.3 15.1))"
TANGO 1,2016-11-02 05:03:00+00:00,2016-11-02 09:05:00+00:00,0.0,49000.0,"POLYGON ((170.3 14.5, 174 12, 172.4 9.3, 167.3 12, 170.3 14.5))"
5C,2016-11-02 05:55:00+00:00,2016-11-02 07:55:00+00:00,0.0,35000.0,"POLYGON ((-90.79642786069881 42.55367246201729, -91.52516782232429 41.366263915285934, -95.80676858854973 40.32663446272757, -96.2113778388403 41.521963919710615, -90.79642786069881 42.55367246201729))"
ECHO 2,2016-11-02 06:05:00+00:00,2016-11-02 10:05:00+00:00,0.0,49000.0,"POLYGON ((-46.45 24, -44.15 22.3, -54.15 18, -59.45 18, -58.15 20, -46.45 24))"
FOXTROT 2,2016-11-02 06:05:00+00:00,2016-11-02 10:05:00+00:00,0.0,38000.0,"POLYGON ((-51.3 43.15, -48.3 34.3, -52.45 35.3, -54.15 39.15, -51.3 43.15))"
MIKE 9,2016-11-02 06:15:00+00:00,2016-11-02 10:15:00+00:00,,,"POLYGON ((-63 19.3, -60.45 19.15, -60 18, -63 17.3, -63 15, -65 15, -63 19.3))"
PAPA 8,2016-11-02 06:49:00+00:00,2016-11-02 10:50:00+00:00,0.0,58000.0,"POLYGON ((137.1 15.2, 146.5 9, 145 5.2, 135.3 11.3, 137.1 15.2))"
6C,2016-11-02 06:55:00+00:00,2016-11-02 08:55:00+00:00,0.0,36000.0,"POLYGON ((-89.58520308185031 43.24245668157649, -89.88081116211876 42.142338425455, -94.74 40.288213734418356, -95.90995413406812 41.477285171616685, -89.58520308185031 43.24245668157649))"
7C,2016-11-02 07:55:00+00:00,2016-11-02 09:55:00+00:00,0.0,36000.0,"POLYGON ((-89.58520308185031 43.24245668157649, -89.07817252824252 42.52900670127524, -93.23030524839336 40.67070790644474, -95.42631489328814 41.40485658614403, -89.58520308185031 43.24245668157649))"
ECHO 3,2016-11-02 08:20:00+00:00,2016-11-02 12:20:00+00:00,0.0,50000.0,"POLYGON ((-48.45 23.3, -47 21, -54.15 18, -57.15 18, -55.15 21.15, -48.45 23.3))"
FOXTROT 3,2016-11-02 08:20:00+00:00,2016-11-02 12:20:00+00:00,0.0,37000.0,"POLYGON ((-52.3 42.3, -49 39.45, -47.3 34.3, -52.45 35.3, -55 40, -52.3 42.3))"
MIKE 10,2016-11-02 08:20:00+00:00,2016-11-02 12:20:00+00:00,0.0,50000.0,"POLYGON ((-65.45 17.15, -63 16.15, -63 15, -65 15, -67.45 16, -65.45 17.15))"
ROMEO 8,2016-11-02 08:21:00+00:00,2016-11-02 12:25:00+00:00,0.0,55000.0,"POLYGON ((147 17.3, 150.5 12.3, 146.3 11.5, 145.2 16.5, 147 17.3))"
TANGO 2,2016-11-02 08:26:00+00:00,2016-11-02 12:30:00+00:00,0.0,53000.0,"POLYGON ((168.5 16.2, 176.5 11.4, 173.1 9, 169.2 11.4, 168.5 16.2))"
8C,2016-11-02 08:55:00+00:00,2016-11-02 10:55:00+00:00,0.0,38000.0,"POLYGON ((-89.27589307799182 43.19605311331964, -88.28 42.62089313279081, -93.02680517727897 40.96774907931428, -95.58343972390858 41.28753472877036, -89.27589307799182 43.19605311331964))"
GOLF 1,2016-11-02 09:35:00+00:00,2016-11-02 13:35:00+00:00,0.0,50000.0,"POLYGON ((-121.15 16, -123.15 10.3, -138.3 9.45, -136 14, -121.15 16))"
9C,2016-11-02 09:55:00+00:00,2016-11-02 11:55:00+00:00,0.0,38000.0,"POLYGON ((-88.91369834887188 43.30925486933729, -87.55401305430891 42.60430304248241, -93.02680517727897 40.96774907931428, -95.74 41.3363689557364, -88.91369834887188 43.30925486933729))"
UNIFORM 1,2016-11-02 10:03:00+00:00,2016-11-02 14:05:00+00:00,0.0,58000.0,"POLYGON ((130.1 15.4, 133.1 11.3, 130 9.3, 130.1 15.4))"
PAPA 9,2016-11-02 10:21:00+00:00,2016-11-02 14:25:00+00:00,0.0,58000.0,"POLYGON ((139.4 12.4, 146.3 11.5, 142.3 7, 134.5 10.2, 139.4 12.4))"
VICTOR 1,2016-11-02 10:42:00+00:00,2016-11-02 14:45:00+00:00,0.0,57000.0,"POLYGON ((143.2 2.4, 143.4 0, 141 -2.2, 141 2, 143.2 2.4))"
10C,2016-11-02 10:55:00+00:00,2016-11-02 12:55:00+00:00,0.0,38000.0,"POLYGON ((-88.1046702806863 43.4272763232635, -87.44120723243894 42.862262156768836, -93.01113208712118 40.89776633959272, -92.53221051056437 42.49900961081331, -88.1046702806863 43.4272763232635))"
ECHO 4,2016-11-02 11:40:00+00:00,2016-11-02 15:40:00+00:00,0.0,50000.0,"POLYGON ((-48.45 23.3, -47 21, -54.15 18, -57.15 18, -55.15 21.15, -48.45 23.3))"
FOXTROT 4,2016-11-02 11:40:00+00:00,2016-11-02 15:40:00+00:00,0.0,37000.0,"POLYGON ((-53.15 43.15, -49.45 43, -45.45 34, -48.45 33.45, -55 39.45, -53.15 43.15))"
MIKE 11,2016-11-02 11:40:00+00:00,2016-11-02 15:40:00+00:00,0.0,50000.0,"POLYGON ((-64.3 17, -63 16.45, -63 15, -65 15, -66 15.15, -64.3 17))"
GOLF 2,2016-11-02 11:40:00+00:00,2016-11-02 15:40:00+00:00,0.0,50000.0,"POLYGON ((-134.3 14.15, -123 14, -124.3 9.3, -136 12, -134.3 14.15))"
TANGO 3,2016-11-02 11:51:00+00:00,2016-11-02 15:55:00+00:00,0.0,53000.0,"POLYGON ((168.4 16.2, 177.1 11.2, 171.4 8.4, 168.4 16.2))"
11C,2016-11-02 11:55:00+00:00,2016-11-02 13:55:00+00:00,0.0,38000.0,"POLYGON ((-89.1258006844248 43.35724382604407, -88.62543495212239 42.504657774530514, -92.38853715007569 40.92915811231926, -91.61113895519965 42.39647121414657, -89.1258006844248 43.35724382604407))"
ROMEO 9,2016-11-02 12:02:00+00:00,2016-11-02 16:05:00+00:00,0.0,58000.0,"POLYGON ((144.4 17.4, 147.1 17.4, 151 12.3, 145.2 12, 144.4 17.4))"
WHISKEY 1,2016-11-02 12:06:00+00:00,2016-11-02 16:10:00+00:00,0.0,52000.0,"POLYGON ((135 9.1, 138.1 7.4, 132 3.3, 132 5.4, 135 9.1))"
XRAY 1,2016-11-02 12:11:00+00:00,2016-11-02 16:15:00+00:00,0.0,52000.0,"POLYGON ((157.2 20.1, 161.1 15.4, 159.3 14, 152.3 20.1, 157.2 20.1))"
PAPA 10,2016-11-02 12:16:00+00:00,2016-11-02 16:20:00+00:00,0.0,60000.0,"POLYGON ((138 14, 146.4 11.4, 143 6, 134.5 11, 138 14))"
12C,2016-11-02 12:55:00+00:00,2016-11-02 14:55:00+00:00,0.0,39000.0,"POLYGON ((-89.39210384693712 43.43875969877265, -88.0971791208329 43.06452949148198, -90.7433221269754 39.06415897446235, -92.59 39.696287181737326, -91.99617676110573 41.519354077863845, -89.39210384693712 43.43875969877265))"
13C,2016-11-02 12:55:00+00:00,2016-11-02 14:55:00+00:00,0.0,37000.0,"POLYGON ((-96.42602877245837 39.79910019985046, -99.88 36.34, -100.89944064519753 37.97520347908918, -99.53781227173737 39.47925409011883, -96.42602877245837 39.79910019985046))"
UNIFORM 2,2016-11-02 13:18:00+00:00,2016-11-02 17:20:00+00:00,0.0,58000.0,"POLYGON ((130 15.4, 133.1 13.1, 130.1 9.3, 130 15.4))"
TANGO 4,2016-11-02 13:34:00+00:00,2016-11-02 17:35:00+00:00,,,"POLYGON ((168.3 16, 171 7.3, -175.5 5, -168.3 10.3, 177.1 11.3, 168.3 16))"
VICTOR 2,2016-11-02 13:48:00+00:00,2016-11-02 17:50:00+00:00,0.0,57000.0,"POLYGON ((143.5 3.2, 146.1 0.3, 140 -2.3, 139.3 2.2, 143.5 3.2))"
14C,2016-11-02 13:55:00+00:00,2016-11-02 15:55:00+00:00,0.0,38000.0,"POLYGON ((-88.63244781712348 43.73428205655224, -85.86452526756081 43.47727608896772, -86.63662608166348 42.00484750987117, -90.48214243740559 39.59259528345068, -92.18718603452382 40.256636194455886, -88.63244781712348 43.73428205655224))"
15C,2016-11-02 13:55:00+00:00,2016-11-02 15:55:00+00:00,0.0,37000.0,"POLYGON ((-96.0089509370967 40.13615937095366, -96.87008079500339 38.33938834342322, -98.68927808233695 38.92512254310652, -97.62 39.92821373441836, -96.0089509370967 40.13615937095366))"
16C,2016-11-02 13:55:00+00:00,2016-11-02 15:55:00+00:00,0.0,42000.0,"POLYGON ((-95.12070023403847 38.330935715178, -94.96414560136206 38.20647428746821, -95.84732800620318 37.09555743941015, -96.00388263887959 37.22001886711994, -95.12070023403847 38.330935715178))"
18C,2016-11-02 14:55:00+00:00,2016-11-02 16:55:00+00:00,0.0,37000.0,"POLYGON ((-96.44914001660426 39.96448747972691, -96.25946127025612 39.90106845116448, -96.59597121580006 38.89460736131012, -96.7856499621482 38.95802638987256, -96.44914001660426 39.96448747972691))"
19C,2016-11-02 14:55:00+00:00,2016-11-02 16:55:00+00:00,0.0,40000.0,"POLYGON ((-94.68234810793875 38.45065020274313, -94.55843682259517 38.29365977830742, -95.4177107589039 37.61544173862143, -95.54162204424748 37.77243216305713, -94.68234810793875 38.45065020274313))"
17C,2016-11-02 14:55:00+00:00,2016-11-02 16:55:00+00:00,0.0,40000.0,"POLYGON ((-86.3927424669127 43.784281109779194, -86.11 42.47, -90.19653330471573 39.84496021737435, -91.88229392928886 40.0394448562058, -88.01633702160595 43.58081336797352, -86.3927424669127 43.784281109779194))"
ROMEO 10,2016-11-02 14:56:00+00:00,2016-11-02 19:00:00+00:00,0.0,58000.0,"POLYGON ((144.4 18.2, 149.4 14.3, 149.2 12, 145.2 12, 144.4 18.2))"
PAPA 11,2016-11-02 15:01:00+00:00,2016-11-02 19:05:00+00:00,0.0,60000.0,"POLYGON ((138.1 14.3, 144.1 12.2, 144 7.3, 139.1 7.3, 136.1 8.4, 134.4 13.3, 138.1 14.3))"
WHISKEY 2,2016-11-02 15:06:00+00:00,2016-11-02 19:10:00+00:00,0.0,52000.0,"POLYGON ((136.1 8.4, 138.3 7.5, 132.2 3.3, 130.5 5, 136.1 8.4))"
XRAY 2,2016-11-02 15:27:00+00:00,2016-11-02 19:30:00+00:00,0.0,55000.0,"POLYGON ((155.2 22.2, 162 14.5, 160.5 10.4, 153.1 20.3, 155.2 22.2))"
ECHO 5,2016-11-02 15:30:00+00:00,2016-11-02 19:30:00+00:00,0.0,49000.0,"POLYGON ((-49.3 23.3, -45.45 21.15, -52.45 18, -57.15 18.15, -49.3 23.3))"
FOXTROT 5,2016-11-02 15:35:00+00:00,2016-11-02 19:35:00+00:00,0.0,35000.0,"POLYGON ((-51.45 42.45, -46 33.3, -48 34, -54.3 41.45, -51.45 42.45))"
GOLF 3,2016-11-02 15:40:00+00:00,2016-11-02 19:40:00+00:00,0.0,50000.0,"POLYGON ((-133.45 14.15, -124.3 12.15, -123.3 7.3, -134 12.3, -133.45 14.15))"
20C,2016-11-02 15:55:00+00:00,2016-11-02 17:55:00+00:00,0.0,40000.0,"POLYGON ((-86.3927424669127 43.784281109779194, -84.8636102420227 42.317667541141574, -89.5090616025002 39.73819268457652, -91.58752017443607 40.08487597832706, -86.3927424669127 43.784281109779194))"
21C,2016-11-02 15:55:00+00:00,2016-11-02 17:55:00+00:00,0.0,36000.0,"POLYGON ((-94.74 38.856287181737315, -94.31974434656152 38.325201941257156, -94.8789855020372 37.96267539613876, -95.59480644036304 38.264820218020056, -94.74 38.856287181737315))"
1E,2016-11-02 16:55:00+00:00,2016-11-02 18:55:00+00:00,,,"POLYGON ((-85.4503639054314 42.85043279077984, -84.0112969828994 42.72912399533745, -83.21699599485136 42.19109894342386, -85.44213487500193 42.65060215484483, -83.95110121211715 42.71200295720841, -83.10483348371635 42.35668750310081, -83.89913447176438 42.89471255501439, -83.95933024254663 42.91183359314343, -85.4503639054314 42.85043279077984))"
2E,2016-11-02 16:55:00+00:00,2016-11-02 18:55:00+00:00,0.0,34000.0,"POLYGON ((-87.099219582433 43.483463451113145, -84.8538601431856 43.25875469601753, -85.85295190206969 42.00859694097121, -87.22850474147172 41.988043363982484, -87.099219582433 43.483463451113145))"
22C,2016-11-02 16:55:00+00:00,2016-11-02 18:55:00+00:00,0.0,40000.0,"POLYGON ((-89.67457474531089 42.07699378689661, -87.72950503498328 41.682463761697484, -88.86000000000001 40.07273791147279, -90.47620108841214 40.10189822653681, -90.8314628499243 40.92915811231926, -89.67457474531089 42.07699378689661))"
23C,2016-11-02 16:55:00+00:00,2016-11-02 18:55:00+00:00,0.0,40000.0,"POLYGON ((-92.92613039588628 40.74433598278782, -93.50683139934935 38.58423968751526, -95.44113868723264 37.62087097863539, -96.55072191766307 38.92512254310652, -95.40482350963279 40.55469215517877, -92.92613039588628 40.74433598278782))"
TANGO 5,2016-11-02 17:20:00+00:00,2016-11-02 21:20:00+00:00,0.0,55000.0,"POLYGON ((171.1 13, 171.3 7.2, -175 5.5, -174.3 10.4, 171.1 13))"
VICTOR 3,2016-11-02 17:25:00+00:00,2016-11-02 21:25:00+00:00,0.0,60000.0,"POLYGON ((141.1 3.3, 145.2 3.3, 145.3 0.2, 141.1 0.1, 141.1 3.3))"
25C,2016-11-02 17:55:00+00:00,2016-11-02 19:55:00+00:00,0.0,42000.0,"POLYGON ((-90.9959533518489 41.327364205607935, -91.02952573007354 40.310846241647965, -94.93735259738776 37.91622702658611, -96.2456102046855 38.47625077177771, -94.81230774942601 40.46041230537348, -90.9959533518489 41.327364205607935))"
24C,2016-11-02 17:55:00+00:00,2016-11-02 19:55:00+00:00,0.0,39000.0,"POLYGON ((-87.72785030834254 42.297281517676566, -87.07 41.05910686720919, -88.66029633802155 39.67616218392653, -90.4738828877305 41.15662162883213, -90.08747249589474 42.2073129730507, -87.72785030834254 42.297281517676566))"
GOLF 1,2016-11-02 17:55:00+00:00,2016-11-02 21:55:00+00:00,0.0,42000.0,"POLYGON ((-93.15 28.15, -92.3 25.45, -95 26.15, -94.15 28, -93.15 28.15))"
3E,2016-11-02 17:55:00+00:00,2016-11-02 19:55:00+00:00,0.0,30000.0,"POLYGON ((-84.00352176691368 43.663540680467825, -83.17481550353764 42.20983455795383, -86.51383999650412 41.76983709344115, -85.9639761551386 43.303540999263205, -84.00352176691368 43.663540680467825))"
PAPA 12,2016-11-02 18:40:00+00:00,2016-11-02 22:40:00+00:00,0.0,61000.0,"POLYGON ((130 16.4, 143.2 13.1, 141.1 8.1, 130 11.1, 130 16.4))"
ROMEO 11,2016-11-02 18:41:00+00:00,2016-11-02 22:41:00+00:00,0.0,60000.0,"POLYGON ((143.4 19.1, 147.1 17.2, 146 12.5, 143.2 16.2, 143.4 19.1))"
28C,2016-11-02 18:55:00+00:00,2016-11-02 20:55:00+00:00,,,"POLYGON ((-87.151632965384 40.84103440140569, -87.2231504757619 40.40930625302403, -88.80970623168929 39.48611090147628, -86.98836703461599 40.72551714793047, -87.19181127868862 40.43797989380908, -88.91029376831074 39.65897543652159, -87.32373801238334 40.58217078806934, -87.35507720945662 40.5534971472843, -87.151632965384 40.84103440140569))"
27C,2016-11-02 18:55:00+00:00,2016-11-02 20:55:00+00:00,0.0,45000.0,"POLYGON ((-90.94340360303434 41.51807540591529, -90.4034503182134 40.90246580203209, -94.93735259738776 37.91622702658611, -95.9250718140011 38.90197705906824, -94.81230774942601 40.46041230537348, -90.94340360303434 41.51807540591529))"
4E,2016-11-02 18:55:00+00:00,2016-11-02 20:55:00+00:00,0.0,29000.0,"POLYGON ((-84.63115367244366 43.36269927780822, -82.99980727286422 43.0552041205403, -83.44485239644435 42.343541831278145, -85.27528136461888 42.38908105611248, -84.63115367244366 43.36269927780822))"
26C,2016-11-02 18:55:00+00:00,2016-11-02 20:55:00+00:00,0.0,37000.0,"POLYGON ((-87.59973114759555 42.523875247731574, -86.73317346065302 42.07594320006043, -88.24592033404554 41.68354238867399, -89.80963439524919 42.119843486102276, -87.59973114759555 42.523875247731574))"
XRAY 3,2016-11-02 19:20:00+00:00,2016-11-02 23:20:00+00:00,0.0,55000.0,"POLYGON ((158.3 20.1, 162.1 10.1, 157.3 10.2, 154.3 19.5, 158.3 20.1))"
ECHO 6,2016-11-02 19:30:00+00:00,2016-11-02 23:30:00+00:00,0.0,50000.0,"POLYGON ((-49.15 24.15, -47.15 21.45, -52 18, -56.3 18, -49.15 24.15))"
29C,2016-11-02 19:55:00+00:00,2016-11-02 21:55:00+00:00,0.0,45000.0,"POLYGON ((-89.93147358145684 41.77431797741142, -89.9251264434277 40.544692326261334, -92.52094784803768 38.57433215630024, -95.19371570197417 38.936195495893685, -94.74 39.78910686720918, -89.93147358145684 41.77431797741142))"
6E,2016-11-02 19:55:00+00:00,2016-11-02 21:55:00+00:00,0.0,37000.0,"POLYGON ((-86.26065087050897 42.73703387601218, -86.25937044758639 42.20277051521556, -87.51098502797814 41.9893433239012, -87.2067375596379 42.49905987712549, -86.26065087050897 42.73703387601218))"
5E,2016-11-02 19:55:00+00:00,2016-11-02 21:55:00+00:00,0.0,30000.0,"POLYGON ((-83.45964850807303 43.17411280195426, -82.56872375234319 42.99276779644069, -82.82759876727022 42.37469909484316, -83.46150614892191 42.76520756241165, -83.45964850807303 43.17411280195426))"
30C,2016-11-02 19:55:00+00:00,2016-11-02 21:55:00+00:00,0.0,41000.0,"POLYGON ((-86.78623711489999 40.74303121305833, -86.64936777884941 40.597199855493926, -87.58071874692924 39.72308477654157, -87.71758808297982 39.86891613410597, -86.78623711489999 40.74303121305833))"
32C,2016-11-02 20:55:00+00:00,2016-11-02 22:55:00+00:00,0.0,40000.0,"POLYGON ((-101.07640734761652 35.09769193820022, -100.1472754724483 34.48755781715684, -101.04325951123346 32.47446493334528, -102.49236913390017 32.624461259451536, -101.07640734761652 35.09769193820022))"
31C,2016-11-02 20:55:00+00:00,2016-11-02 22:55:00+00:00,0.0,45000.0,"POLYGON ((-87.55401305430891 42.60430304248241, -87.8823380048115 40.81182761934112, -91.76483115764017 39.16204101951247, -94.49482410959068 38.82862744943462, -94.40802657896914 39.90435025851825, -87.55401305430891 42.60430304248241))"
7E,2016-11-02 20:55:00+00:00,2016-11-02 22:55:00+00:00,0.0,40000.0,"POLYGON ((-85.95382503406937 40.837642784409326, -85.836803952338 40.675451334479234, -87.19148945913432 39.69804615387675, -87.30851054086568 39.860237603806844, -85.95382503406937 40.837642784409326))"
ECHO 7,2016-11-02 21:15:00+00:00,2016-11-03 01:15:00+00:00,0.0,50000.0,"POLYGON ((-49.45 26.45, -46.3 23.45, -52 18, -55.45 18, -57.45 19, -49.45 26.45))"
GOLF 2,2016-11-02 21:15:00+00:00,2016-11-03 01:15:00+00:00,0.0,46000.0,"POLYGON ((-93.45 28.15, -92.45 26.3, -94 25.3, -95.3 26.45, -95.15 27.3, -93.45 28.15))"
TANGO 6,2016-11-02 21:19:00+00:00,2016-11-03 01:19:00+00:00,0.0,56000.0,"POLYGON ((173 12, 174.4 7, -175.2 6.3, -175.2 10.2, 173 12))"
VICTOR 4,2016-11-02 21:23:00+00:00,2016-11-03 01:23:00+00:00,0.0,58000.0,"POLYGON ((146 3.3, 145.2 0, 140.5 0.1, 141 3.1, 146 3.3))"
HOTEL 1,2016-11-02 21:30:00+00:00,2016-11-03 01:30:00+00:00,0.0,43000.0,"POLYGON ((-48 44, -43.3 36.15, -46.3 34.45, -53 41.45, -48 44))"
33C,2016-11-02 21:55:00+00:00,2016-11-02 23:55:00+00:00,0.0,45000.0,"POLYGON ((-87.46645112502897 42.75771462468085, -87.23683959673106 40.25246995648002, -91.62983054695427 38.61751372798924, -94.14583369759065 39.09748809249021, -89.93147358145684 41.77431797741142, -87.46645112502897 42.75771462468085))"
34C,2016-11-02 21:55:00+00:00,2016-11-02 23:55:00+00:00,0.0,42000.0,"POLYGON ((-100.67925961707753 35.13790991212499, -99.73007728562416 34.55972590121787, -100.59088404073808 32.73255585949597, -103.31509364846833 32.02368281254393, -100.67925961707753 35.13790991212499))"
PAPA 13,2016-11-02 22:35:00+00:00,2016-11-03 02:35:00+00:00,0.0,62000.0,"POLYGON ((130 17.2, 140 14.3, 140.5 10.1, 135.1 6.4, 130 12, 130 17.2))"
ROMEO 12,2016-11-02 22:38:00+00:00,2016-11-03 02:38:00+00:00,0.0,62000.0,"POLYGON ((142.1 19.2, 146.5 19.1, 146.3 15.1, 142.4 15.5, 142.1 19.2))"
36C,2016-11-02 22:55:00+00:00,2016-11-03 00:55:00+00:00,0.0,45000.0,"POLYGON ((-99.88 35.50815522131804, -99.05581319254978 34.911354228350376, -101.09787813297265 32.38732440247264, -103.24000000000001 32.03636895573639, -99.88 35.50815522131804))"
35C,2016-11-02 22:55:00+00:00,2016-11-03 00:55:00+00:00,0.0,45000.0,"POLYGON ((-86.65466167546872 42.63468739605638, -86.68941503812843 40.559375566645464, -90.87215697683632 38.55266168855981, -92.96210708252156 38.80765284953668, -89.5354260749656 42.394004667158256, -86.65466167546872 42.63468739605638))"
GOLF 3,2016-11-02 23:35:00+00:00,2016-11-03 03:35:00+00:00,0.0,48000.0,"POLYGON ((-95.15 27.3, -94.15 26.15, -94.45 25.3, -96 26, -95.15 27.3))"
38C,2016-11-02 23:55:00+00:00,2016-11-03 01:55:00+00:00,0.0,45000.0,"POLYGON ((-99.41128249217098 35.41685161315762, -98.53910043496457 35.0780278862356, -100.45164794601058 32.47861617517567, -102.82282950156774 32.222241238755984, -99.41128249217098 35.41685161315762))"
37C,2016-11-02 23:55:00+00:00,2016-11-03 01:55:00+00:00,0.0,45000.0,"POLYGON ((-88.45357670533166 42.81245866865029, -85.66000234828692 42.672247881938034, -85.80890044901804 40.507776101364, -90.15574397829279 38.24473038299266, -92.41742883427916 38.873500595367005, -88.45357670533166 42.81245866865029))"
ECHO 8,2016-11-03 01:15:00+00:00,2016-11-03 05:15:00+00:00,0.0,50000.0,"POLYGON ((-50.15 28.3, -45.15 24.15, -51.3 19.45, -56.45 18, -50.15 28.3))"
HOTEL 2,2016-11-03 01:15:00+00:00,2016-11-03 05:15:00+00:00,0.0,42000.0,"POLYGON ((-53 45, -48.15 45, -45.15 37.3, -47.45 36.3, -53 45))"
TANGO 7,2016-11-03 01:15:00+00:00,2016-11-03 05:15:00+00:00,0.0,53000.0,"POLYGON ((173.1 12.1, 173.1 7.1, 179.5 6.4, -175.5 10.1, 173.1 12.1))"
3C,2016-11-03 01:21:00+00:00,2016-11-03 02:55:00+00:00,0.0,45000.0,"POLYGON ((-95.19831207879226 39.64202576871947, -93.66524729358947 39.28505953289656, -93.90112536660898 38.45953019651482, -95.94386493464518 37.74588626897627, -95.19831207879226 39.64202576871947))"
1C,2016-11-03 01:21:00+00:00,2016-11-03 02:55:00+00:00,0.0,45000.0,"POLYGON ((-85.08196186885836 42.66190550632833, -85.44124887024759 40.5186115957699, -89.90556695461525 38.28437682959165, -92.61379952498703 38.682005218409664, -87.55401305430891 42.60430304248241, -85.08196186885836 42.66190550632833))"
2C,2016-11-03 01:21:00+00:00,2016-11-03 02:55:00+00:00,0.0,45000.0,"POLYGON ((-99.4886480282956 35.570835321443745, -97.74453267894421 35.51755458119784, -100.04207678089301 32.4162022834118, -102.32891281900154 32.12756494166114, -99.4886480282956 35.570835321443745))"
6C,2016-11-03 01:55:00+00:00,2016-11-03 03:55:00+00:00,0.0,45000.0,"POLYGON ((-98.15575415148106 35.8886533207165, -97.02605662701379 34.92807751174218, -99.30507695439212 32.00821909695236, -102.60781519748672 32.36223752213527, -98.15575415148106 35.8886533207165))"
1E,2016-11-03 01:55:00+00:00,2016-11-03 03:55:00+00:00,0.0,39000.0,"POLYGON ((-86.73317346065302 42.07594320006043, -84.80918819629257 42.27677805635217, -84.61550745089905 40.97857405759703, -86.92377108848876 40.82704028341928, -86.73317346065302 42.07594320006043))"
4C,2016-11-03 01:55:00+00:00,2016-11-03 03:55:00+00:00,0.0,40000.0,"POLYGON ((-90.1213700995144 39.52728486223156, -87.62466227622973 39.48939880328354, -89.57976962401973 38.17935619437982, -92.5910596539899 38.80941320139817, -90.1213700995144 39.52728486223156))"
5C,2016-11-03 01:55:00+00:00,2016-11-03 03:55:00+00:00,0.0,45000.0,"POLYGON ((-93.8737124970061 39.56342119983033, -93.33313006379842 38.80471907623266, -95.47966640157568 37.69393695083928, -95.3003809754417 39.28865691145, -93.8737124970061 39.56342119983033))"
ROMEO 13,2016-11-03 02:33:00+00:00,2016-11-03 06:33:00+00:00,0.0,60000.0,"POLYGON ((141.4 20.1, 145.4 18.3, 142.4 15, 140 17.1, 141.4 20.1))"
2E,2016-11-03 02:55:00+00:00,2016-11-03 04:55:00+00:00,0.0,39000.0,"POLYGON ((-83.28425231237547 42.056263150840856, -83.70305770929122 40.904333222805995, -85.19 40.48089313279081, -85.31999699070694 41.87906912466561, -83.28425231237547 42.056263150840856))"
7C,2016-11-03 02:55:00+00:00,2016-11-03 04:55:00+00:00,0.0,40000.0,"POLYGON ((-89.87166285697703 39.32898979095147, -88.86000000000001 38.74178626558165, -90.88446096211575 38.090774588035934, -92.22 39.14273791147279, -89.87166285697703 39.32898979095147))"
9C,2016-11-03 02:55:00+00:00,2016-11-03 04:55:00+00:00,0.0,43000.0,"POLYGON ((-96.96190315725353 36.664515092459496, -96.85977915287548 34.82442983641846, -100.75024110378601 31.98447010861638, -101.34746298487735 33.22816109639338, -96.96190315725353 36.664515092459496))"
8C,2016-11-03 02:55:00+00:00,2016-11-03 04:55:00+00:00,0.0,45000.0,"POLYGON ((-93.50369904681344 39.42054656084466, -92.61379952498703 38.682005218409664, -95.44113868723264 37.62087097863539, -95.066194712055 38.67472345586934, -93.50369904681344 39.42054656084466))"
ROMEO 14,2016-11-03 03:37:00+00:00,2016-11-03 07:37:00+00:00,0.0,60000.0,"POLYGON ((143.4 20.3, 149.4 15.5, 143.4 14.2, 139.4 17.2, 143.4 20.3))"
12C,2016-11-03 03:55:00+00:00,2016-11-03 05:55:00+00:00,0.0,43000.0,"POLYGON ((-96.74623662550218 36.51453602298755, -96.85977915287548 34.82442983641846, -98.47955100329553 32.472466311721895, -100.67480715475048 31.830918703017723, -100.70336386541864 33.1830360781015, -96.74623662550218 36.51453602298755))"
11C,2016-11-03 03:55:00+00:00,2016-11-03 05:55:00+00:00,0.0,45000.0,"POLYGON ((-91.60878250778917 39.234714308624795, -90.05269365850437 38.85922152146604, -95.82626071799193 37.1583523586101, -93.94850240249657 39.03264914438195, -91.60878250778917 39.234714308624795))"
3E,2016-11-03 03:55:00+00:00,2016-11-03 05:55:00+00:00,0.0,39000.0,"POLYGON ((-84.08877747447316 41.986452093437684, -82.95795026185064 41.90257928805079, -83.33729383420024 40.509177789005754, -84.66056768946744 40.81281257039232, -84.08877747447316 41.986452093437684))"
10C,2016-11-03 03:55:00+00:00,2016-11-03 05:55:00+00:00,0.0,40000.0,"POLYGON ((-103.75476484491301 33.33700027887002, -102.39917984651737 33.290126560435304, -103.48021495172051 31.665319956282254, -104.18705201585314 32.19844157651734, -103.75476484491301 33.33700027887002))"
TANGO 8,2016-11-03 04:22:00+00:00,2016-11-03 08:25:00+00:00,0.0,51000.0,"POLYGON ((172.2 13.3, 180 10.5, 177.1 6, 171 7.5, 172.2 13.3))"
ECHO 9,2016-11-03 04:50:00+00:00,2016-11-03 08:50:00+00:00,0.0,50000.0,"POLYGON ((-50.3 22, -52.3 18, -55.45 18, -54.3 22, -50.3 22))"
4E,2016-11-03 04:55:00+00:00,2016-11-03 06:55:00+00:00,0.0,39000.0,"POLYGON ((-83.19891885619079 41.90246278432584, -82.3232104826181 41.77195542625486, -82.33840466709324 40.61084336220145, -83.41876727940074 40.75890748899042, -83.19891885619079 41.90246278432584))"
14C,2016-11-03 04:55:00+00:00,2016-11-03 06:55:00+00:00,0.0,45000.0,"POLYGON ((-91.7373489965223 39.49617779744893, -90.28278556695064 38.79616746247637, -94.1683375779416 37.654739755511116, -94.1893425250018 38.50489822532337, -91.7373489965223 39.49617779744893))"
15C,2016-11-03 04:55:00+00:00,2016-11-03 06:55:00+00:00,0.0,43000.0,"POLYGON ((-95.496148867795 37.39491327758134, -95.007296528641 37.09617730117715, -97.11593407224008 33.02368194409851, -100.03509570923327 31.72225441977049, -98.53910043496457 35.0780278862356, -95.496148867795 37.39491327758134))"
13C,2016-11-03 04:55:00+00:00,2016-11-03 06:55:00+00:00,0.0,40000.0,"POLYGON ((-101.77658437637206 33.96706061871412, -103.37067112775573 32.13706547705658, -103.96709781949214 32.481295888555984, -103.81807113138879 33.61404962163371, -101.77658437637206 33.96706061871412))"
HOTEL 3,2016-11-03 05:05:00+00:00,2016-11-03 09:05:00+00:00,0.0,45000.0,"POLYGON ((-47.3 43, -45 36.3, -47.15 35.15, -50.3 42.3, -47.3 43))"
17C,2016-11-03 05:55:00+00:00,2016-11-03 07:55:00+00:00,0.0,42000.0,"POLYGON ((-91.60878250778917 39.234714308624795, -88.66356709369279 38.63240449095374, -92.70207428009383 37.35834037981982, -94.49 37.93726208852723, -91.60878250778917 39.234714308624795))"
18C,2016-11-03 05:55:00+00:00,2016-11-03 07:55:00+00:00,0.0,43000.0,"POLYGON ((-94.903851132205 37.39491327758134, -96.35670613636886 35.319203887459075, -96.85712854346271 32.80620030559476, -99.48581379554406 31.710921348917907, -97.09376428761767 36.34715600899554, -94.903851132205 37.39491327758134))"
16C,2016-11-03 05:55:00+00:00,2016-11-03 07:55:00+00:00,0.0,41000.0,"POLYGON ((-101.34126680286359 34.16926133255488, -103.43590122542734 31.869849829231605, -104.33043514958486 32.247349795247345, -103.14676253323326 33.884796373472774, -101.34126680286359 34.16926133255488))"
5E,2016-11-03 05:55:00+00:00,2016-11-03 07:55:00+00:00,0.0,39000.0,"POLYGON ((-81.19283842081748 42.29309612260144, -81.63001918244842 41.01909137011609, -82.8818260480643 40.68389980054622, -82.83044159239104 42.04275905949261, -81.19283842081748 42.29309612260144))"
21C,2016-11-03 06:55:00+00:00,2016-11-03 08:55:00+00:00,0.0,43000.0,"POLYGON ((-95.93574456024058 35.1573105992013, -97.04448137796491 32.12091646371472, -99.54685430981941 31.685170580762918, -97.17 34.70910686720918, -95.93574456024058 35.1573105992013))"
20C,2016-11-03 06:55:00+00:00,2016-11-03 08:55:00+00:00,0.0,42000.0,"POLYGON ((-91.03286830212875 39.3886222815668, -88.81587468852331 38.74879147538694, -95.4084329198508 36.32672812301073, -95.64078417945574 36.80626036111646, -91.03286830212875 39.3886222815668))"
19C,2016-11-03 06:55:00+00:00,2016-11-03 08:55:00+00:00,0.0,42000.0,"POLYGON ((-101.5400498026955 34.00613045593652, -103.3971812982039 31.814578414075342, -104.02873830210861 32.14419121934785, -102.84 34.066287181737316, -101.5400498026955 34.00613045593652))"
ROMEO 15,2016-11-03 07:13:00+00:00,2016-11-03 11:15:00+00:00,0.0,60000.0,"POLYGON ((148.2 19.4, 150 13.3, 143.1 11, 143.4 18, 148.2 19.4))"
ECHO 10,2016-11-03 07:40:00+00:00,2016-11-03 11:40:00+00:00,0.0,50000.0,"POLYGON ((-51.3 22.3, -48.3 22.3, -51 18, -55 18, -51.3 22.3))"
24C,2016-11-03 07:55:00+00:00,2016-11-03 09:55:00+00:00,0.0,43000.0,"POLYGON ((-95.12722502915673 35.069557281536504, -96.9085024222498 31.96617200012962, -99.66553334290995 31.644238337671577, -96.90068661444205 34.743970776965554, -95.12722502915673 35.069557281536504))"
23C,2016-11-03 07:55:00+00:00,2016-11-03 09:55:00+00:00,0.0,42000.0,"POLYGON ((-90.08451116624401 38.98666700716526, -88.93527199690422 38.30616917082372, -94.94517724369466 36.24716639307991, -95.43821464501731 36.698646392483575, -90.08451116624401 38.98666700716526))"
22C,2016-11-03 07:55:00+00:00,2016-11-03 09:55:00+00:00,0.0,42000.0,"POLYGON ((-101.19809839413887 34.28616516678981, -101.16812651666069 31.113332600325847, -103.79128571636821 31.398247518812603, -103.14676253323326 33.884796373472774, -101.19809839413887 34.28616516678981))"
ZULU 1,2016-11-03 08:11:00+00:00,2016-11-03 12:15:00+00:00,0.0,58000.0,"POLYGON ((138.2 8.3, 132 3.3, 127.1 5.5, 130 8.1, 138.2 8.3))"
27C,2016-11-03 08:55:00+00:00,2016-11-03 10:55:00+00:00,0.0,40000.0,"POLYGON ((-95.78000000000002 33.685417309845256, -96.90933687124432 31.53215948732113, -99.3718951923035 31.52146193936616, -97.46187526428372 33.2222144348305, -95.78000000000002 33.685417309845256))"
25C,2016-11-03 08:55:00+00:00,2016-11-03 10:55:00+00:00,0.0,42000.0,"POLYGON ((-101.29776371277072 34.365870142024995, -100.58760881892944 31.25228592573746, -103.38943932238419 31.562502829677296, -103.22276016315152 33.730877293526476, -101.29776371277072 34.365870142024995))"
26C,2016-11-03 08:55:00+00:00,2016-11-03 10:55:00+00:00,0.0,41000.0,"POLYGON ((-89.62569853788277 38.58025793720122, -88.43938168066373 38.14934934120276, -92.3262151927426 37.02380151597955, -94.00414721032011 37.57938910207994, -89.62569853788277 38.58025793720122))"
HOTEL 4,2016-11-03 09:00:00+00:00,2016-11-03 13:00:00+00:00,0.0,45000.0,"POLYGON ((-46 42.15, -44.3 35.3, -46.45 35, -49 42, -46 42.15))"
29C,2016-11-03 09:55:00+00:00,2016-11-03 11:55:00+00:00,0.0,44000.0,"POLYGON ((-99.82 29.76815522131804, -99.39981812687665 28.81320377378853, -99.8542527298541 28.40155436335463, -100.90482204762758 29.242291604303684, -99.82 29.76815522131804))"
30C,2016-11-03 09:55:00+00:00,2016-11-03 11:55:00+00:00,0.0,40000.0,"POLYGON ((-95.46665037808015 33.502163881353276, -96.7293765706888 31.467860282199958, -98.44269904503261 31.65463822396303, -97.04 33.20273791147279, -95.46665037808015 33.502163881353276))"
28C,2016-11-03 09:55:00+00:00,2016-11-03 11:55:00+00:00,0.0,44000.0,"POLYGON ((-100.55641699438017 33.835446336224685, -99.49637630766459 31.267430369596138, -102.19 31.57628718173731, -102.71013926007012 33.420794420904464, -100.55641699438017 33.835446336224685))"
ROMEO 16,2016-11-03 10:52:00+00:00,2016-11-03 14:55:00+00:00,0.0,60000.0,"POLYGON ((148.3 20.5, 149.5 14.5, 144 9.2, 140.3 9.3, 143.3 18.3, 148.3 20.5))"
32C,2016-11-03 10:55:00+00:00,2016-11-03 12:55:00+00:00,0.0,44000.0,"POLYGON ((-99.82 30.16628718173732, -99.07334718953754 29.417289366308122, -99.85349460982958 29.024918812780733, -100.65258948623554 29.462175682880737, -99.82 30.16628718173732))"
31C,2016-11-03 10:55:00+00:00,2016-11-03 12:55:00+00:00,0.0,43000.0,"POLYGON ((-101.5400498026955 34.00613045593652, -100.02358300561984 33.835446336224685, -99.22300898764706 31.10977313324061, -100.68997994029525 31.574230858179476, -101.5400498026955 34.00613045593652))"
ZULU 2,2016-11-03 10:56:00+00:00,2016-11-03 15:00:00+00:00,0.0,58000.0,"POLYGON ((130 8.2, 141.1 8.2, 137 3.3, 126 3.4, 130 8.2))"
34C,2016-11-03 11:55:00+00:00,2016-11-03 13:55:00+00:00,0.0,44000.0,"POLYGON ((-99.6279638327521 30.199160574723766, -98.9202635831098 29.473230702257037, -99.85349460982958 29.024918812780733, -100.41705720893509 29.666216683326294, -99.6279638327521 30.199160574723766))"
33C,2016-11-03 11:55:00+00:00,2016-11-03 13:55:00+00:00,0.0,40000.0,"POLYGON ((-100.93556148510531 34.147004440261796, -99.95750057723825 33.701718788155844, -99.22300898764706 31.10977313324061, -101.82953261555004 31.702808819711098, -100.93556148510531 34.147004440261796))"
ALFA 1,2016-11-03 12:40:00+00:00,2016-11-03 16:40:00+00:00,0.0,51000.0,"POLYGON ((-133.15 14.15, -130.3 12.15, -138 8, -139.45 10.45, -133.15 14.15))"
HOTEL 5,2016-11-03 12:55:00+00:00,2016-11-03 16:55:00+00:00,0.0,41000.0,"POLYGON ((-47 39.3, -45.15 39.15, -46.15 33.3, -47.3 33.45, -47 39.3))"
35C,2016-11-03 12:55:00+00:00,2016-11-03 14:55:00+00:00,0.0,40000.0,"POLYGON ((-99.38587799112418 32.31313634842084, -98.2148777297038 31.988470197374934, -98.45888982187869 31.654489144548613, -99.59920679219245 31.945466333241697, -99.38587799112418 32.31313634842084))"
BRAVO 1,2016-11-03 13:55:00+00:00,2016-11-03 17:55:00+00:00,34000.0,39000.0,"POLYGON ((-170.15 46.3, -160.15 42.3, -162 40.15, -172.45 44.45, -170.15 46.3))"
ROMEO 17,2016-11-03 14:07:00+00:00,2016-11-03 18:10:00+00:00,0.0,60000.0,"POLYGON ((149.1 20.5, 149.3 13.4, 144 9, 141.4 9.3, 142.4 19.3, 149.1 20.5))"
ZULU 3,2016-11-03 14:11:00+00:00,2016-11-03 18:15:00+00:00,0.0,58000.0,"POLYGON ((130.1 10.4, 139 8.4, 135.4 3.3, 130 3.4, 130.1 10.4))"
36C,2016-11-03 14:55:00+00:00,2016-11-03 16:55:00+00:00,0.0,39000.0,"POLYGON ((-98.67674048876654 32.47446493334528, -98.24726069029435 31.656276482818313, -98.92420381391062 30.915265457665612, -99.56014927195703 31.86482466735543, -98.67674048876654 32.47446493334528))"
1W,2016-11-03 14:55:00+00:00,2016-11-03 16:55:00+00:00,0.0,29000.0,"POLYGON ((-109.94670223593637 34.41735189788637, -108.58229392682102 34.22773358623716, -109.14 33.58815522131804, -111.63513227919391 34.197931359902654, -109.94670223593637 34.41735189788637))"
37C,2016-11-03 15:55:00+00:00,2016-11-03 17:55:00+00:00,0.0,40000.0,"POLYGON ((-97.96857722957505 31.951748666130804, -97.8297656974707 31.807764783161765, -98.81635094321771 30.856620761416377, -98.95516247532206 31.000604644385415, -97.96857722957505 31.951748666130804))"
2W,2016-11-03 15:55:00+00:00,2016-11-03 17:55:00+00:00,0.0,29000.0,"POLYGON ((-111.17326338073795 34.75274634570805, -108.65329194373471 34.585011350100174, -109.7457994630802 32.67797933545631, -112.74981219158478 32.814496994973155, -111.17326338073795 34.75274634570805))"
3W,2016-11-03 16:55:00+00:00,2016-11-03 18:55:00+00:00,0.0,29000.0,"POLYGON ((-108.75050101323166 35.187908757505994, -109.81943066714197 32.73933062199207, -112.85896961345105 32.72132702057688, -112.44461352861508 33.78219915629363, -108.75050101323166 35.187908757505994))"
HOTEL 6,2016-11-03 16:55:00+00:00,2016-11-03 20:55:00+00:00,0.0,39000.0,"POLYGON ((-48 44.3, -45.15 44, -45.3 34.3, -47.45 34.3, -46.45 41.15, -48 44.3))"
INDIA 1,2016-11-03 17:05:00+00:00,2016-11-03 21:05:00+00:00,0.0,48000.0,"POLYGON ((-64.45 16.45, -63 16.3, -63 15, -65.3 15, -64.45 16.45))"
ROMEO 18,2016-11-03 17:34:00+00:00,2016-11-03 21:35:00+00:00,0.0,60000.0,"POLYGON ((141.2 20, 148.2 19.4, 146 13.5, 142.2 15.5, 141.2 20))"
39C,2016-11-03 17:55:00+00:00,2016-11-03 19:55:00+00:00,0.0,41000.0,"POLYGON ((-98.89263092342858 31.65281068444806, -97.85636643938678 31.658659501556194, -97.35171469011938 30.44354562620676, -98.99154167604539 29.829940069245925, -98.89263092342858 31.65281068444806))"
4W,2016-11-03 17:55:00+00:00,2016-11-03 19:55:00+00:00,0.0,29000.0,"POLYGON ((-108.63850873037906 35.66280051735251, -110.12856542215987 33.59252817655952, -113.41290153904824 32.764402893294545, -112.90744980822431 34.346330933610005, -108.63850873037906 35.66280051735251))"
38C,2016-11-03 17:55:00+00:00,2016-11-03 19:55:00+00:00,0.0,35000.0,"POLYGON ((-101.50435974024575 31.071345142015804, -99.7838418736294 30.404092180907686, -99.85615812637059 30.21762406140874, -101.57667599298694 30.884877022516857, -101.50435974024575 31.071345142015804))"
ZULU 4,2016-11-03 17:58:00+00:00,2016-11-03 22:00:00+00:00,0.0,55000.0,"POLYGON ((136 7.1, 134 4, 132 3.5, 132 5.5, 136 7.1))"
40C,2016-11-03 18:55:00+00:00,2016-11-03 20:55:00+00:00,0.0,41000.0,"POLYGON ((-98.03274124290867 30.37903769269292, -97.88438430987316 30.0728405294609, -98.92178334766544 29.80517478812073, -99.2007154583307 30.377233831140668, -98.03274124290867 30.37903769269292))"
5W,2016-11-03 18:55:00+00:00,2016-11-03 20:55:00+00:00,0.0,29000.0,"POLYGON ((-109.76344070127018 34.92955674922092, -110.00013266085581 33.70139268994711, -111.50031362751704 33.42891638106592, -112.27908957585319 34.299136502125464, -109.76344070127018 34.92955674922092))"
41C,2016-11-03 19:55:00+00:00,2016-11-03 21:55:00+00:00,0.0,41000.0,"POLYGON ((-98.81226198708126 30.59611693205037, -97.76749352012266 30.584239451567086, -98.10606777537865 29.946211356063923, -98.46 29.78457093942089, -98.81226198708126 30.59611693205037))"
6W,2016-11-03 19:55:00+00:00,2016-11-03 21:55:00+00:00,0.0,32000.0,"POLYGON ((-112.02000000000001 32.707145302895526, -111.1067940988116 32.50054636465623, -111.08066117053436 32.099885584900015, -111.933937096826 32.09588122317016, -112.02000000000001 32.707145302895526))"
JULIETT 1,2016-11-03 20:10:00+00:00,2016-11-04 00:10:00+00:00,0.0,45000.0,"POLYGON ((-44.3 35.45, -40.3 31, -45.15 29.15, -49.3 32, -44.3 35.45))"
43C,2016-11-03 20:55:00+00:00,2016-11-03 22:55:00+00:00,,,"POLYGON ((-92.17546801730087 34.73059163221848, -93.98496267666296 33.85785462158127, -94.02711125430706 33.81949662034913, -94.81027121517884 32.52328043160568, -93.89807843896038 33.67771265190501, -92.0885837795983 34.55044966254222, -94.63908982218807 32.41985446439369, -93.85592986131628 33.71607065313714, -92.17546801730087 34.73059163221848))"
46C,2016-11-03 20:55:00+00:00,2016-11-03 22:55:00+00:00,0.0,39000.0,"POLYGON ((-98.48720888972468 28.278039698772762, -97.36785717513483 28.053686085679313, -98.23353070735729 27.191886878900338, -98.48720888972468 28.278039698772762))"
42C,2016-11-03 20:55:00+00:00,2016-11-03 22:55:00+00:00,0.0,45000.0,"POLYGON ((-95.41168226960346 31.74635559768264, -97.75440824719634 29.383466091862633, -98.46 30.13910686720918, -98.05181607095312 31.657616916745877, -95.41168226960346 31.74635559768264))"
7W,2016-11-03 20:55:00+00:00,2016-11-03 22:55:00+00:00,0.0,36000.0,"POLYGON ((-112.02000000000001 33.097262088527216, -111.28899209237493 32.86796090445456, -111.0486924246094 31.982283803789898, -112.54753214818344 32.35294631161798, -112.02000000000001 33.097262088527216))"
8W,2016-11-03 20:55:00+00:00,2016-11-03 22:55:00+00:00,0.0,27000.0,"POLYGON ((-110.22178842538176 35.529193221970885, -111.31037042264514 34.01618594140596, -112.32733884226828 34.0444411628553, -111.36464736632546 35.249692676198656, -110.22178842538176 35.529193221970885))"
44C,2016-11-03 20:55:00+00:00,2016-11-03 22:55:00+00:00,0.0,42000.0,"POLYGON ((-93.73220328294084 36.04231547330074, -91.1454095910741 35.80872243655221, -91.16339683205891 35.60953293090055, -93.75019052392565 35.84312596764908, -93.73220328294084 36.04231547330074))"
45C,2016-11-03 20:55:00+00:00,2016-11-03 22:55:00+00:00,0.0,39000.0,"POLYGON ((-98.9333489642506 30.148066660107656, -98.93143710817296 29.948075798300575, -101.08854414353746 29.927454465113705, -101.0904559996151 30.127445326920785, -98.9333489642506 30.148066660107656))"
ROMEO 19,2016-11-03 21:28:00+00:00,2016-11-04 01:30:00+00:00,0.0,60000.0,"POLYGON ((147.3 21, 149.5 18.2, 141.4 13.3, 143.1 18.4, 147.3 21))"
49C,2016-11-03 21:55:00+00:00,2016-11-03 23:55:00+00:00,0.0,44000.0,"POLYGON ((-92.63709843920913 35.71216763093765, -90.4510156402598 35.28311747251959, -90.48953367187109 35.08686161594254, -92.67561647082042 35.515911774360596, -92.63709843920913 35.71216763093765))"
50C,2016-11-03 21:55:00+00:00,2016-11-03 23:55:00+00:00,0.0,43000.0,"POLYGON ((-98.94443258211257 30.147343830331028, -98.92035349031099 29.948798628077203, -101.22902745947427 29.668808118045515, -101.25310655127585 29.86735332029934, -98.94443258211257 30.147343830331028))"
51C,2016-11-03 21:55:00+00:00,2016-11-03 23:55:00+00:00,0.0,42000.0,"POLYGON ((-96.62759522498327 29.42745916883786, -96.436544631248 29.027073305853563, -97.44 28.333712818262683, -98.77618674017862 28.971794441106947, -96.62759522498327 29.42745916883786))"
48C,2016-11-03 21:55:00+00:00,2016-11-03 23:55:00+00:00,0.0,33000.0,"POLYGON ((-91.93198773727069 34.475294468650624, -93.10805417483827 33.56613958080594, -93.73563767879519 34.17738243076366, -91.93198773727069 34.475294468650624))"
9W,2016-11-03 21:55:00+00:00,2016-11-03 23:55:00+00:00,0.0,33000.0,"POLYGON ((-112.08619059198524 33.29641628318709, -111.23896544654028 32.76740605003088, -111.06757498456776 32.04457754643591, -113.65047666238074 32.43446710888436, -112.08619059198524 33.29641628318709))"
10W,2016-11-03 21:55:00+00:00,2016-11-03 23:55:00+00:00,0.0,27000.0,"POLYGON ((-110.04655207968969 35.312339541157044, -110.43733602317822 33.96747424847214, -112.24896360540937 34.23866700707154, -111.74254047299053 35.374692502105454, -110.04655207968969 35.312339541157044))"
47C,2016-11-03 21:55:00+00:00,2016-11-03 23:55:00+00:00,0.0,44000.0,"POLYGON ((-97.73991660398795 31.493164173231474, -95.18907578375436 31.325124646740996, -97.99973641689019 29.473230702257037, -98.30631668906017 30.65433015930736, -97.73991660398795 31.493164173231474))"
11W,2016-11-03 22:55:00+00:00,2016-11-04 00:55:00+00:00,,,"POLYGON ((-114.2083826419926 32.71265577751744, -112.123464538135 33.36043496316199, -109.3016562790794 32.06745141795266, -114.1344294198446 32.52683080359324, -112.0448316479816 33.35843317091319, -109.2183437209206 32.24927280737928, -112.0401519799761 33.5422563525886, -112.1187848701296 33.54425814483739, -114.2083826419926 32.71265577751744))"
52C,2016-11-03 22:55:00+00:00,2016-11-04 00:55:00+00:00,0.0,44000.0,"POLYGON ((-95.34579882627537 31.379786708582994, -96.76780974868475 28.925203122343977, -98.46 28.77257436347464, -97.78793969839906 30.914011269540946, -95.34579882627537 31.379786708582994))"
53C,2016-11-03 22:55:00+00:00,2016-11-04 00:55:00+00:00,0.0,32000.0,"POLYGON ((-92.5772475337434 35.58017968612608, -90.78784127850483 35.39334105682043, -90.80861111794101 35.19442244590181, -92.59801737317959 35.381261075207455, -92.5772475337434 35.58017968612608))"
54C,2016-11-03 22:55:00+00:00,2016-11-04 00:55:00+00:00,0.0,45000.0,"POLYGON ((-99.2007154583307 30.377233831140668, -98.58697211189303 29.372807267868655, -101.24106700537506 29.768080719172428, -99.2007154583307 30.377233831140668))"
12W,2016-11-03 22:55:00+00:00,2016-11-04 00:55:00+00:00,0.0,31000.0,"POLYGON ((-112.14078091800049 35.367361874847695, -110.14553671942345 35.279543617244606, -108.93975470327052 34.01913821784144, -109.722826412984 33.20412060523293, -112.14078091800049 35.367361874847695))"
CHARLIE 1,2016-11-03 23:20:00+00:00,2016-11-04 03:20:00+00:00,0.0,30000.0,"POLYGON ((-140.3 43.45, -140 40, -144.45 39.3, -145.3 43, -140.3 43.45))"
13W,2016-11-03 23:55:00+00:00,2016-11-04 01:55:00+00:00,,,"POLYGON ((-114.4063070781294 32.66386795175593, -112.2327566491554 33.47758719626641, -110.7830024978134 32.02910479422354, -114.3253249677799 32.48099669156633, -112.1215859505877 33.45689326540091, -110.6416432110276 32.17058819268216, -112.0913973623696 33.61907059472502, -112.2025680609373 33.63976452559051, -114.4063070781294 32.66386795175593))"
55C,2016-11-03 23:55:00+00:00,2016-11-04 01:55:00+00:00,0.0,44000.0,"POLYGON ((-97.23292000553617 30.99448355733466, -95.8832576992343 30.14992625447171, -96.8369632215839 28.949977610162957, -98.02444373483362 28.717059469156037, -97.23292000553617 30.99448355733466))"
57C,2016-11-03 23:55:00+00:00,2016-11-04 01:55:00+00:00,0.0,42000.0,"POLYGON ((-98.82909601567157 30.408013300001226, -98.60605867956826 29.332510241277244, -100.94646703745902 29.423550513639334, -101.31242492237271 29.82946505737113, -98.82909601567157 30.408013300001226))"
14W,2016-11-03 23:55:00+00:00,2016-11-04 01:55:00+00:00,0.0,35000.0,"POLYGON ((-112.0891495696622 35.46790226524021, -110.04655207968969 35.312339541157044, -108.98620501333978 34.112493906318555, -110.26823017889238 33.47367932749646, -112.0891495696622 35.46790226524021))"
15W,2016-11-03 23:55:00+00:00,2016-11-04 01:55:00+00:00,0.0,31000.0,"POLYGON ((-109.63972173113343 33.03795717824705, -108.163718281165 31.80822845687134, -108.05731905659225 31.356981156039208, -109.70727149407455 31.346981460766365, -109.63972173113343 33.03795717824705))"
6E,2016-11-03 23:55:00+00:00,2016-11-04 01:55:00+00:00,0.0,35000.0,"POLYGON ((-79.17107240924433 38.90631950483797, -80.20545028969353 37.77646570735486, -84.11 37.89742563652536, -82.03 38.75, -79.17107240924433 38.90631950483797))"
56C,2016-11-03 23:55:00+00:00,2016-11-04 01:55:00+00:00,0.0,35000.0,"POLYGON ((-92.15759572154269 35.50031262806346, -90.48718581730644 35.11630767060007, -90.53199437422107 34.921391808682095, -92.20240427845732 35.305396766145485, -92.15759572154269 35.50031262806346))"
JULIETT 2,2016-11-04 00:10:00+00:00,2016-11-04 04:10:00+00:00,0.0,45000.0,"POLYGON ((-45.3 34.45, -40.15 33.3, -42.45 30.45, -48 31.45, -45.3 34.45))"
1E,2016-11-04 00:55:00+00:00,2016-11-04 02:55:00+00:00,0.0,32000.0,"POLYGON ((-81.17672420966899 38.7468983800747, -78.91742466397575 37.86438352420083, -84.11 37.69547582294557, -81.17672420966899 38.7468983800747))"
1C,2016-11-04 00:55:00+00:00,2016-11-04 02:55:00+00:00,0.0,43000.0,"POLYGON ((-96.636252237194 30.695292284022866, -95.73405650370285 29.95944308566203, -97.06910828640608 28.757878939558193, -98.46 28.475417309845252, -96.636252237194 30.695292284022866))"
3W,2016-11-04 00:55:00+00:00,2016-11-04 02:55:00+00:00,0.0,35000.0,"POLYGON ((-109.79346201111123 33.34481541689901, -108.163718281165 31.80822845687134, -108.05731905659225 31.356981156039208, -109.98508980560867 32.01326122692124, -109.79346201111123 33.34481541689901))"
1W,2016-11-04 00:55:00+00:00,2016-11-04 02:55:00+00:00,0.0,33000.0,"POLYGON ((-112.86365668006161 33.93087282029132, -111.45307397888338 33.899274591785115, -110.21112998274515 32.68628639374022, -110.91 32.1, -112.86365668006161 33.93087282029132))"
2W,2016-11-04 00:55:00+00:00,2016-11-04 02:55:00+00:00,0.0,30000.0,"POLYGON ((-111.27 35.78726208852721, -110.23535263367455 35.249692676198656, -110.8 33.89541730984526, -112.0891495696622 35.46790226524021, -111.27 35.78726208852721))"
3C,2016-11-04 00:55:00+00:00,2016-11-04 02:55:00+00:00,0.0,44000.0,"POLYGON ((-98.46 29.78457093942089, -98.71327927040986 29.105494893387814, -100.30270032451307 28.95027751999734, -98.46 29.78457093942089))"
2C,2016-11-04 00:55:00+00:00,2016-11-04 02:55:00+00:00,0.0,36000.0,"POLYGON ((-91.66961065450762 35.187319463053306, -89.48104243147795 34.95247602665432, -89.50238085470242 34.753617605423806, -91.6909490777321 34.988461041822795, -91.66961065450762 35.187319463053306))"
ROMEO 20,2016-11-04 01:15:00+00:00,2016-11-04 05:15:00+00:00,0.0,58000.0,"POLYGON ((147 21, 150 21, 150.3 19.4, 142.1 13, 142.2 16.1, 147 21))"
2E,2016-11-04 01:55:00+00:00,2016-11-04 03:55:00+00:00,0.0,28000.0,"POLYGON ((-77.56976131011352 38.40433449583728, -78.46500852202657 37.50214482282196, -84.11 37.362737911472784, -81.70623330604369 38.1347321418727, -77.56976131011352 38.40433449583728))"
5W,2016-11-04 01:55:00+00:00,2016-11-04 03:55:00+00:00,0.0,34000.0,"POLYGON ((-111.83944921914032 35.927651368254196, -110.22178842538176 35.529193221970885, -111.18529291129015 34.29086471522568, -111.83944921914032 35.927651368254196))"
4W,2016-11-04 01:55:00+00:00,2016-11-04 03:55:00+00:00,0.0,31000.0,"POLYGON ((-111.73447863112739 34.4430612191985, -110.62463778734572 33.422187626112034, -110.7284299077325 32.163537147151345, -112.58692602111664 33.899274591785115, -111.73447863112739 34.4430612191985))"
4C,2016-11-04 01:55:00+00:00,2016-11-04 03:55:00+00:00,0.0,32000.0,"POLYGON ((-91.29230208644054 34.77646578007812, -89.35103365830582 34.60690429068691, -89.36843654283368 34.40766288030717, -91.3097049709684 34.57722436969838, -91.29230208644054 34.77646578007812))"
7C,2016-11-04 01:55:00+00:00,2016-11-04 03:55:00+00:00,0.0,43000.0,"POLYGON ((-103.95 30.01085812115822, -103.38020225889534 29.096670613459747, -104.26823744337791 29.631784326409623, -103.95 30.01085812115822))"
6C,2016-11-04 01:55:00+00:00,2016-11-04 03:55:00+00:00,0.0,35000.0,"POLYGON ((-98.46 29.64, -97.44 28.478283757683577, -100.07043893764997 28.74481321182852, -98.46 29.64))"
5C,2016-11-04 01:55:00+00:00,2016-11-04 03:55:00+00:00,0.0,34000.0,"POLYGON ((-96.52453731204442 30.37615088275426, -95.6586768164525 30.07029005201738, -96.436544631248 29.027073305853563, -97.29946307547982 28.7563963177493, -96.52453731204442 30.37615088275426))"
6W,2016-11-04 01:55:00+00:00,2016-11-04 03:55:00+00:00,0.0,37000.0,"POLYGON ((-109.63328899114656 34.010100099016526, -108.29398732207554 32.27815658961483, -108.42028621664079 31.551629145791672, -109.73302861923767 32.10314352170645, -109.63328899114656 34.010100099016526))"
CHARLIE 2,2016-11-04 02:20:00+00:00,2016-11-04 06:20:00+00:00,0.0,33000.0,"POLYGON ((-136 45.45, -135.15 42.15, -141.15 40, -142.45 43.45, -136 45.45))"
JULIETT 3,2016-11-04 02:45:00+00:00,2016-11-04 06:45:00+00:00,0.0,45000.0,"POLYGON ((-42.15 36.45, -40.45 34.3, -46 31.3, -49.45 34, -46.3 36.45, -42.15 36.45))"
9C,2016-11-04 02:55:00+00:00,2016-11-04 04:55:00+00:00,0.0,30000.0,"POLYGON ((-96.23989932951147 30.275343160522098, -95.70527783522623 30.086856707329652, -96.45568136663779 29.067331605068702, -97.36585252328616 29.13789487785986, -96.23989932951147 30.275343160522098))"
11C,2016-11-04 02:55:00+00:00,2016-11-04 04:55:00+00:00,0.0,40000.0,"POLYGON ((-103.4075812987304 29.82831901421994, -103.29545604096907 28.915027596438687, -104.31585227335323 29.530966792072043, -103.4075812987304 29.82831901421994))"
10C,2016-11-04 02:55:00+00:00,2016-11-04 04:55:00+00:00,0.0,30000.0,"POLYGON ((-98.60605867956826 29.332510241277244, -97.72981795273124 28.514516068949963, -99.42 28.644582690154746, -98.60605867956826 29.332510241277244))"
9W,2016-11-04 02:55:00+00:00,2016-11-04 04:55:00+00:00,0.0,35000.0,"POLYGON ((-110.06808967476356 34.09815796967733, -107.4283248163924 32.21620329104778, -108.43163509529866 31.561449796533267, -109.65351873165976 32.269389926524006, -110.06808967476356 34.09815796967733))"
7W,2016-11-04 02:55:00+00:00,2016-11-04 04:55:00+00:00,0.0,32000.0,"POLYGON ((-111.9204269213381 34.5077202774099, -110.8 33.89541730984526, -110.91 32.59910686720918, -112.58692602111664 33.899274591785115, -111.9204269213381 34.5077202774099))"
8W,2016-11-04 02:55:00+00:00,2016-11-04 04:55:00+00:00,0.0,30000.0,"POLYGON ((-111.7649970815967 35.95300632423844, -110.45925453991943 35.72735553712167, -111.1259053155294 34.94891417348901, -111.7649970815967 35.95300632423844))"
KILO 1,2016-11-04 03:15:00+00:00,2016-11-04 07:15:00+00:00,0.0,47000.0,"POLYGON ((-57 21, -54.45 18, -61.3 18, -61.45 19.3, -57 21))"
LIMA 1,2016-11-04 03:35:00+00:00,2016-11-04 07:35:00+00:00,0.0,37000.0,"POLYGON ((-65.3 40.45, -62.15 40.15, -69 35.45, -72.45 36, -65.3 40.45))"
LIMA 2,2016-11-04 03:45:00+00:00,2016-11-04 07:45:00+00:00,0.0,43000.0,"POLYGON ((-65.3 40.45, -62 40, -69.15 35, -72.45 36, -65.3 40.45))"
MIKE 1,2016-11-04 03:45:00+00:00,2016-11-04 07:45:00+00:00,27000.0,35000.0,"POLYGON ((-51.3 41.45, -47.45 40.3, -50.15 34, -53.3 34.45, -51.3 41.45))"
12W,2016-11-04 03:55:00+00:00,2016-11-04 05:55:00+00:00,,,"POLYGON ((-109.4272890173512 34.36053642364606, -109.5119850707987 32.58409110891827, -109.3223384703406 32.62340975239386, -109.1197710874078 32.21093096481545, -109.3122119961568 32.57456647516402, -109.2275159427094 34.35101178989181, -109.299291213682 32.12276904411002, -109.5018585966149 32.53524783168843, -109.4272890173512 34.36053642364606))"
12C,2016-11-04 03:55:00+00:00,2016-11-04 05:55:00+00:00,0.0,40000.0,"POLYGON ((-103.41696915255709 30.107919967433553, -102.87027096504258 29.354443069746203, -103.29545604096907 28.915027596438687, -104.31585227335323 29.530966792072043, -103.41696915255709 30.107919967433553))"
10W,2016-11-04 03:55:00+00:00,2016-11-04 05:55:00+00:00,0.0,29000.0,"POLYGON ((-110.30293363836684 34.650076198418006, -111.37819310818057 33.64964788230482, -112.2319282633281 34.49529428123557, -110.30293363836684 34.650076198418006))"
13W,2016-11-04 03:55:00+00:00,2016-11-04 05:55:00+00:00,0.0,36000.0,"POLYGON ((-108.49046950602882 33.274134117445996, -106.75241899610197 31.985102371264993, -108.62968056624534 32.04713455923546, -108.49046950602882 33.274134117445996))"
11W,2016-11-04 03:55:00+00:00,2016-11-04 05:55:00+00:00,0.0,32000.0,"POLYGON ((-111.32677443182507 33.29078781373923, -109.88922892780688 32.35188166143174, -109.99859494908021 32.184432942741985, -111.4361404530984 33.123339095049474, -111.32677443182507 33.29078781373923))"
ROMEO 21,2016-11-04 04:36:00+00:00,2016-11-04 08:35:00+00:00,0.0,58000.0,"POLYGON ((141.1 21.1, 151.2 21.1, 148.5 18, 139.1 18.5, 141.1 21.1))"
15W,2016-11-04 04:55:00+00:00,2016-11-04 06:55:00+00:00,,,"POLYGON ((-111.5418289368022 33.49331821466018, -110.7753874772553 32.28206271466784, -110.7452881996014 32.08465410352313, -111.6955632379749 33.36538946635498, -110.7533971304871 32.23317133679331, -110.5475732048923 32.11480009607926, -110.5776724825462 32.31220870722397, -110.5996628293144 32.36110008509851, -111.5418289368022 33.49331821466018))"
17W,2016-11-04 04:55:00+00:00,2016-11-04 06:55:00+00:00,0.0,36000.0,"POLYGON ((-107.43285238623216 33.58731629107023, -106.88074773996424 32.53257209531643, -107.7916751836076 32.21620329104778, -107.87701202381355 33.27857313805959, -107.43285238623216 33.58731629107023))"
13C,2016-11-04 04:55:00+00:00,2016-11-04 06:55:00+00:00,0.0,33000.0,"POLYGON ((-103.28022928780362 30.298294714729384, -103.24399117654461 29.684742504663365, -103.44284512149574 29.23049317354188, -103.75854462941034 29.899162254665384, -103.28022928780362 30.298294714729384))"
14C,2016-11-04 04:55:00+00:00,2016-11-04 06:55:00+00:00,0.0,45000.0,"POLYGON ((-100.4546627015052 28.69179869316259, -99.79693138184913 28.280888432410244, -99.42 27.48, -100.4546627015052 28.69179869316259))"
16W,2016-11-04 04:55:00+00:00,2016-11-04 06:55:00+00:00,0.0,35000.0,"POLYGON ((-108.31755762094154 33.27569030386512, -108.07630881379322 33.00083517865622, -109.26 31.980858121158217, -109.722826412984 33.20412060523293, -108.31755762094154 33.27569030386512))"
14W,2016-11-04 04:55:00+00:00,2016-11-04 06:55:00+00:00,0.0,27000.0,"POLYGON ((-111.04915237298887 34.8552908922789, -111.6995043026335 33.54023779870505, -112.30415393763163 34.699873704910296, -111.04915237298887 34.8552908922789))"
19W,2016-11-04 05:55:00+00:00,2016-11-04 07:55:00+00:00,,,"POLYGON ((-112.3361800134005 34.5815056215399, -111.7354565877698 33.66649507877159, -109.4939097431443 32.46713429693796, -110.7233049965302 32.25774292730086, -112.3361800134005 34.5815056215399))"
15C,2016-11-04 05:55:00+00:00,2016-11-04 07:55:00+00:00,0.0,40000.0,"POLYGON ((-101.35943157557392 29.86983958551286, -100.57881000775009 29.760562060568724, -100.30270032451307 28.95027751999734, -101.35943157557392 29.86983958551286))"
20W,2016-11-04 05:55:00+00:00,2016-11-04 07:55:00+00:00,0.0,37000.0,"POLYGON ((-109.53860738671592 33.61795495733752, -108.8638895866517 33.070779631839535, -109.32533526488976 32.13641704719338, -109.52328261294528 32.803991724013265, -109.53860738671592 33.61795495733752))"
18W,2016-11-04 05:55:00+00:00,2016-11-04 07:55:00+00:00,0.0,40000.0,"POLYGON ((-107.40213839950646 33.17771317302852, -107.29364938050944 32.39025555626116, -108.4677671033314 32.544153151342826, -107.40213839950646 33.17771317302852))"
JULIETT 4,2016-11-04 06:30:00+00:00,2016-11-04 10:30:00+00:00,0.0,50000.0,"POLYGON ((-46.45 38.15, -41 38, -40.45 34, -46.15 32.3, -49 34.45, -46.45 38.15))"
KILO 2,2016-11-04 06:35:00+00:00,2016-11-04 10:35:00+00:00,0.0,44000.0,"POLYGON ((-59.45 20.15, -59.15 18, -62 18, -66.45 16, -66 18.15, -59.45 20.15))"
16C,2016-11-04 06:55:00+00:00,2016-11-04 08:55:00+00:00,0.0,40000.0,"POLYGON ((-100.30950023601795 29.52518385684876, -100.51740492862491 28.825497621767806, -100.92333339583068 29.415237226135794, -100.30950023601795 29.52518385684876))"
21W,2016-11-04 06:55:00+00:00,2016-11-04 08:55:00+00:00,0.0,37000.0,"POLYGON ((-107.15757519068521 33.38216710760274, -107.41281026268018 32.68054530077662, -108.21800913957013 32.7896802696025, -108.31755762094154 33.27569030386512, -107.15757519068521 33.38216710760274))"
22W,2016-11-04 06:55:00+00:00,2016-11-04 08:55:00+00:00,0.0,34000.0,"POLYGON ((-109.14 33.986287181737325, -108.65205920329116 32.779680832581334, -109.52328261294528 32.803991724013265, -109.78974593150478 33.33742587396487, -109.14 33.986287181737325))"
NOVEMBER 1,2016-11-04 07:10:00+00:00,2016-11-04 11:15:00+00:00,0.0,55000.0,"POLYGON ((136.1 10.3, 135.3 7.4, 130.1 6.5, 130.1 10.3, 136.1 10.3))"
ROMEO 22,2016-11-04 07:11:00+00:00,2016-11-04 11:15:00+00:00,0.0,57000.0,"POLYGON ((141 21.1, 151.2 21.1, 149.1 18, 142.3 18.2, 141 21.1))"
LIMA 3,2016-11-04 07:25:00+00:00,2016-11-04 11:25:00+00:00,0.0,40000.0,"POLYGON ((-63.3 40.15, -58.45 40.15, -67.15 35.15, -72.15 35.45, -63.3 40.15))"
MIKE 2,2016-11-04 07:25:00+00:00,2016-11-04 11:25:00+00:00,28000.0,38000.0,"POLYGON ((-45 45, -49.45 34.45, -53.15 36.45, -52.15 41.3, -50 45, -45 45))"
25W,2016-11-04 07:55:00+00:00,2016-11-04 09:55:00+00:00,,,"POLYGON ((-108.7913514412413 34.26100882271046, -107.4909825849644 33.14879867605202, -107.6960476416456 32.31993444907621, -108.9161016935764 34.10468424197433, -107.6504309458775 33.09465277791984, -107.8901941111368 32.36796723354797, -107.6851290544556 33.19683146052378, -107.5256806935424 33.25097735865597, -108.7913514412413 34.26100882271046))"
17C,2016-11-04 07:55:00+00:00,2016-11-04 09:55:00+00:00,0.0,37000.0,"POLYGON ((-100.83356175259144 29.493551065121263, -100.31099862160859 29.193239711728566, -100.32965720297568 28.424314483278863, -100.83356175259144 29.493551065121263))"
23W,2016-11-04 07:55:00+00:00,2016-11-04 09:55:00+00:00,0.0,37000.0,"POLYGON ((-107.28 33.713712818262685, -106.91186053428423 33.58613916806517, -107.21392279892775 33.1464163831096, -107.79879161625857 33.27892254058505, -107.28 33.713712818262685))"
24W,2016-11-04 07:55:00+00:00,2016-11-04 09:55:00+00:00,0.0,34000.0,"POLYGON ((-109.16854974498621 34.348248068722555, -108.76866637599105 33.10131715222804, -108.95911279731234 33.04024211145103, -109.3589961663075 34.28717302794554, -109.16854974498621 34.348248068722555))"
26W,2016-11-04 08:55:00+00:00,2016-11-04 10:55:00+00:00,,,"POLYGON ((-107.0197353889289 34.86288500958126, -107.4701503043837 33.38811357199948, -107.4740549229317 33.36844756485338, -107.5774978542971 32.28947470666287, -107.2788723912562 33.32969473985086, -106.8284574758015 34.80446617743264, -107.3784107040736 32.27038788880645, -107.2749677727082 33.34936074699696, -107.0197353889289 34.86288500958126))"
28W,2016-11-04 08:55:00+00:00,2016-11-04 10:55:00+00:00,,,"POLYGON ((-108.8422428575946 34.3030972805401, -107.5144803221273 33.26829625007061, -107.632572622899 32.22596186188199, -108.9604105079758 34.1417392736009, -107.6729284615448 33.19887482441351, -107.8313012513529 32.24847701750698, -107.7132089505812 33.2908114056956, -107.5547608111636 33.3602328313527, -108.8422428575946 34.3030972805401))"
27W,2016-11-04 08:55:00+00:00,2016-11-04 10:55:00+00:00,0.0,34000.0,"POLYGON ((-110.3384981842132 34.13689378094284, -109.81943066714197 32.73933062199207, -110.60732615225915 32.714460004929144, -111.09575086263004 33.74490874071189, -110.3384981842132 34.13689378094284))"
18C,2016-11-04 08:55:00+00:00,2016-11-04 10:55:00+00:00,0.0,35000.0,"POLYGON ((-100.70660473940278 29.226418882190558, -99.85349460982958 29.024918812780733, -100.32965720297568 28.424314483278863, -100.70660473940278 29.226418882190558))"
29W,2016-11-04 09:55:00+00:00,2016-11-04 11:55:00+00:00,,,"POLYGON ((-107.1845418497676 33.53307076676765, -107.0925864044942 33.16445383063654, -107.4234751281906 32.32233487563343, -107.3754581502324 33.47348078256853, -107.2811175870934 33.17122946399014, -107.6096211929244 32.39547612653976, -107.2787324692279 33.23759508154287, -107.0902012866287 33.23081944818927, -107.1845418497676 33.53307076676765))"
31W,2016-11-04 09:55:00+00:00,2016-11-04 11:55:00+00:00,,,"POLYGON ((-108.7681855118836 34.23464158828048, -107.8970666278331 32.43753608750124, -107.8964165349866 32.12177733674765, -108.9392676229341 34.13105147640431, -107.8826078952962 32.38594691389172, -107.6964169588624 32.12218910140478, -107.6970670517089 32.43794785215837, -107.7115257842457 32.48953702576789, -108.7681855118836 34.23464158828048))"
30W,2016-11-04 09:55:00+00:00,2016-11-04 11:55:00+00:00,0.0,34000.0,"POLYGON ((-110.3384981842132 34.13689378094284, -109.71645721294158 33.19140992094782, -110.91 32.93184477868196, -111.09575086263004 33.74490874071189, -110.3384981842132 34.13689378094284))"
19C,2016-11-04 09:55:00+00:00,2016-11-04 11:55:00+00:00,0.0,30000.0,"POLYGON ((-100.30950023601795 29.52518385684876, -100.07043893764997 28.74481321182852, -100.4546627015052 28.69179869316259, -100.65282494060628 29.257721711088298, -100.30950023601795 29.52518385684876))"
JULIETT 5,2016-11-04 10:05:00+00:00,2016-11-04 14:05:00+00:00,0.0,46000.0,"POLYGON ((-47.45 39.15, -41 38.3, -40 34.3, -46.45 34.15, -49.3 35.15, -47.45 39.15))"
ROMEO 23,2016-11-04 10:36:00+00:00,2016-11-04 14:40:00+00:00,0.0,55000.0,"POLYGON ((142.5 21, 151.4 21, 150.4 18, 143.2 18.3, 142.5 21))"
NOVEMBER 2,2016-11-04 10:37:00+00:00,2016-11-04 14:40:00+00:00,0.0,57000.0,"POLYGON ((130 10.4, 137.1 9.5, 136.2 7.2, 130.1 7.2, 130 10.4))"
32W,2016-11-04 10:55:00+00:00,2016-11-04 12:55:00+00:00,,,"POLYGON ((-107.2518395611129 33.53996981700936, -107.0628878889677 33.28767022856924, -107.4228697369043 32.32391474599547, -107.0518873354479 33.53559860989805, -107.0565901997884 33.32047538010472, -107.6102265842107 32.39389625617773, -107.2502447362741 33.3576517387515, -107.2565424254534 33.32484658721602, -107.2518395611129 33.53996981700936))"
34W,2016-11-04 10:55:00+00:00,2016-11-04 12:55:00+00:00,,,"POLYGON ((-108.76503881692 34.39063302231751, -107.4486811236267 33.26186953189647, -107.6514783146727 32.14366811655517, -108.8906058053006 34.234963720819, -107.6098595308971 33.20187979862996, -107.8482681408329 32.17935795152066, -107.6454709497869 33.29755936686196, -107.4842925425165 33.35754910012847, -108.76503881692 34.39063302231751))"
33W,2016-11-04 10:55:00+00:00,2016-11-04 12:55:00+00:00,0.0,33000.0,"POLYGON ((-110.8 34.394524177054436, -110.14836582062972 34.415862403462064, -109.98917109524177 32.52257290520656, -111.22261794489685 33.42744888431217, -110.8 34.394524177054436))"
3E,2016-11-04 10:55:00+00:00,2016-11-04 12:55:00+00:00,0.0,34000.0,"POLYGON ((-76.28510342458641 33.1107953011099, -76.28548536371768 32.91079566580399, -77.21047860679843 32.91256212460362, -77.21009666766716 33.11256175990953, -76.28510342458641 33.1107953011099))"
ALFA 1,2016-11-04 11:10:00+00:00,2016-11-04 15:10:00+00:00,0.0,38000.0,"POLYGON ((-69.45 38.3, -66.45 38.15, -71.45 35, -73 36.3, -69.45 38.3))"
MIKE 3,2016-11-04 11:10:00+00:00,2016-11-04 15:10:00+00:00,29000.0,37000.0,"POLYGON ((-46.15 44.3, -50.3 34.3, -54.15 36.15, -53.45 40.45, -50.3 44, -46.15 44.3))"
36W,2016-11-04 11:55:00+00:00,2016-11-04 13:55:00+00:00,,,"POLYGON ((-107.6230000571122 33.39315877585045, -107.8930787907615 32.4657009624259, -107.6984951262473 32.45458291080749, -107.6513015142292 32.1783539750156, -107.7010548887804 32.40978297723372, -107.4309761551311 33.33724079065827, -107.8484449412765 32.14467209306024, -107.8956385532946 32.42090102885213, -107.6230000571122 33.39315877585045))"
35W,2016-11-04 11:55:00+00:00,2016-11-04 13:55:00+00:00,0.0,35000.0,"POLYGON ((-106.89581444153963 34.04793473795517, -106.72013635098111 32.808181242913584, -107.45887608828673 32.58731980916752, -107.42090862971632 33.39756115573098, -106.89581444153963 34.04793473795517))"
37W,2016-11-04 11:55:00+00:00,2016-11-04 13:55:00+00:00,0.0,30000.0,"POLYGON ((-110.49119577273507 34.44478829386348, -110.06808967476356 34.09815796967733, -110.30045569424573 33.328182861178654, -111.28546315828322 33.17316713494835, -110.49119577273507 34.44478829386348))"
38W,2016-11-04 12:55:00+00:00,2016-11-04 14:55:00+00:00,0.0,31000.0,"POLYGON ((-106.51126966712401 34.42478858427659, -106.28 32.152737911472784, -108.15655661828391 32.46982329575271, -108.43192176354616 33.82975271345669, -106.51126966712401 34.42478858427659))"
39W,2016-11-04 12:55:00+00:00,2016-11-04 14:55:00+00:00,0.0,30000.0,"POLYGON ((-110.1490748132186 34.836960280432116, -110.64721877912194 32.63399351539758, -111.41111512346225 32.91737503352733, -110.8 34.19257436347464, -110.1490748132186 34.836960280432116))"
ALFA 2,2016-11-04 13:45:00+00:00,2016-11-04 17:45:00+00:00,0.0,36000.0,"POLYGON ((-65.45 38.3, -67.45 35.15, -75.15 32, -76.45 32.3, -71.45 35.15, -69.45 38, -65.45 38.3))"
40W,2016-11-04 13:55:00+00:00,2016-11-04 15:55:00+00:00,0.0,34000.0,"POLYGON ((-106.51126966712401 34.42478858427659, -105.58330622214797 32.40630715788342, -107.88901638266013 32.51497461962418, -108.29148446326906 33.711219686775586, -106.51126966712401 34.42478858427659))"
41W,2016-11-04 13:55:00+00:00,2016-11-04 15:55:00+00:00,0.0,30000.0,"POLYGON ((-109.14 34.27542906057911, -109.14 33.55257436347463, -111.39487878419447 32.50798543448448, -111.53895059909276 33.595046651665015, -109.14 34.27542906057911))"
NOVEMBER 3,2016-11-04 14:11:00+00:00,2016-11-04 18:15:00+00:00,0.0,59000.0,"POLYGON ((130 10.4, 137.1 9.3, 136.2 6.5, 130 7, 130 10.4))"
ROMEO 24,2016-11-04 14:12:00+00:00,2016-11-04 18:15:00+00:00,0.0,58000.0,"POLYGON ((151.4 21, 149.4 17.4, 144.2 18.1, 143.3 21, 151.4 21))"
4E,2016-11-04 14:55:00+00:00,2016-11-04 16:55:00+00:00,,,"POLYGON ((-77.28459939679749 33.9299692076837, -77.9023217145045 33.71898621497338, -77.9393001946997 33.69644730357183, -79.36254092018277 32.32835223379198, -77.83767828549551 33.52972124968407, -77.21995596778851 33.74070424239439, -79.22394053078338 32.18416509130578, -77.80069980530031 33.55226016108563, -77.28459939679749 33.9299692076837))"
42W,2016-11-04 14:55:00+00:00,2016-11-04 16:55:00+00:00,0.0,34000.0,"POLYGON ((-106.66506028272872 34.73249165616256, -106.28499923489855 33.276036596749044, -107.80678171687833 32.279847421952965, -108.13121875708359 33.98294861016559, -106.66506028272872 34.73249165616256))"
43W,2016-11-04 14:55:00+00:00,2016-11-04 16:55:00+00:00,0.0,30000.0,"POLYGON ((-110.8 34.19257436347464, -110.30321586171044 32.60969038392485, -111.39487878419447 32.50798543448448, -111.52770695417415 33.83793708502407, -110.8 34.19257436347464))"
45W,2016-11-04 15:55:00+00:00,2016-11-04 17:55:00+00:00,0.0,30000.0,"POLYGON ((-109.51322299324872 34.54676672525931, -108.88027826886659 33.03795717824705, -110.49176797974845 32.452235126798094, -111.62130311336813 33.42936220867113, -109.51322299324872 34.54676672525931))"
44W,2016-11-04 15:55:00+00:00,2016-11-04 17:55:00+00:00,0.0,34000.0,"POLYGON ((-106.97320277076668 33.89444331704203, -107.05272692099678 32.81867836231473, -107.7004589690508 32.92636980010632, -108.68193850316847 33.4969143867938, -106.97320277076668 33.89444331704203))"
47W,2016-11-04 16:55:00+00:00,2016-11-04 18:55:00+00:00,0.0,30000.0,"POLYGON ((-109.29379498666022 34.112493906318555, -108.9567468580813 32.884457628350354, -110.18220256012114 32.35258664585225, -111.46626009269494 33.619770289016145, -109.29379498666022 34.112493906318555))"
46W,2016-11-04 16:55:00+00:00,2016-11-04 18:55:00+00:00,0.0,34000.0,"POLYGON ((-107.08854031497255 34.50543903559577, -107.0168905036298 32.745457972733874, -108.80730681333279 33.751717945736615, -107.08854031497255 34.50543903559577))"
ALFA 3,2016-11-04 17:00:00+00:00,2016-11-04 21:00:00+00:00,0.0,36000.0,"POLYGON ((-65.15 38.45, -63.3 38.3, -65.45 36, -75.45 31.15, -77 32, -65.15 38.45))"
NOVEMBER 4,2016-11-04 17:48:00+00:00,2016-11-04 21:50:00+00:00,0.0,60000.0,"POLYGON ((130 9.4, 136.5 9.1, 134 7.1, 130 6.3, 130 9.4))"
49W,2016-11-04 17:55:00+00:00,2016-11-04 19:55:00+00:00,0.0,27000.0,"POLYGON ((-109.42602400397121 34.65494861390663, -108.88027826886659 33.03795717824705, -110.18220256012114 32.35258664585225, -111.28114030895178 33.682477726775154, -109.42602400397121 34.65494861390663))"
48W,2016-11-04 17:55:00+00:00,2016-11-04 19:55:00+00:00,0.0,30000.0,"POLYGON ((-106.88746211410098 34.9064151883497, -106.48369118620678 33.00083517865622, -107.14804653161303 33.01279798541234, -108.0885059408504 34.415500891657715, -106.88746211410098 34.9064151883497))"
ROMEO 25,2016-11-04 18:08:00+00:00,2016-11-04 22:10:00+00:00,0.0,52000.0,"POLYGON ((144.5 20.5, 153.4 20, 149.5 17.1, 142.5 18.3, 144.5 20.5))"
50W,2016-11-04 18:55:00+00:00,2016-11-04 20:55:00+00:00,0.0,30000.0,"POLYGON ((-108.75050101323166 35.187908757505994, -106.67652352848629 34.92227489713386, -105.82421966940844 34.212435222991964, -106.58110217700983 32.689838632694915, -108.75050101323166 35.187908757505994))"
51W,2016-11-04 18:55:00+00:00,2016-11-04 20:55:00+00:00,0.0,27000.0,"POLYGON ((-109.52949898676836 35.187908757505994, -108.67296060076536 33.27223202988416, -109.80649593338974 32.459823750681615, -110.8 34.06178626558165, -109.52949898676836 35.187908757505994))"
ALFA 4,2016-11-04 19:15:00+00:00,2016-11-04 23:15:00+00:00,0.0,36000.0,"POLYGON ((-70 35.45, -68.3 34.3, -77 30.15, -77 31.45, -70 35.45))"
52W,2016-11-04 19:55:00+00:00,2016-11-04 21:55:00+00:00,0.0,27000.0,"POLYGON ((-109.52949898676836 35.187908757505994, -108.67296060076536 33.27223202988416, -109.80649593338974 32.459823750681615, -110.8 34.06178626558165, -109.52949898676836 35.187908757505994))"
6E,2016-11-04 20:55:00+00:00,2016-11-04 22:55:00+00:00,0.0,32000.0,"POLYGON ((-76.52533568609658 31.575903377538353, -76.16619062911349 30.802873034906657, -78.26180803897103 30.28843962988686, -78.93100856194437 30.57951227181473, -76.52533568609658 31.575903377538353))"
53W,2016-11-04 20:55:00+00:00,2016-11-04 22:55:00+00:00,0.0,33000.0,"POLYGON ((-109.14 34.91910686720918, -108.3969600101134 34.16308484286046, -109.1088929440802 32.57731984394856, -109.98851553673096 33.711219686775586, -109.14 34.91910686720918))"
54W,2016-11-04 20:55:00+00:00,2016-11-04 22:55:00+00:00,0.0,34000.0,"POLYGON ((-106.00722447613708 35.03728998449351, -105.61568556468808 33.33602754337187, -106.43479875594133 34.270865167322846, -107.4317795657011 32.97249795912781, -107.75499362747252 34.718076029484635, -106.00722447613708 35.03728998449351))"
BRAVO 1,2016-11-04 21:25:00+00:00,2016-11-05 01:25:00+00:00,0.0,50000.0,"POLYGON ((-64.45 19.15, -62.45 18, -63.45 16.3, -66.45 17.15, -64.45 19.15))"
NOVEMBER 5,2016-11-04 21:45:00+00:00,2016-11-05 01:45:00+00:00,0.0,58000.0,"POLYGON ((135.1 8.3, 133.1 6.1, 130 5.5, 130 8, 135.1 8.3))"
56W,2016-11-04 21:55:00+00:00,2016-11-04 23:55:00+00:00,0.0,31000.0,"POLYGON ((-110.83112352600682 36.47212283397734, -109.47839946101242 35.49851217779418, -111.23302898708505 35.412153514517875, -110.83112352600682 36.47212283397734))"
7E,2016-11-04 21:55:00+00:00,2016-11-04 23:55:00+00:00,0.0,34000.0,"POLYGON ((-76.35661030907842 31.2274167382251, -76.28241457805912 31.04168845955297, -79.37809625798707 29.805008903335448, -79.45229198900637 29.990737182007578, -76.35661030907842 31.2274167382251))"
55W,2016-11-04 21:55:00+00:00,2016-11-04 23:55:00+00:00,0.0,39000.0,"POLYGON ((-109.34024529672949 34.01913821784144, -108.14464004566653 33.27700711542272, -107.0805468361971 33.68053931076735, -107.1285070804522 31.87017749639479, -109.06283233540805 32.67054535999334, -109.34024529672949 34.01913821784144))"
8E,2016-11-04 22:55:00+00:00,2016-11-05 00:55:00+00:00,,,"POLYGON ((-80.5717549977787 29.82563333376468, -80.3193811197522 29.50470356139278, -79.61360827001195 29.19942979573844, -80.64825716903857 29.64084313436946, -80.31793290699468 29.50409062612566, -79.53420967323706 29.38299412459941, -80.2399825229773 29.68826789025375, -80.24143073573481 29.68888082552088, -80.5717549977787 29.82563333376468))"
58W,2016-11-04 22:55:00+00:00,2016-11-05 00:55:00+00:00,0.0,34000.0,"POLYGON ((-111.27 36.45273791147279, -109.28843250661255 35.55997662673257, -110.95614869309873 35.367309821354574, -111.27 36.45273791147279))"
57W,2016-11-04 22:55:00+00:00,2016-11-05 00:55:00+00:00,0.0,43000.0,"POLYGON ((-109.14 34.42, -107.12873033287597 34.42478858427659, -106.72722040223528 33.469777282119665, -107.19417723308243 31.92639642774462, -108.88027826886659 33.03795717824705, -109.14 34.42))"
9E,2016-11-04 23:55:00+00:00,2016-11-05 01:55:00+00:00,,,"POLYGON ((-80.843083640323 30.39166342018898, -80.19308749277118 29.35037384710606, -80.34525595936411 29.37135014812319, -79.8106825932943 29.85827353715284, -80.36274642940501 29.24446895949326, -81.01274257695682 30.28575853257617, -79.67600459674227 29.71041604750578, -80.21057796281208 29.22349265847613, -80.843083640323 30.39166342018898))"
59W,2016-11-04 23:55:00+00:00,2016-11-05 01:55:00+00:00,0.0,45000.0,"POLYGON ((-108.7679119758599 34.29210309605915, -106.82 34.20815522131804, -106.20519673969874 31.666273245701333, -108.15655661828391 32.46982329575271, -108.7679119758599 34.29210309605915))"
60W,2016-11-04 23:55:00+00:00,2016-11-05 01:55:00+00:00,0.0,36000.0,"POLYGON ((-111.43698261904449 36.3738718213017, -110.71321633983504 35.1096849708501, -110.88678366016495 35.01031502914991, -111.6105499393744 36.27450187960151, -111.43698261904449 36.3738718213017))"
1E,2016-11-05 00:55:00+00:00,2016-11-05 02:55:00+00:00,0.0,34000.0,"POLYGON ((-79.58248396744256 30.32586483156779, -76.62242876451066 29.02683697822481, -79.14696250387193 28.849917908083896, -80.58025149465936 29.489954650842044, -79.58248396744256 30.32586483156779))"
1W,2016-11-05 00:55:00+00:00,2016-11-05 02:55:00+00:00,0.0,43000.0,"POLYGON ((-106.82 34.20815522131804, -105.69261986942946 31.818651108334038, -106.13064068916917 31.51250299965487, -108.3102850733341 32.86627297652416, -106.82 34.20815522131804))"
NOVEMBER 6,2016-11-05 01:41:00+00:00,2016-11-05 05:40:00+00:00,0.0,56000.0,"POLYGON ((136 9.1, 133 5.3, 130 6.1, 130 8.2, 136 9.1))"
2E,2016-11-05 01:55:00+00:00,2016-11-05 03:55:00+00:00,0.0,33000.0,"POLYGON ((-78.44146809343414 30.228466654828352, -76.97808172116771 28.908957479633735, -79.41794339793215 28.61699225679675, -80.15614644654264 29.29661144503285, -78.44146809343414 30.228466654828352))"
1C,2016-11-05 01:55:00+00:00,2016-11-05 03:55:00+00:00,0.0,42000.0,"POLYGON ((-105.82421966940844 34.212435222991964, -105.55843088958137 31.56329708580392, -107.45989700991721 31.972501428932958, -107.87701202381355 33.27857313805959, -105.82421966940844 34.212435222991964))"
3E,2016-11-05 02:55:00+00:00,2016-11-05 04:55:00+00:00,0.0,33000.0,"POLYGON ((-79.15791280685917 29.986136100543057, -78.24894546662576 29.26951133538124, -80.20078323475343 28.294518877577687, -79.96538687754567 29.295120554181896, -79.15791280685917 29.986136100543057))"
2C,2016-11-05 02:55:00+00:00,2016-11-05 04:55:00+00:00,0.0,44000.0,"POLYGON ((-106.97493971727127 34.73249165616256, -105.61515586247744 34.15952525366143, -105.97826969980326 32.43446389962778, -107.24690490698679 32.1521471213384, -106.97493971727127 34.73249165616256))"
CHARLIE 1,2016-11-05 03:05:00+00:00,2016-11-05 07:05:00+00:00,0.0,43000.0,"POLYGON ((-64 21.3, -65 19.15, -67.45 18.3, -69.15 20, -64 21.3))"
4E,2016-11-05 03:55:00+00:00,2016-11-05 05:55:00+00:00,0.0,31000.0,"POLYGON ((-79.61806802467412 29.291709981274753, -78.97407719437939 28.22499093893807, -80.14270747439276 27.98624804290298, -81.03623599524543 28.429012271750256, -79.61806802467412 29.291709981274753))"
3C,2016-11-05 03:55:00+00:00,2016-11-05 05:55:00+00:00,0.0,45000.0,"POLYGON ((-106.68817318989902 33.282754062764724, -106.48839135397917 33.2734150030427, -106.54223914089985 32.121499280107024, -106.7420209768197 32.13083833982905, -106.68817318989902 33.282754062764724))"
CHARLIE 2,2016-11-05 04:50:00+00:00,2016-11-05 08:50:00+00:00,,,"POLYGON ((-63.45 21.3, -65 19.45, -68 19, -70.15 20.15, -69 21.3, -63.45 21.3))"
DELTA 1,2016-11-05 04:50:00+00:00,2016-11-05 08:50:00+00:00,0.0,45000.0,"POLYGON ((-62.45 20.15, -59.3 20.15, -60.45 18.3, -63.3 18.15, -62.45 20.15))"
ECHO 1,2016-11-05 04:50:00+00:00,2016-11-05 08:50:00+00:00,0.0,42000.0,"POLYGON ((-69.45 29.45, -66.45 29.3, -65.3 26, -67.3 24.3, -71.15 25.15, -69.45 29.45))"
5E,2016-11-05 04:55:00+00:00,2016-11-05 06:55:00+00:00,,,"POLYGON ((-81.18935343474959 28.54038246931983, -80.25433917701056 27.82332514913452, -80.34937480629685 27.83795012065739, -80.05757520250485 27.94408290830447, -80.37604826025566 27.66462133993122, -81.31106251799469 28.38167866011653, -79.98921302717737 27.75612915605542, -80.28101263096937 27.64999636840835, -81.18935343474959 28.54038246931983))"
4C,2016-11-05 04:55:00+00:00,2016-11-05 06:55:00+00:00,0.0,40000.0,"POLYGON ((-106.28499923489855 33.276036596749044, -105.5365572684907 33.018297884250586, -106.12964285812245 32.1273214011376, -107.01966014551142 32.27862681453478, -106.28499923489855 33.276036596749044))"
6E,2016-11-05 05:55:00+00:00,2016-11-05 07:55:00+00:00,0.0,30000.0,"POLYGON ((-80.90861354226213 27.93907666817857, -79.70321458675576 27.495184689057766, -79.77232791433127 27.3075058464797, -80.97772686983764 27.751397825600503, -80.90861354226213 27.93907666817857))"
5C,2016-11-05 05:55:00+00:00,2016-11-05 07:55:00+00:00,0.0,38000.0,"POLYGON ((-106.0695304939712 33.274134117445996, -104.98581046811913 33.03278211068641, -105.42930854266149 31.817170657651978, -106.76337920631788 32.22799542987127, -106.0695304939712 33.274134117445996))"
7E,2016-11-05 06:55:00+00:00,2016-11-05 08:55:00+00:00,,,"POLYGON ((-80.40440813395583 27.73171104782421, -79.87175077904901 26.85005927539038, -79.96172896773282 26.89825198211875, -79.74770690075565 26.90764872443308, -80.04293451113735 26.74663717974196, -80.57559186604416 27.62828895217579, -79.73893425547635 26.70784121532793, -79.95295632245353 26.6984444730136, -80.40440813395583 27.73171104782421))"
6C,2016-11-05 06:55:00+00:00,2016-11-05 08:55:00+00:00,0.0,38000.0,"POLYGON ((-105.04416831890903 33.69220162515748, -104.33043514958486 32.247349795247345, -105.86305866660396 32.172242563345485, -105.99957106228351 32.827762645376474, -105.04416831890903 33.69220162515748))"
7C,2016-11-05 06:55:00+00:00,2016-11-05 08:55:00+00:00,0.0,32000.0,"POLYGON ((-97.40037182640641 31.927066021943354, -96.80008339601204 31.493164173231474, -97.50967475444045 31.4553217977527, -97.40037182640641 31.927066021943354))"
8E,2016-11-05 07:55:00+00:00,2016-11-05 09:55:00+00:00,,,"POLYGON ((-80.40156724004716 27.61504880206588, -79.94384142561016 26.74803600692885, -80.0668272952354 26.79519004755575, -79.7778736877884 26.90158569990733, -80.12070694551583 26.654662628129, -80.57843275995283 27.52167542326604, -79.7087674684436 26.71390423985368, -79.9977210758906 26.6075085875021, -80.40156724004716 27.61504880206588))"
8C,2016-11-05 07:55:00+00:00,2016-11-05 09:55:00+00:00,0.0,38000.0,"POLYGON ((-104.39015209252548 33.80090320216795, -103.9370801774609 32.456303459482406, -105.97826969980326 32.43446389962778, -104.39015209252548 33.80090320216795))"
CHARLIE 3,2016-11-05 08:45:00+00:00,2016-11-05 12:45:00+00:00,0.0,4300.0,"POLYGON ((-69.3 22, -65.3 21.45, -67.3 19, -70.15 20.3, -69.3 22))"
DELTA 2,2016-11-05 08:45:00+00:00,2016-11-05 12:45:00+00:00,0.0,45000.0,"POLYGON ((-63.3 22.15, -60.3 19.15, -63.15 18.45, -65 20.3, -65 22, -63.3 22.15))"
ECHO 2,2016-11-05 08:45:00+00:00,2016-11-05 12:45:00+00:00,0.0,44000.0,"POLYGON ((-67.45 30.15, -65 30, -65.3 25, -67.3 23.3, -70.3 27, -67.45 30.15))"
9C,2016-11-05 08:55:00+00:00,2016-11-05 10:55:00+00:00,0.0,36000.0,"POLYGON ((-103.62431443531193 33.33602754337187, -103.9370801774609 32.456303459482406, -105.58330622214797 32.40630715788342, -105.35378428141601 33.08317452322444, -103.62431443531193 33.33602754337187))"
10C,2016-11-05 08:55:00+00:00,2016-11-05 10:55:00+00:00,0.0,32000.0,"POLYGON ((-97.27 32.15910686720918, -97.04670875087716 31.19869088221955, -97.82005890197578 31.188257217783516, -97.99429550319113 31.91262197178591, -97.27 32.15910686720918))"
11C,2016-11-05 09:55:00+00:00,2016-11-05 11:55:00+00:00,0.0,36000.0,"POLYGON ((-103.82344282925439 33.33745759080962, -104.33043514958486 32.247349795247345, -105.58330622214797 32.40630715788342, -104.81914292593898 33.33984109557656, -103.82344282925439 33.33745759080962))"
12C,2016-11-05 09:55:00+00:00,2016-11-05 11:55:00+00:00,0.0,33000.0,"POLYGON ((-97.04448137796491 32.12091646371472, -97.56723703056144 31.044835798268878, -97.99429550319113 31.91262197178591, -97.04448137796491 32.12091646371472))"
13C,2016-11-05 10:55:00+00:00,2016-11-05 12:55:00+00:00,0.0,36000.0,"POLYGON ((-103.91112105470303 33.926192836898785, -103.42519330595988 33.334279764057946, -104.24226823881071 32.57090283592643, -104.62 32.84089313279083, -103.91112105470303 33.926192836898785))"
14C,2016-11-05 10:55:00+00:00,2016-11-05 12:55:00+00:00,0.0,35000.0,"POLYGON ((-97.27 32.15910686720918, -96.9942787735072 31.424422285093417, -97.56723703056144 31.044835798268878, -98.17598765774108 31.97513444044588, -97.27 32.15910686720918))"
15C,2016-11-05 11:55:00+00:00,2016-11-05 13:55:00+00:00,0.0,36000.0,"POLYGON ((-103.69671854591974 33.65492043788262, -103.24000000000001 32.535475822945564, -103.653987551537 31.51640717749893, -104.62 33.00726208852722, -103.69671854591974 33.65492043788262))"
16C,2016-11-05 11:55:00+00:00,2016-11-05 13:55:00+00:00,0.0,35000.0,"POLYGON ((-97.27 32.32547582294557, -97.12089538932459 31.352503542364197, -97.56723703056144 31.044835798268878, -97.81285059182453 31.849851312657627, -97.27 32.32547582294557))"
ECHO 3,2016-11-05 12:45:00+00:00,2016-11-05 16:45:00+00:00,0.0,45000.0,"POLYGON ((-65.45 31, -62.3 30.45, -64.15 25.3, -67 24.45, -68.45 27.45, -65.45 31))"
17C,2016-11-05 12:55:00+00:00,2016-11-05 14:55:00+00:00,0.0,37000.0,"POLYGON ((-103.69671854591974 33.65492043788262, -103.24000000000001 32.535475822945564, -103.653987551537 31.51640717749893, -104.62 33.00726208852722, -103.69671854591974 33.65492043788262))"
18C,2016-11-05 13:55:00+00:00,2016-11-05 15:55:00+00:00,0.0,37000.0,"POLYGON ((-103.14676253323326 33.884796373472774, -103.24000000000001 32.70184477868196, -103.61801466974626 32.63796592312447, -104.77295884094193 33.6473160774106, -103.14676253323326 33.884796373472774))"
19C,2016-11-05 14:55:00+00:00,2016-11-05 16:55:00+00:00,0.0,37000.0,"POLYGON ((-104.15781627645906 34.26137554175545, -102.46302215087766 33.50776740753798, -102.78560686689843 32.791422556980784, -104.02257703554491 33.3385698786648, -104.15781627645906 34.26137554175545))"
20C,2016-11-05 15:55:00+00:00,2016-11-05 17:55:00+00:00,0.0,37000.0,"POLYGON ((-104.02992605321451 34.82631749860719, -102.46302215087766 33.50776740753798, -102.78560686689843 32.791422556980784, -104.05367103188813 33.80927899285939, -104.02992605321451 34.82631749860719))"
ECHO 4,2016-11-05 16:45:00+00:00,2016-11-05 20:45:00+00:00,0.0,43000.0,"POLYGON ((-64.3 30.3, -61.45 30.15, -63.15 26.15, -67.15 23.3, -67.3 24.15, -65.3 27, -64.3 30.3))"
21C,2016-11-05 16:55:00+00:00,2016-11-05 18:55:00+00:00,0.0,35000.0,"POLYGON ((-104.17241273863914 34.70808852006273, -102.7098788589485 33.69742265598809, -103.42519330595988 33.334279764057946, -105.61515586247744 34.15952525366143, -104.17241273863914 34.70808852006273))"
FOXTROT 1,2016-11-05 16:55:00+00:00,2016-11-05 20:55:00+00:00,0.0,4500.0,"POLYGON ((-65 22, -66 20.15, -68.45 20.3, -67.45 21.45, -65 22))"
22C,2016-11-05 17:55:00+00:00,2016-11-05 19:55:00+00:00,0.0,35000.0,"POLYGON ((-104.41417282870961 35.17727587432277, -102.50991439314684 33.69855022734939, -103.24000000000001 32.535475822945564, -105.14 34.82815522131803, -104.41417282870961 35.17727587432277))"
24C,2016-11-05 18:55:00+00:00,2016-11-05 20:55:00+00:00,0.0,38000.0,"POLYGON ((-102.43131376271666 33.69890524005939, -102.91539950398032 31.083550070866256, -104.27260242455056 30.967435139952183, -103.23897814631708 33.69795301954497, -102.43131376271666 33.69890524005939))"
23C,2016-11-05 18:55:00+00:00,2016-11-05 20:55:00+00:00,0.0,35000.0,"POLYGON ((-105.01401925983413 35.76216151839543, -103.22619263081687 34.872743795548374, -103.81807113138879 33.61404962163371, -106.1995861839587 34.52728241327698, -105.01401925983413 35.76216151839543))"
ECHO 5,2016-11-05 19:45:00+00:00,2016-11-05 23:45:00+00:00,0.0,46000.0,"POLYGON ((-64.3 28, -62.3 28, -62.45 23.3, -68.45 21.3, -68.45 23, -64.3 28))"
26C,2016-11-05 19:55:00+00:00,2016-11-05 21:55:00+00:00,0.0,38000.0,"POLYGON ((-104.02992605321451 34.82631749860719, -102.43625582925573 34.49933597671913, -102.5699963197468 30.596430960522778, -103.96195641335711 31.613293118660895, -104.02992605321451 34.82631749860719))"
25C,2016-11-05 19:55:00+00:00,2016-11-05 21:55:00+00:00,0.0,34000.0,"POLYGON ((-105.27664394952602 35.927055177535266, -104.25187680151151 34.95695252515014, -105.14 34.937145302895516, -105.64071772129915 35.25005345411433, -105.27664394952602 35.927055177535266))"
27C,2016-11-05 20:55:00+00:00,2016-11-05 22:55:00+00:00,,,"POLYGON ((-103.8123779901991 35.43593516646229, -106.7088013364893 34.88028984382893, -106.786219717875 34.80917802598169, -107.19106286963 33.37104303959316, -106.6711207452111 34.68387148154851, -103.7746973989208 35.23951680418187, -106.9985455155804 33.31684831300723, -106.5937023638254 34.75498329939575, -103.8123779901991 35.43593516646229))"
28C,2016-11-05 20:55:00+00:00,2016-11-05 22:55:00+00:00,0.0,45000.0,"POLYGON ((-102.78015000681476 35.453865404117295, -101.91 33.7, -103.24000000000001 32.737425636525366, -104.09778800665681 34.77007167609327, -102.78015000681476 35.453865404117295))"
29C,2016-11-05 20:55:00+00:00,2016-11-05 22:55:00+00:00,0.0,41000.0,"POLYGON ((-102.97789043717466 32.40399592823378, -102.25515021832634 31.87641721575553, -102.98 31.23914187884179, -103.75069826840317 31.86897943300836, -102.97789043717466 32.40399592823378))"
31C,2016-11-05 21:55:00+00:00,2016-11-05 23:55:00+00:00,0.0,43000.0,"POLYGON ((-102.5697344016559 35.03396756205578, -101.77658437637206 33.96706061871412, -102.19 32.01, -103.24000000000001 31.580858121158208, -103.81807113138879 33.61404962163371, -102.5697344016559 35.03396756205578))"
32C,2016-11-05 21:55:00+00:00,2016-11-05 23:55:00+00:00,0.0,33000.0,"POLYGON ((-103.64025352100109 30.410285100817674, -103.12716803305545 29.58183641759669, -103.95 30.01085812115822, -103.64025352100109 30.410285100817674))"
30C,2016-11-05 21:55:00+00:00,2016-11-05 23:55:00+00:00,0.0,40000.0,"POLYGON ((-104.29432014687875 35.4916662096392, -104.21655168475014 35.30740534483565, -106.78111576893569 34.22501487049375, -106.8588842310643 34.4092757352973, -104.29432014687875 35.4916662096392))"
35C,2016-11-05 22:55:00+00:00,2016-11-06 00:55:00+00:00,0.0,40000.0,"POLYGON ((-103.12895405870992 31.257324368724603, -102.46607336090584 29.873048685196448, -103.43936785031084 29.223074664958702, -103.5944149508087 30.17218604968315, -103.12895405870992 31.257324368724603))"
33C,2016-11-05 22:55:00+00:00,2016-11-06 00:55:00+00:00,0.0,40000.0,"POLYGON ((-104.88900333287087 35.45528517748798, -106.31774756035205 33.60824589363603, -106.82 35.04, -104.88900333287087 35.45528517748798))"
34C,2016-11-05 22:55:00+00:00,2016-11-06 00:55:00+00:00,0.0,45000.0,"POLYGON ((-102.13191441628042 35.45497962647934, -101.5400498026955 34.00613045593652, -102.03257960340825 31.954577886464204, -103.24 31.87, -103.35048312540648 34.97528975603927, -102.13191441628042 35.45497962647934))"
ECHO 6,2016-11-05 23:30:00+00:00,2016-11-06 03:30:00+00:00,0.0,48000.0,"POLYGON ((-64.15 26.45, -61.3 24.3, -67.45 21.45, -68.15 22.3, -64.15 26.45))"
38C,2016-11-05 23:55:00+00:00,2016-11-06 01:55:00+00:00,,,"POLYGON ((-102.0708611354471 32.15263133266467, -102.7288623999013 30.81523425895741, -103.4616693954649 30.07925288902069, -103.2596510264035 31.99419164779017, -102.894962268896 30.85529601043924, -102.0657581214041 31.95269644514457, -103.161862984321 31.92472014457258, -103.6033960633324 30.22036827306927, -102.8705890677687 30.95634964300599, -102.704489198774 30.91628789152417, -103.0691779562815 32.0551835288751, -103.166965998364 32.12465503209268, -102.0708611354471 32.15263133266467))"
36C,2016-11-05 23:55:00+00:00,2016-11-06 01:55:00+00:00,0.0,41000.0,"POLYGON ((-104.57382620885276 35.46767395632368, -105.96526375356827 34.33115120234017, -107.20520124405866 34.270865167322846, -107.57326171609611 35.29234126996838, -104.57382620885276 35.46767395632368))"
37C,2016-11-05 23:55:00+00:00,2016-11-06 01:55:00+00:00,0.0,41000.0,"POLYGON ((-101.71814860931858 35.44367975750101, -101.6279659674633 33.46439812859356, -103.29848560657396 33.57691182784401, -103.02664888707407 34.56352476265589, -101.71814860931858 35.44367975750101))"
3C,2016-11-06 00:55:00+00:00,2016-11-06 02:55:00+00:00,,,"POLYGON ((-102.1553559775676 32.29105904896752, -102.5623938178166 30.91081724430556, -102.7141259909925 30.55011885813587, -102.2262473001506 31.97997675954198, -102.5591622409287 30.91963711919819, -102.0226593494482 32.14142080223319, -102.2553069669507 31.93511288927412, -102.8984787989365 30.62766911411974, -102.7467466257606 30.98836750028943, -102.7499782026484 30.9795476253968, -102.4170632618703 32.0398872657406, -102.3880035950702 32.08475113600845, -102.1553559775676 32.29105904896752))"
1C,2016-11-06 00:55:00+00:00,2016-11-06 02:55:00+00:00,0.0,40000.0,"POLYGON ((-105.71577386778335 35.18806442553024, -105.51306097741063 34.58731414635763, -107.20520124405866 34.270865167322846, -107.6327755238629 35.03728998449351, -105.71577386778335 35.18806442553024))"
2C,2016-11-06 00:55:00+00:00,2016-11-06 02:55:00+00:00,0.0,34000.0,"POLYGON ((-101.51491618805996 35.187708496916805, -101.58849642145155 33.81023356136053, -103.81807113138879 33.61404962163371, -102.84 34.5, -101.51491618805996 35.187708496916805))"
6C,2016-11-06 01:55:00+00:00,2016-11-06 03:55:00+00:00,,,"POLYGON ((-101.9872643732676 32.30237070036203, -102.157495329518 31.71558263766824, -101.2778966757036 29.47237967235157, -102.4448073455778 32.00479346957469, -102.1366260295306 31.68292945027886, -101.9262581779802 32.1119022144213, -102.3420749757329 31.97871797324771, -101.0916995313264 29.54539079085957, -101.9712981851408 31.78859375617624, -101.9921674851282 31.82124694356563, -102.3003488011754 32.14311096286146, -102.4030811710203 32.16918645918844, -101.9872643732676 32.30237070036203))"
4C,2016-11-06 01:55:00+00:00,2016-11-06 03:55:00+00:00,0.0,42000.0,"POLYGON ((-106.82 35.70547582294557, -106.82 34.37452417705443, -107.74185453227575 34.20137749246861, -106.82 35.70547582294557))"
5C,2016-11-06 01:55:00+00:00,2016-11-06 03:55:00+00:00,0.0,41000.0,"POLYGON ((-105.56559423963115 35.572119080205084, -105.37105808978613 35.525689710152534, -105.58621300473929 34.62420410464364, -105.78074915458431 34.67063347469619, -105.56559423963115 35.572119080205084))"
7C,2016-11-06 01:55:00+00:00,2016-11-06 03:55:00+00:00,0.0,45000.0,"POLYGON ((-105.98939918571624 32.16692055308317, -105.62576282207986 32.16692055308317, -105.62576282207986 31.80328418944681, -105.98939918571624 31.80328418944681, -105.98939918571624 32.16692055308317))"
8C,2016-11-06 02:55:00+00:00,2016-11-06 04:55:00+00:00,0.0,40000.0,"POLYGON ((-106.82 35.87184477868197, -106.58802264672235 34.578664231665655, -107.74185453227575 34.20137749246861, -107.42958753969337 35.03847559772057, -106.82 35.87184477868197))"
10C,2016-11-06 02:55:00+00:00,2016-11-06 04:55:00+00:00,0.0,33000.0,"POLYGON ((-102.63956560487894 34.09913772879655, -103.24000000000001 32.88199657594625, -103.45644425428134 33.98731386780145, -102.63956560487894 34.09913772879655))"
11C,2016-11-06 02:55:00+00:00,2016-11-06 04:55:00+00:00,0.0,45000.0,"POLYGON ((-105.78126001148857 32.00000738408219, -105.4176236478522 32.00000738408219, -105.4176236478522 31.63637102044582, -105.78126001148857 31.63637102044582, -105.78126001148857 32.00000738408219))"
12C,2016-11-06 02:55:00+00:00,2016-11-06 04:55:00+00:00,0.0,42000.0,"POLYGON ((-101.42082015348262 33.290126560435304, -100.80801961025156 31.062821399317443, -102.87767125668796 32.17616781074921, -101.42082015348262 33.290126560435304))"
9C,2016-11-06 02:55:00+00:00,2016-11-06 04:55:00+00:00,0.0,38000.0,"POLYGON ((-105.40336072009495 35.697452002567964, -105.04749128189853 34.83054984339553, -105.23250871810147 34.754598883553726, -105.58837815629789 35.62150104272616, -105.40336072009495 35.697452002567964))"
13C,2016-11-06 02:55:00+00:00,2016-11-06 04:55:00+00:00,0.0,41000.0,"POLYGON ((-95.97072432754801 28.742730123197035, -94.75957935749076 28.292022687829537, -94.82933273953716 28.10458078831641, -96.04047770959441 28.55528822368391, -95.97072432754801 28.742730123197035))"
ECHO 7,2016-11-06 03:15:00+00:00,2016-11-06 07:15:00+00:00,0.0,50000.0,"POLYGON ((-60.45 31, -60 29.15, -61.45 23.45, -65.3 22.15, -67.45 22.15, -60.45 31))"
19C,2016-11-06 03:55:00+00:00,2016-11-06 05:55:00+00:00,,,"POLYGON ((-96.06267293462561 28.84250686371204, -95.8424963239002 28.69249201214485, -95.93450351278904 28.70326106524875, -93.4158609357733 29.66586387673171, -95.95510958572805 28.5272096680772, -96.17528619645346 28.67722451964439, -93.34445981982348 29.47904342645626, -95.86310239683922 28.5164406149733, -96.06267293462561 28.84250686371204))"
14C,2016-11-06 03:55:00+00:00,2016-11-06 05:55:00+00:00,0.0,37000.0,"POLYGON ((-106.34807212658812 35.96131907435263, -106.82 34.37452417705443, -107.53329269718401 34.44970502081153, -106.34807212658812 35.96131907435263))"
17C,2016-11-06 03:55:00+00:00,2016-11-06 05:55:00+00:00,0.0,40000.0,"POLYGON ((-102.39070440099283 33.53309400192722, -102.19 32.29914187884179, -102.92582626266504 31.758963895791037, -103.55492907078828 31.98026177761972, -102.39070440099283 33.53309400192722))"
16C,2016-11-06 03:55:00+00:00,2016-11-06 05:55:00+00:00,0.0,45000.0,"POLYGON ((-104.62 32.32800342405375, -105.25917942553144 31.815925798258387, -105.0371677473413 30.682781821571385, -106.03884861575456 32.02422689177636, -104.62 32.32800342405375))"
15C,2016-11-06 03:55:00+00:00,2016-11-06 05:55:00+00:00,0.0,40000.0,"POLYGON ((-103.46417577945009 35.44705653437428, -103.64765920698238 34.220715682389084, -105.14 34.79257436347463, -104.9367380319867 35.259130531307925, -103.46417577945009 35.44705653437428))"
18C,2016-11-06 03:55:00+00:00,2016-11-06 05:55:00+00:00,0.0,43000.0,"POLYGON ((-101.26947465948918 33.477046635069804, -100.45 31.080858121158208, -101.08950007157628 30.027449896017245, -101.91 32.977145302895536, -101.26947465948918 33.477046635069804))"
ECHO 8,2016-11-06 04:35:00+00:00,2016-11-06 08:35:00+00:00,,,"POLYGON ((-59.45 31.15, -57.3 31.15, -61 23, -65 19.45, -68.45 19.3, -70.3 20.3, -59.45 31.15))"
25C,2016-11-06 04:55:00+00:00,2016-11-06 06:55:00+00:00,0.0,35000.0,"POLYGON ((-95.42096545674522 28.522493854631136, -93.76353080617002 28.900327476264696, -93.7190786218338 28.705330031902623, -95.376513272409 28.327496410269063, -95.42096545674522 28.522493854631136))"
24C,2016-11-06 04:55:00+00:00,2016-11-06 06:55:00+00:00,0.0,40000.0,"POLYGON ((-100.7829988832535 33.960101951009634, -100.25477465836737 31.770550636188467, -100.7077283997809 30.83547769585861, -101.66483112575135 33.49530354408577, -100.7829988832535 33.960101951009634))"
23C,2016-11-06 04:55:00+00:00,2016-11-06 06:55:00+00:00,0.0,38000.0,"POLYGON ((-102.91187969405749 32.53740983126536, -102.19 32.01, -103.55492907078828 31.98026177761972, -102.91187969405749 32.53740983126536))"
22C,2016-11-06 04:55:00+00:00,2016-11-06 06:55:00+00:00,0.0,45000.0,"POLYGON ((-104.22625677866051 32.537980772774475, -104.6197707121964 30.298294714729384, -106.03884861575456 32.02422689177636, -104.22625677866051 32.537980772774475))"
20C,2016-11-06 04:55:00+00:00,2016-11-06 06:55:00+00:00,0.0,37000.0,"POLYGON ((-106.34807212658812 35.96131907435263, -106.08965283208626 35.97461070780125, -106.43479875594133 34.270865167322846, -107.75499362747252 34.718076029484635, -106.34807212658812 35.96131907435263))"
21C,2016-11-06 04:55:00+00:00,2016-11-06 06:55:00+00:00,0.0,38000.0,"POLYGON ((-104.60619875874079 35.658822183906025, -103.39592552442757 35.58052753395074, -103.98211250294061 33.11706903776575, -106.47862852974157 33.55405549434366, -104.60619875874079 35.658822183906025))"
29C,2016-11-06 05:55:00+00:00,2016-11-06 07:55:00+00:00,0.0,36000.0,"POLYGON ((-102.19 32.443712818262675, -102.38488612235368 31.609152538286697, -103.48128317158775 32.07422644866708, -102.19 32.443712818262675))"
30C,2016-11-06 05:55:00+00:00,2016-11-06 07:55:00+00:00,0.0,40000.0,"POLYGON ((-100.83931541644604 34.17414655270051, -100.11377399104548 31.601372970618193, -100.30626612836402 31.54708874574076, -101.03180755376458 34.11986232782308, -100.83931541644604 34.17414655270051))"
31C,2016-11-06 05:55:00+00:00,2016-11-06 07:55:00+00:00,0.0,35000.0,"POLYGON ((-94.27384345220017 29.0145032395411, -93.11 28.30994148689969, -94.04870196712392 27.91352960498772, -94.27384345220017 29.0145032395411))"
28C,2016-11-06 05:55:00+00:00,2016-11-06 07:55:00+00:00,0.0,45000.0,"POLYGON ((-103.70344273150931 33.018297884250586, -103.69880394308771 31.202678269722178, -104.84300846170056 30.615302008725454, -105.86623370084351 31.466408481972227, -103.70344273150931 33.018297884250586))"
27C,2016-11-06 05:55:00+00:00,2016-11-06 07:55:00+00:00,0.0,38000.0,"POLYGON ((-103.12723262296832 36.10131431691599, -103.42519330595988 33.334279764057946, -106.35736127977817 33.59492822241103, -103.12723262296832 36.10131431691599))"
26C,2016-11-06 05:55:00+00:00,2016-11-06 07:55:00+00:00,0.0,35000.0,"POLYGON ((-105.94144857896445 35.70207053321845, -105.76201051161776 35.61374171579808, -106.39514489871951 34.32754300839795, -106.5745829660662 34.41587182581833, -105.94144857896445 35.70207053321845))"
33C,2016-11-06 06:55:00+00:00,2016-11-06 08:55:00+00:00,0.0,42000.0,"POLYGON ((-103.91801062174616 36.167879477543956, -102.84543098579177 35.432329150294336, -104.31298660725815 33.95444245627896, -106.42878124291643 33.98294861016559, -103.91801062174616 36.167879477543956))"
37C,2016-11-06 06:55:00+00:00,2016-11-06 08:55:00+00:00,0.0,35000.0,"POLYGON ((-101.34746298487735 33.22816109639338, -100.64885763950687 32.47753989378691, -102.75620520094249 31.41092192134128, -103.31509364846833 32.02368281254393, -101.34746298487735 33.22816109639338))"
35C,2016-11-06 06:55:00+00:00,2016-11-06 08:55:00+00:00,0.0,35000.0,"POLYGON ((-103.3982368712152 34.30772979278121, -102.64681474555427 33.44314487865578, -103.42519330595988 33.334279764057946, -103.3982368712152 34.30772979278121))"
32C,2016-11-06 06:55:00+00:00,2016-11-06 08:55:00+00:00,0.0,32000.0,"POLYGON ((-105.72049928651792 35.875482906411655, -105.54789529154623 35.77444894717116, -106.39856193490701 34.32119043748789, -106.5711659298787 34.42222439672839, -105.72049928651792 35.875482906411655))"
38C,2016-11-06 06:55:00+00:00,2016-11-06 08:55:00+00:00,0.0,34000.0,"POLYGON ((-94.37252618413726 29.23000083398244, -93.06881908094547 28.640846676119327, -93.15118091905453 28.458592656620997, -94.45488802224631 29.04774681448411, -94.37252618413726 29.23000083398244))"
36C,2016-11-06 06:55:00+00:00,2016-11-06 08:55:00+00:00,0.0,40000.0,"POLYGON ((-100.723916987879 34.40915411210179, -99.83395628204454 32.38669373451527, -100.01701668119944 32.30614008617302, -100.90697738703389 34.32860046375954, -100.723916987879 34.40915411210179))"
34C,2016-11-06 06:55:00+00:00,2016-11-06 08:55:00+00:00,0.0,45000.0,"POLYGON ((-103.66438854960539 33.004388337329445, -103.29112148596046 30.838977591758326, -104.66489722768152 30.91142016842155, -104.35671304597048 32.8054573396795, -103.66438854960539 33.004388337329445))"
39C,2016-11-06 06:55:00+00:00,2016-11-06 08:55:00+00:00,0.0,36000.0,"POLYGON ((-97.30191879975706 28.099236638892858, -96.56018137208159 27.247762982045842, -96.71098617000439 27.116393606149245, -97.45272359767986 27.96786726299626, -97.30191879975706 28.099236638892858))"
ECHO 9,2016-11-06 07:40:00+00:00,2016-11-06 11:40:00+00:00,,,"POLYGON ((-58.45 31.15, -54.45 30.45, -60.15 22.3, -65 19.45, -67.45 19.15, -69.3 20.45, -58.45 31.15))"
44C,2016-11-06 07:55:00+00:00,2016-11-06 09:55:00+00:00,0.0,35000.0,"POLYGON ((-101.91 32.86815522131805, -100.64885763950687 32.47753989378691, -101.82797321993216 31.882152526970998, -101.91 32.86815522131805))"
40C,2016-11-06 07:55:00+00:00,2016-11-06 09:55:00+00:00,0.0,38000.0,"POLYGON ((-103.20405039287658 36.49081360945326, -102.19341509879443 36.36467968502866, -103.84933229080406 34.4958500024923, -105.61515586247744 34.15952525366143, -103.20405039287658 36.49081360945326))"
46C,2016-11-06 07:55:00+00:00,2016-11-06 09:55:00+00:00,0.0,30000.0,"POLYGON ((-97.89917146352288 31.879756724646285, -97.52851279683517 31.12547475303337, -99.01838652036086 31.761606542107224, -97.89917146352288 31.879756724646285))"
45C,2016-11-06 07:55:00+00:00,2016-11-06 09:55:00+00:00,0.0,38000.0,"POLYGON ((-97.12094496137959 28.153082233580786, -96.66258752409136 27.33374255433716, -96.83713164707778 27.236098562556318, -97.29548908436601 28.055438241799944, -97.12094496137959 28.153082233580786))"
43C,2016-11-06 07:55:00+00:00,2016-11-06 09:55:00+00:00,0.0,36000.0,"POLYGON ((-100.44481182350333 34.609681219762166, -99.70082372688613 32.649026658952096, -99.88781401058246 32.5780715054876, -100.63180210719966 34.53872606629767, -100.44481182350333 34.609681219762166))"
47C,2016-11-06 07:55:00+00:00,2016-11-06 09:55:00+00:00,0.0,30000.0,"POLYGON ((-101.80355036036511 31.41976342977327, -100.531092163382 30.39909250062842, -100.65623324749376 30.243080613045038, -101.92869144447687 31.263751542189887, -101.80355036036511 31.41976342977327))"
41C,2016-11-06 07:55:00+00:00,2016-11-06 09:55:00+00:00,0.0,40000.0,"POLYGON ((-103.75476484491301 33.33700027887002, -102.43165392382296 32.21422520537667, -103.21788976053531 30.745327963268075, -104.66489722768152 30.91142016842155, -103.75476484491301 33.33700027887002))"
42C,2016-11-06 07:55:00+00:00,2016-11-06 09:55:00+00:00,0.0,32000.0,"POLYGON ((-102.84 33.92171624231643, -102.23067649135841 33.58893581961997, -103.02874587847455 33.30767825782396, -102.84 33.92171624231643))"
52C,2016-11-06 08:55:00+00:00,2016-11-06 10:55:00+00:00,0.0,36000.0,"POLYGON ((-97.44 28.399106867209174, -96.09307714821306 28.298712267441747, -96.05517668078056 27.383752517194043, -97.01137644586525 26.97710893728381, -97.44 28.399106867209174))"
48C,2016-11-06 08:55:00+00:00,2016-11-06 10:55:00+00:00,0.0,37000.0,"POLYGON ((-103.6 35.84547582294557, -102.87509163559662 35.76604885183411, -103.44561223641763 34.49850596030416, -105.08218372354096 34.26137554175545, -103.6 35.84547582294557))"
49C,2016-11-06 08:55:00+00:00,2016-11-06 10:55:00+00:00,0.0,40000.0,"POLYGON ((-103.01357731248314 33.31308874122344, -102.19 32.50910686720918, -102.4434048396481 30.75789165190176, -104.32163299457008 31.06799951168673, -103.01357731248314 33.31308874122344))"
51C,2016-11-06 08:55:00+00:00,2016-11-06 10:55:00+00:00,0.0,35000.0,"POLYGON ((-99.86266731987506 33.73344658823536, -99.52224912483774 32.71594880332173, -99.71191563956413 32.6524932031627, -100.05233383460144 33.66999098807633, -99.86266731987506 33.73344658823536))"
50C,2016-11-06 08:55:00+00:00,2016-11-06 10:55:00+00:00,0.0,37000.0,"POLYGON ((-100.59210102998905 33.09124643422136, -100.20275497877246 32.479535570212605, -101.50803494382248 32.00817577152832, -101.86136640939377 32.677407531962324, -100.59210102998905 33.09124643422136))"
54C,2016-11-06 09:55:00+00:00,2016-11-06 11:55:00+00:00,0.0,40000.0,"POLYGON ((-103.01357731248314 33.31308874122344, -101.81139170539616 32.77796287137032, -101.90895905218223 30.563583605996868, -103.33796895465312 30.822173448357546, -103.01357731248314 33.31308874122344))"
53C,2016-11-06 09:55:00+00:00,2016-11-06 11:55:00+00:00,0.0,36000.0,"POLYGON ((-103.04787283734845 36.18277653225763, -102.11343107110142 36.211310567022366, -104.06215907831603 34.25688988270601, -105.16019368043676 34.41476845635759, -103.04787283734845 36.18277653225763))"
55C,2016-11-06 09:55:00+00:00,2016-11-06 11:55:00+00:00,0.0,36000.0,"POLYGON ((-100.80642268751686 33.31308874122344, -100.0114627894246 32.78731911191074, -101.64733765109825 31.817844643112714, -100.80642268751686 33.31308874122344))"
56C,2016-11-06 09:55:00+00:00,2016-11-06 11:55:00+00:00,0.0,35000.0,"POLYGON ((-99.3928309392349 33.710766048020446, -98.92104237309377 33.32172515872774, -99.7284415519852 32.747063879910776, -99.3928309392349 33.710766048020446))"
57C,2016-11-06 09:55:00+00:00,2016-11-06 11:55:00+00:00,0.0,35000.0,"POLYGON ((-96.31 28.61542906057911, -96.31 27.60343248463285, -96.74985958558457 27.28492055844674, -97.18834528751027 28.43403578067154, -96.31 28.61542906057911))"
58C,2016-11-06 09:55:00+00:00,2016-11-06 11:55:00+00:00,0.0,42000.0,"POLYGON ((-104.91893703452278 31.8127572065363, -103.75069826840317 31.86897943300836, -104.33630266458044 31.47802004078652, -104.91893703452278 31.8127572065363))"
ECHO 10,2016-11-06 10:20:00+00:00,2016-11-06 14:20:00+00:00,,,"POLYGON ((-59.15 32, -53 31.15, -60.15 21.3, -68 17.15, -68 19, -69.45 20, -59.15 32))"
61C,2016-11-06 10:55:00+00:00,2016-11-06 12:55:00+00:00,0.0,45000.0,"POLYGON ((-98.89495167084866 33.37480363990927, -101.90895905218223 30.563583605996868, -103.11700303608986 30.832287131734926, -102.28926149462067 32.93089498094689, -98.89495167084866 33.37480363990927))"
63C,2016-11-06 10:55:00+00:00,2016-11-06 12:55:00+00:00,0.0,35000.0,"POLYGON ((-97.06910828640608 28.757878939558193, -96.17595644977257 28.642293255788925, -96.05517668078056 27.383752517194043, -96.64646929264269 27.191886878900338, -97.06910828640608 28.757878939558193))"
1E,2016-11-06 10:55:00+00:00,2016-11-06 12:55:00+00:00,0.0,26000.0,"POLYGON ((-69.83098165262415 40.97696931992877, -69.78998855542123 40.78121547965556, -70.81810209945739 40.56591672287267, -70.8590951966603 40.761670563145884, -69.83098165262415 40.97696931992877))"
59C,2016-11-06 10:55:00+00:00,2016-11-06 12:55:00+00:00,0.0,35000.0,"POLYGON ((-103.18980044783244 35.98070764706325, -101.91292978316491 35.82395868683928, -103.5416819643466 34.49799435178343, -104.62 34.20742563652537, -103.18980044783244 35.98070764706325))"
62C,2016-11-06 10:55:00+00:00,2016-11-06 12:55:00+00:00,0.0,35000.0,"POLYGON ((-102.50523035571555 30.54022379924319, -101.47803773442364 29.971492633296922, -102.46957207531297 29.880467546353547, -102.50523035571555 30.54022379924319))"
60C,2016-11-06 10:55:00+00:00,2016-11-06 12:55:00+00:00,0.0,38000.0,"POLYGON ((-103.43629367775587 32.27054771787922, -103.36991577018475 31.60280166655382, -105.08905531175259 31.814454641160033, -103.43629367775587 32.27054771787922))"
2E,2016-11-06 11:55:00+00:00,2016-11-06 13:55:00+00:00,,,"POLYGON ((-69.48507956251063 41.36548188860833, -69.8720805770518 40.92340961831619, -70.18339018366736 40.87180154327645, -69.38650296309987 41.19146276882947, -69.83914680481446 40.93505364138905, -70.21609923860343 41.06910870920103, -69.90478963198788 41.12071678424078, -69.93772340422522 41.10907276116792, -69.48507956251063 41.36548188860833))"
66C,2016-11-06 11:55:00+00:00,2016-11-06 13:55:00+00:00,0.0,40000.0,"POLYGON ((-99.43431179750928 33.28126660524949, -98.76212910256062 32.85723857488899, -101.55385546389596 30.432835545989153, -102.90564347974994 31.103683594920987, -101.91 33.034524177054436, -99.43431179750928 33.28126660524949))"
65C,2016-11-06 11:55:00+00:00,2016-11-06 13:55:00+00:00,0.0,35000.0,"POLYGON ((-103.69439313310157 32.791422556980784, -102.69815748838782 31.67785091288645, -103.8276985688884 31.868648479490336, -103.69439313310157 32.791422556980784))"
67C,2016-11-06 11:55:00+00:00,2016-11-06 13:55:00+00:00,0.0,37000.0,"POLYGON ((-95.87211502214578 27.824332103723787, -96.40766272627792 26.9761169943968, -97.12889986254818 27.2318205056433, -97.09396177944545 27.592886835540096, -95.87211502214578 27.824332103723787))"
64C,2016-11-06 11:55:00+00:00,2016-11-06 13:55:00+00:00,0.0,34000.0,"POLYGON ((-103.53220000729459 35.3135472516008, -102.84 34.93371281826269, -103.6 34.74628718173732, -103.53220000729459 35.3135472516008))"
ECHO 11,2016-11-06 12:40:00+00:00,2016-11-06 16:40:00+00:00,,,"POLYGON ((-52.45 31.15, -59.15 21.15, -65.15 17.3, -68 16.45, -68 19.45, -60.3 31, -52.45 31.15))"
71C,2016-11-06 12:55:00+00:00,2016-11-06 14:55:00+00:00,0.0,36000.0,"POLYGON ((-97.31510479317295 27.632811469918217, -96.08605359984651 27.395466283970425, -97.44 27.17714530289553, -97.31510479317295 27.632811469918217))"
73C,2016-11-06 12:55:00+00:00,2016-11-06 14:55:00+00:00,0.0,37000.0,"POLYGON ((-99.07334718953754 29.417289366308122, -98.65020815837053 29.23916591529141, -98.83893185056934 28.838064795572592, -99.07334718953754 29.417289366308122))"
69C,2016-11-06 12:55:00+00:00,2016-11-06 14:55:00+00:00,0.0,32000.0,"POLYGON ((-99.15477138612522 33.64742716671772, -99.00686329508505 33.51280474434738, -99.5221381124045 32.946678290456006, -99.67004620344467 33.08130071282635, -99.15477138612522 33.64742716671772))"
72C,2016-11-06 12:55:00+00:00,2016-11-06 14:55:00+00:00,0.0,32000.0,"POLYGON ((-95.72976997318081 28.247626044201557, -95.15510191809048 27.732825765152626, -95.81018108749089 27.690552622420874, -95.72976997318081 28.247626044201557))"
3E,2016-11-06 12:55:00+00:00,2016-11-06 14:55:00+00:00,0.0,23000.0,"POLYGON ((-67.81663788602349 41.25879991802975, -67.59529795631192 39.37169576780594, -68.72302320957851 38.813181894151555, -70.69531442391234 40.04842595582746, -67.81663788602349 41.25879991802975))"
68C,2016-11-06 12:55:00+00:00,2016-11-06 14:55:00+00:00,0.0,31000.0,"POLYGON ((-102.58524200786651 35.60466129276366, -101.79659614848718 35.59730896476936, -102.69705229724292 34.61755741319226, -103.4008006047891 34.689719683932296, -102.58524200786651 35.60466129276366))"
70C,2016-11-06 12:55:00+00:00,2016-11-06 14:55:00+00:00,0.0,40000.0,"POLYGON ((-101.17795534788888 33.084475024991576, -99.38587799112418 32.31313634842084, -100.77171072674204 30.7017676424564, -102.98 31.23914187884179, -101.17795534788888 33.084475024991576))"
4E,2016-11-06 13:55:00+00:00,2016-11-06 15:55:00+00:00,0.0,25000.0,"POLYGON ((-67.80440202587403 40.55810345247593, -67.59529795631192 39.37169576780594, -68.64439000461954 38.65853257062535, -70.69531442391234 40.04842595582746, -67.80440202587403 40.55810345247593))"
75C,2016-11-06 13:55:00+00:00,2016-11-06 15:55:00+00:00,0.0,40000.0,"POLYGON ((-99.14488870346338 33.79775385358701, -99.07114236049313 32.47753989378691, -100.99014931504675 29.820933851134228, -102.60461000055965 31.656403517529085, -99.14488870346338 33.79775385358701))"
74C,2016-11-06 13:55:00+00:00,2016-11-06 15:55:00+00:00,0.0,31000.0,"POLYGON ((-102.29633257356403 35.509528570036835, -101.89111816659361 35.49419490607184, -102.5913035040351 34.704202420313884, -102.84 34.93371281826269, -102.29633257356403 35.509528570036835))"
5E,2016-11-06 14:55:00+00:00,2016-11-06 16:55:00+00:00,0.0,25000.0,"POLYGON ((-67.20588139869567 40.353886757935626, -67.00761984485005 38.886886920236115, -70.03 38.28535879674494, -69.20212328424691 39.73994761723672, -67.20588139869567 40.353886757935626))"
76C,2016-11-06 14:55:00+00:00,2016-11-06 16:55:00+00:00,0.0,36000.0,"POLYGON ((-99.19195388358558 33.988534277029245, -98.59087818783965 32.0279606345741, -100.91654238026068 29.667329654168437, -101.91324066807857 31.77441821727351, -99.19195388358558 33.988534277029245))"
77C,2016-11-06 14:55:00+00:00,2016-11-06 16:55:00+00:00,0.0,35000.0,"POLYGON ((-98.75880344859456 29.73367514407465, -98.1913736227868 29.5294293771092, -98.25910901104056 29.341248833008304, -98.82653883684833 29.545494599973754, -98.75880344859456 29.73367514407465))"
ECHO 12,2016-11-06 15:40:00+00:00,2016-11-06 19:40:00+00:00,0.0,40000.0,"POLYGON ((-59.15 32.45, -51.45 32.3, -57.3 25, -62.15 27.3, -59.15 32.45))"
GOLF 1,2016-11-06 15:45:00+00:00,2016-11-06 19:45:00+00:00,0.0,47000.0,"POLYGON ((-64 23.15, -59.45 21.45, -68 17.15, -67.45 19.45, -64 23.15))"
6E,2016-11-06 15:55:00+00:00,2016-11-06 17:55:00+00:00,0.0,25000.0,"POLYGON ((-67.00718342785322 40.285131084847016, -67.00761984485005 38.886886920236115, -68.64439000461954 38.65853257062535, -68.9609888033428 39.27681015139469, -67.00718342785322 40.285131084847016))"
78C,2016-11-06 15:55:00+00:00,2016-11-06 17:55:00+00:00,0.0,37000.0,"POLYGON ((-99.32929551556148 33.73312081889757, -98.17598765774108 31.97513444044588, -100.2285356388235 30.246439889586863, -101.46695399079593 31.753281987934677, -99.32929551556148 33.73312081889757))"
79C,2016-11-06 15:55:00+00:00,2016-11-06 17:55:00+00:00,0.0,35000.0,"POLYGON ((-98.87696207614582 30.13130228510374, -98.09755783314154 29.612227704080645, -98.20841975327346 29.445765592281397, -98.98782399627774 29.96484017330449, -98.87696207614582 30.13130228510374))"
80C,2016-11-06 16:55:00+00:00,2016-11-06 18:55:00+00:00,,,"POLYGON ((-99.39271252645453 32.61003870898891, -99.37745979610305 30.8485268537675, -99.84456484734466 30.32696763900238, -99.59265462785653 32.60522663179135, -99.5519232582122 30.91283573585818, -99.99354967016095 30.46039748038129, -99.52644461891934 30.98195669514642, -99.3519811568102 30.91764781305574, -99.39271252645453 32.61003870898891))"
7E,2016-11-06 16:55:00+00:00,2016-11-06 18:55:00+00:00,0.0,25000.0,"POLYGON ((-66.80889025182304 40.21603622357932, -67.00761984485005 38.886886920236115, -68.64439000461954 38.65853257062535, -67.8921964389949 39.61298209873834, -66.80889025182304 40.21603622357932))"
82C,2016-11-06 16:55:00+00:00,2016-11-06 18:55:00+00:00,0.0,34000.0,"POLYGON ((-99.04127770341822 34.48757533116807, -98.42227173927121 34.181824527358785, -98.51084383519056 34.00250641944869, -99.12984979933756 34.308257223257975, -99.04127770341822 34.48757533116807))"
81C,2016-11-06 16:55:00+00:00,2016-11-06 18:55:00+00:00,0.0,35000.0,"POLYGON ((-98.60147782575652 30.12701810274691, -98.10206313472835 29.836752286423394, -98.20256353197703 29.663837075545754, -98.7019782230052 29.95410289186927, -98.60147782575652 30.12701810274691))"
HOTEL 1,2016-11-06 17:25:00+00:00,2016-11-06 21:25:00+00:00,0.0,25000.0,"POLYGON ((-66.3 41, -63.15 40.45, -66.45 37, -68.3 37.3, -66.3 41))"
83C,2016-11-06 17:55:00+00:00,2016-11-06 19:55:00+00:00,,,"POLYGON ((-97.75793170449062 30.67714137427269, -99.49445932174439 30.69958964286117, -99.52053213362602 30.69647906463238, -99.98217959513431 30.578399018254, -99.49704452602631 30.49960635176209, -97.76051690877254 30.47715808317361, -99.93261917565297 30.38463688361249, -99.47097171414468 30.50271692999087, -97.75793170449062 30.67714137427269))"
84C,2016-11-06 18:55:00+00:00,2016-11-06 20:55:00+00:00,,,"POLYGON ((-97.53697054462225 31.55950696712904, -98.6217323805529 29.80551455687561, -99.93286405323127 30.35299053044191, -97.37336866925 31.44446599019176, -98.50139968480147 29.84027247119114, -99.85580053710066 30.53754733601025, -98.54466886442229 29.99007136244395, -98.66500156017372 29.95531344812842, -97.53697054462225 31.55950696712904))"
ECHO 13,2016-11-06 19:35:00+00:00,2016-11-06 23:35:00+00:00,0.0,39000.0,"POLYGON ((-58.3 31.45, -51.45 31.3, -58 23.45, -63 25.15, -58.3 31.45))"
85C,2016-11-06 19:55:00+00:00,2016-11-06 21:55:00+00:00,,,"POLYGON ((-97.412612955757 31.59490298493707, -97.77082700416207 30.36523721503397, -99.87108673455705 30.39686197540664, -97.22765903102865 31.51879749415238, -97.6768444577319 30.42717313508236, -99.86807556642506 30.59683930628812, -97.76781583603008 30.56521454591545, -97.86179838246025 30.50327862586705, -97.412612955757 31.59490298493707))"
90C,2016-11-06 20:55:00+00:00,2016-11-06 22:55:00+00:00,,,"POLYGON ((-105.5250462350869 37.44867109673704, -103.7246726199059 37.03391082236077, -104.4124877618161 36.29317328582817, -105.5532160396325 37.25066487938047, -103.8120374914285 37.00295215582687, -104.5590477003158 36.42926217011694, -103.8712325584056 37.16999970664954, -103.7838676868829 37.20095837318345, -105.5250462350869 37.44867109673704))"
86C,2016-11-06 20:55:00+00:00,2016-11-06 22:55:00+00:00,0.0,37000.0,"POLYGON ((-96.31 29.59184477868197, -94.98159760527773 28.75350453908465, -95.64277059200786 28.17015933080258, -97.40295305061021 29.25380946951011, -96.31 29.59184477868197))"
89C,2016-11-06 20:55:00+00:00,2016-11-06 22:55:00+00:00,0.0,30000.0,"POLYGON ((-102.98136612689065 34.86683570753226, -101.64667043592775 34.95606446013543, -101.63332956407226 34.756509903339214, -102.96802525503516 34.667281150736045, -102.98136612689065 34.86683570753226))"
88C,2016-11-06 20:55:00+00:00,2016-11-06 22:55:00+00:00,0.0,30000.0,"POLYGON ((-101.60112355990296 33.2549998273479, -99.68470657554813 32.30234639210232, -99.77373374956771 32.12325378397432, -101.69015073392254 33.0759072192199, -101.60112355990296 33.2549998273479))"
87C,2016-11-06 20:55:00+00:00,2016-11-06 22:55:00+00:00,0.0,35000.0,"POLYGON ((-97.07584017617052 31.259154555398418, -96.52453731204442 30.37615088275426, -98.22524131691368 29.435339105058752, -99.48407935094784 30.599568532994905, -97.07584017617052 31.259154555398418))"
INDIA 1,2016-11-06 21:15:00+00:00,2016-11-07 01:15:00+00:00,0.0,50000.0,"POLYGON ((-65.3 18.45, -63 16.3, -68 16, -68 18.15, -65.3 18.45))"
92C,2016-11-06 21:55:00+00:00,2016-11-06 23:55:00+00:00,0.0,36000.0,"POLYGON ((-96.37019852442019 31.338508877722262, -96.41856106979485 30.33768868937079, -98.09649557428806 28.870980160276076, -98.46 30.13910686720918, -96.37019852442019 31.338508877722262))"
91C,2016-11-06 21:55:00+00:00,2016-11-06 23:55:00+00:00,0.0,32000.0,"POLYGON ((-101.13131249206721 33.17293091230723, -99.98473507571632 32.56833977945932, -100.07802078735966 32.391428004828015, -101.22459820371056 32.99601913767592, -101.13131249206721 33.17293091230723))"
93C,2016-11-06 22:55:00+00:00,2016-11-07 00:55:00+00:00,,,"POLYGON ((-97.0656055202492 31.57177621438132, -95.5308666361116 29.86063295006845, -98.40218783698184 29.50129632295621, -97.06352598035787 31.35250571206337, -95.61433000892669 29.88948473968171, -96.86922480346315 31.533899914739, -96.89429006363584 31.40394176661938, -98.42702346595401 29.69974831093707, -95.55570226508377 30.05908493804931, -95.47223889226868 30.03023314843605, -96.92143486369986 31.49325412081771, -97.09067078042189 31.4418180662617, -97.0656055202492 31.57177621438132))"
ECHO 14,2016-11-06 23:30:00+00:00,2016-11-07 03:30:00+00:00,0.0,48000.0,"POLYGON ((-57.45 30.15, -53.15 27.45, -59.15 24.15, -61.45 24, -57.45 30.15))"
94C,2016-11-06 23:55:00+00:00,2016-11-07 01:55:00+00:00,0.0,36000.0,"POLYGON ((-96.2365459305921 31.35490531319664, -95.87273719150376 30.21014500936315, -96.06334317538533 30.149569775904734, -96.42715191447367 31.294330079738224, -96.2365459305921 31.35490531319664))"
95C,2016-11-06 23:55:00+00:00,2016-11-07 01:55:00+00:00,0.0,34000.0,"POLYGON ((-101.50398963698343 35.55705622487034, -101.50488432935177 35.02279252836089, -102.15633857207028 33.90420988483629, -102.9746956909629 34.76705842913415, -101.50398963698343 35.55705622487034))"
2C,2016-11-07 00:55:00+00:00,2016-11-07 02:55:00+00:00,0.0,36000.0,"POLYGON ((-95.98324695459475 31.59950306485461, -94.94212584025742 30.698694659328147, -96.31012243276145 29.956519387931614, -95.98324695459475 31.59950306485461))"
1C,2016-11-07 00:55:00+00:00,2016-11-07 02:55:00+00:00,0.0,34000.0,"POLYGON ((-101.26279028370438 35.41674807104275, -101.34126680286359 34.16926133255488, -102.1408233830789 34.16090029316504, -102.4552775052322 35.28726475362841, -101.26279028370438 35.41674807104275))"
3C,2016-11-07 00:55:00+00:00,2016-11-07 02:55:00+00:00,0.0,42000.0,"POLYGON ((-102.8869476756088 30.509046961854388, -102.43240222106333 30.509046961854388, -102.43240222106333 30.054501507308935, -102.8869476756088 30.054501507308935, -102.8869476756088 30.509046961854388))"
INDIA 2,2016-11-07 01:00:00+00:00,2016-11-07 05:00:00+00:00,0.0,50000.0,"POLYGON ((-65 18.15, -63 16.45, -63 15, -65 14.45, -68 16, -68 18, -65 18.15))"
5C,2016-11-07 01:55:00+00:00,2016-11-07 03:55:00+00:00,0.0,36000.0,"POLYGON ((-95.79508348603176 30.88148138018567, -95.12850908247381 30.420929395179435, -95.88121234322834 29.767934630286774, -96.50213508679136 29.95498799596341, -95.79508348603176 30.88148138018567))"
4C,2016-11-07 01:55:00+00:00,2016-11-07 03:55:00+00:00,0.0,35000.0,"POLYGON ((-101.43564446633134 35.69052683524906, -100.93153798912867 35.28793453962528, -101.5400498026955 34.00613045593652, -102.4664950855169 34.806113619945855, -101.43564446633134 35.69052683524906))"
6C,2016-11-07 02:55:00+00:00,2016-11-07 04:55:00+00:00,,,"POLYGON ((-101.3156928927 35.3879544229469, -101.7542371061645 35.30945720004586, -101.6761533088531 35.29067130503018, -100.5676633362409 34.44918472760218, -101.7189981687704 35.1125861323611, -101.2804539553059 35.19108335526215, -100.6885919934695 34.28988544994878, -101.7970819660817 35.13137202737678, -101.3156928927 35.3879544229469))"
8C,2016-11-07 02:55:00+00:00,2016-11-07 04:55:00+00:00,0.0,37000.0,"POLYGON ((-95.79508348603176 30.88148138018567, -94.99472216477376 30.086856707329652, -96.05782876873732 29.703441750288487, -95.79508348603176 30.88148138018567))"
7C,2016-11-07 02:55:00+00:00,2016-11-07 04:55:00+00:00,0.0,33000.0,"POLYGON ((-99.5416060613454 33.753672463550565, -97.96604772219742 33.57671841575747, -97.98836977081636 33.37796800407122, -99.56392810996435 33.55492205186432, -99.5416060613454 33.753672463550565))"
ECHO 15,2016-11-07 03:15:00+00:00,2016-11-07 07:15:00+00:00,0.0,45000.0,"POLYGON ((-54.3 28, -52 27, -59.15 23.45, -60.15 24.3, -54.3 28))"
9C,2016-11-07 03:55:00+00:00,2016-11-07 05:55:00+00:00,,,"POLYGON ((-101.2978482946645 35.38951863568811, -101.434618404841 35.38982654611264, -101.4980378658753 35.36732826042828, -101.7031943316959 35.20004462989816, -101.5851388838538 35.20615093140883, -100.4380159631486 34.45344039386004, -101.4350686635179 35.18982705294547, -101.2982985533414 35.18951914252094, -101.5768056683041 35.0450417080997, -101.3716492024836 35.21232533862982, -100.5477381954411 34.28622486904025, -101.6948611161462 35.03893540658903, -101.2978482946645 35.38951863568811))"
11C,2016-11-07 03:55:00+00:00,2016-11-07 05:55:00+00:00,0.0,37000.0,"POLYGON ((-95.28657823435283 30.792164438348426, -95.10502519327967 30.708268709749813, -95.6121193796264 29.610900665159257, -95.79367242069956 29.69479639375787, -95.28657823435283 30.792164438348426))"
10C,2016-11-07 03:55:00+00:00,2016-11-07 05:55:00+00:00,0.0,33000.0,"POLYGON ((-98.10845496793769 33.67968514903278, -98.08991035085202 33.48054676203232, -99.19351894495028 33.377774016414115, -99.21206356203595 33.576912403414575, -98.10845496793769 33.67968514903278))"
14C,2016-11-07 04:55:00+00:00,2016-11-07 06:55:00+00:00,0.0,36000.0,"POLYGON ((-95.057315340553 30.68528212798858, -94.8970195707397 30.565677503579806, -95.62274801525633 29.593046217254177, -95.78304378506964 29.71265084166295, -95.057315340553 30.68528212798858))"
13C,2016-11-07 04:55:00+00:00,2016-11-07 06:55:00+00:00,0.0,31000.0,"POLYGON ((-97.68982665942723 33.896180045737516, -97.63432402289139 33.70403567986235, -98.82749228930386 33.35937824317331, -98.8829949258397 33.551522609048476, -97.68982665942723 33.896180045737516))"
12C,2016-11-07 04:55:00+00:00,2016-11-07 06:55:00+00:00,0.0,35000.0,"POLYGON ((-100.93153798912867 35.28793453962528, -100.45171119610688 34.3145687387046, -101.42743468253245 33.865037105473995, -101.90935077458555 34.75543628142861, -100.93153798912867 35.28793453962528))"
20C,2016-11-07 05:55:00+00:00,2016-11-07 07:55:00+00:00,0.0,35000.0,"POLYGON ((-96.61439898142879 28.649009173440472, -95.81018108749089 27.690552622420874, -96.83670370688934 27.677387414636588, -96.61439898142879 28.649009173440472))"
15C,2016-11-07 05:55:00+00:00,2016-11-07 07:55:00+00:00,,,"POLYGON ((-101.8100004457603 33.81193647041854, -101.8393524209157 33.40595050443546, -103.1693524209157 32.07832099743864, -102.0099995542397 33.81133930424956, -102.0099995542397 33.47642564224743, -103.3106475790843 32.21986843923156, -101.9806475790843 33.54749794622838, -101.8100004457603 33.47702280841641, -101.8100004457603 33.81193647041854))"
18C,2016-11-07 05:55:00+00:00,2016-11-07 07:55:00+00:00,0.0,34000.0,"POLYGON ((-98.97051378277673 33.2208886067065, -97.59019083274751 33.05979627395309, -97.95172791611162 32.54835770245518, -99.66278222117943 32.479846239771256, -98.97051378277673 33.2208886067065))"
17C,2016-11-07 05:55:00+00:00,2016-11-07 07:55:00+00:00,0.0,32000.0,"POLYGON ((-98.83725721155886 33.88529292642758, -97.66333656822403 33.900099909015076, -97.66081411409459 33.70011581658479, -98.83473475742943 33.6853088339973, -98.83725721155886 33.88529292642758))"
21C,2016-11-07 05:55:00+00:00,2016-11-07 07:55:00+00:00,0.0,36000.0,"POLYGON ((-95.27920972457568 29.987624201236258, -95.08705266480104 29.93216552852617, -95.25392147011267 29.35398690596138, -95.44607852988732 29.40944557867147, -95.27920972457568 29.987624201236258))"
19C,2016-11-07 05:55:00+00:00,2016-11-07 07:55:00+00:00,0.0,33000.0,"POLYGON ((-97.87091677560134 31.72019193225098, -97.45004587034653 31.187466215731266, -97.60697972332382 31.063483290335473, -98.02785062857863 31.596209006855187, -97.87091677560134 31.72019193225098))"
16C,2016-11-07 05:55:00+00:00,2016-11-07 07:55:00+00:00,0.0,35000.0,"POLYGON ((-100.55983705803853 34.903969006029456, -100.12807506914854 34.425218304481746, -100.93556148510531 34.147004440261796, -101.64 34.56714530289553, -100.55983705803853 34.903969006029456))"
DELTA 1,2016-11-07 06:00:00+00:00,2016-11-07 10:00:00+00:00,31000.0,36000.0,"POLYGON ((-135 52, -133 50.3, -128 48.15, -130.3 45.3, -136 48.45, -135 52))"
23C,2016-11-07 06:55:00+00:00,2016-11-07 08:55:00+00:00,,,"POLYGON ((-100.2339441837314 34.68569244764031, -100.1019815977152 34.39870313195693, -100.5576327069739 34.17317627181262, -100.0343505229777 34.67294997586473, -100.046544053696 34.48195473754294, -100.6463512796893 34.35242195476023, -100.1907001704305 34.57794881490454, -100.2461377144497 34.49469720931852, -100.2339441837314 34.68569244764031))"
22C,2016-11-07 06:55:00+00:00,2016-11-07 08:55:00+00:00,,,"POLYGON ((-101.8100004457603 33.81193647041854, -101.8353917995976 33.41013881827664, -103.0392740570154 32.06120227655489, -102.0099995542397 33.81133930424956, -102.0099995542397 33.47642564224743, -103.1884904578201 32.19437309066547, -101.9846082004024 33.54330963238721, -101.8100004457603 33.47702280841641, -101.8100004457603 33.81193647041854))"
25C,2016-11-07 06:55:00+00:00,2016-11-07 08:55:00+00:00,0.0,36000.0,"POLYGON ((-95.20347920398022 29.652509198242285, -93.40266712337696 29.524855935199767, -96.31 27.76178626558165, -97.51193817282255 27.746276456047113, -95.20347920398022 29.652509198242285))"
24C,2016-11-07 06:55:00+00:00,2016-11-07 08:55:00+00:00,0.0,35000.0,"POLYGON ((-98.59 33.99, -97.283988814063 33.0742174826618, -99.17449711658395 32.478142307055975, -98.59 33.99))"
29C,2016-11-07 07:55:00+00:00,2016-11-07 09:55:00+00:00,0.0,36000.0,"POLYGON ((-94.58189559925312 29.957772380150647, -93.47527586187198 29.37097004870952, -96.74595456794538 27.643595852579647, -97.44 27.9, -94.58189559925312 29.957772380150647))"
27C,2016-11-07 07:55:00+00:00,2016-11-07 09:55:00+00:00,0.0,35000.0,"POLYGON ((-99.84047589164065 34.86545788888812, -99.74385361539457 34.69034610820783, -100.88725034698227 34.05944854992165, -100.98387262322835 34.234560330601944, -99.84047589164065 34.86545788888812))"
28C,2016-11-07 07:55:00+00:00,2016-11-07 09:55:00+00:00,0.0,32000.0,"POLYGON ((-97.29210503644055 33.1738875731319, -97.27587259168544 32.9745473921917, -99.65425027941049 32.7808740231765, -99.6704827241656 32.9802142041167, -97.29210503644055 33.1738875731319))"
26C,2016-11-07 07:55:00+00:00,2016-11-07 09:55:00+00:00,0.0,40000.0,"POLYGON ((-101.34807112123141 33.27462961236267, -101.25041930060468 33.10008986924299, -102.62556859105534 32.33071878248719, -102.72322041168208 32.50525852560687, -101.34807112123141 33.27462961236267))"
31C,2016-11-07 08:55:00+00:00,2016-11-07 10:55:00+00:00,,,"POLYGON ((-100.0457985549902 34.6858621782704, -100.071010935304 34.21093123176419, -101.6922033709178 33.66910032933367, -99.86252233807814 34.60580077487037, -100.0110710659041 34.26574367236103, -101.75559984903 33.85878661392738, -100.1344074134162 34.40061751635789, -100.1943472828162 34.34580507576105, -100.0457985549902 34.6858621782704))"
32C,2016-11-07 08:55:00+00:00,2016-11-07 10:55:00+00:00,0.0,35000.0,"POLYGON ((-97.72632266853579 34.017743509894764, -97.32087489072435 33.104967577383995, -99.29924413269605 32.949320588324674, -98.79065334543353 33.989837139728266, -97.72632266853579 34.017743509894764))"
33C,2016-11-07 08:55:00+00:00,2016-11-07 10:55:00+00:00,0.0,36000.0,"POLYGON ((-94.46578189163453 29.63871484929557, -93.47527586187198 29.37097004870952, -96.19204529250652 26.973907030931315, -97.06350101484523 27.899488443853752, -94.46578189163453 29.63871484929557))"
30C,2016-11-07 08:55:00+00:00,2016-11-07 10:55:00+00:00,0.0,40000.0,"POLYGON ((-100.64267201955435 33.17751679422053, -100.54153004042375 33.00497607422219, -102.1394290104347 32.06830057942172, -102.2405709895653 32.240841299420055, -100.64267201955435 33.17751679422053))"
35C,2016-11-07 09:55:00+00:00,2016-11-07 11:55:00+00:00,,,"POLYGON ((-100.051473366661 34.66885745269274, -99.9871512865969 34.27507834747716, -100.4485688330102 34.11734778364988, -99.85684752640735 34.62280550044803, -99.92218458770384 34.34667648018493, -100.5132612754777 34.30659600131013, -100.0518437290645 34.46432656513741, -100.1168104279575 34.39272843242964, -100.051473366661 34.66885745269274))"
36C,2016-11-07 09:55:00+00:00,2016-11-07 11:55:00+00:00,0.0,35000.0,"POLYGON ((-97.77352069931364 34.20852210402597, -96.88786665729897 33.177317743186066, -99.15812776515703 33.06625800447078, -99.01389302322328 33.6363505270807, -97.77352069931364 34.20852210402597))"
37C,2016-11-07 09:55:00+00:00,2016-11-07 11:55:00+00:00,0.0,36000.0,"POLYGON ((-94.17227936058497 29.753723960894575, -93.47527586187198 29.37097004870952, -95.88299178842712 27.318260627125028, -97.26618190893544 27.836224336875514, -94.17227936058497 29.753723960894575))"
34C,2016-11-07 09:55:00+00:00,2016-11-07 11:55:00+00:00,0.0,39000.0,"POLYGON ((-100.16405597525467 33.10557622230646, -100.08375970889615 32.922402780975894, -101.90819794299779 32.12263848471139, -101.9884942093563 32.305811926041955, -100.16405597525467 33.10557622230646))"
38C,2016-11-07 10:55:00+00:00,2016-11-07 12:55:00+00:00,,,"POLYGON ((-99.94103445414008 34.29604486979405, -99.82975842280759 32.6637771071139, -101.8553199245695 32.02112383739059, -100.139650843608 34.27256019745804, -99.95930819473395 32.74735238216709, -101.9158030789543 32.21175905983299, -99.89024157719241 32.8544123295563, -99.76069180526605 32.7708370545031, -99.94103445414008 34.29604486979405))"
39C,2016-11-07 10:55:00+00:00,2016-11-07 12:55:00+00:00,0.0,31000.0,"POLYGON ((-97.54220007213847 34.51611976028169, -97.283988814063 33.0742174826618, -98.78924160548745 33.58914083079105, -97.54220007213847 34.51611976028169))"
40C,2016-11-07 10:55:00+00:00,2016-11-07 12:55:00+00:00,0.0,35000.0,"POLYGON ((-93.8800718347491 29.861128297009255, -93.42773398863335 29.471786790507732, -93.80353351672373 28.668950387233526, -95.24742699699355 28.36857154434882, -93.8800718347491 29.861128297009255))"
41C,2016-11-07 10:55:00+00:00,2016-11-07 12:55:00+00:00,0.0,33000.0,"POLYGON ((-96.80617743785712 27.772614232807584, -95.59475790869848 27.38427700629657, -95.65581044676293 27.19382336995458, -96.86722997592156 27.58216059646559, -96.80617743785712 27.772614232807584))"
45C,2016-11-07 11:55:00+00:00,2016-11-07 13:55:00+00:00,,,"POLYGON ((-98.37686767770826 29.80721681310977, -97.18170633999587 28.0195511443229, -97.28322692186931 28.06226703992427, -96.06179378852926 28.29076360976281, -97.34797098457933 27.90839329277145, -98.54313232229173 29.69605896155831, -96.02501726936583 28.09417396700861, -97.24645040270589 27.86567739717007, -98.37686767770826 29.80721681310977))"
42C,2016-11-07 11:55:00+00:00,2016-11-07 13:55:00+00:00,,,"POLYGON ((-98.74965542815563 34.1200318762833, -98.62714288830617 33.70825327799969, -100.1251850850412 32.4041432586811, -98.9284232887451 34.03035438735623, -98.78218667070095 33.73883856035918, -100.2565047892413 32.55499131232714, -98.75846259250628 33.85910133164573, -98.60341881011149 33.82851604928624, -98.74965542815563 34.1200318762833))"
44C,2016-11-07 11:55:00+00:00,2016-11-07 13:55:00+00:00,0.0,36000.0,"POLYGON ((-93.81910307555934 29.88342798996715, -93.1835056596888 29.986274652438738, -93.11 28.642679398372472, -95.11427998141316 27.695978643763755, -93.81910307555934 29.88342798996715))"
43C,2016-11-07 11:55:00+00:00,2016-11-07 13:55:00+00:00,0.0,31000.0,"POLYGON ((-97.36975245604553 33.80913949721411, -97.2385115846683 33.27054178323852, -98.59 33.122574363474634, -98.59 33.84542906057911, -97.36975245604553 33.80913949721411))"
JULIETT 1,2016-11-07 12:00:00+00:00,2016-11-07 16:00:00+00:00,0.0,34000.0,"POLYGON ((-64 41, -62.3 39.3, -66 35, -68.45 37.45, -64 41))"
KILO 1,2016-11-07 12:05:00+00:00,2016-11-07 16:05:00+00:00,0.0,38000.0,"POLYGON ((-60.15 42, -55.15 40, -56.15 35.45, -62.45 40.3, -60.15 42))"
47C,2016-11-07 12:55:00+00:00,2016-11-07 14:55:00+00:00,0.0,37000.0,"POLYGON ((-98.9126012080232 34.10022898024189, -97.04 33.30371281826267, -99.9915584480148 32.747063879910776, -98.9126012080232 34.10022898024189))"
49C,2016-11-07 12:55:00+00:00,2016-11-07 14:55:00+00:00,0.0,33000.0,"POLYGON ((-96.05883859152364 28.22550341932625, -95.26959760376809 27.83597631904846, -95.73799481477053 26.51930474756988, -96.18749294777852 26.35771296768757, -96.05883859152364 28.22550341932625))"
48C,2016-11-07 12:55:00+00:00,2016-11-07 14:55:00+00:00,0.0,36000.0,"POLYGON ((-93.30114918483132 29.739163146498836, -93.11 28.838861545211955, -94.92675929289011 27.526243057020547, -94.94528541946798 28.255224275913758, -93.30114918483132 29.739163146498836))"
46C,2016-11-07 12:55:00+00:00,2016-11-07 14:55:00+00:00,0.0,30000.0,"POLYGON ((-100.29872728347469 37.25941115779838, -100.15286608045734 35.80542452821307, -100.97 36.75085812115821, -100.29872728347469 37.25941115779838))"
LIMA 1,2016-11-07 13:30:00+00:00,2016-11-07 17:30:00+00:00,0.0,48000.0,"POLYGON ((-67 21, -65.3 20.45, -64.45 18.45, -67.45 19, -67 21))"
52C,2016-11-07 13:55:00+00:00,2016-11-07 15:55:00+00:00,0.0,35000.0,"POLYGON ((-93.11 29.272574363474632, -93.11 28.838861545211955, -94.34293254314585 28.026545360709534, -94.65765232298908 28.488963551083692, -93.11 29.272574363474632))"
53C,2016-11-07 13:55:00+00:00,2016-11-07 15:55:00+00:00,0.0,37000.0,"POLYGON ((-96.4358986495522 28.49280941036247, -95.72976997318081 28.247626044201557, -95.56394954425976 27.15516211608156, -95.88796761695178 26.465597116069656, -96.4358986495522 28.49280941036247))"
51C,2016-11-07 13:55:00+00:00,2016-11-07 15:55:00+00:00,0.0,36000.0,"POLYGON ((-98.45612618604642 34.2570598298122, -97.04 33.30371281826267, -99.2251125489322 32.69970683790637, -99.86 32.91371281826268, -98.45612618604642 34.2570598298122))"
50C,2016-11-07 13:55:00+00:00,2016-11-07 15:55:00+00:00,0.0,30000.0,"POLYGON ((-100.24554298911904 37.03779776082166, -100.08499637872403 35.93912621586565, -100.97 36.75085812115821, -100.24554298911904 37.03779776082166))"
55C,2016-11-07 14:55:00+00:00,2016-11-07 16:55:00+00:00,0.0,36000.0,"POLYGON ((-98.03261134666779 34.17974396413633, -96.73466284966891 33.48444916676013, -97.59730707891978 32.39820072692072, -98.97051378277673 33.2208886067065, -98.03261134666779 34.17974396413633))"
54C,2016-11-07 14:55:00+00:00,2016-11-07 16:55:00+00:00,0.0,30000.0,"POLYGON ((-100.01783900434967 36.607053226856394, -100.08499637872403 35.93912621586565, -100.8318635908847 36.77278755432472, -100.01783900434967 36.607053226856394))"
56C,2016-11-07 14:55:00+00:00,2016-11-07 16:55:00+00:00,0.0,34000.0,"POLYGON ((-93.11 29.272574363474632, -92.54108417033676 28.936678513136577, -93.11 27.97143590868659, -94.49327970476419 28.083961709858862, -93.11 29.272574363474632))"
57C,2016-11-07 14:55:00+00:00,2016-11-07 16:55:00+00:00,0.0,38000.0,"POLYGON ((-96.1213911097752 28.359170723477217, -95.61439610160309 28.1448576801078, -95.43762868170505 26.626248553121815, -96.33704559049202 26.303537479575766, -96.53598144043798 27.565103031535052, -96.1213911097752 28.359170723477217))"
JULIETT 2,2016-11-07 15:50:00+00:00,2016-11-07 19:50:00+00:00,0.0,33000.0,"POLYGON ((-64.45 41, -62.45 40.15, -65.45 34.3, -69 34.3, -64.45 41))"
58C,2016-11-07 15:55:00+00:00,2016-11-07 17:55:00+00:00,0.0,35000.0,"POLYGON ((-97.5949818102185 33.85634449077845, -96.86427277160114 33.59480051591332, -96.88891790983827 32.562499391087925, -98.03037535567614 32.86609813104934, -97.5949818102185 33.85634449077845))"
KILO 2,2016-11-07 15:55:00+00:00,2016-11-07 19:55:00+00:00,0.0,31000.0,"POLYGON ((-61 41.45, -53.3 40, -56.3 36.45, -62 39.15, -61 41.45))"
MIKE 1,2016-11-07 16:00:00+00:00,2016-11-07 20:00:00+00:00,0.0,38000.0,"POLYGON ((-91.45 28.15, -94 26.15, -96 26.15, -93.15 28.15, -91.45 28.15))"
59C,2016-11-07 16:55:00+00:00,2016-11-07 18:55:00+00:00,0.0,35000.0,"POLYGON ((-97.31205467137534 34.092277473595175, -96.47674616855943 33.33930182712991, -97.04 32.53726208852721, -97.95829739608767 33.18498112909956, -97.31205467137534 34.092277473595175))"
LIMA 2,2016-11-07 17:30:00+00:00,2016-11-07 21:30:00+00:00,0.0,46000.0,"POLYGON ((-66.3 20.3, -61 20.15, -60.45 19.15, -67 19, -66.3 20.3))"
ALFA 1,2016-11-07 17:35:00+00:00,2016-11-07 21:35:00+00:00,0.0,49000.0,"POLYGON ((-65.3 18.15, -64.3 17, -67.15 15.45, -68 16, -68 17, -65.3 18.15))"
60C,2016-11-07 17:55:00+00:00,2016-11-07 19:55:00+00:00,0.0,35000.0,"POLYGON ((-96.74501818978149 33.85634449077845, -95.93725590170112 33.24716666333695, -96.81376517569211 32.40868157310378, -97.59019083274751 33.05979627395309, -96.74501818978149 33.85634449077845))"
61C,2016-11-07 17:55:00+00:00,2016-11-07 19:55:00+00:00,0.0,35000.0,"POLYGON ((-97.83830407963158 31.51105005136126, -97.64152912834432 31.47527829510169, -97.7882278222875 30.668311252580573, -97.98500277357476 30.704083008840144, -97.83830407963158 31.51105005136126))"
64C,2016-11-07 18:55:00+00:00,2016-11-07 20:55:00+00:00,,,"POLYGON ((-98.27274038510423 29.47898072406397, -97.52600863147077 28.00926896202609, -97.53551179979841 28.02443668009352, -97.4086453175131 27.85731608673387, -97.70431404395401 27.91867547506826, -98.45104579758747 29.38838723710614, -97.56794439334107 27.73638716364118, -97.69481087562637 27.90350775700083, -98.27274038510423 29.47898072406397))"
63C,2016-11-07 18:55:00+00:00,2016-11-07 20:55:00+00:00,0.0,35000.0,"POLYGON ((-97.56148575958271 31.28212545502722, -97.36683388807624 31.236183655769615, -97.58741155625792 30.301613033418818, -97.78206342776438 30.347554832676423, -97.56148575958271 31.28212545502722))"
62C,2016-11-07 18:55:00+00:00,2016-11-07 20:55:00+00:00,0.0,36000.0,"POLYGON ((-96.20475842274033 33.8742661195175, -96.55537885791304 32.460156528309916, -97.10596998213867 33.00354882484096, -100.01823536821655 32.424576103338275, -99.86 32.76914187884178, -96.20475842274033 33.8742661195175))"
JULIETT 3,2016-11-07 19:50:00+00:00,2016-11-07 23:50:00+00:00,0.0,31000.0,"POLYGON ((-62.45 40.45, -64.45 34.3, -68.3 33.45, -66 40.3, -62.45 40.45))"
67C,2016-11-07 19:55:00+00:00,2016-11-07 21:55:00+00:00,,,"POLYGON ((-98.37685320579445 29.52810044227023, -97.41379675977672 28.03936419337795, -97.48579187576685 27.57517798545979, -98.54314679420554 29.41698589572765, -97.5957620336648 27.99913363120956, -97.68342883513192 27.60583140766559, -97.61143371914179 28.07001761558375, -97.4294684452537 28.11024817775214, -98.37685320579445 29.52810044227023))"
KILO 3,2016-11-07 19:55:00+00:00,2016-11-07 23:55:00+00:00,0.0,31000.0,"POLYGON ((-62.45 42, -57.15 41, -57.3 38.3, -62.15 37.3, -62.45 42))"
65C,2016-11-07 19:55:00+00:00,2016-11-07 21:55:00+00:00,0.0,36000.0,"POLYGON ((-95.78000000000002 33.98257436347464, -96.43491458184334 32.357406456962885, -96.86787225129888 32.8698821399123, -96.6779246588407 33.80010786279993, -95.78000000000002 33.98257436347464))"
68C,2016-11-07 19:55:00+00:00,2016-11-07 21:55:00+00:00,0.0,34000.0,"POLYGON ((-99.52961694779302 33.147399759721594, -99.5614639464935 31.134009035017478, -100.32077315201202 31.10280294506247, -99.86 33.058283757683576, -99.52961694779302 33.147399759721594))"
66C,2016-11-07 19:55:00+00:00,2016-11-07 21:55:00+00:00,0.0,35000.0,"POLYGON ((-97.2979718453308 31.56348381223122, -97.11221841589915 31.48935107011024, -97.59186077729532 30.28751756198713, -97.77761420672698 30.36165030410811, -97.2979718453308 31.56348381223122))"
70C,2016-11-07 20:55:00+00:00,2016-11-07 22:55:00+00:00,0.0,35000.0,"POLYGON ((-97.04821468504574 31.808439381593033, -96.86336109745537 31.73209050370364, -97.43757320620482 30.341825561055302, -97.62242679379519 30.418174438944696, -97.04821468504574 31.808439381593033))"
71C,2016-11-07 20:55:00+00:00,2016-11-07 22:55:00+00:00,0.0,34000.0,"POLYGON ((-100.0896360376392 31.676177754081056, -99.53448378882781 31.811749939020554, -99.462567625348 30.90619285961957, -100.177432374652 30.90619285961957, -100.0896360376392 31.676177754081056))"
69C,2016-11-07 20:55:00+00:00,2016-11-07 22:55:00+00:00,0.0,36000.0,"POLYGON ((-96.36510119479414 33.93074439569167, -95.78000000000002 33.838003424053746, -96.43491458184334 32.357406456962885, -96.86787225129888 32.8698821399123, -96.36510119479414 33.93074439569167))"
ALFA 2,2016-11-07 21:15:00+00:00,2016-11-08 01:15:00+00:00,0.0,50000.0,"POLYGON ((-64.45 18, -63.3 17, -65.3 15.15, -68 16, -71.15 16, -64.45 18))"
ECHO 1,2016-11-07 21:15:00+00:00,2016-11-08 01:15:00+00:00,0.0,50000.0,"POLYGON ((-134.3 12.15, -131.45 10, -133.45 5.45, -137 10, -134.3 12.15))"
72C,2016-11-07 21:55:00+00:00,2016-11-07 23:55:00+00:00,0.0,35000.0,"POLYGON ((-97.96084070233627 27.708021420033184, -97.73628050297819 26.688087754764904, -98.58080251356293 26.36071197444865, -99.07389513651403 27.3522388879222, -97.96084070233627 27.708021420033184))"
74C,2016-11-07 21:55:00+00:00,2016-11-07 23:55:00+00:00,0.0,37000.0,"POLYGON ((-99.60340763188562 31.36722001721092, -99.04190690953568 30.874309919322872, -100.05803546518086 30.804237557308944, -99.60340763188562 31.36722001721092))"
73C,2016-11-07 21:55:00+00:00,2016-11-07 23:55:00+00:00,0.0,35000.0,"POLYGON ((-96.73772054954831 31.904494101285845, -96.54393652340589 31.855019348006724, -96.96942130385727 30.188469272394883, -97.1632053299997 30.237944025674004, -96.73772054954831 31.904494101285845))"
77C,2016-11-07 22:55:00+00:00,2016-11-08 00:55:00+00:00,0.0,38000.0,"POLYGON ((-97.65351710230935 28.931717304970032, -97.44 28.565475822945565, -98.6192288751735 28.18354971880697, -98.89555626516638 28.717059469156037, -97.65351710230935 28.931717304970032))"
75C,2016-11-07 22:55:00+00:00,2016-11-08 00:55:00+00:00,0.0,38000.0,"POLYGON ((-97.97015492100442 27.428424099833215, -97.80810934579802 26.841598529642358, -98.58080251356293 26.36071197444865, -99.07389513651403 27.3522388879222, -97.97015492100442 27.428424099833215))"
76C,2016-11-07 22:55:00+00:00,2016-11-08 00:55:00+00:00,0.0,38000.0,"POLYGON ((-99.4340979726229 31.365996874196135, -99.10284466402851 31.21139674257982, -99.14816468576737 30.59827415449647, -99.94890796381131 30.86706873506423, -99.4340979726229 31.365996874196135))"
78C,2016-11-07 22:55:00+00:00,2016-11-08 00:55:00+00:00,0.0,35000.0,"POLYGON ((-99.25061686533047 32.989668983335854, -98.59 33.122574363474634, -99.3774569289416 32.07017041893711, -99.73895480296152 32.37771497438736, -99.25061686533047 32.989668983335854))"
JULIETT 4,2016-11-07 23:15:00+00:00,2016-11-08 03:15:00+00:00,0.0,35000.0,"POLYGON ((-63.45 41.45, -56 41.15, -57 38.45, -62.15 36.15, -68.15 35.3, -63.45 41.45))"
80C,2016-11-07 23:55:00+00:00,2016-11-08 01:55:00+00:00,0.0,38000.0,"POLYGON ((-99.13244264681249 31.18639615938597, -98.56424296641617 31.03963836001001, -98.93007078991528 30.278638148145525, -99.6834921422062 30.48228812869488, -99.13244264681249 31.18639615938597))"
79C,2016-11-07 23:55:00+00:00,2016-11-08 01:55:00+00:00,0.0,39000.0,"POLYGON ((-98.13800842549155 28.511602519260638, -97.62717809636031 26.454054535705378, -99.0485135989232 26.67811109526409, -99.16933347451484 28.01403981592533, -98.13800842549155 28.511602519260638))"
81C,2016-11-07 23:55:00+00:00,2016-11-08 01:55:00+00:00,0.0,37000.0,"POLYGON ((-99.38412620085222 32.64507977296659, -99.00312802733285 32.477097385483304, -99.25749891665602 31.967428111878395, -99.86 32.1908581211582, -99.38412620085222 32.64507977296659))"
3C,2016-11-08 00:55:00+00:00,2016-11-08 02:55:00+00:00,0.0,37000.0,"POLYGON ((-98.94575117331155 32.795030997392566, -98.54011334103812 32.099380884246195, -99.9088440199936 31.559864288047677, -100.149758896214 31.98447010861638, -98.94575117331155 32.795030997392566))"
2C,2016-11-08 00:55:00+00:00,2016-11-08 02:55:00+00:00,0.0,37000.0,"POLYGON ((-98.98242193513745 31.312908419662534, -98.12561529316277 30.889785047747328, -98.71598134464557 30.174018711206724, -99.48407935094784 30.599568532994905, -98.98242193513745 31.312908419662534))"
1C,2016-11-08 00:55:00+00:00,2016-11-08 02:55:00+00:00,0.0,41000.0,"POLYGON ((-98.02111673075382 28.409915744927837, -97.67090878335102 27.695353468838967, -99.18997013020986 27.27535686661103, -99.16933347451484 28.01403981592533, -98.02111673075382 28.409915744927837))"
ECHO 2,2016-11-08 01:00:00+00:00,2016-11-08 05:00:00+00:00,0.0,50000.0,"POLYGON ((-140 11.3, -126.3 10.45, -130.45 8.15, -140 8, -140 11.3))"
ALFA 3,2016-11-08 01:15:00+00:00,2016-11-08 05:15:00+00:00,0.0,50000.0,"POLYGON ((-64.15 18.3, -63.15 16.3, -65.15 15, -68 16, -70.15 16, -69 17, -64.15 18.3))"
OSCAR 1,2016-11-08 01:15:00+00:00,2016-11-08 05:15:00+00:00,0.0,54000.0,"POLYGON ((164.1 13.4, 167 12.5, 164.2 9.3, 160.5 11, 164.1 13.4))"
5C,2016-11-08 01:55:00+00:00,2016-11-08 03:55:00+00:00,0.0,38000.0,"POLYGON ((-98.36385544514714 31.268058395632615, -98.00598879430139 30.788045887132, -99.34692648033523 30.19023577213862, -99.82 30.889141878841787, -98.36385544514714 31.268058395632615))"
6C,2016-11-08 01:55:00+00:00,2016-11-08 03:55:00+00:00,0.0,37000.0,"POLYGON ((-99.0659044784045 32.75413302977831, -98.3730108208536 32.04253345908895, -100.2934749516132 31.42522988011675, -100.64522534163262 31.770550636188467, -99.0659044784045 32.75413302977831))"
4C,2016-11-08 01:55:00+00:00,2016-11-08 03:55:00+00:00,0.0,40000.0,"POLYGON ((-98.19759769430313 28.17455224056444, -97.78603822055454 27.592886835540096, -99.23359224758194 27.07917757716514, -99.42 28.05828375768358, -98.19759769430313 28.17455224056444))"
7C,2016-11-08 01:55:00+00:00,2016-11-08 03:55:00+00:00,0.0,39000.0,"POLYGON ((-97.84665281046244 29.417289366308122, -97.81843401215372 28.700879307659143, -98.46 28.91714530289553, -98.33302788810695 29.372807267868655, -97.84665281046244 29.417289366308122))"
8C,2016-11-08 02:55:00+00:00,2016-11-08 04:55:00+00:00,0.0,40000.0,"POLYGON ((-99.42 28.478213734418357, -98.89934049783297 27.67003109487547, -99.42 27.48, -100.22077112482648 28.183549718806965, -99.42 28.478213734418357))"
10C,2016-11-08 02:55:00+00:00,2016-11-08 04:55:00+00:00,0.0,37000.0,"POLYGON ((-98.87393805654176 32.47615613789508, -98.54011334103812 32.099380884246195, -100.30135187927851 31.062504521338145, -100.45 31.53636895573639, -98.87393805654176 32.47615613789508))"
9C,2016-11-08 02:55:00+00:00,2016-11-08 04:55:00+00:00,0.0,38000.0,"POLYGON ((-98.20815107746711 31.32461769646743, -98.20031823518194 30.378289244357866, -99.6279638327521 30.199160574723766, -99.82 30.889141878841787, -98.20815107746711 31.32461769646743))"
ECHO 3,2016-11-08 03:00:00+00:00,2016-11-08 07:00:00+00:00,0.0,50000.0,"POLYGON ((-132.15 12.15, -127 10.15, -129.15 8.3, -140 7.3, -140 11.45, -132.15 12.15))"
JULIETT 5,2016-11-08 03:15:00+00:00,2016-11-08 07:15:00+00:00,0.0,35000.0,"POLYGON ((-55.45 42.15, -58 34.15, -68.15 35.3, -64.15 41.15, -55.45 42.15))"
12C,2016-11-08 03:55:00+00:00,2016-11-08 05:55:00+00:00,0.0,39000.0,"POLYGON ((-98.20815107746711 31.32461769646743, -97.84000083167903 30.490283930826017, -99.6279638327521 30.199160574723766, -99.69109203618869 30.86706873506423, -98.20815107746711 31.32461769646743))"
11C,2016-11-08 03:55:00+00:00,2016-11-08 05:55:00+00:00,0.0,38000.0,"POLYGON ((-99.42 28.202854697104474, -99.29497401116467 27.74707639005284, -99.53533516688434 27.582179559679375, -99.99883715737353 27.989937262150494, -99.42 28.202854697104474))"
13C,2016-11-08 03:55:00+00:00,2016-11-08 05:55:00+00:00,0.0,37000.0,"POLYGON ((-98.0727344637682 32.865757214318535, -97.52462114208697 32.460156528309916, -99.13780923952976 31.86457325302035, -99.38587799112418 32.31313634842084, -98.0727344637682 32.865757214318535))"
ALFA 4,2016-11-08 04:45:00+00:00,2016-11-08 08:45:00+00:00,0.0,48000.0,"POLYGON ((-63.15 19, -62 18, -64.45 15, -67.45 15.45, -63.15 19))"
15C,2016-11-08 04:55:00+00:00,2016-11-08 06:55:00+00:00,0.0,37000.0,"POLYGON ((-98.22843508842287 32.864381406522625, -97.76990830639855 32.61321286290881, -98.10562910184912 32.36312409063965, -98.67674048876654 32.47446493334528, -98.22843508842287 32.864381406522625))"
14C,2016-11-08 04:55:00+00:00,2016-11-08 06:55:00+00:00,0.0,39000.0,"POLYGON ((-100.13750247728936 31.258971372398964, -97.78793969839906 30.914011269540946, -97.83929971414611 30.268985945881873, -99.12533679976698 29.63833950893679, -100.13750247728936 31.258971372398964))"
OSCAR 2,2016-11-08 04:58:00+00:00,2016-11-08 08:55:00+00:00,0.0,53000.0,"POLYGON ((165.2 13.2, 168.2 11.5, 164 8.3, 160 11.1, 165.2 13.2))"
PAPA 1,2016-11-08 05:03:00+00:00,2016-11-08 09:00:00+00:00,0.0,54000.0,"POLYGON ((-140 12, -140 7.3, -144.3 8.2, -144.2 11.1, -140 12))"
17C,2016-11-08 05:55:00+00:00,2016-11-08 07:55:00+00:00,0.0,37000.0,"POLYGON ((-97.67768873397448 33.08968278946038, -97.52462114208697 32.460156528309916, -98.91350865539334 32.14450680365216, -97.67768873397448 33.08968278946038))"
16C,2016-11-08 05:55:00+00:00,2016-11-08 07:55:00+00:00,0.0,43000.0,"POLYGON ((-100.33040141720485 31.26771742172556, -97.46415982382948 31.259154555398418, -99.27754062378689 28.921904037127625, -100.33040141720485 31.26771742172556))"
JULIETT 6,2016-11-08 06:45:00+00:00,2016-11-08 10:45:00+00:00,0.0,39000.0,"POLYGON ((-57 43, -56 34.45, -68.45 34.15, -65.15 41.45, -57 43))"
ECHO 4,2016-11-08 06:45:00+00:00,2016-11-08 10:45:00+00:00,0.0,56000.0,"POLYGON ((-127.45 12.45, -126.3 7.45, -140 7.3, -140 12.45, -127.45 12.45))"
19C,2016-11-08 06:55:00+00:00,2016-11-08 08:55:00+00:00,0.0,38000.0,"POLYGON ((-97.67768873397448 33.08968278946038, -97.17134616451412 32.60279906770049, -98.3730108208536 32.04253345908895, -97.67768873397448 33.08968278946038))"
18C,2016-11-08 06:55:00+00:00,2016-11-08 08:55:00+00:00,0.0,40000.0,"POLYGON ((-97.27 31.226287181737312, -98.46 29.64, -100.0120361672479 30.199160574723766, -97.27 31.226287181737312))"
20C,2016-11-08 07:55:00+00:00,2016-11-08 09:55:00+00:00,,,"POLYGON ((-97.6148606606109 30.65617821582804, -97.65586279592888 30.23121721294004, -98.72775757320011 29.55503567771725, -97.4451393393891 30.55037333350813, -97.62435604093183 30.26289231463721, -98.8344653844278 29.7241907634315, -97.76257060715658 30.40037229865429, -97.79407736215363 30.36869719695711, -97.6148606606109 30.65617821582804))"
21C,2016-11-08 07:55:00+00:00,2016-11-08 09:55:00+00:00,0.0,37000.0,"POLYGON ((-97.43405742440868 32.82346617304731, -97.28125041921177 32.69443121978752, -98.21265560487394 31.591433671833663, -98.36546261007085 31.720468625093453, -97.43405742440868 32.82346617304731))"
OSCAR 3,2016-11-08 08:25:00+00:00,2016-11-08 12:25:00+00:00,0.0,53000.0,"POLYGON ((165 13.3, 167.2 10.3, 162.5 7.5, 158.5 11.5, 165 13.3))"
22C,2016-11-08 08:55:00+00:00,2016-11-08 10:55:00+00:00,,,"POLYGON ((-97.6002616601786 30.61861369369854, -98.30346065134296 29.6434708983935, -98.575720720441 29.40655879181426, -97.4597383398214 30.47629996830359, -98.29884276914566 29.64775205271888, -98.70700827640361 29.55743482585997, -98.43474820730557 29.79434693243921, -98.43936608950287 29.79006577811383, -97.6002616601786 30.61861369369854))"
23C,2016-11-08 08:55:00+00:00,2016-11-08 10:55:00+00:00,0.0,37000.0,"POLYGON ((-97.59710115222727 32.52905245075866, -97.45214113194668 32.39126060586117, -98.2165790973321 31.58705522601481, -98.3615391176127 31.724847070912304, -97.59710115222727 32.52905245075866))"
25C,2016-11-08 09:55:00+00:00,2016-11-08 11:55:00+00:00,0.0,37000.0,"POLYGON ((-97.484210523599 32.6223509204585, -97.32355322328594 32.50323235827729, -98.2835267949906 31.20849911454201, -98.44418409530367 31.327617676723218, -97.484210523599 32.6223509204585))"
26C,2016-11-08 09:55:00+00:00,2016-11-08 11:55:00+00:00,0.0,36000.0,"POLYGON ((-89.93083984858406 29.051721258988195, -89.8017452513882 28.89896463891941, -90.35025029794943 28.435423104589646, -90.47934489514529 28.58817972465843, -89.93083984858406 29.051721258988195))"
24C,2016-11-08 09:55:00+00:00,2016-11-08 11:55:00+00:00,0.0,42000.0,"POLYGON ((-97.17338470206887 30.686197130710358, -98.50171986902927 28.28320361789678, -99.29166585715862 29.637405507134737, -97.17338470206887 30.686197130710358))"
BRAVO 1,2016-11-08 10:20:00+00:00,2016-11-08 14:20:00+00:00,0.0,34000.0,"POLYGON ((-54.45 38.3, -53.45 36, -55 34.15, -56.15 37.3, -54.45 38.3))"
JULIETT 7,2016-11-08 10:20:00+00:00,2016-11-08 14:20:00+00:00,0.0,37000.0,"POLYGON ((-59.45 43.3, -54.3 39.45, -65 36.15, -66.45 40.3, -59.45 43.3))"
ECHO 5,2016-11-08 10:25:00+00:00,2016-11-08 14:25:00+00:00,0.0,56000.0,"POLYGON ((-127.3 13.15, -126.15 7.3, -140 7.3, -140.15 13.15, -127.3 13.15))"
27C,2016-11-08 10:55:00+00:00,2016-11-08 12:55:00+00:00,0.0,40000.0,"POLYGON ((-98.18866225714201 29.875005050472808, -97.57856898521712 29.318752834249235, -98.48720888972468 28.278039698772762, -99.16559175280365 29.383466091862633, -98.18866225714201 29.875005050472808))"
28C,2016-11-08 10:55:00+00:00,2016-11-08 12:55:00+00:00,0.0,35000.0,"POLYGON ((-97.52462114208697 32.460156528309916, -97.20509513061498 31.52641744117073, -98.05225982236678 31.380988855197657, -97.52462114208697 32.460156528309916))"
29C,2016-11-08 10:55:00+00:00,2016-11-08 12:55:00+00:00,0.0,35000.0,"POLYGON ((-98.5726847493407 27.227805118765996, -98.32651382420126 26.32998012516385, -98.5193949948147 26.277094833987682, -98.76556591995414 27.17491982758983, -98.5726847493407 27.227805118765996))"
QUEBEC 1,2016-11-08 10:56:00+00:00,2016-11-08 15:00:00+00:00,0.0,53000.0,"POLYGON ((-140.1 13.1, -140.1 7.3, -146.1 8.1, -147.1 10.3, -140.1 13.1))"
30C,2016-11-08 11:55:00+00:00,2016-11-08 13:55:00+00:00,0.0,38000.0,"POLYGON ((-97.30963483202318 29.918700474297374, -97.12067642780897 29.463423173109778, -98.13731967478604 28.15291100184005, -99.39981812687665 28.81320377378853, -97.30963483202318 29.918700474297374))"
34C,2016-11-08 11:55:00+00:00,2016-11-08 13:55:00+00:00,0.0,34000.0,"POLYGON ((-99.29166585715862 29.637405507134737, -99.85349460982958 29.024918812780733, -100.53494229718144 29.564248123733606, -99.29166585715862 29.637405507134737))"
31C,2016-11-08 11:55:00+00:00,2016-11-08 13:55:00+00:00,0.0,33000.0,"POLYGON ((-97.27 32.09371281826268, -97.27 31.370858121158214, -97.8961816667922 31.437171228573096, -97.27 32.09371281826268))"
33C,2016-11-08 11:55:00+00:00,2016-11-08 13:55:00+00:00,0.0,34000.0,"POLYGON ((-97.12268309276497 26.553539230578743, -96.1773541369038 26.457197662560933, -96.19763175865324 26.258228272814204, -97.14296071451442 26.354569840832013, -97.12268309276497 26.553539230578743))"
32C,2016-11-08 11:55:00+00:00,2016-11-08 13:55:00+00:00,0.0,35000.0,"POLYGON ((-98.4229683032625 27.17161830467326, -98.17710675023336 26.275670261361398, -98.36997664830635 26.222743874583976, -98.61583820133548 27.118691917895838, -98.4229683032625 27.17161830467326))"
OSCAR 4,2016-11-08 12:11:00+00:00,2016-11-08 16:10:00+00:00,0.0,54000.0,"POLYGON ((160.2 13.2, 165.5 11, 162.4 8.1, 158.2 11.3, 160.2 13.2))"
35C,2016-11-08 12:55:00+00:00,2016-11-08 14:55:00+00:00,0.0,38000.0,"POLYGON ((-97.2366343558858 29.764852796737184, -97.25887812891403 28.756685882953278, -98.55123165489529 27.79563508947908, -98.96739629600366 28.5631007091971, -97.2366343558858 29.764852796737184))"
39C,2016-11-08 12:55:00+00:00,2016-11-08 14:55:00+00:00,0.0,32000.0,"POLYGON ((-99.91094194222673 29.918733319727664, -99.72905805777326 29.835557286063406, -100.06738903040772 29.09571734873157, -100.2492729148612 29.178893382395827, -99.91094194222673 29.918733319727664))"
37C,2016-11-08 12:55:00+00:00,2016-11-08 14:55:00+00:00,0.0,34000.0,"POLYGON ((-96.92777470709954 26.42811297737666, -96.19149905826717 26.457632690859487, -96.18348683728988 26.25779324451565, -96.91976248612225 26.228273531032823, -96.92777470709954 26.42811297737666))"
36C,2016-11-08 12:55:00+00:00,2016-11-08 14:55:00+00:00,0.0,38000.0,"POLYGON ((-98.54317908591048 26.827807082885897, -98.04886894902877 26.260409797285625, -98.1996687601504 26.1290346970357, -98.69397889703211 26.69643198263597, -98.54317908591048 26.827807082885897))"
38C,2016-11-08 12:55:00+00:00,2016-11-08 14:55:00+00:00,0.0,34000.0,"POLYGON ((-97.2887897437978 27.955242381369317, -96.45851007804562 27.896523516140274, -97.19081805137544 27.365511616717818, -97.2887897437978 27.955242381369317))"
BRAVO 2,2016-11-08 13:40:00+00:00,2016-11-08 17:40:00+00:00,0.0,34000.0,"POLYGON ((-54 40.45, -51.45 38.45, -53.3 35.45, -56.15 38.45, -54 40.45))"
40C,2016-11-08 13:55:00+00:00,2016-11-08 15:55:00+00:00,,,"POLYGON ((-97.29520534634436 30.12033304232423, -97.61541642330586 27.80086441850876, -99.18308750017789 27.57816626785056, -96.56321533436162 28.68376340793014, -97.56432931812643 27.82400691818221, -97.46859888678996 30.02066017675018, -96.71506367554404 28.70979048944012, -99.21121643173828 27.77617829579147, -97.64354535486625 27.99887644644967, -97.69463246004568 27.97573394677622, -96.69351847628087 28.83549043652415, -96.54167013509844 28.80946335501417, -97.29520534634436 30.12033304232423))"
42C,2016-11-08 13:55:00+00:00,2016-11-08 15:55:00+00:00,0.0,33000.0,"POLYGON ((-98.10198317606388 27.310217183571183, -97.38 26.75184477868197, -95.66178901995272 26.546515973738497, -95.90024978959222 25.91248758424627, -98.23679066635434 26.235811923653003, -98.10198317606388 27.310217183571183))"
41C,2016-11-08 13:55:00+00:00,2016-11-08 15:55:00+00:00,0.0,41000.0,"POLYGON ((-97.23619816962031 27.991460029652302, -96.34563473570223 27.600274854742104, -96.42606827695 27.417161650842587, -97.31663171086808 27.808346825752785, -97.23619816962031 27.991460029652302))"
JULIETT 8,2016-11-08 14:10:00+00:00,2016-11-08 18:10:00+00:00,0.0,37000.0,"POLYGON ((-55.45 42, -56.45 38.15, -64.15 38.15, -63.45 41.45, -55.45 42))"
ECHO 6,2016-11-08 14:10:00+00:00,2016-11-08 18:10:00+00:00,0.0,52000.0,"POLYGON ((-140 13, -127 12.45, -126.45 7.45, -140 7.3, -140 13))"
43C,2016-11-08 14:55:00+00:00,2016-11-08 16:55:00+00:00,,,"POLYGON ((-96.61608422928441 29.01643933374691, -97.39421664104304 27.95921926446222, -97.26380133780538 27.98661526927881, -97.04042122215074 27.85806572019094, -97.23314206147316 27.84066556432434, -96.45500964971453 28.89788563360903, -97.1401772490562 27.68472001041987, -97.36355736471083 27.81326955950775, -96.61608422928441 29.01643933374691))"
44C,2016-11-08 14:55:00+00:00,2016-11-08 16:55:00+00:00,0.0,32000.0,"POLYGON ((-98.3495813800069 28.22896202010349, -97.6271140353307 27.499175345956974, -97.8744920640481 26.96435702364595, -99.23223116888164 27.880572338197318, -98.3495813800069 28.22896202010349))"
45C,2016-11-08 14:55:00+00:00,2016-11-08 16:55:00+00:00,0.0,37000.0,"POLYGON ((-97.06713021558713 27.098102234549955, -96.03780030960671 26.4117330179759, -96.09411645212177 25.914327098935846, -98.12426885458959 26.194722247160662, -97.06713021558713 27.098102234549955))"
OSCAR 5,2016-11-08 15:03:00+00:00,2016-11-08 19:00:00+00:00,0.0,52000.0,"POLYGON ((161.5 13.4, 166.1 11.2, 163.1 7.4, 159.4 10, 161.5 13.4))"
46C,2016-11-08 15:55:00+00:00,2016-11-08 17:55:00+00:00,0.0,33000.0,"POLYGON ((-96.852238933185 29.790047765613423, -96.31053151848874 27.895396185243573, -97.44 27.9, -96.852238933185 29.790047765613423))"
47C,2016-11-08 15:55:00+00:00,2016-11-08 17:55:00+00:00,0.0,37000.0,"POLYGON ((-97.44 27.9, -96.31053151848874 27.895396185243573, -95.31592195356453 26.66934544294576, -96.85470138219479 26.389614256059392, -98.90114283335922 27.28803870704374, -97.44 27.9))"
49C,2016-11-08 16:55:00+00:00,2016-11-08 18:55:00+00:00,0.0,41000.0,"POLYGON ((-96.53598144043798 27.565103031535052, -95.88796761695178 26.465597116069656, -97.81286978441287 27.098102234549955, -96.53598144043798 27.565103031535052))"
48C,2016-11-08 16:55:00+00:00,2016-11-08 18:55:00+00:00,0.0,33000.0,"POLYGON ((-96.61504494448374 28.87030726043916, -95.99644255644549 28.091807728813016, -97.11283046443451 27.899613711942116, -96.61504494448374 28.87030726043916))"
BRAVO 3,2016-11-08 17:40:00+00:00,2016-11-08 21:40:00+00:00,0.0,34000.0,"POLYGON ((-53.15 41.3, -51.3 39.3, -52.45 37.15, -55 40, -53.15 41.3))"
50C,2016-11-08 17:55:00+00:00,2016-11-08 19:55:00+00:00,0.0,39000.0,"POLYGON ((-95.95976057971579 28.63221525758191, -95.52363788459166 27.066975541876868, -97.38 26.75184477868197, -96.71123054462237 28.40648581890977, -95.95976057971579 28.63221525758191))"
JULIETT 9,2016-11-08 18:10:00+00:00,2016-11-08 22:10:00+00:00,0.0,42000.0,"POLYGON ((-62.3 42.15, -55.3 41.45, -56.15 38.3, -63.45 39, -62.3 42.15))"
ECHO 7,2016-11-08 18:10:00+00:00,2016-11-08 22:10:00+00:00,0.0,50000.0,"POLYGON ((-127 12.45, -126.3 9.3, -139.45 7.45, -139.45 12.3, -127 12.45))"
OSCAR 6,2016-11-08 18:45:00+00:00,2016-11-08 22:45:00+00:00,0.0,55000.0,"POLYGON ((160.2 14, 163.4 12.3, 161.3 9.4, 158.5 10.1, 160.2 14))"
51C,2016-11-08 18:55:00+00:00,2016-11-08 20:55:00+00:00,0.0,35000.0,"POLYGON ((-96.16517410460933 28.45251307634666, -95.11427998141316 27.695978643763755, -95.45334757949443 26.91284727291372, -97.08231884220393 27.1310146120481, -96.16517410460933 28.45251307634666))"
52C,2016-11-08 19:55:00+00:00,2016-11-08 21:55:00+00:00,0.0,33000.0,"POLYGON ((-95.77562240551393 28.288386992922547, -95.11427998141316 27.695978643763755, -95.45334757949443 26.91284727291372, -96.7780168239361 27.310217183571183, -95.77562240551393 28.288386992922547))"
JULIETT 10,2016-11-08 20:50:00+00:00,2016-11-09 00:50:00+00:00,0.0,42000.0,"POLYGON ((-59.15 43, -56 42.45, -55.3 39, -60 39.45, -59.15 43))"
53C,2016-11-08 20:55:00+00:00,2016-11-08 22:55:00+00:00,0.0,33000.0,"POLYGON ((-95.51021222494123 28.051803752612216, -94.39425047683054 28.04616856105403, -95.52363788459166 27.066975541876868, -96.40015767798008 27.514100713451217, -95.51021222494123 28.051803752612216))"
CHARLIE 1,2016-11-08 22:10:00+00:00,2016-11-09 02:10:00+00:00,0.0,46000.0,"POLYGON ((-65 22, -61.3 20.45, -67.45 18.15, -68.3 20.15, -65 22))"
ECHO 8,2016-11-08 22:10:00+00:00,2016-11-09 02:10:00+00:00,0.0,50000.0,"POLYGON ((-139.45 12.45, -128.3 12.3, -128.45 11.3, -139.45 10.15, -139.45 12.45))"
OSCAR 7,2016-11-08 22:44:00+00:00,2016-11-09 02:44:00+00:00,0.0,57000.0,"POLYGON ((159.2 13.4, 162.1 13.3, 161.5 10.1, 159 10.4, 159.2 13.4))"
JULIETT 11,2016-11-08 22:45:00+00:00,2016-11-09 02:45:00+00:00,0.0,42000.0,"POLYGON ((-59.15 43.15, -55.45 42.45, -55.15 37.15, -59.3 37.15, -59.15 43.15))"
DELTA 1,2016-11-08 23:45:00+00:00,2016-11-09 03:45:00+00:00,33000.0,43000.0,"POLYGON ((-40 44.45, -40.15 40, -48.3 41, -49.45 44.3, -40 44.45))"
OSCAR 8,2016-11-09 02:21:00+00:00,2016-11-09 06:20:00+00:00,0.0,55000.0,"POLYGON ((159 14.1, 162 13.4, 161.1 10.1, 158.2 11, 159 14.1))"
JULIETT 12,2016-11-09 02:45:00+00:00,2016-11-09 06:45:00+00:00,0.0,34000.0,"POLYGON ((-54.45 44.3, -53.45 37.45, -55.3 32.45, -58.15 33.3, -59.3 43.15, -54.45 44.3))"
JULIETT 13,2016-11-09 06:35:00+00:00,2016-11-09 10:35:00+00:00,0.0,33000.0,"POLYGON ((-53.15 45, -51.3 38.3, -53.45 33.15, -58.15 35, -57 44.15, -53.15 45))"
JULIETT 14,2016-11-09 10:15:00+00:00,2016-11-09 14:15:00+00:00,0.0,34000.0,"POLYGON ((-52.45 43.45, -51 39.15, -52.45 36.15, -57.45 38, -57.15 43, -52.45 43.45))"
ROMEO 1,2016-11-09 10:35:00+00:00,2016-11-09 14:35:00+00:00,0.0,59000.0,"POLYGON ((158.4 14.1, 162 12, 155.5 6.3, 153 9.3, 158.4 14.1))"
JULIETT 15,2016-11-09 12:20:00+00:00,2016-11-09 16:20:00+00:00,0.0,35000.0,"POLYGON ((-53 45, -48.45 45, -49.15 38.15, -52 34.45, -58.45 41, -53 45))"
ECHO 1,2016-11-09 14:05:00+00:00,2016-11-09 18:05:00+00:00,0.0,48000.0,"POLYGON ((-57.15 20.45, -57.15 18.15, -59.45 18, -60.45 19.15, -57.15 20.45))"
ROMEO 2,2016-11-09 14:30:00+00:00,2016-11-09 18:30:00+00:00,0.0,59000.0,"POLYGON ((156.2 12.4, 159.2 11.3, 155.3 5.5, 153.2 9.5, 156.2 12.4))"
SIERRA 1,2016-11-09 14:40:00+00:00,2016-11-09 18:40:00+00:00,0.0,53000.0,"POLYGON ((158 18, 160.4 16, 158.5 13.5, 155.4 15, 158 18))"
JULIETT 16,2016-11-09 16:05:00+00:00,2016-11-09 20:05:00+00:00,0.0,33000.0,"POLYGON ((-47.3 45, -48 40.3, -53 39, -51 45, -47.3 45))"
ROMEO 3,2016-11-09 17:48:00+00:00,2016-11-09 21:50:00+00:00,0.0,55000.0,"POLYGON ((156.4 11.5, 158 9, 155 5.1, 153.3 8.3, 156.4 11.5))"
SIERRA 2,2016-11-09 18:54:00+00:00,2016-11-09 22:55:00+00:00,0.0,52000.0,"POLYGON ((158.2 17.3, 160.3 15.3, 158.1 14, 156.1 15.4, 158.2 17.3))"
JULIETT 17,2016-11-09 19:45:00+00:00,2016-11-09 23:45:00+00:00,0.0,33000.0,"POLYGON ((-45.45 43.3, -47 40.45, -52.45 39.45, -49.45 43.3, -45.45 43.3))"
1E,2016-11-09 20:55:00+00:00,2016-11-09 22:55:00+00:00,0.0,25000.0,"POLYGON ((-76.72310198489689 37.96906499882955, -76.75325742104847 36.44963352035374, -77.8354268847979 35.547964388889966, -76.72310198489689 37.96906499882955))"
TANGO 1,2016-11-09 21:18:00+00:00,2016-11-10 01:20:00+00:00,0.0,55000.0,"POLYGON ((168.3 13, 172 10.3, 170.2 7.5, 166.4 10.1, 168.3 13))"
ROMEO 4,2016-11-09 21:54:00+00:00,2016-11-10 01:55:00+00:00,0.0,55000.0,"POLYGON ((156.2 9.3, 157.4 6.4, 155.1 4.2, 153.1 6.4, 156.2 9.3))"
2E,2016-11-09 21:55:00+00:00,2016-11-09 23:55:00+00:00,0.0,25000.0,"POLYGON ((-76.29121268911702 38.09273766515285, -76.75046094449773 36.067644441501535, -77.4808359654915 35.11791037357548, -76.87303690640753 37.852081607745575, -76.29121268911702 38.09273766515285))"
SIERRA 3,2016-11-09 22:48:00+00:00,2016-11-10 02:50:00+00:00,0.0,52000.0,"POLYGON ((157.4 18.1, 159.4 16.4, 158 13.5, 155.3 15.3, 157.4 18.1))"
3E,2016-11-09 22:55:00+00:00,2016-11-10 00:55:00+00:00,0.0,25000.0,"POLYGON ((-76.29121268911702 38.09273766515285, -76.75046094449773 36.067644441501535, -77.4808359654915 35.11791037357548, -76.87303690640753 37.852081607745575, -76.29121268911702 38.09273766515285))"
4E,2016-11-09 22:55:00+00:00,2016-11-10 00:55:00+00:00,0.0,32000.0,"POLYGON ((-73.12869432693653 35.253012772315934, -73.02177557352262 35.08399093890849, -75.57258453421252 33.470416474735224, -75.67950328762643 33.639438308142665, -73.12869432693653 35.253012772315934))"
FOXTROT 1,2016-11-09 23:30:00+00:00,2016-11-10 03:30:00+00:00,0.0,32000.0,"POLYGON ((-68.45 39, -67.45 37.45, -73 33, -75 33.3, -72 37.15, -68.45 39))"
JULIETT 18,2016-11-09 23:30:00+00:00,2016-11-10 03:30:00+00:00,0.0,35000.0,"POLYGON ((-46.45 44.3, -44.3 43.3, -46.45 38.3, -50.3 41, -46.45 44.3))"
5E,2016-11-09 23:55:00+00:00,2016-11-10 01:55:00+00:00,0.0,25000.0,"POLYGON ((-76.29121268911702 38.09273766515285, -76.75046094449773 36.067644441501535, -77.4808359654915 35.11791037357548, -76.87303690640753 37.852081607745575, -76.29121268911702 38.09273766515285))"
1C,2016-11-09 23:55:00+00:00,2016-11-10 01:55:00+00:00,0.0,37000.0,"POLYGON ((-96.08605359984651 27.395466283970425, -95.88796761695178 26.465597116069656, -96.25484343725542 25.91565662606867, -96.73704275825123 25.918581713025784, -96.52151852735827 27.079143580199624, -96.08605359984651 27.395466283970425))"
1E,2016-11-10 00:55:00+00:00,2016-11-10 02:55:00+00:00,0.0,29000.0,"POLYGON ((-75.10832558932798 37.580787207420215, -75.43384059135515 36.63287074504286, -76.35857133244019 36.58248473453594, -75.87898647825861 37.50438920196992, -75.10832558932798 37.580787207420215))"
1C,2016-11-10 00:55:00+00:00,2016-11-10 02:55:00+00:00,0.0,38000.0,"POLYGON ((-96.08605359984651 27.395466283970425, -95.88796761695178 26.465597116069656, -96.25484343725542 25.91565662606867, -96.73704275825123 25.918581713025784, -96.63558377104299 27.182078294097543, -96.08605359984651 27.395466283970425))"
2C,2016-11-10 01:55:00+00:00,2016-11-10 03:55:00+00:00,0.0,38000.0,"POLYGON ((-96.08605359984651 27.395466283970425, -95.88796761695178 26.465597116069656, -96.25484343725542 25.91565662606867, -96.89778037669431 25.91920220851464, -96.74985958558457 27.28492055844674, -96.08605359984651 27.395466283970425))"
SIERRA 4,2016-11-10 02:26:00+00:00,2016-11-10 06:25:00+00:00,0.0,52000.0,"POLYGON ((156.4 18, 159 16.4, 156.5 14.1, 155.3 15.5, 156.4 18))"
3C,2016-11-10 02:55:00+00:00,2016-11-10 04:55:00+00:00,0.0,32000.0,"POLYGON ((-96.05517668078056 27.383752517194043, -95.66178901995272 26.546515973738497, -95.90024978959222 25.91248758424627, -97.03783839921964 26.046931445803562, -96.95189065420197 26.841598529642358, -96.05517668078056 27.383752517194043))"
UNIFORM 1,2016-11-10 02:55:00+00:00,2016-11-10 06:55:00+00:00,0.0,55000.0,"POLYGON ((167.5 11.4, 169.5 10.2, 169 8.2, 166.2 10, 167.5 11.4))"
JULIETT 19,2016-11-10 03:15:00+00:00,2016-11-10 07:15:00+00:00,0.0,35000.0,"POLYGON ((-42.3 45, -44.45 42, -48 42, -45.3 45, -42.3 45))"
FOXTROT 2,2016-11-10 03:30:00+00:00,2016-11-10 07:30:00+00:00,0.0,35000.0,"POLYGON ((-68.3 39.45, -66.45 38, -70.45 33, -74.3 33.3, -68.3 39.45))"
2E,2016-11-10 03:55:00+00:00,2016-11-10 05:55:00+00:00,0.0,28000.0,"POLYGON ((-75.14841046736677 36.255570941751046, -72.46795419287882 36.20263089346184, -72.98449992005833 35.13494418784608, -74.74600432532446 33.227846987791516, -75.14841046736677 36.255570941751046))"
4C,2016-11-10 03:55:00+00:00,2016-11-10 05:55:00+00:00,0.0,32000.0,"POLYGON ((-96.45792362331356 26.740559352923494, -95.66178901995272 26.546515973738497, -95.90024978959222 25.91248758424627, -97.03783839921964 26.046931445803562, -97.09535509399636 26.534540942128007, -96.45792362331356 26.740559352923494))"
3E,2016-11-10 04:55:00+00:00,2016-11-10 06:55:00+00:00,0.0,25000.0,"POLYGON ((-75.04188050468775 35.87259919125233, -72.46795419287882 36.20263089346184, -73.7612320341291 34.23553982536499, -75.6537279468731 34.33002969055372, -75.04188050468775 35.87259919125233))"
4E,2016-11-10 05:55:00+00:00,2016-11-10 07:55:00+00:00,0.0,26000.0,"POLYGON ((-74.11705479269541 36.242286206557836, -72.42995685017227 34.927774552075284, -74.74600432532446 33.227846987791516, -75.25093426281414 34.322109841705334, -75.55804420623159 35.02874193222278, -74.11705479269541 36.242286206557836))"
FOXTROT 3,2016-11-10 06:10:00+00:00,2016-11-10 10:10:00+00:00,0.0,33000.0,"POLYGON ((-65.3 40.15, -64.45 37.45, -69.3 32, -74 34, -72.3 37.15, -65.3 40.15))"
SIERRA 5,2016-11-10 06:12:00+00:00,2016-11-10 10:25:00+00:00,0.0,52000.0,"POLYGON ((156.4 18, 159 16.4, 156.5 14.1, 155.3 15.5, 156.4 18))"
UNIFORM 2,2016-11-10 06:34:00+00:00,2016-11-10 10:55:00+00:00,0.0,50000.0,"POLYGON ((167.1 13.4, 169.4 11.2, 167.4 8.3, 164.1 9.5, 167.1 13.4))"
5E,2016-11-10 06:55:00+00:00,2016-11-10 08:55:00+00:00,0.0,24000.0,"POLYGON ((-74.11705479269541 36.242286206557836, -72.88006515612935 36.21466566920305, -73.7612320341291 34.23553982536499, -75.40549622175546 34.72043723247394, -74.11705479269541 36.242286206557836))"
6E,2016-11-10 07:55:00+00:00,2016-11-10 09:55:00+00:00,0.0,24000.0,"POLYGON ((-73.28867965570832 36.854480577629516, -72.46795419287882 36.20263089346184, -73.7612320341291 34.23553982536499, -75.25408200029028 34.411943802892225, -73.28867965570832 36.854480577629516))"
FOXTROT 4,2016-11-10 08:40:00+00:00,2016-11-10 12:40:00+00:00,0.0,32000.0,"POLYGON ((-69 38.45, -71.3 33, -74.3 33.45, -72.45 37.15, -69 38.45))"
GOLF 1,2016-11-10 08:40:00+00:00,2016-11-10 12:40:00+00:00,0.0,38000.0,"POLYGON ((-64 40.15, -61 40, -67 31.3, -71.15 31.45, -64 40.15))"
7E,2016-11-10 08:55:00+00:00,2016-11-10 10:55:00+00:00,0.0,26000.0,"POLYGON ((-72.22814075416748 37.22160747996579, -73.7612320341291 34.23553982536499, -74.95457283026558 33.79440484970139, -73.28867965570832 36.854480577629516, -72.22814075416748 37.22160747996579))"
FOXTROT 5,2016-11-10 12:00:00+00:00,2016-11-10 16:00:00+00:00,0.0,32000.0,"POLYGON ((-68.3 38.45, -70.15 33, -74 34, -72.3 37.15, -68.3 38.45))"
GOLF 2,2016-11-10 12:00:00+00:00,2016-11-10 16:00:00+00:00,0.0,35000.0,"POLYGON ((-61.3 40.3, -59.15 40, -66 31.45, -69.3 32.15, -61.3 40.3))"
FOXTROT 6,2016-11-10 14:15:00+00:00,2016-11-10 18:15:00+00:00,0.0,30000.0,"POLYGON ((-72.3 37.3, -70.3 37, -72.3 34.3, -72.3 37.3))"
GOLF 3,2016-11-10 14:15:00+00:00,2016-11-10 18:15:00+00:00,0.0,34000.0,"POLYGON ((-57.3 41, -64.3 30.3, -73 32.3, -68 38, -57.3 41))"
WHISKEY 1,2016-11-10 15:37:00+00:00,2016-11-10 19:40:00+00:00,0.0,51000.0,"POLYGON ((164.1 14.4, 167.4 9.4, 163.3 8.2, 161.1 11.4, 164.1 14.4))"
GOLF 4,2016-11-10 16:45:00+00:00,2016-11-10 20:45:00+00:00,0.0,34000.0,"POLYGON ((-60 40, -58 37.3, -64 33.3, -60 40))"
GOLF 5,2016-11-10 18:45:00+00:00,2016-11-10 22:45:00+00:00,0.0,34000.0,"POLYGON ((-60 40, -54.3 40, -62.3 33.3, -60 40))"
HOTEL 1,2016-11-10 18:45:00+00:00,2016-11-10 22:45:00+00:00,0.0,28000.0,"POLYGON ((-65.3 38.3, -65 33.3, -69.3 33.3, -69.3 37, -65.3 38.3))"
WHISKEY 2,2016-11-10 19:29:00+00:00,2016-11-10 23:25:00+00:00,0.0,58000.0,"POLYGON ((164.3 14, 166 7.4, 160.4 6.5, 158.3 12.1, 164.3 14))"
HOTEL 2,2016-11-10 22:30:00+00:00,2016-11-11 02:30:00+00:00,0.0,30000.0,"POLYGON ((-68 37.3, -64.3 36.15, -63.45 32.3, -68.3 31.15, -68 37.3))"
WHISKEY 3,2016-11-10 23:09:00+00:00,2016-11-11 03:10:00+00:00,0.0,59000.0,"POLYGON ((160 12, 165.1 11.4, 165.4 7.2, 160.3 7, 160 12))"
HOTEL 3,2016-11-11 01:45:00+00:00,2016-11-11 05:45:00+00:00,0.0,30000.0,"POLYGON ((-67.45 37, -60.45 36.3, -62.3 32.3, -66.45 32.3, -67.45 37))"
WHISKEY 4,2016-11-11 02:49:00+00:00,2016-11-11 06:50:00+00:00,0.0,53000.0,"POLYGON ((162.5 13, 165.3 6.5, 160.2 6.4, 159.5 11.3, 162.5 13))"
XRAY 1,2016-11-11 03:27:00+00:00,2016-11-11 07:25:00+00:00,0.0,50000.0,"POLYGON ((147.1 15.5, 149.1 15.3, 147.2 8, 144 9.2, 147.1 15.5))"
INDIA 1,2016-11-11 03:45:00+00:00,2016-11-11 07:45:00+00:00,0.0,45000.0,"POLYGON ((-57 30, -55.3 29, -60 25.45, -61.45 26, -57 30))"
HOTEL 4,2016-11-11 05:30:00+00:00,2016-11-11 09:30:00+00:00,0.0,30000.0,"POLYGON ((-60.45 38.15, -60.15 34, -63.15 33.3, -63.45 37, -60.45 38.15))"
XRAY 2,2016-11-11 06:50:00+00:00,2016-11-11 10:50:00+00:00,0.0,54000.0,"POLYGON ((145.1 16, 147.4 15.5, 146.1 8.4, 143.2 9.3, 145.1 16))"
INDIA 2,2016-11-11 07:10:00+00:00,2016-11-11 11:10:00+00:00,0.0,46000.0,"POLYGON ((-55.45 33.3, -54.3 28.45, -61.15 24.3, -61.15 29.15, -55.45 33.3))"
INDIA 3,2016-11-11 10:30:00+00:00,2016-11-11 14:30:00+00:00,0.0,46000.0,"POLYGON ((-51.45 36.15, -52 30.15, -56.15 25.45, -61.15 24, -57 33.15, -51.45 36.15))"
INDIA 4,2016-11-11 14:30:00+00:00,2016-11-11 18:30:00+00:00,0.0,42000.0,"POLYGON ((-50.3 37.3, -50 35, -56.3 25, -60 25.3, -50.3 37.3))"
INDIA 5,2016-11-11 16:45:00+00:00,2016-11-11 20:45:00+00:00,0.0,46000.0,"POLYGON ((-49.3 34, -51.3 26.3, -58 26, -54 33.3, -49.3 34))"
JULIETT 1,2016-11-11 16:45:00+00:00,2016-11-11 20:45:00+00:00,26000.0,36000.0,"POLYGON ((-49.3 45, -49.3 40, -60 33, -60 43, -49.3 45))"
JULIETT 2,2016-11-11 19:00:00+00:00,2016-11-11 23:00:00+00:00,28000.0,40000.0,"POLYGON ((-49.3 45, -49.3 40, -60 36, -60 43, -49.3 45))"
INDIA 6,2016-11-11 20:45:00+00:00,2016-11-12 00:45:00+00:00,0.0,48000.0,"POLYGON ((-50 31.3, -52 26.3, -56 26, -52 31.3, -50 31.3))"
ZULU 1,2016-11-11 22:16:00+00:00,2016-11-12 02:15:00+00:00,0.0,54000.0,"POLYGON ((158.3 11.2, 158.2 7.1, 154 6.5, 154.1 11.2, 158.3 11.2))"
INDIA 7,2016-11-12 00:45:00+00:00,2016-11-12 04:45:00+00:00,0.0,50000.0,"POLYGON ((-51.3 29.3, -49 29.3, -51 25.15, -54.45 25.15, -51.3 29.3))"
ZULU 2,2016-11-12 02:10:00+00:00,2016-11-12 06:15:00+00:00,0.0,54000.0,"POLYGON ((154.5 13.3, 157 7.1, 151.5 7.2, 153.1 13.1, 154.5 13.3))"
INDIA 8,2016-11-12 04:15:00+00:00,2016-11-12 08:15:00+00:00,0.0,50000.0,"POLYGON ((-50.3 29.15, -47.3 28.45, -49.3 23.45, -53.15 24.45, -50.3 29.15))"
NOVEMBER 1,2016-11-12 06:36:00+00:00,2016-11-12 10:40:00+00:00,0.0,57000.0,"POLYGON ((158.3 10.5, 161.2 7.4, 158.5 5.3, 155.2 8, 158.3 10.5))"
KILO 1,2016-11-12 13:30:00+00:00,2016-11-12 17:30:00+00:00,30000.0,40000.0,"POLYGON ((-48.3 40, -47 34, -50 34, -51.3 40, -48.3 40))"
KILO 2,2016-11-12 17:30:00+00:00,2016-11-12 21:30:00+00:00,30000.0,40000.0,"POLYGON ((-53 45, -48.3 45, -47 37.3, -50 36, -53 45))"
1E,2016-11-13 12:55:00+00:00,2016-11-13 14:55:00+00:00,0.0,31000.0,"POLYGON ((-79.68216310325053 31.913811869452825, -79.22761764870506 31.913811869452825, -79.22761764870506 31.459266414907372, -79.68216310325053 31.459266414907372, -79.68216310325053 31.913811869452825))"
FOXTROT 1,2016-11-13 15:55:00+00:00,2016-11-13 19:55:00+00:00,0.0,46000.0,"POLYGON ((-136.4 10, -134.05 8.2, -136.2 6.25, -139.45 7.5, -136.4 10))"
GOLF 1,2016-11-13 18:20:00+00:00,2016-11-13 22:20:00+00:00,30000.0,35000.0,"POLYGON ((170.45 40.55, 170.45 38.3, 165.05 37.05, 165.05 39.35, 170.45 40.55))"
FOXTROT 2,2016-11-13 19:30:00+00:00,2016-11-13 23:30:00+00:00,0.0,44000.0,"POLYGON ((-133.3 9.3, -136.2 6.2, -139.5 6.35, -139.55 9, -133.3 9.3))"
1E,2016-11-14 03:55:00+00:00,2016-11-14 05:55:00+00:00,0.0,27000.0,"POLYGON ((-78.30942645907687 33.51110762310497, -77.250828611707 33.243409990210225, -77.2998610303455 33.049513569607726, -78.35845887771536 33.31721120250247, -78.30942645907687 33.51110762310497))"
2E,2016-11-14 04:55:00+00:00,2016-11-14 06:55:00+00:00,0.0,27000.0,"POLYGON ((-77.9652856911978 33.65748730436144, -77.7747143088022 33.59680330142962, -78.20706544660484 32.239052493462374, -78.39763682900045 32.299736496394196, -77.9652856911978 33.65748730436144))"
3E,2016-11-14 05:55:00+00:00,2016-11-14 07:55:00+00:00,,,"POLYGON ((-77.59847176942878 34.2117893868303, -77.88450807716816 34.16984726313325, -77.94081437188628 34.14151211373058, -79.37598293684788 32.70212505294105, -77.85549192283185 33.97196330019655, -77.56945561509247 34.0139054238936, -79.23435419307533 32.56091138880968, -77.79918562811373 34.00029844959921, -77.59847176942878 34.2117893868303))"
4E,2016-11-14 06:55:00+00:00,2016-11-14 08:55:00+00:00,0.0,29000.0,"POLYGON ((-77.63333005887662 33.641432140076446, -77.17878460433116 33.641432140076446, -77.17878460433116 33.18688668553099, -77.63333005887662 33.18688668553099, -77.63333005887662 33.641432140076446))"
LIMA 1,2016-11-14 07:00:00+00:00,2016-11-14 11:00:00+00:00,0.0,45000.0,"POLYGON ((-52.45 34.15, -44 33.45, -49.45 28, -55.45 30.45, -52.45 34.15))"
5E,2016-11-14 07:55:00+00:00,2016-11-14 09:55:00+00:00,0.0,31000.0,"POLYGON ((-77.69898855403052 33.775229377229635, -77.24444309948505 33.775229377229635, -77.24444309948505 33.32068392268418, -77.69898855403052 33.32068392268418, -77.69898855403052 33.775229377229635))"
6E,2016-11-14 08:55:00+00:00,2016-11-14 10:55:00+00:00,0.0,31000.0,"POLYGON ((-77.04038704646024 33.6977287100724, -76.4949325010057 33.6977287100724, -76.4949325010057 33.15227416461785, -77.04038704646024 33.15227416461785, -77.04038704646024 33.6977287100724))"
7E,2016-11-14 09:55:00+00:00,2016-11-14 11:55:00+00:00,0.0,32000.0,"POLYGON ((-76.86582226709749 33.4440834942694, -76.66949728036846 33.40591938042085, -76.85385384109912 32.457546794528184, -77.05017882782815 32.495710908376736, -76.86582226709749 33.4440834942694))"
LIMA 2,2016-11-14 10:15:00+00:00,2016-11-14 14:15:00+00:00,0.0,45000.0,"POLYGON ((-44.3 33.3, -50 27.3, -54.3 29.3, -53.45 33.15, -44.3 33.3))"
8E,2016-11-14 10:55:00+00:00,2016-11-14 12:55:00+00:00,0.0,29000.0,"POLYGON ((-76.91936680404632 33.5943520734584, -76.37391225859179 33.5943520734584, -76.37391225859179 33.048897528003856, -76.91936680404632 33.048897528003856, -76.91936680404632 33.5943520734584))"
OSCAR 1,2016-11-14 13:02:00+00:00,2016-11-14 17:00:00+00:00,0.0,50000.0,"POLYGON ((-165 10.3, -156.3 9.4, -157.3 6.1, -165 6.4, -165 10.3))"
LIMA 3,2016-11-14 13:50:00+00:00,2016-11-14 17:50:00+00:00,0.0,40000.0,"POLYGON ((-48.4 31.45, -45.3 31.05, -51.4 25.45, -54.1 26.1, -48.4 31.45))"
OSCAR 2,2016-11-14 16:38:00+00:00,2016-11-14 20:40:00+00:00,0.0,52000.0,"POLYGON ((-158.2 8.4, -158.2 6.3, -165 6, -164.2 7.2, -158.2 8.4))"
LIMA 4,2016-11-14 17:30:00+00:00,2016-11-14 21:30:00+00:00,0.0,45000.0,"POLYGON ((-48.5 32.2, -45.2 31.15, -52.05 23.25, -53.35 24.35, -48.5 32.2))"
PAPA 1,2016-11-14 20:03:00+00:00,2016-11-15 00:05:00+00:00,0.0,57000.0,"POLYGON ((145.1 13, 147 10.5, 142.3 8.4, 142.3 12, 145.1 13))"
OSCAR 3,2016-11-14 20:24:00+00:00,2016-11-15 00:25:00+00:00,0.0,50000.0,"POLYGON ((-155.5 8.1, -154 7.1, -161.5 5.2, -165 6.4, -155.5 8.1))"
LIMA 5,2016-11-14 21:30:00+00:00,2016-11-15 01:30:00+00:00,0.0,46000.0,"POLYGON ((-50 34, -47 28, -51 23, -54 24, -52 27, -55 30, -50 34))"
PAPA 2,2016-11-14 23:39:00+00:00,2016-11-15 03:40:00+00:00,0.0,56000.0,"POLYGON ((142.3 13.2, 146.5 10.5, 146 8, 144 8.1, 141 11.5, 142.3 13.2))"
1E,2016-11-15 00:55:00+00:00,2016-11-15 02:55:00+00:00,0.0,29000.0,"POLYGON ((-74.46651843977692 36.249707167400956, -74.45930697076633 34.920591088651406, -74.65930402694079 34.91950595199866, -74.66651549595137 36.24862203074821, -74.46651843977692 36.249707167400956))"
LIMA 6,2016-11-15 01:30:00+00:00,2016-11-15 05:30:00+00:00,0.0,46000.0,"POLYGON ((-48 30, -46 29, -51 23, -53 24, -48 30))"
2E,2016-11-15 01:55:00+00:00,2016-11-15 03:55:00+00:00,0.0,31000.0,"POLYGON ((-73.74913449572637 37.75182211640047, -73.55554109203473 37.70160664022938, -74.11239952837894 35.554776055591084, -74.30599293207058 35.604991531762174, -73.74913449572637 37.75182211640047))"
3E,2016-11-15 02:55:00+00:00,2016-11-15 04:55:00+00:00,0.0,33000.0,"POLYGON ((-73.94493713343141 37.02255947891735, -73.74673256498312 36.99582094780171, -73.94739167061837 35.508396254737995, -74.14559623906666 35.535134785853636, -73.94493713343141 37.02255947891735))"
4E,2016-11-15 03:55:00+00:00,2016-11-15 05:55:00+00:00,0.0,33000.0,"POLYGON ((-73.74613239685137 37.01689871478465, -73.62209468443386 35.412583760344795, -73.82149958914566 35.39716675749455, -73.94553730156316 37.00148171193441, -73.74613239685137 37.01689871478465))"
5E,2016-11-15 04:55:00+00:00,2016-11-15 06:55:00+00:00,0.0,33000.0,"POLYGON ((-73.0812728041152 37.51877727909999, -72.88808520112894 37.46702256866291, -73.46320884340001 35.32022748599827, -73.65639644638627 35.37198219643535, -73.0812728041152 37.51877727909999))"
LIMA 7,2016-11-15 05:00:00+00:00,2016-11-15 09:00:00+00:00,0.0,45000.0,"POLYGON ((-47.15 32.3, -44.45 30.15, -49.15 21.3, -52.15 22.15, -47.15 32.3))"
LIMA 8,2016-11-15 08:45:00+00:00,2016-11-15 12:45:00+00:00,0.0,45000.0,"POLYGON ((-46.3 33.45, -46.3 25.3, -48.15 25.45, -48.45 33.3, -46.3 33.45))"
1C,2016-11-15 08:55:00+00:00,2016-11-15 10:55:00+00:00,0.0,30000.0,"POLYGON ((-89.54718573676284 35.37215465634712, -88.06571114589123 35.179210967045584, -87.49 34.04452417705444, -89.16349441814505 32.25214511112951, -91.39029749032743 33.8370566438334, -89.54718573676284 35.37215465634712))"
2C,2016-11-15 09:55:00+00:00,2016-11-15 11:55:00+00:00,0.0,29000.0,"POLYGON ((-88.98084675087665 35.35169045243337, -87.49 34.13171624231643, -88.8 31.94628718173732, -90.92203074374477 33.67964599951591, -88.98084675087665 35.35169045243337))"
3C,2016-11-15 10:55:00+00:00,2016-11-15 12:55:00+00:00,0.0,30000.0,"POLYGON ((-88.85312938726706 35.09686227857268, -87.49 34.04452417705444, -88.06993387320037 32.63256398647828, -89.82051625721934 32.664972838062354, -90.7047623726353 33.812198332186156, -88.85312938726706 35.09686227857268))"
4C,2016-11-15 11:55:00+00:00,2016-11-15 13:55:00+00:00,0.0,30000.0,"POLYGON ((-88.59813246043825 35.42962816985863, -87.2699209908533 33.79678249590396, -88.01201653144327 32.377549361245386, -89.70578462768202 32.42938614609215, -90.28 33.46, -88.59813246043825 35.42962816985863))"
LIMA 9,2016-11-15 12:15:00+00:00,2016-11-15 16:15:00+00:00,0.0,45000.0,"POLYGON ((-49 36.45, -46.45 35.15, -46 23.3, -50.15 21.3, -53 22.45, -48.15 24.45, -49 36.45))"
5C,2016-11-15 12:55:00+00:00,2016-11-15 14:55:00+00:00,0.0,29000.0,"POLYGON ((-88.01759765874752 34.70886293204526, -87.06038580234126 33.61457150384827, -88.11525677864616 32.37814945623828, -89.31356048372483 32.37895906060462, -90.0355067136669 33.25530573520656, -88.01759765874752 34.70886293204526))"
6C,2016-11-15 13:55:00+00:00,2016-11-15 15:55:00+00:00,0.0,29000.0,"POLYGON ((-88.51 34.15547582294558, -87.04116046382899 33.5522791228222, -88.20900772361924 32.3786215007424, -89.39099227638076 32.3786215007424, -89.99874222940363 33.22440102820553, -88.51 34.15547582294558))"
6E,2016-11-15 13:55:00+00:00,2016-11-15 15:55:00+00:00,0.0,30000.0,"POLYGON ((-74.15647812390029 41.06936422883123, -73.38901638209316 40.629374020754, -73.76941888391954 39.30698438882514, -74.43000000000002 40.10914187884179, -74.15647812390029 41.06936422883123))"
7C,2016-11-15 14:55:00+00:00,2016-11-15 16:55:00+00:00,0.0,25000.0,"POLYGON ((-88.51 34.15547582294558, -87.04116046382899 33.5522791228222, -88.20900772361924 32.3786215007424, -89.39099227638076 32.3786215007424, -89.99874222940363 33.22440102820553, -88.51 34.15547582294558))"
7E,2016-11-15 14:55:00+00:00,2016-11-15 16:55:00+00:00,0.0,27000.0,"POLYGON ((-74.13130375443474 41.37596120298991, -72.58974221783053 40.715231012778716, -73.86532140814101 39.818631368230605, -74.81035225608389 40.86522934670728, -74.13130375443474 41.37596120298991))"
MIKE 1,2016-11-15 18:20:00+00:00,2016-11-15 22:20:00+00:00,0.0,39000.0,"POLYGON ((-49.5 32.5, -46.45 25.35, -53.1 27.05, -50.55 32.1, -49.5 32.5))"
QUEBEC 1,2016-11-15 21:54:00+00:00,2016-11-16 01:55:00+00:00,0.0,47000.0,"POLYGON ((154.4 28.4, 157 28, 157.1 22.5, 153.5 23.5, 154.4 28.4))"
MIKE 2,2016-11-15 22:20:00+00:00,2016-11-16 02:20:00+00:00,0.0,42000.0,"POLYGON ((-50 32, -45 26, -54 23, -54 26, -50 32))"
QUEBEC 2,2016-11-16 01:02:00+00:00,2016-11-16 05:05:00+00:00,0.0,47000.0,"POLYGON ((158.1 28, 158.4 23.2, 155 23, 155.3 27.5, 158.1 28))"
MIKE 3,2016-11-16 02:20:00+00:00,2016-11-16 06:20:00+00:00,0.0,42000.0,"POLYGON ((-51 33, -46 25, -50 25, -54 31, -51 33))"
QUEBEC 3,2016-11-16 03:34:00+00:00,2016-11-16 07:35:00+00:00,0.0,47000.0,"POLYGON ((158.5 28.5, 159.4 23.1, 156.1 22.4, 154.2 28.3, 158.5 28.5))"
ALFA 1,2016-11-16 07:15:00+00:00,2016-11-16 11:15:00+00:00,32000.0,40000.0,"POLYGON ((-58.3 43.45, -58.15 31.45, -62.3 31.45, -62 43, -58.3 43.45))"
ALFA 2,2016-11-16 10:50:00+00:00,2016-11-16 14:50:00+00:00,32000.0,40000.0,"POLYGON ((-57.45 44, -57.45 33, -62.3 32.15, -62.15 43, -57.45 44))"
BRAVO 1,2016-11-16 14:10:00+00:00,2016-11-16 18:10:00+00:00,0.0,48000.0,"POLYGON ((-74.4 23.2, -71.3 22.35, -71.45 20.3, -74.15 20.4, -74.4 23.2))"
ALFA 3,2016-11-16 14:35:00+00:00,2016-11-16 18:35:00+00:00,29000.0,39000.0,"POLYGON ((-63.55 41.4, -58 40.05, -58.35 38, -65.25 39.45, -63.55 41.4))"
HOTEL 1,2016-11-16 17:55:00+00:00,2016-11-16 21:55:00+00:00,0.0,50000.0,"POLYGON ((166.1 34.15, 167.1 32.55, 165 31.35, 165.05 32.5, 166.1 34.15))"
ALFA 4,2016-11-16 18:15:00+00:00,2016-11-16 22:15:00+00:00,29000.0,39000.0,"POLYGON ((-58.4 43.45, -56.25 42.05, -63.2 40.35, -64.2 42.3, -58.4 43.45))"
HOTEL 2,2016-11-16 20:05:00+00:00,2016-11-17 00:05:00+00:00,0.0,47000.0,"POLYGON ((167.1 33.45, 168.25 32.3, 164.55 30.25, 165.05 31.55, 167.1 33.45))"
ROMEO 1,2016-11-17 00:26:00+00:00,2016-11-17 04:25:00+00:00,0.0,46000.0,"POLYGON ((167.5 31.1, 170.1 30.1, 165.4 27.4, 164.2 29, 167.5 31.1))"
CHARLIE 1,2016-11-17 00:50:00+00:00,2016-11-17 04:50:00+00:00,0.0,41000.0,"POLYGON ((-66.45 29.15, -68.3 25.3, -70.3 25, -68.45 29.15, -66.45 29.15))"
ROMEO 2,2016-11-17 03:40:00+00:00,2016-11-17 07:40:00+00:00,0.0,46000.0,"POLYGON ((168.1 31.3, 172.3 30, 168 26.5, 163.5 28, 168.1 31.3))"
CHARLIE 2,2016-11-17 04:10:00+00:00,2016-11-17 08:10:00+00:00,0.0,49000.0,"POLYGON ((-66.45 29.3, -64.45 29.15, -70.45 20.3, -72.3 20.3, -66.45 29.3))"
ROMEO 3,2016-11-17 07:31:00+00:00,2016-11-17 11:30:00+00:00,0.0,45000.0,"POLYGON ((168.5 30, 172.1 30, 170 26.3, 166.3 27.3, 168.5 30))"
CHARLIE 3,2016-11-17 07:45:00+00:00,2016-11-17 11:45:00+00:00,0.0,45000.0,"POLYGON ((-65 29.15, -62.3 28.3, -70 20, -71.45 20.3, -65 29.15))"
CHARLIE 4,2016-11-17 11:30:00+00:00,2016-11-17 15:30:00+00:00,0.0,45000.0,"POLYGON ((-63.45 28.45, -60.45 28.15, -67.15 21.45, -70 21.45, -63.45 28.45))"
SIERRA 1,2016-11-17 11:59:00+00:00,2016-11-17 16:00:00+00:00,0.0,56000.0,"POLYGON ((137.1 14.3, 135 10.3, 130 10.3, 130 13, 133.3 14.2, 137.1 14.3))"
CHARLIE 5,2016-11-17 15:30:00+00:00,2016-11-17 19:30:00+00:00,,,"POLYGON ((-62 29, -59 28, -66 21, -69 22, -62 29))"
SIERRA 2,2016-11-17 15:30:00+00:00,2016-11-17 19:30:00+00:00,0.0,59000.0,"POLYGON ((134 14.3, 134 10.5, 130 10.4, 130 13.4, 134 14.3))"
SIERRA 3,2016-11-17 17:38:00+00:00,2016-11-17 21:40:00+00:00,0.0,56000.0,"POLYGON ((135.3 18.1, 137.4 17.1, 130.2 10.1, 129.4 12.4, 135.3 18.1))"
SIERRA 4,2016-11-17 21:21:00+00:00,2016-11-18 01:25:00+00:00,0.0,56000.0,"POLYGON ((130.1 15.3, 134.1 14.5, 134.1 11.2, 130 10.3, 130.1 15.3))"
DELTA 1,2016-11-18 04:45:00+00:00,2016-11-18 08:45:00+00:00,0.0,50000.0,"POLYGON ((-63.45 21, -66 18.3, -68 19, -67.45 20.3, -63.45 21))"
1C,2016-11-18 05:55:00+00:00,2016-11-18 07:55:00+00:00,0.0,30000.0,"POLYGON ((-98.17949226094962 41.68728424474723, -97.01975920239389 41.372339925088596, -97.41939256272686 40.670384692983895, -98.01376668916234 40.764688550586854, -98.17949226094962 41.68728424474723))"
2C,2016-11-18 06:55:00+00:00,2016-11-18 08:55:00+00:00,0.0,30000.0,"POLYGON ((-96.18646282972406 41.970540869097164, -97.67410442326727 40.86687831785946, -98.35000000000001 40.94628718173732, -98.13924278499081 42.05976809021258, -96.18646282972406 41.970540869097164))"
ECHO 1,2016-11-18 07:30:00+00:00,2016-11-18 11:30:00+00:00,32000.0,40000.0,"POLYGON ((-53 45, -50 45, -50 41.3, -56.15 41.3, -56.15 44.15, -53 45))"
3C,2016-11-18 07:55:00+00:00,2016-11-18 09:55:00+00:00,0.0,32000.0,"POLYGON ((-97.62609187862887 43.392204869410456, -95.55072193157352 42.985114227408765, -96.68789704841058 41.87198206512391, -98.09362692280686 41.84083127931265, -97.62609187862887 43.392204869410456))"
DELTA 2,2016-11-18 08:15:00+00:00,2016-11-18 12:15:00+00:00,0.0,50000.0,"POLYGON ((-64 21, -64.45 17.15, -68 16, -68 19, -70.3 20.3, -64 21))"
ALFA 1,2016-11-18 09:45:00+00:00,2016-11-18 13:45:00+00:00,0.0,45000.0,"POLYGON ((170.3 35.15, 172.15 34, 165 30.45, 165 33, 170.3 35.15))"
4C,2016-11-18 09:55:00+00:00,2016-11-18 11:55:00+00:00,,,"POLYGON ((-95.65786386055917 34.90718430742827, -96.8247688920037 32.93143091258336, -99.7068296793821 32.1257791700105, -95.49402933298488 34.79247490251957, -96.76977355199418 32.97038410191422, -99.76067352693734 32.31839495358091, -96.87861273955895 33.12404669615378, -96.93360807956847 33.08509350682291, -95.65786386055917 34.90718430742827))"
5C,2016-11-18 10:55:00+00:00,2016-11-18 12:55:00+00:00,,,"POLYGON ((-94.39153720480252 35.35903926066029, -96.67206687907155 32.89685546660321, -99.48362621396282 30.75695516684729, -94.25313879222728 35.21465823906585, -96.6634318718109 32.9042386813454, -99.60475461201676 30.91610261792612, -96.79319527712549 33.05600291768203, -96.80183028438614 33.04861970293984, -94.39153720480252 35.35903926066029))"
6C,2016-11-18 11:55:00+00:00,2016-11-18 13:55:00+00:00,,,"POLYGON ((-94.11412757412765 35.4977107889882, -94.40773153526975 33.54353935257412, -96.86528901324573 32.65743936128302, -93.91927019837408 35.45264857516742, -94.34422153018556 33.61508014878903, -96.93312637883093 32.84558316753361, -94.47556890085495 33.73168315882472, -94.53907890593914 33.66014236260981, -94.11412757412765 35.4977107889882))"
7C,2016-11-18 11:55:00+00:00,2016-11-18 13:55:00+00:00,0.0,35000.0,"POLYGON ((-95.29843366015767 32.6535559589177, -95.15267639370562 32.51660772316263, -95.62299083846088 32.016040866915986, -95.76874810491293 32.15298910267106, -95.29843366015767 32.6535559589177))"
DELTA 3,2016-11-18 12:00:00+00:00,2016-11-18 16:00:00+00:00,,,"POLYGON ((-68.3 21.3, -64.15 20, -64 17.15, -67.45 16, -68 19, -70 20, -68.3 21.3))"
ALFA 2,2016-11-18 12:30:00+00:00,2016-11-18 16:30:00+00:00,0.0,45000.0,"POLYGON ((172.45 36, 173 34.3, 167 31.45, 167.3 33.45, 172.45 36))"
9C,2016-11-18 12:55:00+00:00,2016-11-18 14:55:00+00:00,0.0,30000.0,"POLYGON ((-95.36416185163917 44.003513490524874, -93.576857739706 42.08647620417938, -93.72314226029401 41.95009131118778, -95.51044637222718 43.867128597533274, -95.36416185163917 44.003513490524874))"
11C,2016-11-18 13:55:00+00:00,2016-11-18 15:55:00+00:00,0.0,30000.0,"POLYGON ((-94.07853292003618 45.45515601276651, -92.37632835307988 44.612069097511, -91.47 43.24452417705442, -93.33 42.59089313279083, -95.55983573012554 44.341859534876185, -94.07853292003618 45.45515601276651))"
12C,2016-11-18 13:55:00+00:00,2016-11-18 15:55:00+00:00,0.0,40000.0,"POLYGON ((-97.03307487232743 27.260413708492827, -96.64121776803049 25.947174915875312, -96.83286774847198 25.889988510176256, -97.22472485276893 27.20322730279377, -97.03307487232743 27.260413708492827))"
14C,2016-11-18 14:55:00+00:00,2016-11-18 16:55:00+00:00,0.0,33000.0,"POLYGON ((-92.87120882744792 46.60703322818255, -91.57012259884695 45.05366949708815, -90.62025405201209 43.65217639889698, -92.87437483427594 43.08909620289409, -95.55983573012554 44.341859534876185, -92.87120882744792 46.60703322818255))"
15C,2016-11-18 14:55:00+00:00,2016-11-18 16:55:00+00:00,0.0,38000.0,"POLYGON ((-97.09540032362476 27.39543580811702, -96.64162503050055 25.948505904424987, -96.83246048600192 25.88865752162658, -97.28623577912613 27.335587425318614, -97.09540032362476 27.39543580811702))"
13C,2016-11-18 14:55:00+00:00,2016-11-18 16:55:00+00:00,0.0,38000.0,"POLYGON ((-92.40687775597942 37.082907783769556, -92.24555262950577 36.96469524818954, -97.11417538596604 30.32046603776922, -97.27550051243969 30.438678573349225, -92.40687775597942 37.082907783769556))"
16C,2016-11-18 15:55:00+00:00,2016-11-18 17:55:00+00:00,0.0,38000.0,"POLYGON ((-91.31303819386991 37.399754456712536, -91.16278631927577 37.26775303936807, -96.5976457670901 31.081472341647842, -96.74789764168425 31.213473758992304, -91.31303819386991 37.399754456712536))"
17C,2016-11-18 15:55:00+00:00,2016-11-18 17:55:00+00:00,0.0,35000.0,"POLYGON ((-92.87599093166742 46.98901493484059, -90.60819381835584 45.15135994009373, -90.61295178592562 44.16147259634377, -91.95698946997098 43.55604018676914, -94.7693220164375 45.08425592101803, -92.87599093166742 46.98901493484059))"
18C,2016-11-18 15:55:00+00:00,2016-11-18 17:55:00+00:00,0.0,35000.0,"POLYGON ((-88.73115248712324 43.28351261803034, -88.56211552279126 43.17661778798964, -89.50548151783401 41.68483634266322, -89.674518482166 41.79173117270392, -88.73115248712324 43.28351261803034))"
DELTA 4,2016-11-18 16:00:00+00:00,2016-11-18 20:00:00+00:00,0.0,48000.0,"POLYGON ((-69 19.3, -64 19.3, -64 15, -65 15, -68 16, -68 19, -69 19.3))"
ALFA 3,2016-11-18 16:30:00+00:00,2016-11-18 20:30:00+00:00,0.0,46000.0,"POLYGON ((177 38, 178 34, 170 30, 170 35, 177 38))"
21C,2016-11-18 16:55:00+00:00,2016-11-18 18:55:00+00:00,0.0,35000.0,"POLYGON ((-88.52399347008699 43.42683546597551, -88.3405197371506 43.34722774447577, -88.91670170955999 42.01928800022677, -89.10017544249638 42.098895721726514, -88.52399347008699 43.42683546597551))"
20C,2016-11-18 16:55:00+00:00,2016-11-18 18:55:00+00:00,0.0,35000.0,"POLYGON ((-92.2 46.944570939420885, -90.19766153885074 46.138776553249826, -90.66363442387288 44.89709197112367, -92.21434223987656 44.128889594929454, -93.58817559320221 46.04246459305528, -92.2 46.944570939420885))"
19C,2016-11-18 16:55:00+00:00,2016-11-18 18:55:00+00:00,0.0,38000.0,"POLYGON ((-91.2205892468302 37.72980245528412, -91.06579611296539 37.60315694328977, -96.25445235560048 31.26129494047025, -96.40924548946529 31.387940452464612, -91.2205892468302 37.72980245528412))"
22C,2016-11-18 16:55:00+00:00,2016-11-18 18:55:00+00:00,0.0,42000.0,"POLYGON ((-97.7411120994926 28.1300561271516, -97.01383937221988 28.1300561271516, -97.01383937221988 27.402783399878874, -97.7411120994926 27.402783399878874, -97.7411120994926 28.1300561271516))"
24C,2016-11-18 17:55:00+00:00,2016-11-18 19:55:00+00:00,0.0,35000.0,"POLYGON ((-92.2 46.966368955736385, -90.49902006956764 46.78739834085871, -89.90908855105174 44.86058773118486, -90.61588188608728 44.64206568747065, -93.36430068866737 46.15706385230344, -92.2 46.966368955736385))"
26C,2016-11-18 17:55:00+00:00,2016-11-18 19:55:00+00:00,0.0,40000.0,"POLYGON ((-97.66276247741826 28.55880569223582, -96.75367156832735 28.55880569223582, -96.75367156832735 27.649714783144912, -97.66276247741826 27.649714783144912, -97.66276247741826 28.55880569223582))"
25C,2016-11-18 17:55:00+00:00,2016-11-18 19:55:00+00:00,0.0,35000.0,"POLYGON ((-88.52399347008699 43.42683546597551, -88.3405197371506 43.34722774447577, -88.91670170955999 42.01928800022677, -89.10017544249638 42.098895721726514, -88.52399347008699 43.42683546597551))"
23C,2016-11-18 17:55:00+00:00,2016-11-18 19:55:00+00:00,0.0,40000.0,"POLYGON ((-90.70140434064527 38.03277802256996, -90.53670833663045 37.9193089683677, -96.88730248146341 28.701663803990563, -97.05199848547822 28.81513285819282, -90.70140434064527 38.03277802256996))"
29C,2016-11-18 18:55:00+00:00,2016-11-18 20:55:00+00:00,0.0,40000.0,"POLYGON ((-96.06146486666356 30.212755377217896, -95.9495057334155 27.990997723205563, -96.69493740636479 26.173055034308472, -97.65351710230935 28.931717304970032, -96.06146486666356 30.212755377217896))"
28C,2016-11-18 18:55:00+00:00,2016-11-18 20:55:00+00:00,0.0,35000.0,"POLYGON ((-90.8024637202382 47.77978614018951, -89.43 47.00541730984524, -89.27690474696665 45.93726405475377, -89.93581748397723 45.629012360838566, -91.74986863906108 46.926452409036514, -90.8024637202382 47.77978614018951))"
27C,2016-11-18 18:55:00+00:00,2016-11-18 20:55:00+00:00,0.0,38000.0,"POLYGON ((-89.2251730990056 39.265931565281726, -89.0660000326606 39.14483682984565, -95.59187683614164 30.56689314254078, -95.75104990248664 30.687987877976855, -89.2251730990056 39.265931565281726))"
32C,2016-11-18 19:55:00+00:00,2016-11-18 21:55:00+00:00,0.0,38000.0,"POLYGON ((-91.53597742510217 36.5791390401417, -90.538140537513 36.10929520613403, -94.07186867438337 30.136494069969416, -95.49766144015928 31.157663216393814, -91.53597742510217 36.5791390401417))"
33C,2016-11-18 19:55:00+00:00,2016-11-18 21:55:00+00:00,0.0,40000.0,"POLYGON ((-95.72031558994289 30.728006638343636, -95.05785123087625 29.34485827928602, -96.52320933364567 26.235811923653003, -98.46 29.473631044263605, -95.72031558994289 30.728006638343636))"
31C,2016-11-18 19:55:00+00:00,2016-11-18 21:55:00+00:00,0.0,32000.0,"POLYGON ((-89.8871106408634 47.862408618338634, -89.43 47.15800342405373, -87.97874481364683 46.18256233008577, -88.42635801027153 45.625339022849886, -90.63698843551316 47.34579203136391, -89.8871106408634 47.862408618338634))"
30C,2016-11-18 19:55:00+00:00,2016-11-18 21:55:00+00:00,0.0,38000.0,"POLYGON ((-88.6649937828701 40.304998822712854, -88.47490770183869 40.24281134971286, -89.73316483103119 36.396744689019926, -89.9232509120626 36.45893216201992, -88.6649937828701 40.304998822712854))"
DELTA 5,2016-11-18 20:00:00+00:00,2016-11-19 00:00:00+00:00,0.0,48000.0,"POLYGON ((-64 18, -64 15, -65 15, -68 16, -68 18, -64 18))"
ALFA 4,2016-11-18 20:30:00+00:00,2016-11-19 00:30:00+00:00,0.0,44000.0,"POLYGON ((177 38, 180 36, 173 30, 167 30, 177 38))"
35C,2016-11-18 20:56:00+00:00,2016-11-18 22:55:00+00:00,0.0,40000.0,"POLYGON ((-91.18781996206134 36.57088014937359, -89.89149435279164 36.20964549582819, -94.07186867438337 30.136494069969416, -95.25777176346953 30.967882422264623, -91.18781996206134 36.57088014937359))"
33C,2016-11-18 20:56:00+00:00,2016-11-18 22:55:00+00:00,0.0,38000.0,"POLYGON ((-87.87151631531414 40.807288076883715, -87.67959273630213 40.75102672408074, -88.87908722415078 36.65920767523386, -89.07101080316279 36.715469028036836, -87.87151631531414 40.807288076883715))"
36C,2016-11-18 20:56:00+00:00,2016-11-18 22:55:00+00:00,0.0,40000.0,"POLYGON ((-94.91314403820114 30.759157411209628, -94.7630370654186 29.447563802513862, -96.57630707338953 25.917783944682284, -98.14381325982137 28.971794441106947, -94.91314403820114 30.759157411209628))"
34C,2016-11-18 20:56:00+00:00,2016-11-18 22:55:00+00:00,0.0,32000.0,"POLYGON ((-89.12465413839706 47.9651403052637, -87.4 46.35, -89.46 45.19628718173732, -91.8008412187197 46.131469489974606, -89.12465413839706 47.9651403052637))"
DELTA 6,2016-11-18 21:30:00+00:00,2016-11-19 01:30:00+00:00,0.0,48000.0,"POLYGON ((-66 17.3, -64.3 17.15, -64.15 15, -65.45 15.15, -66 17.3))"
FOXTROT 1,2016-11-18 21:30:00+00:00,2016-11-19 01:30:00+00:00,0.0,48000.0,"POLYGON ((-65 20.15, -64.45 18.45, -67.15 18.3, -67.3 20, -65 20.15))"
1E,2016-11-18 21:55:00+00:00,2016-11-18 23:55:00+00:00,,,"POLYGON ((-87.34309502103346 46.71132502521046, -87.07360839773527 46.28663820678829, -85.85054997109164 44.76501476196329, -87.45690497896655 46.54686441145973, -87.05257062007043 46.26705713525303, -85.69466445782886 44.8903132326435, -86.9177228844725 46.4119366774685, -86.93876066213734 46.43151774900376, -87.34309502103346 46.71132502521046))"
37C,2016-11-18 21:55:00+00:00,2016-11-18 23:55:00+00:00,0.0,38000.0,"POLYGON ((-86.95559392865407 42.23881849352602, -86.44622681465863 41.02889155356552, -87.59923652833989 37.62248069672481, -88.5367702137833 37.67277648245105, -88.06658401178157 41.088606068255814, -86.95559392865407 42.23881849352602))"
38C,2016-11-18 21:55:00+00:00,2016-11-18 23:55:00+00:00,0.0,39000.0,"POLYGON ((-90.36402257489783 36.5791390401417, -89.32 36.68547582294558, -93.51956414468141 30.492286251810818, -94.99472216477376 30.086856707329652, -93.73441336662181 32.61627242762484, -90.36402257489783 36.5791390401417))"
39C,2016-11-18 21:55:00+00:00,2016-11-18 23:55:00+00:00,0.0,38000.0,"POLYGON ((-94.77391793409 29.95874695152936, -96.27016671874976 25.91577412410946, -97.72216160078037 26.046931445803562, -97.97478574416338 28.369529555461696, -96.67584165608476 29.52803139761686, -94.77391793409 29.95874695152936))"
41C,2016-11-18 22:55:00+00:00,2016-11-19 00:55:00+00:00,0.0,38000.0,"POLYGON ((-93.21729669720771 31.00334123033534, -93.11 30.47273791147279, -95.61037601665682 28.503532253018168, -95.95890514115996 28.8868795036864, -94.42430491008626 30.54484249149181, -93.21729669720771 31.00334123033534))"
42C,2016-11-18 22:55:00+00:00,2016-11-19 00:55:00+00:00,0.0,41000.0,"POLYGON ((-96.71395260457268 29.112321022424442, -95.6648007378029 27.37512663884861, -97.72216160078037 26.046931445803562, -97.97478574416338 28.369529555461696, -96.71395260457268 29.112321022424442))"
2E,2016-11-18 22:55:00+00:00,2016-11-19 00:55:00+00:00,0.0,38000.0,"POLYGON ((-85.63051579860273 41.8186647153033, -85.45880360693413 41.716122415580884, -87.1641439041657 38.86044509245522, -87.3358560958343 38.96298739217764, -85.63051579860273 41.8186647153033))"
40C,2016-11-18 22:55:00+00:00,2016-11-19 00:55:00+00:00,0.0,37000.0,"POLYGON ((-88.90534241498477 36.82068588643704, -88.96251190169777 36.0194695471484, -92.5 30.970858121158216, -94.04422670407962 31.15823543187934, -90.81350136538656 35.84279022502333, -88.90534241498477 36.82068588643704))"
44C,2016-11-18 23:55:00+00:00,2016-11-19 01:55:00+00:00,,,"POLYGON ((-92.58426473678155 31.48130341060588, -93.22060747526301 30.16190794208454, -95.32352135581785 29.5844745738884, -92.41573526321845 31.37361025139625, -93.16282138266361 30.20449207025622, -95.37647864418214 29.77733598944138, -93.2735647636273 30.35476935763753, -93.3313508562267 30.31218522946585, -92.58426473678155 31.48130341060588))"
43C,2016-11-18 23:55:00+00:00,2016-11-19 01:55:00+00:00,0.0,36000.0,"POLYGON ((-88.34308502601584 37.73755984861174, -88.23833976923963 37.00679732422311, -91.34694045296891 31.92989469933052, -92.79988211775628 31.8744716170871, -91.57307442111752 34.67849588350597, -88.34308502601584 37.73755984861174))"
45C,2016-11-18 23:55:00+00:00,2016-11-19 01:55:00+00:00,0.0,42000.0,"POLYGON ((-95.17135684729308 28.755227741662534, -95.59412167759774 27.221068773946314, -96.35129606133584 26.298364498276708, -98.4823813577667 27.47685931344447, -97.15018204726874 28.514516068949963, -95.17135684729308 28.755227741662534))"
3E,2016-11-18 23:55:00+00:00,2016-11-19 01:55:00+00:00,0.0,36000.0,"POLYGON ((-85.1353343325277 42.90007192290402, -84.05454680762823 41.69681983005786, -85.75151233225276 39.309889956206746, -86.72323941007963 39.07989970826919, -86.66446732593586 40.86597407700024, -85.1353343325277 42.90007192290402))"
2C,2016-11-19 00:55:00+00:00,2016-11-19 02:55:00+00:00,,,"POLYGON ((-91.89157833709375 32.37492899241143, -93.18347082642885 29.96261419018992, -95.05956566159556 29.62448512964802, -91.72135121589325 32.26993981578931, -93.11609451497465 30.00853398087265, -95.09504015988766 29.82131388763557, -93.21894532472095 30.15944294817748, -93.28632163617515 30.11352315749475, -91.89157833709375 32.37492899241143))"
1C,2016-11-19 00:55:00+00:00,2016-11-19 02:55:00+00:00,0.0,35000.0,"POLYGON ((-88.14906139545336 37.80202575280773, -86.98322978621673 37.67277648245105, -90.1 32.76273791147279, -91.62308545374576 32.166390090680345, -90.14276251395493 36.01719017602668, -88.14906139545336 37.80202575280773))"
1E,2016-11-19 00:55:00+00:00,2016-11-19 02:55:00+00:00,0.0,35000.0,"POLYGON ((-83.88059599889253 43.52982673377063, -83.50779354595333 42.107690374994, -84.61550745089905 40.97857405759703, -85.46166466413176 41.18413588141639, -84.76937122304312 43.008982358733995, -83.88059599889253 43.52982673377063))"
3C,2016-11-19 00:55:00+00:00,2016-11-19 02:55:00+00:00,0.0,40000.0,"POLYGON ((-94.96989331560764 29.15805777556648, -96.41557380534677 25.916808912161564, -98.51940325229899 27.14515511128455, -97.59105572015021 27.84459275923767, -94.96989331560764 29.15805777556648))"
5C,2016-11-19 01:55:00+00:00,2016-11-19 03:55:00+00:00,,,"POLYGON ((-90.35338024141657 32.51337217454154, -92.37059779144955 31.18551621100018, -92.37367983367008 31.18340385089159, -95.89822181382725 28.6697150092846, -92.2606317729667 31.01846090644798, -90.24341422293372 32.34631686998933, -95.78209171090334 28.50688442494958, -92.25754973074618 31.02057326655657, -90.35338024141657 32.51337217454154))"
4C,2016-11-19 01:55:00+00:00,2016-11-19 03:55:00+00:00,0.0,35000.0,"POLYGON ((-88.49982072569345 37.339472839695034, -87.48058394198044 36.925461404494385, -88.89514200440527 34.257930005316446, -89.98 34.18815522131805, -88.49982072569345 37.339472839695034))"
6C,2016-11-19 01:55:00+00:00,2016-11-19 03:55:00+00:00,0.0,42000.0,"POLYGON ((-95.36112187108597 28.756685882953278, -95.08790042247497 28.308838757771724, -95.90024978959222 25.91248758424627, -98.76049535191774 26.89024511094774, -95.36112187108597 28.756685882953278))"
2E,2016-11-19 01:55:00+00:00,2016-11-19 03:55:00+00:00,0.0,36000.0,"POLYGON ((-83.20307371356574 44.39452256945683, -82.52148246426748 43.259828361638704, -83.55762473714213 42.91453025322215, -84.08 43.53, -83.20307371356574 44.39452256945683))"
7C,2016-11-19 02:55:00+00:00,2016-11-19 04:55:00+00:00,,,"POLYGON ((-91.63095592548999 30.46756659751865, -93.14208712837102 29.95561756277406, -93.15224853367062 29.95154225757805, -95.88240529603591 28.67893669303025, -93.07791287162898 29.76619300055573, -91.56678166874795 30.27814203530032, -95.79790822869468 28.49766274120394, -93.06775146632938 29.77026830575174, -91.63095592548999 30.46756659751865))"
8C,2016-11-19 02:55:00+00:00,2016-11-19 04:55:00+00:00,0.0,40000.0,"POLYGON ((-94.74064956887278 28.177940597052682, -95.90024978959222 25.91248758424627, -96.45513217980997 25.917065325214264, -98.16954681085284 26.623699920561336, -97.15345677749711 27.284884539101476, -94.74064956887278 28.177940597052682))"
3E,2016-11-19 02:55:00+00:00,2016-11-19 04:55:00+00:00,0.0,31000.0,"POLYGON ((-82.45006424752815 44.722782144257046, -82.33592498900524 43.927192645120236, -83.15907852031856 44.04906793789227, -83.46767861167343 44.58353984806578, -82.45006424752815 44.722782144257046))"
GOLF 1,2016-11-19 03:45:00+00:00,2016-11-19 07:45:00+00:00,0.0,40000.0,"POLYGON ((-92.3 28.15, -94.45 25.3, -96 26, -95.15 27.3, -94 28.15, -92.3 28.15))"
11C,2016-11-19 03:55:00+00:00,2016-11-19 05:55:00+00:00,0.0,41000.0,"POLYGON ((-94.98287760533132 27.577120497528707, -95.90024978959222 25.91248758424627, -97.51092902299679 26.03758178010782, -98.40870393866415 26.29836449827671, -97.73628050297819 26.688087754764904, -94.98287760533132 27.577120497528707))"
9C,2016-11-19 03:55:00+00:00,2016-11-19 05:55:00+00:00,0.0,35000.0,"POLYGON ((-91.83124999871634 30.387357368598146, -91.69706826165739 30.239049373399503, -92.45490040307699 29.553400342822346, -92.58908214013594 29.70170833802099, -91.83124999871634 30.387357368598146))"
10C,2016-11-19 03:55:00+00:00,2016-11-19 05:55:00+00:00,0.0,37000.0,"POLYGON ((-93.55365273703956 29.204291275272425, -93.11 28.983432484632846, -94.34293254314585 28.026545360709534, -94.94528541946798 28.255224275913758, -93.55365273703956 29.204291275272425))"
13C,2016-11-19 04:55:00+00:00,2016-11-19 06:55:00+00:00,0.0,39000.0,"POLYGON ((-95.48894834335243 26.60803521734189, -95.90024978959222 25.91248758424627, -97.56497651087251 25.919882609626494, -98.0650625936352 26.173055034308472, -98.03728810715624 26.50671793071436, -95.48894834335243 26.60803521734189))"
12C,2016-11-19 04:55:00+00:00,2016-11-19 06:55:00+00:00,0.0,36000.0,"POLYGON ((-93.11 28.838861545211955, -93.11 28.549719666370162, -94.34293254314585 28.026545360709534, -93.74130471400191 28.80282875408366, -93.11 28.838861545211955))"
TANGO 1,2016-11-19 10:50:00+00:00,2016-11-19 14:50:00+00:00,0.0,54000.0,"POLYGON ((156.3 10.3, 163.4 7.2, 160.3 6.2, 155.1 5.3, 152.4 8.3, 156.3 10.3))"
TANGO 2,2016-11-19 14:40:00+00:00,2016-11-19 18:40:00+00:00,0.0,55000.0,"POLYGON ((155.3 10.4, 164.5 7.4, 163.4 5.3, 146.1 4, 147.1 6.2, 155.3 10.4))"
BRAVO 1,2016-11-19 15:00:00+00:00,2016-11-19 19:00:00+00:00,,,"POLYGON ((-178 34, 177 28, -180 27, -175 34, -178 34))"
TANGO 3,2016-11-19 17:34:00+00:00,2016-11-19 21:35:00+00:00,0.0,55000.0,"POLYGON ((153.3 11.2, 165.3 7.2, 163.1 4.3, 152.5 6.3, 145.2 2.4, 140.3 5.4, 153.3 11.2))"
BRAVO 2,2016-11-19 19:00:00+00:00,2016-11-19 23:00:00+00:00,,,"POLYGON ((-178 34, 178 29, -179 28, -174 34, -178 34))"
TANGO 4,2016-11-19 20:50:00+00:00,2016-11-20 00:50:00+00:00,0.0,55000.0,"POLYGON ((152.4 11.2, 155.4 6.1, 146.5 4.4, 143.1 8.3, 152.4 11.2))"
UNIFORM 1,2016-11-19 20:51:00+00:00,2016-11-20 00:55:00+00:00,0.0,54000.0,"POLYGON ((157 10.1, 163.5 8.5, 165 6.4, 156.5 5.5, 157 10.1))"
TANGO 5,2016-11-20 00:32:00+00:00,2016-11-20 04:35:00+00:00,0.0,56000.0,"POLYGON ((155 9.5, 154.1 5.2, 143.4 5.2, 142.4 9.1, 155 9.5))"
1W,2016-11-20 05:55:00+00:00,2016-11-20 07:55:00+00:00,0.0,34000.0,"POLYGON ((-124.24624569786496 46.109717790717475, -124.05375430213505 46.05543093623181, -124.52471015676076 44.3855064095121, -124.71720155249068 44.439793263997764, -124.24624569786496 46.109717790717475))"
2W,2016-11-20 05:55:00+00:00,2016-11-20 07:55:00+00:00,0.0,29000.0,"POLYGON ((-124.31794956784518 41.44044538438515, -124.14205043215483 41.3452640098238, -124.8108273298377 40.109336510202986, -124.98672646552804 40.204517884764336, -124.31794956784518 41.44044538438515))"
VICTOR 1,2016-11-20 06:50:00+00:00,2016-11-20 10:50:00+00:00,0.0,43000.0,"POLYGON ((179.2 30, 177.3 28, 180 26.4, -177.5 29.4, 179.2 30))"
3W,2016-11-20 06:55:00+00:00,2016-11-20 08:55:00+00:00,0.0,31000.0,"POLYGON ((-124.30523199380517 41.314163550549836, -124.15476800619484 41.182403964817325, -124.85681915122346 40.38069064581948, -125.00728313883378 40.51245023155199, -124.30523199380517 41.314163550549836))"
4W,2016-11-20 08:55:00+00:00,2016-11-20 10:55:00+00:00,0.0,28000.0,"POLYGON ((-124.38618929528441 44.21101497245469, -124.19667075401283 44.14711878701068, -124.77514112305141 42.431353444412935, -124.964659664323 42.49524962985694, -124.38618929528441 44.21101497245469))"
CHARLIE 1,2016-11-20 18:30:00+00:00,2016-11-20 22:30:00+00:00,0.0,45000.0,"POLYGON ((-119.91778011827753 18.61778011827754, -125.61778011827754 12.917780118277543, -126.38221988172246 13.682219881722459, -120.68221988172246 19.38221988172246, -119.91778011827753 18.61778011827754))"
CHARLIE 2,2016-11-20 20:45:00+00:00,2016-11-21 00:45:00+00:00,0.0,50000.0,"POLYGON ((-119.55024308414171 19.70016205609447, -123.55024308414171 13.70016205609447, -124.44975691585829 14.29983794390553, -120.44975691585829 20.29983794390553, -119.55024308414171 19.70016205609447))"
HOTEL 1,2016-11-20 21:45:00+00:00,2016-11-21 01:45:00+00:00,0.0,30000.0,"POLYGON ((-60.3 37, -63 32.45, -65.15 32.45, -62.45 37, -60.3 37))"
CHARLIE 3,2016-11-20 22:00:00+00:00,2016-11-21 02:00:00+00:00,0.0,48000.0,"POLYGON ((-120 19.3, -120 15.15, -123 13.45, -125.3 14.45, -120 19.3))"
HOTEL 2,2016-11-21 00:45:00+00:00,2016-11-21 04:45:00+00:00,0.0,32000.0,"POLYGON ((-58.15 42.45, -58.3 39.45, -61 33.45, -63.3 33.15, -60.45 41.3, -58.15 42.45))"
HOTEL 3,2016-11-21 03:45:00+00:00,2016-11-21 07:45:00+00:00,0.0,34000.0,"POLYGON ((-56.3 43.3, -57.45 37.15, -60.45 37.15, -60.3 42, -56.3 43.3))"
WHISKEY 1,2016-11-21 04:20:00+00:00,2016-11-21 08:20:00+00:00,0.0,41000.0,"POLYGON ((177.4 27.5, 174.2 23.3, -179.3 23.1, -176.3 27.5, 177.4 27.5))"
XRAY 1,2016-11-21 06:24:00+00:00,2016-11-21 10:25:00+00:00,0.0,53000.0,"POLYGON ((-159.2 12.1, -153.5 10.2, -156.4 7.3, -160 10, -159.2 12.1))"
HOTEL 4,2016-11-21 07:30:00+00:00,2016-11-21 11:30:00+00:00,0.0,35000.0,"POLYGON ((-55.15 44.15, -57.15 37.15, -59.45 37.15, -59.15 42.3, -55.15 44.15))"
WHISKEY 2,2016-11-21 07:56:00+00:00,2016-11-21 12:00:00+00:00,,,"POLYGON ((177.2 27.2, -176.4 27.2, 180 23, 174 23, 177.2 27.2))"
XRAY 2,2016-11-21 09:58:00+00:00,2016-11-21 14:00:00+00:00,0.0,53000.0,"POLYGON ((-154 11.5, -155.4 8.3, -159.4 8.4, -159.3 11.5, -154 11.5))"
YANKEE 1,2016-11-21 10:10:00+00:00,2016-11-21 14:10:00+00:00,0.0,60000.0,"POLYGON ((140 8.3, 148.2 3.3, 146.3 0.2, 140 3.3, 140 8.3))"
WHISKEY 3,2016-11-21 11:33:00+00:00,2016-11-21 15:35:00+00:00,0.0,39000.0,"POLYGON ((176.3 27.4, 175.2 21.3, 180 19.3, -176.4 27.2, 176.3 27.4))"
1W,2016-11-21 11:55:00+00:00,2016-11-21 13:55:00+00:00,,,"POLYGON ((-114.8209374203547 36.31048774927606, -114.0984216237089 34.76294100854679, -114.2178330492661 32.99974618759981, -114.4605154878075 34.78265126384074, -114.2407818257073 34.67922036267843, -115.0094614897179 36.2437144367123, -114.5121887762157 34.83974222186685, -114.4173759607164 33.01326012447907, -114.2979645351591 34.77645494542605, -114.1556043331607 34.86017559129441, -114.3753379952608 34.96360649245673, -114.3236647068525 34.90651553443062, -114.8209374203547 36.31048774927606))"
2W,2016-11-21 12:55:00+00:00,2016-11-21 14:55:00+00:00,,,"POLYGON ((-114.1298284802091 37.96197790664642, -113.52852667823 35.4892247986723, -112.9413143440274 34.5194606889372, -113.7749858419988 35.59438713389284, -113.4875006853938 35.4514752211074, -114.3251468613512 37.9189577952095, -113.8281307815549 35.6624230521575, -112.7702338563254 34.62305348177362, -113.357446190528 35.59281759150873, -113.3984721833641 35.63056716907363, -113.685957339969 35.77347908185907, -113.6328124004128 35.70544316359442, -114.1298284802091 37.96197790664642))"
WHISKEY 4,2016-11-21 13:35:00+00:00,2016-11-21 17:35:00+00:00,0.0,41000.0,"POLYGON ((179.4 25.4, 175.2 20.4, -179.5 18.2, -173.1 25.4, 179.4 25.4))"
INDIA 1,2016-11-21 13:40:00+00:00,2016-11-21 17:40:00+00:00,0.0,30000.0,"POLYGON ((-55 41.15, -57.15 35, -59.15 35, -57.45 41.15, -55 41.15))"
JULIETT 1,2016-11-21 13:45:00+00:00,2016-11-21 17:45:00+00:00,0.0,30000.0,"POLYGON ((-48 41.3, -49.45 36.3, -52.15 36.15, -51.45 40, -48 41.3))"
YANKEE 2,2016-11-21 13:45:00+00:00,2016-11-21 17:45:00+00:00,0.0,60000.0,"POLYGON ((136 10, 143 9.3, 143 5, 149.2 2.2, 146.3 0.2, 134.2 6.1, 136 10))"
4W,2016-11-21 13:55:00+00:00,2016-11-21 15:55:00+00:00,0.0,32000.0,"POLYGON ((-111.2293014788822 34.706320871944605, -110.62463778734572 33.422187626112034, -111.10250506098464 33.10828635712346, -112.72962957735487 34.01618594140596, -111.2293014788822 34.706320871944605))"
3W,2016-11-21 13:55:00+00:00,2016-11-21 15:55:00+00:00,0.0,38000.0,"POLYGON ((-113.8722175820059 37.83995121572427, -112.48 34.7, -114.26892185145539 34.369136071410885, -114.74501684618512 36.880684313924576, -113.8722175820059 37.83995121572427))"
DELTA 1,2016-11-21 14:15:00+00:00,2016-11-21 18:15:00+00:00,0.0,50000.0,"POLYGON ((-129.45 14.15, -120 14, -120 11, -130.15 11.3, -129.45 14.15))"
ECHO 1,2016-11-21 14:20:00+00:00,2016-11-21 18:20:00+00:00,0.0,50000.0,"POLYGON ((-129.15 9.45, -129.45 8, -135.15 7.45, -133.45 9.45, -129.15 9.45))"
7W,2016-11-21 14:55:00+00:00,2016-11-21 16:55:00+00:00,0.0,32000.0,"POLYGON ((-110.25285504276299 34.032954070363864, -110.75917821635873 32.40732043404307, -111.45546888684156 32.28983146907049, -111.65111006010967 33.5567874840481, -110.25285504276299 34.032954070363864))"
5W,2016-11-21 14:55:00+00:00,2016-11-21 16:55:00+00:00,0.0,35000.0,"POLYGON ((-113.04926240738882 38.27584127894424, -112.02864743989753 35.86293890905137, -113.25141295323705 35.384374331597456, -113.94276897586836 37.89622763603094, -113.04926240738882 38.27584127894424))"
6W,2016-11-21 14:55:00+00:00,2016-11-21 16:55:00+00:00,0.0,38000.0,"POLYGON ((-112.68286574487647 35.100530560570405, -110.63693671362363 35.00456596755915, -113.05934679506292 33.42566566751769, -113.97466006134161 34.36008707358385, -112.68286574487647 35.100530560570405))"
INDIA 2,2016-11-21 15:45:00+00:00,2016-11-21 19:45:00+00:00,0.0,33000.0,"POLYGON ((-57.15 43.3, -53.45 43.3, -56.15 36.15, -58.15 36.3, -57.15 43.3))"
10W,2016-11-21 15:55:00+00:00,2016-11-21 17:55:00+00:00,0.0,36000.0,"POLYGON ((-110.06808967476356 34.09815796967733, -110.49176797974845 32.452235126798094, -111.27339307741329 32.22681463651934, -110.72416366697784 33.8689372720829, -110.06808967476356 34.09815796967733))"
9W,2016-11-21 15:55:00+00:00,2016-11-21 17:55:00+00:00,0.0,38000.0,"POLYGON ((-112.14078091800049 35.367361874847695, -111.13521612286112 34.39170707489274, -112.82276807338592 33.704040797218944, -113.16417020674973 35.312734380757824, -112.14078091800049 35.367361874847695))"
8W,2016-11-21 15:55:00+00:00,2016-11-21 17:55:00+00:00,0.0,32000.0,"POLYGON ((-112.50861724099906 37.28911742332794, -111.60023132322662 36.00889679890747, -112.25789319837665 35.783988779081646, -112.81390535759034 37.279973910890256, -112.50861724099906 37.28911742332794))"
JULIETT 2,2016-11-21 16:05:00+00:00,2016-11-21 20:05:00+00:00,0.0,33000.0,"POLYGON ((-47.15 42.3, -49.45 35.3, -52 35.15, -51.3 41.15, -47.15 42.3))"
11W,2016-11-21 16:55:00+00:00,2016-11-21 18:55:00+00:00,0.0,32000.0,"POLYGON ((-111.27 36.95184477868196, -111.28114030895178 33.682477726775154, -112.86365668006161 33.93087282029132, -112.3 36.858155221318036, -111.27 36.95184477868196))"
12W,2016-11-21 16:55:00+00:00,2016-11-21 18:55:00+00:00,0.0,33000.0,"POLYGON ((-109.98851553673096 33.711219686775586, -109.98917109524177 32.52257290520656, -110.51721540647375 32.09939392865384, -111.28114030895178 33.682477726775154, -109.98851553673096 33.711219686775586))"
WHISKEY 5,2016-11-21 17:05:00+00:00,2016-11-21 21:05:00+00:00,,,"POLYGON ((-176.3 30.3, -179.3 30.3, 177.15 19.45, -175 19.3, -173.45 25.45, -176.3 30.3))"
YANKEE 3,2016-11-21 17:15:00+00:00,2016-11-21 21:15:00+00:00,0.0,60000.0,"POLYGON ((142.45 10.15, 148.45 0, 143 0, 140.45 3.15, 133.3 3.3, 132.45 10, 142.45 10.15))"
13W,2016-11-21 17:55:00+00:00,2016-11-21 19:55:00+00:00,0.0,35000.0,"POLYGON ((-111.90435966208368 35.16921147179629, -110.72207342895327 35.213679970834065, -110.75917821635873 32.40732043404307, -112.6180416679229 33.42856498114175, -111.90435966208368 35.16921147179629))"
ECHO 2,2016-11-21 18:10:00+00:00,2016-11-21 22:10:00+00:00,0.0,50000.0,"POLYGON ((-129.3 10, -130.3 7.3, -138.3 6.3, -137 9.15, -129.3 10))"
INDIA 3,2016-11-21 18:40:00+00:00,2016-11-21 22:40:00+00:00,0.0,33000.0,"POLYGON ((-57.15 44, -53.15 44, -56 37, -61.15 37.3, -57.15 44))"
JULIETT 3,2016-11-21 18:40:00+00:00,2016-11-21 22:40:00+00:00,0.0,33000.0,"POLYGON ((-47 43, -51.15 30.3, -54.15 30.3, -50.15 42.45, -47 43))"
14W,2016-11-21 18:55:00+00:00,2016-11-21 20:55:00+00:00,0.0,37000.0,"POLYGON ((-110.77290576567206 36.28494871546733, -109.75586512632027 33.907318493633085, -110.97540501181591 32.23354933085171, -112.33967958293078 33.31894003530144, -110.77290576567206 36.28494871546733))"
YANKEE 4,2016-11-21 19:37:00+00:00,2016-11-21 23:40:00+00:00,0.0,58000.0,"POLYGON ((141.5 10.2, 144.5 6, 138.2 3.5, 133.4 9.5, 141.5 10.2))"
15W,2016-11-21 19:55:00+00:00,2016-11-21 21:55:00+00:00,0.0,35000.0,"POLYGON ((-109.73791135638709 36.6196027815798, -109.63972173113343 33.03795717824705, -110.7284299077325 32.163537147151345, -111.51346357895798 34.46970347060807, -110.31474986708275 36.43454715277821, -109.73791135638709 36.6196027815798))"
INDIA 4,2016-11-21 20:25:00+00:00,2016-11-22 00:25:00+00:00,0.0,33000.0,"POLYGON ((-52.45 45, -55.3 37.45, -60.15 38.3, -57.3 44, -52.45 45))"
WHISKEY 6,2016-11-21 20:48:00+00:00,2016-11-22 00:50:00+00:00,0.0,48000.0,"POLYGON ((-179.4 24.5, 179 19.4, -177 18.5, -173.2 22.4, -179.4 24.5))"
ZULU 1,2016-11-21 20:51:00+00:00,2016-11-22 00:55:00+00:00,0.0,48000.0,"POLYGON ((179.3 29.3, 180 26.5, -174.4 26.2, -173.1 28.5, 179.3 29.3))"
16W,2016-11-21 20:55:00+00:00,2016-11-21 22:55:00+00:00,0.0,35000.0,"POLYGON ((-109.82840538752166 36.1113638190922, -109.28843250661255 35.55997662673257, -110.00594449820294 31.778454363982732, -112.71103639459064 34.23866700707154, -109.82840538752166 36.1113638190922))"
17W,2016-11-21 20:55:00+00:00,2016-11-21 22:55:00+00:00,0.0,30000.0,"POLYGON ((-109.91632862455 38.64743211475419, -109.69108384246366 35.881768645362165, -109.89042382284975 35.865533737919485, -110.1156686049361 38.63119720731151, -109.91632862455 38.64743211475419))"
19W,2016-11-21 21:55:00+00:00,2016-11-21 23:55:00+00:00,,,"POLYGON ((-108.9557419168197 38.98325169125799, -108.8304055003841 37.59572064941334, -108.8435115091906 37.63692124673265, -108.3517870726739 36.78968961382458, -109.0295944996159 37.57772780125052, -109.1549309160516 38.96525884309517, -108.5247640542928 36.68929557102314, -109.0164884908095 37.53652720393121, -108.9557419168197 38.98325169125799))"
18W,2016-11-21 21:55:00+00:00,2016-11-21 23:55:00+00:00,0.0,30000.0,"POLYGON ((-111.73447863112739 34.4430612191985, -109.54335750480129 34.419337961027644, -110.45442502139308 33.02141530526542, -112.02000000000001 33.76273791147279, -111.73447863112739 34.4430612191985))"
WHISKEY 7,2016-11-21 22:06:00+00:00,2016-11-22 02:10:00+00:00,0.0,48000.0,"POLYGON ((-175.1 24.1, 179.5 21.2, -178.5 19.2, -172.3 22.4, -175.1 24.1))"
INDIA 5,2016-11-21 22:15:00+00:00,2016-11-22 02:15:00+00:00,0.0,35000.0,"POLYGON ((-53 45, -50 45, -54.45 40, -56.45 44.15, -53 45))"
JULIETT 4,2016-11-21 22:15:00+00:00,2016-11-22 02:15:00+00:00,0.0,47000.0,"POLYGON ((-47.45 40, -50 35, -53.3 33.3, -53 35, -47.45 40))"
21W,2016-11-21 22:55:00+00:00,2016-11-22 00:55:00+00:00,,,"POLYGON ((-108.7468239009846 37.94444819928745, -108.8194956948467 37.69331834218096, -108.2244283114743 36.72702295298492, -108.9131264612333 37.83334708113497, -108.8174978270833 37.69020462715523, -108.0541300156987 36.83189664108593, -108.6491973990711 37.79819203028197, -108.6511952668345 37.8013057453077, -108.7468239009846 37.94444819928745))"
20W,2016-11-21 22:55:00+00:00,2016-11-22 00:55:00+00:00,0.0,30000.0,"POLYGON ((-108.2048174200188 34.73477841975422, -107.56068159704508 33.044403192488936, -110.12856542215987 33.59252817655952, -109.51208802414011 34.29210309605915, -108.2048174200188 34.73477841975422))"
YANKEE 5,2016-11-21 23:17:00+00:00,2016-11-22 03:20:00+00:00,0.0,58000.0,"POLYGON ((143.2 10.5, 143 6, 134.1 4.2, 131.2 10, 143.2 10.5))"
ZULU 2,2016-11-21 23:48:00+00:00,2016-11-22 03:50:00+00:00,0.0,48000.0,"POLYGON ((-178.5 29.4, 179.1 22.5, -177.2 23, -173.3 28.5, -178.5 29.4))"
22W,2016-11-21 23:55:00+00:00,2016-11-22 01:55:00+00:00,0.0,30000.0,"POLYGON ((-107.44788021809492 37.2494153324735, -105.20797937337395 35.526414755292734, -106.61826945538108 34.6391344033074, -108.17237117531606 34.08423624660388, -107.44788021809492 37.2494153324735))"
1C,2016-11-22 00:55:00+00:00,2016-11-22 02:55:00+00:00,0.0,30000.0,"POLYGON ((-106.94490359092086 36.352503916803194, -105.89429417433416 35.402979000555284, -106.57161962438006 33.866197425802795, -107.7038726112794 33.63220326819511, -106.94490359092086 36.352503916803194))"
2C,2016-11-22 01:55:00+00:00,2016-11-22 03:55:00+00:00,0.0,35000.0,"POLYGON ((-106.01650925549467 36.36267823531672, -105.14 35.826368955736385, -106.35736127977817 33.59492822241103, -107.05031299086005 33.74090368461795, -106.01650925549467 36.36267823531672))"
JULIETT 5,2016-11-22 02:15:00+00:00,2016-11-22 06:15:00+00:00,0.0,37000.0,"POLYGON ((-48 40, -48.15 36.3, -52.45 33.45, -52 36.3, -48 40))"
ZULU 3,2016-11-22 02:29:00+00:00,2016-11-22 06:30:00+00:00,0.0,48000.0,"POLYGON ((-177 27.5, 179.3 23.3, -170.2 23.3, -177 27.5))"
YANKEE 6,2016-11-22 02:32:00+00:00,2016-11-22 06:35:00+00:00,0.0,55000.0,"POLYGON ((136.5 8.3, 139.5 5.3, 132.5 4.3, 131.1 7, 136.5 8.3))"
3C,2016-11-22 02:55:00+00:00,2016-11-22 04:55:00+00:00,0.0,35000.0,"POLYGON ((-105.14 34.99452417705442, -105.41655717074562 33.33745759080962, -106.68298797618647 33.27857313805959, -105.5280854558156 34.89085105100741, -105.14 34.99452417705442))"
4C,2016-11-22 04:55:00+00:00,2016-11-22 06:55:00+00:00,,,"POLYGON ((-103.4207920712517 35.3153662221919, -102.9673594088438 34.48432494780433, -104.3701639320353 33.41812198836092, -103.5858585613692 35.20243680246312, -103.1104035535982 34.50747450185054, -104.4911857314265 33.57735051618211, -103.0883812082351 34.64355347562553, -102.9453370634807 34.62040392157932, -103.4207920712517 35.3153662221919))"
FOXTROT 1,2016-11-22 05:00:00+00:00,2016-11-22 09:00:00+00:00,0.0,50000.0,"POLYGON ((-133.45 13.45, -128 13.3, -128.3 9, -134.15 9.45, -133.45 13.45))"
5C,2016-11-22 05:55:00+00:00,2016-11-22 07:55:00+00:00,0.0,34000.0,"POLYGON ((-101.63737111055583 36.816829302784164, -101.64 35.723712818262676, -102.67803757200072 34.4445682201174, -103.88058354364556 33.95117553180312, -101.63737111055583 36.816829302784164))"
JULIETT 6,2016-11-22 06:15:00+00:00,2016-11-22 10:15:00+00:00,0.0,32000.0,"POLYGON ((-47.3 41.3, -48.45 35.3, -52.45 34, -50.3 41, -47.3 41.3))"
ZULU 4,2016-11-22 06:15:00+00:00,2016-11-22 10:30:00+00:00,0.0,42000.0,"POLYGON ((-178 30.2, 179.4 22.5, -172.4 20.1, -172.3 29.4, -178 30.2))"
6C,2016-11-22 06:55:00+00:00,2016-11-22 08:55:00+00:00,0.0,27000.0,"POLYGON ((-102.20359265238348 35.09769193820022, -101.4073206160412 34.82866217640802, -101.76879048186969 33.58227903174226, -102.7098788589485 33.69742265598809, -102.20359265238348 35.09769193820022))"
8C,2016-11-22 08:55:00+00:00,2016-11-22 10:55:00+00:00,0.0,30000.0,"POLYGON ((-99.88 35.34178626558165, -98.72602525431917 35.0127670441159, -100.31755733405461 33.401403240795666, -100.52013810175549 33.90866967949095, -99.88 35.34178626558165))"
7C,2016-11-22 08:55:00+00:00,2016-11-22 10:55:00+00:00,0.0,32000.0,"POLYGON ((-98.6320054529707 37.74532469243881, -98.49392398002054 36.53962901044764, -99.4808474570229 37.10786330182102, -98.6320054529707 37.74532469243881))"
9C,2016-11-22 09:55:00+00:00,2016-11-22 11:55:00+00:00,0.0,27000.0,"POLYGON ((-97.46852301157914 39.04754281768215, -96.9983263526517 37.55756914692275, -97.89943857153754 37.13474789334221, -98.36024603752918 38.00209877479093, -97.46852301157914 39.04754281768215))"
10C,2016-11-22 09:55:00+00:00,2016-11-22 11:55:00+00:00,0.0,26000.0,"POLYGON ((-99.45551904591802 36.12189747499383, -97.80494526209634 35.284466387965544, -97.89543626137012 35.10610894054482, -99.5460100451918 35.94354002757311, -99.45551904591802 36.12189747499383))"
ZULU 5,2016-11-22 10:16:00+00:00,2016-11-22 14:30:00+00:00,0.0,42000.0,"POLYGON ((-178 30.2, 179.4 22.5, -172.4 20.1, -172.3 29.4, -178 30.2))"
GOLF 1,2016-11-22 12:45:00+00:00,2016-11-22 16:45:00+00:00,0.0,50000.0,"POLYGON ((-131.45 14.3, -123.45 14.15, -126.45 6, -133.3 8.45, -131.45 14.3))"
KILO 1,2016-11-22 13:25:00+00:00,2016-11-22 17:25:00+00:00,0.0,32000.0,"POLYGON ((-49.45 41.45, -47.15 41.15, -50 34.3, -52.3 31.15, -55 31.15, -49.45 41.45))"
GOLF 2,2016-11-22 14:55:00+00:00,2016-11-22 18:55:00+00:00,0.0,50000.0,"POLYGON ((-120 15.45, -120.15 12.15, -127.45 6, -134.3 9, -129.45 15.15, -120 15.45))"
KILO 2,2016-11-22 16:25:00+00:00,2016-11-22 20:25:00+00:00,0.0,32000.0,"POLYGON ((-48.3 44.15, -46 43.45, -51 32.45, -53.45 33, -48.3 44.15))"
GOLF 3,2016-11-22 18:35:00+00:00,2016-11-22 22:35:00+00:00,0.0,50000.0,"POLYGON ((-120 16.3, -120 11.45, -128.3 5.15, -134.45 9, -128 16.3, -120 16.3))"
KILO 3,2016-11-22 19:35:00+00:00,2016-11-22 23:35:00+00:00,0.0,32000.0,"POLYGON ((-48.3 45, -44.45 45, -46.3 40.45, -50.3 40.45, -48.3 45))"
GOLF 4,2016-11-22 20:40:00+00:00,2016-11-23 00:40:00+00:00,0.0,50000.0,"POLYGON ((-120 16.3, -120 11.15, -128 5, -132.3 7.3, -125.3 16.3, -120 16.3))"
GOLF 5,2016-11-22 21:45:00+00:00,2016-11-23 01:45:00+00:00,0.0,50000.0,"POLYGON ((-120 16, -120 11.3, -126.45 7, -130 8.3, -120 16))"
11C,2016-11-22 21:55:00+00:00,2016-11-22 23:55:00+00:00,0.0,28000.0,"POLYGON ((-96.147379000579 41.57593969594596, -94.22659858436559 41.538531812436254, -94.23049291721098 41.3385697306015, -96.15127333342438 41.37597761411121, -96.147379000579 41.57593969594596))"
12C,2016-11-22 22:55:00+00:00,2016-11-23 00:55:00+00:00,0.0,38000.0,"POLYGON ((-94.7360602421262 34.66570652212137, -94.61034625828384 34.51015590570832, -95.71714300807884 33.615657176426325, -95.8428569919212 33.77120779283938, -94.7360602421262 34.66570652212137))"
13C,2016-11-22 23:55:00+00:00,2016-11-23 01:55:00+00:00,0.0,38000.0,"POLYGON ((-93.96486889831193 35.154508545072964, -93.82559682522408 35.01097008452036, -96.33585028409009 32.575328780814864, -96.47512235717794 32.71886724136747, -93.96486889831193 35.154508545072964))"
14C,2016-11-22 23:55:00+00:00,2016-11-23 01:55:00+00:00,0.0,33000.0,"POLYGON ((-90.78787924453238 40.19776023013939, -90.21747881597669 38.95696787170343, -90.3991971438057 38.873430758208684, -90.96959757236138 40.114223116644645, -90.78787924453238 40.19776023013939))"
2C,2016-11-23 00:55:00+00:00,2016-11-23 02:55:00+00:00,0.0,36000.0,"POLYGON ((-97.02778444268787 34.690946526175146, -96.90889350934376 34.53012070123224, -98.53055453332794 33.33130332984498, -98.64944546667206 33.49212915478788, -97.02778444268787 34.690946526175146))"
1C,2016-11-23 00:55:00+00:00,2016-11-23 02:55:00+00:00,0.0,38000.0,"POLYGON ((-93.80983818252935 35.458390060509984, -93.66614496367976 35.31927766402195, -96.10753294961192 32.79749738407763, -96.25122616846151 32.93660978056566, -93.80983818252935 35.458390060509984))"
8C,2016-11-23 02:06:00+00:00,2016-11-23 03:55:00+00:00,0.0,28000.0,"POLYGON ((-94.76759811808819 40.10897100101796, -94.7124018819118 39.91673839319098, -97.06370388616487 39.241603085940675, -97.11890012234126 39.433835693767655, -94.76759811808819 40.10897100101796))"
7C,2016-11-23 02:06:00+00:00,2016-11-23 03:55:00+00:00,0.0,37000.0,"POLYGON ((-95.82412627460862 37.218865482030054, -95.66429099731637 37.09864616522569, -96.98800795917153 35.33872377272957, -97.14784323646377 35.45894308953394, -95.82412627460862 37.218865482030054))"
4C,2016-11-23 02:06:00+00:00,2016-11-23 03:55:00+00:00,0.0,40000.0,"POLYGON ((-96.54469723639073 34.92793493591241, -96.42460913067026 34.76800105312184, -98.52995594713977 33.18717836150025, -98.65004405286024 33.34711224429082, -96.54469723639073 34.92793493591241))"
5C,2016-11-23 02:06:00+00:00,2016-11-23 03:55:00+00:00,0.0,44000.0,"POLYGON ((-96.47884115261728 32.71506174130595, -96.33213148865075 32.57913428087638, -97.43631992245719 31.387358067537917, -97.58302958642372 31.52328552796748, -96.47884115261728 32.71506174130595))"
3C,2016-11-23 02:06:00+00:00,2016-11-23 03:55:00+00:00,0.0,36000.0,"POLYGON ((-93.46126695825954 35.44942282027744, -93.30540200492776 35.324098775007265, -95.28103702860382 32.86701035193506, -95.4369019819356 32.992334397205234, -93.46126695825954 35.44942282027744))"
6C,2016-11-23 02:06:00+00:00,2016-11-23 03:55:00+00:00,0.0,38000.0,"POLYGON ((-95.1623279632006 31.52229200319935, -94.99677850071976 31.410071793467306, -95.74115684092067 30.311950212720937, -95.9067063034015 30.42417042245298, -95.1623279632006 31.52229200319935))"
13C,2016-11-23 02:55:00+00:00,2016-11-23 04:55:00+00:00,0.0,37000.0,"POLYGON ((-95.09339045188959 37.91186662808457, -94.92245531635199 37.80803416958176, -96.81521904667325 34.69205454771415, -96.98615418221085 34.79588700621696, -95.09339045188959 37.91186662808457))"
9C,2016-11-23 02:55:00+00:00,2016-11-23 04:55:00+00:00,0.0,36000.0,"POLYGON ((-92.64927878839319 35.55945874100968, -92.5259861185298 35.40198202032386, -95.04866012970295 33.42691413296897, -95.17195279956634 33.58439085365479, -92.64927878839319 35.55945874100968))"
11C,2016-11-23 02:55:00+00:00,2016-11-23 04:55:00+00:00,0.0,44000.0,"POLYGON ((-95.00186613469825 33.58302964823175, -94.87199571613988 33.430932066451255, -97.03521680929435 31.583838736540674, -97.16508722785272 31.735936318321162, -95.00186613469825 33.58302964823175))"
10C,2016-11-23 02:55:00+00:00,2016-11-23 04:55:00+00:00,0.0,40000.0,"POLYGON ((-96.22792518251507 35.22464222280981, -96.08228443392707 35.087570079940726, -97.92490207675313 33.12976736929846, -98.07054282534112 33.26683951216755, -96.22792518251507 35.22464222280981))"
12C,2016-11-23 02:55:00+00:00,2016-11-23 04:55:00+00:00,0.0,38000.0,"POLYGON ((-94.9995479326271 31.61360995273483, -94.83002108524262 31.507493752200322, -95.72850925505186 30.072106261197163, -95.89803610243634 30.17822246173167, -94.9995479326271 31.61360995273483))"
14C,2016-11-23 03:55:00+00:00,2016-11-23 05:55:00+00:00,,,"POLYGON ((-95.23231074595539 37.31417284096339, -95.82535827445864 34.7475578466744, -97.14805203835613 32.96808320498348, -95.76929941269903 36.04232837897402, -95.80565851650636 34.80427790867289, -95.06032923519238 37.21208288085139, -95.78326556113238 35.99421893630462, -97.30856633008128 33.08739440375366, -95.98587256618379 34.86686904544457, -96.00557232413607 34.81014898344608, -95.96921322032874 36.04819945374722, -95.95524707189539 36.09630889641662, -95.23231074595539 37.31417284096339))"
15C,2016-11-23 03:55:00+00:00,2016-11-23 05:55:00+00:00,0.0,40000.0,"POLYGON ((-92.1129904938206 36.49166491873423, -92.18 35.258283757683564, -94.07 33.51, -94.76906121898669 34.98006373027597, -92.1129904938206 36.49166491873423))"
17C,2016-11-23 03:55:00+00:00,2016-11-23 05:55:00+00:00,0.0,44000.0,"POLYGON ((-94.34690441300276 32.07131361914755, -94.1886417313265 31.949031471682595, -95.463220939673 30.299417626133177, -95.62148362134926 30.421699773598135, -94.34690441300276 32.07131361914755))"
16C,2016-11-23 03:55:00+00:00,2016-11-23 05:55:00+00:00,0.0,45000.0,"POLYGON ((-94.40717649915838 34.1152885271509, -94.26696419997346 33.972668363228415, -96.41296259265238 31.86290098946342, -96.5531748918373 32.00552115338591, -94.40717649915838 34.1152885271509))"
19C,2016-11-23 04:55:00+00:00,2016-11-23 06:55:00+00:00,0.0,37000.0,"POLYGON ((-94.7239525787598 35.76070542548069, -94.57130358949298 35.63148357718938, -96.9636755053666 32.80538907585434, -97.11632449463342 32.93461092414565, -94.7239525787598 35.76070542548069))"
21C,2016-11-23 04:55:00+00:00,2016-11-23 06:55:00+00:00,0.0,44000.0,"POLYGON ((-93.88262747472609 32.2604566955802, -93.73737252527391 32.122975789052646, -95.00460586264374 30.78408503678019, -95.14986081209592 30.921565943307755, -93.88262747472609 32.2604566955802))"
20C,2016-11-23 04:55:00+00:00,2016-11-23 06:55:00+00:00,0.0,44000.0,"POLYGON ((-93.94438340319044 34.651020921592824, -93.78921009639953 34.52484150623686, -96.17335423913214 31.592861440785573, -96.32852754592305 31.719040856141543, -93.94438340319044 34.651020921592824))"
18C,2016-11-23 04:55:00+00:00,2016-11-23 06:55:00+00:00,0.0,36000.0,"POLYGON ((-94.92819834675201 37.20089398904522, -94.74618571553641 37.11800006841187, -95.42660690598318 35.62397915274249, -95.60861953719878 35.706873073375846, -94.92819834675201 37.20089398904522))"
LIMA 1,2016-11-23 05:30:00+00:00,2016-11-23 09:30:00+00:00,0.0,30000.0,"POLYGON ((-50.45 45, -46.45 45, -47.3 40.3, -51.15 37.45, -50.45 45))"
22C,2016-11-23 05:55:00+00:00,2016-11-23 07:55:00+00:00,,,"POLYGON ((-94.84741158380395 37.10826839653082, -94.24791396159773 35.27957795591281, -96.9695218463136 32.57578178491043, -95.03550152887159 37.04028183488476, -94.41243708781796 35.31652711551125, -97.11047815368642 32.71766666575338, -94.38887026897055 35.42146283675576, -94.22434714275032 35.38451367715732, -94.84741158380395 37.10826839653082))"
23C,2016-11-23 05:55:00+00:00,2016-11-23 07:55:00+00:00,0.0,45000.0,"POLYGON ((-92.74202548542378 34.869711043060946, -94.20490357886702 32.22782617150699, -96.58328600413182 31.06995703664485, -94.27 34.55815522131803, -92.74202548542378 34.869711043060946))"
25C,2016-11-23 05:55:00+00:00,2016-11-23 07:55:00+00:00,0.0,31000.0,"POLYGON ((-93.1761940668858 32.54710413625029, -94.04422670407962 31.15823543187934, -94.26777307216463 32.010172545415074, -93.1761940668858 32.54710413625029))"
24C,2016-11-23 05:55:00+00:00,2016-11-23 07:55:00+00:00,0.0,33000.0,"POLYGON ((-91.55456270812692 34.740848942760856, -91.39903007876731 34.61511270612049, -92.66223368532019 33.05256094225892, -92.8177663146798 33.178297178899285, -91.55456270812692 34.740848942760856))"
28C,2016-11-23 06:55:00+00:00,2016-11-23 08:55:00+00:00,0.0,30000.0,"POLYGON ((-90.7053040061226 35.309801001942375, -90.56297668793964 35.16929144889046, -91.77512782487085 33.9414587727158, -91.91745514305381 34.08196832576771, -90.7053040061226 35.309801001942375))"
29C,2016-11-23 06:55:00+00:00,2016-11-23 08:55:00+00:00,,,"POLYGON ((-94.96988121347027 32.87160245684083, -97.21921148415845 31.82964374870944, -97.22412475145421 31.82720189383364, -99.56770887780091 30.58114825549075, -97.13514676940656 31.64816889168048, -94.88581649871838 32.69012759981187, -99.4738176284575 30.40455710821339, -97.1302335021108 31.65061074655628, -94.96988121347027 32.87160245684083))"
26C,2016-11-23 06:55:00+00:00,2016-11-23 08:55:00+00:00,0.0,31000.0,"POLYGON ((-93.77194118235272 37.00625442718976, -93.3235738112464 35.70464766751552, -94.63745896920445 33.97927067191303, -94.64767902870092 35.51674590119786, -93.77194118235272 37.00625442718976))"
27C,2016-11-23 06:55:00+00:00,2016-11-23 08:55:00+00:00,0.0,45000.0,"POLYGON ((-92.38281599999793 35.080530685903334, -93.49270192466398 32.65895023154708, -97.05401120569863 30.788045887132, -94.75 32.85371281826268, -93.93345148548069 34.72170140457218, -92.38281599999793 35.080530685903334))"
31C,2016-11-23 07:55:00+00:00,2016-11-23 09:55:00+00:00,,,"POLYGON ((-93.8608670618005 32.8731296848596, -97.48042583977593 30.48313060253413, -96.94636387454993 31.38330182405915, -93.62614019313284 32.70578276462592, -93.8608670618005 32.8731296848596))"
32C,2016-11-23 07:55:00+00:00,2016-11-23 09:55:00+00:00,,,"POLYGON ((-94.97888658182497 32.66871048171358, -97.1298937458842 31.68675766939328, -97.16492465532424 31.66012112493521, -98.63506883017524 29.91057623055454, -97.04683728616791 31.50481915093334, -94.89583012210868 32.48677196325364, -98.48195055157888 29.78191080101074, -97.01180637672788 31.53145569539141, -94.97888658182497 32.66871048171358))"
30C,2016-11-23 07:55:00+00:00,2016-11-23 09:55:00+00:00,0.0,32000.0,"POLYGON ((-92.85519694294676 36.4368170411817, -92.18 34.68, -92.88049730236746 33.142280361292904, -94.22326218358975 33.817315470419445, -93.82912378816934 36.014366277059125, -92.85519694294676 36.4368170411817))"
34C,2016-11-23 08:55:00+00:00,2016-11-23 10:55:00+00:00,0.0,45000.0,"POLYGON ((-94.14622295066785 33.35627177828047, -92.14312468541472 33.25857422352877, -95.87009128315249 31.034913005497554, -98.46 30.30547582294557, -94.14622295066785 33.35627177828047))"
33C,2016-11-23 08:55:00+00:00,2016-11-23 10:55:00+00:00,0.0,31000.0,"POLYGON ((-91.89741702910396 35.78793167730311, -90.73307569561622 35.272342997925655, -92.81627329840998 33.413681600069445, -93.78704673711187 33.744959830582474, -91.89741702910396 35.78793167730311))"
LIMA 2,2016-11-23 09:15:00+00:00,2016-11-23 13:15:00+00:00,0.0,30000.0,"POLYGON ((-49 45, -45.15 45, -47.15 38.15, -50 38.15, -49 45))"
35C,2016-11-23 09:55:00+00:00,2016-11-23 11:55:00+00:00,0.0,45000.0,"POLYGON ((-92.37194582516172 33.56613958080594, -92.04 32.52, -95.68373690463991 29.95957946086141, -97.64837429459021 30.27771955635063, -93.72322085454987 33.509516924713786, -92.37194582516172 33.56613958080594))"
36C,2016-11-23 10:55:00+00:00,2016-11-23 12:55:00+00:00,0.0,45000.0,"POLYGON ((-92.8727328603529 33.52706180546098, -91.43034042850815 33.029666719950896, -95.41394400498788 30.09355069370262, -97.06631331692849 30.213206649034444, -92.8727328603529 33.52706180546098))"
37C,2016-11-23 11:55:00+00:00,2016-11-23 13:55:00+00:00,0.0,45000.0,"POLYGON ((-92.19153096921693 32.82731897208351, -94.8167423007657 30.14992625447171, -97.16385776636847 29.610965159889634, -93.94972220641021 32.65228182633036, -92.19153096921693 32.82731897208351))"
38C,2016-11-23 11:55:00+00:00,2016-11-23 13:55:00+00:00,0.0,35000.0,"POLYGON ((-90.68124618492493 34.56595241367376, -90.51928361393558 34.44861475732032, -91.95901871450533 32.46133117182328, -92.12098128549468 32.578668828176724, -90.68124618492493 34.56595241367376))"
LIMA 3,2016-11-23 12:00:00+00:00,2016-11-23 16:00:00+00:00,0.0,30000.0,"POLYGON ((-47.15 45, -43.45 45, -47 36.15, -49.45 36.15, -47.15 45))"
40C,2016-11-23 12:55:00+00:00,2016-11-23 14:55:00+00:00,0.0,44000.0,"POLYGON ((-92.55605042192839 33.32353124655642, -92.26536507838304 32.05868429101709, -94.64217123126268 29.703441750288487, -96.74967323758068 29.681517143980216, -92.55605042192839 33.32353124655642))"
39C,2016-11-23 12:55:00+00:00,2016-11-23 14:55:00+00:00,0.0,34000.0,"POLYGON ((-90.3267645718181 34.547655694657074, -90.17018724698403 34.423222815771304, -91.64451506033878 32.56803544880941, -91.80109238517285 32.69246832769518, -90.3267645718181 34.547655694657074))"
LIMA 4,2016-11-23 13:15:00+00:00,2016-11-23 17:15:00+00:00,0.0,33000.0,"POLYGON ((-43.45 45, -48 33.3, -52 32.15, -48.45 39, -47.15 45, -43.45 45))"
41C,2016-11-23 13:55:00+00:00,2016-11-23 15:55:00+00:00,0.0,40000.0,"POLYGON ((-92.17419952018068 33.72928289715903, -92.08558675059669 31.612257300462456, -94.91310007556963 29.03705019452595, -96.31 29.59184477868197, -92.17419952018068 33.72928289715903))"
HOTEL 1,2016-11-23 14:35:00+00:00,2016-11-23 18:35:00+00:00,0.0,50000.0,"POLYGON ((-120 16.3, -120 12.15, -127.45 11, -127.3 14.15, -120 16.3))"
42C,2016-11-23 14:55:00+00:00,2016-11-23 16:55:00+00:00,0.0,39000.0,"POLYGON ((-92.11537688370758 32.36627264456828, -91.52690395303573 31.256334417264295, -94.40727117481036 29.13316059272878, -95.77078314023372 29.229491785461253, -92.11537688370758 32.36627264456828))"
ALFA 1,2016-11-23 15:10:00+00:00,2016-11-23 19:10:00+00:00,0.0,40000.0,"POLYGON ((173 39.3, 176.3 38.15, 169.3 30, 165.3 30, 166.15 33.15, 173 39.3))"
NOVEMBER 1,2016-11-23 15:18:00+00:00,2016-11-23 19:18:00+00:00,0.0,58000.0,"POLYGON ((130.1 13, 134 12.4, 137 8.4, 130 9.3, 130.1 13))"
43C,2016-11-23 15:55:00+00:00,2016-11-23 17:55:00+00:00,0.0,39000.0,"POLYGON ((-91.85784241988125 32.45620208134912, -91.16246582494746 31.615179270412522, -94.79184510773136 28.751516302869167, -95.60695440087629 29.01284678973706, -91.85784241988125 32.45620208134912))"
LIMA 5,2016-11-23 16:40:00+00:00,2016-11-23 20:40:00+00:00,0.0,33000.0,"POLYGON ((-45.15 45, -43.15 45, -47.3 33.15, -51.45 31.15, -45.15 45))"
44C,2016-11-23 16:55:00+00:00,2016-11-23 18:55:00+00:00,0.0,37000.0,"POLYGON ((-91.72151590690856 31.257653995815662, -91.4482210374633 30.78732594917064, -94.98159760527773 28.75350453908465, -95.43065797514093 29.075486169836065, -91.72151590690856 31.257653995815662))"
45C,2016-11-23 17:55:00+00:00,2016-11-23 19:55:00+00:00,0.0,39000.0,"POLYGON ((-91.55920144265181 31.588524353010826, -90.61775660088809 30.992822764892995, -93.93153291775192 29.421852890601713, -94.7630370654186 29.447563802513862, -91.55920144265181 31.588524353010826))"
HOTEL 2,2016-11-23 18:10:00+00:00,2016-11-23 22:10:00+00:00,0.0,50000.0,"POLYGON ((-120 16.45, -120 12.3, -125.45 11.45, -125.3 15, -120 16.45))"
NOVEMBER 2,2016-11-23 18:49:00+00:00,2016-11-23 22:50:00+00:00,0.0,60000.0,"POLYGON ((133 16.3, 139.4 9.1, 130 10, 129.5 14.1, 133 16.3))"
46C,2016-11-23 18:55:00+00:00,2016-11-23 20:55:00+00:00,0.0,37000.0,"POLYGON ((-91.9370808557326 30.055765384261218, -91.84293964474736 29.879307365474215, -95.45217292391399 27.95376386246646, -95.54631413489923 28.130221881253462, -91.9370808557326 30.055765384261218))"
ALFA 2,2016-11-23 19:05:00+00:00,2016-11-23 23:05:00+00:00,0.0,40000.0,"POLYGON ((174.3 39.3, 178.15 38, 173.45 31.45, 169.15 31.45, 170.15 36.3, 174.3 39.3))"
LIMA 6,2016-11-23 19:55:00+00:00,2016-11-23 23:55:00+00:00,0.0,33000.0,"POLYGON ((-45.15 45, -42.45 45, -47.3 33.15, -50.15 33.3, -45.15 45))"
47C,2016-11-23 19:55:00+00:00,2016-11-23 21:55:00+00:00,0.0,40000.0,"POLYGON ((-93.79476782928737 28.887337305745454, -93.68784159871646 28.718320202421864, -95.21613448848264 27.751467767386664, -95.32306071905354 27.920484870710254, -93.79476782928737 28.887337305745454))"
NOVEMBER 3,2016-11-23 22:17:00+00:00,2016-11-24 02:20:00+00:00,0.0,58000.0,"POLYGON ((133 17, 141.1 5.5, 132.1 10.1, 130 15.2, 133 17))"
LIMA 7,2016-11-23 22:45:00+00:00,2016-11-24 02:45:00+00:00,0.0,37000.0,"POLYGON ((-42.45 41.45, -46.15 35.3, -48.3 35.3, -45.15 41, -42.45 41.45))"
1W,2016-11-23 22:55:00+00:00,2016-11-24 00:55:00+00:00,0.0,27000.0,"POLYGON ((-112.60730302035125 41.041883451420475, -112.41480106407718 40.98763405667128, -112.81180500678683 39.578880355852114, -113.0043069630609 39.633129750601306, -112.60730302035125 41.041883451420475))"
2W,2016-11-23 23:55:00+00:00,2016-11-24 01:55:00+00:00,0.0,30000.0,"POLYGON ((-111.86046565283728 41.718329925874826, -111.67065354750498 41.65531116145246, -112.41509394733386 39.413061557209716, -112.60490605266615 39.47608032163208, -111.86046565283728 41.718329925874826))"
OSCAR 1,2016-11-24 01:21:00+00:00,2016-11-24 05:25:00+00:00,0.0,40000.0,"POLYGON ((-177.4 25, 179.1 22.5, -178.4 19.1, -174.2 23.3, -177.4 25))"
NOVEMBER 4,2016-11-24 01:27:00+00:00,2016-11-24 05:30:00+00:00,0.0,52000.0,"POLYGON ((131.5 13.4, 136.4 13, 140.5 5.4, 135.5 6.4, 131.5 13.4))"
OSCAR 2,2016-11-24 05:37:00+00:00,2016-11-24 09:05:00+00:00,0.0,40000.0,"POLYGON ((-176 25.3, -174.4 22.4, -176.3 18.5, -178.5 18.3, -179.5 24, -176 25.3))"
1W,2016-11-24 06:55:00+00:00,2016-11-24 08:55:00+00:00,0.0,25000.0,"POLYGON ((-125.47499154685315 46.02222106151282, -125.07717837296127 45.29111232888481, -126.28440736434483 43.894348606347954, -126.29213324525908 44.55825705523048, -125.47499154685315 46.02222106151282))"
2W,2016-11-24 07:55:00+00:00,2016-11-24 09:55:00+00:00,0.0,26000.0,"POLYGON ((-124.33546785051276 46.642439903166725, -124.92695228672153 44.83139677667087, -126.61528564663999 43.78726150505688, -126.62848078948447 44.551208414273354, -124.33546785051276 46.642439903166725))"
3W,2016-11-24 08:55:00+00:00,2016-11-24 10:55:00+00:00,,,"POLYGON ((-124.16800391956 46.95669679584392, -124.151963467638 44.75676003193943, -124.86633089549 44.23940318055981, -123.9684568100011 46.94324499051235, -124.1108450812928 44.83102530913882, -124.9836412323584 44.40138554029017, -124.2692738045065 44.91874239166979, -124.3103921908517 44.84447711447039, -124.16800391956 46.95669679584392))"
OSCAR 3,2016-11-24 08:58:00+00:00,2016-11-24 13:00:00+00:00,0.0,48000.0,"POLYGON ((-177.1 24.5, -174.2 21.1, -177 19.3, -179.3 23, -177.1 24.5))"
4W,2016-11-24 09:55:00+00:00,2016-11-24 11:55:00+00:00,,,"POLYGON ((-124.0044170127017 46.95714635315192, -124.0071353768674 44.77421049352834, -124.8721214407916 44.23551013561823, -123.8049665989498 46.94232972552543, -123.9602747931241 44.85168640452186, -124.9778506870568 44.40527858523176, -124.1128646231326 44.94397894314187, -124.1597252068759 44.86650303214835, -124.0044170127017 46.95714635315192))"
5W,2016-11-24 10:55:00+00:00,2016-11-24 12:55:00+00:00,,,"POLYGON ((-123.9215853783949 46.96583711568238, -124.1290964343617 44.70037258072575, -124.9454296895077 44.21262266039074, -123.7242610972491 46.93323147092142, -124.0817252681517 44.76991401236905, -125.0480116382336 44.38431116843831, -124.2316783830875 44.87206108877331, -124.2790495492975 44.80251965713001, -123.9215853783949 46.96583711568238))"
6W,2016-11-24 11:55:00+00:00,2016-11-24 13:55:00+00:00,,,"POLYGON ((-123.9462822028147 46.88415450295668, -124.2028851992883 44.67684059843628, -124.7491213104816 43.96400392986843, -123.7503210359117 46.84416424081662, -124.1842798742427 44.71766954444927, -124.9078718272933 44.08565208403449, -124.3616357161 44.79848875260233, -124.3802410411456 44.75765980658934, -123.9462822028147 46.88415450295668))"
OSCAR 4,2016-11-24 12:19:00+00:00,2016-11-24 16:20:00+00:00,0.0,48000.0,"POLYGON ((-176.1 24.1, -172.5 21, -174.5 18.5, -178.5 22.3, -176.1 24.1))"
7W,2016-11-24 12:55:00+00:00,2016-11-24 14:55:00+00:00,0.0,26000.0,"POLYGON ((-123.4311266642727 46.03765993768444, -123.28623271491695 45.89979861809081, -126.08511381709299 42.958140016048745, -126.23000776644874 43.09600133564237, -123.4311266642727 46.03765993768444))"
8W,2016-11-24 13:55:00+00:00,2016-11-24 15:55:00+00:00,0.0,32000.0,"POLYGON ((-125.06819660015466 44.36563779221643, -124.91807221201537 44.23349140336752, -125.94601471637256 43.06570134226012, -126.09613910451185 43.19784773110903, -125.06819660015466 44.36563779221643))"
BRAVO 1,2016-11-24 14:15:00+00:00,2016-11-24 18:15:00+00:00,0.0,35000.0,"POLYGON ((-126.3 44.45, -127 40.15, -132 39, -134 41.45, -126.3 44.45))"
9W,2016-11-24 14:55:00+00:00,2016-11-24 16:55:00+00:00,,,"POLYGON ((-124.2800077217324 44.68866401778514, -124.4968302669108 44.14285855785823, -124.7152145062449 43.98381754352268, -124.129813699803 44.55659677818089, -124.480602734351 44.15766047796484, -124.8329534630547 44.14548862334015, -124.6145692237206 44.3045296376757, -124.6307967562803 44.28972771756909, -124.2800077217324 44.68866401778514))"
10W,2016-11-24 15:55:00+00:00,2016-11-24 17:55:00+00:00,,,"POLYGON ((-124.2843101387401 44.54264143134272, -124.5044704612103 44.38422957106751, -124.5049342654685 44.38389383079102, -124.9417051935623 44.06581294012319, -124.3876598196249 44.22188649603066, -124.1674994971548 44.38029835630587, -124.8239669434604 43.90414134563933, -124.3871960153667 44.22222223630715, -124.2843101387401 44.54264143134272))"
11W,2016-11-24 16:55:00+00:00,2016-11-24 18:55:00+00:00,0.0,30000.0,"POLYGON ((-124.27688741470595 44.7503620143007, -124.13066363103687 44.61391200481189, -126.36772189058257 42.21661555738476, -126.51394567425166 42.353065566873575, -124.27688741470595 44.7503620143007))"
BRAVO 2,2016-11-24 17:40:00+00:00,2016-11-24 21:40:00+00:00,0.0,35000.0,"POLYGON ((-126.3 44.3, -127 39.45, -131.45 39.15, -132.45 41.45, -126.3 44.3))"
12W,2016-11-24 17:55:00+00:00,2016-11-24 19:55:00+00:00,,,"POLYGON ((-124.0641330095911 44.75977828836058, -124.5651390264206 44.34004323527934, -124.5991232046954 44.28225770407697, -125.1687891993006 41.31735587748269, -124.4366998624566 44.18673511037976, -123.9356938456271 44.606470163461, -124.9723816787871 41.27961881498785, -124.4027156841819 44.24452064158213, -124.0641330095911 44.75977828836058))"
13W,2016-11-24 18:55:00+00:00,2016-11-24 20:55:00+00:00,,,"POLYGON ((-124.029932301546 44.71765133954273, -124.3495481197576 44.2775845802749, -124.3655805231591 44.24335294087987, -125.1145211329392 41.28392032018337, -124.1877252438037 44.16005434238689, -123.8681094255921 44.60012110165473, -124.9206334501822 41.23485336108541, -124.1716928404021 44.19428598178192, -124.029932301546 44.71765133954273))"
MIKE 1,2016-11-24 19:40:00+00:00,2016-11-24 23:40:00+00:00,0.0,33000.0,"POLYGON ((-40 43, -40 37.45, -49 36.45, -47.15 42.3, -40 43))"
14W,2016-11-24 19:55:00+00:00,2016-11-24 21:55:00+00:00,,,"POLYGON ((-124.1425678742079 44.58059511618324, -124.2394625761681 44.12316972760566, -124.7449098790373 43.96900334970618, -123.9774321257921 44.46776699648272, -124.1860688075727 44.16240540148063, -124.8032580902623 44.16030281715665, -124.2978107873932 44.31446919505613, -124.3512045559885 44.27523352118116, -124.1425678742079 44.58059511618324))"
15W,2016-11-24 20:55:00+00:00,2016-11-24 22:55:00+00:00,0.0,27000.0,"POLYGON ((-124.36606705491286 44.24561996916763, -124.21679299438438 44.11251379029775, -126.08375579279593 42.01877839693981, -126.23302985332441 42.15188457580969, -124.36606705491286 44.24561996916763))"
MIKE 2,2016-11-24 21:45:00+00:00,2016-11-25 01:45:00+00:00,0.0,29000.0,"POLYGON ((-41.3 41.3, -42.45 38.3, -46.15 38.15, -45.45 41, -41.3 41.3))"
16W,2016-11-24 21:55:00+00:00,2016-11-24 23:55:00+00:00,0.0,28000.0,"POLYGON ((-124.37367963022665 44.23594396107711, -124.20918041907059 44.12218979838826, -125.7954761132542 41.82825712651586, -125.95997532441025 41.94201128920471, -124.37367963022665 44.23594396107711))"
17W,2016-11-24 22:55:00+00:00,2016-11-25 00:55:00+00:00,,,"POLYGON ((-124.2773970543543 44.39423066950101, -124.7982149921941 41.06248349657826, -125.0568457153002 40.8648460286303, -124.0816753267067 44.35308452354951, -124.7610721958657 41.12136680333143, -125.178281850291 41.02375878808815, -124.9196511271849 41.22139625603611, -124.9567939235133 41.16251294928293, -124.2773970543543 44.39423066950101))"
MIKE 3,2016-11-24 23:15:00+00:00,2016-11-25 03:15:00+00:00,0.0,29000.0,"POLYGON ((-41 44.3, -41 40, -44.45 39, -45 43, -41 44.3))"
18W,2016-11-24 23:55:00+00:00,2016-11-25 01:55:00+00:00,,,"POLYGON ((-123.592543651669 43.93926822440199, -123.6680774780993 42.41020821227977, -125.0431290532843 40.87752313730469, -123.3954362725909 43.90537602599309, -123.6439585180716 42.46004138412987, -125.1919985123069 41.01108167941377, -123.816946937122 42.54376675438886, -123.8410658971496 42.49393358253876, -123.592543651669 43.93926822440199))"
1W,2016-11-25 00:55:00+00:00,2016-11-25 02:55:00+00:00,,,"POLYGON ((-124.1448239473693 44.30409992451793, -123.6025900034389 42.65166985509946, -124.9695714841797 40.86272823122469, -124.3331534492707 44.23677980335372, -123.7762126655468 42.67872585791521, -125.1284873064941 40.98416035802041, -123.7615058257533 42.77310198189518, -123.5878831636454 42.74604597907943, -124.1448239473693 44.30409992451793))"
PAPA 1,2016-11-25 01:36:00+00:00,2016-11-25 05:40:00+00:00,0.0,53000.0,"POLYGON ((145.4 11.1, 147 8.5, 142.4 6.5, 142.1 8.4, 145.4 11.1))"
2W,2016-11-25 01:55:00+00:00,2016-11-25 03:55:00+00:00,,,"POLYGON ((-124.1448239473693 44.30409992451793, -123.6007967836393 42.65409137571464, -124.8992871648163 40.84425108928375, -124.3331534492707 44.23677980335372, -123.7762126655468 42.67872585791521, -125.0617894267299 40.9608401748491, -123.7632990455529 42.77068046127999, -123.5878831636454 42.74604597907943, -124.1448239473693 44.30409992451793))"
3W,2016-11-25 02:55:00+00:00,2016-11-25 04:55:00+00:00,0.0,28000.0,"POLYGON ((-124.42256815029103 43.358055216733035, -124.26474945145745 43.23520059411557, -125.51990564401183 41.6228305186433, -125.67772434284541 41.745685141260765, -124.42256815029103 43.358055216733035))"
4W,2016-11-25 03:55:00+00:00,2016-11-25 05:55:00+00:00,0.0,26000.0,"POLYGON ((-124.15372307132374 44.325729110556914, -123.96627692867624 44.25598713175952, -124.45911648725169 42.93137782482496, -124.6465626298992 43.00111980362236, -124.15372307132374 44.325729110556914))"
PAPA 2,2016-11-25 05:16:00+00:00,2016-11-25 09:20:00+00:00,0.0,56000.0,"POLYGON ((145.2 11.1, 147 8.2, 140.4 6.5, 140 10.5, 145.2 11.1))"
5W,2016-11-25 06:55:00+00:00,2016-11-25 08:55:00+00:00,,,"POLYGON ((-124.2767091283796 41.09333457200663, -124.5376743392103 40.95547738941629, -124.5524563752343 40.9459160806047, -124.8066403634102 40.74771485755488, -124.4442560824512 40.77863556940731, -124.1832908716205 40.91649275199764, -124.6836580346032 40.58999565516907, -124.4294740464273 40.7881968782189, -124.2767091283796 41.09333457200663))"
QUEBEC 1,2016-11-26 05:39:00+00:00,2016-11-26 09:40:00+00:00,0.0,47000.0,"POLYGON ((-178.2 26.3, -174 25.5, -176 21, -179.2 21.4, -178.2 26.3))"
CHARLIE 1,2016-11-26 08:30:00+00:00,2016-11-26 12:30:00+00:00,0.0,50000.0,"POLYGON ((-130.45 18, -123.45 13.3, -122 8.15, -132 8, -133 13.3, -130.45 18))"
QUEBEC 2,2016-11-26 09:30:00+00:00,2016-11-26 13:30:00+00:00,0.0,45000.0,"POLYGON ((-178.3 26, 180 17.5, -177.2 18.2, -174.1 24.5, -178.3 26))"
1E,2016-11-26 09:55:00+00:00,2016-11-26 11:55:00+00:00,,,"POLYGON ((-77.10828097235112 34.15758063567429, -77.48107127317193 33.59577402245458, -79.12787854312195 32.50465985840444, -77.26890175159997 33.85204193771335, -77.4583816063195 33.61646234722621, -77.01305971531959 33.98170308676787, -77.29921377282649 33.82677740563401, -79.23834450890168 32.67138499269545, -77.59153723895166 33.7624991567456, -77.61422690580409 33.74181083197397, -77.42474705108455 33.97739042246111, -77.39443502985803 34.00265495454044, -77.10828097235112 34.15758063567429))"
2E,2016-11-26 10:55:00+00:00,2016-11-26 12:55:00+00:00,0.0,42000.0,"POLYGON ((-74.10202207210175 35.54163455364396, -74.1793894752955 34.596247650832055, -75.65632359998345 33.566027191238696, -75.40549622175546 34.72043723247394, -74.10202207210175 35.54163455364396))"
3E,2016-11-26 11:55:00+00:00,2016-11-26 13:55:00+00:00,0.0,38000.0,"POLYGON ((-74.43685535147866 34.81609084829484, -75.11099679086897 34.1181406215206, -76.10336051628764 33.7287119884993, -75.37301908870302 34.65447635935465, -74.43685535147866 34.81609084829484))"
4E,2016-11-26 11:55:00+00:00,2016-11-26 13:55:00+00:00,0.0,34000.0,"POLYGON ((-73.3705894751847 36.306916008390374, -73.25372710285673 36.14461016766404, -74.15076504406078 35.49873087331346, -74.26762741638875 35.661036714039795, -73.3705894751847 36.306916008390374))"
CHARLIE 2,2016-11-26 12:15:00+00:00,2016-11-26 16:15:00+00:00,0.0,50000.0,"POLYGON ((-130 19.45, -123 14.3, -122 8, -129 8, -132 14, -130 19.45))"
5E,2016-11-26 12:55:00+00:00,2016-11-26 14:55:00+00:00,,,"POLYGON ((-75.46918661031567 35.7009897138249, -77.3165779920891 33.75875036750634, -77.41112471113836 33.83812982255452, -76.77690485133286 34.2844880199675, -77.17329350875048 33.77400565355155, -75.33696408616159 35.55093237776191, -76.78977776279834 34.27079042342351, -77.28252409154616 33.99130253761993, -77.1879773724969 33.91192308257175, -77.33126185583552 33.89666779652654, -76.9348731984179 34.40715016294249, -76.92200028695243 34.42084775948649, -75.46918661031567 35.7009897138249))"
QUEBEC 3,2016-11-26 13:00:00+00:00,2016-11-26 17:00:00+00:00,,,"POLYGON ((-180 24.3, 177.5 15.3, -177 16.5, -174.1 24.3, -180 24.3))"
6E,2016-11-26 13:55:00+00:00,2016-11-26 15:55:00+00:00,0.0,40000.0,"POLYGON ((-75.17226966501734 34.19716995084585, -75.0497239167206 34.03911129219536, -76.34418544797462 33.03549176041344, -76.46673119627137 33.19355041906393, -75.17226966501734 34.19716995084585))"
ROMEO 1,2016-11-26 14:03:00+00:00,2016-11-26 18:05:00+00:00,0.0,57000.0,"POLYGON ((-170.3 14.1, -167.1 11.4, -169.3 8.5, -173.3 11.2, -170.3 14.1))"
SIERRA 1,2016-11-26 14:10:00+00:00,2016-11-26 18:10:00+00:00,0.0,60000.0,"POLYGON ((146 7, 154.4 4, 150 1.3, 145.2 4.1, 146 7))"
7E,2016-11-26 14:55:00+00:00,2016-11-26 16:55:00+00:00,0.0,35000.0,"POLYGON ((-73.34664915708028 33.87342468343201, -75.91327822438343 32.68738613299373, -75.6537279468731 34.33002969055372, -73.34664915708028 33.87342468343201))"
QUEBEC 4,2016-11-26 15:20:00+00:00,2016-11-26 19:20:00+00:00,0.0,46000.0,"POLYGON ((-174.1 23.4, -177 16.1, -180 15.4, -178.5 23.4, -174.1 23.4))"
ALFA 1,2016-11-26 16:30:00+00:00,2016-11-26 20:30:00+00:00,0.0,34000.0,"POLYGON ((-72.3 35, -69.3 34.3, -77.3 31.3, -72.3 35))"
BRAVO 1,2016-11-26 17:15:00+00:00,2016-11-26 21:15:00+00:00,0.0,35000.0,"POLYGON ((-44 27.3, -40.3 27.3, -42.3 25.3, -44 27.3))"
ROMEO 2,2016-11-26 17:59:00+00:00,2016-11-26 22:00:00+00:00,0.0,56000.0,"POLYGON ((-167.4 14, -163.4 8.2, -171.3 10.3, -172 13.5, -167.4 14))"
SIERRA 2,2016-11-26 18:02:00+00:00,2016-11-26 22:05:00+00:00,0.0,58000.0,"POLYGON ((144.5 7.3, 158.1 3.4, 150.2 1.3, 145.3 2.5, 144.5 7.3))"
QUEBEC 5,2016-11-26 18:52:00+00:00,2016-11-26 22:55:00+00:00,0.0,54000.0,"POLYGON ((-174.4 23.3, -177 16.1, -179.5 16, -178.3 23, -174.4 23.3))"
ALFA 2,2016-11-26 19:45:00+00:00,2016-11-26 23:45:00+00:00,0.0,36000.0,"POLYGON ((-65.3 36, -74 31.3, -73.3 35.3, -65.3 36))"
BRAVO 2,2016-11-26 19:45:00+00:00,2016-11-26 23:45:00+00:00,0.0,45000.0,"POLYGON ((-40 27.3, -40 24.3, -43.3 26.3, -40 27.3))"
ROMEO 3,2016-11-26 21:50:00+00:00,2016-11-27 01:50:00+00:00,0.0,51000.0,"POLYGON ((-172 13.5, -167.3 13.5, -164.2 8.1, -171.4 10.1, -172 13.5))"
SIERRA 3,2016-11-26 21:52:00+00:00,2016-11-27 01:55:00+00:00,0.0,54000.0,"POLYGON ((145.4 7.3, 154.4 4, 150 1.2, 145.4 3.5, 145.4 7.3))"
QUEBEC 6,2016-11-26 22:44:00+00:00,2016-11-27 02:45:00+00:00,,,"POLYGON ((-175 22.5, -178.4 22.2, 179.5 15.5, -177.2 15.4, -175 22.5))"
ALFA 3,2016-11-26 22:45:00+00:00,2016-11-27 02:45:00+00:00,0.0,34000.0,"POLYGON ((-72.45 33.3, -70.15 31.45, -73.3 28.45, -76 30.3, -72.45 33.3))"
BRAVO 3,2016-11-26 23:45:00+00:00,2016-11-27 03:45:00+00:00,0.0,40000.0,"POLYGON ((-40 27.15, -40 24.45, -41.45 23.15, -44 24.15, -40 27.15))"
ROMEO 4,2016-11-27 01:42:00+00:00,2016-11-27 05:45:00+00:00,0.0,52000.0,"POLYGON ((-171.3 14, -167.1 13.4, -159.4 7.3, -170.5 9.1, -171.3 14))"
SIERRA 4,2016-11-27 01:44:00+00:00,2016-11-27 05:45:00+00:00,0.0,58000.0,"POLYGON ((145 7.1, 156 6, 159.1 2, 157 -0.2, 145 3.2, 145 7.1))"
CHARLIE 1,2016-11-27 01:45:00+00:00,2016-11-27 05:45:00+00:00,0.0,38000.0,"POLYGON ((-60 41.15, -65 35.15, -67.3 35.3, -64 40.15, -60 41.15))"
QUEBEC 7,2016-11-27 01:46:00+00:00,2016-11-27 05:50:00+00:00,,,"POLYGON ((-175 22.5, -177.3 22.4, 179.1 15.5, -177.1 15.3, -175 22.5))"
DELTA 1,2016-11-27 02:15:00+00:00,2016-11-27 06:15:00+00:00,0.0,43000.0,"POLYGON ((-69.3 23.3, -67.45 20.15, -73.15 21.45, -69.3 23.3))"
CHARLIE 2,2016-11-27 03:55:00+00:00,2016-11-27 07:55:00+00:00,0.0,37000.0,"POLYGON ((-54.45 42.45, -57.3 39, -66.3 36.15, -63.15 40.45, -54.45 42.45))"
SIERRA 5,2016-11-27 04:30:00+00:00,2016-11-27 08:30:00+00:00,0.0,59000.0,"POLYGON ((154.2 6, 157.5 5.3, 155.1 -1.3, 143.1 0, 143.4 3.3, 152.3 2.3, 154.2 6))"
QUEBEC 8,2016-11-27 04:35:00+00:00,2016-11-27 08:35:00+00:00,0.0,51000.0,"POLYGON ((-178.2 20, -174.1 20, -176.1 11.1, -179.5 14, -178.2 20))"
ROMEO 5,2016-11-27 04:38:00+00:00,2016-11-27 08:40:00+00:00,0.0,55000.0,"POLYGON ((-169.5 13.1, -157 9.1, -157.5 6.2, -172 8.5, -169.5 13.1))"
ROMEO 6,2016-11-27 07:19:00+00:00,2016-11-27 11:20:00+00:00,0.0,56000.0,"POLYGON ((-165.3 12.2, -156.2 9, -157.4 5.2, -166.5 8.3, -165.3 12.2))"
QUEBEC 9,2016-11-27 07:43:00+00:00,2016-11-27 11:45:00+00:00,0.0,52000.0,"POLYGON ((-173.3 18.2, -174.3 13.3, -177.5 13.1, -178.2 18.2, -173.3 18.2))"
CHARLIE 3,2016-11-27 07:45:00+00:00,2016-11-27 11:45:00+00:00,0.0,37000.0,"POLYGON ((-55.15 43.15, -54.3 39.3, -63.45 37.3, -61.3 42.15, -55.15 43.15))"
DELTA 1,2016-11-27 07:45:00+00:00,2016-11-27 11:45:00+00:00,0.0,50000.0,"POLYGON ((-131 14, -128 13.45, -129.15 10.15, -133 10.3, -131 14))"
SIERRA 6,2016-11-27 07:49:00+00:00,2016-11-27 11:50:00+00:00,0.0,60000.0,"POLYGON ((151.1 3.1, 155.1 -1.3, 141 0, 141 2, 151.1 3.1))"
1E,2016-11-27 09:55:00+00:00,2016-11-27 11:55:00+00:00,0.0,37000.0,"POLYGON ((-79.63399611869241 26.270364468645905, -79.39236382942472 25.465359627785652, -80.16655231737232 25.69772891429584, -79.63399611869241 26.270364468645905))"
2E,2016-11-27 10:55:00+00:00,2016-11-27 12:55:00+00:00,0.0,34000.0,"POLYGON ((-79.63399611869241 26.270364468645905, -79.60221495242143 25.185070137607887, -79.97445658483859 25.131850901814374, -80.13171496693091 25.744599922008263, -79.63399611869241 26.270364468645905))"
ROMEO 7,2016-11-27 10:59:00+00:00,2016-11-27 15:00:00+00:00,0.0,56000.0,"POLYGON ((-164.4 10.5, -156.1 9.4, -157.2 5.4, -165.4 8, -164.4 10.5))"
QUEBEC 10,2016-11-27 11:05:00+00:00,2016-11-27 15:05:00+00:00,0.0,51000.0,"POLYGON ((-177.1 18.2, -173 18.1, -174.4 12, -177 11.4, -177.1 18.2))"
SIERRA 7,2016-11-27 11:10:00+00:00,2016-11-27 15:10:00+00:00,0.0,56000.0,"POLYGON ((149.3 2.5, 153.3 -1.3, 143.3 -1.3, 143.3 0, 149.3 2.5))"
CHARLIE 4,2016-11-27 11:15:00+00:00,2016-11-27 15:15:00+00:00,0.0,35000.0,"POLYGON ((-57.15 44, -55.45 39, -60.3 37.15, -60.15 43.3, -57.15 44))"
DELTA 2,2016-11-27 11:30:00+00:00,2016-11-27 15:30:00+00:00,0.0,50000.0,"POLYGON ((-128 14, -127.45 8.3, -135.45 9, -135.45 10.45, -130.45 13.45, -128 14))"
1C,2016-11-27 11:55:00+00:00,2016-11-27 13:55:00+00:00,,,"POLYGON ((-106.1164774593467 37.35706308287984, -107.7418089419075 36.7040019947698, -107.617699163306 36.66082193155394, -106.8377967557694 35.29584489485514, -107.6672426421593 36.5184221819079, -106.0419111595984 37.17148327001794, -107.0114500132243 35.19662520842496, -107.7913524207609 36.56160224512377, -106.1164774593467 37.35706308287984))"
3E,2016-11-27 11:55:00+00:00,2016-11-27 13:55:00+00:00,0.0,36000.0,"POLYGON ((-79.59564033185141 26.05306360301287, -79.78938859368708 24.723246192449338, -80.28 24.96815522131804, -80.14946390861685 25.682301140750543, -79.59564033185141 26.05306360301287))"
CHARLIE 5,2016-11-27 13:20:00+00:00,2016-11-27 17:20:00+00:00,0.0,37000.0,"POLYGON ((-55 44.15, -55.15 39.15, -59.45 35, -61 36.3, -59 43.45, -55 44.15))"
4E,2016-11-27 13:55:00+00:00,2016-11-27 15:55:00+00:00,0.0,40000.0,"POLYGON ((-79.88682891835398 26.1523925928314, -79.17129254390262 25.795796612937057, -79.11432033787685 24.736606726236346, -79.5128567803571 24.10724738331726, -81.02807859467377 23.882195511106563, -79.88682891835398 26.1523925928314))"
2C,2016-11-27 13:55:00+00:00,2016-11-27 15:55:00+00:00,0.0,26000.0,"POLYGON ((-104.66247710936061 36.89051908481228, -105.20820716580333 35.79354691352001, -107.1606599477388 35.70735589071543, -106.45864188588916 36.83714304832704, -104.66247710936061 36.89051908481228))"
3C,2016-11-27 13:55:00+00:00,2016-11-27 15:55:00+00:00,0.0,27000.0,"POLYGON ((-106.9196422125224 40.51937644856109, -107.10368615408103 39.03910554319362, -108.41763002616982 39.05940794025359, -107.87053225899453 40.51859702114021, -106.9196422125224 40.51937644856109))"
ROMEO 8,2016-11-27 14:54:00+00:00,2016-11-27 18:55:00+00:00,0.0,59000.0,"POLYGON ((-159 10, -154.4 8.4, -158.4 5.2, -162.2 7.1, -159 10))"
5E,2016-11-27 14:55:00+00:00,2016-11-27 16:55:00+00:00,0.0,40000.0,"POLYGON ((-79.88682891835398 26.1523925928314, -79.35607044589158 25.79708094283153, -79.5128567803571 24.10724738331726, -81.02807859467377 23.882195511106563, -79.88682891835398 26.1523925928314))"
4C,2016-11-27 14:55:00+00:00,2016-11-27 16:55:00+00:00,0.0,29000.0,"POLYGON ((-100.7487334373556 39.42482545689972, -100.73 38.353712818262686, -102.1725681385502 37.78995325601568, -101.95377517655804 39.18524759133156, -100.7487334373556 39.42482545689972))"
ECHO 1,2016-11-27 15:30:00+00:00,2016-11-27 19:30:00+00:00,0.0,40000.0,"POLYGON ((-70.45 25.15, -68.3 24.45, -71.15 21.15, -73.15 21.45, -70.45 25.15))"
TANGO 1,2016-11-27 15:41:00+00:00,2016-11-27 19:40:00+00:00,0.0,55000.0,"POLYGON ((-147.5 10, -148 7.2, -152.4 7.2, -152.4 10, -147.5 10))"
6C,2016-11-27 16:12:00+00:00,2016-11-27 17:55:00+00:00,,,"POLYGON ((-103.4029714135809 37.03185068495436, -103.3754153642403 35.41524186871604, -103.6294980558821 35.18482519575862, -103.2037904635731 37.0137689495842, -103.3430015170439 35.48027731759985, -103.763851311497 35.3329778288964, -103.5097686198552 35.56339450185382, -103.5421824670516 35.49835905297001, -103.4029714135809 37.03185068495436))"
5C,2016-11-27 16:12:00+00:00,2016-11-27 17:55:00+00:00,0.0,30000.0,"POLYGON ((-99.98798856543274 40.007438518178915, -99.76001370349837 37.597678381640954, -101.17524237081818 37.56623764438111, -101.77219875468462 39.23626617696033, -99.98798856543274 40.007438518178915))"
7C,2016-11-27 16:12:00+00:00,2016-11-27 17:55:00+00:00,0.0,30000.0,"POLYGON ((-99.55105937763527 37.52683131623125, -99.24125539825172 36.849440319810505, -100.63582600332765 36.92888133626886, -100.59024296373272 37.6527849668747, -99.55105937763527 37.52683131623125))"
8C,2016-11-27 16:55:00+00:00,2016-11-27 18:55:00+00:00,0.0,31000.0,"POLYGON ((-99.37578812332485 40.5756759355119, -97.89943857153754 37.13474789334221, -100.11853224958249 36.80087816215248, -101.19201143456726 40.007438518178915, -99.37578812332485 40.5756759355119))"
10C,2016-11-27 16:55:00+00:00,2016-11-27 18:55:00+00:00,0.0,25000.0,"POLYGON ((-103.33198072900778 41.62277246833145, -103.7182921899958 40.567666078575265, -104.77 40.63171624231643, -104.36042097074343 41.51595763364219, -103.33198072900778 41.62277246833145))"
9C,2016-11-27 16:55:00+00:00,2016-11-27 18:55:00+00:00,0.0,30000.0,"POLYGON ((-99.21485879357513 36.559458759217954, -97.79290774490384 36.45215983577408, -98.26739879197679 34.10022898024189, -99.80550798063197 34.20307023616194, -99.21485879357513 36.559458759217954))"
CHARLIE 6,2016-11-27 17:05:00+00:00,2016-11-27 21:05:00+00:00,0.0,36000.0,"POLYGON ((-53.3 45, -51.45 45, -51.45 41, -54.45 38.15, -56.3 38.45, -56 44.15, -53.3 45))"
11C,2016-11-27 18:14:00+00:00,2016-11-27 19:55:00+00:00,0.0,30000.0,"POLYGON ((-98.66243546964549 41.14429536350664, -96.96190315725353 36.664515092459496, -98.92202760120212 36.65451649036246, -99.77188658857021 39.61202672807144, -101.46124628760329 40.196734219613774, -98.66243546964549 41.14429536350664))"
12C,2016-11-27 18:14:00+00:00,2016-11-27 19:55:00+00:00,0.0,30000.0,"POLYGON ((-97.15414507271706 36.602226178203644, -97.17 34.21, -98.30544421653377 34.22495394428601, -98.49392398002054 36.53962901044764, -97.15414507271706 36.602226178203644))"
13C,2016-11-27 18:14:00+00:00,2016-11-27 19:55:00+00:00,0.0,30000.0,"POLYGON ((-93.94280114746395 40.905362549474624, -93.25352989354067 39.61696369379181, -95.67394706413349 39.28626929374069, -96.1455120488732 40.86260575389764, -93.94280114746395 40.905362549474624))"
ROMEO 9,2016-11-27 18:50:00+00:00,2016-11-27 22:55:00+00:00,0.0,55000.0,"POLYGON ((-159.1 9.5, -154.5 9.1, -157.2 5.5, -162.1 6.4, -159.1 9.5))"
15C,2016-11-27 18:55:00+00:00,2016-11-27 20:55:00+00:00,0.0,30000.0,"POLYGON ((-98.00734860345707 41.99431405679207, -95.82626071799193 37.1583523586101, -96.98770276983886 35.39845513239565, -97.7134363561695 36.34982224564534, -99.72600398756889 41.36381358475938, -98.00734860345707 41.99431405679207))"
14C,2016-11-27 18:55:00+00:00,2016-11-27 20:55:00+00:00,0.0,30000.0,"POLYGON ((-97.33684488142256 42.462041123390755, -94.60848199713054 42.37427672373375, -92.61520983645674 38.93666819746116, -95.96161787620461 39.7386190093792, -97.33684488142256 42.462041123390755))"
ECHO 2,2016-11-27 19:20:00+00:00,2016-11-27 23:20:00+00:00,0.0,42000.0,"POLYGON ((-70.45 22.3, -71 20.3, -72.45 20.3, -72.45 22.15, -70.45 22.3))"
17C,2016-11-27 19:55:00+00:00,2016-11-27 21:55:00+00:00,0.0,30000.0,"POLYGON ((-97.62 39.26273791147279, -94.74 38.957262088527216, -94.81491821429661 37.032043322811624, -95.46733011099427 35.46442038163358, -96.50192533890073 35.436075154871695, -97.62 39.26273791147279))"
16C,2016-11-27 19:55:00+00:00,2016-11-27 21:55:00+00:00,0.0,30000.0,"POLYGON ((-95.97496268947664 43.05895483320172, -93.33 42.42452417705443, -91.91905215196232 38.57433215630024, -98.07594760615801 39.28203722644257, -99.32317989572303 41.997687180093926, -95.97496268947664 43.05895483320172))"
CHARLIE 7,2016-11-27 20:40:00+00:00,2016-11-28 00:40:00+00:00,0.0,36000.0,"POLYGON ((-51.45 43, -51.45 41, -54.15 39.15, -53.3 42.45, -51.45 43))"
19C,2016-11-27 20:55:00+00:00,2016-11-27 22:55:00+00:00,0.0,30000.0,"POLYGON ((-98.27409595579432 42.34191398015517, -97.29903819097478 40.1948973195314, -99.3705512996935 39.25684141738601, -100.89911514931549 40.43487091095333, -99.99 41.90452417705443, -98.27409595579432 42.34191398015517))"
18C,2016-11-27 20:55:00+00:00,2016-11-27 22:55:00+00:00,0.0,30000.0,"POLYGON ((-94.99024629902867 43.1190140364407, -92.14380045346999 41.35278932706301, -91.49493888751779 39.4491026750839, -96.0410433335061 37.43365750690175, -98.3284918729632 42.35878157460687, -94.99024629902867 43.1190140364407))"
21C,2016-11-27 21:55:00+00:00,2016-11-27 23:55:00+00:00,0.0,24000.0,"POLYGON ((-96.78 42.98452417705444, -95.74 41.17, -97.44739550775394 42.08126422190353, -96.78 42.98452417705444))"
20C,2016-11-27 21:55:00+00:00,2016-11-27 23:55:00+00:00,0.0,38000.0,"POLYGON ((-99.99 41.73815522131804, -98.17949226094962 41.68728424474723, -98.69103832746747 39.74861924585445, -100.12551764504079 40.551996265048864, -99.99 41.73815522131804))"
22C,2016-11-27 21:55:00+00:00,2016-11-27 23:55:00+00:00,0.0,27000.0,"POLYGON ((-94.49905746821037 42.67347672463594, -91.95340779785933 42.13431154771673, -91.61 40.85452417705444, -94.46691840788536 41.18243746310314, -94.49905746821037 42.67347672463594))"
1W,2016-11-27 21:55:00+00:00,2016-11-27 23:55:00+00:00,0.0,25000.0,"POLYGON ((-114.50080353461561 35.856893623827105, -114.82198907719568 34.769493501790635, -116.18873490285223 35.333964212186274, -114.50080353461561 35.856893623827105))"
ROMEO 10,2016-11-27 22:53:00+00:00,2016-11-28 02:55:00+00:00,0.0,55000.0,"POLYGON ((-156 10.5, -154 9.4, -154.3 6.5, -158.4 5.4, -161 6.5, -158.4 10.2, -156 10.5))"
2W,2016-11-27 22:55:00+00:00,2016-11-28 00:55:00+00:00,0.0,23000.0,"POLYGON ((-115.73878090128675 35.60804310821005, -114.10589247091826 35.42767590825638, -114.47 34.77, -115.89715185943506 34.98970526144252, -115.73878090128675 35.60804310821005))"
23C,2016-11-27 22:55:00+00:00,2016-11-28 00:55:00+00:00,0.0,35000.0,"POLYGON ((-98.69 42.47, -97.66339646076835 41.88910409978257, -97.34561511660537 40.194451492259766, -98.41535844696537 39.540675620456376, -99.99 41.99171624231642, -98.69 42.47))"
24C,2016-11-27 23:55:00+00:00,2016-11-28 01:55:00+00:00,0.0,31000.0,"POLYGON ((-97.88500932595281 43.05540268060518, -96.62401776050685 41.16662043876397, -97.57310653729905 40.789171009253415, -98.96273192560766 41.187372228299004, -99.14108569063013 42.46911561052133, -97.88500932595281 43.05540268060518))"
3W,2016-11-27 23:55:00+00:00,2016-11-28 01:55:00+00:00,0.0,23000.0,"POLYGON ((-115.73878090128675 35.60804310821005, -114.10589247091826 35.42767590825638, -114.47 34.77, -115.89715185943506 34.98970526144252, -115.73878090128675 35.60804310821005))"
2C,2016-11-28 00:55:00+00:00,2016-11-28 02:55:00+00:00,0.0,30000.0,"POLYGON ((-96.78 42.319048354108865, -95.99553618916529 41.63083337471376, -97.57310653729905 40.789171009253415, -96.78 42.319048354108865))"
1C,2016-11-28 00:55:00+00:00,2016-11-28 02:55:00+00:00,0.0,26000.0,"POLYGON ((-97.48044897412153 43.136714678458034, -96.78 42.92714530289554, -98.07665905514108 41.58413135746189, -98.69 42.614570939420894, -97.48044897412153 43.136714678458034))"
1W,2016-11-28 00:55:00+00:00,2016-11-28 02:55:00+00:00,0.0,23000.0,"POLYGON ((-114.47 34.9145709394209, -113.1833735142225 34.69797931777682, -114.2023238152244 34.235441991601924, -114.47 34.9145709394209))"
UNIFORM 1,2016-11-28 01:50:00+00:00,2016-11-28 05:55:00+00:00,0.0,55000.0,"POLYGON ((-149.4 9.3, -143.3 9.2, -140.1 8, -144.1 5, -150.4 6.4, -149.4 9.3))"
3C,2016-11-28 01:55:00+00:00,2016-11-28 03:55:00+00:00,0.0,28000.0,"POLYGON ((-96.78 43.4836310442636, -95.32886974048144 42.286959382729094, -96.62401776050685 41.16662043876397, -98.51652193898684 42.77727933438682, -96.78 43.4836310442636))"
4C,2016-11-28 01:55:00+00:00,2016-11-28 03:55:00+00:00,0.0,30000.0,"POLYGON ((-95.73615500251081 38.7384145225986, -95.63828071386887 38.56399943258964, -96.85335017789457 37.882154418858626, -96.95122446653652 38.05656950886759, -95.73615500251081 38.7384145225986))"
2W,2016-11-28 01:55:00+00:00,2016-11-28 03:55:00+00:00,0.0,22000.0,"POLYGON ((-111.67041389534619 34.420695764750924, -111.52770695417415 33.83793708502407, -112.81766769575042 33.15082066716555, -112.66180689181944 33.64964788230482, -111.67041389534619 34.420695764750924))"
ROMEO 11,2016-11-28 02:34:00+00:00,2016-11-28 06:35:00+00:00,0.0,55000.0,"POLYGON ((-158.3 10.5, -153.2 10, -153.4 7.4, -157.1 6.3, -159.5 8.2, -158.3 10.5))"
QUEBEC 1,2016-11-28 02:40:00+00:00,2016-11-28 06:45:00+00:00,0.0,55000.0,"POLYGON ((-171.3 16.3, -168 12.5, -168.5 9, -172.1 10.3, -174 14.4, -171.3 16.3))"
5C,2016-11-28 02:55:00+00:00,2016-11-28 04:55:00+00:00,0.0,29000.0,"POLYGON ((-96.35605022689397 43.521882293116484, -94.63948538071823 43.22429162434285, -96.16793007103568 41.9377377950307, -97.12840344719311 43.03464805955275, -96.35605022689397 43.521882293116484))"
6C,2016-11-28 05:55:00+00:00,2016-11-28 07:55:00+00:00,0.0,30000.0,"POLYGON ((-98.36087830660472 33.52867273131372, -97.95829739608767 33.18498112909956, -99.49507320044479 32.60680696138301, -100.0114627894246 32.78731911191074, -98.36087830660472 33.52867273131372))"
QUEBEC 2,2016-11-28 06:19:00+00:00,2016-11-28 10:20:00+00:00,0.0,55000.0,"POLYGON ((-169.4 14.5, -168.1 11.3, -163.4 10, -164.2 7.3, -171.5 8.1, -172.4 14.3, -169.4 14.5))"
FOXTROT 1,2016-11-28 06:20:00+00:00,2016-11-28 10:20:00+00:00,0.0,35000.0,"POLYGON ((-48.3 43.15, -51.15 37, -54.45 37, -52.15 42.45, -48.3 43.15))"
GOLF 1,2016-11-28 06:30:00+00:00,2016-11-28 10:30:00+00:00,0.0,45000.0,"POLYGON ((-63 17.15, -63 15, -65 15, -68 16, -68 17.15, -63 17.15))"
7C,2016-11-28 06:55:00+00:00,2016-11-28 08:55:00+00:00,0.0,35000.0,"POLYGON ((-97.66207534115931 33.80010786279993, -96.90407975220508 33.67544806268543, -99.38412620085222 32.64507977296659, -99.66236650178804 32.8805441136466, -97.66207534115931 33.80010786279993))"
8C,2016-11-28 07:55:00+00:00,2016-11-28 09:55:00+00:00,0.0,40000.0,"POLYGON ((-96.06752373212463 35.084943227930914, -96.24420123293828 33.88818545115803, -99.43998739303457 32.83222496003222, -99.43431179750928 33.28126660524949, -96.06752373212463 35.084943227930914))"
9C,2016-11-28 07:55:00+00:00,2016-11-28 09:55:00+00:00,0.0,31000.0,"POLYGON ((-90.99570825666942 35.01576881035552, -91.16847914232966 34.67582201304742, -92.41098153465896 34.21866716963083, -92.46692700817368 34.914945364009576, -90.99570825666942 35.01576881035552))"
10C,2016-11-28 08:55:00+00:00,2016-11-28 10:55:00+00:00,0.0,36000.0,"POLYGON ((-95.46733011099427 35.46442038163358, -95.39566509224406 34.08086945155923, -97.46187526428372 33.2222144348305, -96.53150191425202 35.102357651227884, -95.46733011099427 35.46442038163358))"
11C,2016-11-28 08:55:00+00:00,2016-11-28 10:55:00+00:00,0.0,34000.0,"POLYGON ((-97.71617402525847 33.88421096844259, -97.60797665706015 33.71600475715728, -99.4888466819861 32.50614939530666, -99.59704405018442 32.674355606591966, -97.71617402525847 33.88421096844259))"
GOLF 2,2016-11-28 09:15:00+00:00,2016-11-28 13:15:00+00:00,0.0,50000.0,"POLYGON ((-61.45 20, -63 17.3, -63 15, -68 15, -68 18.45, -61.45 20))"
13C,2016-11-28 09:55:00+00:00,2016-11-28 11:55:00+00:00,0.0,36000.0,"POLYGON ((-97.02754818991674 34.32755831261904, -95.78000000000002 33.851786265581644, -96.33498721907586 33.45622861203412, -99.07114236049313 32.47753989378691, -97.02754818991674 34.32755831261904))"
14C,2016-11-28 09:55:00+00:00,2016-11-28 11:55:00+00:00,0.0,31000.0,"POLYGON ((-96.02026915675835 32.96490813893955, -95.99426191570528 32.76660628969752, -97.66151005883947 32.54794708647015, -97.68751729989253 32.74624893571218, -96.02026915675835 32.96490813893955))"
12C,2016-11-28 09:55:00+00:00,2016-11-28 11:55:00+00:00,0.0,36000.0,"POLYGON ((-94.25674039669278 35.982789827028625, -94.47258929235826 34.98913222470598, -95.03483416348915 33.838213371214984, -95.57675959890517 35.25052961860749, -94.25674039669278 35.982789827028625))"
QUEBEC 3,2016-11-28 10:33:00+00:00,2016-11-28 14:35:00+00:00,0.0,55000.0,"POLYGON ((-168.2 13.4, -163.4 10, -164 7.2, -171.4 6.5, -172.1 13.3, -168.2 13.4))"
16C,2016-11-28 10:55:00+00:00,2016-11-28 12:55:00+00:00,0.0,32000.0,"POLYGON ((-96.06588416002776 34.61438400698589, -96.16433490775596 34.08086945155923, -97.7357208626564 32.279868995944135, -98.22843508842287 32.864381406522625, -96.06588416002776 34.61438400698589))"
15C,2016-11-28 10:55:00+00:00,2016-11-28 12:55:00+00:00,0.0,35000.0,"POLYGON ((-94.32629898628728 36.249822894690666, -93.54961155379007 36.057644937086124, -93.95996591937745 34.774783481838234, -94.78029961419979 34.09617979979481, -95.02654697919009 35.642310891519315, -94.32629898628728 36.249822894690666))"
17C,2016-11-28 10:55:00+00:00,2016-11-28 12:55:00+00:00,0.0,30000.0,"POLYGON ((-95.09837792194904 33.18572681664266, -95.06193696128312 32.98907469642591, -96.9560079892185 32.63809059439158, -96.99244894988442 32.83474271460833, -95.09837792194904 33.18572681664266))"
19C,2016-11-28 11:55:00+00:00,2016-11-28 13:55:00+00:00,,,"POLYGON ((-96.89379737605873 34.10399320313288, -96.97328229978511 32.96296690901133, -97.27991163547088 32.6883310448713, -96.69903038454999 34.05854192131786, -96.94261650424563 33.01473119009355, -97.41334703590067 32.83731088885076, -97.1067177002149 33.11194675299079, -97.13738349575438 33.06018247190857, -96.89379737605873 34.10399320313288))"
18C,2016-11-28 11:55:00+00:00,2016-11-28 13:55:00+00:00,0.0,33000.0,"POLYGON ((-92.45022110806437 36.65088556358398, -93.91673781641025 33.817315470419445, -95.13037065273018 33.18795387845657, -93.3551353728165 36.50223509993512, -92.45022110806437 36.65088556358398))"
20C,2016-11-28 11:55:00+00:00,2016-11-28 13:55:00+00:00,0.0,35000.0,"POLYGON ((-95.10042832239805 33.91369453652816, -94.96924000458026 33.762732205901806, -96.33989216172512 32.57161684577799, -96.4710804795429 32.722579176404345, -95.10042832239805 33.91369453652816))"
GOLF 3,2016-11-28 12:30:00+00:00,2016-11-28 16:30:00+00:00,0.0,50000.0,"POLYGON ((-65 18, -63 18, -63 15, -65.15 15, -66.45 15.3, -65 18))"
21C,2016-11-28 12:55:00+00:00,2016-11-28 14:55:00+00:00,,,"POLYGON ((-92.81143530153483 37.38272252842261, -92.5914329182018 34.60199943206293, -94.05360719329741 33.39344232547759, -92.2666873100202 34.91766475898564, -92.58538891580649 34.60742285687266, -93.00584895780003 37.3357828835838, -92.43364740156149 34.96585023814147, -94.18102571532415 33.54759977824754, -92.71885144022855 34.75615688483288, -92.72489544262386 34.75073346002314, -92.40619383683757 35.06097536213612, -92.23923374529629 35.01278988298029, -92.81143530153483 37.38272252842261))"
22C,2016-11-28 12:55:00+00:00,2016-11-28 14:55:00+00:00,0.0,35000.0,"POLYGON ((-94.75420277955527 34.09336978098755, -94.61915464552658 33.94585028568144, -96.17983027087482 32.51711484573187, -96.31487840490351 32.66463434103798, -94.75420277955527 34.09336978098755))"
24C,2016-11-28 13:55:00+00:00,2016-11-28 15:55:00+00:00,0.0,35000.0,"POLYGON ((-93.68476638691838 34.277929553358355, -93.70185278796642 33.38212208118899, -95.94671552983252 32.48324125542623, -97.31938822765731 32.6344080894434, -96.47674616855943 33.33930182712991, -93.68476638691838 34.277929553358355))"
23C,2016-11-28 13:55:00+00:00,2016-11-28 15:55:00+00:00,0.0,37000.0,"POLYGON ((-91.43518141548834 37.04398936994461, -89.95609211519185 36.529460122092274, -92.47371212003796 33.79398115313355, -93.57724523350788 33.9179341292826, -91.43518141548834 37.04398936994461))"
QUEBEC 4,2016-11-28 14:14:00+00:00,2016-11-28 18:15:00+00:00,0.0,57000.0,"POLYGON ((-167.5 13, -163.5 6.5, -172.4 6.1, -172.3 12.4, -167.5 13))"
25C,2016-11-28 14:55:00+00:00,2016-11-28 16:55:00+00:00,,,"POLYGON ((-90.37556407617305 37.65944228707678, -90.6937516057558 35.96969048039138, -94.86850000121274 32.40787572740112, -90.18411198501022 37.60159683099443, -90.66293076801384 36.01684215011528, -94.99831041689163 32.56002452293127, -90.8235620214347 36.12183927592153, -90.85438285917667 36.07468760619763, -90.37556407617305 37.65944228707678))"
26C,2016-11-28 14:55:00+00:00,2016-11-28 16:55:00+00:00,0.0,36000.0,"POLYGON ((-96.63269772448281 32.77561730605878, -96.4949360959129 32.630628569621194, -97.82730085250725 31.364676860354308, -97.96506248107715 31.509665596791884, -96.63269772448281 32.77561730605878))"
28C,2016-11-28 14:55:00+00:00,2016-11-28 16:55:00+00:00,0.0,33000.0,"POLYGON ((-94.43393357421398 32.3089555776188, -93.61151419916284 30.13904690905821, -94.8493964079626 29.959053791950243, -94.95944219125946 31.364232696063272, -94.43393357421398 32.3089555776188))"
27C,2016-11-28 14:55:00+00:00,2016-11-28 16:55:00+00:00,0.0,41000.0,"POLYGON ((-91.61273142303496 33.00804597082655, -91.49293341334611 32.847894677124025, -93.04131102803038 31.68966140783503, -93.16110903771923 31.849812701537555, -91.61273142303496 33.00804597082655))"
29C,2016-11-28 15:55:00+00:00,2016-11-28 17:55:00+00:00,,,"POLYGON ((-90.27409896902634 37.66481008400646, -90.6957660811056 35.96801685074151, -93.88347010483012 33.38946858813016, -90.08622496979044 37.59622903406475, -90.6647198139773 36.0114743531856, -94.00925156980942 33.54496464296005, -90.8215475460849 36.1235129055714, -90.8525938132132 36.08005540312731, -90.27409896902634 37.66481008400646))"
31C,2016-11-28 15:55:00+00:00,2016-11-28 17:55:00+00:00,,,"POLYGON ((-90.65710095069238 33.42575160217901, -92.66480438285772 31.38993250052133, -93.874629718472 32.41459670095321, -90.52028162868197 33.2798733202978, -92.53176500338053 31.39330194029241, -93.74537028152801 32.56721386237658, -92.53554494591374 31.54254966194469, -92.66858432539094 31.53918022217362, -90.65710095069238 33.42575160217901))"
34C,2016-11-28 15:55:00+00:00,2016-11-28 17:55:00+00:00,0.0,26000.0,"POLYGON ((-93.33428403407311 45.48160823695784, -93.14571596592688 45.4149592784093, -93.69631792884391 43.85715626504089, -93.88488599699014 43.92380522358943, -93.33428403407311 45.48160823695784))"
33C,2016-11-28 15:55:00+00:00,2016-11-28 17:55:00+00:00,0.0,32000.0,"POLYGON ((-89.73757217986626 41.42703831142543, -88.71554249490144 40.007042921553506, -89.5517258204303 38.85632607147959, -92.24004919295501 40.24012360627501, -89.73757217986626 41.42703831142543))"
32C,2016-11-28 15:55:00+00:00,2016-11-28 17:55:00+00:00,0.0,35000.0,"POLYGON ((-94.19408127297311 30.961654737615376, -94.00015333439057 30.912747124331425, -94.33112350335276 29.600387794373972, -94.52505144193529 29.649295407657924, -94.19408127297311 30.961654737615376))"
30C,2016-11-28 15:55:00+00:00,2016-11-28 17:55:00+00:00,0.0,35000.0,"POLYGON ((-94.31885918089537 33.99778344235604, -94.22112039262205 33.82329238451392, -96.79440516059371 32.38190198769861, -96.89214394886703 32.55639304554073, -94.31885918089537 33.99778344235604))"
GOLF 4,2016-11-28 16:15:00+00:00,2016-11-28 20:15:00+00:00,0.0,50000.0,"POLYGON ((-63 17, -63 15, -65.3 15, -63 17))"
37C,2016-11-28 16:55:00+00:00,2016-11-28 18:55:00+00:00,0.0,38000.0,"POLYGON ((-92.78065315934633 31.712150531841278, -92.60933454871194 31.60895201610435, -93.52585489384565 30.087447651189745, -93.69717350448003 30.190646166926673, -92.78065315934633 31.712150531841278))"
35C,2016-11-28 16:55:00+00:00,2016-11-28 18:55:00+00:00,0.0,37000.0,"POLYGON ((-90.35725988870408 35.96139204802515, -90.22384791259867 35.812391227115825, -92.67329401194729 33.61921240780803, -92.8067059880527 33.76821322871735, -90.35725988870408 35.96139204802515))"
39C,2016-11-28 16:55:00+00:00,2016-11-28 18:55:00+00:00,0.0,26000.0,"POLYGON ((-93.39634208926172 45.83816575100574, -93.19636972412862 45.834841118234145, -93.23001381743344 43.81119238071869, -93.42998618256655 43.81451701349028, -93.39634208926172 45.83816575100574))"
36C,2016-11-28 16:55:00+00:00,2016-11-28 18:55:00+00:00,0.0,38000.0,"POLYGON ((-94.33707034956592 34.04397844518966, -92.35719627724421 32.630251888252296, -96.76045934522973 31.658987756075906, -94.33707034956592 34.04397844518966))"
38C,2016-11-28 16:55:00+00:00,2016-11-28 18:55:00+00:00,0.0,32000.0,"POLYGON ((-88.91016542544499 42.909558795685584, -88.543761860564 40.15367614699355, -88.74201729842936 40.127317441471234, -89.10842086331034 42.88320009016327, -88.91016542544499 42.909558795685584))"
42C,2016-11-28 17:55:00+00:00,2016-11-28 19:55:00+00:00,0.0,33000.0,"POLYGON ((-91.33252750410524 42.2073129730507, -88.95339040020131 42.01883198294152, -88.06658401178157 41.088606068255814, -88.81566618685457 40.56919116641662, -91.33252750410524 42.2073129730507))"
41C,2016-11-28 17:55:00+00:00,2016-11-28 19:55:00+00:00,0.0,38000.0,"POLYGON ((-91.76956487840404 31.93511900583796, -91.65912048491315 31.768379580546792, -93.82917881542834 30.33098242186592, -93.93962320891923 30.497721847157088, -91.76956487840404 31.93511900583796))"
40C,2016-11-28 17:55:00+00:00,2016-11-28 19:55:00+00:00,0.0,38000.0,"POLYGON ((-90.23027986225217 35.22419749065341, -92.04 32.664570939420905, -96.48774017763321 31.380988855197657, -93.87001021324129 33.91053791343498, -90.23027986225217 35.22419749065341))"
43C,2016-11-28 17:55:00+00:00,2016-11-28 19:55:00+00:00,0.0,26000.0,"POLYGON ((-92.89073013906487 46.40996124770717, -92.69493941370781 46.36914468410666, -93.23210463732147 43.79244641530423, -93.42789536267853 43.83326297890474, -92.89073013906487 46.40996124770717))"
QUEBEC 5,2016-11-28 18:50:00+00:00,2016-11-28 22:15:00+00:00,0.0,57000.0,"POLYGON ((-169.2 13.4, -164.4 10, -166 5.4, -172.5 6.1, -174 10.1, -169.2 13.4))"
44C,2016-11-28 18:55:00+00:00,2016-11-28 20:55:00+00:00,,,"POLYGON ((-92.5664358508011 33.41315033488304, -94.38498112321776 31.17218051438904, -94.86731539056106 31.00151808593187, -92.41970142700822 33.27724960319196, -94.34497009198282 31.19850297183673, -94.93402775188406 31.19006373251834, -94.45169348454075 31.36072616097551, -94.4917045157757 31.33440370352781, -92.5664358508011 33.41315033488304))"
45C,2016-11-28 18:55:00+00:00,2016-11-28 20:55:00+00:00,0.0,31000.0,"POLYGON ((-90.26910807917127 43.28983890917761, -90.09289024969942 43.19524886437254, -91.55576284971701 40.46997016405897, -91.73198067918887 40.564560208864044, -90.26910807917127 43.28983890917761))"
46C,2016-11-28 19:55:00+00:00,2016-11-28 21:55:00+00:00,,,"POLYGON ((-92.53042328777376 33.3793358341452, -92.67158867300702 31.31865116625015, -94.57612572497399 31.060838056365, -92.33209756524043 33.35351127642128, -92.58584024978806 31.40483506719278, -94.6029546010694 31.25903041597418, -92.69841754910243 31.51684352585934, -92.78416597232139 31.43065962491671, -92.53042328777376 33.3793358341452))"
48C,2016-11-28 20:55:00+00:00,2016-11-28 22:55:00+00:00,,,"POLYGON ((-89.87137977258982 35.04831584380577, -90.20567722158903 33.32110594920564, -90.46728322086723 33.17510507076773, -89.67966673029568 34.99134120546266, -90.15855432021071 33.3799400724422, -90.56475046040474 33.34974795558396, -90.30314446112654 33.49574883402187, -90.35026736250485 33.43691471078531, -89.87137977258982 35.04831584380577))"
47C,2016-11-28 20:55:00+00:00,2016-11-28 22:55:00+00:00,0.0,38000.0,"POLYGON ((-91.19780842575304 33.13828250950137, -90.65462072954486 31.958221440750243, -92.5 30.59452417705444, -93.48101024629364 30.90800287171403, -94.05769235839675 31.82990200716841, -91.19780842575304 33.13828250950137))"
51C,2016-11-28 21:55:00+00:00,2016-11-28 23:55:00+00:00,,,"POLYGON ((-93.08666152039534 44.80318021333854, -91.86194463442084 41.58955645868377, -92.49699115924791 39.98162853753433, -93.27299129069259 44.73050823317443, -92.04811836032155 41.58995404373336, -92.6830088407521 40.05509568779761, -92.04796231592502 41.66302360894706, -91.8617885900243 41.66262602389747, -93.08666152039534 44.80318021333854))"
49C,2016-11-28 21:55:00+00:00,2016-11-28 23:55:00+00:00,0.0,39000.0,"POLYGON ((-89.78753402285369 33.867935977270314, -88.44355917649594 33.62354841094683, -91.04179004440122 31.014010255127598, -92.87309091126222 30.344241508251134, -92.5 31.838283757683584, -89.78753402285369 33.867935977270314))"
50C,2016-11-28 21:55:00+00:00,2016-11-28 23:55:00+00:00,0.0,35000.0,"POLYGON ((-88.70185353113489 36.042895571662655, -88.50821332567979 35.992860875387905, -89.02971338147655 33.974593843350725, -89.22335358693165 34.024628539625475, -88.70185353113489 36.042895571662655))"
QUEBEC 6,2016-11-28 22:38:00+00:00,2016-11-29 02:15:00+00:00,0.0,57000.0,"POLYGON ((-167.4 13.3, -162.5 8.5, -167.4 5.4, -175.2 6, -174.2 8.5, -171.3 9.3, -171.1 11.5, -167.4 13.3))"
52C,2016-11-28 22:55:00+00:00,2016-11-29 00:55:00+00:00,,,"POLYGON ((-88.52589937835181 33.68175232103432, -88.83889756716874 32.44182950386561, -92.32453929021614 31.04865840196089, -88.34014578695049 33.60761998475986, -88.78313490665212 32.4976209739147, -92.39876756058422 31.23437367833352, -88.91312583753682 32.62754478023825, -88.96888849805345 32.57175331018916, -88.52589937835181 33.68175232103432))"
53C,2016-11-28 22:55:00+00:00,2016-11-29 00:55:00+00:00,0.0,29000.0,"POLYGON ((-92.66742329312517 43.512456799928366, -92.1423069423252 40.03375257687206, -92.34006651701614 40.003900430918065, -92.8651828678161 43.48260465397437, -92.66742329312517 43.512456799928366))"
1C,2016-11-29 00:15:00+00:00,2016-11-29 02:55:00+00:00,,,"POLYGON ((-85.99652745732112 38.03766113133909, -86.58271551349134 36.87176806387258, -86.58397601068744 36.86916808083317, -87.47640260854016 34.95855558568402, -86.40402923676476 36.7819281255957, -85.81784118059454 37.94782119306221, -87.29519533742138 34.87391561348596, -86.40276873956866 36.78452810863511, -85.99652745732112 38.03766113133909))"
54C,2016-11-29 00:15:00+00:00,2016-11-29 01:55:00+00:00,,,"POLYGON ((-87.44698441609813 34.84419861981642, -87.11056161531359 33.58804937480334, -90.4635869207755 31.21807467289689, -87.63708620663584 34.78205918600538, -87.26333175107142 33.63864047639344, -90.57902540175346 31.38139630988814, -87.22600009629154 33.75137101179458, -87.07322996053371 33.70077991020448, -87.44698441609813 34.84419861981642))"
55C,2016-11-29 00:15:00+00:00,2016-11-29 01:55:00+00:00,0.0,27000.0,"POLYGON ((-91.93408019394994 43.50821308237992, -91.7306786595995 41.127603710388804, -91.92995261670873 41.110577553511085, -92.13335415105917 43.4911869255022, -91.93408019394994 43.50821308237992))"
1E,2016-11-29 00:55:00+00:00,2016-11-29 02:55:00+00:00,,,"POLYGON ((-85.80046669937896 38.18760577289, -86.3314092895236 37.1326724361326, -86.33379206477312 37.12758734952651, -87.3305131420607 34.83505784402708, -86.15275992534848 37.04275911854383, -85.62181733520383 38.09769245530123, -87.14709822738654 34.75531469965049, -86.15037715009896 37.04784420514992, -85.80046669937896 38.18760577289))"
2C,2016-11-29 00:55:00+00:00,2016-11-29 02:55:00+00:00,0.0,40000.0,"POLYGON ((-87.33452254349498 35.01731111553729, -85.75899189769076 34.95848012104866, -88.24568083542877 31.908223781997542, -90.81348562022814 31.769376365022016, -87.33452254349498 35.01731111553729))"
2E,2016-11-29 01:55:00+00:00,2016-11-29 03:55:00+00:00,,,"POLYGON ((-85.35408661121586 38.04685091451775, -84.40849033087365 36.854539888022, -85.37658890500177 35.01973276286816, -85.5054607331471 37.91613796485496, -84.57262127588115 36.83584902553616, -85.55347667308553 35.11306398755927, -84.5853780989574 36.94787111271311, -84.4212471539499 36.96656197519895, -85.35408661121586 38.04685091451775))"
3C,2016-11-29 01:55:00+00:00,2016-11-29 03:55:00+00:00,0.0,39000.0,"POLYGON ((-86.55151215997991 35.024739655068615, -85.75899189769076 34.95848012104866, -86.1980196451252 33.079809490703184, -91.47846864775074 30.543545141586385, -91.16246582494746 31.615179270412522, -86.55151215997991 35.024739655068615))"
4C,2016-11-29 02:55:00+00:00,2016-11-29 04:55:00+00:00,0.0,43000.0,"POLYGON ((-84.46748453495468 35.42805227141489, -85.76132089629678 33.239787958019946, -91.47846864775074 30.543545141586385, -90.1 32.43, -84.46748453495468 35.42805227141489))"
HOTEL 1,2016-11-29 03:45:00+00:00,2016-11-29 07:45:00+00:00,0.0,35000.0,"POLYGON ((-47.45 43.3, -43.45 42.3, -44.45 36.3, -51 37.15, -47.45 43.3))"
5C,2016-11-29 03:55:00+00:00,2016-11-29 05:55:00+00:00,0.0,41000.0,"POLYGON ((-86.56500115621841 34.33737970113504, -85.21 33.48371281826269, -88.61889154020956 31.26400770974263, -90.06492211538914 31.700551042226287, -86.56500115621841 34.33737970113504))"
ECHO 1,2016-11-29 04:00:00+00:00,2016-11-29 08:00:00+00:00,0.0,50000.0,"POLYGON ((-128.3 12.15, -123.45 10.3, -132.15 6.45, -133.45 10, -128.3 12.15))"
6C,2016-11-29 04:55:00+00:00,2016-11-29 06:55:00+00:00,0.0,38000.0,"POLYGON ((-85.29590366392287 33.98988550544865, -85.19338912873258 33.81815673652883, -91.3767851400852 30.12694080347039, -91.4792996752755 30.29866957239021, -85.29590366392287 33.98988550544865))"
7C,2016-11-29 05:55:00+00:00,2016-11-29 07:55:00+00:00,0.0,38000.0,"POLYGON ((-84.49052920267874 34.294578599224955, -84.38947079732125 34.12198891614221, -91.44127359243407 29.992866406381026, -91.54233199779156 30.165456089463774, -84.49052920267874 34.294578599224955))"
8C,2016-11-29 06:55:00+00:00,2016-11-29 08:55:00+00:00,0.0,39000.0,"POLYGON ((-83.35032007914079 34.64184601282381, -83.24967992085921 34.469012108334404, -90.63115334522364 30.170823879734293, -90.73179350350522 30.34365778422371, -83.35032007914079 34.64184601282381))"
HOTEL 2,2016-11-29 07:30:00+00:00,2016-11-29 11:30:00+00:00,0.0,30000.0,"POLYGON ((-47.15 44, -42.45 43.45, -44 36, -51.15 38, -47.15 44))"
9C,2016-11-29 07:55:00+00:00,2016-11-29 09:55:00+00:00,0.0,39000.0,"POLYGON ((-82.7404269213381 34.5077202774099, -87.81522181644986 30.258299661579724, -89.46936934992422 29.657939352814758, -90.53467220638849 31.064426437582185, -84.44 34.461844778681964, -82.7404269213381 34.5077202774099))"
ECHO 2,2016-11-29 08:00:00+00:00,2016-11-29 12:00:00+00:00,0.0,50000.0,"POLYGON ((-133.3 12.15, -124 12, -123.3 9.15, -130.45 6.45, -133.3 12.15))"
10C,2016-11-29 08:55:00+00:00,2016-11-29 10:55:00+00:00,0.0,39000.0,"POLYGON ((-82.73086966870014 34.228112336584026, -85.21 32.21815522131804, -89.29294429181337 29.59345013510345, -90.48244922042447 30.838693605713566, -84.44 34.12910686720918, -82.73086966870014 34.228112336584026))"
11C,2016-11-29 09:55:00+00:00,2016-11-29 11:55:00+00:00,0.0,36000.0,"POLYGON ((-83.15995371187611 33.70597143669105, -85.19598765774109 31.97513444044588, -89.04093694470487 29.846534814906935, -89.84850227976207 30.946421966718926, -84.44 33.7963689557364, -83.15995371187611 33.70597143669105))"
ECHO 3,2016-11-29 11:45:00+00:00,2016-11-29 15:45:00+00:00,0.0,50000.0,"POLYGON ((-131.45 11.45, -124.3 11.15, -124.15 8.3, -129.3 8.3, -131.45 11.45))"
12C,2016-11-29 13:55:00+00:00,2016-11-29 15:55:00+00:00,0.0,44000.0,"POLYGON ((-95.07955323196018 31.46618189833333, -94.91314403820114 30.759157411209628, -96.12297932829206 30.234368545083647, -96.55410414100027 31.044637821393874, -95.07955323196018 31.46618189833333))"
13C,2016-11-29 14:55:00+00:00,2016-11-29 16:55:00+00:00,0.0,41000.0,"POLYGON ((-94.45991605071438 31.694003299933556, -94.21316727531577 31.159007422702587, -95.94303063671296 30.469807642584556, -96.33184892253288 31.32461769646743, -94.45991605071438 31.694003299933556))"
ECHO 4,2016-11-29 15:45:00+00:00,2016-11-29 19:45:00+00:00,0.0,44000.0,"POLYGON ((-124.0776 10, -124.08830146344371 9.782166707331584, -124.12030279283186 9.566431268351357, -124.17329579786873 9.354871333269683, -124.24677012694691 9.149524339911824, -124.34001818211222 8.952367892077902, -124.45214193361882 8.765300714137236, -124.58206156844665 8.590124365274715, -124.72852588949101 8.428525889491016, -124.89012436527472 8.282061568446654, -125.06530071413724 8.152141933618823, -125.2523678920779 8.040018182112217, -125.44952433991182 7.946770126946916, -125.65487133326968 7.873295797868739, -125.86643126835135 7.8203027928318605, -126.08216670733158 7.78830146344371, -126.3 7.7776, -126.51783329266841 7.78830146344371, -126.73356873164865 7.8203027928318605, -126.94512866673031 7.873295797868739, -127.15047566008818 7.946770126946916, -127.3476321079221 8.040018182112217, -127.53469928586276 8.152141933618823, -127.70987563472528 8.282061568446654, -127.87147411050898 8.428525889491016, -128.01793843155335 8.590124365274715, -128.14785806638116 8.765300714137236, -128.2599818178878 8.952367892077902, -128.35322987305307 9.149524339911824, -128.42670420213125 9.354871333269683, -128.47969720716813 9.566431268351355, -128.51169853655628 9.782166707331584, -128.5224 10, -128.51169853655628 10.217833292668416, -128.47969720716813 10.433568731648643, -128.42670420213125 10.645128666730317, -128.35322987305307 10.850475660088176, -128.2599818178878 11.047632107922098, -128.14785806638116 11.234699285862764, -128.01793843155335 11.409875634725285, -127.87147411050898 11.571474110508984, -127.70987563472528 11.717938431553346, -127.53469928586276 11.847858066381177, -127.3476321079221 11.959981817887783, -127.15047566008818 12.053229873053084, -126.94512866673031 12.126704202131261, -126.73356873164865 12.17969720716814, -126.51783329266841 12.211698536556291, -126.3 12.2224, -126.08216670733158 12.211698536556291, -125.86643126835135 12.17969720716814, -125.65487133326968 12.126704202131261, -125.44952433991182 12.053229873053084, -125.2523678920779 11.959981817887783, -125.06530071413724 11.847858066381177, -124.89012436527472 11.717938431553346, -124.72852588949101 11.571474110508984, -124.58206156844665 11.409875634725287, -124.45214193361882 11.234699285862764, -124.34001818211222 11.047632107922098, -124.24677012694691 10.850475660088177, -124.17329579786873 10.645128666730317, -124.12030279283186 10.433568731648645, -124.08830146344371 10.217833292668415, -124.0776 10))"
14C,2016-11-29 15:55:00+00:00,2016-11-29 17:55:00+00:00,0.0,37000.0,"POLYGON ((-93.6134924915289 32.36914810541423, -93.28354108264016 31.534248635523515, -94.83933379061473 31.057717878216724, -94.72 31.59371281826268, -93.6134924915289 32.36914810541423))"
15C,2016-11-29 16:55:00+00:00,2016-11-29 18:55:00+00:00,0.0,45000.0,"POLYGON ((-93.1761940668858 32.54710413625029, -92.9804419486631 31.668015237485825, -94.72 31.16, -94.72 31.59371281826268, -93.1761940668858 32.54710413625029))"
16C,2016-11-29 17:55:00+00:00,2016-11-29 19:55:00+00:00,0.0,41000.0,"POLYGON ((-92.58825478739404 32.952498029286694, -92.26536507838304 32.05868429101709, -94.44436525475709 31.394987737935168, -94.15874584632336 32.41861937193263, -92.58825478739404 32.952498029286694))"
FOXTROT 1,2016-11-29 18:45:00+00:00,2016-11-29 22:45:00+00:00,0.0,45000.0,"POLYGON ((-140 10.54054054054054, -134 10.54054054054054, -134 9.45945945945946, -140 9.45945945945946, -140 10.54054054054054))"
18C,2016-11-29 18:55:00+00:00,2016-11-29 20:55:00+00:00,0.0,36000.0,"POLYGON ((-91.43723615679224 32.00742589936598, -91.3 31.20285469710447, -92.03042471212862 31.4251212919124, -92.0195580513369 31.668015237485825, -91.43723615679224 32.00742589936598))"
17C,2016-11-29 18:55:00+00:00,2016-11-29 20:55:00+00:00,0.0,31000.0,"POLYGON ((-92.40495703962135 32.826154719778366, -92.28192324146045 32.3153142031313, -93.48345436985844 32.10174524401393, -93.68856351894316 32.66771432512915, -92.40495703962135 32.826154719778366))"
ECHO 5,2016-11-29 19:45:00+00:00,2016-11-29 23:45:00+00:00,0.0,42000.0,"POLYGON ((-124.3332 10, -124.34122609758278 9.836625030498688, -124.36522709462389 9.674823451263517, -124.40497184840156 9.516153499952262, -124.4600775952102 9.36214325493387, -124.53001363658416 9.214275919058426, -124.61410645021412 9.073975535602926, -124.71154617633499 8.942593273956035, -124.82139441711826 8.821394417118263, -124.94259327395604 8.71154617633499, -125.07397553560293 8.614106450214118, -125.21427591905842 8.530013636584162, -125.36214325493387 8.460077595210187, -125.51615349995227 8.404971848401555, -125.67482345126352 8.365227094623895, -125.8366250304987 8.341226097582782, -126 8.3332, -126.1633749695013 8.341226097582782, -126.32517654873648 8.365227094623895, -126.48384650004773 8.404971848401555, -126.63785674506613 8.460077595210187, -126.78572408094158 8.530013636584162, -126.92602446439707 8.614106450214116, -127.05740672604396 8.71154617633499, -127.17860558288174 8.821394417118263, -127.28845382366501 8.942593273956035, -127.38589354978588 9.073975535602926, -127.46998636341584 9.214275919058426, -127.5399224047898 9.362143254933867, -127.59502815159844 9.516153499952262, -127.63477290537611 9.674823451263517, -127.65877390241722 9.836625030498688, -127.6668 10, -127.65877390241722 10.163374969501312, -127.63477290537611 10.325176548736483, -127.59502815159844 10.483846500047738, -127.53992240478982 10.63785674506613, -127.46998636341584 10.785724080941574, -127.38589354978588 10.926024464397072, -127.28845382366501 11.057406726043965, -127.17860558288174 11.178605582881737, -127.05740672604396 11.288453823665009, -126.92602446439707 11.385893549785882, -126.78572408094158 11.469986363415838, -126.63785674506613 11.539922404789813, -126.48384650004773 11.595028151598445, -126.32517654873648 11.634772905376105, -126.1633749695013 11.658773902417218, -126 11.6668, -125.8366250304987 11.658773902417218, -125.67482345126352 11.634772905376105, -125.51615349995227 11.595028151598445, -125.36214325493387 11.539922404789813, -125.21427591905842 11.469986363415838, -125.07397553560293 11.385893549785884, -124.94259327395604 11.28845382366501, -124.82139441711826 11.178605582881737, -124.71154617633499 11.057406726043965, -124.61410645021412 10.926024464397074, -124.53001363658416 10.785724080941574, -124.4600775952102 10.637856745066133, -124.40497184840156 10.483846500047738, -124.36522709462389 10.325176548736483, -124.34122609758278 10.163374969501312, -124.3332 10))"
FOXTROT 2,2016-11-29 19:45:00+00:00,2016-11-29 23:45:00+00:00,0.0,45000.0,"POLYGON ((-140 10.54054054054054, -136 10.54054054054054, -136 9.45945945945946, -140 9.45945945945946, -140 10.54054054054054))"
20C,2016-11-29 19:55:00+00:00,2016-11-29 21:55:00+00:00,0.0,45000.0,"POLYGON ((-90.6913197043047 32.428618839435295, -90.53604720932498 31.534986115494483, -91.91613269755433 31.258680358981128, -92.04 32.02089313279084, -90.6913197043047 32.428618839435295))"
19C,2016-11-29 19:55:00+00:00,2016-11-29 21:55:00+00:00,0.0,43000.0,"POLYGON ((-91.20457265651062 33.774904836200875, -91.30878765631445 32.77255260359794, -93.81 31.938155221318038, -93.61214219295272 32.769844516237846, -91.20457265651062 33.774904836200875))"
21C,2016-11-29 19:55:00+00:00,2016-11-29 21:55:00+00:00,0.0,36000.0,"POLYGON ((-92.10551546409835 32.386416884205694, -92.14006176438073 31.566179927207845, -93.36729657479046 30.674013695515107, -93.28354108264016 31.534248635523515, -92.10551546409835 32.386416884205694))"
27C,2016-11-29 21:13:00+00:00,2016-11-29 22:55:00+00:00,0.0,45000.0,"POLYGON ((-93.81 31.938155221318038, -93.47309604696426 31.256334417264295, -94.49787415974258 30.698694659328147, -93.81 31.938155221318038))"
26C,2016-11-29 21:13:00+00:00,2016-11-29 22:55:00+00:00,0.0,36000.0,"POLYGON ((-89.66368408934581 33.96961292769642, -89.63796925625525 33.67964599951591, -90.28 33.46, -90.47987260998924 33.86053821784249, -89.66368408934581 33.96961292769642))"
24C,2016-11-29 21:13:00+00:00,2016-11-29 22:55:00+00:00,0.0,45000.0,"POLYGON ((-91.35419219433754 32.518139442935905, -91.43723615679224 32.00742589936598, -93.12646664584274 31.47978073750293, -92.64276384320779 32.00742589936598, -91.35419219433754 32.518139442935905))"
25C,2016-11-29 21:13:00+00:00,2016-11-29 22:55:00+00:00,0.0,37000.0,"POLYGON ((-92.74 32.97085812115821, -92.51433157008451 32.35313497831424, -93.48345436985844 32.10174524401393, -93.67880009453492 32.50279933016782, -92.74 32.97085812115821))"
22C,2016-11-29 21:13:00+00:00,2016-11-29 22:55:00+00:00,0.0,43000.0,"POLYGON ((-90.77246597714634 33.867935977270314, -90.6463101163326 33.15277966157111, -92.17161757669591 32.78706377441938, -92.25989473214406 33.42505263160226, -90.77246597714634 33.867935977270314))"
23C,2016-11-29 21:13:00+00:00,2016-11-29 22:55:00+00:00,0.0,45000.0,"POLYGON ((-90.03435549850772 32.56354911505461, -90.26 31.73371281826269, -91.0438770681474 31.574244893662467, -90.95639662378048 32.427102973754614, -90.03435549850772 32.56354911505461))"
29C,2016-11-29 21:55:00+00:00,2016-11-29 23:55:00+00:00,0.0,45000.0,"POLYGON ((-91.0776578338752 33.45744597813521, -90.64515641081591 32.23782571890556, -92.9144132494033 31.612257300462456, -92.58825478739404 32.952498029286694, -91.0776578338752 33.45744597813521))"
28C,2016-11-29 21:55:00+00:00,2016-11-29 23:55:00+00:00,0.0,35000.0,"POLYGON ((-93.48345436985844 32.10174524401393, -92.83824726802534 31.259557111345735, -94.36276666263016 30.852825490043973, -94.36044676803982 31.46618189833333, -93.48345436985844 32.10174524401393))"
30C,2016-11-29 21:55:00+00:00,2016-11-29 23:55:00+00:00,0.0,45000.0,"POLYGON ((-89.35973510056975 34.50728358549704, -90.28 33.46, -90.97315033225765 33.45807138829729, -90.72339873581635 34.404365625916775, -89.35973510056975 34.50728358549704))"
31C,2016-11-29 21:55:00+00:00,2016-11-29 23:55:00+00:00,0.0,43000.0,"POLYGON ((-90.21378662861434 33.32641626316137, -89.04264627233411 32.58422190099448, -90.1 32.14085812115821, -90.6463101163326 33.15277966157111, -90.21378662861434 33.32641626316137))"
34C,2016-11-29 22:55:00+00:00,2016-11-30 00:55:00+00:00,0.0,45000.0,"POLYGON ((-89.60404591572284 35.14675390284798, -88.06571114589123 35.179210967045584, -89.24504041496903 33.23316220099817, -91.81231023017445 32.98090973809599, -89.60404591572284 35.14675390284798))"
32C,2016-11-29 22:55:00+00:00,2016-11-30 00:55:00+00:00,0.0,40000.0,"POLYGON ((-93.1012100328748 31.769737054686292, -93.00736891808437 31.259003506093833, -94.73195981655546 30.179857392633927, -94.25092421624564 31.325124646740996, -93.1012100328748 31.769737054686292))"
33C,2016-11-29 22:55:00+00:00,2016-11-30 00:55:00+00:00,0.0,45000.0,"POLYGON ((-89.90247785486775 32.83054441092996, -90.88879649079952 32.150916493026926, -92.96957528787138 31.4251212919124, -92.04 32.664570939420905, -89.90247785486775 32.83054441092996))"
35C,2016-11-29 22:55:00+00:00,2016-11-30 00:55:00+00:00,0.0,45000.0,"POLYGON ((-88.51 33.20085812115821, -89.31356048372483 32.37895906060462, -89.61332689535112 32.83797357395151, -88.51 33.20085812115821))"
36C,2016-11-29 23:55:00+00:00,2016-11-30 01:55:00+00:00,0.0,45000.0,"POLYGON ((-93.43463510314271 32.00091514507543, -92.72453996273342 31.720919548725604, -94.27786274972168 30.23701489156094, -93.43463510314271 32.00091514507543))"
37C,2016-11-29 23:55:00+00:00,2016-11-30 01:55:00+00:00,0.0,44000.0,"POLYGON ((-90.35617921768906 33.306271822500285, -91.0073077572899 32.10841313743647, -92.27546003726658 31.720919548725604, -92.31963602725068 32.9063703385024, -90.35617921768906 33.306271822500285))"
40C,2016-11-29 23:55:00+00:00,2016-11-30 01:55:00+00:00,0.0,31000.0,"POLYGON ((-88.75126917173131 35.82765630093168, -87.25921558958264 35.66804004464822, -87.33452254349498 35.01731111553729, -89.37056159140822 35.01847672938205, -88.75126917173131 35.82765630093168))"
39C,2016-11-29 23:55:00+00:00,2016-11-30 01:55:00+00:00,0.0,40000.0,"POLYGON ((-88.34974302637603 33.545221782410714, -88.60258893228752 32.78054470787875, -90.16564450149225 32.56354911505461, -90.0355067136669 33.25530573520656, -88.34974302637603 33.545221782410714))"
38C,2016-11-29 23:55:00+00:00,2016-11-30 01:55:00+00:00,0.0,45000.0,"POLYGON ((-87.35495982706455 34.97705784735314, -88.67025697362396 33.545221782410714, -90.97315033225765 33.45807138829729, -89.45040990423625 35.018849739641084, -87.35495982706455 34.97705784735314))"
1C,2016-11-30 00:55:00+00:00,2016-11-30 02:55:00+00:00,0.0,41000.0,"POLYGON ((-92.74 32.76089313279082, -91.94675343382102 31.72937823056986, -93.65674318865123 30.6094298263139, -93.81888681032521 31.475196610588036, -92.74 32.76089313279082))"
4C,2016-11-30 00:55:00+00:00,2016-11-30 02:55:00+00:00,0.0,45000.0,"POLYGON ((-87.43883896411941 35.88293715542125, -86.55151215997991 35.024739655068615, -86.97663705057394 33.82368123504988, -89.54088228810181 33.71247523151669, -89.41826134972968 34.82770495736234, -87.43883896411941 35.88293715542125))"
2C,2016-11-30 00:55:00+00:00,2016-11-30 02:55:00+00:00,0.0,42000.0,"POLYGON ((-90.04982886053509 33.920902235234664, -90.25137775461174 32.737319286518066, -91.74001902142996 31.90482411935296, -92.74 33.59273791147279, -90.04982886053509 33.920902235234664))"
3C,2016-11-30 00:55:00+00:00,2016-11-30 02:55:00+00:00,0.0,42000.0,"POLYGON ((-87.98995386127969 33.488913911298056, -88.14356450696191 33.18277904824572, -89.73541195388178 32.73615654371511, -89.64123843949177 33.237061590719705, -87.98995386127969 33.488913911298056))"
6C,2016-11-30 01:55:00+00:00,2016-11-30 03:55:00+00:00,0.0,45000.0,"POLYGON ((-90.36510966734616 34.25086561920501, -89.24937611576308 33.742472734514195, -91.0073077572899 32.10841313743647, -91.81757510093813 33.574930814846994, -90.36510966734616 34.25086561920501))"
7C,2016-11-30 01:55:00+00:00,2016-11-30 03:55:00+00:00,0.0,44000.0,"POLYGON ((-87.06003814944458 36.01206605705635, -85.58249297139706 35.312156366970754, -87.2998058767163 33.66935638194009, -88.73781309887326 33.028676706281004, -88.85915733942898 34.632840088027585, -87.06003814944458 36.01206605705635))"
5C,2016-11-30 01:55:00+00:00,2016-11-30 03:55:00+00:00,0.0,45000.0,"POLYGON ((-92.04 32.85273791147279, -91.48483455962217 32.048217220072466, -93.48101024629364 30.90800287171403, -93.19243105422565 31.846348303066897, -92.04 32.85273791147279))"
10C,2016-11-30 02:55:00+00:00,2016-11-30 04:55:00+00:00,0.0,45000.0,"POLYGON ((-85.96394156955303 36.137868866577115, -84.87819575343714 35.49396241541209, -88.19010003143603 33.37893910074856, -88.13818163008294 34.48698277166315, -85.96394156955303 36.137868866577115))"
9C,2016-11-30 02:55:00+00:00,2016-11-30 04:55:00+00:00,0.0,43000.0,"POLYGON ((-89.09736455539952 35.01680489941045, -88.51 34.06828375768358, -90.23148470190138 32.697064011641935, -90.92203074374477 33.67964599951591, -89.09736455539952 35.01680489941045))"
8C,2016-11-30 02:55:00+00:00,2016-11-30 04:55:00+00:00,0.0,45000.0,"POLYGON ((-90.91876156050824 33.237061590719705, -90.73142570514487 32.20712486033002, -93.57256246171454 29.97321448923831, -93.34560428298352 31.257232010844838, -90.91876156050824 33.237061590719705))"
INDIA 1,2016-11-30 03:30:00+00:00,2016-11-30 07:30:00+00:00,35000.0,40000.0,"POLYGON ((-44 45, -40 45, -40 37, -44 37, -44 45))"
1E,2016-11-30 03:55:00+00:00,2016-11-30 05:55:00+00:00,0.0,45000.0,"POLYGON ((-85.39941605801957 36.925461404494385, -84.2688599009208 36.72248419739157, -84.46748453495468 35.42805227141489, -87.69959978699876 33.6674255783622, -87.49 34.8763689557364, -85.39941605801957 36.925461404494385))"
13C,2016-11-30 03:55:00+00:00,2016-11-30 05:55:00+00:00,0.0,45000.0,"POLYGON ((-87.86453292094211 34.83676055110143, -88.27974775251755 33.95090199307593, -89.94862224538825 32.737319286518066, -89.91206421891827 33.332123112730564, -87.86453292094211 34.83676055110143))"
14C,2016-11-30 03:55:00+00:00,2016-11-30 05:55:00+00:00,0.0,40000.0,"POLYGON ((-87.95997185477532 35.631330221950975, -87.92116445146783 35.06216346737892, -89.99721149015635 33.69496043993733, -91.13302933173134 34.1629287037221, -87.95997185477532 35.631330221950975))"
11C,2016-11-30 03:55:00+00:00,2016-11-30 05:55:00+00:00,0.0,44000.0,"POLYGON ((-92.76036493611234 31.79400226855091, -92.62907758030032 30.99280322452304, -94.52991598859232 29.241871360836555, -93.9418522918887 30.88103521009135, -92.76036493611234 31.79400226855091))"
12C,2016-11-30 03:55:00+00:00,2016-11-30 05:55:00+00:00,0.0,45000.0,"POLYGON ((-90.43999704698855 33.404572324616744, -90.27128284619971 32.42988411568774, -92.37092241969967 30.99280322452304, -92.23596737905349 32.11914957172451, -90.43999704698855 33.404572324616744))"
2E,2016-11-30 04:55:00+00:00,2016-11-30 06:55:00+00:00,0.0,45000.0,"POLYGON ((-85.73222510669639 35.81792757448312, -84.64655310784002 35.642958140829585, -87.18348321788297 33.90495787585899, -86.76932557987541 35.296086248612134, -85.73222510669639 35.81792757448312))"
15C,2016-11-30 04:55:00+00:00,2016-11-30 06:55:00+00:00,0.0,45000.0,"POLYGON ((-88.05919792409836 34.23811184318737, -89.50868029569529 32.428618839435295, -94.40727117481036 29.13316059272878, -93.27848409309142 31.257653995815662, -90.12682729967294 33.76731564919611, -88.05919792409836 34.23811184318737))"
3E,2016-11-30 04:55:00+00:00,2016-11-30 06:55:00+00:00,0.0,34000.0,"POLYGON ((-84.47218606154188 37.02944963053401, -83.60052819161427 36.62000022929052, -84.38362603454044 35.73301451160727, -85.85596405712627 35.86054946507462, -84.47218606154188 37.02944963053401))"
16C,2016-11-30 04:55:00+00:00,2016-11-30 06:55:00+00:00,0.0,31000.0,"POLYGON ((-86.80674994900164 36.2421603510143, -87.9849858244047 34.30008931420955, -90.14695863351707 33.72706126753961, -89.81679565384252 35.07521568826375, -86.80674994900164 36.2421603510143))"
18C,2016-11-30 05:55:00+00:00,2016-11-30 07:55:00+00:00,0.0,31000.0,"POLYGON ((-85.86459917321937 36.73761094631314, -86.10078441041736 35.66804004464822, -91.67491006681706 32.64680614969554, -89.79216900277056 35.08352198604896, -85.86459917321937 36.73761094631314))"
4E,2016-11-30 05:55:00+00:00,2016-11-30 07:55:00+00:00,0.0,41000.0,"POLYGON ((-85.60593666405403 36.135205082073035, -84.02613911061188 35.63279081938947, -85.35153633438568 34.559134898688185, -86.9 34.103712818262686, -86.99009592218168 35.117889110988436, -85.60593666405403 36.135205082073035))"
5E,2016-11-30 05:55:00+00:00,2016-11-30 07:55:00+00:00,0.0,35000.0,"POLYGON ((-83.97090660410947 37.29705121201085, -82.46252934350021 36.550188962437865, -83.89 35.61085812115821, -85.60593666405403 36.135205082073035, -83.97090660410947 37.29705121201085))"
17C,2016-11-30 05:55:00+00:00,2016-11-30 07:55:00+00:00,0.0,45000.0,"POLYGON ((-86.99009592218168 35.117889110988436, -86.9 34.103712818262686, -88.66858886156167 32.64706414322558, -94.9907395094358 28.75359363493655, -92.52275435783856 32.11016899973447, -86.99009592218168 35.117889110988436))"
20C,2016-11-30 06:55:00+00:00,2016-11-30 08:55:00+00:00,,,"POLYGON ((-84.45960086232645 37.02948721449516, -86.26528899692678 36.13928517332728, -87.69370742397825 34.70983049131848, -87.67269586342226 35.07085369847996, -84.45960086232645 37.02948721449516))"
6E,2016-11-30 06:55:00+00:00,2016-11-30 08:55:00+00:00,0.0,44000.0,"POLYGON ((-81.70190800387401 37.587567600330026, -80.71 36.75726208852723, -85.30479003310272 34.652491948389375, -86.9 34.16910686720918, -86.91428885410875 35.179210967045584, -81.70190800387401 37.587567600330026))"
19C,2016-11-30 06:55:00+00:00,2016-11-30 08:55:00+00:00,0.0,45000.0,"POLYGON ((-86.91428885410875 35.179210967045584, -86.9 34.16910686720918, -88.64870706962282 32.687319460929565, -94.79184510773136 28.751516302869167, -91.12533952670466 32.835025902913294, -86.91428885410875 35.179210967045584))"
21C,2016-11-30 07:55:00+00:00,2016-11-30 09:55:00+00:00,0.0,45000.0,"POLYGON ((-84.34781308735664 36.568647514169584, -84.94700046972524 34.959831122219704, -91.49304662673721 30.479857834868557, -94.79184510773136 28.751516302869167, -90.84100256953744 32.98817263217928, -84.34781308735664 36.568647514169584))"
7E,2016-11-30 07:55:00+00:00,2016-11-30 09:55:00+00:00,0.0,42000.0,"POLYGON ((-82.76958214648741 36.949434097615885, -82.40321047319249 35.90542339275631, -84.9871355344339 34.90456637204819, -84.31681684990622 36.62912176038077, -82.76958214648741 36.949434097615885))"
8E,2016-11-30 07:55:00+00:00,2016-11-30 09:55:00+00:00,0.0,34000.0,"POLYGON ((-80.1 38.331716242316425, -78.72906639134311 36.83999150704893, -78.98586298738837 36.27052311895967, -81.25949446333557 37.51278538257734, -80.1 38.331716242316425))"
9E,2016-11-30 08:55:00+00:00,2016-11-30 10:55:00+00:00,0.0,39000.0,"POLYGON ((-82.13 36.93910686720918, -82.44408325787079 35.824767909892564, -84.45787342811069 35.70766220376371, -84.40381090237108 36.79435612436977, -82.13 36.93910686720918))"
22C,2016-11-30 08:55:00+00:00,2016-11-30 10:55:00+00:00,0.0,45000.0,"POLYGON ((-84.40381090237108 36.79435612436977, -84.39748126523008 35.212348176683584, -92.22419422492321 29.818693376637544, -94.27384345220017 29.0145032395411, -86.10762672598709 36.32963951731279, -84.40381090237108 36.79435612436977))"
10E,2016-11-30 08:55:00+00:00,2016-11-30 10:55:00+00:00,0.0,33000.0,"POLYGON ((-79.85412584937971 37.783325850542056, -79.39958039483425 37.783325850542056, -79.39958039483425 37.3287803959966, -79.85412584937971 37.3287803959966, -79.85412584937971 37.783325850542056))"
23C,2016-11-30 09:55:00+00:00,2016-11-30 11:55:00+00:00,,,"POLYGON ((-87.4592505451089 34.70685491408649, -90.34144861990912 31.21287697752537, -93.30652207557776 29.53701449975905, -89.76385866098128 32.47489853204413, -90.29913726191974 31.25962479974447, -87.32887504583893 34.5551900559614, -89.7901869134235 32.43937517595288, -93.4049313637534 29.71112829013984, -90.43985790808476 31.38699076790616, -90.48216926607414 31.34024294568706, -89.94689066513568 32.55551667798672, -89.92056241269347 32.59104003407797, -87.4592505451089 34.70685491408649))"
24C,2016-11-30 09:55:00+00:00,2016-11-30 11:55:00+00:00,,,"POLYGON ((-88.46054149491691 32.46146395261959, -88.75616975357913 32.25576451149063, -88.59920537716437 32.17916398950354, -88.51989841517768 30.73522552410154, -88.64194001632303 32.09159518693087, -88.34631175766081 32.29729462805984, -88.71959743075111 30.72425724351595, -88.7989043927378 32.16819570891796, -88.46054149491691 32.46146395261959))"
11E,2016-11-30 09:55:00+00:00,2016-11-30 11:55:00+00:00,0.0,45000.0,"POLYGON ((-82.94898922779338 37.406356199840886, -83.32212657188931 35.70766220376371, -86.9 33.83636895573639, -87.05883554853216 35.06216346737892, -82.94898922779338 37.406356199840886))"
25C,2016-11-30 10:55:00+00:00,2016-11-30 12:55:00+00:00,,,"POLYGON ((-86.95732618788938 33.91939405198195, -90.24967110644828 31.15487080131189, -94.8157244603038 29.43133375094286, -88.85691186681159 32.34690580724385, -90.21971065407254 31.17267035816929, -86.84267381211063 33.75551961002017, -88.86486078919668 32.34072583000015, -94.88635377610127 29.61844735213204, -90.32030042224575 31.34198440250106, -90.35026087462148 31.32418484564366, -88.98746208736053 32.49842029471822, -88.97951316497543 32.50460027196193, -86.95732618788938 33.91939405198195))"
12E,2016-11-30 10:55:00+00:00,2016-11-30 12:55:00+00:00,0.0,40000.0,"POLYGON ((-82.38142602267439 38.0816409129313, -81.74726868447938 36.74607138886185, -83.68613252453478 35.499129016567124, -86.9 33.814570939420896, -87.11553846840633 35.016109146470505, -82.38142602267439 38.0816409129313))"
26C,2016-11-30 11:55:00+00:00,2016-11-30 13:55:00+00:00,,,"POLYGON ((-87.00960660712275 33.8544399808709, -90.1888017206428 31.1597461300173, -95.50107398804874 28.39148510924144, -88.76102131812503 32.35496985928491, -90.17072731003809 31.17183000928777, -86.89318362850989 33.69181867214751, -88.76709675443352 32.35025679754192, -95.59349901806917 28.56884805301979, -90.28122675066322 31.33710907379565, -90.29930116126793 31.32502519452518, -88.88959516935488 32.50816504452232, -88.88351973304638 32.51287810626531, -87.00960660712275 33.8544399808709))"
13E,2016-11-30 11:55:00+00:00,2016-11-30 13:55:00+00:00,0.0,39000.0,"POLYGON ((-82.40699862146893 36.97394544582893, -81.96385361004475 36.495209824304354, -83.50286574487646 35.100530560570405, -86.9 33.814570939420896, -87.11553846840633 35.016109146470505, -82.40699862146893 36.97394544582893))"
27C,2016-11-30 12:55:00+00:00,2016-11-30 14:55:00+00:00,,,"POLYGON ((-87.00575167679122 33.79070524265411, -90.1366894577214 31.05778090998589, -93.06156499596753 29.43850418979781, -88.7334580161033 32.30535306852194, -90.11858247785717 31.07062140837278, -86.88914369881044 33.62821653698127, -88.74169601100961 32.29875564716358, -93.15843500403247 29.61347904952772, -90.23355946578634 31.2327557697158, -90.25166644565057 31.21991527132892, -88.8665419838967 32.45464693147807, -88.85830398899039 32.46124435283642, -87.00575167679122 33.79070524265411))"
14E,2016-11-30 12:55:00+00:00,2016-11-30 14:55:00+00:00,0.0,39000.0,"POLYGON ((-81.4167414871432 37.54434616529908, -81.55540648985522 36.62962449003041, -83.57802538269017 35.28477596877902, -86.9 33.83636895573639, -86.92776930745075 34.89970959924097, -81.4167414871432 37.54434616529908))"
GOLF 1,2016-11-30 13:50:00+00:00,2016-11-30 17:50:00+00:00,0.0,43000.0,"POLYGON ((-130.3 32.3, -124.45 29.15, -125.3 25, -131.45 27.45, -139.45 27.15, -139.45 31.45, -130.3 32.3))"
28C,2016-11-30 13:55:00+00:00,2016-11-30 15:55:00+00:00,,,"POLYGON ((-86.86009464268962 33.7888785674421, -88.59431964128093 30.76131781300032, -90.48154204948771 29.10411455290476, -88.10278901935571 33.3650683900718, -88.56188945187512 30.81871563499713, -86.81594470563546 33.59381246823951, -88.17912727857419 33.2852789760817, -90.61350812616719 29.25439746812078, -88.72628571796041 30.91160072821634, -88.75871590736622 30.85420290621952, -88.29961547484682 33.40055566129419, -88.22327721562834 33.48034507528429, -86.86009464268962 33.7888785674421))"
15E,2016-11-30 13:55:00+00:00,2016-11-30 15:55:00+00:00,0.0,38000.0,"POLYGON ((-83.28110581550074 36.204598394099676, -83.17610559244018 36.03437808638866, -86.7141312901591 33.85195054616151, -86.81913151321966 34.02217085387253, -83.28110581550074 36.204598394099676))"
17E,2016-11-30 14:55:00+00:00,2016-11-30 16:55:00+00:00,0.0,28000.0,"POLYGON ((-72.93600337602429 38.59995884177378, -72.57236701238791 38.59995884177378, -72.57236701238791 38.23632247813742, -72.93600337602429 38.23632247813742, -72.93600337602429 38.59995884177378))"
16E,2016-11-30 14:55:00+00:00,2016-11-30 16:55:00+00:00,0.0,39000.0,"POLYGON ((-82.52011201097031 36.6319461419821, -82.40494667603011 36.46843178289363, -86.49499445224005 33.58775680918195, -86.61015978718025 33.751271168270414, -82.52011201097031 36.6319461419821))"
29C,2016-11-30 14:55:00+00:00,2016-11-30 16:55:00+00:00,0.0,43000.0,"POLYGON ((-86.60526709780531 33.431693615678014, -86.46034954941935 33.29385710320834, -90.33383229861825 29.221383027424153, -90.47874984700421 29.35921953989382, -86.60526709780531 33.431693615678014))"
18E,2016-11-30 15:55:00+00:00,2016-11-30 17:55:00+00:00,0.0,38000.0,"POLYGON ((-81.49333833466217 37.168966473039205, -81.3765309568064 37.00662104970223, -83.45445645980763 35.51155562441219, -83.5712638376634 35.67390104774916, -81.49333833466217 37.168966473039205))"
30C,2016-11-30 15:55:00+00:00,2016-11-30 17:55:00+00:00,0.0,43000.0,"POLYGON ((-85.08810433864025 34.76147935435365, -84.94274622250092 34.62410753019593, -89.90025602380152 29.378386365191673, -90.04561413994085 29.5157581893494, -85.08810433864025 34.76147935435365))"
19E,2016-11-30 16:55:00+00:00,2016-11-30 18:55:00+00:00,0.0,35000.0,"POLYGON ((-81.13894494426883 37.16415738123316, -81.00600025311253 37.0147394803867, -82.33673812761434 35.83071444233308, -82.46968281877064 35.98013234317954, -81.13894494426883 37.16415738123316))"
20E,2016-11-30 16:55:00+00:00,2016-11-30 18:55:00+00:00,0.0,43000.0,"POLYGON ((-84.18742079941602 35.042890082660506, -84.04261285874098 34.90493842331037, -88.92751257558528 29.777256221207708, -89.07232051626032 29.91520788055785, -84.18742079941602 35.042890082660506))"
JULIETT 1,2016-11-30 17:10:00+00:00,2016-11-30 21:10:00+00:00,0.0,42000.0,"POLYGON ((-91.15 27.45, -93 24.3, -95 25.3, -94.15 27, -91.15 27.45))"
21E,2016-11-30 17:56:00+00:00,2016-11-30 19:55:00+00:00,,,"POLYGON ((-83.76602063181483 35.95597455290368, -86.07115837123001 32.20868608044856, -88.29415799461039 30.26400232722616, -83.60052758300813 35.84367116561432, -86.05425385221628 32.22779945390858, -88.42584200538961 30.41453246143555, -86.20284238200924 32.35921621465796, -86.21974690102297 32.34010284119794, -83.76602063181483 35.95597455290368))"
22E,2016-11-30 17:56:00+00:00,2016-11-30 19:55:00+00:00,0.0,28000.0,"POLYGON ((-86.50580382931544 30.70465006412117, -86.14216746567907 30.70465006412117, -86.14216746567907 30.341013700484805, -86.50580382931544 30.341013700484805, -86.50580382931544 30.70465006412117))"
23E,2016-11-30 18:55:00+00:00,2016-11-30 20:55:00+00:00,,,"POLYGON ((-83.61879327312013 34.68748344860129, -86.05886896421441 32.14234356228219, -88.29680659440984 30.31758412196557, -83.48249810306874 34.54111532836789, -86.05391478477887 32.1466617181978, -88.42319340559015 30.47258855403019, -86.18525577539472 32.29734799434681, -86.19020995483027 32.2930298384312, -83.61879327312013 34.68748344860129))"
24E,2016-11-30 19:55:00+00:00,2016-11-30 21:55:00+00:00,0.0,42000.0,"POLYGON ((-83.09764040940539 34.6998327489478, -84.65066312875568 31.53215948732113, -85.31441910659896 30.39645733599175, -88.38515919365182 29.169075727715725, -83.09764040940539 34.6998327489478))"
25E,2016-11-30 20:55:00+00:00,2016-11-30 22:55:00+00:00,0.0,42000.0,"POLYGON ((-82.90914956966219 35.46790226524021, -82.35914591264499 34.67632171374924, -83.92834700221921 31.78682344377124, -88.19465303757788 29.166513592474203, -82.90914956966219 35.46790226524021))"
26E,2016-11-30 21:55:00+00:00,2016-11-30 23:55:00+00:00,,,"POLYGON ((-82.07599206841975 35.0904741768149, -82.17719629127433 33.78467014062579, -86.43646177869587 30.59197496213443, -81.88045770466822 35.04844665497162, -82.13940801932851 33.84367219291389, -86.55641959855578 30.75200658855391, -82.29715411113423 33.94470176704526, -82.33494238308005 33.88569971475717, -82.07599206841975 35.0904741768149))"
VICTOR 1,2016-11-30 22:35:00+00:00,2016-12-01 02:35:00+00:00,0.0,56000.0,"POLYGON ((150 9.1, 159.2 7.1, 159.3 4.1, 149.4 6.1, 150 9.1))"
28E,2016-11-30 22:55:00+00:00,2016-12-01 00:55:00+00:00,0.0,37000.0,"POLYGON ((-81.62750321998557 35.44595393844169, -81.44599328149819 34.28334658703587, -81.64359950957963 34.252495677431334, -81.82510944806701 35.41510302883715, -81.62750321998557 35.44595393844169))"
27E,2016-11-30 22:55:00+00:00,2016-12-01 00:55:00+00:00,0.0,41000.0,"POLYGON ((-83.65440809254814 32.62778458823044, -83.51431333991285 32.485048957485844, -85.90017091921838 30.14333423879785, -86.04026567185367 30.286069869542445, -83.65440809254814 32.62778458823044))"
29E,2016-11-30 23:55:00+00:00,2016-12-01 01:55:00+00:00,0.0,42000.0,"POLYGON ((-82.86699043367896 32.75221576728328, -82.71524683174043 32.621931926110555, -84.58419277865099 30.445141717441263, -84.73593638058952 30.57542555861399, -82.86699043367896 32.75221576728328))"
30E,2016-11-30 23:55:00+00:00,2016-12-01 01:55:00+00:00,0.0,37000.0,"POLYGON ((-80.84559987123124 35.59826975684276, -80.64620020220075 35.58278518418084, -80.74948198389839 34.25279348618378, -80.94888165292889 34.2682780588457, -80.84559987123124 35.59826975684276))"

