label,issue,expire,fl_low,fl_high,polygon
INDIA 4,2010-11-01 00:15:00+00:00,2010-11-01 04:15:00+00:00,0.0,48000.0,"POLYGON ((-63 17.3, -63 15, -65 15, -63 17.3))"
KILO 2,2010-11-01 03:45:00+00:00,2010-11-01 07:45:00+00:00,0.0,35000.0,"POLYGON ((-43.15 35.15, -46.45 29.3, -50.45 28.15, -46.3 34.45, -43.15 35.15))"
INDIA 5,2010-11-01 03:45:00+00:00,2010-11-01 07:45:00+00:00,0.0,50000.0,"POLYGON ((-63 17, -63 15, -65 15, -63 17))"
INDIA 5,2010-11-01 04:15:00+00:00,2010-11-01 08:15:00+00:00,0.0,50000.0,"POLYGON ((-63 17, -63 15, -65 15, -63 17))"
KILO 3,2010-11-01 07:25:00+00:00,2010-11-01 11:25:00+00:00,0.0,40000.0,"POLYGON ((-43 35.3, -49.15 26.45, -51 27.15, -46.3 35.15, -43 35.3))"
INDIA 6,2010-11-01 07:45:00+00:00,2010-11-01 11:45:00+00:00,0.0,45000.0,"POLYGON ((-63 16.15, -63 15, -65.15 15, -63 16.15))"
1C,2010-11-01 14:55:00+00:00,2010-11-01 16:55:00+00:00,0.0,43000.0,"POLYGON ((-93.40633691813858 30.754486775385548, -92.299577213894 29.431667532541404, -94.91416845680416 28.243499346776428, -95.60695440087629 29.01284678973706, -93.40633691813858 30.754486775385548))"
2C,2010-11-01 15:55:00+00:00,2010-11-01 17:55:00+00:00,0.0,44000.0,"POLYGON ((-91.91613269755433 31.258680358981128, -91.72917395617463 29.567034705972883, -95.08790042247497 28.308838757771724, -95.35 29.460893132790822, -91.91613269755433 31.258680358981128))"
3C,2010-11-01 16:55:00+00:00,2010-11-01 18:55:00+00:00,0.0,45000.0,"POLYGON ((-91.59792160603413 31.57518423005951, -91.65654284822327 29.720962911403277, -95.43600408756237 28.43885608175693, -95.64214876912374 29.34485827928602, -91.59792160603413 31.57518423005951))"
4C,2010-11-01 17:55:00+00:00,2010-11-01 19:55:00+00:00,0.0,45000.0,"POLYGON ((-91.41677864018824 31.63745953157148, -91.72917395617463 29.567034705972883, -95.77562240551393 28.288386992922547, -95.89058895786414 29.48833419869212, -91.41677864018824 31.63745953157148))"
5C,2010-11-01 18:55:00+00:00,2010-11-01 20:55:00+00:00,0.0,45000.0,"POLYGON ((-90.9814867603529 31.55265062430279, -91.65654284822327 29.720962911403277, -96.09307714821306 28.298712267441747, -96.52884772159189 29.22093825391326, -90.9814867603529 31.55265062430279))"
ZULU 1,2010-11-01 19:32:00+00:00,2010-11-01 23:32:00+00:00,0.0,54000.0,"POLYGON ((175.2 9, -179.15 8, -179.3 10.2, 175.2 9))"
6C,2010-11-01 19:55:00+00:00,2010-11-01 21:55:00+00:00,0.0,45000.0,"POLYGON ((-90.9814867603529 31.55265062430279, -91.80158397365867 29.41306710534244, -96.16517410460933 28.45251307634666, -95.75591718433901 29.606456054048326, -90.9814867603529 31.55265062430279))"
7C,2010-11-01 20:55:00+00:00,2010-11-01 22:55:00+00:00,0.0,45000.0,"POLYGON ((-90.800750591841 31.48986740793502, -91.43380246377761 29.173391202068682, -95.26184559306928 28.373957959668086, -95.56944537883241 29.498703567718135, -90.800750591841 31.48986740793502))"
8C,2010-11-01 20:55:00+00:00,2010-11-01 22:55:00+00:00,0.0,31000.0,"POLYGON ((-94.8111606723555 38.60277375289859, -94.7701542776409 38.407022697748154, -97.64018497922874 37.80580186804761, -97.68119137394334 38.00155292319805, -94.8111606723555 38.60277375289859))"
KILO 1,2010-11-01 21:16:00+00:00,2010-11-02 01:15:00+00:00,0.0,36000.0,"POLYGON ((173.3 56.17, 177.02 54.29, 172.37 52.34, 169.04 54.04, 173.3 56.17))"
9C,2010-11-01 21:55:00+00:00,2010-11-01 23:55:00+00:00,0.0,45000.0,"POLYGON ((-90.32048126322344 32.202500637666176, -90.39750696975285 31.182286127478125, -91.65654284822327 29.720962911403277, -93.11 28.642679398372472, -95.35 29.12815522131804, -92.70043585531859 30.492286251810818, -90.32048126322344 32.202500637666176))"
10C,2010-11-01 21:55:00+00:00,2010-11-01 23:55:00+00:00,0.0,31000.0,"POLYGON ((-94.3508883312936 38.67443215391128, -94.30335567802923 38.480162632694885, -97.16677822842041 37.77955828475121, -97.21431088168478 37.97382780596761, -94.3508883312936 38.67443215391128))"
11C,2010-11-01 22:55:00+00:00,2010-11-02 00:55:00+00:00,0.0,45000.0,"POLYGON ((-91.36400046465114 30.643683980427163, -91.06939069624023 30.0286996598118, -92.52820526904637 28.909078579739848, -93.76353843840683 28.75503802079858, -94.98536704089454 29.19097370021501, -91.36400046465114 30.643683980427163))"
12C,2010-11-01 22:55:00+00:00,2010-11-02 00:55:00+00:00,0.0,35000.0,"POLYGON ((-92.9686807736934 38.21939860491814, -93.33 37.36, -94.57373928200809 37.1583523586101, -94.40907749415632 38.11626731157812, -92.9686807736934 38.21939860491814))"
13C,2010-11-01 22:55:00+00:00,2010-11-02 00:55:00+00:00,0.0,31000.0,"POLYGON ((-94.06552737938907 38.71827383815794, -94.01102970992471 38.52584202160217, -97.63310483581111 37.500051918288214, -97.68760250527546 37.69248373484398, -94.06552737938907 38.71827383815794))"
ZULU 2,2010-11-01 23:31:00+00:00,2010-11-02 03:32:00+00:00,0.0,53000.0,"POLYGON ((174.15 8.3, 176.15 10.25, 178.45 10, 178.3 7.3, 174.15 8.3))"
14C,2010-11-01 23:55:00+00:00,2010-11-02 01:55:00+00:00,0.0,45000.0,"POLYGON ((-91.06728989582163 30.950925413285248, -90.26 30.800893132790822, -91.84955358391116 28.531968360228927, -93.76353843840683 28.75503802079858, -91.06728989582163 30.950925413285248))"
15C,2010-11-01 23:55:00+00:00,2010-11-02 01:55:00+00:00,0.0,39000.0,"POLYGON ((-93.99959199237763 31.41266170720523, -93.74793218854317 31.156348824025628, -95.89058895786414 29.48833419869212, -96.31012243276145 29.956519387931614, -93.99959199237763 31.41266170720523))"
16C,2010-11-01 23:55:00+00:00,2010-11-02 01:55:00+00:00,0.0,42000.0,"POLYGON ((-93.88672059710635 38.739022769220966, -93.0330569896605 37.59491059880739, -93.92955963087435 36.18618238740746, -95.27585081831934 38.52205021385549, -93.88672059710635 38.739022769220966))"
1C,2010-11-02 00:55:00+00:00,2010-11-02 02:55:00+00:00,0.0,42000.0,"POLYGON ((-94.03827854465689 38.62205792988006, -92.7342362570836 37.82907258150776, -93.80169521324702 36.864399162009214, -95.12571330478038 38.268285055886736, -94.03827854465689 38.62205792988006))"
2C,2010-11-02 00:55:00+00:00,2010-11-02 02:55:00+00:00,0.0,39000.0,"POLYGON ((-92.59516544037785 32.048217220072466, -95.89058895786414 29.48833419869212, -96.31012243276145 29.956519387931614, -94.72 31.65910686720918, -92.59516544037785 32.048217220072466))"
3C,2010-11-02 00:55:00+00:00,2010-11-02 02:55:00+00:00,0.0,45000.0,"POLYGON ((-90.48244922042447 30.838693605713566, -90.2212419157373 30.310930216173375, -92.02331061961289 28.465932883794697, -93.69179473095363 28.909078579739848, -90.48244922042447 30.838693605713566))"
4C,2010-11-02 01:55:00+00:00,2010-11-02 03:55:00+00:00,0.0,36000.0,"POLYGON ((-94.33991539410088 38.38754510297381, -92.58411493592274 37.94586936792441, -93.33 36.69452417705442, -95.0855124679439 37.79792817001783, -94.33991539410088 38.38754510297381))"
5C,2010-11-02 01:55:00+00:00,2010-11-02 03:55:00+00:00,0.0,45000.0,"POLYGON ((-94.25420929055484 33.44619702197572, -91.01478844135691 33.203164668818594, -95.15797121020523 29.95986077082951, -95.89573158510613 30.429438006359266, -94.45034416213147 31.804825488468147, -94.25420929055484 33.44619702197572))"
6C,2010-11-02 01:55:00+00:00,2010-11-02 03:55:00+00:00,0.0,40000.0,"POLYGON ((-91.29 29.990893132790816, -90.98296447219036 29.495436503440857, -92.02331061961289 28.465932883794697, -93.11 28.80904835410886, -91.29 29.990893132790816))"
7C,2010-11-02 03:15:00+00:00,2010-11-02 04:55:00+00:00,0.0,45000.0,"POLYGON ((-94.35295326288814 33.744959830582474, -90.64793578108174 33.33212311273057, -94.99563122805353 29.832192574955673, -95.89573158510613 30.429438006359266, -94.45034416213147 31.804825488468147, -94.35295326288814 33.744959830582474))"
8C,2010-11-02 03:15:00+00:00,2010-11-02 04:55:00+00:00,0.0,35000.0,"POLYGON ((-96.2854846206676 30.364348672880663, -97.21889694522841 29.666438446852773, -98.26552932526225 29.47780184707053, -96.19431403835534 30.186337648163533, -97.19104906472967 29.67584728437862, -98.30100414657703 29.674630546839353, -97.25437176654319 29.863267146621595, -97.28221964704193 29.85385830909575, -96.2854846206676 30.364348672880663))"
9C,2010-11-02 03:15:00+00:00,2010-11-02 04:55:00+00:00,0.0,35000.0,"POLYGON ((-97.82005890197578 31.188257217783516, -99.00395560911649 30.109452474467094, -99.5459865718281 30.834994179788414, -97.82005890197578 31.188257217783516))"
ZULU 3,2010-11-02 03:31:00+00:00,2010-11-02 07:32:00+00:00,0.0,53000.0,"POLYGON ((162.5 8.45, 170 8.3, 175 10, 175.2 7.5, 166.35 6.3, 162.5 8.45))"
10C,2010-11-02 03:55:00+00:00,2010-11-02 05:55:00+00:00,0.0,45000.0,"POLYGON ((-94.30030638634494 33.97090183154191, -91.4697544847365 34.089732798434284, -92.52820526904637 28.909078579739848, -94.84104837561198 28.883088123032397, -95.35 29.96, -94.30030638634494 33.97090183154191))"
11C,2010-11-02 03:55:00+00:00,2010-11-02 05:55:00+00:00,0.0,43000.0,"POLYGON ((-95.39068479004276 30.55045645866517, -97.89942622283813 29.539701645876995, -98.82780614178729 29.66780141070521, -96.83775544709685 29.69110218142325, -97.87127403768895 29.53981749043676, -95.30931520995723 30.36775727575318, -96.81155414314225 29.69869817415743, -98.80046874366523 29.865924268205085, -97.87208882471607 29.73782450337687, -97.90024100986525 29.737708658817105, -96.86672241927316 29.888993349803595, -96.89292372322777 29.881397357069417, -95.39068479004276 30.55045645866517))"
12C,2010-11-02 03:55:00+00:00,2010-11-02 05:55:00+00:00,0.0,41000.0,"POLYGON ((-97.63066312875567 31.53215948732113, -97.12089538932459 31.352503542364197, -98.68077035551968 30.10093177842394, -99.64154482878742 30.53621158566171, -97.63066312875567 31.53215948732113))"
13C,2010-11-02 04:55:00+00:00,2010-11-02 06:55:00+00:00,0.0,45000.0,"POLYGON ((-92.92534298724674 34.42306291183953, -91.19780842575304 33.13828250950137, -94.17507087465457 32.64213722871149, -94.07000000000001 34.34184477868196, -92.92534298724674 34.42306291183953))"
14C,2010-11-02 04:55:00+00:00,2010-11-02 06:55:00+00:00,0.0,45000.0,"POLYGON ((-93.40207839396585 31.57518423005951, -92.74472413812802 29.37097004870952, -95.11427998141316 27.695978643763755, -95.43654626736966 30.903349058535504, -93.40207839396585 31.57518423005951))"
15C,2010-11-02 04:55:00+00:00,2010-11-02 06:55:00+00:00,0.0,45000.0,"POLYGON ((-95.39134912961596 30.38378871860816, -96.70749275161889 29.572160686443286, -98.52298257916172 29.386792280549404, -95.30865087038403 30.201687104337417, -96.67630119176997 29.58059266061417, -98.54329771869581 29.58575784316191, -96.72780789115298 29.771126249055794, -96.7589994510019 29.76269427488491, -95.39134912961596 30.38378871860816))"
16C,2010-11-02 04:55:00+00:00,2010-11-02 06:55:00+00:00,0.0,44000.0,"POLYGON ((-97.04370831689978 31.51135168311274, -96.94484923011463 31.337492887074095, -99.47655702429243 29.897920508558254, -99.57541611107759 30.071779304596898, -97.04370831689978 31.51135168311274))"
17C,2010-11-02 05:55:00+00:00,2010-11-02 07:55:00+00:00,0.0,45000.0,"POLYGON ((-92.18 34.68, -91.47899014614089 32.9893186717509, -94.35582833007234 32.41938638276148, -94.07000000000001 34.50821373441834, -92.18 34.68))"
18C,2010-11-02 05:55:00+00:00,2010-11-02 07:55:00+00:00,0.0,45000.0,"POLYGON ((-93.33196875464965 31.963166444608426, -93.11 29.141786265581647, -94.98287760533132 27.577120497528707, -95.52729800448624 29.896214669760766, -93.33196875464965 31.963166444608426))"
19C,2010-11-02 05:55:00+00:00,2010-11-02 07:55:00+00:00,0.0,45000.0,"POLYGON ((-95.39241446010415 30.383297359207813, -97.09324191894744 29.367260042318783, -99.37238361801512 28.717040642997535, -95.30758553989584 30.202178463737763, -97.07826196770482 29.372863725374753, -99.42725263573818 28.909366904579525, -97.1481109366705 29.559586303900772, -97.16309088791313 29.553982620844803, -95.39241446010415 30.383297359207813))"
20C,2010-11-02 05:55:00+00:00,2010-11-02 07:55:00+00:00,0.0,42000.0,"POLYGON ((-96.42006092164284 31.425190717476678, -96.32033612719754 31.251827037967846, -99.76572275856645 29.269921286017198, -99.86544755301176 29.44328496552603, -96.42006092164284 31.425190717476678))"
21C,2010-11-02 05:55:00+00:00,2010-11-02 07:55:00+00:00,0.0,32000.0,"POLYGON ((-93.50111052195068 36.24840607562531, -92.18 35.17910686720918, -94.50296263153686 34.928661350811055, -93.50111052195068 36.24840607562531))"
22C,2010-11-02 06:55:00+00:00,2010-11-02 08:55:00+00:00,0.0,45000.0,"POLYGON ((-93.04573450558972 35.38279149165402, -90.66500476098139 34.2279306828508, -91.90030078559748 32.637563434272444, -94.56778711420304 32.48353553466704, -93.04573450558972 35.38279149165402))"
23C,2010-11-02 06:55:00+00:00,2010-11-02 08:55:00+00:00,0.0,45000.0,"POLYGON ((-94.16734898917797 31.629382887404784, -92.22407093160261 31.494986579544367, -93.11 28.97541730984525, -95.75591718433901 29.606456054048326, -94.16734898917797 31.629382887404784))"
24C,2010-11-02 06:55:00+00:00,2010-11-02 08:55:00+00:00,0.0,45000.0,"POLYGON ((-95.48053709697912 30.1958926868453, -96.99061920706949 28.915393945040613, -98.94496990394943 28.465647864500653, -95.3666634674562 30.031476153311484, -96.95610878436226 28.930638522970153, -98.98982268805788 28.66055355389355, -97.03547199117794 29.11029963443351, -97.06998241388517 29.09505505650397, -95.48053709697912 30.1958926868453))"
25C,2010-11-02 06:55:00+00:00,2010-11-02 08:55:00+00:00,0.0,45000.0,"POLYGON ((-95.46197022148934 31.832791249442337, -95.36139431771758 31.659919945922944, -98.98395452433701 29.552327422867236, -99.08453042810876 29.72519872638663, -95.46197022148934 31.832791249442337))"
LIMA 1,2010-11-02 07:30:00+00:00,2010-11-02 11:30:00+00:00,0.0,40000.0,"POLYGON ((-40 41.45, -40 39, -43 35.3, -45.3 35.15, -40 41.45))"
ZULU 4,2010-11-02 07:30:00+00:00,2010-11-02 11:30:00+00:00,0.0,53000.0,"POLYGON ((166 10.3, 173 9.3, 170.3 6.3, 164.3 7, 166 10.3))"
30C,2010-11-02 07:55:00+00:00,2010-11-02 09:55:00+00:00,0.0,40000.0,"POLYGON ((-96.6925417918174 30.777945088211823, -96.5799626825706 30.61263947983391, -99.34352857225325 28.730550969599573, -99.45610768150006 28.895856577977487, -96.6925417918174 30.777945088211823))"
26C,2010-11-02 07:55:00+00:00,2010-11-02 09:55:00+00:00,0.0,45000.0,"POLYGON ((-92.57075327794799 35.44790273046866, -89.71287437024975 33.92927312269615, -91.62308545374576 32.166390090680345, -92.94820403836498 32.19840184218151, -92.57075327794799 35.44790273046866))"
27C,2010-11-02 07:55:00+00:00,2010-11-02 09:55:00+00:00,0.0,45000.0,"POLYGON ((-92.35055295314753 31.5673233176737, -92.04772063941503 29.753723960894575, -94.74064956887278 28.177940597052682, -95.89573158510613 30.429438006359266, -92.35055295314753 31.5673233176737))"
28C,2010-11-02 07:55:00+00:00,2010-11-02 09:55:00+00:00,0.0,45000.0,"POLYGON ((-95.8181456428947 29.684735163303486, -96.63445175776769 28.790494104557443, -98.0825758276553 28.390199907428126, -95.69368872578332 29.528176944793167, -96.59886640028435 28.80860039443124, -98.13586202980001 28.582970705686044, -96.6877379599124 28.98326490281536, -96.72332331739574 28.96515861294156, -95.8181456428947 29.684735163303486))"
29C,2010-11-02 07:55:00+00:00,2010-11-02 09:55:00+00:00,0.0,43000.0,"POLYGON ((-93.32000317854838 33.040121181904176, -93.20086210288011 32.879480576549845, -95.63249727362269 31.07602852134846, -95.75163834929096 31.236669126702797, -93.32000317854838 33.040121181904176))"
31C,2010-11-02 08:55:00+00:00,2010-11-02 10:55:00+00:00,0.0,42000.0,"POLYGON ((-91.24185628176748 34.994743677922806, -89.5701194691635 34.04618363965997, -91.07810425349042 32.18840309831207, -92.40405681683261 32.392142289384296, -91.24185628176748 34.994743677922806))"
32C,2010-11-02 08:55:00+00:00,2010-11-02 10:55:00+00:00,0.0,45000.0,"POLYGON ((-92.64944704685246 31.5673233176737, -91.58742356478922 31.104482076982755, -92.52820526904637 28.909078579739848, -95.80675184763398 27.683134932112573, -92.64944704685246 31.5673233176737))"
33C,2010-11-02 08:55:00+00:00,2010-11-02 10:55:00+00:00,0.0,44000.0,"POLYGON ((-94.64328556914734 30.036710783962643, -95.91541656113544 28.796830942301717, -97.9612576729936 27.808800444730398, -94.5205056293589 29.87883397633865, -95.89751517126574 28.807941099874405, -98.04823483304263 27.988897567499766, -96.00239372118448 28.976928065071085, -96.02029511105418 28.965817907498398, -94.64328556914734 30.036710783962643))"
34C,2010-11-02 08:55:00+00:00,2010-11-02 10:55:00+00:00,0.0,42000.0,"POLYGON ((-94.29786482300385 33.0486765481525, -92.5880221265347 32.709812346999655, -94.36027863107654 31.28683335086115, -95.44230764160324 31.82990200716841, -94.29786482300385 33.0486765481525))"
35C,2010-11-02 08:55:00+00:00,2010-11-02 10:55:00+00:00,0.0,36000.0,"POLYGON ((-95.31957209709616 30.77346250603461, -95.21480637175891 30.603097771436854, -98.93336440747727 28.316371996055754, -99.03813013281452 28.486736730653508, -95.31957209709616 30.77346250603461))"
36C,2010-11-02 09:55:00+00:00,2010-11-02 11:55:00+00:00,0.0,40000.0,"POLYGON ((-90.58943840859177 35.01847672938205, -89.42697066826867 34.1629287037221, -90.76184528242129 32.50861457519895, -91.73588603963192 33.1344541167586, -90.58943840859177 35.01847672938205))"
37C,2010-11-02 09:55:00+00:00,2010-11-02 11:55:00+00:00,0.0,40000.0,"POLYGON ((-94.43923226474959 33.63678582442473, -92.19153096921693 32.82731897208351, -94.18005595053121 31.349873633731026, -95.02945247711881 32.65497295701891, -94.43923226474959 33.63678582442473))"
38C,2010-11-02 09:55:00+00:00,2010-11-02 11:55:00+00:00,0.0,45000.0,"POLYGON ((-94.46644833256357 30.02083826461288, -95.57090359032965 28.411652290241474, -97.7985717864053 27.454626774627535, -94.31330680191351 29.892200511250348, -95.53380525133178 28.4392133763369, -97.87751663905964 27.638386700180924, -95.64984844298398 28.595412215794862, -95.68694678198185 28.567851129699434, -94.46644833256357 30.02083826461288))"
39C,2010-11-02 09:55:00+00:00,2010-11-02 11:55:00+00:00,0.0,45000.0,"POLYGON ((-92.32006935307021 31.32354132677871, -90.71067169548469 30.102763848205786, -93.11 28.476310442636077, -95.17135684729308 28.755227741662534, -92.32006935307021 31.32354132677871))"
40C,2010-11-02 09:55:00+00:00,2010-11-02 11:55:00+00:00,0.0,36000.0,"POLYGON ((-97.42643241258284 29.217456658966135, -97.30527263398949 29.058333096753586, -98.55864898587683 28.103987937700694, -98.67980876447018 28.263111499913244, -97.42643241258284 29.217456658966135))"
ALFA 1,2010-11-02 10:45:00+00:00,2010-11-02 14:45:00+00:00,0.0,50000.0,"POLYGON ((-129.15 11, -121.3 10.15, -124.15 7.45, -130.45 9, -129.15 11))"
41C,2010-11-02 10:55:00+00:00,2010-11-02 12:55:00+00:00,0.0,35000.0,"POLYGON ((-94.63745896920445 33.97927067191303, -91.49197787346533 32.709812346999655, -93.81 31.77178626558165, -95.28438437626639 33.494808904070986, -94.63745896920445 33.97927067191303))"
42C,2010-11-02 10:55:00+00:00,2010-11-02 12:55:00+00:00,0.0,37000.0,"POLYGON ((-90.26812548498647 35.25494108293, -89.26687801589598 34.429706570272785, -90.01848608840855 32.81731900705212, -91.74522704989202 33.256039611775975, -90.26812548498647 35.25494108293))"
43C,2010-11-02 10:55:00+00:00,2010-11-02 12:55:00+00:00,0.0,45000.0,"POLYGON ((-90 30.515475822945564, -93.11 27.977203575426895, -97.44 27.40089313279082, -95.35 29.96, -90 30.515475822945564))"
LIMA 2,2010-11-02 11:00:00+00:00,2010-11-02 15:00:00+00:00,0.0,40000.0,"POLYGON ((-40 41, -40 38.45, -43 35, -45.15 34.45, -40 41))"
ZULU 5,2010-11-02 11:20:00+00:00,2010-11-02 15:20:00+00:00,0.0,52000.0,"POLYGON ((164.3 11.3, 171 10, 168 6.3, 163.3 8, 164.3 11.3))"
44C,2010-11-02 11:55:00+00:00,2010-11-02 13:55:00+00:00,0.0,35000.0,"POLYGON ((-89.98 35.02, -88.8 32.71273791147279, -91.81757510093813 33.574930814846994, -89.98 35.02))"
45C,2010-11-02 11:55:00+00:00,2010-11-02 13:55:00+00:00,0.0,36000.0,"POLYGON ((-94.78029961419979 34.09617979979481, -93.0221335565705 33.494962870291, -93.61214219295272 32.769844516237846, -95.26714806626936 33.504242729874754, -94.78029961419979 34.09617979979481))"
46C,2010-11-02 11:55:00+00:00,2010-11-02 13:55:00+00:00,0.0,45000.0,"POLYGON ((-90.29545087551398 30.46449064253503, -92.19685027122722 28.399676889285463, -97.38 26.75184477868197, -95.95976057971579 28.63221525758191, -90.29545087551398 30.46449064253503))"
47C,2010-11-02 12:55:00+00:00,2010-11-02 14:55:00+00:00,0.0,38000.0,"POLYGON ((-89.60404591572284 35.14675390284798, -88.73781309887326 33.028676706281004, -90.17 32.84273791147279, -90.9147676044338 34.6980786917871, -89.60404591572284 35.14675390284798))"
48C,2010-11-02 12:55:00+00:00,2010-11-02 14:55:00+00:00,0.0,45000.0,"POLYGON ((-90.99102429721748 29.794683199363874, -92.38117357494636 28.520564214874593, -92.32140188995128 28.546539617876245, -94.9219639172498 28.343195037738678, -94.98324640522462 28.31580589587138, -96.92377933061525 26.461920805154346, -92.24603928406492 28.3731236389534, -90.85589000633604 29.64724262344268, -94.90637299635853 28.143803655814178, -92.30581096906 28.347148235951746, -96.78562343377433 26.31730770696444, -94.8450905083837 28.171192797681474, -90.99102429721748 29.794683199363874))"
49C,2010-11-02 12:55:00+00:00,2010-11-02 14:55:00+00:00,0.0,35000.0,"POLYGON ((-93.68433815761743 35.896286975798326, -93.21646486679604 34.21292315909901, -94.66859394435299 33.50856061925483, -94.55566184238259 35.896286975798326, -93.68433815761743 35.896286975798326))"
50C,2010-11-02 13:55:00+00:00,2010-11-02 15:55:00+00:00,0.0,38000.0,"POLYGON ((-89.23160043578108 34.76303402602263, -89.06168712728766 33.297777165858435, -90.20382078231096 33.306271822500285, -90.26647209445994 34.78438188645532, -89.23160043578108 34.76303402602263))"
51C,2010-11-02 13:55:00+00:00,2010-11-02 15:55:00+00:00,0.0,45000.0,"POLYGON ((-90.99102429721748 29.794683199363874, -92.38117357494636 28.520564214874593, -92.32140188995128 28.546539617876245, -94.9219639172498 28.343195037738678, -94.98324640522462 28.31580589587138, -96.92377933061525 26.461920805154346, -92.24603928406492 28.3731236389534, -90.85589000633604 29.64724262344268, -94.90637299635853 28.143803655814178, -92.30581096906 28.347148235951746, -96.78562343377433 26.31730770696444, -94.8450905083837 28.171192797681474, -90.99102429721748 29.794683199363874))"
52C,2010-11-02 13:55:00+00:00,2010-11-02 15:55:00+00:00,0.0,33000.0,"POLYGON ((-93.68433815761743 35.896286975798326, -93.21646486679604 34.21292315909901, -94.66859394435299 33.50856061925483, -94.55566184238259 35.896286975798326, -93.68433815761743 35.896286975798326))"
ALFA 2,2010-11-02 14:30:00+00:00,2010-11-02 18:30:00+00:00,0.0,53000.0,"POLYGON ((-120 11.55, -120.05 9.1, -126.5 8.1, -127.35 10.05, -120 11.55))"
MIKE 1,2010-11-02 14:40:00+00:00,2010-11-02 18:40:00+00:00,0.0,46000.0,"POLYGON ((-91.2 28.15, -93.45 25.55, -95.55 26, -94.15 28.15, -91.2 28.15))"
56C,2010-11-02 15:17:00+00:00,2010-11-02 17:55:00+00:00,0.0,31000.0,"POLYGON ((-95.78000000000002 33.851786265581644, -95.94671552983252 32.48324125542623, -96.81376517569211 32.40868157310378, -96.60414113318079 33.73813637090367, -95.78000000000002 33.851786265581644))"
53C,2010-11-02 15:17:00+00:00,2010-11-02 16:55:00+00:00,0.0,37000.0,"POLYGON ((-88.96429174333059 35.01576881035552, -89.07732553456908 33.959271652571935, -89.98 34.68726208852721, -88.96429174333059 35.01576881035552))"
54C,2010-11-02 15:17:00+00:00,2010-11-02 16:55:00+00:00,0.0,43000.0,"POLYGON ((-90.86283127531736 29.87720208178201, -90.67168239393474 29.818362425544265, -91.20479632337266 28.086467003691396, -91.39594520475528 28.14530665992914, -90.86283127531736 29.87720208178201))"
55C,2010-11-02 15:17:00+00:00,2010-11-02 16:55:00+00:00,0.0,32000.0,"POLYGON ((-94.55776890245485 35.15437724078143, -94.53312174788549 34.43136999957722, -95.49411583997225 34.61438400698589, -94.55776890245485 35.15437724078143))"
57C,2010-11-02 15:55:00+00:00,2010-11-02 17:55:00+00:00,0.0,31000.0,"POLYGON ((-94.70102800162016 35.03631157153431, -96.09730095496737 31.65463822396303, -97.27 32.15910686720918, -96.7676502539808 34.209343151837814, -94.70102800162016 35.03631157153431))"
58C,2010-11-02 15:55:00+00:00,2010-11-02 17:55:00+00:00,0.0,43000.0,"POLYGON ((-90.62699051700919 30.073137021633617, -90.43833886963536 30.006725005076785, -91.07386488690597 28.201433789376004, -91.2625165342798 28.267845805932836, -90.62699051700919 30.073137021633617))"
59C,2010-11-02 16:55:00+00:00,2010-11-02 18:55:00+00:00,0.0,31000.0,"POLYGON ((-96.36531305069676 34.20737266021801, -96.18207303040774 32.03738773806416, -97.63066312875567 31.53215948732113, -97.77411292741742 33.12252398880869, -96.36531305069676 34.20737266021801))"
60C,2010-11-02 16:55:00+00:00,2010-11-02 18:55:00+00:00,0.0,43000.0,"POLYGON ((-90.35934402332357 30.645959430872686, -90.16065597667644 30.623088923236182, -90.43431875116104 28.245637448761936, -90.63300679780818 28.26850795639844, -90.35934402332357 30.645959430872686))"
61C,2010-11-02 17:55:00+00:00,2010-11-02 19:55:00+00:00,0.0,29000.0,"POLYGON ((-97.2228714565373 32.80620030559476, -96.29273930970562 31.656276482818313, -97.63165299778079 31.78682344377124, -97.2228714565373 32.80620030559476))"
62C,2010-11-02 17:55:00+00:00,2010-11-02 19:55:00+00:00,0.0,41000.0,"POLYGON ((-90.17350799179444 30.005137865749983, -89.97352911531799 30.002231155717528, -90.00001056176177 28.180332910565415, -90.19998943823822 28.18323962059787, -90.17350799179444 30.005137865749983))"
ALFA 3,2010-11-02 18:05:00+00:00,2010-11-02 22:05:00+00:00,0.0,50000.0,"POLYGON ((-120.05 12, -120 9.05, -127.45 7.55, -129.55 9.5, -120.05 12))"
MIKE 2,2010-11-02 18:15:00+00:00,2010-11-02 22:15:00+00:00,0.0,45000.0,"POLYGON ((-93.35 28.2, -89.4 28.2, -93.35 24.45, -95.25 25.4, -93.35 28.2))"
63C,2010-11-02 18:55:00+00:00,2010-11-02 20:55:00+00:00,0.0,41000.0,"POLYGON ((-89.69435696204361 29.502243334494, -89.49469184947323 29.49067428862777, -89.56650466923018 28.251288179647073, -89.76616978180057 28.262857225513304, -89.69435696204361 29.502243334494))"
64C,2010-11-02 19:55:00+00:00,2010-11-02 21:55:00+00:00,0.0,39000.0,"POLYGON ((-89.38932718257252 30.103237543570724, -89.1893294264581 30.102290152840848, -89.19705549010807 28.47128897785947, -89.39705324622248 28.472236368589346, -89.38932718257252 30.103237543570724))"
BRAVO 1,2010-11-02 20:45:00+00:00,2010-11-03 00:45:00+00:00,32000.0,42000.0,"POLYGON ((-154.45 33.071621621621624, -142 33.071621621621624, -142 29.82837837837838, -154.45 29.82837837837838, -154.45 33.071621621621624))"
65C,2010-11-02 20:55:00+00:00,2010-11-02 22:55:00+00:00,0.0,39000.0,"POLYGON ((-89.13284791492347 29.852358162035983, -89.06438848142554 28.357841292870738, -89.26417898232648 28.348689476125045, -89.33263841582442 29.84320634529029, -89.13284791492347 29.852358162035983))"
66C,2010-11-02 20:55:00+00:00,2010-11-02 22:55:00+00:00,0.0,38000.0,"POLYGON ((-87.68808321588828 30.769537571850858, -87.31878588189915 29.943885420296674, -87.5013555790116 29.862225725855232, -87.87065291300074 30.687877877409417, -87.68808321588828 30.769537571850858))"
67C,2010-11-02 21:55:00+00:00,2010-11-02 23:55:00+00:00,0.0,39000.0,"POLYGON ((-88.94093854796692 29.84710107442507, -88.93181089266916 28.235206057172554, -89.13180768614505 28.234073538136286, -89.14093534144281 29.8459685553888, -88.94093854796692 29.84710107442507))"
68C,2010-11-02 21:55:00+00:00,2010-11-02 23:55:00+00:00,0.0,38000.0,"POLYGON ((-87.54937172241942 31.018195011441634, -87.26735633980121 30.275515608283484, -87.4543300030507 30.204516669903605, -87.73634538566891 30.947196073061754, -87.54937172241942 31.018195011441634))"
MIKE 3,2010-11-02 22:15:00+00:00,2010-11-03 02:15:00+00:00,0.0,38000.0,"POLYGON ((-86.9329502802068 27.603189492115455, -90.9329502802068 23.903189492115455, -91.6670497197932 24.696810507884546, -87.6670497197932 28.396810507884545, -86.9329502802068 27.603189492115455))"
70C,2010-11-02 23:11:00+00:00,2010-11-03 00:55:00+00:00,0.0,37000.0,"POLYGON ((-87.359834376646 30.84538572474321, -87.1626372891256 30.812019444257153, -87.26224462766575 30.223332998850516, -87.45944171518616 30.256699279336573, -87.359834376646 30.84538572474321))"
69C,2010-11-02 23:11:00+00:00,2010-11-03 00:55:00+00:00,0.0,39000.0,"POLYGON ((-88.90005163474895 29.812895512720477, -88.70039625108792 29.801159764973878, -88.7998015441055 28.11001895793697, -88.99945692776653 28.121754705683568, -88.90005163474895 29.812895512720477))"
71C,2010-11-02 23:55:00+00:00,2010-11-03 01:55:00+00:00,0.0,39000.0,"POLYGON ((-88.26103231611583 29.74611796285045, -88.07772169650293 28.480264581063498, -88.27565706427127 28.451601186525895, -88.45896768388417 29.71745456831285, -88.26103231611583 29.74611796285045))"
72C,2010-11-02 23:55:00+00:00,2010-11-03 01:55:00+00:00,0.0,37000.0,"POLYGON ((-87.31643016622914 31.037896805294547, -87.11969998117891 31.001879666456187, -87.26247807890084 30.222007569674364, -87.45920826395107 30.258024708512725, -87.31643016622914 31.037896805294547))"
BRAVO 2,2010-11-03 00:30:00+00:00,2010-11-03 04:30:00+00:00,32000.0,42000.0,"POLYGON ((-139.845509653046 33.443370561682585, -153.545509653046 29.44337056168259, -154.454490346954 32.556629438317415, -140.75449034695401 36.556629438317415, -139.845509653046 33.443370561682585))"
1C,2010-11-03 00:55:00+00:00,2010-11-03 02:55:00+00:00,0.0,45000.0,"POLYGON ((-87.96566661514416 30.118486856075442, -87.90321595005362 28.40331555262683, -88.10308350749192 28.396038225944096, -88.16553417258245 30.11120952939271, -87.96566661514416 30.118486856075442))"
2C,2010-11-03 01:55:00+00:00,2010-11-03 03:55:00+00:00,0.0,39000.0,"POLYGON ((-87.84720056099208 29.653057515835197, -87.31116183087472 28.13246539142291, -89.03180928940711 28.23463979765442, -87.84720056099208 29.653057515835197))"
3C,2010-11-03 02:55:00+00:00,2010-11-03 04:55:00+00:00,0.0,39000.0,"POLYGON ((-87.77484681867278 29.499047987964754, -87.72296114102724 27.04152715334124, -88.95992617688512 26.715907499265235, -89.04765111827678 28.793887402199687, -87.77484681867278 29.499047987964754))"
4C,2010-11-03 03:55:00+00:00,2010-11-03 05:55:00+00:00,0.0,39000.0,"POLYGON ((-88.38515919365182 29.169075727715725, -87.55323238541122 28.98261148211376, -86.96646788719625 27.997559479124334, -88.50483744214883 27.758872772446416, -88.38515919365182 29.169075727715725))"
5C,2010-11-03 08:55:00+00:00,2010-11-03 10:55:00+00:00,0.0,36000.0,"POLYGON ((-90.32010467755603 30.325968644467995, -90.12237915391856 30.295891787878755, -90.43480001266587 28.24203427428557, -90.63252553630335 28.27211113087481, -90.32010467755603 30.325968644467995))"
ALFA 1,2010-11-03 09:45:00+00:00,2010-11-03 13:45:00+00:00,0.0,40000.0,"POLYGON ((-41.3 35, -40 35, -42.45 30.45, -44.45 30.45, -41.3 35))"
6C,2010-11-03 09:55:00+00:00,2010-11-03 11:55:00+00:00,0.0,37000.0,"POLYGON ((-90.16024396402575 30.641505100109672, -90.01900723623439 28.289502239999017, -91.08931898471792 26.81152951549302, -90.35975603597426 30.627543253999196, -90.19975603597425 28.3411742982628, -91.25130451224913 26.928835478131063, -90.1809927637656 28.40680820263706, -90.00024396402574 28.355136144373276, -90.16024396402575 30.641505100109672))"
7C,2010-11-03 10:55:00+00:00,2010-11-03 12:55:00+00:00,0.0,37000.0,"POLYGON ((-89.87874203592932 30.31272169855583, -89.71103209314856 28.5508418632002, -90.00098859724723 26.504070228797374, -89.67877413259609 30.30913873379092, -89.71005954423471 28.56307686023809, -90.19901140275276 26.532123187638064, -89.90905489865409 28.57889482204089, -89.91002744756794 28.566659825003, -89.87874203592932 30.31272169855583))"
KILO 1,2010-11-03 11:28:00+00:00,2010-11-03 15:30:00+00:00,0.0,30000.0,"POLYGON ((-140.55 59.55, -137.31 58.47, -141.54 55.13, -145.1 56.12, -140.55 59.55))"
8C,2010-11-03 11:55:00+00:00,2010-11-03 13:55:00+00:00,0.0,38000.0,"POLYGON ((-89.53103441675552 30.631604940117054, -89.30483273580967 28.886064794615564, -90.0072716640682 27.146136509535456, -89.72917728033926 30.604412926384395, -89.49663250353333 28.909904809377064, -90.19272833593179 27.221008552791115, -89.49028940767326 28.960936837871223, -89.2984896399496 28.937096823109723, -89.53103441675552 30.631604940117054))"
9C,2010-11-03 12:55:00+00:00,2010-11-03 14:55:00+00:00,0.0,36000.0,"POLYGON ((-89.39378269288481 31.808661354482524, -88.66951653908697 28.015763829414173, -88.86596700496253 27.978250972187976, -89.59023315876037 31.771148497256327, -89.39378269288481 31.808661354482524))"
BRAVO 1,2010-11-03 13:45:00+00:00,2010-11-03 17:45:00+00:00,0.0,37000.0,"POLYGON ((-88.74909987463582 28.067971399265517, -89.64909987463582 24.21797139926552, -90.35090012536418 24.382028600734483, -89.45090012536417 28.23202860073448, -88.74909987463582 28.067971399265517))"
10C,2010-11-03 13:55:00+00:00,2010-11-03 15:55:00+00:00,0.0,38000.0,"POLYGON ((-88.95355376936106 31.347760742470342, -88.26926335046095 29.19064535942275, -89.14938840019491 27.290766114323944, -89.14345558483433 31.285012830314145, -88.45495090773663 29.201305442294373, -89.33086169927302 27.37483419222339, -88.45073664953905 29.274713437322195, -88.26504909226337 29.26405335445057, -88.95355376936106 31.347760742470342))"
11C,2010-11-03 14:55:00+00:00,2010-11-03 16:55:00+00:00,0.0,39000.0,"POLYGON ((-88.67558250333744 31.10848791043438, -88.26031985033987 29.55742557888545, -88.4051572924887 27.75088104148662, -88.86858693953747 31.05605426086556, -88.45650221810001 29.53920048506084, -88.60451759180896 27.766864503406214, -88.45968014966013 29.573409040805046, -88.26349778189999 29.591634134629658, -88.67558250333744 31.10848791043438))"
12C,2010-11-03 14:55:00+00:00,2010-11-03 16:55:00+00:00,0.0,38000.0,"POLYGON ((-86.68 30.497262088527215, -85.43079153839311 29.45442529643398, -85.29071092064703 28.398466564250135, -87.48383353268672 28.199594628992333, -86.68 30.497262088527215))"
KILO 2,2010-11-03 15:25:00+00:00,2010-11-03 19:30:00+00:00,0.0,30000.0,"POLYGON ((-143.58 60.35, -140.13 59.47, -145.13 56.05, -148.44 56.47, -143.58 60.35))"
13C,2010-11-03 15:55:00+00:00,2010-11-03 17:55:00+00:00,0.0,39000.0,"POLYGON ((-88.71513926767085 31.93379545890756, -87.9036215221441 30.589752804327595, -88.27459190087151 27.62719444871131, -88.88486073232914 31.82799080667408, -88.08770735797296 30.549275406197427, -88.47304210787092 27.652044304684456, -88.10207172914352 30.61460266030074, -87.91798589331466 30.655080058430908, -88.71513926767085 31.93379545890756))"
14C,2010-11-03 15:55:00+00:00,2010-11-03 17:55:00+00:00,0.0,37000.0,"POLYGON ((-87.6798477891261 30.140023192072924, -85.86397386026239 30.121598034629237, -84.93895341632934 27.89157954242784, -87.8298273107671 28.333201260106424, -87.6798477891261 30.140023192072924))"
15C,2010-11-03 16:55:00+00:00,2010-11-03 18:55:00+00:00,0.0,38000.0,"POLYGON ((-88.56502016258816 32.125639795489896, -87.54700241939777 30.464854200661346, -87.73019163685474 28.32467292591801, -88.73444598693922 32.01936237529649, -87.73135100548566 30.420243824753058, -87.92946298467946 28.34172959429484, -87.74627376722249 30.481910869038177, -87.5619251811346 30.526521244946466, -88.56502016258816 32.125639795489896))"
16C,2010-11-03 16:55:00+00:00,2010-11-03 18:55:00+00:00,0.0,38000.0,"POLYGON ((-87.39409634154572 30.57337477620931, -85.99915682857404 30.240016139093544, -84.93895341632934 27.89157954242784, -87.656721967682 28.266506879194484, -87.39409634154572 30.57337477620931))"
BRAVO 2,2010-11-03 17:20:00+00:00,2010-11-03 21:20:00+00:00,0.0,35000.0,"POLYGON ((-87.15067479734002 28.011504281992806, -88.10067479734002 24.261504281992806, -88.79932520265999 24.438495718007196, -87.84932520265998 28.188495718007196, -87.15067479734002 28.011504281992806))"
17C,2010-11-03 17:55:00+00:00,2010-11-03 19:55:00+00:00,0.0,38000.0,"POLYGON ((-88.57497860473535 31.918685372356954, -85.42341662632886 30.777611824452634, -84.93895341632934 27.89157954242784, -87.8298273107671 28.333201260106424, -88.57497860473535 31.918685372356954))"
18C,2010-11-03 18:55:00+00:00,2010-11-03 20:55:00+00:00,0.0,39000.0,"POLYGON ((-86.32152735004175 30.956839832086466, -84.4236993984225 30.246274437912078, -84.93895341632934 27.89157954242784, -87.8298273107671 28.333201260106424, -86.32152735004175 30.956839832086466))"
19C,2010-11-03 19:55:00+00:00,2010-11-03 21:55:00+00:00,0.0,39000.0,"POLYGON ((-86.38530161259438 30.21484687132116, -84.64342423731986 29.784852534521278, -85.31533768811302 27.88492939681333, -87.656721967682 28.266506879194484, -86.38530161259438 30.21484687132116))"
CHARLIE 1,2010-11-03 20:00:00+00:00,2010-11-04 00:00:00+00:00,32000.0,42000.0,"POLYGON ((-134.18640357328985 33.588103126628624, -141.18640357328985 25.588103126628628, -142.81359642671015 27.011896873371374, -135.81359642671015 35.01189687337137, -134.18640357328985 33.588103126628624))"
DELTA 1,2010-11-03 20:10:00+00:00,2010-11-04 00:10:00+00:00,0.0,36000.0,"POLYGON ((-83.76704480671411 25.862967533361246, -84.76704480671411 24.162967533361247, -85.23295519328589 24.437032466638755, -84.23295519328589 26.137032466638754, -83.76704480671411 25.862967533361246))"
20C,2010-11-03 20:55:00+00:00,2010-11-03 22:55:00+00:00,0.0,28000.0,"POLYGON ((-92.67233460550203 29.217044952265425, -91.15234888172321 28.793887402199687, -91.16819071059288 28.23463979765442, -93.11 28.30994148689969, -92.67233460550203 29.217044952265425))"
1E,2010-11-03 20:55:00+00:00,2010-11-03 22:55:00+00:00,0.0,36000.0,"POLYGON ((-75.48162719054064 34.874613397761685, -74.03960245309027 34.47617000801013, -76.74267961425703 33.40369288731016, -77.02217490022191 33.641227356518534, -75.48162719054064 34.874613397761685))"
2E,2010-11-03 20:55:00+00:00,2010-11-03 22:55:00+00:00,0.0,39000.0,"POLYGON ((-84.48622877905999 30.282288695169125, -84.35 29.568155221318033, -85.69167217971712 27.877257263148433, -87.8298273107671 28.333201260106424, -85.99915682857404 30.240016139093544, -84.48622877905999 30.282288695169125))"
3E,2010-11-03 21:55:00+00:00,2010-11-03 23:55:00+00:00,0.0,36000.0,"POLYGON ((-74.31958095363107 34.7161654317201, -75.29134565535617 33.431553251189904, -77.16250051869676 33.759758054480585, -75.6537279468731 34.33002969055372, -74.31958095363107 34.7161654317201))"
4E,2010-11-03 21:55:00+00:00,2010-11-03 23:55:00+00:00,0.0,40000.0,"POLYGON ((-81.69976270570756 27.771002068902394, -81.22215560483446 26.528914736607334, -81.92194054481286 26.222520056619746, -82.55 27.4, -81.69976270570756 27.771002068902394))"
5E,2010-11-03 21:55:00+00:00,2010-11-03 23:55:00+00:00,0.0,39000.0,"POLYGON ((-84.48622877905999 30.282288695169125, -84.35 29.568155221318033, -86.47946496012229 25.880808862601217, -87.59362690402669 26.9215498051789, -86.23933479413192 29.907024684205624, -84.48622877905999 30.282288695169125))"
21C,2010-11-03 21:55:00+00:00,2010-11-03 23:55:00+00:00,0.0,28000.0,"POLYGON ((-92.67233460550203 29.217044952265425, -91.15234888172321 28.793887402199687, -91.16819071059288 28.23463979765442, -93.11 28.30994148689969, -92.67233460550203 29.217044952265425))"
22C,2010-11-03 21:55:00+00:00,2010-11-03 23:55:00+00:00,0.0,30000.0,"POLYGON ((-92.22407093160261 31.494986579544367, -90.54511786837323 30.319442990420686, -93.65674318865123 30.6094298263139, -92.22407093160261 31.494986579544367))"
6E,2010-11-03 22:55:00+00:00,2010-11-04 00:55:00+00:00,0.0,38000.0,"POLYGON ((-75.6537279468731 34.33002969055372, -74.74600432532446 33.227846987791516, -76.05057862301025 32.80714986095124, -77.16250051869676 33.759758054480585, -75.6537279468731 34.33002969055372))"
7E,2010-11-03 22:55:00+00:00,2010-11-04 00:55:00+00:00,0.0,36000.0,"POLYGON ((-81.62822177734516 27.92487648880816, -81.38432146387322 26.882375296332857, -81.95169947457215 26.466230563713065, -82.33253643368917 27.782231011939242, -81.62822177734516 27.92487648880816))"
8E,2010-11-03 22:55:00+00:00,2010-11-04 00:55:00+00:00,0.0,41000.0,"POLYGON ((-85.50729061490058 30.394898643962318, -84.57040945569061 29.93870032634315, -85.31533768811302 27.88492939681333, -87.0790215331483 26.440472877302494, -86.68 29.16631044263607, -85.50729061490058 30.394898643962318))"
23C,2010-11-03 22:55:00+00:00,2010-11-04 00:55:00+00:00,0.0,28000.0,"POLYGON ((-92.67233460550203 29.217044952265425, -90.63650853168785 28.708368653238324, -91.03571626812398 28.35326538449789, -93.11 28.80904835410886, -92.67233460550203 29.217044952265425))"
24C,2010-11-03 22:55:00+00:00,2010-11-04 00:55:00+00:00,0.0,30000.0,"POLYGON ((-93.94233855984072 31.157663216393814, -91.6623790075299 31.257995506936137, -90.29545087551398 30.46449064253503, -94.1805344881532 30.517657328802066, -93.94233855984072 31.157663216393814))"
9E,2010-11-03 23:55:00+00:00,2010-11-04 01:55:00+00:00,0.0,38000.0,"POLYGON ((-75.6537279468731 34.33002969055372, -74.74600432532446 33.227846987791516, -76.05057862301025 32.80714986095124, -76.74267961425703 33.40369288731016, -75.6537279468731 34.33002969055372))"
10E,2010-11-03 23:55:00+00:00,2010-11-04 01:55:00+00:00,0.0,42000.0,"POLYGON ((-82.31945621823733 25.05966952607401, -81.58916954863697 25.050967532639838, -81.5212921797471 23.9749247783217, -82.44386152768286 24.000431939860878, -82.31945621823733 25.05966952607401))"
11E,2010-11-03 23:55:00+00:00,2010-11-04 01:55:00+00:00,0.0,39000.0,"POLYGON ((-85.43079153839311 29.45442529643398, -84.78878348330078 29.47703734748007, -85.31533768811302 27.88492939681333, -86.68 27.83535879674493, -85.87831824331859 29.136776832549774, -85.43079153839311 29.45442529643398))"
25C,2010-11-03 23:55:00+00:00,2010-11-04 01:55:00+00:00,0.0,28000.0,"POLYGON ((-91.80158397365867 29.41306710534244, -90.53366277448461 28.25707270258019, -92.02331061961289 28.465932883794697, -92.67233460550203 29.217044952265425, -91.80158397365867 29.41306710534244))"
26C,2010-11-03 23:55:00+00:00,2010-11-04 01:55:00+00:00,0.0,27000.0,"POLYGON ((-93.61983769755517 29.063081009224742, -92.24249119671636 28.292691090479412, -94.20037807073501 26.861411295604036, -94.74064956887278 28.177940597052682, -93.61983769755517 29.063081009224742))"
1C,2010-11-04 00:55:00+00:00,2010-11-04 02:55:00+00:00,0.0,29000.0,"POLYGON ((-91.80158397365867 29.41306710534244, -90.53366277448461 28.25707270258019, -92.02331061961289 28.465932883794697, -92.16561299927645 29.313136185217296, -91.80158397365867 29.41306710534244))"
2C,2010-11-04 00:55:00+00:00,2010-11-04 02:55:00+00:00,0.0,28000.0,"POLYGON ((-91.29 31.155475822945565, -90 30.349106867209183, -90.57544635389695 29.848752505488765, -92.35152330706201 30.952504891110653, -91.29 31.155475822945565))"
1E,2010-11-04 00:55:00+00:00,2010-11-04 02:55:00+00:00,0.0,42000.0,"POLYGON ((-74.4601793343904 34.835922168434095, -73.7612320341291 34.23553982536499, -75.29134565535617 33.431553251189904, -76.20591680798546 33.76572079614409, -74.4601793343904 34.835922168434095))"
2E,2010-11-04 00:55:00+00:00,2010-11-04 02:55:00+00:00,0.0,35000.0,"POLYGON ((-81.74309367225584 28.892326478507222, -81.34 28.207262088527212, -82.30346621446442 27.909488227934716, -82.46292963325605 28.370944403837704, -81.74309367225584 28.892326478507222))"
3E,2010-11-04 00:55:00+00:00,2010-11-04 02:55:00+00:00,0.0,41000.0,"POLYGON ((-83.32829517781497 25.15526690948867, -81.58916954863697 25.050967532639838, -80.62095753929755 24.139753076510644, -81.5212921797471 23.9749247783217, -83.31437352999123 24.009448607330512, -83.32829517781497 25.15526690948867))"
4E,2010-11-04 00:55:00+00:00,2010-11-04 02:55:00+00:00,0.0,38000.0,"POLYGON ((-85.0609642775784 30.143408025938317, -84.28195952825253 29.148646149510487, -85.31533768811302 27.88492939681333, -86.68 28.00172775248132, -85.95008380351696 29.290904068838216, -85.0609642775784 30.143408025938317))"
ECHO 1,2010-11-04 01:45:00+00:00,2010-11-04 05:45:00+00:00,0.0,30000.0,"POLYGON ((-91.3332 27, -91.34122609758278 26.836625030498688, -91.36522709462389 26.674823451263517, -91.40497184840156 26.516153499952264, -91.4600775952102 26.36214325493387, -91.53001363658416 26.214275919058426, -91.61410645021412 26.073975535602926, -91.71154617633499 25.942593273956035, -91.82139441711826 25.821394417118263, -91.94259327395604 25.71154617633499, -92.07397553560293 25.614106450214116, -92.21427591905842 25.53001363658416, -92.36214325493387 25.460077595210187, -92.51615349995227 25.404971848401555, -92.67482345126352 25.365227094623897, -92.8366250304987 25.341226097582783, -93 25.3332, -93.1633749695013 25.341226097582783, -93.32517654873648 25.365227094623897, -93.48384650004773 25.404971848401555, -93.63785674506613 25.460077595210187, -93.78572408094158 25.53001363658416, -93.92602446439707 25.614106450214116, -94.05740672604396 25.71154617633499, -94.17860558288174 25.821394417118263, -94.28845382366501 25.942593273956035, -94.38589354978588 26.073975535602926, -94.46998636341584 26.214275919058426, -94.5399224047898 26.36214325493387, -94.59502815159844 26.516153499952264, -94.63477290537611 26.674823451263517, -94.65877390241722 26.836625030498688, -94.6668 27, -94.65877390241722 27.163374969501312, -94.63477290537611 27.325176548736483, -94.59502815159844 27.483846500047736, -94.53992240478982 27.63785674506613, -94.46998636341584 27.785724080941574, -94.38589354978588 27.926024464397074, -94.28845382366501 28.057406726043965, -94.17860558288174 28.178605582881737, -94.05740672604396 28.28845382366501, -93.92602446439707 28.385893549785884, -93.78572408094158 28.46998636341584, -93.63785674506613 28.539922404789813, -93.48384650004773 28.595028151598445, -93.32517654873648 28.634772905376103, -93.1633749695013 28.658773902417217, -93 28.6668, -92.8366250304987 28.658773902417217, -92.67482345126352 28.634772905376103, -92.51615349995227 28.595028151598445, -92.36214325493387 28.539922404789813, -92.21427591905842 28.46998636341584, -92.07397553560293 28.385893549785884, -91.94259327395604 28.28845382366501, -91.82139441711826 28.178605582881737, -91.71154617633499 28.057406726043965, -91.61410645021412 27.926024464397074, -91.53001363658416 27.785724080941574, -91.4600775952102 27.637856745066134, -91.40497184840156 27.48384650004774, -91.36522709462389 27.325176548736483, -91.34122609758278 27.163374969501312, -91.3332 27))"
3C,2010-11-04 01:55:00+00:00,2010-11-04 03:55:00+00:00,0.0,33000.0,"POLYGON ((-92.03195981314778 29.19447143463311, -90.86219487579237 29.177841928328096, -90.53366277448461 28.25707270258019, -92.02331061961289 28.465932883794697, -92.03195981314778 29.19447143463311))"
4C,2010-11-04 01:55:00+00:00,2010-11-04 03:55:00+00:00,0.0,33000.0,"POLYGON ((-90.26 30.800893132790822, -90 30.349106867209183, -90.62912294644406 29.36995977389581, -90.93372614557236 30.36218238358918, -90.26 30.800893132790822))"
5E,2010-11-04 01:55:00+00:00,2010-11-04 03:55:00+00:00,0.0,42000.0,"POLYGON ((-73.54185486530858 35.33957493982048, -73.7612320341291 34.23553982536499, -74.74600432532446 33.227846987791516, -75.25408200029028 34.411943802892225, -73.54185486530858 35.33957493982048))"
6E,2010-11-04 01:55:00+00:00,2010-11-04 03:55:00+00:00,0.0,43000.0,"POLYGON ((-81.54076433988425 24.82505908332018, -80.62095753929755 24.139753076510644, -81.5212921797471 23.9749247783217, -82.97904246070244 24.139753076510644, -82.13841375684022 24.716954899720363, -81.54076433988425 24.82505908332018))"
7E,2010-11-04 01:55:00+00:00,2010-11-04 03:55:00+00:00,0.0,36000.0,"POLYGON ((-84.88357165549728 30.207915635652693, -84.19800111149573 29.595060515582365, -85.31533768811302 27.88492939681333, -86.68 28.00172775248132, -85.56446082960115 29.33561597820869, -84.88357165549728 30.207915635652693))"
5C,2010-11-04 02:55:00+00:00,2010-11-04 04:55:00+00:00,0.0,34000.0,"POLYGON ((-90.26 30.800893132790822, -90 29.683631044263606, -90.50283843142515 28.826475479559633, -91.898615777123 29.075674234898447, -90.26 30.800893132790822))"
8E,2010-11-04 02:55:00+00:00,2010-11-04 04:55:00+00:00,0.0,43000.0,"POLYGON ((-80.80060415984191 25.32851235785509, -80.62095753929755 24.139753076510644, -82.31556621708232 24.11856181931795, -82.13841375684022 24.716954899720363, -80.80060415984191 25.32851235785509))"
9E,2010-11-04 02:55:00+00:00,2010-11-04 04:55:00+00:00,0.0,36000.0,"POLYGON ((-84.05657576268013 29.784852534521278, -84.06494853645357 27.39374959619377, -85.31533768811302 27.88492939681333, -84.64342423731986 29.784852534521278, -84.05657576268013 29.784852534521278))"
ECHO 2,2010-11-04 03:00:00+00:00,2010-11-04 07:00:00+00:00,0.0,30000.0,"POLYGON ((-90.8775602731566 26.77350917457341, -95.1775602731566 25.77350917457341, -95.4224397268434 26.826490825426593, -91.1224397268434 27.826490825426593, -90.8775602731566 26.77350917457341))"
10E,2010-11-04 03:55:00+00:00,2010-11-04 05:55:00+00:00,0.0,44000.0,"POLYGON ((-80.28 24.96815522131804, -80.4532068212314 24.07469221014595, -81.59071683080413 24.12874107566225, -81.8 24.922737911472787, -80.28 24.96815522131804))"
11E,2010-11-04 03:55:00+00:00,2010-11-04 05:55:00+00:00,0.0,37000.0,"POLYGON ((-84.38750608182278 28.41689341922068, -83.37738481893581 28.162910261171707, -83.71993687404334 27.524099066475177, -85.12715133198182 27.888382245393466, -84.38750608182278 28.41689341922068))"
6C,2010-11-04 03:55:00+00:00,2010-11-04 05:55:00+00:00,0.0,28000.0,"POLYGON ((-92.67233460550203 29.217044952265425, -92.24249119671636 28.292691090479412, -93.97750880328364 28.292691090479412, -94.05438700072355 29.313136185217296, -92.67233460550203 29.217044952265425))"
12E,2010-11-04 04:55:00+00:00,2010-11-04 06:55:00+00:00,0.0,40000.0,"POLYGON ((-81.13132408181599 25.479191370833874, -80.28 25.300893132790826, -80.4532068212314 24.07469221014595, -81.5212921797471 23.9749247783217, -81.13132408181599 25.479191370833874))"
13E,2010-11-04 04:55:00+00:00,2010-11-04 06:55:00+00:00,0.0,37000.0,"POLYGON ((-83.49373600776084 30.06973441406898, -83.48517700680442 27.014462821970202, -83.68517622203161 27.01390254658295, -83.69373522298804 30.069174138681728, -83.49373600776084 30.06973441406898))"
7C,2010-11-04 04:55:00+00:00,2010-11-04 06:55:00+00:00,0.0,32000.0,"POLYGON ((-93.11 29.308155221318042, -91.84955358391116 28.531968360228927, -93.11 27.977203575426895, -93.11 29.308155221318042))"
14E,2010-11-04 05:55:00+00:00,2010-11-04 07:55:00+00:00,0.0,40000.0,"POLYGON ((-80.96142517153505 25.54374708596181, -80.13893324849997 25.49252228283299, -80.28562647000876 24.009448607330512, -81.28443378291769 24.11856181931795, -80.96142517153505 25.54374708596181))"
15E,2010-11-04 05:55:00+00:00,2010-11-04 07:55:00+00:00,0.0,39000.0,"POLYGON ((-83.17085790502459 30.0668759896507, -83.01234714502363 27.40481709778042, -83.21199353123185 27.39292926896267, -83.37050429123282 30.054988160832952, -83.17085790502459 30.0668759896507))"
8C,2010-11-04 05:55:00+00:00,2010-11-04 07:55:00+00:00,0.0,34000.0,"POLYGON ((-93.11 29.141786265581647, -91.84955358391116 28.531968360228927, -93.11 27.977203575426895, -93.11 29.141786265581647))"
ECHO 3,2010-11-04 06:45:00+00:00,2010-11-04 10:45:00+00:00,0.0,30000.0,"POLYGON ((-92.3 29, -90.45 28.15, -93.3 25.15, -95.15 26.15, -92.3 29))"
9C,2010-11-04 06:55:00+00:00,2010-11-04 08:55:00+00:00,0.0,34000.0,"POLYGON ((-89.59164770620805 30.202293638944663, -88.84913604857537 29.845010210125146, -90.1 29.18, -89.59164770620805 30.202293638944663))"
16E,2010-11-04 06:55:00+00:00,2010-11-04 08:55:00+00:00,0.0,40000.0,"POLYGON ((-78.43961397804969 29.273439933692682, -80.11821626746654 23.944023011476602, -81.15613847231714 24.00043193986088, -79.88161041550096 28.84871529436914, -78.43961397804969 29.273439933692682))"
17E,2010-11-04 06:55:00+00:00,2010-11-04 08:55:00+00:00,0.0,38000.0,"POLYGON ((-82.87977730847535 29.371598424775687, -82.68028958862553 29.35729284442682, -82.84651179685103 27.03936595864783, -83.04599951670086 27.0536715389967, -82.87977730847535 29.371598424775687))"
10C,2010-11-04 07:55:00+00:00,2010-11-04 09:55:00+00:00,0.0,37000.0,"POLYGON ((-89.28932830451531 30.102763848205786, -87.63088510773032 30.003041815754777, -89.33780512420762 29.177841928328096, -89.28932830451531 30.102763848205786))"
18E,2010-11-04 07:55:00+00:00,2010-11-04 09:55:00+00:00,0.0,36000.0,"POLYGON ((-81.12248353355385 24.84314904610989, -79.78938859368708 24.723246192449338, -80.11821626746654 23.944023011476602, -81.5212921797471 23.9749247783217, -81.12248353355385 24.84314904610989))"
19E,2010-11-04 07:55:00+00:00,2010-11-04 09:55:00+00:00,0.0,40000.0,"POLYGON ((-82.37741804946413 29.010101918639464, -81.78 27.19547582294557, -82.56412362453968 25.82201670001851, -82.94683191026505 28.14502412492292, -82.37741804946413 29.010101918639464))"
20E,2010-11-04 08:55:00+00:00,2010-11-04 10:55:00+00:00,0.0,40000.0,"POLYGON ((-81.99401368731547 29.61542223753737, -81.69035522229053 28.666883625402374, -82.55 26.734524177054432, -82.82450569805664 28.217334330382286, -81.99401368731547 29.61542223753737))"
21E,2010-11-04 08:55:00+00:00,2010-11-04 10:55:00+00:00,0.0,37000.0,"POLYGON ((-78.24940281019201 31.347874173341076, -79.20241947668596 29.286447168852742, -80.34691107954761 29.297831298152747, -79.29457135854977 31.35073339322147, -78.24940281019201 31.347874173341076))"
11C,2010-11-04 08:55:00+00:00,2010-11-04 10:55:00+00:00,0.0,37000.0,"POLYGON ((-87.36084317142596 30.240016139093544, -89.03180928940711 28.23463979765442, -90.1 28.181786265581643, -89.04093694470487 29.846534814906935, -87.36084317142596 30.240016139093544))"
FOXTROT 1,2010-11-04 09:45:00+00:00,2010-11-04 13:45:00+00:00,0.0,30000.0,"POLYGON ((-89.15 29.15, -87.45 27.3, -89.3 24.45, -90.45 28, -89.15 29.15))"
12C,2010-11-04 09:55:00+00:00,2010-11-04 11:55:00+00:00,0.0,39000.0,"POLYGON ((-87.08949744268179 30.47643402914033, -87.55909620170776 29.036786611670212, -88.76502370959896 29.39858821975994, -87.08949744268179 30.47643402914033))"
22E,2010-11-04 09:55:00+00:00,2010-11-04 11:55:00+00:00,0.0,40000.0,"POLYGON ((-78.24940281019201 31.347874173341076, -79.58388697946158 29.291325761486394, -81.90814154706165 28.5388177307741, -80.54769864257302 31.159962613839394, -78.24940281019201 31.347874173341076))"
ECHO 4,2010-11-04 10:30:00+00:00,2010-11-04 14:30:00+00:00,0.0,30000.0,"POLYGON ((-92 28.3, -90.3 28.3, -93.15 24.3, -95 26, -92 28.3))"
23E,2010-11-04 10:55:00+00:00,2010-11-04 12:55:00+00:00,0.0,40000.0,"POLYGON ((-76.74368634706377 32.03923455358845, -77.17672267238457 30.38677481867236, -80.4067456818193 29.043491787627, -80.28260930052834 31.45146127917798, -76.74368634706377 32.03923455358845))"
24E,2010-11-04 10:55:00+00:00,2010-11-04 12:55:00+00:00,0.0,38000.0,"POLYGON ((-87.22533425646198 30.358295136734466, -86.23933479413192 29.907024684205624, -88.76774177202475 27.997007400801074, -91.03571626812398 28.35326538449789, -87.22533425646198 30.358295136734466))"
QUEBEC 1,2010-11-04 11:40:00+00:00,2010-11-04 15:40:00+00:00,0.0,53000.0,"POLYGON ((168.1 9.5, 165.5 7.1, 157.4 4.5, 154 7.5, 157.4 9.2, 168.1 9.5))"
27E,2010-11-04 11:55:00+00:00,2010-11-04 13:55:00+00:00,0.0,35000.0,"POLYGON ((-81.97536386964345 33.646195985923384, -81.42995018728168 33.09089146932307, -82.46396608054296 32.684420047986144, -81.97536386964345 33.646195985923384))"
25E,2010-11-04 11:55:00+00:00,2010-11-04 13:55:00+00:00,0.0,38000.0,"POLYGON ((-76.88223535823266 33.52253858704057, -76.67065906260929 31.884832305941785, -80.15798964139665 30.120107717012306, -80.02519000488448 31.773369501996388, -76.88223535823266 33.52253858704057))"
26E,2010-11-04 11:55:00+00:00,2010-11-04 13:55:00+00:00,0.0,40000.0,"POLYGON ((-86.97469838740562 30.21484687132116, -86.16668974894665 29.75305350671482, -88.63614510363612 27.87800241321844, -90.60520459073649 28.10311866850767, -86.97469838740562 30.21484687132116))"
FOXTROT 2,2010-11-04 13:20:00+00:00,2010-11-04 17:20:00+00:00,0.0,33000.0,"POLYGON ((-90.3 28.15, -86.35 28, -87.05 26.1, -91.3 27.2, -90.3 28.15))"
32E,2010-11-04 13:24:00+00:00,2010-11-04 14:55:00+00:00,0.0,35000.0,"POLYGON ((-79.75906115177727 33.12496733701495, -79.30992859183051 32.63321123966971, -80.81118198831533 31.544829034357047, -80.92831016100476 32.22353684567691, -79.75906115177727 33.12496733701495))"
33E,2010-11-04 13:24:00+00:00,2010-11-04 14:55:00+00:00,0.0,35000.0,"POLYGON ((-82.2041446016085 27.272240346452733, -80.43365630188055 26.552253380022083, -81.15613847231714 24.00043193986088, -81.5212921797471 23.9749247783217, -83.49897002959062 25.217107218672528, -82.2041446016085 27.272240346452733))"
28E,2010-11-04 13:24:00+00:00,2010-11-04 14:55:00+00:00,0.0,42000.0,"POLYGON ((-76.45951182733204 34.34191186779226, -76.18824930117962 32.92676335171022, -77.48803233666251 27.611235972021877, -79.53142368096782 26.678907617793083, -80.38577810592649 31.90327002473607, -76.45951182733204 34.34191186779226))"
29E,2010-11-04 13:24:00+00:00,2010-11-04 14:55:00+00:00,0.0,42000.0,"POLYGON ((-86.9013725093581 30.36869713081615, -85.41505289156872 30.01367915924098, -85.50351159900647 27.88122105023299, -90.60520459073649 28.10311866850767, -86.9013725093581 30.36869713081615))"
30E,2010-11-04 13:24:00+00:00,2010-11-04 14:55:00+00:00,0.0,32000.0,"POLYGON ((-80.40587287355741 34.48241058059234, -79.88783191951273 33.19731767266768, -81.26092219321615 32.46732022602894, -82.23639896867746 33.55627160089132, -80.40587287355741 34.48241058059234))"
31E,2010-11-04 13:24:00+00:00,2010-11-04 14:55:00+00:00,0.0,35000.0,"POLYGON ((-72.418413134897 37.29047722444652, -72.61449218536606 34.997111206835285, -75.10928185556631 33.36391611371047, -75.25408200029028 34.411943802892225, -72.418413134897 37.29047722444652))"
34E,2010-11-04 13:55:00+00:00,2010-11-04 15:55:00+00:00,0.0,35000.0,"POLYGON ((-83.99782149241963 27.903731157228925, -80.43365630188055 26.552253380022083, -81.02807859467377 23.882195511106563, -83.14679317876859 24.07469221014595, -84.23641934355521 27.389859576766643, -83.99782149241963 27.903731157228925))"
35E,2010-11-04 13:55:00+00:00,2010-11-04 15:55:00+00:00,0.0,42000.0,"POLYGON ((-76.18 34.76267939837246, -76.05057862301025 32.80714986095124, -77.48803233666251 27.611235972021877, -79.15905003836006 26.67696566493167, -80.74636667590964 32.28681342894249, -76.18 34.76267939837246))"
36E,2010-11-04 13:55:00+00:00,2010-11-04 15:55:00+00:00,0.0,35000.0,"POLYGON ((-72.418413134897 37.29047722444652, -72.61449218536606 34.997111206835285, -76.05057862301025 32.80714986095124, -76.18 34.596310442636074, -72.418413134897 37.29047722444652))"
37E,2010-11-04 13:55:00+00:00,2010-11-04 15:55:00+00:00,0.0,32000.0,"POLYGON ((-79.97029621423091 34.84442954319337, -78.8133529599859 33.52124047569031, -81.18533309111652 32.3136825626764, -81.7899059746212 33.83678166183063, -79.97029621423091 34.84442954319337))"
38E,2010-11-04 13:55:00+00:00,2010-11-04 15:55:00+00:00,0.0,42000.0,"POLYGON ((-86.53218444707629 30.522506328476403, -84.70594675799578 30.272184121928948, -85.31533768811302 27.88492939681333, -90.1 28.348155221318038, -86.53218444707629 30.522506328476403))"
39E,2010-11-04 13:55:00+00:00,2010-11-04 15:55:00+00:00,0.0,35000.0,"POLYGON ((-79.24098193767554 26.734299458409506, -79.67757223116689 26.110397396490704, -79.69459557830422 26.067480925908068, -79.88834384013988 24.737663515344536, -79.51370843253594 25.995729809535035, -79.07711813904459 26.619631871453837, -79.69043334723428 24.70882886955414, -79.49668508539861 26.03864628011767, -79.24098193767554 26.734299458409506))"
40E,2010-11-04 14:55:00+00:00,2010-11-04 16:55:00+00:00,0.0,35000.0,"POLYGON ((-79.24953550038605 26.71953773514142, -79.52555407412684 26.132869808267344, -79.33522974551809 26.09597230583567, -79.27176554149489 24.979377272336034, -79.34458315007488 26.04772566784785, -79.06856457633408 26.634393594721924, -79.47144327466043 24.96802813677989, -79.53490747868364 26.084623170279524, -79.24953550038605 26.71953773514142))"
41E,2010-11-04 14:55:00+00:00,2010-11-04 16:55:00+00:00,0.0,42000.0,"POLYGON ((-75.63474990650363 35.18282238171873, -76.05057862301025 32.80714986095124, -77.48803233666251 27.611235972021877, -79.15905003836006 26.67696566493167, -80.45862342555714 32.536380255278786, -75.63474990650363 35.18282238171873))"
42E,2010-11-04 14:55:00+00:00,2010-11-04 16:55:00+00:00,0.0,35000.0,"POLYGON ((-72.418413134897 37.29047722444652, -72.61449218536606 34.997111206835285, -76.05057862301025 32.80714986095124, -75.48162719054064 34.874613397761685, -72.418413134897 37.29047722444652))"
43E,2010-11-04 14:55:00+00:00,2010-11-04 16:55:00+00:00,0.0,31000.0,"POLYGON ((-79.6674452766223 35.43477374106339, -78.7178250997781 33.641227356518534, -81.03466690888348 32.3136825626764, -81.60653260036608 34.04975010618186, -79.6674452766223 35.43477374106339))"
44E,2010-11-04 14:55:00+00:00,2010-11-04 16:55:00+00:00,0.0,41000.0,"POLYGON ((-85.9621051396941 31.08268770101597, -82.58274817996508 30.71762234720427, -85.12715133198182 27.888382245393466, -89.66633722551538 28.25707270258019, -87.19331025105335 29.75305350671482, -85.9621051396941 31.08268770101597))"
45E,2010-11-04 14:55:00+00:00,2010-11-04 16:55:00+00:00,0.0,38000.0,"POLYGON ((-83.34928232570508 28.49658462437962, -80.60519661227653 26.488071277098406, -80.77061140631294 24.723246192449338, -83.26364094710507 24.582926252780663, -84.23641934355521 27.389859576766643, -83.34928232570508 28.49658462437962))"
ROMEO 1,2010-11-04 15:22:00+00:00,2010-11-04 19:22:00+00:00,0.0,50000.0,"POLYGON ((-165.3 9.2, -162.4 8, -166.4 5.4, -168.1 7.2, -165.3 9.2))"
QUEBEC 2,2010-11-04 15:39:00+00:00,2010-11-04 19:40:00+00:00,0.0,53000.0,"POLYGON ((168.2 10.1, 168.1 7.1, 160.4 7.2, 158.4 5.2, 153.5 7.5, 161 10, 168.2 10.1))"
46E,2010-11-04 15:55:00+00:00,2010-11-04 17:55:00+00:00,0.0,35000.0,"POLYGON ((-79.25663361249043 26.69881620405418, -79.27826458908947 25.734261768630564, -80.25855319609282 24.520107078579695, -79.0614664642297 26.655115125809164, -79.2584868717612 25.775230403709024, -80.41416490969702 24.64574542698163, -79.43387630269368 25.8599001170325, -79.45365402002194 25.81893148195404, -79.25663361249043 26.69881620405418))"
47E,2010-11-04 15:55:00+00:00,2010-11-04 17:55:00+00:00,0.0,40000.0,"POLYGON ((-76.81696033297256 32.19359480289175, -77.04413479468433 30.266023031357665, -77.11144810324207 26.648937268035965, -79.15905003836006 26.67696566493167, -79.58248396744256 30.32586483156779, -76.81696033297256 32.19359480289175))"
48E,2010-11-04 15:55:00+00:00,2010-11-04 17:55:00+00:00,0.0,39000.0,"POLYGON ((-73.49845074724051 36.230067480330845, -72.79933985502997 35.06616814957474, -79.07573000332502 30.888122664194505, -80.74636667590964 32.28681342894249, -79.41105402679014 35.85765482243549, -73.49845074724051 36.230067480330845))"
49E,2010-11-04 15:55:00+00:00,2010-11-04 17:55:00+00:00,0.0,39000.0,"POLYGON ((-85.03611189465529 30.9864105292458, -82.22423890051874 30.59272596711735, -84.37429917982975 27.899637648122294, -89.5947954092635 28.10311866850767, -86.68 29.499048354108847, -85.03611189465529 30.9864105292458))"
50E,2010-11-04 15:55:00+00:00,2010-11-04 17:55:00+00:00,0.0,37000.0,"POLYGON ((-82.75887385604724 28.98486294275094, -81.22215560483446 26.528914736607334, -81.94037902966744 24.89734458233867, -83.26364094710507 24.582926252780663, -84.04905865282791 27.391987640929162, -82.75887385604724 28.98486294275094))"
51E,2010-11-04 16:55:00+00:00,2010-11-04 18:55:00+00:00,0.0,35000.0,"POLYGON ((-79.25663361249043 26.69881620405418, -79.27780636698095 25.734833581825047, -80.20173592108938 24.573169948838768, -79.0614664642297 26.655115125809164, -79.2584868717612 25.775230403709024, -80.35826407891062 24.697664670851736, -79.4343345248022 25.859328303838016, -79.45365402002194 25.81893148195404, -79.25663361249043 26.69881620405418))"
52E,2010-11-04 16:55:00+00:00,2010-11-04 18:55:00+00:00,0.0,39000.0,"POLYGON ((-76.81696033297256 32.19359480289175, -77.11144810324207 26.648937268035965, -78.97286876565066 26.675630616850057, -79.33304734361987 30.618227905494372, -76.81696033297256 32.19359480289175))"
53E,2010-11-04 16:55:00+00:00,2010-11-04 18:55:00+00:00,0.0,39000.0,"POLYGON ((-72.58141744893663 37.314117035316904, -72.79933985502997 35.06616814957474, -79.33304734361987 30.618227905494372, -80.19111578532655 32.582499321541114, -78.34640994659769 35.51629790861095, -72.58141744893663 37.314117035316904))"
54E,2010-11-04 16:55:00+00:00,2010-11-04 18:55:00+00:00,0.0,40000.0,"POLYGON ((-83.80177939299871 30.869417956824673, -81.6580060033475 30.64732641695025, -84.37429917982975 27.899637648122294, -88.89962923593602 28.11588683181027, -86.02206625453677 29.444992833966868, -83.80177939299871 30.869417956824673))"
55E,2010-11-04 16:55:00+00:00,2010-11-04 18:55:00+00:00,0.0,36000.0,"POLYGON ((-82.09751765502585 28.53789820755231, -81.0362111198932 26.52807065944123, -81.8 25.08910686720918, -83.14679317876859 24.07469221014595, -83.71993687404334 27.524099066475177, -82.09751765502585 28.53789820755231))"
56E,2010-11-04 17:55:00+00:00,2010-11-04 19:55:00+00:00,0.0,38000.0,"POLYGON ((-76.74368634706377 32.03923455358845, -77.11144810324207 26.648937268035965, -78.70768203712859 27.182633878230448, -78.85899334440614 30.425147233017956, -76.74368634706377 32.03923455358845))"
57E,2010-11-04 17:55:00+00:00,2010-11-04 19:55:00+00:00,0.0,39000.0,"POLYGON ((-72.8710060922834 37.554613875583364, -72.79933985502997 35.06616814957474, -79.14844043231594 31.04236726841283, -79.44562953648484 32.888594215718825, -77.75351057152548 35.86563383959051, -72.8710060922834 37.554613875583364))"
58E,2010-11-04 17:55:00+00:00,2010-11-04 19:55:00+00:00,0.0,40000.0,"POLYGON ((-82.3601010769415 31.847322362314596, -80.82431893136628 30.92641482844762, -83.71993687404334 27.524099066475177, -88.1766893803871 28.465932883794697, -85.2968089984912 29.573100777403145, -82.3601010769415 31.847322362314596))"
59E,2010-11-04 17:55:00+00:00,2010-11-04 19:55:00+00:00,0.0,38000.0,"POLYGON ((-81.55647691247047 28.078713840927172, -80.77961877590428 26.933000350378148, -81.8 25.08910686720918, -83.14679317876859 24.07469221014595, -83.67431775540796 27.395492887903274, -81.55647691247047 28.078713840927172))"
64E,2010-11-04 19:16:00+00:00,2010-11-04 20:55:00+00:00,0.0,24000.0,"POLYGON ((-84.4437702873518 40.41663223093416, -81.89520589568137 37.522790239284994, -83.50989110274162 36.02673475007749, -86.28 39.22089313279082, -84.4437702873518 40.41663223093416))"
60E,2010-11-04 19:16:00+00:00,2010-11-04 20:55:00+00:00,0.0,39000.0,"POLYGON ((-72.06235298049651 38.17645272959873, -72.79933985502997 35.06616814957474, -79.58248396744256 30.32586483156779, -79.34412565937605 32.2998675212049, -76.93999208972234 36.0029266149991, -72.06235298049651 38.17645272959873))"
61E,2010-11-04 19:16:00+00:00,2010-11-04 20:55:00+00:00,0.0,40000.0,"POLYGON ((-81.65583038422625 32.349828748247305, -79.87361724218674 31.095213549427644, -83.41314469046507 27.079012327272654, -84.18606389676764 27.90181228263276, -81.65583038422625 32.349828748247305))"
62E,2010-11-04 19:16:00+00:00,2010-11-04 20:55:00+00:00,0.0,35000.0,"POLYGON ((-85.5945779841221 29.88434846892559, -84.00667713570911 29.596569750314284, -85.12715133198182 27.888382245393466, -87.8298273107671 28.333201260106424, -85.5945779841221 29.88434846892559))"
63E,2010-11-04 19:16:00+00:00,2010-11-04 20:55:00+00:00,0.0,37000.0,"POLYGON ((-81.07276925330468 28.304457281261847, -80.91864123100927 26.84574335951163, -82.07870782025289 23.9749247783217, -83.14679317876859 24.07469221014595, -83.18754384595526 26.01521183544697, -81.07276925330468 28.304457281261847))"
QUEBEC 3,2010-11-04 19:37:00+00:00,2010-11-04 23:38:00+00:00,0.0,57000.0,"POLYGON ((160 11, 167 11, 169 7, 164 6, 156 8, 160 11))"
65E,2010-11-04 19:55:00+00:00,2010-11-04 21:55:00+00:00,0.0,25000.0,"POLYGON ((-83.38568682123152 40.288157109350855, -81.89520589568137 37.522790239284994, -83.51111210812088 35.77207132051294, -86.28 39.387262088527216, -83.38568682123152 40.288157109350855))"
66E,2010-11-04 19:55:00+00:00,2010-11-04 21:55:00+00:00,0.0,43000.0,"POLYGON ((-72.25555602617851 38.24451853059374, -72.61449218536606 34.997111206835285, -78.8209924521177 29.280485096039094, -79.29457135854977 31.35073339322147, -76.59264891464066 36.25929132334866, -72.25555602617851 38.24451853059374))"
67E,2010-11-04 19:55:00+00:00,2010-11-04 21:55:00+00:00,0.0,38000.0,"POLYGON ((-81.03492061669058 32.00627295486928, -79.87361724218674 31.095213549427644, -83.47072757301835 26.57349891344815, -83.99782149241963 27.903731157228925, -81.03492061669058 32.00627295486928))"
68E,2010-11-04 19:55:00+00:00,2010-11-04 21:55:00+00:00,0.0,37000.0,"POLYGON ((-81.2414688116685 27.677972767282867, -80.80475445520202 26.26961929413895, -82.07870782025289 23.9749247783217, -83.14679317876859 24.07469221014595, -82.95265767807834 25.466454751550327, -81.2414688116685 27.677972767282867))"
69E,2010-11-04 19:55:00+00:00,2010-11-04 21:55:00+00:00,0.0,40000.0,"POLYGON ((-67.60449092942521 40.49037446186185, -67.15378242906115 39.00836505537713, -70.03 38.11898984100855, -70.03 39.4499414868997, -67.60449092942521 40.49037446186185))"
70E,2010-11-04 20:55:00+00:00,2010-11-04 22:55:00+00:00,0.0,43000.0,"POLYGON ((-76.49337412248816 35.64477060827414, -74.4601793343904 34.835922168434095, -77.7103738594001 30.868429992317218, -78.5209752779558 31.586746864214856, -76.49337412248816 35.64477060827414))"
71E,2010-11-04 20:55:00+00:00,2010-11-04 22:55:00+00:00,0.0,38000.0,"POLYGON ((-79.95829925136202 30.98269892632336, -79.83720355259051 30.82352659286355, -83.15428831032831 28.29994295309739, -83.27538400909982 28.459115286557196, -79.95829925136202 30.98269892632336))"
72E,2010-11-04 20:55:00+00:00,2010-11-04 22:55:00+00:00,0.0,37000.0,"POLYGON ((-81.09129487440971 26.783011200950792, -80.79299415916647 25.990099428596057, -81.6603086319212 24.282525914214236, -82.30633174969883 24.398154296576635, -81.99262924340833 26.068727929460575, -81.09129487440971 26.783011200950792))"
73E,2010-11-04 20:55:00+00:00,2010-11-04 22:55:00+00:00,0.0,40000.0,"POLYGON ((-67.20588139869567 40.353886757935626, -67.15378242906115 39.00836505537713, -68.41051098242116 38.19427215874538, -69.0410103661272 39.43124456170233, -67.20588139869567 40.353886757935626))"
74E,2010-11-04 20:55:00+00:00,2010-11-04 22:55:00+00:00,0.0,35000.0,"POLYGON ((-82.68 28.076368955736392, -81.9826151810642 28.162910261171703, -82.90610239511581 26.63102431175889, -83.34001903012133 26.691934619031887, -82.68 28.076368955736392))"
75E,2010-11-04 21:55:00+00:00,2010-11-04 23:55:00+00:00,0.0,35000.0,"POLYGON ((-76.45951182733204 34.34191186779226, -75.47369288951381 33.49892397615319, -77.7103738594001 30.868429992317218, -79.73796961131684 30.976178166474565, -76.45951182733204 34.34191186779226))"
76E,2010-11-04 21:55:00+00:00,2010-11-04 23:55:00+00:00,0.0,40000.0,"POLYGON ((-80.88008377822095 29.99142749593012, -80.7523052286596 29.837568332173145, -82.88294263548437 28.06809454304443, -83.01072118504572 28.221953706801408, -80.88008377822095 29.99142749593012))"
77E,2010-11-04 21:55:00+00:00,2010-11-04 23:55:00+00:00,0.0,32000.0,"POLYGON ((-81.8257984657182 28.2385242919462, -81.65500552025848 28.134458112131647, -82.32157683303524 27.040484276722577, -82.49236977849495 27.14455045653713, -81.8257984657182 28.2385242919462))"
78E,2010-11-04 21:55:00+00:00,2010-11-04 23:55:00+00:00,0.0,32000.0,"POLYGON ((-79.35365368367685 28.175196194441707, -79.18645878866279 28.065442528984764, -80.87782772402802 25.48887025323334, -81.04502261904209 25.598623918690283, -79.35365368367685 28.175196194441707))"
79E,2010-11-04 22:55:00+00:00,2010-11-05 00:55:00+00:00,0.0,35000.0,"POLYGON ((-76.0565913501922 34.33663054389656, -75.47369288951381 33.49892397615319, -77.7103738594001 30.868429992317218, -79.07573000332502 30.888122664194505, -76.0565913501922 34.33663054389656))"
80E,2010-11-04 22:55:00+00:00,2010-11-05 00:55:00+00:00,0.0,38000.0,"POLYGON ((-80.49429397451784 29.96438258499926, -80.36887447405088 29.80859443107664, -82.61729024976653 27.99847487877508, -82.74270975023349 28.154263032697703, -80.49429397451784 29.96438258499926))"
81E,2010-11-04 22:55:00+00:00,2010-11-05 00:55:00+00:00,0.0,35000.0,"POLYGON ((-81.57474118853112 28.27565615410278, -81.3943113089809 28.189371401304317, -82.6036775340068 25.660468029196323, -82.78410741355702 25.746752781994786, -81.57474118853112 28.27565615410278))"
82E,2010-11-04 23:55:00+00:00,2010-11-05 01:55:00+00:00,0.0,32000.0,"POLYGON ((-81.26848945928081 27.47492364828659, -81.09682570973276 27.372300273312355, -81.9067973686343 26.017416241973457, -82.07846111818236 26.120039616947693, -81.26848945928081 27.47492364828659))"
1E,2010-11-05 00:55:00+00:00,2010-11-05 02:55:00+00:00,0.0,35000.0,"POLYGON ((-76.32629249359711 33.046225507906435, -75.77634587804195 32.567473258060815, -77.44288425641814 30.62787477486037, -78.114134192269 31.228223940412413, -76.32629249359711 33.046225507906435))"
2E,2010-11-05 01:55:00+00:00,2010-11-05 03:55:00+00:00,0.0,35000.0,"POLYGON ((-75.83923781537374 33.63286179856822, -75.10928185556631 33.36391611371047, -78.0819286218926 30.3481669607459, -78.44146809343414 30.228466654828352, -75.83923781537374 33.63286179856822))"
GOLF 1,2010-11-05 03:00:00+00:00,2010-11-05 07:00:00+00:00,0.0,45000.0,"POLYGON ((-69.3 31.3, -72.3 26, -76 25.3, -72.3 30.3, -69.3 31.3))"
SIERRA 1,2010-11-05 06:36:00+00:00,2010-11-05 10:35:00+00:00,0.0,55000.0,"POLYGON ((162.4 13, 171.4 13, 171 9.5, 163 9, 162.4 13))"
GOLF 2,2010-11-05 06:45:00+00:00,2010-11-05 10:45:00+00:00,0.0,45000.0,"POLYGON ((-71 31, -67.45 31, -73 24.45, -76.3 24.45, -71 31))"
SIERRA 2,2010-11-05 10:35:00+00:00,2010-11-05 14:35:00+00:00,0.0,55000.0,"POLYGON ((166.5 13.4, 166.5 10.1, 163.3 9.3, 162.1 13.3, 166.5 13.4))"
GOLF 3,2010-11-05 10:45:00+00:00,2010-11-05 14:45:00+00:00,0.0,50000.0,"POLYGON ((-70.45 30.45, -66.3 30.45, -73.45 22.3, -75.15 24.45, -70.45 30.45))"
GOLF 4,2010-11-05 14:45:00+00:00,2010-11-05 18:45:00+00:00,0.0,51000.0,"POLYGON ((-70 32, -66.3 31.3, -71.3 25.15, -73.3 26.15, -70 32))"
HOTEL 1,2010-11-05 14:50:00+00:00,2010-11-05 18:50:00+00:00,0.0,50000.0,"POLYGON ((-73.15 25.3, -70.45 24.3, -73.15 20, -74.45 22, -73.15 25.3))"
INDIA 1,2010-11-05 17:40:00+00:00,2010-11-05 21:40:00+00:00,0.0,48000.0,"POLYGON ((-68.45 24, -68 18.45, -70.15 20.15, -71.3 23.3, -68.45 24))"
GOLF 5,2010-11-05 18:45:00+00:00,2010-11-05 22:45:00+00:00,0.0,51000.0,"POLYGON ((-70.45 30.15, -68.15 29.15, -70.45 23.3, -74 24.45, -70.45 30.15))"
HOTEL 2,2010-11-05 18:50:00+00:00,2010-11-05 22:50:00+00:00,0.0,50000.0,"POLYGON ((-74.15 23, -72.15 21.45, -73.3 20, -74.45 22, -74.15 23))"
GOLF 6,2010-11-05 22:45:00+00:00,2010-11-06 02:45:00+00:00,0.0,50000.0,"POLYGON ((-70.3 31, -68 30.3, -71.3 24, -73.3 24, -70.3 31))"
JULIETT 1,2010-11-05 22:45:00+00:00,2010-11-06 02:45:00+00:00,0.0,50000.0,"POLYGON ((-67 23.3, -66 15.3, -68.3 16, -70.3 21, -67 23.3))"
GOLF 7,2010-11-05 23:45:00+00:00,2010-11-06 03:45:00+00:00,0.0,50000.0,"POLYGON ((-70 32, -67.3 31.3, -71.3 19.3, -75.3 21.3, -70 32))"
JULIETT 2,2010-11-06 02:45:00+00:00,2010-11-06 06:45:00+00:00,0.0,50000.0,"POLYGON ((-65.3 23.3, -65 15.3, -68 16, -69 23, -65.3 23.3))"
GOLF 8,2010-11-06 03:45:00+00:00,2010-11-06 07:45:00+00:00,0.0,50000.0,"POLYGON ((-70 32, -67.3 32, -69.3 24, -73.3 23.3, -70 32))"
JULIETT 3,2010-11-06 06:45:00+00:00,2010-11-06 10:45:00+00:00,0.0,53000.0,"POLYGON ((-69.15 22.3, -64.3 21.45, -64.3 15, -67.15 15.45, -69.15 22.3))"
GOLF 9,2010-11-06 07:15:00+00:00,2010-11-06 11:15:00+00:00,0.0,49000.0,"POLYGON ((-70 30.15, -68.3 29.15, -69 24.45, -72.45 24.45, -70 30.15))"
LIMA 1,2010-11-06 07:15:00+00:00,2010-11-06 11:15:00+00:00,0.0,44000.0,"POLYGON ((-45.15 24.45, -44 24.3, -45.45 21, -49 21.3, -45.15 24.45))"
JULIETT 4,2010-11-06 10:45:00+00:00,2010-11-06 14:45:00+00:00,0.0,52000.0,"POLYGON ((-67.3 22.45, -66 22, -65 15, -67.15 15.45, -67.3 22.45))"
LIMA 2,2010-11-06 11:15:00+00:00,2010-11-06 15:15:00+00:00,0.0,43000.0,"POLYGON ((-46.15 24.45, -44.3 22.3, -47 20.3, -48.45 20.45, -46.15 24.45))"
GOLF 10,2010-11-06 11:15:00+00:00,2010-11-06 15:15:00+00:00,0.0,50000.0,"POLYGON ((-70.3 28.3, -67.45 28, -69.15 24.15, -71 24.45, -70.3 28.3))"
DELTA 1,2010-11-06 11:20:00+00:00,2010-11-06 15:20:00+00:00,0.0,42000.0,"POLYGON ((177.45 43.15, 168 32, -173.45 38.45, 177.45 43.15))"
JULIETT 5,2010-11-06 14:45:00+00:00,2010-11-06 18:45:00+00:00,0.0,4700.0,"POLYGON ((-68.45 23.45, -66.3 22, -64.3 15, -66.45 15.3, -68.45 23.45))"
GOLF 11,2010-11-06 15:20:00+00:00,2010-11-06 19:20:00+00:00,0.0,50000.0,"POLYGON ((-69.15 30.45, -66.3 30.15, -68.3 24, -71.3 25.45, -69.15 30.45))"
DELTA 2,2010-11-06 15:25:00+00:00,2010-11-06 19:25:00+00:00,0.0,43000.0,"POLYGON ((177 40, 167.45 31.15, 170.15 30.45, -177.45 39.15, 177 40))"
TANGO 1,2010-11-06 16:16:00+00:00,2010-11-06 20:20:00+00:00,0.0,50000.0,"POLYGON ((176.2 9.3, 171.5 8.3, 171.4 5.5, -175.1 6.2, -175.1 7.4, 176.2 9.3))"
JULIETT 6,2010-11-06 17:30:00+00:00,2010-11-06 21:30:00+00:00,0.0,50000.0,"POLYGON ((-68 23.3, -66.15 22.45, -68.3 19.45, -70 20.15, -68 23.3))"
MIKE 1,2010-11-06 17:40:00+00:00,2010-11-06 21:40:00+00:00,38000.0,44000.0,"POLYGON ((-61.15 43.15, -60.45 40.3, -65.45 39.15, -66 42, -61.15 43.15))"
GOLF 12,2010-11-06 19:20:00+00:00,2010-11-06 23:20:00+00:00,0.0,47000.0,"POLYGON ((-70 30.45, -67 30, -68.3 24.15, -71.3 25.3, -70 30.45))"
TANGO 2,2010-11-06 20:29:00+00:00,2010-11-07 00:30:00+00:00,0.0,53000.0,"POLYGON ((174.4 10.2, 173.1 8.4, -176.2 5.2, -175.1 7.4, 174.4 10.2))"
ALFA 1,2010-11-06 21:15:00+00:00,2010-11-07 01:15:00+00:00,34000.0,40000.0,"POLYGON ((-45 37.3, -41 34.3, -50.3 26, -53.3 30, -45 37.3))"
BRAVO 1,2010-11-06 22:00:00+00:00,2010-11-07 02:00:00+00:00,0.0,48000.0,"POLYGON ((-68 22, -66.3 22, -64.3 17, -67.3 18, -68 22))"
1W,2010-11-06 22:55:00+00:00,2010-11-07 00:55:00+00:00,0.0,25000.0,"POLYGON ((-117.77 37.16815522131804, -117.47299771263023 35.61930111381712, -119.47690744782071 35.35208045562781, -119.41515743343275 36.09441092646959, -117.77 37.16815522131804))"
2W,2010-11-06 23:55:00+00:00,2010-11-07 01:55:00+00:00,0.0,28000.0,"POLYGON ((-117.77 37.16815522131804, -116.90838687575399 36.49248507881505, -117.66996777308611 35.47156475702773, -118.86409013625033 35.94088553269518, -117.77 37.16815522131804))"
TANGO 3,2010-11-07 00:17:00+00:00,2010-11-07 04:20:00+00:00,0.0,53000.0,"POLYGON ((174.3 10.4, 171.2 7.1, 177.1 7.4, 180 5.5, -175.2 6.5, 174.3 10.4))"
1W,2010-11-07 00:55:00+00:00,2010-11-07 02:55:00+00:00,0.0,30000.0,"POLYGON ((-117.3273016180113 36.98960630206089, -116.18922343099517 36.075600049017176, -116.30435104593644 35.107310783810576, -117.62346893460006 36.09095110538684, -117.3273016180113 36.98960630206089))"
ALFA 2,2010-11-07 01:15:00+00:00,2010-11-07 05:15:00+00:00,34000.0,40000.0,"POLYGON ((-46 39.3, -41.3 36, -50.3 28, -55 30.3, -46 39.3))"
2W,2010-11-07 01:55:00+00:00,2010-11-07 03:55:00+00:00,0.0,30000.0,"POLYGON ((-116.89669123119626 36.68226925616482, -115.91826495835252 35.82294241365848, -116.30435104593644 35.107310783810576, -117.47899518144293 36.20956565513737, -116.89669123119626 36.68226925616482))"
BRAVO 2,2010-11-07 02:00:00+00:00,2010-11-07 06:00:00+00:00,0.0,48000.0,"POLYGON ((-68 22.3, -65.3 22, -64.3 15.3, -68 17, -68 22.3))"
3W,2010-11-07 02:55:00+00:00,2010-11-07 04:55:00+00:00,0.0,25000.0,"POLYGON ((-115.59865021117645 36.43212400682935, -115.55009004546825 35.31084136687529, -116.74999999999999 36.13452417705443, -115.59865021117645 36.43212400682935))"
BRAVO 3,2010-11-07 04:25:00+00:00,2010-11-07 08:25:00+00:00,0.0,49000.0,"POLYGON ((-67.15 22.3, -64.3 18.3, -64.45 17.3, -67.45 18.45, -67.15 22.3))"
BRAVO 4,2010-11-07 08:15:00+00:00,2010-11-07 12:15:00+00:00,0.0,50000.0,"POLYGON ((-65 21, -63.45 17.3, -67.45 17.3, -67 20.15, -65 21))"
CHARLIE 1,2010-11-07 15:35:00+00:00,2010-11-07 19:35:00+00:00,0.0,50000.0,"POLYGON ((-67.4 20, -66.4 17.05, -67.55 17.05, -68.4 19.15, -67.4 20))"
CHARLIE 2,2010-11-07 19:20:00+00:00,2010-11-07 23:20:00+00:00,0.0,48000.0,"POLYGON ((-67.35 20.05, -63.05 19.05, -63.25 16.15, -68 17.05, -67.35 20.05))"
DELTA 1,2010-11-07 21:25:00+00:00,2010-11-08 01:25:00+00:00,0.0,45000.0,"POLYGON ((-69 27.45, -67.3 27.3, -68 26, -69.45 26.3, -69 27.45))"
ECHO 1,2010-11-07 22:05:00+00:00,2010-11-08 02:05:00+00:00,0.0,45000.0,"POLYGON ((-46.3 33.3, -39.45 23.45, -43.3 19.15, -49 32, -46.3 33.3))"
4W,2010-11-07 22:55:00+00:00,2010-11-08 00:55:00+00:00,0.0,30000.0,"POLYGON ((-122.25459541678087 40.589107984811434, -121.8909590531445 40.589107984811434, -121.8909590531445 40.225471621175075, -122.25459541678087 40.225471621175075, -122.25459541678087 40.589107984811434))"
CHARLIE 3,2010-11-07 23:20:00+00:00,2010-11-08 03:20:00+00:00,0.0,47000.0,"POLYGON ((-62 20.45, -61 18.45, -64.15 15.15, -66.3 19.15, -62 20.45))"
1W,2010-11-08 01:55:00+00:00,2010-11-08 03:55:00+00:00,0.0,29000.0,"POLYGON ((-121.71995268936173 39.718735870007116, -121.53813450754355 39.718735870007116, -121.53813450754355 39.53691768818893, -121.71995268936173 39.53691768818893, -121.71995268936173 39.718735870007116))"
ECHO 2,2010-11-08 02:25:00+00:00,2010-11-08 06:25:00+00:00,0.0,45000.0,"POLYGON ((-47 33.3, -40.15 26.45, -39.45 21.3, -45.3 18.15, -43.45 24.3, -48.45 32.15, -47 33.3))"
ECHO 3,2010-11-08 05:15:00+00:00,2010-11-08 09:15:00+00:00,0.0,48000.0,"POLYGON ((-51 31.3, -40 30, -40 21.3, -46 18, -51 31.3))"
ECHO 4,2010-11-08 09:15:00+00:00,2010-11-08 13:15:00+00:00,0.0,50000.0,"POLYGON ((-48.3 32, -40 28, -40 22, -44 19, -48.3 32))"
ECHO 5,2010-11-08 12:15:00+00:00,2010-11-08 16:15:00+00:00,0.0,50000.0,"POLYGON ((-47.3 32, -40.15 28, -40 22, -42.3 20, -47.3 32))"
UNIFORM 1,2010-11-08 16:48:00+00:00,2010-11-08 20:48:00+00:00,0.0,45000.0,"POLYGON ((-172.3 30, -169.3 30, -170.3 27.45, -173.15 27.45, -172.3 30))"
UNIFORM 2,2010-11-08 20:45:00+00:00,2010-11-09 00:45:00+00:00,0.0,43000.0,"POLYGON ((-171.3 30, -169 29.45, -169.45 27.45, -172.3 27.45, -171.3 30))"
UNIFORM 3,2010-11-08 23:04:00+00:00,2010-11-09 03:05:00+00:00,0.0,44000.0,"POLYGON ((-166.56 29.55, -167 27.36, -173.31 27.12, -172.1 29.52, -166.56 29.55))"
FOXTROT 1,2010-11-08 23:40:00+00:00,2010-11-09 03:40:00+00:00,0.0,42000.0,"POLYGON ((-61.45 28.45, -61 26.15, -63 26, -63.15 28, -61.45 28.45))"
UNIFORM 4,2010-11-09 02:17:00+00:00,2010-11-09 06:20:00+00:00,0.0,44000.0,"POLYGON ((-172.29 29.59, -168.43 29.55, -169.39 27.16, -174.28 27.21, -172.29 29.59))"
FOXTROT 2,2010-11-09 03:00:00+00:00,2010-11-09 07:00:00+00:00,0.0,42000.0,"POLYGON ((-58.45 28.45, -58.3 26.45, -61.15 26.3, -61.45 28, -58.45 28.45))"
GOLF 1,2010-11-09 10:05:00+00:00,2010-11-09 14:05:00+00:00,0.0,50000.0,"POLYGON ((-63 17.45, -63 15, -68 15.45, -68 17.15, -63 17.45))"
GOLF 2,2010-11-09 14:00:00+00:00,2010-11-09 18:00:00+00:00,0.0,49000.0,"POLYGON ((-63.1 17.35, -64.05 15.05, -67.55 15.55, -68 17.15, -63.1 17.35))"
VICTOR 1,2010-11-09 15:13:00+00:00,2010-11-09 19:15:00+00:00,0.0,55000.0,"POLYGON ((-165.59 9.2, -164.25 6.14, -173.49 3.28, -179.43 6.14, -165.59 9.2))"
GOLF 3,2010-11-09 17:35:00+00:00,2010-11-09 21:35:00+00:00,0.0,50000.0,"POLYGON ((-67 18.05, -63.25 17.55, -64.3 15, -66.45 15.55, -67 18.05))"
1E,2010-11-09 18:55:00+00:00,2010-11-09 20:55:00+00:00,0.0,26000.0,"POLYGON ((-66.93193646781027 41.238457112729044, -67.00718342785322 40.285131084847016, -68.8813193150752 39.12232121281624, -68.49223994299751 40.09325997119907, -66.93193646781027 41.238457112729044))"
VICTOR 2,2010-11-09 19:13:00+00:00,2010-11-09 23:15:00+00:00,0.0,55000.0,"POLYGON ((-174.3 8.3, -159 8.3, -165 4.3, -177 4.3, -174.3 8.3))"
HOTEL 1,2010-11-09 19:45:00+00:00,2010-11-09 23:45:00+00:00,0.0,47000.0,"POLYGON ((-57 21.35, -57.05 19.25, -60 19.45, -59.15 21.2, -57 21.35))"
2E,2010-11-09 20:00:00+00:00,2010-11-09 21:55:00+00:00,0.0,26000.0,"POLYGON ((-67.00718342785322 40.285131084847016, -67.15378242906115 39.00836505537713, -68.64439000461954 38.65853257062535, -68.49223994299751 40.09325997119907, -67.00718342785322 40.285131084847016))"
3E,2010-11-09 20:55:00+00:00,2010-11-09 22:55:00+00:00,0.0,26000.0,"POLYGON ((-66.93193646781027 41.238457112729044, -67.15378242906115 39.00836505537713, -68.64439000461954 38.65853257062535, -68.49223994299751 40.09325997119907, -66.93193646781027 41.238457112729044))"
GOLF 4,2010-11-09 21:10:00+00:00,2010-11-10 01:10:00+00:00,0.0,49000.0,"POLYGON ((-62.45 20.15, -64.3 15, -68 16, -66.45 19.45, -62.45 20.15))"
INDIA 1,2010-11-09 23:05:00+00:00,2010-11-10 03:05:00+00:00,0.0,24000.0,"POLYGON ((-65 41.3, -65 39.45, -67.45 39.45, -67.3 40.3, -65 41.3))"
VICTOR 3,2010-11-09 23:12:00+00:00,2010-11-10 03:15:00+00:00,0.0,53000.0,"POLYGON ((-157 8.3, -165 4.3, -173 4.3, -171.3 8.3, -157 8.3))"
HOTEL 2,2010-11-09 23:20:00+00:00,2010-11-10 03:20:00+00:00,0.0,47000.0,"POLYGON ((-57.3 21.15, -57.3 19.15, -60.45 19.15, -60.15 20.45, -57.3 21.15))"
JULIETT 1,2010-11-10 03:00:00+00:00,2010-11-10 07:00:00+00:00,0.0,50000.0,"POLYGON ((-67 18.3, -64.15 18.3, -64.45 15.45, -67.3 16, -67 18.3))"
JULIETT 2,2010-11-10 07:00:00+00:00,2010-11-10 11:00:00+00:00,0.0,50000.0,"POLYGON ((-60.15 20.45, -60.3 19.15, -64.15 15.45, -67 16.3, -65.15 20.45, -60.15 20.45))"
ECHO 1,2010-11-10 07:15:00+00:00,2010-11-10 11:15:00+00:00,0.0,50000.0,"POLYGON ((-132.15 10.15, -128.3 10, -128.15 7.3, -135 6.3, -132.15 10.15))"
JULIETT 3,2010-11-10 11:00:00+00:00,2010-11-10 15:00:00+00:00,0.0,50000.0,"POLYGON ((-63.3 22.15, -60.45 21, -60.45 19, -65.3 16.15, -67 17, -63.3 22.15))"
ECHO 2,2010-11-10 11:15:00+00:00,2010-11-10 15:15:00+00:00,0.0,45000.0,"POLYGON ((-133 10.15, -127 9.45, -128.3 7.15, -134.15 6.45, -133 10.15))"
JULIETT 1,2010-11-10 14:35:00+00:00,2010-11-10 18:35:00+00:00,0.0,51000.0,"POLYGON ((-64.15 20.55, -61.55 19.2, -64.35 15.3, -67.15 16.25, -64.15 20.55))"
JULIETT 4,2010-11-10 14:35:00+00:00,2010-11-10 18:35:00+00:00,0.0,51000.0,"POLYGON ((-64.15 20.55, -61.55 19.2, -64.35 15.3, -67.15 16.25, -64.15 20.55))"
1C,2010-11-10 17:55:00+00:00,2010-11-10 19:55:00+00:00,0.0,30000.0,"POLYGON ((-95.86978006853012 45.09228844527802, -95.39029102517438 43.89172258977244, -95.5760256699015 43.817542796377666, -96.05551471325724 45.018108651883246, -95.86978006853012 45.09228844527802))"
JULIETT 5,2010-11-10 18:10:00+00:00,2010-11-10 22:10:00+00:00,0.0,50000.0,"POLYGON ((-65 22.2, -60.15 21.2, -64.5 14.55, -66.5 15.4, -65 22.2))"
2C,2010-11-10 18:55:00+00:00,2010-11-10 20:55:00+00:00,0.0,30000.0,"POLYGON ((-95.83316793383426 46.03961189041812, -95.13 44.137262088527216, -96.35424886431622 43.77654430776038, -96.30047273361616 45.28756313289555, -95.83316793383426 46.03961189041812))"
3C,2010-11-10 19:55:00+00:00,2010-11-10 21:55:00+00:00,0.0,30000.0,"POLYGON ((-95.13 45.30184477868196, -94.89686594581299 44.46976288684635, -96.60311394670572 43.95727381978883, -96.64917447952163 44.905647688094234, -95.13 45.30184477868196))"
4C,2010-11-10 20:55:00+00:00,2010-11-10 22:55:00+00:00,0.0,28000.0,"POLYGON ((-95.03954859981103 45.63967442875844, -93.77146650280437 43.857682560182, -96.51398394737532 44.11080770622415, -96.71105971434771 45.407991349081534, -95.03954859981103 45.63967442875844))"
JULIETT 6,2010-11-10 21:45:00+00:00,2010-11-11 01:45:00+00:00,0.0,48000.0,"POLYGON ((-58.45 24.15, -58.45 21, -63.3 18, -65.45 19.45, -65.15 22.45, -58.45 24.15))"
KILO 1,2010-11-10 22:20:00+00:00,2010-11-11 02:20:00+00:00,0.0,29000.0,"POLYGON ((-56.45 40, -57.45 36.15, -63 35.3, -65.15 39.3, -56.45 40))"
5C,2010-11-10 22:55:00+00:00,2010-11-11 00:55:00+00:00,0.0,28000.0,"POLYGON ((-93.14765313302235 44.74199842832105, -92.79618663021796 43.89604994423945, -92.98088036417326 43.81931517612455, -93.33234686697764 44.66526366020614, -93.14765313302235 44.74199842832105))"
6C,2010-11-10 23:55:00+00:00,2010-11-11 01:55:00+00:00,0.0,29000.0,"POLYGON ((-92.9231094194859 46.026304835288336, -92.12881262215723 44.707159228286365, -92.97263331034493 44.40857182616039, -93.66514503673217 45.73459580440702, -92.9231094194859 46.026304835288336))"
JULIETT 7,2010-11-11 01:50:00+00:00,2010-11-11 05:50:00+00:00,0.0,50000.0,"POLYGON ((-59.3 24.15, -59.15 20.15, -66.45 17, -67 19.45, -62 23.45, -59.3 24.15))"
KILO 2,2010-11-11 01:50:00+00:00,2010-11-11 05:50:00+00:00,0.0,31000.0,"POLYGON ((-54.15 41, -55.15 36.3, -61.15 35.45, -64.45 40.45, -54.15 41))"
1C,2010-11-11 03:55:00+00:00,2010-11-11 05:55:00+00:00,0.0,31000.0,"POLYGON ((-92.49237617087292 45.5460651036756, -92.31055798905473 45.5460651036756, -92.31055798905473 45.364246921857415, -92.49237617087292 45.364246921857415, -92.49237617087292 45.5460651036756))"
JULIETT 8,2010-11-11 05:45:00+00:00,2010-11-11 09:45:00+00:00,0.0,50000.0,"POLYGON ((-58.45 25.15, -56.3 22, -65 17.15, -66 19.3, -58.45 25.15))"
JULIETT 9,2010-11-11 09:30:00+00:00,2010-11-11 13:30:00+00:00,0.0,50000.0,"POLYGON ((-61.15 22.3, -58.15 21.15, -62.3 18.3, -65.15 19.15, -61.15 22.3))"
FOXTROT 1,2010-11-11 09:45:00+00:00,2010-11-11 13:45:00+00:00,0.0,50000.0,"POLYGON ((-128.15 10.15, -131 6.45, -139.45 5.45, -135 9.45, -128.15 10.15))"
LIMA 1,2010-11-11 12:15:00+00:00,2010-11-11 16:15:00+00:00,0.0,35000.0,"POLYGON ((-55.3 43.3, -56 37.15, -63 33, -59.3 40.45, -55.3 43.3))"
JULIETT 10,2010-11-11 12:30:00+00:00,2010-11-11 16:30:00+00:00,0.0,50000.0,"POLYGON ((-59.45 23.15, -57.45 21.3, -65.45 16, -63.15 20.45, -59.45 23.15))"
FOXTROT 2,2010-11-11 12:45:00+00:00,2010-11-11 16:45:00+00:00,0.0,50000.0,"POLYGON ((-128 10.45, -125.3 8, -140 5.3, -135 9.45, -128 10.45))"
LIMA 2,2010-11-11 16:15:00+00:00,2010-11-11 20:15:00+00:00,0.0,31000.0,"POLYGON ((-56.15 42.3, -55.15 36.3, -61.45 33.45, -59.45 37.45, -62.3 39.3, -56.15 42.3))"
JULIETT 11,2010-11-11 16:30:00+00:00,2010-11-11 20:30:00+00:00,0.0,48000.0,"POLYGON ((-56 25.3, -55 23.3, -63.15 17.45, -63 20.45, -56 25.3))"
2C,2010-11-11 17:55:00+00:00,2010-11-11 19:55:00+00:00,0.0,25000.0,"POLYGON ((-101.08520305358392 38.917866735622994, -99.82330362520582 38.4907645666843, -100.92501053346584 37.98350581410518, -101.84320804671408 38.19695890565211, -101.08520305358392 38.917866735622994))"
3C,2010-11-11 19:55:00+00:00,2010-11-11 21:55:00+00:00,0.0,25000.0,"POLYGON ((-100.03130705471717 39.32349790677202, -99.3274612446203 38.550655827398984, -100.73 37.42089313279082, -100.87459499565706 39.25822327103064, -100.03130705471717 39.32349790677202))"
LIMA 3,2010-11-11 20:15:00+00:00,2010-11-12 00:15:00+00:00,0.0,31000.0,"POLYGON ((-56.3 42.3, -55.15 35.3, -59.45 32.45, -60 40.45, -56.3 42.3))"
JULIETT 12,2010-11-11 20:30:00+00:00,2010-11-12 00:30:00+00:00,0.0,47000.0,"POLYGON ((-59.15 22.3, -58.15 21, -64.15 17.15, -64.3 19, -59.15 22.3))"
4C,2010-11-11 20:55:00+00:00,2010-11-11 22:55:00+00:00,0.0,28000.0,"POLYGON ((-99.2419520801904 38.937482802290475, -97.7403759433381 37.44248140356762, -99.567031768456 37.532264601053534, -100.56790876584593 38.22729880068423, -99.2419520801904 38.937482802290475))"
5C,2010-11-11 21:55:00+00:00,2010-11-11 23:55:00+00:00,0.0,28000.0,"POLYGON ((-99.43883812855933 39.002652005620185, -97.8174084670354 38.86616704740125, -98.02848811958195 38.1020739749476, -100.40444264124963 38.534372807844115, -99.43883812855933 39.002652005620185))"
LIMA 4,2010-11-11 22:35:00+00:00,2010-11-12 02:35:00+00:00,0.0,33000.0,"POLYGON ((-52.15 41.3, -54.15 34.15, -57.15 33.15, -59.3 40.3, -52.15 41.3))"
GOLF 1,2010-11-11 22:40:00+00:00,2010-11-12 02:40:00+00:00,0.0,45000.0,"POLYGON ((-132.15 13.3, -129 9.45, -130 8.15, -135.45 10.3, -132.15 13.3))"
6C,2010-11-11 22:55:00+00:00,2010-11-12 00:55:00+00:00,0.0,23000.0,"POLYGON ((-99.3274612446203 38.550655827398984, -98.36024603752918 38.00209877479093, -99.05274809521582 37.74083682952975, -99.94793752701497 38.17208297543746, -99.3274612446203 38.550655827398984))"
7C,2010-11-11 22:55:00+00:00,2010-11-12 00:55:00+00:00,0.0,36000.0,"POLYGON ((-95.7525471196927 33.309079560306905, -96.20622626148321 32.1613866818594, -96.57453627360172 32.246318965309385, -97.19213334270104 33.177317743186066, -95.7525471196927 33.309079560306905))"
8C,2010-11-11 23:55:00+00:00,2010-11-12 01:55:00+00:00,0.0,23000.0,"POLYGON ((-100.42403995706286 39.89247147467219, -98.22092105681212 38.457892198115346, -99.05274809521582 37.74083682952975, -101.0211618714407 39.002652005620185, -100.42403995706286 39.89247147467219))"
9C,2010-11-11 23:55:00+00:00,2010-11-12 01:55:00+00:00,0.0,27000.0,"POLYGON ((-94.38750572233047 36.80650452718649, -94.32899940471123 36.61525335516751, -95.61474493824218 36.22192642405293, -95.67325125586143 36.41317759607191, -94.38750572233047 36.80650452718649))"
JULIETT 13,2010-11-12 00:20:00+00:00,2010-11-12 04:20:00+00:00,0.0,41000.0,"POLYGON ((-60.3 21, -62.3 17.45, -63.45 18, -62.45 20, -60.3 21))"
2C,2010-11-12 01:20:00+00:00,2010-11-12 02:55:00+00:00,0.0,30000.0,"POLYGON ((-101.44849142329937 36.94611855826968, -101.26045884383231 36.87797349932212, -101.97648554965551 34.90224186826104, -102.16451812912257 34.9703869272086, -101.44849142329937 36.94611855826968))"
1C,2010-11-12 01:20:00+00:00,2010-11-12 02:55:00+00:00,0.0,28000.0,"POLYGON ((-100.23000000000002 39.759106867209184, -97.40613497240552 38.92980489199501, -100.28475762918184 37.56623764438111, -100.82391369050924 39.06748970489262, -100.23000000000002 39.759106867209184))"
3C,2010-11-12 01:55:00+00:00,2010-11-12 03:55:00+00:00,0.0,28000.0,"POLYGON ((-98.81188375670474 39.3059558370838, -97.72854623413295 37.63226610338237, -100.23875588837092 36.44954616944354, -100.89209123415408 38.22729880068423, -98.81188375670474 39.3059558370838))"
4C,2010-11-12 01:55:00+00:00,2010-11-12 03:55:00+00:00,0.0,33000.0,"POLYGON ((-101.25375544193919 37.01684778878595, -101.07104291848255 36.93550816884519, -101.97914557766072 34.89564458776444, -102.16185810111736 34.9769842077052, -101.25375544193919 37.01684778878595))"
LIMA 5,2010-11-12 02:15:00+00:00,2010-11-12 06:15:00+00:00,0.0,32000.0,"POLYGON ((-56.45 41, -47.15 41, -50.15 34, -55 34.3, -58 36.45, -56.45 41))"
5C,2010-11-12 02:55:00+00:00,2010-11-12 04:55:00+00:00,0.0,32000.0,"POLYGON ((-98.61235394543912 39.244141615992575, -97.15918293091518 37.74925191990318, -100.5299045500945 36.68626390660763, -100.14699371461766 37.7275603663689, -98.61235394543912 39.244141615992575))"
6C,2010-11-12 02:55:00+00:00,2010-11-12 04:55:00+00:00,0.0,40000.0,"POLYGON ((-100.65744232183478 37.659635285889614, -100.48107397509894 37.565326186277424, -102.14620359021445 34.45135141049806, -102.3225719369503 34.54566051011025, -100.65744232183478 37.659635285889614))"
7C,2010-11-12 02:55:00+00:00,2010-11-12 04:55:00+00:00,0.0,27000.0,"POLYGON ((-95.27035935387627 38.01274509315114, -94.04264740261225 37.91622702658611, -94.1008871159077 37.10282846638978, -95.2 37.49273791147277, -95.27035935387627 38.01274509315114))"
8C,2010-11-12 03:55:00+00:00,2010-11-12 05:55:00+00:00,0.0,34000.0,"POLYGON ((-97.62 39.595475822945566, -96.98105680041095 38.219051386100446, -100.3841071449671 36.567993528462694, -100.48938541212978 37.45863975787392, -97.62 39.595475822945566))"
9C,2010-11-12 03:55:00+00:00,2010-11-12 05:55:00+00:00,0.0,36000.0,"POLYGON ((-100.43269931555481 37.68434428413988, -100.12407057499193 35.78989636053778, -102.41356476018713 34.14633648612905, -102.65335111292593 34.56352476265589, -100.43269931555481 37.68434428413988))"
10C,2010-11-12 03:55:00+00:00,2010-11-12 05:55:00+00:00,0.0,27000.0,"POLYGON ((-94.09775950932449 38.39668094688416, -94.10613633572451 37.61213474549222, -94.73175056075276 37.808636657037304, -95.07887463339102 38.45953019651482, -94.09775950932449 38.39668094688416))"
11C,2010-11-12 04:55:00+00:00,2010-11-12 06:55:00+00:00,0.0,45000.0,"POLYGON ((-98.11756369215794 39.851180059120324, -96.54043695938543 39.58470851718954, -99.15931584853718 36.343601256223415, -102.41356476018713 34.14633648612905, -102.98294770275709 34.61755741319226, -98.11756369215794 39.851180059120324))"
12C,2010-11-12 05:55:00+00:00,2010-11-12 07:55:00+00:00,0.0,40000.0,"POLYGON ((-96.54648479509324 40.81433477693401, -95.96161787620461 39.7386190093792, -98.95278049477572 36.34555633780301, -101.25364638124933 34.52085950056839, -103.54874212777925 33.90974659870893, -96.54648479509324 40.81433477693401))"
LIMA 6,2010-11-12 06:15:00+00:00,2010-11-12 10:15:00+00:00,0.0,35000.0,"POLYGON ((-54.45 42.15, -44.45 41.45, -48.3 36.45, -56.3 33.15, -62.45 39.15, -54.45 42.15))"
MIKE 1,2010-11-12 06:30:00+00:00,2010-11-12 10:30:00+00:00,0.0,45000.0,"POLYGON ((-49 27.45, -43.15 27.3, -59.3 18, -64.45 17.15, -49 27.45))"
13C,2010-11-12 06:55:00+00:00,2010-11-12 08:55:00+00:00,0.0,37000.0,"POLYGON ((-96.62401776050685 41.16662043876397, -94.74 40.288213734418356, -99.74298140840077 35.44472210239106, -101.64 34.79089313279082, -100.97 37.04, -96.62401776050685 41.16662043876397))"
14C,2010-11-12 06:55:00+00:00,2010-11-12 08:55:00+00:00,0.0,35000.0,"POLYGON ((-101.49857256646347 35.31459580259977, -101.40510611443482 35.13777945056982, -103.8643878286887 33.83778466088381, -103.95785428071736 34.01460101291376, -101.49857256646347 35.31459580259977))"
15C,2010-11-12 07:55:00+00:00,2010-11-12 09:55:00+00:00,0.0,37000.0,"POLYGON ((-95.99553618916529 41.63083337471376, -94.74 39.62273791147278, -98.16703531414505 35.589676096180874, -101.33034072075577 34.67478494407264, -100.52579404602886 37.392095517893765, -95.99553618916529 41.63083337471376))"
16C,2010-11-12 07:55:00+00:00,2010-11-12 09:55:00+00:00,0.0,33000.0,"POLYGON ((-101.87534537062317 35.75088713937261, -101.4073206160412 34.82866217640802, -101.91 34.19910686720918, -104.3925732026673 32.87867788996358, -103.91112105470303 33.926192836898785, -101.87534537062317 35.75088713937261))"
17C,2010-11-12 08:55:00+00:00,2010-11-12 10:55:00+00:00,0.0,38000.0,"POLYGON ((-96.0815268336992 41.784317799785896, -94.15246894556365 40.516668912916806, -99.02861244032405 35.39158964859917, -101.03712892851827 34.62239869812676, -100.39377240165999 36.847605391390196, -96.0815268336992 41.784317799785896))"
18C,2010-11-12 08:55:00+00:00,2010-11-12 10:55:00+00:00,0.0,33000.0,"POLYGON ((-101.95439905571438 35.9044137938495, -101.0668240222753 34.81808302325164, -102.3099454283757 33.69935565131578, -104.3925732026673 32.87867788996358, -103.91112105470303 33.926192836898785, -101.95439905571438 35.9044137938495))"
19C,2010-11-12 09:55:00+00:00,2010-11-12 11:55:00+00:00,0.0,38000.0,"POLYGON ((-95.3984731663008 41.784317799785896, -93.90299291299414 40.978607142390686, -97.39589860575883 35.399828345617294, -100.84992271437586 34.55972590121787, -99.92791068711102 37.03544323732502, -95.3984731663008 41.784317799785896))"
20C,2010-11-12 09:55:00+00:00,2010-11-12 11:55:00+00:00,0.0,35000.0,"POLYGON ((-101.64 35.95547582294557, -101.34126680286359 34.16926133255488, -103.24000000000001 32.86821373441835, -104.06925800104695 33.147784107356394, -103.4008006047891 34.689719683932296, -101.64 35.95547582294557))"
LIMA 7,2010-11-12 10:00:00+00:00,2010-11-12 14:00:00+00:00,0.0,35000.0,"POLYGON ((-53.3 42.15, -44.15 42, -46.3 38.15, -54.45 34.3, -65.3 38.15, -53.3 42.15))"
MIKE 2,2010-11-12 10:15:00+00:00,2010-11-12 14:15:00+00:00,0.0,45000.0,"POLYGON ((-47 29, -44 27, -59.3 17.45, -65 17.15, -47 29))"
21C,2010-11-12 10:55:00+00:00,2010-11-12 12:55:00+00:00,0.0,30000.0,"POLYGON ((-93.85523677445886 41.5034843700465, -94.41263312486815 36.48492528861765, -95.96161787620461 39.7386190093792, -96.14758255846493 41.041947541371826, -93.85523677445886 41.5034843700465))"
22C,2010-11-12 10:55:00+00:00,2010-11-12 12:55:00+00:00,0.0,38000.0,"POLYGON ((-95.72846621187776 38.967478339823195, -96.45246684574691 37.15340977489635, -97.33219024655155 36.81912644947907, -97.62 38.93, -95.72846621187776 38.967478339823195))"
23C,2010-11-12 10:55:00+00:00,2010-11-12 12:55:00+00:00,0.0,36000.0,"POLYGON ((-95.86512967837673 36.1462040386281, -97.1555258109745 36.1928534071291, -97.18945134872509 36.188213680630554, -97.9503127777675 35.94618812481044, -97.92130757571307 35.95088458365416, -99.43802316416838 35.93105068335596, -99.51278825297963 35.895966471782025, -100.92344805258125 34.24264319277817, -97.1627513309407 35.99298397009277, -95.87235519834293 35.94633460159177, -97.88968722223251 35.755598140771205, -97.1288257931901 35.99762369659132, -99.43540801274224 35.73106778162929, -97.91869242428693 35.75090168192749, -100.77130272353261 34.112828714199374, -99.360642923931 35.76615199320323, -95.86512967837673 36.1462040386281))"
24C,2010-11-12 10:55:00+00:00,2010-11-12 12:55:00+00:00,0.0,34000.0,"POLYGON ((-101.20572808861218 35.64214692690536, -101.03712892851827 34.62239869812676, -102.64511091239665 32.93141814738204, -103.62431443531193 33.33602754337187, -102.9893644098633 35.17846766053683, -101.20572808861218 35.64214692690536))"
25C,2010-11-12 11:55:00+00:00,2010-11-12 13:55:00+00:00,0.0,28000.0,"POLYGON ((-93.33500251724523 41.674852522770095, -93.31346268357284 40.824687516519965, -95.33875371239671 40.196734219613774, -95.48803565527291 40.70860976379276, -93.33500251724523 41.674852522770095))"
26C,2010-11-12 11:55:00+00:00,2010-11-12 13:55:00+00:00,0.0,38000.0,"POLYGON ((-95.13647268151058 39.16199380415305, -96.16026319700431 36.837786194661724, -96.76935060654878 36.72649455265442, -96.44088287444356 38.54205367350181, -95.13647268151058 39.16199380415305))"
27C,2010-11-12 11:55:00+00:00,2010-11-12 13:55:00+00:00,0.0,37000.0,"POLYGON ((-95.64078417945574 36.80626036111646, -95.3546129872837 35.84628842029848, -99.5723277770109 34.95611303170029, -99.05941510200677 35.962581415720315, -95.64078417945574 36.80626036111646))"
28C,2010-11-12 11:55:00+00:00,2010-11-12 13:55:00+00:00,0.0,35000.0,"POLYGON ((-101.87534537062317 35.75088713937261, -99.6636507162123 35.59805089743044, -99.54287107148174 34.62239869812676, -103.24000000000001 32.70184477868196, -103.22276016315152 33.730877293526476, -101.87534537062317 35.75088713937261))"
29C,2010-11-12 12:55:00+00:00,2010-11-12 14:55:00+00:00,0.0,35000.0,"POLYGON ((-95.04298285474115 39.05432549024071, -95.61751051559087 37.15926770793179, -96.24374090381653 37.15542335847199, -96.33689217727876 38.922976622584734, -95.04298285474115 39.05432549024071))"
30C,2010-11-12 12:55:00+00:00,2010-11-12 14:55:00+00:00,0.0,35000.0,"POLYGON ((-95.61751051559087 37.15926770793179, -95.03058532713813 35.942931889211366, -99.86061622356235 34.72217305448748, -99.82201038260493 35.291341611505835, -95.61751051559087 37.15926770793179))"
31C,2010-11-12 12:55:00+00:00,2010-11-12 14:55:00+00:00,0.0,35000.0,"POLYGON ((-102.21987839384829 35.75918147647325, -100.29 35.700951645891145, -99.72308159869397 33.89812855337828, -101.49183278826247 32.596293082068, -103.19654718557507 33.24765727144566, -102.21987839384829 35.75918147647325))"
32C,2010-11-12 13:55:00+00:00,2010-11-12 15:55:00+00:00,0.0,30000.0,"POLYGON ((-101.32560094428563 35.9044137938495, -100.50482349278145 35.666705414424456, -102.13835876606399 33.238675042336375, -102.6860592685945 34.19249361784232, -101.32560094428563 35.9044137938495))"
33C,2010-11-12 13:55:00+00:00,2010-11-12 15:55:00+00:00,0.0,35000.0,"POLYGON ((-99.94938134002419 36.21212570748915, -98.16703531414505 35.589676096180874, -100.84606194345824 32.47615613789508, -101.28052733829858 32.32509051735136, -99.94938134002419 36.21212570748915))"
34C,2010-11-12 13:55:00+00:00,2010-11-12 15:55:00+00:00,0.0,35000.0,"POLYGON ((-95.17340147615398 37.84563060429376, -96.02775728638629 35.87952633732437, -96.93476813690009 35.313614548736425, -94.99762345973382 37.75022573574191, -95.99280291111498 35.91666448670767, -97.04063740277763 35.48329571605487, -96.13362655226383 36.049207504642816, -96.16858092753515 36.01206935525952, -95.17340147615398 37.84563060429376))"
LIMA 8,2010-11-12 14:00:00+00:00,2010-11-12 18:00:00+00:00,0.0,37000.0,"POLYGON ((-52.45 41.15, -45.15 40.15, -53.15 34.3, -65.45 37.15, -52.45 41.15))"
MIKE 3,2010-11-12 14:30:00+00:00,2010-11-12 18:30:00+00:00,0.0,45000.0,"POLYGON ((-55.45 22.3, -56.15 20.15, -63.45 16.3, -65.3 16.3, -55.45 22.3))"
35C,2010-11-12 14:55:00+00:00,2010-11-12 16:55:00+00:00,0.0,25000.0,"POLYGON ((-101.40465462937684 35.75088713937261, -101.07374164730987 35.4796814756367, -101.48403889577132 34.05219171842209, -102.23438776358238 34.49850596030416, -101.40465462937684 35.75088713937261))"
36C,2010-11-12 14:55:00+00:00,2010-11-12 16:55:00+00:00,0.0,35000.0,"POLYGON ((-99.80535282847485 36.093155181430866, -97.92 36.01726208852722, -100.58675996907995 32.223244372259146, -100.82592793615227 32.13797674495977, -99.80535282847485 36.093155181430866))"
37C,2010-11-12 14:55:00+00:00,2010-11-12 16:55:00+00:00,0.0,30000.0,"POLYGON ((-95.12571330478038 38.268285055886736, -94.34040081730656 38.15226434338206, -94.99124373108856 37.15981692593201, -95.61751051559087 37.15926770793179, -95.12571330478038 38.268285055886736))"
38C,2010-11-12 15:55:00+00:00,2010-11-12 17:55:00+00:00,0.0,35000.0,"POLYGON ((-98.17137408199555 37.277956061486584, -97.80410139424117 35.399828345617294, -99.99927227054955 32.36228268584, -100.45164794601058 32.47861617517567, -98.95340114071055 37.16905401575381, -98.17137408199555 37.277956061486584))"
39C,2010-11-12 15:55:00+00:00,2010-11-12 17:55:00+00:00,0.0,30000.0,"POLYGON ((-97.26701421335844 34.56699162060037, -97.07298578664157 34.51848420234521, -97.63870664929796 32.25561528681656, -97.83273507601483 32.30412270507171, -97.26701421335844 34.56699162060037))"
40C,2010-11-12 16:55:00+00:00,2010-11-12 18:55:00+00:00,0.0,32000.0,"POLYGON ((-97.92 36.84910686720918, -97.6 35.73273791147279, -98.97051378277673 33.2208886067065, -99.33373973754031 34.242430858091616, -99.07064939345122 36.72649455265442, -97.92 36.84910686720918))"
41C,2010-11-12 16:55:00+00:00,2010-11-12 18:55:00+00:00,0.0,38000.0,"POLYGON ((-96.95790989135718 34.843674528284936, -96.76164841439378 34.805185144551984, -97.3219637827785 31.94807725923329, -97.5182252597419 31.986566642966242, -96.95790989135718 34.843674528284936))"
42C,2010-11-12 17:55:00+00:00,2010-11-12 19:55:00+00:00,0.0,27000.0,"POLYGON ((-98.15856340270282 36.810878075481234, -96.87307578081897 35.98603119500176, -97.9156941449308 34.46241227482925, -98.89939670231388 34.604433052536315, -98.15856340270282 36.810878075481234))"
43C,2010-11-12 17:55:00+00:00,2010-11-12 19:55:00+00:00,0.0,35000.0,"POLYGON ((-96.46771569895397 35.74761824554445, -96.27158743580209 35.70845570741134, -96.94193586842407 32.35131186372426, -97.13806413157594 32.390474401857375, -96.46771569895397 35.74761824554445))"
44C,2010-11-12 18:55:00+00:00,2010-11-12 20:55:00+00:00,0.0,37000.0,"POLYGON ((-96.37666200213931 36.669134327850436, -95.94841719425833 36.5073055265705, -96.15517204413251 34.97675755489824, -97.16891923915504 35.04631128853407, -96.37666200213931 36.669134327850436))"
45C,2010-11-12 18:55:00+00:00,2010-11-12 20:55:00+00:00,0.0,40000.0,"POLYGON ((-96.44881386747521 34.394383583568285, -96.25148160736923 34.36182626301728, -96.75827188089687 31.29013398667386, -96.95560414100285 31.32269130722486, -96.44881386747521 34.394383583568285))"
48C,2010-11-12 19:55:00+00:00,2010-11-12 21:55:00+00:00,0.0,40000.0,"POLYGON ((-96.08039962433695 34.87128435349225, -95.88505594308909 34.82837926991774, -96.58596171998929 31.637206959768942, -96.78130540123715 31.680112043343446, -96.08039962433695 34.87128435349225))"
46C,2010-11-12 19:55:00+00:00,2010-11-12 21:55:00+00:00,0.0,32000.0,"POLYGON ((-95.43821464501731 36.698646392483575, -95.02654697919009 35.642310891519315, -95.79 35.534524177054436, -96.02809771923266 36.66087937318012, -95.43821464501731 36.698646392483575))"
47C,2010-11-12 19:55:00+00:00,2010-11-12 21:55:00+00:00,0.0,40000.0,"POLYGON ((-96.58973577049564 35.48392207852532, -96.41411490730583 35.38822823121807, -97.0821895684051 34.16215307634638, -97.2578104315949 34.257846923653624, -96.58973577049564 35.48392207852532))"
49C,2010-11-12 20:55:00+00:00,2010-11-12 22:55:00+00:00,0.0,32000.0,"POLYGON ((-94.78871577399062 38.034339549977304, -94.12 36.58273791147278, -94.96535003331196 36.19717157515946, -95.64491916119842 37.51209190571716, -94.78871577399062 38.034339549977304))"
50C,2010-11-12 20:55:00+00:00,2010-11-12 22:55:00+00:00,0.0,37000.0,"POLYGON ((-95.88244851314062 36.23812181026774, -95.6975514868594 36.16187818973226, -96.77182425846053 33.55667870564558, -96.95672128474175 33.63292232618106, -95.88244851314062 36.23812181026774))"
51C,2010-11-12 20:55:00+00:00,2010-11-12 22:55:00+00:00,0.0,40000.0,"POLYGON ((-95.31310749553441 35.730196149254255, -95.11974488197279 35.67909918577679, -96.27351721763938 31.31296039598353, -96.466879831201 31.364057359460993, -95.31310749553441 35.730196149254255))"
52C,2010-11-12 21:55:00+00:00,2010-11-12 23:55:00+00:00,0.0,36000.0,"POLYGON ((-94.49 38.6027379114728, -94.10613633572451 37.61213474549222, -94.7550808388016 37.51209190571716, -95.33760736257732 38.26695125345406, -94.49 38.6027379114728))"
53C,2010-11-12 21:55:00+00:00,2010-11-12 23:55:00+00:00,0.0,37000.0,"POLYGON ((-95.64799654476148 36.68855413474054, -95.45580801677322 36.6332046116197, -96.54774583175629 32.841700918657786, -96.73993435974455 32.897050441778624, -95.64799654476148 36.68855413474054))"
54C,2010-11-12 21:55:00+00:00,2010-11-12 23:55:00+00:00,0.0,38000.0,"POLYGON ((-95.41609200747811 33.95329808622449, -95.75942277424096 31.97131734448633, -96.91599179142258 30.50790256069095, -95.22318610844911 33.90050306638538, -95.74142571840007 32.006925259715516, -97.0729035787698 30.63191341098843, -95.91633456158817 32.09532819478381, -95.93433161742907 32.059720279554625, -95.41609200747811 33.95329808622449))"
ALFA 1,2010-11-12 22:00:00+00:00,2010-11-13 02:00:00+00:00,0.0,35000.0,"POLYGON ((-60.15 39.15, -58 36.15, -60.15 34.45, -63.45 37, -60.15 39.15))"
55C,2010-11-12 22:55:00+00:00,2010-11-13 00:55:00+00:00,0.0,37000.0,"POLYGON ((-93.75153378812225 38.967478339823195, -93.33 38.025475822945566, -94.04264740261225 37.91622702658611, -94.65287799533859 38.577297393303084, -93.75153378812225 38.967478339823195))"
56C,2010-11-12 22:55:00+00:00,2010-11-13 00:55:00+00:00,0.0,38000.0,"POLYGON ((-95.72080856117537 35.18333932842189, -95.5277023183435 35.13128186998072, -96.21353857218553 32.587184133688226, -96.4066448150174 32.639241592129395, -95.72080856117537 35.18333932842189))"
57C,2010-11-12 22:55:00+00:00,2010-11-13 00:55:00+00:00,0.0,37000.0,"POLYGON ((-95.28035717808346 33.89789964358649, -95.2627614128823 32.35666059819884, -96.87296527911282 30.316766857869244, -95.08153841069021 33.876194857657374, -95.24184476998 32.40776697896807, -97.02995076070148 30.44068440533682, -95.41974689447096 32.48057814566641, -95.44066353737325 32.42947176489719, -95.28035717808346 33.89789964358649))"
58C,2010-11-12 23:55:00+00:00,2010-11-13 01:55:00+00:00,0.0,37000.0,"POLYGON ((-93.97355288643035 39.8757013530499, -92.8605035788015 38.8082515677917, -93.33 38.35821373441835, -94.5747494064236 39.5972932120436, -93.97355288643035 39.8757013530499))"
59C,2010-11-12 23:55:00+00:00,2010-11-13 01:55:00+00:00,0.0,38000.0,"POLYGON ((-95.30820071887277 35.74865080861785, -95.1124961463712 35.70742314433794, -95.63670395982395 33.21904870388438, -95.83240853232552 33.2602763681643, -95.30820071887277 35.74865080861785))"
60C,2010-11-12 23:55:00+00:00,2010-11-13 01:55:00+00:00,0.0,37000.0,"POLYGON ((-95.2590505766619 32.817189848192136, -95.39920614956783 32.09953524474897, -96.8743831703015 30.315011680554104, -95.08040787504368 32.72726329394623, -95.38695964836437 32.11828591867494, -97.0285328695128 30.44243958265196, -95.55335584877913 32.22696314684682, -95.5656023499826 32.20821247292085, -95.2590505766619 32.817189848192136))"
1C,2010-11-13 00:55:00+00:00,2010-11-13 02:55:00+00:00,0.0,45000.0,"POLYGON ((-93.39713012648464 40.38187055935897, -92.07785756259443 39.59259528345068, -93.01182656569132 39.0619990367889, -93.818698194721 39.99223207556421, -93.39713012648464 40.38187055935897))"
2C,2010-11-13 00:55:00+00:00,2010-11-13 02:55:00+00:00,0.0,36000.0,"POLYGON ((-94.75020073344398 32.638964171552104, -95.56347221851371 31.39348052622512, -96.7578250348902 30.551006773577296, -94.59869783425275 32.50840050303496, -95.54536174007917 31.409914776329465, -96.87310697721236 30.71443894230313, -95.67875416083587 31.556912694950952, -95.6968646392704 31.540478444846606, -94.75020073344398 32.638964171552104))"
3C,2010-11-13 01:55:00+00:00,2010-11-13 03:55:00+00:00,0.0,45000.0,"POLYGON ((-93.03670576013849 41.24736879421303, -91.97025652467435 40.59891687122309, -92.38878106553838 40.19349260918431, -93.65 40.94089313279082, -93.03670576013849 41.24736879421303))"
4C,2010-11-13 01:55:00+00:00,2010-11-13 03:55:00+00:00,0.0,34000.0,"POLYGON ((-97.05631783768868 30.91620997518269, -96.90746961224315 30.782627769100742, -98.82113215244361 28.650268366115064, -98.96998037788914 28.78385057219701, -97.05631783768868 30.91620997518269))"
5C,2010-11-13 02:55:00+00:00,2010-11-13 04:55:00+00:00,0.0,37000.0,"POLYGON ((-97.2161091841214 30.449032039855478, -97.07249778398472 30.309835180153893, -98.84083698870974 28.485414215114982, -98.98444838884642 28.624611074816567, -97.2161091841214 30.449032039855478))"
6C,2010-11-13 03:55:00+00:00,2010-11-13 05:55:00+00:00,0.0,37000.0,"POLYGON ((-97.2161091841214 30.449032039855478, -97.07249778398472 30.309835180153893, -98.84083698870974 28.485414215114982, -98.98444838884642 28.624611074816567, -97.2161091841214 30.449032039855478))"
BRAVO 1,2010-11-13 04:05:00+00:00,2010-11-13 08:05:00+00:00,0.0,37000.0,"POLYGON ((-56.15 39.45, -59.45 29.45, -63 30, -65 38.3, -56.15 39.45))"
7C,2010-11-13 05:18:00+00:00,2010-11-13 06:55:00+00:00,0.0,37000.0,"POLYGON ((-97.05687796197583 29.97999163960946, -96.91741441172664 29.8366392132195, -98.3902682248754 28.403741096650272, -98.52973177512459 28.547093523040232, -97.05687796197583 29.97999163960946))"
8C,2010-11-13 05:18:00+00:00,2010-11-13 06:55:00+00:00,0.0,25000.0,"POLYGON ((-94.29 41.94452417705443, -94.52203166290434 40.781563850376266, -95.74 40.83726208852722, -95.31206992896432 41.9377377950307, -94.29 41.94452417705443))"
9C,2010-11-13 05:55:00+00:00,2010-11-13 07:55:00+00:00,0.0,23000.0,"POLYGON ((-94.29 41.94452417705443, -94.52203166290434 40.781563850376266, -95.74 40.83726208852722, -95.31206992896432 41.9377377950307, -94.29 41.94452417705443))"
10C,2010-11-13 05:55:00+00:00,2010-11-13 07:55:00+00:00,0.0,40000.0,"POLYGON ((-96.41856106979485 30.33768868937079, -95.35 29.627262088527218, -98.4823813577667 27.47685931344447, -99.42 28.311844778681966, -96.41856106979485 30.33768868937079))"
11C,2010-11-13 06:55:00+00:00,2010-11-13 08:55:00+00:00,0.0,37000.0,"POLYGON ((-96.23989932951147 30.275343160522098, -95.13055462116759 29.498703567718135, -98.66989995401352 27.477989937579256, -99.13132392251472 28.09452142081679, -96.23989932951147 30.275343160522098))"
BRAVO 2,2010-11-13 07:45:00+00:00,2010-11-13 11:45:00+00:00,0.0,40000.0,"POLYGON ((-60 40.45, -50.3 40.15, -60.45 30.45, -68.15 35, -60 40.45))"
12C,2010-11-13 07:55:00+00:00,2010-11-13 09:55:00+00:00,0.0,35000.0,"POLYGON ((-96.06146486666356 30.212755377217896, -94.98536704089454 29.19097370021501, -98.36479923936437 27.073434071141058, -99.02091228962293 27.832352448892518, -96.06146486666356 30.212755377217896))"
13C,2010-11-13 07:55:00+00:00,2010-11-13 09:55:00+00:00,0.0,28000.0,"POLYGON ((-93.33 43.09, -93.96272176607532 41.20429447062627, -95.5189884350651 41.16978877008948, -95.55072193157352 42.985114227408765, -93.33 43.09))"
HOTEL 1,2010-11-13 08:00:00+00:00,2010-11-13 12:00:00+00:00,0.0,50000.0,"POLYGON ((-134.45 15, -132.15 12.3, -140.3 9, -142.45 11.3, -134.45 15))"
14C,2010-11-13 08:55:00+00:00,2010-11-13 10:55:00+00:00,0.0,28000.0,"POLYGON ((-93.33 43.42273791147279, -94.05926608722221 41.311940681651514, -95.57004586593189 41.477285171616685, -95.93390812137113 43.392204869410456, -93.33 43.42273791147279))"
15C,2010-11-13 09:55:00+00:00,2010-11-13 11:55:00+00:00,0.0,28000.0,"POLYGON ((-92.62457509074144 43.9041873385927, -93.39338616992109 41.90083067810062, -95.74 41.66910686720917, -95.48315834753794 43.854632693075054, -92.62457509074144 43.9041873385927))"
16C,2010-11-13 10:55:00+00:00,2010-11-13 12:55:00+00:00,0.0,26000.0,"POLYGON ((-92.68065196629934 43.55873552507589, -93.22024569146909 42.20773023231256, -95.53535572446135 42.22123122587855, -94.81687608807826 43.53103322457952, -92.68065196629934 43.55873552507589))"
17C,2010-11-13 10:55:00+00:00,2010-11-13 12:55:00+00:00,0.0,30000.0,"POLYGON ((-95.80675184763398 27.683134932112573, -96.59045318914715 26.623699920561336, -98.03728810715624 26.50671793071436, -98.36479923936437 27.073434071141058, -96.31 27.76178626558165, -95.80675184763398 27.683134932112573))"
BRAVO 3,2010-11-13 11:30:00+00:00,2010-11-13 15:30:00+00:00,0.0,35000.0,"POLYGON ((-52 41.3, -54.3 34.45, -67.3 33, -64.15 39.15, -52 41.3))"
HOTEL 2,2010-11-13 11:45:00+00:00,2010-11-13 15:45:00+00:00,0.0,50000.0,"POLYGON ((-135.3 14.15, -132 12.15, -140.3 8.45, -143.15 11.15, -135.3 14.15))"
18C,2010-11-13 12:11:00+00:00,2010-11-13 13:55:00+00:00,0.0,27000.0,"POLYGON ((-94.66373567999015 44.46905155516409, -92.5814129928778 44.397534794234275, -93.33 42.42452417705443, -94.91460800351501 42.41730053635912, -94.66373567999015 44.46905155516409))"
19C,2010-11-13 12:55:00+00:00,2010-11-13 14:55:00+00:00,0.0,27000.0,"POLYGON ((-94.66373567999015 44.46905155516409, -92.97263331034493 44.40857182616039, -93.15650742667654 42.78245880625014, -94.70854113881924 42.73657253225889, -94.66373567999015 44.46905155516409))"
WHISKEY 1,2010-11-13 14:37:00+00:00,2010-11-13 18:30:00+00:00,0.0,35000.0,"POLYGON ((-159 18, -152.3 18, -152.3 16.3, -159 16.3, -159 18, -153.3 17.15, -159 18))"
BRAVO 4,2010-11-13 15:30:00+00:00,2010-11-13 19:30:00+00:00,0.0,35000.0,"POLYGON ((-53.15 42, -54 33, -67.3 34.45, -62.45 39.45, -53.15 42))"
WHISKEY 2,2010-11-13 18:01:00+00:00,2010-11-13 22:00:00+00:00,0.0,35000.0,"POLYGON ((-151.54 18.5, -150.22 16.2, -159.43 15.3, -159.51 17.48, -151.54 18.5))"
BRAVO 5,2010-11-13 19:30:00+00:00,2010-11-13 23:30:00+00:00,0.0,37000.0,"POLYGON ((-58.15 41, -51.15 34.45, -56.15 33.45, -63.15 39.15, -58.15 41))"
WHISKEY 3,2010-11-13 21:19:00+00:00,2010-11-14 01:20:00+00:00,,,"POLYGON ((-150.33 19.15, -149.05 16.44, -157.5 16.01, -158.13 17.59, -150.33 19.15))"
WHISKEY 4,2010-11-13 21:30:00+00:00,2010-11-14 01:30:00+00:00,0.0,35000.0,"POLYGON ((-151.53 19.19, -150.2 16.44, -157.59 16.01, -158.01 18.02, -151.53 19.19))"
XRAY 1,2010-11-13 21:43:00+00:00,2010-11-14 01:45:00+00:00,0.0,50000.0,"POLYGON ((-166.11 30.02, -169.15 26.49, -172.06 25.04, -174.09 27.08, -171.49 28.49, -171.07 29.56, -166.11 30.02))"
WHISKEY 5,2010-11-13 23:22:00+00:00,2010-11-14 03:25:00+00:00,0.0,35000.0,"POLYGON ((-151.51 19.19, -150.26 16.47, -157.5 16.29, -158.02 18.16, -151.51 19.19))"
BRAVO 6,2010-11-13 23:30:00+00:00,2010-11-14 03:30:00+00:00,0.0,38000.0,"POLYGON ((-55 40, -50 37, -51.3 34.3, -59 40, -55 40))"
XRAY 2,2010-11-14 00:18:00+00:00,2010-11-14 04:20:00+00:00,0.0,50000.0,"POLYGON ((-170.28 29.59, -165.09 29.58, -168.16 26.22, -174.27 23.04, -176.25 25.55, -173.12 27.16, -170.28 29.59))"
XRAY 3,2010-11-14 03:25:00+00:00,2010-11-14 07:25:00+00:00,0.0,52000.0,"POLYGON ((-170.28 29.55, -164.55 29.53, -167.4 25.23, -174.06 22.37, -176.52 25.32, -172.55 27.11, -170.28 29.55))"
CHARLIE 1,2010-11-14 05:30:00+00:00,2010-11-14 09:30:00+00:00,0.0,45000.0,"POLYGON ((-44 34, -43.45 31.45, -47.45 29.45, -47.45 32, -44 34))"
DELTA 1,2010-11-14 05:45:00+00:00,2010-11-14 09:45:00+00:00,0.0,35000.0,"POLYGON ((-57.3 37.15, -51.15 34.45, -57.45 27.3, -60.3 30, -57.3 37.15))"
XRAY 4,2010-11-14 07:20:00+00:00,2010-11-14 11:25:00+00:00,0.0,52000.0,"POLYGON ((-165.42 29.57, -166.08 26.52, -169.55 24.13, -177.49 24.27, -171.38 27.05, -169.55 29.53, -165.42 29.57))"
CHARLIE 2,2010-11-14 09:15:00+00:00,2010-11-14 13:15:00+00:00,0.0,45000.0,"POLYGON ((-43.45 32.3, -40.45 31.15, -46.3 28.3, -48.15 29.15, -43.45 32.3))"
DELTA 2,2010-11-14 09:30:00+00:00,2010-11-14 13:30:00+00:00,0.0,35000.0,"POLYGON ((-56.15 37.45, -50.15 35.45, -57.15 27.3, -62.45 36.3, -56.15 37.45))"
XRAY 5,2010-11-14 11:20:00+00:00,2010-11-14 15:25:00+00:00,0.0,50000.0,"POLYGON ((-168.57 29.57, -163.47 29.57, -165.46 27.02, -171.3 24.02, -174.57 24.37, -171.15 27.16, -168.57 29.57))"
CHARLIE 3,2010-11-14 13:00:00+00:00,2010-11-14 17:00:00+00:00,0.0,45000.0,"POLYGON ((-41.45 32.45, -40 31, -42.15 29, -45.45 30.15, -41.45 32.45))"
DELTA 3,2010-11-14 13:15:00+00:00,2010-11-14 17:15:00+00:00,0.0,35000.0,"POLYGON ((-55.15 38, -48 36.45, -55 30.45, -61 35.3, -55.15 38))"
XRAY 6,2010-11-14 15:20:00+00:00,2010-11-14 18:25:00+00:00,0.0,50000.0,"POLYGON ((-161.52 29.57, -163.16 26.04, -168.49 23.2, -174.34 24.44, -170.17 26.45, -168.23 29.5, -161.52 29.57))"
CHARLIE 4,2010-11-14 17:00:00+00:00,2010-11-14 21:00:00+00:00,0.0,45000.0,"POLYGON ((-40 32.3, -40 29.3, -47.15 27.3, -48 29.3, -40 32.3))"
DELTA 4,2010-11-14 17:15:00+00:00,2010-11-14 21:15:00+00:00,0.0,38000.0,"POLYGON ((-57 37, -50.15 36.15, -54 31, -59.45 36, -57 37))"
XRAY 7,2010-11-14 18:25:00+00:00,2010-11-14 22:25:00+00:00,0.0,43000.0,"POLYGON ((-162.19 29.49, -164.41 25.2, -168.52 23.25, -172.3 25.17, -168.25 27.33, -167.36 29.46, -162.19 29.49))"
CHARLIE 5,2010-11-14 21:00:00+00:00,2010-11-15 01:00:00+00:00,0.0,46000.0,"POLYGON ((-40 33, -40 29, -45 28, -45 30.3, -40 33))"
XRAY 8,2010-11-14 22:23:00+00:00,2010-11-15 02:25:00+00:00,0.0,43000.0,"POLYGON ((-161.42 30.04, -163.58 25.2, -167.59 23.43, -170.11 26.13, -168.25 27.33, -166.13 30, -161.42 30, -161.42 30.04))"
CHARLIE 6,2010-11-15 01:00:00+00:00,2010-11-15 05:00:00+00:00,0.0,46000.0,"POLYGON ((-40 33, -40 28, -45 25, -47 30, -40 33))"
XRAY 9,2010-11-15 02:23:00+00:00,2010-11-15 06:25:00+00:00,0.0,43000.0,"POLYGON ((-161.42 30.04, -163.47 24.5, -167.59 23.43, -170.11 26.13, -167.32 28.05, -166.13 29.55, -161.42 30.04))"
1C,2010-11-15 02:55:00+00:00,2010-11-15 04:55:00+00:00,0.0,32000.0,"POLYGON ((-94.72 31.16, -94.42430491008626 30.54484249149181, -95.73405650370285 29.95944308566203, -96.64205478624446 30.0586646257856, -94.72 31.16))"
2C,2010-11-15 03:55:00+00:00,2010-11-15 05:55:00+00:00,0.0,35000.0,"POLYGON ((-93.43463510314271 32.00091514507543, -92.8880986467429 30.600928047731912, -95.20257010461448 30.26732767985268, -96.17056413645045 30.66330160295102, -93.43463510314271 32.00091514507543))"
1E,2010-11-15 04:55:00+00:00,2010-11-15 06:55:00+00:00,0.0,30000.0,"POLYGON ((-86.10040021300124 33.6674255783622, -85.7684230743569 32.57819219491744, -86.87911717164472 32.689333003984295, -86.10040021300124 33.6674255783622))"
CHARLIE 7,2010-11-15 05:00:00+00:00,2010-11-15 09:00:00+00:00,0.0,48000.0,"POLYGON ((-40 34, -40 28, -50 23, -50 27, -40 34))"
4C,2010-11-15 05:01:00+00:00,2010-11-15 06:55:00+00:00,0.0,33000.0,"POLYGON ((-93.65155372956802 29.668326172639098, -93.11 28.30994148689969, -95.11427998141316 27.695978643763755, -95.35 28.961786265581647, -94.46578189163453 29.63871484929557, -93.65155372956802 29.668326172639098))"
3C,2010-11-15 05:01:00+00:00,2010-11-15 06:55:00+00:00,0.0,33000.0,"POLYGON ((-92.94820403836498 32.19840184218151, -92.11075311608029 31.259413488542222, -95.5275252727311 30.023547650836168, -96.17056413645045 30.66330160295102, -92.94820403836498 32.19840184218151))"
2E,2010-11-15 05:55:00+00:00,2010-11-15 07:55:00+00:00,0.0,30000.0,"POLYGON ((-84.86561000417451 33.98219365129119, -85.21 32.71726208852722, -87.97065553335092 31.671438286774364, -87.18193649483229 33.43439849192075, -84.86561000417451 33.98219365129119))"
5C,2010-11-15 05:55:00+00:00,2010-11-15 07:55:00+00:00,0.0,33000.0,"POLYGON ((-93.99580577507679 29.818693376637544, -93.11 29.640893132790826, -93.11 28.476310442636077, -94.98287760533132 27.577120497528707, -94.91310007556963 29.03705019452595, -93.99580577507679 29.818693376637544))"
6C,2010-11-15 05:55:00+00:00,2010-11-15 07:55:00+00:00,0.0,34000.0,"POLYGON ((-90.4497344271122 32.744971885450035, -89.0485046770977 31.316386786392243, -91.43730279589151 30.182507456016495, -96.64205478624446 30.0586646257856, -96.37019852442019 31.338508877722262, -90.4497344271122 32.744971885450035))"
XRAY 10,2010-11-15 06:20:00+00:00,2010-11-15 10:25:00+00:00,0.0,48000.0,"POLYGON ((-166.05 29.57, -159.15 29.57, -158.02 26.28, -165.42 25.36, -167.25 22.59, -170.37 22.41, -168.3 27.56, -166.05 29.57))"
3E,2010-11-15 06:55:00+00:00,2010-11-15 08:55:00+00:00,0.0,30000.0,"POLYGON ((-84.44 34.461844778681964, -84.6610654592526 32.857797460585665, -87.30323236465192 32.2161945303844, -86.34470870315192 33.85975904923094, -84.44 34.461844778681964))"
7C,2010-11-15 06:55:00+00:00,2010-11-15 08:55:00+00:00,0.0,36000.0,"POLYGON ((-91.67613179612955 30.48943111485389, -92.31360642950564 28.446843926913996, -94.56734362335169 28.112163378606606, -94.54100709987355 29.251685506579413, -94.27786274972168 30.23701489156094, -91.67613179612955 30.48943111485389))"
8C,2010-11-15 06:55:00+00:00,2010-11-15 08:55:00+00:00,0.0,35000.0,"POLYGON ((-91.01478844135691 33.203164668818594, -88.1079920741774 31.789904925869426, -90.9327925243275 30.616846463044233, -96.64205478624446 30.0586646257856, -96.37019852442019 31.338508877722262, -91.01478844135691 33.203164668818594))"
4E,2010-11-15 07:55:00+00:00,2010-11-15 09:55:00+00:00,0.0,28000.0,"POLYGON ((-83.58536947712075 34.46438587084129, -83.65000000000002 33.18910686720917, -86.04116958947043 32.45497533058373, -85.59314934811667 33.817939894501365, -83.58536947712075 34.46438587084129))"
9C,2010-11-15 07:55:00+00:00,2010-11-15 09:55:00+00:00,0.0,36000.0,"POLYGON ((-90.09562616473808 33.523530213434526, -87.106593793031 32.21756446569643, -92.02331061961289 28.465932883794697, -93.97750880328364 28.292691090479412, -95.41168226960346 31.74635559768264, -90.09562616473808 33.523530213434526))"
CHARLIE 8,2010-11-15 08:40:00+00:00,2010-11-15 12:40:00+00:00,0.0,53000.0,"POLYGON ((-40 35.15, -40 26.15, -46.15 22.15, -50 23.15, -40 35.15))"
10C,2010-11-15 08:55:00+00:00,2010-11-15 10:55:00+00:00,0.0,36000.0,"POLYGON ((-90.83393282566124 33.64976888747607, -86.00392407002113 33.04748552331121, -91.84955358391116 28.531968360228927, -93.11 28.30994148689969, -95.44230764160324 31.82990200716841, -90.83393282566124 33.64976888747607))"
11C,2010-11-15 09:55:00+00:00,2010-11-15 11:55:00+00:00,0.0,35000.0,"POLYGON ((-85.67060163409563 33.97138494458704, -85.21 32.71726208852722, -91.30037076406397 28.11588683181027, -93.11 28.143572531163294, -94.17507087465457 32.64213722871149, -85.67060163409563 33.97138494458704))"
XRAY 11,2010-11-15 10:20:00+00:00,2010-11-15 14:25:00+00:00,0.0,48000.0,"POLYGON ((-165.19 29.57, -159.15 29.57, -158.49 27.08, -162.57 26.28, -168.19 22.34, -169.58 24.09, -168.19 27.39, -165.19 29.57))"
12C,2010-11-15 10:55:00+00:00,2010-11-15 12:55:00+00:00,0.0,35000.0,"POLYGON ((-84.86561000417451 33.98219365129119, -84.84377835066681 32.92213152705868, -91.84955358391116 28.531968360228927, -93.11 28.30994148689969, -92.89174521260595 32.952498029286694, -84.86561000417451 33.98219365129119))"
13C,2010-11-15 11:55:00+00:00,2010-11-15 13:55:00+00:00,0.0,35000.0,"POLYGON ((-87.2998058767163 33.66935638194009, -87.22523196645838 31.898439406737257, -90.60520459073649 28.10311866850767, -92.24249119671636 28.292691090479412, -91.65919404740981 33.2879516723136, -87.2998058767163 33.66935638194009))"
5E,2010-11-15 11:55:00+00:00,2010-11-15 13:55:00+00:00,0.0,33000.0,"POLYGON ((-84.44 34.29547582294557, -84.6610654592526 32.857797460585665, -87.22523196645838 31.898439406737257, -87.2998058767163 33.66935638194009, -84.44 34.29547582294557))"
CHARLIE 9,2010-11-15 12:05:00+00:00,2010-11-15 16:05:00+00:00,0.0,52000.0,"POLYGON ((-40 36.45, -40 27, -46.3 24.15, -46 29.15, -40 36.45))"
6E,2010-11-15 12:55:00+00:00,2010-11-15 14:55:00+00:00,0.0,30000.0,"POLYGON ((-84.0455213688726 34.4430612191985, -84.3826149165062 32.942538733280855, -86.73555185266774 31.866398006836835, -86.74754370210668 33.36249658462884, -84.0455213688726 34.4430612191985))"
14C,2010-11-15 12:55:00+00:00,2010-11-15 14:55:00+00:00,0.0,35000.0,"POLYGON ((-87.04469471153226 31.963265228540692, -89.66633722551538 28.25707270258019, -94.39425047683054 28.04616856105403, -92.00161423697234 30.233401090819576, -90.56001243083526 31.91447106896978, -87.04469471153226 31.963265228540692))"
7E,2010-11-15 13:55:00+00:00,2010-11-15 15:55:00+00:00,0.0,30000.0,"POLYGON ((-83.8595730786619 34.5077202774099, -84.3826149165062 32.942538733280855, -87.04469471153226 31.963265228540692, -86.74754370210668 33.36249658462884, -83.8595730786619 34.5077202774099))"
15C,2010-11-15 13:55:00+00:00,2010-11-15 15:55:00+00:00,0.0,35000.0,"POLYGON ((-90.71563740272835 32.317822094501885, -87.04469471153226 31.963265228540692, -89.04765111827678 28.793887402199687, -92.02331061961289 28.465932883794697, -90.71563740272835 32.317822094501885))"
16C,2010-11-15 13:55:00+00:00,2010-11-15 15:55:00+00:00,0.0,25000.0,"POLYGON ((-93.0100001129028 29.141936533831295, -93.06922079643127 28.38500295906381, -94.18059077431289 27.88864953002258, -93.2099998870972 29.141635997332, -93.2099998870972 28.47616017438643, -94.26214918145035 28.07126449716711, -93.15077920356873 28.567617926208342, -93.0100001129028 28.476460710885725, -93.0100001129028 29.141936533831295))"
XRAY 11,2010-11-15 14:20:00+00:00,2010-11-15 18:25:00+00:00,0.0,55000.0,"POLYGON ((-165.19 29.57, -161.33 29.57, -161.56 26.48, -163.09 24.09, -167.1 20.58, -170.06 22.24, -167.29 27.59, -165.19 29.57))"
ALFA 1,2010-11-15 14:35:00+00:00,2010-11-15 18:35:00+00:00,0.0,43000.0,"POLYGON ((-168 38, -169.15 30.15, -172 30.3, -172 37, -168 38))"
XRAY 13,2010-11-15 14:40:00+00:00,2010-11-15 18:25:00+00:00,,,"POLYGON ((-165.19 29.57, -161.33 29.57, -161.56 26.48, -163.09 24.09, -167.1 20.58, -170.06 22.24, -167.29 27.59, -165.19 29.57))"
17C,2010-11-15 14:55:00+00:00,2010-11-15 16:55:00+00:00,0.0,35000.0,"POLYGON ((-89.74984538608508 32.862224153697255, -86.87911717164472 32.689333003984295, -87.57202698113024 30.508610339738574, -88.69861320022164 28.6633742230678, -92.02331061961289 28.465932883794697, -89.74984538608508 32.862224153697255))"
18C,2010-11-15 14:55:00+00:00,2010-11-15 16:55:00+00:00,0.0,25000.0,"POLYGON ((-92.38063528125457 29.490230231555092, -92.21851914653342 29.373104833527716, -93.02894193263941 28.251378787886, -93.19105806736059 28.368504185913377, -92.38063528125457 29.490230231555092))"
8E,2010-11-15 14:55:00+00:00,2010-11-15 16:55:00+00:00,0.0,30000.0,"POLYGON ((-83.65557085335438 35.43865710865688, -83.14569237672382 34.39249289424904, -86.8733591844088 31.74823125693894, -86.9 33.503631044263614, -83.65557085335438 35.43865710865688))"
ECHO 1,2010-11-15 15:50:00+00:00,2010-11-15 19:50:00+00:00,0.0,36000.0,"POLYGON ((-47.45 37.45, -45.15 33.3, -49.45 29, -52 29.3, -47.45 37.45))"
19C,2010-11-15 15:55:00+00:00,2010-11-15 17:55:00+00:00,0.0,35000.0,"POLYGON ((-87.21806507370403 31.019888235875367, -88.69861320022164 28.6633742230678, -93.11 28.30994148689969, -90.11146107879333 30.992504756746637, -87.21806507370403 31.019888235875367))"
XRAY 14,2010-11-15 16:12:00+00:00,2010-11-15 20:12:00+00:00,0.0,42000.0,"POLYGON ((-171 30, -162 30, -163 26, -165 25, -171 30))"
YANKEE 1,2010-11-15 16:24:00+00:00,2010-11-15 20:17:00+00:00,0.0,53000.0,"POLYGON ((-145.3 10.3, -142.3 8.3, -146 9, -145.3 10.3))"
FOXTROT 1,2010-11-15 16:30:00+00:00,2010-11-15 20:30:00+00:00,0.0,30000.0,"POLYGON ((-91.45 29.3, -90.45 27.3, -95.45 26.3, -95 28, -91.45 29.3))"
YANKEE 2,2010-11-15 16:31:00+00:00,2010-11-15 20:17:00+00:00,0.0,53000.0,"POLYGON ((-145.3 10.3, -142.3 8.3, -143.3 8, -146 9, -145.3 10.3))"
20C,2010-11-15 16:55:00+00:00,2010-11-15 18:55:00+00:00,0.0,35000.0,"POLYGON ((-88.89750177967676 30.91989264077524, -87.21806507370403 31.019888235875367, -88.87302320796245 28.728742840558308, -93.11 28.30994148689969, -88.89750177967676 30.91989264077524))"
21C,2010-11-15 17:55:00+00:00,2010-11-15 19:55:00+00:00,0.0,35000.0,"POLYGON ((-88.36 31.561844778681962, -86.68 31.49547582294556, -88.35044641608883 28.531968360228927, -93.11 28.30994148689969, -88.36 31.561844778681962))"
ALFA 2,2010-11-15 18:00:00+00:00,2010-11-15 22:00:00+00:00,0.0,43000.0,"POLYGON ((-167.15 38.15, -168.45 30.15, -170.3 30, -171 37.15, -167.15 38.15))"
22C,2010-11-15 18:55:00+00:00,2010-11-15 20:55:00+00:00,0.0,35000.0,"POLYGON ((-86.04260906201154 31.98441576179149, -87.6307966136423 29.190912175467794, -90.46191404164996 28.410989377318607, -93.11 28.30994148689969, -87.22523196645838 31.898439406737257, -86.04260906201154 31.98441576179149))"
23C,2010-11-15 18:55:00+00:00,2010-11-15 20:55:00+00:00,0.0,30000.0,"POLYGON ((-95.62029081639221 27.092631160644682, -95.57869970334835 26.490872775895287, -96.0021163601188 25.858605005284826, -95.42698495279112 27.041319923109054, -95.56513608815217 26.520860354970683, -96.16829499332755 25.969891400971246, -95.7448783365571 26.602159171581707, -95.75844195175327 26.57217159250631, -95.62029081639221 27.092631160644682))"
XRAY 15,2010-11-15 19:20:00+00:00,2010-11-15 23:20:00+00:00,0.0,45000.0,"POLYGON ((-170 30, -162 30, -164 25, -168 24, -170 30))"
ECHO 2,2010-11-15 19:30:00+00:00,2010-11-15 23:30:00+00:00,0.0,33000.0,"POLYGON ((-46.45 38.45, -44.15 36.3, -46 33.3, -48.15 34.45, -46.45 38.45))"
24C,2010-11-15 19:55:00+00:00,2010-11-15 21:55:00+00:00,0.0,35000.0,"POLYGON ((-85.57728227354052 33.17679532557141, -87.40991619648305 29.290904068838216, -90.9029456318347 28.471762673224408, -90.07351855355621 30.003684510733756, -85.57728227354052 33.17679532557141))"
FOXTROT 2,2010-11-15 20:15:00+00:00,2010-11-16 00:15:00+00:00,0.0,35000.0,"POLYGON ((-90 29.3, -90 28.15, -95.45 26.3, -95.15 28, -90 29.3))"
YANKEE 3,2010-11-15 20:16:00+00:00,2010-11-16 00:17:00+00:00,0.0,50000.0,"POLYGON ((-145 9.3, -142 9, -141.3 8, -145 8, -145 9.3))"
25C,2010-11-15 20:55:00+00:00,2010-11-15 22:55:00+00:00,0.0,35000.0,"POLYGON ((-85.01151544038649 33.049842841447195, -86.68 29.499048354108847, -90.46191404164996 28.410989377318607, -89.45488213162677 30.319442990420686, -85.01151544038649 33.049842841447195))"
9E,2010-11-15 21:55:00+00:00,2010-11-15 23:55:00+00:00,0.0,30000.0,"POLYGON ((-85.62937217695975 32.69637597703662, -85.01429550319115 31.91262197178591, -86.16668974894665 29.75305350671482, -86.68 29.33267939837246, -86.68 31.329106867209173, -85.62937217695975 32.69637597703662))"
26C,2010-11-15 21:55:00+00:00,2010-11-15 23:55:00+00:00,0.0,32000.0,"POLYGON ((-87.58582946781142 30.72770264484189, -87.77484681867278 29.499047987964754, -90.1 28.348155221318038, -90.53366277448461 28.25707270258019, -87.58582946781142 30.72770264484189))"
27C,2010-11-15 21:55:00+00:00,2010-11-15 23:55:00+00:00,0.0,30000.0,"POLYGON ((-93.82492057551916 30.838570209934346, -92.43385434104938 29.55006451683722, -94.74064956887278 28.177940597052682, -93.82492057551916 30.838570209934346))"
28C,2010-11-15 21:55:00+00:00,2010-11-15 23:55:00+00:00,0.0,30000.0,"POLYGON ((-94.42044253202285 31.774472985301784, -94.18222823653046 30.967882422264623, -95.26718923442753 30.68828013873573, -94.42044253202285 31.774472985301784))"
FOXTROT 3,2010-11-15 23:15:00+00:00,2010-11-16 03:15:00+00:00,0.0,42000.0,"POLYGON ((-94 28.3, -91.3 28.3, -94 27, -95 27, -94 28.3))"
XRAY 16,2010-11-15 23:19:00+00:00,2010-11-16 03:20:00+00:00,0.0,43000.0,"POLYGON ((-167 30, -162 30, -164 25, -168 25, -167 30))"
31C,2010-11-15 23:23:00+00:00,2010-11-16 00:55:00+00:00,0.0,28000.0,"POLYGON ((-94.21013591221472 31.928173779500824, -93.84649954857835 31.928173779500824, -93.84649954857835 31.564537415864457, -94.21013591221472 31.564537415864457, -94.21013591221472 31.928173779500824))"
29C,2010-11-15 23:23:00+00:00,2010-11-16 00:55:00+00:00,0.0,32000.0,"POLYGON ((-92.45026674870496 29.970391318169973, -92.35152710017636 29.796464661764325, -94.09135224358764 28.808751066207115, -94.19009189211624 28.982677722612763, -92.45026674870496 29.970391318169973))"
30C,2010-11-15 23:23:00+00:00,2010-11-16 00:55:00+00:00,0.0,40000.0,"POLYGON ((-92.03195981314778 29.19447143463311, -91.30037076406397 28.11588683181027, -93.97750880328364 28.292691090479412, -92.03195981314778 29.19447143463311))"
ECHO 3,2010-11-15 23:30:00+00:00,2010-11-16 03:30:00+00:00,0.0,40000.0,"POLYGON ((-48 40, -41 35.3, -45 31.3, -52 37, -48 40))"
1C,2010-11-16 00:08:00+00:00,2010-11-16 01:55:00+00:00,0.0,32000.0,"POLYGON ((-94.30603082177385 31.512259913371345, -94.00345373263033 30.903349058535504, -94.72 30.49452417705443, -95.30325027510317 31.158685545666113, -94.30603082177385 31.512259913371345))"
32C,2010-11-16 00:08:00+00:00,2010-11-16 01:55:00+00:00,0.0,33000.0,"POLYGON ((-90.94723445825325 30.579538650503288, -90.86050194948767 30.39932357920449, -93.50429914011517 29.126937416616027, -93.59103164888074 29.307152487914824, -90.94723445825325 30.579538650503288))"
33C,2010-11-16 00:08:00+00:00,2010-11-16 01:55:00+00:00,0.0,38000.0,"POLYGON ((-91.29 29.658155221318033, -90.97750296040424 28.858807022645482, -92.19685027122722 28.399676889285463, -93.97750880328364 28.292691090479412, -91.29 29.658155221318033))"
2C,2010-11-16 00:55:00+00:00,2010-11-16 02:55:00+00:00,0.0,32000.0,"POLYGON ((-93.81 32.27089313279082, -93.40207839396585 31.57518423005951, -94.00345373263033 30.903349058535504, -94.72 31.32636895573639, -93.81 32.27089313279082))"
3C,2010-11-16 00:55:00+00:00,2010-11-16 02:55:00+00:00,0.0,35000.0,"POLYGON ((-90.99631136022789 29.874851353251074, -90.45165617564247 29.052207378927378, -93.11 27.810834619690507, -93.11 28.476310442636077, -90.99631136022789 29.874851353251074))"
4C,2010-11-16 01:55:00+00:00,2010-11-16 03:55:00+00:00,0.0,30000.0,"POLYGON ((-92.96722194107782 32.798678519623316, -92.59516544037785 32.048217220072466, -93.21729669720771 31.00334123033534, -94.11080094304982 32.15482068349432, -92.96722194107782 32.798678519623316))"
5C,2010-11-16 01:55:00+00:00,2010-11-16 03:55:00+00:00,0.0,40000.0,"POLYGON ((-90.40835229379195 30.202293638944663, -89.72936646071624 29.614442852620375, -91.95691798744568 27.520243119050857, -93.11 27.977203575426895, -90.40835229379195 30.202293638944663))"
XRAY 17,2010-11-16 03:19:00+00:00,2010-11-16 07:20:00+00:00,0.0,48000.0,"POLYGON ((-166 30, -162 30, -165 25, -167 27, -166 30))"
8C,2010-11-16 03:25:00+00:00,2010-11-16 04:55:00+00:00,0.0,25000.0,"POLYGON ((-94.89983119851198 33.855252780059004, -94.47250539028678 32.513889992124675, -94.6630688381193 32.45318107720941, -95.09039464634449 33.79454386514374, -94.89983119851198 33.855252780059004))"
6C,2010-11-16 03:25:00+00:00,2010-11-16 04:55:00+00:00,0.0,30000.0,"POLYGON ((-93.41428576839651 32.76937806789193, -92.04 32.02089313279084, -93.94233855984072 31.157663216393814, -94.64547818907305 31.313683417687628, -93.41428576839651 32.76937806789193))"
7C,2010-11-16 03:25:00+00:00,2010-11-16 04:55:00+00:00,0.0,42000.0,"POLYGON ((-89.63010584854739 30.618008933250724, -88.80022394291844 29.807027638847178, -93.11 27.311727752481332, -93.11 27.64446566395412, -89.63010584854739 30.618008933250724))"
ECHO 4,2010-11-16 03:30:00+00:00,2010-11-16 07:30:00+00:00,0.0,42000.0,"POLYGON ((-47 40, -40 36, -44 32.3, -52 38, -47 40))"
9C,2010-11-16 03:55:00+00:00,2010-11-16 05:55:00+00:00,0.0,43000.0,"POLYGON ((-88.60640815315557 30.73979697209451, -88.47098145004739 30.592624936417735, -92.0196559540426 27.327158869646272, -92.15508265715079 27.474330905323047, -88.60640815315557 30.73979697209451))"
10C,2010-11-16 03:55:00+00:00,2010-11-16 05:55:00+00:00,0.0,32000.0,"POLYGON ((-94.3776293483607 34.124440010838626, -92.87547576982467 32.0279791098017, -94.18222823653046 30.967882422264623, -94.78029961419979 34.09617979979481, -94.3776293483607 34.124440010838626))"
ZULU 1,2010-11-16 03:56:00+00:00,2010-11-16 07:55:00+00:00,0.0,56000.0,"POLYGON ((140.1 8, 146.2 7.3, 155.3 4.4, 150.3 0.4, 140.1 4.2, 140.1 8))"
11C,2010-11-16 04:55:00+00:00,2010-11-16 06:55:00+00:00,0.0,30000.0,"POLYGON ((-93.44388311713948 32.89680106012063, -92.5880221265347 32.709812346999655, -92.5 31.92547582294557, -93.55353180880829 31.15474239179492, -93.44388311713948 32.89680106012063))"
12C,2010-11-16 04:55:00+00:00,2010-11-16 06:55:00+00:00,0.0,30000.0,"POLYGON ((-91.30878765631445 32.77255260359794, -90.81348562022814 31.769376365022016, -91.94675343382102 31.72937823056986, -91.30878765631445 32.77255260359794))"
13C,2010-11-16 04:55:00+00:00,2010-11-16 06:55:00+00:00,0.0,40000.0,"POLYGON ((-88.77208472143745 31.08227108564997, -87.58582946781142 30.72770264484189, -88.35044641608883 28.531968360228927, -91.16819071059288 28.23463979765442, -88.77208472143745 31.08227108564997))"
14C,2010-11-16 04:55:00+00:00,2010-11-16 06:55:00+00:00,0.0,32000.0,"POLYGON ((-97.36206870994307 33.169380571638975, -96.9984323463067 33.169380571638975, -96.9984323463067 32.805744208002615, -97.36206870994307 32.805744208002615, -97.36206870994307 33.169380571638975))"
15C,2010-11-16 04:55:00+00:00,2010-11-16 06:55:00+00:00,0.0,30000.0,"POLYGON ((-94.3776293483607 34.124440010838626, -93.33687531458527 33.25857422352877, -94.11080094304982 32.15482068349432, -94.3776293483607 34.124440010838626))"
1E,2010-11-16 05:15:00+00:00,2010-11-16 06:55:00+00:00,0.0,33000.0,"POLYGON ((-86.74754370210668 33.36249658462884, -86.45923421857596 32.33756432303089, -90.03755077957554 30.838693605713566, -90.17 32.01089313279082, -86.74754370210668 33.36249658462884))"
2E,2010-11-16 05:15:00+00:00,2010-11-16 06:55:00+00:00,0.0,35000.0,"POLYGON ((-86.04260906201154 31.98441576179149, -84.35 29.90089313279082, -86.68 27.83535879674493, -88.76774177202475 27.997007400801074, -87.12921438239825 31.751454887850958, -86.04260906201154 31.98441576179149))"
1W,2010-11-16 05:55:00+00:00,2010-11-16 07:55:00+00:00,0.0,25000.0,"POLYGON ((-120.65541161974943 48.196922531103404, -121.33851057403396 46.821160728671416, -122.31 46.940893132790826, -121.83234495078155 48.2075429855363, -120.65541161974943 48.196922531103404))"
3E,2010-11-16 05:55:00+00:00,2010-11-16 07:55:00+00:00,0.0,41000.0,"POLYGON ((-86.74754370210668 33.36249658462884, -84.57040945569061 29.93870032634315, -86.68 27.83535879674493, -91.30037076406397 28.11588683181027, -89.16349441814505 32.25214511112951, -86.74754370210668 33.36249658462884))"
16C,2010-11-16 05:55:00+00:00,2010-11-16 07:55:00+00:00,0.0,32000.0,"POLYGON ((-94.07000000000001 34.34184477868196, -90.42120179798627 33.577560610256896, -90.17 32.177262088527215, -91.64720747567252 30.616846463044233, -93.3960144136897 30.938557994968775, -94.07000000000001 34.34184477868196))"
17C,2010-11-16 05:55:00+00:00,2010-11-16 07:55:00+00:00,0.0,32000.0,"POLYGON ((-96.25662880601726 33.6500112641898, -96.96353258538439 33.06458001397959, -96.99725939296987 33.009739298714905, -97.13750992109475 32.39307004168493, -96.83596635836587 32.910544765662, -96.12906257899874 33.495976015872216, -96.94249007890527 32.34871622389671, -96.80223955078039 32.965385480926685, -96.25662880601726 33.6500112641898))"
4E,2010-11-16 06:55:00+00:00,2010-11-16 08:55:00+00:00,0.0,41000.0,"POLYGON ((-85.43668804384119 32.58868016710795, -84.35 29.73452417705442, -86.68 28.00172775248132, -91.03571626812398 28.35326538449789, -88.36 31.395475822945567, -85.43668804384119 32.58868016710795))"
5E,2010-11-16 06:55:00+00:00,2010-11-16 08:55:00+00:00,0.0,33000.0,"POLYGON ((-86.10078441041736 35.66804004464822, -85.0721691837745 35.11368006321059, -85.90120931136182 32.57223192555957, -89.28649121884918 31.296328646015013, -88.8 32.71273791147279, -86.10078441041736 35.66804004464822))"
18C,2010-11-16 06:55:00+00:00,2010-11-16 08:55:00+00:00,0.0,32000.0,"POLYGON ((-93.60687825211451 34.43136999957722, -88.93491143757024 33.8421975075005, -89.94465954985998 32.04868436836524, -91.46848703219429 30.55354509306949, -92.2039996045506 30.644841158400308, -93.60687825211451 34.43136999957722))"
19C,2010-11-16 06:55:00+00:00,2010-11-16 08:55:00+00:00,0.0,32000.0,"POLYGON ((-96.28696273782589 33.60678686095814, -96.35177468315764 32.83444740993298, -96.62035239417156 32.09521162032509, -96.09872864719011 33.53920041910388, -96.35164658494075 32.83480207068022, -96.80833028837355 32.16350738367383, -96.53975257735964 32.90274317328172, -96.53988067557653 32.90238851253448, -96.28696273782589 33.60678686095814))"
XRAY 18,2010-11-16 07:20:00+00:00,2010-11-16 11:20:00+00:00,0.0,52000.0,"POLYGON ((-166 30, -161.2 30, -164 26.4, -166 26.3, -166 30))"
BRAVO 1,2010-11-16 07:35:00+00:00,2010-11-16 11:35:00+00:00,0.0,53000.0,"POLYGON ((-165.15 35, -159 34.15, -161.3 30, -166 30, -165.15 35))"
6E,2010-11-16 07:55:00+00:00,2010-11-16 09:55:00+00:00,0.0,45000.0,"POLYGON ((-86.09536846464134 31.75868660415112, -84.78878348330078 29.47703734748007, -86.68 28.00172775248132, -90.60520459073649 28.10311866850767, -87.94791527856255 31.08227108564997, -86.09536846464134 31.75868660415112))"
7E,2010-11-16 07:55:00+00:00,2010-11-16 09:55:00+00:00,0.0,30000.0,"POLYGON ((-84.695817020496 36.55799405122124, -83.81155540834591 35.74626960234814, -85.53483547945474 34.19086697356401, -86.34470870315192 33.85975904923094, -87.05883554853216 35.06216346737892, -84.695817020496 36.55799405122124))"
20C,2010-11-16 07:55:00+00:00,2010-11-16 09:55:00+00:00,0.0,33000.0,"POLYGON ((-89.23160043578108 34.76303402602263, -88.08508856242977 33.8421975075005, -90.55612294698675 30.684840624391917, -91.42668410779105 30.607569336849803, -92.43327468292627 33.874443603693884, -89.23160043578108 34.76303402602263))"
21C,2010-11-16 07:55:00+00:00,2010-11-16 09:55:00+00:00,0.0,30000.0,"POLYGON ((-95.34098537333824 33.57168197723722, -95.92540221864603 32.93182065388509, -95.94442377970388 32.90149246431164, -96.27493189853448 32.074498795853174, -95.77772760450826 32.79694215916016, -95.19331075920047 33.43680348251229, -96.089214162281 32.00027668027515, -95.7587060434504 32.82727034873361, -95.34098537333824 33.57168197723722))"
ZULU 2,2010-11-16 07:55:00+00:00,2010-11-16 11:55:00+00:00,0.0,56000.0,"POLYGON ((149.5 5.3, 155 4.4, 155.3 1.4, 149.5 0.3, 149.5 5.3))"
22C,2010-11-16 08:55:00+00:00,2010-11-16 10:55:00+00:00,0.0,33000.0,"POLYGON ((-87.49 35.54184477868197, -86.92776930745075 34.89970959924097, -89.675885022439 31.298678281230448, -90.79856306227603 31.107876246599915, -91.4697544847365 34.089732798434284, -87.49 35.54184477868197))"
23C,2010-11-16 08:55:00+00:00,2010-11-16 10:55:00+00:00,0.0,28000.0,"POLYGON ((-96.12170260391234 33.18498112909956, -94.75 33.08547582294557, -95.27265101082203 31.629382887404784, -95.90187011675779 31.65270216974135, -96.12170260391234 33.18498112909956))"
8E,2010-11-16 08:55:00+00:00,2010-11-16 10:55:00+00:00,0.0,45000.0,"POLYGON ((-85.26726069029438 31.656276482818313, -84.64342423731986 29.784852534521278, -87.48383353268672 28.199594628992333, -90.53366277448461 28.25707270258019, -86.97849752670874 31.44447747954094, -85.26726069029438 31.656276482818313))"
9E,2010-11-16 08:55:00+00:00,2010-11-16 10:55:00+00:00,0.0,30000.0,"POLYGON ((-84.695817020496 36.55799405122124, -83.89 36.06636895573639, -84.96259836748993 34.89618939888827, -86.33146879287571 34.139262809979385, -87.49 35.54184477868197, -84.695817020496 36.55799405122124))"
2W,2010-11-16 08:55:00+00:00,2010-11-16 10:55:00+00:00,0.0,30000.0,"POLYGON ((-115.42815230705598 48.20324445181756, -115.65 46.29541730984524, -117.62999999999998 46.39541730984526, -118.01187865448065 48.17419112979427, -115.42815230705598 48.20324445181756))"
3W,2010-11-16 09:55:00+00:00,2010-11-16 11:55:00+00:00,0.0,30000.0,"POLYGON ((-115.42815230705598 48.20324445181756, -114.6293048255655 45.94092702264235, -118.05569590596521 45.95126600806553, -117.24812134551931 48.17419112979427, -115.42815230705598 48.20324445181756))"
24C,2010-11-16 09:55:00+00:00,2010-11-16 11:55:00+00:00,0.0,33000.0,"POLYGON ((-87.25921558958264 35.66804004464822, -87.11546707905786 34.83676055110143, -89.0485046770977 31.316386786392243, -90.26 31.133631044263613, -90.26647209445994 34.78438188645532, -87.25921558958264 35.66804004464822))"
10E,2010-11-16 09:55:00+00:00,2010-11-16 11:55:00+00:00,0.0,40000.0,"POLYGON ((-84.29 31.99273791147279, -83.63903572242158 30.143408025938317, -87.48383353268672 28.199594628992333, -90.1 28.348155221318038, -86.38150247329128 31.44447747954094, -84.29 31.99273791147279))"
11E,2010-11-16 09:55:00+00:00,2010-11-16 11:55:00+00:00,0.0,30000.0,"POLYGON ((-84.87755619122086 36.77285820568842, -83.89 36.06636895573639, -85.3376930459997 35.02352230822331, -87.11546707905786 34.83676055110143, -87.40294631435376 35.54961863172338, -84.87755619122086 36.77285820568842))"
12E,2010-11-16 10:55:00+00:00,2010-11-16 12:55:00+00:00,0.0,38000.0,"POLYGON ((-83.89908695166504 31.659404218433295, -82.88048071823714 30.770941195465262, -87.31116183087472 28.13246539142291, -89.66633722551538 28.25707270258019, -86.12929338804406 31.299398184331373, -83.89908695166504 31.659404218433295))"
25C,2010-11-16 10:55:00+00:00,2010-11-16 12:55:00+00:00,0.0,31000.0,"POLYGON ((-87.0920168853577 36.13929443076551, -88.42621631038375 31.610923479170477, -89.71924940815902 31.48986740793502, -88.94053868324174 35.892068692773385, -87.0920168853577 36.13929443076551))"
4W,2010-11-16 10:55:00+00:00,2010-11-16 12:55:00+00:00,0.0,28000.0,"POLYGON ((-115.65 47.95910686720918, -113.5306951744345 45.94092702264235, -115.66315566724184 45.69093846030251, -116.02232479303922 46.8445728396809, -117.81980799745429 47.86725384086498, -115.65 47.95910686720918))"
BRAVO 2,2010-11-16 11:15:00+00:00,2010-11-16 15:15:00+00:00,0.0,46000.0,"POLYGON ((-163.15 36.45, -159 35.3, -161 30, -164.15 30, -163.15 36.45))"
GOLF 1,2010-11-16 11:20:00+00:00,2010-11-16 15:20:00+00:00,0.0,48000.0,"POLYGON ((-43 34.3, -40 33.45, -40 30, -43.3 27, -47 29.15, -43 34.3))"
XRAY 19,2010-11-16 11:20:00+00:00,2010-11-16 15:20:00+00:00,0.0,52000.0,"POLYGON ((-166.3 30, -161.4 30, -163.4 24.1, -167.1 24.5, -166.3 30))"
13E,2010-11-16 11:55:00+00:00,2010-11-16 13:55:00+00:00,0.0,38000.0,"POLYGON ((-83.20454758311298 32.126327793604254, -82.88048071823714 30.770941195465262, -86.68 28.00172775248132, -89.03180928940711 28.23463979765442, -85.60173365150239 31.20753602418676, -83.20454758311298 32.126327793604254))"
26C,2010-11-16 11:55:00+00:00,2010-11-16 13:55:00+00:00,0.0,30000.0,"POLYGON ((-87.92116445146783 35.06216346737892, -86.92776930745075 34.89970959924097, -87.98666848660484 31.49799042518937, -89.17378368961624 31.61092347917047, -87.92116445146783 35.06216346737892))"
ZULU 3,2010-11-16 11:55:00+00:00,2010-11-16 15:55:00+00:00,0.0,58000.0,"POLYGON ((153.4 4, 154 0, 147.5 0, 148.1 4, 153.4 4))"
27C,2010-11-16 12:55:00+00:00,2010-11-16 14:55:00+00:00,0.0,30000.0,"POLYGON ((-86.68 35.30815522131804, -87.08455042424447 33.60619619351798, -87.95587396955743 33.679767484958724, -87.49 35.375475822945575, -86.68 35.30815522131804))"
14E,2010-11-16 12:55:00+00:00,2010-11-16 14:55:00+00:00,0.0,33000.0,"POLYGON ((-84.14089538932461 31.352503542364197, -83.05936362150621 31.06826274073759, -86.68 28.00172775248132, -88.1766893803871 28.465932883794697, -85.01033620967358 31.403309752157494, -84.14089538932461 31.352503542364197))"
NOVEMBER 1,2010-11-16 14:30:00+00:00,2010-11-16 18:30:00+00:00,0.0,57000.0,"POLYGON ((154 7.5, 159.4 7.4, 157.2 2.1, 152.2 2.2, 154 7.5))"
GOLF 2,2010-11-16 15:00:00+00:00,2010-11-16 19:00:00+00:00,0.0,38000.0,"POLYGON ((-40 33.15, -40 29.45, -42.3 28, -42.15 30.3, -40 33.15))"
BRAVO 3,2010-11-16 15:00:00+00:00,2010-11-16 19:00:00+00:00,0.0,43000.0,"POLYGON ((-164.15 33.3, -162 32.45, -162.15 30, -164.45 30, -164.15 33.3))"
XRAY 20,2010-11-16 15:20:00+00:00,2010-11-16 19:20:00+00:00,0.0,52000.0,"POLYGON ((-164.4 30, -160.2 30, -162 23.3, -165.4 25, -164.4 30))"
15E,2010-11-16 16:25:00+00:00,2010-11-16 17:55:00+00:00,0.0,23000.0,"POLYGON ((-84.64655310784002 35.642958140829585, -84.12442914664562 35.43865710865688, -84.54100810230926 34.95848012104866, -85.55599738723137 34.95932449239075, -84.64655310784002 35.642958140829585))"
16E,2010-11-16 16:55:00+00:00,2010-11-16 18:55:00+00:00,0.0,23000.0,"POLYGON ((-84.64655310784002 35.642958140829585, -84.12442914664562 35.43865710865688, -84.54100810230926 34.95848012104866, -85.55599738723137 34.95932449239075, -84.64655310784002 35.642958140829585))"
GOLF 3,2010-11-16 17:25:00+00:00,2010-11-16 21:25:00+00:00,0.0,39000.0,"POLYGON ((-40 31.3, -40 27.45, -41.45 25.15, -42.45 26.15, -40 31.3))"
BRAVO 4,2010-11-16 18:55:00+00:00,2010-11-16 22:55:00+00:00,0.0,43000.0,"POLYGON ((-164.3 34, -161 33, -160.45 30, -163.45 30, -164.3 34))"
NOVEMBER 2,2010-11-16 19:08:00+00:00,2010-11-16 22:30:00+00:00,0.0,55000.0,"POLYGON ((153 4, 157 8.3, 158.3 8, 155 3.3, 153 4))"
XRAY 21,2010-11-16 19:19:00+00:00,2010-11-16 23:20:00+00:00,0.0,43000.0,"POLYGON ((-163 30, -161 30, -162 25, -164 25, -163 30))"
5W,2010-11-16 19:25:00+00:00,2010-11-16 20:55:00+00:00,0.0,30000.0,"POLYGON ((-106.9555050190518 41.71541548608721, -106.53567417825789 41.082447611853496, -107.30000000000001 40.85273791147279, -107.92339463565459 40.9888939225934, -106.9555050190518 41.71541548608721))"
BRAVO 5,2010-11-16 22:55:00+00:00,2010-11-17 02:55:00+00:00,0.0,40000.0,"POLYGON ((-163 35.3, -159.15 34.15, -158.45 30, -162.45 30, -163 35.3))"
XRAY 22,2010-11-16 23:19:00+00:00,2010-11-17 03:20:00+00:00,0.0,42000.0,"POLYGON ((-163 30, -159 30, -162 22, -164 28, -163 30))"
1E,2010-11-17 00:09:00+00:00,2010-11-17 01:55:00+00:00,0.0,28000.0,"POLYGON ((-81.24111092152907 36.19595384375172, -81.11612339765588 36.03981890571398, -82.47701919380155 34.95040869460167, -82.60200671767474 35.10654363263941, -81.24111092152907 36.19595384375172))"
2E,2010-11-17 00:55:00+00:00,2010-11-17 02:55:00+00:00,0.0,30000.0,"POLYGON ((-80.78794987545373 36.48716455474125, -80.63205012454625 36.361883799367625, -81.56388908482238 35.20230057878682, -81.71978883572986 35.32758133416044, -80.78794987545373 36.48716455474125))"
3E,2010-11-17 01:55:00+00:00,2010-11-17 03:55:00+00:00,0.0,25000.0,"POLYGON ((-80.14688453731362 37.836220041759915, -79.98825111973709 37.71441922555579, -80.86868139228018 36.567746588836535, -81.02731480985672 36.68954740504066, -80.14688453731362 37.836220041759915))"
4E,2010-11-17 01:55:00+00:00,2010-11-17 03:55:00+00:00,0.0,30000.0,"POLYGON ((-80.26961807590669 36.7362624306669, -79.55735354595129 36.63475561336929, -81.23495904241236 33.7961952057208, -82.00789779495058 35.18367999857088, -80.26961807590669 36.7362624306669))"
6E,2010-11-17 03:15:00+00:00,2010-11-17 04:55:00+00:00,0.0,28000.0,"POLYGON ((-79.19385318938127 38.65125814529606, -79.0397193751116 38.52381102960219, -79.75781112891575 37.65535496131986, -79.91194494318542 37.78280207701373, -79.19385318938127 38.65125814529606))"
5E,2010-11-17 03:15:00+00:00,2010-11-17 04:55:00+00:00,0.0,30000.0,"POLYGON ((-79.62684440155611 37.376704518482875, -79.04674080243633 37.31350965991204, -80.23235148554505 34.699235056375336, -82.53930437815256 32.94089476184316, -81.2640027583063 35.804415297469625, -79.62684440155611 37.376704518482875))"
XRAY 23,2010-11-17 03:19:00+00:00,2010-11-17 07:20:00+00:00,0.0,45000.0,"POLYGON ((-162 30, -160 30, -161 24, -164 26, -162 30))"
ROMEO 1,2010-11-17 03:36:00+00:00,2010-11-17 07:37:00+00:00,0.0,52000.0,"POLYGON ((138.3 12.4, 141.05 13.4, 142 12, 139 10.3, 138.3 12.4))"
7E,2010-11-17 03:55:00+00:00,2010-11-17 05:55:00+00:00,0.0,32000.0,"POLYGON ((-78.11611984863796 39.10085760187229, -77.04 38.360893132790814, -81.66874200178677 32.62933585885613, -82.66162581913919 32.6861249663803, -78.11611984863796 39.10085760187229))"
8E,2010-11-17 03:55:00+00:00,2010-11-17 05:55:00+00:00,0.0,27000.0,"POLYGON ((-74.32529934192618 37.40287991959156, -75.31245261101861 35.551013427818205, -75.60798711929414 37.359097829047506, -74.32529934192618 37.40287991959156))"
9E,2010-11-17 04:55:00+00:00,2010-11-17 06:55:00+00:00,0.0,30000.0,"POLYGON ((-77.40917302369495 40.810128045263674, -77.23515144866589 40.71155578027801, -78.23706275090483 38.942760238444905, -78.41108432593388 39.04133250343057, -77.40917302369495 40.810128045263674))"
10E,2010-11-17 04:55:00+00:00,2010-11-17 06:55:00+00:00,0.0,30000.0,"POLYGON ((-77.15818226965865 40.180789154041754, -76.98181773034133 40.086472934485464, -78.52480980071816 37.201188866246355, -78.70117434003548 37.295505085802645, -77.15818226965865 40.180789154041754))"
11E,2010-11-17 04:55:00+00:00,2010-11-17 06:55:00+00:00,0.0,30000.0,"POLYGON ((-77.62689760555001 37.11231483887692, -77.49165670781544 36.96497204271795, -81.78840281879806 33.02113619505339, -81.92364371653264 33.16847899121235, -77.62689760555001 37.11231483887692))"
12E,2010-11-17 04:55:00+00:00,2010-11-17 06:55:00+00:00,0.0,30000.0,"POLYGON ((-75.21095731306866 38.11433846153616, -74.17933292253622 37.28366553551537, -75.04188050468775 35.87259919125233, -75.21095731306866 38.11433846153616))"
13E,2010-11-17 05:55:00+00:00,2010-11-17 07:55:00+00:00,0.0,30000.0,"POLYGON ((-76.73049351995805 42.400758006724146, -77.89252848909756 35.79231632608242, -80.5604756956062 33.431464793627846, -76.9461665503203 38.326320257278276, -77.86496414882377 35.83263273644273, -76.53151572342823 42.38056304477459, -76.9405111017351 38.350795651816036, -80.69301391441805 33.581243365373545, -78.0250667079094 35.94209489782812, -78.05263104818319 35.90177848746781, -77.13383344967971 38.39546600830335, -77.13948889826491 38.37099061376559, -76.73049351995805 42.400758006724146))"
14E,2010-11-17 05:55:00+00:00,2010-11-17 07:55:00+00:00,0.0,30000.0,"POLYGON ((-74.8 39.1, -73.51380495411065 39.09293389337948, -74.17933292253622 37.28366553551537, -75.45883067075209 37.47590894110739, -74.8 39.1))"
15E,2010-11-17 05:55:00+00:00,2010-11-17 07:55:00+00:00,0.0,30000.0,"POLYGON ((-74.67994996474447 35.01713165879185, -74.5224241797532 34.893901682475665, -76.10948640868399 32.86514836355213, -76.26701219367526 32.98837833986831, -74.67994996474447 35.01713165879185))"
16E,2010-11-17 06:55:00+00:00,2010-11-17 08:55:00+00:00,0.0,32000.0,"POLYGON ((-76.05843572226894 42.53329017337979, -76.93878925272611 36.18247532442178, -79.97350639728147 33.48078579149889, -76.05391317481649 38.31028758766917, -76.91278114189588 36.21917281725179, -75.8586373895449 42.52431096179425, -76.04651572200324 38.34379052049309, -80.10649360271854 33.630165854392274, -77.07177645816319 36.331855387315166, -77.09778456899342 36.29515789448516, -76.23891660191403 38.38627266490254, -76.24631405472728 38.35276973207863, -76.05843572226894 42.53329017337979))"
17E,2010-11-17 06:55:00+00:00,2010-11-17 08:55:00+00:00,0.0,30000.0,"POLYGON ((-74.54623675539055 34.88685467564513, -74.37412191339025 34.78498966122306, -75.20528823435602 33.38062074397887, -75.37740307635632 33.48248575840094, -74.54623675539055 34.88685467564513))"
XRAY 24,2010-11-17 07:20:00+00:00,2010-11-17 11:20:00+00:00,0.0,50000.0,"POLYGON ((-159.1 30, -160.2 24.4, -163.4 26, -163 30, -159.1 30))"
ROMEO 2,2010-11-17 07:37:00+00:00,2010-11-17 11:37:00+00:00,0.0,55000.0,"POLYGON ((139.4 15, 146.3 15, 145 12, 139 12, 139.4 15))"
18E,2010-11-17 07:55:00+00:00,2010-11-17 09:55:00+00:00,0.0,32000.0,"POLYGON ((-74.98468461483608 42.84363577295479, -75.24985892847803 39.94419540369991, -75.89410960330663 36.86931195266022, -74.7872363618726 42.81178946388035, -75.2490095833969 39.94877900818951, -76.08985916610784 36.910325470713865, -75.44560849127924 39.985208921753554, -75.44645783636038 39.98062531726395, -74.98468461483608 42.84363577295479))"
19E,2010-11-17 08:55:00+00:00,2010-11-17 10:55:00+00:00,0.0,30000.0,"POLYGON ((-74.34583059566548 43.223546847198705, -74.1808153197602 39.67523906686435, -74.63250685468938 38.065717788114895, -74.54560106037285 43.213967628514595, -74.37698100830751 39.69746933456025, -74.82506776707663 38.11975754219081, -74.37337623214745 39.729278820940266, -74.17721054360014 39.70704855324436, -74.34583059566548 43.223546847198705))"
20E,2010-11-17 09:55:00+00:00,2010-11-17 11:55:00+00:00,0.0,30000.0,"POLYGON ((-73.70000860723798 43.416787834191744, -73.6700030171144 41.1283300700825, -73.68018650798628 39.81741074835545, -73.89999139276202 43.414163811699375, -73.86999139276202 41.127794855962996, -73.88018047375748 39.818964342608815, -73.8699969828856 41.129883664335864, -73.67000860723797 41.130418878455366, -73.70000860723798 43.416787834191744))"
OSCAR 1,2010-11-17 10:20:00+00:00,2010-11-17 14:20:00+00:00,0.0,57000.0,"POLYGON ((147.38 5.82, 146.76 2.72, 141.45 3.03, 141.99 6.35, 147.38 5.82))"
21E,2010-11-17 10:55:00+00:00,2010-11-17 12:55:00+00:00,0.0,30000.0,"POLYGON ((-73.0602878799786 43.252884896578394, -72.59481187241393 41.909353297621806, -73.017179057733 40.59748812439097, -73.2482804639831 43.184629579134906, -72.78399629200224 41.905872341278254, -73.20755531290514 40.658781529147355, -72.78518812758607 41.97064670237819, -72.59600370799775 41.97412765872174, -73.0602878799786 43.252884896578394))"
22E,2010-11-17 11:55:00+00:00,2010-11-17 13:55:00+00:00,0.0,30000.0,"POLYGON ((-72.33143667081677 43.500341537391805, -71.56372528100306 40.946908278036915, -71.75525579088583 40.88932300401609, -72.52296718069954 43.44275626337098, -72.33143667081677 43.500341537391805))"
CHARLIE 1,2010-11-17 12:20:00+00:00,2010-11-17 16:20:00+00:00,30000.0,37000.0,"POLYGON ((-153.45 52.15, -138.15 48, -139.15 44.3, -150 44, -161.45 48.3, -153.45 52.15))"
DELTA 1,2010-11-17 13:45:00+00:00,2010-11-17 17:45:00+00:00,0.0,36000.0,"POLYGON ((-163.15 41, -162.15 35.3, -165 35, -166.45 39.3, -163.15 41))"
OSCAR 2,2010-11-17 14:20:00+00:00,2010-11-17 18:20:00+00:00,0.0,56000.0,"POLYGON ((140.4 6.3, 146.3 6.3, 145.2 3, 140.2 3.4, 140.4 6.3))"
CHARLIE 2,2010-11-17 16:10:00+00:00,2010-11-17 20:10:00+00:00,23000.0,39000.0,"POLYGON ((-151.15 51.3, -147 48, -141.3 47, -141.3 45, -149.45 44.3, -155.3 47.45, -151.15 51.3))"
DELTA 2,2010-11-17 16:10:00+00:00,2010-11-17 20:10:00+00:00,0.0,28000.0,"POLYGON ((-164 42.45, -162.45 39, -165.15 38.15, -167.15 41.15, -164 42.45))"
HOTEL 1,2010-11-17 17:30:00+00:00,2010-11-17 21:30:00+00:00,0.0,36000.0,"POLYGON ((-42.45 42.45, -43 40, -45.3 39.3, -46 41.45, -42.45 42.45))"
1C,2010-11-17 23:55:00+00:00,2010-11-18 01:55:00+00:00,0.0,27000.0,"POLYGON ((-93.89232097129909 35.51674590119786, -93.24965430460212 35.385710408272125, -93.12409498489298 34.02793518745835, -94.3776293483607 34.124440010838626, -93.89232097129909 35.51674590119786))"
2C,2010-11-17 23:55:00+00:00,2010-11-18 01:55:00+00:00,0.0,23000.0,"POLYGON ((-93.1379192816937 33.259366316469354, -92.59950269763253 33.142280361292904, -93.19243105422565 31.846348303066897, -94.52488065368709 31.958685063739296, -93.1379192816937 33.259366316469354))"
1C,2010-11-18 00:55:00+00:00,2010-11-18 02:55:00+00:00,0.0,32000.0,"POLYGON ((-92.64979561008604 35.601331230795736, -92.18 34.014524177054426, -93.35970038580021 34.09617979979481, -93.45371302520654 35.38725461765392, -92.64979561008604 35.601331230795736))"
2C,2010-11-18 00:55:00+00:00,2010-11-18 02:55:00+00:00,0.0,25000.0,"POLYGON ((-92.14312468541472 33.25857422352877, -92.9144132494033 31.612257300462456, -93.81 32.10452417705443, -93.29024079349452 33.06778779978601, -92.14312468541472 33.25857422352877))"
3C,2010-11-18 01:55:00+00:00,2010-11-18 03:55:00+00:00,0.0,30000.0,"POLYGON ((-92.18 35.67821373441835, -91.61100475416589 34.20811332302595, -93.04672531707372 33.874443603693884, -93.04560426444117 35.383823107915106, -92.18 35.67821373441835))"
4C,2010-11-18 01:55:00+00:00,2010-11-18 03:55:00+00:00,0.0,30000.0,"POLYGON ((-93.2164321087179 32.768600663783694, -92.40405681683261 32.392142289384296, -93.05324656617897 31.72937823056986, -93.81 32.10452417705443, -93.2164321087179 32.768600663783694))"
5C,2010-11-18 02:55:00+00:00,2010-11-18 04:55:00+00:00,0.0,30000.0,"POLYGON ((-91.52899808448849 35.63804157700413, -90.66500476098139 34.2279306828508, -91.0191177118982 33.71247523151669, -92.98922648406473 34.67732604716009, -91.52899808448849 35.63804157700413))"
6C,2010-11-18 02:55:00+00:00,2010-11-18 04:55:00+00:00,0.0,30000.0,"POLYGON ((-92.63191112654536 32.51861404163612, -91.67594318316742 32.392142289384296, -93.47309604696426 31.256334417264295, -93.94233855984072 31.157663216393814, -92.63191112654536 32.51861404163612))"
7C,2010-11-18 03:55:00+00:00,2010-11-18 05:55:00+00:00,0.0,30000.0,"POLYGON ((-91.0191177118982 33.71247523151669, -91.07810425349042 32.18840309831207, -92.91132564441557 30.906422997902656, -93.79425429127488 30.726429120294984, -91.63228771258481 33.63709410718481, -91.0191177118982 33.71247523151669))"
8C,2010-11-18 05:55:00+00:00,2010-11-18 07:55:00+00:00,0.0,30000.0,"POLYGON ((-90.42120179798627 33.577560610256896, -89.68175148453419 33.4585633463776, -90.32048126322344 32.202500637666176, -91.13179596163505 32.19840184218151, -90.42120179798627 33.577560610256896))"
SIERRA 1,2010-11-19 04:06:00+00:00,2010-11-19 08:05:00+00:00,0.0,42000.0,"POLYGON ((-159.1 26.1, -157.1 25.5, -156.4 23.5, -161.5 20, -162.5 21.1, -159.1 23.3, -159.1 26.1))"
SIERRA 2,2010-11-19 06:42:00+00:00,2010-11-19 10:45:00+00:00,0.0,42000.0,"POLYGON ((-157.3 25.45, -156.3 25.15, -156.3 22.45, -161.15 19.15, -162.15 20.3, -159 23, -157.3 25.45))"
SIERRA 3,2010-11-19 10:18:00+00:00,2010-11-19 14:15:00+00:00,0.0,40000.0,"POLYGON ((-156.3 24.45, -155.15 23.45, -155.3 22, -158.3 19.15, -160 20.45, -157.3 22.3, -156.3 24.45))"
SIERRA 4,2010-11-19 13:38:00+00:00,2010-11-19 17:35:00+00:00,0.0,40000.0,"POLYGON ((-154.3 23.15, -154.45 20.45, -156.15 19, -157.15 20.15, -154.3 23.15))"
ECHO 1,2010-11-19 15:30:00+00:00,2010-11-19 19:30:00+00:00,0.0,48000.0,"POLYGON ((-132.3 11.08108108108108, -127 11.08108108108108, -127 8.91891891891892, -132.3 8.91891891891892, -132.3 11.08108108108108))"
PAPA 1,2010-11-19 19:07:00+00:00,2010-11-19 23:10:00+00:00,0.0,56000.0,"POLYGON ((134.02 12.1, 139.42 8.23, 143.02 3.32, 137.55 3.19, 131.06 9.42, 134.02 12.1))"
TANGO 1,2010-11-19 20:59:00+00:00,2010-11-20 01:00:00+00:00,0.0,53000.0,"POLYGON ((165.35 9.29, 171.15 7.32, 170.23 5.11, 164.2 6.04, 158.25 6.09, 159.21 9.23, 165.35 9.29))"
PAPA 2,2010-11-19 22:34:00+00:00,2010-11-20 02:35:00+00:00,0.0,56000.0,"POLYGON ((139.05 12.11, 141.34 3.22, 135.35 3.32, 134.39 12.1, 139.05 12.11))"
TANGO 2,2010-11-19 23:50:00+00:00,2010-11-20 03:50:00+00:00,0.0,53000.0,"POLYGON ((165.26 10.01, 171.43 7.38, 171.23 4.56, 164.35 5.52, 158.31 5.54, 158.31 9.35, 165.26 10.01))"
PAPA 3,2010-11-20 01:49:00+00:00,2010-11-20 05:50:00+00:00,0.0,56000.0,"POLYGON ((134.32 12.22, 139.01 12.18, 141.41 3.26, 135.2 3.32, 134.32 12.22))"
TANGO 3,2010-11-20 03:10:00+00:00,2010-11-20 07:10:00+00:00,0.0,53000.0,"POLYGON ((163.52 10.05, 172.11 8.36, 172.37 5.22, 164.46 4.13, 155.5 5.28, 156.01 9.19, 163.52 10.05))"
PAPA 4,2010-11-20 05:50:00+00:00,2010-11-20 09:50:00+00:00,0.0,55000.0,"POLYGON ((131.3 13, 139.3 12, 141.3 3.3, 135 3.3, 131.3 7.3, 131.3 13))"
TANGO 4,2010-11-20 07:10:00+00:00,2010-11-20 11:10:00+00:00,0.0,52000.0,"POLYGON ((170 9.3, 168.3 3.3, 156.3 5, 156.3 9, 170 9.3))"
UNIFORM 1,2010-11-20 18:12:00+00:00,2010-11-20 22:15:00+00:00,0.0,48000.0,"POLYGON ((-178.32 30.01, 169.36 24.46, 172.02 22.58, -178.29 26.16, -170.3 29.58, -178.32 30.01))"
UNIFORM 2,2010-11-20 21:23:00+00:00,2010-11-21 01:25:00+00:00,0.0,50000.0,"POLYGON ((-169.19 29.58, -175.46 29.56, 170.08 23.5, 173.22 22.05, -176.34 24.54, -169.19 29.58))"
1W,2010-11-20 23:19:00+00:00,2010-11-21 00:55:00+00:00,0.0,25000.0,"POLYGON ((-111.64016392317036 41.46432345651647, -111.32018874988376 40.84812028742686, -112.51 40.131844778681966, -113.14339213107891 40.25779063214721, -111.64016392317036 41.46432345651647))"
1W,2010-11-21 01:00:00+00:00,2010-11-21 02:55:00+00:00,0.0,24000.0,"POLYGON ((-121.91003869492998 39.48471017782743, -121.13918327226212 39.207810865524465, -120.96 37.63, -122.47191852741665 35.95096734468728, -123.81699759680207 36.2317007869043, -121.91003869492998 39.48471017782743))"
2W,2010-11-21 01:55:00+00:00,2010-11-21 03:55:00+00:00,0.0,25000.0,"POLYGON ((-121.78099591453511 39.746169804163195, -120.65183515119149 39.20744250335287, -120.71731895016214 38.09086678954398, -122.6157087732683 35.83218570406056, -123.6623408693931 36.5402671529871, -121.78099591453511 39.746169804163195))"
3W,2010-11-21 02:55:00+00:00,2010-11-21 04:55:00+00:00,0.0,25000.0,"POLYGON ((-121.4776106252976 39.50928646893701, -120.41622338253207 38.93933651996635, -120.71731895016214 38.09086678954398, -122.6157087732683 35.83218570406056, -123.6623408693931 36.5402671529871, -121.4776106252976 39.50928646893701))"
4W,2010-11-21 03:55:00+00:00,2010-11-21 05:55:00+00:00,0.0,24000.0,"POLYGON ((-121.55 39.271844778681974, -120.48801756577417 38.43520728750607, -120.96000000000001 36.96452417705443, -122.1733904358538 36.46762451394919, -122.42955039570316 36.6571236478791, -121.55 39.271844778681974))"
5W,2010-11-21 04:55:00+00:00,2010-11-21 06:55:00+00:00,0.0,23000.0,"POLYGON ((-121.22205880863024 39.05436435224411, -120.48801756577417 38.43520728750607, -120.44395722274429 36.87836902289658, -122.01478294657464 36.65928089583144, -122.05966690248346 37.42248148189558, -121.22205880863024 39.05436435224411))"
VICTOR 1,2010-11-21 07:18:00+00:00,2010-11-21 11:15:00+00:00,0.0,48000.0,"POLYGON ((-148.4 24.5, -144.5 24.4, -146.3 17.4, -150.3 18, -148.4 24.5))"
6W,2010-11-21 08:55:00+00:00,2010-11-21 10:55:00+00:00,0.0,22000.0,"POLYGON ((-119.82000000000001 36.214524177054436, -119.1 35.979106867209175, -120.17379261148862 34.50933572841292, -120.6339178981789 35.212810856853594, -119.82000000000001 36.214524177054436))"
FOXTROT 1,2010-11-21 09:30:00+00:00,2010-11-21 13:30:00+00:00,0.0,40000.0,"POLYGON ((-163.45 36.3, -160 33.15, -167.15 30, -171.15 32.45, -163.45 36.3))"
7W,2010-11-21 09:55:00+00:00,2010-11-21 11:55:00+00:00,0.0,20000.0,"POLYGON ((-119.47989134672164 35.75829212552107, -119.83848270706206 34.56083108633985, -120.68511685624597 33.61578847107434, -119.29966726509326 35.671578341142784, -119.82285288868187 34.58420048987655, -120.83408130111397 33.749241062526025, -119.98744715193006 34.69428367779154, -120.00307697031025 34.67091427425484, -119.47989134672164 35.75829212552107))"
8W,2010-11-21 10:55:00+00:00,2010-11-21 12:55:00+00:00,0.0,20000.0,"POLYGON ((-119.27714190256926 34.773030888982284, -119.14112136040258 34.62640752076056, -120.00878822774371 33.821484546018, -120.14480876991038 33.968107914239724, -119.27714190256926 34.773030888982284))"
VICTOR 2,2010-11-21 11:15:00+00:00,2010-11-21 15:15:00+00:00,0.0,49000.0,"POLYGON ((-148.1 23.1, -145 22.4, -147.2 17.2, -150.5 17, -148.1 23.1))"
9W,2010-11-21 11:55:00+00:00,2010-11-21 13:55:00+00:00,0.0,20000.0,"POLYGON ((-119.08104549299838 34.458231633890314, -118.91953805175689 34.340268307285704, -119.68924627937926 33.28643564654294, -119.85075372062076 33.40439897314755, -119.08104549299838 34.458231633890314))"
FOXTROT 2,2010-11-21 13:15:00+00:00,2010-11-21 17:15:00+00:00,0.0,45000.0,"POLYGON ((-162.3 39.15, -159.45 33.3, -165.45 30.3, -172 36.3, -162.3 39.15))"
VICTOR 3,2010-11-21 15:15:00+00:00,2010-11-21 19:15:00+00:00,0.0,47000.0,"POLYGON ((-149.2 22.1, -144.2 21.5, -146.1 16.3, -150.4 16, -149.2 22.1))"
WHISKEY 1,2010-11-21 16:21:00+00:00,2010-11-21 20:21:00+00:00,0.0,47000.0,"POLYGON ((-171.55 27.3, -170.2 29.05, -169.2 28.2, -171.4 26.2, -171.55 27.3))"
FOXTROT 3,2010-11-21 17:15:00+00:00,2010-11-21 21:15:00+00:00,0.0,43000.0,"POLYGON ((-159.58906762654453 33.30006455792501, -166.88906762654454 30.30006455792502, -167.71093237345548 32.29993544207498, -160.41093237345547 35.29993544207498, -159.58906762654453 33.30006455792501))"
VICTOR 4,2010-11-21 19:21:00+00:00,2010-11-21 23:15:00+00:00,0.0,42000.0,"POLYGON ((-149.55 15.3, -148.3 20, -145 20, -148.3 20, -149.55 15.3))"
WHISKEY 2,2010-11-21 20:20:00+00:00,2010-11-21 20:21:00+00:00,0.0,48000.0,"POLYGON ((-171 26.3, -177.3 25.3, -168 27, -167.3 29, -169 29.3, -171 26.3))"
WHISKEY 3,2010-11-21 20:21:00+00:00,2010-11-22 00:21:00+00:00,,,"POLYGON ((-171 26.3, -177.3 25.3, -168 27, -167.3 29, -169 29.3, -171 26.3))"
WHISKEY 4,2010-11-21 21:01:00+00:00,2010-11-22 01:00:00+00:00,0.0,48000.0,"POLYGON ((-172 26, -168.3 29.3, -167.3 28.3, -169.5 26, -172 26))"
WHISKEY 5,2010-11-22 00:59:00+00:00,2010-11-22 05:00:00+00:00,0.0,43000.0,"POLYGON ((-171 26, -169 28.3, -167 29.3, -166 28.3, -170 24.5, -171 26))"
YANKEE 1,2010-11-22 01:19:00+00:00,2010-11-22 05:19:00+00:00,0.0,48000.0,"POLYGON ((156.25 26.3, 158.3 27.3, 160.2 26.4, 156.25 26.3))"
YANKEE 2,2010-11-22 01:29:00+00:00,2010-11-22 05:29:00+00:00,0.0,48000.0,"POLYGON ((156.25 26.3, 158.3 27.3, 160.2 26.4, 159.3 25.3, 156.25 26.3))"
1C,2010-11-22 03:55:00+00:00,2010-11-22 05:55:00+00:00,0.0,28000.0,"POLYGON ((-91.38586530156654 42.39801502377745, -90.36847128643903 41.78467071166242, -92.42270264229174 40.43728967516404, -93.39700708700587 40.978607142390686, -91.38586530156654 42.39801502377745))"
2C,2010-11-22 04:55:00+00:00,2010-11-22 06:55:00+00:00,0.0,32000.0,"POLYGON ((-90.39018783999641 42.63483779365696, -89.59 41.99184477868196, -91.61 40.85452417705444, -93.2407339127778 41.311940681651514, -90.39018783999641 42.63483779365696))"
YANKEE 3,2010-11-22 05:24:00+00:00,2010-11-22 09:25:00+00:00,0.0,50000.0,"POLYGON ((160.15 30, 163.15 29.45, 166.45 26.15, 164 24.15, 156 24.15, 160.15 30))"
3C,2010-11-22 05:55:00+00:00,2010-11-22 07:55:00+00:00,0.0,32000.0,"POLYGON ((-90.08367121382138 42.58929839309457, -89.27358671727465 42.251929751289644, -91.76683634220387 41.402252735557056, -92.0839500685966 41.871952010324634, -90.08367121382138 42.58929839309457))"
4C,2010-11-22 06:55:00+00:00,2010-11-22 08:55:00+00:00,0.0,28000.0,"POLYGON ((-88.90975446060486 42.92726998267093, -88.28 42.62089313279081, -90.71 41.90089313279083, -90.79600546718483 42.246262937425364, -88.90975446060486 42.92726998267093))"
5C,2010-11-22 06:55:00+00:00,2010-11-22 08:55:00+00:00,0.0,23000.0,"POLYGON ((-86.9364176364549 41.57734979323077, -87.28898517888294 40.55979326659944, -87.7269447168087 40.558139432835716, -87.4277882744735 41.636107422246546, -86.9364176364549 41.57734979323077))"
1E,2010-11-22 07:55:00+00:00,2010-11-22 09:55:00+00:00,0.0,23000.0,"POLYGON ((-85.2377699692068 43.25081684307184, -85.04658933788741 42.78910564222398, -86.32 42.102737911472786, -86.2137172127251 42.86245843902027, -85.2377699692068 43.25081684307184))"
2E,2010-11-22 07:55:00+00:00,2010-11-22 09:55:00+00:00,0.0,24000.0,"POLYGON ((-85.65081236449035 41.768058420767794, -86.03000630487809 40.18084748146958, -86.9863896271471 40.40626495232794, -86.79060884204847 41.416114868550395, -85.65081236449035 41.768058420767794))"
6C,2010-11-22 07:55:00+00:00,2010-11-22 09:55:00+00:00,0.0,28000.0,"POLYGON ((-87.95889779833763 42.88426878015464, -87.9 42.48910686720918, -90.71 41.90089313279083, -92.81463606730333 42.16660384467801, -87.95889779833763 42.88426878015464))"
3E,2010-11-22 08:55:00+00:00,2010-11-22 10:55:00+00:00,0.0,25000.0,"POLYGON ((-84.50489938474274 43.65654761408576, -84.25473956507538 43.22245677461857, -85.04658933788741 42.78910564222398, -85.14947792544353 43.40428826588758, -84.50489938474274 43.65654761408576))"
4E,2010-11-22 08:55:00+00:00,2010-11-22 10:55:00+00:00,0.0,26000.0,"POLYGON ((-84.40234034610455 41.887024718854825, -84.98659743431635 40.91615451288153, -85.59641152370834 40.85195233492249, -85.65081236449035 41.768058420767794, -84.40234034610455 41.887024718854825))"
7C,2010-11-22 08:55:00+00:00,2010-11-22 10:55:00+00:00,0.0,24000.0,"POLYGON ((-87.85972422967023 42.99189667584264, -87.79926700777811 42.76606835496223, -89.11319393066236 42.135492146415736, -89.87405363700839 42.65163734701528, -87.85972422967023 42.99189667584264))"
8C,2010-11-22 08:55:00+00:00,2010-11-22 10:55:00+00:00,0.0,32000.0,"POLYGON ((-92.84152006845926 40.59084355496694, -93.20122149803207 39.65782507281647, -93.74250702194537 39.60408734223145, -94.23486358458874 40.36257112968429, -92.84152006845926 40.59084355496694))"
9C,2010-11-22 09:55:00+00:00,2010-11-22 11:55:00+00:00,0.0,36000.0,"POLYGON ((-92.0788088997845 41.16612326927732, -91.98860479018887 39.93744237814408, -92.89666345094996 39.89431360337065, -93.33727823392469 41.20429447062627, -92.0788088997845 41.16612326927732))"
5E,2010-11-22 09:55:00+00:00,2010-11-22 11:55:00+00:00,0.0,25000.0,"POLYGON ((-83.44198168114232 43.71922962196658, -82.89397103438819 42.95245802474736, -87.46645112502897 42.75771462468085, -87.22165590245837 43.433471987915425, -83.44198168114232 43.71922962196658))"
6E,2010-11-22 09:55:00+00:00,2010-11-22 11:55:00+00:00,0.0,27000.0,"POLYGON ((-84.60754670381542 41.821325115855664, -83.62600441568165 41.74859954687106, -83.87835291982744 41.28663895758564, -84.71999954013063 41.33197033095816, -84.60754670381542 41.821325115855664))"
GOLF 1,2010-11-22 10:00:00+00:00,2010-11-22 14:00:00+00:00,0.0,45000.0,"POLYGON ((-162.3 38.3, -159.45 37.15, -160.3 30, -164.15 30.15, -162.3 38.3))"
10C,2010-11-22 10:55:00+00:00,2010-11-22 12:55:00+00:00,0.0,34000.0,"POLYGON ((-90.71 41.73452417705443, -91.07960605777102 39.91349432881043, -91.87895178645154 39.65745773947696, -92.43438044988316 41.77172970806075, -90.71 41.73452417705443))"
7E,2010-11-22 10:55:00+00:00,2010-11-22 12:55:00+00:00,0.0,26000.0,"POLYGON ((-82.72 43.75910686720918, -82.72 43.09363104426361, -85.5 42.95636895573639, -84.50489938474274 43.65654761408576, -82.72 43.75910686720918))"
11C,2010-11-22 11:55:00+00:00,2010-11-22 13:55:00+00:00,0.0,34000.0,"POLYGON ((-91.75598326556594 42.71359337856477, -89.80886104480034 42.39647121414657, -90.0079447847942 40.39071538696074, -91.28000000000002 40.182737911472785, -91.75598326556594 42.71359337856477))"
8E,2010-11-22 11:55:00+00:00,2010-11-22 13:55:00+00:00,0.0,25000.0,"POLYGON ((-87.6957634368387 41.07774256174122, -85.52422988507482 40.36469539704536, -87.05064991245514 39.55349651921816, -88.4413265699375 40.50777681275378, -87.6957634368387 41.07774256174122))"
9E,2010-11-22 12:55:00+00:00,2010-11-22 14:55:00+00:00,0.0,25000.0,"POLYGON ((-86.32 41.60363104426361, -86.32 41.10452417705442, -86.98600479286833 40.71367449613509, -86.9364176364549 41.57734979323077, -86.32 41.60363104426361))"
12C,2010-11-22 12:55:00+00:00,2010-11-22 14:55:00+00:00,0.0,35000.0,"POLYGON ((-90.02153443857358 43.088585883258176, -88.36700530100144 42.966262116851844, -88.92707786845791 41.15809963544537, -90.27432686533069 40.1640017840607, -90.02153443857358 43.088585883258176))"
10E,2010-11-22 13:55:00+00:00,2010-11-22 15:55:00+00:00,0.0,25000.0,"POLYGON ((-84.49300648923911 42.20452299900412, -84.71999954013063 41.33197033095816, -86.66459838819179 40.6866254995416, -86.00337391833652 42.00484750987117, -84.49300648923911 42.20452299900412))"
11E,2010-11-22 13:55:00+00:00,2010-11-22 15:55:00+00:00,0.0,28000.0,"POLYGON ((-79.33165150468321 42.927977835001336, -78.65 42.93, -79.3759247013076 41.72859974644952, -82.12586403328037 40.501997906797826, -83.73047016477838 40.52486959939132, -79.33165150468321 42.927977835001336))"
GOLF 2,2010-11-22 14:00:00+00:00,2010-11-22 18:00:00+00:00,0.0,45000.0,"POLYGON ((-157.9605146511991 37.003004186056884, -159.9605146511991 30.003004186056888, -162.0394853488009 30.596995813943114, -160.0394853488009 37.59699581394311, -157.9605146511991 37.003004186056884))"
14C,2010-11-22 14:19:00+00:00,2010-11-22 15:55:00+00:00,0.0,27000.0,"POLYGON ((-92.68065196629934 43.55873552507589, -91.64583942833227 43.60245499628868, -92.04029965312996 42.28772797909161, -92.8994751857398 42.32066250408852, -92.68065196629934 43.55873552507589))"
13C,2010-11-22 14:19:00+00:00,2010-11-22 15:55:00+00:00,0.0,37000.0,"POLYGON ((-87.01912150223214 43.871699411802986, -87.3231550681211 41.020839384855265, -89.47616321301135 40.20893955364961, -89.4341003251345 43.78481953910527, -87.01912150223214 43.871699411802986))"
15C,2010-11-22 14:55:00+00:00,2010-11-22 16:55:00+00:00,0.0,30000.0,"POLYGON ((-92.12837490962816 44.37868213385438, -90.81162509037183 44.37868213385438, -91.33252750410524 42.2073129730507, -92.5631335243806 42.22193390417453, -92.12837490962816 44.37868213385438))"
16C,2010-11-22 14:55:00+00:00,2010-11-22 16:55:00+00:00,0.0,35000.0,"POLYGON ((-87.6976683615097 44.206016450992074, -85.10821526268333 43.90061673907604, -86.0714667775318 40.97664298821081, -88.77654968178659 40.90246580203209, -87.6976683615097 44.206016450992074))"
17C,2010-11-22 14:55:00+00:00,2010-11-22 16:55:00+00:00,0.0,26000.0,"POLYGON ((-89.87405363700839 42.65163734701528, -88.53782227765429 42.458804909725096, -88.76460865122024 41.549143711966465, -90.39257724961189 42.164279957174344, -89.87405363700839 42.65163734701528))"
12E,2010-11-22 14:55:00+00:00,2010-11-22 16:55:00+00:00,0.0,25000.0,"POLYGON ((-83.41967554884904 42.734271130045784, -83.87835291982744 41.28663895758564, -85.63074460419574 40.97916072395904, -85.32734168814916 42.482460174962085, -83.41967554884904 42.734271130045784))"
13E,2010-11-22 14:55:00+00:00,2010-11-22 16:55:00+00:00,0.0,30000.0,"POLYGON ((-77.59496228044915 43.24350429963819, -77.39828160096198 42.54115525356828, -82.28111442298089 40.384871638082465, -84.04 40.62273791147279, -81.40628244643898 41.41914761812677, -77.59496228044915 43.24350429963819))"
14E,2010-11-22 15:55:00+00:00,2010-11-22 17:55:00+00:00,0.0,30000.0,"POLYGON ((-77.04636218125118 43.41155545294415, -76.36096395075943 43.04224643056805, -80.86961221217386 40.82812161316678, -82.59 40.815475822945565, -80.29 41.68726208852722, -77.04636218125118 43.41155545294415))"
18C,2010-11-22 15:55:00+00:00,2010-11-22 17:55:00+00:00,0.0,30000.0,"POLYGON ((-91.48 44.567262088527215, -89.12393936878233 44.55619440730848, -89.16213701376172 41.92773807389969, -91.86693597697126 41.980829874724655, -91.48 44.567262088527215))"
19C,2010-11-22 15:55:00+00:00,2010-11-22 17:55:00+00:00,0.0,35000.0,"POLYGON ((-87.33090123778535 44.30210412974968, -83.867773677931 43.593470507958266, -85.85110989637992 40.97811165055879, -88.32 41.05089313279082, -87.2777481387345 42.17932273021383, -87.33090123778535 44.30210412974968))"
GOLF 3,2010-11-22 16:30:00+00:00,2010-11-22 20:30:00+00:00,0.0,45000.0,"POLYGON ((-158.9189189189189 34, -158.9189189189189 30, -161.0810810810811 30, -161.0810810810811 34, -158.9189189189189 34))"
15E,2010-11-22 16:55:00+00:00,2010-11-22 18:55:00+00:00,0.0,28000.0,"POLYGON ((-80.13194152553012 41.902250847768045, -79.12 41.524524177054424, -81.08947003227686 40.826660698838374, -83.1048657783937 40.992100864918925, -81.18443094897573 41.41808216325431, -80.13194152553012 41.902250847768045))"
16E,2010-11-22 16:55:00+00:00,2010-11-22 18:55:00+00:00,0.0,33000.0,"POLYGON ((-86.19625005958545 44.47717391642197, -83.14300210867822 43.386555005261854, -84.71999954013063 41.33197033095816, -87.64486801452637 41.52860173542875, -86.19625005958545 44.47717391642197))"
23C,2010-11-22 17:19:00+00:00,2010-11-22 18:55:00+00:00,0.0,30000.0,"POLYGON ((-88.19 43.894524177054436, -87.22165590245837 43.433471987915425, -87.65024553939514 42.92726998267093, -88.91369834887188 43.30925486933729, -88.19 43.894524177054436))"
24C,2010-11-22 17:19:00+00:00,2010-11-22 18:55:00+00:00,0.0,32000.0,"POLYGON ((-93.74250702194537 39.60408734223145, -92.8279027289753 39.278992607187426, -94.49 37.93726208852723, -95.27035935387627 38.01274509315114, -93.74250702194537 39.60408734223145))"
25C,2010-11-22 17:19:00+00:00,2010-11-22 18:55:00+00:00,0.0,32000.0,"POLYGON ((-91.11488001588727 39.542472935479566, -90.78115756713248 38.624331466094254, -92.58411493592274 37.94586936792441, -92.67516884235984 39.16204101951247, -91.11488001588727 39.542472935479566))"
20C,2010-11-22 17:19:00+00:00,2010-11-22 18:55:00+00:00,0.0,35000.0,"POLYGON ((-90.82686261281665 45.089142678484905, -88.55124754289841 45.1742541349822, -89.27358671727465 42.251929751289644, -91.0274227503881 42.164279957174344, -90.82686261281665 45.089142678484905))"
21C,2010-11-22 17:19:00+00:00,2010-11-22 18:55:00+00:00,0.0,32000.0,"POLYGON ((-92.67516884235984 39.16204101951247, -92.35901190138455 37.67437199343035, -94.53259610233023 36.24929158266429, -96.08244449847155 36.43492594033711, -92.67516884235984 39.16204101951247))"
22C,2010-11-22 17:19:00+00:00,2010-11-22 18:55:00+00:00,0.0,30000.0,"POLYGON ((-92.22404664815112 41.327364205607935, -91.69936202046337 40.61777387118018, -92.54967538127465 39.42435825961499, -93.74250702194537 39.60408734223145, -92.22404664815112 41.327364205607935))"
17E,2010-11-22 17:55:00+00:00,2010-11-22 19:55:00+00:00,0.0,33000.0,"POLYGON ((-84.3221790223102 44.44620899295109, -82.80764542996639 43.413671469838725, -84.40384244605876 41.56554628096593, -87.22850474147172 41.988043363982484, -84.3221790223102 44.44620899295109))"
28C,2010-11-22 18:12:00+00:00,2010-11-22 19:55:00+00:00,0.0,27000.0,"POLYGON ((-91.18224660764913 46.089604009531634, -89.89860312245735 45.50182622866622, -90.40106048752854 44.57656855040647, -91.93551871787996 45.66762713171728, -91.18224660764913 46.089604009531634))"
26C,2010-11-22 18:12:00+00:00,2010-11-22 19:55:00+00:00,0.0,35000.0,"POLYGON ((-89.93581748397723 45.629012360838566, -87.85481183863587 45.58056533328497, -86.69021195291862 43.638730380584924, -87.65024553939514 42.92726998267093, -90.62357213930117 42.55367246201729, -89.93581748397723 45.629012360838566))"
27C,2010-11-22 18:12:00+00:00,2010-11-22 19:55:00+00:00,0.0,35000.0,"POLYGON ((-91.12544183703582 42.27191582230156, -90.36847128643903 41.78467071166242, -90.23310789530443 39.320855565770316, -94.55566184238259 35.896286975798326, -96.02809771923266 36.66087937318012, -91.12544183703582 42.27191582230156))"
29C,2010-11-22 18:55:00+00:00,2010-11-22 20:55:00+00:00,0.0,35000.0,"POLYGON ((-91.75199410730669 46.671791215313434, -87.4 46.01726208852722, -86.85572362014614 45.42646464493681, -86.69021195291862 43.638730380584924, -90.02153443857358 43.088585883258176, -91.75199410730669 46.671791215313434))"
30C,2010-11-22 18:55:00+00:00,2010-11-22 20:55:00+00:00,0.0,35000.0,"POLYGON ((-90.62357213930117 42.55367246201729, -89.35835490091544 42.39206062240994, -90.15008780344714 39.474357431332706, -93.54681645824778 36.439634020808136, -95.64078417945574 36.80626036111646, -90.62357213930117 42.55367246201729))"
18E,2010-11-22 18:55:00+00:00,2010-11-22 20:55:00+00:00,0.0,32000.0,"POLYGON ((-84.03805188423792 44.639171688131974, -82.36672524128886 43.87427940158966, -83.71052150499666 41.59467407715029, -86.52590404420567 42.34191398015517, -84.99784290858983 43.52632887444882, -84.03805188423792 44.639171688131974))"
31C,2010-11-22 19:55:00+00:00,2010-11-22 21:55:00+00:00,0.0,33000.0,"POLYGON ((-90.61531051447716 47.23479363207597, -89.19792973876754 46.845333852904744, -86.00365835371176 45.437634370812184, -86.53057443791313 43.95992768997967, -88.63244781712348 43.73428205655224, -90.61531051447716 47.23479363207597))"
32C,2010-11-22 19:55:00+00:00,2010-11-22 21:55:00+00:00,0.0,40000.0,"POLYGON ((-89.76 43.38363104426361, -88.49079561163519 43.18347330156462, -88.86000000000001 40.23910686720918, -90.02450723902616 39.21203944064234, -92.67516884235984 39.16204101951247, -89.76 43.38363104426361))"
33C,2010-11-22 19:55:00+00:00,2010-11-22 21:55:00+00:00,0.0,35000.0,"POLYGON ((-93.21066134485365 39.12415958345098, -90.31576434675067 39.167294989501364, -93.50111052195068 36.24840607562531, -95.93600190294822 36.31755201006242, -93.21066134485365 39.12415958345098))"
19E,2010-11-22 19:55:00+00:00,2010-11-22 21:55:00+00:00,0.0,28000.0,"POLYGON ((-82.45969464244027 42.79858889024914, -83.37 41.87726208852721, -84.20340510813278 42.461657507660846, -82.45969464244027 42.79858889024914))"
GOLF 4,2010-11-22 20:30:00+00:00,2010-11-23 00:30:00+00:00,0.0,45000.0,"POLYGON ((-156.04333165147895 33.496490342883654, -159.04333165147895 27.79649034288365, -160.95666834852105 28.80350965711635, -157.95666834852105 34.503509657116346, -156.04333165147895 33.496490342883654))"
34C,2010-11-22 20:55:00+00:00,2010-11-22 22:55:00+00:00,0.0,30000.0,"POLYGON ((-89.19792973876754 46.845333852904744, -85.7575884613745 46.400866631609055, -84.89947681441969 44.85915756229261, -87.6976683615097 44.206016450992074, -89.19792973876754 46.845333852904744))"
35C,2010-11-22 20:55:00+00:00,2010-11-22 22:55:00+00:00,0.0,40000.0,"POLYGON ((-89.1056353381392 44.018705755641065, -87.30169883513315 43.82170670626533, -88.24383678698867 40.20893955364961, -89.87166285697703 39.32898979095147, -91.7373489965223 39.49617779744893, -89.1056353381392 44.018705755641065))"
36C,2010-11-22 20:55:00+00:00,2010-11-22 22:55:00+00:00,0.0,35000.0,"POLYGON ((-92.25989624804141 39.51470968013821, -89.87166285697703 39.32898979095147, -92.35901190138455 37.67437199343035, -94.94517724369466 36.24716639307991, -95.71094774588343 36.35367890128505, -92.25989624804141 39.51470968013821))"
ZULU 1,2010-11-22 20:59:00+00:00,2010-11-23 00:59:00+00:00,,,"POLYGON ((167.3 34, 170.3 31, 170.3 27.3, 167.3 25, 164.3 25.3, 168 29, 167.3 34))"
37C,2010-11-22 21:55:00+00:00,2010-11-22 23:55:00+00:00,0.0,37000.0,"POLYGON ((-88.36777151708752 44.252451901671904, -86.90420150974197 44.17075575465818, -86.32 41.43726208852722, -88.45948517579676 39.86664577758475, -90.81792419627178 40.202007706211646, -88.95339040020131 42.01883198294152, -88.36777151708752 44.252451901671904))"
38C,2010-11-22 21:55:00+00:00,2010-11-22 23:55:00+00:00,0.0,32000.0,"POLYGON ((-90.81792419627178 40.202007706211646, -88.258675007236 39.929450924000875, -92.5957155273074 36.76952000007354, -94.8830163154445 36.544756992312, -90.81792419627178 40.202007706211646))"
39C,2010-11-22 22:55:00+00:00,2010-11-23 00:55:00+00:00,0.0,37000.0,"POLYGON ((-87.099219582433 43.483463451113145, -84.25473956507538 43.22245677461857, -86.44622681465863 41.02889155356552, -89.12374344416241 40.80613525440795, -87.099219582433 43.483463451113145))"
40C,2010-11-22 22:55:00+00:00,2010-11-23 00:55:00+00:00,0.0,35000.0,"POLYGON ((-86.60299776653815 40.91198437153536, -91.8316342939706 36.81262527272227, -94.35825256352085 36.710878941177, -89.12374344416241 40.80613525440795, -86.60299776653815 40.91198437153536))"
41C,2010-11-22 22:55:00+00:00,2010-11-23 00:55:00+00:00,0.0,32000.0,"POLYGON ((-84.31000000000002 46.077262088527206, -82.84625809298251 45.37095295221505, -84.25473956507538 43.22245677461857, -86.36384820831815 43.40482564753265, -84.31000000000002 46.077262088527206))"
42C,2010-11-22 23:55:00+00:00,2010-11-23 01:55:00+00:00,0.0,34000.0,"POLYGON ((-85.90434891747591 44.054628881073576, -82.9842782952495 43.720811882167126, -85.85110989637992 40.97811165055879, -88.6570970515835 40.93468561586149, -85.90434891747591 44.054628881073576))"
43C,2010-11-22 23:55:00+00:00,2010-11-23 01:55:00+00:00,0.0,35000.0,"POLYGON ((-86.0714667775318 40.97664298821081, -91.68358137881246 36.695973531165265, -94.35825256352085 36.710878941177, -88.77654968178659 40.90246580203209, -86.0714667775318 40.97664298821081))"
1C,2010-11-23 00:55:00+00:00,2010-11-23 02:55:00+00:00,0.0,34000.0,"POLYGON ((-85.11869030076903 44.54185388754122, -82.27726931666439 44.02767749950933, -85.59798370149636 41.106614919275195, -88.06658401178157 41.088606068255814, -85.11869030076903 44.54185388754122))"
2C,2010-11-23 00:55:00+00:00,2010-11-23 02:55:00+00:00,0.0,36000.0,"POLYGON ((-86.49825387747791 41.114291698380384, -86.39419975183935 40.94349140875066, -94.44854286120635 36.03666348910866, -94.5525969868449 36.207463778738386, -86.49825387747791 41.114291698380384))"
3C,2010-11-23 01:55:00+00:00,2010-11-23 03:55:00+00:00,0.0,36000.0,"POLYGON ((-86.97039278141692 40.76071424017187, -86.8593694644086 40.59435972992201, -94.59216737019676 35.43356864607293, -94.70319068720508 35.59992315632279, -86.97039278141692 40.76071424017187))"
4C,2010-11-23 02:55:00+00:00,2010-11-23 04:55:00+00:00,0.0,36000.0,"POLYGON ((-86.05412413218077 40.807360036562166, -85.94836893686251 40.63760775038259, -94.40581318752952 35.3686438456697, -94.51156838284778 35.538396131849275, -86.05412413218077 40.807360036562166))"
5C,2010-11-23 03:55:00+00:00,2010-11-23 05:55:00+00:00,0.0,36000.0,"POLYGON ((-85.70693605939402 40.71159528052862, -85.60305921254269 40.54068711604189, -94.21806157657433 35.304545917756634, -94.32193842342566 35.47545408224337, -85.70693605939402 40.71159528052862))"
6C,2010-11-23 04:55:00+00:00,2010-11-23 06:55:00+00:00,0.0,36000.0,"POLYGON ((-85.71915998363035 40.27236383398893, -90.18686393314883 37.080675175949565, -95.73686393314884 34.42704413168596, -85.60887703208486 40.105517585609135, -90.17485852422726 37.087470008600924, -95.82313606685119 34.607480045368476, -90.27313606685118 37.26111108963208, -90.28514147577275 37.25431625698072, -85.71915998363035 40.27236383398893))"
7C,2010-11-23 04:55:00+00:00,2010-11-23 06:55:00+00:00,0.0,34000.0,"POLYGON ((-86.28 39.054524177054425, -85.58 38.43273791147279, -92.31622576310302 33.61220381536558, -93.91673781641025 33.817315470419445, -86.28 39.054524177054425))"
8C,2010-11-23 05:55:00+00:00,2010-11-23 07:55:00+00:00,0.0,36000.0,"POLYGON ((-85.65499763596836 40.626141198285254, -84.50234106494263 38.95616651253048, -92.03178548596773 33.846198954003995, -92.89024551526352 34.089732798434284, -90.95 36.609106867209185, -85.65499763596836 40.626141198285254))"
9C,2010-11-23 05:55:00+00:00,2010-11-23 07:55:00+00:00,0.0,38000.0,"POLYGON ((-92.63529319304716 36.19122189458447, -92.55928693140781 36.00622716981749, -95.88514270624505 34.63977812909279, -95.9611489678844 34.82477285385977, -92.63529319304716 36.19122189458447))"
10C,2010-11-23 06:55:00+00:00,2010-11-23 08:55:00+00:00,0.0,36000.0,"POLYGON ((-82.42265285136601 40.45728958988116, -81.98842894633947 39.95744127610337, -91.7964333710089 33.91087326855821, -92.18 34.347262088527216, -83.8855051211726 40.40753797056677, -82.42265285136601 40.45728958988116))"
11C,2010-11-23 06:55:00+00:00,2010-11-23 08:55:00+00:00,0.0,38000.0,"POLYGON ((-92.8276751224213 35.89095608410575, -92.75922797861703 35.70303325817703, -94.52354533055272 35.06041582781707, -94.59199247435699 35.24833865374579, -92.8276751224213 35.89095608410575))"
1E,2010-11-23 07:55:00+00:00,2010-11-23 09:55:00+00:00,0.0,30000.0,"POLYGON ((-81.11426028427766 41.76237798173478, -80.46419995752024 41.290836738499145, -82.63738286037945 39.21899598136912, -83.70636994020796 39.33412810001314, -81.11426028427766 41.76237798173478))"
12C,2010-11-23 07:55:00+00:00,2010-11-23 09:55:00+00:00,0.0,38000.0,"POLYGON ((-85.33688723295751 37.94791580584597, -87.87509007793385 36.04239739378201, -91.1275778393166 34.584569158780646, -85.22706201277012 37.780767904241465, -87.86107877085321 36.050076297246534, -91.20938044534272 34.7670748673142, -87.95689268395996 36.224903102315565, -87.9709039910406 36.21722419885104, -85.33688723295751 37.94791580584597))"
13C,2010-11-23 07:55:00+00:00,2010-11-23 09:55:00+00:00,0.0,38000.0,"POLYGON ((-91.69151262875764 35.61783090752828, -91.65383941379497 35.42141113033062, -95.15298667108641 34.75027643762979, -95.19065988604908 34.946696214827455, -91.69151262875764 35.61783090752828))"
2E,2010-11-23 08:55:00+00:00,2010-11-23 10:55:00+00:00,0.0,33000.0,"POLYGON ((-79.13478951176394 43.28190267212564, -78.48902219047189 43.047527973909304, -79.58365152245655 41.29887548691612, -80.51394139971158 42.01978236276708, -78.85970876834642 42.866141846631606, -79.13478951176394 43.28190267212564))"
3E,2010-11-23 08:55:00+00:00,2010-11-23 10:55:00+00:00,0.0,30000.0,"POLYGON ((-79.95580004247977 41.290836738499145, -81.43025141758233 39.54783132195948, -82.35939198216154 39.36435925198643, -80.3790701965796 41.13728665960522, -79.95580004247977 41.290836738499145))"
14C,2010-11-23 08:55:00+00:00,2010-11-23 10:55:00+00:00,0.0,38000.0,"POLYGON ((-84.55775401814573 37.88719846772233, -84.46794959500816 37.70849433910486, -90.12263650770629 34.86683701340593, -90.21244093084385 35.045541142023396, -84.55775401814573 37.88719846772233))"
4E,2010-11-23 09:55:00+00:00,2010-11-23 11:55:00+00:00,0.0,34000.0,"POLYGON ((-78.32988194300783 42.694271754763506, -77.81377599038872 42.67228245448251, -78.87066626817109 40.9166500821043, -79.39433385527815 41.081800371706905, -78.32988194300783 42.694271754763506))"
5E,2010-11-23 09:55:00+00:00,2010-11-23 11:55:00+00:00,0.0,38000.0,"POLYGON ((-84.7534984115729 37.58547390812138, -84.65274367039797 37.41270677545209, -88.40465679283929 35.22465729102836, -88.50541153401423 35.39742442369765, -84.7534984115729 37.58547390812138))"
6E,2010-11-23 10:55:00+00:00,2010-11-23 12:55:00+00:00,0.0,38000.0,"POLYGON ((-84.7534984115729 37.58547390812138, -84.65274367039797 37.41270677545209, -88.40465679283929 35.22465729102836, -88.50541153401423 35.39742442369765, -84.7534984115729 37.58547390812138))"
7E,2010-11-23 11:55:00+00:00,2010-11-23 13:55:00+00:00,0.0,36000.0,"POLYGON ((-85.54543388173973 36.685618838800025, -85.41978211458321 36.53001796023423, -86.61717411642175 35.56309269350793, -86.74282588357826 35.718693572073725, -85.54543388173973 36.685618838800025))"
1W,2010-11-23 13:11:00+00:00,2010-11-23 14:55:00+00:00,0.0,25000.0,"POLYGON ((-114.52663476058743 43.40489258530147, -115.36190422405252 42.86197911965583, -116.68478749852186 42.529599531412785, -114.45336523941259 43.218796972062435, -115.34963746618567 42.865916881258656, -116.73352350396299 42.72357066785747, -115.41064022949365 43.055950256100516, -115.4229069873605 43.05201249449769, -114.52663476058743 43.40489258530147))"
15C,2010-11-23 13:19:00+00:00,2010-11-23 14:55:00+00:00,0.0,35000.0,"POLYGON ((-85.15634158529963 35.987709482967894, -86.73754492660404 35.20127069040756, -90.8153449764789 33.83445756449158, -85.08812634035738 35.799702354492744, -86.73521795740429 35.20208268437456, -90.87890628302164 34.024088680900725, -86.80110623314678 35.39090180681671, -86.80343320234654 35.39008981284971, -85.15634158529963 35.987709482967894))"
QUEBEC 1,2010-11-23 13:30:00+00:00,2010-11-23 17:30:00+00:00,0.0,45000.0,"POLYGON ((177.5 29.5, 177.2 27.3, 169.3 21.2, 165.5 21.3, 174.2 27.5, 177.5 29.5))"
16C,2010-11-23 13:55:00+00:00,2010-11-23 15:55:00+00:00,0.0,35000.0,"POLYGON ((-84.95314111485533 35.9888224021753, -87.02300933679201 34.96880136290205, -90.39734648858693 33.67395354471923, -84.88061541888794 35.802435644532906, -87.02257270054847 34.968970088557725, -90.46899891206722 33.86067775367298, -87.0946617602723 35.1555255718558, -87.09509839651585 35.15535684620012, -84.95314111485533 35.9888224021753))"
18C,2010-11-23 15:09:00+00:00,2010-11-23 16:55:00+00:00,0.0,36000.0,"POLYGON ((-94.80426841489385 30.429438006359266, -94.58189559925312 29.957772380150647, -96.0177661794798 29.374504975625655, -96.23421810836545 29.63871484929557, -94.80426841489385 30.429438006359266))"
17C,2010-11-23 15:09:00+00:00,2010-11-23 16:55:00+00:00,0.0,30000.0,"POLYGON ((-85.20144400002812 35.71122846057911, -86.65160179960439 34.6115836160682, -88.48112163382511 34.0597363850578, -85.0985559999719 35.539723185312056, -86.62903616575117 34.621570416322456, -88.5388783661749 34.25121526083336, -86.70935853195418 34.80306249184376, -86.7319241658074 34.79307569158951, -85.20144400002812 35.71122846057911))"
19C,2010-11-23 16:12:00+00:00,2010-11-23 17:55:00+00:00,0.0,31000.0,"POLYGON ((-90.09463145225249 32.356272653220984, -89.49200792582259 31.789904925869426, -91.64720747567252 30.616846463044233, -92.22407093160261 31.494986579544367, -90.09463145225249 32.356272653220984))"
20C,2010-11-23 16:12:00+00:00,2010-11-23 17:55:00+00:00,0.0,30000.0,"POLYGON ((-93.21729669720771 31.00334123033534, -92.75407257057805 30.266853240562227, -95.27662698828256 29.80627480029972, -94.86832166613982 30.85250522652927, -93.21729669720771 31.00334123033534))"
21C,2010-11-23 16:55:00+00:00,2010-11-23 18:55:00+00:00,0.0,34000.0,"POLYGON ((-88.2271126872129 33.724960074409616, -86.82363637440137 33.5162716364347, -91.14176354515992 30.797325915705752, -91.95948042395112 31.449869188631517, -88.2271126872129 33.724960074409616))"
22C,2010-11-23 16:55:00+00:00,2010-11-23 18:55:00+00:00,0.0,35000.0,"POLYGON ((-93.21729669720771 31.00334123033534, -92.97380551855193 30.257570329205606, -95.17270199551376 29.896214669760766, -95.13089695921627 30.806425572097226, -93.21729669720771 31.00334123033534))"
QUEBEC 2,2010-11-23 17:18:00+00:00,2010-11-23 21:20:00+00:00,0.0,49000.0,"POLYGON ((175.48 29.26, -177.19 29.07, 174.54 22.19, 164.37 18.41, 162.02 20.35, 167.57 23.28, 175.48 29.26))"
23C,2010-11-23 17:55:00+00:00,2010-11-23 19:55:00+00:00,0.0,35000.0,"POLYGON ((-87.95587396955743 33.679767484958724, -86.61806350516773 33.43439849192075, -90.74126348040569 30.959413833163502, -91.58742356478922 31.104482076982755, -87.95587396955743 33.679767484958724))"
24C,2010-11-23 17:55:00+00:00,2010-11-23 19:55:00+00:00,0.0,35000.0,"POLYGON ((-93.3960144136897 30.938557994968775, -93.68712995242373 30.138737836651895, -94.99472216477376 30.086856707329652, -94.79428043607278 31.006273804240948, -93.3960144136897 30.938557994968775))"
2W,2010-11-23 18:14:00+00:00,2010-11-23 19:55:00+00:00,0.0,23000.0,"POLYGON ((-121.42181825216642 39.959174581639466, -121.05818188853004 39.959174581639466, -121.05818188853004 39.59553821800311, -121.42181825216642 39.59553821800311, -121.42181825216642 39.959174581639466))"
25C,2010-11-23 18:55:00+00:00,2010-11-23 20:55:00+00:00,0.0,35000.0,"POLYGON ((-87.91154432974541 33.48856171048178, -86.16343986057325 33.41314735839786, -90.48244922042447 30.838693605713566, -91.29 31.155475822945565, -87.91154432974541 33.48856171048178))"
26C,2010-11-23 18:55:00+00:00,2010-11-23 20:55:00+00:00,0.0,35000.0,"POLYGON ((-93.26691712637535 30.54690153105414, -93.24848571107262 30.347752634672716, -95.19335439696312 30.16775323166197, -95.21178581226584 30.366902128043392, -93.26691712637535 30.54690153105414))"
3W,2010-11-23 19:55:00+00:00,2010-11-23 21:55:00+00:00,0.0,22000.0,"POLYGON ((-121.3210014540803 39.389629047342645, -120.95736509044393 39.389629047342645, -120.95736509044393 39.025992683706285, -121.3210014540803 39.025992683706285, -121.3210014540803 39.389629047342645))"
QUEBEC 3,2010-11-23 20:50:00+00:00,2010-11-24 00:50:00+00:00,0.0,49000.0,"POLYGON ((-174.5 30, 180 24.4, 172.5 20.4, 163.1 17.2, 162.1 20, 168.1 23.5, 174.1 30, -174.5 30))"
4W,2010-11-23 21:55:00+00:00,2010-11-23 23:55:00+00:00,0.0,20000.0,"POLYGON ((-120.25620085781172 39.337475143633654, -120.27564589324894 38.433098648135754, -121.33759448822671 38.43980828215802, -120.25620085781172 39.337475143633654))"
27C,2010-11-23 21:55:00+00:00,2010-11-23 23:55:00+00:00,0.0,35000.0,"POLYGON ((-93.8831814328102 34.62085722434349, -93.04672531707372 33.874443603693884, -95.18094779438684 33.88704725062193, -93.8831814328102 34.62085722434349))"
QUEBEC 4,2010-11-23 23:24:00+00:00,2010-11-24 03:25:00+00:00,,,"POLYGON ((-174.22 29.56, -178.25 25.14, 176.26 25.31, 174.35 24.19, 171.06 20, 165.05 17.09, 163.04 18.53, 170.53 24.15, 175.18 29.5, -174.22 29.56))"
1C,2010-11-24 00:55:00+00:00,2010-11-24 02:55:00+00:00,0.0,30000.0,"POLYGON ((-93.43340400780319 34.778721022643865, -93.38993001375833 34.58350316525939, -94.51138475086306 34.33376107088498, -94.55485874490792 34.52897892826946, -93.43340400780319 34.778721022643865))"
QUEBEC 5,2010-11-24 01:06:00+00:00,2010-11-24 05:10:00+00:00,,,"POLYGON ((-174.3 30, -178.3 25.2, 177.3 25.2, 175 24, 174 21.1, 166.1 16.1, 163.2 18.4, 169 21, 173.2 26.2, 176.5 30, -174.3 30))"
QUEBEC 6,2010-11-24 02:36:00+00:00,2010-11-24 06:35:00+00:00,0.0,50000.0,"POLYGON ((-174.1 30, 173.5 29.5, 167.3 22.1, -177 25.2, -174.1 30))"
INDIA 1,2010-11-24 03:20:00+00:00,2010-11-24 07:20:00+00:00,0.0,35000.0,"POLYGON ((-50 36, -40 35.45, -40 30.3, -47.15 31.15, -50 36))"
2C,2010-11-24 05:55:00+00:00,2010-11-24 07:55:00+00:00,0.0,34000.0,"POLYGON ((-94.36499514556024 37.15707089898346, -93.3551353728165 36.50223509993512, -94.04120749011855 36.09626927286139, -95.79 36.699106867209174, -94.36499514556024 37.15707089898346))"
QUEBEC 7,2010-11-24 06:38:00+00:00,2010-11-24 10:35:00+00:00,0.0,45000.0,"POLYGON ((178.5 29.2, 172.3 26, 167.3 22, 170.5 21.3, -177.2 27.4, 178.5 29.2))"
3C,2010-11-24 06:55:00+00:00,2010-11-24 08:55:00+00:00,0.0,36000.0,"POLYGON ((-91.22919589003293 38.26939433341656, -91.18781996206134 36.57088014937359, -93.54681645824778 36.439634020808136, -95.96886188834782 36.902846520930304, -91.22919589003293 38.26939433341656))"
INDIA 2,2010-11-24 07:00:00+00:00,2010-11-24 11:00:00+00:00,0.0,35000.0,"POLYGON ((-40 36.45, -40 33.15, -41.15 30.15, -47 32.3, -40 36.45))"
4C,2010-11-24 07:55:00+00:00,2010-11-24 09:55:00+00:00,0.0,36000.0,"POLYGON ((-91.08033898078651 38.3878960443224, -89.91089850714192 37.05474913536524, -93.68433815761743 35.896286975798326, -95.59937124030107 36.263515551304, -94.09913246252593 38.14201787786918, -91.08033898078651 38.3878960443224))"
5C,2010-11-24 08:55:00+00:00,2010-11-24 10:55:00+00:00,0.0,36000.0,"POLYGON ((-90.78115756713248 38.624331466094254, -89.99018484900898 37.208641955032, -92.28932923227913 36.5482291312977, -94.7070436406514 36.719131705146665, -93.85428669521963 38.268285055886736, -90.78115756713248 38.624331466094254))"
6C,2010-11-24 09:55:00+00:00,2010-11-24 11:55:00+00:00,0.0,41000.0,"POLYGON ((-90.17884243286754 38.624331466094254, -89.45593390677304 37.412800292515804, -91.90512709527358 36.42454854238829, -94.29278656547734 37.03775803263106, -92.9686807736934 38.21939860491814, -90.17884243286754 38.624331466094254))"
QUEBEC 8,2010-11-24 10:34:00+00:00,2010-11-24 14:35:00+00:00,0.0,45000.0,"POLYGON ((-178.3 30, 168.4 22.2, 170.1 20.4, -173 30, -178.3 30))"
INDIA 3,2010-11-24 10:45:00+00:00,2010-11-24 14:45:00+00:00,0.0,35000.0,"POLYGON ((-40 34.15, -40 27.3, -43.15 30.15, -40 34.15))"
7C,2010-11-24 10:55:00+00:00,2010-11-24 12:55:00+00:00,0.0,41000.0,"POLYGON ((-91.79299373260812 38.809222910990734, -90.78115756713248 38.624331466094254, -90.97905614135281 38.25584298855346, -93.47777413991412 37.24226740728703, -96.16838395018881 37.47440063553829, -91.79299373260812 38.809222910990734))"
8C,2010-11-24 10:55:00+00:00,2010-11-24 12:55:00+00:00,0.0,36000.0,"POLYGON ((-90.36402257489783 36.5791390401417, -90.19144825131552 35.852939785534595, -91.52899808448849 35.63804157700413, -92.30517462608387 36.532074730485625, -90.36402257489783 36.5791390401417))"
JULIETT 1,2010-11-24 11:00:00+00:00,2010-11-24 15:00:00+00:00,0.0,35000.0,"POLYGON ((-60 40.45, -57 40.3, -61.15 36.15, -65.3 36.15, -60 40.45))"
9C,2010-11-24 11:55:00+00:00,2010-11-24 13:55:00+00:00,0.0,40000.0,"POLYGON ((-90.78315707398804 39.09489003487298, -90.08592499235297 38.732004036601296, -91.70115975455683 37.66086322801481, -94.34040081730656 38.15226434338206, -92.22 38.14452417705443, -90.78315707398804 39.09489003487298))"
10C,2010-11-24 11:55:00+00:00,2010-11-24 13:55:00+00:00,0.0,37000.0,"POLYGON ((-90.55205273408532 36.877868866166466, -90.37784694496806 36.29964101366536, -90.75989885648508 36.04618315936905, -91.68358137881246 36.695973531165265, -90.55205273408532 36.877868866166466))"
11C,2010-11-24 12:55:00+00:00,2010-11-24 14:55:00+00:00,0.0,32000.0,"POLYGON ((-95.066194712055 38.67472345586934, -93.00618568755917 38.55269463572637, -93.00694185673542 37.974381778266675, -94.10613633572451 37.61213474549222, -95.33760736257732 38.26695125345406, -95.066194712055 38.67472345586934))"
12C,2010-11-24 13:55:00+00:00,2010-11-24 15:55:00+00:00,0.0,35000.0,"POLYGON ((-93.94272498268425 39.54195288461503, -89.8862376273111 39.04949877690833, -88.92312419028445 37.54226254088019, -90.06979518564958 37.362481716628714, -95.07887463339102 38.45953019651482, -93.94272498268425 39.54195288461503))"
13C,2010-11-24 14:55:00+00:00,2010-11-24 16:55:00+00:00,0.0,30000.0,"POLYGON ((-93.04920408982481 39.77616884107525, -90.48214243740559 39.59259528345068, -91.46252996207551 38.53754194405977, -94.16284493748114 38.884367130175114, -93.04920408982481 39.77616884107525))"
14C,2010-11-24 14:55:00+00:00,2010-11-24 16:55:00+00:00,0.0,33000.0,"POLYGON ((-89.02546661565961 37.923223908081795, -86.88355589291147 37.28209881891041, -88.58727546766781 36.60598089917474, -90.52818959004591 37.904906418108176, -89.02546661565961 37.923223908081795))"
JULIETT 2,2010-11-24 15:00:00+00:00,2010-11-24 19:00:00+00:00,0.0,40000.0,"POLYGON ((-60 40, -53 40, -56 35, -65 35, -60 40))"
15C,2010-11-24 15:55:00+00:00,2010-11-24 17:55:00+00:00,0.0,25000.0,"POLYGON ((-92.75579085262312 39.822471768022446, -92.30188155505861 38.963676329022434, -93.40984639578936 39.185981755880455, -92.75579085262312 39.822471768022446))"
16C,2010-11-24 15:55:00+00:00,2010-11-24 17:55:00+00:00,0.0,30000.0,"POLYGON ((-87.90890764784756 37.81226549696037, -86.82520694513771 37.05671178123533, -87.26620527918679 36.60913747060022, -88.49982072569345 37.339472839695034, -87.90890764784756 37.81226549696037))"
20C,2010-11-24 17:28:00+00:00,2010-11-24 18:55:00+00:00,0.0,32000.0,"POLYGON ((-94.81581804558557 39.854311345303735, -94.66418195441442 39.72390238911462, -95.09410002099618 39.22400501208337, -95.24573611216734 39.35441396827248, -94.81581804558557 39.854311345303735))"
17C,2010-11-24 17:28:00+00:00,2010-11-24 18:55:00+00:00,0.0,25000.0,"POLYGON ((-92.98473068330247 42.47465831949591, -92.82664557032894 41.69173797836738, -93.80664365599539 41.3222530349033, -93.87316657927764 42.481910283524115, -92.98473068330247 42.47465831949591))"
18C,2010-11-24 17:28:00+00:00,2010-11-24 18:55:00+00:00,0.0,25000.0,"POLYGON ((-91.93722950703723 40.12816751779059, -91.88876264762871 39.37784094086639, -92.8279027289753 39.278992607187426, -91.93722950703723 40.12816751779059))"
19C,2010-11-24 17:28:00+00:00,2010-11-24 18:55:00+00:00,0.0,32000.0,"POLYGON ((-89.31662728040386 39.38618129629181, -88.61325680064061 39.27862330318855, -88.36043152924202 38.399041526900064, -90.02900616105268 38.50620889701939, -89.31662728040386 39.38618129629181))"
23C,2010-11-24 18:19:00+00:00,2010-11-24 19:55:00+00:00,0.0,30000.0,"POLYGON ((-93.25113025951859 42.286959382729094, -92.04029965312996 42.28772797909161, -93.03670576013849 41.24736879421303, -93.25113025951859 42.286959382729094))"
24C,2010-11-24 18:19:00+00:00,2010-11-24 19:55:00+00:00,0.0,30000.0,"POLYGON ((-90.31327630235403 38.948108916943944, -90.21941501716437 38.77150184137066, -91.42438858371177 38.1310950671315, -91.51824986890144 38.307702142704784, -90.31327630235403 38.948108916943944))"
21C,2010-11-24 18:19:00+00:00,2010-11-24 19:55:00+00:00,0.0,32000.0,"POLYGON ((-88.42728806221731 39.73919674002744, -87.08572888776212 39.18247442273281, -87.5163154895952 38.39086408740832, -89.839046334989 38.85824844143621, -88.42728806221731 39.73919674002744))"
22C,2010-11-24 18:19:00+00:00,2010-11-24 19:55:00+00:00,0.0,35000.0,"POLYGON ((-94.48837068032317 39.963888694655026, -94.32768247761511 39.84481182238147, -94.65965589864597 39.39683051959962, -94.82034410135402 39.51590739187317, -94.48837068032317 39.963888694655026))"
25C,2010-11-24 18:55:00+00:00,2010-11-24 20:55:00+00:00,0.0,30000.0,"POLYGON ((-86.44481168599935 39.41247347431365, -86.49420277600515 38.89934000200661, -88.00579722399486 38.89934000200661, -88.11228432956764 39.4868154568478, -86.44481168599935 39.41247347431365))"
26C,2010-11-24 18:55:00+00:00,2010-11-24 20:55:00+00:00,0.0,32000.0,"POLYGON ((-93.62440285375737 40.6091432866317, -93.1698573992119 40.6091432866317, -93.1698573992119 40.154597832086246, -93.62440285375737 40.154597832086246, -93.62440285375737 40.6091432866317))"
27C,2010-11-24 18:55:00+00:00,2010-11-24 20:55:00+00:00,0.0,30000.0,"POLYGON ((-91.75598326556594 42.71359337856477, -91.1986150113596 41.646601115385714, -92.27659639696566 41.51807540591529, -92.98473068330247 42.47465831949591, -91.75598326556594 42.71359337856477))"
28C,2010-11-24 18:55:00+00:00,2010-11-24 20:55:00+00:00,0.0,32000.0,"POLYGON ((-91.6044279935423 40.64919886970921, -91.18506597307895 39.38231813131986, -91.37493402692108 39.3194681342618, -91.79429604738444 40.58634887265114, -91.6044279935423 40.64919886970921))"
JULIETT 3,2010-11-24 19:00:00+00:00,2010-11-24 23:00:00+00:00,0.0,42000.0,"POLYGON ((-55 40, -50 40, -51 35, -58 35, -55 40))"
ROMEO 1,2010-11-24 19:20:00+00:00,2010-11-24 23:20:00+00:00,0.0,47000.0,"POLYGON ((-154.3 24, -151.3 22.3, -152 21, -154 21.3, -154.3 24))"
29C,2010-11-24 19:55:00+00:00,2010-11-24 21:55:00+00:00,0.0,28000.0,"POLYGON ((-92.56575265881348 40.818116282239664, -92.11120720426801 40.818116282239664, -92.11120720426801 40.36357082769421, -92.56575265881348 40.36357082769421, -92.56575265881348 40.818116282239664))"
30C,2010-11-24 19:55:00+00:00,2010-11-24 21:55:00+00:00,0.0,28000.0,"POLYGON ((-90.97056757611203 42.860820901782, -90.71 41.90089313279083, -91.78088009559124 41.82728362346692, -92.07506109952874 42.70111697496717, -90.97056757611203 42.860820901782))"
31C,2010-11-24 19:55:00+00:00,2010-11-24 21:55:00+00:00,0.0,25000.0,"POLYGON ((-90.8314628499243 40.92915811231926, -89.84192651747685 40.698609860472835, -90.48 39.35910686720918, -91.58752017443607 40.08487597832706, -90.8314628499243 40.92915811231926))"
32C,2010-11-24 20:55:00+00:00,2010-11-24 22:55:00+00:00,0.0,27000.0,"POLYGON ((-90.60469944007689 43.29221575460944, -89.58360005768571 42.3944863941665, -90.5509917388382 42.28224939317219, -91.47 43.078155221318035, -90.60469944007689 43.29221575460944))"
33C,2010-11-24 20:55:00+00:00,2010-11-24 22:55:00+00:00,0.0,32000.0,"POLYGON ((-90.94340360303434 41.51807540591529, -89.9251264434277 40.544692326261334, -90.68104821354848 39.65745773947696, -91.61 41.18726208852723, -90.94340360303434 41.51807540591529))"
34C,2010-11-24 20:55:00+00:00,2010-11-24 22:55:00+00:00,0.0,40000.0,"POLYGON ((-93.94850240249657 39.03264914438195, -93.65305814326457 37.974381778266675, -94.8830163154445 36.544756992312, -95.77713467448257 36.96759931321484, -93.94850240249657 39.03264914438195))"
HOTEL 1,2010-11-24 21:25:00+00:00,2010-11-25 01:25:00+00:00,30000.0,36000.0,"POLYGON ((166.15 46.45, 176.15 44.45, 175.3 39.45, 165.15 43.15, 166.15 46.45))"
JULIETT 4,2010-11-24 21:50:00+00:00,2010-11-25 01:50:00+00:00,0.0,42000.0,"POLYGON ((-44 40, -44.15 34.45, -55 34.45, -53.3 40, -44 40))"
35C,2010-11-24 21:55:00+00:00,2010-11-24 23:55:00+00:00,0.0,45000.0,"POLYGON ((-93.40984639578936 39.185981755880455, -92.62418464408016 38.040775832978476, -95.71094774588343 36.35367890128505, -95.77713467448257 36.96759931321484, -93.40984639578936 39.185981755880455))"
36C,2010-11-24 21:55:00+00:00,2010-11-24 23:55:00+00:00,0.0,22000.0,"POLYGON ((-89.76 43.55, -88.36700530100144 42.966262116851844, -88.91975519977423 42.64764707816552, -90.24410692200819 43.19605311331964, -89.76 43.55))"
37C,2010-11-24 21:55:00+00:00,2010-11-24 23:55:00+00:00,0.0,32000.0,"POLYGON ((-90.79600546718483 42.246262937425364, -89.59 40.9936310442636, -90.21056902795137 40.687765571974516, -91.35306402302874 41.980829874724655, -90.79600546718483 42.246262937425364))"
38C,2010-11-24 22:55:00+00:00,2010-11-25 00:55:00+00:00,0.0,45000.0,"POLYGON ((-92.4351778239912 38.58760642404391, -92.33023948653046 38.41734795779047, -95.81658308538621 36.26854966815833, -95.92152142284695 36.43880813441177, -92.4351778239912 38.58760642404391))"
39C,2010-11-24 22:55:00+00:00,2010-11-25 00:55:00+00:00,0.0,35000.0,"POLYGON ((-92.29070284728857 39.54619433102718, -92.14929715271143 39.40475731486394, -93.35980462572999 38.1945179117967, -93.50121032030714 38.33595492795994, -92.29070284728857 39.54619433102718))"
40C,2010-11-24 22:55:00+00:00,2010-11-25 00:55:00+00:00,0.0,25000.0,"POLYGON ((-89.88081116211876 42.142338425455, -90.58861614948565 41.19713552493705, -91.52476389540222 41.6736734493593, -89.88081116211876 42.142338425455))"
41C,2010-11-24 23:55:00+00:00,2010-11-25 01:55:00+00:00,0.0,44000.0,"POLYGON ((-92.27072945350507 38.56343936248663, -92.16927054649493 38.391084814567805, -95.92989930619387 36.17733827734459, -96.03135821320402 36.34969282526342, -92.27072945350507 38.56343936248663))"
42C,2010-11-24 23:55:00+00:00,2010-11-25 01:55:00+00:00,0.0,35000.0,"POLYGON ((-91.49349440624214 39.81186340116321, -91.37244708708415 39.65265427289266, -92.5864826078129 38.72961834685546, -92.70752992697088 38.88882747512601, -91.49349440624214 39.81186340116321))"
43C,2010-11-24 23:55:00+00:00,2010-11-25 01:55:00+00:00,0.0,24000.0,"POLYGON ((-90.08747249589474 42.2073129730507, -89.74597535361703 41.042254076859734, -90.72121850821866 41.51657855579943, -90.08747249589474 42.2073129730507))"
1C,2010-11-25 00:55:00+00:00,2010-11-25 02:55:00+00:00,0.0,45000.0,"POLYGON ((-91.67937424878602 38.70437811429805, -91.58028684512252 38.53064934168043, -95.93077524593635 36.04931827711535, -96.02986264959985 36.22304704973297, -91.67937424878602 38.70437811429805))"
2C,2010-11-25 00:55:00+00:00,2010-11-25 02:55:00+00:00,0.0,35000.0,"POLYGON ((-90.21056902795137 40.687765571974516, -88.05749703939473 39.991909033510744, -90.06670060786341 39.627800004240854, -91.12650405843907 39.967539559786225, -90.21056902795137 40.687765571974516))"
3C,2010-11-25 00:55:00+00:00,2010-11-25 02:55:00+00:00,0.0,23000.0,"POLYGON ((-89.58360005768571 42.3944863941665, -87.87539134877974 41.549143711966465, -88.78902369455817 41.19612226458246, -90.71 41.90089313279083, -89.58360005768571 42.3944863941665))"
JULIETT 5,2010-11-25 01:50:00+00:00,2010-11-25 05:50:00+00:00,0.0,42000.0,"POLYGON ((-54.45 41, -40 41, -40 34.45, -53.45 35, -54.45 41))"
4C,2010-11-25 01:55:00+00:00,2010-11-25 03:55:00+00:00,0.0,45000.0,"POLYGON ((-89.92013412786137 39.41645713285035, -89.82319158609268 39.24152244905259, -96.32118029649368 35.640569634579016, -96.41812283826238 35.815504318376775, -89.92013412786137 39.41645713285035))"
5C,2010-11-25 01:55:00+00:00,2010-11-25 03:55:00+00:00,0.0,35000.0,"POLYGON ((-88.78902369455817 41.19612226458246, -87.37860826633712 40.324307405283925, -89.85481622603884 39.41741094498455, -88.78902369455817 41.19612226458246))"
6C,2010-11-25 01:55:00+00:00,2010-11-25 03:55:00+00:00,0.0,35000.0,"POLYGON ((-97.01931771631169 35.869175835046555, -96.15517204413251 34.97675755489824, -97.6 35.067262088527215, -97.01931771631169 35.869175835046555))"
7C,2010-11-25 02:55:00+00:00,2010-11-25 04:55:00+00:00,0.0,45000.0,"POLYGON ((-90.36666726976104 38.834967009878355, -93.78611510402669 37.451967077984676, -93.80011138462373 37.44498692262957, -97.2749559557211 35.35780672357912, -93.71112604625645 37.26655768983312, -90.2916782119908 38.6495576217268, -97.17197433675678 35.18635764613778, -93.69712976565941 37.27353784518823, -90.36666726976104 38.834967009878355))"
8C,2010-11-25 02:55:00+00:00,2010-11-25 04:55:00+00:00,0.0,36000.0,"POLYGON ((-87.65309438410776 41.54807337464175, -85.47773190061054 39.97191099467421, -89.31662728040386 39.38618129629181, -87.65309438410776 41.54807337464175))"
9C,2010-11-25 03:55:00+00:00,2010-11-25 05:55:00+00:00,0.0,45000.0,"POLYGON ((-90.22085494446752 38.71507808514456, -92.9533919364584 37.450009002959206, -92.95601091868772 37.44874997946585, -97.35682721270699 35.25386471019487, -92.86936691325845 37.26851576485859, -90.13682992126756 38.53358484704395, -97.26756422504839 35.07488951908096, -92.86674793102912 37.269774788351945, -90.22085494446752 38.71507808514456))"
10C,2010-11-25 03:55:00+00:00,2010-11-25 05:55:00+00:00,0.0,35000.0,"POLYGON ((-86.32 41.10452417705442, -85.19 40.148155221318035, -88.7072726825538 39.62225922844704, -86.32 41.10452417705442))"
11C,2010-11-25 04:55:00+00:00,2010-11-25 06:55:00+00:00,0.0,45000.0,"POLYGON ((-89.24185265880108 39.209147955679995, -91.4557070359195 37.569730235572905, -96.6181405789392 35.62108944004391, -89.13468429420176 39.04028427803111, -91.43743734601127 37.57885525981653, -96.68876956372205 35.80820316618004, -91.52633602070235 37.75684396170904, -91.54460571061058 37.747718937465415, -89.24185265880108 39.209147955679995))"
12C,2010-11-25 04:55:00+00:00,2010-11-25 06:55:00+00:00,0.0,35000.0,"POLYGON ((-88.32 40.71815522131804, -85.02211397434185 40.67246816470484, -85.19857798225982 39.714983416177276, -88.39867185385155 40.09201127760747, -88.32 40.71815522131804))"
1E,2010-11-25 05:55:00+00:00,2010-11-25 07:55:00+00:00,0.0,38000.0,"POLYGON ((-85.63074460419574 40.97916072395904, -83.73047016477838 40.52486959939132, -83.70913291483416 39.674707018512514, -85.47773190061054 39.97191099467421, -85.63074460419574 40.97916072395904))"
13C,2010-11-25 05:55:00+00:00,2010-11-25 07:55:00+00:00,0.0,43000.0,"POLYGON ((-88.61329033128621 39.5856196208649, -90.43364422582 38.03885702801648, -95.75083024321742 35.775252685999035, -88.49683888668571 39.42301869512813, -90.41458826030234 38.04956596767628, -95.82916975678259 35.959271491055404, -90.51198373938517 38.22287583307285, -90.53103970490284 38.21216689341305, -88.61329033128621 39.5856196208649))"
14C,2010-11-25 06:55:00+00:00,2010-11-25 08:55:00+00:00,0.0,40000.0,"POLYGON ((-91.78915318903752 37.97147034694348, -91.68284752402305 37.80206224328302, -95.72684716749278 35.26440281537895, -95.83315283250725 35.43381091903941, -91.78915318903752 37.97147034694348))"
15C,2010-11-25 07:55:00+00:00,2010-11-25 09:55:00+00:00,0.0,40000.0,"POLYGON ((-91.53850673848704 37.75129365984257, -91.4435363181348 37.575280537439376, -95.7325147898239 35.261100306007584, -95.82748521017614 35.437113428410775, -91.53850673848704 37.75129365984257))"
2E,2010-11-25 07:55:00+00:00,2010-11-25 09:55:00+00:00,0.0,38000.0,"POLYGON ((-85.7990263464567 40.78739496270854, -85.88107768460424 39.591983445841386, -87.59788647627107 38.23729876066183, -88.40337271959615 39.38618129629181, -85.7990263464567 40.78739496270854))"
ALFA 1,2010-11-25 08:30:00+00:00,2010-11-25 12:30:00+00:00,0.0,50000.0,"POLYGON ((-135 13.45, -133 11.45, -134.3 9.3, -137.15 12.3, -135 13.45))"
16C,2010-11-25 08:55:00+00:00,2010-11-25 10:55:00+00:00,0.0,40000.0,"POLYGON ((-92.90456059046612 36.523783875685346, -92.8058332954274 36.34985020667805, -96.01652051250841 34.52741717248224, -96.11524780754712 34.701350841489536, -92.90456059046612 36.523783875685346))"
3E,2010-11-25 08:55:00+00:00,2010-11-25 10:55:00+00:00,0.0,38000.0,"POLYGON ((-84.69431317876848 40.288157109350855, -84.7 39.68547582294557, -86.49420277600515 38.89934000200661, -86.65413992831297 39.297477307934656, -84.69431317876848 40.288157109350855))"
JULIETT 6,2010-11-25 09:30:00+00:00,2010-11-25 13:30:00+00:00,0.0,40000.0,"POLYGON ((-40 43.3, -40 33.45, -52.15 30.15, -53.3 40.15, -40 43.3))"
17C,2010-11-25 09:55:00+00:00,2010-11-25 11:55:00+00:00,0.0,37000.0,"POLYGON ((-92.03755087651686 37.01096995193215, -91.92272661128402 36.84721590430663, -95.16200393664009 34.57583608705761, -95.27682820187293 34.73959013468313, -92.03755087651686 37.01096995193215))"
18C,2010-11-25 09:55:00+00:00,2010-11-25 11:55:00+00:00,0.0,36000.0,"POLYGON ((-98.27783681771457 34.19740504580808, -98.15953339533776 34.036146556872055, -100.39249623482218 32.39798693070765, -100.51079965719899 32.55924541964368, -98.27783681771457 34.19740504580808))"
4E,2010-11-25 09:55:00+00:00,2010-11-25 11:55:00+00:00,0.0,36000.0,"POLYGON ((-86.36258857578278 39.566265835750585, -85.87067734532506 38.95075290363385, -87.00824635032804 38.515820689814504, -87.6580020013532 38.72075875392721, -86.36258857578278 39.566265835750585))"
5E,2010-11-25 10:55:00+00:00,2010-11-25 12:55:00+00:00,0.0,35000.0,"POLYGON ((-86.11518831400065 39.41247347431365, -85.77063754524288 39.015106850771055, -87.59923652833989 37.62248069672481, -88.00368451040482 38.39086408740832, -86.11518831400065 39.41247347431365))"
19C,2010-11-25 10:55:00+00:00,2010-11-25 12:55:00+00:00,0.0,36000.0,"POLYGON ((-91.16123252722588 37.04863865243226, -91.06546292377533 36.87305908911429, -96.11626826946619 34.11810506188119, -96.21203787291674 34.293684625199155, -91.16123252722588 37.04863865243226))"
20C,2010-11-25 10:55:00+00:00,2010-11-25 12:55:00+00:00,0.0,35000.0,"POLYGON ((-98.79646094611509 33.76701890855709, -98.68958186399705 33.59797198665194, -100.59541809844785 32.39301643283434, -100.70229718056589 32.562063354739486, -98.79646094611509 33.76701890855709))"
6E,2010-11-25 11:55:00+00:00,2010-11-25 13:55:00+00:00,0.0,35000.0,"POLYGON ((-85.30973457529112 39.48898075185077, -85.34240149403729 39.018238407466264, -86.70542469117643 37.92529427799425, -86.65413992831297 39.297477307934656, -85.30973457529112 39.48898075185077))"
22C,2010-11-25 12:10:00+00:00,2010-11-25 13:55:00+00:00,0.0,35000.0,"POLYGON ((-95.21034843262198 35.728036976477895, -95.93458518046275 34.542492349281694, -98.20948621722326 33.2208886067065, -99.86 33.14547582294556, -95.21034843262198 35.728036976477895))"
21C,2010-11-25 12:10:00+00:00,2010-11-25 13:55:00+00:00,0.0,36000.0,"POLYGON ((-89.69305995309283 37.94777023251107, -89.59884229604215 37.77135301934897, -92.62890298038488 36.15311399786624, -92.72312063743556 36.32953121102834, -89.69305995309283 37.94777023251107))"
23C,2010-11-25 12:55:00+00:00,2010-11-25 14:55:00+00:00,0.0,37000.0,"POLYGON ((-88.79880473128264 38.32410019817408, -88.67830155884576 38.16447881667196, -91.50753298803374 36.02860353751466, -91.62803616047063 36.18822491901678, -88.79880473128264 38.32410019817408))"
24C,2010-11-25 12:55:00+00:00,2010-11-25 14:55:00+00:00,0.0,35000.0,"POLYGON ((-96.72010049665693 35.164720842610386, -96.35014773742222 34.37810492329278, -98.20948621722326 33.2208886067065, -99.86 33.14547582294556, -96.72010049665693 35.164720842610386))"
JULIETT 7,2010-11-25 13:30:00+00:00,2010-11-25 17:30:00+00:00,0.0,40000.0,"POLYGON ((-50 45, -40 45, -40 33, -47 32, -54 38, -50 45))"
25C,2010-11-25 13:55:00+00:00,2010-11-25 15:55:00+00:00,0.0,33000.0,"POLYGON ((-88.22915562174616 38.01734772296565, -88.13453486346201 37.84114638329501, -90.90268962085793 36.35463724163748, -90.99731037914208 36.53083858130812, -88.22915562174616 38.01734772296565))"
26C,2010-11-25 13:55:00+00:00,2010-11-25 15:55:00+00:00,0.0,28000.0,"POLYGON ((-92.4927753061628 37.35704960400644, -92.17564338928928 36.97237909931712, -93.54961155379007 36.057644937086124, -93.97390432882254 36.36755184762342, -92.4927753061628 37.35704960400644))"
27C,2010-11-25 13:55:00+00:00,2010-11-25 15:55:00+00:00,0.0,33000.0,"POLYGON ((-94.69038844620995 36.057644937086124, -94.27 35.39, -97.88544553354366 33.39978538573632, -98.74302140505607 33.682495447604516, -94.69038844620995 36.057644937086124))"
28C,2010-11-25 14:55:00+00:00,2010-11-25 16:55:00+00:00,0.0,32000.0,"POLYGON ((-87.35212886633497 38.697823880951525, -87.159568470758 38.399041526900064, -88.79248536983745 37.10198287300186, -90.23 37.17089313279082, -87.35212886633497 38.697823880951525))"
29C,2010-11-25 14:55:00+00:00,2010-11-25 16:55:00+00:00,0.0,32000.0,"POLYGON ((-92.4927753061628 37.35704960400644, -91.98013874390044 36.92909292811939, -96.06588416002776 34.61438400698589, -96.53150191425202 35.102357651227884, -92.4927753061628 37.35704960400644))"
30C,2010-11-25 14:55:00+00:00,2010-11-25 16:55:00+00:00,0.0,30000.0,"POLYGON ((-97.17 34.54273791147279, -97.17 33.71089313279082, -98.59 33.324524177054435, -97.17 34.54273791147279))"
31C,2010-11-25 15:55:00+00:00,2010-11-25 17:55:00+00:00,0.0,35000.0,"POLYGON ((-89.05891349102839 38.04622367236579, -88.6463834178582 37.22081786509165, -91.14040958130951 36.17351604886221, -91.26772359628241 36.72440131848143, -89.05891349102839 38.04622367236579))"
32C,2010-11-25 15:55:00+00:00,2010-11-25 17:55:00+00:00,0.0,32000.0,"POLYGON ((-93.18222586008588 37.24226740728703, -92.45022110806437 36.65088556358398, -94.27 35.05726208852721, -94.73888947804934 36.24840607562531, -93.18222586008588 37.24226740728703))"
33C,2010-11-25 15:55:00+00:00,2010-11-25 17:55:00+00:00,0.0,30000.0,"POLYGON ((-96.59089456106531 34.847309056890715, -96.08803196490558 34.23479133629657, -98.4264864567035 32.86235262731738, -98.59 32.99178626558165, -96.59089456106531 34.847309056890715))"
34C,2010-11-25 15:55:00+00:00,2010-11-25 17:55:00+00:00,0.0,30000.0,"POLYGON ((-93.80668129572626 34.46688303394483, -93.11095916581856 34.35812375537841, -93.87046671840687 33.50984006672477, -94.46906508805087 33.50936027002112, -93.80668129572626 34.46688303394483))"
35C,2010-11-25 16:55:00+00:00,2010-11-25 18:55:00+00:00,0.0,30000.0,"POLYGON ((-88.20959791255359 38.28206844692847, -88.14906139545336 37.80202575280773, -89.83193315913948 36.900803767097244, -89.63171402226911 38.139055752315244, -88.20959791255359 38.28206844692847))"
36C,2010-11-25 16:55:00+00:00,2010-11-25 18:55:00+00:00,0.0,35000.0,"POLYGON ((-91.24036133730671 35.874368077995655, -90.55792362000294 35.48919525778554, -94.35141873228052 33.274400425435914, -93.33101463122763 35.068029229266116, -91.24036133730671 35.874368077995655))"
37C,2010-11-25 16:55:00+00:00,2010-11-25 18:55:00+00:00,0.0,30000.0,"POLYGON ((-96.06752373212463 35.084943227930914, -95.70256380815547 34.69627057374492, -97.74501278092416 33.45622861203412, -98.02558437379773 33.51814707253503, -96.06752373212463 35.084943227930914))"
JULIETT 8,2010-11-25 17:30:00+00:00,2010-11-25 21:30:00+00:00,0.0,40000.0,"POLYGON ((-50 45, -40 45, -40 30, -50 30, -50 45))"
38C,2010-11-25 17:55:00+00:00,2010-11-25 19:55:00+00:00,0.0,28000.0,"POLYGON ((-87.76 38.595475822945566, -87.54907629864074 37.929811762162885, -88.6463834178582 37.22081786509165, -89.02546661565961 37.923223908081795, -87.76 38.595475822945566))"
39C,2010-11-25 17:55:00+00:00,2010-11-25 19:55:00+00:00,0.0,40000.0,"POLYGON ((-89.71747935514759 36.78787103439686, -89.88873082826868 35.82765630093168, -93.78704673711187 33.744959830582474, -92.57075327794799 35.44790273046866, -89.71747935514759 36.78787103439686))"
40C,2010-11-25 17:55:00+00:00,2010-11-25 19:55:00+00:00,0.0,30000.0,"POLYGON ((-95.47686085900622 35.58477150503226, -95.17182327856774 34.848486326228624, -96.74501818978149 33.85634449077845, -96.88469692968405 34.44495122397023, -95.47686085900622 35.58477150503226))"
41C,2010-11-25 18:55:00+00:00,2010-11-25 20:55:00+00:00,0.0,28000.0,"POLYGON ((-87.004131864873 39.028625613178775, -86.78144685493582 38.24428950742302, -87.92076347166014 37.62248069672481, -88.0856026224886 38.54437264639376, -87.004131864873 39.028625613178775))"
42C,2010-11-25 18:55:00+00:00,2010-11-25 20:55:00+00:00,0.0,37000.0,"POLYGON ((-89.32 37.01821373441836, -88.29107470635843 36.83910745709351, -91.43465701275326 34.42306291183953, -92.89024551526352 34.089732798434284, -91.361859462487 36.10929520613403, -89.32 37.01821373441836))"
43C,2010-11-25 18:55:00+00:00,2010-11-25 20:55:00+00:00,0.0,30000.0,"POLYGON ((-94.04089690822575 36.40367885366363, -93.1709083939027 35.927912504229084, -95.21941606925651 34.65771311087037, -95.78 34.85, -94.04089690822575 36.40367885366363))"
SIERRA 1,2010-11-25 19:16:00+00:00,2010-11-25 23:15:00+00:00,0.0,51000.0,"POLYGON ((-172 30, -169.3 30, -172.5 26.1, -174.5 26.1, -172 30))"
7E,2010-11-25 19:55:00+00:00,2010-11-25 21:55:00+00:00,0.0,25000.0,"POLYGON ((-86.28 39.387262088527216, -85.98884469754398 38.867819563250926, -87.12723753617452 37.92830588633819, -87.25 38.99089313279084, -86.28 39.387262088527216))"
44C,2010-11-25 19:55:00+00:00,2010-11-25 21:55:00+00:00,0.0,35000.0,"POLYGON ((-88.92312419028445 37.54226254088019, -87.01829145522811 37.119599691876296, -92.4578664434295 33.494962870291, -93.50254103079556 33.97927067191303, -88.92312419028445 37.54226254088019))"
45C,2010-11-25 19:55:00+00:00,2010-11-25 21:55:00+00:00,0.0,30000.0,"POLYGON ((-92.18551926512717 36.10365722545654, -92.92534298724674 34.42306291183953, -95.62541481953727 34.542492349281694, -94.27 35.72273791147279, -92.18551926512717 36.10365722545654))"
BRAVO 1,2010-11-25 20:00:00+00:00,2010-11-26 00:00:00+00:00,0.0,46000.0,"POLYGON ((-167 36, -168.3 30, -171.3 30, -170 36, -167 36))"
46C,2010-11-25 20:55:00+00:00,2010-11-25 22:55:00+00:00,0.0,35000.0,"POLYGON ((-86.98322978621673 37.67277648245105, -86.51980710335567 37.08367819984334, -89.4086900535937 34.54809648938937, -93.67027779358979 32.65228182633036, -94.43923226474959 33.63678582442473, -86.98322978621673 37.67277648245105))"
47C,2010-11-25 20:55:00+00:00,2010-11-25 22:55:00+00:00,0.0,30000.0,"POLYGON ((-93.45371302520654 35.38725461765392, -93.11814371823252 34.994743677922806, -96.04962464432387 32.86609813104934, -96.05988515987679 33.822993582994904, -93.45371302520654 35.38725461765392))"
8E,2010-11-25 20:55:00+00:00,2010-11-25 22:55:00+00:00,0.0,27000.0,"POLYGON ((-86.07940864531432 38.910224413967, -85.89828074977365 38.82541471253485, -86.58983295875073 37.34846815862292, -86.7709608542914 37.43327786005507, -86.07940864531432 38.910224413967))"
JULIETT 9,2010-11-25 21:30:00+00:00,2010-11-26 01:30:00+00:00,0.0,40000.0,"POLYGON ((-40 45, -40 30, -49 27.45, -42.15 38, -44.15 45, -40 45))"
48C,2010-11-25 21:55:00+00:00,2010-11-25 23:55:00+00:00,0.0,35000.0,"POLYGON ((-86.33872241625322 37.31828980054135, -86.22140078837317 37.15631561855058, -90.78846481581024 33.848286031700766, -90.90578644369029 34.01026021369154, -86.33872241625322 37.31828980054135))"
49C,2010-11-25 21:55:00+00:00,2010-11-25 23:55:00+00:00,0.0,40000.0,"POLYGON ((-85.00384768845916 39.25488779012915, -84.7 38.52089313279083, -94.72 31.65910686720918, -96.47674616855943 33.33930182712991, -85.00384768845916 39.25488779012915))"
50C,2010-11-25 22:55:00+00:00,2010-11-26 00:55:00+00:00,0.0,32000.0,"POLYGON ((-85.20182343850803 37.81941727051702, -86.61793296778801 36.227961790806184, -88.64217997581723 34.625569912918095, -85.06553044649272 37.67304712216868, -86.61185350399235 36.233183881562226, -88.76631404024123 34.78238424277852, -86.742067032212 36.38477612066661, -86.74814649600766 36.379554029910565, -85.20182343850803 37.81941727051702))"
51C,2010-11-25 22:55:00+00:00,2010-11-26 00:55:00+00:00,0.0,38000.0,"POLYGON ((-85.09638631018166 39.14666318688431, -84.7 38.35452417705444, -93.81 32.10452417705443, -94.78029961419979 34.09617979979481, -85.09638631018166 39.14666318688431))"
SIERRA 2,2010-11-25 23:15:00+00:00,2010-11-26 03:15:00+00:00,0.0,51000.0,"POLYGON ((-168 30, -170.5 27.4, -172.1 27.5, -170.5 30, -168 30))"
52C,2010-11-25 23:55:00+00:00,2010-11-26 01:55:00+00:00,0.0,30000.0,"POLYGON ((-85.73594497549962 36.750927657104775, -86.97763463076514 35.75671558381369, -86.98019793580912 35.754592197570204, -88.48635842255331 34.46405689777015, -86.85262967263905 35.600594603660795, -85.61094001737354 36.59480667695188, -88.35622685433927 34.31218269010422, -86.85006636759508 35.60271798990428, -85.73594497549962 36.750927657104775))"
53C,2010-11-25 23:55:00+00:00,2010-11-26 01:55:00+00:00,0.0,35000.0,"POLYGON ((-90.19144825131552 35.852939785534595, -89.98 34.68726208852721, -95.10883551443149 31.1594157937704, -95.11365470460609 32.29214430580634, -90.19144825131552 35.852939785534595))"
1C,2010-11-26 00:55:00+00:00,2010-11-26 02:55:00+00:00,0.0,22000.0,"POLYGON ((-85.35623573129745 36.61918666685068, -87.15230664696128 34.858727691734714, -89.19871471155186 33.656255438550176, -85.22795602479941 36.465745091973545, -87.13882819792349 34.868224200260165, -89.30003751997431 33.828690030478214, -87.25362945538373 35.03116228366275, -87.26710790442152 35.0216657751373, -85.35623573129745 36.61918666685068))"
2C,2010-11-26 00:55:00+00:00,2010-11-26 02:55:00+00:00,0.0,35000.0,"POLYGON ((-91.80560346025295 34.80676119181843, -90.98988053083652 34.04618363965997, -95.10883551443149 31.1594157937704, -94.82555071615164 32.57368233729353, -91.80560346025295 34.80676119181843))"
JULIETT 10,2010-11-26 01:25:00+00:00,2010-11-26 05:25:00+00:00,0.0,43000.0,"POLYGON ((-40 38, -40 28.3, -46.15 27.45, -40 38))"
KILO 1,2010-11-26 01:35:00+00:00,2010-11-26 05:35:00+00:00,0.0,30000.0,"POLYGON ((-42.15 37, -44.45 32.3, -53.3 33.15, -54.45 36.3, -42.15 37))"
3C,2010-11-26 01:55:00+00:00,2010-11-26 03:55:00+00:00,0.0,32000.0,"POLYGON ((-91.61797451457622 34.869711043060946, -91.24904083418144 34.35812375537841, -93.63794046927651 31.53747738328739, -94.82529371013206 32.266272731009565, -91.61797451457622 34.869711043060946))"
1E,2010-11-26 04:55:00+00:00,2010-11-26 06:55:00+00:00,0.0,25000.0,"POLYGON ((-85.19816639790088 35.04763559843611, -85.10183360209913 34.87236440156389, -87.4515386775601 33.58091627278913, -87.54787147336184 33.75618746966135, -85.19816639790088 35.04763559843611))"
JULIETT 11,2010-11-26 05:15:00+00:00,2010-11-26 09:15:00+00:00,0.0,45000.0,"POLYGON ((-40 36.45, -40 27, -44 25.3, -40 36.45))"
4C,2010-11-26 05:17:00+00:00,2010-11-26 06:55:00+00:00,0.0,29000.0,"POLYGON ((-92.31873305697694 31.06044079541388, -92.13215332471445 30.988412998634704, -92.61006503121536 29.75043763035542, -92.79664476347784 29.822465427134595, -92.31873305697694 31.06044079541388))"
KILO 2,2010-11-26 05:30:00+00:00,2010-11-26 09:30:00+00:00,0.0,30000.0,"POLYGON ((-41.45 36.15, -43.15 33.3, -50.3 33.45, -51.15 36.15, -41.45 36.15))"
5C,2010-11-26 05:55:00+00:00,2010-11-26 07:55:00+00:00,0.0,33000.0,"POLYGON ((-92.00125675749607 31.31115792008144, -91.8310086376126 31.206202797880817, -92.80503875393185 29.626224684032824, -92.97528687381532 29.731179806233445, -92.00125675749607 31.31115792008144))"
6C,2010-11-26 06:55:00+00:00,2010-11-26 08:55:00+00:00,0.0,41000.0,"POLYGON ((-91.3595752412033 31.227303991594805, -91.22042475879671 31.083647654296325, -92.6337796561433 29.714623360095768, -92.7729301385499 29.85827969739425, -91.3595752412033 31.227303991594805))"
JULIETT 12,2010-11-26 09:00:00+00:00,2010-11-26 13:00:00+00:00,0.0,40000.0,"POLYGON ((-40 32.45, -40.15 25.45, -43.3 25.45, -40 32.45))"
KILO 3,2010-11-26 09:30:00+00:00,2010-11-26 13:30:00+00:00,0.0,30000.0,"POLYGON ((-40.45 36.15, -41.45 33.15, -49.15 33.3, -47.45 36, -40.45 36.15))"
CHARLIE 1,2010-11-26 11:15:00+00:00,2010-11-26 15:15:00+00:00,0.0,50000.0,"POLYGON ((-133.3 10.45, -120 10.15, -120 7, -135.45 8, -133.3 10.45))"
DELTA 1,2010-11-26 11:30:00+00:00,2010-11-26 15:30:00+00:00,0.0,50000.0,"POLYGON ((-163.45 41.45, -161.3 40.3, -163.3 34.45, -165.3 35, -163.45 41.45))"
JULIETT 13,2010-11-26 12:30:00+00:00,2010-11-26 16:30:00+00:00,0.0,40000.0,"POLYGON ((-40 28.3, -40 24.3, -43.45 24.3, -40 28.3))"
KILO 4,2010-11-26 12:30:00+00:00,2010-11-26 16:30:00+00:00,0.0,35000.0,"POLYGON ((-40 38, -40 31.3, -48 33.3, -45.3 36.15, -40 38))"
CHARLIE 2,2010-11-26 15:15:00+00:00,2010-11-26 19:15:00+00:00,0.0,48000.0,"POLYGON ((-120 11, -120 7, -130 7, -130 11, -120 11))"
DELTA 2,2010-11-26 15:30:00+00:00,2010-11-26 19:30:00+00:00,0.0,36000.0,"POLYGON ((-165 35, -162 35, -165 31, -167 31, -165 35))"
KILO 5,2010-11-26 16:30:00+00:00,2010-11-26 20:30:00+00:00,0.0,34000.0,"POLYGON ((-40 38, -40 31, -45 32, -45 34, -40 38))"
CHARLIE 3,2010-11-26 19:15:00+00:00,2010-11-26 23:15:00+00:00,0.0,48000.0,"POLYGON ((-120 11, -120 8, -128 8, -128 11, -120 11))"
DELTA 3,2010-11-26 19:30:00+00:00,2010-11-26 23:30:00+00:00,0.0,40000.0,"POLYGON ((-165 35, -161 35, -165 30, -167.3 30, -165 35))"
ECHO 1,2010-11-27 10:15:00+00:00,2010-11-27 14:15:00+00:00,0.0,50000.0,"POLYGON ((-140 19.3, -137.15 18.15, -138.15 10, -142.15 12.3, -140 19.3))"
ECHO 2,2010-11-27 14:15:00+00:00,2010-11-27 18:15:00+00:00,0.0,48000.0,"POLYGON ((-137 18, -138 10, -145.3 8.3, -140 18, -137 18))"
LIMA 1,2010-11-27 14:50:00+00:00,2010-11-27 18:50:00+00:00,30000.0,40000.0,"POLYGON ((-44 41, -44 36, -41 34, -43 32, -47 35, -47 41, -44 41))"
ECHO 3,2010-11-27 18:15:00+00:00,2010-11-27 22:15:00+00:00,0.0,42000.0,"POLYGON ((-140 17, -137 17, -138 10, -140 10, -140 17))"
LIMA 2,2010-11-27 18:50:00+00:00,2010-11-27 22:50:00+00:00,28000.0,38000.0,"POLYGON ((-46 41, -41 41, -41 37, -40 34, -43 31, -46 35, -46 41))"
TANGO 1,2010-11-29 00:36:00+00:00,2010-11-29 04:40:00+00:00,0.0,44000.0,"POLYGON ((-146.2 20.1, -142.2 19.1, -143.5 16.4, -146 16, -146.2 20.1))"
FOXTROT 1,2010-11-29 03:20:00+00:00,2010-11-29 07:20:00+00:00,0.0,50000.0,"POLYGON ((-123.3 11.3, -120 10, -125 8, -128.15 8.3, -123.3 11.3))"
TANGO 2,2010-11-29 04:26:00+00:00,2010-11-29 08:25:00+00:00,0.0,49000.0,"POLYGON ((-145 19.15, -142.45 19, -144 15.45, -146.45 16.15, -145 19.15))"
FOXTROT 2,2010-11-29 07:00:00+00:00,2010-11-29 11:00:00+00:00,0.0,50000.0,"POLYGON ((-123.3 12, -120.15 10.15, -125.45 8, -127.3 10.15, -123.3 12))"
MIKE 1,2010-11-29 10:45:00+00:00,2010-11-29 14:45:00+00:00,0.0,40000.0,"POLYGON ((-44.45 40, -46.3 34.15, -49.15 34.15, -46.45 39.3, -44.45 40))"
1C,2010-11-29 10:55:00+00:00,2010-11-29 12:55:00+00:00,0.0,30000.0,"POLYGON ((-96.06752373212463 35.084943227930914, -95.5485504237519 34.388665785407746, -96.49217433387935 32.677805704930506, -97.11593407224008 33.02368194409851, -96.06752373212463 35.084943227930914))"
SIERRA 1,2010-11-29 11:34:00+00:00,2010-11-29 15:35:00+00:00,0.0,50000.0,"POLYGON ((-171.3 26.3, -168.15 24.15, -167.45 20, -172 17.3, -171 22, -172.45 24.45, -171.3 26.3))"
2C,2010-11-29 11:55:00+00:00,2010-11-29 13:55:00+00:00,0.0,32000.0,"POLYGON ((-95.46957748022302 34.880456575364434, -95.27951469984691 34.81819792523686, -96.03324069370034 32.51722837739139, -96.22330347407645 32.579487027518965, -95.46957748022302 34.880456575364434))"
3C,2010-11-29 12:55:00+00:00,2010-11-29 14:55:00+00:00,0.0,35000.0,"POLYGON ((-93.83518326918599 35.74214405089515, -95.02799863322628 32.184413412764904, -96.97276296943855 31.044835798268878, -96.84335831957982 35.652310019663666, -93.83518326918599 35.74214405089515))"
4C,2010-11-29 13:55:00+00:00,2010-11-29 15:55:00+00:00,0.0,40000.0,"POLYGON ((-95.43821464501731 36.698646392483575, -91.90512709527358 36.42454854238829, -93.11504424382109 32.17987635990331, -96.45680641239944 30.757615333493394, -96.94029218853008 33.748670967763836, -95.43821464501731 36.698646392483575))"
5C,2010-11-29 14:55:00+00:00,2010-11-29 16:55:00+00:00,0.0,38000.0,"POLYGON ((-94.73175056075276 37.808636657037304, -90.95 36.94184477868197, -91.58223181960541 33.44140196472858, -93.58322135981176 31.63745953157148, -96.636252237194 30.695292284022866, -94.73175056075276 37.808636657037304))"
SIERRA 2,2010-11-29 15:30:00+00:00,2010-11-29 19:35:00+00:00,0.0,47000.0,"POLYGON ((-171.3 26.3, -168.15 24.15, -167.45 20, -172 17.3, -171 22, -172.45 24.45, -171.3 26.3))"
6C,2010-11-29 15:55:00+00:00,2010-11-29 17:55:00+00:00,0.0,38000.0,"POLYGON ((-93.88672059710635 38.739022769220966, -90.67799805194888 38.022076423105574, -90.98988053083652 34.04618363965997, -94.38987756723854 29.956519387931614, -96.636252237194 30.695292284022866, -93.88672059710635 38.739022769220966))"
7C,2010-11-29 15:55:00+00:00,2010-11-29 17:55:00+00:00,0.0,32000.0,"POLYGON ((-90.73094631002213 32.9793191510571, -86.86390286775867 32.02783520270292, -87.21806507370403 31.019888235875367, -90.48463695416032 31.76091924142813, -90.73094631002213 32.9793191510571))"
8C,2010-11-29 16:55:00+00:00,2010-11-29 18:55:00+00:00,0.0,38000.0,"POLYGON ((-93.46034849112066 40.12674230402569, -90.93549276097386 39.21203944064234, -90.28 34.125475822945575, -94.00153872867722 30.455321410040522, -96.01201045773757 31.208160016832483, -93.46034849112066 40.12674230402569))"
9C,2010-11-29 16:55:00+00:00,2010-11-29 18:55:00+00:00,0.0,30000.0,"POLYGON ((-89.91206421891827 33.332123112730564, -86.86390286775867 32.02783520270292, -87.23070661195595 31.299398184331373, -90.35239551929739 32.57353507909197, -89.91206421891827 33.332123112730564))"
10C,2010-11-29 17:55:00+00:00,2010-11-29 19:55:00+00:00,0.0,40000.0,"POLYGON ((-89.63171402226911 38.139055752315244, -89.26687801589598 34.429706570272785, -94.46578189163453 29.63871484929557, -96.17056413645045 30.66330160295102, -93.03491302953867 37.12435176671056, -89.63171402226911 38.139055752315244))"
11C,2010-11-29 17:55:00+00:00,2010-11-29 19:55:00+00:00,0.0,35000.0,"POLYGON ((-93.33 42.42452417705443, -91.16058214673588 42.39911777749414, -91.22919589003293 38.26939433341656, -93.33 37.85910686720918, -93.33 42.42452417705443))"
12C,2010-11-29 18:55:00+00:00,2010-11-29 20:55:00+00:00,0.0,40000.0,"POLYGON ((-88.54216980012517 38.18208204377095, -89.22013185660191 34.076181336284826, -93.64217119795745 29.947926880086285, -96.17056413645045 30.66330160295102, -91.73600035653028 37.88676629511325, -88.54216980012517 38.18208204377095))"
13C,2010-11-29 18:55:00+00:00,2010-11-29 20:55:00+00:00,0.0,35000.0,"POLYGON ((-91.05828795846794 43.01429551756506, -90.06670060786341 39.627800004240854, -92.38411904388009 39.11729519476917, -92.90992921743224 42.96189748252183, -91.05828795846794 43.01429551756506))"
14C,2010-11-29 18:55:00+00:00,2010-11-29 20:55:00+00:00,0.0,25000.0,"POLYGON ((-96.35450770025794 43.09834506743136, -95.49144596108762 41.74749308757345, -94.83297279478681 40.08502006646952, -96.50868540535582 42.97095105167414, -95.47556201884974 41.72062079190729, -94.64702720521318 40.158669490894404, -95.30550037151399 41.82114251199834, -95.32138431375186 41.848014807664505, -96.35450770025794 43.09834506743136))"
TANGO 1,2010-11-29 19:08:00+00:00,2010-11-29 23:08:00+00:00,0.0,54000.0,"POLYGON ((-168.45 14.51, -164.35 14.47, -164.31 8.57, -168.45 9.01, -168.45 14.51))"
SIERRA 3,2010-11-29 19:35:00+00:00,2010-11-29 23:35:00+00:00,0.0,45000.0,"POLYGON ((-170.25 26.25, -166.38 21.56, -171.52 17.58, -175.26 25.06, -170.25 26.25))"
15C,2010-11-29 19:55:00+00:00,2010-11-29 21:55:00+00:00,0.0,40000.0,"POLYGON ((-87.55384523953317 39.2543226859481, -88.05919792409836 34.23811184318737, -90.28 33.792737911472784, -93.68476638691838 34.277929553358355, -91.3660060958858 38.80689172102783, -87.55384523953317 39.2543226859481))"
16C,2010-11-29 19:55:00+00:00,2010-11-29 21:55:00+00:00,0.0,41000.0,"POLYGON ((-93.68476638691838 34.277929553358355, -90.28 33.792737911472784, -93.46501008777402 30.01218912597088, -96.41856106979485 30.33768868937079, -93.68476638691838 34.277929553358355))"
17C,2010-11-29 19:55:00+00:00,2010-11-29 21:55:00+00:00,0.0,33000.0,"POLYGON ((-90.98301053002902 43.55604018676914, -89.63153295346623 40.32566082432472, -91.88229392928886 40.0394448562058, -92.68065196629934 43.55873552507589, -90.98301053002902 43.55604018676914))"
18C,2010-11-29 19:55:00+00:00,2010-11-29 21:55:00+00:00,0.0,27000.0,"POLYGON ((-95.57030834990331 43.700622664498766, -93.5998500942925 40.44395847451726, -94.9052505935764 39.5972932120436, -95.3984731663008 41.784317799785896, -97.42528055796632 43.177613754538115, -95.57030834990331 43.700622664498766))"
19C,2010-11-29 19:55:00+00:00,2010-11-29 21:55:00+00:00,0.0,30000.0,"POLYGON ((-91.96166358863567 31.067878012929807, -90.26 31.133631044263613, -90.99631136022789 29.874851353251074, -92.72524487579734 30.139439034548282, -91.96166358863567 31.067878012929807))"
20C,2010-11-29 20:55:00+00:00,2010-11-29 22:55:00+00:00,0.0,38000.0,"POLYGON ((-87.6580020013532 38.72075875392721, -88.05919792409836 34.23811184318737, -90.7047623726353 33.812198332186156, -93.68476638691838 34.277929553358355, -91.3660060958858 38.80689172102783, -87.6580020013532 38.72075875392721))"
21C,2010-11-29 20:55:00+00:00,2010-11-29 22:55:00+00:00,0.0,45000.0,"POLYGON ((-93.68476638691838 34.277929553358355, -90.7047623726353 33.812198332186156, -92.40089692444066 29.88342798996715, -96.23989932951147 30.275343160522098, -93.78858126771948 33.274400425435914, -93.68476638691838 34.277929553358355))"
22C,2010-11-29 20:55:00+00:00,2010-11-29 22:55:00+00:00,0.0,32000.0,"POLYGON ((-90.44943242388796 42.860820901782, -88.86000000000001 40.405475822945576, -90.67770607071115 40.0394448562058, -91.96643864381306 42.77516488985928, -90.44943242388796 42.860820901782))"
23C,2010-11-29 20:55:00+00:00,2010-11-29 22:55:00+00:00,0.0,26000.0,"POLYGON ((-94.68969165009669 43.700622664498766, -93.39110487434033 39.87256802578024, -94.31008193341823 39.289209490177925, -95.11035817149939 41.63885506453588, -96.14475284500926 43.457237689998514, -94.68969165009669 43.700622664498766))"
24C,2010-11-29 21:55:00+00:00,2010-11-29 23:55:00+00:00,0.0,45000.0,"POLYGON ((-92.57075327794799 35.44790273046866, -90.56456577355782 32.50938425084507, -92.7033548973466 29.78645152874501, -95.07875589034991 31.03216934077736, -92.57075327794799 35.44790273046866))"
25C,2010-11-29 21:55:00+00:00,2010-11-29 23:55:00+00:00,0.0,38000.0,"POLYGON ((-89.90529588619165 36.489143741459884, -86.91428885410875 35.179210967045584, -87.49 34.71, -89.00756164173386 35.4047741872693, -91.86798820292698 35.29442290760843, -89.90529588619165 36.489143741459884))"
26C,2010-11-29 21:55:00+00:00,2010-11-29 23:55:00+00:00,0.0,22000.0,"POLYGON ((-94.93423856791419 43.07876610810767, -94.02854138972306 43.070818722739844, -93.39110487434033 39.87256802578024, -93.94272498268425 39.54195288461503, -94.05926608722221 41.311940681651514, -94.93423856791419 43.07876610810767))"
27C,2010-11-29 22:55:00+00:00,2010-11-30 00:55:00+00:00,0.0,42000.0,"POLYGON ((-91.34023482709601 35.340840671314346, -89.39099227638076 32.3786215007424, -90.57838576302768 30.233401090819576, -95.57149091752618 30.420929395179435, -91.34023482709601 35.340840671314346))"
28C,2010-11-29 22:55:00+00:00,2010-11-30 00:55:00+00:00,0.0,38000.0,"POLYGON ((-89.32 36.68547582294558, -88.55739457964997 36.27225553280849, -89.41563094290318 35.209694617628415, -89.88873082826868 35.82765630093168, -89.32 36.68547582294558))"
29C,2010-11-29 22:55:00+00:00,2010-11-30 00:55:00+00:00,0.0,22000.0,"POLYGON ((-94.63948538071823 43.22429162434285, -93.00905382649196 42.85426925104558, -92.92010375195859 39.51470968013821, -93.74250702194537 39.60408734223145, -93.65 40.94089313279082, -94.63948538071823 43.22429162434285))"
TANGO 2,2010-11-29 23:08:00+00:00,2010-11-30 03:08:00+00:00,0.0,50000.0,"POLYGON ((-167.41 15.17, -164.55 15.17, -164.03 8.29, -167.38 9.01, -167.41 15.17))"
SIERRA 4,2010-11-29 23:35:00+00:00,2010-11-30 03:35:00+00:00,0.0,44000.0,"POLYGON ((-169.49 25.46, -167.14 21.2, -171.32 18.24, -176.26 25.13, -169.49 25.46))"
1E,2010-11-29 23:55:00+00:00,2010-11-30 01:55:00+00:00,0.0,38000.0,"POLYGON ((-86.59865357691422 36.622484581265304, -85.3376930459997 35.02352230822331, -85.89785643296385 34.703039140738355, -87.06003814944458 36.01206605705635, -86.59865357691422 36.622484581265304))"
30C,2010-11-29 23:55:00+00:00,2010-11-30 01:55:00+00:00,0.0,42000.0,"POLYGON ((-90.05272453233218 36.60598089917474, -89.2195407729077 32.7322276438874, -90.75593928596116 30.297911729517125, -93.99959199237763 31.41266170720523, -90.05272453233218 36.60598089917474))"
TANGO 3,2010-11-30 00:32:00+00:00,2010-11-30 04:35:00+00:00,0.0,50000.0,"POLYGON ((-165 15.2, -164 8, -170.2 10.1, -170.4 15, -165 15.2))"
1E,2010-11-30 00:55:00+00:00,2010-11-30 02:55:00+00:00,0.0,36000.0,"POLYGON ((-86.52294103549951 35.83248757939485, -85.15 35.79184477868197, -84.33801861124773 34.957298025751605, -85.52567732039249 35.086755193544505, -86.52294103549951 35.83248757939485))"
1C,2010-11-30 00:55:00+00:00,2010-11-30 02:55:00+00:00,0.0,45000.0,"POLYGON ((-89.32 36.851844778681965, -87.98222664642304 36.45825369066685, -89.75313120514589 32.156390355389675, -93.65674318865123 30.6094298263139, -94.49787415974258 30.698694659328147, -89.32 36.851844778681965))"
2C,2010-11-30 01:55:00+00:00,2010-11-30 03:55:00+00:00,0.0,45000.0,"POLYGON ((-88.73011668599193 37.6076769484504, -87.3146978435559 37.576237342404134, -88.73781309887326 33.028676706281004, -91.72151590690856 31.257653995815662, -92.87547576982467 32.0279791098017, -88.73011668599193 37.6076769484504))"
2E,2010-11-30 01:55:00+00:00,2010-11-30 03:55:00+00:00,0.0,36000.0,"POLYGON ((-85.25939248632041 36.64244578460034, -84.8425572950873 36.2145776418734, -85.64999020425351 36.13559036143849, -85.85493926733974 36.45799927137958, -85.25939248632041 36.64244578460034))"
SIERRA 5,2010-11-30 02:47:00+00:00,2010-11-30 06:50:00+00:00,0.0,45000.0,"POLYGON ((-170.5 26.1, -166.5 21.3, -172 17.4, -176.3 26, -170.5 26.1))"
3E,2010-11-30 02:55:00+00:00,2010-11-30 04:55:00+00:00,0.0,37000.0,"POLYGON ((-84.09538291171866 35.89982515335148, -84.71750702860295 35.312156366970754, -85.15 34.96, -85.4630986656228 35.57441874148439, -84.09538291171866 35.89982515335148))"
3C,2010-11-30 02:55:00+00:00,2010-11-30 04:55:00+00:00,0.0,45000.0,"POLYGON ((-89.24143679885923 35.86626948970941, -87.7210638448893 34.24866692576293, -91.83345496460608 30.01831048375877, -93.55592348910884 31.06147593896709, -90.28 33.626368955736396, -89.24143679885923 35.86626948970941))"
4C,2010-11-30 02:55:00+00:00,2010-11-30 04:55:00+00:00,0.0,45000.0,"POLYGON ((-86.33353634597987 38.685806022637635, -87.7100097957465 36.13559036143849, -88.3659775125879 36.33456103280137, -87.76 38.595475822945566, -86.33353634597987 38.685806022637635))"
5C,2010-11-30 03:55:00+00:00,2010-11-30 05:55:00+00:00,0.0,45000.0,"POLYGON ((-88.50188751348216 34.70581733632313, -86.74438937422312 34.45306037257408, -92.75407257057805 30.266853240562227, -93.55592348910884 31.06147593896709, -88.50188751348216 34.70581733632313))"
6C,2010-11-30 03:55:00+00:00,2010-11-30 05:55:00+00:00,0.0,45000.0,"POLYGON ((-86.03332720792834 39.25862348859314, -85.12827161454285 39.019217061816114, -86.73342830837416 36.69435743745672, -88.01984939778161 36.578220932134634, -86.03332720792834 39.25862348859314))"
TANGO 4,2010-11-30 03:59:00+00:00,2010-11-30 08:00:00+00:00,0.0,50000.0,"POLYGON ((-170.5 12, -167.3 13.3, -168.05 10.15, -170.5 12))"
7C,2010-11-30 04:55:00+00:00,2010-11-30 06:55:00+00:00,0.0,45000.0,"POLYGON ((-88.70424700802923 34.70397707784831, -87.45529129684807 33.85975904923094, -92.53287004757625 30.138737836651895, -93.11 30.805475822945567, -88.70424700802923 34.70397707784831))"
4E,2010-11-30 04:55:00+00:00,2010-11-30 06:55:00+00:00,0.0,40000.0,"POLYGON ((-85.4836347390498 39.46260786396473, -84.85167042843725 39.137542502751906, -86.0547930548623 37.05671178123533, -86.98322978621673 37.67277648245105, -85.4836347390498 39.46260786396473))"
8C,2010-11-30 05:55:00+00:00,2010-11-30 07:55:00+00:00,0.0,43000.0,"POLYGON ((-87.55702821174481 34.11873481530997, -89.81167451031675 31.8136324192329, -92.51945170398412 29.86673504292098, -87.42297178825518 33.97031353879891, -89.80302339663035 31.82061361814268, -92.63620590010095 30.029118717251592, -89.92842870643358 31.976016093563512, -89.93707982011998 31.96903489465373, -87.55702821174481 34.11873481530997))"
GOLF 1,2010-11-30 06:25:00+00:00,2010-11-30 10:25:00+00:00,0.0,47000.0,"POLYGON ((-130.3 10.3, -128.35 9.25, -129.05 8, -131.15 8.4, -130.3 10.3))"
SIERRA 6,2010-11-30 06:49:00+00:00,2010-11-30 10:50:00+00:00,0.0,42000.0,"POLYGON ((-173.3 24.3, -170 24.3, -169 21, -172 17.3, -171 21.3, -173 22.3, -173.3 24.3))"
9C,2010-11-30 06:55:00+00:00,2010-11-30 08:55:00+00:00,0.0,44000.0,"POLYGON ((-87.25893615511069 34.348666925762934, -87.25893615511069 34.348666925762934, -87.33458944122907 34.314062493651676, -89.15352989640029 32.20980945128244, -89.0888540957979 32.24380953124483, -89.95563703537597 32.14808001621637, -90.01020181337269 32.124210600189876, -92.21367358912934 30.21202030179406, -87.25893615511069 34.14866692576293, -87.25893615511069 34.14866692576293, -89.00222332416352 32.07901831550495, -87.18328286899231 34.18327135787419, -89.93368206434398 31.949288720514105, -89.06689912476591 32.045018235542564, -92.08258906210392 30.060967838144773, -89.87911728634727 31.973158136540594, -87.25893615511069 34.348666925762934))"
10C,2010-11-30 07:55:00+00:00,2010-11-30 09:55:00+00:00,0.0,42000.0,"POLYGON ((-85.75899189769076 34.95848012104866, -88.40600292280716 32.379387328914525, -91.6980795619035 30.13644268271019, -92.83728477978896 30.374999415290123, -87.33452254349498 35.01731111553729, -85.75899189769076 34.95848012104866))"
TANGO 5,2010-11-30 07:59:00+00:00,2010-11-30 12:00:00+00:00,0.0,53000.0,"POLYGON ((-169 13, -167 13, -168 10, -171 11.3, -169 13))"
11C,2010-11-30 08:55:00+00:00,2010-11-30 10:55:00+00:00,0.0,42000.0,"POLYGON ((-86.24494188853008 35.78629015129647, -85.52567732039249 35.086755193544505, -88.06993387320037 32.63256398647828, -93.11 28.97541730984525, -94.40727117481036 29.13316059272878, -86.24494188853008 35.78629015129647))"
12C,2010-11-30 09:55:00+00:00,2010-11-30 11:55:00+00:00,0.0,41000.0,"POLYGON ((-85.95705368564626 35.54961863172338, -85.30595572633567 35.26731019226064, -88.18106896414525 30.793543925650642, -92.60016230244482 29.063081009224742, -94.05438700072355 29.313136185217296, -88.95129293037718 32.687319460929565, -85.95705368564626 35.54961863172338))"
GOLF 2,2010-11-30 10:00:00+00:00,2010-11-30 14:00:00+00:00,0.0,46000.0,"POLYGON ((-131.45 10.45, -129.25 10.3, -130.1 7.4, -133.2 8.15, -131.45 10.45))"
TANGO 6,2010-11-30 10:25:00+00:00,2010-11-30 12:00:00+00:00,0.0,53000.0,"POLYGON ((-169 13, -167 13, -168 10, -171 11.3, -169 13))"
SIERRA 7,2010-11-30 10:29:00+00:00,2010-11-30 14:30:00+00:00,0.0,45000.0,"POLYGON ((-171.3 23, -168.3 23, -170 18.3, -173 17.3, -171.3 23))"
13C,2010-11-30 10:55:00+00:00,2010-11-30 12:55:00+00:00,0.0,40000.0,"POLYGON ((-86.16496418793277 34.95577823107879, -85.3817545276219 34.49866488673581, -88.28605102700416 30.57627416398669, -90.12214928096212 31.41756701238946, -86.16496418793277 34.95577823107879))"
14C,2010-11-30 11:55:00+00:00,2010-11-30 13:55:00+00:00,0.0,39000.0,"POLYGON ((-86.36295323836718 35.08681842954281, -86.10040021300124 33.6674255783622, -89.28932830451531 30.102763848205786, -90.55612294698675 30.684840624391917, -86.36295323836718 35.08681842954281))"
TANGO 7,2010-11-30 11:59:00+00:00,2010-11-30 16:00:00+00:00,0.0,54000.0,"POLYGON ((-169.3 13.3, -168.3 13, -168.3 10.3, -172.3 12, -169.3 13.3))"
15C,2010-11-30 12:55:00+00:00,2010-11-30 14:55:00+00:00,0.0,40000.0,"POLYGON ((-86.47811248651783 34.70581733632313, -85.51597451673723 33.66444660546039, -89.29294429181337 29.59345013510345, -90.92345715177676 29.720962911403277, -86.47811248651783 34.70581733632313))"
16C,2010-11-30 13:55:00+00:00,2010-11-30 15:55:00+00:00,0.0,40000.0,"POLYGON ((-86.16496418793277 34.95577823107879, -85.43907463586413 33.510905527783166, -90.53366277448461 28.25707270258019, -91.24327227706762 29.1751444707926, -86.16496418793277 34.95577823107879))"
SIERRA 8,2010-11-30 14:29:00+00:00,2010-11-30 18:30:00+00:00,0.0,47000.0,"POLYGON ((-171.3 22, -169 20.3, -171.3 18, -172.3 18.3, -171.3 22))"
17C,2010-11-30 14:55:00+00:00,2010-11-30 16:55:00+00:00,0.0,40000.0,"POLYGON ((-85.2937490022266 35.077555973533066, -85.43907463586413 33.510905527783166, -90.74767494994536 27.795099907769174, -91.16819071059288 28.23463979765442, -85.2937490022266 35.077555973533066))"
18C,2010-11-30 15:55:00+00:00,2010-11-30 17:55:00+00:00,0.0,40000.0,"POLYGON ((-85.3817545276219 34.49866488673581, -85.3932434457694 32.98619938690149, -90.1 28.181786265581643, -90.53366277448461 28.25707270258019, -85.3817545276219 34.49866488673581))"
TANGO 8,2010-11-30 15:59:00+00:00,2010-11-30 20:00:00+00:00,0.0,52000.0,"POLYGON ((-171.3 24, -169.3 23.3, -169 20, -172.3 18, -171.3 24))"
TANGO 9,2010-11-30 16:45:00+00:00,2010-11-30 20:45:00+00:00,0.0,52000.0,"POLYGON ((-169.22 14.17, -169.16 11.32, -171.41 10.59, -172.38 12.54, -169.22 14.17))"
19C,2010-11-30 16:55:00+00:00,2010-11-30 18:55:00+00:00,0.0,44000.0,"POLYGON ((-85.15 34.46089313279082, -84.67063234564948 34.090900860738536, -86.60573715557297 30.983683695845393, -88.50766383181676 30.422506660920455, -85.15 34.46089313279082))"
20C,2010-11-30 17:55:00+00:00,2010-11-30 19:55:00+00:00,0.0,42000.0,"POLYGON ((-84.77432267960752 35.086755193544505, -84.05012420864756 34.95237052994372, -86.14193492629597 31.019888235875367, -87.03847264995825 30.956839832086466, -84.77432267960752 35.086755193544505))"
SIERRA 9,2010-11-30 18:30:00+00:00,2010-11-30 22:30:00+00:00,0.0,50000.0,"POLYGON ((-171.31 21.51, -168.13 20.37, -170.35 18.05, -172.49 18.05, -171.31 21.51))"
6E,2010-11-30 19:00:00+00:00,2010-11-30 20:55:00+00:00,0.0,30000.0,"POLYGON ((-85.7011887772666 30.534513636552912, -85.51937059544841 30.534513636552912, -85.51937059544841 30.352695454734732, -85.7011887772666 30.352695454734732, -85.7011887772666 30.534513636552912))"
5E,2010-11-30 19:00:00+00:00,2010-11-30 20:55:00+00:00,0.0,42000.0,"POLYGON ((-84.20197461730983 35.28477596877902, -84.66713192748256 32.427970482899816, -86.68 29.499048354108847, -87.1206652058681 29.907024684205624, -84.20197461730983 35.28477596877902))"
7E,2010-11-30 19:55:00+00:00,2010-11-30 21:55:00+00:00,0.0,39000.0,"POLYGON ((-84.23118142600302 34.3781211147329, -84.07025170182663 33.756783329198136, -85.50729061490058 30.394898643962318, -86.97469838740562 30.21484687132116, -84.23118142600302 34.3781211147329))"
TANGO 10,2010-11-30 20:45:00+00:00,2010-12-01 00:45:00+00:00,0.0,50000.0,"POLYGON ((-171.43 15.38, -169.16 15.27, -170.33 10.41, -173.42 11.44, -171.43 15.38))"
8E,2010-11-30 20:55:00+00:00,2010-11-30 22:55:00+00:00,0.0,39000.0,"POLYGON ((-83.76366572868038 34.90698532380429, -83.56301730389661 33.56454657061548, -85.82726995828294 30.764810605945044, -83.96065878412467 34.872434837458584, -83.73926819324693 33.61015422851912, -85.98277868153927 30.890576408098042, -83.71852602715295 33.690312372768474, -83.54227513780263 33.64470471486483, -83.76366572868038 34.90698532380429))"
9E,2010-11-30 21:55:00+00:00,2010-11-30 23:55:00+00:00,0.0,39000.0,"POLYGON ((-83.1566497062406 35.20390748365339, -83.80578587983324 33.38001988940589, -85.33955354446566 31.21183221072934, -82.97609860476324 35.1178766766404, -83.79714884852021 33.3947552620499, -85.50283058331696 31.32733376303036, -83.96906291868454 33.4955214417069, -83.97769994999757 33.48078606906289, -83.1566497062406 35.20390748365339))"
SIERRA 10,2010-11-30 22:30:00+00:00,2010-12-01 02:30:00+00:00,0.0,47000.0,"POLYGON ((-171.18 21.05, -168.21 21.02, -170.05 16.47, -171.59 17.04, -171.18 21.05))"
10E,2010-11-30 22:55:00+00:00,2010-12-01 00:55:00+00:00,0.0,42000.0,"POLYGON ((-82.77135839027041 35.32948633320964, -83.62344073925951 33.31360400517173, -84.75251258305072 31.790304655772005, -82.59497897553108 35.235197934897805, -83.61558904066368 33.32600646290144, -84.91318860059839 31.90939796954325, -83.78411675680718 33.43269731894298, -83.79196845540301 33.42029486121327, -82.77135839027041 35.32948633320964))"
11E,2010-11-30 23:55:00+00:00,2010-12-01 01:55:00+00:00,0.0,42000.0,"POLYGON ((-82.58282711887534 35.266464493867915, -82.40605004691321 35.1729237710329, -84.20161146401894 31.77959859431888, -84.37838853598107 31.873139317153903, -82.58282711887534 35.266464493867915))"

