URGENT,AIRCRAFT,REPORT,TURBULENCE,PRODUCT_ID,FL,LAT,LON,datetime,turbulence_intensity,Plane Weight,nexrad_sites,aws_files
T,B747,PANC UUA /OV TED 120010/TM 0505/FL020/TP B747/TB SEV TURB 120-100 / MOD BLO 100/RM DURD WITTI4 ARR,SEV TURB 120-100,,2000.0,61.08665991665992,-149.6906521476126,2020-12-01 05:05:00,5.0,H,"('PAHG', 'PAIH', 'PAIH', 'PAPD', 'PAKC')","['s3://unidata-nexrad-level2/2020/12/01/PAHG/PAHG20201201_050354_V06', 's3://unidata-nexrad-level2/2020/12/01/PAIH/PAIH20201201_050336_V06', 's3://unidata-nexrad-level2/2020/12/01/PAIH/PAIH20201201_050336_V06', 's3://unidata-nexrad-level2/2020/12/01/PAPD/PAPD20201201_050338_V06', 's3://unidata-nexrad-level2/2020/12/01/PAKC/PAKC20201201_050120_V06']"
F,GL7T,UUA /OV CYRQ 180016 /TM 2153 /FL160 /TP GL7T /TB MDT-SEV,MDT-SEV,,16000.0,46.08611173331173,-72.6794,2020-12-01 21:53:00,5.0,U,"('KCXX', 'KGYX', 'KTYX', 'KCBW', 'KENX')","['s3://unidata-nexrad-level2/2020/12/01/KCXX/KCXX20201201_215156_V06', 's3://unidata-nexrad-level2/2020/12/01/KGYX/KGYX20201201_214922_V06', 's3://unidata-nexrad-level2/2020/12/01/KTYX/KTYX20201201_214943_V06', 's3://unidata-nexrad-level2/2020/12/01/KCBW/KCBW20201201_214731_V06', 's3://unidata-nexrad-level2/2020/12/01/KENX/KENX20201201_215137_V06']"
F,DH8C,UUA /OV CYQB 060011 /TM 0030 /FL045 /TP DH8C /TB SEV /RM WS 40-50 KT FLUCTUATION FNL RWY 24,SEV,,4500.0,46.8827840916741,-71.16141322796972,2020-12-02 00:30:00,5.0,M,"('KCBW', 'KCXX', 'KGYX', 'KBOX', 'KENX')","['s3://unidata-nexrad-level2/2020/12/02/KCBW/KCBW20201202_002830_V06', 's3://unidata-nexrad-level2/2020/12/02/KCXX/KCXX20201202_002919_V06', 's3://unidata-nexrad-level2/2020/12/02/KGYX/KGYX20201202_002913_V06', 's3://unidata-nexrad-level2/2020/12/02/KBOX/KBOX20201202_002731_V06', 's3://unidata-nexrad-level2/2020/12/02/KENX/KENX20201202_002942_V06']"
F,MD11,UUA /OV 5408N11604W /TM 1242 /FL310 /TP MD11 /TB MDT-SEV CAT 310-330,MDT-SEV CAT 310-330,,31000.0,54.1333,-116.666,2020-12-03 12:42:00,5.0,H,"('KOTX', 'KMSX', 'KATX', 'KTFX', 'KPDT')","['s3://unidata-nexrad-level2/2020/12/03/KOTX/KOTX20201203_123517_V06', 's3://unidata-nexrad-level2/2020/12/03/KMSX/KMSX20201203_123715_V06', 's3://unidata-nexrad-level2/2020/12/03/KATX/KATX20201203_124054_V06', 's3://unidata-nexrad-level2/2020/12/03/KTFX/KTFX20201203_123432_V06', 's3://unidata-nexrad-level2/2020/12/03/KPDT/KPDT20201203_124104_V06']"
T,TBM9,TYS UUA /OV VXV035030/TM 1350/FL260/TP TBM9/TB SEV/RM NO INJURIES NO DAMAGE ZTLFD,SEV,,26000.0,36.30960919783546,-83.53592999455364,2020-12-03 13:50:00,5.0,U,"('KMRX', 'KJKL', 'KGSP', 'KOHX', 'KRLX')","['s3://unidata-nexrad-level2/2020/12/03/KMRX/KMRX20201203_134653_V06', 's3://unidata-nexrad-level2/2020/12/03/KJKL/KJKL20201203_134603_V06', 's3://unidata-nexrad-level2/2020/12/03/KGSP/KGSP20201203_134727_V06', 's3://unidata-nexrad-level2/2020/12/03/KOHX/KOHX20201203_134213_V06', 's3://unidata-nexrad-level2/2020/12/03/KRLX/KRLX20201203_134917_V06']"
F,PC12,RDU UA /OV RDU100030/TM 1922/FL230/TP PC12/TB EXTRM CAT 230,EXTRM CAT 230,,23000.0,35.790808878408306,-78.1797176338339,2020-12-03 19:22:00,7.0,L,"('KRAX', 'KMHX', 'KAKQ', 'KLTX', 'KFCX')","['s3://unidata-nexrad-level2/2020/12/03/KRAX/KRAX20201203_191441_V06', 's3://unidata-nexrad-level2/2020/12/03/KMHX/KMHX20201203_191916_V06', 's3://unidata-nexrad-level2/2020/12/03/KAKQ/KAKQ20201203_191921_V06', 's3://unidata-nexrad-level2/2020/12/03/KLTX/KLTX20201203_191631_V06', 's3://unidata-nexrad-level2/2020/12/03/KFCX/KFCX20201203_191322_V06']"
T,PC12,RDU UUA /OV RDU100030/TM 1922/FL230/TP PC12/TB EXTRM CAT 230,EXTRM CAT 230,,23000.0,35.790808878408306,-78.1797176338339,2020-12-03 19:22:00,7.0,L,"('KRAX', 'KMHX', 'KAKQ', 'KLTX', 'KFCX')","['s3://unidata-nexrad-level2/2020/12/03/KRAX/KRAX20201203_191441_V06', 's3://unidata-nexrad-level2/2020/12/03/KMHX/KMHX20201203_191916_V06', 's3://unidata-nexrad-level2/2020/12/03/KAKQ/KAKQ20201203_191921_V06', 's3://unidata-nexrad-level2/2020/12/03/KLTX/KLTX20201203_191631_V06', 's3://unidata-nexrad-level2/2020/12/03/KFCX/KFCX20201203_191322_V06']"
F,PA-24,RNM UA /OV 4 MILES EAST OF KRNM/TM 0010/FL035/TP PA-24/TB TB SEV,TB SEV,,3500.0,33.03917,-116.91525,2020-12-04 00:10:00,5.0,U,"('KNKX', 'KSOX', 'KYUX', 'KEYX', 'KVTX')","['s3://unidata-nexrad-level2/2020/12/04/KNKX/KNKX20201204_000329_V06', 's3://unidata-nexrad-level2/2020/12/04/KSOX/KSOX20201204_000719_V06', 's3://unidata-nexrad-level2/2020/12/04/KYUX/KYUX20201204_000931_V06', 's3://unidata-nexrad-level2/2020/12/04/KEYX/KEYX20201204_000446_V06', 's3://unidata-nexrad-level2/2020/12/04/KVTX/KVTX20201204_000434_V06']"
F,C56X,SPA UA /OV SPA180030/TM 2356/FL240/TP C56X/TB SEV/RM NO DAMAGES NO INJURIES ZTLFD,SEV,,24000.0,34.4156816999595,-81.9565,2020-12-04 23:56:00,5.0,M,"('KGSP', 'KCAE', 'KCLX', 'KJGX', 'KFFC')","['s3://unidata-nexrad-level2/2020/12/04/KGSP/KGSP20201204_235238_V06', 's3://unidata-nexrad-level2/2020/12/04/KCAE/KCAE20201204_235506_V06', 's3://unidata-nexrad-level2/2020/12/04/KCLX/KCLX20201204_235110_V06', 's3://unidata-nexrad-level2/2020/12/04/KJGX/KJGX20201204_235325_V06', 's3://unidata-nexrad-level2/2020/12/04/KFFC/KFFC20201204_235512_V06']"
T,C550,GSO UUA /OV GSO270020/TM 0236/FL090/TP C550/TB SEV 080-090,SEV 080-090,,9000.0,36.0975,-80.35617670885698,2020-12-05 02:36:00,5.0,L,"('KFCX', 'KRAX', 'KGSP', 'KCAE', 'KRLX')","['s3://unidata-nexrad-level2/2020/12/05/KFCX/KFCX20201205_022939_V06', 's3://unidata-nexrad-level2/2020/12/05/KRAX/KRAX20201205_023316_V06', 's3://unidata-nexrad-level2/2020/12/05/KGSP/KGSP20201205_023259_V06', 's3://unidata-nexrad-level2/2020/12/05/KCAE/KCAE20201205_023553_V06', 's3://unidata-nexrad-level2/2020/12/05/KRLX/KRLX20201205_023343_V06']"
T,C550,GSO UUA /OV GSO360010/TM 0407/FL130/TP C550/TB SEV,SEV,,13000.0,36.26418016668016,-79.94361,2020-12-05 04:07:00,5.0,L,"('KFCX', 'KRAX', 'KGSP', 'KRLX', 'KCAE')","['s3://unidata-nexrad-level2/2020/12/05/KFCX/KFCX20201205_040531_V06', 's3://unidata-nexrad-level2/2020/12/05/KRAX/KRAX20201205_040219_V06', 's3://unidata-nexrad-level2/2020/12/05/KGSP/KGSP20201205_040655_V06', 's3://unidata-nexrad-level2/2020/12/05/KRLX/KRLX20201205_040510_V06', 's3://unidata-nexrad-level2/2020/12/05/KCAE/KCAE20201205_040133_V06']"
T,C510,BFL UUA /OV EHF120037 /TM 1910 /FL260 /TP C510 /TB SEV /RM ZLAWC AWC-WEB:,SEV,,26000.0,35.17164169164169,-118.44412337196408,2020-12-05 19:10:00,5.0,U,"('KEYX', 'KVTX', 'KHNX', 'KSOX', 'KVBX')","['s3://unidata-nexrad-level2/2020/12/05/KEYX/KEYX20201205_190532_V06', 's3://unidata-nexrad-level2/2020/12/05/KVTX/KVTX20201205_190810_V06', 's3://unidata-nexrad-level2/2020/12/05/KHNX/KHNX20201205_190445_V06', 's3://unidata-nexrad-level2/2020/12/05/KSOX/KSOX20201205_190852_V06', 's3://unidata-nexrad-level2/2020/12/05/KVBX/KVBX20201205_190244_V06']"
T,C510,BFL UUA /OV EHF120037 /TM 1910 /FL260 /TP C510 /TB SEV /RM ZLAWC AWC-WEB,SEV,,26000.0,35.17164169164169,-118.44412337196408,2020-12-05 19:10:00,5.0,U,"('KEYX', 'KVTX', 'KHNX', 'KSOX', 'KVBX')","['s3://unidata-nexrad-level2/2020/12/05/KEYX/KEYX20201205_190532_V06', 's3://unidata-nexrad-level2/2020/12/05/KVTX/KVTX20201205_190810_V06', 's3://unidata-nexrad-level2/2020/12/05/KHNX/KHNX20201205_190445_V06', 's3://unidata-nexrad-level2/2020/12/05/KSOX/KSOX20201205_190852_V06', 's3://unidata-nexrad-level2/2020/12/05/KVBX/KVBX20201205_190244_V06']"
T,E135,SAT UUA /OV SAT360010 /TM 1906 /FL250 /TP E135 /TB SEV /RM NO DAMAGE/INJURIES; FM ZHU AWC-WEB,SEV,,25000.0,29.70037016668017,-98.46978,2020-12-06 19:06:00,5.0,M,"('KEWX', 'KGRK', 'KDFX', 'KCRP', 'KSJT')","['s3://unidata-nexrad-level2/2020/12/06/KEWX/KEWX20201206_190416_V06', 's3://unidata-nexrad-level2/2020/12/06/KGRK/KGRK20201206_190306_V06', 's3://unidata-nexrad-level2/2020/12/06/KDFX/KDFX20201206_185741_V06', 's3://unidata-nexrad-level2/2020/12/06/KCRP/KCRP20201206_190213_V06', 's3://unidata-nexrad-level2/2020/12/06/KSJT/KSJT20201206_185702_V06']"
T,E135,SAT UUA /OV SAT360010 /TM 1906 /FL250 /TP E135 /TB SEV /RM NO DAMAGE/INJURIES; FM ZHU AWC-WEB:,SEV,,25000.0,29.70037016668017,-98.46978,2020-12-06 19:06:00,5.0,M,"('KEWX', 'KGRK', 'KDFX', 'KCRP', 'KSJT')","['s3://unidata-nexrad-level2/2020/12/06/KEWX/KEWX20201206_190416_V06', 's3://unidata-nexrad-level2/2020/12/06/KGRK/KGRK20201206_190306_V06', 's3://unidata-nexrad-level2/2020/12/06/KDFX/KDFX20201206_185741_V06', 's3://unidata-nexrad-level2/2020/12/06/KCRP/KCRP20201206_190213_V06', 's3://unidata-nexrad-level2/2020/12/06/KSJT/KSJT20201206_185702_V06']"
T,C550,CLL UUA /OV CLL340040 /TM 2003 /FL290 /TP C550 /TB SEV 270-290 /RM FM ZHU AWC-WEB,SEV 270-290,,29000.0,31.21457249064287,-96.62878214647915,2020-12-06 20:03:00,5.0,L,"('KGRK', 'KEWX', 'KFWS', 'KHGX', 'KDYX')","['s3://unidata-nexrad-level2/2020/12/06/KGRK/KGRK20201206_195801_V06', 's3://unidata-nexrad-level2/2020/12/06/KEWX/KEWX20201206_195859_V06', 's3://unidata-nexrad-level2/2020/12/06/KFWS/KFWS20201206_200021_V06', 's3://unidata-nexrad-level2/2020/12/06/KHGX/KHGX20201206_200004_V06', 's3://unidata-nexrad-level2/2020/12/06/KDYX/KDYX20201206_200117_V06']"
T,C550,CLL UUA /OV CLL340040 /TM 2003 /FL290 /TP C550 /TB SEV 270-290 /RM FM ZHU AWC-WEB:,SEV 270-290,,29000.0,31.21457249064287,-96.62878214647915,2020-12-06 20:03:00,5.0,L,"('KGRK', 'KEWX', 'KFWS', 'KHGX', 'KDYX')","['s3://unidata-nexrad-level2/2020/12/06/KGRK/KGRK20201206_195801_V06', 's3://unidata-nexrad-level2/2020/12/06/KEWX/KEWX20201206_195859_V06', 's3://unidata-nexrad-level2/2020/12/06/KFWS/KFWS20201206_200021_V06', 's3://unidata-nexrad-level2/2020/12/06/KHGX/KHGX20201206_200004_V06', 's3://unidata-nexrad-level2/2020/12/06/KDYX/KDYX20201206_200117_V06']"
T,A359,SEA UUA /OV SEA270030/TM 2245/FL370/TP A359/TB SEV/RM * ..ZSE,SEV,,37000.0,47.44469,-123.05374498789872,2020-12-06 22:45:00,5.0,U,"('KLGX', 'KATX', 'KRTX', 'KPDT', 'KMAX')","['s3://unidata-nexrad-level2/2020/12/06/KLGX/KLGX20201206_224207_V06', 's3://unidata-nexrad-level2/2020/12/06/KATX/KATX20201206_223746_V06', 's3://unidata-nexrad-level2/2020/12/06/KRTX/KRTX20201206_223958_V06', 's3://unidata-nexrad-level2/2020/12/06/KPDT/KPDT20201206_223901_V06', 's3://unidata-nexrad-level2/2020/12/06/KMAX/KMAX20201206_224346_V06']"
F,B737,MDQ UA /OV RQZ/TM 2304/FL390/TP B737/TB SEV/RM NO DAMAGES OR INJURIES ZTLFD,SEV,,39000.0,34.8,-86.63,2020-12-06 23:04:00,5.0,M,"('KHTX', 'KOHX', 'KBMX', 'KGWX', 'KHPX')","['s3://unidata-nexrad-level2/2020/12/06/KHTX/KHTX20201206_225952_V06', 's3://unidata-nexrad-level2/2020/12/06/KOHX/KOHX20201206_225634_V06', 's3://unidata-nexrad-level2/2020/12/06/KBMX/KBMX20201206_230109_V06']"
T,FA20,ESF UUA /OV AEX /TM 0015 /FL260 /TP FA20 /TB SEV /RM FM ZHU AWC-WEB,SEV,,26000.0,31.33472,-92.55861,2020-12-07 00:15:00,5.0,M,"('KPOE', 'KLCH', 'KSHV', 'KHDC', 'KDGX')","['s3://unidata-nexrad-level2/2020/12/07/KPOE/KPOE20201207_000759_V06', 's3://unidata-nexrad-level2/2020/12/07/KSHV/KSHV20201207_000656_V06', 's3://unidata-nexrad-level2/2020/12/07/KDGX/KDGX20201207_001054_V06']"
T,FA20,ESF UUA /OV AEX /TM 0015 /FL260 /TP FA20 /TB SEV /RM FM ZHU AWC-WEB:,SEV,,26000.0,31.33472,-92.55861,2020-12-07 00:15:00,5.0,M,"('KPOE', 'KLCH', 'KSHV', 'KHDC', 'KDGX')","['s3://unidata-nexrad-level2/2020/12/07/KPOE/KPOE20201207_000759_V06', 's3://unidata-nexrad-level2/2020/12/07/KSHV/KSHV20201207_000656_V06', 's3://unidata-nexrad-level2/2020/12/07/KDGX/KDGX20201207_001054_V06']"
T,CRJ,MLU UUA /OV MLU040040/TM 0135/FL240/TP CRJ/TB SEV/RM NO DAMAGE..NO INJURIES/ZME CWSU,SEV,,24000.0,33.021597661853946,-91.52948998298385,2020-12-07 01:35:00,5.0,M,"('KDGX', 'KLZK', 'KSHV', 'KPOE', 'KHDC')","['s3://unidata-nexrad-level2/2020/12/07/KDGX/KDGX20201207_013428_V06', 's3://unidata-nexrad-level2/2020/12/07/KLZK/KLZK20201207_013253_V06', 's3://unidata-nexrad-level2/2020/12/07/KSHV/KSHV20201207_013133_V06', 's3://unidata-nexrad-level2/2020/12/07/KPOE/KPOE20201207_012818_V06']"
F,B777,UUA /OV YYC 145120 /TM 0350 /FL320 /TP B777 /TB MDT-SEV /RM OVR TOVUM,MDT-SEV,,32000.0,49.38156320865814,-112.0562221215608,2020-12-07 03:50:00,5.0,H,"('KTFX', 'KMSX', 'KBLX', 'KGGW', 'KOTX')","['s3://unidata-nexrad-level2/2020/12/07/KTFX/KTFX20201207_034657_V06', 's3://unidata-nexrad-level2/2020/12/07/KMSX/KMSX20201207_034511_V06', 's3://unidata-nexrad-level2/2020/12/07/KBLX/KBLX20201207_034739_V06', 's3://unidata-nexrad-level2/2020/12/07/KGGW/KGGW20201207_034717_V06', 's3://unidata-nexrad-level2/2020/12/07/KOTX/KOTX20201207_034511_V06']"
T,B77W,PANC UUA /OV 4908N 13708W /TM 1152 /FL370 /TP B77W /TB SEV/RM AWC-WEB,SEV,,37000.0,49.1333,-137.1333,2020-12-07 11:52:00,5.0,U,"('PACG', 'KLGX', 'PAIH', 'PAIH', 'KRTX')","['s3://unidata-nexrad-level2/2020/12/07/PACG/PACG20201207_114918_V06', 's3://unidata-nexrad-level2/2020/12/07/KLGX/KLGX20201207_114821_V06', 's3://unidata-nexrad-level2/2020/12/07/PAIH/PAIH20201207_115107_V06', 's3://unidata-nexrad-level2/2020/12/07/PAIH/PAIH20201207_115107_V06', 's3://unidata-nexrad-level2/2020/12/07/KRTX/KRTX20201207_114952_V06']"
T,B77W,PANC UUA /OV 4908N 13708W /TM 1152 /FL370 /TP B77W /TB SEV/RM AWC-WEB:,SEV,,37000.0,49.1333,-137.1333,2020-12-07 11:52:00,5.0,U,"('PACG', 'KLGX', 'PAIH', 'PAIH', 'KRTX')","['s3://unidata-nexrad-level2/2020/12/07/PACG/PACG20201207_114918_V06', 's3://unidata-nexrad-level2/2020/12/07/KLGX/KLGX20201207_114821_V06', 's3://unidata-nexrad-level2/2020/12/07/PAIH/PAIH20201207_115107_V06', 's3://unidata-nexrad-level2/2020/12/07/PAIH/PAIH20201207_115107_V06', 's3://unidata-nexrad-level2/2020/12/07/KRTX/KRTX20201207_114952_V06']"
F,E75,SNS UA /OV SNS110025/TM 1525/FL350/TP E75/TB SEV/RM ZOA CWSU,SEV,,35000.0,36.520971393756255,-121.12112520783394,2020-12-07 15:25:00,5.0,U,"('KMUX', 'KHNX', 'KVBX', 'KDAX', 'KBBX')","['s3://unidata-nexrad-level2/2020/12/07/KMUX/KMUX20201207_151628_V06', 's3://unidata-nexrad-level2/2020/12/07/KHNX/KHNX20201207_152219_V06', 's3://unidata-nexrad-level2/2020/12/07/KVBX/KVBX20201207_151644_V06', 's3://unidata-nexrad-level2/2020/12/07/KDAX/KDAX20201207_152057_V06', 's3://unidata-nexrad-level2/2020/12/07/KBBX/KBBX20201207_152043_V06']"
T,C172,SMF UUA /OV HNW310010/TM 1648/FL100/TP C172/TB SEV/RM DURC,SEV,,10000.0,38.8271399459225,-120.91365346551402,2020-12-07 16:48:00,5.0,L,"('KDAX', 'KBBX', 'KRGX', 'KMUX', 'KHNX')","['s3://unidata-nexrad-level2/2020/12/07/KDAX/KDAX20201207_164719_V06', 's3://unidata-nexrad-level2/2020/12/07/KBBX/KBBX20201207_163830_V06', 's3://unidata-nexrad-level2/2020/12/07/KRGX/KRGX20201207_164739_V06', 's3://unidata-nexrad-level2/2020/12/07/KMUX/KMUX20201207_164246_V06', 's3://unidata-nexrad-level2/2020/12/07/KHNX/KHNX20201207_164605_V06']"
T,C172,TVL UUA /OV TVL/TM 1714/FL085/TP C172/TB SEV/RM DURC SFC-085  MOD TURB ABV 085 ... ZOA CWSU,SEV,,8500.0,38.89388,-119.99534,2020-12-07 17:14:00,5.0,L,"('KDAX', 'KBBX', 'KRGX', 'KMUX', 'KHNX')","['s3://unidata-nexrad-level2/2020/12/07/KDAX/KDAX20201207_170630_V06', 's3://unidata-nexrad-level2/2020/12/07/KBBX/KBBX20201207_170739_V06', 's3://unidata-nexrad-level2/2020/12/07/KRGX/KRGX20201207_171337_V06', 's3://unidata-nexrad-level2/2020/12/07/KMUX/KMUX20201207_170848_V06', 's3://unidata-nexrad-level2/2020/12/07/KHNX/KHNX20201207_171352_V06']"
T,C172,MOD UUA /OV MOD041062/TM 1752/FL125/TP C172/TB SEV/RM ZOA CWSU,SEV,,12500.0,38.40574973548523,-120.09839717983348,2020-12-07 17:52:00,5.0,L,"('KDAX', 'KBBX', 'KRGX', 'KMUX', 'KHNX')","['s3://unidata-nexrad-level2/2020/12/07/KBBX/KBBX20201207_174633_V06', 's3://unidata-nexrad-level2/2020/12/07/KRGX/KRGX20201207_174811_V06', 's3://unidata-nexrad-level2/2020/12/07/KMUX/KMUX20201207_175139_V06', 's3://unidata-nexrad-level2/2020/12/07/KHNX/KHNX20201207_174903_V06']"
F,C180,UUA /OV CYND 090030 /TM 1927 /FL027 /TP C180 /TB SEV /RM SNOW SHOWERS,SEV,,2700.0,45.52169,-74.84989813585925,2020-12-07 19:27:00,5.0,L,"('KCXX', 'KTYX', 'KENX', 'KBGM', 'KBUF')","['s3://unidata-nexrad-level2/2020/12/07/KCXX/KCXX20201207_192200_V06', 's3://unidata-nexrad-level2/2020/12/07/KTYX/KTYX20201207_192511_V06', 's3://unidata-nexrad-level2/2020/12/07/KENX/KENX20201207_192641_V06', 's3://unidata-nexrad-level2/2020/12/07/KBGM/KBGM20201207_192118_V06', 's3://unidata-nexrad-level2/2020/12/07/KBUF/KBUF20201207_192212_V06']"
F,DH8D,UUA /OV CYYC 225030 /TM 2305 /FL100 /TP DH8D /TB SEV,SEV,,10000.0,50.760307971553445,-114.5835110649409,2020-12-07 23:05:00,5.0,M,"('KMSX', 'KOTX', 'KTFX', 'KPDT', 'KCBX')","['s3://unidata-nexrad-level2/2020/12/07/KMSX/KMSX20201207_230135_V06', 's3://unidata-nexrad-level2/2020/12/07/KOTX/KOTX20201207_230322_V06', 's3://unidata-nexrad-level2/2020/12/07/KTFX/KTFX20201207_230144_V06', 's3://unidata-nexrad-level2/2020/12/07/KPDT/KPDT20201207_225800_V06', 's3://unidata-nexrad-level2/2020/12/07/KCBX/KCBX20201207_230050_V06']"
T,P46T,F70 UUA /OV F70 10NE/TM 0019/FL120/TP P46T/TB SEV 120,SEV 120,,12000.0,33.5742,-117.1285,2020-12-08 00:19:00,5.0,L,"('KSOX', 'KNKX', 'KEYX', 'KVTX', 'KYUX')","['s3://unidata-nexrad-level2/2020/12/08/KSOX/KSOX20201208_001237_V06', 's3://unidata-nexrad-level2/2020/12/08/KNKX/KNKX20201208_001405_V06', 's3://unidata-nexrad-level2/2020/12/08/KEYX/KEYX20201208_001130_V06', 's3://unidata-nexrad-level2/2020/12/08/KVTX/KVTX20201208_001552_V06', 's3://unidata-nexrad-level2/2020/12/08/KYUX/KYUX20201208_001150_V06']"
F,C172,EMT UA /OV EMT/TM 0350/FL008/TP C172/TB SEV 008-014,SEV 008-014,,800.0,34.086,-118.035,2020-12-08 03:50:00,5.0,L,"('KSOX', 'KVTX', 'KEYX', 'KNKX', 'KVBX')","['s3://unidata-nexrad-level2/2020/12/08/KSOX/KSOX20201208_034511_V06', 's3://unidata-nexrad-level2/2020/12/08/KVTX/KVTX20201208_034149_V06', 's3://unidata-nexrad-level2/2020/12/08/KEYX/KEYX20201208_034953_V06', 's3://unidata-nexrad-level2/2020/12/08/KNKX/KNKX20201208_034612_V06', 's3://unidata-nexrad-level2/2020/12/08/KVBX/KVBX20201208_034353_V06']"
T,B77W,PMDY UUA /OV 3657N 16900E /TM 1427 /FL350 /TP B77W /TB SEV 350 /RM BRIEF SEV TURB FL350 ZOA CWSU AWC-WEB,SEV 350,,35000.0,36.95,169.0,2020-12-08 14:27:00,5.0,U,"('PGUA', 'RKSG', 'RKJK', 'RODN', 'LPLA')","['s3://unidata-nexrad-level2/2020/12/08/PGUA/PGUA20201208_142014_V06', 's3://unidata-nexrad-level2/2020/12/08/RKSG/RKSG20201208_142149_V06', 's3://unidata-nexrad-level2/2020/12/08/RODN/RODN20201208_142258_V06']"
T,B77W,PMDY UUA /OV 3657N 16900E /TM 1427 /FL350 /TP B77W /TB SEV 350 /RM BRIEF SEV TURB FL350 ZOA CWSU AWC-WEB:,SEV 350,,35000.0,36.95,169.0,2020-12-08 14:27:00,5.0,U,"('PGUA', 'RKSG', 'RKJK', 'RODN', 'LPLA')","['s3://unidata-nexrad-level2/2020/12/08/PGUA/PGUA20201208_142014_V06', 's3://unidata-nexrad-level2/2020/12/08/RKSG/RKSG20201208_142149_V06', 's3://unidata-nexrad-level2/2020/12/08/RODN/RODN20201208_142258_V06']"
T,B763,STL UUA /OV STL090030/TM 1622/FL350/TP B763/TB NOD-SEV CAT/RM ZKC/FD1/CJ,NOD-SEV CAT,,35000.0,38.75245,-89.73220547336324,2020-12-08 16:22:00,5.0,H,"('KLSX', 'KVWX', 'KILX', 'KPAH', 'KDVN')","['s3://unidata-nexrad-level2/2020/12/08/KLSX/KLSX20201208_162001_V06', 's3://unidata-nexrad-level2/2020/12/08/KVWX/KVWX20201208_161929_V06', 's3://unidata-nexrad-level2/2020/12/08/KILX/KILX20201208_162146_V06', 's3://unidata-nexrad-level2/2020/12/08/KPAH/KPAH20201208_161843_V06', 's3://unidata-nexrad-level2/2020/12/08/KDVN/KDVN20201208_162027_V06']"
F,C172,UA /OV CYXY 270050 /TM 1840 /FL065 /TP C172 /TB MDT-SEV,MDT-SEV,,6500.0,60.70944,-136.7723544331334,2020-12-08 18:40:00,5.0,L,"('PACG', 'PAIH', 'PAIH', 'PAPD', 'PAHG')","['s3://unidata-nexrad-level2/2020/12/08/PACG/PACG20201208_183459_V06', 's3://unidata-nexrad-level2/2020/12/08/PAIH/PAIH20201208_183756_V06', 's3://unidata-nexrad-level2/2020/12/08/PAIH/PAIH20201208_183756_V06', 's3://unidata-nexrad-level2/2020/12/08/PAPD/PAPD20201208_183524_V06', 's3://unidata-nexrad-level2/2020/12/08/PAHG/PAHG20201208_183747_V06']"
F,SW4,UUA /OV VLN 315020 /TM 1414 /FL200 /TP SW4 /TB MDT-SEV,MDT-SEV,,20000.0,50.8057213522977,-105.2611358084651,2020-12-09 14:14:00,5.0,M,"('KGGW', 'KMBX', 'KBLX', 'KBIS', 'KTFX')","['s3://unidata-nexrad-level2/2020/12/09/KGGW/KGGW20201209_141109_V06', 's3://unidata-nexrad-level2/2020/12/09/KMBX/KMBX20201209_141143_V06', 's3://unidata-nexrad-level2/2020/12/09/KBLX/KBLX20201209_140745_V06', 's3://unidata-nexrad-level2/2020/12/09/KBIS/KBIS20201209_141134_V06', 's3://unidata-nexrad-level2/2020/12/09/KTFX/KTFX20201209_141035_V06']"
F,C172,LYH UA /OV LYH290020/TM 1500/FL056/TP C172/TB SEV/RM STRONG DOWN DRAFT MOUNTAIN WAVE,SEV,,5600.0,37.434815948995,-79.6006074395565,2020-12-09 15:00:00,5.0,L,"('KFCX', 'KRLX', 'KRAX', 'KAKQ', 'KLWX')","['s3://unidata-nexrad-level2/2020/12/09/KFCX/KFCX20201209_145743_V06', 's3://unidata-nexrad-level2/2020/12/09/KRLX/KRLX20201209_145903_V06', 's3://unidata-nexrad-level2/2020/12/09/KRAX/KRAX20201209_145138_V06', 's3://unidata-nexrad-level2/2020/12/09/KAKQ/KAKQ20201209_144657_V06', 's3://unidata-nexrad-level2/2020/12/09/KLWX/KLWX20201209_145858_V06']"
T,SR22,CPR UUA /OV CPR110015/TM 1605/FL090/TP SR22/TB SEV 090/RM EDGE OF CPR MOUNTAIN,SEV 090,,9000.0,42.82248803825376,-106.14365697834852,2020-12-09 16:05:00,5.0,L,"('KRIW', 'KCYS', 'KUDX', 'KFTG', 'KBLX')","['s3://unidata-nexrad-level2/2020/12/09/KRIW/KRIW20201209_155714_V06', 's3://unidata-nexrad-level2/2020/12/09/KCYS/KCYS20201209_160414_V06', 's3://unidata-nexrad-level2/2020/12/09/KUDX/KUDX20201209_155732_V06', 's3://unidata-nexrad-level2/2020/12/09/KFTG/KFTG20201209_160047_V06', 's3://unidata-nexrad-level2/2020/12/09/KBLX/KBLX20201209_160250_V06']"
T,SR22,CPR UUA /OV DDY175016 /TM 1606 /FL090 /TP SR22 /TA 09 /TB SEV CHOP 090 /RM DURGC MTN WAVE +/-10KT +/-400FT rolled airplane into 50 degree bank AWC-WEB:,SEV CHOP 090,,9000.0,42.82432656268188,-106.24817198114428,2020-12-09 16:06:00,5.0,L,"('KRIW', 'KCYS', 'KUDX', 'KFTG', 'KBLX')","['s3://unidata-nexrad-level2/2020/12/09/KRIW/KRIW20201209_160546_V06', 's3://unidata-nexrad-level2/2020/12/09/KCYS/KCYS20201209_160414_V06', 's3://unidata-nexrad-level2/2020/12/09/KUDX/KUDX20201209_155732_V06', 's3://unidata-nexrad-level2/2020/12/09/KFTG/KFTG20201209_160047_V06', 's3://unidata-nexrad-level2/2020/12/09/KBLX/KBLX20201209_160250_V06']"
T,SR22,CPR UUA /OV DDY175016 /TM 1606 /FL090 /TP SR22 /TA 09 /TB SEV CHOP 090 /RM DURGC MTN WAVE +/-10KT +/-400FT rolled airplane into 50 degree bank AWC-WEB,SEV CHOP 090,,9000.0,42.82432656268188,-106.24817198114428,2020-12-09 16:06:00,5.0,L,"('KRIW', 'KCYS', 'KUDX', 'KFTG', 'KBLX')","['s3://unidata-nexrad-level2/2020/12/09/KRIW/KRIW20201209_160546_V06', 's3://unidata-nexrad-level2/2020/12/09/KCYS/KCYS20201209_160414_V06', 's3://unidata-nexrad-level2/2020/12/09/KUDX/KUDX20201209_155732_V06', 's3://unidata-nexrad-level2/2020/12/09/KFTG/KFTG20201209_160047_V06', 's3://unidata-nexrad-level2/2020/12/09/KBLX/KBLX20201209_160250_V06']"
T,GLF5,LRU UUA /OV LRU/TM 1701/FL310/TP GLF5/TB SEV/RM ZAB/FDCS,SEV,,31000.0,32.28942,-106.92197,2020-12-11 17:01:00,5.0,M,"('KEPZ', 'KHDX', 'KABX', 'KEMX', 'KFDX')","['s3://unidata-nexrad-level2/2020/12/11/KEPZ/KEPZ20201211_165806_V06', 's3://unidata-nexrad-level2/2020/12/11/KHDX/KHDX20201211_165257_V06', 's3://unidata-nexrad-level2/2020/12/11/KABX/KABX20201211_165400_V06', 's3://unidata-nexrad-level2/2020/12/11/KEMX/KEMX20201211_170007_V06']"
T,U2,CDC UUA /OV CDC265020/TM 1740/FL520/TP U2/TB SEV/RM ZLC,SEV,,52000.0,37.67094573254337,-113.51971931168698,2020-12-11 17:40:00,5.0,U,"('KICX', 'KESX', 'KMTX', 'KFSX', 'KFSX')","['s3://unidata-nexrad-level2/2020/12/11/KICX/KICX20201211_173558_V06', 's3://unidata-nexrad-level2/2020/12/11/KESX/KESX20201211_173237_V06', 's3://unidata-nexrad-level2/2020/12/11/KMTX/KMTX20201211_173809_V06', 's3://unidata-nexrad-level2/2020/12/11/KFSX/KFSX20201211_173416_V06', 's3://unidata-nexrad-level2/2020/12/11/KFSX/KFSX20201211_173416_V06']"
T,M20P,ELP UUA /OV ELP280050/TM 2030/FL095/TP M20P/TB SEV/RM +/-500FT -ZAB/FDCS,SEV,,9500.0,31.95582853598616,-107.34164405054884,2020-12-11 20:30:00,5.0,L,"('KEPZ', 'KHDX', 'KEMX', 'KABX', 'KIWA')","['s3://unidata-nexrad-level2/2020/12/11/KEPZ/KEPZ20201211_202423_V06', 's3://unidata-nexrad-level2/2020/12/11/KHDX/KHDX20201211_202543_V06', 's3://unidata-nexrad-level2/2020/12/11/KEMX/KEMX20201211_202038_V06', 's3://unidata-nexrad-level2/2020/12/11/KABX/KABX20201211_202645_V06', 's3://unidata-nexrad-level2/2020/12/11/KIWA/KIWA20201211_202939_V06']"
T,SR22,PSP UUA /OV KPSP305010/TM 1559/FL065/TP SR22/TB SEV/RM BANNING PASS. COR MSG TYPE AND LOCTN. ZLA CWSU,SEV,,6500.0,33.92527381601481,-116.67105380124336,2020-12-12 15:59:00,5.0,L,"('KSOX', 'KNKX', 'KEYX', 'KYUX', 'KESX')","['s3://unidata-nexrad-level2/2020/12/12/KSOX/KSOX20201212_155823_V06', 's3://unidata-nexrad-level2/2020/12/12/KNKX/KNKX20201212_155631_V06', 's3://unidata-nexrad-level2/2020/12/12/KEYX/KEYX20201212_155616_V06', 's3://unidata-nexrad-level2/2020/12/12/KYUX/KYUX20201212_155416_V06', 's3://unidata-nexrad-level2/2020/12/12/KESX/KESX20201212_155543_V06']"
T,CRJ9,PSP UUA /OV PSP/TM 1740/FL050/TP CRJ9/TB EXTRM,EXTRM,,5000.0,33.82967,-116.50669,2020-12-12 17:40:00,7.0,U,"('KNKX', 'KSOX', 'KEYX', 'KYUX', 'KESX')","['s3://unidata-nexrad-level2/2020/12/12/KNKX/KNKX20201212_173258_V06', 's3://unidata-nexrad-level2/2020/12/12/KSOX/KSOX20201212_173510_V06', 's3://unidata-nexrad-level2/2020/12/12/KEYX/KEYX20201212_173217_V06', 's3://unidata-nexrad-level2/2020/12/12/KYUX/KYUX20201212_173910_V06', 's3://unidata-nexrad-level2/2020/12/12/KESX/KESX20201212_173706_V06']"
F,B212,ANC UA /OV 5BK360001 /TM 1935 /FL003 /TP B212 /TB SEV /RM (AKFSS),SEV,,300.0,63.546668016668015,-145.86,2020-12-12 19:35:00,5.0,L,"('PAPD', 'PAIH', 'PAIH', 'PAHG', 'PAKC')","['s3://unidata-nexrad-level2/2020/12/12/PAPD/PAPD20201212_193107_V06', 's3://unidata-nexrad-level2/2020/12/12/PAHG/PAHG20201212_193329_V06', 's3://unidata-nexrad-level2/2020/12/12/PAKC/PAKC20201212_192805_V06']"
F,B212,ANC UA /OV 5BK360001 /TM 1935 /FL003 /TP B212 /TB SEV /RM (AKFSS,SEV,,300.0,63.546668016668015,-145.86,2020-12-12 19:35:00,5.0,L,"('PAPD', 'PAIH', 'PAIH', 'PAHG', 'PAKC')","['s3://unidata-nexrad-level2/2020/12/12/PAPD/PAPD20201212_193107_V06', 's3://unidata-nexrad-level2/2020/12/12/PAHG/PAHG20201212_193329_V06', 's3://unidata-nexrad-level2/2020/12/12/PAKC/PAKC20201212_192805_V06']"
T,C560,F70 UUA /OV F70 15NE/TM 2358/FL120/TP C560/TB SEV 120,SEV 120,,12000.0,33.5742,-117.1285,2020-12-12 23:58:00,5.0,M,"('KSOX', 'KNKX', 'KEYX', 'KVTX', 'KYUX')","['s3://unidata-nexrad-level2/2020/12/12/KSOX/KSOX20201212_235430_V06', 's3://unidata-nexrad-level2/2020/12/12/KNKX/KNKX20201212_235114_V06', 's3://unidata-nexrad-level2/2020/12/12/KEYX/KEYX20201212_235203_V06', 's3://unidata-nexrad-level2/2020/12/12/KVTX/KVTX20201212_235344_V06', 's3://unidata-nexrad-level2/2020/12/12/KYUX/KYUX20201212_235712_V06']"
T,LJ60,GDP UUA /OV SFL086019/TM 0154/FL390/TP LJ60/TB SEV +1000FT/RM ZAB/FDCS,SEV +1000FT,,39000.0,31.772091339274315,-104.71848233844815,2020-12-13 01:54:00,5.0,M,"('KEPZ', 'KHDX', 'KMAF', 'KFDX', 'KLBB')","['s3://unidata-nexrad-level2/2020/12/13/KEPZ/KEPZ20201213_015111_V06', 's3://unidata-nexrad-level2/2020/12/13/KHDX/KHDX20201213_014501_V06', 's3://unidata-nexrad-level2/2020/12/13/KMAF/KMAF20201213_015319_V06', 's3://unidata-nexrad-level2/2020/12/13/KLBB/KLBB20201213_015008_V06']"
T,B777,PASY UUA /OV SYA249204/TM 0742/FL330/TP B777/TB SEV/RM ZAN,SEV,,33000.0,51.49145027691398,168.87036495587157,2020-12-13 07:42:00,5.0,H,"('RKSG', 'PGUA', 'RKJK', 'RODN', 'LPLA')","['s3://unidata-nexrad-level2/2020/12/13/RKSG/RKSG20201213_074104_V06', 's3://unidata-nexrad-level2/2020/12/13/RKJK/RKJK20201213_073845_V06', 's3://unidata-nexrad-level2/2020/12/13/RODN/RODN20201213_073732_V06']"
T,CRJ7,DFW UUA /OV DFW330040/TM 1503/FL160/TP CRJ7/TB SEV,SEV,,16000.0,33.4742270346082,-97.43502300593978,2020-12-13 15:03:00,5.0,M,"('KFWS', 'KFDR', 'KOUN', 'KDYX', 'KTLX')","['s3://unidata-nexrad-level2/2020/12/13/KFDR/KFDR20201213_145907_V06', 's3://unidata-nexrad-level2/2020/12/13/KDYX/KDYX20201213_150157_V06', 's3://unidata-nexrad-level2/2020/12/13/KTLX/KTLX20201213_150052_V06']"
T,EA50,DFW UUA /OV DFW130040/TM 1731/FL120/TP EA50/TB SEV 115-120,SEV 115-120,,12000.0,32.46827021631001,-96.42972546501886,2020-12-13 17:31:00,5.0,U,"('KFWS', 'KGRK', 'KSHV', 'KDYX', 'KOUN')","['s3://unidata-nexrad-level2/2020/12/13/KGRK/KGRK20201213_172849_V06', 's3://unidata-nexrad-level2/2020/12/13/KSHV/KSHV20201213_173017_V06', 's3://unidata-nexrad-level2/2020/12/13/KDYX/KDYX20201213_173055_V06']"
T,E55P,ACT UUA /OV CGQ329015 /TM 1732 /FL120 /TP E55P /TB SEV /RM ZFW AWC-WEB,SEV,,12000.0,32.27430918283073,-96.581942250465,2020-12-13 17:32:00,5.0,U,"('KFWS', 'KGRK', 'KDYX', 'KSHV', 'KEWX')","['s3://unidata-nexrad-level2/2020/12/13/KGRK/KGRK20201213_172849_V06', 's3://unidata-nexrad-level2/2020/12/13/KDYX/KDYX20201213_173055_V06', 's3://unidata-nexrad-level2/2020/12/13/KSHV/KSHV20201213_173017_V06', 's3://unidata-nexrad-level2/2020/12/13/KEWX/KEWX20201213_172902_V06']"
T,E55P,ACT UUA /OV CGQ329015 /TM 1732 /FL120 /TP E55P /TB SEV /RM ZFW AWC-WEB:,SEV,,12000.0,32.27430918283073,-96.581942250465,2020-12-13 17:32:00,5.0,U,"('KFWS', 'KGRK', 'KDYX', 'KSHV', 'KEWX')","['s3://unidata-nexrad-level2/2020/12/13/KGRK/KGRK20201213_172849_V06', 's3://unidata-nexrad-level2/2020/12/13/KDYX/KDYX20201213_173055_V06', 's3://unidata-nexrad-level2/2020/12/13/KSHV/KSHV20201213_173017_V06', 's3://unidata-nexrad-level2/2020/12/13/KEWX/KEWX20201213_172902_V06']"
T,TBM8,XNA UUA /OV RZC220046/TM 1740/FL310/TP TBM8/TB SEV/RM ZME CWSU,SEV,,31000.0,35.66265168886796,-94.73113156270809,2020-12-13 17:40:00,5.0,U,"('KSRX', 'KINX', 'KTLX', 'KOUN', 'KSGF')","['s3://unidata-nexrad-level2/2020/12/13/KSRX/KSRX20201213_173552_V06', 's3://unidata-nexrad-level2/2020/12/13/KINX/KINX20201213_173443_V06', 's3://unidata-nexrad-level2/2020/12/13/KTLX/KTLX20201213_173600_V06', 's3://unidata-nexrad-level2/2020/12/13/KSGF/KSGF20201213_173628_V06']"
T,P68,GFL UUA /OV GFL190007/TM 1815/FL020/TP P68/TB SEV/RM QUICK SHOT OF SEV TURB  OTHERWISE LGT TURB,SEV,,2000.0,43.226316455706005,-73.63816807121009,2020-12-13 18:15:00,5.0,L,"('KENX', 'KCXX', 'KTYX', 'KBGM', 'KOKX')","['s3://unidata-nexrad-level2/2020/12/13/KENX/KENX20201213_181418_V06', 's3://unidata-nexrad-level2/2020/12/13/KCXX/KCXX20201213_181236_V06', 's3://unidata-nexrad-level2/2020/12/13/KTYX/KTYX20201213_181304_V06', 's3://unidata-nexrad-level2/2020/12/13/KBGM/KBGM20201213_180854_V06', 's3://unidata-nexrad-level2/2020/12/13/KOKX/KOKX20201213_181447_V06']"
T,B787,HTS UUA /OV YRK360020/TM 2344/FL390/TP B787/TB SEV,SEV,,39000.0,38.97336033336033,-82.98,2020-12-13 23:44:00,5.0,U,"('KILN', 'KRLX', 'KJKL', 'KMRX', 'KLVX')","['s3://unidata-nexrad-level2/2020/12/13/KILN/KILN20201213_233938_V06', 's3://unidata-nexrad-level2/2020/12/13/KRLX/KRLX20201213_233718_V06', 's3://unidata-nexrad-level2/2020/12/13/KJKL/KJKL20201213_233721_V06', 's3://unidata-nexrad-level2/2020/12/13/KMRX/KMRX20201213_234238_V06', 's3://unidata-nexrad-level2/2020/12/13/KLVX/KLVX20201213_234314_V06']"
T,B787,HTS UUA /OV YRK360020/TM 2348/FL390/TP B787/TB SEV 375-390,SEV 375-390,,39000.0,38.97336033336033,-82.98,2020-12-13 23:48:00,5.0,U,"('KILN', 'KRLX', 'KJKL', 'KMRX', 'KLVX')","['s3://unidata-nexrad-level2/2020/12/13/KILN/KILN20201213_233938_V06', 's3://unidata-nexrad-level2/2020/12/13/KRLX/KRLX20201213_234654_V06', 's3://unidata-nexrad-level2/2020/12/13/KJKL/KJKL20201213_234404_V06', 's3://unidata-nexrad-level2/2020/12/13/KMRX/KMRX20201213_234238_V06', 's3://unidata-nexrad-level2/2020/12/13/KLVX/KLVX20201213_234314_V06']"
T,B748,PASY UUA /OV SYA252232/TM 2350/FL330/TP B748/TB SEV/RM SMOOTH OVER POWAL ZAN,SEV,,33000.0,51.51503750419745,168.03965403341113,2020-12-13 23:50:00,5.0,U,"('RKSG', 'RKJK', 'PGUA', 'RODN', 'LPLA')","['s3://unidata-nexrad-level2/2020/12/13/RKSG/RKSG20201213_234523_V06', 's3://unidata-nexrad-level2/2020/12/13/RKJK/RKJK20201213_234841_V06', 's3://unidata-nexrad-level2/2020/12/13/RODN/RODN20201213_234824_V06']"
T,B77W,PANC UUA /OV 4700N 14000W /TM 0009 /FL370 /TP B77W /TB SEV /RM ZOA CWSU AWC-WEB,SEV,,37000.0,47.0,-140.0,2020-12-14 00:09:00,5.0,U,"('PACG', 'PAIH', 'PAIH', 'KLGX', 'KBHX')","['s3://unidata-nexrad-level2/2020/12/14/PACG/PACG20201214_000758_V06', 's3://unidata-nexrad-level2/2020/12/14/PAIH/PAIH20201214_000212_V06', 's3://unidata-nexrad-level2/2020/12/14/PAIH/PAIH20201214_000212_V06', 's3://unidata-nexrad-level2/2020/12/14/KLGX/KLGX20201214_000300_V06', 's3://unidata-nexrad-level2/2020/12/14/KBHX/KBHX20201214_000730_V06']"
T,B77W,PANC UUA /OV 4700N 14000W /TM 0009 /FL370 /TP B77W /TB SEV /RM ZOA CWSU AWC-WEB:,SEV,,37000.0,47.0,-140.0,2020-12-14 00:09:00,5.0,U,"('PACG', 'PAIH', 'PAIH', 'KLGX', 'KBHX')","['s3://unidata-nexrad-level2/2020/12/14/PACG/PACG20201214_000758_V06', 's3://unidata-nexrad-level2/2020/12/14/PAIH/PAIH20201214_000212_V06', 's3://unidata-nexrad-level2/2020/12/14/PAIH/PAIH20201214_000212_V06', 's3://unidata-nexrad-level2/2020/12/14/KLGX/KLGX20201214_000300_V06', 's3://unidata-nexrad-level2/2020/12/14/KBHX/KBHX20201214_000730_V06']"
F,A319,FAT UA /OV VIS060050 /TM 0545 /FL350 /TP A319 /TB SEV CONS CAT /RM SEV CONS CAT 335-360 FL 320 AND BLO SMOOTH AWC-WEB:,SEV CONS CAT,,35000.0,36.73537041670041,-118.49712898990433,2020-12-14 05:45:00,5.0,M,"('KHNX', 'KEYX', 'KVTX', 'KMUX', 'KVBX')","['s3://unidata-nexrad-level2/2020/12/14/KHNX/KHNX20201214_053945_V06', 's3://unidata-nexrad-level2/2020/12/14/KEYX/KEYX20201214_053931_V06', 's3://unidata-nexrad-level2/2020/12/14/KVTX/KVTX20201214_053848_V06', 's3://unidata-nexrad-level2/2020/12/14/KMUX/KMUX20201214_054421_V06', 's3://unidata-nexrad-level2/2020/12/14/KVBX/KVBX20201214_054200_V06']"
F,A319,FAT UA /OV VIS060050 /TM 0545 /FL350 /TP A319 /TB SEV CONS CAT /RM SEV CONS CAT 335-360 FL 320 AND BLO SMOOTH AWC-WEB,SEV CONS CAT,,35000.0,36.73537041670041,-118.49712898990433,2020-12-14 05:45:00,5.0,M,"('KHNX', 'KEYX', 'KVTX', 'KMUX', 'KVBX')","['s3://unidata-nexrad-level2/2020/12/14/KHNX/KHNX20201214_053945_V06', 's3://unidata-nexrad-level2/2020/12/14/KEYX/KEYX20201214_053931_V06', 's3://unidata-nexrad-level2/2020/12/14/KVTX/KVTX20201214_053848_V06', 's3://unidata-nexrad-level2/2020/12/14/KMUX/KMUX20201214_054421_V06', 's3://unidata-nexrad-level2/2020/12/14/KVBX/KVBX20201214_054200_V06']"
T,PC12,BIH UUA /OV BIH /TM 0740 /FL180 /TP PC12 /TB SEV /RM 160-190 AWC-WEB,SEV,,18000.0,37.37311,-118.36361,2020-12-14 07:40:00,5.0,L,"('KHNX', 'KEYX', 'KRGX', 'KMUX', 'KDAX')","['s3://unidata-nexrad-level2/2020/12/14/KHNX/KHNX20201214_073710_V06', 's3://unidata-nexrad-level2/2020/12/14/KEYX/KEYX20201214_073144_V06', 's3://unidata-nexrad-level2/2020/12/14/KRGX/KRGX20201214_073717_V06', 's3://unidata-nexrad-level2/2020/12/14/KMUX/KMUX20201214_073824_V06', 's3://unidata-nexrad-level2/2020/12/14/KDAX/KDAX20201214_073949_V06']"
T,PC12,BIH UUA /OV BIH /TM 0740 /FL180 /TP PC12 /TB SEV /RM 160-190 AWC-WEB:,SEV,,18000.0,37.37311,-118.36361,2020-12-14 07:40:00,5.0,L,"('KHNX', 'KEYX', 'KRGX', 'KMUX', 'KDAX')","['s3://unidata-nexrad-level2/2020/12/14/KHNX/KHNX20201214_073710_V06', 's3://unidata-nexrad-level2/2020/12/14/KEYX/KEYX20201214_073144_V06', 's3://unidata-nexrad-level2/2020/12/14/KRGX/KRGX20201214_073717_V06', 's3://unidata-nexrad-level2/2020/12/14/KMUX/KMUX20201214_073824_V06', 's3://unidata-nexrad-level2/2020/12/14/KDAX/KDAX20201214_073949_V06']"
T,CRK9,CLT UUA /OV CLT350 AT 10DME/TM 1332/FL045/TP CRK9/SK RA/TB SEV TB,SEV TB,,4500.0,35.22255,-80.95431,2020-12-14 13:32:00,5.0,U,"('KGSP', 'KCAE', 'KFCX', 'KRAX', 'KCLX')","['s3://unidata-nexrad-level2/2020/12/14/KGSP/KGSP20201214_132810_V06', 's3://unidata-nexrad-level2/2020/12/14/KCAE/KCAE20201214_133019_V06', 's3://unidata-nexrad-level2/2020/12/14/KFCX/KFCX20201214_132853_V06', 's3://unidata-nexrad-level2/2020/12/14/KRAX/KRAX20201214_132748_V06', 's3://unidata-nexrad-level2/2020/12/14/KCLX/KCLX20201214_132916_V06']"
T,CRJ9,CLT UUA /OV CLT130030/TM 1707/FL110/TP CRJ9/TB SEV TB/RM NO INJURIES,SEV TB,,11000.0,34.901130162232505,-80.4854094964096,2020-12-14 17:07:00,5.0,U,"('KCAE', 'KGSP', 'KRAX', 'KLTX', 'KFCX')","['s3://unidata-nexrad-level2/2020/12/14/KCAE/KCAE20201214_170300_V06', 's3://unidata-nexrad-level2/2020/12/14/KGSP/KGSP20201214_170502_V06', 's3://unidata-nexrad-level2/2020/12/14/KRAX/KRAX20201214_170326_V06', 's3://unidata-nexrad-level2/2020/12/14/KLTX/KLTX20201214_170618_V06', 's3://unidata-nexrad-level2/2020/12/14/KFCX/KFCX20201214_170645_V06']"
F,DHC7,UUA /OV CYQM 270002 /TM 1402 /FL015 /TP DHC7 /TB MDT-SEV,MDT-SEV,,1500.0,46.10389,-64.73585946003219,2020-12-15 14:02:00,5.0,M,"('KCBW', 'KGYX', 'KBOX', 'KCXX', 'KOKX')","['s3://unidata-nexrad-level2/2020/12/15/KCBW/KCBW20201215_135934_V06', 's3://unidata-nexrad-level2/2020/12/15/KGYX/KGYX20201215_135538_V06', 's3://unidata-nexrad-level2/2020/12/15/KBOX/KBOX20201215_140148_V06', 's3://unidata-nexrad-level2/2020/12/15/KCXX/KCXX20201215_135840_V06', 's3://unidata-nexrad-level2/2020/12/15/KOKX/KOKX20201215_135259_V06']"
T,C172,CNO UUA /OV KCNO/TM 1638/FL015/TP C172/TB SEV/RM BASE TO FINAL 26R. WINDS EAST OF FIELD VERY STRONG OUT OF THE NORTH,SEV,,1500.0,33.97528,-117.63611,2020-12-15 16:38:00,5.0,L,"('KSOX', 'KEYX', 'KNKX', 'KVTX', 'KVBX')","['s3://unidata-nexrad-level2/2020/12/15/KSOX/KSOX20201215_162835_V06', 's3://unidata-nexrad-level2/2020/12/15/KEYX/KEYX20201215_163445_V06', 's3://unidata-nexrad-level2/2020/12/15/KNKX/KNKX20201215_163607_V06', 's3://unidata-nexrad-level2/2020/12/15/KVTX/KVTX20201215_163419_V06', 's3://unidata-nexrad-level2/2020/12/15/KVBX/KVBX20201215_163655_V06']"
T,SR20,SMO UUA /OV SMO270010/TM 1955/FL028/TP SR20/TB SEV/RM CAUSED DAMAGE TO AIRCRAFT. COR SA-ID. ZLA CWSU,SEV,,2800.0,34.021,-118.648182338793,2020-12-15 19:55:00,5.0,L,"('KVTX', 'KSOX', 'KEYX', 'KVBX', 'KNKX')","['s3://unidata-nexrad-level2/2020/12/15/KVTX/KVTX20201215_194836_V06', 's3://unidata-nexrad-level2/2020/12/15/KSOX/KSOX20201215_195152_V06', 's3://unidata-nexrad-level2/2020/12/15/KEYX/KEYX20201215_194847_V06', 's3://unidata-nexrad-level2/2020/12/15/KVBX/KVBX20201215_195037_V06', 's3://unidata-nexrad-level2/2020/12/15/KNKX/KNKX20201215_194920_V06']"
T,PC12,DEN UUA /OV DEN270048/TM 0135/FL160/TP PC12/TB SEV,SEV,,16000.0,39.8328,-105.69936369949474,2020-12-16 01:35:00,5.0,L,"('KFTG', 'KCYS', 'KPUX', 'KGJX', 'KGLD')","['s3://unidata-nexrad-level2/2020/12/16/KFTG/KFTG20201216_012838_V06', 's3://unidata-nexrad-level2/2020/12/16/KCYS/KCYS20201216_013137_V06', 's3://unidata-nexrad-level2/2020/12/16/KPUX/KPUX20201216_013019_V06', 's3://unidata-nexrad-level2/2020/12/16/KGJX/KGJX20201216_013427_V06', 's3://unidata-nexrad-level2/2020/12/16/KGLD/KGLD20201216_012817_V06']"
T,E170,GNV UUA /OV GNV/TM 1840/FL330/TP E170/TB SEV/RM NO DAMAGE OR INJURIES,SEV,,33000.0,29.6917,-82.27602,2020-12-16 18:40:00,5.0,U,"('KJAX', 'KVAX', 'KMLB', 'KTLH', 'KTBW')","['s3://unidata-nexrad-level2/2020/12/16/KJAX/KJAX20201216_183418_V06', 's3://unidata-nexrad-level2/2020/12/16/KVAX/KVAX20201216_183604_V06', 's3://unidata-nexrad-level2/2020/12/16/KMLB/KMLB20201216_183812_V06', 's3://unidata-nexrad-level2/2020/12/16/KTLH/KTLH20201216_183748_V06', 's3://unidata-nexrad-level2/2020/12/16/KTBW/KTBW20201216_183508_V06']"
T,CL35,JAX UUA /OV JAX090030/TM 1942/FL240/TP CL35/TB SEV CAT 240-260,SEV CAT 240-260,,24000.0,30.49406,-81.10755237907296,2020-12-16 19:42:00,5.0,U,"('KJAX', 'KVAX', 'KMLB', 'KCLX', 'KTLH')","['s3://unidata-nexrad-level2/2020/12/16/KJAX/KJAX20201216_194104_V06', 's3://unidata-nexrad-level2/2020/12/16/KVAX/KVAX20201216_194025_V06', 's3://unidata-nexrad-level2/2020/12/16/KMLB/KMLB20201216_193803_V06', 's3://unidata-nexrad-level2/2020/12/16/KCLX/KCLX20201216_193503_V06', 's3://unidata-nexrad-level2/2020/12/16/KTLH/KTLH20201216_194148_V06']"
T,C25B,PIE UUA /OV RSW290020/TM 2239/FL100/TP C25B/TB SEV,SEV,,10000.0,26.652075948994995,-82.10687869343057,2020-12-16 22:39:00,5.0,U,"('KTBW', 'KAMX', 'KAMX', 'KMLB', 'KBYX')","['s3://unidata-nexrad-level2/2020/12/16/KTBW/KTBW20201216_223854_V06', 's3://unidata-nexrad-level2/2020/12/16/KAMX/KAMX20201216_223428_V06', 's3://unidata-nexrad-level2/2020/12/16/KAMX/KAMX20201216_223428_V06', 's3://unidata-nexrad-level2/2020/12/16/KMLB/KMLB20201216_223814_V06', 's3://unidata-nexrad-level2/2020/12/16/KBYX/KBYX20201216_225745_V03']"
F,B777,UUA /OV UFX 045010 /TM 0308 /FL310 /TP B777 /TB SEV CAT,SEV CAT,,31000.0,46.29786067614885,-73.24977828605083,2020-12-17 03:08:00,5.0,H,"('KCXX', 'KTYX', 'KGYX', 'KENX', 'KBOX')","['s3://unidata-nexrad-level2/2020/12/17/KCXX/KCXX20201217_030710_V06', 's3://unidata-nexrad-level2/2020/12/17/KTYX/KTYX20201217_030747_V06', 's3://unidata-nexrad-level2/2020/12/17/KGYX/KGYX20201217_030307_V06', 's3://unidata-nexrad-level2/2020/12/17/KENX/KENX20201217_030337_V06', 's3://unidata-nexrad-level2/2020/12/17/KBOX/KBOX20201217_030715_V06']"
F,CL60,UUA /OV 4812N06316W /TM 0451 /FL230 /TP CL60 /TB SEV CAT /RM AT FIX OLESU,SEV CAT,,23000.0,48.2,-63.2666,2020-12-17 04:51:00,5.0,M,"('KCBW', 'KGYX', 'KBOX', 'KCXX', 'KOKX')","['s3://unidata-nexrad-level2/2020/12/17/KCBW/KCBW20201217_044513_V06', 's3://unidata-nexrad-level2/2020/12/17/KGYX/KGYX20201217_044800_V06', 's3://unidata-nexrad-level2/2020/12/17/KBOX/KBOX20201217_044915_V06', 's3://unidata-nexrad-level2/2020/12/17/KCXX/KCXX20201217_044726_V06', 's3://unidata-nexrad-level2/2020/12/17/KOKX/KOKX20201217_044956_V06']"
F,B787,UUA /OV 4606N05511W /TM 0825 /FL390 /TP B787 /TB MDT OCNL SEV /RMCONS MDT OCNL SEV,MDT OCNL SEV,,39000.0,46.1,-55.1833,2020-12-17 08:25:00,5.0,U,"('KCBW', 'KGYX', 'KBOX', 'KCXX', 'KOKX')","['s3://unidata-nexrad-level2/2020/12/17/KCBW/KCBW20201217_082411_V06', 's3://unidata-nexrad-level2/2020/12/17/KGYX/KGYX20201217_082058_V06', 's3://unidata-nexrad-level2/2020/12/17/KBOX/KBOX20201217_082034_V06', 's3://unidata-nexrad-level2/2020/12/17/KCXX/KCXX20201217_082318_V06', 's3://unidata-nexrad-level2/2020/12/17/KOKX/KOKX20201217_082041_V06']"
T,GLF,BIH UUA /OV BIH160020/TM 1540/FL330/TP GLF/TB SEV/RM ZOA CWSU,SEV,,33000.0,37.05985375467856,-118.22013949744507,2020-12-17 15:40:00,5.0,M,"('KHNX', 'KEYX', 'KVTX', 'KVBX', 'KRGX')","['s3://unidata-nexrad-level2/2020/12/17/KHNX/KHNX20201217_153729_V06', 's3://unidata-nexrad-level2/2020/12/17/KEYX/KEYX20201217_153335_V06', 's3://unidata-nexrad-level2/2020/12/17/KVTX/KVTX20201217_153258_V06', 's3://unidata-nexrad-level2/2020/12/17/KVBX/KVBX20201217_153927_V06', 's3://unidata-nexrad-level2/2020/12/17/KRGX/KRGX20201217_153835_V06']"
T,GLF5,BIH UUA /OV OAL180070/TM 1545/FL330/TP GLF5/TB SEV 330-285/RM MTN WV +30/-40 KT. SMOOTH BLO FL285. COR MSG TYPE AND TURB. ZLA CWSU,SEV 330-285,,33000.0,36.83323883323883,-117.77,2020-12-17 15:45:00,5.0,M,"('KHNX', 'KEYX', 'KESX', 'KVTX', 'KVBX')","['s3://unidata-nexrad-level2/2020/12/17/KHNX/KHNX20201217_154237_V06', 's3://unidata-nexrad-level2/2020/12/17/KEYX/KEYX20201217_154225_V06', 's3://unidata-nexrad-level2/2020/12/17/KESX/KESX20201217_153919_V06', 's3://unidata-nexrad-level2/2020/12/17/KVTX/KVTX20201217_154240_V06', 's3://unidata-nexrad-level2/2020/12/17/KVBX/KVBX20201217_154233_V06']"
F,GLF5,BIH UA /OV OAL180070/TM 1545/FL330/TP GLF5/TB SEV/RM MTN WV +30-40KTS TURBULENCE FROM 330 -285 BELOW 285 SMTH,SEV,,33000.0,36.83323883323883,-117.77,2020-12-17 15:45:00,5.0,M,"('KHNX', 'KEYX', 'KESX', 'KVTX', 'KVBX')","['s3://unidata-nexrad-level2/2020/12/17/KHNX/KHNX20201217_154237_V06', 's3://unidata-nexrad-level2/2020/12/17/KEYX/KEYX20201217_154225_V06', 's3://unidata-nexrad-level2/2020/12/17/KESX/KESX20201217_153919_V06', 's3://unidata-nexrad-level2/2020/12/17/KVTX/KVTX20201217_154240_V06', 's3://unidata-nexrad-level2/2020/12/17/KVBX/KVBX20201217_154233_V06']"
T,E75S,BOS UUA /OV BOS313020/TM 1821/FL100/TP E75S/TB SEV/RM 100-080 DURD,SEV,,10000.0,42.58792120066164,-71.33967718594431,2020-12-17 18:21:00,5.0,U,"('KBOX', 'KGYX', 'KENX', 'KOKX', 'KCXX')","['s3://unidata-nexrad-level2/2020/12/17/KBOX/KBOX20201217_181647_V06', 's3://unidata-nexrad-level2/2020/12/17/KGYX/KGYX20201217_181953_V06', 's3://unidata-nexrad-level2/2020/12/17/KENX/KENX20201217_181738_V06', 's3://unidata-nexrad-level2/2020/12/17/KOKX/KOKX20201217_181823_V06', 's3://unidata-nexrad-level2/2020/12/17/KCXX/KCXX20201217_181557_V06']"
T,C172,HND UUA /OV 0L7/TM 1935/FL050/TP C172/TB SEV/RM THEN MOD TURB TO VGT. COR SA-ID AND MSG TYPE AND LOCTN AND TURB. ZLA CWSU,SEV,,5000.0,35.76,-115.32,2020-12-17 19:35:00,5.0,L,"('KESX', 'KEYX', 'KICX', 'KSOX', 'KNKX')","['s3://unidata-nexrad-level2/2020/12/17/KESX/KESX20201217_192844_V06', 's3://unidata-nexrad-level2/2020/12/17/KEYX/KEYX20201217_193323_V06', 's3://unidata-nexrad-level2/2020/12/17/KICX/KICX20201217_192913_V06', 's3://unidata-nexrad-level2/2020/12/17/KSOX/KSOX20201217_193144_V06', 's3://unidata-nexrad-level2/2020/12/17/KNKX/KNKX20201217_192645_V06']"
T,C172,PSP UUA /OV KPSP305005/TM 2026/FL035/TP C172/TB SEV/RM COR LOCTN AND ALT AND TURB. ZLA CWSU,SEV,,3500.0,33.87747190800741,-116.58887190062168,2020-12-17 20:26:00,5.0,L,"('KSOX', 'KNKX', 'KEYX', 'KYUX', 'KESX')","['s3://unidata-nexrad-level2/2020/12/17/KSOX/KSOX20201217_202010_V06', 's3://unidata-nexrad-level2/2020/12/17/KNKX/KNKX20201217_202439_V06', 's3://unidata-nexrad-level2/2020/12/17/KEYX/KEYX20201217_201937_V06', 's3://unidata-nexrad-level2/2020/12/17/KYUX/KYUX20201217_202200_V06', 's3://unidata-nexrad-level2/2020/12/17/KESX/KESX20201217_201906_V06']"
T,C172,SEE UUA /OV L35/TM 2320/FL075/TP C172/TB SEV 075/RM DURD,SEV 075,,7500.0,34.2637778,-116.8560278,2020-12-17 23:20:00,5.0,L,"('KSOX', 'KEYX', 'KNKX', 'KVTX', 'KESX')","['s3://unidata-nexrad-level2/2020/12/17/KSOX/KSOX20201217_231426_V06', 's3://unidata-nexrad-level2/2020/12/17/KEYX/KEYX20201217_231145_V06', 's3://unidata-nexrad-level2/2020/12/17/KNKX/KNKX20201217_231819_V06', 's3://unidata-nexrad-level2/2020/12/17/KVTX/KVTX20201217_231122_V06', 's3://unidata-nexrad-level2/2020/12/17/KESX/KESX20201217_231520_V06']"
T,PA34,EDW UUA /OV WJF/TM 0030/FL115/TP PA34/TB SEV/RM 2000 FPM UDDF,SEV,,11500.0,34.74106,-118.21864,2020-12-18 00:30:00,5.0,L,"('KEYX', 'KVTX', 'KSOX', 'KHNX', 'KNKX')","['s3://unidata-nexrad-level2/2020/12/18/KEYX/KEYX20201218_002928_V06', 's3://unidata-nexrad-level2/2020/12/18/KVTX/KVTX20201218_002904_V06', 's3://unidata-nexrad-level2/2020/12/18/KSOX/KSOX20201218_002535_V06', 's3://unidata-nexrad-level2/2020/12/18/KHNX/KHNX20201218_002539_V06', 's3://unidata-nexrad-level2/2020/12/18/KNKX/KNKX20201218_002527_V06']"
T,PC12,FLG UUA /OV FLG250012/TM 1337/FL220/TP PC12/TB SEV/RM ZAB/FDCS,SEV,,22000.0,35.071870430603,-111.90206388016288,2020-12-18 13:37:00,5.0,L,"('KFSX', 'KFSX', 'KIWA', 'KESX', 'KICX')","['s3://unidata-nexrad-level2/2020/12/18/KFSX/KFSX20201218_133459_V06', 's3://unidata-nexrad-level2/2020/12/18/KFSX/KFSX20201218_133459_V06', 's3://unidata-nexrad-level2/2020/12/18/KIWA/KIWA20201218_133632_V06', 's3://unidata-nexrad-level2/2020/12/18/KESX/KESX20201218_133308_V06', 's3://unidata-nexrad-level2/2020/12/18/KICX/KICX20201218_133645_V06']"
T,C172,ONT UUA /OV ONT/TM 1625/FL065/TP C172/TB SEV/RM DDFS. COR ALT AND TURB. ZLA CWSU,SEV,,6500.0,34.056,-117.60119,2020-12-18 16:25:00,5.0,L,"('KSOX', 'KEYX', 'KNKX', 'KVTX', 'KVBX')","['s3://unidata-nexrad-level2/2020/12/18/KSOX/KSOX20201218_161830_V06', 's3://unidata-nexrad-level2/2020/12/18/KEYX/KEYX20201218_161826_V06', 's3://unidata-nexrad-level2/2020/12/18/KNKX/KNKX20201218_161715_V06', 's3://unidata-nexrad-level2/2020/12/18/KVTX/KVTX20201218_162448_V06', 's3://unidata-nexrad-level2/2020/12/18/KVBX/KVBX20201218_161922_V06']"
T,MD11,ONT UUA /OV ONT/TM 1645/FL010/TP MD11/TB SEV/RM LLWS. COR ALT AND TURB. ZLA CWSU,SEV,,1000.0,34.056,-117.60119,2020-12-18 16:45:00,5.0,H,"('KSOX', 'KEYX', 'KNKX', 'KVTX', 'KVBX')","['s3://unidata-nexrad-level2/2020/12/18/KSOX/KSOX20201218_163751_V06', 's3://unidata-nexrad-level2/2020/12/18/KEYX/KEYX20201218_164442_V06', 's3://unidata-nexrad-level2/2020/12/18/KNKX/KNKX20201218_163633_V06', 's3://unidata-nexrad-level2/2020/12/18/KVTX/KVTX20201218_164413_V06', 's3://unidata-nexrad-level2/2020/12/18/KVBX/KVBX20201218_163843_V06']"
T,PA27,CNM UUA /OV 20SW CNM/TM 1725/FL090/TP PA27/TB SEV/RM ZAB/FDCS,SEV,,9000.0,32.1017486477023,-104.54226916886404,2020-12-18 17:25:00,5.0,L,"('KHDX', 'KEPZ', 'KMAF', 'KFDX', 'KLBB')","['s3://unidata-nexrad-level2/2020/12/18/KHDX/KHDX20201218_171718_V06', 's3://unidata-nexrad-level2/2020/12/18/KEPZ/KEPZ20201218_172432_V06', 's3://unidata-nexrad-level2/2020/12/18/KMAF/KMAF20201218_172342_V06', 's3://unidata-nexrad-level2/2020/12/18/KLBB/KLBB20201218_172258_V06']"
T,C177,WHP UUA /OV LHS180014 /TM 1728 /FL055 /TP C177 /TB SEV /RM SINGLE INSTANCE OF TURBC WITH 2000 FPM INCREASE OF ALT THEN SMOOTHED RIGHT OUT,SEV,,5500.0,34.446647766647764,-118.58,2020-12-18 17:28:00,5.0,L,"('KVTX', 'KSOX', 'KEYX', 'KVBX', 'KHNX')","['s3://unidata-nexrad-level2/2020/12/18/KVTX/KVTX20201218_172304_V06', 's3://unidata-nexrad-level2/2020/12/18/KSOX/KSOX20201218_172614_V06', 's3://unidata-nexrad-level2/2020/12/18/KEYX/KEYX20201218_171943_V06', 's3://unidata-nexrad-level2/2020/12/18/KVBX/KVBX20201218_172258_V06', 's3://unidata-nexrad-level2/2020/12/18/KHNX/KHNX20201218_172353_V06']"
T,C177,WHP UUA /OV WHP315010/TM 1740/FL040/TP C177/TB SEV/RM NEWHALL PASS. COR MSG TYPE. ZLA CWSU,SEV,,4000.0,34.37719067614885,-118.55603247829684,2020-12-18 17:40:00,5.0,L,"('KVTX', 'KSOX', 'KEYX', 'KVBX', 'KNKX')","['s3://unidata-nexrad-level2/2020/12/18/KVTX/KVTX20201218_173247_V06', 's3://unidata-nexrad-level2/2020/12/18/KSOX/KSOX20201218_173554_V06', 's3://unidata-nexrad-level2/2020/12/18/KEYX/KEYX20201218_173702_V06', 's3://unidata-nexrad-level2/2020/12/18/KVBX/KVBX20201218_173238_V06', 's3://unidata-nexrad-level2/2020/12/18/KNKX/KNKX20201218_173432_V06']"
T,P46T,LIC UUA /OV HGO200010/TM 1810/FL250/TP P46T/TB SEV/RM DURD FL250-230 ZDV,SEV,,25000.0,38.65337187733928,-103.70315950059364,2020-12-18 18:10:00,5.0,L,"('KPUX', 'KFTG', 'KGLD', 'KCYS', 'KDDC')","['s3://unidata-nexrad-level2/2020/12/18/KPUX/KPUX20201218_180512_V06', 's3://unidata-nexrad-level2/2020/12/18/KFTG/KFTG20201218_180531_V06', 's3://unidata-nexrad-level2/2020/12/18/KGLD/KGLD20201218_180954_V06', 's3://unidata-nexrad-level2/2020/12/18/KCYS/KCYS20201218_180617_V06', 's3://unidata-nexrad-level2/2020/12/18/KDDC/KDDC20201218_180306_V06']"
T,C177,AMA UUA /OV PNH020250/TM 2307/FL055/TP C177/TB SEV BLO 060,SEV BLO 060,,5500.0,39.15570306651795,-99.95501947361798,2020-12-18 23:07:00,5.0,L,"('KGLD', 'KDDC', 'KUEX', 'KICT', 'KLNX')","['s3://unidata-nexrad-level2/2020/12/18/KGLD/KGLD20201218_230103_V06', 's3://unidata-nexrad-level2/2020/12/18/KDDC/KDDC20201218_230225_V06', 's3://unidata-nexrad-level2/2020/12/18/KUEX/KUEX20201218_230420_V06', 's3://unidata-nexrad-level2/2020/12/18/KICT/KICT20201218_230311_V06', 's3://unidata-nexrad-level2/2020/12/18/KLNX/KLNX20201218_230256_V06']"
T,C172,RDM UUA /OV LTJ360045/TM 0248/FL070/TP C172/TB SEV/RM * ..ZSE,SEV,,7000.0,46.46006075006075,-121.1,2020-12-19 02:48:00,5.0,L,"('KRTX', 'KPDT', 'KATX', 'KLGX', 'KOTX')","['s3://unidata-nexrad-level2/2020/12/19/KRTX/KRTX20201219_024408_V06', 's3://unidata-nexrad-level2/2020/12/19/KPDT/KPDT20201219_024204_V06', 's3://unidata-nexrad-level2/2020/12/19/KATX/KATX20201219_024525_V06', 's3://unidata-nexrad-level2/2020/12/19/KLGX/KLGX20201219_024628_V06', 's3://unidata-nexrad-level2/2020/12/19/KOTX/KOTX20201219_024231_V06']"
T,C750,DEN UUA /OV DVV260055/TM 1800/FL180/TP C750/TB SEV/RM ZDV,SEV,,18000.0,39.73080961041523,-105.79664605019742,2020-12-19 18:00:00,5.0,M,"('KFTG', 'KCYS', 'KPUX', 'KGJX', 'KGLD')","['s3://unidata-nexrad-level2/2020/12/19/KFTG/KFTG20201219_175855_V06', 's3://unidata-nexrad-level2/2020/12/19/KCYS/KCYS20201219_175145_V06', 's3://unidata-nexrad-level2/2020/12/19/KPUX/KPUX20201219_175715_V06', 's3://unidata-nexrad-level2/2020/12/19/KGJX/KGJX20201219_175322_V06', 's3://unidata-nexrad-level2/2020/12/19/KGLD/KGLD20201219_175113_V06']"
T,B752,DEN UUA /OV FQF140020 /TM 1845 /FL390 /TP B752 /SK SKC /TB SEV /RM SEV MTN WAVE...+45KTS...500FT CLIMB DEV AWC-WEB:,SEV,,39000.0,39.43463116907302,-104.34153759507797,2020-12-19 18:45:00,5.0,M,"('KFTG', 'KPUX', 'KCYS', 'KGLD', 'KGJX')","['s3://unidata-nexrad-level2/2020/12/19/KFTG/KFTG20201219_184131_V06', 's3://unidata-nexrad-level2/2020/12/19/KPUX/KPUX20201219_183918_V06', 's3://unidata-nexrad-level2/2020/12/19/KCYS/KCYS20201219_183941_V06', 's3://unidata-nexrad-level2/2020/12/19/KGLD/KGLD20201219_183921_V06', 's3://unidata-nexrad-level2/2020/12/19/KGJX/KGJX20201219_184421_V06']"
T,B752,DEN UUA /OV FQF140020 /TM 1845 /FL390 /TP B752 /SK SKC /TB SEV /RM SEV MTN WAVE...+45KTS...500FT CLIMB DEV AWC-WEB,SEV,,39000.0,39.43463116907302,-104.34153759507797,2020-12-19 18:45:00,5.0,M,"('KFTG', 'KPUX', 'KCYS', 'KGLD', 'KGJX')","['s3://unidata-nexrad-level2/2020/12/19/KFTG/KFTG20201219_184131_V06', 's3://unidata-nexrad-level2/2020/12/19/KPUX/KPUX20201219_183918_V06', 's3://unidata-nexrad-level2/2020/12/19/KCYS/KCYS20201219_183941_V06', 's3://unidata-nexrad-level2/2020/12/19/KGLD/KGLD20201219_183921_V06', 's3://unidata-nexrad-level2/2020/12/19/KGJX/KGJX20201219_184421_V06']"
F,B763,UUA /OV 5130N04236W /TM 1919 /FL330 /TP B763 /TB SEV /RM ALT LOSS300 FT,SEV,,33000.0,51.5,-42.6,2020-12-19 19:19:00,5.0,H,"('LPLA', 'KCBW', 'KGYX', 'KBOX', 'KCXX')","['s3://unidata-nexrad-level2/2020/12/19/KCBW/KCBW20201219_191233_V06', 's3://unidata-nexrad-level2/2020/12/19/KGYX/KGYX20201219_191341_V06', 's3://unidata-nexrad-level2/2020/12/19/KBOX/KBOX20201219_191214_V06', 's3://unidata-nexrad-level2/2020/12/19/KCXX/KCXX20201219_191851_V06']"
T,BE40,LAR UUA /OV LAR170038/TM 1946/FL410/TP BE40/TB SEV MTN WAVE/RM +/-10KTS +/-1000FT ZDV,SEV MTN WAVE,,41000.0,40.68829790240402,-105.5285715643144,2020-12-19 19:46:00,5.0,M,"('KCYS', 'KFTG', 'KPUX', 'KGJX', 'KGLD')","['s3://unidata-nexrad-level2/2020/12/19/KCYS/KCYS20201219_193915_V06', 's3://unidata-nexrad-level2/2020/12/19/KFTG/KFTG20201219_194528_V06', 's3://unidata-nexrad-level2/2020/12/19/KPUX/KPUX20201219_194248_V06', 's3://unidata-nexrad-level2/2020/12/19/KGJX/KGJX20201219_193556_V06', 's3://unidata-nexrad-level2/2020/12/19/KGLD/KGLD20201219_193705_V06']"
T,BE76,BJC UUA /OV 10S/TM 1958/FL090/TP BE76/TB SEV/RM 100-090 DURD,SEV,,9000.0,39.90881,-105.11719,2020-12-19 19:58:00,5.0,L,"('KFTG', 'KCYS', 'KPUX', 'KGJX', 'KGLD')","['s3://unidata-nexrad-level2/2020/12/19/KFTG/KFTG20201219_195235_V06', 's3://unidata-nexrad-level2/2020/12/19/KCYS/KCYS20201219_194850_V06', 's3://unidata-nexrad-level2/2020/12/19/KPUX/KPUX20201219_195656_V06', 's3://unidata-nexrad-level2/2020/12/19/KGJX/KGJX20201219_195621_V06', 's3://unidata-nexrad-level2/2020/12/19/KGLD/KGLD20201219_195619_V06']"
T,BE40,BFF UUA /OV BFF203046/TM 2140/FL370/TP BE40/TB SEV/RM 30KT GAIN ZDV,SEV,,37000.0,41.16825244894456,-103.99797560839647,2020-12-19 21:40:00,5.0,M,"('KCYS', 'KFTG', 'KGLD', 'KLNX', 'KPUX')","['s3://unidata-nexrad-level2/2020/12/19/KCYS/KCYS20201219_213422_V06', 's3://unidata-nexrad-level2/2020/12/19/KFTG/KFTG20201219_213908_V06', 's3://unidata-nexrad-level2/2020/12/19/KGLD/KGLD20201219_213232_V06', 's3://unidata-nexrad-level2/2020/12/19/KLNX/KLNX20201219_213056_V06', 's3://unidata-nexrad-level2/2020/12/19/KPUX/KPUX20201219_213543_V06']"
T,CRJ2,DEN UUA /OV DEN224040/TM 2235/FL230/TP CRJ2/TB SEV/RM DURD 230-180,SEV,,23000.0,39.353201288719504,-105.26061611644285,2020-12-19 22:35:00,5.0,M,"('KPUX', 'KFTG', 'KCYS', 'KGJX', 'KGLD')","['s3://unidata-nexrad-level2/2020/12/19/KPUX/KPUX20201219_223152_V06', 's3://unidata-nexrad-level2/2020/12/19/KFTG/KFTG20201219_222853_V06', 's3://unidata-nexrad-level2/2020/12/19/KCYS/KCYS20201219_223156_V06', 's3://unidata-nexrad-level2/2020/12/19/KGJX/KGJX20201219_222909_V06', 's3://unidata-nexrad-level2/2020/12/19/KGLD/KGLD20201219_223015_V06']"
T,B738,DEN UUA /OV DEN224040/TM 0003/FL230/TP B738/TB SEV/RM DURD 230-130,SEV,,23000.0,39.353201288719504,-105.26061611644285,2020-12-20 00:03:00,5.0,M,"('KPUX', 'KFTG', 'KCYS', 'KGJX', 'KGLD')","['s3://unidata-nexrad-level2/2020/12/20/KPUX/KPUX20201220_000019_V06', 's3://unidata-nexrad-level2/2020/12/20/KFTG/KFTG20201220_000118_V06', 's3://unidata-nexrad-level2/2020/12/19/KCYS/KCYS20201219_235819_V06', 's3://unidata-nexrad-level2/2020/12/20/KGJX/KGJX20201220_000046_V06', 's3://unidata-nexrad-level2/2020/12/19/KGLD/KGLD20201219_235848_V06']"
F,DH8D,UUA /OV 5023N11608W /TM 1450 /FL190 /TP DH8D /TB SEV,SEV,,19000.0,50.3833,-116.1333,2020-12-20 14:50:00,5.0,M,"('KOTX', 'KMSX', 'KPDT', 'KTFX', 'KATX')","['s3://unidata-nexrad-level2/2020/12/20/KOTX/KOTX20201220_144828_V06', 's3://unidata-nexrad-level2/2020/12/20/KMSX/KMSX20201220_144457_V06', 's3://unidata-nexrad-level2/2020/12/20/KPDT/KPDT20201220_150317_V06', 's3://unidata-nexrad-level2/2020/12/20/KTFX/KTFX20201220_144914_V06', 's3://unidata-nexrad-level2/2020/12/20/KATX/KATX20201220_144700_V06']"
T,COL,COD UUA /OV COD/TM 1605/FL150/TP COL/WV TO ROUGH TO READ/TB SEV MTW/RM COULD NOT MAINTAIN ALT /ZLC,SEV MTW,,15000.0,44.52019,-109.02381,2020-12-20 16:05:00,5.0,U,"('KBLX', 'KRIW', 'KSFX', 'KTFX', 'KGGW')","['s3://unidata-nexrad-level2/2020/12/20/KBLX/KBLX20201220_155754_V06', 's3://unidata-nexrad-level2/2020/12/20/KRIW/KRIW20201220_160151_V06', 's3://unidata-nexrad-level2/2020/12/20/KSFX/KSFX20201220_160009_V06', 's3://unidata-nexrad-level2/2020/12/20/KTFX/KTFX20201220_160034_V06', 's3://unidata-nexrad-level2/2020/12/20/KGGW/KGGW20201220_160256_V06']"
T,P46T,APA UUA /OV APA280010/TM 2020/FL110/TP P46T/TB SEV,SEV,,11000.0,39.59894370719723,-105.0629449080188,2020-12-20 20:20:00,5.0,L,"('KFTG', 'KPUX', 'KCYS', 'KGJX', 'KGLD')","['s3://unidata-nexrad-level2/2020/12/20/KFTG/KFTG20201220_201359_V06', 's3://unidata-nexrad-level2/2020/12/20/KPUX/KPUX20201220_201929_V06', 's3://unidata-nexrad-level2/2020/12/20/KCYS/KCYS20201220_201225_V06', 's3://unidata-nexrad-level2/2020/12/20/KGJX/KGJX20201220_201039_V06', 's3://unidata-nexrad-level2/2020/12/20/KGLD/KGLD20201220_201547_V06']"
F,BE20,DEN UA /OV 30W DEN/TM 2220/FL150/TP BE20/TB SEV,SEV,,15000.0,39.8328,-105.30866481218422,2020-12-20 22:20:00,5.0,M,"('KFTG', 'KCYS', 'KPUX', 'KGJX', 'KGLD')","['s3://unidata-nexrad-level2/2020/12/20/KFTG/KFTG20201220_221444_V06', 's3://unidata-nexrad-level2/2020/12/20/KCYS/KCYS20201220_221701_V06', 's3://unidata-nexrad-level2/2020/12/20/KPUX/KPUX20201220_221827_V06', 's3://unidata-nexrad-level2/2020/12/20/KGJX/KGJX20201220_221253_V06', 's3://unidata-nexrad-level2/2020/12/20/KGLD/KGLD20201220_221119_V06']"
T,A320,DEN UUA /OV DEN270040/TM 0000/FL210/TP A320/TB SEV/RM COORZ SID ZDV,SEV,,21000.0,39.8328,-105.52571974957895,2020-12-21 00:00:00,5.0,M,"('KFTG', 'KCYS', 'KPUX', 'KGJX', 'KGLD')","['s3://unidata-nexrad-level2/2020/12/20/KFTG/KFTG20201220_235411_V06', 's3://unidata-nexrad-level2/2020/12/20/KCYS/KCYS20201220_235254_V06', 's3://unidata-nexrad-level2/2020/12/20/KPUX/KPUX20201220_235704_V06', 's3://unidata-nexrad-level2/2020/12/20/KGJX/KGJX20201220_235505_V06', 's3://unidata-nexrad-level2/2020/12/20/KGLD/KGLD20201220_235912_V06']"
T,B737,SHV UUA /OV EMG /TM 0109 /FL310 /TP B737 /TB SEV /RM ZFW SVR TURB FROM FL300-FL320. AIRCRAFT DESCENED TO FL250/ LOST 30KTS IN THE CLIMB AWC-WEB,SEV,,31000.0,32.4,-93.6,2020-12-21 01:09:00,5.0,M,"('KSHV', 'KPOE', 'KLZK', 'KLCH', 'KSRX')","['s3://unidata-nexrad-level2/2020/12/21/KSHV/KSHV20201221_010505_V06', 's3://unidata-nexrad-level2/2020/12/21/KPOE/KPOE20201221_010608_V06', 's3://unidata-nexrad-level2/2020/12/21/KLZK/KLZK20201221_010630_V06', 's3://unidata-nexrad-level2/2020/12/21/KSRX/KSRX20201221_010140_V06']"
T,B737,SHV UUA /OV EMG /TM 0109 /FL310 /TP B737 /TB SEV /RM ZFW SVR TURB FROM FL300-FL320 AWC-WEB:,SEV,,31000.0,32.4,-93.6,2020-12-21 01:09:00,5.0,M,"('KSHV', 'KPOE', 'KLZK', 'KLCH', 'KSRX')","['s3://unidata-nexrad-level2/2020/12/21/KSHV/KSHV20201221_010505_V06', 's3://unidata-nexrad-level2/2020/12/21/KPOE/KPOE20201221_010608_V06', 's3://unidata-nexrad-level2/2020/12/21/KLZK/KLZK20201221_010630_V06', 's3://unidata-nexrad-level2/2020/12/21/KSRX/KSRX20201221_010140_V06']"
T,B737,SHV UUA /OV EMG /TM 0109 /FL310 /TP B737 /TB SEV /RM ZFW SVR TURB FROM FL300-FL320 AWC-WEB,SEV,,31000.0,32.4,-93.6,2020-12-21 01:09:00,5.0,M,"('KSHV', 'KPOE', 'KLZK', 'KLCH', 'KSRX')","['s3://unidata-nexrad-level2/2020/12/21/KSHV/KSHV20201221_010505_V06', 's3://unidata-nexrad-level2/2020/12/21/KPOE/KPOE20201221_010608_V06', 's3://unidata-nexrad-level2/2020/12/21/KLZK/KLZK20201221_010630_V06', 's3://unidata-nexrad-level2/2020/12/21/KSRX/KSRX20201221_010140_V06']"
T,B737,SHV UUA /OV EMG /TM 0109 /FL310 /TP B737 /TB SEV /RM ZFW SVR TURB FROM FL300-FL320. AIRCRAFT DESCENED TO FL250/ LOST 30KTS IN THE CLIMB AWC-WEB:,SEV,,31000.0,32.4,-93.6,2020-12-21 01:09:00,5.0,M,"('KSHV', 'KPOE', 'KLZK', 'KLCH', 'KSRX')","['s3://unidata-nexrad-level2/2020/12/21/KSHV/KSHV20201221_010505_V06', 's3://unidata-nexrad-level2/2020/12/21/KPOE/KPOE20201221_010608_V06', 's3://unidata-nexrad-level2/2020/12/21/KLZK/KLZK20201221_010630_V06', 's3://unidata-nexrad-level2/2020/12/21/KSRX/KSRX20201221_010140_V06']"
T,E145,LCH UUA /OV KLCH230020/TM 0246/FL235/TP E145/TB SEV TURB FL235-260,SEV TURB FL235-260,,23500.0,29.910440108155004,-93.52357627988891,2020-12-21 02:46:00,5.0,M,"('KLCH', 'KPOE', 'KHGX', 'KSHV', 'KHDC')","['s3://unidata-nexrad-level2/2020/12/21/KPOE/KPOE20201221_024204_V06', 's3://unidata-nexrad-level2/2020/12/21/KHGX/KHGX20201221_023800_V06', 's3://unidata-nexrad-level2/2020/12/21/KSHV/KSHV20201221_024102_V06']"
T,CRJP,HEZ UUA /OV KHEZ230020/TM 0352/FL300/TP CRJP/TB POCKETS OF SEV TURB FL350-300,POCKETS OF SEV TURB FL350-300,,30000.0,31.399380108155004,-91.59720875946532,2020-12-21 03:52:00,5.0,U,"('KPOE', 'KDGX', 'KHDC', 'KLIX', 'KLCH')","['s3://unidata-nexrad-level2/2020/12/21/KPOE/KPOE20201221_034514_V06', 's3://unidata-nexrad-level2/2020/12/21/KDGX/KDGX20201221_034820_V06', 's3://unidata-nexrad-level2/2020/12/21/KLIX/KLIX20201221_034505_V06']"
T,P28A,PSK UUA /OV PSK250040/TM 2335/FL060/TP P28A/TB SEV/RM BREIF LOSS OF CONTROL AND LOSS OF ALTITUDE ZTLFD,SEV,,6000.0,36.90931810201001,-81.46438055865359,2020-12-21 23:35:00,5.0,L,"('KFCX', 'KRLX', 'KJKL', 'KMRX', 'KGSP')","['s3://unidata-nexrad-level2/2020/12/21/KFCX/KFCX20201221_233341_V06', 's3://unidata-nexrad-level2/2020/12/21/KRLX/KRLX20201221_233258_V06', 's3://unidata-nexrad-level2/2020/12/21/KJKL/KJKL20201221_233144_V06', 's3://unidata-nexrad-level2/2020/12/21/KMRX/KMRX20201221_233145_V06', 's3://unidata-nexrad-level2/2020/12/21/KGSP/KGSP20201221_233255_V06']"
F,B737,UUA /OV YVC /TM 0205 /FL330 /TP B737 /TB SEV /RM SEV TURB F330WITHIN 30 MILES OF YVC,SEV,,33000.0,55.15,-105.27,2020-12-22 02:05:00,5.0,M,"('KGGW', 'KMBX', 'KBIS', 'KTFX', 'KBLX')","['s3://unidata-nexrad-level2/2020/12/22/KGGW/KGGW20201222_020421_V06', 's3://unidata-nexrad-level2/2020/12/22/KMBX/KMBX20201222_015921_V06', 's3://unidata-nexrad-level2/2020/12/22/KBIS/KBIS20201222_020016_V06', 's3://unidata-nexrad-level2/2020/12/22/KTFX/KTFX20201222_020429_V06', 's3://unidata-nexrad-level2/2020/12/22/KBLX/KBLX20201222_020048_V06']"
F,B777,UUA /OV 5150N06025W /TM 0403 /FL310 /TP B777 /TB SEV /RM FL290BLOCKING FL310,SEV,,31000.0,51.8333,-60.4166,2020-12-22 04:03:00,5.0,H,"('KCBW', 'KGYX', 'KBOX', 'KCXX', 'KENX')","['s3://unidata-nexrad-level2/2020/12/22/KCBW/KCBW20201222_035944_V06', 's3://unidata-nexrad-level2/2020/12/22/KGYX/KGYX20201222_040119_V06', 's3://unidata-nexrad-level2/2020/12/22/KBOX/KBOX20201222_035838_V06', 's3://unidata-nexrad-level2/2020/12/22/KENX/KENX20201222_035938_V06']"
T,C182,BJC UUA /OV BJC 2N/TM 1600/FL070/TP C182/TB MDT-SEV/RM MULTIPLE REPORTS,MDT-SEV,,7000.0,39.90881,-105.11719,2020-12-22 16:00:00,5.0,L,"('KFTG', 'KCYS', 'KPUX', 'KGJX', 'KGLD')","['s3://unidata-nexrad-level2/2020/12/22/KFTG/KFTG20201222_155823_V06', 's3://unidata-nexrad-level2/2020/12/22/KCYS/KCYS20201222_155943_V06', 's3://unidata-nexrad-level2/2020/12/22/KPUX/KPUX20201222_155828_V06', 's3://unidata-nexrad-level2/2020/12/22/KGJX/KGJX20201222_154858_V06', 's3://unidata-nexrad-level2/2020/12/22/KGLD/KGLD20201222_155528_V06']"
T,C550,"EGE UUA /OV RLG070045/TM 1652/FL250/TP C550/TB SEV/RM ""ONE SEVERE BUMP"" ZDV",SEV,,25000.0,40.25653588523873,-105.5199142813392,2020-12-22 16:52:00,5.0,L,"('KFTG', 'KCYS', 'KPUX', 'KGJX', 'KGLD')","['s3://unidata-nexrad-level2/2020/12/22/KFTG/KFTG20201222_164808_V06', 's3://unidata-nexrad-level2/2020/12/22/KCYS/KCYS20201222_164741_V06', 's3://unidata-nexrad-level2/2020/12/22/KPUX/KPUX20201222_165142_V06', 's3://unidata-nexrad-level2/2020/12/22/KGJX/KGJX20201222_164951_V06', 's3://unidata-nexrad-level2/2020/12/22/KGLD/KGLD20201222_164333_V06']"
T,LJ45,RWL UUA /OV DEN320050-RWL /TM 1720 /FL490 /TP LJ45 /TB SEV /RM MTN WAVE MOD TB AT FL480,SEV,,49000.0,40.47122207731744,-105.35510112189311,2020-12-22 17:20:00,5.0,M,"('KCYS', 'KFTG', 'KPUX', 'KGJX', 'KGLD')","['s3://unidata-nexrad-level2/2020/12/22/KCYS/KCYS20201222_171625_V06', 's3://unidata-nexrad-level2/2020/12/22/KFTG/KFTG20201222_171632_V06', 's3://unidata-nexrad-level2/2020/12/22/KPUX/KPUX20201222_171937_V06', 's3://unidata-nexrad-level2/2020/12/22/KGJX/KGJX20201222_171412_V06', 's3://unidata-nexrad-level2/2020/12/22/KGLD/KGLD20201222_171225_V06']"
T,H25B,LAR UUA /OV LAR265025/TM 1803/FL300/TP H25B/TB CONT SEV AND MTN WAVE/RM BETWEEN FL300-315 ZDV,CONT SEV AND MTN WAVE,,30000.0,41.27574216567922,-106.22765719804885,2020-12-22 18:03:00,5.0,M,"('KCYS', 'KFTG', 'KRIW', 'KGJX', 'KPUX')","['s3://unidata-nexrad-level2/2020/12/22/KCYS/KCYS20201222_175447_V06', 's3://unidata-nexrad-level2/2020/12/22/KFTG/KFTG20201222_180108_V06', 's3://unidata-nexrad-level2/2020/12/22/KRIW/KRIW20201222_180058_V06', 's3://unidata-nexrad-level2/2020/12/22/KGJX/KGJX20201222_175806_V06', 's3://unidata-nexrad-level2/2020/12/22/KPUX/KPUX20201222_180132_V06']"
F,E55P,ASE UA /OV HAREI/TM 2006/FL170/TP E55P/TB SEV /RM DURD 30 DEGREE ROLLS,SEV,,17000.0,40.23,-77.02,2020-12-22 20:06:00,5.0,U,"('KCCX', 'KLWX', 'KDOX', 'KDIX', 'KBGM')","['s3://unidata-nexrad-level2/2020/12/22/KCCX/KCCX20201222_195912_V06', 's3://unidata-nexrad-level2/2020/12/22/KLWX/KLWX20201222_200350_V06', 's3://unidata-nexrad-level2/2020/12/22/KDOX/KDOX20201222_200305_V06', 's3://unidata-nexrad-level2/2020/12/22/KDIX/KDIX20201222_200320_V06', 's3://unidata-nexrad-level2/2020/12/22/KBGM/KBGM20201222_200122_V06']"
T,F900,CNM UUA /OV CNM210010/TM 2044/FL400/TP F900/TB SEV WS +40KTS/RM ZAB/FDCS,SEV WS +40KTS,,40000.0,32.193120741347954,-104.36191756659068,2020-12-22 20:44:00,5.0,M,"('KEPZ', 'KHDX', 'KMAF', 'KFDX', 'KLBB')","['s3://unidata-nexrad-level2/2020/12/22/KEPZ/KEPZ20201222_203553_V06', 's3://unidata-nexrad-level2/2020/12/22/KHDX/KHDX20201222_204245_V06', 's3://unidata-nexrad-level2/2020/12/22/KMAF/KMAF20201222_203645_V06', 's3://unidata-nexrad-level2/2020/12/22/KLBB/KLBB20201222_204232_V06']"
T,SR22,WJF UUA /OV WJF309009/TM 2100/FL095/TP SR22/TB SEV,SEV,,9500.0,34.83546570490787,-118.3605120313741,2020-12-22 21:00:00,5.0,L,"('KEYX', 'KVTX', 'KSOX', 'KVBX', 'KHNX')","['s3://unidata-nexrad-level2/2020/12/22/KEYX/KEYX20201222_205930_V06', 's3://unidata-nexrad-level2/2020/12/22/KVTX/KVTX20201222_205948_V06', 's3://unidata-nexrad-level2/2020/12/22/KSOX/KSOX20201222_205918_V06', 's3://unidata-nexrad-level2/2020/12/22/KVBX/KVBX20201222_205627_V06', 's3://unidata-nexrad-level2/2020/12/22/KHNX/KHNX20201222_205600_V06']"
T,CRJ2,"ALS UUA /OV ALS350040/TM 2310/FL300/TP CRJ2/TB SEV/RM MTW ""SEVERE"" +-200FPM +-20KTS ZDV",SEV,,30000.0,38.09548168167999,-106.00720172732838,2020-12-22 23:10:00,5.0,M,"('KPUX', 'KGJX', 'KFTG', 'KABX', 'KCYS')","['s3://unidata-nexrad-level2/2020/12/22/KPUX/KPUX20201222_230741_V06', 's3://unidata-nexrad-level2/2020/12/22/KGJX/KGJX20201222_230437_V06', 's3://unidata-nexrad-level2/2020/12/22/KFTG/KFTG20201222_230601_V06', 's3://unidata-nexrad-level2/2020/12/22/KABX/KABX20201222_230117_V06', 's3://unidata-nexrad-level2/2020/12/22/KCYS/KCYS20201222_230813_V06']"
T,A332,DXR UUA /OV CMK/TM 2325/FL200/TP A332/TB SEV CAT 200-205/RM DURC,SEV CAT 200-205,,20000.0,41.28,-73.58,2020-12-22 23:25:00,5.0,H,"('KOKX', 'KENX', 'KDIX', 'KBOX', 'KBGM')","['s3://unidata-nexrad-level2/2020/12/22/KOKX/KOKX20201222_231925_V06', 's3://unidata-nexrad-level2/2020/12/22/KENX/KENX20201222_232133_V06', 's3://unidata-nexrad-level2/2020/12/22/KDIX/KDIX20201222_232251_V06', 's3://unidata-nexrad-level2/2020/12/22/KBOX/KBOX20201222_231815_V06', 's3://unidata-nexrad-level2/2020/12/22/KBGM/KBGM20201222_232440_V06']"
T,B738,ANC UUA /OV TED231001/TM 0039/FL042/TP B738/TB SEV/RM DURD WITTI4,SEV,,4200.0,61.15951047723246,-150.01686260397642,2020-12-23 00:39:00,5.0,M,"('PAHG', 'PAIH', 'PAIH', 'PAPD', 'PAKC')","['s3://unidata-nexrad-level2/2020/12/23/PAHG/PAHG20201223_003517_V06', 's3://unidata-nexrad-level2/2020/12/23/PAIH/PAIH20201223_003402_V06', 's3://unidata-nexrad-level2/2020/12/23/PAIH/PAIH20201223_003402_V06', 's3://unidata-nexrad-level2/2020/12/23/PAPD/PAPD20201223_002828_V06', 's3://unidata-nexrad-level2/2020/12/23/PAKC/PAKC20201223_003643_V06']"
T,B747,PANC UUA /OV TED 180008/TM 0320/FL060/TP B747/TB SEV TURB 080-070 /RM DURD WITTI4 ARR TO ANC,SEV TURB 080-070,,6000.0,61.03665586665587,-149.99,2020-12-23 03:20:00,5.0,H,"('PAHG', 'PAIH', 'PAIH', 'PAPD', 'PAKC')","['s3://unidata-nexrad-level2/2020/12/23/PAHG/PAHG20201223_031445_V06', 's3://unidata-nexrad-level2/2020/12/23/PAIH/PAIH20201223_031449_V06', 's3://unidata-nexrad-level2/2020/12/23/PAIH/PAIH20201223_031449_V06', 's3://unidata-nexrad-level2/2020/12/23/PAPD/PAPD20201223_031347_V06', 's3://unidata-nexrad-level2/2020/12/23/PAKC/PAKC20201223_031610_V06']"
F,B777,ELP UA /OV ELP080050/TM 0424/FL400/TP B777/TB SEV MTN WAVE/RM +07 MACH ZAB FDCS,SEV MTN WAVE,,40000.0,31.95582853598616,-105.41001594945114,2020-12-23 04:24:00,5.0,H,"('KEPZ', 'KHDX', 'KMAF', 'KFDX', 'KABX')","['s3://unidata-nexrad-level2/2020/12/23/KEPZ/KEPZ20201223_041518_V06', 's3://unidata-nexrad-level2/2020/12/23/KHDX/KHDX20201223_041503_V06', 's3://unidata-nexrad-level2/2020/12/23/KMAF/KMAF20201223_041818_V06', 's3://unidata-nexrad-level2/2020/12/23/KABX/KABX20201223_042227_V06']"
T,GLF5,GJT UUA /OV JNC/TM 0424/FL400/TP GLF5/TB SEV/RM ZDV,SEV,,40000.0,39.06,-108.79,2020-12-23 04:24:00,5.0,M,"('KGJX', 'KFTG', 'KICX', 'KMTX', 'KRIW')","['s3://unidata-nexrad-level2/2020/12/23/KGJX/KGJX20201223_041848_V06', 's3://unidata-nexrad-level2/2020/12/23/KFTG/KFTG20201223_041958_V06', 's3://unidata-nexrad-level2/2020/12/23/KICX/KICX20201223_041348_V06', 's3://unidata-nexrad-level2/2020/12/23/KMTX/KMTX20201223_042217_V06', 's3://unidata-nexrad-level2/2020/12/23/KRIW/KRIW20201223_041802_V06']"
T,E175,DEN UUA /OV 50 NW DEN/TM 0530/FL240/TP E175/TB SEV/RM MOD 230-160,SEV,,24000.0,40.31081908007404,-105.5465049784496,2020-12-23 05:30:00,5.0,U,"('KCYS', 'KFTG', 'KPUX', 'KGJX', 'KGLD')","['s3://unidata-nexrad-level2/2020/12/23/KCYS/KCYS20201223_052421_V06', 's3://unidata-nexrad-level2/2020/12/23/KFTG/KFTG20201223_052804_V06', 's3://unidata-nexrad-level2/2020/12/23/KPUX/KPUX20201223_052522_V06', 's3://unidata-nexrad-level2/2020/12/23/KGJX/KGJX20201223_052618_V06', 's3://unidata-nexrad-level2/2020/12/23/KGLD/KGLD20201223_052540_V06']"
F,B744,UUA /OV 6110N13930W /TM 0900 /FL330 /TP B744 /TB SEV,SEV,,33000.0,61.1666,-139.5,2020-12-23 09:00:00,5.0,H,"('PACG', 'PAIH', 'PAIH', 'PAPD', 'PAHG')","['s3://unidata-nexrad-level2/2020/12/23/PACG/PACG20201223_085400_V06', 's3://unidata-nexrad-level2/2020/12/23/PAIH/PAIH20201223_085517_V06', 's3://unidata-nexrad-level2/2020/12/23/PAIH/PAIH20201223_085517_V06', 's3://unidata-nexrad-level2/2020/12/23/PAPD/PAPD20201223_085202_V06', 's3://unidata-nexrad-level2/2020/12/23/PAHG/PAHG20201223_085519_V06']"
T,B752,PGA UUA /OV PGA/TM 1642/FL330/TP B752/TB SEV/RM ZDV,SEV,,33000.0,36.92608,-111.44836,2020-12-23 16:42:00,5.0,M,"('KICX', 'KFSX', 'KFSX', 'KESX', 'KGJX')","['s3://unidata-nexrad-level2/2020/12/23/KICX/KICX20201223_164153_V06', 's3://unidata-nexrad-level2/2020/12/23/KFSX/KFSX20201223_164055_V06', 's3://unidata-nexrad-level2/2020/12/23/KFSX/KFSX20201223_164055_V06', 's3://unidata-nexrad-level2/2020/12/23/KESX/KESX20201223_163648_V06', 's3://unidata-nexrad-level2/2020/12/23/KGJX/KGJX20201223_163603_V06']"
T,AT5T,PAH UUA /OV TWT180020/TM 1923/FL023/TP AT5T/TB SEV/RM /ZME CWSU,SEV,,2300.0,37.20663966663967,-87.95,2020-12-23 19:23:00,5.0,U,"('KPAH', 'KHPX', 'KVWX', 'KOHX', 'KLVX')","['s3://unidata-nexrad-level2/2020/12/23/KPAH/KPAH20201223_192056_V06', 's3://unidata-nexrad-level2/2020/12/23/KHPX/KHPX20201223_192155_V06', 's3://unidata-nexrad-level2/2020/12/23/KVWX/KVWX20201223_192141_V06', 's3://unidata-nexrad-level2/2020/12/23/KOHX/KOHX20201223_191849_V06', 's3://unidata-nexrad-level2/2020/12/23/KLVX/KLVX20201223_192158_V06']"
T,PA44,GCN UUA /OV GCN155035 /TM 2027 /FL105 /TP PA44 /TB SEV /RM ZLA WC AWC-WEB:,SEV,,10500.0,35.41738763447619,-111.85017876740343,2020-12-23 20:27:00,5.0,L,"('KFSX', 'KFSX', 'KIWA', 'KICX', 'KESX')","['s3://unidata-nexrad-level2/2020/12/23/KFSX/KFSX20201223_202306_V06', 's3://unidata-nexrad-level2/2020/12/23/KFSX/KFSX20201223_202306_V06', 's3://unidata-nexrad-level2/2020/12/23/KIWA/KIWA20201223_201857_V06', 's3://unidata-nexrad-level2/2020/12/23/KICX/KICX20201223_202015_V06', 's3://unidata-nexrad-level2/2020/12/23/KESX/KESX20201223_202608_V06']"
T,PA44,CMR UUA /OV GCN155035/TM 2027/FL105/TP PA44/TB SEV/RM COR SA-ID. ZLA CWSU,SEV,,10500.0,35.41738763447619,-111.85017876740343,2020-12-23 20:27:00,5.0,L,"('KFSX', 'KFSX', 'KIWA', 'KICX', 'KESX')","['s3://unidata-nexrad-level2/2020/12/23/KFSX/KFSX20201223_202306_V06', 's3://unidata-nexrad-level2/2020/12/23/KFSX/KFSX20201223_202306_V06', 's3://unidata-nexrad-level2/2020/12/23/KIWA/KIWA20201223_201857_V06', 's3://unidata-nexrad-level2/2020/12/23/KICX/KICX20201223_202015_V06', 's3://unidata-nexrad-level2/2020/12/23/KESX/KESX20201223_202608_V06']"
T,PA44,GCN UUA /OV GCN155035 /TM 2027 /FL105 /TP PA44 /TB SEV /RM ZLA WC AWC-WEB,SEV,,10500.0,35.41738763447619,-111.85017876740343,2020-12-23 20:27:00,5.0,L,"('KFSX', 'KFSX', 'KIWA', 'KICX', 'KESX')","['s3://unidata-nexrad-level2/2020/12/23/KFSX/KFSX20201223_202306_V06', 's3://unidata-nexrad-level2/2020/12/23/KFSX/KFSX20201223_202306_V06', 's3://unidata-nexrad-level2/2020/12/23/KIWA/KIWA20201223_201857_V06', 's3://unidata-nexrad-level2/2020/12/23/KICX/KICX20201223_202015_V06', 's3://unidata-nexrad-level2/2020/12/23/KESX/KESX20201223_202608_V06']"
T,SIRA,TUS UUA /OV TUS070050/TM 2043/FL095/TP SIRA/TB SEV/RM LIGHTSPORT AIRCRAFT ZAB/FDCS,SEV,,9500.0,32.405309872487486,-110.0133025960036,2020-12-23 20:43:00,5.0,U,"('KEMX', 'KIWA', 'KFSX', 'KFSX', 'KEPZ')","['s3://unidata-nexrad-level2/2020/12/23/KEMX/KEMX20201223_203427_V06', 's3://unidata-nexrad-level2/2020/12/23/KIWA/KIWA20201223_203606_V06', 's3://unidata-nexrad-level2/2020/12/23/KFSX/KFSX20201223_204047_V06', 's3://unidata-nexrad-level2/2020/12/23/KFSX/KFSX20201223_204047_V06', 's3://unidata-nexrad-level2/2020/12/23/KEPZ/KEPZ20201223_204152_V06']"
T,A321,LAS UUA /OV BLD050050 /TM 2125 /FL300 /TP A321 /TB SEV/RM AWC-WEB:,SEV,,30000.0,36.53569972961249,-114.07086691409904,2020-12-23 21:25:00,5.0,M,"('KESX', 'KICX', 'KFSX', 'KFSX', 'KEYX')","['s3://unidata-nexrad-level2/2020/12/23/KESX/KESX20201223_212108_V06', 's3://unidata-nexrad-level2/2020/12/23/KICX/KICX20201223_212202_V06', 's3://unidata-nexrad-level2/2020/12/23/KFSX/KFSX20201223_212459_V06', 's3://unidata-nexrad-level2/2020/12/23/KFSX/KFSX20201223_212459_V06', 's3://unidata-nexrad-level2/2020/12/23/KEYX/KEYX20201223_212416_V06']"
T,A321,LAS UUA /OV BLD050050 /TM 2125 /FL300 /TP A321 /TB SEV/RM AWC-WEB,SEV,,30000.0,36.53569972961249,-114.07086691409904,2020-12-23 21:25:00,5.0,M,"('KESX', 'KICX', 'KFSX', 'KFSX', 'KEYX')","['s3://unidata-nexrad-level2/2020/12/23/KESX/KESX20201223_212108_V06', 's3://unidata-nexrad-level2/2020/12/23/KICX/KICX20201223_212202_V06', 's3://unidata-nexrad-level2/2020/12/23/KFSX/KFSX20201223_212459_V06', 's3://unidata-nexrad-level2/2020/12/23/KFSX/KFSX20201223_212459_V06', 's3://unidata-nexrad-level2/2020/12/23/KEYX/KEYX20201223_212416_V06']"
F,A321,SGU UA /OV BLD050050/TM 2125/FL300/TP A321/TB SEV/RM ZLA CWSU,SEV,,30000.0,36.53569972961249,-114.07086691409904,2020-12-23 21:25:00,5.0,M,"('KESX', 'KICX', 'KFSX', 'KFSX', 'KEYX')","['s3://unidata-nexrad-level2/2020/12/23/KESX/KESX20201223_212108_V06', 's3://unidata-nexrad-level2/2020/12/23/KICX/KICX20201223_212202_V06', 's3://unidata-nexrad-level2/2020/12/23/KFSX/KFSX20201223_212459_V06', 's3://unidata-nexrad-level2/2020/12/23/KFSX/KFSX20201223_212459_V06', 's3://unidata-nexrad-level2/2020/12/23/KEYX/KEYX20201223_212416_V06']"
F,A321,SGU UA /OV BLD050050/TM 2125/FL300/TP A321/TB SEV/RM COR SA-ID. ZLA CWSU,SEV,,30000.0,36.53569972961249,-114.07086691409904,2020-12-23 21:25:00,5.0,M,"('KESX', 'KICX', 'KFSX', 'KFSX', 'KEYX')","['s3://unidata-nexrad-level2/2020/12/23/KESX/KESX20201223_212108_V06', 's3://unidata-nexrad-level2/2020/12/23/KICX/KICX20201223_212202_V06', 's3://unidata-nexrad-level2/2020/12/23/KFSX/KFSX20201223_212459_V06', 's3://unidata-nexrad-level2/2020/12/23/KFSX/KFSX20201223_212459_V06', 's3://unidata-nexrad-level2/2020/12/23/KEYX/KEYX20201223_212416_V06']"
T,LJ60,DAG UUA /OV DAG028032 /TM 2139 /FL270 /TP LJ60 /TB SEV /RM STRONG UNCONTROLLABLE UPDRAFT A/C CLIMBED 2000FT ... ZLAWC AWC-WEB:,SEV,,27000.0,35.32455352623225,-116.48068671043671,2020-12-23 21:39:00,5.0,M,"('KEYX', 'KESX', 'KSOX', 'KVTX', 'KNKX')","['s3://unidata-nexrad-level2/2020/12/23/KEYX/KEYX20201223_213506_V06', 's3://unidata-nexrad-level2/2020/12/23/KESX/KESX20201223_213846_V06', 's3://unidata-nexrad-level2/2020/12/23/KSOX/KSOX20201223_213752_V06', 's3://unidata-nexrad-level2/2020/12/23/KVTX/KVTX20201223_213213_V06', 's3://unidata-nexrad-level2/2020/12/23/KNKX/KNKX20201223_213526_V06']"
T,LJ60,DAG UUA /OV DAG028032 /TM 2139 /FL270 /TP LJ60 /TB SEV /RM STRONG UNCONTROLLABLE UPDRAFT A/C CLIMBED 2000FT ... ZLAWC AWC-WEB,SEV,,27000.0,35.32455352623225,-116.48068671043671,2020-12-23 21:39:00,5.0,M,"('KEYX', 'KESX', 'KSOX', 'KVTX', 'KNKX')","['s3://unidata-nexrad-level2/2020/12/23/KEYX/KEYX20201223_213506_V06', 's3://unidata-nexrad-level2/2020/12/23/KESX/KESX20201223_213846_V06', 's3://unidata-nexrad-level2/2020/12/23/KSOX/KSOX20201223_213752_V06', 's3://unidata-nexrad-level2/2020/12/23/KVTX/KVTX20201223_213213_V06', 's3://unidata-nexrad-level2/2020/12/23/KNKX/KNKX20201223_213526_V06']"
T,E55L,PMD UUA /OV PMD240015/TM 2156/FL080/TP E55L/TB SEV/RM OV JANNY. COR SA-ID AND MSG TYPE AND LOCTN. ZLA CWSU,SEV,,8000.0,34.50437987498987,-118.34769055783885,2020-12-23 21:56:00,5.0,U,"('KVTX', 'KEYX', 'KSOX', 'KVBX', 'KNKX')","['s3://unidata-nexrad-level2/2020/12/23/KVTX/KVTX20201223_215138_V06', 's3://unidata-nexrad-level2/2020/12/23/KEYX/KEYX20201223_215241_V06', 's3://unidata-nexrad-level2/2020/12/23/KSOX/KSOX20201223_214732_V06', 's3://unidata-nexrad-level2/2020/12/23/KVBX/KVBX20201223_215257_V06', 's3://unidata-nexrad-level2/2020/12/23/KNKX/KNKX20201223_215446_V06']"
F,B77W,UUA /OV 6100N12500W /TM 2315 /FL370 /TP B77W /TB SEV /RM LOSS OF 1500FT,SEV,,37000.0,61.0,-125.0,2020-12-23 23:15:00,5.0,U,"('PACG', 'KATX', 'KLGX', 'KOTX', 'KRTX')","['s3://unidata-nexrad-level2/2020/12/23/PACG/PACG20201223_230950_V06', 's3://unidata-nexrad-level2/2020/12/23/KATX/KATX20201223_230958_V06', 's3://unidata-nexrad-level2/2020/12/23/KLGX/KLGX20201223_230937_V06', 's3://unidata-nexrad-level2/2020/12/23/KOTX/KOTX20201223_231040_V06', 's3://unidata-nexrad-level2/2020/12/23/KRTX/KRTX20201223_230857_V06']"
T,B763,AZC UUA /OV BCE220048/TM 2350/FL360/TP B763/TB SEV/RM ZLA CWSU,SEV,,36000.0,37.09350480577526,-112.79558626307144,2020-12-23 23:50:00,5.0,H,"('KICX', 'KESX', 'KFSX', 'KFSX', 'KIWA')","['s3://unidata-nexrad-level2/2020/12/23/KICX/KICX20201223_234609_V06', 's3://unidata-nexrad-level2/2020/12/23/KESX/KESX20201223_234214_V06', 's3://unidata-nexrad-level2/2020/12/23/KFSX/KFSX20201223_234623_V06', 's3://unidata-nexrad-level2/2020/12/23/KFSX/KFSX20201223_234623_V06', 's3://unidata-nexrad-level2/2020/12/23/KIWA/KIWA20201223_234508_V06']"
T,B763,CDC UUA /OV BCE220048 /TM 2350 /FL360 /TP B763 /TB SEV/RM AWC-WEB,SEV,,36000.0,37.09350480577526,-112.79558626307144,2020-12-23 23:50:00,5.0,H,"('KICX', 'KESX', 'KFSX', 'KFSX', 'KIWA')","['s3://unidata-nexrad-level2/2020/12/23/KICX/KICX20201223_234609_V06', 's3://unidata-nexrad-level2/2020/12/23/KESX/KESX20201223_234214_V06', 's3://unidata-nexrad-level2/2020/12/23/KFSX/KFSX20201223_234623_V06', 's3://unidata-nexrad-level2/2020/12/23/KFSX/KFSX20201223_234623_V06', 's3://unidata-nexrad-level2/2020/12/23/KIWA/KIWA20201223_234508_V06']"
T,B763,CDC UUA /OV BCE220048 /TM 2350 /FL360 /TP B763 /TB SEV/RM AWC-WEB:,SEV,,36000.0,37.09350480577526,-112.79558626307144,2020-12-23 23:50:00,5.0,H,"('KICX', 'KESX', 'KFSX', 'KFSX', 'KIWA')","['s3://unidata-nexrad-level2/2020/12/23/KICX/KICX20201223_234609_V06', 's3://unidata-nexrad-level2/2020/12/23/KESX/KESX20201223_234214_V06', 's3://unidata-nexrad-level2/2020/12/23/KFSX/KFSX20201223_234623_V06', 's3://unidata-nexrad-level2/2020/12/23/KFSX/KFSX20201223_234623_V06', 's3://unidata-nexrad-level2/2020/12/23/KIWA/KIWA20201223_234508_V06']"
T,KODI,BJC UUA /OV 350040BJC/TM 2355/FL100/TP KODI/TB SEV 100,SEV 100,,10000.0,39.90881,-105.11719,2020-12-23 23:55:00,5.0,U,"('KFTG', 'KCYS', 'KPUX', 'KGJX', 'KGLD')","['s3://unidata-nexrad-level2/2020/12/23/KFTG/KFTG20201223_235010_V06', 's3://unidata-nexrad-level2/2020/12/23/KCYS/KCYS20201223_234814_V06', 's3://unidata-nexrad-level2/2020/12/23/KPUX/KPUX20201223_234953_V06', 's3://unidata-nexrad-level2/2020/12/23/KGJX/KGJX20201223_235232_V06', 's3://unidata-nexrad-level2/2020/12/23/KGLD/KGLD20201223_235311_V06']"
F,C172,UUA /OV CYZR 135010 /TM 0050 /FL040 /TP C172 /SK 040OVC /TB MDT-SEV BLO 030 /RM -RA,MDT-SEV BLO 030,,4000.0,42.877249323851146,-82.14618868508374,2020-12-24 00:50:00,5.0,L,"('KDTX', 'KCLE', 'KGRR', 'KAPX', 'KPBZ')","['s3://unidata-nexrad-level2/2020/12/24/KDTX/KDTX20201224_004813_V06', 's3://unidata-nexrad-level2/2020/12/24/KCLE/KCLE20201224_004410_V06', 's3://unidata-nexrad-level2/2020/12/24/KGRR/KGRR20201224_004347_V06', 's3://unidata-nexrad-level2/2020/12/24/KAPX/KAPX20201224_004708_V06', 's3://unidata-nexrad-level2/2020/12/24/KPBZ/KPBZ20201224_004800_V06']"
T,A321,AZC UUA /OV LAS055100/TM 0123/FL340/TP A321/TB SEV/RM COR SA-ID. ZLA CWSU,SEV,,34000.0,37.036098160148086,-113.46285055445333,2020-12-24 01:23:00,5.0,M,"('KICX', 'KESX', 'KFSX', 'KFSX', 'KIWA')","['s3://unidata-nexrad-level2/2020/12/24/KICX/KICX20201224_011848_V06', 's3://unidata-nexrad-level2/2020/12/24/KESX/KESX20201224_011913_V06', 's3://unidata-nexrad-level2/2020/12/24/KFSX/KFSX20201224_011440_V06', 's3://unidata-nexrad-level2/2020/12/24/KFSX/KFSX20201224_011440_V06', 's3://unidata-nexrad-level2/2020/12/24/KIWA/KIWA20201224_011951_V06']"
T,A321,LAS UUA /OV LAS055010 /TM 0125 /FL340 /TP A321 /TB SEV/RM AWC-WEB,SEV,,34000.0,36.17566381601481,-114.98331005544532,2020-12-24 01:25:00,5.0,M,"('KESX', 'KICX', 'KEYX', 'KSOX', 'KFSX')","['s3://unidata-nexrad-level2/2020/12/24/KESX/KESX20201224_011913_V06', 's3://unidata-nexrad-level2/2020/12/24/KICX/KICX20201224_011848_V06', 's3://unidata-nexrad-level2/2020/12/24/KEYX/KEYX20201224_012304_V06', 's3://unidata-nexrad-level2/2020/12/24/KSOX/KSOX20201224_012046_V06', 's3://unidata-nexrad-level2/2020/12/24/KFSX/KFSX20201224_012331_V06']"
T,A321,LAS UUA /OV LAS055010 /TM 0125 /FL340 /TP A321 /TB SEV/RM AWC-WEB:,SEV,,34000.0,36.17566381601481,-114.98331005544532,2020-12-24 01:25:00,5.0,M,"('KESX', 'KICX', 'KEYX', 'KSOX', 'KFSX')","['s3://unidata-nexrad-level2/2020/12/24/KESX/KESX20201224_011913_V06', 's3://unidata-nexrad-level2/2020/12/24/KICX/KICX20201224_011848_V06', 's3://unidata-nexrad-level2/2020/12/24/KEYX/KEYX20201224_012304_V06', 's3://unidata-nexrad-level2/2020/12/24/KSOX/KSOX20201224_012046_V06', 's3://unidata-nexrad-level2/2020/12/24/KFSX/KFSX20201224_012331_V06']"
T,E75L,ELP UUA /OV ELP290033/TM 0300/FL150/TP E75L/TB SEV,SEV,,15000.0,31.99923631584174,-106.98406556695228,2020-12-24 03:00:00,5.0,U,"('KEPZ', 'KHDX', 'KEMX', 'KABX', 'KFDX')","['s3://unidata-nexrad-level2/2020/12/24/KEPZ/KEPZ20201224_025325_V06', 's3://unidata-nexrad-level2/2020/12/24/KHDX/KHDX20201224_025203_V06', 's3://unidata-nexrad-level2/2020/12/24/KEMX/KEMX20201224_025804_V06', 's3://unidata-nexrad-level2/2020/12/24/KABX/KABX20201224_025235_V06']"
T,CL60,PMD UUA /OV PMD240013/TM 0452/FL080/TP CL60/TB SEV TB,SEV TB,,8000.0,34.521047891657894,-118.31260515012698,2020-12-24 04:52:00,5.0,M,"('KVTX', 'KEYX', 'KSOX', 'KVBX', 'KNKX')","['s3://unidata-nexrad-level2/2020/12/24/KVTX/KVTX20201224_045112_V06', 's3://unidata-nexrad-level2/2020/12/24/KEYX/KEYX20201224_044505_V06', 's3://unidata-nexrad-level2/2020/12/24/KSOX/KSOX20201224_044617_V06', 's3://unidata-nexrad-level2/2020/12/24/KVBX/KVBX20201224_045105_V06', 's3://unidata-nexrad-level2/2020/12/24/KNKX/KNKX20201224_045142_V06']"
T,B712,CEW UUA /OV CEW050040/TM 1214/FL180/TP B712/TB SEV 180,SEV 180,,18000.0,31.20855978369,-85.92552354068836,2020-12-24 12:14:00,5.0,M,"('KEOX', 'KEVX', 'KMXX', 'KTLH', 'KMOB')","['s3://unidata-nexrad-level2/2020/12/24/KEOX/KEOX20201224_120900_V06', 's3://unidata-nexrad-level2/2020/12/24/KEVX/KEVX20201224_121223_V06', 's3://unidata-nexrad-level2/2020/12/24/KMXX/KMXX20201224_120923_V06', 's3://unidata-nexrad-level2/2020/12/24/KTLH/KTLH20201224_121016_V06', 's3://unidata-nexrad-level2/2020/12/24/KMOB/KMOB20201224_121244_V06']"
T,C56X,MKG UUA /OV MKG265015/TM 1319/FL200/TP C56X/TB SEV /RM BORDERLINE SEV,SEV,,20000.0,43.14931929940753,-86.57818126897608,2020-12-24 13:19:00,5.0,M,"('KGRR', 'KMKX', 'KGRB', 'KLOT', 'KIWX')","['s3://unidata-nexrad-level2/2020/12/24/KGRR/KGRR20201224_131458_V06', 's3://unidata-nexrad-level2/2020/12/24/KMKX/KMKX20201224_131105_V06', 's3://unidata-nexrad-level2/2020/12/24/KGRB/KGRB20201224_131314_V06', 's3://unidata-nexrad-level2/2020/12/24/KLOT/KLOT20201224_131738_V06', 's3://unidata-nexrad-level2/2020/12/24/KIWX/KIWX20201224_131855_V06']"
T,CRJ9,WRB UUA /OV MCN030020/TM 1332/FL150/TP CRJ9/TB SEV/RM NO DAMAGE OR INJURIES REPORTED/ ZTLFD,SEV,,15000.0,32.9815485173041,-83.45115333912563,2020-12-24 13:32:00,5.0,U,"('KJGX', 'KFFC', 'KMXX', 'KCLX', 'KVAX')","['s3://unidata-nexrad-level2/2020/12/24/KJGX/KJGX20201224_132817_V06', 's3://unidata-nexrad-level2/2020/12/24/KFFC/KFFC20201224_132936_V06', 's3://unidata-nexrad-level2/2020/12/24/KMXX/KMXX20201224_132813_V06', 's3://unidata-nexrad-level2/2020/12/24/KCLX/KCLX20201224_132810_V06', 's3://unidata-nexrad-level2/2020/12/24/KVAX/KVAX20201224_132754_V06']"
T,SR22,GWO UUA /OV SQS180030/TM 1536/FL110/TP SR22/WX WND 249071/TB SEV 110-124/RM ZME,SEV 110-124,,11000.0,32.9599594999595,-90.28,2020-12-24 15:36:00,5.0,L,"('KDGX', 'KGWX', 'KNQA', 'KHDC', 'KLIX')","['s3://unidata-nexrad-level2/2020/12/24/KDGX/KDGX20201224_153353_V06', 's3://unidata-nexrad-level2/2020/12/24/KGWX/KGWX20201224_152553_V06', 's3://unidata-nexrad-level2/2020/12/24/KNQA/KNQA20201224_153513_V06', 's3://unidata-nexrad-level2/2020/12/24/KLIX/KLIX20201224_153337_V06']"
F,FA8X,UUA /OV YUL 225045 /TM 1704 /FL410 /TP FA8X /TB MDT-SEV CAT /RM TURB MDT CONTUS  SEV OCNL,MDT-SEV CAT,,41000.0,44.98962695733018,-74.72696179781408,2020-12-24 17:04:00,5.0,U,"('KCXX', 'KTYX', 'KENX', 'KBGM', 'KGYX')","['s3://unidata-nexrad-level2/2020/12/24/KCXX/KCXX20201224_170057_V06', 's3://unidata-nexrad-level2/2020/12/24/KTYX/KTYX20201224_170327_V06', 's3://unidata-nexrad-level2/2020/12/24/KENX/KENX20201224_170018_V06', 's3://unidata-nexrad-level2/2020/12/24/KBGM/KBGM20201224_170038_V06', 's3://unidata-nexrad-level2/2020/12/24/KGYX/KGYX20201224_170135_V06']"
T,SR22,HXD UUA /OV HXD /TM 1735 /FL006 /TP SR22 /TB SEV /RM 1NM FINAL RWY 21,SEV,,600.0,32.22436,-80.69747,2020-12-24 17:35:00,5.0,L,"('KCLX', 'KCAE', 'KJAX', 'KJGX', 'KVAX')","['s3://unidata-nexrad-level2/2020/12/24/KCLX/KCLX20201224_172947_V06', 's3://unidata-nexrad-level2/2020/12/24/KCAE/KCAE20201224_173154_V06', 's3://unidata-nexrad-level2/2020/12/24/KJAX/KJAX20201224_173358_V06', 's3://unidata-nexrad-level2/2020/12/24/KJGX/KJGX20201224_173137_V06', 's3://unidata-nexrad-level2/2020/12/24/KVAX/KVAX20201224_173219_V06']"
F,C172,CFO UA /OV CFO 5NM E/TM 1910/FL072/TP C172/TB SEV,SEV,,7200.0,39.7841,-104.5376,2020-12-24 19:10:00,5.0,L,"('KFTG', 'KPUX', 'KCYS', 'KGLD', 'KGJX')","['s3://unidata-nexrad-level2/2020/12/24/KFTG/KFTG20201224_190558_V06', 's3://unidata-nexrad-level2/2020/12/24/KPUX/KPUX20201224_190630_V06', 's3://unidata-nexrad-level2/2020/12/24/KCYS/KCYS20201224_190422_V06', 's3://unidata-nexrad-level2/2020/12/24/KGLD/KGLD20201224_190418_V06', 's3://unidata-nexrad-level2/2020/12/24/KGJX/KGJX20201224_190811_V06']"
F,B789,UUA /OV YVV 045036 /TM 2004 /FL400 /TP B789 /TB MDT-SEV 400 /RM CONTUS MDT OCNL SEV,MDT-SEV 400,,40000.0,45.174298434135856,-80.50255256064167,2020-12-24 20:04:00,5.0,U,"('KBUF', 'KAPX', 'KDTX', 'KCLE', 'KPBZ')","['s3://unidata-nexrad-level2/2020/12/24/KBUF/KBUF20201224_195846_V06', 's3://unidata-nexrad-level2/2020/12/24/KAPX/KAPX20201224_200229_V06', 's3://unidata-nexrad-level2/2020/12/24/KDTX/KDTX20201224_195805_V06', 's3://unidata-nexrad-level2/2020/12/24/KCLE/KCLE20201224_200258_V06', 's3://unidata-nexrad-level2/2020/12/24/KPBZ/KPBZ20201224_200320_V06']"
T,B739,LAN UUA /OV LAN270025/TM 2025/FL230/TP B739/TB SEV /RM MOD TURB 220-190,SEV,,23000.0,42.78,-85.14773727242692,2020-12-24 20:25:00,5.0,M,"('KGRR', 'KDTX', 'KIWX', 'KAPX', 'KLOT')","['s3://unidata-nexrad-level2/2020/12/24/KGRR/KGRR20201224_201904_V06', 's3://unidata-nexrad-level2/2020/12/24/KDTX/KDTX20201224_201854_V06', 's3://unidata-nexrad-level2/2020/12/24/KIWX/KIWX20201224_202456_V06', 's3://unidata-nexrad-level2/2020/12/24/KAPX/KAPX20201224_202200_V06', 's3://unidata-nexrad-level2/2020/12/24/KLOT/KLOT20201224_202317_V06']"
F,PC12,CSV UA /OV HCH/TM 2025/FL200/TP PC12/TB SEV 190-200/RM NO DAMAGES OR INJURIES REPORTED ZTLFD,SEV 190-200,,20000.0,35.78,-84.98,2020-12-24 20:25:00,5.0,L,"('KHTX', 'KMRX', 'KOHX', 'KHPX', 'KJKL')","['s3://unidata-nexrad-level2/2020/12/24/KHTX/KHTX20201224_201915_V06', 's3://unidata-nexrad-level2/2020/12/24/KMRX/KMRX20201224_202341_V06', 's3://unidata-nexrad-level2/2020/12/24/KOHX/KOHX20201224_202219_V06', 's3://unidata-nexrad-level2/2020/12/24/KHPX/KHPX20201224_202053_V06', 's3://unidata-nexrad-level2/2020/12/24/KJKL/KJKL20201224_202421_V06']"
T,B739,GRR UUA /OV VIO080030/TM 2031/FL230/TP B739/TB SEV CAT/RM SMOOTHED OUT BELOW FL200,SEV CAT,,23000.0,42.88,-85.52,2020-12-24 20:31:00,5.0,M,"('KGRR', 'KDTX', 'KIWX', 'KAPX', 'KMKX')","['s3://unidata-nexrad-level2/2020/12/24/KGRR/KGRR20201224_202743_V06', 's3://unidata-nexrad-level2/2020/12/24/KDTX/KDTX20201224_202550_V06', 's3://unidata-nexrad-level2/2020/12/24/KIWX/KIWX20201224_202456_V06', 's3://unidata-nexrad-level2/2020/12/24/KAPX/KAPX20201224_202200_V06', 's3://unidata-nexrad-level2/2020/12/24/KMKX/KMKX20201224_202520_V06']"
F,A320,LGC UA /OV LGC040010/TM 2106/FL145/TP A320/TB CONS SEV CAT/RM DURD NO INJURIES OR DAMAGES REPORTED +ZTLFD,CONS SEV CAT,,14500.0,33.13654441546348,-84.94484742959749,2020-12-24 21:06:00,5.0,M,"('KFFC', 'KMXX', 'KJGX', 'KBMX', 'KEOX')","['s3://unidata-nexrad-level2/2020/12/24/KFFC/KFFC20201224_210310_V06', 's3://unidata-nexrad-level2/2020/12/24/KMXX/KMXX20201224_210559_V06', 's3://unidata-nexrad-level2/2020/12/24/KJGX/KJGX20201224_210447_V06', 's3://unidata-nexrad-level2/2020/12/24/KBMX/KBMX20201224_210534_V06', 's3://unidata-nexrad-level2/2020/12/24/KEOX/KEOX20201224_210209_V06']"
F,A320,LGC UA /OV LGC040010/TM 2106/FL145/TP A320/TB CONS SEV CAT/RM NO DAMAGES OR INJURIES REPORTED KZTLFD,CONS SEV CAT,,14500.0,33.13654441546348,-84.94484742959749,2020-12-24 21:06:00,5.0,M,"('KFFC', 'KMXX', 'KJGX', 'KBMX', 'KEOX')","['s3://unidata-nexrad-level2/2020/12/24/KFFC/KFFC20201224_210310_V06', 's3://unidata-nexrad-level2/2020/12/24/KMXX/KMXX20201224_210559_V06', 's3://unidata-nexrad-level2/2020/12/24/KJGX/KJGX20201224_210447_V06', 's3://unidata-nexrad-level2/2020/12/24/KBMX/KBMX20201224_210534_V06', 's3://unidata-nexrad-level2/2020/12/24/KEOX/KEOX20201224_210209_V06']"
T,E45X,TYS UUA /OV VXV/TM 2303/FL200/TP E45X/SK IMC/TA M19/TB SEV 200-210/IC LGT RIME/RM NO DAMAGES OR INJURIES REPORTED ZTLFD,SEV 200-210,,20000.0,35.9,-83.89,2020-12-24 23:03:00,5.0,M,"('KMRX', 'KGSP', 'KJKL', 'KHTX', 'KOHX')","['s3://unidata-nexrad-level2/2020/12/24/KMRX/KMRX20201224_225746_V06', 's3://unidata-nexrad-level2/2020/12/24/KGSP/KGSP20201224_230121_V06', 's3://unidata-nexrad-level2/2020/12/24/KJKL/KJKL20201224_230108_V06', 's3://unidata-nexrad-level2/2020/12/24/KHTX/KHTX20201224_230123_V06', 's3://unidata-nexrad-level2/2020/12/24/KOHX/KOHX20201224_230013_V06']"
T,A321,LPR UUA /OV DJB200010/TM 2335/FL240/TP A321/TB SEV,SEV,,24000.0,41.20337187733928,-82.23595264842938,2020-12-24 23:35:00,5.0,M,"('KCLE', 'KPBZ', 'KDTX', 'KILN', 'KIWX')","['s3://unidata-nexrad-level2/2020/12/24/KCLE/KCLE20201224_233001_V06', 's3://unidata-nexrad-level2/2020/12/24/KPBZ/KPBZ20201224_233244_V06', 's3://unidata-nexrad-level2/2020/12/24/KDTX/KDTX20201224_233048_V06', 's3://unidata-nexrad-level2/2020/12/24/KILN/KILN20201224_233424_V06', 's3://unidata-nexrad-level2/2020/12/24/KIWX/KIWX20201224_232833_V06']"
F,B747,UUA /OV 5800N12700W /TM 0010 /FL350 /TP B747 /TB MDT-SEV,MDT-SEV,,35000.0,58.0,-127.0,2020-12-25 00:10:00,5.0,H,"('PACG', 'KATX', 'KLGX', 'KRTX', 'KOTX')","['s3://unidata-nexrad-level2/2020/12/25/PACG/PACG20201225_000628_V06', 's3://unidata-nexrad-level2/2020/12/25/KATX/KATX20201225_000148_V06', 's3://unidata-nexrad-level2/2020/12/25/KLGX/KLGX20201225_000320_V06', 's3://unidata-nexrad-level2/2020/12/25/KRTX/KRTX20201225_000256_V06', 's3://unidata-nexrad-level2/2020/12/25/KOTX/KOTX20201225_000446_V06']"
F,HDJT,UUA /OV 4621N07812W /TM 0412 /FL380 /TP HDJT /TB SEV CAT /RM TB LASTED 10-15 SECONDS,SEV CAT,,38000.0,46.35,-78.2,2020-12-25 04:12:00,5.0,U,"('KTYX', 'KBUF', 'KBGM', 'KCXX', 'KCCX')","['s3://unidata-nexrad-level2/2020/12/25/KTYX/KTYX20201225_041056_V06', 's3://unidata-nexrad-level2/2020/12/25/KBUF/KBUF20201225_040630_V06', 's3://unidata-nexrad-level2/2020/12/25/KBGM/KBGM20201225_041011_V06', 's3://unidata-nexrad-level2/2020/12/25/KCXX/KCXX20201225_040736_V06', 's3://unidata-nexrad-level2/2020/12/25/KCCX/KCCX20201225_040805_V06']"
F,B789,UUA /OV CYKL 270130 /TM 0551 /FL350 /TP B789 /TB SEV CAT,SEV CAT,,35000.0,54.80528,-70.56482855286401,2020-12-25 05:51:00,5.0,U,"('KCBW', 'KCXX', 'KGYX', 'KTYX', 'KENX')","['s3://unidata-nexrad-level2/2020/12/25/KCBW/KCBW20201225_054238_V06', 's3://unidata-nexrad-level2/2020/12/25/KCXX/KCXX20201225_054706_V06', 's3://unidata-nexrad-level2/2020/12/25/KGYX/KGYX20201225_054811_V06', 's3://unidata-nexrad-level2/2020/12/25/KTYX/KTYX20201225_054758_V06', 's3://unidata-nexrad-level2/2020/12/25/KENX/KENX20201225_055014_V06']"
F,B77W,UUA /OV CYQT /TM 1236 /FL320 /TP B77W /TB SEV CAT 340-360,SEV CAT 340-360,,32000.0,48.3719,-89.3239,2020-12-25 12:36:00,5.0,U,"('KDLH', 'KMQT', 'KGRB', 'KARX', 'KMKX')","['s3://unidata-nexrad-level2/2020/12/25/KDLH/KDLH20201225_123525_V06', 's3://unidata-nexrad-level2/2020/12/25/KMQT/KMQT20201225_122941_V06', 's3://unidata-nexrad-level2/2020/12/25/KGRB/KGRB20201225_123400_V06', 's3://unidata-nexrad-level2/2020/12/25/KARX/KARX20201225_123408_V06', 's3://unidata-nexrad-level2/2020/12/25/KMKX/KMKX20201225_123002_V06']"
F,B748,UUA /OV 5615N07120W /TM 1315 /FL330 /TP B748 /TB SEV,SEV,,33000.0,56.25,-71.3333,2020-12-25 13:15:00,5.0,U,"('KCBW', 'KCXX', 'KGYX', 'KTYX', 'KENX')","['s3://unidata-nexrad-level2/2020/12/25/KCBW/KCBW20201225_131425_V06', 's3://unidata-nexrad-level2/2020/12/25/KCXX/KCXX20201225_131117_V06', 's3://unidata-nexrad-level2/2020/12/25/KGYX/KGYX20201225_131401_V06', 's3://unidata-nexrad-level2/2020/12/25/KTYX/KTYX20201225_131038_V06', 's3://unidata-nexrad-level2/2020/12/25/KENX/KENX20201225_131122_V06']"
F,C56X,EWR UA /OV EWR/TM 1718/FL100/TP C56X/TB SEV/RM SEV TB 100-120,SEV,,10000.0,40.68272,-74.16932,2020-12-25 17:18:00,5.0,M,"('KDIX', 'KOKX', 'KENX', 'KBGM', 'KDOX')","['s3://unidata-nexrad-level2/2020/12/25/KDIX/KDIX20201225_171434_V06', 's3://unidata-nexrad-level2/2020/12/25/KOKX/KOKX20201225_171708_V06', 's3://unidata-nexrad-level2/2020/12/25/KENX/KENX20201225_171347_V06', 's3://unidata-nexrad-level2/2020/12/25/KBGM/KBGM20201225_171437_V06', 's3://unidata-nexrad-level2/2020/12/25/KDOX/KDOX20201225_171502_V06']"
F,B732,UUA /OV 5700N07330W /TM 1815 /FL330 /TP B732 /TB SEV,SEV,,33000.0,57.0,-73.5,2020-12-25 18:15:00,5.0,M,"('KCBW', 'KCXX', 'KTYX', 'KGYX', 'KENX')","['s3://unidata-nexrad-level2/2020/12/25/KCBW/KCBW20201225_181124_V06', 's3://unidata-nexrad-level2/2020/12/25/KTYX/KTYX20201225_181105_V06', 's3://unidata-nexrad-level2/2020/12/25/KGYX/KGYX20201225_181441_V06', 's3://unidata-nexrad-level2/2020/12/25/KENX/KENX20201225_181421_V06']"
F,BE9L,TMB UA /OV 20 MI NW TMB/TM 2014/FL050/TP BE9L/WV 33020G65/TB SEV,SEV,,5000.0,25.64227,-80.43467,2020-12-25 20:14:00,5.0,L,"('KAMX', 'KAMX', 'KBYX', 'KMLB', 'KTBW')","['s3://unidata-nexrad-level2/2020/12/25/KAMX/KAMX20201225_201238_V06', 's3://unidata-nexrad-level2/2020/12/25/KAMX/KAMX20201225_201238_V06', 's3://unidata-nexrad-level2/2020/12/25/KBYX/KBYX20201225_200835_V06', 's3://unidata-nexrad-level2/2020/12/25/KMLB/KMLB20201225_201224_V06', 's3://unidata-nexrad-level2/2020/12/25/KTBW/KTBW20201225_201254_V06']"
T,E145,BAF UUA /OV CTR/TM 2030/FL088/TP E145/TB SEV /RM DESCENDING FROM 110-030. SVR TURB AT 088. A/C CLIMED TO 093,SEV,,8800.0,42.29,-72.95,2020-12-25 20:30:00,5.0,M,"('KENX', 'KBOX', 'KOKX', 'KCXX', 'KDIX')","['s3://unidata-nexrad-level2/2020/12/25/KENX/KENX20201225_202625_V06', 's3://unidata-nexrad-level2/2020/12/25/KBOX/KBOX20201225_202522_V06', 's3://unidata-nexrad-level2/2020/12/25/KOKX/KOKX20201225_202500_V06', 's3://unidata-nexrad-level2/2020/12/25/KCXX/KCXX20201225_202953_V06', 's3://unidata-nexrad-level2/2020/12/25/KDIX/KDIX20201225_202538_V06']"
F,C177,UUA /OV CYBW 210026 /TM 2054 /FL085 /TP C177 /TB MDT-SEV 085 /RM TURB WESTBOUND VICINITY OF SHEEP RIVER,MDT-SEV 085,,8500.0,50.72775192750467,-114.71952170062322,2020-12-25 20:54:00,5.0,L,"('KOTX', 'KMSX', 'KTFX', 'KPDT', 'KCBX')","['s3://unidata-nexrad-level2/2020/12/25/KOTX/KOTX20201225_204907_V06', 's3://unidata-nexrad-level2/2020/12/25/KMSX/KMSX20201225_204851_V06', 's3://unidata-nexrad-level2/2020/12/25/KTFX/KTFX20201225_204505_V06', 's3://unidata-nexrad-level2/2020/12/25/KPDT/KPDT20201225_204928_V06', 's3://unidata-nexrad-level2/2020/12/25/KCBX/KCBX20201225_205018_V06']"
T,C680,ILG UUA /OV JAIKE/TM 2325/FL130/TP C680/TB SEV,SEV,,13000.0,39.67278,-75.60083,2020-12-25 23:25:00,5.0,U,"('KDOX', 'KDIX', 'KLWX', 'KCCX', 'KBGM')","['s3://unidata-nexrad-level2/2020/12/25/KDOX/KDOX20201225_232437_V06', 's3://unidata-nexrad-level2/2020/12/25/KDIX/KDIX20201225_232013_V06', 's3://unidata-nexrad-level2/2020/12/25/KLWX/KLWX20201225_232114_V06', 's3://unidata-nexrad-level2/2020/12/25/KCCX/KCCX20201225_232428_V06', 's3://unidata-nexrad-level2/2020/12/25/KBGM/KBGM20201225_232116_V06']"
T,C560,PTW UUA /OV PTW/TM 2344/FL130/TP C560/TB SEV CAT 130-135/IC NEG,SEV CAT 130-135,,13000.0,40.23833,-75.55722,2020-12-25 23:44:00,5.0,M,"('KDIX', 'KDOX', 'KLWX', 'KBGM', 'KCCX')","['s3://unidata-nexrad-level2/2020/12/25/KDIX/KDIX20201225_234110_V06', 's3://unidata-nexrad-level2/2020/12/25/KDOX/KDOX20201225_234130_V06', 's3://unidata-nexrad-level2/2020/12/25/KLWX/KLWX20201225_234006_V06', 's3://unidata-nexrad-level2/2020/12/25/KBGM/KBGM20201225_234231_V06', 's3://unidata-nexrad-level2/2020/12/25/KCCX/KCCX20201225_234340_V06']"
F,C750,PHL UA /OV 20 W ARD/TM 2344/FL115/TP C750/TB SEV BTWN 115-135,SEV BTWN 115-135,,11500.0,40.25,-75.3467743073815,2020-12-25 23:44:00,5.0,M,"('KDIX', 'KDOX', 'KOKX', 'KBGM', 'KLWX')","['s3://unidata-nexrad-level2/2020/12/25/KDIX/KDIX20201225_234110_V06', 's3://unidata-nexrad-level2/2020/12/25/KDOX/KDOX20201225_234130_V06', 's3://unidata-nexrad-level2/2020/12/25/KOKX/KOKX20201225_234019_V06', 's3://unidata-nexrad-level2/2020/12/25/KBGM/KBGM20201225_234231_V06', 's3://unidata-nexrad-level2/2020/12/25/KLWX/KLWX20201225_234006_V06']"
T,B789,PANC UUA /OV 5000N 17000W /TM 2349 /FL360 /TP B789 /TB SEV CAT /RM LASTED FOR 4 MINUTES ...ZOA CWSU AWC-WEB,SEV CAT,,36000.0,50.0,-170.0,2020-12-25 23:49:00,5.0,U,"('PABC', 'PAEC', 'PAKC', 'PAHG', 'PAIH')","['s3://unidata-nexrad-level2/2020/12/25/PABC/PABC20201225_234056_V06', 's3://unidata-nexrad-level2/2020/12/25/PAEC/PAEC20201225_234631_V06', 's3://unidata-nexrad-level2/2020/12/25/PAKC/PAKC20201225_234539_V06', 's3://unidata-nexrad-level2/2020/12/25/PAHG/PAHG20201225_234833_V06', 's3://unidata-nexrad-level2/2020/12/25/PAIH/PAIH20201225_234019_V06']"
F,B789,PANC UA /OV 5000N 17000W /TM 2349 /FL360 /TP B789 /TB SEV CAT /RM LASTED FOR 4 MINUTES ...ZOA CWSU AWC-WEB:,SEV CAT,,36000.0,50.0,-170.0,2020-12-25 23:49:00,5.0,U,"('PABC', 'PAEC', 'PAKC', 'PAHG', 'PAIH')","['s3://unidata-nexrad-level2/2020/12/25/PABC/PABC20201225_234056_V06', 's3://unidata-nexrad-level2/2020/12/25/PAEC/PAEC20201225_234631_V06', 's3://unidata-nexrad-level2/2020/12/25/PAKC/PAKC20201225_234539_V06', 's3://unidata-nexrad-level2/2020/12/25/PAHG/PAHG20201225_234833_V06', 's3://unidata-nexrad-level2/2020/12/25/PAIH/PAIH20201225_234019_V06']"
F,B789,PANC UA /OV 5000N 17000W /TM 2349 /FL360 /TP B789 /TB SEV CAT /RM LASTED FOR 4 MINUTES ...ZOA CWSU AWC-WEB,SEV CAT,,36000.0,50.0,-170.0,2020-12-25 23:49:00,5.0,U,"('PABC', 'PAEC', 'PAKC', 'PAHG', 'PAIH')","['s3://unidata-nexrad-level2/2020/12/25/PABC/PABC20201225_234056_V06', 's3://unidata-nexrad-level2/2020/12/25/PAEC/PAEC20201225_234631_V06', 's3://unidata-nexrad-level2/2020/12/25/PAKC/PAKC20201225_234539_V06', 's3://unidata-nexrad-level2/2020/12/25/PAHG/PAHG20201225_234833_V06', 's3://unidata-nexrad-level2/2020/12/25/PAIH/PAIH20201225_234019_V06']"
T,B789,PANC UUA /OV 5000N 17000W /TM 2349 /FL360 /TP B789 /TB SEV CAT /RM LASTED FOR 4 MINUTES ...ZOA CWSU AWC-WEB:,SEV CAT,,36000.0,50.0,-170.0,2020-12-25 23:49:00,5.0,U,"('PABC', 'PAEC', 'PAKC', 'PAHG', 'PAIH')","['s3://unidata-nexrad-level2/2020/12/25/PABC/PABC20201225_234056_V06', 's3://unidata-nexrad-level2/2020/12/25/PAEC/PAEC20201225_234631_V06', 's3://unidata-nexrad-level2/2020/12/25/PAKC/PAKC20201225_234539_V06', 's3://unidata-nexrad-level2/2020/12/25/PAHG/PAHG20201225_234833_V06', 's3://unidata-nexrad-level2/2020/12/25/PAIH/PAIH20201225_234019_V06']"
T,B738,PNE UUA /OV ARD240020/TM 0025/FL130/TP B738/TB SEV,SEV,,13000.0,40.08331983331984,-75.28825764591272,2020-12-26 00:25:00,5.0,M,"('KDIX', 'KDOX', 'KOKX', 'KLWX', 'KBGM')","['s3://unidata-nexrad-level2/2020/12/26/KDIX/KDIX20201226_002303_V06', 's3://unidata-nexrad-level2/2020/12/26/KDOX/KDOX20201226_002135_V06', 's3://unidata-nexrad-level2/2020/12/26/KOKX/KOKX20201226_001916_V06', 's3://unidata-nexrad-level2/2020/12/26/KLWX/KLWX20201226_002441_V06', 's3://unidata-nexrad-level2/2020/12/26/KBGM/KBGM20201226_001758_V06']"
T,DH8D,BOI UUA /OV BOI307052/TM 0705/FL215/TP DH8D/TB SEV/RM MOD-SEV TB 215-200 DURD,SEV,,21500.0,44.08828526752198,-117.19589083921664,2020-12-26 07:05:00,5.0,M,"('KCBX', 'KPDT', 'KLRX', 'KSFX', 'KOTX')","['s3://unidata-nexrad-level2/2020/12/26/KCBX/KCBX20201226_070305_V06', 's3://unidata-nexrad-level2/2020/12/26/KPDT/KPDT20201226_070120_V06', 's3://unidata-nexrad-level2/2020/12/26/KLRX/KLRX20201226_070427_V06', 's3://unidata-nexrad-level2/2020/12/26/KSFX/KSFX20201226_070150_V06', 's3://unidata-nexrad-level2/2020/12/26/KOTX/KOTX20201226_070400_V06']"
F,B788,UUA /OV CYMT 110074 /TM 1620 /FL350 /TP B788 /TB MDT-SEV,MDT-SEV,,35000.0,49.35008098871853,-72.73340024701942,2020-12-26 16:20:00,5.0,U,"('KCXX', 'KCBW', 'KGYX', 'KTYX', 'KENX')","['s3://unidata-nexrad-level2/2020/12/26/KCXX/KCXX20201226_161555_V06', 's3://unidata-nexrad-level2/2020/12/26/KCBW/KCBW20201226_161608_V06', 's3://unidata-nexrad-level2/2020/12/26/KGYX/KGYX20201226_161948_V06', 's3://unidata-nexrad-level2/2020/12/26/KTYX/KTYX20201226_161551_V06', 's3://unidata-nexrad-level2/2020/12/26/KENX/KENX20201226_161834_V06']"
F,B789,UUA /OV CYMT 083139 /TM 1630 /FL370 /TP B789 /TB MDT-SEV,MDT-SEV,,37000.0,50.05429351436042,-70.96740334860884,2020-12-26 16:30:00,5.0,U,"('KCBW', 'KCXX', 'KGYX', 'KTYX', 'KENX')","['s3://unidata-nexrad-level2/2020/12/26/KCBW/KCBW20201226_162810_V06', 's3://unidata-nexrad-level2/2020/12/26/KCXX/KCXX20201226_162941_V06', 's3://unidata-nexrad-level2/2020/12/26/KGYX/KGYX20201226_162840_V06', 's3://unidata-nexrad-level2/2020/12/26/KTYX/KTYX20201226_162951_V06', 's3://unidata-nexrad-level2/2020/12/26/KENX/KENX20201226_162538_V06']"
T,C182,NID UUA /OV NID330012/TM 1754/FL105/TP C182/TB SEV/RM REVERSED COURSE AND RETURNED TO RAL,SEV,,10500.0,35.85871911038246,-117.81512762986928,2020-12-26 17:54:00,5.0,L,"('KEYX', 'KHNX', 'KVTX', 'KSOX', 'KVBX')","['s3://unidata-nexrad-level2/2020/12/26/KEYX/KEYX20201226_175142_V06', 's3://unidata-nexrad-level2/2020/12/26/KHNX/KHNX20201226_175103_V06', 's3://unidata-nexrad-level2/2020/12/26/KVTX/KVTX20201226_174421_V06', 's3://unidata-nexrad-level2/2020/12/26/KSOX/KSOX20201226_175246_V06', 's3://unidata-nexrad-level2/2020/12/26/KVBX/KVBX20201226_175351_V06']"
F,B77L,UUA /OV 5100N07215W /TM 1845 /FL350 /TP B77L /TB SEV CAT,SEV CAT,,35000.0,51.0,-72.25,2020-12-26 18:45:00,5.0,U,"('KCXX', 'KCBW', 'KGYX', 'KTYX', 'KENX')","['s3://unidata-nexrad-level2/2020/12/26/KCXX/KCXX20201226_184101_V06', 's3://unidata-nexrad-level2/2020/12/26/KCBW/KCBW20201226_184114_V06', 's3://unidata-nexrad-level2/2020/12/26/KGYX/KGYX20201226_184056_V06', 's3://unidata-nexrad-level2/2020/12/26/KTYX/KTYX20201226_184122_V06', 's3://unidata-nexrad-level2/2020/12/26/KENX/KENX20201226_183953_V06']"
T,C172,TRI UUA /OV 7A8/TM 1930/FL060/TP C172/TB SEV/RM NO DAMAGES OR INJURIES REPORTED ZTLFD,SEV,,6000.0,35.94,-81.99,2020-12-26 19:30:00,5.0,L,"('KGSP', 'KMRX', 'KFCX', 'KJKL', 'KCAE')","['s3://unidata-nexrad-level2/2020/12/26/KGSP/KGSP20201226_192329_V06', 's3://unidata-nexrad-level2/2020/12/26/KMRX/KMRX20201226_192740_V06', 's3://unidata-nexrad-level2/2020/12/26/KFCX/KFCX20201226_192630_V06', 's3://unidata-nexrad-level2/2020/12/26/KJKL/KJKL20201226_192551_V06', 's3://unidata-nexrad-level2/2020/12/26/KCAE/KCAE20201226_192634_V06']"
T,HDJT,ASE UUA /OV DBL137055/TM 2215/FL170/TP HDJT/TB EXTRM/RM OVER COLLEGIATE PEAKS......ZDV,EXTRM,,17000.0,38.769538137115774,-106.0904393536726,2020-12-26 22:15:00,7.0,U,"('KPUX', 'KFTG', 'KGJX', 'KCYS', 'KGLD')","['s3://unidata-nexrad-level2/2020/12/26/KPUX/KPUX20201226_221036_V06', 's3://unidata-nexrad-level2/2020/12/26/KFTG/KFTG20201226_221427_V06', 's3://unidata-nexrad-level2/2020/12/26/KGJX/KGJX20201226_221029_V06', 's3://unidata-nexrad-level2/2020/12/26/KCYS/KCYS20201226_220923_V06', 's3://unidata-nexrad-level2/2020/12/26/KGLD/KGLD20201226_221426_V06']"
F,A21N,UUA /OV 4429N05604W /TM 0221 /FL360 /TP A21N /TB SEV,SEV,,36000.0,44.4833,-56.666,2020-12-27 02:21:00,5.0,U,"('KCBW', 'KGYX', 'KBOX', 'KCXX', 'KOKX')","['s3://unidata-nexrad-level2/2020/12/27/KCBW/KCBW20201227_021845_V06', 's3://unidata-nexrad-level2/2020/12/27/KGYX/KGYX20201227_021914_V06', 's3://unidata-nexrad-level2/2020/12/27/KBOX/KBOX20201227_021822_V06', 's3://unidata-nexrad-level2/2020/12/27/KCXX/KCXX20201227_021809_V06', 's3://unidata-nexrad-level2/2020/12/27/KOKX/KOKX20201227_021414_V06']"
T,B738,PHNL UUA /OV 3333N 13538W /TM 0240 /FL380 /TP B738 /TB SEV CHOP 380 /RM BASED ON EDR 0.46 AWC-WEB:,SEV CHOP 380,,38000.0,33.55,-135.6333,2020-12-27 02:40:00,5.0,M,"('KBHX', 'KMUX', 'KDAX', 'KBBX', 'KVBX')","['s3://unidata-nexrad-level2/2020/12/27/KBHX/KBHX20201227_023710_V06', 's3://unidata-nexrad-level2/2020/12/27/KMUX/KMUX20201227_023738_V06', 's3://unidata-nexrad-level2/2020/12/27/KDAX/KDAX20201227_023550_V06', 's3://unidata-nexrad-level2/2020/12/27/KBBX/KBBX20201227_023950_V06', 's3://unidata-nexrad-level2/2020/12/27/KVBX/KVBX20201227_023822_V06']"
T,B738,PHNL UUA /OV 3333N 13538W /TM 0240 /FL380 /TP B738 /TB SEV CHOP 380 /RM BASED ON EDR 0.46 AWC-WEB,SEV CHOP 380,,38000.0,33.55,-135.6333,2020-12-27 02:40:00,5.0,M,"('KBHX', 'KMUX', 'KDAX', 'KBBX', 'KVBX')","['s3://unidata-nexrad-level2/2020/12/27/KBHX/KBHX20201227_023710_V06', 's3://unidata-nexrad-level2/2020/12/27/KMUX/KMUX20201227_023738_V06', 's3://unidata-nexrad-level2/2020/12/27/KDAX/KDAX20201227_023550_V06', 's3://unidata-nexrad-level2/2020/12/27/KBBX/KBBX20201227_023950_V06', 's3://unidata-nexrad-level2/2020/12/27/KVBX/KVBX20201227_023822_V06']"
T,BE9L,GXY UUA /OV GLL/TM 1820/FL210/TP BE9L/TB SEV/RM BETWEEN FL 210-230 ZDV,SEV,,21000.0,40.5,-104.55,2020-12-27 18:20:00,5.0,L,"('KCYS', 'KFTG', 'KPUX', 'KGLD', 'KGJX')","['s3://unidata-nexrad-level2/2020/12/27/KCYS/KCYS20201227_181257_V06', 's3://unidata-nexrad-level2/2020/12/27/KFTG/KFTG20201227_181304_V06', 's3://unidata-nexrad-level2/2020/12/27/KPUX/KPUX20201227_181915_V06', 's3://unidata-nexrad-level2/2020/12/27/KGLD/KGLD20201227_181410_V06', 's3://unidata-nexrad-level2/2020/12/27/KGJX/KGJX20201227_181516_V06']"
T,M600,BIH UUA /OV BIH340040/TM 1858/FL220/TP M600/TB SEV 180-220/RM ZOA CWSU,SEV 180-220,,22000.0,37.99962249064287,-118.6505510051098,2020-12-27 18:58:00,5.0,U,"('KHNX', 'KRGX', 'KDAX', 'KMUX', 'KBBX')","['s3://unidata-nexrad-level2/2020/12/27/KHNX/KHNX20201227_185736_V06', 's3://unidata-nexrad-level2/2020/12/27/KRGX/KRGX20201227_185043_V06', 's3://unidata-nexrad-level2/2020/12/27/KDAX/KDAX20201227_185731_V06', 's3://unidata-nexrad-level2/2020/12/27/KMUX/KMUX20201227_185035_V06', 's3://unidata-nexrad-level2/2020/12/27/KBBX/KBBX20201227_185121_V06']"
T,TBM7,EKO UUA /OV LWL350040/TM 1922/FL270/TP TBM7/TB SEV TURB /ZLC,SEV TURB,,27000.0,41.766591681679984,-115.0736598800982,2020-12-27 19:22:00,5.0,L,"('KLRX', 'KCBX', 'KMTX', 'KSFX', 'KICX')","['s3://unidata-nexrad-level2/2020/12/27/KLRX/KLRX20201227_191514_V06', 's3://unidata-nexrad-level2/2020/12/27/KCBX/KCBX20201227_191925_V06', 's3://unidata-nexrad-level2/2020/12/27/KMTX/KMTX20201227_192155_V06', 's3://unidata-nexrad-level2/2020/12/27/KSFX/KSFX20201227_192110_V06', 's3://unidata-nexrad-level2/2020/12/27/KICX/KICX20201227_191717_V06']"
T,TBM8,LBF UUA /OV LBF300015/TM 2108/FL230/TP TBM8/TB SEV/RM MOD AT FL240......ZDV,SEV,,23000.0,41.24692012501013,-100.95638924667496,2020-12-27 21:08:00,5.0,U,"('KLNX', 'KGLD', 'KUEX', 'KCYS', 'KFTG')","['s3://unidata-nexrad-level2/2020/12/27/KLNX/KLNX20201227_210645_V06', 's3://unidata-nexrad-level2/2020/12/27/KGLD/KGLD20201227_210743_V06', 's3://unidata-nexrad-level2/2020/12/27/KUEX/KUEX20201227_210454_V06', 's3://unidata-nexrad-level2/2020/12/27/KCYS/KCYS20201227_210748_V06', 's3://unidata-nexrad-level2/2020/12/27/KFTG/KFTG20201227_210525_V06']"
T,B77L,PANC UUA /OV 5100N 14000W /TM 2305 /FL380 /TP B77L /TB SEV /RM ZOA CWSU AWC-WEB,SEV,,38000.0,51.0,-140.0,2020-12-27 23:05:00,5.0,U,"('PACG', 'PAIH', 'PAIH', 'PAHG', 'PAPD')","['s3://unidata-nexrad-level2/2020/12/27/PACG/PACG20201227_230107_V06', 's3://unidata-nexrad-level2/2020/12/27/PAIH/PAIH20201227_230032_V06', 's3://unidata-nexrad-level2/2020/12/27/PAIH/PAIH20201227_230032_V06', 's3://unidata-nexrad-level2/2020/12/27/PAHG/PAHG20201227_230153_V06', 's3://unidata-nexrad-level2/2020/12/27/PAPD/PAPD20201227_225756_V06']"
T,B77L,PANC UUA /OV 5100N 14000W /TM 2305 /FL380 /TP B77L /TB SEV /RM ZOA CWSU AWC-WEB:,SEV,,38000.0,51.0,-140.0,2020-12-27 23:05:00,5.0,U,"('PACG', 'PAIH', 'PAIH', 'PAHG', 'PAPD')","['s3://unidata-nexrad-level2/2020/12/27/PACG/PACG20201227_230107_V06', 's3://unidata-nexrad-level2/2020/12/27/PAIH/PAIH20201227_230032_V06', 's3://unidata-nexrad-level2/2020/12/27/PAIH/PAIH20201227_230032_V06', 's3://unidata-nexrad-level2/2020/12/27/PAHG/PAHG20201227_230153_V06', 's3://unidata-nexrad-level2/2020/12/27/PAPD/PAPD20201227_225756_V06']"
F,B763,OKB UA /OV PDZ119019 /TM 1134 /FL180 /TP B763 /TB SEV/RM AWC-WEB:,SEV,,18000.0,33.76646451820947,-117.1962093456238,2020-12-28 11:34:00,5.0,H,"('KSOX', 'KEYX', 'KNKX', 'KVTX', 'KYUX')","['s3://unidata-nexrad-level2/2020/12/28/KSOX/KSOX20201228_112814_V06', 's3://unidata-nexrad-level2/2020/12/28/KEYX/KEYX20201228_113024_V06', 's3://unidata-nexrad-level2/2020/12/28/KNKX/KNKX20201228_112827_V06', 's3://unidata-nexrad-level2/2020/12/28/KVTX/KVTX20201228_113052_V06', 's3://unidata-nexrad-level2/2020/12/28/KYUX/KYUX20201228_113214_V06']"
F,B763,OKB UA /OV PDZ119019 /TM 1134 /FL180 /TP B763 /TB SEV/RM AWC-WEB,SEV,,18000.0,33.76646451820947,-117.1962093456238,2020-12-28 11:34:00,5.0,H,"('KSOX', 'KEYX', 'KNKX', 'KVTX', 'KYUX')","['s3://unidata-nexrad-level2/2020/12/28/KSOX/KSOX20201228_112814_V06', 's3://unidata-nexrad-level2/2020/12/28/KEYX/KEYX20201228_113024_V06', 's3://unidata-nexrad-level2/2020/12/28/KNKX/KNKX20201228_112827_V06', 's3://unidata-nexrad-level2/2020/12/28/KVTX/KVTX20201228_113052_V06', 's3://unidata-nexrad-level2/2020/12/28/KYUX/KYUX20201228_113214_V06']"
T,B763,F70 UUA /OV PDZ119019/TM 1134/FL180/TP B763/TB SEV/RM COR SA-ID AND MSG TYPE. ZLA CWSU,SEV,,18000.0,33.76646451820947,-117.1962093456238,2020-12-28 11:34:00,5.0,H,"('KSOX', 'KEYX', 'KNKX', 'KVTX', 'KYUX')","['s3://unidata-nexrad-level2/2020/12/28/KSOX/KSOX20201228_112814_V06', 's3://unidata-nexrad-level2/2020/12/28/KEYX/KEYX20201228_113024_V06', 's3://unidata-nexrad-level2/2020/12/28/KNKX/KNKX20201228_112827_V06', 's3://unidata-nexrad-level2/2020/12/28/KVTX/KVTX20201228_113052_V06', 's3://unidata-nexrad-level2/2020/12/28/KYUX/KYUX20201228_113214_V06']"
T,C172,12N UUA /OV MMU315010 /TM 1544 /FL025 /TP C172 /TB OCNL SEV,OCNL SEV,,2500.0,40.91721067614885,-74.57056391258936,2020-12-28 15:44:00,5.0,L,"('KDIX', 'KOKX', 'KBGM', 'KENX', 'KDOX')","['s3://unidata-nexrad-level2/2020/12/28/KDIX/KDIX20201228_154109_V06', 's3://unidata-nexrad-level2/2020/12/28/KOKX/KOKX20201228_153548_V06', 's3://unidata-nexrad-level2/2020/12/28/KBGM/KBGM20201228_154147_V06', 's3://unidata-nexrad-level2/2020/12/28/KENX/KENX20201228_153955_V06', 's3://unidata-nexrad-level2/2020/12/28/KDOX/KDOX20201228_154055_V06']"
T,C172,MOR UUA /OV MOR315010 /TM 1544 /FL025 /TP C172 /TB OCNL SEV,OCNL SEV,,2500.0,36.29726067614885,-83.52141669507859,2020-12-28 15:44:00,5.0,L,"('KMRX', 'KJKL', 'KGSP', 'KRLX', 'KHTX')","['s3://unidata-nexrad-level2/2020/12/28/KMRX/KMRX20201228_154120_V06', 's3://unidata-nexrad-level2/2020/12/28/KJKL/KJKL20201228_153845_V06', 's3://unidata-nexrad-level2/2020/12/28/KGSP/KGSP20201228_154159_V06', 's3://unidata-nexrad-level2/2020/12/28/KRLX/KRLX20201228_153921_V06', 's3://unidata-nexrad-level2/2020/12/28/KHTX/KHTX20201228_153458_V06']"
T,SW4,ANC UUA /OV TED180010/TM 1800/FL050/TP SW4/TB SEV/RM DURC MOD BLO 050 SMOOTH ABV 050,SEV,,5000.0,61.00331983331984,-149.99,2020-12-28 18:00:00,5.0,M,"('PAHG', 'PAIH', 'PAIH', 'PAPD', 'PAKC')","['s3://unidata-nexrad-level2/2020/12/28/PAHG/PAHG20201228_175940_V06', 's3://unidata-nexrad-level2/2020/12/28/PAIH/PAIH20201228_175902_V06', 's3://unidata-nexrad-level2/2020/12/28/PAIH/PAIH20201228_175902_V06', 's3://unidata-nexrad-level2/2020/12/28/PAPD/PAPD20201228_175719_V06', 's3://unidata-nexrad-level2/2020/12/28/PAKC/PAKC20201228_175907_V06']"
T,B789,PHNL UUA /OV 3901N 17027W /TM 1436 /FL390 /TP B789 /TB SEV /RM ZOA CWSU AWC-WEB,SEV,,39000.0,39.166,-170.45,2020-12-29 14:36:00,5.0,U,"('PHKI', 'PHMO', 'PABC', 'PAKC', 'PHKM')","['s3://unidata-nexrad-level2/2020/12/29/PHKI/PHKI20201229_143340_V06', 's3://unidata-nexrad-level2/2020/12/29/PHMO/PHMO20201229_143544_V06', 's3://unidata-nexrad-level2/2020/12/29/PABC/PABC20201229_143329_V06', 's3://unidata-nexrad-level2/2020/12/29/PAKC/PAKC20201229_142919_V06', 's3://unidata-nexrad-level2/2020/12/29/PHKM/PHKM20201229_143406_V06']"
T,B789,PHNL UUA /OV 3901N 17027W /TM 1436 /FL390 /TP B789 /TB SEV /RM ZOA CWSU AWC-WEB:,SEV,,39000.0,39.166,-170.45,2020-12-29 14:36:00,5.0,U,"('PHKI', 'PHMO', 'PABC', 'PAKC', 'PHKM')","['s3://unidata-nexrad-level2/2020/12/29/PHKI/PHKI20201229_143340_V06', 's3://unidata-nexrad-level2/2020/12/29/PHMO/PHMO20201229_143544_V06', 's3://unidata-nexrad-level2/2020/12/29/PABC/PABC20201229_143329_V06', 's3://unidata-nexrad-level2/2020/12/29/PAKC/PAKC20201229_142919_V06', 's3://unidata-nexrad-level2/2020/12/29/PHKM/PHKM20201229_143406_V06']"
T,P28A,CNO UUA /OV PDZ160006/TM 1735/FL030/TP P28A/TB SEV/RM OVER LAKE MATHEWS,SEV,,3000.0,33.82602312640357,-117.48878035489317,2020-12-29 17:35:00,5.0,L,"('KSOX', 'KNKX', 'KEYX', 'KVTX', 'KVBX')","['s3://unidata-nexrad-level2/2020/12/29/KSOX/KSOX20201229_173409_V06', 's3://unidata-nexrad-level2/2020/12/29/KNKX/KNKX20201229_173202_V06', 's3://unidata-nexrad-level2/2020/12/29/KEYX/KEYX20201229_173411_V06', 's3://unidata-nexrad-level2/2020/12/29/KVTX/KVTX20201229_173455_V06', 's3://unidata-nexrad-level2/2020/12/29/KVBX/KVBX20201229_172531_V06']"
T,F2TH,SLN UUA /OV SLN220025/TM 1835/FL450/TP F2TH/TB SEV/RM LOST 1200FT/ ZKC/FD1/CW/OH,SEV,,45000.0,38.47175896134129,-97.99581543183152,2020-12-29 18:35:00,5.0,M,"('KICT', 'KTWX', 'KDDC', 'KVNX', 'KUEX')","['s3://unidata-nexrad-level2/2020/12/29/KICT/KICT20201229_183026_V06', 's3://unidata-nexrad-level2/2020/12/29/KTWX/KTWX20201229_183331_V06', 's3://unidata-nexrad-level2/2020/12/29/KDDC/KDDC20201229_183150_V06', 's3://unidata-nexrad-level2/2020/12/29/KVNX/KVNX20201229_183201_V06', 's3://unidata-nexrad-level2/2020/12/29/KUEX/KUEX20201229_183027_V06']"
T,P28A,SBD UUA /OV SBD 5W/TM 2155/FL045/TP P28A/TB SEV BLO 045,SEV BLO 045,,4500.0,34.0953521,-117.2348722,2020-12-29 21:55:00,5.0,L,"('KSOX', 'KEYX', 'KNKX', 'KVTX', 'KESX')","['s3://unidata-nexrad-level2/2020/12/29/KSOX/KSOX20201229_215354_V06', 's3://unidata-nexrad-level2/2020/12/29/KEYX/KEYX20201229_214925_V06', 's3://unidata-nexrad-level2/2020/12/29/KNKX/KNKX20201229_215233_V06', 's3://unidata-nexrad-level2/2020/12/29/KVTX/KVTX20201229_214823_V06', 's3://unidata-nexrad-level2/2020/12/29/KESX/KESX20201229_214835_V06']"
T,G280,OWD UUA /OV OWD/TM 2211/FL007/TP G280/TB SEV ABV 007,SEV ABV 007,,700.0,42.19123,-71.17326,2020-12-29 22:11:00,5.0,U,"('KBOX', 'KGYX', 'KOKX', 'KENX', 'KCXX')","['s3://unidata-nexrad-level2/2020/12/29/KBOX/KBOX20201229_220905_V06', 's3://unidata-nexrad-level2/2020/12/29/KGYX/KGYX20201229_220824_V06', 's3://unidata-nexrad-level2/2020/12/29/KOKX/KOKX20201229_220910_V06', 's3://unidata-nexrad-level2/2020/12/29/KENX/KENX20201229_221032_V06', 's3://unidata-nexrad-level2/2020/12/29/KCXX/KCXX20201229_220847_V06']"
T,SR22,ONT UUA /OV ONT350015/TM 2335/FL075/TP SR22/TB SEV/RM COR MSG TYPE AND LOCTN. ZLA CWSU,SEV,,7500.0,34.30222188062999,-117.65359320072506,2020-12-29 23:35:00,5.0,L,"('KSOX', 'KEYX', 'KVTX', 'KNKX', 'KVBX')","['s3://unidata-nexrad-level2/2020/12/29/KSOX/KSOX20201229_232822_V06', 's3://unidata-nexrad-level2/2020/12/29/KEYX/KEYX20201229_232738_V06', 's3://unidata-nexrad-level2/2020/12/29/KVTX/KVTX20201229_232535_V06', 's3://unidata-nexrad-level2/2020/12/29/KNKX/KNKX20201229_233026_V06', 's3://unidata-nexrad-level2/2020/12/29/KVBX/KVBX20201229_232559_V06']"
T,PA46,WHP UUA /OV KBUR350005/TM 2340/FL050/TP PA46/TB SEV/RM COR SA-ID AND LOCTN. ZLA CWSU,SEV,,5000.0,34.28274396021,-118.376167652658,2020-12-29 23:40:00,5.0,L,"('KVTX', 'KSOX', 'KEYX', 'KVBX', 'KNKX')","['s3://unidata-nexrad-level2/2020/12/29/KVTX/KVTX20201229_233518_V06', 's3://unidata-nexrad-level2/2020/12/29/KSOX/KSOX20201229_233803_V06', 's3://unidata-nexrad-level2/2020/12/29/KEYX/KEYX20201229_233629_V06', 's3://unidata-nexrad-level2/2020/12/29/KVBX/KVBX20201229_233540_V06', 's3://unidata-nexrad-level2/2020/12/29/KNKX/KNKX20201229_233729_V06']"
T,COL4,PSP UUA /OV KPSP305010/TM 2350/FL055/TP COL4/TB SEV/RM BANNING PASS. COR MSG TYPE AND LOCTN. ZLA CWSU,SEV,,5500.0,33.92527381601481,-116.67105380124336,2020-12-29 23:50:00,5.0,U,"('KSOX', 'KNKX', 'KEYX', 'KYUX', 'KESX')","['s3://unidata-nexrad-level2/2020/12/29/KSOX/KSOX20201229_234744_V06', 's3://unidata-nexrad-level2/2020/12/29/KNKX/KNKX20201229_234431_V06', 's3://unidata-nexrad-level2/2020/12/29/KEYX/KEYX20201229_234511_V06', 's3://unidata-nexrad-level2/2020/12/29/KYUX/KYUX20201229_234725_V06', 's3://unidata-nexrad-level2/2020/12/29/KESX/KESX20201229_234515_V06']"
T,C441,ONT UUA /OV ONT/TM 2357/FL060/TP C441/TB SEV/RM COR MSG TYPE. ZLA CWSU,SEV,,6000.0,34.056,-117.60119,2020-12-29 23:57:00,5.0,L,"('KSOX', 'KEYX', 'KNKX', 'KVTX', 'KVBX')","['s3://unidata-nexrad-level2/2020/12/29/KSOX/KSOX20201229_234744_V06', 's3://unidata-nexrad-level2/2020/12/29/KEYX/KEYX20201229_235402_V06', 's3://unidata-nexrad-level2/2020/12/29/KNKX/KNKX20201229_235134_V06', 's3://unidata-nexrad-level2/2020/12/29/KVTX/KVTX20201229_235443_V06', 's3://unidata-nexrad-level2/2020/12/29/KVBX/KVBX20201229_235502_V06']"
T,A321,DFW UUA /OV KDFW090005 /TM 1459 /FL040 /TP A321 /TB SEV /RM 040-050 ZFW AWC-WEB,SEV,,4000.0,32.89683,-96.93874424851504,2020-12-30 14:59:00,5.0,M,"('KFWS', 'KDYX', 'KGRK', 'KOUN', 'KTLX')","['s3://unidata-nexrad-level2/2020/12/30/KFWS/KFWS20201230_145822_V06', 's3://unidata-nexrad-level2/2020/12/30/KDYX/KDYX20201230_145807_V06', 's3://unidata-nexrad-level2/2020/12/30/KGRK/KGRK20201230_145719_V06', 's3://unidata-nexrad-level2/2020/12/30/KTLX/KTLX20201230_145430_V06']"
T,A321,DFW UUA /OV KDFW090005 /TM 1459 /FL040 /TP A321 /TB SEV /RM 040-050 ZFW AWC-WEB:,SEV,,4000.0,32.89683,-96.93874424851504,2020-12-30 14:59:00,5.0,M,"('KFWS', 'KDYX', 'KGRK', 'KOUN', 'KTLX')","['s3://unidata-nexrad-level2/2020/12/30/KFWS/KFWS20201230_145822_V06', 's3://unidata-nexrad-level2/2020/12/30/KDYX/KDYX20201230_145807_V06', 's3://unidata-nexrad-level2/2020/12/30/KGRK/KGRK20201230_145719_V06', 's3://unidata-nexrad-level2/2020/12/30/KTLX/KTLX20201230_145430_V06']"
T,C152,FLG UUA /OV FLG /TM 1637 /FL095 /TP C152 /TB SEV BLO 090 /RM DURD WITHIN 4NM FLG,SEV BLO 090,,9500.0,35.14028,-111.67222,2020-12-30 16:37:00,5.0,L,"('KFSX', 'KFSX', 'KIWA', 'KICX', 'KESX')","['s3://unidata-nexrad-level2/2020/12/30/KFSX/KFSX20201230_162811_V06', 's3://unidata-nexrad-level2/2020/12/30/KFSX/KFSX20201230_162811_V06', 's3://unidata-nexrad-level2/2020/12/30/KIWA/KIWA20201230_163302_V06', 's3://unidata-nexrad-level2/2020/12/30/KICX/KICX20201230_162945_V06', 's3://unidata-nexrad-level2/2020/12/30/KESX/KESX20201230_163512_V06']"
F,C208,PHX UA /OV PXR020060/TM 1726/FL110/TP C208/TB SEV/RM 1500FT DD - ZAB/FDCS,SEV,,11000.0,34.36976873596431,-111.56014565205808,2020-12-30 17:26:00,5.0,L,"('KFSX', 'KFSX', 'KIWA', 'KEMX', 'KICX')","['s3://unidata-nexrad-level2/2020/12/30/KFSX/KFSX20201230_171851_V06', 's3://unidata-nexrad-level2/2020/12/30/KFSX/KFSX20201230_171851_V06', 's3://unidata-nexrad-level2/2020/12/30/KIWA/KIWA20201230_172512_V06', 's3://unidata-nexrad-level2/2020/12/30/KEMX/KEMX20201230_172342_V06', 's3://unidata-nexrad-level2/2020/12/30/KICX/KICX20201230_172144_V06']"
T,C208,PHX UUA /OV PXR020060/TM 1726/FL110/TP C208/TB SEV/RM 1500FT DD - ZAB/FDCS,SEV,,11000.0,34.36976873596431,-111.56014565205808,2020-12-30 17:26:00,5.0,L,"('KFSX', 'KFSX', 'KIWA', 'KEMX', 'KICX')","['s3://unidata-nexrad-level2/2020/12/30/KFSX/KFSX20201230_171851_V06', 's3://unidata-nexrad-level2/2020/12/30/KFSX/KFSX20201230_171851_V06', 's3://unidata-nexrad-level2/2020/12/30/KIWA/KIWA20201230_172512_V06', 's3://unidata-nexrad-level2/2020/12/30/KEMX/KEMX20201230_172342_V06', 's3://unidata-nexrad-level2/2020/12/30/KICX/KICX20201230_172144_V06']"
T,PC12,ONT UUA /OV ONT 10NE/TM 2001/FL080/TP PC12/TB SEV 080,SEV 080,,8000.0,34.056,-117.60119,2020-12-30 20:01:00,5.0,L,"('KSOX', 'KEYX', 'KNKX', 'KVTX', 'KVBX')","['s3://unidata-nexrad-level2/2020/12/30/KSOX/KSOX20201230_195614_V06', 's3://unidata-nexrad-level2/2020/12/30/KEYX/KEYX20201230_195915_V06', 's3://unidata-nexrad-level2/2020/12/30/KNKX/KNKX20201230_195217_V06', 's3://unidata-nexrad-level2/2020/12/30/KVTX/KVTX20201230_195540_V06', 's3://unidata-nexrad-level2/2020/12/30/KVBX/KVBX20201230_195123_V06']"
T,PC12,ONT UUA /OV ONT035010/TM 2001/FL080/TP PC12/TB SEV/RM COR LOCTN. ZLA CWSU,SEV,,8000.0,34.19253639927849,-117.4857948313354,2020-12-30 20:01:00,5.0,L,"('KSOX', 'KEYX', 'KNKX', 'KVTX', 'KVBX')","['s3://unidata-nexrad-level2/2020/12/30/KSOX/KSOX20201230_195614_V06', 's3://unidata-nexrad-level2/2020/12/30/KEYX/KEYX20201230_195915_V06', 's3://unidata-nexrad-level2/2020/12/30/KNKX/KNKX20201230_195217_V06', 's3://unidata-nexrad-level2/2020/12/30/KVTX/KVTX20201230_195540_V06', 's3://unidata-nexrad-level2/2020/12/30/KVBX/KVBX20201230_195123_V06']"
F,B77W,UUA /OV CYGR 360070 /TM 2100 /FL360 /TP B77W /TB SEV /RM REPD AS SMOOTH DURD FL330,SEV,,36000.0,48.59148116676117,-61.77806,2020-12-30 21:00:00,5.0,U,"('KCBW', 'KGYX', 'KBOX', 'KCXX', 'KOKX')","['s3://unidata-nexrad-level2/2020/12/30/KCBW/KCBW20201230_205714_V06', 's3://unidata-nexrad-level2/2020/12/30/KGYX/KGYX20201230_205702_V06', 's3://unidata-nexrad-level2/2020/12/30/KBOX/KBOX20201230_205647_V06', 's3://unidata-nexrad-level2/2020/12/30/KCXX/KCXX20201230_205858_V06', 's3://unidata-nexrad-level2/2020/12/30/KOKX/KOKX20201230_205712_V06']"
F,B77W,UUA /OV 4855N06222W /TM 2115 /FL320 /TP B77W /TB SEV,SEV,,32000.0,48.9166,-62.3666,2020-12-30 21:15:00,5.0,U,"('KCBW', 'KGYX', 'KBOX', 'KCXX', 'KOKX')","['s3://unidata-nexrad-level2/2020/12/30/KCBW/KCBW20201230_211117_V06', 's3://unidata-nexrad-level2/2020/12/30/KGYX/KGYX20201230_211459_V06', 's3://unidata-nexrad-level2/2020/12/30/KBOX/KBOX20201230_211017_V06', 's3://unidata-nexrad-level2/2020/12/30/KCXX/KCXX20201230_211428_V06', 's3://unidata-nexrad-level2/2020/12/30/KOKX/KOKX20201230_210657_V06']"
F,B767,UUA /OV 4415N05640W /TM 2145 /FL350 /TP B767 /TB SEV,SEV,,35000.0,44.25,-56.6666,2020-12-30 21:45:00,5.0,H,"('KCBW', 'KGYX', 'KBOX', 'KCXX', 'KOKX')","['s3://unidata-nexrad-level2/2020/12/30/KCBW/KCBW20201230_214314_V06', 's3://unidata-nexrad-level2/2020/12/30/KGYX/KGYX20201230_214337_V06', 's3://unidata-nexrad-level2/2020/12/30/KBOX/KBOX20201230_214126_V06', 's3://unidata-nexrad-level2/2020/12/30/KCXX/KCXX20201230_214030_V06', 's3://unidata-nexrad-level2/2020/12/30/KOKX/KOKX20201230_213610_V06']"
F,B763,UUA /OV 4748N05854W /TM 2228 /FL320 /TP B763 /TB SEV,SEV,,32000.0,47.8,-58.9,2020-12-30 22:28:00,5.0,H,"('KCBW', 'KGYX', 'KBOX', 'KCXX', 'KOKX')","['s3://unidata-nexrad-level2/2020/12/30/KCBW/KCBW20201230_222427_V06', 's3://unidata-nexrad-level2/2020/12/30/KGYX/KGYX20201230_222335_V06', 's3://unidata-nexrad-level2/2020/12/30/KBOX/KBOX20201230_222558_V06', 's3://unidata-nexrad-level2/2020/12/30/KCXX/KCXX20201230_222551_V06', 's3://unidata-nexrad-level2/2020/12/30/KOKX/KOKX20201230_222652_V06']"
T,E175,ESF UUA /OV SWB360015 /TM 2340 /FL340 /TP E175 /TB EXTRM /RM FM ZHU AWC-WEB:,EXTRM,,34000.0,32.22002025002025,-92.68,2020-12-30 23:40:00,7.0,U,"('KPOE', 'KSHV', 'KHDC', 'KLCH', 'KDGX')","['s3://unidata-nexrad-level2/2020/12/30/KPOE/KPOE20201230_233803_V06', 's3://unidata-nexrad-level2/2020/12/30/KSHV/KSHV20201230_233723_V06', 's3://unidata-nexrad-level2/2020/12/30/KDGX/KDGX20201230_233722_V06']"
T,E175,ESF UUA /OV SWB360015 /TM 2340 /FL340 /TP E175 /TB EXTRM /RM FM ZHU AWC-WEB,EXTRM,,34000.0,32.22002025002025,-92.68,2020-12-30 23:40:00,7.0,U,"('KPOE', 'KSHV', 'KHDC', 'KLCH', 'KDGX')","['s3://unidata-nexrad-level2/2020/12/30/KPOE/KPOE20201230_233803_V06', 's3://unidata-nexrad-level2/2020/12/30/KSHV/KSHV20201230_233723_V06', 's3://unidata-nexrad-level2/2020/12/30/KDGX/KDGX20201230_233722_V06']"
T,E135,JCT UUA /OV JCT270058 /TM 2356 /FL310 /TP E135 /TB SEV /RM FM ZHU AWC-WEB,SEV,,31000.0,30.51083,-100.88851153272516,2020-12-30 23:56:00,5.0,M,"('KSJT', 'KDFX', 'KMAF', 'KDYX', 'KEWX')","['s3://unidata-nexrad-level2/2020/12/30/KSJT/KSJT20201230_235305_V06', 's3://unidata-nexrad-level2/2020/12/30/KDFX/KDFX20201230_235237_V06', 's3://unidata-nexrad-level2/2020/12/30/KMAF/KMAF20201230_235504_V06', 's3://unidata-nexrad-level2/2020/12/30/KDYX/KDYX20201230_235324_V06', 's3://unidata-nexrad-level2/2020/12/30/KEWX/KEWX20201230_235237_V06']"
T,E135,JCT UUA /OV JCT270058 /TM 2356 /FL310 /TP E135 /TB SEV /RM FM ZHU AWC-WEB:,SEV,,31000.0,30.51083,-100.88851153272516,2020-12-30 23:56:00,5.0,M,"('KSJT', 'KDFX', 'KMAF', 'KDYX', 'KEWX')","['s3://unidata-nexrad-level2/2020/12/30/KSJT/KSJT20201230_235305_V06', 's3://unidata-nexrad-level2/2020/12/30/KDFX/KDFX20201230_235237_V06', 's3://unidata-nexrad-level2/2020/12/30/KMAF/KMAF20201230_235504_V06', 's3://unidata-nexrad-level2/2020/12/30/KDYX/KDYX20201230_235324_V06', 's3://unidata-nexrad-level2/2020/12/30/KEWX/KEWX20201230_235237_V06']"
T,A320,VCT UUA /OV PSX360020 /TM 0050 /FL270 /TP A320 /TB SEV /RM FM ZHU AWC-WEB:,SEV,,27000.0,29.063360333360333,-96.25,2020-12-31 00:50:00,5.0,M,"('KHGX', 'KGRK', 'KEWX', 'KCRP', 'KLCH')","['s3://unidata-nexrad-level2/2020/12/31/KHGX/KHGX20201231_004559_V06', 's3://unidata-nexrad-level2/2020/12/31/KGRK/KGRK20201231_004906_V06', 's3://unidata-nexrad-level2/2020/12/31/KEWX/KEWX20201231_004810_V06', 's3://unidata-nexrad-level2/2020/12/31/KCRP/KCRP20201231_004850_V06']"
T,A320,VCT UUA /OV PSX360020 /TM 0050 /FL270 /TP A320 /TB SEV /RM FM ZHU AWC-WEB,SEV,,27000.0,29.063360333360333,-96.25,2020-12-31 00:50:00,5.0,M,"('KHGX', 'KGRK', 'KEWX', 'KCRP', 'KLCH')","['s3://unidata-nexrad-level2/2020/12/31/KHGX/KHGX20201231_004559_V06', 's3://unidata-nexrad-level2/2020/12/31/KGRK/KGRK20201231_004906_V06', 's3://unidata-nexrad-level2/2020/12/31/KEWX/KEWX20201231_004810_V06', 's3://unidata-nexrad-level2/2020/12/31/KCRP/KCRP20201231_004850_V06']"
T,F900,VCT UUA /OV PSX135015 /TM 0122 /FL270 /TP F900 /TB SEV /RM FM ZHU AWC-WEB:,SEV,,27000.0,28.553208985776724,-96.0483896646006,2020-12-31 01:22:00,5.0,M,"('KHGX', 'KCRP', 'KEWX', 'KGRK', 'KBRO')","['s3://unidata-nexrad-level2/2020/12/31/KHGX/KHGX20201231_011959_V06', 's3://unidata-nexrad-level2/2020/12/31/KCRP/KCRP20201231_012120_V06', 's3://unidata-nexrad-level2/2020/12/31/KEWX/KEWX20201231_012001_V06', 's3://unidata-nexrad-level2/2020/12/31/KGRK/KGRK20201231_012135_V06', 's3://unidata-nexrad-level2/2020/12/31/KBRO/KBRO20201231_012142_V06']"
T,F900,VCT UUA /OV PSX135015 /TM 0122 /FL270 /TP F900 /TB SEV /RM FM ZHU AWC-WEB,SEV,,27000.0,28.553208985776724,-96.0483896646006,2020-12-31 01:22:00,5.0,M,"('KHGX', 'KCRP', 'KEWX', 'KGRK', 'KBRO')","['s3://unidata-nexrad-level2/2020/12/31/KHGX/KHGX20201231_011959_V06', 's3://unidata-nexrad-level2/2020/12/31/KCRP/KCRP20201231_012120_V06', 's3://unidata-nexrad-level2/2020/12/31/KEWX/KEWX20201231_012001_V06', 's3://unidata-nexrad-level2/2020/12/31/KGRK/KGRK20201231_012135_V06', 's3://unidata-nexrad-level2/2020/12/31/KBRO/KBRO20201231_012142_V06']"
F,A320,UUA /OV 4805N05823W /TM 0124 /FL340 /TP A320 /TB SEV,SEV,,34000.0,48.833,-58.3833,2020-12-31 01:24:00,5.0,M,"('KCBW', 'KGYX', 'KBOX', 'KCXX', 'KOKX')","['s3://unidata-nexrad-level2/2020/12/31/KCBW/KCBW20201231_012316_V06', 's3://unidata-nexrad-level2/2020/12/31/KGYX/KGYX20201231_012158_V06', 's3://unidata-nexrad-level2/2020/12/31/KBOX/KBOX20201231_012252_V06', 's3://unidata-nexrad-level2/2020/12/31/KCXX/KCXX20201231_011905_V06', 's3://unidata-nexrad-level2/2020/12/31/KOKX/KOKX20201231_012212_V06']"
T,C56X,JCT UUA /OV CSI /TM 0155 /FL100 /TP C56X /TB SEV /RM NO DAMAGE OR INJURIES. FM ZHU AWC-WEB,SEV,,10000.0,29.92,-99.21,2020-12-31 01:55:00,5.0,M,"('KEWX', 'KDFX', 'KGRK', 'KSJT', 'KDYX')","['s3://unidata-nexrad-level2/2020/12/31/KEWX/KEWX20201231_015329_V06', 's3://unidata-nexrad-level2/2020/12/31/KDFX/KDFX20201231_015329_V06', 's3://unidata-nexrad-level2/2020/12/31/KGRK/KGRK20201231_015228_V06', 's3://unidata-nexrad-level2/2020/12/31/KSJT/KSJT20201231_015104_V06', 's3://unidata-nexrad-level2/2020/12/31/KDYX/KDYX20201231_015318_V06']"
T,C56X,JCT UUA /OV CSI /TM 0155 /FL100 /TP C56X /TB SEV /RM NO DAMAGE OR INJURIES. FM ZHU AWC-WEB:,SEV,,10000.0,29.92,-99.21,2020-12-31 01:55:00,5.0,M,"('KEWX', 'KDFX', 'KGRK', 'KSJT', 'KDYX')","['s3://unidata-nexrad-level2/2020/12/31/KEWX/KEWX20201231_015329_V06', 's3://unidata-nexrad-level2/2020/12/31/KDFX/KDFX20201231_015329_V06', 's3://unidata-nexrad-level2/2020/12/31/KGRK/KGRK20201231_015228_V06', 's3://unidata-nexrad-level2/2020/12/31/KSJT/KSJT20201231_015104_V06', 's3://unidata-nexrad-level2/2020/12/31/KDYX/KDYX20201231_015318_V06']"
T,LJ31,SAT UUA /OV SAT180020 /TM 0212 /FL230 /TP LJ31 /TB SEV 230-280 /RM FM ZHU AWC-WEB,SEV 230-280,,23000.0,29.200329666639668,-98.46978,2020-12-31 02:12:00,5.0,M,"('KEWX', 'KDFX', 'KCRP', 'KGRK', 'KSJT')","['s3://unidata-nexrad-level2/2020/12/31/KEWX/KEWX20201231_020926_V06', 's3://unidata-nexrad-level2/2020/12/31/KDFX/KDFX20201231_020947_V06', 's3://unidata-nexrad-level2/2020/12/31/KCRP/KCRP20201231_021025_V06', 's3://unidata-nexrad-level2/2020/12/31/KGRK/KGRK20201231_021039_V06', 's3://unidata-nexrad-level2/2020/12/31/KSJT/KSJT20201231_020919_V06']"
T,LJ31,SAT UUA /OV SAT180020 /TM 0212 /FL230 /TP LJ31 /TB SEV 230-280 /RM FM ZHU AWC-WEB:,SEV 230-280,,23000.0,29.200329666639668,-98.46978,2020-12-31 02:12:00,5.0,M,"('KEWX', 'KDFX', 'KCRP', 'KGRK', 'KSJT')","['s3://unidata-nexrad-level2/2020/12/31/KEWX/KEWX20201231_020926_V06', 's3://unidata-nexrad-level2/2020/12/31/KDFX/KDFX20201231_020947_V06', 's3://unidata-nexrad-level2/2020/12/31/KCRP/KCRP20201231_021025_V06', 's3://unidata-nexrad-level2/2020/12/31/KGRK/KGRK20201231_021039_V06', 's3://unidata-nexrad-level2/2020/12/31/KSJT/KSJT20201231_020919_V06']"
F,PC12,RNO UA /OV RNO/TM 0708/FL120/TP PC12/TB SEV,SEV,,12000.0,39.48389,-119.77111,2020-12-31 07:08:00,5.0,L,"('KRGX', 'KBBX', 'KDAX', 'KMUX', 'KHNX')","['s3://unidata-nexrad-level2/2020/12/31/KRGX/KRGX20201231_070742_V06', 's3://unidata-nexrad-level2/2020/12/31/KBBX/KBBX20201231_070658_V06', 's3://unidata-nexrad-level2/2020/12/31/KDAX/KDAX20201231_070109_V06', 's3://unidata-nexrad-level2/2020/12/31/KMUX/KMUX20201231_070620_V06', 's3://unidata-nexrad-level2/2020/12/31/KHNX/KHNX20201231_070429_V06']"
F,A320,UUA /OV CYXU 090015 /TM 1400 /FL300 /TP A320 /TB SEV /RM REPD 135010 DERLO INTERSECTION,SEV,,30000.0,43.03556,-80.81183241280633,2020-12-31 14:00:00,5.0,M,"('KDTX', 'KBUF', 'KCLE', 'KPBZ', 'KCCX')","['s3://unidata-nexrad-level2/2020/12/31/KDTX/KDTX20201231_135631_V06', 's3://unidata-nexrad-level2/2020/12/31/KBUF/KBUF20201231_135610_V06', 's3://unidata-nexrad-level2/2020/12/31/KCLE/KCLE20201231_135313_V06', 's3://unidata-nexrad-level2/2020/12/31/KPBZ/KPBZ20201231_135716_V06', 's3://unidata-nexrad-level2/2020/12/31/KCCX/KCCX20201231_135749_V06']"
T,E170,SPI UUA /OV SPI235025/TM 1557/FL340/TP E170/SK BKN020-TOP027/TB SEV/RM DURD RWY 14 ZKC/FD1/CW,SEV,,34000.0,39.60569045996298,-90.1284795203468,2020-12-31 15:57:00,5.0,U,"('KILX', 'KLSX', 'KLOT', 'KDVN', 'KVWX')","['s3://unidata-nexrad-level2/2020/12/31/KILX/KILX20201231_155333_V06', 's3://unidata-nexrad-level2/2020/12/31/KLSX/KLSX20201231_155110_V06', 's3://unidata-nexrad-level2/2020/12/31/KLOT/KLOT20201231_155137_V06', 's3://unidata-nexrad-level2/2020/12/31/KDVN/KDVN20201231_154930_V06', 's3://unidata-nexrad-level2/2020/12/31/KVWX/KVWX20201231_155101_V06']"
T,CRJ2,SPI UUA /OV SPI/TM 1557/FL260/TP CRJ2/TB SEV/RM ZKC/FD1/CWFL 320-260 DURD WS +/- 15KT/ ZKC/FD1CW,SEV,,26000.0,39.8447,-89.6839,2020-12-31 15:57:00,5.0,M,"('KILX', 'KLSX', 'KLOT', 'KVWX', 'KDVN')","['s3://unidata-nexrad-level2/2020/12/31/KILX/KILX20201231_155333_V06', 's3://unidata-nexrad-level2/2020/12/31/KLSX/KLSX20201231_155110_V06', 's3://unidata-nexrad-level2/2020/12/31/KLOT/KLOT20201231_155137_V06', 's3://unidata-nexrad-level2/2020/12/31/KVWX/KVWX20201231_155101_V06', 's3://unidata-nexrad-level2/2020/12/31/KDVN/KDVN20201231_154930_V06']"
T,CRJ2,SPI UUA /OV SPI/TM 1557/FL260/TP CRJ2/TB SEV/RM FL230-260 DURD ZKC/FD1/CW,SEV,,26000.0,39.8447,-89.6839,2020-12-31 15:57:00,5.0,M,"('KILX', 'KLSX', 'KLOT', 'KVWX', 'KDVN')","['s3://unidata-nexrad-level2/2020/12/31/KILX/KILX20201231_155333_V06', 's3://unidata-nexrad-level2/2020/12/31/KLSX/KLSX20201231_155110_V06', 's3://unidata-nexrad-level2/2020/12/31/KLOT/KLOT20201231_155137_V06', 's3://unidata-nexrad-level2/2020/12/31/KVWX/KVWX20201231_155101_V06', 's3://unidata-nexrad-level2/2020/12/31/KDVN/KDVN20201231_154930_V06']"
T,E170,SPI UUA /OV SPI235025/TM 1557/FL340/TP E170/TB SEV/RM ZKC/FD/CW,SEV,,34000.0,39.60569045996298,-90.1284795203468,2020-12-31 15:57:00,5.0,U,"('KILX', 'KLSX', 'KLOT', 'KDVN', 'KVWX')","['s3://unidata-nexrad-level2/2020/12/31/KILX/KILX20201231_155333_V06', 's3://unidata-nexrad-level2/2020/12/31/KLSX/KLSX20201231_155110_V06', 's3://unidata-nexrad-level2/2020/12/31/KLOT/KLOT20201231_155137_V06', 's3://unidata-nexrad-level2/2020/12/31/KDVN/KDVN20201231_154930_V06', 's3://unidata-nexrad-level2/2020/12/31/KVWX/KVWX20201231_155101_V06']"
T,C25B,STL UUA /OV STL290035/TM 1630/FL190/TP C25B/TB SEV/RM FL 190-250 DURC ZKC/FD1/CW,SEV,,19000.0,38.95197791074124,-91.07634672603037,2020-12-31 16:30:00,5.0,U,"('KLSX', 'KILX', 'KEAX', 'KSGF', 'KPAH')","['s3://unidata-nexrad-level2/2020/12/31/KLSX/KLSX20201231_162536_V06', 's3://unidata-nexrad-level2/2020/12/31/KILX/KILX20201231_162236_V06', 's3://unidata-nexrad-level2/2020/12/31/KEAX/KEAX20201231_162806_V06', 's3://unidata-nexrad-level2/2020/12/31/KSGF/KSGF20201231_162716_V06', 's3://unidata-nexrad-level2/2020/12/31/KPAH/KPAH20201231_162758_V06']"
T,C208,GGG UUA /OV PRX /TM 1648 /FL070 /TP C208 /TB SEV CAT /RM ZFW AWC-WEB:,SEV CAT,,7000.0,33.63661,-95.45075,2020-12-31 16:48:00,5.0,L,"('KSHV', 'KFWS', 'KSRX', 'KTLX', 'KINX')","['s3://unidata-nexrad-level2/2020/12/31/KSHV/KSHV20201231_164457_V06', 's3://unidata-nexrad-level2/2020/12/31/KFWS/KFWS20201231_164535_V06', 's3://unidata-nexrad-level2/2020/12/31/KSRX/KSRX20201231_164753_V06', 's3://unidata-nexrad-level2/2020/12/31/KTLX/KTLX20201231_164718_V06', 's3://unidata-nexrad-level2/2020/12/31/KINX/KINX20201231_164435_V06']"
T,C208,GGG UUA /OV PRX /TM 1648 /FL070 /TP C208 /TB SEV CAT /RM ZFW AWC-WEB,SEV CAT,,7000.0,33.63661,-95.45075,2020-12-31 16:48:00,5.0,L,"('KSHV', 'KFWS', 'KSRX', 'KTLX', 'KINX')","['s3://unidata-nexrad-level2/2020/12/31/KSHV/KSHV20201231_164457_V06', 's3://unidata-nexrad-level2/2020/12/31/KFWS/KFWS20201231_164535_V06', 's3://unidata-nexrad-level2/2020/12/31/KSRX/KSRX20201231_164753_V06', 's3://unidata-nexrad-level2/2020/12/31/KTLX/KTLX20201231_164718_V06', 's3://unidata-nexrad-level2/2020/12/31/KINX/KINX20201231_164435_V06']"
T,C172,SBA UUA /OV RZS100023/TM 1800/FL045/TP C172/TB SEV TURB,SEV TURB,,4500.0,34.443429473446365,-119.3118353153874,2020-12-31 18:00:00,5.0,L,"('KVTX', 'KVBX', 'KSOX', 'KEYX', 'KHNX')","['s3://unidata-nexrad-level2/2020/12/31/KVTX/KVTX20201231_175254_V06', 's3://unidata-nexrad-level2/2020/12/31/KVBX/KVBX20201231_175355_V06', 's3://unidata-nexrad-level2/2020/12/31/KSOX/KSOX20201231_175835_V06', 's3://unidata-nexrad-level2/2020/12/31/KEYX/KEYX20201231_175937_V06', 's3://unidata-nexrad-level2/2020/12/31/KHNX/KHNX20201231_175413_V06']"
T,C172,CNO UUA /OV KCNO/TM 2012/FL023/TP C172/TB SEV/RM SEV TURB 3NM SE OF CNO,SEV,,2300.0,33.97528,-117.63611,2020-12-31 20:12:00,5.0,L,"('KSOX', 'KEYX', 'KNKX', 'KVTX', 'KVBX')","['s3://unidata-nexrad-level2/2020/12/31/KSOX/KSOX20201231_200639_V06', 's3://unidata-nexrad-level2/2020/12/31/KEYX/KEYX20201231_200336_V06', 's3://unidata-nexrad-level2/2020/12/31/KNKX/KNKX20201231_200726_V06', 's3://unidata-nexrad-level2/2020/12/31/KVTX/KVTX20201231_200853_V06', 's3://unidata-nexrad-level2/2020/12/31/KVBX/KVBX20201231_201132_V06']"
T,C172,HII UUA /OV HII180005 /TM 2159 /FL030 /TP C172 /SK BKN030 /WX FV20SM /TB SEV,SEV,,3000.0,34.48775991665992,-114.3583,2020-12-31 21:59:00,5.0,L,"('KESX', 'KYUX', 'KIWA', 'KFSX', 'KNKX')","['s3://unidata-nexrad-level2/2020/12/31/KESX/KESX20201231_215649_V06', 's3://unidata-nexrad-level2/2020/12/31/KYUX/KYUX20201231_215215_V06', 's3://unidata-nexrad-level2/2020/12/31/KIWA/KIWA20201231_215339_V06', 's3://unidata-nexrad-level2/2020/12/31/KFSX/KFSX20201231_215308_V06', 's3://unidata-nexrad-level2/2020/12/31/KNKX/KNKX20201231_215344_V06']"
T,C172,HII UUA /OV HII180005 /TM 2159 /FL030 /TP C172 /SK BKN030 /WX FV20SM /TB SEV /RM COR LOCATION PHHI,SEV,,3000.0,34.48775991665992,-114.3583,2020-12-31 21:59:00,5.0,L,"('KESX', 'KYUX', 'KIWA', 'KFSX', 'KNKX')","['s3://unidata-nexrad-level2/2020/12/31/KESX/KESX20201231_215649_V06', 's3://unidata-nexrad-level2/2020/12/31/KYUX/KYUX20201231_215215_V06', 's3://unidata-nexrad-level2/2020/12/31/KIWA/KIWA20201231_215339_V06', 's3://unidata-nexrad-level2/2020/12/31/KFSX/KFSX20201231_215308_V06', 's3://unidata-nexrad-level2/2020/12/31/KNKX/KNKX20201231_215344_V06']"
T,C172,HHI UUA /OV PHHI180005 /TM 2159 /FL030 /TP C172 /SK BKN030 /WX FV20SM /TB SEV,SEV,,3000.0,21.39422991665992,-158.04432,2020-12-31 21:59:00,5.0,L,"('PHMO', 'PHKI', 'PHKM', 'PHWA', 'PAKC')","['s3://unidata-nexrad-level2/2020/12/31/PHMO/PHMO20201231_215520_V06', 's3://unidata-nexrad-level2/2020/12/31/PHKI/PHKI20201231_215614_V06', 's3://unidata-nexrad-level2/2020/12/31/PHKM/PHKM20201231_215456_V06', 's3://unidata-nexrad-level2/2020/12/31/PHWA/PHWA20201231_215655_V06', 's3://unidata-nexrad-level2/2020/12/31/PAKC/PAKC20201231_215820_V06']"
T,E125,AJO UUA /OV PDZ/TM 2350/FL080/TP E125/TB SEV BLO 080/RM 20 MI RADIUS OF ONT. COR SA-ID AND MSG TYPE AND TURB. ZLA CWSU,SEV BLO 080,,8000.0,33.92,-117.53,2020-12-31 23:50:00,5.0,M,"('KSOX', 'KNKX', 'KEYX', 'KVTX', 'KVBX')","['s3://unidata-nexrad-level2/2020/12/31/KSOX/KSOX20201231_234944_V06', 's3://unidata-nexrad-level2/2020/12/31/KNKX/KNKX20201231_234937_V06', 's3://unidata-nexrad-level2/2020/12/31/KEYX/KEYX20201231_234434_V06', 's3://unidata-nexrad-level2/2020/12/31/KVTX/KVTX20201231_234232_V06', 's3://unidata-nexrad-level2/2020/12/31/KVBX/KVBX20201231_234426_V06']"
