URGENT,AIRCRAFT,REPORT,TURBULENCE,PRODUCT_ID,FL,LAT,LON,datetime,turbulence_intensity,in_sigmet,Plane Weight,nexrad_sites,aws_files
T,C56,VEL UUA /OV MTU140010/TM 1912/FL200/TP C56/TB SEV DURD 210-200 +/-400FT/ZLC,SEV DURD 210-200 +,202510151900-KMSC-UBUS01-PIREP,20000.0,40.022315584536514,-109.98983033482132,2025-10-15 19:12:00+00:00,5.0,0,L,"('KGJX', 'KMTX', 'KRIW', 'KICX', 'KSFX')","['s3://unidata-nexrad-level2/2025/10/15/KGJX/KGJX20251015_190845_V06', 's3://unidata-nexrad-level2/2025/10/15/KMTX/KMTX20251015_190543_V06', 's3://unidata-nexrad-level2/2025/10/15/KRIW/KRIW20251015_191126_V06', 's3://unidata-nexrad-level2/2025/10/15/KICX/KICX20251015_190902_V06', 's3://unidata-nexrad-level2/2025/10/15/KSFX/KSFX20251015_191042_V06']"
F,CL35,AIA UA /OV AIA324024/TM 2120/FL390/TP CL35/TB NEG/RM ZDVWC,NEG,202510142130-KWBC-UBUS31-PRCUS,39000.0,42.38085300992681,-103.1166877836703,2025-10-14 21:20:00+00:00,0.0,0,U,"('KLNX', 'KUDX', 'KCYS', 'KFTG', 'KGLD')","['s3://unidata-nexrad-level2/2025/10/14/KLNX/KLNX20251014_211900_V06', 's3://unidata-nexrad-level2/2025/10/14/KUDX/KUDX20251014_211617_V06', 's3://unidata-nexrad-level2/2025/10/14/KCYS/KCYS20251014_211458_V06', 's3://unidata-nexrad-level2/2025/10/14/KFTG/KFTG20251014_211611_V06', 's3://unidata-nexrad-level2/2025/10/14/KGLD/KGLD20251014_211948_V06']"
F,CRJ2,SDF UA /OV IIU325030/TM 1924/FL200/TP CRJ2/TB NEG,NEG,202510211900-KMSC-UBUS01-PIREP,20000.0,38.509609197835466,-85.94446649347182,2025-10-21 19:24:00+00:00,0.0,0,M,"('KLVX', 'KIND', 'KVWX', 'KILN', 'KHPX')","['s3://unidata-nexrad-level2/2025/10/21/KLVX/KLVX20251021_192036_V06', 's3://unidata-nexrad-level2/2025/10/21/KIND/KIND20251021_192203_V06', 's3://unidata-nexrad-level2/2025/10/21/KVWX/KVWX20251021_192153_V06', 's3://unidata-nexrad-level2/2025/10/21/KILN/KILN20251021_192206_V06', 's3://unidata-nexrad-level2/2025/10/21/KHPX/KHPX20251021_191802_V06']"
F,A20N,WAL UA /OV SWL/TM 1637/FL280/TP A20N/TB SEV,SEV,202510101600-KMSC-UBUS01-PIREP,28000.0,38.06,-75.46,2025-10-10 16:37:00+00:00,5.0,0,U,"('KDOX', 'KAKQ', 'KLWX', 'KDIX', 'KRAX')","['s3://unidata-nexrad-level2/2025/10/10/KDOX/KDOX20251010_163624_V06', 's3://unidata-nexrad-level2/2025/10/10/KAKQ/KAKQ20251010_163029_V06', 's3://unidata-nexrad-level2/2025/10/10/KLWX/KLWX20251010_163655_V06', 's3://unidata-nexrad-level2/2025/10/10/KDIX/KDIX20251010_163313_V06', 's3://unidata-nexrad-level2/2025/10/10/KRAX/KRAX20251010_162950_V06']"
T,B39M,GXY UUA /OV GLL/TM 1625/FL330/TP B39M/TB SEV MTN WAVE +/- 2000 FEET /RM ZDVWC-14,SEV MTN WAVE +,202510121600-KMSC-UBUS01-PIREP,33000.0,40.5,-104.55,2025-10-12 16:25:00+00:00,5.0,0,U,"('KCYS', 'KFTG', 'KPUX', 'KGLD', 'KGJX')","['s3://unidata-nexrad-level2/2025/10/12/KCYS/KCYS20251012_161916_V06', 's3://unidata-nexrad-level2/2025/10/12/KFTG/KFTG20251012_162047_V06', 's3://unidata-nexrad-level2/2025/10/12/KPUX/KPUX20251012_161932_V06', 's3://unidata-nexrad-level2/2025/10/12/KGLD/KGLD20251012_161634_V06', 's3://unidata-nexrad-level2/2025/10/12/KGJX/KGJX20251012_162231_V06']"
F,BE36,SBP UA /OV 8 NW SBP/TM 2011/FL025/TP BE36/TB SEV TB 8 NW SBP 020B040,SEV TB 8 NW SBP 020B040,202510162000-KMSC-UBUS01-PIREP,2500.0,35.314573302811844,-120.777816531694,2025-10-16 20:11:00+00:00,5.0,0,L,"('KVBX', 'KHNX', 'KVTX', 'KMUX', 'KEYX')","['s3://unidata-nexrad-level2/2025/10/16/KVBX/KVBX20251016_201055_V06', 's3://unidata-nexrad-level2/2025/10/16/KHNX/KHNX20251016_200341_V06', 's3://unidata-nexrad-level2/2025/10/16/KVTX/KVTX20251016_201046_V06', 's3://unidata-nexrad-level2/2025/10/16/KMUX/KMUX20251016_200632_V06', 's3://unidata-nexrad-level2/2025/10/16/KEYX/KEYX20251016_200321_V06']"
T,B737,RNO UUA /OV FMG200008/TM 0020/FL070/TP B737/TB SEV BLO008/RM DURC,SEV BLO008,202510260000-KMSC-UBUS01-PIREP,7000.0,39.40469750187143,-119.7191298929964,2025-10-26 00:20:00+00:00,5.0,0,M,"('KRGX', 'KBBX', 'KDAX', 'KMUX', 'KHNX')","['s3://unidata-nexrad-level2/2025/10/26/KRGX/KRGX20251026_001643_V06', 's3://unidata-nexrad-level2/2025/10/26/KBBX/KBBX20251026_001600_V06', 's3://unidata-nexrad-level2/2025/10/26/KDAX/KDAX20251026_001531_V06', 's3://unidata-nexrad-level2/2025/10/26/KMUX/KMUX20251026_001547_V06', 's3://unidata-nexrad-level2/2025/10/26/KHNX/KHNX20251026_001731_V06']"
F,B38M,ELD UA /OV ELD300015/TM 1848/FL370/TP B38M/TB CONS LGT OCNL MOD CHOP/RM ZFW28,CONS LGT OCNL MOD CHOP,202510311800-KMSC-UBUS01-PIREP,37000.0,33.34598012501013,-93.07210529771385,2025-10-31 18:48:00+00:00,2.0,0,U,"('KSHV', 'KLZK', 'KPOE', 'KSRX', 'KDGX')","['s3://unidata-nexrad-level2/2025/10/31/KSHV/KSHV20251031_184238_V06', 's3://unidata-nexrad-level2/2025/10/31/KLZK/KLZK20251031_184247_V06', 's3://unidata-nexrad-level2/2025/10/31/KPOE/KPOE20251031_184723_V06', 's3://unidata-nexrad-level2/2025/10/31/KSRX/KSRX20251031_184613_V06', 's3://unidata-nexrad-level2/2025/10/31/KDGX/KDGX20251031_184549_V06']"
F,A320,ATL UA /OV ATL145012/TM 2311/FL1580/TP A320/SK TOP150/TB OCNL LGT CHOP/IC NEG/RM ZTLFD-16,OCNL LGT CHOP,202510212300-KMSC-UBUS01-PIREP,15800.0,33.46625632086581,-84.30401428072206,2025-10-21 23:11:00+00:00,1.0,0,M,"('KFFC', 'KMXX', 'KJGX', 'KHTX', 'KBMX')","['s3://unidata-nexrad-level2/2025/10/21/KFFC/KFFC20251021_230605_V06', 's3://unidata-nexrad-level2/2025/10/21/KMXX/KMXX20251021_230906_V06', 's3://unidata-nexrad-level2/2025/10/21/KJGX/KJGX20251021_230701_V06', 's3://unidata-nexrad-level2/2025/10/21/KHTX/KHTX20251021_230751_V06', 's3://unidata-nexrad-level2/2025/10/21/KBMX/KBMX20251021_232202_V06']"
F,E75L,MLU UA /OV MLU270015/TM 1320/FL340/TP E75L/TB CONS LGT CHOP/RM ZFW28,CONS LGT CHOP,202510031300-KMSC-UBUS01-PIREP,34000.0,32.51086,-92.33417207823108,2025-10-03 13:20:00+00:00,1.0,0,U,"('KSHV', 'KPOE', 'KLCH', 'KDGX', 'KHDC')","['s3://unidata-nexrad-level2/2025/10/03/KSHV/KSHV20251003_131902_V06', 's3://unidata-nexrad-level2/2025/10/03/KPOE/KPOE20251003_131911_V06', 's3://unidata-nexrad-level2/2025/10/03/KLCH/KLCH20251003_131928_V06', 's3://unidata-nexrad-level2/2025/10/03/KDGX/KDGX20251003_131614_V06', 's3://unidata-nexrad-level2/2025/10/03/KHDC/KHDC20251003_131618_V06']"
F,B737,MWA UA /OV MWA270015/TM 1343/FL340/TP B737/TB LGT-MOD CHOP/RM ZME,LGT-MOD CHOP,202510271300-KMSC-UBUS01-PIREP,34000.0,37.75497,-89.32730656049496,2025-10-27 13:43:00+00:00,2.0,0,M,"('KPAH', 'KHPX', 'KVWX', 'KLSX', 'KILX')","['s3://unidata-nexrad-level2/2025/10/27/KPAH/KPAH20251027_133927_V06', 's3://unidata-nexrad-level2/2025/10/27/KHPX/KHPX20251027_133921_V06', 's3://unidata-nexrad-level2/2025/10/27/KVWX/KVWX20251027_134056_V06', 's3://unidata-nexrad-level2/2025/10/27/KLSX/KLSX20251027_133903_V06', 's3://unidata-nexrad-level2/2025/10/27/KILX/KILX20251027_133814_V06']"
T,BE36,SBP UUA /OV SBP305008/TM 2011/FL025/TP BE36/TB SEV 020-040/RM COR MSG TYPE AND LOCTN AND TURB. ZLA CWSU,SEV 020-040,202510162100-KMSC-UBUS01-PIREP,2500.0,35.314573302811844,-120.777816531694,2025-10-16 20:11:00+00:00,5.0,0,L,"('KVBX', 'KHNX', 'KVTX', 'KMUX', 'KEYX')","['s3://unidata-nexrad-level2/2025/10/16/KVBX/KVBX20251016_201055_V06', 's3://unidata-nexrad-level2/2025/10/16/KHNX/KHNX20251016_200341_V06', 's3://unidata-nexrad-level2/2025/10/16/KVTX/KVTX20251016_201046_V06', 's3://unidata-nexrad-level2/2025/10/16/KMUX/KMUX20251016_200632_V06', 's3://unidata-nexrad-level2/2025/10/16/KEYX/KEYX20251016_200321_V06']"
F,C208,IPT UA /OV FQM190015/TM 1900/FL060/TP C208/TA 09/TB LGT/RM BASE 045 TOP 051,LGT,202510111900-KMSC-UBUS01-PIREP,6000.0,41.09377811937001,-76.82782548851016,2025-10-11 19:00:00+00:00,1.0,0,L,"('KCCX', 'KBGM', 'KLWX', 'KBUF', 'KDOX')","['s3://unidata-nexrad-level2/2025/10/11/KCCX/KCCX20251011_185806_V06', 's3://unidata-nexrad-level2/2025/10/11/KBGM/KBGM20251011_185938_V06', 's3://unidata-nexrad-level2/2025/10/11/KLWX/KLWX20251011_185620_V06', 's3://unidata-nexrad-level2/2025/10/11/KBUF/KBUF20251011_185740_V06', 's3://unidata-nexrad-level2/2025/10/11/KDOX/KDOX20251011_185444_V06']"
F,B739,MSO UA /OV MSO150040/TM 1412/FL350/TP B739/TB CONS LGT OCNL MOD /ZLC,CONS LGT OCNL MOD,202510171400-KMSC-UBUS01-PIREP,35000.0,46.3434029653918,-113.60442370845044,2025-10-17 14:12:00+00:00,2.0,0,M,"('KMSX', 'KTFX', 'KOTX', 'KSFX', 'KCBX')","['s3://unidata-nexrad-level2/2025/10/17/KMSX/KMSX20251017_140451_V06', 's3://unidata-nexrad-level2/2025/10/17/KTFX/KTFX20251017_140450_V06', 's3://unidata-nexrad-level2/2025/10/17/KOTX/KOTX20251017_141000_V06', 's3://unidata-nexrad-level2/2025/10/17/KSFX/KSFX20251017_140926_V06', 's3://unidata-nexrad-level2/2025/10/17/KCBX/KCBX20251017_140932_V06']"
T,BE20,RNO UUA /OV RNO345005/TM 0115/FL090/TP BE20/TB SEV 090-055/RM DURD,SEV 090-055,202510270100-KMSC-UBUS01-PIREP,9000.0,39.56439033886327,-119.7990575327158,2025-10-27 01:15:00+00:00,5.0,0,M,"('KRGX', 'KBBX', 'KDAX', 'KLRX', 'KMUX')","['s3://unidata-nexrad-level2/2025/10/27/KRGX/KRGX20251027_011414_V06', 's3://unidata-nexrad-level2/2025/10/27/KBBX/KBBX20251027_011327_V06', 's3://unidata-nexrad-level2/2025/10/27/KDAX/KDAX20251027_011456_V06', 's3://unidata-nexrad-level2/2025/10/27/KLRX/KLRX20251027_011351_V06', 's3://unidata-nexrad-level2/2025/10/27/KMUX/KMUX20251027_011449_V06']"
F,E55P,BWI UA /OV EMI040030/TM 1256/FL060/TP E55P/TB SEV,SEV,202510301300-KMSC-UBUS01-PIREP,6000.0,39.88305324639046,-76.56345049563308,2025-10-30 12:56:00+00:00,5.0,1,U,"('KLWX', 'KDOX', 'KCCX', 'KDIX', 'KBGM')","['s3://unidata-nexrad-level2/2025/10/30/KLWX/KLWX20251030_125336_V06', 's3://unidata-nexrad-level2/2025/10/30/KDOX/KDOX20251030_125459_V06', 's3://unidata-nexrad-level2/2025/10/30/KCCX/KCCX20251030_125104_V06', 's3://unidata-nexrad-level2/2025/10/30/KDIX/KDIX20251030_125255_V06', 's3://unidata-nexrad-level2/2025/10/30/KBGM/KBGM20251030_125307_V06']"
T,B744,ANC UUA /OV TED303019/TM 0100/FL080/TP B744/TB SEV 080-055/RM DURD  A11,SEV 080-055,202510300100-KMSC-UBUS01-PIREP,8000.0,61.34248299775998,-150.5407956710369,2025-10-30 01:00:00+00:00,5.0,0,H,"('PAHG', 'PAIH', 'PAIH', 'PAPD', 'PAKC')","['s3://unidata-nexrad-level2/2025/10/30/PAHG/PAHG20251030_005504_V06', 's3://unidata-nexrad-level2/2025/10/30/PAIH/PAIH20251030_005640_V06', 's3://unidata-nexrad-level2/2025/10/30/PAIH/PAIH20251030_005640_V06', 's3://unidata-nexrad-level2/2025/10/30/PAPD/PAPD20251030_005907_V06']"
F,B738,RME UA /OV UCA/TM 1018/FL330/TP B738/TB CONS LGT-MOD CHOP 290-355,CONS LGT-MOD CHOP 290-355,202510201000-KMSC-UBUS01-PIREP,33000.0,43.14511,-75.38386,2025-10-20 10:18:00+00:00,2.0,0,M,"('KTYX', 'KBGM', 'KENX', 'KCXX', 'KBUF')","['s3://unidata-nexrad-level2/2025/10/20/KBGM/KBGM20251020_100506_V06', 's3://unidata-nexrad-level2/2025/10/20/KENX/KENX20251020_100506_V06', 's3://unidata-nexrad-level2/2025/10/20/KCXX/KCXX20251020_100509_V06', 's3://unidata-nexrad-level2/2025/10/20/KBUF/KBUF20251020_100508_V06']"
F,BCS1,CHO UA /OV GVE/TM 1720/FL370/TP BCS1/TB SEV 370/RM WAKE TURB,SEV 370,202510021700-KMSC-UBUS01-PIREP,37000.0,38.156,-78.1658,2025-10-02 17:20:00+00:00,5.0,0,U,"('KLWX', 'KAKQ', 'KFCX', 'KDOX', 'KRAX')","['s3://unidata-nexrad-level2/2025/10/02/KLWX/KLWX20251002_171851_V06', 's3://unidata-nexrad-level2/2025/10/02/KAKQ/KAKQ20251002_171801_V06', 's3://unidata-nexrad-level2/2025/10/02/KFCX/KFCX20251002_171858_V06', 's3://unidata-nexrad-level2/2025/10/02/KDOX/KDOX20251002_171448_V06', 's3://unidata-nexrad-level2/2025/10/02/KRAX/KRAX20251002_171358_V06']"
T,GLF5,POU UUA /OV PWL090020/TM 0551/FL130/TP GLF5/TB OCNL SEV,OCNL SEV,202510310900-KMSC-UBUS01-PIREP,13000.0,41.77,-73.15303136639643,2025-10-31 05:51:00+00:00,5.0,0,M,"('KOKX', 'KENX', 'KBOX', 'KDIX', 'KCXX')","['s3://unidata-nexrad-level2/2025/10/31/KOKX/KOKX20251031_054648_V06', 's3://unidata-nexrad-level2/2025/10/31/KENX/KENX20251031_055013_V06', 's3://unidata-nexrad-level2/2025/10/31/KBOX/KBOX20251031_054607_V06', 's3://unidata-nexrad-level2/2025/10/31/KDIX/KDIX20251031_054451_V06', 's3://unidata-nexrad-level2/2025/10/31/KCXX/KCXX20251031_054721_V06']"
T,BE36,ABI UUA /OV 55NE KABI/TM 1948/FL075/TP BE36/TB SEV 075-080,SEV 075-080,202510131900-KMSC-UBUS01-PIREP,7500.0,33.05886222881868,-98.91424409391516,2025-10-13 19:48:00+00:00,5.0,0,L,"('KDYX', 'KFDR', 'KFWS', 'KSJT', 'KOUN')","['s3://unidata-nexrad-level2/2025/10/13/KDYX/KDYX20251013_194442_V06', 's3://unidata-nexrad-level2/2025/10/13/KFDR/KFDR20251013_194743_V06', 's3://unidata-nexrad-level2/2025/10/13/KFWS/KFWS20251013_194730_V06', 's3://unidata-nexrad-level2/2025/10/13/KSJT/KSJT20251013_194522_V06']"
F,B738,LIC UA /OV HGO/TM 1304/FL360/TP B738/TB NEG/RM ZDVWC,NEG,202510101315-KWBC-UBUS31-PRCUS,36000.0,38.81,-103.63,2025-10-10 13:04:00+00:00,0.0,0,M,"('KPUX', 'KFTG', 'KGLD', 'KCYS', 'KDDC')","['s3://unidata-nexrad-level2/2025/10/10/KPUX/KPUX20251010_130358_V06', 's3://unidata-nexrad-level2/2025/10/10/KFTG/KFTG20251010_130017_V06', 's3://unidata-nexrad-level2/2025/10/10/KGLD/KGLD20251010_130307_V06', 's3://unidata-nexrad-level2/2025/10/10/KCYS/KCYS20251010_130258_V06', 's3://unidata-nexrad-level2/2025/10/10/KDDC/KDDC20251010_130100_V06']"
F,B77W,BGR UA /OV BGR/TM 0030/FL290/TP B77W/TB LGT-MOD,LGT-MOD,202510020000-KMSC-UBUS01-PIREP,29000.0,44.80744,-68.82814,2025-10-02 00:30:00+00:00,2.0,0,U,"('KGYX', 'KCBW', 'KCXX', 'KBOX', 'KOKX')","['s3://unidata-nexrad-level2/2025/10/02/KGYX/KGYX20251002_002938_V06', 's3://unidata-nexrad-level2/2025/10/02/KCBW/KCBW20251002_002328_V06', 's3://unidata-nexrad-level2/2025/10/02/KCXX/KCXX20251002_002407_V06', 's3://unidata-nexrad-level2/2025/10/02/KBOX/KBOX20251002_002655_V06', 's3://unidata-nexrad-level2/2025/10/02/KOKX/KOKX20251002_002157_V06']"
F,LJ60,POU UA /OV PWL030015/TM 2148/FL310/TP LJ60/TB CONS LGT CHOP,CONS LGT CHOP,202510282100-KMSC-UBUS01-PIREP,31000.0,41.98652388797807,-73.43238676239866,2025-10-28 21:48:00+00:00,1.0,0,M,"('KENX', 'KOKX', 'KBOX', 'KBGM', 'KTYX')","['s3://unidata-nexrad-level2/2025/10/28/KENX/KENX20251028_214620_V06', 's3://unidata-nexrad-level2/2025/10/28/KOKX/KOKX20251028_214333_V06', 's3://unidata-nexrad-level2/2025/10/28/KBOX/KBOX20251028_214121_V06', 's3://unidata-nexrad-level2/2025/10/28/KBGM/KBGM20251028_214635_V06']"
F,A333,MIA UA /OV DHP275025/TM 1617/FL190/TP A333/TB NEG/RM DURC,NEG,202510191600-KMSC-UBUS01-PIREP,19000.0,25.836317834320784,-80.81107529798923,2025-10-19 16:17:00+00:00,0.0,0,H,"('KAMX', 'KAMX', 'KBYX', 'KMLB', 'KTBW')","['s3://unidata-nexrad-level2/2025/10/19/KAMX/KAMX20251019_161218_V06', 's3://unidata-nexrad-level2/2025/10/19/KAMX/KAMX20251019_161218_V06', 's3://unidata-nexrad-level2/2025/10/19/KBYX/KBYX20251019_161251_V06', 's3://unidata-nexrad-level2/2025/10/19/KMLB/KMLB20251019_161443_V06', 's3://unidata-nexrad-level2/2025/10/19/KTBW/KTBW20251019_161412_V06']"
F,E135,PKB UA /OV PKB/TM 1159/FL050/TP E135/SK CLR/TB NEG,NEG,202510091200-KMSC-UBUS01-PIREP,5000.0,39.33948267,-81.44378792,2025-10-09 11:59:00+00:00,0.0,0,M,"('KRLX', 'KPBZ', 'KILN', 'KCLE', 'KJKL')","['s3://unidata-nexrad-level2/2025/10/09/KRLX/KRLX20251009_115431_V06', 's3://unidata-nexrad-level2/2025/10/09/KPBZ/KPBZ20251009_115758_V06', 's3://unidata-nexrad-level2/2025/10/09/KILN/KILN20251009_115446_V06', 's3://unidata-nexrad-level2/2025/10/09/KCLE/KCLE20251009_115626_V06', 's3://unidata-nexrad-level2/2025/10/09/KJKL/KJKL20251009_115823_V06']"
T,E55P,COS UUA /OV BRK271030/TM 1638/FL450/TP E55P/TB SEV/RM MOD MTN WAVE +700 FEET +/- 20 KTS ZDVWC-25,SEV,202510181600-KMSC-UBUS01-PIREP,45000.0,38.948726910041806,-105.272789163825,2025-10-18 16:38:00+00:00,5.0,0,U,"('KFTG', 'KPUX', 'KGJX', 'KCYS', 'KGLD')","['s3://unidata-nexrad-level2/2025/10/18/KFTG/KFTG20251018_163753_V06', 's3://unidata-nexrad-level2/2025/10/18/KPUX/KPUX20251018_163645_V06', 's3://unidata-nexrad-level2/2025/10/18/KGJX/KGJX20251018_163721_V06', 's3://unidata-nexrad-level2/2025/10/18/KCYS/KCYS20251018_163446_V06', 's3://unidata-nexrad-level2/2025/10/18/KGLD/KGLD20251018_163731_V06']"
F,A35K,BOS UA /OV 4052N 06057W/TM 2027/FL330/TP A35K/TB LGT-MOD,LGT-MOD,202510152000-KMSC-UBUS01-PIREP,33000.0,40.8666,-60.95,2025-10-15 20:27:00+00:00,2.0,0,U,"('KCBW', 'KGYX', 'KBOX', 'KOKX', 'KCXX')","['s3://unidata-nexrad-level2/2025/10/15/KCBW/KCBW20251015_202218_V06', 's3://unidata-nexrad-level2/2025/10/15/KGYX/KGYX20251015_202227_V06', 's3://unidata-nexrad-level2/2025/10/15/KBOX/KBOX20251015_202633_V06', 's3://unidata-nexrad-level2/2025/10/15/KOKX/KOKX20251015_201944_V06', 's3://unidata-nexrad-level2/2025/10/15/KCXX/KCXX20251015_202656_V06']"
T,E170,BNA UUA /OV BNA090060/TM 1810/FL220/TP E170/TB SEV /RM DURC 220-230...ZME,SEV,202510291800-KMSC-UBUS01-PIREP,22000.0,36.11889,-85.45113278229266,2025-10-29 18:10:00+00:00,5.0,0,U,"('KOHX', 'KMRX', 'KHTX', 'KHPX', 'KLVX')","['s3://unidata-nexrad-level2/2025/10/29/KOHX/KOHX20251029_180521_V06', 's3://unidata-nexrad-level2/2025/10/29/KMRX/KMRX20251029_180952_V06', 's3://unidata-nexrad-level2/2025/10/29/KHTX/KHTX20251029_180600_V06', 's3://unidata-nexrad-level2/2025/10/29/KHPX/KHPX20251029_180504_V06', 's3://unidata-nexrad-level2/2025/10/29/KLVX/KLVX20251029_180653_V06']"
T,DA40,OBE UUA /OV DOWDI/TM 1945/FL080/TP DA40/TB EXTRM/RM FROM 080-040 PILOT REPORTED EXTREME TURBULENCE,EXTRM,202510041900-KMSC-UBUS01-PIREP,8000.0,27.2628231,-80.8497831,2025-10-04 19:45:00+00:00,7.0,0,L,"('KMLB', 'KTBW', 'KAMX', 'KAMX', 'KBYX')","['s3://unidata-nexrad-level2/2025/10/04/KMLB/KMLB20251004_194406_V06', 's3://unidata-nexrad-level2/2025/10/04/KTBW/KTBW20251004_194109_V06', 's3://unidata-nexrad-level2/2025/10/04/KAMX/KAMX20251004_194103_V06', 's3://unidata-nexrad-level2/2025/10/04/KAMX/KAMX20251004_194103_V06', 's3://unidata-nexrad-level2/2025/10/04/KBYX/KBYX20251004_193926_V06']"
T,B38M,SAT UUA /OV 12 SE SAT/TM 0530/FL040/TP B38M/TB SEV,SEV,202510250500-KMSC-UBUS01-PIREP,4000.0,29.39225718862138,-98.3072258817828,2025-10-25 05:30:00+00:00,5.0,1,U,"('KEWX', 'KGRK', 'KDFX', 'KCRP', 'KSJT')","['s3://unidata-nexrad-level2/2025/10/25/KEWX/KEWX20251025_052723_V06', 's3://unidata-nexrad-level2/2025/10/25/KGRK/KGRK20251025_052952_V06', 's3://unidata-nexrad-level2/2025/10/25/KDFX/KDFX20251025_052558_V06', 's3://unidata-nexrad-level2/2025/10/25/KCRP/KCRP20251025_052512_V06', 's3://unidata-nexrad-level2/2025/10/25/KSJT/KSJT20251025_052811_V06']"
T,SF50,CHA UUA /OV CHA315030/TM 1708/FL120/TP SF50/TB SEV 120-140/RM NO DMG OR INJ /ZME,SEV 120-140,202510191700-KMSC-UBUS01-PIREP,12000.0,35.38886202844655,-85.63564022268207,2025-10-19 17:08:00+00:00,5.0,1,U,"('KHTX', 'KOHX', 'KHPX', 'KMRX', 'KFFC')","['s3://unidata-nexrad-level2/2025/10/19/KHTX/KHTX20251019_170540_V06', 's3://unidata-nexrad-level2/2025/10/19/KOHX/KOHX20251019_170312_V06', 's3://unidata-nexrad-level2/2025/10/19/KHPX/KHPX20251019_170705_V06', 's3://unidata-nexrad-level2/2025/10/19/KMRX/KMRX20251019_170604_V06', 's3://unidata-nexrad-level2/2025/10/19/KFFC/KFFC20251019_170423_V06']"
F,C162,CAE UA /OV 6 NM EAST EOE/TM 1608/FL030/TP C162/TB SEV,SEV,202510011600-KMSC-UBUS01-PIREP,3000.0,33.9419,-81.1181,2025-10-01 16:08:00+00:00,5.0,0,L,"('KCAE', 'KCLX', 'KGSP', 'KLTX', 'KJGX')","['s3://unidata-nexrad-level2/2025/10/01/KCAE/KCAE20251001_160307_V06', 's3://unidata-nexrad-level2/2025/10/01/KCLX/KCLX20251001_160442_V06', 's3://unidata-nexrad-level2/2025/10/01/KGSP/KGSP20251001_160058_V06', 's3://unidata-nexrad-level2/2025/10/01/KLTX/KLTX20251001_160243_V06', 's3://unidata-nexrad-level2/2025/10/01/KJGX/KJGX20251001_160114_V06']"
F,SR22,AVL UA /OV AVL040015/TM 1729/FL100/TP SR22/TB SEV/RM NO INJURIES OR DAMAGE,SEV,202510231700-KMSC-UBUS01-PIREP,10000.0,35.62346662319523,-82.34026266178756,2025-10-23 17:29:00+00:00,5.0,0,L,"('KGSP', 'KMRX', 'KCAE', 'KJKL', 'KFCX')","['s3://unidata-nexrad-level2/2025/10/23/KGSP/KGSP20251023_172823_V06', 's3://unidata-nexrad-level2/2025/10/23/KMRX/KMRX20251023_172420_V06', 's3://unidata-nexrad-level2/2025/10/23/KJKL/KJKL20251023_172534_V06', 's3://unidata-nexrad-level2/2025/10/23/KFCX/KFCX20251023_172514_V06']"
F,A321,MLC UA /OV MLC300030/TM 2100/FL160/TP A321/TB CONS LGT/RM DURD -ZFW50,CONS LGT,202510242100-KMSC-UBUS01-PIREP,16000.0,35.132240250020246,-96.31095499459302,2025-10-24 21:00:00+00:00,1.0,1,M,"('KTLX', 'KOUN', 'KINX', 'KSRX', 'KVNX')","['s3://unidata-nexrad-level2/2025/10/24/KTLX/KTLX20251024_205730_V06', 's3://unidata-nexrad-level2/2025/10/24/KINX/KINX20251024_205915_V06', 's3://unidata-nexrad-level2/2025/10/24/KSRX/KSRX20251024_205845_V06', 's3://unidata-nexrad-level2/2025/10/24/KVNX/KVNX20251024_205930_V06']"
F,B738,BTR UA /OV LSU315025/TM 1529/FL340/TP B738/TB MOD /RM ZHU,MOD,202510271500-KMSC-UBUS01-PIREP,34000.0,30.774651690372124,-91.64190014607485,2025-10-27 15:29:00+00:00,3.0,0,M,"('KHDC', 'KLIX', 'KPOE', 'KLCH', 'KSHV')","['s3://unidata-nexrad-level2/2025/10/27/KHDC/KHDC20251027_152100_V06', 's3://unidata-nexrad-level2/2025/10/27/KPOE/KPOE20251027_151400_V06', 's3://unidata-nexrad-level2/2025/10/27/KLCH/KLCH20251027_152646_V06', 's3://unidata-nexrad-level2/2025/10/27/KSHV/KSHV20251027_152419_V06']"
T,BE36,RPH UUA /OV KABI045055 /TM 1948 /FL075 /TP BE36 /TB SEV 075-080,SEV 075-080,202510132000-KMSC-UBUS01-PIREP,7500.0,33.05886222881868,-98.91424409391516,2025-10-13 19:48:00+00:00,5.0,0,L,"('KDYX', 'KFDR', 'KFWS', 'KSJT', 'KOUN')","['s3://unidata-nexrad-level2/2025/10/13/KDYX/KDYX20251013_194442_V06', 's3://unidata-nexrad-level2/2025/10/13/KFDR/KFDR20251013_194743_V06', 's3://unidata-nexrad-level2/2025/10/13/KFWS/KFWS20251013_194730_V06', 's3://unidata-nexrad-level2/2025/10/13/KSJT/KSJT20251013_194522_V06']"
T,PA31,MIA UUA /OV ZQA090120/TM 1519/FL090/TP PA31/TB MOD SEV,MOD SEV,202510141500-KMSC-UBUS01-PIREP,9000.0,25.0,-75.2430654146734,2025-10-14 15:19:00+00:00,4.0,0,L,"('KAMX', 'KAMX', 'KMLB', 'KBYX', 'KTBW')","['s3://unidata-nexrad-level2/2025/10/14/KAMX/KAMX20251014_151730_V06', 's3://unidata-nexrad-level2/2025/10/14/KAMX/KAMX20251014_151730_V06', 's3://unidata-nexrad-level2/2025/10/14/KMLB/KMLB20251014_151854_V06', 's3://unidata-nexrad-level2/2025/10/14/KBYX/KBYX20251014_151818_V06', 's3://unidata-nexrad-level2/2025/10/14/KTBW/KTBW20251014_151805_V06']"
T,B737,LFT UUA /OV KLLA180140/TM 0551/FL330/TP B737/TB SEV +/- 200FT/RM ZHU,SEV +,202510180600-KMSC-UBUS01-PIREP,33000.0,27.326477666477665,-92.37,2025-10-18 05:51:00+00:00,5.0,0,M,"('KLCH', 'KHGX', 'KHDC', 'KPOE', 'KLIX')","['s3://unidata-nexrad-level2/2025/10/18/KLCH/KLCH20251018_054541_V06', 's3://unidata-nexrad-level2/2025/10/18/KHGX/KHGX20251018_054948_V06', 's3://unidata-nexrad-level2/2025/10/18/KHDC/KHDC20251018_054704_V06', 's3://unidata-nexrad-level2/2025/10/18/KPOE/KPOE20251018_054516_V06']"
F,A320,MYNN UA /OV ZBV180070/TM 1610/FL370/TP A320/TB NEG,NEG,202510131600-KMSC-UBUS01-PIREP,37000.0,24.50323883323884,-79.3,2025-10-13 16:10:00+00:00,0.0,0,M,"('KAMX', 'KAMX', 'KBYX', 'KMLB', 'KTBW')","['s3://unidata-nexrad-level2/2025/10/13/KAMX/KAMX20251013_160655_V06', 's3://unidata-nexrad-level2/2025/10/13/KAMX/KAMX20251013_160655_V06', 's3://unidata-nexrad-level2/2025/10/13/KBYX/KBYX20251013_160711_V06', 's3://unidata-nexrad-level2/2025/10/13/KMLB/KMLB20251013_160904_V06', 's3://unidata-nexrad-level2/2025/10/13/KTBW/KTBW20251013_160619_V06']"
F,B737,ATL UA /OV SPA030030/TM 1155/FL350/TP B737/TB MOD CHOP/IC NEG ZTLFD-15,MOD CHOP,202510271200-KMSC-UBUS01-PIREP,35000.0,35.348769975956145,-81.65159533955844,2025-10-27 11:55:00+00:00,3.0,0,M,"('KGSP', 'KCAE', 'KMRX', 'KFCX', 'KRAX')","['s3://unidata-nexrad-level2/2025/10/27/KGSP/KGSP20251027_114823_V06', 's3://unidata-nexrad-level2/2025/10/27/KCAE/KCAE20251027_115131_V06', 's3://unidata-nexrad-level2/2025/10/27/KMRX/KMRX20251027_115002_V06', 's3://unidata-nexrad-level2/2025/10/27/KFCX/KFCX20251027_115035_V06', 's3://unidata-nexrad-level2/2025/10/27/KRAX/KRAX20251027_115040_V06']"
F,BE20,VEL UA /OV MTU146033/TM 2244/FL170/TP BE20/TA M07/TB LGT-MOD/IC LGT-MOD RIME/RM ZDVWC-,LGT-MOD,202510152200-KMSC-UBUS01-PIREP,17000.0,39.69399240143393,-109.72759614705323,2025-10-15 22:44:00+00:00,2.0,0,M,"('KGJX', 'KMTX', 'KICX', 'KRIW', 'KSFX')","['s3://unidata-nexrad-level2/2025/10/15/KGJX/KGJX20251015_224323_V06', 's3://unidata-nexrad-level2/2025/10/15/KMTX/KMTX20251015_224144_V06', 's3://unidata-nexrad-level2/2025/10/15/KICX/KICX20251015_224259_V06', 's3://unidata-nexrad-level2/2025/10/15/KRIW/KRIW20251015_224020_V06', 's3://unidata-nexrad-level2/2025/10/15/KSFX/KSFX20251015_224057_V06']"
T,B763,MBPV UUA /OV MBPV340010/TM 0507/FL310/TP B763/TB OCNL SEV,OCNL SEV,202510260600-KMSC-UBUS01-PIREP,31000.0,21.93024812266072,-72.32727756518845,2025-10-26 05:07:00+00:00,5.0,0,H,"('KAMX', 'KAMX', 'KBYX', 'KMLB', 'KTBW')","['s3://unidata-nexrad-level2/2025/10/26/KAMX/KAMX20251026_050641_V06', 's3://unidata-nexrad-level2/2025/10/26/KAMX/KAMX20251026_050641_V06', 's3://unidata-nexrad-level2/2025/10/26/KBYX/KBYX20251026_050624_V06', 's3://unidata-nexrad-level2/2025/10/26/KMLB/KMLB20251026_050334_V06', 's3://unidata-nexrad-level2/2025/10/26/KTBW/KTBW20251026_050320_V06']"
T,A321,AUS UUA /OV CWK270020/TM 0203/FL320/TP A321/TB SEV/RM ZHU,SEV,202510210200-KMSC-UBUS01-PIREP,32000.0,30.38,-97.91641949544878,2025-10-21 02:03:00+00:00,5.0,0,M,"('KEWX', 'KGRK', 'KDFX', 'KSJT', 'KDYX')","['s3://unidata-nexrad-level2/2025/10/21/KEWX/KEWX20251021_020241_V06', 's3://unidata-nexrad-level2/2025/10/21/KGRK/KGRK20251021_015916_V06', 's3://unidata-nexrad-level2/2025/10/21/KDFX/KDFX20251021_020234_V06', 's3://unidata-nexrad-level2/2025/10/21/KSJT/KSJT20251021_015752_V06', 's3://unidata-nexrad-level2/2025/10/21/KDYX/KDYX20251021_020010_V06']"
T,B739,DAB UUA /OV OMN070018/TM 2220/FL042/TP B739/TB SEV/RM MODERATE TO SEVERE TURBULENCE MOVING THROUGH LINE OF WX ABEAM OMN VORTAC,SEV,202510192200-KMSC-UBUS01-PIREP,4200.0,29.40317435409549,-80.7903189770688,2025-10-19 22:20:00+00:00,5.0,1,M,"('KMLB', 'KJAX', 'KTBW', 'KVAX', 'KCLX')","['s3://unidata-nexrad-level2/2025/10/19/KMLB/KMLB20251019_221648_V06', 's3://unidata-nexrad-level2/2025/10/19/KJAX/KJAX20251019_221905_V06', 's3://unidata-nexrad-level2/2025/10/19/KTBW/KTBW20251019_221528_V06', 's3://unidata-nexrad-level2/2025/10/19/KVAX/KVAX20251019_221800_V06', 's3://unidata-nexrad-level2/2025/10/19/KCLX/KCLX20251019_221547_V06']"
F,G150,IND UA /OV GVR/TM 2006/FL390/TP G150/TB CONS LGT CHOP,CONS LGT CHOP,202510252000-KMSC-UBUS01-PIREP,39000.0,39.70841,-86.30482,2025-10-25 20:06:00+00:00,1.0,0,U,"('KIND', 'KIWX', 'KLVX', 'KVWX', 'KILN')","['s3://unidata-nexrad-level2/2025/10/25/KIND/KIND20251025_200549_V06', 's3://unidata-nexrad-level2/2025/10/25/KIWX/KIWX20251025_200539_V06', 's3://unidata-nexrad-level2/2025/10/25/KLVX/KLVX20251025_200225_V06', 's3://unidata-nexrad-level2/2025/10/25/KVWX/KVWX20251025_200046_V06', 's3://unidata-nexrad-level2/2025/10/25/KILN/KILN20251025_200541_V06']"
T,A359,OME UUA /OV OME210004/TM 1210/FL360/TP A359/TB SEV/RM ZAN,SEV,202510071200-KMSC-UBUS01-PIREP,36000.0,64.45226029653918,-165.5174619672772,2025-10-07 12:10:00+00:00,5.0,0,U,"('PAEC', 'PABC', 'PAKC', 'PAHG', 'PAPD')","['s3://unidata-nexrad-level2/2025/10/07/PAEC/PAEC20251007_120459_V06', 's3://unidata-nexrad-level2/2025/10/07/PABC/PABC20251007_120635_V06', 's3://unidata-nexrad-level2/2025/10/07/PAKC/PAKC20251007_120328_V06', 's3://unidata-nexrad-level2/2025/10/07/PAHG/PAHG20251007_120813_V06', 's3://unidata-nexrad-level2/2025/10/07/PAPD/PAPD20251007_120750_V06']"
F,PA31,FYU UA /OV FYU/TM 2115/FL035/TP PA31/SK BKN035/WX FV10SM/TB NEG/IC NEG/RM DURD/ ZAN,NEG,202510262100-KMSC-UBUS01-PIREP,3500.0,66.57,-145.24,2025-10-26 21:15:00+00:00,0.0,0,L,"('PAPD', 'PAIH', 'PAIH', 'PAHG', 'PACG')","['s3://unidata-nexrad-level2/2025/10/26/PAPD/PAPD20251026_211303_V06', 's3://unidata-nexrad-level2/2025/10/26/PAIH/PAIH20251026_211349_V06', 's3://unidata-nexrad-level2/2025/10/26/PAIH/PAIH20251026_211349_V06', 's3://unidata-nexrad-level2/2025/10/26/PAHG/PAHG20251026_211318_V06', 's3://unidata-nexrad-level2/2025/10/26/PACG/PACG20251026_211057_V06']"
F,A320,HUF UA /OV DVK180010/TM 1859/FL210/TP A320/TB SEV 210-200 DURD,SEV 210-200 DURD,202510291900-KMSC-UBUS01-PIREP,21000.0,37.41123653331984,-84.7696944,2025-10-29 18:59:00+00:00,5.0,0,M,"('KLVX', 'KJKL', 'KMRX', 'KOHX', 'KHPX')","['s3://unidata-nexrad-level2/2025/10/29/KLVX/KLVX20251029_185618_V06', 's3://unidata-nexrad-level2/2025/10/29/KJKL/KJKL20251029_185852_V06', 's3://unidata-nexrad-level2/2025/10/29/KMRX/KMRX20251029_185740_V06', 's3://unidata-nexrad-level2/2025/10/29/KOHX/KOHX20251029_185731_V06', 's3://unidata-nexrad-level2/2025/10/29/KHPX/KHPX20251029_185356_V06']"
F,E295,UUA /OV CYYC 180070 /TM 1945 /FL370 /TP E295 /TB SEV MTW,SEV MTW,202510231958-CYEG-UACN01-PIREP,37000.0,49.94712883323883,-114.02028,2025-10-23 19:45:00+00:00,5.0,0,U,"('KMSX', 'KTFX', 'KOTX', 'KPDT', 'KBLX')","['s3://unidata-nexrad-level2/2025/10/23/KMSX/KMSX20251023_194431_V06', 's3://unidata-nexrad-level2/2025/10/23/KTFX/KTFX20251023_194016_V06', 's3://unidata-nexrad-level2/2025/10/23/KOTX/KOTX20251023_194311_V06', 's3://unidata-nexrad-level2/2025/10/23/KPDT/KPDT20251023_194132_V06', 's3://unidata-nexrad-level2/2025/10/23/KBLX/KBLX20251023_193759_V06']"
T,GLF6,DEN UUA /OV FQF258021/TM 1910/FL470/TP GLF6/TB SEV MTN WAVE /RM +/- 20 KTS  +/- 500 FEET ZDVWC-05,SEV MTN WAVE,202510261900-KMSC-UBUS01-PIREP,47000.0,39.61722501391145,-105.06493110262652,2025-10-26 19:10:00+00:00,5.0,0,U,"('KFTG', 'KCYS', 'KPUX', 'KGJX', 'KGLD')","['s3://unidata-nexrad-level2/2025/10/26/KFTG/KFTG20251026_190845_V06', 's3://unidata-nexrad-level2/2025/10/26/KCYS/KCYS20251026_190745_V06', 's3://unidata-nexrad-level2/2025/10/26/KPUX/KPUX20251026_190358_V06', 's3://unidata-nexrad-level2/2025/10/26/KGJX/KGJX20251026_190548_V06', 's3://unidata-nexrad-level2/2025/10/26/KGLD/KGLD20251026_190330_V06']"
T,E545,AFK UUA /OV PWE260020/TM 0045/FL450/TP E545/TB SEV/RM LOST 1500FT AND 30KTS  UNCONTROLLABLE,SEV,202510060100-KMSC-UBUS01-PIREP,45000.0,40.14211258560554,-96.63982135090023,2025-10-06 00:45:00+00:00,5.0,1,U,"('KTWX', 'KOAX', 'KUEX', 'KDMX', 'KEAX')","['s3://unidata-nexrad-level2/2025/10/06/KTWX/KTWX20251006_004428_V06', 's3://unidata-nexrad-level2/2025/10/06/KOAX/KOAX20251006_004103_V06', 's3://unidata-nexrad-level2/2025/10/06/KUEX/KUEX20251006_004453_V06', 's3://unidata-nexrad-level2/2025/10/06/KDMX/KDMX20251006_004353_V06', 's3://unidata-nexrad-level2/2025/10/06/KEAX/KEAX20251006_004409_V06']"
F,B763,MBPV UA /OV PVN047137/TM 1318/FL370/TP B763/TB SEV,SEV,202510211400-KMSC-UBUS01-PIREP,37000.0,23.3273557245322,-70.46168488133668,2025-10-21 13:18:00+00:00,5.0,0,H,"('KAMX', 'KAMX', 'KMLB', 'KBYX', 'KTBW')","['s3://unidata-nexrad-level2/2025/10/21/KAMX/KAMX20251021_131619_V06', 's3://unidata-nexrad-level2/2025/10/21/KAMX/KAMX20251021_131619_V06', 's3://unidata-nexrad-level2/2025/10/21/KMLB/KMLB20251021_131302_V06', 's3://unidata-nexrad-level2/2025/10/21/KBYX/KBYX20251021_131449_V06', 's3://unidata-nexrad-level2/2025/10/21/KTBW/KTBW20251021_131509_V06']"
T,PA46,DIK UUA /OV DIK180030/TM 1955/FL240/TP PA46/TB SEV 190-240,SEV 190-240,202510122000-KMSC-UBUS01-PIREP,24000.0,46.297289499959504,-102.80186,2025-10-12 19:55:00+00:00,5.0,0,L,"('KBIS', 'KUDX', 'KMBX', 'KABR', 'KGGW')","['s3://unidata-nexrad-level2/2025/10/12/KBIS/KBIS20251012_195012_V06', 's3://unidata-nexrad-level2/2025/10/12/KUDX/KUDX20251012_195321_V06', 's3://unidata-nexrad-level2/2025/10/12/KMBX/KMBX20251012_195012_V06', 's3://unidata-nexrad-level2/2025/10/12/KABR/KABR20251012_195006_V06', 's3://unidata-nexrad-level2/2025/10/12/KGGW/KGGW20251012_195457_V06']"
F,E75L,RNO UA /OV SWR270020/TM 2352/FL300/TP E75L/TB LGT MTN WAVE +/-30KTS,LGT MTN WAVE +,202510112300-KMSC-UBUS01-PIREP,30000.0,39.18,-120.70005077239536,2025-10-11 23:52:00+00:00,1.0,1,U,"('KBBX', 'KRGX', 'KDAX', 'KMUX', 'KHNX')","['s3://unidata-nexrad-level2/2025/10/11/KBBX/KBBX20251011_235157_V06', 's3://unidata-nexrad-level2/2025/10/11/KRGX/KRGX20251011_235126_V06', 's3://unidata-nexrad-level2/2025/10/11/KDAX/KDAX20251011_234551_V06', 's3://unidata-nexrad-level2/2025/10/11/KMUX/KMUX20251011_234354_V06', 's3://unidata-nexrad-level2/2025/10/11/KHNX/KHNX20251011_235014_V06']"
F,A321,ATL UA /OV ANB/TM 1945/FL280/TP A321/TB NEG/IC NEG ZTLFD-04,NEG,202510181900-KMSC-UBUS01-PIREP,28000.0,33.59043824,-85.84788542,2025-10-18 19:45:00+00:00,0.0,0,M,"('KBMX', 'KMXX', 'KFFC', 'KHTX', 'KEOX')","['s3://unidata-nexrad-level2/2025/10/18/KBMX/KBMX20251018_194216_V06', 's3://unidata-nexrad-level2/2025/10/18/KMXX/KMXX20251018_194446_V06', 's3://unidata-nexrad-level2/2025/10/18/KFFC/KFFC20251018_194257_V06', 's3://unidata-nexrad-level2/2025/10/18/KHTX/KHTX20251018_194430_V06', 's3://unidata-nexrad-level2/2025/10/18/KEOX/KEOX20251018_193937_V06']"
T,B350,DEN UUA /OV 340050/TM 1328/FL230/TP B350/TB SEV,SEV,202510161300-KMSC-UBUS01-PIREP,23000.0,39.8328,-104.6575,2025-10-16 13:28:00+00:00,5.0,1,M,"('KPUX', 'KFTG', 'KCYS', 'KGLD', 'KGJX')","['s3://unidata-nexrad-level2/2025/10/16/KPUX/KPUX20251016_132540_V06', 's3://unidata-nexrad-level2/2025/10/16/KFTG/KFTG20251016_132653_V06', 's3://unidata-nexrad-level2/2025/10/16/KCYS/KCYS20251016_132621_V06', 's3://unidata-nexrad-level2/2025/10/16/KGLD/KGLD20251016_132752_V06', 's3://unidata-nexrad-level2/2025/10/16/KGJX/KGJX20251016_132356_V06']"
T,PA46,SBA UUA /OV SBP350005/TM 1315/FL030/TP PA46/TB SEV/RM -15KT -200,SEV,202510161325-KWBC-UBCA90-PIREP,3000.0,35.320164210209995,-120.66180069941691,2025-10-16 13:15:00+00:00,5.0,0,L,"('KVBX', 'KHNX', 'KVTX', 'KMUX', 'KEYX')","['s3://unidata-nexrad-level2/2025/10/16/KVBX/KVBX20251016_130910_V06', 's3://unidata-nexrad-level2/2025/10/16/KHNX/KHNX20251016_131424_V06', 's3://unidata-nexrad-level2/2025/10/16/KVTX/KVTX20251016_131245_V06', 's3://unidata-nexrad-level2/2025/10/16/KMUX/KMUX20251016_131149_V06', 's3://unidata-nexrad-level2/2025/10/16/KEYX/KEYX20251016_131037_V06']"
T,B77W,PSM UUA /OV PSM120036/TM 2257/FL310/TP B77W/SK CLR/TB SEV/IC NEG,SEV,202510112300-KMSC-UBUS01-PIREP,31000.0,42.7779156999757,-70.11183512840111,2025-10-11 22:57:00+00:00,5.0,0,U,"('KBOX', 'KGYX', 'KOKX', 'KCXX', 'KENX')","['s3://unidata-nexrad-level2/2025/10/11/KBOX/KBOX20251011_225008_V06', 's3://unidata-nexrad-level2/2025/10/11/KGYX/KGYX20251011_225555_V06', 's3://unidata-nexrad-level2/2025/10/11/KOKX/KOKX20251011_225242_V06', 's3://unidata-nexrad-level2/2025/10/11/KCXX/KCXX20251011_225136_V06', 's3://unidata-nexrad-level2/2025/10/11/KENX/KENX20251011_225251_V06']"
F,CRJ7,AKR UA /OV ACO/TM 1531/FL360/TP CRJ7/TB MOD CHOP,MOD CHOP,202510111500-KMSC-UBUS01-PIREP,36000.0,41.11,-81.2,2025-10-11 15:31:00+00:00,3.0,0,M,"('KCLE', 'KPBZ', 'KDTX', 'KBUF', 'KILN')","['s3://unidata-nexrad-level2/2025/10/11/KCLE/KCLE20251011_152530_V06', 's3://unidata-nexrad-level2/2025/10/11/KPBZ/KPBZ20251011_152528_V06', 's3://unidata-nexrad-level2/2025/10/11/KDTX/KDTX20251011_152358_V06', 's3://unidata-nexrad-level2/2025/10/11/KBUF/KBUF20251011_152826_V06', 's3://unidata-nexrad-level2/2025/10/11/KILN/KILN20251011_152602_V06']"
F,B789,UUA /OV 6900N06830W /TM 2000 /FL360 /TP B789 /TB SEV 380,SEV 380,202510132013-CYEG-UACN01-PIREP,36000.0,69.0,-68.5,2025-10-13 20:00:00+00:00,5.0,0,U,"('KCBW', 'KCXX', 'KGYX', 'KTYX', 'KENX')","['s3://unidata-nexrad-level2/2025/10/13/KCBW/KCBW20251013_195927_V06', 's3://unidata-nexrad-level2/2025/10/13/KCXX/KCXX20251013_195619_V06', 's3://unidata-nexrad-level2/2025/10/13/KGYX/KGYX20251013_195625_V06', 's3://unidata-nexrad-level2/2025/10/13/KTYX/KTYX20251013_195935_V06', 's3://unidata-nexrad-level2/2025/10/13/KENX/KENX20251013_195639_V06']"
F,B78X,UUA /OV CYSJ 225045 /TM 2102 /FL230 /TP B78X /TB SEV,SEV,202510282105-CYXU-UACN01-PIREP,23000.0,44.78768695733018,-66.63981939043131,2025-10-28 21:02:00+00:00,5.0,0,U,"('KCBW', 'KGYX', 'KBOX', 'KCXX', 'KOKX')","['s3://unidata-nexrad-level2/2025/10/28/KCBW/KCBW20251028_205516_V06', 's3://unidata-nexrad-level2/2025/10/28/KGYX/KGYX20251028_205615_V06', 's3://unidata-nexrad-level2/2025/10/28/KBOX/KBOX20251028_205959_V06', 's3://unidata-nexrad-level2/2025/10/28/KCXX/KCXX20251028_210011_V06', 's3://unidata-nexrad-level2/2025/10/28/KOKX/KOKX20251028_205401_V06']"
T,B777,DTA UUA /OV DTA130024/TM 2335/FL350/TP B777/TB SEV/RM MTW +/-15KT /ZLC,SEV,202510092300-KMSC-UBUS01-PIREP,35000.0,39.12346412978601,-112.11124070304412,2025-10-09 23:35:00+00:00,5.0,1,H,"('KICX', 'KMTX', 'KGJX', 'KSFX', 'KESX')","['s3://unidata-nexrad-level2/2025/10/09/KICX/KICX20251009_233445_V06', 's3://unidata-nexrad-level2/2025/10/09/KMTX/KMTX20251009_233439_V06', 's3://unidata-nexrad-level2/2025/10/09/KGJX/KGJX20251009_233111_V06', 's3://unidata-nexrad-level2/2025/10/09/KSFX/KSFX20251009_232942_V06', 's3://unidata-nexrad-level2/2025/10/09/KESX/KESX20251009_233337_V06']"
F,C550,LAS UA /OV LAS167020/TM 2245/FL080/TP C550/TB OCNL SEV/RM DURD INTO KHND,OCNL SEV,202510262200-KMSC-UBUS01-PIREP,8000.0,35.747083670386864,-115.07062290002108,2025-10-26 22:45:00+00:00,5.0,0,L,"('KESX', 'KEYX', 'KICX', 'KSOX', 'KYUX')","['s3://unidata-nexrad-level2/2025/10/26/KESX/KESX20251026_223955_V06', 's3://unidata-nexrad-level2/2025/10/26/KEYX/KEYX20251026_223611_V06', 's3://unidata-nexrad-level2/2025/10/26/KICX/KICX20251026_223820_V06', 's3://unidata-nexrad-level2/2025/10/26/KSOX/KSOX20251026_224131_V06', 's3://unidata-nexrad-level2/2025/10/26/KYUX/KYUX20251026_223708_V06']"
F,A321,RNO UA /OV HNW345025/TM 0431/FL180/TP A321/TB CONS LGT ONL MOD CHOP BLO 180,CONS LGT ONL MOD CHOP BLO 180,202510260400-KMSC-UBUS01-PIREP,18000.0,39.12250169431635,-120.88823164586768,2025-10-26 04:31:00+00:00,2.0,0,M,"('KBBX', 'KRGX', 'KDAX', 'KMUX', 'KBHX')","['s3://unidata-nexrad-level2/2025/10/26/KBBX/KBBX20251026_043054_V06', 's3://unidata-nexrad-level2/2025/10/26/KRGX/KRGX20251026_042530_V06', 's3://unidata-nexrad-level2/2025/10/26/KDAX/KDAX20251026_043058_V06', 's3://unidata-nexrad-level2/2025/10/26/KMUX/KMUX20251026_042538_V06', 's3://unidata-nexrad-level2/2025/10/26/KBHX/KBHX20251026_042822_V06']"
T,C68A,ISP UUA /OV CCC270015 /TM 0000 /FL135 /TP C68A /TB SEV /RM DURD,SEV,202510310000-KMSC-UBUS01-PIREP,13500.0,40.93,-73.13092886919709,2025-10-31 00:00:00+00:00,5.0,0,U,"('KOKX', 'KDIX', 'KBOX', 'KENX', 'KBGM')","['s3://unidata-nexrad-level2/2025/10/30/KOKX/KOKX20251030_235406_V06', 's3://unidata-nexrad-level2/2025/10/30/KDIX/KDIX20251030_235757_V06', 's3://unidata-nexrad-level2/2025/10/30/KBOX/KBOX20251030_235831_V06', 's3://unidata-nexrad-level2/2025/10/30/KENX/KENX20251030_235842_V06', 's3://unidata-nexrad-level2/2025/10/30/KBGM/KBGM20251030_235855_V06']"
F,BE9L,HON UA /OV HON200015/TM 1245/FL090/TP BE9L/SK TOP105-BASE090/TA UNKN/TB NEG/IC LGT RIME 105-090,NEG,202510311200-KMSC-UBUS01-PIREP,9000.0,44.15024781600893,-98.34821513483897,2025-10-31 12:45:00+00:00,0.0,0,L,"('KFSD', 'KABR', 'KLNX', 'KOAX', 'KMVX')","['s3://unidata-nexrad-level2/2025/10/31/KFSD/KFSD20251031_123950_V06', 's3://unidata-nexrad-level2/2025/10/31/KABR/KABR20251031_124201_V06', 's3://unidata-nexrad-level2/2025/10/31/KLNX/KLNX20251031_124316_V06', 's3://unidata-nexrad-level2/2025/10/31/KOAX/KOAX20251031_124407_V06', 's3://unidata-nexrad-level2/2025/10/31/KMVX/KMVX20251031_124209_V06']"
T,CRJ9,GSO UUA /OV GSO180040/TM 0137/FL145/TP CRJ9/TB SEV/IC NEG/RM ZTLFD-31,SEV,202510200100-KMSC-UBUS01-PIREP,14500.0,35.43077933327933,-79.94361,2025-10-20 01:37:00+00:00,5.0,0,U,"('KRAX', 'KFCX', 'KCAE', 'KLTX', 'KGSP')","['s3://unidata-nexrad-level2/2025/10/20/KRAX/KRAX20251020_013503_V06', 's3://unidata-nexrad-level2/2025/10/20/KFCX/KFCX20251020_013657_V06', 's3://unidata-nexrad-level2/2025/10/20/KCAE/KCAE20251020_013617_V06', 's3://unidata-nexrad-level2/2025/10/20/KLTX/KLTX20251020_013528_V06', 's3://unidata-nexrad-level2/2025/10/20/KGSP/KGSP20251020_013647_V06']"
F,B789,UUA /OV 4454N04723W /TM 0909 /FL370 /TP B789 /TB SEV /RM ALT DEV -600 FT,SEV,202510100921-CYQX-UACN01-PIREP,37000.0,44.9,-47.3833,2025-10-10 09:09:00+00:00,5.0,0,U,"('KCBW', 'LPLA', 'KGYX', 'KBOX', 'KCXX')","['s3://unidata-nexrad-level2/2025/10/10/KCBW/KCBW20251010_090631_V06', 's3://unidata-nexrad-level2/2025/10/10/KGYX/KGYX20251010_090305_V06', 's3://unidata-nexrad-level2/2025/10/10/KBOX/KBOX20251010_090832_V06', 's3://unidata-nexrad-level2/2025/10/10/KCXX/KCXX20251010_090601_V06']"
F,LJ60,MCN UA /OV MCN340015/TM 2005/FL400/TP LJ60/TB NEG/RM ZTLFD-27,NEG,202510232000-KMSC-UBUS01-PIREP,40000.0,32.92779218399107,-83.75081905130828,2025-10-23 20:05:00+00:00,0.0,0,M,"('KFFC', 'KJGX', 'KVAX', 'KMXX', 'KEOX')","['s3://unidata-nexrad-level2/2025/10/23/KFFC/KFFC20251023_200227_V06', 's3://unidata-nexrad-level2/2025/10/23/KJGX/KJGX20251023_200131_V06', 's3://unidata-nexrad-level2/2025/10/23/KVAX/KVAX20251023_200001_V06', 's3://unidata-nexrad-level2/2025/10/23/KMXX/KMXX20251023_200311_V06', 's3://unidata-nexrad-level2/2025/10/23/KEOX/KEOX20251023_200329_V06']"
F,A21N,RIW UA /OV BOY154030/TM 1636/FL350/TP A21N/TB OCNL LGT CHOP/ZLC,OCNL LGT CHOP,202510101600-KMSC-UBUS01-PIREP,35000.0,43.01056657565514,-107.99800662525844,2025-10-10 16:36:00+00:00,1.0,0,U,"('KRIW', 'KBLX', 'KCYS', 'KSFX', 'KGJX')","['s3://unidata-nexrad-level2/2025/10/10/KRIW/KRIW20251010_163553_V06', 's3://unidata-nexrad-level2/2025/10/10/KCYS/KCYS20251010_162637_V06', 's3://unidata-nexrad-level2/2025/10/10/KSFX/KSFX20251010_163432_V06', 's3://unidata-nexrad-level2/2025/10/10/KGJX/KGJX20251010_163203_V06']"
F,A21N,DEN UA /OV 40NW DEN/TM 2124/FL190/TP A21N/TB MOD,MOD,202510272100-KMSC-UBUS01-PIREP,19000.0,40.21521526405923,-105.36870398275968,2025-10-27 21:24:00+00:00,3.0,0,U,"('KFTG', 'KCYS', 'KPUX', 'KGJX', 'KGLD')","['s3://unidata-nexrad-level2/2025/10/27/KFTG/KFTG20251027_212056_V06', 's3://unidata-nexrad-level2/2025/10/27/KCYS/KCYS20251027_212252_V06', 's3://unidata-nexrad-level2/2025/10/27/KPUX/KPUX20251027_212128_V06', 's3://unidata-nexrad-level2/2025/10/27/KGJX/KGJX20251027_211932_V06', 's3://unidata-nexrad-level2/2025/10/27/KGLD/KGLD20251027_211748_V06']"
T,TBM9,TEB UUA /OV TEB/TM 1650/FL015/TP TBM9/TB SEV 015 OVER TORBY,SEV 015 OVER TORBY,202510161600-KMSC-UBUS01-PIREP,1500.0,40.85899,-74.05616,2025-10-16 16:50:00+00:00,5.0,0,U,"('KOKX', 'KDIX', 'KENX', 'KBGM', 'KDOX')","['s3://unidata-nexrad-level2/2025/10/16/KOKX/KOKX20251016_164341_V06', 's3://unidata-nexrad-level2/2025/10/16/KDIX/KDIX20251016_170432_V06', 's3://unidata-nexrad-level2/2025/10/16/KENX/KENX20251016_164939_V06', 's3://unidata-nexrad-level2/2025/10/16/KDOX/KDOX20251016_164732_V06']"
F,B739,GSO UA /OV INT/TM 0330/FL210/TP B739/TB SEV 215-140,SEV 215-140,202510300300-KMSC-UBUS01-PIREP,21000.0,36.13372,-80.222,2025-10-30 03:30:00+00:00,5.0,0,M,"('KFCX', 'KRAX', 'KGSP', 'KCAE', 'KRLX')","['s3://unidata-nexrad-level2/2025/10/30/KFCX/KFCX20251030_032452_V06', 's3://unidata-nexrad-level2/2025/10/30/KRAX/KRAX20251030_032722_V06', 's3://unidata-nexrad-level2/2025/10/30/KGSP/KGSP20251030_032126_V06', 's3://unidata-nexrad-level2/2025/10/30/KCAE/KCAE20251030_032420_V06', 's3://unidata-nexrad-level2/2025/10/30/KRLX/KRLX20251030_032646_V06']"
T,PC12,MMH UUA /OV MMH/TM 1837/FL090/TP PC12/TB SEV TURB ALMOST EXTREME/RM 5 NM EAST OF MMH,SEV TURB ALMOST EXTREME,202510261900-KMSC-UBUS01-PIREP,9000.0,37.62406,-118.83875,2025-10-26 18:37:00+00:00,5.0,0,L,"('KHNX', 'KRGX', 'KDAX', 'KMUX', 'KEYX')","['s3://unidata-nexrad-level2/2025/10/26/KHNX/KHNX20251026_183527_V06', 's3://unidata-nexrad-level2/2025/10/26/KRGX/KRGX20251026_183608_V06', 's3://unidata-nexrad-level2/2025/10/26/KDAX/KDAX20251026_183302_V06', 's3://unidata-nexrad-level2/2025/10/26/KMUX/KMUX20251026_183402_V06', 's3://unidata-nexrad-level2/2025/10/26/KEYX/KEYX20251026_182859_V06']"
F,B77L,UUA /OV 4350N06447W /TM 2305 /FL310 /TP B77L /TB SEV CAT /RM APRX 100NM SW CYHZ ***COR COPY 2,SEV CAT,202510012316-CYXU-UACN01-PIREP,31000.0,43.8333,-64.7833,2025-10-01 23:05:00+00:00,5.0,0,U,"('KCBW', 'KGYX', 'KBOX', 'KCXX', 'KOKX')","['s3://unidata-nexrad-level2/2025/10/01/KCBW/KCBW20251001_225927_V06', 's3://unidata-nexrad-level2/2025/10/01/KGYX/KGYX20251001_225956_V06', 's3://unidata-nexrad-level2/2025/10/01/KBOX/KBOX20251001_230240_V06', 's3://unidata-nexrad-level2/2025/10/01/KCXX/KCXX20251001_230127_V06', 's3://unidata-nexrad-level2/2025/10/01/KOKX/KOKX20251001_230331_V06']"
T,C172,PAQ UUA /OV PAQ270005-PAQ /TM 1925 /FL005 /TP C172 /TB SEV /RM DURD RNAV10 (AKFSS,SEV,202510121935-KWBC-UBAK91-PIREP,500.0,61.59,-149.2551660033226,2025-10-12 19:25:00+00:00,5.0,0,L,"('PAHG', 'PAIH', 'PAIH', 'PAPD', 'PAKC')","['s3://unidata-nexrad-level2/2025/10/12/PAHG/PAHG20251012_192012_V06', 's3://unidata-nexrad-level2/2025/10/12/PAIH/PAIH20251012_192038_V06', 's3://unidata-nexrad-level2/2025/10/12/PAIH/PAIH20251012_192038_V06', 's3://unidata-nexrad-level2/2025/10/12/PAPD/PAPD20251012_192404_V06', 's3://unidata-nexrad-level2/2025/10/12/PAKC/PAKC20251012_192206_V06']"
T,B78X,UGN UUA /OV UGN/TM 0352/FL120/TP B78X/TB SEV FL110-130,SEV FL110-130,202510190300-KMSC-UBUS01-PIREP,12000.0,42.42216,-87.86791,2025-10-19 03:52:00+00:00,5.0,1,U,"('KMKX', 'KLOT', 'KGRR', 'KIWX', 'KGRB')","['s3://unidata-nexrad-level2/2025/10/19/KMKX/KMKX20251019_034739_V06', 's3://unidata-nexrad-level2/2025/10/19/KLOT/KLOT20251019_034836_V06', 's3://unidata-nexrad-level2/2025/10/19/KGRR/KGRR20251019_035032_V06', 's3://unidata-nexrad-level2/2025/10/19/KIWX/KIWX20251019_035038_V06', 's3://unidata-nexrad-level2/2025/10/19/KGRB/KGRB20251019_034950_V06']"
T,B763,CVG UUA /OV 35 W CVG/TM 0636/FL140/TP B763/TB MOD-SEVERE @ 140,MOD-SEVERE @ 140,202510070600-KMSC-UBUS01-PIREP,14000.0,39.04306,-85.42279788278806,2025-10-07 06:36:00+00:00,3.0,1,H,"('KIND', 'KLVX', 'KILN', 'KVWX', 'KIWX')","['s3://unidata-nexrad-level2/2025/10/07/KIND/KIND20251007_063519_V06', 's3://unidata-nexrad-level2/2025/10/07/KLVX/KLVX20251007_063218_V06', 's3://unidata-nexrad-level2/2025/10/07/KILN/KILN20251007_063239_V06', 's3://unidata-nexrad-level2/2025/10/07/KVWX/KVWX20251007_063352_V06', 's3://unidata-nexrad-level2/2025/10/07/KIWX/KIWX20251007_063157_V06']"
F,B738,MYNN UA /OV ZBV190030/TM 2122/FL180/TP B738/TB NEG/RM DURD,NEG,202510052100-KMSC-UBUS01-PIREP,18000.0,25.177556238740017,-79.39633944299985,2025-10-05 21:22:00+00:00,0.0,0,M,"('KAMX', 'KAMX', 'KBYX', 'KMLB', 'KTBW')","['s3://unidata-nexrad-level2/2025/10/05/KAMX/KAMX20251005_212051_V06', 's3://unidata-nexrad-level2/2025/10/05/KAMX/KAMX20251005_212051_V06', 's3://unidata-nexrad-level2/2025/10/05/KBYX/KBYX20251005_212046_V06', 's3://unidata-nexrad-level2/2025/10/05/KMLB/KMLB20251005_211907_V06', 's3://unidata-nexrad-level2/2025/10/05/KTBW/KTBW20251005_211536_V06']"
F,EA50,RIL UA /OV RIL120020/TM 1909/FL171/TP EA50/TB CONS LGT CHOP/RM DURC ZDVWC-11,CONS LGT CHOP,202510031900-KMSC-UBUS01-PIREP,17100.0,39.35962983331984,-107.35265452878798,2025-10-03 19:09:00+00:00,1.0,0,U,"('KGJX', 'KFTG', 'KPUX', 'KCYS', 'KRIW')","['s3://unidata-nexrad-level2/2025/10/03/KGJX/KGJX20251003_190348_V06', 's3://unidata-nexrad-level2/2025/10/03/KFTG/KFTG20251003_190750_V06', 's3://unidata-nexrad-level2/2025/10/03/KPUX/KPUX20251003_190512_V06', 's3://unidata-nexrad-level2/2025/10/03/KCYS/KCYS20251003_190001_V06', 's3://unidata-nexrad-level2/2025/10/03/KRIW/KRIW20251003_190831_V06']"
F,E75L,PKB UA /OV CTW120010/TM 2338/FL320/TP E75L/TB CONS LGT,CONS LGT,202510272300-KMSC-UBUS01-PIREP,32000.0,40.14665991665992,-81.29092703772876,2025-10-27 23:38:00+00:00,1.0,0,U,"('KPBZ', 'KCLE', 'KILN', 'KRLX', 'KCCX')","['s3://unidata-nexrad-level2/2025/10/27/KPBZ/KPBZ20251027_233451_V06', 's3://unidata-nexrad-level2/2025/10/27/KCLE/KCLE20251027_233632_V06', 's3://unidata-nexrad-level2/2025/10/27/KILN/KILN20251027_233436_V06', 's3://unidata-nexrad-level2/2025/10/27/KRLX/KRLX20251027_233531_V06', 's3://unidata-nexrad-level2/2025/10/27/KCCX/KCCX20251027_233707_V06']"
F,B737,DFW UA /OV 10 N DFW/TM 1416/FL040/TP B737/TB MOD,MOD,202510281400-KMSC-UBUS01-PIREP,4000.0,33.06351016668017,-97.038,2025-10-28 14:16:00+00:00,3.0,0,M,"('KFWS', 'KDYX', 'KFDR', 'KOUN', 'KTLX')","['s3://unidata-nexrad-level2/2025/10/28/KFWS/KFWS20251028_140810_V06', 's3://unidata-nexrad-level2/2025/10/28/KDYX/KDYX20251028_141444_V06', 's3://unidata-nexrad-level2/2025/10/28/KFDR/KFDR20251028_141302_V06', 's3://unidata-nexrad-level2/2025/10/28/KTLX/KTLX20251028_141350_V06']"
F,B77L,UUA /OV 4350N06447W /TM 2305 /FL310 /TP B77L /TB SEV CAT /RM APRX 100NM SE CYHZ ***COR COPY,SEV CAT,202510012314-CYXU-UACN01-PIREP,31000.0,43.8333,-64.7833,2025-10-01 23:05:00+00:00,5.0,0,U,"('KCBW', 'KGYX', 'KBOX', 'KCXX', 'KOKX')","['s3://unidata-nexrad-level2/2025/10/01/KCBW/KCBW20251001_225927_V06', 's3://unidata-nexrad-level2/2025/10/01/KGYX/KGYX20251001_225956_V06', 's3://unidata-nexrad-level2/2025/10/01/KBOX/KBOX20251001_230240_V06', 's3://unidata-nexrad-level2/2025/10/01/KCXX/KCXX20251001_230127_V06', 's3://unidata-nexrad-level2/2025/10/01/KOKX/KOKX20251001_230331_V06']"
T,C56X,ASE UUA /OV HAREI/TM 2340/FL170/TP C56X/TA M08/TB SEV TURB/IC LGT RIME/RM DURD,SEV TURB,202510042300-KMSC-UBUS01-PIREP,17000.0,40.23,-77.02,2025-10-04 23:40:00+00:00,5.0,0,M,"('KCCX', 'KLWX', 'KDOX', 'KDIX', 'KBGM')","['s3://unidata-nexrad-level2/2025/10/04/KCCX/KCCX20251004_233336_V06', 's3://unidata-nexrad-level2/2025/10/04/KLWX/KLWX20251004_233711_V06', 's3://unidata-nexrad-level2/2025/10/04/KDOX/KDOX20251004_233852_V06', 's3://unidata-nexrad-level2/2025/10/04/KDIX/KDIX20251004_233332_V06', 's3://unidata-nexrad-level2/2025/10/04/KBGM/KBGM20251004_233603_V06']"
F,C172,UUA /OV CYBW 360008 /TM 2110 /FL060 /TP C172 /TB SEV,SEV,202510242115-CYEG-UACN01-PIREP,6000.0,51.23640413334413,-114.37444,2025-10-24 21:10:00+00:00,5.0,0,L,"('KMSX', 'KTFX', 'KOTX', 'KPDT', 'KBLX')","['s3://unidata-nexrad-level2/2025/10/24/KMSX/KMSX20251024_210632_V06', 's3://unidata-nexrad-level2/2025/10/24/KTFX/KTFX20251024_210521_V06', 's3://unidata-nexrad-level2/2025/10/24/KOTX/KOTX20251024_210731_V06', 's3://unidata-nexrad-level2/2025/10/24/KPDT/KPDT20251024_210707_V06', 's3://unidata-nexrad-level2/2025/10/24/KBLX/KBLX20251024_210530_V06']"
T,BE20,W99 UUA /OV ESL145020/TM 2139/FL080/TP BE20/TB SEV,SEV,202510212100-KMSC-UBUS01-PIREP,8000.0,38.95692720144302,-78.74315735692741,2025-10-21 21:39:00+00:00,5.0,0,M,"('KLWX', 'KPBZ', 'KCCX', 'KFCX', 'KAKQ')","['s3://unidata-nexrad-level2/2025/10/21/KLWX/KLWX20251021_213827_V06', 's3://unidata-nexrad-level2/2025/10/21/KPBZ/KPBZ20251021_213545_V06', 's3://unidata-nexrad-level2/2025/10/21/KCCX/KCCX20251021_213625_V06', 's3://unidata-nexrad-level2/2025/10/21/KFCX/KFCX20251021_213455_V06', 's3://unidata-nexrad-level2/2025/10/21/KAKQ/KAKQ20251021_213431_V06']"
F,B738,DEN UA /OV DEN345040/TM 2221/FL370/TP B738/TB CONS MOD/RM ZDVWC-34,CONS MOD,202510232200-KMSC-UBUS01-PIREP,37000.0,40.47680271090616,-104.88221180652518,2025-10-23 22:21:00+00:00,3.0,0,M,"('KCYS', 'KFTG', 'KPUX', 'KGLD', 'KGJX')","['s3://unidata-nexrad-level2/2025/10/23/KCYS/KCYS20251023_221118_V06', 's3://unidata-nexrad-level2/2025/10/23/KFTG/KFTG20251023_221952_V06', 's3://unidata-nexrad-level2/2025/10/23/KPUX/KPUX20251023_221817_V06', 's3://unidata-nexrad-level2/2025/10/23/KGLD/KGLD20251023_221932_V06', 's3://unidata-nexrad-level2/2025/10/23/KGJX/KGJX20251023_221806_V06']"
F,B757,UUA /OV 4257N06246W /TM 0420 /FL290 /TP B757 /TB SEV,SEV,202510140422-CYXU-UACN01-PIREP,29000.0,42.95,-62.7666,2025-10-14 04:20:00+00:00,5.0,0,M,"('KCBW', 'KGYX', 'KBOX', 'KOKX', 'KCXX')","['s3://unidata-nexrad-level2/2025/10/14/KCBW/KCBW20251014_041544_V06', 's3://unidata-nexrad-level2/2025/10/14/KGYX/KGYX20251014_041840_V06', 's3://unidata-nexrad-level2/2025/10/14/KBOX/KBOX20251014_041733_V06', 's3://unidata-nexrad-level2/2025/10/14/KOKX/KOKX20251014_041602_V06', 's3://unidata-nexrad-level2/2025/10/14/KCXX/KCXX20251014_041603_V06']"
F,A21N,BLM UA /OV COL/TM 1638/FL170/TP A21N/TB NEG,NEG,202510161600-KMSC-UBUS01-PIREP,17000.0,40.31,-74.16,2025-10-16 16:38:00+00:00,0.0,1,U,"('KDIX', 'KOKX', 'KDOX', 'KENX', 'KBGM')","['s3://unidata-nexrad-level2/2025/10/16/KDIX/KDIX20251016_170432_V06', 's3://unidata-nexrad-level2/2025/10/16/KOKX/KOKX20251016_163517_V06', 's3://unidata-nexrad-level2/2025/10/16/KDOX/KDOX20251016_163008_V06', 's3://unidata-nexrad-level2/2025/10/16/KENX/KENX20251016_163557_V06']"
F,B738,F17 UA /OV OCH053031 /TM 1723 /FL260 /TP B738 /TB CONS LGT CHOP,CONS LGT CHOP,202510271700-KMSC-UBUS01-PIREP,26000.0,31.8887429479458,-94.22505544738304,2025-10-27 17:23:00+00:00,1.0,0,M,"('KSHV', 'KPOE', 'KLCH', 'KHGX', 'KFWS')","['s3://unidata-nexrad-level2/2025/10/27/KSHV/KSHV20251027_171723_V06', 's3://unidata-nexrad-level2/2025/10/27/KPOE/KPOE20251027_172136_V06', 's3://unidata-nexrad-level2/2025/10/27/KLCH/KLCH20251027_172016_V06', 's3://unidata-nexrad-level2/2025/10/27/KHGX/KHGX20251027_171948_V06', 's3://unidata-nexrad-level2/2025/10/27/KFWS/KFWS20251027_171658_V06']"
F,A319,ICR UA /OV ICR/TM 2013/FL370/TP A319/TB NEG,NEG,202510172000-KMSC-UBUS01-PIREP,37000.0,43.39026,-99.84217,2025-10-17 20:13:00+00:00,0.0,0,M,"('KLNX', 'KFSD', 'KUDX', 'KABR', 'KUEX')","['s3://unidata-nexrad-level2/2025/10/17/KLNX/KLNX20251017_200810_V06', 's3://unidata-nexrad-level2/2025/10/17/KFSD/KFSD20251017_201213_V06', 's3://unidata-nexrad-level2/2025/10/17/KUDX/KUDX20251017_201119_V06', 's3://unidata-nexrad-level2/2025/10/17/KABR/KABR20251017_200853_V06', 's3://unidata-nexrad-level2/2025/10/17/KUEX/KUEX20251017_201105_V06']"
T,COL3,ROA UUA /OV BCB100003/TM 1605/FL053/TP COL3/TB SEV/RM SEVERE DOWNDRAFT LOST 1000FT,SEV,202510191700-KMSC-UBUS01-PIREP,5300.0,37.19895688784083,-80.3460001049475,2025-10-19 16:05:00+00:00,5.0,0,L,"('KFCX', 'KRLX', 'KRAX', 'KJKL', 'KGSP')","['s3://unidata-nexrad-level2/2025/10/19/KFCX/KFCX20251019_160247_V06', 's3://unidata-nexrad-level2/2025/10/19/KRLX/KRLX20251019_160259_V06', 's3://unidata-nexrad-level2/2025/10/19/KRAX/KRAX20251019_160350_V06', 's3://unidata-nexrad-level2/2025/10/19/KJKL/KJKL20251019_160335_V06', 's3://unidata-nexrad-level2/2025/10/19/KGSP/KGSP20251019_160348_V06']"
F,B763,DFW UA /OV FUZ180030/TM 1049/FL220/TP B763/TB CONS MOD CAT 190-220/RM ZFW46,CONS MOD CAT 190-220,202510251000-KMSC-UBUS01-PIREP,22000.0,32.3899594999595,-97.18,2025-10-25 10:49:00+00:00,3.0,1,H,"('KFWS', 'KGRK', 'KDYX', 'KFDR', 'KEWX')","['s3://unidata-nexrad-level2/2025/10/25/KFWS/KFWS20251025_104730_V06', 's3://unidata-nexrad-level2/2025/10/25/KGRK/KGRK20251025_104526_V06', 's3://unidata-nexrad-level2/2025/10/25/KDYX/KDYX20251025_104247_V06', 's3://unidata-nexrad-level2/2025/10/25/KFDR/KFDR20251025_104538_V06', 's3://unidata-nexrad-level2/2025/10/25/KEWX/KEWX20251025_104443_V06']"
F,C172,UUA /OV CYBW 293008 /TM 1553 /FL055 /TP C172 /TB SEV,SEV,202510201555-CYEG-UACN01-PIREP,5500.0,51.15516170369898,-114.56991654169926,2025-10-20 15:53:00+00:00,5.0,0,L,"('KMSX', 'KOTX', 'KTFX', 'KPDT', 'KCBX')","['s3://unidata-nexrad-level2/2025/10/20/KMSX/KMSX20251020_160002_V06', 's3://unidata-nexrad-level2/2025/10/20/KOTX/KOTX20251020_160006_V06', 's3://unidata-nexrad-level2/2025/10/20/KTFX/KTFX20251020_160000_V06', 's3://unidata-nexrad-level2/2025/10/20/KPDT/KPDT20251020_160004_V06', 's3://unidata-nexrad-level2/2025/10/20/KCBX/KCBX20251020_160003_V06']"
F,LJ75,TUL UA /OV TUL/TM 2110/FL080/TP LJ75/TB MOD TURB,MOD TURB,202510212100-KMSC-UBUS01-PIREP,8000.0,36.19839,-95.88811,2025-10-21 21:10:00+00:00,3.0,0,U,"('KINX', 'KTLX', 'KSRX', 'KOUN', 'KICT')","['s3://unidata-nexrad-level2/2025/10/21/KINX/KINX20251021_210623_V06', 's3://unidata-nexrad-level2/2025/10/21/KTLX/KTLX20251021_210520_V06', 's3://unidata-nexrad-level2/2025/10/21/KSRX/KSRX20251021_210522_V06', 's3://unidata-nexrad-level2/2025/10/21/KICT/KICT20251021_210557_V06']"
F,B752,ATL UA /OV MCN008019/TM 1539/FL150/TP B752/TB MOD CHOP 130-150/IC NEG ZTLFD-19,MOD CHOP 130-150,202510191500-KMSC-UBUS01-PIREP,15000.0,33.006460288836195,-83.5968380966466,2025-10-19 15:39:00+00:00,3.0,0,M,"('KJGX', 'KFFC', 'KMXX', 'KCLX', 'KVAX')","['s3://unidata-nexrad-level2/2025/10/19/KJGX/KJGX20251019_153804_V06', 's3://unidata-nexrad-level2/2025/10/19/KFFC/KFFC20251019_153836_V06', 's3://unidata-nexrad-level2/2025/10/19/KMXX/KMXX20251019_152601_V06', 's3://unidata-nexrad-level2/2025/10/19/KCLX/KCLX20251019_152922_V06', 's3://unidata-nexrad-level2/2025/10/19/KVAX/KVAX20251019_153552_V06']"
T,B739,GSO UUA /OV INT/TM 0330/FL210/TP B739/TB SEV 215-140,SEV 215-140,202510300300-KMSC-UBUS01-PIREP,21000.0,36.13372,-80.222,2025-10-30 03:30:00+00:00,5.0,0,M,"('KFCX', 'KRAX', 'KGSP', 'KCAE', 'KRLX')","['s3://unidata-nexrad-level2/2025/10/30/KFCX/KFCX20251030_032452_V06', 's3://unidata-nexrad-level2/2025/10/30/KRAX/KRAX20251030_032722_V06', 's3://unidata-nexrad-level2/2025/10/30/KGSP/KGSP20251030_032126_V06', 's3://unidata-nexrad-level2/2025/10/30/KCAE/KCAE20251030_032420_V06', 's3://unidata-nexrad-level2/2025/10/30/KRLX/KRLX20251030_032646_V06']"
F,B737,DEN UA /OV DEN/TM 0404/FL075/TP B737/SK VMC/TB NEG ON FIANL RWY16L,NEG ON FIANL RWY16L,202510110400-KMSC-UBUS01-PIREP,7500.0,39.8328,-104.6575,2025-10-11 04:04:00+00:00,0.0,0,M,"('KFTG', 'KCYS', 'KPUX', 'KGLD', 'KGJX')","['s3://unidata-nexrad-level2/2025/10/11/KFTG/KFTG20251011_040335_V06', 's3://unidata-nexrad-level2/2025/10/11/KCYS/KCYS20251011_035942_V06', 's3://unidata-nexrad-level2/2025/10/11/KPUX/KPUX20251011_040041_V06', 's3://unidata-nexrad-level2/2025/10/11/KGLD/KGLD20251011_040013_V06', 's3://unidata-nexrad-level2/2025/10/11/KGJX/KGJX20251011_040137_V06']"
F,A306,MBPV UA /OV PVN025114/TM 0127/FL360/TP A306/TB MOD,MOD,202510250100-KMSC-UBUS01-PIREP,36000.0,23.49212427627754,-71.39528921596747,2025-10-25 01:27:00+00:00,3.0,0,H,"('KAMX', 'KAMX', 'KMLB', 'KBYX', 'KTBW')","['s3://unidata-nexrad-level2/2025/10/25/KAMX/KAMX20251025_012631_V06', 's3://unidata-nexrad-level2/2025/10/25/KAMX/KAMX20251025_012631_V06', 's3://unidata-nexrad-level2/2025/10/25/KMLB/KMLB20251025_012053_V06', 's3://unidata-nexrad-level2/2025/10/25/KBYX/KBYX20251025_012642_V06', 's3://unidata-nexrad-level2/2025/10/25/KTBW/KTBW20251025_012243_V06']"
F,B77L,DNS UA /OV DNS/TM 1049/FL300/TP B77L/TB NEG,NEG,202510231000-KMSC-UBUS01-PIREP,30000.0,41.9841944444,-95.3799888889,2025-10-23 10:49:00+00:00,0.0,0,U,"('KOAX', 'KDMX', 'KFSD', 'KUEX', 'KTWX')","['s3://unidata-nexrad-level2/2025/10/23/KOAX/KOAX20251023_104813_V06', 's3://unidata-nexrad-level2/2025/10/23/KDMX/KDMX20251023_104528_V06', 's3://unidata-nexrad-level2/2025/10/23/KFSD/KFSD20251023_104718_V06', 's3://unidata-nexrad-level2/2025/10/23/KUEX/KUEX20251023_104720_V06', 's3://unidata-nexrad-level2/2025/10/23/KTWX/KTWX20251023_104703_V06']"
F,E55P,FWA UA /OV FWA/TM 1706/FL200/TP E55P/TB MOD,MOD,202510191700-KMSC-UBUS01-PIREP,20000.0,40.97805,-85.18713,2025-10-19 17:06:00+00:00,3.0,0,U,"('KIWX', 'KIND', 'KILN', 'KGRR', 'KDTX')","['s3://unidata-nexrad-level2/2025/10/19/KIWX/KIWX20251019_170342_V06', 's3://unidata-nexrad-level2/2025/10/19/KIND/KIND20251019_170429_V06', 's3://unidata-nexrad-level2/2025/10/19/KILN/KILN20251019_170118_V06', 's3://unidata-nexrad-level2/2025/10/19/KGRR/KGRR20251019_170229_V06', 's3://unidata-nexrad-level2/2025/10/19/KDTX/KDTX20251019_170234_V06']"
T,P28B,APA UUA /OV FAP 35R/TM 1642/FL070/TP P28B/TB SEV/RM DURD FOUR MI FINAL,SEV,202510161600-KMSC-UBUS01-PIREP,7000.0,39.57,-104.85,2025-10-16 16:42:00+00:00,5.0,1,L,"('KFTG', 'KPUX', 'KCYS', 'KGLD', 'KGJX')","['s3://unidata-nexrad-level2/2025/10/16/KFTG/KFTG20251016_163736_V06', 's3://unidata-nexrad-level2/2025/10/16/KPUX/KPUX20251016_164034_V06', 's3://unidata-nexrad-level2/2025/10/16/KCYS/KCYS20251016_163219_V06', 's3://unidata-nexrad-level2/2025/10/16/KGLD/KGLD20251016_164054_V06', 's3://unidata-nexrad-level2/2025/10/16/KGJX/KGJX20251016_164048_V06']"
T,A20N,TRM UUA /OV PSP080030/TM 1935/FL290/TP A20N/TB SEV/RM COR SA-ID. ZLA CWSU,SEV,202510202000-KMSC-UBUS01-PIREP,29000.0,33.91650112159169,-115.91388156996238,2025-10-20 19:35:00+00:00,5.0,0,U,"('KNKX', 'KSOX', 'KEYX', 'KESX', 'KYUX')","['s3://unidata-nexrad-level2/2025/10/20/KNKX/KNKX20251020_190509_V06', 's3://unidata-nexrad-level2/2025/10/20/KSOX/KSOX20251020_190505_V06', 's3://unidata-nexrad-level2/2025/10/20/KEYX/KEYX20251020_190505_V06', 's3://unidata-nexrad-level2/2025/10/20/KESX/KESX20251020_190505_V06', 's3://unidata-nexrad-level2/2025/10/20/KYUX/KYUX20251020_190502_V06']"
T,C25B,MHK UUA /OV MHK180020/TM 0023/FL100/TP C25B/TB SEV 160-110/RM ZKC FDC FX,SEV 160-110,202510210000-KMSC-UBUS01-PIREP,10000.0,38.80191966663967,-96.67778,2025-10-21 00:23:00+00:00,5.0,0,U,"('KTWX', 'KICT', 'KEAX', 'KUEX', 'KVNX')","['s3://unidata-nexrad-level2/2025/10/21/KTWX/KTWX20251021_001652_V06', 's3://unidata-nexrad-level2/2025/10/21/KICT/KICT20251021_001419_V06', 's3://unidata-nexrad-level2/2025/10/21/KEAX/KEAX20251021_001844_V06', 's3://unidata-nexrad-level2/2025/10/21/KUEX/KUEX20251021_001527_V06', 's3://unidata-nexrad-level2/2025/10/21/KVNX/KVNX20251021_001811_V06']"
T,C172,SRC UUA /OV KSRC045015/TM 2007/FL045/TP C172/TB SEV/RM ZME,SEV,202510042000-KMSC-UBUS01-PIREP,4500.0,35.38679101422328,-91.5236212569316,2025-10-04 20:07:00+00:00,5.0,0,L,"('KLZK', 'KNQA', 'KSRX', 'KSGF', 'KPAH')","['s3://unidata-nexrad-level2/2025/10/04/KLZK/KLZK20251004_200346_V06', 's3://unidata-nexrad-level2/2025/10/04/KNQA/KNQA20251004_195942_V06', 's3://unidata-nexrad-level2/2025/10/04/KSRX/KSRX20251004_200047_V06', 's3://unidata-nexrad-level2/2025/10/04/KSGF/KSGF20251004_200550_V06', 's3://unidata-nexrad-level2/2025/10/04/KPAH/KPAH20251004_200435_V06']"
T,P28A,FFZ UUA /OV PXR090018/TM 2027/FL035/TP P28A/TB SEV,SEV,202510142000-KMSC-UBUS01-PIREP,3500.0,33.43,-111.61049981621842,2025-10-14 20:27:00+00:00,5.0,0,L,"('KIWA', 'KFSX', 'KFSX', 'KEMX', 'KYUX')","['s3://unidata-nexrad-level2/2025/10/14/KIWA/KIWA20251014_202024_V06', 's3://unidata-nexrad-level2/2025/10/14/KFSX/KFSX20251014_202413_V06', 's3://unidata-nexrad-level2/2025/10/14/KFSX/KFSX20251014_202413_V06', 's3://unidata-nexrad-level2/2025/10/14/KEMX/KEMX20251014_202453_V06', 's3://unidata-nexrad-level2/2025/10/14/KYUX/KYUX20251014_201817_V06']"
F,B739,ONL UA /OV ONL090030/TM 1535/FL350/TP B739/TB INTMT LGT,INTMT LGT,202510301500-KMSC-UBUS01-PIREP,35000.0,42.46972,-98.01016240502672,2025-10-30 15:35:00+00:00,1.0,0,M,"('KFSD', 'KUEX', 'KOAX', 'KLNX', 'KABR')","['s3://unidata-nexrad-level2/2025/10/30/KFSD/KFSD20251030_153322_V06', 's3://unidata-nexrad-level2/2025/10/30/KUEX/KUEX20251030_153339_V06', 's3://unidata-nexrad-level2/2025/10/30/KOAX/KOAX20251030_153213_V06', 's3://unidata-nexrad-level2/2025/10/30/KLNX/KLNX20251030_153150_V06', 's3://unidata-nexrad-level2/2025/10/30/KABR/KABR20251030_152901_V06']"
F,BCS1,CHO UA /OV GVE/TM 1720/FL370/TP BCS1/TB SEV 370,SEV 370,202510021700-KMSC-UBUS01-PIREP,37000.0,38.156,-78.1658,2025-10-02 17:20:00+00:00,5.0,0,U,"('KLWX', 'KAKQ', 'KFCX', 'KDOX', 'KRAX')","['s3://unidata-nexrad-level2/2025/10/02/KLWX/KLWX20251002_171851_V06', 's3://unidata-nexrad-level2/2025/10/02/KAKQ/KAKQ20251002_171801_V06', 's3://unidata-nexrad-level2/2025/10/02/KFCX/KFCX20251002_171858_V06', 's3://unidata-nexrad-level2/2025/10/02/KDOX/KDOX20251002_171448_V06', 's3://unidata-nexrad-level2/2025/10/02/KRAX/KRAX20251002_171358_V06']"
T,C140,ANC UUA /OV TED096006/TM 0200/FL010/TP C140/TB SEV/RM VFR REPORTED  A11,SEV,202510050200-KMSC-UBUS01-PIREP,1000.0,61.15954630699184,-149.78374185175417,2025-10-05 02:00:00+00:00,5.0,0,L,"('PAHG', 'PAIH', 'PAIH', 'PAPD', 'PAKC')","['s3://unidata-nexrad-level2/2025/10/05/PAHG/PAHG20251005_015439_V06', 's3://unidata-nexrad-level2/2025/10/05/PAIH/PAIH20251005_015653_V06', 's3://unidata-nexrad-level2/2025/10/05/PAIH/PAIH20251005_015653_V06', 's3://unidata-nexrad-level2/2025/10/05/PAPD/PAPD20251005_015709_V06', 's3://unidata-nexrad-level2/2025/10/05/PAKC/PAKC20251005_015729_V06']"
T,B739,ANC UUA /OV TED185007/TM 0045/FL080/TP B739/TB CONS SEV 080-026/RM DURD WITTI5 BTWEN POTTER WEIGH STATION AND POINT POSSESSION,CONS SEV 080-026,202510300000-KMSC-UBUS01-PIREP,8000.0,61.05376787117332,-150.011088202506,2025-10-30 00:45:00+00:00,5.0,0,M,"('PAHG', 'PAIH', 'PAIH', 'PAPD', 'PAKC')","['s3://unidata-nexrad-level2/2025/10/30/PAHG/PAHG20251030_004442_V06', 's3://unidata-nexrad-level2/2025/10/30/PAIH/PAIH20251030_004206_V06', 's3://unidata-nexrad-level2/2025/10/30/PAIH/PAIH20251030_004206_V06', 's3://unidata-nexrad-level2/2025/10/30/PAPD/PAPD20251030_003756_V06']"
F,CRJ9,CMH UA /OV 2I4/TM 1702/FL250/TP CRJ9/WX RA/TB LGT CHOP/IC NEG,LGT CHOP,202510071700-KMSC-UBUS01-PIREP,25000.0,39.99139,-82.88083,2025-10-07 17:02:00+00:00,1.0,1,U,"('KILN', 'KCLE', 'KRLX', 'KPBZ', 'KJKL')","['s3://unidata-nexrad-level2/2025/10/07/KILN/KILN20251007_170102_V06', 's3://unidata-nexrad-level2/2025/10/07/KCLE/KCLE20251007_170021_V06', 's3://unidata-nexrad-level2/2025/10/07/KRLX/KRLX20251007_165826_V06', 's3://unidata-nexrad-level2/2025/10/07/KPBZ/KPBZ20251007_170006_V06', 's3://unidata-nexrad-level2/2025/10/07/KJKL/KJKL20251007_170039_V06']"
F,A320,PMD UA /OV PMD120010/TM 0258/FL250/TP A320/SK BKN008-TOP013/TB CONS LGT CHOP/RM COR SA-ID. ZLA CWSU,CONS LGT CHOP,202510070300-KMSC-UBUS01-PIREP,25000.0,34.54604991665992,-117.90912296144076,2025-10-07 02:58:00+00:00,1.0,0,M,"('KEYX', 'KSOX', 'KVTX', 'KNKX', 'KVBX')","['s3://unidata-nexrad-level2/2025/10/07/KEYX/KEYX20251007_025145_V06', 's3://unidata-nexrad-level2/2025/10/07/KSOX/KSOX20251007_025331_V06', 's3://unidata-nexrad-level2/2025/10/07/KVTX/KVTX20251007_025414_V06', 's3://unidata-nexrad-level2/2025/10/07/KNKX/KNKX20251007_025513_V06', 's3://unidata-nexrad-level2/2025/10/07/KVBX/KVBX20251007_025119_V06']"
F,A321,TAD UA /OV TBE025055/TM 1818/FL300/TP A321/TB CONS LT OCNL MOD CHOP/RM ZAB FDCS,CONS LT OCNL MOD CHOP,202510231800-KMSC-UBUS01-PIREP,30000.0,38.10084943153741,-103.11314903658877,2025-10-23 18:18:00+00:00,3.0,0,M,"('KPUX', 'KFTG', 'KGLD', 'KDDC', 'KAMA')","['s3://unidata-nexrad-level2/2025/10/23/KPUX/KPUX20251023_181525_V06', 's3://unidata-nexrad-level2/2025/10/23/KFTG/KFTG20251023_181124_V06', 's3://unidata-nexrad-level2/2025/10/23/KGLD/KGLD20251023_181713_V06', 's3://unidata-nexrad-level2/2025/10/23/KDDC/KDDC20251023_181142_V06', 's3://unidata-nexrad-level2/2025/10/23/KAMA/KAMA20251023_181220_V06']"
F,C525,AHN UA /OV AHN090020/TM 1211/FL120/TP C525/SK SKC/TB NEG/RM ZTLFD 49,NEG,202510041200-KMSC-UBUS01-PIREP,12000.0,33.9486,-82.92448778809852,2025-10-04 12:11:00+00:00,0.0,0,L,"('KGSP', 'KJGX', 'KFFC', 'KCAE', 'KMRX')","['s3://unidata-nexrad-level2/2025/10/04/KGSP/KGSP20251004_120425_V06', 's3://unidata-nexrad-level2/2025/10/04/KJGX/KJGX20251004_120741_V06', 's3://unidata-nexrad-level2/2025/10/04/KFFC/KFFC20251004_121027_V06', 's3://unidata-nexrad-level2/2025/10/04/KCAE/KCAE20251004_120844_V06', 's3://unidata-nexrad-level2/2025/10/04/KMRX/KMRX20251004_121046_V06']"
F,GA5C,CSM UA /OV BFV260060/TM 1709/FL410/TP GA5C/TB NEG/RM SMOOTH ZFW49,NEG,202510311700-KMSC-UBUS01-PIREP,41000.0,35.066337756816615,-100.4158730818787,2025-10-31 17:09:00+00:00,0.0,0,U,"('KAMA', 'KFDR', 'KLBB', 'KVNX', 'KFDX')","['s3://unidata-nexrad-level2/2025/10/31/KAMA/KAMA20251031_170850_V06', 's3://unidata-nexrad-level2/2025/10/31/KFDR/KFDR20251031_170337_V06', 's3://unidata-nexrad-level2/2025/10/31/KLBB/KLBB20251031_170658_V06', 's3://unidata-nexrad-level2/2025/10/31/KVNX/KVNX20251031_170214_V06', 's3://unidata-nexrad-level2/2025/10/31/KFDX/KFDX20251031_170750_V06']"
F,BE35,HKY UA /OV BZM055025/TM 1753/FL110/TP BE35/SK TOP 110/TB CONS LGT-MOD CHOP 100/IC NEG/RM ZTLFD-47,CONS LGT-MOD CHOP 100,202510231800-KMSC-UBUS01-PIREP,11000.0,36.10900954003702,-80.818772619719,2025-10-23 17:53:00+00:00,2.0,0,L,"('KFCX', 'KGSP', 'KRAX', 'KCAE', 'KRLX')","['s3://unidata-nexrad-level2/2025/10/23/KFCX/KFCX20251023_174628_V06', 's3://unidata-nexrad-level2/2025/10/23/KGSP/KGSP20251023_174542_V06', 's3://unidata-nexrad-level2/2025/10/23/KRAX/KRAX20251023_174632_V06', 's3://unidata-nexrad-level2/2025/10/23/KRLX/KRLX20251023_175227_V06']"
F,A320,HLC UA /OV HLC/TM 2356/FL370/TP A320/TB CONS MOD /RM ZDVWC-18,CONS MOD,202510190000-KMSC-UBUS01-PIREP,37000.0,39.37556,-99.82972,2025-10-18 23:56:00+00:00,3.0,0,M,"('KDDC', 'KUEX', 'KGLD', 'KLNX', 'KICT')","['s3://unidata-nexrad-level2/2025/10/18/KDDC/KDDC20251018_235542_V06', 's3://unidata-nexrad-level2/2025/10/18/KUEX/KUEX20251018_235048_V06', 's3://unidata-nexrad-level2/2025/10/18/KGLD/KGLD20251018_234908_V06', 's3://unidata-nexrad-level2/2025/10/18/KLNX/KLNX20251018_235207_V06', 's3://unidata-nexrad-level2/2025/10/18/KICT/KICT20251018_235558_V06']"
F,C501,PHX UA /OV PXR050015/TM 2137/FL150/TP C501/TB SEV CAT TURB 150/RM ZAB FDCS,SEV CAT TURB 150,202510132100-KMSC-UBUS01-PIREP,15000.0,33.590709918883746,-111.74050573492823,2025-10-13 21:37:00+00:00,5.0,1,L,"('KIWA', 'KFSX', 'KFSX', 'KEMX', 'KYUX')","['s3://unidata-nexrad-level2/2025/10/13/KIWA/KIWA20251013_213325_V06', 's3://unidata-nexrad-level2/2025/10/13/KFSX/KFSX20251013_213557_V06', 's3://unidata-nexrad-level2/2025/10/13/KFSX/KFSX20251013_213557_V06', 's3://unidata-nexrad-level2/2025/10/13/KEMX/KEMX20251013_213635_V06', 's3://unidata-nexrad-level2/2025/10/13/KYUX/KYUX20251013_213246_V06']"
F,PC12,UUA /OV 6425N08355W /TM 1603 /FL270 /TP PC12 /TB SEV /RM SEV TURB F270,SEV,202510171611-CYQX-UACN01-PIREP,27000.0,64.4166,-83.9166,2025-10-17 16:03:00+00:00,5.0,0,L,"('KMQT', 'KDLH', 'KAPX', 'KGRB', 'KMVX')","['s3://unidata-nexrad-level2/2025/10/17/KMQT/KMQT20251017_160227_V06', 's3://unidata-nexrad-level2/2025/10/17/KDLH/KDLH20251017_160000_V06', 's3://unidata-nexrad-level2/2025/10/17/KAPX/KAPX20251017_155914_V06', 's3://unidata-nexrad-level2/2025/10/17/KGRB/KGRB20251017_155903_V06', 's3://unidata-nexrad-level2/2025/10/17/KMVX/KMVX20251017_155643_V06']"
F,A320,CID UA /OV CID/TM 1543/FL290/TP A320/TB MOD 310-330,MOD 310-330,202510221500-KMSC-UBUS01-PIREP,29000.0,41.882899,-91.724588,2025-10-22 15:43:00+00:00,3.0,0,M,"('KDVN', 'KARX', 'KDMX', 'KMKX', 'KILX')","['s3://unidata-nexrad-level2/2025/10/22/KDVN/KDVN20251022_154516_V06', 's3://unidata-nexrad-level2/2025/10/22/KARX/KARX20251022_153814_V06', 's3://unidata-nexrad-level2/2025/10/22/KDMX/KDMX20251022_153609_V06', 's3://unidata-nexrad-level2/2025/10/22/KMKX/KMKX20251022_154149_V06', 's3://unidata-nexrad-level2/2025/10/22/KILX/KILX20251022_154123_V06']"
F,B350,SGJ UA /OV SGJ090005/TM 2309/FL240/TP B350/TB NEG,NEG,202510202300-KMSC-UBUS01-PIREP,24000.0,29.95925,-81.2435266358724,2025-10-20 23:09:00+00:00,0.0,0,M,"('KJAX', 'KVAX', 'KMLB', 'KTBW', 'KCLX')","['s3://unidata-nexrad-level2/2025/10/20/KJAX/KJAX20251020_230508_V06', 's3://unidata-nexrad-level2/2025/10/20/KVAX/KVAX20251020_230638_V06', 's3://unidata-nexrad-level2/2025/10/20/KMLB/KMLB20251020_230812_V06', 's3://unidata-nexrad-level2/2025/10/20/KTBW/KTBW20251020_230519_V06', 's3://unidata-nexrad-level2/2025/10/20/KCLX/KCLX20251020_230506_V06']"
F,A319,DEN UA /OV DVV090020/TM 2319/FL360/TP A319/TB NEG/RM ZDVWC-61,NEG,202510162300-KMSC-UBUS01-PIREP,36000.0,39.89,-104.18552810467612,2025-10-16 23:19:00+00:00,0.0,0,M,"('KFTG', 'KCYS', 'KPUX', 'KGLD', 'KGJX')","['s3://unidata-nexrad-level2/2025/10/16/KFTG/KFTG20251016_231717_V06', 's3://unidata-nexrad-level2/2025/10/16/KCYS/KCYS20251016_231520_V06', 's3://unidata-nexrad-level2/2025/10/16/KPUX/KPUX20251016_231531_V06', 's3://unidata-nexrad-level2/2025/10/16/KGLD/KGLD20251016_231612_V06', 's3://unidata-nexrad-level2/2025/10/16/KGJX/KGJX20251016_231806_V06']"
T,TBM7,PDK UUA /OV PDK030040/TM 1102/FL080/TP TBM7/TB SEV/RM BETWEEN 080-100,SEV,202510271100-KMSC-UBUS01-PIREP,8000.0,34.4530070346082,-83.90045180633366,2025-10-27 11:02:00+00:00,5.0,0,L,"('KFFC', 'KGSP', 'KMRX', 'KJGX', 'KHTX')","['s3://unidata-nexrad-level2/2025/10/27/KFFC/KFFC20251027_105909_V06', 's3://unidata-nexrad-level2/2025/10/27/KGSP/KGSP20251027_105900_V06', 's3://unidata-nexrad-level2/2025/10/27/KMRX/KMRX20251027_110121_V06', 's3://unidata-nexrad-level2/2025/10/27/KJGX/KJGX20251027_105842_V06', 's3://unidata-nexrad-level2/2025/10/27/KHTX/KHTX20251027_110158_V06']"
T,B738,DEN UUA /OV DEN230050/TM 1814/FL160/TP B738/TB SEV,SEV,202510201800-KMSC-UBUS01-PIREP,16000.0,39.29710027038751,-105.48886864321388,2025-10-20 18:14:00+00:00,5.0,0,M,"('KFTG', 'KPUX', 'KCYS', 'KGJX', 'KGLD')","['s3://unidata-nexrad-level2/2025/10/20/KFTG/KFTG20251020_180509_V06', 's3://unidata-nexrad-level2/2025/10/20/KPUX/KPUX20251020_180503_V06', 's3://unidata-nexrad-level2/2025/10/20/KCYS/KCYS20251020_180504_V06', 's3://unidata-nexrad-level2/2025/10/20/KGJX/KGJX20251020_180509_V06', 's3://unidata-nexrad-level2/2025/10/20/KGLD/KGLD20251020_180505_V06']"
T,C510,DEN UUA /OV DEN320050/TM 2219/FL100/TP C510/TB SEV,SEV,202510042200-KMSC-UBUS01-PIREP,10000.0,40.47122207731744,-105.35510112189311,2025-10-04 22:19:00+00:00,5.0,1,U,"('KCYS', 'KFTG', 'KPUX', 'KGJX', 'KGLD')","['s3://unidata-nexrad-level2/2025/10/04/KCYS/KCYS20251004_221334_V06', 's3://unidata-nexrad-level2/2025/10/04/KFTG/KFTG20251004_221546_V06', 's3://unidata-nexrad-level2/2025/10/04/KPUX/KPUX20251004_221814_V06', 's3://unidata-nexrad-level2/2025/10/04/KGJX/KGJX20251004_221823_V06', 's3://unidata-nexrad-level2/2025/10/04/KGLD/KGLD20251004_221653_V06']"
F,C172,HFD UA /OV KHFD /TM 1443 /FL045 /TP C172 /TB LGT /RM BKN045 TO THE NW,LGT,202510231400-KMSC-UBUS01-PIREP,4500.0,41.73672,-72.64944,2025-10-23 14:43:00+00:00,1.0,0,L,"('KOKX', 'KBOX', 'KENX', 'KDIX', 'KCXX')","['s3://unidata-nexrad-level2/2025/10/23/KOKX/KOKX20251023_143617_V06', 's3://unidata-nexrad-level2/2025/10/23/KBOX/KBOX20251023_144132_V06', 's3://unidata-nexrad-level2/2025/10/23/KENX/KENX20251023_144114_V06', 's3://unidata-nexrad-level2/2025/10/23/KDIX/KDIX20251023_143911_V06', 's3://unidata-nexrad-level2/2025/10/23/KCXX/KCXX20251023_144239_V06']"
T,LJ31,GNV UUA /OV GNV190030/TM 1742/FL270/TP LJ31/TB SEV,SEV,202510061700-KMSC-UBUS01-PIREP,27000.0,29.199256238740016,-82.37597486805305,2025-10-06 17:42:00+00:00,5.0,1,M,"('KTBW', 'KVAX', 'KMLB', 'KJAX', 'KTLH')","['s3://unidata-nexrad-level2/2025/10/06/KTBW/KTBW20251006_174001_V06', 's3://unidata-nexrad-level2/2025/10/06/KVAX/KVAX20251006_173943_V06', 's3://unidata-nexrad-level2/2025/10/06/KMLB/KMLB20251006_174118_V06', 's3://unidata-nexrad-level2/2025/10/06/KJAX/KJAX20251006_174154_V06', 's3://unidata-nexrad-level2/2025/10/06/KTLH/KTLH20251006_173917_V06']"
T,CH7A,PAQ UUA /OV PAQ /TM 0055 /FL008 /TP CH7A /TB MOD /RM LLWS +/-10KT  OCNL MOD TURB BLO 008  CONS MOD TURB ABV 008 (AKFSS),MOD,202510020100-KMSC-UBUS01-PIREP,800.0,61.59,-149.08,2025-10-02 00:55:00+00:00,3.0,0,L,"('PAHG', 'PAIH', 'PAIH', 'PAPD', 'PAKC')","['s3://unidata-nexrad-level2/2025/10/02/PAHG/PAHG20251002_005145_V06', 's3://unidata-nexrad-level2/2025/10/02/PAIH/PAIH20251002_005301_V06', 's3://unidata-nexrad-level2/2025/10/02/PAIH/PAIH20251002_005301_V06', 's3://unidata-nexrad-level2/2025/10/02/PAPD/PAPD20251002_005315_V06', 's3://unidata-nexrad-level2/2025/10/02/PAKC/PAKC20251002_005336_V06']"
T,PA24,PRC UUA /OV DRK002027/TM 2106/FL115/TP PA24/TB SEV/RM ZAB/FDCS,SEV,202510262100-KMSC-UBUS01-PIREP,11500.0,35.14976229999067,-112.4608962361579,2025-10-26 21:06:00+00:00,5.0,0,L,"('KFSX', 'KFSX', 'KIWA', 'KESX', 'KICX')","['s3://unidata-nexrad-level2/2025/10/26/KFSX/KFSX20251026_210344_V06', 's3://unidata-nexrad-level2/2025/10/26/KFSX/KFSX20251026_210344_V06', 's3://unidata-nexrad-level2/2025/10/26/KIWA/KIWA20251026_210427_V06', 's3://unidata-nexrad-level2/2025/10/26/KESX/KESX20251026_210254_V06', 's3://unidata-nexrad-level2/2025/10/26/KICX/KICX20251026_210222_V06']"
F,A320,MBPV UA /OV PVN360060/TM 1144/FL360/TP A320/TB LGT CHOP,LGT CHOP,202510011100-KMSC-UBUS01-PIREP,36000.0,22.770081000081,-72.26,2025-10-01 11:44:00+00:00,1.0,0,M,"('KAMX', 'KAMX', 'KBYX', 'KMLB', 'KTBW')","['s3://unidata-nexrad-level2/2025/10/01/KAMX/KAMX20251001_114048_V06', 's3://unidata-nexrad-level2/2025/10/01/KAMX/KAMX20251001_114048_V06', 's3://unidata-nexrad-level2/2025/10/01/KBYX/KBYX20251001_114255_V06', 's3://unidata-nexrad-level2/2025/10/01/KMLB/KMLB20251001_114347_V06', 's3://unidata-nexrad-level2/2025/10/01/KTBW/KTBW20251001_114222_V06']"
T,B737,VRB UUA /OV TRV120080/TM 0154/FL260/TP B737/TB SEV,SEV,202510270200-KMSC-UBUS01-PIREP,26000.0,27.01327933327933,-79.18596695419515,2025-10-27 01:54:00+00:00,5.0,1,M,"('KMLB', 'KAMX', 'KAMX', 'KTBW', 'KBYX')","['s3://unidata-nexrad-level2/2025/10/27/KMLB/KMLB20251027_015245_V06', 's3://unidata-nexrad-level2/2025/10/27/KAMX/KAMX20251027_015040_V06', 's3://unidata-nexrad-level2/2025/10/27/KAMX/KAMX20251027_015040_V06', 's3://unidata-nexrad-level2/2025/10/27/KTBW/KTBW20251027_014953_V06', 's3://unidata-nexrad-level2/2025/10/27/KBYX/KBYX20251027_015345_V06']"
T,A21N,BHB UUA /OV BHB/TM 1917/FL240/TP A21N/TB SEV 240,SEV 240,202510281900-KMSC-UBUS01-PIREP,24000.0,44.449602,-68.361291,2025-10-28 19:17:00+00:00,5.0,0,U,"('KGYX', 'KCBW', 'KBOX', 'KCXX', 'KOKX')","['s3://unidata-nexrad-level2/2025/10/28/KGYX/KGYX20251028_191338_V06', 's3://unidata-nexrad-level2/2025/10/28/KCBW/KCBW20251028_191121_V06', 's3://unidata-nexrad-level2/2025/10/28/KBOX/KBOX20251028_191108_V06', 's3://unidata-nexrad-level2/2025/10/28/KCXX/KCXX20251028_191108_V06', 's3://unidata-nexrad-level2/2025/10/28/KOKX/KOKX20251028_191349_V06']"
F,B789,UA /OV 5727N10814W /TM 0151 /FL370 /TP B789 /TB MOD,MOD,202510250155-CYEG-UACN10-PIREP,37000.0,57.45,-108.2333,2025-10-25 01:51:00+00:00,3.0,0,U,"('KGGW', 'KTFX', 'KBLX', 'KMBX', 'KMSX')","['s3://unidata-nexrad-level2/2025/10/25/KGGW/KGGW20251025_014435_V06', 's3://unidata-nexrad-level2/2025/10/25/KTFX/KTFX20251025_014902_V06', 's3://unidata-nexrad-level2/2025/10/25/KBLX/KBLX20251025_014739_V06', 's3://unidata-nexrad-level2/2025/10/25/KMBX/KMBX20251025_014817_V06', 's3://unidata-nexrad-level2/2025/10/25/KMSX/KMSX20251025_014734_V06']"
F,B38M,LOZ UA /OV LVT/TM 1747/FL270/TP B38M/TB MOD CHOP/RM DURC,MOD CHOP,202510281700-KMSC-UBUS01-PIREP,27000.0,36.58,-85.17,2025-10-28 17:47:00+00:00,3.0,0,U,"('KMRX', 'KLVX', 'KOHX', 'KJKL', 'KHTX')","['s3://unidata-nexrad-level2/2025/10/28/KMRX/KMRX20251028_174027_V06', 's3://unidata-nexrad-level2/2025/10/28/KLVX/KLVX20251028_174248_V06', 's3://unidata-nexrad-level2/2025/10/28/KOHX/KOHX20251028_174002_V06', 's3://unidata-nexrad-level2/2025/10/28/KJKL/KJKL20251028_174508_V06', 's3://unidata-nexrad-level2/2025/10/28/KHTX/KHTX20251028_174206_V06']"
T,BE20,W99 UUA /OV ESL100020/TM 2140/FL070/TP BE20/TB SEV,SEV,202510212100-KMSC-UBUS01-PIREP,7000.0,39.17211258560553,-78.5661810749786,2025-10-21 21:40:00+00:00,5.0,0,M,"('KLWX', 'KCCX', 'KPBZ', 'KAKQ', 'KFCX')","['s3://unidata-nexrad-level2/2025/10/21/KLWX/KLWX20251021_213827_V06', 's3://unidata-nexrad-level2/2025/10/21/KCCX/KCCX20251021_213625_V06', 's3://unidata-nexrad-level2/2025/10/21/KPBZ/KPBZ20251021_213545_V06', 's3://unidata-nexrad-level2/2025/10/21/KAKQ/KAKQ20251021_213431_V06', 's3://unidata-nexrad-level2/2025/10/21/KFCX/KFCX20251021_213911_V06']"
F,A350,UUA /OV CYWK 315112 /TM 1135 /FL380 /TP A350 /TB SEV,SEV,202510311139-CYQB-UACN01-PIREP,38000.0,54.24725957286712,-69.06391130767571,2025-10-31 11:35:00+00:00,5.0,0,H,"('KCBW', 'KGYX', 'KCXX', 'KTYX', 'KBOX')","['s3://unidata-nexrad-level2/2025/10/31/KCBW/KCBW20251031_112929_V06', 's3://unidata-nexrad-level2/2025/10/31/KGYX/KGYX20251031_113304_V06', 's3://unidata-nexrad-level2/2025/10/31/KCXX/KCXX20251031_113109_V06', 's3://unidata-nexrad-level2/2025/10/31/KBOX/KBOX20251031_113436_V06']"
F,P46T,CPR UA /OV CPR180020/TM 1649/FL120/TP P46T/TB NEG/IC NEG/RM VMC DURC,NEG,202510111600-KMSC-UBUS01-PIREP,12000.0,42.57463966663967,-106.46442,2025-10-11 16:49:00+00:00,0.0,0,L,"('KRIW', 'KCYS', 'KFTG', 'KBLX', 'KGJX')","['s3://unidata-nexrad-level2/2025/10/11/KRIW/KRIW20251011_164528_V06', 's3://unidata-nexrad-level2/2025/10/11/KCYS/KCYS20251011_164618_V06', 's3://unidata-nexrad-level2/2025/10/11/KFTG/KFTG20251011_164842_V06', 's3://unidata-nexrad-level2/2025/10/11/KGJX/KGJX20251011_164224_V06']"
F,A321,DIK UA /OV DIK/TM 1551/FL350/TP A321/TB NEG,NEG,202510051500-KMSC-UBUS01-PIREP,35000.0,46.79733,-102.80186,2025-10-05 15:51:00+00:00,0.0,0,M,"('KBIS', 'KMBX', 'KGGW', 'KUDX', 'KABR')","['s3://unidata-nexrad-level2/2025/10/05/KBIS/KBIS20251005_154841_V06', 's3://unidata-nexrad-level2/2025/10/05/KMBX/KMBX20251005_154843_V06', 's3://unidata-nexrad-level2/2025/10/05/KGGW/KGGW20251005_154817_V06', 's3://unidata-nexrad-level2/2025/10/05/KUDX/KUDX20251005_154754_V06', 's3://unidata-nexrad-level2/2025/10/05/KABR/KABR20251005_154816_V06']"
T,C550,LAS UUA /OV LAS264041/TM 2234/FL160/TP C550/TB OCNL SEV/RM ONE SEV BUMP DURD,OCNL SEV,202510262200-KMSC-UBUS01-PIREP,16000.0,36.00046643111087,-116.00425472750145,2025-10-26 22:34:00+00:00,5.0,0,L,"('KESX', 'KEYX', 'KSOX', 'KHNX', 'KICX')","['s3://unidata-nexrad-level2/2025/10/26/KESX/KESX20251026_223105_V06', 's3://unidata-nexrad-level2/2025/10/26/KEYX/KEYX20251026_222723_V06', 's3://unidata-nexrad-level2/2025/10/26/KSOX/KSOX20251026_222728_V06', 's3://unidata-nexrad-level2/2025/10/26/KHNX/KHNX20251026_222744_V06', 's3://unidata-nexrad-level2/2025/10/26/KICX/KICX20251026_222947_V06']"
F,C172,LVK UA /OV LVK360001/TM 2151/FL014/TP C172/SK BKN/TB LGT,LGT,202510142100-KMSC-UBUS01-PIREP,1400.0,37.70974171666801,-121.81489621,2025-10-14 21:51:00+00:00,1.0,0,L,"('KDAX', 'KMUX', 'KBBX', 'KHNX', 'KRGX')","['s3://unidata-nexrad-level2/2025/10/14/KDAX/KDAX20251014_214710_V06', 's3://unidata-nexrad-level2/2025/10/14/KMUX/KMUX20251014_215037_V06', 's3://unidata-nexrad-level2/2025/10/14/KBBX/KBBX20251014_214845_V06', 's3://unidata-nexrad-level2/2025/10/14/KHNX/KHNX20251014_214801_V06', 's3://unidata-nexrad-level2/2025/10/14/KRGX/KRGX20251014_215034_V06']"
F,PA18,RNO UA /OV FMG210012/TM 1750/FL210/TP PA18/TB SEV,SEV,202510101800-KMSC-UBUS01-PIREP,21000.0,39.35678088961754,-119.78966318099306,2025-10-10 17:50:00+00:00,5.0,0,L,"('KRGX', 'KBBX', 'KDAX', 'KLRX', 'KMUX')","['s3://unidata-nexrad-level2/2025/10/10/KRGX/KRGX20251010_174423_V06', 's3://unidata-nexrad-level2/2025/10/10/KBBX/KBBX20251010_174446_V06', 's3://unidata-nexrad-level2/2025/10/10/KDAX/KDAX20251010_174929_V06', 's3://unidata-nexrad-level2/2025/10/10/KLRX/KLRX20251010_174811_V06', 's3://unidata-nexrad-level2/2025/10/10/KMUX/KMUX20251010_174858_V06']"
F,BE9L,PMD UA /OV BIH150020/TM 0250/FL160/TP BE9L/TB SEV,SEV,202510260200-KMSC-UBUS01-PIREP,16000.0,37.0844114826959,-118.15387015666818,2025-10-26 02:50:00+00:00,5.0,0,L,"('KHNX', 'KEYX', 'KVTX', 'KRGX', 'KVBX')","['s3://unidata-nexrad-level2/2025/10/26/KHNX/KHNX20251026_024808_V06', 's3://unidata-nexrad-level2/2025/10/26/KEYX/KEYX20251026_024837_V06', 's3://unidata-nexrad-level2/2025/10/26/KVTX/KVTX20251026_024933_V06', 's3://unidata-nexrad-level2/2025/10/26/KRGX/KRGX20251026_024828_V06', 's3://unidata-nexrad-level2/2025/10/26/KVBX/KVBX20251026_024529_V06']"
F,E170,CRS UA /OV CQY/TM 1042/FL200/TP E170/TB NEG/RM SMOOTH. ZFW29,NEG,202510051100-KMSC-UBUS01-PIREP,20000.0,32.19,-96.22,2025-10-05 10:42:00+00:00,0.0,0,U,"('KFWS', 'KGRK', 'KSHV', 'KDYX', 'KHGX')","['s3://unidata-nexrad-level2/2025/10/05/KFWS/KFWS20251005_103507_V06', 's3://unidata-nexrad-level2/2025/10/05/KGRK/KGRK20251005_104049_V06', 's3://unidata-nexrad-level2/2025/10/05/KSHV/KSHV20251005_103420_V06', 's3://unidata-nexrad-level2/2025/10/05/KDYX/KDYX20251005_103658_V06', 's3://unidata-nexrad-level2/2025/10/05/KHGX/KHGX20251005_104031_V06']"
F,BCS3,FFA UA /OV FFA /TM 2000 /FL310 /TP BCS3 /WV 00000KT /TB MOD 360-360 /RM L455 APPROACHING SKPPR FL360 FLYVIRGA,MOD 360-360,202510172000-KMSC-UBUS01-PIREP,31000.0,36.02,-75.67,2025-10-17 20:00:00+00:00,3.0,0,U,"('KAKQ', 'KMHX', 'KRAX', 'KDOX', 'KLTX')","['s3://unidata-nexrad-level2/2025/10/17/KAKQ/KAKQ20251017_195846_V06', 's3://unidata-nexrad-level2/2025/10/17/KMHX/KMHX20251017_195636_V06', 's3://unidata-nexrad-level2/2025/10/17/KRAX/KRAX20251017_195440_V06', 's3://unidata-nexrad-level2/2025/10/17/KDOX/KDOX20251017_195239_V06', 's3://unidata-nexrad-level2/2025/10/17/KLTX/KLTX20251017_195423_V06']"
T,C414,LKU UUA /OV MOL360020/TM 1553/FL075/TP C414/TB SEV 075,SEV 075,202510311600-KMSC-UBUS01-PIREP,7500.0,38.23336033336033,-79.11,2025-10-31 15:53:00+00:00,5.0,0,L,"('KLWX', 'KFCX', 'KRLX', 'KAKQ', 'KPBZ')","['s3://unidata-nexrad-level2/2025/10/31/KLWX/KLWX20251031_155046_V06', 's3://unidata-nexrad-level2/2025/10/31/KFCX/KFCX20251031_154800_V06', 's3://unidata-nexrad-level2/2025/10/31/KRLX/KRLX20251031_160628_V06', 's3://unidata-nexrad-level2/2025/10/31/KAKQ/KAKQ20251031_154610_V06', 's3://unidata-nexrad-level2/2025/10/31/KPBZ/KPBZ20251031_154749_V06']"
F,CRJ2,TEB UA /OV TEB/TM 2008/FL005/TP CRJ2/WV 28015G27/TB MOD TURB DURD RWY 24/RM LLWAS +- 10 KT DURD RWY 24,MOD TURB DURD RWY 24,202510202000-KMSC-UBUS01-PIREP,500.0,40.85899,-74.05616,2025-10-20 20:08:00+00:00,3.0,0,M,"('KOKX', 'KDIX', 'KENX', 'KBGM', 'KDOX')","['s3://unidata-nexrad-level2/2025/10/20/KOKX/KOKX20251020_200507_V06', 's3://unidata-nexrad-level2/2025/10/20/KDIX/KDIX20251020_200509_V06', 's3://unidata-nexrad-level2/2025/10/20/KENX/KENX20251020_200509_V06', 's3://unidata-nexrad-level2/2025/10/20/KBGM/KBGM20251020_200507_V06', 's3://unidata-nexrad-level2/2025/10/20/KDOX/KDOX20251020_200504_V06']"
T,C560,SEA UUA /OV SEA/TM 2137/FL190/TP C560/TB SEV CHOP/RM FL180-BLO OCNL LGT CHOP /ZSE,SEV CHOP,202510132100-KMSC-UBUS01-PIREP,19000.0,47.44469,-122.31437,2025-10-13 21:37:00+00:00,5.0,0,M,"('KLGX', 'KATX', 'KRTX', 'KPDT', 'KOTX')","['s3://unidata-nexrad-level2/2025/10/13/KLGX/KLGX20251013_213014_V06', 's3://unidata-nexrad-level2/2025/10/13/KATX/KATX20251013_213513_V06', 's3://unidata-nexrad-level2/2025/10/13/KRTX/KRTX20251013_212958_V06', 's3://unidata-nexrad-level2/2025/10/13/KPDT/KPDT20251013_213445_V06', 's3://unidata-nexrad-level2/2025/10/13/KOTX/KOTX20251013_213356_V06']"
T,C56X,PWM UUA /OV PWM270050/TM 1937/FL120/TP C56X/TB SEV,SEV,202510201900-KMSC-UBUS01-PIREP,12000.0,43.64243,-71.45606540872464,2025-10-20 19:37:00+00:00,5.0,0,M,"('KGYX', 'KCXX', 'KBOX', 'KENX', 'KOKX')","['s3://unidata-nexrad-level2/2025/10/20/KGYX/KGYX20251020_200004_V06', 's3://unidata-nexrad-level2/2025/10/20/KCXX/KCXX20251020_200001_V06', 's3://unidata-nexrad-level2/2025/10/20/KBOX/KBOX20251020_200002_V06', 's3://unidata-nexrad-level2/2025/10/20/KENX/KENX20251020_200003_V06', 's3://unidata-nexrad-level2/2025/10/20/KOKX/KOKX20251020_200001_V06']"
F,B738,HSI UA /OV HSI/TM 1630/FL290/TP B738/TB CONS LGT-MOD CHOP,CONS LGT-MOD CHOP,202510251600-KMSC-UBUS01-PIREP,29000.0,40.60525,-98.42789,2025-10-25 16:30:00+00:00,2.0,0,M,"('KUEX', 'KLNX', 'KOAX', 'KTWX', 'KGLD')","['s3://unidata-nexrad-level2/2025/10/25/KUEX/KUEX20251025_162730_V06', 's3://unidata-nexrad-level2/2025/10/25/KLNX/KLNX20251025_162319_V06', 's3://unidata-nexrad-level2/2025/10/25/KOAX/KOAX20251025_162748_V06', 's3://unidata-nexrad-level2/2025/10/25/KTWX/KTWX20251025_162814_V06', 's3://unidata-nexrad-level2/2025/10/25/KGLD/KGLD20251025_162924_V06']"
F,C56X,HTS UA /OV HNN005025/TM 0038/FL300/TP C56X/TB SEV,SEV,202510300000-KMSC-UBUS01-PIREP,30000.0,39.165114745809575,-81.98343177725917,2025-10-30 00:38:00+00:00,5.0,0,M,"('KRLX', 'KILN', 'KJKL', 'KPBZ', 'KCLE')","['s3://unidata-nexrad-level2/2025/10/30/KRLX/KRLX20251030_003445_V06', 's3://unidata-nexrad-level2/2025/10/30/KILN/KILN20251030_003454_V06', 's3://unidata-nexrad-level2/2025/10/30/KJKL/KJKL20251030_003548_V06', 's3://unidata-nexrad-level2/2025/10/30/KPBZ/KPBZ20251030_003347_V06', 's3://unidata-nexrad-level2/2025/10/30/KCLE/KCLE20251030_003629_V06']"
F,B763,UUA /OV CYHZ 225070 /TM 0250 /FL350 /TP B763 /TB SEV,SEV,202510020255-CYXU-UACN01-PIREP,35000.0,44.05580526695805,-64.67295196181654,2025-10-02 02:50:00+00:00,5.0,0,H,"('KCBW', 'KGYX', 'KBOX', 'KCXX', 'KOKX')","['s3://unidata-nexrad-level2/2025/10/02/KCBW/KCBW20251002_024626_V06', 's3://unidata-nexrad-level2/2025/10/02/KGYX/KGYX20251002_024958_V06', 's3://unidata-nexrad-level2/2025/10/02/KBOX/KBOX20251002_024747_V06', 's3://unidata-nexrad-level2/2025/10/02/KCXX/KCXX20251002_024357_V06', 's3://unidata-nexrad-level2/2025/10/02/KOKX/KOKX20251002_024844_V06']"
F,B752,TIF UA /OV TDD/TM 0108/FL360/TP B752/TB NEG/RM ZDVWC-33,NEG,202510290100-KMSC-UBUS01-PIREP,36000.0,41.98,-100.72,2025-10-29 01:08:00+00:00,0.0,0,M,"('KLNX', 'KUEX', 'KUDX', 'KGLD', 'KCYS')","['s3://unidata-nexrad-level2/2025/10/29/KLNX/KLNX20251029_010753_V06', 's3://unidata-nexrad-level2/2025/10/29/KUEX/KUEX20251029_010556_V06', 's3://unidata-nexrad-level2/2025/10/29/KUDX/KUDX20251029_010605_V06', 's3://unidata-nexrad-level2/2025/10/29/KCYS/KCYS20251029_010003_V06']"
F,C172,ATL UA /OV UKF/TM 1300/FL050/TP C172/TB LGT CHOP/IC NEG ZTLFD-45,LGT CHOP,202510241300-KMSC-UBUS01-PIREP,5000.0,36.22284,-81.09834,2025-10-24 13:00:00+00:00,1.0,0,L,"('KFCX', 'KGSP', 'KMRX', 'KRLX', 'KCAE')","['s3://unidata-nexrad-level2/2025/10/24/KFCX/KFCX20251024_125332_V06', 's3://unidata-nexrad-level2/2025/10/24/KGSP/KGSP20251024_125921_V06', 's3://unidata-nexrad-level2/2025/10/24/KMRX/KMRX20251024_125429_V06', 's3://unidata-nexrad-level2/2025/10/24/KRLX/KRLX20251024_125720_V06']"
T,B739,RNO UUA /OV RNO170004/TM 2217/FL070/TP B739/TB SEV 070-085/MOD ABV085/RM DURC,SEV 070-085,202510262200-KMSC-UBUS01-PIREP,7000.0,39.418230831832005,-119.7561094404408,2025-10-26 22:17:00+00:00,5.0,0,M,"('KRGX', 'KBBX', 'KDAX', 'KMUX', 'KHNX')","['s3://unidata-nexrad-level2/2025/10/26/KRGX/KRGX20251026_221456_V06', 's3://unidata-nexrad-level2/2025/10/26/KBBX/KBBX20251026_221319_V06', 's3://unidata-nexrad-level2/2025/10/26/KDAX/KDAX20251026_221240_V06', 's3://unidata-nexrad-level2/2025/10/26/KMUX/KMUX20251026_221253_V06', 's3://unidata-nexrad-level2/2025/10/26/KHNX/KHNX20251026_220814_V06']"
T,B739,RSW UUA /OV RSW140054/TM 1852/FL110/TP B739/TB SEV,SEV,202510021800-KMSC-UBUS01-PIREP,11000.0,25.84856415649717,-81.11003730591294,2025-10-02 18:52:00+00:00,5.0,0,M,"('KAMX', 'KAMX', 'KBYX', 'KTBW', 'KMLB')","['s3://unidata-nexrad-level2/2025/10/02/KAMX/KAMX20251002_184613_V06', 's3://unidata-nexrad-level2/2025/10/02/KAMX/KAMX20251002_184613_V06', 's3://unidata-nexrad-level2/2025/10/02/KBYX/KBYX20251002_184929_V06', 's3://unidata-nexrad-level2/2025/10/02/KTBW/KTBW20251002_184605_V06', 's3://unidata-nexrad-level2/2025/10/02/KMLB/KMLB20251002_185041_V06']"
T,737,JFK UUA /OV JFK145037/TM 0140/FL100/TP 737/TB SEV,SEV,202510310100-KMSC-UBUS01-PIREP,10000.0,40.1334253226696,-73.29606432772769,2025-10-31 01:40:00+00:00,5.0,0,M,"('KOKX', 'KDIX', 'KDOX', 'KBOX', 'KENX')","['s3://unidata-nexrad-level2/2025/10/31/KOKX/KOKX20251031_013729_V06', 's3://unidata-nexrad-level2/2025/10/31/KDIX/KDIX20251031_013942_V06', 's3://unidata-nexrad-level2/2025/10/31/KDOX/KDOX20251031_013714_V06', 's3://unidata-nexrad-level2/2025/10/31/KBOX/KBOX20251031_013543_V06', 's3://unidata-nexrad-level2/2025/10/31/KENX/KENX20251031_013818_V06']"
F,B737,MCO UA /OV MCO030015/TM 0009/FL100/TP B737/TB SEV,SEV,202510200000-KMSC-UBUS01-PIREP,10000.0,28.645913887978075,-81.16683684159064,2025-10-20 00:09:00+00:00,5.0,1,M,"('KMLB', 'KTBW', 'KJAX', 'KVAX', 'KAMX')","['s3://unidata-nexrad-level2/2025/10/20/KMLB/KMLB20251020_000506_V06', 's3://unidata-nexrad-level2/2025/10/20/KTBW/KTBW20251020_000849_V06', 's3://unidata-nexrad-level2/2025/10/20/KJAX/KJAX20251020_000509_V06', 's3://unidata-nexrad-level2/2025/10/20/KVAX/KVAX20251020_000840_V06', 's3://unidata-nexrad-level2/2025/10/20/KAMX/KAMX20251020_000842_V06']"
F,B738,PHX UA /OV PXR340042/TM 2015/FL160/TP B738/TB SEV,SEV,202510172000-KMSC-UBUS01-PIREP,16000.0,34.08783811517502,-112.25689804355936,2025-10-17 20:15:00+00:00,5.0,0,M,"('KIWA', 'KFSX', 'KFSX', 'KYUX', 'KEMX')","['s3://unidata-nexrad-level2/2025/10/17/KIWA/KIWA20251017_200803_V06', 's3://unidata-nexrad-level2/2025/10/17/KFSX/KFSX20251017_200628_V06', 's3://unidata-nexrad-level2/2025/10/17/KFSX/KFSX20251017_200628_V06', 's3://unidata-nexrad-level2/2025/10/17/KYUX/KYUX20251017_201251_V06', 's3://unidata-nexrad-level2/2025/10/17/KEMX/KEMX20251017_201457_V06']"
F,B763,MIE UA /OV MIE180005 /TM 0903 /FL007 /TP B763 /SK BKN007 /TB LGT CHOP /RM DURC,LGT CHOP,202510290900-KMSC-UBUS01-PIREP,700.0,40.15912991665992,-85.39575,2025-10-29 09:03:00+00:00,1.0,0,H,"('KIND', 'KIWX', 'KILN', 'KLVX', 'KGRR')","['s3://unidata-nexrad-level2/2025/10/29/KIND/KIND20251029_090151_V06', 's3://unidata-nexrad-level2/2025/10/29/KIWX/KIWX20251029_085914_V06', 's3://unidata-nexrad-level2/2025/10/29/KILN/KILN20251029_090236_V06', 's3://unidata-nexrad-level2/2025/10/29/KLVX/KLVX20251029_090254_V06', 's3://unidata-nexrad-level2/2025/10/29/KGRR/KGRR20251029_090024_V06']"
F,B738,HUF UA /OV TTH/TM 1054/FL370/TP B738/TB NEG,NEG,202510191100-KMSC-UBUS01-PIREP,37000.0,39.49,-87.25,2025-10-19 10:54:00+00:00,0.0,0,M,"('KIND', 'KVWX', 'KILX', 'KLVX', 'KILN')","['s3://unidata-nexrad-level2/2025/10/19/KIND/KIND20251019_105225_V06', 's3://unidata-nexrad-level2/2025/10/19/KVWX/KVWX20251019_105001_V06', 's3://unidata-nexrad-level2/2025/10/19/KILX/KILX20251019_104807_V06', 's3://unidata-nexrad-level2/2025/10/19/KLVX/KLVX20251019_105247_V06', 's3://unidata-nexrad-level2/2025/10/19/KILN/KILN20251019_105155_V06']"
F,C560,BWG UA /OV BWG/TM 1657/FL410/TP C560/TB CONS LGT-MOD/RM ZME,CONS LGT-MOD,202510191700-KMSC-UBUS01-PIREP,41000.0,36.96453,-86.41967,2025-10-19 16:57:00+00:00,2.0,0,M,"('KOHX', 'KHPX', 'KLVX', 'KVWX', 'KPAH')","['s3://unidata-nexrad-level2/2025/10/19/KOHX/KOHX20251019_165201_V06', 's3://unidata-nexrad-level2/2025/10/19/KHPX/KHPX20251019_165329_V06', 's3://unidata-nexrad-level2/2025/10/19/KLVX/KLVX20251019_165630_V06', 's3://unidata-nexrad-level2/2025/10/19/KVWX/KVWX20251019_165305_V06', 's3://unidata-nexrad-level2/2025/10/19/KPAH/KPAH20251019_165007_V06']"
F,C680,ASE UA /OV ASE330004/TM 1925/FL100/TP C680/TB LGT CHOP,LGT CHOP,202510031900-KMSC-UBUS01-PIREP,10000.0,39.28090970346082,-106.911891513729,2025-10-03 19:25:00+00:00,1.0,0,U,"('KGJX', 'KFTG', 'KPUX', 'KCYS', 'KRIW')","['s3://unidata-nexrad-level2/2025/10/03/KGJX/KGJX20251003_192026_V06', 's3://unidata-nexrad-level2/2025/10/03/KFTG/KFTG20251003_192154_V06', 's3://unidata-nexrad-level2/2025/10/03/KPUX/KPUX20251003_191926_V06', 's3://unidata-nexrad-level2/2025/10/03/KCYS/KCYS20251003_192109_V06', 's3://unidata-nexrad-level2/2025/10/03/KRIW/KRIW20251003_192131_V06']"
F,B38M,GUC UA /OV HBU/TM 1408/FL390/TP B38M/TB CONS LGT CHOP/RM ZDVWC-65,CONS LGT CHOP,202510251400-KMSC-UBUS01-PIREP,39000.0,38.45,-107.04,2025-10-25 14:08:00+00:00,1.0,0,U,"('KGJX', 'KPUX', 'KFTG', 'KCYS', 'KABX')","['s3://unidata-nexrad-level2/2025/10/25/KGJX/KGJX20251025_140647_V06', 's3://unidata-nexrad-level2/2025/10/25/KPUX/KPUX20251025_140133_V06', 's3://unidata-nexrad-level2/2025/10/25/KFTG/KFTG20251025_140305_V06', 's3://unidata-nexrad-level2/2025/10/25/KCYS/KCYS20251025_140622_V06', 's3://unidata-nexrad-level2/2025/10/25/KABX/KABX20251025_140209_V06']"
F,B39M,SGJ UA /OV SGJ090010/TM 1409/FL320/TP B39M/TB OCNL LGT,OCNL LGT,202510301400-KMSC-UBUS01-PIREP,32000.0,29.95925,-81.1473332717448,2025-10-30 14:09:00+00:00,1.0,0,U,"('KJAX', 'KVAX', 'KMLB', 'KTBW', 'KTLH')","['s3://unidata-nexrad-level2/2025/10/30/KJAX/KJAX20251030_140306_V06', 's3://unidata-nexrad-level2/2025/10/30/KVAX/KVAX20251030_140255_V06', 's3://unidata-nexrad-level2/2025/10/30/KMLB/KMLB20251030_140811_V06', 's3://unidata-nexrad-level2/2025/10/30/KTBW/KTBW20251030_140809_V06', 's3://unidata-nexrad-level2/2025/10/30/KTLH/KTLH20251030_140257_V06']"
T,B763,BHB UUA /OV BHB/TM 1926/FL360/TP B763/TB SEV,SEV,202510281900-KMSC-UBUS01-PIREP,36000.0,44.449602,-68.361291,2025-10-28 19:26:00+00:00,5.0,0,H,"('KCBW', 'KGYX', 'KBOX', 'KCXX', 'KOKX')","['s3://unidata-nexrad-level2/2025/10/28/KCBW/KCBW20251028_192510_V06', 's3://unidata-nexrad-level2/2025/10/28/KGYX/KGYX20251028_192027_V06', 's3://unidata-nexrad-level2/2025/10/28/KBOX/KBOX20251028_192506_V06', 's3://unidata-nexrad-level2/2025/10/28/KCXX/KCXX20251028_192445_V06', 's3://unidata-nexrad-level2/2025/10/28/KOKX/KOKX20251028_192210_V06']"
T,C172,DBQ UUA /OV DBQ/TM 0254/FL025/TP C172/TB SEV/RM SUSTAINED SEV 025 AND DOWN ON APPROACH TO DBQ,SEV,202510190200-KMSC-UBUS01-PIREP,2500.0,42.39835,-90.709143,2025-10-19 02:54:00+00:00,5.0,1,L,"('KDVN', 'KARX', 'KMKX', 'KLOT', 'KILX')","['s3://unidata-nexrad-level2/2025/10/19/KDVN/KDVN20251019_024937_V06', 's3://unidata-nexrad-level2/2025/10/19/KARX/KARX20251019_025113_V06', 's3://unidata-nexrad-level2/2025/10/19/KMKX/KMKX20251019_025006_V06', 's3://unidata-nexrad-level2/2025/10/19/KLOT/KLOT20251019_025301_V06', 's3://unidata-nexrad-level2/2025/10/19/KILX/KILX20251019_025235_V06']"
T,BCS3,ISP UUA /OV DPK/TM 0002/FL135/TP BCS3/TB SEV/RM DURD,SEV,202510310000-KMSC-UBUS01-PIREP,13500.0,40.79,-73.3,2025-10-31 00:02:00+00:00,5.0,0,U,"('KOKX', 'KDIX', 'KENX', 'KBOX', 'KDOX')","['s3://unidata-nexrad-level2/2025/10/31/KOKX/KOKX20251031_000057_V06', 's3://unidata-nexrad-level2/2025/10/30/KDIX/KDIX20251030_235757_V06', 's3://unidata-nexrad-level2/2025/10/30/KENX/KENX20251030_235842_V06', 's3://unidata-nexrad-level2/2025/10/30/KBOX/KBOX20251030_235831_V06', 's3://unidata-nexrad-level2/2025/10/31/KDOX/KDOX20251031_000130_V06']"
T,B777,EFK UUA /OV YQI230090/TM 1815/FL290/TP B777/TB SEV 230-290,SEV 230-290,202510281800-KMSC-UBUS01-PIREP,29000.0,42.71574048669751,-67.66897484208135,2025-10-28 18:15:00+00:00,5.0,0,H,"('KGYX', 'KBOX', 'KCBW', 'KOKX', 'KCXX')","['s3://unidata-nexrad-level2/2025/10/28/KGYX/KGYX20251028_181126_V06', 's3://unidata-nexrad-level2/2025/10/28/KBOX/KBOX20251028_180854_V06', 's3://unidata-nexrad-level2/2025/10/28/KCBW/KCBW20251028_180901_V06', 's3://unidata-nexrad-level2/2025/10/28/KOKX/KOKX20251028_180711_V06', 's3://unidata-nexrad-level2/2025/10/28/KCXX/KCXX20251028_180949_V06']"
T,PA24,PHX UUA /OV DRK357030/TM 2105/FL110/TP PA24/TB SEV,SEV,202510262100-KMSC-UBUS01-PIREP,11000.0,35.19935521191389,-112.51183152394684,2025-10-26 21:05:00+00:00,5.0,0,L,"('KFSX', 'KFSX', 'KESX', 'KIWA', 'KICX')","['s3://unidata-nexrad-level2/2025/10/26/KFSX/KFSX20251026_210344_V06', 's3://unidata-nexrad-level2/2025/10/26/KFSX/KFSX20251026_210344_V06', 's3://unidata-nexrad-level2/2025/10/26/KESX/KESX20251026_210254_V06', 's3://unidata-nexrad-level2/2025/10/26/KIWA/KIWA20251026_210427_V06', 's3://unidata-nexrad-level2/2025/10/26/KICX/KICX20251026_210222_V06']"
F,M20P,AVL UA /OV SUG120015/TM 1844/FL065/TP M20P/TB CONT MOD 065,CONT MOD 065,202510221800-KMSC-UBUS01-PIREP,6500.0,35.28498987498987,-82.0043352145674,2025-10-22 18:44:00+00:00,3.0,0,L,"('KGSP', 'KMRX', 'KCAE', 'KFCX', 'KJKL')","['s3://unidata-nexrad-level2/2025/10/22/KGSP/KGSP20251022_183743_V06', 's3://unidata-nexrad-level2/2025/10/22/KMRX/KMRX20251022_183642_V06', 's3://unidata-nexrad-level2/2025/10/22/KCAE/KCAE20251022_183941_V06', 's3://unidata-nexrad-level2/2025/10/22/KFCX/KFCX20251022_184001_V06', 's3://unidata-nexrad-level2/2025/10/22/KJKL/KJKL20251022_184042_V06']"
T,COL3,ROA UUA /OV BCB100003/TM 1605/FL053/TP COL3/TB SEV/RM SEVERE DOWN DRAFT,SEV,202510191600-KMSC-UBUS01-PIREP,5300.0,37.19895688784083,-80.3460001049475,2025-10-19 16:05:00+00:00,5.0,0,L,"('KFCX', 'KRLX', 'KRAX', 'KJKL', 'KGSP')","['s3://unidata-nexrad-level2/2025/10/19/KFCX/KFCX20251019_160247_V06', 's3://unidata-nexrad-level2/2025/10/19/KRLX/KRLX20251019_160259_V06', 's3://unidata-nexrad-level2/2025/10/19/KRAX/KRAX20251019_160350_V06', 's3://unidata-nexrad-level2/2025/10/19/KJKL/KJKL20251019_160335_V06', 's3://unidata-nexrad-level2/2025/10/19/KGSP/KGSP20251019_160348_V06']"
T,C172,CFO UUA /OV CFO/TM 1825/FL072/TP C172/TB SEV 072,SEV 072,202510151800-KMSC-UBUS01-PIREP,7200.0,39.7841,-104.5376,2025-10-15 18:25:00+00:00,5.0,0,L,"('KFTG', 'KPUX', 'KCYS', 'KGLD', 'KGJX')","['s3://unidata-nexrad-level2/2025/10/15/KFTG/KFTG20251015_182326_V06', 's3://unidata-nexrad-level2/2025/10/15/KPUX/KPUX20251015_182136_V06', 's3://unidata-nexrad-level2/2025/10/15/KCYS/KCYS20251015_181740_V06', 's3://unidata-nexrad-level2/2025/10/15/KGLD/KGLD20251015_181939_V06', 's3://unidata-nexrad-level2/2025/10/15/KGJX/KGJX20251015_182217_V06']"
T,BE99,KFP UUA /OV KFP /TM 2015 /FL010 /TP BE99 /WX FV10SM -SN /WV 31525KT /TB SEV /RM WIND GUST 30KT (AKFSS,SEV,202510222025-KWBC-UBUS35-PIRUS,1000.0,54.84,-163.4,2025-10-22 20:15:00+00:00,5.0,0,L,"('PABC', 'PAKC', 'PAEC', 'PAHG', 'PAIH')","['s3://unidata-nexrad-level2/2025/10/22/PABC/PABC20251022_200938_V06', 's3://unidata-nexrad-level2/2025/10/22/PAKC/PAKC20251022_201229_V06', 's3://unidata-nexrad-level2/2025/10/22/PAEC/PAEC20251022_201236_V06', 's3://unidata-nexrad-level2/2025/10/22/PAHG/PAHG20251022_201437_V06', 's3://unidata-nexrad-level2/2025/10/22/PAIH/PAIH20251022_201249_V06']"
T,SR22,LCQ UUA /OV LCQ070012/TM 1934/FL090/TP SR22/TB SEV/RM EXPERIENCED AT LCQ010040,SEV,202510191900-KMSC-UBUS01-PIREP,9000.0,30.250509569397,-82.35946963333743,2025-10-19 19:34:00+00:00,5.0,1,L,"('KJAX', 'KVAX', 'KTLH', 'KTBW', 'KJGX')","['s3://unidata-nexrad-level2/2025/10/19/KJAX/KJAX20251019_193114_V06', 's3://unidata-nexrad-level2/2025/10/19/KVAX/KVAX20251019_192904_V06', 's3://unidata-nexrad-level2/2025/10/19/KTBW/KTBW20251019_193306_V06', 's3://unidata-nexrad-level2/2025/10/19/KJGX/KJGX20251019_193037_V06']"
T,GALX,RNO UUA /OV RNO170005/TM 1842/FL070/TP GALX/TB SEV 050-070/RM DURC. COR TURB. ZLA CWSU,SEV 050-070,202510261800-KMSC-UBUS01-PIREP,7000.0,39.401816039790006,-119.75235930055102,2025-10-26 18:42:00+00:00,5.0,0,M,"('KRGX', 'KBBX', 'KDAX', 'KMUX', 'KHNX')","['s3://unidata-nexrad-level2/2025/10/26/KRGX/KRGX20251026_183942_V06', 's3://unidata-nexrad-level2/2025/10/26/KBBX/KBBX20251026_183705_V06', 's3://unidata-nexrad-level2/2025/10/26/KDAX/KDAX20251026_183739_V06', 's3://unidata-nexrad-level2/2025/10/26/KMUX/KMUX20251026_183925_V06', 's3://unidata-nexrad-level2/2025/10/26/KHNX/KHNX20251026_184047_V06']"
F,GLF4,PASY UA /OV SYA/TM 2241/FL001/TP GLF4/TA 12/TB NEG/IC NEG/RM /ZAN/,NEG,202510012200-KMSC-UBUS01-PIREP,100.0,52.71,174.11,2025-10-01 22:41:00+00:00,0.0,0,M,"('PGUA', 'RKSG', 'RKJK', 'RODN', 'LPLA')","['s3://unidata-nexrad-level2/2025/10/01/PGUA/PGUA20251001_223925_V06', 's3://unidata-nexrad-level2/2025/10/01/RKSG/RKSG20251001_223843_V06', 's3://unidata-nexrad-level2/2025/10/01/RKJK/RKJK20251001_223726_V06']"
T,BE36,TOC UUA /OV ODF285020/TM 1957/FL090/TP BE36/TB SEV/IC NEG/RM ZTLFD-49,SEV,202510192000-KMSC-UBUS01-PIREP,9000.0,34.78628000315538,-83.69166051127657,2025-10-19 19:57:00+00:00,5.0,1,L,"('KGSP', 'KMRX', 'KFFC', 'KHTX', 'KJGX')","['s3://unidata-nexrad-level2/2025/10/19/KGSP/KGSP20251019_195433_V06', 's3://unidata-nexrad-level2/2025/10/19/KMRX/KMRX20251019_195556_V06', 's3://unidata-nexrad-level2/2025/10/19/KFFC/KFFC20251019_195429_V06', 's3://unidata-nexrad-level2/2025/10/19/KHTX/KHTX20251019_195230_V06', 's3://unidata-nexrad-level2/2025/10/19/KJGX/KJGX20251019_195302_V06']"
F,A320,LNK UA /OV LNK140030/TM 2025/FL310/TP A320/TB MOD CHOP,MOD CHOP,202510272000-KMSC-UBUS01-PIREP,31000.0,40.44812475360954,-96.33847575393034,2025-10-27 20:25:00+00:00,3.0,0,M,"('KOAX', 'KTWX', 'KUEX', 'KEAX', 'KDMX')","['s3://unidata-nexrad-level2/2025/10/27/KOAX/KOAX20251027_202219_V06', 's3://unidata-nexrad-level2/2025/10/27/KTWX/KTWX20251027_201637_V06', 's3://unidata-nexrad-level2/2025/10/27/KUEX/KUEX20251027_201741_V06', 's3://unidata-nexrad-level2/2025/10/27/KEAX/KEAX20251027_202052_V06', 's3://unidata-nexrad-level2/2025/10/27/KDMX/KDMX20251027_202212_V06']"
T,C172,DEN UUA /OV DEN110010/TM 1825/FL072/TP C172/TB SEV,SEV,202510151800-KMSC-UBUS01-PIREP,7200.0,39.7757920255025,-104.453535077025,2025-10-15 18:25:00+00:00,5.0,0,L,"('KFTG', 'KPUX', 'KCYS', 'KGLD', 'KGJX')","['s3://unidata-nexrad-level2/2025/10/15/KFTG/KFTG20251015_182326_V06', 's3://unidata-nexrad-level2/2025/10/15/KPUX/KPUX20251015_182136_V06', 's3://unidata-nexrad-level2/2025/10/15/KCYS/KCYS20251015_181740_V06', 's3://unidata-nexrad-level2/2025/10/15/KGLD/KGLD20251015_181939_V06', 's3://unidata-nexrad-level2/2025/10/15/KGJX/KGJX20251015_182217_V06']"
T,P28R,VRB UUA /OV MLB185002/TM 0200/FL080/TP P28R/TB SEV 080,SEV 080,202510060200-KMSC-UBUS01-PIREP,8000.0,28.069540820335234,-80.64855374529046,2025-10-06 02:00:00+00:00,5.0,1,L,"('KMLB', 'KTBW', 'KAMX', 'KAMX', 'KJAX')","['s3://unidata-nexrad-level2/2025/10/06/KMLB/KMLB20251006_015856_V06', 's3://unidata-nexrad-level2/2025/10/06/KTBW/KTBW20251006_015622_V06', 's3://unidata-nexrad-level2/2025/10/06/KAMX/KAMX20251006_015644_V06', 's3://unidata-nexrad-level2/2025/10/06/KAMX/KAMX20251006_015644_V06', 's3://unidata-nexrad-level2/2025/10/06/KJAX/KJAX20251006_015633_V06']"
T,BE33,RNO UUA /OV FMG245006/TM 2308/FL090/TP BE33/TB EXTRM 090-080 /RM DURD,EXTRM 090-080,202510102300-KMSC-UBUS01-PIREP,9000.0,39.487734750614585,-119.77751475062595,2025-10-10 23:08:00+00:00,7.0,0,L,"('KRGX', 'KBBX', 'KDAX', 'KMUX', 'KHNX')","['s3://unidata-nexrad-level2/2025/10/10/KRGX/KRGX20251010_230725_V06', 's3://unidata-nexrad-level2/2025/10/10/KBBX/KBBX20251010_230507_V06', 's3://unidata-nexrad-level2/2025/10/10/KDAX/KDAX20251010_230651_V06', 's3://unidata-nexrad-level2/2025/10/10/KMUX/KMUX20251010_230723_V06', 's3://unidata-nexrad-level2/2025/10/10/KHNX/KHNX20251010_230549_V06']"
T,B350,RNO UUA /OV KRNO167003/TM 1855/FL085/TP B350/TB SEV 085/RM SEV TURB AT 085  LGT-MOD ABOVE DURC RY17L RNO,SEV 085,202510261900-KMSC-UBUS01-PIREP,8500.0,39.43516755055804,-119.7565357395589,2025-10-26 18:55:00+00:00,5.0,0,M,"('KRGX', 'KBBX', 'KDAX', 'KMUX', 'KHNX')","['s3://unidata-nexrad-level2/2025/10/26/KRGX/KRGX20251026_185404_V06', 's3://unidata-nexrad-level2/2025/10/26/KBBX/KBBX20251026_185303_V06', 's3://unidata-nexrad-level2/2025/10/26/KDAX/KDAX20251026_185130_V06', 's3://unidata-nexrad-level2/2025/10/26/KMUX/KMUX20251026_185003_V06', 's3://unidata-nexrad-level2/2025/10/26/KHNX/KHNX20251026_185127_V06']"
T,BE99,KFP UUA /OV KFP /TM 2015 /FL010 /TP BE99 /WX FV10SM -SN /WV 31525KT /TB SEV /RM WIND GUST 30KT (AKFSS),SEV,202510222000-KMSC-UBUS01-PIREP,1000.0,54.84,-163.4,2025-10-22 20:15:00+00:00,5.0,0,L,"('PABC', 'PAKC', 'PAEC', 'PAHG', 'PAIH')","['s3://unidata-nexrad-level2/2025/10/22/PABC/PABC20251022_200938_V06', 's3://unidata-nexrad-level2/2025/10/22/PAKC/PAKC20251022_201229_V06', 's3://unidata-nexrad-level2/2025/10/22/PAEC/PAEC20251022_201236_V06', 's3://unidata-nexrad-level2/2025/10/22/PAHG/PAHG20251022_201437_V06', 's3://unidata-nexrad-level2/2025/10/22/PAIH/PAIH20251022_201249_V06']"
F,P28R,ERI UA /OV KERI/TM 1954/FL018/TP P28R/WV 30021G33/TB SEV BLO 020,SEV BLO 020,202510312000-KMSC-UBUS01-PIREP,1800.0,42.08,-80.18,2025-10-31 19:54:00+00:00,5.0,0,L,"('KBUF', 'KCLE', 'KPBZ', 'KCCX', 'KDTX')","['s3://unidata-nexrad-level2/2025/10/31/KBUF/KBUF20251031_195132_V06', 's3://unidata-nexrad-level2/2025/10/31/KCLE/KCLE20251031_195230_V06', 's3://unidata-nexrad-level2/2025/10/31/KPBZ/KPBZ20251031_194737_V06', 's3://unidata-nexrad-level2/2025/10/31/KCCX/KCCX20251031_194719_V06', 's3://unidata-nexrad-level2/2025/10/31/KDTX/KDTX20251031_194931_V06']"
F,CRJ7,CMH UA /OV UNI360010/TM 0352/FL250/TP CRJ7/TB SEV/IC NEG,SEV,202510300300-KMSC-UBUS01-PIREP,25000.0,39.378571566680165,-82.2292537,2025-10-30 03:52:00+00:00,5.0,0,M,"('KRLX', 'KILN', 'KPBZ', 'KJKL', 'KCLE')","['s3://unidata-nexrad-level2/2025/10/30/KRLX/KRLX20251030_034918_V06', 's3://unidata-nexrad-level2/2025/10/30/KILN/KILN20251030_034511_V06', 's3://unidata-nexrad-level2/2025/10/30/KPBZ/KPBZ20251030_034937_V06', 's3://unidata-nexrad-level2/2025/10/30/KJKL/KJKL20251030_034905_V06', 's3://unidata-nexrad-level2/2025/10/30/KCLE/KCLE20251030_034825_V06']"
T,B190,DRO UUA /OV DRO050032/TM 1417/FL145/TP B190/TB SEV/RM ZDVWC-36,SEV,202510151400-KMSC-UBUS01-PIREP,14500.0,37.49436782695199,-107.2411363662882,2025-10-15 14:17:00+00:00,5.0,0,M,"('KGJX', 'KABX', 'KPUX', 'KFTG', 'KCYS')","['s3://unidata-nexrad-level2/2025/10/15/KGJX/KGJX20251015_141248_V06', 's3://unidata-nexrad-level2/2025/10/15/KABX/KABX20251015_141303_V06', 's3://unidata-nexrad-level2/2025/10/15/KPUX/KPUX20251015_141422_V06', 's3://unidata-nexrad-level2/2025/10/15/KFTG/KFTG20251015_141520_V06', 's3://unidata-nexrad-level2/2025/10/15/KCYS/KCYS20251015_141511_V06']"
F,B738,ONM UA /OV ONM/TM 1500/FL360/TP B738/TB MOD TURB/RM ZAB FDCS,MOD TURB,202510231500-KMSC-UBUS01-PIREP,36000.0,34.0224722,-106.9031389,2025-10-23 15:00:00+00:00,3.0,0,M,"('KABX', 'KHDX', 'KEPZ', 'KFDX', 'KFSX')","['s3://unidata-nexrad-level2/2025/10/23/KABX/KABX20251023_145445_V06', 's3://unidata-nexrad-level2/2025/10/23/KHDX/KHDX20251023_145505_V06', 's3://unidata-nexrad-level2/2025/10/23/KEPZ/KEPZ20251023_145828_V06', 's3://unidata-nexrad-level2/2025/10/23/KFDX/KFDX20251023_145538_V06', 's3://unidata-nexrad-level2/2025/10/23/KFSX/KFSX20251023_145813_V06']"
F,E170,IND UA /OV VHP180020/TM 1400/FL350/TP E170/SK TOP 350/TB LGT CHOP,LGT CHOP,202510301400-KMSC-UBUS01-PIREP,35000.0,39.47663966663967,-86.37,2025-10-30 14:00:00+00:00,1.0,0,U,"('KIND', 'KVWX', 'KIWX', 'KLVX', 'KILN')","['s3://unidata-nexrad-level2/2025/10/30/KIND/KIND20251030_135638_V06', 's3://unidata-nexrad-level2/2025/10/30/KVWX/KVWX20251030_135321_V06', 's3://unidata-nexrad-level2/2025/10/30/KIWX/KIWX20251030_135941_V06', 's3://unidata-nexrad-level2/2025/10/30/KLVX/KLVX20251030_135638_V06', 's3://unidata-nexrad-level2/2025/10/30/KILN/KILN20251030_135953_V06']"
F,BCS3,MYNN UA /OV ZQA080120/TM 2304/FL360/TP BCS3/TB OCNL LGT,OCNL LGT,202510252300-KMSC-UBUS01-PIREP,36000.0,25.347324486366773,-75.27659370997958,2025-10-25 23:04:00+00:00,1.0,0,U,"('KAMX', 'KAMX', 'KMLB', 'KBYX', 'KTBW')","['s3://unidata-nexrad-level2/2025/10/25/KAMX/KAMX20251025_230305_V06', 's3://unidata-nexrad-level2/2025/10/25/KAMX/KAMX20251025_230305_V06', 's3://unidata-nexrad-level2/2025/10/25/KMLB/KMLB20251025_225950_V06', 's3://unidata-nexrad-level2/2025/10/25/KBYX/KBYX20251025_230229_V06', 's3://unidata-nexrad-level2/2025/10/25/KTBW/KTBW20251025_230225_V06']"
F,B77W,FYU UA /OV FYU010080/TM 2300/FL320/TP B77W/TB CONT LGT/RM ENROUTE. ZAN,CONT LGT,202510302300-KMSC-UBUS01-PIREP,32000.0,67.88318336335996,-144.65767319877227,2025-10-30 23:00:00+00:00,1.0,0,U,"('PAPD', 'PAIH', 'PAIH', 'PAHG', 'PACG')","['s3://unidata-nexrad-level2/2025/10/30/PAPD/PAPD20251030_225948_V06', 's3://unidata-nexrad-level2/2025/10/30/PAIH/PAIH20251030_225841_V06', 's3://unidata-nexrad-level2/2025/10/30/PAIH/PAIH20251030_225841_V06', 's3://unidata-nexrad-level2/2025/10/30/PAHG/PAHG20251030_225838_V06', 's3://unidata-nexrad-level2/2025/10/30/PACG/PACG20251030_225811_V06']"
F,A321,MBPV UA /OV PVN090080/TM 0018/FL340/TP A321/TB CONS LGT,CONS LGT,202510110000-KMSC-UBUS01-PIREP,34000.0,21.77,-70.82415436761627,2025-10-11 00:18:00+00:00,1.0,0,M,"('KAMX', 'KAMX', 'KBYX', 'KMLB', 'KTBW')","['s3://unidata-nexrad-level2/2025/10/11/KAMX/KAMX20251011_001641_V06', 's3://unidata-nexrad-level2/2025/10/11/KAMX/KAMX20251011_001641_V06', 's3://unidata-nexrad-level2/2025/10/11/KBYX/KBYX20251011_001217_V06', 's3://unidata-nexrad-level2/2025/10/11/KMLB/KMLB20251011_001612_V06', 's3://unidata-nexrad-level2/2025/10/11/KTBW/KTBW20251011_001257_V06']"
T,RV6,HKY UUA /OV HKY270030/TM 1730/FL100/TP RV6/TB SEV/RM SEVERE TURB FOR LAST 10 MIN PILOT JUST TOLD US ZTLFD-45,SEV,202510231700-KMSC-UBUS01-PIREP,10000.0,35.74115,-82.00561818424399,2025-10-23 17:30:00+00:00,5.0,0,L,"('KGSP', 'KMRX', 'KFCX', 'KCAE', 'KJKL')","['s3://unidata-nexrad-level2/2025/10/23/KGSP/KGSP20251023_172823_V06', 's3://unidata-nexrad-level2/2025/10/23/KMRX/KMRX20251023_172420_V06', 's3://unidata-nexrad-level2/2025/10/23/KFCX/KFCX20251023_172514_V06', 's3://unidata-nexrad-level2/2025/10/23/KJKL/KJKL20251023_172534_V06']"
T,RV6,COE UUA /OV COE090008/TM 1958/FL045/TP RV6/TB EXTRM 045,EXTRM 045,202510262000-KMSC-UBUS01-PIREP,4500.0,47.77431,-116.62116678435522,2025-10-26 19:58:00+00:00,7.0,0,L,"('KOTX', 'KMSX', 'KPDT', 'KTFX', 'KCBX')","['s3://unidata-nexrad-level2/2025/10/26/KOTX/KOTX20251026_195235_V06', 's3://unidata-nexrad-level2/2025/10/26/KMSX/KMSX20251026_195227_V06', 's3://unidata-nexrad-level2/2025/10/26/KPDT/KPDT20251026_195628_V06', 's3://unidata-nexrad-level2/2025/10/26/KTFX/KTFX20251026_195238_V06', 's3://unidata-nexrad-level2/2025/10/26/KCBX/KCBX20251026_195537_V06']"
F,B737,LAA UA /OV LAA140015/TM 1953/FL370/TP B737/TB LGT CHOP OCNL MOD CHOP/RM /ZKC FDC XJ,LGT CHOP OCNL MOD CHOP,202510181900-KMSC-UBUS01-PIREP,37000.0,37.87847337680477,-102.48392117860897,2025-10-18 19:53:00+00:00,2.0,0,M,"('KPUX', 'KGLD', 'KFTG', 'KDDC', 'KAMA')","['s3://unidata-nexrad-level2/2025/10/18/KPUX/KPUX20251018_194957_V06', 's3://unidata-nexrad-level2/2025/10/18/KGLD/KGLD20251018_194858_V06', 's3://unidata-nexrad-level2/2025/10/18/KFTG/KFTG20251018_194801_V06', 's3://unidata-nexrad-level2/2025/10/18/KDDC/KDDC20251018_195101_V06', 's3://unidata-nexrad-level2/2025/10/18/KAMA/KAMA20251018_195137_V06']"
T,B350,OGA UUA /OV SNY054018/TM 1930/FL240/TP B350/TB SEV /RM SEV MTN WAVE +200 / +/- 15 KTS ZDVWC-15,SEV,202510181900-KMSC-UBUS01-PIREP,24000.0,41.277739858883656,-102.66261054379576,2025-10-18 19:30:00+00:00,5.0,1,M,"('KCYS', 'KLNX', 'KGLD', 'KFTG', 'KUDX')","['s3://unidata-nexrad-level2/2025/10/18/KCYS/KCYS20251018_192343_V06', 's3://unidata-nexrad-level2/2025/10/18/KLNX/KLNX20251018_192754_V06', 's3://unidata-nexrad-level2/2025/10/18/KGLD/KGLD20251018_192854_V06', 's3://unidata-nexrad-level2/2025/10/18/KFTG/KFTG20251018_192652_V06', 's3://unidata-nexrad-level2/2025/10/18/KUDX/KUDX20251018_192631_V06']"
F,A319,ACT UA /OV ACT180008/TM 1603/FL220/TP A319/TB LGT CHOP NEG CAT/RM DURD ZFW46,LGT CHOP NEG CAT,202510211600-KMSC-UBUS01-PIREP,22000.0,31.484625866655865,-97.2283,2025-10-21 16:03:00+00:00,0.0,0,M,"('KGRK', 'KFWS', 'KEWX', 'KDYX', 'KHGX')","['s3://unidata-nexrad-level2/2025/10/21/KGRK/KGRK20251021_160213_V06', 's3://unidata-nexrad-level2/2025/10/21/KFWS/KFWS20251021_155812_V06', 's3://unidata-nexrad-level2/2025/10/21/KEWX/KEWX20251021_160229_V06', 's3://unidata-nexrad-level2/2025/10/21/KDYX/KDYX20251021_155751_V06', 's3://unidata-nexrad-level2/2025/10/21/KHGX/KHGX20251021_155901_V06']"
F,A319,DAB UA /OV DAB/TM 1602/FL090/TP A319/TB LGT/RM VMC,LGT,202510271600-KMSC-UBUS01-PIREP,9000.0,29.17992,-81.05806,2025-10-27 16:02:00+00:00,1.0,0,M,"('KMLB', 'KJAX', 'KTBW', 'KVAX', 'KCLX')","['s3://unidata-nexrad-level2/2025/10/27/KMLB/KMLB20251027_155758_V06', 's3://unidata-nexrad-level2/2025/10/27/KJAX/KJAX20251027_155853_V06', 's3://unidata-nexrad-level2/2025/10/27/KTBW/KTBW20251027_155821_V06', 's3://unidata-nexrad-level2/2025/10/27/KVAX/KVAX20251027_160159_V06', 's3://unidata-nexrad-level2/2025/10/27/KCLX/KCLX20251027_160026_V06']"
F,C525,ABR UA /OV ABR130055/TM 1246/FL300/TP C525/SK TOP320/TB CONS LGT CHOP,CONS LGT CHOP,202510281200-KMSC-UBUS01-PIREP,30000.0,44.860730297426265,-97.41895534362196,2025-10-28 12:46:00+00:00,1.0,0,L,"('KABR', 'KFSD', 'KMVX', 'KMPX', 'KBIS')","['s3://unidata-nexrad-level2/2025/10/28/KABR/KABR20251028_124545_V06', 's3://unidata-nexrad-level2/2025/10/28/KFSD/KFSD20251028_124341_V06', 's3://unidata-nexrad-level2/2025/10/28/KMVX/KMVX20251028_124334_V06', 's3://unidata-nexrad-level2/2025/10/28/KMPX/KMPX20251028_124501_V06', 's3://unidata-nexrad-level2/2025/10/28/KBIS/KBIS20251028_124558_V06']"
F,B787,UUA /OV 5651N06327W /TM 2040 /FL380 /TP B787 /TB SEV,SEV,202510312045-CYQX-UACN01-PIREP,38000.0,56.85,-63.45,2025-10-31 20:40:00+00:00,5.0,0,U,"('KCBW', 'KGYX', 'KCXX', 'KBOX', 'KENX')","['s3://unidata-nexrad-level2/2025/10/31/KCBW/KCBW20251031_203434_V06', 's3://unidata-nexrad-level2/2025/10/31/KGYX/KGYX20251031_203849_V06', 's3://unidata-nexrad-level2/2025/10/31/KCXX/KCXX20251031_203828_V06', 's3://unidata-nexrad-level2/2025/10/31/KBOX/KBOX20251031_203306_V06', 's3://unidata-nexrad-level2/2025/10/31/KENX/KENX20251031_203721_V06']"
F,A319,MTJ UA /OV MTJ/TM 0207/FL067/TP A319/TB NEG/RM DURD RWY17 MTJ. ZDVWC-,NEG,202510100200-KMSC-UBUS01-PIREP,6700.0,38.505,-107.8975,2025-10-10 02:07:00+00:00,0.0,0,M,"('KGJX', 'KFTG', 'KPUX', 'KABX', 'KCYS')","['s3://unidata-nexrad-level2/2025/10/10/KGJX/KGJX20251010_020131_V06', 's3://unidata-nexrad-level2/2025/10/10/KFTG/KFTG20251010_020139_V06', 's3://unidata-nexrad-level2/2025/10/10/KPUX/KPUX20251010_020359_V06', 's3://unidata-nexrad-level2/2025/10/10/KABX/KABX20251010_020614_V06', 's3://unidata-nexrad-level2/2025/10/10/KCYS/KCYS20251010_015958_V06']"
F,B738,IND UA /OV MIE/TM 0016/FL390/TP B738/TB CONS MOD 390,CONS MOD 390,202510270000-KMSC-UBUS01-PIREP,39000.0,40.24247,-85.39575,2025-10-27 00:16:00+00:00,3.0,0,M,"('KIND', 'KILN', 'KIWX', 'KLOT', 'KLVX')","['s3://unidata-nexrad-level2/2025/10/27/KIND/KIND20251027_001258_V06', 's3://unidata-nexrad-level2/2025/10/27/KILN/KILN20251027_001031_V06', 's3://unidata-nexrad-level2/2025/10/27/KIWX/KIWX20251027_001345_V06', 's3://unidata-nexrad-level2/2025/10/27/KLOT/KLOT20251027_001304_V06', 's3://unidata-nexrad-level2/2025/10/27/KLVX/KLVX20251027_001143_V06']"
T,B777,ANC UUA /OV TED250055/TM 0356/FL320/TP B777/TB OCNL SEV 320-350/RM DURC 380 SMOOTH ZAN,OCNL SEV 320-350,202510300400-KMSC-UBUS01-PIREP,32000.0,60.85645614026377,-151.7764629800583,2025-10-30 03:56:00+00:00,5.0,0,H,"('PAHG', 'PAIH', 'PAIH', 'PAKC', 'PAPD')","['s3://unidata-nexrad-level2/2025/10/30/PAHG/PAHG20251030_035154_V06', 's3://unidata-nexrad-level2/2025/10/30/PAIH/PAIH20251030_035322_V06', 's3://unidata-nexrad-level2/2025/10/30/PAIH/PAIH20251030_035322_V06', 's3://unidata-nexrad-level2/2025/10/30/PAPD/PAPD20251030_035543_V06']"
F,C172,ZZV UA /OV ZZV/TM 2246/FL030/TP C172/TB NEG/IC NEG,NEG,202510152300-KMSC-UBUS01-PIREP,3000.0,39.94445,-81.89209,2025-10-15 22:46:00+00:00,0.0,0,L,"('KPBZ', 'KCLE', 'KILN', 'KRLX', 'KJKL')","['s3://unidata-nexrad-level2/2025/10/15/KPBZ/KPBZ20251015_224450_V06', 's3://unidata-nexrad-level2/2025/10/15/KCLE/KCLE20251015_223946_V06', 's3://unidata-nexrad-level2/2025/10/15/KILN/KILN20251015_224416_V06', 's3://unidata-nexrad-level2/2025/10/15/KRLX/KRLX20251015_224414_V06', 's3://unidata-nexrad-level2/2025/10/15/KJKL/KJKL20251015_223922_V06']"
F,E170,BUF UA /OV BUF080015/TM 2202/FL050/TP E170/SK BASES 050 TOPS 080/TB LIGHT TO MOD TURB/RM DURC,LIGHT TO MOD TURB,202510192200-KMSC-UBUS01-PIREP,5000.0,42.98421556079585,-78.39945794946833,2025-10-19 22:02:00+00:00,3.0,0,U,"('KBUF', 'KBGM', 'KCCX', 'KTYX', 'KPBZ')","['s3://unidata-nexrad-level2/2025/10/19/KBUF/KBUF20251019_215900_V06', 's3://unidata-nexrad-level2/2025/10/19/KBGM/KBGM20251019_215956_V06', 's3://unidata-nexrad-level2/2025/10/19/KCCX/KCCX20251019_220102_V06', 's3://unidata-nexrad-level2/2025/10/19/KPBZ/KPBZ20251019_215637_V06']"
F,B737,FWA UA /OV OKK180020/TM 0355/FL400/TP B737/TB LGT-MOD,LGT-MOD,202510240400-KMSC-UBUS01-PIREP,40000.0,40.19481966663967,-86.05899,2025-10-24 03:55:00+00:00,2.0,0,M,"('KIND', 'KIWX', 'KILN', 'KILX', 'KLOT')","['s3://unidata-nexrad-level2/2025/10/24/KIND/KIND20251024_035100_V06', 's3://unidata-nexrad-level2/2025/10/24/KIWX/KIWX20251024_035219_V06', 's3://unidata-nexrad-level2/2025/10/24/KILN/KILN20251024_035300_V06', 's3://unidata-nexrad-level2/2025/10/24/KILX/KILX20251024_035034_V06', 's3://unidata-nexrad-level2/2025/10/24/KLOT/KLOT20251024_035202_V06']"
F,PA31,FAI UA /OV PAFA225020 /TM 1735 /FL042 /TP PA31 /SK OVC042-TOP055 /TA M09 /TB LGT CHOP /IC LGT MX /RM DURC ICIING IN CLOUDS FAI ATCT (AKFSS,LGT CHOP,202510211750-KWBC-UBAK90-PIREP,4200.0,64.5681686477023,-148.4298132271013,2025-10-21 17:35:00+00:00,1.0,0,L,"('PAPD', 'PAHG', 'PAIH', 'PAIH', 'PAKC')","['s3://unidata-nexrad-level2/2025/10/21/PAPD/PAPD20251021_173447_V06', 's3://unidata-nexrad-level2/2025/10/21/PAHG/PAHG20251021_173048_V06', 's3://unidata-nexrad-level2/2025/10/21/PAIH/PAIH20251021_173035_V06', 's3://unidata-nexrad-level2/2025/10/21/PAIH/PAIH20251021_173035_V06', 's3://unidata-nexrad-level2/2025/10/21/PAKC/PAKC20251021_173038_V06']"
T,E170,ABI UUA /OV ABI340030/TM 2026/FL280/TP E170/TB SEV/RM ZFW93,SEV,202510242000-KMSC-UBUS01-PIREP,28000.0,32.88051287798216,-99.88466576168622,2025-10-24 20:26:00+00:00,5.0,1,U,"('KDYX', 'KSJT', 'KLBB', 'KMAF', 'KFWS')","['s3://unidata-nexrad-level2/2025/10/24/KDYX/KDYX20251024_202327_V06', 's3://unidata-nexrad-level2/2025/10/24/KSJT/KSJT20251024_202403_V06', 's3://unidata-nexrad-level2/2025/10/24/KLBB/KLBB20251024_202531_V06', 's3://unidata-nexrad-level2/2025/10/24/KMAF/KMAF20251024_202134_V06', 's3://unidata-nexrad-level2/2025/10/24/KFWS/KFWS20251024_202230_V06']"
F,TBM8,PUB UA /OV 10W PUB/TM 1930/FL070/TP TBM8/TB OCNL SEV 070-080,OCNL SEV 070-080,202510111940-KWBC-UBUS31-PRCUS,7000.0,38.29,-104.7106926600074,2025-10-11 19:30:00+00:00,5.0,1,U,"('KPUX', 'KFTG', 'KGLD', 'KGJX', 'KCYS')","['s3://unidata-nexrad-level2/2025/10/11/KPUX/KPUX20251011_192655_V06', 's3://unidata-nexrad-level2/2025/10/11/KFTG/KFTG20251011_192929_V06', 's3://unidata-nexrad-level2/2025/10/11/KGLD/KGLD20251011_192606_V06', 's3://unidata-nexrad-level2/2025/10/11/KGJX/KGJX20251011_192905_V06', 's3://unidata-nexrad-level2/2025/10/11/KCYS/KCYS20251011_192405_V06']"
T,A359,KTN UUA /OV ANN256359/TM 2116/FL390/TP A359/TB SEV/RM 1 MIN,SEV,202510022100-KMSC-UBUS01-PIREP,39000.0,53.59238341043137,-141.70268450935487,2025-10-02 21:16:00+00:00,5.0,0,U,"('PACG', 'PAIH', 'PAIH', 'PAHG', 'PAPD')","['s3://unidata-nexrad-level2/2025/10/02/PACG/PACG20251002_211326_V06', 's3://unidata-nexrad-level2/2025/10/02/PAIH/PAIH20251002_211544_V06', 's3://unidata-nexrad-level2/2025/10/02/PAIH/PAIH20251002_211544_V06', 's3://unidata-nexrad-level2/2025/10/02/PAHG/PAHG20251002_210920_V06', 's3://unidata-nexrad-level2/2025/10/02/PAPD/PAPD20251002_211333_V06']"
F,B712,CVG UA /OV CVG/TM 2152/FL320/TP B712/TB NEG,NEG,202510272100-KMSC-UBUS01-PIREP,32000.0,39.04306,-84.67167,2025-10-27 21:52:00+00:00,0.0,0,M,"('KILN', 'KIND', 'KLVX', 'KJKL', 'KRLX')","['s3://unidata-nexrad-level2/2025/10/27/KILN/KILN20251027_214857_V06', 's3://unidata-nexrad-level2/2025/10/27/KIND/KIND20251027_214939_V06', 's3://unidata-nexrad-level2/2025/10/27/KLVX/KLVX20251027_214801_V06', 's3://unidata-nexrad-level2/2025/10/27/KJKL/KJKL20251027_214846_V06', 's3://unidata-nexrad-level2/2025/10/27/KRLX/KRLX20251027_215053_V06']"
T,A20N,LNS UUA /OV LRP/TM 1334/FL100/TP A20N/TB SEV,SEV,202510301300-KMSC-UBUS01-PIREP,10000.0,40.12,-76.29,2025-10-30 13:34:00+00:00,5.0,1,U,"('KDIX', 'KDOX', 'KLWX', 'KCCX', 'KBGM')","['s3://unidata-nexrad-level2/2025/10/30/KDIX/KDIX20251030_133046_V06', 's3://unidata-nexrad-level2/2025/10/30/KDOX/KDOX20251030_133256_V06', 's3://unidata-nexrad-level2/2025/10/30/KLWX/KLWX20251030_133109_V06', 's3://unidata-nexrad-level2/2025/10/30/KCCX/KCCX20251030_133321_V06', 's3://unidata-nexrad-level2/2025/10/30/KBGM/KBGM20251030_132926_V06']"
F,B738,ATL UA /OV SOT090010/TM 1421/FL230/TP B738/TB LGT CHOP/IC NEG/RM ZTLFD-44,LGT CHOP,202510291400-KMSC-UBUS01-PIREP,23000.0,35.79,-82.84451778425019,2025-10-29 14:21:00+00:00,1.0,0,M,"('KMRX', 'KGSP', 'KJKL', 'KCAE', 'KFCX')","['s3://unidata-nexrad-level2/2025/10/29/KMRX/KMRX20251029_142014_V06', 's3://unidata-nexrad-level2/2025/10/29/KGSP/KGSP20251029_141635_V06', 's3://unidata-nexrad-level2/2025/10/29/KJKL/KJKL20251029_141943_V06', 's3://unidata-nexrad-level2/2025/10/29/KCAE/KCAE20251029_141808_V06', 's3://unidata-nexrad-level2/2025/10/29/KFCX/KFCX20251029_141600_V06']"
F,J328,UUA /OV CYMX 225023 /TM 2105 /FL180 /TP J328 /TB SEV,SEV,202510202113-CYQB-UACN01-PIREP,18000.0,45.40842044485764,-74.42666296776656,2025-10-20 21:05:00+00:00,5.0,0,M,"('KCXX', 'KTYX', 'KENX', 'KGYX', 'KBGM')","['s3://unidata-nexrad-level2/2025/10/20/KCXX/KCXX20251020_210408_V06', 's3://unidata-nexrad-level2/2025/10/20/KENX/KENX20251020_210408_V06', 's3://unidata-nexrad-level2/2025/10/20/KGYX/KGYX20251020_210409_V06', 's3://unidata-nexrad-level2/2025/10/20/KBGM/KBGM20251020_210407_V06']"
T,B738,TRI UUA /OV HMV122015/TM 0314/FL230/TP B738/TB SEV 230-190/RM ZTLFD-44,SEV 230-190,202510300300-KMSC-UBUS01-PIREP,23000.0,36.30750945306586,-81.86643921897384,2025-10-30 03:14:00+00:00,5.0,0,M,"('KMRX', 'KGSP', 'KFCX', 'KJKL', 'KRLX')","['s3://unidata-nexrad-level2/2025/10/30/KMRX/KMRX20251030_031247_V06', 's3://unidata-nexrad-level2/2025/10/30/KGSP/KGSP20251030_031234_V06', 's3://unidata-nexrad-level2/2025/10/30/KFCX/KFCX20251030_031242_V06', 's3://unidata-nexrad-level2/2025/10/30/KJKL/KJKL20251030_031147_V06', 's3://unidata-nexrad-level2/2025/10/30/KRLX/KRLX20251030_031348_V06']"
F,B739,SUX UA /OV SUX/TM 2130/FL370/TP B739/TB OCNL LGT-MOD CHOP,OCNL LGT-MOD CHOP,202510112100-KMSC-UBUS01-PIREP,37000.0,42.391678,-96.379478,2025-10-11 21:30:00+00:00,2.0,0,M,"('KOAX', 'KFSD', 'KUEX', 'KDMX', 'KLNX')","['s3://unidata-nexrad-level2/2025/10/11/KOAX/KOAX20251011_212722_V06', 's3://unidata-nexrad-level2/2025/10/11/KFSD/KFSD20251011_212701_V06', 's3://unidata-nexrad-level2/2025/10/11/KUEX/KUEX20251011_212504_V06', 's3://unidata-nexrad-level2/2025/10/11/KDMX/KDMX20251011_212919_V06', 's3://unidata-nexrad-level2/2025/10/11/KLNX/KLNX20251011_212825_V06']"
F,B737,ATL UA /OV ELW/TM 2333/FL230/TP B737/TB NEG/IC ZTLFD-16,NEG,202510102300-KMSC-UBUS01-PIREP,23000.0,34.42,-82.78,2025-10-10 23:33:00+00:00,0.0,0,M,"('KGSP', 'KCAE', 'KJGX', 'KFFC', 'KMRX')","['s3://unidata-nexrad-level2/2025/10/10/KGSP/KGSP20251010_232903_V06', 's3://unidata-nexrad-level2/2025/10/10/KCAE/KCAE20251010_232910_V06', 's3://unidata-nexrad-level2/2025/10/10/KJGX/KJGX20251010_232858_V06', 's3://unidata-nexrad-level2/2025/10/10/KFFC/KFFC20251010_233056_V06', 's3://unidata-nexrad-level2/2025/10/10/KMRX/KMRX20251010_232854_V06']"
F,B752,AMG UA /OV AMG090010/TM 1049/FL350/TP B752/TB NEG,NEG,202510081000-KMSC-UBUS01-PIREP,35000.0,31.53606,-82.31099742155826,2025-10-08 10:49:00+00:00,0.0,0,M,"('KVAX', 'KJAX', 'KJGX', 'KCLX', 'KCAE')","['s3://unidata-nexrad-level2/2025/10/08/KVAX/KVAX20251008_104747_V06', 's3://unidata-nexrad-level2/2025/10/08/KJAX/KJAX20251008_104808_V06', 's3://unidata-nexrad-level2/2025/10/08/KJGX/KJGX20251008_104432_V06', 's3://unidata-nexrad-level2/2025/10/08/KCLX/KCLX20251008_104721_V06', 's3://unidata-nexrad-level2/2025/10/08/KCAE/KCAE20251008_104850_V06']"
F,C172,LOU UA /OV LOU090012/TM 1850/FL018/TP C172/TB MDT SEV,MDT SEV,202510211800-KMSC-UBUS01-PIREP,1800.0,38.228,-85.40910217576102,2025-10-21 18:50:00+00:00,5.0,0,L,"('KLVX', 'KIND', 'KILN', 'KJKL', 'KOHX')","['s3://unidata-nexrad-level2/2025/10/21/KLVX/KLVX20251021_184505_V06', 's3://unidata-nexrad-level2/2025/10/21/KIND/KIND20251021_184510_V06', 's3://unidata-nexrad-level2/2025/10/21/KILN/KILN20251021_184926_V06', 's3://unidata-nexrad-level2/2025/10/21/KJKL/KJKL20251021_184909_V06', 's3://unidata-nexrad-level2/2025/10/21/KOHX/KOHX20251021_184817_V06']"
F,SF50,PUC UA /OV PUC280030/TM 2149/FL230/TP SF50/TB OCNL MOD 230-270 /ZLC,OCNL MOD 230-270,202510152100-KMSC-UBUS01-PIREP,23000.0,39.69600112159169,-111.39391599231686,2025-10-15 21:49:00+00:00,3.0,0,U,"('KMTX', 'KICX', 'KGJX', 'KSFX', 'KRIW')","['s3://unidata-nexrad-level2/2025/10/15/KMTX/KMTX20251015_214549_V06', 's3://unidata-nexrad-level2/2025/10/15/KICX/KICX20251015_214701_V06', 's3://unidata-nexrad-level2/2025/10/15/KGJX/KGJX20251015_214756_V06', 's3://unidata-nexrad-level2/2025/10/15/KSFX/KSFX20251015_214757_V06', 's3://unidata-nexrad-level2/2025/10/15/KRIW/KRIW20251015_214428_V06']"
F,C208,FAI UA /OV PAFA360002 /TM 0158 /FL002-011 /TP C208 /SK OVC002-TOP011 /TB NEG /IC NEG /RM DURD SMOOTH RIDE DOWN FAI ATCT (AKFSS),NEG,202510270200-KMSC-UBUS01-PIREP,200.0,64.83722603333602,-147.87611,2025-10-27 01:58:00+00:00,0.0,0,L,"('PAPD', 'PAHG', 'PAIH', 'PAIH', 'PAKC')","['s3://unidata-nexrad-level2/2025/10/27/PAPD/PAPD20251027_015450_V06', 's3://unidata-nexrad-level2/2025/10/27/PAHG/PAHG20251027_015312_V06', 's3://unidata-nexrad-level2/2025/10/27/PAIH/PAIH20251027_015757_V06', 's3://unidata-nexrad-level2/2025/10/27/PAIH/PAIH20251027_015757_V06']"
F,C210,BMC UA /OV KBMC /TM 1513 /FL115 /TP C210 /SK SKC /TB NEG,NEG,202510221500-KMSC-UBUS01-PIREP,11500.0,41.5524,-112.0622,2025-10-22 15:13:00+00:00,0.0,0,L,"('KMTX', 'KSFX', 'KRIW', 'KICX', 'KGJX')","['s3://unidata-nexrad-level2/2025/10/22/KMTX/KMTX20251022_151135_V06', 's3://unidata-nexrad-level2/2025/10/22/KSFX/KSFX20251022_150857_V06', 's3://unidata-nexrad-level2/2025/10/22/KRIW/KRIW20251022_151110_V06', 's3://unidata-nexrad-level2/2025/10/22/KICX/KICX20251022_151022_V06', 's3://unidata-nexrad-level2/2025/10/22/KGJX/KGJX20251022_150835_V06']"
F,A321,AMG UA /OV AMG148053/TM 1001/FL310/TP A321/TB LGT,LGT,202510261000-KMSC-UBUS01-PIREP,31000.0,30.7868901704932,-81.9573083982992,2025-10-26 10:01:00+00:00,1.0,0,M,"('KJAX', 'KVAX', 'KCLX', 'KTLH', 'KJGX')","['s3://unidata-nexrad-level2/2025/10/26/KJAX/KJAX20251026_095406_V06', 's3://unidata-nexrad-level2/2025/10/26/KVAX/KVAX20251026_095921_V06', 's3://unidata-nexrad-level2/2025/10/26/KCLX/KCLX20251026_095556_V06', 's3://unidata-nexrad-level2/2025/10/26/KTLH/KTLH20251026_095549_V06', 's3://unidata-nexrad-level2/2025/10/26/KJGX/KJGX20251026_095936_V06']"
F,TBM9,IND UA /OV SHB/TM 1729/FL310/TP TBM9/TB CONS LGT CHOP,CONS LGT CHOP,202510291700-KMSC-UBUS01-PIREP,31000.0,39.63,-85.82,2025-10-29 17:29:00+00:00,1.0,0,U,"('KIND', 'KLVX', 'KIWX', 'KVWX', 'KILN')","['s3://unidata-nexrad-level2/2025/10/29/KIND/KIND20251029_172739_V06', 's3://unidata-nexrad-level2/2025/10/29/KLVX/KLVX20251029_172437_V06', 's3://unidata-nexrad-level2/2025/10/29/KIWX/KIWX20251029_172208_V06', 's3://unidata-nexrad-level2/2025/10/29/KVWX/KVWX20251029_172619_V06', 's3://unidata-nexrad-level2/2025/10/29/KILN/KILN20251029_172651_V06']"
F,B738,ATL UA /OV ATL180040/TM 1337/FL390/TP B738/TB NEG/RM ZTLFD-27,NEG,202510291300-KMSC-UBUS01-PIREP,39000.0,32.963379333279335,-84.4418,2025-10-29 13:37:00+00:00,0.0,0,M,"('KFFC', 'KMXX', 'KJGX', 'KEOX', 'KHTX')","['s3://unidata-nexrad-level2/2025/10/29/KFFC/KFFC20251029_133247_V06', 's3://unidata-nexrad-level2/2025/10/29/KMXX/KMXX20251029_133515_V06', 's3://unidata-nexrad-level2/2025/10/29/KJGX/KJGX20251029_133352_V06', 's3://unidata-nexrad-level2/2025/10/29/KEOX/KEOX20251029_133659_V06', 's3://unidata-nexrad-level2/2025/10/29/KHTX/KHTX20251029_133358_V06']"
T,BE40,SAT UUA /OV SAT315030/TM 1915/FL125/TP BE40/TB SEV 125-115/RM SEVERE CLEAR AIR TURB FL125-115 KZHU,SEV 125-115,202510281900-KMSC-UBUS01-PIREP,12500.0,29.88727202844655,-98.87616529554302,2025-10-28 19:15:00+00:00,5.0,0,M,"('KEWX', 'KDFX', 'KGRK', 'KSJT', 'KCRP')","['s3://unidata-nexrad-level2/2025/10/28/KEWX/KEWX20251028_191144_V06', 's3://unidata-nexrad-level2/2025/10/28/KDFX/KDFX20251028_191202_V06', 's3://unidata-nexrad-level2/2025/10/28/KGRK/KGRK20251028_191226_V06', 's3://unidata-nexrad-level2/2025/10/28/KSJT/KSJT20251028_190907_V06', 's3://unidata-nexrad-level2/2025/10/28/KCRP/KCRP20251028_191345_V06']"
F,B39M,ATW UA /OV ATW/TM 1347/FL260/TP B39M/TB INTMT LGT CHOP,INTMT LGT CHOP,202510141300-KMSC-UBUS01-PIREP,26000.0,44.25808,-88.51908,2025-10-14 13:47:00+00:00,1.0,0,U,"('KGRB', 'KMKX', 'KARX', 'KMQT', 'KGRR')","['s3://unidata-nexrad-level2/2025/10/14/KGRB/KGRB20251014_134112_V06', 's3://unidata-nexrad-level2/2025/10/14/KMKX/KMKX20251014_134354_V06', 's3://unidata-nexrad-level2/2025/10/14/KARX/KARX20251014_134345_V06', 's3://unidata-nexrad-level2/2025/10/14/KMQT/KMQT20251014_134520_V06', 's3://unidata-nexrad-level2/2025/10/14/KGRR/KGRR20251014_134104_V06']"
T,A320,BFI UUA /OV SEA340005 /TM 2110 /FL020 /TP A320 /TB EXTRM BLO 020,EXTRM BLO 020,202510252200-KMSC-UBUS01-PIREP,2000.0,47.52300406133036,-122.35651685655542,2025-10-25 21:10:00+00:00,7.0,0,M,"('KATX', 'KLGX', 'KRTX', 'KPDT', 'KOTX')","['s3://unidata-nexrad-level2/2025/10/25/KATX/KATX20251025_210716_V06', 's3://unidata-nexrad-level2/2025/10/25/KLGX/KLGX20251025_210615_V06', 's3://unidata-nexrad-level2/2025/10/25/KRTX/KRTX20251025_210559_V06', 's3://unidata-nexrad-level2/2025/10/25/KPDT/KPDT20251025_210831_V06', 's3://unidata-nexrad-level2/2025/10/25/KOTX/KOTX20251025_210934_V06']"
T,C550,LAS UUA /OV LAS167020/TM 2245/FL080/TP C550/TB OCNL SEV/RM ON APP TO KHND,OCNL SEV,202510262200-KMSC-UBUS01-PIREP,8000.0,35.747083670386864,-115.07062290002108,2025-10-26 22:45:00+00:00,5.0,0,L,"('KESX', 'KEYX', 'KICX', 'KSOX', 'KYUX')","['s3://unidata-nexrad-level2/2025/10/26/KESX/KESX20251026_223955_V06', 's3://unidata-nexrad-level2/2025/10/26/KEYX/KEYX20251026_223611_V06', 's3://unidata-nexrad-level2/2025/10/26/KICX/KICX20251026_223820_V06', 's3://unidata-nexrad-level2/2025/10/26/KSOX/KSOX20251026_224131_V06', 's3://unidata-nexrad-level2/2025/10/26/KYUX/KYUX20251026_223708_V06']"
T,TBM9,ALB UUA /OV ALB/TM 1626/FL015/TP TBM9/TB SEV BLO 015/RM DEPARTING RY 28 ALB CLIMBING THRU 015,SEV BLO 015,202510311600-KMSC-UBUS01-PIREP,1500.0,42.75757,-73.80361,2025-10-31 16:26:00+00:00,5.0,0,U,"('KENX', 'KTYX', 'KBGM', 'KCXX', 'KOKX')","['s3://unidata-nexrad-level2/2025/10/31/KENX/KENX20251031_162553_V06', 's3://unidata-nexrad-level2/2025/10/31/KBGM/KBGM20251031_161925_V06', 's3://unidata-nexrad-level2/2025/10/31/KCXX/KCXX20251031_162525_V06', 's3://unidata-nexrad-level2/2025/10/31/KOKX/KOKX20251031_161934_V06']"
T,BE35,AVL UUA /OV AVL060025/TM 1457/FL090/TP BE35/TB SEV/RM SEV TB NO DAMAGE OR INJURIES,SEV,202510311500-KMSC-UBUS01-PIREP,9000.0,35.64029020835021,-82.09460475515107,2025-10-31 14:57:00+00:00,5.0,0,L,"('KGSP', 'KMRX', 'KCAE', 'KFCX', 'KJKL')","['s3://unidata-nexrad-level2/2025/10/31/KGSP/KGSP20251031_145625_V06', 's3://unidata-nexrad-level2/2025/10/31/KMRX/KMRX20251031_145124_V06', 's3://unidata-nexrad-level2/2025/10/31/KCAE/KCAE20251031_145222_V06', 's3://unidata-nexrad-level2/2025/10/31/KFCX/KFCX20251031_145155_V06', 's3://unidata-nexrad-level2/2025/10/31/KJKL/KJKL20251031_145650_V06']"
F,B738,POF UA /OV ARG360050 /TM 1346 /FL350 /TP B738 /TB MOD CHOP 350-360 /RM DURC,MOD CHOP 350-360,202510281400-KMSC-UBUS01-PIREP,35000.0,36.95807083340083,-90.92511,2025-10-28 13:46:00+00:00,3.0,0,M,"('KPAH', 'KLSX', 'KNQA', 'KSGF', 'KHPX')","['s3://unidata-nexrad-level2/2025/10/28/KPAH/KPAH20251028_134533_V06', 's3://unidata-nexrad-level2/2025/10/28/KLSX/KLSX20251028_134159_V06', 's3://unidata-nexrad-level2/2025/10/28/KNQA/KNQA20251028_134541_V06', 's3://unidata-nexrad-level2/2025/10/28/KSGF/KSGF20251028_134215_V06', 's3://unidata-nexrad-level2/2025/10/28/KHPX/KHPX20251028_134436_V06']"
F,A332,UUA /OV 4325N06438W /TM 2305 /FL300 /TP A332 /TB SEV CAT /RM APRX 100NM SE CYHZ,SEV CAT,202510012314-CYXU-UACN01-PIREP,30000.0,43.4166,-64.6333,2025-10-01 23:05:00+00:00,5.0,0,H,"('KCBW', 'KGYX', 'KBOX', 'KCXX', 'KOKX')","['s3://unidata-nexrad-level2/2025/10/01/KCBW/KCBW20251001_225927_V06', 's3://unidata-nexrad-level2/2025/10/01/KGYX/KGYX20251001_225956_V06', 's3://unidata-nexrad-level2/2025/10/01/KBOX/KBOX20251001_230240_V06', 's3://unidata-nexrad-level2/2025/10/01/KCXX/KCXX20251001_230127_V06', 's3://unidata-nexrad-level2/2025/10/01/KOKX/KOKX20251001_230331_V06']"
F,B737,JAN UA /OV MHZ135025/TM 0038/FL220/TP B737/TB OCNL MOD CHOP/RM ZME,OCNL MOD CHOP,202510280000-KMSC-UBUS01-PIREP,22000.0,32.13534830962787,-89.75090616687554,2025-10-28 00:38:00+00:00,3.0,0,M,"('KDGX', 'KHDC', 'KLIX', 'KMOB', 'KGWX')","['s3://unidata-nexrad-level2/2025/10/28/KDGX/KDGX20251028_002727_V06', 's3://unidata-nexrad-level2/2025/10/28/KHDC/KHDC20251028_002954_V06', 's3://unidata-nexrad-level2/2025/10/28/KMOB/KMOB20251028_003127_V06', 's3://unidata-nexrad-level2/2025/10/28/KGWX/KGWX20251028_003251_V06']"
F,A20N,SGF UA /OV SGF270050/TM 2038/FL370/TP A20N/TB MOD/RM ZKC FDC FN,MOD,202510272000-KMSC-UBUS01-PIREP,37000.0,37.2397,-94.43654025208497,2025-10-27 20:38:00+00:00,3.0,0,U,"('KSGF', 'KINX', 'KSRX', 'KEAX', 'KTWX')","['s3://unidata-nexrad-level2/2025/10/27/KSGF/KSGF20251027_203045_V06', 's3://unidata-nexrad-level2/2025/10/27/KINX/KINX20251027_203138_V06', 's3://unidata-nexrad-level2/2025/10/27/KSRX/KSRX20251027_203204_V06', 's3://unidata-nexrad-level2/2025/10/27/KEAX/KEAX20251027_203451_V06', 's3://unidata-nexrad-level2/2025/10/27/KTWX/KTWX20251027_203332_V06']"
T,B763,MBPV UUA /OV PVN047137/TM 1318/FL370/TP B763/TB SEV,SEV,202510211300-KMSC-UBUS01-PIREP,37000.0,23.3273557245322,-70.46168488133668,2025-10-21 13:18:00+00:00,5.0,0,H,"('KAMX', 'KAMX', 'KMLB', 'KBYX', 'KTBW')","['s3://unidata-nexrad-level2/2025/10/21/KAMX/KAMX20251021_131619_V06', 's3://unidata-nexrad-level2/2025/10/21/KAMX/KAMX20251021_131619_V06', 's3://unidata-nexrad-level2/2025/10/21/KMLB/KMLB20251021_131302_V06', 's3://unidata-nexrad-level2/2025/10/21/KBYX/KBYX20251021_131449_V06', 's3://unidata-nexrad-level2/2025/10/21/KTBW/KTBW20251021_131509_V06']"
F,B77L,SNP UA /OV OFORD/TM 1904/FL370/TP B77L/TB CONS MOD/RM ZAN,CONS MOD,202510071900-KMSC-UBUS01-PIREP,37000.0,57.16,-170.22,2025-10-07 19:04:00+00:00,3.0,0,U,"('PAEC', 'PABC', 'PAKC', 'PAHG', 'PAIH')","['s3://unidata-nexrad-level2/2025/10/07/PAEC/PAEC20251007_190009_V06', 's3://unidata-nexrad-level2/2025/10/07/PABC/PABC20251007_190023_V06', 's3://unidata-nexrad-level2/2025/10/07/PAKC/PAKC20251007_190213_V06', 's3://unidata-nexrad-level2/2025/10/07/PAHG/PAHG20251007_190315_V06', 's3://unidata-nexrad-level2/2025/10/07/PAIH/PAIH20251007_190114_V06']"
F,PA31,AQT UA /OV AQT/TM 2331/FL003/TP PA31/SK OVC003/WX FV01SM/TA UNKN/TB NEG/IC LGT RIME/RM DURD/ ZAN,NEG,202510282300-KMSC-UBUS01-PIREP,300.0,70.2,-151.0,2025-10-28 23:31:00+00:00,0.0,0,L,"('PAPD', 'PAHG', 'PAIH', 'PAIH', 'PAKC')","['s3://unidata-nexrad-level2/2025/10/28/PAPD/PAPD20251028_233027_V06', 's3://unidata-nexrad-level2/2025/10/28/PAHG/PAHG20251028_233041_V06', 's3://unidata-nexrad-level2/2025/10/28/PAIH/PAIH20251028_232740_V06', 's3://unidata-nexrad-level2/2025/10/28/PAIH/PAIH20251028_232740_V06']"
T,A359,ANC UUA /OV 4313N 16530E/TM 1904/FL390/TP A359/TB SEV,SEV,202510081900-KMSC-UBUS01-PIREP,39000.0,43.2166,165.5,2025-10-08 19:04:00+00:00,5.0,0,U,"('PGUA', 'RKSG', 'RKJK', 'RODN', 'LPLA')","['s3://unidata-nexrad-level2/2025/10/08/PGUA/PGUA20251008_190325_V06', 's3://unidata-nexrad-level2/2025/10/08/RKSG/RKSG20251008_190210_V06', 's3://unidata-nexrad-level2/2025/10/08/RKJK/RKJK20251008_190312_V06']"
T,B789,ANC UUA /OV 4300N13212W/TM 1158/FL380/TP B789/TB SEV,SEV,202510221200-KMSC-UBUS01-PIREP,38000.0,43.0,-132.2,2025-10-22 11:58:00+00:00,5.0,0,U,"('KBHX', 'KLGX', 'KMAX', 'KRTX', 'KATX')","['s3://unidata-nexrad-level2/2025/10/22/KBHX/KBHX20251022_115601_V06', 's3://unidata-nexrad-level2/2025/10/22/KLGX/KLGX20251022_115024_V06', 's3://unidata-nexrad-level2/2025/10/22/KMAX/KMAX20251022_114857_V06', 's3://unidata-nexrad-level2/2025/10/22/KRTX/KRTX20251022_115202_V06', 's3://unidata-nexrad-level2/2025/10/22/KATX/KATX20251022_115316_V06']"
F,B38M,MYNN UA /OV ZQA130210/TM 1637/FL340/TP B38M/TB NEG,NEG,202510141600-KMSC-UBUS01-PIREP,34000.0,22.750061135627536,-74.49143254302108,2025-10-14 16:37:00+00:00,0.0,0,U,"('KAMX', 'KAMX', 'KBYX', 'KMLB', 'KTBW')","['s3://unidata-nexrad-level2/2025/10/14/KAMX/KAMX20251014_163339_V06', 's3://unidata-nexrad-level2/2025/10/14/KAMX/KAMX20251014_163339_V06', 's3://unidata-nexrad-level2/2025/10/14/KBYX/KBYX20251014_163524_V06', 's3://unidata-nexrad-level2/2025/10/14/KMLB/KMLB20251014_163627_V06', 's3://unidata-nexrad-level2/2025/10/14/KTBW/KTBW20251014_162957_V06']"
F,BE36,HOB UA /OV LBB255060/TM 1931/FL105/TP BE36/TB LGT-MOD/RM ZFW64,LGT-MOD,202510031900-KMSC-UBUS01-PIREP,10500.0,33.40479999053386,-102.98341562793117,2025-10-03 19:31:00+00:00,2.0,0,L,"('KLBB', 'KFDX', 'KMAF', 'KAMA', 'KHDX')","['s3://unidata-nexrad-level2/2025/10/03/KLBB/KLBB20251003_192719_V06', 's3://unidata-nexrad-level2/2025/10/03/KMAF/KMAF20251003_192511_V06', 's3://unidata-nexrad-level2/2025/10/03/KAMA/KAMA20251003_192314_V06', 's3://unidata-nexrad-level2/2025/10/03/KHDX/KHDX20251003_192853_V06']"
F,B77L,ONL UA /OV ONL/TM 1407/FL350/TP B77L/TB OCNL LGT CHOP,OCNL LGT CHOP,202510291400-KMSC-UBUS01-PIREP,35000.0,42.46972,-98.68806,2025-10-29 14:07:00+00:00,1.0,0,U,"('KLNX', 'KFSD', 'KUEX', 'KOAX', 'KABR')","['s3://unidata-nexrad-level2/2025/10/29/KLNX/KLNX20251029_140406_V06', 's3://unidata-nexrad-level2/2025/10/29/KFSD/KFSD20251029_140329_V06', 's3://unidata-nexrad-level2/2025/10/29/KUEX/KUEX20251029_140422_V06', 's3://unidata-nexrad-level2/2025/10/29/KOAX/KOAX20251029_140333_V06', 's3://unidata-nexrad-level2/2025/10/29/KABR/KABR20251029_140045_V06']"
F,A320,SEA UA /OV SEA010010/TM 2133/FL310/TP A320/TB LGT OCNL MOD 310-260/RM DURD NB ZSE,LGT OCNL MOD 310-260,202510162100-KMSC-UBUS01-PIREP,31000.0,47.60883792042,-122.27157296024627,2025-10-16 21:33:00+00:00,2.0,0,M,"('KATX', 'KLGX', 'KRTX', 'KPDT', 'KOTX')","['s3://unidata-nexrad-level2/2025/10/16/KATX/KATX20251016_213021_V06', 's3://unidata-nexrad-level2/2025/10/16/KLGX/KLGX20251016_212931_V06', 's3://unidata-nexrad-level2/2025/10/16/KRTX/KRTX20251016_212901_V06', 's3://unidata-nexrad-level2/2025/10/16/KPDT/KPDT20251016_212520_V06', 's3://unidata-nexrad-level2/2025/10/16/KOTX/KOTX20251016_212621_V06']"
F,A319,PSK UA /OV PSK/TM 1220/FL360/TP A319/TB CONS LGT CHOP/RM ZTLFD-15,CONS LGT CHOP,202510251200-KMSC-UBUS01-PIREP,36000.0,37.13735,-80.67848,2025-10-25 12:20:00+00:00,1.0,0,M,"('KFCX', 'KRLX', 'KRAX', 'KGSP', 'KJKL')","['s3://unidata-nexrad-level2/2025/10/25/KFCX/KFCX20251025_121647_V06', 's3://unidata-nexrad-level2/2025/10/25/KRLX/KRLX20251025_121543_V06', 's3://unidata-nexrad-level2/2025/10/25/KRAX/KRAX20251025_121302_V06', 's3://unidata-nexrad-level2/2025/10/25/KGSP/KGSP20251025_121600_V06', 's3://unidata-nexrad-level2/2025/10/25/KJKL/KJKL20251025_121356_V06']"
F,B738,AHN UA /OV AHN/TM 1633/FL390/TP B738/TB OCNL LGT CHOP/IC NEG/RM ZTLFD-23,OCNL LGT CHOP,202510281600-KMSC-UBUS01-PIREP,39000.0,33.9486,-83.32635,2025-10-28 16:33:00+00:00,1.0,0,M,"('KFFC', 'KJGX', 'KGSP', 'KCAE', 'KMRX')","['s3://unidata-nexrad-level2/2025/10/28/KFFC/KFFC20251028_162621_V06', 's3://unidata-nexrad-level2/2025/10/28/KJGX/KJGX20251028_162844_V06', 's3://unidata-nexrad-level2/2025/10/28/KGSP/KGSP20251028_163123_V06', 's3://unidata-nexrad-level2/2025/10/28/KCAE/KCAE20251028_163220_V06', 's3://unidata-nexrad-level2/2025/10/28/KMRX/KMRX20251028_163026_V06']"
F,A320,MIA UA /OV ZBV160020/TM 1528/FL380/TP A320/TB NEG,NEG,202510141500-KMSC-UBUS01-PIREP,38000.0,25.356743754678565,-79.17349889281715,2025-10-14 15:28:00+00:00,0.0,1,M,"('KAMX', 'KAMX', 'KBYX', 'KMLB', 'KTBW')","['s3://unidata-nexrad-level2/2025/10/14/KAMX/KAMX20251014_152623_V06', 's3://unidata-nexrad-level2/2025/10/14/KAMX/KAMX20251014_152623_V06', 's3://unidata-nexrad-level2/2025/10/14/KBYX/KBYX20251014_152750_V06', 's3://unidata-nexrad-level2/2025/10/14/KMLB/KMLB20251014_152557_V06', 's3://unidata-nexrad-level2/2025/10/14/KTBW/KTBW20251014_152509_V06']"
F,B789,UUA /OV 55N121W /TM 1150 /FL370 /TP B789 /TB SEV /RM TB MOD-SEV F350,SEV,202510241156-CYEG-UACN01-PIREP,37000.0,55.0,-121.0,2025-10-24 11:50:00+00:00,5.0,0,U,"('KATX', 'KOTX', 'KLGX', 'KRTX', 'KPDT')","['s3://unidata-nexrad-level2/2025/10/24/KATX/KATX20251024_114700_V06', 's3://unidata-nexrad-level2/2025/10/24/KOTX/KOTX20251024_114720_V06', 's3://unidata-nexrad-level2/2025/10/24/KLGX/KLGX20251024_114653_V06', 's3://unidata-nexrad-level2/2025/10/24/KRTX/KRTX20251024_114721_V06', 's3://unidata-nexrad-level2/2025/10/24/KPDT/KPDT20251024_114604_V06']"
T,M20T,ALS UUA /OV ALS010040/TM 1638/FL200/TP M20T/TB SEV/RM SEV MTN WAVE +-30KTS ZAB/FDCS,SEV,202510161600-KMSC-UBUS01-PIREP,20000.0,38.09548168167999,-105.71557827267162,2025-10-16 16:38:00+00:00,5.0,1,L,"('KPUX', 'KFTG', 'KGJX', 'KABX', 'KCYS')","['s3://unidata-nexrad-level2/2025/10/16/KPUX/KPUX20251016_163659_V06', 's3://unidata-nexrad-level2/2025/10/16/KFTG/KFTG20251016_163736_V06', 's3://unidata-nexrad-level2/2025/10/16/KGJX/KGJX20251016_163629_V06', 's3://unidata-nexrad-level2/2025/10/16/KABX/KABX20251016_163248_V06', 's3://unidata-nexrad-level2/2025/10/16/KCYS/KCYS20251016_163219_V06']"
F,SR20,LOZ UA /OV LOZ150025/TM 1755/FL100/TP SR20/TA 13/TB NEG,NEG,202510131700-KMSC-UBUS01-PIREP,10000.0,36.72612685336989,-83.8158181232033,2025-10-13 17:55:00+00:00,0.0,0,L,"('KMRX', 'KJKL', 'KLVX', 'KGSP', 'KRLX')","['s3://unidata-nexrad-level2/2025/10/13/KMRX/KMRX20251013_175001_V06', 's3://unidata-nexrad-level2/2025/10/13/KLVX/KLVX20251013_175201_V06', 's3://unidata-nexrad-level2/2025/10/13/KGSP/KGSP20251013_175439_V06', 's3://unidata-nexrad-level2/2025/10/13/KRLX/KRLX20251013_175217_V06']"
T,PAY2,PNS UUA /OV PNS120025/TM 2149/FL100/TP PAY2/TB EXTRM/RM CLEAR AIR,EXTRM,202510092100-KMSC-UBUS01-PIREP,10000.0,30.26970979164979,-86.76820789414955,2025-10-09 21:49:00+00:00,7.0,1,L,"('KEVX', 'KMOB', 'KEOX', 'KTLH', 'KMXX')","['s3://unidata-nexrad-level2/2025/10/09/KEVX/KEVX20251009_214646_V06', 's3://unidata-nexrad-level2/2025/10/09/KMOB/KMOB20251009_214810_V06', 's3://unidata-nexrad-level2/2025/10/09/KEOX/KEOX20251009_214620_V06', 's3://unidata-nexrad-level2/2025/10/09/KTLH/KTLH20251009_214809_V06', 's3://unidata-nexrad-level2/2025/10/09/KMXX/KMXX20251009_214818_V06']"
T,E145,PNC UUA /OV PER140020/TM 1500/FL360/TP E145/TB SEV-EXTRM/RM UNABLE TO HOLD ALTITUDE LOSS 3000 FT /ZKC FDC XJ,SEV-EXTRM,202510181500-KMSC-UBUS01-PIREP,36000.0,36.494631169073024,-96.89256927024744,2025-10-18 15:00:00+00:00,6.0,1,M,"('KINX', 'KOUN', 'KVNX', 'KTLX', 'KICT')","['s3://unidata-nexrad-level2/2025/10/18/KINX/KINX20251018_145936_V06', 's3://unidata-nexrad-level2/2025/10/18/KVNX/KVNX20251018_145545_V06', 's3://unidata-nexrad-level2/2025/10/18/KTLX/KTLX20251018_145942_V06', 's3://unidata-nexrad-level2/2025/10/18/KICT/KICT20251018_145449_V06']"
F,C68A,GNV UA /OV GNV180010/TM 0350/FL220/TP C68A/TB NEG,NEG,202510020300-KMSC-UBUS01-PIREP,22000.0,29.525019833319835,-82.27602,2025-10-02 03:50:00+00:00,0.0,0,U,"('KJAX', 'KVAX', 'KTBW', 'KTLH', 'KMLB')","['s3://unidata-nexrad-level2/2025/10/02/KJAX/KJAX20251002_034741_V06', 's3://unidata-nexrad-level2/2025/10/02/KVAX/KVAX20251002_034539_V06', 's3://unidata-nexrad-level2/2025/10/02/KTBW/KTBW20251002_034429_V06', 's3://unidata-nexrad-level2/2025/10/02/KTLH/KTLH20251002_034853_V06', 's3://unidata-nexrad-level2/2025/10/02/KMLB/KMLB20251002_034813_V06']"
T,TBM8,BAF UUA /OV BAF100020/TM 1247/FL160/TP TBM8/TA M04/TB SEV CAT 160-125,SEV CAT 160-125,202510201200-KMSC-UBUS01-PIREP,16000.0,42.09989258560554,-72.27324460233083,2025-10-20 12:47:00+00:00,5.0,0,U,"('KBOX', 'KOKX', 'KENX', 'KGYX', 'KCXX')","['s3://unidata-nexrad-level2/2025/10/20/KBOX/KBOX20251020_130005_V06', 's3://unidata-nexrad-level2/2025/10/20/KENX/KENX20251020_130000_V06', 's3://unidata-nexrad-level2/2025/10/20/KGYX/KGYX20251020_130001_V06', 's3://unidata-nexrad-level2/2025/10/20/KCXX/KCXX20251020_130003_V06']"
F,PC12,AKP UA /OV AKP/TM 2246/FL003/TP PC12/SK OVC005/TB NEG/IC NEG/RM DURD /ZAN/,NEG,202510272200-KMSC-UBUS01-PIREP,300.0,68.13,-151.74,2025-10-27 22:46:00+00:00,0.0,0,L,"('PAPD', 'PAHG', 'PAIH', 'PAIH', 'PAKC')","['s3://unidata-nexrad-level2/2025/10/27/PAPD/PAPD20251027_224023_V06', 's3://unidata-nexrad-level2/2025/10/27/PAHG/PAHG20251027_224335_V06', 's3://unidata-nexrad-level2/2025/10/27/PAIH/PAIH20251027_224259_V06', 's3://unidata-nexrad-level2/2025/10/27/PAIH/PAIH20251027_224259_V06']"
F,B737,PANC UA /OV ANC/TM 2320/FL090/TP B737/TB MOD TURB 090-016 DURING DESCENT,MOD TURB 090-016 DURING DESCENT,202510292300-KMSC-UBUS01-PIREP,9000.0,61.17,-149.99,2025-10-29 23:20:00+00:00,3.0,0,M,"('PAHG', 'PAIH', 'PAIH', 'PAPD', 'PAKC')","['s3://unidata-nexrad-level2/2025/10/29/PAHG/PAHG20251029_231854_V06', 's3://unidata-nexrad-level2/2025/10/29/PAIH/PAIH20251029_231701_V06', 's3://unidata-nexrad-level2/2025/10/29/PAIH/PAIH20251029_231701_V06', 's3://unidata-nexrad-level2/2025/10/29/PAPD/PAPD20251029_231446_V06']"
F,E295,UUA /OV CYQL 270050 /TM 0640 /FL370 /TP E295 /TB SEV CAT /RM PLUS OR MINUS 4000FT,SEV CAT,202510250645-CYEG-UACN01-PIREP,37000.0,49.62542,-114.0801352737482,2025-10-25 06:40:00+00:00,5.0,0,U,"('KMSX', 'KTFX', 'KOTX', 'KPDT', 'KCBX')","['s3://unidata-nexrad-level2/2025/10/25/KMSX/KMSX20251025_063728_V06', 's3://unidata-nexrad-level2/2025/10/25/KTFX/KTFX20251025_063517_V06', 's3://unidata-nexrad-level2/2025/10/25/KOTX/KOTX20251025_063730_V06', 's3://unidata-nexrad-level2/2025/10/25/KPDT/KPDT20251025_063620_V06', 's3://unidata-nexrad-level2/2025/10/25/KCBX/KCBX20251025_063516_V06']"
F,A321,ORD UA /OV OBK290035/TM 1105/FL120/TP A321/SK TOPS 120/TB OCNL LGT CHOP/RM DURD,OCNL LGT CHOP,202510151100-KMSC-UBUS01-PIREP,12000.0,42.41952791074124,-88.69023842814104,2025-10-15 11:05:00+00:00,1.0,0,M,"('KMKX', 'KLOT', 'KDVN', 'KGRB', 'KILX')","['s3://unidata-nexrad-level2/2025/10/15/KMKX/KMKX20251015_110435_V06', 's3://unidata-nexrad-level2/2025/10/15/KLOT/KLOT20251015_110443_V06', 's3://unidata-nexrad-level2/2025/10/15/KDVN/KDVN20251015_110318_V06', 's3://unidata-nexrad-level2/2025/10/15/KGRB/KGRB20251015_110353_V06', 's3://unidata-nexrad-level2/2025/10/15/KILX/KILX20251015_110207_V06']"
T,C172,PAQ UUA /OV PAQ270005-PAQ /TM 1925 /FL005 /TP C172 /TB SEV /RM DURD RNAV10 (AKFSS),SEV,202510121900-KMSC-UBUS01-PIREP,500.0,61.59,-149.2551660033226,2025-10-12 19:25:00+00:00,5.0,0,L,"('PAHG', 'PAIH', 'PAIH', 'PAPD', 'PAKC')","['s3://unidata-nexrad-level2/2025/10/12/PAHG/PAHG20251012_192012_V06', 's3://unidata-nexrad-level2/2025/10/12/PAIH/PAIH20251012_192038_V06', 's3://unidata-nexrad-level2/2025/10/12/PAIH/PAIH20251012_192038_V06', 's3://unidata-nexrad-level2/2025/10/12/PAPD/PAPD20251012_192404_V06', 's3://unidata-nexrad-level2/2025/10/12/PAKC/PAKC20251012_192206_V06']"
F,B38M,MIA UA /OV ZBV110030/TM 2234/FL360/TP B38M/TB LGT CHOP,LGT CHOP,202510072200-KMSC-UBUS01-PIREP,36000.0,25.49897607650751,-78.77866159671868,2025-10-07 22:34:00+00:00,1.0,0,U,"('KAMX', 'KAMX', 'KMLB', 'KBYX', 'KTBW')","['s3://unidata-nexrad-level2/2025/10/07/KAMX/KAMX20251007_223239_V06', 's3://unidata-nexrad-level2/2025/10/07/KAMX/KAMX20251007_223239_V06', 's3://unidata-nexrad-level2/2025/10/07/KMLB/KMLB20251007_223034_V06', 's3://unidata-nexrad-level2/2025/10/07/KBYX/KBYX20251007_223141_V06', 's3://unidata-nexrad-level2/2025/10/07/KTBW/KTBW20251007_223252_V06']"
T,C560,DEN UUA /OV DEN200032/TM 2000/FL130/TP C560/TB SEV/RM FL 130-110,SEV,202510142000-KMSC-UBUS01-PIREP,13000.0,39.3315900074857,-104.89505891455134,2025-10-14 20:00:00+00:00,5.0,0,M,"('KFTG', 'KPUX', 'KCYS', 'KGLD', 'KGJX')","['s3://unidata-nexrad-level2/2025/10/14/KFTG/KFTG20251014_195342_V06', 's3://unidata-nexrad-level2/2025/10/14/KPUX/KPUX20251014_195655_V06', 's3://unidata-nexrad-level2/2025/10/14/KCYS/KCYS20251014_195725_V06', 's3://unidata-nexrad-level2/2025/10/14/KGLD/KGLD20251014_195654_V06', 's3://unidata-nexrad-level2/2025/10/14/KGJX/KGJX20251014_195722_V06']"
F,B738,DFW UA /OV 10 NE DFW/TM 1708/FL050/TP B738/WV +/- 20KT/TB SEV TURB +/- 200FT,SEV TURB +,202510181700-KMSC-UBUS01-PIREP,5000.0,33.01469067614885,-96.89763117010644,2025-10-18 17:08:00+00:00,5.0,1,M,"('KFWS', 'KDYX', 'KOUN', 'KGRK', 'KTLX')","['s3://unidata-nexrad-level2/2025/10/18/KFWS/KFWS20251018_170702_V06', 's3://unidata-nexrad-level2/2025/10/18/KDYX/KDYX20251018_170757_V06', 's3://unidata-nexrad-level2/2025/10/18/KGRK/KGRK20251018_170607_V06', 's3://unidata-nexrad-level2/2025/10/18/KTLX/KTLX20251018_170758_V06']"
F,A21N,LVS UA /OV FTI260020/TM 1425/FL360/TP A21N/TB INTMT MOD CHOP/RM ZAB/FDCS,INTMT MOD CHOP,202510181400-KMSC-UBUS01-PIREP,36000.0,35.60211258560553,-105.54406103569887,2025-10-18 14:25:00+00:00,3.0,0,U,"('KABX', 'KFDX', 'KHDX', 'KPUX', 'KAMA')","['s3://unidata-nexrad-level2/2025/10/18/KABX/KABX20251018_141704_V06', 's3://unidata-nexrad-level2/2025/10/18/KFDX/KFDX20251018_142324_V06', 's3://unidata-nexrad-level2/2025/10/18/KHDX/KHDX20251018_141941_V06', 's3://unidata-nexrad-level2/2025/10/18/KPUX/KPUX20251018_142136_V06', 's3://unidata-nexrad-level2/2025/10/18/KAMA/KAMA20251018_141939_V06']"
T,C56X,TEB UUA /OV EWR340020/TM 1456/FL120/TP C56X/TB SEV/RM DURC THROUGH 150,SEV,202510301500-KMSC-UBUS01-PIREP,12000.0,40.99597624532144,-74.31967117054617,2025-10-30 14:56:00+00:00,5.0,1,M,"('KDIX', 'KOKX', 'KENX', 'KBGM', 'KDOX')","['s3://unidata-nexrad-level2/2025/10/30/KDIX/KDIX20251030_145241_V06', 's3://unidata-nexrad-level2/2025/10/30/KOKX/KOKX20251030_145449_V06', 's3://unidata-nexrad-level2/2025/10/30/KENX/KENX20251030_145256_V06', 's3://unidata-nexrad-level2/2025/10/30/KBGM/KBGM20251030_145312_V06', 's3://unidata-nexrad-level2/2025/10/30/KDOX/KDOX20251030_145512_V06']"
T,PRM1,MCO UUA /OV 10 NW ISM/TM 2035/FL070/TP PRM1/TB SEV TURB/RM DURD,SEV TURB,202510272000-KMSC-UBUS01-PIREP,7000.0,28.385603816014807,-81.59505631216295,2025-10-27 20:35:00+00:00,5.0,1,L,"('KMLB', 'KTBW', 'KJAX', 'KVAX', 'KAMX')","['s3://unidata-nexrad-level2/2025/10/27/KMLB/KMLB20251027_203408_V06', 's3://unidata-nexrad-level2/2025/10/27/KTBW/KTBW20251027_203243_V06', 's3://unidata-nexrad-level2/2025/10/27/KJAX/KJAX20251027_203159_V06', 's3://unidata-nexrad-level2/2025/10/27/KVAX/KVAX20251027_203206_V06', 's3://unidata-nexrad-level2/2025/10/27/KAMX/KAMX20251027_203307_V06']"
T,C182,INW UUA /OV INW212033/TM 1832/FL095/TP C182/TB SEV CAT/RM ZAB/FDCS,SEV CAT,202510031800-KMSC-UBUS01-PIREP,9500.0,34.555455766533505,-111.07845577689648,2025-10-03 18:32:00+00:00,5.0,0,L,"('KFSX', 'KFSX', 'KIWA', 'KEMX', 'KICX')","['s3://unidata-nexrad-level2/2025/10/03/KFSX/KFSX20251003_182957_V06', 's3://unidata-nexrad-level2/2025/10/03/KFSX/KFSX20251003_182957_V06', 's3://unidata-nexrad-level2/2025/10/03/KIWA/KIWA20251003_183114_V06', 's3://unidata-nexrad-level2/2025/10/03/KEMX/KEMX20251003_182932_V06', 's3://unidata-nexrad-level2/2025/10/03/KICX/KICX20251003_182504_V06']"
T,A321,MYNN UUA /OV ZQA074095/TM 1715/FL330/TP A321/TB SEV,SEV,202510101700-KMSC-UBUS01-PIREP,33000.0,25.43646116390315,-75.77052533483318,2025-10-10 17:15:00+00:00,5.0,1,M,"('KAMX', 'KAMX', 'KMLB', 'KBYX', 'KTBW')","['s3://unidata-nexrad-level2/2025/10/10/KAMX/KAMX20251010_171403_V06', 's3://unidata-nexrad-level2/2025/10/10/KAMX/KAMX20251010_171403_V06', 's3://unidata-nexrad-level2/2025/10/10/KMLB/KMLB20251010_171310_V06', 's3://unidata-nexrad-level2/2025/10/10/KBYX/KBYX20251010_171055_V06', 's3://unidata-nexrad-level2/2025/10/10/KTBW/KTBW20251010_171208_V06']"
F,PAY2,PNS UA /OV PNS120025/TM 2148/FL100/TP PAY2/TB SEV/RM CLEAR AIR,SEV,202510092100-KMSC-UBUS01-PIREP,10000.0,30.26970979164979,-86.76820789414955,2025-10-09 21:48:00+00:00,5.0,1,L,"('KEVX', 'KMOB', 'KEOX', 'KTLH', 'KMXX')","['s3://unidata-nexrad-level2/2025/10/09/KEVX/KEVX20251009_214646_V06', 's3://unidata-nexrad-level2/2025/10/09/KMOB/KMOB20251009_214236_V06', 's3://unidata-nexrad-level2/2025/10/09/KEOX/KEOX20251009_214620_V06', 's3://unidata-nexrad-level2/2025/10/09/KTLH/KTLH20251009_214342_V06', 's3://unidata-nexrad-level2/2025/10/09/KMXX/KMXX20251009_214343_V06']"
T,B764,BGR UUA /OV BGR100040/TM 2222/FL250/TP B764/TB SEV,SEV,202510282200-KMSC-UBUS01-PIREP,25000.0,44.69166517121108,-67.90268418392351,2025-10-28 22:22:00+00:00,5.0,0,H,"('KCBW', 'KGYX', 'KBOX', 'KCXX', 'KOKX')","['s3://unidata-nexrad-level2/2025/10/28/KCBW/KCBW20251028_222003_V06', 's3://unidata-nexrad-level2/2025/10/28/KGYX/KGYX20251028_222103_V06', 's3://unidata-nexrad-level2/2025/10/28/KBOX/KBOX20251028_221556_V06', 's3://unidata-nexrad-level2/2025/10/28/KCXX/KCXX20251028_221521_V06', 's3://unidata-nexrad-level2/2025/10/28/KOKX/KOKX20251028_221634_V06']"
T,PC12,MMH UUA /OV MMH075005/TM 1837/FL090/TP PC12/TB SEV-EXTRM/RM SEV ALMOST EXTRM. COR LOCTN AND TURB. ZLA CWSU,SEV-EXTRM,202510261900-KMSC-UBUS01-PIREP,9000.0,37.64563000078884,-118.7371124387846,2025-10-26 18:37:00+00:00,6.0,0,L,"('KHNX', 'KRGX', 'KDAX', 'KMUX', 'KEYX')","['s3://unidata-nexrad-level2/2025/10/26/KHNX/KHNX20251026_183527_V06', 's3://unidata-nexrad-level2/2025/10/26/KRGX/KRGX20251026_183608_V06', 's3://unidata-nexrad-level2/2025/10/26/KDAX/KDAX20251026_183302_V06', 's3://unidata-nexrad-level2/2025/10/26/KMUX/KMUX20251026_183402_V06', 's3://unidata-nexrad-level2/2025/10/26/KEYX/KEYX20251026_182859_V06']"
F,A320,ARG UA /OV ARG315030/TM 1319/FL280/TP A320/TB CONS LGT OCNL MOD CHOP/RM ZME,CONS LGT OCNL MOD CHOP,202510191300-KMSC-UBUS01-PIREP,28000.0,36.47825202844656,-91.362854482325,2025-10-19 13:19:00+00:00,2.0,0,M,"('KNQA', 'KLZK', 'KSGF', 'KPAH', 'KLSX')","['s3://unidata-nexrad-level2/2025/10/19/KNQA/KNQA20251019_131802_V06', 's3://unidata-nexrad-level2/2025/10/19/KLZK/KLZK20251019_131614_V06', 's3://unidata-nexrad-level2/2025/10/19/KSGF/KSGF20251019_131508_V06', 's3://unidata-nexrad-level2/2025/10/19/KPAH/KPAH20251019_131551_V06', 's3://unidata-nexrad-level2/2025/10/19/KLSX/KLSX20251019_131701_V06']"
F,B737,DEN UA /OV 15 E DEN/TM 1141/FL110/TP B737/TB CONT MOD CHOP 110-150,CONT MOD CHOP 110-150,202510031100-KMSC-UBUS01-PIREP,11000.0,39.8328,-104.33191759390787,2025-10-03 11:41:00+00:00,3.0,0,M,"('KFTG', 'KCYS', 'KPUX', 'KGLD', 'KGJX')","['s3://unidata-nexrad-level2/2025/10/03/KFTG/KFTG20251003_113718_V06', 's3://unidata-nexrad-level2/2025/10/03/KCYS/KCYS20251003_113355_V06', 's3://unidata-nexrad-level2/2025/10/03/KPUX/KPUX20251003_113823_V06', 's3://unidata-nexrad-level2/2025/10/03/KGLD/KGLD20251003_113629_V06', 's3://unidata-nexrad-level2/2025/10/03/KGJX/KGJX20251003_113605_V06']"
F,BE23,FAI UA /OV FAI260038 /TM 2204 /FL045 /TP BE23 /SK SKC /WX FV30SM /TA 05 /TB LGT-MOD /RM 30 E MLY WITH 30KT HEADWINDS WITH HIGH CI ABV (AKFSS,LGT-MOD,202510122220-KWBC-UBUS31-PRCUS,4500.0,64.70001391265052,-149.31553286997948,2025-10-12 22:04:00+00:00,2.0,0,L,"('PAPD', 'PAHG', 'PAIH', 'PAIH', 'PAKC')","['s3://unidata-nexrad-level2/2025/10/12/PAPD/PAPD20251012_215939_V06', 's3://unidata-nexrad-level2/2025/10/12/PAHG/PAHG20251012_220001_V06', 's3://unidata-nexrad-level2/2025/10/12/PAIH/PAIH20251012_220145_V06', 's3://unidata-nexrad-level2/2025/10/12/PAIH/PAIH20251012_220145_V06', 's3://unidata-nexrad-level2/2025/10/12/PAKC/PAKC20251012_220343_V06']"
T,CL35,SAV UUA /OV SAV290035/TM 1910/FL115/TP CL35/TB SEV-EXTRM/RM DURD,SEV-EXTRM,202510191900-KMSC-UBUS01-PIREP,11500.0,32.33089542074124,-81.84965518034542,2025-10-19 19:10:00+00:00,6.0,0,U,"('KCLX', 'KJGX', 'KCAE', 'KVAX', 'KJAX')","['s3://unidata-nexrad-level2/2025/10/19/KCLX/KCLX20251019_190944_V06', 's3://unidata-nexrad-level2/2025/10/19/KJGX/KJGX20251019_190804_V06', 's3://unidata-nexrad-level2/2025/10/19/KCAE/KCAE20251019_190943_V06', 's3://unidata-nexrad-level2/2025/10/19/KVAX/KVAX20251019_190747_V06', 's3://unidata-nexrad-level2/2025/10/19/KJAX/KJAX20251019_190525_V06']"
F,A321,SRQ UA /OV SRQ260100/TM 1111/FL340/TP A321/TB EXTRM,EXTRM,202510131100-KMSC-UBUS01-PIREP,34000.0,27.111952928027687,-84.40753025346886,2025-10-13 11:11:00+00:00,7.0,0,M,"('KTBW', 'KTLH', 'KMLB', 'KBYX', 'KEVX')","['s3://unidata-nexrad-level2/2025/10/13/KTBW/KTBW20251013_110812_V06', 's3://unidata-nexrad-level2/2025/10/13/KTLH/KTLH20251013_110812_V06', 's3://unidata-nexrad-level2/2025/10/13/KMLB/KMLB20251013_110835_V06', 's3://unidata-nexrad-level2/2025/10/13/KBYX/KBYX20251013_110938_V06', 's3://unidata-nexrad-level2/2025/10/13/KEVX/KEVX20251013_110516_V06']"
F,B737,SIT UA /OV BKA080068/TM 1538/FL350/TP B737/TB CONS LGT CHOP/RM ZAN,CONS LGT CHOP,202510011500-KMSC-UBUS01-PIREP,35000.0,57.05681720894117,-133.50823471007095,2025-10-01 15:38:00+00:00,1.0,0,M,"('PACG', 'PAIH', 'PAIH', 'KLGX', 'KATX')","['s3://unidata-nexrad-level2/2025/10/01/PACG/PACG20251001_153401_V06', 's3://unidata-nexrad-level2/2025/10/01/PAIH/PAIH20251001_153258_V06', 's3://unidata-nexrad-level2/2025/10/01/PAIH/PAIH20251001_153258_V06', 's3://unidata-nexrad-level2/2025/10/01/KLGX/KLGX20251001_153442_V06', 's3://unidata-nexrad-level2/2025/10/01/KATX/KATX20251001_153715_V06']"
F,BE20,TYS UA /OV VXV315030/TM 1738/FL165/TP BE20/SK TOP 160/TA 02/TB NEG/IC NEG/RM ZTLFD-41,NEG,202510071700-KMSC-UBUS01-PIREP,16500.0,36.25358202844655,-84.32649858327278,2025-10-07 17:38:00+00:00,0.0,0,M,"('KMRX', 'KJKL', 'KOHX', 'KHTX', 'KLVX')","['s3://unidata-nexrad-level2/2025/10/07/KMRX/KMRX20251007_173604_V06', 's3://unidata-nexrad-level2/2025/10/07/KJKL/KJKL20251007_173327_V06', 's3://unidata-nexrad-level2/2025/10/07/KOHX/KOHX20251007_173401_V06', 's3://unidata-nexrad-level2/2025/10/07/KHTX/KHTX20251007_173351_V06', 's3://unidata-nexrad-level2/2025/10/07/KLVX/KLVX20251007_173643_V06']"
F,B38M,DMW UA /OV EMI340020/TM 1922/FL320/TP B38M/TB OCNL LGT-MOD CHOP,OCNL LGT-MOD CHOP,202510121900-KMSC-UBUS01-PIREP,32000.0,39.81325624532143,-77.12776090789438,2025-10-12 19:22:00+00:00,2.0,0,U,"('KLWX', 'KCCX', 'KDIX', 'KDOX', 'KPBZ')","['s3://unidata-nexrad-level2/2025/10/12/KLWX/KLWX20251012_192151_V06', 's3://unidata-nexrad-level2/2025/10/12/KCCX/KCCX20251012_192039_V06', 's3://unidata-nexrad-level2/2025/10/12/KDIX/KDIX20251012_192051_V06', 's3://unidata-nexrad-level2/2025/10/12/KDOX/KDOX20251012_191936_V06', 's3://unidata-nexrad-level2/2025/10/12/KPBZ/KPBZ20251012_192149_V06']"
T,B744,ANC UUA /OV TED250020/TM 0110/FL030/TP B744/TB SEV/RM LEVEL AT 030 7R FINAL  A11,SEV,202510300100-KMSC-UBUS01-PIREP,3000.0,61.055984051005005,-150.6396229018394,2025-10-30 01:10:00+00:00,5.0,0,H,"('PAHG', 'PAIH', 'PAIH', 'PAPD', 'PAKC')","['s3://unidata-nexrad-level2/2025/10/30/PAHG/PAHG20251030_010559_V06', 's3://unidata-nexrad-level2/2025/10/30/PAIH/PAIH20251030_010600_V06', 's3://unidata-nexrad-level2/2025/10/30/PAIH/PAIH20251030_010600_V06', 's3://unidata-nexrad-level2/2025/10/30/PAPD/PAPD20251030_010611_V06']"
F,B38M,UUA /OV 5446N06051W /TM 0542 /FL370 /TP B38M /TB SEV,SEV,202510120605-CYQX-UACN01-PIREP,37000.0,54.7666,-60.85,2025-10-12 05:42:00+00:00,5.0,0,U,"('KCBW', 'KGYX', 'KCXX', 'KBOX', 'KENX')","['s3://unidata-nexrad-level2/2025/10/12/KCBW/KCBW20251012_053716_V06', 's3://unidata-nexrad-level2/2025/10/12/KGYX/KGYX20251012_053935_V06', 's3://unidata-nexrad-level2/2025/10/12/KCXX/KCXX20251012_053611_V06', 's3://unidata-nexrad-level2/2025/10/12/KBOX/KBOX20251012_053917_V06', 's3://unidata-nexrad-level2/2025/10/12/KENX/KENX20251012_054131_V06']"
F,A21N,TPA UA /OV TPA350090/TM 1310/FL370/TP A21N/TB NEG,NEG,202510271300-KMSC-UBUS01-PIREP,37000.0,29.43923128377996,-82.83522277240398,2025-10-27 13:10:00+00:00,0.0,0,U,"('KJAX', 'KVAX', 'KTLH', 'KMLB', 'KTBW')","['s3://unidata-nexrad-level2/2025/10/27/KJAX/KJAX20251027_130930_V06', 's3://unidata-nexrad-level2/2025/10/27/KVAX/KVAX20251027_130627_V06', 's3://unidata-nexrad-level2/2025/10/27/KTLH/KTLH20251027_130856_V06', 's3://unidata-nexrad-level2/2025/10/27/KMLB/KMLB20251027_130734_V06', 's3://unidata-nexrad-level2/2025/10/27/KTBW/KTBW20251027_130729_V06']"
F,GALX,DAY UA /OV RID190015/TM 0943/FL160/TP GALX/TB MOD CHOP,MOD CHOP,202510211000-KMSC-UBUS01-PIREP,16000.0,39.51097811937,-84.89927468349089,2025-10-21 09:43:00+00:00,3.0,0,M,"('KILN', 'KIND', 'KLVX', 'KIWX', 'KJKL')","['s3://unidata-nexrad-level2/2025/10/21/KILN/KILN20251021_093954_V06', 's3://unidata-nexrad-level2/2025/10/21/KIND/KIND20251021_094139_V06', 's3://unidata-nexrad-level2/2025/10/21/KLVX/KLVX20251021_093709_V06', 's3://unidata-nexrad-level2/2025/10/21/KIWX/KIWX20251021_093930_V06', 's3://unidata-nexrad-level2/2025/10/21/KJKL/KJKL20251021_093955_V06']"
F,B737,HUF UA /OV TTH/TM 2244/FL180/TP B737/TB NEG/IC NEG,NEG,202510062200-KMSC-UBUS01-PIREP,18000.0,39.49,-87.25,2025-10-06 22:44:00+00:00,0.0,0,M,"('KIND', 'KILX', 'KVWX', 'KLVX', 'KLOT')","['s3://unidata-nexrad-level2/2025/10/06/KIND/KIND20251006_224356_V06', 's3://unidata-nexrad-level2/2025/10/06/KILX/KILX20251006_224030_V06', 's3://unidata-nexrad-level2/2025/10/06/KVWX/KVWX20251006_224304_V06', 's3://unidata-nexrad-level2/2025/10/06/KLVX/KLVX20251006_223834_V06', 's3://unidata-nexrad-level2/2025/10/06/KLOT/KLOT20251006_224248_V06']"
F,PC12,FLO UA /OV FLO180020/TM 1247/FL130/TP PC12/SK IMC/TA M03/TB NEG/IC LGT RIME,NEG,202510111200-KMSC-UBUS01-PIREP,13000.0,33.85199966663967,-79.72389,2025-10-11 12:47:00+00:00,0.0,0,L,"('KLTX', 'KCAE', 'KCLX', 'KRAX', 'KGSP')","['s3://unidata-nexrad-level2/2025/10/11/KLTX/KLTX20251011_124414_V06', 's3://unidata-nexrad-level2/2025/10/11/KCAE/KCAE20251011_124402_V06', 's3://unidata-nexrad-level2/2025/10/11/KCLX/KCLX20251011_124041_V06', 's3://unidata-nexrad-level2/2025/10/11/KRAX/KRAX20251011_124438_V06', 's3://unidata-nexrad-level2/2025/10/11/KGSP/KGSP20251011_124311_V06']"
F,C25A,CPT UA /OV CPT208023 /TM 1159 /FL120 /TP C25A /TB CONS LGT /RM OVR FRSTI DURD,CONS LGT,202510291200-KMSC-UBUS01-PIREP,12000.0,32.01525934052057,-97.64680298347304,2025-10-29 11:59:00+00:00,1.0,0,L,"('KFWS', 'KGRK', 'KDYX', 'KEWX', 'KFDR')","['s3://unidata-nexrad-level2/2025/10/29/KFWS/KFWS20251029_115219_V06', 's3://unidata-nexrad-level2/2025/10/29/KGRK/KGRK20251029_115351_V06', 's3://unidata-nexrad-level2/2025/10/29/KDYX/KDYX20251029_115749_V06', 's3://unidata-nexrad-level2/2025/10/29/KEWX/KEWX20251029_115759_V06', 's3://unidata-nexrad-level2/2025/10/29/KFDR/KFDR20251029_115258_V06']"
F,A332,UUA /OV 4325N06438W /TM 2305 /FL300 /TP A332 /TB SEV CAT /RM APRX 100NM SW CYHZ ***COR COPY,SEV CAT,202510012315-CYXU-UACN01-PIREP,30000.0,43.4166,-64.6333,2025-10-01 23:05:00+00:00,5.0,0,H,"('KCBW', 'KGYX', 'KBOX', 'KCXX', 'KOKX')","['s3://unidata-nexrad-level2/2025/10/01/KCBW/KCBW20251001_225927_V06', 's3://unidata-nexrad-level2/2025/10/01/KGYX/KGYX20251001_225956_V06', 's3://unidata-nexrad-level2/2025/10/01/KBOX/KBOX20251001_230240_V06', 's3://unidata-nexrad-level2/2025/10/01/KCXX/KCXX20251001_230127_V06', 's3://unidata-nexrad-level2/2025/10/01/KOKX/KOKX20251001_230331_V06']"
F,P28A,BUR UA /OV FIM120010/TM 1635/FL035/TP P28A/TB CONS MOD,CONS MOD,202510281600-KMSC-UBUS01-PIREP,3500.0,34.27665991665992,-118.70513881407882,2025-10-28 16:35:00+00:00,3.0,0,L,"('KVTX', 'KSOX', 'KEYX', 'KVBX', 'KNKX')","['s3://unidata-nexrad-level2/2025/10/28/KVTX/KVTX20251028_163437_V06', 's3://unidata-nexrad-level2/2025/10/28/KSOX/KSOX20251028_163354_V06', 's3://unidata-nexrad-level2/2025/10/28/KEYX/KEYX20251028_163119_V06', 's3://unidata-nexrad-level2/2025/10/28/KVBX/KVBX20251028_162701_V06', 's3://unidata-nexrad-level2/2025/10/28/KNKX/KNKX20251028_163143_V06']"
F,B744,PASY UA /OV 5451N17425E/TM 0249/FL350/TP B744/TB NEG/RM SMOOTH SINCE TOKYO /ZAN/,NEG,202510060200-KMSC-UBUS01-PIREP,35000.0,54.85,174.4166,2025-10-06 02:49:00+00:00,0.0,0,H,"('RKSG', 'PGUA', 'RKJK', 'RODN', 'LPLA')","['s3://unidata-nexrad-level2/2025/10/06/RKSG/RKSG20251006_024640_V06', 's3://unidata-nexrad-level2/2025/10/06/PGUA/PGUA20251006_024823_V06', 's3://unidata-nexrad-level2/2025/10/06/RKJK/RKJK20251006_024655_V06']"
T,C172,APA UUA /OV APA260010/TM 2100/FL075/TP C172/TB SEV,SEV,202510192100-KMSC-UBUS01-PIREP,7500.0,39.54105629280277,-105.0629449080188,2025-10-19 21:00:00+00:00,5.0,0,L,"('KFTG', 'KPUX', 'KCYS', 'KGJX', 'KGLD')","['s3://unidata-nexrad-level2/2025/10/19/KFTG/KFTG20251019_205446_V06', 's3://unidata-nexrad-level2/2025/10/19/KPUX/KPUX20251019_205454_V06', 's3://unidata-nexrad-level2/2025/10/19/KCYS/KCYS20251019_205257_V06', 's3://unidata-nexrad-level2/2025/10/19/KGJX/KGJX20251019_205558_V06', 's3://unidata-nexrad-level2/2025/10/19/KGLD/KGLD20251019_205721_V06']"
F,C750,BCE UA /OV BCE230030/TM 2149/FL430/TP C750/TB CONS MOD /ZLC,CONS MOD,202510262100-KMSC-UBUS01-PIREP,43000.0,37.384970162232506,-112.62972945893496,2025-10-26 21:49:00+00:00,3.0,0,M,"('KICX', 'KESX', 'KFSX', 'KFSX', 'KMTX')","['s3://unidata-nexrad-level2/2025/10/26/KICX/KICX20251026_214522_V06', 's3://unidata-nexrad-level2/2025/10/26/KESX/KESX20251026_214702_V06', 's3://unidata-nexrad-level2/2025/10/26/KFSX/KFSX20251026_214745_V06', 's3://unidata-nexrad-level2/2025/10/26/KFSX/KFSX20251026_214745_V06', 's3://unidata-nexrad-level2/2025/10/26/KMTX/KMTX20251026_214716_V06']"
F,A21N,LBF UA /OV LBF180030/TM 2043/FL260/TP A21N/TB LGT CHOP/RM ZDVWC-19,LGT CHOP,202510132000-KMSC-UBUS01-PIREP,26000.0,40.6218694999595,-100.66896,2025-10-13 20:43:00+00:00,1.0,0,U,"('KLNX', 'KGLD', 'KUEX', 'KDDC', 'KFTG')","['s3://unidata-nexrad-level2/2025/10/13/KLNX/KLNX20251013_203815_V06', 's3://unidata-nexrad-level2/2025/10/13/KGLD/KGLD20251013_204045_V06', 's3://unidata-nexrad-level2/2025/10/13/KUEX/KUEX20251013_204219_V06', 's3://unidata-nexrad-level2/2025/10/13/KDDC/KDDC20251013_204210_V06', 's3://unidata-nexrad-level2/2025/10/13/KFTG/KFTG20251013_204133_V06']"
F,P28A,SFB UA /OV KSFB/TM 1953/FL010/TP P28A/TB NEG 010,NEG 010,202510011900-KMSC-UBUS01-PIREP,1000.0,28.77972,-81.24361,2025-10-01 19:53:00+00:00,0.0,0,L,"('KMLB', 'KTBW', 'KJAX', 'KVAX', 'KAMX')","['s3://unidata-nexrad-level2/2025/10/01/KMLB/KMLB20251001_195241_V06', 's3://unidata-nexrad-level2/2025/10/01/KTBW/KTBW20251001_194941_V06', 's3://unidata-nexrad-level2/2025/10/01/KJAX/KJAX20251001_195153_V06', 's3://unidata-nexrad-level2/2025/10/01/KVAX/KVAX20251001_195010_V06', 's3://unidata-nexrad-level2/2025/10/01/KAMX/KAMX20251001_194805_V06']"
T,BE58,ADS UUA /OV ADS/TM 1705/FL012/TP BE58/TB SEV TB,SEV TB,202510291700-KMSC-UBUS01-PIREP,1200.0,32.96856,-96.83645,2025-10-29 17:05:00+00:00,5.0,0,L,"('KFWS', 'KDYX', 'KGRK', 'KOUN', 'KTLX')","['s3://unidata-nexrad-level2/2025/10/29/KFWS/KFWS20251029_170059_V06', 's3://unidata-nexrad-level2/2025/10/29/KDYX/KDYX20251029_170105_V06', 's3://unidata-nexrad-level2/2025/10/29/KGRK/KGRK20251029_170452_V06', 's3://unidata-nexrad-level2/2025/10/29/KTLX/KTLX20251029_170032_V06']"
T,BE36,TOC UUA /OV ODF285020/TM 1959/FL090/TP BE36/WX 270050KT/TB SEV/IC NEG/RM ZTLFD-49,SEV,202510192000-KMSC-UBUS01-PIREP,9000.0,34.78628000315538,-83.69166051127657,2025-10-19 19:59:00+00:00,5.0,1,L,"('KGSP', 'KMRX', 'KFFC', 'KHTX', 'KJGX')","['s3://unidata-nexrad-level2/2025/10/19/KGSP/KGSP20251019_195433_V06', 's3://unidata-nexrad-level2/2025/10/19/KMRX/KMRX20251019_195556_V06', 's3://unidata-nexrad-level2/2025/10/19/KFFC/KFFC20251019_195429_V06', 's3://unidata-nexrad-level2/2025/10/19/KHTX/KHTX20251019_195706_V06', 's3://unidata-nexrad-level2/2025/10/19/KJGX/KJGX20251019_195731_V06']"
F,A321,DNS UA /OV DNS/TM 1616/FL320/TP A321/TB NEG,NEG,202510221600-KMSC-UBUS01-PIREP,32000.0,41.9841944444,-95.3799888889,2025-10-22 16:16:00+00:00,0.0,0,M,"('KOAX', 'KDMX', 'KFSD', 'KUEX', 'KTWX')","['s3://unidata-nexrad-level2/2025/10/22/KOAX/KOAX20251022_160950_V06', 's3://unidata-nexrad-level2/2025/10/22/KDMX/KDMX20251022_161133_V06', 's3://unidata-nexrad-level2/2025/10/22/KFSD/KFSD20251022_161133_V06', 's3://unidata-nexrad-level2/2025/10/22/KUEX/KUEX20251022_161046_V06', 's3://unidata-nexrad-level2/2025/10/22/KTWX/KTWX20251022_160910_V06']"
F,B58T,COS UA /OV BRK/TM 2227/FL100/TP B58T/TB CONS LGT CHOP,CONS LGT CHOP,202510012200-KMSC-UBUS01-PIREP,10000.0,38.94,-104.63,2025-10-01 22:27:00+00:00,1.0,0,U,"('KPUX', 'KFTG', 'KCYS', 'KGLD', 'KGJX')","['s3://unidata-nexrad-level2/2025/10/01/KPUX/KPUX20251001_222449_V06', 's3://unidata-nexrad-level2/2025/10/01/KFTG/KFTG20251001_222120_V06', 's3://unidata-nexrad-level2/2025/10/01/KCYS/KCYS20251001_222519_V06', 's3://unidata-nexrad-level2/2025/10/01/KGLD/KGLD20251001_222435_V06', 's3://unidata-nexrad-level2/2025/10/01/KGJX/KGJX20251001_222128_V06']"
F,B78X,UUA /OV 4343N06223W /TM 0337 /FL370 /TP B78X /TB SEV,SEV,202510140401-CYXU-UACN01-PIREP,37000.0,43.7166,-62.3833,2025-10-14 03:37:00+00:00,5.0,0,U,"('KCBW', 'KGYX', 'KBOX', 'KCXX', 'KOKX')","['s3://unidata-nexrad-level2/2025/10/14/KCBW/KCBW20251014_033418_V06', 's3://unidata-nexrad-level2/2025/10/14/KGYX/KGYX20251014_033538_V06', 's3://unidata-nexrad-level2/2025/10/14/KBOX/KBOX20251014_033333_V06', 's3://unidata-nexrad-level2/2025/10/14/KCXX/KCXX20251014_033448_V06', 's3://unidata-nexrad-level2/2025/10/14/KOKX/KOKX20251014_033255_V06']"
T,C560,LNK UUA /OV LNK090008/TM 0025/FL050/TP C560/TB SEV /RM DURING DESCENT OUT OF 050 10 SECONDS OF SEVERE,SEV,202510130000-KMSC-UBUS01-PIREP,5000.0,40.831178,-96.58704291766855,2025-10-13 00:25:00+00:00,5.0,0,M,"('KOAX', 'KUEX', 'KTWX', 'KDMX', 'KFSD')","['s3://unidata-nexrad-level2/2025/10/13/KOAX/KOAX20251013_002250_V06', 's3://unidata-nexrad-level2/2025/10/13/KUEX/KUEX20251013_002108_V06', 's3://unidata-nexrad-level2/2025/10/13/KTWX/KTWX20251013_001833_V06', 's3://unidata-nexrad-level2/2025/10/13/KDMX/KDMX20251013_002328_V06', 's3://unidata-nexrad-level2/2025/10/13/KFSD/KFSD20251013_002141_V06']"
T,CRJ9,MFV UUA /OV CCV320020/TM 1338/FL350/TP CRJ9/TB SEV-EXTRM 350,SEV-EXTRM 350,202510101300-KMSC-UBUS01-PIREP,35000.0,37.60536883092698,-76.26955332273496,2025-10-10 13:38:00+00:00,6.0,0,U,"('KDOX', 'KAKQ', 'KLWX', 'KRAX', 'KDIX')","['s3://unidata-nexrad-level2/2025/10/10/KDOX/KDOX20251010_133426_V06', 's3://unidata-nexrad-level2/2025/10/10/KAKQ/KAKQ20251010_133238_V06', 's3://unidata-nexrad-level2/2025/10/10/KLWX/KLWX20251010_133350_V06', 's3://unidata-nexrad-level2/2025/10/10/KRAX/KRAX20251010_133357_V06', 's3://unidata-nexrad-level2/2025/10/10/KDIX/KDIX20251010_133726_V06']"
F,B737,GSO UA /OV GSO270020/TM 1037/FL190/TP B737/TB NEG/RM ZTLFD 31,NEG,202510301000-KMSC-UBUS01-PIREP,19000.0,36.0975,-80.35617670885698,2025-10-30 10:37:00+00:00,0.0,0,M,"('KFCX', 'KRAX', 'KGSP', 'KCAE', 'KMRX')","['s3://unidata-nexrad-level2/2025/10/30/KFCX/KFCX20251030_103617_V06', 's3://unidata-nexrad-level2/2025/10/30/KRAX/KRAX20251030_103257_V06', 's3://unidata-nexrad-level2/2025/10/30/KGSP/KGSP20251030_103603_V06', 's3://unidata-nexrad-level2/2025/10/30/KCAE/KCAE20251030_103434_V06', 's3://unidata-nexrad-level2/2025/10/30/KMRX/KMRX20251030_103243_V06']"
F,P28R,FVX UA /OV READE045005/TM 1635/FL060/TP P28R/TB SEV,SEV,202510311600-KMSC-UBUS01-PIREP,6000.0,37.35753,-78.43781,2025-10-31 16:35:00+00:00,5.0,0,L,"('KAKQ', 'KFCX', 'KRAX', 'KLWX', 'KMHX')","['s3://unidata-nexrad-level2/2025/10/31/KAKQ/KAKQ20251031_163429_V06', 's3://unidata-nexrad-level2/2025/10/31/KFCX/KFCX20251031_162937_V06', 's3://unidata-nexrad-level2/2025/10/31/KRAX/KRAX20251031_162953_V06', 's3://unidata-nexrad-level2/2025/10/31/KLWX/KLWX20251031_163302_V06', 's3://unidata-nexrad-level2/2025/10/31/KMHX/KMHX20251031_163424_V06']"
F,A320,LNK UA /OV LNK250045/TM 1703/FL290/TP A320/TB CONS LGT OCNL MOD,CONS LGT OCNL MOD,202510251700-KMSC-UBUS01-PIREP,29000.0,40.57464211476127,-97.6947974286333,2025-10-25 17:03:00+00:00,2.0,0,M,"('KUEX', 'KOAX', 'KTWX', 'KLNX', 'KICT')","['s3://unidata-nexrad-level2/2025/10/25/KUEX/KUEX20251025_170022_V06', 's3://unidata-nexrad-level2/2025/10/25/KOAX/KOAX20251025_170223_V06', 's3://unidata-nexrad-level2/2025/10/25/KTWX/KTWX20251025_170246_V06', 's3://unidata-nexrad-level2/2025/10/25/KLNX/KLNX20251025_165733_V06', 's3://unidata-nexrad-level2/2025/10/25/KICT/KICT20251025_165844_V06']"
T,P46T,OMN UUA /OV OMN170020/TM 2101/FL180/TP P46T/TB SEV,SEV,202510092100-KMSC-UBUS01-PIREP,18000.0,28.97226415916001,-81.04723025961552,2025-10-09 21:01:00+00:00,5.0,1,L,"('KMLB', 'KJAX', 'KTBW', 'KVAX', 'KTLH')","['s3://unidata-nexrad-level2/2025/10/09/KMLB/KMLB20251009_205754_V06', 's3://unidata-nexrad-level2/2025/10/09/KJAX/KJAX20251009_205738_V06', 's3://unidata-nexrad-level2/2025/10/09/KTBW/KTBW20251009_205702_V06', 's3://unidata-nexrad-level2/2025/10/09/KVAX/KVAX20251009_205712_V06', 's3://unidata-nexrad-level2/2025/10/09/KTLH/KTLH20251009_205901_V06']"
F,BE58,HTS UA /OV HTS360005/TM 1713/FL100/TP BE58/WX LGT-MOD RA/TA 4/TB LGT-MOD/RM CHOP IMC,LGT-MOD,202510071700-KMSC-UBUS01-PIREP,10000.0,38.448340083340085,-82.555,2025-10-07 17:13:00+00:00,2.0,1,L,"('KRLX', 'KJKL', 'KILN', 'KFCX', 'KMRX')","['s3://unidata-nexrad-level2/2025/10/07/KRLX/KRLX20251007_171206_V06', 's3://unidata-nexrad-level2/2025/10/07/KJKL/KJKL20251007_171006_V06', 's3://unidata-nexrad-level2/2025/10/07/KILN/KILN20251007_171138_V06', 's3://unidata-nexrad-level2/2025/10/07/KFCX/KFCX20251007_171234_V06', 's3://unidata-nexrad-level2/2025/10/07/KMRX/KMRX20251007_171205_V06']"
F,B752,MKG UA /OV MKG/TM 1930/FL360/TP B752/TB CONS LGT CHOP,CONS LGT CHOP,202510291900-KMSC-UBUS01-PIREP,36000.0,43.17111,-86.23667,2025-10-29 19:30:00+00:00,1.0,0,M,"('KGRR', 'KGRB', 'KMKX', 'KIWX', 'KAPX')","['s3://unidata-nexrad-level2/2025/10/29/KGRR/KGRR20251029_192414_V06', 's3://unidata-nexrad-level2/2025/10/29/KGRB/KGRB20251029_192433_V06', 's3://unidata-nexrad-level2/2025/10/29/KMKX/KMKX20251029_192643_V06', 's3://unidata-nexrad-level2/2025/10/29/KIWX/KIWX20251029_192841_V06', 's3://unidata-nexrad-level2/2025/10/29/KAPX/KAPX20251029_192727_V06']"
F,C172,ARB UA /OV ARB060007/TM 1727/FL025/TP C172/SK OVC 025/TA M4/TB LT-MOD/IC NEG,LT-MOD,202510221700-KMSC-UBUS01-PIREP,2500.0,42.28229805833806,-83.6032699572833,2025-10-22 17:27:00+00:00,3.0,0,L,"('KDTX', 'KGRR', 'KCLE', 'KIWX', 'KAPX')","['s3://unidata-nexrad-level2/2025/10/22/KDTX/KDTX20251022_172547_V06', 's3://unidata-nexrad-level2/2025/10/22/KGRR/KGRR20251022_172418_V06', 's3://unidata-nexrad-level2/2025/10/22/KCLE/KCLE20251022_172157_V06', 's3://unidata-nexrad-level2/2025/10/22/KIWX/KIWX20251022_172513_V06', 's3://unidata-nexrad-level2/2025/10/22/KAPX/KAPX20251022_172426_V06']"
F,B737,BOI UA /OV BOI110010/TM 1822/FL060/TP B737/TB LGT/RM DURD,LGT,202510191825-KWBC-UBUS31-PRCUS,6000.0,43.50966202550251,-116.02439386684894,2025-10-19 18:22:00+00:00,1.0,0,M,"('KCBX', 'KSFX', 'KLRX', 'KPDT', 'KMSX')","['s3://unidata-nexrad-level2/2025/10/19/KCBX/KCBX20251019_181612_V06', 's3://unidata-nexrad-level2/2025/10/19/KSFX/KSFX20251019_181839_V06', 's3://unidata-nexrad-level2/2025/10/19/KLRX/KLRX20251019_181927_V06', 's3://unidata-nexrad-level2/2025/10/19/KPDT/KPDT20251019_181927_V06', 's3://unidata-nexrad-level2/2025/10/19/KMSX/KMSX20251019_181623_V06']"
T,B39M,STL UUA /OV STL200050/TM 0148/FL350/TP B39M/TB SEV/RM ZKC FDC FN,SEV,202510280100-KMSC-UBUS01-PIREP,35000.0,37.969309386696416,-90.7389024064999,2025-10-28 01:48:00+00:00,5.0,0,U,"('KLSX', 'KSGF', 'KPAH', 'KEAX', 'KVWX')","['s3://unidata-nexrad-level2/2025/10/28/KLSX/KLSX20251028_014615_V06', 's3://unidata-nexrad-level2/2025/10/28/KSGF/KSGF20251028_014314_V06', 's3://unidata-nexrad-level2/2025/10/28/KPAH/KPAH20251028_014445_V06', 's3://unidata-nexrad-level2/2025/10/28/KEAX/KEAX20251028_014529_V06', 's3://unidata-nexrad-level2/2025/10/28/KVWX/KVWX20251028_014346_V06']"
F,BCS1,LFK UA /OV LFK/TM 2107/FL350/TP BCS1/TB INTMT LGT CHOP/RM ZFW86,INTMT LGT CHOP,202510032100-KMSC-UBUS01-PIREP,35000.0,31.23401,-94.75,2025-10-03 21:07:00+00:00,1.0,0,U,"('KSHV', 'KPOE', 'KLCH', 'KGRK', 'KHGX')","['s3://unidata-nexrad-level2/2025/10/03/KSHV/KSHV20251003_210541_V06', 's3://unidata-nexrad-level2/2025/10/03/KPOE/KPOE20251003_210448_V06', 's3://unidata-nexrad-level2/2025/10/03/KLCH/KLCH20251003_210558_V06', 's3://unidata-nexrad-level2/2025/10/03/KGRK/KGRK20251003_210434_V06', 's3://unidata-nexrad-level2/2025/10/03/KHGX/KHGX20251003_210550_V06']"
T,B737,RNO UUA /OV FMG200008/TM 0020/FL070/TP B737/TB SEV BLO070/RM DURC,SEV BLO070,202510260000-KMSC-UBUS01-PIREP,7000.0,39.40469750187143,-119.7191298929964,2025-10-26 00:20:00+00:00,5.0,0,M,"('KRGX', 'KBBX', 'KDAX', 'KMUX', 'KHNX')","['s3://unidata-nexrad-level2/2025/10/26/KRGX/KRGX20251026_001643_V06', 's3://unidata-nexrad-level2/2025/10/26/KBBX/KBBX20251026_001600_V06', 's3://unidata-nexrad-level2/2025/10/26/KDAX/KDAX20251026_001531_V06', 's3://unidata-nexrad-level2/2025/10/26/KMUX/KMUX20251026_001547_V06', 's3://unidata-nexrad-level2/2025/10/26/KHNX/KHNX20251026_001731_V06']"
F,B777,UUA /OV 4259N06348W /TM 0340 /FL310 /TP B777 /TB SEV,SEV,202510140351-CYXU-UACN01-PIREP,31000.0,42.9833,-63.8,2025-10-14 03:40:00+00:00,5.0,0,H,"('KCBW', 'KGYX', 'KBOX', 'KOKX', 'KCXX')","['s3://unidata-nexrad-level2/2025/10/14/KCBW/KCBW20251014_033851_V06', 's3://unidata-nexrad-level2/2025/10/14/KGYX/KGYX20251014_033538_V06', 's3://unidata-nexrad-level2/2025/10/14/KBOX/KBOX20251014_033852_V06', 's3://unidata-nexrad-level2/2025/10/14/KOKX/KOKX20251014_033819_V06', 's3://unidata-nexrad-level2/2025/10/14/KCXX/KCXX20251014_033923_V06']"
T,BE58,RNO UUA /OV FMG180010/TM 1725/FL060/TP BE58/TB SEV 060-100/RM DURC,SEV 060-100,202510251700-KMSC-UBUS01-PIREP,6000.0,39.36331983331984,-119.66,2025-10-25 17:25:00+00:00,5.0,0,L,"('KRGX', 'KBBX', 'KDAX', 'KMUX', 'KHNX')","['s3://unidata-nexrad-level2/2025/10/25/KRGX/KRGX20251025_172221_V06', 's3://unidata-nexrad-level2/2025/10/25/KBBX/KBBX20251025_172216_V06', 's3://unidata-nexrad-level2/2025/10/25/KDAX/KDAX20251025_172419_V06', 's3://unidata-nexrad-level2/2025/10/25/KMUX/KMUX20251025_172336_V06', 's3://unidata-nexrad-level2/2025/10/25/KHNX/KHNX20251025_171622_V06']"
F,C130,BPG UA /OV BGS090030/TM 2021/FL100/TP C130/TB SEV CAT 100/RM ZFW40,SEV CAT 100,202510242000-KMSC-UBUS01-PIREP,10000.0,32.39,-100.88783063875954,2025-10-24 20:21:00+00:00,5.0,1,M,"('KSJT', 'KMAF', 'KDYX', 'KLBB', 'KFDR')","['s3://unidata-nexrad-level2/2025/10/24/KSJT/KSJT20251024_201836_V06', 's3://unidata-nexrad-level2/2025/10/24/KMAF/KMAF20251024_201705_V06', 's3://unidata-nexrad-level2/2025/10/24/KDYX/KDYX20251024_201754_V06', 's3://unidata-nexrad-level2/2025/10/24/KLBB/KLBB20251024_202058_V06', 's3://unidata-nexrad-level2/2025/10/24/KFDR/KFDR20251024_201908_V06']"
T,BCS1,CHO UUA /OV GVE/TM 1720/FL370/TP BCS1/TB SEV,SEV,202510021700-KMSC-UBUS01-PIREP,37000.0,38.156,-78.1658,2025-10-02 17:20:00+00:00,5.0,0,U,"('KLWX', 'KAKQ', 'KFCX', 'KDOX', 'KRAX')","['s3://unidata-nexrad-level2/2025/10/02/KLWX/KLWX20251002_171851_V06', 's3://unidata-nexrad-level2/2025/10/02/KAKQ/KAKQ20251002_171801_V06', 's3://unidata-nexrad-level2/2025/10/02/KFCX/KFCX20251002_171858_V06', 's3://unidata-nexrad-level2/2025/10/02/KDOX/KDOX20251002_171448_V06', 's3://unidata-nexrad-level2/2025/10/02/KRAX/KRAX20251002_171358_V06']"
F,B737,MIA UA /OV 2738N 07040W/TM 0445/FL360/TP B737/TB SEV,SEV,202510140500-KMSC-UBUS01-PIREP,36000.0,27.6333,-70.6666,2025-10-14 04:45:00+00:00,5.0,1,M,"('KMHX', 'KAMX', 'KAMX', 'KMLB', 'KLTX')","['s3://unidata-nexrad-level2/2025/10/14/KMHX/KMHX20251014_044432_V06', 's3://unidata-nexrad-level2/2025/10/14/KAMX/KAMX20251014_044444_V06', 's3://unidata-nexrad-level2/2025/10/14/KAMX/KAMX20251014_044444_V06', 's3://unidata-nexrad-level2/2025/10/14/KMLB/KMLB20251014_044304_V06', 's3://unidata-nexrad-level2/2025/10/14/KLTX/KLTX20251014_044434_V06']"
F,B737,DEN UA /OV DEN215060/TM 1929/FL210/TP B737/TB OCNL LGT CHOP ABV FL230/RM ZDVWC-26,OCNL LGT CHOP ABV FL230,202510181900-KMSC-UBUS01-PIREP,21000.0,39.01358160432907,-105.40448558489965,2025-10-18 19:29:00+00:00,1.0,0,M,"('KFTG', 'KPUX', 'KCYS', 'KGJX', 'KGLD')","['s3://unidata-nexrad-level2/2025/10/18/KFTG/KFTG20251018_192652_V06', 's3://unidata-nexrad-level2/2025/10/18/KPUX/KPUX20251018_192837_V06', 's3://unidata-nexrad-level2/2025/10/18/KCYS/KCYS20251018_192343_V06', 's3://unidata-nexrad-level2/2025/10/18/KGJX/KGJX20251018_192044_V06', 's3://unidata-nexrad-level2/2025/10/18/KGLD/KGLD20251018_192854_V06']"
F,BE35,VNY UA /OV LHS/TM 2200/FL100/TP BE35/TB SEV TURB,SEV TURB,202510032200-KMSC-UBUS01-PIREP,10000.0,34.68,-118.58,2025-10-03 22:00:00+00:00,5.0,0,L,"('KVTX', 'KEYX', 'KSOX', 'KVBX', 'KHNX')","['s3://unidata-nexrad-level2/2025/10/03/KVTX/KVTX20251003_215718_V06', 's3://unidata-nexrad-level2/2025/10/03/KEYX/KEYX20251003_215927_V06', 's3://unidata-nexrad-level2/2025/10/03/KSOX/KSOX20251003_215338_V06', 's3://unidata-nexrad-level2/2025/10/03/KVBX/KVBX20251003_215756_V06', 's3://unidata-nexrad-level2/2025/10/03/KHNX/KHNX20251003_215848_V06']"
T,B737,PBI UUA /OV PBI053055/TM 0150/FL260/TP B737/TB EXTRM,EXTRM,202510270100-KMSC-UBUS01-PIREP,26000.0,27.236408456032866,-79.27998316135589,2025-10-27 01:50:00+00:00,7.0,1,M,"('KMLB', 'KAMX', 'KAMX', 'KTBW', 'KBYX')","['s3://unidata-nexrad-level2/2025/10/27/KMLB/KMLB20251027_014633_V06', 's3://unidata-nexrad-level2/2025/10/27/KAMX/KAMX20251027_014523_V06', 's3://unidata-nexrad-level2/2025/10/27/KAMX/KAMX20251027_014523_V06', 's3://unidata-nexrad-level2/2025/10/27/KTBW/KTBW20251027_014953_V06', 's3://unidata-nexrad-level2/2025/10/27/KBYX/KBYX20251027_014747_V06']"
F,A321,UUA /OV 4354N06123W /TM 2340 /FL330 /TP A321 /TB SEV,SEV,202510112352-CYXU-UACN01-PIREP,33000.0,43.9,-61.3833,2025-10-11 23:40:00+00:00,5.0,0,M,"('KCBW', 'KGYX', 'KBOX', 'KCXX', 'KOKX')","['s3://unidata-nexrad-level2/2025/10/11/KCBW/KCBW20251011_233525_V06', 's3://unidata-nexrad-level2/2025/10/11/KGYX/KGYX20251011_233817_V06', 's3://unidata-nexrad-level2/2025/10/11/KBOX/KBOX20251011_233859_V06', 's3://unidata-nexrad-level2/2025/10/11/KCXX/KCXX20251011_233942_V06', 's3://unidata-nexrad-level2/2025/10/11/KOKX/KOKX20251011_233555_V06']"
F,C172,PAQ UA /OV PAQ /TM 2247 /FL015 /TP C172 /TB LGT /RM MULT REPORTS TURB PAQ AREA (AKFSS),LGT,202510012200-KMSC-UBUS01-PIREP,1500.0,61.59,-149.08,2025-10-01 22:47:00+00:00,1.0,0,L,"('PAHG', 'PAIH', 'PAIH', 'PAPD', 'PAKC')","['s3://unidata-nexrad-level2/2025/10/01/PAHG/PAHG20251001_224454_V06', 's3://unidata-nexrad-level2/2025/10/01/PAIH/PAIH20251001_224417_V06', 's3://unidata-nexrad-level2/2025/10/01/PAIH/PAIH20251001_224417_V06', 's3://unidata-nexrad-level2/2025/10/01/PAPD/PAPD20251001_224548_V06', 's3://unidata-nexrad-level2/2025/10/01/PAKC/PAKC20251001_224616_V06']"
F,B39M,BMG UA /OV OOM132030/TM 2024/FL380/TP B39M/TB NEG,NEG,202510212000-KMSC-UBUS01-PIREP,38000.0,38.80540759700392,-86.13088747775923,2025-10-21 20:24:00+00:00,0.0,0,U,"('KLVX', 'KIND', 'KVWX', 'KILN', 'KPAH')","['s3://unidata-nexrad-level2/2025/10/21/KLVX/KLVX20251021_202023_V06', 's3://unidata-nexrad-level2/2025/10/21/KIND/KIND20251021_202226_V06', 's3://unidata-nexrad-level2/2025/10/21/KVWX/KVWX20251021_202244_V06', 's3://unidata-nexrad-level2/2025/10/21/KILN/KILN20251021_202307_V06', 's3://unidata-nexrad-level2/2025/10/21/KPAH/KPAH20251021_201524_V06']"
F,E758L,CYS UA /OV CYS079042/TM 2047/FL250/TP E758L/TB NEG/RM VMC ZDVWC-,NEG,202510162000-KMSC-UBUS01-PIREP,25000.0,41.28921711564443,-103.89776953477065,2025-10-16 20:47:00+00:00,0.0,1,U,"('KCYS', 'KFTG', 'KGLD', 'KLNX', 'KPUX')","['s3://unidata-nexrad-level2/2025/10/16/KCYS/KCYS20251016_204631_V06', 's3://unidata-nexrad-level2/2025/10/16/KFTG/KFTG20251016_204348_V06', 's3://unidata-nexrad-level2/2025/10/16/KGLD/KGLD20251016_204310_V06', 's3://unidata-nexrad-level2/2025/10/16/KLNX/KLNX20251016_204600_V06', 's3://unidata-nexrad-level2/2025/10/16/KPUX/KPUX20251016_204651_V06']"
F,B737,MEI UA /OV MEI045050/TM 0145/FL380/TP B737/TB INTMT LGT CHOP/RM ZME,INTMT LGT CHOP,202510250100-KMSC-UBUS01-PIREP,38000.0,32.92405338074425,-88.0536180387134,2025-10-25 01:45:00+00:00,1.0,0,M,"('KGWX', 'KBMX', 'KDGX', 'KMXX', 'KMOB')","['s3://unidata-nexrad-level2/2025/10/25/KGWX/KGWX20251025_013819_V06', 's3://unidata-nexrad-level2/2025/10/25/KBMX/KBMX20251025_014446_V06', 's3://unidata-nexrad-level2/2025/10/25/KDGX/KDGX20251025_013452_V06', 's3://unidata-nexrad-level2/2025/10/25/KMXX/KMXX20251025_014203_V06', 's3://unidata-nexrad-level2/2025/10/25/KMOB/KMOB20251025_014438_V06']"
F,B763,OKC UA /OV IRW090045/TM 2211/FL320/TP B763/TB LGT CHOP OCNL /RM ZFW49,LGT CHOP OCNL,202510082200-KMSC-UBUS01-PIREP,32000.0,35.36,-96.69028043119307,2025-10-08 22:11:00+00:00,1.0,0,H,"('KOUN', 'KTLX', 'KINX', 'KVNX', 'KFDR')","['s3://unidata-nexrad-level2/2025/10/08/KTLX/KTLX20251008_221038_V06', 's3://unidata-nexrad-level2/2025/10/08/KINX/KINX20251008_220321_V06', 's3://unidata-nexrad-level2/2025/10/08/KVNX/KVNX20251008_220924_V06', 's3://unidata-nexrad-level2/2025/10/08/KFDR/KFDR20251008_220905_V06']"
F,S22T,ALS UA /OV ALS035035/TM 1657/FL160/TP S22T/TB NEG/RM MTN WAVE -40KTS  ZDVWC-41,NEG,202510191700-KMSC-UBUS01-PIREP,16000.0,37.91676739747471,-105.43996375438648,2025-10-19 16:57:00+00:00,0.0,0,U,"('KPUX', 'KFTG', 'KGJX', 'KABX', 'KGLD')","['s3://unidata-nexrad-level2/2025/10/19/KPUX/KPUX20251019_165147_V06', 's3://unidata-nexrad-level2/2025/10/19/KFTG/KFTG20251019_165505_V06', 's3://unidata-nexrad-level2/2025/10/19/KGJX/KGJX20251019_165419_V06', 's3://unidata-nexrad-level2/2025/10/19/KABX/KABX20251019_164819_V06', 's3://unidata-nexrad-level2/2025/10/19/KGLD/KGLD20251019_165018_V06']"
F,B738,CDS UA /OV CDS/TM 1307/FL250/TP B738/TB CONS LGT CHOP/RM ZFW47,CONS LGT CHOP,202510071300-KMSC-UBUS01-PIREP,25000.0,34.43389,-100.28806,2025-10-07 13:07:00+00:00,1.0,0,M,"('KFDR', 'KAMA', 'KLBB', 'KDYX', 'KOUN')","['s3://unidata-nexrad-level2/2025/10/07/KFDR/KFDR20251007_130041_V06', 's3://unidata-nexrad-level2/2025/10/07/KAMA/KAMA20251007_130212_V06', 's3://unidata-nexrad-level2/2025/10/07/KLBB/KLBB20251007_130554_V06', 's3://unidata-nexrad-level2/2025/10/07/KDYX/KDYX20251007_130022_V06']"
F,A320,DAY UA /OV ROD/TM 1909/FL370/TP A320/TB NEG,NEG,202510291900-KMSC-UBUS01-PIREP,37000.0,40.29,-84.04,2025-10-29 19:09:00+00:00,0.0,0,M,"('KILN', 'KIWX', 'KCLE', 'KIND', 'KRLX')","['s3://unidata-nexrad-level2/2025/10/29/KILN/KILN20251029_190546_V06', 's3://unidata-nexrad-level2/2025/10/29/KIWX/KIWX20251029_190747_V06', 's3://unidata-nexrad-level2/2025/10/29/KCLE/KCLE20251029_190821_V06', 's3://unidata-nexrad-level2/2025/10/29/KIND/KIND20251029_190833_V06', 's3://unidata-nexrad-level2/2025/10/29/KRLX/KRLX20251029_190514_V06']"
F,B739,GJT UA /OV JNC350040/TM 0205/FL220/TP B739/TB MOD /RM ZDVWC-11,MOD,202510270200-KMSC-UBUS01-PIREP,22000.0,39.71659168167999,-108.93910088829269,2025-10-27 02:05:00+00:00,3.0,0,M,"('KGJX', 'KMTX', 'KRIW', 'KFTG', 'KCYS')","['s3://unidata-nexrad-level2/2025/10/27/KGJX/KGJX20251027_015642_V06', 's3://unidata-nexrad-level2/2025/10/27/KMTX/KMTX20251027_020427_V06', 's3://unidata-nexrad-level2/2025/10/27/KRIW/KRIW20251027_020311_V06', 's3://unidata-nexrad-level2/2025/10/27/KFTG/KFTG20251027_020418_V06', 's3://unidata-nexrad-level2/2025/10/27/KCYS/KCYS20251027_015522_V06']"
F,B739,PBI UA /OV PBI018050/TM 1813/FL230/TP B739/TB LGT-MOD 230,LGT-MOD 230,202510091800-KMSC-UBUS01-PIREP,23000.0,27.47731129329168,-79.8111655102388,2025-10-09 18:13:00+00:00,2.0,1,M,"('KMLB', 'KAMX', 'KAMX', 'KTBW', 'KBYX')","['s3://unidata-nexrad-level2/2025/10/09/KMLB/KMLB20251009_180723_V06', 's3://unidata-nexrad-level2/2025/10/09/KAMX/KAMX20251009_180910_V06', 's3://unidata-nexrad-level2/2025/10/09/KAMX/KAMX20251009_180910_V06', 's3://unidata-nexrad-level2/2025/10/09/KTBW/KTBW20251009_180955_V06', 's3://unidata-nexrad-level2/2025/10/09/KBYX/KBYX20251009_180821_V06']"
F,CRJ9,ECP UA /OV ECP /TM 1530 /FL010 /TP CRJ9 /TB LGT /RM DURD ON FINAL RWY 16,LGT,202510291500-KMSC-UBUS01-PIREP,1000.0,30.3582,-85.7956,2025-10-29 15:30:00+00:00,1.0,0,U,"('KEVX', 'KEOX', 'KTLH', 'KMOB', 'KMXX')","['s3://unidata-nexrad-level2/2025/10/29/KEVX/KEVX20251029_152836_V06', 's3://unidata-nexrad-level2/2025/10/29/KEOX/KEOX20251029_152620_V06', 's3://unidata-nexrad-level2/2025/10/29/KTLH/KTLH20251029_152830_V06', 's3://unidata-nexrad-level2/2025/10/29/KMOB/KMOB20251029_152645_V06', 's3://unidata-nexrad-level2/2025/10/29/KMXX/KMXX20251029_152617_V06']"
F,B739,FMN UA /OV RSK/TM 1444/FL310/TP B739/TB OCNL LGT CHOP/RM ZDVWC,OCNL LGT CHOP,202510201450-KWBC-UBUS31-PRCUS,31000.0,36.75,-108.1,2025-10-20 14:44:00+00:00,1.0,0,M,"('KABX', 'KGJX', 'KFSX', 'KFSX', 'KPUX')","['s3://unidata-nexrad-level2/2025/10/20/KABX/KABX20251020_150005_V06', 's3://unidata-nexrad-level2/2025/10/20/KGJX/KGJX20251020_150006_V06', 's3://unidata-nexrad-level2/2025/10/20/KFSX/KFSX20251020_150004_V06', 's3://unidata-nexrad-level2/2025/10/20/KFSX/KFSX20251020_150004_V06', 's3://unidata-nexrad-level2/2025/10/20/KPUX/KPUX20251020_150002_V06']"
F,A319,HLC UA /OV HLC/TM 2044/FL320/TP A319/TB OCNL LGT CHOP/RM ZDVWC-17,OCNL LGT CHOP,202510132000-KMSC-UBUS01-PIREP,32000.0,39.37556,-99.82972,2025-10-13 20:44:00+00:00,1.0,0,M,"('KUEX', 'KDDC', 'KGLD', 'KLNX', 'KTWX')","['s3://unidata-nexrad-level2/2025/10/13/KUEX/KUEX20251013_204219_V06', 's3://unidata-nexrad-level2/2025/10/13/KDDC/KDDC20251013_204210_V06', 's3://unidata-nexrad-level2/2025/10/13/KGLD/KGLD20251013_204045_V06', 's3://unidata-nexrad-level2/2025/10/13/KLNX/KLNX20251013_204307_V06', 's3://unidata-nexrad-level2/2025/10/13/KTWX/KTWX20251013_203751_V06']"
F,A21N,ALO UA /OV ALO/TM 1311/FL370/TP A21N/TB CONS LGT CHOP,CONS LGT CHOP,202510041300-KMSC-UBUS01-PIREP,37000.0,42.554365,-92.401293,2025-10-04 13:11:00+00:00,1.0,0,U,"('KDVN', 'KDMX', 'KARX', 'KMPX', 'KMKX')","['s3://unidata-nexrad-level2/2025/10/04/KDVN/KDVN20251004_130429_V06', 's3://unidata-nexrad-level2/2025/10/04/KDMX/KDMX20251004_131024_V06', 's3://unidata-nexrad-level2/2025/10/04/KARX/KARX20251004_131000_V06', 's3://unidata-nexrad-level2/2025/10/04/KMPX/KMPX20251004_130728_V06', 's3://unidata-nexrad-level2/2025/10/04/KMKX/KMKX20251004_130431_V06']"
F,PA31,SCC UA /OV SCC/TM 0226/FL010/TP PA31/SK +RA SCT010/TB NEG/RM DURC-ORT/ ZAN,NEG,202510140200-KMSC-UBUS01-PIREP,1000.0,70.19,-148.46,2025-10-14 02:26:00+00:00,0.0,0,L,"('PAPD', 'PAHG', 'PAIH', 'PAIH', 'PAKC')","['s3://unidata-nexrad-level2/2025/10/14/PAPD/PAPD20251014_022057_V06', 's3://unidata-nexrad-level2/2025/10/14/PAHG/PAHG20251014_022223_V06', 's3://unidata-nexrad-level2/2025/10/14/PAIH/PAIH20251014_022513_V06', 's3://unidata-nexrad-level2/2025/10/14/PAIH/PAIH20251014_022513_V06', 's3://unidata-nexrad-level2/2025/10/14/PAKC/PAKC20251014_022021_V06']"
T,P28R,FCI UUA /OV READE045005/TM 1636/FL065/TP P28R/TB SEV,SEV,202510311600-KMSC-UBUS01-PIREP,6500.0,37.4064,-77.5248,2025-10-31 16:36:00+00:00,5.0,0,L,"('KAKQ', 'KLWX', 'KRAX', 'KDOX', 'KMHX')","['s3://unidata-nexrad-level2/2025/10/31/KAKQ/KAKQ20251031_163429_V06', 's3://unidata-nexrad-level2/2025/10/31/KLWX/KLWX20251031_163302_V06', 's3://unidata-nexrad-level2/2025/10/31/KRAX/KRAX20251031_162953_V06', 's3://unidata-nexrad-level2/2025/10/31/KDOX/KDOX20251031_163118_V06', 's3://unidata-nexrad-level2/2025/10/31/KMHX/KMHX20251031_163424_V06']"
T,B738,DEN UUA /OV DEN160030/TM 0110/FL250/TP B738/TB SEV/RM ZDVWC-41,SEV,202510280100-KMSC-UBUS01-PIREP,25000.0,39.362915632017845,-104.43478851760813,2025-10-28 01:10:00+00:00,5.0,1,M,"('KFTG', 'KPUX', 'KCYS', 'KGLD', 'KGJX')","['s3://unidata-nexrad-level2/2025/10/28/KFTG/KFTG20251028_010548_V06', 's3://unidata-nexrad-level2/2025/10/28/KPUX/KPUX20251028_010910_V06', 's3://unidata-nexrad-level2/2025/10/28/KCYS/KCYS20251028_010623_V06', 's3://unidata-nexrad-level2/2025/10/28/KGLD/KGLD20251028_010532_V06', 's3://unidata-nexrad-level2/2025/10/28/KGJX/KGJX20251028_010437_V06']"
T,A321,GXY UUA /OV GLL/TM 1628/FL330/TP A321/TB SEV MTN WAVE +/- 2000 FEET +/- 20 KTS/RM ZDVWC-14,SEV MTN WAVE +,202510121600-KMSC-UBUS01-PIREP,33000.0,40.5,-104.55,2025-10-12 16:28:00+00:00,5.0,0,M,"('KCYS', 'KFTG', 'KPUX', 'KGLD', 'KGJX')","['s3://unidata-nexrad-level2/2025/10/12/KCYS/KCYS20251012_161916_V06', 's3://unidata-nexrad-level2/2025/10/12/KFTG/KFTG20251012_162749_V06', 's3://unidata-nexrad-level2/2025/10/12/KPUX/KPUX20251012_162628_V06', 's3://unidata-nexrad-level2/2025/10/12/KGLD/KGLD20251012_162528_V06', 's3://unidata-nexrad-level2/2025/10/12/KGJX/KGJX20251012_162733_V06']"
F,B777,BTR UA /OV LSU180025/TM 2130/FL410/TP B777/TB MOD CHOP FL410/RM ZHU,MOD CHOP FL410,202510272100-KMSC-UBUS01-PIREP,41000.0,30.063299583299585,-91.3,2025-10-27 21:30:00+00:00,3.0,0,H,"('KHDC', 'KLIX', 'KLCH', 'KPOE', 'KDGX')","['s3://unidata-nexrad-level2/2025/10/27/KHDC/KHDC20251027_212138_V06', 's3://unidata-nexrad-level2/2025/10/27/KLCH/KLCH20251027_212836_V06', 's3://unidata-nexrad-level2/2025/10/27/KPOE/KPOE20251027_212332_V06', 's3://unidata-nexrad-level2/2025/10/27/KDGX/KDGX20251027_212249_V06']"
T,B38M,SMQ UUA /OV BWZ29020/TM 2322/FL240/TP B38M/TB SEV CAT 20/RM NEWELL DEPARTURE,SEV CAT 20,202510310000-KMSC-UBUS01-PIREP,24000.0,40.8,-74.82,2025-10-30 23:22:00+00:00,5.0,0,U,"('KDIX', 'KOKX', 'KBGM', 'KENX', 'KDOX')","['s3://unidata-nexrad-level2/2025/10/30/KDIX/KDIX20251030_231916_V06', 's3://unidata-nexrad-level2/2025/10/30/KOKX/KOKX20251030_231946_V06', 's3://unidata-nexrad-level2/2025/10/30/KBGM/KBGM20251030_231700_V06', 's3://unidata-nexrad-level2/2025/10/30/KENX/KENX20251030_231710_V06', 's3://unidata-nexrad-level2/2025/10/30/KDOX/KDOX20251030_231617_V06']"
F,B737,DAY UA /OV RID/TM 1833/FL350/TP B737/TB CONS LGT OCNL MOD CHOP,CONS LGT OCNL MOD CHOP,202510191800-KMSC-UBUS01-PIREP,35000.0,39.7572,-84.8428,2025-10-19 18:33:00+00:00,2.0,0,M,"('KILN', 'KIND', 'KIWX', 'KJKL', 'KLVX')","['s3://unidata-nexrad-level2/2025/10/19/KILN/KILN20251019_183252_V06', 's3://unidata-nexrad-level2/2025/10/19/KIND/KIND20251019_183251_V06', 's3://unidata-nexrad-level2/2025/10/19/KIWX/KIWX20251019_183039_V06', 's3://unidata-nexrad-level2/2025/10/19/KJKL/KJKL20251019_183042_V06', 's3://unidata-nexrad-level2/2025/10/19/KLVX/KLVX20251019_183237_V06']"
F,A319,ALO UA /OV ALO195025/TM 1234/FL380/TP A319/TB NEG,NEG,202510021200-KMSC-UBUS01-PIREP,38000.0,42.15186330568365,-92.54770182061225,2025-10-02 12:34:00+00:00,0.0,0,M,"('KDMX', 'KDVN', 'KARX', 'KMPX', 'KMKX')","['s3://unidata-nexrad-level2/2025/10/02/KDMX/KDMX20251002_123102_V06', 's3://unidata-nexrad-level2/2025/10/02/KDVN/KDVN20251002_122842_V06', 's3://unidata-nexrad-level2/2025/10/02/KARX/KARX20251002_123044_V06', 's3://unidata-nexrad-level2/2025/10/02/KMPX/KMPX20251002_123005_V06', 's3://unidata-nexrad-level2/2025/10/02/KMKX/KMKX20251002_122959_V06']"
F,CRJ9,DCA UA /OV DCA110008/TM 0222/FL080/TP CRJ9/TB SEV/RM SEV TURB 080-100,SEV,202510200200-KMSC-UBUS01-PIREP,8000.0,38.801593620402,-76.87366268889005,2025-10-20 02:22:00+00:00,5.0,0,U,"('KLWX', 'KDOX', 'KAKQ', 'KDIX', 'KCCX')","['s3://unidata-nexrad-level2/2025/10/20/KLWX/KLWX20251020_021946_V06', 's3://unidata-nexrad-level2/2025/10/20/KDOX/KDOX20251020_022049_V06', 's3://unidata-nexrad-level2/2025/10/20/KAKQ/KAKQ20251020_022046_V06', 's3://unidata-nexrad-level2/2025/10/20/KDIX/KDIX20251020_022145_V06', 's3://unidata-nexrad-level2/2025/10/20/KCCX/KCCX20251020_022009_V06']"
T,PA18,YKM UUA /OV YKM/TM 1639/FL030/TP PA18/TB EXTRM TB/RM EXTRM TB FROM YKM TO 1S5,EXTRM TB,202510131600-KMSC-UBUS01-PIREP,3000.0,46.56817,-120.54406,2025-10-13 16:39:00+00:00,7.0,0,L,"('KPDT', 'KRTX', 'KATX', 'KOTX', 'KLGX')","['s3://unidata-nexrad-level2/2025/10/13/KPDT/KPDT20251013_163753_V06', 's3://unidata-nexrad-level2/2025/10/13/KRTX/KRTX20251013_163327_V06', 's3://unidata-nexrad-level2/2025/10/13/KATX/KATX20251013_163830_V06', 's3://unidata-nexrad-level2/2025/10/13/KOTX/KOTX20251013_163550_V06', 's3://unidata-nexrad-level2/2025/10/13/KLGX/KLGX20251013_163803_V06']"
F,B77L,UUA /OV 4350N06447W /TM 2305 /FL310 /TP B77L /TB SEV CAT /RM APRX 100NM SW CYHZ,SEV CAT,202510012313-CYXU-UACN01-PIREP,31000.0,43.8333,-64.7833,2025-10-01 23:05:00+00:00,5.0,0,U,"('KCBW', 'KGYX', 'KBOX', 'KCXX', 'KOKX')","['s3://unidata-nexrad-level2/2025/10/01/KCBW/KCBW20251001_225927_V06', 's3://unidata-nexrad-level2/2025/10/01/KGYX/KGYX20251001_225956_V06', 's3://unidata-nexrad-level2/2025/10/01/KBOX/KBOX20251001_230240_V06', 's3://unidata-nexrad-level2/2025/10/01/KCXX/KCXX20251001_230127_V06', 's3://unidata-nexrad-level2/2025/10/01/KOKX/KOKX20251001_230331_V06']"
F,B77W,UUA /OV 63N050W /TM 0446 /FL310 /TP B77W /TB SEV,SEV,202510130503-CYQX-UACN01-PIREP,31000.0,63.0,-50.0,2025-10-13 04:46:00+00:00,5.0,0,U,"('KCBW', 'KGYX', 'KCXX', 'KBOX', 'KENX')","['s3://unidata-nexrad-level2/2025/10/13/KCBW/KCBW20251013_044412_V06', 's3://unidata-nexrad-level2/2025/10/13/KGYX/KGYX20251013_044149_V06', 's3://unidata-nexrad-level2/2025/10/13/KCXX/KCXX20251013_044400_V06', 's3://unidata-nexrad-level2/2025/10/13/KBOX/KBOX20251013_044140_V06', 's3://unidata-nexrad-level2/2025/10/13/KENX/KENX20251013_044556_V06']"
T,LJ75,HLN UUA /OV HLN079010/TM 1657/FL390/TP LJ75/TB SEV/RM MTW +/-20-30KTS/ZLC,SEV,202510171700-KMSC-UBUS01-PIREP,39000.0,46.63740407515344,-111.72544300644512,2025-10-17 16:57:00+00:00,5.0,0,U,"('KTFX', 'KMSX', 'KBLX', 'KSFX', 'KRIW')","['s3://unidata-nexrad-level2/2025/10/17/KTFX/KTFX20251017_165506_V06', 's3://unidata-nexrad-level2/2025/10/17/KMSX/KMSX20251017_164531_V06', 's3://unidata-nexrad-level2/2025/10/17/KSFX/KSFX20251017_165652_V06', 's3://unidata-nexrad-level2/2025/10/17/KRIW/KRIW20251017_165418_V06']"
F,C68A,ASE UA /OV DBL132035/TM 2250/FL170/TP C68A/SK SKC/TB NEG/IC NEG/RM ZDVWC-26,NEG,202510112200-KMSC-UBUS01-PIREP,17000.0,39.04964219650456,-106.33863559541103,2025-10-11 22:50:00+00:00,0.0,1,U,"('KFTG', 'KGJX', 'KPUX', 'KCYS', 'KABX')","['s3://unidata-nexrad-level2/2025/10/11/KFTG/KFTG20251011_224718_V06', 's3://unidata-nexrad-level2/2025/10/11/KGJX/KGJX20251011_224717_V06', 's3://unidata-nexrad-level2/2025/10/11/KPUX/KPUX20251011_224652_V06', 's3://unidata-nexrad-level2/2025/10/11/KCYS/KCYS20251011_224626_V06', 's3://unidata-nexrad-level2/2025/10/11/KABX/KABX20251011_224557_V06']"
T,PA24,BWI UUA /OV BAL220015/TM 1648/FL015/TP PA24/TB SEV,SEV,202510101600-KMSC-UBUS01-PIREP,1500.0,38.97847337680477,-76.86729399782047,2025-10-10 16:48:00+00:00,5.0,0,L,"('KLWX', 'KDOX', 'KAKQ', 'KDIX', 'KCCX')","['s3://unidata-nexrad-level2/2025/10/10/KLWX/KLWX20251010_164342_V06', 's3://unidata-nexrad-level2/2025/10/10/KDOX/KDOX20251010_164506_V06', 's3://unidata-nexrad-level2/2025/10/10/KAKQ/KAKQ20251010_164407_V06', 's3://unidata-nexrad-level2/2025/10/10/KDIX/KDIX20251010_164708_V06', 's3://unidata-nexrad-level2/2025/10/10/KCCX/KCCX20251010_164538_V06']"
F,B748,PASY UA /OV 5425N17025E/TM 2156/FL360/TP B748/TA M50/WV 24045KT/TB NEG/RM ZAN,NEG,202510282100-KMSC-UBUS01-PIREP,36000.0,54.4166,170.4166,2025-10-28 21:56:00+00:00,0.0,0,U,"('RKSG', 'RKJK', 'PGUA', 'RODN', 'LPLA')","['s3://unidata-nexrad-level2/2025/10/28/RKSG/RKSG20251028_215047_V06', 's3://unidata-nexrad-level2/2025/10/28/RKJK/RKJK20251028_215521_V06', 's3://unidata-nexrad-level2/2025/10/28/PGUA/PGUA20251028_215427_V06']"
T,A320,BIV UUA /OV PMM305018/TM 1020/FL100/TP A320/TB SEV,SEV,202510191000-KMSC-UBUS01-PIREP,10000.0,42.64208686882665,-86.44318221086918,2025-10-19 10:20:00+00:00,5.0,0,M,"('KGRR', 'KIWX', 'KMKX', 'KLOT', 'KGRB')","['s3://unidata-nexrad-level2/2025/10/19/KGRR/KGRR20251019_101846_V06', 's3://unidata-nexrad-level2/2025/10/19/KIWX/KIWX20251019_101916_V06', 's3://unidata-nexrad-level2/2025/10/19/KMKX/KMKX20251019_101900_V06', 's3://unidata-nexrad-level2/2025/10/19/KLOT/KLOT20251019_101738_V06', 's3://unidata-nexrad-level2/2025/10/19/KGRB/KGRB20251019_101848_V06']"
F,CRJ9,IND UA /OV VHP200010/TM 2135/FL390/TP CRJ9/TB NEG,NEG,202510252100-KMSC-UBUS01-PIREP,39000.0,39.65337187733928,-86.44421253307578,2025-10-25 21:35:00+00:00,0.0,0,U,"('KIND', 'KLVX', 'KILN', 'KVWX', 'KIWX')","['s3://unidata-nexrad-level2/2025/10/25/KIND/KIND20251025_213142_V06', 's3://unidata-nexrad-level2/2025/10/25/KLVX/KLVX20251025_213042_V06', 's3://unidata-nexrad-level2/2025/10/25/KILN/KILN20251025_213233_V06', 's3://unidata-nexrad-level2/2025/10/25/KVWX/KVWX20251025_212910_V06', 's3://unidata-nexrad-level2/2025/10/25/KIWX/KIWX20251025_213218_V06']"
F,B777,UUA /OV CYRM 270080 /TM 1620 /FL340 /TP B777 /TB MDT-SEV,MDT-SEV,202510131621-CYEG-UACN01-PIREP,34000.0,52.43,-117.08693653270323,2025-10-13 16:20:00+00:00,5.0,0,H,"('KOTX', 'KMSX', 'KATX', 'KPDT', 'KTFX')","['s3://unidata-nexrad-level2/2025/10/13/KOTX/KOTX20251013_161741_V06', 's3://unidata-nexrad-level2/2025/10/13/KMSX/KMSX20251013_161702_V06', 's3://unidata-nexrad-level2/2025/10/13/KATX/KATX20251013_161225_V06', 's3://unidata-nexrad-level2/2025/10/13/KPDT/KPDT20251013_161602_V06', 's3://unidata-nexrad-level2/2025/10/13/KTFX/KTFX20251013_161623_V06']"
F,SR22,HKY UA /OV BZM060025/TM 1133/FL100/TP SR22/TB NEG/RM SMOOTH ZTLFD-45,NEG,202510231100-KMSC-UBUS01-PIREP,10000.0,36.07835020835021,-80.79466922821446,2025-10-23 11:33:00+00:00,0.0,0,L,"('KFCX', 'KGSP', 'KRAX', 'KCAE', 'KRLX')","['s3://unidata-nexrad-level2/2025/10/23/KFCX/KFCX20251023_112613_V06', 's3://unidata-nexrad-level2/2025/10/23/KGSP/KGSP20251023_112514_V06', 's3://unidata-nexrad-level2/2025/10/23/KRAX/KRAX20251023_112433_V06', 's3://unidata-nexrad-level2/2025/10/23/KRLX/KRLX20251023_112650_V06']"
F,B190,OME UA /OV OME/TM 2332/FL047/TP B190/SK BKN047-TOP068/TB NEG/IC NEG/RM DURC /ZAN/,NEG,202510182300-KMSC-UBUS01-PIREP,4700.0,64.51,-165.44,2025-10-18 23:32:00+00:00,0.0,0,M,"('PAEC', 'PABC', 'PAKC', 'PAHG', 'PAPD')","['s3://unidata-nexrad-level2/2025/10/18/PAEC/PAEC20251018_232636_V06', 's3://unidata-nexrad-level2/2025/10/18/PABC/PABC20251018_232623_V06', 's3://unidata-nexrad-level2/2025/10/18/PAKC/PAKC20251018_232518_V06', 's3://unidata-nexrad-level2/2025/10/18/PAHG/PAHG20251018_232610_V06', 's3://unidata-nexrad-level2/2025/10/18/PAPD/PAPD20251018_232734_V06']"
F,A320,ABQ UA /OV ABQ/TM 1818/FL100/TP A320/TB LGT CHOP 105-SFC/RM REPORTED BY ABQ TRACON ZAB/FDCS,LGT CHOP 105-SFC,202510241800-KMSC-UBUS01-PIREP,10000.0,35.0419,-106.6155,2025-10-24 18:18:00+00:00,1.0,0,M,"('KABX', 'KHDX', 'KFDX', 'KEPZ', 'KPUX')","['s3://unidata-nexrad-level2/2025/10/24/KABX/KABX20251024_181423_V06', 's3://unidata-nexrad-level2/2025/10/24/KHDX/KHDX20251024_181701_V06', 's3://unidata-nexrad-level2/2025/10/24/KFDX/KFDX20251024_181316_V06', 's3://unidata-nexrad-level2/2025/10/24/KEPZ/KEPZ20251024_181720_V06', 's3://unidata-nexrad-level2/2025/10/24/KPUX/KPUX20251024_181624_V06']"
T,PC12,VNY UUA /OV VNT340025/TM 2055/FL090/TP PC12/TB SEV TURB,SEV TURB,202510032100-KMSC-UBUS01-PIREP,9000.0,34.20972,-118.48917,2025-10-03 20:55:00+00:00,5.0,0,L,"('KVTX', 'KSOX', 'KEYX', 'KVBX', 'KNKX')","['s3://unidata-nexrad-level2/2025/10/03/KVTX/KVTX20251003_205416_V06', 's3://unidata-nexrad-level2/2025/10/03/KSOX/KSOX20251003_205025_V06', 's3://unidata-nexrad-level2/2025/10/03/KEYX/KEYX20251003_205219_V06', 's3://unidata-nexrad-level2/2025/10/03/KVBX/KVBX20251003_205411_V06', 's3://unidata-nexrad-level2/2025/10/03/KNKX/KNKX20251003_205301_V06']"
F,E545,BDL UA /OV ORH 290 017/TM 2048/FL030/TP E545/TB LGT/RM DURD BLO 110,LGT,202510132000-KMSC-UBUS01-PIREP,3000.0,42.26734,-71.87571,2025-10-13 20:48:00+00:00,1.0,0,U,"('KBOX', 'KOKX', 'KENX', 'KGYX', 'KCXX')","['s3://unidata-nexrad-level2/2025/10/13/KBOX/KBOX20251013_204249_V06', 's3://unidata-nexrad-level2/2025/10/13/KOKX/KOKX20251013_204620_V06', 's3://unidata-nexrad-level2/2025/10/13/KENX/KENX20251013_204525_V06', 's3://unidata-nexrad-level2/2025/10/13/KGYX/KGYX20251013_204700_V06', 's3://unidata-nexrad-level2/2025/10/13/KCXX/KCXX20251013_204727_V06']"
T,E75L,DPA UUA /OV DPA/TM 0250/FL145/TP E75L/TB SEV,SEV,202510190200-KMSC-UBUS01-PIREP,14500.0,41.90778,-88.24861,2025-10-19 02:50:00+00:00,5.0,0,U,"('KLOT', 'KMKX', 'KDVN', 'KILX', 'KGRB')","['s3://unidata-nexrad-level2/2025/10/19/KLOT/KLOT20251019_024823_V06', 's3://unidata-nexrad-level2/2025/10/19/KMKX/KMKX20251019_024451_V06', 's3://unidata-nexrad-level2/2025/10/19/KDVN/KDVN20251019_024937_V06', 's3://unidata-nexrad-level2/2025/10/19/KILX/KILX20251019_024641_V06', 's3://unidata-nexrad-level2/2025/10/19/KGRB/KGRB20251019_024650_V06']"
F,C25B,MOP UA /OV MOP240012/TM 1444/FL340/TP C25B/TB OCNL MOD 340/RM ZOB,OCNL MOD 340,202510191400-KMSC-UBUS01-PIREP,34000.0,43.52166189999191,-84.97650233383725,2025-10-19 14:44:00+00:00,3.0,0,U,"('KGRR', 'KDTX', 'KAPX', 'KIWX', 'KGRB')","['s3://unidata-nexrad-level2/2025/10/19/KGRR/KGRR20251019_144034_V06', 's3://unidata-nexrad-level2/2025/10/19/KDTX/KDTX20251019_144038_V06', 's3://unidata-nexrad-level2/2025/10/19/KAPX/KAPX20251019_144351_V06', 's3://unidata-nexrad-level2/2025/10/19/KIWX/KIWX20251019_144231_V06', 's3://unidata-nexrad-level2/2025/10/19/KGRB/KGRB20251019_144001_V06']"
T,B737,MIA UUA /OV 2724N0730W/TM 1920/FL340/TP B737/TB SEV,SEV,202510281900-KMSC-UBUS01-PIREP,34000.0,27.4,-7.5,2025-10-28 19:20:00+00:00,5.0,0,M,"('LPLA', 'KCBW', 'KGYX', 'KBOX', 'KOKX')","['s3://unidata-nexrad-level2/2025/10/28/KCBW/KCBW20251028_191815_V06', 's3://unidata-nexrad-level2/2025/10/28/KGYX/KGYX20251028_191338_V06', 's3://unidata-nexrad-level2/2025/10/28/KBOX/KBOX20251028_191810_V06', 's3://unidata-nexrad-level2/2025/10/28/KOKX/KOKX20251028_191349_V06']"
F,P46T,PUB UA /OV PUB040007/TM 2114/FL100/TP P46T/TB LGT SFC-100/RM DURD FROM NORTHEAST,LGT SFC-100,202510172100-KMSC-UBUS01-PIREP,10000.0,38.37937909082444,-104.402777139371,2025-10-17 21:14:00+00:00,1.0,0,L,"('KPUX', 'KFTG', 'KGLD', 'KCYS', 'KFDX')","['s3://unidata-nexrad-level2/2025/10/17/KPUX/KPUX20251017_210752_V06', 's3://unidata-nexrad-level2/2025/10/17/KFTG/KFTG20251017_211328_V06', 's3://unidata-nexrad-level2/2025/10/17/KGLD/KGLD20251017_210937_V06', 's3://unidata-nexrad-level2/2025/10/17/KCYS/KCYS20251017_211326_V06', 's3://unidata-nexrad-level2/2025/10/17/KFDX/KFDX20251017_211115_V06']"
F,LJ60,EGE UA /OV RLG170015/TM 1523/FL160/TP LJ60/TA M07/TB OCNL LGT CHOP/IC LGT RIME/RM ZDVWC-06,OCNL LGT CHOP,202510041500-KMSC-UBUS01-PIREP,16000.0,39.75377811937,-106.38332501046663,2025-10-04 15:23:00+00:00,1.0,1,M,"('KFTG', 'KCYS', 'KGJX', 'KPUX', 'KRIW')","['s3://unidata-nexrad-level2/2025/10/04/KFTG/KFTG20251004_152100_V06', 's3://unidata-nexrad-level2/2025/10/04/KCYS/KCYS20251004_151900_V06', 's3://unidata-nexrad-level2/2025/10/04/KGJX/KGJX20251004_152134_V06', 's3://unidata-nexrad-level2/2025/10/04/KPUX/KPUX20251004_151745_V06', 's3://unidata-nexrad-level2/2025/10/04/KRIW/KRIW20251004_152230_V06']"
T,B738,LSE UUA /OV LSE/TM 1614/FL380/TP B738/TB SEV 380,SEV 380,202510251600-KMSC-UBUS01-PIREP,38000.0,43.88,-91.25,2025-10-25 16:14:00+00:00,5.0,0,M,"('KARX', 'KGRB', 'KMPX', 'KMKX', 'KDVN')","['s3://unidata-nexrad-level2/2025/10/25/KARX/KARX20251025_161300_V06', 's3://unidata-nexrad-level2/2025/10/25/KGRB/KGRB20251025_161313_V06', 's3://unidata-nexrad-level2/2025/10/25/KMPX/KMPX20251025_160905_V06', 's3://unidata-nexrad-level2/2025/10/25/KMKX/KMKX20251025_160851_V06', 's3://unidata-nexrad-level2/2025/10/25/KDVN/KDVN20251025_161251_V06']"
F,B738,GLR UA /OV GLR/TM 2055/FL340/TP B738/TB CONS LGT CHOP,CONS LGT CHOP,202510242000-KMSC-UBUS01-PIREP,34000.0,45.01354,-84.70362,2025-10-24 20:55:00+00:00,1.0,0,M,"('KAPX', 'KGRR', 'KGRB', 'KDTX', 'KMQT')","['s3://unidata-nexrad-level2/2025/10/24/KAPX/KAPX20251024_205217_V06', 's3://unidata-nexrad-level2/2025/10/24/KGRR/KGRR20251024_204746_V06', 's3://unidata-nexrad-level2/2025/10/24/KGRB/KGRB20251024_205218_V06', 's3://unidata-nexrad-level2/2025/10/24/KDTX/KDTX20251024_204816_V06', 's3://unidata-nexrad-level2/2025/10/24/KMQT/KMQT20251024_204923_V06']"
F,B752,SHV UA /OV LOA355035/TM 0848/FL350/TP B752/TB NEG/RM ZFW29,NEG,202510190800-KMSC-UBUS01-PIREP,35000.0,31.70116064413341,-96.02939230964434,2025-10-19 08:48:00+00:00,0.0,0,M,"('KFWS', 'KGRK', 'KSHV', 'KEWX', 'KPOE')","['s3://unidata-nexrad-level2/2025/10/19/KFWS/KFWS20251019_084611_V06', 's3://unidata-nexrad-level2/2025/10/19/KGRK/KGRK20251019_084438_V06', 's3://unidata-nexrad-level2/2025/10/19/KSHV/KSHV20251019_084612_V06', 's3://unidata-nexrad-level2/2025/10/19/KEWX/KEWX20251019_084753_V06', 's3://unidata-nexrad-level2/2025/10/19/KPOE/KPOE20251019_084734_V06']"
F,B737,STL UA /OV FTZ240020/TM 1218/FL150/TP B737/TB OCNL NEG CHOP 230-150/RM DURD /ZKCFDC,OCNL NEG CHOP 230-150,202510271200-KMSC-UBUS01-PIREP,15000.0,38.52331983331983,-91.33987046726124,2025-10-27 12:18:00+00:00,0.0,0,M,"('KLSX', 'KSGF', 'KILX', 'KEAX', 'KPAH')","['s3://unidata-nexrad-level2/2025/10/27/KLSX/KLSX20251027_121504_V06', 's3://unidata-nexrad-level2/2025/10/27/KSGF/KSGF20251027_121437_V06', 's3://unidata-nexrad-level2/2025/10/27/KILX/KILX20251027_121720_V06', 's3://unidata-nexrad-level2/2025/10/27/KEAX/KEAX20251027_121643_V06', 's3://unidata-nexrad-level2/2025/10/27/KPAH/KPAH20251027_121323_V06']"
F,330,MEM UA /OV MEM360069/TM 1856/FL1856/TP 330/SK A321/TB CONS LGT CHOP/RM ZME,CONS LGT CHOP,202510251800-KMSC-UBUS01-PIREP,18500.0,36.21120315009315,-89.985,2025-10-25 18:56:00+00:00,1.0,0,L,"('KNQA', 'KPAH', 'KHPX', 'KLZK', 'KLSX')","['s3://unidata-nexrad-level2/2025/10/25/KNQA/KNQA20251025_184832_V06', 's3://unidata-nexrad-level2/2025/10/25/KPAH/KPAH20251025_185507_V06', 's3://unidata-nexrad-level2/2025/10/25/KHPX/KHPX20251025_185109_V06', 's3://unidata-nexrad-level2/2025/10/25/KLZK/KLZK20251025_185409_V06', 's3://unidata-nexrad-level2/2025/10/25/KLSX/KLSX20251025_185457_V06']"
F,C750,PHX UA /OV PXR320034/TM 1917/FL120/TP C750/TB SEV,SEV,202510131900-KMSC-UBUS01-PIREP,12000.0,33.86412701257586,-112.40648872053912,2025-10-13 19:17:00+00:00,5.0,1,M,"('KIWA', 'KFSX', 'KFSX', 'KYUX', 'KEMX')","['s3://unidata-nexrad-level2/2025/10/13/KIWA/KIWA20251013_191255_V06', 's3://unidata-nexrad-level2/2025/10/13/KFSX/KFSX20251013_191145_V06', 's3://unidata-nexrad-level2/2025/10/13/KFSX/KFSX20251013_191145_V06', 's3://unidata-nexrad-level2/2025/10/13/KYUX/KYUX20251013_191312_V06', 's3://unidata-nexrad-level2/2025/10/13/KEMX/KEMX20251013_191454_V06']"
F,B738,FOD UA /OV FOD110020/TM 1601/FL340/TP B738/TB CONS LGT OCNL MOD CAT,CONS LGT OCNL MOD CAT,202510221600-KMSC-UBUS01-PIREP,34000.0,42.435725051005,-93.77798206345749,2025-10-22 16:01:00+00:00,2.0,0,M,"('KDMX', 'KOAX', 'KFSD', 'KDVN', 'KARX')","['s3://unidata-nexrad-level2/2025/10/22/KDMX/KDMX20251022_155723_V06', 's3://unidata-nexrad-level2/2025/10/22/KOAX/KOAX20251022_155556_V06', 's3://unidata-nexrad-level2/2025/10/22/KFSD/KFSD20251022_155755_V06', 's3://unidata-nexrad-level2/2025/10/22/KDVN/KDVN20251022_155916_V06', 's3://unidata-nexrad-level2/2025/10/22/KARX/KARX20251022_160043_V06']"
T,CRJ9,MMU UUA /OV STW090040/TM 0456/FL170/TP CRJ9/TA M13/TB SEV 170-180/IC LGT RIME,SEV 170-180,202510130500-KMSC-UBUS01-PIREP,17000.0,41.0,-73.98658645366093,2025-10-13 04:56:00+00:00,5.0,0,U,"('KDIX', 'KOKX', 'KENX', 'KBGM', 'KBOX')","['s3://unidata-nexrad-level2/2025/10/13/KDIX/KDIX20251013_045411_V06', 's3://unidata-nexrad-level2/2025/10/13/KOKX/KOKX20251013_044951_V06', 's3://unidata-nexrad-level2/2025/10/13/KENX/KENX20251013_045102_V06', 's3://unidata-nexrad-level2/2025/10/13/KBGM/KBGM20251013_045406_V06', 's3://unidata-nexrad-level2/2025/10/13/KBOX/KBOX20251013_045336_V06']"
T,C525,CEW UUA /OV CEW110050/TM 2126/FL100/TP C525/TB SEV CAT 100-050,SEV CAT 100-050,202510292100-KMSC-UBUS01-PIREP,10000.0,30.49496012751252,-85.60845833446096,2025-10-29 21:26:00+00:00,5.0,0,L,"('KEVX', 'KEOX', 'KTLH', 'KMXX', 'KVAX')","['s3://unidata-nexrad-level2/2025/10/29/KEVX/KEVX20251029_212359_V06', 's3://unidata-nexrad-level2/2025/10/29/KEOX/KEOX20251029_212058_V06', 's3://unidata-nexrad-level2/2025/10/29/KTLH/KTLH20251029_212240_V06', 's3://unidata-nexrad-level2/2025/10/29/KMXX/KMXX20251029_212449_V06', 's3://unidata-nexrad-level2/2025/10/29/KVAX/KVAX20251029_212314_V06']"
F,A350,UUA /OV 4914N06010W /TM 1942 /FL430 /TP A350 /TB SEV,SEV,202510301946-CYXU-UACN01-PIREP,43000.0,49.2333,-60.1666,2025-10-30 19:42:00+00:00,5.0,0,H,"('KCBW', 'KGYX', 'KBOX', 'KCXX', 'KOKX')","['s3://unidata-nexrad-level2/2025/10/30/KCBW/KCBW20251030_193754_V06', 's3://unidata-nexrad-level2/2025/10/30/KGYX/KGYX20251030_194011_V06', 's3://unidata-nexrad-level2/2025/10/30/KBOX/KBOX20251030_193828_V06', 's3://unidata-nexrad-level2/2025/10/30/KCXX/KCXX20251030_193958_V06', 's3://unidata-nexrad-level2/2025/10/30/KOKX/KOKX20251030_193716_V06']"
F,A319,FNT UA /OV FNT/TM 2227/FL380/TP A319/TB LGT-MOD CHOP 370-380/RM DURD SMOOTHS OUT BLO,LGT-MOD CHOP 370-380,202510012200-KMSC-UBUS01-PIREP,38000.0,42.96667,-83.74944,2025-10-01 22:27:00+00:00,2.0,0,M,"('KDTX', 'KGRR', 'KAPX', 'KCLE', 'KIWX')","['s3://unidata-nexrad-level2/2025/10/01/KDTX/KDTX20251001_222503_V06', 's3://unidata-nexrad-level2/2025/10/01/KGRR/KGRR20251001_221906_V06', 's3://unidata-nexrad-level2/2025/10/01/KAPX/KAPX20251001_222250_V06', 's3://unidata-nexrad-level2/2025/10/01/KCLE/KCLE20251001_222209_V06', 's3://unidata-nexrad-level2/2025/10/01/KIWX/KIWX20251001_222638_V06']"
T,C560,ISP UUA /OV DPK175035/TM 1900/FL260/TP C560/TB SEV CAT/RM MULTI A/C IN THAT ARE ASIMILAR ALTS ONLT RPTD MOD,SEV CAT,202510301900-KMSC-UBUS01-PIREP,26000.0,40.208839355866594,-73.2328432733321,2025-10-30 19:00:00+00:00,5.0,0,M,"('KOKX', 'KDIX', 'KDOX', 'KENX', 'KBOX')","['s3://unidata-nexrad-level2/2025/10/30/KOKX/KOKX20251030_185601_V06', 's3://unidata-nexrad-level2/2025/10/30/KDIX/KDIX20251030_185710_V06', 's3://unidata-nexrad-level2/2025/10/30/KDOX/KDOX20251030_185614_V06', 's3://unidata-nexrad-level2/2025/10/30/KENX/KENX20251030_185937_V06', 's3://unidata-nexrad-level2/2025/10/30/KBOX/KBOX20251030_185731_V06']"
T,B78X,EPM UUA /OV EPM/TM 2106/FL230/TP B78X/TB SEV,SEV,202510282100-KMSC-UBUS01-PIREP,23000.0,44.91011,-67.01269,2025-10-28 21:06:00+00:00,5.0,0,U,"('KCBW', 'KGYX', 'KBOX', 'KCXX', 'KOKX')","['s3://unidata-nexrad-level2/2025/10/28/KCBW/KCBW20251028_210215_V06', 's3://unidata-nexrad-level2/2025/10/28/KGYX/KGYX20251028_210308_V06', 's3://unidata-nexrad-level2/2025/10/28/KBOX/KBOX20251028_210435_V06', 's3://unidata-nexrad-level2/2025/10/28/KCXX/KCXX20251028_210011_V06', 's3://unidata-nexrad-level2/2025/10/28/KOKX/KOKX20251028_210217_V06']"
F,E550,SEA UA /OV SEA060025/TM 2008/FL230/TP E550/TB SEV 230-240/RM ZSE,SEV 230-240,202510132000-KMSC-UBUS01-PIREP,23000.0,47.65304020835021,-121.78077206463074,2025-10-13 20:08:00+00:00,5.0,0,U,"('KATX', 'KLGX', 'KRTX', 'KOTX', 'KPDT')","['s3://unidata-nexrad-level2/2025/10/13/KATX/KATX20251013_200711_V06', 's3://unidata-nexrad-level2/2025/10/13/KLGX/KLGX20251013_195910_V06', 's3://unidata-nexrad-level2/2025/10/13/KRTX/KRTX20251013_200207_V06', 's3://unidata-nexrad-level2/2025/10/13/KOTX/KOTX20251013_200305_V06', 's3://unidata-nexrad-level2/2025/10/13/KPDT/KPDT20251013_200733_V06']"
F,BE36,OMA UA /OV KOMA360003/TM 0122/FL040/TP BE36/TB SEV 040-050,SEV 040-050,202510130100-KMSC-UBUS01-PIREP,4000.0,41.36028405000405,-95.89917,2025-10-13 01:22:00+00:00,5.0,0,L,"('KOAX', 'KDMX', 'KUEX', 'KFSD', 'KTWX')","['s3://unidata-nexrad-level2/2025/10/13/KOAX/KOAX20251013_012038_V06', 's3://unidata-nexrad-level2/2025/10/13/KDMX/KDMX20251013_012052_V06', 's3://unidata-nexrad-level2/2025/10/13/KUEX/KUEX20251013_011546_V06', 's3://unidata-nexrad-level2/2025/10/13/KFSD/KFSD20251013_011856_V06', 's3://unidata-nexrad-level2/2025/10/13/KTWX/KTWX20251013_011652_V06']"
F,A321,LOZ UA /OV LOZ005035/TM 1144/FL320/TP A321/TB CONS LGT CHOP,CONS LGT CHOP,202510191100-KMSC-UBUS01-PIREP,32000.0,37.66816064413341,-84.01326219869955,2025-10-19 11:44:00+00:00,1.0,0,M,"('KJKL', 'KILN', 'KLVX', 'KMRX', 'KRLX')","['s3://unidata-nexrad-level2/2025/10/19/KJKL/KJKL20251019_113959_V06', 's3://unidata-nexrad-level2/2025/10/19/KILN/KILN20251019_113923_V06', 's3://unidata-nexrad-level2/2025/10/19/KLVX/KLVX20251019_114338_V06', 's3://unidata-nexrad-level2/2025/10/19/KMRX/KMRX20251019_114335_V06', 's3://unidata-nexrad-level2/2025/10/19/KRLX/KRLX20251019_114100_V06']"
F,A320,EWR UA /OV 5 E EWR/TM 0015/FL120/TP A320/TB LT-MOD TURB/RM 120-140,LT-MOD TURB,202510130000-KMSC-UBUS01-PIREP,12000.0,40.68272,-74.05942064649686,2025-10-13 00:15:00+00:00,3.0,0,M,"('KOKX', 'KDIX', 'KENX', 'KBGM', 'KDOX')","['s3://unidata-nexrad-level2/2025/10/13/KOKX/KOKX20251013_000918_V06', 's3://unidata-nexrad-level2/2025/10/13/KDIX/KDIX20251013_001203_V06', 's3://unidata-nexrad-level2/2025/10/13/KENX/KENX20251013_001159_V06', 's3://unidata-nexrad-level2/2025/10/13/KBGM/KBGM20251013_001207_V06', 's3://unidata-nexrad-level2/2025/10/13/KDOX/KDOX20251013_001427_V06']"
F,LJ60,MYNN UA /OV ZQA020020/TM 2038/FL200/TP LJ60/TB NEG/RM DURC,NEG,202510262000-KMSC-UBUS01-PIREP,20000.0,25.31325624532144,-77.32419731946938,2025-10-26 20:38:00+00:00,0.0,0,M,"('KAMX', 'KAMX', 'KMLB', 'KBYX', 'KTBW')","['s3://unidata-nexrad-level2/2025/10/26/KAMX/KAMX20251026_203548_V06', 's3://unidata-nexrad-level2/2025/10/26/KAMX/KAMX20251026_203548_V06', 's3://unidata-nexrad-level2/2025/10/26/KMLB/KMLB20251026_203745_V06', 's3://unidata-nexrad-level2/2025/10/26/KBYX/KBYX20251026_203342_V06', 's3://unidata-nexrad-level2/2025/10/26/KTBW/KTBW20251026_203430_V06']"
F,B789,UUA /OV 61N045W /TM 1857 /FL360 /TP B789 /TB SEV,SEV,202510051901-CYQX-UACN01-PIREP,36000.0,61.0,-45.0,2025-10-05 18:57:00+00:00,5.0,0,U,"('KCBW', 'LPLA', 'KGYX', 'KBOX', 'KCXX')","['s3://unidata-nexrad-level2/2025/10/05/KCBW/KCBW20251005_185100_V06', 's3://unidata-nexrad-level2/2025/10/05/KGYX/KGYX20251005_185208_V06', 's3://unidata-nexrad-level2/2025/10/05/KBOX/KBOX20251005_185315_V06', 's3://unidata-nexrad-level2/2025/10/05/KCXX/KCXX20251005_185430_V06']"
F,PC12,ASE UA /OV DBL/TM 2247/FL290/TP PC12/TB INTMT LGT CHOP/RM ZDVWC-05,INTMT LGT CHOP,202510172300-KMSC-UBUS01-PIREP,29000.0,39.44,-106.9,2025-10-17 22:47:00+00:00,1.0,0,L,"('KGJX', 'KFTG', 'KPUX', 'KCYS', 'KRIW')","['s3://unidata-nexrad-level2/2025/10/17/KGJX/KGJX20251017_223942_V06', 's3://unidata-nexrad-level2/2025/10/17/KFTG/KFTG20251017_224614_V06', 's3://unidata-nexrad-level2/2025/10/17/KPUX/KPUX20251017_224018_V06', 's3://unidata-nexrad-level2/2025/10/17/KCYS/KCYS20251017_224227_V06', 's3://unidata-nexrad-level2/2025/10/17/KRIW/KRIW20251017_224641_V06']"
T,G280,MLB UUA /OV MLB070050/TM 2303/FL220/TP G280/TB SEV 220,SEV 220,202510272300-KMSC-UBUS01-PIREP,22000.0,28.387789872487485,-79.75745041722905,2025-10-27 23:03:00+00:00,5.0,1,U,"('KMLB', 'KTBW', 'KJAX', 'KAMX', 'KAMX')","['s3://unidata-nexrad-level2/2025/10/27/KMLB/KMLB20251027_225801_V06', 's3://unidata-nexrad-level2/2025/10/27/KTBW/KTBW20251027_225814_V06', 's3://unidata-nexrad-level2/2025/10/27/KJAX/KJAX20251027_225923_V06', 's3://unidata-nexrad-level2/2025/10/27/KAMX/KAMX20251027_230132_V06', 's3://unidata-nexrad-level2/2025/10/27/KAMX/KAMX20251027_230132_V06']"
F,CRJ9,CRW UA /OV HVQ/TM 0104/FL240/TP CRJ9/TB NEG,NEG,202510120100-KMSC-UBUS01-PIREP,24000.0,38.35,-81.77,2025-10-12 01:04:00+00:00,0.0,1,U,"('KRLX', 'KJKL', 'KFCX', 'KILN', 'KPBZ')","['s3://unidata-nexrad-level2/2025/10/12/KRLX/KRLX20251012_005815_V06', 's3://unidata-nexrad-level2/2025/10/12/KFCX/KFCX20251012_010101_V06', 's3://unidata-nexrad-level2/2025/10/12/KILN/KILN20251012_010216_V06', 's3://unidata-nexrad-level2/2025/10/12/KPBZ/KPBZ20251012_005758_V06']"
F,C68A,ISP UA /OV CCC270015/TM 0000/FL135/TP C68A/TB SEV/RM DURD BUONO5,SEV,202510310000-KMSC-UBUS01-PIREP,13500.0,40.93,-73.13092886919709,2025-10-31 00:00:00+00:00,5.0,0,U,"('KOKX', 'KDIX', 'KBOX', 'KENX', 'KBGM')","['s3://unidata-nexrad-level2/2025/10/30/KOKX/KOKX20251030_235406_V06', 's3://unidata-nexrad-level2/2025/10/30/KDIX/KDIX20251030_235757_V06', 's3://unidata-nexrad-level2/2025/10/30/KBOX/KBOX20251030_235831_V06', 's3://unidata-nexrad-level2/2025/10/30/KENX/KENX20251030_235842_V06', 's3://unidata-nexrad-level2/2025/10/30/KBGM/KBGM20251030_235855_V06']"
F,CRJ9,FIG UA /OV ETG240025/TM 0054/FL340/TP CRJ9/TB CONS LGT OCNL MOD CHOP/RM ZOB,CONS LGT OCNL MOD CHOP,202510140000-KMSC-UBUS01-PIREP,34000.0,41.00164979164979,-78.61969317835933,2025-10-14 00:54:00+00:00,2.0,0,U,"('KCCX', 'KPBZ', 'KLWX', 'KCLE', 'KBUF')","['s3://unidata-nexrad-level2/2025/10/14/KCCX/KCCX20251014_005146_V06', 's3://unidata-nexrad-level2/2025/10/14/KPBZ/KPBZ20251014_005029_V06', 's3://unidata-nexrad-level2/2025/10/14/KLWX/KLWX20251014_004957_V06', 's3://unidata-nexrad-level2/2025/10/14/KCLE/KCLE20251014_005134_V06', 's3://unidata-nexrad-level2/2025/10/14/KBUF/KBUF20251014_004811_V06']"
F,A21N,ATL UA /OV AHN270020/TM 1213/FL180/TP A21N/TB NEG/RM ZTLFD 16,NEG,202510261200-KMSC-UBUS01-PIREP,18000.0,33.9486,-83.72821221190149,2025-10-26 12:13:00+00:00,0.0,0,U,"('KFFC', 'KJGX', 'KGSP', 'KCAE', 'KHTX')","['s3://unidata-nexrad-level2/2025/10/26/KFFC/KFFC20251026_121019_V06', 's3://unidata-nexrad-level2/2025/10/26/KJGX/KJGX20251026_120942_V06', 's3://unidata-nexrad-level2/2025/10/26/KGSP/KGSP20251026_120552_V06', 's3://unidata-nexrad-level2/2025/10/26/KCAE/KCAE20251026_120827_V06', 's3://unidata-nexrad-level2/2025/10/26/KHTX/KHTX20251026_121016_V06']"
F,B737,CRW UA /OV HVQ200020/TM 1225/FL310/TP B737/TB CONS LGT CHOP,CONS LGT CHOP,202510121200-KMSC-UBUS01-PIREP,31000.0,38.03674375467857,-81.91538488857842,2025-10-12 12:25:00+00:00,1.0,0,M,"('KRLX', 'KJKL', 'KFCX', 'KILN', 'KMRX')","['s3://unidata-nexrad-level2/2025/10/12/KRLX/KRLX20251012_122011_V06', 's3://unidata-nexrad-level2/2025/10/12/KFCX/KFCX20251012_122257_V06', 's3://unidata-nexrad-level2/2025/10/12/KILN/KILN20251012_121958_V06', 's3://unidata-nexrad-level2/2025/10/12/KMRX/KMRX20251012_122340_V06']"
F,CL35,SHV UA /OV EIC120020/TM 1431/FL450/TP CL35/TB CONS LGT CHOP/RM ZFW86,CONS LGT CHOP,202510271400-KMSC-UBUS01-PIREP,45000.0,32.60331983331984,-93.46665876905767,2025-10-27 14:31:00+00:00,1.0,0,U,"('KSHV', 'KPOE', 'KLZK', 'KLCH', 'KSRX')","['s3://unidata-nexrad-level2/2025/10/27/KSHV/KSHV20251027_142324_V06', 's3://unidata-nexrad-level2/2025/10/27/KPOE/KPOE20251027_142410_V06', 's3://unidata-nexrad-level2/2025/10/27/KLZK/KLZK20251027_142912_V06', 's3://unidata-nexrad-level2/2025/10/27/KLCH/KLCH20251027_142855_V06', 's3://unidata-nexrad-level2/2025/10/27/KSRX/KSRX20251027_142249_V06']"
F,A359,OAK UA /OV OAK303100/TM 2339/FL430/TP A359/TB LGT-MOD CHOP,LGT-MOD CHOP,202510192300-KMSC-UBUS01-PIREP,43000.0,38.629085251368295,-123.98798162424896,2025-10-19 23:39:00+00:00,2.0,0,U,"('KDAX', 'KBHX', 'KBBX', 'KMUX', 'KMAX')","['s3://unidata-nexrad-level2/2025/10/19/KDAX/KDAX20251019_233700_V06', 's3://unidata-nexrad-level2/2025/10/19/KBHX/KBHX20251019_233437_V06', 's3://unidata-nexrad-level2/2025/10/19/KBBX/KBBX20251019_233318_V06', 's3://unidata-nexrad-level2/2025/10/19/KMUX/KMUX20251019_233502_V06', 's3://unidata-nexrad-level2/2025/10/19/KMAX/KMAX20251019_233817_V06']"
T,BE36,RNO UUA /OV FMG340010/TM 2210/FL080/TP BE36/TB SEV/RM DURD,SEV,202510262200-KMSC-UBUS01-PIREP,8000.0,39.68662812266072,-119.73391236624552,2025-10-26 22:10:00+00:00,5.0,0,L,"('KRGX', 'KBBX', 'KDAX', 'KLRX', 'KMUX')","['s3://unidata-nexrad-level2/2025/10/26/KRGX/KRGX20251026_220746_V06', 's3://unidata-nexrad-level2/2025/10/26/KBBX/KBBX20251026_220824_V06', 's3://unidata-nexrad-level2/2025/10/26/KDAX/KDAX20251026_220735_V06', 's3://unidata-nexrad-level2/2025/10/26/KLRX/KLRX20251026_220559_V06', 's3://unidata-nexrad-level2/2025/10/26/KMUX/KMUX20251026_220723_V06']"
F,C172,UA /OV CYBW 360008 /TM 2110 /FL060 /TP C172 /TB SEV,SEV,202510242112-CYEG-UACN10-PIREP,6000.0,51.23640413334413,-114.37444,2025-10-24 21:10:00+00:00,5.0,0,L,"('KMSX', 'KTFX', 'KOTX', 'KPDT', 'KBLX')","['s3://unidata-nexrad-level2/2025/10/24/KMSX/KMSX20251024_210632_V06', 's3://unidata-nexrad-level2/2025/10/24/KTFX/KTFX20251024_210521_V06', 's3://unidata-nexrad-level2/2025/10/24/KOTX/KOTX20251024_210731_V06', 's3://unidata-nexrad-level2/2025/10/24/KPDT/KPDT20251024_210707_V06', 's3://unidata-nexrad-level2/2025/10/24/KBLX/KBLX20251024_210530_V06']"
F,C550,LAS UA /OV LAS265041/TM 2233/FL160/TP C550/TB ONCL SEV/RM ONE SEV BUMP DURD,ONCL SEV,202510262200-KMSC-UBUS01-PIREP,16000.0,36.01233875171391,-116.00566905943796,2025-10-26 22:33:00+00:00,5.0,0,L,"('KESX', 'KEYX', 'KSOX', 'KHNX', 'KICX')","['s3://unidata-nexrad-level2/2025/10/26/KESX/KESX20251026_223105_V06', 's3://unidata-nexrad-level2/2025/10/26/KEYX/KEYX20251026_222723_V06', 's3://unidata-nexrad-level2/2025/10/26/KSOX/KSOX20251026_222728_V06', 's3://unidata-nexrad-level2/2025/10/26/KHNX/KHNX20251026_222744_V06', 's3://unidata-nexrad-level2/2025/10/26/KICX/KICX20251026_222947_V06']"
F,BE40,CRW UA /OV HVQ270020/TM 1646/FL250/TP BE40/TB CONS LGT /IC NEG,CONS LGT,202510191600-KMSC-UBUS01-PIREP,25000.0,38.35,-82.1950769769428,2025-10-19 16:46:00+00:00,1.0,0,M,"('KRLX', 'KJKL', 'KILN', 'KFCX', 'KMRX')","['s3://unidata-nexrad-level2/2025/10/19/KRLX/KRLX20251019_164515_V06', 's3://unidata-nexrad-level2/2025/10/19/KJKL/KJKL20251019_164227_V06', 's3://unidata-nexrad-level2/2025/10/19/KILN/KILN20251019_164349_V06', 's3://unidata-nexrad-level2/2025/10/19/KFCX/KFCX20251019_164312_V06', 's3://unidata-nexrad-level2/2025/10/19/KMRX/KMRX20251019_164245_V06']"
F,GLIDER,BDU UA /OV BDU010010/TM 2055/FL145/TP GLIDER/TB SEV MTN WV /RM BDU TO LMO -2000FPM,SEV MTN WV,202510192100-KMSC-UBUS01-PIREP,14500.0,40.20357762041999,-105.1880165341018,2025-10-19 20:55:00+00:00,5.0,0,U,"('KFTG', 'KCYS', 'KPUX', 'KGJX', 'KGLD')","['s3://unidata-nexrad-level2/2025/10/19/KFTG/KFTG20251019_205446_V06', 's3://unidata-nexrad-level2/2025/10/19/KCYS/KCYS20251019_205257_V06', 's3://unidata-nexrad-level2/2025/10/19/KPUX/KPUX20251019_205454_V06', 's3://unidata-nexrad-level2/2025/10/19/KGJX/KGJX20251019_204719_V06', 's3://unidata-nexrad-level2/2025/10/19/KGLD/KGLD20251019_205040_V06']"
F,SW4,SDP UA /OV SDP/TM 2344/FL020/TP SW4/SK OVC070-TOP130/TA M06/TB LGT-MOD 020/IC LGT RIME 070-130/RM DURC /ZAN/,LGT-MOD 020,202510192300-KMSC-UBUS01-PIREP,2000.0,55.31,-160.52,2025-10-19 23:44:00+00:00,2.0,0,M,"('PAKC', 'PABC', 'PAEC', 'PAHG', 'PAIH')","['s3://unidata-nexrad-level2/2025/10/19/PAKC/PAKC20251019_234344_V06', 's3://unidata-nexrad-level2/2025/10/19/PABC/PABC20251019_233813_V06', 's3://unidata-nexrad-level2/2025/10/19/PAEC/PAEC20251019_234351_V06', 's3://unidata-nexrad-level2/2025/10/19/PAHG/PAHG20251019_233851_V06', 's3://unidata-nexrad-level2/2025/10/19/PAIH/PAIH20251019_234218_V06']"
T,C25B,MLU UUA /OV MLU160010/TM 2144/FL290/TP C25B/TB SEV CAT 280-290/RM DURC. ZFW28,SEV CAT 280-290,202510182100-KMSC-UBUS01-PIREP,29000.0,32.35423187733928,-91.97008810473994,2025-10-18 21:44:00+00:00,5.0,0,U,"('KSHV', 'KDGX', 'KPOE', 'KHDC', 'KLIX')","['s3://unidata-nexrad-level2/2025/10/18/KSHV/KSHV20251018_214132_V06', 's3://unidata-nexrad-level2/2025/10/18/KDGX/KDGX20251018_214357_V06', 's3://unidata-nexrad-level2/2025/10/18/KPOE/KPOE20251018_214119_V06', 's3://unidata-nexrad-level2/2025/10/18/KHDC/KHDC20251018_214007_V06']"
F,BCS1,TYS UA /OV VXV153018/TM 1447/FL380/TP BCS1/TB NEG/RM ZTLFD 40,NEG,202510291400-KMSC-UBUS01-PIREP,38000.0,35.632676391263296,-83.72185039496601,2025-10-29 14:47:00+00:00,0.0,0,U,"('KMRX', 'KGSP', 'KJKL', 'KFFC', 'KOHX')","['s3://unidata-nexrad-level2/2025/10/29/KMRX/KMRX20251029_144346_V06', 's3://unidata-nexrad-level2/2025/10/29/KGSP/KGSP20251029_144530_V06', 's3://unidata-nexrad-level2/2025/10/29/KJKL/KJKL20251029_144341_V06', 's3://unidata-nexrad-level2/2025/10/29/KFFC/KFFC20251029_144213_V06', 's3://unidata-nexrad-level2/2025/10/29/KOHX/KOHX20251029_144606_V06']"
F,CRJ9,CRW UA /OV HVQ/TM 1230/FL360/TP CRJ9/TB NEG,NEG,202510301200-KMSC-UBUS01-PIREP,36000.0,38.35,-81.77,2025-10-30 12:30:00+00:00,0.0,0,U,"('KRLX', 'KILN', 'KJKL', 'KFCX', 'KMRX')","['s3://unidata-nexrad-level2/2025/10/30/KRLX/KRLX20251030_122817_V06', 's3://unidata-nexrad-level2/2025/10/30/KILN/KILN20251030_122921_V06', 's3://unidata-nexrad-level2/2025/10/30/KJKL/KJKL20251030_122903_V06', 's3://unidata-nexrad-level2/2025/10/30/KFCX/KFCX20251030_122617_V06', 's3://unidata-nexrad-level2/2025/10/30/KMRX/KMRX20251030_122851_V06']"
F,SR22,ROA UA /OV ROA100025/TM 1810/FL090/TP SR22/TB SEV,SEV,202510221800-KMSC-UBUS01-PIREP,9000.0,37.24488089200692,-79.45767967406327,2025-10-22 18:10:00+00:00,5.0,0,L,"('KFCX', 'KRAX', 'KAKQ', 'KRLX', 'KLWX')","['s3://unidata-nexrad-level2/2025/10/22/KFCX/KFCX20251022_180455_V06', 's3://unidata-nexrad-level2/2025/10/22/KRAX/KRAX20251022_180220_V06', 's3://unidata-nexrad-level2/2025/10/22/KAKQ/KAKQ20251022_180831_V06', 's3://unidata-nexrad-level2/2025/10/22/KRLX/KRLX20251022_180403_V06', 's3://unidata-nexrad-level2/2025/10/22/KLWX/KLWX20251022_180546_V06']"
F,B738,CRW UA /OV HVQ/TM 2226/FL380/TP B738/TB MOD CHOP[,MOD CHOP[,202510072200-KMSC-UBUS01-PIREP,38000.0,38.35,-81.77,2025-10-07 22:26:00+00:00,3.0,1,M,"('KRLX', 'KJKL', 'KFCX', 'KILN', 'KPBZ')","['s3://unidata-nexrad-level2/2025/10/07/KRLX/KRLX20251007_222526_V06', 's3://unidata-nexrad-level2/2025/10/07/KJKL/KJKL20251007_222302_V06', 's3://unidata-nexrad-level2/2025/10/07/KFCX/KFCX20251007_222253_V06', 's3://unidata-nexrad-level2/2025/10/07/KILN/KILN20251007_222127_V06', 's3://unidata-nexrad-level2/2025/10/07/KPBZ/KPBZ20251007_222017_V06']"
F,C182,LNK UA /OV LNK100020/TM 1603/FL045/TP C182/TB MDT-SEV BLO 045,MDT-SEV BLO 045,202510051600-KMSC-UBUS01-PIREP,4500.0,40.77329058560554,-96.32938819747628,2025-10-05 16:03:00+00:00,5.0,0,L,"('KOAX', 'KUEX', 'KTWX', 'KDMX', 'KFSD')","['s3://unidata-nexrad-level2/2025/10/05/KOAX/KOAX20251005_155842_V06', 's3://unidata-nexrad-level2/2025/10/05/KUEX/KUEX20251005_155917_V06', 's3://unidata-nexrad-level2/2025/10/05/KTWX/KTWX20251005_155427_V06', 's3://unidata-nexrad-level2/2025/10/05/KDMX/KDMX20251005_160104_V06', 's3://unidata-nexrad-level2/2025/10/05/KFSD/KFSD20251005_155912_V06']"
T,BE33,MGJ UUA /OV HUO330010/TM 1904/FL070/TP BE33/TB SEV,SEV,202510301900-KMSC-UBUS01-PIREP,7000.0,41.554349258652046,-74.70112075747076,2025-10-30 19:04:00+00:00,5.0,1,L,"('KENX', 'KBGM', 'KOKX', 'KDIX', 'KTYX')","['s3://unidata-nexrad-level2/2025/10/30/KENX/KENX20251030_185937_V06', 's3://unidata-nexrad-level2/2025/10/30/KBGM/KBGM20251030_190107_V06', 's3://unidata-nexrad-level2/2025/10/30/KOKX/KOKX20251030_190252_V06', 's3://unidata-nexrad-level2/2025/10/30/KDIX/KDIX20251030_190237_V06']"
T,PA46,SBA UUA /OV SBP350005/TM 1315/FL030/TP PA46/TB SEV/RM -15KT -200',SEV,202510161300-KMSC-UBUS01-PIREP,3000.0,35.320164210209995,-120.66180069941691,2025-10-16 13:15:00+00:00,5.0,0,L,"('KVBX', 'KHNX', 'KVTX', 'KMUX', 'KEYX')","['s3://unidata-nexrad-level2/2025/10/16/KVBX/KVBX20251016_130910_V06', 's3://unidata-nexrad-level2/2025/10/16/KHNX/KHNX20251016_131424_V06', 's3://unidata-nexrad-level2/2025/10/16/KVTX/KVTX20251016_131245_V06', 's3://unidata-nexrad-level2/2025/10/16/KMUX/KMUX20251016_131149_V06', 's3://unidata-nexrad-level2/2025/10/16/KEYX/KEYX20251016_131037_V06']"
T,CRJ9,DCA UUA /OV DCA110008/TM 0222/FL080/TP CRJ9/TB SEV 80-100,SEV 80-100,202510200200-KMSC-UBUS01-PIREP,8000.0,38.801593620402,-76.87366268889005,2025-10-20 02:22:00+00:00,5.0,0,U,"('KLWX', 'KDOX', 'KAKQ', 'KDIX', 'KCCX')","['s3://unidata-nexrad-level2/2025/10/20/KLWX/KLWX20251020_021946_V06', 's3://unidata-nexrad-level2/2025/10/20/KDOX/KDOX20251020_022049_V06', 's3://unidata-nexrad-level2/2025/10/20/KAKQ/KAKQ20251020_022046_V06', 's3://unidata-nexrad-level2/2025/10/20/KDIX/KDIX20251020_022145_V06', 's3://unidata-nexrad-level2/2025/10/20/KCCX/KCCX20251020_022009_V06']"
F,A321,IND UA /OV MXQ/TM 1630/FL320/TP A321/TB NEG,NEG,202510121600-KMSC-UBUS01-PIREP,32000.0,39.43,-83.8,2025-10-12 16:30:00+00:00,0.0,0,M,"('KILN', 'KIWX', 'KJKL', 'KCLE', 'KIND')","['s3://unidata-nexrad-level2/2025/10/12/KILN/KILN20251012_162735_V06', 's3://unidata-nexrad-level2/2025/10/12/KIWX/KIWX20251012_162929_V06', 's3://unidata-nexrad-level2/2025/10/12/KCLE/KCLE20251012_162945_V06', 's3://unidata-nexrad-level2/2025/10/12/KIND/KIND20251012_162739_V06']"
F,E145,ACY UA /OV ACY080025/TM 1812/FL140/TP E145/TB CONS LGT OCNL MOD/RM BOUNCE AROUND LIKE A BEACH BALL AT A NICKLEBACK CONCERT,CONS LGT OCNL MOD,202510121800-KMSC-UBUS01-PIREP,14000.0,39.52993926799308,-74.04566851463683,2025-10-12 18:12:00+00:00,2.0,0,M,"('KDIX', 'KDOX', 'KOKX', 'KBGM', 'KENX')","['s3://unidata-nexrad-level2/2025/10/12/KDIX/KDIX20251012_180819_V06', 's3://unidata-nexrad-level2/2025/10/12/KDOX/KDOX20251012_180926_V06', 's3://unidata-nexrad-level2/2025/10/12/KOKX/KOKX20251012_180743_V06', 's3://unidata-nexrad-level2/2025/10/12/KBGM/KBGM20251012_180922_V06', 's3://unidata-nexrad-level2/2025/10/12/KENX/KENX20251012_181034_V06']"
T,PC12,SLK UUA /OV SLK /TM 2331 /FL030 /TP PC12 /SK SKC /WX -RA /WV 32032KT /TB SEV /RM LLWS/+/-15KT AT 2100FT,SEV,202510200000-KMSC-UBUS01-PIREP,3000.0,44.38531,-74.20619,2025-10-19 23:31:00+00:00,5.0,0,L,"('KCXX', 'KTYX', 'KENX', 'KBGM', 'KOKX')","['s3://unidata-nexrad-level2/2025/10/19/KCXX/KCXX20251019_232745_V06', 's3://unidata-nexrad-level2/2025/10/19/KENX/KENX20251019_232629_V06', 's3://unidata-nexrad-level2/2025/10/19/KBGM/KBGM20251019_232831_V06', 's3://unidata-nexrad-level2/2025/10/19/KOKX/KOKX20251019_232245_V06']"
