Resetting environment
Deactivating conda environment (if any)
Purging all modules
Done! Environment has been torn down
Allocating resources with slurm...
Loading cuda and miniforge...
Activating conda environment...
Redirecting into the NEXRAD repo...
Done! Environment has now been set up
Calling python create_datasets.py
create_datasets.py: Initializing RadarDataLoader
Calling init
DEBUG tarfiles: ['/cluster/tufts/capstone25skyblue/eelkus01/NEXRADTurbulencePrediction/model_training/../model_inputs/compressed/2008_01.tar.xz', '/cluster/tufts/capstone25skyblue/eelkus01/NEXRADTurbulencePrediction/model_training/../model_inputs/compressed/2008_02.tar.xz', '/cluster/tufts/capstone25skyblue/eelkus01/NEXRADTurbulencePrediction/model_training/../model_inputs/compressed/2008_03.tar.xz', '/cluster/tufts/capstone25skyblue/eelkus01/NEXRADTurbulencePrediction/model_training/../model_inputs/compressed/2008_04.tar.xz', '/cluster/tufts/capstone25skyblue/eelkus01/NEXRADTurbulencePrediction/model_training/../model_inputs/compressed/2008_05.tar.xz', '/cluster/tufts/capstone25skyblue/eelkus01/NEXRADTurbulencePrediction/model_training/../model_inputs/compressed/2008_06.tar.xz', '/cluster/tufts/capstone25skyblue/eelkus01/NEXRADTurbulencePrediction/model_training/../model_inputs/compressed/2008_07.tar.xz', '/cluster/tufts/capstone25skyblue/eelkus01/NEXRADTurbulencePrediction/model_training/../model_inputs/compressed/2008_08.tar.xz', '/cluster/tufts/capstone25skyblue/eelkus01/NEXRADTurbulencePrediction/model_training/../model_inputs/compressed/2008_09.tar.xz', '/cluster/tufts/capstone25skyblue/eelkus01/NEXRADTurbulencePrediction/model_training/../model_inputs/compressed/2008_10.tar.xz', '/cluster/tufts/capstone25skyblue/eelkus01/NEXRADTurbulencePrediction/model_training/../model_inputs/compressed/2008_11.tar.xz', '/cluster/tufts/capstone25skyblue/eelkus01/NEXRADTurbulencePrediction/model_training/../model_inputs/compressed/2008_12.tar.xz', '/cluster/tufts/capstone25skyblue/eelkus01/NEXRADTurbulencePrediction/model_training/../model_inputs/compressed/2009_01.tar.xz', '/cluster/tufts/capstone25skyblue/eelkus01/NEXRADTurbulencePrediction/model_training/../model_inputs/compressed/2009_02.tar.xz', '/cluster/tufts/capstone25skyblue/eelkus01/NEXRADTurbulencePrediction/model_training/../model_inputs/compressed/2009_03.tar.xz', '/cluster/tufts/capstone25skyblue/eelkus01/NEXRADTurbulencePrediction/model_training/../model_inputs/compressed/2009_04.tar.xz', '/cluster/tufts/capstone25skyblue/eelkus01/NEXRADTurbulencePrediction/model_training/../model_inputs/compressed/2009_05.tar.xz', '/cluster/tufts/capstone25skyblue/eelkus01/NEXRADTurbulencePrediction/model_training/../model_inputs/compressed/2009_06.tar.xz', '/cluster/tufts/capstone25skyblue/eelkus01/NEXRADTurbulencePrediction/model_training/../model_inputs/compressed/2009_07.tar.xz', '/cluster/tufts/capstone25skyblue/eelkus01/NEXRADTurbulencePrediction/model_training/../model_inputs/compressed/2009_08.tar.xz', '/cluster/tufts/capstone25skyblue/eelkus01/NEXRADTurbulencePrediction/model_training/../model_inputs/compressed/2009_09.tar.xz', '/cluster/tufts/capstone25skyblue/eelkus01/NEXRADTurbulencePrediction/model_training/../model_inputs/compressed/2009_10.tar.xz', '/cluster/tufts/capstone25skyblue/eelkus01/NEXRADTurbulencePrediction/model_training/../model_inputs/compressed/2009_11.tar.xz', '/cluster/tufts/capstone25skyblue/eelkus01/NEXRADTurbulencePrediction/model_training/../model_inputs/compressed/2009_12.tar.xz', '/cluster/tufts/capstone25skyblue/eelkus01/NEXRADTurbulencePrediction/model_training/../model_inputs/compressed/2010_01.tar.xz', '/cluster/tufts/capstone25skyblue/eelkus01/NEXRADTurbulencePrediction/model_training/../model_inputs/compressed/2010_02.tar.xz', '/cluster/tufts/capstone25skyblue/eelkus01/NEXRADTurbulencePrediction/model_training/../model_inputs/compressed/2010_03.tar.xz', '/cluster/tufts/capstone25skyblue/eelkus01/NEXRADTurbulencePrediction/model_training/../model_inputs/compressed/2010_04.tar.xz', '/cluster/tufts/capstone25skyblue/eelkus01/NEXRADTurbulencePrediction/model_training/../model_inputs/compressed/2010_05.tar.xz', '/cluster/tufts/capstone25skyblue/eelkus01/NEXRADTurbulencePrediction/model_training/../model_inputs/compressed/2010_06.tar.xz', '/cluster/tufts/capstone25skyblue/eelkus01/NEXRADTurbulencePrediction/model_training/../model_inputs/compressed/2010_07.tar.xz', '/cluster/tufts/capstone25skyblue/eelkus01/NEXRADTurbulencePrediction/model_training/../model_inputs/compressed/2010_08.tar.xz', '/cluster/tufts/capstone25skyblue/eelkus01/NEXRADTurbulencePrediction/model_training/../model_inputs/compressed/2010_09.tar.xz', '/cluster/tufts/capstone25skyblue/eelkus01/NEXRADTurbulencePrediction/model_training/../model_inputs/compressed/2010_10.tar.xz', '/cluster/tufts/capstone25skyblue/eelkus01/NEXRADTurbulencePrediction/model_training/../model_inputs/compressed/2010_11.tar.xz', '/cluster/tufts/capstone25skyblue/eelkus01/NEXRADTurbulencePrediction/model_training/../model_inputs/compressed/2010_12.tar.xz', '/cluster/tufts/capstone25skyblue/eelkus01/NEXRADTurbulencePrediction/model_training/../model_inputs/compressed/2011_01.tar.xz', '/cluster/tufts/capstone25skyblue/eelkus01/NEXRADTurbulencePrediction/model_training/../model_inputs/compressed/2011_02.tar.xz', '/cluster/tufts/capstone25skyblue/eelkus01/NEXRADTurbulencePrediction/model_training/../model_inputs/compressed/2011_03.tar.xz', '/cluster/tufts/capstone25skyblue/eelkus01/NEXRADTurbulencePrediction/model_training/../model_inputs/compressed/2011_04.tar.xz', '/cluster/tufts/capstone25skyblue/eelkus01/NEXRADTurbulencePrediction/model_training/../model_inputs/compressed/2011_05.tar.xz', '/cluster/tufts/capstone25skyblue/eelkus01/NEXRADTurbulencePrediction/model_training/../model_inputs/compressed/2011_06.tar.xz', '/cluster/tufts/capstone25skyblue/eelkus01/NEXRADTurbulencePrediction/model_training/../model_inputs/compressed/2011_07.tar.xz', '/cluster/tufts/capstone25skyblue/eelkus01/NEXRADTurbulencePrediction/model_training/../model_inputs/compressed/2011_08.tar.xz', '/cluster/tufts/capstone25skyblue/eelkus01/NEXRADTurbulencePrediction/model_training/../model_inputs/compressed/2011_09.tar.xz', '/cluster/tufts/capstone25skyblue/eelkus01/NEXRADTurbulencePrediction/model_training/../model_inputs/compressed/2011_10.tar.xz', '/cluster/tufts/capstone25skyblue/eelkus01/NEXRADTurbulencePrediction/model_training/../model_inputs/compressed/2011_11.tar.xz', '/cluster/tufts/capstone25skyblue/eelkus01/NEXRADTurbulencePrediction/model_training/../model_inputs/compressed/2011_12.tar.xz', '/cluster/tufts/capstone25skyblue/eelkus01/NEXRADTurbulencePrediction/model_training/../model_inputs/compressed/2012_01.tar.xz', '/cluster/tufts/capstone25skyblue/eelkus01/NEXRADTurbulencePrediction/model_training/../model_inputs/compressed/2012_02.tar.xz', '/cluster/tufts/capstone25skyblue/eelkus01/NEXRADTurbulencePrediction/model_training/../model_inputs/compressed/2012_03.tar.xz', '/cluster/tufts/capstone25skyblue/eelkus01/NEXRADTurbulencePrediction/model_training/../model_inputs/compressed/2012_04.tar.xz', '/cluster/tufts/capstone25skyblue/eelkus01/NEXRADTurbulencePrediction/model_training/../model_inputs/compressed/2012_05.tar.xz', '/cluster/tufts/capstone25skyblue/eelkus01/NEXRADTurbulencePrediction/model_training/../model_inputs/compressed/2012_06.tar.xz', '/cluster/tufts/capstone25skyblue/eelkus01/NEXRADTurbulencePrediction/model_training/../model_inputs/compressed/2012_07.tar.xz', '/cluster/tufts/capstone25skyblue/eelkus01/NEXRADTurbulencePrediction/model_training/../model_inputs/compressed/2012_08.tar.xz', '/cluster/tufts/capstone25skyblue/eelkus01/NEXRADTurbulencePrediction/model_training/../model_inputs/compressed/2012_09.tar.xz', '/cluster/tufts/capstone25skyblue/eelkus01/NEXRADTurbulencePrediction/model_training/../model_inputs/compressed/2012_10.tar.xz', '/cluster/tufts/capstone25skyblue/eelkus01/NEXRADTurbulencePrediction/model_training/../model_inputs/compressed/2012_11.tar.xz', '/cluster/tufts/capstone25skyblue/eelkus01/NEXRADTurbulencePrediction/model_training/../model_inputs/compressed/2012_12.tar.xz', '/cluster/tufts/capstone25skyblue/eelkus01/NEXRADTurbulencePrediction/model_training/../model_inputs/compressed/2013_01.tar.xz', '/cluster/tufts/capstone25skyblue/eelkus01/NEXRADTurbulencePrediction/model_training/../model_inputs/compressed/2013_02.tar.xz', '/cluster/tufts/capstone25skyblue/eelkus01/NEXRADTurbulencePrediction/model_training/../model_inputs/compressed/2013_03.tar.xz', '/cluster/tufts/capstone25skyblue/eelkus01/NEXRADTurbulencePrediction/model_training/../model_inputs/compressed/2013_04.tar.xz', '/cluster/tufts/capstone25skyblue/eelkus01/NEXRADTurbulencePrediction/model_training/../model_inputs/compressed/2013_05.tar.xz', '/cluster/tufts/capstone25skyblue/eelkus01/NEXRADTurbulencePrediction/model_training/../model_inputs/compressed/2013_06.tar.xz', '/cluster/tufts/capstone25skyblue/eelkus01/NEXRADTurbulencePrediction/model_training/../model_inputs/compressed/2013_07.tar.xz', '/cluster/tufts/capstone25skyblue/eelkus01/NEXRADTurbulencePrediction/model_training/../model_inputs/compressed/2013_08.tar.xz', '/cluster/tufts/capstone25skyblue/eelkus01/NEXRADTurbulencePrediction/model_training/../model_inputs/compressed/2013_09.tar.xz', '/cluster/tufts/capstone25skyblue/eelkus01/NEXRADTurbulencePrediction/model_training/../model_inputs/compressed/2013_10.tar.xz', '/cluster/tufts/capstone25skyblue/eelkus01/NEXRADTurbulencePrediction/model_training/../model_inputs/compressed/2013_11.tar.xz', '/cluster/tufts/capstone25skyblue/eelkus01/NEXRADTurbulencePrediction/model_training/../model_inputs/compressed/2013_12.tar.xz', '/cluster/tufts/capstone25skyblue/eelkus01/NEXRADTurbulencePrediction/model_training/../model_inputs/compressed/2014_01.tar.xz', '/cluster/tufts/capstone25skyblue/eelkus01/NEXRADTurbulencePrediction/model_training/../model_inputs/compressed/2014_02.tar.xz', '/cluster/tufts/capstone25skyblue/eelkus01/NEXRADTurbulencePrediction/model_training/../model_inputs/compressed/2014_03.tar.xz', '/cluster/tufts/capstone25skyblue/eelkus01/NEXRADTurbulencePrediction/model_training/../model_inputs/compressed/2014_04.tar.xz', '/cluster/tufts/capstone25skyblue/eelkus01/NEXRADTurbulencePrediction/model_training/../model_inputs/compressed/2014_05.tar.xz', '/cluster/tufts/capstone25skyblue/eelkus01/NEXRADTurbulencePrediction/model_training/../model_inputs/compressed/2014_06.tar.xz', '/cluster/tufts/capstone25skyblue/eelkus01/NEXRADTurbulencePrediction/model_training/../model_inputs/compressed/2014_07.tar.xz', '/cluster/tufts/capstone25skyblue/eelkus01/NEXRADTurbulencePrediction/model_training/../model_inputs/compressed/2014_08.tar.xz', '/cluster/tufts/capstone25skyblue/eelkus01/NEXRADTurbulencePrediction/model_training/../model_inputs/compressed/2014_09.tar.xz', '/cluster/tufts/capstone25skyblue/eelkus01/NEXRADTurbulencePrediction/model_training/../model_inputs/compressed/2014_10.tar.xz', '/cluster/tufts/capstone25skyblue/eelkus01/NEXRADTurbulencePrediction/model_training/../model_inputs/compressed/2014_11.tar.xz', '/cluster/tufts/capstone25skyblue/eelkus01/NEXRADTurbulencePrediction/model_training/../model_inputs/compressed/2014_12.tar.xz', '/cluster/tufts/capstone25skyblue/eelkus01/NEXRADTurbulencePrediction/model_training/../model_inputs/compressed/2015_01.tar.xz', '/cluster/tufts/capstone25skyblue/eelkus01/NEXRADTurbulencePrediction/model_training/../model_inputs/compressed/2015_02.tar.xz', '/cluster/tufts/capstone25skyblue/eelkus01/NEXRADTurbulencePrediction/model_training/../model_inputs/compressed/2015_03.tar.xz', '/cluster/tufts/capstone25skyblue/eelkus01/NEXRADTurbulencePrediction/model_training/../model_inputs/compressed/2015_04.tar.xz', '/cluster/tufts/capstone25skyblue/eelkus01/NEXRADTurbulencePrediction/model_training/../model_inputs/compressed/2015_05.tar.xz', '/cluster/tufts/capstone25skyblue/eelkus01/NEXRADTurbulencePrediction/model_training/../model_inputs/compressed/2015_06.tar.xz', '/cluster/tufts/capstone25skyblue/eelkus01/NEXRADTurbulencePrediction/model_training/../model_inputs/compressed/2015_07.tar.xz', '/cluster/tufts/capstone25skyblue/eelkus01/NEXRADTurbulencePrediction/model_training/../model_inputs/compressed/2015_08.tar.xz', '/cluster/tufts/capstone25skyblue/eelkus01/NEXRADTurbulencePrediction/model_training/../model_inputs/compressed/2015_09.tar.xz', '/cluster/tufts/capstone25skyblue/eelkus01/NEXRADTurbulencePrediction/model_training/../model_inputs/compressed/2015_10.tar.xz', '/cluster/tufts/capstone25skyblue/eelkus01/NEXRADTurbulencePrediction/model_training/../model_inputs/compressed/2015_11.tar.xz', '/cluster/tufts/capstone25skyblue/eelkus01/NEXRADTurbulencePrediction/model_training/../model_inputs/compressed/2015_12.tar.xz', '/cluster/tufts/capstone25skyblue/eelkus01/NEXRADTurbulencePrediction/model_training/../model_inputs/compressed/2016_01.tar.xz', '/cluster/tufts/capstone25skyblue/eelkus01/NEXRADTurbulencePrediction/model_training/../model_inputs/compressed/2016_02.tar.xz', '/cluster/tufts/capstone25skyblue/eelkus01/NEXRADTurbulencePrediction/model_training/../model_inputs/compressed/2016_03.tar.xz', '/cluster/tufts/capstone25skyblue/eelkus01/NEXRADTurbulencePrediction/model_training/../model_inputs/compressed/2016_04.tar.xz', '/cluster/tufts/capstone25skyblue/eelkus01/NEXRADTurbulencePrediction/model_training/../model_inputs/compressed/2016_05.tar.xz', '/cluster/tufts/capstone25skyblue/eelkus01/NEXRADTurbulencePrediction/model_training/../model_inputs/compressed/2016_06.tar.xz', '/cluster/tufts/capstone25skyblue/eelkus01/NEXRADTurbulencePrediction/model_training/../model_inputs/compressed/2016_07.tar.xz', '/cluster/tufts/capstone25skyblue/eelkus01/NEXRADTurbulencePrediction/model_training/../model_inputs/compressed/2016_08.tar.xz', '/cluster/tufts/capstone25skyblue/eelkus01/NEXRADTurbulencePrediction/model_training/../model_inputs/compressed/2016_09.tar.xz', '/cluster/tufts/capstone25skyblue/eelkus01/NEXRADTurbulencePrediction/model_training/../model_inputs/compressed/2016_10.tar.xz', '/cluster/tufts/capstone25skyblue/eelkus01/NEXRADTurbulencePrediction/model_training/../model_inputs/compressed/2016_11.tar.xz', '/cluster/tufts/capstone25skyblue/eelkus01/NEXRADTurbulencePrediction/model_training/../model_inputs/compressed/2016_12.tar.xz', '/cluster/tufts/capstone25skyblue/eelkus01/NEXRADTurbulencePrediction/model_training/../model_inputs/compressed/2017_01.tar.xz', '/cluster/tufts/capstone25skyblue/eelkus01/NEXRADTurbulencePrediction/model_training/../model_inputs/compressed/2017_02.tar.xz', '/cluster/tufts/capstone25skyblue/eelkus01/NEXRADTurbulencePrediction/model_training/../model_inputs/compressed/2017_03.tar.xz', '/cluster/tufts/capstone25skyblue/eelkus01/NEXRADTurbulencePrediction/model_training/../model_inputs/compressed/2017_04.tar.xz', '/cluster/tufts/capstone25skyblue/eelkus01/NEXRADTurbulencePrediction/model_training/../model_inputs/compressed/2017_05.tar.xz', '/cluster/tufts/capstone25skyblue/eelkus01/NEXRADTurbulencePrediction/model_training/../model_inputs/compressed/2017_06.tar.xz', '/cluster/tufts/capstone25skyblue/eelkus01/NEXRADTurbulencePrediction/model_training/../model_inputs/compressed/2017_07.tar.xz', '/cluster/tufts/capstone25skyblue/eelkus01/NEXRADTurbulencePrediction/model_training/../model_inputs/compressed/2017_08.tar.xz', '/cluster/tufts/capstone25skyblue/eelkus01/NEXRADTurbulencePrediction/model_training/../model_inputs/compressed/2017_09.tar.xz', '/cluster/tufts/capstone25skyblue/eelkus01/NEXRADTurbulencePrediction/model_training/../model_inputs/compressed/2017_10.tar.xz', '/cluster/tufts/capstone25skyblue/eelkus01/NEXRADTurbulencePrediction/model_training/../model_inputs/compressed/2017_11.tar.xz', '/cluster/tufts/capstone25skyblue/eelkus01/NEXRADTurbulencePrediction/model_training/../model_inputs/compressed/2017_12.tar.xz', '/cluster/tufts/capstone25skyblue/eelkus01/NEXRADTurbulencePrediction/model_training/../model_inputs/compressed/2018_01.tar.xz', '/cluster/tufts/capstone25skyblue/eelkus01/NEXRADTurbulencePrediction/model_training/../model_inputs/compressed/2018_02.tar.xz', '/cluster/tufts/capstone25skyblue/eelkus01/NEXRADTurbulencePrediction/model_training/../model_inputs/compressed/2018_03.tar.xz', '/cluster/tufts/capstone25skyblue/eelkus01/NEXRADTurbulencePrediction/model_training/../model_inputs/compressed/2018_04.tar.xz', '/cluster/tufts/capstone25skyblue/eelkus01/NEXRADTurbulencePrediction/model_training/../model_inputs/compressed/2018_05.tar.xz', '/cluster/tufts/capstone25skyblue/eelkus01/NEXRADTurbulencePrediction/model_training/../model_inputs/compressed/2018_06.tar.xz', '/cluster/tufts/capstone25skyblue/eelkus01/NEXRADTurbulencePrediction/model_training/../model_inputs/compressed/2018_07.tar.xz', '/cluster/tufts/capstone25skyblue/eelkus01/NEXRADTurbulencePrediction/model_training/../model_inputs/compressed/2018_08.tar.xz', '/cluster/tufts/capstone25skyblue/eelkus01/NEXRADTurbulencePrediction/model_training/../model_inputs/compressed/2018_09.tar.xz', '/cluster/tufts/capstone25skyblue/eelkus01/NEXRADTurbulencePrediction/model_training/../model_inputs/compressed/2018_10.tar.xz', '/cluster/tufts/capstone25skyblue/eelkus01/NEXRADTurbulencePrediction/model_training/../model_inputs/compressed/2018_11.tar.xz', '/cluster/tufts/capstone25skyblue/eelkus01/NEXRADTurbulencePrediction/model_training/../model_inputs/compressed/2018_12.tar.xz', '/cluster/tufts/capstone25skyblue/eelkus01/NEXRADTurbulencePrediction/model_training/../model_inputs/compressed/2019_01.tar.xz', '/cluster/tufts/capstone25skyblue/eelkus01/NEXRADTurbulencePrediction/model_training/../model_inputs/compressed/2019_02.tar.xz', '/cluster/tufts/capstone25skyblue/eelkus01/NEXRADTurbulencePrediction/model_training/../model_inputs/compressed/2019_03.tar.xz', '/cluster/tufts/capstone25skyblue/eelkus01/NEXRADTurbulencePrediction/model_training/../model_inputs/compressed/2019_05.tar.xz', '/cluster/tufts/capstone25skyblue/eelkus01/NEXRADTurbulencePrediction/model_training/../model_inputs/compressed/2019_06.tar.xz', '/cluster/tufts/capstone25skyblue/eelkus01/NEXRADTurbulencePrediction/model_training/../model_inputs/compressed/2019_07.tar.xz', '/cluster/tufts/capstone25skyblue/eelkus01/NEXRADTurbulencePrediction/model_training/../model_inputs/compressed/2019_08.tar.xz', '/cluster/tufts/capstone25skyblue/eelkus01/NEXRADTurbulencePrediction/model_training/../model_inputs/compressed/2019_09.tar.xz', '/cluster/tufts/capstone25skyblue/eelkus01/NEXRADTurbulencePrediction/model_training/../model_inputs/compressed/2019_10.tar.xz', '/cluster/tufts/capstone25skyblue/eelkus01/NEXRADTurbulencePrediction/model_training/../model_inputs/compressed/2019_11.tar.xz', '/cluster/tufts/capstone25skyblue/eelkus01/NEXRADTurbulencePrediction/model_training/../model_inputs/compressed/2019_12.tar.xz', '/cluster/tufts/capstone25skyblue/eelkus01/NEXRADTurbulencePrediction/model_training/../model_inputs/compressed/2020_01.tar.xz', '/cluster/tufts/capstone25skyblue/eelkus01/NEXRADTurbulencePrediction/model_training/../model_inputs/compressed/2020_02.tar.xz', '/cluster/tufts/capstone25skyblue/eelkus01/NEXRADTurbulencePrediction/model_training/../model_inputs/compressed/2020_03.tar.xz', '/cluster/tufts/capstone25skyblue/eelkus01/NEXRADTurbulencePrediction/model_training/../model_inputs/compressed/2020_04.tar.xz', '/cluster/tufts/capstone25skyblue/eelkus01/NEXRADTurbulencePrediction/model_training/../model_inputs/compressed/2020_05.tar.xz', '/cluster/tufts/capstone25skyblue/eelkus01/NEXRADTurbulencePrediction/model_training/../model_inputs/compressed/2020_06.tar.xz', '/cluster/tufts/capstone25skyblue/eelkus01/NEXRADTurbulencePrediction/model_training/../model_inputs/compressed/2020_07.tar.xz', '/cluster/tufts/capstone25skyblue/eelkus01/NEXRADTurbulencePrediction/model_training/../model_inputs/compressed/2020_08.tar.xz', '/cluster/tufts/capstone25skyblue/eelkus01/NEXRADTurbulencePrediction/model_training/../model_inputs/compressed/2020_09.tar.xz', '/cluster/tufts/capstone25skyblue/eelkus01/NEXRADTurbulencePrediction/model_training/../model_inputs/compressed/2020_10.tar.xz', '/cluster/tufts/capstone25skyblue/eelkus01/NEXRADTurbulencePrediction/model_training/../model_inputs/compressed/2020_11.tar.xz', '/cluster/tufts/capstone25skyblue/eelkus01/NEXRADTurbulencePrediction/model_training/../model_inputs/compressed/2020_12.tar.xz', '/cluster/tufts/capstone25skyblue/eelkus01/NEXRADTurbulencePrediction/model_training/../model_inputs/compressed/2021_01.tar.xz', '/cluster/tufts/capstone25skyblue/eelkus01/NEXRADTurbulencePrediction/model_training/../model_inputs/compressed/2021_02.tar.xz', '/cluster/tufts/capstone25skyblue/eelkus01/NEXRADTurbulencePrediction/model_training/../model_inputs/compressed/2021_03.tar.xz', '/cluster/tufts/capstone25skyblue/eelkus01/NEXRADTurbulencePrediction/model_training/../model_inputs/compressed/2021_04.tar.xz', '/cluster/tufts/capstone25skyblue/eelkus01/NEXRADTurbulencePrediction/model_training/../model_inputs/compressed/2021_05.tar.xz', '/cluster/tufts/capstone25skyblue/eelkus01/NEXRADTurbulencePrediction/model_training/../model_inputs/compressed/2021_06.tar.xz', '/cluster/tufts/capstone25skyblue/eelkus01/NEXRADTurbulencePrediction/model_training/../model_inputs/compressed/2021_07.tar.xz', '/cluster/tufts/capstone25skyblue/eelkus01/NEXRADTurbulencePrediction/model_training/../model_inputs/compressed/2021_08.tar.xz', '/cluster/tufts/capstone25skyblue/eelkus01/NEXRADTurbulencePrediction/model_training/../model_inputs/compressed/2021_09.tar.xz', '/cluster/tufts/capstone25skyblue/eelkus01/NEXRADTurbulencePrediction/model_training/../model_inputs/compressed/2021_10.tar.xz', '/cluster/tufts/capstone25skyblue/eelkus01/NEXRADTurbulencePrediction/model_training/../model_inputs/compressed/2021_11.tar.xz', '/cluster/tufts/capstone25skyblue/eelkus01/NEXRADTurbulencePrediction/model_training/../model_inputs/compressed/2021_12.tar.xz', '/cluster/tufts/capstone25skyblue/eelkus01/NEXRADTurbulencePrediction/model_training/../model_inputs/compressed/2022_01.tar.xz', '/cluster/tufts/capstone25skyblue/eelkus01/NEXRADTurbulencePrediction/model_training/../model_inputs/compressed/2022_02.tar.xz', '/cluster/tufts/capstone25skyblue/eelkus01/NEXRADTurbulencePrediction/model_training/../model_inputs/compressed/2022_03.tar.xz', '/cluster/tufts/capstone25skyblue/eelkus01/NEXRADTurbulencePrediction/model_training/../model_inputs/compressed/2022_04.tar.xz', '/cluster/tufts/capstone25skyblue/eelkus01/NEXRADTurbulencePrediction/model_training/../model_inputs/compressed/2022_05.tar.xz', '/cluster/tufts/capstone25skyblue/eelkus01/NEXRADTurbulencePrediction/model_training/../model_inputs/compressed/2022_06.tar.xz', '/cluster/tufts/capstone25skyblue/eelkus01/NEXRADTurbulencePrediction/model_training/../model_inputs/compressed/2022_07.tar.xz', '/cluster/tufts/capstone25skyblue/eelkus01/NEXRADTurbulencePrediction/model_training/../model_inputs/compressed/2022_08.tar.xz', '/cluster/tufts/capstone25skyblue/eelkus01/NEXRADTurbulencePrediction/model_training/../model_inputs/compressed/2022_09.tar.xz', '/cluster/tufts/capstone25skyblue/eelkus01/NEXRADTurbulencePrediction/model_training/../model_inputs/compressed/2022_10.tar.xz', '/cluster/tufts/capstone25skyblue/eelkus01/NEXRADTurbulencePrediction/model_training/../model_inputs/compressed/2022_11.tar.xz', '/cluster/tufts/capstone25skyblue/eelkus01/NEXRADTurbulencePrediction/model_training/../model_inputs/compressed/2022_12.tar.xz', '/cluster/tufts/capstone25skyblue/eelkus01/NEXRADTurbulencePrediction/model_training/../model_inputs/compressed/2023_01.tar.xz', '/cluster/tufts/capstone25skyblue/eelkus01/NEXRADTurbulencePrediction/model_training/../model_inputs/compressed/2023_02.tar.xz', '/cluster/tufts/capstone25skyblue/eelkus01/NEXRADTurbulencePrediction/model_training/../model_inputs/compressed/2023_03.tar.xz', '/cluster/tufts/capstone25skyblue/eelkus01/NEXRADTurbulencePrediction/model_training/../model_inputs/compressed/2023_04.tar.xz', '/cluster/tufts/capstone25skyblue/eelkus01/NEXRADTurbulencePrediction/model_training/../model_inputs/compressed/2023_05.tar.xz', '/cluster/tufts/capstone25skyblue/eelkus01/NEXRADTurbulencePrediction/model_training/../model_inputs/compressed/2023_06.tar.xz', '/cluster/tufts/capstone25skyblue/eelkus01/NEXRADTurbulencePrediction/model_training/../model_inputs/compressed/2023_07.tar.xz', '/cluster/tufts/capstone25skyblue/eelkus01/NEXRADTurbulencePrediction/model_training/../model_inputs/compressed/2023_08.tar.xz', '/cluster/tufts/capstone25skyblue/eelkus01/NEXRADTurbulencePrediction/model_training/../model_inputs/compressed/2023_09.tar.xz', '/cluster/tufts/capstone25skyblue/eelkus01/NEXRADTurbulencePrediction/model_training/../model_inputs/compressed/2023_10.tar.xz', '/cluster/tufts/capstone25skyblue/eelkus01/NEXRADTurbulencePrediction/model_training/../model_inputs/compressed/2023_11.tar.xz', '/cluster/tufts/capstone25skyblue/eelkus01/NEXRADTurbulencePrediction/model_training/../model_inputs/compressed/2023_12.tar.xz', '/cluster/tufts/capstone25skyblue/eelkus01/NEXRADTurbulencePrediction/model_training/../model_inputs/compressed/2024_01.tar.xz', '/cluster/tufts/capstone25skyblue/eelkus01/NEXRADTurbulencePrediction/model_training/../model_inputs/compressed/2024_02.tar.xz', '/cluster/tufts/capstone25skyblue/eelkus01/NEXRADTurbulencePrediction/model_training/../model_inputs/compressed/2024_03.tar.xz', '/cluster/tufts/capstone25skyblue/eelkus01/NEXRADTurbulencePrediction/model_training/../model_inputs/compressed/2024_04.tar.xz', '/cluster/tufts/capstone25skyblue/eelkus01/NEXRADTurbulencePrediction/model_training/../model_inputs/compressed/2024_05.tar.xz', '/cluster/tufts/capstone25skyblue/eelkus01/NEXRADTurbulencePrediction/model_training/../model_inputs/compressed/2024_06.tar.xz', '/cluster/tufts/capstone25skyblue/eelkus01/NEXRADTurbulencePrediction/model_training/../model_inputs/compressed/2024_07.tar.xz', '/cluster/tufts/capstone25skyblue/eelkus01/NEXRADTurbulencePrediction/model_training/../model_inputs/compressed/2024_08.tar.xz', '/cluster/tufts/capstone25skyblue/eelkus01/NEXRADTurbulencePrediction/model_training/../model_inputs/compressed/2024_09.tar.xz', '/cluster/tufts/capstone25skyblue/eelkus01/NEXRADTurbulencePrediction/model_training/../model_inputs/compressed/2024_10.tar.xz', '/cluster/tufts/capstone25skyblue/eelkus01/NEXRADTurbulencePrediction/model_training/../model_inputs/compressed/2024_11.tar.xz', '/cluster/tufts/capstone25skyblue/eelkus01/NEXRADTurbulencePrediction/model_training/../model_inputs/compressed/2024_12.tar.xz', '/cluster/tufts/capstone25skyblue/eelkus01/NEXRADTurbulencePrediction/model_training/../model_inputs/compressed/2025_01.tar.xz', '/cluster/tufts/capstone25skyblue/eelkus01/NEXRADTurbulencePrediction/model_training/../model_inputs/compressed/2025_02.tar.xz', '/cluster/tufts/capstone25skyblue/eelkus01/NEXRADTurbulencePrediction/model_training/../model_inputs/compressed/2025_03.tar.xz', '/cluster/tufts/capstone25skyblue/eelkus01/NEXRADTurbulencePrediction/model_training/../model_inputs/compressed/2025_04.tar.xz', '/cluster/tufts/capstone25skyblue/eelkus01/NEXRADTurbulencePrediction/model_training/../model_inputs/compressed/2025_05.tar.xz', '/cluster/tufts/capstone25skyblue/eelkus01/NEXRADTurbulencePrediction/model_training/../model_inputs/compressed/2025_06.tar.xz', '/cluster/tufts/capstone25skyblue/eelkus01/NEXRADTurbulencePrediction/model_training/../model_inputs/compressed/2025_07.tar.xz', '/cluster/tufts/capstone25skyblue/eelkus01/NEXRADTurbulencePrediction/model_training/../model_inputs/compressed/2025_08.tar.xz', '/cluster/tufts/capstone25skyblue/eelkus01/NEXRADTurbulencePrediction/model_training/../model_inputs/compressed/2025_09.tar.xz', '/cluster/tufts/capstone25skyblue/eelkus01/NEXRADTurbulencePrediction/model_training/../model_inputs/compressed/2025_10.tar.xz', '/cluster/tufts/capstone25skyblue/eelkus01/NEXRADTurbulencePrediction/model_training/../model_inputs/compressed/2025_11.tar.xz', '/cluster/tufts/capstone25skyblue/eelkus01/NEXRADTurbulencePrediction/model_training/../model_inputs/compressed/2025_12.tar.xz']
Decompressing dir: decompressed/2008_01.tar.xz
Successfully extracted '/cluster/tufts/capstone25skyblue/eelkus01/NEXRADTurbulencePrediction/model_training/../model_inputs/compressed/2008_01.tar.xz' to './decompressed'
Finished decompressing! Time to add to dataloader
Decompressing dir: decompressed/2008_02.tar.xz
Successfully extracted '/cluster/tufts/capstone25skyblue/eelkus01/NEXRADTurbulencePrediction/model_training/../model_inputs/compressed/2008_02.tar.xz' to './decompressed'
Finished decompressing! Time to add to dataloader
Decompressing dir: decompressed/2008_03.tar.xz
Successfully extracted '/cluster/tufts/capstone25skyblue/eelkus01/NEXRADTurbulencePrediction/model_training/../model_inputs/compressed/2008_03.tar.xz' to './decompressed'
Finished decompressing! Time to add to dataloader
Decompressing dir: decompressed/2008_04.tar.xz
Successfully extracted '/cluster/tufts/capstone25skyblue/eelkus01/NEXRADTurbulencePrediction/model_training/../model_inputs/compressed/2008_04.tar.xz' to './decompressed'
Finished decompressing! Time to add to dataloader
DEBUG: found file: T000000_2008_4_df_row.nc, is_file: True
DEBUG: opening T000000_2008_4_df_row.nc
DEBUG: opened, attrs: ['LAT', 'LON', 'ALT', 'DELTA_T', 'TURB']
DEBUG: attrs_arr: [ 3.612467e+01 -9.092511e+01  1.400000e+04  2.060000e+02  6.000000e+00]
DEBUG: features shape: (4,)
DEBUG: flattened_data shape: (2560,)
DEBUG: label: 6
DEBUG: appended successfully
Decompressing dir: decompressed/2008_05.tar.xz
Successfully extracted '/cluster/tufts/capstone25skyblue/eelkus01/NEXRADTurbulencePrediction/model_training/../model_inputs/compressed/2008_05.tar.xz' to './decompressed'
Finished decompressing! Time to add to dataloader
DEBUG: found file: F000000_2008_5_df_row.nc, is_file: True
DEBUG: opening F000000_2008_5_df_row.nc
DEBUG: opened, attrs: ['LAT', 'LON', 'ALT', 'DELTA_T', 'TURB']
DEBUG: attrs_arr: [ 4.51500000e+01 -9.52607272e+01  2.60000000e+04  1.60800000e+03
  6.00000000e+00]
DEBUG: features shape: (4,)
DEBUG: flattened_data shape: (2560,)
DEBUG: label: 6
DEBUG: appended successfully
DEBUG: found file: T000000_2008_5_df_row.nc, is_file: True
DEBUG: opening T000000_2008_5_df_row.nc
DEBUG: opened, attrs: ['LAT', 'LON', 'ALT', 'DELTA_T', 'TURB']
DEBUG: attrs_arr: [ 39.68231558 -86.23052606   0.         270.           6.        ]
DEBUG: features shape: (4,)
DEBUG: flattened_data shape: (2560,)
DEBUG: label: 6
DEBUG: appended successfully
Decompressing dir: decompressed/2008_06.tar.xz
Successfully extracted '/cluster/tufts/capstone25skyblue/eelkus01/NEXRADTurbulencePrediction/model_training/../model_inputs/compressed/2008_06.tar.xz' to './decompressed'
Finished decompressing! Time to add to dataloader
DEBUG: found file: F000000_2008_6_df_row.nc, is_file: True
DEBUG: opening F000000_2008_6_df_row.nc
DEBUG: opened, attrs: ['LAT', 'LON', 'ALT', 'DELTA_T', 'TURB']
DEBUG: attrs_arr: [ 4.55910239e+01 -9.77005579e+01  3.40000000e+04  2.56000000e+02
  6.00000000e+00]
DEBUG: features shape: (4,)
DEBUG: flattened_data shape: (2560,)
DEBUG: label: 6
DEBUG: appended successfully
DEBUG: found file: T000000_2008_6_df_row.nc, is_file: True
DEBUG: opening T000000_2008_6_df_row.nc
DEBUG: opened, attrs: ['LAT', 'LON', 'ALT', 'DELTA_T', 'TURB']
DEBUG: attrs_arr: [ 3.84346312e+01 -9.12445279e+01  8.00000000e+03  5.51000000e+02
  5.00000000e+00]
DEBUG: features shape: (4,)
DEBUG: flattened_data shape: (2560,)
DEBUG: label: 5
DEBUG: appended successfully
Decompressing dir: decompressed/2008_07.tar.xz
Successfully extracted '/cluster/tufts/capstone25skyblue/eelkus01/NEXRADTurbulencePrediction/model_training/../model_inputs/compressed/2008_07.tar.xz' to './decompressed'
Finished decompressing! Time to add to dataloader
DEBUG: found file: F000000_2008_7_df_row.nc, is_file: True
DEBUG: opening F000000_2008_7_df_row.nc
DEBUG: opened, attrs: ['LAT', 'LON', 'ALT', 'DELTA_T', 'TURB']
DEBUG: attrs_arr: [ 3.954e+01 -7.497e+01  1.200e+04  1.930e+02  7.000e+00]
DEBUG: features shape: (4,)
DEBUG: flattened_data shape: (2560,)
DEBUG: label: 7
DEBUG: appended successfully
DEBUG: found file: T000000_2008_7_df_row.nc, is_file: True
DEBUG: opening T000000_2008_7_df_row.nc
DEBUG: opened, attrs: ['LAT', 'LON', 'ALT', 'DELTA_T', 'TURB']
DEBUG: attrs_arr: [ 3.2713209e+01 -8.0250537e+01  3.6000000e+04  1.0000000e+02
  6.0000000e+00]
DEBUG: features shape: (4,)
DEBUG: flattened_data shape: (2560,)
DEBUG: label: 6
DEBUG: appended successfully
Decompressing dir: decompressed/2008_08.tar.xz
Successfully extracted '/cluster/tufts/capstone25skyblue/eelkus01/NEXRADTurbulencePrediction/model_training/../model_inputs/compressed/2008_08.tar.xz' to './decompressed'
Finished decompressing! Time to add to dataloader
DEBUG: found file: F000000_2008_8_df_row.nc, is_file: True
DEBUG: opening F000000_2008_8_df_row.nc
DEBUG: opened, attrs: ['LAT', 'LON', 'ALT', 'DELTA_T', 'TURB']
DEBUG: attrs_arr: [ 3.524e+01 -1.017e+02  1.000e+04  2.320e+02  5.000e+00]
DEBUG: features shape: (4,)
DEBUG: flattened_data shape: (2560,)
DEBUG: label: 5
DEBUG: appended successfully
DEBUG: found file: T000000_2008_8_df_row.nc, is_file: True
DEBUG: opening T000000_2008_8_df_row.nc
DEBUG: opened, attrs: ['LAT', 'LON', 'ALT', 'DELTA_T', 'TURB']
DEBUG: attrs_arr: [ 2.9850e+01 -9.0000e+01  3.6000e+04  8.5305e+04  6.0000e+00]
DEBUG: features shape: (4,)
DEBUG: flattened_data shape: (2560,)
DEBUG: label: 6
DEBUG: appended successfully
Decompressing dir: decompressed/2008_09.tar.xz
Successfully extracted '/cluster/tufts/capstone25skyblue/eelkus01/NEXRADTurbulencePrediction/model_training/../model_inputs/compressed/2008_09.tar.xz' to './decompressed'
Finished decompressing! Time to add to dataloader
DEBUG: found file: F000000_2008_9_df_row.nc, is_file: True
DEBUG: opening F000000_2008_9_df_row.nc
DEBUG: opened, attrs: ['LAT', 'LON', 'ALT', 'DELTA_T', 'TURB']
DEBUG: attrs_arr: [ 3.81833198e+01 -7.55100000e+01  1.70000000e+04  1.80000000e+01
  5.00000000e+00]
DEBUG: features shape: (4,)
DEBUG: flattened_data shape: (2560,)
DEBUG: label: 5
DEBUG: appended successfully
DEBUG: found file: T000000_2008_9_df_row.nc, is_file: True
DEBUG: opening T000000_2008_9_df_row.nc
DEBUG: opened, attrs: ['LAT', 'LON', 'ALT', 'DELTA_T', 'TURB']
DEBUG: attrs_arr: [ 3.91200000e+01 -9.43851579e+01  6.00000000e+03  2.01000000e+02
  5.00000000e+00]
DEBUG: features shape: (4,)
DEBUG: flattened_data shape: (2560,)
DEBUG: label: 5
DEBUG: appended successfully
Decompressing dir: decompressed/2008_10.tar.xz
Successfully extracted '/cluster/tufts/capstone25skyblue/eelkus01/NEXRADTurbulencePrediction/model_training/../model_inputs/compressed/2008_10.tar.xz' to './decompressed'
Finished decompressing! Time to add to dataloader
DEBUG: found file: F000000_2008_10_df_row.nc, is_file: True
DEBUG: opening F000000_2008_10_df_row.nc
DEBUG: opened, attrs: ['LAT', 'LON', 'ALT', 'DELTA_T', 'TURB']
DEBUG: attrs_arr: [ 4.063e+01 -7.377e+01  1.700e+04  2.220e+02  5.000e+00]
DEBUG: features shape: (4,)
DEBUG: flattened_data shape: (2560,)
DEBUG: label: 5
DEBUG: appended successfully
DEBUG: found file: T000000_2008_10_df_row.nc, is_file: True
DEBUG: opening T000000_2008_10_df_row.nc
DEBUG: opened, attrs: ['LAT', 'LON', 'ALT', 'DELTA_T', 'TURB']
DEBUG: attrs_arr: [  48.12 -123.5   500.    127.      5.  ]
DEBUG: features shape: (4,)
DEBUG: flattened_data shape: (2560,)
DEBUG: label: 5
DEBUG: appended successfully
Decompressing dir: decompressed/2008_11.tar.xz
Successfully extracted '/cluster/tufts/capstone25skyblue/eelkus01/NEXRADTurbulencePrediction/model_training/../model_inputs/compressed/2008_11.tar.xz' to './decompressed'
Finished decompressing! Time to add to dataloader
DEBUG: found file: F000000_2008_11_df_row.nc, is_file: True
DEBUG: opening F000000_2008_11_df_row.nc
DEBUG: opened, attrs: ['LAT', 'LON', 'ALT', 'DELTA_T', 'TURB']
DEBUG: attrs_arr: [  37.43771406 -121.88855893 2000.          275.            5.        ]
DEBUG: features shape: (4,)
DEBUG: flattened_data shape: (2560,)
DEBUG: label: 5
DEBUG: appended successfully
DEBUG: found file: T000000_2008_11_df_row.nc, is_file: True
DEBUG: opening T000000_2008_11_df_row.nc
DEBUG: opened, attrs: ['LAT', 'LON', 'ALT', 'DELTA_T', 'TURB']
DEBUG: attrs_arr: [ 2.93557000e+01 -8.26631362e+01  9.00000000e+03  2.39000000e+02
  5.00000000e+00]
DEBUG: features shape: (4,)
DEBUG: flattened_data shape: (2560,)
DEBUG: label: 5
DEBUG: appended successfully
Decompressing dir: decompressed/2008_12.tar.xz
Successfully extracted '/cluster/tufts/capstone25skyblue/eelkus01/NEXRADTurbulencePrediction/model_training/../model_inputs/compressed/2008_12.tar.xz' to './decompressed'
Finished decompressing! Time to add to dataloader
DEBUG: found file: F000000_2008_12_df_row.nc, is_file: True
DEBUG: opening F000000_2008_12_df_row.nc
DEBUG: opened, attrs: ['LAT', 'LON', 'ALT', 'DELTA_T', 'TURB']
DEBUG: attrs_arr: [ 3.499122e+01 -7.888028e+01  2.400000e+04  2.000000e+00  6.000000e+00]
DEBUG: features shape: (4,)
DEBUG: flattened_data shape: (2560,)
DEBUG: label: 6
DEBUG: appended successfully
DEBUG: found file: T000000_2008_12_df_row.nc, is_file: True
DEBUG: opening T000000_2008_12_df_row.nc
DEBUG: opened, attrs: ['LAT', 'LON', 'ALT', 'DELTA_T', 'TURB']
DEBUG: attrs_arr: [  37.25830982  -80.04777824 5000.          570.            6.        ]
DEBUG: features shape: (4,)
DEBUG: flattened_data shape: (2560,)
DEBUG: label: 6
DEBUG: appended successfully
Decompressing dir: decompressed/2009_01.tar.xz
Successfully extracted '/cluster/tufts/capstone25skyblue/eelkus01/NEXRADTurbulencePrediction/model_training/../model_inputs/compressed/2009_01.tar.xz' to './decompressed'
Finished decompressing! Time to add to dataloader
DEBUG: found file: F000000_2009_1_df_row.nc, is_file: True
DEBUG: opening F000000_2009_1_df_row.nc
DEBUG: opened, attrs: ['LAT', 'LON', 'ALT', 'DELTA_T', 'TURB']
DEBUG: attrs_arr: [ 3.04003777e+01 -8.48793023e+01  7.00000000e+03  8.00000000e+00
  5.00000000e+00]
DEBUG: features shape: (4,)
DEBUG: flattened_data shape: (2560,)
DEBUG: label: 5
DEBUG: appended successfully
DEBUG: found file: T000000_2009_1_df_row.nc, is_file: True
DEBUG: opening T000000_2009_1_df_row.nc
DEBUG: opened, attrs: ['LAT', 'LON', 'ALT', 'DELTA_T', 'TURB']
DEBUG: attrs_arr: [ 3.98254699e+01 -1.05117190e+02  7.50000000e+03  1.96000000e+02
  5.00000000e+00]
DEBUG: features shape: (4,)
DEBUG: flattened_data shape: (2560,)
DEBUG: label: 5
DEBUG: appended successfully
Decompressing dir: decompressed/2009_02.tar.xz
Successfully extracted '/cluster/tufts/capstone25skyblue/eelkus01/NEXRADTurbulencePrediction/model_training/../model_inputs/compressed/2009_02.tar.xz' to './decompressed'
Finished decompressing! Time to add to dataloader
DEBUG: found file: F000000_2009_2_df_row.nc, is_file: True
DEBUG: opening F000000_2009_2_df_row.nc
DEBUG: opened, attrs: ['LAT', 'LON', 'ALT', 'DELTA_T', 'TURB']
DEBUG: attrs_arr: [ 3.93325962e+01 -1.05274116e+02  2.00000000e+04  5.64000000e+02
  6.00000000e+00]
DEBUG: features shape: (4,)
DEBUG: flattened_data shape: (2560,)
DEBUG: label: 6
DEBUG: appended successfully
DEBUG: found file: T000000_2009_2_df_row.nc, is_file: True
DEBUG: opening T000000_2009_2_df_row.nc
DEBUG: opened, attrs: ['LAT', 'LON', 'ALT', 'DELTA_T', 'TURB']
DEBUG: attrs_arr: [  37.2593919 -121.92442   4000.         200.           5.       ]
DEBUG: features shape: (4,)
DEBUG: flattened_data shape: (2560,)
DEBUG: label: 5
DEBUG: appended successfully
Decompressing dir: decompressed/2009_03.tar.xz
Successfully extracted '/cluster/tufts/capstone25skyblue/eelkus01/NEXRADTurbulencePrediction/model_training/../model_inputs/compressed/2009_03.tar.xz' to './decompressed'
Finished decompressing! Time to add to dataloader
DEBUG: found file: F000000_2009_3_df_row.nc, is_file: True
DEBUG: opening F000000_2009_3_df_row.nc
DEBUG: opened, attrs: ['LAT', 'LON', 'ALT', 'DELTA_T', 'TURB']
DEBUG: attrs_arr: [ 3.26754997e+01 -8.50726100e+01  1.40000000e+04  2.51000000e+02
  6.00000000e+00]
DEBUG: features shape: (4,)
DEBUG: flattened_data shape: (2560,)
DEBUG: label: 6
DEBUG: appended successfully
DEBUG: found file: T000000_2009_3_df_row.nc, is_file: True
DEBUG: opening T000000_2009_3_df_row.nc
DEBUG: opened, attrs: ['LAT', 'LON', 'ALT', 'DELTA_T', 'TURB']
DEBUG: attrs_arr: [  30.70494218  -87.27921392 4000.          988.            5.        ]
DEBUG: features shape: (4,)
DEBUG: flattened_data shape: (2560,)
DEBUG: label: 5
DEBUG: appended successfully
Decompressing dir: decompressed/2009_04.tar.xz
Successfully extracted '/cluster/tufts/capstone25skyblue/eelkus01/NEXRADTurbulencePrediction/model_training/../model_inputs/compressed/2009_04.tar.xz' to './decompressed'
Finished decompressing! Time to add to dataloader
DEBUG: found file: F000000_2009_4_df_row.nc, is_file: True
DEBUG: opening F000000_2009_4_df_row.nc
DEBUG: opened, attrs: ['LAT', 'LON', 'ALT', 'DELTA_T', 'TURB']
DEBUG: attrs_arr: [ 3.41494410e+01 -8.58759001e+01  1.60000000e+04  2.90000000e+01
  6.00000000e+00]
DEBUG: features shape: (4,)
DEBUG: flattened_data shape: (2560,)
DEBUG: label: 6
DEBUG: appended successfully
DEBUG: found file: T000000_2009_4_df_row.nc, is_file: True
DEBUG: opening T000000_2009_4_df_row.nc
DEBUG: opened, attrs: ['LAT', 'LON', 'ALT', 'DELTA_T', 'TURB']
DEBUG: attrs_arr: [ 3.919230e+01 -1.197326e+02  1.150000e+04  7.400000e+01  5.000000e+00]
DEBUG: features shape: (4,)
DEBUG: flattened_data shape: (2560,)
DEBUG: label: 5
DEBUG: appended successfully
Decompressing dir: decompressed/2009_05.tar.xz
Successfully extracted '/cluster/tufts/capstone25skyblue/eelkus01/NEXRADTurbulencePrediction/model_training/../model_inputs/compressed/2009_05.tar.xz' to './decompressed'
Finished decompressing! Time to add to dataloader
DEBUG: found file: F000000_2009_5_df_row.nc, is_file: True
DEBUG: opening F000000_2009_5_df_row.nc
DEBUG: opened, attrs: ['LAT', 'LON', 'ALT', 'DELTA_T', 'TURB']
DEBUG: attrs_arr: [  39.00513932  -94.44107719 3000.           55.            5.        ]
DEBUG: features shape: (4,)
DEBUG: flattened_data shape: (2560,)
DEBUG: label: 5
DEBUG: appended successfully
DEBUG: found file: T000000_2009_5_df_row.nc, is_file: True
DEBUG: opening T000000_2009_5_df_row.nc
DEBUG: opened, attrs: ['LAT', 'LON', 'ALT', 'DELTA_T', 'TURB']
DEBUG: attrs_arr: [ 4.635e+01 -9.403e+01  6.500e+03  2.070e+02  5.000e+00]
DEBUG: features shape: (4,)
DEBUG: flattened_data shape: (2560,)
DEBUG: label: 5
DEBUG: appended successfully
Decompressing dir: decompressed/2009_06.tar.xz
Successfully extracted '/cluster/tufts/capstone25skyblue/eelkus01/NEXRADTurbulencePrediction/model_training/../model_inputs/compressed/2009_06.tar.xz' to './decompressed'
Finished decompressing! Time to add to dataloader
DEBUG: found file: F000000_2009_6_df_row.nc, is_file: True
DEBUG: opening F000000_2009_6_df_row.nc
DEBUG: opened, attrs: ['LAT', 'LON', 'ALT', 'DELTA_T', 'TURB']
DEBUG: attrs_arr: [ 4.2542600e+01 -1.1377154e+02  2.7000000e+04  1.7200000e+02
  6.0000000e+00]
DEBUG: features shape: (4,)
DEBUG: flattened_data shape: (2560,)
DEBUG: label: 6
DEBUG: appended successfully
DEBUG: found file: T000000_2009_6_df_row.nc, is_file: True
DEBUG: opening T000000_2009_6_df_row.nc
DEBUG: opened, attrs: ['LAT', 'LON', 'ALT', 'DELTA_T', 'TURB']
DEBUG: attrs_arr: [ 2.72467004e+01 -8.13900000e+01  1.30000000e+04  1.00000000e+01
  7.00000000e+00]
DEBUG: features shape: (4,)
DEBUG: flattened_data shape: (2560,)
DEBUG: label: 7
DEBUG: appended successfully
Decompressing dir: decompressed/2009_07.tar.xz
Successfully extracted '/cluster/tufts/capstone25skyblue/eelkus01/NEXRADTurbulencePrediction/model_training/../model_inputs/compressed/2009_07.tar.xz' to './decompressed'
Finished decompressing! Time to add to dataloader
DEBUG: found file: F000000_2009_7_df_row.nc, is_file: True
DEBUG: opening F000000_2009_7_df_row.nc
DEBUG: opened, attrs: ['LAT', 'LON', 'ALT', 'DELTA_T', 'TURB']
DEBUG: attrs_arr: [ 3.46066180e+01 -8.48805632e+01  1.10000000e+04  3.00000000e+00
  5.00000000e+00]
DEBUG: features shape: (4,)
DEBUG: flattened_data shape: (2560,)
DEBUG: label: 5
DEBUG: appended successfully
DEBUG: found file: T000000_2009_7_df_row.nc, is_file: True
DEBUG: opening T000000_2009_7_df_row.nc
DEBUG: opened, attrs: ['LAT', 'LON', 'ALT', 'DELTA_T', 'TURB']
DEBUG: attrs_arr: [ 3.99000000e+01 -8.40679126e+01  9.00000000e+03  1.02000000e+02
  5.00000000e+00]
DEBUG: features shape: (4,)
DEBUG: flattened_data shape: (2560,)
DEBUG: label: 5
DEBUG: appended successfully
Decompressing dir: decompressed/2009_08.tar.xz
Successfully extracted '/cluster/tufts/capstone25skyblue/eelkus01/NEXRADTurbulencePrediction/model_training/../model_inputs/compressed/2009_08.tar.xz' to './decompressed'
Finished decompressing! Time to add to dataloader
DEBUG: found file: F000000_2009_8_df_row.nc, is_file: True
DEBUG: opening F000000_2009_8_df_row.nc
DEBUG: opened, attrs: ['LAT', 'LON', 'ALT', 'DELTA_T', 'TURB']
DEBUG: attrs_arr: [ 4.45107065e+01 -1.15844767e+02  2.40000000e+04  1.08000000e+02
  5.00000000e+00]
DEBUG: features shape: (4,)
DEBUG: flattened_data shape: (2560,)
DEBUG: label: 5
DEBUG: appended successfully
DEBUG: found file: T000000_2009_8_df_row.nc, is_file: True
DEBUG: opening T000000_2009_8_df_row.nc
DEBUG: opened, attrs: ['LAT', 'LON', 'ALT', 'DELTA_T', 'TURB']
DEBUG: attrs_arr: [  26.01999595  -80.05358051 1000.          116.            5.        ]
DEBUG: features shape: (4,)
DEBUG: flattened_data shape: (2560,)
DEBUG: label: 5
DEBUG: appended successfully
Decompressing dir: decompressed/2009_09.tar.xz
Successfully extracted '/cluster/tufts/capstone25skyblue/eelkus01/NEXRADTurbulencePrediction/model_training/../model_inputs/compressed/2009_09.tar.xz' to './decompressed'
Finished decompressing! Time to add to dataloader
DEBUG: found file: F000000_2009_9_df_row.nc, is_file: True
DEBUG: opening F000000_2009_9_df_row.nc
DEBUG: opened, attrs: ['LAT', 'LON', 'ALT', 'DELTA_T', 'TURB']
DEBUG: attrs_arr: [ 4.148e+01 -7.548e+01  2.400e+04  2.880e+02  6.000e+00]
DEBUG: features shape: (4,)
DEBUG: flattened_data shape: (2560,)
DEBUG: label: 6
DEBUG: appended successfully
DEBUG: found file: T000000_2009_9_df_row.nc, is_file: True
DEBUG: opening T000000_2009_9_df_row.nc
DEBUG: opened, attrs: ['LAT', 'LON', 'ALT', 'DELTA_T', 'TURB']
DEBUG: attrs_arr: [  37.73      -121.7985068 5000.         248.           5.       ]
DEBUG: features shape: (4,)
DEBUG: flattened_data shape: (2560,)
DEBUG: label: 5
DEBUG: appended successfully
Decompressing dir: decompressed/2009_10.tar.xz
Successfully extracted '/cluster/tufts/capstone25skyblue/eelkus01/NEXRADTurbulencePrediction/model_training/../model_inputs/compressed/2009_10.tar.xz' to './decompressed'
Finished decompressing! Time to add to dataloader
DEBUG: found file: F000000_2009_10_df_row.nc, is_file: True
DEBUG: opening F000000_2009_10_df_row.nc
DEBUG: opened, attrs: ['LAT', 'LON', 'ALT', 'DELTA_T', 'TURB']
DEBUG: attrs_arr: [ 4.198546e+01 -9.743511e+01  1.900000e+04  2.670000e+02  6.000000e+00]
DEBUG: features shape: (4,)
DEBUG: flattened_data shape: (2560,)
DEBUG: label: 6
DEBUG: appended successfully
DEBUG: found file: T000000_2009_10_df_row.nc, is_file: True
DEBUG: opening T000000_2009_10_df_row.nc
DEBUG: opened, attrs: ['LAT', 'LON', 'ALT', 'DELTA_T', 'TURB']
DEBUG: attrs_arr: [ 4.67782801e+01 -1.13519198e+02  1.30000000e+04  3.43000000e+02
  6.00000000e+00]
DEBUG: features shape: (4,)
DEBUG: flattened_data shape: (2560,)
DEBUG: label: 6
DEBUG: appended successfully
Decompressing dir: decompressed/2009_11.tar.xz
Successfully extracted '/cluster/tufts/capstone25skyblue/eelkus01/NEXRADTurbulencePrediction/model_training/../model_inputs/compressed/2009_11.tar.xz' to './decompressed'
Finished decompressing! Time to add to dataloader
DEBUG: found file: F000000_2009_11_df_row.nc, is_file: True
DEBUG: opening F000000_2009_11_df_row.nc
DEBUG: opened, attrs: ['LAT', 'LON', 'ALT', 'DELTA_T', 'TURB']
DEBUG: attrs_arr: [ 2.63479515e+01 -8.02967527e+01  1.70000000e+04  5.20000000e+01
  6.00000000e+00]
DEBUG: features shape: (4,)
DEBUG: flattened_data shape: (2560,)
DEBUG: label: 6
DEBUG: appended successfully
DEBUG: found file: T000000_2009_11_df_row.nc, is_file: True
DEBUG: opening T000000_2009_11_df_row.nc
DEBUG: opened, attrs: ['LAT', 'LON', 'ALT', 'DELTA_T', 'TURB']
DEBUG: attrs_arr: [ 3.91121126e+01 -7.62365429e+01  2.60000000e+04  3.05000000e+02
  5.00000000e+00]
DEBUG: features shape: (4,)
DEBUG: flattened_data shape: (2560,)
DEBUG: label: 5
DEBUG: appended successfully
Decompressing dir: decompressed/2009_12.tar.xz
Successfully extracted '/cluster/tufts/capstone25skyblue/eelkus01/NEXRADTurbulencePrediction/model_training/../model_inputs/compressed/2009_12.tar.xz' to './decompressed'
Finished decompressing! Time to add to dataloader
DEBUG: found file: F000000_2009_12_df_row.nc, is_file: True
DEBUG: opening F000000_2009_12_df_row.nc
DEBUG: opened, attrs: ['LAT', 'LON', 'ALT', 'DELTA_T', 'TURB']
DEBUG: attrs_arr: [  40.85  -77.85 4000.    214.      6.  ]
DEBUG: features shape: (4,)
DEBUG: flattened_data shape: (2560,)
DEBUG: label: 6
DEBUG: appended successfully
DEBUG: found file: T000000_2009_12_df_row.nc, is_file: True
DEBUG: opening T000000_2009_12_df_row.nc
DEBUG: opened, attrs: ['LAT', 'LON', 'ALT', 'DELTA_T', 'TURB']
DEBUG: attrs_arr: [ 3.056e+01 -8.437e+01  8.000e+03  2.080e+02  7.000e+00]
DEBUG: features shape: (4,)
DEBUG: flattened_data shape: (2560,)
DEBUG: label: 7
DEBUG: appended successfully
Decompressing dir: decompressed/2010_01.tar.xz
Successfully extracted '/cluster/tufts/capstone25skyblue/eelkus01/NEXRADTurbulencePrediction/model_training/../model_inputs/compressed/2010_01.tar.xz' to './decompressed'
Finished decompressing! Time to add to dataloader
DEBUG: found file: F000000_2010_1_df_row.nc, is_file: True
DEBUG: opening F000000_2010_1_df_row.nc
DEBUG: opened, attrs: ['LAT', 'LON', 'ALT', 'DELTA_T', 'TURB']
DEBUG: attrs_arr: [ 3.80267438e+01 -7.74953648e+01  1.00000000e+04  1.17000000e+02
  6.00000000e+00]
DEBUG: features shape: (4,)
DEBUG: flattened_data shape: (2560,)
DEBUG: label: 6
DEBUG: appended successfully
DEBUG: found file: T000000_2010_1_df_row.nc, is_file: True
DEBUG: opening T000000_2010_1_df_row.nc
DEBUG: opened, attrs: ['LAT', 'LON', 'ALT', 'DELTA_T', 'TURB']
DEBUG: attrs_arr: [ 2.84128804e+01 -9.36990203e+01  3.80000000e+04  2.71000000e+02
  6.00000000e+00]
DEBUG: features shape: (4,)
DEBUG: flattened_data shape: (2560,)
DEBUG: label: 6
DEBUG: appended successfully
Decompressing dir: decompressed/2010_02.tar.xz
Successfully extracted '/cluster/tufts/capstone25skyblue/eelkus01/NEXRADTurbulencePrediction/model_training/../model_inputs/compressed/2010_02.tar.xz' to './decompressed'
Finished decompressing! Time to add to dataloader
DEBUG: found file: F000000_2010_2_df_row.nc, is_file: True
DEBUG: opening F000000_2010_2_df_row.nc
DEBUG: opened, attrs: ['LAT', 'LON', 'ALT', 'DELTA_T', 'TURB']
DEBUG: attrs_arr: [  27.56036022  -81.44017328 4000.          283.            5.        ]
DEBUG: features shape: (4,)
DEBUG: flattened_data shape: (2560,)
DEBUG: label: 5
DEBUG: appended successfully
DEBUG: found file: T000000_2010_2_df_row.nc, is_file: True
DEBUG: opening T000000_2010_2_df_row.nc
DEBUG: opened, attrs: ['LAT', 'LON', 'ALT', 'DELTA_T', 'TURB']
DEBUG: attrs_arr: [  38.02629127  -76.8941111  3500.          442.            5.        ]
DEBUG: features shape: (4,)
DEBUG: flattened_data shape: (2560,)
DEBUG: label: 5
DEBUG: appended successfully
Decompressing dir: decompressed/2010_03.tar.xz
Successfully extracted '/cluster/tufts/capstone25skyblue/eelkus01/NEXRADTurbulencePrediction/model_training/../model_inputs/compressed/2010_03.tar.xz' to './decompressed'
Finished decompressing! Time to add to dataloader
DEBUG: found file: F000000_2010_3_df_row.nc, is_file: True
DEBUG: opening F000000_2010_3_df_row.nc
DEBUG: opened, attrs: ['LAT', 'LON', 'ALT', 'DELTA_T', 'TURB']
DEBUG: attrs_arr: [ 3.801e+01 -7.815e+01  2.400e+04  2.240e+02  6.000e+00]
DEBUG: features shape: (4,)
DEBUG: flattened_data shape: (2560,)
DEBUG: label: 6
DEBUG: appended successfully
DEBUG: found file: T000000_2010_3_df_row.nc, is_file: True
DEBUG: opening T000000_2010_3_df_row.nc
DEBUG: opened, attrs: ['LAT', 'LON', 'ALT', 'DELTA_T', 'TURB']
DEBUG: attrs_arr: [ 3.46078254e+01 -1.18630672e+02  1.60000000e+04  1.52000000e+02
  5.00000000e+00]
DEBUG: features shape: (4,)
DEBUG: flattened_data shape: (2560,)
DEBUG: label: 5
DEBUG: appended successfully
Decompressing dir: decompressed/2010_04.tar.xz
Successfully extracted '/cluster/tufts/capstone25skyblue/eelkus01/NEXRADTurbulencePrediction/model_training/../model_inputs/compressed/2010_04.tar.xz' to './decompressed'
Finished decompressing! Time to add to dataloader
DEBUG: found file: T000000_2010_4_df_row.nc, is_file: True
DEBUG: opening T000000_2010_4_df_row.nc
DEBUG: opened, attrs: ['LAT', 'LON', 'ALT', 'DELTA_T', 'TURB']
DEBUG: attrs_arr: [ 3.25472980e+01 -9.63174714e+01  1.00000000e+04  2.01000000e+02
  6.00000000e+00]
DEBUG: features shape: (4,)
DEBUG: flattened_data shape: (2560,)
DEBUG: label: 6
DEBUG: appended successfully
Decompressing dir: decompressed/2010_05.tar.xz
Successfully extracted '/cluster/tufts/capstone25skyblue/eelkus01/NEXRADTurbulencePrediction/model_training/../model_inputs/compressed/2010_05.tar.xz' to './decompressed'
Finished decompressing! Time to add to dataloader
DEBUG: found file: F000000_2010_5_df_row.nc, is_file: True
DEBUG: opening F000000_2010_5_df_row.nc
DEBUG: opened, attrs: ['LAT', 'LON', 'ALT', 'DELTA_T', 'TURB']
DEBUG: attrs_arr: [ 3.81050101e+01 -8.10846979e+01  3.50000000e+04  1.65000000e+02
  6.00000000e+00]
DEBUG: features shape: (4,)
DEBUG: flattened_data shape: (2560,)
DEBUG: label: 6
DEBUG: appended successfully
DEBUG: found file: T000000_2010_5_df_row.nc, is_file: True
DEBUG: opening T000000_2010_5_df_row.nc
DEBUG: opened, attrs: ['LAT', 'LON', 'ALT', 'DELTA_T', 'TURB']
DEBUG: attrs_arr: [ 4.18309462e+01 -8.80233352e+01  1.20000000e+04  1.10000000e+01
  6.00000000e+00]
DEBUG: features shape: (4,)
DEBUG: flattened_data shape: (2560,)
DEBUG: label: 6
DEBUG: appended successfully
Decompressing dir: decompressed/2010_06.tar.xz
Successfully extracted '/cluster/tufts/capstone25skyblue/eelkus01/NEXRADTurbulencePrediction/model_training/../model_inputs/compressed/2010_06.tar.xz' to './decompressed'
Finished decompressing! Time to add to dataloader
DEBUG: found file: F000000_2010_6_df_row.nc, is_file: True
DEBUG: opening F000000_2010_6_df_row.nc
DEBUG: opened, attrs: ['LAT', 'LON', 'ALT', 'DELTA_T', 'TURB']
DEBUG: attrs_arr: [ 4.46461052e+01 -9.46007824e+01  1.70000000e+04  8.90000000e+01
  8.00000000e+00]
DEBUG: features shape: (4,)
DEBUG: flattened_data shape: (2560,)
DEBUG: label: 8
DEBUG: appended successfully
DEBUG: found file: T000000_2010_6_df_row.nc, is_file: True
DEBUG: opening T000000_2010_6_df_row.nc
DEBUG: opened, attrs: ['LAT', 'LON', 'ALT', 'DELTA_T', 'TURB']
DEBUG: attrs_arr: [  43.56667 -116.24056 7000.       126.         7.     ]
DEBUG: features shape: (4,)
DEBUG: flattened_data shape: (2560,)
DEBUG: label: 7
DEBUG: appended successfully
Decompressing dir: decompressed/2010_07.tar.xz
Successfully extracted '/cluster/tufts/capstone25skyblue/eelkus01/NEXRADTurbulencePrediction/model_training/../model_inputs/compressed/2010_07.tar.xz' to './decompressed'
Finished decompressing! Time to add to dataloader
DEBUG: found file: F000000_2010_7_df_row.nc, is_file: True
DEBUG: opening F000000_2010_7_df_row.nc
DEBUG: opened, attrs: ['LAT', 'LON', 'ALT', 'DELTA_T', 'TURB']
DEBUG: attrs_arr: [ 2.94749899e+01 -8.32990226e+01  9.00000000e+03  1.34000000e+02
  7.00000000e+00]
DEBUG: features shape: (4,)
DEBUG: flattened_data shape: (2560,)
DEBUG: label: 7
DEBUG: appended successfully
DEBUG: found file: T000000_2010_7_df_row.nc, is_file: True
DEBUG: opening T000000_2010_7_df_row.nc
DEBUG: opened, attrs: ['LAT', 'LON', 'ALT', 'DELTA_T', 'TURB']
DEBUG: attrs_arr: [ 4.74646592e+01 -1.20189896e+02  2.10000000e+04  9.80000000e+01
  6.00000000e+00]
DEBUG: features shape: (4,)
DEBUG: flattened_data shape: (2560,)
DEBUG: label: 6
DEBUG: appended successfully
Decompressing dir: decompressed/2010_08.tar.xz
Successfully extracted '/cluster/tufts/capstone25skyblue/eelkus01/NEXRADTurbulencePrediction/model_training/../model_inputs/compressed/2010_08.tar.xz' to './decompressed'
Finished decompressing! Time to add to dataloader
DEBUG: found file: F000000_2010_8_df_row.nc, is_file: True
DEBUG: opening F000000_2010_8_df_row.nc
DEBUG: opened, attrs: ['LAT', 'LON', 'ALT', 'DELTA_T', 'TURB']
DEBUG: attrs_arr: [ 4.32766923e+01 -9.80989667e+01  1.20000000e+04  1.96000000e+02
  6.00000000e+00]
DEBUG: features shape: (4,)
DEBUG: flattened_data shape: (2560,)
DEBUG: label: 6
DEBUG: appended successfully
DEBUG: found file: T000000_2010_8_df_row.nc, is_file: True
DEBUG: opening T000000_2010_8_df_row.nc
DEBUG: opened, attrs: ['LAT', 'LON', 'ALT', 'DELTA_T', 'TURB']
DEBUG: attrs_arr: [ 4.498e+01 -9.714e+01  2.000e+04  3.500e+01  7.000e+00]
DEBUG: features shape: (4,)
DEBUG: flattened_data shape: (2560,)
DEBUG: label: 7
DEBUG: appended successfully
Decompressing dir: decompressed/2010_09.tar.xz
Successfully extracted '/cluster/tufts/capstone25skyblue/eelkus01/NEXRADTurbulencePrediction/model_training/../model_inputs/compressed/2010_09.tar.xz' to './decompressed'
Finished decompressing! Time to add to dataloader
DEBUG: found file: T000000_2010_9_df_row.nc, is_file: True
DEBUG: opening T000000_2010_9_df_row.nc
DEBUG: opened, attrs: ['LAT', 'LON', 'ALT', 'DELTA_T', 'TURB']
DEBUG: attrs_arr: [  36.00683112  -76.3080777  5000.           46.            5.        ]
DEBUG: features shape: (4,)
DEBUG: flattened_data shape: (2560,)
DEBUG: label: 5
DEBUG: appended successfully
Decompressing dir: decompressed/2010_10.tar.xz
Successfully extracted '/cluster/tufts/capstone25skyblue/eelkus01/NEXRADTurbulencePrediction/model_training/../model_inputs/compressed/2010_10.tar.xz' to './decompressed'
Finished decompressing! Time to add to dataloader
DEBUG: found file: F000000_2010_10_df_row.nc, is_file: True
DEBUG: opening F000000_2010_10_df_row.nc
DEBUG: opened, attrs: ['LAT', 'LON', 'ALT', 'DELTA_T', 'TURB']
DEBUG: attrs_arr: [ 4.01278254e+01 -7.45545565e+01  1.00000000e+04  2.51000000e+02
  6.00000000e+00]
DEBUG: features shape: (4,)
DEBUG: flattened_data shape: (2560,)
DEBUG: label: 6
DEBUG: appended successfully
DEBUG: found file: T000000_2010_10_df_row.nc, is_file: True
DEBUG: opening T000000_2010_10_df_row.nc
DEBUG: opened, attrs: ['LAT', 'LON', 'ALT', 'DELTA_T', 'TURB']
DEBUG: attrs_arr: [ 3.03242786e+01 -8.40962547e+01  4.10000000e+04  4.30000000e+01
  6.00000000e+00]
DEBUG: features shape: (4,)
DEBUG: flattened_data shape: (2560,)
DEBUG: label: 6
DEBUG: appended successfully
Decompressing dir: decompressed/2010_11.tar.xz
Successfully extracted '/cluster/tufts/capstone25skyblue/eelkus01/NEXRADTurbulencePrediction/model_training/../model_inputs/compressed/2010_11.tar.xz' to './decompressed'
Finished decompressing! Time to add to dataloader
DEBUG: found file: F000000_2010_11_df_row.nc, is_file: True
DEBUG: opening F000000_2010_11_df_row.nc
DEBUG: opened, attrs: ['LAT', 'LON', 'ALT', 'DELTA_T', 'TURB']
DEBUG: attrs_arr: [ 3.65299595e+01 -8.41100000e+01  2.20000000e+04  1.47000000e+02
  5.00000000e+00]
DEBUG: features shape: (4,)
DEBUG: flattened_data shape: (2560,)
DEBUG: label: 5
DEBUG: appended successfully
DEBUG: found file: T000000_2010_11_df_row.nc, is_file: True
DEBUG: opening T000000_2010_11_df_row.nc
DEBUG: opened, attrs: ['LAT', 'LON', 'ALT', 'DELTA_T', 'TURB']
DEBUG: attrs_arr: [ 3.50253688e+01 -8.92391437e+01  1.90000000e+04  2.04000000e+02
  6.00000000e+00]
DEBUG: features shape: (4,)
DEBUG: flattened_data shape: (2560,)
DEBUG: label: 6
DEBUG: appended successfully
Decompressing dir: decompressed/2010_12.tar.xz
Successfully extracted '/cluster/tufts/capstone25skyblue/eelkus01/NEXRADTurbulencePrediction/model_training/../model_inputs/compressed/2010_12.tar.xz' to './decompressed'
Finished decompressing! Time to add to dataloader
DEBUG: found file: T000000_2010_12_df_row.nc, is_file: True
DEBUG: opening T000000_2010_12_df_row.nc
DEBUG: opened, attrs: ['LAT', 'LON', 'ALT', 'DELTA_T', 'TURB']
DEBUG: attrs_arr: [ 3.45683502e+01 -1.19317153e+02  7.50000000e+03  6.47000000e+02
  5.00000000e+00]
DEBUG: features shape: (4,)
DEBUG: flattened_data shape: (2560,)
DEBUG: label: 5
DEBUG: appended successfully
Decompressing dir: decompressed/2011_01.tar.xz
Successfully extracted '/cluster/tufts/capstone25skyblue/eelkus01/NEXRADTurbulencePrediction/model_training/../model_inputs/compressed/2011_01.tar.xz' to './decompressed'
Finished decompressing! Time to add to dataloader
DEBUG: found file: T000000_2011_1_df_row.nc, is_file: True
DEBUG: opening T000000_2011_1_df_row.nc
DEBUG: opened, attrs: ['LAT', 'LON', 'ALT', 'DELTA_T', 'TURB']
DEBUG: attrs_arr: [ 2.99844000e+01 -9.59380063e+01  1.10000000e+04  8.30000000e+01
  6.00000000e+00]
DEBUG: features shape: (4,)
DEBUG: flattened_data shape: (2560,)
DEBUG: label: 6
DEBUG: appended successfully
Decompressing dir: decompressed/2011_02.tar.xz
Successfully extracted '/cluster/tufts/capstone25skyblue/eelkus01/NEXRADTurbulencePrediction/model_training/../model_inputs/compressed/2011_02.tar.xz' to './decompressed'
Finished decompressing! Time to add to dataloader
DEBUG: found file: F000000_2011_2_df_row.nc, is_file: True
DEBUG: opening F000000_2011_2_df_row.nc
DEBUG: opened, attrs: ['LAT', 'LON', 'ALT', 'DELTA_T', 'TURB']
DEBUG: attrs_arr: [  48.15701025 -122.28157    3000.           32.            6.        ]
DEBUG: features shape: (4,)
DEBUG: flattened_data shape: (2560,)
DEBUG: label: 6
DEBUG: appended successfully
DEBUG: found file: T000000_2011_2_df_row.nc, is_file: True
DEBUG: opening T000000_2011_2_df_row.nc
DEBUG: opened, attrs: ['LAT', 'LON', 'ALT', 'DELTA_T', 'TURB']
DEBUG: attrs_arr: [  35.8922  -78.7819 2000.      261.        6.    ]
DEBUG: features shape: (4,)
DEBUG: flattened_data shape: (2560,)
DEBUG: label: 6
DEBUG: appended successfully
Decompressing dir: decompressed/2011_03.tar.xz
Successfully extracted '/cluster/tufts/capstone25skyblue/eelkus01/NEXRADTurbulencePrediction/model_training/../model_inputs/compressed/2011_03.tar.xz' to './decompressed'
Finished decompressing! Time to add to dataloader
DEBUG: found file: F000000_2011_3_df_row.nc, is_file: True
DEBUG: opening F000000_2011_3_df_row.nc
DEBUG: opened, attrs: ['LAT', 'LON', 'ALT', 'DELTA_T', 'TURB']
DEBUG: attrs_arr: [ 4.029e+01 -8.404e+01  2.400e+04  2.400e+02  7.000e+00]
DEBUG: features shape: (4,)
DEBUG: flattened_data shape: (2560,)
DEBUG: label: 7
DEBUG: appended successfully
DEBUG: found file: T000000_2011_3_df_row.nc, is_file: True
DEBUG: opening T000000_2011_3_df_row.nc
DEBUG: opened, attrs: ['LAT', 'LON', 'ALT', 'DELTA_T', 'TURB']
DEBUG: attrs_arr: [ 2.81986985e+01 -8.24913803e+01  1.50000000e+04  2.03000000e+02
  5.00000000e+00]
DEBUG: features shape: (4,)
DEBUG: flattened_data shape: (2560,)
DEBUG: label: 5
DEBUG: appended successfully
Decompressing dir: decompressed/2011_04.tar.xz
Successfully extracted '/cluster/tufts/capstone25skyblue/eelkus01/NEXRADTurbulencePrediction/model_training/../model_inputs/compressed/2011_04.tar.xz' to './decompressed'
Finished decompressing! Time to add to dataloader
DEBUG: found file: F000000_2011_4_df_row.nc, is_file: True
DEBUG: opening F000000_2011_4_df_row.nc
DEBUG: opened, attrs: ['LAT', 'LON', 'ALT', 'DELTA_T', 'TURB']
DEBUG: attrs_arr: [ 3.92932207e+01 -7.65162941e+01  7.00000000e+03  6.90000000e+01
  5.00000000e+00]
DEBUG: features shape: (4,)
DEBUG: flattened_data shape: (2560,)
DEBUG: label: 5
DEBUG: appended successfully
DEBUG: found file: T000000_2011_4_df_row.nc, is_file: True
DEBUG: opening T000000_2011_4_df_row.nc
DEBUG: opened, attrs: ['LAT', 'LON', 'ALT', 'DELTA_T', 'TURB']
DEBUG: attrs_arr: [ 3.20083910e+01 -9.39483131e+01  6.00000000e+03  2.04000000e+02
  5.00000000e+00]
DEBUG: features shape: (4,)
DEBUG: flattened_data shape: (2560,)
DEBUG: label: 5
DEBUG: appended successfully
Decompressing dir: decompressed/2011_05.tar.xz
Successfully extracted '/cluster/tufts/capstone25skyblue/eelkus01/NEXRADTurbulencePrediction/model_training/../model_inputs/compressed/2011_05.tar.xz' to './decompressed'
Finished decompressing! Time to add to dataloader
DEBUG: found file: F000000_2011_5_df_row.nc, is_file: True
DEBUG: opening F000000_2011_5_df_row.nc
DEBUG: opened, attrs: ['LAT', 'LON', 'ALT', 'DELTA_T', 'TURB']
DEBUG: attrs_arr: [ 4.59100527e+01 -7.23632737e+01  2.10000000e+04  1.08000000e+02
  5.00000000e+00]
DEBUG: features shape: (4,)
DEBUG: flattened_data shape: (2560,)
DEBUG: label: 5
DEBUG: appended successfully
DEBUG: found file: T000000_2011_5_df_row.nc, is_file: True
DEBUG: opening T000000_2011_5_df_row.nc
DEBUG: opened, attrs: ['LAT', 'LON', 'ALT', 'DELTA_T', 'TURB']
DEBUG: attrs_arr: [  41.613329  -90.594829 2500.         97.          5.      ]
DEBUG: features shape: (4,)
DEBUG: flattened_data shape: (2560,)
DEBUG: label: 5
DEBUG: appended successfully
Decompressing dir: decompressed/2011_06.tar.xz
Successfully extracted '/cluster/tufts/capstone25skyblue/eelkus01/NEXRADTurbulencePrediction/model_training/../model_inputs/compressed/2011_06.tar.xz' to './decompressed'
Finished decompressing! Time to add to dataloader
DEBUG: found file: T000000_2011_6_df_row.nc, is_file: True
DEBUG: opening T000000_2011_6_df_row.nc
DEBUG: opened, attrs: ['LAT', 'LON', 'ALT', 'DELTA_T', 'TURB']
DEBUG: attrs_arr: [ 2.74217907e+01 -8.22694587e+01  9.00000000e+03  7.40000000e+01
  5.00000000e+00]
DEBUG: features shape: (4,)
DEBUG: flattened_data shape: (2560,)
DEBUG: label: 5
DEBUG: appended successfully
Decompressing dir: decompressed/2011_07.tar.xz
Successfully extracted '/cluster/tufts/capstone25skyblue/eelkus01/NEXRADTurbulencePrediction/model_training/../model_inputs/compressed/2011_07.tar.xz' to './decompressed'
Finished decompressing! Time to add to dataloader
DEBUG: found file: F000000_2011_7_df_row.nc, is_file: True
DEBUG: opening F000000_2011_7_df_row.nc
DEBUG: opened, attrs: ['LAT', 'LON', 'ALT', 'DELTA_T', 'TURB']
DEBUG: attrs_arr: [ 3.386e+01 -8.105e+01  4.300e+04  1.570e+02  6.000e+00]
DEBUG: features shape: (4,)
DEBUG: flattened_data shape: (2560,)
DEBUG: label: 6
DEBUG: appended successfully
DEBUG: found file: T000000_2011_7_df_row.nc, is_file: True
DEBUG: opening T000000_2011_7_df_row.nc
DEBUG: opened, attrs: ['LAT', 'LON', 'ALT', 'DELTA_T', 'TURB']
DEBUG: attrs_arr: [ 3.18024686e+01 -8.14420270e+01  4.30000000e+04  1.32000000e+02
  6.00000000e+00]
DEBUG: features shape: (4,)
DEBUG: flattened_data shape: (2560,)
DEBUG: label: 6
DEBUG: appended successfully
Decompressing dir: decompressed/2011_08.tar.xz
Successfully extracted '/cluster/tufts/capstone25skyblue/eelkus01/NEXRADTurbulencePrediction/model_training/../model_inputs/compressed/2011_08.tar.xz' to './decompressed'
Finished decompressing! Time to add to dataloader
DEBUG: found file: F000000_2011_8_df_row.nc, is_file: True
DEBUG: opening F000000_2011_8_df_row.nc
DEBUG: opened, attrs: ['LAT', 'LON', 'ALT', 'DELTA_T', 'TURB']
DEBUG: attrs_arr: [ 4.362167e+01 -8.473722e+01  3.500000e+04  2.170000e+02  5.000000e+00]
DEBUG: features shape: (4,)
DEBUG: flattened_data shape: (2560,)
DEBUG: label: 5
DEBUG: appended successfully
DEBUG: found file: T000000_2011_8_df_row.nc, is_file: True
DEBUG: opening T000000_2011_8_df_row.nc
DEBUG: opened, attrs: ['LAT', 'LON', 'ALT', 'DELTA_T', 'TURB']
DEBUG: attrs_arr: [ 3.96677951e+01 -1.04872373e+02  9.00000000e+03  1.25000000e+02
  5.00000000e+00]
DEBUG: features shape: (4,)
DEBUG: flattened_data shape: (2560,)
DEBUG: label: 5
DEBUG: appended successfully
Decompressing dir: decompressed/2011_09.tar.xz
Successfully extracted '/cluster/tufts/capstone25skyblue/eelkus01/NEXRADTurbulencePrediction/model_training/../model_inputs/compressed/2011_09.tar.xz' to './decompressed'
Finished decompressing! Time to add to dataloader
DEBUG: found file: F000000_2011_9_df_row.nc, is_file: True
DEBUG: opening F000000_2011_9_df_row.nc
DEBUG: opened, attrs: ['LAT', 'LON', 'ALT', 'DELTA_T', 'TURB']
DEBUG: attrs_arr: [ 4.5679500e+01 -7.3680819e+01  9.0000000e+03  9.1000000e+01
  6.0000000e+00]
DEBUG: features shape: (4,)
DEBUG: flattened_data shape: (2560,)
DEBUG: label: 6
DEBUG: appended successfully
DEBUG: found file: T000000_2011_9_df_row.nc, is_file: True
DEBUG: opening T000000_2011_9_df_row.nc
DEBUG: opened, attrs: ['LAT', 'LON', 'ALT', 'DELTA_T', 'TURB']
DEBUG: attrs_arr: [ 3.49318995e+01 -8.25375000e+01  8.00000000e+03  5.47000000e+02
  5.00000000e+00]
DEBUG: features shape: (4,)
DEBUG: flattened_data shape: (2560,)
DEBUG: label: 5
DEBUG: appended successfully
Decompressing dir: decompressed/2011_10.tar.xz
Successfully extracted '/cluster/tufts/capstone25skyblue/eelkus01/NEXRADTurbulencePrediction/model_training/../model_inputs/compressed/2011_10.tar.xz' to './decompressed'
Finished decompressing! Time to add to dataloader
DEBUG: found file: F000000_2011_10_df_row.nc, is_file: True
DEBUG: opening F000000_2011_10_df_row.nc
DEBUG: opened, attrs: ['LAT', 'LON', 'ALT', 'DELTA_T', 'TURB']
DEBUG: attrs_arr: [ 3.72958e+01 -8.12077e+01  1.00000e+04  8.90000e+01  5.00000e+00]
DEBUG: features shape: (4,)
DEBUG: flattened_data shape: (2560,)
DEBUG: label: 5
DEBUG: appended successfully
DEBUG: found file: T000000_2011_10_df_row.nc, is_file: True
DEBUG: opening T000000_2011_10_df_row.nc
DEBUG: opened, attrs: ['LAT', 'LON', 'ALT', 'DELTA_T', 'TURB']
DEBUG: attrs_arr: [ 3.52065239e+01 -7.87274095e+01  1.90000000e+04  2.07000000e+02
  6.00000000e+00]
DEBUG: features shape: (4,)
DEBUG: flattened_data shape: (2560,)
DEBUG: label: 6
DEBUG: appended successfully
Decompressing dir: decompressed/2011_11.tar.xz
Successfully extracted '/cluster/tufts/capstone25skyblue/eelkus01/NEXRADTurbulencePrediction/model_training/../model_inputs/compressed/2011_11.tar.xz' to './decompressed'
Finished decompressing! Time to add to dataloader
DEBUG: found file: F000000_2011_11_df_row.nc, is_file: True
DEBUG: opening F000000_2011_11_df_row.nc
DEBUG: opened, attrs: ['LAT', 'LON', 'ALT', 'DELTA_T', 'TURB']
DEBUG: attrs_arr: [ 4.23686985e+01 -7.99554272e+01  1.90000000e+04  1.84000000e+02
  5.00000000e+00]
DEBUG: features shape: (4,)
DEBUG: flattened_data shape: (2560,)
DEBUG: label: 5
DEBUG: appended successfully
DEBUG: found file: T000000_2011_11_df_row.nc, is_file: True
DEBUG: opening T000000_2011_11_df_row.nc
DEBUG: opened, attrs: ['LAT', 'LON', 'ALT', 'DELTA_T', 'TURB']
DEBUG: attrs_arr: [ 4.07832090e+01 -7.20158916e+01  2.20000000e+04  1.55000000e+02
  7.00000000e+00]
DEBUG: features shape: (4,)
DEBUG: flattened_data shape: (2560,)
DEBUG: label: 7
DEBUG: appended successfully
Decompressing dir: decompressed/2011_12.tar.xz
Successfully extracted '/cluster/tufts/capstone25skyblue/eelkus01/NEXRADTurbulencePrediction/model_training/../model_inputs/compressed/2011_12.tar.xz' to './decompressed'
Finished decompressing! Time to add to dataloader
DEBUG: found file: F000000_2011_12_df_row.nc, is_file: True
DEBUG: opening F000000_2011_12_df_row.nc
DEBUG: opened, attrs: ['LAT', 'LON', 'ALT', 'DELTA_T', 'TURB']
DEBUG: attrs_arr: [ 4.02378607e+01 -7.61358726e+01  2.20000000e+04  1.27000000e+02
  7.00000000e+00]
DEBUG: features shape: (4,)
DEBUG: flattened_data shape: (2560,)
DEBUG: label: 7
DEBUG: appended successfully
DEBUG: found file: T000000_2011_12_df_row.nc, is_file: True
DEBUG: opening T000000_2011_12_df_row.nc
DEBUG: opened, attrs: ['LAT', 'LON', 'ALT', 'DELTA_T', 'TURB']
DEBUG: attrs_arr: [ 3.96661198e+01 -1.05033450e+02  1.10000000e+04  1.03000000e+02
  6.00000000e+00]
DEBUG: features shape: (4,)
DEBUG: flattened_data shape: (2560,)
DEBUG: label: 6
DEBUG: appended successfully
Decompressing dir: decompressed/2012_01.tar.xz
Successfully extracted '/cluster/tufts/capstone25skyblue/eelkus01/NEXRADTurbulencePrediction/model_training/../model_inputs/compressed/2012_01.tar.xz' to './decompressed'
Finished decompressing! Time to add to dataloader
DEBUG: found file: F000000_2012_1_df_row.nc, is_file: True
DEBUG: opening F000000_2012_1_df_row.nc
DEBUG: opened, attrs: ['LAT', 'LON', 'ALT', 'DELTA_T', 'TURB']
DEBUG: attrs_arr: [ 3.89e+01 -1.20e+02  1.40e+04  1.78e+02  5.00e+00]
DEBUG: features shape: (4,)
DEBUG: flattened_data shape: (2560,)
DEBUG: label: 5
DEBUG: appended successfully
DEBUG: found file: T000000_2012_1_df_row.nc, is_file: True
DEBUG: opening T000000_2012_1_df_row.nc
DEBUG: opened, attrs: ['LAT', 'LON', 'ALT', 'DELTA_T', 'TURB']
DEBUG: attrs_arr: [  41.42        -81.62772427 2500.          552.            5.        ]
DEBUG: features shape: (4,)
DEBUG: flattened_data shape: (2560,)
DEBUG: label: 5
DEBUG: appended successfully
Decompressing dir: decompressed/2012_02.tar.xz
Successfully extracted '/cluster/tufts/capstone25skyblue/eelkus01/NEXRADTurbulencePrediction/model_training/../model_inputs/compressed/2012_02.tar.xz' to './decompressed'
Finished decompressing! Time to add to dataloader
DEBUG: found file: T000000_2012_2_df_row.nc, is_file: True
DEBUG: opening T000000_2012_2_df_row.nc
DEBUG: opened, attrs: ['LAT', 'LON', 'ALT', 'DELTA_T', 'TURB']
DEBUG: attrs_arr: [ 3.869e+01 -9.097e+01  6.000e+03  5.700e+01  5.000e+00]
DEBUG: features shape: (4,)
DEBUG: flattened_data shape: (2560,)
DEBUG: label: 5
DEBUG: appended successfully
Decompressing dir: decompressed/2012_03.tar.xz
Successfully extracted '/cluster/tufts/capstone25skyblue/eelkus01/NEXRADTurbulencePrediction/model_training/../model_inputs/compressed/2012_03.tar.xz' to './decompressed'
Finished decompressing! Time to add to dataloader
DEBUG: found file: F000000_2012_3_df_row.nc, is_file: True
DEBUG: opening F000000_2012_3_df_row.nc
DEBUG: opened, attrs: ['LAT', 'LON', 'ALT', 'DELTA_T', 'TURB']
DEBUG: attrs_arr: [ 4.62500405e+01 -1.22590000e+02  1.50000000e+04  4.60000000e+01
  6.00000000e+00]
DEBUG: features shape: (4,)
DEBUG: flattened_data shape: (2560,)
DEBUG: label: 6
DEBUG: appended successfully
DEBUG: found file: T000000_2012_3_df_row.nc, is_file: True
DEBUG: opening T000000_2012_3_df_row.nc
DEBUG: opened, attrs: ['LAT', 'LON', 'ALT', 'DELTA_T', 'TURB']
DEBUG: attrs_arr: [ 2.8229211e+01 -8.2983106e+01  1.0000000e+04  4.7000000e+01
  5.0000000e+00]
DEBUG: features shape: (4,)
DEBUG: flattened_data shape: (2560,)
DEBUG: label: 5
DEBUG: appended successfully
Decompressing dir: decompressed/2012_04.tar.xz
Successfully extracted '/cluster/tufts/capstone25skyblue/eelkus01/NEXRADTurbulencePrediction/model_training/../model_inputs/compressed/2012_04.tar.xz' to './decompressed'
Finished decompressing! Time to add to dataloader
DEBUG: found file: T000000_2012_4_df_row.nc, is_file: True
DEBUG: opening T000000_2012_4_df_row.nc
DEBUG: opened, attrs: ['LAT', 'LON', 'ALT', 'DELTA_T', 'TURB']
DEBUG: attrs_arr: [ 3.68433198e+01 -8.88400000e+01  3.90000000e+04  1.22000000e+02
  6.00000000e+00]
DEBUG: features shape: (4,)
DEBUG: flattened_data shape: (2560,)
DEBUG: label: 6
DEBUG: appended successfully
Decompressing dir: decompressed/2012_05.tar.xz
Successfully extracted '/cluster/tufts/capstone25skyblue/eelkus01/NEXRADTurbulencePrediction/model_training/../model_inputs/compressed/2012_05.tar.xz' to './decompressed'
Finished decompressing! Time to add to dataloader
DEBUG: found file: F000000_2012_5_df_row.nc, is_file: True
DEBUG: opening F000000_2012_5_df_row.nc
DEBUG: opened, attrs: ['LAT', 'LON', 'ALT', 'DELTA_T', 'TURB']
DEBUG: attrs_arr: [ 3.86066397e+01 -1.04630000e+02  1.80000000e+04  1.30000000e+01
  5.00000000e+00]
DEBUG: features shape: (4,)
DEBUG: flattened_data shape: (2560,)
DEBUG: label: 5
DEBUG: appended successfully
DEBUG: found file: T000000_2012_5_df_row.nc, is_file: True
DEBUG: opening T000000_2012_5_df_row.nc
DEBUG: opened, attrs: ['LAT', 'LON', 'ALT', 'DELTA_T', 'TURB']
DEBUG: attrs_arr: [ 3.945e+01 -8.732e+01  1.300e+04  1.510e+02  5.000e+00]
DEBUG: features shape: (4,)
DEBUG: flattened_data shape: (2560,)
DEBUG: label: 5
DEBUG: appended successfully
Decompressing dir: decompressed/2012_06.tar.xz
Successfully extracted '/cluster/tufts/capstone25skyblue/eelkus01/NEXRADTurbulencePrediction/model_training/../model_inputs/compressed/2012_06.tar.xz' to './decompressed'
Finished decompressing! Time to add to dataloader
DEBUG: found file: F000000_2012_6_df_row.nc, is_file: True
DEBUG: opening F000000_2012_6_df_row.nc
DEBUG: opened, attrs: ['LAT', 'LON', 'ALT', 'DELTA_T', 'TURB']
DEBUG: attrs_arr: [ 4.4060e+01 -1.0166e+02  3.0000e+04  5.3000e+01  6.0000e+00]
DEBUG: features shape: (4,)
DEBUG: flattened_data shape: (2560,)
DEBUG: label: 6
DEBUG: appended successfully
DEBUG: found file: T000000_2012_6_df_row.nc, is_file: True
DEBUG: opening T000000_2012_6_df_row.nc
DEBUG: opened, attrs: ['LAT', 'LON', 'ALT', 'DELTA_T', 'TURB']
DEBUG: attrs_arr: [ 2.7290081e+01 -9.7790000e+01  1.6000000e+04  1.5700000e+02
  6.0000000e+00]
DEBUG: features shape: (4,)
DEBUG: flattened_data shape: (2560,)
DEBUG: label: 6
DEBUG: appended successfully
Decompressing dir: decompressed/2012_07.tar.xz
Successfully extracted '/cluster/tufts/capstone25skyblue/eelkus01/NEXRADTurbulencePrediction/model_training/../model_inputs/compressed/2012_07.tar.xz' to './decompressed'
Finished decompressing! Time to add to dataloader
DEBUG: found file: F000000_2012_7_df_row.nc, is_file: True
DEBUG: opening F000000_2012_7_df_row.nc
DEBUG: opened, attrs: ['LAT', 'LON', 'ALT', 'DELTA_T', 'TURB']
DEBUG: attrs_arr: [ 3.060e+01 -9.642e+01  2.300e+04  1.840e+02  6.000e+00]
DEBUG: features shape: (4,)
DEBUG: flattened_data shape: (2560,)
DEBUG: label: 6
DEBUG: appended successfully
DEBUG: found file: T000000_2012_7_df_row.nc, is_file: True
DEBUG: opening T000000_2012_7_df_row.nc
DEBUG: opened, attrs: ['LAT', 'LON', 'ALT', 'DELTA_T', 'TURB']
DEBUG: attrs_arr: [ 2.84100405e+01 -8.26874200e+01  2.60000000e+04  2.55000000e+02
  5.00000000e+00]
DEBUG: features shape: (4,)
DEBUG: flattened_data shape: (2560,)
DEBUG: label: 5
DEBUG: appended successfully
Decompressing dir: decompressed/2012_08.tar.xz
Successfully extracted '/cluster/tufts/capstone25skyblue/eelkus01/NEXRADTurbulencePrediction/model_training/../model_inputs/compressed/2012_08.tar.xz' to './decompressed'
Finished decompressing! Time to add to dataloader
DEBUG: found file: F000000_2012_8_df_row.nc, is_file: True
DEBUG: opening F000000_2012_8_df_row.nc
DEBUG: opened, attrs: ['LAT', 'LON', 'ALT', 'DELTA_T', 'TURB']
DEBUG: attrs_arr: [ 3.83733401e+01 -7.64000000e+01  1.20000000e+04  1.20000000e+02
  5.00000000e+00]
DEBUG: features shape: (4,)
DEBUG: flattened_data shape: (2560,)
DEBUG: label: 5
DEBUG: appended successfully
DEBUG: found file: T000000_2012_8_df_row.nc, is_file: True
DEBUG: opening T000000_2012_8_df_row.nc
DEBUG: opened, attrs: ['LAT', 'LON', 'ALT', 'DELTA_T', 'TURB']
DEBUG: attrs_arr: [ 4.58100000e+01 -1.08978689e+02  6.50000000e+03  2.61000000e+02
  5.00000000e+00]
DEBUG: features shape: (4,)
DEBUG: flattened_data shape: (2560,)
DEBUG: label: 5
DEBUG: appended successfully
Decompressing dir: decompressed/2012_09.tar.xz
Successfully extracted '/cluster/tufts/capstone25skyblue/eelkus01/NEXRADTurbulencePrediction/model_training/../model_inputs/compressed/2012_09.tar.xz' to './decompressed'
Finished decompressing! Time to add to dataloader
DEBUG: found file: F000000_2012_9_df_row.nc, is_file: True
DEBUG: opening F000000_2012_9_df_row.nc
DEBUG: opened, attrs: ['LAT', 'LON', 'ALT', 'DELTA_T', 'TURB']
DEBUG: attrs_arr: [ 3.73285010e+01 -8.39958814e+01  3.50000000e+04  1.93000000e+02
  5.00000000e+00]
DEBUG: features shape: (4,)
DEBUG: flattened_data shape: (2560,)
DEBUG: label: 5
DEBUG: appended successfully
DEBUG: found file: T000000_2012_9_df_row.nc, is_file: True
DEBUG: opening T000000_2012_9_df_row.nc
DEBUG: opened, attrs: ['LAT', 'LON', 'ALT', 'DELTA_T', 'TURB']
DEBUG: attrs_arr: [ 3.675e+01 -9.716e+01  1.500e+04  9.800e+01  7.000e+00]
DEBUG: features shape: (4,)
DEBUG: flattened_data shape: (2560,)
DEBUG: label: 7
DEBUG: appended successfully
Decompressing dir: decompressed/2012_10.tar.xz
Successfully extracted '/cluster/tufts/capstone25skyblue/eelkus01/NEXRADTurbulencePrediction/model_training/../model_inputs/compressed/2012_10.tar.xz' to './decompressed'
Finished decompressing! Time to add to dataloader
DEBUG: found file: F000000_2012_10_df_row.nc, is_file: True
DEBUG: opening F000000_2012_10_df_row.nc
DEBUG: opened, attrs: ['LAT', 'LON', 'ALT', 'DELTA_T', 'TURB']
DEBUG: attrs_arr: [ 3.89400000e+01 -1.05272887e+02  2.20000000e+04  4.60000000e+01
  5.00000000e+00]
DEBUG: features shape: (4,)
DEBUG: flattened_data shape: (2560,)
DEBUG: label: 5
DEBUG: appended successfully
DEBUG: found file: T000000_2012_10_df_row.nc, is_file: True
DEBUG: opening T000000_2012_10_df_row.nc
DEBUG: opened, attrs: ['LAT', 'LON', 'ALT', 'DELTA_T', 'TURB']
DEBUG: attrs_arr: [ 4.19480576e+01 -7.15679945e+01  1.25000000e+04  1.23000000e+02
  6.00000000e+00]
DEBUG: features shape: (4,)
DEBUG: flattened_data shape: (2560,)
DEBUG: label: 6
DEBUG: appended successfully
Decompressing dir: decompressed/2012_11.tar.xz
Successfully extracted '/cluster/tufts/capstone25skyblue/eelkus01/NEXRADTurbulencePrediction/model_training/../model_inputs/compressed/2012_11.tar.xz' to './decompressed'
Finished decompressing! Time to add to dataloader
DEBUG: found file: F000000_2012_11_df_row.nc, is_file: True
DEBUG: opening F000000_2012_11_df_row.nc
DEBUG: opened, attrs: ['LAT', 'LON', 'ALT', 'DELTA_T', 'TURB']
DEBUG: attrs_arr: [ 4.66138406e+01 -1.21741502e+02  1.40000000e+04  2.11000000e+02
  6.00000000e+00]
DEBUG: features shape: (4,)
DEBUG: flattened_data shape: (2560,)
DEBUG: label: 6
DEBUG: appended successfully
DEBUG: found file: T000000_2012_11_df_row.nc, is_file: True
DEBUG: opening T000000_2012_11_df_row.nc
DEBUG: opened, attrs: ['LAT', 'LON', 'ALT', 'DELTA_T', 'TURB']
DEBUG: attrs_arr: [ 4.12200000e+01 -1.12033522e+02  6.50000000e+03  6.90000000e+01
  5.00000000e+00]
DEBUG: features shape: (4,)
DEBUG: flattened_data shape: (2560,)
DEBUG: label: 5
DEBUG: appended successfully
Decompressing dir: decompressed/2012_12.tar.xz
Successfully extracted '/cluster/tufts/capstone25skyblue/eelkus01/NEXRADTurbulencePrediction/model_training/../model_inputs/compressed/2012_12.tar.xz' to './decompressed'
Finished decompressing! Time to add to dataloader
DEBUG: found file: F000000_2012_12_df_row.nc, is_file: True
DEBUG: opening F000000_2012_12_df_row.nc
DEBUG: opened, attrs: ['LAT', 'LON', 'ALT', 'DELTA_T', 'TURB']
DEBUG: attrs_arr: [ 3.84060203e+01 -7.81658000e+01  2.00000000e+04  8.20000000e+01
  5.00000000e+00]
DEBUG: features shape: (4,)
DEBUG: flattened_data shape: (2560,)
DEBUG: label: 5
DEBUG: appended successfully
DEBUG: found file: T000000_2012_12_df_row.nc, is_file: True
DEBUG: opening T000000_2012_12_df_row.nc
DEBUG: opened, attrs: ['LAT', 'LON', 'ALT', 'DELTA_T', 'TURB']
DEBUG: attrs_arr: [  32.12027 -110.93798 5000.      1471.         6.     ]
DEBUG: features shape: (4,)
DEBUG: flattened_data shape: (2560,)
DEBUG: label: 6
DEBUG: appended successfully
Decompressing dir: decompressed/2013_01.tar.xz
Successfully extracted '/cluster/tufts/capstone25skyblue/eelkus01/NEXRADTurbulencePrediction/model_training/../model_inputs/compressed/2013_01.tar.xz' to './decompressed'
Finished decompressing! Time to add to dataloader
DEBUG: found file: F000000_2013_1_df_row.nc, is_file: True
DEBUG: opening F000000_2013_1_df_row.nc
DEBUG: opened, attrs: ['LAT', 'LON', 'ALT', 'DELTA_T', 'TURB']
DEBUG: attrs_arr: [ 3.65975405e+01 -7.99436100e+01  9.00000000e+03  7.80000000e+01
  6.00000000e+00]
DEBUG: features shape: (4,)
DEBUG: flattened_data shape: (2560,)
DEBUG: label: 6
DEBUG: appended successfully
DEBUG: found file: T000000_2013_1_df_row.nc, is_file: True
DEBUG: opening T000000_2013_1_df_row.nc
DEBUG: opened, attrs: ['LAT', 'LON', 'ALT', 'DELTA_T', 'TURB']
DEBUG: attrs_arr: [ 3.75942601e+01 -8.87688364e+01  6.00000000e+03  1.08000000e+02
  5.00000000e+00]
DEBUG: features shape: (4,)
DEBUG: flattened_data shape: (2560,)
DEBUG: label: 5
DEBUG: appended successfully
Decompressing dir: decompressed/2013_02.tar.xz
Successfully extracted '/cluster/tufts/capstone25skyblue/eelkus01/NEXRADTurbulencePrediction/model_training/../model_inputs/compressed/2013_02.tar.xz' to './decompressed'
Finished decompressing! Time to add to dataloader
DEBUG: found file: F000000_2013_2_df_row.nc, is_file: True
DEBUG: opening F000000_2013_2_df_row.nc
DEBUG: opened, attrs: ['LAT', 'LON', 'ALT', 'DELTA_T', 'TURB']
DEBUG: attrs_arr: [ 4.3513720e+01 -1.1207075e+02  7.5000000e+03  1.1900000e+02
  5.0000000e+00]
DEBUG: features shape: (4,)
DEBUG: flattened_data shape: (2560,)
DEBUG: label: 5
DEBUG: appended successfully
DEBUG: found file: T000000_2013_2_df_row.nc, is_file: True
DEBUG: opening T000000_2013_2_df_row.nc
DEBUG: opened, attrs: ['LAT', 'LON', 'ALT', 'DELTA_T', 'TURB']
DEBUG: attrs_arr: [ 3.9116668e+01 -7.4800000e+01  3.4000000e+04  1.2400000e+02
  6.0000000e+00]
DEBUG: features shape: (4,)
DEBUG: flattened_data shape: (2560,)
DEBUG: label: 6
DEBUG: appended successfully
Decompressing dir: decompressed/2013_03.tar.xz
Successfully extracted '/cluster/tufts/capstone25skyblue/eelkus01/NEXRADTurbulencePrediction/model_training/../model_inputs/compressed/2013_03.tar.xz' to './decompressed'
Finished decompressing! Time to add to dataloader
DEBUG: found file: F000000_2013_3_df_row.nc, is_file: True
DEBUG: opening F000000_2013_3_df_row.nc
DEBUG: opened, attrs: ['LAT', 'LON', 'ALT', 'DELTA_T', 'TURB']
DEBUG: attrs_arr: [ 2.81027500e+01 -8.03618238e+01  2.60000000e+04  2.22000000e+02
  5.00000000e+00]
DEBUG: features shape: (4,)
DEBUG: flattened_data shape: (2560,)
DEBUG: label: 5
DEBUG: appended successfully
DEBUG: found file: T000000_2013_3_df_row.nc, is_file: True
DEBUG: opening T000000_2013_3_df_row.nc
DEBUG: opened, attrs: ['LAT', 'LON', 'ALT', 'DELTA_T', 'TURB']
DEBUG: attrs_arr: [ 3.9876664e+01 -1.0514000e+02  9.5000000e+03  2.8500000e+02
  5.0000000e+00]
DEBUG: features shape: (4,)
DEBUG: flattened_data shape: (2560,)
DEBUG: label: 5
DEBUG: appended successfully
Decompressing dir: decompressed/2013_04.tar.xz
Successfully extracted '/cluster/tufts/capstone25skyblue/eelkus01/NEXRADTurbulencePrediction/model_training/../model_inputs/compressed/2013_04.tar.xz' to './decompressed'
Finished decompressing! Time to add to dataloader
DEBUG: found file: F000000_2013_4_df_row.nc, is_file: True
DEBUG: opening F000000_2013_4_df_row.nc
DEBUG: opened, attrs: ['LAT', 'LON', 'ALT', 'DELTA_T', 'TURB']
DEBUG: attrs_arr: [ 4.36542606e+01 -9.35376920e+01  2.20000000e+04  1.46000000e+02
  6.00000000e+00]
DEBUG: features shape: (4,)
DEBUG: flattened_data shape: (2560,)
DEBUG: label: 6
DEBUG: appended successfully
DEBUG: found file: T000000_2013_4_df_row.nc, is_file: True
DEBUG: opening T000000_2013_4_df_row.nc
DEBUG: opened, attrs: ['LAT', 'LON', 'ALT', 'DELTA_T', 'TURB']
DEBUG: attrs_arr: [  25.92832186  -79.87681146 3000.            7.            5.        ]
DEBUG: features shape: (4,)
DEBUG: flattened_data shape: (2560,)
DEBUG: label: 5
DEBUG: appended successfully
Decompressing dir: decompressed/2013_05.tar.xz
Successfully extracted '/cluster/tufts/capstone25skyblue/eelkus01/NEXRADTurbulencePrediction/model_training/../model_inputs/compressed/2013_05.tar.xz' to './decompressed'
Finished decompressing! Time to add to dataloader
DEBUG: found file: F000000_2013_5_df_row.nc, is_file: True
DEBUG: opening F000000_2013_5_df_row.nc
DEBUG: opened, attrs: ['LAT', 'LON', 'ALT', 'DELTA_T', 'TURB']
DEBUG: attrs_arr: [  45.57092     -84.91577286 3000.          254.            7.        ]
DEBUG: features shape: (4,)
DEBUG: flattened_data shape: (2560,)
DEBUG: label: 7
DEBUG: appended successfully
DEBUG: found file: T000000_2013_5_df_row.nc, is_file: True
DEBUG: opening T000000_2013_5_df_row.nc
DEBUG: opened, attrs: ['LAT', 'LON', 'ALT', 'DELTA_T', 'TURB']
DEBUG: attrs_arr: [ 3.72453841e+01 -1.21530310e+02  1.15000000e+04  2.21000000e+02
  6.00000000e+00]
DEBUG: features shape: (4,)
DEBUG: flattened_data shape: (2560,)
DEBUG: label: 6
DEBUG: appended successfully
Decompressing dir: decompressed/2013_06.tar.xz
Successfully extracted '/cluster/tufts/capstone25skyblue/eelkus01/NEXRADTurbulencePrediction/model_training/../model_inputs/compressed/2013_06.tar.xz' to './decompressed'
Finished decompressing! Time to add to dataloader
DEBUG: found file: F000000_2013_6_df_row.nc, is_file: True
DEBUG: opening F000000_2013_6_df_row.nc
DEBUG: opened, attrs: ['LAT', 'LON', 'ALT', 'DELTA_T', 'TURB']
DEBUG: attrs_arr: [ 4.738658e+01 -9.283897e+01  3.500000e+04  8.800000e+01  7.000000e+00]
DEBUG: features shape: (4,)
DEBUG: flattened_data shape: (2560,)
DEBUG: label: 7
DEBUG: appended successfully
DEBUG: found file: T000000_2013_6_df_row.nc, is_file: True
DEBUG: opening T000000_2013_6_df_row.nc
DEBUG: opened, attrs: ['LAT', 'LON', 'ALT', 'DELTA_T', 'TURB']
DEBUG: attrs_arr: [ 3.51168869e+01 -8.06769317e+01  1.10000000e+04  1.90000000e+02
  6.00000000e+00]
DEBUG: features shape: (4,)
DEBUG: flattened_data shape: (2560,)
DEBUG: label: 6
DEBUG: appended successfully
Decompressing dir: decompressed/2013_07.tar.xz
Successfully extracted '/cluster/tufts/capstone25skyblue/eelkus01/NEXRADTurbulencePrediction/model_training/../model_inputs/compressed/2013_07.tar.xz' to './decompressed'
Finished decompressing! Time to add to dataloader
DEBUG: found file: F000000_2013_7_df_row.nc, is_file: True
DEBUG: opening F000000_2013_7_df_row.nc
DEBUG: opened, attrs: ['LAT', 'LON', 'ALT', 'DELTA_T', 'TURB']
DEBUG: attrs_arr: [ 4.37599419e+01 -1.12130616e+02  7.50000000e+03  1.40000000e+02
  5.00000000e+00]
DEBUG: features shape: (4,)
DEBUG: flattened_data shape: (2560,)
DEBUG: label: 5
DEBUG: appended successfully
DEBUG: found file: T000000_2013_7_df_row.nc, is_file: True
DEBUG: opening T000000_2013_7_df_row.nc
DEBUG: opened, attrs: ['LAT', 'LON', 'ALT', 'DELTA_T', 'TURB']
DEBUG: attrs_arr: [ 3.95000000e+01 -1.19878006e+02  1.10000000e+04  2.11000000e+02
  5.00000000e+00]
DEBUG: features shape: (4,)
DEBUG: flattened_data shape: (2560,)
DEBUG: label: 5
DEBUG: appended successfully
Decompressing dir: decompressed/2013_08.tar.xz
Successfully extracted '/cluster/tufts/capstone25skyblue/eelkus01/NEXRADTurbulencePrediction/model_training/../model_inputs/compressed/2013_08.tar.xz' to './decompressed'
Finished decompressing! Time to add to dataloader
DEBUG: found file: F000000_2013_8_df_row.nc, is_file: True
DEBUG: opening F000000_2013_8_df_row.nc
DEBUG: opened, attrs: ['LAT', 'LON', 'ALT', 'DELTA_T', 'TURB']
DEBUG: attrs_arr: [ 3.753e+01 -7.783e+01  2.700e+04  1.220e+02  6.000e+00]
DEBUG: features shape: (4,)
DEBUG: flattened_data shape: (2560,)
DEBUG: label: 6
DEBUG: appended successfully
DEBUG: found file: T000000_2013_8_df_row.nc, is_file: True
DEBUG: opening T000000_2013_8_df_row.nc
DEBUG: opened, attrs: ['LAT', 'LON', 'ALT', 'DELTA_T', 'TURB']
DEBUG: attrs_arr: [  41.27  -87.79 5000.     79.      6.  ]
DEBUG: features shape: (4,)
DEBUG: flattened_data shape: (2560,)
DEBUG: label: 6
DEBUG: appended successfully
Decompressing dir: decompressed/2013_09.tar.xz
Successfully extracted '/cluster/tufts/capstone25skyblue/eelkus01/NEXRADTurbulencePrediction/model_training/../model_inputs/compressed/2013_09.tar.xz' to './decompressed'
Finished decompressing! Time to add to dataloader
DEBUG: found file: F000000_2013_9_df_row.nc, is_file: True
DEBUG: opening F000000_2013_9_df_row.nc
DEBUG: opened, attrs: ['LAT', 'LON', 'ALT', 'DELTA_T', 'TURB']
DEBUG: attrs_arr: [  36.2   -95.79 2000.    381.      6.  ]
DEBUG: features shape: (4,)
DEBUG: flattened_data shape: (2560,)
DEBUG: label: 6
DEBUG: appended successfully
DEBUG: found file: T000000_2013_9_df_row.nc, is_file: True
DEBUG: opening T000000_2013_9_df_row.nc
DEBUG: opened, attrs: ['LAT', 'LON', 'ALT', 'DELTA_T', 'TURB']
DEBUG: attrs_arr: [ 4.01863820e+01 -1.05117943e+02  1.40000000e+04  5.53000000e+02
  5.00000000e+00]
DEBUG: features shape: (4,)
DEBUG: flattened_data shape: (2560,)
DEBUG: label: 5
DEBUG: appended successfully
Decompressing dir: decompressed/2013_10.tar.xz
Successfully extracted '/cluster/tufts/capstone25skyblue/eelkus01/NEXRADTurbulencePrediction/model_training/../model_inputs/compressed/2013_10.tar.xz' to './decompressed'
Finished decompressing! Time to add to dataloader
DEBUG: found file: F000000_2013_10_df_row.nc, is_file: True
DEBUG: opening F000000_2013_10_df_row.nc
DEBUG: opened, attrs: ['LAT', 'LON', 'ALT', 'DELTA_T', 'TURB']
DEBUG: attrs_arr: [ 4.060e+01 -9.397e+01  3.400e+04  1.460e+02  6.000e+00]
DEBUG: features shape: (4,)
DEBUG: flattened_data shape: (2560,)
DEBUG: label: 6
DEBUG: appended successfully
DEBUG: found file: T000000_2013_10_df_row.nc, is_file: True
DEBUG: opening T000000_2013_10_df_row.nc
DEBUG: opened, attrs: ['LAT', 'LON', 'ALT', 'DELTA_T', 'TURB']
DEBUG: attrs_arr: [  39.96615779  -88.21003862 4000.          275.            5.        ]
DEBUG: features shape: (4,)
DEBUG: flattened_data shape: (2560,)
DEBUG: label: 5
DEBUG: appended successfully
Decompressing dir: decompressed/2013_11.tar.xz
Successfully extracted '/cluster/tufts/capstone25skyblue/eelkus01/NEXRADTurbulencePrediction/model_training/../model_inputs/compressed/2013_11.tar.xz' to './decompressed'
Finished decompressing! Time to add to dataloader
DEBUG: found file: F000000_2013_11_df_row.nc, is_file: True
DEBUG: opening F000000_2013_11_df_row.nc
DEBUG: opened, attrs: ['LAT', 'LON', 'ALT', 'DELTA_T', 'TURB']
DEBUG: attrs_arr: [ 3.10128601e+01 -9.58208511e+01  1.60000000e+04  1.33000000e+02
  6.00000000e+00]
DEBUG: features shape: (4,)
DEBUG: flattened_data shape: (2560,)
DEBUG: label: 6
DEBUG: appended successfully
DEBUG: found file: T000000_2013_11_df_row.nc, is_file: True
DEBUG: opening T000000_2013_11_df_row.nc
DEBUG: opened, attrs: ['LAT', 'LON', 'ALT', 'DELTA_T', 'TURB']
DEBUG: attrs_arr: [ 4.11700000e+01 -7.11371491e+01  1.40000000e+04  9.70000000e+01
  6.00000000e+00]
DEBUG: features shape: (4,)
DEBUG: flattened_data shape: (2560,)
DEBUG: label: 6
DEBUG: appended successfully
Decompressing dir: decompressed/2013_12.tar.xz
Successfully extracted '/cluster/tufts/capstone25skyblue/eelkus01/NEXRADTurbulencePrediction/model_training/../model_inputs/compressed/2013_12.tar.xz' to './decompressed'
Finished decompressing! Time to add to dataloader
DEBUG: found file: F000000_2013_12_df_row.nc, is_file: True
DEBUG: opening F000000_2013_12_df_row.nc
DEBUG: opened, attrs: ['LAT', 'LON', 'ALT', 'DELTA_T', 'TURB']
DEBUG: attrs_arr: [  39.02  -84.7  2500.    183.      6.  ]
DEBUG: features shape: (4,)
DEBUG: flattened_data shape: (2560,)
DEBUG: label: 6
DEBUG: appended successfully
DEBUG: found file: T000000_2013_12_df_row.nc, is_file: True
DEBUG: opening T000000_2013_12_df_row.nc
DEBUG: opened, attrs: ['LAT', 'LON', 'ALT', 'DELTA_T', 'TURB']
DEBUG: attrs_arr: [ 4.00034875e+01 -7.34695352e+01  1.40000000e+04  1.40900000e+03
  6.00000000e+00]
DEBUG: features shape: (4,)
DEBUG: flattened_data shape: (2560,)
DEBUG: label: 6
DEBUG: appended successfully
Decompressing dir: decompressed/2014_01.tar.xz
Successfully extracted '/cluster/tufts/capstone25skyblue/eelkus01/NEXRADTurbulencePrediction/model_training/../model_inputs/compressed/2014_01.tar.xz' to './decompressed'
Finished decompressing! Time to add to dataloader
DEBUG: found file: F000000_2014_1_df_row.nc, is_file: True
DEBUG: opening F000000_2014_1_df_row.nc
DEBUG: opened, attrs: ['LAT', 'LON', 'ALT', 'DELTA_T', 'TURB']
DEBUG: attrs_arr: [ 4.45733081e+01 -1.21921240e+02  1.30000000e+04  2.28000000e+02
  6.00000000e+00]
DEBUG: features shape: (4,)
DEBUG: flattened_data shape: (2560,)
DEBUG: label: 6
DEBUG: appended successfully
DEBUG: found file: T000000_2014_1_df_row.nc, is_file: True
DEBUG: opening T000000_2014_1_df_row.nc
DEBUG: opened, attrs: ['LAT', 'LON', 'ALT', 'DELTA_T', 'TURB']
DEBUG: attrs_arr: [ 2.81285802e+01 -8.25403000e+01  8.50000000e+03  2.60000000e+01
  6.00000000e+00]
DEBUG: features shape: (4,)
DEBUG: flattened_data shape: (2560,)
DEBUG: label: 6
DEBUG: appended successfully
Decompressing dir: decompressed/2014_02.tar.xz
Successfully extracted '/cluster/tufts/capstone25skyblue/eelkus01/NEXRADTurbulencePrediction/model_training/../model_inputs/compressed/2014_02.tar.xz' to './decompressed'
Finished decompressing! Time to add to dataloader
DEBUG: found file: F000000_2014_2_df_row.nc, is_file: True
DEBUG: opening F000000_2014_2_df_row.nc
DEBUG: opened, attrs: ['LAT', 'LON', 'ALT', 'DELTA_T', 'TURB']
DEBUG: attrs_arr: [ 3.587e+01 -8.124e+01  1.000e+04  1.900e+02  5.000e+00]
DEBUG: features shape: (4,)
DEBUG: flattened_data shape: (2560,)
DEBUG: label: 5
DEBUG: appended successfully
DEBUG: found file: T000000_2014_2_df_row.nc, is_file: True
DEBUG: opening T000000_2014_2_df_row.nc
DEBUG: opened, attrs: ['LAT', 'LON', 'ALT', 'DELTA_T', 'TURB']
DEBUG: attrs_arr: [ 3.44734083e+01 -1.15038440e+02  2.00000000e+04  3.50000000e+01
  6.00000000e+00]
DEBUG: features shape: (4,)
DEBUG: flattened_data shape: (2560,)
DEBUG: label: 6
DEBUG: appended successfully
Decompressing dir: decompressed/2014_03.tar.xz
Successfully extracted '/cluster/tufts/capstone25skyblue/eelkus01/NEXRADTurbulencePrediction/model_training/../model_inputs/compressed/2014_03.tar.xz' to './decompressed'
Finished decompressing! Time to add to dataloader
DEBUG: found file: F000000_2014_3_df_row.nc, is_file: True
DEBUG: opening F000000_2014_3_df_row.nc
DEBUG: opened, attrs: ['LAT', 'LON', 'ALT', 'DELTA_T', 'TURB']
DEBUG: attrs_arr: [ 3.27484297e+01 -1.16760206e+02  6.50000000e+03  3.26000000e+02
  5.00000000e+00]
DEBUG: features shape: (4,)
DEBUG: flattened_data shape: (2560,)
DEBUG: label: 5
DEBUG: appended successfully
DEBUG: found file: T000000_2014_3_df_row.nc, is_file: True
DEBUG: opening T000000_2014_3_df_row.nc
DEBUG: opened, attrs: ['LAT', 'LON', 'ALT', 'DELTA_T', 'TURB']
DEBUG: attrs_arr: [  38.79999595  -94.73917    1600.           35.            5.        ]
DEBUG: features shape: (4,)
DEBUG: flattened_data shape: (2560,)
DEBUG: label: 5
DEBUG: appended successfully
Decompressing dir: decompressed/2014_04.tar.xz
Successfully extracted '/cluster/tufts/capstone25skyblue/eelkus01/NEXRADTurbulencePrediction/model_training/../model_inputs/compressed/2014_04.tar.xz' to './decompressed'
Finished decompressing! Time to add to dataloader
DEBUG: found file: F000000_2014_4_df_row.nc, is_file: True
DEBUG: opening F000000_2014_4_df_row.nc
DEBUG: opened, attrs: ['LAT', 'LON', 'ALT', 'DELTA_T', 'TURB']
DEBUG: attrs_arr: [ 4.52000e+01 -7.44166e+01  7.00000e+03  3.28000e+02  6.00000e+00]
DEBUG: features shape: (4,)
DEBUG: flattened_data shape: (2560,)
DEBUG: label: 6
DEBUG: appended successfully
DEBUG: found file: T000000_2014_4_df_row.nc, is_file: True
DEBUG: opening T000000_2014_4_df_row.nc
DEBUG: opened, attrs: ['LAT', 'LON', 'ALT', 'DELTA_T', 'TURB']
DEBUG: attrs_arr: [ 2.74337781e+01 -8.05390263e+01  1.80000000e+04  1.03000000e+02
  5.00000000e+00]
DEBUG: features shape: (4,)
DEBUG: flattened_data shape: (2560,)
DEBUG: label: 5
DEBUG: appended successfully
Decompressing dir: decompressed/2014_05.tar.xz
Successfully extracted '/cluster/tufts/capstone25skyblue/eelkus01/NEXRADTurbulencePrediction/model_training/../model_inputs/compressed/2014_05.tar.xz' to './decompressed'
Finished decompressing! Time to add to dataloader
DEBUG: found file: F000000_2014_5_df_row.nc, is_file: True
DEBUG: opening F000000_2014_5_df_row.nc
DEBUG: opened, attrs: ['LAT', 'LON', 'ALT', 'DELTA_T', 'TURB']
DEBUG: attrs_arr: [ 4.79603763e+01 -6.72276689e+01  1.40000000e+04  5.80000000e+01
  5.00000000e+00]
DEBUG: features shape: (4,)
DEBUG: flattened_data shape: (2560,)
DEBUG: label: 5
DEBUG: appended successfully
DEBUG: found file: T000000_2014_5_df_row.nc, is_file: True
DEBUG: opening T000000_2014_5_df_row.nc
DEBUG: opened, attrs: ['LAT', 'LON', 'ALT', 'DELTA_T', 'TURB']
DEBUG: attrs_arr: [ 4.13765239e+01 -7.32860438e+01  2.20000000e+04  2.80000000e+01
  5.00000000e+00]
DEBUG: features shape: (4,)
DEBUG: flattened_data shape: (2560,)
DEBUG: label: 5
DEBUG: appended successfully
Decompressing dir: decompressed/2014_06.tar.xz
Successfully extracted '/cluster/tufts/capstone25skyblue/eelkus01/NEXRADTurbulencePrediction/model_training/../model_inputs/compressed/2014_06.tar.xz' to './decompressed'
Finished decompressing! Time to add to dataloader
DEBUG: found file: F000000_2014_6_df_row.nc, is_file: True
DEBUG: opening F000000_2014_6_df_row.nc
DEBUG: opened, attrs: ['LAT', 'LON', 'ALT', 'DELTA_T', 'TURB']
DEBUG: attrs_arr: [ 3.42977614e+01 -8.63340470e+01  2.52000000e+04  1.34000000e+02
  6.00000000e+00]
DEBUG: features shape: (4,)
DEBUG: flattened_data shape: (2560,)
DEBUG: label: 6
DEBUG: appended successfully
DEBUG: found file: T000000_2014_6_df_row.nc, is_file: True
DEBUG: opening T000000_2014_6_df_row.nc
DEBUG: opened, attrs: ['LAT', 'LON', 'ALT', 'DELTA_T', 'TURB']
DEBUG: attrs_arr: [  33.67 -112.13  400.    282.      5.  ]
DEBUG: features shape: (4,)
DEBUG: flattened_data shape: (2560,)
DEBUG: label: 5
DEBUG: appended successfully
Decompressing dir: decompressed/2014_07.tar.xz
Successfully extracted '/cluster/tufts/capstone25skyblue/eelkus01/NEXRADTurbulencePrediction/model_training/../model_inputs/compressed/2014_07.tar.xz' to './decompressed'
Finished decompressing! Time to add to dataloader
DEBUG: found file: F000000_2014_7_df_row.nc, is_file: True
DEBUG: opening F000000_2014_7_df_row.nc
DEBUG: opened, attrs: ['LAT', 'LON', 'ALT', 'DELTA_T', 'TURB']
DEBUG: attrs_arr: [ 4.53849299e+01 -7.37413900e+01  8.00000000e+03  4.80000000e+01
  6.00000000e+00]
DEBUG: features shape: (4,)
DEBUG: flattened_data shape: (2560,)
DEBUG: label: 6
DEBUG: appended successfully
DEBUG: found file: T000000_2014_7_df_row.nc, is_file: True
DEBUG: opening T000000_2014_7_df_row.nc
DEBUG: opened, attrs: ['LAT', 'LON', 'ALT', 'DELTA_T', 'TURB']
DEBUG: attrs_arr: [ 3.99084818e+01 -1.01447245e+02  2.50000000e+04  6.70000000e+01
  6.00000000e+00]
DEBUG: features shape: (4,)
DEBUG: flattened_data shape: (2560,)
DEBUG: label: 6
DEBUG: appended successfully
Decompressing dir: decompressed/2014_08.tar.xz
Successfully extracted '/cluster/tufts/capstone25skyblue/eelkus01/NEXRADTurbulencePrediction/model_training/../model_inputs/compressed/2014_08.tar.xz' to './decompressed'
Finished decompressing! Time to add to dataloader
DEBUG: found file: F000000_2014_8_df_row.nc, is_file: True
DEBUG: opening F000000_2014_8_df_row.nc
DEBUG: opened, attrs: ['LAT', 'LON', 'ALT', 'DELTA_T', 'TURB']
DEBUG: attrs_arr: [ 3.88987107e+01 -8.47789740e+01  9.00000000e+03  8.70000000e+01
  6.00000000e+00]
DEBUG: features shape: (4,)
DEBUG: flattened_data shape: (2560,)
DEBUG: label: 6
DEBUG: appended successfully
DEBUG: found file: T000000_2014_8_df_row.nc, is_file: True
DEBUG: opening T000000_2014_8_df_row.nc
DEBUG: opened, attrs: ['LAT', 'LON', 'ALT', 'DELTA_T', 'TURB']
DEBUG: attrs_arr: [ 3.11000000e+01 -8.81006818e+01  2.40000000e+04  3.60000000e+01
  5.00000000e+00]
DEBUG: features shape: (4,)
DEBUG: flattened_data shape: (2560,)
DEBUG: label: 5
DEBUG: appended successfully
Decompressing dir: decompressed/2014_09.tar.xz
Successfully extracted '/cluster/tufts/capstone25skyblue/eelkus01/NEXRADTurbulencePrediction/model_training/../model_inputs/compressed/2014_09.tar.xz' to './decompressed'
Finished decompressing! Time to add to dataloader
DEBUG: found file: F000000_2014_9_df_row.nc, is_file: True
DEBUG: opening F000000_2014_9_df_row.nc
DEBUG: opened, attrs: ['LAT', 'LON', 'ALT', 'DELTA_T', 'TURB']
DEBUG: attrs_arr: [ 3.32705122e+01 -9.63350532e+01  9.00000000e+03  4.55000000e+02
  5.00000000e+00]
DEBUG: features shape: (4,)
DEBUG: flattened_data shape: (2560,)
DEBUG: label: 5
DEBUG: appended successfully
DEBUG: found file: T000000_2014_9_df_row.nc, is_file: True
DEBUG: opening T000000_2014_9_df_row.nc
DEBUG: opened, attrs: ['LAT', 'LON', 'ALT', 'DELTA_T', 'TURB']
DEBUG: attrs_arr: [ 3.73603058e+01 -1.21207414e+02  1.20000000e+04  1.35000000e+02
  6.00000000e+00]
DEBUG: features shape: (4,)
DEBUG: flattened_data shape: (2560,)
DEBUG: label: 6
DEBUG: appended successfully
Decompressing dir: decompressed/2014_10.tar.xz
Successfully extracted '/cluster/tufts/capstone25skyblue/eelkus01/NEXRADTurbulencePrediction/model_training/../model_inputs/compressed/2014_10.tar.xz' to './decompressed'
Finished decompressing! Time to add to dataloader
DEBUG: found file: F000000_2014_10_df_row.nc, is_file: True
DEBUG: opening F000000_2014_10_df_row.nc
DEBUG: opened, attrs: ['LAT', 'LON', 'ALT', 'DELTA_T', 'TURB']
DEBUG: attrs_arr: [ 3.3870e+01 -1.1643e+02  2.6000e+04  4.4900e+02  6.0000e+00]
DEBUG: features shape: (4,)
DEBUG: flattened_data shape: (2560,)
DEBUG: label: 6
DEBUG: appended successfully
DEBUG: found file: T000000_2014_10_df_row.nc, is_file: True
DEBUG: opening T000000_2014_10_df_row.nc
DEBUG: opened, attrs: ['LAT', 'LON', 'ALT', 'DELTA_T', 'TURB']
DEBUG: attrs_arr: [ 3.11651954e+01 -1.00282043e+02  5.50000000e+03  1.14000000e+02
  5.00000000e+00]
DEBUG: features shape: (4,)
DEBUG: flattened_data shape: (2560,)
DEBUG: label: 5
DEBUG: appended successfully
Decompressing dir: decompressed/2014_11.tar.xz
Successfully extracted '/cluster/tufts/capstone25skyblue/eelkus01/NEXRADTurbulencePrediction/model_training/../model_inputs/compressed/2014_11.tar.xz' to './decompressed'
Finished decompressing! Time to add to dataloader
DEBUG: found file: F000000_2014_11_df_row.nc, is_file: True
DEBUG: opening F000000_2014_11_df_row.nc
DEBUG: opened, attrs: ['LAT', 'LON', 'ALT', 'DELTA_T', 'TURB']
DEBUG: attrs_arr: [  42.40167004  -71.08767506 6500.          251.            7.        ]
DEBUG: features shape: (4,)
DEBUG: flattened_data shape: (2560,)
DEBUG: label: 7
DEBUG: appended successfully
DEBUG: found file: T000000_2014_11_df_row.nc, is_file: True
DEBUG: opening T000000_2014_11_df_row.nc
DEBUG: opened, attrs: ['LAT', 'LON', 'ALT', 'DELTA_T', 'TURB']
DEBUG: attrs_arr: [  37.78533475 -121.73915218 5000.          126.            6.        ]
DEBUG: features shape: (4,)
DEBUG: flattened_data shape: (2560,)
DEBUG: label: 6
DEBUG: appended successfully
Decompressing dir: decompressed/2014_12.tar.xz
Successfully extracted '/cluster/tufts/capstone25skyblue/eelkus01/NEXRADTurbulencePrediction/model_training/../model_inputs/compressed/2014_12.tar.xz' to './decompressed'
Finished decompressing! Time to add to dataloader
DEBUG: found file: F000000_2014_12_df_row.nc, is_file: True
DEBUG: opening F000000_2014_12_df_row.nc
DEBUG: opened, attrs: ['LAT', 'LON', 'ALT', 'DELTA_T', 'TURB']
DEBUG: attrs_arr: [ 3.04188675e+01 -8.37126390e+01  3.10000000e+04  6.90000000e+01
  6.00000000e+00]
DEBUG: features shape: (4,)
DEBUG: flattened_data shape: (2560,)
DEBUG: label: 6
DEBUG: appended successfully
DEBUG: found file: T000000_2014_12_df_row.nc, is_file: True
DEBUG: opening T000000_2014_12_df_row.nc
DEBUG: opened, attrs: ['LAT', 'LON', 'ALT', 'DELTA_T', 'TURB']
DEBUG: attrs_arr: [ 3.42132128e+01 -1.17377198e+02  8.00000000e+03  1.42000000e+02
  5.00000000e+00]
DEBUG: features shape: (4,)
DEBUG: flattened_data shape: (2560,)
DEBUG: label: 5
DEBUG: appended successfully
Decompressing dir: decompressed/2015_01.tar.xz
Successfully extracted '/cluster/tufts/capstone25skyblue/eelkus01/NEXRADTurbulencePrediction/model_training/../model_inputs/compressed/2015_01.tar.xz' to './decompressed'
Finished decompressing! Time to add to dataloader
DEBUG: found file: T000000_2015_1_df_row.nc, is_file: True
DEBUG: opening T000000_2015_1_df_row.nc
DEBUG: opened, attrs: ['LAT', 'LON', 'ALT', 'DELTA_T', 'TURB']
DEBUG: attrs_arr: [ 3.78490270e+01 -8.09134319e+01  6.00000000e+03  2.40000000e+01
  5.00000000e+00]
DEBUG: features shape: (4,)
DEBUG: flattened_data shape: (2560,)
DEBUG: label: 5
DEBUG: appended successfully
Decompressing dir: decompressed/2015_02.tar.xz
Successfully extracted '/cluster/tufts/capstone25skyblue/eelkus01/NEXRADTurbulencePrediction/model_training/../model_inputs/compressed/2015_02.tar.xz' to './decompressed'
Finished decompressing! Time to add to dataloader
DEBUG: found file: F000000_2015_2_df_row.nc, is_file: True
DEBUG: opening F000000_2015_2_df_row.nc
DEBUG: opened, attrs: ['LAT', 'LON', 'ALT', 'DELTA_T', 'TURB']
DEBUG: attrs_arr: [ 3.40340159e+01 -1.17152500e+02  1.70000000e+04  1.71000000e+02
  8.00000000e+00]
DEBUG: features shape: (4,)
DEBUG: flattened_data shape: (2560,)
DEBUG: label: 8
DEBUG: appended successfully
DEBUG: found file: T000000_2015_2_df_row.nc, is_file: True
DEBUG: opening T000000_2015_2_df_row.nc
DEBUG: opened, attrs: ['LAT', 'LON', 'ALT', 'DELTA_T', 'TURB']
DEBUG: attrs_arr: [ 3.42917214e+01 -1.17316671e+02  9.00000000e+03  1.58000000e+02
  5.00000000e+00]
DEBUG: features shape: (4,)
DEBUG: flattened_data shape: (2560,)
DEBUG: label: 5
DEBUG: appended successfully
Decompressing dir: decompressed/2015_03.tar.xz
Successfully extracted '/cluster/tufts/capstone25skyblue/eelkus01/NEXRADTurbulencePrediction/model_training/../model_inputs/compressed/2015_03.tar.xz' to './decompressed'
Finished decompressing! Time to add to dataloader
DEBUG: found file: F000000_2015_3_df_row.nc, is_file: True
DEBUG: opening F000000_2015_3_df_row.nc
DEBUG: opened, attrs: ['LAT', 'LON', 'ALT', 'DELTA_T', 'TURB']
DEBUG: attrs_arr: [  35.44482382  -97.49889931 4000.          113.            6.        ]
DEBUG: features shape: (4,)
DEBUG: flattened_data shape: (2560,)
DEBUG: label: 6
DEBUG: appended successfully
DEBUG: found file: T000000_2015_3_df_row.nc, is_file: True
DEBUG: opening T000000_2015_3_df_row.nc
DEBUG: opened, attrs: ['LAT', 'LON', 'ALT', 'DELTA_T', 'TURB']
DEBUG: attrs_arr: [  39.25849428  -78.2497163  4000.          144.            5.        ]
DEBUG: features shape: (4,)
DEBUG: flattened_data shape: (2560,)
DEBUG: label: 5
DEBUG: appended successfully
Decompressing dir: decompressed/2015_04.tar.xz
Successfully extracted '/cluster/tufts/capstone25skyblue/eelkus01/NEXRADTurbulencePrediction/model_training/../model_inputs/compressed/2015_04.tar.xz' to './decompressed'
Finished decompressing! Time to add to dataloader
DEBUG: found file: F000000_2015_4_df_row.nc, is_file: True
DEBUG: opening F000000_2015_4_df_row.nc
DEBUG: opened, attrs: ['LAT', 'LON', 'ALT', 'DELTA_T', 'TURB']
DEBUG: attrs_arr: [ 2.80677117e+01 -9.71797650e+01  1.50000000e+04  3.40000000e+01
  6.00000000e+00]
DEBUG: features shape: (4,)
DEBUG: flattened_data shape: (2560,)
DEBUG: label: 6
DEBUG: appended successfully
DEBUG: found file: T000000_2015_4_df_row.nc, is_file: True
DEBUG: opening T000000_2015_4_df_row.nc
DEBUG: opened, attrs: ['LAT', 'LON', 'ALT', 'DELTA_T', 'TURB']
DEBUG: attrs_arr: [ 2.77111797e+01 -8.08068281e+01  2.30000000e+04  2.07000000e+02
  5.00000000e+00]
DEBUG: features shape: (4,)
DEBUG: flattened_data shape: (2560,)
DEBUG: label: 5
DEBUG: appended successfully
Decompressing dir: decompressed/2015_05.tar.xz
Successfully extracted '/cluster/tufts/capstone25skyblue/eelkus01/NEXRADTurbulencePrediction/model_training/../model_inputs/compressed/2015_05.tar.xz' to './decompressed'
Finished decompressing! Time to add to dataloader
DEBUG: found file: F000000_2015_5_df_row.nc, is_file: True
DEBUG: opening F000000_2015_5_df_row.nc
DEBUG: opened, attrs: ['LAT', 'LON', 'ALT', 'DELTA_T', 'TURB']
DEBUG: attrs_arr: [ 3.04799797e+01 -8.83600000e+01  2.10000000e+04  2.80000000e+01
  5.00000000e+00]
DEBUG: features shape: (4,)
DEBUG: flattened_data shape: (2560,)
DEBUG: label: 5
DEBUG: appended successfully
DEBUG: found file: T000000_2015_5_df_row.nc, is_file: True
DEBUG: opening T000000_2015_5_df_row.nc
DEBUG: opened, attrs: ['LAT', 'LON', 'ALT', 'DELTA_T', 'TURB']
DEBUG: attrs_arr: [  27.57595388  -97.29109    1600.          106.            5.        ]
DEBUG: features shape: (4,)
DEBUG: flattened_data shape: (2560,)
DEBUG: label: 5
DEBUG: appended successfully
Decompressing dir: decompressed/2015_06.tar.xz
Successfully extracted '/cluster/tufts/capstone25skyblue/eelkus01/NEXRADTurbulencePrediction/model_training/../model_inputs/compressed/2015_06.tar.xz' to './decompressed'
Finished decompressing! Time to add to dataloader
DEBUG: found file: F000000_2015_6_df_row.nc, is_file: True
DEBUG: opening F000000_2015_6_df_row.nc
DEBUG: opened, attrs: ['LAT', 'LON', 'ALT', 'DELTA_T', 'TURB']
DEBUG: attrs_arr: [ 4.50249852e+01 -7.32635023e+01  2.00000000e+04  1.44000000e+02
  5.00000000e+00]
DEBUG: features shape: (4,)
DEBUG: flattened_data shape: (2560,)
DEBUG: label: 5
DEBUG: appended successfully
DEBUG: found file: T000000_2015_6_df_row.nc, is_file: True
DEBUG: opening T000000_2015_6_df_row.nc
DEBUG: opened, attrs: ['LAT', 'LON', 'ALT', 'DELTA_T', 'TURB']
DEBUG: attrs_arr: [ 3.27329170e+01 -1.16262492e+02  1.10000000e+04  5.00000000e+00
  5.00000000e+00]
DEBUG: features shape: (4,)
DEBUG: flattened_data shape: (2560,)
DEBUG: label: 5
DEBUG: appended successfully
Decompressing dir: decompressed/2015_07.tar.xz
Successfully extracted '/cluster/tufts/capstone25skyblue/eelkus01/NEXRADTurbulencePrediction/model_training/../model_inputs/compressed/2015_07.tar.xz' to './decompressed'
Finished decompressing! Time to add to dataloader
DEBUG: found file: F000000_2015_7_df_row.nc, is_file: True
DEBUG: opening F000000_2015_7_df_row.nc
DEBUG: opened, attrs: ['LAT', 'LON', 'ALT', 'DELTA_T', 'TURB']
DEBUG: attrs_arr: [ 4.34653670e+01 -1.17033465e+02  9.20000000e+03  2.44000000e+02
  5.00000000e+00]
DEBUG: features shape: (4,)
DEBUG: flattened_data shape: (2560,)
DEBUG: label: 5
DEBUG: appended successfully
DEBUG: found file: T000000_2015_7_df_row.nc, is_file: True
DEBUG: opening T000000_2015_7_df_row.nc
DEBUG: opened, attrs: ['LAT', 'LON', 'ALT', 'DELTA_T', 'TURB']
DEBUG: attrs_arr: [ 3.9230000e+01 -7.5950357e+01  9.0000000e+03  5.4000000e+01
  6.0000000e+00]
DEBUG: features shape: (4,)
DEBUG: flattened_data shape: (2560,)
DEBUG: label: 6
DEBUG: appended successfully
Decompressing dir: decompressed/2015_08.tar.xz
Successfully extracted '/cluster/tufts/capstone25skyblue/eelkus01/NEXRADTurbulencePrediction/model_training/../model_inputs/compressed/2015_08.tar.xz' to './decompressed'
Finished decompressing! Time to add to dataloader
DEBUG: found file: F000000_2015_8_df_row.nc, is_file: True
DEBUG: opening F000000_2015_8_df_row.nc
DEBUG: opened, attrs: ['LAT', 'LON', 'ALT', 'DELTA_T', 'TURB']
DEBUG: attrs_arr: [ 4.08205600e+01 -7.59828707e+01  1.40000000e+04  1.80000000e+02
  6.00000000e+00]
DEBUG: features shape: (4,)
DEBUG: flattened_data shape: (2560,)
DEBUG: label: 6
DEBUG: appended successfully
DEBUG: found file: T000000_2015_8_df_row.nc, is_file: True
DEBUG: opening T000000_2015_8_df_row.nc
DEBUG: opened, attrs: ['LAT', 'LON', 'ALT', 'DELTA_T', 'TURB']
DEBUG: attrs_arr: [ 3.45866802e+01 -8.27800000e+01  2.70000000e+04  5.10000000e+01
  7.00000000e+00]
DEBUG: features shape: (4,)
DEBUG: flattened_data shape: (2560,)
DEBUG: label: 7
DEBUG: appended successfully
Decompressing dir: decompressed/2015_09.tar.xz
Successfully extracted '/cluster/tufts/capstone25skyblue/eelkus01/NEXRADTurbulencePrediction/model_training/../model_inputs/compressed/2015_09.tar.xz' to './decompressed'
Finished decompressing! Time to add to dataloader
DEBUG: found file: F000000_2015_9_df_row.nc, is_file: True
DEBUG: opening F000000_2015_9_df_row.nc
DEBUG: opened, attrs: ['LAT', 'LON', 'ALT', 'DELTA_T', 'TURB']
DEBUG: attrs_arr: [ 3.75321262e+01 -7.86368306e+01  2.20000000e+04  2.34000000e+02
  5.00000000e+00]
DEBUG: features shape: (4,)
DEBUG: flattened_data shape: (2560,)
DEBUG: label: 5
DEBUG: appended successfully
DEBUG: found file: T000000_2015_9_df_row.nc, is_file: True
DEBUG: opening T000000_2015_9_df_row.nc
DEBUG: opened, attrs: ['LAT', 'LON', 'ALT', 'DELTA_T', 'TURB']
DEBUG: attrs_arr: [ 2.87180200e+01 -8.05998177e+01  4.00000000e+04  1.86000000e+02
  6.00000000e+00]
DEBUG: features shape: (4,)
DEBUG: flattened_data shape: (2560,)
DEBUG: label: 6
DEBUG: appended successfully
Decompressing dir: decompressed/2015_10.tar.xz
Successfully extracted '/cluster/tufts/capstone25skyblue/eelkus01/NEXRADTurbulencePrediction/model_training/../model_inputs/compressed/2015_10.tar.xz' to './decompressed'
Finished decompressing! Time to add to dataloader
DEBUG: found file: F000000_2015_10_df_row.nc, is_file: True
DEBUG: opening F000000_2015_10_df_row.nc
DEBUG: opened, attrs: ['LAT', 'LON', 'ALT', 'DELTA_T', 'TURB']
DEBUG: attrs_arr: [ 4.739900e+01 -1.213151e+02  1.200000e+04  1.430000e+02  5.000000e+00]
DEBUG: features shape: (4,)
DEBUG: flattened_data shape: (2560,)
DEBUG: label: 5
DEBUG: appended successfully
DEBUG: found file: T000000_2015_10_df_row.nc, is_file: True
DEBUG: opening T000000_2015_10_df_row.nc
DEBUG: opened, attrs: ['LAT', 'LON', 'ALT', 'DELTA_T', 'TURB']
DEBUG: attrs_arr: [ 4.55908300e+01 -1.21885709e+02  8.00000000e+03  1.54000000e+02
  6.00000000e+00]
DEBUG: features shape: (4,)
DEBUG: flattened_data shape: (2560,)
DEBUG: label: 6
DEBUG: appended successfully
Decompressing dir: decompressed/2015_11.tar.xz
Successfully extracted '/cluster/tufts/capstone25skyblue/eelkus01/NEXRADTurbulencePrediction/model_training/../model_inputs/compressed/2015_11.tar.xz' to './decompressed'
Finished decompressing! Time to add to dataloader
DEBUG: found file: F000000_2015_11_df_row.nc, is_file: True
DEBUG: opening F000000_2015_11_df_row.nc
DEBUG: opened, attrs: ['LAT', 'LON', 'ALT', 'DELTA_T', 'TURB']
DEBUG: attrs_arr: [ 4.16584902e+01 -8.67418946e+01  1.20000000e+04  1.20000000e+02
  6.00000000e+00]
DEBUG: features shape: (4,)
DEBUG: flattened_data shape: (2560,)
DEBUG: label: 6
DEBUG: appended successfully
DEBUG: found file: T000000_2015_11_df_row.nc, is_file: True
DEBUG: opening T000000_2015_11_df_row.nc
DEBUG: opened, attrs: ['LAT', 'LON', 'ALT', 'DELTA_T', 'TURB']
DEBUG: attrs_arr: [ 3.3780e+01 -1.0034e+02  3.4000e+04  5.0000e+01  6.0000e+00]
DEBUG: features shape: (4,)
DEBUG: flattened_data shape: (2560,)
DEBUG: label: 6
DEBUG: appended successfully
Decompressing dir: decompressed/2015_12.tar.xz
Successfully extracted '/cluster/tufts/capstone25skyblue/eelkus01/NEXRADTurbulencePrediction/model_training/../model_inputs/compressed/2015_12.tar.xz' to './decompressed'
Finished decompressing! Time to add to dataloader
DEBUG: found file: F000000_2015_12_df_row.nc, is_file: True
DEBUG: opening F000000_2015_12_df_row.nc
DEBUG: opened, attrs: ['LAT', 'LON', 'ALT', 'DELTA_T', 'TURB']
DEBUG: attrs_arr: [  61.29167004 -149.64994529 2000.          344.            5.        ]
DEBUG: features shape: (4,)
DEBUG: flattened_data shape: (2560,)
DEBUG: label: 5
DEBUG: appended successfully
DEBUG: found file: T000000_2015_12_df_row.nc, is_file: True
DEBUG: opening T000000_2015_12_df_row.nc
DEBUG: opened, attrs: ['LAT', 'LON', 'ALT', 'DELTA_T', 'TURB']
DEBUG: attrs_arr: [ 3.27966992e+01 -8.44418000e+01  1.20000000e+04  1.90000000e+01
  6.00000000e+00]
DEBUG: features shape: (4,)
DEBUG: flattened_data shape: (2560,)
DEBUG: label: 6
DEBUG: appended successfully
Decompressing dir: decompressed/2016_01.tar.xz
Successfully extracted '/cluster/tufts/capstone25skyblue/eelkus01/NEXRADTurbulencePrediction/model_training/../model_inputs/compressed/2016_01.tar.xz' to './decompressed'
Finished decompressing! Time to add to dataloader
DEBUG: found file: F000000_2016_1_df_row.nc, is_file: True
DEBUG: opening F000000_2016_1_df_row.nc
DEBUG: opened, attrs: ['LAT', 'LON', 'ALT', 'DELTA_T', 'TURB']
DEBUG: attrs_arr: [ 3.54059475e+01 -1.15234139e+02  8.50000000e+03  3.93000000e+02
  5.00000000e+00]
DEBUG: features shape: (4,)
DEBUG: flattened_data shape: (2560,)
DEBUG: label: 5
DEBUG: appended successfully
DEBUG: found file: T000000_2016_1_df_row.nc, is_file: True
DEBUG: opening T000000_2016_1_df_row.nc
DEBUG: opened, attrs: ['LAT', 'LON', 'ALT', 'DELTA_T', 'TURB']
DEBUG: attrs_arr: [  34.21375 -119.09436 1800.       289.         5.     ]
DEBUG: features shape: (4,)
DEBUG: flattened_data shape: (2560,)
DEBUG: label: 5
DEBUG: appended successfully
Decompressing dir: decompressed/2016_02.tar.xz
Successfully extracted '/cluster/tufts/capstone25skyblue/eelkus01/NEXRADTurbulencePrediction/model_training/../model_inputs/compressed/2016_02.tar.xz' to './decompressed'
Finished decompressing! Time to add to dataloader
DEBUG: found file: F000000_2016_2_df_row.nc, is_file: True
DEBUG: opening F000000_2016_2_df_row.nc
DEBUG: opened, attrs: ['LAT', 'LON', 'ALT', 'DELTA_T', 'TURB']
DEBUG: attrs_arr: [  43.92278  -78.88333 4000.        50.         6.     ]
DEBUG: features shape: (4,)
DEBUG: flattened_data shape: (2560,)
DEBUG: label: 6
DEBUG: appended successfully
DEBUG: found file: T000000_2016_2_df_row.nc, is_file: True
DEBUG: opening T000000_2016_2_df_row.nc
DEBUG: opened, attrs: ['LAT', 'LON', 'ALT', 'DELTA_T', 'TURB']
DEBUG: attrs_arr: [  38.99619005  -84.2540703  5000.          498.            5.        ]
DEBUG: features shape: (4,)
DEBUG: flattened_data shape: (2560,)
DEBUG: label: 5
DEBUG: appended successfully
Decompressing dir: decompressed/2016_03.tar.xz
Successfully extracted '/cluster/tufts/capstone25skyblue/eelkus01/NEXRADTurbulencePrediction/model_training/../model_inputs/compressed/2016_03.tar.xz' to './decompressed'
Finished decompressing! Time to add to dataloader
DEBUG: found file: F000000_2016_3_df_row.nc, is_file: True
DEBUG: opening F000000_2016_3_df_row.nc
DEBUG: opened, attrs: ['LAT', 'LON', 'ALT', 'DELTA_T', 'TURB']
DEBUG: attrs_arr: [ 4.20708801e+01 -8.79319300e+01  7.00000000e+03  5.30000000e+01
  5.00000000e+00]
DEBUG: features shape: (4,)
DEBUG: flattened_data shape: (2560,)
DEBUG: label: 5
DEBUG: appended successfully
DEBUG: found file: T000000_2016_3_df_row.nc, is_file: True
DEBUG: opening T000000_2016_3_df_row.nc
DEBUG: opened, attrs: ['LAT', 'LON', 'ALT', 'DELTA_T', 'TURB']
DEBUG: attrs_arr: [ 3.24866802e+01 -9.00800000e+01  3.80000000e+04  3.41000000e+02
  6.00000000e+00]
DEBUG: features shape: (4,)
DEBUG: flattened_data shape: (2560,)
DEBUG: label: 6
DEBUG: appended successfully
Decompressing dir: decompressed/2016_04.tar.xz
Successfully extracted '/cluster/tufts/capstone25skyblue/eelkus01/NEXRADTurbulencePrediction/model_training/../model_inputs/compressed/2016_04.tar.xz' to './decompressed'
Finished decompressing! Time to add to dataloader
DEBUG: found file: F000000_2016_4_df_row.nc, is_file: True
DEBUG: opening F000000_2016_4_df_row.nc
DEBUG: opened, attrs: ['LAT', 'LON', 'ALT', 'DELTA_T', 'TURB']
DEBUG: attrs_arr: [  36.19089625  -78.64675655 3000.           34.            5.        ]
DEBUG: features shape: (4,)
DEBUG: flattened_data shape: (2560,)
DEBUG: label: 5
DEBUG: appended successfully
DEBUG: found file: T000000_2016_4_df_row.nc, is_file: True
DEBUG: opening T000000_2016_4_df_row.nc
DEBUG: opened, attrs: ['LAT', 'LON', 'ALT', 'DELTA_T', 'TURB']
DEBUG: attrs_arr: [ 3.08239704e+01 -8.90701000e+01  2.30000000e+04  2.15000000e+02
  6.00000000e+00]
DEBUG: features shape: (4,)
DEBUG: flattened_data shape: (2560,)
DEBUG: label: 6
DEBUG: appended successfully
Decompressing dir: decompressed/2016_05.tar.xz
Successfully extracted '/cluster/tufts/capstone25skyblue/eelkus01/NEXRADTurbulencePrediction/model_training/../model_inputs/compressed/2016_05.tar.xz' to './decompressed'
Finished decompressing! Time to add to dataloader
DEBUG: found file: F000000_2016_5_df_row.nc, is_file: True
DEBUG: opening F000000_2016_5_df_row.nc
DEBUG: opened, attrs: ['LAT', 'LON', 'ALT', 'DELTA_T', 'TURB']
DEBUG: attrs_arr: [ 3.95827797e+01 -1.04657500e+02  8.00000000e+03  2.61000000e+02
  5.00000000e+00]
DEBUG: features shape: (4,)
DEBUG: flattened_data shape: (2560,)
DEBUG: label: 5
DEBUG: appended successfully
DEBUG: found file: T000000_2016_5_df_row.nc, is_file: True
DEBUG: opening T000000_2016_5_df_row.nc
DEBUG: opened, attrs: ['LAT', 'LON', 'ALT', 'DELTA_T', 'TURB']
DEBUG: attrs_arr: [  35.37223198  -97.6006     4000.          256.            5.        ]
DEBUG: features shape: (4,)
DEBUG: flattened_data shape: (2560,)
DEBUG: label: 5
DEBUG: appended successfully
Decompressing dir: decompressed/2016_06.tar.xz
Successfully extracted '/cluster/tufts/capstone25skyblue/eelkus01/NEXRADTurbulencePrediction/model_training/../model_inputs/compressed/2016_06.tar.xz' to './decompressed'
Finished decompressing! Time to add to dataloader
DEBUG: found file: F000000_2016_6_df_row.nc, is_file: True
DEBUG: opening F000000_2016_6_df_row.nc
DEBUG: opened, attrs: ['LAT', 'LON', 'ALT', 'DELTA_T', 'TURB']
DEBUG: attrs_arr: [ 3.99485748e+01 -1.03802470e+02  1.25000000e+04  1.02000000e+02
  6.00000000e+00]
DEBUG: features shape: (4,)
DEBUG: flattened_data shape: (2560,)
DEBUG: label: 6
DEBUG: appended successfully
DEBUG: found file: T000000_2016_6_df_row.nc, is_file: True
DEBUG: opening T000000_2016_6_df_row.nc
DEBUG: opened, attrs: ['LAT', 'LON', 'ALT', 'DELTA_T', 'TURB']
DEBUG: attrs_arr: [ 3.87529920e+01 -1.03428996e+02  3.10000000e+04  5.30000000e+01
  6.00000000e+00]
DEBUG: features shape: (4,)
DEBUG: flattened_data shape: (2560,)
DEBUG: label: 6
DEBUG: appended successfully
Decompressing dir: decompressed/2016_07.tar.xz
Successfully extracted '/cluster/tufts/capstone25skyblue/eelkus01/NEXRADTurbulencePrediction/model_training/../model_inputs/compressed/2016_07.tar.xz' to './decompressed'
Finished decompressing! Time to add to dataloader
DEBUG: found file: F000000_2016_7_df_row.nc, is_file: True
DEBUG: opening F000000_2016_7_df_row.nc
DEBUG: opened, attrs: ['LAT', 'LON', 'ALT', 'DELTA_T', 'TURB']
DEBUG: attrs_arr: [ 4.07400000e+01 -7.41000182e+01  1.30000000e+04  1.55000000e+02
  5.00000000e+00]
DEBUG: features shape: (4,)
DEBUG: flattened_data shape: (2560,)
DEBUG: label: 5
DEBUG: appended successfully
DEBUG: found file: T000000_2016_7_df_row.nc, is_file: True
DEBUG: opening T000000_2016_7_df_row.nc
DEBUG: opened, attrs: ['LAT', 'LON', 'ALT', 'DELTA_T', 'TURB']
DEBUG: attrs_arr: [ 3.96161697e+01 -1.05432567e+02  2.00000000e+04  3.12000000e+02
  6.00000000e+00]
DEBUG: features shape: (4,)
DEBUG: flattened_data shape: (2560,)
DEBUG: label: 6
DEBUG: appended successfully
Decompressing dir: decompressed/2016_08.tar.xz
Successfully extracted '/cluster/tufts/capstone25skyblue/eelkus01/NEXRADTurbulencePrediction/model_training/../model_inputs/compressed/2016_08.tar.xz' to './decompressed'
Finished decompressing! Time to add to dataloader
DEBUG: found file: F000000_2016_8_df_row.nc, is_file: True
DEBUG: opening F000000_2016_8_df_row.nc
DEBUG: opened, attrs: ['LAT', 'LON', 'ALT', 'DELTA_T', 'TURB']
DEBUG: attrs_arr: [  28.5148      -80.89407542 4000.           75.            5.        ]
DEBUG: features shape: (4,)
DEBUG: flattened_data shape: (2560,)
DEBUG: label: 5
DEBUG: appended successfully
DEBUG: found file: T000000_2016_8_df_row.nc, is_file: True
DEBUG: opening T000000_2016_8_df_row.nc
DEBUG: opened, attrs: ['LAT', 'LON', 'ALT', 'DELTA_T', 'TURB']
DEBUG: attrs_arr: [ 2.81799402e+01 -7.99325739e+01  4.00000000e+04  1.84000000e+02
  5.00000000e+00]
DEBUG: features shape: (4,)
DEBUG: flattened_data shape: (2560,)
DEBUG: label: 5
DEBUG: appended successfully
Decompressing dir: decompressed/2016_09.tar.xz
Successfully extracted '/cluster/tufts/capstone25skyblue/eelkus01/NEXRADTurbulencePrediction/model_training/../model_inputs/compressed/2016_09.tar.xz' to './decompressed'
Finished decompressing! Time to add to dataloader
DEBUG: found file: F000000_2016_9_df_row.nc, is_file: True
DEBUG: opening F000000_2016_9_df_row.nc
DEBUG: opened, attrs: ['LAT', 'LON', 'ALT', 'DELTA_T', 'TURB']
DEBUG: attrs_arr: [ 3.22036101e+01 -1.11108417e+02  6.00000000e+03  1.33000000e+02
  5.00000000e+00]
DEBUG: features shape: (4,)
DEBUG: flattened_data shape: (2560,)
DEBUG: label: 5
DEBUG: appended successfully
DEBUG: found file: T000000_2016_9_df_row.nc, is_file: True
DEBUG: opening T000000_2016_9_df_row.nc
DEBUG: opened, attrs: ['LAT', 'LON', 'ALT', 'DELTA_T', 'TURB']
DEBUG: attrs_arr: [ 3.55507890e+01 -8.15705366e+01  1.10000000e+04  1.54000000e+02
  5.00000000e+00]
DEBUG: features shape: (4,)
DEBUG: flattened_data shape: (2560,)
DEBUG: label: 5
DEBUG: appended successfully
Decompressing dir: decompressed/2016_10.tar.xz
Successfully extracted '/cluster/tufts/capstone25skyblue/eelkus01/NEXRADTurbulencePrediction/model_training/../model_inputs/compressed/2016_10.tar.xz' to './decompressed'
Finished decompressing! Time to add to dataloader
DEBUG: found file: F000000_2016_10_df_row.nc, is_file: True
DEBUG: opening F000000_2016_10_df_row.nc
DEBUG: opened, attrs: ['LAT', 'LON', 'ALT', 'DELTA_T', 'TURB']
DEBUG: attrs_arr: [  40.58504003  -73.67808786 1900.           21.            6.        ]
DEBUG: features shape: (4,)
DEBUG: flattened_data shape: (2560,)
DEBUG: label: 6
DEBUG: appended successfully
DEBUG: found file: T000000_2016_10_df_row.nc, is_file: True
DEBUG: opening T000000_2016_10_df_row.nc
DEBUG: opened, attrs: ['LAT', 'LON', 'ALT', 'DELTA_T', 'TURB']
DEBUG: attrs_arr: [  40.87152463  -74.46991611 6000.           34.            6.        ]
DEBUG: features shape: (4,)
DEBUG: flattened_data shape: (2560,)
DEBUG: label: 6
DEBUG: appended successfully
Decompressing dir: decompressed/2016_11.tar.xz
Successfully extracted '/cluster/tufts/capstone25skyblue/eelkus01/NEXRADTurbulencePrediction/model_training/../model_inputs/compressed/2016_11.tar.xz' to './decompressed'
Finished decompressing! Time to add to dataloader
DEBUG: found file: F000000_2016_11_df_row.nc, is_file: True
DEBUG: opening F000000_2016_11_df_row.nc
DEBUG: opened, attrs: ['LAT', 'LON', 'ALT', 'DELTA_T', 'TURB']
DEBUG: attrs_arr: [ 3.27469600e+01 -9.66295084e+01  1.10000000e+04  1.77000000e+02
  5.00000000e+00]
DEBUG: features shape: (4,)
DEBUG: flattened_data shape: (2560,)
DEBUG: label: 5
DEBUG: appended successfully
DEBUG: found file: T000000_2016_11_df_row.nc, is_file: True
DEBUG: opening T000000_2016_11_df_row.nc
DEBUG: opened, attrs: ['LAT', 'LON', 'ALT', 'DELTA_T', 'TURB']
DEBUG: attrs_arr: [ 4.25400000e+01 -7.15575599e+01  1.05000000e+04  7.00000000e+01
  6.00000000e+00]
DEBUG: features shape: (4,)
DEBUG: flattened_data shape: (2560,)
DEBUG: label: 6
DEBUG: appended successfully
Decompressing dir: decompressed/2016_12.tar.xz
Successfully extracted '/cluster/tufts/capstone25skyblue/eelkus01/NEXRADTurbulencePrediction/model_training/../model_inputs/compressed/2016_12.tar.xz' to './decompressed'
Finished decompressing! Time to add to dataloader
DEBUG: found file: F000000_2016_12_df_row.nc, is_file: True
DEBUG: opening F000000_2016_12_df_row.nc
DEBUG: opened, attrs: ['LAT', 'LON', 'ALT', 'DELTA_T', 'TURB']
DEBUG: attrs_arr: [ 3.01223412e+01 -8.23456137e+01  2.25000000e+04  1.78000000e+02
  5.00000000e+00]
DEBUG: features shape: (4,)
DEBUG: flattened_data shape: (2560,)
DEBUG: label: 5
DEBUG: appended successfully
DEBUG: found file: T000000_2016_12_df_row.nc, is_file: True
DEBUG: opening T000000_2016_12_df_row.nc
DEBUG: opened, attrs: ['LAT', 'LON', 'ALT', 'DELTA_T', 'TURB']
DEBUG: attrs_arr: [ 4.30270235e+01 -1.09188126e+02  1.60000000e+04  1.50000000e+02
  7.00000000e+00]
DEBUG: features shape: (4,)
DEBUG: flattened_data shape: (2560,)
DEBUG: label: 7
DEBUG: appended successfully
Decompressing dir: decompressed/2017_01.tar.xz
Successfully extracted '/cluster/tufts/capstone25skyblue/eelkus01/NEXRADTurbulencePrediction/model_training/../model_inputs/compressed/2017_01.tar.xz' to './decompressed'
Finished decompressing! Time to add to dataloader
DEBUG: found file: F000000_2017_1_df_row.nc, is_file: True
DEBUG: opening F000000_2017_1_df_row.nc
DEBUG: opened, attrs: ['LAT', 'LON', 'ALT', 'DELTA_T', 'TURB']
DEBUG: attrs_arr: [  34.056   -117.60119  500.       258.         5.     ]
DEBUG: features shape: (4,)
DEBUG: flattened_data shape: (2560,)
DEBUG: label: 5
DEBUG: appended successfully
DEBUG: found file: T000000_2017_1_df_row.nc, is_file: True
DEBUG: opening T000000_2017_1_df_row.nc
DEBUG: opened, attrs: ['LAT', 'LON', 'ALT', 'DELTA_T', 'TURB']
DEBUG: attrs_arr: [ 4.03193990e+01 -7.34092438e+01  1.70000000e+04  3.39000000e+02
  5.00000000e+00]
DEBUG: features shape: (4,)
DEBUG: flattened_data shape: (2560,)
DEBUG: label: 5
DEBUG: appended successfully
Decompressing dir: decompressed/2017_02.tar.xz
Successfully extracted '/cluster/tufts/capstone25skyblue/eelkus01/NEXRADTurbulencePrediction/model_training/../model_inputs/compressed/2017_02.tar.xz' to './decompressed'
Finished decompressing! Time to add to dataloader
DEBUG: found file: F000000_2017_2_df_row.nc, is_file: True
DEBUG: opening F000000_2017_2_df_row.nc
DEBUG: opened, attrs: ['LAT', 'LON', 'ALT', 'DELTA_T', 'TURB']
DEBUG: attrs_arr: [ 3.2733920e+01 -1.1718449e+02  1.0000000e+04  3.1500000e+02
  6.0000000e+00]
DEBUG: features shape: (4,)
DEBUG: flattened_data shape: (2560,)
DEBUG: label: 6
DEBUG: appended successfully
DEBUG: found file: T000000_2017_2_df_row.nc, is_file: True
DEBUG: opening T000000_2017_2_df_row.nc
DEBUG: opened, attrs: ['LAT', 'LON', 'ALT', 'DELTA_T', 'TURB']
DEBUG: attrs_arr: [ 3.94866397e+01 -7.44300000e+01  1.20000000e+04  2.50000000e+02
  6.00000000e+00]
DEBUG: features shape: (4,)
DEBUG: flattened_data shape: (2560,)
DEBUG: label: 6
DEBUG: appended successfully
Decompressing dir: decompressed/2017_03.tar.xz
Successfully extracted '/cluster/tufts/capstone25skyblue/eelkus01/NEXRADTurbulencePrediction/model_training/../model_inputs/compressed/2017_03.tar.xz' to './decompressed'
Finished decompressing! Time to add to dataloader
DEBUG: found file: F000000_2017_3_df_row.nc, is_file: True
DEBUG: opening F000000_2017_3_df_row.nc
DEBUG: opened, attrs: ['LAT', 'LON', 'ALT', 'DELTA_T', 'TURB']
DEBUG: attrs_arr: [  33.67567 -117.86822 4500.        71.         5.     ]
DEBUG: features shape: (4,)
DEBUG: flattened_data shape: (2560,)
DEBUG: label: 5
DEBUG: appended successfully
DEBUG: found file: T000000_2017_3_df_row.nc, is_file: True
DEBUG: opening T000000_2017_3_df_row.nc
DEBUG: opened, attrs: ['LAT', 'LON', 'ALT', 'DELTA_T', 'TURB']
DEBUG: attrs_arr: [ 3.45000000e+01 -1.02536624e+02  1.10000000e+04  2.60000000e+01
  5.00000000e+00]
DEBUG: features shape: (4,)
DEBUG: flattened_data shape: (2560,)
DEBUG: label: 5
DEBUG: appended successfully
Decompressing dir: decompressed/2017_04.tar.xz
Successfully extracted '/cluster/tufts/capstone25skyblue/eelkus01/NEXRADTurbulencePrediction/model_training/../model_inputs/compressed/2017_04.tar.xz' to './decompressed'
Finished decompressing! Time to add to dataloader
DEBUG: found file: F000000_2017_4_df_row.nc, is_file: True
DEBUG: opening F000000_2017_4_df_row.nc
DEBUG: opened, attrs: ['LAT', 'LON', 'ALT', 'DELTA_T', 'TURB']
DEBUG: attrs_arr: [  35.69449463  -89.985      5000.          292.            7.        ]
DEBUG: features shape: (4,)
DEBUG: flattened_data shape: (2560,)
DEBUG: label: 7
DEBUG: appended successfully
DEBUG: found file: T000000_2017_4_df_row.nc, is_file: True
DEBUG: opening T000000_2017_4_df_row.nc
DEBUG: opened, attrs: ['LAT', 'LON', 'ALT', 'DELTA_T', 'TURB']
DEBUG: attrs_arr: [  39.18        -83.09994923 4000.           25.            5.        ]
DEBUG: features shape: (4,)
DEBUG: flattened_data shape: (2560,)
DEBUG: label: 5
DEBUG: appended successfully
Decompressing dir: decompressed/2017_05.tar.xz
Successfully extracted '/cluster/tufts/capstone25skyblue/eelkus01/NEXRADTurbulencePrediction/model_training/../model_inputs/compressed/2017_05.tar.xz' to './decompressed'
Finished decompressing! Time to add to dataloader
DEBUG: found file: F000000_2017_5_df_row.nc, is_file: True
DEBUG: opening F000000_2017_5_df_row.nc
DEBUG: opened, attrs: ['LAT', 'LON', 'ALT', 'DELTA_T', 'TURB']
DEBUG: attrs_arr: [  41.16451232  -96.76474    5000.          405.            5.        ]
DEBUG: features shape: (4,)
DEBUG: flattened_data shape: (2560,)
DEBUG: label: 5
DEBUG: appended successfully
DEBUG: found file: T000000_2017_5_df_row.nc, is_file: True
DEBUG: opening T000000_2017_5_df_row.nc
DEBUG: opened, attrs: ['LAT', 'LON', 'ALT', 'DELTA_T', 'TURB']
DEBUG: attrs_arr: [ 2.78222398e+01 -8.20185600e+01  1.30000000e+04  2.79000000e+02
  6.00000000e+00]
DEBUG: features shape: (4,)
DEBUG: flattened_data shape: (2560,)
DEBUG: label: 6
DEBUG: appended successfully
Decompressing dir: decompressed/2017_06.tar.xz
Successfully extracted '/cluster/tufts/capstone25skyblue/eelkus01/NEXRADTurbulencePrediction/model_training/../model_inputs/compressed/2017_06.tar.xz' to './decompressed'
Finished decompressing! Time to add to dataloader
DEBUG: found file: F000000_2017_6_df_row.nc, is_file: True
DEBUG: opening F000000_2017_6_df_row.nc
DEBUG: opened, attrs: ['LAT', 'LON', 'ALT', 'DELTA_T', 'TURB']
DEBUG: attrs_arr: [ 3.94979731e+01 -9.44549983e+01  8.00000000e+03  9.40000000e+01
  5.00000000e+00]
DEBUG: features shape: (4,)
DEBUG: flattened_data shape: (2560,)
DEBUG: label: 5
DEBUG: appended successfully
DEBUG: found file: T000000_2017_6_df_row.nc, is_file: True
DEBUG: opening T000000_2017_6_df_row.nc
DEBUG: opened, attrs: ['LAT', 'LON', 'ALT', 'DELTA_T', 'TURB']
DEBUG: attrs_arr: [ 4.00395998e+01 -1.00214066e+02  1.10000000e+04  8.90000000e+01
  5.00000000e+00]
DEBUG: features shape: (4,)
DEBUG: flattened_data shape: (2560,)
DEBUG: label: 5
DEBUG: appended successfully
Decompressing dir: decompressed/2017_07.tar.xz
Successfully extracted '/cluster/tufts/capstone25skyblue/eelkus01/NEXRADTurbulencePrediction/model_training/../model_inputs/compressed/2017_07.tar.xz' to './decompressed'
Finished decompressing! Time to add to dataloader
DEBUG: found file: F000000_2017_7_df_row.nc, is_file: True
DEBUG: opening F000000_2017_7_df_row.nc
DEBUG: opened, attrs: ['LAT', 'LON', 'ALT', 'DELTA_T', 'TURB']
DEBUG: attrs_arr: [ 3.26912345e+01 -8.29363857e+01  1.10000000e+04  1.89000000e+02
  5.00000000e+00]
DEBUG: features shape: (4,)
DEBUG: flattened_data shape: (2560,)
DEBUG: label: 5
DEBUG: appended successfully
DEBUG: found file: T000000_2017_7_df_row.nc, is_file: True
DEBUG: opening T000000_2017_7_df_row.nc
DEBUG: opened, attrs: ['LAT', 'LON', 'ALT', 'DELTA_T', 'TURB']
DEBUG: attrs_arr: [ 3.26912345e+01 -8.29363857e+01  1.10000000e+04  1.89000000e+02
  5.00000000e+00]
DEBUG: features shape: (4,)
DEBUG: flattened_data shape: (2560,)
DEBUG: label: 5
DEBUG: appended successfully
Decompressing dir: decompressed/2017_08.tar.xz
Successfully extracted '/cluster/tufts/capstone25skyblue/eelkus01/NEXRADTurbulencePrediction/model_training/../model_inputs/compressed/2017_08.tar.xz' to './decompressed'
Finished decompressing! Time to add to dataloader
DEBUG: found file: F000000_2017_8_df_row.nc, is_file: True
DEBUG: opening F000000_2017_8_df_row.nc
DEBUG: opened, attrs: ['LAT', 'LON', 'ALT', 'DELTA_T', 'TURB']
DEBUG: attrs_arr: [  41.78597  -87.75242 6000.       458.         6.     ]
DEBUG: features shape: (4,)
DEBUG: flattened_data shape: (2560,)
DEBUG: label: 6
DEBUG: appended successfully
DEBUG: found file: T000000_2017_8_df_row.nc, is_file: True
DEBUG: opening T000000_2017_8_df_row.nc
DEBUG: opened, attrs: ['LAT', 'LON', 'ALT', 'DELTA_T', 'TURB']
DEBUG: attrs_arr: [ 3.80441e+01 -8.75205e+01  6.00000e+03  2.53000e+02  5.00000e+00]
DEBUG: features shape: (4,)
DEBUG: flattened_data shape: (2560,)
DEBUG: label: 5
DEBUG: appended successfully
Decompressing dir: decompressed/2017_09.tar.xz
Successfully extracted '/cluster/tufts/capstone25skyblue/eelkus01/NEXRADTurbulencePrediction/model_training/../model_inputs/compressed/2017_09.tar.xz' to './decompressed'
Finished decompressing! Time to add to dataloader
DEBUG: found file: F000000_2017_9_df_row.nc, is_file: True
DEBUG: opening F000000_2017_9_df_row.nc
DEBUG: opened, attrs: ['LAT', 'LON', 'ALT', 'DELTA_T', 'TURB']
DEBUG: attrs_arr: [  37.6930737  -121.81489621 2900.          446.            5.        ]
DEBUG: features shape: (4,)
DEBUG: flattened_data shape: (2560,)
DEBUG: label: 5
DEBUG: appended successfully
DEBUG: found file: T000000_2017_9_df_row.nc, is_file: True
DEBUG: opening T000000_2017_9_df_row.nc
DEBUG: opened, attrs: ['LAT', 'LON', 'ALT', 'DELTA_T', 'TURB']
DEBUG: attrs_arr: [ 4.15485040e+01 -8.12645966e+01  9.00000000e+03  9.00000000e+01
  5.00000000e+00]
DEBUG: features shape: (4,)
DEBUG: flattened_data shape: (2560,)
DEBUG: label: 5
DEBUG: appended successfully
Decompressing dir: decompressed/2017_10.tar.xz
Successfully extracted '/cluster/tufts/capstone25skyblue/eelkus01/NEXRADTurbulencePrediction/model_training/../model_inputs/compressed/2017_10.tar.xz' to './decompressed'
Finished decompressing! Time to add to dataloader
DEBUG: found file: F000000_2017_10_df_row.nc, is_file: True
DEBUG: opening F000000_2017_10_df_row.nc
DEBUG: opened, attrs: ['LAT', 'LON', 'ALT', 'DELTA_T', 'TURB']
DEBUG: attrs_arr: [  41.63745413  -74.10483    5000.          187.            6.        ]
DEBUG: features shape: (4,)
DEBUG: flattened_data shape: (2560,)
DEBUG: label: 6
DEBUG: appended successfully
DEBUG: found file: T000000_2017_10_df_row.nc, is_file: True
DEBUG: opening T000000_2017_10_df_row.nc
DEBUG: opened, attrs: ['LAT', 'LON', 'ALT', 'DELTA_T', 'TURB']
DEBUG: attrs_arr: [  41.63745413  -74.10483    5000.          187.            6.        ]
DEBUG: features shape: (4,)
DEBUG: flattened_data shape: (2560,)
DEBUG: label: 6
DEBUG: appended successfully
Decompressing dir: decompressed/2017_11.tar.xz
Successfully extracted '/cluster/tufts/capstone25skyblue/eelkus01/NEXRADTurbulencePrediction/model_training/../model_inputs/compressed/2017_11.tar.xz' to './decompressed'
Finished decompressing! Time to add to dataloader
DEBUG: found file: F000000_2017_11_df_row.nc, is_file: True
DEBUG: opening F000000_2017_11_df_row.nc
DEBUG: opened, attrs: ['LAT', 'LON', 'ALT', 'DELTA_T', 'TURB']
DEBUG: attrs_arr: [  42.16       -75.6453156 4500.         390.           7.       ]
DEBUG: features shape: (4,)
DEBUG: flattened_data shape: (2560,)
DEBUG: label: 7
DEBUG: appended successfully
DEBUG: found file: T000000_2017_11_df_row.nc, is_file: True
DEBUG: opening T000000_2017_11_df_row.nc
DEBUG: opened, attrs: ['LAT', 'LON', 'ALT', 'DELTA_T', 'TURB']
DEBUG: attrs_arr: [ 4.00044138e+01 -1.05295188e+02  8.00000000e+03  9.80000000e+01
  6.00000000e+00]
DEBUG: features shape: (4,)
DEBUG: flattened_data shape: (2560,)
DEBUG: label: 6
DEBUG: appended successfully
Decompressing dir: decompressed/2017_12.tar.xz
Successfully extracted '/cluster/tufts/capstone25skyblue/eelkus01/NEXRADTurbulencePrediction/model_training/../model_inputs/compressed/2017_12.tar.xz' to './decompressed'
Finished decompressing! Time to add to dataloader
DEBUG: found file: F000000_2017_12_df_row.nc, is_file: True
DEBUG: opening F000000_2017_12_df_row.nc
DEBUG: opened, attrs: ['LAT', 'LON', 'ALT', 'DELTA_T', 'TURB']
DEBUG: attrs_arr: [ 2.127e+01 -1.577e+02  8.000e+03  1.800e+01  6.000e+00]
DEBUG: features shape: (4,)
DEBUG: flattened_data shape: (2560,)
DEBUG: label: 6
DEBUG: appended successfully
DEBUG: found file: T000000_2017_12_df_row.nc, is_file: True
DEBUG: opening T000000_2017_12_df_row.nc
DEBUG: opened, attrs: ['LAT', 'LON', 'ALT', 'DELTA_T', 'TURB']
DEBUG: attrs_arr: [ 3.9908810e+01 -1.0511719e+02  6.5000000e+03  1.6300000e+02
  5.0000000e+00]
DEBUG: features shape: (4,)
DEBUG: flattened_data shape: (2560,)
DEBUG: label: 5
DEBUG: appended successfully
Decompressing dir: decompressed/2018_01.tar.xz
Successfully extracted '/cluster/tufts/capstone25skyblue/eelkus01/NEXRADTurbulencePrediction/model_training/../model_inputs/compressed/2018_01.tar.xz' to './decompressed'
Finished decompressing! Time to add to dataloader
DEBUG: found file: F000000_2018_1_df_row.nc, is_file: True
DEBUG: opening F000000_2018_1_df_row.nc
DEBUG: opened, attrs: ['LAT', 'LON', 'ALT', 'DELTA_T', 'TURB']
DEBUG: attrs_arr: [ 3.9832800e+01 -1.0552572e+02  1.4000000e+04  9.7000000e+01
  5.0000000e+00]
DEBUG: features shape: (4,)
DEBUG: flattened_data shape: (2560,)
DEBUG: label: 5
DEBUG: appended successfully
DEBUG: found file: T000000_2018_1_df_row.nc, is_file: True
DEBUG: opening T000000_2018_1_df_row.nc
DEBUG: opened, attrs: ['LAT', 'LON', 'ALT', 'DELTA_T', 'TURB']
DEBUG: attrs_arr: [  30.76417008  -97.67666    2500.          309.            5.        ]
DEBUG: features shape: (4,)
DEBUG: flattened_data shape: (2560,)
DEBUG: label: 5
DEBUG: appended successfully
Decompressing dir: decompressed/2018_02.tar.xz
Successfully extracted '/cluster/tufts/capstone25skyblue/eelkus01/NEXRADTurbulencePrediction/model_training/../model_inputs/compressed/2018_02.tar.xz' to './decompressed'
Finished decompressing! Time to add to dataloader
DEBUG: found file: F000000_2018_2_df_row.nc, is_file: True
DEBUG: opening F000000_2018_2_df_row.nc
DEBUG: opened, attrs: ['LAT', 'LON', 'ALT', 'DELTA_T', 'TURB']
DEBUG: attrs_arr: [ 3.54725703e+01 -8.14844095e+01  1.60000000e+04  1.83000000e+02
  6.00000000e+00]
DEBUG: features shape: (4,)
DEBUG: flattened_data shape: (2560,)
DEBUG: label: 6
DEBUG: appended successfully
DEBUG: found file: T000000_2018_2_df_row.nc, is_file: True
DEBUG: opening T000000_2018_2_df_row.nc
DEBUG: opened, attrs: ['LAT', 'LON', 'ALT', 'DELTA_T', 'TURB']
DEBUG: attrs_arr: [ 2.75966599e+01 -8.04900000e+01  7.00000000e+03  1.05000000e+02
  5.00000000e+00]
DEBUG: features shape: (4,)
DEBUG: flattened_data shape: (2560,)
DEBUG: label: 5
DEBUG: appended successfully
Decompressing dir: decompressed/2018_03.tar.xz
Successfully extracted '/cluster/tufts/capstone25skyblue/eelkus01/NEXRADTurbulencePrediction/model_training/../model_inputs/compressed/2018_03.tar.xz' to './decompressed'
Finished decompressing! Time to add to dataloader
DEBUG: found file: F000000_2018_3_df_row.nc, is_file: True
DEBUG: opening F000000_2018_3_df_row.nc
DEBUG: opened, attrs: ['LAT', 'LON', 'ALT', 'DELTA_T', 'TURB']
DEBUG: attrs_arr: [  39.1460278  -86.6166944 4000.          38.           5.       ]
DEBUG: features shape: (4,)
DEBUG: flattened_data shape: (2560,)
DEBUG: label: 5
DEBUG: appended successfully
DEBUG: found file: T000000_2018_3_df_row.nc, is_file: True
DEBUG: opening T000000_2018_3_df_row.nc
DEBUG: opened, attrs: ['LAT', 'LON', 'ALT', 'DELTA_T', 'TURB']
DEBUG: attrs_arr: [ 4.206e+01 -8.477e+01  1.200e+04  6.200e+01  6.000e+00]
DEBUG: features shape: (4,)
DEBUG: flattened_data shape: (2560,)
DEBUG: label: 6
DEBUG: appended successfully
Decompressing dir: decompressed/2018_04.tar.xz
Successfully extracted '/cluster/tufts/capstone25skyblue/eelkus01/NEXRADTurbulencePrediction/model_training/../model_inputs/compressed/2018_04.tar.xz' to './decompressed'
Finished decompressing! Time to add to dataloader
DEBUG: found file: F000000_2018_4_df_row.nc, is_file: True
DEBUG: opening F000000_2018_4_df_row.nc
DEBUG: opened, attrs: ['LAT', 'LON', 'ALT', 'DELTA_T', 'TURB']
DEBUG: attrs_arr: [ 3.522255e+01 -8.095431e+01  1.150000e+04  2.170000e+02  5.000000e+00]
DEBUG: features shape: (4,)
DEBUG: flattened_data shape: (2560,)
DEBUG: label: 5
DEBUG: appended successfully
DEBUG: found file: T000000_2018_4_df_row.nc, is_file: True
DEBUG: opening T000000_2018_4_df_row.nc
DEBUG: opened, attrs: ['LAT', 'LON', 'ALT', 'DELTA_T', 'TURB']
DEBUG: attrs_arr: [ 3.89300000e+01 -7.76842655e+01  6.00000000e+03  9.00000000e+00
  5.00000000e+00]
DEBUG: features shape: (4,)
DEBUG: flattened_data shape: (2560,)
DEBUG: label: 5
DEBUG: appended successfully
Decompressing dir: decompressed/2018_05.tar.xz
Successfully extracted '/cluster/tufts/capstone25skyblue/eelkus01/NEXRADTurbulencePrediction/model_training/../model_inputs/compressed/2018_05.tar.xz' to './decompressed'
Finished decompressing! Time to add to dataloader
DEBUG: found file: F000000_2018_5_df_row.nc, is_file: True
DEBUG: opening F000000_2018_5_df_row.nc
DEBUG: opened, attrs: ['LAT', 'LON', 'ALT', 'DELTA_T', 'TURB']
DEBUG: attrs_arr: [ 4.57200689e+01 -1.09248639e+02  1.40000000e+04  2.08000000e+02
  5.00000000e+00]
DEBUG: features shape: (4,)
DEBUG: flattened_data shape: (2560,)
DEBUG: label: 5
DEBUG: appended successfully
DEBUG: found file: T000000_2018_5_df_row.nc, is_file: True
DEBUG: opening T000000_2018_5_df_row.nc
DEBUG: opened, attrs: ['LAT', 'LON', 'ALT', 'DELTA_T', 'TURB']
DEBUG: attrs_arr: [ 4.57200689e+01 -1.09248639e+02  1.40000000e+04  2.08000000e+02
  5.00000000e+00]
DEBUG: features shape: (4,)
DEBUG: flattened_data shape: (2560,)
DEBUG: label: 5
DEBUG: appended successfully
Decompressing dir: decompressed/2018_06.tar.xz
Successfully extracted '/cluster/tufts/capstone25skyblue/eelkus01/NEXRADTurbulencePrediction/model_training/../model_inputs/compressed/2018_06.tar.xz' to './decompressed'
Finished decompressing! Time to add to dataloader
DEBUG: found file: F000000_2018_6_df_row.nc, is_file: True
DEBUG: opening F000000_2018_6_df_row.nc
DEBUG: opened, attrs: ['LAT', 'LON', 'ALT', 'DELTA_T', 'TURB']
DEBUG: attrs_arr: [ 3.9908810e+01 -1.0511719e+02  7.5000000e+03  1.9000000e+02
  6.0000000e+00]
DEBUG: features shape: (4,)
DEBUG: flattened_data shape: (2560,)
DEBUG: label: 6
DEBUG: appended successfully
DEBUG: found file: T000000_2018_6_df_row.nc, is_file: True
DEBUG: opening T000000_2018_6_df_row.nc
DEBUG: opened, attrs: ['LAT', 'LON', 'ALT', 'DELTA_T', 'TURB']
DEBUG: attrs_arr: [ 4.0437420e+01 -1.0463322e+02  6.5000000e+03  1.0800000e+02
  5.0000000e+00]
DEBUG: features shape: (4,)
DEBUG: flattened_data shape: (2560,)
DEBUG: label: 5
DEBUG: appended successfully
Decompressing dir: decompressed/2018_07.tar.xz
Successfully extracted '/cluster/tufts/capstone25skyblue/eelkus01/NEXRADTurbulencePrediction/model_training/../model_inputs/compressed/2018_07.tar.xz' to './decompressed'
Finished decompressing! Time to add to dataloader
DEBUG: found file: F000000_2018_7_df_row.nc, is_file: True
DEBUG: opening F000000_2018_7_df_row.nc
DEBUG: opened, attrs: ['LAT', 'LON', 'ALT', 'DELTA_T', 'TURB']
DEBUG: attrs_arr: [ 3.48942542e+01 -8.08834493e+01  9.00000000e+03  2.20000000e+02
  8.00000000e+00]
DEBUG: features shape: (4,)
DEBUG: flattened_data shape: (2560,)
DEBUG: label: 8
DEBUG: appended successfully
DEBUG: found file: T000000_2018_7_df_row.nc, is_file: True
DEBUG: opening T000000_2018_7_df_row.nc
DEBUG: opened, attrs: ['LAT', 'LON', 'ALT', 'DELTA_T', 'TURB']
DEBUG: attrs_arr: [ 3.27588397e+01 -8.50726100e+01  3.70000000e+04  2.59000000e+02
  5.00000000e+00]
DEBUG: features shape: (4,)
DEBUG: flattened_data shape: (2560,)
DEBUG: label: 5
DEBUG: appended successfully
Decompressing dir: decompressed/2018_08.tar.xz
Successfully extracted '/cluster/tufts/capstone25skyblue/eelkus01/NEXRADTurbulencePrediction/model_training/../model_inputs/compressed/2018_08.tar.xz' to './decompressed'
Finished decompressing! Time to add to dataloader
DEBUG: found file: F000000_2018_8_df_row.nc, is_file: True
DEBUG: opening F000000_2018_8_df_row.nc
DEBUG: opened, attrs: ['LAT', 'LON', 'ALT', 'DELTA_T', 'TURB']
DEBUG: attrs_arr: [  28.00558802  -82.01856    1200.          501.            5.        ]
DEBUG: features shape: (4,)
DEBUG: flattened_data shape: (2560,)
DEBUG: label: 5
DEBUG: appended successfully
DEBUG: found file: T000000_2018_8_df_row.nc, is_file: True
DEBUG: opening T000000_2018_8_df_row.nc
DEBUG: opened, attrs: ['LAT', 'LON', 'ALT', 'DELTA_T', 'TURB']
DEBUG: attrs_arr: [ 3.983280e+01 -1.046575e+02  1.000000e+04  4.300000e+01  6.000000e+00]
DEBUG: features shape: (4,)
DEBUG: flattened_data shape: (2560,)
DEBUG: label: 6
DEBUG: appended successfully
Decompressing dir: decompressed/2018_09.tar.xz
Successfully extracted '/cluster/tufts/capstone25skyblue/eelkus01/NEXRADTurbulencePrediction/model_training/../model_inputs/compressed/2018_09.tar.xz' to './decompressed'
Finished decompressing! Time to add to dataloader
DEBUG: found file: F000000_2018_9_df_row.nc, is_file: True
DEBUG: opening F000000_2018_9_df_row.nc
DEBUG: opened, attrs: ['LAT', 'LON', 'ALT', 'DELTA_T', 'TURB']
DEBUG: attrs_arr: [ 3.44013581e+01 -1.17323152e+02  1.05000000e+04  3.22000000e+02
  5.00000000e+00]
DEBUG: features shape: (4,)
DEBUG: flattened_data shape: (2560,)
DEBUG: label: 5
DEBUG: appended successfully
DEBUG: found file: T000000_2018_9_df_row.nc, is_file: True
DEBUG: opening T000000_2018_9_df_row.nc
DEBUG: opened, attrs: ['LAT', 'LON', 'ALT', 'DELTA_T', 'TURB']
DEBUG: attrs_arr: [ 3.46696688e+01 -1.19217764e+02  9.50000000e+03  2.13000000e+02
  5.00000000e+00]
DEBUG: features shape: (4,)
DEBUG: flattened_data shape: (2560,)
DEBUG: label: 5
DEBUG: appended successfully
Decompressing dir: decompressed/2018_10.tar.xz
Successfully extracted '/cluster/tufts/capstone25skyblue/eelkus01/NEXRADTurbulencePrediction/model_training/../model_inputs/compressed/2018_10.tar.xz' to './decompressed'
Finished decompressing! Time to add to dataloader
DEBUG: found file: F000000_2018_10_df_row.nc, is_file: True
DEBUG: opening F000000_2018_10_df_row.nc
DEBUG: opened, attrs: ['LAT', 'LON', 'ALT', 'DELTA_T', 'TURB']
DEBUG: attrs_arr: [ 3.31667256e+01 -9.52453325e+01  1.70000000e+04  1.90000000e+01
  5.00000000e+00]
DEBUG: features shape: (4,)
DEBUG: flattened_data shape: (2560,)
DEBUG: label: 5
DEBUG: appended successfully
DEBUG: found file: T000000_2018_10_df_row.nc, is_file: True
DEBUG: opening T000000_2018_10_df_row.nc
DEBUG: opened, attrs: ['LAT', 'LON', 'ALT', 'DELTA_T', 'TURB']
DEBUG: attrs_arr: [ 3.238401e+01 -9.471149e+01  2.400000e+04  1.360000e+02  6.000000e+00]
DEBUG: features shape: (4,)
DEBUG: flattened_data shape: (2560,)
DEBUG: label: 6
DEBUG: appended successfully
Decompressing dir: decompressed/2018_11.tar.xz
Successfully extracted '/cluster/tufts/capstone25skyblue/eelkus01/NEXRADTurbulencePrediction/model_training/../model_inputs/compressed/2018_11.tar.xz' to './decompressed'
Finished decompressing! Time to add to dataloader
DEBUG: found file: F000000_2018_11_df_row.nc, is_file: True
DEBUG: opening F000000_2018_11_df_row.nc
DEBUG: opened, attrs: ['LAT', 'LON', 'ALT', 'DELTA_T', 'TURB']
DEBUG: attrs_arr: [ 3.93178441e+01 -1.19789932e+02  1.10000000e+04  2.00000000e+00
  6.00000000e+00]
DEBUG: features shape: (4,)
DEBUG: flattened_data shape: (2560,)
DEBUG: label: 6
DEBUG: appended successfully
DEBUG: found file: T000000_2018_11_df_row.nc, is_file: True
DEBUG: opening T000000_2018_11_df_row.nc
DEBUG: opened, attrs: ['LAT', 'LON', 'ALT', 'DELTA_T', 'TURB']
DEBUG: attrs_arr: [ 3.4061029e+01 -8.9985000e+01  3.5000000e+04  9.8000000e+01
  5.0000000e+00]
DEBUG: features shape: (4,)
DEBUG: flattened_data shape: (2560,)
DEBUG: label: 5
DEBUG: appended successfully
Decompressing dir: decompressed/2018_12.tar.xz
Successfully extracted '/cluster/tufts/capstone25skyblue/eelkus01/NEXRADTurbulencePrediction/model_training/../model_inputs/compressed/2018_12.tar.xz' to './decompressed'
Finished decompressing! Time to add to dataloader
DEBUG: found file: F000000_2018_12_df_row.nc, is_file: True
DEBUG: opening F000000_2018_12_df_row.nc
DEBUG: opened, attrs: ['LAT', 'LON', 'ALT', 'DELTA_T', 'TURB']
DEBUG: attrs_arr: [ 6.10449899e+01 -1.49540978e+02  1.00000000e+04  3.90000000e+02
  7.00000000e+00]
DEBUG: features shape: (4,)
DEBUG: flattened_data shape: (2560,)
DEBUG: label: 7
DEBUG: appended successfully
DEBUG: found file: T000000_2018_12_df_row.nc, is_file: True
DEBUG: opening T000000_2018_12_df_row.nc
DEBUG: opened, attrs: ['LAT', 'LON', 'ALT', 'DELTA_T', 'TURB']
DEBUG: attrs_arr: [ 4.20738200e+01 -8.74987193e+01  1.60000000e+04  2.53000000e+02
  5.00000000e+00]
DEBUG: features shape: (4,)
DEBUG: flattened_data shape: (2560,)
DEBUG: label: 5
DEBUG: appended successfully
Decompressing dir: decompressed/2019_01.tar.xz
Successfully extracted '/cluster/tufts/capstone25skyblue/eelkus01/NEXRADTurbulencePrediction/model_training/../model_inputs/compressed/2019_01.tar.xz' to './decompressed'
Finished decompressing! Time to add to dataloader
DEBUG: found file: F000000_2019_1_df_row.nc, is_file: True
DEBUG: opening F000000_2019_1_df_row.nc
DEBUG: opened, attrs: ['LAT', 'LON', 'ALT', 'DELTA_T', 'TURB']
DEBUG: attrs_arr: [ 3.21432090e+01 -8.98707985e+01  3.00000000e+04  3.01000000e+02
  6.00000000e+00]
DEBUG: features shape: (4,)
DEBUG: flattened_data shape: (2560,)
DEBUG: label: 6
DEBUG: appended successfully
DEBUG: found file: T000000_2019_1_df_row.nc, is_file: True
DEBUG: opening T000000_2019_1_df_row.nc
DEBUG: opened, attrs: ['LAT', 'LON', 'ALT', 'DELTA_T', 'TURB']
DEBUG: attrs_arr: [ 3.983280e+01 -1.046575e+02  1.500000e+04  3.600000e+01  5.000000e+00]
DEBUG: features shape: (4,)
DEBUG: flattened_data shape: (2560,)
DEBUG: label: 5
DEBUG: appended successfully
Decompressing dir: decompressed/2019_02.tar.xz
Successfully extracted '/cluster/tufts/capstone25skyblue/eelkus01/NEXRADTurbulencePrediction/model_training/../model_inputs/compressed/2019_02.tar.xz' to './decompressed'
Finished decompressing! Time to add to dataloader
DEBUG: found file: F000000_2019_2_df_row.nc, is_file: True
DEBUG: opening F000000_2019_2_df_row.nc
DEBUG: opened, attrs: ['LAT', 'LON', 'ALT', 'DELTA_T', 'TURB']
DEBUG: attrs_arr: [ 4.00338201e+01 -1.05399465e+02  1.25000000e+04  2.50000000e+02
  5.00000000e+00]
DEBUG: features shape: (4,)
DEBUG: flattened_data shape: (2560,)
DEBUG: label: 5
DEBUG: appended successfully
DEBUG: found file: T000000_2019_2_df_row.nc, is_file: True
DEBUG: opening T000000_2019_2_df_row.nc
DEBUG: opened, attrs: ['LAT', 'LON', 'ALT', 'DELTA_T', 'TURB']
DEBUG: attrs_arr: [ 4.04823717e+01 -1.05145874e+02  1.57000000e+04  1.66000000e+02
  6.00000000e+00]
DEBUG: features shape: (4,)
DEBUG: flattened_data shape: (2560,)
DEBUG: label: 6
DEBUG: appended successfully
Decompressing dir: decompressed/2019_03.tar.xz
Successfully extracted '/cluster/tufts/capstone25skyblue/eelkus01/NEXRADTurbulencePrediction/model_training/../model_inputs/compressed/2019_03.tar.xz' to './decompressed'
Finished decompressing! Time to add to dataloader
DEBUG: found file: F000000_2019_3_df_row.nc, is_file: True
DEBUG: opening F000000_2019_3_df_row.nc
DEBUG: opened, attrs: ['LAT', 'LON', 'ALT', 'DELTA_T', 'TURB']
DEBUG: attrs_arr: [ 3.35033198e+01 -8.72468915e+01  1.00000000e+04  2.66000000e+02
  5.00000000e+00]
DEBUG: features shape: (4,)
DEBUG: flattened_data shape: (2560,)
DEBUG: label: 5
DEBUG: appended successfully
DEBUG: found file: T000000_2019_3_df_row.nc, is_file: True
DEBUG: opening T000000_2019_3_df_row.nc
DEBUG: opened, attrs: ['LAT', 'LON', 'ALT', 'DELTA_T', 'TURB']
DEBUG: attrs_arr: [ 3.53069299e+01 -8.28032371e+01  8.30000000e+03  1.62000000e+02
  5.00000000e+00]
DEBUG: features shape: (4,)
DEBUG: flattened_data shape: (2560,)
DEBUG: label: 5
DEBUG: appended successfully
Decompressing dir: decompressed/2019_05.tar.xz
Successfully extracted '/cluster/tufts/capstone25skyblue/eelkus01/NEXRADTurbulencePrediction/model_training/../model_inputs/compressed/2019_05.tar.xz' to './decompressed'
Finished decompressing! Time to add to dataloader
DEBUG: found file: F000000_2019_5_df_row.nc, is_file: True
DEBUG: opening F000000_2019_5_df_row.nc
DEBUG: opened, attrs: ['LAT', 'LON', 'ALT', 'DELTA_T', 'TURB']
DEBUG: attrs_arr: [  41.882899    -91.50070924 4000.          135.            5.        ]
DEBUG: features shape: (4,)
DEBUG: flattened_data shape: (2560,)
DEBUG: label: 5
DEBUG: appended successfully
DEBUG: found file: T000000_2019_5_df_row.nc, is_file: True
DEBUG: opening T000000_2019_5_df_row.nc
DEBUG: opened, attrs: ['LAT', 'LON', 'ALT', 'DELTA_T', 'TURB']
DEBUG: attrs_arr: [ 3.609750e+01 -7.994361e+01  3.600000e+04  1.100000e+02  6.000000e+00]
DEBUG: features shape: (4,)
DEBUG: flattened_data shape: (2560,)
DEBUG: label: 6
DEBUG: appended successfully
Decompressing dir: decompressed/2019_06.tar.xz
Successfully extracted '/cluster/tufts/capstone25skyblue/eelkus01/NEXRADTurbulencePrediction/model_training/../model_inputs/compressed/2019_06.tar.xz' to './decompressed'
Finished decompressing! Time to add to dataloader
DEBUG: found file: F000000_2019_6_df_row.nc, is_file: True
DEBUG: opening F000000_2019_6_df_row.nc
DEBUG: opened, attrs: ['LAT', 'LON', 'ALT', 'DELTA_T', 'TURB']
DEBUG: attrs_arr: [  41.55604992  -91.544535   2500.           83.            5.        ]
DEBUG: features shape: (4,)
DEBUG: flattened_data shape: (2560,)
DEBUG: label: 5
DEBUG: appended successfully
DEBUG: found file: T000000_2019_6_df_row.nc, is_file: True
DEBUG: opening T000000_2019_6_df_row.nc
DEBUG: opened, attrs: ['LAT', 'LON', 'ALT', 'DELTA_T', 'TURB']
DEBUG: attrs_arr: [ 4.319528e+01 -7.150111e+01  1.100000e+04  1.490000e+02  5.000000e+00]
DEBUG: features shape: (4,)
DEBUG: flattened_data shape: (2560,)
DEBUG: label: 5
DEBUG: appended successfully
Decompressing dir: decompressed/2019_07.tar.xz
Successfully extracted '/cluster/tufts/capstone25skyblue/eelkus01/NEXRADTurbulencePrediction/model_training/../model_inputs/compressed/2019_07.tar.xz' to './decompressed'
Finished decompressing! Time to add to dataloader
DEBUG: found file: F000000_2019_7_df_row.nc, is_file: True
DEBUG: opening F000000_2019_7_df_row.nc
DEBUG: opened, attrs: ['LAT', 'LON', 'ALT', 'DELTA_T', 'TURB']
DEBUG: attrs_arr: [  43.19167  -79.17167 2000.        35.         5.     ]
DEBUG: features shape: (4,)
DEBUG: flattened_data shape: (2560,)
DEBUG: label: 5
DEBUG: appended successfully
DEBUG: found file: T000000_2019_7_df_row.nc, is_file: True
DEBUG: opening T000000_2019_7_df_row.nc
DEBUG: opened, attrs: ['LAT', 'LON', 'ALT', 'DELTA_T', 'TURB']
DEBUG: attrs_arr: [ 3.72652438e+01 -7.79027013e+01  1.10000000e+04  1.50000000e+01
  6.00000000e+00]
DEBUG: features shape: (4,)
DEBUG: flattened_data shape: (2560,)
DEBUG: label: 6
DEBUG: appended successfully
Decompressing dir: decompressed/2019_08.tar.xz
Successfully extracted '/cluster/tufts/capstone25skyblue/eelkus01/NEXRADTurbulencePrediction/model_training/../model_inputs/compressed/2019_08.tar.xz' to './decompressed'
Finished decompressing! Time to add to dataloader
DEBUG: found file: F000000_2019_8_df_row.nc, is_file: True
DEBUG: opening F000000_2019_8_df_row.nc
DEBUG: opened, attrs: ['LAT', 'LON', 'ALT', 'DELTA_T', 'TURB']
DEBUG: attrs_arr: [ 3.9908810e+01 -1.0511719e+02  7.0000000e+03  3.0600000e+02
  5.0000000e+00]
DEBUG: features shape: (4,)
DEBUG: flattened_data shape: (2560,)
DEBUG: label: 5
DEBUG: appended successfully
DEBUG: found file: T000000_2019_8_df_row.nc, is_file: True
DEBUG: opening T000000_2019_8_df_row.nc
DEBUG: opened, attrs: ['LAT', 'LON', 'ALT', 'DELTA_T', 'TURB']
DEBUG: attrs_arr: [ 3.5110e+01 -1.0504e+02  9.5000e+03  3.0500e+02  5.0000e+00]
DEBUG: features shape: (4,)
DEBUG: flattened_data shape: (2560,)
DEBUG: label: 5
DEBUG: appended successfully
Decompressing dir: decompressed/2019_09.tar.xz
Successfully extracted '/cluster/tufts/capstone25skyblue/eelkus01/NEXRADTurbulencePrediction/model_training/../model_inputs/compressed/2019_09.tar.xz' to './decompressed'
Finished decompressing! Time to add to dataloader
DEBUG: found file: F000000_2019_9_df_row.nc, is_file: True
DEBUG: opening F000000_2019_9_df_row.nc
DEBUG: opened, attrs: ['LAT', 'LON', 'ALT', 'DELTA_T', 'TURB']
DEBUG: attrs_arr: [ 4.05799838e+01 -1.11970000e+02  8.00000000e+03  4.80000000e+01
  5.00000000e+00]
DEBUG: features shape: (4,)
DEBUG: flattened_data shape: (2560,)
DEBUG: label: 5
DEBUG: appended successfully
DEBUG: found file: T000000_2019_9_df_row.nc, is_file: True
DEBUG: opening T000000_2019_9_df_row.nc
DEBUG: opened, attrs: ['LAT', 'LON', 'ALT', 'DELTA_T', 'TURB']
DEBUG: attrs_arr: [ 3.49083229e+01 -1.07454840e+02  1.15000000e+04  7.50000000e+01
  5.00000000e+00]
DEBUG: features shape: (4,)
DEBUG: flattened_data shape: (2560,)
DEBUG: label: 5
DEBUG: appended successfully
Decompressing dir: decompressed/2019_10.tar.xz
Successfully extracted '/cluster/tufts/capstone25skyblue/eelkus01/NEXRADTurbulencePrediction/model_training/../model_inputs/compressed/2019_10.tar.xz' to './decompressed'
Finished decompressing! Time to add to dataloader
DEBUG: found file: F000000_2019_10_df_row.nc, is_file: True
DEBUG: opening F000000_2019_10_df_row.nc
DEBUG: opened, attrs: ['LAT', 'LON', 'ALT', 'DELTA_T', 'TURB']
DEBUG: attrs_arr: [  33.58817     -85.65802228 4000.          105.            5.        ]
DEBUG: features shape: (4,)
DEBUG: flattened_data shape: (2560,)
DEBUG: label: 5
DEBUG: appended successfully
DEBUG: found file: T000000_2019_10_df_row.nc, is_file: True
DEBUG: opening T000000_2019_10_df_row.nc
DEBUG: opened, attrs: ['LAT', 'LON', 'ALT', 'DELTA_T', 'TURB']
DEBUG: attrs_arr: [ 3.98366354e+01 -1.05062866e+02  6.80000000e+03  1.75000000e+02
  5.00000000e+00]
DEBUG: features shape: (4,)
DEBUG: flattened_data shape: (2560,)
DEBUG: label: 5
DEBUG: appended successfully
Decompressing dir: decompressed/2019_11.tar.xz
Successfully extracted '/cluster/tufts/capstone25skyblue/eelkus01/NEXRADTurbulencePrediction/model_training/../model_inputs/compressed/2019_11.tar.xz' to './decompressed'
Finished decompressing! Time to add to dataloader
DEBUG: found file: F000000_2019_11_df_row.nc, is_file: True
DEBUG: opening F000000_2019_11_df_row.nc
DEBUG: opened, attrs: ['LAT', 'LON', 'ALT', 'DELTA_T', 'TURB']
DEBUG: attrs_arr: [  46.56817    -120.05916593 6000.          195.            6.        ]
DEBUG: features shape: (4,)
DEBUG: flattened_data shape: (2560,)
DEBUG: label: 6
DEBUG: appended successfully
DEBUG: found file: T000000_2019_11_df_row.nc, is_file: True
DEBUG: opening T000000_2019_11_df_row.nc
DEBUG: opened, attrs: ['LAT', 'LON', 'ALT', 'DELTA_T', 'TURB']
DEBUG: attrs_arr: [ 3.611889e+01 -8.668917e+01  3.700000e+04  2.410000e+02  5.000000e+00]
DEBUG: features shape: (4,)
DEBUG: flattened_data shape: (2560,)
DEBUG: label: 5
DEBUG: appended successfully
Decompressing dir: decompressed/2019_12.tar.xz
Successfully extracted '/cluster/tufts/capstone25skyblue/eelkus01/NEXRADTurbulencePrediction/model_training/../model_inputs/compressed/2019_12.tar.xz' to './decompressed'
Finished decompressing! Time to add to dataloader
DEBUG: found file: F000000_2019_12_df_row.nc, is_file: True
DEBUG: opening F000000_2019_12_df_row.nc
DEBUG: opened, attrs: ['LAT', 'LON', 'ALT', 'DELTA_T', 'TURB']
DEBUG: attrs_arr: [  34.59589068  -93.23919523 6000.           28.            6.        ]
DEBUG: features shape: (4,)
DEBUG: flattened_data shape: (2560,)
DEBUG: label: 6
DEBUG: appended successfully
DEBUG: found file: T000000_2019_12_df_row.nc, is_file: True
DEBUG: opening T000000_2019_12_df_row.nc
DEBUG: opened, attrs: ['LAT', 'LON', 'ALT', 'DELTA_T', 'TURB']
DEBUG: attrs_arr: [ 3.9832800e+01 -1.0552572e+02  1.6500000e+04  2.6100000e+02
  5.0000000e+00]
DEBUG: features shape: (4,)
DEBUG: flattened_data shape: (2560,)
DEBUG: label: 5
DEBUG: appended successfully
Decompressing dir: decompressed/2020_01.tar.xz
Successfully extracted '/cluster/tufts/capstone25skyblue/eelkus01/NEXRADTurbulencePrediction/model_training/../model_inputs/compressed/2020_01.tar.xz' to './decompressed'
Finished decompressing! Time to add to dataloader
DEBUG: found file: F000000_2020_1_df_row.nc, is_file: True
DEBUG: opening F000000_2020_1_df_row.nc
DEBUG: opened, attrs: ['LAT', 'LON', 'ALT', 'DELTA_T', 'TURB']
DEBUG: attrs_arr: [ 3.52787187e+01 -8.26952899e+01  5.50000000e+03  1.72000000e+02
  5.00000000e+00]
DEBUG: features shape: (4,)
DEBUG: flattened_data shape: (2560,)
DEBUG: label: 5
DEBUG: appended successfully
DEBUG: found file: T000000_2020_1_df_row.nc, is_file: True
DEBUG: opening T000000_2020_1_df_row.nc
DEBUG: opened, attrs: ['LAT', 'LON', 'ALT', 'DELTA_T', 'TURB']
DEBUG: attrs_arr: [  33.15464941 -116.99478265 4500.          518.            5.        ]
DEBUG: features shape: (4,)
DEBUG: flattened_data shape: (2560,)
DEBUG: label: 5
DEBUG: appended successfully
Decompressing dir: decompressed/2020_02.tar.xz
Successfully extracted '/cluster/tufts/capstone25skyblue/eelkus01/NEXRADTurbulencePrediction/model_training/../model_inputs/compressed/2020_02.tar.xz' to './decompressed'
Finished decompressing! Time to add to dataloader
DEBUG: found file: F000000_2020_2_df_row.nc, is_file: True
DEBUG: opening F000000_2020_2_df_row.nc
DEBUG: opened, attrs: ['LAT', 'LON', 'ALT', 'DELTA_T', 'TURB']
DEBUG: attrs_arr: [ 3.87045272e+01 -7.85685465e+01  8.00000000e+03  2.16000000e+02
  5.00000000e+00]
DEBUG: features shape: (4,)
DEBUG: flattened_data shape: (2560,)
DEBUG: label: 5
DEBUG: appended successfully
DEBUG: found file: T000000_2020_2_df_row.nc, is_file: True
DEBUG: opening T000000_2020_2_df_row.nc
DEBUG: opened, attrs: ['LAT', 'LON', 'ALT', 'DELTA_T', 'TURB']
DEBUG: attrs_arr: [ 3.99744692e+01 -1.05132283e+02  6.30000000e+03  3.60000000e+02
  5.00000000e+00]
DEBUG: features shape: (4,)
DEBUG: flattened_data shape: (2560,)
DEBUG: label: 5
DEBUG: appended successfully
Decompressing dir: decompressed/2020_03.tar.xz
Successfully extracted '/cluster/tufts/capstone25skyblue/eelkus01/NEXRADTurbulencePrediction/model_training/../model_inputs/compressed/2020_03.tar.xz' to './decompressed'
Finished decompressing! Time to add to dataloader
DEBUG: found file: F000000_2020_3_df_row.nc, is_file: True
DEBUG: opening F000000_2020_3_df_row.nc
DEBUG: opened, attrs: ['LAT', 'LON', 'ALT', 'DELTA_T', 'TURB']
DEBUG: attrs_arr: [ 4.23983500e+01 -9.02577256e+01  2.50000000e+04  8.80000000e+01
  6.00000000e+00]
DEBUG: features shape: (4,)
DEBUG: flattened_data shape: (2560,)
DEBUG: label: 6
DEBUG: appended successfully
DEBUG: found file: T000000_2020_3_df_row.nc, is_file: True
DEBUG: opening T000000_2020_3_df_row.nc
DEBUG: opened, attrs: ['LAT', 'LON', 'ALT', 'DELTA_T', 'TURB']
DEBUG: attrs_arr: [ 3.59979700e+01 -9.00246481e+01  2.20000000e+04  2.08000000e+02
  5.00000000e+00]
DEBUG: features shape: (4,)
DEBUG: flattened_data shape: (2560,)
DEBUG: label: 5
DEBUG: appended successfully
Decompressing dir: decompressed/2020_04.tar.xz
Successfully extracted '/cluster/tufts/capstone25skyblue/eelkus01/NEXRADTurbulencePrediction/model_training/../model_inputs/compressed/2020_04.tar.xz' to './decompressed'
Finished decompressing! Time to add to dataloader
DEBUG: found file: F000000_2020_4_df_row.nc, is_file: True
DEBUG: opening F000000_2020_4_df_row.nc
DEBUG: opened, attrs: ['LAT', 'LON', 'ALT', 'DELTA_T', 'TURB']
DEBUG: attrs_arr: [  35.05791002  -78.06811584 4000.          410.            5.        ]
DEBUG: features shape: (4,)
DEBUG: flattened_data shape: (2560,)
DEBUG: label: 5
DEBUG: appended successfully
DEBUG: found file: T000000_2020_4_df_row.nc, is_file: True
DEBUG: opening T000000_2020_4_df_row.nc
DEBUG: opened, attrs: ['LAT', 'LON', 'ALT', 'DELTA_T', 'TURB']
DEBUG: attrs_arr: [ 4.493583e+01 -7.484556e+01  7.000000e+03  2.070000e+02  5.000000e+00]
DEBUG: features shape: (4,)
DEBUG: flattened_data shape: (2560,)
DEBUG: label: 5
DEBUG: appended successfully
Decompressing dir: decompressed/2020_05.tar.xz
Successfully extracted '/cluster/tufts/capstone25skyblue/eelkus01/NEXRADTurbulencePrediction/model_training/../model_inputs/compressed/2020_05.tar.xz' to './decompressed'
Finished decompressing! Time to add to dataloader
DEBUG: found file: F000000_2020_5_df_row.nc, is_file: True
DEBUG: opening F000000_2020_5_df_row.nc
DEBUG: opened, attrs: ['LAT', 'LON', 'ALT', 'DELTA_T', 'TURB']
DEBUG: attrs_arr: [ 3.1811110e+01 -1.0637583e+02  1.0500000e+04  3.9200000e+02
  5.0000000e+00]
DEBUG: features shape: (4,)
DEBUG: flattened_data shape: (2560,)
DEBUG: label: 5
DEBUG: appended successfully
DEBUG: found file: T000000_2020_5_df_row.nc, is_file: True
DEBUG: opening T000000_2020_5_df_row.nc
DEBUG: opened, attrs: ['LAT', 'LON', 'ALT', 'DELTA_T', 'TURB']
DEBUG: attrs_arr: [ 3.10360195e+01 -8.25065600e+01  8.00000000e+03  1.00000000e+00
  5.00000000e+00]
DEBUG: features shape: (4,)
DEBUG: flattened_data shape: (2560,)
DEBUG: label: 5
DEBUG: appended successfully
Decompressing dir: decompressed/2020_06.tar.xz
Successfully extracted '/cluster/tufts/capstone25skyblue/eelkus01/NEXRADTurbulencePrediction/model_training/../model_inputs/compressed/2020_06.tar.xz' to './decompressed'
Finished decompressing! Time to add to dataloader
DEBUG: found file: F000000_2020_6_df_row.nc, is_file: True
DEBUG: opening F000000_2020_6_df_row.nc
DEBUG: opened, attrs: ['LAT', 'LON', 'ALT', 'DELTA_T', 'TURB']
DEBUG: attrs_arr: [ 3.75049497e+01 -8.84633595e+01  3.40000000e+04  1.10000000e+02
  5.00000000e+00]
DEBUG: features shape: (4,)
DEBUG: flattened_data shape: (2560,)
DEBUG: label: 5
DEBUG: appended successfully
DEBUG: found file: T000000_2020_6_df_row.nc, is_file: True
DEBUG: opening T000000_2020_6_df_row.nc
DEBUG: opened, attrs: ['LAT', 'LON', 'ALT', 'DELTA_T', 'TURB']
DEBUG: attrs_arr: [ 4.299e+01 -7.334e+01  3.500e+04  3.100e+02  6.000e+00]
DEBUG: features shape: (4,)
DEBUG: flattened_data shape: (2560,)
DEBUG: label: 6
DEBUG: appended successfully
Decompressing dir: decompressed/2020_07.tar.xz
Successfully extracted '/cluster/tufts/capstone25skyblue/eelkus01/NEXRADTurbulencePrediction/model_training/../model_inputs/compressed/2020_07.tar.xz' to './decompressed'
Finished decompressing! Time to add to dataloader
DEBUG: found file: F000000_2020_7_df_row.nc, is_file: True
DEBUG: opening F000000_2020_7_df_row.nc
DEBUG: opened, attrs: ['LAT', 'LON', 'ALT', 'DELTA_T', 'TURB']
DEBUG: attrs_arr: [  32.96856     -96.85631725 1600.          225.            6.        ]
DEBUG: features shape: (4,)
DEBUG: flattened_data shape: (2560,)
DEBUG: label: 6
DEBUG: appended successfully
DEBUG: found file: T000000_2020_7_df_row.nc, is_file: True
DEBUG: opening T000000_2020_7_df_row.nc
DEBUG: opened, attrs: ['LAT', 'LON', 'ALT', 'DELTA_T', 'TURB']
DEBUG: attrs_arr: [ 3.80443493e+01 -7.90043838e+01  3.60000000e+04  1.13000000e+02
  6.00000000e+00]
DEBUG: features shape: (4,)
DEBUG: flattened_data shape: (2560,)
DEBUG: label: 6
DEBUG: appended successfully
Decompressing dir: decompressed/2020_08.tar.xz
Successfully extracted '/cluster/tufts/capstone25skyblue/eelkus01/NEXRADTurbulencePrediction/model_training/../model_inputs/compressed/2020_08.tar.xz' to './decompressed'
Finished decompressing! Time to add to dataloader
DEBUG: found file: F000000_2020_8_df_row.nc, is_file: True
DEBUG: opening F000000_2020_8_df_row.nc
DEBUG: opened, attrs: ['LAT', 'LON', 'ALT', 'DELTA_T', 'TURB']
DEBUG: attrs_arr: [ 3.983280e+01 -1.046575e+02  2.300000e+04  1.440000e+02  6.000000e+00]
DEBUG: features shape: (4,)
DEBUG: flattened_data shape: (2560,)
DEBUG: label: 6
DEBUG: appended successfully
DEBUG: found file: T000000_2020_8_df_row.nc, is_file: True
DEBUG: opening T000000_2020_8_df_row.nc
DEBUG: opened, attrs: ['LAT', 'LON', 'ALT', 'DELTA_T', 'TURB']
DEBUG: attrs_arr: [ 2.73824066e+01 -8.03676868e+01  1.20000000e+04  1.80000000e+01
  6.00000000e+00]
DEBUG: features shape: (4,)
DEBUG: flattened_data shape: (2560,)
DEBUG: label: 6
DEBUG: appended successfully
Decompressing dir: decompressed/2020_09.tar.xz
Successfully extracted '/cluster/tufts/capstone25skyblue/eelkus01/NEXRADTurbulencePrediction/model_training/../model_inputs/compressed/2020_09.tar.xz' to './decompressed'
Finished decompressing! Time to add to dataloader
DEBUG: found file: F000000_2020_9_df_row.nc, is_file: True
DEBUG: opening F000000_2020_9_df_row.nc
DEBUG: opened, attrs: ['LAT', 'LON', 'ALT', 'DELTA_T', 'TURB']
DEBUG: attrs_arr: [ 3.97143493e+01 -1.04958115e+02  8.30000000e+03  1.61000000e+02
  5.00000000e+00]
DEBUG: features shape: (4,)
DEBUG: flattened_data shape: (2560,)
DEBUG: label: 5
DEBUG: appended successfully
DEBUG: found file: T000000_2020_9_df_row.nc, is_file: True
DEBUG: opening T000000_2020_9_df_row.nc
DEBUG: opened, attrs: ['LAT', 'LON', 'ALT', 'DELTA_T', 'TURB']
DEBUG: attrs_arr: [  61.11946239 -150.35549365 4000.          297.            6.        ]
DEBUG: features shape: (4,)
DEBUG: flattened_data shape: (2560,)
DEBUG: label: 6
DEBUG: appended successfully
Decompressing dir: decompressed/2020_10.tar.xz
Successfully extracted '/cluster/tufts/capstone25skyblue/eelkus01/NEXRADTurbulencePrediction/model_training/../model_inputs/compressed/2020_10.tar.xz' to './decompressed'
Finished decompressing! Time to add to dataloader
DEBUG: found file: F000000_2020_10_df_row.nc, is_file: True
DEBUG: opening F000000_2020_10_df_row.nc
DEBUG: opened, attrs: ['LAT', 'LON', 'ALT', 'DELTA_T', 'TURB']
DEBUG: attrs_arr: [ 4.02018097e+01 -1.05011340e+02  7.00000000e+03  1.46000000e+02
  5.00000000e+00]
DEBUG: features shape: (4,)
DEBUG: flattened_data shape: (2560,)
DEBUG: label: 5
DEBUG: appended successfully
DEBUG: found file: T000000_2020_10_df_row.nc, is_file: True
DEBUG: opening T000000_2020_10_df_row.nc
DEBUG: opened, attrs: ['LAT', 'LON', 'ALT', 'DELTA_T', 'TURB']
DEBUG: attrs_arr: [ 3.73116859e+01 -1.22315876e+02  8.00000000e+03  5.57000000e+02
  6.00000000e+00]
DEBUG: features shape: (4,)
DEBUG: flattened_data shape: (2560,)
DEBUG: label: 6
DEBUG: appended successfully
Decompressing dir: decompressed/2020_11.tar.xz
Successfully extracted '/cluster/tufts/capstone25skyblue/eelkus01/NEXRADTurbulencePrediction/model_training/../model_inputs/compressed/2020_11.tar.xz' to './decompressed'
Finished decompressing! Time to add to dataloader
DEBUG: found file: F000000_2020_11_df_row.nc, is_file: True
DEBUG: opening F000000_2020_11_df_row.nc
DEBUG: opened, attrs: ['LAT', 'LON', 'ALT', 'DELTA_T', 'TURB']
DEBUG: attrs_arr: [  61.08448804 -150.47721718 2000.          388.            6.        ]
DEBUG: features shape: (4,)
DEBUG: flattened_data shape: (2560,)
DEBUG: label: 6
DEBUG: appended successfully
DEBUG: found file: T000000_2020_11_df_row.nc, is_file: True
DEBUG: opening T000000_2020_11_df_row.nc
DEBUG: opened, attrs: ['LAT', 'LON', 'ALT', 'DELTA_T', 'TURB']
DEBUG: attrs_arr: [ 4.08855120e+01 -7.51303616e+01  2.60000000e+04  3.32000000e+02
  5.00000000e+00]
DEBUG: features shape: (4,)
DEBUG: flattened_data shape: (2560,)
DEBUG: label: 5
DEBUG: appended successfully
Decompressing dir: decompressed/2020_12.tar.xz
Successfully extracted '/cluster/tufts/capstone25skyblue/eelkus01/NEXRADTurbulencePrediction/model_training/../model_inputs/compressed/2020_12.tar.xz' to './decompressed'
Finished decompressing! Time to add to dataloader
DEBUG: found file: F000000_2020_12_df_row.nc, is_file: True
DEBUG: opening F000000_2020_12_df_row.nc
DEBUG: opened, attrs: ['LAT', 'LON', 'ALT', 'DELTA_T', 'TURB']
DEBUG: attrs_arr: [ 3.9483890e+01 -1.1977111e+02  1.2000000e+04  1.8000000e+01
  5.0000000e+00]
DEBUG: features shape: (4,)
DEBUG: flattened_data shape: (2560,)
DEBUG: label: 5
DEBUG: appended successfully
DEBUG: found file: T000000_2020_12_df_row.nc, is_file: True
DEBUG: opening T000000_2020_12_df_row.nc
DEBUG: opened, attrs: ['LAT', 'LON', 'ALT', 'DELTA_T', 'TURB']
DEBUG: attrs_arr: [ 3.3920e+01 -1.1753e+02  8.0000e+03  1.6000e+01  6.0000e+00]
DEBUG: features shape: (4,)
DEBUG: flattened_data shape: (2560,)
DEBUG: label: 6
DEBUG: appended successfully
Decompressing dir: decompressed/2021_01.tar.xz
Successfully extracted '/cluster/tufts/capstone25skyblue/eelkus01/NEXRADTurbulencePrediction/model_training/../model_inputs/compressed/2021_01.tar.xz' to './decompressed'
Finished decompressing! Time to add to dataloader
DEBUG: found file: F000000_2021_1_df_row.nc, is_file: True
DEBUG: opening F000000_2021_1_df_row.nc
DEBUG: opened, attrs: ['LAT', 'LON', 'ALT', 'DELTA_T', 'TURB']
DEBUG: attrs_arr: [ 3.91391703e+01 -1.04700780e+02  1.10000000e+04  1.67000000e+02
  5.00000000e+00]
DEBUG: features shape: (4,)
DEBUG: flattened_data shape: (2560,)
DEBUG: label: 5
DEBUG: appended successfully
DEBUG: found file: T000000_2021_1_df_row.nc, is_file: True
DEBUG: opening T000000_2021_1_df_row.nc
DEBUG: opened, attrs: ['LAT', 'LON', 'ALT', 'DELTA_T', 'TURB']
DEBUG: attrs_arr: [ 3.93662709e+01 -1.05026260e+02  1.10000000e+04  8.70000000e+01
  5.00000000e+00]
DEBUG: features shape: (4,)
DEBUG: flattened_data shape: (2560,)
DEBUG: label: 5
DEBUG: appended successfully
Decompressing dir: decompressed/2021_02.tar.xz
Successfully extracted '/cluster/tufts/capstone25skyblue/eelkus01/NEXRADTurbulencePrediction/model_training/../model_inputs/compressed/2021_02.tar.xz' to './decompressed'
Finished decompressing! Time to add to dataloader
DEBUG: found file: F000000_2021_2_df_row.nc, is_file: True
DEBUG: opening F000000_2021_2_df_row.nc
DEBUG: opened, attrs: ['LAT', 'LON', 'ALT', 'DELTA_T', 'TURB']
DEBUG: attrs_arr: [  34.42611    -119.54050223 3500.          151.            5.        ]
DEBUG: features shape: (4,)
DEBUG: flattened_data shape: (2560,)
DEBUG: label: 5
DEBUG: appended successfully
DEBUG: found file: T000000_2021_2_df_row.nc, is_file: True
DEBUG: opening T000000_2021_2_df_row.nc
DEBUG: opened, attrs: ['LAT', 'LON', 'ALT', 'DELTA_T', 'TURB']
DEBUG: attrs_arr: [  32.57 -116.98 2500.    251.      5.  ]
DEBUG: features shape: (4,)
DEBUG: flattened_data shape: (2560,)
DEBUG: label: 5
DEBUG: appended successfully
Decompressing dir: decompressed/2021_03.tar.xz
Successfully extracted '/cluster/tufts/capstone25skyblue/eelkus01/NEXRADTurbulencePrediction/model_training/../model_inputs/compressed/2021_03.tar.xz' to './decompressed'
Finished decompressing! Time to add to dataloader
DEBUG: found file: F000000_2021_3_df_row.nc, is_file: True
DEBUG: opening F000000_2021_3_df_row.nc
DEBUG: opened, attrs: ['LAT', 'LON', 'ALT', 'DELTA_T', 'TURB']
DEBUG: attrs_arr: [  41.67639  -70.95833 2500.       213.         5.     ]
DEBUG: features shape: (4,)
DEBUG: flattened_data shape: (2560,)
DEBUG: label: 5
DEBUG: appended successfully
DEBUG: found file: T000000_2021_3_df_row.nc, is_file: True
DEBUG: opening T000000_2021_3_df_row.nc
DEBUG: opened, attrs: ['LAT', 'LON', 'ALT', 'DELTA_T', 'TURB']
DEBUG: attrs_arr: [ 3.16007396e+01 -8.63515539e+01  4.30000000e+04  2.05000000e+02
  5.00000000e+00]
DEBUG: features shape: (4,)
DEBUG: flattened_data shape: (2560,)
DEBUG: label: 5
DEBUG: appended successfully
Decompressing dir: decompressed/2021_04.tar.xz
Successfully extracted '/cluster/tufts/capstone25skyblue/eelkus01/NEXRADTurbulencePrediction/model_training/../model_inputs/compressed/2021_04.tar.xz' to './decompressed'
Finished decompressing! Time to add to dataloader
DEBUG: found file: F000000_2021_4_df_row.nc, is_file: True
DEBUG: opening F000000_2021_4_df_row.nc
DEBUG: opened, attrs: ['LAT', 'LON', 'ALT', 'DELTA_T', 'TURB']
DEBUG: attrs_arr: [  42.75757  -73.80361 5000.       182.         7.     ]
DEBUG: features shape: (4,)
DEBUG: flattened_data shape: (2560,)
DEBUG: label: 7
DEBUG: appended successfully
DEBUG: found file: T000000_2021_4_df_row.nc, is_file: True
DEBUG: opening T000000_2021_4_df_row.nc
DEBUG: opened, attrs: ['LAT', 'LON', 'ALT', 'DELTA_T', 'TURB']
DEBUG: attrs_arr: [ 3.02667910e+01 -9.07943262e+01  1.30000000e+04  2.26000000e+02
  5.00000000e+00]
DEBUG: features shape: (4,)
DEBUG: flattened_data shape: (2560,)
DEBUG: label: 5
DEBUG: appended successfully
Decompressing dir: decompressed/2021_05.tar.xz
Successfully extracted '/cluster/tufts/capstone25skyblue/eelkus01/NEXRADTurbulencePrediction/model_training/../model_inputs/compressed/2021_05.tar.xz' to './decompressed'
Finished decompressing! Time to add to dataloader
DEBUG: found file: F000000_2021_5_df_row.nc, is_file: True
DEBUG: opening F000000_2021_5_df_row.nc
DEBUG: opened, attrs: ['LAT', 'LON', 'ALT', 'DELTA_T', 'TURB']
DEBUG: attrs_arr: [ 3.74897203e+01 -9.33897000e+01  4.00000000e+03  1.00000000e+00
  6.00000000e+00]
DEBUG: features shape: (4,)
DEBUG: flattened_data shape: (2560,)
DEBUG: label: 6
DEBUG: appended successfully
DEBUG: found file: T000000_2021_5_df_row.nc, is_file: True
DEBUG: opening T000000_2021_5_df_row.nc
DEBUG: opened, attrs: ['LAT', 'LON', 'ALT', 'DELTA_T', 'TURB']
DEBUG: attrs_arr: [  61.17 -149.99 6000.    243.      7.  ]
DEBUG: features shape: (4,)
DEBUG: flattened_data shape: (2560,)
DEBUG: label: 7
DEBUG: appended successfully
Decompressing dir: decompressed/2021_06.tar.xz
Successfully extracted '/cluster/tufts/capstone25skyblue/eelkus01/NEXRADTurbulencePrediction/model_training/../model_inputs/compressed/2021_06.tar.xz' to './decompressed'
Finished decompressing! Time to add to dataloader
DEBUG: found file: F000000_2021_6_df_row.nc, is_file: True
DEBUG: opening F000000_2021_6_df_row.nc
DEBUG: opened, attrs: ['LAT', 'LON', 'ALT', 'DELTA_T', 'TURB']
DEBUG: attrs_arr: [ 3.95508694e+01 -1.04791127e+02  9.00000000e+03  2.60000000e+01
  5.00000000e+00]
DEBUG: features shape: (4,)
DEBUG: flattened_data shape: (2560,)
DEBUG: label: 5
DEBUG: appended successfully
DEBUG: found file: T000000_2021_6_df_row.nc, is_file: True
DEBUG: opening T000000_2021_6_df_row.nc
DEBUG: opened, attrs: ['LAT', 'LON', 'ALT', 'DELTA_T', 'TURB']
DEBUG: attrs_arr: [ 3.43404e+01 -8.31308e+01  7.00000e+03  2.27000e+02  5.00000e+00]
DEBUG: features shape: (4,)
DEBUG: flattened_data shape: (2560,)
DEBUG: label: 5
DEBUG: appended successfully
Decompressing dir: decompressed/2021_07.tar.xz
Successfully extracted '/cluster/tufts/capstone25skyblue/eelkus01/NEXRADTurbulencePrediction/model_training/../model_inputs/compressed/2021_07.tar.xz' to './decompressed'
Finished decompressing! Time to add to dataloader
DEBUG: found file: F000000_2021_7_df_row.nc, is_file: True
DEBUG: opening F000000_2021_7_df_row.nc
DEBUG: opened, attrs: ['LAT', 'LON', 'ALT', 'DELTA_T', 'TURB']
DEBUG: attrs_arr: [ 3.61625625e+01 -1.15050168e+02  7.00000000e+03  3.97000000e+02
  5.00000000e+00]
DEBUG: features shape: (4,)
DEBUG: flattened_data shape: (2560,)
DEBUG: label: 5
DEBUG: appended successfully
DEBUG: found file: T000000_2021_7_df_row.nc, is_file: True
DEBUG: opening T000000_2021_7_df_row.nc
DEBUG: opened, attrs: ['LAT', 'LON', 'ALT', 'DELTA_T', 'TURB']
DEBUG: attrs_arr: [ 3.28986000e+01 -8.06360464e+01  3.80000000e+04  9.20000000e+01
  7.00000000e+00]
DEBUG: features shape: (4,)
DEBUG: flattened_data shape: (2560,)
DEBUG: label: 7
DEBUG: appended successfully
Decompressing dir: decompressed/2021_08.tar.xz
Successfully extracted '/cluster/tufts/capstone25skyblue/eelkus01/NEXRADTurbulencePrediction/model_training/../model_inputs/compressed/2021_08.tar.xz' to './decompressed'
Finished decompressing! Time to add to dataloader
DEBUG: found file: F000000_2021_8_df_row.nc, is_file: True
DEBUG: opening F000000_2021_8_df_row.nc
DEBUG: opened, attrs: ['LAT', 'LON', 'ALT', 'DELTA_T', 'TURB']
DEBUG: attrs_arr: [ 4.52801889e+01 -7.94227800e+01  3.70000000e+04  2.83000000e+02
  7.00000000e+00]
DEBUG: features shape: (4,)
DEBUG: flattened_data shape: (2560,)
DEBUG: label: 7
DEBUG: appended successfully
DEBUG: found file: T000000_2021_8_df_row.nc, is_file: True
DEBUG: opening T000000_2021_8_df_row.nc
DEBUG: opened, attrs: ['LAT', 'LON', 'ALT', 'DELTA_T', 'TURB']
DEBUG: attrs_arr: [  27.49806  -80.37667 3000.       117.         5.     ]
DEBUG: features shape: (4,)
DEBUG: flattened_data shape: (2560,)
DEBUG: label: 5
DEBUG: appended successfully
Decompressing dir: decompressed/2021_09.tar.xz
Successfully extracted '/cluster/tufts/capstone25skyblue/eelkus01/NEXRADTurbulencePrediction/model_training/../model_inputs/compressed/2021_09.tar.xz' to './decompressed'
Finished decompressing! Time to add to dataloader
DEBUG: found file: F000000_2021_9_df_row.nc, is_file: True
DEBUG: opening F000000_2021_9_df_row.nc
DEBUG: opened, attrs: ['LAT', 'LON', 'ALT', 'DELTA_T', 'TURB']
DEBUG: attrs_arr: [  41.17  -95.74 3500.     88.      8.  ]
DEBUG: features shape: (4,)
DEBUG: flattened_data shape: (2560,)
DEBUG: label: 8
DEBUG: appended successfully
DEBUG: found file: T000000_2021_9_df_row.nc, is_file: True
DEBUG: opening T000000_2021_9_df_row.nc
DEBUG: opened, attrs: ['LAT', 'LON', 'ALT', 'DELTA_T', 'TURB']
DEBUG: attrs_arr: [  57.25157031 -135.81069766 4000.           43.            5.        ]
DEBUG: features shape: (4,)
DEBUG: flattened_data shape: (2560,)
DEBUG: label: 5
DEBUG: appended successfully
Decompressing dir: decompressed/2021_10.tar.xz
Successfully extracted '/cluster/tufts/capstone25skyblue/eelkus01/NEXRADTurbulencePrediction/model_training/../model_inputs/compressed/2021_10.tar.xz' to './decompressed'
Finished decompressing! Time to add to dataloader
DEBUG: found file: F000000_2021_10_df_row.nc, is_file: True
DEBUG: opening F000000_2021_10_df_row.nc
DEBUG: opened, attrs: ['LAT', 'LON', 'ALT', 'DELTA_T', 'TURB']
DEBUG: attrs_arr: [ 3.59695579e+01 -8.71707564e+01  1.20000000e+04  3.90000000e+01
  5.00000000e+00]
DEBUG: features shape: (4,)
DEBUG: flattened_data shape: (2560,)
DEBUG: label: 5
DEBUG: appended successfully
DEBUG: found file: T000000_2021_10_df_row.nc, is_file: True
DEBUG: opening T000000_2021_10_df_row.nc
DEBUG: opened, attrs: ['LAT', 'LON', 'ALT', 'DELTA_T', 'TURB']
DEBUG: attrs_arr: [ 3.9820000e+01 -7.3995971e+01  1.5000000e+04  2.9900000e+02
  5.0000000e+00]
DEBUG: features shape: (4,)
DEBUG: flattened_data shape: (2560,)
DEBUG: label: 5
DEBUG: appended successfully
Decompressing dir: decompressed/2021_11.tar.xz
Successfully extracted '/cluster/tufts/capstone25skyblue/eelkus01/NEXRADTurbulencePrediction/model_training/../model_inputs/compressed/2021_11.tar.xz' to './decompressed'
Finished decompressing! Time to add to dataloader
DEBUG: found file: F000000_2021_11_df_row.nc, is_file: True
DEBUG: opening F000000_2021_11_df_row.nc
DEBUG: opened, attrs: ['LAT', 'LON', 'ALT', 'DELTA_T', 'TURB']
DEBUG: attrs_arr: [ 4.0163670e+01 -1.0516304e+02  6.0000000e+03  1.1900000e+02
  5.0000000e+00]
DEBUG: features shape: (4,)
DEBUG: flattened_data shape: (2560,)
DEBUG: label: 5
DEBUG: appended successfully
DEBUG: found file: T000000_2021_11_df_row.nc, is_file: True
DEBUG: opening T000000_2021_11_df_row.nc
DEBUG: opened, attrs: ['LAT', 'LON', 'ALT', 'DELTA_T', 'TURB']
DEBUG: attrs_arr: [ 4.17380302e+01 -1.11607558e+02  1.15000000e+04  1.36000000e+02
  5.00000000e+00]
DEBUG: features shape: (4,)
DEBUG: flattened_data shape: (2560,)
DEBUG: label: 5
DEBUG: appended successfully
Decompressing dir: decompressed/2021_12.tar.xz
Successfully extracted '/cluster/tufts/capstone25skyblue/eelkus01/NEXRADTurbulencePrediction/model_training/../model_inputs/compressed/2021_12.tar.xz' to './decompressed'
Finished decompressing! Time to add to dataloader
DEBUG: found file: F000000_2021_12_df_row.nc, is_file: True
DEBUG: opening F000000_2021_12_df_row.nc
DEBUG: opened, attrs: ['LAT', 'LON', 'ALT', 'DELTA_T', 'TURB']
DEBUG: attrs_arr: [ 3.30100000e+01 -8.16875317e+01  1.90000000e+04  2.46000000e+02
  5.00000000e+00]
DEBUG: features shape: (4,)
DEBUG: flattened_data shape: (2560,)
DEBUG: label: 5
DEBUG: appended successfully
DEBUG: found file: T000000_2021_12_df_row.nc, is_file: True
DEBUG: opening T000000_2021_12_df_row.nc
DEBUG: opened, attrs: ['LAT', 'LON', 'ALT', 'DELTA_T', 'TURB']
DEBUG: attrs_arr: [ 3.26947877e+01 -1.11057591e+02  2.50000000e+04  1.76000000e+02
  6.00000000e+00]
DEBUG: features shape: (4,)
DEBUG: flattened_data shape: (2560,)
DEBUG: label: 6
DEBUG: appended successfully
Decompressing dir: decompressed/2022_01.tar.xz
Successfully extracted '/cluster/tufts/capstone25skyblue/eelkus01/NEXRADTurbulencePrediction/model_training/../model_inputs/compressed/2022_01.tar.xz' to './decompressed'
Finished decompressing! Time to add to dataloader
DEBUG: found file: F000000_2022_1_df_row.nc, is_file: True
DEBUG: opening F000000_2022_1_df_row.nc
DEBUG: opened, attrs: ['LAT', 'LON', 'ALT', 'DELTA_T', 'TURB']
DEBUG: attrs_arr: [  33.30281782 -117.04808872 4000.          377.            5.        ]
DEBUG: features shape: (4,)
DEBUG: flattened_data shape: (2560,)
DEBUG: label: 5
DEBUG: appended successfully
DEBUG: found file: T000000_2022_1_df_row.nc, is_file: True
DEBUG: opening T000000_2022_1_df_row.nc
DEBUG: opened, attrs: ['LAT', 'LON', 'ALT', 'DELTA_T', 'TURB']
DEBUG: attrs_arr: [ 4.00828203e+01 -1.05221425e+02  1.50000000e+04  2.20000000e+02
  8.00000000e+00]
DEBUG: features shape: (4,)
DEBUG: flattened_data shape: (2560,)
DEBUG: label: 8
DEBUG: appended successfully
Decompressing dir: decompressed/2022_02.tar.xz
Successfully extracted '/cluster/tufts/capstone25skyblue/eelkus01/NEXRADTurbulencePrediction/model_training/../model_inputs/compressed/2022_02.tar.xz' to './decompressed'
Finished decompressing! Time to add to dataloader
DEBUG: found file: F000000_2022_2_df_row.nc, is_file: True
DEBUG: opening F000000_2022_2_df_row.nc
DEBUG: opened, attrs: ['LAT', 'LON', 'ALT', 'DELTA_T', 'TURB']
DEBUG: attrs_arr: [  35.23809025 -120.64408212 5000.          414.            5.        ]
DEBUG: features shape: (4,)
DEBUG: flattened_data shape: (2560,)
DEBUG: label: 5
DEBUG: appended successfully
DEBUG: found file: T000000_2022_2_df_row.nc, is_file: True
DEBUG: opening T000000_2022_2_df_row.nc
DEBUG: opened, attrs: ['LAT', 'LON', 'ALT', 'DELTA_T', 'TURB']
DEBUG: attrs_arr: [  34.23840114 -118.53870041 3500.          112.            5.        ]
DEBUG: features shape: (4,)
DEBUG: flattened_data shape: (2560,)
DEBUG: label: 5
DEBUG: appended successfully
Decompressing dir: decompressed/2022_03.tar.xz
Successfully extracted '/cluster/tufts/capstone25skyblue/eelkus01/NEXRADTurbulencePrediction/model_training/../model_inputs/compressed/2022_03.tar.xz' to './decompressed'
Finished decompressing! Time to add to dataloader
DEBUG: found file: F000000_2022_3_df_row.nc, is_file: True
DEBUG: opening F000000_2022_3_df_row.nc
DEBUG: opened, attrs: ['LAT', 'LON', 'ALT', 'DELTA_T', 'TURB']
DEBUG: attrs_arr: [ 3.30305349e+01 -9.72476341e+01  6.50000000e+03  1.85000000e+02
  5.00000000e+00]
DEBUG: features shape: (4,)
DEBUG: flattened_data shape: (2560,)
DEBUG: label: 5
DEBUG: appended successfully
DEBUG: found file: T000000_2022_3_df_row.nc, is_file: True
DEBUG: opening T000000_2022_3_df_row.nc
DEBUG: opened, attrs: ['LAT', 'LON', 'ALT', 'DELTA_T', 'TURB']
DEBUG: attrs_arr: [ 3.63105800e+01 -8.15296091e+01  2.00000000e+04  1.80000000e+01
  5.00000000e+00]
DEBUG: features shape: (4,)
DEBUG: flattened_data shape: (2560,)
DEBUG: label: 5
DEBUG: appended successfully
Decompressing dir: decompressed/2022_04.tar.xz
Successfully extracted '/cluster/tufts/capstone25skyblue/eelkus01/NEXRADTurbulencePrediction/model_training/../model_inputs/compressed/2022_04.tar.xz' to './decompressed'
Finished decompressing! Time to add to dataloader
DEBUG: found file: F000000_2022_4_df_row.nc, is_file: True
DEBUG: opening F000000_2022_4_df_row.nc
DEBUG: opened, attrs: ['LAT', 'LON', 'ALT', 'DELTA_T', 'TURB']
DEBUG: attrs_arr: [ 3.09479444e+01 -8.69884957e+01  8.00000000e+03  2.23000000e+02
  5.00000000e+00]
DEBUG: features shape: (4,)
DEBUG: flattened_data shape: (2560,)
DEBUG: label: 5
DEBUG: appended successfully
DEBUG: found file: T000000_2022_4_df_row.nc, is_file: True
DEBUG: opening T000000_2022_4_df_row.nc
DEBUG: opened, attrs: ['LAT', 'LON', 'ALT', 'DELTA_T', 'TURB']
DEBUG: attrs_arr: [ 3.97421298e+01 -1.05117190e+02  1.40000000e+04  1.29000000e+02
  7.00000000e+00]
DEBUG: features shape: (4,)
DEBUG: flattened_data shape: (2560,)
DEBUG: label: 7
DEBUG: appended successfully
Decompressing dir: decompressed/2022_05.tar.xz
Successfully extracted '/cluster/tufts/capstone25skyblue/eelkus01/NEXRADTurbulencePrediction/model_training/../model_inputs/compressed/2022_05.tar.xz' to './decompressed'
Finished decompressing! Time to add to dataloader
DEBUG: found file: F000000_2022_5_df_row.nc, is_file: True
DEBUG: opening F000000_2022_5_df_row.nc
DEBUG: opened, attrs: ['LAT', 'LON', 'ALT', 'DELTA_T', 'TURB']
DEBUG: attrs_arr: [ 3.82900000e+01 -7.61876373e+01  1.00000000e+04  7.90000000e+01
  5.00000000e+00]
DEBUG: features shape: (4,)
DEBUG: flattened_data shape: (2560,)
DEBUG: label: 5
DEBUG: appended successfully
DEBUG: found file: T000000_2022_5_df_row.nc, is_file: True
DEBUG: opening T000000_2022_5_df_row.nc
DEBUG: opened, attrs: ['LAT', 'LON', 'ALT', 'DELTA_T', 'TURB']
DEBUG: attrs_arr: [ 3.633917e+01 -9.791650e+01  1.200000e+04  2.470000e+02  5.000000e+00]
DEBUG: features shape: (4,)
DEBUG: flattened_data shape: (2560,)
DEBUG: label: 5
DEBUG: appended successfully
Decompressing dir: decompressed/2022_06.tar.xz
Successfully extracted '/cluster/tufts/capstone25skyblue/eelkus01/NEXRADTurbulencePrediction/model_training/../model_inputs/compressed/2022_06.tar.xz' to './decompressed'
Finished decompressing! Time to add to dataloader
DEBUG: found file: F000000_2022_6_df_row.nc, is_file: True
DEBUG: opening F000000_2022_6_df_row.nc
DEBUG: opened, attrs: ['LAT', 'LON', 'ALT', 'DELTA_T', 'TURB']
DEBUG: attrs_arr: [  32.53402215  -95.01916982 4000.          227.            5.        ]
DEBUG: features shape: (4,)
DEBUG: flattened_data shape: (2560,)
DEBUG: label: 5
DEBUG: appended successfully
DEBUG: found file: T000000_2022_6_df_row.nc, is_file: True
DEBUG: opening T000000_2022_6_df_row.nc
DEBUG: opened, attrs: ['LAT', 'LON', 'ALT', 'DELTA_T', 'TURB']
DEBUG: attrs_arr: [ 2.58713393e+01 -8.17567300e+01  2.60000000e+04  2.40000000e+01
  6.00000000e+00]
DEBUG: features shape: (4,)
DEBUG: flattened_data shape: (2560,)
DEBUG: label: 6
DEBUG: appended successfully
Decompressing dir: decompressed/2022_07.tar.xz
Successfully extracted '/cluster/tufts/capstone25skyblue/eelkus01/NEXRADTurbulencePrediction/model_training/../model_inputs/compressed/2022_07.tar.xz' to './decompressed'
Finished decompressing! Time to add to dataloader
DEBUG: found file: F000000_2022_7_df_row.nc, is_file: True
DEBUG: opening F000000_2022_7_df_row.nc
DEBUG: opened, attrs: ['LAT', 'LON', 'ALT', 'DELTA_T', 'TURB']
DEBUG: attrs_arr: [  64.92667612 -147.85       4500.          175.            5.        ]
DEBUG: features shape: (4,)
DEBUG: flattened_data shape: (2560,)
DEBUG: label: 5
DEBUG: appended successfully
DEBUG: found file: T000000_2022_7_df_row.nc, is_file: True
DEBUG: opening T000000_2022_7_df_row.nc
DEBUG: opened, attrs: ['LAT', 'LON', 'ALT', 'DELTA_T', 'TURB']
DEBUG: attrs_arr: [ 3.47807377e+01 -7.73814094e+01  3.50000000e+04  3.01000000e+02
  6.00000000e+00]
DEBUG: features shape: (4,)
DEBUG: flattened_data shape: (2560,)
DEBUG: label: 6
DEBUG: appended successfully
Decompressing dir: decompressed/2022_08.tar.xz
Successfully extracted '/cluster/tufts/capstone25skyblue/eelkus01/NEXRADTurbulencePrediction/model_training/../model_inputs/compressed/2022_08.tar.xz' to './decompressed'
Finished decompressing! Time to add to dataloader
DEBUG: found file: F000000_2022_8_df_row.nc, is_file: True
DEBUG: opening F000000_2022_8_df_row.nc
DEBUG: opened, attrs: ['LAT', 'LON', 'ALT', 'DELTA_T', 'TURB']
DEBUG: attrs_arr: [ 4.42743873e+01 -8.04434374e+01  2.20000000e+04  3.24000000e+02
  5.00000000e+00]
DEBUG: features shape: (4,)
DEBUG: flattened_data shape: (2560,)
DEBUG: label: 5
DEBUG: appended successfully
DEBUG: found file: T000000_2022_8_df_row.nc, is_file: True
DEBUG: opening T000000_2022_8_df_row.nc
DEBUG: opened, attrs: ['LAT', 'LON', 'ALT', 'DELTA_T', 'TURB']
DEBUG: attrs_arr: [ 3.49111637e+01 -9.55829600e+01  1.30000000e+04  1.90000000e+01
  5.00000000e+00]
DEBUG: features shape: (4,)
DEBUG: flattened_data shape: (2560,)
DEBUG: label: 5
DEBUG: appended successfully
Decompressing dir: decompressed/2022_09.tar.xz
Successfully extracted '/cluster/tufts/capstone25skyblue/eelkus01/NEXRADTurbulencePrediction/model_training/../model_inputs/compressed/2022_09.tar.xz' to './decompressed'
Finished decompressing! Time to add to dataloader
DEBUG: found file: F000000_2022_9_df_row.nc, is_file: True
DEBUG: opening F000000_2022_9_df_row.nc
DEBUG: opened, attrs: ['LAT', 'LON', 'ALT', 'DELTA_T', 'TURB']
DEBUG: attrs_arr: [ 3.86671000e+01 -7.88208147e+01  1.00000000e+04  6.00000000e+01
  6.00000000e+00]
DEBUG: features shape: (4,)
DEBUG: flattened_data shape: (2560,)
DEBUG: label: 6
DEBUG: appended successfully
DEBUG: found file: T000000_2022_9_df_row.nc, is_file: True
DEBUG: opening T000000_2022_9_df_row.nc
DEBUG: opened, attrs: ['LAT', 'LON', 'ALT', 'DELTA_T', 'TURB']
DEBUG: attrs_arr: [ 3.690333e+01 -7.619222e+01  1.600000e+04  1.340000e+02  5.000000e+00]
DEBUG: features shape: (4,)
DEBUG: flattened_data shape: (2560,)
DEBUG: label: 5
DEBUG: appended successfully
Decompressing dir: decompressed/2022_10.tar.xz
Successfully extracted '/cluster/tufts/capstone25skyblue/eelkus01/NEXRADTurbulencePrediction/model_training/../model_inputs/compressed/2022_10.tar.xz' to './decompressed'
Finished decompressing! Time to add to dataloader
DEBUG: found file: F000000_2022_10_df_row.nc, is_file: True
DEBUG: opening F000000_2022_10_df_row.nc
DEBUG: opened, attrs: ['LAT', 'LON', 'ALT', 'DELTA_T', 'TURB']
DEBUG: attrs_arr: [ 3.99051593e+01 -1.04123107e+02  8.00000000e+03  7.30000000e+01
  5.00000000e+00]
DEBUG: features shape: (4,)
DEBUG: flattened_data shape: (2560,)
DEBUG: label: 5
DEBUG: appended successfully
DEBUG: found file: T000000_2022_10_df_row.nc, is_file: True
DEBUG: opening T000000_2022_10_df_row.nc
DEBUG: opened, attrs: ['LAT', 'LON', 'ALT', 'DELTA_T', 'TURB']
DEBUG: attrs_arr: [ 3.32267438e+01 -9.63667917e+01  1.70000000e+04  8.30000000e+01
  6.00000000e+00]
DEBUG: features shape: (4,)
DEBUG: flattened_data shape: (2560,)
DEBUG: label: 6
DEBUG: appended successfully
Decompressing dir: decompressed/2022_11.tar.xz
Successfully extracted '/cluster/tufts/capstone25skyblue/eelkus01/NEXRADTurbulencePrediction/model_training/../model_inputs/compressed/2022_11.tar.xz' to './decompressed'
Finished decompressing! Time to add to dataloader
DEBUG: found file: F000000_2022_11_df_row.nc, is_file: True
DEBUG: opening F000000_2022_11_df_row.nc
DEBUG: opened, attrs: ['LAT', 'LON', 'ALT', 'DELTA_T', 'TURB']
DEBUG: attrs_arr: [ 3.80441e+01 -8.75205e+01  2.40000e+04  5.30000e+01  6.00000e+00]
DEBUG: features shape: (4,)
DEBUG: flattened_data shape: (2560,)
DEBUG: label: 6
DEBUG: appended successfully
DEBUG: found file: T000000_2022_11_df_row.nc, is_file: True
DEBUG: opening T000000_2022_11_df_row.nc
DEBUG: opened, attrs: ['LAT', 'LON', 'ALT', 'DELTA_T', 'TURB']
DEBUG: attrs_arr: [ 4.5590830e+01 -1.2260028e+02  1.1500000e+04  1.4200000e+02
  6.0000000e+00]
DEBUG: features shape: (4,)
DEBUG: flattened_data shape: (2560,)
DEBUG: label: 6
DEBUG: appended successfully
Decompressing dir: decompressed/2022_12.tar.xz
Successfully extracted '/cluster/tufts/capstone25skyblue/eelkus01/NEXRADTurbulencePrediction/model_training/../model_inputs/compressed/2022_12.tar.xz' to './decompressed'
Finished decompressing! Time to add to dataloader
DEBUG: found file: F000000_2022_12_df_row.nc, is_file: True
DEBUG: opening F000000_2022_12_df_row.nc
DEBUG: opened, attrs: ['LAT', 'LON', 'ALT', 'DELTA_T', 'TURB']
DEBUG: attrs_arr: [ 3.98328000e+01 -1.05308665e+02  1.30000000e+04  1.51000000e+02
  5.00000000e+00]
DEBUG: features shape: (4,)
DEBUG: flattened_data shape: (2560,)
DEBUG: label: 5
DEBUG: appended successfully
DEBUG: found file: T000000_2022_12_df_row.nc, is_file: True
DEBUG: opening T000000_2022_12_df_row.nc
DEBUG: opened, attrs: ['LAT', 'LON', 'ALT', 'DELTA_T', 'TURB']
DEBUG: attrs_arr: [  37.32606397 -121.85177726 3500.           65.            5.        ]
DEBUG: features shape: (4,)
DEBUG: flattened_data shape: (2560,)
DEBUG: label: 5
DEBUG: appended successfully
Decompressing dir: decompressed/2023_01.tar.xz
Successfully extracted '/cluster/tufts/capstone25skyblue/eelkus01/NEXRADTurbulencePrediction/model_training/../model_inputs/compressed/2023_01.tar.xz' to './decompressed'
Finished decompressing! Time to add to dataloader
DEBUG: found file: F000000_2023_1_df_row.nc, is_file: True
DEBUG: opening F000000_2023_1_df_row.nc
DEBUG: opened, attrs: ['LAT', 'LON', 'ALT', 'DELTA_T', 'TURB']
DEBUG: attrs_arr: [ 3.42526802e+01 -1.18035000e+02  9.00000000e+03  4.35000000e+02
  5.00000000e+00]
DEBUG: features shape: (4,)
DEBUG: flattened_data shape: (2560,)
DEBUG: label: 5
DEBUG: appended successfully
DEBUG: found file: T000000_2023_1_df_row.nc, is_file: True
DEBUG: opening T000000_2023_1_df_row.nc
DEBUG: opened, attrs: ['LAT', 'LON', 'ALT', 'DELTA_T', 'TURB']
DEBUG: attrs_arr: [ 3.44640633e+01 -1.17278701e+02  1.10000000e+04  1.69000000e+02
  5.00000000e+00]
DEBUG: features shape: (4,)
DEBUG: flattened_data shape: (2560,)
DEBUG: label: 5
DEBUG: appended successfully
Decompressing dir: decompressed/2023_02.tar.xz
Successfully extracted '/cluster/tufts/capstone25skyblue/eelkus01/NEXRADTurbulencePrediction/model_training/../model_inputs/compressed/2023_02.tar.xz' to './decompressed'
Finished decompressing! Time to add to dataloader
DEBUG: found file: F000000_2023_2_df_row.nc, is_file: True
DEBUG: opening F000000_2023_2_df_row.nc
DEBUG: opened, attrs: ['LAT', 'LON', 'ALT', 'DELTA_T', 'TURB']
DEBUG: attrs_arr: [ 3.96682000e+01 -1.19984668e+02  1.00000000e+04  1.43000000e+02
  5.00000000e+00]
DEBUG: features shape: (4,)
DEBUG: flattened_data shape: (2560,)
DEBUG: label: 5
DEBUG: appended successfully
DEBUG: found file: T000000_2023_2_df_row.nc, is_file: True
DEBUG: opening T000000_2023_2_df_row.nc
DEBUG: opened, attrs: ['LAT', 'LON', 'ALT', 'DELTA_T', 'TURB']
DEBUG: attrs_arr: [ 3.74005802e+01 -8.01551841e+01  7.50000000e+03  5.35000000e+02
  5.00000000e+00]
DEBUG: features shape: (4,)
DEBUG: flattened_data shape: (2560,)
DEBUG: label: 5
DEBUG: appended successfully
Decompressing dir: decompressed/2023_03.tar.xz
Successfully extracted '/cluster/tufts/capstone25skyblue/eelkus01/NEXRADTurbulencePrediction/model_training/../model_inputs/compressed/2023_03.tar.xz' to './decompressed'
Finished decompressing! Time to add to dataloader
DEBUG: found file: F000000_2023_3_df_row.nc, is_file: True
DEBUG: opening F000000_2023_3_df_row.nc
DEBUG: opened, attrs: ['LAT', 'LON', 'ALT', 'DELTA_T', 'TURB']
DEBUG: attrs_arr: [  42.46995     -71.74096339 5000.           43.            5.        ]
DEBUG: features shape: (4,)
DEBUG: flattened_data shape: (2560,)
DEBUG: label: 5
DEBUG: appended successfully
DEBUG: found file: T000000_2023_3_df_row.nc, is_file: True
DEBUG: opening T000000_2023_3_df_row.nc
DEBUG: opened, attrs: ['LAT', 'LON', 'ALT', 'DELTA_T', 'TURB']
DEBUG: attrs_arr: [ 4.486580e+01 -9.148426e+01  2.300000e+04  2.960000e+02  6.000000e+00]
DEBUG: features shape: (4,)
DEBUG: flattened_data shape: (2560,)
DEBUG: label: 6
DEBUG: appended successfully
Decompressing dir: decompressed/2023_04.tar.xz
Successfully extracted '/cluster/tufts/capstone25skyblue/eelkus01/NEXRADTurbulencePrediction/model_training/../model_inputs/compressed/2023_04.tar.xz' to './decompressed'
Finished decompressing! Time to add to dataloader
DEBUG: found file: F000000_2023_4_df_row.nc, is_file: True
DEBUG: opening F000000_2023_4_df_row.nc
DEBUG: opened, attrs: ['LAT', 'LON', 'ALT', 'DELTA_T', 'TURB']
DEBUG: attrs_arr: [ 3.98331689e+01 -7.63120880e+01  3.00000000e+04  1.10000000e+01
  5.00000000e+00]
DEBUG: features shape: (4,)
DEBUG: flattened_data shape: (2560,)
DEBUG: label: 5
DEBUG: appended successfully
DEBUG: found file: T000000_2023_4_df_row.nc, is_file: True
DEBUG: opening T000000_2023_4_df_row.nc
DEBUG: opened, attrs: ['LAT', 'LON', 'ALT', 'DELTA_T', 'TURB']
DEBUG: attrs_arr: [ 4.31690774e+01 -7.65560126e+01  2.60000000e+04  7.00000000e+01
  6.00000000e+00]
DEBUG: features shape: (4,)
DEBUG: flattened_data shape: (2560,)
DEBUG: label: 6
DEBUG: appended successfully
Decompressing dir: decompressed/2023_05.tar.xz
Successfully extracted '/cluster/tufts/capstone25skyblue/eelkus01/NEXRADTurbulencePrediction/model_training/../model_inputs/compressed/2023_05.tar.xz' to './decompressed'
Finished decompressing! Time to add to dataloader
DEBUG: found file: F000000_2023_5_df_row.nc, is_file: True
DEBUG: opening F000000_2023_5_df_row.nc
DEBUG: opened, attrs: ['LAT', 'LON', 'ALT', 'DELTA_T', 'TURB']
DEBUG: attrs_arr: [ 3.63903581e+01 -1.02902544e+02  3.60000000e+04  1.90000000e+02
  6.00000000e+00]
DEBUG: features shape: (4,)
DEBUG: flattened_data shape: (2560,)
DEBUG: label: 6
DEBUG: appended successfully
DEBUG: found file: T000000_2023_5_df_row.nc, is_file: True
DEBUG: opening T000000_2023_5_df_row.nc
DEBUG: opened, attrs: ['LAT', 'LON', 'ALT', 'DELTA_T', 'TURB']
DEBUG: attrs_arr: [ 3.39882337e+01 -1.03844066e+02  2.00000000e+04  2.51000000e+02
  6.00000000e+00]
DEBUG: features shape: (4,)
DEBUG: flattened_data shape: (2560,)
DEBUG: label: 6
DEBUG: appended successfully
Decompressing dir: decompressed/2023_06.tar.xz
Successfully extracted '/cluster/tufts/capstone25skyblue/eelkus01/NEXRADTurbulencePrediction/model_training/../model_inputs/compressed/2023_06.tar.xz' to './decompressed'
Finished decompressing! Time to add to dataloader
DEBUG: found file: F000000_2023_6_df_row.nc, is_file: True
DEBUG: opening F000000_2023_6_df_row.nc
DEBUG: opened, attrs: ['LAT', 'LON', 'ALT', 'DELTA_T', 'TURB']
DEBUG: attrs_arr: [ 3.52847042e+01 -1.00925045e+02  7.00000000e+03  2.56000000e+02
  6.00000000e+00]
DEBUG: features shape: (4,)
DEBUG: flattened_data shape: (2560,)
DEBUG: label: 6
DEBUG: appended successfully
DEBUG: found file: T000000_2023_6_df_row.nc, is_file: True
DEBUG: opening T000000_2023_6_df_row.nc
DEBUG: opened, attrs: ['LAT', 'LON', 'ALT', 'DELTA_T', 'TURB']
DEBUG: attrs_arr: [ 3.81618866e+01 -1.02281019e+02  2.70000000e+04  3.20000000e+02
  5.00000000e+00]
DEBUG: features shape: (4,)
DEBUG: flattened_data shape: (2560,)
DEBUG: label: 5
DEBUG: appended successfully
Decompressing dir: decompressed/2023_07.tar.xz
Successfully extracted '/cluster/tufts/capstone25skyblue/eelkus01/NEXRADTurbulencePrediction/model_training/../model_inputs/compressed/2023_07.tar.xz' to './decompressed'
Finished decompressing! Time to add to dataloader
DEBUG: found file: F000000_2023_7_df_row.nc, is_file: True
DEBUG: opening F000000_2023_7_df_row.nc
DEBUG: opened, attrs: ['LAT', 'LON', 'ALT', 'DELTA_T', 'TURB']
DEBUG: attrs_arr: [ 3.66667466e+01 -8.26072796e+01  9.00000000e+03  1.04000000e+02
  7.00000000e+00]
DEBUG: features shape: (4,)
DEBUG: flattened_data shape: (2560,)
DEBUG: label: 7
DEBUG: appended successfully
DEBUG: found file: T000000_2023_7_df_row.nc, is_file: True
DEBUG: opening T000000_2023_7_df_row.nc
DEBUG: opened, attrs: ['LAT', 'LON', 'ALT', 'DELTA_T', 'TURB']
DEBUG: attrs_arr: [ 2.80014198e+01 -8.09225569e+01  1.20000000e+04  1.00000000e+01
  8.00000000e+00]
DEBUG: features shape: (4,)
DEBUG: flattened_data shape: (2560,)
DEBUG: label: 8
DEBUG: appended successfully
Decompressing dir: decompressed/2023_08.tar.xz
Successfully extracted '/cluster/tufts/capstone25skyblue/eelkus01/NEXRADTurbulencePrediction/model_training/../model_inputs/compressed/2023_08.tar.xz' to './decompressed'
Finished decompressing! Time to add to dataloader
DEBUG: found file: F000000_2023_8_df_row.nc, is_file: True
DEBUG: opening F000000_2023_8_df_row.nc
DEBUG: opened, attrs: ['LAT', 'LON', 'ALT', 'DELTA_T', 'TURB']
DEBUG: attrs_arr: [ 3.22036101e+01 -1.10767543e+02  7.50000000e+03  7.00000000e+00
  5.00000000e+00]
DEBUG: features shape: (4,)
DEBUG: flattened_data shape: (2560,)
DEBUG: label: 5
DEBUG: appended successfully
DEBUG: found file: T000000_2023_8_df_row.nc, is_file: True
DEBUG: opening T000000_2023_8_df_row.nc
DEBUG: opened, attrs: ['LAT', 'LON', 'ALT', 'DELTA_T', 'TURB']
DEBUG: attrs_arr: [ 4.59994102e+01 -1.06627238e+02  9.00000000e+03  1.04000000e+02
  5.00000000e+00]
DEBUG: features shape: (4,)
DEBUG: flattened_data shape: (2560,)
DEBUG: label: 5
DEBUG: appended successfully
Decompressing dir: decompressed/2023_09.tar.xz
Successfully extracted '/cluster/tufts/capstone25skyblue/eelkus01/NEXRADTurbulencePrediction/model_training/../model_inputs/compressed/2023_09.tar.xz' to './decompressed'
Finished decompressing! Time to add to dataloader
DEBUG: found file: F000000_2023_9_df_row.nc, is_file: True
DEBUG: opening F000000_2023_9_df_row.nc
DEBUG: opened, attrs: ['LAT', 'LON', 'ALT', 'DELTA_T', 'TURB']
DEBUG: attrs_arr: [ 4.05185021e+01 -1.05011340e+02  5.90000000e+03  2.26000000e+02
  5.00000000e+00]
DEBUG: features shape: (4,)
DEBUG: flattened_data shape: (2560,)
DEBUG: label: 5
DEBUG: appended successfully
DEBUG: found file: T000000_2023_9_df_row.nc, is_file: True
DEBUG: opening T000000_2023_9_df_row.nc
DEBUG: opened, attrs: ['LAT', 'LON', 'ALT', 'DELTA_T', 'TURB']
DEBUG: attrs_arr: [ 4.13366397e+01 -7.38200000e+01  2.30000000e+04  2.36000000e+02
  7.00000000e+00]
DEBUG: features shape: (4,)
DEBUG: flattened_data shape: (2560,)
DEBUG: label: 7
DEBUG: appended successfully
Decompressing dir: decompressed/2023_10.tar.xz
Successfully extracted '/cluster/tufts/capstone25skyblue/eelkus01/NEXRADTurbulencePrediction/model_training/../model_inputs/compressed/2023_10.tar.xz' to './decompressed'
Finished decompressing! Time to add to dataloader
DEBUG: found file: F000000_2023_10_df_row.nc, is_file: True
DEBUG: opening F000000_2023_10_df_row.nc
DEBUG: opened, attrs: ['LAT', 'LON', 'ALT', 'DELTA_T', 'TURB']
DEBUG: attrs_arr: [ 39.00851 -74.90827 400.        8.        5.     ]
DEBUG: features shape: (4,)
DEBUG: flattened_data shape: (2560,)
DEBUG: label: 5
DEBUG: appended successfully
DEBUG: found file: T000000_2023_10_df_row.nc, is_file: True
DEBUG: opening T000000_2023_10_df_row.nc
DEBUG: opened, attrs: ['LAT', 'LON', 'ALT', 'DELTA_T', 'TURB']
DEBUG: attrs_arr: [ 3.96655481e+01 -1.05224887e+02  1.05000000e+04  2.08000000e+02
  5.00000000e+00]
DEBUG: features shape: (4,)
DEBUG: flattened_data shape: (2560,)
DEBUG: label: 5
DEBUG: appended successfully
Decompressing dir: decompressed/2023_11.tar.xz
Successfully extracted '/cluster/tufts/capstone25skyblue/eelkus01/NEXRADTurbulencePrediction/model_training/../model_inputs/compressed/2023_11.tar.xz' to './decompressed'
Finished decompressing! Time to add to dataloader
DEBUG: found file: F000000_2023_11_df_row.nc, is_file: True
DEBUG: opening F000000_2023_11_df_row.nc
DEBUG: opened, attrs: ['LAT', 'LON', 'ALT', 'DELTA_T', 'TURB']
DEBUG: attrs_arr: [ 3.61234070e+01 -1.15359523e+02  7.00000000e+03  1.67000000e+02
  5.00000000e+00]
DEBUG: features shape: (4,)
DEBUG: flattened_data shape: (2560,)
DEBUG: label: 5
DEBUG: appended successfully
DEBUG: found file: T000000_2023_11_df_row.nc, is_file: True
DEBUG: opening T000000_2023_11_df_row.nc
DEBUG: opened, attrs: ['LAT', 'LON', 'ALT', 'DELTA_T', 'TURB']
DEBUG: attrs_arr: [ 3.09589017e+01 -9.32277037e+01  1.20000000e+04  1.90000000e+02
  6.00000000e+00]
DEBUG: features shape: (4,)
DEBUG: flattened_data shape: (2560,)
DEBUG: label: 6
DEBUG: appended successfully
Decompressing dir: decompressed/2023_12.tar.xz
Successfully extracted '/cluster/tufts/capstone25skyblue/eelkus01/NEXRADTurbulencePrediction/model_training/../model_inputs/compressed/2023_12.tar.xz' to './decompressed'
Finished decompressing! Time to add to dataloader
DEBUG: found file: F000000_2023_12_df_row.nc, is_file: True
DEBUG: opening F000000_2023_12_df_row.nc
DEBUG: opened, attrs: ['LAT', 'LON', 'ALT', 'DELTA_T', 'TURB']
DEBUG: attrs_arr: [ 3.72223156e+01 -7.61347767e+01  2.90000000e+04  6.20000000e+01
  6.00000000e+00]
DEBUG: features shape: (4,)
DEBUG: flattened_data shape: (2560,)
DEBUG: label: 6
DEBUG: appended successfully
DEBUG: found file: T000000_2023_12_df_row.nc, is_file: True
DEBUG: opening T000000_2023_12_df_row.nc
DEBUG: opened, attrs: ['LAT', 'LON', 'ALT', 'DELTA_T', 'TURB']
DEBUG: attrs_arr: [ 2.54963597e+01 -8.08780329e+01  1.30000000e+04  7.70000000e+01
  6.00000000e+00]
DEBUG: features shape: (4,)
DEBUG: flattened_data shape: (2560,)
DEBUG: label: 6
DEBUG: appended successfully
Decompressing dir: decompressed/2024_01.tar.xz
Successfully extracted '/cluster/tufts/capstone25skyblue/eelkus01/NEXRADTurbulencePrediction/model_training/../model_inputs/compressed/2024_01.tar.xz' to './decompressed'
Finished decompressing! Time to add to dataloader
DEBUG: found file: F000000_2024_1_df_row.nc, is_file: True
DEBUG: opening F000000_2024_1_df_row.nc
DEBUG: opened, attrs: ['LAT', 'LON', 'ALT', 'DELTA_T', 'TURB']
DEBUG: attrs_arr: [ 3.45733080e+01 -1.18338912e+02  7.00000000e+03  9.20000000e+01
  5.00000000e+00]
DEBUG: features shape: (4,)
DEBUG: flattened_data shape: (2560,)
DEBUG: label: 5
DEBUG: appended successfully
DEBUG: found file: T000000_2024_1_df_row.nc, is_file: True
DEBUG: opening T000000_2024_1_df_row.nc
DEBUG: opened, attrs: ['LAT', 'LON', 'ALT', 'DELTA_T', 'TURB']
DEBUG: attrs_arr: [  46.25140812 -118.20679286 4000.          130.            5.        ]
DEBUG: features shape: (4,)
DEBUG: flattened_data shape: (2560,)
DEBUG: label: 5
DEBUG: appended successfully
Decompressing dir: decompressed/2024_02.tar.xz
Successfully extracted '/cluster/tufts/capstone25skyblue/eelkus01/NEXRADTurbulencePrediction/model_training/../model_inputs/compressed/2024_02.tar.xz' to './decompressed'
Finished decompressing! Time to add to dataloader
DEBUG: found file: F000000_2024_2_df_row.nc, is_file: True
DEBUG: opening F000000_2024_2_df_row.nc
DEBUG: opened, attrs: ['LAT', 'LON', 'ALT', 'DELTA_T', 'TURB']
DEBUG: attrs_arr: [ 4.16361880e+01 -7.15693566e+01  6.00000000e+03  4.00000000e+02
  5.00000000e+00]
DEBUG: features shape: (4,)
DEBUG: flattened_data shape: (2560,)
DEBUG: label: 5
DEBUG: appended successfully
DEBUG: found file: T000000_2024_2_df_row.nc, is_file: True
DEBUG: opening T000000_2024_2_df_row.nc
DEBUG: opened, attrs: ['LAT', 'LON', 'ALT', 'DELTA_T', 'TURB']
DEBUG: attrs_arr: [ 3.01466397e+01 -9.13000000e+01  1.40000000e+04  5.20000000e+01
  6.00000000e+00]
DEBUG: features shape: (4,)
DEBUG: flattened_data shape: (2560,)
DEBUG: label: 6
DEBUG: appended successfully
Decompressing dir: decompressed/2024_03.tar.xz
Successfully extracted '/cluster/tufts/capstone25skyblue/eelkus01/NEXRADTurbulencePrediction/model_training/../model_inputs/compressed/2024_03.tar.xz' to './decompressed'
Finished decompressing! Time to add to dataloader
DEBUG: found file: F000000_2024_3_df_row.nc, is_file: True
DEBUG: opening F000000_2024_3_df_row.nc
DEBUG: opened, attrs: ['LAT', 'LON', 'ALT', 'DELTA_T', 'TURB']
DEBUG: attrs_arr: [ 4.22223617e+01 -9.21410801e+01  2.60000000e+04  1.58000000e+02
  5.00000000e+00]
DEBUG: features shape: (4,)
DEBUG: flattened_data shape: (2560,)
DEBUG: label: 5
DEBUG: appended successfully
DEBUG: found file: T000000_2024_3_df_row.nc, is_file: True
DEBUG: opening T000000_2024_3_df_row.nc
DEBUG: opened, attrs: ['LAT', 'LON', 'ALT', 'DELTA_T', 'TURB']
DEBUG: attrs_arr: [ 4.22223617e+01 -9.21410801e+01  2.60000000e+04  1.58000000e+02
  5.00000000e+00]
DEBUG: features shape: (4,)
DEBUG: flattened_data shape: (2560,)
DEBUG: label: 5
DEBUG: appended successfully
Decompressing dir: decompressed/2024_04.tar.xz
Successfully extracted '/cluster/tufts/capstone25skyblue/eelkus01/NEXRADTurbulencePrediction/model_training/../model_inputs/compressed/2024_04.tar.xz' to './decompressed'
Finished decompressing! Time to add to dataloader
DEBUG: found file: F000000_2024_4_df_row.nc, is_file: True
DEBUG: opening F000000_2024_4_df_row.nc
DEBUG: opened, attrs: ['LAT', 'LON', 'ALT', 'DELTA_T', 'TURB']
DEBUG: attrs_arr: [ 3.63872587e+01 -9.64394848e+01  9.50000000e+03  7.30000000e+01
  5.00000000e+00]
DEBUG: features shape: (4,)
DEBUG: flattened_data shape: (2560,)
DEBUG: label: 5
DEBUG: appended successfully
DEBUG: found file: T000000_2024_4_df_row.nc, is_file: True
DEBUG: opening T000000_2024_4_df_row.nc
DEBUG: opened, attrs: ['LAT', 'LON', 'ALT', 'DELTA_T', 'TURB']
DEBUG: attrs_arr: [ 4.01006499e+01 -1.05073184e+02  1.00000000e+04  8.00000000e+00
  5.00000000e+00]
DEBUG: features shape: (4,)
DEBUG: flattened_data shape: (2560,)
DEBUG: label: 5
DEBUG: appended successfully
Decompressing dir: decompressed/2024_05.tar.xz
Successfully extracted '/cluster/tufts/capstone25skyblue/eelkus01/NEXRADTurbulencePrediction/model_training/../model_inputs/compressed/2024_05.tar.xz' to './decompressed'
Finished decompressing! Time to add to dataloader
DEBUG: found file: F000000_2024_5_df_row.nc, is_file: True
DEBUG: opening F000000_2024_5_df_row.nc
DEBUG: opened, attrs: ['LAT', 'LON', 'ALT', 'DELTA_T', 'TURB']
DEBUG: attrs_arr: [ 3.42637778e+01 -1.16755187e+02  8.00000000e+03  1.67000000e+02
  5.00000000e+00]
DEBUG: features shape: (4,)
DEBUG: flattened_data shape: (2560,)
DEBUG: label: 5
DEBUG: appended successfully
DEBUG: found file: T000000_2024_5_df_row.nc, is_file: True
DEBUG: opening T000000_2024_5_df_row.nc
DEBUG: opened, attrs: ['LAT', 'LON', 'ALT', 'DELTA_T', 'TURB']
DEBUG: attrs_arr: [ 3.107e+01 -9.783e+01  2.400e+04  1.780e+02  6.000e+00]
DEBUG: features shape: (4,)
DEBUG: flattened_data shape: (2560,)
DEBUG: label: 6
DEBUG: appended successfully
Decompressing dir: decompressed/2024_06.tar.xz
Successfully extracted '/cluster/tufts/capstone25skyblue/eelkus01/NEXRADTurbulencePrediction/model_training/../model_inputs/compressed/2024_06.tar.xz' to './decompressed'
Finished decompressing! Time to add to dataloader
DEBUG: found file: F000000_2024_6_df_row.nc, is_file: True
DEBUG: opening F000000_2024_6_df_row.nc
DEBUG: opened, attrs: ['LAT', 'LON', 'ALT', 'DELTA_T', 'TURB']
DEBUG: attrs_arr: [  40.85899     -74.16635128 4000.           68.            5.        ]
DEBUG: features shape: (4,)
DEBUG: flattened_data shape: (2560,)
DEBUG: label: 5
DEBUG: appended successfully
DEBUG: found file: T000000_2024_6_df_row.nc, is_file: True
DEBUG: opening T000000_2024_6_df_row.nc
DEBUG: opened, attrs: ['LAT', 'LON', 'ALT', 'DELTA_T', 'TURB']
DEBUG: attrs_arr: [ 4.141e+01 -7.459e+01  1.000e+04  8.500e+01  5.000e+00]
DEBUG: features shape: (4,)
DEBUG: flattened_data shape: (2560,)
DEBUG: label: 5
DEBUG: appended successfully
Decompressing dir: decompressed/2024_07.tar.xz
Successfully extracted '/cluster/tufts/capstone25skyblue/eelkus01/NEXRADTurbulencePrediction/model_training/../model_inputs/compressed/2024_07.tar.xz' to './decompressed'
Finished decompressing! Time to add to dataloader
DEBUG: found file: F000000_2024_7_df_row.nc, is_file: True
DEBUG: opening F000000_2024_7_df_row.nc
DEBUG: opened, attrs: ['LAT', 'LON', 'ALT', 'DELTA_T', 'TURB']
DEBUG: attrs_arr: [ 3.983280e+01 -1.046575e+02  7.600000e+03  3.080000e+02  6.000000e+00]
DEBUG: features shape: (4,)
DEBUG: flattened_data shape: (2560,)
DEBUG: label: 6
DEBUG: appended successfully
DEBUG: found file: T000000_2024_7_df_row.nc, is_file: True
DEBUG: opening T000000_2024_7_df_row.nc
DEBUG: opened, attrs: ['LAT', 'LON', 'ALT', 'DELTA_T', 'TURB']
DEBUG: attrs_arr: [ 4.20846312e+01 -9.66098961e+01  6.50000000e+03  2.13000000e+02
  5.00000000e+00]
DEBUG: features shape: (4,)
DEBUG: flattened_data shape: (2560,)
DEBUG: label: 5
DEBUG: appended successfully
Decompressing dir: decompressed/2024_08.tar.xz
Successfully extracted '/cluster/tufts/capstone25skyblue/eelkus01/NEXRADTurbulencePrediction/model_training/../model_inputs/compressed/2024_08.tar.xz' to './decompressed'
Finished decompressing! Time to add to dataloader
DEBUG: found file: F000000_2024_8_df_row.nc, is_file: True
DEBUG: opening F000000_2024_8_df_row.nc
DEBUG: opened, attrs: ['LAT', 'LON', 'ALT', 'DELTA_T', 'TURB']
DEBUG: attrs_arr: [  40.753275    -95.41123333 4000.          154.            5.        ]
DEBUG: features shape: (4,)
DEBUG: flattened_data shape: (2560,)
DEBUG: label: 5
DEBUG: appended successfully
DEBUG: found file: T000000_2024_8_df_row.nc, is_file: True
DEBUG: opening T000000_2024_8_df_row.nc
DEBUG: opened, attrs: ['LAT', 'LON', 'ALT', 'DELTA_T', 'TURB']
DEBUG: attrs_arr: [ 4.002e+01 -8.082e+01  2.000e+04  9.300e+01  7.000e+00]
DEBUG: features shape: (4,)
DEBUG: flattened_data shape: (2560,)
DEBUG: label: 7
DEBUG: appended successfully
Decompressing dir: decompressed/2024_09.tar.xz
Successfully extracted '/cluster/tufts/capstone25skyblue/eelkus01/NEXRADTurbulencePrediction/model_training/../model_inputs/compressed/2024_09.tar.xz' to './decompressed'
Finished decompressing! Time to add to dataloader
DEBUG: found file: F000000_2024_9_df_row.nc, is_file: True
DEBUG: opening F000000_2024_9_df_row.nc
DEBUG: opened, attrs: ['LAT', 'LON', 'ALT', 'DELTA_T', 'TURB']
DEBUG: attrs_arr: [ 3.387561e+01 -8.430197e+01  8.000000e+03  3.840000e+02  5.000000e+00]
DEBUG: features shape: (4,)
DEBUG: flattened_data shape: (2560,)
DEBUG: label: 5
DEBUG: appended successfully
DEBUG: found file: T000000_2024_9_df_row.nc, is_file: True
DEBUG: opening T000000_2024_9_df_row.nc
DEBUG: opened, attrs: ['LAT', 'LON', 'ALT', 'DELTA_T', 'TURB']
DEBUG: attrs_arr: [ 3.42960297e+01 -1.18084550e+02  7.50000000e+03  9.90000000e+01
  5.00000000e+00]
DEBUG: features shape: (4,)
DEBUG: flattened_data shape: (2560,)
DEBUG: label: 5
DEBUG: appended successfully
Decompressing dir: decompressed/2024_10.tar.xz
Successfully extracted '/cluster/tufts/capstone25skyblue/eelkus01/NEXRADTurbulencePrediction/model_training/../model_inputs/compressed/2024_10.tar.xz' to './decompressed'
Finished decompressing! Time to add to dataloader
DEBUG: found file: F000000_2024_10_df_row.nc, is_file: True
DEBUG: opening F000000_2024_10_df_row.nc
DEBUG: opened, attrs: ['LAT', 'LON', 'ALT', 'DELTA_T', 'TURB']
DEBUG: attrs_arr: [  41.98754  -87.93193 1100.       395.         5.     ]
DEBUG: features shape: (4,)
DEBUG: flattened_data shape: (2560,)
DEBUG: label: 5
DEBUG: appended successfully
DEBUG: found file: T000000_2024_10_df_row.nc, is_file: True
DEBUG: opening T000000_2024_10_df_row.nc
DEBUG: opened, attrs: ['LAT', 'LON', 'ALT', 'DELTA_T', 'TURB']
DEBUG: attrs_arr: [ 3.91513417e+01 -1.19740981e+02  1.20000000e+04  1.05000000e+02
  5.00000000e+00]
DEBUG: features shape: (4,)
DEBUG: flattened_data shape: (2560,)
DEBUG: label: 5
DEBUG: appended successfully
Decompressing dir: decompressed/2024_11.tar.xz
Successfully extracted '/cluster/tufts/capstone25skyblue/eelkus01/NEXRADTurbulencePrediction/model_training/../model_inputs/compressed/2024_11.tar.xz' to './decompressed'
Finished decompressing! Time to add to dataloader
DEBUG: found file: F000000_2024_11_df_row.nc, is_file: True
DEBUG: opening F000000_2024_11_df_row.nc
DEBUG: opened, attrs: ['LAT', 'LON', 'ALT', 'DELTA_T', 'TURB']
DEBUG: attrs_arr: [  41.50411  -74.10483 4000.       350.         5.     ]
DEBUG: features shape: (4,)
DEBUG: flattened_data shape: (2560,)
DEBUG: label: 5
DEBUG: appended successfully
DEBUG: found file: T000000_2024_11_df_row.nc, is_file: True
DEBUG: opening T000000_2024_11_df_row.nc
DEBUG: opened, attrs: ['LAT', 'LON', 'ALT', 'DELTA_T', 'TURB']
DEBUG: attrs_arr: [ 3.96795811e+01 -1.04857025e+02  1.10000000e+04  4.40000000e+01
  5.00000000e+00]
DEBUG: features shape: (4,)
DEBUG: flattened_data shape: (2560,)
DEBUG: label: 5
DEBUG: appended successfully
Decompressing dir: decompressed/2024_12.tar.xz
Successfully extracted '/cluster/tufts/capstone25skyblue/eelkus01/NEXRADTurbulencePrediction/model_training/../model_inputs/compressed/2024_12.tar.xz' to './decompressed'
Finished decompressing! Time to add to dataloader
DEBUG: found file: F000000_2024_12_df_row.nc, is_file: True
DEBUG: opening F000000_2024_12_df_row.nc
DEBUG: opened, attrs: ['LAT', 'LON', 'ALT', 'DELTA_T', 'TURB']
DEBUG: attrs_arr: [ 3.542822e+01 -8.193508e+01  1.600000e+04  2.820000e+02  5.000000e+00]
DEBUG: features shape: (4,)
DEBUG: flattened_data shape: (2560,)
DEBUG: label: 5
DEBUG: appended successfully
DEBUG: found file: T000000_2024_12_df_row.nc, is_file: True
DEBUG: opening T000000_2024_12_df_row.nc
DEBUG: opened, attrs: ['LAT', 'LON', 'ALT', 'DELTA_T', 'TURB']
DEBUG: attrs_arr: [ 3.80819817e+01 -8.07513203e+01  1.20000000e+04  1.38000000e+02
  5.00000000e+00]
DEBUG: features shape: (4,)
DEBUG: flattened_data shape: (2560,)
DEBUG: label: 5
DEBUG: appended successfully
Decompressing dir: decompressed/2025_01.tar.xz
Successfully extracted '/cluster/tufts/capstone25skyblue/eelkus01/NEXRADTurbulencePrediction/model_training/../model_inputs/compressed/2025_01.tar.xz' to './decompressed'
Finished decompressing! Time to add to dataloader
DEBUG: found file: F000000_2025_1_df_row.nc, is_file: True
DEBUG: opening F000000_2025_1_df_row.nc
DEBUG: opened, attrs: ['LAT', 'LON', 'ALT', 'DELTA_T', 'TURB']
DEBUG: attrs_arr: [ 3.77505095e+01 -7.77536772e+01  1.20000000e+04  3.20000000e+01
  6.00000000e+00]
DEBUG: features shape: (4,)
DEBUG: flattened_data shape: (2560,)
DEBUG: label: 6
DEBUG: appended successfully
DEBUG: found file: T000000_2025_1_df_row.nc, is_file: True
DEBUG: opening T000000_2025_1_df_row.nc
DEBUG: opened, attrs: ['LAT', 'LON', 'ALT', 'DELTA_T', 'TURB']
DEBUG: attrs_arr: [ 4.10438284e+01 -1.12003535e+02  6.00000000e+03  3.74000000e+02
  5.00000000e+00]
DEBUG: features shape: (4,)
DEBUG: flattened_data shape: (2560,)
DEBUG: label: 5
DEBUG: appended successfully
Decompressing dir: decompressed/2025_02.tar.xz
Successfully extracted '/cluster/tufts/capstone25skyblue/eelkus01/NEXRADTurbulencePrediction/model_training/../model_inputs/compressed/2025_02.tar.xz' to './decompressed'
Finished decompressing! Time to add to dataloader
DEBUG: found file: F000000_2025_2_df_row.nc, is_file: True
DEBUG: opening F000000_2025_2_df_row.nc
DEBUG: opened, attrs: ['LAT', 'LON', 'ALT', 'DELTA_T', 'TURB']
DEBUG: attrs_arr: [ 3.44793778e+01 -1.18400319e+02  5.50000000e+03  3.24000000e+02
  5.00000000e+00]
DEBUG: features shape: (4,)
DEBUG: flattened_data shape: (2560,)
DEBUG: label: 5
DEBUG: appended successfully
DEBUG: found file: T000000_2025_2_df_row.nc, is_file: True
DEBUG: opening T000000_2025_2_df_row.nc
DEBUG: opened, attrs: ['LAT', 'LON', 'ALT', 'DELTA_T', 'TURB']
DEBUG: attrs_arr: [ 3.735e+01 -7.600e+01  2.700e+04  2.720e+02  5.000e+00]
DEBUG: features shape: (4,)
DEBUG: flattened_data shape: (2560,)
DEBUG: label: 5
DEBUG: appended successfully
Decompressing dir: decompressed/2025_03.tar.xz
Successfully extracted '/cluster/tufts/capstone25skyblue/eelkus01/NEXRADTurbulencePrediction/model_training/../model_inputs/compressed/2025_03.tar.xz' to './decompressed'
Finished decompressing! Time to add to dataloader
DEBUG: found file: F000000_2025_3_df_row.nc, is_file: True
DEBUG: opening F000000_2025_3_df_row.nc
DEBUG: opened, attrs: ['LAT', 'LON', 'ALT', 'DELTA_T', 'TURB']
DEBUG: attrs_arr: [ 3.4056000e+01 -1.1760119e+02  6.0000000e+03  2.2700000e+02
  5.0000000e+00]
DEBUG: features shape: (4,)
DEBUG: flattened_data shape: (2560,)
DEBUG: label: 5
DEBUG: appended successfully
DEBUG: found file: T000000_2025_3_df_row.nc, is_file: True
DEBUG: opening T000000_2025_3_df_row.nc
DEBUG: opened, attrs: ['LAT', 'LON', 'ALT', 'DELTA_T', 'TURB']
DEBUG: attrs_arr: [ 3.96800122e+01 -1.19996875e+02  1.10000000e+04  1.48000000e+02
  5.00000000e+00]
DEBUG: features shape: (4,)
DEBUG: flattened_data shape: (2560,)
DEBUG: label: 5
DEBUG: appended successfully
Decompressing dir: decompressed/2025_04.tar.xz
Successfully extracted '/cluster/tufts/capstone25skyblue/eelkus01/NEXRADTurbulencePrediction/model_training/../model_inputs/compressed/2025_04.tar.xz' to './decompressed'
Finished decompressing! Time to add to dataloader
DEBUG: found file: F000000_2025_4_df_row.nc, is_file: True
DEBUG: opening F000000_2025_4_df_row.nc
DEBUG: opened, attrs: ['LAT', 'LON', 'ALT', 'DELTA_T', 'TURB']
DEBUG: attrs_arr: [  36.44868017  -94.307      5000.          119.            5.        ]
DEBUG: features shape: (4,)
DEBUG: flattened_data shape: (2560,)
DEBUG: label: 5
DEBUG: appended successfully
DEBUG: found file: T000000_2025_4_df_row.nc, is_file: True
DEBUG: opening T000000_2025_4_df_row.nc
DEBUG: opened, attrs: ['LAT', 'LON', 'ALT', 'DELTA_T', 'TURB']
DEBUG: attrs_arr: [  36.25  -94.12 5000.    281.      5.  ]
DEBUG: features shape: (4,)
DEBUG: flattened_data shape: (2560,)
DEBUG: label: 5
DEBUG: appended successfully
Decompressing dir: decompressed/2025_05.tar.xz
Successfully extracted '/cluster/tufts/capstone25skyblue/eelkus01/NEXRADTurbulencePrediction/model_training/../model_inputs/compressed/2025_05.tar.xz' to './decompressed'
Finished decompressing! Time to add to dataloader
DEBUG: found file: F000000_2025_5_df_row.nc, is_file: True
DEBUG: opening F000000_2025_5_df_row.nc
DEBUG: opened, attrs: ['LAT', 'LON', 'ALT', 'DELTA_T', 'TURB']
DEBUG: attrs_arr: [ 2.57880500e+01 -7.96690242e+01  1.10000000e+04  2.94000000e+02
  5.00000000e+00]
DEBUG: features shape: (4,)
DEBUG: flattened_data shape: (2560,)
DEBUG: label: 5
DEBUG: appended successfully
DEBUG: found file: T000000_2025_5_df_row.nc, is_file: True
DEBUG: opening T000000_2025_5_df_row.nc
DEBUG: opened, attrs: ['LAT', 'LON', 'ALT', 'DELTA_T', 'TURB']
DEBUG: attrs_arr: [ 3.79234495e+01 -1.12454118e+02  3.90000000e+04  2.92000000e+02
  6.00000000e+00]
DEBUG: features shape: (4,)
DEBUG: flattened_data shape: (2560,)
DEBUG: label: 6
DEBUG: appended successfully
Decompressing dir: decompressed/2025_06.tar.xz
Successfully extracted '/cluster/tufts/capstone25skyblue/eelkus01/NEXRADTurbulencePrediction/model_training/../model_inputs/compressed/2025_06.tar.xz' to './decompressed'
Finished decompressing! Time to add to dataloader
DEBUG: found file: F000000_2025_6_df_row.nc, is_file: True
DEBUG: opening F000000_2025_6_df_row.nc
DEBUG: opened, attrs: ['LAT', 'LON', 'ALT', 'DELTA_T', 'TURB']
DEBUG: attrs_arr: [ 2.81010942e+01 -8.12431643e+01  1.00000000e+04  3.25000000e+02
  6.00000000e+00]
DEBUG: features shape: (4,)
DEBUG: flattened_data shape: (2560,)
DEBUG: label: 6
DEBUG: appended successfully
DEBUG: found file: T000000_2025_6_df_row.nc, is_file: True
DEBUG: opening T000000_2025_6_df_row.nc
DEBUG: opened, attrs: ['LAT', 'LON', 'ALT', 'DELTA_T', 'TURB']
DEBUG: attrs_arr: [ 2.70180603e+01 -8.00994000e+01  2.40000000e+04  9.40000000e+01
  5.00000000e+00]
DEBUG: features shape: (4,)
DEBUG: flattened_data shape: (2560,)
DEBUG: label: 5
DEBUG: appended successfully
Decompressing dir: decompressed/2025_07.tar.xz
Successfully extracted '/cluster/tufts/capstone25skyblue/eelkus01/NEXRADTurbulencePrediction/model_training/../model_inputs/compressed/2025_07.tar.xz' to './decompressed'
Finished decompressing! Time to add to dataloader
DEBUG: found file: F000000_2025_7_df_row.nc, is_file: True
DEBUG: opening F000000_2025_7_df_row.nc
DEBUG: opened, attrs: ['LAT', 'LON', 'ALT', 'DELTA_T', 'TURB']
DEBUG: attrs_arr: [ 4.072878e+01 -7.341341e+01  1.000000e+04  6.700000e+01  7.000000e+00]
DEBUG: features shape: (4,)
DEBUG: flattened_data shape: (2560,)
DEBUG: label: 7
DEBUG: appended successfully
DEBUG: found file: T000000_2025_7_df_row.nc, is_file: True
DEBUG: opening T000000_2025_7_df_row.nc
DEBUG: opened, attrs: ['LAT', 'LON', 'ALT', 'DELTA_T', 'TURB']
DEBUG: attrs_arr: [ 3.89557221e+01 -8.00468482e+01  2.30000000e+04  1.56000000e+02
  6.00000000e+00]
DEBUG: features shape: (4,)
DEBUG: flattened_data shape: (2560,)
DEBUG: label: 6
DEBUG: appended successfully
Decompressing dir: decompressed/2025_08.tar.xz
Successfully extracted '/cluster/tufts/capstone25skyblue/eelkus01/NEXRADTurbulencePrediction/model_training/../model_inputs/compressed/2025_08.tar.xz' to './decompressed'
Finished decompressing! Time to add to dataloader
DEBUG: found file: F000000_2025_8_df_row.nc, is_file: True
DEBUG: opening F000000_2025_8_df_row.nc
DEBUG: opened, attrs: ['LAT', 'LON', 'ALT', 'DELTA_T', 'TURB']
DEBUG: attrs_arr: [ 3.27300000e+01 -9.78018608e+01  3.90000000e+04  1.91000000e+02
  5.00000000e+00]
DEBUG: features shape: (4,)
DEBUG: flattened_data shape: (2560,)
DEBUG: label: 5
DEBUG: appended successfully
DEBUG: found file: T000000_2025_8_df_row.nc, is_file: True
DEBUG: opening T000000_2025_8_df_row.nc
DEBUG: opened, attrs: ['LAT', 'LON', 'ALT', 'DELTA_T', 'TURB']
DEBUG: attrs_arr: [ 3.57511510e+01 -8.22087711e+01  8.00000000e+03  1.24000000e+02
  5.00000000e+00]
DEBUG: features shape: (4,)
DEBUG: flattened_data shape: (2560,)
DEBUG: label: 5
DEBUG: appended successfully
Decompressing dir: decompressed/2025_09.tar.xz
Successfully extracted '/cluster/tufts/capstone25skyblue/eelkus01/NEXRADTurbulencePrediction/model_training/../model_inputs/compressed/2025_09.tar.xz' to './decompressed'
Finished decompressing! Time to add to dataloader
DEBUG: found file: F000000_2025_9_df_row.nc, is_file: True
DEBUG: opening F000000_2025_9_df_row.nc
DEBUG: opened, attrs: ['LAT', 'LON', 'ALT', 'DELTA_T', 'TURB']
DEBUG: attrs_arr: [ 4.53333e+01 -6.77333e+01  3.70000e+04  1.65000e+02  5.00000e+00]
DEBUG: features shape: (4,)
DEBUG: flattened_data shape: (2560,)
DEBUG: label: 5
DEBUG: appended successfully
DEBUG: found file: T000000_2025_9_df_row.nc, is_file: True
DEBUG: opening T000000_2025_9_df_row.nc
DEBUG: opened, attrs: ['LAT', 'LON', 'ALT', 'DELTA_T', 'TURB']
DEBUG: attrs_arr: [  46.77272   -100.8917698 2200.         163.           5.       ]
DEBUG: features shape: (4,)
DEBUG: flattened_data shape: (2560,)
DEBUG: label: 5
DEBUG: appended successfully
Decompressing dir: decompressed/2025_10.tar.xz
Successfully extracted '/cluster/tufts/capstone25skyblue/eelkus01/NEXRADTurbulencePrediction/model_training/../model_inputs/compressed/2025_10.tar.xz' to './decompressed'
Finished decompressing! Time to add to dataloader
DEBUG: found file: F000000_2025_10_df_row.nc, is_file: True
DEBUG: opening F000000_2025_10_df_row.nc
DEBUG: opened, attrs: ['LAT', 'LON', 'ALT', 'DELTA_T', 'TURB']
DEBUG: attrs_arr: [ 4.09300000e+01 -7.31309289e+01  1.35000000e+04  3.54000000e+02
  5.00000000e+00]
DEBUG: features shape: (4,)
DEBUG: flattened_data shape: (2560,)
DEBUG: label: 5
DEBUG: appended successfully
DEBUG: found file: T000000_2025_10_df_row.nc, is_file: True
DEBUG: opening T000000_2025_10_df_row.nc
DEBUG: opened, attrs: ['LAT', 'LON', 'ALT', 'DELTA_T', 'TURB']
DEBUG: attrs_arr: [  42.75757  -73.80361 1500.         7.         5.     ]
DEBUG: features shape: (4,)
DEBUG: flattened_data shape: (2560,)
DEBUG: label: 5
DEBUG: appended successfully
Decompressing dir: decompressed/2025_11.tar.xz
Successfully extracted '/cluster/tufts/capstone25skyblue/eelkus01/NEXRADTurbulencePrediction/model_training/../model_inputs/compressed/2025_11.tar.xz' to './decompressed'
Finished decompressing! Time to add to dataloader
DEBUG: found file: F000000_2025_11_df_row.nc, is_file: True
DEBUG: opening F000000_2025_11_df_row.nc
DEBUG: opened, attrs: ['LAT', 'LON', 'ALT', 'DELTA_T', 'TURB']
DEBUG: attrs_arr: [  35.54931899  -91.42944814 4000.          199.            5.        ]
DEBUG: features shape: (4,)
DEBUG: flattened_data shape: (2560,)
DEBUG: label: 5
DEBUG: appended successfully
DEBUG: found file: T000000_2025_11_df_row.nc, is_file: True
DEBUG: opening T000000_2025_11_df_row.nc
DEBUG: opened, attrs: ['LAT', 'LON', 'ALT', 'DELTA_T', 'TURB']
DEBUG: attrs_arr: [ 3.04112690e+01 -9.65692584e+01  1.90000000e+04  7.90000000e+01
  6.00000000e+00]
DEBUG: features shape: (4,)
DEBUG: flattened_data shape: (2560,)
DEBUG: label: 6
DEBUG: appended successfully
Decompressing dir: decompressed/2025_12.tar.xz
Successfully extracted '/cluster/tufts/capstone25skyblue/eelkus01/NEXRADTurbulencePrediction/model_training/../model_inputs/compressed/2025_12.tar.xz' to './decompressed'
Finished decompressing! Time to add to dataloader
DEBUG: found file: F000000_2025_12_df_row.nc, is_file: True
DEBUG: opening F000000_2025_12_df_row.nc
DEBUG: opened, attrs: ['LAT', 'LON', 'ALT', 'DELTA_T', 'TURB']
DEBUG: attrs_arr: [ 3.87949696e+01 -7.58221407e+01  8.00000000e+03  3.16000000e+02
  5.00000000e+00]
DEBUG: features shape: (4,)
DEBUG: flattened_data shape: (2560,)
DEBUG: label: 5
DEBUG: appended successfully
DEBUG: found file: T000000_2025_12_df_row.nc, is_file: True
DEBUG: opening T000000_2025_12_df_row.nc
DEBUG: opened, attrs: ['LAT', 'LON', 'ALT', 'DELTA_T', 'TURB']
DEBUG: attrs_arr: [  34.20458122 -117.32723123 4000.          142.            5.        ]
DEBUG: features shape: (4,)
DEBUG: flattened_data shape: (2560,)
DEBUG: label: 5
DEBUG: appended successfully
Finished running create_datasets.py and created eleanor_dataloader.pth! Deleting decompressed dir
Deactivating conda environment (if any)
Purging all modules
Done! Environment has been torn down
All done!
