label,issue,expire,fl_low,fl_high,polygon
HOTEL 3,2011-12-01 00:00:00+00:00,2011-12-01 04:00:00+00:00,0.0,35000.0,"POLYGON ((-60.3 43.15, -63.45 40, -64.3 40.3, -63.3 42.45, -60.3 43.15))"
TANGO 4,2011-12-01 02:28:00+00:00,2011-12-01 06:23:00+00:00,0.0,57000.0,"POLYGON ((144 9, 151 6, 160.3 7, 162 4.3, 151 2.3, 142.3 6.3, 144 9))"
FOXTROT 2,2011-12-01 02:30:00+00:00,2011-12-01 06:30:00+00:00,25000.0,36000.0,"POLYGON ((-154.9962414152592 49.59849656610367, -158.9962414152592 39.59849656610367, -161.0037585847408 40.40150343389633, -157.0037585847408 50.40150343389633, -154.9962414152592 49.59849656610367))"
TANGO 5,2011-12-01 05:40:00+00:00,2011-12-01 09:45:00+00:00,,,"POLYGON ((142.13 9.36, 142.22 9.1, 145.34 4.14, 141.03 4.21, 138.51 8.52, 142.13 9.36))"
FOXTROT 3,2011-12-01 06:20:00+00:00,2011-12-01 10:20:00+00:00,30000.0,40000.0,"POLYGON ((-158.4 50.4, -153.05 49.3, -159.4 40.25, -161.55 42, -158.4 50.4))"
UNIFORM 1,2011-12-01 08:23:00+00:00,2011-12-01 12:25:00+00:00,,,"POLYGON ((-154.3 29.45, -153 29.45, -153.15 26.45, -150.45 23.15, -152.45 21.45, -155.3 26.15, -154.3 29.45))"
FOXTROT 4,2011-12-01 09:55:00+00:00,2011-12-01 13:55:00+00:00,30000.0,40000.0,"POLYGON ((-156.4 51.1, -150.35 50, -160.2 39.15, -162.3 41.5, -156.4 51.1))"
UNIFORM 2,2011-12-01 12:19:00+00:00,2011-12-01 16:25:00+00:00,,,"POLYGON ((-154.15 30, -152.15 29.45, -153.45 24.45, -156.45 25.3, -154.15 30))"
FOXTROT 5,2011-12-01 13:55:00+00:00,2011-12-01 17:55:00+00:00,30000.0,40000.0,"POLYGON ((-153 50, -145 50, -160 41, -160 45, -153 50))"
1W,2011-12-01 15:55:00+00:00,2011-12-01 17:55:00+00:00,0.0,24000.0,"POLYGON ((-112.8411613063972 34.78934685376537, -111.97635375512328 34.15253565747382, -111.34662439537492 33.60690104766495, -112.92827378385496 34.60931514469396, -111.95442590742903 34.13809648204832, -111.21565622252864 33.75805440588536, -111.845385582277 34.30368901569423, -111.86731342997126 34.31812819111973, -112.8411613063972 34.78934685376537))"
UNIFORM 3,2011-12-01 16:20:00+00:00,2011-12-01 20:25:00+00:00,,,"POLYGON ((-152 30, -153.15 25, -156.45 23, -159.15 24, -156.3 27.45, -156 29.45, -152 30))"
UNIFORM 4,2011-12-01 16:51:00+00:00,2011-12-01 20:51:00+00:00,,,"POLYGON ((-152 30, -153.15 25, -156.45 23, -159.15 24, -156.3 27.45, -156 29.45, -152 30))"
GOLF 1,2011-12-01 20:15:00+00:00,2011-12-02 00:15:00+00:00,29000.0,41000.0,"POLYGON ((165 40, 165 36, 172 35, 177 30, -175 30, -179.3 38, 165 40))"
UNIFORM 5,2011-12-01 20:51:00+00:00,2011-12-02 00:51:00+00:00,0.0,45000.0,"POLYGON ((-152 29, -152.3 24.3, -155 25, -155 29, -152 29))"
GOLF 2,2011-12-01 22:30:00+00:00,2011-12-02 02:30:00+00:00,30000.0,38000.0,"POLYGON ((-177.39009117296902 41.662907449971286, -175.09009117296904 30.212907449971283, -177.20990882703097 29.787092550028717, -179.50990882703096 41.23709255002872, -177.39009117296902 41.662907449971286))"
UNIFORM 6,2011-12-02 00:36:00+00:00,2011-12-02 04:36:00+00:00,0.0,46000.0,"POLYGON ((-154 29, -150.3 29, -152 24.3, -154.3 25, -154 29))"
VICTOR 1,2011-12-02 03:11:00+00:00,2011-12-02 07:10:00+00:00,0.0,51000.0,"POLYGON ((-156.58 12.15, -153.25 8.47, -165.3 7.14, -166.34 10.55, -156.58 12.15))"
WHISKEY 1,2011-12-02 04:21:00+00:00,2011-12-02 08:20:00+00:00,0.0,45000.0,"POLYGON ((-150.3 22, -149.3 21, -152 18.3, -153 19.3, -150.3 22))"
UNIFORM 7,2011-12-02 04:22:00+00:00,2011-12-02 08:25:00+00:00,0.0,46000.0,"POLYGON ((-153.3 29.3, -150.3 29.3, -151 26, -153 25, -153.3 29.3))"
VICTOR 2,2011-12-02 06:07:00+00:00,2011-12-02 10:05:00+00:00,0.0,50000.0,"POLYGON ((-159.3 13.3, -156.3 10.3, -164.3 7, -167.3 10, -159.3 13.3))"
XRAY 1,2011-12-02 07:24:00+00:00,2011-12-02 11:25:00+00:00,0.0,55000.0,"POLYGON ((162 8.3, 167 4, 161.3 5.3, 160 8, 162 8.3))"
VICTOR 3,2011-12-02 07:55:00+00:00,2011-12-02 11:55:00+00:00,0.0,50000.0,"POLYGON ((-159.3 14, -158 11.3, -167.3 8, -168 11, -159.3 14))"
UNIFORM 8,2011-12-02 08:34:00+00:00,2011-12-02 12:25:00+00:00,0.0,45000.0,"POLYGON ((-153 29, -150.3 28, -151 24, -153.3 24.3, -153 29))"
XRAY 2,2011-12-02 10:10:00+00:00,2011-12-02 14:10:00+00:00,0.0,55000.0,"POLYGON ((160.3 8, 164 4.3, 161 3.3, 158 6.3, 160.3 8))"
HOTEL 1,2011-12-02 10:50:00+00:00,2011-12-02 14:50:00+00:00,0.0,26000.0,"POLYGON ((-173.5 48.45, -168 46.4, -173.2 39.55, -177.2 41, -173.5 48.45))"
VICTOR 4,2011-12-02 10:52:00+00:00,2011-12-02 14:55:00+00:00,0.0,50000.0,"POLYGON ((-160 15, -158 11.3, -170 8, -171 10.3, -160 15))"
UNIFORM 9,2011-12-02 12:05:00+00:00,2011-12-02 16:05:00+00:00,0.0,45000.0,"POLYGON ((-152.3 29, -149 28, -152 23.3, -154.3 24.3, -152.3 29))"
XRAY 3,2011-12-02 13:20:00+00:00,2011-12-02 17:20:00+00:00,0.0,55000.0,"POLYGON ((156.3 7.3, 163.3 5.3, 161.3 3.3, 155.3 5, 156.3 7.3))"
UNIFORM 10,2011-12-02 15:05:00+00:00,2011-12-02 19:05:00+00:00,0.0,45000.0,"POLYGON ((-153.3 27.3, -150 26.3, -152 23, -154.3 24.3, -153.3 27.3))"
XRAY 4,2011-12-02 15:41:00+00:00,2011-12-02 19:40:00+00:00,0.0,52000.0,"POLYGON ((155 7.3, 162 5.3, 160.3 2.3, 154.3 5, 155 7.3))"
ALFA 1,2011-12-02 16:45:00+00:00,2011-12-02 20:45:00+00:00,0.0,40000.0,"POLYGON ((-151.72972972972974 35, -151.72972972972974 32, -152.27027027027026 32, -152.27027027027026 35, -151.72972972972974 35))"
UNIFORM 11,2011-12-02 19:02:00+00:00,2011-12-02 23:05:00+00:00,0.0,39000.0,"POLYGON ((-153 27.3, -150.3 27.3, -150.3 23, -153.3 23, -153 27.3))"
XRAY 5,2011-12-02 19:38:00+00:00,2011-12-02 23:40:00+00:00,0.0,50000.0,"POLYGON ((153.3 7, 159.3 4.3, 157 2, 152 4.3, 153.3 7))"
ALFA 2,2011-12-02 20:45:00+00:00,2011-12-03 00:45:00+00:00,0.0,40000.0,"POLYGON ((-152.03027862625308 36.01721625789874, -151.73027862625307 31.317216257898743, -152.26972137374693 31.28278374210126, -152.56972137374694 35.98278374210126, -152.03027862625308 36.01721625789874))"
ALFA 3,2011-12-03 00:45:00+00:00,2011-12-03 04:45:00+00:00,0.0,37000.0,"POLYGON ((-151.17987647840167 36.008905171041704, -151.0298764784017 31.4589051710417, -151.57012352159833 31.4410948289583, -151.7201235215983 35.991094828958296, -151.17987647840167 36.008905171041704))"
BRAVO 1,2011-12-03 07:45:00+00:00,2011-12-03 11:45:00+00:00,0.0,50000.0,"POLYGON ((-171.45 38.3, -166.45 31.15, -171.45 25.45, -178.15 32.15, -171.45 38.3))"
1C,2011-12-03 08:55:00+00:00,2011-12-03 10:55:00+00:00,0.0,33000.0,"POLYGON ((-102.40993890423213 34.85216939819043, -101.64 34.62452417705442, -101.4875242138817 33.34635843709011, -102.90983732667507 33.695972959421255, -102.40993890423213 34.85216939819043))"
2C,2011-12-03 09:55:00+00:00,2011-12-03 11:55:00+00:00,0.0,37000.0,"POLYGON ((-102.20625835269013 35.4796814756367, -100.62091602958658 35.28572624517899, -101.9118161461184 32.24497781151233, -102.93810216928784 32.484463205926325, -102.20625835269013 35.4796814756367))"
3C,2011-12-03 10:55:00+00:00,2011-12-03 12:55:00+00:00,0.0,40000.0,"POLYGON ((-100.97 36.707262088527216, -99.82201038260493 35.291341611505835, -101.2868222453762 31.68846555646447, -102.1920340325367 33.46439812859356, -100.97 36.707262088527216))"
BRAVO 2,2011-12-03 11:30:00+00:00,2011-12-03 15:30:00+00:00,0.0,50000.0,"POLYGON ((-169 39.45, -165.45 32, -169.45 24.3, -175.15 32, -169 39.45))"
4C,2011-12-03 11:55:00+00:00,2011-12-03 13:55:00+00:00,0.0,38000.0,"POLYGON ((-100.67432385622949 37.27491487799064, -99.365839889776 36.3412908075059, -100.99838575502042 30.898270541117668, -102.55202678006785 31.882152526970998, -100.67432385622949 37.27491487799064))"
5C,2011-12-03 12:55:00+00:00,2011-12-03 14:55:00+00:00,0.0,40000.0,"POLYGON ((-99.88644150334216 37.91698936812068, -98.8423831518311 37.7432677027057, -99.67792321910697 32.4162022834118, -100.86490429076673 31.72225441977049, -99.88644150334216 37.91698936812068))"
6C,2011-12-03 13:55:00+00:00,2011-12-03 15:55:00+00:00,0.0,36000.0,"POLYGON ((-98.61718753488988 38.23641320805825, -99.10554627296858 33.93819815851123, -100.1903240664079 32.076055030651304, -98.41967310333455 38.20497995612058, -99.09319666780792 33.97281765106041, -100.3631392876419 32.17672726768734, -99.27836149420258 34.038870395547264, -99.29071109936325 34.00425090299808, -98.61718753488988 38.23641320805825))"
CHARLIE 1,2011-12-03 14:30:00+00:00,2011-12-03 18:30:00+00:00,30000.0,40000.0,"POLYGON ((167.86486486486487 43.648648648648646, 176.86486486486487 31.64864864864865, 175.13513513513513 30.35135135135135, 166.13513513513513 42.351351351351354, 167.86486486486487 43.648648648648646))"
INDIA 1,2011-12-03 14:55:00+00:00,2011-12-03 18:55:00+00:00,0.0,40000.0,"POLYGON ((-55 29.3, -59.3 24.3, -60 24.3, -58 28.3, -55 29.3))"
7C,2011-12-03 14:55:00+00:00,2011-12-03 16:55:00+00:00,0.0,36000.0,"POLYGON ((-98.79911712555646 38.54205367350181, -97.16856702490209 38.57620672639682, -97.15414507271706 36.602226178203644, -97.98804611641441 33.988534277029245, -99.43998739303457 32.83222496003222, -98.79911712555646 38.54205367350181))"
8C,2011-12-03 15:55:00+00:00,2011-12-03 17:55:00+00:00,0.0,36000.0,"POLYGON ((-97.44230879825483 39.112782011065185, -96.89222514306582 37.25136864733566, -97.9291835988591 33.491559658384105, -97.63364987724702 39.054570401483396, -97.08429645750054 37.24885025669569, -98.12198514873636 33.544734486685954, -97.08502669294307 37.30454347563751, -96.89295537850835 37.30706186627748, -97.44230879825483 39.112782011065185))"
9C,2011-12-03 16:55:00+00:00,2011-12-03 18:55:00+00:00,0.0,36000.0,"POLYGON ((-95.80828030310572 40.071971730078126, -95.27585081831934 38.52205021385549, -96.21190640223001 35.20215949653443, -97.54116281019098 34.08210751330618, -97.62 39.76184477868197, -95.80828030310572 40.071971730078126))"
10C,2011-12-03 17:55:00+00:00,2011-12-03 19:55:00+00:00,0.0,33000.0,"POLYGON ((-96.29354513072326 40.353674880903995, -94.74 40.288213734418356, -94.52503975341732 39.2898023712913, -95.62425543975944 35.1573105992013, -96.50192533890073 35.436075154871695, -96.29354513072326 40.353674880903995))"
JULIETT 1,2011-12-03 18:15:00+00:00,2011-12-03 22:15:00+00:00,0.0,45000.0,"POLYGON ((-59 26.3, -57 26, -59.3 19, -61.3 18.3, -59 26.3))"
CHARLIE 2,2011-12-03 18:30:00+00:00,2011-12-03 22:30:00+00:00,30000.0,40000.0,"POLYGON ((169.0096794429712 42.955505575265526, 178.1596794429712 30.95550557526553, 176.44032055702883 29.64449442473447, 167.29032055702882 41.64449442473447, 169.0096794429712 42.955505575265526))"
YANKEE 1,2011-12-03 20:35:00+00:00,2011-12-04 00:35:00+00:00,0.0,42000.0,"POLYGON ((-171.3 30, -169.3 28, -176.3 22, -178.3 24.3, -171.3 30))"
JULIETT 2,2011-12-03 22:15:00+00:00,2011-12-04 02:15:00+00:00,0.0,45000.0,"POLYGON ((-59 29, -57 23.45, -60.15 24.3, -59 29))"
YANKEE 2,2011-12-04 00:32:00+00:00,2011-12-04 04:35:00+00:00,0.0,40000.0,"POLYGON ((-170 30, -166.3 30, -174 21.3, -175.3 24, -170 30))"
KILO 1,2011-12-04 02:15:00+00:00,2011-12-04 06:15:00+00:00,0.0,41000.0,"POLYGON ((-63 18.3, -63 15, -65 15, -67.15 15.45, -63 18.3))"
DELTA 1,2011-12-04 02:30:00+00:00,2011-12-04 06:30:00+00:00,30000.0,38000.0,"POLYGON ((-167.3 35.3, -170 30, -178.3 30, 180 35.3, -167.3 35.3))"
1C,2011-12-04 03:55:00+00:00,2011-12-04 05:55:00+00:00,0.0,33000.0,"POLYGON ((-99.70956832239567 32.17250074110116, -98.63812988324219 31.65270216974135, -101.73128793433634 30.498329877958653, -102.44125524437848 31.139882937773198, -99.70956832239567 32.17250074110116))"
YANKEE 3,2011-12-04 04:32:00+00:00,2011-12-04 08:35:00+00:00,0.0,51000.0,"POLYGON ((-170.3 27.3, -168.3 26.2, -174.3 19.2, -177 21, -170.3 27.3))"
2C,2011-12-04 04:55:00+00:00,2011-12-04 06:55:00+00:00,0.0,32000.0,"POLYGON ((-99.26835205398942 32.47861617517567, -97.99429550319113 31.91262197178591, -101.12315459761675 29.486868173005195, -101.81768828425619 31.24093132156994, -99.26835205398942 32.47861617517567))"
3C,2011-12-04 05:55:00+00:00,2011-12-04 07:55:00+00:00,0.0,35000.0,"POLYGON ((-98.13418954798071 33.06692806077203, -97.04 32.53726208852721, -99.82 29.76815522131804, -102.98 30.118155221318037, -100.64885763950687 32.47753989378691, -98.13418954798071 33.06692806077203))"
DELTA 2,2011-12-04 06:15:00+00:00,2011-12-04 10:15:00+00:00,30000.0,38000.0,"POLYGON ((-175.15 33.15, -168.3 33.15, -169.45 30, -177 30, -175.15 33.15))"
4C,2011-12-04 06:55:00+00:00,2011-12-04 08:55:00+00:00,0.0,38000.0,"POLYGON ((-97.88544553354366 33.39978538573632, -96.48269292108023 32.39820072692072, -99.82 29.76815522131804, -102.20405280581647 30.947682516475272, -99.86 33.14547582294556, -97.88544553354366 33.39978538573632))"
5C,2011-12-04 07:55:00+00:00,2011-12-04 09:55:00+00:00,0.0,38000.0,"POLYGON ((-96.33498721907586 33.45622861203412, -95.85156491157714 32.864381406522625, -99.00395560911649 30.109452474467094, -101.8161027315283 30.944785814376942, -100.45164794601058 32.47861617517567, -96.33498721907586 33.45622861203412))"
6C,2011-12-04 08:55:00+00:00,2011-12-04 10:55:00+00:00,0.0,38000.0,"POLYGON ((-96.33498721907586 33.45622861203412, -95.85156491157714 32.864381406522625, -97.91569651594695 30.379433610004686, -100.81982898076103 30.600944743093184, -100.45164794601058 32.47861617517567, -96.33498721907586 33.45622861203412))"
7C,2011-12-04 09:55:00+00:00,2011-12-04 11:55:00+00:00,0.0,36000.0,"POLYGON ((-95.31963905796361 33.92690057630494, -95.88646819119171 31.15474239179492, -98.31304678470725 29.94732873578692, -100.59864812072149 31.062504521338145, -100.04207678089301 32.4162022834118, -95.31963905796361 33.92690057630494))"
8C,2011-12-04 10:55:00+00:00,2011-12-04 12:55:00+00:00,0.0,34000.0,"POLYGON ((-94.43923226474959 33.63678582442473, -96.03298235946008 30.546441932338187, -98.05536064479922 29.28646405932242, -99.96746773013163 30.292507092080594, -100.76780519622311 32.15840686504874, -94.43923226474959 33.63678582442473))"
9C,2011-12-04 11:55:00+00:00,2011-12-04 13:55:00+00:00,0.0,37000.0,"POLYGON ((-98.87393805654176 32.47615613789508, -96.54570449680885 31.91262197178591, -95.645785444445 30.574489178409628, -97.40295305061021 29.25380946951011, -100.53241263676385 30.34339259729768, -98.87393805654176 32.47615613789508))"
10C,2011-12-04 12:55:00+00:00,2011-12-04 14:55:00+00:00,0.0,35000.0,"POLYGON ((-98.03037535567614 32.86609813104934, -95.66363288527074 32.735038630525686, -95.645785444445 30.574489178409628, -97.40295305061021 29.25380946951011, -100.35466146440172 30.407906945601354, -98.03037535567614 32.86609813104934))"
11C,2011-12-04 13:55:00+00:00,2011-12-04 15:55:00+00:00,0.0,35000.0,"POLYGON ((-96.44576363025864 32.86859529160735, -94.58235430907413 31.277567416987512, -97.40295305061021 29.25380946951011, -100.0940134281719 30.834994179788414, -98.03037535567614 32.86609813104934, -96.44576363025864 32.86859529160735))"
12C,2011-12-04 14:55:00+00:00,2011-12-04 16:55:00+00:00,0.0,35000.0,"POLYGON ((-96.81139977616043 33.330906963436576, -96.12827208388839 32.54835770245518, -96.30847885099077 30.780015995074447, -98.09649557428806 28.870980160276076, -100.09044886589382 31.242165215042228, -96.81139977616043 33.330906963436576))"
ECHO 1,2011-12-04 15:05:00+00:00,2011-12-04 19:05:00+00:00,0.0,41000.0,"POLYGON ((-161.15 41.15, -157.45 38.3, -162.3 33.45, -161.15 41.15))"
13C,2011-12-04 15:55:00+00:00,2011-12-04 17:55:00+00:00,0.0,35000.0,"POLYGON ((-97.04 33.369106867209176, -96.12827208388839 32.54835770245518, -96.30847885099077 30.780015995074447, -97.75440824719634 29.383466091862633, -99.67159344348612 30.907325547131478, -97.04 33.369106867209176))"
14C,2011-12-04 16:55:00+00:00,2011-12-04 18:55:00+00:00,0.0,35000.0,"POLYGON ((-97.19213334270104 33.177317743186066, -96.30588707258259 33.12252398880869, -95.88646819119171 31.15474239179492, -97.75440824719634 29.383466091862633, -99.86545039907723 31.368674640918357, -97.19213334270104 33.177317743186066))"
15C,2011-12-04 17:55:00+00:00,2011-12-04 19:55:00+00:00,0.0,35000.0,"POLYGON ((-97.19213334270104 33.177317743186066, -94.97743252615817 32.880910526810865, -96.75861590814 30.37773447881275, -99.41705686131941 29.63656417232421, -99.6834921422062 30.48228812869488, -97.19213334270104 33.177317743186066))"
ECHO 2,2011-12-04 18:55:00+00:00,2011-12-04 22:55:00+00:00,0.0,42000.0,"POLYGON ((-160.3 37.3, -158.15 35.15, -162.45 30.15, -160.3 37.3))"
16C,2011-12-04 18:55:00+00:00,2011-12-04 20:55:00+00:00,0.0,36000.0,"POLYGON ((-94.99511292242823 33.82489832260137, -91.94675343382102 31.72937823056986, -94.98159760527773 28.75350453908465, -95.72031558994289 30.728006638343636, -97.68306198905013 31.30641264694936, -94.99511292242823 33.82489832260137))"
LIMA 1,2011-12-04 19:25:00+00:00,2011-12-04 23:25:00+00:00,0.0,46000.0,"POLYGON ((-64.15 18, -63 17.45, -63.15 16, -65 16.15, -64.15 18))"
17C,2011-12-04 19:55:00+00:00,2011-12-04 21:55:00+00:00,0.0,36000.0,"POLYGON ((-93.51818632451413 33.31777623852337, -91.77882222363127 31.51265379423271, -94.54100709987355 29.251685506579413, -95.48594600756333 30.0775708368064, -93.51818632451413 33.31777623852337))"
18C,2011-12-04 20:55:00+00:00,2011-12-04 22:55:00+00:00,0.0,42000.0,"POLYGON ((-93.16377423689697 33.61220381536558, -91.77882222363127 31.51265379423271, -94.63853513333643 30.212755377217896, -94.75 32.42, -93.16377423689697 33.61220381536558))"
19C,2011-12-04 21:55:00+00:00,2011-12-04 23:55:00+00:00,0.0,40000.0,"POLYGON ((-92.89281697147572 33.567316362224055, -92.5 31.592737911472792, -94.30910304078373 30.806425572097226, -93.91782291769275 33.202497150006344, -92.89281697147572 33.567316362224055))"
ECHO 3,2011-12-04 22:10:00+00:00,2011-12-05 02:10:00+00:00,0.0,40000.0,"POLYGON ((-161 36.3, -156.15 36.15, -158.15 28, -162.3 27.15, -161 36.3))"
20C,2011-12-04 22:55:00+00:00,2011-12-05 00:55:00+00:00,0.0,37000.0,"POLYGON ((-93.47140605564701 33.50856061925483, -92.45691454625425 32.166390090680345, -93.22117777636873 31.51265379423271, -94.20571423160351 32.76937806789193, -93.47140605564701 33.50856061925483))"
21C,2011-12-04 23:55:00+00:00,2011-12-05 01:55:00+00:00,0.0,34000.0,"POLYGON ((-94.07 33.51, -92.74 33.26, -93.81 32.10452417705443, -95.45139443398276 33.006262503210436, -94.07 33.51))"
1C,2011-12-05 00:55:00+00:00,2011-12-05 02:55:00+00:00,0.0,35000.0,"POLYGON ((-94.35295326288814 33.744959830582474, -91.81231023017445 32.98090973809599, -93.25330862272543 32.29820545222906, -95.13037065273018 33.18795387845657, -94.35295326288814 33.744959830582474))"
2C,2011-12-05 00:55:00+00:00,2011-12-05 02:55:00+00:00,0.0,30000.0,"POLYGON ((-97.88480610116842 32.20999187795782, -97.76651121628645 32.0487271260411, -99.21148231528251 30.988776406606824, -99.32977720016449 31.150041158523543, -97.88480610116842 32.20999187795782))"
3C,2011-12-05 01:55:00+00:00,2011-12-05 03:55:00+00:00,0.0,33000.0,"POLYGON ((-93.68476638691838 34.277929553358355, -93.88558663337821 32.61627242762484, -100.0940134281719 30.834994179788414, -99.56014927195703 31.86482466735543, -93.68476638691838 34.277929553358355))"
ZULU 1,2011-12-05 02:10:00+00:00,2011-12-05 06:10:00+00:00,0.0,48000.0,"POLYGON ((-160.3 31, -157.3 31, -158.3 28, -162.3 25.3, -160.3 31))"
4C,2011-12-05 02:55:00+00:00,2011-12-05 04:55:00+00:00,0.0,30000.0,"POLYGON ((-96.94520160869563 33.25924883220814, -96.83053170590232 33.095386654163995, -99.41843199654336 31.2843874455078, -99.53310189933667 31.44824962355194, -96.94520160869563 33.25924883220814))"
5C,2011-12-05 02:55:00+00:00,2011-12-05 04:55:00+00:00,0.0,36000.0,"POLYGON ((-95.13177563060282 33.097024403075295, -94.97576107558422 32.9718866444956, -97.852463637467 29.385379460677495, -98.0084781924856 29.510517219257192, -95.13177563060282 33.097024403075295))"
6C,2011-12-05 02:55:00+00:00,2011-12-05 04:55:00+00:00,0.0,36000.0,"POLYGON ((-92.33999943124645 34.58245907027667, -92.17455614465565 34.47008238709891, -93.57636424162241 32.40631139676893, -93.74180752821322 32.518688079946685, -92.33999943124645 34.58245907027667))"
7C,2011-12-05 03:55:00+00:00,2011-12-05 05:55:00+00:00,0.0,37000.0,"POLYGON ((-94.3776293483607 34.124440010838626, -93.87046671840687 33.50984006672477, -94.19543964348306 31.948221909203493, -95.66363288527074 32.735038630525686, -94.3776293483607 34.124440010838626))"
8C,2011-12-05 03:55:00+00:00,2011-12-05 05:55:00+00:00,0.0,30000.0,"POLYGON ((-102.87752125948654 31.996819250854614, -101.40521346859894 32.00758420984056, -102.98 30.284524177054436, -102.87752125948654 31.996819250854614))"
9C,2011-12-05 03:55:00+00:00,2011-12-05 05:55:00+00:00,0.0,30000.0,"POLYGON ((-100.80662996414488 30.834619884198986, -100.68604604442196 30.67505949342403, -101.94960906752861 29.72015219216254, -102.07019298725153 29.879712582937497, -100.80662996414488 30.834619884198986))"
10C,2011-12-05 03:55:00+00:00,2011-12-05 05:55:00+00:00,0.0,35000.0,"POLYGON ((-95.56277051684089 32.729252119075355, -96.50990186100866 31.00202495631399, -97.45661585687684 29.979330008196353, -95.3980150945095 32.61586935666233, -96.50090829296613 31.013265655438335, -97.60338414312317 30.11519416885808, -96.65667014725499 31.137889116975714, -96.66566371529751 31.126648417851367, -95.56277051684089 32.729252119075355))"
11C,2011-12-05 04:55:00+00:00,2011-12-05 06:55:00+00:00,0.0,36000.0,"POLYGON ((-91.50344048601691 35.00030688721247, -91.35667694573065 34.86443759987113, -94.4223199017969 31.552985672140206, -94.56908344208315 31.68885495948155, -91.50344048601691 35.00030688721247))"
12C,2011-12-05 04:55:00+00:00,2011-12-05 06:55:00+00:00,0.0,30000.0,"POLYGON ((-101.73187042743692 32.48734435414428, -101.53251167542365 32.47134160451461, -101.64427745507628 31.078987986232008, -101.84363620708955 31.09499073586168, -101.73187042743692 32.48734435414428))"
13C,2011-12-05 04:55:00+00:00,2011-12-05 06:55:00+00:00,0.0,32000.0,"POLYGON ((-100.1024273072547 31.141326686202575, -99.98350714020465 30.980522476466668, -101.77265047914986 29.657390295454253, -101.89157064619991 29.81819450519016, -100.1024273072547 31.141326686202575))"
14C,2011-12-05 04:55:00+00:00,2011-12-05 06:55:00+00:00,0.0,35000.0,"POLYGON ((-93.68009298530885 34.49948462974786, -95.9110934011089 32.10143739980571, -95.91314479916163 32.0991635585664, -97.24846338208938 30.572689387303026, -95.76466393472023 31.96520813946443, -93.53366351892018 34.36325536940658, -97.09793111959526 30.44100780944036, -95.7626125366675 31.967481980703738, -93.68009298530885 34.49948462974786))"
15C,2011-12-05 05:55:00+00:00,2011-12-05 07:55:00+00:00,0.0,36000.0,"POLYGON ((-94.66859394435299 33.50856061925483, -93.29024079349452 33.06778779978601, -94.72 30.99363104426361, -96.89905587820004 30.890938683704597, -94.66859394435299 33.50856061925483))"
16C,2011-12-05 05:55:00+00:00,2011-12-05 07:55:00+00:00,0.0,34000.0,"POLYGON ((-99.48581379554406 31.710921348917907, -97.17319725084232 30.506848598371693, -99.965680093625 28.65174496788047, -101.72258958108141 30.18009942970556, -99.48581379554406 31.710921348917907))"
ZULU 2,2011-12-05 06:09:00+00:00,2011-12-05 10:10:00+00:00,0.0,42000.0,"POLYGON ((-156.3 29.45, -160.3 24.45, -163 23, -161 26.15, -159.3 29.45, -156.3 29.45))"
17C,2011-12-05 06:55:00+00:00,2011-12-05 08:55:00+00:00,0.0,36000.0,"POLYGON ((-94.07000000000001 33.84273791147278, -92.89281697147572 33.567316362224055, -94.19543964348306 31.948221909203493, -95.34125415367663 32.41861937193263, -94.07000000000001 33.84273791147278))"
18C,2011-12-05 06:55:00+00:00,2011-12-05 08:55:00+00:00,0.0,35000.0,"POLYGON ((-98.67674048876654 32.47446493334528, -96.0808613819834 31.152843948094596, -99.39981812687665 28.81320377378853, -101.72258958108141 30.18009942970556, -98.67674048876654 32.47446493334528))"
19C,2011-12-05 07:55:00+00:00,2011-12-05 09:55:00+00:00,0.0,37000.0,"POLYGON ((-96.44576363025864 32.86859529160735, -94.90033272791139 32.11250094776691, -99.26648289769064 28.931717304970032, -100.78640376847284 30.59642894582137, -96.44576363025864 32.86859529160735))"
20C,2011-12-05 07:55:00+00:00,2011-12-05 09:55:00+00:00,0.0,35000.0,"POLYGON ((-95.12850908247381 30.420929395179435, -94.64217123126268 29.703441750288487, -95.60695440087629 29.01284678973706, -96.31 29.59184477868197, -95.12850908247381 30.420929395179435))"
23C,2011-12-05 08:55:00+00:00,2011-12-05 10:55:00+00:00,0.0,35000.0,"POLYGON ((-93.11152698517259 33.11531252332725, -92.9297088033544 33.11531252332725, -92.9297088033544 32.93349434150906, -93.11152698517259 32.93349434150906, -93.11152698517259 33.11531252332725))"
21C,2011-12-05 08:55:00+00:00,2011-12-05 10:55:00+00:00,0.0,37000.0,"POLYGON ((-94.8052086053976 33.25316055484376, -93.81 31.938155221318038, -98.75123884803914 29.02486242619867, -99.46332434735785 30.472180254601373, -94.8052086053976 33.25316055484376))"
22C,2011-12-05 08:55:00+00:00,2011-12-05 10:55:00+00:00,0.0,37000.0,"POLYGON ((-94.18005595053121 31.349873633731026, -93.79425429127488 30.726429120294984, -95.35 29.294524177054427, -95.92608206591001 29.95874695152936, -94.18005595053121 31.349873633731026))"
24C,2011-12-05 09:55:00+00:00,2011-12-05 11:55:00+00:00,0.0,37000.0,"POLYGON ((-95.26714806626936 33.504242729874754, -94.38531729466497 32.54680817755604, -97.6943482415169 29.637801042878127, -98.75481726216897 30.254493428529763, -95.26714806626936 33.504242729874754))"
25C,2011-12-05 09:55:00+00:00,2011-12-05 11:55:00+00:00,0.0,37000.0,"POLYGON ((-93.81 32.10452417705443, -93.27848409309142 31.257653995815662, -95.43065797514093 29.075486169836065, -95.89573158510613 30.429438006359266, -93.81 32.10452417705443))"
26C,2011-12-05 10:55:00+00:00,2011-12-05 12:55:00+00:00,0.0,37000.0,"POLYGON ((-93.76237065163932 34.124440010838626, -92.35055295314753 31.5673233176737, -96.1345595313483 28.82355334282263, -98.68077035551968 30.10093177842394, -93.76237065163932 34.124440010838626))"
27C,2011-12-05 11:55:00+00:00,2011-12-05 13:55:00+00:00,0.0,37000.0,"POLYGON ((-93.68476638691838 34.277929553358355, -92.17933394625773 32.4022825676159, -94.98159760527773 28.75350453908465, -98.06346327609431 30.187916502712135, -93.68476638691838 34.277929553358355))"
28C,2011-12-05 12:55:00+00:00,2011-12-05 14:55:00+00:00,0.0,35000.0,"POLYGON ((-93.35970038580021 34.09617979979481, -92.5 31.92547582294557, -94.84104837561198 28.883088123032397, -96.98189372496591 30.849418872141715, -93.35970038580021 34.09617979979481))"
29C,2011-12-05 13:55:00+00:00,2011-12-05 15:55:00+00:00,0.0,37000.0,"POLYGON ((-94.20490357886702 32.22782617150699, -92.94820403836498 32.19840184218151, -94.56734362335169 28.112163378606606, -95.08790042247497 28.308838757771724, -94.20490357886702 32.22782617150699))"
30C,2011-12-05 14:55:00+00:00,2011-12-05 16:55:00+00:00,0.0,35000.0,"POLYGON ((-93.53092325936785 32.53440927700298, -92.40405681683261 32.392142289384296, -93.47527586187198 29.37097004870952, -94.1136841834483 29.508562640476715, -93.53092325936785 32.53440927700298))"
MIKE 1,2011-12-05 20:25:00+00:00,2011-12-06 00:25:00+00:00,0.0,47000.0,"POLYGON ((-54.15 21.3, -53.15 18, -57.45 18, -57 20.45, -54.15 21.3))"
MIKE 2,2011-12-06 00:25:00+00:00,2011-12-06 04:25:00+00:00,0.0,45000.0,"POLYGON ((-57 21, -52 18, -57 18, -57 21))"
MIKE 3,2011-12-06 04:25:00+00:00,2011-12-06 08:25:00+00:00,0.0,45000.0,"POLYGON ((-55 22, -52.3 18, -57 18, -55 22))"
1C,2011-12-06 05:55:00+00:00,2011-12-06 07:55:00+00:00,0.0,34000.0,"POLYGON ((-86.62263649782317 35.095034239258, -86.48038782213665 34.95444507087923, -87.56981027494737 33.852163131505534, -87.71205895063389 33.9927522998843, -86.62263649782317 35.095034239258))"
YANKEE 1,2011-12-06 06:07:00+00:00,2011-12-06 10:10:00+00:00,0.0,52000.0,"POLYGON ((138.5 14.3, 140 13, 133 11.4, 134.1 13.2, 138.5 14.3))"
1E,2011-12-06 06:55:00+00:00,2011-12-06 08:55:00+00:00,0.0,34000.0,"POLYGON ((-85.85598104936543 36.137177784925875, -85.71395262226457 35.14969752618969, -86.9 34.16910686720918, -88.4337945555121 33.3362717959745, -85.85598104936543 36.137177784925875))"
2C,2011-12-06 07:55:00+00:00,2011-12-06 09:55:00+00:00,0.0,32000.0,"POLYGON ((-87.12287159342331 34.43605000102249, -87.00212680610811 34.276611309557076, -87.89550157589983 33.60004813922602, -88.01624636321503 33.75948683069143, -87.12287159342331 34.43605000102249))"
ZULU 1,2011-12-06 08:36:00+00:00,2011-12-06 12:40:00+00:00,0.0,52000.0,"POLYGON ((149.4 6.5, 149.4 4.2, 141 4.1, 142 6.2, 149.4 6.5))"
2E,2011-12-06 08:55:00+00:00,2011-12-06 10:55:00+00:00,0.0,34000.0,"POLYGON ((-86.56385432011282 34.75727934145087, -86.39237065292284 34.65435533119539, -87.01416185270936 33.61837708956659, -87.18564551989935 33.72130109982207, -86.56385432011282 34.75727934145087))"
3E,2011-12-06 09:55:00+00:00,2011-12-06 11:55:00+00:00,0.0,37000.0,"POLYGON ((-85.95705368564626 35.54961863172338, -85.22753939929993 34.806270473148274, -87.20383855557685 33.0548081558199, -87.77062388423693 33.742472734514195, -85.95705368564626 35.54961863172338))"
ALFA 1,2011-12-06 10:20:00+00:00,2011-12-06 14:20:00+00:00,0.0,50000.0,"POLYGON ((-50 22, -45 21.15, -47.45 17.45, -55 18, -50 22))"
4E,2011-12-06 10:55:00+00:00,2011-12-06 12:55:00+00:00,0.0,36000.0,"POLYGON ((-84.71151350030557 35.89720252945267, -84.57250724721752 35.42919830771093, -86.74754370210668 33.36249658462884, -87.06249919976571 34.35633065528978, -84.71151350030557 35.89720252945267))"
5E,2011-12-06 11:55:00+00:00,2011-12-06 13:55:00+00:00,0.0,36000.0,"POLYGON ((-83.54555506903415 35.97414565664805, -83.41291691359393 35.82445557774696, -84.47468902458915 34.883635081598115, -84.60732718002937 35.0333251604992, -83.54555506903415 35.97414565664805))"
6E,2011-12-06 11:55:00+00:00,2011-12-06 13:55:00+00:00,0.0,36000.0,"POLYGON ((-85.23834077708149 35.505967374084804, -85.06165922291852 35.41224636033357, -86.01205943591975 33.62056507148658, -86.18874099008272 33.714286085237816, -85.23834077708149 35.505967374084804))"
ZULU 2,2011-12-06 12:22:00+00:00,2011-12-06 16:25:00+00:00,0.0,54000.0,"POLYGON ((139.2 8.1, 149.3 6.5, 149.4 3.3, 139.1 6, 139.2 8.1))"
ALFA 2,2011-12-06 14:05:00+00:00,2011-12-06 18:05:00+00:00,0.0,47000.0,"POLYGON ((-49.45 22, -46 21.3, -48.3 17.45, -53.45 18, -49.45 22))"
ZULU 3,2011-12-06 15:23:00+00:00,2011-12-06 19:25:00+00:00,0.0,54000.0,"POLYGON ((142 8.3, 153 6.5, 153 3.2, 142 6.3, 142 8.3))"
ZULU 4,2011-12-06 16:28:00+00:00,2011-12-06 20:30:00+00:00,0.0,59000.0,"POLYGON ((146.34 8.02, 153.09 6.59, 152.55 2.32, 146.43 2.23, 145.31 5.59, 146.34 8.02))"
NOVEMBER 1,2011-12-06 16:28:00+00:00,2011-12-06 20:30:00+00:00,0.0,59000.0,"POLYGON ((144 10.39, 144.42 6.41, 140.41 5.38, 140.34 9.3, 144 10.39))"
ALFA 3,2011-12-06 17:55:00+00:00,2011-12-06 21:55:00+00:00,0.0,45000.0,"POLYGON ((-50 20.45, -47 20.15, -48.15 17.45, -52.15 18, -50 20.45))"
ZULU 5,2011-12-06 20:30:00+00:00,2011-12-07 00:30:00+00:00,0.0,59000.0,"POLYGON ((146.18 8.32, 153.09 6.59, 152.55 2.32, 145.1 3.28, 145.01 6.11, 146.18 8.32))"
NOVEMBER 2,2011-12-06 20:30:00+00:00,2011-12-07 00:30:00+00:00,0.0,59000.0,"POLYGON ((142.19 11.36, 143.55 9.09, 139.41 5.46, 138.31 10.28, 142.19 11.36))"
BRAVO 1,2011-12-07 00:00:00+00:00,2011-12-07 04:00:00+00:00,0.0,46000.0,"POLYGON ((-53 23, -52.3 18.3, -57 18.3, -57.3 22.3, -53 23))"
ZULU 6,2011-12-07 00:30:00+00:00,2011-12-07 04:30:00+00:00,0.0,59000.0,"POLYGON ((145.35 10.04, 153.09 6.59, 152.36 2.58, 143.41 4.59, 143.41 8.37, 145.35 10.04))"
ZULU 7,2011-12-07 04:00:00+00:00,2011-12-07 08:00:00+00:00,0.0,57000.0,"POLYGON ((142.2 10, 146.3 10, 144.1 6.5, 141.5 7.3, 142.2 10))"
BRAVO 2,2011-12-07 04:00:00+00:00,2011-12-07 08:00:00+00:00,0.0,46000.0,"POLYGON ((-52.3 23.3, -53.3 19, -56.3 21.3, -52.3 23.3))"
OSCAR 1,2011-12-07 05:46:00+00:00,2011-12-07 09:46:00+00:00,0.0,48000.0,"POLYGON ((-140.1 15.3, -140.1 11.3, -145 9.5, -150.3 13.1, -145.1 15.2, -140.1 15.3))"
BRAVO 3,2011-12-07 08:00:00+00:00,2011-12-07 12:00:00+00:00,0.0,48000.0,"POLYGON ((-49.3 25.3, -49.3 20, -53.3 20, -55.3 22.45, -49.3 25.3))"
BRAVO 4,2011-12-07 11:45:00+00:00,2011-12-07 15:45:00+00:00,0.0,45000.0,"POLYGON ((-47.15 25.15, -46.3 20.45, -54 20.3, -53.45 24, -47.15 25.15))"
CHARLIE 1,2011-12-07 13:05:00+00:00,2011-12-07 17:05:00+00:00,0.0,40000.0,"POLYGON ((-62.45 23.3, -61 22.15, -64.3 21.3, -65.45 23, -62.45 23.3))"
FOXTROT 1,2011-12-07 13:10:00+00:00,2011-12-07 17:10:00+00:00,0.0,50000.0,"POLYGON ((-135.3 12.15, -132.15 9.15, -134.3 8, -138.45 10.3, -135.3 12.15))"
PAPA 1,2011-12-07 14:00:00+00:00,2011-12-07 18:00:00+00:00,0.0,52000.0,"POLYGON ((-172.3 7.5, -168.5 5.3, -170.1 4.1, -176.5 6, -176.3 7.1, -172.3 7.5))"
BRAVO 5,2011-12-07 15:30:00+00:00,2011-12-07 19:30:00+00:00,0.0,49000.0,"POLYGON ((-48.3 24, -47.45 20.3, -53.45 20.15, -53.15 23.3, -48.3 24))"
DELTA 1,2011-12-07 17:20:00+00:00,2011-12-07 21:20:00+00:00,23000.0,42000.0,"POLYGON ((-53.45 44.45, -51.45 39.15, -56.15 38.3, -59.3 43.45, -53.45 44.45))"
ECHO 1,2011-12-07 17:25:00+00:00,2011-12-07 21:25:00+00:00,28000.0,39000.0,"POLYGON ((-44.45 40.3, -41.3 40, -41.45 37.3, -44.3 37.3, -46.45 36.15, -48.15 38.3, -44.45 40.3))"
PAPA 2,2011-12-07 17:35:00+00:00,2011-12-07 21:35:00+00:00,0.0,55000.0,"POLYGON ((-176.45 8, -165.15 7, -165.45 3.15, -177 6, -176.45 8))"
BRAVO 6,2011-12-07 19:15:00+00:00,2011-12-07 23:15:00+00:00,0.0,49000.0,"POLYGON ((-48 23.15, -47.15 20.45, -53 20.15, -52.15 23, -48 23.15))"
DELTA 2,2011-12-07 21:20:00+00:00,2011-12-08 01:20:00+00:00,32000.0,40000.0,"POLYGON ((-55 43, -50 42, -50 38.3, -56.3 39, -55 43))"
PAPA 3,2011-12-07 21:34:00+00:00,2011-12-08 01:35:00+00:00,0.0,55000.0,"POLYGON ((-179.23 8.13, 178.5 6.41, -170.01 2.43, -166.43 4.39, -166.16 7.53, -179.23 8.13))"
1E,2011-12-07 22:06:00+00:00,2011-12-07 23:55:00+00:00,0.0,28000.0,"POLYGON ((-78.87867104907205 36.385355684859135, -78.68132895092795 36.35285804955922, -79.00234537573047 34.403483757411514, -79.19968747387458 34.43598139271143, -78.87867104907205 36.385355684859135))"
2E,2011-12-07 22:55:00+00:00,2011-12-08 00:55:00+00:00,0.0,30000.0,"POLYGON ((-78.39524818796059 37.8378636391948, -78.32980785614849 34.54171182034724, -78.52976845143196 34.53774189164739, -78.59520878324406 37.833893710494955, -78.39524818796059 37.8378636391948))"
DELTA 3,2011-12-07 23:15:00+00:00,2011-12-08 03:15:00+00:00,32000.0,40000.0,"POLYGON ((-41 45, -45.3 40, -55 40, -52.3 45, -41 45))"
BRAVO 7,2011-12-07 23:15:00+00:00,2011-12-08 03:15:00+00:00,0.0,45000.0,"POLYGON ((-52 23, -45.3 22, -51.3 20.3, -52 23))"
3E,2011-12-07 23:55:00+00:00,2011-12-08 01:55:00+00:00,0.0,31000.0,"POLYGON ((-77.4303599479869 39.947996958366666, -77.38027157750314 37.183238430279076, -77.61562913386159 34.648068485795754, -77.63032632461191 39.94432977696052, -77.57982659616735 37.190648788970684, -77.814772794565 34.666556384585114, -77.57941523820655 37.201726329068435, -77.37986021954234 37.19431597037683, -77.4303599479869 39.947996958366666))"
1E,2011-12-08 00:55:00+00:00,2011-12-08 02:55:00+00:00,0.0,28000.0,"POLYGON ((-77.4303599479869 39.947996958366666, -77.38027157750314 37.183238430279076, -77.61562913386159 34.648068485795754, -77.63032632461191 39.94432977696052, -77.57982659616735 37.190648788970684, -77.814772794565 34.666556384585114, -77.57941523820655 37.201726329068435, -77.37986021954234 37.19431597037683, -77.4303599479869 39.947996958366666))"
2E,2011-12-08 00:55:00+00:00,2011-12-08 02:55:00+00:00,0.0,30000.0,"POLYGON ((-74.45535305967303 41.223673943860746, -74.58342863109235 39.937539667395335, -77.37766244654472 39.37198876138292, -77.07 40.632737911472795, -74.45535305967303 41.223673943860746))"
3E,2011-12-08 01:55:00+00:00,2011-12-08 03:55:00+00:00,0.0,22000.0,"POLYGON ((-75.41000509749043 37.685533866165095, -75.38163228803106 34.87562308687236, -75.58162209305021 34.87360370865101, -75.60999490250958 37.68351448794375, -75.41000509749043 37.685533866165095))"
4E,2011-12-08 01:55:00+00:00,2011-12-08 03:55:00+00:00,0.0,26000.0,"POLYGON ((-74.01681033386687 41.30251361620048, -73.83637569921815 41.216238807483315, -74.70978268267564 39.38960050711421, -74.89021731732436 39.475875315831374, -74.01681033386687 41.30251361620048))"
5E,2011-12-08 02:55:00+00:00,2011-12-08 04:55:00+00:00,0.0,25000.0,"POLYGON ((-73.41024026624689 41.50628719415362, -74.82105060669069 38.13130558247677, -74.82784208332862 38.10645451813555, -75.34998903525975 34.33582669468803, -74.63652401507532 38.05416974782894, -73.22571367463152 41.42915135950579, -75.15187949036853 34.30839298872264, -74.6297325384374 38.07902081217016, -73.41024026624689 41.50628719415362))"
6E,2011-12-08 02:55:00+00:00,2011-12-08 04:55:00+00:00,0.0,35000.0,"POLYGON ((-70.8578767157531 39.73994761723672, -70.03 38.78446566395412, -72.43731817834639 37.19360502431225, -72.83733237032443 38.44680654051038, -70.8578767157531 39.73994761723672))"
DELTA 4,2011-12-08 03:15:00+00:00,2011-12-08 07:15:00+00:00,32000.0,40000.0,"POLYGON ((-40 45, -40 40, -50 40, -50 45, -40 45))"
BRAVO 8,2011-12-08 03:15:00+00:00,2011-12-08 07:15:00+00:00,0.0,45000.0,"POLYGON ((-51 22.3, -45 21, -52 19.3, -51 22.3))"
7E,2011-12-08 03:55:00+00:00,2011-12-08 05:55:00+00:00,0.0,35000.0,"POLYGON ((-69.14449413589978 41.27660732398547, -68.34144020317794 39.973481077996794, -71.4849127585348 37.97036505946073, -72.44912037204143 38.31226701060093, -69.14449413589978 41.27660732398547))"
8E,2011-12-08 04:55:00+00:00,2011-12-08 06:55:00+00:00,0.0,36000.0,"POLYGON ((-69.51435488803915 42.201088253853136, -66.93193646781027 41.238457112729044, -68.19116852601938 39.85350746690818, -70.77677848400359 39.89421515661165, -69.51435488803915 42.201088253853136))"
9E,2011-12-08 05:55:00+00:00,2011-12-08 07:55:00+00:00,0.0,39000.0,"POLYGON ((-69.13938692153971 42.974866959939575, -66.91752166152592 42.19342457874979, -66.80889025182304 40.21603622357932, -70.448691756351 40.510712188676514, -69.13938692153971 42.974866959939575))"
10E,2011-12-08 06:55:00+00:00,2011-12-08 08:55:00+00:00,0.0,39000.0,"POLYGON ((-66.93860379459389 44.25061474945341, -66.93193646781027 41.238457112729044, -69.39928047978492 41.748848411151364, -68.87 43.67541730984525, -66.93860379459389 44.25061474945341))"
BRAVO 9,2011-12-08 07:10:00+00:00,2011-12-08 11:10:00+00:00,0.0,45000.0,"POLYGON ((-49 23.15, -42.3 21, -53.15 18.15, -49 23.15))"
11E,2011-12-08 07:55:00+00:00,2011-12-08 09:55:00+00:00,0.0,38000.0,"POLYGON ((-66.93860379459389 44.25061474945341, -67.15305874683217 41.24417760921642, -68.81000913879213 40.89153895645267, -69.00656394754279 43.41879736506861, -66.93860379459389 44.25061474945341))"
12E,2011-12-08 07:55:00+00:00,2011-12-08 09:55:00+00:00,0.0,29000.0,"POLYGON ((-72.052686361711 42.40880800531274, -72.32 41.41910686720917, -73.30250246328585 40.98198204388069, -73.16184586459944 41.58610911904068, -72.052686361711 42.40880800531274))"
FOXTROT 1,2011-12-08 17:50:00+00:00,2011-12-08 21:50:00+00:00,0.0,45000.0,"POLYGON ((-47.3 19.45, -47.3 17.45, -52.15 17.45, -50.3 19.3, -47.3 19.45))"
QUEBEC 1,2011-12-09 02:03:00+00:00,2011-12-09 06:05:00+00:00,0.0,50000.0,"POLYGON ((-142.3 16, -140 16, -140.3 8, -144.3 7, -142.3 16))"
QUEBEC 2,2011-12-09 05:55:00+00:00,2011-12-09 09:55:00+00:00,0.0,54000.0,"POLYGON ((-139 16.23, -139.16 7.53, -142.05 8.22, -141.35 15.51, -139 16.23))"
GOLF 1,2011-12-09 06:30:00+00:00,2011-12-09 10:30:00+00:00,0.0,42000.0,"POLYGON ((-58 21.15, -57.3 19.45, -63.15 18.15, -64.15 20, -58 21.15))"
HOTEL 1,2011-12-09 09:45:00+00:00,2011-12-09 13:45:00+00:00,0.0,54000.0,"POLYGON ((-136.3 15.3, -133 8.15, -141 7.45, -140 15.15, -136.3 15.3))"
HOTEL 2,2011-12-09 13:45:00+00:00,2011-12-09 17:45:00+00:00,0.0,54000.0,"POLYGON ((-134 13.3, -131.45 7.3, -139.45 6.3, -139 13.15, -134 13.3))"
HOTEL 3,2011-12-09 18:00:00+00:00,2011-12-09 22:00:00+00:00,0.0,50000.0,"POLYGON ((-133.45 12.45, -131.3 6, -139.45 4.45, -139 10.15, -133.45 12.45))"
HOTEL 4,2011-12-09 22:00:00+00:00,2011-12-10 02:00:00+00:00,0.0,50000.0,"POLYGON ((-132.7776 10, -132.7883014634437 9.782166707331584, -132.82030279283185 9.566431268351357, -132.87329579786874 9.354871333269683, -132.94677012694692 9.149524339911824, -133.04001818211222 8.952367892077902, -133.15214193361882 8.765300714137236, -133.28206156844666 8.590124365274715, -133.42852588949103 8.428525889491016, -133.5901243652747 8.282061568446654, -133.76530071413723 8.152141933618823, -133.95236789207792 8.040018182112217, -134.14952433991184 7.946770126946916, -134.35487133326967 7.873295797868739, -134.56643126835135 7.8203027928318605, -134.78216670733158 7.78830146344371, -135 7.7776, -135.21783329266842 7.78830146344371, -135.43356873164865 7.8203027928318605, -135.64512866673033 7.873295797868739, -135.85047566008816 7.946770126946916, -136.04763210792208 8.040018182112217, -136.23469928586277 8.152141933618823, -136.4098756347253 8.282061568446654, -136.57147411050897 8.428525889491016, -136.71793843155334 8.590124365274715, -136.84785806638118 8.765300714137236, -136.95998181788778 8.952367892077902, -137.05322987305308 9.149524339911824, -137.12670420213126 9.354871333269683, -137.17969720716815 9.566431268351355, -137.2116985365563 9.782166707331584, -137.2224 10, -137.2116985365563 10.217833292668416, -137.17969720716815 10.433568731648643, -137.12670420213126 10.645128666730317, -137.05322987305308 10.850475660088176, -136.95998181788778 11.047632107922098, -136.84785806638118 11.234699285862764, -136.71793843155334 11.409875634725285, -136.57147411050897 11.571474110508984, -136.4098756347253 11.717938431553346, -136.23469928586277 11.847858066381177, -136.04763210792208 11.959981817887783, -135.85047566008816 12.053229873053084, -135.64512866673033 12.126704202131261, -135.43356873164865 12.17969720716814, -135.21783329266842 12.211698536556291, -135 12.2224, -134.78216670733158 12.211698536556291, -134.56643126835135 12.17969720716814, -134.35487133326967 12.126704202131261, -134.14952433991184 12.053229873053084, -133.95236789207792 11.959981817887783, -133.76530071413723 11.847858066381177, -133.5901243652747 11.717938431553346, -133.42852588949103 11.571474110508984, -133.28206156844666 11.409875634725287, -133.15214193361882 11.234699285862764, -133.04001818211222 11.047632107922098, -132.94677012694692 10.850475660088177, -132.87329579786874 10.645128666730317, -132.82030279283185 10.433568731648645, -132.7883014634437 10.217833292668415, -132.7776 10))"
ALFA 1,2011-12-10 07:20:00+00:00,2011-12-10 11:20:00+00:00,0.0,50000.0,"POLYGON ((-129.59799999999998 9.15, -129.6069178862031 8.968472256109655, -129.6335856606932 8.78869272362613, -129.67774649822394 8.612392777724736, -129.73897510578908 8.441270283259854, -129.81668181842684 8.276973243398253, -129.9101182780157 8.121083928447696, -130.0183846403722 7.975103637728929, -130.1404382412425 7.840438241242515, -130.2751036377289 7.718384640372212, -130.42108392844767 7.610118278015687, -130.57697324339824 7.5166818184268465, -130.74127028325984 7.438975105789098, -130.91239277772473 7.377746498223949, -131.0886927236261 7.333585660693218, -131.26847225610965 7.306917886203092, -131.45 7.298, -131.63152774389033 7.306917886203092, -131.81130727637387 7.333585660693218, -131.98760722227524 7.377746498223949, -132.15872971674014 7.438975105789098, -132.32302675660173 7.5166818184268465, -132.4789160715523 7.610118278015686, -132.62489636227107 7.718384640372211, -132.75956175875748 7.840438241242515, -132.88161535962777 7.975103637728929, -132.9898817219843 8.121083928447696, -133.08331818157313 8.276973243398253, -133.1610248942109 8.441270283259854, -133.22225350177604 8.612392777724736, -133.26641433930678 8.78869272362613, -133.29308211379688 8.968472256109653, -133.302 9.15, -133.29308211379688 9.331527743890346, -133.26641433930678 9.51130727637387, -133.22225350177604 9.687607222275265, -133.1610248942109 9.858729716740147, -133.08331818157313 10.023026756601748, -132.9898817219843 10.178916071552303, -132.88161535962777 10.32489636227107, -132.75956175875748 10.459561758757486, -132.62489636227107 10.581615359627788, -132.4789160715523 10.689881721984314, -132.32302675660173 10.783318181573154, -132.15872971674014 10.861024894210903, -131.98760722227524 10.922253501776051, -131.81130727637387 10.966414339306784, -131.63152774389033 10.993082113796909, -131.45 11.002, -131.26847225610965 10.993082113796909, -131.0886927236261 10.966414339306784, -130.91239277772473 10.922253501776051, -130.74127028325984 10.861024894210903, -130.57697324339824 10.783318181573154, -130.42108392844767 10.689881721984314, -130.2751036377289 10.58161535962779, -130.1404382412425 10.459561758757486, -130.0183846403722 10.324896362271073, -129.9101182780157 10.178916071552305, -129.81668181842684 10.023026756601748, -129.73897510578908 9.858729716740148, -129.67774649822394 9.687607222275265, -129.6335856606932 9.51130727637387, -129.6069178862031 9.331527743890346, -129.59799999999998 9.15))"
1E,2011-12-10 08:55:00+00:00,2011-12-10 10:55:00+00:00,0.0,35000.0,"POLYGON ((-80.60519661227653 26.488071277098406, -79.91042308135889 25.799532939130657, -81.37674800908502 25.511635231589047, -80.60519661227653 26.488071277098406))"
HOTEL 1,2011-12-10 12:00:00+00:00,2011-12-10 16:00:00+00:00,0.0,35000.0,"POLYGON ((-46.3 24.45, -46.3 21, -49.45 20.45, -50.45 24.3, -46.3 24.45))"
2E,2011-12-10 13:55:00+00:00,2011-12-10 15:55:00+00:00,0.0,43000.0,"POLYGON ((-80.17728402652591 27.379932432586603, -80.0082129029903 27.273091638942955, -81.21650481143672 25.361019821118393, -81.38557593497234 25.467860614762042, -80.17728402652591 27.379932432586603))"
HOTEL 2,2011-12-10 16:00:00+00:00,2011-12-10 20:00:00+00:00,0.0,43000.0,"POLYGON ((-51.45 26.15, -47 24.3, -46.45 21.3, -53.3 23.3, -51.45 26.15))"
HOTEL 3,2011-12-10 20:00:00+00:00,2011-12-11 00:00:00+00:00,0.0,43000.0,"POLYGON ((-53 26.45, -47.45 24.3, -48.3 19.15, -52 21, -53 26.45))"
HOTEL 4,2011-12-11 00:00:00+00:00,2011-12-11 04:00:00+00:00,0.0,45000.0,"POLYGON ((-54.15 25.45, -46.3 23.15, -47.3 20.3, -55.15 22.45, -54.15 25.45))"
BRAVO 1,2011-12-11 03:10:00+00:00,2011-12-11 07:10:00+00:00,30000.0,41000.0,"POLYGON ((-139.3 45.3, -132.15 44, -135.45 32.3, -140 32, -139.3 45.3))"
BRAVO 2,2011-12-11 07:00:00+00:00,2011-12-11 11:00:00+00:00,25000.0,39000.0,"POLYGON ((-134.15 46, -131.45 44.15, -134.45 40.3, -137.15 34, -140.15 35, -138 41.45, -134.15 46))"
1E,2011-12-11 17:55:00+00:00,2011-12-11 19:55:00+00:00,0.0,30000.0,"POLYGON ((-79.73796961131684 30.976178166474565, -79.15791280685917 29.986136100543057, -81.03688335607478 29.453684961025417, -81.12446117245825 30.33943451593939, -79.73796961131684 30.976178166474565))"
ROMEO 1,2011-12-11 18:13:00+00:00,2011-12-11 22:15:00+00:00,0.0,51000.0,"POLYGON ((-163.1 11.1, -158.3 10, -162.5 6.2, -167.1 6.2, -163.1 11.1))"
2E,2011-12-11 18:55:00+00:00,2011-12-11 20:55:00+00:00,0.0,33000.0,"POLYGON ((-78.7939420029141 31.825042268081663, -79.00439548084312 30.31611391255295, -80.75705420755645 29.426869312067325, -81.15334387111835 30.46684937365633, -78.7939420029141 31.825042268081663))"
3E,2011-12-11 19:55:00+00:00,2011-12-11 21:55:00+00:00,0.0,34000.0,"POLYGON ((-79.87361724218674 31.095213549427644, -79.33647472704759 29.924948248318806, -80.9336370313966 29.363550798050447, -81.15334387111835 30.46684937365633, -79.87361724218674 31.095213549427644))"
4E,2011-12-11 20:55:00+00:00,2011-12-11 22:55:00+00:00,0.0,32000.0,"POLYGON ((-79.4862113480442 31.57662182340266, -79.19707867189604 30.319646632882822, -80.93385684363821 29.236217809028442, -80.97466831106385 30.529909732491703, -79.4862113480442 31.57662182340266))"
5E,2011-12-11 21:55:00+00:00,2011-12-11 23:55:00+00:00,0.0,35000.0,"POLYGON ((-79.36799617291318 31.504854143236706, -79.38977520360127 30.322896957722662, -80.93690632774417 28.892326478507222, -81.09958975667175 30.69228113154956, -79.36799617291318 31.504854143236706))"
6E,2011-12-11 22:55:00+00:00,2011-12-12 00:55:00+00:00,0.0,39000.0,"POLYGON ((-79.87361724218674 31.095213549427644, -79.35616878185354 31.086355895414595, -80.70669581400041 28.946472510167855, -81.49154851229622 29.299457815648363, -79.87361724218674 31.095213549427644))"
7E,2011-12-11 23:55:00+00:00,2011-12-12 01:55:00+00:00,0.0,39000.0,"POLYGON ((-78.93095346765332 31.94397086757049, -79.77463338462778 29.293358650039814, -80.84082276137545 29.064448955009638, -80.00960503624667 31.214106549109758, -78.93095346765332 31.94397086757049))"
1E,2011-12-12 00:55:00+00:00,2011-12-12 02:55:00+00:00,0.0,31000.0,"POLYGON ((-84.70782740905717 29.730612379991893, -84.72460240519685 29.53131712288698, -86.17507724701649 29.653405878162364, -86.15830225087682 29.852701135267278, -84.70782740905717 29.730612379991893))"
2E,2011-12-12 01:55:00+00:00,2011-12-12 03:55:00+00:00,0.0,33000.0,"POLYGON ((-84.37524724223368 30.49676040905036, -84.3247527577663 30.303239590949637, -86.21408755189823 29.810264275155262, -86.26458203636561 30.003785093255985, -84.37524724223368 30.49676040905036))"
INDIA 1,2011-12-12 02:20:00+00:00,2011-12-12 06:20:00+00:00,0.0,42000.0,"POLYGON ((-55.45 25, -52.3 24.15, -54.15 18, -57.45 18, -55.45 25))"
3E,2011-12-12 02:55:00+00:00,2011-12-12 04:55:00+00:00,0.0,35000.0,"POLYGON ((-84.35 30.899106867209174, -83.80703713433742 29.928314528563, -85.95008380351696 29.290904068838216, -86.38530161259438 30.21484687132116, -84.35 30.899106867209174))"
4E,2011-12-12 03:55:00+00:00,2011-12-12 05:55:00+00:00,0.0,35000.0,"POLYGON ((-84.05285767869756 31.01448328843411, -83.80703713433742 29.928314528563, -85.43079153839311 29.45442529643398, -86.40666922787842 30.59443181186036, -84.05285767869756 31.01448328843411))"
5E,2011-12-12 04:55:00+00:00,2011-12-12 06:55:00+00:00,0.0,35000.0,"POLYGON ((-83.73994109802422 31.188257217783516, -83.80703713433742 29.928314528563, -84.86113196711594 29.3230706897234, -86.13466574353804 30.358295136734466, -83.73994109802422 31.188257217783516))"
6E,2011-12-12 05:55:00+00:00,2011-12-12 07:55:00+00:00,0.0,35000.0,"POLYGON ((-83.29080948912768 31.537628073776222, -83.59373561537444 30.069454276375353, -85.16251131067045 29.691641457176388, -84.35 30.899106867209174, -83.29080948912768 31.537628073776222))"
7E,2011-12-12 05:55:00+00:00,2011-12-12 07:55:00+00:00,0.0,38000.0,"POLYGON ((-79.60504189373134 29.389062497682357, -79.56273206519182 29.193589025290432, -80.9432692624549 28.894774606157796, -80.98557909099442 29.09024807854972, -79.60504189373134 29.389062497682357))"
8E,2011-12-12 06:55:00+00:00,2011-12-12 08:55:00+00:00,0.0,35000.0,"POLYGON ((-83.22941797137003 31.28331922360778, -83.05 30.265475822945575, -85.02789656995888 29.81004636605923, -84.35 30.899106867209174, -83.22941797137003 31.28331922360778))"
9E,2011-12-12 06:55:00+00:00,2011-12-12 08:55:00+00:00,0.0,38000.0,"POLYGON ((-79.59381896557228 29.39083131737096, -79.57395499335088 29.19182020560183, -81.02717118434158 29.046769782070538, -81.04703515656298 29.24578089383967, -79.59381896557228 29.39083131737096))"
10E,2011-12-12 07:55:00+00:00,2011-12-12 09:55:00+00:00,0.0,33000.0,"POLYGON ((-83.87693801094987 31.30641264694936, -82.28699111313405 31.078691792340248, -83.75888529016513 29.852783030599475, -85.02789656995888 29.81004636605923, -83.87693801094987 31.30641264694936))"
11E,2011-12-12 07:55:00+00:00,2011-12-12 09:55:00+00:00,0.0,37000.0,"POLYGON ((-79.59381896557228 29.39083131737096, -79.57395499335088 29.19182020560183, -81.02717118434158 29.046769782070538, -81.04703515656298 29.24578089383967, -79.59381896557228 29.39083131737096))"
12E,2011-12-12 08:55:00+00:00,2011-12-12 10:55:00+00:00,0.0,33000.0,"POLYGON ((-82.69046952353217 31.603539941970286, -81.51 30.83910686720918, -83.59373561537444 30.069454276375353, -84.49716852693386 30.092507753178154, -82.69046952353217 31.603539941970286))"
13E,2011-12-12 08:55:00+00:00,2011-12-12 10:55:00+00:00,0.0,37000.0,"POLYGON ((-79.33647472704759 29.924948248318806, -79.55298265182502 28.500327787280437, -81.11 29.3, -79.33647472704759 29.924948248318806))"
14E,2011-12-12 09:55:00+00:00,2011-12-12 11:55:00+00:00,0.0,31000.0,"POLYGON ((-82.92253743608212 31.186415761406696, -81.92041024332828 30.69228113154956, -83.58132911307538 29.789941789856222, -84.57040945569061 29.93870032634315, -82.92253743608212 31.186415761406696))"
15E,2011-12-12 09:55:00+00:00,2011-12-12 11:55:00+00:00,0.0,37000.0,"POLYGON ((-80.6822628765435 29.3881517398996, -79.37175478677187 28.705686181047987, -79.46413200909242 28.52829833254551, -80.77464009886405 29.210763891397125, -80.6822628765435 29.3881517398996))"
16E,2011-12-12 10:55:00+00:00,2011-12-12 12:55:00+00:00,0.0,32000.0,"POLYGON ((-80.43027593470775 28.80970943189847, -79.4088632722272 28.716579160138416, -79.4270235236371 28.517405353455082, -80.44843618611766 28.610535625215135, -80.43027593470775 28.80970943189847))"
17E,2011-12-12 11:55:00+00:00,2011-12-12 13:55:00+00:00,0.0,30000.0,"POLYGON ((-80.4393560604127 28.710122528556802, -79.282603940839 28.73352261360218, -79.79410506873485 27.93292726169233, -80.4393560604127 28.710122528556802))"
18E,2011-12-12 12:55:00+00:00,2011-12-12 14:55:00+00:00,0.0,30000.0,"POLYGON ((-80.23148116329597 28.97879293310473, -79.282603940839 28.73352261360218, -79.55067052263696 27.676832485442556, -80.3570128143266 27.79757711335673, -80.23148116329597 28.97879293310473))"
1W,2011-12-12 16:10:00+00:00,2011-12-12 17:55:00+00:00,0.0,25000.0,"POLYGON ((-118.92193131987057 34.02025912374506, -118.74011313805238 34.02025912374506, -118.74011313805238 33.838440941926876, -118.92193131987057 33.838440941926876, -118.92193131987057 34.02025912374506))"
SIERRA 1,2011-12-12 18:21:00+00:00,2011-12-12 22:25:00+00:00,0.0,28000.0,"POLYGON ((-157 26, -155 24.2, -161.4 18, -163.4 19.4, -157 26))"
JULIETT 1,2011-12-12 23:00:00+00:00,2011-12-13 03:00:00+00:00,0.0,43000.0,"POLYGON ((-58.5184 32, -58.52553430896247 31.85477780488772, -58.546868528554576 31.710954178900906, -58.58219719857916 31.56991422217979, -58.631180084631275 31.433016226607883, -58.693345454741475 31.301578594718602, -58.76809462241255 31.17686714275816, -58.85470771229777 31.060082910183144, -58.95235059299401 30.952350592994012, -59.06008291018314 30.85470771229777, -59.176867142758155 30.768094622412548, -59.3015785947186 30.693345454741475, -59.43301622660788 30.63118008463128, -59.56991422217979 30.58219719857916, -59.710954178900906 30.546868528554572, -59.854777804887725 30.525534308962474, -60 30.5184, -60.145222195112275 30.525534308962474, -60.289045821099094 30.546868528554572, -60.43008577782021 30.58219719857916, -60.56698377339212 30.63118008463128, -60.6984214052814 30.693345454741475, -60.823132857241845 30.768094622412548, -60.93991708981686 30.854707712297767, -61.04764940700599 30.952350592994012, -61.14529228770223 31.060082910183144, -61.23190537758745 31.17686714275816, -61.306654545258525 31.301578594718602, -61.368819915368725 31.433016226607883, -61.41780280142084 31.56991422217979, -61.453131471445424 31.710954178900902, -61.47446569103753 31.85477780488772, -61.4816 32, -61.47446569103753 32.145222195112275, -61.453131471445424 32.289045821099094, -61.41780280142084 32.43008577782021, -61.368819915368725 32.56698377339212, -61.306654545258525 32.6984214052814, -61.23190537758745 32.823132857241845, -61.14529228770223 32.93991708981686, -61.04764940700599 33.04764940700599, -60.93991708981686 33.14529228770223, -60.823132857241845 33.23190537758745, -60.6984214052814 33.306654545258525, -60.56698377339212 33.368819915368725, -60.43008577782021 33.41780280142084, -60.289045821099094 33.453131471445424, -60.145222195112275 33.47446569103753, -60 33.4816, -59.854777804887725 33.47446569103753, -59.710954178900906 33.453131471445424, -59.56991422217979 33.41780280142084, -59.43301622660788 33.368819915368725, -59.3015785947186 33.306654545258525, -59.176867142758155 33.23190537758745, -59.06008291018314 33.14529228770223, -58.95235059299401 33.04764940700599, -58.85470771229777 32.93991708981686, -58.76809462241255 32.823132857241845, -58.693345454741475 32.6984214052814, -58.631180084631275 32.56698377339212, -58.58219719857916 32.43008577782021, -58.546868528554576 32.289045821099094, -58.52553430896247 32.145222195112275, -58.5184 32))"
TANGO 1,2011-12-13 00:26:00+00:00,2011-12-13 04:30:00+00:00,0.0,54000.0,"POLYGON ((148.2 8.1, 149.4 4.5, 144 3.5, 144 8, 148.2 8.1))"
TANGO 2,2011-12-13 04:11:00+00:00,2011-12-13 08:11:00+00:00,0.0,52000.0,"POLYGON ((144 9, 151 5, 148 1, 140 5, 144 9))"
1W,2011-12-13 06:55:00+00:00,2011-12-13 08:55:00+00:00,0.0,25000.0,"POLYGON ((-117.82363459009927 32.778600127109826, -117.07906912490286 32.47249970366556, -118.61108142243982 31.595999241863588, -119.04508574170067 32.13022843299104, -117.82363459009927 32.778600127109826))"
KILO 1,2011-12-13 07:45:00+00:00,2011-12-13 11:45:00+00:00,0.0,38000.0,"POLYGON ((-65.15 36.15, -64.3 34, -67.3 33, -68 34.15, -65.15 36.15))"
2W,2011-12-13 07:55:00+00:00,2011-12-13 09:55:00+00:00,0.0,25000.0,"POLYGON ((-117.8754996790201 33.73775666535966, -117.45836459796531 33.24090767903922, -117.07906912490286 32.47249970366556, -118.20051489741223 31.952767787334896, -118.81292412784076 32.77004621144158, -117.8754996790201 33.73775666535966))"
TANGO 3,2011-12-13 08:07:00+00:00,2011-12-13 12:07:00+00:00,0.0,50000.0,"POLYGON ((143.3 10, 150.3 8, 149.3 2.3, 141.3 6, 143.3 10))"
3W,2011-12-13 08:55:00+00:00,2011-12-13 10:55:00+00:00,0.0,27000.0,"POLYGON ((-118.14721334990827 33.69439533469296, -117.45836459796531 33.24090767903922, -117.00399027118377 32.318682273999016, -117.67972767733194 31.85696583620624, -118.96048481391604 32.85292500041165, -118.14721334990827 33.69439533469296))"
4W,2011-12-13 09:55:00+00:00,2011-12-13 11:55:00+00:00,0.0,28000.0,"POLYGON ((-118.14721334990827 33.69439533469296, -117.45836459796531 33.24090767903922, -117.00399027118377 32.318682273999016, -117.60540584560198 32.010914930451634, -118.43 33.26452417705443, -118.14721334990827 33.69439533469296))"
KILO 2,2011-12-13 10:10:00+00:00,2011-12-13 14:10:00+00:00,0.0,37000.0,"POLYGON ((-64.15 36, -64.3 30.3, -66.3 30.3, -67.45 34, -64.15 36))"
5W,2011-12-13 10:55:00+00:00,2011-12-13 12:55:00+00:00,0.0,27000.0,"POLYGON ((-118.06005596779637 33.80211336902221, -117.38197744771685 33.0873180601212, -117.07906912490286 32.47249970366556, -117.53083395412193 32.16482054566876, -118.65896294684826 33.46867321072334, -118.06005596779637 33.80211336902221))"
TANGO 4,2011-12-13 11:25:00+00:00,2011-12-13 15:25:00+00:00,0.0,53000.0,"POLYGON ((143 10, 150 7, 147 3, 140 7, 143 10))"
LIMA 1,2011-12-13 12:05:00+00:00,2011-12-13 16:05:00+00:00,0.0,40000.0,"POLYGON ((-56.3 35.15, -55.3 32.3, -61.15 31, -60.3 33, -56.3 35.15))"
KILO 3,2011-12-13 14:10:00+00:00,2011-12-13 18:10:00+00:00,0.0,36000.0,"POLYGON ((-63 36.15, -63 32.3, -66.45 33, -67.45 34.15, -63 36.15))"
TANGO 5,2011-12-13 15:10:00+00:00,2011-12-13 19:10:00+00:00,0.0,54000.0,"POLYGON ((140 11, 151 7, 151 5, 140 6, 140 11))"
LIMA 2,2011-12-13 16:05:00+00:00,2011-12-13 20:05:00+00:00,0.0,38000.0,"POLYGON ((-56.3 34.45, -57.45 28.15, -59.3 28, -58.45 34.15, -56.3 34.45))"
6W,2011-12-13 18:55:00+00:00,2011-12-13 20:55:00+00:00,0.0,27000.0,"POLYGON ((-113.21109157041883 33.134047759768116, -113.02927338860064 33.134047759768116, -113.02927338860064 32.95222957794993, -113.21109157041883 32.95222957794993, -113.21109157041883 33.134047759768116))"
TANGO 6,2011-12-13 19:25:00+00:00,2011-12-13 23:25:00+00:00,0.0,52000.0,"POLYGON ((142 10.3, 152 5.5, 152 3.4, 142.3 7.5, 142 10.3))"
LIMA 3,2011-12-13 20:05:00+00:00,2011-12-14 00:05:00+00:00,0.0,38000.0,"POLYGON ((-56 34.45, -57.15 28, -60.3 26.45, -59.45 32.3, -56 34.45))"
7W,2011-12-13 21:55:00+00:00,2011-12-13 23:55:00+00:00,0.0,27000.0,"POLYGON ((-109.13856503989949 33.066275810168534, -108.77492867626312 33.066275810168534, -108.77492867626312 32.702639446532174, -109.13856503989949 32.702639446532174, -109.13856503989949 33.066275810168534))"
LIMA 4,2011-12-13 23:20:00+00:00,2011-12-14 03:20:00+00:00,0.0,40000.0,"POLYGON ((-54.3 35, -57 27, -61 26.3, -58 33.3, -54.3 35))"
LIMA 5,2011-12-14 01:20:00+00:00,2011-12-14 05:20:00+00:00,0.0,40000.0,"POLYGON ((-53.3 35, -55.3 27.3, -60.3 25.3, -57 34, -53.3 35))"
1C,2011-12-14 02:07:00+00:00,2011-12-14 04:55:00+00:00,0.0,30000.0,"POLYGON ((-104.21311754773077 34.638134725385264, -103.75857209318531 34.638134725385264, -103.75857209318531 34.18358927083981, -104.21311754773077 34.18358927083981, -104.21311754773077 34.638134725385264))"
2C,2011-12-14 02:55:00+00:00,2011-12-14 04:55:00+00:00,0.0,31000.0,"POLYGON ((-103.02092114203982 35.64918710232253, -102.58524200786651 35.60466129276366, -103.29848560657396 33.57691182784401, -104.45616748834607 34.47113559836937, -103.02092114203982 35.64918710232253))"
3C,2011-12-14 03:55:00+00:00,2011-12-14 05:55:00+00:00,0.0,32000.0,"POLYGON ((-102.126134727606 36.096188719244964, -101.94138529430907 36.019588152037784, -102.56097639627747 34.5252244790523, -102.7457258295744 34.60182504625948, -102.126134727606 36.096188719244964))"
LIMA 6,2011-12-14 04:40:00+00:00,2011-12-14 08:40:00+00:00,0.0,40000.0,"POLYGON ((-50 35.3, -55.3 25, -61 25, -56.3 34.3, -50 35.3))"
4C,2011-12-14 04:55:00+00:00,2011-12-14 06:55:00+00:00,0.0,35000.0,"POLYGON ((-100.72924938300325 37.5008720396939, -100.97 36.20815522131804, -103.3982368712152 34.30772979278121, -103.74372208916489 35.06227445743401, -100.72924938300325 37.5008720396939))"
5C,2011-12-14 05:55:00+00:00,2011-12-14 07:55:00+00:00,0.0,35000.0,"POLYGON ((-101.5952695978463 37.03835951549176, -101.64 36.12184477868196, -103.07305422816177 34.96089373870666, -103.28603676392001 35.79441544762327, -101.5952695978463 37.03835951549176))"
6C,2011-12-14 06:55:00+00:00,2011-12-14 08:55:00+00:00,0.0,35000.0,"POLYGON ((-101.3106987712909 36.91430234076743, -100.94706240765453 36.91430234076743, -100.94706240765453 36.55066597713107, -101.3106987712909 36.55066597713107, -101.3106987712909 36.91430234076743))"
7C,2011-12-14 06:55:00+00:00,2011-12-14 08:55:00+00:00,0.0,35000.0,"POLYGON ((-94.90584763997789 41.029009022497725, -94.54221127634152 41.029009022497725, -94.54221127634152 40.665372658861365, -94.90584763997789 40.665372658861365, -94.90584763997789 41.029009022497725))"
8C,2011-12-14 07:55:00+00:00,2011-12-14 09:55:00+00:00,0.0,34000.0,"POLYGON ((-95.94042492396628 40.05705461342313, -95.8656206756591 39.87157058598357, -98.43803445735072 38.83413635549621, -98.5128387056579 39.01962038293577, -95.94042492396628 40.05705461342313))"
9C,2011-12-14 07:55:00+00:00,2011-12-14 09:55:00+00:00,0.0,32000.0,"POLYGON ((-96.85449123388972 37.084432787428966, -96.49085487025334 37.084432787428966, -96.49085487025334 36.720796423792606, -96.85449123388972 36.720796423792606, -96.85449123388972 37.084432787428966))"
LIMA 7,2011-12-14 08:25:00+00:00,2011-12-14 12:25:00+00:00,0.0,40000.0,"POLYGON ((-54.3 38, -50.45 33, -55.3 23.45, -58.15 24.45, -54.3 38))"
10C,2011-12-14 08:55:00+00:00,2011-12-14 10:55:00+00:00,0.0,35000.0,"POLYGON ((-94.7240294581597 40.847190840679545, -91.78286987351537 40.38187055935897, -93.74250702194537 39.60408734223145, -94.7240294581597 40.847190840679545))"
11C,2011-12-14 09:55:00+00:00,2011-12-14 11:55:00+00:00,0.0,35000.0,"POLYGON ((-95.9008848506845 40.43487091095333, -93.35271878407029 39.53928381200256, -95.44113868723264 37.62087097863539, -95.9008848506845 40.43487091095333))"
12C,2011-12-14 09:55:00+00:00,2011-12-14 11:55:00+00:00,0.0,37000.0,"POLYGON ((-91.84713616521164 40.91088116458067, -91.72498223997688 38.942863227192106, -91.92459808710966 38.93047316773021, -92.04675201234441 40.89849110511878, -91.84713616521164 40.91088116458067))"
CHARLIE 1,2011-12-14 10:40:00+00:00,2011-12-14 14:40:00+00:00,0.0,47000.0,"POLYGON ((-143 13, -135.45 9, -136.45 6.45, -142.15 7.45, -143 13))"
13C,2011-12-14 10:55:00+00:00,2011-12-14 12:55:00+00:00,0.0,38000.0,"POLYGON ((-94.26329423986152 41.24736879421303, -92.15481532602456 40.1291855545021, -94.93735259738776 37.91622702658611, -94.26329423986152 41.24736879421303))"
14C,2011-12-14 11:55:00+00:00,2011-12-14 13:55:00+00:00,0.0,45000.0,"POLYGON ((-91.81396545816395 40.71562525997064, -93.43050747301857 38.26523641987832, -96.82682352655912 39.18198755793214, -91.81396545816395 40.71562525997064))"
15C,2011-12-14 11:55:00+00:00,2011-12-14 13:55:00+00:00,0.0,34000.0,"POLYGON ((-98.34650222005155 38.12137564690595, -97.98286585641517 38.12137564690595, -97.98286585641517 37.75773928326959, -98.34650222005155 37.75773928326959, -98.34650222005155 38.12137564690595))"
UNIFORM 1,2011-12-14 11:59:00+00:00,2011-12-14 16:00:00+00:00,0.0,54000.0,"POLYGON ((-150 9.3, -145.3 9.3, -145.3 6.3, -150 6.3, -150 9.3))"
LIMA 8,2011-12-14 12:10:00+00:00,2011-12-14 16:10:00+00:00,0.0,38000.0,"POLYGON ((-52.45 38.3, -50.45 30.3, -54.45 23.3, -57.45 24.45, -52.45 38.3))"
16C,2011-12-14 12:55:00+00:00,2011-12-14 14:55:00+00:00,0.0,45000.0,"POLYGON ((-90.9959533518489 41.327364205607935, -90.47620108841214 40.10189822653681, -92.61520983645674 38.93666819746116, -93.88018327802835 39.286838040909956, -90.9959533518489 41.327364205607935))"
17C,2011-12-14 12:55:00+00:00,2011-12-14 14:55:00+00:00,0.0,34000.0,"POLYGON ((-96.51106022178297 38.613293689787625, -96.37070552710415 38.470813657216, -98.98923775466736 35.8913413994345, -99.12959244934618 36.03382143200613, -96.51106022178297 38.613293689787625))"
18C,2011-12-14 13:55:00+00:00,2011-12-14 15:55:00+00:00,0.0,42000.0,"POLYGON ((-90.06130501466006 41.5119642580819, -89.67436706006546 41.00626430771197, -91.03286830212875 39.3886222815668, -92.8279027289753 39.278992607187426, -90.06130501466006 41.5119642580819))"
19C,2011-12-14 13:55:00+00:00,2011-12-14 15:55:00+00:00,0.0,37000.0,"POLYGON ((-97.21801233171462 38.152250383004464, -97.04501142912147 38.05189756689074, -98.02449577816537 36.36333831142914, -98.19749668075852 36.463691127542866, -97.21801233171462 38.152250383004464))"
20C,2011-12-14 14:55:00+00:00,2011-12-14 16:55:00+00:00,0.0,40000.0,"POLYGON ((-88.98690561589221 41.54807337464175, -87.98290294841648 40.93468561586149, -91.03286830212875 39.3886222815668, -92.54967538127465 39.42435825961499, -88.98690561589221 41.54807337464175))"
21C,2011-12-14 14:55:00+00:00,2011-12-14 16:55:00+00:00,0.0,40000.0,"POLYGON ((-96.11468667463193 39.335547841972165, -95.94466645107569 39.23022394353557, -97.68870598423055 36.41488957289973, -97.85872620778679 36.52021347133633, -96.11468667463193 39.335547841972165))"
22C,2011-12-14 14:55:00+00:00,2011-12-14 16:55:00+00:00,0.0,32000.0,"POLYGON ((-94.96555045251851 40.57919025306191, -94.5747494064236 39.5972932120436, -96.0089509370967 40.13615937095366, -94.96555045251851 40.57919025306191))"
CHARLIE 2,2011-12-14 15:00:00+00:00,2011-12-14 19:00:00+00:00,0.0,46000.0,"POLYGON ((-140 12, -132.15 7.3, -135.45 5, -143 11, -140 12))"
VICTOR 1,2011-12-14 15:36:00+00:00,2011-12-14 19:35:00+00:00,0.0,50000.0,"POLYGON ((152.3 7.3, 162 6, 162 4, 152.3 3, 152.3 7.3))"
UNIFORM 2,2011-12-14 15:45:00+00:00,2011-12-14 19:45:00+00:00,0.0,56000.0,"POLYGON ((-145.3 10, -146 5, -152 8, -145.3 10))"
23C,2011-12-14 15:55:00+00:00,2011-12-14 17:55:00+00:00,0.0,40000.0,"POLYGON ((-88.98690561589221 41.54807337464175, -87.98290294841648 40.93468561586149, -91.03286830212875 39.3886222815668, -92.54967538127465 39.42435825961499, -88.98690561589221 41.54807337464175))"
24C,2011-12-14 15:55:00+00:00,2011-12-14 17:55:00+00:00,0.0,38000.0,"POLYGON ((-95.15520942660682 39.95977378579464, -94.98873741545488 39.84892673124186, -95.78559106047884 38.65219823524262, -95.95206307163077 38.7630452897954, -95.15520942660682 39.95977378579464))"
25C,2011-12-14 15:55:00+00:00,2011-12-14 17:55:00+00:00,0.0,45000.0,"POLYGON ((-93.52354275663097 37.423509033249346, -93.54681645824778 36.439634020808136, -94.81491821429661 37.032043322811624, -93.52354275663097 37.423509033249346))"
LIMA 9,2011-12-14 16:10:00+00:00,2011-12-14 20:10:00+00:00,0.0,43000.0,"POLYGON ((-46.3 33.45, -55 21.3, -56.3 26.15, -53.15 33.15, -46.3 33.45))"
28C,2011-12-14 16:55:00+00:00,2011-12-14 18:55:00+00:00,0.0,38000.0,"POLYGON ((-92.58411493592274 37.94586936792441, -92.74166054174377 36.88797672824774, -93.7174132946512 37.48670200760065, -92.58411493592274 37.94586936792441))"
26C,2011-12-14 16:55:00+00:00,2011-12-14 18:55:00+00:00,0.0,42000.0,"POLYGON ((-94.81230774942601 40.46041230537348, -93.5998500942925 40.44395847451726, -94.28168792120775 39.64202576871947, -95.3374162276969 39.47947554553436, -94.81230774942601 40.46041230537348))"
27C,2011-12-14 16:55:00+00:00,2011-12-14 18:55:00+00:00,0.0,42000.0,"POLYGON ((-91.36250947992973 39.74013047542649, -91.1974905200703 39.62713161310074, -92.13749052007029 38.25439370162795, -92.30250947992971 38.3673925639537, -91.36250947992973 39.74013047542649))"
29C,2011-12-14 17:55:00+00:00,2011-12-14 19:55:00+00:00,0.0,45000.0,"POLYGON ((-93.2407339127778 41.311940681651514, -92.59 40.79547582294558, -93.19139520981113 39.93744237814408, -94.23980321931045 40.21116641293662, -93.2407339127778 41.311940681651514))"
30C,2011-12-14 17:55:00+00:00,2011-12-14 19:55:00+00:00,0.0,42000.0,"POLYGON ((-93.01182656569132 39.0619990367889, -91.73600035653028 37.88676629511325, -92.74166054174377 36.88797672824774, -93.50683139934935 38.58423968751526, -93.01182656569132 39.0619990367889))"
31C,2011-12-14 18:55:00+00:00,2011-12-14 20:55:00+00:00,0.0,45000.0,"POLYGON ((-90.99231824692879 41.709350243626794, -91.61472521334977 40.46434078096207, -92.673458557068 40.28367495524262, -92.02138498864039 41.646601115385714, -90.99231824692879 41.709350243626794))"
32C,2011-12-14 18:55:00+00:00,2011-12-14 20:55:00+00:00,0.0,38000.0,"POLYGON ((-89.4216586957806 40.852467389883714, -87.67867825960988 40.74940521341606, -90.17684292601197 39.09489003487298, -90.62989962103683 39.84818561523695, -89.4216586957806 40.852467389883714))"
33C,2011-12-14 18:55:00+00:00,2011-12-14 20:55:00+00:00,0.0,40000.0,"POLYGON ((-91.67967331872859 39.72198028895139, -90.80425602170722 38.24473038299266, -91.96832989460043 37.79788196347522, -92.54967538127465 39.42435825961499, -91.67967331872859 39.72198028895139))"
34C,2011-12-14 18:55:00+00:00,2011-12-14 20:55:00+00:00,0.0,45000.0,"POLYGON ((-97.6 34.734524177054425, -97.46187526428372 33.2222144348305, -99.12911595926192 32.73255585949597, -97.6 34.734524177054425))"
UNIFORM 3,2011-12-14 19:18:00+00:00,2011-12-14 23:15:00+00:00,0.0,54000.0,"POLYGON ((-145.3 11.3, -144.4 6, -152.1 6.2, -153.1 9.1, -145.3 11.3))"
VICTOR 2,2011-12-14 19:23:00+00:00,2011-12-14 23:25:00+00:00,0.0,58000.0,"POLYGON ((159 7.4, 159 7.4, 159 7.4, 159 7.4))"
VICTOR 3,2011-12-14 19:48:00+00:00,2011-12-14 23:45:00+00:00,0.0,58000.0,"POLYGON ((150 8.3, 160 7.3, 160 3.3, 152 2, 150 8.3))"
35C,2011-12-14 19:55:00+00:00,2011-12-14 21:55:00+00:00,0.0,40000.0,"POLYGON ((-90.36847128643903 41.78467071166242, -90.21056902795137 40.687765571974516, -91.61 40.85452417705444, -90.36847128643903 41.78467071166242))"
36C,2011-12-14 19:55:00+00:00,2011-12-14 21:55:00+00:00,0.0,42000.0,"POLYGON ((-90.67770607071115 40.0394448562058, -90.67799805194888 38.022076423105574, -92.4927753061628 37.35704960400644, -91.480393942229 39.91349432881043, -90.67770607071115 40.0394448562058))"
37C,2011-12-14 19:55:00+00:00,2011-12-14 21:55:00+00:00,0.0,43000.0,"POLYGON ((-97.31219571887769 35.164377114637915, -97.01658486333072 33.90249466098179, -98.59 32.99178626558165, -97.31219571887769 35.164377114637915))"
LIMA 10,2011-12-14 20:10:00+00:00,2011-12-15 00:10:00+00:00,0.0,43000.0,"POLYGON ((-51.45 34.3, -47.3 34, -54.15 19.45, -57.15 25, -51.45 34.3))"
38C,2011-12-14 20:55:00+00:00,2011-12-14 22:55:00+00:00,0.0,43000.0,"POLYGON ((-89.59 41.82547582294556, -88.6570970515835 40.93468561586149, -88.64364277022162 39.739799183705834, -90.28360974447854 39.52739433846725, -90.86063797953666 40.61777387118018, -89.59 41.82547582294556))"
39C,2011-12-14 20:55:00+00:00,2011-12-14 22:55:00+00:00,0.0,43000.0,"POLYGON ((-90.17684292601197 39.09489003487298, -89.69326688865394 38.60268992551462, -91.28087063364445 37.66533816250235, -91.76931889552026 38.456210444882, -90.17684292601197 39.09489003487298))"
40C,2011-12-14 20:55:00+00:00,2011-12-14 22:55:00+00:00,0.0,45000.0,"POLYGON ((-96.42353665570243 35.09924101382953, -96.26284805321916 34.98016468103425, -97.52290953019896 33.27976366073227, -97.68359813268223 33.398839993527545, -96.42353665570243 35.09924101382953))"
41C,2011-12-14 21:55:00+00:00,2011-12-14 23:55:00+00:00,0.0,41000.0,"POLYGON ((-87.8141340298396 42.143672925442495, -88.05749703939473 39.991909033510744, -89.46132499276402 39.929450924000875, -88.95339040020131 42.01883198294152, -87.8141340298396 42.143672925442495))"
42C,2011-12-14 21:55:00+00:00,2011-12-14 23:55:00+00:00,0.0,41000.0,"POLYGON ((-88.86000000000001 39.407262088527226, -88.86000000000001 38.90815522131804, -89.63171402226911 38.139055752315244, -90.78315707398804 39.09489003487298, -88.86000000000001 39.407262088527226))"
43C,2011-12-14 21:55:00+00:00,2011-12-14 23:55:00+00:00,0.0,45000.0,"POLYGON ((-94.2822439773448 36.04236374937142, -95.79496668930213 35.96713867235634, -95.87639182589982 35.91762529352549, -97.3549920497394 33.381270168434845, -95.78503331069788 35.7673855046981, -94.27231059874056 35.842610581713174, -97.18220839793977 33.280543758438306, -95.7036081741002 35.81689888352895, -94.2822439773448 36.04236374937142))"
UNIFORM 4,2011-12-14 22:49:00+00:00,2011-12-15 02:50:00+00:00,0.0,54000.0,"POLYGON ((-147.3 12, -146 7.3, -152.3 6.3, -153.3 8.3, -147.3 12))"
VICTOR 4,2011-12-14 22:52:00+00:00,2011-12-15 02:50:00+00:00,0.0,57000.0,"POLYGON ((157.3 7.3, 157.3 2.3, 150.3 1, 150.3 6, 157.3 7.3))"
44C,2011-12-14 22:55:00+00:00,2011-12-15 00:55:00+00:00,0.0,35000.0,"POLYGON ((-89.38769780908753 41.033389532575, -89.16951599090571 41.033389532575, -89.16951599090571 40.81520771439318, -89.38769780908753 40.81520771439318, -89.38769780908753 41.033389532575))"
45C,2011-12-14 22:55:00+00:00,2011-12-15 00:55:00+00:00,0.0,41000.0,"POLYGON ((-87.49915108257476 39.95084966340835, -88.51175364967199 38.515820689814504, -89.25903753697071 39.61198296093819, -87.49915108257476 39.95084966340835))"
46C,2011-12-14 22:55:00+00:00,2011-12-15 00:55:00+00:00,0.0,45000.0,"POLYGON ((-93.33 37.85910686720918, -92.28932923227913 36.5482291312977, -98.54011334103812 32.099380884246195, -96.1703278501567 36.07206473618769, -93.33 37.85910686720918))"
LIMA 11,2011-12-14 23:25:00+00:00,2011-12-15 03:25:00+00:00,0.0,43000.0,"POLYGON ((-49 32, -50.3 28.45, -55 25.3, -53 31.3, -49 32))"
47C,2011-12-14 23:55:00+00:00,2011-12-15 01:55:00+00:00,0.0,40000.0,"POLYGON ((-88.5734159882184 41.088606068255814, -86.43320499160014 39.83754002541228, -88.36043152924202 38.399041526900064, -89.69326688865394 38.60268992551462, -88.5734159882184 41.088606068255814))"
48C,2011-12-14 23:55:00+00:00,2011-12-15 01:55:00+00:00,0.0,45000.0,"POLYGON ((-93.33 38.191844778681954, -91.73600035653028 37.88676629511325, -92.18 35.51184477868196, -97.58782566612066 32.677805704930506, -96.59089456106531 34.847309056890715, -93.33 38.191844778681954))"
1C,2011-12-15 00:55:00+00:00,2011-12-15 02:55:00+00:00,0.0,43000.0,"POLYGON ((-87.64906445212311 39.61665186346282, -87.8556513375574 39.017861156669376, -90.82074681221022 37.19796031819995, -90.08592499235297 38.732004036601296, -87.64906445212311 39.61665186346282))"
2C,2011-12-15 00:55:00+00:00,2011-12-15 02:55:00+00:00,0.0,45000.0,"POLYGON ((-91.82479016354327 38.93666819746116, -91.08033898078651 38.3878960443224, -90.79176657842795 36.417305870181714, -96.85712854346271 32.80620030559476, -97.32341513666928 33.90249466098179, -91.82479016354327 38.93666819746116))"
WHISKEY 1,2011-12-15 01:27:00+00:00,2011-12-15 05:25:00+00:00,0.0,56000.0,"POLYGON ((135.3 12.3, 137.3 8.3, 132.3 5, 129.3 10, 135.3 12.3))"
3C,2011-12-15 01:55:00+00:00,2011-12-15 03:55:00+00:00,0.0,43000.0,"POLYGON ((-88.86000000000001 39.07452417705443, -88.7385531450642 38.24428950742302, -91.3479472659147 36.877868866166466, -91.120953665011 38.85824844143621, -88.86000000000001 39.07452417705443))"
4C,2011-12-15 01:55:00+00:00,2011-12-15 03:55:00+00:00,0.0,45000.0,"POLYGON ((-92.70207428009383 37.35834037981982, -90.95 36.4427379114728, -96.12170260391234 33.18498112909956, -96.46365203714986 33.61976871041788, -94.41263312486815 36.48492528861765, -92.70207428009383 37.35834037981982))"
UNIFORM 5,2011-12-15 02:20:00+00:00,2011-12-15 06:25:00+00:00,0.0,50000.0,"POLYGON ((-148 13, -148 10.3, -153 7.3, -154.3 8.3, -148 13))"
VICTOR 5,2011-12-15 02:24:00+00:00,2011-12-15 06:25:00+00:00,0.0,56000.0,"POLYGON ((149 6.3, 156 4, 157 1.3, 150.3 0, 149 6.3))"
5C,2011-12-15 02:55:00+00:00,2011-12-15 04:55:00+00:00,0.0,45000.0,"POLYGON ((-89.25903753697071 39.61198296093819, -87.05064991245514 39.55349651921816, -90.79176657842795 36.417305870181714, -96.81376517569211 32.40868157310378, -96.84191935052742 32.86984391931344, -89.25903753697071 39.61198296093819))"
6C,2011-12-15 02:55:00+00:00,2011-12-15 04:55:00+00:00,0.0,30000.0,"POLYGON ((-89.86909090909091 44.49093568777287, -89.6509090909091 44.49093568777287, -89.6509090909091 44.27275386959105, -89.86909090909091 44.27275386959105, -89.86909090909091 44.49093568777287))"
LIMA 12,2011-12-15 03:10:00+00:00,2011-12-15 07:10:00+00:00,0.0,43000.0,"POLYGON ((-46.45 33.15, -48.15 29.45, -52 27.15, -51.45 32.3, -46.45 33.15))"
7C,2011-12-15 03:55:00+00:00,2011-12-15 05:55:00+00:00,0.0,45000.0,"POLYGON ((-86.85239449205082 39.3619890022015, -86.9228893491022 38.874720205563136, -95.59278718736687 33.123042573428044, -96.47674616855943 33.33930182712991, -91.8316342939706 36.81262527272227, -86.85239449205082 39.3619890022015))"
8C,2011-12-15 04:55:00+00:00,2011-12-15 06:55:00+00:00,0.0,40000.0,"POLYGON ((-87.25 39.82273791147279, -86.33353634597987 38.685806022637635, -97.49329124912282 31.19869088221955, -97.81062342931119 31.467860282199958, -94.98630762932629 34.79967778427974, -87.25 39.82273791147279))"
WHISKEY 2,2011-12-15 05:24:00+00:00,2011-12-15 09:24:00+00:00,0.0,60000.0,"POLYGON ((131.45 12.15, 136.15 10.45, 133 6, 130 7.15, 131.45 12.15))"
UNIFORM 6,2011-12-15 05:30:00+00:00,2011-12-15 09:30:00+00:00,0.0,53000.0,"POLYGON ((-147.45 15.15, -144.15 14, -154.45 7, -158.3 8.3, -147.45 15.15))"
9C,2011-12-15 05:55:00+00:00,2011-12-15 07:55:00+00:00,0.0,40000.0,"POLYGON ((-85.82350351542534 39.36618193125963, -84.86461076319095 39.327294330677184, -96.01829175236584 31.967975343489222, -97.11990547873978 31.967321951099766, -85.82350351542534 39.36618193125963))"
LIMA 13,2011-12-15 06:50:00+00:00,2011-12-15 10:50:00+00:00,0.0,36000.0,"POLYGON ((-50 32.3, -47 32.15, -51.15 26, -52.45 26.3, -50 32.3))"
10C,2011-12-15 06:55:00+00:00,2011-12-15 08:55:00+00:00,0.0,41000.0,"POLYGON ((-85.82758178129104 39.09730997711605, -85.71369330919471 38.93290372442606, -87.28121052134777 37.84704392678534, -87.39509899344411 38.011450179475325, -85.82758178129104 39.09730997711605))"
11C,2011-12-15 06:55:00+00:00,2011-12-15 08:55:00+00:00,0.0,39000.0,"POLYGON ((-91.39461856545785 35.42475973352188, -91.28585108873418 35.25692160910681, -96.67276566981361 31.765932250450092, -96.78153314653729 31.933770374865162, -91.39461856545785 35.42475973352188))"
YANKEE 1,2011-12-15 07:40:00+00:00,2011-12-15 11:40:00+00:00,0.0,57000.0,"POLYGON ((144.45 5.45, 149.45 4.3, 150 1, 143.45 3, 144.45 5.45))"
12C,2011-12-15 07:55:00+00:00,2011-12-15 09:55:00+00:00,0.0,41000.0,"POLYGON ((-93.27561460054508 34.29355385423069, -93.157315133047 34.13229246396734, -96.1229232966587 31.956757042932487, -96.24122276415677 32.118018433195836, -93.27561460054508 34.29355385423069))"
13C,2011-12-15 08:55:00+00:00,2011-12-15 10:55:00+00:00,0.0,41000.0,"POLYGON ((-92.80771470285286 34.28905790510174, -92.69027578881538 34.127168740950154, -95.59848896076039 32.017469809013726, -95.71592787479787 32.179358973165314, -92.80771470285286 34.28905790510174))"
UNIFORM 7,2011-12-15 09:21:00+00:00,2011-12-15 13:21:00+00:00,0.0,54000.0,"POLYGON ((-151.3 14.3, -146 13.45, -154.3 6.15, -159.15 7, -151.3 14.3))"
14C,2011-12-15 09:55:00+00:00,2011-12-15 11:55:00+00:00,0.0,37000.0,"POLYGON ((-93.01488200093256 33.810081037244046, -92.92438496376046 33.63172665332519, -95.49308409766151 32.32836838482134, -95.58358113483361 32.5067227687402, -93.01488200093256 33.810081037244046))"
LIMA 14,2011-12-15 10:40:00+00:00,2011-12-15 14:40:00+00:00,0.0,36000.0,"POLYGON ((-46.15 32, -49.45 25, -53.3 25, -49.45 31, -46.15 32))"
15C,2011-12-15 10:55:00+00:00,2011-12-15 12:55:00+00:00,0.0,36000.0,"POLYGON ((-92.92181818181818 34.10729400476376, -92.55818181818181 34.10729400476376, -92.55818181818181 33.7436576411274, -92.92181818181818 33.7436576411274, -92.92181818181818 34.10729400476376))"
YANKEE 2,2011-12-15 11:18:00+00:00,2011-12-15 15:18:00+00:00,0.0,55000.0,"POLYGON ((143.15 6.3, 147.3 6, 149.45 0.3, 141.45 3, 143.15 6.3))"
16C,2011-12-15 11:55:00+00:00,2011-12-15 13:55:00+00:00,0.0,36000.0,"POLYGON ((-97.32341513666928 33.90249466098179, -98.16980147557979 31.338508877722262, -99.72797103290736 31.622645070378994, -99.86 33.31184477868196, -97.32341513666928 33.90249466098179))"
17C,2011-12-15 12:55:00+00:00,2011-12-15 14:55:00+00:00,0.0,37000.0,"POLYGON ((-97.54116281019098 34.08210751330618, -96.34427913734362 32.279868995944135, -98.63812988324219 31.65270216974135, -99.86 32.81273791147278, -97.54116281019098 34.08210751330618))"
UNIFORM 8,2011-12-15 13:10:00+00:00,2011-12-15 17:10:00+00:00,0.0,51000.0,"POLYGON ((-151.3 14, -147.3 14, -148.15 7.45, -158 6.15, -151.3 14))"
18C,2011-12-15 13:55:00+00:00,2011-12-15 15:55:00+00:00,0.0,37000.0,"POLYGON ((-96.88469692968405 34.44495122397023, -96.48269292108023 32.39820072692072, -100.09044886589382 31.242165215042228, -98.59 33.65726208852722, -96.88469692968405 34.44495122397023))"
LIMA 15,2011-12-15 14:40:00+00:00,2011-12-15 18:40:00+00:00,0.0,40000.0,"POLYGON ((-47 30, -49.15 24.15, -53.45 23, -51.15 28, -47 30))"
19C,2011-12-15 14:55:00+00:00,2011-12-15 16:55:00+00:00,0.0,34000.0,"POLYGON ((-96.42430585506919 34.46241227482925, -95.85156491157714 32.864381406522625, -100.35677369948685 30.789898353399686, -101.14325903363545 31.956340260698934, -96.42430585506919 34.46241227482925))"
UNIFORM 9,2011-12-15 15:26:00+00:00,2011-12-15 19:26:00+00:00,0.0,50000.0,"POLYGON ((-152.15 14.15, -147.3 14.15, -147.45 7.15, -152.3 7.15, -152.15 14.15))"
20C,2011-12-15 15:55:00+00:00,2011-12-15 17:55:00+00:00,0.0,34000.0,"POLYGON ((-96.74501818978149 33.85634449077845, -97.04 32.53726208852721, -99.67159344348612 30.907325547131478, -100.74633800428342 30.754839688811508, -96.74501818978149 33.85634449077845))"
21C,2011-12-15 16:55:00+00:00,2011-12-15 18:55:00+00:00,0.0,34000.0,"POLYGON ((-96.36531305069676 34.20737266021801, -95.84712949601693 32.79724958196069, -100.53241263676385 30.34339259729768, -99.31222333815627 32.66981417587036, -96.36531305069676 34.20737266021801))"
MIKE 1,2011-12-15 17:00:00+00:00,2011-12-15 21:00:00+00:00,32000.0,41000.0,"POLYGON ((-43.45 45, -44 43.15, -50 41, -51.15 45, -43.45 45))"
22C,2011-12-15 17:55:00+00:00,2011-12-15 19:55:00+00:00,0.0,34000.0,"POLYGON ((-96.6136773314642 34.017743509894764, -95.26714806626936 33.504242729874754, -99.0297603520084 31.771427799675823, -98.76212910256062 32.85723857488899, -96.6136773314642 34.017743509894764))"
23C,2011-12-15 18:55:00+00:00,2011-12-15 20:55:00+00:00,0.0,34000.0,"POLYGON ((-95.78000000000002 34.350893132790816, -94.63745896920445 33.97927067191303, -99.67060623126986 31.36764383058726, -99.31454319328525 32.28782345440256, -95.78000000000002 34.350893132790816))"
UNIFORM 10,2011-12-15 19:18:00+00:00,2011-12-15 23:20:00+00:00,0.0,50000.0,"POLYGON ((-148.45 15, -147.45 6.3, -153 6.45, -152.3 14.45, -148.45 15))"
24C,2011-12-15 19:55:00+00:00,2011-12-15 21:55:00+00:00,0.0,34000.0,"POLYGON ((-95.35178266090281 34.49632675181385, -94.6242549929556 33.69976654940333, -99.48581379554406 31.710921348917907, -98.59 32.99178626558165, -95.35178266090281 34.49632675181385))"
25C,2011-12-15 20:55:00+00:00,2011-12-15 22:55:00+00:00,0.0,33000.0,"POLYGON ((-94.55776890245485 35.15437724078143, -94.66859394435299 33.50856061925483, -97.82565865872743 32.12935950199946, -99.31454319328525 32.28782345440256, -94.55776890245485 35.15437724078143))"
MIKE 2,2011-12-15 21:00:00+00:00,2011-12-16 01:00:00+00:00,32000.0,41000.0,"POLYGON ((-52.45 45, -43.45 45, -43.45 43.15, -54.3 40.15, -55 44.3, -52.45 45))"
26C,2011-12-15 21:55:00+00:00,2011-12-15 23:55:00+00:00,0.0,32000.0,"POLYGON ((-94.6568185671898 34.62085722434349, -96.12170260391234 33.18498112909956, -97.63423636974137 32.86859529160735, -96.01144957624811 34.388665785407746, -94.6568185671898 34.62085722434349))"
27C,2011-12-15 22:55:00+00:00,2011-12-16 00:55:00+00:00,0.0,32000.0,"POLYGON ((-98.02558437379773 33.51814707253503, -97.04 33.036368955736386, -97.59730707891978 32.39820072692072, -99.44326832297509 32.12639114916932, -98.02558437379773 33.51814707253503))"
UNIFORM 11,2011-12-15 23:05:00+00:00,2011-12-16 03:10:00+00:00,0.0,50000.0,"POLYGON ((-147.45 13.45, -147.3 10.3, -153 7.3, -153.15 11, -147.45 13.45))"
MIKE 3,2011-12-16 00:45:00+00:00,2011-12-16 04:45:00+00:00,32000.0,41000.0,"POLYGON ((-43.45 45, -43.45 43.15, -52.3 40.45, -52.3 45, -43.45 45))"
YANKEE 1,2011-12-16 01:25:00+00:00,2011-12-16 05:25:00+00:00,0.0,49000.0,"POLYGON ((-160.15 6.3, -160.15 3.3, -171.15 3.45, -171 6.3, -160.15 6.3))"
UNIFORM 12,2011-12-16 02:01:00+00:00,2011-12-16 06:00:00+00:00,0.0,49000.0,"POLYGON ((-148.15 13.3, -147.45 10.3, -154 7.15, -155.15 10.15, -148.15 13.3))"
1C,2011-12-16 02:55:00+00:00,2011-12-16 04:55:00+00:00,0.0,35000.0,"POLYGON ((-95.4803928056752 32.67256073786884, -96.58328600413182 31.06995703664485, -97.53 30.879106867209178, -96.31009169360146 32.61321286290881, -95.4803928056752 32.67256073786884))"
2C,2011-12-16 03:55:00+00:00,2011-12-16 05:55:00+00:00,0.0,35000.0,"POLYGON ((-96.73886820679657 32.25481930387482, -95.65720841777913 32.09841439108952, -96.37019852442019 31.338508877722262, -97.27 31.160893132790832, -96.73886820679657 32.25481930387482))"
3C,2011-12-16 04:55:00+00:00,2011-12-16 06:55:00+00:00,0.0,35000.0,"POLYGON ((-95.78000000000002 33.851786265581644, -94.35141873228052 33.274400425435914, -96.99653672390569 30.187916502712135, -97.7228488167543 30.379858401894996, -95.78000000000002 33.851786265581644))"
ALFA 1,2011-12-16 05:00:00+00:00,2011-12-16 09:00:00+00:00,30000.0,41000.0,"POLYGON ((-49.15 45, -43.3 45, -48.15 40.45, -51 37, -56.3 40, -49.15 45))"
UNIFORM 13,2011-12-16 05:18:00+00:00,2011-12-16 09:20:00+00:00,0.0,50000.0,"POLYGON ((-151.5 11.3, -151 8.1, -158.5 7, -159 10.2, -151.5 11.3))"
4C,2011-12-16 05:55:00+00:00,2011-12-16 07:55:00+00:00,0.0,30000.0,"POLYGON ((-96.30588707258259 33.12252398880869, -95.02945247711881 32.65497295701891, -96.27712857600388 30.819691075850102, -97.14430348405305 30.379433610004686, -96.30588707258259 33.12252398880869))"
5C,2011-12-16 05:55:00+00:00,2011-12-16 07:55:00+00:00,0.0,32000.0,"POLYGON ((-95.5203839254599 28.49252211343793, -95.35162424966484 28.385190050075934, -96.50607335124963 26.57003388888034, -96.67483302704468 26.677365952242333, -95.5203839254599 28.49252211343793))"
BRAVO 1,2011-12-16 06:25:00+00:00,2011-12-16 10:25:00+00:00,0.0,47000.0,"POLYGON ((-46.3 25.3, -45 22.15, -48.15 20, -48.3 22.3, -46.3 25.3))"
6C,2011-12-16 06:55:00+00:00,2011-12-16 08:55:00+00:00,0.0,31000.0,"POLYGON ((-95.94671552983252 32.48324125542623, -95.11468270533503 32.54680817755604, -95.88646819119171 31.15474239179492, -96.81546600605128 30.632722857940212, -95.94671552983252 32.48324125542623))"
7C,2011-12-16 06:55:00+00:00,2011-12-16 08:55:00+00:00,0.0,37000.0,"POLYGON ((-95.25563752671368 28.80904936442143, -95.08707616787248 28.701406118903638, -96.37364294389296 26.686737730164598, -96.54220430273416 26.79438097568239, -95.25563752671368 28.80904936442143))"
DELTA 1,2011-12-16 07:05:00+00:00,2011-12-16 11:05:00+00:00,20000.0,35000.0,"POLYGON ((-175.15 50.3, 177.15 49.15, -174.15 44.45, -169.45 47.15, -175.15 50.3))"
8C,2011-12-16 07:55:00+00:00,2011-12-16 09:55:00+00:00,0.0,31000.0,"POLYGON ((-94.75 32.75273791147279, -95.25994404946879 31.349873633731026, -96.17056413645045 30.66330160295102, -95.53833261624756 32.41754557678077, -94.75 32.75273791147279))"
9C,2011-12-16 07:55:00+00:00,2011-12-16 09:55:00+00:00,0.0,37000.0,"POLYGON ((-95.25563752671368 28.80904936442143, -95.08707616787248 28.701406118903638, -96.37364294389296 26.686737730164598, -96.54220430273416 26.79438097568239, -95.25563752671368 28.80904936442143))"
ALFA 2,2011-12-16 08:50:00+00:00,2011-12-16 12:50:00+00:00,30000.0,41000.0,"POLYGON ((-42.45 45, -47.15 41.15, -50 36.3, -54.45 38.3, -51.45 42.45, -49.15 45, -42.45 45))"
10C,2011-12-16 08:55:00+00:00,2011-12-16 10:55:00+00:00,0.0,37000.0,"POLYGON ((-95.33413502614358 28.443053819643893, -95.18955615999498 28.30486209969228, -97.09450977091964 26.31186256810235, -97.23908863706825 26.450054288053963, -95.33413502614358 28.443053819643893))"
BRAVO 2,2011-12-16 09:30:00+00:00,2011-12-16 13:30:00+00:00,0.0,46000.0,"POLYGON ((-45.45 25.45, -44.15 23, -47 20.15, -47.45 22.15, -45.45 25.45))"
11C,2011-12-16 09:55:00+00:00,2011-12-16 11:55:00+00:00,0.0,37000.0,"POLYGON ((-95.61037601665682 28.503532253018168, -94.74064956887278 28.177940597052682, -97.03783839921964 26.046931445803562, -97.224792045639 27.43871838206908, -95.61037601665682 28.503532253018168))"
12C,2011-12-16 09:55:00+00:00,2011-12-16 11:55:00+00:00,0.0,38000.0,"POLYGON ((-95.25809431362181 29.463700972942284, -94.71263976816728 29.463700972942284, -94.71263976816728 28.918246427487738, -95.25809431362181 28.918246427487738, -95.25809431362181 29.463700972942284))"
13C,2011-12-16 10:55:00+00:00,2011-12-16 12:55:00+00:00,0.0,41000.0,"POLYGON ((-94.58189559925312 29.957772380150647, -94.39425047683054 28.04616856105403, -97.03783839921964 26.046931445803562, -97.38 26.91821373441836, -94.58189559925312 29.957772380150647))"
14C,2011-12-16 10:55:00+00:00,2011-12-16 12:55:00+00:00,0.0,32000.0,"POLYGON ((-93.14681946407205 31.764650213500936, -92.95967366828589 31.694106247638786, -93.42599124678833 30.457014268879743, -93.6131370425745 30.527558234741893, -93.14681946407205 31.764650213500936))"
DELTA 2,2011-12-16 10:55:00+00:00,2011-12-16 14:55:00+00:00,22000.0,35000.0,"POLYGON ((-172.45 51, 179 49.3, -172.45 44.45, -167.3 47.3, -172.45 51))"
15C,2011-12-16 11:55:00+00:00,2011-12-16 13:55:00+00:00,0.0,41000.0,"POLYGON ((-94.28961956858002 29.57375484141141, -93.83507074762302 28.600959686264062, -96.69493740636479 26.173055034308472, -97.38 26.75184477868197, -94.28961956858002 29.57375484141141))"
16C,2011-12-16 11:55:00+00:00,2011-12-16 13:55:00+00:00,0.0,30000.0,"POLYGON ((-92.68377732182539 31.230907233964544, -92.59112053807111 31.053665251284613, -93.6104147967741 30.520808834973934, -93.70307158052837 30.698050817653865, -92.68377732182539 31.230907233964544))"
ALFA 3,2011-12-16 12:40:00+00:00,2011-12-16 16:40:00+00:00,23000.0,39000.0,"POLYGON ((-42.45 45, -46.3 41, -50 36.3, -55 38.15, -51.45 43, -48.45 45, -42.45 45))"
17C,2011-12-16 12:55:00+00:00,2011-12-16 14:55:00+00:00,0.0,41000.0,"POLYGON ((-93.99580577507679 29.818693376637544, -94.04870196712392 27.91352960498772, -95.90024978959222 25.91248758424627, -97.38 26.086368955736397, -96.57295406945944 27.57895533621855, -93.99580577507679 29.818693376637544))"
VICTOR 1,2011-12-16 13:00:00+00:00,2011-12-16 17:00:00+00:00,0.0,52000.0,"POLYGON ((-161.1 10.5, -151.4 10.2, -152 6.3, -161 8.5, -161.1 10.5))"
18C,2011-12-16 13:55:00+00:00,2011-12-16 15:55:00+00:00,0.0,41000.0,"POLYGON ((-93.99580577507679 29.818693376637544, -94.04870196712392 27.91352960498772, -95.90024978959222 25.91248758424627, -97.38 26.086368955736397, -96.57295406945944 27.57895533621855, -93.99580577507679 29.818693376637544))"
ALFA 4,2011-12-16 16:30:00+00:00,2011-12-16 20:30:00+00:00,24000.0,36000.0,"POLYGON ((-40 45, -47.3 36.3, -53 36.3, -46 45, -40 45))"
ECHO 1,2011-12-16 17:10:00+00:00,2011-12-16 21:10:00+00:00,13000.0,27000.0,"POLYGON ((175.3 49, 164.3 46, -173 41, -172.3 48, 175.3 49))"
ECHO 2,2011-12-16 20:20:00+00:00,2011-12-17 00:20:00+00:00,13000.0,27000.0,"POLYGON ((177.3 49.3, 167.3 47, -170.3 42.3, -169.3 48, 177.3 49.3))"
CHARLIE 1,2011-12-17 07:45:00+00:00,2011-12-17 11:45:00+00:00,0.0,40000.0,"POLYGON ((-45.45 31.45, -43.3 27.15, -45.15 24.15, -47.15 29, -45.45 31.45))"
FOXTROT 1,2011-12-17 10:30:00+00:00,2011-12-17 14:30:00+00:00,0.0,50000.0,"POLYGON ((-136.15 9.45, -137.3 6, -141.45 5.3, -141.45 9.15, -136.15 9.45))"
CHARLIE 2,2011-12-17 11:30:00+00:00,2011-12-17 15:30:00+00:00,0.0,45000.0,"POLYGON ((-44.45 32.3, -42.3 27.15, -43.3 25, -45.45 29.45, -44.45 32.3))"
FOXTROT 2,2011-12-17 14:15:00+00:00,2011-12-17 18:15:00+00:00,0.0,50000.0,"POLYGON ((-140 11, -133.45 10, -133.45 6.15, -140 7, -140 11))"
DELTA 1,2011-12-17 17:20:00+00:00,2011-12-17 21:20:00+00:00,0.0,45000.0,"POLYGON ((-46.45 31.15, -43.15 31, -44.45 23, -46.45 31.15))"
DELTA 2,2011-12-17 21:05:00+00:00,2011-12-18 01:05:00+00:00,0.0,45000.0,"POLYGON ((-44 31.3, -41.45 23.45, -45.45 18.15, -47.3 18.3, -45 23, -47 31, -44 31.3))"
DELTA 3,2011-12-18 01:05:00+00:00,2011-12-18 05:05:00+00:00,0.0,45000.0,"POLYGON ((-43.3 30.3, -41.45 24, -45 18.3, -47.3 17.45, -44.45 24.15, -45.45 29.45, -43.3 30.3))"
DELTA 4,2011-12-18 05:00:00+00:00,2011-12-18 09:00:00+00:00,0.0,45000.0,"POLYGON ((-43.15 24.15, -41.3 22.3, -42.45 19.45, -45.15 17.45, -46.45 18, -43.15 24.15))"
ECHO 1,2011-12-18 07:45:00+00:00,2011-12-18 11:45:00+00:00,0.0,40000.0,"POLYGON ((-55.15 42.3, -52 41.45, -57.15 37.15, -59.45 36.45, -55.15 42.3))"
DELTA 5,2011-12-18 08:45:00+00:00,2011-12-18 12:45:00+00:00,0.0,35000.0,"POLYGON ((-45.3 28, -42 22.3, -44.45 17.3, -47.15 27.3, -45.3 28))"
ECHO 2,2011-12-18 11:30:00+00:00,2011-12-18 15:30:00+00:00,0.0,45000.0,"POLYGON ((-53 41.45, -50 41, -60.3 33.45, -63.45 33.15, -53 41.45))"
DELTA 6,2011-12-18 11:45:00+00:00,2011-12-18 15:45:00+00:00,0.0,40000.0,"POLYGON ((-46.15 33.15, -45 33.15, -45.15 22.3, -46.45 22.45, -46.15 33.15))"
1W,2011-12-18 12:55:00+00:00,2011-12-18 14:55:00+00:00,0.0,18000.0,"POLYGON ((-117.60149695564576 33.10587774860212, -117.41967877382757 33.10587774860212, -117.41967877382757 32.92405956678393, -117.60149695564576 32.92405956678393, -117.60149695564576 33.10587774860212))"
DELTA 7,2011-12-18 14:55:00+00:00,2011-12-18 18:55:00+00:00,0.0,38000.0,"POLYGON ((-46.3 26.45, -43.3 26.3, -43.15 22.45, -46.45 22.3, -46.3 26.45))"
ECHO 3,2011-12-18 15:00:00+00:00,2011-12-18 19:00:00+00:00,0.0,42000.0,"POLYGON ((-50.45 43.15, -48.3 41.45, -53.3 38.15, -55.15 39.3, -50.45 43.15))"
DELTA 8,2011-12-18 18:50:00+00:00,2011-12-18 22:50:00+00:00,0.0,36000.0,"POLYGON ((-43 29.45, -41.45 23.15, -46.15 21.45, -46.3 27.15, -43 29.45))"
1C,2011-12-18 22:55:00+00:00,2011-12-19 00:55:00+00:00,0.0,29000.0,"POLYGON ((-100.98375673195987 33.04443104565963, -100.48921206239564 32.201235149158194, -100.62870661706266 31.582976079348516, -101.15318964645901 32.93816492930862, -100.67147642632952 32.17011131408364, -100.82380243043129 31.626994525550426, -100.68430787576426 32.2452535953601, -100.50204351183038 32.27637743043465, -100.98375673195987 33.04443104565963))"
FOXTROT 1,2011-12-18 23:15:00+00:00,2011-12-19 03:15:00+00:00,0.0,36000.0,"POLYGON ((-58.3 34, -62 30, -61 33.3, -58.3 34))"
1W,2011-12-19 03:55:00+00:00,2011-12-19 05:55:00+00:00,0.0,29000.0,"POLYGON ((-106.72013635098111 32.808181242913584, -106.41827212836017 31.70228462162966, -108.47297311922867 32.267559751279975, -108.16949345957063 32.74933014527294, -106.72013635098111 32.808181242913584))"
2W,2011-12-19 04:55:00+00:00,2011-12-19 06:55:00+00:00,0.0,28000.0,"POLYGON ((-106.45583108942809 33.612355115063146, -106.25889147012826 33.57750132975891, -106.57311906270212 31.80197359540199, -106.77005868200195 31.836827380706232, -106.45583108942809 33.612355115063146))"
1C,2011-12-19 04:55:00+00:00,2011-12-19 06:55:00+00:00,0.0,30000.0,"POLYGON ((-99.77846427161874 33.36974059025186, -99.18681632560816 32.536511986745566, -99.34988778237067 32.42072036360577, -99.94153572838125 33.25394896711206, -99.77846427161874 33.36974059025186))"
2C,2011-12-19 05:55:00+00:00,2011-12-19 07:55:00+00:00,0.0,30000.0,"POLYGON ((-104.14182016874388 31.54848292393377, -103.95 30.799106867209176, -104.72075403584114 30.297741723080886, -105.319388312423 30.992904093485127, -104.14182016874388 31.54848292393377))"
3W,2011-12-19 05:55:00+00:00,2011-12-19 07:55:00+00:00,0.0,30000.0,"POLYGON ((-106.05938091823519 34.364944090868065, -105.87114658890134 34.29735831381228, -106.77326296590363 31.78485821980615, -106.96149729523748 31.852443996861926, -106.05938091823519 34.364944090868065))"
GOLF 1,2011-12-19 06:50:00+00:00,2011-12-19 10:50:00+00:00,0.0,35000.0,"POLYGON ((-178 45, 175.45 37.3, 166.45 37, 175.15 44.15, -178 45))"
3C,2011-12-19 06:55:00+00:00,2011-12-19 08:55:00+00:00,0.0,32000.0,"POLYGON ((-104.3172910129764 32.72481277860241, -103.42086428633534 31.80620534293249, -104.66394439850333 30.552729073728983, -105.44288627311754 32.523107044169365, -104.3172910129764 32.72481277860241))"
4C,2011-12-19 06:55:00+00:00,2011-12-19 08:55:00+00:00,0.0,32000.0,"POLYGON ((-96.72199976409502 36.814573481570015, -95.74264915754624 36.288078928915596, -95.83735084245377 36.11192107108441, -96.81670144900255 36.63841562373883, -96.72199976409502 36.814573481570015))"
4W,2011-12-19 06:55:00+00:00,2011-12-19 08:55:00+00:00,0.0,30000.0,"POLYGON ((-105.79554878919218 34.678458442976044, -105.60222518734624 34.627214077731544, -106.32196310505392 31.911943316302803, -106.51528670689987 31.963187681547296, -105.79554878919218 34.678458442976044))"
5C,2011-12-19 07:55:00+00:00,2011-12-19 09:55:00+00:00,0.0,32000.0,"POLYGON ((-106.10670730281599 34.44970502081153, -102.93810216928784 32.484463205926325, -104.08641724308771 30.417569876440723, -106.58110217700983 32.689838632694915, -106.10670730281599 34.44970502081153))"
6C,2011-12-19 07:55:00+00:00,2011-12-19 09:55:00+00:00,0.0,33000.0,"POLYGON ((-95.73521814631358 37.19971961791252, -95.40651292985014 36.47629319963953, -95.58859807320682 36.39355868103469, -95.91730328967027 37.11698509930768, -95.73521814631358 37.19971961791252))"
7C,2011-12-19 08:55:00+00:00,2011-12-19 10:55:00+00:00,0.0,30000.0,"POLYGON ((-102.60950977294848 34.03866862920351, -103.65686813793825 29.68485384455533, -106.58110217700983 32.689838632694915, -106.28269290877822 33.96287681529223, -102.60950977294848 34.03866862920351))"
8C,2011-12-19 08:55:00+00:00,2011-12-19 10:55:00+00:00,0.0,32000.0,"POLYGON ((-96.37070574474289 38.21913969532833, -95.6108281301725 37.728104166852546, -95.12951621252488 36.806202914891195, -96.4445570476985 38.03327419274175, -95.55910791755895 37.68145219752648, -94.95222448434218 36.89876447882565, -95.4335364019898 37.820665730787, -95.48525661460334 37.86731770011306, -96.37070574474289 38.21913969532833))"
HOTEL 1,2011-12-19 09:40:00+00:00,2011-12-19 13:40:00+00:00,0.0,43000.0,"POLYGON ((-51.3 44.3, -53.3 35.15, -55.3 35.15, -54.45 43.45, -51.3 44.3))"
9C,2011-12-19 09:55:00+00:00,2011-12-19 11:55:00+00:00,0.0,28000.0,"POLYGON ((-102.19 32.84184477868196, -103.4075812987304 29.82831901421994, -104.39667653202848 31.221471085015427, -103.52093908231348 32.953155243351134, -102.19 32.84184477868196))"
10C,2011-12-19 09:55:00+00:00,2011-12-19 11:55:00+00:00,0.0,30000.0,"POLYGON ((-97.1499206098039 38.67445290293304, -94.97486826046193 38.10790242568458, -94.52513883464006 36.8687310687457, -97.18721344000028 38.4779605498606, -94.89951395257226 38.04377170133296, -94.33713738866435 36.936961973114904, -94.78686681448622 38.17613333005378, -94.86222112237589 38.2402640544054, -97.1499206098039 38.67445290293304))"
11C,2011-12-19 10:55:00+00:00,2011-12-19 12:55:00+00:00,0.0,30000.0,"POLYGON ((-102.83033315151178 33.378251633396644, -101.34746298487735 33.22816109639338, -102.538802333545 30.02702113079422, -103.95 29.80089313279083, -102.83033315151178 33.378251633396644))"
12C,2011-12-19 10:55:00+00:00,2011-12-19 12:55:00+00:00,0.0,30000.0,"POLYGON ((-97.63676165939924 38.529478358733584, -95.39166133308244 38.729989858808786, -94.14684699624402 38.05413543780255, -97.60323834060077 38.33230790684807, -95.32718513996511 38.71928707293266, -94.05141792880784 38.22990031793581, -95.29623226564625 38.90575473894204, -95.36070845876358 38.91645752481817, -97.63676165939924 38.529478358733584))"
13C,2011-12-19 11:55:00+00:00,2011-12-19 13:55:00+00:00,0.0,34000.0,"POLYGON ((-102.09625454310407 34.243078109296235, -100.84737538805693 34.17773595348877, -101.72258958108141 30.18009942970556, -102.88601815594963 29.91369641831213, -102.09625454310407 34.243078109296235))"
14C,2011-12-19 11:55:00+00:00,2011-12-19 13:55:00+00:00,0.0,30000.0,"POLYGON ((-94.66401466524681 39.236080266863986, -94.65182155717784 39.03645229258277, -98.04163114812633 38.829405585704464, -98.0538242561953 39.02903355998568, -94.66401466524681 39.236080266863986))"
15C,2011-12-19 12:55:00+00:00,2011-12-19 14:55:00+00:00,0.0,34000.0,"POLYGON ((-101.8726793839588 34.82866217640802, -99.5473995132463 34.11308904486021, -102.16297931382807 30.241585849351253, -102.75620520094249 31.41092192134128, -101.8726793839588 34.82866217640802))"
16C,2011-12-19 12:55:00+00:00,2011-12-19 14:55:00+00:00,0.0,28000.0,"POLYGON ((-94.15179796718688 39.197310071473716, -94.13986942799441 38.9976661135067, -96.9724500594983 38.828422078161125, -96.98437859869077 39.02806603612814, -94.15179796718688 39.197310071473716))"
HOTEL 2,2011-12-19 13:40:00+00:00,2011-12-19 17:40:00+00:00,0.0,43000.0,"POLYGON ((-51.3 44.15, -51 38.3, -53 36.45, -54 43.45, -51.3 44.15))"
17C,2011-12-19 13:55:00+00:00,2011-12-19 15:55:00+00:00,0.0,37000.0,"POLYGON ((-99.57235073560219 36.33862504275302, -99.19195388358558 33.988534277029245, -101.8161027315283 30.944785814376942, -101.35090834952706 35.52493765759384, -99.57235073560219 36.33862504275302))"
18C,2011-12-19 14:55:00+00:00,2011-12-19 16:55:00+00:00,0.0,36000.0,"POLYGON ((-100.97 36.37452417705443, -98.30105586886052 36.22206142517619, -97.52174430396698 35.55367965504102, -99.72797103290736 31.622645070378994, -101.0962205081517 34.36735685073003, -100.97 36.37452417705443))"
20C,2011-12-19 16:08:00+00:00,2011-12-19 17:55:00+00:00,0.0,36000.0,"POLYGON ((-97.700664334632 36.73684352216657, -96.67788185264293 35.957457929593524, -96.79910257484194 35.79838078947102, -97.82188505683101 36.57776638204407, -97.700664334632 36.73684352216657))"
19C,2011-12-19 16:08:00+00:00,2011-12-19 17:55:00+00:00,0.0,36000.0,"POLYGON ((-99.94938134002419 36.21212570748915, -98.87029483912617 36.02789876757129, -98.89939670231388 34.604433052536315, -99.72036318577695 32.597563553116736, -100.24063157400094 33.24795255537649, -99.94938134002419 36.21212570748915))"
INDIA 1,2011-12-19 16:10:00+00:00,2011-12-19 20:10:00+00:00,0.0,43000.0,"POLYGON ((-47 42.15, -46.15 36.15, -48.45 35, -49.45 40.45, -47 42.15))"
HOTEL 1,2011-12-19 16:30:00+00:00,2011-12-19 20:30:00+00:00,0.0,45000.0,"POLYGON ((-138 10.3, -136 8, -141.3 7.3, -142.15 10.15, -138 10.3))"
INDIA 1,2011-12-19 16:45:00+00:00,2011-12-19 20:45:00+00:00,31000.0,41000.0,"POLYGON ((-157.45 48, -157.3 40, -165 38, -164.3 46, -157.45 48))"
ALFA 1,2011-12-19 16:50:00+00:00,2011-12-19 20:50:00+00:00,31000.0,41000.0,"POLYGON ((-157.45 48, -157.3 40, -165 38, -164.3 46, -157.45 48))"
21C,2011-12-19 16:55:00+00:00,2011-12-19 18:55:00+00:00,0.0,36000.0,"POLYGON ((-99.43624587950323 37.097342983855064, -98.78060690607009 36.08578848436989, -98.68974547702769 34.81471457444092, -99.586016094729 36.964795322120786, -98.7557465366553 36.0266448577438, -98.49025452297232 34.82897498292301, -98.58111595201473 36.10004889285198, -98.60597632142952 36.159192519478076, -99.43624587950323 37.097342983855064))"
22C,2011-12-19 16:55:00+00:00,2011-12-19 18:55:00+00:00,0.0,36000.0,"POLYGON ((-96.66941666151452 36.73012864537308, -96.63855826870817 35.88155345225093, -96.8384261587767 35.874285266813615, -96.86928455158305 36.72286045993577, -96.66941666151452 36.73012864537308))"
23C,2011-12-19 17:55:00+00:00,2011-12-19 19:55:00+00:00,0.0,37000.0,"POLYGON ((-98.58826538003429 36.624050024514545, -98.34122692946738 35.331293129647854, -98.90229832147462 34.691958168193395, -98.7834444745316 36.58040233189274, -98.51397774332338 35.37542975636422, -99.0526208546893 34.82387911424793, -98.49154946268206 35.46321407570239, -98.31879864882606 35.41907744898602, -98.58826538003429 36.624050024514545))"
24C,2011-12-19 17:55:00+00:00,2011-12-19 19:55:00+00:00,0.0,37000.0,"POLYGON ((-96.34627953741447 36.97906119136194, -95.70991590105085 36.97906119136194, -95.70991590105085 36.3426975549983, -96.34627953741447 36.3426975549983, -96.34627953741447 36.97906119136194))"
INDIA 2,2011-12-19 18:15:00+00:00,2011-12-19 22:15:00+00:00,0.0,43000.0,"POLYGON ((-46.15 44.45, -45.45 32.45, -47.15 31.45, -50.3 42.45, -46.15 44.45))"
ALFA 2,2011-12-19 18:30:00+00:00,2011-12-19 22:30:00+00:00,30000.0,40000.0,"POLYGON ((-157.45 48.15, -151.15 46, -159.15 36.15, -166.3 38.3, -157.45 48.15))"
25C,2011-12-19 18:55:00+00:00,2011-12-19 20:55:00+00:00,0.0,39000.0,"POLYGON ((-98.06331624925011 37.57561969371103, -97.66569948702572 35.220212863523585, -98.20219127881106 34.54237215264001, -98.26003104544648 37.53951860013447, -97.84246890399896 35.264223216631606, -98.35901531656117 34.66649395243262, -97.82252352477583 35.34433466331619, -97.64575410780259 35.30032431020817, -98.06331624925011 37.57561969371103))"
26C,2011-12-19 18:55:00+00:00,2011-12-19 20:55:00+00:00,0.0,27000.0,"POLYGON ((-102.57577069290517 34.8324814935346, -102.53162807150005 34.637413738701866, -103.96377350975548 34.31332812069617, -104.0079161311606 34.508395875528905, -102.57577069290517 34.8324814935346))"
27C,2011-12-19 19:55:00+00:00,2011-12-19 21:55:00+00:00,0.0,39000.0,"POLYGON ((-98.02848811958195 38.1020739749476, -96.94877971388013 37.748316836329714, -96.74501818978149 33.85634449077845, -98.35664168042017 35.652310019663666, -98.02848811958195 38.1020739749476))"
HOTEL 2,2011-12-19 20:30:00+00:00,2011-12-20 00:30:00+00:00,0.0,45000.0,"POLYGON ((-141 11.3, -137 11.15, -136.15 7.15, -141.3 7.15, -141 11.3))"
28C,2011-12-19 20:55:00+00:00,2011-12-19 22:55:00+00:00,0.0,38000.0,"POLYGON ((-95.27585081831934 38.52205021385549, -96.36965156737803 35.728036976477895, -97.36432846319863 35.86088621012952, -97.62 38.43089313279083, -95.27585081831934 38.52205021385549))"
29C,2011-12-19 20:55:00+00:00,2011-12-19 22:55:00+00:00,0.0,39000.0,"POLYGON ((-96.84335831957982 35.652310019663666, -95.78000000000002 34.01815522131803, -95.66363288527074 32.735038630525686, -97.04 33.20273791147279, -96.84335831957982 35.652310019663666))"
30C,2011-12-19 21:55:00+00:00,2011-12-19 23:55:00+00:00,0.0,36000.0,"POLYGON ((-96.99531596176664 37.93955746508777, -95.52218226608115 37.77438494881977, -96.02530920833435 35.73865458811491, -96.51348810284863 35.609613851946925, -96.99531596176664 37.93955746508777))"
31C,2011-12-19 21:55:00+00:00,2011-12-19 23:55:00+00:00,0.0,43000.0,"POLYGON ((-96.10313914099379 35.58477150503226, -94.80954859806074 33.762471068875364, -96.31099318140777 30.832926542824385, -97.90194624220784 31.147997827433063, -96.10313914099379 35.58477150503226))"
INDIA 3,2011-12-19 22:15:00+00:00,2011-12-20 02:15:00+00:00,0.0,42000.0,"POLYGON ((-44.3 44.3, -45.3 34, -46.3 34, -47 44, -44.3 44.3))"
ALFA 3,2011-12-19 22:30:00+00:00,2011-12-20 02:30:00+00:00,30000.0,40000.0,"POLYGON ((-151.33114746182807 45.45066344359118, -159.33114746182807 39.150663443591185, -160.66885253817193 40.849336556408815, -152.66885253817193 47.14933655640881, -151.33114746182807 45.45066344359118))"
32C,2011-12-19 22:55:00+00:00,2011-12-20 00:55:00+00:00,0.0,40000.0,"POLYGON ((-96.0940458238549 37.86249922665505, -94.95886131276737 37.62087097863539, -95.59284864097194 34.78618998649007, -96.50192533890073 35.436075154871695, -96.0940458238549 37.86249922665505))"
33C,2011-12-19 22:55:00+00:00,2011-12-20 00:55:00+00:00,0.0,44000.0,"POLYGON ((-95.31963905796361 33.92690057630494, -95.69206781145682 31.156348824025628, -98.05251428547473 29.9922989611131, -96.94029218853008 33.748670967763836, -95.31963905796361 33.92690057630494))"
34C,2011-12-19 22:55:00+00:00,2011-12-20 00:55:00+00:00,0.0,29000.0,"POLYGON ((-101.13638178692815 35.31741003552887, -100.93743884133193 34.61453189974511, -101.01043105386515 33.68955585760644, -101.32832693475044 35.26122231242605, -101.13310150242941 34.59430483657535, -101.20981122823784 33.70528945436974, -101.13681901570462 34.63026549650841, -100.94115635460713 34.65049255967817, -101.13638178692815 35.31741003552887))"
35C,2011-12-19 23:55:00+00:00,2011-12-20 01:55:00+00:00,0.0,32000.0,"POLYGON ((-94.43830478675301 36.864399162009214, -94.80954859806074 33.762471068875364, -95.78000000000002 34.18452417705443, -96.08244449847155 36.43492594033711, -94.43830478675301 36.864399162009214))"
36C,2011-12-19 23:55:00+00:00,2011-12-20 01:55:00+00:00,0.0,44000.0,"POLYGON ((-96.56256192884516 33.634493971869695, -96.82605929987075 31.864576574109442, -96.78551339743866 31.931052573468552, -97.4774685999386 31.43370480317512, -97.5176854989782 31.369290694041265, -97.85298913549914 29.4002532435397, -96.62823951648015 31.835126051205812, -96.36474214545456 33.605043448966065, -97.36074062141218 31.27130228155327, -96.66878541891224 31.768650051846702, -97.65582735889353 29.366678940185565, -97.32052372237258 31.33571639068713, -96.56256192884516 33.634493971869695))"
37C,2011-12-19 23:55:00+00:00,2011-12-20 01:55:00+00:00,0.0,29000.0,"POLYGON ((-101.18054744951935 35.47363494321212, -100.78108034209576 34.89611493155817, -100.78511183313911 34.90154166788626, -100.28878099222369 34.278584618107686, -100.94556601046581 34.78234118721942, -101.3450331178894 35.359861198873375, -100.44520367850704 34.15395740111276, -100.94153451942246 34.77691445089133, -101.18054744951935 35.47363494321212))"
1C,2011-12-20 00:55:00+00:00,2011-12-20 02:55:00+00:00,0.0,39000.0,"POLYGON ((-95.53833261624756 32.41754557678077, -94.67470628986794 32.266272731009565, -95.21405399243667 30.0775708368064, -95.645785444445 30.574489178409628, -95.53833261624756 32.41754557678077))"
2C,2011-12-20 00:55:00+00:00,2011-12-20 02:55:00+00:00,0.0,44000.0,"POLYGON ((-96.14068987501015 33.935004797294575, -96.02860101686214 32.556461923444814, -96.21094583875367 32.6046164818276, -97.12938250574244 31.254949661591976, -97.14581478022907 31.212032356879288, -97.27323175871423 30.265525982453312, -96.22794315091464 32.54025348146554, -96.34003200906265 33.9187963553153, -96.96403499601188 31.142432102847128, -96.04559832902311 32.49209892308276, -97.0750197000104 30.23884303313384, -96.94760272152524 31.185349407559816, -96.14068987501015 33.935004797294575))"
3C,2011-12-20 00:55:00+00:00,2011-12-20 02:55:00+00:00,0.0,26000.0,"POLYGON ((-101.31976860237852 35.619965633198525, -100.70788265130112 35.236362222778446, -100.37696662171454 34.653373889072235, -101.3820480966756 35.42990968198915, -100.65205577673512 35.190698269574305, -100.20303337828547 34.75210193387333, -100.53394940787204 35.33509026757954, -100.58977628243804 35.38075422078368, -101.31976860237852 35.619965633198525))"
INDIA 4,2011-12-20 01:45:00+00:00,2011-12-20 05:45:00+00:00,0.0,40000.0,"POLYGON ((-45.3 40, -42.3 40, -42.3 34, -44.3 33, -45.3 40))"
4C,2011-12-20 01:55:00+00:00,2011-12-20 03:55:00+00:00,0.0,43000.0,"POLYGON ((-95.2072418460442 33.341405152695316, -94.22217708230725 33.202497150006344, -94.98536704089454 29.19097370021501, -95.35 29.294524177054427, -95.2072418460442 33.341405152695316))"
5C,2011-12-20 01:55:00+00:00,2011-12-20 03:55:00+00:00,0.0,44000.0,"POLYGON ((-95.96024002573229 33.83141066332744, -95.84707039568802 32.491658335758764, -96.00973207863674 32.560887340818894, -96.79016595697968 31.927497398050292, -96.82503761364306 31.870293896406555, -97.0923358905638 30.59035056958862, -96.04636066397701 32.474824175093694, -96.15953029402128 33.81457650266237, -96.66413285937122 31.772205227264962, -95.88369898102829 32.405595170033564, -96.89655947962858 30.549465402090764, -96.62926120270784 31.8294087289087, -95.96024002573229 33.83141066332744))"
ALFA 4,2011-12-20 02:30:00+00:00,2011-12-20 06:30:00+00:00,30000.0,40000.0,"POLYGON ((-149.23556023655507 46.23556023655508, -156.23556023655507 39.23556023655508, -157.76443976344493 40.76443976344492, -150.76443976344493 47.76443976344492, -149.23556023655507 46.23556023655508))"
6C,2011-12-20 02:55:00+00:00,2011-12-20 04:55:00+00:00,0.0,43000.0,"POLYGON ((-94.45523361308162 34.277929553358355, -93.64498906292086 33.86219695738831, -94.72 30.49452417705443, -95.30456035651694 31.948221909203493, -94.45523361308162 34.277929553358355))"
7C,2011-12-20 02:55:00+00:00,2011-12-20 04:55:00+00:00,0.0,45000.0,"POLYGON ((-95.65256554110287 33.31099892027537, -96.02024194953614 31.59090511104713, -96.91738867966497 30.506174872923793, -95.64508578343415 32.373242884656996, -96.0069810206876 31.611716091307496, -95.85252869828251 33.307160200338444, -95.83538729630374 32.41424565734407, -97.07150669052741 30.63364109875559, -96.17435996039859 31.718371336878928, -96.18762088924713 31.697560356618563, -95.82572565199368 32.45908714996806, -95.6354241391241 32.41808437728099, -95.65256554110287 33.31099892027537))"
8C,2011-12-20 03:55:00+00:00,2011-12-20 05:55:00+00:00,0.0,42000.0,"POLYGON ((-93.21646486679604 34.21292315909901, -94.18005595053121 31.349873633731026, -96.58328600413182 31.06995703664485, -95.66363288527074 32.735038630525686, -93.21646486679604 34.21292315909901))"
INDIA 5,2011-12-20 04:15:00+00:00,2011-12-20 08:15:00+00:00,0.0,42000.0,"POLYGON ((-42.3 38, -42 34, -43.3 33.3, -43.3 37.3, -42.3 38))"
9C,2011-12-20 04:55:00+00:00,2011-12-20 06:55:00+00:00,0.0,42000.0,"POLYGON ((-96.72714940817545 31.849851312657627, -94.89974000858102 31.223541819355635, -95.62221533089351 30.195001450539674, -97.93762600286215 30.026445469614444, -96.72714940817545 31.849851312657627))"
10C,2011-12-20 04:55:00+00:00,2011-12-20 06:55:00+00:00,0.0,43000.0,"POLYGON ((-93.55369237067372 34.79967778427974, -92.78692557888249 34.67849588350597, -92.81600536427975 33.10627199887428, -94.9319558825457 32.356202586170205, -93.55369237067372 34.79967778427974))"
BRAVO 1,2011-12-20 05:10:00+00:00,2011-12-20 09:10:00+00:00,0.0,50000.0,"POLYGON ((-137.3 13, -133.3 9.45, -135 8, -139.15 11, -137.3 13))"
11C,2011-12-20 05:55:00+00:00,2011-12-20 07:55:00+00:00,0.0,40000.0,"POLYGON ((-91.26278797123997 35.49477284765312, -94.03685186389514 30.569992761859517, -97.67713877190351 30.07250781914057, -93.24965430460212 35.385710408272125, -91.26278797123997 35.49477284765312))"
12C,2011-12-20 06:55:00+00:00,2011-12-20 08:55:00+00:00,0.0,43000.0,"POLYGON ((-96.29273930970562 31.656276482818313, -94.18005595053121 31.349873633731026, -95.62221533089351 30.195001450539674, -96.99444768509619 30.56990798583969, -96.29273930970562 31.656276482818313))"
13C,2011-12-20 06:55:00+00:00,2011-12-20 08:55:00+00:00,0.0,35000.0,"POLYGON ((-92.49201179707303 35.29442290760843, -91.34023482709601 35.340840671314346, -92.45691454625425 32.166390090680345, -94.02371900082652 32.163249195797896, -92.49201179707303 35.29442290760843))"
14C,2011-12-20 07:55:00+00:00,2011-12-20 09:55:00+00:00,0.0,42000.0,"POLYGON ((-91.52899808448849 35.63804157700413, -91.2770612786174 33.45600939913174, -95.77078314023372 29.229491785461253, -97.17412572936232 30.252184507793576, -91.52899808448849 35.63804157700413))"
INDIA 6,2011-12-20 08:15:00+00:00,2011-12-20 12:15:00+00:00,0.0,43000.0,"POLYGON ((-42.45 41.15, -40.15 41, -41.15 33, -43.15 31.15, -42.45 41.15))"
15C,2011-12-20 08:55:00+00:00,2011-12-20 10:55:00+00:00,0.0,43000.0,"POLYGON ((-90.73262350664513 35.52471696039304, -91.37247275650249 33.485953511871664, -91.33352540927505 33.538543040448936, -94.59672412207664 31.30607546067283, -94.62889378542002 31.269845712939013, -96.73510308664373 27.238190772483716, -91.1816498007323 33.42606528639181, -90.54180055087494 35.46482873491319, -94.48379586076132 31.14100817803844, -91.22059714795974 33.37347575781454, -96.55783549864165 27.14558298531696, -94.45162619741794 31.177237925772257, -90.73262350664513 35.52471696039304))"
BRAVO 2,2011-12-20 09:00:00+00:00,2011-12-20 13:00:00+00:00,0.0,48000.0,"POLYGON ((-136.3 12.3, -133.15 9.3, -134.45 8.15, -138.3 10.3, -136.3 12.3))"
16C,2011-12-20 09:55:00+00:00,2011-12-20 11:55:00+00:00,0.0,42000.0,"POLYGON ((-90.22145196376513 35.379369147462285, -91.36244185031815 33.50806857676693, -91.33948034305683 33.53413660562541, -94.50814974027526 31.00255525043801, -94.52849631699155 30.980551556344054, -96.58153375049362 27.952926373331216, -91.19168070691664 33.403950221496544, -90.05069082036363 35.2752507921919, -94.38331161139638 30.846300837450666, -91.21464221417796 33.37788219263806, -96.41600246818216 27.840679348531786, -94.36296503468009 30.868304531544624, -90.22145196376513 35.379369147462285))"
17C,2011-12-20 10:55:00+00:00,2011-12-20 12:55:00+00:00,0.0,40000.0,"POLYGON ((-89.64115669216622 35.60904458681455, -90.59654822363186 33.971290719343834, -90.57634344530504 33.99587707061162, -94.23898307141258 30.763254974112687, -94.25444572575108 30.74603594603367, -96.72810425282131 27.249642686198275, -90.423794055298 33.87051375112549, -89.46840252383237 35.50826761859621, -94.10663845973235 30.613305303358775, -90.44399883362482 33.84592739985771, -96.56483433246407 27.1341310716024, -94.09117580539385 30.630524331437794, -89.64115669216622 35.60904458681455))"
18C,2011-12-20 11:55:00+00:00,2011-12-20 13:55:00+00:00,0.0,42000.0,"POLYGON ((-92.10775665403636 32.593546147647565, -94.41872512578647 30.464495255959076, -94.43241811009048 30.448965971499923, -96.48160731632045 27.57211757663963, -94.28321181771375 30.317402960663944, -91.97224334596365 32.44645385235244, -96.3187080396397 27.456083850262804, -94.26951883340973 30.332932245123096, -92.10775665403636 32.593546147647565))"
19C,2011-12-20 11:55:00+00:00,2011-12-20 13:55:00+00:00,0.0,30000.0,"POLYGON ((-89.02338308308993 35.94807588350631, -88.85769428339356 35.83606150204046, -89.89715560015182 34.298516986321495, -90.06284439984819 34.41053136778735, -89.02338308308993 35.94807588350631))"
BRAVO 3,2011-12-20 12:50:00+00:00,2011-12-20 16:50:00+00:00,0.0,50000.0,"POLYGON ((-136.15 13.45, -132.45 9.45, -135.3 9.15, -138 12.15, -136.15 13.45))"
20C,2011-12-20 12:55:00+00:00,2011-12-20 14:55:00+00:00,0.0,40000.0,"POLYGON ((-91.83184748129331 32.82476813626958, -94.07315204261079 30.525117780056828, -94.07903552774647 30.518521458569143, -96.47765447704933 27.57730076197984, -93.92992541474365 30.385525040024216, -91.68862085342617 32.68517539623697, -96.32266087891082 27.450900664922596, -93.92404192960797 30.3921213615119, -91.83184748129331 32.82476813626958))"
21C,2011-12-20 12:55:00+00:00,2011-12-20 14:55:00+00:00,0.0,30000.0,"POLYGON ((-89.42268246595779 35.10381965197196, -89.31844071685865 34.93313380679214, -90.61288388643182 34.14258776026089, -90.71712563553096 34.313273605440706, -89.42268246595779 35.10381965197196))"
22C,2011-12-20 13:55:00+00:00,2011-12-20 15:55:00+00:00,0.0,42000.0,"POLYGON ((-91.74509217654722 32.718041474316294, -94.3918382868428 29.57139216879039, -96.32621407318834 27.446778032946035, -93.00778806501059 31.193780824072945, -94.38970265419947 29.57381531438739, -91.60472795708691 32.57557082507479, -93.0136851927155 31.187445034360373, -96.47410128277181 27.5814233939564, -94.53972549642627 29.706037529800753, -94.5418611290696 29.703614384203753, -93.15994653988072 31.32357989388931, -93.15404941217581 31.329915683601882, -91.74509217654722 32.718041474316294))"
23C,2011-12-20 13:55:00+00:00,2011-12-20 15:55:00+00:00,0.0,35000.0,"POLYGON ((-90.06718096358361 34.56987761593225, -89.8928190364164 34.471908649649386, -90.56075481749814 33.28313862958914, -90.73511674466535 33.381107595872, -90.06718096358361 34.56987761593225))"
24C,2011-12-20 14:55:00+00:00,2011-12-20 16:55:00+00:00,0.0,43000.0,"POLYGON ((-91.56660011839101 32.77638201398284, -94.21977688927359 29.502186691042, -96.33031499867364 27.442532563081805, -91.41735562853965 32.64324268001647, -94.21499732365434 29.507185174428223, -96.47000035728651 27.58566886382063, -94.35946224788646 29.645322991780823, -94.3642418135057 29.6403245083946, -91.56660011839101 32.77638201398284))"
25C,2011-12-20 14:55:00+00:00,2011-12-20 16:55:00+00:00,0.0,36000.0,"POLYGON ((-89.98952530673978 34.72297069273259, -89.35316167037615 34.72297069273259, -89.35316167037615 34.08660705636895, -89.98952530673978 34.08660705636895, -89.98952530673978 34.72297069273259))"
26C,2011-12-20 15:55:00+00:00,2011-12-20 17:55:00+00:00,0.0,40000.0,"POLYGON ((-93.25330862272543 32.29820545222906, -91.59792160603413 31.57518423005951, -92.83728477978896 30.374999415290123, -93.3319013532571 30.600928047731912, -93.25330862272543 32.29820545222906))"
27C,2011-12-20 15:55:00+00:00,2011-12-20 17:55:00+00:00,0.0,41000.0,"POLYGON ((-94.1824585352002 29.581158015956884, -94.0449098316964 29.435967264996545, -95.8092531752554 27.76448931039617, -95.9468018787592 27.909680061356507, -94.1824585352002 29.581158015956884))"
28C,2011-12-20 16:55:00+00:00,2011-12-20 18:55:00+00:00,0.0,40000.0,"POLYGON ((-93.71930389628658 29.741878296399108, -93.58380356284947 29.59477404887909, -95.73900168091542 27.609582808352563, -95.87450201435253 27.756687055872582, -93.71930389628658 29.741878296399108))"
29C,2011-12-20 16:55:00+00:00,2011-12-20 18:55:00+00:00,0.0,41000.0,"POLYGON ((-92.74 32.76089313279082, -92.11537688370758 32.36627264456828, -92.5 30.59452417705444, -93.49475512420265 30.139439034548282, -92.74 32.76089313279082))"
30C,2011-12-20 17:55:00+00:00,2011-12-20 19:55:00+00:00,0.0,40000.0,"POLYGON ((-93.7220148233753 29.739285557215638, -93.58109263576074 29.59736678806256, -96.31374841460861 26.883900256109644, -96.45467060222317 27.025819025262724, -93.7220148233753 29.739285557215638))"
31C,2011-12-20 17:55:00+00:00,2011-12-20 19:55:00+00:00,0.0,40000.0,"POLYGON ((-92.31622576310302 33.61220381536558, -91.65919404740981 33.2879516723136, -92.17893446701281 30.16865140173895, -92.83728477978896 30.374999415290123, -92.31622576310302 33.61220381536558))"
32C,2011-12-20 18:55:00+00:00,2011-12-20 20:55:00+00:00,0.0,37000.0,"POLYGON ((-93.72407099301505 29.737182882567424, -93.579036466121 29.599469462710772, -95.8104745249801 27.2494039171967, -95.95550905187415 27.387117337053354, -93.72407099301505 29.737182882567424))"
33C,2011-12-20 18:55:00+00:00,2011-12-20 20:55:00+00:00,0.0,42000.0,"POLYGON ((-91.49430233877342 32.327821641001485, -91.83873651959432 30.959413833163502, -92.57576482033794 30.329918444256382, -92.5 31.592737911472792, -91.49430233877342 32.327821641001485))"
34C,2011-12-20 19:55:00+00:00,2011-12-20 21:55:00+00:00,0.0,39000.0,"POLYGON ((-91.49512948758333 31.6995976415562, -91.33842779279315 31.57532142158676, -92.12564875715552 30.58270304841559, -92.28235045194569 30.706979268385027, -91.49512948758333 31.6995976415562))"
35C,2011-12-20 20:55:00+00:00,2011-12-20 22:55:00+00:00,0.0,38000.0,"POLYGON ((-91.24401854881545 31.67305113948301, -91.08091310107947 31.557307401342033, -91.74460859971164 30.622031306034852, -91.90771404744761 30.73777504417583, -91.24401854881545 31.67305113948301))"
36C,2011-12-20 21:55:00+00:00,2011-12-20 23:55:00+00:00,0.0,38000.0,"POLYGON ((-91.03232452925764 32.20866995499666, -90.96678836480037 31.22827982036829, -92.32887098284874 29.814057508220248, -91.23126739401246 32.18813372936636, -91.1382857387697 31.28738218930004, -92.47292286603258 29.95279847171405, -91.1108402479842 31.367020783862092, -90.93934287401487 31.30791841493034, -91.03232452925764 32.20866995499666))"
37C,2011-12-20 21:55:00+00:00,2011-12-20 23:55:00+00:00,0.0,35000.0,"POLYGON ((-93.76359858560483 28.978678913483513, -95.05468145998252 27.646720831272372, -95.06448335000518 27.634917577353086, -95.53495332416828 26.9706443527381, -94.91107375068013 27.507520163785042, -93.61999087630244 28.839478245996183, -95.37174183482058 26.85505019308934, -94.90127186065747 27.519323417704328, -93.76359858560483 28.978678913483513))"
38C,2011-12-20 21:55:00+00:00,2011-12-20 23:55:00+00:00,0.0,31000.0,"POLYGON ((-89.75831165430297 36.37212576384307, -89.02823071127345 36.25492827959779, -91.7205539887606 33.75690605281194, -91.8725873585287 34.064793788121676, -89.75831165430297 36.37212576384307))"
39C,2011-12-20 22:55:00+00:00,2011-12-21 00:55:00+00:00,0.0,38000.0,"POLYGON ((-90.66842633490973 32.21425543691625, -92.75389214555764 29.274910033791997, -92.72856474064369 29.299738192025096, -94.4504806119722 28.128861800813702, -94.49154783424886 28.069260209748098, -94.68766825787974 27.24290089656701, -92.59077706544642 29.159179870738853, -90.5053112547985 32.0985252738631, -94.33802034168887 27.96347532129436, -92.61610447036037 29.134351712505755, -94.49307354304308 27.19671759917888, -94.29695311941221 28.023076912359965, -90.66842633490973 32.21425543691625))"
40C,2011-12-20 23:55:00+00:00,2011-12-21 01:55:00+00:00,0.0,38000.0,"POLYGON ((-90.48529139609668 31.67257166194435, -92.675942483269 29.12832948962279, -92.63521018562929 29.156738074544382, -93.8701186308075 28.694616751583702, -93.92280830264005 28.648940113936536, -94.67810845547844 27.26778967554542, -92.52438212162063 28.997832528826695, -90.33373103444832 31.542074701148255, -93.80002286443855 28.507302620944422, -92.56511441926034 28.969423943905102, -94.50263334544438 27.17182882020047, -93.74733319260599 28.552979258591588, -90.48529139609668 31.67257166194435))"
1C,2011-12-21 00:55:00+00:00,2011-12-21 02:55:00+00:00,0.0,43000.0,"POLYGON ((-90.48529139609668 31.67257166194435, -92.675942483269 29.12832948962279, -92.63521018562929 29.156738074544382, -93.8701186308075 28.694616751583702, -93.92280830264005 28.648940113936536, -94.67810845547844 27.26778967554542, -92.52438212162063 28.997832528826695, -90.33373103444832 31.542074701148255, -93.80002286443855 28.507302620944422, -92.56511441926034 28.969423943905102, -94.50263334544438 27.17182882020047, -93.74733319260599 28.552979258591588, -90.48529139609668 31.67257166194435))"
2C,2011-12-21 00:55:00+00:00,2011-12-21 02:55:00+00:00,0.0,36000.0,"POLYGON ((-87.57796196908012 31.145237279696147, -86.87374682925993 30.82985584104606, -88.36 29.232679398372472, -88.36 29.565417309845248, -87.57796196908012 31.145237279696147))"
3C,2011-12-21 01:55:00+00:00,2011-12-21 03:55:00+00:00,0.0,43000.0,"POLYGON ((-89.61038126784089 32.176857146578065, -90.34441878936539 31.020866827143163, -90.32580857881538 31.042556384156445, -93.17580857881538 28.551604738265297, -93.19287722392677 28.532269050143693, -94.28325529466179 26.917369903111652, -90.17558121063462 30.913657349911286, -89.44154368911012 32.06964766934619, -93.04419142118462 28.401016147006857, -90.19419142118463 30.891967792898004, -94.11750084680824 26.80545268809642, -93.02712277607323 28.42035183512846, -89.61038126784089 32.176857146578065))"
4C,2011-12-21 01:55:00+00:00,2011-12-21 03:55:00+00:00,0.0,36000.0,"POLYGON ((-87.50811427913604 31.533211565618476, -86.68 31.329106867209173, -87.70271283051545 29.344999420502862, -88.36 29.565417309845248, -87.50811427913604 31.533211565618476))"
5C,2011-12-21 02:55:00+00:00,2011-12-21 04:55:00+00:00,0.0,43000.0,"POLYGON ((-89.78568032974721 31.56461319481925, -93.17643092158819 28.551056229520306, -93.19747426137334 28.524769225092786, -94.15840524188297 26.790166672378238, -93.0435690784118 28.401564655751848, -89.65281848657082 31.41512162105079, -93.98345671913629 26.69324910746482, -93.02252573862665 28.427851660179368, -89.78568032974721 31.56461319481925))"
6C,2011-12-21 02:55:00+00:00,2011-12-21 04:55:00+00:00,0.0,36000.0,"POLYGON ((-85.92669783553609 32.219391105173635, -87.62457002576107 28.828408371394563, -88.19465303757788 29.166513592474203, -87.50811427913604 31.533211565618476, -85.92669783553609 32.219391105173635))"
7C,2011-12-21 03:55:00+00:00,2011-12-21 05:55:00+00:00,0.0,43000.0,"POLYGON ((-89.41776045274874 31.69500906106027, -91.35022627769618 30.237091879174958, -91.36676521671899 30.221348760324773, -93.18676521671898 28.041290247224456, -91.22977372230383 30.077432297879465, -89.29730789735639 31.535349479764776, -93.03323478328102 27.913116903629334, -91.21323478328102 30.09317541672965, -89.41776045274874 31.69500906106027))"
8C,2011-12-21 03:55:00+00:00,2011-12-21 05:55:00+00:00,0.0,36000.0,"POLYGON ((-86.32 31.720893132790824, -85.86397386026239 30.121598034629237, -87.41633500875962 28.728421947234096, -87.99257532348068 29.960957988443386, -86.32 31.720893132790824))"
9C,2011-12-21 04:55:00+00:00,2011-12-21 06:55:00+00:00,0.0,41000.0,"POLYGON ((-89.41776045274874 31.69500906106027, -91.35022627769618 30.237091879174958, -91.37580776659219 30.20861408159915, -92.39941419609782 28.498195919985935, -91.22977372230383 30.077432297879465, -89.29730789735639 31.535349479764776, -92.22779866291346 28.395491933842056, -91.20419223340782 30.105910095455272, -89.41776045274874 31.69500906106027))"
10C,2011-12-21 04:55:00+00:00,2011-12-21 06:55:00+00:00,0.0,41000.0,"POLYGON ((-86.68 31.329106867209173, -85.86397386026239 30.121598034629237, -87.48168175668143 29.136776832549774, -87.99257532348068 29.960957988443386, -86.68 31.329106867209173))"
1E,2011-12-21 05:55:00+00:00,2011-12-21 07:55:00+00:00,0.0,42000.0,"POLYGON ((-86.09536846464134 31.75868660415112, -85.24393305174831 30.715289850329363, -87.31116183087472 28.13246539142291, -88.76774177202475 27.997007400801074, -86.09536846464134 31.75868660415112))"
11C,2011-12-21 05:55:00+00:00,2011-12-21 07:55:00+00:00,0.0,32000.0,"POLYGON ((-87.77335215044762 37.8106564470523, -88.99422826435728 33.9036403333053, -89.80716830267599 32.6893405661834, -87.58555001439056 37.74187885119141, -88.98342446654055 33.92488285464149, -89.97336284309961 32.80060320471667, -89.1604228047809 34.01490297183857, -89.17122660259761 33.99366045050238, -87.77335215044762 37.8106564470523))"
12C,2011-12-21 05:55:00+00:00,2011-12-21 07:55:00+00:00,0.0,32000.0,"POLYGON ((-88.31945277794924 32.64439792556445, -88.18621696873748 32.49523955622605, -89.60926711783313 31.22409909656125, -89.74250292704488 31.373257465899645, -88.31945277794924 32.64439792556445))"
13C,2011-12-21 06:55:00+00:00,2011-12-21 08:55:00+00:00,0.0,30000.0,"POLYGON ((-87.26863950617322 38.151488333182954, -88.44229756124379 34.081879764719204, -89.47750911988689 33.129568610592216, -87.07911568618458 38.08760780675341, -88.41523809000569 34.12353555973081, -89.61291399739932 33.27676072704497, -88.57770243875622 34.22907188117196, -88.60476190999432 34.187416086160354, -87.26863950617322 38.151488333182954))"
14C,2011-12-21 06:55:00+00:00,2011-12-21 08:55:00+00:00,0.0,32000.0,"POLYGON ((-87.88115192175589 32.969528062982064, -87.7377475927601 32.83011788248841, -88.7282978355021 31.811188042543996, -88.87170216449789 31.950598223037645, -87.88115192175589 32.969528062982064))"
2E,2011-12-21 06:55:00+00:00,2011-12-21 08:55:00+00:00,0.0,40000.0,"POLYGON ((-85.21 32.55089313279082, -84.68091304833499 31.659404218433295, -87.31116183087472 28.13246539142291, -88.76774177202475 27.997007400801074, -85.21 32.55089313279082))"
15C,2011-12-21 07:55:00+00:00,2011-12-21 09:55:00+00:00,0.0,30000.0,"POLYGON ((-86.07951012441235 38.91000700653415, -87.7951118225374 34.76478339433428, -88.99470493203786 33.60779032819158, -85.89817927067561 38.8256321199677, -87.77386749407374 34.7945731078182, -89.1335471288473 33.75174464172587, -87.93395401934683 34.908737707868575, -87.95519834781048 34.87894799438465, -86.07951012441235 38.91000700653415))"
16C,2011-12-21 07:55:00+00:00,2011-12-21 09:55:00+00:00,0.0,28000.0,"POLYGON ((-87.20542078984153 33.27230994405023, -87.05114014168646 33.14504061701165, -87.73789035740853 32.3125362668463, -87.8921710055636 32.43980559388488, -87.20542078984153 33.27230994405023))"
3E,2011-12-21 07:55:00+00:00,2011-12-21 09:55:00+00:00,0.0,40000.0,"POLYGON ((-85.62918498458123 31.629916575488494, -84.8856627940191 30.58990711197348, -87.31116183087472 28.13246539142291, -88.76774177202475 27.997007400801074, -85.62918498458123 31.629916575488494))"
4E,2011-12-21 08:55:00+00:00,2011-12-21 10:55:00+00:00,0.0,40000.0,"POLYGON ((-86.0987641671142 30.82870258450018, -84.92866041971038 30.39872461181551, -87.13870667933045 28.065120047864205, -88.1766893803871 28.465932883794697, -86.0987641671142 30.82870258450018))"
17C,2011-12-21 08:55:00+00:00,2011-12-21 10:55:00+00:00,0.0,30000.0,"POLYGON ((-85.59641152370834 40.85195233492249, -83.87230291032196 40.59728899147524, -86.9 33.004524177054435, -89.24504041496903 33.23316220099817, -85.59641152370834 40.85195233492249))"
5E,2011-12-21 09:55:00+00:00,2011-12-21 11:55:00+00:00,0.0,40000.0,"POLYGON ((-85.9050243199111 30.827693507021543, -84.8856627940191 30.58990711197348, -86.68 28.00172775248132, -88.00314972877277 28.399676889285463, -85.9050243199111 30.827693507021543))"
18C,2011-12-21 09:55:00+00:00,2011-12-21 11:55:00+00:00,0.0,30000.0,"POLYGON ((-83.95672276327784 40.13626523866217, -85.72749275278251 35.42919830771093, -87.91750080023428 34.35633065528978, -85.67885060481575 39.909452025140546, -83.95672276327784 40.13626523866217))"
6E,2011-12-21 10:55:00+00:00,2011-12-21 12:55:00+00:00,0.0,40000.0,"POLYGON ((-85.60173365150239 31.20753602418676, -84.88357165549728 30.207915635652693, -86.68 28.00172775248132, -88.1766893803871 28.465932883794697, -85.60173365150239 31.20753602418676))"
19C,2011-12-21 10:55:00+00:00,2011-12-21 12:55:00+00:00,0.0,30000.0,"POLYGON ((-83.88604202481126 40.17225725875008, -86.5001941232837 33.66935638194009, -88.72473944377654 32.226272765532755, -85.41484728383445 39.71678932401712, -83.88604202481126 40.17225725875008))"
7E,2011-12-21 11:55:00+00:00,2011-12-21 13:55:00+00:00,0.0,40000.0,"POLYGON ((-85.8088506865537 30.848344775333082, -85.94795717029834 29.377852357104235, -87.90835219884985 27.213985088053395, -85.61372756718906 30.80444752838733, -85.92450469485445 29.42304421049399, -88.05657036732671 27.34826604177866, -86.0961753387752 29.5121333108295, -86.11962781421909 29.466941457439745, -85.8088506865537 30.848344775333082))"
20C,2011-12-21 11:55:00+00:00,2011-12-21 13:55:00+00:00,0.0,30000.0,"POLYGON ((-83.62733843074184 39.5207382397039, -85.90051148385722 33.66597752548649, -88.57497860473535 31.918685372356954, -85.29511280031933 39.20949016593536, -83.62733843074184 39.5207382397039))"
8E,2011-12-21 12:55:00+00:00,2011-12-21 14:55:00+00:00,0.0,40000.0,"POLYGON ((-85.67325467852692 29.946073486200046, -85.51590128971728 29.822623451651136, -86.60132330559519 28.439109602416043, -86.75867669440483 28.562559636964952, -85.67325467852692 29.946073486200046))"
9E,2011-12-21 12:55:00+00:00,2011-12-21 14:55:00+00:00,0.0,30000.0,"POLYGON ((-85.5984839836448 35.1553058302014, -85.45287065714018 35.01820455688761, -88.18233657647377 32.11927734426055, -88.32794990297839 32.25637861757434, -85.5984839836448 35.1553058302014))"
10E,2011-12-21 12:55:00+00:00,2011-12-21 14:55:00+00:00,0.0,28000.0,"POLYGON ((-85.35643204131242 36.61902212080672, -85.22775971478444 36.46590963801751, -86.84995269084476 35.10265472565098, -86.97862501737274 35.25576720844019, -85.35643204131242 36.61902212080672))"
11E,2011-12-21 13:55:00+00:00,2011-12-21 15:55:00+00:00,0.0,36000.0,"POLYGON ((-84.10070832881283 35.67657683228242, -83.99246510754088 35.5084001244758, -85.52466220902022 34.52223532168785, -85.63290543029217 34.690412029494475, -84.10070832881283 35.67657683228242))"
12E,2011-12-21 14:55:00+00:00,2011-12-21 16:55:00+00:00,0.0,36000.0,"POLYGON ((-84.40381090237108 36.79435612436977, -82.86312173312837 35.895629023354104, -84.33801861124773 34.957298025751605, -85.89785643296385 34.703039140738355, -84.40381090237108 36.79435612436977))"
CHARLIE 1,2011-12-21 15:15:00+00:00,2011-12-21 19:15:00+00:00,35000.0,41000.0,"POLYGON ((-171 44.45, 177.45 42, 175 36, -165.15 38.15, -171 44.45))"
DELTA 1,2011-12-21 15:50:00+00:00,2011-12-21 19:50:00+00:00,30000.0,40000.0,"POLYGON ((-153.15 41.15, -154 35.45, -161.3 35.15, -161.45 40, -153.15 41.15))"
13E,2011-12-21 15:55:00+00:00,2011-12-21 17:55:00+00:00,0.0,30000.0,"POLYGON ((-84.30899482791939 36.542700135300336, -83.94535846428302 36.542700135300336, -83.94535846428302 36.17906377166398, -84.30899482791939 36.17906377166398, -84.30899482791939 36.542700135300336))"
CHARLIE 2,2011-12-21 16:10:00+00:00,2011-12-21 20:10:00+00:00,35000.0,41000.0,"POLYGON ((-171 43.3, 179.45 40.45, 177.15 36, -171.45 38.15, -163 36, -162.3 41, -171 43.3))"
ECHO 1,2011-12-21 16:45:00+00:00,2011-12-21 20:45:00+00:00,0.0,45000.0,"POLYGON ((-136.45 15.15, -135.15 12.15, -139.45 11, -139.45 15, -136.45 15.15))"
14E,2011-12-21 16:55:00+00:00,2011-12-21 18:55:00+00:00,0.0,42000.0,"POLYGON ((-85.82359183076821 29.081186051602792, -86.69682421617944 28.93214710065232, -86.71990254489758 28.92526651630243, -87.86972985566467 28.424895245245565, -86.66317578382058 28.734997961674257, -85.78994339840935 28.88403691262473, -87.78992476586953 28.241507274967283, -86.64009745510243 28.741878546024147, -85.82359183076821 29.081186051602792))"
15E,2011-12-21 17:55:00+00:00,2011-12-21 19:55:00+00:00,0.0,41000.0,"POLYGON ((-85.86055876408591 29.19309003912947, -86.70969153012508 28.929062913081214, -86.71115999881705 28.92859386810253, -88.03430972758981 28.494698226224706, -86.65030846987493 28.73808214924536, -85.80117570383575 29.002109275293616, -87.97198972995572 28.30465555234622, -86.64884000118296 28.738551194224044, -85.86055876408591 29.19309003912947))"
16E,2011-12-21 17:55:00+00:00,2011-12-21 19:55:00+00:00,0.0,36000.0,"POLYGON ((-84.77564110797927 33.950197295038265, -84.67105956382353 33.779719435414194, -86.26770922792213 32.80023689313354, -86.37229077207786 32.97071475275761, -84.77564110797927 33.950197295038265))"
17E,2011-12-21 18:55:00+00:00,2011-12-21 20:55:00+00:00,0.0,41000.0,"POLYGON ((-85.60550075206497 29.426806574018585, -86.64009745510243 28.741878546024147, -87.78992476586953 28.241507274967283, -85.52342090713732 29.244425382398795, -86.63896007753618 28.742381935353393, -87.86972985566467 28.424895245245565, -86.71990254489758 28.92526651630243, -86.72103992246383 28.924763126973183, -85.60550075206497 29.426806574018585))"
18E,2011-12-21 18:55:00+00:00,2011-12-21 20:55:00+00:00,0.0,36000.0,"POLYGON ((-84.05707692749787 34.072624983606914, -83.97170306415312 33.891762318975466, -85.44876586319016 33.19453407779269, -85.53413972653492 33.37539674242414, -84.05707692749787 34.072624983606914))"
DELTA 2,2011-12-21 19:15:00+00:00,2011-12-21 23:15:00+00:00,35000.0,41000.0,"POLYGON ((-160.15 45.45, -149 39.3, -152.3 34.3, -164.45 39.45, -179 37, -176 43.15, -160.15 45.45))"
19E,2011-12-21 19:55:00+00:00,2011-12-21 21:55:00+00:00,0.0,42000.0,"POLYGON ((-85.60550075206497 29.426806574018585, -86.72103992246383 28.924763126973183, -86.73761412255992 28.915307547414905, -88.43143112693113 27.7213543929495, -86.63896007753618 28.742381935353393, -85.52342090713732 29.244425382398795, -88.31620288181131 27.557884360446266, -86.6223858774401 28.75183751491167, -85.60550075206497 29.426806574018585))"
ECHO 2,2011-12-21 20:45:00+00:00,2011-12-22 00:45:00+00:00,0.0,45000.0,"POLYGON ((-136.3 16, -134.3 12, -138 11, -139.3 14.45, -136.3 16))"
20E,2011-12-21 20:55:00+00:00,2011-12-21 22:55:00+00:00,0.0,42000.0,"POLYGON ((-85.47529762827213 29.543975326940284, -86.64009745510243 28.741878546024147, -87.78992476586953 28.241507274967283, -85.38628544851409 29.364875265927672, -86.63549391012099 28.744022500656982, -87.86972985566467 28.424895245245565, -86.71990254489758 28.92526651630243, -86.72450608987903 28.923122561669594, -85.47529762827213 29.543975326940284))"
21E,2011-12-21 21:55:00+00:00,2011-12-21 23:55:00+00:00,0.0,40000.0,"POLYGON ((-84.75468718044115 29.723267970159274, -84.67774263381287 29.538661532719598, -87.79135503745296 28.240898041386586, -87.86829958408124 28.425504478826262, -84.75468718044115 29.723267970159274))"
22E,2011-12-21 21:55:00+00:00,2011-12-21 23:55:00+00:00,0.0,35000.0,"POLYGON ((-84.43995511694764 32.512074326967856, -84.316940185435 32.35438055212263, -86.76630808716739 30.44365944105379, -86.88932301868003 30.601353215899017, -84.43995511694764 32.512074326967856))"
23E,2011-12-21 21:55:00+00:00,2011-12-21 23:55:00+00:00,0.0,30000.0,"POLYGON ((-83.75570348511405 33.9651131741509, -83.64312235332963 33.7998089432125, -86.99744120296197 31.51533618462859, -87.11002233474639 31.680640415566995, -83.75570348511405 33.9651131741509))"
24E,2011-12-21 21:55:00+00:00,2011-12-21 23:55:00+00:00,0.0,28000.0,"POLYGON ((-79.34190848867846 40.76047539946993, -79.24872600680987 40.58350923018097, -81.38366017664804 39.459348237315, -81.47684265851662 39.63631440660396, -79.34190848867846 40.76047539946993))"
25E,2011-12-21 21:55:00+00:00,2011-12-21 23:55:00+00:00,0.0,26000.0,"POLYGON ((-79.66181864736404 42.61973793471155, -79.53618831038833 42.464119753153724, -82.0630488647925 40.42418881601891, -82.18867920176822 40.57980699757674, -79.66181864736404 42.61973793471155))"
26E,2011-12-21 22:55:00+00:00,2011-12-22 00:55:00+00:00,0.0,38000.0,"POLYGON ((-84.75468718044115 29.723267970159274, -84.67774263381287 29.538661532719598, -87.79135503745296 28.240898041386586, -87.86829958408124 28.425504478826262, -84.75468718044115 29.723267970159274))"
27E,2011-12-21 22:55:00+00:00,2011-12-22 00:55:00+00:00,0.0,32000.0,"POLYGON ((-83.78721451467776 32.61497250900704, -83.66382394553871 32.457572485349026, -85.84332903534158 30.748993495192536, -85.96671960448063 30.90639351885055, -83.78721451467776 32.61497250900704))"
28E,2011-12-21 22:55:00+00:00,2011-12-22 00:55:00+00:00,0.0,30000.0,"POLYGON ((-83.49291027863292 33.71144006430249, -83.38904124219566 33.54052715294235, -85.15806548178136 32.46543667711075, -85.26193451821862 32.636349588470885, -83.49291027863292 33.71144006430249))"
29E,2011-12-21 22:55:00+00:00,2011-12-22 00:55:00+00:00,0.0,27000.0,"POLYGON ((-77.4105926077485 41.401179091110755, -77.3015025308508 41.233550468487856, -80.29252376411957 39.287040789923125, -80.40161384101727 39.454669412546025, -77.4105926077485 41.401179091110755))"
30E,2011-12-21 22:55:00+00:00,2011-12-22 00:55:00+00:00,0.0,24000.0,"POLYGON ((-78.0791178326748 42.81948797876511, -77.96523925924728 42.65507486945167, -78.97734001572145 41.954056618574576, -79.09121858914897 42.11846972788802, -78.0791178326748 42.81948797876511))"
31E,2011-12-21 23:55:00+00:00,2011-12-22 01:55:00+00:00,0.0,38000.0,"POLYGON ((-85.60996286407487 29.424664082392617, -85.51895879512742 29.246567874024763, -87.61121993320828 28.177458775010557, -87.70222400215573 28.35555498337841, -85.60996286407487 29.424664082392617))"
32E,2011-12-21 23:55:00+00:00,2011-12-22 01:55:00+00:00,0.0,25000.0,"POLYGON ((-77.39828160096198 42.54115525356828, -76.10498693911258 41.46910784946981, -78.36952221985591 39.966162721945814, -79.77025391159773 40.82916515190545, -77.39828160096198 42.54115525356828))"
1E,2011-12-22 00:55:00+00:00,2011-12-22 02:55:00+00:00,0.0,36000.0,"POLYGON ((-84.82767041135254 29.569166641554737, -84.74989655524901 29.384908053405404, -87.61783503963024 28.174377585119817, -87.69560889573377 28.35863617326915, -84.82767041135254 29.569166641554737))"
2E,2011-12-22 00:55:00+00:00,2011-12-22 02:55:00+00:00,0.0,25000.0,"POLYGON ((-75.87868938755416 42.92426815158716, -75.06459147707587 41.59860104068886, -77.53034313629941 39.946163367663594, -79.03140516596264 40.256158630874985, -75.87868938755416 42.92426815158716))"
3E,2011-12-22 01:55:00+00:00,2011-12-22 03:55:00+00:00,0.0,25000.0,"POLYGON ((-75.85434380578747 42.544657047095825, -74.1434097114414 42.13466445952399, -76.5202888739819 39.85201902984981, -77.99 40.587262088527226, -75.85434380578747 42.544657047095825))"
OSCAR 1,2011-12-22 02:39:00+00:00,2011-12-22 06:40:00+00:00,,,"POLYGON ((-160 22, -158 21.3, -157 21, -156 21, -155.3 20, -155.3 19, -160.3 22, -160 22))"
4E,2011-12-22 02:55:00+00:00,2011-12-22 04:55:00+00:00,0.0,25000.0,"POLYGON ((-73.25638982827573 42.613955166638846, -74.5019269702488 40.47842451970745, -75.97419326037019 39.872233549643354, -73.09159531278331 42.50062923110943, -74.4576027422538 40.51423016502612, -76.05033931987259 40.05717077581011, -74.57807302975121 40.663361745874205, -74.62239725774621 40.62755610055554, -73.25638982827573 42.613955166638846))"
OSCAR 2,2011-12-22 02:57:00+00:00,2011-12-22 07:00:00+00:00,,,"POLYGON ((-160 22, -158 21.3, -157 21, -156 21, -155.3 20, -155.3 19, -160.3 22, -160 22))"
5E,2011-12-22 03:55:00+00:00,2011-12-22 05:55:00+00:00,0.0,25000.0,"POLYGON ((-71.44000731942744 42.32565560782663, -73.57243868874252 40.4218901950271, -75.03699108728186 39.72782171541519, -72.52627149479339 41.72411529700841, -73.53692123063195 40.45010787017322, -71.37034959578766 42.138178138414105, -72.56978551293037 41.69252471722297, -75.12264193097444 39.908553375549076, -73.6580895324351 40.60262185516099, -73.69360699054567 40.574404180014874, -72.68295725470712 41.848411606850064, -72.63944323657014 41.8800021866355, -71.44000731942744 42.32565560782663))"
1C,2011-12-22 04:55:00+00:00,2011-12-22 06:55:00+00:00,0.0,28000.0,"POLYGON ((-97.45608347022815 30.533684072068866, -96.64205478624446 30.0586646257856, -98.10921892872766 28.486585306557085, -99.42 28.478213734418357, -97.45608347022815 30.533684072068866))"
6E,2011-12-22 04:55:00+00:00,2011-12-22 06:55:00+00:00,0.0,25000.0,"POLYGON ((-71.28398644654894 42.474902454634574, -72.04500017379026 40.836160015900326, -73.72535720553049 39.73455693843146, -71.11245726806101 42.37205430964764, -72.01406186988768 40.86836655045753, -73.83500977621327 39.901818152532805, -72.15465274447304 41.00342123000167, -72.18559104837561 40.971214695444466, -71.28398644654894 42.474902454634574))"
2C,2011-12-22 05:55:00+00:00,2011-12-22 07:55:00+00:00,0.0,32000.0,"POLYGON ((-96.0808613819834 31.152843948094596, -96.23421810836545 29.63871484929557, -99.68577237666182 27.71502876939057, -99.26648289769064 28.931717304970032, -96.0808613819834 31.152843948094596))"
3C,2011-12-22 05:55:00+00:00,2011-12-22 07:55:00+00:00,0.0,28000.0,"POLYGON ((-92.27546003726658 31.720919548725604, -92.5 31.26, -95.49652079601978 29.652509198242285, -94.72 30.99363104426361, -92.27546003726658 31.720919548725604))"
7E,2011-12-22 05:55:00+00:00,2011-12-22 07:55:00+00:00,0.0,30000.0,"POLYGON ((-70.18580638994742 43.556550359277956, -69.13938692153971 42.974866959939575, -70.57482154239244 42.23191687312037, -71.30960681205401 42.59483841637948, -70.18580638994742 43.556550359277956))"
4C,2011-12-22 06:55:00+00:00,2011-12-22 08:55:00+00:00,0.0,38000.0,"POLYGON ((-91.81463492161699 32.05868429101709, -95.6352091444142 29.346526158659557, -99.05864037965829 28.248057168535688, -95.44040800762237 31.41266170720523, -91.81463492161699 32.05868429101709))"
OSCAR 3,2011-12-22 06:55:00+00:00,2011-12-22 11:00:00+00:00,,,"POLYGON ((-160 22, -158 21.3, -157 21, -156 21, -155.3 20, -155.3 19, -160.3 22, -160 22))"
5C,2011-12-22 07:55:00+00:00,2011-12-22 09:55:00+00:00,0.0,43000.0,"POLYGON ((-90.71796071470266 32.69981280437099, -96.23726722056638 28.913685398404944, -98.46 28.641786265581647, -94.03598478025765 32.30868235179021, -90.71796071470266 32.69981280437099))"
6C,2011-12-22 08:55:00+00:00,2011-12-22 10:55:00+00:00,0.0,40000.0,"POLYGON ((-89.8586818148663 33.10636494355029, -95.43065797514093 29.075486169836065, -98.2439503521684 28.603508537447617, -93.44492912534544 32.64213722871149, -89.8586818148663 33.10636494355029))"
7C,2011-12-22 09:55:00+00:00,2011-12-22 11:55:00+00:00,0.0,38000.0,"POLYGON ((-89.24937611576308 33.742472734514195, -94.79184510773136 28.751516302869167, -97.80279820275854 28.668048782176804, -92.81600536427975 33.10627199887428, -89.24937611576308 33.742472734514195))"
8C,2011-12-22 10:55:00+00:00,2011-12-22 12:55:00+00:00,0.0,45000.0,"POLYGON ((-88.42129263844629 34.388119793937186, -93.83507074762302 28.600959686264062, -94.14072206785194 28.89571439440994, -93.04672531707372 33.874443603693884, -88.42129263844629 34.388119793937186))"
9C,2011-12-22 10:55:00+00:00,2011-12-22 12:55:00+00:00,0.0,40000.0,"POLYGON ((-93.87950150019621 30.13775617624378, -94.14072206785194 28.89571439440994, -97.29550783166961 28.20733436218424, -97.12067642780897 29.463423173109778, -93.87950150019621 30.13775617624378))"
OSCAR 4,2011-12-22 10:55:00+00:00,2011-12-22 15:00:00+00:00,,,"POLYGON ((-160 22, -158 21.3, -157 21, -156 21, -155.3 20, -155.3 19, -160.3 22, -160 22))"
10C,2011-12-22 11:55:00+00:00,2011-12-22 13:55:00+00:00,0.0,40000.0,"POLYGON ((-91.80675309558623 34.55209759638482, -88.23561062577686 34.45306037257408, -92.34049849980377 30.13775617624378, -93.3023781088922 30.139859758042512, -91.80675309558623 34.55209759638482))"
11C,2011-12-22 11:55:00+00:00,2011-12-22 13:55:00+00:00,0.0,37000.0,"POLYGON ((-96.11810440074689 29.957772380150647, -93.76353843840683 28.75503802079858, -94.85175980454865 27.458138957558894, -97.06910828640608 28.757878939558193, -96.11810440074689 29.957772380150647))"
12C,2011-12-22 12:55:00+00:00,2011-12-22 14:55:00+00:00,0.0,43000.0,"POLYGON ((-90.9147676044338 34.6980786917871, -87.30287737258516 34.77352364554988, -91.83345496460608 30.01831048375877, -92.57782880204253 29.947926880086285, -90.9147676044338 34.6980786917871))"
13C,2011-12-22 12:55:00+00:00,2011-12-22 14:55:00+00:00,0.0,37000.0,"POLYGON ((-95.70436877194646 29.832192574955673, -93.61983769755517 29.063081009224742, -94.85175980454865 27.458138957558894, -96.31 28.094524177054435, -95.70436877194646 29.832192574955673))"
14C,2011-12-22 13:55:00+00:00,2011-12-22 15:55:00+00:00,0.0,40000.0,"POLYGON ((-90.16753871927507 34.95618907771466, -87.69238405205716 34.70983268657083, -89.39099227638076 32.3786215007424, -91.03881430639228 31.29765030211519, -91.47645738213365 33.454253637344074, -90.16753871927507 34.95618907771466))"
15C,2011-12-22 13:55:00+00:00,2011-12-22 15:55:00+00:00,0.0,36000.0,"POLYGON ((-95.35 29.793631044263606, -91.76557901850316 28.956745534503153, -93.11 27.64446566395412, -95.6648007378029 27.37512663884861, -96.04100374078246 28.99501483288552, -95.35 29.793631044263606))"
16C,2011-12-22 13:55:00+00:00,2011-12-22 15:55:00+00:00,0.0,25000.0,"POLYGON ((-91.23350878115083 31.296328646015013, -90.18561009717605 31.146273686415064, -90.62912294644406 29.36995977389581, -92.43385434104938 29.55006451683722, -91.23350878115083 31.296328646015013))"
OSCAR 5,2011-12-22 14:55:00+00:00,2011-12-22 19:00:00+00:00,,,"POLYGON ((-160 22, -158 21.3, -157 21, -156 21, -155.3 20, -155.3 19, -160.3 22, -160 22))"
17C,2011-12-22 14:55:00+00:00,2011-12-22 16:55:00+00:00,0.0,39000.0,"POLYGON ((-87.17787246999931 35.32442246262075, -88.52067243054887 32.61497343257922, -90.32151391159145 32.81731900705212, -90.40909410841927 34.666321994215245, -87.17787246999931 35.32442246262075))"
18C,2011-12-22 14:55:00+00:00,2011-12-22 16:55:00+00:00,0.0,34000.0,"POLYGON ((-94.64217123126268 29.703441750288487, -94.39425047683054 28.04616856105403, -95.11427998141316 27.695978643763755, -95.62092969575818 29.724441624178603, -94.64217123126268 29.703441750288487))"
19C,2011-12-22 14:55:00+00:00,2011-12-22 16:55:00+00:00,0.0,34000.0,"POLYGON ((-90.9814867603529 31.55265062430279, -90.26 31.3, -90.29545087551398 30.46449064253503, -91.62432564025598 29.17136827671067, -90.9814867603529 31.55265062430279))"
20C,2011-12-22 15:55:00+00:00,2011-12-22 17:55:00+00:00,0.0,38000.0,"POLYGON ((-87.14146963925457 35.11848049012054, -86.97620145780975 35.00584644463731, -88.49003592414303 32.78459381905683, -88.65530410558785 32.89722786454006, -87.14146963925457 35.11848049012054))"
21C,2011-12-22 15:55:00+00:00,2011-12-22 17:55:00+00:00,0.0,41000.0,"POLYGON ((-88.47063870932114 31.860271671130963, -89.90066421599894 31.479641618672996, -91.94002204493678 28.41058838697321, -89.65938938190345 32.12156980721501, -89.89021096743261 31.500165567319815, -88.53030882237012 31.669380399437568, -89.78296626167038 32.060944719542974, -92.10659919428899 28.521277380616183, -90.06724136535115 31.59033061231597, -90.07769461391749 31.56980666366915, -89.84687302838833 32.19121090356434, -89.7232961486214 32.251835991236376, -88.47063870932114 31.860271671130963))"
22C,2011-12-22 16:55:00+00:00,2011-12-22 18:55:00+00:00,0.0,35000.0,"POLYGON ((-86.85800214450487 35.34230817939741, -86.68064901524596 35.249864317826855, -87.62338941310506 33.44122113916129, -87.80074254236396 33.53366500073185, -86.85800214450487 35.34230817939741))"
23C,2011-12-22 16:55:00+00:00,2011-12-22 18:55:00+00:00,0.0,41000.0,"POLYGON ((-89.44300000993087 32.25324195810192, -88.89750177967676 30.91989264077524, -90.9029456318347 28.471762673224408, -91.67557902191953 28.59778243474089, -89.44300000993087 32.25324195810192))"
24C,2011-12-22 17:55:00+00:00,2011-12-22 19:55:00+00:00,0.0,41000.0,"POLYGON ((-87.32233033273488 33.316359252353806, -88.38515919365182 29.169075727715725, -90.40835229379195 30.202293638944663, -88.95129293037718 32.687319460929565, -87.32233033273488 33.316359252353806))"
25C,2011-12-22 18:55:00+00:00,2011-12-22 20:55:00+00:00,0.0,43000.0,"POLYGON ((-87.2699209908533 33.79678249590396, -86.73879068863818 32.57223192555957, -88.35044641608883 28.531968360228927, -90.46191404164996 28.410989377318607, -89.07714144595583 30.982695542251694, -87.2699209908533 33.79678249590396))"
26C,2011-12-22 19:55:00+00:00,2011-12-22 21:55:00+00:00,0.0,45000.0,"POLYGON ((-86.55870736155369 34.388119793937186, -85.91648283278316 33.63621495709895, -86.68 30.99636895573639, -89.16428373187601 28.35326538449789, -90.1 28.181786265581643, -86.55870736155369 34.388119793937186))"
27C,2011-12-22 20:55:00+00:00,2011-12-22 22:55:00+00:00,0.0,44000.0,"POLYGON ((-85.3817545276219 34.49866488673581, -85.95612571207658 32.34681221976655, -88.1766893803871 28.465932883794697, -89.73808595835003 28.410989377318607, -86.51403025039139 34.437925929927665, -85.3817545276219 34.49866488673581))"
JULIETT 1,2011-12-22 21:30:00+00:00,2011-12-23 01:30:00+00:00,0.0,38000.0,"POLYGON ((-90.10889005913877 26.808890059138772, -92.80889005913878 24.108890059138773, -93.19110994086122 24.49110994086123, -90.49110994086122 27.191109940861228, -90.10889005913877 26.808890059138772))"
8E,2011-12-22 21:55:00+00:00,2011-12-22 23:55:00+00:00,0.0,42000.0,"POLYGON ((-82.50799555535994 35.49919474902198, -86.68 29.16631044263607, -88.52442097808046 28.59778243474089, -85.15 34.96, -82.50799555535994 35.49919474902198))"
9E,2011-12-22 22:55:00+00:00,2011-12-23 00:55:00+00:00,0.0,40000.0,"POLYGON ((-84.64655310784002 35.642958140829585, -82.68316868290074 35.28234213405372, -86.68 28.833572531163288, -87.48760964470245 28.882623084753575, -84.64655310784002 35.642958140829585))"
10E,2011-12-22 23:55:00+00:00,2011-12-23 01:55:00+00:00,0.0,42000.0,"POLYGON ((-83.39148121550363 35.23949482593425, -84.5068893690273 32.220686701852216, -86.5956923799708 28.946162074435332, -83.20851878449636 35.1587189084841, -84.49971577355288 32.23407815559148, -86.76430762002921 29.05372089936402, -84.67550460908572 32.328245526780904, -84.68267820456015 32.31485407304164, -83.39148121550363 35.23949482593425))"
1E,2011-12-23 00:55:00+00:00,2011-12-23 02:55:00+00:00,0.0,40000.0,"POLYGON ((-82.59881929271398 35.54104028322868, -83.99154784337165 32.05250082565054, -86.60706646540672 29.26426376030828, -82.4171718180059 35.45734921481528, -83.9736576406109 32.07907092950802, -86.7529335345933 29.40109503643664, -84.13741491255823 32.1893321017789, -84.15530511531898 32.16276199792142, -82.59881929271398 35.54104028322868))"
2E,2011-12-23 01:55:00+00:00,2011-12-23 03:55:00+00:00,0.0,37000.0,"POLYGON ((-83.44022694034663 33.33588170564176, -83.66152510531472 32.06081903380051, -86.60718376404216 28.931401018700726, -83.25036219015414 33.27302172923117, -83.63940896617632 32.09792951379416, -86.75281623595785 29.068481955098626, -83.80715757723041 32.19789997019841, -83.82927371636882 32.160789490204756, -83.44022694034663 33.33588170564176))"
3E,2011-12-23 01:55:00+00:00,2011-12-23 03:55:00+00:00,0.0,30000.0,"POLYGON ((-81.36826535920305 36.182910744048996, -80.76177591468 35.253521070640126, -81.35891389929253 34.47443494496619, -82.65354641805096 35.61606083465945, -81.36826535920305 36.182910744048996))"
4E,2011-12-23 02:55:00+00:00,2011-12-23 04:55:00+00:00,0.0,35000.0,"POLYGON ((-83.41729697444941 32.14829621333193, -83.28162813671545 32.001347356691554, -86.61216558113303 28.926467058579487, -86.74783441886699 29.073415915219865, -83.41729697444941 32.14829621333193))"
5E,2011-12-23 03:55:00+00:00,2011-12-23 05:55:00+00:00,0.0,28000.0,"POLYGON ((-82.99499469241381 31.96431851098016, -82.85634227606796 31.820181397641992, -85.7615410257879 29.02553110054246, -85.90019344213376 29.169668213880627, -82.99499469241381 31.96431851098016))"
6E,2011-12-23 04:55:00+00:00,2011-12-23 06:55:00+00:00,0.0,25000.0,"POLYGON ((-74.86321523771913 39.81919445592741, -75.65749518948829 39.096859376614866, -76.98 39.6663689557364, -74.86321523771913 39.81919445592741))"
FOXTROT 1,2011-12-23 06:30:00+00:00,2011-12-23 10:30:00+00:00,0.0,45000.0,"POLYGON ((-131 12.3, -130.45 6.15, -139.45 7.3, -140 9.15, -131 12.3))"
FOXTROT 2,2011-12-23 10:30:00+00:00,2011-12-23 14:30:00+00:00,0.0,45000.0,"POLYGON ((-133.45 11.45, -131 6, -140 7.15, -140 10.3, -133.45 11.45))"
FOXTROT 3,2011-12-23 14:00:00+00:00,2011-12-23 18:00:00+00:00,0.0,46000.0,"POLYGON ((-140 10, -130 9, -130 6, -150 6, -150 9, -140 10))"
7E,2011-12-23 14:55:00+00:00,2011-12-23 16:55:00+00:00,0.0,35000.0,"POLYGON ((-72.5211816804447 36.28728805244691, -72.41472670531294 36.11797373447676, -75.39909411286295 34.24157744405344, -75.50554908799471 34.41089176202359, -72.5211816804447 36.28728805244691))"
GOLF 1,2011-12-23 15:30:00+00:00,2011-12-23 19:30:00+00:00,31000.0,41000.0,"POLYGON ((176 49, 170 47.3, -170 40, -170 45, 176 49))"
HOTEL 1,2011-12-23 15:30:00+00:00,2011-12-23 19:30:00+00:00,31000.0,41000.0,"POLYGON ((176 49, 170 47.3, -170 40, -170 45, 176 49))"
8E,2011-12-23 15:55:00+00:00,2011-12-23 17:55:00+00:00,0.0,33000.0,"POLYGON ((-72.52553279760174 36.284390934301854, -72.4103755881559 36.12087085262182, -75.96485694612016 33.61766665895364, -76.080014155566 33.78118674063367, -72.52553279760174 36.284390934301854))"
9E,2011-12-23 16:55:00+00:00,2011-12-23 18:55:00+00:00,0.0,33000.0,"POLYGON ((-71.91150010197364 36.2608178356893, -71.78858760758058 36.10304420442579, -73.97814620589374 34.397283192378374, -74.1010587002868 34.555056823641884, -71.91150010197364 36.2608178356893))"
10E,2011-12-23 17:55:00+00:00,2011-12-23 19:55:00+00:00,0.0,34000.0,"POLYGON ((-72.45460009740769 35.024690548513924, -72.40531360293686 34.830858555636645, -74.82357967368264 34.21595564123352, -74.87286616815348 34.4097876341108, -72.45460009740769 35.024690548513924))"
FOXTROT 4,2011-12-23 18:00:00+00:00,2011-12-23 22:00:00+00:00,0.0,46000.0,"POLYGON ((-129 10, -129 6, -145 6, -145 10, -129 10))"
HOTEL 2,2011-12-23 19:30:00+00:00,2011-12-23 23:30:00+00:00,31000.0,41000.0,"POLYGON ((-176 50, 176 49, -170 36, -166 40, -176 50))"
HOTEL 3,2011-12-23 23:30:00+00:00,2011-12-24 03:30:00+00:00,30000.0,40000.0,"POLYGON ((-178.6534861529413 49.8664618568828, -165.6534861529413 40.1664618568828, -166.94651384705872 38.4335381431172, -179.94651384705872 48.1335381431172, -178.6534861529413 49.8664618568828))"
HOTEL 4,2011-12-24 03:30:00+00:00,2011-12-24 07:30:00+00:00,30000.0,40000.0,"POLYGON ((-177.8729429722601 49.2931558784649, -167.8729429722601 44.993155878464904, -168.72705702773993 43.006844121535096, -178.72705702773993 47.30684412153509, -177.8729429722601 49.2931558784649))"
HOTEL 5,2011-12-24 07:15:00+00:00,2011-12-24 11:15:00+00:00,30000.0,40000.0,"POLYGON ((-176.6447349188294 49.405742382455195, -168.79473491882942 45.25574238245519, -169.8052650811706 43.344257617544805, -177.6552650811706 47.49425761754481, -176.6447349188294 49.405742382455195))"
KILO 1,2011-12-24 08:00:00+00:00,2011-12-24 12:00:00+00:00,0.0,40000.0,"POLYGON ((-57 39, -58 37.3, -66 37.15, -63.15 38.45, -57 39))"
HOTEL 6,2011-12-24 11:15:00+00:00,2011-12-24 15:15:00+00:00,30000.0,40000.0,"POLYGON ((-171.98823535802404 49.12750177457244, -163.83823535802406 45.277501774572436, -164.76176464197596 43.32249822542756, -172.91176464197594 47.17249822542756, -171.98823535802404 49.12750177457244))"
KILO 2,2011-12-24 11:30:00+00:00,2011-12-24 15:30:00+00:00,0.0,35000.0,"POLYGON ((-57 40.45, -58 38, -64.45 36.15, -63.45 37.3, -57 40.45))"
LIMA 1,2011-12-24 11:45:00+00:00,2011-12-24 15:45:00+00:00,0.0,40000.0,"POLYGON ((-43.15 28.3, -38.15 25.15, -38 23.45, -44.3 26.3, -43.15 28.3))"
HOTEL 7,2011-12-24 15:15:00+00:00,2011-12-24 19:15:00+00:00,31000.0,41000.0,"POLYGON ((-160 50, -154 46, -152 40, -158 40, -160 45, -170.3 50, -160 50))"
LIMA 2,2011-12-24 15:45:00+00:00,2011-12-24 19:45:00+00:00,0.0,46000.0,"POLYGON ((-42 30, -38 28, -38 25, -43 28, -42 30))"
HOTEL 8,2011-12-24 19:15:00+00:00,2011-12-24 23:15:00+00:00,31000.0,41000.0,"POLYGON ((-155 49, -148 45, -148 36, -154 36, -155 45, -160 49, -155 49))"
ALFA 1,2011-12-24 23:40:00+00:00,2011-12-25 03:40:00+00:00,30000.0,40000.0,"POLYGON ((-156.15 48.15, -147.45 46.3, -143.45 35.15, -152 37, -156.15 48.15))"
1C,2011-12-24 23:55:00+00:00,2011-12-25 01:55:00+00:00,0.0,30000.0,"POLYGON ((-95.64277059200786 28.17015933080258, -94.91416845680416 28.243499346776428, -95.52363788459166 27.066975541876868, -96.25349382147832 26.836164463035182, -95.64277059200786 28.17015933080258))"
1C,2011-12-25 00:55:00+00:00,2011-12-25 02:55:00+00:00,0.0,35000.0,"POLYGON ((-95.26184559306928 28.373957959668086, -94.74064956887278 28.177940597052682, -95.52363788459166 27.066975541876868, -96.05517668078056 27.383752517194043, -95.26184559306928 28.373957959668086))"
PAPA 1,2011-12-25 01:07:00+00:00,2011-12-25 05:10:00+00:00,0.0,55000.0,"POLYGON ((130 10, 132.3 9.3, 132 6.3, 130 6.3, 130 10))"
2C,2011-12-25 01:55:00+00:00,2011-12-25 03:55:00+00:00,0.0,37000.0,"POLYGON ((-95.2506436177768 27.832342280127392, -94.97791634504952 27.832342280127392, -94.97791634504952 27.55961500740012, -95.2506436177768 27.55961500740012, -95.2506436177768 27.832342280127392))"
3C,2011-12-25 02:55:00+00:00,2011-12-25 04:55:00+00:00,0.0,37000.0,"POLYGON ((-95.2506436177768 27.832342280127392, -94.97791634504952 27.832342280127392, -94.97791634504952 27.55961500740012, -95.2506436177768 27.55961500740012, -95.2506436177768 27.832342280127392))"
4C,2011-12-25 03:55:00+00:00,2011-12-25 05:55:00+00:00,0.0,37000.0,"POLYGON ((-95.11924124169497 27.713484133892344, -94.84651396896768 27.713484133892344, -94.84651396896768 27.44075686116507, -95.11924124169497 27.44075686116507, -95.11924124169497 27.713484133892344))"
5C,2011-12-25 04:55:00+00:00,2011-12-25 06:55:00+00:00,0.0,36000.0,"POLYGON ((-93.74246282047712 29.759235263548188, -93.56064463865893 29.759235263548188, -93.56064463865893 29.577417081730008, -93.74246282047712 29.577417081730008, -93.74246282047712 29.759235263548188))"
6C,2011-12-25 06:07:00+00:00,2011-12-25 07:55:00+00:00,0.0,30000.0,"POLYGON ((-93.38271522021104 30.374999415290123, -92.57576482033794 30.329918444256382, -92.57782880204253 29.947926880086285, -93.46501008777402 30.01218912597088, -93.38271522021104 30.374999415290123))"
7C,2011-12-25 06:55:00+00:00,2011-12-25 08:55:00+00:00,0.0,30000.0,"POLYGON ((-92.11075311608029 31.259413488542222, -91.29 31.155475822945565, -92.34049849980377 30.13775617624378, -93.18373499985685 30.29368427129665, -92.11075311608029 31.259413488542222))"
8C,2011-12-25 06:55:00+00:00,2011-12-25 08:55:00+00:00,0.0,35000.0,"POLYGON ((-93.69179473095363 28.909078579739848, -94.22136997788162 27.979957013594845, -94.39425047683054 28.04616856105403, -94.76920999790224 28.72908784338094, -93.69179473095363 28.909078579739848))"
9C,2011-12-25 07:55:00+00:00,2011-12-25 09:55:00+00:00,0.0,30000.0,"POLYGON ((-94.05769235839675 31.82990200716841, -93.40207839396585 31.57518423005951, -93.3960144136897 30.938557994968775, -94.36027863107654 31.28683335086115, -94.05769235839675 31.82990200716841))"
10C,2011-12-25 07:55:00+00:00,2011-12-25 09:55:00+00:00,0.0,27000.0,"POLYGON ((-91.91613269755433 31.258680358981128, -91.29 31.155475822945565, -91.82616132357963 30.67990317510534, -92.72235659455748 30.798693907059313, -91.91613269755433 31.258680358981128))"
11C,2011-12-25 07:55:00+00:00,2011-12-25 09:55:00+00:00,0.0,38000.0,"POLYGON ((-93.54766539449795 29.217044952265425, -93.97750880328364 28.292691090479412, -94.22136997788162 27.979957013594845, -94.27384345220017 29.0145032395411, -93.54766539449795 29.217044952265425))"
12C,2011-12-25 08:55:00+00:00,2011-12-25 10:55:00+00:00,0.0,35000.0,"POLYGON ((-93.11 29.47452417705443, -93.11 28.476310442636077, -93.97750880328364 28.292691090479412, -93.920422786106 29.431667532541404, -93.11 29.47452417705443))"
13C,2011-12-25 09:55:00+00:00,2011-12-25 11:55:00+00:00,0.0,35000.0,"POLYGON ((-92.81733287662304 29.524855935199767, -93.11 27.977203575426895, -93.87624627728695 27.846887203525146, -93.47527586187198 29.37097004870952, -92.81733287662304 29.524855935199767))"
14C,2011-12-25 22:55:00+00:00,2011-12-26 00:55:00+00:00,0.0,31000.0,"POLYGON ((-88.9013873459626 29.534951856123577, -88.62866007323532 29.534951856123577, -88.62866007323532 29.262224583396304, -88.9013873459626 29.262224583396304, -88.9013873459626 29.534951856123577))"
15C,2011-12-25 23:55:00+00:00,2011-12-26 01:55:00+00:00,0.0,32000.0,"POLYGON ((-87.43313348354273 30.00035978377637, -87.38700797736801 29.805751362375535, -89.37100284304996 29.335510831318825, -89.41712834922468 29.53011925271966, -87.43313348354273 30.00035978377637))"
1C,2011-12-26 00:55:00+00:00,2011-12-26 02:55:00+00:00,0.0,35000.0,"POLYGON ((-89.87005160837516 31.894824256398206, -89.87058799212693 31.29941256508346, -91.14176354515992 30.797325915705752, -90.95273161336281 31.88634538079279, -89.87005160837516 31.894824256398206))"
2C,2011-12-26 00:55:00+00:00,2011-12-26 02:55:00+00:00,0.0,37000.0,"POLYGON ((-87.20770989818138 29.852011326833235, -87.17891060392532 29.654095686596406, -89.3796659490093 29.33385722190083, -89.40846524326535 29.531772862137657, -87.20770989818138 29.852011326833235))"
3C,2011-12-26 01:55:00+00:00,2011-12-26 03:55:00+00:00,0.0,37000.0,"POLYGON ((-89.12234575076123 29.62857097120991, -86.68560070185237 29.76526034735293, -86.67439929814765 29.565574272337557, -89.11114434705651 29.42888489619454, -89.12234575076123 29.62857097120991))"
4C,2011-12-26 02:55:00+00:00,2011-12-26 04:55:00+00:00,0.0,37000.0,"POLYGON ((-88.72742467651932 29.960957988443386, -86.68 29.831786265581645, -86.68 29.33267939837246, -88.95672772293237 29.1751444707926, -88.72742467651932 29.960957988443386))"
5C,2011-12-26 03:55:00+00:00,2011-12-26 05:55:00+00:00,0.0,35000.0,"POLYGON ((-87.19331025105335 29.75305350671482, -87.48168175668143 29.136776832549774, -88.76619753622238 29.173391202068682, -88.36 29.565417309845248, -87.19331025105335 29.75305350671482))"
BRAVO 1,2011-12-26 04:15:00+00:00,2011-12-26 08:15:00+00:00,32000.0,42000.0,"POLYGON ((-135.3 19.45, -120 12.3, -120 6.3, -135.15 12.45, -135.3 19.45))"
6C,2011-12-26 04:55:00+00:00,2011-12-26 06:55:00+00:00,0.0,32000.0,"POLYGON ((-92.81915610002925 32.61702956179879, -92.21210515547267 32.55569554223341, -92.23221000476488 32.35670862046483, -92.83926094932146 32.41804264003021, -92.81915610002925 32.61702956179879))"
7C,2011-12-26 04:55:00+00:00,2011-12-26 06:55:00+00:00,0.0,37000.0,"POLYGON ((-91.30853387287587 31.087374336680103, -91.27146612712414 30.890839397738237, -92.48146612712414 30.662625663319893, -92.51853387287586 30.85916060226176, -91.30853387287587 31.087374336680103))"
8C,2011-12-26 05:55:00+00:00,2011-12-26 07:55:00+00:00,0.0,34000.0,"POLYGON ((-91.16246582494746 31.615179270412522, -90.74126348040569 30.959413833163502, -92.2776434054425 30.798693907059313, -91.16246582494746 31.615179270412522))"
1E,2011-12-26 06:55:00+00:00,2011-12-26 08:55:00+00:00,0.0,25000.0,"POLYGON ((-68.0047169897603 40.625487174662844, -68.9609888033428 39.27681015139469, -70.03 39.61631044263608, -68.9478400386136 40.45141312184642, -68.0047169897603 40.625487174662844))"
9C,2011-12-26 06:55:00+00:00,2011-12-26 08:55:00+00:00,0.0,36000.0,"POLYGON ((-91.07810425349042 32.18840309831207, -90.67149772023794 30.946421966718926, -91.9522425633339 30.788275573669935, -91.07810425349042 32.18840309831207))"
10C,2011-12-26 07:55:00+00:00,2011-12-26 09:55:00+00:00,0.0,35000.0,"POLYGON ((-91.07810425349042 32.18840309831207, -90.18561009717605 31.146273686415064, -91.9522425633339 30.788275573669935, -91.07810425349042 32.18840309831207))"
BRAVO 2,2011-12-26 08:00:00+00:00,2011-12-26 12:00:00+00:00,32000.0,42000.0,"POLYGON ((-132.2762764314064 22.480901353419984, -121.12627643140638 13.030901353419985, -122.87372356859362 10.969098646580015, -134.02372356859362 20.419098646580014, -132.2762764314064 22.480901353419984))"
2E,2011-12-26 08:24:00+00:00,2011-12-26 09:55:00+00:00,0.0,35000.0,"POLYGON ((-68.64357098989562 40.212842630177114, -67.60449092942521 40.49037446186185, -68.80199855429646 38.967778283311084, -69.0410103661272 39.43124456170233, -68.64357098989562 40.212842630177114))"
11C,2011-12-26 08:55:00+00:00,2011-12-26 10:55:00+00:00,0.0,30000.0,"POLYGON ((-93.81 31.938155221318038, -93.27848409309142 31.257653995815662, -94.5255816434585 31.159853947797075, -93.81 31.938155221318038))"
12C,2011-12-26 08:55:00+00:00,2011-12-26 10:55:00+00:00,0.0,35000.0,"POLYGON ((-90.81348562022814 31.769376365022016, -89.90071487498024 31.172166592318767, -92.2039996045506 30.644841158400308, -90.81348562022814 31.769376365022016))"
3E,2011-12-26 08:55:00+00:00,2011-12-26 10:55:00+00:00,0.0,25000.0,"POLYGON ((-68.64357098989562 40.212842630177114, -67.4049839720516 40.422301723563265, -67.59529795631192 39.37169576780594, -68.8813193150752 39.12232121281624, -68.64357098989562 40.212842630177114))"
4E,2011-12-26 09:55:00+00:00,2011-12-26 11:55:00+00:00,0.0,25000.0,"POLYGON ((-68.0047169897603 40.625487174662844, -67.20588139869567 40.353886757935626, -67.30044754029973 39.129660194324835, -68.80199855429646 38.967778283311084, -68.0047169897603 40.625487174662844))"
13C,2011-12-26 09:55:00+00:00,2011-12-26 11:55:00+00:00,0.0,35000.0,"POLYGON ((-90.81348562022814 31.769376365022016, -89.721436937724 31.107876246599915, -92.08867435558442 30.906422997902656, -90.81348562022814 31.769376365022016))"
14C,2011-12-26 10:55:00+00:00,2011-12-26 13:55:00+00:00,0.0,35000.0,"POLYGON ((-90.39534045014003 32.04868436836524, -89.28649121884918 31.296328646015013, -91.51271010417838 30.950925413285248, -90.39534045014003 32.04868436836524))"
15C,2011-12-26 11:55:00+00:00,2011-12-26 13:55:00+00:00,0.0,32000.0,"POLYGON ((-90.01951873677656 32.202500637666176, -89.0485046770977 31.316386786392243, -91.29 31.155475822945565, -90.01951873677656 32.202500637666176))"
16C,2011-12-26 12:55:00+00:00,2011-12-26 14:55:00+00:00,0.0,30000.0,"POLYGON ((-89.5259624784755 32.12325240796213, -89.35753417505256 31.615179270412522, -91.64720747567252 30.616846463044233, -91.209401029377 31.81142359848943, -89.5259624784755 32.12325240796213))"
5E,2011-12-26 12:55:00+00:00,2011-12-26 14:55:00+00:00,0.0,20000.0,"POLYGON ((-69.36468557608768 40.04842595582746, -68.64439000461954 38.65853257062535, -70.03 38.45172775248133, -70.8578767157531 39.73994761723672, -69.36468557608768 40.04842595582746))"
QUEBEC 1,2011-12-26 13:26:00+00:00,2011-12-26 17:30:00+00:00,,,"POLYGON ((-155.3 18.3, -147.4 18.1, -147.5 16, -155.3 15.4, -162.4 13.2, -162.4 17.3, -155.3 18.3))"
6E,2011-12-26 13:55:00+00:00,2011-12-26 15:55:00+00:00,0.0,20000.0,"POLYGON ((-69.28322151599643 39.89421515661165, -68.64439000461954 38.65853257062535, -70.03 38.28535879674494, -71.17713667859279 38.76239319143765, -69.28322151599643 39.89421515661165))"
7E,2011-12-26 14:55:00+00:00,2011-12-26 16:55:00+00:00,0.0,20000.0,"POLYGON ((-69.28322151599643 39.89421515661165, -67.15378242906115 39.00836505537713, -70.03 38.28535879674494, -70.03 38.78446566395412, -69.28322151599643 39.89421515661165))"
QUEBEC 2,2011-12-26 15:39:00+00:00,2011-12-26 19:35:00+00:00,0.0,29000.0,"POLYGON ((-155.3 18.3, -147.4 18.1, -147.5 16, -155.3 15.4, -162.4 13.2, -162.4 17.3, -155.3 18.3))"
8E,2011-12-26 15:55:00+00:00,2011-12-26 17:55:00+00:00,0.0,20000.0,"POLYGON ((-68.19116852601938 39.85350746690818, -67.15378242906115 39.00836505537713, -70.03 38.28535879674494, -70.03 38.78446566395412, -68.19116852601938 39.85350746690818))"
9E,2011-12-26 16:55:00+00:00,2011-12-26 18:55:00+00:00,0.0,20000.0,"POLYGON ((-67.8921964389949 39.61298209873834, -67.15378242906115 39.00836505537713, -70.03 38.28535879674494, -70.03 38.78446566395412, -67.8921964389949 39.61298209873834))"
17C,2011-12-26 17:55:00+00:00,2011-12-26 19:55:00+00:00,0.0,32000.0,"POLYGON ((-91.17659547659773 30.762158387581163, -90.6311409311432 30.762158387581163, -90.6311409311432 30.216703842126616, -91.17659547659773 30.216703842126616, -91.17659547659773 30.762158387581163))"
10E,2011-12-26 17:55:00+00:00,2011-12-26 19:55:00+00:00,0.0,20000.0,"POLYGON ((-66.80889025182304 40.21603622357932, -67.15378242906115 39.00836505537713, -68.64439000461954 38.65853257062535, -69.0410103661272 39.43124456170233, -66.80889025182304 40.21603622357932))"
18C,2011-12-26 18:55:00+00:00,2011-12-26 20:55:00+00:00,0.0,32000.0,"POLYGON ((-90.65257172100577 31.46445550459688, -90.01620808464214 31.46445550459688, -90.01620808464214 30.828091868233248, -90.65257172100577 30.828091868233248, -90.65257172100577 31.46445550459688))"
QUEBEC 3,2011-12-26 19:34:00+00:00,2011-12-26 23:35:00+00:00,0.0,29000.0,"POLYGON ((-155.4 18.45, -148.47 18.37, -148.43 15.41, -154.56 15.45, -160.38 15.07, -160.34 18.15, -155.4 18.45))"
19C,2011-12-26 19:55:00+00:00,2011-12-26 21:55:00+00:00,0.0,34000.0,"POLYGON ((-92.63191112654536 32.51861404163612, -91.16246582494746 31.615179270412522, -91.76557901850316 28.956745534503153, -92.79988211775628 31.8744716170871, -92.63191112654536 32.51861404163612))"
20C,2011-12-26 20:55:00+00:00,2011-12-26 22:55:00+00:00,0.0,31000.0,"POLYGON ((-92.63191112654536 32.51861404163612, -91.16246582494746 31.615179270412522, -91.76557901850316 28.956745534503153, -92.79988211775628 31.8744716170871, -92.63191112654536 32.51861404163612))"
21C,2011-12-26 21:55:00+00:00,2011-12-26 23:55:00+00:00,0.0,36000.0,"POLYGON ((-89.24937611576308 33.742472734514195, -88.35785766438907 33.18249722053309, -89.16452037914094 32.50680898743518, -89.8586818148663 33.10636494355029, -89.24937611576308 33.742472734514195))"
22C,2011-12-26 21:55:00+00:00,2011-12-26 23:55:00+00:00,0.0,36000.0,"POLYGON ((-90.74426054774699 33.01349023909415, -90.46376495429016 31.887333949397124, -91.1937525234549 29.298280190272592, -90.93774459132788 32.9628550252644, -90.6567544526257 31.889153462054903, -91.38624747654511 29.352554429417907, -90.65625990738036 31.94160818854244, -90.46327040904481 31.93978867588466, -90.74426054774699 33.01349023909415))"
24C,2011-12-26 23:08:00+00:00,2011-12-27 00:55:00+00:00,0.0,35000.0,"POLYGON ((-90.28 34.125475822945575, -89.22013185660191 34.076181336284826, -89.88116520859435 33.45936148209672, -90.28 34.125475822945575))"
23C,2011-12-26 23:08:00+00:00,2011-12-27 00:55:00+00:00,0.0,36000.0,"POLYGON ((-89.845416342417 32.89165529886362, -89.65427442975317 32.83279300853089, -90.71036344753075 29.403383896852883, -90.90150536019458 29.462246187185603, -89.845416342417 32.89165529886362))"
QUEBEC 4,2011-12-26 23:34:00+00:00,2011-12-27 03:35:00+00:00,0.0,29000.0,"POLYGON ((-155.4 18.45, -148.47 18.37, -148.43 15.41, -154.56 15.45, -160.38 15.07, -160.34 18.15, -155.4 18.45))"
25C,2011-12-26 23:55:00+00:00,2011-12-27 01:55:00+00:00,0.0,35000.0,"POLYGON ((-89.4576658892643 32.87135726011439, -89.26258030892372 32.82729348425287, -89.9024572098297 29.99433706780564, -90.0975427901703 30.038400843667155, -89.4576658892643 32.87135726011439))"
1C,2011-12-27 00:55:00+00:00,2011-12-27 02:55:00+00:00,0.0,37000.0,"POLYGON ((-88.68600405016383 33.65338994742106, -88.63418750773799 32.183842270842376, -89.63753600052617 30.042572195951262, -88.48694884149981 33.63397284403955, -88.62521183944453 32.216564213842, -89.81863987260327 30.12743318533202, -88.8152913798151 32.268703260223134, -88.82426704810855 32.23598131722351, -88.68600405016383 33.65338994742106))"
2C,2011-12-27 01:55:00+00:00,2011-12-27 03:55:00+00:00,0.0,36000.0,"POLYGON ((-88.1569971281348 34.258976063513956, -88.28685727096546 32.697032845845214, -89.04056857606174 30.692507846799703, -87.96139872006191 34.21724762286078, -88.28266002305584 32.71136342356081, -89.22777248831541 30.76289744288408, -88.47406118321912 32.76742244192958, -88.47825843112874 32.753091864213985, -88.1569971281348 34.258976063513956))"
3C,2011-12-27 02:55:00+00:00,2011-12-27 04:55:00+00:00,0.0,33000.0,"POLYGON ((-87.5888642155703 34.392290956737085, -87.3911357844297 34.362233220317364, -87.53769592385646 33.398118490188, -87.73542435499706 33.42817622660772, -87.5888642155703 34.392290956737085))"
4C,2011-12-27 02:55:00+00:00,2011-12-27 04:55:00+00:00,0.0,37000.0,"POLYGON ((-88.5221233897181 32.144413883393696, -87.91126960438054 31.651457958013992, -88.89537573403366 30.53790127796301, -89.54240207820213 31.043338094458317, -88.5221233897181 32.144413883393696))"
5C,2011-12-27 02:55:00+00:00,2011-12-27 04:55:00+00:00,0.0,40000.0,"POLYGON ((-87.79362192142455 29.435908511411952, -87.61180373960636 29.435908511411952, -87.61180373960636 29.254090329593772, -87.79362192142455 29.254090329593772, -87.79362192142455 29.435908511411952))"
QUEBEC 5,2011-12-27 03:34:00+00:00,2011-12-27 07:35:00+00:00,0.0,29000.0,"POLYGON ((-148.4 18.4, -148.4 15.5, -156 15.4, -164 14.5, -164.1 18, -155.5 18.4, -148.4 18.4))"
8C,2011-12-27 04:07:00+00:00,2011-12-27 05:55:00+00:00,0.0,33000.0,"POLYGON ((-87.32250202439945 32.625973091252376, -87.14068384258127 32.625973091252376, -87.14068384258127 32.44415490943419, -87.32250202439945 32.44415490943419, -87.32250202439945 32.625973091252376))"
6C,2011-12-27 04:07:00+00:00,2011-12-27 05:55:00+00:00,0.0,34000.0,"POLYGON ((-87.97065553335092 31.671438286774364, -87.82249822032324 30.91989264077524, -88.74708987921905 30.72942565123441, -88.8 31.714524177054425, -87.97065553335092 31.671438286774364))"
7C,2011-12-27 04:07:00+00:00,2011-12-27 05:55:00+00:00,0.0,40000.0,"POLYGON ((-86.68 30.164524177054425, -87.55323238541122 28.98261148211376, -87.6307966136423 29.190912175467794, -87.6798477891261 30.140023192072924, -86.68 30.164524177054425))"
9C,2011-12-27 04:55:00+00:00,2011-12-27 06:55:00+00:00,0.0,33000.0,"POLYGON ((-87.46234421062056 33.19816254181924, -86.47766966726513 33.31635925235381, -86.68 31.329106867209173, -88.06182023918656 31.3444788351749, -87.46234421062056 33.19816254181924))"
10C,2011-12-27 04:55:00+00:00,2011-12-27 06:55:00+00:00,0.0,40000.0,"POLYGON ((-85.9050243199111 30.827693507021543, -86.68 28.999941486899676, -87.6307966136423 29.190912175467794, -87.2612358328858 30.82870258450018, -85.9050243199111 30.827693507021543))"
1E,2011-12-27 05:55:00+00:00,2011-12-27 07:55:00+00:00,0.0,31000.0,"POLYGON ((-85.91648283278316 33.63621495709895, -85.62918498458123 31.629916575488494, -87.22523196645838 31.898439406737257, -86.9 33.67, -85.91648283278316 33.63621495709895))"
2E,2011-12-27 05:55:00+00:00,2011-12-27 07:55:00+00:00,0.0,40000.0,"POLYGON ((-86.68 30.83, -85.71128912687138 30.826396151860205, -85.87831824331859 29.136776832549774, -87.40991619648305 29.290904068838216, -86.68 30.83))"
3E,2011-12-27 06:55:00+00:00,2011-12-27 08:55:00+00:00,0.0,31000.0,"POLYGON ((-84.9950314518809 33.819760926903065, -84.19672664705433 32.49781391611565, -86.32 32.22, -86.34470870315192 33.85975904923094, -84.9950314518809 33.819760926903065))"
4E,2011-12-27 06:55:00+00:00,2011-12-27 08:55:00+00:00,0.0,40000.0,"POLYGON ((-85.42341662632886 30.777611824452634, -85.80676761458878 28.98261148211376, -86.68 29.33267939837246, -86.29250750522395 30.829423366698553, -85.42341662632886 30.777611824452634))"
QUEBEC 6,2011-12-27 07:35:00+00:00,2011-12-27 11:35:00+00:00,0.0,28000.0,"POLYGON ((-156 18.3, -149.3 18.3, -149.3 16, -156.3 15.3, -165.3 14.3, -166.3 17, -156 18.3))"
5E,2011-12-27 07:55:00+00:00,2011-12-27 09:55:00+00:00,0.0,30000.0,"POLYGON ((-85.67060163409563 33.97138494458704, -84.44 33.63, -83.65 32.69, -85.36901924384196 31.273458639239355, -85.67060163409563 33.97138494458704))"
6E,2011-12-27 07:55:00+00:00,2011-12-27 09:55:00+00:00,0.0,40000.0,"POLYGON ((-85.9050243199111 30.827693507021543, -84.92866041971038 30.39872461181551, -85.1483644234394 28.706818749071704, -86.68 28.833572531163288, -85.9050243199111 30.827693507021543))"
7E,2011-12-27 08:55:00+00:00,2011-12-27 10:55:00+00:00,0.0,30000.0,"POLYGON ((-84.44 34.29547582294557, -83.08790507105053 33.159310506872814, -84.06769580855455 32.336385581700746, -85.15 34.12815522131804, -84.44 34.29547582294557))"
8E,2011-12-27 08:55:00+00:00,2011-12-27 10:55:00+00:00,0.0,40000.0,"POLYGON ((-84.80862570022208 32.44326126147606, -84.647718547086 30.35204141979986, -85.57624646328179 28.626776114189045, -85.0079113373153 32.42637236428465, -84.83541829760262 30.390988708163565, -85.7523603272218 28.721559588107862, -84.823832411026 30.446824893718677, -84.63613266050939 30.407877605354972, -84.80862570022208 32.44326126147606))"
CHARLIE 1,2011-12-27 09:45:00+00:00,2011-12-27 13:45:00+00:00,0.0,50000.0,"POLYGON ((-122.45 16.3, -117.45 12.3, -118.15 11.45, -125.45 12, -122.45 16.3))"
9E,2011-12-27 09:55:00+00:00,2011-12-27 11:55:00+00:00,0.0,40000.0,"POLYGON ((-84.51504712996433 33.05852455938273, -84.25952390433503 30.357408027596456, -85.12916579080797 28.51006924344001, -84.71405684740463 33.03864662276108, -84.44950485872015 30.390061031689168, -85.31011798213791 28.595253188247096, -84.44047609566496 30.44259197240354, -84.25049514127984 30.40993896831083, -84.51504712996433 33.05852455938273))"
10E,2011-12-27 10:55:00+00:00,2011-12-27 12:55:00+00:00,0.0,38000.0,"POLYGON ((-83.65 32.69, -82.51 31.54, -83.89254467656914 27.4590305874276, -84.80660029301603 28.95177178152769, -83.65 32.69))"
QUEBEC 7,2011-12-27 11:35:00+00:00,2011-12-27 15:35:00+00:00,0.0,28000.0,"POLYGON ((-156 18.3, -149.3 18.3, -149.3 16, -165.3 14.3, -166.3 17, -156 18.3))"
11E,2011-12-27 11:55:00+00:00,2011-12-27 13:55:00+00:00,0.0,38000.0,"POLYGON ((-83.05936362150621 31.06826274073759, -81.99401368731547 29.61542223753737, -83.92864455277763 26.88389790060833, -84.5625264528548 27.89720728744805, -83.05936362150621 31.06826274073759))"
CHARLIE 2,2011-12-27 12:50:00+00:00,2011-12-27 16:50:00+00:00,0.0,47000.0,"POLYGON ((-122.45 19.3, -117.45 12.45, -118.3 11, -126.3 11.45, -122.45 19.3))"
DELTA 1,2011-12-27 15:10:00+00:00,2011-12-27 19:10:00+00:00,26000.0,39000.0,"POLYGON ((-172.3 37.3, 175.45 33.45, 177.45 31, -171.3 33.3, -167 33, -166.45 36.15, -172.3 37.3))"
QUEBEC 8,2011-12-27 15:35:00+00:00,2011-12-27 19:35:00+00:00,0.0,29000.0,"POLYGON ((-156 18.3, -148.3 18.3, -149 15.3, -163.3 14.3, -164 17.3, -156 18.3))"
ECHO 1,2011-12-27 16:35:00+00:00,2011-12-27 20:35:00+00:00,29000.0,42000.0,"POLYGON ((-143.15 43, -141.3 39.3, -147.15 35.45, -154 38.3, -152.3 42, -147.15 40.3, -143.15 43))"
CHARLIE 3,2011-12-27 16:40:00+00:00,2011-12-27 20:40:00+00:00,0.0,45000.0,"POLYGON ((-120 16.15, -120 11.45, -125.15 11.3, -125 14.45, -120 16.15))"
12E,2011-12-27 16:55:00+00:00,2011-12-27 18:55:00+00:00,0.0,32000.0,"POLYGON ((-79.43638200564061 34.8942982327681, -79.26302556589752 34.79456085361864, -80.60481084158732 32.462364837672425, -80.77816728133041 32.562102216821884, -79.43638200564061 34.8942982327681))"
13E,2011-12-27 17:55:00+00:00,2011-12-27 19:55:00+00:00,0.0,36000.0,"POLYGON ((-77.87 34.682737911472785, -77.12757501072767 34.093090724269146, -77.87 33.019048354108854, -78.61242498927234 34.093090724269146, -77.87 34.682737911472785))"
14E,2011-12-27 18:55:00+00:00,2011-12-27 20:55:00+00:00,0.0,36000.0,"POLYGON ((-77.15515849575623 34.38840752884683, -76.97278520450543 34.30631013157776, -77.95125362014976 32.13271497165855, -78.13362691140055 32.21481236892762, -77.15515849575623 34.38840752884683))"
DELTA 2,2011-12-27 18:55:00+00:00,2011-12-27 22:55:00+00:00,26000.0,42000.0,"POLYGON ((-162.45 41, -161.45 36.3, -173.15 33.15, -174.3 37, -162.45 41))"
QUEBEC 9,2011-12-27 19:34:00+00:00,2011-12-27 23:35:00+00:00,0.0,29000.0,"POLYGON ((-156 18.4, -148.3 18.1, -149.1 14.4, -157.2 15, -167.2 14.2, -167.4 17.4, -156 18.4))"
15E,2011-12-27 19:55:00+00:00,2011-12-27 21:55:00+00:00,0.0,36000.0,"POLYGON ((-76.74534941620801 34.39775492889125, -76.57662960724237 34.290360208059205, -77.95808036129233 32.12006630987706, -78.12680017025798 32.22746103070911, -76.74534941620801 34.39775492889125))"
ECHO 2,2011-12-27 20:25:00+00:00,2011-12-28 00:25:00+00:00,29000.0,40000.0,"POLYGON ((-154.3 44.15, -141.45 41.3, -145.15 37.3, -155 39.15, -154.3 44.15))"
CHARLIE 4,2011-12-27 20:30:00+00:00,2011-12-28 00:30:00+00:00,0.0,39000.0,"POLYGON ((-120.45 16.45, -120.45 12.3, -125 12.45, -124.3 16.15, -120.45 16.45))"
QUEBEC 10,2011-12-27 20:30:00+00:00,2011-12-28 01:30:00+00:00,0.0,26000.0,"POLYGON ((-156 18.4, -148.3 18.1, -149.1 14.4, -157.2 15, -167.2 13.5, -167.4 17.4, -156 18.4))"
16E,2011-12-27 20:55:00+00:00,2011-12-27 22:55:00+00:00,0.0,36000.0,"POLYGON ((-76.45951182733204 34.34191186779226, -75.8551517234846 34.333495027530304, -76.46471044237626 33.165535224984644, -77.87 32.353572531163294, -77.87 32.68631044263608, -76.45951182733204 34.34191186779226))"
17E,2011-12-27 21:55:00+00:00,2011-12-27 23:55:00+00:00,0.0,38000.0,"POLYGON ((-75.45596850153912 35.669609064995846, -73.91498722514666 35.4745690241172, -76.81696033297256 32.19359480289175, -77.87 32.51994148689968, -75.45596850153912 35.669609064995846))"
18E,2011-12-27 22:55:00+00:00,2011-12-28 00:55:00+00:00,0.0,38000.0,"POLYGON ((-74.7358270502701 36.2513194284173, -73.08616631909956 36.2201531071537, -75.10928185556631 33.36391611371047, -77.11256866433175 32.810607855650346, -74.7358270502701 36.2513194284173))"
19E,2011-12-27 23:55:00+00:00,2011-12-28 01:55:00+00:00,0.0,38000.0,"POLYGON ((-73.74419503776971 36.924955745526994, -72.46795419287882 36.20263089346184, -75.77634587804195 32.567473258060815, -77.18711036928703 32.96475210855679, -73.74419503776971 36.924955745526994))"
ECHO 3,2011-12-28 00:25:00+00:00,2011-12-28 04:25:00+00:00,2900.0,4000.0,"POLYGON ((-134 46, -132.3 40.3, -145 38, -149.3 44, -134 46))"
ECHO 4,2011-12-28 00:30:00+00:00,2011-12-28 04:30:00+00:00,29000.0,40000.0,"POLYGON ((-134 46, -132.3 40.3, -145 38, -149.3 44, -134 46))"
1E,2011-12-28 00:55:00+00:00,2011-12-28 02:55:00+00:00,0.0,37000.0,"POLYGON ((-73.74419503776971 36.924955745526994, -72.79933985502997 35.06616814957474, -77.7103738594001 30.868429992317218, -77.86242363578312 32.10709887104252, -73.74419503776971 36.924955745526994))"
QUEBEC 11,2011-12-28 01:34:00+00:00,2011-12-28 05:35:00+00:00,0.0,26000.0,"POLYGON ((-156 18.3, -149 18.2, -148.5 14.3, -157.3 14.4, -167.1 14, -167.3 17.4, -156 18.3))"
2E,2011-12-28 01:55:00+00:00,2011-12-28 03:55:00+00:00,0.0,37000.0,"POLYGON ((-72.72597914373145 37.434453762607674, -72.61449218536606 34.997111206835285, -77.17672267238457 30.38677481867236, -78.44146809343414 30.228466654828352, -72.72597914373145 37.434453762607674))"
MIKE 1,2011-12-28 02:40:00+00:00,2011-12-28 06:40:00+00:00,0.0,35000.0,"POLYGON ((-73.3 34.3, -73.3 33, -77 30, -77 32, -73.3 34.3))"
3E,2011-12-28 02:55:00+00:00,2011-12-28 04:55:00+00:00,0.0,36000.0,"POLYGON ((-72.72597914373145 37.434453762607674, -72.61449218536606 34.997111206835285, -76.05057862301025 32.80714986095124, -72.72597914373145 37.434453762607674))"
MIKE 2,2011-12-28 03:40:00+00:00,2011-12-28 07:40:00+00:00,0.0,36000.0,"POLYGON ((-70 37.3, -77 29.3, -77 32, -72.3 37.3, -70 37.3))"
MIKE 3,2011-12-28 04:40:00+00:00,2011-12-28 08:40:00+00:00,0.0,36000.0,"POLYGON ((-72 38, -69.3 37.3, -75.3 29, -77.3 30, -72 38))"
QUEBEC 12,2011-12-28 04:47:00+00:00,2011-12-28 08:45:00+00:00,0.0,26000.0,"POLYGON ((-154.3 18, -148.3 16.3, -149 14.3, -175 15, -174 17.3, -164 17.3, -154.3 18))"
QUEBEC 13,2011-12-28 08:28:00+00:00,2011-12-28 12:30:00+00:00,0.0,26000.0,"POLYGON ((-164.3 18, -148 17, -149 12, -165.3 15.3, -164.3 18))"
MIKE 4,2011-12-28 08:30:00+00:00,2011-12-28 12:30:00+00:00,0.0,40000.0,"POLYGON ((-65.15 38.45, -72.45 30.15, -75.3 30.15, -69.15 38.15, -65.15 38.45))"
QUEBEC 14,2011-12-28 11:45:00+00:00,2011-12-28 15:45:00+00:00,0.0,26000.0,"POLYGON ((-159.3 18, -144 16, -147 9.3, -161.3 14.3, -159.3 18))"
MIKE 5,2011-12-28 12:00:00+00:00,2011-12-28 16:00:00+00:00,0.0,40000.0,"POLYGON ((-64 39, -67.15 33, -70.3 33, -67.3 39, -64 39))"
QUEBEC 15,2011-12-28 15:38:00+00:00,2011-12-28 19:40:00+00:00,0.0,26000.0,"POLYGON ((-154.3 17, -141.3 16, -144 10, -156 14, -154.3 17))"
MIKE 6,2011-12-28 16:00:00+00:00,2011-12-28 20:00:00+00:00,0.0,40000.0,"POLYGON ((-65 40, -60 40, -65 32, -69 32, -65 40))"
QUEBEC 16,2011-12-28 19:40:00+00:00,2011-12-28 23:40:00+00:00,0.0,26000.0,"POLYGON ((-156.03 17.3, -144.26 16.11, -145.31 10.32, -157.26 14.25, -156.03 17.3))"
MIKE 7,2011-12-28 20:00:00+00:00,2011-12-29 00:00:00+00:00,0.0,36000.0,"POLYGON ((-58 44, -55 36.3, -64 33, -66 42, -58 44))"
QUEBEC 17,2011-12-28 20:02:00+00:00,2011-12-29 00:01:00+00:00,0.0,26000.0,"POLYGON ((-156.03 17.3, -144.26 16.11, -145.31 10.32, -157.26 14.25, -156.03 17.3))"
QUEBEC 18,2011-12-29 00:01:00+00:00,2011-12-29 04:01:00+00:00,0.0,26000.0,"POLYGON ((-156.03 17.3, -144.26 16.11, -145.31 10.32, -157.26 14.25, -156.03 17.3))"
FOXTROT 1,2011-12-29 00:20:00+00:00,2011-12-29 04:20:00+00:00,0.0,45000.0,"POLYGON ((-134.45 15.3, -129.3 15.3, -131.3 9.15, -136.3 11.3, -134.45 15.3))"
GOLF 1,2011-12-29 02:05:00+00:00,2011-12-29 06:05:00+00:00,30000.0,39000.0,"POLYGON ((-134.3 44.15, -131.45 39.3, -142.3 38, -146.3 41.15, -134.3 44.15))"
1W,2011-12-29 02:55:00+00:00,2011-12-29 04:55:00+00:00,0.0,30000.0,"POLYGON ((-125.30164248615544 42.59425139239095, -125.02891521342816 42.59425139239095, -125.02891521342816 42.321524119663685, -125.30164248615544 42.321524119663685, -125.30164248615544 42.59425139239095))"
QUEBEC 19,2011-12-29 03:20:00+00:00,2011-12-29 07:20:00+00:00,0.0,26000.0,"POLYGON ((-156.03 17.3, -144.26 16.11, -145.31 10.32, -157.26 14.25, -156.03 17.3))"
2W,2011-12-29 03:55:00+00:00,2011-12-29 05:55:00+00:00,0.0,30000.0,"POLYGON ((-124.3405184440785 42.53566470029375, -124.18622410788737 42.408411968223504, -125.09342867143259 41.30842359355748, -125.24772300762372 41.435676325627725, -124.3405184440785 42.53566470029375))"
ROMEO 1,2011-12-29 08:15:00+00:00,2011-12-29 12:15:00+00:00,0.0,26000.0,"POLYGON ((-155 17, -145 16, -145.3 11, -156.3 14.3, -155 17))"
ROMEO 2,2011-12-29 12:15:00+00:00,2011-12-29 16:15:00+00:00,0.0,28000.0,"POLYGON ((-150 17.3, -140 16, -140 9.3, -150.3 12, -150 17.3))"
HOTEL 1,2011-12-29 13:25:00+00:00,2011-12-29 17:25:00+00:00,0.0,45000.0,"POLYGON ((-133.15 16.3, -129.3 15.3, -130.15 12.15, -134.3 13.15, -133.15 16.3))"
ROMEO 3,2011-12-29 16:15:00+00:00,2011-12-29 20:15:00+00:00,0.0,28000.0,"POLYGON ((-148.3 17.3, -140 16.3, -140 10, -140 10, -149.3 12.3, -148.3 17.3))"
HOTEL 2,2011-12-29 17:00:00+00:00,2011-12-29 21:00:00+00:00,0.0,45000.0,"POLYGON ((-133.15 16.3, -129 15.3, -129.15 11.45, -134 13, -133.15 16.3))"
HOTEL 3,2011-12-29 19:55:00+00:00,2011-12-29 23:55:00+00:00,0.0,45000.0,"POLYGON ((-133.3 14.45, -128.3 14.15, -129.15 11.45, -134 13, -133.3 14.45))"
1C,2011-12-29 21:20:00+00:00,2011-12-29 22:55:00+00:00,0.0,28000.0,"POLYGON ((-101.36321924219577 41.23937735765839, -100.89911514931549 40.43487091095333, -102.30926712472159 40.15673884131869, -103.01262793713832 40.46728954722068, -101.36321924219577 41.23937735765839))"
2C,2011-12-29 21:55:00+00:00,2011-12-29 23:55:00+00:00,0.0,28000.0,"POLYGON ((-100.75 41.38273791147278, -99.96960645451982 40.66891277203669, -101.69 39.72273791147279, -102.52694119547269 40.158165569947, -100.75 41.38273791147278))"
3C,2011-12-29 22:55:00+00:00,2011-12-30 00:55:00+00:00,0.0,28000.0,"POLYGON ((-100.13678075780425 41.23937735765839, -98.85201995983138 40.456671218088836, -100.68811341142981 39.61202672807144, -101.69 39.88910686720918, -100.13678075780425 41.23937735765839))"
HOTEL 4,2011-12-29 23:50:00+00:00,2011-12-30 03:50:00+00:00,0.0,45000.0,"POLYGON ((-133.45 15, -127.15 14.45, -127.3 12, -134 12.15, -133.45 15))"
4C,2011-12-29 23:55:00+00:00,2011-12-30 01:55:00+00:00,0.0,27000.0,"POLYGON ((-98.41119795860111 40.79361153295319, -98.28880204139891 40.635436821155665, -100.01661150848068 39.29845430308522, -100.13900742568288 39.45662901488275, -98.41119795860111 40.79361153295319))"
ALFA 1,2011-12-30 00:55:00+00:00,2011-12-30 04:55:00+00:00,25000.0,39000.0,"POLYGON ((-138 43.45, -136 39.3, -145.15 35.45, -147.15 39.45, -138 43.45))"
ALFA 2,2011-12-30 04:40:00+00:00,2011-12-30 08:40:00+00:00,25000.0,39000.0,"POLYGON ((-135 44.45, -133 40.3, -141 37.15, -142.45 41.15, -135 44.45))"
ALFA 3,2011-12-30 08:40:00+00:00,2011-12-30 12:40:00+00:00,25000.0,39000.0,"POLYGON ((-132.3 43.3, -130.45 39.45, -138.45 35.45, -140.3 40, -132.3 43.3))"
BRAVO 1,2011-12-30 13:45:00+00:00,2011-12-30 17:45:00+00:00,0.0,40000.0,"POLYGON ((-140.15 18.45, -125.3 10, -128.45 6.15, -141.3 12, -140.15 18.45))"
ALFA 1,2011-12-30 14:00:00+00:00,2011-12-30 18:00:00+00:00,0.0,38000.0,"POLYGON ((-65.3 32.45, -63.3 30.45, -67.15 28.45, -68.15 29.3, -65.3 32.45))"
ALFA 2,2011-12-30 16:55:00+00:00,2011-12-30 20:55:00+00:00,0.0,38000.0,"POLYGON ((-61.45 34, -61 32, -65.15 29.45, -66.15 31.3, -61.45 34))"
BRAVO 2,2011-12-30 17:15:00+00:00,2011-12-30 21:15:00+00:00,0.0,42000.0,"POLYGON ((-140.3 18, -134.3 12.15, -125.3 9.3, -127 7.15, -136.3 9, -142.3 14.3, -140.3 18))"
BRAVO 3,2011-12-30 20:20:00+00:00,2011-12-31 00:20:00+00:00,0.0,45000.0,"POLYGON ((-136 14.45, -124.45 9, -127 6.45, -138.45 10.15, -136 14.45))"
CHARLIE 1,2011-12-30 20:30:00+00:00,2011-12-31 00:30:00+00:00,31000.0,41000.0,"POLYGON ((-136.3 44, -127 40.3, -128.45 35.3, -138.3 39.15, -136.3 44))"
1W,2011-12-30 22:55:00+00:00,2011-12-31 00:55:00+00:00,0.0,27000.0,"POLYGON ((-118.35078084163165 45.5797250293332, -118.21327952641117 45.434489399019434, -119.95215463464012 43.788215589561666, -120.0896559498606 43.93345121987543, -118.35078084163165 45.5797250293332))"
1E,2011-12-30 22:55:00+00:00,2011-12-31 00:55:00+00:00,0.0,22000.0,"POLYGON ((-82.71770835943647 40.085767639578776, -83.6719405231451 39.61024049304566, -83.72097566301727 39.55583907632924, -84.00514318912015 38.79777564522519, -83.58273633833859 39.43123598636215, -82.62850417462997 39.906763132895264, -83.8178687245693 38.72757397197451, -83.53370119846642 39.48563740307856, -82.71770835943647 40.085767639578776))"
2E,2011-12-30 23:55:00+00:00,2011-12-31 01:55:00+00:00,0.0,19000.0,"POLYGON ((-81.91910267271587 41.11685638408517, -81.91643520012356 40.266669000389925, -82.93323166330985 39.30798265630249, -82.1189098481515 41.10807614237842, -82.08493979196031 40.33503808674687, -83.07043367154772 39.45350107072313, -82.05363720836142 40.41218741481056, -81.88513261652467 40.343818328453615, -81.91910267271587 41.11685638408517))"
2W,2011-12-30 23:55:00+00:00,2011-12-31 01:55:00+00:00,0.0,29000.0,"POLYGON ((-116.06735916150886 44.90061032177302, -115.91915553299181 44.766313320710545, -117.53452484973816 42.98367043037864, -117.68272847825521 43.117967431441116, -116.06735916150886 44.90061032177302))"
1W,2011-12-31 00:55:00+00:00,2011-12-31 02:55:00+00:00,0.0,27000.0,"POLYGON ((-115.6471530008757 44.32990715877955, -115.69570903958781 43.60440526047708, -116.46858718970076 42.86250810186667, -115.45791815258113 44.26517561939626, -115.67034159877359 43.64418129425866, -116.60708715636689 43.00679170881312, -115.83420900625394 43.748688867423525, -115.85957644706816 43.708912833641946, -115.6471530008757 44.32990715877955))"
DELTA 1,2011-12-31 03:10:00+00:00,2011-12-31 07:10:00+00:00,0.0,48000.0,"POLYGON ((-127.3 10.3, -126 7, -135.3 6.45, -135.45 10, -127.3 10.3))"
2W,2011-12-31 03:55:00+00:00,2011-12-31 05:55:00+00:00,0.0,27000.0,"POLYGON ((-112.69406959120712 43.45887251281392, -113.32517818352956 43.14903574303887, -113.38016172361093 43.07299879664222, -113.46121450775534 42.48819961447215, -113.23703900111532 42.96950445182937, -112.60593040879289 43.27934122160442, -113.26310824517837 42.46074221605596, -113.18205546103395 43.04554139822603, -112.69406959120712 43.45887251281392))"
DELTA 2,2011-12-31 07:00:00+00:00,2011-12-31 11:00:00+00:00,0.0,50000.0,"POLYGON ((-132.3 10.15, -125.15 7.45, -127.45 5.45, -135.45 7.15, -132.3 10.15))"
1E,2011-12-31 09:55:00+00:00,2011-12-31 11:55:00+00:00,0.0,30000.0,"POLYGON ((-74.95070979090747 35.26910327643662, -74.81817116815517 35.11932506213652, -78.15645080313661 32.16528406725619, -78.2889894258889 32.31506228155629, -74.95070979090747 35.26910327643662))"
DELTA 3,2011-12-31 10:30:00+00:00,2011-12-31 14:30:00+00:00,0.0,50000.0,"POLYGON ((-117.3 8.45, -122 5.15, -130.3 5.15, -128.15 8, -117.3 8.45))"
2E,2011-12-31 10:55:00+00:00,2011-12-31 12:55:00+00:00,0.0,30000.0,"POLYGON ((-74.35663340832996 35.68240770535959, -74.22210519802896 35.53441391956704, -77.8027358948495 32.27957563826702, -77.9372641051505 32.42756942405957, -74.35663340832996 35.68240770535959))"
3E,2011-12-31 11:55:00+00:00,2011-12-31 13:55:00+00:00,0.0,32000.0,"POLYGON ((-74.66799231834908 35.029928088396666, -74.53438182614859 34.881105252870846, -77.80319475389976 31.94642320192759, -77.93680524610025 32.095246037453414, -74.66799231834908 35.029928088396666))"
4E,2011-12-31 12:55:00+00:00,2011-12-31 14:55:00+00:00,0.0,30000.0,"POLYGON ((-73.79506765296138 35.481628997510576, -73.66146197061487 35.33280184392387, -76.89745460134762 32.42777414516141, -77.03106028369413 32.576601298748116, -73.79506765296138 35.481628997510576))"
5E,2011-12-31 13:55:00+00:00,2011-12-31 15:55:00+00:00,0.0,38000.0,"POLYGON ((-69.52872534939021 40.35667505090926, -68.19116852601938 39.85350746690818, -75.50357647065483 32.32720439275515, -76.05057862301025 32.80714986095124, -69.52872534939021 40.35667505090926))"
DELTA 4,2011-12-31 14:30:00+00:00,2011-12-31 18:30:00+00:00,0.0,50000.0,"POLYGON ((-118 8, -120 5, -128 4, -128 8, -118 8))"
6E,2011-12-31 14:55:00+00:00,2011-12-31 16:55:00+00:00,0.0,35000.0,"POLYGON ((-68.60808196405806 40.825551519565714, -67.20588139869567 40.353886757935626, -73.34664915708028 33.87342468343201, -75.29134565535617 33.431553251189904, -68.60808196405806 40.825551519565714))"
8E,2011-12-31 16:18:00+00:00,2011-12-31 17:55:00+00:00,0.0,35000.0,"POLYGON ((-72.14694828295379 38.229778471995466, -71.97775767803924 38.12312698720199, -73.20770016520828 36.17196133941778, -73.37689077012283 36.27861282421125, -72.14694828295379 38.229778471995466))"
7E,2011-12-31 16:18:00+00:00,2011-12-31 17:55:00+00:00,0.0,35000.0,"POLYGON ((-68.20543552250395 40.692524107394135, -67.00718342785322 40.285131084847016, -73.20923797536753 33.752412249581845, -74.80643783799893 33.48536619789563, -68.20543552250395 40.692524107394135))"
ECHO 1,2011-12-31 16:35:00+00:00,2011-12-31 20:35:00+00:00,29000.0,39000.0,"POLYGON ((-170 44, -163 36, -175 32, -180 40, -170 44))"
9E,2011-12-31 16:55:00+00:00,2011-12-31 18:55:00+00:00,0.0,32000.0,"POLYGON ((-71.95356852565682 38.162241005913856, -71.7854541881377 38.05390094166931, -73.00210915034 36.16598307503143, -73.17022348785912 36.27432313927597, -71.95356852565682 38.162241005913856))"
10E,2011-12-31 16:55:00+00:00,2011-12-31 18:55:00+00:00,0.0,32000.0,"POLYGON ((-67.75615296355639 41.958096613856135, -67.20588139869567 40.353886757935626, -68.56609569777747 38.503830832121295, -70.03 38.78446566395412, -67.75615296355639 41.958096613856135))"
11E,2011-12-31 17:55:00+00:00,2011-12-31 19:55:00+00:00,0.0,30000.0,"POLYGON ((-71.09647631210652 38.517191843290256, -70.94266281902443 38.38935832129432, -72.8031584095883 36.15074890820508, -72.95697190267039 36.27858243020102, -71.09647631210652 38.517191843290256))"
DELTA 5,2011-12-31 18:30:00+00:00,2011-12-31 22:30:00+00:00,0.0,50000.0,"POLYGON ((-118 9, -120 4, -128 4, -128 9, -118 9))"
12E,2011-12-31 18:55:00+00:00,2011-12-31 20:55:00+00:00,0.0,30000.0,"POLYGON ((-70.03 40.614524177054435, -70.03 39.283572531163294, -71.41606548493714 39.22566893325331, -71.30783809175034 40.597229995310826, -70.03 40.614524177054435))"
BRAVO 1,2011-12-31 19:55:00+00:00,2011-12-31 23:55:00+00:00,0.0,40000.0,"POLYGON ((-64 42.3, -64 36.3, -67 36.3, -67 42, -64 42.3))"
ECHO 2,2011-12-31 20:35:00+00:00,2012-01-01 00:35:00+00:00,29000.0,39000.0,"POLYGON ((-165 45, -160 37, -170 34, -172 43, -165 45))"
BRAVO 2,2011-12-31 22:15:00+00:00,2012-01-01 02:15:00+00:00,0.0,43000.0,"POLYGON ((-62.15 42, -58.45 41.15, -62.3 36.45, -65.45 36, -62.15 42))"

